"Num_Acc";"jour";"mois";"an";"hrmn";"lum";"dep";"com";"agg";"int";"atm";"col";"adr";"lat";"long"
"202000001926";"2";"2";"2020";"01:35";"5";"62";"62160";"2";"1";"1";"7";"NATIONALE (Rue)";"50,7224700";"1,6060300"
"202000001927";"17";"10";"2020";"20:30";"5";"75";"75117";"2";"2";"1";"3";"AVENUE DE LA PORTE D ASNIERES";"48,8922700";"2,3010090"
"202000001928";"23";"8";"2020";"17:30";"1";"83";"83099";"2";"1";"1";"3";"Route Nationale 7";"43,4528720";"6,6914410"
"202000001929";"17";"10";"2020";"16:00";"1";"75";"75116";"2";"2";"1";"6";"RUE D AUTEUIL";"48,8479880";"2,2640940"
"202000001930";"3";"2";"2020";"18:49";"5";"59";"59588";"2";"1";"3";"6";"CHAPEAU ROUGE - ROUTE";"51,0275679";"2,4282441"
"202000001931";"25";"8";"2020";"18:25";"1";"05";"05070";"2";"4";"1";"1";"Avenue de Grenoble";"44,3168940";"5,8139830"
"202000001932";"16";"10";"2020";"10:15";"1";"75";"75116";"2";"1";"1";"3";"AVENUE DE VERSAILLES";"48,8385570";"2,2594790"
"202000001933";"3";"2";"2020";"18:17";"5";"59";"59183";"2";"3";"3";"1";"QUATRE ECLUSES - QUAI";"51,0297900";"2,3803300"
"202000001934";"25";"8";"2020";"08:00";"1";"13";"13109";"2";"2";"1";"3";"Avenue Paul Julien";"43,5110320";"5,4869570"
"202000001935";"24";"8";"2020";"09:20";"1";"70";"70310";"2";"1";"1";"3";"Route de Belfort";"47,6750220";"6,5188840"
"202000001936";"16";"10";"2020";"23:00";"5";"75";"75113";"2";"3";"1";"3";"RUE DE TOLBIAC";"48,8263410";"2,3614950"
"202000001937";"1";"2";"2020";"06:10";"5";"59";"59183";"2";"3";"8";"6";"MARDYCK - QUAI";"51,0289200";"2,3663300"
"202000001938";"17";"10";"2020";"11:50";"1";"75";"75112";"2";"2";"1";"3";"AVENUE DE LA PORTE DE CHARENTON";"48,8317040";"2,3978960"
"202000001939";"24";"8";"2020";"09:35";"1";"88";"88222";"1";"1";"1";"1";"PK 16+450 RD 420";"48,2476830";"6,6182430"
"202000001940";"24";"8";"2020";"17:20";"1";"74";"74136";"1";"1";"1";"7";"D4";"45,9786980";"6,4677500"
"202000001941";"16";"10";"2020";"21:30";"5";"75";"75108";"2";"2";"1";"7";"BOULEVARD MALESHERBES";"48,8794360";"2,3142650"
"202000001942";"2";"2";"2020";"14:30";"1";"56";"56083";"1";"1";"2";"6";"RN 165";"47,7881772";" -3,2804417"
"202000001943";"2";"2";"2020";"02:05";"5";"56";"56083";"2";"1";"3";"6";"JAURES ( AV. JEAN )";"47,8013856";" -3,2812725"
"202000001944";"16";"10";"2020";"22:45";"5";"75";"75107";"2";"3";"1";"3";"RUE DE SEVRES";"48,8460040";"2,3138170"
"202000001945";"24";"6";"2020";"15:30";"1";"73";"73179";"2";"3";"1";"3";"Residence Sainte Anne";"45,5975712";"5,8753155"
"202000001946";"1";"2";"2020";"18:35";"5";"56";"56083";"2";"2";"2";"3";"8 MAI 1945 ( AV. DU )";"47,8024300";" -3,2901300"
"202000001947";"24";"8";"2020";"19:00";"1";"07";"07341";"2";"6";"1";"7";"N/A";"44,5718520";"4,5107460"
"202000001948";"17";"10";"2020";"14:45";"1";"75";"75104";"2";"2";"1";"3";"RUE CRILLON";"48,8495180";"2,3656210"
"202000001949";"17";"10";"2020";"00:43";"5";"75";"75101";"2";"5";"1";"7";"RUE MONTMARTRE";"48,8647830";"2,3451330"
"202000001950";"31";"1";"2020";"20:33";"5";"54";"54431";"1";"3";"1";"1";"D952";"48,9129500";"6,0374940"
"202000001951";"20";"8";"2020";"14:10";"1";"17";"17161";"2";"1";"1";"3";"17 Rue Jean Henry Laine";"46,1864900";" -1,3217550"
"202000001952";"21";"8";"2020";"16:10";"1";"33";"33164";"1";"1";"1";"6";"D8";"44,5399300";" -0,2866200"
"202000001953";"17";"10";"2020";"12:10";"1";"94";"94081";"2";"1";"1";"3";"JEAN JAURES (AV)";"48,7941706";"2,4008874"
"202000001954";"3";"2";"2020";"18:15";"5";"54";"54184";"2";"1";"2";"6";"avenue Foch";"48,7051000";"6,2254000"
"202000001955";"16";"10";"2020";"19:20";"5";"94";"94058";"2";"4";"1";"1";"LAMARTINE (AV)";"48,8508160";"2,4970320"
"202000001956";"25";"8";"2020";"08:10";"2";"33";"33260";"1";"1";"1";"2";"Rue de la Gare";"44,4527760";" -0,9410480"
"202000001957";"3";"2";"2020";"13:05";"1";"54";"54395";"2";"3";"2";"2";"MAZAGRAN (RUE)";"48,6905992";"6,1755026"
"202000001958";"17";"10";"2020";"09:30";"1";"94";"94043";"2";"1";"8";"2";"FONTAINEBLEAU (AV DE)";"48,8149000";"2,3609000"
"202000001959";"31";"1";"2020";"22:30";"3";"54";"54382";"2";"2";"1";"3";"PINS (AVENUE DES)";"49,5365900";"5,7645300"
"202000001960";"16";"10";"2020";"20:00";"5";"94";"94041";"2";"1";"1";"1";"GEORGES GOSNAT (AV)";"48,8147600";"2,3907000"
"202000001961";"3";"2";"2020";"19:12";"3";"53";"53130";"2";"1";"1";"3";"ELAIN (BOULEVARD PIERRE)";"48,0843600";" -0,7885100"
"202000001962";"25";"8";"2020";"12:20";"1";"80";"80383";"1";"1";"1";"7";"autoroute A1 PK103+800";"49,7264700";"2,7802810"
"202000001963";"24";"8";"2020";"17:10";"1";"13";"13210";"1";"1";"1";"2";"A50-Sens Marseille vers Aubagne";"43,2845200";"5,4067000"
"202000001964";"3";"2";"2020";"18:20";"5";"51";"51172";"2";"1";"2";"1";"Rue de Picardie";"49,2238849";"4,0411897"
"202000001965";"17";"10";"2020";"19:41";"2";"94";"94022";"2";"2";"1";"3";"REPUBLIQUE (AV DE LA)";"48,7576100";"2,4100600"
"202000001966";"24";"8";"2020";"18:30";"1";"13";"13106";"1";"1";"1";"5";"A51-Sens Aix en Provence vers Marseille";"43,4065986";"5,3617090"
"202000001967";"17";"10";"2020";"17:50";"1";"94";"94022";"2";"1";"8";"6";"VICTOR HUGO (AV)";"48,7681500";"2,4181550"
"202000001968";"2";"2";"2020";"03:52";"3";"49";"49007";"2";"1";"2";"7";"ESTIENNE D'ORVES BOULEVARD";"47,4598800";" -0,5203400"
"202000001969";"17";"10";"2020";"21:45";"4";"94";"94081";"2";"1";"1";"1";"167 R GABRIEL PERI";"48,7920952";"2,4016047"
"202000001970";"20";"8";"2020";"18:35";"1";"13";"13005";"1";"1";"1";"4";"A50-Sens Aubagne vers Marseille";"43,2889659";"5,5600183"
"202000001971";"3";"2";"2020";"21:40";"3";"44";"44109";"2";"1";"2";"3";"Quai Malakoff";"47,2142600";" -1,5407100"
"202000001972";"17";"10";"2020";"20:10";"5";"93";"93064";"2";"1";"1";"6";"DE GAULLE (AV DU GENERAL) 58/49 - FIN";"48,8844900";"2,4738600"
"202000001973";"23";"8";"2020";"23:10";"3";"69";"69199";"1";"1";"1";"2";"A7 ";"45,6914800";"4,8452900"
"202000001974";"24";"8";"2020";"12:40";"1";"92";"92078";"1";"1";"1";"7";"AUTOROUTE A86";"48,9281100";"2,3327900"
"202000001975";"24";"8";"2020";"04:25";"3";"95";"95252";"1";"1";"1";"7";"A15";"48,9803000";"2,2263000"
"202000001976";"17";"10";"2020";"10:40";"1";"93";"93074";"2";"3";"1";"3";"R ALEXANDRE BOUCHER / D933";"48,9339000";"2,5666600"
"202000001977";"24";"8";"2020";"02:30";"3";"95";"95060";"1";"1";"1";"7";" A115";"49,0351529";"2,1963139"
"202000001978";"17";"10";"2020";"10:50";"1";"93";"93031";"2";"9";"1";"3";"REPUBLIQUE (AVENUE)";"48,9466600";"2,3442400"
"202000001979";"2";"2";"2020";"11:15";"1";"37";"37261";"2";"3";"1";"2";"WAGNER (BOULEVARD RICHARD)";"47,3768594";"0,7134019"
"202000001980";"17";"10";"2020";"18:15";"2";"93";"93029";"2";"1";"1";"6";"HENRI BARBUSSE (AVE) N°2-124";"48,9189400";"2,4495300"
"202000001981";"24";"8";"2020";"02:10";"4";"93";"93066";"1";"1";"1";"6";"AUTOROUTE A1";"48,9139100";"2,3577200"
"202000001982";"3";"2";"2020";"08:50";"1";"37";"37261";"2";"1";"2";"7";"MAGINOT (AV. ANDRE)";"47,4134312";"0,6864742"
"202000001983";"17";"10";"2020";"11:10";"1";"93";"93007";"2";"4";"1";"3";"HENRI BARBUSSE (AVENUE)";"48,9431558";"2,4658807"
"202000001984";"2";"2";"2020";"18:10";"3";"37";"37233";"2";"1";"2";"6";"Quai de la Loire";"47,3967257";"0,7249180"
"202000001985";"23";"8";"2020";"02:25";"3";"95";"95500";"1";"1";"1";"2";"AUTOROUTE A15";"49,0376200";"2,0902400"
"202000001986";"17";"10";"2020";"08:40";"1";"93";"93005";"2";"6";"1";"3";"GEORGES BRAQUE (BOULEVARD)";"48,9555909";"2,4800835"
"202000001987";"17";"10";"2020";"16:05";"1";"93";"93001";"2";"9";"1";" -1";"GAMBETTA (QUAI)";"48,9046107";"2,3787524"
"202000001988";"3";"2";"2020";"19:50";"5";"35";"35238";"2";"2";"3";"3";"TILLON (AVENUE CHARLES)";"48,1244900";" -1,7097600"
"202000001989";"23";"8";"2020";"19:30";"1";"69";"69383";"2";"3";"1";"3";"VOLTAIRE                            (R )";"45,7583700";"4,8486500"
"202000001990";"17";"10";"2020";"11:30";"1";"92";"92020";"2";"1";"1";"6";"PARIS AVENUE DE N° IMPAIRS";"48,8063654";"2,2924371"
"202000001991";"23";"8";"2020";"04:30";"3";"69";"69386";"2";"1";"1";"6";"BOSSUET                             (R )";"45,7679900";"4,8524581"
"202000001992";"3";"2";"2020";"09:30";"1";"35";"35051";"2";"3";"1";"3";"PARIS (RUE DE)";"48,1142490";" -1,6073720"
"202000001993";"17";"10";"2020";"12:10";"1";"92";"92019";"2";"9";"1";"3";"SALENGRO ROGER (AV)";"48,7691120";"2,2737240"
"202000001994";"3";"2";"2020";"13:10";"1";"34";"34172";"2";"2";"1";"3";"GIRAUD (AVENUE DU DOYEN GASTON)";"43,6343270";"3,8494060"
"202000001995";"17";"10";"2020";"20:15";"5";"92";"92012";"2";"6";"8";"3";"MARCEL SEMBAT (PLACE)";"48,8337900";"2,2435700"
"202000001996";"23";"8";"2020";"14:19";"1";"95";"95680";"2";"3";"1";"3";"PIERRE SEMARD (AVENUE)";"48,9996666";"2,4123359"
"202000001997";"4";"2";"2020";"02:06";"5";"33";"33063";"2";"1";"1";" -1";"Quai de Bacalan";"44,8579200";" -0,5585600"
"202000001998";"18";"10";"2020";"11:27";"1";"54";"54109";"1";"1";"1";"3";"D913";"48,5173932";"6,1556321"
"202000001999";"17";"10";"2020";"10:15";"1";"51";"51649";"2";"6";"1";"2";"Grande Rue de Vaux";"48,7286085";"4,5870305"
"202000002000";"3";"2";"2020";"15:50";"1";"33";"33192";"2";"3";"1";"3";"23 Cours du Général de Gaulle";"44,7863300";" -0,6051000"
"202000002001";"18";"10";"2020";"12:00";"1";"17";"17010";"2";"6";"1";"3";"8 Avenue de Chatelaillon";"46,1010900";" -1,0986396"
"202000002002";"23";"8";"2020";"04:00";"5";"91";"91589";"2";"1";"1";"6";"ECOLES (AVENUE DES)";"48,6891000";"2,3478700"
"202000002003";"3";"2";"2020";"06:30";"5";"33";"33039";"2";"1";"1";"3";"354 RTE DE TOULOUSE";"44,7979400";" -0,5688600"
"202000002004";"18";"10";"2020";"11:45";"1";"31";"31364";"2";"1";"1";"1";"1 Chemin du Tucol";"43,7217690";"1,4814000"
"202000002005";"18";"10";"2020";"12:49";"1";"12";"12027";"1";"1";"5";"6";"D920";"44,5214750";"2,7340290"
"202000002006";"23";"8";"2020";"16:05";"1";"91";"91286";"2";"9";"1";"6";"ROUTE NATIONALE 7";"48,6649820";"2,3983020"
"202000002007";"1";"2";"2020";"06:09";"3";"31";"31555";"1";"1";"2";"6";"VA007331 A620";"43,5723187";"1,4365611"
"202000002008";"23";"8";"2020";"03:25";"5";"71";"71153";"2";"1";"1";"6";"VERDUN (AVENUE DE)";"46,8001370";"4,4391835"
"202000002009";"18";"10";"2020";"12:45";"1";"974";"97414";"2";"1";"1";"7";"Rue de la Palissade";" -21,2825010";"55,4197440"
"202000002010";"31";"1";"2020";"23:55";"5";"31";"31555";"2";"1";"1";"3";"FITTE (ALL CHARLES DE) DU 39AU 109";"43,6005100";"1,4287600"
"202000002011";"18";"10";"2020";"03:40";"4";"38";"38239";"1";"1";"1";"7";"Route de Valence";"45,3240510";"5,5484710"
"202000002012";"17";"10";"2020";"16:45";"1";"30";"30117";"1";"1";"1";" -1";"Rue d'Arles";"43,6870070";"4,6056850"
"202000002013";"2";"2";"2020";"18:55";"3";"27";"27681";"1";"1";"2";"1";"IVRY (ROUTE D')";"49,0745000";"1,4747000"
"202000002014";"21";"8";"2020";"20:15";"1";"69";"69256";"2";"1";"1";"1";"MAURICE THOREZ                      (AV)";"45,7803194";"4,9141395"
"202000002015";"17";"10";"2020";"01:20";"3";"29";"29226";"1";"1";"1";"1";"D43 - Trefest Izella";"48,0491120";" -4,3919560"
"202000002016";"23";"8";"2020";"20:45";"1";"64";"64102";"2";"1";"1";"2";"CAMAYOU (AVENUE)";"43,5055059";" -1,4644155"
"202000002017";"17";"10";"2020";"19:00";"3";"57";"57738";"1";"1";"1";"7";"RD86";"49,1375160";"7,4658750"
"202000002018";"23";"8";"2020";"23:30";"3";"43";"43089";"1";"1";"1";"2";"RD 590";"45,0564175";"3,8407624"
"202000002019";"29";"1";"2020";"14:25";"1";"26";"26198";"2";"1";"1";"2";"28 Avenue John Fitzgerald Kennedy";"44,5550400";"4,7365600"
"202000002020";"1";"9";"2020";"10:00";"1";"51";"51662";"2";"3";"1";"2";"A34";"49,2811420";"4,1076356"
"202000002021";"3";"2";"2020";"07:24";"3";"25";"25056";"1";"1";"2";"6";"RN57 - Rocade MONTBOUCONS";"47,2635200";"6,0060500"
"202000002022";"20";"8";"2020";"21:30";"5";"42";"42103";"2";"3";"1";"3";"Rue Jean Jaurés";"45,5062200";"4,5708400"
"202000002023";"17";"10";"2020";"22:30";"5";"19";"19192";"2";"1";"1";" -1";"Avenue de la Souvigné";"45,1284710";"1,8915050"
"202000002024";"2";"2";"2020";"03:45";"5";"22";"22278";"2";"1";"2";"7";"BREST (DE)";"48,5130500";" -2,7684800"
"202000002025";"23";"8";"2020";"22:55";"3";"37";"37122";"2";"1";"1";"7";"N/A";"47,3681934";"0,6538319"
"202000002026";"17";"10";"2020";"08:50";"1";"76";"76504";"1";"2";"1";"3";"300 Route de Fontaine";"49,8081753";"0,7530765"
"202000002027";"23";"8";"2020";"16:40";"1";"37";"37261";"2";"1";"1";"6";"PAGES (ALLEE GASTON)";"47,4053318";"0,7041708"
"202000002028";"18";"10";"2020";"11:17";"1";"80";"80722";"1";"1";"1";"2";"D12";"49,9584260";"2,2259760"
"202000002029";"3";"2";"2020";"15:30";"1";"14";"14118";"2";"2";"2";"3";"JUIN (BOULEVARD MARECHAL)";"49,2112340";" -0,3628708"
"202000002030";"23";"8";"2020";"03:00";"5";"33";"33063";"2";"3";"1";"3";"QUAI DE LA GRAVE";"44,8349000";" -0,5634900"
"202000002031";"18";"10";"2020";"16:35";"1";"82";"82075";"2";"2";"1";"3";"Rue des Nauzes";"43,8335470";"1,2877150"
"202000002032";"3";"2";"2020";"09:30";"1";"13";"13209";"2";"1";"1";"2";"MICHELET (BOULEVARD)";"43,2615560";"5,3975790"
"202000002033";"18";"10";"2020";"18:20";"2";"63";"63372";"1";"2";"1";"3";"D224";"45,9076428";"3,3145351"
"202000002034";"23";"8";"2020";"21:10";"5";"33";"33009";"2";"1";"1";" -1";"159 Boulevard de la Plage";"44,6627300";" -1,1632600"
"202000002035";"4";"2";"2020";"01:00";"5";"13";"13001";"2";"1";"1";"6";"BELGES (AV DES)";"43,5252500";"5,4446600"
"202000002036";"18";"10";"2020";"17:25";"1";"61";"61464";"2";"1";"1";"6";"Rue d'Argentré";"48,6045910";"0,1740480"
"202000002037";"2";"2";"2020";"17:32";"1";"11";"11069";"2";"2";"1";"3";"VERNE JULES -AVENUE-";"43,2080000";"2,3300000"
"202000002038";"23";"8";"2020";"17:45";"1";"29";"29051";"1";"1";"1";"6";"D15 - Avenue de Coray";"48,0098800";" -4,0261000"
"202000002039";"18";"10";"2020";"16:15";"1";"12";"12131";"1";"1";"1";"6";"D581";"44,4170460";"2,6437570"
"202000002040";"18";"10";"2020";"17:00";"1";"41";"41036";"2";"1";"1";"7";"Rue des Genets";"47,6100580";"2,1675340"
"202000002041";"31";"1";"2020";"17:30";"1";"11";"11069";"2";"1";"1";"7";"RODIN AUGUSTE";"43,2143100";"2,3368200"
"202000002042";"23";"8";"2020";"18:00";"1";"15";"15012";"2";"1";"1";"6";"MILHAUD (AVENUE)";"44,9039700";"2,4555500"
"202000002043";"17";"10";"2020";"05:00";"3";"41";"41135";"2";"1";"1";"6";"52 Rue Marcel Bailly";"47,2686770";"1,8741140"
"202000002044";"30";"1";"2020";"13:33";"1";"10";"10297";"2";"3";"2";"6";"DANTON (RUE)";"48,3218000";"4,0992000"
"202000002045";"16";"10";"2020";"11:00";"1";"86";"86225";"1";"1";"1";"7";"Bonnaide";"46,8631250";"0,0838350"
"202000002046";"23";"8";"2020";"11:20";"1";"14";"14437";"1";"9";"1";" -1";"PERIPHERIQUE NORD (BOULEVARD)";"49,1710300";" -0,3047600"
"202000002047";"3";"2";"2020";"16:35";"1";"06";"06069";"1";"1";"1";"7";"PEGOMAS (ROUTE DE)";"43,6231620";"6,9262840"
"202000002048";"17";"10";"2020";"23:00";"3";"25";"25502";"2";"1";"1";"6";"Route de Salans";"47,1638890";"5,8173680"
"202000002049";"3";"2";"2020";"07:30";"2";"06";"06029";"2";"1";"1";"6";"REPUBLIQUE (BOULEVARD DE LA)";"43,5594400";"7,0208000"
"202000002050";"17";"10";"2020";"05:30";"5";"29";"29215";"2";"1";"1";"6";"Rue de Pont-l'Abbé";"47,9853830";" -4,4095580"
"202000002051";"23";"8";"2020";"23:15";"5";"13";"13213";"2";"1";"1";"2";"OLIVES (AVENUE DES)";"43,3264811";"5,4384524"
"202000002052";"3";"2";"2020";"17:10";"1";"06";"06123";"2";"1";"1";"2";"BORD DE MER RN 98";"43,6566900";"7,1788800"
"202000002053";"18";"10";"2020";"02:00";"3";"38";"38555";"1";"1";"1";"3";"Route de la Côte Saint André";"45,4620440";"5,1333950"
"202000002054";"23";"8";"2020";"12:50";"1";"13";"13214";"2";"1";"1";"6";"CLAUDE MONET (avenue)";"43,3240600";"5,3933700"
"202000002055";"3";"2";"2020";"09:45";"1";"06";"06027";"2";"1";"1";"6";"VERNE RUE JULES";"43,6603000";"7,1441000"
"202000002056";"18";"10";"2020";"16:30";"1";"38";"38560";"2";"1";"8";"1";"Place de la Guinguette";"45,4885400";"5,4738900"
"202000002057";"31";"1";"2020";"18:15";"5";"03";"03001";"2";"2";"1";"3";"Avenue de Vichy";"46,0998120";"3,4440826"
"202000002058";"17";"10";"2020";"00:45";"3";"03";"03083";"1";"2";"1";"7";"1 Route de Moulins";"46,3439553";"3,2863233"
"202000002059";"2";"2";"2020";"12:00";"1";"75";"75118";"2";"4";"2";"6";"ECHANGEUR CHAPELLE";"48,9010700";"2,3587500"
"202000002060";"17";"10";"2020";"20:00";"3";"70";"70045";"1";"1";"8";"1";"D29";"47,3163520";"5,7720280"
"202000002061";"3";"2";"2020";"11:15";"1";"75";"75118";"2";"7";"1";"6";"PLACE ALBERT KAHN";"48,8960390";"2,3462860"
"202000002062";"17";"10";"2020";"11:15";"1";"58";"58256";"1";"1";"1";"1";"D153";"47,3512680";"2,9920470"
"202000002063";"23";"8";"2020";"00:40";"5";"13";"13208";"2";"4";"1";"1";"pointe rouge (ave)";"43,2479280";"5,3749500"
"202000002064";"17";"10";"2020";"14:05";"1";"14";"14743";"1";"1";"1";"7";"D49";"49,1597130";" -0,0106220"
"202000002065";"2";"2";"2020";"19:20";"5";"75";"75117";"2";"1";"2";"2";"RUE DE COURCELLES";"48,8889940";"2,2933610"
"202000002066";"22";"8";"2020";"03:05";"5";"13";"13201";"2";"1";"1";"6";"RIVE NEUVE (QUAI DE)";"43,2935920";"5,3721450"
"202000002067";"18";"10";"2020";"17:00";"1";"10";"10080";"1";"1";"1";"7";"Route de Metz Robert";"48,0635540";"4,1292290"
"202000002068";"2";"2";"2020";"01:07";"5";"75";"75116";"2";"7";"2";"6";"PLACE DU MARECHAL DE LATTRE DE TASSIGNY";"48,8712920";"2,2742940"
"202000002069";"18";"10";"2020";"11:35";"1";"07";"07288";"1";"1";"1";"3";"D104";"44,7209720";"4,5351000"
"202000002070";"23";"8";"2020";"15:20";"1";"75";"75112";"2";"4";"1";"3";"ECHANGEUR BERCY";"48,8270420";"2,3919420"
"202000002071";"17";"10";"2020";"14:55";"1";"21";"21663";"2";"1";"1";"6";"8 Avenue de la Gare";"47,5427440";"4,4626970"
"202000002072";"23";"8";"2020";"18:15";"1";"75";"75106";"2";"1";"1";"6";"RUE DAUPHINE";"48,8545730";"2,3392010"
"202000002073";"3";"2";"2020";"14:35";"1";"75";"75115";"2";"1";"1";"6";"RUE OLIVIER DE SERRES";"48,8364750";"2,2976680"
"202000002074";"18";"10";"2020";"00:45";"1";"68";"68154";"2";"1";"2";"2";"Ile Napoleon";"47,7698350";"7,3879520"
"202000002075";"23";"8";"2020";"11:55";"1";"75";"75120";"2";"2";"1";"3";"RUE DES VIGNOLES";"48,8540530";"2,3999330"
"202000002076";"18";"10";"2020";"05:50";"2";"973";"97307";"1";"1";"1";"2";"N2";"4,8271977";" -52,3385686"
"202000002077";"2";"2";"2020";"22:35";"5";"75";"75115";"2";"2";"3";"2";"BOULEVARD LEFEBVRE";"48,8297350";"2,2956900"
"202000002078";"23";"8";"2020";"15:35";"1";"75";"75119";"2";"1";"1";"6";"AVENUE JEAN JAURES";"48,8886440";"2,3925520"
"202000002079";"18";"10";"2020";"04:10";"3";"988";"98805";"1";"1";"1";"1";"VE2 - Voie express";" -22,1746490";"166,4236450"
"202000002080";"23";"8";"2020";"12:30";"1";"75";"75119";"2";"3";"1";"3";"QUAI DE L OISE";"48,8894200";"2,3809410"
"202000002081";"3";"2";"2020";"10:05";"1";"75";"75113";"2";"1";"1";"3";"BOULEVARD DU GENERAL JEAN SIMON";"48,8270300";"2,3854700"
"202000002082";"18";"10";"2020";"08:25";"1";"34";"34336";"1";"1";"1";"2";"autoroute A9, Pk 162+160";"43,3227500";"3,2686700"
"202000002083";"3";"2";"2020";"00:25";"5";"75";"75112";"2";"1";"3";"2";"ECHANGEUR BERCY";"48,8276290";"2,3894710"
"202000002084";"22";"8";"2020";"11:44";"1";"75";"75113";"2";"2";"1";" -1";"AVENUE DE LA PORTE D ITALIE";"48,8180710";"2,3598610"
"202000002085";"12";"10";"2020";"01:00";"3";"17";"17438";"1";"1";"1";"3";"A10";"45,5591360";" -0,6023170"
"202000002086";"3";"2";"2020";"22:30";"5";"75";"75111";"2";"1";"3";"3";"BOULEVARD DE MENILMONTANT";"48,8635920";"2,3864560"
"202000002087";"23";"8";"2020";"15:40";"1";"75";"75112";"2";"3";"1";"3";"AVENUE DAUMESNIL";"48,8442300";"2,3816910"
"202000002088";"18";"10";"2020";"15:45";"1";"66";"66093";"1";"2";"1";"1";"D618";"42,5455716";"2,9332257"
"202000002089";"3";"2";"2020";"18:59";"5";"75";"75111";"2";"2";"1";"6";"BOULEVARD VOLTAIRE";"48,8597590";"2,3768600"
"202000002090";"16";"10";"2020";"19:00";"5";"84";"84092";"1";"1";"1";"6";"Route de Sorgues (rd 907)";"43,9751440";"4,8580280"
"202000002091";"23";"8";"2020";"21:33";"5";"75";"75107";"2";"2";"1";"3";"BOULEVARD SAINT GERMAIN";"48,8560690";"2,3258990"
"202000002092";"15";"10";"2020";"16:30";"1";"83";"83071";"2";"1";"1";"6";"Avenue Rouget de Lisle";"43,1360910";"6,2289420"
"202000002093";"3";"2";"2020";"09:30";"1";"75";"75111";"2";"1";"8";"3";"RUE FROMENT";"48,8569690";"2,3730050"
"202000002094";"23";"8";"2020";"21:00";"2";"75";"75102";"2";"2";"1";"7";"BOULEVARD DE BONNE NOUVELLE";"48,8706770";"2,3479180"
"202000002095";"18";"10";"2020";"12:30";"1";"83";"83063";"1";"1";"1";"6";"Boulevard de l'Esplanade";"43,3161150";"6,4706800"
"202000002096";"3";"2";"2020";"22:30";"5";"75";"75118";"2";"2";"3";"6";"AVENUE DE LA PORTE DE CLIGNANCOURT";"48,8980620";"2,3441300"
"202000002097";"17";"10";"2020";"22:30";"3";"21";"21564";"1";"1";"1";"6";"D996";"47,1266220";"5,0977210"
"202000002098";"23";"8";"2020";"16:20";"1";"94";"94081";"2";"3";"1";"3";"JULIAN GRIMAU (R)";"48,7790000";"2,3730000"
"202000002099";"3";"2";"2020";"15:10";"1";"75";"75110";"2";"7";"1";"6";"PLACE DU COLONEL FABIEN";"48,8778190";"2,3700130"
"202000002100";"18";"10";"2020";"17:45";"1";"42";"42147";"2";"1";"1";"6";"Rue Paul-deschanel";"45,6018520";"4,0787010"
"202000002101";"23";"8";"2020";"06:40";"2";"94";"94073";"1";"1";"1";"6";"VERSAILLES (AV DE)";"48,7552700";"2,3851500"
"202000002102";"16";"10";"2020";"16:50";"1";"01";"01049";"2";"2";"1";"6";"1029 Route Nationale";"45,8446050";"5,0346920"
"202000002103";"3";"2";"2020";"18:20";"5";"75";"75104";"2";"2";"1";"3";"RUE DES FRANCS BOURGEOIS";"48,8572490";"2,3617570"
"202000002104";"23";"8";"2020";"17:45";"1";"94";"94081";"2";"1";"1";"3";"CARRIERES (R DES)";"48,7994910";"2,3894680"
"202000002105";"2";"2";"2020";"14:40";"1";"94";"94041";"2";"2";"2";"6";"LENINE (R)";"48,8180400";"2,3978600"
"202000002106";"23";"8";"2020";"05:10";"5";"93";"93077";"2";"9";"1";"7";"NOISY (ROUTE DE)";"48,8831253";"2,4967197"
"202000002107";"17";"10";"2020";"18:05";"1";"01";"01313";"2";"6";"1";"3";"D35b";"46,2545410";"6,0806540"
"202000002108";"23";"8";"2020";"19:50";"1";"93";"93010";"2";"1";"1";"3";"BONDY (PONT)";"48,9051843";"2,4701270"
"202000002109";"17";"10";"2020";"16:30";"1";"17";"17452";"1";"1";"1";"7";"D25";"45,7626130";" -1,2155130"
"202000002110";"3";"2";"2020";"10:20";"1";"94";"94033";"2";"2";"1";" -1";"DAME BLANCHE (AV DE LA)";"48,8445100";"2,4508100"
"202000002111";"17";"10";"2020";"07:45";"3";"86";"86102";"1";"1";"1";"1";"N149";"46,6529530";"0,1223030"
"202000002112";"2";"2";"2020";"08:00";"2";"94";"94002";"2";"1";"2";"2";"JEAN BAPTISTE CLEMENT (QU)";"48,7981300";"2,4206900"
"202000002113";"23";"8";"2020";"07:57";"1";"93";"93057";"2";"1";"1";"2";"AV ARISTIDE BRIAND";"48,9097125";"2,5068168"
"202000002114";"2";"2";"2020";"22:35";"5";"93";"93071";"2";"3";"3";"6";"AV HENRI DUNANT / R GASTON LEVY";"48,9374379";"2,5222443"
"202000002115";"17";"10";"2020";"20:45";"5";"22";"22384";"2";"3";"1";"7";"5 Rue Paul Féval";"48,2851850";" -2,8340760"
"202000002116";"18";"10";"2020";"07:13";"2";"59";"59611";"2";"1";"2";"7";"Rue de Wambrechies";"50,6858280";"3,0049860"
"202000002117";"1";"2";"2020";"23:20";"5";"93";"93046";"2";"2";"2";"3";"BD ROBERT SCHUMANN / AV LUCIE AUBRAC";"48,9282500";"2,5493000"
"202000002118";"23";"8";"2020";"02:10";"5";"92";"92076";"2";"3";"1";"3";"REPUBLIQUE";"48,8369270";"2,1458450"