"Num_Acc";"jour";"mois";"an";"hrmn";"lum";"dep";"com";"agg";"int";"atm";"col";"adr";"lat";"long"
"202000002119";"3";"2";"2020";"02:41";"5";"93";"93066";"2";"6";"3";"7";"FRANCE ANATOLE ENTREE A86";"48,9225417";"2,3462689"
"202000002120";"23";"8";"2020";"21:44";"5";"47";"47069";"1";"1";"1";"6";"1076 Route d'Agen";"44,2192730";"0,5836270"
"202000002121";"23";"8";"2020";"18:15";"1";"01";"01085";"1";"2";"1";"3";"RD7";"46,0854920";"5,0257730"
"202000002122";"2";"2";"2020";"17:00";"1";"93";"93032";"2";"3";"2";"3";"ROGER SALENGRO  (AVENUE)";"48,8717651";"2,5665951"
"202000002123";"23";"8";"2020";"12:00";"1";"11";"11195";"1";"1";"1";"2";"A61 PK 292.500 SENS NARBONNE / TOULOUSE";"43,2683756";"2,0085239"
"202000002124";"2";"8";"2020";"19:00";"1";"76";"76054";"1";"1";"1";" -1";"CD149";"49,9016330";"1,3967950"
"202000002125";"24";"8";"2020";"15:45";"1";"28";"28409";"1";"1";"1";"6";"A11";"48,2767380";"1,1844640"
"202000002126";"2";"2";"2020";"12:10";"1";"92";"92063";"2";"3";"1";"2";"MARTIGNON (RUE)";"48,8861000";"2,1807730"
"202000002127";"23";"8";"2020";"20:20";"2";"83";"83073";"1";"1";"1";"6";"D97";"43,3824630";"6,3052790"
"202000002128";"23";"8";"2020";"19:00";"1";"51";"51063";"1";"1";"1";"7";"D1";"49,0880856";"3,7812351"
"202000002129";"2";"2";"2020";"22:00";"5";"92";"92002";"2";"3";"2";"6";"NATIONS  UNIES (RUE DES)";"48,7327040";"2,3031960"
"202000002130";"2";"2";"2020";"08:30";"1";"62";"62359";"1";"1";"2";"3";"D928";"50,4414360";"2,0775100"
"202000002131";"23";"8";"2020";"23:20";"3";"11";"11203";"1";"2";"1";" -1";"cd11";"43,2302580";"2,7955910"
"202000002132";"31";"1";"2020";"08:00";"1";"01";"01290";"1";"1";"8";"3";"D124";"45,8585750";"5,1993660"
"202000002133";"24";"8";"2020";"05:30";"2";"71";"71073";"1";"1";"1";"2";"Autoroute A6 - PK 320.900";"46,8769198";"4,8186529"
"202000002134";"3";"2";"2020";"20:30";"5";"01";"01290";"1";"6";"8";"3";"D22a";"45,8982820";"5,1858260"
"202000002135";"22";"8";"2020";"15:05";"1";"68";"68315";"1";"1";"1";"3";"D431";"47,8914560";"7,1127890"
"202000002136";"2";"2";"2020";"14:30";"1";"42";"42294";"1";"1";"1";"7";"Le Pont Maréchal";"46,0183490";"4,1027974"
"202000002137";"24";"8";"2020";"17:30";"1";"44";"44089";"1";"1";"1";"6";"Malville";"47,3395500";" -1,8207480"
"202000002138";"31";"1";"2020";"11:30";"1";"42";"42239";"2";"1";"1";"6";"Route du Ménard";"45,9640310";"3,9938660"
"202000002139";"23";"8";"2020";"22:05";"5";"50";"50393";"2";"6";"1";"1";"D999 - PERCY";"48,9111290";" -1,1954820"
"202000002140";"2";"2";"2020";"16:00";"1";"81";"81273";"1";"3";"1";"3";"N126";"43,5791780";"2,1479990"
"202000002141";"22";"8";"2020";"08:45";"1";"51";"51643";"1";"2";"1";"4";"34 Le Pont de Bois";"49,0088594";"3,9162530"
"202000002142";"4";"2";"2020";"17:25";"1";"974";"97422";"1";"1";"1";"6";"Rue du Paille En Queue";" -21,3047100";"55,5341470"
"202000002143";"23";"8";"2020";"23:00";"3";"56";"56020";"2";"1";"1";"6";"18 Rue Saint Gildas";"47,7776400";" -2,4415870"
"202000002144";"3";"2";"2020";"19:12";"3";"57";"57690";"1";"1";"2";"1";"D910a";"49,0884190";"6,6897890"
"202000002145";"3";"2";"2020";"03:20";"5";"51";"51389";"2";"1";"2";"7";"Rue du 11 Novembre 1918";"49,1318882";"4,3170353"
"202000002146";"24";"8";"2020";"10:20";"1";"56";"56205";"1";"1";"1";"1";"D780";"47,5572990";" -2,7136230"
"202000002147";"4";"2";"2020";"18:00";"3";"60";"60069";"1";"1";"8";"3";"route communale 4";"49,1416570";"2,9675960"
"202000002148";"12";"8";"2020";"12:00";"1";"74";"74258";"1";"1";"1";"7";"Route du Col de Joux Plane";"46,1262510";"6,7110160"
"202000002149";"23";"8";"2020";"18:45";"1";"79";"79188";"1";"1";"1";"3";"N/A";"46,6887580";" -0,6087650"
"202000002150";"3";"2";"2020";"15:50";"1";"66";"66189";"1";"3";"1";"3";"Chemin de Villeneuve de la Raho";"42,6534080";"2,9363830"
"202000002151";"25";"1";"2020";"09:20";"1";"51";"51374";"1";"4";"1";"3";"D45/D439";"48,7890008";"3,7833558"
"202000002152";"23";"8";"2020";"16:45";"1";"82";"82112";"1";"1";"1";"5";"Route de Laujol";"44,1485560";"1,1066580"
"202000002153";"24";"8";"2020";"19:15";"1";"69";"69066";"1";"1";"1";"2";"CD 308";"46,0610230";"4,3123480"
"202000002154";"4";"2";"2020";"10:05";"1";"51";"51339";"1";"1";"4";"1";"D2";"48,8755830";"4,4186440"
"202000002155";"23";"8";"2020";"09:30";"1";"69";"69209";"1";"1";"1";"3";"d10";"46,2353704";"4,4162128"
"202000002156";"4";"2";"2020";"13:10";"1";"56";"56078";"1";"6";"8";"3";"Z.A. Pen Mané (Arrêt de bus)";"47,8070260";" -3,4640350"
"202000002157";"24";"8";"2020";"05:30";"3";"32";"32233";"1";"1";"1";"6";"D3";"43,5339850";"0,1608040"
"202000002158";"24";"8";"2020";"17:00";"1";"71";"71351";"2";"1";"1";"2";"25 Route de Lons-le-saunier";"46,8798260";"5,2694680"
"202000002159";"4";"2";"2020";"09:15";"1";"77";"77032";"1";"1";"2";"1";"N4";"48,7011330";"3,2550110"
"202000002160";"23";"8";"2020";"16:30";"1";"47";"47203";"1";"1";"1";"1";"D103";"44,3873700";"0,8065030"
"202000002161";"2";"2";"2020";"11:55";"1";"31";"31351";"1";"1";"1";"3";"Route de Mondonville";"43,6771990";"1,3064070"
"202000002162";"23";"8";"2020";"16:53";"1";"22";"22194";"2";"1";"1";"3";"rue des Écoles";"48,6517540";" -3,6319620"
"202000002163";"4";"2";"2020";"07:15";"2";"82";"82044";"1";"1";"1";"6";"1309 Route de Reynies";"43,9323240";"1,3815790"
"202000002164";"22";"8";"2020";"15:15";"1";"29";"29160";"1";"1";"1";"7";"Lieu-dit Kerhuel";"48,4838380";" -4,4109620"
"202000002165";"4";"2";"2020";"09:00";"1";"71";"71187";"1";"1";"2";"4";"N80";"46,7493370";"4,5053650"
"202000002166";"24";"8";"2020";"11:30";"1";"15";"15051";"1";"1";"1";"6";"rd04";"44,9828720";"3,2899654"
"202000002167";"3";"2";"2020";"23:30";"3";"61";"61486";"1";"1";"2";"6";"La Cocquetiere";"48,7458370";" -0,7199620"
"202000002168";"23";"8";"2020";"19:30";"1";"72";"72189";"1";"1";"1";"6";"24 Rue de Bellevue";"48,2507630";"0,3115810"
"202000002169";"4";"2";"2020";"16:35";"1";"29";"29293";"2";"1";"1";"6";"route de Nevez";"47,8534782";" -3,8432279"
"202000002170";"24";"6";"2020";"23:30";"3";"50";"50072";"1";"3";"1";"3";"Route du Village Quintaine";"49,0838380";" -1,4811100"
"202000002171";"3";"2";"2020";"20:00";"3";"29";"29160";"1";"1";"2";"7";"Lieu-dit Kergoat";"48,4734421";" -4,4825168"
"202000002172";"24";"7";"2020";"19:00";"1";"45";"45182";"1";"1";"1";"6";"1795 Route de la Crimée";"47,7082740";"1,7721620"
"202000002173";"22";"1";"2020";"07:40";"1";"38";"38229";"2";"1";"1";"7";"Allée de la Piat";"45,2109400";"5,7776600"
"202000002174";"24";"8";"2020";"17:15";"1";"73";"73128";"1";"1";"1";" -1";"D1201 Route de l'Albanais";"45,7152410";"5,9173820"
"202000002175";"3";"2";"2020";"18:15";"5";"02";"02173";"2";"6";"3";"3";"94 Rue Anciens Combattants Afn Tom";"49,6278920";"3,2363100"
"202000002176";"23";"8";"2020";"07:45";"1";"18";"18052";"2";"1";"1";"6";"Rue Nationale";"46,7311880";"2,6380850"
"202000002177";"12";"8";"2020";"17:10";"1";"43";"43224";"1";"6";"1";"3";"Lieu Dit la Guide";"45,2566920";"4,2451970"
"202000002178";"3";"2";"2020";"12:55";"1";"70";"70117";"1";"3";"3";"3";"D619";"47,6458929";"6,7798490"
"202000002179";"23";"8";"2020";"17:05";"1";"53";"53051";"1";"1";"1";"7";"N12";"48,3516360";" -0,5007310"
"202000002180";"3";"2";"2020";"05:15";"5";"70";"70011";"2";"1";"3";"1";"38 Route des 3 Fontaines";"47,8368430";"6,4897870"
"202000002181";"23";"8";"2020";"15:00";"1";"53";"53029";"1";"1";"1";"6";"La Potterie";"47,7784580";" -0,5795610"
"202000002182";"2";"2";"2020";"22:30";"5";"70";"70297";"2";"3";"2";"1";"D5";"47,6267310";"5,6300640"
"202000002183";"6";"8";"2020";"12:55";"1";"40";"40231";"2";"3";"1";"2";"2325 route de BAYONNE";"43,5644600";" -1,1805210"
"202000002184";"4";"2";"2020";"07:15";"2";"72";"72291";"1";"1";"2";"3";"Le Point du Jour";"47,7637050";"0,0171980"
"202000002185";"18";"8";"2020";"18:25";"1";"24";"24015";"1";"1";"7";"7";"Route de Proumeyssac";"44,8851200";"0,9436010"
"202000002186";"19";"8";"2020";"14:30";"1";"37";"37047";"2";"1";"1";"1";"9 Rue de la Choisille";"47,4957932";"0,6972541"
"202000002187";"22";"8";"2020";"12:20";"1";"30";"30083";"2";"1";"1";"3";"N113";"43,7270260";"4,2193400"
"202000002188";"4";"2";"2020";"11:30";"1";"60";"60037";"1";"1";"1";" -1";"rd 1032";"49,5832541";"3,0751156"
"202000002189";"21";"8";"2020";"21:50";"3";"30";"30181";"1";"1";"1";"6";"cd6110";"43,8973360";"4,1019990"
"202000002190";"3";"2";"2020";"21:53";"5";"60";"60477";"2";"1";"3";"2";"Route du Pont Qui Penche";"49,4186791";"1,9468117"
"202000002191";"23";"8";"2020";"01:10";"5";"08";"08385";"2";"3";"1";"1";"Rue des Genets";"49,7638460";"4,7698660"
"202000002192";"3";"2";"2020";"21:25";"3";"16";"16328";"1";"1";"1";"1";"Chez Mestraud (Saint-Laurent-de-Belzagot)";"45,3806958";"0,1157945"
"202000002193";"18";"8";"2020";"16:40";"1";"31";"31184";"1";"2";"1";" -1";"24 Chemin Lalie Cisarol";"43,5852560";"1,5692210"
"202000002194";"3";"2";"2020";"16:50";"1";"40";"40157";"1";"1";"1";"1";"Route des Lacs";"43,9817910";" -1,2780830"
"202000002195";"22";"8";"2020";"03:36";"3";"67";"67049";"2";"9";"1";"6";"Rue du Lavoir";"48,5036754";"7,6079813"
"202000002196";"4";"2";"2020";"17:30";"1";"85";"85160";"1";"1";"1";"6";"La Domangère";"46,6168400";" -1,4117900"
"202000002197";"24";"8";"2020";"18:35";"1";"03";"03277";"1";"1";"1";"2";"A71";"46,2801157";"3,0503509"
"202000002198";"24";"8";"2020";"17:10";"1";"42";"42256";"1";"4";"1";"6";"Route de l'Hospitalet";"45,4801480";"4,1903990"
"202000002199";"2";"2";"2020";"18:45";"3";"13";"13082";"1";"1";"8";"7";"quartier Coustières";"43,6442740";"5,3192280"
"202000002200";"24";"8";"2020";"11:14";"1";"57";"57333";"1";"1";"1";"2";"Hommarting";"48,7496460";"7,1411990"
"202000002201";"4";"2";"2020";"11:40";"1";"38";"38454";"2";"2";"1";"3";"Route d'Izeron";"45,1536310";"5,3346800"
"202000002202";"4";"2";"2020";"09:00";"1";"33";"33122";"1";"3";"1";"1";"Chemin de la Croix d'Hins";"44,7324780";" -0,7251350"
"202000002203";"23";"8";"2020";"09:17";"1";"987";"98725";"1";"1";"1";"5";"Ahonu";" -17,5625910";" -149,4760510"
"202000002204";"3";"2";"2020";"18:45";"3";"13";"13065";"1";"1";"1";"2";"D17";"43,6837750";"4,8909380"
"202000002205";"22";"8";"2020";"22:45";"5";"987";"98712";"2";"6";"1";"6";"RT 2";" -17,5249640";" -149,5266080"
"202000002206";"4";"2";"2020";"09:00";"1";"13";"13058";"1";"3";"1";"3";"D17";"43,7124100";"4,8165180"
"202000002207";"23";"8";"2020";"09:00";"1";"988";"98830";"1";"1";"2";"7";"RPN2";" -20,9073300";"165,1147000"
"202000002208";"4";"2";"2020";"10:25";"1";"17";"17264";"2";"1";"1";"6";"6 avenue de la rochelle";"46,2034840";" -1,1605060"
"202000002209";"4";"2";"2020";"01:50";"3";"95";"95604";"2";"1";"1";"6";"D1017";"49,1173497";"2,5329548"
"202000002210";"22";"8";"2020";"17:00";"1";"973";"97311";"1";"1";"1";"5";"Route Apatou";"5,4032170";" -54,0623470"
"202000002211";"4";"2";"2020";"10:00";"1";"38";"38053";"1";"1";"7";"2";"A43";"45,5973400";"5,2774400"
"202000002212";"23";"8";"2020";"19:20";"5";"973";"97304";"2";"1";"1";"1";"Avenue de Pariacabo";"5,1558720";" -52,6596590"
"202000002213";"4";"2";"2020";"06:15";"5";"84";"84054";"2";"6";"1";"3";"Rond point de villevieille";"43,9218400";"5,0478780"
"202000002214";"4";"2";"2020";"06:23";"2";"38";"38455";"1";"1";"8";"1";"Route de Saint Romain de Joliénas";"45,6460700";"5,3019700"
"202000002215";"24";"8";"2020";"06:30";"1";"971";"97116";"2";"3";"1";"1";"N5";"16,3221470";" -61,4183060"
"202000002216";"4";"2";"2020";"07:45";"2";"81";"81140";"2";"1";"2";"6";"Avenue du Pont Saint Roch";"43,7015210";"1,8223090"
"202000002217";"22";"8";"2020";"04:00";"5";"971";"97117";"1";"1";"3";"6";"Route de Saint Protais";"16,2873270";" -61,4191480"
"202000002218";"3";"2";"2020";"18:45";"5";"33";"33165";"2";"3";"1";"2";"8 Avenue de Lignan";"44,8229010";" -0,4445820"
"202000002219";"3";"2";"2020";"07:10";"5";"22";"22093";"2";"2";"2";"3";"Rue de la Déhanne";"48,4744580";" -2,5561560"
"202000002220";"13";"8";"2020";"17:58";"1";"45";"45324";"2";"2";"1";"3";"Rue des Etangs-rue du moulin";"47,7918920";"2,1955540"
"202000002221";"30";"1";"2020";"08:15";"1";"01";"01248";"1";"1";"1";"6";"A46N   14.305 A 17.210";"45,8825200";"4,8951200"
"202000002222";"15";"8";"2020";"22:15";"5";"91";"91386";"2";"8";"1";"6";"Rue de Tournenfils";"48,5739290";"2,4483240"
"202000002223";"31";"1";"2020";"13:40";"1";"69";"69029";"1";"9";"1";"2";"RD 383  ";"45,7304000";"4,8987000"
"202000002224";"23";"8";"2020";"23:40";"5";"05";"05063";"1";"1";"1";"6";"D1091";"45,0465410";"6,3116720"
"202000002225";"30";"1";"2020";"23:00";"3";"59";"59515";"1";"1";"2";" -1";"AUTOROUTE A2";"50,3337200";"3,4460830"
"202000002226";"23";"8";"2020";"16:00";"1";"05";"05063";"1";"1";"1";" -1";"D1091";"45,0362050";"6,2219150"
"202000002227";"30";"1";"2020";"19:30";"3";"59";"59378";"1";"1";"1";"3";"ROUTE NATIONALE 356";"50,6444990";"3,0949890"
"202000002228";"26";"1";"2020";"18:10";"3";"59";"59509";"1";"1";"1";"2";"AUTOROUTE A21";"50,3993406";"3,1069207"
"202000002229";"24";"8";"2020";"10:40";"1";"04";"04039";"2";"3";"1";"3";"RD 4085";"43,8547110";"6,5016160"
"202000002230";"3";"2";"2020";"17:40";"3";"91";"91340";"1";"1";"2";"4";"AUTOROUTE A6";"48,6057000";"2,4361000"
"202000002231";"24";"8";"2020";"10:50";"1";"26";"26058";"1";"1";"1";"4";"autoroute du Soleil";"44,9790370";"4,8835950"
"202000002232";"23";"8";"2020";"17:15";"1";"57";"57134";"2";"1";"1";"6";"Rue de Verdun";"49,1185420";"6,0837270"
"202000002233";"1";"2";"2020";"23:30";"5";"94";"94034";"1";"1";"2";"2";"AUTOROUTE A86";"48,7603700";"2,3201700"
"202000002234";"3";"2";"2020";"07:30";"2";"92";"92047";"1";"1";"1";"3";"A13";"48,8327031";"2,1569367"
"202000002235";"23";"8";"2020";"19:15";"1";"74";"74032";"1";"4";"1";"2";"Route de Thonon";"46,2662320";"6,5371330"
"202000002236";"2";"2";"2020";"11:00";"1";"92";"92078";"1";"1";"2";"6";"AUTOROUTE A86";"48,9311347";"2,3235192"
"202000002237";"23";"8";"2020";"17:20";"1";"38";"38061";"1";"1";"1";"6";"Rue de la Charriere";"45,3356650";"5,6220070"
"202000002238";"24";"8";"2020";"18:00";"1";"69";"69220";"1";"1";"1";"6";"D4";"45,7496550";"4,4591670"
"202000002239";"2";"2";"2020";"05:40";"3";"93";"93006";"1";"1";"3";"3";"AUTOROUTE A3";"48,8638800";"2,4143300"
"202000002240";"24";"8";"2020";"18:05";"1";"69";"69003";"2";"1";"1";"2";"Avenue Henri Barbusse";"45,8615940";"4,8352610"
"202000002241";"2";"2";"2020";"00:10";"3";"95";"95018";"1";"1";"2";"2";"AUTOROUTE A15";"48,9497000";"2,2805200"
"202000002242";"14";"8";"2020";"15:00";"1";"69";"69163";"2";"1";"1";"3";"Route du Grand Veissieux";"45,9210800";"4,7557280"
"202000002243";"2";"2";"2020";"01:15";"3";"93";"93027";"1";"1";"2";"1";"BDL";"48,9271000";"2,4035000"
"202000002244";"3";"2";"2020";"04:00";"3";"77";"77122";"1";"1";"2";"6";"RN104";"48,6624223";"2,6136211"
"202000002245";"2";"2";"2020";"23:20";"3";"77";"77146";"1";"1";"3";" -1";"A4.Y";"48,8315670";"2,6463320"
"202000002246";"2";"2";"2020";"18:29";"5";"69";"69259";"2";"1";"2";"1";"CORSIERE (DE LA)                    (R )";"45,6955000";"4,8611000"
"202000002247";"2";"2";"2020";"07:52";"2";"69";"69276";"2";"6";"2";"6";"FEYZIN (DE)                             ";"45,6870700";"4,8613900"
"202000002248";"20";"8";"2020";"01:30";"5";"33";"33109";"2";"2";"1";"5";"D1113";"44,6977390";" -0,4472420"
"202000002249";"2";"2";"2020";"00:30";"5";"95";"95585";"2";"2";"2";"3";"8 MAI 1945 (AVENUE DU)";"48,9782400";"2,3677400"
"202000002250";"14";"3";"2020";"07:00";"3";"72";"72154";"1";"1";"1";"7";"Route du Barreau";"47,7223900";" -0,0813620"
"202000002251";"2";"2";"2020";"04:50";"3";"83";"83069";"1";"1";"1";"6";"GARDE (CHEMIN DE LA)";"43,1256500";"6,0905700"
"202000002252";"23";"8";"2020";"20:30";"1";"29";"29238";"1";"1";"1";"6";"D355";"48,3105160";" -4,5706990"
"202000002253";"23";"8";"2020";"20:30";"1";"29";"29238";"1";"1";"1";"6";"D355";"48,3104730";" -4,5707090"
"202000002254";"2";"2";"2020";"10:55";"1";"82";"82121";"1";"1";"1";"1";"1430 Route de Saint-nauphary";"43,9937100";"1,3869500"
"202000002255";"23";"8";"2020";"13:00";"1";"29";"29042";"1";"1";"1";"7";"D8 - Lieu-dit Kerloch";"48,2584560";" -4,5545250"
"202000002256";"24";"8";"2020";"07:10";"2";"27";"27279";"2";"1";"1";"3";"Route de Fourges";"49,1017740";"1,6151460"
"202000002257";"1";"2";"2020";"11:00";"1";"77";"77305";"2";"3";"3";"3";"BATEAU (RUE DU) - D39";"48,3898200";"2,9460200"
"202000002258";"23";"8";"2020";"18:31";"1";"60";"60542";"2";"9";"1";"7";"N/A";"49,4010530";"2,1776530"
"202000002259";"2";"2";"2020";"20:35";"5";"69";"69266";"2";"3";"1";"3";"MURIERS    (Rue des)";"45,7625695";"4,8819208"
"202000002260";"2";"2";"2020";"16:34";"1";"69";"69256";"2";"1";"2";"2";"8 MAI 1945 (DU)                     (AV)";"45,7887000";"4,9083000"
"202000002261";"23";"8";"2020";"15:50";"1";"59";"59054";"1";"1";"1";" -1";"Route Departementale 933";"50,7611530";"2,4220370"
"202000002262";"2";"2";"2020";"18:25";"2";"64";"64024";"2";"3";"1";"3";"PLAGES (BOULEVARD DES)";"43,5181600";" -1,5237400"
"202000002263";"23";"8";"2020";"19:12";"1";"13";"13005";"1";"1";"1";"4";"A50-Sens Aubagne vers Marseille";"43,2888800";"5,5494800"
"202000002264";"2";"2";"2020";"16:20";"1";"64";"64024";"2";"1";"1";"2";"SOURCES (PROMENADE DES)";"43,4971400";" -1,5431200"
"202000002265";"22";"8";"2020";"12:00";"1";"69";"69290";"1";"1";"1";"6";"A43   3.865 A 9.894";"45,7011300";"4,9707800"
"202000002266";"23";"8";"2020";"00:20";"3";"69";"69287";"1";"1";"1";"5";"A43   9.894 A 13.029";"45,6827524";"5,0111167"
"202000002267";"1";"2";"2020";"12:35";"1";"54";"54079";"1";"1";"3";"7";"RD 657";"48,8734400";"6,0628100"
"202000002268";"17";"8";"2020";"20:50";"1";"42";"42097";"1";"1";"1";"2";"A72";"45,5122100";"4,3014500"
"202000002269";"22";"8";"2020";"08:45";"1";"57";"57764";"1";"9";"1";"6";"Autoroute A.31";"49,4544700";"6,1208700"
"202000002270";"2";"2";"2020";"04:02";"3";"45";"45068";"1";"1";"3";"6";"D 2007 -  PR 17 + 200";"48,0150000";"2,7397500"
"202000002271";"23";"8";"2020";"19:45";"1";"91";"91339";"1";"1";"1";"2";"RN 104";"48,6233900";"2,2677200"
"202000002272";"2";"2";"2020";"17:40";"5";"38";"38544";"2";"1";"2";"1";"Rue Lafayette";"45,5283271";"4,8725098"
"202000002273";"2";"2";"2020";"12:15";"1";"35";"35238";"1";"1";"8";"6";"RN 136 PORTE DE BEAUREGARD";"48,1234300";" -1,7186100"
"202000002274";"23";"8";"2020";"03:00";"3";"91";"91689";"1";"1";"1";"2";"AUTOROUTE A6A";"48,7453000";"2,3245400"
"202000002275";"2";"2";"2020";"08:50";"1";"34";"34172";"2";"2";"1";"3";"ASSAS (AVENUE D')";"43,6170300";"3,8611500"
"202000002276";"23";"8";"2020";"21:30";"3";"92";"92036";"1";"1";"1";"4";"A86";"48,9335031";"2,2748584"
"202000002277";"2";"2";"2020";"22:30";"5";"33";"33318";"1";"2";"1";"1";"AVE DU GENERAL LECLERC";"44,7823700";" -0,6888700"
"202000002278";"22";"8";"2020";"21:00";"4";"93";"93029";"1";"1";"1";"6";"AUTOROUTE A86";"48,9195400";"2,4281000"
"202000002279";"1";"2";"2020";"22:20";"5";"14";"14437";"2";"1";"2";"6";"TOURVILLE (AVENUE DE)";"49,1853358";" -0,3338853"
"202000002280";"22";"8";"2020";"21:35";"3";"94";"94074";"1";"1";"1";"7";"RN406.Y";"48,7679129";"2,4522546"
"202000002281";"2";"2";"2020";"20:30";"5";"13";"13202";"2";"1";"1";"6";"BASSINS DE RADOUB (BOULEVARD DES)";"43,3214000";"5,3628000"
"202000002282";"2";"2";"2020";"18:20";"5";"13";"13210";"2";"1";"1";" -1";"PONT DE VIVAUX (BOULEVARD)";"43,2816344";"5,4238523"
"202000002283";"29";"5";"2020";"17:20";"1";"67";"67180";"2";"3";"1";"5";"MOINES (RUE DES)";"48,8208816";"7,7830378"
"202000002284";"2";"2";"2020";"16:10";"1";"13";"13201";"2";"1";"1";"6";"CANEBIERE     70 A FIN";"43,2976400";"5,3815600"
"202000002285";"8";"2";"2020";"03:50";"5";"05";"05061";"2";"1";"1";"2";"Rue Faure du Serre";"44,5610900";"6,0802300"
"202000002286";"2";"2";"2020";"04:40";"5";"13";"13210";"2";"1";"1";"2";"ACIERIES (BOULEVARD DES)";"43,2767570";"5,4036170"
"202000002287";"2";"2";"2020";"03:50";"5";"07";"07186";"2";"1";"1";"6";"COUX (AVENUE DE)";"44,7349860";"4,6046290"
"202000002288";"2";"7";"2020";"16:18";"1";"987";"98735";"2";"2";"9";"6";"CLEMENCEAU (RUE)";" -17,5375900";" -149,5621900"
"202000002289";"22";"8";"2020";"20:20";"1";"69";"69387";"2";"1";"1";"7";"JEAN FRANCOIS RACLET                (AV)";"45,7341200";"4,8383500"
"202000002290";"2";"2";"2020";"15:00";"1";"06";"06069";"2";"1";"1";"6";"LAC (CHEMIN DU)";"43,6483000";"6,9555000"
"202000002291";"22";"8";"2020";"07:40";"1";"69";"69259";"2";"1";"2";" -1";"IRENE JOLIOT CURIE                  (BD)";"45,7158400";"4,8782700"
"202000002292";"2";"2";"2020";"03:05";"5";"75";"75113";"2";"4";"3";" -1";"PORTE D ITALIE";"48,8173690";"2,3661210"
"202000002293";"22";"8";"2020";"18:10";"1";"972";"97209";"2";"3";"1";"1";"BISHOP (Avenue Maurice)";"14,6143300";" -61,0513800"
"202000002294";"2";"2";"2020";"22:28";"5";"75";"75106";"2";"3";"2";"3";"RUE DE SEINE";"48,8562880";"2,3366070"
"202000002295";"22";"8";"2020";"11:04";"1";"972";"97209";"2";"1";"1";"2";"GENERAL DE GAULLE (BLD DU)";"14,6052700";" -61,0645900"
"202000002296";"21";"8";"2020";"17:15";"1";"2B";"2B033";"1";"1";"1";"1";"CARDO - RT INFERIEURE DE";"42,6938600";"9,4393900"
"202000002297";"2";"2";"2020";"19:20";"5";"75";"75106";"2";"1";"2";"6";"BOULEVARD DU MONTPARNASSE";"48,8463250";"2,3175780"
"202000002298";"21";"8";"2020";"14:45";"1";"95";"95585";"2";"1";"1";"3";"GARGES (ROUTE DE)";"48,9871170";"2,3794910"
"202000002299";"2";"2";"2020";"12:05";"1";"75";"75106";"2";"2";"8";"3";"BOULEVARD SAINT GERMAIN";"48,8513900";"2,3431740"
"202000002300";"22";"8";"2020";"14:30";"1";"95";"95060";"2";"1";"1";"2";"Rue de Pierrelaye";"49,0364100";"2,2096500"
"202000002301";"22";"8";"2020";"14:55";"1";"91";"91161";"2";"1";"1";"2";"PIERRE BROSSOLETTE (AVENUE)";"48,6995990";"2,3118320"
"202000002302";"2";"2";"2020";"01:35";"5";"75";"75105";"2";"2";"2";"4";"RUE DES ECOLES";"48,8489020";"2,3474610"
"202000002303";"21";"8";"2020";"04:45";"5";"91";"91201";"2";"2";"2";"7";"REPUBLIQUE (PLACE DE LA)";"48,6862000";"2,4088400"
"202000002304";"2";"2";"2020";"12:00";"1";"75";"75119";"2";"2";"2";"3";"AVENUE RENE FONCK";"48,8804340";"2,4083090"
"202000002305";"22";"8";"2020";"16:30";"1";"83";"83069";"1";"1";"1";"4";"SALINS ( ROUTE DES VIEUX)";"43,1206600";"6,1859000"
"202000002306";"22";"8";"2020";"10:30";"1";"83";"83069";"2";"1";"2";"3";"DENIS (AVENUE ALPHONSE)";"43,1210500";"6,1342200"
"202000002307";"22";"8";"2020";"17:00";"1";"78";"78551";"2";"1";"1";"5";"VIDAL (RAYMOND)";"48,8968600";"2,0800100"
"202000002308";"22";"8";"2020";"20:55";"2";"78";"78440";"2";"1";"8";"6";"PIERRE PANLOUP (ALLEE)";"48,9843300";"1,9131000"
"202000002309";"22";"8";"2020";"23:00";"3";"77";"77459";"1";"1";"1";"6";"R.D. 78";"48,5269769";"3,3457017"
"202000002310";"22";"8";"2020";"09:39";"1";"74";"74010";"2";"2";"1";"3";"JEAN JAURES";"45,9036350";"6,1273700"
"202000002311";"22";"8";"2020";"06:20";"1";"71";"71153";"2";"1";"1";"6";"PRESIDENT WILSON (RUE DU)";"46,7952867";"4,4258525"
"202000002312";"21";"8";"2020";"17:00";"1";"71";"71540";"1";"3";"1";"3";"D984";"46,7878501";"4,4443368"
"202000002313";"22";"8";"2020";"14:44";"1";"69";"69256";"2";"3";"1";"1";"8 MAI 1945 (DU)                     (AV)";"45,7882300";"4,9125970"
"202000002314";"22";"8";"2020";"12:30";"1";"60";"60159";"1";"1";"1";"6";"Rue Pierre Sauvage";"49,4190700";"2,8260700"
"202000002315";"21";"8";"2020";"19:00";"1";"59";"59512";"2";"1";"1";"3";"VAILLANT (RUE EDOUARD)";"50,6719600";"3,1717800"