"Num_Acc";"jour";"mois";"an";"hrmn";"lum";"dep";"com";"agg";"int";"atm";"col";"adr";"lat";"long"
"202000002316";"22";"8";"2020";"08:50";"1";"59";"59410";"2";"2";"1";"3";"COLBERT RUE";"50,6353900";"3,1017600"
"202000002317";"21";"8";"2020";"13:15";"1";"35";"35238";"2";"6";"1";"1";"COLLIN (RENE)";"48,1326114";" -1,6902306"
"202000002318";"22";"8";"2020";"09:40";"1";"34";"34172";"2";"1";"1";"6";"CHATEAU D'O (ROND-POINT DU)";"43,6311700";"3,8425000"
"202000002319";"22";"8";"2020";"04:35";"5";"33";"33063";"2";"7";"1";"3";"PCE RAVESIES";"44,8662100";" -0,5748900"
"202000002320";"22";"8";"2020";"11:30";"1";"33";"33009";"2";"1";"1";"6";"MESTREZAT (BD)";"44,6519700";" -1,1476400"
"202000002321";"22";"8";"2020";"17:05";"1";"30";"30189";"2";"1";"1";"6";"FONTAINE (QUAI)";"43,8384000";"4,3498000"
"202000002322";"21";"8";"2020";"23:25";"3";"30";"30189";"1";"2";"1";"3";"MENDES FRANCE PIERRE (AVENUE)";"43,8143000";"4,3965800"
"202000002323";"20";"8";"2020";"09:15";"1";"29";"29039";"2";"3";"1";"6";"D322 - Rue de Trégunc";"47,8719510";" -3,9067380"
"202000002324";"21";"8";"2020";"12:00";"1";"29";"29019";"2";"2";"1";"1";"56 Rue de Kermaria";"48,4168997";" -4,4870260"
"202000002325";"21";"8";"2020";"22:45";"2";"25";"25056";"2";"1";"1";"3";"Avenue de Bourgogne";"47,2215100";"5,9729100"
"202000002326";"22";"8";"2020";"20:54";"1";"17";"17300";"2";"1";"1";"7";"ROMPSAY   AVENUE DE";"46,1610000";" -1,1370500"
"202000002327";"22";"8";"2020";"10:05";"1";"15";"15014";"2";"1";"1";"6";"MARCHANDE (RUE)";"44,9305360";"2,4458920"
"202000002328";"21";"8";"2020";"08:00";"1";"14";"14578";"1";"1";"1";"6";"R.D. 74";"49,3686477";"0,1327671"
"202000002329";"3";"8";"2020";"16:48";"1";"14";"14117";"2";"2";"1";"6";"GUILLAUME LE CONQUERANT (AVENUE)";"49,2859364";" -0,1225606"
"202000002330";"22";"8";"2020";"21:35";"5";"13";"13206";"2";"2";"1";"3";"NOTRE DAME (BOULEVARD)";"43,2886910";"5,3731030"
"202000002331";"22";"8";"2020";"22:50";"5";"06";"06088";"2";"1";"1";"6";"SAINT-SIAGRE (R.)";"43,7057300";"7,2657700"
"202000002332";"22";"8";"2020";"21:10";"5";"06";"06083";"2";"1";"1";"6";"FRANCE (AVENUE PORTE DE,N°53 ET +)";"43,7841850";"7,5174950"
"202000002333";"22";"8";"2020";"11:40";"1";"06";"06029";"2";"1";"1";"2";"CROISETTE (BOULEVARD DE)";"43,5514100";"7,0174900"
"202000002334";"21";"8";"2020";"16:30";"1";"75";"75116";"2";"1";"1";"2";"PORTE DAUPHINE";"48,8697840";"2,2716840"
"202000002335";"21";"8";"2020";"18:15";"1";"75";"75113";"2";"1";"1";" -1";"PORTE D ITALIE";"48,8178840";"2,3535100"
"202000002336";"22";"8";"2020";"18:35";"1";"75";"75105";"2";"2";"1";"6";"RUE DES FOSSES SAINT MARCEL";"48,8380900";"2,3559530"
"202000002337";"22";"8";"2020";"17:45";"1";"75";"75120";"2";"1";"1";"3";"AVENUE GAMBETTA";"48,8633070";"2,3890160"
"202000002338";"23";"7";"2020";"10:55";"1";"2A";"2A004";"2";"1";"1";"6";"TERRASSES D'ASSUNTA RUE DES MAGNOLIAS";"41,9455300";"8,7522500"
"202000002339";"19";"7";"2020";"15:48";"1";"91";"91477";"2";"1";"7";"4";"EMILE BAUDOT (RUE)";"48,7211000";"2,2612000"
"202000002340";"23";"7";"2020";"08:15";"1";"91";"91691";"2";"1";"7";"6";"GOURGAUD(AVENUE)";"48,7307500";"2,5034200"
"202000002341";"22";"7";"2020";"15:45";"1";"91";"91223";"2";"1";"2";"7";"GUETTARD (RUE J.E.)";"48,4448190";"2,1670332"
"202000002342";"22";"7";"2020";"20:45";"1";"91";"91223";"2";"1";"1";"2";"SAINT MICHEL (BOULEVARD)";"48,4502100";"2,1720400"
"202000002343";"23";"7";"2020";"10:49";"1";"87";"87085";"2";"2";"1";"6";"BARBES (RUE ARMAND)";"45,8390700";"1,2608200"
"202000002344";"21";"7";"2020";"18:55";"1";"85";"85194";"2";"1";"1";"2";"Avenue de Talmont";"46,4817000";" -1,7162000"
"202000002345";"22";"7";"2020";"18:27";"1";"80";"80021";"2";"1";"1";"6";"RIOLAN (RUE)";"49,8884000";"2,3185100"
"202000002346";"22";"7";"2020";"18:55";"1";"76";"76540";"2";"2";"1";"3";"FRANCE. QUAI DE";"49,4399000";"1,0652000"
"202000002347";"22";"7";"2020";"20:45";"1";"76";"76351";"2";"1";"1";"1";"SALVADOR ALLENDE (RUE)";"49,5045477";"0,1400154"
"202000002348";"22";"7";"2020";"16:55";"1";"74";"74118";"1";"1";"1";"3";"SAINT-JULIEN (ROUTE DE)";"46,1715200";"6,2141400"
"202000002349";"22";"7";"2020";"12:30";"1";"74";"74012";"2";"1";"1";"6";"BASTIN (RUE ALFRED)";"46,1917600";"6,2374100"
"202000002350";"23";"7";"2020";"13:30";"1";"74";"74010";"2";"1";"1";"6";"ALBIGNY (AVE)";"45,9017600";"6,1302200"
"202000002351";"22";"7";"2020";"21:20";"5";"73";"73065";"2";"3";"1";"2";"TURIN (AVENUE)";"45,5695318";"5,9330445"
"202000002352";"22";"7";"2020";"21:00";"5";"67";"67043";"2";"1";"1";"1";"DIGUE (CHEMIN DE LA)";"48,6137475";"7,7625997"
"202000002353";"22";"7";"2020";"07:40";"2";"67";"67482";"2";"2";"7";"3";"LYON (BOULEVARD DE)";"48,5749724";"7,7339287"
"202000002354";"23";"7";"2020";"15:50";"1";"64";"64445";"2";"1";"1";"3";"124 Boulevard Tourasse";"43,3113100";" -0,3652700"
"202000002355";"22";"7";"2020";"17:15";"1";"64";"64102";"2";"1";"1";"3";"Boulevard du Bab";"43,4970960";" -1,4877600"
"202000002356";"22";"7";"2020";"15:50";"1";"64";"64102";"2";"1";"1";"3";"BAB (Boulevard)";"43,4925000";" -1,4653000"
"202000002357";"22";"7";"2020";"16:15";"1";"62";"62277";"1";"1";"1";"1";"departementale ";"50,3920900";"2,9420900"
"202000002358";"23";"7";"2020";"17:05";"1";"61";"61117";"1";"3";"1";"2";"D1";"48,4249380";"0,0201490"
"202000002359";"23";"7";"2020";"16:20";"1";"59";"59350";"2";"9";"1";"3";"CHASSEURS DE DRIANT PLACE DES";"50,6182493";"3,0329293"
"202000002360";"19";"7";"2020";"17:20";"1";"59";"59360";"2";"9";"1";"1";"CHEVALIER DE L'ESPINARD RUE";"50,6142400";"3,0275300"
"202000002361";"23";"7";"2020";"11:00";"1";"52";"52448";"2";"1";"1";" -1";"27 Avenue de la République";"48,6373810";"4,9446780"
"202000002362";"23";"7";"2020";"19:25";"1";"51";"51454";"2";"2";"7";"3";"Rue Jean Jaurès";"49,2610094";"4,0489804"
"202000002363";"20";"7";"2020";"12:10";"1";"50";"50129";"2";"1";"1";"3";"MILLET (AVENUE JEAN-FRANCOIS)";"49,6337700";" -1,6182900"
"202000002364";"22";"7";"2020";"17:32";"1";"49";"49007";"2";"1";"1";"3";"TARDAT";"47,4505700";" -0,5527800"
"202000002365";"7";"7";"2020";"11:39";"1";"44";"44184";"2";"1";"1";"3";"BROODCOORENS (RUE) DU 124 AU 176 - DU 11";"47,2655500";" -2,2515400"
"202000002366";"22";"7";"2020";"20:30";"1";"42";"42071";"2";"2";"1";"3";"Rue Ayel Salasse";"46,0275200";"4,0840600"
"202000002367";"23";"7";"2020";"14:35";"1";"42";"42095";"2";"1";"1";"1";"Rue de la Tour de Varan";"45,3913100";"4,2831300"
"202000002368";"23";"7";"2020";"13:15";"1";"38";"38151";"2";"1";"1";"2";"Cours Jean Jaurès";"45,1493700";"5,7059700"
"202000002369";"23";"7";"2020";"22:00";"5";"37";"37261";"2";"1";"1";" -1";"MIRABEAU (PONT)";"47,4004291";"0,7008188"
"202000002370";"23";"7";"2020";"18:40";"1";"37";"37261";"2";"3";"1";"2";"VERDUN (RUE DE)";"47,4169302";"0,6933571"
"202000002371";"23";"7";"2020";"16:50";"1";"37";"37122";"2";"1";"1";"4";"RD 37";"47,3727657";"0,6533272"
"202000002372";"23";"7";"2020";"23:00";"5";"35";"35238";"2";"1";"1";"7";"CLEMENCEAU (BD GEORGES)";"48,0940100";" -1,6774000"
"202000002373";"23";"7";"2020";"09:20";"1";"35";"35238";"2";"1";"1";"3";"HERVE (BD GAETAN)";"48,0905670";" -1,6663940"
"202000002374";"14";"7";"2020";"15:00";"1";"33";"33039";"2";"2";"1";"6";"BD JEAN-JACQUES BOSC / RUE LEON JOUHAUX";"44,8155600";" -0,5514300"
"202000002375";"3";"7";"2020";"17:15";"1";"33";"33063";"2";"4";"1";"6";"RUE DES IMPASSES / RUE CAMBON";"44,8262700";" -0,5533700"
"202000002376";"3";"7";"2020";"13:20";"1";"33";"33063";"2";"2";"1";"6";"CRS DE LA MARNE / RUE KLEBER";"44,8301800";" -0,5697900"
"202000002377";"3";"7";"2020";"07:29";"1";"33";"33063";"2";"8";"1";"6";"RUE CHARLES DOMERCQ";"44,8253400";" -0,5570400"
"202000002378";"23";"7";"2020";"21:05";"2";"33";"33009";"2";"1";"1";"7";"OCEAN (BD DE L'.)";"44,6602300";" -1,1907700"
"202000002379";"23";"7";"2020";"00:20";"5";"31";"31555";"2";"1";"1";"6";"23 Boulevard d'Arcole";"43,6113519";"1,4397293"
"202000002380";"22";"7";"2020";"21:05";"2";"30";"30189";"2";"6";"1";"2";"HAROUN TAZIEFF (ROND POINT)";"43,8313700";"4,3815800"
"202000002381";"22";"7";"2020";"09:35";"1";"27";"27299";"2";"1";"1";"6";"BRIAND (AVENUE ARISTIDE)";"49,0465700";"1,1621700"
"202000002382";"23";"7";"2020";"19:35";"1";"26";"26362";"2";"3";"1";"3";"7 Rue André Lhote";"44,9102700";"4,9191700"
"202000002383";"21";"7";"2020";"17:35";"1";"22";"22187";"2";"1";"1";"6";"AVENUE DU TREGOR";"48,5640060";" -2,7583170"
"202000002384";"23";"7";"2020";"18:10";"1";"17";"17300";"2";"1";"1";"7";"REPUBLIQUE   BOULEVARD DE LA";"46,1383000";" -1,1532000"
"202000002385";"23";"7";"2020";"17:25";"1";"17";"17299";"2";"1";"1";"3";"73 Rue du Breuil";"45,9463500";" -0,9680200"
"202000002386";"23";"7";"2020";"16:05";"1";"15";"15014";"2";"3";"1";"3";"PUPILLES DE LA NATION (AVENUE DES)";"44,9197500";"2,4391000"
"202000002387";"23";"7";"2020";"01:45";"5";"13";"13216";"2";"1";"1";"7";"LITTORAL (CHEMIN DU)";"43,3526200";"5,3378400"
"202000002388";"23";"7";"2020";"04:45";"5";"13";"13002";"2";"6";"1";"3";"7 RMENT DE TIRAILLEURS ALGERIENS (AVENUE";"43,3379687";"5,4725470"
"202000002389";"23";"7";"2020";"03:50";"5";"13";"13206";"2";"1";"1";"3";"PRADO (AVENUE DU)";"43,2840000";"5,3848000"
"202000002390";"22";"7";"2020";"19:50";"1";"13";"13028";"2";"2";"1";" -1";"SANDRAL (AVENUE MAURICE )";"43,1693030";"5,6035690"
"202000002391";"22";"7";"2020";"11:20";"1";"13";"13004";"1";"1";"1";"4";"RTE N113 MARSEILLE A BORBEAUX";"43,6781820";"4,6111990"
"202000002392";"23";"7";"2020";"15:16";"1";"10";"10387";"2";"2";"7";"3";"BLANQUI (RUE)";"48,2990000";"4,0500000"
"202000002393";"22";"7";"2020";"16:40";"1";"10";"10387";"2";"3";"1";"3";"JEAN LEGUISE (RUE)";"48,2903800";"4,0717900"
"202000002394";"23";"7";"2020";"11:50";"1";"06";"06069";"2";"1";"1";"7";"RIOU BLANQUET (AVENUE ET TRAVERSE)";"43,6638470";"6,9336580"
"202000002395";"23";"7";"2020";"11:00";"1";"06";"06069";"2";"1";"1";"6";"MADELEINE";"43,6566770";"6,9340980"
"202000002396";"22";"7";"2020";"02:15";"5";"06";"06004";"1";"6";"1";"6";"NICE(RN.7) AV.ET RTE DE";"43,6125580";"7,1263620"
"202000002397";"16";"7";"2020";"17:42";"1";"06";"06004";"2";"2";"1";"6";"JEAN CH.ET RTE DE ST";"43,5838100";"7,1063900"
"202000002398";"23";"7";"2020";"08:15";"1";"75";"75113";"2";"4";"1";"4";"BOULEVARD PERIPHERIQUE";"48,8187110";"2,3702520"
"202000002399";"21";"7";"2020";"12:40";"1";"75";"75118";"2";"1";"1";"7";"BOULEVARD PERIPHERIQUE";"48,9008470";"2,3344370"
"202000002400";"22";"7";"2020";"18:45";"1";"75";"75112";"2";"1";"1";"2";"RUE TRAVERSIERE";"48,8495980";"2,3750900"
"202000002401";"22";"7";"2020";"15:32";"1";"75";"75108";"2";"2";"1";" -1";"RUE DE ROME";"48,8819720";"2,3204890"
"202000002402";"23";"7";"2020";"18:30";"1";"75";"75118";"2";"3";"1";"6";"RUE MARX DORMOY";"48,8868420";"2,3596270"
"202000002403";"22";"7";"2020";"12:00";"1";"75";"75116";"2";"1";"1";"2";"BOULEVARD PERIPHERIQUE INTERIEUR OUEST";"48,8545390";"2,2549230"
"202000002404";"23";"7";"2020";"12:30";"1";"75";"75115";"2";"2";"1";"5";"RUE PEGOUD";"48,8345700";"2,2668430"
"202000002405";"23";"7";"2020";"17:10";"1";"75";"75114";"2";"3";"1";"6";"RUE D ALESIA";"48,8322290";"2,3128690"
"202000002406";"22";"7";"2020";"23:57";"5";"75";"75113";"2";"2";"1";"3";"PONT CHARLES DE GAULLE";"48,8419180";"2,3678890"
"202000002407";"22";"7";"2020";"21:45";"5";"75";"75111";"2";"1";"1";"3";"BOULEVARD DE CHARONNE";"48,8572180";"2,3928600"
"202000002408";"23";"7";"2020";"16:30";"1";"75";"75109";"2";"1";"1";"3";"BOULEVARD DE ROCHECHOUART";"48,8834810";"2,3483250"
"202000002409";"23";"7";"2020";"10:40";"1";"75";"75109";"2";"3";"1";"6";"RUE SAINT LAZARE";"48,8756870";"2,3277740"
"202000002410";"23";"7";"2020";"12:50";"1";"75";"75108";"2";"2";"1";"6";"RUE DU FAUBOURG SAINT HONORE";"48,8687830";"2,3218500"
"202000002411";"23";"7";"2020";"00:07";"5";"75";"75108";"2";"7";"1";"6";"PLACE DE L ALMA";"48,8642830";"2,3022390"
"202000002412";"23";"7";"2020";"15:10";"1";"75";"75107";"2";"2";"1";"3";"AVENUE DE LOWENDAL";"48,8494160";"2,3037870"
"202000002413";"23";"7";"2020";"19:30";"1";"75";"75102";"2";"5";"1";"3";"RUE DE CLERY";"48,8673280";"2,3439420"
"202000002414";"23";"7";"2020";"17:00";"1";"75";"75103";"2";"2";"1";"3";"BOULEVARD DE SEBASTOPOL";"48,8662330";"2,3525340"
"202000002415";"23";"7";"2020";"06:43";"1";"75";"75104";"2";"2";"1";"3";"QUAI DE GESVRES";"48,8572300";"2,3471120"
"202000002416";"22";"7";"2020";"21:40";"2";"94";"94081";"2";"3";"1";"3";"ROUGET DE L ISLE (AV)";"48,7781000";"2,3965000"
"202000002417";"23";"7";"2020";"17:40";"1";"94";"94067";"2";"7";"1";"6";"JOFFRE (AV)";"48,8474200";"2,4177500"
"202000002418";"22";"7";"2020";"16:45";"1";"94";"94041";"2";"1";"1";"1";"JEAN COMPAGNON (QU)";"48,8194900";"2,3983800"
"202000002419";"21";"7";"2020";"16:10";"1";"94";"94033";"2";"2";"1";"3";"PARMENTIER (AV)";"48,8535530";"2,4524220"
"202000002420";"23";"7";"2020";"18:20";"1";"94";"94054";"2";"2";"1";"3";"VICTOIRE (AV DE LA)";"48,7451000";"2,3887000"
"202000002421";"22";"7";"2020";"13:50";"1";"94";"94017";"2";"3";"7";"3";"ROGER SALENGRO (AV)";"48,8201000";"2,4817400"
"202000002422";"23";"7";"2020";"21:50";"5";"93";"93072";"2";"9";"1";"3";"MAXIME GORKI (BOULEVARD) DES N°89 A ...";"48,9454700";"2,3866600"
"202000002423";"23";"7";"2020";"16:10";"1";"93";"93070";"2";"1";"1";"4";"JEAN-JAURES (BD)";"48,9149000";"2,3376700"
"202000002424";"23";"7";"2020";"11:10";"1";"93";"93070";"2";"1";"1";"6";"MICHELET (AVE) : DU 1 AU 103";"48,9069300";"2,3443700"
"202000002425";"23";"7";"2020";"22:45";"5";"93";"93048";"2";"1";"1";"6";"PARIS (RUE DE)";"48,8578600";"2,4349700"
"202000002426";"23";"7";"2020";"17:55";"1";"93";"93010";"2";"2";"1";"3";"COCHIN (RUE DENYS)";"48,8990757";"2,4922026"
"202000002427";"22";"7";"2020";"18:20";"5";"92";"92072";"2";"9";"1";"2";"PAVE DES GARDES (ROUTE DU)";"48,8092392";"2,2058699"
"202000002428";"23";"7";"2020";"15:30";"1";"92";"92012";"2";"1";"1";"2";"JEAN JAURES (BOULEVARD) 63/215 - 70/208";"48,8383046";"2,2408569"
"202000002429";"23";"7";"2020";"14:45";"1";"54";"54238";"1";"1";"1";"4";"RN57 sens EPINAL-NANCY";"48,4116562";"6,2328529"
"202000002430";"24";"7";"2020";"16:40";"1";"01";"01248";"1";"1";"1";"3";"Route de Lyon";"45,8907080";"4,9268500"
"202000002431";"23";"7";"2020";"14:00";"1";"83";"83072";"1";"1";"1";"7";"Chemin de la Table Ronde";"43,5038730";"6,3572480"
"202000002432";"23";"7";"2020";"12:00";"1";"41";"41137";"1";"1";"1";"7";"D1";"47,5215770";"1,1338660"
"202000002433";"23";"7";"2020";"18:35";"1";"81";"81311";"1";"3";"1";"3";"RD 612";"43,7118820";"2,2070930"
"202000002434";"23";"7";"2020";"16:30";"1";"60";"60256";"1";"2";"1";"3";"D129";"49,2970390";"2,0268650"
"202000002435";"23";"7";"2020";"17:30";"1";"60";"60196";"2";"1";"1";"6";"Rue Désiré Bailly";"49,3010242";"2,0892921"
"202000002436";"23";"7";"2020";"17:45";"1";"28";"28309";"1";"1";"1";"7";"Prunay-le-Gillon";"48,3497470";"1,6232300"
"202000002437";"24";"7";"2020";"07:05";"1";"974";"97414";"2";"1";"1";"1";"Pln du Gol";" -21,2838460";"55,3953730"
"202000002438";"23";"7";"2020";"01:45";"5";"59";"59553";"2";"1";"1";"6";"Avenue de l'Amitie";"50,5944650";"2,9648390"
"202000002439";"22";"7";"2020";"01:25";"5";"57";"57269";"2";"6";"1";"6";"Route de Thionville";"49,2988450";"6,1914830"
"202000002440";"21";"7";"2020";"15:15";"1";"57";"57409";"2";"1";"1";"2";"rue de Saint Avold";"49,0384150";"6,7528230"
"202000002441";"23";"7";"2020";"18:10";"1";"56";"56178";"2";"3";"1";"3";"Quai Niemen";"48,0659310";" -2,9683850"
"202000002442";"21";"7";"2020";"15:55";"1";"56";"56175";"2";"6";"1";"6";"D133";"47,7363290";" -2,9140700"
"202000002443";"24";"7";"2020";"16:50";"1";"81";"81242";"1";"3";"1";"3";"D14";"43,5153190";"2,1380850"
"202000002444";"24";"7";"2020";"07:30";"2";"61";"61486";"1";"1";"1";"6";"D22";"48,7339030";" -0,7055070"
"202000002445";"23";"7";"2020";"18:10";"1";"61";"61198";"1";"1";"1";"6";"Le Vau Benard";"48,8975650";"0,2074690"
"202000002446";"23";"7";"2020";"17:36";"1";"42";"42227";"1";"1";"1";"4";"Route d'Epezy";"45,7156340";"3,9155750"
"202000002447";"23";"7";"2020";"11:37";"1";"22";"22232";"1";"6";"1";"3";"D21";"48,6414520";" -2,8911420"
"202000002448";"23";"7";"2020";"21:50";"3";"44";"44186";"1";"1";"1";"6";"Le Rozay";"47,0735960";" -1,8548600"
"202000002449";"24";"7";"2020";"16:10";"1";"02";"02373";"2";"1";"1";"3";"24 La Chaussee de Hary";"49,8085580";"3,9186220"
"202000002450";"23";"7";"2020";"14:05";"1";"02";"02810";"2";"1";"1";"2";"61 Avenue de la Ferté - Milon";"49,2384610";"3,0984290"
"202000002451";"23";"7";"2020";"09:15";"1";"02";"02543";"2";"1";"1";"3";"43 rue Jean de la fontaine";"49,1697550";"3,2619520"
"202000002452";"23";"7";"2020";"12:10";"1";"03";"03284";"1";"1";"1";"7";"Le Moutier";"46,4004451";"3,5812378"
"202000002453";"24";"7";"2020";"17:25";"1";"03";"03213";"1";"1";"1";"1";"Route de Hérisson";"46,4632717";"2,6227127"
"202000002454";"24";"7";"2020";"16:55";"1";"15";"15019";"1";"1";"1";"6";"PK 61+400 - Sens décroissant - D922";"45,2990110";"2,4026580"
"202000002455";"21";"7";"2020";"10:00";"1";"70";"70554";"1";"9";"1";"1";"D48";"47,8870250";"5,9428100"
"202000002456";"24";"7";"2020";"11:30";"1";"26";"26113";"2";"1";"1";"4";"1347 Boulevard du Marechal Leclerc";"44,7510080";"5,3728350"
"202000002457";"23";"7";"2020";"17:15";"1";"14";"14578";"1";"2";"1";"5";"d288";"49,3554190";"0,1708140"
"202000002458";"23";"7";"2020";"18:05";"1";"04";"04157";"1";"1";"1";"7";"RD 953";"43,8535673";"6,1166423"
"202000002459";"23";"7";"2020";"11:45";"1";"85";"85116";"1";"4";"1";"3";"Rue des Artisans";"46,4212480";" -1,3908920"
"202000002460";"14";"7";"2020";"09:00";"1";"27";"27643";"1";"1";"2";"7";"N12";"48,7501590";"1,0302335"
"202000002461";"23";"7";"2020";"05:40";"2";"30";"30116";"1";"1";"1";"3";"N100";"43,9400830";"4,6013030"
"202000002462";"24";"7";"2020";"11:45";"1";"48";"48089";"1";"3";"1";"3";"D4";"44,8444820";"3,3632330"
"202000002463";"24";"7";"2020";"15:30";"1";"88";"88124";"1";"1";"1";"7";"Route d'Attigny";"48,0822290";"6,0415630"
"202000002464";"23";"7";"2020";"17:30";"1";"34";"34247";"1";"1";"3";"1";"D145";"43,7028780";"3,8524890"
"202000002465";"14";"7";"2020";"01:01";"3";"06";"06088";"1";"1";"2";"6";"Autoroute A8 - PK 186+000 CHAUSSÉE SUD";"43,6715420";"7,2015860"
"202000002466";"24";"7";"2020";"09:15";"1";"38";"38485";"2";"1";"1";" -1";"Avenue de Grenoble";"45,1714550";"5,6959870"
"202000002467";"24";"7";"2020";"18:30";"1";"69";"69143";"2";"1";"1";"3";"53 Avenue Carnot";"45,8863968";"4,8315037"
"202000002468";"24";"7";"2020";"14:45";"1";"13";"13051";"1";"1";"1";"2";"autoroute A7, pk 240+600, sens nord/sud";"43,5927630";"5,1767920"
"202000002469";"23";"7";"2020";"17:27";"1";"51";"51205";"1";"1";"1";"2";"A4";"49,0339863";"4,3901906"
"202000002470";"18";"7";"2020";"13:15";"1";"973";"97312";"1";"1";"8";"7";"Barrage de Petit Saut";"5,0606320";" -53,0507030"
"202000002471";"23";"7";"2020";"19:05";"1";"78";"78068";"1";"1";"1";"7";"A13";"49,0350550";"1,4616540"
"202000002472";"24";"7";"2020";"14:32";"1";"2B";"2B314";"1";"1";"1";"7";"D81";"42,6614210";"9,2759800"
"202000002473";"24";"7";"2020";"18:20";"1";"2A";"2A041";"1";"1";"1";"3";"T40";"41,4031082";"9,1588773"
"202000002474";"24";"7";"2020";"16:50";"1";"84";"84019";"1";"1";"1";"7";"D243";"44,3087410";"4,7353860"
"202000002475";"22";"7";"2020";"15:15";"1";"05";"05014";"1";"1";"1";"6";"D942";"44,2681590";"5,7628870"
"202000002476";"23";"7";"2020";"09:00";"1";"13";"13062";"1";"1";"1";"5";"D8";"43,4182350";"5,4991720"
"202000002477";"20";"7";"2020";"21:00";"1";"67";"67519";"1";"1";"1";"1";"Rue du Chemin de Fer";"48,6705100";"7,8252380"
"202000002478";"23";"7";"2020";"19:30";"1";"67";"67188";"1";"6";"1";"2";"D1420";"48,5303215";"7,3810299"
"202000002479";"22";"7";"2020";"20:55";"1";"54";"54145";"1";"1";"1";"7";"D2";"48,6344401";"6,3940001"
"202000002480";"23";"7";"2020";"12:05";"1";"57";"57620";"2";"1";"7";"6";"5 Avenue Gambetta";"49,1916220";"6,0022150"
"202000002481";"23";"7";"2020";"10:30";"1";"74";"74160";"1";"1";"7";"3";"1552 Route de la Grange";"45,8600700";"6,3528870"
"202000002482";"24";"7";"2020";"09:00";"1";"69";"69127";"2";"1";"1";"1";"Avenue des Alpes (Piste cyclable)";"45,7778434";"4,7160985"
"202000002483";"19";"7";"2020";"16:00";"1";"86";"86123";"1";"1";"1";"7";"D6";"46,5600360";"0,0434490"
"202000002484";"23";"7";"2020";"08:25";"2";"72";"72154";"2";"9";"7";"3";"Avenue d'Obernkirchen";"47,7013860";" -0,0549320"
"202000002485";"24";"7";"2020";"09:40";"1";"22";"22173";"1";"3";"8";"1";"D34";"48,5591070";" -2,5761440"
"202000002486";"24";"7";"2020";"15:55";"1";"60";"60341";"1";"6";"1";" -1";"ROUTE NATIONALE 330";"49,0849245";"2,7571554"
"202000002487";"23";"7";"2020";"17:17";"1";"13";"13202";"2";"1";"1";"2";"A55-Sens Martigues vers Marseille";"43,3087905";"5,3664652"
"202000002488";"6";"7";"2020";"16:15";"1";"13";"13215";"1";"1";"1";"3";"A7-Sens Marseille vers Lyon";"43,3495940";"5,3692850"
"202000002489";"23";"7";"2020";"09:00";"1";"69";"69297";"1";"1";"1";"5";"A7  ";"45,5963270";"4,7963415"
"202000002490";"23";"7";"2020";"17:20";"1";"33";"33162";"1";"1";"1";"5";"ROCADE A 630";"44,8624200";" -0,6568900"
"202000002491";"23";"7";"2020";"18:40";"1";"33";"33281";"1";"1";"1";"5";"ROCADE A 630";"44,8539300";" -0,6648200"
"202000002492";"23";"7";"2020";"10:35";"1";"33";"33249";"1";"1";"1";"2";"ROUTE NATIONALE 230";"44,8793900";" -0,5098000"
"202000002493";"23";"7";"2020";"07:58";"1";"94";"94003";"1";"1";"1";"5";"AUTOROUTE A6A";"48,8097100";"2,3387900"
"202000002494";"12";"2";"2020";"04:45";"5";"17";"17300";"2";"1";"8";"6";"RICHELIEU   RUE";"46,1670300";" -1,1578700"
"202000002495";"8";"2";"2020";"19:33";"3";"17";"17028";"1";"1";"1";"2";"RN137";"46,1450100";" -1,1086600"
"202000002496";"7";"2";"2020";"17:15";"1";"17";"17300";"2";"1";"8";"4";"REMPARTS   CHEMIN DES";"46,1689900";" -1,1520500"
"202000002497";"12";"2";"2020";"14:30";"1";"17";"17200";"2";"1";"1";"6";"HUIT MAI 1945   AVENUE DU";"46,1832500";" -1,1524700"
"202000002498";"3";"2";"2020";"11:15";"1";"17";"17028";"1";"1";"1";"7";"RN137";"46,1438000";" -1,1076000"
"202000002499";"2";"2";"2020";"13:40";"1";"17";"17200";"2";"2";"8";"7";"CLAVIER   AVENUE DU";"46,1808800";" -1,1671200"
"202000002500";"2";"2";"2020";"16:00";"1";"17";"17291";"2";"2";"8";"3";"BELGIQUE  RUE";"46,1779400";" -1,1190500"
"202000002501";"2";"2";"2020";"03:24";"5";"17";"17300";"2";"9";"3";"6";"SCIERIE   RUE DE LA";"46,1473800";" -1,1529500"
"202000002502";"4";"2";"2020";"09:10";"1";"17";"17291";"2";"1";"1";"6";"MARE  RUE DU FIEF DE LA";"46,1794500";" -1,1286500"
"202000002503";"29";"1";"2020";"07:55";"5";"17";"17291";"2";"1";"2";"3";"EUROPE  AVENUE";"46,1776900";" -1,1168200"
"202000002504";"28";"1";"2020";"13:55";"1";"17";"17274";"2";"1";"2";"3";"JOLIOT-CURIE   AVENUE";"46,1546800";" -1,1114900"
"202000002505";"23";"1";"2020";"20:05";"5";"17";"17300";"2";"2";"2";"3";"AMELOT   RUE";"46,1601900";" -1,1464600"
"202000002506";"19";"1";"2020";"07:20";"5";"17";"17300";"2";"1";"1";"1";"VERDIER   BOULEVARD ARTHUR";"46,1622200";" -1,1393200"
"202000002507";"21";"1";"2020";"08:30";"1";"26";"26057";"1";"1";"8";"2";"Route d’Alixan";"45,0068000";"5,0370600"
"202000002508";"14";"12";"2020";"05:30";"4";"22";"22106";"2";"1";"2";"7";"LANDELLE (RUE DE LA)";"48,4941800";" -2,7234000"
"202000002509";"13";"12";"2020";"18:25";"5";"84";"84007";"2";"1";"1";"2";"CABRIERE ( Avenue de la )";"43,9287500";"4,8127200"