"Num_Acc";"jour";"mois";"an";"hrmn";"lum";"dep";"com";"agg";"int";"atm";"col";"adr";"lat";"long"
"202000002510";"10";"1";"2020";"06:25";"3";"76";"76484";"1";"1";"1";"2";"Autoroute A13, PK 111.680 en direction de paris";"49,3379750";"1,0720490"
"202000002511";"4";"2";"2020";"14:25";"1";"92";"92051";"2";"1";"1";"3";"BINEAU (BOULEVARD, N°53 A 131 ET 52 A 13";"48,8888755";"2,2739229"
"202000002512";"18";"2";"2020";"16:20";"1";"73";"73232";"1";"1";"1";"5";"D902";"45,5573940";"6,8988700"
"202000002513";"23";"12";"2020";"15:00";"1";"62";"62193";"2";"2";"2";"6";"LILLE (RUE DE)";"50,9379200";"1,8578200"
"202000002514";"18";"12";"2020";"17:05";"5";"62";"62765";"2";"9";"1";"6";"AMIENS (RUE D'......)";"50,7439560";"2,2599850"
"202000002515";"14";"12";"2020";"16:15";"2";"62";"62065";"2";"1";"3";"3";"DUCLOS ( PLACE JACQUES)";"50,4133410";"2,8332820"
"202000002516";"12";"11";"2020";"18:15";"5";"75";"75107";"2";"7";"1";"2";"BOULEVARD RASPAIL";"48,8513600";"2,3268740"
"202000002517";"11";"9";"2020";"18:13";"1";"92";"92051";"2";"1";"1";"3";"CHARTRES (RUE DE )";"48,8818627";"2,2777744"
"202000002518";"19";"12";"2020";"19:50";"5";"94";"94022";"2";"1";"1";"6";"VICTOR HUGO (AV)";"48,7691321";"2,4221045"
"202000002519";"21";"7";"2020";"18:52";"1";"59";"59512";"2";"2";"1";"3";"NOTTE (RUE JEAN BAPTISTE)";"50,6780600";"3,1854500"
"202000002520";"1";"7";"2020";"23:15";"5";"59";"59650";"2";"1";"1";"7";"STALINGRAD (RUE DE)";"50,6953500";"3,2071300"
"202000002521";"28";"6";"2020";"15:55";"1";"59";"59512";"2";"1";"1";"6";"HOMMELET (RUE DE L')";"50,6964067";"3,1821674"
"202000002522";"28";"5";"2020";"20:50";"1";"59";"59367";"2";"1";"1";"6";"FRESNOY (RUE DU)";"50,6748000";"3,2282000"
"202000002523";"20";"5";"2020";"00:55";"5";"59";"59512";"2";"2";"1";"3";"MOTTE (AVENUE ALFRED)";"50,6738400";"3,1930200"
"202000002524";"18";"5";"2020";"20:00";"1";"59";"59299";"2";"3";"1";"3";"SCHWEITZER (AVENUE DU DOCTEUR)";"50,6687000";"3,2016100"
"202000002525";"10";"5";"2020";"07:40";"2";"59";"59163";"2";"3";"2";"3";"GARE (RUE DE LA)";"50,6753460";"3,1443910"
"202000002526";"12";"12";"2020";"12:09";"1";"74";"74128";"1";"1";"2";"3";"Route des vallées RD9";"46,1519960";"6,3344550"
"202000002527";"5";"2";"2020";"16:50";"3";"35";"35150";"1";"4";"1";"1";"Chemin de la République";"48,3330500";" -1,2142180"
"202000002528";"29";"10";"2020";"11:10";"1";"45";"45232";"2";"3";"2";"6";" Rue de la Source- Rue Jules Marie Simon ";"47,8641700";"1,9015400"
"202000002529";"27";"10";"2020";"18:15";"5";"75";"75116";"2";"4";"2";"4";"BOULEVARD PERIPHERIQUE";"48,8408080";"2,2539150"
"202000002530";"24";"10";"2020";"14:15";"1";"75";"75107";"2";"2";"2";"6";"BOULEVARD DE LA TOUR MAUBOURG";"48,8599400";"2,3101780"
"202000002531";"14";"11";"2020";"23:40";"5";"74";"74085";"2";"1";"1";"6";"1438 Route de Notre Dame de la Gorge";"45,8107720";"6,7282780"
"202000002532";"26";"10";"2020";"00:35";"5";"74";"74154";"1";"1";"1";"6";"route départementale 1005";"46,4061420";"6,6750130"
"202000002533";"10";"11";"2020";"16:30";"2";"74";"74116";"1";"3";"5";"3";"372 Route de la Chapelle";"46,0653150";"6,2836610"
"202000002534";"18";"11";"2020";"17:35";"2";"58";"58194";"2";"3";"2";"6";"MARCEAU";"46,9923000";"3,1597000"
"202000002535";"12";"11";"2020";"12:57";"1";"75";"75119";"2";"1";"1";"6";"AVENUE DE FLANDRE";"48,8861660";"2,3714300"
"202000002536";"27";"8";"2020";"09:15";"1";"974";"97409";"1";"9";"1";"6";"Avenue des Mascareignes";" -20,9350100";"55,6464400"
"202000002537";"22";"6";"2020";"18:30";"1";"91";"91105";"2";"1";"1";"6";"11 Route d'Arpajon";"48,5677880";"2,1754780"
"202000002538";"25";"10";"2020";"17:55";"5";"75";"75112";"2";"2";"3";"2";"PONT DE BERCY";"48,8386260";"2,3761890"
"202000002539";"8";"10";"2020";"05:45";"3";"34";"34300";"1";"1";"1";"3";"A75 - PK 326+500";"43,3830780";"3,3087620"
"202000002540";"12";"12";"2020";"09:35";"1";"38";"38458";"1";"3";"3";" -1";"Route de Vezeronce";"45,6393700";"5,4760300"
"202000002541";"12";"7";"2020";"12:15";"5";"64";"64422";"1";"1";"1";"1";"1748 Route de Bayonne";"43,2097660";" -0,6407300"
"202000002542";"22";"10";"2020";"17:15";"1";"52";"52121";"1";"1";"1";"7";"RD 65 A";"48,1156800";"5,1193100"
"202000002543";"16";"10";"2020";"19:15";"2";"52";"52121";"2";"1";"1";"2";"THIERS (BLD)";"48,1089100";"5,1406700"
"202000002544";"22";"8";"2020";"19:06";"1";"52";"52125";"2";"1";"1";"1";"R.D. 162";"48,1085400";"5,1722500"
"202000002545";"15";"9";"2020";"12:23";"1";"73";"73290";"1";"1";"1";"7";"D1006";"45,2833400";"6,8296060"
"202000002546";"19";"6";"2020";"20:45";"1";"59";"59616";"2";"9";"1";"3";"EDOUARD VAILLANT (RUE)";"50,4721370";"3,5657541"
"202000002547";"23";"8";"2020";"09:11";"1";"76";"76498";"2";"2";"1";"6";"JAURES. AVENUE JEAN";"49,4251700";"1,0569700"
"202000002548";"10";"9";"2020";"08:25";"1";"74";"74133";"1";"1";"1";"1";"ZONE (ROUTE DE)";"46,1776000";"6,2140000"
"202000002549";"28";"12";"2020";"18:25";"5";"43";"43041";"2";"1";"2";"6";"60 Avenue Charles Dupuy";"45,0497200";"3,9180100"
"202000002550";"23";"12";"2020";"14:50";"1";"54";"54280";"2";"1";"3";"6";"FRANCHEPRE (RUE DE)";"49,2278200";"6,0174800"
"202000002551";"6";"2";"2020";"10:30";"1";"17";"17028";"2";"1";"1";"2";"FERRY   RUE JULES";"46,1334400";" -1,1191750"
"202000002552";"6";"2";"2020";"14:45";"1";"17";"17300";"2";"2";"1";"3";"ALBERT IER   RUE";"46,1630800";" -1,1522200"
"202000002553";"3";"2";"2020";"04:50";"5";"17";"17274";"2";"6";"1";"3";"LANGEVIN   AVENUE PAUL";"46,1619400";" -1,0935200"
"202000002554";"24";"12";"2020";"01:25";"5";"09";"09225";"2";"1";"9";"2";"FOIX AVENUE DE";"43,1079800";"1,6177000"
"202000002555";"20";"12";"2020";"21:20";"5";"09";"09122";"2";"1";"2";"6";"FAURE (COURS GABRIEL)";"42,9638300";"1,6077000"
"202000002556";"18";"12";"2020";"07:55";"2";"09";"09122";"2";"1";"1";"2";"BARCELONE (AVENUE DE)";"42,9601037";"1,6157770"
"202000002557";"30";"9";"2020";"14:22";"1";"34";"34108";"2";"9";"1";" -1";"MATTEMALE (CHEMIN DE)";"43,4365738";"3,7243907"
"202000002558";"10";"9";"2020";"21:55";"3";"34";"34301";"1";"1";"1";"6";"RD 612";"43,3897000";"3,6500000"
"202000002559";"5";"9";"2020";"21:10";"5";"34";"34301";"2";"3";"1";"3";"VERDUN (BOULEVARD DE)";"43,4110440";"3,6790820"
"202000002560";"22";"7";"2020";"13:25";"1";"34";"34301";"1";"1";"1";"1";"AGDE (ROUTE DE)";"43,3659600";"3,6131000"
"202000002561";"19";"7";"2020";"18:10";"1";"34";"34301";"2";"1";"1";"6";"BARBUSSE HENRI (RUE)";"43,4051100";"3,6937000"
"202000002562";"14";"7";"2020";"13:40";"1";"34";"34108";"2";"9";"1";"7";"MONTPELLIER (ROUTE DE)";"43,4623200";"3,7660000"
"202000002563";"29";"6";"2020";"08:20";"1";"34";"34108";"2";"9";"1";"3";"INGRIL (AVENUE D')";"43,4471200";"3,8004200"
"202000002564";"10";"6";"2020";"20:45";"2";"34";"34301";"2";"7";"1";"1";"LECLERC PHILIPPE MARECHAL (PROMENADE)";"43,3928000";"3,6913000"
"202000002565";"8";"2";"2020";"16:53";"1";"72";"72050";"1";"1";"2";"7";"D35";"47,9770100";" -0,2412540"
"202000002566";"28";"9";"2020";"10:50";"1";"78";"78481";"2";"2";"2";"6";"GENERAL LECLERC (AVENUE DU)";"48,8890000";"2,0990000"
"202000002567";"7";"10";"2020";"17:00";"1";"64";"64445";"2";"1";"1";"6";"MARGUERITE LABORDE";"43,3000500";" -0,3680600"
"202000002568";"26";"7";"2020";"19:45";"1";"38";"38544";"1";"1";"1";"7";"CD 41";"45,5244096";"4,8852274"
"202000002569";"6";"6";"2020";"10:00";"1";"30";"30028";"2";"1";"1";"6";"MAYRE (AVENUE DE LA)";"44,1567500";"4,6226200"
"202000002570";"6";"7";"2020";"19:45";"1";"35";"35012";"2";"2";"1";"3";"rue JM La Mennais";"47,8409280";" -1,6800810"
"202000002571";"30";"11";"2020";"08:10";"2";"38";"38544";"2";"4";"1";"3";"Avenue Marcellin Berthelot";"45,5399300";"4,8702100"
"202000002572";"28";"11";"2020";"17:00";"5";"38";"38104";"2";"2";"1";"3";"D1516";"45,5819700";"5,5815000"
"202000002573";"28";"11";"2020";"16:40";"1";"38";"38544";"2";"3";"1";"6";"Quartier Lafayette";"45,5278200";"4,8988500"
"202000002574";"26";"11";"2020";"16:15";"2";"38";"38054";"1";"2";"1";"1";"D52";"45,7808300";"5,4488800"
"202000002575";"25";"11";"2020";"17:00";"2";"38";"38053";"2";"3";"1";"3";"Avenue de Champ - Fleuri";"45,6038500";"5,2702000"
"202000002576";"25";"11";"2020";"09:35";"1";"38";"38170";"2";"1";"1";"7";"Route de Lyon";"45,2505590";"5,6649110"
"202000002577";"20";"11";"2020";"14:45";"1";"38";"38314";"1";"1";"1";"7";"D288";"45,4349900";"6,0293200"
"202000002578";"12";"11";"2020";"17:10";"2";"38";"38244";"1";"1";"1";"1";"Route de Chalon - Route Départemntale 46";"45,4342450";"4,9322610"
"202000002579";"12";"11";"2020";"10:40";"1";"38";"38053";"2";"1";"1";"6";"Avenue Henri Barbusse";"45,5956200";"5,2685400"
"202000002580";"20";"10";"2020";"16:15";"1";"73";"73300";"1";"1";"1";"1";"Voie lacustre Bd Charcot";"45,6797423";"5,8938684"
"202000002581";"26";"10";"2020";"04:50";"4";"42";"42095";"2";"9";"2";"6";"Rue Trémollet";"45,3839700";"4,2826100"
"202000002582";"22";"12";"2020";"18:58";"5";"37";"37261";"2";"1";"2";"6";"ALOUETTE (AVENUE)";"47,3639600";"0,6993500"
"202000002583";"10";"1";"2020";"14:00";"1";"92";"92044";"2";"1";"1";"3";"RIVAY (RUE)";"48,8941461";"2,2896529"
"202000002584";"15";"6";"2020";"12:30";"1";"972";"97213";"1";"1";"1";"2";"RD 29 MORNE PITAULT";"14,6202400";" -60,9934300"
"202000002585";"2";"12";"2020";"21:30";"5";"93";"93048";"2";"1";"8";"3";"BD DE CHANZY";"48,8594000";"2,4241700"
"202000002586";"18";"11";"2020";"06:00";"3";"972";"97213";"2";"1";"1";"3";"ROUTE DEPARTEMENTALE 15";"14,6215700";" -61,0064800"
"202000002587";"11";"9";"2020";"23:10";"3";"974";"97407";"2";"1";"1";"7";"MARINE(BOULEVARD)";" -20,9502000";"55,2884000"
"202000002588";"8";"6";"2020";"21:36";"2";"35";"35115";"2";"1";"1";"6";"10 rue Porte Saint-Léonard";"48,3508170";" -1,2041900"
"202000002589";"14";"5";"2020";"17:10";"1";"24";"24557";"2";"9";"1";"3";"AUTOMOBILE (AVENUE DE L')";"45,2019100";"0,7990800"
"202000002590";"12";"5";"2020";"07:40";"1";"58";"58194";"2";"1";"1";"6";"GENERAL DE GAULLE";"46,9881300";"3,1539900"
"202000002591";"8";"12";"2020";"17:25";"5";"60";"60057";"2";"9";"1";"6";"Rue de Buzanval";"49,4331580";"2,0862980"
"202000002592";"26";"12";"2020";"19:30";"5";"94";"94058";"2";"2";"1";"3";"GABRIEL PERI (AV)";"48,8371560";"2,5136410"
"202000002593";"23";"10";"2020";"08:45";"1";"79";"79329";"2";"2";"8";"3";"Rue Ernest Pérochon";"46,9863300";" -0,2166200"
"202000002594";"3";"12";"2020";"18:11";"5";"91";"91345";"2";"3";"2";"6";"RUE PDT FRANCOIS MITTERRAND";"48,6954800";"2,2944700"
"202000002595";"9";"2";"2020";"05:00";"5";"13";"13203";"2";"1";"1";"6";"LOUBON (RUE)";"43,3124480";"5,3807760"
"202000002596";"14";"10";"2020";"22:15";"5";"75";"75111";"2";"2";"1";"3";"BOULEVARD VOLTAIRE";"48,8561830";"2,3828320"
"202000002597";"17";"12";"2020";"11:20";"1";"16";"16102";"2";"3";"1";"6";"Boulevard Denfert Rochereau";"45,6980200";" -0,3277700"
"202000002598";"22";"12";"2020";"10:40";"1";"19";"19276";"2";"9";"1";"6";"Super U (Supermarché)";"45,4398650";"1,5618340"
"202000002599";"11";"12";"2020";"16:05";"1";"01";"01034";"2";"1";"2";"6";"Boulevard du Mail";"45,7594540";"5,6903170"
"202000002600";"23";"10";"2020";"06:45";"4";"14";"14664";"1";"1";"1";"6";"la halbrennière";"49,1205680";" -0,8163360"
"202000002601";"9";"12";"2020";"13:50";"1";"973";"97302";"2";"9";"1";" -1";"RABAN (ROUTE DE)";"4,9346138";" -52,3140085"
"202000002602";"4";"12";"2020";"10:14";"1";"973";"97302";"2";"3";"1";"3";"ZEPHIR (ROCADE)";"4,9379938";" -52,3064141"
"202000002603";"5";"12";"2020";"16:14";"1";"63";"63032";"2";"3";"2";"6";"Rue de Montpoly";"45,7511740";"3,0798277"
"202000002604";"18";"12";"2020";"18:55";"3";"91";"91174";"1";"1";"1";"4";"RN 104";"48,6217200";"2,4630500"
"202000002605";"23";"9";"2020";"12:45";"1";"976";"97611";"2";"1";"1";"6";"kaweni-Grande Traverse (rue de la)";" -12,7651900";"45,2252100"
"202000002606";"12";"12";"2020";"08:40";"1";"976";"97611";"2";"1";"1";"6";"passamanty-Vahibé ( route )";" -12,8010000";"45,2071300"
"202000002607";"17";"12";"2020";"07:15";"1";"976";"97611";"2";"1";"1";"6";"cavani-Baobab (ront point )";" -12,7853700";"45,2262200"
"202000002608";"20";"12";"2020";"17:35";"1";"976";"97611";"1";"1";"1";"6";"vahibe-Departementale 3 ( route )";" -12,7860300";"45,1741000"
"202000002609";"22";"12";"2020";"17:15";"2";"34";"34172";"2";"1";"5";"6";"GALOIS (ROND-POINT EVARISTE)";"43,6081040";"3,9116200"
"202000002610";"31";"7";"2020";"06:50";"2";"07";"07204";"2";"4";"1";"3";"Rue de Rascle";"45,0121403";"4,4016143"
"202000002611";"1";"6";"2020";"15:00";"1";"19";"19275";"1";"4";"8";"3";"R.D. 1089 SUD";"45,5280600";"2,2949500"
"202000002612";"14";"8";"2020";"05:00";"5";"18";"18279";"2";"2";"1";" -1";"REPUBLIQUE (AVENUE DE LA)";"47,2222700";"2,0677000"
"202000002613";"21";"12";"2020";"19:17";"5";"976";"97611";"1";"1";"1";"6";"kaweni-Centrale EDM (rue de la )";" -12,7741800";"45,2233600"
"202000002614";"16";"9";"2020";"18:00";"1";"07";"07204";"1";"4";"1";"3";"D9";"45,0169290";"4,4028350"
"202000002615";"11";"12";"2020";"17:05";"5";"68";"68224";"2";"3";"2";"6";"Rue des Vallons";"47,7300197";"7,3291065"
"202000002616";"18";"2";"2020";"16:25";"1";"36";"36044";"2";"1";"1";"6";"Boulevard de Cluis";"46,8063300";"1,7003600"
"202000002617";"14";"8";"2020";"12:49";"1";"976";"97611";"1";"1";"1";"6";"tsoundzou-Mangadzia  Tsoundzou 2 (rue )";" -12,8196025";"45,1962039"
"202000002618";"23";"9";"2020";"15:45";"1";"75";"75108";"2";"1";"1";"3";"RUE DE LABORDE";"48,8754890";"2,3173680"
"202000002619";"24";"12";"2020";"17:55";"3";"51";"51078";"1";"1";"2";"1";"D21";"49,0923497";"4,3531763"
"202000002620";"15";"11";"2020";"16:03";"1";"971";"97129";"1";"1";"1";"3";"Le Comté de Lohéac";"16,3436090";" -61,7179460"
"202000002621";"29";"9";"2020";"22:28";"5";"37";"37214";"2";"1";"1";"7";"LEBRUN (RUE HENRI)";"47,4008100";"0,6788900"
"202000002622";"29";"9";"2020";"07:44";"1";"37";"37261";"2";"7";"2";"6";"JAURES (PLACE JEAN)";"47,3897932";"0,6891889"
"202000002623";"1";"10";"2020";"15:50";"1";"75";"75119";"2";"6";"8";"3";"PLACE DU COLONEL FABIEN";"48,8777590";"2,3706020"
"202000002624";"4";"1";"2020";"14:05";"1";"92";"92024";"2";"1";"1";"3";"GENERAL LECLERC (BD DU) (9 A 59) ET (4 A";"48,9073258";"2,3085801"
"202000002625";"30";"5";"2020";"07:00";"1";"92";"92025";"2";"1";"1";"7";"VALMY > 1 A 53   2 A 66 (BD DE)";"48,9240637";"2,2525922"
"202000002626";"7";"8";"2020";"06:49";"1";"45";"45234";"2";"1";"1";"6";"Avenue Roger Secretain";"47,8854700";"1,8972000"
"202000002627";"10";"7";"2020";"19:50";"1";"26";"26362";"2";"1";"1";"2";"CHABEUIL AVENUE DE (102)";"44,9309700";"4,9030400"
"202000002628";"16";"12";"2020";"19:20";"3";"69";"69256";"2";"3";"1";"7";"GEORGES DIMITROV                    (AV)";"45,7771300";"4,9247200"
"202000002629";"22";"11";"2020";"13:00";"1";"988";"98802";"1";"1";"1";"7";"PK 91 +250, RT1 OUAMENIE";" -21,8497880";"165,9366200"
"202000002630";"2";"12";"2020";"16:32";"1";"29";"29019";"2";"2";"2";"3";"Boulevard de l’Europe";"48,4162800";" -4,4682600"
"202000002631";"26";"8";"2020";"14:15";"1";"02";"02408";"2";"1";"1";"6";"TIMBAUD (RUE PIERRE)";"49,5631200";"3,6364700"
"202000002632";"10";"8";"2020";"15:50";"1";"976";"97611";"2";"1";"1";"6";"doujani-Mouhindi Hassani (rue )";" -12,7932485";"45,2162089"
"202000002633";"8";"6";"2020";"11:55";"1";"976";"97611";"2";"1";"1";"6";"tsoundzou-Maternelle ( rue de la )";" -12,8062100";"45,2075100"
"202000002634";"14";"5";"2020";"11:20";"1";"976";"97611";"2";"1";"1";"6";"passamanty-Manguiers (quartier les)";" -12,7997800";"45,2033300"
"202000002635";"24";"12";"2020";"16:57";"1";"976";"97611";"2";"1";"1";"6";"doujani-Mosquée doujani ( rue )";" -12,7931100";"45,2094600"
"202000002636";"2";"10";"2020";"18:25";"1";"74";"74008";"2";"6";"2";"3";"PAIX (RUE DE LA)";"46,1964100";"6,2193400"
"202000002637";"24";"10";"2020";"15:10";"1";"59";"59122";"2";"1";"2";"6";"DUNKERQUE (AVENUE DE)";"50,1823091";"3,2357313"
"202000002638";"18";"12";"2020";"16:55";"2";"22";"22106";"2";"1";"1";"2";"SEGUIN (RUE MARC)";"48,4924100";" -2,7272800"
"202000002639";"6";"11";"2020";"17:55";"1";"987";"98725";"2";"1";"1";" -1";"RT 2";" -17,5067980";" -149,4858010"
"202000002640";"17";"8";"2020";"11:45";"1";"2A";"2A004";"2";"1";"1";"4";"AVENUE DU DOCTEUR NOEL FRANCHINI";"41,9399900";"8,7562500"
"202000002641";"1";"11";"2020";"15:50";"1";"82";"82121";"2";"5";"1";"6";"LIBERATION (PLACE DE LA )";"44,0224180";"1,3611890"
"202000002642";"9";"10";"2020";"15:50";"1";"49";"49246";"2";"2";"2";"6";"Avenue Gallieni";"47,4376400";" -0,5113100"
"202000002643";"23";"11";"2020";"16:10";"1";"26";"26281";"2";"1";"1";"6";"VOLTAIRE (BOULVEVARD)";"45,0446360";"5,0574550"
"202000002644";"18";"9";"2020";"13:05";"1";"75";"75119";"2";"3";"1";"6";"RUE DE SOISSONS";"48,8857850";"2,3709540"
"202000002645";"1";"10";"2020";"12:10";"1";"69";"69227";"1";"1";"2";"1";"D122";"45,6784970";"4,5686190"
"202000002646";"8";"12";"2020";"16:40";"2";"45";"45208";"2";"1";"8";"6";"Rue du Faubourg de la Chaussee";"47,9979300";"2,7390800"
"202000002647";"12";"8";"2020";"20:05";"1";"09";"09261";"2";"3";"1";"3";"77 Route de Foix";"42,9917900";"1,1552110"
"202000002648";"10";"12";"2020";"18:35";"5";"54";"54526";"2";"3";"1";"6";"PAIX (AVENUE DE LA)";"48,6875800";"6,2110900"
"202000002649";"19";"10";"2020";"14:56";"3";"49";"49007";"2";"1";"1";"6";"FOCH BOULEVARD";"47,4722300";" -0,5462400"
"202000002650";"22";"10";"2020";"11:10";"1";"94";"94016";"2";"1";"1";"6";"CAMILLE DESMOULINS (R)";"48,7900000";"2,3309700"
"202000002651";"31";"8";"2020";"14:00";"1";"09";"09261";"1";"1";"1";"1";"D117";"42,9992330";"1,1348320"
"202000002652";"26";"8";"2020";"07:45";"2";"09";"09209";"1";"1";"1";"6";"D117";"42,9934110";"1,1658920"
"202000002653";"14";"6";"2020";"00:30";"5";"13";"13208";"2";"1";"1";"6";"POMPIDOU (PROMENADE)";"43,2632229";"5,3741025"
"202000002654";"12";"7";"2020";"12:30";"1";"76";"76157";"1";"1";"1";"3";"VAUPALIERE. ROUTE DE LA";"49,4635546";"1,0201138"
"202000002655";"23";"5";"2020";"09:40";"1";"76";"76540";"2";"7";"1";"6";"CAUCHOISE. PLACE";"49,4456600";"1,0867000"
"202000002656";"2";"9";"2020";"09:30";"1";"59";"59011";"2";"1";"1";"6";"2 Rue Singer";"50,5302583";"2,9352707"
"202000002657";"24";"11";"2020";"07:10";"3";"33";"33063";"1";"1";"1";"6";"Parking hôpital Pellegrin";"44,8285700";" -0,6070600"
"202000002658";"2";"3";"2020";"10:30";"1";"13";"13213";"2";"1";"2";"6";"ALBERT EINSTEIN (RUE)";"43,3392340";"5,4396860"
"202000002659";"24";"6";"2020";"19:00";"1";"45";"45298";"2";"1";"1";"1";"MOINES (RUE DES)";"47,8862570";"1,8734460"
"202000002660";"26";"6";"2020";"17:00";"1";"45";"45234";"2";"1";"1";"1";"Rue du Faubourg Bannier";"47,9175508";"1,8987048"
"202000002661";"30";"11";"2020";"11:00";"1";"13";"13001";"2";"2";"1";"3";"EUROPE (AV)";"43,5236100";"5,4371300"
"202000002662";"27";"9";"2020";"11:00";"1";"95";"95197";"2";"3";"2";"3";"Boulevard de Montmorency";"48,9780587";"2,3167580"
"202000002663";"23";"11";"2020";"16:50";"1";"64";"64102";"2";"6";"1";"3";"6 CHEMIN DES BARTHES";"43,4983000";" -1,4935600"
"202000002664";"27";"7";"2020";"21:30";"1";"93";"93005";"2";"1";"1";"6";"AULNES (RUE DES)";"48,9492040";"2,5071140"
"202000002665";"9";"10";"2020";"06:30";"5";"92";"92025";"2";"1";"2";"3";"G.PERI 194 A 416   249 A 435 (RUE)";"48,9172096";"2,2362810"
"202000002666";"19";"11";"2020";"19:45";"5";"13";"13075";"2";"1";"1";"3";"LIBERATION (AVE DE LA)";"43,3411223";"5,4568990"
"202000002667";"18";"9";"2020";"08:10";"1";"06";"06029";"2";"1";"9";"6";"ST PIERRE (QUAI)";"43,5508600";"7,0123700"
"202000002668";"4";"4";"2020";"09:18";"1";"976";"97611";"2";"1";"1";"7";"kaweni-Kaweni sud  (Z I)";" -12,7725700";"45,2231600"
"202000002669";"18";"11";"2020";"14:30";"1";"01";"01053";"2";"3";"1";"6";"Rue du Grand Challes";"46,2202420";"5,2340020"
"202000002670";"9";"7";"2020";"15:30";"1";"976";"97611";"2";"9";"1";"6";"cavani-Belle vue (rue)";" -12,7865200";"45,2195300"
"202000002671";"6";"7";"2020";"16:00";"1";"976";"97611";"2";"1";"1";"6";"kaweni-Caserne ( rue de la )";" -12,7757000";"45,2245500"
"202000002672";"4";"12";"2020";"11:23";"1";"64";"64284";"2";"1";"1";"6";"CHARLES DE GAULLE";"43,2873600";" -0,3905500"
"202000002673";"21";"11";"2020";"20:00";"5";"41";"41018";"2";"1";"1";"1";"PORTE COTE (RUE)";"47,5870700";"1,3316500"
"202000002674";"21";"9";"2020";"10:11";"1";"02";"02722";"2";"6";"1";"6";"CHATEAU-THIERRY ( AVENUE DE )";"49,3707300";"3,3297800"
"202000002675";"13";"9";"2020";"18:35";"1";"02";"02722";"2";"6";"1";"3";"REPUBLIQUE  (PLACE DE LA)";"49,3763800";"3,3296600"
"202000002676";"26";"5";"2020";"11:15";"1";"02";"02408";"2";"1";"1";"7";"BASSELET (RUE VICTOR)";"49,5744300";"3,6184700"
"202000002677";"6";"2";"2020";"14:20";"1";"02";"02408";"2";"1";"1";"6";"BROSSOLETTE (BOULEVARD PIERRE)";"49,5695480";"3,6086540"
"202000002678";"26";"2";"2020";"07:35";"2";"02";"02408";"2";"1";"8";"6";"MENDES-FRANCE (AVENUE PIERRE)";"49,5800800";"3,6425600"
"202000002679";"30";"11";"2020";"00:05";"5";"92";"92051";"1";"1";"1";"2";"RN13";"48,8867061";"2,2546938"
"202000002680";"29";"11";"2020";"09:20";"1";"93";"93053";"1";"1";"1";"6";"AUTOROUTE A3";"48,8925100";"2,4730300"
"202000002681";"28";"11";"2020";"23:45";"3";"93";"93048";"1";"1";"1";"6";"AUTOROUTE A86";"48,8615000";"2,4837000"
"202000002682";"30";"11";"2020";"08:10";"1";"77";"77258";"1";"1";"1";"3";"A4.W";"48,8302104";"2,6272623"
"202000002683";"28";"6";"2020";"03:15";"5";"14";"14079";"2";"1";"1";"1";"MICHEL D'ORNANO (AVENUE)";"49,3324100";"0,0146600"
"202000002684";"14";"6";"2020";"04:30";"5";"14";"14220";"2";"3";"1";" -1";"REPUBLIQUE (AVENUE DE LA)";"49,3559800";"0,0703300"
"202000002685";"30";"11";"2020";"07:00";"1";"988";"98818";"2";"1";"1";"2";"VOIE DE DEGAGEMENT EST";" -22,2795300";"166,4640800"
"202000002686";"29";"11";"2020";"20:45";"5";"988";"98818";"2";"1";"1";"6";"GERVOLINO (RUE MARCEL)";" -22,2415500";"166,4633400"
"202000002687";"29";"11";"2020";"08:55";"1";"974";"97416";"1";"1";"7";"7";"Boulevard Hubert Delisle";" -21,3425000";"55,4656200"
"202000002688";"29";"11";"2020";"14:10";"1";"69";"69387";"2";"3";"1";"3";"GAMBETTA                            (CO)";"45,7500000";"4,8582700"
"202000002689";"28";"11";"2020";"10:45";"1";"69";"69266";"2";"9";"1";" -1";" FRANCIS DE PRESSENSE (Rue)";"45,7717000";"4,8796400"
"202000002690";"29";"11";"2020";"19:20";"5";"64";"64102";"2";"2";"1";"3";"ALSACE LORRAINE (BOULEVARD)";"43,4947000";" -1,4685800"
"202000002691";"12";"10";"2020";"07:00";"2";"62";"62893";"2";"9";"1";"1";"SAINT SAENS ( Rue Camille )";"50,7801400";"1,6281900"
"202000002692";"28";"11";"2020";"11:50";"1";"61";"61169";"2";"2";"1";"3";"BELFORT (RUE DE)";"48,7447900";" -0,5670300"
"202000002693";"28";"11";"2020";"11:25";"1";"59";"59350";"2";"1";"1";"3";"HUGO VICTOR  BVD N°104 - 294";"50,6218378";"3,0602711"
"202000002694";"29";"11";"2020";"19:15";"5";"35";"35238";"2";"1";"1";"3";"CHARPENTIER (GUSTAVE)";"48,1259700";" -1,6574900"
"202000002695";"30";"11";"2020";"00:00";"5";"33";"33550";"2";"1";"1";"6";"CHEM DE CAMPARIAN";"44,7733200";" -0,5759400"
"202000002696";"29";"11";"2020";"02:35";"5";"25";"25056";"2";"1";"1";"6";"BLUM  BOULEVARD LEON (inf 51)";"47,2570900";"6,0215300"
"202000002697";"29";"11";"2020";"13:30";"1";"17";"17306";"2";"2";"1";"3";"PALISSY BERNARD";"45,6300390";" -1,0354740"
"202000002698";"29";"11";"2020";"15:00";"1";"13";"13209";"2";"1";"1";"3";"GUSTAVE GANAY (BOULEVARD)";"43,2660100";"5,4004000"