"Num_Acc";"jour";"mois";"an";"hrmn";"lum";"dep";"com";"agg";"int";"atm";"col";"adr";"lat";"long"
"202000002699";"29";"11";"2020";"12:03";"1";"13";"13208";"1";"1";"1";"3";"RABATAU (BOULEVARD)";"43,2745140";"5,3944546"
"202000002700";"28";"11";"2020";"11:35";"1";"09";"09122";"2";"7";"2";"6";"SAINT JAMMES (RUE)";"42,9641172";"1,6050459"
"202000002701";"28";"11";"2020";"10:00";"1";"04";"04112";"2";"4";"1";"3";"RD 907 / Pl. Dr Caire";"43,8311899";"5,7784498"
"202000002702";"28";"11";"2020";"18:15";"5";"03";"03185";"2";"2";"1";"3";"Rue Neuve";"46,3569078";"2,5919157"
"202000002703";"29";"11";"2020";"20:25";"5";"75";"75114";"2";"4";"1";"2";"PORTE DE CHATILLON";"48,8219220";"2,3167330"
"202000002704";"29";"11";"2020";"02:30";"5";"75";"75114";"2";"1";"1";"2";"PORTE DE CHATILLON";"48,8235200";"2,3103580"
"202000002705";"29";"11";"2020";"18:10";"5";"75";"75116";"2";"1";"2";"2";"PORTE MAILLOT";"48,8776550";"2,2803440"
"202000002706";"29";"11";"2020";"21:45";"5";"75";"75112";"2";"2";"1";"3";"PONT D AUSTERLITZ";"48,8458490";"2,3676300"
"202000002707";"29";"11";"2020";"18:00";"5";"75";"75108";"2";"3";"1";"2";"BOULEVARD MALESHERBES";"48,8756770";"2,3188520"
"202000002708";"29";"11";"2020";"16:45";"1";"94";"94078";"2";"1";"1";"6";"PRESIDENT JOHN FITZGERALD KENNEDY (AV DU";"48,7333200";"2,4600000"
"202000002709";"29";"11";"2020";"14:15";"1";"94";"94046";"2";"2";"8";"3";"GENERAL LECLERC (AV DU)";"48,8057300";"2,4408400"
"202000002710";"29";"11";"2020";"09:45";"1";"94";"94069";"2";"2";"1";"3";"JOHN FITZGERALD KENNEDY (AV)";"48,8149700";"2,4631100"
"202000002711";"29";"11";"2020";"17:20";"5";"93";"93048";"2";"1";"1";"3";"PARIS (RUE DE)";"48,8562794";"2,4262145"
"202000002712";"29";"11";"2020";"18:40";"5";"93";"93027";"2";"1";"1";"2";"LECLERC (AVENUE DU GENERAL)";"48,9271100";"2,3800100"
"202000002713";"29";"11";"2020";"10:30";"1";"93";"93010";"2";"1";"1";"1";"MOULIN (AV. JEAN) COTE PAIRS";"48,9125310";"2,4777481"
"202000002714";"29";"11";"2020";"16:17";"2";"92";"92072";"2";"1";"1";"7";"PAVE DES GARDES (ROUTE DU)";"48,8115283";"2,2109543"
"202000002715";"19";"11";"2020";"15:35";"1";"92";"92063";"2";"4";"1";"3";"HOPITAL STELL (BOULEVARD DE L')";"48,8769400";"2,1866300"
"202000002716";"16";"11";"2020";"08:15";"2";"92";"92063";"2";"1";"1";"3";"BONAPARTE (AVENUE NAPOLEON) NORD";"48,8744700";"2,1672300"
"202000002717";"29";"11";"2020";"08:30";"2";"92";"92024";"2";"6";"1";"3";"REPUBLIQUE (PLACE DE LA)";"48,9033792";"2,3128822"
"202000002718";"29";"11";"2020";"17:45";"5";"92";"92007";"2";"6";"1";"3";"FROIDE (RUE)";"48,7970396";"2,3017712"
"202000002719";"29";"11";"2020";"19:00";"5";"92";"92004";"2";"9";"1";"1";"ARGENTEUIL N° 176 A 388";"48,9239615";"2,2754326"
"202000002720";"28";"11";"2020";"20:45";"5";"92";"92004";"1";"1";"1";"3";"PONT DE CLICHY";"48,9102210";"2,2992120"
"202000002721";"27";"11";"2020";"20:25";"3";"01";"01261";"1";"1";"1";"1";"D82";"45,9659100";"4,9383440"
"202000002722";"29";"11";"2020";"19:37";"3";"31";"31497";"1";"1";"1";"6";"55 Route de Castelmaurou";"43,6960340";"1,4902970"
"202000002723";"29";"11";"2020";"17:40";"3";"63";"63406";"1";"1";"1";"7";"D51";"45,9747610";"3,2127710"
"202000002724";"29";"11";"2020";"20:00";"5";"974";"97414";"2";"1";"1";"1";"Rue François de Mahy";" -21,2891790";"55,4172060"
"202000002725";"30";"11";"2020";"07:50";"2";"51";"51075";"1";"1";"5";"1";"Route de Fresne";"49,3278913";"4,1019017"
"202000002726";"29";"11";"2020";"16:45";"1";"56";"56078";"1";"2";"1";"2";"ZI de la Garderie";"47,8170050";" -3,4872440"
"202000002727";"30";"11";"2020";"07:20";"2";"79";"79334";"1";"1";"1";"1";"N/A";"46,1487250";" -0,5801730"
"202000002728";"28";"11";"2020";"18:08";"3";"65";"65473";"1";"1";"1";"7";"D921 Route de Luz";"42,9422870";" -0,0525280"
"202000002729";"29";"11";"2020";"10:10";"1";"63";"63331";"1";"1";"1";"7";"D67";"45,5047300";"3,9342860"
"202000002730";"24";"11";"2020";"11:00";"1";"49";"49378";"1";"6";"1";"3";"Route de Vernantes";"47,3086560";" -0,0310490"
"202000002731";"27";"11";"2020";"10:15";"1";"86";"86145";"1";"1";"1";"6";"Route de la Royaute";"46,4971260";"0,2505510"
"202000002732";"28";"11";"2020";"13:35";"1";"39";"39478";"1";"1";"1";"6";"Route reliant Cuttura à Valfin les Saint Claude";"46,4312710";"5,8445900"
"202000002733";"27";"11";"2020";"21:30";"4";"39";"39073";"2";"1";"1";"6";"4 Rue des Rosiers";"46,8709850";"5,6239700"
"202000002734";"29";"11";"2020";"15:56";"1";"29";"29105";"1";"1";"1";"7";"D712 - Lieu-dit Canardic";"48,4988840";" -4,0928150"
"202000002735";"15";"10";"2020";"07:40";"5";"29";"29061";"1";"1";"1";"7";"D788 - Pen Ar Valy";"48,4390020";" -4,4658440"
"202000002736";"30";"11";"2020";"17:30";"3";"03";"03025";"1";"1";"1";"2";"RN 7 - PK 026.950";"46,4732460";"3,3676530"
"202000002737";"29";"11";"2020";"16:45";"2";"14";"14124";"1";"1";"1";"6";"124";"49,3311210";" -1,0153990"
"202000002738";"28";"11";"2020";"12:20";"1";"18";"18165";"1";"1";"1";"6";"D22";"47,3200540";"2,1944010"
"202000002739";"1";"11";"2020";"13:00";"1";"07";"07080";"1";"1";"1";"3";"LIEU DIT MALLEVAL";"45,0604040";"4,4306450"
"202000002740";"30";"11";"2020";"14:15";"1";"04";"04049";"2";"2";"1";"2";"Rue Henri Merle / Cours Péchiney";"44,0714880";"5,9966420"
"202000002741";"30";"11";"2020";"09:48";"1";"27";"27084";"1";"1";"5";"5";"les noes";"49,3099000";"0,8511400"
"202000002742";"29";"11";"2020";"14:30";"1";"17";"17346";"2";"1";"1";"6";"32 Avenue du Pont Suspendu";"45,9227410";" -0,8970000"
"202000002743";"27";"11";"2020";"17:45";"2";"87";"87168";"1";"1";"1";"3";"RD 699, LE REMLAI";"45,7102250";"0,7953290"
"202000002744";"28";"11";"2020";"06:40";"3";"21";"21423";"1";"1";"1";"2";"A6";"46,9937190";"4,8561290"
"202000002745";"11";"7";"2020";"09:35";"1";"971";"97103";"1";"6";"1";"2";"RN2 - Rond point de Wonche";"16,2594420";" -61,6177010"
"202000002746";"28";"11";"2020";"19:00";"3";"51";"51087";"1";"1";"1";"5";"A26";"48,8572704";"4,2852978"
"202000002747";"12";"11";"2020";"13:00";"1";"975";"97502";"1";"1";"1";"1";"Boulevard de Port-En-Bessin";"46,7750940";" -56,1656120"
"202000002748";"30";"11";"2020";"02:15";"3";"45";"45290";"1";"1";"8";"6";"53 route de gien";"47,8523780";"2,2884710"
"202000002749";"29";"11";"2020";"12:45";"1";"83";"83068";"1";"1";"1";"7";"2094 Route de Sainte Maxime";"43,2768190";"6,5621050"
"202000002750";"30";"11";"2020";"07:55";"2";"71";"71176";"2";"1";"1";"6";"Boulevard de Macon";"46,4765651";"4,0005095"
"202000002751";"30";"11";"2020";"07:40";"5";"57";"57620";"2";"6";"1";"6";"21 Avenue Gambetta";"49,1913730";"6,0038240"
"202000002752";"26";"11";"2020";"18:00";"2";"73";"73079";"1";"1";"1";"6";"D204 Lieu dits ""le pont""";"45,5512065";"6,2072763"
"202000002753";"29";"11";"2020";"10:05";"1";"44";"44074";"2";"2";"1";"3";"rue jean jaurès";"47,1994230";" -1,6705120"
"202000002754";"26";"11";"2020";"01:45";"3";"14";"14469";"1";"1";"1";"7";"Route départementale n°90";"48,9058450";" -0,0169520"
"202000002755";"30";"11";"2020";"17:35";"5";"14";"14047";"2";"1";"8";"4";"Boulevard du 6 Juin";"49,2791030";" -0,7187680"
"202000002756";"29";"11";"2020";"07:00";"5";"29";"29006";"2";"1";"1";"6";"D44 - Route de Fouesnant";"47,8777022";" -4,0876252"
"202000002757";"26";"11";"2020";"20:50";"3";"22";"22054";"1";"1";"2";"7";"Rue de Clairville";"48,6296610";" -2,4320450"
"202000002758";"30";"11";"2020";"07:35";"2";"60";"60257";"1";"1";"5";"1";"D923";"49,2562660";"1,9894700"
"202000002759";"29";"11";"2020";"12:00";"1";"13";"13055";"1";"1";"1";"2";"A507 sens Aubagne- Marseille";"43,2896100";"5,4247000"
"202000002760";"27";"11";"2020";"19:15";"3";"13";"13071";"1";"1";"1";"7";"A7-Sens Marseille vers Lyon";"43,4033920";"5,3445280"
"202000002761";"27";"11";"2020";"18:15";"3";"13";"13106";"1";"1";"1";"3";"A7-Sens Lyon vers Marseille";"43,3878000";"5,3508000"
"202000002762";"27";"11";"2020";"09:20";"1";"13";"13088";"1";"1";"1";"2";"A55-Sens Martigues vers Marseille";"43,3867700";"5,2418600"
"202000002763";"28";"11";"2020";"13:20";"1";"69";"69081";"1";"1";"1";"3";"BPNL   34.000 A 34.614";"45,7723400";"4,7896200"
"202000002764";"29";"11";"2020";"21:50";"3";"33";"33065";"1";"1";"1";"6";"ROUTE NATIONALE 230";"44,8139100";" -0,5208300"
"202000002765";"27";"11";"2020";"23:06";"3";"91";"91161";"1";"1";"1";"4";"AUTOROUTE A6";"48,7032100";"2,3071000"
"202000002766";"26";"7";"2020";"21:30";"5";"67";"67180";"2";"1";"1";"1";"MARX (RUE)";"48,8203010";"7,8000240"
"202000002767";"27";"11";"2020";"19:30";"5";"987";"98735";"2";"2";"1";"3";"PRINCE HINOI (AVENUE BLOC STATION TAUNOA";" -17,5320900";" -149,5561600"
"202000002768";"28";"11";"2020";"14:25";"1";"974";"97416";"2";"3";"1";"3";"PRESBYTERE(RUE)";" -21,3350400";"55,4734400"
"202000002769";"28";"11";"2020";"17:35";"1";"974";"97409";"2";"3";"1";"3";"CAMBUSTON (rue de)";" -20,9320400";"55,6434200"
"202000002770";"28";"11";"2020";"08:00";"1";"974";"97409";"1";"9";"1";"5";"RN2 Sens Saint Benoit Saint Denis";" -20,9601800";"55,6576400"
"202000002771";"28";"11";"2020";"19:30";"3";"974";"97407";"2";"1";"1";"6";"VOIE DE LIAISON PORTUAIRE EST/ OUEST";" -20,9301000";"55,3021400"
"202000002772";"28";"11";"2020";"18:15";"2";"973";"97302";"2";"1";"1";"7";"MANDELA  (BOULEVARD)";"4,9378312";" -52,3260999"
"202000002773";"28";"11";"2020";"11:00";"1";"972";"97213";"1";"1";"1";"3";"AUTOROUTE A1";"14,6183297";" -61,0324001"
"202000002774";"27";"11";"2020";"22:10";"5";"972";"97209";"2";"1";"1";"6";"BISHOP (Avenue Maurice)";"14,6131700";" -61,0524000"
"202000002775";"27";"11";"2020";"15:20";"1";"69";"69385";"2";"1";"1";"7";"PAUL DUQUAIRE                       (PL)";"45,7626979";"4,8806658"
"202000002776";"28";"11";"2020";"00:50";"5";"971";"97101";"1";"9";"1";"6";"DOTHEMARE";"16,2673000";" -61,5175000"
"202000002777";"27";"11";"2020";"07:35";"1";"971";"97105";"2";"1";"1";"6";"CHAMP D'ARBAUD (RUE DU)";"15,9941253";" -61,7262876"
"202000002778";"28";"11";"2020";"14:40";"1";"91";"91549";"2";"1";"7";"6";"REGIMENT NORMANDIE-NIEMEN (AVENUE DU)";"48,6376000";"2,3285600"
"202000002779";"28";"11";"2020";"11:45";"1";"83";"83137";"2";"1";"2";"5";"FAVIERES (CHEMIN DES)";"43,1517840";"5,9683925"
"202000002780";"28";"11";"2020";"22:25";"5";"81";"81163";"2";"9";"1";"6";"PONT DE CAVILLE";"43,4934700";"2,3760900"
"202000002781";"28";"11";"2020";"08:55";"2";"78";"78481";"2";"1";"1";"3";"Pont Georges Pompidou";"48,8979180";"2,1070940"
"202000002782";"27";"11";"2020";"07:45";"1";"71";"71270";"2";"1";"1";"3";"LUMIERE (RUE DES FRERES)";"46,2869588";"4,8202444"
"202000002783";"28";"11";"2020";"18:35";"5";"69";"69115";"2";"6";"1";"2";"LOUP (chemin du)";"45,9777633";"4,7077216"
"202000002784";"28";"11";"2020";"17:48";"3";"68";"68056";"1";"1";"5";"6";"19ème Dragon (rue)";"47,7131600";"7,3331400"
"202000002785";"28";"11";"2020";"23:30";"5";"64";"64024";"2";"1";"1";"6";"CHAMBRE D'AMOUR (AVENUE DE LA)";"43,4949444";" -1,5319072"
"202000002786";"28";"11";"2020";"11:28";"1";"64";"64102";"2";"1";"1";"2";"RESPLANDY (AVENUE DU CAPITAINE)";"43,4854407";" -1,4600827"
"202000002787";"27";"11";"2020";"22:00";"5";"60";"60175";"2";"1";"1";"6";"PASCAL (RUE BLAISE)";"49,2552100";"2,4867500"
"202000002788";"26";"11";"2020";"15:15";"1";"54";"54431";"2";"1";"1";"2";"CHAMPAGNE (AVENUE DE)";"48,9132900";"6,0568600"
"202000002789";"28";"11";"2020";"08:30";"1";"54";"54304";"2";"3";"5";"3";"MOSELLE (RUE DE LA)";"48,6986600";"6,1324700"
"202000002790";"28";"11";"2020";"10:50";"1";"44";"44162";"2";"1";"7";"6";"RUE OCEANE";"47,2248000";" -1,6259700"
"202000002791";"28";"11";"2020";"10:27";"1";"37";"37233";"2";"6";"1";"6";"JAURES (BOULEVARD JEAN)";"47,3920986";"0,7255387"
"202000002792";"28";"11";"2020";"19:21";"5";"35";"35238";"2";"1";"2";"7";"Loriettes (Rue des)";"48,0839500";" -1,6780700"
"202000002793";"27";"11";"2020";"17:30";"5";"25";"25056";"2";"2";"1";"3";"CHURCHILL BD WINSTON";"47,2464800";"5,9979400"
"202000002794";"28";"11";"2020";"18:50";"3";"17";"17142";"1";"1";"1";"7";"N11";"46,1818100";" -1,0877000"
"202000002795";"28";"11";"2020";"18:35";"5";"15";"15014";"2";"1";"1";"3";"JORDANNE (RUE DE LA)";"44,9140300";"2,4424400"
"202000002796";"24";"11";"2020";"18:45";"5";"14";"14327";"2";"1";"1";"6";"LION CD60 (ROUTE DE)";"49,2064000";" -0,3509000"
"202000002797";"28";"11";"2020";"17:40";"5";"13";"13208";"2";"1";"1";"3";"RABATAU (BOULEVARD)";"43,2733231";"5,3927180"
"202000002798";"28";"11";"2020";"06:10";"5";"13";"13214";"2";"1";"1";"3";"LAVOISIER (BOULEVARD)";"43,3383900";"5,3673700"
"202000002799";"25";"11";"2020";"17:55";"5";"13";"13001";"2";"2";"1";"3";"BELLEC MAURICE (RTE DU COLONEL)";"43,5768957";"5,4103899"
"202000002800";"28";"11";"2020";"01:46";"5";"06";"06088";"2";"1";"1";"5";"PAPE JEAN XXIII (BD)";"43,7147450";"7,2947160"
"202000002801";"28";"11";"2020";"17:35";"2";"06";"06123";"2";"1";"1";"7";"BORD DE MER RN 98";"43,6580000";"7,1853000"
"202000002802";"28";"11";"2020";"12:05";"1";"75";"75105";"2";"7";"1";"6";"RUE GEOFFROY SAINT HILAIRE";"48,8399890";"2,3564070"
"202000002803";"28";"11";"2020";"23:15";"5";"75";"75120";"2";"7";"1";"6";"PLACE GAMBETTA";"48,8648840";"2,3988230"
"202000002804";"27";"11";"2020";"14:20";"1";"75";"75120";"2";"3";"1";"3";"RUE DES PYRENEES";"48,8675380";"2,3963970"
"202000002805";"28";"11";"2020";"12:05";"1";"75";"75118";"2";"3";"1";" -1";"AVENUE DE LA PORTE D AUBERVILLIERS";"48,8998410";"2,3702510"
"202000002806";"28";"11";"2020";"14:50";"1";"75";"75116";"2";"1";"1";"2";"VOIE GEORGES POMPIDOU";"48,8536110";"2,2827470"
"202000002807";"28";"11";"2020";"20:50";"5";"75";"75113";"2";"7";"1";"2";"BOULEVARD DE L HOPITAL";"48,8319420";"2,3557580"
"202000002808";"28";"11";"2020";"13:55";"1";"75";"75112";"2";"2";"1";"6";"ROUTE DE LA FERME";"48,8238110";"2,4576960"
"202000002809";"28";"11";"2020";"18:15";"2";"75";"75111";"2";"1";"1";"4";"AVENUE PHILIPPE AUGUSTE";"48,8500530";"2,3948740"
"202000002810";"28";"11";"2020";"22:05";"5";"75";"75110";"2";"4";"1";"3";"RUE DU FAUBOURG SAINT MARTIN";"48,8789390";"2,3623630"
"202000002811";"28";"11";"2020";"15:50";"1";"94";"94081";"2";"9";"1";"3";"Rue Ansèlme Rondenay";"48,7797300";"2,3998900"
"202000002812";"28";"11";"2020";"16:00";"1";"94";"94052";"2";"1";"1";"6";"Boulevard de Strasbourg";"48,8451070";"2,4889532"
"202000002813";"28";"11";"2020";"17:15";"2";"94";"94073";"2";"3";"1";"3";"Rue du Bas Marin";"48,7543500";"2,3862400"
"202000002814";"28";"11";"2020";"00:44";"5";"94";"94018";"2";"1";"1";"2";"MARECHAL DE LATTRE DE TASSIGNY (AV DU)";"48,8185930";"2,4196350"
"202000002815";"28";"11";"2020";"13:20";"1";"94";"94004";"2";"1";"1";"3";"GENERAL LECLERC (AV)";"48,7494830";"2,5084450"
"202000002816";"28";"11";"2020";"18:40";"5";"93";"93078";"2";"1";"1";"2";"CLEMENCEAU (AVENUE GEORGES)";"48,9603937";"2,5564259"
"202000002817";"28";"11";"2020";"15:10";"1";"93";"93078";"2";"1";"1";"4";"BD ROBERT BALLANGER";"48,9564900";"2,5420200"
"202000002818";"28";"11";"2020";"14:26";"1";"93";"93051";"2";"2";"1";"3";"MEDERIC (AVENUE)";"48,8302500";"2,5848900"
"202000002819";"27";"11";"2020";"23:40";"5";"93";"93051";"2";"3";"1";"1";"PIERRE BROSSOLETTE";"48,8469900";"2,5402500"
"202000002820";"27";"11";"2020";"11:15";"1";"93";"93061";"2";"2";"1";"1";"JAURES AVENUE JEAN";"48,8858032";"2,4074064"
"202000002821";"27";"11";"2020";"17:35";"3";"92";"92073";"2";"3";"1";"1";"WASHINGTON (BOULEVARD)";"48,8773719";"2,2164352"
"202000002822";"28";"11";"2020";"11:40";"1";"92";"92064";"2";"1";"1";"2";"DAILLY";"48,8418200";"2,2213400"
"202000002823";"28";"11";"2020";"13:07";"1";"92";"92035";"2";"3";"1";"2";"Léon Maurice Nordmann ( rue )";"48,9044343";"2,2404083"
"202000002824";"28";"11";"2020";"15:54";"1";"92";"92023";"2";"1";"1";"6";"RENE SAMUEL (AVENUE)";"48,8003900";"2,2615500"
"202000002825";"28";"11";"2020";"00:25";"5";"92";"92004";"2";"1";"1";"2";"GRESILLONS ( AVENUE DES  )";"48,9196595";"2,3137385"
"202000002826";"28";"11";"2020";"16:30";"1";"06";"06149";"2";"1";"1";"1";"Boulevard de l'Oli";"43,7333870";"7,3068900"
"202000002827";"29";"11";"2020";"14:30";"1";"974";"97412";"2";"1";"1";"7";"204 bis Rue Albert Lougnon";" -21,3626030";"55,6208290"
"202000002828";"28";"11";"2020";"19:20";"3";"01";"01075";"1";"1";"1";"1";"Rte Rd 28";"46,0127160";"4,7895460"
"202000002829";"28";"11";"2020";"09:19";"5";"57";"57089";"2";"1";"1";"1";"RUE DES TILLEULS";"49,0419590";"7,4393930"
"202000002830";"28";"11";"2020";"17:13";"1";"56";"56200";"1";"1";"1";"6";"Bodel";"47,8422920";" -2,3003130"
"202000002831";"28";"11";"2020";"10:51";"1";"56";"56036";"2";"3";"1";"3";"Kerbéban (Arrêt de bus)";"47,7982740";" -3,3487590"
"202000002832";"25";"11";"2020";"07:45";"2";"79";"79066";"2";"2";"1";"3";"Route de Saint Maixent l'Ecole";"46,4829060";" -0,3972940"
"202000002833";"29";"11";"2020";"16:20";"1";"65";"65322";"1";"1";"1";"7";"chemin de la mairie";"43,0647142";"0,4104960"
"202000002834";"28";"11";"2020";"20:30";"5";"49";"49331";"2";"1";"1";"6";"Rue Principale (Châtelais)";"47,7580730";" -0,9261040"
"202000002835";"28";"11";"2020";"19:00";"3";"12";"12002";"1";"1";"1";"2";"D809 ";"44,1330650";"3,0991740"
"202000002836";"29";"11";"2020";"15:15";"2";"12";"12133";"1";"1";"1";"7";"La Brienne (Buse)";"44,3173700";"2,5496650"
"202000002837";"28";"11";"2020";"10:00";"1";"44";"44072";"1";"1";"1";"5";"RD 774, Duret";"47,4673980";" -2,3094890"
"202000002838";"29";"11";"2020";"00:30";"3";"44";"44157";"1";"1";"1";"3";"D 13";"46,9590500";" -1,7501740"
"202000002839";"29";"11";"2020";"10:50";"2";"72";"72062";"2";"9";"1";"3";"Rue de la Ferté Bernard";"48,2202910";"0,5935840"
"202000002840";"28";"11";"2020";"19:40";"3";"43";"43211";"1";"1";"1";"2";"RN88";"45,2277100";"4,1361380"
"202000002841";"28";"11";"2020";"15:20";"1";"07";"07339";"1";"1";"1";"6";"Chauliac";"44,6684200";"4,4552300"
"202000002842";"28";"11";"2020";"20:50";"3";"85";"85171";"1";"1";"1";"7";"rue de chauray, D50";"46,5057180";" -1,2368520"
"202000002843";"28";"11";"2020";"16:35";"1";"37";"37136";"1";"2";"1";"7";"Le Petit Bray";"47,1479303";"0,7849588"
"202000002844";"28";"11";"2020";"09:55";"1";"88";"88116";"2";"4";"1";"6";"Rue de la 3e Dia";"47,9621260";"6,8372830"
"202000002845";"29";"11";"2020";"09:45";"1";"31";"31022";"1";"1";"1";"7";"A62";"43,6609330";"1,4246710"
"202000002846";"30";"11";"2020";"03:15";"5";"988";"98809";"2";"3";"1";"7";"Place de l'Eglise";" -22,6689470";"167,4888360"
"202000002847";"29";"11";"2020";"15:59";"1";"974";"97417";"2";"1";"1";"5";"Takamaka";" -21,3340330";"55,8016690"
"202000002848";"28";"11";"2020";"17:00";"1";"974";"97424";"1";"1";"1";"6";"RN5";" -21,1659540";"55,4694400"
"202000002849";"29";"11";"2020";"01:00";"3";"971";"97122";"1";"1";"3";"6";"Lieu Dit Goguette";"16,4514760";" -61,5161140"
"202000002850";"28";"11";"2020";"21:35";"3";"91";"91273";"1";"1";"1";"3";"Départementale 1 PK 09+785";"48,3679020";"2,3566830"
"202000002851";"28";"11";"2020";"14:35";"1";"01";"01262";"2";"1";"1";"3";"Cours de la Portelle";"45,8521750";"5,0594560"
"202000002852";"29";"11";"2020";"00:10";"5";"69";"69204";"2";"1";"1";"1";"17 Chemin de la Mouche";"45,6927030";"4,8108150"
"202000002853";"29";"11";"2020";"12:00";"1";"69";"69143";"2";"1";"1";"6";"Rue Victor Hugo";"45,8771960";"4,8399440"
"202000002854";"28";"11";"2020";"21:15";"3";"81";"81093";"1";"1";"1";"6";"Route de Marssac";"43,8842840";"2,0378570"
"202000002855";"29";"11";"2020";"11:50";"1";"85";"85178";"1";"1";"7";"6";"cd763";"46,7545200";" -1,4307810"
"202000002856";"28";"11";"2020";"15:35";"1";"22";"22225";"1";"1";"1";"7";"Pont Caffin";"48,5349160";" -3,1628870"
"202000002857";"29";"11";"2020";"17:40";"3";"76";"76684";"1";"6";"5";"7";"D982";"49,4834890";"0,4434980"
"202000002858";"28";"11";"2020";"21:15";"3";"59";"59275";"1";"1";"1";"6";"D90";"50,5880560";"3,2284690"
"202000002859";"27";"11";"2020";"14:30";"1";"13";"13210";"1";"1";"1";"3";"A50-Sens Marseille vers Aubagne";"43,2849400";"5,4185000"
"202000002860";"28";"11";"2020";"20:45";"3";"95";"95572";"1";"1";"1";"2";"A15";"49,0253372";"2,1317321"
"202000002861";"28";"11";"2020";"00:35";"3";"92";"92078";"1";"1";"1";"3";"AUTOROUTE A86";"48,9277796";"2,3326267"
"202000002862";"27";"11";"2020";"15:40";"1";"93";"93066";"1";"1";"1";"6";"AUTOROUTE A1";"48,9300800";"2,3649000"
"202000002863";"30";"6";"2020";"23:30";"5";"14";"14333";"2";"3";"1";"7";"REPUBLIQUE (RUE DE LA)";"49,4180000";"0,2320000"
"202000002864";"6";"5";"2020";"17:25";"1";"14";"14333";"1";"3";"1";"1";"MONTS (LES)";"49,4045100";"0,2315000"
"202000002865";"1";"2";"2020";"12:20";"1";"14";"14333";"2";"1";"8";"3";"RENOUF (RUE EMILE)";"49,4134370";"0,2451060"
"202000002866";"8";"3";"2020";"13:30";"1";"94";"94078";"2";"1";"1";"6";"PARIS (R DE)";"48,7311500";"2,4468700"
"202000002867";"7";"3";"2020";"23:45";"5";"94";"94078";"2";"1";"1";"3";"HUIT MAI 1945 (AV DU)";"48,7301400";"2,4462100"
"202000002868";"27";"11";"2020";"07:30";"1";"974";"97411";"2";"1";"1";"6";"GUICHARD (RUE ROGER)";" -20,9059400";"55,4794400"
"202000002869";"27";"11";"2020";"18:45";"2";"974";"97407";"2";"1";"1";"6";"VERGES(AVENUE)";" -20,9395600";"55,3018100"
"202000002870";"27";"11";"2020";"12:00";"1";"973";"97302";"2";"1";"1";"1";"REPUBLIQUE (BD DE LA)";"4,9383656";" -52,3217440"
"202000002871";"27";"11";"2020";"16:50";"2";"69";"69383";"2";"1";"1";"6";"PROFESSEUR PAUL SISLEY (DU)         (R )";"45,7512292";"4,8685852"
"202000002872";"27";"11";"2020";"11:35";"1";"69";"69383";"2";"1";"1";"2";"LACASSAGNE                          (AV)";"45,7512144";"4,8728685"
"202000002873";"24";"11";"2020";"20:15";"5";"69";"69149";"2";"1";"1";"6";"EMILE ZOLA                          (BD)";"45,7198400";"4,7990900"
"202000002874";"27";"11";"2020";"17:27";"3";"2A";"2A004";"2";"1";"1";"6";"VAZZIO CITE EDF";"41,9299700";"8,7829800"
"202000002875";"20";"5";"2020";"07:55";"1";"75";"75115";"2";"1";"1";"7";"RUE BRANCION";"48,8340050";"2,3045510"
"202000002876";"20";"5";"2020";"14:57";"1";"75";"75113";"2";"3";"1";"3";"BOULEVARD SAINT MARCEL";"48,8379770";"2,3559470"
"202000002877";"20";"5";"2020";"12:24";"1";"75";"75113";"2";"1";"1";"6";"AVENUE D ITALIE";"48,8238060";"2,3579980"
"202000002878";"20";"5";"2020";"07:20";"1";"75";"75112";"2";"2";"1";"3";"BOULEVARD DE REUILLY";"48,8389920";"2,3892360"
"202000002879";"20";"5";"2020";"19:45";"1";"75";"75110";"2";"1";"1";"6";"BOULEVARD DE STRASBOURG";"48,8753380";"2,3577250"
"202000002880";"20";"5";"2020";"14:00";"1";"75";"75110";"2";"2";"1";"3";"PLACE DE LA BATAILLE DE STALINGRAD";"48,8838610";"2,3685840"
"202000002881";"18";"5";"2020";"11:49";"1";"75";"75108";"2";"2";"1";"2";"AVENUE DES CHAMPS ELYSEES";"48,8677430";"2,3139800"
"202000002882";"20";"5";"2020";"09:00";"1";"75";"75109";"2";"5";"1";"3";"BOULEVARD HAUSSMANN";"48,8719750";"2,3400430"
"202000002883";"20";"5";"2020";"18:10";"1";"75";"75102";"2";"3";"1";"3";"BOULEVARD DE SEBASTOPOL";"48,8670320";"2,3529700"
"202000002884";"19";"5";"2020";"16:10";"1";"94";"94028";"2";"9";"1";"2";"MAURIAC.(RUE FRANCOIS)";"48,7855674";"2,4534226"
"202000002885";"19";"5";"2020";"15:45";"1";"94";"94079";"2";"1";"1";"1";"GENERAL DE GAULLE (R DU)";"48,8272160";"2,5462370"
"202000002886";"19";"5";"2020";"21:45";"5";"94";"94002";"2";"1";"1";"3";"BLANQUI (QU)";"48,8000200";"2,4179600"
"202000002887";"19";"5";"2020";"07:06";"1";"93";"93073";"2";"2";"1";"5";"rue de new york/ rue des acacias";"49,0119791";"2,5754488"