"Num_Acc";"jour";"mois";"an";"hrmn";"lum";"dep";"com";"agg";"int";"atm";"col";"adr";"lat";"long"
"202000002888";"20";"5";"2020";"17:15";"1";"93";"93066";"2";"1";"1";"2";"LIBERATION RD14 (BOULEVARD)";"48,9283775";"2,3411927"
"202000002889";"19";"5";"2020";"19:50";"1";"93";"93064";"2";"1";"1";"2";"PERI (BOULEVARD GABRIEL) 39 / 44 - FIN";"48,8785164";"2,4728885"
"202000002890";"20";"5";"2020";"19:17";"1";"93";"93046";"2";"5";"1";"1";"AV JEAN JAURES / AV MONTESQUIEU";"48,9225790";"2,5243210"
"202000002891";"19";"5";"2020";"18:15";"1";"93";"93063";"2";"1";"1";"2";"R MARCEL ETHIS ";"48,8775407";"2,4436670"
"202000002892";"20";"5";"2020";"14:25";"1";"93";"93029";"2";"1";"1";"6";"AV HENRI BARBUSSE";"48,9169100";"2,4452700"
"202000002893";"20";"5";"2020";"18:05";"1";"93";"93047";"2";"3";"1";"5";"SCIENCES   (AVENUE DES)";"48,9056580";"2,5810490"
"202000002894";"20";"5";"2020";"18:40";"1";"93";"93010";"2";"1";"1";"6";"R JULES GUESDE";"48,9036100";"2,4772900"
"202000002895";"20";"5";"2020";"17:00";"1";"93";"93007";"2";"1";"1";"3";"ABBE NIORT (RUE DE L')";"48,9407439";"2,4339042"
"202000002896";"20";"5";"2020";"11:50";"1";"93";"93007";"2";"1";"1";"2";"8 MAI 45 (AVENUE DU 184 AU 240)  Z1";"48,9509827";"2,4404476"
"202000002897";"20";"5";"2020";"13:10";"1";"93";"93001";"2";"3";"1";"3";"AV JEAN JAURES / R EMILIE DUBOIS";"48,9135151";"2,4026937"
"202000002898";"19";"5";"2020";"13:00";"1";"92";"92022";"2";"1";"1";"6";"SALENGRO (AVENUE ROGER)";"48,8141000";"2,1926720"
"202000002899";"19";"5";"2020";"12:20";"1";"92";"92063";"2";"1";"1";"3";"HUGO (AVENUE VICTOR)";"48,8844800";"2,1780200"
"202000002900";"20";"5";"2020";"16:00";"1";"92";"92051";"2";"6";"1";"6";"ROULE (AVENUE DU, N° 29 A 91 ET 30 A 86)";"48,8825561";"2,2772149"
"202000002901";"31";"3";"2020";"06:35";"5";"92";"92035";"2";"3";"1";"6";"Château (rue du)/ République (bd de la)";"48,9057900";"2,2527700"
"202000002902";"20";"5";"2020";"10:50";"1";"54";"54104";"1";"2";"1";"3";"Buissoncourt";"48,6993460";"6,3408790"
"202000002903";"21";"5";"2020";"18:30";"1";"43";"43189";"1";"2";"1";"3";"RD 9";"45,2976370";"3,8811350"
"202000002904";"21";"5";"2020";"17:30";"1";"95";"95313";"1";"1";"1";"3";"Avenue de Paris";"49,1038751";"2,2494528"
"202000002905";"20";"5";"2020";"22:45";"5";"06";"06161";"1";"1";"1";"2";"Route du Bord de Mer";"43,6255550";"7,1327940"
"202000002906";"16";"5";"2020";"04:45";"3";"972";"97207";"1";"1";"3";"6";"rn5";"14,5588860";" -60,9731020"
"202000002907";"20";"5";"2020";"13:00";"1";"972";"97217";"1";"1";"1";"1";"N5";"14,4503270";" -60,8975870"
"202000002908";"21";"5";"2020";"09:00";"1";"28";"28024";"2";"1";"1";"7";"Rue Jean de la Fontaine";"48,4009660";"1,4850960"
"202000002909";"20";"5";"2020";"20:15";"1";"71";"71170";"1";"1";"1";"2";"A6";"46,9381861";"4,8246273"
"202000002910";"21";"5";"2020";"01:00";"3";"51";"51276";"2";"1";"1";"7";"4 Rue Saint Maurice";"48,6913283";"4,0160919"
"202000002911";"21";"5";"2020";"19:45";"1";"51";"51179";"2";"1";"1";"7";"Rue d'Avat";"48,9097408";"4,6278301"
"202000002912";"21";"5";"2020";"18:10";"1";"59";"59546";"1";"1";"1";"2";"D37";"50,7805650";"2,5641384"
"202000002913";"20";"5";"2020";"17:00";"1";"11";"11071";"1";"1";"1";"6";"D106";"42,9918058";"2,7456218"
"202000002914";"20";"5";"2020";"22:00";"5";"63";"63420";"2";"1";"1";"7";"14 Rue des Sables";"45,8054470";"3,3440550"
"202000002915";"20";"5";"2020";"15:00";"1";"61";"61362";"1";"4";"1";"2";"Lieu Dit les Refours";"48,7028310";" -0,5292820"
"202000002916";"20";"5";"2020";"16:20";"1";"68";"68218";"1";"1";"1";"7";"Chemin de Didenheim";"47,7272609";"7,2762157"
"202000002917";"21";"5";"2020";"11:15";"1";"25";"25018";"1";"4";"1";"6";"D31";"47,3607680";"6,5700120"
"202000002918";"20";"5";"2020";"09:00";"1";"44";"44069";"2";"1";"1";"6";"9 Boulevard du Midi";"47,3261410";" -2,4308080"
"202000002919";"20";"5";"2020";"16:35";"1";"29";"29259";"2";"3";"7";"1";"Rue de Morlaix";"48,6783590";" -3,9812670"
"202000002920";"19";"5";"2020";"18:30";"1";"31";"31280";"1";"1";"1";"7";"Route de Bax";"43,2446650";"1,2879690"
"202000002921";"21";"5";"2020";"18:00";"1";"02";"02656";"1";"1";"1";"7";"D22";"49,3802210";"3,8236710"
"202000002922";"21";"5";"2020";"17:00";"1";"03";"03152";"1";"1";"1";"6";"N/A";"46,2327774";"2,9629626"
"202000002923";"21";"5";"2020";"10:05";"1";"15";"15139";"1";"2";"1";"3";"D990";"44,9334460";"2,7540810"
"202000002924";"21";"5";"2020";"20:00";"1";"72";"72090";"1";"1";"1";"6";"Lieu Dit les Galandais";"48,0674980";"0,4661680"
"202000002925";"21";"5";"2020";"15:50";"1";"72";"72087";"1";"1";"1";" -1";"Le Grand Pre";"47,9560050";"0,7231180"
"202000002926";"16";"5";"2020";"16:20";"1";"14";"14254";"1";"1";"1";"2";"Departementale 8";"49,1444080";" -0,4179310"
"202000002927";"21";"5";"2020";"13:00";"1";"50";"50410";"1";"1";"1";"3";"RN 175 - lieu dit ''Cassouet'' Curey";"48,5672930";" -1,4709230"
"202000002928";"20";"5";"2020";"05:08";"3";"64";"64228";"1";"1";"1";"7";"D29";"43,3873350";" -1,0203550"
"202000002929";"21";"5";"2020";"16:35";"1";"73";"73297";"2";"1";"7";"7";"D201C";"45,6471527";"6,3179832"
"202000002930";"21";"5";"2020";"12:35";"1";"18";"18011";"1";"1";"1";"7";"D176";"47,5705180";"2,3541000"
"202000002931";"20";"5";"2020";"18:50";"1";"36";"36231";"1";"1";"1";"3";"Les Loges Brulées";"46,6599810";"1,6661420"
"202000002932";"20";"5";"2020";"19:50";"1";"16";"16134";"2";"1";"1";"7";"12 Route de Chirac";"45,8911930";"0,6687140"
"202000002933";"20";"5";"2020";"13:40";"1";"16";"16181";"1";"1";"1";"2";"Ld l'Allonge";"46,0457020";"0,6230300"
"202000002934";"21";"5";"2020";"12:00";"1";"04";"04163";"1";"1";"1";"2";"RD 950";"44,0958760";"5,5127550"
"202000002935";"20";"5";"2020";"15:56";"1";"04";"04189";"1";"1";"1";"7";"RD 952";"43,7655150";"5,9343660"
"202000002936";"21";"5";"2020";"11:50";"1";"85";"85101";"1";"1";"1";"3";"Les Quatre Routes";"46,4953120";" -1,3903610"
"202000002937";"21";"5";"2020";"12:30";"1";"48";"48166";"1";"1";"1";"7";"D983";"44,2610290";"3,6216530"
"202000002938";"21";"5";"2020";"14:15";"1";"24";"24084";"1";"1";"1";"7";"34 La Coste";"44,7949280";"1,0295390"
"202000002939";"19";"5";"2020";"11:00";"1";"34";"34337";"1";"1";"1";"3";"D 185";"43,5395270";"3,8890850"
"202000002940";"20";"5";"2020";"21:00";"1";"38";"38553";"2";"1";"1";"3";"Rue Emile Zola";"45,6089600";"5,1569220"
"202000002941";"21";"5";"2020";"17:00";"1";"68";"68253";"1";"1";"7";"6";"A36";"47,7761580";"7,5171340"
"202000002942";"5";"5";"2020";"10:15";"1";"987";"98729";"2";"1";"1";"6";"RT 91";" -17,4821220";" -149,8087120"
"202000002943";"20";"5";"2020";"15:10";"1";"971";"97115";"1";"2";"1";"2";"Cafeiere";"16,2676050";" -61,6496090"
"202000002944";"21";"5";"2020";"11:20";"1";"13";"13100";"1";"2";"1";"3";"Chemin du Sablas";"43,7967480";"4,8019050"
"202000002945";"18";"5";"2020";"19:35";"1";"67";"67205";"2";"1";"1";"3";"rue de la Gare";"48,7024930";"7,7773760"
"202000002946";"21";"5";"2020";"11:45";"1";"54";"54039";"1";"1";"1";"3";"D935";"48,4413890";"6,7313700"
"202000002947";"20";"5";"2020";"22:05";"5";"69";"69159";"1";"1";"1";"7";"3296 Route de Tarare";"45,9766200";"4,6769840"
"202000002948";"21";"5";"2020";"13:15";"1";"85";"85226";"1";"1";"1";"1";"Route du Pissot";"46,7308200";" -1,9542700"
"202000002949";"19";"5";"2020";"15:15";"1";"85";"85161";"1";"1";"1";"6";"La Gauterie";"46,5616300";" -1,5036830"
"202000002950";"20";"5";"2020";"17:30";"1";"85";"85176";"1";"1";"1";"1";"D206";"46,5073300";" -0,8176500"
"202000002951";"20";"5";"2020";"12:45";"1";"33";"33080";"1";"1";"1";"2";"AUTOROUTE A 62";"44,7403600";" -0,5357500"
"202000002952";"19";"5";"2020";"19:15";"1";"59";"59588";"1";"1";"1";"2";"AUTOROUTE A16";"51,0365244";"2,4454394"
"202000002953";"20";"5";"2020";"16:20";"1";"91";"91553";"1";"1";"1";"7";"RN 104";"48,6316900";"2,5014400"
"202000002954";"20";"5";"2020";"10:15";"1";"93";"93039";"1";"1";"1";"3";"AUTOROUTE A86";"48,9271500";"2,3348500"
"202000002955";"20";"5";"2020";"04:00";"5";"93";"93008";"1";"1";"1";"6";"AUTOROUTE A86";"48,9132700";"2,4347500"
"202000002956";"20";"5";"2020";"21:45";"3";"94";"94046";"1";"1";"1";" -1";"A86 EXT";"48,8126000";"2,4491000"
"202000002957";"20";"5";"2020";"18:05";"5";"94";"94017";"1";"1";"1";"2";"A86.EXT";"48,8304153";"2,4904233"
"202000002958";"26";"2";"2020";"10:45";"1";"64";"64102";"2";"1";"2";"2";"SOULT (AVENUE MARECHAL)";"43,4875500";" -1,4836300"
"202000002959";"24";"2";"2020";"12:00";"1";"13";"13070";"2";"3";"1";"3";"SAVER (BOULEVARD HENRI)";"43,2826440";"5,5299860"
"202000002960";"19";"5";"2020";"19:48";"5";"973";"97302";"1";"6";"1";"3";"MADELEINE (ROUTE DE LA)";"4,9249828";" -52,3237610"
"202000002961";"19";"5";"2020";"09:38";"1";"973";"97302";"2";"3";"1";"3";"FELIX EBOUE(ROCADE)";"4,9296166";" -52,3151082"
"202000002962";"19";"5";"2020";"18:30";"1";"69";"69383";"2";"3";"1";"3";"FELIX FAURE                         (AV)";"45,7545600";"4,8668200"
"202000002963";"19";"5";"2020";"13:20";"1";"69";"69286";"2";"1";"1";"6";"MERCIERES (DES)                     (R )";"45,8151000";"4,8765000"
"202000002964";"19";"5";"2020";"09:10";"1";"69";"69081";"2";"1";"1";"3";"LOUIS CHIRPAZ                           ";"45,7782900";"4,7838100"
"202000002965";"17";"5";"2020";"21:33";"5";"971";"97113";"2";"1";"1";"1";"ROUTE DE LA JACOTIERE";"16,2387900";" -61,4367300"
"202000002966";"18";"5";"2020";"15:20";"1";"91";"91692";"2";"3";"7";"6";"VENDEE (RUE DE)";"48,6836700";"2,1613100"
"202000002967";"18";"5";"2020";"17:11";"1";"87";"87065";"2";"1";"1";"2";"VALIN (AVENUE MARTIAL)";"45,8146600";"1,3175900"
"202000002968";"17";"5";"2020";"23:40";"5";"83";"83123";"2";"1";"1";"6";"BANDOL (ROUTE)N° PAIRS";"43,1312440";"5,7813920"
"202000002969";"18";"5";"2020";"16:15";"1";"81";"81163";"2";"1";"1";"3";"GAMBETTA (PLACE)";"43,4910300";"2,3756500"
"202000002970";"18";"5";"2020";"19:55";"1";"80";"80021";"2";"3";"1";"3";"ROBERT LE COQ (RUE)";"49,9038200";"2,2737800"
"202000002971";"18";"5";"2020";"13:15";"1";"78";"78402";"2";"1";"1";"6";"RUE DES LIGNEUX";"48,9549740";"1,7997640"
"202000002972";"19";"5";"2020";"17:18";"1";"77";"77530";"1";"1";"1";"3";"DEPARTEMENTALE 403";"48,5906800";"3,3532400"
"202000002973";"18";"5";"2020";"00:29";"5";"76";"76575";"2";"1";"1";"3";"VELAY. RUE DU";"49,3744700";"1,0975100"
"202000002974";"17";"5";"2020";"16:35";"1";"76";"76212";"2";"3";"1";"3";"CARNOT. RUE SADI";"49,4408600";"1,1471200"
"202000002975";"19";"5";"2020";"18:35";"1";"69";"69282";"2";"1";"2";"1";"HECTOR BERLIOZ                      (R )";"45,7627825";"5,0077163"
"202000002976";"18";"5";"2020";"14:20";"1";"67";"67482";"2";"3";"1";"3";"LAUSANNE (RUE DE)";"48,5754300";"7,7558500"
"202000002977";"18";"5";"2020";"17:07";"1";"66";"66136";"2";"9";"1";"3";"ESPAGNE (ROUTE D')";"42,6756600";"2,8892700"
"202000002978";"18";"5";"2020";"12:20";"1";"64";"64102";"2";"6";"1";"3";"LEGION TCHEQUE (AVENUE DE LA)";"43,4936000";" -1,4916000"
"202000002979";"19";"5";"2020";"18:30";"1";"59";"59350";"2";"1";"1";"6";"LESTIENNE HENRI RUE";"50,6485000";"3,0947600"
"202000002980";"19";"5";"2020";"20:30";"1";"57";"57751";"2";"1";"1";"6";"ECOLES (RUE )";"49,1475800";"6,1667900"
"202000002981";"19";"5";"2020";"19:05";"1";"57";"57412";"2";"1";"7";"6";"GENERAL DE GAULLE (RUE DU )";"49,1162900";"6,1412000"
"202000002982";"19";"5";"2020";"09:25";"1";"56";"56098";"2";"6";"1";"3";"KESLER-DEVILLERS ( AV. )";"47,7672800";" -3,3395700"
"202000002983";"19";"5";"2020";"15:05";"1";"56";"56107";"2";"1";"1";"3";"LE GUEN (RUE  JULES )";"47,7153600";" -3,3733000"
"202000002984";"18";"5";"2020";"18:20";"1";"54";"54395";"2";"2";"1";"3";"GRANDVILLE (RUE)";"48,6992257";"6,1805210"
"202000002985";"19";"5";"2020";"18:35";"1";"51";"51474";"2";"1";"1";"2";"Rue de Bernex";"49,2799551";"4,0047543"
"202000002986";"19";"5";"2020";"20:53";"1";"51";"51108";"2";"2";"1";" -1";"Rue Maurice Colin";"48,9468352";"4,3400204"
"202000002987";"18";"5";"2020";"16:40";"1";"41";"41018";"2";"1";"1";"7";"MARE (RUE DE LA)";"47,5958200";"1,3234900"
"202000002988";"17";"5";"2020";"21:20";"2";"41";"41018";"2";"1";"1";"2";"GAMBETTA (AVENUE)";"47,5839000";"1,3207000"
"202000002989";"18";"5";"2020";"08:45";"1";"37";"37261";"2";"1";"1";"7";"FEBVOTTE (RUE)";"47,3754147";"0,6813215"
"202000002990";"19";"5";"2020";"10:50";"1";"34";"34172";"2";"2";"1";"2";"GANGES (ROUTE DE";"43,6363500";"3,8478600"
"202000002991";"19";"5";"2020";"20:06";"1";"33";"33522";"2";"3";"1";"2";"BD DU PDT FRANKLIN ROOSEVELT / RUE REGIS";"44,8182200";" -0,5780900"
"202000002992";"19";"5";"2020";"18:30";"1";"33";"33200";"2";"2";"1";"3";"AVE PASTEUR / RUE BERNARD DE GIRARD";"44,8678300";" -0,6702200"
"202000002993";"19";"5";"2020";"17:30";"1";"33";"33075";"1";"9";"1";"5";"RTE DU MEDOC / ROCADE A630 -E7-";"44,8796760";" -0,6269014"
"202000002994";"19";"5";"2020";"16:02";"1";"33";"33063";"2";"1";"1";"1";"97 Rue Detrois";"44,8421000";" -0,6135300"
"202000002995";"19";"5";"2020";"11:40";"1";"33";"33529";"2";"3";"1";"5";"D217 Bd dy Pyla";"44,6333400";" -1,1639700"
"202000002996";"4";"3";"2020";"21:16";"3";"71";"71040";"1";"1";"2";"6";"Route de Montchanin";"46,7074491";"4,4272535"
"202000002997";"19";"5";"2020";"01:35";"5";"30";"30189";"2";"3";"1";"7";"ETOILE (RUE)";"43,8364800";"4,3581200"
"202000002998";"26";"2";"2020";"09:20";"1";"70";"70388";"2";"6";"1";"2";"RD457";"47,6172600";"6,1341300"
"202000002999";"18";"5";"2020";"15:15";"1";"30";"30189";"2";"1";"1";"6";"ALLENDE SALVADOR (RUE)";"43,8311900";"4,3816800"
"202000003000";"4";"3";"2020";"16:00";"3";"66";"66136";"1";"1";"2";" -1";"D900";"42,7282400";"2,8798500"
"202000003001";"17";"5";"2020";"20:45";"2";"21";"21231";"2";"1";"1";"3";"51 Boulevard Marechal Joffre";"47,3401663";"5,0524879"
"202000003002";"4";"3";"2020";"09:40";"1";"64";"64445";"2";"3";"3";"3";"HAUTERIVE";"43,3248630";" -0,3574190"
"202000003003";"14";"5";"2020";"15:00";"1";"14";"14242";"2";"1";"6";"2";"RD N° 7 (DE CAEN A DOUVRES )";"49,2189300";" -0,3666200"
"202000003004";"5";"3";"2020";"17:10";"1";"64";"64102";"2";"1";"2";"5";"SOULT (AVENUE MARECHAL)";"43,4864300";" -1,4883700"
"202000003005";"19";"5";"2020";"14:20";"1";"13";"13213";"2";"1";"1";"4";"CHATEAU GOMBERT CHEMIN";"43,3446500";"5,4230340"
"202000003006";"19";"5";"2020";"15:00";"1";"13";"13213";"2";"1";"1";"1";"CHATEAU GOMBERT CHEMIN";"43,3427800";"5,4485100"
"202000003007";"5";"3";"2020";"05:41";"5";"63";"63113";"2";"6";"1";"3";"BREZET (AVENUE)";"45,7798708";"3,1315039"
"202000003008";"19";"5";"2020";"16:00";"1";"13";"13209";"2";"1";"1";"7";"LÉON LACHAMP (ROUTE)";"43,2450220";"5,4247010"
"202000003009";"4";"3";"2020";"23:22";"5";"63";"63113";"2";"5";"1";"1";"FLAUBERT (BD GUSTAVE)";"45,7641600";"3,1259500"
"202000003010";"19";"5";"2020";"13:00";"1";"13";"13209";"2";"1";"1";"3";"GASTON RAMON (BOULEVARD)";"43,2671200";"5,3966800"
"202000003011";"18";"2";"2020";"13:40";"1";"62";"62525";"2";"1";"1";"6";"DELACROIX (RUE EUGENE......)";"50,7440400";"2,2621900"
"202000003012";"19";"5";"2020";"14:30";"1";"13";"13208";"2";"1";"1";"3";"PRADO (AVENUE DU)";"43,2820000";"5,3859800"
"202000003013";"2";"3";"2020";"12:15";"1";"62";"62841";"2";"9";"3";"6";"MITTERAND ( RUE FRANCOIS )";"50,5419743";"2,6084107"
"202000003014";"27";"2";"2020";"19:15";"5";"59";"59043";"2";"1";"2";"6";"LILLE (RUE DE)";"50,7359900";"2,7402600"
"202000003015";"19";"5";"2020";"01:50";"5";"13";"13212";"2";"3";"1";"6";"PIERRE BERANGER (RUE)";"43,3116290";"5,4433430"
"202000003016";"3";"3";"2020";"20:35";"3";"57";"57306";"2";"1";"1";"6";"MARNE (RUE DE LA)";"49,3350400";"6,0546900"
"202000003017";"17";"5";"2020";"23:20";"5";"13";"13206";"2";"3";"2";"3";"DOCTEUR ESCAT (RUE)";"43,2840230";"5,3848060"
"202000003018";"5";"3";"2020";"07:00";"5";"57";"57463";"2";"1";"2";"3";"LYON (AVENUE DE )";"49,1263200";"6,1899600"
"202000003019";"4";"3";"2020";"19:45";"3";"56";"56121";"2";"1";"2";" -1";"Pénétrante de Lorient RD 465";"47,7619900";" -3,3817800"
"202000003020";"18";"5";"2020";"18:15";"1";"13";"13213";"2";"1";"2";"3";"CHATEAU GOMBERT CHEMIN";"43,3592500";"5,1500300"
"202000003021";"18";"5";"2020";"18:35";"1";"13";"13207";"2";"1";"3";"1";"Corniche John Fitzgérald Kennedy";"43,2862240";"5,3512290"
"202000003022";"4";"3";"2020";"18:07";"1";"54";"54079";"2";"2";"1";"3";"SAULE (RUE DU)";"48,8762400";"6,0488600"
"202000003023";"15";"5";"2020";"19:30";"1";"13";"13213";"2";"9";"1";"6";"PEYPIN (RUE DE)";"43,3263718";"5,4215866"
"202000003024";"4";"3";"2020";"15:50";"1";"52";"52121";"1";"1";"1";"7";"RD 101";"48,0958900";"5,1127400"
"202000003025";"18";"5";"2020";"07:17";"1";"10";"10333";"2";"1";"1";"6";"CHARLES DERNUET (RUE)";"48,2889980";"4,0660610"
"202000003026";"5";"3";"2020";"11:34";"1";"51";"51454";"2";"1";"2";"3";"Boulevard du Val de Vesle";"49,2294205";"4,0756172"
"202000003027";"19";"5";"2020";"17:12";"1";"09";"09225";"2";"2";"1";"3";"LAKANAL RUE";"43,1176700";"1,6118800"
"202000003028";"5";"3";"2020";"11:50";"1";"51";"51454";"2";"1";"2";"7";"Rue Andre Chenier";"49,2138653";"4,0257290"
"202000003029";"19";"5";"2020";"00:05";"3";"09";"09225";"2";"1";"1";"6";"IRIS RUE DES";"43,1053442";"1,6228856"
"202000003030";"18";"5";"2020";"17:43";"1";"09";"09225";"1";"1";"1";"3";"BELPECH ROUTE DE";"43,1292100";"1,6562300"
"202000003031";"4";"3";"2020";"15:10";"1";"51";"51454";"2";"1";"1";"4";"Rue Gutenberg";"49,2750922";"4,0026175"
"202000003032";"17";"5";"2020";"16:55";"1";"05";"05061";"2";"6";"1";"7";"FAUVINS ( ROUTE  DES )";"44,5638300";"6,0956100"
"202000003033";"4";"3";"2020";"17:47";"1";"49";"49007";"2";"1";"1";"7";"CAMUS BOULEVARD";"47,4863400";" -0,5757300"
"202000003034";"19";"5";"2020";"21:18";"1";"01";"01053";"2";"2";"1";"5";"MAGINOT AVENUE ) DE 43 A FIN";"46,2122900";"5,2274900"
"202000003035";"4";"3";"2020";"15:42";"1";"49";"49007";"2";"1";"1";" -1";"LEROY PLACE";"47,4649800";" -0,5486800"
"202000003036";"19";"5";"2020";"16:10";"1";"75";"75105";"2";"2";"1";"6";"BOULEVARD SAINT GERMAIN";"48,8494410";"2,3544180"
"202000003037";"4";"3";"2020";"08:07";"1";"49";"49007";"2";"1";"1";"1";"BREMONT";"47,4657800";" -0,5594400"
"202000003038";"19";"5";"2020";"01:10";"5";"75";"75120";"2";"1";"1";"6";"RUE DU PRESSOIR";"48,8688210";"2,3832850"
"202000003039";"5";"3";"2020";"16:30";"1";"45";"45232";"2";"3";"3";"1";"Avenue du Parc Floral";"47,8500930";"1,9295970"
"202000003040";"19";"5";"2020";"15:25";"1";"75";"75114";"2";"2";"1";"6";"BOULEVARD DE PORT ROYAL";"48,8393680";"2,3375030"
"202000003041";"5";"3";"2020";"15:00";"1";"45";"45234";"2";"3";"3";"1";"Avenue de la Mouillere - Rue des roses";"47,8861340";"1,9074210"
"202000003042";"19";"5";"2020";"11:25";"1";"75";"75113";"2";"2";"1";"3";"BOULEVARD DU GENERAL JEAN SIMON";"48,8241750";"2,3767950"
"202000003043";"21";"1";"2020";"05:19";"5";"44";"44109";"2";"1";"1";"6";"BOULEVARD DE LA VENDEE";"47,1933460";" -1,5283200"
"202000003044";"19";"5";"2020";"17:10";"1";"75";"75112";"2";"2";"1";"6";"RUE CHALIGNY";"48,8470060";"2,3837820"
"202000003045";"1";"3";"2020";"18:08";"5";"44";"44055";"2";"1";"2";"2";"Avenue du Général de Gaulle";"47,2847640";" -2,3918280"
"202000003046";"19";"5";"2020";"16:30";"1";"75";"75110";"2";"2";"1";"3";"AVENUE PARMENTIER";"48,8700010";"2,3710430"
"202000003047";"5";"3";"2020";"15:29";"1";"37";"37261";"2";"3";"2";" -1";"PLESSIS (ALLEE DU)";"47,3846387";"0,6961669"
"202000003048";"19";"5";"2020";"13:30";"1";"75";"75110";"2";"3";"1";"6";"RUE DU TERRAGE";"48,8771560";"2,3635060"
"202000003049";"26";"2";"2020";"16:05";"1";"35";"35288";"2";"3";"1";"6";"MOKA ( 2 AVENUE DE)";"48,6556080";" -2,0043290"
"202000003050";"18";"5";"2020";"17:10";"1";"75";"75109";"2";"3";"1";"3";"BOULEVARD DE ROCHECHOUART";"48,8823180";"2,3420070"
"202000003051";"19";"5";"2020";"19:10";"1";"75";"75108";"2";"6";"1";"6";"AVENUE MATIGNON";"48,8694110";"2,3109220"
"202000003052";"6";"3";"2020";"01:00";"5";"35";"35238";"2";"1";"1";"3";"MITTERAND (MAIL FRANCOIS)";"48,1099300";" -1,6868700"
"202000003053";"19";"5";"2020";"19:40";"1";"75";"75101";"2";"3";"1";"6";"RUE DE RIVOLI";"48,8660290";"2,3250450"
"202000003054";"5";"3";"2020";"13:15";"1";"35";"35238";"1";"1";"2";"4";"CHARLES TILLON (RUE)";"48,1244800";" -1,7133000"
"202000003055";"19";"5";"2020";"11:25";"1";"75";"75102";"2";"5";"1";"6";"BOULEVARD DES CAPUCINES";"48,8699130";"2,3280060"
"202000003056";"5";"3";"2020";"07:15";"2";"35";"35051";"1";"6";"2";"2";"Boulevard des Alliés";"48,1023600";" -1,6101900"
"202000003057";"19";"5";"2020";"00:10";"5";"75";"75104";"2";"3";"1";" -1";"BOULEVARD BEAUMARCHAIS";"48,8548160";"2,3687270"
"202000003058";"4";"3";"2020";"08:20";"1";"35";"35238";"2";"1";"2";"3";"FOUGERES (RUE DE)";"48,1249900";" -1,6571700"
"202000003059";"19";"5";"2020";"21:25";"2";"94";"94081";"2";"1";"1";"3";"LUCIEN FRANCAIS (AV)";"48,7859600";"2,3874000"
"202000003060";"2";"3";"2020";"16:30";"1";"34";"34301";"2";"1";"9";"6";"MOULINS (QUAI DES)";"43,4089600";"3,7030700"
"202000003061";"19";"5";"2020";"13:55";"1";"94";"94081";"2";"3";"1";"1";"JULES GUESDE (QU)";"48,7880400";"2,4208100"
"202000003062";"19";"5";"2020";"09:50";"1";"94";"94068";"2";"2";"1";"3";"CHATEAU (AV DU)";"48,7898800";"2,5149600"
"202000003063";"5";"3";"2020";"18:20";"2";"34";"34172";"2";"3";"2";"3";"BERTHELOT (BOULEVARD)";"43,6011800";"3,8696000"
"202000003064";"4";"3";"2020";"20:15";"3";"33";"33162";"1";"1";"3";"2";"Avenue du Médoc";"44,8935600";" -0,6683900"
"202000003065";"19";"5";"2020";"12:40";"1";"94";"94046";"2";"3";"1";"3";"GENERAL LECLERC (AV DU)";"48,8116400";"2,4300300"
"202000003066";"5";"3";"2020";"08:55";"1";"32";"32013";"1";"3";"2";"1";"PESSAN (ROUTE DE)";"43,6299000";"0,6170000"
"202000003067";"18";"5";"2020";"16:10";"1";"94";"94019";"2";"2";"1";"3";"PLESSIS (RTE DU)";"48,8000000";"2,5500000"
"202000003068";"4";"3";"2020";"23:20";"5";"31";"31555";"1";"1";"2";"2";"RD901";"43,6175300";"1,3941200"
"202000003069";"19";"5";"2020";"17:00";"1";"93";"93066";"2";"1";"1";"3";"LENINE (AVENUE) NR 28 A 62 ET 13 A 41";"48,9427980";"2,3644560"
"202000003070";"4";"3";"2020";"21:45";"5";"31";"31555";"2";"1";"2";"3";"RTE DE LABEGE";"43,5673900";"1,4997100"
"202000003071";"18";"5";"2020";"23:45";"5";"93";"93049";"2";"1";"1";"6";"R ESTIENNE D'ORVES";"48,8574100";"2,5110000"
"202000003072";"19";"5";"2020";"19:10";"1";"93";"93048";"2";"1";"1";"3";"CUVIER (RUE)";"48,8510033";"2,4237262"
"202000003073";"4";"3";"2020";"19:45";"5";"31";"31555";"2";"2";"2";"3";"RUE MARIE CLAIRE DE CATELLAN";"43,6268000";"1,4443100"
"202000003074";"19";"5";"2020";"21:30";"5";"93";"93047";"2";"2";"1";"3";"AV JEAN JAURES / ALL DE GAGNY";"48,8989000";"2,5464000"
"202000003075";"5";"3";"2020";"20:50";"3";"29";"29039";"2";"1";"1";"6";"Rue des Martins Pêcheurs";"47,8730240";" -3,8880527"
"202000003076";"19";"5";"2020";"13:30";"1";"93";"93008";"2";"1";"1";"5";"VAILLANT COUTURIER (AVENUE PAUL)";"48,9084495";"2,4516314"
"202000003077";"4";"3";"2020";"07:55";"1";"29";"29019";"2";"3";"2";"6";"Boulevard Gambetta";"48,3895469";" -4,4758286"
"202000003078";"19";"5";"2020";"16:30";"1";"93";"93007";"2";"1";"1";"6";"""DESCARTES (AVENUE """"DU 1 AU 41"""")  Z1""";"48,9504000";"2,4478000"
"202000003079";"5";"3";"2020";"19:15";"3";"14";"14079";"2";"9";"2";"3";"CD 27";"49,3071400";"0,0409900"
"202000003080";"19";"5";"2020";"15:10";"1";"93";"93001";"2";"1";"1";"3";"ALL GABRIEL RABOT ";"48,9141540";"2,4019960"