"Num_Acc";"jour";"mois";"an";"hrmn";"lum";"dep";"com";"agg";"int";"atm";"col";"adr";"lat";"long"
"202000003081";"5";"3";"2020";"15:45";"1";"14";"14118";"2";"1";"1";"1";"GAILLON (RUE DU)";"49,1883800";" -0,3652400"
"202000003082";"19";"5";"2020";"20:36";"2";"92";"92047";"2";"1";"1";"6";"JARDY";"48,8280297";"2,1516138"
"202000003083";"4";"3";"2020";"08:10";"1";"13";"13056";"1";"4";"1";"2";"ROUTE DE SAINT PIERRE";"43,3765000";"5,0647500"
"202000003084";"19";"5";"2020";"01:45";"5";"92";"92064";"2";"1";"1";"2";"MARCEL DASSAULT";"48,8563840";"2,2232550"
"202000003085";"5";"3";"2020";"21:30";"5";"13";"13213";"2";"1";"1";"1";"BARRY (BOULEVARD)";"43,3177190";"5,4094010"
"202000003086";"19";"5";"2020";"17:35";"1";"92";"92036";"2";"1";"1";"2";"LOUIS ROCHE (AVENUE) (153/203)";"48,9309070";"2,3069110"
"202000003087";"19";"5";"2020";"20:45";"1";"92";"92012";"2";"2";"1";"3";"JEAN JAURES (BOULEVARD) 1/61 - COTE IMPA";"48,8458590";"2,2370160"
"202000003088";"5";"3";"2020";"19:40";"5";"13";"13208";"2";"1";"1";"3";"RAYMOND TEISSERE (RUE)";"43,2732440";"5,3990760"
"202000003089";"19";"5";"2020";"10:35";"1";"92";"92002";"2";"1";"1";"6";"MEDITERRANEE (RUE DE LA)";"48,7377500";"2,2881500"
"202000003090";"5";"3";"2020";"18:08";"2";"13";"13214";"2";"9";"2";"3";"ROLAND DORGELES (BOULEVARD)";"43,3463000";"5,3803000"
"202000003091";"19";"5";"2020";"13:55";"1";"08";"08053";"2";"1";"1";"6";"77 Rue Flamanville";"49,6794940";"4,9769460"
"202000003092";"5";"3";"2020";"14:50";"1";"13";"13214";"2";"1";"2";"3";"Louis VILLECROZE (Bld)";"43,3200800";"5,3920090"
"202000003093";"5";"3";"2020";"12:10";"1";"13";"13208";"2";"9";"1";"6";"MAZARGUES (AVENUE DE)";"43,2598300";"5,3953000"
"202000003094";"16";"3";"2020";"14:00";"1";"24";"24462";"1";"2";"8";"3";"Bassy";"45,0258280";"0,3464130"
"202000003095";"4";"3";"2020";"07:55";"1";"13";"13213";"2";"3";"1";"3";"OLIVES (AVENUE DES)";"43,3265800";"5,4381700"
"202000003096";"18";"5";"2020";"12:30";"1";"28";"28088";"2";"1";"1";"6";"Route de Tours";"48,0605390";"1,3300160"
"202000003097";"4";"3";"2020";"22:14";"5";"13";"13211";"2";"3";"1";"3";"SAINT MARCEL (BOULEVARD DE )";"43,2876500";"5,4649630"
"202000003098";"5";"3";"2020";"18:15";"2";"11";"11069";"2";"1";"2";"6";"LECLERC AV. DU GENERAL IMPAIRS A PARTIR";"43,2106481";"2,3626729"
"202000003099";"20";"5";"2020";"15:20";"1";"01";"01427";"1";"1";"1";"1";"D933";"45,9532830";"4,7561470"
"202000003100";"5";"3";"2020";"10:40";"1";"11";"11069";"2";"9";"2";"1";"PAPIN DENIS -BD-";"43,2079000";"2,3127000"
"202000003101";"20";"5";"2020";"17:45";"1";"50";"50487";"1";"1";"7";"7";"A84";"48,5406480";" -1,3408900"
"202000003102";"4";"3";"2020";"13:53";"1";"10";"10333";"1";"1";"1";"6";"ROCADE OUEST (RD 610)";"48,2717400";"4,0482400"
"202000003103";"19";"5";"2020";"19:45";"1";"19";"19161";"1";"3";"1";"3";"RD5";"45,2373280";"1,3485180"
"202000003104";"30";"1";"2020";"18:41";"5";"02";"02691";"2";"1";"1";"6";"RICHELIEU (BD)";"49,8517610";"3,2846040"
"202000003105";"19";"5";"2020";"20:15";"1";"56";"56032";"1";"3";"1";"1";"Beaurepaire";"47,9382580";" -2,2847750"
"202000003106";"5";"3";"2020";"05:45";"5";"75";"75114";"2";"1";"2";"6";"PORTE DE GENTILLY";"48,8170950";"2,3349820"
"202000003107";"19";"5";"2020";"10:30";"1";"56";"56165";"2";"7";"7";"6";"Place de la Mairie";"47,9307420";" -2,3971340"
"202000003108";"15";"5";"2020";"12:40";"1";"59";"59307";"1";"6";"1";"7";"D300";"50,8499100";"2,2081070"
"202000003109";"5";"3";"2020";"08:15";"1";"75";"75105";"2";"1";"2";"6";"BOULEVARD SAINT MICHEL";"48,8452480";"2,3396930"
"202000003110";"20";"5";"2020";"17:00";"1";"74";"74258";"1";"1";"1";"6";"Impasse des Combes d'En Haut";"46,0880550";"6,7308860"
"202000003111";"5";"3";"2020";"14:45";"1";"75";"75118";"2";"3";"1";"6";"RUE FERNAND LABORI";"48,8992560";"2,3423570"
"202000003112";"15";"5";"2020";"13:15";"1";"67";"67234";"1";"3";"1";"3";"D338";"48,9845313";"7,0456807"
"202000003113";"7";"5";"2020";"15:00";"1";"67";"67191";"1";"1";"1";"2";"D919";"49,0275989";"7,0802123"
"202000003114";"5";"3";"2020";"17:50";"2";"75";"75117";"2";"3";"3";"3";"BOULEVARD DES BATIGNOLLES";"48,8820600";"2,3196340"
"202000003115";"20";"5";"2020";"09:00";"1";"82";"82161";"1";"6";"1";"3";"Route de l'Ormeau";"44,0425820";"1,4572390"
"202000003116";"4";"3";"2020";"00:19";"5";"75";"75116";"2";"5";"1";"3";"AVENUE D IENA";"48,8722860";"2,2952960"
"202000003117";"19";"5";"2020";"20:35";"1";"69";"69070";"2";"1";"1";"6";"Chez Chavanis 45 rue du Lac";"46,0144542";"4,3765685"
"202000003118";"5";"3";"2020";"08:50";"1";"75";"75114";"2";"2";"2";"3";"RUE HALLE";"48,8289320";"2,3311580"
"202000003119";"5";"3";"2020";"07:50";"1";"75";"75114";"2";"1";"2";"3";"RUE RAYMOND LOSSERAND";"48,8290260";"2,3081980"
"202000003120";"20";"5";"2020";"19:40";"1";"61";"61005";"2";"4";"1";"1";"Route de Saint Germain";"48,3441530";"0,5568860"
"202000003121";"5";"3";"2020";"10:33";"1";"75";"75105";"2";"7";"2";"3";"PLACE VALHUBERT";"48,8448180";"2,3639480"
"202000003122";"20";"5";"2020";"19:55";"2";"61";"61072";"1";"1";"1";"3";"Route de Pontchardon";"48,9409090";"0,2692670"
"202000003123";"5";"3";"2020";"19:35";"5";"75";"75111";"2";"2";"2";"3";"AVENUE PARMENTIER";"48,8668710";"2,3733610"
"202000003124";"20";"5";"2020";"10:30";"1";"49";"49211";"1";"2";"7";"3";"D156";"47,1529380";" -0,5178810"
"202000003125";"20";"5";"2020";"19:55";"1";"49";"49241";"1";"1";"1";"7";"Le Petit Loiron";"47,4847290";" -0,4437020"
"202000003126";"5";"3";"2020";"18:45";"5";"75";"75111";"2";"1";"3";"3";"RUE OBERKAMPF";"48,8658090";"2,3780300"
"202000003127";"18";"5";"2020";"15:50";"1";"46";"46030";"1";"1";"1";"1";"D39";"44,7872150";"1,7925900"
"202000003128";"2";"3";"2020";"00:50";"5";"75";"75107";"2";"2";"2";"6";"QUAI BRANLY";"48,8606462";"2,2954796"
"202000003129";"3";"3";"2020";"22:50";"5";"75";"75104";"2";"2";"1";"3";"BOULEVARD BOURDON";"48,8493280";"2,3665760"
"202000003130";"5";"3";"2020";"10:10";"1";"75";"75109";"2";"3";"2";"3";"BOULEVARD DES ITALIENS";"48,8714600";"2,3369990"
"202000003131";"4";"3";"2020";"14:40";"1";"75";"75101";"2";"2";"2";"1";"AVENUE GENERAL LEMONNIER";"48,8609500";"2,3300090"
"202000003132";"5";"3";"2020";"19:35";"5";"94";"94080";"2";"1";"2";"3";"FONTENAY (R DE)";"48,8482530";"2,4374830"
"202000003133";"4";"3";"2020";"15:50";"1";"94";"94042";"2";"1";"2";"6";"Avenue Jean Jaurès";"48,8210000";"2,4640000"
"202000003134";"3";"3";"2020";"13:45";"1";"94";"94042";"2";"9";"1";"2";"Avenue du Général Galliéni";"48,8201042";"2,4737973"
"202000003135";"5";"3";"2020";"15:35";"1";"94";"94044";"2";"1";"3";"6";"HENRI BARBUSSE (R)";"48,7558000";"2,4841000"
"202000003136";"5";"3";"2020";"18:00";"2";"94";"94076";"2";"1";"3";"7";"GENTILLY (R DE)";"48,7994200";"2,3535500"
"202000003137";"5";"3";"2020";"09:15";"1";"94";"94069";"2";"2";"2";"3";"MARECHAL DE LATTRE DE TASSIGNY (AV)";"48,8240599";"2,4199623"
"202000003138";"4";"3";"2020";"08:25";"1";"93";"93066";"2";"2";"1";"3";"CASANOVA DANIELLE NR 2 A 50 ET 1 A 19";"48,9265200";"2,3660400"
"202000003139";"5";"3";"2020";"17:15";"1";"93";"93064";"1";"1";"3";"2";"DE GAULLE (AV DU GENERAL) 0 / 56 - 47";"48,8800900";"2,4757300"
"202000003140";"5";"3";"2020";"16:45";"1";"93";"93015";"1";"9";"2";"5";"RTE STRATEGIQUE";"48,9244200";"2,5742100"
"202000003141";"5";"3";"2020";"08:30";"2";"93";"93045";"2";"1";"2";"3";"R DE PARIS";"48,8821728";"2,4238855"
"202000003142";"5";"3";"2020";"05:35";"5";"93";"93001";"2";"9";"2";"3";"AV DE LA REPUBLIQUE";"48,9070650";"2,3886950"
"202000003143";"19";"2";"2020";"21:05";"5";"92";"92078";"2";"9";"1";"3";"MARECHAL LECLERC (AVENUE) (N° IMPAIRS)";"48,9382780";"2,3241590"
"202000003144";"5";"3";"2020";"09:25";"1";"92";"92072";"2";"1";"2";"1";"VILLE D'AVRAY (RUE DE )";"48,8259015";"2,2009993"
"202000003145";"5";"3";"2020";"17:55";"2";"92";"92049";"2";"1";"3";"6";"PERI RUE GABRIEL N°37 A 99";"48,8194270";"2,3142839"
"202000003146";"5";"3";"2020";"08:20";"1";"92";"92049";"1";"1";"2";"7";"BRIAND AVENUE ARISTIDE N°1 A 129";"48,8185041";"2,3256732"
"202000003147";"5";"3";"2020";"08:30";"1";"92";"92036";"2";"1";"2";" -1";"LOUISE MICHEL (BD) (IMPAIRS)";"48,9221420";"2,3200190"
"202000003148";"5";"3";"2020";"20:15";"5";"92";"92062";"2";"1";"2";"2";"DE DION BOUTON (QUAI) DU 1 AU 28";"48,8755374";"2,2386722"
"202000003149";"5";"3";"2020";"17:40";"2";"92";"92024";"2";"2";"3";"6";"PIERRE DREYFUS (RUE)";"48,9036913";"2,3205047"
"202000003150";"2";"3";"2020";"23:40";"5";"92";"92024";"2";"2";"1";"3";"CLICHY (QUAI DE) DE (8 A 60)/ CLICHY (PONT DE)";"48,9084400";"2,3000800"
"202000003151";"5";"3";"2020";"19:05";"5";"92";"92012";"2";"3";"2";"3";"PIERRE GRENIER (AVENUE)";"48,8328460";"2,2535970"
"202000003152";"5";"3";"2020";"12:45";"1";"92";"92012";"2";"3";"2";"3";"SEVRES (RUE DE) 1/55 - 2/40";"48,8326496";"2,2292255"
"202000003153";"6";"3";"2020";"13:40";"1";"02";"02124";"1";"1";"1";"2";"A26";"49,7405220";"3,4002360"
"202000003154";"5";"3";"2020";"16:00";"1";"27";"27230";"2";"9";"2";"6";"Rue Clovis Vigny";"48,8670610";"1,4173870"
"202000003155";"1";"3";"2020";"21:00";"3";"54";"54137";"1";"1";"4";"1";"D172";"49,4785260";"5,7016680"
"202000003156";"5";"3";"2020";"21:50";"3";"36";"36006";"1";"1";"2";"6";"A20";"46,5837010";"1,4934540"
"202000003157";"6";"3";"2020";"13:50";"1";"2B";"2B096";"2";"9";"1";"6";"68 Colombo";"42,2993570";"9,1543420"
"202000003158";"6";"3";"2020";"20:45";"3";"71";"71182";"1";"1";"1";"6";"Route d’Autun";"46,8022921";"4,7818422"
"202000003159";"6";"3";"2020";"09:45";"1";"76";"76711";"2";"1";"1";"2";"D925 D";"50,0399450";"1,3971350"
"202000003160";"5";"3";"2020";"19:30";"3";"68";"68365";"1";"1";"2";"5";"D83";"48,0498860";"7,3161920"
"202000003161";"6";"3";"2020";"00:35";"3";"31";"31100";"1";"1";"2";"6";"D11";"43,2979640";"1,6243670"
"202000003162";"6";"3";"2020";"07:00";"1";"38";"38013";"1";"2";"1";"3";"route de Lyon";"45,3999400";"5,4758100"
"202000003163";"6";"3";"2020";"12:20";"1";"50";"50394";"2";"6";"1";"3";"43 Rue de Saint-lô";"49,1856520";" -1,4050480"
"202000003164";"6";"3";"2020";"08:00";"1";"83";"83025";"1";"1";"1";"2";"D560";"43,5261490";"5,9558770"
"202000003165";"6";"3";"2020";"12:20";"1";"60";"60220";"2";"1";"1";" -1";"Route Nationale 31 les Landrons";"49,4410044";"1,8707137"
"202000003166";"4";"3";"2020";"17:50";"2";"64";"64499";"1";"1";"2";"1";"D17";"43,4747660";" -0,9585950"
"202000003167";"5";"3";"2020";"21:10";"5";"10";"10360";"2";"1";"6";"6";"14 Rue Richebourg";"48,2293760";"4,0387460"
"202000003168";"6";"3";"2020";"07:30";"2";"27";"27260";"1";"1";"1";"7";"D6178";"49,4130180";"0,4239070"
"202000003169";"5";"3";"2020";"11:30";"1";"23";"23190";"1";"1";"3";"6";"2 La Croix de l'Arbre";"46,0588820";"2,2759620"
"202000003170";"6";"3";"2020";"20:00";"5";"42";"42256";"2";"1";"3";"6";"Rue Carles de Mazenod";"45,4977340";"4,1658120"
"202000003171";"6";"3";"2020";"15:20";"1";"69";"69043";"1";"1";"1";" -1";"52 Route de Brignais";"45,7076330";"4,7688500"
"202000003172";"6";"3";"2020";"07:45";"1";"28";"28367";"1";"1";"1";"2";"A10";"48,1395000";"1,8550000"
"202000003173";"6";"3";"2020";"11:00";"1";"976";"97616";"2";"1";"1";"6";"Rue du commerce";" -12,8529280";"45,1076890"
"202000003174";"6";"3";"2020";"05:45";"2";"987";"98729";"1";"1";"1";"6";"RT 91";" -17,5701580";" -149,7953330"
"202000003175";"5";"3";"2020";"17:15";"1";"987";"98729";"1";"1";"1";" -1";"PK 4.5 RT 91 VAIARE";" -17,5331020";" -149,8386240"
"202000003176";"5";"3";"2020";"15:34";"1";"77";"77343";"1";"1";"3";"6";"D401";"49,0234050";"3,0666660"
"202000003177";"6";"3";"2020";"08:00";"1";"78";"78246";"1";"3";"1";"3";"rue de la Paix";"49,0310910";"1,7579540"
"202000003178";"5";"3";"2020";"18:50";"3";"84";"84145";"1";"1";"2";"1";"D111";"43,9137960";"5,3975200"
"202000003179";"6";"3";"2020";"17:30";"1";"13";"13110";"2";"1";"1";"1";"7 Avenue Marx Dormoy";"43,4474390";"5,6902690"
"202000003180";"6";"3";"2020";"16:15";"1";"88";"88308";"1";"1";"1";"1";"D674";"48,3454680";"5,6577660"
"202000003181";"4";"3";"2020";"18:00";"1";"26";"26271";"1";"1";"8";" -1";"Avenue du Vercors";"45,0150860";"4,8551420"
"202000003182";"3";"3";"2020";"19:05";"5";"01";"01262";"2";"6";"1";"1";"450 Faubourg de Lyon";"45,8481830";"5,0470879"
"202000003183";"27";"2";"2020";"17:00";"1";"27";"27439";"1";"1";"1";" -1";"N154";"49,0687280";"1,1803060"
"202000003184";"6";"3";"2020";"08:30";"1";"27";"27180";"2";"7";"1";"6";"Rue des Champs";"49,1846730";"1,3653300"
"202000003185";"28";"2";"2020";"04:35";"3";"57";"57039";"1";"1";"1";"2";"Autoroute A31";"49,0630700";"6,1115800"
"202000003186";"5";"3";"2020";"10:30";"1";"33";"33080";"1";"1";"2";"2";"AUTOROUTE A 62";"44,7301900";" -0,5295300"
"202000003187";"3";"3";"2020";"12:00";"1";"59";"59013";"1";"1";"1";"4";"AUTOROUTE A27";"50,5998050";"3,1935520"
"202000003188";"5";"3";"2020";"13:40";"1";"91";"91235";"1";"1";"2";"7";"RN 104";"48,6264900";"2,3522800"
"202000003189";"5";"3";"2020";"13:00";"1";"91";"91521";"1";"1";"2";"3";"RN 104";"48,6362400";"2,4091600"
"202000003190";"5";"3";"2020";"09:30";"1";"94";"94021";"1";"1";"2";"5";"AUTOROUTE A6A";"48,7667000";"2,3436000"
"202000003191";"5";"3";"2020";"07:00";"2";"94";"94076";"1";"1";"2";"3";"AUTOROUTE A6B";"48,7918400";"2,3447400"
"202000003192";"5";"3";"2020";"15:46";"1";"78";"78073";"1";"1";"2";"4";"A12 Y";"48,8015220";"2,0467060"
"202000003193";"5";"3";"2020";"07:20";"1";"78";"78217";"1";"1";"3";"2";"A13";"48,9645900";"1,8210300"
"202000003194";"5";"3";"2020";"03:40";"3";"95";"95527";"1";"1";"2";"6";" A1";"48,9991500";"2,5205500"
"202000003195";"4";"3";"2020";"19:50";"3";"95";"95607";"1";"1";"2";"3";" A115";"49,0125500";"2,2213000"
"202000003196";"4";"3";"2020";"18:30";"1";"95";"95572";"1";"1";"2";"3";"RN 184";"49,0378200";"2,1230800"
"202000003197";"25";"2";"2020";"08:15";"1";"93";"93010";"1";"1";"2";"2";"AUTOROUTE A3";"48,9065400";"2,4724700"
"202000003198";"5";"3";"2020";"20:45";"3";"77";"77373";"1";"1";"2";"7";"N104";"48,7650704";"2,6149062"
"202000003199";"5";"3";"2020";"16:37";"1";"94";"94017";"1";"1";"2";"4";"A4";"48,8267061";"2,5150986"
"202000003200";"5";"3";"2020";"12:15";"1";"94";"94065";"1";"1";"2";"6";"A86 INT";"48,7539700";"2,3512800"
"202000003201";"2";"1";"2020";"02:10";"5";"63";"63075";"2";"1";"1";"6";"THERMES (AVENUE DES)";"45,7685100";"3,0584000"
"202000003202";"4";"1";"2020";"18:15";"5";"59";"59178";"2";"1";"1";"6";"GUYNEMER (RUE GEORGES)";"50,3719500";"3,0567000"
"202000003203";"27";"2";"2020";"01:50";"5";"988";"98818";"2";"1";"1";"6";"PROMENADE ROGER LAROQUE";" -22,3032500";"166,4373500"
"202000003204";"4";"3";"2020";"19:50";"5";"69";"69388";"2";"1";"1";"3";"JEAN MERMOZ                         (AV)";"45,7339199";"4,8771187"
"202000003205";"4";"3";"2020";"17:50";"1";"69";"69276";"2";"1";"1";"6";"LOUIS GRENIER                           ";"45,6746000";"4,8599000"
"202000003206";"8";"1";"2020";"06:10";"1";"971";"97113";"2";"9";"1";"6";"SECTION GRANDE RAVINE";"16,2161237";" -61,4789826"
"202000003207";"4";"3";"2020";"06:15";"5";"95";"95268";"2";"3";"1";"3";"RUE DES DOUCETTES";"48,9652890";"2,3934840"
"202000003208";"4";"3";"2020";"17:15";"1";"91";"91687";"2";"3";"2";"3";"VICTOR SCHOELCHER (AVENUE)";"48,6592550";"2,3732300"
"202000003209";"4";"3";"2020";"18:30";"2";"91";"91201";"2";"2";"2";"3";"HENRI BARBUSSE(BOULEVARD)";"48,6741400";"2,4120000"
"202000003210";"4";"3";"2020";"07:50";"1";"91";"91027";"2";"1";"1";"6";"J B DE LA SALLE (RUE)";"48,7000000";"2,3825000"
"202000003211";"4";"3";"2020";"07:28";"2";"91";"91021";"2";"3";"1";"3";"JAURES JEAN (BOULEVARD)";"48,5886000";"2,2457200"
"202000003212";"4";"3";"2020";"08:45";"1";"83";"83069";"1";"1";"1";"3";"PIERREFEU (ROUTE DE) RD 12";"43,1616418";"6,1240436"
"202000003213";"3";"3";"2020";"10:45";"1";"80";"80021";"2";"1";"1";"6";"GENERAL LECLERC (RUE DU )";"49,8942900";"2,2930500"
"202000003214";"4";"3";"2020";"18:00";"1";"78";"78440";"2";"2";"2";"6";"avenue de la République";"48,9860170";"1,9146540"
"202000003215";"3";"3";"2020";"14:45";"1";"76";"76108";"2";"3";"3";"6";"POUCHET. RUE MAX";"49,4704100";"1,1149700"
"202000003216";"3";"3";"2020";"20:03";"5";"74";"74012";"2";"3";"1";"1";"CHABLAIS (RUE DU)";"46,1975000";"6,2384800"
"202000003217";"14";"2";"2020";"14:40";"1";"73";"73011";"2";"6";"1";"3";"OLIVET (CHEMIN DE)";"45,6656657";"6,3679782"
"202000003218";"4";"3";"2020";"19:00";"5";"72";"72181";"2";"1";"2";"2";"MENDES FRANCE PIERRE (AV)";"48,0072100";"0,1995300"
"202000003219";"4";"3";"2020";"13:14";"1";"72";"72181";"2";"1";"2";"6";"EINSTEIN ALBERT (RUE)";"48,0323690";"0,1744290"
"202000003220";"28";"2";"2020";"08:10";"1";"69";"69290";"2";"2";"1";"3";"CITE BERLIET (DE LA)            (BD)";"45,7047500";"4,9155700"
"202000003221";"3";"3";"2020";"09:45";"1";"69";"69029";"2";"2";"1";"6";"GENAS (DE)                          (RO)";"45,7484000";"4,9175000"
"202000003222";"4";"3";"2020";"17:00";"5";"64";"64335";"2";"3";"2";"4";"EUROPE DE L'";"43,3349600";" -0,4569800"
"202000003223";"4";"3";"2020";"23:35";"5";"64";"64348";"2";"9";"1";"7";"ERCKMAN CHATRIAN";"43,3276700";" -0,3931000"
"202000003224";"2";"3";"2020";"16:55";"1";"63";"63164";"2";"6";"1";"4";"Rond point de COURLANDE";"45,8413228";"3,1582923"
"202000003225";"2";"3";"2020";"15:38";"1";"63";"63113";"2";"1";"1";"2";"SAINT JEAN (BD)";"45,7820300";"3,1181700"
"202000003226";"2";"3";"2020";"09:24";"1";"63";"63113";"2";"6";"9";"3";"BLERIOT (AVENUE LOUIS)";"45,7882991";"3,1394747"
"202000003227";"25";"2";"2020";"16:00";"1";"62";"62041";"2";"2";"1";"6";"TEMPLE ( DU )";"50,2801480";"2,7852750"
"202000003228";"1";"3";"2020";"05:45";"2";"60";"60159";"1";"1";"1";"6";"Départementale 1131";"49,3927600";"2,8015400"
"202000003229";"4";"3";"2020";"11:30";"1";"59";"59131";"1";"6";"1";"3";"HOOGHE-PORTE";"50,9919000";"2,3533200"
"202000003230";"25";"2";"2020";"10:45";"1";"56";"56260";"2";"1";"2";"6";"Rue Ernest Cognacq Jay";"47,6642900";" -2,7916500"
"202000003231";"4";"3";"2020";"13:50";"1";"54";"54304";"2";"4";"8";"2";"SAULNOIS (RUE DU)";"48,6927327";"6,1304690"
"202000003232";"14";"2";"2020";"08:25";"1";"54";"54395";"2";"3";"1";"1";"STRASBOURG (AVENUE DE)";"48,6801197";"6,1954227"
"202000003233";"4";"3";"2020";"13:50";"1";"51";"51454";"2";"3";"1";"3";"Rue Pierre Méhault";"49,2259217";"4,0292161"
"202000003234";"3";"3";"2020";"12:30";"1";"49";"49015";"1";"2";"1";"4";"RD 122 - échangeur RD 775";"47,4996600";" -0,6211400"
"202000003235";"4";"3";"2020";"00:45";"5";"45";"45234";"2";"1";"1";"6";"D906094-PR2+10";"47,9238588";"1,9407731"
"202000003236";"3";"3";"2020";"14:15";"5";"44";"44184";"2";"6";"2";"3";"Rue de la Ville Halluard";"47,2843290";" -2,2015560"
"202000003237";"4";"3";"2020";"19:50";"3";"44";"44109";"2";"1";"2";"6";"BOULEVARD DU MASSACRE";"47,2256823";" -1,6022624"
"202000003238";"4";"3";"2020";"19:00";"3";"44";"44162";"2";"6";"2";"3";"Boulevard Marcel Paul";"47,2294577";" -1,6337736"
"202000003239";"3";"3";"2020";"18:40";"5";"41";"41018";"2";"1";"1";"6";"GAMBETTA (AVENUE)- RD766";"47,5836800";"1,3227000"
"202000003240";"3";"3";"2020";"19:40";"5";"38";"38544";"2";"1";"1";"6";"Montée Saint Marcel";"45,5215200";"4,8824600"
"202000003241";"4";"3";"2020";"16:40";"1";"38";"38185";"2";"1";"1";"6";"Boulevard Maréchal Foch";"45,1804300";"5,7180500"
"202000003242";"4";"3";"2020";"19:50";"5";"34";"34172";"2";"1";"1";"3";"JUSTICE DE CASTELNAU (AVENUE DE LA)";"43,6262206";"3,8768434"
"202000003243";"4";"3";"2020";"14:15";"1";"34";"34172";"2";"1";"1";"6";"MOULIN (GRAND-(RUE JEAN)";"43,6074429";"3,8771275"
"202000003244";"4";"3";"2020";"05:05";"5";"34";"34172";"2";"1";"1";"7";"SOULAS (AVENUE DU PERE";"43,6244160";"3,8525385"
"202000003245";"4";"3";"2020";"12:10";"1";"33";"33167";"2";"9";"3";"6";"RN230 / D936 (sortie bretelle ech24)";"44,8434200";" -0,5040600"
"202000003246";"4";"3";"2020";"01:25";"5";"33";"33063";"2";"1";"1";"2";"CRS DE L'YSER";"44,8225600";" -0,5709400"
"202000003247";"4";"3";"2020";"15:00";"1";"29";"29232";"2";"3";"1";"1";"Rue du Poher";"47,9827262";" -4,1059660"
"202000003248";"2";"3";"2020";"09:15";"1";"29";"29039";"2";"6";"8";"3";"Rue de Trégunc";"47,8698000";" -3,9061000"
"202000003249";"4";"3";"2020";"10:00";"1";"27";"27681";"2";"1";"8";"4";"JAURES (BOULEVARD JAURES)";"49,0949280";"1,4669400"
"202000003250";"28";"2";"2020";"21:15";"5";"27";"27229";"2";"9";"2";"6";"QUATORZE JUILLET (BOULEVARD)";"49,0095100";"1,1666200"
"202000003251";"3";"3";"2020";"18:05";"1";"27";"27229";"2";"3";"1";"2";"CONCHES (ROUTE DE)";"49,0193400";"1,1190000"
"202000003252";"2";"3";"2020";"17:10";"1";"22";"22278";"2";"1";"1";"6";"SAINT-PIERRE (ET PL.)";"48,5129100";" -2,7659500"
"202000003253";"4";"3";"2020";"11:43";"1";"17";"17300";"2";"1";"2";"2";"SAUTEL  BOULEVARD ANDRE";"46,1681400";" -1,1324900"
"202000003254";"4";"3";"2020";"19:00";"5";"13";"13213";"2";"1";"1";"2";"JEAN PAUL SARTRE (AVENUE)";"43,3210856";"5,4161281"
"202000003255";"4";"3";"2020";"02:40";"5";"13";"13214";"2";"1";"6";"6";"MERLAN (AVENUE)";"43,3314300";"5,4063500"
"202000003256";"4";"3";"2020";"18:41";"1";"13";"13213";"2";"1";"1";"2";"OLIVES (AVENUE DES)";"43,3262260";"5,4392550"
"202000003257";"4";"3";"2020";"18:20";"2";"13";"13201";"2";"1";"1";"6";"CANEBIERE     70 A FIN";"43,2985500";"5,3837400"
"202000003258";"4";"3";"2020";"07:20";"2";"13";"13002";"2";"1";"1";"3";"ETIENNE CUCCA-CD908 (AVENUE)";"43,3602000";"5,4941300"
"202000003259";"18";"9";"2020";"07:40";"1";"72";"72181";"2";"3";"1";"1";"GALLOUEDEC DOCTEUR (RUE DU)";"48,0097800";"0,1942000"
"202000003260";"18";"9";"2020";"22:40";"5";"69";"69256";"2";"2";"1";"3";"HENRI BARBUSSE                      (AV)";"45,7852400";"4,9171400"
"202000003261";"18";"9";"2020";"20:05";"5";"69";"69256";"2";"7";"1";" -1";"FRANKLIN                            (R )";"45,7869900";"4,9205800"
"202000003262";"18";"9";"2020";"14:45";"1";"69";"69029";"2";"1";"1";"6";"JEAN LURCAT                      (R )";"45,7466500";"4,9208100"
"202000003263";"13";"9";"2020";"18:05";"2";"69";"69275";"2";"2";"1";"2";"JONAGE (DE)                         (RO)";"45,7726609";"4,9775658"
"202000003264";"17";"9";"2020";"17:22";"1";"68";"68297";"2";"1";"1";"6";"Rue de Huningue";"47,5800000";"7,5600000"
"202000003265";"17";"9";"2020";"15:30";"1";"66";"66136";"2";"3";"1";"3";"VALETTE (FREDERIC)";"42,6977800";"2,8802800"
"202000003266";"18";"9";"2020";"09:20";"1";"64";"64483";"2";"1";"1";"3";"RD810";"43,3972300";" -1,6445400"
"202000003267";"18";"9";"2020";"20:20";"5";"64";"64445";"2";"1";"3";"3";"JEAN MERMOZ";"43,3061200";" -0,3762500"
"202000003268";"18";"9";"2020";"10:55";"1";"64";"64445";"2";"6";"1";"3";"RECTEUR JEAN SARRAILH";"43,3113600";" -0,3657100"
"202000003269";"15";"9";"2020";"07:50";"2";"64";"64122";"2";"1";"8";" -1";"MARCEL DASSAULT (BD)";"43,4721200";" -1,5355300"
"202000003270";"16";"9";"2020";"19:45";"1";"64";"64024";"2";"1";"1";"4";"BAB (BOULEVARD DU)";"43,4870900";" -1,5365700"
"202000003271";"18";"9";"2020";"06:55";"5";"62";"62119";"2";"2";"1";"3";"BOUTLEUX ( RUE )";"50,5297000";"2,6346600"
"202000003272";"16";"9";"2020";"12:43";"1";"61";"61001";"2";"1";"1";"6";"PIERRE ET MARIE CURIE (RUE)";"48,4353300";"0,1057100"
"202000003273";"18";"9";"2020";"07:11";"1";"60";"60057";"2";"1";"1";"1";"WAGE (RUE DU)";"49,4278822";"2,0998070"
"202000003274";"18";"9";"2020";"01:15";"5";"59";"59350";"2";"3";"1";"3";"ISLY RUE";"50,6247300";"3,0387100"