"Num_Acc";"jour";"mois";"an";"hrmn";"lum";"dep";"com";"agg";"int";"atm";"col";"adr";"lat";"long"
"202000003275";"17";"9";"2020";"18:55";"1";"56";"56260";"2";"3";"1";"3";"BERTHELOT(RUE MARCELIN)";"47,6659500";" -2,7867000"
"202000003276";"16";"9";"2020";"18:15";"1";"56";"56260";"2";"1";"1";"3";"MARTIN(RUE JEAN)";"47,6534400";" -2,7416300"
"202000003277";"18";"9";"2020";"18:00";"1";"54";"54547";"2";"1";"1";"4";"MALINES (RUE DE)";"48,6639447";"6,1734916"
"202000003278";"18";"9";"2020";"08:20";"1";"54";"54395";"2";"1";"1";"3";"TOMBLAINE (RUE DE)";"48,6875470";"6,2049860"
"202000003279";"17";"9";"2020";"18:00";"1";"54";"54184";"2";"1";"1";"3";"DE GAULLE (RUE DU GAL)";"48,7004020";"6,2216581"
"202000003280";"17";"9";"2020";"17:10";"1";"54";"54395";"2";"1";"1";"6";"VINGT SIXIEME R.I. (BOULEVARD DU 2 A 44)";"48,6968108";"6,1891604"
"202000003281";"17";"9";"2020";"08:20";"1";"54";"54184";"2";"1";"1";"2";"DE GAULLE (RUE DU GAL)";"48,6996000";"6,2163000"
"202000003282";"18";"9";"2020";"16:40";"1";"51";"51454";"2";"1";"1";"3";"Rue Clovis";"49,2499736";"4,0290212"
"202000003283";"18";"9";"2020";"16:18";"1";"51";"51454";"2";"1";"1";"7";"Avenue de Champagne";"49,2382870";"4,0445552"
"202000003284";"13";"9";"2020";"12:00";"1";"50";"50129";"2";"2";"1";"3";"CONQUERANT (BOULEVARD GUILLAUME LE)";"49,6421600";" -1,6369100"
"202000003285";"17";"9";"2020";"13:45";"1";"49";"49328";"2";"1";"1";"4";"GAUTHIER (QUAI LUCIEN)";"47,2604000";" -0,0749400"
"202000003286";"17";"9";"2020";"07:46";"1";"47";"47001";"2";"3";"1";"3";"LIBERTE (BOULEVARD DE LA)";"44,2007900";"0,6226200"
"202000003287";"18";"9";"2020";"07:45";"1";"45";"45286";"2";"1";"1";"2";"AVENUE GASTON GALLOUX ";"47,8894213";"1,9234742"
"202000003288";"17";"9";"2020";"17:45";"1";"45";"45068";"2";"2";"1";"3";"BOUTET (RUE FERNAND)";"48,0131000";"2,7300000"
"202000003289";"18";"9";"2020";"08:00";"1";"44";"44162";"2";"1";"1";"2";"Rue Bobby Sands";"47,2353000";" -1,6572200"
"202000003290";"18";"9";"2020";"14:45";"1";"38";"38169";"2";"2";"1";"3";"Quai du Drac";"45,1890300";"5,7005700"
"202000003291";"18";"9";"2020";"16:00";"1";"37";"37261";"2";"1";"1";"4";"MIRABEAU (PONT)";"47,3981426";"0,6996322"
"202000003292";"18";"9";"2020";"14:20";"1";"37";"37233";"2";"9";"1";"3";"DUCLOS (AVENUE JACQUES)";"47,3782575";"0,7176091"
"202000003293";"18";"9";"2020";"15:45";"1";"35";"35238";"2";"6";"1";"3";"SAINT-MALO (RUE DE)";"48,1326300";" -1,6908600"
"202000003294";"18";"9";"2020";"09:10";"1";"35";"35278";"2";"1";"1";"7";"BLAVET (RUE DU)";"48,1508900";" -1,6840000"
"202000003295";"8";"9";"2020";"23:00";"4";"33";"33063";"2";"1";"1";"6";"RUE PIERRE TREBOD";"44,8588500";" -0,5848900"
"202000003296";"18";"9";"2020";"12:50";"1";"33";"33529";"1";"1";"1";"6";"BISCAROSSE (AVE) DUNE VERS BISCA";"44,5697800";" -1,2266100"
"202000003297";"18";"9";"2020";"22:30";"3";"30";"30189";"2";"1";"1";"6";"ANDUZE (ROUTE OU ANCIENNE ROUTE)";"43,8714200";"4,2774600"
"202000003298";"18";"9";"2020";"16:30";"1";"29";"29232";"2";"6";"2";"3";"Route du Petit Guelen";"47,9833700";" -4,0494700"
"202000003299";"17";"9";"2020";"08:10";"1";"28";"28134";"2";"1";"1";"6";"RN 12 (CARREFOUR DELISLE)";"48,7459500";"1,3656700"
"202000003300";"5";"9";"2020";"21:40";"5";"27";"27229";"2";"1";"1";"6";"20 rue Yitzhak Rabin";"49,0262900";"1,1786600"
"202000003301";"18";"9";"2020";"04:00";"5";"17";"17274";"2";"1";"1";"7";"GRANDE RUE   RUE";"46,1526000";" -1,1094900"
"202000003302";"18";"9";"2020";"18:20";"1";"13";"13210";"2";"2";"1";"3";"PAUL CLAUDEL (BOULEVARD)";"43,2690520";"5,4204172"
"202000003303";"18";"9";"2020";"17:20";"1";"13";"13205";"2";"1";"1";"2";"SAINT PIERRE (RUE)";"43,2917430";"5,4138740"
"202000003304";"18";"9";"2020";"11:00";"1";"13";"13206";"2";"2";"1";"3";"PRADO (AVENUE DU)";"43,2820552";"5,3859634"
"202000003305";"18";"9";"2020";"12:30";"1";"13";"13214";"2";"1";"1";"3";"BASSIN (CHEMIN DU)";"43,3422200";"5,4020500"
"202000003306";"18";"9";"2020";"09:05";"1";"13";"13212";"2";"1";"1";"3";"CAILLOLS (AVENUE DES)";"43,3039030";"5,4354440"
"202000003307";"18";"9";"2020";"03:45";"5";"13";"13201";"2";"2";"1";"3";"FORT NOTRE DAME (RUE)";"43,2916985";"5,3718488"
"202000003308";"17";"9";"2020";"19:10";"2";"13";"13211";"2";"1";"1";"1";"CHAPELLE (TRAVERSE DE LA)";"43,3019450";"5,5118690"
"202000003309";"18";"9";"2020";"19:30";"2";"13";"13047";"1";"9";"8";"2";"FOS (ROUTE DE) - RN 569";"43,4890000";"4,9650000"
"202000003310";"18";"9";"2020";"15:55";"1";"13";"13001";"2";"1";"1";" -1";"BROSSOLETTE PIERRE (AV)";"43,5140000";"5,4425000"
"202000003311";"17";"9";"2020";"22:00";"3";"13";"13001";"2";"1";"1";"3";"RD9";"43,5059900";"5,4027100"
"202000003312";"18";"9";"2020";"19:55";"5";"11";"11069";"2";"1";"1";"3";"MUSSET ALFRED -ET IMPASSE-";"43,2195400";"2,3439800"
"202000003313";"17";"9";"2020";"17:30";"1";"11";"11069";"2";"1";"1";"2";"GARIGLIANO -PONT DU-";"43,2046300";"2,3324200"
"202000003314";"17";"9";"2020";"14:00";"1";"11";"11069";"2";"1";"1";"7";"MINERVOISE -ROUTE-";"43,2232000";"2,3601000"
"202000003315";"17";"9";"2020";"10:40";"1";"11";"11069";"1";"6";"1";"7";"LIMOUX - ROUTE DE-";"43,2044000";"2,3330000"
"202000003316";"18";"9";"2020";"13:55";"1";"10";"10325";"2";"4";"7";"3";"PASTEUR (RUE)";"48,2618000";"4,0739000"
"202000003317";"17";"9";"2020";"21:22";"5";"10";"10387";"2";"3";"1";"6";"CLAUDE HUEZ (RUE)";"48,2982200";"4,0739200"
"202000003318";"17";"9";"2020";"10:50";"1";"10";"10387";"2";"1";"1";"3";"PIERRE BROSSOLETTE (RUE)";"48,2884700";"4,0769400"
"202000003319";"18";"9";"2020";"14:57";"1";"08";"08105";"2";"3";"1";"3";"MONTHERME";"49,7900000";"4,7100000"
"202000003320";"14";"9";"2020";"17:20";"1";"06";"06088";"2";"1";"1";"6";"SEMERIA (AV. DENIS)";"43,7153000";"7,2928000"
"202000003321";"18";"9";"2020";"21:40";"5";"06";"06069";"2";"9";"1";"3";"DE LATTRE DE TASSIGNY (AVENUE DU MARECHA";"43,6491400";"6,9317600"
"202000003322";"18";"9";"2020";"16:10";"1";"06";"06069";"2";"1";"1";"1";"POMPIDOU (AVENUE GEORGES) -RD 6085";"43,6485340";"6,9356940"
"202000003323";"18";"9";"2020";"14:28";"1";"06";"06069";"1";"1";"1";"3";"PAOUTE (ROUTE ET TRAVERSE DE LA)";"43,6371560";"6,9565740"
"202000003324";"18";"9";"2020";"15:10";"1";"06";"06004";"2";"2";"1";"4";"SAINT JEAN RTE ET CH.DE";"43,5837800";"7,1064800"
"202000003325";"17";"9";"2020";"17:50";"1";"01";"01053";"2";"1";"1";"7";"DE VIGNY (RUE ALFRED )";"46,1982900";"5,2246380"
"202000003326";"17";"9";"2020";"10:55";"1";"75";"75116";"2";"4";"1";"3";"BOULEVARD PERIPHERIQUE";"48,8363230";"2,2567600"
"202000003327";"14";"9";"2020";"22:35";"5";"75";"75119";"2";"1";"1";"2";"PORTE D AUBERVILLIERS";"48,9003090";"2,3779940"
"202000003328";"18";"9";"2020";"08:40";"1";"75";"75120";"2";"3";"1";"3";"BOULEVARD MORTIER";"48,8764210";"2,4072880"
"202000003329";"18";"9";"2020";"02:05";"5";"75";"75118";"2";"2";"1";"3";"BOULEVARD DE LA CHAPELLE";"48,8840600";"2,3556980"
"202000003330";"18";"9";"2020";"10:45";"1";"75";"75119";"2";"1";"1";"6";"RUE DE L OURCQ";"48,8918780";"2,3799680"
"202000003331";"18";"9";"2020";"13:25";"1";"75";"75118";"2";"4";"1";"6";"RUE FIRMIN GEMIER";"48,8957400";"2,3310970"
"202000003332";"18";"9";"2020";"19:00";"2";"75";"75108";"2";"1";"1";"3";"PONT DE L ALMA";"48,8637680";"2,3016220"
"202000003333";"18";"9";"2020";"16:00";"1";"75";"75117";"2";"4";"1";"6";"BOULEVARD DE COURCELLES";"48,8788550";"2,3017640"
"202000003334";"18";"9";"2020";"15:30";"1";"75";"75117";"2";"7";"1";"2";"BOULEVARD MALESHERBES";"48,8875720";"2,3046450"
"202000003335";"18";"9";"2020";"09:40";"1";"75";"75117";"2";"5";"1";" -1";"BOULEVARD DE COURCELLES";"48,8791520";"2,3031510"
"202000003336";"17";"9";"2020";"22:40";"5";"75";"75117";"2";"2";"1";"3";"AVENUE DE CLICHY,";"48,8902630";"2,3207510"
"202000003337";"17";"9";"2020";"16:50";"1";"75";"75117";"2";"1";"1";"7";"BOULEVARD DES BATIGNOLLES";"48,8824400";"2,3214640"
"202000003338";"18";"9";"2020";"15:50";"1";"75";"75108";"2";"4";"1";"3";"AVENUE MARCEAU";"48,8661140";"2,2996580"
"202000003339";"18";"9";"2020";"09:00";"1";"75";"75116";"2";"7";"1";"2";"PLACE DU TROCADERO ET DU 11 NOVEMBRE";"48,8632860";"2,2866670"
"202000003340";"18";"9";"2020";"00:41";"5";"75";"75117";"2";"1";"1";"6";"AVENUE DE LA GRANDE ARMEE";"48,8744590";"2,2922810"
"202000003341";"17";"9";"2020";"18:15";"1";"75";"75116";"2";"1";"1";"3";"ROUTE DE SEVRES A NEUILLY";"48,8575780";"2,2373260"
"202000003342";"18";"9";"2020";"20:15";"5";"75";"75113";"2";"2";"1";"3";"AVENUE DE FRANCE";"48,8314000";"2,3758800"
"202000003343";"18";"9";"2020";"15:20";"1";"75";"75113";"2";"3";"1";"3";"BOULEVARD KELLERMANN";"48,8208170";"2,3558310"
"202000003344";"17";"9";"2020";"23:20";"5";"75";"75113";"2";"1";"1";"3";"QUAI D AUSTERLITZ";"48,8410350";"2,3691160"
"202000003345";"18";"9";"2020";"17:50";"1";"75";"75111";"2";"3";"1";"3";"RUE RICHARD LENOIR";"48,8554680";"2,3818140"
"202000003346";"17";"9";"2020";"22:58";"5";"75";"75111";"2";"2";"1";"3";"RUE DE CHARONNE";"48,8546970";"2,3853240"
"202000003347";"18";"9";"2020";"17:45";"1";"75";"75110";"2";"4";"1";"6";"RUE DU FAUBOURG SAINT DENIS";"48,8784660";"2,3566800"
"202000003348";"18";"9";"2020";"09:00";"1";"75";"75116";"2";"1";"1";"3";"ROUTE DES LACS A PASSY";"48,8584740";"2,2577370"
"202000003349";"18";"9";"2020";"00:48";"5";"75";"75108";"2";"7";"1";"3";"PLACE DE L ALMA";"48,8647410";"2,3019430"
"202000003350";"18";"9";"2020";"12:50";"1";"75";"75104";"2";"3";"1";"7";"QUAI DES CELESTINS";"48,8529110";"2,3589710"
"202000003351";"18";"9";"2020";"12:00";"1";"75";"75104";"2";"3";"1";"7";"RUE DE LUTECE";"48,8549600";"2,3468620"
"202000003352";"17";"9";"2020";"15:30";"1";"75";"75103";"2";"2";"1";"3";"RUE SAINT MARTIN";"48,8659430";"2,3537770"
"202000003353";"18";"9";"2020";"10:10";"1";"94";"94033";"2";"1";"1";"2";"MARECHAL DE LATTRE DE TASSIGNY (AV DU)";"48,8528609";"2,4940038"
"202000003354";"18";"9";"2020";"19:20";"2";"94";"94042";"2";"3";"1";"3";"Avenue du Général Galliéni & Boulevard de Polangis";"48,8200514";"2,4817218"
"202000003355";"16";"9";"2020";"09:20";"1";"94";"94068";"2";"1";"1";"2";"CARNOT (AV)";"48,7973600";"2,4871100"
"202000003356";"18";"9";"2020";"09:05";"1";"94";"94046";"2";"1";"1";" -1";"REPUBLIQUE (AV DE LA)";"48,8025500";"2,4335360"
"202000003357";"18";"9";"2020";"12:00";"1";"94";"94074";"2";"6";"1";"3";"LOUIS ARMAND (R)";"48,7607290";"2,4438440"
"202000003358";"18";"9";"2020";"02:10";"5";"94";"94046";"2";"1";"1";"3";"GENERAL DE GAULLE (AV DU)";"48,8140000";"2,4211000"
"202000003359";"18";"9";"2020";"17:40";"1";"94";"94016";"2";"1";"1";"2";"MARCEL BONNET (R)";"48,7953895";"2,3287482"
"202000003360";"18";"9";"2020";"17:10";"1";"94";"94073";"2";"1";"1";"3";"LUXEMBOURG (AV DU)";"48,7613200";"2,3709400"
"202000003361";"17";"9";"2020";"00:10";"5";"94";"94073";"2";"9";"1";"2";"FONTAINEBLEAU (AV DE)";"48,7690000";"2,3680000"
"202000003362";"18";"9";"2020";"16:45";"1";"94";"94028";"2";"1";"1";"6";"LECLERC.(RUE DU GENERAL)";"48,7905000";"2,4651600"
"202000003363";"18";"9";"2020";"14:40";"1";"94";"94028";"2";"3";"1";"3";"GOUNOD.(RUE CHARLES)";"48,7848389";"2,4510086"
"202000003364";"18";"9";"2020";"18:20";"1";"94";"94022";"2";"1";"1";"6";"AUGUSTE BLANQUI (R)";"48,7667000";"2,4050000"
"202000003365";"18";"9";"2020";"19:45";"2";"94";"94033";"2";"3";"1";"3";"MARECHAL JOFFRE (AV DU)";"48,8535600";"2,4750300"
"202000003366";"18";"9";"2020";"18:00";"1";"94";"94071";"2";"4";"1";"2";"VICTOR HUGO (R)";"48,7808900";"2,5136800"
"202000003367";"18";"9";"2020";"21:00";"5";"93";"93078";"2";"9";"1";"2";"BALLANGER (BD ROBERT)";"48,9552000";"2,5380000"
"202000003368";"18";"9";"2020";"13:05";"1";"93";"93078";"2";"1";"1";"3";"BD ROBERT BALLANGER";"48,9548117";"2,5368279"
"202000003369";"18";"9";"2020";"12:30";"1";"93";"93053";"2";"1";"1";"6";"REPUBLIQUE (BLD DE LA) N°";"48,8957789";"2,4611954"
"202000003370";"17";"9";"2020";"11:30";"1";"93";"93049";"2";"2";"1";"3";"FAUVETTES (AVENUE) J-BACHELET->BEL AIR";"48,8699883";"2,5055672"
"202000003371";"18";"9";"2020";"15:20";"1";"93";"93074";"2";"9";"1";"6";"MEAUX RUE DE";"48,9346400";"2,5666800"
"202000003372";"18";"9";"2020";"10:15";"1";"93";"93032";"1";"9";"1";"3";"R DE PARIS";"48,8656890";"2,5654130"
"202000003373";"18";"9";"2020";"08:50";"1";"93";"93007";"2";"2";"1";"6";"CHARLES FLOQUET (AVENUE)";"48,9400200";"2,4407200"
"202000003374";"18";"9";"2020";"09:55";"1";"93";"93071";"2";"2";"1";"6";"ALLEE DE VILLENAUT";"48,9300477";"2,5169819"
"202000003375";"18";"9";"2020";"15:50";"1";"92";"92073";"2";"1";"1";"6";"JAURES (AVENUE JEAN)";"48,8638700";"2,2087300"
"202000003376";"18";"9";"2020";"17:30";"1";"92";"92064";"2";"1";"1";"6";"REPUBLIQUE";"48,8512640";"2,2131280"
"202000003377";"18";"9";"2020";"16:40";"1";"92";"92033";"2";"3";"1";"2";"SURESNES";"48,8468655";"2,1954095"
"202000003378";"18";"9";"2020";"13:45";"1";"92";"92064";"2";"1";"1";"4";"MARCEL DASSAULT";"48,8554700";"2,2229500"
"202000003379";"18";"9";"2020";"17:40";"1";"92";"92050";"2";"1";"1";"2";"SARTROUVILLE RUE DE";"48,9119590";"2,2175539"
"202000003380";"17";"9";"2020";"09:15";"1";"92";"92050";"2";"3";"1";"3";"GARENNE RUE DE LA";"48,8987239";"2,2255857"
"202000003381";"15";"9";"2020";"09:45";"1";"92";"92050";"2";"6";"1";"3";"DROITS DE L'HOMME PLACE DES";"48,8958300";"2,2160200"
"202000003382";"18";"9";"2020";"17:10";"1";"92";"92019";"2";"1";"1";"6";"DIVISION LECLERC (AVENUE DE LA)";"48,7639459";"2,2713202"
"202000003383";"18";"9";"2020";"20:55";"5";"92";"92012";"2";"1";"1";" -1";"JEAN BAPTISTE CLEMENT (AVENUE) 49/FIN -";"48,8436266";"2,2323173"
"202000003384";"17";"9";"2020";"14:30";"1";"92";"92009";"2";"3";"1";"3";"ARGENTEUIL ( AVENUE D' )";"48,9199141";"2,2769871"
"202000003385";"18";"9";"2020";"19:15";"5";"974";"97415";"2";"1";"1";"7";"Ruelle des Bambous";" -21,0481670";"55,3024720"
"202000003386";"19";"9";"2020";"10:20";"1";"26";"26301";"1";"1";"1";"6";"1169 route de chateauneuf de galaure";"45,1278950";"4,9825140"
"202000003387";"18";"9";"2020";"18:10";"1";"86";"86128";"1";"1";"1";"3";"349 Lieu Dit le Colombier";"46,8021620";"0,2741230"
"202000003388";"11";"9";"2020";"15:55";"1";"06";"06044";"2";"1";"1";" -1";"Boulevard Alex Roubert";"43,6846740";"7,1019620"
"202000003389";"19";"9";"2020";"09:55";"1";"974";"97412";"2";"2";"1";"1";"176 Rue Marcel Pagnol";" -21,3711340";"55,6729820"
"202000003390";"19";"9";"2020";"12:00";"1";"972";"97212";"2";"1";"1";"7";"Chemin Duverger";"14,7079280";" -61,0120200"
"202000003391";"18";"9";"2020";"16:00";"1";"52";"52469";"1";"1";"1";"4";"Autoroute A.5 - gare de péage Semoutiers";"48,0428360";"5,0592900"
"202000003392";"17";"9";"2020";"11:50";"1";"51";"51388";"2";"2";"1";"1";"Rue Canrobert";"49,1388154";"4,3599106"
"202000003393";"19";"9";"2020";"11:25";"1";"38";"38118";"1";"1";"1";"2";"RD 119";"45,3714430";"5,4502490"
"202000003394";"18";"9";"2020";"15:15";"1";"22";"22391";"1";"2";"1";"3";"D39";"48,3417390";" -2,1547260"
"202000003395";"19";"9";"2020";"13:57";"1";"37";"37159";"1";"1";"1";"2";"N/A";"47,2771525";"0,6778626"
"202000003396";"19";"9";"2020";"00:00";"4";"89";"89326";"2";"1";"1";"6";"RD606";"48,1508374";"3,3093504"
"202000003397";"18";"9";"2020";"18:35";"1";"74";"74173";"1";"1";"1";"6";"Route du Leutaz";"45,8397770";"6,5982770"
"202000003398";"19";"9";"2020";"03:10";"4";"2B";"2B050";"1";"9";"1";"6";"La Vigna";"42,5546930";"8,7907360"
"202000003399";"19";"9";"2020";"17:30";"1";"12";"12286";"1";"1";"1";"7";"Rayssac";"43,9153770";"2,8294520"
"202000003400";"18";"9";"2020";"14:37";"1";"42";"42224";"1";"1";"1";"5";"Route de Jonzieux";"45,3380929";"4,3963491"
"202000003401";"19";"9";"2020";"16:00";"1";"34";"34114";"2";"3";"1";"2";"Boulevard Pasteur";"43,6537570";"3,5521620"
"202000003402";"15";"8";"2020";"09:35";"1";"68";"68105";"1";"1";"1";"1";"D26.2";"47,6901070";"7,1510630"
"202000003403";"19";"9";"2020";"11:45";"1";"29";"29241";"1";"6";"2";"7";"D36 - Rond point de Rozanduc";"47,9693280";" -3,8310470"
"202000003404";"19";"9";"2020";"11:50";"1";"31";"31232";"2";"1";"1";"6";"19 Allee Alsace Lorraine";"43,7707100";"1,2953250"
"202000003405";"12";"7";"2020";"01:45";"3";"02";"02804";"1";"1";"1";"1";"D1";"49,3005580";"3,3391570"
"202000003406";"19";"9";"2020";"10:30";"1";"15";"15265";"2";"1";"1";"6";"42 Avenue de la République";"45,3456230";"2,4375810"
"202000003407";"23";"8";"2020";"13:20";"1";"06";"06125";"1";"1";"1";"7";"D78";"44,1627200";"6,7115740"
"202000003408";"19";"9";"2020";"16:11";"1";"83";"83082";"1";"1";"1";"5";"Route Departementale 955";"43,6054459";"6,4797500"
"202000003409";"18";"9";"2020";"18:20";"1";"60";"60223";"1";"9";"1";"4";"D36";"49,4329570";"2,6726390"
"202000003410";"19";"9";"2020";"08:55";"1";"60";"60104";"1";"1";"1";"1";"Rue de Montdidier";"49,6291945";"2,3257418"
"202000003411";"18";"9";"2020";"11:45";"1";"64";"64547";"1";"1";"1";"1";"D932";"43,4140030";" -1,4744320"
"202000003412";"18";"9";"2020";"07:30";"2";"18";"18271";"2";"1";"1";"6";"3 Route de Saint Eloy de Gy";"47,1505420";"2,3756650"
"202000003413";"19";"9";"2020";"05:30";"3";"16";"16210";"1";"1";"2";"6";"N/A";"45,7362310";"0,0616370"
"202000003414";"19";"9";"2020";"05:00";"3";"16";"16132";"1";"1";"2";"6";"Lieu dit Le Pilas";"45,8679970";"0,7846390"
"202000003415";"19";"9";"2020";"08:55";"1";"07";"07349";"1";"1";"1";"4";"Route de Celles";"44,7975200";"4,7629170"
"202000003416";"19";"9";"2020";"11:10";"1";"24";"24388";"1";"3";"1";"3";"Falgueyrat";"44,8619570";"0,9009110"
"202000003417";"18";"9";"2020";"18:30";"1";"24";"24115";"2";"1";"2";"6";"Rue du Château";"45,2453360";"0,6841350"
"202000003418";"19";"9";"2020";"17:30";"1";"27";"27480";"2";"1";"1";"6";"18 Rue Camelet";"49,3452100";"1,5365200"
"202000003419";"18";"9";"2020";"11:40";"1";"30";"30249";"1";"2";"1";"3";"4 Chemin de Clarensac";"43,8087460";"4,2265260"
"202000003420";"18";"9";"2020";"20:45";"5";"38";"38352";"2";"1";"1";"2";"Montée de la Ladrière";"45,5922790";"5,2382040"
"202000003421";"16";"9";"2020";"10:30";"1";"13";"13051";"1";"6";"1";"3";"Chemin de la Garenne";"43,5976220";"5,0918930"
"202000003422";"19";"9";"2020";"01:20";"3";"44";"44028";"1";"1";"2";"2";"autoroute A11, PK 332+000";"47,3381830";" -1,3857360"
"202000003423";"16";"9";"2020";"03:50";"3";"33";"33199";"1";"6";"1";"6";"A660";"44,6148500";" -1,0724760"
"202000003424";"18";"9";"2020";"14:45";"1";"06";"06161";"1";"1";"1";"6";"A8  - pk 176.700";"43,6255140";"7,1161370"
"202000003425";"14";"9";"2020";"21:20";"5";"69";"69268";"2";"1";"1";"7";"13 Avenue du General Brosset";"45,6538000";"4,7510140"
"202000003426";"18";"9";"2020";"08:15";"1";"69";"69027";"2";"3";"7";"6";"Chemin du Bois des Côtes";"45,6704440";"4,7622510"
"202000003427";"19";"9";"2020";"18:22";"3";"988";"98829";"1";"1";"1";"6";"RM2 - Saint Gabriel";" -21,6349910";"166,2827110"
"202000003428";"17";"9";"2020";"09:30";"1";"37";"37073";"2";"1";"7";"3";"46 Rue Nationale";"47,3311828";"1,0937587"
"202000003429";"18";"9";"2020";"20:35";"3";"45";"45049";"1";"1";"1";"6";"D948";"47,8665010";"2,3818870"
"202000003430";"18";"9";"2020";"20:00";"2";"89";"89111";"1";"1";"1";"6";"A5";"48,2384150";"3,4568530"
"202000003431";"19";"9";"2020";"11:40";"1";"88";"88321";"2";"9";"1";"6";"37 Rue de la Vaux";"48,3483670";"5,6863530"
"202000003432";"15";"9";"2020";"16:00";"1";"88";"88460";"1";"1";"1";"2";"31 Route de Fruze";"48,3969480";"5,7413970"
"202000003433";"18";"9";"2020";"12:30";"1";"69";"69236";"1";"9";"1";" -1";"D488";"45,5660060";"4,7030820"
"202000003434";"19";"9";"2020";"18:30";"1";"33";"33146";"2";"1";"2";"1";"D2";"45,1074730";" -0,7291850"
"202000003435";"19";"9";"2020";"00:20";"3";"72";"72110";"2";"1";"2";"6";"rue nationale";"47,7471760";" -0,1513540"
"202000003436";"19";"9";"2020";"12:35";"1";"29";"29247";"1";"1";"1";"6";"163 Route de la Véronique";"47,9566074";" -3,9883448"
"202000003437";"19";"9";"2020";"07:00";"2";"76";"76057";"1";"1";"1";"1";"Route de Fresquiennes";"49,5457730";"0,9731220"
"202000003438";"18";"9";"2020";"17:45";"1";"60";"60360";"1";"2";"1";"1";"N/A";"49,3371100";"2,4549620"
"202000003439";"19";"9";"2020";"10:50";"1";"62";"62014";"2";"1";"1";"2";"rd 943 ";"50,6296583";"2,3903391"
"202000003440";"18";"9";"2020";"14:20";"1";"13";"13215";"1";"1";"1";"4";"A7-Sens Marseille vers Lyon";"43,3599700";"5,3620800"
"202000003441";"13";"9";"2020";"12:28";"1";"13";"13005";"1";"1";"1";"2";"A52-Sens Toulon vers Pont de l'Etoile";"43,2806000";"5,5847500"
"202000003442";"15";"9";"2020";"08:20";"1";"13";"13071";"1";"1";"1";"2";"A51-Sens Aix en Provence vers Marseille";"43,4066000";"5,3618000"
"202000003443";"18";"9";"2020";"09:00";"1";"13";"13055";"2";"1";"1";"2";"A507 sens Marseille - Aubagne";"43,3157465";"5,4224686"
"202000003444";"16";"9";"2020";"17:22";"1";"13";"13015";"1";"1";"1";"2";"A51-Sens Marseille vers Aix en Provence";"43,4543000";"5,3980000"
"202000003445";"15";"9";"2020";"17:30";"1";"13";"13056";"1";"1";"1";"7";"A55-Sens Marseille vers Martigues";"43,3945000";"5,0520000"
"202000003446";"18";"9";"2020";"20:40";"5";"33";"33249";"1";"1";"1";"4";"ROUTE NATIONALE 230";"44,8853000";" -0,5097000"
"202000003447";"11";"8";"2020";"11:33";"1";"59";"59449";"1";"1";"1";"7";"AUTOROUTE A23";"50,4642930";"3,2481170"
"202000003448";"18";"9";"2020";"16:00";"1";"91";"91064";"1";"1";"1";"2";"RN 118";"48,7542000";"2,2235000"
"202000003449";"18";"9";"2020";"14:30";"1";"92";"92072";"1";"1";"1";"3";"N118";"48,8260941";"2,2225280"
"202000003450";"18";"9";"2020";"11:30";"1";"94";"94042";"1";"1";"1";"2";"A4";"48,8283680";"2,4755836"
"202000003451";"18";"9";"2020";"09:30";"1";"94";"94018";"1";"1";"1";"2";"A4";"48,8205076";"2,4018322"
"202000003452";"16";"9";"2020";"18:55";"5";"988";"98818";"2";"3";"1";"6";"RUE GABRIEL LAROQUE/PROMENADE PIERRE VERNIER";" -22,2955000";"166,4581000"
"202000003453";"17";"9";"2020";"11:20";"1";"974";"97411";"2";"1";"1";"2";"PAYET (RUE ROGER)";" -20,8931000";"55,4880000"
"202000003454";"21";"6";"2020";"20:20";"1";"19";"19031";"2";"3";"1";"6";"QUEUILLE (AVENUE HENRI)";"45,1709494";"1,5303612"
"202000003455";"20";"6";"2020";"15:50";"1";"14";"14366";"2";"3";"1";"3";"MARECHAL DE LATTRE DE TASSIGNY (BOULEVAR";"49,1417900";"0,2439670"
"202000003456";"22";"6";"2020";"17:30";"1";"14";"14118";"2";"2";"1";"1";"JUIN (BOULEVARD MARECHAL)";"49,2103368";" -0,3675232"
"202000003457";"20";"6";"2020";"06:20";"1";"13";"13056";"2";"1";"1";"3";"L'HERMINIER AVENUE COMMANDANT JEAN";"43,4057800";"5,0472400"
"202000003458";"22";"6";"2020";"22:55";"5";"13";"13208";"2";"6";"1";"7";"ANDRE ZENATTI (AVENUE)";"43,2473010";"5,3825510"
"202000003459";"22";"6";"2020";"16:15";"1";"13";"13213";"1";"1";"1";"2";"JEAN PAUL SARTRE (AVENUE)";"43,3283100";"5,4286700"
"202000003460";"22";"6";"2020";"14:05";"1";"13";"13203";"2";"2";"1";"3";"BATTALA (BOULEVARD)";"43,3179400";"5,3788500"
"202000003461";"21";"6";"2020";"18:40";"1";"13";"13098";"1";"1";"1";"7";"D.51";"43,4614700";"4,9967200"
"202000003462";"21";"6";"2020";"15:25";"1";"13";"13047";"2";"1";"1";"6";"COMBE AUX FEES CHEMIN DE LA";"43,5027626";"4,9943205"
"202000003463";"21";"6";"2020";"18:39";"1";"10";"10362";"2";"1";"1";"2";"GENERAL LECLERC (RUE DU)";"48,2910800";"4,0270700"
"202000003464";"17";"6";"2020";"16:15";"1";"10";"10362";"2";"1";"1";" -1";"LOUIS BLANC (RUE)";"48,2975400";"4,0585700"
"202000003465";"22";"6";"2020";"11:46";"1";"06";"06088";"2";"2";"1";"6";"GAMBETTA (A PARTIR DU N° 63-74)";"43,7094400";"7,2559400"