"Num_Acc";"jour";"mois";"an";"hrmn";"lum";"dep";"com";"agg";"int";"atm";"col";"adr";"lat";"long"
"202000003661";"2";"2";"2020";"03:40";"5";"93";"93001";"2";"2";"2";"3";"BD ANATOLE FRANCE / R DU CREVECOEUR";"48,9194800";"2,3826700"
"202000003662";"2";"2";"2020";"17:30";"2";"92";"92040";"2";"2";"2";"3";"PROFESSEUR CALMETTE (AVENUE DU)";"48,8148244";"2,2720768"
"202000003663";"2";"2";"2020";"20:09";"5";"92";"92004";"2";"1";"2";"3";"DOCTEUR DERVAUX  ( QUAI DU )";"48,9098800";"2,2949600"
"202000003664";"2";"2";"2020";"14:40";"1";"92";"92004";"2";"1";"2";"2";"DOCTEUR DERVAUX  ( QUAI DU )";"48,9044158";"2,2865979"
"202000003665";"1";"2";"2020";"11:45";"1";"65";"65296";"1";"9";"1";"1";"D48  Route du Vignoble";"43,5310869";" -0,0403213"
"202000003666";"31";"1";"2020";"15:30";"1";"12";"12259";"1";"1";"8";"5";"D922";"44,3060770";"2,0392250"
"202000003667";"1";"2";"2020";"19:52";"5";"74";"74011";"2";"6";"2";"3";"1 Rue Commandant Ratel";"45,9232030";"6,1365620"
"202000003668";"3";"2";"2020";"07:45";"1";"80";"80092";"1";"2";"2";"3";"CD 933";"49,9605280";"2,2739500"
"202000003669";"2";"2";"2020";"16:30";"1";"11";"11024";"1";"9";"1";" -1";"D 6009";"43,1325990";"2,9645810"
"202000003670";"3";"2";"2020";"11:20";"1";"89";"89167";"1";"2";"2";"3";"D176";"47,8709350";"3,4361460"
"202000003671";"3";"2";"2020";"13:20";"1";"63";"63109";"1";"2";"1";"2";"D996";"45,5648300";"3,1605430"
"202000003672";"3";"2";"2020";"10:05";"1";"61";"61195";"1";"1";"2";"1";"35 Le Poirier";"48,6468890";" -0,3192900"
"202000003673";"31";"1";"2020";"08:30";"1";"42";"42323";"2";"1";"1";"3";"Avenue General de Gaulle";"45,5600600";"4,2775440"
"202000003674";"2";"2";"2020";"20:00";"5";"22";"22325";"2";"3";"8";"6";"Venelle des Pêcheurs";"48,6465071";" -2,8275975"
"202000003675";"2";"2";"2020";"17:00";"1";"25";"25036";"1";"1";"2";"7";"Route National N83";"47,1909560";"5,9664340"
"202000003676";"2";"2";"2020";"23:00";"3";"29";"29172";"1";"1";"2";"7";"Lieu-dit Moulin l'Abbé";"48,1869996";" -4,2582020"
"202000003677";"1";"2";"2020";"17:00";"1";"29";"29196";"1";"1";"8";"1";"Lieu-dit Landré";"48,5085306";" -4,5855657"
"202000003678";"2";"2";"2020";"16:20";"1";"31";"31174";"2";"1";"7";"6";"276 Ceriros";"43,0288470";"0,8450250"
"202000003679";"2";"2";"2020";"00:05";"3";"02";"02012";"1";"1";"2";"3";"D6";"49,3390009";"3,3868630"
"202000003680";"31";"1";"2020";"16:30";"1";"66";"66053";"1";"1";"1";"1";"Mas Ravaner";"42,5317410";"3,0673050"
"202000003681";"3";"2";"2020";"07:40";"3";"14";"14514";"2";"1";"1";"6";"43 Rue Georges Clémenceau";"49,2888450";"0,1949910"
"202000003682";"3";"2";"2020";"08:30";"3";"50";"50127";"1";"1";"2";"7";"D70";"49,3823170";" -1,3316850"
"202000003683";"30";"1";"2020";"11:59";"1";"60";"60584";"2";"1";"3";"7";"D92";"49,2097480";"2,4050620"
"202000003684";"3";"2";"2020";"00:00";"3";"10";"10438";"1";"1";"2";"6";"D30";"48,1319050";"4,6006610"
"202000003685";"2";"2";"2020";"03:30";"5";"24";"24255";"2";"1";"1";"7";"Le Pech";"44,9384870";"1,1324590"
"202000003686";"2";"2";"2020";"22:00";"3";"04";"04004";"1";"1";"1";"7";"RD 952";"43,8059080";"6,0545610"
"202000003687";"17";"1";"2020";"09:00";"1";"04";"04145";"2";"1";"3";"6";"Parking Lidl";"44,1388850";"5,9677930"
"202000003688";"3";"2";"2020";"15:47";"1";"28";"28284";"1";"1";"8";"1";"D2020";"48,2423240";"1,9568380"
"202000003689";"31";"1";"2020";"12:30";"1";"37";"37021";"1";"1";"2";"1";"Lieu Dit la Petite Carrerie";"47,5444346";"0,6907439"
"202000003690";"3";"2";"2020";"09:00";"1";"01";"01296";"1";"1";"3";"7";"A39";"46,3844530";"5,2702670"
"202000003691";"2";"2";"2020";"18:05";"1";"973";"97309";"2";"1";"1";"7";"Rue Georges Guéril";"4,8844030";" -52,2815750"
"202000003692";"2";"2";"2020";"11:10";"1";"83";"83061";"1";"1";"1";"3";"A8";"43,5201507";"6,7729824"
"202000003693";"1";"2";"2020";"01:15";"3";"64";"64502";"1";"1";"1";"2";"A64- Pk 27.700 sens Toulouse/Bayonne";"43,5307543";" -1,1818225"
"202000003694";"3";"2";"2020";"15:50";"1";"38";"38133";"2";"1";"1";"1";"D1075";"45,3572500";"5,6000700"
"202000003695";"2";"2";"2020";"19:15";"3";"987";"98723";"1";"1";"1";"6";"route de PUMAUA rocher de la vierge";" -9,7813552";" -139,0114689"
"202000003696";"25";"1";"2020";"14:15";"1";"971";"97129";"1";"1";"1";"3";"Duzer";"16,3421144";" -61,7381753"
"202000003697";"2";"2";"2020";"18:30";"3";"977";"97701";"2";"1";"1";" -1";"Route de colombier";"17,9120460";" -62,8537860"
"202000003698";"2";"2";"2020";"12:00";"1";"33";"33234";"2";"3";"1";"6";"6 Chemin de la Croix d'Ardit";"44,8040600";" -0,5005400"
"202000003699";"3";"2";"2020";"06:00";"3";"13";"13067";"1";"1";"1";"6";"D7n";"43,7720850";"5,0566080"
"202000003700";"3";"2";"2020";"07:54";"1";"13";"13100";"1";"1";"1";"7";"D99";"43,7844640";"4,8820070"
"202000003701";"2";"2";"2020";"10:33";"1";"68";"68063";"2";"2";"2";"3";"6 Rue Georges Risler";"47,8090510";"7,1723790"
"202000003702";"3";"2";"2020";"14:15";"1";"31";"31458";"1";"1";"1";"1";"Route de Frouzins";"43,5081920";"1,3575010"
"202000003703";"2";"2";"2020";"22:00";"3";"80";"80288";"1";"1";"2";"5";"A1";"49,8702170";"2,8354170"
"202000003704";"2";"2";"2020";"19:15";"2";"13";"13106";"1";"1";"1";"4";"A51-Sens Aix en Provence vers Marseille";"43,4054500";"5,3602000"
"202000003705";"2";"2";"2020";"16:10";"1";"13";"13071";"1";"1";"1";"3";"A7-Sens Lyon vers Marseille";"43,4061003";"5,3226376"
"202000003706";"31";"1";"2020";"07:40";"2";"13";"13215";"1";"1";"1";"2";"A7-Sens Lyon vers Marseille";"43,3771600";"5,3580100"
"202000003707";"31";"1";"2020";"08:55";"1";"13";"13210";"1";"1";"1";"3";"A50-Sens Aubagne vers Marseille";"43,2848050";"5,4074782"
"202000003708";"31";"1";"2020";"18:25";"5";"13";"13210";"1";"1";"1";"2";"A50-Sens Marseille vers Aubagne";"43,2846333";"5,4074005"
"202000003709";"31";"1";"2020";"18:05";"2";"13";"13215";"1";"1";"1";"2";"A7-Sens Lyon vers Marseille";"43,3476670";"5,3713060"
"202000003710";"2";"2";"2020";"22:15";"3";"33";"33474";"1";"1";"1";"5";"AUTOROUTE A 62";"44,6720600";" -0,4751500"
"202000003711";"2";"2";"2020";"19:15";"5";"91";"91377";"1";"2";"2";"1";"RD 188";"48,7300900";"2,3005100"
"202000003712";"2";"2";"2020";"18:37";"3";"91";"91216";"1";"1";"2";"2";"AUTOROUTE A6";"48,6844400";"2,3279500"
"202000003713";"2";"2";"2020";"16:40";"1";"94";"94034";"1";"1";"2";"2";"AUTOROUTE A86";"48,7590958";"2,3239201"
"202000003714";"2";"2";"2020";"17:45";"2";"91";"91064";"1";"1";"2";"6";"RN 118";"48,7499100";"2,2213800"
"202000003715";"2";"2";"2020";"05:25";"3";"91";"91589";"1";"1";"3";"7";"AUTOROUTE A6";"48,6785000";"2,3353000"
"202000003716";"2";"2";"2020";"18:00";"3";"77";"77514";"1";"1";"3";" -1";"A104";"48,9479140";"2,6286830"
"202000003717";"2";"2";"2020";"10:15";"1";"77";"77249";"1";"1";"2";"7";"RN104";"48,7403031";"2,6124683"
"202000003718";"2";"2";"2020";"09:35";"1";"77";"77373";"1";"1";"2";"7";"RN104";"48,7669680";"2,6135680"
"202000003719";"31";"1";"2020";"09:05";"1";"77";"77146";"1";"1";"1";"2";"A4.Y";"48,8321615";"2,6537775"
"202000003720";"1";"2";"2020";"04:20";"4";"69";"69199";"2";"2";"1";" -1";"NICOLAI                             (R )";"45,7084500";"4,8552100"
"202000003721";"31";"1";"2020";"11:45";"1";"69";"69388";"2";"1";"1";"6";"BATAILLE                            (R )";"45,7387100";"4,8673000"
"202000003722";"27";"1";"2020";"19:30";"5";"69";"69389";"2";"1";"1";"2";"ARLOING                             (QU)";"45,7737300";"4,8094000"
"202000003723";"31";"1";"2020";"05:20";"5";"2B";"2B120";"2";"1";"1";"2";"11 - RT";"42,6483300";"9,4400300"
"202000003724";"31";"1";"2020";"23:10";"5";"971";"97101";"1";"1";"1";"6";"GRAND CAMP(SECTION)";"16,2489637";" -61,5375996"
"202000003725";"1";"2";"2020";"18:45";"5";"91";"91223";"1";"1";"2";"5";"R.N.20";"48,4370200";"2,1707000"
"202000003726";"1";"2";"2020";"04:00";"3";"78";"78311";"2";"5";"2";"2";"HENRI BARBUSSE (BOULEVARD) 83-109";"48,9319400";"2,1826600"
"202000003727";"30";"1";"2020";"18:35";"5";"78";"78517";"2";"3";"9";"6";"CLAIREFONTAINE (RUE DE)";"48,6504200";"1,8310500"
"202000003728";"31";"1";"2020";"20:35";"5";"76";"76410";"2";"1";"1";"2";"REPUBLIQUE. RUE DE LA";"49,4760100";"1,0429000"
"202000003729";"31";"1";"2020";"17:30";"1";"71";"71153";"2";"2";"1";"3";"REPUBLIQUE (AVENUE DE LA)";"46,7984467";"4,4470590"
"202000003730";"1";"2";"2020";"04:30";"3";"71";"71445";"1";"1";"2";"3";"D673";"46,7744202";"4,8752609"
"202000003731";"1";"2";"2020";"18:10";"5";"64";"64348";"2";"1";"1";"3";"ANDRE MARIE AMPERE";"43,3138400";" -0,4282800"
"202000003732";"1";"2";"2020";"13:45";"1";"64";"64445";"2";"1";"1";"6";"GUILHEM";"43,3169100";" -0,3369100"
"202000003733";"1";"2";"2020";"02:45";"5";"64";"64445";"2";"5";"1";"3";"JEAN GENEZE";"43,3191700";" -0,3675100"
"202000003734";"31";"1";"2020";"15:56";"1";"63";"63113";"2";"1";"1";"6";"LIONDARDS (RUE DES)";"45,7665399";"3,0957063"
"202000003735";"1";"2";"2020";"04:48";"5";"63";"63113";"2";"2";"1";"1";"FLAUBERT (BD GUSTAVE)";"45,7641800";"3,1259500"
"202000003736";"30";"1";"2020";"10:13";"1";"63";"63032";"2";"3";"1";"5";"MONTPOLY/Mont-Dore";"45,7511500";"3,0798600"
"202000003737";"30";"1";"2020";"07:20";"2";"63";"63113";"2";"2";"1";"1";"BLANZAT (RUE DE)";"45,7871500";"3,0845300"
"202000003738";"29";"1";"2020";"17:00";"1";"59";"59350";"2";"9";"1";"3";"CATICHES RUE DES";"50,6090900";"3,0413700"
"202000003739";"1";"2";"2020";"16:30";"1";"54";"54025";"1";"1";"2";"2";"CHARTREUSE (AVENUE DE LA)";"48,6617843";"6,2511684"
"202000003740";"1";"2";"2020";"17:51";"2";"54";"54159";"2";"3";"2";"6";"MATHIEU DE DOMBASLE (RUE)";"48,6255090";"6,3463660"
"202000003741";"1";"2";"2020";"15:40";"1";"51";"51454";"2";"1";"1";"4";"Boulevard Louis Roederer";"49,2572626";"4,0236155"
"202000003742";"1";"2";"2020";"11:40";"1";"45";"45302";"1";"1";"1";"6";"Rocade-D520";"47,9453220";"1,8926200"
"202000003743";"1";"2";"2020";"14:10";"1";"37";"37122";"2";"1";"1";"3";"MARTYRS (RUE DES)";"47,3534994";"0,6659097"
"202000003744";"1";"2";"2020";"20:45";"5";"35";"35238";"2";"1";"1";"6";"5 BRIZEUX (DE)";"48,1200000";" -1,6720300"
"202000003745";"1";"2";"2020";"15:20";"1";"35";"35238";"2";"3";"1";"3";"RABELAIS";"48,0971600";" -1,6770100"
"202000003746";"1";"2";"2020";"11:30";"1";"35";"35238";"2";"3";"8";"3";"25 VOLTAIRE (BD)";"48,1050200";" -1,6959200"
"202000003747";"1";"2";"2020";"11:40";"1";"35";"35238";"1";"1";"1";"2";"RN136";"48,0828400";" -1,6975600"
"202000003748";"1";"2";"2020";"09:40";"1";"35";"35278";"1";"9";"7";"6";"RN136 Porte de Beauregard";"48,1393100";" -1,6986800"
"202000003749";"1";"2";"2020";"08:30";"1";"34";"34198";"2";"1";"5";"1";"PAGNOL (AVENUE MARCEL)";"43,5606650";"3,9545820"
"202000003750";"1";"2";"2020";"16:05";"1";"34";"34003";"1";"1";"1";"3";"RD612";"43,3091400";"3,5125600"
"202000003751";"2";"2";"2020";"02:10";"5";"29";"29019";"2";"2";"3";"1";"Rue de Paris";"48,4096400";" -4,4564300"
"202000003752";"27";"1";"2020";"16:05";"1";"28";"28085";"2";"7";"8";"1";"SAINT BRICE (RUE)";"48,4379000";"1,4936000"
"202000003753";"31";"1";"2020";"13:25";"1";"19";"19272";"2";"1";"2";"6";"Champeau (Lieu dit)";"45,2744248";"1,7870687"
"202000003754";"1";"2";"2020";"08:40";"1";"13";"13208";"2";"6";"7";"3";"ALAIN SAVARY (ROND-POINT)";"43,2460860";"5,3945760"
"202000003755";"1";"2";"2020";"02:25";"4";"13";"13209";"2";"1";"1";"7";"COL DE LA GINESTE D559";"43,2461100";"5,4457600"
"202000003756";"27";"1";"2020";"17:30";"1";"13";"13004";"2";"1";"1";"6";"RUE HORACE RICHEBE";"43,6948400";"4,6344500"
"202000003757";"1";"2";"2020";"16:16";"1";"11";"11069";"2";"1";"1";"3";"BUFFON RUE JUSQUAU 48 ET 39";"43,2209600";"2,3527000"
"202000003758";"1";"2";"2020";"20:10";"5";"75";"75112";"2";"1";"2";"2";"PORTE DE CHARENTON";"48,8302760";"2,4020370"
"202000003759";"1";"2";"2020";"14:20";"1";"75";"75119";"2";"4";"2";"2";"PORTE D AUBERVILLIERS";"48,9003340";"2,3771970"
"202000003760";"31";"1";"2020";"06:20";"5";"75";"75112";"2";"4";"1";"7";"ECHANGEUR BERCY";"48,8271950";"2,3927950"
"202000003761";"29";"1";"2020";"15:25";"1";"75";"75118";"2";"4";"1";"3";"BD PERIPHERIQUE INTERIEUR";"48,9009059";"2,3557410"
"202000003762";"1";"2";"2020";"19:30";"5";"75";"75119";"2";"3";"2";"6";"BOULEVARD MACDONALD";"48,8988530";"2,3781280"
"202000003763";"1";"2";"2020";"20:30";"5";"75";"75119";"2";"2";"1";"6";"AVENUE DE FLANDRE";"48,8905640";"2,3768440"
"202000003764";"1";"2";"2020";"14:05";"1";"75";"75119";"2";"3";"1";"6";"QUAI DE LA SEINE";"48,8866820";"2,3745420"
"202000003765";"1";"2";"2020";"01:30";"5";"75";"75116";"2";"1";"1";"7";"VOIE GEORGES POMPIDOU";"48,8516640";"2,2800920"
"202000003766";"31";"1";"2020";"20:50";"5";"75";"75116";"2";"1";"1";"6";"AVENUE DU MAHATMA GANDHI";"48,8769140";"2,2678620"
"202000003767";"31";"1";"2020";"10:28";"1";"75";"75116";"2";"3";"1";"3";"AVENUE FOCH";"48,8719470";"2,2825490"
"202000003768";"1";"2";"2020";"01:55";"5";"75";"75114";"2";"7";"1";"3";"PLACE VICTOR BASCH";"48,8278110";"2,3266620"
"202000003769";"1";"2";"2020";"18:50";"5";"75";"75112";"2";"6";"2";" -1";"ROUTE DE LA PYRAMIDE";"48,8340630";"2,4448200"
"202000003770";"1";"2";"2020";"12:00";"1";"75";"75112";"2";"7";"1";"2";"AVENUE DE SAINT MANDE";"48,8448850";"2,4019770"
"202000003771";"1";"2";"2020";"00:20";"5";"75";"75112";"2";"1";"1";" -1";"QUAI DE LA RAPEE";"48,8424890";"2,3718410"
"202000003772";"1";"2";"2020";"01:40";"5";"75";"75109";"2";"1";"1";"6";"BOULEVARD DE CLICHY";"48,8827080";"2,3357530"
"202000003773";"1";"2";"2020";"02:24";"5";"75";"75108";"2";"4";"1";"3";"VOIE GEORGES POMPIDOU";"48,8646630";"2,3074020"
"202000003774";"30";"1";"2020";"12:45";"1";"75";"75108";"2";"7";"2";"3";"RUE DE LA PEPINIERE";"48,8748506";"2,3198769"
"202000003775";"1";"2";"2020";"01:45";"5";"75";"75104";"2";"2";"1";"3";"QUAI DE GESVRES";"48,8566990";"2,3489180"
"202000003776";"1";"2";"2020";"06:55";"5";"94";"94081";"2";"2";"2";"2";"ROUGET DE L ISLE (AV)";"48,7781600";"2,3967900"
"202000003777";"31";"1";"2020";"16:30";"1";"94";"94068";"2";"1";"1";"7";"LA FONTAINE (AV)";"48,8082900";"2,5062900"
"202000003778";"31";"1";"2020";"19:10";"5";"94";"94015";"2";"3";"1";"6";"GEORGES MELIES (BD)";"48,8289315";"2,5257733"
"202000003779";"3";"2";"2020";"19:15";"5";"94";"94076";"2";"1";"7";"6";"STALINGRAD (AV DE)";"48,7829000";"2,3670400"
"202000003780";"1";"2";"2020";"19:30";"5";"94";"94034";"2";"9";"2";"6";"JEAN JAURES (BD)";"48,7549000";"2,3195500"
"202000003781";"1";"2";"2020";"15:25";"1";"94";"94017";"2";"1";"2";"2";"François Mittérrand (avenue)";"48,8151400";"2,5163200"
"202000003782";"1";"2";"2020";"13:45";"1";"94";"94017";"2";"1";"2";"3";"HAUTS BONNE EAU (R DES)";"48,8242700";"2,5206200"
"202000003783";"1";"2";"2020";"01:35";"5";"94";"94017";"2";"6";"1";"3";"ALLIES (BD DES)";"48,8297300";"2,4898700"
"202000003784";"1";"2";"2020";"01:40";"5";"94";"94004";"2";"1";"2";"6";"CHARLES DE GAULLE (AV)";"48,7592511";"2,5006571"
"202000003785";"1";"2";"2020";"22:10";"5";"93";"93055";"2";"1";"2";"2";"EDOUARD VAILLANT DU 1 A FIN.";"48,8972400";"2,3997400"
"202000003786";"1";"2";"2020";"19:07";"5";"92";"92072";"2";"1";"2";"7";"VILLE D'AVRAY (RUE DE )";"48,8248100";"2,2073800"
"202000003787";"1";"2";"2020";"19:15";"5";"92";"92020";"2";"1";"2";"3";"PARIS AVENUE DE N° IMPAIRS";"48,8091000";"2,2971900"
"202000003788";"30";"1";"2020";"19:30";"2";"92";"92025";"2";"3";"1";"4";"VERDUN (RUE DE)";"48,9240050";"2,2525940"
"202000003789";"31";"1";"2020";"16:05";"1";"14";"14656";"2";"1";"1";"1";"Route de Caen";"48,9373108";" -0,5064867"
"202000003790";"2";"2";"2020";"17:30";"2";"01";"01378";"1";"1";"2";"6";"D65";"45,8317780";"5,1899730"
"202000003791";"1";"2";"2020";"19:40";"3";"972";"97214";"1";"1";"1";"1";"RN1";"14,8432160";" -61,0890480"
"202000003792";"1";"2";"2020";"19:00";"3";"34";"34114";"1";"1";"1";"6";"A750";"43,6459050";"3,5498500"
"202000003793";"2";"2";"2020";"16:10";"1";"2B";"2B229";"1";"1";"1";"6";"D343";"42,1376440";"9,2780180"
"202000003794";"26";"1";"2020";"03:30";"5";"57";"57611";"1";"1";"1";"7";"86 Rue de France";"48,6572810";"6,9249110"
"202000003795";"1";"2";"2020";"19:45";"3";"51";"51527";"1";"1";"3";"3";"D28";"49,2605735";"3,7914097"
"202000003796";"2";"2";"2020";"11:10";"1";"19";"19150";"1";"1";"1";"6";"D38";"45,0760602";"1,6065751"
"202000003797";"2";"2";"2020";"19:30";"3";"76";"76594";"1";"3";"2";"3";"Route du Havre";"49,4909970";"1,0151730"
"202000003798";"1";"2";"2020";"23:10";"5";"76";"76648";"1";"1";"1";"6";"210 Avenue du General Hely d'Oissel";"49,6686830";"1,2719040"
"202000003799";"1";"2";"2020";"14:25";"1";"11";"11255";"1";"2";"1";"3";"D224";"43,1692860";"2,9148750"
"202000003800";"2";"2";"2020";"16:55";"1";"34";"34028";"1";"1";"1";"3";"D908";"43,6152110";"3,1868770"
"202000003801";"1";"2";"2020";"23:15";"3";"68";"68065";"1";"1";"2";"7";"D32";"47,6438150";"7,0361420"
"202000003802";"1";"2";"2020";"15:40";"1";"22";"22222";"2";"1";"1";"6";"Le Chêne Vert";"48,6894000";" -2,9318770"
"202000003803";"31";"1";"2020";"16:30";"1";"38";"38389";"2";"2";"1";"3";"Avenue du Stade";"45,5551800";"5,0817700"
"202000003804";"31";"1";"2020";"20:05";"3";"38";"38503";"1";"1";"1";"1";"Route du Lac";"45,3160040";"5,9450140"
"202000003805";"1";"2";"2020";"04:00";"3";"38";"38042";"1";"1";"1";"6";"Route de Grenoble";"45,3705100";"5,4053200"
"202000003806";"1";"2";"2020";"15:45";"1";"01";"01320";"1";"1";"8";"6";"D68a";"46,3127310";"4,8590900"
"202000003807";"1";"2";"2020";"20:52";"3";"01";"01445";"1";"1";"1";"7";"D1083";"46,3260920";"5,3099120"
"202000003808";"31";"1";"2020";"10:30";"1";"54";"54054";"2";"1";"2";"6";"RD112";"48,4757320";"6,3139140"
"202000003809";"2";"2";"2020";"08:10";"2";"72";"72186";"1";"1";"2";"6";"112 Route du Mans";"48,2091740";"0,1302050"
"202000003810";"2";"2";"2020";"11:05";"1";"06";"06138";"2";"1";"1";"7";"Avenue de Lérins";"43,5134720";"6,9371470"
"202000003811";"1";"2";"2020";"03:00";"3";"90";"90069";"1";"1";"1";"6";"1 Rue des Redais";"47,5252940";"6,9173100"
"202000003812";"2";"2";"2020";"15:30";"1";"60";"60531";"2";"9";"2";"7";"718 Rue de Francières";"49,4416695";"2,7025871"
"202000003813";"2";"2";"2020";"12:15";"1";"24";"24038";"1";"1";"2";"7";"D708";"45,2977960";"0,3576780"
"202000003814";"1";"2";"2020";"22:00";"3";"88";"88486";"1";"1";"2";"6";"D43";"48,0139880";"6,7091660"
"202000003815";"2";"2";"2020";"01:45";"3";"03";"03256";"1";"1";"1";"6";"A71";"46,3363894";"2,8864546"
"202000003816";"2";"2";"2020";"12:00";"1";"01";"01254";"1";"1";"3";"1";"A40";"46,1686200";"5,3015439"
"202000003817";"1";"2";"2020";"18:30";"5";"971";"97121";"2";"1";"1";"6";"D17";"16,2245106";" -61,7746739"
"202000003818";"2";"2";"2020";"17:20";"2";"34";"34329";"1";"1";"1";"3";"D37e9";"43,2518800";"3,2509930"
"202000003819";"6";"1";"2020";"17:50";"5";"83";"83023";"2";"1";"2";"3";"Avenue de la Liberation";"43,4058710";"6,0730080"
"202000003820";"1";"2";"2020";"11:57";"1";"67";"67400";"1";"1";"3";"1";"D263";"48,9859219";"7,9584208"
"202000003821";"2";"2";"2020";"01:45";"3";"38";"38412";"1";"1";"1";"6";"Route de Fourvoirie";"45,3794000";"5,7434600"
"202000003822";"2";"2";"2020";"14:45";"1";"26";"26206";"1";"1";"1";"7";"Quartier le Rozet";"44,8226940";"5,0099830"
"202000003823";"2";"2";"2020";"15:47";"1";"23";"23081";"1";"1";"2";"7";"Faureix";"45,7552550";"2,3550440"
"202000003824";"2";"2";"2020";"18:00";"1";"64";"64230";"1";"1";"1";"5";"Haut de Gan";"43,1697550";" -0,4413360"
"202000003825";"31";"1";"2020";"13:45";"1";"44";"44103";"2";"3";"2";"3";"Rue de la Chalandière";"47,3285909";" -2,1773642"
"202000003826";"23";"1";"2020";"13:15";"1";"59";"59310";"2";"3";"1";"1";"84 chaussée du bois";"50,3250430";"3,8266750"
"202000003827";"31";"1";"2020";"20:40";"3";"13";"13015";"1";"1";"1";"4";"A51-Sens Marseille vers Aix en Provence";"43,4586550";"5,4027540"
"202000003828";"28";"1";"2020";"17:25";"1";"13";"13055";"1";"1";"1";"2";"A507 sens Marseille - Aubagne";"43,2962660";"5,4245940"
"202000003829";"31";"1";"2020";"08:25";"3";"67";"67309";"1";"1";"8";"7";"Autoroute A.4";"48,6414859";"7,7309619"
"202000003830";"1";"2";"2020";"15:43";"1";"78";"78640";"1";"1";"8";"4";"A86 EXT";"48,7786890";"2,2065840"
"202000003831";"31";"1";"2020";"20:59";"5";"78";"78640";"1";"1";"2";"2";"N118";"48,7783380";"2,2224160"
"202000003832";"1";"2";"2020";"12:20";"1";"93";"93066";"1";"1";"2";"3";"AUTOROUTE A1";"48,9281300";"2,3579900"
"202000003833";"1";"2";"2020";"10:20";"1";"92";"92078";"1";"1";"2";"6";"AUTOROUTE A86";"48,9311319";"2,3235238"
"202000003834";"1";"2";"2020";"05:55";"3";"95";"95277";"1";"1";"3";"6";" A3";"48,9799900";"2,4966200"
"202000003835";"22";"7";"2020";"19:55";"1";"92";"92050";"1";"1";"1";"4";"A86";"48,9057399";"2,2099512"
"202000003836";"22";"7";"2020";"18:00";"1";"78";"78402";"1";"1";"1";"2";"A13";"48,9638900";"1,7920380"
"202000003837";"23";"7";"2020";"19:00";"1";"95";"95424";"1";"1";"1";"7";"AUTOROUTE A15";"48,9893000";"2,1978000"
"202000003838";"22";"7";"2020";"18:30";"1";"93";"93066";"1";"1";"1";"2";"AUTOROUTE A1";"48,9085200";"2,3584600"
"202000003839";"23";"7";"2020";"19:45";"1";"93";"93051";"1";"1";"1";"5";"A4";"48,8359199";"2,5613794"
"202000003840";"23";"7";"2020";"08:40";"1";"94";"94017";"1";"1";"1";"2";"A4";"48,8278800";"2,5043200"
"202000003841";"22";"7";"2020";"16:15";"1";"94";"94017";"1";"1";"1";"2";"A4";"48,8287167";"2,4781208"
"202000003842";"22";"7";"2020";"09:52";"1";"974";"97416";"2";"1";"1";"6";"LORION(RUE LUC)";" -21,3406700";"55,4690600"
"202000003843";"30";"6";"2020";"18:50";"5";"974";"97416";"2";"2";"1";"3";"Rue Hippolyte Piot";" -21,2986600";"55,4538500"
"202000003844";"22";"7";"2020";"19:15";"5";"974";"97411";"2";"4";"1";"3";"CHAUDRON  (BLD 1 DU)";" -20,8986700";"55,4964900"
"202000003845";"23";"7";"2020";"02:00";"5";"69";"69259";"2";"1";"1";"2";"MARCEL PAUL                         (AV)";"45,6993300";"4,8820300"
"202000003846";"22";"7";"2020";"19:15";"1";"69";"69383";"2";"3";"1";"3";"AUBIGNY (D')                        (R )";"45,7613000";"4,8638000"
"202000003847";"22";"7";"2020";"18:45";"1";"69";"69387";"2";"1";"1";"6";"CLAUDE BERNARD                      (QU)";"45,7525800";"4,8367500"
"202000003848";"22";"7";"2020";"16:05";"1";"69";"69387";"2";"1";"2";"3";"GARIBALDI                           (R )";"45,7481000";"4,8521400"
"202000003849";"22";"7";"2020";"16:50";"1";"69";"69387";"2";"3";"3";"7";"GAMBETTA                            (CO)";"45,7541400";"4,8462700"
"202000003850";"21";"7";"2020";"07:00";"1";"972";"97209";"1";"1";"1";"3";"AUTOROUTE (A1)";"14,6182300";" -61,0347800"
"202000003851";"21";"7";"2020";"08:10";"1";"972";"97209";"2";"1";"1";"1";"NELSON MANDELA (BOULEVARD)";"14,6018500";" -61,0513500"
"202000003852";"21";"7";"2020";"23:20";"5";"69";"69034";"2";"3";"1";"7";"SOLDATS (DES)                       (MO)";"45,7972000";"4,8529000"
"202000003853";"22";"7";"2020";"15:30";"1";"971";"97113";"1";"9";"2";"2";"SECTION GRANDE RAVINE";"16,2136400";" -61,4777600"
"202000003854";"21";"7";"2020";"15:40";"1";"971";"97113";"1";"1";"1";"3";"RN4 - SECTION RIVIERA";"16,2187400";" -61,5021300"
"202000003855";"20";"7";"2020";"18:43";"3";"971";"97113";"1";"2";"1";"3";"AMEDE CLARA";"16,2060893";" -61,4867234"
"202000003856";"20";"7";"2020";"10:16";"1";"971";"97101";"1";"2";"1";"3";"PETIT PEROU";"16,2515600";" -61,5132500"
"202000003857";"22";"7";"2020";"14:30";"1";"971";"97105";"1";"3";"1";"1";"BOLOGNE (ROUTE DE)";"16,0059700";" -61,7325100"