"Num_Acc";"jour";"mois";"an";"hrmn";"lum";"dep";"com";"agg";"int";"atm";"col";"adr";"lat";"long"
"202000003858";"17";"7";"2020";"23:30";"5";"95";"95555";"2";"1";"1";" -1";"PASTEUR (BOULEVARD)";"48,9669387";"2,2750463"
"202000003859";"21";"7";"2020";"17:45";"1";"91";"91223";"2";"1";"1";"6";"SAINT MARTIN (RUE)";"48,4278600";"2,1433900"
"202000003860";"22";"7";"2020";"07:30";"1";"91";"91027";"2";"1";"7";"3";"MORANGIS (AVENUE DE)";"48,7058000";"2,3689000"
"202000003861";"21";"7";"2020";"17:10";"1";"91";"91347";"2";"1";"1";"3";"MONTLHERY (ROUTE DE)";"48,6353300";"2,2854400"
"202000003862";"20";"7";"2020";"18:35";"1";"91";"91103";"2";"2";"1";"3";"RUE JEAN JAURES";"48,6074500";"2,3094100"
"202000003863";"22";"7";"2020";"12:50";"1";"83";"83137";"2";"1";"1";"4";"STRASBOURG (BD DE )";"43,1247990";"5,9332080"
"202000003864";"21";"7";"2020";"18:50";"1";"83";"83129";"1";"1";"1";"4";"KENNEDY (AVENUE J.)N° IMPAIRS > ST VICTO";"43,1079500";"5,8156000"
"202000003865";"21";"7";"2020";"10:55";"1";"80";"80021";"2";"1";"1";"6";"LA BRUYERE (RUE)";"49,9091500";"2,3160700"
"202000003866";"20";"7";"2020";"19:36";"1";"78";"78646";"2";"1";"1";"1";"PETITS BOIS (RUE DES)";"48,8068100";"2,1574500"
"202000003867";"22";"7";"2020";"13:50";"1";"78";"78440";"2";"1";"1";"3";"SALVADOR ALLENDE (RUE)";"48,9703650";"1,9196030"
"202000003868";"22";"7";"2020";"16:40";"1";"77";"77108";"2";"1";"1";"6";"SEMPIN (CHEMIN DU)";"48,8970000";"2,5903000"
"202000003869";"21";"7";"2020";"17:00";"1";"76";"76351";"2";"1";"1";"2";"REPUBLIQUE (COURS DE LA)";"49,5017200";"0,1312400"
"202000003870";"22";"7";"2020";"02:25";"5";"76";"76351";"2";"1";"1";"6";"SALVADOR ALLENDE (RUE)";"49,5046700";"0,1392200"
"202000003871";"19";"7";"2020";"16:55";"1";"73";"73222";"2";"3";"1";"3";"D912A PLAIMPALAIS (ROUTE DE)";"45,5748600";"5,9565600"
"202000003872";"1";"7";"2020";"18:30";"1";"69";"69266";"2";"1";"1";" -1";"WILSON       (Place)";"45,7737100";"4,8673200"
"202000003873";"20";"7";"2020";"18:06";"1";"67";"67365";"2";"1";"1";"4";"BOHRIE (ALLEE DU)";"48,5515300";"7,7061700"
"202000003874";"21";"7";"2020";"23:49";"5";"66";"66136";"2";"1";"1";"2";"ZOLA (EMILE)";"42,6980400";"2,8973700"
"202000003875";"22";"7";"2020";"14:00";"1";"64";"64445";"2";"1";"1";"3";"Route de Bayonne";"43,2971184";" -0,3877455"
"202000003876";"22";"7";"2020";"08:55";"1";"64";"64445";"2";"2";"1";"2";"GASTON PHOEBUS";"43,3024450";" -0,3793570"
"202000003877";"5";"7";"2020";"17:10";"1";"62";"62065";"2";"1";"1";"3";"SEMARD PIERRE";"50,4138540";"2,8412100"
"202000003878";"22";"7";"2020";"16:25";"1";"59";"59360";"2";"3";"1";" -1";"KUHLMANN AVENUE";"50,6206432";"3,0163579"
"202000003879";"21";"7";"2020";"10:55";"1";"54";"54578";"2";"1";"1";"6";"TROIS EPIS (RUE DES)";"48,6750014";"6,1619085"
"202000003880";"22";"7";"2020";"07:50";"1";"45";"45338";"2";"6";"1";"6";"Rue Léonard de Vinci";"47,9971500";"2,7149960"
"202000003881";"20";"7";"2020";"16:45";"1";"38";"38421";"2";"1";"1";"2";"Boulevard Dulcie September";"45,1665600";"5,7576490"
"202000003882";"21";"7";"2020";"10:20";"1";"37";"37208";"2";"1";"1";"1";"LAC (AVENUE DU)";"47,3671438";"0,7208960"
"202000003883";"22";"7";"2020";"12:50";"1";"34";"34172";"2";"1";"1";"6";"NOBEL (RUE ALFRED)";"43,6105500";"3,9124500"
"202000003884";"17";"7";"2020";"19:30";"1";"34";"34032";"2";"6";"1";"3";"ROUTE DE BEDARIEUX (RD.909)";"43,3600500";"3,2247700"
"202000003885";"22";"7";"2020";"15:50";"1";"33";"33009";"2";"1";"1";"2";"DEGANNE (BD) DU 01 AU 35";"44,6540900";" -1,1478700"
"202000003886";"22";"7";"2020";"09:40";"1";"31";"31555";"1";"1";"1";"6";"VA001490 A621";"43,6250100";"1,4129700"
"202000003887";"22";"7";"2020";"08:34";"1";"31";"31555";"1";"1";"1";"2";"VA007331 A620";"43,5604200";"1,4892500"
"202000003888";"21";"7";"2020";"20:05";"1";"31";"31555";"2";"1";"1";"3";"LARDENNE (AV DE)";"43,5924300";"1,4013200"
"202000003889";"21";"7";"2020";"17:10";"1";"31";"31555";"2";"1";"1";"3";"RUE DES ANGES";"43,6205900";"1,4401300"
"202000003890";"21";"7";"2020";"13:10";"1";"31";"31555";"2";"1";"1";"3";"CHE DU CHATEAU DE L HERS";"43,6018900";"1,4821200"
"202000003891";"21";"7";"2020";"10:05";"1";"31";"31555";"1";"6";"1";"3";"RD PT GRIFFON";"43,5587900";"1,4959700"
"202000003892";"21";"7";"2020";"16:30";"1";"30";"30189";"2";"1";"1";"6";"MENDES FRANCE PIERRE (AVENUE)";"43,8203000";"4,3865000"
"202000003893";"21";"7";"2020";"19:50";"1";"29";"29232";"2";"1";"1";"6";"Boulevard Amiral de Kerguelen";"47,9954814";" -4,0970598"
"202000003894";"22";"7";"2020";"07:40";"1";"29";"29232";"2";"6";"1";"2";"Rue Philippe Lebon ";"47,9950700";" -4,0740800"
"202000003895";"22";"7";"2020";"15:45";"1";"17";"17300";"2";"6";"1";"6";"CHAMP DE MARS   AVENUE DU";"46,1689700";" -1,1497200"
"202000003896";"25";"6";"2020";"20:15";"1";"14";"14338";"2";"1";"1";"3";"BAINS (RUE DES)";"49,2990025";" -0,0847008"
"202000003897";"19";"7";"2020";"20:30";"2";"13";"13054";"2";"9";"1";"3";"MONSEIGNEUR LAURENT IMBERT (CHE )";"43,4084600";"5,2300000"
"202000003898";"22";"7";"2020";"20:30";"2";"13";"13208";"2";"1";"1";"2";"MENDES FRANCE (AVENUE)";"43,2597400";"5,3757200"
"202000003899";"22";"7";"2020";"19:20";"1";"13";"13213";"2";"2";"1";"1";"LEPRINCE RINGUIET (rue)";"43,3442600";"5,4433400"
"202000003900";"22";"7";"2020";"18:10";"1";"13";"13208";"2";"1";"1";"2";"MENDES FRANCE (AVENUE)";"43,2624400";"5,3741600"
"202000003901";"22";"7";"2020";"18:05";"1";"13";"13203";"2";"1";"1";"6";"ROGER SALENGRO (AVENUE)";"43,3095500";"5,3737300"
"202000003902";"22";"7";"2020";"08:35";"1";"13";"13212";"2";"3";"1";"3";"GUEY (BOULEVARD)";"43,3040000";"5,4225280"
"202000003903";"21";"7";"2020";"07:05";"1";"13";"13206";"2";"2";"1";"3";"ITALIE (RUE D')";"43,2905200";"5,3833800"
"202000003904";"22";"7";"2020";"01:40";"3";"13";"13001";"2";"1";"1";"6";"LEDOUX CLAUDE NICOLAS (RUE)";"43,4752923";"5,3980568"
"202000003905";"21";"7";"2020";"13:30";"1";"10";"10387";"2";"6";"1";"3";"FRANCOIS MITERRAND";"48,2926000";"4,0742000"
"202000003906";"21";"7";"2020";"18:10";"1";"09";"09122";"2";"9";"1";"6";"ESPAGNE (ROUTE D')";"42,9399301";"1,6241897"
"202000003907";"22";"7";"2020";"08:43";"1";"06";"06088";"2";"2";"1";"3";"LEVESI (R. DOCTEUR)";"43,6813900";"7,2312800"
"202000003908";"20";"7";"2020";"08:35";"1";"06";"06083";"2";"3";"1";"6";"GREVILLE (RUE HENRI)";"43,7758810";"7,4954920"
"202000003909";"22";"7";"2020";"14:00";"1";"06";"06069";"1";"1";"1";"3";"SAINT MATHIEU (ROUTE ET PLACE)";"43,6606200";"6,9493500"
"202000003910";"21";"7";"2020";"19:30";"1";"06";"06123";"2";"1";"1";"2";"VESPINS ROUTE DES";"43,6600400";"7,1881600"
"202000003911";"22";"7";"2020";"13:41";"1";"06";"06004";"2";"1";"1";"3";"POINCARE BD RAYMOND.";"43,5730800";"7,1009700"
"202000003912";"21";"7";"2020";"15:20";"1";"05";"05061";"2";"1";"1";"2";"JEAN JAURES ( AVENUE )";"44,5497800";"6,0683500"
"202000003913";"22";"7";"2020";"17:35";"1";"75";"75115";"2";"1";"1";"7";"PORTE DE SEVRES";"48,8310530";"2,2841260"
"202000003914";"22";"7";"2020";"17:10";"1";"75";"75120";"2";"1";"1";"4";"BOULEVARD PERIPHERIQUE";"48,8714280";"2,4130020"
"202000003915";"21";"7";"2020";"19:50";"1";"75";"75112";"2";"1";"1";"3";"BOULEVARD PERIPHERIQUE";"48,8287680";"2,3987160"
"202000003916";"22";"7";"2020";"03:49";"5";"75";"75105";"2";"7";"1";"3";"PLACE DU PETIT PONT";"48,8530640";"2,3468200"
"202000003917";"22";"7";"2020";"12:20";"1";"75";"75120";"2";"1";"1";"6";"AVENUE GAMBETTA";"48,8765100";"2,4063100"
"202000003918";"22";"7";"2020";"14:30";"1";"75";"75118";"2";"1";"1";"6";"RUE MARX DORMOY";"48,8899550";"2,3599250"
"202000003919";"22";"7";"2020";"14:30";"1";"75";"75118";"2";"7";"1";"6";"RUE DU POTEAU";"48,8933120";"2,3428630"
"202000003920";"21";"7";"2020";"23:00";"5";"75";"75117";"2";"2";"1";"3";"RUE DE PONT A MOUSSON";"48,8975340";"2,3241930"
"202000003921";"22";"7";"2020";"16:50";"1";"75";"75116";"2";"1";"1";"6";"ROUTE DE LA MUETTE A NEUILLY";"48,8670150";"2,2650900"
"202000003922";"21";"7";"2020";"23:00";"5";"75";"75101";"2";"2";"1";"2";"RUE DU LOUVRE";"48,8609200";"2,3408660"
"202000003923";"21";"7";"2020";"02:40";"5";"75";"75113";"2";"5";"1";"3";"AVENUE DES GOBELINS";"48,8367930";"2,3518740"
"202000003924";"22";"7";"2020";"03:10";"5";"75";"75112";"2";"1";"1";"6";"QUAI DE LA RAPEE";"48,8441090";"2,3694730"
"202000003925";"21";"7";"2020";"20:20";"1";"75";"75112";"2";"4";"1";"3";"RUE DU FAUBOURG SAINT ANTOINE";"48,8506400";"2,3788050"
"202000003926";"22";"7";"2020";"14:00";"1";"75";"75111";"2";"2";"1";"6";"BOULEVARD DE MENILMONTANT";"48,8669930";"2,3828200"
"202000003927";"22";"7";"2020";"09:20";"1";"75";"75109";"2";"7";"1";"3";"RUE AUBER";"48,8710460";"2,3319070"
"202000003928";"22";"7";"2020";"20:15";"1";"75";"75108";"2";"1";"1";"7";"AVENUE DES CHAMPS ELYSEES";"48,8668250";"2,3169190"
"202000003929";"22";"7";"2020";"02:05";"5";"75";"75108";"2";"3";"1";"6";"AVENUE DES CHAMPS ELYSEES";"48,8710880";"2,3034910"
"202000003930";"21";"7";"2020";"12:28";"1";"75";"75107";"2";"3";"1";"3";"BOULEVARD RASPAIL";"48,8515710";"2,3268170"
"202000003931";"22";"7";"2020";"16:54";"1";"94";"94046";"2";"2";"1";"3";"GAMBETTA (AV)";"48,8100200";"2,4400900"
"202000003932";"22";"7";"2020";"08:26";"1";"94";"94016";"2";"1";"1";" -1";"ARISTIDE BRIAND (AV)";"48,7977000";"2,3226900"
"202000003933";"22";"7";"2020";"20:00";"1";"94";"94041";"2";"1";"1";"2";"VERDUN (AV DE)";"48,8092200";"2,3734900"
"202000003934";"21";"7";"2020";"08:00";"1";"94";"94041";"2";"1";"1";"2";"LEON GAMBETTA (PL)";"48,8144400";"2,4020600"
"202000003935";"22";"7";"2020";"21:40";"2";"94";"94017";"2";"1";"1";"6";"MONUMENT (R DU)";"48,8113400";"2,5228300"
"202000003936";"22";"7";"2020";"13:20";"1";"93";"93048";"2";"3";"1";"6";"THEOPHILE SUEUR (BOULEVARD)";"48,8663000";"2,4695000"
"202000003937";"22";"7";"2020";"20:30";"1";"93";"93045";"2";"2";"1";"3";"R DE PARIS / R JEAN MOULIN";"48,8793600";"2,4148800"
"202000003938";"29";"7";"2020";"16:25";"1";"93";"93032";"2";"3";"1";"3";"MAISON BLANCHE  (RUE DE)";"48,8800220";"2,5339730"
"202000003939";"22";"7";"2020";"13:22";"1";"93";"93031";"2";"1";"1";"2";"FOCH (BOULEVARD)";"48,9494000";"2,3295900"
"202000003940";"22";"7";"2020";"15:15";"1";"93";"93027";"2";"9";"1";"3";"VAILLANT-COUTURIER (AVENUE PAUL)";"48,9181000";"2,4077000"
"202000003941";"22";"7";"2020";"18:45";"1";"93";"93001";"2";"1";"1";"6";"DANIELLE CASANOVA (RUE)  => 54/57";"48,9185080";"2,3929520"
"202000003942";"21";"7";"2020";"14:30";"1";"92";"92063";"1";"1";"1";"6";"VERSAILLES (ROUTE DE)";"48,8511108";"2,1582945"
"202000003943";"22";"7";"2020";"08:35";"1";"92";"92024";"2";"1";"1";"3";"VICTOR HUGO (BD)";"48,8979498";"2,3113269"
"202000003944";"22";"7";"2020";"22:00";"1";"92";"92040";"2";"1";"1";"7";"RODIN (BOULEVARD)";"48,8186150";"2,2577150"
"202000003945";"22";"7";"2020";"19:25";"1";"92";"92040";"2";"3";"1";"3";"GALLIENI (BOULEVARD)";"48,8315440";"2,2671990"
"202000003946";"21";"7";"2020";"14:30";"1";"92";"92035";"2";"9";"1";"3";"Léon Maurice Nordmann ( rue )";"48,9036724";"2,2415891"
"202000003947";"22";"7";"2020";"22:55";"5";"92";"92012";"2";"9";"1";"3";"ECOLES (PLACE DES)";"48,8324364";"2,2433460"
"202000003948";"22";"7";"2020";"18:50";"1";"92";"92012";"2";"1";"1";"2";"GENERAL LECLERC (AVENUE DU) 35/FIN - 60/";"48,8301776";"2,2327493"
"202000003949";"3";"10";"2020";"07:50";"5";"92";"92012";"2";"2";"1";" -1";"MEUDON (RUE DE) - COTE IMPAIR";"48,8255679";"2,2418980"
"202000003950";"23";"7";"2020";"17:13";"1";"60";"60269";"1";"2";"1";"3";"D901";"49,6181270";"1,9489470"
"202000003951";"22";"7";"2020";"12:30";"1";"62";"62596";"2";"9";"1";"7";"55 Rue Principale";"50,3402835";"1,9448016"
"202000003952";"22";"7";"2020";"19:15";"2";"83";"83072";"2";"1";"1";"1";"Boulevard de la Libération";"43,4947680";"6,3545070"
"202000003953";"23";"7";"2020";"12:45";"1";"91";"91390";"1";"3";"1";"1";"Route de l'Aumone";"48,3187420";"2,0768340"
"202000003954";"23";"7";"2020";"11:30";"1";"22";"22368";"1";"1";"1";"3";"D118";"48,5682020";" -2,0597330"
"202000003955";"22";"7";"2020";"23:15";"5";"41";"41194";"2";"2";"1";"6";"78 Rue Marceau";"47,3593980";"1,7523250"
"202000003956";"23";"7";"2020";"09:30";"1";"972";"97229";"2";"9";"1";"3";"Boulevard du General de Gaulle";"14,6089070";" -61,0923420"
"202000003957";"6";"7";"2020";"00:05";"3";"57";"57622";"1";"1";"8";"6";"A4";"49,1801960";"6,0365580"
"202000003958";"22";"7";"2020";"11:30";"1";"12";"12098";"2";"3";"1";"6";"2 Rue Francois d'Estaing";"44,5535550";"2,6721940"
"202000003959";"23";"7";"2020";"08:45";"1";"74";"74112";"1";"1";"1";" -1";"D3508";"45,9233940";"6,0851600"
"202000003960";"22";"7";"2020";"17:45";"1";"58";"58270";"1";"1";"1";"6";"D114";"47,4759900";"3,0343570"
"202000003961";"22";"7";"2020";"14:30";"1";"38";"38194";"1";"3";"1";"3";"Le Grand Chemin";"45,3418900";"5,4329100"
"202000003962";"22";"7";"2020";"18:30";"1";"84";"84091";"1";"1";"1";"1";"chemin des lacs";"44,1651980";"4,7353010"
"202000003963";"21";"7";"2020";"23:45";"3";"41";"41200";"1";"1";"1";"7";"D16";"47,7595040";"1,0753510"
"202000003964";"22";"7";"2020";"13:15";"1";"76";"76734";"1";"5";"1";"4";"D925";"49,6041150";"0,2790460"
"202000003965";"19";"7";"2020";"09:00";"1";"41";"41106";"2";"3";"1";"3";"Rue des Michalons";"47,5959920";"2,0227450"
"202000003966";"23";"7";"2020";"10:30";"1";"34";"34051";"1";"1";"1";"7";"D130";"43,5920090";"3,4846150"
"202000003967";"22";"7";"2020";"23:08";"3";"22";"22025";"2";"3";"1";"7";"rue anatole le braz";"48,4055210";" -3,4287000"
"202000003968";"23";"7";"2020";"09:33";"1";"44";"44194";"2";"3";"1";"3";"rue de Nantes";"47,2600500";" -1,6579500"
"202000003969";"22";"7";"2020";"23:45";"3";"26";"26105";"1";"1";"1";"6";"1 Route de Nyons";"44,4583240";"5,3698720"
"202000003970";"23";"7";"2020";"08:55";"1";"26";"26324";"2";"6";"1";"3";"Route de Pierrelatte";"44,3458490";"4,7550150"
"202000003971";"23";"7";"2020";"14:20";"1";"72";"72007";"1";"1";"1";"6";"Route départementale 357 PK30";"47,9971140";"0,4406410"
"202000003972";"23";"7";"2020";"03:30";"3";"72";"72217";"1";"1";"1";"6";"Route de la Guierche";"48,0905560";"0,2077860"
"202000003973";"23";"7";"2020";"15:40";"1";"06";"06071";"1";"1";"1";"3";"D2202";"44,0445760";"6,8412810"
"202000003974";"20";"7";"2020";"13:30";"1";"14";"14527";"1";"1";"1";"3";"D613";"49,1297981";" -0,0442856"
"202000003975";"22";"7";"2020";"20:35";"2";"05";"05032";"1";"1";"3";"6";"D944";"44,7146900";"6,2609300"
"202000003976";"23";"7";"2020";"15:03";"1";"60";"60405";"2";"1";"1";"3";"10 Rue de Picardie";"49,6674470";"1,8092470"
"202000003977";"23";"7";"2020";"10:00";"1";"60";"60098";"2";"2";"1";"3";"Rue Bel air D124";"49,6518760";"1,7539720"
"202000003978";"22";"7";"2020";"19:45";"1";"73";"73011";"1";"3";"1";"1";"D925";"45,6866103";"6,4027537"
"202000003979";"23";"7";"2020";"08:00";"1";"04";"04111";"1";"1";"1";"1";"RD 4100";"43,9201840";"5,7569650"
"202000003980";"22";"7";"2020";"10:40";"1";"04";"04116";"2";"2";"1";"2";"RD 4 / Rue des Prés d'Astruc";"44,0291350";"5,9734510"
"202000003981";"23";"7";"2020";"08:40";"1";"04";"04036";"1";"3";"1";"3";"RD 900 / Le Lauron";"44,1558000";"6,2986210"
"202000003982";"23";"7";"2020";"15:58";"1";"85";"85133";"1";"2";"1";"3";"Route d'Anchais";"46,3675860";" -0,7336700"
"202000003983";"24";"6";"2020";"07:10";"2";"27";"27679";"1";"1";"1";"6";"Rue de la Grand Mare";"48,8074570";"0,8546000"
"202000003984";"20";"7";"2020";"21:30";"1";"17";"17337";"2";"1";"1";"7";"Port de Boyardville, chenal de la perrotine";"45,9662640";" -1,2415300"
"202000003985";"23";"7";"2020";"09:00";"1";"37";"37109";"2";"2";"7";"3";"Rue Alfred de Musset";"47,4078531";"0,6068896"
"202000003986";"23";"7";"2020";"14:30";"1";"48";"48017";"2";"4";"1";"7";"5 Rue du Coulas";"44,4351660";"3,2010500"
"202000003987";"22";"7";"2020";"23:50";"5";"69";"69244";"2";"1";"8";"6";"58 Chemin Finat Duclos";"45,7576420";"4,7489800"
"202000003988";"23";"7";"2020";"09:25";"1";"06";"06004";"1";"1";"1";"3";"A8";"43,6044950";"7,0654750"
"202000003989";"22";"7";"2020";"18:10";"1";"34";"34172";"1";"1";"1";"4";"A709 pk 011+900";"43,6040130";"3,9278700"
"202000003990";"23";"7";"2020";"07:15";"1";"17";"17421";"1";"1";"1";"1";"RD 14";"45,6757970";" -0,9531460"
"202000003991";"23";"7";"2020";"12:30";"1";"69";"69007";"1";"3";"1";" -1";"D45";"45,5012790";"4,8023210"
"202000003992";"21";"7";"2020";"11:25";"1";"987";"98729";"1";"1";"1";"2";"VAEANAE PK 20 HAAPITI";" -17,5330970";" -149,8386130"
"202000003993";"23";"7";"2020";"07:10";"1";"45";"45229";"1";"1";"1";"2";"D135-PR 9 + 50";"47,8534610";"2,7569840"
"202000003994";"22";"7";"2020";"10:00";"1";"2B";"2B042";"1";"1";"7";"2";"T11";"42,5916370";"9,4391660"
"202000003995";"22";"7";"2020";"14:05";"1";"05";"05065";"2";"1";"1";"1";"Rue de Fontloube";"44,6569430";"6,6513740"
"202000003996";"8";"7";"2020";"15:56";"1";"67";"67351";"1";"1";"1";"6";"D645";"48,9521793";"7,9952661"
"202000003997";"12";"7";"2020";"19:30";"1";"67";"67130";"1";"1";"1";"7";"D468";"48,4308660";"7,7027030"
"202000003998";"22";"7";"2020";"19:00";"1";"63";"63470";"1";"1";"1";"3";"D986";"45,8645279";"3,0404744"
"202000003999";"23";"7";"2020";"15:10";"1";"38";"38087";"2";"1";"1";"3";"1515 Avenue Frédéric Mistral";"45,5749730";"4,8104020"
"202000004000";"23";"7";"2020";"16:45";"1";"01";"01390";"1";"3";"1";"1";"D20";"45,8009520";"5,2639160"
"202000004001";"22";"7";"2020";"15:40";"1";"22";"22376";"1";"1";"1";"7";"Cité du Versant";"48,2078050";" -2,7873300"
"202000004002";"23";"7";"2020";"09:50";"1";"35";"35240";"1";"1";"1";"3";"RD 288";"48,1120020";" -1,7750860"
"202000004003";"22";"7";"2020";"18:40";"1";"59";"59139";"2";"3";"1";"3";"100 Rue de la République";"50,1287050";"3,4057700"
"202000004004";"22";"7";"2020";"17:50";"1";"59";"59034";"2";"1";"1";"6";"Rue du Château d'Has";"50,5364850";"3,0838620"
"202000004005";"22";"7";"2020";"17:45";"1";"13";"13106";"1";"1";"1";" -1";"A7-Sens Lyon vers Marseille";"43,3913000";"5,3510000"
"202000004006";"22";"7";"2020";"08:00";"1";"13";"13206";"1";"1";"1";"2";"Tunnel Prado Carénage";"43,2834580";"5,3850030"
"202000004007";"19";"7";"2020";"18:45";"1";"13";"13106";"1";"1";"1";"2";"A51-Sens Aix en Provence vers Marseille";"43,4043300";"5,3586100"
"202000004008";"22";"7";"2020";"17:15";"1";"33";"33122";"1";"1";"1";"5";"AUTOROUTE A 63";"44,7540600";" -0,6891300"
"202000004009";"20";"7";"2020";"19:20";"1";"33";"33550";"1";"1";"1";"6";"AUTOROUTE A 62";"44,7754500";" -0,5570200"
"202000004010";"22";"7";"2020";"07:09";"1";"91";"91553";"1";"1";"1";"7";"RN 104";"48,6317000";"2,4966000"
"202000004011";"22";"7";"2020";"18:50";"1";"92";"92048";"1";"1";"1";"4";"N118";"48,8277902";"2,2248367"
"202000004012";"22";"7";"2020";"08:30";"1";"78";"78524";"1";"1";"1";"5";"A13";"48,8411320";"2,1056320"
"202000004013";"20";"7";"2020";"16:57";"1";"95";"95678";"1";"1";"1";"4";"RN 184";"49,0643500";"2,2140800"
"202000004014";"22";"7";"2020";"12:00";"1";"94";"94018";"1";"1";"1";"4";"A4";"48,8254583";"2,3926834"
"202000004015";"22";"7";"2020";"07:45";"1";"93";"93051";"1";"1";"1";"3";"A4";"48,8370379";"2,5481129"
"202000004016";"22";"7";"2020";"07:00";"1";"94";"94015";"1";"1";"1";"3";"A4";"48,8316637";"2,5314351"
"202000004017";"23";"2";"2020";"11:30";"1";"69";"69382";"1";"1";"1";"4";"M7   0.000 A 2.278";"45,7339000";"4,8180000"
"202000004018";"21";"7";"2020";"12:15";"1";"974";"97416";"2";"1";"1";"3";"PRESIDENT MITTERAND(AVENUE)";" -21,3444500";"55,4834100"
"202000004019";"20";"7";"2020";"09:10";"1";"974";"97416";"1";"9";"1";"5";"Route Nationale 3";" -21,3297900";"55,4706500"
"202000004020";"21";"7";"2020";"06:30";"2";"974";"97407";"2";"6";"1";"7";"ROND POINT DE CAMBAIE";" -20,9530200";"55,2941800"
"202000004021";"21";"7";"2020";"07:00";"2";"974";"97407";"1";"1";"1";"2";"ANGLAIS (CHE DES) - RIVIERE DES GALETS ";" -20,9558500";"55,3142100"
"202000004022";"21";"7";"2020";"19:55";"5";"973";"97302";"2";"9";"1";"3";"JADFARD (RENE)";"4,9351375";" -52,3287606"
"202000004023";"21";"7";"2020";"20:40";"2";"69";"69387";"2";"1";"1";"6";"GUILLOTIERE (DE LA)                 (GR)";"45,7498000";"4,8522000"
"202000004024";"21";"7";"2020";"17:45";"1";"69";"69388";"2";"1";"1";"1";"CHALLEMEL LACOUR                    (R )";"45,7292500";"4,8492200"
"202000004025";"21";"7";"2020";"12:55";"1";"972";"97209";"2";"1";"1";"1";"PAUL NARDAL (AVENUE)";"14,6144478";" -61,0724841"
"202000004026";"21";"7";"2020";"06:10";"1";"972";"97209";"2";"1";"1";"7";"DEVARD AMBROISINE (RUE)";"14,6153000";" -61,0526700"
"202000004027";"21";"7";"2020";"21:53";"2";"69";"69384";"2";"1";"1";"6";"WINSTON CHURCHILL                   (PT)";"45,7788400";"4,8420900"
"202000004028";"20";"7";"2020";"19:20";"5";"971";"97113";"2";"1";"1";"6";"MANNE (CITE)";"16,2137300";" -61,4996700"
"202000004029";"19";"7";"2020";"10:40";"1";"971";"97107";"2";"9";"1";"6";"FONDS DEDETTE ( RUE )";"16,0417600";" -61,5662400"
"202000004030";"20";"7";"2020";"18:30";"1";"2A";"2A004";"1";"1";"1";"3";"MEZZAVIA ROUTE DE";"41,9520000";"8,7759000"
"202000004031";"16";"10";"2020";"21:15";"3";"13";"13215";"1";"1";"1";"2";"A7-Sens Lyon vers Marseille";"43,3731900";"5,3551000"
"202000004032";"16";"10";"2020";"18:10";"1";"13";"13055";"1";"1";"1";"4";"A507 sens Marseille - Aubagne";"43,3157000";"5,4224000"
"202000004033";"16";"10";"2020";"07:25";"1";"13";"13055";"1";"1";"1";"2";"A507 sens Aubagne- Marseille";"43,2977400";"5,4249900"
"202000004034";"9";"10";"2020";"16:50";"1";"69";"69276";"1";"1";"1";"3";"BUS (RD301)   0.000 A 2.800";"45,6835400";"4,8534200"
"202000004035";"17";"10";"2020";"06:45";"4";"69";"69286";"1";"1";"1";"7";"A 46";"45,8221493";"4,9183205"
"202000004036";"8";"10";"2020";"08:35";"1";"01";"01275";"1";"1";"1";"4";"A42   4.353 A 5.760   GEN/LYON";"45,8121700";"4,9420300"
"202000004037";"17";"10";"2020";"01:25";"3";"33";"33162";"1";"1";"1";"6";"ROCADE A 630";"44,8578300";" -0,6620700"
"202000004038";"17";"10";"2020";"10:30";"1";"91";"91174";"1";"1";"1";"2";"RN 104";"48,6140000";"2,4520000"
"202000004039";"16";"10";"2020";"19:10";"1";"78";"78297";"1";"1";"1";"2";"RN12";"48,7925230";"2,0542910"
"202000004040";"17";"10";"2020";"19:10";"3";"95";"95277";"1";"1";"1";"6";"A104";"48,9732400";"2,4854200"
"202000004041";"17";"10";"2020";"00:15";"3";"95";"95306";"1";"1";"1";"2";" A15";"49,0078580";"2,1606003"
"202000004042";"16";"10";"2020";"07:20";"2";"93";"93006";"1";"1";"1";"2";"AUTOROUTE A3";"48,8658600";"2,4203200"
"202000004043";"17";"10";"2020";"16:15";"1";"93";"93051";"1";"1";"1";"3";"A4";"48,8347865";"2,5801011"
"202000004044";"16";"10";"2020";"16:00";"1";"93";"93051";"1";"1";"1";"4";"A4";"48,8363400";"2,5544600"
"202000004045";"28";"5";"2020";"23:00";"5";"69";"69256";"2";"2";"1";"3";"REPUBLIQUE (DE LA)                  (R )";"45,7864700";"4,9240000"
"202000004046";"16";"10";"2020";"03:40";"5";"988";"98818";"2";"3";"1";"6";"RUE JULES GARNIER/RUE TINDALE";" -22,2898400";"166,4427600"
"202000004047";"15";"10";"2020";"12:55";"1";"974";"97411";"2";"1";"1";"3";"Boulevard Gabriel Macé";" -20,8729600";"55,4520050"
"202000004048";"15";"10";"2020";"18:00";"1";"974";"97411";"2";"1";"2";"6";"Route Gabriel Macé";" -20,9112900";"55,4988350"
"202000004049";"16";"10";"2020";"14:05";"1";"973";"97302";"2";"1";"1";"6";"MANGUES (RUE DES - CITE MANGUIERS)";"4,9343252";" -52,3230743"
"202000004050";"16";"10";"2020";"07:20";"1";"972";"97209";"2";"1";"1";"2";"AUTOROUTE (A1)";"14,6164700";" -61,0424800"