"Num_Acc";"jour";"mois";"an";"hrmn";"lum";"dep";"com";"agg";"int";"atm";"col";"adr";"lat";"long"
"202000004051";"15";"10";"2020";"00:15";"3";"972";"97209";"2";"9";"2";"3";"CHATEAUBOEUF (ROUTE DE)";"14,6181051";" -61,0459575"
"202000004052";"30";"9";"2020";"07:40";"1";"83";"83050";"2";"1";"1";"7";"THOMAS(BOULEVARD  EMILE)";"43,5293000";"6,4814000"
"202000004053";"16";"10";"2020";"11:45";"1";"81";"81065";"1";"1";"8";"3";"Route de Toulouse";"43,5896400";"2,1974300"
"202000004054";"15";"10";"2020";"14:21";"1";"78";"78646";"2";"2";"1";"5";"ORANGERIE (RUE DE L')";"48,8008400";"2,1199700"
"202000004055";"16";"10";"2020";"18:35";"1";"78";"78190";"2";"1";"1";"6";"ECLUSE (RUE DE)";"48,8786420";"2,1314730"
"202000004056";"13";"10";"2020";"16:40";"1";"77";"77146";"2";"1";"1";"2";"BEAUBOURG (BOULEVARD DE)";"48,8180200";"2,6304200"
"202000004057";"15";"10";"2020";"10:30";"1";"76";"76351";"2";"3";"1";"3";"PHILIPPE LEBON";"49,4957630";"0,1313300"
"202000004058";"16";"10";"2020";"13:30";"1";"74";"74218";"1";"1";"8";"7";"CHAMPANGES (ROUTE DE)";"46,3833421";"6,5697943"
"202000004059";"15";"10";"2020";"12:45";"1";"71";"71040";"2";"1";"1";"3";"MACON (ROUTE DE)";"46,6957051";"4,3913942"
"202000004060";"16";"10";"2020";"10:20";"1";"69";"69290";"2";"1";"1";"1";"VICTOR SCHOELCHER                   (R )";"45,7021400";"4,9818100"
"202000004061";"15";"10";"2020";"19:30";"5";"67";"67043";"2";"1";"2";"2";"BRUMATH (ROUTE DE)";"48,6146260";"7,7327140"
"202000004062";"15";"10";"2020";"18:20";"5";"67";"67482";"2";"1";"1";"5";"SCHIRMECK (ROUTE DE)";"48,5746362";"7,7257218"
"202000004063";"15";"10";"2020";"08:30";"1";"67";"67447";"2";"3";"2";" -1";"PAIX (RUE DE LA)";"48,6062400";"7,7291300"
"202000004064";"16";"10";"2020";"20:00";"5";"64";"64102";"2";"1";"1";"1";"ALSACE LORRAINE (BOULEVARD)";"43,4935300";" -1,4668000"
"202000004065";"16";"10";"2020";"17:20";"1";"64";"64102";"2";"3";"1";"1";"DELVAILLE (AVENUE DU DOCTEUR CAMILLE)";"43,5019700";" -1,4811100"
"202000004066";"16";"10";"2020";"08:15";"1";"64";"64102";"2";"1";"5";"7";"SOULT (AVENUE MARECHAL)";"43,4867500";" -1,4860900"
"202000004067";"15";"10";"2020";"18:05";"1";"64";"64102";"2";"3";"1";"3";"BOUFFLERS (ALLEES)";"43,4919800";" -1,4698600"
"202000004068";"15";"10";"2020";"14:33";"1";"63";"63075";"2";"1";"2";"2";"FONTMAURE (AVENUE DE)";"45,7779100";"3,0618200"
"202000004069";"13";"10";"2020";"16:15";"1";"59";"59648";"2";"1";"2";"1";"MERMOZ JEAN RUE";"50,5929700";"3,0484000"
"202000004070";"3";"10";"2020";"03:00";"5";"59";"59350";"2";"1";"2";"2";"ESPLANADE FACADE";"50,6427500";"3,0533100"
"202000004071";"13";"10";"2020";"19:35";"5";"59";"59017";"2";"2";"1";"3";"LIAISON NIEPPE";"50,6903100";"2,8623800"
"202000004072";"15";"10";"2020";"17:06";"1";"57";"57672";"2";"1";"1";"6";"EUROPE (CHAUSSEE D')";"49,3556000";"6,1434000"
"202000004073";"15";"10";"2020";"14:10";"1";"56";"56260";"2";"3";"1";"3";"HERRIOT(AVENUE EDOUARD)";"47,6572100";" -2,7456500"
"202000004074";"15";"10";"2020";"18:00";"1";"56";"56098";"2";"1";"1";"6";"NORMANDIE NIEMEN ( BD )";"47,7628200";" -3,3589300"
"202000004075";"15";"10";"2020";"17:12";"1";"54";"54547";"2";"3";"2";"6";"CREVIC (RUE DE)";"48,6539346";"6,1761510"
"202000004076";"15";"10";"2020";"08:10";"1";"54";"54184";"1";"1";"1";"5";"AGINCOURT  (ANCIENNE ROUTE D')";"48,7189400";"6,2403800"
"202000004077";"10";"10";"2020";"00:04";"5";"54";"54395";"2";"3";"2";"3";"SAINT DIZIER (RUE 82 ET 113 A FIN)";"48,6877341";"6,1847303"
"202000004078";"15";"10";"2020";"02:40";"5";"50";"50602";"2";"1";"1";"6";"ENTREPRISES (RUE DES)";"49,6376100";" -1,5939700"
"202000004079";"5";"10";"2020";"14:18";"1";"47";"47001";"2";"4";"2";"6";"STALINGRAD (AVENUE DE )";"44,2099800";"0,6290700"
"202000004080";"15";"10";"2020";"17:20";"1";"46";"46042";"2";"1";"1";"3";"BARTASSEC (CHEMIN DU)";"44,4365540";"1,4419220"
"202000004081";"22";"8";"2020";"20:25";"1";"75";"75119";"2";"3";"1";"6";"RUE PETIT";"48,8853300";"2,3851640"
"202000004082";"16";"10";"2020";"08:00";"5";"45";"45285";"2";"1";"1";"2";"D520";"47,9148444";"1,8688678"
"202000004083";"16";"10";"2020";"23:10";"1";"44";"44109";"2";"1";"2";"2";"BOULEVARD GENERAL PIERRE KOENIG";"47,1962850";" -1,6148820"
"202000004084";"22";"8";"2020";"06:50";"1";"75";"75114";"2";"5";"1";"6";"RUE RAYMOND LOSSERAND";"48,8359910";"2,3218650"
"202000004085";"22";"8";"2020";"13:30";"1";"75";"75112";"2";"5";"1";"2";"RUE DU FAUBOURG SAINT ANTOINE";"48,8501000";"2,3846170"
"202000004086";"16";"10";"2020";"22:20";"5";"44";"44109";"1";"1";"1";"6";"BOULEVARD BENOIT FRACHON";"47,2073600";" -1,5801800"
"202000004087";"22";"8";"2020";"20:10";"2";"75";"75111";"2";"3";"8";"6";"RUE DE CHARONNE";"48,8559230";"2,3923630"
"202000004088";"22";"8";"2020";"18:30";"1";"75";"75111";"2";"2";"1";"6";"RUE DE LA FONTAINE AU ROI";"48,8680820";"2,3725210"
"202000004089";"16";"10";"2020";"10:00";"1";"44";"44162";"1";"1";"1";"4";"PERIPHERIQUE";"47,2044880";" -1,6235764"
"202000004090";"29";"9";"2020";"10:30";"1";"42";"42275";"2";"3";"1";"3";"Impasse de l'Eparre";"45,4749300";"4,3822400"
"202000004091";"22";"8";"2020";"22:30";"5";"75";"75107";"2";"2";"1";"2";"RUE DE SEVRES";"48,8469070";"2,3168140"
"202000004092";"24";"9";"2020";"05:25";"5";"42";"42189";"2";"1";"1";"3";"Voie communale";"45,4152315";"4,3505695"
"202000004093";"22";"8";"2020";"12:00";"1";"75";"75107";"2";"3";"8";"7";"QUAI D ORSAY";"48,8624300";"2,3116360"
"202000004094";"4";"9";"2020";"20:35";"5";"42";"42218";"2";"1";"1";"1";"Boulevard Antonio Vivaldi";"45,4676722";"4,3975672"
"202000004095";"21";"8";"2020";"19:35";"1";"75";"75107";"2";"2";"1";"7";"QUAI BRANLY";"48,8605850";"2,2955400"
"202000004096";"5";"9";"2020";"22:35";"3";"42";"42218";"2";"1";"1";"6";"Cours Gustave Nadaud";"45,4344360";"4,3950590"
"202000004097";"22";"8";"2020";"14:30";"1";"75";"75102";"2";"5";"1";"3";"RUE DE CLERY";"48,8673380";"2,3439890"
"202000004098";"10";"10";"2020";"20:05";"5";"41";"41018";"1";"1";"1";"2";"RD 956";"47,5947100";"1,3530500"
"202000004099";"16";"10";"2020";"22:30";"5";"35";"35238";"2";"1";"1";"6";"ROBINOT DE ST-CYR (QUAI)";"48,1033730";" -1,7225350"
"202000004100";"22";"8";"2020";"15:15";"1";"75";"75101";"2";"3";"1";"7";"BOULEVARD DE LA MADELEINE";"48,8696190";"2,3258890"
"202000004101";"16";"10";"2020";"17:20";"1";"35";"35055";"2";"1";"1";"6";"BONNIN ANDRE (AVENUE)";"48,0851700";" -1,6107700"
"202000004102";"21";"8";"2020";"19:55";"2";"94";"94052";"2";"1";"1";"2";"JOINVILLE (AV DE)";"48,8289680";"2,4667160"
"202000004103";"22";"8";"2020";"15:00";"1";"94";"94017";"2";"1";"1";"6";"JULIEN HEULOT (R)";"48,8101090";"2,5391710"
"202000004104";"16";"10";"2020";"09:00";"1";"35";"35278";"1";"6";"1";"3";"ALPHASIS (AVENUE D')";"48,1519400";" -1,6972300"
"202000004105";"22";"8";"2020";"02:00";"5";"93";"93073";"2";"9";"1";"6";"BERGER (RUE GILBERT)";"48,9499615";"2,5771392"
"202000004106";"16";"10";"2020";"23:52";"5";"34";"34172";"2";"2";"1";"5";"VANIERES (AVENUE DE)";"43,5967100";"3,8448800"
"202000004107";"22";"8";"2020";"14:00";"1";"93";"93071";"2";"1";"1";"3";"WESTINGHOUSE (BOULEVARD)";"48,9270892";"2,5198107"
"202000004108";"22";"8";"2020";"20:50";"5";"93";"93064";"2";"1";"1";"6";"GAGNY (AVENUE DE)";"48,8837802";"2,4890903"
"202000004109";"15";"10";"2020";"09:20";"1";"34";"34172";"2";"3";"1";"3";"POMPIGNANE (AVENUE DE LA)";"43,6112900";"3,8984600"
"202000004110";"22";"8";"2020";"23:05";"5";"93";"93055";"2";"3";"1";"6";"HOCHE";"48,8956900";"2,4010400"
"202000004111";"16";"10";"2020";"17:50";"1";"33";"33063";"2";"2";"1";"3";"CRS DE L'YSER";"44,8257400";" -0,5697000"
"202000004112";"21";"8";"2020";"11:47";"1";"93";"93055";"2";"1";"1";"3";"GENERAL LECLERC(AVE DU)89/FIN ET 122/FIN";"48,8975649";"2,4047658"
"202000004113";"16";"10";"2020";"07:50";"5";"33";"33522";"2";"1";"1";" -1";"CRS DE LA LIBERATION";"44,7989900";" -0,5986900"
"202000004114";"22";"8";"2020";"15:00";"1";"93";"93045";"2";"2";"1";"3";"R DE PARIS / R JEAN MOULIN";"48,8794000";"2,4149100"
"202000004115";"15";"10";"2020";"21:00";"5";"33";"33063";"2";"1";"8";"3";"RUE LUCIEN FAURE";"44,8652700";" -0,5599000"
"202000004116";"22";"8";"2020";"17:30";"1";"93";"93031";"2";"1";"1";"5";"REPUBLIQUE (AVENUE)";"48,9504113";"2,3262092"
"202000004117";"15";"10";"2020";"16:50";"1";"31";"31555";"2";"1";"1";"3";"RUE DU LOT";"43,5818400";"1,4078200"
"202000004118";"16";"10";"2020";"07:50";"3";"29";"29039";"1";"1";"1";"6";"Chemin de la Haie";"47,8865624";" -3,8847119"
"202000004119";"14";"10";"2020";"08:05";"4";"29";"29019";"2";"3";"3";"1";"Boulevard Léon Blum";"48,4041700";" -4,4845300"
"202000004120";"16";"10";"2020";"09:25";"1";"27";"27375";"2";"4";"1";"3";"DUNANT (AVENUE HENRI)";"49,2048600";"1,1678600"
"202000004121";"15";"10";"2020";"17:10";"1";"26";"26058";"2";"1";"1";"2";"LONG MONTEE DU";"44,9645000";"4,8872300"
"202000004122";"22";"8";"2020";"12:35";"1";"93";"93047";"2";"2";"1";"3";"AV DENIS PAPIN / AV PASCAL";"48,9064800";"2,5878700"
"202000004123";"15";"10";"2020";"12:00";"1";"25";"25056";"2";"1";"1";"3";"MEGEVAND RUE";"47,2351200";"6,0246200"
"202000004124";"22";"8";"2020";"15:00";"1";"93";"93001";"2";"2";"1";"3";"LECUYER (RUE)";"48,9080700";"2,3946800"
"202000004125";"15";"10";"2020";"18:50";"5";"25";"25056";"2";"6";"2";"2";"CHURCHILL BD WINSTON";"47,2450790";"5,9959870"
"202000004126";"16";"10";"2020";"11:43";"1";"14";"14118";"2";"1";"1";"2";"CREULLY (AVENUE DE)";"49,1858500";" -0,3591200"
"202000004127";"22";"8";"2020";"13:45";"1";"92";"92026";"2";"3";"1";"3";"COLOMBES";"48,8968897";"2,2564794"
"202000004128";"16";"10";"2020";"08:50";"2";"14";"14137";"1";"1";"1";" -1";"ROUTE NATIONALE 13";"49,1916300";" -0,4322100"
"202000004129";"22";"8";"2020";"11:30";"1";"92";"92078";"2";"1";"1";"1";"GALLIENI (BD) (109 A 141)";"48,9292808";"2,3318213"
"202000004130";"16";"10";"2020";"23:20";"5";"13";"13208";"2";"1";"1";"1";"TURBINE (RUE DE LA)";"43,2766970";"5,3799050"
"202000004131";"22";"8";"2020";"16:00";"1";"92";"92012";"2";"1";"1";"2";"QUATRE SEPTEMBRE (QUAI DU)";"48,8443212";"2,2262764"
"202000004132";"16";"10";"2020";"17:20";"1";"13";"13209";"2";"1";"1";"3";"LUMINY (AVENUE DE)";"43,2429200";"5,4381700"
"202000004133";"21";"8";"2020";"18:00";"1";"12";"12256";"1";"1";"1";"6";"D24";"44,4726540";"1,8572470"
"202000004134";"16";"10";"2020";"16:15";"1";"13";"13209";"2";"1";"1";"3";"SEIGNEURIE (TRAVERSE DE LA)";"43,2414669";"5,4092485"
"202000004135";"16";"10";"2020";"09:05";"1";"13";"13215";"2";"1";"1";"6";"HENRI BARNIER (BOULEVARD)";"43,3684620";"5,3446810"
"202000004136";"22";"8";"2020";"17:10";"1";"35";"35094";"1";"1";"1";"3";"D82";"48,3362330";" -1,7169410"
"202000004137";"23";"8";"2020";"12:40";"1";"16";"16045";"1";"1";"1";"6";"Liei dit Le Maine Charles";"45,5633990";" -0,0561600"
"202000004138";"16";"10";"2020";"18:40";"1";"13";"13028";"2";"1";"1";"2";"ROUMANILLE (AVENUE JOSEPH)";"43,2006820";"5,6230590"
"202000004139";"23";"8";"2020";"14:15";"1";"2A";"2A362";"1";"1";"1";"7";"D368";"41,7006980";"9,2120580"
"202000004140";"16";"10";"2020";"12:00";"1";"13";"13028";"2";"2";"1";"3";"CAMUGLI (AVENUE ANTOINE )";"43,1830200";"5,6126600"
"202000004141";"15";"10";"2020";"13:05";"1";"11";"11262";"2";"2";"1";"3";"FRANCE (AVENUE ANATOLE)";"43,1871178";"2,9906639"
"202000004142";"23";"8";"2020";"16:41";"1";"63";"63175";"1";"1";"1";"7";"Départementale 987";"45,7421460";"2,5773670"
"202000004143";"15";"10";"2020";"18:05";"2";"11";"11069";"2";"2";"2";"3";"MARTY ANTOINE";"43,2163000";"2,3561000"
"202000004144";"22";"8";"2020";"17:20";"1";"17";"17472";"1";"1";"1";"1";"D10";"46,2419900";" -1,0855540"
"202000004145";"15";"10";"2020";"07:50";"1";"11";"11069";"2";"9";"2";"3";"POMPIDOU GEORGES -ROND POINT-";"43,2262000";"2,3312000"
"202000004146";"16";"8";"2020";"11:32";"1";"38";"38242";"1";"1";"1";"1";"D1075";"44,9199320";"5,6346450"
"202000004147";"22";"8";"2020";"17:35";"1";"66";"66050";"2";"1";"1";"6";"avenue georges freche";"42,7733690";"2,9156040"
"202000004148";"15";"10";"2020";"08:05";"1";"11";"11069";"2";"2";"2";"3";"VERDUN";"43,2126100";"2,3505200"
"202000004149";"14";"10";"2020";"19:45";"3";"11";"11069";"2";"1";"2";"3";"POMPIDOU GEORGES -ROND POINT-";"43,2262000";"2,3311000"
"202000004150";"22";"8";"2020";"19:10";"1";"34";"34095";"1";"1";"1";"5";"D613";"43,5532450";"3,7871290"
"202000004151";"16";"10";"2020";"13:11";"1";"10";"10387";"2";"1";"1";"6";"PAIX (RUE DE LA)";"48,3059100";"4,0655100"
"202000004152";"23";"8";"2020";"01:00";"5";"57";"57529";"2";"1";"1";"1";"36 Route de Rumelange";"49,4481590";"6,0246520"
"202000004153";"15";"10";"2020";"19:00";"5";"03";"03310";"2";"1";"1";"6";"AILES (ALLEE DES)";"46,1369389";"3,4158371"
"202000004154";"22";"8";"2020";"17:50";"1";"57";"57106";"2";"1";"1";"1";"Rue de Metz";"49,2885190";"6,5325520"
"202000004155";"17";"10";"2020";"00:55";"5";"01";"01344";"2";"1";"1";"6";"TREVOUX (AVENUE DE)";"46,2003800";"5,1952900"
"202000004156";"22";"8";"2020";"17:15";"1";"59";"59194";"1";"1";"1";"1";"D934";"50,1807350";"3,6423060"
"202000004157";"16";"10";"2020";"17:00";"1";"75";"75117";"2";"4";"1";"2";"PORTE DE CHAMPERRET";"48,8846580";"2,2861280"
"202000004158";"23";"8";"2020";"05:30";"3";"59";"59663";"2";"2";"2";"7";"place général de gaulle";"50,8832900";"2,4682400"
"202000004159";"16";"10";"2020";"13:15";"1";"75";"75119";"2";"1";"1";"3";"PORTE DE PANTIN";"48,8891280";"2,3962970"
"202000004160";"22";"8";"2020";"22:40";"5";"2B";"2B207";"2";"1";"1";"5";"T10";"42,4504020";"9,5063710"
"202000004161";"15";"10";"2020";"13:30";"1";"75";"75116";"2";"1";"1";"4";"PORTE DE SAINT CLOUD";"48,8351150";"2,2599900"
"202000004162";"21";"8";"2020";"19:30";"1";"80";"80288";"2";"2";"7";"1";"D1029";"49,8751790";"2,8222080"
"202000004163";"16";"10";"2020";"09:30";"1";"75";"75118";"2";"2";"1";"2";"AVENUE DE SAINT OUEN";"48,8949300";"2,3280850"
"202000004164";"23";"8";"2020";"15:25";"1";"71";"71144";"1";"2";"1";"3";"D681";"47,0503400";"4,3467407"
"202000004165";"16";"10";"2020";"17:00";"1";"75";"75117";"2";"7";"1";"3";"BOULEVARD GOUVION SAINT CYR";"48,8840960";"2,2890290"
"202000004166";"21";"8";"2020";"16:15";"1";"63";"63423";"1";"1";"1";"7";"D996";"45,5961730";"3,4193550"
"202000004167";"16";"10";"2020";"17:40";"1";"75";"75115";"2";"1";"1";"6";"BOULEVARD VICTOR";"48,8357680";"2,2792320"
"202000004168";"23";"8";"2020";"15:45";"1";"47";"47281";"1";"1";"1";"7";"Route des Abeilles";"44,1736630";"0,8112720"
"202000004169";"15";"10";"2020";"23:00";"3";"75";"75112";"2";"1";"1";"3";"ROUTE SAINT HUBERT";"48,8272320";"2,4506660"
"202000004170";"18";"8";"2020";"10:00";"1";"39";"39039";"1";"1";"1";"1";"N/A";"47,1438350";"5,6831470"
"202000004171";"16";"10";"2020";"15:25";"1";"75";"75107";"2";"3";"1";"3";"AVENUE DE LOWENDAL";"48,8509530";"2,3060760"
"202000004172";"22";"8";"2020";"11:20";"1";"25";"25120";"1";"1";"1";"1";"ROUTE DE PONTARLIER";"47,0301500";"6,1644030"
"202000004173";"21";"8";"2020";"13:00";"1";"31";"31553";"1";"2";"1";"3";"D1";"43,7153800";"1,1682840"
"202000004174";"16";"10";"2020";"08:15";"1";"75";"75107";"2";"2";"1";"1";"AVENUE DUQUESNE";"48,8527040";"2,3085580"
"202000004175";"23";"8";"2020";"12:55";"1";"85";"85302";"1";"1";"1";"6";"Chanverrie";"46,9446100";" -0,9544900"
"202000004176";"16";"10";"2020";"17:50";"1";"75";"75104";"2";"1";"1";"7";"VOIE GEORGES POMPIDOU";"48,8508840";"2,3611110"
"202000004177";"16";"10";"2020";"07:25";"5";"75";"75102";"2";"2";"1";"3";"RUE SAINT AUGUSTIN";"48,8688860";"2,3366990"
"202000004178";"22";"8";"2020";"09:15";"1";"70";"70245";"2";"1";"1";"6";"Rue de la Gare";"47,8872060";"6,4068450"
"202000004179";"15";"10";"2020";"09:20";"1";"75";"75104";"2";"1";"1";"6";"PONT LOUIS PHILIPPE";"48,8539120";"2,3553410"
"202000004180";"16";"10";"2020";"20:30";"5";"94";"94068";"2";"2";"1";"3";"LOUIS BLANC (AV)";"48,7957060";"2,4994810"
"202000004181";"19";"8";"2020";"08:00";"1";"06";"06163";"1";"1";"1";"1";"RD6204 pk 22+150";"44,0344290";"7,5801910"
"202000004182";"15";"10";"2020";"15:45";"1";"94";"94068";"2";"1";"1";"3";"PONT DE CRETEIL (R DU)";"48,8035630";"2,4717420"
"202000004183";"23";"8";"2020";"02:20";"4";"50";"50341";"2";"1";"1";"6";"7 Rue de la Foulerie";"49,4850490";" -1,3770320"
"202000004184";"14";"10";"2020";"17:00";"1";"94";"94068";"2";"2";"1";"3";"DOCTEUR ROUX (R DU)";"48,7872000";"2,4885000"
"202000004185";"23";"8";"2020";"14:30";"1";"64";"64317";"1";"3";"1";"2";"Route départementale 88";"43,3696280";" -1,4639820"
"202000004186";"16";"10";"2020";"08:30";"2";"94";"94076";"2";"1";"1";"2";"LOUIS ARAGON (AV)";"48,7886000";"2,3710000"
"202000004187";"22";"8";"2020";"04:30";"3";"64";"64317";"2";"1";"1";"6";"route de basseboure";"43,3556368";" -1,4312748"
"202000004188";"23";"8";"2020";"17:45";"1";"53";"53013";"1";"1";"1";"7";"route departemental 121";"48,3589300";" -0,2323870"
"202000004189";"22";"8";"2020";"23:14";"5";"21";"21124";"2";"1";"1";"6";"Rue de la Chelmine";"47,2034870";"4,3544810"
"202000004190";"15";"10";"2020";"11:50";"1";"94";"94076";"2";"1";"8";"5";"REPUBLIQUE (AV DE LA)";"48,7877000";"2,3551900"
"202000004191";"22";"8";"2020";"23:55";"3";"40";"40012";"1";"1";"1";"6";"Route de Maoucounten";"43,8507570";" -0,4058930"
"202000004192";"15";"10";"2020";"09:15";"1";"94";"94076";"2";"1";"8";"3";"PARIS (AV DE)";"48,8031800";"2,3644000"
"202000004193";"13";"10";"2020";"09:25";"1";"94";"94034";"2";"1";"1";"6";"EMILE ZOLA (R)";"48,7605300";"2,3260100"
"202000004194";"22";"8";"2020";"14:30";"1";"17";"17309";"1";"1";"1";"7";"Pillet Ouest";"45,1799040";" -0,0339000"
"202000004195";"16";"10";"2020";"16:35";"1";"94";"94033";"2";"2";"1";"3";"REPUBLIQUE (AV DE LA)";"48,8523021";"2,4628376"
"202000004196";"23";"8";"2020";"15:45";"1";"03";"03193";"1";"1";"1";"3";"N/A";"46,5083184";"2,6145727"
"202000004197";"16";"10";"2020";"12:50";"1";"94";"94028";"2";"1";"1";"6";"GAULLE(AVENUE DU GENERAL DE)";"48,7835900";"2,4527300"
"202000004198";"23";"8";"2020";"18:00";"1";"95";"95678";"1";"1";"1";"1";"D9";"49,0759180";"2,2482920"
"202000004199";"15";"10";"2020";"17:00";"1";"94";"94028";"2";"1";"1";"6";"MESLY(AVENUE DU CHEMIN DE)";"48,7852600";"2,4601600"
"202000004200";"14";"10";"2020";"22:47";"5";"94";"94028";"2";"1";"1";"7";"EUROPARC(ZONE)";"48,7651000";"2,4733900"
"202000004201";"23";"8";"2020";"11:50";"1";"42";"42256";"1";"3";"1";"2";"Route de Boisset";"45,5000190";"4,1475230"
"202000004202";"14";"10";"2020";"15:15";"1";"94";"94028";"2";"9";"1";"3";"KENNEDY.(BOULEVARD JOHN)";"48,7756630";"2,4641080"
"202000004203";"23";"8";"2020";"01:45";"3";"33";"33199";"1";"6";"1";"6";"A660, PK 019.750";"44,6147050";" -1,0728190"
"202000004204";"16";"10";"2020";"11:30";"1";"94";"94059";"2";"1";"1";"3";"MARECHALE (AV DE LA)";"48,8159700";"2,5687300"
"202000004205";"16";"10";"2020";"17:15";"1";"93";"93066";"2";"1";"1";"3";"VAILLANT COUTURIER PAUL (AV) NR 2 A 110";"48,9300100";"2,3620000"
"202000004206";"22";"8";"2020";"08:00";"1";"31";"31037";"1";"1";"1";"2";"A 61 pk 275+000 sens Narbonne Toulouse";"43,3496522";"1,8136816"
"202000004207";"21";"8";"2020";"18:50";"1";"34";"34032";"1";"1";"1";"6";"A75";"43,3464030";"3,2805350"
"202000004208";"16";"10";"2020";"08:24";"1";"93";"93066";"2";"1";"1";"5";"MOULIN JEAN (AVENUE) NR 2 A 8 ET 1 A 11";"48,9392475";"2,3620284"
"202000004209";"16";"10";"2020";"22:30";"5";"93";"93064";"2";"2";"1";"3";"BD GABRIEL PERI / AV DU GENERAL DE GAULLE";"48,8774800";"2,4796500"
"202000004210";"16";"10";"2020";"10:50";"1";"93";"93077";"2";"1";"1";"4";"GRANDE RUE";"48,8819820";"2,5204070"
"202000004211";"16";"10";"2020";"21:30";"5";"93";"93051";"2";"1";"1";"6";"MONT D'EST (BD)";"48,8432702";"2,5466001"
"202000004212";"15";"10";"2020";"08:15";"1";"93";"93051";"2";"1";"1";"2";"REMPART (BD)";"48,8373460";"2,5468713"
"202000004213";"16";"10";"2020";"09:55";"1";"93";"93048";"2";"1";"8";"3";"ARISTIDE BRIAND (BOULEVARD)";"48,8783574";"2,4576065"
"202000004214";"15";"10";"2020";"22:30";"5";"93";"93048";"2";"1";"1";"6";"BOISSIERE (BOULEVARD DE LA)";"48,8778000";"2,4580000"
"202000004215";"15";"10";"2020";"18:00";"1";"93";"93045";"2";"2";"8";"6";"PARIS RUE DE";"48,8793783";"2,4148843"
"202000004216";"23";"8";"2020";"01:13";"3";"45";"45202";"1";"1";"1";"6";"A10 pk 118+400 sens province direction PARIS";"47,8159500";"1,6339800"
"202000004217";"16";"10";"2020";"14:50";"1";"93";"93027";"2";"1";"1";"3";"BARBUSSE (AVENUE HENRI)";"48,9320400";"2,3983000"
"202000004218";"23";"8";"2020";"01:00";"5";"976";"97615";"2";"1";"1";"2";"6 Rue Manga Foutet";" -12,7957940";"45,2738640"
"202000004219";"16";"10";"2020";"19:25";"5";"93";"93047";"2";"1";"1";"3";"HARDY  (BOULEVARD)";"48,9060093";"2,5685450"
"202000004220";"22";"8";"2020";"14:25";"1";"973";"97305";"1";"1";"1";"1";"RN 1 - PK 20";"4,9519190";" -52,4259420"
"202000004221";"16";"10";"2020";"15:10";"1";"92";"92073";"2";"3";"1";"3";"GALLIENI (QUAI)";"48,8716458";"2,2329885"
"202000004222";"22";"8";"2020";"11:00";"1";"34";"34146";"2";"1";"7";"6";"Avenue de la République";"43,6771140";"4,0863720"
"202000004223";"16";"10";"2020";"16:30";"1";"92";"92048";"2";"2";"1";"3";"BRUYERES (CARREFOUR DES)";"48,8123238";"2,2148915"
"202000004224";"15";"10";"2020";"08:05";"2";"92";"92063";"2";"3";"1";"3";"REGNAULT (RUE HENRI)";"48,8589705";"2,1856711"
"202000004225";"16";"10";"2020";"14:30";"1";"92";"92062";"2";"1";"1";"6";"WALLACE (BD RICHARD) DU 17 AU 91 ET DU 3";"48,8806997";"2,2380862"
"202000004226";"15";"10";"2020";"08:25";"1";"92";"92051";"2";"1";"1";"2";"CHARLES DE GAULLE (AVENUE, N° 18 A 116)";"48,8813230";"2,2714830"
"202000004227";"15";"10";"2020";"15:15";"1";"92";"92036";"2";"1";"1";"3";"GABRIEL PERI (AVENUE) (101/129)";"48,9207540";"2,2951720"
"202000004228";"15";"10";"2020";"21:30";"5";"92";"92025";"2";"1";"1";"4";"CHARLES DE GAULLE (BD)";"48,9178700";"2,2245600"
"202000004229";"14";"10";"2020";"19:10";"5";"92";"92025";"2";"1";"1";"2";"LOUIS SEGUIN (BD)";"48,9338000";"2,2483500"
"202000004230";"16";"10";"2020";"20:50";"5";"92";"92024";"2";"2";"1";"3";"RUE DU 08 MAI 1945";"48,8988570";"2,3099175"
"202000004231";"16";"10";"2020";"08:00";"2";"92";"92071";"2";"1";"1";"3";"CLEMENCEAU GEORGES (AVENUE)";"48,7835209";"2,3057234"
"202000004232";"14";"10";"2020";"08:20";"1";"92";"92012";"2";"1";"1";"7";"GENERAL LECLERC (AVENUE DU) 35/FIN - 60/";"48,8305715";"2,2340122"
"202000004233";"23";"8";"2020";"03:00";"5";"83";"83107";"1";"1";"1";"6";"Route Nd7";"43,4629650";"6,6431240"
"202000004234";"22";"8";"2020";"16:45";"1";"13";"13082";"1";"1";"1";"7";"Route Departementale 543";"43,7051120";"5,3524020"
"202000004235";"16";"8";"2020";"18:03";"1";"13";"13096";"1";"1";"1";"1";"D38c";"43,5505150";"4,3811850"
"202000004236";"17";"8";"2020";"18:45";"1";"54";"54115";"2";"2";"1";"3";"Rue Philippe Martin";"48,7314410";"6,1641990"
"202000004237";"22";"8";"2020";"19:10";"1";"33";"33324";"1";"4";"1";"7";"D 708 Aux Grandes Joualles";"44,8012900";"0,2258800"
"202000004238";"23";"8";"2020";"10:36";"1";"22";"22389";"1";"1";"1";"7";"D765";"48,4631470";" -2,6509560"
"202000004239";"16";"10";"2020";"07:55";"2";"92";"92012";"2";"1";"8";"6";"REINE (ROUTE DE LA) 82/FIN - 107TER/FIN";"48,8404176";"2,2313847"
"202000004240";"16";"10";"2020";"13:30";"1";"92";"92002";"2";"9";"1";"3";"PRESIDENT KENNEDY (50 A LA FIN)";"48,7389360";"2,2989980"
"202000004241";"17";"10";"2020";"05:40";"3";"01";"01362";"1";"1";"1";"6";"Au treney";"45,9574050";"4,8753980"