"Num_Acc";"jour";"mois";"an";"hrmn";"lum";"dep";"com";"agg";"int";"atm";"col";"adr";"lat";"long"
"202000004242";"17";"10";"2020";"00:05";"3";"62";"62265";"1";"1";"1";"6";"D193";"50,6098790";"2,2170070"
"202000004243";"21";"8";"2020";"19:42";"2";"13";"13001";"1";"1";"1";"2";"A51-Sens Marseille vers Aix en Provence";"43,4877000";"5,4079000"
"202000004244";"16";"10";"2020";"12:00";"1";"01";"01004";"1";"1";"8";"2";"L'Aviation";"45,9725620";"5,3381540"
"202000004245";"16";"10";"2020";"19:20";"2";"41";"41150";"2";"2";"1";"3";"Rue de l'Aumône";"47,5618000";"1,4527630"
"202000004246";"17";"10";"2020";"03:39";"3";"71";"71150";"1";"1";"8";"2";"A6";"46,2382031";"4,7967109"
"202000004247";"17";"10";"2020";"00:05";"3";"10";"10248";"1";"1";"1";"1";"D141";"48,3093170";"3,9661500"
"202000004248";"21";"8";"2020";"16:40";"1";"69";"69256";"1";"1";"1";"3";"RN346  S/N   25.686 A 29.300";"45,7959200";"4,9341400"
"202000004249";"16";"10";"2020";"16:45";"1";"972";"97210";"1";"1";"1";"1";"rd 6 Clément";"14,6065320";" -60,9095980"
"202000004250";"4";"10";"2020";"18:15";"2";"01";"01143";"1";"2";"2";"2";"D984c";"46,3599460";"6,1212300"
"202000004251";"16";"8";"2020";"22:30";"3";"54";"54304";"1";"1";"1";"2";" A 33";"48,6956500";"6,1169300"
"202000004252";"22";"8";"2020";"22:53";"3";"33";"33013";"1";"3";"1";"2";"N230 / N89";"44,8684700";" -0,5026400"
"202000004253";"22";"8";"2020";"17:30";"1";"91";"91037";"1";"1";"1";"3";"AUTOROUTE A6";"48,5417000";"2,4980000"
"202000004254";"22";"8";"2020";"16:35";"1";"91";"91363";"1";"1";"1";"6";"AUTOROUTE A10";"48,6587000";"2,1832000"
"202000004255";"22";"8";"2020";"07:40";"1";"91";"91174";"1";"1";"1";"6";"RN 104";"48,6233400";"2,4676800"
"202000004256";"16";"10";"2020";"16:00";"1";"63";"63404";"1";"1";"2";"7";"A75, pk 27+600, N/S";"45,5716670";"3,2491470"
"202000004257";"21";"8";"2020";"06:45";"2";"91";"91521";"1";"1";"2";"7";"RN 104";"48,6336000";"2,4007000"
"202000004258";"22";"8";"2020";"12:30";"1";"93";"93053";"1";"1";"1";"6";"AUTOROUTE A103";"48,8885100";"2,4722300"
"202000004259";"21";"8";"2020";"23:45";"3";"95";"95582";"1";"1";"1";"4";"A15";"48,9684800";"2,2513600"
"202000004260";"21";"8";"2020";"12:55";"1";"93";"93064";"1";"1";"1";"3";"AUTOROUTE A86";"48,8814800";"2,4739300"
"202000004261";"22";"8";"2020";"22:00";"3";"77";"77449";"1";"1";"1";"6";"A4";"48,8329500";"2,7906200"
"202000004262";"22";"8";"2020";"03:15";"3";"77";"77294";"1";"1";"1";"2";"A104";"48,9699040";"2,5983580"
"202000004263";"26";"4";"2020";"14:20";"1";"974";"97409";"2";"1";"1";"2";"LAGOURGUE(CHEMIN)";" -20,9480701";"55,6624522"
"202000004264";"16";"10";"2020";"16:15";"1";"59";"59418";"2";"1";"1";"6";"Rue Pierre Boeynaems";"50,5041370";"3,4545830"
"202000004265";"23";"2";"2020";"04:57";"4";"75";"75102";"2";"7";"1";"6";"PLACE DE L OPERA";"48,8706570";"2,3325500"
"202000004266";"16";"10";"2020";"20:10";"3";"57";"57186";"1";"1";"1";"1";"D55";"49,2684630";"6,3849450"
"202000004267";"21";"8";"2020";"10:30";"1";"988";"98818";"2";"3";"1";"1";"AVENUE JAMES COOK";" -22,2682100";"166,4262100"
"202000004268";"16";"10";"2020";"23:45";"3";"76";"76222";"1";"1";"1";"1";"RD43";"49,4895069";"0,8876660"
"202000004269";"17";"10";"2020";"10:00";"1";"82";"82046";"1";"1";"1";"6";"Coutures";"43,9424830";"0,9831050"
"202000004270";"21";"8";"2020";"18:00";"2";"974";"97416";"2";"3";"1";"3";"BEGUE (RUE MOISE)";" -21,3449700";"55,4808600"
"202000004271";"17";"10";"2020";"10:30";"1";"71";"71028";"1";"1";"1";"6";"D323";"46,8295520";"5,4378870"
"202000004272";"21";"8";"2020";"17:50";"2";"974";"97411";"2";"9";"1";"2";"JAURES (BOULEVARD JEAN)";" -20,9007100";"55,4968200"
"202000004273";"16";"10";"2020";"21:30";"3";"86";"86137";"1";"3";"1";"3";"D347";"47,0187990";"0,0688360"
"202000004274";"20";"8";"2020";"16:15";"1";"974";"97411";"2";"1";"1";"3";"RAMBAUD (LEOPOLD)";" -20,8863000";"55,4813000"
"202000004275";"16";"10";"2020";"21:35";"3";"86";"86281";"1";"1";"1";"2";"D757";"46,6834960";"0,3022960"
"202000004276";"20";"8";"2020";"07:30";"1";"974";"97411";"2";"1";"2";"4";"MONNERVILLE (BOULEVARD GASTON)";" -20,8960000";"55,4480000"
"202000004277";"20";"8";"2020";"05:35";"2";"974";"97411";"1";"1";"2";"6";"RN2/043";" -20,8863400";"55,4934800"
"202000004278";"17";"10";"2020";"14:40";"1";"34";"34338";"1";"1";"1";"6";"D908";"43,6084550";"3,3805350"
"202000004279";"21";"8";"2020";"18:20";"1";"69";"69386";"2";"2";"1";"1";"FRANKLIN ROOSEVELT                  (CO)";"45,7689400";"4,8473100"
"202000004280";"16";"10";"2020";"23:40";"3";"22";"22004";"2";"1";"1";"6";"17 Rue Saint Bernard";"48,6328520";" -3,2974330"
"202000004281";"21";"8";"2020";"14:45";"1";"69";"69387";"2";"1";"1";"7";"MARCEL MERIEUX                      (R )";"45,7288200";"4,8302613"
"202000004282";"17";"10";"2020";"19:40";"3";"25";"25172";"1";"2";"1";"3";"RD 459";"47,2587650";"5,7427170"
"202000004283";"21";"8";"2020";"12:15";"1";"69";"69386";"2";"2";"1";"3";"THIERS                              (AV)";"45,7662974";"4,8619943"
"202000004284";"16";"10";"2020";"13:00";"1";"44";"44002";"2";"1";"1";"6";"30 Avenue de la Vendée";"47,0754120";" -1,3978820"
"202000004285";"21";"8";"2020";"16:25";"1";"972";"97213";"1";"1";"2";"1";"ROUTE DEPARTEMENTALE 3";"14,6750000";" -60,9910000"
"202000004286";"16";"10";"2020";"18:41";"1";"35";"35109";"1";"1";"1";"1";"Le Bas Monperron";"48,0895680";" -1,2276950"
"202000004287";"21";"8";"2020";"00:21";"3";"972";"97213";"1";"1";"2";"6";"ROUTE NATIONALE 1";"14,6000000";" -60,9776020"
"202000004288";"20";"8";"2020";"20:47";"5";"972";"97213";"1";"1";"1";"3";"ROUTE NATIONALE 5";"14,5964859";" -60,9942627"
"202000004289";"16";"10";"2020";"17:55";"1";"29";"29079";"1";"6";"1";"4";"D58 - Rue Jacques Gueguen";"48,6451320";" -3,9476940"
"202000004290";"17";"10";"2020";"00:35";"5";"38";"38006";"2";"1";"1";"6";"Route de la Ratz";"45,4031540";"6,0826550"
"202000004291";"21";"8";"2020";"17:05";"1";"69";"69034";"2";"3";"1";"1";"GEORGES CLEMENCEAU                  (QU)";"45,7900900";"4,8209700"
"202000004292";"16";"10";"2020";"23:50";"3";"02";"02085";"2";"1";"1";"7";"D1";"49,0907960";"3,3977630"
"202000004293";"20";"8";"2020";"08:20";"1";"69";"69389";"2";"1";"1";"3";"PROFESSEUR PATEL (DU)               (R )";"45,7658200";"4,7872900"
"202000004294";"16";"10";"2020";"19:45";"3";"70";"70111";"1";"1";"1";"7";"N19";"47,6447760";"6,2912930"
"202000004295";"21";"8";"2020";"12:20";"1";"2A";"2A004";"2";"2";"1";"3";"PIETRI FRANCOIS RUE";"41,9351000";"8,7509600"
"202000004296";"12";"10";"2020";"07:15";"2";"54";"54077";"2";"1";"1";"1";"D21";"48,5927711";"6,8415481"
"202000004297";"21";"8";"2020";"09:15";"1";"91";"91589";"2";"4";"1";"3";"BRIAND (BOULEVARD ARISTIDE)";"48,6823010";"2,3434730"
"202000004298";"15";"8";"2020";"17:00";"1";"06";"06016";"1";"1";"1";"7";"D28";"44,0927330";"6,9915320"
"202000004299";"21";"8";"2020";"11:05";"1";"91";"91377";"2";"3";"1";"6";"CHAMPARTS (RUE DES)";"48,7168540";"2,2936680"
"202000004300";"17";"10";"2020";"16:00";"1";"05";"05061";"1";"1";"1";"1";"Les Farreaux (Arrêt de bus)";"44,6253660";"6,0833470"
"202000004301";"20";"8";"2020";"22:41";"3";"87";"87085";"2";"1";"1";"6";"BEAUBREUIL (AVENUE DE)";"45,8754400";"1,2998500"
"202000004302";"16";"10";"2020";"21:55";"3";"45";"45081";"1";"1";"1";"7";"Rue de Villemain";"47,9356926";"1,5807434"
"202000004303";"7";"8";"2020";"22:08";"5";"84";"84007";"2";"1";"1";"1";"PARKING CAP SUD";"43,9299000";"4,8359000"
"202000004304";"17";"10";"2020";"00:25";"3";"64";"64152";"2";"3";"1";"6";"200 Chemin de Guitte";"43,3435583";" -0,3005736"
"202000004305";"17";"10";"2020";"03:50";"5";"10";"10261";"2";"1";"1";"7";"3 Ruelle des 3 Poissons";"47,9767930";"4,4983450"
"202000004306";"14";"8";"2020";"10:14";"1";"84";"84007";"2";"1";"1";"3";"SIXTE ISNARD (Boulevard)";"43,9376000";"4,8114800"
"202000004307";"16";"10";"2020";"18:45";"2";"53";"53112";"1";"2";"1";"3";"D119";"48,3604620";" -0,3151170"
"202000004308";"16";"10";"2020";"17:30";"1";"53";"53134";"1";"3";"1";"3";"La Baillée";"48,1212990";" -0,4615550"
"202000004309";"7";"8";"2020";"01:00";"5";"83";"83137";"2";"3";"1";"3";"DE LATTRE DE TASSIGNY (AVE MARECHAL)";"43,1169000";"5,9370000"
"202000004310";"16";"10";"2020";"10:00";"1";"24";"24133";"1";"1";"1";"2";"Les Communaux";"45,5315870";"0,9668130"
"202000004311";"20";"8";"2020";"11:00";"1";"83";"83069";"2";"1";"1";"6";"COMBATTANTS D' AFRIQUE DU NORD ( AVENUE";"43,1216900";"6,1100300"
"202000004312";"16";"10";"2020";"18:40";"1";"27";"27317";"1";"1";"1";"1";"Rue de la Chapelle";"49,3833890";"0,6846770"
"202000004313";"21";"8";"2020";"16:50";"1";"77";"77468";"2";"1";"1";"6";"PARIS (RUE DE)";"48,8507900";"2,6533700"
"202000004314";"16";"10";"2020";"15:25";"1";"28";"28191";"1";"1";"1";"6";"D28";"48,5812990";"1,6776900"
"202000004315";"16";"10";"2020";"10:00";"1";"37";"37050";"2";"4";"1";"3";"5 Rue Thomas Edison";"47,3383577";"0,7021158"
"202000004316";"21";"8";"2020";"07:00";"1";"76";"76540";"2";"2";"1";"3";"EUROPE. BOULEVARD DE L'";"49,4345400";"1,0760800"
"202000004317";"20";"8";"2020";"12:15";"1";"74";"74012";"2";"1";"1";"3";"RESISTANCE (RUE DE LA)";"46,1967100";"6,2621100"
"202000004318";"17";"10";"2020";"15:30";"1";"42";"42279";"2";"1";"1";"3";"Allée des Mûriers";"45,4981030";"4,2612680"
"202000004319";"19";"8";"2020";"21:30";"5";"74";"74012";"2";"6";"1";"3";"ETOILE (PLACE DE L')";"46,1942598";"6,2403578"
"202000004320";"16";"10";"2020";"16:45";"1";"49";"49321";"1";"1";"1";"7";"A11";"47,4242260";" -0,9396740"
"202000004321";"21";"8";"2020";"16:15";"1";"69";"69266";"2";"1";"1";"6";"EMILE ZOLA     (Cours)";"45,7648000";"4,9052000"
"202000004322";"17";"10";"2020";"05:55";"3";"51";"51588";"1";"1";"1";"7";"A4";"49,0759063";"4,8051889"
"202000004323";"20";"8";"2020";"18:20";"1";"67";"67447";"2";"8";"1";"3";"PIERRE MENDES FRANCE (AVENUE)";"48,6030970";"7,7568870"
"202000004324";"17";"10";"2020";"09:10";"1";"988";"98803";"1";"1";"1";"6";"route de poe";" -21,5842890";"165,4923710"
"202000004325";"20";"8";"2020";"17:33";"1";"67";"67482";"2";"8";"1";"6";"COLMAR (AVENUE DE)";"48,5629700";"7,7525800"
"202000004326";"20";"8";"2020";"13:50";"1";"67";"67218";"1";"1";"1";" -1";"NEUHOF (ROUTE DE)";"48,5372500";"7,7456600"
"202000004327";"21";"8";"2020";"00:48";"3";"66";"66141";"1";"1";"1";"7";"R D 900";"42,7491600";"2,8944300"
"202000004328";"15";"10";"2020";"21:50";"4";"971";"97118";"2";"6";"9";"3";"Route de la Traversee";"16,2141120";" -61,6219510"
"202000004329";"20";"8";"2020";"09:05";"1";"64";"64373";"2";"1";"1";"6";"GENERAL DE GAULLE DU";"43,2799901";" -0,3613331"
"202000004330";"20";"8";"2020";"09:10";"1";"64";"64122";"2";"9";"1";"3";"MARCEL DASSAULT (BD)";"43,4647710";" -1,5429354"
"202000004331";"17";"10";"2020";"11:00";"1";"971";"97114";"1";"2";"8";"3";"638 Chemin de Barthelemy";"16,1284840";" -61,5793190"
"202000004332";"17";"10";"2020";"15:47";"1";"33";"33214";"1";"1";"1";"6";"D6e1";"45,0509070";" -1,1733910"
"202000004333";"17";"8";"2020";"10:30";"1";"62";"62427";"2";"1";"1";"6";"MONTPENCHER (R)";"50,4211530";"2,9486680"
"202000004334";"20";"8";"2020";"15:45";"1";"60";"60463";"1";"1";"1";"3";"Rue Jean Monnet";"49,2867400";"2,4579300"
"202000004335";"19";"8";"2020";"16:30";"1";"57";"57672";"2";"1";"1";"3";"PAUL ALBERT (RUE) - PAIR";"49,3566200";"6,1560320"
"202000004336";"15";"10";"2020";"18:45";"1";"45";"45311";"1";"1";"1";"7";"chemin de la Canche";"47,8386830";"2,2344730"
"202000004337";"19";"8";"2020";"13:22";"1";"56";"56162";"1";"1";"1";"1";"Boulevard de l'Atlantique";"47,7092800";" -3,4424600"
"202000004338";"21";"8";"2020";"17:20";"1";"54";"54184";"1";"1";"1";"1";"RD83";"48,7162300";"6,2413600"
"202000004339";"16";"10";"2020";"21:50";"3";"30";"30257";"2";"9";"1";"3";"Rue de la Safranière";"43,8795770";"4,4830760"
"202000004340";"16";"10";"2020";"10:00";"1";"34";"34299";"1";"1";"1";"7";"D64";"43,2509080";"3,2721020"
"202000004341";"21";"8";"2020";"14:00";"1";"54";"54395";"2";"1";"1";"4";"BAZIN (RUE HENRI) + (SENTIER)";"48,6960400";"6,1915200"
"202000004342";"20";"8";"2020";"10:25";"5";"49";"49353";"2";"1";"1";"3";"N/A";"47,4400385";" -0,4849101"
"202000004343";"11";"10";"2020";"23:25";"3";"54";"54043";"1";"1";"1";"2";"rd 974  ";"48,5854368";"6,0805035"
"202000004344";"21";"8";"2020";"17:35";"1";"44";"44109";"2";"1";"1";"6";"Rue Auguste Lepère";"47,2262700";" -1,5971300"
"202000004345";"17";"10";"2020";"17:50";"1";"57";"57230";"1";"1";"1";"1";"D603";"49,0982340";"6,5155790"
"202000004346";"21";"8";"2020";"10:35";"1";"44";"44109";"2";"1";"1";"6";"Quai de la Fosse";"47,2090000";" -1,5669700"
"202000004347";"21";"8";"2020";"16:15";"1";"42";"42207";"2";"6";"1";"1";"Route de Cellieu";"45,4900783";"4,5217527"
"202000004348";"16";"10";"2020";"17:50";"1";"74";"74143";"2";"1";"1";"6";"Place de la Mairie";"45,8897610";"6,7977780"
"202000004349";"20";"8";"2020";"04:50";"5";"42";"42184";"2";"1";"1";"6";"Boulevard Ouest";"46,0381900";"4,0457100"
"202000004350";"16";"10";"2020";"07:55";"1";"69";"69228";"2";"2";"8";"3";"La Roussillière";"45,5580296";"4,6409973"
"202000004351";"21";"8";"2020";"15:55";"1";"37";"37261";"2";"6";"1";"3";"BELGIQUE (RUE DE)";"47,4257575";"0,6970049"
"202000004352";"17";"10";"2020";"12:20";"1";"69";"69204";"2";"1";"8";"6";"D342";"45,7120870";"4,7723820"
"202000004353";"21";"8";"2020";"15:45";"1";"35";"35238";"2";"1";"1";"7";"VILLEBOIS MAREUIL (BD)";"48,1018310";" -1,6495200"
"202000004354";"16";"10";"2020";"08:45";"1";"09";"09047";"1";"1";"1";"6";"D16";"42,8935260";"1,9356810"
"202000004355";"17";"10";"2020";"16:07";"1";"09";"09293";"1";"1";"1";"6";"23 La Plano Del Calmil";"42,9720380";"1,5208130"
"202000004356";"21";"8";"2020";"01:50";"5";"34";"34172";"2";"3";"1";"3";"GARRATS (AVENUE DES)";"43,6105280";"3,8389300"
"202000004357";"17";"10";"2020";"01:30";"3";"85";"85208";"1";"1";"1";"6";"La Nicolière";"46,8524430";" -1,3991210"
"202000004358";"22";"8";"2020";"00:05";"5";"33";"33063";"1";"4";"1";"3";"AVE DE NONTRASTE";"44,8773600";" -0,5665400"
"202000004359";"20";"8";"2020";"12:30";"1";"31";"31149";"2";"1";"1";"3";"SERRES (AVENUE EDOUARD)";"43,6115900";"1,3520600"
"202000004360";"21";"8";"2020";"17:40";"1";"27";"27681";"2";"1";"1";"6";"JAURES (BOULEVARD JAURES)";"49,0927700";"1,4708700"
"202000004361";"21";"8";"2020";"14:28";"1";"27";"27681";"2";"1";"1";"3";"FOCH (AVENUE DU MARECHAL)";"49,0976100";"1,4760600"
"202000004362";"21";"8";"2020";"07:45";"1";"14";"14118";"2";"2";"1";" -1";"MORICE (AVENUE PROFESSEUR)";"49,2059900";" -0,3593500"
"202000004363";"21";"8";"2020";"23:40";"5";"13";"13106";"2";"1";"1";"1";"8 MAI 1945 (AVENUE DU)";"43,3877000";"5,3598000"
"202000004364";"21";"8";"2020";"18:00";"1";"13";"13205";"2";"3";"7";"1";"JEANNE D'ARC (BOULEVARD)";"43,2932550";"5,4041309"
"202000004365";"21";"8";"2020";"15:30";"1";"13";"13203";"2";"1";"1";"3";"STRASBOURG (BOULEVARD)";"43,3075800";"5,3758800"
"202000004366";"21";"8";"2020";"14:15";"1";"13";"13208";"2";"1";"1";"6";"MAZARGUES (AVENUE DE)";"43,2582300";"5,3942700"
"202000004367";"21";"8";"2020";"10:30";"1";"13";"13205";"2";"1";"1";"6";"JEAN MOULIN (BOULEVARD)";"43,2849800";"5,3988100"
"202000004368";"21";"8";"2020";"04:55";"5";"13";"13216";"2";"1";"1";"6";"ESTAQUE PLAGE";"43,3603380";"5,2946450"
"202000004369";"20";"8";"2020";"19:05";"1";"13";"13212";"2";"1";"1";"2";"BOUYALA D'ARNAUD (BOULEVARD)";"43,2968400";"5,4417910"
"202000004370";"20";"8";"2020";"21:50";"5";"12";"12174";"1";"1";"1";"6";"Olemps";"44,3334061";"2,5554119"
"202000004371";"21";"8";"2020";"02:10";"3";"11";"11069";"1";"1";"1";"6";"SAINT HILAIRE -ROUTE DE-";"43,1996286";"2,3543388"
"202000004372";"21";"8";"2020";"16:45";"1";"10";"10081";"1";"1";"2";"6";"ROCADE OUEST (RD 610)";"48,3092000";"4,0222000"
"202000004373";"20";"8";"2020";"22:18";"5";"10";"10387";"2";"1";"1";"2";"TERRASSES (RUE)";"48,2917600";"4,0781100"
"202000004374";"20";"8";"2020";"06:35";"1";"06";"06123";"2";"1";"1";"3";"COUBERTIN PIERRE DE AVENUE";"43,6719200";"7,1928670"
"202000004375";"20";"8";"2020";"08:00";"1";"06";"06027";"2";"1";"1";"5";"RENOIR AVENUE AUGUSTE";"43,6647000";"7,1521210"
"202000004376";"14";"8";"2020";"21:16";"2";"75";"75118";"2";"2";"1";" -1";"RUE ORDENER";"48,8902460";"2,3599170"
"202000004377";"21";"8";"2020";"02:30";"5";"75";"75105";"2";"1";"1";"3";"RUE DU CARDINAL LEMOINE";"48,8489990";"2,3540370"
"202000004378";"21";"8";"2020";"18:53";"1";"75";"75119";"2";"1";"1";"6";"AVENUE DE FLANDRE";"48,8935630";"2,3803970"
"202000004379";"20";"8";"2020";"23:45";"5";"75";"75119";"2";"4";"1";"3";"AVENUE CORENTIN CARIOU";"48,8958480";"2,3835520"
"202000004380";"21";"8";"2020";"19:20";"1";"75";"75118";"2";"3";"1";"3";"BOULEVARD NEY";"48,8977660";"2,3340530"
"202000004381";"21";"8";"2020";"18:10";"1";"75";"75117";"2";"4";"1";"2";"AVENUE DE WAGRAM";"48,8822120";"2,3011690"
"202000004382";"19";"8";"2020";"20:45";"5";"75";"75116";"2";"1";"1";"6";"RUE MOLITOR";"48,8452900";"2,2598000"
"202000004383";"21";"8";"2020";"21:30";"5";"75";"75115";"2";"2";"1";" -1";"RUE BALARD";"48,8424200";"2,2776140"
"202000004384";"21";"8";"2020";"20:00";"1";"75";"75115";"2";"1";"1";"6";"RUE CAMBRONNE";"48,8424020";"2,3028650"
"202000004385";"21";"8";"2020";"16:25";"1";"75";"75114";"2";"2";"1";"3";"AVENUE DE LA PORTE DE CHATILLON";"48,8226420";"2,3148370"
"202000004386";"21";"8";"2020";"09:50";"1";"75";"75114";"2";"2";"1";"3";"AVENUE DU MAINE";"48,8368320";"2,3232220"
"202000004387";"21";"8";"2020";"07:40";"1";"75";"75114";"2";"1";"1";"6";"RUE VERCINGETORIX";"48,8316230";"2,3096110"
"202000004388";"20";"8";"2020";"23:50";"5";"75";"75107";"2";"1";"1";"6";"BOULEVARD DES INVALIDES";"48,8501150";"2,3147680"
"202000004389";"21";"8";"2020";"17:40";"1";"75";"75112";"2";"1";"1";" -1";"QUAI DE BERCY";"48,8292800";"2,3875410"
"202000004390";"21";"8";"2020";"13:00";"1";"75";"75112";"2";"3";"1";"3";"ROUTE DE CEINTURE DU LAC DAUMESNIL";"48,8281320";"2,4193520"
"202000004391";"21";"8";"2020";"19:08";"1";"75";"75111";"2";"1";"1";"6";"BOULEVARD VOLTAIRE";"48,8608090";"2,3750690"
"202000004392";"21";"8";"2020";"18:30";"1";"75";"75109";"2";"1";"1";"3";"RUE DU FAUBOURG MONTMARTRE";"48,8737530";"2,3426750"
"202000004393";"21";"8";"2020";"15:00";"1";"75";"75104";"2";"1";"1";"6";"BOULEVARD BOURDON";"48,8483600";"2,3661560"
"202000004394";"20";"8";"2020";"20:09";"1";"75";"75102";"2";"2";"1";"7";"RUE DAUNOU";"48,8695440";"2,3315130"
"202000004395";"20";"8";"2020";"15:50";"1";"75";"75103";"2";"1";"1";"3";"BOULEVARD SAINT MARTIN";"48,8688110";"2,3566060"
"202000004396";"21";"8";"2020";"17:50";"1";"94";"94068";"2";"9";"1";"3";"SAINT MAUR (PONT DE)";"48,7845410";"2,4953330"
"202000004397";"21";"8";"2020";"12:20";"1";"94";"94068";"2";"1";"1";"3";"PONT DE CRETEIL (R DU)";"48,8015750";"2,4721440"
"202000004398";"20";"8";"2020";"22:40";"5";"94";"94076";"2";"1";"1";"2";"MAXIME GORKI (BD)";"48,7924700";"2,3693500"
"202000004399";"21";"8";"2020";"21:20";"5";"94";"94041";"2";"3";"1";"1";"DIX NEUF MARS 1962 (R DU)";"48,8090910";"2,3736410"
"202000004400";"21";"8";"2020";"19:24";"1";"94";"94073";"2";"1";"1";"6";"RENE PANHARD (AV)";"48,7643100";"2,3932800"
"202000004401";"20";"8";"2020";"22:55";"5";"94";"94033";"2";"2";"1";"3";"REPUBLIQUE (AV DE LA)";"48,8522700";"2,4565100"
"202000004402";"21";"8";"2020";"14:15";"1";"93";"93070";"2";"1";"1";"3";"MICHELET(AV):N°1AU 103";"48,9025000";"2,3440900"
"202000004403";"21";"8";"2020";"20:45";"2";"93";"93066";"2";"3";"1";"3";"POULMARCH JEAN";"48,9330298";"2,3422761"
"202000004404";"21";"8";"2020";"09:55";"1";"93";"93064";"2";"2";"1";"2";"PERI (BOULEVARD GABRIEL)  0 - 37 / 42";"48,8773500";"2,4799600"
"202000004405";"21";"8";"2020";"21:06";"2";"93";"93031";"2";"3";"1";"3";"SAINT LEU (ROUTE DE) 1 à 157";"48,9515000";"2,3389100"
"202000004406";"21";"8";"2020";"19:50";"1";"93";"93010";"2";"1";"1";"2";"GALLIENI (AV.) DE 177 A 211";"48,9067269";"2,4858947"
"202000004407";"21";"8";"2020";"17:40";"1";"93";"93005";"1";"1";"1";"2";"R PAUL CEZANNE";"48,9526855";"2,4918706"
"202000004408";"2";"8";"2020";"13:45";"1";"92";"92077";"2";"1";"1";"3";"ST CLOUD (RUE DE)";"48,8275000";"2,1888500"
"202000004409";"20";"8";"2020";"17:30";"1";"92";"92050";"2";"6";"1";"2";"DROITS DE L'HOMME PLACE DES";"48,8960049";"2,2157782"
"202000004410";"21";"8";"2020";"15:40";"1";"92";"92040";"2";"1";"1";"7";"STALINGRAD (QUAI DE)";"48,8249014";"2,2575057"
"202000004411";"16";"8";"2020";"20:28";"2";"92";"92012";"2";"2";"1";"3";"SAUSSIERE (RUE DE LA)";"48,8377443";"2,2403861"
"202000004412";"22";"8";"2020";"11:10";"1";"22";"22050";"2";"7";"1";"6";"Place du 11 Novembre 1918";"48,4567470";" -2,0527910"
"202000004413";"22";"8";"2020";"07:15";"1";"11";"11261";"1";"1";"1";"2";"A 61 PK 346.400";"43,1734480";"2,6297020"
"202000004414";"18";"8";"2020";"16:45";"1";"71";"71583";"1";"1";"1";"2";"A6";"46,2619593";"4,7924377"
"202000004415";"22";"8";"2020";"19:15";"1";"41";"41232";"1";"9";"1";"7";"AUTROUTE A71 PK 156+200";"47,4229680";"2,0191240"
"202000004416";"21";"8";"2020";"22:00";"3";"22";"22369";"1";"1";"1";"7";"RN 12 PR 014+900";"48,3432720";" -2,2875170"
"202000004417";"21";"8";"2020";"18:30";"1";"51";"51476";"1";"2";"1";"3";"D977";"49,0268395";"4,4142578"
"202000004418";"21";"8";"2020";"23:30";"3";"59";"59094";"1";"1";"1";"7";"Route de Craywick";"50,9564940";"2,2187450"
"202000004419";"22";"8";"2020";"13:00";"1";"36";"36033";"1";"1";"1";" -1";" ÉCHANGEUR 19";"46,5065290";"1,5048594"
"202000004420";"4";"2";"2020";"12:40";"1";"02";"02408";"2";"6";"8";"2";"FOCH (AVENUE DU MARECHAL)";"49,5627200";"3,6006700"
"202000004421";"26";"2";"2020";"13:05";"1";"92";"92040";"2";"1";"2";"6";"BOURGAIN (AVENE)";"48,8217793";"2,2672074"
"202000004422";"2";"12";"2020";"08:45";"1";"93";"93029";"2";"1";" -1";"2";"FERNAND PENA";"48,9165720";"2,4330650"
"202000004423";"2";"12";"2020";"08:45";"5";"93";"93029";"2";"1";"1";"2";"R FERNAND PENA";"48,9173300";"2,4336600"
"202000004424";"29";"11";"2020";"11:35";"1";"38";"38298";"2";"6";"1";"1";"Rue de Bregnieux";"45,3784940";"4,8043460"
"202000004425";"16";"11";"2020";"23:47";"5";"38";"38451";"2";"1";"1";"6";"2 Rue de la Girine";"45,7572770";"5,2186060"
"202000004426";"1";"12";"2020";"13:00";"1";"76";"76351";"2";"1";"1";"6";"ETRETAT (D')";"49,4978990";"0,0962580"
"202000004427";"15";"9";"2020";"13:57";"1";"26";"26198";"2";"1";"1";"5";"136 route du Teil";"44,5563100";"4,7248720"
"202000004428";"4";"12";"2020";"11:30";"1";"07";"07102";"2";"1";"3";"7";"N/A";"44,9369600";"4,8671200"
"202000004429";"16";"12";"2020";"17:15";"5";"05";"05061";"2";"1";"1";"6";"SILOS ( RUE DES )";"44,5679100";"6,0952000"
"202000004430";"24";"11";"2020";"08:14";"1";"78";"78551";"2";"9";"1";"6";"SCHNAPPER";"48,8876330";"2,0955580"
"202000004431";"28";"11";"2020";"21:25";"5";"27";"27229";"2";"1";"1";"6";"QUATORZE JUILLET (BOULEVARD)";"49,0145300";"1,1700500"
"202000004432";"13";"12";"2020";"17:00";"2";"70";"70388";"1";"1";"1";"7";"FRAPERTUIS (RUE DU)";"47,6032700";"6,1092200"
"202000004433";"16";"12";"2020";"18:00";"3";"17";"17010";"1";"1";"2";"1";"Route du Pont de la Pierre";"46,1131030";" -1,1168070"
"202000004434";"18";"12";"2020";"18:46";"3";"69";"69006";"1";"1";"1";"6";"D13e3";"45,9736730";"4,2928860"
"202000004435";"13";"12";"2020";"13:05";"1";"27";"27547";"1";"1";"1";"6";"d49";"49,0536770";"0,3994560"