"Num_Acc";"jour";"mois";"an";"hrmn";"lum";"dep";"com";"agg";"int";"atm";"col";"adr";"lat";"long"
"202000004436";"18";"12";"2020";"08:15";"1";"77";"77222";"2";"4";"1";"2";"59 Rue de Troyes";"48,6350430";"2,8008440"
"202000004437";"5";"10";"2020";"12:10";"1";"92";"92025";"2";"2";"8";"3";"PIERRE CURIE (RUE)";"48,9156330";"2,2349320"
"202000004438";"10";"9";"2020";"12:20";"1";"92";"92025";"2";"2";"1";"6";"MENELOTTE  2A 50 (AV)";"48,9284375";"2,2595988"
"202000004439";"8";"10";"2020";"08:35";"1";"73";"73065";"2";"3";"1";"3";"AV LECLERC / PARENT NICOLAS (RUE)";"45,5702750";"5,9167170"
"202000004440";"1";"10";"2020";"09:50";"1";"60";"60159";"1";"1";"3";"6";"D 14";"49,3962000";"2,8924200"
"202000004441";"15";"9";"2020";"16:30";"1";"94";"94028";"2";"1";"1";"3";"MESLY(AVENUE DU CHEMIN DE)";"48,7854900";"2,4602400"
"202000004442";"4";"1";"2020";"12:05";"1";"92";"92025";"2";"2";"1";"3";"CHARLES DE GAULLE (BD)";"48,9117714";"2,2324508"
"202000004443";"29";"9";"2020";"14:32";"1";"70";"70550";"2";"1";"2";"6";"R.N. 19";"47,6341500";"6,1582100"
"202000004444";"13";"3";"2020";"14:40";"1";"976";"97611";"2";"9";"1";"6";"mamoudzou centre-Jardin du collège(rue d";" -12,7800900";"45,2238100"
"202000004445";"13";"11";"2020";"09:30";"1";"78";"78551";"2";"6";"2";"6";"DESOYER (LEON)";"48,8995100";"2,0855570"
"202000004446";"1";"12";"2020";"14:15";"1";"13";"13202";"2";"3";"1";"3";"PORT (QUAI DU)";"43,2960650";"5,3740230"
"202000004447";"30";"11";"2020";"10:50";"1";"11";"11262";"2";"6";"1";"7";"ESPAGNE (AVENUE D')";"43,1696800";"2,9893600"
"202000004448";"8";"12";"2020";"18:20";"5";"76";"76351";"2";"1";"3";"6";"RENE COTY";"49,4980960";"0,1163600"
"202000004449";"15";"12";"2020";"20:48";"5";"60";"60667";"2";"1";"2";"1";"Avenue René Firmin";"49,3141630";"2,7366260"
"202000004450";"23";"10";"2020";"16:38";"1";"81";"81105";"2";"1";"1";"1";"Square Maréchal Foch";"43,7629350";"1,9913260"
"202000004451";"19";"10";"2020";"11:00";"1";"95";"95210";"2";"1";"1";"2";"MALLEVILLE (RUE DE)";"48,9676400";"2,3054900"
"202000004452";"14";"10";"2020";"07:55";"2";"69";"69142";"2";"1";"2";"3";"GENERAL DE GAULLE                   (AV)";"45,7259700";"4,8117800"
"202000004453";"12";"10";"2020";"13:20";"1";"45";"45068";"2";"1";"1";"3";"Rue Condorcet";"48,0228900";"2,7353900"
"202000004454";"24";"9";"2020";"16:10";"1";"49";"49007";"2";"1";"1";"1";"Avenue du Général Patton";"47,4736700";" -0,5828500"
"202000004455";"13";"6";"2020";"15:50";"1";"92";"92025";"2";"2";"1";"1";"VALMY 1 A 53   2 A 66 (BD DE)";"48,9261200";"2,2530200"
"202000004456";"28";"6";"2020";"12:05";"1";"83";"83069";"1";"1";"1";"5";"AEROPORT (AVENUE DE L')";"43,0997300";"6,1324900"
"202000004457";"13";"9";"2020";"05:45";"5";"06";"06004";"2";"1";"1";"7";"R.N.98 BORD DE MER SIESTA";"43,5905710";"7,1243340"
"202000004458";"28";"8";"2020";"17:30";"1";"69";"69382";"2";"2";"2";"3";"CHARLEMAGNE                         (CO)";"45,7397300";"4,8183200"
"202000004459";"27";"8";"2020";"22:39";"5";"35";"35281";"2";"9";"1";"7";"DODIN (AVENUE ROGER)";"48,0783600";" -1,7125700"
"202000004460";"18";"9";"2020";"18:30";"1";"35";"35238";"2";"1";"1";"6";"CHATILLON (DE)";"48,0888100";" -1,6717800"
"202000004461";"30";"11";"2020";"16:35";"1";"02";"02750";"2";"1";"1";"6";"28 Route de Coucy-le-château";"49,5178920";"3,2272160"
"202000004462";"22";"8";"2020";"12:55";"1";"976";"97611";"2";"9";"1";"3";"kaweni-Mangrove (route de la)";" -12,7750000";"45,2250000"
"202000004463";"31";"8";"2020";"11:15";"1";"06";"06069";"2";"1";"1";"2";"CASTORS (CHEMIN DES)";"43,6392100";"6,9337200"
"202000004464";"15";"1";"2020";"12:50";"1";"94";"94046";"2";"1";"1";"6";"VICTOR HUGO (R)";"48,7997000";"2,4415000"
"202000004465";"26";"9";"2020";"22:00";"5";"24";"24145";"2";"9";"1";"1";"ROQUE (AVENUE  DE LA)";"44,8525800";"0,5504100"
"202000004466";"13";"9";"2020";"09:57";"1";"24";"24037";"2";"9";"1";"3";"N1021 (rocade RN21-D660)";"44,8199000";"0,4761000"
"202000004467";"30";"6";"2020";"07:20";"1";"59";"59350";"2";"3";"1";"2";"RENARD RUE VICTOIRE";"50,6118159";"3,0656523"
"202000004468";"25";"6";"2020";"13:15";"1";"59";"59648";"2";"2";"1";"3";"JAURES JEAN RUE";"50,6000300";"3,0518200"
"202000004469";"26";"5";"2020";"11:25";"1";"59";"59663";"1";"2";"1";"3";"BELLE CROIX (RUE DE LA)";"50,8821328";"2,4711535"
"202000004470";"20";"5";"2020";"19:25";"1";"59";"59043";"1";"1";"1";"6";"STEENWERCK (ROUTE DE)";"50,7145200";"2,7668900"
"202000004471";"16";"5";"2020";"11:10";"1";"59";"59043";"2";"9";"1";"3";"LILLE (RUE DE)";"50,7302300";"2,7468000"
"202000004472";"29";"7";"2020";"09:20";"1";"14";"14220";"2";"2";"7";"6";"REPUBLIQUE (AVENUE DE LA)";"49,3574002";"0,0741746"
"202000004473";"8";"7";"2020";"11:25";"1";"14";"14715";"2";"1";"8";"6";"CARNOT";"49,3669100";"0,0797200"
"202000004474";"28";"12";"2020";"18:15";"5";"42";"42187";"2";"1";"1";"6";"Rue Pierre Semard";"46,0386200";"4,0579900"
"202000004475";"18";"12";"2020";"17:00";"1";"33";"33448";"2";"1";"1";"1";"D214";"44,7144160";" -0,5021100"
"202000004476";"4";"12";"2020";"16:30";"1";"65";"65100";"2";"1";"1";"6";"MOULIN (RUE JEAN)";"43,2609010";"0,0427010"
"202000004477";"3";"12";"2020";"17:57";"5";"08";"08105";"2";"7";"2";"6";"DUCALE PLACE";"49,7735600";"4,7206900"
"202000004478";"25";"11";"2020";"17:45";"3";"91";"91553";"1";"1";"1";"3";"RN 104";"48,6310000";"2,4912600"
"202000004479";"30";"12";"2020";"06:30";"3";"60";"60196";"1";"1";"2";"1";"D927";"49,2900060";"2,0902350"
"202000004480";"30";"9";"2020";"16:00";"1";"69";"69091";"2";"1";"1";"6";"ALARCON (RUE MICHEL)";"45,5824900";"4,7753100"
"202000004481";"6";"7";"2020";"21:10";"1";"65";"65440";"2";"2";"1";"3";"HUGO (RUE VICTOR)";"43,2357090";"0,0698690"
"202000004482";"11";"2";"2020";"16:30";"1";"36";"36044";"2";"1";"1";"2";"Avenue des Marins";"46,8088576";"1,6804036"
"202000004483";"14";"8";"2020";"17:00";"1";"36";"36044";"2";"1";"1";"6";"ARGENTON (AV D')";"46,8025834";"1,6721696"
"202000004484";"21";"8";"2020";"18:35";"1";"36";"36044";"2";"1";"1";"7";"48 Chemin de Soulasse";"46,8181138";"1,7223269"
"202000004485";"25";"1";"2020";"15:13";"1";"36";"36202";"2";"1";"1";"4";"34 Avenue d’Occitanie";"46,7906355";"1,6616888"
"202000004486";"15";"2";"2020";"16:04";"1";"36";"36044";"2";"1";"1";"7";"Avenue de la Châtre";"46,8068435";"1,7088227"
"202000004487";"29";"9";"2020";"14:00";"1";"35";"35238";"2";"9";"1";"3";"ROOSEVELT (BD FRANKLIN)";"48,0974600";" -1,6572700"
"202000004488";"22";"8";"2020";"15:05";"1";"17";"17306";"2";"1";"1";"3";"sous l'avenue Louis Bouchet";"45,6260410";" -0,9992650"
"202000004489";"19";"7";"2020";"07:00";"1";"17";"17306";"2";"1";"1";"3";"BAILLET (BD COLONEL ROBERT)";"45,6318300";" -1,0321100"
"202000004490";"15";"7";"2020";"18:25";"1";"17";"17306";"2";"1";"1";"2";"REUTIN (BD FELIX)";"45,6238500";" -1,0323300"
"202000004491";"15";"7";"2020";"17:50";"1";"17";"17461";"2";"3";"1";"3";"GARNIER (AVENUE  FREDERIC)";"45,6421620";" -1,0658110"
"202000004492";"29";"5";"2020";"06:45";"1";"02";"02168";"2";"2";"1";"3";"D1";"49,0474700";"3,3834160"
"202000004493";"27";"11";"2020";"18:30";"5";"973";"97302";"2";"1";"1";"6";"MADELEINE (ROUTE DE LA)";"4,9151600";" -52,3209700"
"202000004494";"30";"11";"2020";"13:03";"1";"973";"97302";"2";"3";"1";"3";"BARTHELEMY (RENE)";"4,9355777";" -52,3309476"
"202000004495";"29";"11";"2020";"23:25";"5";"973";"97302";"2";"1";"1";"7";"MADELEINE (ROUTE DE LA)";"4,9393063";" -52,3264861"
"202000004496";"29";"11";"2020";"09:40";"1";"973";"97302";"2";"1";"1";"6";"MERE THERESA (rue)";"4,9194300";" -52,3126700"
"202000004497";"30";"11";"2020";"07:40";"1";"972";"97213";"1";"1";"1";"2";"AUTOROUTE A1";"14,6170000";" -61,0170000"
"202000004498";"29";"11";"2020";"17:27";"1";"91";"91021";"2";"1";"1";"2";"AV DIVISION LECLERC";"48,5967700";"2,2459200"
"202000004499";"30";"11";"2020";"23:45";"5";"91";"91161";"2";"6";"2";"6";"AV MAZARIN";"48,7080000";"2,3106600"
"202000004500";"30";"11";"2020";"17:30";"5";"91";"91687";"2";"1";"1";"6";"GUYNEMER (BOULEVARD)";"48,6777130";"2,3763300"
"202000004501";"28";"11";"2020";"10:50";"1";"76";"76351";"1";"1";"1";"6";"BOIS AU COQ (AVENUE)";"49,5165000";"0,1194000"
"202000004502";"29";"11";"2020";"13:22";"1";"74";"74298";"1";"1";"1";"1";"BONNEVILLE (ROUTE DE )";"46,1685000";"6,2720000"
"202000004503";"29";"11";"2020";"11:40";"1";"69";"69290";"2";"1";"1";"6";"COLOMBIER (DU)                      (R )";"45,7064384";"4,9327771"
"202000004504";"30";"11";"2020";"12:25";"1";"65";"65100";"2";"2";"1";"3";"FRANCE (RUE ANATOLE)";"43,2545510";"0,0469630"
"202000004505";"24";"11";"2020";"11:29";"1";"63";"63113";"2";"5";"1";"3";"VERDUN (PLACE DE)";"45,7654100";"3,0823100"
"202000004506";"28";"11";"2020";"17:10";"5";"59";"59350";"2";"2";"1";"3";"BELFORT BOULEVARD DE";"50,6218700";"3,0793600"
"202000004507";"28";"11";"2020";"15:04";"1";"56";"56162";"1";"3";"1";"3";"AEROGARE";"47,7500900";" -3,4344200"
"202000004508";"27";"11";"2020";"09:39";"1";"54";"54329";"2";"3";"1";"6";"BLD. GEORGES POMPIDOU";"48,5859400";"6,4809000"
"202000004509";"27";"11";"2020";"07:53";"5";"49";"49007";"2";"6";"5";"3";"DE LATTRE DE TASSIGNY";"47,4577900";" -0,5443500"
"202000004510";"29";"11";"2020";"16:15";"1";"49";"49007";"2";"1";"1";"6";"GATELLERIE IMPASSE";"47,4962500";" -0,5569600"
"202000004511";"30";"11";"2020";"09:35";"1";"45";"45285";"2";"2";"1";"6";"Rue des Chaises - rue des cerises";"47,9213728";"1,8831890"
"202000004512";"30";"11";"2020";"09:35";"2";"29";"29232";"2";"1";"7";"1";"Avenue Jacques le Viol";"47,9935299";" -4,1389070"
"202000004513";"30";"11";"2020";"10:30";"1";"29";"29232";"2";"1";"1";"3";"Rue Charles le Goffic";"47,9852900";" -4,0611300"
"202000004514";"28";"11";"2020";"09:25";"1";"25";"25056";"2";"1";"1";"7";"RAGOTS   CHEMIN DES";"47,2335800";"6,0499300"
"202000004515";"30";"11";"2020";"08:00";"1";"21";"21166";"2";"2";"1";"5";"Avenue Roland Carraz";"47,2987991";"5,0197866"
"202000004516";"30";"11";"2020";"15:00";"1";"17";"17461";"2";"1";"1";"3";"FALAISE (BOULEVARD DE LA)";"45,6292610";" -1,0632600"
"202000004517";"27";"11";"2020";"07:30";"5";"14";"14118";"2";"4";"1";"6";"BRIAND (BOULEVARD ARISTIDE)";"49,1781200";" -0,3638500"
"202000004518";"24";"11";"2020";"10:30";"1";"14";"14118";"2";"7";"1";"6";"SAINT OUEN (RUE)";"49,1751900";" -0,3774300"
"202000004519";"30";"11";"2020";"20:15";"5";"13";"13203";"2";"2";"1";"2";"GUIBAL (RUE)";"43,3057200";"5,3839700"
"202000004520";"28";"11";"2020";"09:34";"1";"11";"11262";"2";"6";"1";"7";"HUBERT MOULY (AVENUE)";"43,1801609";"3,0188828"
"202000004521";"30";"11";"2020";"12:15";"1";"06";"06069";"1";"9";"1";"3";"PLAN (ROUTE DU) -D304-";"43,6507180";"6,9487470"
"202000004522";"29";"8";"2020";"18:50";"3";"976";"97611";"2";"1";"1";"6";"doujani-Carrière ( rue de la )";" -12,7931800";"45,2081800"
"202000004523";"7";"7";"2020";"18:55";"3";"976";"97611";"2";"1";"1";"6";"mgombani-Baobab ( Bd )";" -12,7825155";"45,2336901"
"202000004524";"2";"7";"2020";"09:20";"1";"93";"93072";"2";"1";"2";"6";"MOLIERE (SQUARE)";"48,9497300";"2,3734000"
"202000004525";"27";"7";"2020";"15:15";"1";"59";"59122";"2";"1";"1";"2";"COMTE D'ARTOIS (RUE DU)";"50,1806900";"3,2203500"
"202000004526";"30";"1";"2020";"21:00";"5";"59";"59122";"2";"2";"2";"6";"CREVECOEUR (RUE DE)";"50,1582248";"3,2417710"
"202000004527";"26";"1";"2020";"11:10";"1";"59";"59122";"2";"1";"1";"6";"VICTOIRE (AVENUE DE LA)";"50,1734000";"3,2330720"
"202000004528";"26";"11";"2020";"12:55";"1";"59";"59350";"1";"6";"1";"3";"PASTEUR CARREFOUR";"50,6430019";"3,0726154"
"202000004529";"23";"11";"2020";"10:05";"1";"38";"38185";"2";"3";"1";"6";"Cours Berriat";"45,1886400";"5,7094100"
"202000004530";"18";"11";"2020";"18:24";"5";"38";"38151";"2";"9";"1";"6";"Avenue du 8 Mai 1945";"45,1491900";"5,7180400"
"202000004531";"14";"9";"2020";"05:00";"5";"92";"92050";"1";"1";"1";"2";"A14";"48,8960999";"2,2250306"
"202000004532";"22";"8";"2020";"09:30";"1";"976";"97611";"1";"1";"1";"7";"passamanty-Vahibé ( route )";" -12,7930000";"45,1930000"
"202000004533";"5";"12";"2020";"15:45";"1";"58";"58194";"2";"1";"1";"6";"HENRI BOUQUILLARD";"46,9945900";"3,1342200"
"202000004534";"20";"9";"2020";"18:30";"1";"91";"91247";"1";"1";"1";"7";"D836";"48,4772170";"2,0511930"
"202000004535";"17";"6";"2020";"18:45";"1";"73";"73213";"1";"9";"1";"3";"D201 - 320 Rte d'Apremont";"45,5552470";"5,9513820"
"202000004536";"28";"1";"2020";"14:50";"1";"78";"78158";"1";"2";"1";"3";"N/A";"48,8337680";"2,1428820"
"202000004537";"6";"2";"2020";"18:30";"2";"41";"41018";"1";"1";"1";"2";"RD 956.";"47,5937300";"1,3543200"
"202000004538";"3";"9";"2020";"08:00";"1";"69";"69034";"2";"9";"1";"2";"JEAN PETIT                          (CH)";"45,8078600";"4,8560600"
"202000004539";"9";"8";"2020";"20:56";"5";"2A";"2A004";"1";"1";"1";"1";"RICANTO ROUTE ET PLAGE";"41,9284900";"8,7707000"
"202000004540";"15";"5";"2020";"18:25";"1";"95";"95585";"2";"1";"1";"5";"REFUZNICKS (ROUTE DES)";"48,9844600";"2,3867000"
"202000004541";"17";"10";"2020";"11:30";"1";"84";"84035";"2";"1";"1";"6";"LIBERATION (AVENUE DE LA)";"43,8495100";"5,0373700"
"202000004542";"17";"11";"2020";"08:10";"2";"64";"64445";"2";"2";"1";"6";"LILAS DES";"43,3092400";" -0,3442000"
"202000004543";"24";"11";"2020";"10:15";"1";"11";"11262";"2";"1";"1";"7";"HUGO (QUAI ET PASSERELLE VICTOR)";"43,1816000";"3,0075900"
"202000004544";"24";"11";"2020";"02:30";"5";"11";"11262";"2";"1";"1";"3";"LECLERC (AVENUE DU GENERAL)";"43,1769833";"2,9942811"
"202000004545";"28";"12";"2020";"16:33";"1";"86";"86214";"2";"2";"1";"6";"Rue de la Chaume";"46,5545870";"0,3336430"
"202000004546";"8";"7";"2020";"09:52";"1";"976";"97611";"2";"1";"1";"1";"cavani-Rond point du Baobab";" -12,7851700";"45,2278600"
"202000004547";"21";"2";"2020";"13:25";"1";"976";"97611";"2";"1";"1";" -1";"kaweni-Poste ( rue de la )";" -12,7747400";"45,2228500"
"202000004548";"5";"12";"2020";"16:45";"1";"33";"33234";"2";"1";"2";"1";"Rue du Bourg";"44,7850730";" -0,4956350"
"202000004549";"12";"12";"2020";"08:54";"2";"69";"69275";"1";"1";"2";"6";"RN346  ";"45,7630000";"4,9850000"
"202000004550";"14";"12";"2020";"19:20";"5";"58";"58194";"2";"1";"1";"6";"LOURDES";"46,9915000";"3,1553000"
"202000004551";"4";"12";"2020";"13:20";"1";"92";"92051";"2";"9";"1";"6";"ROULE (AVENUE DU, N° 29 A 91 ET 30 A 86)";"48,8826440";"2,2768260"
"202000004552";"22";"12";"2020";"00:35";"3";"38";"38544";"1";"1";"2";"6";"A7";"45,5432900";"4,8519700"
"202000004553";"29";"10";"2020";"16:49";"1";"38";"38152";"2";"2";"1";"3";"D1085";"45,4986430";"5,3009410"
"202000004554";"23";"8";"2020";"07:00";"2";"13";"13215";"2";"9";"1";"6";"LYON (RUE DE)";"43,3330770";"5,3642570"
"202000004555";"23";"11";"2020";"08:35";"1";"11";"11262";"2";"1";"1";"7";"FRANCE (AVENUE ANATOLE)";"43,1839740";"2,9957560"
"202000004556";"1";"8";"2020";"10:38";"1";"976";"97611";"2";"1";"1";"3";"m'tsapere-M'tsapéré- M'tsangani ( rue )";" -12,7936400";"45,2192000"
"202000004557";"6";"7";"2020";"18:00";"1";"93";"93078";"1";"1";"1";"6";"SAUSSET (AVENUE DU)";"48,9632500";"2,5178600"
"202000004558";"26";"2";"2020";"18:30";"2";"93";"93048";"2";"1";"1";"3";"DOCTEUR FERNAND LAMAZE (AVENUE DU)";"48,8770469";"2,4510071"
"202000004559";"5";"2";"2020";"10:10";"1";"93";"93048";"2";"2";"8";"6";"FAIDHERBE (AVENUE)";"48,8659981";"2,4408710"
"202000004560";"21";"11";"2020";"14:45";"1";"33";"33063";"2";"3";"1";"3";"CRS D'ALBRET";"44,8372300";" -0,5812000"
"202000004561";"9";"6";"2020";"08:25";"1";"976";"97611";"2";"1";"1";"6";"kaweni-Caserne ( rue de la )";" -12,7756740";"45,2241520"
"202000004562";"12";"11";"2020";"08:40";"1";"95";"95252";"2";"1";"1";"6";"VERT DES GRATTES BOEUFS (CHEMIN)";"48,9912100";"2,2156600"
"202000004563";"19";"8";"2020";"12:20";"1";"84";"84007";"2";"1";"1";"2";"TRILLADE (avenue de la )";"43,9288000";"4,8208000"
"202000004564";"23";"8";"2020";"10:45";"1";"68";"68224";"2";"2";"1";"3";"ROMAINS (RUE DES)";"47,7734000";"7,3212000"
"202000004565";"25";"4";"2020";"23:18";"5";"63";"63113";"2";"1";"1";"6";"DORMOY (AVENUE MARX)";"45,7671571";"3,0820165"
"202000004566";"1";"6";"2020";"06:20";"1";"29";"29151";"2";"1";"1";"6";"Rampe Saint Nicolas";"48,5815600";" -3,8265200"
"202000004567";"22";"10";"2020";"17:14";"1";"05";"05061";"2";"1";"8";"6";"EMBRUN ( AVENUE D')";"44,5687460";"6,1001890"
"202000004568";"29";"8";"2020";"05:04";"5";"75";"75106";"2";"7";"1";"2";"QUAI DE CONTI";"48,8577670";"2,3368360"
"202000004569";"19";"8";"2020";"00:45";"5";"84";"84007";"2";"2";"1";"5";"C.De GAULLE (Rocade)";"43,9340400";"4,8315300"
"202000004570";"29";"11";"2020";"10:15";"1";"44";"44184";"2";"2";"7";"6";"RAMPE (PLACE DE LA)";"47,2724000";" -2,2002000"
"202000004571";"27";"10";"2020";"18:40";"2";"49";"49007";"2";"1";"1";"6";"LYCEE PLACE";"47,4671800";" -0,5449800"
"202000004572";"2";"3";"2020";"06:20";"3";"93";"93010";"2";"2";"2";"3";"AV GALLIENI / R JULES GUESDE";"48,9043000";"2,4729000"
"202000004573";"26";"2";"2020";"12:40";"1";"93";"93010";"2";"9";"3";"6";"AV HENRI BARBUSSE";"48,9018800";"2,4850300"
"202000004574";"27";"10";"2020";"18:30";"2";"69";"69266";"2";"1";"1";"3";"FREDERIC FAYS      (Rue)";"45,7637100";"4,9044400"
"202000004575";"17";"2";"2020";"07:20";"2";"26";"26057";"1";"1";"1";"1";"Route d'Alixan";"45,0029880";"5,0358470"
"202000004576";"27";"8";"2020";"21:25";"5";"27";"27375";"2";"1";"2";"6";"HAYE MALHERBE (ROUTE DE LA)";"49,2139100";"1,1411300"
"202000004577";"19";"8";"2020";"05:50";"3";"27";"27701";"1";"1";"1";"1";"ORMET (VOIE DE L')";"49,2402000";"1,2309000"
"202000004578";"15";"8";"2020";"01:10";"3";"27";"27375";"1";"1";"1";"7";"RD313";"49,2275600";"1,1561600"
"202000004579";"31";"7";"2020";"21:20";"1";"27";"27375";"2";"1";"1";"7";"MONTFORT (ROUTE DE)";"49,2127800";"1,1555900"
"202000004580";"26";"7";"2020";"07:38";"1";"67";"67482";"1";"1";"8";"6";"Autoroute A.351";"48,5848808";"7,7257705"
"202000004581";"18";"7";"2020";"19:00";"1";"27";"27375";"2";"6";"7";"2";"FOLLEVILLE (ROND POINT DE)";"49,2090000";"1,1803000"
"202000004582";"18";"7";"2020";"01:55";"5";"27";"27375";"2";"1";"1";"6";"BLERIOT (RUE LOUIS)";"49,2033500";"1,1874100"
"202000004583";"19";"6";"2020";"16:56";"1";"63";"63113";"2";"3";"1";"6";"BIEN ASSIS (RUE DE)";"45,7880806";"3,0956065"
"202000004584";"19";"12";"2020";"09:10";"1";"08";"08105";"2";"3";"1";"6";"BRONNERT BOULEVARD";"49,7640200";"4,6938800"
"202000004585";"18";"12";"2020";"15:15";"1";"41";"41046";"1";"1";"1";"7";"C1";"47,6187410";"1,9204400"
"202000004586";"18";"12";"2020";"15:45";"1";"86";"86066";"1";"9";"1";"2";"A10, PK 276+000";"46,8050860";"0,5133680"
"202000004587";"31";"12";"2020";"10:10";"1";"66";"66037";"2";"9";"1";"6";"52 Boulevard de Las Bigues";"42,7045870";"3,0197690"
"202000004588";"9";"6";"2020";"09:05";"1";"27";"27229";"2";"2";"1";"2";"MONNET (RUE JEAN)";"49,0339300";"1,1834900"
"202000004589";"11";"11";"2020";"14:35";"1";"976";"97611";"2";"1";"1";"3";"kaweni-Centrale EDM (rue de la )";" -12,7753800";"45,2232800"
"202000004590";"18";"1";"2020";"08:50";"2";"29";"29254";"2";"1";"1";"6";"Rue du Tunes";"48,5703385";" -3,8473730"
"202000004591";"17";"11";"2020";"17:40";"5";"27";"27229";"2";"9";"1";"6";"QUATORZE JUILLET (BOULEVARD)";"49,0065200";"1,1628900"
"202000004592";"24";"12";"2020";"12:20";"1";"43";"43157";"2";"1";"1";"3";"2 Avenue de la Dentelle";"45,0412727";"3,8884091"
"202000004593";"15";"12";"2020";"17:57";"4";"05";"05061";"2";"1";"2";"6";"SAGNIERES ( RUE DES )";"44,5512300";"6,0674600"
"202000004594";"4";"12";"2020";"18:00";"4";"92";"92078";"2";"5";"2";" -1";"MARC SANGNIER (AVENUE)";"48,9257470";"2,3267400"
"202000004595";"21";"12";"2020";"17:30";"4";"74";"74010";"2";"1";"3";"6";"Rte de la Roche sur Foron";"45,9336960";"6,1297010"
"202000004596";"17";"11";"2020";"06:30";"2";"69";"69081";"1";"1";"1";"3";"M6   449.510 A 451.640";"45,7826300";"4,7828500"
"202000004597";"3";"6";"2020";"11:40";"1";"62";"62291";"2";"1";"1";"6";"SCHAFFNER (R DU DOCTEUR )";"50,4196600";"2,8143800"
"202000004598";"29";"9";"2020";"20:40";"5";"84";"84007";"2";"2";"1";"3";"PIERRE SEMARD (avenue)";"43,9346800";"4,8316400"
"202000004599";"18";"12";"2020";"17:30";"2";"83";"83061";"2";"2";"1";"6";"AVENUE DE LATTRE DE TASSIGNY";"43,4324496";"6,7491567"
"202000004600";"30";"12";"2020";"14:30";"1";"72";"72181";"1";"1";"1";"2";"TOURS (RTE) LIGNE DROITE DES HUNAUDIERES";"47,9509300";"0,2304500"
"202000004601";"2";"12";"2020";"21:26";"5";"29";"29019";"2";"1";"1";"6";"Rue Albert Louppe";"48,4043126";" -4,4759423"
"202000004602";"27";"11";"2020";"15:45";"1";"95";"95428";"2";"1";"1";"2";"RUE DU TEMPLE";"48,9850500";"2,3186500"
"202000004603";"26";"11";"2020";"06:40";"2";"91";"91161";"2";"1";"1";"1";"RTE DE LONGJUMEAU";"48,7135800";"2,2980600"
"202000004604";"27";"11";"2020";"15:45";"1";"91";"91432";"1";"1";"1";"7";"RD 118";"48,7122000";"2,3517000"
"202000004605";"26";"11";"2020";"07:37";"2";"87";"87085";"2";"2";"1";"3";"BENEDICTINS (AVENUE DES)";"45,8326500";"1,2665600"
"202000004606";"27";"11";"2020";"15:20";"1";"82";"82121";"2";"3";"1";"6";"DOUMERC (BOULEVARD BLAISE)";"44,0122822";"1,3630520"
"202000004607";"27";"11";"2020";"07:45";"2";"79";"79191";"2";"2";"1";"3";"Rue Villechanoux";"46,3241900";" -0,4352100"
"202000004608";"26";"11";"2020";"08:24";"1";"78";"78646";"2";"2";"1";"3";"PARIS (AVENUE DE)";"48,7983600";"2,1536700"
"202000004609";"22";"11";"2020";"19:05";"3";"77";"77337";"1";"1";"1";"6";"D199-D499";"48,8456600";"2,6303300"
"202000004610";"25";"11";"2020";"18:45";"2";"77";"77288";"2";"2";"1";"1";"COTY (RUE RENE)";"48,5511330";"2,6496340"
"202000004611";"27";"11";"2020";"06:20";"5";"76";"76305";"2";"1";"2";"1";"MARCEL LE MIGNOT (AVENUE)";"49,5011303";"0,2189707"
"202000004612";"26";"11";"2020";"15:30";"1";"76";"76351";"2";"3";"1";"3";"FELIX FAURE";"49,5002070";"0,1041340"
"202000004613";"27";"11";"2020";"07:10";"5";"69";"69256";"2";"3";"1";"3";"PAUL MARCELLIN                      (AV)";"45,7738400";"4,9323800"
"202000004614";"27";"11";"2020";"15:10";"2";"69";"69264";"2";"2";"1";"6";"FERRY JULES  R";"45,9822000";"4,7350100"
"202000004615";"26";"11";"2020";"21:57";"5";"66";"66136";"2";"1";"2";"6";"R D 900";"42,6784400";"2,8805600"
"202000004616";"27";"11";"2020";"17:10";"1";"64";"64445";"2";"5";"1";"3";"EDOUARD HERRIOT";"43,3042900";" -0,3799000"
"202000004617";"27";"11";"2020";"07:20";"5";"64";"64445";"2";"3";"1";"1";"TRESPOEY DE";"43,2990700";" -0,3551400"
"202000004618";"26";"11";"2020";"14:22";"1";"64";"64122";"2";"1";"1";"7";"ESTAGNAS (RUE DE L')";"43,4840300";" -1,5429800"
"202000004619";"27";"11";"2020";"13:00";"1";"64";"64102";"2";"1";"1";"6";"Rue Louis Seguin";"43,4842600";" -1,4998800"
"202000004620";"27";"11";"2020";"08:30";"1";"64";"64102";"2";"1";"1";"4";"HENRI DE NAVARRE (AVENUE)";"43,4978700";" -1,4487600"
"202000004621";"25";"11";"2020";"07:25";"5";"63";"63113";"2";"5";"1";"2";"JAURES (BD JEAN)";"45,7678000";"3,0818400"
"202000004622";"24";"11";"2020";"18:45";"3";"56";"56260";"1";"1";"1";"6";"Kerdogan";"47,6873000";" -2,7664600"
"202000004623";"26";"11";"2020";"17:00";"1";"56";"56121";"2";"2";"1";"3";"JOFFRE ( BD MARECHAL )";"47,7522600";" -3,3630000"
"202000004624";"26";"11";"2020";"13:10";"1";"54";"54184";"2";"1";"1";"6";"FALLEE (RUE DE LA)";"48,7109800";"6,2226500"
"202000004625";"26";"11";"2020";"17:03";"2";"51";"51108";"2";"1";"1";"7";"Rue Jean Jaurès";"48,9546522";"4,3526555"