"Num_Acc";"jour";"mois";"an";"hrmn";"lum";"dep";"com";"agg";"int";"atm";"col";"adr";"lat";"long"
"202000004626";"26";"11";"2020";"18:40";"5";"50";"50147";"2";"2";"1";"3";"DE LA MARE";"49,0622900";" -1,4283500"
"202000004627";"27";"11";"2020";"05:35";"3";"50";"50416";"1";"1";"1";"6";"CD 901";"49,6492300";" -1,7178300"
"202000004628";"26";"11";"2020";"08:45";"1";"49";"49015";"2";"1";"1";"3";"SCHWALBACH PLACE";"47,5041600";" -0,6019000"
"202000004629";"27";"11";"2020";"08:00";"2";"47";"47323";"1";"9";"1";"1";"PRADAL";"44,4460900";"0,7392900"
"202000004630";"27";"11";"2020";"15:00";"1";"45";"45234";"2";"3";"1";"6";"Avenue de la Liberation";"47,9209100";"1,9023200"
"202000004631";"27";"11";"2020";"18:03";"5";"41";"41018";"2";"3";"1";"1";"BESNARD (QUAI ULYSSE)";"47,5781000";"1,3211100"
"202000004632";"27";"11";"2020";"16:15";"1";"37";"37122";"2";"1";"1";"2";"JAURES (BOULEVARD JEAN)";"47,3479954";"0,6577455"
"202000004633";"27";"11";"2020";"15:15";"1";"37";"37261";"2";"2";"1";" -1";"GRAMMONT (AVENUE DE)";"47,3871506";"0,6900138"
"202000004634";"24";"11";"2020";"18:01";"2";"37";"37261";"2";"2";"1";" -1";"CHAPELLE (RUE DE LA)";"47,4200957";"0,6997246"
"202000004635";"27";"11";"2020";"11:00";"1";"35";"35238";"1";"1";"1";"4";"PORTE ALMA";"48,0803100";" -1,6778100"
"202000004636";"27";"11";"2020";"08:10";"4";"35";"35238";"2";"2";"1";"3";"VANEAU";"48,1085900";" -1,6929700"
"202000004637";"27";"11";"2020";"14:00";"1";"33";"33550";"2";"6";"1";"3";"RUE RAYMOND BIERGE";"44,7726700";" -0,5768200"
"202000004638";"11";"11";"2020";"02:53";"4";"33";"33550";"2";"1";"1";"6";"RTE DE TOULOUSE";"44,7885700";" -0,5667600"
"202000004639";"27";"11";"2020";"14:30";"1";"32";"32013";"1";"1";"1";"3";"ROGER SALENGRO";"43,6694800";"0,5998900"
"202000004640";"26";"11";"2020";"17:45";"4";"31";"31555";"1";"1";"1";"4";"VA001490 A621";"43,6217700";"1,4013500"
"202000004641";"26";"11";"2020";"14:00";"1";"31";"31555";"1";"1";"1";"2";"VA007331 A620";"43,6386500";"1,4215500"
"202000004642";"27";"11";"2020";"13:20";"1";"31";"31483";"1";"1";"1";"6";"3978 Route de la Serre de Cazaux";"43,1466200";"0,7423500"
"202000004643";"26";"11";"2020";"07:45";"2";"30";"30189";"2";"2";"1";"3";"CAPOUCHINE (CHEMIN)";"43,8168600";"4,3530400"
"202000004644";"27";"11";"2020";"04:50";"5";"26";"26198";"2";"2";"1";"3";"4 Allée Paul Lattard";"44,5552200";"4,7225700"
"202000004645";"25";"11";"2020";"07:35";"3";"22";"22187";"1";"3";"1";"3";"VERDUN (rue de )";"48,5441369";" -2,7844387"
"202000004646";"27";"11";"2020";"11:40";"1";"17";"17300";"2";"6";"1";"2";"VERDIER   BOULEVARD ARTHUR";"46,1616000";" -1,1398500"
"202000004647";"27";"11";"2020";"16:45";"1";"13";"13213";"2";"1";"1";"5";"OLIVES (AVENUE DES)";"43,3262980";"5,4390760"
"202000004648";"26";"11";"2020";"12:00";"1";"13";"13002";"2";"1";"1";"2";"7 RMENT DE TIRAILLEURS ALGERIENS (AVENUE";"43,3383900";"5,4673700"
"202000004649";"27";"11";"2020";"20:45";"5";"13";"13047";"2";"3";"1";"3";"RAYMOND FILIPPI AVENUE";"43,4966500";"4,9810100"
"202000004650";"27";"11";"2020";"08:00";"2";"13";"13005";"2";"5";"1";"5";"SOLLANS (CHEMIN DES)";"43,3054600";"5,5725700"
"202000004651";"27";"11";"2020";"08:55";"1";"06";"06088";"2";"1";"1";"7";"LYAUTEY (AV. DU MAL)";"43,7144167";"7,2821939"
"202000004652";"25";"11";"2020";"12:00";"1";"06";"06069";"2";"1";"1";"3";"ROUQUIER (BOULEVARD EMMANUEL)";"43,6436540";"6,9419490"
"202000004653";"27";"11";"2020";"09:30";"1";"06";"06155";"2";"2";"1";"3";"COURCETTES AV.ET CH.DES";"43,5726800";"7,0790800"
"202000004654";"27";"11";"2020";"21:15";"5";"75";"75114";"2";"4";"1";"6";"BOULEVARD PERIPHERIQUE";"48,8193130";"2,3287300"
"202000004655";"26";"11";"2020";"08:25";"1";"75";"75119";"2";"1";"1";"3";"BOULEVARD PERIPHERIQUE";"48,8835000";"2,3999450"
"202000004656";"26";"11";"2020";"11:54";"1";"75";"75113";"2";"2";"1";"3";"BOULEVARD ARAGO";"48,8349410";"2,3449850"
"202000004657";"27";"11";"2020";"10:20";"1";"75";"75114";"2";"2";"1";"3";"RUE JULIA BARTET";"48,8250100";"2,3021510"
"202000004658";"27";"11";"2020";"17:20";"5";"75";"75120";"2";"3";"1";"6";"BOULEVARD DE MENILMONTANT";"48,8660400";"2,3840070"
"202000004659";"27";"11";"2020";"12:00";"1";"75";"75119";"2";"2";"1";"2";"AVENUE DE LA PORTE D AUBERVILLIERS";"48,8987440";"2,3711140"
"202000004660";"27";"11";"2020";"10:53";"1";"75";"75119";"2";"1";"1";"3";"BOULEVARD D INDOCHINE";"48,8856190";"2,3964950"
"202000004661";"26";"11";"2020";"07:15";"2";"75";"75118";"2";"2";"1";"6";"AVENUE DE LA PORTE DE SAINT OUEN";"48,8990280";"2,3294710"
"202000004662";"27";"11";"2020";"11:10";"1";"75";"75115";"2";"1";"1";"4";"RUE DE LA CONVENTION";"48,8371030";"2,2968460"
"202000004663";"27";"11";"2020";"10:20";"1";"75";"75113";"2";"1";"1";"6";"QUAI D AUSTERLITZ";"48,8431590";"2,3662320"
"202000004664";"27";"11";"2020";"22:30";"5";"75";"75104";"2";"1";"1";"7";"VOIE GEORGES POMPIDOU";"48,8504840";"2,3611380"
"202000004665";"27";"11";"2020";"20:08";"5";"75";"75102";"2";"2";"1";"3";"RUE DE RICHELIEU";"48,8688870";"2,3385600"
"202000004666";"27";"11";"2020";"16:00";"1";"94";"94080";"2";"2";"1";"6";"FONTENAY (R DE)";"48,8400000";"2,4200000"
"202000004667";"27";"11";"2020";"16:15";"2";"94";"94068";"2";"2";"1";"6";"VOLTAIRE (BD)";"48,7919300";"2,5128300"
"202000004668";"27";"11";"2020";"10:20";"1";"94";"94041";"2";"5";"1";"2";"VERDUN (AV DE)";"48,8129400";"2,3708200"
"202000004669";"26";"11";"2020";"19:15";"5";"94";"94033";"2";"2";"1";"3";"Avenue de la République & Rue du Ruisseau";"48,8525400";"2,4652600"
"202000004670";"25";"11";"2020";"13:00";"1";"94";"94011";"2";"1";"1";"6";"DIX NEUF MARS 1962(R DU)";"48,7665000";"2,4899000"
"202000004671";"25";"11";"2020";"22:30";"5";"93";"93066";"2";"1";"1";"3";"LIBERATION RD14 (BOULEVARD)";"48,9253000";"2,3421100"
"202000004672";"27";"11";"2020";"10:41";"1";"93";"93077";"2";"2";"1";"3";"ALL DE LA TOUR / AV FRANKLIN";"48,8974200";"2,5028500"
"202000004673";"26";"11";"2020";"17:30";"5";"93";"93032";"2";"2";"1";"3";"AV DES CHARMILLES / AV DES BLEUETS";"48,8894200";"2,5483800"
"202000004674";"27";"11";"2020";"17:10";"2";"93";"93079";"2";"3";"1";"3";"SAINT LEU (ROUTE)";"48,9502259";"2,3406438"
"202000004675";"27";"11";"2020";"12:40";"1";"93";"93027";"2";"2";"1";"3";"CACHIN (AVENUE MARCEL)";"48,9291700";"2,3965800"
"202000004676";"27";"11";"2020";"06:50";"5";"93";"93047";"2";"9";"1";"2";"BD BARGUE";"48,9028900";"2,5619300"
"202000004677";"27";"11";"2020";"12:20";"1";"92";"92033";"2";"1";"1";"6";"RAYMOND POINCARE";"48,8383055";"2,1836573"
"202000004678";"27";"11";"2020";"17:10";"3";"92";"92040";"2";"1";"1";"7";"GARIBALDI (BOULEVARD)";"48,8251350";"2,2619410"
"202000004679";"27";"11";"2020";"18:15";"5";"92";"92019";"2";"1";"1";" -1";"DIVISION LECLERC (AVENUE DE LA)";"48,7647537";"2,2655131"
"202000004680";"25";"11";"2020";"18:35";"3";"92";"92012";"2";"9";"1";"3";"REINE (ROUTE DE LA) 82/FIN - 107TER/FIN";"48,8398900";"2,2378400"
"202000004681";"25";"11";"2020";"15:05";"1";"92";"92012";"2";"9";"1";"6";"EDOUARD VAILLANT (AVENUE) 57/FIN - 58/FI";"48,8350125";"2,2476033"
"202000004682";"27";"11";"2020";"16:00";"1";"08";"08145";"1";"1";"1";"1";"D964";"49,6429010";"5,0506210"
"202000004683";"27";"11";"2020";"19:15";"3";"34";"34089";"1";"1";"2";"1";"D37e3";"43,3666660";"3,0064720"
"202000004684";"22";"11";"2020";"18:25";"3";"17";"17310";"1";"1";"1";"1";"Route de Mortagne";"45,5801810";" -0,7418670"
"202000004685";"28";"11";"2020";"23:40";"3";"974";"97404";"2";"1";"1";"6";"Avenue Octave Bénard";" -21,2580460";"55,3305660"
"202000004686";"28";"11";"2020";"13:00";"1";"67";"67489";"1";"1";"8";"6";"D702";"48,7004050";"7,3507660"
"202000004687";"27";"11";"2020";"01:15";"3";"51";"51559";"2";"1";"1";"7";"Quai de la Carpiere";"49,1300126";"4,5351922"
"202000004688";"27";"11";"2020";"16:40";"1";"36";"36200";"1";"1";"1";"2";"N/A";"46,6151340";"1,5367980"
"202000004689";"27";"11";"2020";"20:39";"3";"51";"51323";"1";"1";"1";"2";"N4";"48,7229300";"3,8062058"
"202000004690";"27";"11";"2020";"17:50";"3";"67";"67040";"1";"1";"1";"6";"D211 de Bindernheim à Diebolsheim";"48,2829290";"7,6362920"
"202000004691";"28";"11";"2020";"14:55";"1";"76";"76255";"1";"1";"1";"7";"D925";"50,0600800";"1,4185450"
"202000004692";"10";"11";"2020";"18:15";"3";"61";"61100";"1";"1";"1";"6";"D930";"48,7142350";"0,6193650"
"202000004693";"28";"11";"2020";"13:15";"1";"61";"61211";"2";"2";"1";"5";"Rue de Melleray la Vallee";"48,4868640";" -0,5803120"
"202000004694";"28";"11";"2020";"15:27";"1";"46";"46307";"1";"3";"7";"3";"D811";"44,4986940";"1,0481160"
"202000004695";"27";"11";"2020";"12:30";"1";"46";"46136";"1";"1";"1";"1";"Départementale 811";"44,5116240";"1,2568510"
"202000004696";"1";"11";"2020";"21:15";"3";"39";"39013";"1";"1";"1";"1";"N/A";"46,8981790";"5,7843450"
"202000004697";"28";"11";"2020";"09:30";"1";"29";"29105";"2";"2";"1";"6";"D32 - Boulevard de la République";"48,5048180";" -4,0901230"
"202000004698";"27";"11";"2020";"19:25";"3";"29";"29056";"1";"1";"2";"7";"D712 - Proche Fessiou";"48,4445750";" -4,2965980"
"202000004699";"28";"11";"2020";"13:10";"1";"03";"03040";"1";"1";"1";"7";"N/A";"46,5250656";"3,2886446"
"202000004700";"27";"11";"2020";"09:45";"1";"15";"15142";"1";"3";"1";"3";"D921";"44,9285920";"2,9980440"
"202000004701";"25";"11";"2020";"14:30";"1";"26";"26005";"2";"3";"1";"1";"3 Route de Malataverne";"44,4992260";"4,7863810"
"202000004702";"28";"11";"2020";"07:30";"1";"26";"26166";"2";"6";"1";"3";"140 Avenue de la République";"44,7493930";"4,8188350"
"202000004703";"9";"10";"2020";"16:00";"1";"06";"06079";"2";"9";"1";"1";"567 Avenue Janvier Passero";"43,5513050";"6,9377370"
"202000004704";"27";"11";"2020";"21:30";"3";"50";"50425";"1";"1";"5";"6";"La Cailleterie";"49,5244530";" -1,6407880"
"202000004705";"28";"11";"2020";"15:50";"1";"83";"83084";"1";"1";"1";"7";"D13";"43,6664130";"6,0564280"
"202000004706";"28";"11";"2020";"09:00";"1";"60";"60292";"2";"4";"1";"3";"Rue du 4eme Ric";"49,5697790";"2,7989510"
"202000004707";"27";"11";"2020";"19:00";"3";"64";"64495";"1";"1";"1";"1";"RD 855";"43,3835930";" -1,5654660"
"202000004708";"28";"11";"2020";"15:00";"1";"64";"64086";"1";"1";"1";"6";"rd 10";"43,4061673";" -1,2660563"
"202000004709";"27";"11";"2020";"12:22";"1";"21";"21003";"2";"1";"1";"6";"6 Grande Rue";"47,3689470";"5,0229940"
"202000004710";"28";"11";"2020";"16:40";"1";"24";"24067";"1";"1";"1";"2";"avenue de la Gare RD703";"44,9070080";"0,9435150"
"202000004711";"28";"11";"2020";"03:30";"3";"28";"28259";"1";"1";"5";"7";"D359.5";"48,2403490";"1,4275040"
"202000004712";"28";"11";"2020";"07:30";"1";"987";"98734";"1";"1";"1";"1";"PK 31+800 RT1";" -17,7233790";" -149,5057300"
"202000004713";"28";"11";"2020";"10:45";"1";"67";"67152";"2";"6";"8";"3";"Rue de la Porte-basse";"48,5167390";"7,6543330"
"202000004714";"28";"11";"2020";"15:06";"1";"74";"74010";"2";"1";"1";"3";"Avenue d'Aix-les-bains (Seynod)";"45,8843170";"6,0994510"
"202000004715";"28";"11";"2020";"17:10";"3";"51";"51015";"1";"1";"1";"7";"A4";"49,0751065";"4,8460074"
"202000004716";"28";"11";"2020";"10:50";"1";"974";"97415";"1";"1";"1";"2";"Route du Théâtre";" -21,0447530";"55,2298700"
"202000004717";"28";"11";"2020";"19:30";"3";"974";"97408";"1";"1";"1";" -1";"Route du Littoral (Pont)";" -20,9389010";"55,3299330"
"202000004718";"28";"11";"2020";"08:15";"1";"91";"91338";"2";"1";"1";"6";"Route d'Arpajon";"48,6422250";"2,0882180"
"202000004719";"27";"11";"2020";"16:20";"1";"08";"08328";"2";"1";"1";"6";"2 Rue Jean Jaurès";"49,8132340";"4,7439440"
"202000004720";"26";"11";"2020";"07:15";"2";"88";"88251";"1";"1";"9";"1";"D32";"48,3219460";"6,7673850"
"202000004721";"28";"11";"2020";"11:50";"1";"01";"01043";"2";"6";"1";"3";"rond point de la cotière - RD 1084 A";"45,8332730";"4,9932860"
"202000004722";"27";"11";"2020";"22:00";"3";"33";"33417";"1";"1";"1";"7";"Route des Landes";"44,9487800";" -0,9056370"
"202000004723";"28";"11";"2020";"12:20";"1";"85";"85189";"1";"3";"7";"3";"D32 intersection chemin des brenettes";"46,7683500";" -1,8740300"
"202000004724";"27";"11";"2020";"07:30";"3";"14";"14228";"1";"6";"1";"6";"D7";"49,2755150";" -0,3783950"
"202000004725";"28";"11";"2020";"15:10";"1";"60";"60395";"1";"1";"1";"6";"D129";"49,2515320";"2,1170140"
"202000004726";"27";"11";"2020";"17:00";"3";"13";"13215";"1";"1";"1";"4";"A7-Sens Lyon vers Marseille";"43,3687056";"5,3608211"
"202000004727";"27";"11";"2020";"02:50";"3";"13";"13071";"1";"9";"1";"6";"A7-Sens Marseille vers Lyon";"43,4065100";"5,3306700"
"202000004728";"25";"11";"2020";"10:27";"1";"13";"13071";"1";"1";"8";"2";"A5501G-Sens Mlle Vieux Port vers A7-Lyon";"43,4035900";"5,2986900"
"202000004729";"25";"11";"2020";"20:20";"3";"83";"83027";"1";"1";"1";"6";"A50";"43,1645020";"5,7669980"
"202000004730";"26";"11";"2020";"18:45";"5";"69";"69081";"1";"1";"1";"2";"M6   449.510 A 451.640";"45,7826000";"4,7825000"
"202000004731";"16";"11";"2020";"15:55";"1";"69";"69009";"1";"1";"1";"3";"A6   428.880 A 431.800";"45,9427600";"4,7197600"
"202000004732";"27";"11";"2020";"20:55";"5";"33";"33397";"1";"1";"1";"2";"AUTOROUTE A 10";"44,9226400";" -0,4741900"
"202000004733";"27";"11";"2020";"16:15";"1";"33";"33013";"1";"1";"1";"4";"ROUTE NATIONALE 230";"44,8479700";" -0,5030300"
"202000004734";"25";"11";"2020";"09:10";"1";"33";"33192";"1";"1";"1";"5";"ROCADE A 630";"44,7894400";" -0,6194100"
"202000004735";"24";"11";"2020";"13:20";"1";"33";"33192";"1";"1";"1";"4";"ROCADE A 630";"44,7899200";" -0,6063700"
"202000004736";"27";"11";"2020";"10:41";"1";"92";"92050";"1";"1";"1";"7";"A14";"48,8979361";"2,2180957"
"202000004737";"26";"11";"2020";"13:00";"1";"93";"93066";"1";"1";"1";"4";"AUTOROUTE A1";"48,9217313";"2,3573491"
"202000004738";"26";"11";"2020";"08:10";"2";"93";"93027";"1";"1";"1";"2";"AUTOROUTE A86";"48,9278605";"2,4095752"
"202000004739";"26";"11";"2020";"18:10";"5";"973";"97302";"2";"9";"1";"5";"BADUEL (ROUTE DE)";"4,9292157";" -52,3024750"
"202000004740";"26";"11";"2020";"17:20";"1";"973";"97302";"1";"1";"1";"2";"ROUTE NATIONALE 1";"4,9267786";" -52,3289108"
"202000004741";"25";"11";"2020";"23:45";"5";"973";"97302";"2";"1";"1";"1";"MADELEINE (ROUTE DE LA)";"4,9227100";" -52,3235000"
"202000004742";"25";"11";"2020";"11:40";"1";"69";"69259";"2";"1";"1";"2";"PARILLY (DE)                        (BD)";"45,7149400";"4,9060400"
"202000004743";"25";"11";"2020";"10:55";"1";"972";"97209";"2";"1";"1";"1";"CHATEAUBOEUF (ROUTE DE)";"14,6331956";" -61,0359192"
"202000004744";"25";"11";"2020";"12:15";"1";"69";"69149";"2";"1";"1";"6";"EMILE ZOLA                          (BD)";"45,7197733";"4,8000587"
"202000004745";"26";"11";"2020";"16:45";"2";"2B";"2B033";"2";"1";"1";"5";"11 - RT";"42,6876600";"9,4468900"
"202000004746";"26";"11";"2020";"09:19";"1";"971";"97101";"1";"1";"1";"2";"RN1-  HAUTEUR DE SORTIE LAURICISQUE";"16,2540600";" -61,5378500"
"202000004747";"26";"11";"2020";"10:15";"1";"95";"95585";"2";"6";"1";"2";"19 MARS 1962 (PLACE DU)";"48,9826086";"2,3704778"
"202000004748";"24";"11";"2020";"14:50";"1";"91";"91425";"2";"3";"1";"1";"RUE DES MOULINS";"48,6300700";"2,2794100"
"202000004749";"20";"11";"2020";"07:33";"5";"91";"91339";"1";"9";"1";"3";"RTE NATIONALE 20";"48,6288100";"2,2627600"
"202000004750";"19";"11";"2020";"10:20";"1";"91";"91103";"2";"1";"1";"3";"RUE MARYSE BASTIE";"48,6030100";"2,3095900"
"202000004751";"26";"11";"2020";"09:20";"1";"91";"91161";"2";"1";"1";"3";"AV PIERRE BROSSOLETTE";"48,7001000";"2,3075000"
"202000004752";"21";"11";"2020";"14:33";"1";"91";"91228";"2";"3";"1";"3";"RUE CLAUDE DEBUSSY";"48,6277100";"2,4470300"
"202000004753";"26";"11";"2020";"10:20";"1";"82";"82121";"2";"6";"1";"3";"Giratoire Chantilly/Ardus ";"44,0342680";"1,3533350"
"202000004754";"17";"11";"2020";"10:30";"1";"78";"78311";"2";"3";"1";"2";"JEAN JAURES (BOULEVARD) - COTE PAIR";"48,9198620";"2,1915750"
"202000004755";"26";"11";"2020";"13:55";"1";"78";"78440";"2";"2";"1";"3";"PAUL CURIEN (RUE)";"48,9935160";"1,9015540"
"202000004756";"26";"11";"2020";"08:40";"1";"78";"78638";"2";"1";"5";" -1";"CHATEAU (RUE DU)";"49,0092070";"1,9563480"
"202000004757";"22";"11";"2020";"16:25";"1";"77";"77131";"2";"6";"1";"1";"D402";"48,7968460";"3,0740580"
"202000004758";"25";"11";"2020";"07:30";"5";"71";"71270";"2";"1";"1";"6";"SANCE (RUE DE)";"46,3182270";"4,8329721"
"202000004759";"25";"11";"2020";"18:00";"5";"69";"69290";"2";"2";"1";"6";"JULES FERRY                         (R )";"45,6941752";"4,9462209"
"202000004760";"26";"11";"2020";"09:00";"1";"66";"66136";"2";"1";"2";"6";"KENNEDY (BD JOHN-FITZGERALD)";"42,6869000";"2,9064600"
"202000004761";"24";"11";"2020";"19:40";"5";"66";"66136";"2";"1";"1";"3";"GRANDE BRETAGNE (AVENUE DE)";"42,6997000";"2,8893500"
"202000004762";"25";"11";"2020";"21:00";"5";"64";"64024";"2";"1";"1";"1";"CHEMIN DU BUSQUET";"43,4827183";" -1,5029280"
"202000004763";"26";"11";"2020";"21:00";"5";"62";"62160";"2";"1";"1";"6";"DUTERTRE (Rue)";"50,7269200";"1,6096900"
"202000004764";"21";"11";"2020";"19:45";"5";"62";"62764";"2";"9";"1";"3";"MEDIOLANAISE ";"50,3049220";"2,7904250"
"202000004765";"26";"11";"2020";"02:10";"5";"59";"59324";"1";"1";"1";"6";"VOIE RAPIDE JEUMONT / MAUBEUGE";"50,3060800";"4,0878800"
"202000004766";"26";"11";"2020";"18:35";"5";"59";"59378";"2";"3";"1";"3";"MARNE AVENUE DE LA";"50,6662000";"3,1034500"
"202000004767";"24";"11";"2020";"17:35";"5";"56";"56121";"2";"2";"1";"3";"NORMANDIE ( BD ET IMP DE )";"47,7575400";" -3,3715700"
"202000004768";"25";"11";"2020";"17:20";"5";"54";"54304";"2";"6";"1";"3";"RESISTANCE (AV. DE LA -PAIR-)";"48,6946000";"6,1378000"
"202000004769";"26";"11";"2020";"09:10";"1";"51";"51454";"2";"1";"1";"2";"Avenue de Champagne";"49,2208932";"4,0220267"
"202000004770";"26";"11";"2020";"09:25";"1";"51";"51573";"2";"1";"1";"4";"Rue de l’Egalité";"49,2538448";"4,0112169"
"202000004771";"25";"11";"2020";"05:12";"3";"44";"44055";"1";"1";"2";" -1";"D 47";"47,3008800";" -2,3031200"
"202000004772";"19";"11";"2020";"14:20";"1";"44";"44069";"2";"1";"1";"7";"Avenue des Noëlles";"47,2935600";" -2,3917600"
"202000004773";"26";"11";"2020";"13:55";"1";"38";"38151";"2";"6";"1";"3";"Avenue Edmond Esmonin";"45,1599000";"5,7210000"
"202000004774";"26";"11";"2020";"16:41";"1";"37";"37214";"2";"3";"1";"7";"DE GAULLE (BD CHARLES)";"47,4324680";"0,6416967"
"202000004775";"26";"11";"2020";"13:16";"1";"37";"37261";"2";"2";"1";"3";"MALRAUX (QUAI ANDRE)";"47,3975081";"0,6994522"
"202000004776";"6";"11";"2020";"18:40";"5";"36";"36063";"1";"1";"1";"6";"N/A";"46,8200100";"1,7374000"
"202000004777";"26";"11";"2020";"07:05";"5";"34";"34172";"2";"1";"2";"6";"TANNEURS (QUAI DES)";"43,6166100";"3,8741000"
"202000004778";"26";"11";"2020";"10:30";"1";"31";"31555";"2";"9";"1";"6";"AV DES CHARMETTES";"43,5884000";"1,4762700"
"202000004779";"26";"11";"2020";"12:00";"1";"30";"30028";"2";"4";"1";"2";"LEON BLUM (AVENUE)";"44,1638400";"4,6176100"
"202000004780";"25";"11";"2020";"19:25";"3";"29";"29039";"1";"2";"2";"2";"D783 - Beuzec";"47,8812200";" -3,9095800"
"202000004781";"21";"11";"2020";"10:35";"1";"24";"24037";"1";"1";"5";"1";"D709 (Rte de Mussidan)";"44,8744000";"0,4552100"
"202000004782";"13";"11";"2020";"13:50";"1";"22";"22278";"2";"6";"1";"6";"PROUST (MARCEL)";"48,4976300";" -2,7517900"
"202000004783";"26";"11";"2020";"15:45";"1";"18";"18279";"2";"1";"1";"3";"MARS 1962 (AVE DU 19)";"47,2387600";"2,0900900"
"202000004784";"26";"11";"2020";"08:00";"2";"18";"18279";"2";"9";"1";"3";"BRISSON APRES PONT SNCF";"47,2282000";"2,0612500"
"202000004785";"26";"11";"2020";"16:55";"1";"17";"17300";"2";"2";"1";"6";"COLIGNY   AVENUE";"46,1597500";" -1,1658000"
"202000004786";"26";"11";"2020";"08:55";"1";"14";"14701";"1";"1";"5";"7";"LE SOLIER (LIEU DIT)";"49,3285300";"0,0626100"
"202000004787";"12";"11";"2020";"16:15";"1";"14";"14117";"2";"2";"1";"3";"ALEXANDRE PIAT (AVENUE)";"49,2893200";" -0,1130700"
"202000004788";"26";"11";"2020";"11:15";"1";"13";"13213";"2";"1";"1";"6";"FRAIS VALLON (AVENUE)";"43,3254370";"5,4295250"
"202000004789";"26";"11";"2020";"09:20";"1";"13";"13208";"2";"1";"1";"3";"ANDRE ZENATTI (AVENUE)";"43,2458700";"5,3906400"
"202000004790";"25";"11";"2020";"20:15";"5";"13";"13215";"2";"1";"1";"3";"SAINT ANTOINE A SAINT JOSEPH (CHEMIN DE)";"43,3603100";"5,3638800"
"202000004791";"25";"11";"2020";"20:00";"5";"13";"13205";"2";"3";"1";"3";"LOUIS ASTRUC (RUE)";"43,2939660";"5,3957860"
"202000004792";"25";"11";"2020";"19:30";"5";"13";"13201";"2";"3";"1";"3";"CANEBIERE     70 A FIN";"43,2983340";"5,3832130"
"202000004793";"25";"11";"2020";"08:10";"1";"13";"13205";"2";"1";"1";"2";"EUGENE PIERRE (BOULEVARD)";"43,2971820";"5,3678630"
"202000004794";"24";"11";"2020";"18:50";"5";"13";"13202";"2";"2";"1";" -1";"FORBIN (RUE DE)";"43,3053200";"5,3694200"
"202000004795";"25";"11";"2020";"19:20";"5";"13";"13001";"2";"2";"1";"3";"EUROPE (AV)";"43,5240300";"5,4333900"
"202000004796";"24";"11";"2020";"16:35";"1";"12";"12202";"2";"6";"1";"2";"DURAND DEGROS (AVENUE)";"44,3567600";"2,5809200"
"202000004797";"15";"5";"2020";"02:44";"3";"25";"25623";"1";"1";"1";"6";"D20";"47,2177170";"6,4221100"
"202000004798";"20";"5";"2020";"03:20";"3";"31";"31034";"1";"1";"1";"6";"D52";"43,1721340";"0,8977570"
"202000004799";"19";"5";"2020";"19:00";"1";"26";"26099";"1";"9";"6";"3";"Route de Montsegur";"44,3841820";"4,8968300"
"202000004800";"19";"5";"2020";"16:15";"1";"58";"58095";"2";"1";"1";"3";"D978a";"46,8181530";"3,4506940"
"202000004801";"19";"5";"2020";"22:00";"3";"72";"72190";"1";"1";"1";"7";"route départementale 40";"47,9097840";"0,7628630"
"202000004802";"20";"5";"2020";"13:15";"1";"06";"06071";"1";"1";"7";"6";"D2202 PR 040+ 010 direction DALUIS";"44,0445990";"6,8412210"
"202000004803";"20";"5";"2020";"07:05";"1";"06";"06132";"1";"1";"1";"3";"D138";"43,9816820";"7,5455970"
"202000004804";"20";"5";"2020";"17:00";"1";"50";"50178";"1";"1";"1";"5";"Le Pied Sablon";"49,6792420";" -1,4690440"
"202000004805";"13";"5";"2020";"16:30";"1";"50";"50484";"1";"1";"1";"6";"Le Grand Chemin St-martin (Saint-Martin-de-Landelles)";"48,5458010";" -1,2024930"
"202000004806";"19";"5";"2020";"15:55";"1";"45";"45146";"1";"1";"1";"7";"75 Route des Boistards";"47,7414590";"1,9515860"
"202000004807";"17";"5";"2020";"19:45";"1";"21";"21127";"1";"1";"1";"7";"D3B";"47,4619750";"5,0852110"
"202000004808";"20";"5";"2020";"12:50";"1";"40";"40284";"2";"2";"1";"1";"Avenue d'Aspremont";"43,6602890";" -1,3011480"
"202000004809";"20";"5";"2020";"02:45";"5";"27";"27045";"2";"1";"1";"7";"12 Route de Sainte Marie";"49,3376910";"1,7670170"
"202000004810";"20";"5";"2020";"12:00";"1";"27";"27383";"1";"3";"7";"2";"RD 926";"48,7441130";"0,8427930"
"202000004811";"18";"5";"2020";"18:40";"1";"87";"87034";"1";"1";"1";"6";"D699";"45,7296640";"0,9445550"
"202000004812";"19";"5";"2020";"19:45";"1";"37";"37179";"2";"1";"1";"7";"Les Boissières";"47,4345785";"0,7375297"
"202000004813";"19";"5";"2020";"18:30";"1";"48";"48178";"2";"1";"1";"6";"Saint-Privat-de-Vallongue";"44,2780620";"3,8338850"
"202000004814";"20";"5";"2020";"01:00";"4";"52";"52194";"2";"1";"1";"6";"39 rue de la gare";"48,5822680";"5,0453690"
"202000004815";"19";"5";"2020";"18:35";"1";"52";"52250";"2";"1";"1";"2";"15 Avenue de la Marne";"48,4477990";"5,1419500"
"202000004816";"19";"5";"2020";"16:20";"1";"52";"52092";"1";"1";"1";"7";"route départementale 20";"47,6713620";"5,1396490"