"Num_Acc";"jour";"mois";"an";"hrmn";"lum";"dep";"com";"agg";"int";"atm";"col";"adr";"lat";"long"
"202000004817";"12";"5";"2020";"16:25";"1";"34";"34337";"2";"2";"1";"3";"Boulevard des Salins";"43,5277470";"3,8558580"
"202000004818";"12";"5";"2020";"15:58";"1";"86";"86100";"1";"1";"1";"2";"Entrée péage Poitiers Sud 30";"46,5490140";"0,2895070"
"202000004819";"20";"5";"2020";"09:30";"1";"13";"13051";"1";"2";"1";"3";"D17";"43,5921590";"5,2542030"
"202000004820";"19";"5";"2020";"18:29";"1";"78";"78128";"1";"1";"1";"1";"Rue des Vaux de Cernay";"48,6755650";"1,9641660"
"202000004821";"19";"5";"2020";"16:30";"1";"83";"83112";"2";"1";"2";"6";"Rue de l'Artuby";"43,1815230";"5,7029720"
"202000004822";"20";"5";"2020";"16:20";"1";"39";"39344";"1";"1";"1";"2";"N/A";"46,7289510";"5,8336990"
"202000004823";"19";"5";"2020";"10:20";"1";"25";"25284";"2";"1";"1";"6";"6 Rue des Prés";"47,5260070";"6,8273110"
"202000004824";"20";"5";"2020";"07:21";"1";"71";"71268";"1";"1";"1";"6";"D270";"46,4000116";"4,2248356"
"202000004825";"14";"5";"2020";"17:10";"1";"68";"68294";"2";"3";"1";"3";"72Rue Maurice Burrus";"48,2669970";"7,2031430"
"202000004826";"20";"5";"2020";"07:35";"1";"74";"74038";"1";"3";"1";"3";"D190b";"46,1946150";"6,4384550"
"202000004827";"19";"5";"2020";"19:10";"1";"69";"69136";"1";"1";"1";"2";"route des esses";"45,6463700";"4,7463190"
"202000004828";"20";"5";"2020";"15:50";"1";"81";"81225";"2";"1";"1";"3";"12 Rue du Grand Galion";"43,9100940";"1,9834020"
"202000004829";"20";"5";"2020";"03:30";"3";"14";"14762";"1";"1";"1";"3";"D407";"48,8358130";" -0,8627000"
"202000004830";"20";"5";"2020";"12:30";"1";"35";"35047";"1";"1";"7";"6";"La Pavais";"48,0395270";" -1,7264860"
"202000004831";"20";"5";"2020";"07:30";"1";"02";"02555";"1";"9";"1";"3";"D11";"48,9568899";"3,3295105"
"202000004832";"20";"5";"2020";"17:45";"1";"62";"62810";"1";"2";"1";"3";"Route de Neuville";"50,3556209";"2,7894175"
"202000004833";"19";"5";"2020";"16:20";"1";"13";"13211";"1";"1";"1";"2";"A50-Sens Marseille vers Aubagne";"43,2919500";"5,4528200"
"202000004834";"19";"5";"2020";"10:00";"1";"13";"13056";"1";"1";"1";"3";"A55-Sens Martigues vers Marseille";"43,3937940";"5,0549120"
"202000004835";"19";"5";"2020";"16:15";"1";"69";"69290";"1";"1";"1";"2";"A46S   43.680 A 47.880";"45,6905610";"4,9658736"
"202000004836";"19";"5";"2020";"02:55";"3";"69";"69091";"1";"1";"1";"6";"A47";"45,5900054";"4,7718612"
"202000004837";"16";"5";"2020";"17:35";"1";"62";"62771";"1";"1";"1";"3";"AUTOROUTE A21";"50,4320670";"2,8561230"
"202000004838";"19";"5";"2020";"15:00";"1";"91";"91339";"1";"9";"1";"4";"RN 104";"48,6262200";"2,2611300"
"202000004839";"19";"5";"2020";"08:35";"1";"91";"91689";"1";"1";"1";"3";"AUTOROUTE A6";"48,7288300";"2,3142400"
"202000004840";"19";"5";"2020";"07:50";"1";"91";"91363";"1";"1";"1";"3";"RN 104";"48,6367700";"2,2070600"
"202000004841";"19";"5";"2020";"06:55";"1";"91";"91179";"1";"1";"1";"7";"AUTOROUTE A6";"48,5507100";"2,4942400"
"202000004842";"19";"5";"2020";"18:27";"1";"95";"95018";"1";"1";"1";"5";" A15";"48,9532100";"2,2794500"
"202000004843";"19";"5";"2020";"09:30";"1";"95";"95607";"1";"1";"1";"6";"AUTOROUTE A115";"49,0262800";"2,2062900"
"202000004844";"18";"5";"2020";"16:00";"1";"93";"93064";"1";"1";"1";"2";"AUTOROUTE A86";"48,8612500";"2,4838300"
"202000004845";"17";"5";"2020";"23:30";"3";"95";"95018";"1";"1";"1";"2";" A15";"48,9614100";"2,2689900"
"202000004846";"17";"5";"2020";"16:45";"1";"95";"95572";"1";"1";"1";"2";"RN 184";"49,0495800";"2,1407600"
"202000004847";"17";"5";"2020";"09:20";"1";"92";"92036";"1";"1";"1";"2";"AUTOROUTE A15";"48,9466000";"2,2826400"
"202000004848";"16";"5";"2020";"08:10";"1";"93";"93007";"1";"1";"1";"3";"AUTOROUTE A3";"48,9430000";"2,4777600"
"202000004849";"19";"5";"2020";"20:00";"1";"94";"94018";"1";"1";"1";"2";"A4";"48,8254583";"2,3926834"
"202000004850";"19";"5";"2020";"16:30";"1";"94";"94022";"1";"1";"1";"3";"A86 EXT";"48,7766211";"2,4180461"
"202000004851";"25";"2";"2020";"17:20";"1";"91";"91549";"2";"1";"2";"6";"PLESSIS (RUE DU)";"48,6318760";"2,3336570"
"202000004852";"23";"2";"2020";"13:05";"1";"80";"80021";"2";"1";"2";"3";"ANDRE DUROUCHEZ (RUE)";"49,9269700";"2,2856000"
"202000004853";"5";"3";"2020";"18:45";"5";"73";"73065";"2";"3";"2";"6";"GRENETTE (PLACE)";"45,5658597";"5,9161748"
"202000004854";"17";"1";"2020";"17:40";"5";"05";"05061";"2";"1";"3";"6";"FOREST D'ENTRAIS ( RUE  DU )";"44,5658100";"6,0869600"
"202000004855";"13";"3";"2020";"16:50";"1";"93";"93077";"2";"9";"1";"3";"FRANKLIN (AVENUE) 1-57; 77-107 et 2-104";"48,8952020";"2,5006325"
"202000004856";"17";"5";"2020";"18:20";"3";"974";"97416";"1";"1";"1";" -1";"Chemin KM3";" -21,3127800";"55,4966400"
"202000004857";"19";"5";"2020";"00:20";"5";"69";"69387";"2";"2";"1";"5";"TONY GARNIER                        (AV)";"45,7267700";"4,8269300"
"202000004858";"18";"5";"2020";"04:40";"5";"972";"97213";"1";"9";"1";"6";"ROUTE DEPARTEMENTALE 3";"14,6380000";" -60,9917000"
"202000004859";"15";"5";"2020";"15:38";"1";"95";"95018";"2";"1";"1";"6";"AVENUE M. UTRILLO";"48,9406650";"2,2344840"
"202000004860";"16";"5";"2020";"17:25";"1";"91";"91377";"2";"1";"1";"3";"DIVISION LECLERC (RUE DE LA)";"48,7298900";"2,2747700"
"202000004861";"18";"5";"2020";"16:25";"1";"91";"91174";"2";"1";"1";"1";"APPORT PARIS (QUAI)";"48,6226700";"2,4725200"
"202000004862";"14";"5";"2020";"02:33";"4";"91";"91339";"2";"1";"1";"3";"RN 20";"48,6227500";"2,2605200"
"202000004863";"13";"5";"2020";"14:59";"1";"91";"91103";"2";"6";"1";"3";"CD 19";"48,5873400";"2,3068500"
"202000004864";"15";"5";"2020";"16:31";"1";"87";"87048";"2";"1";"1";"6";"LIMOGES (AVENUE DE)";"45,8056700";"1,2399800"
"202000004865";"16";"5";"2020";"15:40";"1";"87";"87085";"2";"3";"1";"6";"GAMBETTA (BOULEVARD)";"45,8285700";"1,2561700"
"202000004866";"16";"5";"2020";"18:51";"1";"87";"87085";"2";"1";"1";"6";"MAS-GIGOU (RUE DU)";"45,8599900";"1,2569300"
"202000004867";"10";"3";"2020";"10:40";"1";"83";"83118";"2";"6";"1";"3";"ROND-POINT DE L'ASPÉ";"43,4300000";"6,7982000"
"202000004868";"18";"5";"2020";"19:34";"1";"81";"81004";"2";"1";"1";"1";"CORDES (RTE DE)";"43,9548300";"2,1154000"
"202000004869";"15";"5";"2020";"19:50";"1";"80";"80021";"2";"2";"1";"3";"WATTEAU (RUE)";"49,9136200";"2,3026500"
"202000004870";"14";"5";"2020";"16:30";"1";"80";"80021";"2";"1";"1";"3";"ALSACE LORRAINE (BOULEVARD D')";"49,8923800";"2,3125100"
"202000004871";"18";"5";"2020";"14:45";"1";"77";"77307";"1";"4";"1";"3";"RD231 RAYMOND POINCARE  (AVENUE)";"48,8712000";"2,7293200"
"202000004872";"14";"5";"2020";"18:50";"1";"76";"76640";"2";"1";"1";"7";"MOULIN. SENTE DU";"49,2711400";"1,0477300"
"202000004873";"17";"5";"2020";"19:35";"2";"76";"76305";"2";"1";"1";"7";"RENE CANCE";"49,5095700";"0,2332000"
"202000004874";"24";"4";"2020";"13:21";"1";"76";"76217";"2";"1";"1";"3";"CHANZY (GENERAL)";"49,9127800";"1,0829600"
"202000004875";"17";"5";"2020";"19:50";"1";"73";"73222";"2";"1";"1";"1";"CHAMBERY (AVENUE DE)";"45,5732280";"5,9567670"
"202000004876";"18";"5";"2020";"17:50";"1";"72";"72181";"2";"2";"1";"3";"LEDRU ROLLIN QUAI N° 103 ET plus";"48,0068900";"0,1915800"
"202000004877";"17";"5";"2020";"14:36";"1";"66";"66136";"2";"3";"1";"3";"JUIN (AVENUE DU MARECHAL)";"42,6878800";"2,8984300"
"202000004878";"17";"5";"2020";"10:16";"1";"63";"63113";"2";"1";"1";"6";"FONTGIEVE (RUE HAUTE)";"45,7814361";"3,0744987"
"202000004879";"15";"5";"2020";"21:46";"2";"63";"63113";"2";"1";"1";"3";"FLAUBERT (BD GUSTAVE)";"45,7644000";"3,1275800"
"202000004880";"25";"4";"2020";"21:00";"5";"62";"62510";"2";"1";"1";"7";"PASTEUR (R)";"50,4320581";"2,7633673"
"202000004881";"18";"5";"2020";"00:20";"3";"61";"61117";"1";"1";"1";"6";"PONT PERCÉ(RUE DU)";"48,4414620";"0,0117340"
"202000004882";"17";"5";"2020";"08:37";"1";"56";"56083";"2";"2";"1";"3";"FOCH ( PL. MARECHAL )";"47,8056000";" -3,2772600"
"202000004883";"17";"5";"2020";"17:59";"1";"49";"49007";"2";"1";"1";"3";"MOLIERE PLACE";"47,4593100";" -0,6147200"
"202000004884";"16";"5";"2020";"15:38";"1";"49";"49007";"2";"1";"1";"7";"VIGNE PLACE ET RUE";"47,4748800";" -0,5852100"
"202000004885";"18";"5";"2020";"20:20";"1";"45";"45234";"2";"3";"1";"2";"Avenue Roger Secretain";"47,8768600";"1,9117800"
"202000004886";"18";"5";"2020";"19:30";"1";"44";"44109";"2";"5";"1";"3";"Place de Pirmil";"47,1978200";" -1,5423200"
"202000004887";"18";"5";"2020";"21:25";"1";"35";"35206";"2";"9";"1";"2";"ROCADE 6-7";"48,0804294";" -1,6796804"
"202000004888";"18";"5";"2020";"08:05";"2";"35";"35278";"2";"6";"7";" -1";"RD 29";"48,1634130";" -1,6760060"
"202000004889";"16";"5";"2020";"14:05";"1";"31";"31555";"2";"4";"1";"3";"RENAN (RUE ERNEST) DU 19AU 98";"43,6360420";"1,4440370"
"202000004890";"14";"5";"2020";"08:10";"1";"27";"27229";"2";"3";"7";"6";"BROSSOLETTE (RUE PIERRE)";"49,0200410";"1,1595907"
"202000004891";"18";"5";"2020";"15:20";"1";"13";"13209";"2";"1";"1";"3";"COL DE LA GINESTE D559";"43,2462100";"5,4457300"
"202000004892";"18";"5";"2020";"13:45";"1";"13";"13208";"2";"1";"1";"3";"POMPIDOU (PROMENADE)";"43,2649680";"5,3733830"
"202000004893";"18";"5";"2020";"07:45";"1";"13";"13206";"2";"6";"1";"3";"CASTELLANE (PLACE)";"43,2857400";"5,3835700"
"202000004894";"17";"5";"2020";"21:40";"5";"13";"13210";"2";"3";"2";"3";"ROMAIN ROLLAND (BOULEVARD)";"43,2759290";"5,4174490"
"202000004895";"17";"5";"2020";"17:15";"1";"75";"75118";"2";"4";"1";"3";"BOULEVARD PERIPHERIQUE";"48,9008980";"2,3557390"
"202000004896";"18";"5";"2020";"14:53";"1";"75";"75111";"2";"2";"1";"6";"BOULEVARD DE MENILMONTANT";"48,8640380";"2,3859720"
"202000004897";"17";"5";"2020";"00:30";"5";"75";"75120";"2";"2";"1";"3";"COURS DE VINCENNES";"48,8477970";"2,4063660"
"202000004898";"16";"5";"2020";"18:45";"1";"75";"75106";"2";"2";"1";"3";"BOULEVARD RASPAIL";"48,8513510";"2,3268690"
"202000004899";"18";"5";"2020";"22:52";"5";"75";"75105";"2";"1";"1";"6";"RUE BUFFON";"48,8419910";"2,3590900"
"202000004900";"18";"5";"2020";"20:20";"1";"75";"75120";"2";"3";"1";"6";"BOULEVARD DAVOUT";"48,8490620";"2,4112510"
"202000004901";"17";"5";"2020";"23:25";"5";"75";"75120";"2";"1";"1";"3";"RUE DE MENILMONTANT";"48,8684220";"2,3886240"
"202000004902";"18";"5";"2020";"20:00";"1";"75";"75116";"2";"1";"1";"3";"CHAUSSEE LA MUETTE";"48,8583090";"2,2716140"
"202000004903";"18";"5";"2020";"12:20";"1";"75";"75113";"2";"2";"1";"6";"RUE DE TOLBIAC";"48,8272780";"2,3685180"
"202000004904";"17";"5";"2020";"20:50";"2";"75";"75113";"2";"2";"1";"2";"RUE DE TOLBIAC";"48,8284740";"2,3729450"
"202000004905";"18";"5";"2020";"17:55";"1";"75";"75109";"2";"2";"1";"3";"BOULEVARD HAUSSMANN";"48,8723780";"2,3374130"
"202000004906";"18";"5";"2020";"01:00";"5";"75";"75107";"2";"3";"1";"3";"QUAI BRANLY";"48,8574950";"2,2910260"
"202000004907";"18";"5";"2020";"09:15";"1";"75";"75102";"2";"2";"1";"1";"BOULEVARD DE SEBASTOPOL";"48,8689220";"2,3540410"
"202000004908";"17";"5";"2020";"20:20";"2";"75";"75101";"2";"2";"1";"2";"RUE DU LOUVRE";"48,8652830";"2,3430860"
"202000004909";"18";"5";"2020";"18:25";"1";"94";"94046";"2";"1";"1";"6";"GENERAL LECLERC (AV DU)";"48,8094001";"2,4340081"
"202000004910";"17";"5";"2020";"21:40";"5";"94";"94028";"2";"9";"1";"6";"HALPERN.(AVENUE BERNARD)";"48,7687461";"2,4643793"
"202000004911";"18";"5";"2020";"19:45";"1";"94";"94067";"2";"9";"1";"6";"ALPHAND (AV)";"48,8388090";"2,4144700"
"202000004912";"18";"5";"2020";"15:00";"1";"94";"94002";"2";"3";"7";"3";"CARNOT (BD)";"48,7963190";"2,4289211"
"202000004913";"18";"5";"2020";"10:40";"1";"93";"93066";"2";"1";"1";"6";"GENERAL JOINVILLE";"48,9355000";"2,3682900"
"202000004914";"18";"5";"2020";"16:10";"1";"93";"93077";"2";"1";"1";"6";"R DE NEUILLY";"48,8740000";"2,5294000"
"202000004915";"18";"5";"2020";"19:15";"1";"93";"93048";"2";"1";"1";"1";"ROSNY (RUE DE)";"48,8704000";"2,4670000"
"202000004916";"17";"5";"2020";"18:40";"1";"93";"93006";"2";"1";"1";"3";"FERRY JULES RUE";"48,8584000";"2,4171000"
"202000004917";"18";"5";"2020";"19:05";"1";"93";"93005";"2";"1";"1";"6";"R JACQUES DUCLOS";"48,9476400";"2,4915300"
"202000004918";"17";"5";"2020";"13:00";"1";"93";"93005";"2";"1";"1";"3";"MAXIMILIEN ROBESPIERRE (RUE)";"48,9479200";"2,5020700"
"202000004919";"17";"5";"2020";"18:50";"1";"92";"92063";"2";"1";"1";"3";"POMPIDOU (AVENUE DU PRESIDENT)";"48,8668778";"2,2006271"
"202000004920";"17";"5";"2020";"22:20";"1";"92";"92025";"2";"2";"1";" -1";"PAUL BERT";"48,9311600";"2,2443460"
"202000004921";"18";"5";"2020";"20:10";"1";"92";"92007";"2";"3";"1";"6";"FOCH (AVENUE DU MARECHAL) AUTRES NUMEROS";"48,7885670";"2,3011530"
"202000004922";"18";"5";"2020";"11:00";"1";"41";"41271";"1";"1";"1";"6";"D13";"47,4713860";"1,6966580"
"202000004923";"19";"5";"2020";"07:30";"1";"49";"49127";"1";"1";"1";"3";"Lieu-dit La Brosse";"47,6484300";" -0,2673200"
"202000004924";"19";"5";"2020";"05:50";"1";"972";"97222";"1";"1";"1";"1";"Augrain Nord";"14,6694350";" -60,9603880"
"202000004925";"18";"5";"2020";"09:20";"1";"972";"97207";"2";"1";"1";"2";"Avenue Jean Jaurès";"14,5746070";" -60,9664660"
"202000004926";"19";"5";"2020";"13:56";"1";"67";"67173";"1";"3";"1";"1";"D31";"48,6346070";"7,6756990"
"202000004927";"18";"5";"2020";"21:30";"5";"06";"06095";"2";"1";"1";"1";"15 Avenue de Boutiny";"43,6407220";"6,8777440"
"202000004928";"7";"5";"2020";"19:30";"1";"50";"50363";"1";"1";"1";"1";"La Vatiniere";"48,9618770";" -1,1236100"
"202000004929";"19";"5";"2020";"08:30";"1";"51";"51282";"1";"1";"1";"7";"D26";"49,2573510";"3,9103660"
"202000004930";"19";"5";"2020";"08:15";"1";"77";"77355";"1";"1";"7";"2";"D403";"48,4860140";"3,2094350"
"202000004931";"18";"5";"2020";"16:25";"1";"65";"65366";"1";"3";"1";"1";"36 Route de Pau";"43,1284550";" -0,0791440"
"202000004932";"18";"5";"2020";"19:20";"2";"11";"11351";"1";"1";"1";"6";"D3";"43,0823860";"2,6907510"
"202000004933";"18";"5";"2020";"20:45";"1";"61";"61483";"1";"1";"1";"6";"Route de Juvigny sous Andaine";"48,5611730";" -0,4334020"
"202000004934";"19";"5";"2020";"10:30";"1";"12";"12102";"1";"1";"1";"7";"la Trémolière";"44,3125180";"2,6889900"
"202000004935";"17";"5";"2020";"15:05";"1";"42";"42027";"1";"1";"1";"3";"Route du Port";"45,9207240";"3,9933160"
"202000004936";"18";"5";"2020";"18:30";"1";"41";"41106";"2";"1";"1";"3";"38 Rue François Blache";"47,6080190";"2,0262180"
"202000004937";"18";"5";"2020";"17:05";"1";"29";"29212";"2";"1";"1";"7";"Route de Sainte-anne";"48,3611790";" -4,5573550"
"202000004938";"17";"5";"2020";"11:10";"1";"29";"29135";"2";"1";"1";"3";"6 Rue du Port";"47,8330330";" -4,1686250"
"202000004939";"18";"5";"2020";"12:15";"1";"31";"31160";"1";"1";"1";"7";"2291 Route de Grenade";"43,7080280";"1,2443730"
"202000004940";"18";"5";"2020";"18:20";"1";"84";"84002";"1";"1";"1";"1";"Chemin des Hautes Terres";"43,7424140";"5,5108670"
"202000004941";"17";"5";"2020";"09:05";"1";"01";"01034";"2";"6";"1";"6";"Rue de l'Amitie";"45,7557570";"5,6838050"
"202000004942";"18";"5";"2020";"18:05";"1";"70";"70284";"1";"1";"7";"1";"D243";"47,8254380";"6,2918450"
"202000004943";"17";"5";"2020";"21:30";"3";"70";"70258";"1";"1";"1";"6";"RD6";"47,8367670";"6,4392970"
"202000004944";"19";"5";"2020";"08:10";"1";"58";"58210";"1";"1";"1";"6";"Le Moulin de la Breuelle";"47,1433500";"3,9608610"
"202000004945";"18";"5";"2020";"18:20";"1";"72";"72029";"2";"1";"1";"6";"46 Rue Albert Maignan";"48,2241620";"0,1299580"
"202000004946";"19";"5";"2020";"19:45";"1";"90";"90009";"2";"1";"1";"6";"4 Rue de la Tuilerie";"47,4928220";"6,9242920"
"202000004947";"18";"5";"2020";"13:30";"1";"60";"60509";"2";"1";"1";"7";"Rue de la Chapelle Saint-jean";"49,2919200";"2,6084483"
"202000004948";"19";"5";"2020";"09:20";"1";"60";"60655";"1";"1";"1";"3";"D87";"49,5605497";"3,0919430"
"202000004949";"7";"5";"2020";"10:10";"1";"45";"45067";"2";"1";"1";"6";"7 Rue du Genevret";"47,8819110";"1,7702310"
"202000004950";"19";"5";"2020";"12:00";"1";"73";"73043";"1";"1";"1";"2";"Route d'Annecy";"45,7496697";"5,9262892"
"202000004951";"18";"5";"2020";"12:45";"1";"16";"16004";"1";"1";"1";"1";"Moulin d'Aignes (Aignes-et-Puypéroux)";"45,4471780";"0,1386700"
"202000004952";"18";"5";"2020";"19:00";"1";"53";"53084";"2";"1";"1";"6";"route de rennes";"47,8508980";" -0,9587290"
"202000004953";"19";"5";"2020";"07:45";"1";"87";"87103";"1";"2";"1";"3";"Carrefour D89 et C13";"46,0177700";"1,1636480"
"202000004954";"19";"5";"2020";"18:20";"1";"52";"52099";"2";"4";"1";"3";"1 Rue de la Forge Haute";"48,6113540";"5,0466820"
"202000004955";"18";"5";"2020";"09:15";"1";"33";"33199";"1";"1";"1";"4";"A660";"44,6146100";" -1,0916600"
"202000004956";"19";"5";"2020";"13:30";"1";"69";"69043";"2";"3";"1";"3";"Rue Jules Chausse";"45,7099270";"4,7445513"
"202000004957";"19";"5";"2020";"16:43";"1";"974";"97408";"1";"1";"1";"6";"N1";" -20,9117150";"55,3522000"
"202000004958";"19";"5";"2020";"00:01";"3";"18";"18124";"1";"1";"1";"7";"D18";"47,0456510";"2,0838400"
"202000004959";"19";"5";"2020";"16:55";"1";"77";"77274";"1";"2";"7";"3";"RD 38 - RD 401";"49,0330970";"2,8966460"
"202000004960";"19";"5";"2020";"17:30";"1";"77";"77473";"2";"2";"1";"1";"11 Rue de la Croix Bonnard - D58, D136, D92 ";"48,2759390";"2,8091310"
"202000004961";"19";"5";"2020";"17:13";"1";"95";"95429";"2";"1";"1";"6";"15 rue des plantes";"49,1724280";"1,6809000"
"202000004962";"18";"5";"2020";"14:40";"1";"91";"91332";"1";"6";"7";"3";"D26";"48,5625210";"2,3208690"
"202000004963";"17";"5";"2020";"18:50";"1";"2A";"2A114";"1";"3";"1";"6";"D859";"41,5045360";"9,1410220"
"202000004964";"12";"5";"2020";"19:20";"1";"34";"34057";"2";"1";"1";"3";"Avenue de l'Europe";"43,6332030";"3,9169770"
"202000004965";"18";"5";"2020";"19:10";"1";"04";"04148";"1";"1";"2";"7";"VC Rte de Mousteiret";"43,7973940";"6,6316280"
"202000004966";"17";"5";"2020";"15:45";"1";"10";"10365";"1";"1";"1";"7";"D7";"48,6525600";"4,0095810"
"202000004967";"17";"5";"2020";"15:30";"1";"68";"68185";"1";"1";"1";" -1";"D48.1";"48,2670270";"7,2913170"
"202000004968";"19";"5";"2020";"09:40";"1";"03";"03113";"1";"1";"1";" -1";"2 Route de Thiers";"46,0228949";"3,6428352"
"202000004969";"16";"5";"2020";"19:15";"1";"69";"69272";"2";"1";"1";"3";"5 rue des brosses";"45,6059840";"4,8285560"
"202000004970";"18";"5";"2020";"21:30";"3";"81";"81117";"1";"1";"1";"5";"D43";"43,8010840";"2,0409040"
"202000004971";"19";"5";"2020";"17:10";"1";"60";"60369";"1";"1";"1";"2";"D200 en direction de CREIL";"49,3249540";"2,7048900"
"202000004972";"18";"5";"2020";"09:45";"1";"13";"13106";"1";"1";"1";"3";"A51-Sens Aix en Provence vers Marseille";"43,4044000";"5,3588000"
"202000004973";"18";"5";"2020";"15:55";"1";"33";"33281";"1";"1";"1";"2";"ROCADE A 630";"44,8408800";" -0,6742700"
"202000004974";"17";"5";"2020";"21:00";"2";"92";"92051";"1";"1";"1";"3";"RN13";"48,8839000";"2,2634000"
"202000004975";"16";"5";"2020";"20:35";"1";"78";"78217";"1";"1";"1";"2";"A13";"48,9657520";"1,8132650"
"202000004976";"17";"5";"2020";"04:20";"3";"93";"93010";"1";"1";"1";"6";"AUTOROUTE A3";"48,9041200";"2,4721700"
"202000004977";"17";"5";"2020";"20:45";"2";"95";"95277";"1";"1";"1";"6";" A3";"48,9709500";"2,4830400"
"202000004978";"16";"5";"2020";"19:44";"1";"93";"93064";"1";"1";"1";"3";"AUTOROUTE A86";"48,8767600";"2,4776500"
"202000004979";"16";"5";"2020";"17:30";"1";"95";"95572";"1";"1";"1";"6";"RN 184";"49,0484600";"2,1345100"
"202000004980";"15";"5";"2020";"15:30";"1";"93";"93066";"1";"1";"1";"3";"AUTOROUTE A1";"48,9299100";"2,3641900"
"202000004981";"18";"5";"2020";"07:55";"1";"77";"77294";"1";"1";"1";"3";"A104";"48,9612862";"2,6181123"
"202000004982";"25";"2";"2020";"15:25";"1";"26";"26362";"2";"1";"1";"6";"103 Avenue de Romans";"44,9390900";"4,9142700"
"202000004983";"17";"5";"2020";"12:35";"1";"69";"69387";"2";"1";"1";"6";"VICTORIEN SARDOU                    (R )";"45,7498002";"4,8549352"
"202000004984";"17";"5";"2020";"00:50";"5";"69";"69386";"2";"2";"1";"3";"MARECHAL DE SAXE                    (R )";"45,7602100";"4,8457000"
"202000004985";"17";"5";"2020";"11:20";"1";"972";"97213";"1";"1";"1";"1";"ROUTE DEPARTEMENTALE 14";"14,6309100";" -61,0042900"
"202000004986";"17";"5";"2020";"18:15";"1";"69";"69382";"2";"2";"1";"3";"PASTEUR                             (PT)";"45,7337379";"4,8191336"
"202000004987";"17";"5";"2020";"19:25";"2";"2A";"2A004";"2";"1";"1";"6";"BONAPARTE CHARLES  BD";"41,9289975";"8,7401548"
"202000004988";"17";"5";"2020";"02:08";"5";"95";"95018";"2";"1";"1";"6";"56 Rue du Trouillet";"48,9662980";"2,2436600"
"202000004989";"17";"5";"2020";"18:55";"1";"91";"91114";"2";"6";"1";"3";"WITTLICH (ROND POINT)";"48,6947000";"2,5024000"
"202000004990";"17";"5";"2020";"05:00";"5";"86";"86027";"2";"2";"1";"3";"Rocade Ouest";"46,5787710";"0,3149417"
"202000004991";"17";"5";"2020";"17:35";"1";"83";"83137";"2";"1";"1";"3";"STRASBOURG (BD DE )";"43,1247510";"5,9333350"
"202000004992";"4";"3";"2020";"08:00";"2";"13";"13212";"1";"1";"1";"6";"SARIETTE (TRAVERSE DE LA)";"43,3058184";"5,4488862"
"202000004993";"4";"3";"2020";"07:20";"1";"13";"13214";"2";"1";"1";"3";"SAINTE MARTHE (chemin)";"43,3267090";"5,3877010"
"202000004994";"11";"1";"2020";"21:50";"5";"13";"13047";"2";"6";"1";"7";"FELIX GOUIN AVENUE";"43,4900369";"4,9871874"
"202000004995";"1";"4";"2020";"08:05";"1";"12";"12202";"2";"1";"1";"6";"42 Av des Fusilles de Ste Radegonde";"44,3564380";"2,5846940"
"202000004996";"4";"3";"2020";"13:00";"1";"06";"06088";"2";"1";"1";"2";"PENETRANTE DU PAILLON";"43,7412000";"7,3089000"
"202000004997";"4";"3";"2020";"14:15";"1";"06";"06069";"1";"9";"1";"2";"Route de Valbonne";"43,6401660";"6,9791200"
"202000004998";"4";"3";"2020";"14:25";"1";"06";"06123";"2";"1";"1";"3";"VESPINS ROUTE DES";"43,6599800";"7,1887500"
"202000004999";"3";"3";"2020";"13:55";"1";"06";"06027";"2";"3";"1";"6";"11 NOVEMBRE COURS DU";"43,6615300";"7,1501400"
"202000005000";"4";"3";"2020";"16:50";"1";"03";"03140";"1";"2";"1";"3";"Route de Villebret";"46,3068442";"2,6173322"
"202000005001";"4";"3";"2020";"13:45";"1";"01";"01053";"2";"1";"1";"6";"JOLIOT CURIE ( BOULEVARD IRENE COTE PAIR";"46,2097300";"5,2320100"
"202000005002";"4";"3";"2020";"15:10";"1";"75";"75116";"2";"1";"1";"7";"PORTE DE PASSY";"48,8572460";"2,2584890"
"202000005003";"26";"2";"2020";"18:25";"2";"75";"75116";"2";"4";"8";"4";"BOULEVARD PERIPHERIQUE";"48,8439530";"2,2548950"
"202000005004";"4";"3";"2020";"19:35";"5";"75";"75117";"2";"3";"2";"6";"AVENUE DE CLICHY";"48,8880350";"2,3246180"
"202000005005";"27";"2";"2020";"14:00";"1";"75";"75116";"2";"1";"6";"6";"BOULEVARD D AUTEUIL";"48,8454620";"2,2536630"
"202000005006";"4";"3";"2020";"10:00";"1";"75";"75116";"2";"2";"1";"3";"RUE DE L AMIRAL CLOUE";"48,8471306";"2,2744113"
"202000005007";"4";"3";"2020";"09:00";"1";"75";"75116";"2";"2";"1";"3";"BOULEVARD SUCHET";"48,8573510";"2,2646690"
"202000005008";"28";"2";"2020";"21:00";"5";"75";"75116";"2";"2";"1";"3";"ALLEE DE LONGCHAMP";"48,8749260";"2,2711070"
"202000005009";"4";"3";"2020";"15:55";"1";"75";"75115";"2";"3";"8";"6";"RUE DES ENTREPRENEURS";"48,8446665";"2,2905019"
"202000005010";"4";"3";"2020";"09:50";"1";"75";"75115";"2";"2";"1";"3";"PORTE DE SEVRES";"48,8336510";"2,2764530"
"202000005011";"4";"3";"2020";"16:20";"1";"75";"75113";"2";"7";"2";"4";"AVENUE DE LA PORTE D ITALIE";"48,8164020";"2,3600840"