"Num_Acc";"jour";"mois";"an";"hrmn";"lum";"dep";"com";"agg";"int";"atm";"col";"adr";"lat";"long"
"202000005012";"4";"3";"2020";"09:45";"1";"75";"75113";"2";"4";"1";"6";"RUE DE LA GLACIERE";"48,8317430";"2,3443870"
"202000005013";"4";"3";"2020";"19:00";"5";"75";"75111";"2";"3";"2";"3";"BOULEVARD VOLTAIRE";"48,8606830";"2,3753000"
"202000005014";"4";"3";"2020";"09:30";"1";"75";"75110";"2";"3";"1";"2";"AVENUE PARMENTIER";"48,8717020";"2,3697640"
"202000005015";"4";"3";"2020";"19:50";"5";"75";"75108";"2";"2";"2";"6";"BOULEVARD DE COURCELLES";"48,8808500";"2,3125490"
"202000005016";"1";"3";"2020";"20:50";"5";"94";"94076";"2";"1";"1";"6";"STALINGRAD (AV DE)";"48,7815720";"2,3673410"
"202000005017";"4";"3";"2020";"02:30";"5";"94";"94041";"2";"2";"1";"6";"VERDUN (AV DE)";"48,8158290";"2,3682860"
"202000005018";"4";"3";"2020";"03:40";"5";"94";"94002";"2";"3";"1";"3";"GENERAL CHARLES DE GAULLE (R DU)";"48,8145000";"2,4119000"
"202000005019";"4";"3";"2020";"08:15";"1";"93";"93064";"2";"1";"1";"3";"MONTGOLFIER (RUE J ET E)";"48,8860637";"2,4839383"
"202000005020";"4";"3";"2020";"13:30";"1";"93";"93051";"2";"3";"1";"1";"Route de Neuilly";"48,8469900";"2,5403432"
"202000005021";"4";"3";"2020";"12:10";"1";"93";"93049";"2";"1";"1";"6";"CAHOUETTES (RUE)";"48,8632000";"2,5091000"
"202000005022";"4";"3";"2020";"12:50";"1";"93";"93050";"2";"9";"8";"6";"AV LEON BLUM";"48,8674500";"2,5324000"
"202000005023";"4";"3";"2020";"14:45";"1";"93";"93048";"2";"1";"8";"6";"ROUGET DE L'ISLE (BOULEVARD)";"48,8603600";"2,4391900"
"202000005024";"4";"3";"2020";"13:40";"1";"93";"93048";"2";"2";"1";"3";"ERNEST RENAN (AVENUE)";"48,8561355";"2,4607153"
"202000005025";"4";"3";"2020";"19:35";"2";"93";"93029";"2";"3";"2";"6";"AV JEAN JAURES / R JACQUELINE QUATREMAIRE";"48,9165215";"2,4580022"
"202000005026";"4";"3";"2020";"09:10";"1";"92";"92073";"2";"1";"1";"1";"SELLIER (BOULEVARD HENRI)";"48,8668763";"2,2211429"
"202000005027";"4";"3";"2020";"17:45";"1";"92";"92025";"2";"9";"2";"3";"CHARLES DE GAULLE (BD)";"48,9102450";"2,2349680"
"202000005028";"4";"3";"2020";"04:08";"5";"92";"92012";"2";"1";"1";"7";"ANATOLE FRANCE (BOULEVARD) 5/FIN";"48,8504715";"2,2371393"
"202000005029";"26";"2";"2020";"22:40";"3";"95";"95529";"1";"1";"2";"2";"A16, PK 38+500";"49,1686710";"2,2290870"
"202000005030";"3";"3";"2020";"21:00";"5";"95";"95205";"2";"1";"1";"6";"53 Rue de la Libération";"49,0242790";"2,3715860"
"202000005031";"5";"3";"2020";"06:55";"2";"06";"06161";"1";"5";"1";"3";"D2";"43,6471410";"7,1365160"
"202000005032";"4";"3";"2020";"10:00";"1";"06";"06161";"2";"9";"1";"6";"3 Avenue Marechal Koenig";"43,6424280";"7,1383930"
"202000005033";"28";"2";"2020";"06:00";"5";"91";"91665";"2";"2";"1";"6";"Avenue de la Division Leclerc";"48,6647280";"2,2776570"
"202000005034";"3";"3";"2020";"17:10";"1";"83";"83019";"2";"6";"1";"2";"Avenue Lou Mistraou";"43,1430230";"6,3451190"
"202000005035";"5";"3";"2020";"07:48";"2";"34";"34095";"1";"1";"2";"5";"D613";"43,5267710";"3,7412790"
"202000005036";"5";"3";"2020";"07:30";"2";"74";"74105";"2";"1";"2";"2";"104 Avenue de Genève";"46,3029330";"6,2929020"
"202000005037";"4";"3";"2020";"23:20";"3";"95";"95682";"1";"1";"2";"6";"D9";"49,0717050";"2,3964090"
"202000005038";"26";"2";"2020";"17:40";"1";"19";"19262";"1";"1";"1";"1";"D16";"45,5694870";"1,7507530"
"202000005039";"3";"3";"2020";"18:30";"2";"74";"74236";"2";"3";"1";"6";"977 Avenue de Miage";"45,8824500";"6,7162780"
"202000005040";"4";"3";"2020";"18:10";"2";"76";"76367";"1";"1";"3";"5";"D121";"49,4865280";"1,0946740"
"202000005041";"4";"3";"2020";"17:21";"3";"2B";"2B150";"1";"1";"1";"6";"T30";"42,5717690";"8,8308510"
"202000005042";"5";"3";"2020";"08:30";"1";"42";"42267";"1";"3";"1";"1";"Route de Pouilly";"46,1508440";"4,1529290"
"202000005043";"28";"2";"2020";"00:15";"3";"46";"46335";"1";"1";"1";"7";"RD 656";"44,4033730";"1,2829540"
"202000005044";"4";"3";"2020";"11:20";"1";"22";"22183";"2";"1";"1";"6";"15 Rue de la Croix Hyava";"48,1752150";" -2,6024090"
"202000005045";"5";"3";"2020";"10:25";"1";"31";"31499";"2";"6";"2";"6";"92 Avenue du Languedoc";"43,5115140";"1,1894950"
"202000005046";"4";"3";"2020";"07:00";"3";"31";"31341";"1";"1";"2";"2";"Route des Platanes";"43,7182310";"1,3058760"
"202000005047";"4";"3";"2020";"19:30";"3";"02";"02775";"1";"1";"2";"1";"D1044";"49,7263170";"3,3476870"
"202000005048";"5";"3";"2020";"11:44";"1";"03";"03275";"2";"1";"3";"3";"Route d'Autry Issards";"46,5394035";"3,1856458"
"202000005049";"5";"3";"2020";"07:15";"1";"70";"70104";"2";"3";"2";"3";"D185";"47,4264470";"5,8389600"
"202000005050";"3";"3";"2020";"14:45";"1";"26";"26289";"2";"9";"1";"3";"315 Avenue Georges Coupois";"44,6964400";"5,1910620"
"202000005051";"4";"3";"2020";"18:20";"2";"14";"14278";"2";"3";"2";"3";"32 Rue Saint-martin";"49,1690920";" -0,5766960"
"202000005052";"5";"3";"2020";"04:38";"3";"64";"64199";"1";"1";"8";"7";"28 route du vic bilh";"43,5758360";" -0,1659750"
"202000005053";"5";"3";"2020";"10:40";"1";"85";"85047";"1";"1";"2";"6";"Route de la Roche-sur-yon";"46,8321600";" -1,8166490"
"202000005054";"5";"3";"2020";"18:45";"1";"30";"30083";"1";"2";"1";"3";"D979";"43,7211800";"4,2251440"
"202000005055";"5";"3";"2020";"06:20";"5";"08";"08067";"2";"1";"2";"2";"74 Route Nationale";"49,6256470";"5,1783520"
"202000005056";"5";"3";"2020";"07:11";"2";"33";"33108";"2";"1";"2";"1";"Rue Michel de Montaigne";"44,8570500";" -0,0329300"
"202000005057";"4";"3";"2020";"17:26";"1";"40";"40261";"1";"1";"1";"2";"A63";"43,6830960";" -1,2669040"
"202000005058";"5";"3";"2020";"09:00";"1";"69";"69225";"1";"1";"2";"6";"A 89";"45,8814655";"4,4341573"
"202000005059";"5";"3";"2020";"00:30";"3";"971";"97103";"2";"1";"1";"2";"Boulevard des Armees la Jaille";"16,2541790";" -61,5661920"
"202000005060";"4";"3";"2020";"19:10";"5";"987";"98712";"2";"1";"1";"6";"PK 4.5";" -17,5429770";" -149,5036460"
"202000005061";"4";"3";"2020";"20:30";"3";"95";"95008";"1";"1";"2";"2";"RD 983";"49,0625910";"1,7728760"
"202000005062";"4";"3";"2020";"07:30";"1";"06";"06147";"2";"1";"1";" -1";"828 Route de Levens";"43,8058790";"7,2686970"
"202000005063";"4";"3";"2020";"15:10";"1";"08";"08367";"1";"1";"4";"2";"Chemin du Bochet";"49,9515100";"4,5248650"
"202000005064";"4";"3";"2020";"16:45";"1";"69";"69296";"1";"1";"1";"3";"Solaize Est";"45,6330593";"4,8217542"
"202000005065";"2";"3";"2020";"14:55";"1";"69";"69194";"1";"1";"3";"1";"2 Avenue Ampère";"45,8339460";"4,7934720"
"202000005066";"5";"3";"2020";"13:40";"1";"81";"81138";"1";"1";"3";"7";"Cante Gal";"43,8221580";"2,0450020"
"202000005067";"4";"3";"2020";"09:30";"1";"76";"76069";"1";"1";"8";"3";"D7";"49,3863910";"1,1277710"
"202000005068";"4";"3";"2020";"23:10";"3";"76";"76464";"1";"1";"2";"7";"D138";"49,3528750";"1,2634760"
"202000005069";"5";"3";"2020";"00:50";"3";"60";"60504";"1";"1";"2";" -1";"D125";"49,3428585";"2,2018635"
"202000005070";"4";"3";"2020";"11:00";"1";"13";"13005";"1";"1";"1";"3";"Sens Aubagne vers Marseille";"43,2882100";"5,5474700"
"202000005071";"4";"3";"2020";"09:38";"1";"13";"13005";"1";"1";"1";"5";"A50-Sens Marseille vers Aubagne";"43,2897512";"5,5563328"
"202000005072";"4";"3";"2020";"08:40";"1";"13";"13015";"1";"1";"1";"2";"A515CD-Gardanne vers A51-Marseille";"43,4302400";"5,3962700"
"202000005073";"2";"3";"2020";"18:15";"1";"83";"83137";"1";"1";"1";"2";"A50 TUNNEL TUBE SUD";"43,1213200";"5,9533100"
"202000005074";"3";"3";"2020";"20:10";"3";"59";"59360";"1";"1";"1";"6";"AUTOROUTE A25";"50,6203790";"3,0117990"
"202000005075";"4";"3";"2020";"13:46";"1";"91";"91645";"1";"1";"1";"7";"RN 385 Extèrieure";"48,7592400";"2,2669000"
"202000005076";"4";"3";"2020";"11:25";"1";"94";"94038";"1";"1";"1";"2";"AUTOROUTE A6A";"48,7711200";"2,3455300"
"202000005077";"4";"3";"2020";"09:00";"1";"94";"94003";"1";"1";"1";"2";"AUTOROUTE A6A";"48,8116800";"2,3370000"
"202000005078";"4";"3";"2020";"07:50";"1";"91";"91363";"1";"1";"1";"2";"AUTOROUTE A10";"48,6589700";"2,1832400"
"202000005079";"4";"3";"2020";"09:20";"1";"92";"92036";"1";"1";"1";" -1";"A86";"48,9352235";"2,2662619"
"202000005080";"4";"3";"2020";"08:40";"1";"78";"78043";"1";"1";"3";"5";"A13";"48,8412970";"2,1002820"
"202000005081";"4";"3";"2020";"07:45";"1";"78";"78524";"1";"1";"1";"3";"A13";"48,8399500";"2,1142800"
"202000005082";"3";"3";"2020";"20:40";"3";"95";"95203";"1";"1";"1";"2";"RD 170";"48,9774000";"2,2861300"
"202000005083";"3";"3";"2020";"18:20";"2";"95";"95582";"1";"1";"1";"4";"A15";"48,9699400";"2,2500100"
"202000005084";"3";"3";"2020";"13:35";"1";"93";"93064";"1";"1";"1";"7";"AUTOROUTE A86";"48,8742600";"2,4792100"
"202000005085";"3";"3";"2020";"13:00";"1";"95";"95604";"1";"1";"1";"3";" A1";"49,1054800";"2,5513100"
"202000005086";"2";"3";"2020";"11:30";"1";"92";"92078";"1";"1";"2";"3";"AUTOROUTE A86";"48,9293205";"2,3292719"
"202000005087";"1";"3";"2020";"19:15";"3";"95";"95277";"1";"1";"2";"6";" A104";"48,9722800";"2,4847600"
"202000005088";"1";"3";"2020";"12:10";"1";"95";"95394";"1";"1";"1";"7";"A115";"49,0521400";"2,1834000"
"202000005089";"4";"3";"2020";"06:35";"3";"94";"94033";"1";"1";"1";"6";"A86.EXT";"48,8295000";"2,4842000"
"202000005090";"4";"3";"2020";"02:50";"3";"77";"77146";"1";"1";"2";"6";"A4.Y";"48,8323230";"2,6603650"
"202000005091";"1";"3";"2020";"22:10";"3";"77";"77337";"1";"1";"1";"6";"RN104";"48,8290275";"2,6184630"
"202000005092";"2";"1";"2020";"12:30";"1";"971";"97113";"2";"1";"1";"7";"MONTAUBAN (SECTEUR)";"16,2081900";" -61,4998300"
"202000005093";"2";"1";"2020";"15:20";"1";"13";"13210";"2";"3";"1";"1";"MIREILLE LAUZE (BOULEVARD)";"43,2832000";"5,4119300"
"202000005094";"3";"3";"2020";"20:10";"5";"976";"97611";"2";"1";"1";"3";"m'tsapere-Nationale 2 (route)";" -12,8048500";"45,2106000"
"202000005095";"3";"3";"2020";"12:50";"1";"974";"97416";"2";"6";"1";"2";"PRESIDENT MITTERAND(AVENUE)";" -21,3471700";"55,4908500"
"202000005096";"2";"3";"2020";"06:40";"1";"974";"97416";"1";"1";"1";"3";"RN2 (2)";" -21,3532000";"55,5104700"
"202000005097";"2";"3";"2020";"19:30";"5";"974";"97411";"1";"1";"8";"6";"HUBERT DELISLE (AVENUE)";" -20,8928000";"55,4829000"
"202000005098";"2";"3";"2020";"08:50";"1";"974";"97407";"2";"1";"1";"5";"OWENS JAMES";" -20,9369420";"55,3234900"
"202000005099";"3";"3";"2020";"18:00";"1";"973";"97302";"2";"1";"1";"3";"BADUEL (ROUTE DE)";"4,9291089";" -52,2964883"
"202000005100";"3";"3";"2020";"08:02";"1";"973";"97302";"2";"1";"1";"3";"BADUEL (ROUTE DE)";"4,9301564";" -52,3045778"
"202000005101";"3";"3";"2020";"21:00";"5";"69";"69383";"2";"2";"1";"3";"BONNEL (DE)                         (R )";"45,7621100";"4,8518600"
"202000005102";"3";"3";"2020";"11:00";"1";"69";"69387";"2";"1";"1";"2";"REPOS (DU)                          (R )";"45,7480584";"4,8473271"
"202000005103";"3";"3";"2020";"12:00";"1";"69";"69199";"1";"2";"1";"3";"MARCEL SEMBAT                       (R )";"45,7115600";"4,8443300"
"202000005104";"1";"3";"2020";"14:42";"1";"69";"69259";"2";"1";"1";"4";"CHARLES DE GAULLE                   (AV)";"45,7111661";"4,9016969"
"202000005105";"3";"3";"2020";"15:00";"1";"972";"97213";"2";"1";"1";"3";"NELSON MANDELA";"14,6125000";" -60,9979000"
"202000005106";"2";"3";"2020";"20:30";"5";"972";"97213";"1";"1";"2";"3";"AUTOROUTE A1";"14,6074400";" -61,0040800"
"202000005107";"3";"3";"2020";"16:45";"1";"972";"97209";"2";"1";"1";"7";"VICTOIRE EDMOND MARIETTE (RUE)";"14,6219000";" -61,0580000"
"202000005108";"3";"3";"2020";"18:31";"2";"69";"69385";"2";"1";"1";"3";"CHOULANS (DE)                       (CH)";"45,7534000";"4,8190000"
"202000005109";"1";"3";"2020";"09:30";"1";"69";"69381";"2";"1";"1";"2";"FEUILLEE DE LA                      (PT)";"45,7665100";"4,8294200"
"202000005110";"29";"2";"2020";"12:30";"1";"69";"69385";"2";"1";"1";"2";"JOLIOT CURIE                        (R )";"45,7540000";"4,7767000"
"202000005111";"2";"3";"2020";"16:50";"1";"971";"97113";"1";"1";"1";"4";"RN4 - SECTION RIVIERA";"16,2177300";" -61,4901000"
"202000005112";"2";"3";"2020";"13:00";"1";"95";"95539";"2";"1";"1";"5";"LUAT  (CHEMIN  DU )";"49,0003191";"2,3679626"
"202000005113";"3";"3";"2020";"15:05";"1";"95";"95051";"2";"1";"1";"6";"JULES CESAR (CHAUSSEE)";"49,0097900";"2,1960500"
"202000005114";"2";"3";"2020";"20:50";"5";"95";"95424";"2";"9";"2";"6";"VICTOR BORDIER(BOULEVARD)";"48,9951916";"2,1926104"
"202000005115";"16";"2";"2020";"19:50";"4";"95";"95210";"2";"1";"2";"6";"CEINTURE (AVENUE DE)";"48,9698300";"2,3036900"
"202000005116";"2";"3";"2020";"14:20";"1";"91";"91692";"2";"9";"2";"6";"GUYENNE (AVENUE)";"48,6782000";"2,1628100"
"202000005117";"21";"1";"2020";"11:45";"1";"91";"91645";"2";"6";"1";"6";"ANTONY (RUE D')";"48,7474850";"2,2678030"
"202000005118";"2";"3";"2020";"07:15";"2";"91";"91377";"2";"2";"2";"6";"PARIS (RUE DE)";"48,7224000";"2,2627000"
"202000005119";"2";"3";"2020";"10:51";"1";"91";"91339";"2";"1";"2";"6";"ROCHES (CHEMIN DES)";"48,6153700";"2,2455200"
"202000005120";"28";"2";"2020";"21:10";"5";"87";"87085";"2";"1";"2";"6";"FEYTIAT (RUE DE)";"45,8196800";"1,2855000"
"202000005121";"28";"2";"2020";"16:14";"1";"87";"87065";"1";"1";"2";"6";"BOISSEUIL (RUE DE)";"45,7944900";"1,2973800"
"202000005122";"1";"3";"2020";"18:45";"2";"85";"85194";"2";"1";"1";"6";"Avenue d'Anjou";"46,5015300";" -1,7777100"
"202000005123";"29";"2";"2020";"18:35";"3";"85";"85194";"1";"1";"2";"2";"RD 160";"46,5279200";" -1,7354500"
"202000005124";"1";"3";"2020";"18:15";"1";"85";"85191";"1";"1";"1";"2";"D160";"46,6896400";" -1,3742000"
"202000005125";"28";"2";"2020";"18:15";"1";"84";"84007";"2";"1";"1";"6";"LYON (route de )";"43,9528000";"4,8309500"
"202000005126";"26";"2";"2020";"12:18";"1";"83";"83126";"2";"1";"6";"6";"ESTIENNES D'ORVES (AV)";"43,1098552";"5,8774334"
"202000005127";"22";"2";"2020";"09:30";"1";"83";"83126";"2";"1";"1";"6";"SELON (CHEMIN DE)";"43,0942500";"5,8594600"
"202000005128";"28";"2";"2020";"08:56";"1";"80";"80021";"2";"1";"1";"3";"PINCEAU (RUE DU)";"49,8870600";"2,3161600"
"202000005129";"2";"3";"2020";"04:30";"5";"79";"79300";"2";"3";"3";"3";"Avenue Emile Zola";"46,9991460";" -0,2062500"
"202000005130";"29";"2";"2020";"23:00";"4";"78";"78335";"2";"1";"1";"3";"AVENUE J.B COROT";"48,9927960";"1,7270440"
"202000005131";"2";"3";"2020";"08:40";"1";"76";"76540";"2";"2";"1";"3";"LECANUET. RUE JEAN";"49,4446700";"1,0920500"
"202000005132";"28";"2";"2020";"23:00";"3";"76";"76498";"2";"1";"2";"3";"VOIE RAPIDE SUD 3 (RN 338)";"49,4318760";"1,0590277"
"202000005133";"1";"3";"2020";"07:15";"3";"76";"76351";"2";"2";"2";"7";"D138";"49,4921100";"0,1236700"
"202000005134";"29";"2";"2020";"14:20";"1";"76";"76351";"2";"2";"1";"2";"IRENE JOLIOT CURIE (RUE)";"49,5224000";"0,1046700"
"202000005135";"21";"1";"2020";"09:25";"1";"76";"76351";"2";"2";"1";"6";"LESUEUR (RUE)";"49,4928800";"0,1231900"
"202000005136";"28";"2";"2020";"12:25";"1";"74";"74012";"2";"1";"1";"6";"TOURNELLES (RUE DES)";"46,1955724";"6,2413942"
"202000005137";"3";"3";"2020";"17:06";"1";"72";"72181";"2";"1";"1";"3";"BOLLEE (AV) N° PAIRS 224 ET >";"47,9974900";"0,2289700"
"202000005138";"1";"3";"2020";"11:39";"1";"69";"69029";"2";"1";"1";"6";"GENAS (DE)                          (RO)";"45,7497000";"4,9128000"
"202000005139";"26";"2";"2020";"18:00";"1";"69";"69290";"2";"2";"8";"3";"HENRI GERMAIN                       (AV)";"45,7084100";"4,9087700"
"202000005140";"3";"3";"2020";"14:20";"1";"69";"69013";"1";"3";"1";"1";"RN6 (CHARTONNIERE)";"46,0106000";"4,7198000"
"202000005141";"28";"2";"2020";"11:15";"1";"69";"69013";"1";"9";"8";"2";"RD 43 ";"46,0248000";"4,7061000"
"202000005142";"15";"2";"2020";"09:35";"1";"69";"69264";"2";"6";"1";"3";"MARTINI JEAN-BAPTISTE  R";"45,9826000";"4,7093000"
"202000005143";"2";"3";"2020";"09:00";"1";"69";"69264";"2";"3";"2";"6";"BERT PAUL (impasse et rue)";"45,9897800";"4,7155100"
"202000005144";"27";"1";"2020";"12:15";"1";"68";"68376";"2";"1";"1";"3";"REPUBLIQUE (ESPACE DE LA )";"47,8055300";"7,3359000"
"202000005145";"28";"2";"2020";"10:15";"1";"67";"67482";"2";"1";"1";"6";"ROME (RUE DE)";"48,5773269";"7,7660777"
"202000005146";"26";"2";"2020";"04:45";"5";"67";"67043";"2";"1";"2";"6";"BRUMATH (ROUTE DE)";"48,6173853";"7,7318858"
"202000005147";"1";"3";"2020";"19:57";"5";"66";"66136";"2";"1";"1";"2";"FRANCE LIBRE (BOULEVARD DE LA)";"42,7042000";"2,8973200"
"202000005148";"2";"3";"2020";"17:15";"1";"64";"64348";"2";"1";"2";"5";"ERCKMAN CHATRIAN";"43,3277450";" -0,3935960"
"202000005149";"2";"3";"2020";"09:15";"1";"64";"64445";"2";"1";"2";"3";"LEON BLUM";"43,3251300";" -0,3250100"
"202000005150";"28";"2";"2020";"19:10";"5";"64";"64335";"2";"1";"1";"6";"ANDRE MARIE AMPERE";"43,3175700";" -0,4319000"
"202000005151";"3";"3";"2020";"00:15";"5";"64";"64024";"2";"9";"2";"7";"BAYONNE (AVENUE DE)";"43,4853100";" -1,5015500"
"202000005152";"29";"2";"2020";"21:05";"5";"63";"63113";"2";"2";"1";"3";"COTTAGES (AVENUE DES)";"45,7649400";"3,0792000"
"202000005153";"29";"2";"2020";"20:46";"5";"63";"63113";"2";"5";"1";"3";"FLAUBERT (BD GUSTAVE)";"45,7641500";"3,1259300"
"202000005154";"8";"2";"2020";"20:50";"5";"62";"62386";"2";"2";"2";"3";"VICTOIRE (R DE LA)";"50,4562100";"2,7444300"
"202000005155";"2";"3";"2020";"20:30";"5";"59";"59599";"2";"3";"8";"6";"JUIN (RUE DU MARECHAL)";"50,7374142";"3,1829050"
"202000005156";"3";"3";"2020";"21:00";"5";"59";"59512";"2";"2";"1";"3";"GAND (QUAI DE)";"50,7057100";"3,1702600"
"202000005157";"28";"2";"2020";"20:40";"5";"59";"59350";"2";"9";"2";"6";"DE COUBERTIN PIERRE BOULEVARD";"50,6477700";"3,0687800"
"202000005158";"7";"2";"2020";"10:30";"1";"59";"59457";"2";"7";"1";"3";"DE GAULLE PLACE DU GENERAL";"50,6683400";"2,9732200"
"202000005159";"28";"2";"2020";"15:15";"1";"59";"59486";"2";"1";"2";"2";"BAILLON (RUE DE)";"50,4164000";"3,1430900"
"202000005160";"2";"3";"2020";"18:15";"1";"56";"56098";"2";"6";"1";"3";"MITTERAND ( AV. FRANCOIS )";"47,7657200";" -3,3292400"
"202000005161";"29";"1";"2020";"16:00";"1";"54";"54184";"2";"1";"2";"6";"BRIGACHTAL (AVENUE DE)";"48,7012150";"6,2251090"
"202000005162";"4";"3";"2020";"01:06";"5";"51";"51454";"2";"2";"1";"3";"Rue Gustave Laurent";"49,2545747";"4,0482399"
"202000005163";"15";"2";"2020";"12:50";"1";"50";"50647";"2";"1";"1";"6";"EUROPE (AVENUE DE L')";"48,8385500";" -1,5604400"
"202000005164";"2";"3";"2020";"07:35";"2";"50";"50129";"1";"1";"2";"3";"FERRY (RUE JULES)";"49,6129600";" -1,6505100"
"202000005165";"28";"2";"2020";"12:25";"2";"50";"50129";"2";"3";"2";"5";"ABBAYE (RUE DE L')";"49,6451800";" -1,6367800"
"202000005166";"29";"2";"2020";"20:30";"5";"49";"49328";"2";"6";"2";"3";"MUSEE DU MOTEUR (ROND-POINT DU)";"47,2455900";" -0,0812300"
"202000005167";"1";"3";"2020";"15:55";"1";"49";"49007";"2";"1";"6";" -1";"MILLOT BOULEVARD JACQUES";"47,4528100";" -0,5406100"
"202000005168";"29";"2";"2020";"18:40";"2";"49";"49007";"2";"1";"6";"3";"CHAPTAL";"47,4743000";" -0,5305700"
"202000005169";"28";"2";"2020";"19:10";"5";"49";"49007";"2";"1";"2";"3";"PYRAMIDE ROUTE";"47,4526500";" -0,5241600"
"202000005170";"25";"2";"2020";"13:03";"1";"49";"49007";"2";"1";"1";"6";"HUGO";"47,4791268";" -0,5373109"
"202000005171";"22";"2";"2020";"02:05";"3";"49";"49007";"2";"1";"1";"6";"MONTESQUIEU PASSAGE";"47,4728175";" -0,5834404"
"202000005172";"3";"3";"2020";"17:30";"1";"45";"45147";"1";"9";"1";"2";"D2060-PR97+650";"47,9413900";"1,9092400"
"202000005173";"3";"3";"2020";"11:10";"1";"45";"45169";"2";"1";"1";"6";"Rue de la Justice";"47,9274848";"1,8404197"
"202000005174";"3";"3";"2020";"08:30";"1";"45";"45234";"2";"2";"1";"3";"Boulevard Marie Stuart-Rue d'Ambert";"47,9084990";"1,9382710"
"202000005175";"28";"2";"2020";"19:30";"5";"45";"45232";"2";"3";"1";"3";"Av de Verdun-Av R Secrétain";"47,8683370";"1,9122080"
"202000005176";"13";"2";"2020";"09:30";"1";"45";"45075";"1";"1";"2";"7";"D2152 - PR 66+350";"47,8836417";"1,8208390"
"202000005177";"2";"3";"2020";"15:40";"1";"45";"45208";"2";"1";"2";"6";"RTE FORESTIERE  DES SEPT FRERES";"48,0117000";"2,7485800"
"202000005178";"2";"3";"2020";"02:45";"3";"45";"45004";"1";"1";"1";"6";"D2060 - PR 25+390";"47,9928255";"2,7787401"
"202000005179";"29";"2";"2020";"23:00";"5";"45";"45338";"2";"2";"1";"6";"R J JAURES - R DU G DE SALLES";"47,9972155";"2,7126329"
"202000005180";"9";"1";"2020";"13:15";"1";"44";"44109";"2";"6";"2";"6";"RUE HENRI PICHERIT";"47,2525200";" -1,5533300"
"202000005181";"22";"2";"2020";"23:38";"5";"42";"42270";"1";"1";"1";"1";"Route des Gorges";"45,3975043";"4,2359155"
"202000005182";"29";"2";"2020";"13:30";"1";"39";"39198";"2";"2";"6";"3";"Carrefour Bd Wilson / Av. de la Paix";"47,0970490";"5,4946950"
"202000005183";"17";"9";"2020";"12:40";"1";"973";"97302";"2";"1";"1";"6";"RABAN (ROUTE DE)";"4,9345176";" -52,3139763"
"202000005184";"17";"9";"2020";"07:57";"1";"973";"97302";"2";"1";"1";"3";"CABASSOU (ROUTE DE)";"4,9174000";" -52,3127400"
"202000005185";"16";"9";"2020";"12:31";"1";"973";"97302";"2";"2";"1";"5";"CABASSOU (ROUTE DE)";"4,9192600";" -52,3175800"
"202000005186";"17";"9";"2020";"14:45";"1";"69";"69386";"2";"2";"1";"3";"GARIBALDI                           (R )";"45,7666228";"4,8508897"
"202000005187";"17";"9";"2020";"06:05";"5";"69";"69383";"2";"1";"1";"7";"VICTOR AUGAGNEUR                    (QU)";"45,7598104";"4,8410164"
"202000005188";"16";"9";"2020";"07:30";"1";"972";"97209";"1";"3";"1";"3";"REDOUTE (ROUTE DE LA)";"14,6153000";" -61,0620000"
"202000005189";"17";"9";"2020";"18:30";"1";"69";"69384";"2";"3";"1";"3";"HENON                               (R )";"45,7795900";"4,8235600"
"202000005190";"17";"9";"2020";"17:20";"1";"69";"69389";"2";"1";"1";"3";"PROFESSEUR GUERIN (DU)              (R )";"45,7654333";"4,8006162"
"202000005191";"17";"9";"2020";"10:00";"1";"69";"69034";"2";"1";"1";"3";"Rue Coste";"45,7887500";"4,8349900"
"202000005192";"16";"9";"2020";"19:30";"1";"69";"69389";"2";"1";"1";"3";"DOCTEUR HORAND (DU)                 (R )";"45,7729200";"4,8012400"
"202000005193";"17";"9";"2020";"13:55";"1";"2A";"2A004";"2";"1";"1";"2";"CALVI  ROUTE";"41,9534768";"8,7839507"
"202000005194";"17";"9";"2020";"13:22";"1";"2A";"2A004";"2";"1";"1";"7";"PARIS AVENUE";"41,9183870";"8,7355589"
"202000005195";"16";"9";"2020";"10:40";"1";"95";"95197";"2";"1";"1";"3";"SAINT-DENIS (ROUTE)";"48,9653210";"2,3197980"
"202000005196";"17";"9";"2020";"19:45";"1";"95";"95257";"2";"2";"1";"3";"VILLE DE PARIS(RUE DE LA)";"48,9826140";"2,1751730"
"202000005197";"17";"9";"2020";"23:00";"3";"91";"91421";"1";"1";"1";"7";"NATIONALE 6 (PARTIE FORET)";"48,6886800";"2,4810900"
"202000005198";"17";"9";"2020";"10:45";"1";"91";"91421";"2";"9";"1";"6";"CORBEIL (ROUTE DE)";"48,7112000";"2,4423300"
"202000005199";"17";"9";"2020";"10:45";"1";"91";"91027";"2";"2";"7";"3";"CONCORDE (RUE DE LA)";"48,6994300";"2,3618100"
"202000005200";"16";"9";"2020";"20:06";"5";"87";"87085";"2";"1";"1";"6";"254 Avenue Maréchal de Lattre de Tassigny";"45,8269701";"1,2855318"
"202000005201";"15";"9";"2020";"20:05";"5";"84";"84007";"2";"3";"1";"3";"128 (Route Nationale)-MONTFAVET";"43,9407800";"4,8273000"
"202000005202";"16";"9";"2020";"08:15";"1";"82";"82121";"1";"6";"1";"3";"giratoire marc DAUTRY";"44,0273000";"1,3257300"
"202000005203";"14";"9";"2020";"13:40";"1";"80";"80021";"2";"1";"1";"3";"JULES VALLES (AVENUE)";"49,9156800";"2,2472700"
"202000005204";"16";"9";"2020";"08:50";"1";"78";"78396";"2";"3";"1";"3";"AVENUE DE POISSY";"48,9424300";"2,1233300"