"Num_Acc";"jour";"mois";"an";"hrmn";"lum";"dep";"com";"agg";"int";"atm";"col";"adr";"lat";"long"
"202000005205";"16";"9";"2020";"17:40";"1";"77";"77053";"2";"1";"1";"6";"JEAN JAURES (BOULEVARD) - D50";"48,6926300";"2,6080000"
"202000005206";"17";"9";"2020";"21:00";"5";"77";"77445";"2";"6";"1";"6";"MENDES-FRANCE (AVENUE PIERRE) / D50";"48,5949500";"2,5655100"
"202000005207";"17";"9";"2020";"08:10";"1";"77";"77468";"2";"1";"1";"4";"NOISIEL (ROUTE DE)";"48,8566006";"2,6385748"
"202000005208";"17";"9";"2020";"17:15";"1";"77";"77186";"1";"2";"1";"3";"RD606. de la rochette à l'obélisque";"48,4811958";"2,6692174"
"202000005209";"11";"8";"2020";"17:20";"1";"77";"77186";"2";"1";"1";"4";"D606";"48,4114800";"2,6950900"
"202000005210";"17";"9";"2020";"17:35";"1";"74";"74012";"2";"9";"1";"6";"COMMERCE (RUE DU)";"46,1941100";"6,2352200"
"202000005211";"17";"9";"2020";"18:00";"1";"72";"72181";"2";"3";"1";"6";"RUAUDIN (RUE) N° IMP 1 A 67";"47,9803000";"0,2165900"
"202000005212";"11";"9";"2020";"16:00";"1";"69";"69091";"2";"1";"1";"4";"JEAN LIGONNET ( R )";"45,5917900";"4,7703600"
"202000005213";"15";"9";"2020";"20:35";"5";"67";"67482";"2";"1";"1";"3";"SALLUSTE (RUE)";"48,5840708";"7,6934642"
"202000005214";"17";"9";"2020";"07:50";"1";"66";"66136";"2";"1";"1";"3";"PYRENEES (BOULEVARD DES)";"42,6953500";"2,8888200"
"202000005215";"10";"9";"2020";"09:35";"1";"65";"65286";"2";"1";"1";"6";"MARANSIN (CHAUSSEE)";"43,0984900";" -0,0455430"
"202000005216";"16";"9";"2020";"15:18";"1";"64";"64445";"2";"1";"1";"3";"ALSACE LORRAINE D'";"43,3029300";" -0,3623100"
"202000005217";"16";"9";"2020";"11:40";"1";"64";"64445";"2";"1";"1";"1";"MARCA";"43,2943300";" -0,3772400"
"202000005218";"16";"9";"2020";"06:20";"5";"64";"64122";"2";"1";"1";"7";"DASSAULT MARCEL (BD)";"43,4548600";" -1,5528300"
"202000005219";"17";"9";"2020";"19:20";"2";"59";"59599";"2";"6";"1";"6";"FRANCS (RUE DES)";"50,7181000";"3,1408000"
"202000005220";"17";"9";"2020";"14:55";"1";"59";"59295";"2";"1";"1";"6";"AVENUE DES FLANDRES";"50,7314400";"2,5290600"
"202000005221";"17";"9";"2020";"01:30";"3";"54";"54451";"1";"1";"1";" -1";"route nationale 52";"49,5148000";"5,7490000"
"202000005222";"17";"9";"2020";"17:30";"1";"45";"45234";"1";"1";"1";"1";"avenue Gaston Galloux";"47,8625183";"1,9366908"
"202000005223";"17";"9";"2020";"15:40";"1";"45";"45234";"2";"2";"1";"3";" Rue Eugene Vignat-Boulevard Guy - Marie Riobe";"47,9128590";"1,9125130"
"202000005224";"13";"9";"2020";"09:50";"1";"44";"44109";"2";"1";"7";"3";"Route de Carquefou";"47,2661500";" -1,5138900"
"202000005225";"17";"9";"2020";"13:40";"1";"35";"35281";"2";"1";"1";"6";"MERMOZ (BOULEVARD JEAN)";"48,0936100";" -1,7009400"
"202000005226";"17";"9";"2020";"18:05";"1";"34";"34172";"2";"3";"1";"3";"CLEMENT ST";"43,6163000";"3,8468000"
"202000005227";"17";"9";"2020";"08:45";"1";"34";"34172";"2";"1";"1";"3";"CROIX DE LAVIT (RUE DE LA)";"43,6409500";"3,8375200"
"202000005228";"16";"9";"2020";"16:48";"1";"31";"31555";"2";"1";"1";"3";"RTE DE SAINT SIMON";"43,5907300";"1,4176700"
"202000005229";"16";"9";"2020";"20:56";"5";"30";"30189";"2";"2";"1";"3";"CASERNETTE (RUE)";"43,8305000";"4,3539000"
"202000005230";"16";"9";"2020";"17:10";"1";"28";"28134";"2";"1";"1";"2";"ARC (BD JEANNE D')";"48,7423800";"1,3466500"
"202000005231";"16";"9";"2020";"20:45";"3";"27";"27375";"2";"1";"1";" -1";"CHAMP DE VILLE (PLACE DU)";"49,2097000";"1,1631000"
"202000005232";"14";"9";"2020";"15:50";"1";"22";"22278";"2";"1";"1";"3";"HOCHE (BD)";"48,5052300";" -2,7695600"
"202000005233";"16";"9";"2020";"21:00";"3";"18";"18255";"1";"1";"1";"2";"N151";"47,0327800";"2,3130600"
"202000005234";"17";"9";"2020";"20:20";"5";"17";"17300";"2";"1";"1";"2";"ONZE NOVEMBRE 1918   AVENUE DU";"46,1734000";" -1,1504900"
"202000005235";"15";"9";"2020";"10:13";"1";"17";"17274";"1";"1";"1";"4";"D108";"46,1605700";" -1,0819500"
"202000005236";"17";"9";"2020";"19:30";"2";"13";"13209";"2";"1";"1";"7";"COL DE LA GINESTE D559";"43,2398000";"5,4517000"
"202000005237";"17";"9";"2020";"15:30";"1";"13";"13205";"2";"2";"1";"3";"SAKAKINI (BOULEVARD)";"43,2924200";"5,4011800"
"202000005238";"17";"9";"2020";"15:20";"1";"13";"13210";"2";"2";"1";"3";"RABATAU (BOULEVARD)";"43,2793550";"5,3992380"
"202000005239";"17";"9";"2020";"15:05";"1";"13";"13209";"2";"1";"1";"2";"GOUFFONNE (TRAVERSE DE LA)";"43,2466800";"5,4130200"
"202000005240";"17";"9";"2020";"08:00";"1";"13";"13203";"2";"4";"1";"7";"GÉNÉRAL LECLERC (RUE)";"43,3044599";"5,3759287"
"202000005241";"16";"9";"2020";"00:00";"5";"13";"13208";"2";"1";"1";" -1";"RABATAU (BOULEVARD)";"43,2756410";"5,3962690"
"202000005242";"17";"9";"2020";"11:50";"1";"13";"13005";"2";"9";"1";"3";"CAMP DE SARLIER ROUTE DE GEMENOS";"43,2929300";"5,5896600"
"202000005243";"16";"9";"2020";"16:25";"1";"13";"13005";"2";"1";"1";"3";"NATIONALE 8 DE PARIS A TOULON (ROUTE)";"43,2847500";"5,5506000"
"202000005244";"17";"9";"2020";"13:45";"1";"12";"12145";"2";"6";"1";"3";"DE GAULLE CHARLES (AVENUE)";"44,1163200";"3,0670200"
"202000005245";"17";"9";"2020";"06:15";"5";"06";"06027";"2";"1";"1";"7";"BIR HAKEIM RUE";"43,6570000";"7,1526500"
"202000005246";"16";"9";"2020";"06:55";"2";"05";"05061";"2";"6";"1";"3";"BELLE AUREILLE (RUE DE)";"44,5344900";"6,0509500"
"202000005247";"15";"9";"2020";"12:00";"1";"04";"04070";"2";"3";"1";"3";"Inter Av Cuzin / Rue Jules et Alexandre Arnoux";"44,0883963";"6,2316238"
"202000005248";"16";"9";"2020";"17:00";"1";"03";"03211";"1";"6";"1";"6";"Route de l’Hermitage";"46,3249625";"2,5592563"
"202000005249";"16";"9";"2020";"12:40";"1";"01";"01289";"2";"2";"1";"6";"LYON ( AVE DE) A PARTIR";"46,1918500";"5,2123800"
"202000005250";"17";"9";"2020";"08:35";"1";"75";"75116";"2";"1";"1";"4";"BOULEVARD PERIPHERIQUE";"48,8674120";"2,2691630"
"202000005251";"16";"9";"2020";"08:40";"1";"75";"75113";"2";"1";"1";"2";"PORTE D IVRY";"48,8266350";"2,3889950"
"202000005252";"17";"9";"2020";"11:33";"1";"75";"75116";"2";"2";"1";"6";"BOULEVARD MURAT";"48,8453470";"2,2575470"
"202000005253";"17";"9";"2020";"13:35";"1";"75";"75105";"2";"2";"1";"3";"RUE GAY LUSSAC";"48,8460910";"2,3411520"
"202000005254";"17";"9";"2020";"18:15";"1";"75";"75119";"2";"1";"1";"2";"AVENUE DE FLANDRE";"48,8899340";"2,3756950"
"202000005255";"17";"9";"2020";"16:45";"1";"75";"75119";"2";"1";"1";"7";"RUE ALPHONSE KARR";"48,8948430";"2,3807580"
"202000005256";"16";"9";"2020";"22:32";"5";"75";"75119";"2";"1";"1";"1";"AVENUE DE LA PORTE DE LA VILLETTE";"48,8988210";"2,3868110"
"202000005257";"17";"9";"2020";"08:45";"1";"75";"75117";"2";"1";"1";"7";"BOULEVARD MALESHERBES";"48,8849730";"2,3075090"
"202000005258";"16";"9";"2020";"12:00";"1";"75";"75117";"2";"7";"1";"3";"PLACE DU MARECHAL JUIN";"48,8845800";"2,2976510"
"202000005259";"17";"9";"2020";"10:30";"1";"75";"75116";"2";"2";"1";"2";"AVENUE D IENA";"48,8695480";"2,2957400"
"202000005260";"15";"9";"2020";"22:40";"3";"75";"75116";"2";"3";"1";"2";"AVENUE DE NEW YORK";"48,8588160";"2,2890030"
"202000005261";"17";"9";"2020";"18:50";"1";"75";"75115";"2";"1";"1";"7";"BOULEVARD DE GRENELLE";"48,8538860";"2,2895620"
"202000005262";"17";"9";"2020";"16:40";"1";"75";"75115";"2";"1";"1";"2";"RUE DESNOUETTES";"48,8357900";"2,2868160"
"202000005263";"16";"9";"2020";"19:15";"2";"75";"75115";"2";"1";"1";"6";"RUE LOUIS ARMAND";"48,8329840";"2,2781130"
"202000005264";"16";"9";"2020";"15:45";"1";"75";"75114";"2";"2";"1";"6";"RUE ALAIN";"48,8355300";"2,3154280"
"202000005265";"16";"9";"2020";"09:40";"1";"75";"75114";"2";"4";"1";"6";"AVENUE DU MAINE";"48,8340830";"2,3243210"
"202000005266";"17";"9";"2020";"17:10";"1";"75";"75113";"2";"2";"1";"3";"AVENUE D ITALIE";"48,8221980";"2,3585340"
"202000005267";"17";"9";"2020";"16:15";"1";"75";"75111";"2";"2";"1";"3";"AVENUE DE LA REPUBLIQUE";"48,8663480";"2,3688550"
"202000005268";"16";"9";"2020";"23:10";"5";"75";"75109";"2";"1";"1";"3";"RUE DES MARTYRS";"48,8770950";"2,3393250"
"202000005269";"17";"9";"2020";"18:00";"1";"75";"75108";"2";"3";"1";"6";"RUE DE CONSTANTINOPLE";"48,8801310";"2,3199650"
"202000005270";"17";"9";"2020";"13:59";"1";"75";"75108";"2";"7";"1";"3";"RUE ROYALE";"48,8666670";"2,3220230"
"202000005271";"17";"9";"2020";"09:50";"1";"75";"75108";"2";"1";"1";"2";"RUE JEAN MERMOZ";"48,8716090";"2,3120970"
"202000005272";"16";"9";"2020";"13:15";"1";"75";"75108";"2";"3";"1";"6";"AVENUE DES CHAMPS ELYSEES";"48,8714820";"2,3025020"
"202000005273";"17";"9";"2020";"11:45";"1";"75";"75107";"2";"2";"1";"3";"QUAI D ORSAY";"48,8628280";"2,3134610"
"202000005274";"17";"9";"2020";"18:20";"1";"75";"75104";"2";"3";"1";"3";"BOULEVARD DE SEBASTOPOL";"48,8587330";"2,3483470"
"202000005275";"17";"9";"2020";"10:00";"1";"75";"75104";"2";"3";"1";"6";"RUE SAINT ANTOINE";"48,8550620";"2,3616800"
"202000005276";"17";"9";"2020";"12:20";"1";"94";"94081";"2";"1";"1";"6";"ANATOLE FRANCE (AV)";"48,8018400";"2,4029200"
"202000005277";"17";"9";"2020";"18:30";"1";"94";"94068";"2";"3";"1";"6";"VICTORIA (AV)";"48,7979260";"2,4960220"
"202000005278";"17";"9";"2020";"13:50";"1";"94";"94046";"2";"1";"1";"6";"DIX HUIT JUIN 1940 (R DU)";"48,8029350";"2,4421620"
"202000005279";"16";"9";"2020";"10:50";"1";"94";"94041";"2";"2";"1";"3";"JEAN LE GALLEU (R)";"48,8106100";"2,3800000"
"202000005280";"17";"9";"2020";"17:45";"1";"94";"94028";"2";"1";"1";"5";"CHOISY(ROUTE DE)";"48,7837400";"2,4474400"
"202000005281";"17";"9";"2020";"10:20";"1";"94";"94001";"2";"2";"1";"3";"SIMON (R)";"48,7254800";"2,4232700"
"202000005282";"17";"9";"2020";"08:30";"1";"94";"94077";"2";"2";"1";"3";"REPUBLIQUE (AV DE LA)";"48,7320900";"2,4098500"
"202000005283";"17";"9";"2020";"22:02";"5";"94";"94060";"2";"1";"1";"7";"GEORGES POMPIDOU (AV)";"48,7929700";"2,5673200"
"202000005284";"17";"9";"2020";"08:25";"1";"94";"94053";"2";"2";"1";"1";"D'ESTIENNE D'ORVES (R)";"48,7772680";"2,5451040"
"202000005285";"16";"9";"2020";"10:25";"1";"94";"94019";"2";"1";"1";"3";"RABELAIS (R)";"48,8028000";"2,5524000"
"202000005286";"17";"9";"2020";"12:40";"1";"94";"94004";"2";"1";"1";"1";"GENERAL LECLERC (AV DU)";"48,7562100";"2,5045300"
"202000005287";"17";"9";"2020";"16:10";"1";"93";"93073";"2";"1";"1";"4";"PETITS PONTS (ROUTE DES)";"48,9644300";"2,5659700"
"202000005288";"17";"9";"2020";"18:50";"1";"93";"93059";"2";"1";"1";"6";"LENINE (AVENUE) N°36 AU 120 ET N°45 AU 1";"48,9606317";"2,3587883"
"202000005289";"15";"9";"2020";"21:50";"5";"93";"93070";"2";"1";"1";"3";"ALBERT-DHALENNE (RUE)";"48,9152205";"2,3314315"
"202000005290";"17";"9";"2020";"17:30";"1";"93";"93066";"2";"2";"1";"3";"BD ANATOLE FRANCE / BD JEAN JAURES";"48,9152600";"2,3377300"
"202000005291";"17";"9";"2020";"04:20";"5";"93";"93077";"2";"9";"1";"6";"AV DU RAINCY";"48,8894700";"2,5112200"
"202000005292";"17";"9";"2020";"21:25";"5";"93";"93051";"2";"1";"1";"6";"ROUGET DE LISLE";"48,8417500";"2,5572900"
"202000005293";"17";"9";"2020";"15:55";"1";"93";"93031";"2";"1";"1";"6";"R DE PARIS";"48,9538300";"2,3110900"
"202000005294";"16";"9";"2020";"18:10";"1";"93";"93029";"2";"1";"1";" -1";"AV HENRI BARBUSSE N°2-124";"48,9183200";"2,4482000"
"202000005295";"17";"9";"2020";"05:10";"5";"93";"93014";"2";"2";"1";"3";"COTEAU (AVENUE DU)";"48,9145700";"2,5458100"
"202000005296";"16";"9";"2020";"23:08";"5";"93";"93057";"2";"1";"1";"6";"AV ARISTIDE BRIAND";"48,9096700";"2,5061100"
"202000005297";"17";"9";"2020";"10:00";"1";"93";"93001";"2";"1";"1";"6";"DANIELLE CASANOVA (RUE)  56 =>";"48,9186143";"2,3921135"
"202000005298";"28";"8";"2020";"17:00";"1";"92";"92062";"2";"9";"1";"5";"PUTEAUX (PONT DE)";"48,8774000";"2,2440000"
"202000005299";"17";"9";"2020";"16:15";"1";"92";"92035";"2";"1";"1";"6";"Aigle ( rue de l' )";"48,9096769";"2,2526184"
"202000005300";"17";"9";"2020";"15:45";"1";"92";"92062";"2";"1";"1";"7";"DELARIVIERE LEFOULLON (RUE)";"48,8881124";"2,2426921"
"202000005301";"16";"9";"2020";"18:55";"1";"92";"92025";"2";"2";"1";"3";"PAUL BERT (RUE)";"48,9273800";"2,2470200"
"202000005302";"17";"9";"2020";"11:10";"1";"92";"92024";"2";"2";"1";"3";"GENERAL LECLERC (BD DU) (9 A 59)   (4 A";"48,9013219";"2,3152349"
"202000005303";"10";"6";"2020";"12:50";"1";"92";"92004";"2";"1";"1";"3";"LAURENT-CELY  ( AVENUE )";"48,9154700";"2,3089200"
"202000005304";"17";"9";"2020";"07:15";"1";"01";"01381";"1";"1";"1";"6";"Chemin de Camet";"46,0396080";"5,1320100"
"202000005305";"18";"9";"2020";"14:35";"1";"62";"62229";"1";"1";"1";"3";"D928";"50,6628530";"2,1873630"
"202000005306";"15";"9";"2020";"11:55";"1";"67";"67061";"2";"1";"1";"6";"1 Rue du 22 Novembre";"48,8244357";"7,4802247"
"202000005307";"17";"9";"2020";"16:45";"1";"973";"97353";"2";"1";"1";"3";"lucien vochel";"3,6442931";" -54,0330577"
"202000005308";"15";"8";"2020";"03:25";"5";"40";"40065";"2";"1";"1";"6";"Quai du Bourret";"43,6539860";" -1,4348420"
"202000005309";"18";"9";"2020";"09:15";"1";"974";"97401";"2";"3";"1";"6";"Chemin Kerbel";" -21,2402490";"55,3334610"
"202000005310";"18";"9";"2020";"07:35";"1";"83";"83086";"2";"1";"1";"6";"Chemin de Barnafé";"43,4689880";"6,5545520"
"202000005311";"18";"9";"2020";"13:42";"1";"63";"63020";"1";"1";"1";"6";"D2089";"45,6908007";"2,9251226"
"202000005312";"17";"9";"2020";"08:24";"2";"01";"01166";"2";"2";"1";"3";"Route des Sorbiers";"45,9915200";"4,7733770"
"202000005313";"18";"9";"2020";"08:05";"1";"83";"83019";"2";"1";"1";"3";"Route de Bénat";"43,1376049";"6,3505425"
"202000005314";"17";"9";"2020";"11:35";"1";"50";"50523";"1";"1";"1";" -1";"Sainte-Mère-Église";"49,3914100";" -1,3044760"
"202000005315";"18";"9";"2020";"17:20";"1";"62";"62465";"2";"1";"1";"3";"18 Rue de la Basèque";"50,1856990";"2,5705000"
"202000005316";"18";"9";"2020";"17:15";"1";"67";"67434";"1";"1";"1";"6";"D8";"48,9444873";"7,1174096"
"202000005317";"18";"9";"2020";"13:50";"1";"81";"81063";"2";"6";"1";"3";"Départementale 1";"43,9389141";"2,0779455"
"202000005318";"18";"9";"2020";"09:20";"1";"42";"42278";"2";"1";"1";"6";"Route du Sauzet";"45,7953010";"3,8159760"
"202000005319";"12";"9";"2020";"09:50";"1";"44";"44154";"2";"6";"1";"3";"39 Rue de Pornic";"47,2447930";" -2,1621820"
"202000005320";"18";"8";"2020";"02:35";"3";"29";"29215";"2";"4";"1";"6";"Prat Meur";"47,9780427";" -4,4478377"
"202000005321";"16";"9";"2020";"19:30";"2";"31";"31390";"2";"1";"1";"2";"Avenue du Nord";"43,0879000";"0,5659680"
"202000005322";"18";"9";"2020";"18:35";"1";"38";"38384";"1";"6";"1";"3";"D154D";"45,3553720";"5,3359060"
"202000005323";"17";"9";"2020";"11:40";"1";"38";"38457";"2";"1";"1";"6";"Rue des Rogations";"45,3300070";"5,2447840"
"202000005324";"17";"9";"2020";"18:45";"1";"15";"15187";"2";"1";"1";"1";"Avenue du Sailhant";"45,0413640";"3,0826740"
"202000005325";"18";"9";"2020";"17:20";"1";"15";"15175";"1";"1";"1";"5";"D922";"45,0274590";"2,4495970"
"202000005326";"17";"9";"2020";"22:00";"3";"01";"01428";"1";"2";"1";"1";"D75";"46,1108350";"4,8608710"
"202000005327";"17";"9";"2020";"14:00";"1";"72";"72006";"2";"1";"1";"6";"D338";"48,3981890";"0,0877410"
"202000005328";"18";"9";"2020";"09:15";"1";"60";"60062";"1";"3";"1";"3";"RD 130";"49,6608080";"3,0715160"
"202000005329";"17";"9";"2020";"06:55";"2";"60";"60641";"1";"1";"1";"3";"D130";"49,4723070";"2,9754500"
"202000005330";"18";"9";"2020";"00:03";"3";"64";"64451";"1";"1";"1";"7";"D202";"43,3369390";" -0,0574420"
"202000005331";"17";"9";"2020";"15:57";"1";"43";"43039";"2";"1";"1";"3";"RN88";"44,9457340";"3,8476180"
"202000005332";"18";"9";"2020";"09:00";"1";"10";"10033";"2";"1";"1";"6";"14 Boulevard Gambetta";"48,2341310";"4,7101760"
"202000005333";"17";"9";"2020";"18:15";"2";"16";"16393";"1";"1";"1";"7";"Route de Fonciron à Coursac";"45,7423110";"0,1113440"
"202000005334";"10";"9";"2020";"15:45";"1";"37";"37281";"2";"2";"1";"3";"Avenue Maginot";"47,4119763";"0,7990997"
"202000005335";"30";"8";"2020";"22:55";"5";"08";"08327";"2";"3";"2";"3";"Rue Paul Vaillant Couturier";"49,7044300";"4,7944490"
"202000005336";"11";"9";"2020";"11:55";"1";"24";"24274";"1";"1";"1";"1";"D107";"44,7730630";"0,4715650"
"202000005337";"18";"9";"2020";"08:15";"1";"95";"95392";"2";"1";"1";"6";"4 Ruelle de la Gare";"49,0776306";"2,2047329"
"202000005338";"18";"9";"2020";"10:15";"1";"31";"31341";"1";"1";"1";"1";"RD 2, PK 005.955";"43,7455260";"1,3074430"
"202000005339";"18";"9";"2020";"10:30";"1";"74";"74010";"1";"3";"7";"1";"Chemin de Chateau - Vieux";"45,8743350";"6,0844300"
"202000005340";"14";"8";"2020";"21:45";"5";"976";"97601";"2";"1";"1";"1";"Rue Boira Soilihi";" -12,7221340";"45,0557560"
"202000005341";"17";"9";"2020";"19:30";"3";"13";"13068";"2";"1";"1";"6";"57 Avenue de la Vallée des Baux";"43,7204950";"4,7855020"
"202000005342";"18";"8";"2020";"07:19";"1";"28";"28392";"1";"1";"1";"6";"A10 PK 061+800 sens PROVINCE PARIS";"48,2288470";"1,8482780"
"202000005343";"17";"9";"2020";"22:45";"3";"988";"98829";"1";"3";"1";"6";"RP4/VU56";" -21,6353400";"166,2018500"
"202000005344";"17";"9";"2020";"22:30";"5";"971";"97119";"1";"1";"1";"1";"12 Rue de Balin";"16,3696290";" -61,4536890"
"202000005345";"17";"9";"2020";"09:55";"1";"978";"97801";"2";"1";"1";"6";"rue de Hollande - Marigot";"18,0721250";" -63,0811090"
"202000005346";"17";"9";"2020";"09:25";"1";"91";"91249";"1";"3";"1";"3";"D97";"48,6293880";"2,0668780"
"202000005347";"18";"9";"2020";"08:00";"1";"78";"78120";"2";"1";"1";"5";"474 Rue du Chat Noir";"48,6234880";"1,9884500"
"202000005348";"16";"9";"2020";"17:30";"1";"84";"84147";"1";"1";"1";"5";"chemin des plaines";"43,6980070";"5,4477170"
"202000005349";"17";"9";"2020";"17:00";"1";"83";"83143";"1";"1";"1";"1";"D22";"43,4539550";"6,0944940"
"202000005350";"18";"9";"2020";"15:00";"1";"04";"04148";"1";"1";"1";"7";"RD 4085";"43,8151429";"6,5929695"
"202000005351";"18";"9";"2020";"17:00";"1";"39";"39210";"1";"1";"1";"7";"Route Forestière de la Vieille Fresse";"46,7596820";"5,9531570"
"202000005352";"18";"9";"2020";"15:55";"1";"54";"54364";"1";"1";"1";"5";"D331";"48,6006933";"6,1262512"
"202000005353";"18";"9";"2020";"12:19";"1";"38";"38344";"1";"3";"1";"2";"Roue d'Auberives";"45,3924218";"4,8294143"
"202000005354";"18";"9";"2020";"19:45";"2";"69";"69019";"2";"9";"1";"3";"Rue Saint-exupéry (Belleville)/entrée parking INTERMARCHÉ";"46,1042780";"4,7477350"
"202000005355";"18";"9";"2020";"08:00";"2";"69";"69089";"2";"1";"1";"4";"75 Grande Rue";"45,7360920";"4,7654590"
"202000005356";"17";"9";"2020";"21:30";"3";"09";"09150";"1";"1";"1";"7";"D7";"43,0557890";"1,9236480"
"202000005357";"30";"8";"2020";"07:13";"2";"19";"19203";"1";"9";"1";"6";"D940";"45,1848730";"1,7620180"
"202000005358";"15";"9";"2020";"17:10";"1";"53";"53001";"1";"1";"1";"3";"D545";"48,0199770";" -0,8768680"
"202000005359";"17";"9";"2020";"11:00";"1";"49";"49332";"2";"3";"1";"3";"3 Allée des Pinsons";"47,0622000";" -0,9351040"
"202000005360";"18";"9";"2020";"10:55";"1";"22";"22173";"1";"2";"1";"6";"le val";"48,5453500";" -2,5957670"
"202000005361";"16";"8";"2020";"05:50";"3";"35";"35037";"1";"9";"9";"6";"Le Grand Pont";"48,0659760";" -1,8569060"
"202000005362";"16";"9";"2020";"13:00";"1";"60";"60325";"2";"1";"1";"6";"Rue Charles Ladame";"49,3785380";"2,7705420"
"202000005363";"16";"8";"2020";"11:30";"1";"60";"60041";"2";"8";"3";"7";"D12";"49,3927519";"2,2073582"
"202000005364";"18";"9";"2020";"10:40";"1";"80";"80561";"2";"1";"1";"6";"12 Rue de Roye";"49,6482780";"2,5808000"
"202000005365";"17";"9";"2020";"16:10";"1";"59";"59053";"1";"1";"1";"2";"D649";"50,2969984";"3,8203340"
"202000005366";"15";"9";"2020";"22:10";"3";"59";"59618";"1";"9";"1";"7";"Rue de Marpent";"50,3201760";"4,0521100"
"202000005367";"16";"9";"2020";"19:12";"5";"13";"13202";"2";"1";"1";"4";"Tunnel Joliette Marseille vers Aubagne";"43,3066200";"5,3658300"
"202000005368";"17";"9";"2020";"09:40";"1";"13";"13207";"1";"1";"1";"2";"Tunnel Prado Carénage";"43,2964870";"5,3628490"
"202000005369";"17";"9";"2020";"06:00";"3";"13";"13071";"1";"1";"1";"7";"A5502D-Sens Marseille vers A55-Martigues";"43,4046300";"5,3036000"
"202000005370";"12";"9";"2020";"04:30";"3";"69";"69297";"1";"9";"1";"4";"A7   15.770 A 20.110";"45,6209703";"4,8132045"
"202000005371";"17";"9";"2020";"08:10";"1";"67";"67218";"1";"1";"1";"3";"BRETELLE SORTIE";"48,5471547";"7,7268015"
"202000005372";"17";"9";"2020";"19:40";"1";"91";"91340";"1";"1";"1";"2";"RN 104";"48,6088900";"2,4387800"
"202000005373";"17";"9";"2020";"16:00";"1";"91";"91340";"1";"1";"1";"2";"RN 104";"48,6082600";"2,4455000"
"202000005374";"17";"9";"2020";"15:55";"1";"94";"94034";"1";"1";"1";"4";"AUTOROUTE A6A";"48,7442800";"2,3242900"
"202000005375";"17";"9";"2020";"15:55";"1";"92";"92050";"1";"1";"1";"6";"A86";"48,9011300";"2,2021270"
"202000005376";"17";"9";"2020";"08:50";"1";"78";"78423";"1";"1";"1";"2";"RN12";"48,7947600";"2,0484710"
"202000005377";"17";"6";"2020";"19:30";"1";"27";"27065";"1";"1";"1";"6";"A13";"49,3196460";"0,3164150"
"202000005378";"22";"6";"2020";"07:40";"1";"51";"51212";"1";"1";"1";"2";"A26";"48,7776744";"4,2592645"
"202000005379";"21";"6";"2020";"00:00";"3";"987";"98739";"1";"1";"1";"1";"RT 322";" -23,8689980";" -147,6752720"
"202000005380";"20";"6";"2020";"17:20";"1";"987";"98729";"1";"1";"1";"2";"PK 13+200 Pihaena";" -17,5331890";" -149,8386110"
"202000005381";"22";"6";"2020";"13:50";"5";"974";"97408";"2";"1";"1";"1";"Rue Saint Louis";" -20,9592755";"55,3277117"
"202000005382";"21";"6";"2020";"19:50";"1";"77";"77168";"2";"2";"1";"3";"38 Rue des Fossés - D69A";"48,1768820";"2,8731070"
"202000005383";"22";"6";"2020";"16:30";"1";"77";"77388";"2";"1";"1";"6";"Rue du 8 Mai 1945 - D402";"48,9635180";"3,1549630"
"202000005384";"21";"6";"2020";"14:00";"1";"2B";"2B265";"1";"1";"1";"2";"Rd82";"42,5946380";"9,3689350"
"202000005385";"22";"6";"2020";"17:29";"1";"34";"34157";"2";"9";"1";"3";"51 Chemin du Ceinturon";"43,4368650";"3,5899170"
"202000005386";"21";"6";"2020";"18:00";"1";"34";"34023";"2";"2";"1";"3";"Rd 2 - route de Sete";"43,4434010";"3,6967060"
"202000005387";"21";"6";"2020";"14:20";"1";"06";"06057";"1";"1";"1";"1";"140 Route du Col de Nice";"43,8295930";"7,3506370"
"202000005388";"21";"6";"2020";"18:20";"1";"13";"13041";"1";"3";"1";"3";"D58a";"43,4453600";"5,4576520"
"202000005389";"21";"6";"2020";"17:45";"1";"71";"71074";"2";"1";"1";"6";"277 Rue Savy le Haut";"46,2543035";"4,7654536"
"202000005390";"19";"6";"2020";"18:25";"1";"21";"21370";"2";"1";"1";"3";"3 Rue du Moulin";"47,2764792";"5,1723965"
"202000005391";"22";"6";"2020";"11:15";"1";"68";"68116";"1";"1";"1";"2";"D83";"47,9296830";"7,2727720"
"202000005392";"22";"6";"2020";"18:50";"1";"03";"03286";"2";"6";"1";"3";"N/A";"46,5252275";"3,3529685"
"202000005393";"21";"6";"2020";"02:30";"3";"38";"38197";"1";"1";"1";"7";"D517";"45,7648544";"5,1218416"
"202000005394";"22";"6";"2020";"10:00";"1";"38";"38135";"1";"1";"1";"7";"Grande Rue de Lancin";"45,7181700";"5,4192690"
"202000005395";"22";"6";"2020";"00:05";"3";"38";"38071";"1";"1";"1";"5";"N85";"45,0834600";"5,7393690"
"202000005396";"21";"6";"2020";"18:20";"1";"26";"26004";"1";"2";"1";"3";"2160 Chemin de Bramefaim";"44,9838410";"5,0028350"
"202000005397";"20";"6";"2020";"17:45";"1";"26";"26081";"1";"1";"1";"7";"D68";"44,8893840";"5,1419450"
"202000005398";"19";"6";"2020";"16:45";"1";"26";"26206";"1";"2";"1";"3";"La Charlotte";"44,8246340";"4,9906090"