"Num_Acc";"jour";"mois";"an";"hrmn";"lum";"dep";"com";"agg";"int";"atm";"col";"adr";"lat";"long"
"202000005399";"22";"6";"2020";"17:00";"1";"81";"81120";"1";"1";"1";"5";"N112";"43,5279227";"2,2923761"
"202000005400";"20";"6";"2020";"17:30";"1";"31";"31458";"1";"1";"1";" -1";"D42";"43,5078650";"1,3505780"
"202000005401";"21";"6";"2020";"13:40";"1";"17";"17444";"1";"1";"1";"6";"D6";"45,6525980";" -0,6527420"
"202000005402";"20";"6";"2020";"05:15";"3";"44";"44210";"1";"1";"1";"7";"D213";"47,3077100";" -2,1941110"
"202000005403";"19";"6";"2020";"12:50";"1";"44";"44052";"2";"2";"1";"3";"Avenue Vice Amiral Halgan";"47,3182980";" -2,0753480"
"202000005404";"17";"6";"2020";"22:10";"3";"35";"35004";"1";"1";"1";"6";"La Gaucherais";"48,4449600";" -1,4110030"
"202000005405";"23";"5";"2020";"16:53";"1";"35";"35004";"2";"1";"1";"2";"5 avenue Kleber";"48,4604370";" -1,4868930"
"202000005406";"22";"6";"2020";"17:00";"1";"60";"60462";"2";"1";"1";"2";"Rue Marcel Annoepel";"49,3279570";"2,1952650"
"202000005407";"21";"6";"2020";"18:05";"1";"13";"13071";"1";"1";"1";"4";"A7-Sens Lyon vers Marseille";"43,4049720";"5,3394210"
"202000005408";"19";"6";"2020";"11:55";"1";"13";"13210";"1";"1";"1";"4";"A50-Sens Marseille vers Aubagne";"43,2849000";"5,4186000"
"202000005409";"20";"6";"2020";"19:05";"1";"13";"13055";"1";"1";"1";"4";"A507 sens Marseille - Aubagne";"43,2934540";"5,4732191"
"202000005410";"20";"6";"2020";"14:04";"1";"13";"13055";"1";"1";"1";"3";"A507 sens Aubagne- Marseille";"43,3042801";"5,4255447"
"202000005411";"19";"6";"2020";"05:15";"2";"01";"01249";"1";"1";"1";"2";"A42     5.760 A 6.180";"45,8149800";"4,9582260"
"202000005412";"21";"6";"2020";"18:49";"1";"91";"91339";"1";"1";"1";"5";"RN 104";"48,6339700";"2,2211300"
"202000005413";"21";"6";"2020";"08:00";"1";"91";"91216";"1";"1";"1";"2";"AUTOROUTE A6";"48,6831730";"2,3290770"
"202000005414";"20";"6";"2020";"14:46";"1";"94";"94038";"1";"1";"1";"4";"AUTOROUTE A6A";"48,7778300";"2,3464400"
"202000005415";"21";"6";"2020";"20:15";"1";"92";"92036";"1";"1";"2";"6";"AUTOROUTE A15";"48,9458400";"2,2837000"
"202000005416";"21";"6";"2020";"10:10";"1";"77";"77373";"1";"1";"1";"2";"RN104";"48,7915860";"2,6186104"
"202000005417";"21";"6";"2020";"10:25";"1";"77";"77018";"1";"1";"1";"3";"A4";"48,8349683";"2,8054598"
"202000005418";"21";"6";"2020";"06:30";"1";"94";"94028";"1";"1";"1";"7";"A86 EXT";"48,7864900";"2,4403200"
"202000005419";"20";"6";"2020";"16:45";"1";"93";"93051";"1";"1";"1";"4";"A4";"48,8347944";"2,5827458"
"202000005420";"20";"6";"2020";"14:10";"1";"973";"97302";"2";"1";"1";"2";"MONTABO (ROUTE DE) 4";"4,9402202";" -52,3017723"
"202000005421";"20";"6";"2020";"03:35";"3";"973";"97302";"1";"1";"2";"6";"ZONE COLLERY I OU II";"4,9024923";" -52,3151994"
"202000005422";"20";"6";"2020";"06:20";"1";"972";"97213";"2";"1";"1";"7";"ROUTE DEPARTEMENTALE 3";"14,6087200";" -60,9972200"
"202000005423";"13";"6";"2020";"03:20";"3";"972";"97213";"1";"9";"1";"7";"ROUTE DEPARTEMENTALE 3";"14,6005000";" -60,9974000"
"202000005424";"19";"6";"2020";"15:20";"1";"69";"69385";"2";"2";"1";"6";"FAVORITE (DE LA )                   (R )";"45,7574400";"4,8110500"
"202000005425";"20";"6";"2020";"17:40";"1";"2B";"2B120";"2";"1";"1";" -1";"LAGUNE (Route de la) D107";"42,6433400";"9,4568100"
"202000005426";"20";"6";"2020";"11:25";"1";"971";"97120";"2";"9";"8";"3";"MORNE NININE";"16,2221600";" -61,5266400"
"202000005427";"20";"6";"2020";"17:00";"1";"91";"91174";"2";"6";"1";"2";"MAINTENANT(RUE PAUL)";"48,6110900";"2,4532800"
"202000005428";"27";"6";"2020";"00:15";"5";"91";"91103";"2";"9";"1";"3";"COMMUNE DE PARIS (RUE DE LA)";"48,5955000";"2,3035000"
"202000005429";"18";"6";"2020";"18:33";"1";"83";"83129";"2";"1";"1";"2";"DE GAULLE (PROMENADE CHARLES)";"43,1097900";"5,8129300"
"202000005430";"20";"6";"2020";"18:25";"1";"81";"81163";"2";"3";"1";"3";"REILLE (COURS RENE)";"43,4902000";"2,3752900"
"202000005431";"20";"6";"2020";"02:52";"4";"73";"73008";"2";"3";"1";"3";"MARLIOZ AVENUE DE";"45,6794564";"5,9104639"
"202000005432";"20";"6";"2020";"18:50";"1";"59";"59346";"2";"2";"1";"3";"TOURNAI BOULEVARD DE";"50,6134700";"3,1246800"
"202000005433";"20";"6";"2020";"20:15";"1";"51";"51454";"2";"1";"1";"3";"32 Rue Paul Vaillant Couturier";"49,2665820";"4,0245419"
"202000005434";"20";"6";"2020";"09:40";"1";"51";"51454";"2";"1";"1";" -1";"Rue de Neufchatel";"49,2717152";"4,0263394"
"202000005435";"20";"6";"2020";"06:40";"1";"50";"50532";"1";"9";"1";"3";"D973";"48,8201700";" -1,5518600"
"202000005436";"24";"6";"2020";"18:15";"1";"44";"44125";"1";"1";"1";"3";"Avenue Louis Clément";"47,3676190";" -2,5377850"
"202000005437";"20";"6";"2020";"17:47";"1";"35";"35238";"2";"1";"1";"3";"4 Rue Victor Rault";"48,0922270";" -1,6909760"
"202000005438";"20";"6";"2020";"03:20";"4";"35";"35281";"2";"1";"1";"3";"3 Rue du Haut-bois";"48,0784000";" -1,7140000"
"202000005439";"20";"6";"2020";"17:00";"1";"33";"33200";"2";"1";"1";"2";"RUE TOUSSAINT CATROS";"44,8599500";" -0,6958300"
"202000005440";"17";"6";"2020";"19:50";"1";"33";"33039";"2";"2";"1";"3";"AVE LENINE / RUE DILLY";"44,7968967";" -0,5559626"
"202000005441";"19";"6";"2020";"16:05";"1";"26";"26198";"2";"6";"1";"3";"rond point de la Légion d'Honneur ";"44,5559900";"4,7487500"
"202000005442";"19";"6";"2020";"17:45";"1";"26";"26198";"1";"1";"1";"4";"32 Allée Hispano Suiza";"44,5373800";"4,7295200"
"202000005443";"19";"6";"2020";"12:15";"1";"26";"26198";"2";"1";"1";"2";"208 Route de Marseille";"44,5332800";"4,7459500"
"202000005444";"20";"6";"2020";"11:45";"1";"17";"17415";"1";"1";"1";"4";"RN 141";"45,7323300";" -0,6140900"
"202000005445";"20";"6";"2020";"14:26";"1";"17";"17291";"2";"1";"1";"6";"JUIN 18  RUE";"46,1772700";" -1,1073000"
"202000005446";"21";"6";"2020";"01:25";"5";"13";"13213";"2";"1";"1";"6";"CHEMIN DU MERLAN A LA ROSE ";"43,3304340";"5,4122294"
"202000005447";"20";"6";"2020";"18:30";"1";"13";"13208";"2";"9";"1";"7";"PRADO (AVENUE DU)";"43,2700210";"5,3870820"
"202000005448";"20";"6";"2020";"07:25";"1";"13";"13210";"2";"1";"1";"2";"PIERRE DOIZE  (RUE)";"43,2741850";"5,4268513"
"202000005449";"20";"6";"2020";"05:30";"2";"13";"13213";"2";"1";"1";"6";"JEAN PAUL SARTRE (AVENUE)";"43,3265000";"5,4253000"
"202000005450";"20";"6";"2020";"12:55";"1";"11";"11069";"2";"2";"1";"1";"MOULIN JEAN -AVENUE-";"43,2088000";"2,3774500"
"202000005451";"20";"6";"2020";"19:41";"1";"10";"10387";"2";"2";"1";"3";"FRANCOIS SERQUEIL (RUE)";"48,3073900";"4,0819600"
"202000005452";"20";"6";"2020";"09:36";"1";"06";"06088";"2";"1";"1";"6";"AVENUE MARTIN LUTHER KING / BOULEVARD PAUL MONTEL";"43,6754930";"7,2067590"
"202000005453";"20";"6";"2020";"06:50";"1";"06";"06088";"2";"1";"1";"2";"ANGLAIS (DU N° 45 AU N° 112)";"43,6925300";"7,2512900"
"202000005454";"20";"5";"2020";"11:25";"1";"06";"06104";"2";"3";"1";"6";"MOULIN (RUE DU)";"43,7650000";"7,4812000"
"202000005455";"20";"6";"2020";"00:09";"4";"03";"03101";"1";"1";"1";"7";"N/A";"46,3583378";"2,5531322"
"202000005456";"20";"6";"2020";"20:25";"1";"75";"75118";"2";"1";"1";"2";"PORTE DE LA CHAPELLE";"48,9007440";"2,3616040"
"202000005457";"20";"6";"2020";"07:15";"1";"75";"75120";"2";"1";"1";"6";"AVENUE CARTELLIER";"48,8637310";"2,4138980"
"202000005458";"20";"6";"2020";"16:14";"1";"75";"75119";"2";"2";"1";"3";"AVENUE SIMON BOLIVAR";"48,8812600";"2,3732460"
"202000005459";"19";"6";"2020";"13:25";"1";"75";"75117";"2";"2";"1";"6";"RUE DE TOCQUEVILLE";"48,8878670";"2,3070230"
"202000005460";"20";"6";"2020";"23:00";"5";"75";"75116";"2";"7";"1";"3";"PLACE DU DOCTEUR HAYEM";"48,8527680";"2,2758670"
"202000005461";"20";"6";"2020";"15:20";"1";"75";"75112";"2";"1";"1";"3";"RUE DU FAUBOURG SAINT ANTOINE";"48,8487040";"2,3937270"
"202000005462";"20";"6";"2020";"06:45";"2";"75";"75111";"2";"3";"1";"3";"BOULEVARD RICHARD LENOIR";"48,8647130";"2,3701210"
"202000005463";"19";"6";"2020";"13:35";"1";"75";"75111";"2";"2";"1";"3";"BOULEVARD DES FILLES DU CALVAIRE";"48,8624740";"2,3668910"
"202000005464";"20";"6";"2020";"10:20";"1";"75";"75110";"2";"3";"1";"6";"COUR DE LA FERME SAINT LAZARE";"48,8761820";"2,3560470"
"202000005465";"20";"6";"2020";"15:13";"1";"75";"75104";"2";"7";"1";"5";"PLACE DE LA BASTILLE";"48,8535680";"2,3690410"
"202000005466";"20";"6";"2020";"15:50";"1";"94";"94028";"2";"9";"1";"3";"CHOISY(ROUTE DE)";"48,7766900";"2,4413100"
"202000005467";"19";"6";"2020";"23:09";"5";"94";"94022";"2";"1";"1";"2";"ANATOLE FRANCE (AV)";"48,7624100";"2,4108800"
"202000005468";"20";"6";"2020";"14:00";"1";"94";"94002";"2";"3";"1";"3";"VILLENEUVE ST GEORGES (CHE DE)";"48,7790000";"2,4285000"
"202000005469";"19";"6";"2020";"17:00";"1";"93";"93078";"2";"6";"2";"3";"NATIONS (AVENUE DES)";"48,9743130";"2,5090317"
"202000005470";"20";"6";"2020";"18:40";"1";"93";"93070";"2";"1";"1";"1";"BD VICTOR-HUGO";"48,9051500";"2,3226700"
"202000005471";"31";"1";"2020";"23:20";"4";"95";"95572";"1";"1";"1";"6";"AUTOROUTE A15";"49,0314700";"2,1187700"
"202000005472";"20";"6";"2020";"08:45";"1";"93";"93050";"2";"2";"1";"3";"R PAUL VAILLANT COUTURIER / AV MASSENET";"48,8724293";"2,5536759"
"202000005473";"1";"2";"2020";"21:17";"3";"93";"93051";"1";"1";"2";"7";"A4";"48,8360481";"2,5559507"
"202000005474";"1";"2";"2020";"18:31";"3";"77";"77294";"1";"1";"2";"2";"A104";"48,9559122";"2,6264859"
"202000005475";"30";"1";"2020";"16:45";"1";"92";"92049";"2";"2";"2";"3";"BROSSOLETTE AVENUE PIERRE/ VERDIER AVENUE N°26 A 68";"48,8162840";"2,3059870"
"202000005476";"20";"6";"2020";"03:00";"5";"93";"93050";"2";"1";"1";"6";"R PAUL ET CAMILLE THOMOUX";"48,8700052";"2,5287640"
"202000005477";"31";"1";"2020";"01:30";"3";"974";"97416";"1";"1";"1";"6";"RN2 (2)";" -21,3538000";"55,5109300"
"202000005478";"20";"6";"2020";"18:20";"1";"92";"92072";"2";"3";"1";"3";"GRANDE RUE";"48,8263800";"2,2192400"
"202000005479";"29";"1";"2020";"16:00";"1";"974";"97407";"2";"4";"8";"5";"CARPAYE(AVENUE)";" -20,9437100";"55,2974300"
"202000005480";"20";"6";"2020";"09:50";"1";"2A";"2A189";"1";"3";"1";"3";"Bains de Baracci (Source)";"41,6881639";"8,9314285"
"202000005481";"30";"1";"2020";"21:10";"5";"973";"97302";"2";"1";"2";"3";"ESTREES (AVENUE D')";"4,9402041";" -52,3258316"
"202000005482";"20";"6";"2020";"14:10";"1";"83";"83058";"1";"1";"1";"6";"Chemin des Imberts";"43,5255610";"6,3388700"
"202000005483";"31";"1";"2020";"14:30";"1";"69";"69383";"1";"1";"8";"3";"PROFESSEUR FLORENCE (DU)            (R )";"45,7455407";"4,8795790"
"202000005484";"21";"6";"2020";"01:10";"4";"86";"86279";"1";"1";"1";"6";"D1";"46,9176940";"0,5787380"
"202000005485";"31";"1";"2020";"12:30";"1";"69";"69386";"2";"1";"1";"6";"FRANKLIN ROOSEVELT                  (CO)";"45,7686800";"4,8437100"
"202000005486";"21";"6";"2020";"01:45";"3";"01";"01379";"1";"1";"1";"6";"Rue de la Scierie";"45,9648400";"5,2746550"
"202000005487";"30";"1";"2020";"20:15";"5";"69";"69387";"2";"1";"1";"6";"GALLIENI                            (PT)";"45,7484500";"4,8316400"
"202000005488";"21";"6";"2020";"02:15";"5";"49";"49355";"2";"3";"1";"6";"Rue des Mauges";"47,1210160";" -0,7895350"
"202000005489";"27";"1";"2020";"18:42";"4";"972";"97213";"1";"1";"1";"3";"AUTOROUTE A1";"14,6563600";" -60,9723100"
"202000005490";"21";"6";"2020";"01:30";"3";"81";"81098";"1";"1";"1";"6";"D112";"43,6185400";"2,1567540"
"202000005491";"31";"1";"2020";"17:00";"1";"69";"69152";"2";"2";"1";"1";"MURIERS (DES)                       (CH)";"45,6948749";"4,8213098"
"202000005492";"31";"1";"2020";"11:30";"1";"69";"69389";"2";"1";"1";"4";"ST CYR (DE)                         (R )";"45,7874800";"4,8086000"
"202000005493";"20";"6";"2020";"16:50";"1";"81";"81174";"1";"1";"1";"6";"D631";"43,7750680";"2,0774780"
"202000005494";"21";"6";"2020";"11:40";"1";"68";"68044";"1";"1";"1";"7";"D148 PK 004+700";"48,1387570";"7,0631200"
"202000005495";"30";"1";"2020";"18:40";"5";"69";"69286";"2";"1";"2";"6";"HIPPODROME (DE L')                  (AV)";"45,8129905";"4,8809928"
"202000005496";"20";"6";"2020";"23:45";"3";"974";"97405";"1";"1";"1";"6";"60 Route de Grande Anse";" -21,3674880";"55,5477120"
"202000005497";"29";"1";"2020";"08:05";"2";"95";"95598";"2";"2";"1";"3";"AVENUE AMELIE";"48,9786900";"2,2990900"
"202000005498";"20";"6";"2020";"17:30";"1";"972";"97212";"1";"1";"1";"1";"Courbaril";"14,7129400";" -61,0253300"
"202000005499";"31";"1";"2020";"15:25";"1";"95";"95500";"2";"1";"1";"3";"VERDUN (AVENUE DE)";"49,0389229";"2,0882177"
"202000005500";"21";"6";"2020";"11:55";"1";"972";"97220";"1";"1";"1";"6";"D18";"14,5240590";" -60,8792780"
"202000005501";"30";"1";"2020";"19:45";"5";"91";"91223";"2";"1";"2";"6";"REPUBLIQUE (RUE DE LA)";"48,4378600";"2,1639000"
"202000005502";"21";"6";"2020";"16:30";"1";"63";"63248";"1";"1";"1";"6";"D942";"45,7331450";"2,9159050"
"202000005503";"30";"1";"2020";"22:41";"5";"87";"87085";"2";"3";"2";"6";"CHURCHILL WINSTON (PLACE)";"45,8319700";"1,2510000"
"202000005504";"20";"6";"2020";"16:30";"1";"54";"54069";"2";"1";"1";"5";"D906";"49,3839230";"5,9147860"
"202000005505";"30";"1";"2020";"22:00";"5";"87";"87085";"2";"1";"2";"3";"LECLERC (AVENUE DU GENERAL)";"45,8460100";"1,2606600"
"202000005506";"20";"6";"2020";"20:10";"1";"62";"62506";"2";"1";"1";"3";"Rue de la Bergere";"50,8183810";"1,9269850"
"202000005507";"30";"1";"2020";"18:30";"1";"87";"87114";"1";"1";"2";"6";"PUY MOULINIER - LIEU DIT";"45,8552800";"1,3220700"
"202000005508";"30";"1";"2020";"17:01";"1";"87";"87085";"1";"1";"2";" -1";"AUTOROUTE A20";"45,8488500";"1,2763600"
"202000005509";"16";"6";"2020";"14:30";"1";"83";"83092";"2";"1";"1";"4";"D97";"43,3028120";"6,2375900"
"202000005510";"29";"1";"2020";"12:35";"1";"87";"87085";"2";"3";"2";"3";"AUZETTE (RUE D')";"45,8233000";"1,2695200"
"202000005511";"20";"6";"2020";"22:50";"3";"83";"83116";"1";"9";"1";"7";"2539 Chemin du Moulin";"43,4706820";"5,8911070"
"202000005512";"29";"1";"2020";"16:10";"1";"84";"84087";"2";"1";"1";"6";"EUROPE (AVENUE DE L')";"44,1249100";"4,8403900"
"202000005513";"31";"1";"2020";"16:30";"1";"83";"83137";"2";"1";"7";"6";"JONQUET (CHEMIN / PONT DU)";"43,1409000";"5,9109000"
"202000005514";"20";"6";"2020";"18:50";"1";"74";"74256";"2";"2";"1";" -1";"134 Avenue de Geneve";"45,9378570";"6,6306670"
"202000005515";"30";"1";"2020";"18:50";"5";"83";"83050";"2";"3";"1";"3";"MURAIRE(BOULEVARD COMTE)";"43,5334230";"6,4682280"
"202000005516";"21";"6";"2020";"16:50";"1";"77";"77456";"1";"1";"1";"1";"chemin communal le long du rudu Veillien";"48,5137400";"3,2842680"
"202000005517";"19";"6";"2020";"17:50";"1";"79";"79062";"1";"7";"1";"7";"Lieu Dit la Gondromiere";"46,8096650";" -0,6654020"
"202000005518";"31";"1";"2020";"12:50";"1";"82";"82121";"1";"1";"1";"2";"AUCH (ROUTE D')";"43,9834390";"1,2975800"
"202000005519";"19";"6";"2020";"17:15";"1";"82";"82008";"1";"1";"1";"6";"D953";"44,0576390";"0,8651890"
"202000005520";"21";"6";"2020";"14:55";"1";"71";"71056";"1";"1";"1";"7";"675 Route des Sables";"46,6447526";"5,2012868"
"202000005521";"31";"1";"2020";"08:50";"1";"78";"78646";"2";"2";"1";"1";"VILLENEUVE L'ETANG (AVENUE DE)";"48,8138600";"2,1410400"
"202000005522";"21";"6";"2020";"02:35";"3";"63";"63085";"2";"1";"1";"6";"D62";"45,9121680";"2,8619380"
"202000005523";"30";"1";"2020";"15:05";"1";"78";"78646";"2";"2";"1";"3";"ROYALE (RUE)";"48,7992800";"2,1279100"
"202000005524";"20";"6";"2020";"20:45";"1";"61";"61208";"2";"1";"1";"6";"730 Route de l'Aigle";"48,6506460";"0,6732770"
"202000005525";"21";"6";"2020";"19:23";"1";"55";"55433";"2";"4";"1";"7";"Rue des Preyens";"48,6207580";"5,7031110"
"202000005526";"29";"1";"2020";"17:28";"5";"77";"77114";"2";"1";"1";"6";"CHARLES PATHE (RUE) - D216";"48,7259400";"2,6656600"
"202000005527";"18";"6";"2020";"23:15";"2";"49";"49259";"1";"1";"1";"7";"Les Basses Brosses";"47,3424772";" -0,6578671"
"202000005528";"20";"6";"2020";"19:15";"1";"12";"12272";"1";"2";"1";"6";"D 994";"44,5474130";"2,1255740"
"202000005529";"30";"1";"2020";"17:00";"1";"76";"76540";"2";"3";"1";"6";"CARREL. RUE ARMAND";"49,4400600";"1,1020300"
"202000005530";"20";"6";"2020";"17:55";"1";"42";"42266";"1";"2";"1";"3";"Route de Beauvoir";"45,4213470";"4,0536980"
"202000005531";"30";"1";"2020";"09:55";"1";"71";"71306";"2";"1";"1";"7";"Quai Général de Gaulle";"46,6734058";"4,3613935"
"202000005532";"30";"1";"2020";"17:15";"1";"71";"71153";"2";"1";"2";"6";"Rue du Marechal Joffre";"46,7945916";"4,4235660"
"202000005533";"20";"6";"2020";"16:50";"1";"42";"42219";"1";"1";"1";"6";"Les baraques";"45,7380280";"4,1154960"
"202000005534";"31";"1";"2020";"18:55";"5";"69";"69266";"2";"1";"1";"2";"LOUIS MAYNARD     (Rue)";"45,7865328";"4,8997306"
"202000005535";"17";"6";"2020";"10:00";"1";"46";"46231";"1";"1";"1";"7";"RD8 PK 7+400";"44,5001940";"1,1178160"
"202000005536";"29";"1";"2020";"11:45";"1";"69";"69290";"2";"6";"2";"1";"HENRI GERMAIN                       (AV)";"45,7017157";"4,9004892"
"202000005537";"20";"6";"2020";"17:22";"1";"22";"22005";"1";"1";"1";"7";"Kerguiguès";"48,5241300";" -3,3873670"
"202000005538";"29";"1";"2020";"12:00";"1";"69";"69091";"2";"1";"8";"1";"PAIX (DE LA) ( R )";"45,5859900";"4,7541800"
"202000005539";"23";"1";"2020";"10:20";"1";"68";"68066";"2";"9";"1";"6";"BALE ( ROUTE DE)";"48,0703180";"7,3605790"
"202000005540";"21";"6";"2020";"07:40";"1";"39";"39167";"1";"1";"1";"1";"N/A";"46,7442480";"5,4174840"
"202000005541";"30";"1";"2020";"15:00";"1";"67";"67447";"2";"1";"1";"6";"GABRIELLE COLETTE (RUE)";"48,6128230";"7,7398830"
"202000005542";"20";"6";"2020";"17:40";"1";"44";"44211";"2";"1";"1";"6";"Rue du Docteur Gouret";"47,3531440";" -2,5115990"
"202000005543";"31";"1";"2020";"14:20";"1";"67";"67180";"1";"1";"1";"3";"RD 27";"48,8760010";"7,7607134"
"202000005544";"20";"6";"2020";"09:30";"1";"31";"31187";"2";"1";"1";"6";"2249 Route de Tarbes";"43,5364660";"1,2303680"
"202000005545";"31";"1";"2020";"19:30";"2";"65";"65440";"2";"1";"1";"6";"LARREY (RUE)";"43,2306920";"0,0815020"
"202000005546";"20";"6";"2020";"22:30";"3";"02";"02355";"2";"1";"1";"7";"3 Rue Robespierre";"49,8839580";"3,2472970"
"202000005547";"21";"6";"2020";"02:30";"3";"03";"03119";"1";"1";"1";"6";"7 Chemin des Terriens";"46,7315858";"3,6199307"
"202000005548";"31";"1";"2020";"11:10";"1";"64";"64445";"2";"2";"1";"3";"BORDEU DE";"43,3032000";" -0,3708900"
"202000005549";"20";"6";"2020";"02:20";"3";"01";"01196";"1";"1";"1";"7";"Route de Chalon";"46,3941720";"5,1146780"
"202000005550";"21";"6";"2020";"12:15";"1";"70";"70085";"1";"1";"1";"6";"Route de Bussières";"47,3745560";"5,9990560"
"202000005551";"30";"1";"2020";"08:17";"1";"64";"64024";"2";"2";"2";"3";"BASTIE (RUE MARYSE)";"43,4636600";" -1,5048400"
"202000005552";"31";"1";"2020";"13:20";"1";"62";"62540";"1";"1";"1";"7";"CD941";"50,4557170";"2,5736160"
"202000005553";"21";"6";"2020";"16:30";"1";"60";"60166";"1";"1";"1";"7";"Départementale 142";"49,4703944";"2,8012964"
"202000005554";"20";"6";"2020";"14:30";"1";"45";"45129";"1";"2";"1";"3";"Les Joigneaux";"47,9779117";"3,0529100"
"202000005555";"30";"1";"2020";"17:10";"2";"59";"59178";"2";"3";"8";"5";"PONT DE LA DEULE (RUE DE)";"50,3963900";"3,0861000"
"202000005556";"21";"6";"2020";"10:10";"1";"64";"64353";"1";"1";"1";"7";"D35";"43,0890940";" -0,4115260"
"202000005557";"16";"1";"2020";"11:12";"1";"57";"57019";"2";"3";"1";"6";"USINE (RUE DE L')";"49,2594500";"6,1504700"
"202000005558";"21";"6";"2020";"09:15";"1";"64";"64259";"1";"1";"1";"3";"D22";"43,2933880";" -1,2417340"
"202000005559";"20";"6";"2020";"06:40";"2";"36";"36129";"2";"1";"1";"6";"348 Le Monteil";"46,6682580";"1,9026630"
"202000005560";"31";"1";"2020";"16:38";"2";"54";"54395";"2";"1";"2";"2";"BOUFFLERS (AVENUE) DE 2 AU 72)";"48,6896183";"6,1596756"
"202000005561";"19";"6";"2020";"22:30";"3";"85";"85046";"1";"1";"1";"6";"D101";"46,6184300";" -1,3091000"
"202000005562";"23";"1";"2020";"14:05";"1";"51";"51431";"1";"2";"1";"3";"D951";"49,0146184";"3,9421941"
"202000005563";"21";"6";"2020";"16:15";"1";"37";"37223";"1";"2";"1";"1";"D749";"47,5138274";"0,2856074"
"202000005564";"31";"1";"2020";"08:20";"1";"45";"45285";"2";"1";"2";"6";"Rue Charles Beauhaire";"47,9128527";"1,8747437"
"202000005565";"21";"6";"2020";"17:44";"1";"88";"88408";"2";"1";"1";"3";"7 Rue de Saulx";"47,9082450";"6,6885390"
"202000005566";"31";"1";"2020";"23:30";"5";"44";"44109";"2";"1";"2";"2";"Rue Crébillon";"47,2138000";" -1,5604000"
"202000005567";"20";"6";"2020";"18:45";"3";"976";"97603";"1";"1";"2";"6";"musical plage CCD4";" -12,9179860";"45,1841070"
"202000005568";"19";"6";"2020";"19:45";"1";"34";"34270";"1";"4";"1";"6";"A9";"43,5593210";"3,8269280"
"202000005569";"31";"1";"2020";"19:30";"5";"44";"44109";"2";"1";"2";"2";"Péripherique";"47,1989760";" -1,6165000"
"202000005570";"21";"6";"2020";"14:50";"1";"69";"69013";"1";"1";"1";"6";"A6";"46,0100930";"4,7300330"
"202000005571";"30";"1";"2020";"12:40";"1";"42";"42044";"2";"2";"2";"3";"Rue de la République";"45,3960219";"4,3220715"
"202000005572";"20";"6";"2020";"15:05";"1";"971";"97129";"2";"1";"1";"3";"Boulevard Saint Charles";"16,3344100";" -61,6981620"
"202000005573";"31";"1";"2020";"20:43";"5";"37";"37214";"2";"9";"1";"3";"VOISIN (BOULEVARD ANDRE-GEORGES)";"47,4309350";"0,6679577"
"202000005574";"30";"1";"2020";"21:45";"5";"37";"37261";"2";"6";"2";"6";"LOUIS XI (ROND-POINT)";"47,3747353";"0,6713758"
"202000005575";"20";"6";"2020";"23:15";"3";"33";"33333";"1";"1";"1";"2";"rd 107";"44,8755100";" -1,0725300"
"202000005576";"21";"6";"2020";"07:10";"1";"18";"18198";"1";"1";"1";"6";"D18";"46,9256970";"2,1363930"
"202000005577";"31";"1";"2020";"08:15";"1";"35";"35281";"2";"9";"2";"2";"RN 136 PORTE DE ST NAZAIRE";"48,0924700";" -1,7080500"
"202000005578";"21";"6";"2020";"17:00";"1";"77";"77078";"2";"9";"1";"1";"74 Avenue des Vignes";"48,9679880";"3,1388180"
"202000005579";"31";"1";"2020";"07:12";"5";"34";"34172";"2";"9";"1";"6";"VIEILLE POSTE (RUE DE LA";"43,6178485";"3,9126622"
"202000005580";"21";"6";"2020";"00:00";"3";"77";"77142";"1";"1";"1";"3";"D934";"48,8536367";"2,9311195"
"202000005581";"31";"1";"2020";"13:00";"1";"33";"33013";"2";"6";"2";"3";"AVE DE L' ILE DE FRANCE / BD FEYDEAU / AVE GAY LUSSAC";"44,8490900";" -0,4969000"
"202000005582";"31";"1";"2020";"01:55";"5";"31";"31555";"2";"1";"2";"6";"BD DU MARECHAL JUIN";"43,5888000";"1,4400700"
"202000005583";"21";"6";"2020";"06:40";"2";"95";"95355";"2";"9";"1";"3";"Rue du Général de Gaulle";"49,1526850";"1,7806700"
"202000005584";"30";"1";"2020";"17:50";"2";"31";"31555";"1";"1";"1";"3";"RD916";"43,5544070";"1,4970000"
"202000005585";"21";"6";"2020";"08:40";"1";"34";"34143";"2";"1";"1";"3";"Route de Villeveyrac";"43,4509910";"3,6124260"
"202000005586";"31";"1";"2020";"21:35";"5";"30";"30189";"2";"1";"1";"5";"JAURES JEAN (BOULEVARD)";"43,8317600";"4,3517600"
"202000005587";"9";"6";"2020";"22:15";"3";"34";"34113";"2";"1";"1";"7";"1 Impasse des Mimosas";"43,5061510";"3,7086110"
"202000005588";"20";"6";"2020";"12:35";"1";"13";"13023";"1";"1";"1";"1";"Route de Ceyreste";"43,2253180";"5,6480830"
"202000005589";"31";"1";"2020";"13:23";"1";"29";"29019";"2";"2";"3";"3";"Rue Louis Pasteur";"48,3880996";" -4,4903719"
"202000005590";"28";"1";"2020";"14:14";"1";"29";"29019";"2";"6";"2";"6";"Rue Yves Collet";"48,3889760";" -4,4838300"
"202000005591";"21";"6";"2020";"13:15";"1";"13";"13095";"2";"1";"1";"1";"D10";"43,5377150";"5,4842910"