"Num_Acc";"jour";"mois";"an";"hrmn";"lum";"dep";"com";"agg";"int";"atm";"col";"adr";"lat";"long"
"202000005592";"31";"1";"2020";"17:45";"2";"26";"26362";"2";"1";"1";"6";"260 Bis rue Antoine Barnave";"44,9411666";"4,9174550"
"202000005593";"31";"1";"2020";"23:47";"5";"25";"25056";"2";"1";"1";"6";"CHARDONNET AV. DE";"47,2304100";"6,0403800"
"202000005594";"21";"6";"2020";"16:45";"1";"67";"67101";"1";"3";"1";"1";"D392";"48,5227980";"7,5059850"
"202000005595";"29";"1";"2020";"00:04";"5";"22";"22278";"1";"1";"1";"6";"RN12";"48,5212700";" -2,7485100"
"202000005596";"21";"6";"2020";"15:30";"1";"01";"01187";"2";"3";"1";"3";"5 Rue Principale";"46,0344460";"5,6742190"
"202000005597";"31";"1";"2020";"14:00";"1";"14";"14341";"2";"1";"1";"7";"DRONNIERE (RUE DE LA)";"49,1382700";" -0,3355600"
"202000005598";"21";"6";"2020";"18:30";"1";"69";"69254";"1";"1";"1";"5";"D313";"45,9404744";"4,4354905"
"202000005599";"31";"1";"2020";"16:45";"1";"13";"13212";"2";"1";"1";"3";"PEINTRES ROUX (AVENUE DES)";"43,3055540";"5,4705330"
"202000005600";"21";"6";"2020";"06:30";"2";"81";"81140";"2";"1";"1";"6";"44 Rue de Lagarrigue";"43,6934480";"1,8198430"
"202000005601";"20";"6";"2020";"15:30";"1";"65";"65123";"1";"1";"1";"6";"D918";"42,9361290";"0,2087400"
"202000005602";"29";"1";"2020";"17:40";"2";"13";"13202";"2";"8";"1";"3";"COLBERT(RUE)";"43,2992680";"5,3740960"
"202000005603";"21";"6";"2020";"14:20";"1";"46";"46055";"1";"3";"1";"3";"Le Clayrou";"44,5718860";"2,1090260"
"202000005604";"20";"6";"2020";"23:15";"3";"27";"27180";"1";"1";"1";"6";"D316";"49,1894030";"1,3671220"
"202000005605";"31";"1";"2020";"16:35";"1";"13";"13001";"2";"1";"1";"6";"VALLON FRERES (RUE DES)";"43,5225780";"5,4310390"
"202000005606";"30";"1";"2020";"17:40";"2";"11";"11069";"2";"1";"1";"6";"LIMOUX - ROUTE DE-";"43,2044207";"2,3332910"
"202000005607";"21";"6";"2020";"16:30";"1";"80";"80124";"1";"1";"1";"3";"Bourseville";"50,1039550";"1,5429780"
"202000005608";"28";"1";"2020";"07:20";"2";"11";"11069";"2";"6";"2";"3";"Xénon (Rond Point)";"43,2335160";"2,3674250"
"202000005609";"18";"6";"2020";"15:30";"1";"59";"59250";"1";"1";"1";" -1";"2150 Rue Faidherbe";"50,5830320";"2,9030940"
"202000005610";"31";"1";"2020";"15:00";"1";"10";"10387";"2";"1";"1";"6";"DIJON (BDL)";"48,2836350";"4,0787190"
"202000005611";"20";"6";"2020";"19:00";"1";"13";"13070";"1";"1";"1";"2";"A50-Sens Aubagne vers Marseille";"43,2869600";"5,5065900"
"202000005612";"31";"1";"2020";"22:08";"5";"09";"09225";"2";"1";"1";"6";"VILLENEUVE ROUTE DE";"43,1252442";"1,6106290"
"202000005613";"19";"6";"2020";"23:15";"3";"13";"13071";"1";"1";"1";"2";"A7-Sens Marseille vers Lyon";"43,4051060";"5,3395100"
"202000005614";"30";"1";"2020";"14:20";"1";"07";"07316";"1";"1";"2";"3";"NIMES (ROUTE DE)";"44,8804540";"4,8491200"
"202000005615";"19";"6";"2020";"22:05";"3";"13";"13117";"1";"1";"1";"3";"A7-Sens Marseille vers Lyon";"43,4464456";"5,2423769"
"202000005616";"15";"6";"2020";"00:15";"5";"69";"69266";"1";"1";"1";"2";"RD383 ";"45,7585000";"4,9092400"
"202000005617";"27";"1";"2020";"17:50";"5";"06";"06083";"2";"1";"1";"6";"DELATTRE DE TASSIGNY (ALLEE)";"43,7846700";"7,4946200"
"202000005618";"20";"6";"2020";"12:17";"1";"33";"33096";"1";"1";"1";"2";"AUTOROUTE A 10";"44,8972600";" -0,4958800"
"202000005619";"31";"1";"2020";"15:15";"1";"06";"06069";"2";"1";"1";"2";"Route de Cannes";"43,6378000";"6,9508000"
"202000005620";"19";"6";"2020";"14:26";"1";"91";"91312";"1";"1";"1";"1";"RD 444";"48,7381100";"2,2278300"
"202000005621";"31";"1";"2020";"10:35";"1";"06";"06069";"2";"9";"1";"3";"DUNANT (AVENUE HENRI)";"43,6484600";"6,9239200"
"202000005622";"19";"6";"2020";"07:50";"1";"91";"91182";"1";"1";"1";"2";"RN 104";"48,6115200";"2,4313600"
"202000005623";"31";"1";"2020";"14:00";"1";"06";"06027";"2";"1";"1";"3";"GRASSE AVENUE DE";"43,6583000";"7,1416000"
"202000005624";"20";"6";"2020";"06:45";"2";"95";"95277";"1";"1";"1";"6";"RD 170 ";"48,9758120";"2,4824950"
"202000005625";"31";"1";"2020";"17:30";"2";"06";"06027";"2";"9";"1";"2";"SERRE AVENUE DE LA";"43,6540000";"7,1564000"
"202000005626";"20";"6";"2020";"04:20";"3";"95";"95678";"1";"1";"1";"6";"RN 184";"49,0717100";"2,2235800"
"202000005627";"18";"6";"2020";"19:25";"5";"974";"97411";"2";"1";"1";"2";"LECLERC (DU MARECHAL)";" -20,8804400";"55,4576100"
"202000005628";"30";"1";"2020";"08:00";"1";"06";"06123";"2";"2";"1";"6";"DE GAULLE GENERAL AVENUE";"43,6707500";"7,1908100"
"202000005629";"19";"6";"2020";"12:55";"1";"973";"97302";"2";"9";"1";"3";"CABASSOU (ROUTE DE)";"4,9203009";" -52,3205853"
"202000005630";"1";"2";"2020";"00:15";"5";"06";"06004";"2";"2";"1";"3";"BRIAND AV.ARISTIDE";"43,5805570";"7,1186410"
"202000005631";"19";"6";"2020";"12:35";"1";"69";"69386";"2";"2";"1";"3";"MARECHAL DE SAXE                    (R )";"45,7667700";"4,8443000"
"202000005632";"29";"1";"2020";"21:45";"5";"03";"03101";"2";"1";"1";"7";"Rue Jean Jaurès";"46,3582322";"2,5359349"
"202000005633";"18";"6";"2020";"12:10";"1";"69";"69259";"2";"9";"1";"3";"VIENNE (DE)                         (RO)";"45,7279730";"4,8538400"
"202000005634";"31";"1";"2020";"19:30";"5";"01";"01053";"2";"1";"1";"2";"SAINT NICOLAS ( BD) PAIR";"46,2023400";"5,2323600"
"202000005635";"31";"1";"2020";"20:15";"5";"75";"75117";"2";"1";"1";"7";"BOULEVARD DE DOUAUMONT";"48,8946510";"2,3061920"
"202000005636";"18";"6";"2020";"08:20";"1";"972";"97209";"1";"1";"1";"2";"RD 41 (ROCADE)";"14,6151400";" -61,0759400"
"202000005637";"19";"6";"2020";"15:15";"1";"69";"69381";"2";"2";"1";"3";"PUITS GAILLOT                       (R )";"45,7679000";"4,8359000"
"202000005638";"31";"1";"2020";"17:30";"1";"75";"75117";"2";"1";"1";"6";"RUE TOULOUSE LAUTREC";"48,9009700";"2,3272630"
"202000005639";"14";"6";"2020";"20:10";"1";"69";"69202";"2";"1";"1";"3";"PLAN LOUP (DU)                      (CH)";"45,7352800";"4,7962300"
"202000005640";"31";"1";"2020";"18:20";"5";"75";"75115";"2";"1";"1";"6";"RUE BRANCION";"48,8338620";"2,3044510"
"202000005641";"30";"1";"2020";"02:20";"5";"75";"75114";"2";"4";"1";"6";"AVENUE DU MAINE";"48,8385536";"2,3226109"
"202000005642";"6";"6";"2020";"22:20";"5";"971";"97101";"2";"1";"2";"6";"Frédéric JALTON";"16,2728500";" -61,5049900"
"202000005643";"30";"1";"2020";"17:15";"1";"75";"75112";"2";"1";"1";" -1";"QUAI DE BERCY";"48,8382369";"2,3764302"
"202000005644";"18";"6";"2020";"08:26";"1";"971";"97120";"2";"1";"1";"3";"PATRICK SAINT ELOI ( AVENUE )";"16,2501200";" -61,5285700"
"202000005645";"31";"1";"2020";"18:00";"5";"75";"75111";"2";"1";"8";"6";"AVENUE PHILIPPE AUGUSTE";"48,8547370";"2,3919800"
"202000005646";"17";"6";"2020";"21:00";"5";"971";"97113";"1";"1";"1";"6";"FELIXAIN (IMPASSE)";"16,2200230";" -61,4973235"
"202000005647";"31";"1";"2020";"09:55";"1";"75";"75109";"2";"5";"2";"6";"RUE NOTRE DAME DE LORETTE";"48,8804510";"2,3350720"
"202000005648";"19";"6";"2020";"20:25";"1";"91";"91687";"2";"1";"8";"2";"RN445";"48,6567200";"2,3719400"
"202000005649";"19";"6";"2020";"13:00";"1";"91";"91174";"2";"1";"1";"6";"ANGOULEME(RUE D')";"48,5998500";"2,4629400"
"202000005650";"31";"1";"2020";"15:45";"1";"75";"75108";"2";"1";"8";"3";"BOULEVARD MALESHERBES";"48,8730080";"2,3211830"
"202000005651";"18";"6";"2020";"16:45";"1";"87";"87085";"2";"1";"2";"1";"LECLERC (AVENUE DU GENERAL)";"45,8533200";"1,2659000"
"202000005652";"18";"6";"2020";"18:21";"1";"87";"87085";"2";"1";"1";"2";"BAUDIN ( AVENUE) (VC)";"45,8266500";"1,2582900"
"202000005653";"19";"6";"2020";"18:50";"1";"81";"81065";"2";"1";"1";"4";"PALIQUE (COTE DE)";"43,5922190";"2,2414280"
"202000005654";"31";"1";"2020";"10:10";"1";"75";"75108";"2";"2";"1";"6";"BOULEVARD MALESHERBES";"48,8783910";"2,3155450"
"202000005655";"19";"6";"2020";"01:15";"5";"80";"80021";"2";"1";"1";"7";"COMMUNE DE PARIS (AVENUE DE LA)";"49,9143100";"2,2548800"
"202000005656";"30";"1";"2020";"23:00";"5";"75";"75108";"2";"2";"2";"7";"RUE DE MONCEAU";"48,8799830";"2,3154330"
"202000005657";"19";"6";"2020";"12:00";"1";"79";"79191";"2";"3";"1";"3";"19 Rue de l'Espingole";"46,3236500";" -0,4676100"
"202000005658";"16";"6";"2020";"19:25";"1";"77";"77514";"2";"1";"1";"6";"RENEUSE (RUE DE LA)";"48,9523346";"2,6070499"
"202000005659";"19";"6";"2020";"16:10";"1";"77";"77186";"1";"1";"1";"3";"RD 142 Glandée au grand veneur";"48,4473490";"2,6700050"
"202000005660";"20";"6";"2020";"00:25";"5";"72";"72181";"2";"1";"2";"6";"CLEMENCEAU GEORGES ( BD) N° IMP";"47,9790000";"0,2147800"
"202000005661";"19";"6";"2020";"20:55";"1";"72";"72181";"2";"2";"8";"3";"LATHAM HUBERT (RUE)";"47,9674700";"0,2066700"
"202000005662";"18";"6";"2020";"14:10";"1";"69";"69282";"2";"3";"1";"4";"JEAN JAURES                         (R )";"45,7719308";"5,0161422"
"202000005663";"31";"1";"2020";"00:28";"5";"75";"75107";"2";"2";"2";"7";"RUE DE LILLE";"48,8603370";"2,3236110"
"202000005664";"31";"1";"2020";"20:20";"5";"75";"75104";"2";"2";"1";"6";"RUE DE RIVOLI";"48,8578840";"2,3502010"
"202000005665";"31";"1";"2020";"07:00";"5";"94";"94081";"2";"1";"1";"6";"PRESIDENT SALVADOR ALLENDE (AV DU)";"48,7956500";"2,4089100"
"202000005666";"31";"1";"2020";"17:40";"2";"94";"94080";"2";"9";"1";"3";"Rue de Lagny";"48,8491290";"2,4228480"
"202000005667";"29";"1";"2020";"14:30";"1";"94";"94042";"2";"1";"1";"1";"PRESIDENT JOHN KENNEDY (AV DU)";"48,8147041";"2,4627732"
"202000005668";"29";"1";"2020";"07:35";"1";"94";"94042";"2";"1";"1";"4";"GENERAL GALLIENI - PONT DE JOINVILLE (AV";"48,8201700";"2,4689200"
"202000005669";"31";"1";"2020";"06:00";"5";"94";"94046";"2";"3";"2";"3";"JEAN JAURES (R)";"48,7904320";"2,4350880"
"202000005670";"31";"1";"2020";"10:20";"1";"94";"94076";"2";"1";"2";"1";"JULES JOFFRIN (R)";"48,7914300";"2,3607500"
"202000005671";"31";"1";"2020";"13:40";"1";"94";"94033";"2";"2";"1";"3";"RENARDIERE (R DE LA)";"48,8521800";"2,4537000"
"202000005672";"31";"1";"2020";"11:10";"1";"94";"94022";"2";"2";"1";"3";"LUGO (AV DE)";"48,7715000";"2,4091000"
"202000005673";"31";"1";"2020";"11:25";"1";"94";"94022";"2";"1";"1";"2";"ANATOLE FRANCE (AV)";"48,7615300";"2,4112000"
"202000005674";"30";"1";"2020";"16:10";"1";"94";"94019";"2";"1";"2";"6";"CLEMENT ADER (R)";"48,8025400";"2,5551200"
"202000005675";"31";"1";"2020";"14:55";"1";"94";"94018";"2";"2";"1";"3";"BERCY (QU DE)";"48,8224500";"2,3976300"
"202000005676";"31";"1";"2020";"17:20";"1";"93";"93073";"2";"1";"1";"3";"RTE DES PETITS PONTS";"48,9642000";"2,5653000"
"202000005677";"31";"1";"2020";"14:00";"1";"93";"93005";"2";"9";"1";"3";"MITRY [CD115] (ROUTE DE)";"48,9503288";"2,5238487"
"202000005678";"31";"1";"2020";"11:30";"1";"93";"93078";"2";"1";"8";"6";"DAMBEL (AVENUE EMILE)";"48,9547000";"2,5476600"
"202000005679";"31";"1";"2020";"18:15";"5";"93";"93066";"2";"3";"1";"3";"BD ANATOLE FRANCE";"48,9255173";"2,3507502"
"202000005680";"31";"1";"2020";"17:30";"2";"93";"93066";"2";"1";"1";"6";"LAMAZE DOCTEUR";"48,9346838";"2,3719996"
"202000005681";"31";"1";"2020";"20:00";"5";"93";"93055";"2";"6";"1";"6";"CHEMIN DE FER (DU)";"48,8991100";"2,3967600"
"202000005682";"31";"1";"2020";"18:15";"5";"93";"93050";"2";"1";"1";"6";"GENERAL DE GAULLE (AVENUE)";"48,8584062";"2,5345186"
"202000005683";"31";"1";"2020";"17:15";"5";"93";"93050";"2";"1";"1";"6";"REPUBLIQUE (BOULEVARD)";"48,8579482";"2,5295162"
"202000005684";"31";"1";"2020";"17:00";"1";"93";"93074";"2";"1";"1";"6";"BOUCHER RUE ALEXANDRE";"48,9329200";"2,5670700"
"202000005685";"31";"1";"2020";"18:00";"5";"93";"93006";"2";"2";"1";"3";"REPUBLIQUE AVENUE DE LA";"48,8604000";"2,4204000"
"202000005686";"31";"1";"2020";"17:00";"1";"93";"93066";"2";"1";"1";"6";"HUGO VICTOR (PLACE)";"48,9358268";"2,3584794"
"202000005687";"31";"1";"2020";"12:00";"1";"93";"93005";"2";"2";"1";"3";"VILLE NEUVE (RUE DE)";"48,9431834";"2,4999055"
"202000005688";"31";"1";"2020";"10:05";"1";"92";"92073";"2";"9";"2";"3";"SELLIER (BOULEVARD HENRI)";"48,8683000";"2,2239000"
"202000005689";"30";"1";"2020";"17:20";"5";"92";"92063";"2";"6";"2";"6";"MYGATT (AVENUE OTIS)";"48,8594241";"2,1832891"
"202000005690";"31";"1";"2020";"13:32";"1";"92";"92050";"2";"1";"1";"3";"SUISSES RUE DES";"48,8848290";"2,1985810"
"202000005691";"30";"1";"2020";"18:00";"5";"92";"92050";"2";"2";"2";"6";"VENETS RUE DES/ JOLIOT CURIE F. ET IRENE AVENUE N°PAIRS";"48,8893855";"2,2040632"
"202000005692";"31";"1";"2020";"10:50";"1";"92";"92049";"2";"2";"1";"7";"BRIAND AVENUE ARISTIDE N°1 A 129/ PERI RUE GABRIEL N°1 A 35";"48,8174980";"2,3254570"
"202000005693";"31";"1";"2020";"07:40";"2";"92";"92036";"2";"2";"1";"3";"LOUIS ROCHE (AVENUE) (1/45)/ MOULIN DE CAGE (QUAI DU)";"48,9210700";"2,3252400"
"202000005694";"30";"1";"2020";"09:15";"1";"92";"92023";"2";"2";"3";"3";"SABLONS (RUE DES)";"48,8070200";"2,2577800"
"202000005695";"31";"1";"2020";"14:30";"1";"92";"92036";"2";"3";"1";"3";"BAS ( RUE DES )";"48,9204610";"2,2884380"
"202000005696";"30";"1";"2020";"17:45";"2";"92";"92002";"2";"1";"2";" -1";"LEBRUN (AVENUE)";"48,7635960";"2,3045590"
"202000005697";"1";"2";"2020";"07:20";"1";"38";"38336";"2";"6";"1";"6";"Chemin du Vieux Pave";"45,4737500";"4,8291400"
"202000005698";"31";"1";"2020";"20:15";"3";"85";"85126";"1";"1";"1";"1";"D148";"46,4584370";" -0,8378360"
"202000005699";"27";"1";"2020";"12:25";"1";"68";"68019";"1";"3";"1";"4";"468";"48,0952470";"7,5334350"
"202000005700";"31";"1";"2020";"19:15";"3";"01";"01157";"1";"1";"1";"6";"D933";"46,0078270";"4,7510020"
"202000005701";"28";"1";"2020";"12:42";"1";"68";"68300";"1";"1";"8";"2";"D201";"47,7851050";"7,3882730"
"202000005702";"31";"1";"2020";"08:30";"1";"29";"29142";"1";"1";"8";"6";"Lothey N165";"48,1624640";" -4,0441060"
"202000005703";"31";"1";"2020";"17:55";"1";"22";"22093";"1";"1";"1";"2";"RN 12 - PR 40+500";"48,4704740";" -2,5537200"
"202000005704";"30";"1";"2020";"12:00";"1";"06";"06095";"2";"2";"1";"3";"53 Avenue des Termes";"43,6385030";"6,8839110"
"202000005705";"31";"1";"2020";"17:20";"1";"50";"50512";"1";"1";"1";"7";"La Pilauderie";"49,0598490";" -1,1761000"
"202000005706";"1";"2";"2020";"09:00";"1";"83";"83054";"2";"1";"1";"1";"Route Nationale 97";"43,1608460";"6,0420300"
"202000005707";"31";"1";"2020";"18:45";"5";"62";"62595";"2";"3";"8";"3";"Route de Houlle";"50,7899872";"2,1761747"
"202000005708";"1";"2";"2020";"08:15";"1";"74";"74173";"2";"1";"1";"1";"510 Route du Leutaz";"45,8389430";"6,5979280"
"202000005709";"1";"2";"2020";"18:10";"5";"67";"67463";"2";"3";"2";"1";"1 route de strasbourg";"48,8959250";"8,1081110"
"202000005710";"31";"1";"2020";"13:57";"1";"31";"31150";"1";"1";"1";"6";"N 224";"43,6613520";"1,3530780"
"202000005711";"1";"2";"2020";"18:45";"3";"55";"55088";"1";"1";"2";"7";"D964";"48,5526147";"5,6675202"
"202000005712";"31";"1";"2020";"18:15";"3";"68";"68258";"1";"1";"1";"7";"D2";"47,8303280";"7,2950080"
"202000005713";"1";"2";"2020";"01:40";"3";"22";"22164";"1";"1";"2";"7";"Collet Meur";"48,5972340";" -3,2901800"
"202000005714";"31";"1";"2020";"21:10";"5";"44";"44069";"2";"1";"2";"6";"Avenue de la Brière";"47,3313230";" -2,4232790"
"202000005715";"1";"2";"2020";"18:50";"3";"13";"13010";"1";"6";"2";"2";"D570n";"43,8963460";"4,7855330"
"202000005716";"1";"2";"2020";"01:00";"3";"05";"05072";"1";"1";"1";"6";"N85";"44,6587940";"6,0846130"
"202000005717";"1";"2";"2020";"14:10";"1";"60";"60155";"1";"9";"1";"3";"Lieu Dit la Villeneuve";"49,2438974";"2,3240690"
"202000005718";"31";"1";"2020";"14:15";"1";"18";"18004";"1";"2";"2";"3";"Les Bouchis";"47,2257220";"2,2661820"
"202000005719";"30";"1";"2020";"14:30";"1";"43";"43137";"2";"1";"1";"3";"10 Avenue du 11 Novembre";"45,2872860";"4,1679010"
"202000005720";"1";"2";"2020";"01:20";"3";"53";"53147";"2";"2";"3";"1";"Rue Roullois";"48,3042390";" -0,6141980"
"202000005721";"1";"2";"2020";"09:40";"1";"40";"40001";"2";"1";"1";"2";"2505 Avenue de Bordeaux";"43,7320960";" -0,2668150"
"202000005722";"31";"1";"2020";"23:40";"3";"40";"40272";"1";"1";"1";"6";"D12";"43,5708930";" -1,2748650"
"202000005723";"31";"1";"2020";"17:33";"2";"17";"17218";"1";"3";"2";"3";"RD 137 Route de la Rochelle";"46,2834060";" -0,9943910"
"202000005724";"1";"2";"2020";"02:35";"3";"30";"30123";"1";"1";"1";"1";"N113";"43,6984880";"4,1763280"
"202000005725";"31";"1";"2020";"17:08";"1";"33";"33352";"1";"1";"8";"1";"D9e1";"44,5785700";" -0,0228080"
"202000005726";"31";"1";"2020";"16:30";"1";"76";"76684";"1";"1";"1";"5";"Pont, route national 182";"49,4737710";"0,4635930"
"202000005727";"25";"1";"2020";"19:00";"3";"13";"13044";"1";"1";"1";"2";"D19";"43,6118750";"5,0503420"
"202000005728";"1";"2";"2020";"15:45";"1";"34";"34337";"1";"1";"1";"1";"Route Départemental 185";"43,5392700";"3,8833560"
"202000005729";"31";"1";"2020";"18:45";"2";"69";"69244";"2";"2";"1";"7";"Avenue du 11 Novembre 1918";"45,7640450";"4,7602670"
"202000005730";"31";"1";"2020";"17:20";"2";"69";"69027";"1";"1";"1";"2";"D342";"45,6847620";"4,7664570"
"202000005731";"1";"2";"2020";"08:30";"1";"91";"91441";"1";"1";"3";"7";"Autoroute A 6, PK 040+700, circulant vers PARIS";"48,5075390";"2,5109880"
"202000005732";"31";"1";"2020";"18:50";"5";"971";"97107";"2";"1";"1";"6";"289 Boulevard de Bananier";"16,0019460";" -61,5993550"
"202000005733";"31";"1";"2020";"21:30";"5";"971";"97107";"1";"6";"1";"1";"1492 Rue de Roseau";"16,0871070";" -61,5630270"
"202000005734";"1";"2";"2020";"10:10";"1";"37";"37003";"1";"2";"2";"1";"D61";"47,3893681";"1,0470395"
"202000005735";"31";"1";"2020";"10:20";"1";"45";"45297";"1";"1";"8";"7";"D119 - PR 1+600";"47,7758050";"2,3915000"
"202000005736";"31";"1";"2020";"18:37";"3";"77";"77099";"1";"1";"8";"1";"D7";"48,1607790";"2,6739320"
"202000005737";"31";"1";"2020";"16:45";"1";"91";"91338";"1";"2";"8";"1";"D838";"48,6347700";"2,0636590"
"202000005738";"31";"1";"2020";"12:00";"1";"34";"34058";"1";"1";"1";" -1";"Saint Leonard";"43,6908640";"4,0153340"
"202000005739";"29";"1";"2020";"19:00";"3";"74";"74224";"1";"1";"2";"6";"Route de Lavillat";"46,0551500";"6,2908050"
"202000005740";"1";"2";"2020";"11:00";"1";"17";"17444";"1";"1";"2";"2";"RD6 - Route de Gémozac";"45,6544730";" -0,6527640"
"202000005741";"22";"1";"2020";"19:50";"5";"33";"33019";"2";"1";"8";"6";"24 Allée Ernest de Boissière";"44,6836900";" -1,0157400"
"202000005742";"1";"2";"2020";"09:08";"1";"27";"27321";"1";"1";"1";"6";"D133";"49,1977470";"1,1301110"
"202000005743";"31";"1";"2020";"08:34";"1";"13";"13071";"1";"1";"1";"4";"A55-Sens Martigues vers Marseille";"43,3775500";"5,3177000"
"202000005744";"29";"1";"2020";"09:45";"1";"83";"83137";"1";"1";"1";"4";"A50";"43,1250600";"5,9062500"
"202000005745";"31";"1";"2020";"11:00";"1";"33";"33448";"1";"1";"1";"6";"AUTOROUTE A 62";"44,7191800";" -0,5215600"
"202000005746";"31";"1";"2020";"08:55";"1";"92";"92048";"1";"1";"8";"7";"N118";"48,8045487";"2,2135654"
"202000005747";"31";"1";"2020";"15:00";"1";"95";"95277";"1";"1";"1";"5";"AUTOROUTE A104";"48,9722600";"2,4860100"
"202000005748";"31";"1";"2020";"07:00";"3";"95";"95252";"1";"1";"2";"3";"AUTOROUTE A15";"48,9771500";"2,2339200"
"202000005749";"31";"1";"2020";"08:45";"1";"95";"95277";"1";"1";"1";"6";"AUTOROUTE A104";"48,9731100";"2,4852700"
"202000005750";"31";"1";"2020";"06:30";"4";"95";"95572";"1";"1";"1";"6";"AUTOROUTE A15";"49,0325300";"2,1121700"
"202000005751";"30";"1";"2020";"20:30";"3";"95";"95582";"1";"1";"2";"6";"AUTOROUTE A115";"48,9750000";"2,2415000"
"202000005752";"30";"1";"2020";"16:30";"1";"93";"93027";"1";"1";"2";"6";"BDL";"48,9266400";"2,4022400"
"202000005753";"30";"1";"2020";"08:15";"2";"92";"92036";"1";"1";"1";"3";"AUTOROUTE A15";"48,9423900";"2,2894800"
"202000005754";"29";"1";"2020";"16:20";"1";"93";"93007";"1";"1";"1";"4";"AUTOROUTE A3";"48,9326600";"2,4807200"
"202000005755";"31";"1";"2020";"17:30";"1";"93";"93051";"1";"1";"1";"3";"A4";"48,8349003";"2,5774734"
"202000005756";"31";"1";"2020";"10:40";"1";"94";"94069";"1";"1";"8";"3";"A4";"48,8174400";"2,4290300"
"202000005757";"30";"1";"2020";"07:00";"1";"974";"97416";"1";"1";"1";"4";"Chemin Antoine Picard";" -21,3149500";"55,5416000"
"202000005758";"29";"1";"2020";"05:45";"2";"974";"97409";"1";"9";"1";"3";"RN2 SENS STE SUZANNE ST BENOIT";" -20,9588100";"55,6573300"
"202000005759";"29";"1";"2020";"09:45";"1";"973";"97302";"2";"1";"1";"2";"REPUBLIQUE (BD DE LA)";"4,9373000";" -52,3253900"
"202000005760";"30";"1";"2020";"18:00";"5";"69";"69259";"2";"1";"2";"6";"FRANCIS DE PRESSENSE                (AV)";"45,7285220";"4,8611766"
"202000005761";"29";"1";"2020";"22:45";"3";"972";"97213";"1";"1";"1";"6";"BELFORT (CHEMIN RURAL N°36 DE)";"14,6527900";" -61,0059000"
"202000005762";"30";"1";"2020";"09:51";"1";"2A";"2A004";"2";"1";"1";"2";"NICOLI JEAN COURS";"41,9341677";"8,7473923"
"202000005763";"29";"1";"2020";"19:00";"5";"2A";"2A004";"2";"1";"1";"2";"GEORGES POMPIDOU AVENUE";"41,9331744";"8,7554318"
"202000005764";"29";"1";"2020";"18:50";"5";"91";"91514";"2";"3";"8";"3";"BOISSY (RUE DE)";"48,6727000";"2,5372000"
"202000005765";"30";"1";"2020";"08:00";"1";"87";"87065";"2";"3";"3";"3";"VALIN (AVENUE MARTIAL)";"45,8161900";"1,3086000"
"202000005766";"21";"7";"2020";"14:45";"1";"95";"95127";"1";"1";"1";"7";"RN 14";"49,0474550";"2,0719860"
"202000005767";"20";"7";"2020";"16:13";"1";"91";"91570";"2";"2";"7";"6";"MONTLHERY (RUE)";"48,6343350";"2,3022340"
"202000005768";"20";"7";"2020";"09:17";"1";"91";"91223";"2";"1";"1";"7";"CHARPENTIER (AVENUE THEODORE)";"48,4286000";"2,1521000"
"202000005769";"21";"7";"2020";"16:00";"1";"91";"91657";"2";"1";"1";"7";"TOURELLE (AVENUE DE LA )";"48,6905180";"2,4397150"
"202000005770";"21";"7";"2020";"06:50";"2";"91";"91174";"2";"1";"1";"2";"Emile ZOLA (rue)";"48,6184000";"2,4699700"
"202000005771";"19";"7";"2020";"22:42";"5";"91";"91339";"2";"2";"1";"2";"BENOIST ROBERT (AVENUE)";"48,6352000";"2,2661000"
"202000005772";"18";"7";"2020";"12:25";"1";"91";"91425";"2";"6";"1";"2";"CROIX DU MESNIL (CHEMIN DE LA)";"48,6475300";"2,2749800"
"202000005773";"21";"7";"2020";"09:25";"1";"88";"88160";"2";"1";"1";"6";"4 NATIONS (PLACE DES)";"48,1765000";"6,4462000"
"202000005774";"21";"7";"2020";"12:14";"1";"87";"87085";"2";"2";"1";" -1";"DUTREIX (RUE ARMAND)";"45,8308400";"1,2447600"
"202000005775";"13";"7";"2020";"12:20";"1";"81";"81144";"2";"2";"1";"1";"ALBI A CARMAUX  ( D.97)";"43,9629440";"2,1904230"
"202000005776";"13";"7";"2020";"15:00";"1";"81";"81004";"2";"1";"1";"6";"LATTRE DE TASSIGNY (AV DE)";"43,9315390";"2,1651080"
"202000005777";"16";"7";"2020";"15:00";"1";"80";"80021";"2";"1";"1";"2";"ABBEVILLE (RUE D')";"49,9082500";"2,2630500"
"202000005778";"20";"7";"2020";"12:15";"1";"77";"77258";"2";"1";"1";"6";"SOUBRIARDE (AVENUE DE LA) - D10P";"48,8339600";"2,6426900"
"202000005779";"21";"7";"2020";"15:30";"1";"77";"77305";"2";"1";"7";"6";"ROSTAND (RUE EDMOND)";"48,3982370";"2,9549360"
"202000005780";"21";"7";"2020";"12:50";"1";"77";"77517";"1";"1";"1";"2";"LAGNY (RUE DE)";"48,9061700";"2,6620000"
"202000005781";"20";"7";"2020";"00:20";"5";"76";"76540";"2";"2";"1";"2";"RONDEAUX. AVENUE JEAN";"49,4318800";"1,0739400"
"202000005782";"21";"7";"2020";"01:20";"5";"76";"76108";"2";"1";"1";"7";"RN 28 (ROUTE DE NEUFCHATEL)";"49,4605429";"1,1101652"
"202000005783";"18";"7";"2020";"23:20";"5";"76";"76351";"2";"3";"1";"6";"JEAN JAURES (AVENUE)";"49,5005000";"0,1669200"
"202000005784";"21";"7";"2020";"17:35";"1";"69";"69266";"2";"1";"2";"3";"ROGER SALENGRO     (Avenue)";"45,7794300";"4,8815800"