"Num_Acc";"jour";"mois";"an";"hrmn";"lum";"dep";"com";"agg";"int";"atm";"col";"adr";"lat";"long"
"202000005785";"20";"7";"2020";"07:20";"1";"69";"69115";"2";"1";"1";" -1";"GRANGE ROLLIN (rue de la)";"45,9728200";"4,7223600"
"202000005786";"18";"7";"2020";"14:00";"1";"67";"67482";"2";"2";"1";"3";"ROMAINS (ROUTE DES)";"48,5795440";"7,7156357"
"202000005787";"21";"7";"2020";"23:10";"5";"64";"64445";"2";"1";"1";" -1";"DUFAU";"43,3055000";" -0,3677400"
"202000005788";"21";"7";"2020";"11:47";"1";"64";"64348";"1";"1";"1";"2";"CHARLES DE GAULLE";"43,3116500";" -0,4137400"
"202000005789";"21";"7";"2020";"10:30";"1";"64";"64445";"2";"1";"1";"7";"PAIX";"43,3184900";" -0,3450000"
"202000005790";"20";"7";"2020";"18:00";"1";"64";"64269";"1";"1";"1";"7";"TARBES DE";"43,3011200";" -0,3138100"
"202000005791";"21";"7";"2020";"14:55";"1";"64";"64102";"2";"1";"1";"2";"DUVERGIER DE HAURANNE (AVENUE)";"43,4859700";" -1,4661300"
"202000005792";"21";"7";"2020";"09:15";"1";"64";"64024";"2";"7";"1";"6";"GENERAL LECLERC (PLACE DU)";"43,4949700";" -1,5295300"
"202000005793";"20";"7";"2020";"15:32";"1";"63";"63164";"2";"3";"1";"2";"MITTERRAND ( Avenue François)";"45,8367400";"3,1582400"
"202000005794";"20";"7";"2020";"16:30";"1";"62";"62178";"2";"1";"1";"7";"EVRARD ( FLORENT )";"50,4856270";"2,5465540"
"202000005795";"20";"7";"2020";"14:20";"1";"62";"62400";"2";"2";"1";"3";"PREMIER MAI ( DU )";"50,4721477";"2,5775383"
"202000005796";"21";"7";"2020";"19:20";"1";"59";"59599";"2";"3";"1";"1";"LILLE (RUE DE)";"50,7224700";"3,1533540"
"202000005797";"21";"7";"2020";"16:30";"1";"59";"59128";"2";"9";"1";"5";"POINCARE RUE";"50,6457630";"2,9624301"
"202000005798";"21";"7";"2020";"21:25";"1";"54";"54300";"2";"7";"1";"1";"PATTON (RUE DU GENERAL)";"48,6563200";"6,2312800"
"202000005799";"21";"7";"2020";"14:40";"1";"51";"51573";"2";"6";"1";"1";"Avenue du 29 Août 1944";"49,2473844";"3,9991922"
"202000005800";"21";"7";"2020";"17:15";"1";"50";"50002";"1";"9";"1";"6";"RN 174 (2X2) Rocreuil-sortie Agneaux";"49,1108900";" -1,1389000"
"202000005801";"21";"7";"2020";"21:30";"1";"50";"50218";"2";"1";"1";"6";"PLAT GOUSSET (PROMENADE)";"48,8430650";" -1,5939520"
"202000005802";"18";"7";"2020";"21:24";"1";"49";"49353";"2";"1";"1";"3";"JEAN JAURES RUE";"47,4437700";" -0,4981600"
"202000005803";"18";"7";"2020";"18:09";"1";"49";"49007";"2";"1";"1";"2";"ROI RENE BOULEVARD";"47,4668200";" -0,5546400"
"202000005804";"17";"7";"2020";"14:21";"1";"49";"49267";"2";"1";"1";"2";"Route d'ANGERS";"47,4668900";" -0,4963400"
"202000005805";"20";"7";"2020";"19:43";"1";"48";"48095";"1";"1";"1";"7";"route du Puy";"44,5309600";"3,5257000"
"202000005806";"21";"7";"2020";"19:10";"1";"45";"45234";"2";"6";"1";"3";"rond point de la tangentielle";"47,9243000";"1,9412000"
"202000005807";"11";"7";"2020";"19:50";"1";"44";"44184";"2";"3";"1";"3";"Avenue de Penhoet";"47,2898500";" -2,1934900"
"202000005808";"20";"7";"2020";"17:15";"1";"44";"44109";"2";"1";"1";"6";"Boulevard Emile Romanet";"47,2102400";" -1,6037300"
"202000005809";"21";"7";"2020";"19:15";"1";"37";"37261";"2";"2";"1";"7";"ROND POINT JEAN LE RESTE";"47,4036257";"0,7240247"
"202000005810";"21";"7";"2020";"17:20";"1";"37";"37261";"2";"6";"1";" -1";"EIFFEL (AVENUE GUSTAVE)";"47,4317587";"0,6975205"
"202000005811";"20";"7";"2020";"19:12";"1";"37";"37122";"2";"1";"1";"4";"RD 37";"47,3622009";"0,6475578"
"202000005812";"21";"7";"2020";"08:00";"1";"37";"37261";"2";"6";"1";"7";"SAINT-SAUVEUR (ROND POINT)";"47,3737970";"0,6784434"
"202000005813";"21";"7";"2020";"21:45";"2";"35";"35278";"1";"1";"1";"6";"Les Buinado";"48,1431000";" -1,6713000"
"202000005814";"21";"7";"2020";"20:35";"2";"35";"35051";"2";"6";"1";"3";"RENNES (RUE DE)";"48,1143000";" -1,6152000"
"202000005815";"21";"7";"2020";"19:25";"1";"35";"35238";"2";"6";"1";"3";"CHATEAU (AVENUE FRANCOIS)";"48,1115300";" -1,6461100"
"202000005816";"20";"7";"2020";"19:00";"1";"33";"33063";"2";"2";"1";"3";"RUE MONTGOLFIER / RUE FRERE";"44,8531600";" -0,5766900"
"202000005817";"11";"7";"2020";"02:00";"3";"33";"33162";"2";"1";"1";"6";"AVE JEAN MERMOZ";"44,8619400";" -0,6660200"
"202000005818";"21";"7";"2020";"06:03";"2";"31";"31555";"2";"1";"1";"3";"217 Route d'Albi";"43,6430790";"1,4677160"
"202000005819";"21";"7";"2020";"23:40";"5";"29";"29232";"2";"9";"1";"6";"Rue de la Deesse";"47,9935112";" -4,1048760"
"202000005820";"21";"7";"2020";"14:07";"1";"27";"27681";"2";"1";"1";"2";"AZEMIA (BOULEVARD GEORGES)";"49,0791900";"1,4880900"
"202000005821";"20";"7";"2020";"11:10";"1";"27";"27229";"2";"2";"1";"3";"NEUBOURG (RUE DU)";"49,0339930";"1,1293090"
"202000005822";"21";"7";"2020";"13:40";"1";"26";"26281";"2";"4";"1";"1";"78 bis Avenue Château Fleury";"45,0411300";"5,0755000"
"202000005823";"7";"7";"2020";"09:40";"1";"22";"22113";"2";"6";"1";"2";"MENDES FRANCE (BOULEVARD)";"48,7220622";" -3,4817255"
"202000005824";"21";"7";"2020";"18:15";"1";"17";"17300";"2";"1";"1";"6";"DEMEOCQ   RUE JEAN";"46,1523201";" -1,1423636"
"202000005825";"20";"7";"2020";"16:50";"1";"17";"17028";"2";"1";"1";"3";"RENAN   RUE ERNEST";"46,1290359";" -1,1189449"
"202000005826";"21";"7";"2020";"18:55";"1";"14";"14333";"2";"6";"1";"7";"CARNOT (ROND POINT)";"49,4178043";"0,2401757"
"202000005827";"21";"7";"2020";"19:20";"1";"06";"06088";"2";"9";"1";"4";"TURIN (RTE DE)";"43,7089722";"7,2842967"
"202000005828";"21";"7";"2020";"12:45";"1";"06";"06069";"2";"1";"1";"3";"ROUQUIER (BOULEVARD EMMANUEL)";"43,6300000";"6,9400000"
"202000005829";"21";"7";"2020";"12:30";"1";"06";"06029";"1";"1";"1";"3";"MIDI (BOULEVARD DU)";"43,5490000";"6,9901000"
"202000005830";"18";"7";"2020";"01:36";"5";"03";"03094";"2";"1";"1";"6";"Rue de l'Industrie";"46,1556210";"3,4107318"
"202000005831";"21";"7";"2020";"12:42";"1";"75";"75113";"2";"1";"1";"2";"BOULEVARD PERIPHERIQUE";"48,8215800";"2,3791310"
"202000005832";"21";"7";"2020";"20:30";"1";"75";"75119";"2";"4";"1";"3";"PLACE DE LA PORTE DE PANTIN";"48,8898750";"2,3966290"
"202000005833";"21";"7";"2020";"20:15";"1";"75";"75119";"2";"7";"1";"3";"PLACE DE LA BATAILLE DE STALINGRAD";"48,8832870";"2,3693530"
"202000005834";"20";"7";"2020";"19:00";"1";"75";"75116";"2";"1";"1";"3";"AVENUE D IENA";"48,8666110";"2,2950270"
"202000005835";"21";"7";"2020";"19:35";"1";"75";"75113";"2";"1";"1";"6";"RUE RAYMOND ARON";"48,8352830";"2,3747090"
"202000005836";"21";"7";"2020";"13:00";"1";"75";"75111";"2";"3";"1";"3";"BOULEVARD DE MENILMONTANT";"48,8648360";"2,3850710"
"202000005837";"20";"7";"2020";"22:25";"5";"75";"75111";"2";"5";"1";"3";"BOULEVARD VOLTAIRE";"48,8504010";"2,3925060"
"202000005838";"7";"10";"2020";"19:15";"2";"75";"75110";"2";"1";"1";"3";"QUAI DE JEMMAPES";"48,8709430";"2,3660480"
"202000005839";"21";"7";"2020";"22:30";"5";"75";"75108";"2";"7";"1";"3";"PLACE DE LA CONCORDE";"48,8666530";"2,3220160"
"202000005840";"21";"7";"2020";"14:32";"1";"75";"75108";"2";"2";"1";"3";"BOULEVARD MALESHERBES";"48,8737800";"2,3206370"
"202000005841";"20";"7";"2020";"23:25";"5";"75";"75108";"2";"2";"1";"3";"AVENUE GEORGE V";"48,8683820";"2,3011150"
"202000005842";"15";"7";"2020";"18:25";"2";"75";"75104";"2";"1";"1";"3";"RUE SAINT ANTOINE";"48,8550060";"2,3613510"
"202000005843";"21";"7";"2020";"11:26";"1";"75";"75104";"2";"3";"1";"7";"RUE SAINT ANTOINE";"48,8534200";"2,3671910"
"202000005844";"21";"7";"2020";"10:10";"1";"94";"94068";"2";"2";"1";"1";"BAC (AV DU)";"48,7970620";"2,5048780"
"202000005845";"21";"7";"2020";"09:50";"1";"94";"94068";"2";"5";"1";"3";"BAC (AV DU)";"48,7963400";"2,5067300"
"202000005846";"20";"7";"2020";"19:15";"1";"94";"94073";"2";"3";"1";"1";"LEON MARCHAND (AV)";"48,7664600";"2,3864800"
"202000005847";"21";"7";"2020";"21:40";"2";"94";"94022";"2";"9";"1";"2";"JEAN JAURES (R)";"48,7654000";"2,4085000"
"202000005848";"21";"7";"2020";"18:30";"1";"94";"94054";"2";"3";"1";"6";"PAUL VAILLANT COUTURIER (R)";"48,7444000";"2,4009000"
"202000005849";"21";"7";"2020";"06:50";"1";"94";"94022";"2";"1";"7";"6";"JEAN JAURES (R)";"48,7643000";"2,4059000"
"202000005850";"21";"7";"2020";"18:30";"1";"94";"94019";"2";"9";"1";"1";"CROIX SAINT VINCENT (CHE DE LA)";"48,8009300";"2,5278700"
"202000005851";"21";"7";"2020";"07:05";"2";"94";"94017";"2";"6";"1";"3";"SONIA DE LAUNAY (VOI)";"48,8117200";"2,5364900"
"202000005852";"20";"7";"2020";"08:15";"1";"94";"94017";"2";"1";"1";"6";"PLESSIS TREVISE (R DU)";"48,8043500";"2,5531200"
"202000005853";"21";"7";"2020";"19:50";"1";"94";"94075";"2";"3";"1";"3";"RENARD (ALL DU)";"48,7287000";"2,5232000"
"202000005854";"21";"7";"2020";"14:57";"1";"93";"93078";"2";"2";"1";" -1";"DE GAULLE (AVENUE CHARLES)";"48,9582100";"2,5585500"
"202000005855";"21";"7";"2020";"17:49";"1";"93";"93070";"2";"1";"1";"3";"JEAN-JAURES (BD)";"48,9134547";"2,3356653"
"202000005856";"21";"7";"2020";"21:10";"1";"93";"93066";"2";"1";"1";"6";"LIBERATION RD14 (BOULEVARD)";"48,9280747";"2,3413216"
"202000005857";"21";"7";"2020";"09:10";"1";"93";"93077";"2";"3";"1";"3";"GALLIENI (AVENUE DU GENERAL)";"48,8918915";"2,5058543"
"202000005858";"21";"7";"2020";"17:40";"1";"93";"93048";"2";"1";"1";"3";"PASTEUR S3 (AVENUE)";"48,8662720";"2,4361747"
"202000005859";"21";"7";"2020";"17:19";"1";"93";"93046";"2";"1";"1";"6";"AV DU PDT FITZGERALD KENNEDY";"48,9152130";"2,5341090"
"202000005860";"21";"7";"2020";"07:00";"2";"93";"93010";"2";"2";"1";"5";"GUESDES (RUE JULES)";"48,9036627";"2,4770432"
"202000005861";"21";"7";"2020";"19:30";"2";"93";"93071";"2";"5";"1";"6";"STALINGRAD (BOULEVARD DE)";"48,9353000";"2,5341000"
"202000005862";"21";"7";"2020";"22:53";"5";"92";"92075";"2";"1";"1";"3";"JEAN BLEUZEN";"48,8230069";"2,2957698"
"202000005863";"15";"7";"2020";"21:00";"2";"92";"92050";"2";"3";"1";"7";"STALINGRAD RUE DE";"48,8937599";"2,1966369"
"202000005864";"21";"7";"2020";"12:17";"1";"92";"92049";"2";"1";"1";"3";"BRIAND AVENUE ARISTIDE AUTRES N°";"48,8111742";"2,3263979"
"202000005865";"20";"7";"2020";"22:35";"5";"92";"92049";"2";"1";"1";"7";"DARDAN RUE GERMAIN";"48,8122072";"2,3028454"
"202000005866";"21";"7";"2020";"14:30";"1";"92";"92040";"2";"9";"1";"2";"GALLIENI (BOULEVARD)";"48,8279579";"2,2675277"
"202000005867";"21";"7";"2020";"19:40";"1";"92";"92024";"2";"2";"1";"6";"HENRI BARBUSSE (RUE) DE (1 A 73)   (2 A";"48,9000100";"2,3062100"
"202000005868";"21";"7";"2020";"09:10";"1";"17";"17245";"2";"1";"7";" -1";"30 Grande Rue";"46,1556120";" -1,0120140"
"202000005869";"22";"7";"2020";"09:15";"1";"84";"84142";"1";"1";"1";"5";"D31";"43,9597970";"5,0265510"
"202000005870";"22";"7";"2020";"08:50";"1";"71";"71047";"2";"2";"1";"3";"Rue du Musée";"46,6216670";"3,7675298"
"202000005871";"22";"7";"2020";"17:00";"1";"31";"31273";"2";"1";"1";"3";"54 Route de Saint-pierre";"43,6999161";"1,5065455"
"202000005872";"20";"7";"2020";"10:20";"1";"84";"84094";"1";"1";"1";"1";"D71";"44,2787990";"5,1401050"
"202000005873";"21";"7";"2020";"22:25";"2";"63";"63264";"1";"1";"1";"7";"D983";"45,6230650";"2,8228180"
"202000005874";"21";"7";"2020";"18:04";"1";"57";"57224";"1";"1";"7";"2";"38 Rue de Metz";"49,0619760";"6,6754120"
"202000005875";"19";"7";"2020";"11:16";"1";"01";"01194";"2";"3";"1";"3";"Rue du Beaujolais";"45,9855900";"4,7543980"
"202000005876";"22";"7";"2020";"12:55";"1";"06";"06130";"1";"1";"1";"6";"D6085";"43,7179600";"6,8354090"
"202000005877";"21";"7";"2020";"17:00";"1";"58";"58086";"2";"2";"1";"3";"Rue du Ponceau";"47,4117390";"2,9271540"
"202000005878";"21";"7";"2020";"07:00";"1";"59";"59016";"2";"2";"1";"3";"rue du nord";"50,9653530";"2,3464230"
"202000005879";"15";"7";"2020";"16:00";"1";"974";"97413";"2";"1";"1";"3";"Rue du General de Gaulle";" -21,1580990";"55,2852680"
"202000005880";"22";"7";"2020";"17:00";"1";"30";"30202";"1";"1";"1";"6";"D343";"44,2572410";"4,6253730"
"202000005881";"22";"7";"2020";"20:00";"1";"62";"62430";"1";"1";"1";"7";"D6";"50,1530670";"2,5255040"
"202000005882";"21";"7";"2020";"20:30";"2";"56";"56248";"1";"2";"7";"3";"Grand Coëdigo";"47,5708220";" -2,6010130"
"202000005883";"21";"7";"2020";"10:35";"1";"56";"56184";"2";"6";"1";"6";"rue des acacias";"47,6681510";" -2,4503210"
"202000005884";"21";"7";"2020";"09:25";"1";"56";"56123";"1";"1";"1";"7";"La Chaussée";"47,6677570";" -2,2995110"
"202000005885";"21";"7";"2020";"06:40";"1";"76";"76463";"1";"1";"1";"6";"D1";"49,4263560";"1,6885470"
"202000005886";"21";"7";"2020";"18:15";"1";"76";"76179";"2";"3";"1";"3";"Rue Edmond Spalikowski";"49,6010480";"1,1156650"
"202000005887";"22";"7";"2020";"09:50";"1";"2B";"2B343";"2";"1";"1";"4";"7 Arena Soprana";"42,4980940";"9,4683160"
"202000005888";"18";"7";"2020";"18:35";"1";"80";"80649";"1";"1";"1";"7";"D940";"50,3440230";"1,6450520"
"202000005889";"21";"7";"2020";"18:30";"1";"82";"82154";"1";"3";"1";"3";"Lieu Dit Haut Castels";"44,2307290";"1,1374820"
"202000005890";"22";"7";"2020";"12:26";"1";"33";"33437";"1";"1";"1";"5";"D936";"44,8550400";" -0,0899290"
"202000005891";"1";"7";"2020";"16:00";"1";"61";"61153";"1";"2";"1";"3";"Zone d’Activite Actival d’Orne";"48,7277140";" -0,0524780"
"202000005892";"21";"7";"2020";"18:00";"1";"49";"49135";"1";"2";"7";"3";"Rue d'Epinard";"47,5624970";" -0,5854080"
"202000005893";"21";"7";"2020";"11:45";"1";"49";"49378";"1";"6";"1";"6";"D767";"47,3081638";" -0,0310587"
"202000005894";"21";"7";"2020";"20:45";"1";"49";"49228";"1";"1";"1";"7";"Bignon de Vert (Parçay-les-Pins)";"47,4075680";"0,1500320"
"202000005895";"22";"7";"2020";"15:40";"1";"29";"29220";"1";"3";"1";"3";"D44 - 29 Rue de Menez Rouz";"47,8837400";" -4,2051140"
"202000005896";"21";"7";"2020";"09:44";"1";"84";"84020";"1";"1";"1";"6";"D36";"43,8145720";"5,3285620"
"202000005897";"22";"7";"2020";"16:41";"1";"01";"01113";"1";"2";"3";"3";"D26";"46,1777580";"5,0731460"
"202000005898";"21";"7";"2020";"14:25";"1";"50";"50417";"1";"1";"1";"6";"D902";"49,5894110";" -1,3163320"
"202000005899";"22";"7";"2020";"09:40";"1";"83";"83095";"1";"1";"1";"7";"RD560";"43,5558650";"6,1167560"
"202000005900";"22";"7";"2020";"07:30";"1";"60";"60485";"1";"2";"1";"1";"intersection d11 et d930";"49,6126560";"2,1708300"
"202000005901";"22";"7";"2020";"11:30";"1";"18";"18110";"1";"1";"1";"6";"D199";"47,2616630";"2,9382370"
"202000005902";"21";"7";"2020";"17:10";"1";"07";"07010";"2";"1";"1";"2";"27 Rue du Quebec";"45,2498840";"4,6804520"
"202000005903";"22";"7";"2020";"18:30";"1";"53";"53126";"1";"2";"1";"3";"La paisière";"48,3648030";" -0,9723440"
"202000005904";"21";"7";"2020";"20:20";"1";"53";"53039";"1";"1";"1";"7";"D30";"48,1561090";" -0,9593300"
"202000005905";"20";"7";"2020";"12:15";"1";"04";"04013";"1";"1";"1";"2";"RD 4085";"44,1270120";"5,9790637"
"202000005906";"19";"7";"2020";"04:15";"3";"17";"17253";"1";"1";"1";"6";"D911";"46,0262600";" -0,8359270"
"202000005907";"19";"7";"2020";"06:10";"3";"24";"24126";"1";"1";"1";"7";"Planque";"44,8012810";"0,5182350"
"202000005908";"21";"7";"2020";"20:55";"3";"973";"97307";"2";"1";"1";"6";"Rue du Champ de Canne";"4,8884620";" -52,3181930"
"202000005909";"21";"7";"2020";"14:15";"1";"65";"65062";"1";"1";"1";"2";"A64";"43,2085710";"0,1362870"
"202000005910";"21";"7";"2020";"13:10";"1";"74";"74264";"2";"1";"1";"2";"114 Avenue du Mont Blanc";"46,0563030";"6,5670110"
"202000005911";"18";"7";"2020";"23:00";"5";"976";"97612";"2";"1";"1";"4";"Impasse Stade";" -12,6894530";"45,0749300"
"202000005912";"22";"7";"2020";"10:25";"1";"69";"69044";"2";"1";"1";"2";"2 Route de Sain-bel";"45,7757320";"4,7342870"
"202000005913";"26";"2";"2020";"14:45";"1";"21";"21173";"1";"1";"1";"2";"A31";"47,0433777";"4,8893795"
"202000005914";"12";"7";"2020";"16:30";"1";"971";"97125";"2";"2";"1";"3";"N4";"16,2561410";" -61,2897150"
"202000005915";"21";"7";"2020";"18:25";"1";"34";"34135";"1";"1";"1";"7";"cd 609";"43,3007730";"3,1536180"
"202000005916";"21";"7";"2020";"04:45";"3";"67";"67336";"1";"1";"1";"1";"D1083";"48,4508170";"7,6569600"
"202000005917";"21";"7";"2020";"17:00";"1";"69";"69190";"2";"1";"1";"3";"Rue Marcel Mérieux";"45,7682110";"4,6992300"
"202000005918";"21";"7";"2020";"12:00";"1";"81";"81099";"2";"1";"1";"6";"Rue Saint-jean";"43,9023840";"1,8914590"
"202000005919";"21";"7";"2020";"13:50";"1";"09";"09306";"1";"1";"1";"6";"Avenue de Sabart";"42,8329890";"1,6079740"
"202000005920";"21";"7";"2020";"13:20";"1";"16";"16018";"2";"1";"1";"2";"5 Chaussée de Gimeux";"45,6428730";" -0,3833760"
"202000005921";"21";"7";"2020";"15:00";"1";"13";"13028";"1";"1";"1";"2";"A50-Sens Aubagne vers Toulon";"43,2050448";"5,5902389"
"202000005922";"21";"7";"2020";"13:15";"1";"13";"13005";"1";"1";"1";"7";"A50-Sens Marseille vers Aubagne";"43,2885670";"5,5606820"
"202000005923";"20";"7";"2020";"19:45";"1";"13";"13055";"1";"1";"1";"5";"A507 sens Marseille - Aubagne";"43,3299700";"5,3966580"
"202000005924";"20";"7";"2020";"17:01";"1";"83";"83137";"1";"1";"1";"5";"A50";"43,1265500";"5,8913100"
"202000005925";"20";"7";"2020";"23:12";"3";"69";"69272";"1";"1";"1";" -1";"A46S   57.400 A 61.010";"45,5941400";"4,8471800"
"202000005926";"21";"7";"2020";"18:45";"1";"92";"92050";"1";"1";"1";"2";"A86";"48,9088703";"2,2144267"
"202000005927";"20";"7";"2020";"08:30";"1";"92";"92048";"1";"1";"1";" -1";"N118";"48,7955155";"2,2178484"
"202000005928";"21";"7";"2020";"21:20";"2";"93";"93053";"1";"1";"1";"3";"AUTOROUTE A3";"48,8834300";"2,4585600"
"202000005929";"21";"7";"2020";"17:30";"1";"93";"93063";"1";"1";"1";"7";"AUTOROUTE A3";"48,8794400";"2,4494700"
"202000005930";"21";"7";"2020";"07:55";"1";"93";"93066";"1";"1";"1";"3";"AUTOROUTE A1";"48,9338000";"2,3806900"
"202000005931";"21";"7";"2020";"07:25";"1";"94";"94017";"1";"1";"1";"3";"A4";"48,8296743";"2,4982711"
"202000005932";"21";"7";"2020";"07:15";"1";"77";"77169";"1";"1";"1";"2";"RN104.INT";"48,8124700";"2,6287800"
"202000005933";"20";"7";"2020";"18:30";"1";"77";"77337";"1";"1";"1";"3";"A4";"48,8303864";"2,6112166"
"202000005934";"17";"7";"2020";"23:10";"5";"94";"94065";"1";"1";"1";"2";"A86 INT";"48,7552210";"2,3439100"
"202000005935";"20";"7";"2020";"22:55";"5";"69";"69387";"2";"2";"1";"3";"JEAN JAURES                         (AV)";"45,7481800";"4,8436800"
"202000005936";"20";"7";"2020";"16:50";"1";"69";"69388";"2";"1";"1";"6";"ETATS UNIS (DES)                    (BD)";"45,7261000";"4,8700000"
"202000005937";"20";"7";"2020";"13:50";"1";"69";"69259";"2";"3";"1";" -1";"FRANCIS DE PRESSENSE                (AV)";"45,7158800";"4,8714400"
"202000005938";"20";"7";"2020";"11:50";"1";"69";"69383";"2";"1";"1";"2";"LAFAYETTE                           (CO)";"45,7635900";"4,8502100"
"202000005939";"20";"7";"2020";"19:09";"1";"2A";"2A004";"2";"3";"1";"3";"MARECHAL JUIN AVENUE";"41,9341287";"8,7506722"
"202000005940";"19";"7";"2020";"15:43";"1";"95";"95539";"2";"1";"1";"1";"Avenue Jean Moulin";"48,9947000";"2,3653000"
"202000005941";"18";"7";"2020";"12:17";"1";"91";"91477";"2";"2";"1";"3";"VALLEE (CHEMIN DE LA)";"48,7238800";"2,2383200"
"202000005942";"20";"7";"2020";"17:50";"1";"91";"91377";"2";"1";"1";"6";"PREMIER MAI (BOULEVARD DU)";"48,7335000";"2,2623000"
"202000005943";"16";"7";"2020";"09:52";"1";"91";"91552";"2";"3";"1";"3";"ALLENDE SALVADOR (AVENUE)";"48,5911700";"2,2579400"
"202000005944";"13";"7";"2020";"10:00";"1";"91";"91425";"2";"2";"1";"5";"ORLEANS (ROUTE D')";"48,6340800";"2,2661100"
"202000005945";"20";"7";"2020";"01:10";"5";"83";"83137";"2";"5";"1";"3";"BLACHE (PLACE NOEL)";"43,1241000";"5,9363000"
"202000005946";"20";"7";"2020";"08:15";"1";"83";"83069";"2";"1";"1";"1";"DECUGIS (AVENUE ALFRED)";"43,1149774";"6,1554819"
"202000005947";"19";"7";"2020";"22:20";"2";"76";"76231";"2";"1";"1";"4";"RN 840 (ROUTE DU NEUBOURG)";"49,2786690";"1,0059340"
"202000005948";"17";"7";"2020";"16:30";"1";"76";"76705";"1";"6";"1";"7";"PICARD. AVENUE GUSTAVE";"49,3289200";"1,1020700"
"202000005949";"20";"7";"2020";"12:30";"1";"74";"74119";"2";"1";"1";"2";"JAURES (BOULEVARD JEAN)";"46,3998100";"6,5978600"
"202000005950";"19";"7";"2020";"20:30";"1";"71";"71306";"2";"1";"1";"1";"NANCY (RUE DE)";"46,6740158";"4,3435180"
"202000005951";"20";"7";"2020";"18:40";"1";"69";"69266";"2";"3";"1";"3";"ALSACE   (Rue d')";"45,7637802";"4,8699254"
"202000005952";"19";"7";"2020";"14:00";"1";"67";"67482";"2";"1";"1";"3";"LYON (BOULEVARD DE)";"48,5760200";"7,7321200"
"202000005953";"18";"7";"2020";"19:00";"1";"67";"67482";"2";"1";"1";"3";"RAOUL CLAINCHARD (RUE)";"48,5418500";"7,7763600"
"202000005954";"19";"7";"2020";"12:40";"1";"64";"64445";"2";"1";"1";" -1";"ALLEES DE MORLAAS DES";"43,3045000";" -0,3490300"
"202000005955";"20";"7";"2020";"14:45";"1";"64";"64024";"2";"6";"1";"7";"BARRE (PROMENADE DE LA)";"43,4961000";" -1,5288000"
"202000005956";"13";"7";"2020";"07:25";"1";"63";"63124";"2";"2";"1";"6";"D216";"45,7300664";"3,1908015"
"202000005957";"7";"7";"2020";"09:45";"1";"59";"59350";"2";"3";"1";"6";"MAUBEUGE RUE N°1 - 32";"50,6243142";"3,0711561"
"202000005958";"17";"7";"2020";"23:00";"3";"56";"56121";"1";"1";"1";"2";"RN165 sens Brest-Nantes";"47,7693600";" -3,3784300"
"202000005959";"3";"9";"2020";"19:10";"1";"44";"44172";"2";"6";"1";"3";"Rond Point des Bornes";"47,2749710";" -1,4683060"
"202000005960";"16";"10";"2020";"20:18";"5";"60";"60313";"2";"3";"1";"3";"37 Rue de Mouy";"49,3555313";"2,2531677"
"202000005961";"17";"10";"2020";"11:50";"1";"80";"80383";"1";"1";"1";"2";"A1";"49,7246180";"2,7790260"
"202000005962";"16";"10";"2020";"18:30";"1";"13";"13055";"1";"1";"1";"2";"A507 sens Marseille - Aubagne";"43,3298600";"5,4030070"
"202000005963";"16";"10";"2020";"16:00";"1";"13";"13211";"1";"1";"1";"2";"A50-Sens Aubagne vers Marseille";"43,2912300";"5,4850400"
"202000005964";"16";"10";"2020";"09:10";"1";"13";"13071";"1";"1";"1";"4";"A7-Sens Marseille vers Lyon";"43,4029440";"5,3454330"
"202000005965";"14";"10";"2020";"08:45";"1";"69";"69283";"1";"1";"1";"2";"A46S  ";"45,6741000";"4,9503000"
"202000005966";"16";"10";"2020";"08:30";"1";"33";"33080";"1";"1";"1";"3";"AUTOROUTE A 62";"44,7597400";" -0,5463300"
"202000005967";"14";"10";"2020";"08:15";"1";"33";"33249";"1";"1";"1";"3";"ROCADE A 630";"44,8847300";" -0,5161300"
"202000005968";"16";"10";"2020";"07:30";"1";"78";"78362";"1";"1";"1";"2";"A13";"48,9770090";"1,7168730"
"202000005969";"15";"10";"2020";"15:10";"1";"95";"95277";"2";"1";"1";"6";" A3";"48,9727710";"2,4866840"
"202000005970";"16";"10";"2020";"07:15";"3";"93";"93051";"1";"1";"1";"5";"A4";"48,8365570";"2,5482720"
"202000005971";"15";"10";"2020";"07:20";"1";"976";"97611";"2";"1";"1";"6";"tsoundzou-Maternelle ( rue de la )";" -12,8159800";"45,1992500"
"202000005972";"14";"10";"2020";"20:15";"3";"974";"97416";"1";"1";"1";"3";"ANCIENNE RN 1";" -21,2222300";"55,4449200"
"202000005973";"14";"10";"2020";"19:50";"1";"974";"97416";"1";"1";"1";"6";"Chemin Bassin Plat";" -21,3312300";"55,4903800"
"202000005974";"14";"10";"2020";"15:40";"1";"974";"97409";"2";"3";"1";"3";"Rue de Cambuston";" -20,9330910";"55,6521140"
"202000005975";"14";"10";"2020";"18:00";"1";"974";"97407";"2";"9";"1";"3";"VOIE DE LIAISON PORTUAIRE EST/ OUEST";" -20,9302700";"55,3014900"
"202000005976";"15";"10";"2020";"17:15";"1";"973";"97302";"2";"1";"1";"3";"MANDELA  (BOULEVARD)";"4,9374700";" -52,3258000"
"202000005977";"15";"10";"2020";"20:00";"5";"69";"69387";"2";"2";"1";"1";"GAMBETTA                            (CO)";"45,7521000";"4,8522000"