"Num_Acc";"jour";"mois";"an";"hrmn";"lum";"dep";"com";"agg";"int";"atm";"col";"adr";"lat";"long"
"202000005978";"15";"10";"2020";"17:30";"2";"69";"69387";"2";"2";"1";"1";"GUILLOTIERE (DE LA)                 (GR)";"45,7479400";"4,8562000"
"202000005979";"15";"10";"2020";"13:55";"1";"69";"69383";"2";"1";"1";" -1";"VICTOR AUGAGNEUR                    (QU)";"45,7592600";"4,8409400"
"202000005980";"15";"10";"2020";"13:30";"1";"69";"69202";"2";"1";"8";"6";"CHAVRIL (DE)                        (R )";"45,7466772";"4,8011967"
"202000005981";"14";"10";"2020";"12:15";"1";"971";"97101";"1";"1";"2";"6";"DES FINANCES - MORNE CARUEL (RUE)";"16,2681900";" -61,5117100"
"202000005982";"13";"10";"2020";"08:25";"1";"95";"95585";"2";"1";"1";"6";"Rue Victor Hugo";"48,9981100";"2,3826300"
"202000005983";"13";"10";"2020";"08:30";"1";"91";"91552";"2";"1";"3";"5";"RTE DE LEUVILLE";"48,6028000";"2,2569800"
"202000005984";"11";"10";"2020";"17:49";"1";"91";"91549";"2";"1";"1";"2";"RD 117";"48,6401700";"2,3331700"
"202000005985";"11";"10";"2020";"00:25";"5";"91";"91552";"1";"1";"1";"2";"CD 19";"48,5772300";"2,2866700"
"202000005986";"10";"10";"2020";"11:20";"1";"91";"91549";"2";"1";"1";"6";"GABRIEL PERI (AVENUE)";"48,6526600";"2,3153800"
"202000005987";"6";"10";"2020";"13:30";"1";"91";"91570";"2";"9";"1";"3";"ROSIERES (RUE)";"48,6258000";"2,3138200"
"202000005988";"14";"10";"2020";"17:28";"1";"87";"87085";"2";"1";"2";"4";"REVOLUTION (PONT DE LA)";"45,8199000";"1,2647900"
"202000005989";"14";"10";"2020";"20:15";"5";"87";"87065";"2";"3";"2";"7";"MERMOZ (RUE JEAN-)";"45,8159600";"1,3086000"
"202000005990";"14";"10";"2020";"16:07";"1";"87";"87065";"1";"1";"2";"6";"AUTOROUTE A20";"45,7987800";"1,2962800"
"202000005991";"15";"10";"2020";"13:45";"1";"83";"83090";"2";"1";"1";"3";"NATIONALE 8 (ROUTE)";"43,1327345";"5,8648999"
"202000005992";"14";"10";"2020";"08:00";"1";"76";"76540";"2";"1";"1";"2";"MARNE. BOULEVARD DE LA";"49,4462000";"1,0883900"
"202000005993";"14";"10";"2020";"18:30";"1";"76";"76575";"2";"1";"1";"6";"UNIVERSITE. AVENUE DE L'";"49,3868400";"1,0660300"
"202000005994";"14";"10";"2020";"15:15";"1";"76";"76165";"2";"3";"1";"3";"FAURE. RUE FELIX";"49,2871400";"1,0229400"
"202000005995";"15";"10";"2020";"18:30";"1";"76";"76349";"2";"3";"1";"3";"CABARET (RUE DU)";"49,8930900";"1,0313800"
"202000005996";"31";"8";"2020";"09:40";"1";"69";"69264";"2";"1";"1";"3";"BARBUSSE HENRI  (boulvard)";"45,9799000";"4,7162000"
"202000005997";"15";"10";"2020";"08:30";"1";"69";"69264";"2";"1";"1";"3";"GAMBETTA  BD";"45,9908798";"4,7150969"
"202000005998";"14";"10";"2020";"18:00";"2";"67";"67482";"2";"1";"2";"1";"NANTES (RUE DE)";"48,5718000";"7,7800000"
"202000005999";"15";"10";"2020";"10:32";"1";"66";"66136";"2";"1";"1";"3";"LANGUEDOC (AVENUE DU CD 88)";"42,7224500";"2,8865300"
"202000006000";"15";"10";"2020";"09:55";"1";"64";"64445";"2";"6";"1";"3";"DROITS DE L' HOMME DES";"43,3130600";" -0,3689600"
"202000006001";"15";"10";"2020";"15:20";"1";"64";"64102";"2";"6";"8";"3";"9 chemin des barthes";"43,4979200";" -1,4937000"
"202000006002";"15";"10";"2020";"08:00";"2";"64";"64024";"2";"3";"3";"6";"BARTHES (RUE DES)";"43,4835000";" -1,5108800"
"202000006003";"15";"10";"2020";"16:25";"1";"59";"59599";"2";"1";"1";"6";"PAPIN (CHAUSSEE DENIS)";"50,7326500";"3,1431200"
"202000006004";"15";"10";"2020";"18:25";"2";"59";"59346";"2";"9";"1";"3";"APPERT NICOLAS RUE";"50,6040700";"3,1337400"
"202000006005";"14";"10";"2020";"11:50";"1";"59";"59346";"2";"9";"1";"2";"LEZENNES BOULEVARD DE";"50,6180700";"3,1097000"
"202000006006";"15";"10";"2020";"06:55";"2";"58";"58194";"2";"3";"1";"3";"PETIT MOUESSE";"46,9888100";"3,1720500"
"202000006007";"12";"10";"2020";"03:25";"4";"57";"57672";"2";"1";"2";"6";"BREUIL (BOUCLE DU)";"49,3679885";"6,1084413"
"202000006008";"15";"10";"2020";"07:50";"2";"56";"56260";"2";"1";"1";"1";"PAIX(BLD DE LA) 41 A 109 ET 52 A 124";"47,6613800";" -2,7564900"
"202000006009";"14";"10";"2020";"17:15";"1";"56";"56121";"2";"3";"1";"3";"BELGIQUE (RUE  DE )";"47,7597600";" -3,3815200"
"202000006010";"14";"10";"2020";"19:40";"5";"54";"54395";"2";"3";"2";"3";"MOUILLERON (RUE GABRIEL)";"48,6849367";"6,1753904"
"202000006011";"14";"10";"2020";"19:40";"5";"54";"54395";"2";"1";"2";"6";"CARMES (RUE DES)";"48,6904960";"6,1812960"
"202000006012";"14";"10";"2020";"18:35";"5";"54";"54395";"2";"2";"2";"3";"BRABOIS (AVENUE DE)";"48,6718000";"6,1613000"
"202000006013";"13";"10";"2020";"07:30";"2";"54";"54395";"2";"1";"1";"5";"FOLLER (RUE)";"48,6863000";"6,1936500"
"202000006014";"15";"10";"2020";"17:30";"1";"51";"51454";"2";"2";"1";"7";"Rue Ambroise Petit";"49,2401435";"4,0414660"
"202000006015";"13";"10";"2020";"15:30";"1";"50";"50129";"2";"1";"1";"6";"NAPOLEON (PLACE)";"49,6428100";" -1,6240700"
"202000006016";"14";"10";"2020";"11:45";"1";"50";"50129";"2";"1";"8";"3";"DOM PEDRO (RUE )";"49,6405500";" -1,6121200"
"202000006017";"14";"10";"2020";"16:25";"1";"49";"49099";"2";"3";"1";"3";"ANJOU (RUE DE L')";"47,0744720";" -0,8438935"
"202000006018";"13";"10";"2020";"20:00";"2";"49";"49007";"1";"1";"2";"4";"ATLANTIQUE  AVENUE DE L'";"47,4695100";" -0,5921100"
"202000006019";"13";"10";"2020";"17:27";"2";"49";"49007";"2";"1";"1";"3";"Rue de Buffon";"47,4764200";" -0,5475470"
"202000006020";"14";"10";"2020";"15:04";"5";"49";"49007";"2";"1";"5";"6";"POIREL BOULEVARD";"47,4597000";" -0,5605000"
"202000006021";"9";"10";"2020";"11:55";"1";"44";"44109";"2";"1";"2";"1";"Bd Meusnier de Querlon";"47,2276400";" -1,5744500"
"202000006022";"10";"10";"2020";"16:20";"1";"41";"41269";"2";"1";"1";"3";"CHASSEURS (RUE DU 20EME)";"47,8033700";"1,0663600"
"202000006023";"16";"10";"2020";"01:25";"3";"37";"37208";"2";"1";"1";"7";"MIDY (RUE DE LA)";"47,3539855";"0,7517663"
"202000006024";"15";"10";"2020";"07:30";"1";"37";"37261";"2";"1";"1";"3";"EIFFEL (AVENUE GUSTAVE)";"47,4261004";"0,6969158"
"202000006025";"15";"10";"2020";"07:10";"4";"35";"35238";"2";"1";"8";"6";"REPUBLIQUE (PLACE DE LA)";"48,1102000";" -1,6787100"
"202000006026";"14";"10";"2020";"17:40";"1";"35";"35238";"2";"9";"1";"3";"FOULON (AVENUE PROFESSEUR CHARLES)";"48,1191600";" -1,6492600"
"202000006027";"15";"10";"2020";"07:20";"5";"33";"33039";"2";"4";"1";"3";"ALL BOYER";"44,8094100";" -0,5373400"
"202000006028";"15";"10";"2020";"10:55";"1";"31";"31555";"2";"1";"1";"3";"AV ALBERT BEDOUCE";"43,5783200";"1,4578300"
"202000006029";"14";"10";"2020";"18:30";"2";"31";"31555";"2";"1";"1";"1";"AV DE LATTRE DE TASSIGNY";"43,5766100";"1,4362600"
"202000006030";"14";"10";"2020";"17:00";"1";"31";"31555";"1";"1";"2";"4";"RD901";"43,6171300";"1,3938400"
"202000006031";"14";"10";"2020";"12:10";"1";"31";"31555";"2";"1";"3";"3";"PORT SAINT SAUVEUR";"43,5980200";"1,4558900"
"202000006032";"13";"10";"2020";"20:09";"5";"31";"31555";"2";"1";"2";"3";"BD LASCROSSES";"43,6097900";"1,4327600"
"202000006033";"14";"10";"2020";"15:00";"1";"29";"29019";"2";"3";"1";"3";"Rue Dupetit Thouars";"48,3788746";" -4,5203934"
"202000006034";"14";"10";"2020";"12:05";"1";"29";"29019";"2";"1";"2";"2";"D112 - Pen Ar Chleuz";"48,4150638";" -4,4797467"
"202000006035";"15";"10";"2020";"08:05";"1";"27";"27229";"2";"6";"1";"3";"ORLEANS (RUE D')";"48,9985600";"1,1548900"
"202000006036";"15";"10";"2020";"18:45";"1";"26";"26198";"2";"3";"2";"3";"70 Avenue de Rochemaure";"44,5637400";"4,7398500"
"202000006037";"14";"10";"2020";"12:15";"1";"22";"22113";"2";"1";"1";"2";"LOGUIVY (LIEU DIT)";"48,7387080";" -3,4778970"
"202000006038";"14";"10";"2020";"06:58";"5";"21";"21054";"2";"1";"2";"5";"Boulevard Maréchal Joffre";"47,0261670";"4,8425610"
"202000006039";"15";"10";"2020";"22:55";"5";"17";"17306";"2";"1";"1";"6";"PONTAILLAC (DE) (AVENUE)";"45,6250310";" -1,0477420"
"202000006040";"15";"10";"2020";"20:45";"5";"13";"13207";"2";"1";"1";"3";"CHARLES LIVON (BOULEVARD)";"43,2921000";"5,3590000"
"202000006041";"15";"10";"2020";"19:45";"5";"13";"13211";"2";"2";"1";"3";"VALBARELLE (BOULEVARD DE LA )";"43,2886080";"5,4548040"
"202000006042";"15";"10";"2020";"14:40";"1";"13";"13207";"2";"1";"1";"3";"CORDERIE (BOULEVARD DE LA)";"43,2902100";"5,3685820"
"202000006043";"15";"10";"2020";"08:10";"1";"13";"13206";"2";"1";"1";"3";"BRETEUIL (RUE)";"43,2865320";"5,3773940"
"202000006044";"14";"10";"2020";"10:51";"1";"10";"10387";"2";"6";"1";"3";"ST DOMINIQUE (MAIL)";"48,2948800";"4,0818900"
"202000006045";"9";"10";"2020";"09:10";"1";"08";"08174";"2";"1";"2";"7";"SAINT-MENGES (ROUTE DE)";"49,7306200";"4,9258100"
"202000006046";"15";"10";"2020";"15:55";"1";"06";"06088";"2";"1";"1";"5";"ANGLAIS (A PARTIR DU N° 351)";"43,6696100";"7,2220500"
"202000006047";"15";"10";"2020";"15:30";"1";"06";"06027";"2";"3";"1";"3";"CHENES AVENUE DES";"43,6616000";"7,1658000"
"202000006048";"15";"10";"2020";"08:25";"1";"06";"06027";"2";"1";"1";"6";"BESSET AVENUE CYRILLE";"43,6597070";"7,1582260"
"202000006049";"15";"10";"2020";"21:02";"5";"03";"03185";"2";"2";"2";"3";"N/A";"46,3281896";"2,6086831"
"202000006050";"13";"10";"2020";"08:40";"1";"75";"75116";"2";"4";"2";"2";"PORTE D AUTEUIL";"48,8439220";"2,2548740"
"202000006051";"15";"10";"2020";"15:40";"1";"75";"75120";"2";"3";"1";"6";"RUE DE MENILMONTANT";"48,8675330";"2,3850940"
"202000006052";"14";"10";"2020";"09:10";"1";"75";"75120";"2";"2";"8";"3";"RUE DE MENILMONTANT";"48,8686470";"2,3895750"
"202000006053";"15";"10";"2020";"17:30";"1";"75";"75118";"2";"1";"1";"7";"BOULEVARD NEY";"48,8983290";"2,3616580"
"202000006054";"15";"10";"2020";"09:30";"1";"75";"75118";"2";"3";"1";"6";"RUE MARX DORMOY";"48,8868470";"2,3596650"
"202000006055";"15";"10";"2020";"08:25";"1";"75";"75116";"2";"1";"1";"6";"AVENUE DE VERSAILLES";"48,8436060";"2,2698990"
"202000006056";"14";"10";"2020";"22:36";"5";"75";"75116";"2";"2";"1";"7";"RUE RAYNOUARD";"48,8537260";"2,2774340"
"202000006057";"15";"10";"2020";"19:30";"5";"75";"75114";"2";"1";"1";"6";"AVENUE DU MAINE";"48,8337960";"2,3244710"
"202000006058";"15";"10";"2020";"09:50";"1";"75";"75114";"2";"1";"1";"2";"AVENUE RENE COTY";"48,8312750";"2,3333990"
"202000006059";"15";"10";"2020";"19:00";"5";"75";"75113";"2";"5";"1";"3";"AVENUE DES GOBELINS";"48,8368330";"2,3518020"
"202000006060";"15";"10";"2020";"11:05";"1";"75";"75112";"2";"1";"1";"3";"AVENUE DAUMESNIL";"48,8405200";"2,3916810"
"202000006061";"15";"10";"2020";"08:45";"1";"75";"75112";"2";"1";"8";"3";"PONT D AUSTERLITZ";"48,8451210";"2,3663700"
"202000006062";"15";"10";"2020";"19:30";"5";"75";"75111";"2";"7";"1";"2";"PLACE LEON BLUM";"48,8582540";"2,3793600"
"202000006063";"15";"10";"2020";"14:25";"1";"75";"75111";"2";"2";"1";"3";"BOULEVARD RICHARD LENOIR";"48,8662540";"2,3695930"
"202000006064";"15";"10";"2020";"07:45";"5";"75";"75111";"2";"1";"1";"6";"RUE DE CHARONNE";"48,8552200";"2,3878010"
"202000006065";"15";"10";"2020";"14:30";"1";"75";"75110";"2";"1";"1";"6";"RUE DU FAUBOURG SAINT DENIS";"48,8789280";"2,3569020"
"202000006066";"15";"10";"2020";"11:35";"1";"75";"75110";"2";"1";"1";"7";"RUE D HAUTEVILLE";"48,8745870";"2,3507220"
"202000006067";"15";"10";"2020";"17:30";"1";"75";"75108";"2";"3";"1";"6";"RUE DE ROME";"48,8772070";"2,3230730"
"202000006068";"15";"10";"2020";"12:59";"1";"75";"75108";"2";"3";"1";"6";"RUE LA BOETIE";"48,8743870";"2,3186420"
"202000006069";"15";"10";"2020";"10:30";"1";"75";"75108";"2";"1";"1";"3";"AVENUE DES CHAMPS ELYSEES";"48,8715110";"2,3020540"
"202000006070";"15";"10";"2020";"09:10";"1";"75";"75108";"2";"1";"1";"3";"RUE SAINT LAZARE";"48,8754490";"2,3254150"
"202000006071";"14";"10";"2020";"18:00";"1";"75";"75108";"2";"3";"1";"1";"AVENUE CESAR CAIRE";"48,8766930";"2,3193100"
"202000006072";"15";"10";"2020";"15:05";"1";"75";"75115";"2";"5";"1";"6";"RUE DE LA CROIX NIVERT";"48,8386270";"2,2894810"
"202000006073";"14";"10";"2020";"08:50";"1";"75";"75101";"2";"2";"2";"7";"BOULEVARD DE SEBASTOPOL";"48,8595270";"2,3487970"
"202000006074";"14";"10";"2020";"09:00";"1";"75";"75101";"2";"1";"2";"2";"RUE DE RIVOLI";"48,8606310";"2,3417740"
"202000006075";"15";"10";"2020";"13:30";"1";"94";"94081";"2";"1";"1";"3";"LUDWIG VAN BEETHOVEN (R)";"48,7979200";"2,3803200"
"202000006076";"15";"10";"2020";"08:20";"1";"94";"94081";"2";"1";"1";"3";"LUCIEN FRANCAIS (AV)";"48,7877600";"2,3875100"
"202000006077";"14";"10";"2020";"07:50";"2";"94";"94068";"2";"2";"2";"3";"BAC (AV DU)";"48,7945415";"2,5115111"
"202000006078";"13";"10";"2020";"07:00";"5";"94";"94068";"2";"1";"2";"6";"BAGAUDES (BD DES)";"48,8092690";"2,4662690"
"202000006079";"15";"10";"2020";"03:10";"5";"94";"94052";"2";"1";"1";"1";"PONT DE NOGENT";"48,8321000";"2,4930000"
"202000006080";"15";"10";"2020";"19:45";"5";"94";"94046";"2";"3";"1";"7";"VICTOR HUGO (R)";"48,7997890";"2,4429800"
"202000006081";"14";"10";"2020";"08:30";"1";"94";"94003";"2";"3";"2";"3";"PAUL VAILLANT COUTURIER (AV)";"48,8037100";"2,3381900"
"202000006082";"15";"10";"2020";"13:15";"1";"94";"94041";"2";"1";"1";"2";"MARCEL HARTMANN (R)";"48,8074100";"2,3845900"
"202000006083";"15";"10";"2020";"13:30";"1";"94";"94034";"2";"1";"1";"7";"TUILERIE (R DE LA)";"48,7580900";"2,3204500"
"202000006084";"14";"10";"2020";"12:20";"1";"94";"94019";"2";"2";"1";"3";"D'AMBOILE (R)";"48,7905000";"2,5319700"
"202000006085";"14";"10";"2020";"08:05";"2";"93";"93070";"2";"3";"2";"3";"GABRIEL-PERI (AV)";"48,9078300";"2,3323800"
"202000006086";"15";"10";"2020";"15:00";"1";"93";"93014";"2";"1";"1";"3";"AV JEAN MOULIN";"48,9087212";"2,5543801"
"202000006087";"15";"10";"2020";"19:35";"5";"93";"93010";"2";"1";"1";"4";"GALLIENI (AV.) DE 132 A 186";"48,9065878";"2,4858460"
"202000006088";"15";"10";"2020";"13:55";"1";"93";"93010";"2";"1";"1";" -1";"BLUM (AV. LEON)";"48,9152642";"2,4789839"
"202000006089";"15";"10";"2020";"08:05";"1";"93";"93010";"2";"9";"1";"3";"SAINT-LOUIS PROLONGE (RUE)";"48,8905044";"2,4954990"
"202000006090";"13";"10";"2020";"08:40";"1";"92";"92063";"2";"6";"2";"3";"PERRET (RUE AUGUSTE)";"48,8901000";"2,1673500"
"202000006091";"11";"10";"2020";"15:55";"1";"92";"92063";"2";"2";"1";"3";"COLMAR (AVENUE DE)";"48,8867500";"2,1743600"
"202000006092";"15";"10";"2020";"09:10";"1";"92";"92062";"2";"9";"1";"6";"CONTRE ALLEE GENERAL DE GAULLE";"48,8867457";"2,2306259"
"202000006093";"15";"10";"2020";"13:45";"1";"92";"92024";"2";"3";"1";"6";"CLAUDE DEBUSSY (AVENUE)";"48,9093153";"2,3078335"
"202000006094";"15";"10";"2020";"08:26";"1";"92";"92024";"2";"1";"8";"6";"MADAME DE SANZILLON (RUE)";"48,9035000";"2,3166000"
"202000006095";"14";"10";"2020";"13:40";"1";"92";"92060";"2";"6";"8";"3";"PAUL LANGEVIN (AVENUE) (RD 2)";"48,7762885";"2,2497095"
"202000006096";"14";"10";"2020";"22:30";"3";"62";"62704";"1";"1";"1";"6";"D928";"50,5679069";"2,0960453"
"202000006097";"15";"10";"2020";"18:45";"1";"22";"22209";"1";"1";"1";"1";"D768";"48,5758800";" -2,1747240"
"202000006098";"15";"10";"2020";"16:45";"1";"06";"06033";"1";"1";"1";"1";"1ère Avenue";"43,7754980";"7,2121170"
"202000006099";"16";"10";"2020";"11:00";"1";"60";"60176";"2";"1";"1";"6";"70 Rue Nationale";"49,2368556";"2,8878884"
"202000006100";"16";"10";"2020";"03:35";"3";"36";"36200";"1";"1";"1";"6";"N/A";"46,6137571";"1,5329877"
"202000006101";"16";"10";"2020";"18:30";"3";"57";"57244";"1";"1";"8";"3";"D98c";"48,7138590";"7,2191980"
"202000006102";"16";"10";"2020";"08:15";"1";"51";"51492";"2";"1";"1";"6";"D440";"48,5533050";"3,7814470"
"202000006103";"13";"10";"2020";"17:40";"1";"19";"19093";"1";"6";"2";"7";"Montplaisir";"45,1011461";"1,5722658"
"202000006104";"16";"9";"2020";"16:30";"1";"19";"19093";"1";"3";"1";"1";"Route du Dougnoux";"45,0858137";"1,5423970"
"202000006105";"16";"10";"2020";"01:15";"5";"80";"80732";"2";"1";"1";"6";"726 Rue Saint-claude";"49,8824360";"1,7249550"
"202000006106";"16";"10";"2020";"06:00";"2";"42";"42274";"1";"1";"2";"6";"D8";"45,9164120";"3,9797860"
"202000006107";"15";"10";"2020";"21:30";"3";"42";"42235";"1";"1";"2";"6";"Route de Valprivas";"45,3639290";"4,0366170"
"202000006108";"16";"10";"2020";"16:50";"1";"46";"46145";"1";"1";"1";"1";"D803";"44,9101460";"1,4996980"
"202000006109";"15";"10";"2020";"12:15";"1";"34";"34142";"2";"1";"1";"6";"17 Avenue Denfert Rochereau";"43,7307900";"3,3240350"
"202000006110";"16";"10";"2020";"07:15";"4";"68";"68055";"2";"2";"1";"6";"85 Rue Principale";"47,6936794";"7,3613447"
"202000006111";"15";"10";"2020";"15:10";"1";"44";"44069";"1";"1";"1";"2";"12 Avenue Paul Gauguin CD 192";"47,2873810";" -2,4107270"
"202000006112";"15";"10";"2020";"11:40";"1";"38";"38001";"1";"3";"1";"1";"Route de Maroc";"45,5534310";"5,5625940"
"202000006113";"15";"10";"2020";"19:40";"5";"38";"38182";"2";"1";"9";"2";"Avenue de l'Europe";"45,3939900";"5,4257700"
"202000006114";"15";"10";"2020";"17:45";"1";"02";"02257";"1";"9";"7";"1";"L'Épine de Dallon";"49,8263770";"3,2406770"
"202000006115";"15";"10";"2020";"16:00";"1";"58";"58273";"1";"1";"1";"1";"RD978 carrefour de faye";"46,9991780";"3,2802610"
"202000006116";"16";"10";"2020";"05:50";"3";"72";"72007";"1";"1";"1";"6";"Lieu Dit Combray";"47,9956190";"0,4477520"
"202000006117";"15";"10";"2020";"21:45";"3";"90";"90085";"1";"1";"2";"6";"D24";"47,7646610";"6,8694860"
"202000006118";"16";"10";"2020";"07:35";"2";"45";"45264";"1";"1";"1";"1";"D2157 - PR 15 + 77";"47,9283480";"1,7031320"
"202000006119";"16";"10";"2020";"05:45";"3";"07";"07110";"1";"1";"1";"7";"D104";"44,4722450";"4,2366030"
"202000006120";"16";"10";"2020";"06:55";"3";"04";"04166";"2";"1";"1";"6";"RD 11";"43,8087580";"6,1087100"
"202000006121";"15";"10";"2020";"08:00";"2";"30";"30075";"1";"1";"1";"3";"Route de Nimes D40";"43,8194800";"4,2946240"
"202000006122";"15";"10";"2020";"15:50";"1";"65";"65010";"1";"1";"4";"4";"A64";"43,1993052";"0,1647121"
"202000006123";"16";"10";"2020";"13:35";"1";"95";"95678";"1";"1";"1";"3";"N184";"49,0762586";"2,2466490"
"202000006124";"15";"10";"2020";"04:30";"3";"988";"98821";"1";"1";"1";"2";"V.E.2";" -22,1496500";"166,3699100"
"202000006125";"15";"10";"2020";"15:30";"1";"973";"97305";"1";"4";"1";"3";"PK 16+300 - RN 1";"4,9417860";" -52,4134110"
"202000006126";"15";"10";"2020";"18:45";"5";"21";"21171";"2";"1";"1";"6";"32 Avenue de la République";"47,2997510";"5,1349280"
"202000006127";"15";"10";"2020";"18:35";"3";"77";"77145";"1";"2";"1";"3";"N36";"48,5918810";"2,7260470"
"202000006128";"15";"10";"2020";"18:00";"1";"91";"91243";"1";"2";"1";"1";"rue du rouget /D3";"48,6250660";"2,1733830"
"202000006129";"15";"10";"2020";"14:30";"1";"91";"91156";"1";"1";"1";"5";"D449";"48,5615490";"2,2640660"
"202000006130";"16";"10";"2020";"01:50";"3";"30";"30130";"1";"1";"1";"7";"D906";"44,3386940";"3,9524710"
"202000006131";"16";"10";"2020";"14:55";"1";"83";"83047";"1";"1";"1";"3";"D554";"43,1396690";"6,0801600"
"202000006132";"13";"10";"2020";"16:06";"1";"06";"06048";"2";"3";"1";"3";"433 Route Departementale 2204";"43,7842450";"7,3412070"
"202000006133";"14";"10";"2020";"19:30";"3";"13";"13014";"1";"3";"1";"3";"voie jean pierre lyon / chemin de l'érodrome";"43,5281870";"5,1830900"
"202000006134";"16";"10";"2020";"14:00";"1";"54";"54418";"1";"1";"8";"1";"D2";"48,6788127";"6,5781605"
"202000006135";"12";"10";"2020";"18:45";"3";"42";"42073";"1";"1";"1";"6";"Chemin de Balais";"45,7806372";"4,2804116"
"202000006136";"16";"10";"2020";"17:30";"1";"09";"09261";"2";"6";"1";"1";"34 Avenue d'Aulot";"42,9812580";"1,1505070"
"202000006137";"16";"10";"2020";"14:45";"1";"14";"14106";"1";"1";"1";"3";"Bréville-les-Monts";"49,2257410";" -0,2320320"
"202000006138";"16";"10";"2020";"02:00";"3";"60";"60141";"2";"1";"1";"7";"D924a";"49,1748553";"2,5001607"
"202000006139";"14";"10";"2020";"10:30";"2";"60";"60579";"1";"1";"8";"3";"D85";"49,3471930";"2,9141440"
"202000006140";"16";"10";"2020";"18:00";"1";"59";"59409";"2";"1";"1";"7";"Rue d'Emerchicourt";"50,3064480";"3,2186000"
"202000006141";"16";"10";"2020";"14:40";"1";"59";"59254";"1";"1";"1";"6";"D140a";"50,2774800";"3,1844580"
"202000006142";"21";"9";"2020";"19:40";"1";"59";"59581";"1";"4";"1";"3";"Rue du Kirlem";"50,6792610";"2,7644720"
"202000006143";"14";"10";"2020";"17:50";"1";"13";"13081";"1";"1";"1";"4";"A7-Sens Marseille vers Lyon";"43,4867000";"5,2409200"
"202000006144";"10";"10";"2020";"10:15";"1";"13";"13215";"1";"1";"1";"6";"A7-Sens Lyon vers Marseille";"43,3595500";"5,3620200"
"202000006145";"15";"10";"2020";"07:50";"1";"13";"13056";"1";"1";"1";"6";"A55-Sens Martigues vers Marseille";"43,3979100";"5,0790700"
"202000006146";"15";"10";"2020";"07:45";"1";"13";"13088";"1";"1";"1";"3";"A55-Sens Martigues vers Marseille";"43,3799400";"5,2191000"
"202000006147";"14";"10";"2020";"14:03";"1";"13";"13005";"1";"1";"1";"2";"A52-Sens Pont de l'Etoile vers Toulon";"43,2866500";"5,5853800"
"202000006148";"10";"10";"2020";"18:14";"1";"83";"83137";"1";"1";"1";"2";"A57";"43,1213200";"5,9533100"
"202000006149";"15";"10";"2020";"18:05";"1";"33";"33249";"1";"1";"1";"2";"ROCADE A 630";"44,8817800";" -0,5226900"
"202000006150";"15";"10";"2020";"00:10";"3";"33";"33080";"1";"1";"2";"6";"AUTOROUTE A 62";"44,7293600";" -0,5289700"
"202000006151";"15";"10";"2020";"18:58";"3";"94";"94038";"1";"1";"1";"4";"AUTOROUTE A6A";"48,7755300";"2,3463700"
"202000006152";"15";"10";"2020";"15:40";"1";"92";"92036";"1";"1";"1";"2";"A86";"48,9345036";"2,2581631"
"202000006153";"22";"8";"2020";"00:45";"3";"30";"30191";"1";"1";"1";"6";"Route du Treillas";"44,1248749";"4,6790533"
"202000006154";"21";"8";"2020";"20:05";"2";"77";"77006";"2";"4";"1";"6";"D409";"48,4127960";"2,5657470"
"202000006155";"18";"8";"2020";"10:39";"1";"51";"51514";"1";"9";"1";"3";"N4";"48,7205096";"3,7730930"
"202000006156";"21";"8";"2020";"17:15";"1";"19";"19114";"1";"9";"1";"6";"Les combeaux";"45,6117134";"2,2955060"
"202000006157";"21";"8";"2020";"10:45";"1";"19";"19062";"2";"1";"1";"6";"42 AVENUE DE LA GARE";"45,3708169";"1,8735584"
"202000006158";"21";"8";"2020";"18:45";"1";"79";"79293";"1";"1";"1";" -1";"Rue de Benet";"46,3725910";" -0,5353260"
"202000006159";"21";"8";"2020";"13:15";"1";"31";"31056";"1";"6";"1";"3";"Place de la Mairie";"43,6697340";"1,3580130"
"202000006160";"15";"8";"2020";"21:15";"2";"65";"65291";"1";"1";"2";"2";"D821";"43,0638240";" -0,0419070"
"202000006161";"21";"8";"2020";"15:20";"1";"33";"33540";"1";"3";"1";"2";"D102";"45,3760710";" -1,1379160"
"202000006162";"21";"8";"2020";"18:20";"1";"63";"63178";"2";"3";"1";"6";"102 Boulevard de Barrière";"45,5432377";"3,2416741"
"202000006163";"22";"8";"2020";"10:05";"1";"55";"55344";"1";"1";"1";"3";"Montbras";"48,5261713";"5,6902541"
"202000006164";"22";"8";"2020";"13:00";"1";"12";"12246";"1";"1";"1";"6";"D963";"44,6277189";"2,2472243"
"202000006165";"18";"8";"2020";"11:00";"1";"12";"12241";"1";"2";"1";"3";"Route départementale 12 puech";"44,3213300";"2,6463750"
"202000006166";"21";"8";"2020";"18:28";"1";"34";"34031";"1";"1";"1";"6";"Chemin d'Agde";"43,3476990";"3,4372400"
"202000006167";"22";"8";"2020";"06:37";"2";"34";"34268";"1";"1";"1";"7";"D144";"43,7138670";"3,4329700"
"202000006168";"21";"8";"2020";"22:20";"5";"34";"34119";"2";"1";"1";"1";"17 Avenue de l'Espinouse";"43,5933120";"3,1124850"
"202000006169";"21";"8";"2020";"15:10";"1";"22";"22158";"1";"2";"6";"3";"Pont Quemer (Mûr-de-Bretagne)";"48,2030910";" -2,9654180"
"202000006170";"9";"8";"2020";"10:30";"1";"22";"22325";"1";"2";"1";"3";"Rue du Clos de Pierre";"48,6514923";" -2,8533427"
"202000006171";"21";"8";"2020";"11:30";"1";"44";"44069";"1";"1";"1";"6";"D92";"47,3047460";" -2,4554980"