"Num_Acc";"jour";"mois";"an";"hrmn";"lum";"dep";"com";"agg";"int";"atm";"col";"adr";"lat";"long"
"202000006172";"21";"8";"2020";"19:40";"1";"29";"29026";"1";"3";"1";" -1";"D887 - 70 Rue de Kerlobret";"48,1925920";" -4,1093230"
"202000006173";"21";"8";"2020";"19:40";"1";"29";"29075";"2";"6";"1";"2";"Rue Anne de Bretagne";"48,4367750";" -4,4073410"
"202000006174";"22";"8";"2020";"13:55";"1";"03";"03290";"1";"3";"1";"2";"RN 7 / C3";"46,6504321";"3,2717360"
"202000006175";"22";"8";"2020";"12:05";"1";"26";"26069";"1";"1";"1";"6";"D 518";"44,8364630";"5,3920390"
"202000006176";"22";"8";"2020";"15:00";"1";"58";"58198";"1";"3";"1";"3";"D977";"47,4571270";"3,4619270"
"202000006177";"21";"8";"2020";"18:50";"2";"45";"45111";"1";"1";"1";"6";"D109-PR8+700";"48,0612149";"2,2352173"
"202000006178";"4";"8";"2020";"19:00";"1";"64";"64558";"2";"1";"1";"1";"35 Chemin Barberaenea";"43,4444780";" -1,4462470"
"202000006179";"21";"8";"2020";"17:50";"1";"73";"73114";"2";"1";"1";"3";"D1212 Avenue de Savoie";"45,8164548";"6,5122200"
"202000006180";"22";"8";"2020";"11:30";"1";"16";"16247";"1";"1";"1";"5";"Lieu dit l'Ormeau";"45,5219100";" -0,0924880"
"202000006181";"22";"8";"2020";"10:00";"1";"16";"16382";"1";"1";"1";"6";"Lieu dit les Chénevaux";"45,5616000";"0,2316030"
"202000006182";"21";"8";"2020";"17:30";"1";"21";"21378";"1";"1";"1";"7";"D965";"47,8546535";"4,4199398"
"202000006183";"17";"8";"2020";"19:45";"1";"40";"40031";"1";"1";"1";"6";"chemin  de la barthe";"43,8180710";" -0,8559250"
"202000006184";"22";"8";"2020";"17:10";"1";"40";"40077";"1";"1";"1";"1";"906 Route de Labatut";"43,5474670";" -1,0513620"
"202000006185";"22";"8";"2020";"13:15";"1";"04";"04108";"2";"1";"1";"1";"RN 85";"44,0503670";"6,0248050"
"202000006186";"21";"8";"2020";"21:10";"3";"27";"27011";"1";"1";"1";"7";"D85";"49,2341500";"0,9166500"
"202000006187";"21";"8";"2020";"17:50";"1";"17";"17127";"2";"2";"1";"3";"Rue de Ferrieres";"46,2407930";" -0,8178990"
"202000006188";"22";"8";"2020";"05:00";"3";"23";"23055";"2";"1";"1";"6";"Châtelard";"45,9661670";"2,4691990"
"202000006189";"11";"8";"2020";"23:55";"3";"08";"08362";"1";"1";"1";"7";"Route départementale 946";"49,5214930";"4,3492720"
"202000006190";"22";"8";"2020";"04:30";"3";"76";"76593";"1";"1";"1";"7";"autoroute A29. ";"49,5850000";"0,4446000"
"202000006191";"18";"8";"2020";"23:00";"3";"17";"17116";"1";"1";"1";"2";"A10";"45,4053770";" -0,6017270"
"202000006192";"22";"8";"2020";"12:10";"1";"33";"33042";"1";"1";"1";"5";"A63";"44,5161300";" -0,8401300"
"202000006193";"21";"8";"2020";"16:30";"1";"13";"13032";"1";"3";"1";"1";"Route de Pelissanne Cd17";"43,5762750";"5,3439740"
"202000006194";"21";"8";"2020";"06:12";"2";"69";"69242";"1";"1";"1";"2";"A6 PK 409.900";"46,1264970";"4,7644190"
"202000006195";"21";"8";"2020";"20:00";"2";"45";"45036";"1";"1";"1";"6";"Les Marches";"47,7700800";"2,6842260"
"202000006196";"20";"8";"2020";"14:40";"1";"77";"77486";"1";"1";"1";"1";"D231";"48,7013280";"3,0638980"
"202000006197";"22";"8";"2020";"08:30";"1";"77";"77238";"1";"1";"1";"3";"D402";"48,8950120";"3,0990560"
"202000006198";"22";"8";"2020";"16:38";"1";"2B";"2B314";"1";"1";"1";"7";"D81";"42,6609470";"9,2296740"
"202000006199";"21";"8";"2020";"18:00";"1";"83";"83127";"1";"1";"7";"1";"D202";"43,2746900";"5,9151940"
"202000006200";"22";"8";"2020";"16:35";"1";"13";"13084";"1";"1";"1";"6";"D561";"43,7155500";"5,3399990"
"202000006201";"21";"8";"2020";"19:21";"1";"13";"13041";"1";"1";"1";"7";"Gardanne";"43,4520340";"5,4952440"
"202000006202";"21";"8";"2020";"18:25";"1";"67";"67364";"2";"1";"1";"6";"37 Rue des Pierres";"48,4012360";"7,6378320"
"202000006203";"22";"8";"2020";"01:10";"3";"88";"88177";"2";"1";"1";"1";"16 Route des Founelles";"48,0746870";"6,7334640"
"202000006204";"15";"8";"2020";"18:40";"1";"57";"57663";"2";"2";"1";"3";"grand rue";"49,2371490";"6,1725780"
"202000006205";"22";"8";"2020";"17:45";"1";"07";"07086";"2";"2";"1";"7";"Chemin de Beaudier";"45,1006730";"4,7235790"
"202000006206";"21";"8";"2020";"19:45";"1";"17";"17164";"1";"1";"1";"7";"D129";"45,7737490";" -0,5680060"
"202000006207";"21";"8";"2020";"18:00";"1";"22";"22300";"1";"4";"8";"1";"D7, D 41";"48,2685140";" -2,8315860"
"202000006208";"21";"8";"2020";"15:10";"1";"13";"13215";"1";"1";"1";"6";"A7-Sens Lyon vers Marseille";"43,3482000";"5,3710000"
"202000006209";"19";"8";"2020";"23:50";"3";"57";"57303";"1";"1";"8";"6";"Autoroute A31";"49,2024300";"6,1754000"
"202000006210";"21";"8";"2020";"18:30";"1";"33";"33122";"1";"1";"2";"6";"AUTOROUTE A 63";"44,7208300";" -0,7384500"
"202000006211";"21";"8";"2020";"13:55";"1";"33";"33063";"1";"1";"2";"3";"ROCADE A 630";"44,8840800";" -0,5592700"
"202000006212";"21";"8";"2020";"16:15";"1";"91";"91661";"1";"1";"1";"3";"AUTOROUTE A10";"48,6999000";"2,2458000"
"202000006213";"21";"8";"2020";"13:00";"1";"78";"78043";"1";"1";"1";"2";"A13W";"48,8422400";"2,0930010"
"202000006214";"20";"8";"2020";"23:00";"3";"78";"78524";"1";"1";"1";"2";"A13";"48,8412000";"2,1050000"
"202000006215";"28";"5";"2020";"19:20";"1";"93";"93078";"2";"1";"7";"6";"RUE HENRI BARBUSSE";"48,9646998";"2,5315790"
"202000006216";"19";"8";"2020";"14:35";"1";"974";"97411";"2";"9";"1";"3";"NONGE (AVENUE EUDOXIE)";" -20,8991600";"55,4961300"
"202000006217";"20";"8";"2020";"20:30";"4";"973";"97302";"2";"1";"1";"1";"RABAN (ROUTE DE)";"4,9340045";" -52,3136330"
"202000006218";"20";"8";"2020";"17:20";"1";"69";"69383";"2";"6";"1";"3";"PENSIONNAT (DU)                     (R )";"45,7550000";"4,8572000"
"202000006219";"10";"8";"2020";"12:45";"1";"84";"84007";"2";"1";"1";"2";"CHARLES DE GAULLE";"43,9273800";"4,7887400"
"202000006220";"20";"8";"2020";"21:00";"1";"77";"77243";"2";"9";"1";"3";"RAYMOND POINCARE  (AVENUE)";"48,8752300";"2,7224100"
"202000006221";"19";"8";"2020";"13:50";"1";"76";"76575";"2";"1";"1";"3";"MADRILLET. RUE DU";"49,3924700";"1,0730100"
"202000006222";"19";"8";"2020";"15:30";"1";"76";"76540";"2";"1";"1";"6";"HAVRE. QUAI (HAUT) DU";"49,4395600";"1,0860900"
"202000006223";"19";"8";"2020";"17:20";"1";"76";"76351";"2";"2";"1";"3";"PAUL VERLAINE (AVENUE)";"49,5093000";"0,1631000"
"202000006224";"20";"8";"2020";"09:05";"1";"71";"71153";"2";"1";"1";"2";"JAURES (RUE JEAN)";"46,8061177";"4,4216558"
"202000006225";"20";"8";"2020";"22:05";"5";"69";"69266";"2";"1";"1";"6";"ALBERT EINSTEIN    (Avenue)";"45,7823503";"4,8777518"
"202000006226";"20";"8";"2020";"19:35";"1";"69";"69290";"2";"2";"1";"3";"EDOUARD HERRIOT                     (BD)";"45,6944200";"4,9411600"
"202000006227";"9";"6";"2020";"11:27";"1";"69";"69290";"2";"3";"1";"2";"CHARBONNIER (DU)                    (CH)";"45,6915760";"4,9073902"
"202000006228";"13";"8";"2020";"23:04";"1";"68";"68126";"2";"2";"1";"3";"HUNINGUE ( RUE DE )";"47,5637680";"7,5265740"
"202000006229";"19";"8";"2020";"09:00";"1";"67";"67447";"2";"1";"1";"2";"HERRENSCHMIDT (AVENUE)";"48,6001641";"7,7542571"
"202000006230";"20";"8";"2020";"17:38";"1";"65";"65440";"2";"2";"1";"3";"CLEMENCEAU (RUE GEORGES)";"43,2336000";"0,0756700"
"202000006231";"1";"8";"2020";"22:00";"2";"62";"62510";"2";"3";"1";"1";"GUESDE (R JULES)";"50,4313560";"2,7794770"
"202000006232";"2";"8";"2020";"12:10";"1";"62";"62516";"1";"1";"1";"7";"CD 188";"50,5396000";"2,4928000"
"202000006233";"19";"8";"2020";"19:15";"1";"56";"56121";"2";"1";"1";"3";"MULLER ( DU COLONEL JEAN )";"47,7653800";" -3,3995700"
"202000006234";"20";"8";"2020";"20:39";"2";"51";"51454";"2";"7";"1";"6";"Place Aristide Briand";"49,2573767";"4,0394897"
"202000006235";"20";"8";"2020";"17:00";"1";"51";"51454";"2";"3";"1";"2";"Rue Clovis";"49,2504313";"4,0286457"
"202000006236";"19";"8";"2020";"07:45";"1";"51";"51454";"2";"7";"1";"3";"Place Saint Nicaise";"49,2439734";"4,0454732"
"202000006237";"19";"8";"2020";"17:00";"1";"50";"50129";"2";"2";"1";"3";"PARIS (AVENUE DE)";"49,6334300";" -1,6173500"
"202000006238";"18";"8";"2020";"09:55";"1";"50";"50129";"2";"1";"1";"2";"CALIGNY (QUAI DE)";"49,6401500";" -1,6214500"
"202000006239";"19";"8";"2020";"17:19";"1";"49";"49007";"2";"1";"1";"6";"CONTADES AVENUE";"47,4636200";" -0,5539400"
"202000006240";"19";"8";"2020";"13:10";"1";"49";"49267";"2";"1";"1";"7";"A87N";"47,4691600";" -0,5162900"
"202000006241";"20";"8";"2020";"12:57";"1";"37";"37261";"2";"3";"1";"3";"MAINE (RUE DU)";"47,4254176";"0,6778036"
"202000006242";"24";"7";"2020";"16:55";"1";"36";"36044";"1";"1";"1";"3";"120 Route de Velles";"46,7789180";"1,6885260"
"202000006243";"16";"3";"2020";"17:59";"1";"36";"36044";"2";"1";"2";"5";"47 AVENUE DE LA CHATRE";"46,8081450";"1,7061022"
"202000006244";"20";"8";"2020";"19:00";"1";"34";"34129";"1";"2";"1";"3";"BOIRARGUES (AVENUE DE)";"43,5911516";"3,9087027"
"202000006245";"20";"8";"2020";"22:00";"3";"33";"33281";"2";"2";"1";"3";"avenue de Beaudésert";"44,8366900";" -0,6939700"
"202000006246";"13";"8";"2020";"12:20";"1";"33";"33318";"2";"5";"2";"6";"AVE DE BEUTRE";"44,7994700";" -0,6633700"
"202000006247";"13";"8";"2020";"07:30";"2";"33";"33063";"2";"8";"3";"6";"AVE THIERS / AVE ABADIE";"44,8427326";" -0,5558449"
"202000006248";"19";"8";"2020";"19:40";"1";"31";"31555";"2";"4";"1";"3";"AV DES MINIMES";"43,6180000";"1,4366500"
"202000006249";"19";"8";"2020";"09:30";"1";"22";"22360";"1";"1";"2";"7";"RD 222";"48,4758802";" -2,7209580"
"202000006250";"19";"8";"2020";"20:00";"2";"19";"19031";"2";"1";"7";"6";"TURGOT (AVENUE)";"45,1657201";"1,5284032"
"202000006251";"18";"8";"2020";"09:20";"1";"14";"14327";"2";"2";"1";" -1";"TSUKUBA (AVENUE DE)";"49,2140200";" -0,3525700"
"202000006252";"20";"8";"2020";"18:45";"1";"13";"13213";"2";"1";"1";"7";"ROSE (AVENUE DE LA)";"43,3265000";"5,4219000"
"202000006253";"20";"8";"2020";"00:15";"5";"13";"13211";"2";"2";"1";"3";"SAINT MENET (MONTEE)";"43,2930900";"5,4949700"
"202000006254";"19";"8";"2020";"17:20";"1";"13";"13203";"2";"3";"1";"6";"MELCHIOR GUINOT (RUE)";"43,3110730";"5,3727670"
"202000006255";"20";"8";"2020";"21:15";"3";"13";"13028";"2";"1";"1";"3";"Rond-point de la locomotive";"43,1925970";"5,6050950"
"202000006256";"20";"8";"2020";"18:40";"1";"13";"13001";"1";"1";"1";"3";"RD 7";"43,5613104";"5,4105823"
"202000006257";"19";"8";"2020";"18:20";"1";"12";"12145";"1";"1";"1";"2";"CAVALERIE (COTE DE LA )";"44,0928800";"3,1115500"
"202000006258";"20";"8";"2020";"10:50";"1";"01";"01289";"1";"2";"1";"3";"LENT ( ROUTE DE )";"46,1648780";"5,2207300"
"202000006259";"19";"8";"2020";"17:30";"1";"75";"75115";"2";"1";"2";"5";"PORTE DE VERSAILLES";"48,8275960";"2,2918880"
"202000006260";"18";"8";"2020";"22:40";"5";"75";"75111";"2";"7";"1";"6";"RUE DU FAUBOURG SAINT ANTOINE";"48,8486240";"2,3943440"
"202000006261";"20";"8";"2020";"18:10";"1";"75";"75120";"2";"3";"1";"6";"RUE DE MENILMONTANT";"48,8693690";"2,3926960"
"202000006262";"20";"8";"2020";"11:15";"1";"75";"75117";"2";"7";"1";"3";"PLACE CHARLES DE GAULLE";"48,8743160";"2,2954350"
"202000006263";"20";"8";"2020";"07:30";"1";"75";"75117";"2";"7";"1";"3";"PLACE GENERAL CATROUX";"48,8825890";"2,3105920"
"202000006264";"19";"8";"2020";"21:35";"5";"75";"75117";"2";"1";"1";"6";"RUE NAVIER";"48,8956820";"2,3259890"
"202000006265";"19";"8";"2020";"19:45";"1";"75";"75116";"2";"1";"1";"3";"ROUTE DE SEVRES A NEUILLY";"48,8564710";"2,2375390"
"202000006266";"20";"8";"2020";"11:38";"5";"75";"75115";"2";"1";"1";"4";"SOUTERRAIN CITROEN CEVENNES";"48,8410000";"2,2725280"
"202000006267";"20";"8";"2020";"20:30";"1";"75";"75114";"2";"4";"1";"5";"AVENUE DU GENERAL LECLERC";"48,8248130";"2,3259160"
"202000006268";"20";"8";"2020";"17:30";"1";"75";"75113";"2";"1";"1";"6";"RUE EMILE DURKHEIM";"48,8325880";"2,3780680"
"202000006269";"19";"8";"2020";"10:45";"1";"75";"75111";"2";"2";"1";"6";"RUE DE CHARONNE";"48,8546990";"2,3853240"
"202000006270";"20";"8";"2020";"19:25";"1";"75";"75108";"2";"2";"1";"7";"RUE DU GENERAL FOY";"48,8778880";"2,3181530"
"202000006271";"20";"8";"2020";"18:25";"1";"75";"75104";"2";"3";"1";"7";"RUE SAINT ANTOINE";"48,8539320";"2,3648560"
"202000006272";"20";"8";"2020";"18:55";"1";"94";"94046";"2";"9";"1";"3";"PIERRE CURIE (R)";"48,8107350";"2,4254020"
"202000006273";"20";"8";"2020";"10:55";"1";"94";"94046";"2";"1";"1";" -1";"FERNET (CITE)";"48,8071200";"2,4404400"
"202000006274";"20";"8";"2020";"15:00";"1";"94";"94076";"2";"3";"1";"3";"AMBROISE CROIZAT (R)";"48,8021880";"2,3625700"
"202000006275";"20";"8";"2020";"14:40";"1";"94";"94041";"2";"1";"1";"3";"GEORGES GOSNAT (AV)";"48,8129400";"2,3869200"
"202000006276";"20";"8";"2020";"10:20";"1";"94";"94073";"2";"3";"1";"2";"GUY MOCQUET (R)";"48,7726000";"2,3966000"
"202000006277";"19";"8";"2020";"23:43";"5";"93";"93073";"2";"2";"1";"1";"RESISTANCE (RUE DE LA)";"48,9495400";"2,5653300"
"202000006278";"20";"8";"2020";"02:45";"5";"93";"93066";"2";"2";"1";"3";"ORNANO (BOULEVARD)";"48,9140600";"2,3443436"
"202000006279";"20";"8";"2020";"18:32";"1";"93";"93053";"2";"5";"1";"3";"PARIS (RUE DE)";"48,8985000";"2,4421000"
"202000006280";"19";"8";"2020";"19:00";"1";"93";"93051";"2";"1";"2";"2";"AUGUSTE RODIN (ALLEE)";"48,8349915";"2,5479565"
"202000006281";"20";"8";"2020";"16:20";"1";"93";"93048";"2";"3";"1";"3";"BOISSIERE (BOULEVARD DE LA)";"48,8775650";"2,4607250"
"202000006282";"20";"8";"2020";"16:10";"1";"93";"93057";"2";"1";"1";" -1";"AV ARISTIDE BRIAND";"48,9110700";"2,5166900"
"202000006283";"20";"8";"2020";"20:10";"1";"93";"93029";"2";"2";"1";"2";"HENRI BARBUSSE (AVE) N°2-124";"48,9160200";"2,4435500"
"202000006284";"20";"8";"2020";"02:20";"5";"93";"93005";"1";"1";"1";"7";"MARC CHAGALL (BOULEVARD)";"48,9507900";"2,4797100"
"202000006285";"20";"8";"2020";"06:50";"1";"92";"92078";"2";"3";"1";"3";"MARECHAL LECLERC (AVENUE) (PAIRS)";"48,9378130";"2,3243420"
"202000006286";"19";"8";"2020";"14:02";"1";"92";"92078";"2";"3";"1";"3";"VERDUN (AVENUE) (PAIRS 2 A 38)";"48,9356383";"2,3338866"
"202000006287";"20";"8";"2020";"15:50";"1";"92";"92026";"2";"4";"1";"3";"BOULEVARD CIRCULAIRE";"48,8888934";"2,2507777"
"202000006288";"20";"8";"2020";"17:30";"1";"01";"01074";"1";"1";"7";"3";"Route de Priay";"45,9996670";"5,2091230"
"202000006289";"20";"8";"2020";"20:15";"1";"91";"91086";"1";"9";"1";"6";"Bois de Saint Eutrope";"48,6261010";"2,3884960"
"202000006290";"20";"8";"2020";"16:25";"5";"06";"06161";"2";"1";"1";" -1";"Avenue de la Libération";"43,6580480";"7,1239000"
"202000006291";"20";"8";"2020";"17:30";"1";"84";"84044";"1";"1";"1";"1";"D205";"44,2270120";"5,1287270"
"202000006292";"20";"8";"2020";"23:15";"4";"28";"28006";"1";"6";"1";"6";"D24";"48,4519690";"1,4304540"
"202000006293";"21";"8";"2020";"15:30";"1";"84";"84083";"1";"1";"7";"1";"chemin de la tapie";"44,2095030";"4,7266420"
"202000006294";"21";"8";"2020";"02:15";"3";"36";"36006";"1";"1";"1";"2";"N/A";"46,5533230";"1,5061780"
"202000006295";"21";"8";"2020";"10:45";"1";"62";"62448";"2";"1";"1";"6";"1153 Route Nationale";"50,6651140";"1,6790310"
"202000006296";"19";"8";"2020";"18:15";"1";"51";"51605";"1";"1";"1";"7";"D1";"49,0783060";"3,8494610"
"202000006297";"20";"8";"2020";"08:10";"1";"51";"51434";"1";"1";"1";"2";"D3";"49,0137683";"4,0713728"
"202000006298";"20";"8";"2020";"17:45";"1";"51";"51196";"1";"1";"1";"1";"Lieu Dit Les Buissons";"48,9930960";"4,0132426"
"202000006299";"18";"8";"2020";"16:00";"1";"19";"19002";"1";"3";"1";" -1";"D1089";"45,6000470";"2,4030020"
"202000006300";"21";"8";"2020";"17:00";"1";"67";"67191";"2";"1";"1";"1";"39 Rue de Kalhausen";"49,0189980";"7,0869380"
"202000006301";"20";"8";"2020";"17:20";"1";"80";"80527";"1";"3";"1";"4";"D925";"50,0649910";"1,4972310"
"202000006302";"20";"8";"2020";"18:55";"1";"80";"80649";"1";"1";"1";"7";"D940";"50,3076790";"1,6358520"
"202000006303";"17";"8";"2020";"12:55";"1";"32";"32152";"1";"1";"1";"6";"D124";"43,4080580";"0,1512630"
"202000006304";"21";"8";"2020";"18:20";"1";"71";"71263";"2";"7";"1";"3";"Promenade de la Charité";"46,6270667";"5,2215743"
"202000006305";"20";"8";"2020";"13:50";"1";"83";"83068";"1";"1";"1";"1";"Camping des Mûres";"43,2844150";"6,5903220"
"202000006306";"20";"8";"2020";"08:30";"1";"63";"63180";"1";"1";"7";"1";"D1093";"45,8878280";"3,3215620"
"202000006307";"16";"8";"2020";"07:00";"2";"46";"46330";"1";"1";"2";"6";"Granges de Mezels";"44,9361990";"1,6878660"
"202000006308";"20";"8";"2020";"23:36";"3";"68";"68234";"1";"1";"1";"4";"RD 18 bis";"47,9555020";"7,3523000"
"202000006309";"20";"8";"2020";"16:45";"5";"68";"68297";"2";"2";"1";"3";"HESINGUE ( RUE )";"47,6090200";"7,5334000"
"202000006310";"21";"8";"2020";"05:05";"3";"39";"39219";"1";"1";"1";"5";"6 Route Nationale";"47,1703280";"5,7772880"
"202000006311";"20";"8";"2020";"19:30";"2";"39";"39331";"1";"1";"1";"1";"D55";"46,7559970";"6,1845020"
"202000006312";"11";"8";"2020";"08:30";"1";"44";"44192";"1";"4";"1";"2";"La Cannelais";"47,2741094";" -2,0086849"
"202000006313";"20";"8";"2020";"13:00";"1";"29";"29183";"2";"1";"1";"7";"Rue du Couvent";"48,5725820";" -3,6100250"
"202000006314";"5";"8";"2020";"18:30";"1";"38";"38041";"1";"1";"1";"6";"Route de la Trappe";"45,2025700";"5,2497600"
"202000006315";"14";"8";"2020";"17:30";"1";"38";"38001";"1";"1";"1";"2";"114 Rue de la République";"45,5361590";"5,5691480"
"202000006316";"20";"8";"2020";"17:20";"1";"15";"15187";"2";"2";"1";"3";"Avenue de Verdun";"45,0316460";"3,0860900"
"202000006317";"19";"8";"2020";"14:10";"1";"70";"70477";"2";"1";"1";"6";"Grande Rue";"47,5618730";"6,6285570"
"202000006318";"20";"8";"2020";"12:20";"1";"70";"70152";"1";"2";"1";"3";"RD 12";"47,3827910";"5,7766310"
"202000006319";"21";"8";"2020";"18:40";"1";"50";"50551";"2";"1";"1";"1";"Place Auguste Cousin";"49,3867730";" -1,5292670"
"202000006320";"21";"8";"2020";"18:10";"1";"90";"90090";"1";"3";"1";"3";"Saint-Dizier-l'Évêque";"47,4598320";"6,9436020"
"202000006321";"21";"8";"2020";"18:10";"1";"45";"45333";"1";"1";"1";"1";"21 Rue de Trainou";"47,9417551";"2,0542429"
"202000006322";"20";"8";"2020";"16:20";"3";"36";"36193";"1";"2";"1";" -1";"la Gimonerie";"46,8704460";"1,3211380"
"202000006323";"20";"8";"2020";"09:27";"1";"07";"07262";"1";"1";"1";"6";"N/A";"44,5987520";"3,9815870"
"202000006324";"18";"7";"2020";"08:30";"1";"07";"07237";"1";"1";"1";"6";"D21";"44,8575116";"4,7121048"
"202000006325";"13";"8";"2020";"12:00";"1";"27";"27206";"2";"1";"1";"6";"2 rue des granges";"48,7967250";"1,1134500"
"202000006326";"20";"8";"2020";"16:25";"1";"87";"87187";"1";"1";"1";"7";"Les Jalladeas du Midi";"45,4978800";"1,1803220"
"202000006327";"21";"8";"2020";"10:20";"1";"88";"88408";"2";"1";"1";"6";"3 Quai de la Parelle";"47,9227610";"6,6601330"
"202000006328";"20";"8";"2020";"23:15";"3";"24";"24045";"1";"1";"1";"6";"D23";"44,7246000";"0,6491000"
"202000006329";"21";"8";"2020";"10:00";"1";"01";"01427";"2";"6";"1";"2";"Quai de Saone";"45,9385640";"4,7799220"
"202000006330";"21";"8";"2020";"09:55";"1";"13";"13004";"1";"1";"1";"2";"Autoroute A54 pk 23.311 sens 2";"43,6872390";"4,5483400"
"202000006331";"18";"8";"2020";"09:20";"1";"11";"11202";"2";"1";"1";"6";"Avenue de Septimanie";"42,8581490";"3,0406590"
"202000006332";"19";"8";"2020";"15:30";"1";"37";"37171";"1";"1";"2";"1";"N/A";"47,4044910";"0,8926820"
"202000006333";"21";"8";"2020";"15:35";"1";"77";"77315";"2";"1";"1";"1";"Avenue du 27 Aout 1944 - D934";"48,8815100";"2,8232290"
"202000006334";"21";"8";"2020";"07:50";"1";"77";"77531";"1";"1";"8";"5";"D92";"48,2824930";"2,9826590"
"202000006335";"20";"8";"2020";"19:00";"1";"77";"77267";"1";"1";"1";"1";"D40";"48,2175130";"2,7049730"
"202000006336";"19";"8";"2020";"17:00";"1";"2B";"2B007";"1";"1";"1";"7";"D84";"42,2878500";"8,8895700"
"202000006337";"20";"8";"2020";"19:25";"1";"66";"66208";"1";"1";"1";"6";"D80";"42,6303360";"2,9536380"
"202000006338";"20";"8";"2020";"14:45";"1";"13";"13041";"1";"1";"1";"4";"CD6";"43,4577970";"5,4636960"
"202000006339";"5";"8";"2020";"16:55";"1";"70";"70262";"1";"3";"1";"5";"Route de la Gare";"47,6731290";"6,3856740"
"202000006340";"20";"8";"2020";"19:45";"2";"89";"89198";"1";"9";"1";"2";"Autoroute A6 PK 155";"47,8562373";"3,5662413"
"202000006341";"19";"8";"2020";"10:00";"1";"67";"67067";"2";"3";"1";"3";"16 Rue du Château";"48,7315400";"7,7112220"
"202000006342";"16";"8";"2020";"17:15";"1";"67";"67397";"1";"1";"1";"7";"D20";"48,2987550";"7,6800660"
"202000006343";"21";"8";"2020";"08:30";"1";"69";"69197";"2";"1";"1";" -1";"530 Rue du Beaujolais";"46,0694330";"4,6485510"
"202000006344";"21";"8";"2020";"14:40";"1";"69";"69086";"1";"6";"1";"3";"D70";"45,8471570";"4,6705410"
"202000006345";"24";"6";"2020";"15:35";"1";"02";"02691";"2";"3";"7";"3";"FAYET (RUE DE)";"49,8592900";"3,2655300"
"202000006346";"21";"9";"2020";"17:00";"1";"77";"77023";"2";"2";"1";"1";"8 Rue de Meaux";"49,0164260";"2,8826240"
"202000006347";"20";"10";"2020";"19:15";"2";"11";"11262";"2";"1";"1";"2";"RD 6009 NARBONNE - PERPIGNAN";"43,1868400";"2,9728500"
"202000006348";"10";"10";"2020";"23:45";"5";"976";"97611";"2";"1";"1";"7";"kaweni-Centrale (rue)";" -12,7757400";"45,2241500"
"202000006349";"13";"1";"2020";"17:50";"5";"06";"06088";"2";"3";"1";"1";"CANAVESE (RUE JEAN)";"43,7217800";"7,2495900"
"202000006350";"11";"12";"2020";"23:45";"5";"44";"44028";"2";"1";"1";"6";"Rue du Prieuré Saint-philbert";"47,3217970";" -1,3444820"
"202000006351";"31";"12";"2020";"19:30";"5";"03";"03180";"2";"6";"2";"3";"carrefour D161/D12";"46,5284477";"3,4926719"
"202000006352";"24";"12";"2020";"11:10";"1";"72";"72176";"2";"7";"2";"6";"Place Francois de Nicolay";"47,6469650";"0,1567210"
"202000006353";"23";"12";"2020";"19:00";"2";"27";"27116";"1";"1";"1";"7";"Rue des 7 Ponts";"49,2140510";"0,7077060"
"202000006354";"22";"7";"2020";"16:15";"1";"64";"64122";"2";"1";"1";"3";"VERDUN (AVENUE DE)";"43,4845700";" -1,5587400"
"202000006355";"10";"7";"2020";"18:45";"1";"64";"64102";"2";"3";"2";"3";"AMOU (BOULEVARD JEAN D')";"43,4956200";" -1,4660700"
"202000006356";"10";"7";"2020";"09:25";"1";"64";"64102";"2";"1";"1";"2";"LACHEPAILLET (RUE DES REMPARTS)";"43,4888000";" -1,4785500"
"202000006357";"9";"7";"2020";"17:00";"1";"64";"64024";"2";"6";"1";"3";"COMPAGNET (GIRATOIRE DE)";"43,4605472";" -1,4962046"
"202000006358";"7";"7";"2020";"18:53";"1";"67";"67218";"1";"1";"1";"2";"Autoroute A.35";"48,5480934";"7,7295148"
"202000006359";"14";"3";"2020";"03:40";"3";"67";"67482";"1";"1";"1";"2";"Autoroute A.35";"48,5644654";"7,7332259"
"202000006360";"6";"8";"2020";"01:10";"3";"14";"14100";"1";"1";"1";"6";"D23";"49,0541970";" -0,3291990"
"202000006361";"8";"10";"2020";"07:00";"5";"30";"30351";"2";"1";"1";"5";"GAMBETTA BOULEVARD LEON";"43,9716200";"4,7918400"
"202000006362";"14";"11";"2020";"21:30";"3";"62";"62274";"2";"3";"2";"3";"HUIT MAI 1945";"50,4329600";"2,9991800"
"202000006363";"29";"12";"2020";"13:48";"1";"68";"68066";"2";"1";"7";"6";"POINCARE (AVENUE RAYMOND)";"48,0713200";"7,3497600"
"202000006364";"10";"12";"2020";"18:20";"5";"62";"62351";"2";"1";"1";"3";"LECLERC (R DU MARECHAL)";"50,4231570";"2,9008300"
"202000006365";"30";"11";"2020";"13:38";"1";"01";"01053";"2";"2";"1";"3";"Avenue Amédée Mercier";"46,1963975";"5,2656421"
"202000006366";"14";"7";"2020";"19:08";"1";"85";"85019";"1";"1";"1";"7";"La Moinarderie";"46,7826800";" -1,3775800"
"202000006367";"11";"11";"2020";"12:10";"1";"19";"19272";"2";"1";"1";"7";"Champeau (Lieu dit)";"45,2730900";"1,7838800"