"Num_Acc";"jour";"mois";"an";"hrmn";"lum";"dep";"com";"agg";"int";"atm";"col";"adr";"lat";"long"
"202000006553";"26";"11";"2020";"20:05";"5";"75";"75113";"2";"1";"1";"6";"RUE DE DOMREMY";"48,8287830";"2,3701420"
"202000006554";"26";"11";"2020";"07:55";"1";"75";"75113";"2";"4";"1";"3";"AVENUE DE LA PORTE D IVRY";"48,8202700";"2,3718150"
"202000006555";"26";"11";"2020";"15:20";"1";"75";"75108";"2";"7";"7";"2";"RUE ROYALE";"48,8666610";"2,3220200"
"202000006556";"26";"11";"2020";"22:05";"5";"75";"75107";"2";"1";"1";"2";"QUAI ANATOLE FRANCE";"48,8602830";"2,3269280"
"202000006557";"26";"11";"2020";"14:40";"1";"75";"75104";"2";"1";"1";"6";"RUE AUBRIOT";"48,8583140";"2,3568120"
"202000006558";"26";"11";"2020";"22:10";"5";"94";"94081";"2";"6";"1";"3";"PRESIDENT SALVADOR ALLENDE (AV DU)";"48,7960700";"2,4169900"
"202000006559";"26";"11";"2020";"19:15";"5";"94";"94078";"2";"1";"1";"6";"PIERRE SEMARD (PL)";"48,7290000";"2,4460000"
"202000006560";"26";"11";"2020";"09:10";"1";"94";"94042";"2";"1";"1";"2";"EUROPE (BD DE L)";"48,8144100";"2,4637900"
"202000006561";"26";"11";"2020";"17:45";"3";"94";"94046";"2";"1";"1";"6";"VALENTON (R DE)";"48,7900600";"2,4385530"
"202000006562";"26";"11";"2020";"12:10";"1";"94";"94076";"2";"1";"1";"6";"KARL MARX (AV)";"48,7845250";"2,3606070"
"202000006563";"26";"11";"2020";"13:55";"1";"94";"94079";"2";"3";"1";"2";"GENERAL LECLERC (R DU)";"48,8216900";"2,5404800"
"202000006564";"26";"11";"2020";"16:15";"1";"93";"93078";"2";"1";"1";"3";"SAUSSET (AVENUE DU)";"48,9615220";"2,5110267"
"202000006565";"26";"11";"2020";"13:45";"1";"93";"93064";"2";"1";"1";"6";"PERI (BOULEVARD GABRIEL) 39 / 44 - FIN";"48,8774501";"2,4783000"
"202000006566";"25";"11";"2020";"17:30";"2";"93";"93032";"2";"1";"1";"1";"ABBESSES  (CHEMIN D'ACCES AUX)";"48,8765163";"2,5614912"
"202000006567";"26";"11";"2020";"06:05";"5";"93";"93013";"2";"3";"1";"3";"R DDU COMMANDANT ROLLAND / AV ELISE DEROCHE";"48,9330500";"2,4281800"
"202000006568";"26";"11";"2020";"16:40";"1";"93";"93057";"2";"1";"1";"3";"WILSON (AV. DU PRESIDENT) 62 A 129";"48,9067850";"2,5122626"
"202000006569";"26";"11";"2020";"16:57";"2";"93";"93008";"2";"1";"1";"6";"MARAT (RUE)";"48,9169322";"2,4171121"
"202000006570";"26";"11";"2020";"08:50";"1";"93";"93005";"2";"1";"1";"6";"R SADI CARNOT";"48,9374600";"2,4947600"
"202000006571";"26";"11";"2020";"16:00";"1";"92";"92073";"2";"3";"1";"3";"PASTEUR (RUE)";"48,8614430";"2,2229330"
"202000006572";"26";"11";"2020";"19:15";"5";"92";"92022";"2";"1";"1";"2";"SALENGRO (AVENUE ROGER)";"48,8053401";"2,1835032"
"202000006573";"26";"11";"2020";"08:25";"2";"92";"92049";"2";"2";"1";"6";"JAURES AVENUE JEAN N°52 A FIN";"48,8160945";"2,3111884"
"202000006574";"25";"11";"2020";"08:45";"1";"92";"92026";"2";"2";"1";"6";"VERDUN (DE 01 A 61)";"48,8995020";"2,2617030"
"202000006575";"25";"11";"2020";"17:40";"2";"92";"92002";"2";"1";"1";"2";"MIRABEAU (RUE)";"48,7391867";"2,2992459"
"202000006576";"27";"11";"2020";"14:30";"1";"12";"12210";"1";"1";"1";"1";"puech de beteil";"44,1713740";"2,0058630"
"202000006577";"26";"11";"2020";"18:35";"3";"14";"14411";"1";"2";"1";"5";"la bijude";"48,9668360";" -0,4022460"
"202000006578";"27";"11";"2020";"19:20";"3";"47";"47108";"1";"1";"1";"1";"Au Luc";"44,4893990";"0,1325230"
"202000006579";"26";"11";"2020";"09:45";"1";"30";"30117";"2";"1";"1";"6";"19 rue des malautières";"43,7090010";"4,5720130"
"202000006580";"27";"11";"2020";"00:15";"3";"76";"76355";"1";"1";"1";"6";"Rd 149";"49,7081910";"0,7196040"
"202000006581";"27";"11";"2020";"07:45";"2";"79";"79322";"1";"4";"1";"3";"N/A";"46,6348960";" -0,2696370"
"202000006582";"26";"11";"2020";"12:00";"1";"33";"33506";"2";"3";"7";"3";"Lieu Dit Balette";"44,6882170";" -0,0909910"
"202000006583";"26";"11";"2020";"16:30";"1";"33";"33036";"1";"2";"1";"3";"Lieu Dit le Pontet";"44,4498660";" -0,2058650"
"202000006584";"29";"10";"2020";"21:30";"3";"72";"72290";"1";"1";"1";"2";"D338";"48,1633300";"0,1240360"
"202000006585";"27";"11";"2020";"13:20";"1";"14";"14011";"1";"1";"1";"6";"D9";"49,1395970";" -0,6925840"
"202000006586";"27";"11";"2020";"07:45";"3";"14";"14098";"1";"1";"8";"6";"RD83";"49,1500010";" -0,5447780"
"202000006587";"27";"11";"2020";"07:30";"2";"60";"60233";"2";"3";"2";"6";"2 Rue des Glycines";"49,6509699";"1,8365972"
"202000006588";"27";"11";"2020";"16:15";"1";"18";"18096";"2";"1";"1";"6";"16 Rue Gaston Cornavin";"47,1790450";"2,1595340"
"202000006589";"26";"11";"2020";"19:00";"3";"18";"18062";"1";"1";"8";"6";"Route de Torteron";"46,9828400";"2,9670060"
"202000006590";"26";"11";"2020";"09:20";"1";"40";"40312";"2";"1";"1";"3";"rue Joliot Curie";"43,5433810";" -1,4824170"
"202000006591";"27";"11";"2020";"14:00";"1";"87";"87165";"2";"1";"1";"1";"Le Bourg";"46,3629240";"1,2179110"
"202000006592";"26";"11";"2020";"09:20";"1";"88";"88468";"2";"1";"1";"6";"6 Avenue de Verdun";"47,8812450";"6,7623440"
"202000006593";"26";"11";"2020";"17:15";"2";"88";"88530";"1";"1";"1";"3";"Route de Moyenpal";"48,0581480";"6,3703860"
"202000006594";"27";"11";"2020";"07:30";"2";"30";"30169";"1";"1";"1";"1";"RN 113 - PR 33+500";"43,7861140";"4,3152450"
"202000006595";"26";"11";"2020";"19:15";"5";"13";"13069";"2";"2";"1";"3";"Chemin de la Petite Brulière";"43,6327590";"5,1533870"
"202000006596";"21";"11";"2020";"18:20";"2";"13";"13073";"1";"1";"1";"6";"A52, PK 11.700, sens Aix-Aubagne";"43,3968200";"5,5787800"
"202000006597";"26";"11";"2020";"13:30";"1";"973";"97311";"2";"1";"1";"2";"avenue symphorien";"5,4956830";" -54,0302790"
"202000006598";"24";"11";"2020";"19:00";"4";"971";"97122";"2";"2";"1";"1";"Rue Robert Loyson";"16,4166350";" -61,5286360"
"202000006599";"27";"11";"2020";"11:20";"1";"28";"28074";"1";"1";"1";"2";"d24";"48,4233270";"1,8276790"
"202000006600";"25";"11";"2020";"13:30";"1";"13";"13097";"2";"1";"1";"2";"Route de Craponne";"43,6493680";"4,8023400"
"202000006601";"26";"11";"2020";"07:50";"1";"13";"13103";"2";"9";"1";"2";"avenue de l' europe";"43,6421714";"5,1027976"
"202000006602";"27";"11";"2020";"08:50";"2";"10";"10257";"1";"1";"8";"1";"D48";"48,5025020";"4,3245790"
"202000006603";"26";"11";"2020";"09:10";"1";"54";"54115";"2";"1";"7";"6";"RD657";"48,7289300";"6,1703800"
"202000006604";"26";"11";"2020";"21:50";"3";"24";"24195";"1";"1";"1";"6";"lieu dit la rivière";"44,6696910";"0,8822000"
"202000006605";"16";"11";"2020";"10:30";"1";"13";"13211";"1";"1";"1";"4";"A50-Sens Aubagne vers Marseille";"43,2926700";"5,4541900"
"202000006606";"25";"11";"2020";"17:00";"2";"13";"13214";"1";"1";"1";"7";"A7-Sens Marseille vers Lyon";"43,3199704";"5,3777838"
"202000006607";"26";"11";"2020";"08:15";"2";"77";"77251";"1";"1";"1";"2";"AUTOROUTE A5A";"48,6294900";"2,5370000"
"202000006608";"26";"11";"2020";"20:50";"3";"78";"78490";"1";"1";"1";"6";"RN12 INT";"48,8002120";"1,9814440"
"202000006609";"26";"11";"2020";"18:50";"3";"78";"78133";"1";"1";"1";"2";"A13";"48,8940990";"2,0079030"
"202000006610";"26";"11";"2020";"14:50";"1";"92";"92036";"1";"1";"1";"2";"A86";"48,9371304";"2,2931028"
"202000006611";"26";"11";"2020";"18:00";"5";"94";"94028";"1";"1";"1";"4";"A86 EXT";"48,8085629";"2,4490579"
"202000006612";"26";"11";"2020";"16:00";"1";"94";"94073";"1";"1";"1";" -1";"A86 EXT";"48,7688460";"2,3791999"
"202000006613";"26";"11";"2020";"07:30";"2";"94";"94017";"1";"1";"1";"3";"A4";"48,8294536";"2,5282723"
"202000006614";"19";"8";"2020";"02:18";"5";"24";"24322";"2";"1";"1";"7";"AVENUE GEORGES POMPIDOU";"45,1938000";"0,7291300"
"202000006615";"15";"6";"2020";"16:40";"1";"14";"14225";"2";"5";"8";"3";"SECRETAN (AVENUE)";"49,2876000";" -0,1000000"
"202000006616";"15";"9";"2020";"07:45";"1";"93";"93050";"2";"1";"1";"7";"PAUL ET CAMILLE THOMOUX (RUE) COTE IMPAI";"48,8658497";"2,5290123"
"202000006617";"24";"11";"2020";"12:30";"1";"974";"97416";"1";"9";"1";"2";"Route Ancinne RN1";" -21,3080320";"55,4312830"
"202000006618";"25";"11";"2020";"06:55";"1";"974";"97411";"1";"3";"1";"7";"Boulevard Jean Jaures";" -20,8887900";"55,4488040"
"202000006619";"25";"11";"2020";"09:20";"1";"974";"97411";"2";"3";"1";"6";"Rue Jean Chatel";" -20,8807800";"55,4506900"
"202000006620";"25";"11";"2020";"10:13";"1";"973";"97302";"2";"1";"1";"6";"MALOUET";"4,9354100";" -52,3334000"
"202000006621";"25";"11";"2020";"17:45";"5";"69";"69388";"2";"1";"1";"6";"ETATS UNIS (DES)                    (BD)";"45,7305000";"4,8668800"
"202000006622";"24";"11";"2020";"22:50";"5";"69";"69199";"2";"2";"1";"3";"CARNOT                              (R )";"45,7081379";"4,8571955"
"202000006623";"25";"11";"2020";"14:10";"1";"69";"69286";"2";"4";"1";"3";"HIPPODROME (DE L')                  (AV)";"45,8149556";"4,8848424"
"202000006624";"22";"11";"2020";"15:10";"1";"69";"69202";"2";"1";"1";"7";"GEORGES CLEMENCEAU                  (R )";"45,7450600";"4,8067000"
"202000006625";"15";"11";"2020";"17:30";"1";"69";"69381";"2";"1";"2";"6";"MAGNEVAL                            (R )";"45,7729079";"4,8355520"
"202000006626";"25";"11";"2020";"16:45";"5";"2B";"2B037";"2";"1";"1";"6";"TOUTES RUES";"42,6227700";"9,4369300"
"202000006627";"25";"11";"2020";"21:20";"5";"95";"95680";"2";"1";"1";"6";"ERABLES (AVENUE DES)";"49,0007500";"2,3924900"
"202000006628";"25";"11";"2020";"17:00";"1";"91";"91552";"1";"1";"1";"6";"CD 19";"48,5756300";"2,2725900"
"202000006629";"25";"11";"2020";"12:55";"1";"91";"91326";"2";"1";"1";"6";"PETIT (RUE)";"48,6934600";"2,3685000"
"202000006630";"24";"11";"2020";"15:35";"1";"87";"87085";"1";"1";"1";"2";"AEROPORT LIMOGES BELLEGARDE (AVENUE DE)";"45,8665900";"1,1683800"
"202000006631";"24";"11";"2020";"12:25";"1";"87";"87113";"1";"1";"1";"6";"LIMOGES (AVENUE DE)";"45,8544600";"1,3064900"
"202000006632";"24";"11";"2020";"14:35";"1";"77";"77407";"2";"3";"1";"3";"FONTAINEBLEAU(AVENUE DE)";"48,5316968";"2,5398130"
"202000006633";"24";"11";"2020";"09:55";"1";"71";"71306";"2";"1";"1";"6";"SENTIER (RUE)";"46,6598000";"4,3521000"
"202000006634";"24";"11";"2020";"13:00";"1";"69";"69013";"2";"3";"1";" -1";"GARET (rue du Champ)";"46,0002800";"4,7309800"
"202000006635";"25";"11";"2020";"07:45";"2";"60";"60159";"2";"1";"8";"6";"N/A";"49,4221900";"2,8242600"
"202000006636";"25";"11";"2020";"17:35";"5";"59";"59350";"2";"1";"1";"2";"LAMBRET OSCAR AVENUE";"50,6102100";"3,0387000"
"202000006637";"24";"11";"2020";"15:45";"1";"59";"59350";"2";"1";"1";"6";"ARBRISSEAU RUE DE L";"50,6062763";"3,0486430"
"202000006638";"24";"11";"2020";"07:50";"2";"58";"58194";"2";"1";"1";"3";"EMILE COMBES";"47,0024300";"3,1594000"
"202000006639";"25";"11";"2020";"11:15";"1";"54";"54395";"2";"1";"1";"6";"QUATRE EGLISES (RUE DES 2 A 18-1 A 23)";"48,6887100";"6,1826900"
"202000006640";"22";"11";"2020";"12:02";"1";"54";"54395";"2";"2";"1";"3";"PINCHARD (AVENUE - OMBELLES)";"48,7022600";"6,1516800"
"202000006641";"24";"11";"2020";"17:45";"5";"51";"51454";"2";"1";"1";"7";"Rue Gaston Boyer";"49,2618615";"4,0197207"
"202000006642";"24";"11";"2020";"09:56";"1";"49";"49267";"2";"1";"1";"3";"HAUT BOIS";"47,4666500";" -0,4686000"
"202000006643";"25";"11";"2020";"15:00";"1";"33";"33032";"2";"4";"1";"3";"RUE JEAN-JACQUES ROUSSEAU";"44,9096100";" -0,5089000"
"202000006644";"25";"11";"2020";"09:20";"1";"33";"33281";"2";"1";"1";"2";"RUE JACQUES PREVERT";"44,8433200";" -0,6705600"
"202000006645";"26";"11";"2020";"00:50";"5";"33";"33529";"2";"1";"1";"7";"PYLA (BD DU)";"44,6333800";" -1,1630800"
"202000006646";"25";"11";"2020";"08:15";"1";"33";"33529";"2";"1";"1";"3";"DE GAULLE (AVE CHARLES) 02 ET +";"44,6371300";" -1,1276000"
"202000006647";"25";"11";"2020";"23:20";"3";"32";"32013";"2";"1";"1";"7";"TOULOUSE (ROUTE DE)";"43,6540800";"0,6102200"
"202000006648";"25";"11";"2020";"07:50";"2";"31";"31555";"2";"1";"1";"3";"RUE MARIA MONBIOLA";"43,5789300";"1,4369800"
"202000006649";"25";"11";"2020";"07:48";"1";"31";"31555";"2";"1";"1";"2";"MINIMES (AV DES) DU 1AU 178";"43,6233800";"1,4343600"
"202000006650";"24";"11";"2020";"19:16";"5";"31";"31555";"2";"1";"1";"7";"RUE DE PERIOLE";"43,6148300";"1,4559800"
"202000006651";"23";"11";"2020";"19:50";"5";"31";"31149";"2";"1";"1";"3";"ravel (rue)";"43,5983200";"1,3501600"
"202000006652";"25";"11";"2020";"10:52";"1";"25";"25056";"2";"1";"1";"6";"CHOPIN RUE FREDERIC";"47,2611000";"6,0414000"
"202000006653";"25";"11";"2020";"08:00";"5";"22";"22278";"2";"1";"8";"3";"CORNEILLE COTE IMPAIR";"48,5121200";" -2,7451000"
"202000006654";"25";"11";"2020";"18:23";"5";"17";"17300";"2";"1";"1";" -1";"PRUNIER   QUAI LOUIS";"46,1529500";" -1,1500500"
"202000006655";"25";"11";"2020";"20:20";"5";"13";"13215";"2";"1";"1";"3";"LE CHATELIER";"43,3472000";"5,3685300"
"202000006656";"25";"11";"2020";"12:45";"1";"13";"13209";"2";"1";"1";"3";"MARÉCHAL DE LATTRE (AVENUE)";"43,2459080";"5,4173130"
"202000006657";"25";"11";"2020";"08:30";"1";"13";"13209";"2";"1";"1";"2";"CASSIS (ANCIEN CHEMIN DE)";"43,2614582";"5,4168793"
"202000006658";"24";"11";"2020";"08:45";"1";"13";"13209";"2";"1";"1";"3";"SORMIOU (CHEMIN DE)";"43,2278960";"5,4026940"
"202000006659";"25";"11";"2020";"09:33";"1";"13";"13001";"1";"1";"1";"5";"RD9";"43,4889580";"5,3644280"
"202000006660";"25";"11";"2020";"08:45";"1";"09";"09122";"1";"1";"1";" -1";"20 (R.N.) COTE NORD DU TUNNEL";"42,9758520";"1,6223760"
"202000006661";"23";"11";"2020";"15:40";"1";"06";"06027";"2";"1";"1";"3";"PROMENADE DE L HIPPODROME";"43,6497000";"7,1508000"
"202000006662";"25";"11";"2020";"08:50";"1";"75";"75113";"2";"1";"1";"2";"QUAI D IVRY";"48,8256750";"2,3866930"
"202000006663";"24";"11";"2020";"18:10";"5";"75";"75117";"2";"1";"1";"2";"BOULEVARD PERIPHERIQUE";"48,9004880";"2,3220650"
"202000006664";"24";"11";"2020";"09:00";"1";"75";"75116";"2";"4";"1";"3";"BOULEVARD PERIPHERIQUE";"48,8741040";"2,2755750"
"202000006665";"23";"11";"2020";"08:20";"1";"75";"75113";"2";"1";"2";"3";"BOULEVARD PERIPHERIQUE";"48,8248380";"2,3842860"
"202000006666";"25";"11";"2020";"15:15";"1";"75";"75105";"2";"1";"1";"3";"RUE DES BERNARDINS";"48,8501020";"2,3506650"
"202000006667";"24";"11";"2020";"20:47";"5";"75";"75105";"2";"5";"1";"3";"RUE DES ECOLES";"48,8503440";"2,3426360"
"202000006668";"23";"11";"2020";"01:15";"5";"75";"75120";"2";"7";"2";"3";"COURS DE VINCENNES";"48,8471880";"2,4112720"
"202000006669";"25";"11";"2020";"19:00";"3";"75";"75119";"2";"3";"1";"3";"AVENUE CORENTIN CARIOU";"48,8964020";"2,3841440"
"202000006670";"25";"11";"2020";"21:00";"5";"75";"75117";"2";"2";"1";"1";"RUE D ARMAILLE";"48,8790670";"2,2909620"
"202000006671";"25";"11";"2020";"15:30";"1";"75";"75116";"2";"5";"1";"2";"AVENUE VICTOR HUGO";"48,8643320";"2,2729670"
"202000006672";"25";"11";"2020";"08:20";"1";"75";"75116";"2";"2";"1";"3";"AVENUE DE VERSAILLES";"48,8487200";"2,2750620"
"202000006673";"25";"11";"2020";"13:00";"1";"75";"75112";"2";"3";"8";"3";"RUE DU SERGENT BAUCHAT";"48,8457310";"2,3934250"
"202000006674";"25";"11";"2020";"08:00";"1";"75";"75111";"2";"2";"1";"6";"BOULEVARD RICHARD LENOIR";"48,8642160";"2,3711980"
"202000006675";"25";"11";"2020";"17:20";"5";"94";"94042";"2";"2";"1";"3";"MARNE (QU DE)";"48,8201790";"2,4672760"
"202000006676";"23";"11";"2020";"14:45";"3";"94";"94046";"2";"1";"1";"6";"VALENTON (R DE)";"48,7979400";"2,4365800"
"202000006677";"23";"11";"2020";"09:15";"1";"94";"94041";"2";"5";"2";"1";"JEAN LE GALLEU (R)";"48,8105900";"2,3800200"
"202000006678";"25";"11";"2020";"20:40";"5";"93";"93078";"2";"9";"1";"1";"RASPAIL (AVENUE)";"48,9538064";"2,5478840"
"202000006679";"25";"11";"2020";"10:20";"1";"93";"93008";"2";"6";"1";"6";"PLACE SAINT JUSTE";"48,9058336";"2,4699636"
"202000006680";"25";"11";"2020";"17:40";"5";"93";"93005";"2";"1";"1";"6";"MOULIN DE LA VILLE (CHEMIN DU)";"48,9505754";"2,4975386"
"202000006681";"25";"11";"2020";"19:45";"4";"92";"92044";"2";"9";"1";"3";"CAMILLE PELLETAN(RUE)1A15 ET 2A12";"48,8956220";"2,2891290"
"202000006682";"25";"11";"2020";"17:50";"5";"92";"92044";"2";"1";"1";"1";"BINEAU (BOULEVARD)";"48,8865837";"2,2842546"
"202000006683";"25";"11";"2020";"12:52";"1";"92";"92036";"2";"1";"1";" -1";"MOULIN DE CAGE (RUE DU)";"48,9288412";"2,3120266"
"202000006684";"25";"11";"2020";"11:00";"1";"92";"92025";"2";"1";"1";"2";"JULES MICHELET (RUE)";"48,9319805";"2,2687224"
"202000006685";"25";"11";"2020";"14:00";"1";"92";"92007";"2";"1";"1";"3";"RAVERA (AVENUE HENRI) N° 111 A 217 ET 10";"48,8047504";"2,3128964"
"202000006686";"26";"11";"2020";"13:40";"1";"26";"26031";"2";"1";"1";"2";"4 Avenue Lieutenant Cheynis";"44,5544660";"4,8601040"
"202000006687";"26";"11";"2020";"08:45";"2";"68";"68177";"1";"1";"1";" -1";"430";"47,9370540";"7,1723880"
"202000006688";"26";"11";"2020";"16:00";"1";"95";"95529";"2";"1";"1";"6";"ROUTE NEUVE";"49,1708285";"2,2112292"
"202000006689";"25";"11";"2020";"19:15";"5";"22";"22389";"1";"1";"2";"2";"RN 12 - PR 48+200";"48,4808870";" -2,6475330"
"202000006690";"25";"11";"2020";"11:50";"1";"26";"26133";"1";"1";"1";"7";"20 Chemin des Achards";"45,2131110";"4,9055740"
"202000006691";"26";"11";"2020";"15:30";"1";"83";"83070";"2";"1";"1";"1";"RD298 Route de Bénat / voie d'accès au supermarché ""Casino""";"43,1353799";"6,3513166"
"202000006692";"25";"11";"2020";"20:50";"3";"62";"62199";"1";"1";"1";"6";"d 341";"50,3653460";"2,6500440"
"202000006693";"24";"11";"2020";"10:25";"1";"62";"62180";"2";"1";"1";"3";"Rue de Valhuon - Lieu dit Grossart";"50,4135220";"2,3664810"
"202000006694";"26";"11";"2020";"11:58";"1";"74";"74029";"1";"3";"1";"3";"RD 14";"45,9896610";"5,8214290"
"202000006695";"26";"11";"2020";"17:45";"2";"77";"77446";"1";"1";"1";"3";"D49a2";"48,5123540";"3,2135810"
"202000006696";"26";"11";"2020";"15:45";"1";"76";"76653";"1";"1";"1";"1";"D50";"49,7734490";"0,7184030"
"202000006697";"25";"11";"2020";"08:16";"2";"82";"82005";"1";"1";"5";"7";"D26";"43,7985020";"1,2651180"
"202000006698";"25";"11";"2020";"18:20";"2";"65";"65258";"2";"2";"1";"3";"rue des déportés";"43,1287000";"0,3865330"
"202000006699";"26";"11";"2020";"12:40";"1";"61";"61398";"1";"1";"1";"6";"Rue Cavier";"48,6035880";"0,3073810"
"202000006700";"18";"11";"2020";"15:00";"1";"34";"34221";"1";"1";"1";"3";"D32";"43,7280380";"3,6330680"
"202000006701";"26";"11";"2020";"08:30";"3";"39";"39043";"1";"1";"1";"6";"Beaufort";"46,6103170";"5,4114530"
"202000006702";"24";"11";"2020";"16:15";"1";"35";"35179";"1";"1";"1";"1";"Le Porche";"48,5195540";" -1,8843590"
"202000006703";"25";"11";"2020";"18:35";"3";"38";"38069";"1";"1";"1";"7";"RD 1085 - face magasin DANTON";"45,4436930";"5,2918050"
"202000006704";"26";"11";"2020";"07:00";"3";"50";"50030";"2";"1";"5";"6";"Rue Saint Thomas Becket";"49,6652880";" -1,2707960"
"202000006705";"25";"11";"2020";"17:50";"5";"45";"45146";"2";"1";"1";"6";"Rue Masséna - sous le pont SNCF";"47,7212320";"1,9320920"
"202000006706";"14";"11";"2020";"14:00";"1";"53";"53062";"2";"9";"1";"6";"Chemin de terre rouge";"47,8281840";" -0,6895560"
"202000006707";"25";"11";"2020";"21:55";"3";"85";"85190";"1";"1";"1";"6";"Départementale 753";"46,9570140";" -1,4652260"
"202000006708";"26";"11";"2020";"07:20";"5";"67";"67343";"2";"2";"5";"3";"29 Route de Saverne";"48,6036940";"7,6909180"
"202000006709";"25";"11";"2020";"18:15";"5";"84";"84081";"1";"1";"1";"6";"Aire de Service de Morieres";"43,9229620";"4,9132540"
"202000006710";"23";"11";"2020";"19:10";"3";"988";"98826";"1";"1";"1";"6";"lieu-dit Iny";" -20,2633240";"164,0911100"
"202000006711";"26";"11";"2020";"08:00";"1";"971";"97115";"1";"1";"1";"3";"Routa";"16,2606680";" -61,6318950"
"202000006712";"25";"11";"2020";"06:45";"2";"84";"84078";"1";"1";"1";"2";"nationale 7";"44,2287030";"4,7128770"
"202000006713";"26";"11";"2020";"12:30";"1";"83";"83099";"2";"1";"1";"1";"Boulevard Cavalier";"43,4565330";"6,6835770"
"202000006714";"24";"11";"2020";"09:05";"1";"67";"67130";"1";"4";"5";"1";"D426";"48,4102250";"7,7071560"
"202000006715";"4";"11";"2020";"16:35";"1";"88";"88090";"2";"1";"1";"6";"Rue Claude Barrès";"48,3607260";"6,3040070"
"202000006716";"19";"11";"2020";"18:00";"3";"26";"26271";"1";"1";"1";"2";"23 Allée des Berges du Rhone";"45,0182450";"4,8520890"
"202000006717";"25";"11";"2020";"15:55";"1";"26";"26084";"1";"1";"1";"7";"515 Route de Vialon";"44,9921120";"4,9173400"
"202000006718";"25";"11";"2020";"19:20";"3";"14";"14289";"1";"4";"1";"1";"Départementale 63";"48,8908780";" -0,1327800"
"202000006719";"25";"11";"2020";"21:00";"3";"60";"60138";"1";"1";"1";"6";"chaussee brunehaut - Hameau de Balagny sur Aunette";"49,2191670";"2,6333710"
"202000006720";"6";"1";"2020";"17:00";"1";"84";"84007";"2";"1";"1";"4";"LIMBERT (Boulevard)";"43,9475100";"4,8180700"
"202000006721";"29";"1";"2020";"07:50";"4";"36";"36044";"2";"3";"2";"3";"RUE DU 3EME RAC/RUE DIEUDONNE COSTES";"46,8209538";"1,7181480"
"202000006722";"23";"11";"2020";"18:30";"2";"974";"97407";"2";"1";"7";"6";"COMPAGNIE DES INDES (BD DE LA) ";" -20,9451000";"55,3228200"
"202000006723";"24";"11";"2020";"13:10";"1";"973";"97302";"2";"1";"1";"6";"ARAGO (FRANCOIS)";"4,9386238";" -52,3316915"
"202000006724";"24";"11";"2020";"10:10";"1";"973";"97302";"2";"2";"1";"3";"FLAMBOYANTS (RUE DES)";"4,9257300";" -52,3157700"
"202000006725";"24";"11";"2020";"06:50";"2";"973";"97302";"2";"1";"3";"3";"CABASSOU (ROUTE DE)";"4,9196800";" -52,3188100"
"202000006726";"24";"11";"2020";"17:25";"5";"69";"69388";"2";"1";"1";"6";"MARC SANGNIER                       (PL)";"45,7324791";"4,8826277"
"202000006727";"24";"11";"2020";"15:05";"1";"69";"69386";"2";"2";"1";"6";"MICHEL RAMBAUD                      (R )";"45,7701400";"4,8597100"
"202000006728";"20";"9";"2020";"01:08";"3";"972";"97213";"1";"1";"1";"6";"ROUTE NATIONALE 5";"14,5966600";" -60,9952100"
"202000006729";"23";"11";"2020";"09:35";"1";"91";"91223";"2";"1";"1";"3";"COQUERIVE (AVENUE DE)";"48,4336700";"2,1721100"
"202000006730";"23";"11";"2020";"08:45";"3";"83";"83098";"2";"2";"1";" -1";"raimu";"43,1103826";"6,0165489"
"202000006731";"23";"11";"2020";"08:00";"2";"80";"80001";"2";"1";"8";"6";"VOLTAIRE";"50,1040100";"1,8244400"
"202000006732";"24";"11";"2020";"17:45";"5";"79";"79329";"2";"2";"1";"3";"Boulevard Alfred de Vigny";"46,9774940";" -0,2079100"
"202000006733";"20";"11";"2020";"18:40";"5";"78";"78158";"2";"2";"1";"3";"DOCTEUR VILLEMIN (RUE DU)";"48,8200730";"2,1284950"
"202000006734";"23";"9";"2020";"11:00";"1";"78";"78640";"2";"9";"1";"6";"EUROPE (AVENUE DE L')";"48,7813180";"2,2182700"
"202000006735";"2";"11";"2020";"18:10";"5";"77";"77288";"2";"1";"1";"6";"POMPIDOU  (AVENUE GEORGES)";"48,5518800";"2,6493500"
"202000006736";"15";"5";"2020";"14:45";"1";"77";"77048";"1";"1";"1";"6";"Route de Grez";"48,3262000";"2,6998000"
"202000006737";"16";"5";"2020";"16:50";"1";"69";"69290";"2";"2";"1";"5";"CHARLIE CHAPLIN                 (AV)";"45,7084452";"4,9088538"
"202000006738";"18";"5";"2020";"01:35";"5";"64";"64024";"2";"1";"1";"6";"MER (BOULEVARD DE LA)";"43,4943939";" -1,5439975"
"202000006739";"16";"5";"2020";"20:00";"1";"64";"64140";"2";"1";"1";"1";"GAULLE (AV CHARLES DE)";"43,5277500";" -1,4716000"
"202000006740";"16";"5";"2020";"10:40";"1";"62";"62193";"2";"1";"1";"6";"NORMANDIE NIEMEN";"50,9518000";"1,9036000"
"202000006741";"17";"5";"2020";"14:45";"1";"56";"56260";"2";"1";"1";"3";"STALINGRAD(PLACE DE)";"47,6586900";" -2,7482900"
"202000006742";"17";"5";"2020";"13:55";"1";"53";"53201";"2";"4";"1";"3";"LOGES ( BOULEVARD DES )";"48,0601260";" -0,8111040"