"Num_Acc";"jour";"mois";"an";"hrmn";"lum";"dep";"com";"agg";"int";"atm";"col";"adr";"lat";"long"
"202000006743";"16";"5";"2020";"20:30";"2";"50";"50129";"2";"1";"1";"7";"ZOLA (RUE EMILE)";"49,6374800";" -1,6307100"
"202000006744";"16";"5";"2020";"14:30";"1";"50";"50129";"2";"1";"1";"7";"MACONS (RUE DES)";"49,6441890";" -1,6444490"
"202000006745";"15";"5";"2020";"15:10";"1";"50";"50129";"2";"3";"1";"3";"BECQUEREL (RUE)";"49,6284600";" -1,6396200"
"202000006746";"17";"5";"2020";"17:00";"1";"38";"38185";"2";"2";"1";"1";"Rue de Stalingrad";"45,1717500";"5,7242200"
"202000006747";"18";"5";"2020";"00:25";"5";"35";"35051";"1";"6";"1";"6";"CHANTEPIE (ROUTE DE)";"48,1035700";" -1,6041020"
"202000006748";"17";"5";"2020";"19:50";"1";"26";"26252";"2";"1";"1";"3";"37 rue Jean Jaurès ";"44,8768980";"4,8774040"
"202000006749";"17";"5";"2020";"03:35";"5";"13";"13204";"2";"9";"2";"6";"MARÉCHAL JUIN (BOULEVARD)";"43,3110000";"5,4033300"
"202000006750";"17";"5";"2020";"19:00";"1";"11";"11069";"2";"1";"1";"7";"Victor Hugo";"43,2134000";"2,3487000"
"202000006751";"17";"5";"2020";"16:00";"1";"07";"07102";"2";"1";"1";"7";"REPUBLIQUE (AV. DE LA) [DU N° AU N°]";"44,9349880";"4,8759880"
"202000006752";"17";"5";"2020";"21:15";"5";"06";"06088";"2";"1";"8";"3";"STE-MARGUERITE (AV.) (153)";"43,6799869";"7,2095257"
"202000006753";"17";"5";"2020";"18:50";"1";"06";"06088";"2";"1";"1";"6";"CESSOLE (BD DE) (A PARTIR DU 101-114)";"43,7201920";"7,2516950"
"202000006754";"17";"5";"2020";"13:58";"1";"06";"06088";"2";"8";"2";"3";"PEGUY (R. CHARLES)";"43,7130500";"7,2616900"
"202000006755";"17";"5";"2020";"07:00";"1";"06";"06069";"1";"1";"2";"7";"PEGOMAS (ROUTE DE)";"43,6312610";"6,9312290"
"202000006756";"17";"5";"2020";"18:50";"1";"75";"75119";"2";"3";"1";"3";"AVENUE JEAN JAURES";"48,8845840";"2,3771180"
"202000006757";"17";"5";"2020";"18:10";"1";"75";"75118";"2";"3";"1";"6";"BOULEVARD DE ROCHECHOUART";"48,8834900";"2,3466770"
"202000006758";"17";"5";"2020";"02:20";"5";"75";"75118";"2";"5";"1";"3";"AVENUE DE LA PORTE DE CLIGNANCOURT";"48,9006900";"2,3442200"
"202000006759";"17";"5";"2020";"19:40";"1";"75";"75117";"2";"2";"1";"3";"AVENUE DE WAGRAM";"48,8803090";"2,2998190"
"202000006760";"17";"5";"2020";"12:10";"1";"75";"75115";"2";"2";"1";"3";"RUE BRANCION";"48,8347140";"2,3051840"
"202000006761";"17";"5";"2020";"15:00";"1";"75";"75112";"2";"7";"1";"3";"AVENUE DU TREMBLAY";"48,8271500";"2,4646300"
"202000006762";"17";"5";"2020";"01:55";"5";"94";"94080";"2";"1";"1";"3";"Avenue de Paris";"48,8452110";"2,4319115"
"202000006763";"16";"5";"2020";"22:10";"4";"93";"93048";"2";"1";"1";"6";"R PIERRE DE MONTREUIL";"48,8626000";"2,4571000"
"202000006764";"17";"5";"2020";"17:35";"1";"93";"93079";"2";"1";"1";"2";"SAINT LEU (ROUTE)";"48,9519281";"2,3383769"
"202000006765";"17";"5";"2020";"15:00";"1";"93";"93010";"2";"1";"1";"2";"AV JEAN MOULIN";"48,9125200";"2,4787500"
"202000006766";"16";"5";"2020";"22:50";"5";"92";"92036";"2";"1";"1";"7";"BAS ( RUE DES )";"48,9187180";"2,2908710"
"202000006767";"17";"5";"2020";"05:45";"2";"49";"49244";"1";"1";"1";"6";"Lieu Dit la Fribaudiere";"47,3156940";" -0,9118650"
"202000006768";"16";"5";"2020";"17:26";"1";"47";"47069";"1";"1";"1";"1";"442 Route de Saint-hilaire";"44,2189310";"0,5361250"
"202000006769";"15";"5";"2020";"19:45";"1";"86";"86258";"1";"9";"7";"3";"Grand’Rue";"46,8129840";"0,4006580"
"202000006770";"18";"5";"2020";"17:25";"1";"95";"95487";"1";"1";"1";"4";"D301";"49,1514820";"2,2470900"
"202000006771";"18";"5";"2020";"17:20";"1";"18";"18039";"2";"2";"1";"3";"Chemin de Bué";"47,3022830";"2,7957520"
"202000006772";"17";"5";"2020";"17:55";"1";"974";"97421";"1";"9";"1";"4";"D48";" -21,0341290";"55,5365510"
"202000006773";"17";"5";"2020";"17:10";"1";"974";"97410";"1";"3";"1";"3";"rue des vergers";" -21,0689330";"55,7046640"
"202000006774";"18";"5";"2020";"11:15";"1";"59";"59478";"2";"1";"1";"6";"zone commerciale les remparts CD916";"50,9547230";"2,4344480"
"202000006775";"18";"5";"2020";"14:00";"1";"62";"62079";"1";"1";"1";"6";"3 La Voie des Pretres";"50,0999539";"2,8850187"
"202000006776";"15";"5";"2020";"19:20";"1";"19";"19287";"1";"1";"1";"6";"puy chau";"45,3833058";"1,9429647"
"202000006777";"18";"5";"2020";"16:20";"1";"56";"56105";"1";"1";"1";"7";"ST GEORGES";"48,0194500";" -3,5166600"
"202000006778";"17";"5";"2020";"07:00";"1";"56";"56030";"1";"1";"1";"7";"D139";"47,4907900";" -2,3884110"
"202000006779";"14";"5";"2020";"17:15";"1";"74";"74006";"2";"3";"1";"3";"Route du Nant";"45,9934400";"6,1215950"
"202000006780";"16";"5";"2020";"19:30";"1";"76";"76196";"1";"1";"1";"7";"Rue du Canot";"49,6269440";"0,2617680"
"202000006781";"17";"5";"2020";"17:40";"1";"76";"76123";"1";"1";"1";"1";"Route de dieppe";"49,5439940";"1,1513970"
"202000006782";"17";"5";"2020";"19:15";"1";"79";"79013";"1";"1";"7";"7";"N/A";"46,9919200";" -0,4464000"
"202000006783";"17";"5";"2020";"17:15";"1";"2B";"2B096";"2";"1";"1";"6";"1 Avenue du Pont de l'Orta";"42,3137010";"9,1520077"
"202000006784";"16";"5";"2020";"15:15";"1";"82";"82176";"1";"1";"1";"7";"D8";"43,9655310";"1,5455530"
"202000006785";"17";"5";"2020";"20:55";"1";"32";"32283";"2";"1";"1";"6";"D38";"43,3752570";"0,2129030"
"202000006786";"18";"5";"2020";"00:55";"3";"89";"89072";"1";"1";"1";"6";"D64";"47,7432413";"2,9568967"
"202000006787";"17";"5";"2020";"17:00";"1";"63";"63319";"1";"1";"1";"7";"D996";"45,5163990";"3,8851800"
"202000006788";"17";"5";"2020";"19:15";"1";"61";"61079";"1";"1";"1";"6";"La Greve";"48,2032420";"0,7802050"
"202000006789";"17";"5";"2020";"18:25";"1";"61";"61092";"2";"2";"7";"3";"21 Route de Paris";"48,7530620";"0,7402950"
"202000006790";"17";"5";"2020";"16:30";"1";"61";"61140";"2";"1";"1";"6";"23 Rue du Pays d'Ouche";"48,7080650";"0,6673470"
"202000006791";"18";"5";"2020";"00:30";"3";"61";"61407";"1";"1";"1";"6";"RD 25";"48,8268420";" -0,4625040"
"202000006792";"16";"5";"2020";"02:00";"3";"61";"61232";"1";"1";"1";"7";"Lieu Dit la Grange";"48,6797690";" -0,7049200"
"202000006793";"17";"5";"2020";"23:15";"3";"55";"55522";"1";"1";"1";"6";"D36";"48,6310383";"5,6988892"
"202000006794";"16";"5";"2020";"18:20";"1";"49";"49329";"1";"1";"1";"3";"D111";"47,3818430";" -0,6539490"
"202000006795";"15";"5";"2020";"10:00";"1";"42";"42323";"2";"1";"1";"7";"Place de l'Europe";"45,5614270";"4,2769430"
"202000006796";"15";"5";"2020";"15:45";"1";"42";"42043";"2";"1";"1";"7";"Route de Saint Bonnet les Oules";"45,5764940";"4,3166830"
"202000006797";"17";"5";"2020";"17:35";"1";"42";"42059";"2";"2";"1";"3";"Rue de la Gimond";"45,6346170";"4,4033240"
"202000006798";"15";"5";"2020";"18:45";"1";"22";"22164";"1";"1";"7";"7";"Chapelle duméné bré";"48,5763800";" -3,3053400"
"202000006799";"16";"5";"2020";"16:05";"1";"25";"25147";"1";"1";"1";"5";"D673";"47,2060710";"5,8942720"
"202000006800";"17";"5";"2020";"16:55";"1";"25";"25223";"1";"1";"1";"6";"Route départementale 492";"46,9918460";"6,0048870"
"202000006801";"17";"5";"2020";"13:30";"1";"29";"29205";"1";"3";"1";"6";"Lieu Dit Kerampudou";"48,2915047";" -3,6074976"
"202000006802";"18";"5";"2020";"10:10";"1";"31";"31212";"2";"9";"7";"3";"D888";"43,7124100";"1,5609330"
"202000006803";"17";"5";"2020";"11:02";"1";"02";"02014";"1";"1";"1";"2";"D7";"49,6025060";"3,2795690"
"202000006804";"17";"5";"2020";"11:40";"1";"26";"26060";"1";"1";"1";"7";"3890 route de Bourdeaux ";"44,5391970";"5,1960360"
"202000006805";"16";"5";"2020";"05:40";"2";"26";"26305";"1";"3";"1";"3";"275 avenue de fourèges";"44,5964200";"4,8888580"
"202000006806";"18";"5";"2020";"11:30";"1";"14";"14104";"1";"2";"1";"3";"D51";"49,2380040";"0,2858050"
"202000006807";"17";"5";"2020";"20:55";"1";"50";"50120";"1";"1";"1";"6";"Le Bouillon Boucher";"48,8892010";" -1,4514610"
"202000006808";"18";"5";"2020";"17:04";"1";"90";"90044";"1";"3";"1";"1";"rd83";"47,7019500";"6,9948170"
"202000006809";"17";"5";"2020";"13:50";"1";"16";"16405";"1";"1";"7";"7";"Ld l'Ormeau";"45,5209050";" -0,0986890"
"202000006810";"18";"5";"2020";"16:05";"1";"16";"16236";"1";"1";"1";"3";"Ld Le Fort des Anglais";"45,5859820";"0,1320290"
"202000006811";"18";"5";"2020";"13:20";"1";"21";"21317";"1";"3";"7";"3";"D3";"47,5470160";"5,1220110"
"202000006812";"17";"5";"2020";"11:10";"1";"40";"40195";"2";"1";"1";"6";"5 Rue du Bon Vieux Temps";"43,7423170";" -0,4835040"
"202000006813";"18";"5";"2020";"08:25";"1";"24";"24354";"2";"1";"1";"2";"48 Avenue d'Aquitaine";"45,1467820";"0,0053910"
"202000006814";"17";"5";"2020";"17:00";"1";"24";"24354";"1";"1";"1";"1";"D730";"45,0941560";"0,1035550"
"202000006815";"18";"5";"2020";"12:05";"1";"27";"27116";"1";"3";"1";"1";"Brionne";"49,1789120";"0,7033500"
"202000006816";"18";"5";"2020";"10:35";"1";"28";"28089";"2";"1";"1";"6";"Route de Brezolles";"48,5890140";"1,2353610"
"202000006817";"17";"5";"2020";"17:25";"1";"87";"87140";"1";"3";"1";"3";"Allée du Pacage du Milieu";"45,9031240";"0,9734000"
"202000006818";"17";"5";"2020";"10:45";"1";"37";"37263";"2";"1";"1";"2";"rue de vaugaudet";"47,2748863";"0,8365154"
"202000006819";"18";"5";"2020";"07:45";"1";"30";"30138";"1";"1";"1";"1";"départementale 40";"43,8084870";"4,2397360"
"202000006820";"15";"5";"2020";"15:45";"1";"95";"95042";"1";"1";"1";"7";"RD 9";"49,0683130";"2,2826240"
"202000006821";"17";"5";"2020";"19:40";"1";"95";"95535";"1";"1";"1";"4";"RD14";"49,0639130";"1,9822810"
"202000006822";"18";"5";"2020";"19:10";"2";"2B";"2B355";"1";"1";"3";"3";"T20";"42,5187700";"9,3950700"
"202000006823";"17";"5";"2020";"16:35";"1";"68";"68171";"1";"1";"1";"5";"D430";"47,9708010";"6,9887090"
"202000006824";"17";"5";"2020";"10:30";"1";"68";"68252";"1";"3";"1";"3";"Route de Ribeauvillé";"48,1642250";"7,3666870"
"202000006825";"16";"5";"2020";"20:25";"2";"67";"67464";"1";"1";"1";"7";"lieu dit AUE";"48,3419530";"7,5658040"
"202000006826";"16";"5";"2020";"17:25";"1";"67";"67464";"1";"2";"7";"3";"Rue de Strasbourg";"48,3241537";"7,5716773"
"202000006827";"17";"5";"2020";"16:00";"1";"88";"88531";"1";"1";"1";"3";"D430";"48,0487460";"7,0093200"
"202000006828";"16";"5";"2020";"16:30";"1";"57";"57550";"1";"1";"1";"3";"D26";"49,1522260";"6,6319230"
"202000006829";"18";"5";"2020";"17:55";"1";"74";"74073";"1";"1";"7";"3";"Sur le Feu Courbe";"46,3345060";"6,6527690"
"202000006830";"17";"5";"2020";"17:30";"1";"42";"42201";"1";"1";"1";" -1";"Route du Tracol";"45,3483830";"4,6609010"
"202000006831";"18";"5";"2020";"10:08";"1";"64";"64376";"1";"1";"1";"1";"D 938";"43,2787560";" -0,3144730"
"202000006832";"16";"5";"2020";"12:15";"1";"33";"33042";"2";"1";"1";"2";"D1010";"44,5140310";" -0,7930000"
"202000006833";"17";"5";"2020";"01:44";"5";"60";"60612";"1";"1";"1";"2";"5 Avenue du Poteau";"49,2213821";"2,5883512"
"202000006834";"18";"5";"2020";"17:50";"1";"62";"62106";"1";"1";"1";"7";"rue de sailly";"50,3017520";"3,0387870"
"202000006835";"17";"5";"2020";"16:50";"1";"13";"13005";"1";"1";"3";"6";"A50 - Sens Aubagne vers Marseille";"43,2803000";"5,5832000"
"202000006836";"16";"5";"2020";"19:30";"1";"13";"13026";"1";"1";"2";"7";"A55-Sens Martigues vers Marseille";"43,3773380";"5,1718210"
"202000006837";"17";"5";"2020";"09:40";"1";"94";"94037";"1";"1";"1";"7";"AUTOROUTE A6B";"48,8157905";"2,3367697"
"202000006838";"15";"5";"2020";"18:20";"1";"91";"91228";"1";"9";"1";"4";"AUTOROUTE A6";"48,6196200";"2,4261100"
"202000006839";"16";"5";"2020";"13:15";"1";"974";"97416";"2";"1";"1";"7";"GENERAL DE GAULLE(AVENUE)";" -21,2907400";"55,4664400"
"202000006840";"16";"5";"2020";"09:45";"1";"974";"97416";"1";"2";"1";"3";"BOISSY (CHEMIN DE)";" -21,3399100";"55,5094800"
"202000006841";"16";"5";"2020";"16:25";"1";"973";"97302";"2";"9";"1";"3";"GALMOT (AVENUE)";"4,9319308";" -52,3283744"
"202000006842";"16";"5";"2020";"14:30";"1";"973";"97302";"2";"1";"1";"3";"BONHOMME (CITE)";"4,9220326";" -52,3194158"
"202000006843";"16";"5";"2020";"10:40";"1";"973";"97302";"1";"1";"1";"2";"ROUTE NATIONALE 1";"4,9053400";" -52,3232100"
"202000006844";"16";"5";"2020";"17:50";"1";"69";"69388";"2";"1";"1";"6";"MARIUS BERLIET                      (R )";"45,7394000";"4,8660100"
"202000006845";"16";"5";"2020";"18:55";"3";"972";"97209";"2";"1";"2";"7";"PARADISIERS (AVENUE DES)";"14,6219400";" -61,0368600"
"202000006846";"16";"5";"2020";"14:38";"1";"69";"69382";"2";"1";"1";"2";"JEAN MOULIN                         (QU)";"45,7656729";"4,8380948"
"202000006847";"16";"5";"2020";"03:00";"5";"69";"69034";"2";"5";"1";"3";"PASTEUR                             (R )";"45,7908821";"4,8424221"
"202000006848";"16";"5";"2020";"19:42";"1";"91";"91570";"2";"9";"1";"3";"BRANLY (RUE EDOUARD)";"48,6338800";"2,3052280"
"202000006849";"15";"5";"2020";"19:50";"1";"91";"91174";"2";"1";"1";"6";"Emile ZOLA (rue)";"48,6138300";"2,4720200"
"202000006850";"15";"5";"2020";"19:14";"1";"83";"83126";"2";"1";"1";"6";"Ytzhak RABIN - D63";"43,1149140";"5,8714480"
"202000006851";"15";"5";"2020";"16:37";"1";"79";"79329";"2";"1";"1";"7";"Rue Camille Pelletan";"46,9819600";" -0,2191600"
"202000006852";"16";"5";"2020";"17:00";"1";"77";"77118";"1";"1";"1";"4";"ROUTE NATIONALE 3";"48,9430500";"2,6593800"
"202000006853";"17";"5";"2020";"00:45";"5";"77";"77407";"2";"3";"1";" -1";"OLIVIERI(RUE A.) - D50";"48,5304600";"2,5517900"
"202000006854";"15";"5";"2020";"18:30";"1";"77";"77186";"2";"3";"1";"3";"ANDRE MAGINOT (BOULEVARD) - D417";"48,4053100";"2,6898300"
"202000006855";"15";"5";"2020";"17:20";"1";"77";"77186";"2";"3";"1";"1";"d301 de chantoiseau /grand veneur";"48,4055848";"2,7789559"
"202000006856";"16";"5";"2020";"00:50";"5";"76";"76540";"2";"2";"1";"3";"MONT RIBOUDET. AVENUE DU";"49,4482100";"1,0667500"
"202000006857";"16";"5";"2020";"15:00";"1";"72";"72181";"2";"1";"1";"6";"GARENNE (RUE DE LA)";"48,0185800";"0,1911100"
"202000006858";"16";"5";"2020";"09:20";"1";"71";"71270";"2";"1";"1";"6";"Avenue Edouard Herriot";"46,2993486";"4,8275028"
"202000006859";"15";"5";"2020";"13:50";"1";"71";"71270";"2";"1";"1";"3";"Avenue Edouard Herriot";"46,2927336";"4,8157504"
"202000006860";"16";"5";"2020";"19:11";"1";"69";"69275";"2";"3";"1";"3";"JEAN JAURES                         (AV)";"45,7697000";"4,9493000"
"202000006861";"24";"4";"2020";"21:20";"5";"59";"59350";"2";"1";"1";" -1";"THUMESNIL RUE";"50,6205000";"3,0672000"
"202000006862";"16";"5";"2020";"09:50";"1";"42";"42044";"2";"1";"1";"6";"Rue de la République";"45,3943100";"4,3053800"
"202000006863";"16";"5";"2020";"17:56";"1";"37";"37261";"2";"6";"1";"7";"CHURCHILL (BOULEVARD WINSTON)";"47,3738729";"0,6788172"
"202000006864";"16";"5";"2020";"15:30";"1";"37";"37261";"2";"1";"1";"7";"FLORENCE (AVENUE DE)";"47,3744416";"0,7248585"
"202000006865";"15";"5";"2020";"20:04";"1";"37";"37261";"2";"3";"1";" -1";"PONT CHER (AVENUE DE)";"47,3717137";"0,6776768"
"202000006866";"16";"5";"2020";"18:40";"1";"35";"35238";"2";"1";"1";"4";"BREST (DE)";"48,1139948";" -1,6986960"
"202000006867";"16";"5";"2020";"20:41";"1";"33";"33162";"2";"2";"1";"3";"AVE DU TAILLAN-MEDOC / RUE ANDRE BLANC";"44,8771400";" -0,6424700"
"202000006868";"16";"5";"2020";"16:15";"1";"33";"33529";"1";"1";"1";"7";"RD804 piste cyclable";"44,5722800";" -1,2201200"
"202000006869";"12";"5";"2020";"19:25";"1";"26";"26362";"2";"1";"1";"1";"191 Rue Antoine Barnave";"44,9419400";"4,9153500"
"202000006870";"16";"5";"2020";"04:10";"5";"13";"13075";"2";"1";"1";"4";"LIBERATION (AVE DE LA)";"43,3427740";"5,4574970"
"202000006871";"16";"5";"2020";"23:50";"5";"13";"13028";"2";"3";"2";"3";"GASSION (AVENUE FERNAND )";"43,1841390";"5,6064930"
"202000006872";"13";"5";"2020";"02:28";"5";"07";"07231";"2";"1";"1";"6";"Route d’Alès";"44,5929500";"4,3775000"
"202000006873";"15";"5";"2020";"16:57";"1";"06";"06027";"2";"1";"1";"6";"RENOIR AVENUE AUGUSTE";"43,6647534";"7,1517354"
"202000006874";"16";"5";"2020";"09:45";"1";"01";"01289";"1";"2";"1";"3";"LENT ( ROUTE DE )";"46,1648695";"5,2207030"
"202000006875";"16";"5";"2020";"17:00";"1";"75";"75115";"2";"1";"1";"4";"PORTE DE SEVRES";"48,8323730";"2,2805420"
"202000006876";"16";"5";"2020";"17:51";"1";"75";"75106";"2";"2";"1";"3";"RUE SAINT SULPICE";"48,8514680";"2,3370600"
"202000006877";"16";"5";"2020";"13:00";"1";"75";"75105";"2";"2";"1";"6";"RUE MONGE";"48,8471220";"2,3512390"
"202000006878";"16";"5";"2020";"04:38";"5";"75";"75105";"2";"1";"1";"3";"BOULEVARD SAINT MARCEL";"48,8369810";"2,3522960"
"202000006879";"16";"5";"2020";"00:30";"5";"75";"75105";"2";"5";"1";"6";"BOULEVARD SAINT GERMAIN";"48,8508370";"2,3455960"
"202000006880";"16";"5";"2020";"17:50";"1";"75";"75119";"2";"2";"1";"3";"AVENUE DE FLANDRE";"48,8943030";"2,3817260"
"202000006881";"16";"5";"2020";"16:30";"1";"75";"75118";"2";"1";"1";"3";"BOULEVARD DE LA CHAPELLE";"48,8841970";"2,3543150"
"202000006882";"16";"5";"2020";"14:00";"1";"75";"75117";"2";"2";"1";"3";"BOULEVARD BESSIERES";"48,8975800";"2,3241530"
"202000006883";"16";"5";"2020";"18:00";"1";"75";"75116";"2";"1";"1";"3";"ROUTE DE SEVRES A NEUILLY";"48,8577420";"2,2372610"
"202000006884";"16";"5";"2020";"11:30";"1";"75";"75115";"2";"1";"1";"6";"PORT DE GRENELLE";"48,8539200";"2,2873610"
"202000006885";"16";"5";"2020";"15:40";"1";"75";"75114";"2";"1";"1";"6";"BOULEVARD ARAGO";"48,8344700";"2,3338510"
"202000006886";"15";"5";"2020";"10:40";"1";"75";"75114";"2";"2";"1";"6";"RUE DES PLANTES";"48,8261720";"2,3195830"
"202000006887";"16";"5";"2020";"17:50";"1";"75";"75112";"2";"1";"1";"2";"RUE PROUDHON";"48,8371460";"2,3904787"
"202000006888";"16";"5";"2020";"21:50";"4";"75";"75111";"2";"1";"1";"6";"BOULEVARD DE CHARONNE";"48,8535960";"2,3964500"
"202000006889";"16";"5";"2020";"18:05";"1";"75";"75111";"2";"1";"1";"2";"BOULEVARD DE MENILMONTANT";"48,8659590";"2,3837790"
"202000006890";"16";"5";"2020";"11:15";"1";"75";"75101";"2";"2";"1";"3";"RUE DE RIVOLI";"48,8590870";"2,3464500"
"202000006891";"16";"5";"2020";"13:25";"1";"94";"94068";"2";"3";"1";"7";"FOCH (AV)";"48,7991110";"2,4997470"
"202000006892";"16";"5";"2020";"14:15";"1";"94";"94068";"2";"1";"1";"2";"FOCH (AV)";"48,7999846";"2,4975703"
"202000006893";"16";"5";"2020";"15:15";"1";"94";"94076";"2";"1";"1";"3";"MAXIME GORKI (BD)";"48,7937940";"2,3690760"
"202000006894";"16";"5";"2020";"12:45";"1";"94";"94076";"2";"1";"1";"3";"MAXIME GORKI (BD)";"48,7918400";"2,3699600"
"202000006895";"15";"5";"2020";"18:07";"1";"94";"94076";"2";"4";"1";"3";"PARIS (AV DE)";"48,8010000";"2,3651000"
"202000006896";"15";"5";"2020";"21:00";"2";"94";"94041";"2";"1";"1";"1";"GENERAL LECLERC (AV DU)";"48,8125000";"2,3796000"
"202000006897";"16";"5";"2020";"14:30";"1";"94";"94028";"2";"1";"1";"2";"ECHAT(RUE DE L')";"48,7993987";"2,4505436"
"202000006898";"16";"5";"2020";"13:50";"1";"94";"94054";"2";"9";"1";"3";"QUINZE ARPENTS (R DES)";"48,7476440";"2,3801400"
"202000006899";"16";"5";"2020";"03:19";"5";"94";"94060";"2";"1";"1";"7";"GENERAL DE GAULLE (R DU)";"48,7815749";"2,5714617"
"202000006900";"16";"5";"2020";"16:00";"1";"94";"94004";"1";"1";"1";"1";"BREVANNES (R DE)";"48,7490980";"2,5073410"
"202000006901";"16";"5";"2020";"15:50";"1";"93";"93070";"2";"9";"1";"2";"GABRIEL-PERI (AV)";"48,9059200";"2,3317800"
"202000006902";"15";"5";"2020";"21:10";"5";"93";"93066";"2";"2";"1";"3";"METALLURGIE (AVENUE)";"48,9091666";"2,3635729"
"202000006903";"16";"5";"2020";"21:25";"1";"93";"93048";"2";"1";"1";"5";"BD DE LA BOISSIERE";"48,8771000";"2,4638000"
"202000006904";"16";"5";"2020";"13:30";"1";"92";"92049";"2";"1";"1";"3";"GINOUX AV. HENRI N°1 A 95 ET 2 A 104";"48,8183910";"2,3226370"
"202000006905";"15";"5";"2020";"20:10";"2";"95";"95487";"2";"1";"1";"1";"5 Allée Julian Grimau";"49,1508870";"2,2743050"
"202000006906";"17";"5";"2020";"16:45";"1";"62";"62672";"2";"1";"1";"6";"1 Rue Maitre Jacques";"50,1162730";"2,6986540"
"202000006907";"16";"5";"2020";"20:15";"1";"91";"91553";"2";"1";"1";"6";"Route de Saint Germain";"48,6181900";"2,4837260"
"202000006908";"16";"5";"2020";"20:55";"1";"59";"59157";"1";"1";"1";"7";"D936";"50,2505394";"4,1261021"
"202000006909";"16";"5";"2020";"21:15";"2";"59";"59231";"2";"1";"1";"1";"Rue de Quiévelon";"50,2387280";"4,0234420"
"202000006910";"17";"5";"2020";"15:50";"1";"67";"67325";"1";"1";"1";"2";"D218";"48,5345530";"7,3465920"
"202000006911";"17";"5";"2020";"00:50";"3";"82";"82135";"1";"1";"1";"6";"Chemin du Pigeonnier";"43,8779430";"1,4423100"
"202000006912";"16";"5";"2020";"14:15";"1";"65";"65456";"1";"1";"1";"6";"Uglas";"43,1337916";"0,4447743"
"202000006913";"15";"5";"2020";"18:45";"1";"33";"33394";"1";"1";"1";"6";"RD245 lieu dit Figeac";"44,9133600";" -0,1888280"
"202000006914";"17";"5";"2020";"11:30";"1";"11";"11332";"1";"1";"1";"7";"D613";"43,1270480";"2,8365760"
"202000006915";"17";"5";"2020";"14:40";"1";"11";"11262";"1";"1";"1";"1";"Grange Neuve RD168";"43,1734483";"3,0767512"
"202000006916";"16";"5";"2020";"20:00";"1";"71";"71528";"2";"1";"1";"7";"Rue des Amortets";"46,6238394";"5,1783210"
"202000006917";"17";"5";"2020";"19:00";"1";"63";"63414";"1";"1";"1";"7";"D906";"45,7078525";"3,5850267"
"202000006918";"16";"5";"2020";"21:05";"2";"55";"55215";"1";"1";"1";"7";"RD 966";"48,5100398";"5,5688338"
"202000006919";"17";"5";"2020";"18:50";"1";"42";"42293";"1";"1";"1";"7";"Route de la Blancherie";"45,9975060";"4,2497890"
"202000006920";"16";"5";"2020";"20:15";"1";"41";"41095";"1";"1";"1";"6";"69 Rue de la Gare";"47,8961720";"1,2223440"
"202000006921";"16";"5";"2020";"18:00";"1";"35";"35360";"1";"9";"1";"3";"D178";"48,1249660";" -1,2325290"
"202000006922";"16";"5";"2020";"16:20";"1";"29";"29130";"2";"1";"1";"7";"Route de Trégana";"48,3559210";" -4,6593830"
"202000006923";"17";"5";"2020";"17:10";"1";"29";"29037";"1";"2";"7";"3";"Lanio Huella";"47,8812953";" -4,1272247"
"202000006924";"17";"5";"2020";"11:45";"1";"02";"02106";"1";"1";"1";"6";"D967";"49,4085300";"3,6656460"
"202000006925";"16";"5";"2020";"12:00";"1";"84";"84020";"1";"2";"1";"3";"CHEMIN DE L'ORATOIRE";"43,8567200";"5,2881430"
"202000006926";"17";"5";"2020";"15:00";"1";"15";"15138";"2";"4";"1";"3";"Avenue du Docteur Louis Mallet";"45,1094282";"2,8717496"
"202000006927";"16";"5";"2020";"16:20";"1";"01";"01068";"1";"1";"1";"6";"D1084";"46,0710385";"5,4837252"
"202000006928";"16";"5";"2020";"15:30";"1";"01";"01068";"1";"1";"1";"2";"D1084";"46,0840290";"5,4764810"
"202000006929";"16";"5";"2020";"19:10";"1";"66";"66057";"1";"1";"2";"6";"38 La Carole";"42,5791400";"2,3748770"
"202000006930";"3";"3";"2020";"13:55";"1";"37";"37261";"2";"1";"2";"3";"VAILLANT (RUE EDOUARD)";"47,3898412";"0,6946306"
"202000006931";"2";"3";"2020";"14:15";"1";"37";"37233";"2";"1";"1";"4";"DUCLOS (AVENUE JACQUES)";"47,3792841";"0,7223206"
"202000006932";"2";"3";"2020";"08:33";"2";"37";"37195";"2";"1";"2";"6";"BOURGEOIS (RUE LEON)";"47,3859791";"0,6536175"
"202000006933";"26";"2";"2020";"16:40";"1";"37";"37214";"2";"1";"1";"3";"DE GAULLE (BD CHARLES)";"47,4131808";"0,6719974"
"202000006934";"25";"2";"2020";"16:20";"1";"37";"37261";"2";"1";"1";"3";"ROYER (BD JEAN)";"47,3816138";"0,6821822"
"202000006935";"3";"3";"2020";"18:40";"2";"35";"35238";"1";"1";"1";"4";"RN136";"48,0861000";" -1,6379500"
"202000006936";"3";"2";"2020";"17:40";"1";"35";"35238";"2";"1";"1";"2";"BREST (DE)";"48,1138400";" -1,6982400"
"202000006937";"3";"3";"2020";"10:35";"1";"35";"35281";"1";"1";"1";"7";"PORTE DE ST NAZAIRE";"48,0927201";" -1,7082748"