"Num_Acc";"jour";"mois";"an";"hrmn";"lum";"dep";"com";"agg";"int";"atm";"col";"adr";"lat";"long"
"202000006938";"29";"2";"2020";"15:10";"1";"35";"35238";"1";"1";"2";"7";"PORTE ALMA";"48,0816100";" -1,6765200"
"202000006939";"2";"3";"2020";"19:15";"5";"35";"35238";"2";"1";"1";"6";"SAINT-JEAN BAPTISTE DE LA SALLE";"48,1153554";" -1,7028913"
"202000006940";"3";"3";"2020";"09:50";"1";"34";"34172";"2";"1";"1";"4";"MENDES FRANCE (AVENUE PRESIDENT PIERRE";"43,6076700";"3,9240900"
"202000006941";"3";"3";"2020";"08:30";"1";"34";"34172";"2";"1";"1";"3";"FLAHAULT (AVENUE CHARLES";"43,6231000";"3,8632600"
"202000006942";"2";"3";"2020";"21:45";"5";"34";"34172";"2";"9";"1";"3";"MAILLOL (RUE ARISTIDE)";"43,6183287";"3,8594023"
"202000006943";"2";"3";"2020";"08:00";"1";"34";"34172";"2";"1";"8";"6";"BITERROIS (AVENUE DU)";"43,6325204";"3,8215063"
"202000006944";"1";"3";"2020";"00:30";"4";"34";"34336";"1";"9";"1";"6";"MERIDIENNE (ROND POINT DE LA)";"43,3363000";"3,2811100"
"202000006945";"4";"3";"2020";"00:35";"5";"33";"33063";"2";"2";"8";"6";"Cours d'Albret / Rue Henri IV";"44,8330500";" -0,5798800"
"202000006946";"2";"3";"2020";"17:05";"1";"33";"33075";"2";"3";"2";"3";"RUE DES ECOLES / AVE RAYMOND MANAUD";"44,8808148";" -0,5847299"
"202000006947";"2";"3";"2020";"15:50";"1";"33";"33318";"2";"1";"3";"3";"Avenue Jean Bart";"44,7867500";" -0,6680900"
"202000006948";"2";"3";"2020";"07:40";"2";"33";"33529";"2";"1";"3";"4";"ARCACHON (BD D')";"44,6342300";" -1,1691600"
"202000006949";"3";"3";"2020";"11:20";"1";"31";"31149";"2";"1";"2";"6";"VOIE LATERALE SUD (VOIE)";"43,6058500";"1,3358820"
"202000006950";"2";"3";"2020";"16:10";"1";"31";"31555";"2";"1";"1";"3";"AV JEAN RIEUX";"43,5962600";"1,4622400"
"202000006951";"2";"3";"2020";"11:45";"1";"31";"31555";"2";"1";"2";"3";"ALL DES DEMOISELLES";"43,5892400";"1,4564600"
"202000006952";"1";"3";"2020";"21:00";"5";"31";"31555";"2";"6";"1";"3";"AV DE FONDEYRE";"43,6424900";"1,4282200"
"202000006953";"29";"2";"2020";"10:00";"1";"31";"31555";"2";"1";"1";"3";"109 Rue du Faubourg Bonnefoy";"43,6202000";"1,4573300"
"202000006954";"29";"2";"2020";"23:25";"5";"31";"31555";"2";"1";"1";"3";"AV DE FRONTON";"43,6637200";"1,4308100"
"202000006955";"28";"2";"2020";"17:10";"1";"31";"31555";"2";"1";"1";"6";"88 Chemin du Séminaire";"43,6418300";"1,4334100"
"202000006956";"28";"2";"2020";"12:00";"1";"31";"31149";"2";"1";"2";"1";"SAINT GRANIER (AVENUE DE)";"43,5970500";"1,3641000"
"202000006957";"28";"2";"2020";"09:15";"1";"31";"31555";"2";"1";"1";"1";"56 Rue Antonio Vivaldi";"43,6041453";"1,4123936"
"202000006958";"1";"3";"2020";"13:30";"1";"30";"30189";"2";"1";"1";"1";"DAYAN GEORGES (AVENUE)";"43,8148200";"4,3298600"
"202000006959";"3";"3";"2020";"15:28";"1";"29";"29039";"1";"1";"1";"2";"N165 - Pr34+100";"47,9277745";" -3,8994628"
"202000006960";"3";"3";"2020";"21:46";"5";"29";"29019";"2";"3";"1";"6";"Rue de Portzmoguer";"48,3937202";" -4,4959081"
"202000006961";"3";"3";"2020";"17:00";"1";"29";"29019";"2";"6";"1";"3";"Rond Point du Tromeur";"48,4335359";" -4,4994485"
"202000006962";"2";"3";"2020";"12:47";"1";"29";"29019";"2";"1";"2";"2";"Avenue de la Libération";"48,3963248";" -4,5158785"
"202000006963";"29";"2";"2020";"00:45";"5";"29";"29019";"2";"1";"6";"2";"Boulevard Gambetta";"48,3899500";" -4,4710100"
"202000006964";"25";"2";"2020";"07:53";"1";"29";"29019";"2";"1";"1";"2";"Rue Lamotte - Picquet";"48,3972211";" -4,4896522"
"202000006965";"23";"2";"2020";"06:20";"5";"29";"29019";"2";"6";"1";"6";"D788 - Rue De Gouesnou";"48,4026620";" -4,4668710"
"202000006966";"3";"3";"2020";"15:45";"1";"27";"27681";"2";"2";"1";"6";"SAINT JACQUES (RUE)";"49,0924600";"1,4863900"
"202000006967";"1";"3";"2020";"17:11";"1";"26";"26252";"2";"1";"1";"2";" AVENUE CHARLES";"44,8634700";"4,8732800"
"202000006968";"3";"3";"2020";"13:55";"1";"25";"25056";"2";"9";"1";"6";"BLUM BOULEVARD LEON (sup 90)";"47,2629000";"6,0493000"
"202000006969";"27";"2";"2020";"13:25";"1";"22";"22187";"2";"1";"1";"7";"LE BRAZ (ANATOLE)";"48,5311120";" -2,7319260"
"202000006970";"19";"2";"2020";"12:00";"1";"22";"22215";"2";"1";"1";"6";"rue de la fontaine morin";"48,4909820";" -2,7940100"
"202000006971";"26";"2";"2020";"13:30";"1";"22";"22278";"2";"1";"2";"6";"COMBAT-DES-TRENTE (DU)";"48,5107300";" -2,7588100"
"202000006972";"27";"2";"2020";"12:40";"1";"19";"19031";"2";"1";"3";"6";"DELESSERT (RUE BENJAMIN)";"45,1624912";"1,5381216"
"202000006973";"1";"3";"2020";"04:50";"5";"14";"14536";"2";"1";"1";"6";"SAINT CLAIR (RUE)";"49,4092200";"0,2529400"
"202000006974";"21";"2";"2020";"09:40";"1";"14";"14117";"1";"1";"1";"3";"RD 400 A";"49,2741059";" -0,1200314"
"202000006975";"3";"3";"2020";"20:35";"5";"13";"13205";"2";"2";"1";"3";"BRUYS (RUE DE)";"43,2969378";"5,3887439"
"202000006976";"3";"3";"2020";"19:30";"2";"13";"13206";"2";"2";"1";"3";"JULES CANTINI (AVENUE)";"43,2849700";"5,3853200"
"202000006977";"2";"3";"2020";"08:45";"1";"13";"13210";"2";"9";"2";"3";"PIERRE DOIZE  (RUE)";"43,2749100";"5,4264200"
"202000006978";"2";"3";"2020";"08:30";"1";"13";"13205";"2";"1";"2";"2";"CHAVE (BOULEVARD)";"43,2960649";"5,4057059"
"202000006979";"2";"3";"2020";"06:45";"2";"13";"13212";"2";"1";"3";"6";"SAINT JULIEN (AVENUE DE )";"43,3059464";"5,4191390"
"202000006980";"3";"3";"2020";"00:35";"3";"13";"13063";"1";"1";"1";"6";"RN 1569";"43,5881100";"4,9981400"
"202000006981";"2";"3";"2020";"17:00";"1";"13";"13001";"2";"1";"1";"3";"PUY SAINTE REPARADE (CH)";"43,5891750";"5,4322120"
"202000006982";"2";"3";"2020";"18:05";"5";"10";"10343";"2";"1";"3";"7";"PHILIPPATS (RUE)";"48,2707520";"4,0884640"
"202000006983";"1";"3";"2020";"06:15";"5";"09";"09225";"1";"1";"1";"2";"RIJOLE AVENUE DE LA";"43,1159230";"1,6216580"
"202000006984";"3";"3";"2020";"17:00";"1";"06";"06069";"2";"3";"1";"3";"LIBERATION (AVENUE DE LA)";"43,6439610";"6,9136990"
"202000006985";"1";"3";"2020";"15:45";"1";"06";"06027";"2";"9";"1";"3";"39 MIMOSAS AVENUE DES";"43,6604150";"7,1765590"
"202000006986";"3";"3";"2020";"15:30";"1";"06";"06004";"1";"1";"1";"3";"BORD DE MER RN.98 LA SIESTA";"43,6130160";"7,1274140"
"202000006987";"1";"3";"2020";"10:40";"1";"05";"05061";"1";"1";"1";"7";"LUYE ( ROUTE DE LA )";"44,5100300";"6,0688800"
"202000006988";"1";"1";"2020";"15:45";"1";"93";"93073";"2";"3";"2";"3";"BERRY (RUE DE)";"48,9399900";"2,5893300"
"202000006989";"3";"1";"2020";"19:35";"5";"94";"94018";"1";"1";"1";"4";"A4";"48,8173919";"2,4147525"
"202000006990";"1";"1";"2020";"16:50";"1";"94";"94017";"1";"1";"1";"2";"A4";"48,8267841";"2,5141683"
"202000006991";"29";"2";"2020";"17:46";"1";"988";"98818";"2";"1";"2";"6";"PROMENADE PIERRE VERNIER";" -22,3102400";"166,4532600"
"202000006992";"28";"2";"2020";"18:40";"2";"988";"98818";"2";"1";"1";"7";"LAROQUE (PROMENADE ROGER)";" -22,3031900";"166,4366400"
"202000006993";"28";"2";"2020";"16:05";"1";"988";"98818";"2";"1";"1";"6";"RUE EDOUARD UNGER";" -22,2633600";"166,4441800"
"202000006994";"28";"2";"2020";"16:15";"1";"988";"98818";"2";"2";"1";"3";"BOULEVARD EXTERIEUR/RUE LEON COURSIN";" -22,2760000";"166,4491500"
"202000006995";"28";"2";"2020";"07:50";"1";"988";"98818";"2";"1";"1";"2";"LAROQUE (PROMENADE ROGER)";" -22,3027600";"166,4432100"
"202000006996";"28";"2";"2020";"06:00";"1";"988";"98818";"2";"1";"1";"3";"COOK (AVENUE JAMES)";" -22,2671800";"166,4126200"
"202000006997";"26";"2";"2020";"07:10";"1";"988";"98818";"2";"3";"1";"3";"RUE JEAN OHLEN/RUE AUGUSTE BENEBIG";" -22,2677100";"166,4559100"
"202000006998";"25";"2";"2020";"14:00";"1";"988";"98818";"2";"1";"1";"2";"BAIE DES DAMES (ROUTE DE LA)";" -22,2499000";"166,4507000"
"202000006999";"24";"2";"2020";"16:30";"1";"988";"98818";"2";"3";"1";"6";"ROUTE DE L'ANSE VATA";" -22,2965800";"166,4451600"
"202000007000";"1";"3";"2020";"14:25";"1";"974";"97416";"1";"1";"3";"7";"RN3 (3)";" -21,3054500";"55,4989000"
"202000007001";"29";"2";"2020";"01:05";"5";"974";"97416";"2";"1";"1";"6";"HUBERT DE LISLE(BOULEVARD)";" -21,3435792";"55,4685629"
"202000007002";"28";"2";"2020";"22:49";"5";"974";"97416";"2";"1";"1";"7";"BOEUF(CHEMIN)";" -21,2888000";"55,4665000"
"202000007003";"29";"2";"2020";"07:30";"1";"974";"97411";"1";"1";"1";"2";"VINH-SAN (BLD 1 DU PRINCE)";" -20,8873856";"55,4413301"
"202000007004";"29";"2";"2020";"02:45";"5";"974";"97411";"2";"2";"1";"3";"VICTOIRE (AVENUE DE LA)";" -20,8766200";"55,4478200"
"202000007005";"26";"2";"2020";"15:46";"1";"974";"97411";"2";"1";"1";" -1";"LANCASTEL (BOULEVARD)";" -20,8821770";"55,4636920"
"202000007006";"26";"2";"2020";"07:45";"1";"974";"97411";"1";"1";"2";"3";"Route Nationale 2";" -20,8903200";"55,5010900"
"202000007007";"24";"2";"2020";"18:10";"1";"974";"97411";"2";"1";"1";"2";"AUBER (RUE JULES)";" -20,8858847";"55,4549584"
"202000007008";"27";"2";"2020";"06:43";"1";"974";"97408";"2";"1";"1";"3";"Rue Jacques Prévert";" -20,9573200";"55,3228300"
"202000007009";"28";"2";"2020";"20:45";"3";"973";"97302";"2";"1";"1";"6";"MADELEINE (ROUTE DE LA)";"4,9143042";" -52,3208964"
"202000007010";"25";"2";"2020";"11:46";"1";"973";"97302";"2";"1";"1";"3";"ROUTE NATIONALE 1";"4,9310556";" -52,3263157"
"202000007011";"1";"3";"2020";"13:10";"1";"69";"69387";"2";"4";"1";"3";"DOMER                               (R )";"45,7483817";"4,8549558"
"202000007012";"29";"2";"2020";"16:05";"1";"69";"69383";"2";"2";"2";"3";"ANDRE PHILIP                        (R )";"45,7545531";"4,8517443"
"202000007013";"29";"2";"2020";"08:30";"1";"69";"69259";"2";"2";"1";"6";"MARCEL HOUEL                        (AV)";"45,6968000";"4,8865000"
"202000007014";"27";"2";"2020";"15:45";"1";"69";"69383";"2";"2";"2";"6";"ROCKEFELLER                         (AV)";"45,7424000";"4,8805000"
"202000007015";"25";"2";"2020";"19:15";"5";"69";"69388";"2";"2";"1";"3";"JEAN XXIII                          (BD)";"45,7422000";"4,8776000"
"202000007016";"25";"2";"2020";"10:20";"1";"69";"69387";"2";"2";"2";"6";"DEBOURG                             (AV)";"45,7312400";"4,8337300"
"202000007017";"29";"2";"2020";"23:10";"5";"972";"97209";"2";"1";"2";"7";"BEAUSEJOUR JAMBETTE (ROUTE DE )";"14,6388250";" -61,0409150"
"202000007018";"25";"2";"2020";"21:45";"5";"972";"97209";"2";"2";"1";"3";"ISAMBERT (RUE)";"14,6050150";" -61,0710290"
"202000007019";"24";"2";"2020";"21:40";"5";"972";"97209";"2";"1";"1";"1";"BISHOP (Avenue Maurice)";"14,6030000";" -61,0614900"
"202000007020";"24";"2";"2020";"23:00";"4";"972";"97209";"2";"1";"1";"7";"FOLIE (ROUTE DE LA)";"14,6106200";" -61,0634600"
"202000007021";"23";"2";"2020";"22:50";"5";"972";"97209";"2";"1";"1";"7";"RELIGIEUSES (ROUTE DES)";"14,6102400";" -61,0602300"
"202000007022";"25";"2";"2020";"20:45";"5";"69";"69382";"2";"2";"1";"6";"BAYARD                              (CO)";"45,7445900";"4,8195200"
"202000007023";"28";"2";"2020";"18:50";"3";"69";"69382";"2";"1";"1";"7";"DOCTEUR GAILLETON (DU)              (QU)";"45,7558000";"4,8358000"
"202000007024";"27";"2";"2020";"19:45";"5";"69";"69149";"2";"4";"2";"3";"EMILE ZOLA                          (BD)";"45,7179400";"4,8085600"
"202000007025";"28";"2";"2020";"07:00";"2";"69";"69389";"2";"1";"1";"3";"JAYR                                (QU)";"45,7773100";"4,8076700"
"202000007026";"27";"2";"2020";"20:10";"5";"69";"69202";"2";"1";"1";"1";"LIMBURG (DE)                        (AV)";"45,7336300";"4,7796500"
"202000007027";"27";"2";"2020";"18:45";"5";"69";"69034";"2";"1";"1";"6";"PIERRE BRUNIER                      (R )";"45,7877052";"4,8302136"
"202000007028";"24";"2";"2020";"09:20";"1";"69";"69385";"2";"1";"1";"6";"JOLIOT CURIE                        (R )";"45,7562000";"4,7959000"
"202000007029";"28";"2";"2020";"12:10";"1";"2B";"2B033";"1";"1";"1";"3";"SAMPIERO CORSO - AV";"42,6641000";"9,4424900"
"202000007030";"28";"2";"2020";"14:20";"1";"971";"97113";"1";"1";"1";"1";"BAS DU FORT";"16,2171200";" -61,5167000"
"202000007031";"24";"2";"2020";"14:20";"1";"971";"97113";"1";"1";"7";"6";"BAS DU FORT";"16,2181800";" -61,5161900"
"202000007032";"28";"2";"2020";"06:30";"2";"971";"97107";"2";"9";"1";"6";"BOUGAINVILLIERS ( ALLEE DES )";"16,0462780";" -61,5665200"
"202000007033";"14";"2";"2020";"15:20";"1";"95";"95427";"2";"1";"1";"3";"EPINAY (RUE D')";"48,9647200";"2,3365600"
"202000007034";"25";"2";"2020";"18:46";"5";"95";"95210";"2";"1";"2";"3";"LECLERC (AVENUE DE LA DIVISION)";"48,9780500";"2,3060000"
"202000007035";"26";"2";"2020";"17:20";"1";"95";"95427";"2";"9";"2";" -1";"SAINT LEU (ROUTE DE)";"48,9558000";"2,3329400"
"202000007036";"25";"2";"2020";"19:07";"5";"91";"91216";"2";"1";"1";"6";"SILLERY (RUE)";"48,6762210";"2,3248920"
"202000007037";"26";"2";"2020";"16:48";"1";"91";"91570";"2";"1";"2";"6";"SAINT SAENS (RUE)";"48,6343790";"2,3221920"
"202000007038";"29";"2";"2020";"12:45";"1";"91";"91064";"1";"9";"8";"6";"PARIS (RUE DE)";"48,7730600";"2,2289700"
"202000007039";"28";"2";"2020";"08:30";"1";"91";"91345";"2";"1";"1";"6";"ROUX DR (RUE DU)";"48,6899720";"2,2972330"
"202000007040";"27";"2";"2020";"23:35";"5";"91";"91433";"1";"1";"1";"7";"R.N. 20";"48,4519300";"2,1740000"
"202000007041";"28";"2";"2020";"09:20";"1";"91";"91174";"2";"1";"8";"6";"JEAN JAURES (BOULEVARD)";"48,6073900";"2,4650300"
"202000007042";"27";"2";"2020";"12:55";"1";"91";"91174";"2";"2";"2";"3";"BOURGOIN(QUAI)";"48,6130700";"2,4834700"
"202000007043";"27";"2";"2020";"15:30";"1";"91";"91457";"2";"1";"6";"2";"LEUDEVILLE OU DE BEAULIEU (CHEMIN DE)";"48,5830570";"2,2660520"
"202000007044";"27";"2";"2020";"14:00";"1";"91";"91339";"2";"1";"6";"6";"RN 20";"48,6217150";"2,2596790"
"202000007045";"27";"2";"2020";"08:10";"1";"91";"91103";"2";"9";"3";"3";"VIEUX PAVE (CHEMIN DU)";"48,6225730";"2,3140290"
"202000007046";"24";"2";"2020";"12:10";"1";"91";"91103";"2";"3";"1";"2";"DUCROS ERNEST (RUE)";"48,6150360";"2,3043770"
"202000007047";"24";"2";"2020";"11:40";"1";"91";"91021";"2";"3";"1";"3";"VERDUN (AVENUE DE)";"48,5841500";"2,2443500"
"202000007048";"24";"2";"2020";"22:40";"3";"89";"89024";"1";"1";"1";"6";"R.N.6";"47,8180021";"3,5638013"
"202000007049";"25";"2";"2020";"11:11";"1";"87";"87085";"2";"2";"1";"6";"CHURCHILL WINSTON (PLACE)";"45,8316100";"1,2535000"
"202000007050";"22";"2";"2020";"16:35";"1";"87";"87065";"1";"2";"1";"2";"BOISSEUIL (RUE DE)";"45,7844200";"1,3115200"
"202000007051";"24";"1";"2020";"19:30";"3";"86";"86194";"2";"1";"1";"6";"Avenue Jacques Coeur";"46,5685126";"0,3739268"
"202000007052";"12";"2";"2020";"12:45";"1";"84";"84007";"2";"1";"1";"1";"CROIX ROUGE( Avenue de la )";"43,9268066";"4,8362288"
"202000007053";"1";"3";"2020";"21:35";"5";"83";"83137";"2";"1";"1";"7";"Lieutenant d'ESTIENNE D'ORVES (AVE)";"43,1266300";"5,9125100"
"202000007054";"29";"2";"2020";"19:15";"5";"83";"83137";"2";"1";"8";"6";"JOFFRE (BD MARECHAL)";"43,1238350";"5,9525320"
"202000007055";"1";"3";"2020";"16:00";"1";"83";"83069";"2";"1";"1";"3";"Route de l’Almanarre";"43,0907780";"6,1293460"
"202000007056";"29";"2";"2020";"09:35";"1";"83";"83069";"2";"2";"1";"3";"GODILLOT  ( AVENUE ALEXIS )";"43,1113201";"6,1240100"
"202000007057";"27";"2";"2020";"14:15";"1";"83";"83069";"1";"9";"2";"6";"FRONT DE MER (BOULEVARD)";"43,1074000";"6,1780000"
"202000007058";"27";"2";"2020";"16:53";"1";"82";"82121";"2";"1";"2";"3";"TOULOUSE (AVENUE DE)";"44,0032970";"1,3409150"
"202000007059";"25";"2";"2020";"20:00";"5";"80";"80021";"2";"3";"1";"3";"ITALIE (AVENUE D')";"49,8715300";"2,2844700"
"202000007060";"26";"2";"2020";"08:52";"1";"80";"80021";"2";"1";"1";"3";"JULES BARNI (RUE)";"49,8892500";"2,3103000"
"202000007061";"29";"2";"2020";"19:10";"5";"78";"78158";"2";"1";"8";"6";"DUTARTRE (AVENUE)";"48,8218040";"2,1165990"
"202000007062";"25";"2";"2020";"08:40";"2";"78";"78586";"1";"1";"2";"5";"RD 1021";"48,9316560";"2,1692460"
"202000007063";"25";"2";"2020";"18:55";"5";"78";"78299";"2";"2";"3";"2";"MICHELET (BOULEVARD)";"49,0049700";"1,9010500"
"202000007064";"28";"2";"2020";"14:20";"1";"78";"78123";"1";"1";"1";"3";"EUROPE (RN 190) AVENUE DE L'";"48,9513490";"2,0230630"
"202000007065";"11";"2";"2020";"11:10";"1";"77";"77368";"2";"2";"1";"6";"POIGNY (AVENUE DE) D1f";"48,5459630";"3,2870932"
"202000007066";"26";"2";"2020";"14:20";"1";"77";"77312";"2";"1";"1";"6";"D 148";"48,3439400";"2,7726500"
"202000007067";"20";"2";"2020";"21:05";"3";"77";"77053";"2";"6";"2";"5";"D. 50";"48,6912406";"2,6072020"
"202000007068";"1";"3";"2020";"16:15";"1";"77";"77369";"1";"1";"8";"1";"DAMPLEGER (RUE DE)";"48,9757700";"2,9209000"
"202000007069";"28";"2";"2020";"14:45";"1";"77";"77243";"2";"3";"1";"3";"RAYMOND POINCARE  (AVENUE)";"48,8764300";"2,7214220"
"202000007070";"25";"2";"2020";"17:30";"1";"77";"77058";"2";"1";"9";"6";"CLOS SAINT GEORGES  (AVENUE DU) - D5";"48,8449800";"2,7276600"
"202000007071";"24";"2";"2020";"18:20";"2";"76";"76540";"2";"1";"1";"3";"REPUBLIQUE. RUE DE LA";"49,4380300";"1,0964300"
"202000007072";"25";"2";"2020";"14:00";"1";"76";"76351";"2";"9";"1";"1";"RAOUL MAIL (AVENUE)";"49,5157300";"0,1470500"
"202000007073";"27";"2";"2020";"16:05";"1";"73";"73065";"2";"2";"2";"3";"CHEVALIERS TIREURS (AVENUE DES)";"45,5759100";"5,9069200"
"202000007074";"25";"2";"2020";"20:17";"5";"72";"72181";"2";"4";"2";"6";"SAINT VINCENT (PL) N° 8 A 11";"48,0177000";"0,1993000"
"202000007075";"26";"2";"2020";"17:20";"1";"71";"71270";"2";"1";"1";"6";"Boulevard de la Liberté";"46,3025098";"4,8198784"
"202000007076";"28";"2";"2020";"07:05";"2";"71";"71153";"2";"1";"8";"6";"Rue des Lamineurs";"46,8034215";"4,4395964"
"202000007077";"24";"2";"2020";"17:20";"1";"71";"71153";"2";"9";"1";"3";"Rue Albert Camus";"46,8030922";"4,4540092"
"202000007078";"1";"3";"2020";"08:00";"1";"69";"69266";"2";"1";"7";"6";"EMILE ZOLA     (Cours)";"45,7661900";"4,8975400"
"202000007079";"29";"2";"2020";"13:40";"1";"69";"69266";"2";"8";"8";"3";"ANDRE PHILIP      (Cours)";"45,7726000";"4,8632000"
"202000007080";"27";"2";"2020";"11:30";"1";"69";"69013";"1";"1";"1";"2";"RN6 (CHARTONNIERE)";"46,0181000";"4,7205800"
"202000007081";"17";"2";"2020";"11:40";"1";"69";"69264";"2";"7";"2";"3";"LOUISE MICHEL (PL)";"45,9961000";"4,7298000"
"202000007082";"24";"2";"2020";"10:10";"1";"69";"69115";"1";"1";"1";"4";"ANSE (route d')";"45,9732800";"4,7170800"
"202000007083";"27";"2";"2020";"16:15";"1";"67";"67482";"2";"3";"2";"3";"NEUHOF (ROUTE)";"48,5548500";"7,7664600"
"202000007084";"26";"2";"2020";"12:40";"1";"67";"67482";"1";"8";"1";"3";"SPESBOURG (RUE DU)";"48,5775746";"7,7336131"
"202000007085";"26";"2";"2020";"12:30";"1";"67";"67447";"2";"1";"2";"3";"EUROPE (AVENUE DE L )";"48,6111423";"7,7129450"
"202000007086";"24";"2";"2020";"20:30";"5";"67";"67218";"2";"2";"1";"6";"STRASBOURG (AVENUE DE)";"48,5463711";"7,7391922"
"202000007087";"22";"2";"2020";"13:45";"1";"67";"67218";"2";"1";"1";"6";"ANDRE MALRAUX (AVENUE)";"48,5255630";"7,7212010"
"202000007088";"25";"2";"2020";"23:25";"3";"67";"67462";"1";"1";"2";"1";"RD 424";"48,2429320";"7,4693690"
"202000007089";"27";"2";"2020";"18:20";"1";"66";"66136";"2";"1";"1";"6";"AERODROME AVENUE DE L'(CD117)";"42,7215400";"2,8855000"
"202000007090";"27";"2";"2020";"11:18";"1";"66";"66136";"1";"6";"1";"3";"R D 900";"42,6785220";"2,8807530"
"202000007091";"26";"2";"2020";"15:30";"1";"66";"66136";"2";"1";"1";"1";"AGASSE PASCAL MARIE";"42,6959200";"2,8769100"
"202000007092";"25";"2";"2020";"10:40";"1";"66";"66136";"2";"1";"1";"3";"JULIEN PANCHOT (AVENUE)";"42,6870700";"2,8702600"
"202000007093";"24";"2";"2020";"20:00";"5";"66";"66172";"1";"1";"1";"2";"R D 900";"42,7006400";"2,8652600"
"202000007094";"24";"2";"2020";"18:30";"1";"66";"66136";"2";"1";"1";"2";"FOCH (MARECHAL)";"42,6960400";"2,8906600"
"202000007095";"24";"2";"2020";"19:48";"5";"66";"66136";"2";"3";"1";" -1";"GIONO (AVENUE JEAN)";"42,6881400";"2,9108600"
"202000007096";"28";"2";"2020";"19:00";"5";"65";"65440";"2";"3";"1";"3";"SAINT-EXUPERY (AVENUE ANTOINE DE)";"43,2442780";"0,0704160"
"202000007097";"28";"2";"2020";"14:20";"1";"64";"64335";"1";"6";"1";"3";"D817";"43,3447500";" -0,4307200"
"202000007098";"28";"2";"2020";"11:40";"1";"64";"64129";"2";"1";"1";"4";"BAYONNE DE";"43,3045000";" -0,4006000"
"202000007099";"26";"2";"2020";"17:15";"1";"64";"64445";"2";"3";"2";"3";"LOUP DU";"43,3065000";" -0,3566100"
"202000007100";"25";"2";"2020";"15:40";"1";"64";"64445";"2";"1";"2";"6";"JEAN BIRAY";"43,2932916";" -0,3754617"
"202000007101";"25";"2";"2020";"13:00";"1";"64";"64445";"2";"1";"1";"2";"QUATORZE JUILLET DU";"43,2873700";" -0,3806000"
"202000007102";"28";"2";"2020";"14:05";"1";"64";"64102";"2";"1";"1";"2";"LOUIS DE FOIX (AVENUE)";"43,5062300";" -1,4672300"
"202000007103";"27";"2";"2020";"17:45";"1";"64";"64024";"2";"3";"2";"3";"DOUS BOS (RUE DE)";"43,4893400";" -1,5005300"
"202000007104";"27";"2";"2020";"12:35";"1";"64";"64102";"2";"1";"2";"3";"BEYRIS (GIRATOIRE)";"43,4780700";" -1,4920800"
"202000007105";"22";"2";"2020";"19:55";"5";"64";"64024";"2";"3";"1";"3";"PHENIX (RUE DU)";"43,4970500";" -1,5067300"
"202000007106";"29";"1";"2020";"07:30";"4";"62";"62637";"2";"1";"1";"1";"DARCHICOURT (AV FERNAND)";"50,4675718";"2,9794906"
"202000007107";"24";"2";"2020";"13:45";"1";"62";"62400";"2";"1";"8";"1";"LIBERATION ( DE LA )";"50,4811000";"2,5751900"
"202000007108";"28";"2";"2020";"00:35";"5";"62";"62004";"2";"1";"9";"3";"TRIANGLE ( DU )";"50,2756300";"2,7693000"
"202000007109";"1";"3";"2020";"00:00";"5";"60";"60325";"1";"1";"1";"1";"DE DIANVAL (RUE)";"49,4021500";"2,7771000"
"202000007110";"19";"2";"2020";"18:50";"5";"59";"59616";"2";"1";"3";"6";"RENE BETH (RUE)";"50,4754478";"3,5742527"
"202000007111";"28";"2";"2020";"13:55";"1";"59";"59350";"2";"3";"2";"6";"LIBERTE BVD N°2 - 90-51 - 145";"50,6336800";"3,0584300"
"202000007112";"27";"2";"2020";"19:30";"5";"59";"59350";"2";"5";"1";"3";"HUGO VICTOR  BVD N°104 - 294";"50,6204600";"3,0562700"
"202000007113";"28";"2";"2020";"02:55";"5";"59";"59183";"2";"1";"1";"6";"REPUBLIQUE - F MITTERAND - BOULEVARD";"51,0466183";"2,4109250"
"202000007114";"16";"2";"2020";"14:20";"1";"59";"59183";"2";"2";"2";"3";"VILLETTE - AVENUE";"51,0267900";"2,3598100"
"202000007115";"28";"2";"2020";"01:05";"5";"57";"57751";"1";"1";"1";"7";"THIONVILLE (ROUTE)";"49,1676900";"6,1629700"
"202000007116";"22";"2";"2020";"17:56";"1";"57";"57019";"1";"1";"1";"1";"CHATEAU DE MERTEN (RUE)";"49,2493800";"6,1234700"
"202000007117";"23";"2";"2020";"20:10";"5";"57";"57019";"2";"1";"2";"6";"ROMBAS (RUE DE)";"49,2545600";"6,1408900"
"202000007118";"29";"2";"2020";"22:20";"5";"56";"56260";"2";"1";"2";"6";"STRASBOURG(RUE DE)";"47,6660300";" -2,7532000"
"202000007119";"29";"2";"2020";"10:15";"1";"56";"56083";"1";"1";"1";"6";"RN 165";"47,7881100";" -3,2787600"
"202000007120";"1";"3";"2020";"09:40";"1";"54";"54339";"2";"4";"1";"1";"LION D'OR (RUE DU)";"48,7090000";"6,1811000"
"202000007121";"17";"9";"2020";"18:55";"1";"92";"92036";"1";"1";"1";"3";"AUTOROUTE A86";"48,9389200";"2,3079000"
"202000007122";"17";"9";"2020";"10:10";"1";"93";"93008";"1";"1";"1";"4";"AUTOROUTE A86";"48,9090000";"2,4482600"
"202000007123";"17";"9";"2020";"09:00";"1";"95";"95351";"1";"1";"1";"4";"RN 104";"49,0384700";"2,4843000"
"202000007124";"16";"9";"2020";"19:30";"1";"93";"93066";"1";"1";"1";"3";"AUTOROUTE A1";"48,9112100";"2,3579100"
"202000007125";"16";"9";"2020";"16:50";"1";"95";"95154";"1";"1";"1";"6";" A1";"49,0345300";"2,5407100"