"Num_Acc";"jour";"mois";"an";"hrmn";"lum";"dep";"com";"agg";"int";"atm";"col";"adr";"lat";"long"
"202000007126";"16";"9";"2020";"13:45";"1";"93";"93010";"1";"1";"1";"2";"AUTOROUTE A3";"48,8889500";"2,4737800"
"202000007127";"17";"9";"2020";"20:15";"3";"77";"77410";"1";"1";"1";"2";"A5b";"48,5876879";"2,7053251"
"202000007128";"17";"9";"2020";"13:50";"1";"94";"94065";"1";"1";"1";"5";"A86 EXT";"48,7559000";"2,3379000"
"202000007129";"17";"9";"2020";"13:30";"1";"94";"94033";"1";"1";"1";"2";"A86.EXT";"48,8605912";"2,4849125"
"202000007130";"12";"9";"2020";"10:00";"1";"77";"77249";"1";"1";"1";"2";"RN104";"48,7458100";"2,6137100"
"202000007131";"17";"9";"2020";"09:00";"1";"94";"94074";"1";"1";"1";"2";"RN406.W";"48,7687100";"2,4505600"
"202000007132";"17";"9";"2020";"08:00";"1";"94";"94018";"1";"1";"1";"2";"A4";"48,8190900";"2,4071800"
"202000007133";"16";"9";"2020";"15:00";"1";"94";"94017";"1";"1";"1";"3";"A4";"48,8283362";"2,5023593"
"202000007134";"27";"2";"2020";"15:00";"1";"78";"78165";"2";"1";"1";"3";"BOIS (AVENUE DU)";"48,8233400";"1,9917600"
"202000007135";"16";"9";"2020";"05:50";"2";"976";"97611";"2";"1";"1";"3";"mamoudzou centre-Jardin du collège(rue d";" -12,7783300";"45,2244800"
"202000007136";"16";"9";"2020";"13:55";"1";"974";"97411";"1";"1";"1";"6";"Rue Lory les Hauts";" -20,8971810";"55,4806850"
"202000007137";"16";"9";"2020";"16:00";"1";"973";"97302";"1";"1";"3";"3";"ROUTE NATIONALE 1";"4,9113433";" -52,3264647"
"202000007138";"16";"9";"2020";"20:30";"2";"69";"69386";"2";"2";"1";"3";"CUVIER                              (R )";"45,7670685";"4,8476478"
"202000007139";"15";"9";"2020";"09:00";"1";"971";"97101";"1";"1";"1";"1";"PETIT PEROU";"16,2572696";" -61,5120398"
"202000007140";"14";"9";"2020";"11:35";"1";"971";"97101";"2";"1";"1";"7";"DOTHEMARE";"16,2737584";" -61,5109706"
"202000007141";"14";"9";"2020";"08:20";"1";"95";"95598";"2";"1";"1";"3";"CEINTURE (AVENUE DE)";"48,9751327";"2,2982669"
"202000007142";"15";"9";"2020";"09:10";"1";"91";"91312";"2";"9";"1";"3";"VAUHALLAN (ROUTE)";"48,7375760";"2,2256270"
"202000007143";"16";"9";"2020";"20:05";"5";"91";"91657";"2";"3";"1";"5";"HENRI CHARON (AVENUE)";"48,7047740";"2,4271530"
"202000007144";"15";"9";"2020";"22:05";"5";"83";"83062";"2";"4";"1";"3";"PREMIER (BAT.INF.DU PACIF.)";"43,1374000";"6,0257000"
"202000007145";"16";"9";"2020";"07:15";"2";"78";"78551";"1";"1";"1";"7";"RN 184";"48,9644900";"2,0912000"
"202000007146";"16";"9";"2020";"08:00";"1";"77";"77479";"2";"6";"1";"3";"MARNE (BOULEVARD DE LA)";"48,8659160";"2,6425690"
"202000007147";"15";"9";"2020";"18:01";"1";"76";"76498";"1";"1";"1";"3";"SUD III (RN 338)";"49,4308000";"1,0577700"
"202000007148";"15";"9";"2020";"07:29";"2";"76";"76366";"2";"1";"1";"3";"RN 27 (RUE DU GENERAL DE GAULLE)";"49,5002300";"1,0459300"
"202000007149";"15";"9";"2020";"17:55";"1";"76";"76351";"2";"2";"1";"3";"DEMIDOFF (RUE)";"49,4976000";"0,1361000"
"202000007150";"15";"9";"2020";"23:00";"5";"76";"76447";"1";"1";"1";"6";"JEAN JAURES";"49,5472900";"0,2075000"
"202000007151";"16";"9";"2020";"17:08";"1";"74";"74012";"2";"1";"1";"2";"ETREMBIERES (ROUTE D')";"46,1879600";"6,2324400"
"202000007152";"16";"9";"2020";"19:10";"1";"71";"71475";"2";"6";"1";"3";"LYON (ROUTE DE )";"46,7649847";"4,8424172"
"202000007153";"16";"9";"2020";"16:30";"1";"69";"69264";"2";"3";"1";"3";"NATIONALE  R";"45,9885446";"4,7184873"
"202000007154";"15";"9";"2020";"16:10";"1";"67";"67447";"2";"3";"1";"3";"SELESTAT (RUE DE)";"48,6102200";"7,7396600"
"202000007155";"15";"9";"2020";"17:11";"1";"66";"66136";"1";"9";"1";"6";"PENETRANTE NORD";"42,7255900";"2,8779400"
"202000007156";"16";"9";"2020";"11:55";"1";"66";"66136";"1";"1";"1";"2";"Départementale 914";"42,6655200";"2,9187800"
"202000007157";"14";"9";"2020";"09:50";"1";"64";"64122";"2";"1";"1";"6";"LARREPUNTE (RUE)";"43,4717920";" -1,5572560"
"202000007158";"15";"9";"2020";"16:30";"1";"64";"64024";"2";"3";"1";"3";"MAIGNON (ROUTE DE)";"43,4806759";" -1,5089947"
"202000007159";"14";"9";"2020";"15:55";"1";"64";"64102";"2";"1";"1";"3";"ALBERT THOMAS (RUE)";"43,4954200";" -1,4605000"
"202000007160";"16";"9";"2020";"18:35";"1";"62";"62774";"2";"3";"7";"3";"CD 940";"50,9496564";"1,7662641"
"202000007161";"11";"9";"2020";"11:55";"1";"59";"59122";"2";"9";"1";"6";"LIBERTE (BOULEVARD DE LA)";"50,1718190";"3,2277320"
"202000007162";"8";"9";"2020";"11:00";"1";"57";"57240";"2";"3";"1";"3";"ROSSELLE (RUE DE LA)";"49,1431000";"6,8141300"
"202000007163";"16";"9";"2020";"14:45";"1";"51";"51454";"2";"1";"1";"2";"Boulevard Pommery";"49,2473889";"4,0512357"
"202000007164";"15";"9";"2020";"21:20";"5";"51";"51454";"2";"2";"1";"3";"Avenue Jean Jaurès";"49,2616445";"4,0510181"
"202000007165";"16";"9";"2020";"15:20";"1";"45";"45285";"2";"2";"1";" -1";"Rue Gambetta-rue Paul Doumer";"47,9076357";"1,8795415"
"202000007166";"16";"9";"2020";"16:20";"1";"42";"42044";"2";"2";"1";"3";"Rue de l'Ondaine";"45,3967900";"4,2964600"
"202000007167";"16";"9";"2020";"14:40";"1";"38";"38185";"2";"2";"1";"2";"Rue du 19 Mars 1962";"45,1893400";"5,7421500"
"202000007168";"16";"9";"2020";"14:10";"1";"38";"38185";"2";"2";"1";"1";"Cours de la Libération";"45,1744400";"5,7143200"
"202000007169";"14";"9";"2020";"16:30";"1";"37";"37261";"2";"6";"1";"2";"ALOUETTE (AVENUE)";"47,3638523";"0,6995000"
"202000007170";"16";"9";"2020";"20:00";"2";"35";"35238";"2";"9";"1";"3";"Boulevard d’Armorique";"48,1296432";" -1,6792866"
"202000007171";"16";"9";"2020";"17:20";"1";"35";"35281";"2";"1";"1";"6";"PILATE (RUE DE LA)";"48,0937602";" -1,6933030"
"202000007172";"16";"9";"2020";"14:40";"1";"35";"35238";"2";"1";"1";"6";"LIBERTE (BD DE LA)";"48,1069000";" -1,6811500"
"202000007173";"27";"9";"2020";"15:10";"1";"33";"33063";"2";"3";"1";"3";"BD JOLIOT-CURIE";"44,8375300";" -0,5487000"
"202000007174";"16";"9";"2020";"11:00";"1";"33";"33063";"2";"2";"1";"3";"RUE DES VIVANTS / RUE ANDRE LAMANDE / RUE DE LAUZAC";"44,8528000";" -0,5422000"
"202000007175";"16";"9";"2020";"03:30";"5";"33";"33069";"2";"2";"1";"3";"AVE D'EYSINES / RUE RENAULT";"44,8581600";" -0,6052000"
"202000007176";"16";"9";"2020";"18:50";"2";"33";"33009";"2";"6";"1";"3";"PLAGE (BD DE LA) DU 02 AU 194";"44,6626600";" -1,1642100"
"202000007177";"16";"9";"2020";"06:40";"5";"31";"31149";"2";"6";"1";"3";"RD POINT GASCOGNE";"43,6085800";"1,3267900"
"202000007178";"15";"9";"2020";"17:40";"1";"31";"31555";"2";"1";"7";"3";"BD DES MINIMES";"43,6153900";"1,4441900"
"202000007179";"15";"9";"2020";"18:00";"1";"31";"31069";"2";"4";"1";"3";"GINESTET (RUE)";"43,6262600";"1,3915900"
"202000007180";"26";"8";"2020";"16:25";"1";"30";"30189";"1";"1";"1";"1";"Route Départementale 135";"43,7856000";"4,3584000"
"202000007181";"16";"9";"2020";"10:02";"1";"28";"28220";"2";"1";"1";"6";"GUTEMBERG (RUE)";"48,4275300";"1,4627500"
"202000007182";"16";"9";"2020";"07:45";"1";"27";"27701";"2";"3";"1";"1";"LACS (ROUTE DES) BLANCHE A GALION";"49,2753700";"1,2095800"
"202000007183";"16";"9";"2020";"20:45";"5";"27";"27229";"2";"6";"1";"1";"SAINT LEGER (RUE DU FAUBOURG)";"49,0345600";"1,1560800"
"202000007184";"13";"9";"2020";"19:30";"1";"25";"25056";"2";"1";"1";"2";"BATTANT";"47,2431270";"6,0214950"
"202000007185";"15";"9";"2020";"07:11";"1";"21";"21054";"1";"1";"1";"1";"BOISSEAUX (AVENUE ANDRE)";"47,0089100";"4,8203200"
"202000007186";"16";"9";"2020";"10:20";"1";"17";"17380";"1";"2";"1";"3";"PALMYRE (AVENUE DE LA)";"45,6571600";" -1,1207100"
"202000007187";"16";"9";"2020";"09:55";"1";"17";"17300";"2";"3";"1";"6";"SAUTEL  BOULEVARD ANDRE";"46,1691779";" -1,1290641"
"202000007188";"13";"9";"2020";"17:25";"1";"15";"15014";"2";"2";"1";"3";"N122 VERDUN (BOULEVARD DE)";"44,9128200";"2,4417200"
"202000007189";"16";"9";"2020";"21:54";"5";"13";"13204";"2";"1";"1";"1";"LIBERATION (BOULEVARD)";"43,3011500";"5,3916600"
"202000007190";"16";"9";"2020";"20:30";"5";"13";"13211";"2";"1";"1";"3";"DOCTEUR HECKEL (RUE DU)";"43,2893700";"5,4416300"
"202000007191";"16";"9";"2020";"17:30";"1";"13";"13210";"2";"1";"1";"3";"ANDRÉ AUDOLI  (RUE)";"43,2705931";"5,4322087"
"202000007192";"16";"9";"2020";"13:30";"1";"13";"13211";"2";"1";"1";"1";"RTE D' ALLAUCH";"43,3033384";"5,5008167"
"202000007193";"16";"9";"2020";"07:40";"1";"13";"13205";"2";"1";"1";"6";"CHAVE (BOULEVARD)";"43,2954400";"5,3966000"
"202000007194";"16";"9";"2020";"01:00";"5";"13";"13209";"2";"1";"1";"7";"TROLLAT (IMPASSE)";"43,2726000";"5,4146700"
"202000007195";"16";"9";"2020";"00:00";"5";"13";"13201";"2";"2";"1";"1";"NATIONAL   1 A 51 (BOULEVARD)";"43,3034000";"5,3860000"
"202000007196";"15";"9";"2020";"18:00";"1";"13";"13205";"2";"1";"1";"4";"BAILLE (BOULEVARD)";"43,2886238";"5,3938883"
"202000007197";"13";"9";"2020";"00:30";"5";"11";"11069";"2";"4";"1";"3";"RD 118";"43,1993090";"2,3272440"
"202000007198";"16";"9";"2020";"13:00";"1";"06";"06029";"2";"1";"1";"6";"ANTIBES (RUE D')";"43,5524100";"7,0235077"
"202000007199";"16";"9";"2020";"18:33";"1";"06";"06027";"2";"1";"1";"3";"TAMARIS CHEMIN DES";"43,6630840";"7,1457210"
"202000007200";"15";"9";"2020";"09:35";"1";"06";"06027";"2";"6";"1";"6";"ALPES AVENUE DES";"43,6629000";"7,1317000"
"202000007201";"16";"9";"2020";"08:20";"1";"03";"03321";"2";"1";"1";"2";"N/A";"46,5384819";"3,3662897"
"202000007202";"16";"9";"2020";"10:00";"1";"75";"75120";"2";"1";"1";"4";"PORTE DE BAGNOLET";"48,8617120";"2,4136970"
"202000007203";"16";"9";"2020";"01:00";"5";"75";"75117";"2";"1";"1";"3";"BOULEVARD PERIPHERIQUE";"48,8793790";"2,2813450"
"202000007204";"15";"9";"2020";"09:45";"1";"75";"75106";"2";"3";"1";"3";"RUE DU VIEUX COLOMBIER";"48,8513820";"2,3319200"
"202000007205";"16";"9";"2020";"14:15";"1";"75";"75120";"2";"3";"1";"6";"RUE DE BAGNOLET";"48,8637490";"2,4076960"
"202000007206";"16";"9";"2020";"02:15";"5";"75";"75120";"2";"2";"1";"6";"RUE REYNALDO HAHN";"48,8512810";"2,4119180"
"202000007207";"16";"9";"2020";"13:30";"1";"75";"75119";"2";"1";"1";"3";"AVENUE DE LA PORTE DES LILAS";"48,8774820";"2,4075760"
"202000007208";"16";"9";"2020";"10:35";"1";"75";"75119";"2";"3";"1";"6";"AVENUE JEAN JAURES";"48,8884760";"2,3919320"
"202000007209";"16";"9";"2020";"08:20";"1";"75";"75118";"2";"3";"1";"3";"RUE CHAMPIONNET";"48,8934990";"2,3294250"
"202000007210";"16";"9";"2020";"20:10";"5";"75";"75117";"2";"4";"1";"2";"AVENUE DES TERNES";"48,8804420";"2,2863720"
"202000007211";"16";"9";"2020";"19:05";"1";"75";"75117";"2";"4";"1";" -1";"AVENUE DE LA GRANDE ARMEE";"48,8752240";"2,2909130"
"202000007212";"16";"9";"2020";"12:00";"1";"75";"75117";"2";"2";"1";"3";"AVENUE DE WAGRAM";"48,8815600";"2,3007090"
"202000007213";"16";"9";"2020";"10:30";"1";"75";"75117";"2";"2";"1";"6";"RUE GAUTHEY";"48,8937390";"2,3221390"
"202000007214";"16";"9";"2020";"10:00";"1";"75";"75117";"2";"1";"1";"3";"AVENUE DE VILLIERS";"48,8820430";"2,3131650"
"202000007215";"15";"9";"2020";"20:00";"5";"75";"75116";"2";"5";"1";"2";"RUE DE LA POMPE";"48,8627980";"2,2763420"
"202000007216";"15";"9";"2020";"17:10";"1";"75";"75116";"2";"3";"1";"3";"AVENUE KLEBER";"48,8636620";"2,2877040"
"202000007217";"16";"9";"2020";"08:05";"1";"75";"75114";"2";"3";"1";"6";"AVENUE DAVID WEILL";"48,8212110";"2,3343120"
"202000007218";"16";"9";"2020";"08:40";"1";"75";"75112";"2";"1";"1";"3";"BOULEVARD PONIATOWSKI";"48,8331250";"2,4011960"
"202000007219";"16";"9";"2020";"18:10";"1";"75";"75111";"2";"3";"1";"3";"PLACE DE LA REPUBLIQUE";"48,8677580";"2,3643920"
"202000007220";"16";"9";"2020";"18:00";"1";"75";"75111";"2";"3";"1";"6";"BOULEVARD VOLTAIRE";"48,8630630";"2,3712730"
"202000007221";"16";"9";"2020";"14:55";"1";"75";"75111";"2";"3";"1";"3";"BOULEVARD VOLTAIRE";"48,8567020";"2,3819590"
"202000007222";"16";"9";"2020";"23:00";"5";"75";"75107";"2";"2";"1";"3";"AVENUE DU MARECHAL GALLIENI";"48,8599510";"2,3131170"
"202000007223";"16";"9";"2020";"20:25";"5";"75";"75107";"2";"3";"1";"3";"AVENUE DE SAXE";"48,8460040";"2,3138630"
"202000007224";"16";"9";"2020";"19:15";"2";"94";"94080";"2";"1";"1";"2";"PARIS (AV DE)";"48,8400000";"2,4200000"
"202000007225";"16";"9";"2020";"18:05";"1";"94";"94074";"2";"1";"1";"6";"COLONEL FABIEN (R)";"48,7458000";"2,4686000"
"202000007226";"16";"9";"2020";"16:20";"1";"94";"94044";"2";"9";"1";"2";"VERDUN (AV DE)";"48,7495030";"2,4786470"
"202000007227";"16";"9";"2020";"18:00";"1";"94";"94068";"1";"1";"1";"3";"BAC (AV DU)";"48,7922100";"2,5178100"
"202000007228";"16";"9";"2020";"16:20";"1";"94";"94076";"2";"1";"1";"3";"MAXIME GORKI (BD)";"48,7927200";"2,3692500"
"202000007229";"16";"9";"2020";"09:00";"1";"94";"94076";"2";"1";"1";"7";"JEAN LURCAT (R)";"48,7861750";"2,3702570"
"202000007230";"15";"9";"2020";"19:30";"1";"93";"93066";"2";"9";"1";"6";"VAILLANT COUTURIER PAUL (AV) NR 2 A 110";"48,9321453";"2,3651052"
"202000007231";"15";"9";"2020";"14:08";"1";"93";"93066";"2";"3";"1";"3";"""STALINGRAD (AVENUE), NR 88 A 114 BIS""";"48,9473363";"2,3734471"
"202000007232";"16";"9";"2020";"12:30";"1";"93";"93048";"2";"1";"1";"6";"GENERAL DE GAULE (PLACE DU)";"48,8684108";"2,4338632"
"202000007233";"16";"9";"2020";"08:15";"1";"93";"93048";"2";"9";"7";"3";"PROCESSIONS (RUE DES)";"48,8782859";"2,4611791"
"202000007234";"16";"9";"2020";"17:00";"1";"93";"93079";"2";"2";"1";"7";"SAINT LEU (ROUTE)";"48,9540600";"2,3352100"
"202000007235";"16";"9";"2020";"14:18";"1";"93";"93010";"2";"1";"1";"2";"RTE DE VILLEMOMBLE";"48,8926500";"2,4864000"
"202000007236";"16";"9";"2020";"10:00";"1";"93";"93010";"2";"1";"1";"3";"SALENGRO (RUE ROGER) 27 A 69";"48,8987451";"2,4780210"
"202000007237";"16";"9";"2020";"07:20";"1";"93";"93010";"2";"9";"1";"3";"GROSLAY (CHEM. DE)";"48,9114383";"2,4747635"
"202000007238";"16";"9";"2020";"19:50";"1";"92";"92078";"1";"1";"1";"7";"CHARLES DE GAULLE (BD)(72 AU 308)";"48,9390960";"2,3265130"
"202000007239";"16";"9";"2020";"13:20";"1";"92";"92078";"2";"3";"1";"3";"VIEUX CHEMIN DE ST DENIS (AVENUE)";"48,9297250";"2,3259960"
"202000007240";"16";"9";"2020";"11:10";"1";"92";"92046";"2";"1";"1";"7";"Charles de gaulle";"48,8245100";"2,3011400"
"202000007241";"16";"9";"2020";"19:00";"1";"92";"92050";"2";"4";"1";"1";"ERMITES RUE DES";"48,8774817";"2,2088997"
"202000007242";"16";"9";"2020";"19:35";"2";"92";"92023";"2";"3";"1";"3";"JEAN JAURES (AVENUE) N°57 A 259 ET 64 A";"48,8138553";"2,2721589"
"202000007243";"16";"9";"2020";"09:05";"1";"92";"92023";"2";"1";"1";"3";"PORTE DE TRIVAUX (RUE DE) N°57 A 197 ET";"48,7846500";"2,2357300"
"202000007244";"16";"9";"2020";"14:00";"1";"86";"86015";"1";"1";"1";"6";"D34";"46,1165160";"0,6270512"
"202000007245";"16";"9";"2020";"13:15";"1";"38";"38536";"1";"2";"1";"5";"Route du Pilat";"45,4279580";"4,8752740"
"202000007246";"17";"9";"2020";"19:00";"1";"54";"54463";"1";"2";"1";"3";"D611";"48,7956030";"6,0148860"
"202000007247";"16";"8";"2020";"12:50";"1";"83";"83086";"1";"1";"1";"5";"PK 83+200  - Route de fréjus";"43,4678870";"6,5990390"
"202000007248";"16";"9";"2020";"19:00";"1";"23";"23206";"1";"1";"3";"1";"La Combette";"46,1732710";"1,9417580"
"202000007249";"18";"8";"2020";"11:40";"1";"60";"60196";"1";"1";"1";"1";"D927";"49,2966950";"2,0891190"
"202000007250";"16";"9";"2020";"11:45";"1";"91";"91363";"1";"1";"1";"3";"D446";"48,6536360";"2,2120550"
"202000007251";"16";"9";"2020";"14:17";"1";"25";"25370";"2";"3";"1";"3";"Rue de la Gare";"47,4372410";"6,7798630"
"202000007252";"17";"9";"2020";"09:10";"1";"06";"06095";"2";"1";"1";"1";"58 Route de Draguignan";"43,6390200";"6,8687010"
"202000007253";"14";"9";"2020";"17:55";"1";"62";"62261";"2";"4";"1";"3";"Avenue de la Libération";"50,4745400";"1,6188530"
"202000007254";"16";"9";"2020";"18:30";"1";"38";"38419";"1";"1";"1";"2";"D1075";"44,8550250";"5,6144540"
"202000007255";"16";"9";"2020";"14:45";"1";"30";"30191";"1";"1";"1";"1";"N580";"44,1373810";"4,6676120"
"202000007256";"17";"8";"2020";"08:00";"1";"91";"91553";"1";"9";"2";"6";"Saint-Germain-lès-Corbeil";"48,6319970";"2,4948840"
"202000007257";"17";"9";"2020";"12:25";"1";"74";"74006";"1";"3";"1";"3";"32 Route des Ponts";"46,0102190";"6,1123950"
"202000007258";"17";"9";"2020";"10:45";"1";"2B";"2B343";"1";"3";"1";"3";"1824 Arena Soprana";"42,4969690";"9,4670870"
"202000007259";"16";"9";"2020";"17:55";"1";"80";"80106";"1";"1";"1";"6";"D920";"49,7675680";"2,0046620"
"202000007260";"16";"9";"2020";"19:30";"1";"65";"65375";"2";"1";"1";"1";"D5";"43,3929500";"0,1534260"
"202000007261";"16";"9";"2020";"13:53";"1";"71";"71321";"1";"1";"1";"3";"Canal du Centre";"46,8032929";"4,5726405"
"202000007262";"17";"9";"2020";"08:55";"1";"89";"89418";"2";"2";"1";"1";"Rue Claude Aillot";"47,8583030";"3,9735160"
"202000007263";"16";"9";"2020";"12:30";"1";"61";"61479";"1";"1";"1";"5";"Les Saussaies";"48,6684340";" -0,0736210"
"202000007264";"16";"9";"2020";"18:40";"1";"61";"61474";"1";"1";"1";"6";"RD 916 - Silly en Gouffern";"48,7892240";" -0,0022320"
"202000007265";"17";"9";"2020";"11:30";"1";"42";"42228";"1";"1";"1";"2";"D5";"45,5633730";"4,0938230"
"202000007266";"16";"9";"2020";"21:50";"3";"44";"44140";"1";"1";"1";"1";"La Roussiere";"47,1667021";" -1,1980716"
"202000007267";"17";"9";"2020";"04:20";"3";"31";"31188";"1";"1";"1";"6";"Allee du Pic d'Aneto";"43,5465880";"1,1890130"
"202000007268";"17";"9";"2020";"14:30";"1";"31";"31324";"2";"1";"1";"1";"Avenue de Mauran";"43,1955560";"1,0315880"
"202000007269";"11";"8";"2020";"10:48";"1";"38";"38408";"2";"1";"1";"1";"Chemin du Gachet";"45,5724800";"4,9749400"
"202000007270";"17";"9";"2020";"11:00";"1";"02";"02420";"2";"9";"7";"3";"21 Rue de Bretagne";"49,8979220";"3,3199610"
"202000007271";"17";"9";"2020";"19:20";"1";"15";"15092";"1";"4";"1";"1";"mouleyre";"45,4225870";"2,5035900"
"202000007272";"17";"9";"2020";"15:15";"1";"15";"15162";"1";"1";"1";"6";"D678";"45,2787400";"2,6226780"
"202000007273";"11";"9";"2020";"19:05";"1";"01";"01337";"1";"2";"1";"3";"D2";"46,4398530";"4,9671290"
"202000007274";"15";"9";"2020";"18:00";"1";"72";"72349";"1";"1";"1";" -1";"D204";"48,1833000";"0,1520920"
"202000007275";"17";"9";"2020";"17:00";"1";"50";"50431";"1";"3";"1";"2";"La Luderie - Mesnil Vigot (Le Mesnil-Vigot)";"49,1648200";" -1,2752720"
"202000007276";"29";"8";"2020";"01:35";"3";"45";"45154";"2";"9";"1";"6";"509 Rue du Cas Rouge";"47,9831820";"1,8324850"
"202000007277";"11";"9";"2020";"18:20";"1";"07";"07010";"2";"1";"1";"3";"Rue du Quebec";"45,2528820";"4,6828580"
"202000007278";"17";"9";"2020";"09:15";"1";"17";"17292";"1";"1";"1";"3";"D739";"45,9651120";" -0,7271580"
"202000007279";"16";"9";"2020";"12:00";"1";"37";"37001";"1";"2";"1";"3";"Bergeresse";"46,9131681";"0,7212426"
"202000007280";"17";"9";"2020";"11:53";"1";"52";"52140";"2";"2";"1";"3";"Rue du Général de Gaulle";"48,2223890";"4,8861160"
"202000007281";"16";"9";"2020";"21:12";"3";"68";"68296";"1";"1";"1";"2";"Autoroute 35";"48,2160380";"7,4012230"
"202000007282";"17";"9";"2020";"07:30";"2";"31";"31395";"1";"1";"1";"3";"Autoroute A 64";"43,4585110";"1,3088750"
"202000007283";"17";"9";"2020";"12:45";"1";"35";"35210";"1";"3";"1";"3";"La Croix Blanche";"48,1228380";" -1,7796150"
"202000007284";"17";"9";"2020";"15:30";"1";"01";"01007";"1";"1";"1";"6";"A42";"46,0247850";"5,3147860"
"202000007285";"2";"9";"2020";"12:20";"1";"74";"74010";"2";"3";"1";" -1";"44 Rue des Sports";"45,8852730";"6,0885560"
"202000007286";"15";"9";"2020";"20:15";"5";"33";"33122";"2";"3";"1";"3";"61 Av Saint Jacques de Compostelle";"44,7382300";" -0,6564900"
"202000007287";"17";"9";"2020";"11:30";"1";"13";"13032";"2";"9";"1";"3";"Route de la Calade Cd63";"43,5733330";"5,3623040"
"202000007288";"16";"9";"2020";"17:22";"1";"21";"21540";"1";"1";"1";"1";"Chemin de Saint-Apollinaire à Ruffey";"47,3483240";"5,0989120"
"202000007289";"17";"9";"2020";"06:50";"3";"37";"37197";"1";"4";"1";"7";"N/A";"47,2677634";"0,3097989"
"202000007290";"17";"9";"2020";"08:05";"1";"45";"45042";"1";"3";"1";"2";"D952 PR 33 + 200";"47,8175750";"2,3943760"
"202000007291";"17";"9";"2020";"17:45";"1";"95";"95024";"1";"1";"1";"1";"RD 983";"49,0887570";"1,7894840"
"202000007292";"17";"9";"2020";"09:30";"1";"05";"05166";"1";"1";"1";"7";"D994";"44,4209390";"5,7042970"
"202000007293";"16";"9";"2020";"15:40";"1";"13";"13060";"1";"1";"1";"2";"route départementale 6";"43,4724340";"5,4979060"
"202000007294";"16";"9";"2020";"22:30";"3";"89";"89055";"1";"1";"1";"7";"D84";"48,0205300";"3,6071630"
"202000007295";"17";"9";"2020";"09:50";"1";"68";"68348";"1";"1";"1";"2";"Route de Mulhouse";"47,7981950";"7,1464240"
"202000007296";"17";"9";"2020";"18:15";"1";"74";"74185";"2";"3";"1";"3";"Route de Reignier";"46,1676310";"6,2416770"
"202000007297";"17";"9";"2020";"17:30";"1";"69";"69200";"1";"1";"1";" -1";"D27";"45,8407670";"4,4494310"
"202000007298";"17";"9";"2020";"17:10";"1";"69";"69094";"1";"3";"1";"2";"Route de Marcy";"45,7558840";"4,6988870"
"202000007299";"16";"9";"2020";"20:20";"5";"69";"69205";"2";"6";"1";"6";"Avenue Marcel Mérieux";"45,7592410";"4,7243140"
"202000007300";"16";"9";"2020";"06:30";"2";"69";"69155";"1";"2";"1";"3";"Rue de Chazelles";"45,6303910";"4,4137140"
"202000007301";"29";"6";"2020";"13:10";"1";"69";"69233";"2";"1";"1";"3";"D89";"45,8339710";"4,8297170"
"202000007302";"16";"9";"2020";"20:35";"2";"60";"60141";"2";"1";"1";"3";"avenue maréchal joffre";"49,1922950";"2,4645480"
"202000007303";"17";"9";"2020";"17:30";"1";"60";"60088";"2";"2";"1";"3";"Rue Louis Denoual";"49,1978100";"2,2098930"
"202000007304";"15";"8";"2020";"14:55";"1";"02";"02555";"1";"1";"1";"6";"D86";"48,9647480";"3,3007120"
"202000007305";"17";"9";"2020";"11:50";"1";"80";"80393";"1";"1";"1";"3";"D1017";"49,7382580";"2,8083420"
"202000007306";"16";"9";"2020";"07:20";"1";"80";"80428";"1";"1";"1";"6";"A1";"49,9603420";"2,8554150"
"202000007307";"16";"9";"2020";"18:10";"1";"59";"59212";"2";"1";"1";"6";"Rue Jacquesminemars";"50,6484670";"2,7045040"
"202000007308";"13";"9";"2020";"12:05";"1";"13";"13033";"1";"1";"1";"2";"A55-Sens Martigues vers Marseille";"43,3781000";"5,2036000"
"202000007309";"16";"9";"2020";"03:15";"3";"13";"13211";"1";"1";"1";"4";"A50-Sens Aubagne vers Marseille";"43,2877000";"5,5027000"
"202000007310";"15";"9";"2020";"08:05";"1";"83";"83137";"1";"1";"1";"5";"A50";"43,1213200";"5,9533100"
"202000007311";"12";"9";"2020";"13:23";"1";"83";"83137";"1";"1";"1";"1";"A50";"43,1265500";"5,8913100"
"202000007312";"16";"9";"2020";"15:00";"1";"69";"69029";"1";"1";"1";"4";"RD383   7.640 A 11.044";"45,7472400";"4,9069200"
"202000007313";"15";"9";"2020";"06:50";"2";"33";"33397";"1";"4";"1";"3";"AUTOROUTE A 10";"44,9104800";" -0,4872600"
"202000007314";"16";"9";"2020";"18:55";"1";"91";"91661";"1";"1";"1";"6";"AUTOROUTE A10";"48,7112900";"2,2525100"
"202000007315";"16";"9";"2020";"17:35";"1";"94";"94034";"1";"1";"1";"4";"AUTOROUTE A86";"48,7594200";"2,3237900"
"202000007316";"16";"9";"2020";"04:10";"3";"91";"91363";"1";"1";"1";"6";"RN 104";"48,6529700";"2,1811500"
"202000007317";"16";"9";"2020";"17:20";"1";"78";"78545";"1";"1";"1";"5";"A12 Y";"48,8201990";"2,0681350"
"202000007318";"16";"9";"2020";"15:55";"1";"92";"92050";"1";"1";"1";"5";"A86";"48,9106174";"2,2161359"
"202000007319";"24";"1";"2020";"16:35";"1";"78";"78498";"2";"1";"1";"3";"GAMBETTA BD";"48,9297700";"2,0475600"
"202000007320";"28";"1";"2020";"12:05";"1";"76";"76447";"2";"6";"1";"3";"BELLE ETOILE";"49,5304400";"0,1898600"
"202000007321";"29";"1";"2020";"08:10";"1";"73";"73065";"2";"6";"2";"3";"STADE (PLACE DU)";"45,5722000";"5,9102280"