"Num_Acc";"jour";"mois";"an";"hrmn";"lum";"dep";"com";"agg";"int";"atm";"col";"adr";"lat";"long"
"202000007322";"23";"1";"2020";"10:55";"1";"70";"70388";"2";"1";"1";"7";"OLIVIER (RUE ALBERT)";"47,6160800";"6,1386480"
"202000007323";"30";"1";"2020";"14:20";"1";"69";"69266";"2";"1";"2";"2";"EMILE ZOLA     (Cours)";"45,7683295";"4,8859927"
"202000007324";"26";"1";"2020";"20:00";"5";"69";"69264";"2";"6";"2";"6";"GANTILLON  R";"45,9952000";"4,7208000"
"202000007325";"29";"1";"2020";"18:00";"5";"67";"67482";"2";"3";"2";"3";"REMPART (RUE DU)";"48,5892780";"7,7356370"
"202000007326";"29";"1";"2020";"05:00";"5";"67";"67218";"2";"2";"2";"3";"STRASBOURG (AVENUE DE)";"48,5431210";"7,7365270"
"202000007327";"30";"1";"2020";"16:55";"1";"64";"64445";"2";"1";"1";"6";"EMILE GARET";"43,3018900";" -0,3608600"
"202000007328";"29";"1";"2020";"16:40";"1";"64";"64284";"2";"1";"1";"6";"RAUSKI";"43,2772798";" -0,3880914"
"202000007329";"29";"1";"2020";"18:55";"2";"64";"64122";"2";"1";"2";"6";"JAURES JEAN (RUE)";"43,4776500";" -1,5571400"
"202000007330";"30";"1";"2020";"20:00";"5";"60";"60057";"2";"3";"8";"2";"JOHN F. KENNEDY (AV)-RUE DU PARC NON IN";"49,4238400";"2,1053500"
"202000007331";"30";"1";"2020";"17:30";"2";"59";"59599";"2";"1";"2";"6";"NATIONALE (RUE)";"50,7246130";"3,1531940"
"202000007332";"29";"1";"2020";"14:00";"1";"59";"59220";"2";"3";"1";"3";"PASTEUR RUE";"50,6100470";"3,0642640"
"202000007333";"30";"1";"2020";"16:01";"2";"57";"57412";"2";"1";" -1";"6";"SAINT SYMPHORIEN (BOULEVARD )";"49,1110600";"6,1616900"
"202000007334";"30";"1";"2020";"10:10";"1";"56";"56121";"2";"6";"2";"3";"IRLANDE (ROND-POINT)";"47,7516300";" -3,3695300"
"202000007335";"29";"1";"2020";"07:55";"5";"56";"56121";"2";"7";"1";"5";"COSMAO-DUMANOIR ( BD )";"47,7541200";" -3,3669500"
"202000007336";"30";"1";"2020";"12:00";"1";"54";"54300";"2";"1";"1";"2";"GALTIER (RUE LUCIEN)";"48,6588660";"6,2286705"
"202000007337";"30";"1";"2020";"08:10";"1";"54";"54304";"2";"2";"1";"3";"90 bis Bd Emile Zola";"48,6808900";"6,1571490"
"202000007338";"27";"1";"2020";"18:10";"5";"54";"54274";"2";"1";"3";"6";"SONGEUR (RUE LEON)";"48,6646879";"6,1982997"
"202000007339";"30";"1";"2020";"18:50";"5";"51";"51454";"2";"1";"2";"7";"Boulevard Pommery";"49,2505022";"4,0527469"
"202000007340";"29";"1";"2020";"19:45";"5";"49";"49007";"2";"1";"2";"3";"VOLNEY";"47,4618600";" -0,5415900"
"202000007341";"30";"1";"2020";"16:20";"1";"45";"45234";"2";"1";"2";"6";"Boulevard Guy - Marie Riobe";"47,9127657";"1,9135566"
"202000007342";"29";"1";"2020";"17:49";"3";"44";"44184";"1";"2";"2";"3";"Rue du Vélodrome";"47,2826950";" -2,2230370"
"202000007343";"29";"1";"2020";"19:10";"5";"39";"39300";"2";"1";"2";"6";"6 Avenue Thurel";"46,6727600";"5,5531240"
"202000007344";"30";"1";"2020";"08:22";"1";"37";"37122";"2";"1";"2";"6";"BRETONNIERES (BOULEVARD DES)";"47,3452402";"0,6386346"
"202000007345";"29";"1";"2020";"15:50";"1";"37";"37214";"2";"1";"1";"7";"RD 37";"47,4275248";"0,6381794"
"202000007346";"30";"1";"2020";"20:15";"5";"35";"35051";"2";"2";"8";"3";"CHARMILLES (RUE DES)";"48,1023700";" -1,6226300"
"202000007347";"30";"1";"2020";"16:45";"1";"35";"35055";"1";"6";"1";"2";"HALLERAIS (ROND-POINT)";"48,0782800";" -1,6327900"
"202000007348";"30";"1";"2020";"07:33";"5";"35";"35238";"2";"4";"2";"6";"3 CHATEAUGIRON (RUE DE)";"48,1019000";" -1,6598000"
"202000007349";"30";"1";"2020";"19:40";"5";"34";"34172";"2";"1";"8";"4";"VERDANSON (QUAI DU)";"43,6150300";"3,8824500"
"202000007350";"30";"1";"2020";"18:25";"3";"34";"34198";"1";"1";"1";"2";"D66  VOIE RAPIDE";"43,5755300";"3,9503900"
"202000007351";"30";"1";"2020";"14:40";"1";"34";"34129";"2";"3";"1";"3";"EUROPE (AVENUE DE L')";"43,5716500";"3,9056300"
"202000007352";"30";"1";"2020";"18:45";"2";"33";"33063";"2";"2";"2";"6";"CRS DE LA MARNE / RUE PEYRONNET / RUE MALBEC";"44,8281800";" -0,5607600"
"202000007353";"30";"1";"2020";"13:35";"1";"33";"33032";"2";"6";"9";"3";"QUAI ALFRED DE VIAL / RUE RICHELIEU";"44,9096100";" -0,5353900"
"202000007354";"30";"1";"2020";"08:00";"1";"33";"33063";"2";"3";"2";"2";"QUAI DE LA SOUYS / RUE FRANC SANSON";"44,8279500";" -0,5396200"
"202000007355";"27";"1";"2020";"16:40";"1";"31";"31069";"2";"1";"2";" -1";"GRENADE (ROUTE DE)";"43,6288148";"1,3920198"
"202000007356";"27";"1";"2020";"08:30";"5";"30";"30189";"1";"1";"1";"1";"ALES (ROUTE)";"43,8845500";"4,3022800"
"202000007357";"30";"1";"2020";"08:10";"2";"29";"29019";"2";"6";"2";"3";"Rue du Valy-hir";"48,3852500";" -4,5282200"
"202000007358";"30";"1";"2020";"07:05";"5";"29";"29019";"2";"1";"2";" -1";"Rue Neuve";"48,3832421";" -4,4986044"
"202000007359";"29";"1";"2020";"07:56";"1";"26";"26198";"2";"6";"1";"3";"VILLEPRE (Rond point de)";"44,5663650";"4,7351430"
"202000007360";"30";"1";"2020";"08:45";"2";"18";"18205";"2";"1";"2";"3";"ORLEANS (ROUTE D')";"47,1235700";"2,3709100"
"202000007361";"30";"1";"2020";"20:00";"5";"17";"17415";"2";"2";"1";"3";"MARTEL RUE GEOFFROY";"45,7427893";" -0,6212023"
"202000007362";"30";"1";"2020";"17:00";"2";"13";"13215";"2";"1";"1";"6";"DE SAINT LOUIS AU ROVE (chemin)";"43,3508090";"5,3542430"
"202000007363";"30";"1";"2020";"13:10";"1";"13";"13211";"2";"1";"1";"3";"SAINT LOUP (BOULEVARD DE)";"43,2840607";"5,4355976"
"202000007364";"30";"1";"2020";"14:45";"1";"13";"13206";"2";"2";"1";"3";"BONS ENFANT (RUE DES)";"43,2892700";"5,3884100"
"202000007365";"30";"1";"2020";"13:45";"1";"13";"13209";"2";"9";"1";"3";"HUVEAUNE (BOULEVARD DE)";"43,2744757";"5,4086697"
"202000007366";"30";"1";"2020";"13:00";"1";"13";"13215";"2";"9";"1";"3";"SAINT ANTOINE A SAINT JOSEPH (CHEMIN DE)";"43,3603700";"5,3638600"
"202000007367";"30";"1";"2020";"13:45";"1";"13";"13063";"2";"2";"1";"2";"ARISTIDE BRIAND BOULEVARD";"43,5791937";"5,0028979"
"202000007368";"30";"1";"2020";"10:22";"1";"10";"10387";"2";"1";"8";"2";"CHOMEDEY DE MAISONNEUVE (AVE)";"48,3033500";"4,0733400"
"202000007369";"30";"1";"2020";"18:32";"5";"06";"06088";"2";"9";"1";"3";"TURIN (RTE DE)";"43,7305300";"7,2865400"
"202000007370";"28";"1";"2020";"10:30";"1";"05";"05023";"2";"9";"1";"3";"FANTON (CHEMIN)";"44,9048000";"6,6295500"
"202000007371";"24";"1";"2020";"18:30";"5";"05";"05023";"2";"6";"1";"3";"ROND POINT FAURE-GEORS";"44,8871045";"6,6336458"
"202000007372";"30";"1";"2020";"20:00";"5";"75";"75115";"2";"1";"2";"2";"BD PERIPHERIQUE EXTERIEUR";"48,8347620";"2,2654180"
"202000007373";"30";"1";"2020";"17:45";"4";"75";"75117";"2";"1";"2";"7";"BD PERIPHERIQUE INTERIEUR";"48,8969120";"2,3112430"
"202000007374";"30";"1";"2020";"12:30";"1";"75";"75112";"2";"1";"2";"4";"BD PERIPHERIQUE INTERIEUR";"48,8296164";"2,4010233"
"202000007375";"28";"1";"2020";"18:52";"5";"75";"75116";"2";"2";"3";"6";"AVENUE EDOUARD VAILLANT";"48,8381260";"2,2542100"
"202000007376";"30";"1";"2020";"13:50";"1";"75";"75118";"2";"2";"2";"6";"RUE DE LA CHAPELLE";"48,8902550";"2,3599133"
"202000007377";"30";"1";"2020";"20:00";"5";"75";"75117";"2";"2";"2";"3";"RUE JOUFFROY D ABBANS";"48,8859670";"2,3095750"
"202000007378";"30";"1";"2020";"18:20";"5";"75";"75117";"2";"4";"2";"3";"AVENUE DE WAGRAM";"48,8753286";"2,2961801"
"202000007379";"30";"1";"2020";"09:50";"1";"75";"75117";"2";"2";"2";"2";"BOULEVARD DE LA SOMME";"48,8865820";"2,2900660"
"202000007380";"30";"1";"2020";"14:45";"1";"75";"75116";"2";"1";"8";"2";"AVENUE DU PRESIDENT KENNEDY";"48,8563770";"2,2859971"
"202000007381";"30";"1";"2020";"12:45";"1";"75";"75116";"2";"7";"2";"3";"PLACE DU TROCADERO ET DU 11 NOVEMBRE";"48,8625090";"2,2868210"
"202000007382";"30";"1";"2020";"07:30";"5";"75";"75116";"2";"7";"1";" -1";"PORTE DE MADRID";"48,8741501";"2,2553821"
"202000007383";"30";"1";"2020";"10:30";"1";"75";"75114";"2";"2";"2";"6";"BOULEVARD ADOLPHE PINARD";"48,8250140";"2,3021471"
"202000007384";"30";"1";"2020";"17:30";"5";"75";"75114";"2";"3";"2";"6";"RUE D ALESIA";"48,8298377";"2,3211765"
"202000007385";"30";"1";"2020";"18:00";"5";"75";"75113";"2";"2";"2";"3";"QUAI PANHARD ET LEVASSOR";"48,8322321";"2,3797659"
"202000007386";"30";"1";"2020";"16:15";"1";"75";"75113";"2";"1";"8";"3";"QUAI FRANCOIS MAURIAC";"48,8326359";"2,3792179"
"202000007387";"30";"1";"2020";"19:20";"5";"75";"75112";"2";"3";"1";"6";"AVENUE DAUMESNIL";"48,8494957";"2,3709427"
"202000007388";"30";"1";"2020";"16:15";"1";"75";"75112";"2";"1";"2";"2";"BOULEVARD PONIATOWSKI";"48,8337985";"2,4030949"
"202000007389";"30";"1";"2020";"09:30";"1";"75";"75112";"2";"1";"2";" -1";"QUAI DE BERCY";"48,8296250";"2,3872290"
"202000007390";"30";"1";"2020";"13:55";"1";"75";"75111";"2";"1";"2";"2";"BOULEVARD VOLTAIRE";"48,8539495";"2,3865731"
"202000007391";"30";"1";"2020";"14:42";"1";"75";"75110";"2";"1";"1";" -1";"QUAI DE VALMY";"48,8735023";"2,3632893"
"202000007392";"30";"1";"2020";"14:30";"1";"75";"75110";"2";"7";"2";"3";"PLACE FRANZ LISTZ";"48,8779022";"2,3516094"
"202000007393";"30";"1";"2020";"14:30";"1";"75";"75110";"2";"2";"1";"3";"RUE DES VINAIGRIERS";"48,8731690";"2,3614680"
"202000007394";"30";"1";"2020";"08:25";"1";"75";"75109";"2";"1";"2";"2";"BOULEVARD HAUSSMANN";"48,8731075";"2,3320250"
"202000007395";"30";"1";"2020";"20:10";"5";"75";"75102";"2";"1";"2";"6";"BOULEVARD DE SEBASTOPOL";"48,8654629";"2,3520412"
"202000007396";"30";"1";"2020";"09:55";"1";"75";"75103";"2";"1";"2";"3";"RUE BEAUBOURG";"48,8617513";"2,3537828"
"202000007397";"29";"1";"2020";"13:20";"1";"94";"94067";"2";"2";"1";"3";"DAUMESNIL (AV)";"48,8350322";"2,4197588"
"202000007398";"29";"1";"2020";"14:30";"1";"94";"94046";"2";"1";"1";"6";"JEAN JAURES (R)";"48,7938900";"2,4343600"
"202000007399";"28";"1";"2020";"19:50";"5";"94";"94046";"2";"2";"2";"6";"REPUBLIQUE (AV DE LA)";"48,8011647";"2,4316196"
"202000007400";"30";"1";"2020";"07:45";"1";"94";"94011";"2";"1";"1";"3";"OUEST(ROUTE DE L')";"48,7799000";"2,4800000"
"202000007401";"30";"1";"2020";"16:30";"1";"94";"94069";"2";"1";"8";"2";"MARECHAL LECLERC (R DU)";"48,8181229";"2,4334743"
"202000007402";"30";"1";"2020";"08:15";"1";"94";"94044";"2";"1";"1";"6";"PRESIDENT WILSON (AV DU)";"48,7508600";"2,4994500"
"202000007403";"29";"1";"2020";"08:15";"1";"94";"94002";"2";"1";"1";"1";"MARCEL BOURDARIAS (R)";"48,8048000";"2,4245400"
"202000007404";"30";"1";"2020";"09:20";"1";"93";"93053";"2";"1";"1";"6";"JEAN JAURES (RUE)";"48,8942700";"2,4578600"
"202000007405";"30";"1";"2020";"22:00";"5";"93";"93027";"2";"1";"9";"2";"CACHIN (AVENUE MARCEL)";"48,9262000";"2,3968000"
"202000007406";"30";"1";"2020";"09:10";"1";"92";"92077";"2";"1";"2";"3";"RONCE (RUE DE LA)";"48,8231600";"2,1928500"
"202000007407";"29";"1";"2020";"10:10";"1";"92";"92063";"2";"3";"1";"3";"COLMAR (AV DE)";"48,8873081";"2,1681375"
"202000007408";"29";"1";"2020";"07:45";"1";"92";"92050";"2";"9";"1";"1";"CHAMPS PIERREUX (AVENUE DES)";"48,8893300";"2,2135000"
"202000007409";"29";"1";"2020";"17:20";"1";"92";"92036";"2";"3";"1";"5";"LOUISE MICHEL (PAIRS)";"48,9226600";"2,3206100"
"202000007410";"30";"1";"2020";"18:50";"5";"92";"92026";"2";"1";"2";"6";"SAINT-DENIS BD DE (01 A 197 / 02 A 118)";"48,9001100";"2,2688949"
"202000007411";"30";"1";"2020";"12:36";"1";"92";"92026";"2";"1";"2";"6";"BEZONS  (DE 01 A 22)";"48,8935400";"2,2521700"
"202000007412";"30";"1";"2020";"20:38";"5";"92";"92024";"2";"1";"8";"3";"VICTOR HUGO (BD)";"48,8983900";"2,3120100"
"202000007413";"30";"1";"2020";"16:35";"1";"92";"92012";"2";"3";"1";"7";"VICTOR HUGO (AVENUE) 49/FIN - 60/FIN";"48,8360324";"2,2450076"
"202000007414";"30";"1";"2020";"18:45";"3";"47";"47170";"1";"1";"2";"7";"Lieu dit BIARDS";"44,5414640";"0,5445530"
"202000007415";"28";"1";"2020";"06:45";"3";"35";"35245";"1";"1";"2";"2";"La Lande Guinard";"48,2387120";" -1,8675470"
"202000007416";"31";"1";"2020";"05:30";"3";"25";"25532";"1";"1";"2";"1";"Saône";"47,2121060";"6,0951380"
"202000007417";"31";"1";"2020";"14:05";"1";"66";"66141";"1";"1";"1";"2";"A9";"42,7524010";"2,8927730"
"202000007418";"29";"1";"2020";"20:50";"5";"95";"95487";"2";"6";"1";"6";"Rue Etienne Dolet";"49,1509291";"2,2671994"
"202000007419";"30";"1";"2020";"21:55";"3";"71";"71576";"1";"1";"2";"5";"A6";"46,5283100";"4,9194930"
"202000007420";"30";"1";"2020";"15:10";"1";"67";"67073";"2";"1";"3";"1";"route de sainte marie aux mines";"48,2800447";"7,3896409"
"202000007421";"31";"1";"2020";"18:08";"2";"11";"11111";"1";"2";"1";"2";"D6113";"43,2104460";"2,8270050"
"202000007422";"30";"1";"2020";"17:15";"2";"60";"60010";"1";"6";"1";"3";"D205";"49,2144684";"2,1264412"
"202000007423";"30";"1";"2020";"10:00";"1";"06";"06130";"2";"1";"7";"6";"31 Avenue de Provence";"43,6940700";"6,8488570"
"202000007424";"30";"1";"2020";"19:40";"5";"38";"38239";"1";"1";"3";"6";"Rue des Pautes";"45,3294200";"5,5691560"
"202000007425";"31";"1";"2020";"11:50";"1";"44";"44187";"1";"1";"2";"1";"Route de Nantes";"47,1948740";" -2,0280930"
"202000007426";"30";"1";"2020";"17:00";"1";"62";"62086";"1";"2";"2";"3";"D8";"50,2181200";"2,5783650"
"202000007427";"30";"1";"2020";"17:35";"2";"77";"77402";"2";"1";"2";"6";"30 Rue des Prés de la Foire - D215";"48,8134240";"3,3585920"
"202000007428";"31";"1";"2020";"08:25";"1";"69";"69260";"2";"1";"1";"1";"Rue de la Salle des Fêtes";"45,6474650";"4,8126720"
"202000007429";"30";"1";"2020";"23:55";"5";"74";"74263";"2";"4";"3";"6";"Avenue de Coudrée";"46,3360470";"6,3807980"
"202000007430";"30";"1";"2020";"06:50";"2";"57";"57488";"1";"1";"8";"1";"Rue d'Avricourt";"48,6726000";"6,7888640"
"202000007431";"26";"1";"2020";"16:05";"1";"51";"51569";"1";"1";"1";"5";"D227";"49,2500367";"3,9445119"
"202000007432";"30";"1";"2020";"08:00";"2";"51";"51563";"1";"2";"8";"3";"D43/D951";"48,8287298";"3,7551948"
"202000007433";"27";"1";"2020";"07:00";"2";"59";"59037";"2";"9";"1";"1";"D942";"50,1894460";"3,3846740"
"202000007434";"31";"1";"2020";"17:10";"1";"80";"80546";"1";"1";"1";"5";"D925";"50,1006560";"1,7252880"
"202000007435";"30";"1";"2020";"15:47";"1";"80";"80587";"2";"1";"2";"6";"Rue Grande";"49,9236370";"1,6682210"
"202000007436";"31";"1";"2020";"17:00";"1";"71";"71263";"2";"1";"1";"6";"Avenue Fernand Point";"46,6242801";"5,2301382"
"202000007437";"30";"1";"2020";"18:30";"3";"63";"63366";"1";"1";"2";"1";"salamot";"45,5198780";"3,3899990"
"202000007438";"30";"1";"2020";"03:15";"3";"12";"12154";"1";"3";"1";"6";"Allee des Marronniers";"43,8735810";"2,8217270"
"202000007439";"9";"1";"2020";"15:30";"1";"29";"29069";"1";"3";"1";"4";"D67 - Keralan";"48,4367530";" -4,5757900"
"202000007440";"30";"1";"2020";"11:40";"1";"29";"29160";"2";"3";"1";"6";"Rue des Trois Freres le Jeune";"48,5027314";" -4,4282464"
"202000007441";"29";"1";"2020";"17:45";"1";"31";"31553";"1";"1";"1";"1";"D1";"43,7196760";"1,1351540"
"202000007442";"30";"1";"2020";"16:05";"1";"15";"15087";"1";"1";"2";"6";"D920";"44,7705481";"2,4602509"
"202000007443";"22";"1";"2020";"06:45";"3";"01";"01024";"1";"1";"2";"7";"Route de Montrevel";"46,2995980";"5,1519870"
"202000007444";"25";"1";"2020";"15:50";"1";"60";"60235";"1";"1";"5";"7";"D22";"49,3259122";"1,8124920"
"202000007445";"30";"1";"2020";"20:45";"3";"16";"16405";"1";"1";"2";"7";"Ld L'Ormeau";"45,5214410";" -0,0969350"
"202000007446";"30";"1";"2020";"13:30";"1";"40";"40273";"1";"1";"1";"1";"Route des Barthes";"43,5020050";" -1,3454870"
"202000007447";"30";"1";"2020";"21:45";"3";"24";"24291";"1";"1";"2";"7";"Pont des Combes";"45,0538180";"1,2061570"
"202000007448";"30";"1";"2020";"23:45";"3";"85";"85101";"1";"1";"2";"6";"La Botterie";"46,4450700";" -1,4090700"
"202000007449";"31";"1";"2020";"05:15";"3";"28";"28227";"1";"1";"1";"7";"D26.1";"48,5755780";"1,5595760"
"202000007450";"30";"1";"2020";"08:55";"1";"37";"37099";"1";"1";"2";"3";"D751";"47,2904571";"0,5282419"
"202000007451";"28";"1";"2020";"13:25";"1";"08";"08190";"2";"1";"7";"6";"Place Méhul";"50,1379720";"4,8215340"
"202000007452";"27";"1";"2020";"15:30";"1";"69";"69086";"1";"1";"2";" -1";"L'Arbresle (Embranchement d'autoroute)";"45,8452263";"4,6737713"
"202000007453";"30";"1";"2020";"08:50";"1";"38";"38486";"2";"2";"1";"1";"Rue du Dauphiné";"45,1669700";"5,6943100"
"202000007454";"29";"1";"2020";"07:35";"2";"91";"91085";"1";"1";"1";"5";"N20";"48,5429780";"2,2128870"
"202000007455";"30";"1";"2020";"23:45";"3";"974";"97420";"1";"1";"1";"3";"Route Nationale 2";" -20,9044720";"55,5985990"
"202000007456";"31";"1";"2020";"07:10";"5";"45";"45244";"2";"1";"2";"6";"Route d'Orleans";"47,7673630";"2,4786190"
"202000007457";"31";"1";"2020";"20:30";"5";"2B";"2B042";"2";"6";"1";"3";"Avenue de Borgo";"42,5621370";"9,4410750"
"202000007458";"31";"1";"2020";"03:30";"3";"2B";"2B350";"1";"1";"1";"6";"T20";"42,5205888";"9,4273639"
"202000007459";"30";"1";"2020";"07:45";"2";"88";"88432";"1";"1";"9";"1";"D47";"48,4389660";"6,5847240"
"202000007460";"30";"1";"2020";"07:55";"1";"54";"54145";"1";"9";"8";"2";"D81";"48,6475930";"6,3876920"
"202000007461";"30";"1";"2020";"18:15";"5";"42";"42147";"2";"1";"1";"1";"Rue de Beauregard";"45,6097970";"4,0590670"
"202000007462";"12";"1";"2020";"02:40";"5";"42";"42299";"2";"6";"1";"6";"La Croix Meyssant";"45,6127800";"4,0752410"
"202000007463";"31";"1";"2020";"14:05";"1";"86";"86078";"1";"1";"2";"6";"D35";"46,1335677";"0,3117133"
"202000007464";"30";"1";"2020";"15:10";"1";"49";"49020";"2";"1";"2";"6";"Rue du Bourg de Paille";"47,4737070";" -0,6244610"
"202000007465";"31";"1";"2020";"17:05";"1";"80";"80002";"1";"1";"1";"1";"A29";"49,8497550";"2,8135250"
"202000007466";"29";"1";"2020";"05:51";"5";"69";"69290";"1";"1";"2";"2";"RN 346 ";"45,7070000";"4,9673200"
"202000007467";"30";"1";"2020";"10:10";"1";"94";"94034";"1";"1";"2";"2";"AUTOROUTE A86";"48,7578133";"2,3277063"
"202000007468";"29";"1";"2020";"19:10";"5";"78";"78640";"1";"1";"1";"2";"N118";"48,7789570";"2,2224350"
"202000007469";"29";"1";"2020";"18:30";"5";"92";"92064";"1";"1";"1";"5";"A13";"48,8377401";"2,1898582"
"202000007470";"29";"1";"2020";"18:30";"5";"78";"78640";"1";"1";"2";"2";"N118";"48,7844420";"2,2230310"
"202000007471";"29";"1";"2020";"19:00";"3";"93";"93064";"1";"1";"1";"5";"AUTOROUTE A86";"48,8636900";"2,4824900"
"202000007472";"29";"1";"2020";"09:30";"1";"93";"93066";"1";"1";"1";"3";"AUTOROUTE A86";"48,9249500";"2,3407400"
"202000007473";"29";"1";"2020";"05:50";"3";"95";"95572";"1";"1";"2";"6";"AUTOROUTE A15";"49,0322400";"2,1086600"
"202000007474";"29";"1";"2020";"05:30";"3";"95";"95582";"1";"1";"1";"2";"AUTOROUTE A15";"48,9742300";"2,2451700"
"202000007475";"28";"1";"2020";"10:00";"1";"92";"92036";"1";"1";"1";"2";"AUTOROUTE A15";"48,9435500";"2,2873800"
"202000007476";"30";"1";"2020";"17:15";"3";"77";"77450";"1";"1";"1";"5";"RN104";"48,7219148";"2,5981593"
"202000007477";"30";"1";"2020";"14:00";"1";"77";"77373";"1";"1";"2";"2";"RN104";"48,7773637";"2,6140391"
"202000007478";"30";"1";"2020";"10:15";"1";"77";"77258";"1";"1";"2";" -1";"A4.W";"48,8301308";"2,6260938"
"202000007479";"28";"1";"2020";"11:00";"1";"974";"97409";"2";"1";"1";"2";"Chemin Valentin";" -20,9595687";"55,6751708"
"202000007480";"29";"1";"2020";"20:00";"5";"69";"69388";"2";"1";"1";"3";"JEAN MERMOZ                         (AV)";"45,7352500";"4,8730300"
"202000007481";"24";"1";"2020";"07:35";"1";"972";"97209";"2";"6";"1";"1";"BEAUSEJOUR JAMBETTE (ROUTE DE )";"14,6300100";" -61,0413700"
"202000007482";"27";"1";"2020";"21:30";"5";"972";"97209";"2";"2";"1";"3";"REDOUTE (ROUTE DE LA)";"14,6274460";" -61,0591030"
"202000007483";"29";"1";"2020";"07:30";"1";"69";"69034";"2";"3";"2";"6";"SOEUR VIALLY (DE LA)                (MO)";"45,7852600";"4,8471700"
"202000007484";"29";"1";"2020";"07:00";"5";"69";"69286";"2";"6";"2";"6";"CENTRE NAUTIQUE (DU)                (R )";"45,8164888";"4,8878354"
"202000007485";"29";"1";"2020";"17:20";"1";"2B";"2B033";"2";"3";"1";"1";"TOUTES RUES";"42,6811000";"9,4405000"
"202000007486";"29";"1";"2020";"09:30";"1";"971";"97120";"2";"1";"1";"7";"BD LEGITIMUS";"16,2447749";" -61,5341663"
"202000007487";"29";"1";"2020";"12:10";"1";"2A";"2A004";"2";"1";"1";"3";"MARECHAL JUIN AVENUE";"41,9376700";"8,7509600"
"202000007488";"29";"1";"2020";"10:44";"1";"2A";"2A004";"2";"1";"1";"7";"SEBASTIANU COSTA BD";"41,9418600";"8,7483300"
"202000007489";"27";"1";"2020";"01:20";"3";"95";"95280";"1";"1";"3";"7";"GOUSAINVILLE A ROISSY(ROUTE)";"49,0184500";"2,4948000"
"202000007490";"29";"1";"2020";"13:35";"1";"95";"95063";"2";"1";"1";"6";"RUE EMILE ZOLA";"48,9230000";"2,2141600"
"202000007491";"29";"1";"2020";"21:15";"5";"91";"91589";"2";"1";"1";"7";"BRIAND (BOULEVARD ARISTIDE)";"48,6825200";"2,3437900"
"202000007492";"28";"1";"2020";"18:00";"5";"91";"91377";"2";"9";"2";"3";"CHAMPARTS (RUE DES)";"48,7181000";"2,2963600"
"202000007493";"29";"1";"2020";"12:11";"1";"87";"87085";"2";"1";"2";"2";"BORIE (BOULEVARD DE LA)";"45,8349200";"1,2264700"
"202000007494";"29";"1";"2020";"07:10";"5";"83";"83137";"2";"9";"1";" -1";"RIVIERE (QUAI COMMANDANT)";"43,1354200";"5,9068440"
"202000007495";"29";"1";"2020";"19:30";" -1";"83";"83069";"2";"1";" -1";"6";"PERE ETERNEL (CHEMIN DU)";"43,1246900";"6,1503900"
"202000007496";"28";"1";"2020";"18:15";"2";"83";"83069";"2";"1";"1";"3";"SOURCE (CHEMIN DE LA)";"43,1099800";"6,1104900"
"202000007497";"29";"1";"2020";"17:15";"1";"82";"82121";"1";"1";"1";"1";"4500 Route d'Albefeuille Lagarde";"44,0478570";"1,2921260"
"202000007498";"28";"1";"2020";"09:00";"1";"78";"78423";"2";"9";"1";"3";"PRES (AVENUE DES)";"48,7802800";"2,0282100"
"202000007499";"26";"1";"2020";"11:40";"1";"78";"78005";"2";"1";"2";"3";"BASSES PLAINES (CHEMIN DES)";"48,9730000";"2,0702000"
"202000007500";"29";"1";"2020";"10:00";"1";"77";"77118";"1";"1";"1";"4";"D34E";"48,9433300";"2,6666600"
"202000007501";"28";"1";"2020";"19:05";"5";"73";"73011";"2";"1";"2";"3";"D990  TOURS (ROUTE DE)";"45,6680370";"6,3955510"
"202000007502";"28";"1";"2020";"20:25";"5";"72";"72181";"2";"1";"1";"3";"GAULLE GENERAL DE (AV DU)";"48,0040500";"0,2011400"
"202000007503";"29";"1";"2020";"07:55";"1";"71";"71306";"2";"2";"1";"6";"Rue de Bel Air";"46,6749655";"4,3686177"
"202000007504";"29";"1";"2020";"16:00";"1";"69";"69256";"2";"5";"2";"2";"PABLO PICASSO                       (AV)";"45,7739915";"4,9229991"
"202000007505";"28";"1";"2020";"13:40";"1";"67";"67482";"2";"4";"8";"4";"SCHIRMECK (ROUTE DE)";"48,5611520";"7,6942250"
"202000007506";"28";"1";"2020";"11:15";"1";"67";"67482";"2";"1";"2";"6";"OVIDE (RUE)";"48,5804491";"7,7058175"
"202000007507";"27";"1";"2020";"17:00";"2";"67";"67482";"2";"1";"8";"6";"RENAISSANCE (RUE DE LA)";"48,6136346";"7,7910660"
"202000007508";"27";"1";"2020";"18:15";"5";"63";"63245";"2";"3";"2";"3";"Blaise Pascal/Jean Jaurès";"45,8899210";"3,0765530"
"202000007509";"28";"1";"2020";"23:10";"5";"63";"63113";"2";"1";"1";"6";"FLAUBERT (BD GUSTAVE)";"45,7634300";"3,1259100"
"202000007510";"29";"1";"2020";"13:40";"1";"59";"59599";"2";"2";"1";"6";"PASTEUR (RUE)";"50,7257350";"3,1665120"
"202000007511";"29";"1";"2020";"13:30";"1";"59";"59527";"2";"3";"1";"3";"LAMBERSART RUE DE";"50,6597400";"3,0458400"
"202000007512";"18";"6";"2020";"18:19";"1";"68";"68224";"2";"2";"1";"1";"HEILMANN (RUE JOSUE)";"47,7523970";"7,3317970"
"202000007513";"18";"6";"2020";"18:00";"1";"68";"68066";"2";"9";"1";"6";"CLEFS (RUE DES)";"48,0788510";"7,3590020"
"202000007514";"18";"6";"2020";"18:30";"1";"67";"67482";"2";"1";"8";"6";"TEMPLE NEUF (RUE DU)";"48,5839200";"7,7496200"