"Num_Acc";"jour";"mois";"an";"hrmn";"lum";"dep";"com";"agg";"int";"atm";"col";"adr";"lat";"long"
"202000007515";"16";"6";"2020";"15:30";"1";"67";"67180";"2";"3";"1";"6";"MARECHAL JOFFRE (RUE DU)";"48,8167800";"7,7871800"
"202000007516";"18";"6";"2020";"15:55";"1";"66";"66136";"2";"3";"1";"3";"DE BONNEFOY ( RUE LOUIS)";"42,6763200";"2,8806600"
"202000007517";"18";"6";"2020";"13:49";"1";"66";"66136";"2";"1";"1";"6";"POINCARE (BOULEVARD HENRI)";"42,6915900";"2,8932700"
"202000007518";"16";"6";"2020";"22:20";"3";"66";"66136";"2";"1";"1";"6";"VIELLEDENT (JEAN)";"42,6959500";"2,8997200"
"202000007519";"19";"6";"2020";"15:10";"1";"64";"64483";"1";"1";"1";"3";"RD 810";"43,4067030";" -1,6277910"
"202000007520";"18";"6";"2020";"16:35";"1";"64";"64445";"2";"1";"1";"6";"BUROS DE";"43,3206800";" -0,3464300"
"202000007521";"17";"6";"2020";"16:25";"1";"64";"64445";"2";"6";"1";"6";"CAZAUBON NORBERT";"43,3040700";" -0,3669600"
"202000007522";"19";"6";"2020";"14:05";"1";"64";"64102";"2";"1";"1";"7";"QUATORZE AVRIL (AVENUE DU)";"43,5025000";" -1,4565000"
"202000007523";"18";"6";"2020";"21:00";"1";"64";"64024";"2";"1";"1";"7";"BAB (BOULEVARD DU)";"43,4938800";" -1,5202400"
"202000007524";"19";"6";"2020";"15:30";"1";"59";"59599";"2";"1";"1";"6";"DROUOT (RUE DU GENERAL)";"50,7313000";"3,1843000"
"202000007525";"18";"6";"2020";"19:10";"1";"59";"59009";"2";"2";"1";" -1";"DECUGIS YVES RUE         RESTE";"50,6190770";"3,1422490"
"202000007526";"19";"6";"2020";"10:15";"1";"56";"56260";"2";"6";"1";"2";"FRANCE LIBRE (GIRATOIRE DE)";"47,6595300";" -2,7811800"
"202000007527";"18";"6";"2020";"18:00";"1";"56";"56083";"1";"1";"1";"4";"RN 165";"47,7892034";" -3,2902718"
"202000007528";"18";"6";"2020";"17:05";"1";"56";"56083";"2";"1";"1";"5";"Avenue de la République";"47,8006700";" -3,2850500"
"202000007529";"18";"6";"2020";"13:00";"1";"54";"54526";"2";"3";"1";"3";"CAMELINAT (RUE)";"48,6880247";"6,2074283"
"202000007530";"18";"6";"2020";"14:45";"1";"51";"51454";"2";"1";"1";"3";"Rue Ponsardin";"49,2527287";"4,0398722"
"202000007531";"16";"6";"2020";"18:05";"1";"50";"50129";"2";"2";"1";"3";"PONT CARREAU";"49,6335400";" -1,6173900"
"202000007532";"19";"6";"2020";"09:10";"1";"45";"45208";"2";"1";"1";"6";"Rue de l'Europe";"47,9949492";"2,7405918"
"202000007533";"19";"6";"2020";"21:10";"5";"38";"38185";"2";"2";"1";"3";"Boulevard Gambetta";"45,1878400";"5,7234500"
"202000007534";"19";"6";"2020";"09:30";"1";"38";"38185";"2";"1";"1";"6";"Rue Pascal";"45,1681200";"5,7353400"
"202000007535";"18";"6";"2020";"18:55";"1";"34";"34172";"2";"9";"1";"3";"ASSAS (AVENUE D')";"43,6199500";"3,8589200"
"202000007536";"18";"6";"2020";"13:09";"1";"32";"32013";"1";"1";"1";"7";"HAGET (CHEMIN DU)";"43,6584900";"0,6127500"
"202000007537";"20";"6";"2020";"00:53";"5";"29";"29019";"2";"1";"1";"6";"Place Albert Premier";"48,3980542";" -4,4893067"
"202000007538";"18";"6";"2020";"12:05";"1";"25";"25056";"2";"1";"1";"6";"CAUSSES RUE DES";"47,2176000";"5,9665100"
"202000007539";"19";"6";"2020";"17:38";"1";"17";"17028";"2";"1";"1";"6";"SALENGRO   AVENUE ROGER";"46,1402700";" -1,1350200"
"202000007540";"19";"6";"2020";"11:00";"1";"16";"16015";"2";"1";"1";"6";"267 Avenue de Navarre";"45,6349270";"0,1541820"
"202000007541";"20";"6";"2020";"00:00";"3";"14";"14574";"1";"1";"1";"6";"D. 159";"49,1573000";"0,1850900"
"202000007542";"19";"6";"2020";"17:45";"1";"14";"14327";"2";"6";"1";"3";"BOSTON (PLACE DE)";"49,2119000";" -0,3560200"
"202000007543";"19";"6";"2020";"08:15";"1";"14";"14118";"2";"3";"2";"5";"SAINT NORBERT (RUE)";"49,1895300";" -0,4034700"
"202000007544";"19";"6";"2020";"18:50";"1";"13";"13075";"2";"1";"1";"7";"LOUIS PASTEUR (AVE)";"43,3560112";"5,4665694"
"202000007545";"18";"6";"2020";"19:50";"1";"13";"13202";"2";"9";"1";"6";"CHEMIN DU LITTORAL (CHEMIN DU)";"43,3470850";"5,3443510"
"202000007546";"19";"6";"2020";"08:10";"1";"13";"13201";"2";"3";"1";"3";"BELSUNCE (COURS)";"43,2963800";"5,3776900"
"202000007547";"18";"6";"2020";"16:16";"1";"13";"13202";"2";"1";"1";"3";"LITTORAL (CHEMIN DU)";"43,3323177";"5,3547472"
"202000007548";"19";"6";"2020";"02:55";"5";"11";"11262";"2";"1";"1";"7";"BORDEAUX (AVENUE DE)";"43,1819700";"2,9890600"
"202000007549";"13";"6";"2020";"03:20";"5";"11";"11262";"2";"3";"1";"6";"1848 (BOULEVARD)";"43,1916318";"3,0151800"
"202000007550";"11";"7";"2020";"02:25";"5";"54";"54395";"2";"1";"1";"3";"FOUCAULD (RUE CHARLES DE)";"48,7016606";"6,1831623"
"202000007551";"17";"6";"2020";"15:15";"1";"11";"11262";"2";"3";"1";"3";"MISTRAL (BOULEVARD FREDERIC)";"43,1850600";"3,0005300"
"202000007552";"20";"7";"2020";"19:15";"1";"51";"51454";"2";"2";"1";"3";"Rue Chanzy";"49,2522465";"4,0320437"
"202000007553";"20";"7";"2020";"04:00";"5";"51";"51454";"2";"1";"1";"3";"Rue Ledru Rollin";"49,2371336";"4,0349388"
"202000007554";"18";"6";"2020";"16:10";"1";"06";"06088";"2";"1";"1";"3";"ANGLAIS (A PARTIR DU N° 351)";"43,6717000";"7,2246000"
"202000007555";"19";"6";"2020";"17:15";"1";"06";"06155";"2";"3";"1";"3";"JAUBERT AV.";"43,5791470";"7,0498860"
"202000007556";"19";"7";"2020";"04:50";"5";"45";"45208";"2";"2";"1";"3";"D973 PR 0 + 1";"47,9983000";"2,7464000"
"202000007557";"20";"7";"2020";"13:45";"1";"42";"42186";"2";"1";"1";"6";"Route de Montjoint";"45,5320448";"4,6199941"
"202000007558";"19";"6";"2020";"21:00";"2";"75";"75115";"2";"1";"1";"2";"BOULEVARD PERIPHERIQUE";"48,8263760";"2,2970130"
"202000007559";"19";"7";"2020";"22:20";"5";"39";"39300";"2";"1";"1";"1";"280 Rue des Violettes";"46,6766000";"5,5725000"
"202000007560";"20";"7";"2020";"15:17";"1";"37";"37261";"2";"1";"1";"2";"GRAMMONT (AVENUE DE)";"47,3731276";"0,6956984"
"202000007561";"19";"6";"2020";"11:55";"1";"75";"75116";"2";"4";"1";"4";"BOULEVARD PERIPHERIQUE";"48,8410680";"2,2541870"
"202000007562";"20";"7";"2020";"09:15";"1";"37";"37261";"2";"2";"1";"6";"FEBVOTTE (RUE)";"47,3771454";"0,6882322"
"202000007563";"20";"7";"2020";"10:00";"1";"35";"35055";"1";"6";"1";"7";"RD 173";"48,0782000";" -1,6327810"
"202000007564";"20";"7";"2020";"15:27";"1";"34";"34003";"2";"1";"1";"3";"ROCHELONGUE (G14 A O16";"43,2791314";"3,4811445"
"202000007565";"19";"6";"2020";"08:45";"1";"75";"75114";"2";"1";"1";"3";"BOULEVARD PERIPHERIQUE";"48,8206780";"2,3231450"
"202000007566";"20";"7";"2020";"04:38";"5";"33";"33069";"2";"1";"1";"3";"AVE DE TIVOLI";"44,8628700";" -0,5933900"
"202000007567";"18";"6";"2020";"18:00";"1";"75";"75117";"2";"1";"1";"3";"PORTE DE CHAMPERRET";"48,8839810";"2,2852790"
"202000007568";"17";"6";"2020";"19:45";"1";"75";"75117";"2";"1";"1";"3";"PORTE DE SAINT OUEN";"48,9003480";"2,3221740"
"202000007569";"18";"7";"2020";"16:30";"1";"31";"31555";"2";"4";"1";"3";"AV DES ETATS UNIS";"43,6282373";"1,4331847"
"202000007570";"20";"7";"2020";"08:15";"1";"29";"29232";"2";"6";"1";"2";"D783 - Boulevard President Allende";"47,9953200";" -4,0730900"
"202000007571";"14";"7";"2020";"15:55";"1";"29";"29019";"2";"3";"1";"6";"Rue du Carpon";"48,3897361";" -4,5011061"
"202000007572";"19";"6";"2020";"10:06";"1";"75";"75111";"2";"1";"1";"3";"BOULEVARD BEAUMARCHAIS";"48,8552710";"2,3686200"
"202000007573";"20";"7";"2020";"14:00";"1";"17";"17306";"2";"1";"1";"3";"ROCHEFORT (DE)  (AVENUE)";"45,6488800";" -1,0244100"
"202000007574";"19";"6";"2020";"09:20";"1";"75";"75120";"2";"2";"1";"3";"RUE DE BUZENVAL";"48,8540360";"2,3999440"
"202000007575";"20";"7";"2020";"17:05";"1";"16";"16374";"2";"1";"1";"6";"Av du Général de Gaulle";"45,6363000";"0,2075910"
"202000007576";"20";"7";"2020";"10:30";"1";"13";"13117";"2";"1";"1";"6";"SALYENS ( AVENUE DES )";"43,4419500";"5,2531000"
"202000007577";"19";"6";"2020";"14:10";"1";"75";"75119";"2";"1";"1";"3";"RUE MANIN";"48,8836910";"2,3896200"
"202000007578";"20";"7";"2020";"18:30";"1";"13";"13215";"2";"1";"1";"2";"BERNABO (Bd)";"43,3365800";"5,3549728"
"202000007579";"19";"6";"2020";"14:50";"1";"75";"75120";"2";"4";"1";"6";"RUE DE BELLEVILLE";"48,8768070";"2,4052460"
"202000007580";"20";"7";"2020";"02:42";"5";"13";"13208";"2";"1";"1";"2";"MENDES FRANCE (AVENUE)";"43,2537600";"5,3760400"
"202000007581";"19";"6";"2020";"12:30";"1";"75";"75119";"2";"1";"1";"3";"AVENUE SIMON BOLIVAR";"48,8769180";"2,3743490"
"202000007582";"18";"7";"2020";"22:30";"5";"13";"13207";"2";"1";"1";" -1";"Corniche John Fitzgérald Kennedy";"43,2883400";"5,3530700"
"202000007583";"19";"7";"2020";"05:30";"2";"13";"13005";"1";"1";"1";"7";"LASCOURS (CHEMIN DE )";"43,3302273";"5,5732387"
"202000007584";"20";"7";"2020";"01:35";"5";"06";"06088";"2";"9";"1";"6";"JAURES (BD JEAN)";"43,6966000";"7,2706000"
"202000007585";"19";"6";"2020";"07:40";"1";"75";"75118";"2";"2";"1";"3";"RUE DAMREMONT";"48,8936380";"2,3363750"
"202000007586";"17";"7";"2020";"11:47";"1";"05";"05061";"2";"3";"1";"3";"GENERAL DE GAULLE ( BD )";"44,5590300";"6,0751500"
"202000007587";"19";"6";"2020";"19:40";"1";"75";"75117";"2";"7";"1";"3";"RUE DU CAPORAL PEUGEOT";"48,8879180";"2,2887890"
"202000007588";"19";"7";"2020";"06:25";"1";"75";"75120";"2";"1";"1";"6";"PORTE DES LILAS";"48,8755560";"2,4099530"
"202000007589";"19";"6";"2020";"15:00";"1";"75";"75117";"2";"2";"1";"6";"BOULEVARD DE COURCELLES";"48,8812060";"2,3155720"
"202000007590";"20";"7";"2020";"22:50";"5";"75";"75119";"2";"2";"1";"4";"RUE PETIT";"48,8847790";"2,3812610"
"202000007591";"19";"6";"2020";"00:25";"5";"75";"75116";"2";"1";"1";"2";"ALLEE DE LONGCHAMP";"48,8644370";"2,2418700"
"202000007592";"19";"7";"2020";"23:00";"4";"75";"75117";"2";"1";"1";"7";"RUE DES APENNINS";"48,8902310";"2,3215120"
"202000007593";"19";"6";"2020";"01:35";"5";"75";"75116";"2";"2";"1";"3";"ALLEE DE LONGCHAMP";"48,8676550";"2,2508820"
"202000007594";"20";"7";"2020";"05:40";"1";"75";"75115";"2";"2";"1";"7";"QUAI ANDRE CITROEN";"48,8493290";"2,2816260"
"202000007595";"20";"7";"2020";"22:05";"2";"75";"75114";"2";"5";"1";"3";"RUE D ALESIA";"48,8305350";"2,3192670"
"202000007596";"19";"6";"2020";"20:30";"1";"75";"75115";"2";"1";"1";"3";"PONT MIRABEAU";"48,8464460";"2,2760690"
"202000007597";"18";"6";"2020";"11:55";"1";"75";"75115";"2";"4";"1";" -1";"AVENUE DE SUFFREN";"48,8527970";"2,2983470"
"202000007598";"20";"7";"2020";"06:00";"1";"75";"75113";"2";"2";"1";"3";"BOULEVARD MASSENA";"48,8201240";"2,3646490"
"202000007599";"20";"7";"2020";"10:10";"1";"75";"75110";"2";"1";"1";"3";"QUAI DE VALMY";"48,8819570";"2,3687580"
"202000007600";"19";"6";"2020";"16:55";"1";"75";"75114";"2";"1";"1";"3";"AVENUE RENE COTY";"48,8325400";"2,3329370"
"202000007601";"20";"7";"2020";"14:55";"1";"75";"75109";"2";"2";"1";"3";"BOULEVARD DES ITALIENS";"48,8712760";"2,3359300"
"202000007602";"19";"6";"2020";"09:24";"1";"75";"75113";"2";"3";"1";"3";"RUE CHARLES MOUREU";"48,8275700";"2,3624540"
"202000007603";"20";"7";"2020";"22:15";"5";"75";"75103";"2";"4";"1";"3";"RUE DU TEMPLE";"48,8671620";"2,3629090"
"202000007604";"18";"6";"2020";"21:40";"2";"75";"75111";"2";"3";"1";"3";"BOULEVARD DE MENILMONTANT";"48,8652550";"2,3845720"
"202000007605";"20";"7";"2020";"20:30";"1";"75";"75101";"2";"7";"1";"6";"PLACE VENDOME";"48,8670860";"2,3290430"
"202000007606";"19";"6";"2020";"08:19";"1";"75";"75111";"2";"4";"1";"6";"RUE DE LA FONTAINE AU ROI";"48,8686880";"2,3681280"
"202000007607";"20";"7";"2020";"17:40";"1";"75";"75104";"2";"3";"1";"6";"RUE DE RIVOLI";"48,8554560";"2,3600900"
"202000007608";"19";"6";"2020";"14:25";"1";"75";"75108";"2";"7";"1";"7";"PLACE DE LA MADELEINE";"48,8699890";"2,3252480"
"202000007609";"20";"7";"2020";"18:25";"1";"75";"75104";"2";"2";"1";"6";"RUE DE RIVOLI";"48,8578960";"2,3502000"
"202000007610";"19";"6";"2020";"00:15";"5";"75";"75104";"2";"1";"1";"7";"BOULEVARD HENRI IV";"48,8514130";"2,3632610"
"202000007611";"20";"7";"2020";"13:35";"1";"75";"75102";"2";"2";"1";"3";"RUE DU LOUVRE";"48,8667490";"2,3438370"
"202000007612";"19";"6";"2020";"07:20";"1";"75";"75103";"2";"2";"1";"3";"RUE SAINT MARTIN";"48,8679050";"2,3550070"
"202000007613";"19";"7";"2020";"01:55";"5";"94";"94081";"2";"2";"1";"3";"FERME (R DE LA)";"48,7874400";"2,4015400"
"202000007614";"19";"6";"2020";"19:30";"1";"94";"94042";"2";"1";"1";"2";"GENERAL GALLIENI - PONT DE JOINVILLE (AV";"48,8200000";"2,4680000"
"202000007615";"19";"7";"2020";"21:42";"2";"94";"94068";"2";"4";"1";"3";"MAURICE BERTEAUX (BD)";"48,8097900";"2,4711300"
"202000007616";"18";"6";"2020";"21:10";"2";"94";"94042";"2";"1";"1";"3";"GENERAL GALLIENI (AV DU)";"48,8200800";"2,4771300"
"202000007617";"20";"7";"2020";"18:45";"1";"94";"94042";"2";"2";"1";"3";"EUROPE (BD DE L)";"48,8149200";"2,4632100"
"202000007618";"20";"7";"2020";"18:20";"1";"94";"94046";"2";"1";"1";"6";"REPUBLIQUE (AV DE LA)";"48,8080000";"2,4497000"
"202000007619";"19";"6";"2020";"08:40";"1";"94";"94076";"2";"1";"1";"7";"DAUPHIN (R)";"48,8058100";"2,3642000"
"202000007620";"18";"6";"2020";"12:32";"1";"94";"94076";"2";"1";"1";"3";"MAXIME GORKI (BD)";"48,7933600";"2,3691200"
"202000007621";"19";"7";"2020";"23:30";"5";"94";"94028";"2";"1";"1";"4";"AV DE LA POMPADOUR";"48,7734000";"2,4357000"
"202000007622";"20";"7";"2020";"20:10";"1";"94";"94076";"2";"1";"1";"7";"MAXIME GORKI (BD)";"48,7941010";"2,3690030"
"202000007623";"17";"6";"2020";"22:00";"5";"94";"94016";"2";"1";"1";"2";"EUROPE (AV DE L)";"48,7858700";"2,3278400"
"202000007624";"19";"7";"2020";"17:54";"1";"94";"94016";"2";"2";"1";"3";"MARX DORMOY (R)";"48,7937610";"2,3337290"
"202000007625";"18";"7";"2020";"20:45";"1";"94";"94076";"2";"9";"1";"2";"MAXIME GORKI (R)";"48,7981100";"2,3673200"
"202000007626";"17";"7";"2020";"23:00";"3";"94";"94028";"2";"1";"1";"3";"Duvauchelle (rue Dominique)";"48,7680203";"2,4554749"
"202000007627";"19";"6";"2020";"10:05";"1";"93";"93066";"2";"1";"1";"3";"CHEMIN VERT";"48,9451264";"2,3808570"
"202000007628";"19";"7";"2020";"12:30";"1";"93";"93073";"2";"1";"1";"2";"AV LOUIS DEQUET";"48,9547883";"2,5810900"
"202000007629";"19";"6";"2020";"15:10";"1";"93";"93077";"2";"6";"1";"6";"OUTREBON (AVENUE)";"48,8888600";"2,5111000"
"202000007630";"19";"7";"2020";"20:50";"1";"93";"93066";"2";"3";"1";"6";"BRISE ECHALAS";"48,9386547";"2,3458908"
"202000007631";"19";"6";"2020";"14:40";"1";"93";"93014";"2";"1";"1";"3";"ALL DE COUBRON";"48,9117300";"2,5500800"
"202000007632";"20";"7";"2020";"18:15";"1";"93";"93049";"2";"1";"1";"3";"GALLIENI (BOULEVARD)";"48,8534054";"2,5160171"
"202000007633";"18";"6";"2020";"23:00";"5";"92";"92020";"2";"2";"1";"3";"VANVES BOULEVARD DE N° PAIRS";"48,8099597";"2,2825454"
"202000007634";"19";"6";"2020";"17:40";"1";"92";"92024";"2";"2";"2";"3";"GENERAL LECLERC (BD DU) (9 A 59)   (4 A";"48,9024000";"2,3139000"
"202000007635";"20";"7";"2020";"19:30";"1";"93";"93001";"2";"1";"1";"6";"DANIELLE CASANOVA (RUE)  56 =>";"48,9185654";"2,3925636"
"202000007636";"19";"6";"2020";"11:05";"1";"92";"92002";"2";"3";"1";"6";"FONTAINE MOUTON (AVENUE DE LA)";"48,7386368";"2,2903632"
"202000007637";"19";"7";"2020";"10:50";"1";"93";"93027";"2";"1";"1";"3";"JAURES (AVENUE JEAN)";"48,9251800";"2,3987600"
"202000007638";"19";"6";"2020";"17:15";"1";"83";"83003";"1";"1";"1";"3";"D49";"43,6060640";"6,3704290"
"202000007639";"20";"7";"2020";"21:00";"1";"93";"93047";"2";"3";"1";"3";"CLICHY (AVENUE DE)";"48,9030648";"2,5621743"
"202000007640";"20";"6";"2020";"12:24";"1";"74";"74238";"1";"1";"1";"1";"D902 ROUTE DES GRANDES ALPES";"46,2471330";"6,6365310"
"202000007641";"20";"6";"2020";"05:30";"5";"972";"97229";"2";"1";"1";"7";"44 Ancienne Route de Schoelcher";"14,6110140";" -61,0924170"
"202000007642";"20";"7";"2020";"19:00";"1";"93";"93005";"2";"1";"1";"6";"ANDRE CITROEN (BOULEVARD)";"48,9590033";"2,4860566"
"202000007643";"20";"6";"2020";"09:20";"1";"83";"83004";"1";"2";"1";"3";"D555";"43,4702220";"6,4848520"
"202000007644";"19";"6";"2020";"14:25";"1";"27";"27478";"2";"1";"1";"6";"Rue Charles de Gaulle";"48,9679490";"1,2075410"
"202000007645";"20";"7";"2020";"08:15";"1";"93";"93005";"2";"1";"1";"2";"R DE LA DIVISION LECLERC";"48,9241772";"2,4901748"
"202000007646";"19";"6";"2020";"20:00";"1";"42";"42194";"1";"1";"1";"1";"D46 Chez garon";"46,2510580";"3,8420340"
"202000007647";"20";"7";"2020";"18:40";"1";"93";"93001";"2";"2";"1";"6";"JEAN JAURES  (AVE)  157 A 213";"48,9113628";"2,4003266"
"202000007648";"19";"6";"2020";"17:10";"1";"79";"79307";"2";"1";"1";" -1";"16 Rue de la Chevalonnerie";"46,1337500";"0,1084520"
"202000007649";"19";"6";"2020";"17:22";"1";"68";"68043";"1";"6";"1";"3";"D83 - rons point du nouveau monde";"47,8731836";"7,2479008"
"202000007650";"20";"6";"2020";"04:13";"5";"44";"44036";"2";"6";"1";"1";"D771";"47,7005630";" -1,4042540"
"202000007651";"20";"7";"2020";"14:50";"1";"93";"93001";"2";"1";"1";"3";"JEAN JAURES  (AVE)  157 A 213";"48,9095889";"2,3983984"
"202000007652";"19";"6";"2020";"18:00";"1";"87";"87143";"1";"9";"1";"1";"Rue de la Gagnerie";"45,9130860";"1,1415800"
"202000007653";"9";"6";"2020";"18:55";"1";"51";"51508";"2";"1";"1";"6";"8 Rue du Stade";"48,6071505";"4,4052480"
"202000007654";"19";"6";"2020";"15:15";"1";"51";"51535";"1";"1";"1";"2";"N4";"48,7197348";"3,7625386"
"202000007655";"20";"7";"2020";"20:50";"1";"92";"92048";"2";"1";"1";"2";"PARIS (RUE DE) N° 12 A 164";"48,8125990";"2,2447140"
"202000007656";"20";"6";"2020";"01:35";"3";"56";"56063";"1";"1";"1";"6";"Route de Pont-scorff";"47,8177010";" -3,4353410"
"202000007657";"20";"6";"2020";"10:45";"1";"74";"74071";"2";"3";"1";"3";"75 Route d'Annecy";"46,0274740";"5,8903560"
"202000007658";"20";"6";"2020";"04:50";"2";"76";"76258";"2";"1";"1";"7";"Le Vogosse (Sainte-Marguerite-sur-Fauville)";"49,6733600";"0,6131860"
"202000007659";"19";"7";"2020";"14:00";"1";"92";"92004";"2";"1";"1";"3";"VOLTAIRE ( BD 16 A FIN )";"48,9162900";"2,2900100"
"202000007660";"21";"7";"2020";"06:45";"1";"26";"26177";"2";"2";"1";"1";"15 Grande Rue";"45,1179330";"4,9414870"
"202000007661";"18";"7";"2020";"12:55";"1";"95";"95229";"2";"6";"1";"7";"Avenue Jean Rostand";"49,0341805";"2,3419283"
"202000007662";"19";"7";"2020";"16:00";"1";"52";"52331";"2";"1";"1";" -1";"63 Avenue de Champagne";"48,4875540";"4,7592790"
"202000007663";"18";"6";"2020";"15:45";"1";"2A";"2A228";"1";"1";"1";"2";"Allee des Rouges Gorges";"41,8397930";"8,7701530"
"202000007664";"19";"6";"2020";"19:15";"1";"2A";"2A271";"2";"1";"1";"3";"RT 22";"41,9628230";"8,8117282"
"202000007665";"19";"6";"2020";"23:15";"3";"2B";"2B096";"2";"1";"1";"7";"D39";"42,3068560";"9,1633380"
"202000007666";"21";"6";"2020";"14:58";"1";"73";"73180";"1";"3";"1";"3";"D991";"45,9319460";"5,8357470"
"202000007667";"20";"6";"2020";"03:00";"3";"82";"82155";"1";"1";"1";"6";"D115";"44,1406960";"1,7947790"
"202000007668";"20";"7";"2020";"21:30";"1";"31";"31044";"2";"1";"1";"6";"14 Avenue des Mourlingues";"43,6036070";"1,5094650"
"202000007669";"19";"6";"2020";"18:05";"1";"32";"32180";"1";"1";"1";"2";"D254";"43,9059320";"0,2035050"
"202000007670";"21";"7";"2020";"18:23";"1";"21";"21138";"1";"1";"1";"5";"A39";"47,1891000";"5,3244540"
"202000007671";"20";"6";"2020";"09:13";"1";"11";"11251";"2";"1";"1";"6";"Route du pont neuf - Montlaur";"43,1268130";"2,5543430"
"202000007672";"21";"7";"2020";"12:35";"1";"67";"67490";"1";"6";"1";"3";"3 Rue Principale";"48,3193380";"7,3486630"
"202000007673";"20";"6";"2020";"10:00";"1";"89";"89405";"1";"1";"1";"7";"D950";"47,6288239";"3,4853533"
"202000007674";"21";"7";"2020";"14:00";"1";"11";"11203";"1";"1";"1";"3";"D6113";"43,2072090";"2,7999690"
"202000007675";"20";"6";"2020";"04:30";"3";"63";"63179";"1";"1";"1";"7";"D906";"45,5969020";"3,7233730"
"202000007676";"21";"7";"2020";"13:15";"1";"85";"85215";"1";"1";"1";"6";"D11";"46,8549200";" -1,1531800"
"202000007677";"18";"6";"2020";"17:15";"1";"68";"68065";"1";"1";"1";"7";"D32";"47,6444220";"7,0368610"
"202000007678";"19";"7";"2020";"17:30";"1";"63";"63352";"1";"1";"7";"6";"A75 - PK 43+800 - Sens Nord / Sud";"45,4458010";"3,2695700"
"202000007679";"21";"7";"2020";"13:20";"1";"50";"50512";"1";"1";"1";"7";"Les Trois Cailloux";"49,0399220";" -1,1581620"
"202000007680";"19";"7";"2020";"09:20";"1";"83";"83131";"1";"9";"1";"2";"3 Rue des Vergers";"43,2130570";"6,0259460"
"202000007681";"19";"6";"2020";"15:05";"1";"26";"26299";"1";"1";"1";"1";"D93";"44,7620890";"5,2896930"
"202000007682";"12";"7";"2020";"11:45";"1";"57";"57089";"2";"1";"1";"6";"7 Rue de Wissembourg";"49,0547420";"7,4467620"
"202000007683";"19";"6";"2020";"16:35";"1";"54";"54131";"1";"1";"1";"6";"D120";"48,8825080";"6,1913430"
"202000007684";"28";"6";"2020";"10:26";"1";"76";"76191";"1";"2";"1";"3";"Terres de la Corbiere";"49,7226286";"1,1453594"
"202000007685";"10";"7";"2020";"14:30";"1";"76";"76395";"1";"3";"1";"3";"Route de Dieppe";"49,8798970";"0,9670760"
"202000007686";"20";"6";"2020";"16:20";"1";"61";"61203";"1";"3";"1";"4";"RD 30";"48,3963250";"0,0594270"
"202000007687";"20";"7";"2020";"14:00";"1";"79";"79202";"2";"6";"1";"3";"Rue de Chanzy";"46,6444500";" -0,2428260"
"202000007688";"20";"6";"2020";"18:25";"1";"14";"14371";"1";"2";"1";"6";"Les Prés de Court";"49,0519260";"0,2014230"
"202000007689";"21";"7";"2020";"13:45";"1";"80";"80791";"2";"1";"1";"6";"9 Cote de Vers";"49,8531100";"2,2379120"
"202000007690";"20";"6";"2020";"18:00";"1";"05";"05152";"1";"1";"1";"7";"L'ubac 05800";"44,8049810";"6,1181400"
"202000007691";"21";"7";"2020";"10:50";"1";"81";"81177";"1";"1";"1";"7";"D612";"43,6995590";"2,2129240"
"202000007692";"20";"6";"2020";"13:15";"1";"50";"50267";"1";"1";"1";"6";"Route du Calvaire";"49,2502290";" -1,5433320"
"202000007693";"18";"7";"2020";"19:40";"1";"47";"47038";"1";"1";"1";"7";"D146";"44,3453350";"0,3916450"
"202000007694";"20";"6";"2020";"16:50";"1";"60";"60193";"1";"1";"1";"7";"chemin d'amiens";"49,6962249";"1,9235730"
"202000007695";"11";"7";"2020";"18:29";"1";"38";"38130";"1";"2";"1";"3";"Route de Champier";"45,4156580";"5,2613490"
"202000007696";"21";"7";"2020";"17:30";"1";"38";"38416";"2";"1";"1";"6";"Boulevard du Champ de Mars";"45,1527400";"5,3192700"
"202000007697";"13";"6";"2020";"16:44";"1";"45";"45182";"2";"1";"2";" -1";"D19 - PR 18 + 700";"47,6742167";"1,7983917"
"202000007698";"20";"6";"2020";"10:45";"1";"73";"73183";"1";"2";"1";"3";"D22 Route des Vignes";"45,5098637";"5,9858643"
"202000007699";"21";"7";"2020";"10:25";"1";"03";"03210";"1";"3";"1";"2";"N/A";"46,7035810";"3,0089199"
"202000007700";"20";"6";"2020";"04:00";"3";"10";"10209";"1";"1";"1";"2";"RD 619 PK 80+500";"48,2439390";"4,2819640"
"202000007701";"20";"7";"2020";"22:48";"5";"01";"01195";"2";"3";"1";"6";"233 Rue Charles Robin";"46,2121430";"5,3254240"
"202000007702";"21";"7";"2020";"21:05";"1";"54";"54200";"1";"1";"1";"7";"D 904";"48,8825260";"5,8459280"
"202000007703";"19";"6";"2020";"18:20";"1";"16";"16192";"1";"3";"1";"3";"Ld Pont Sigoulant";"45,8841155";"0,5962469"
"202000007704";"21";"7";"2020";"04:10";"3";"16";"16400";"1";"1";"1";"6";"Lieu dit Le Bois des Chaumes";"45,9543840";"0,2012700"
"202000007705";"19";"6";"2020";"20:08";"1";"16";"16064";"1";"1";"1";"6";"Ld Anglars";"45,9666370";"0,8695360"
"202000007706";"20";"7";"2020";"17:45";"1";"16";"16249";"1";"1";"1";"6";"Lieu-dit Chevillac";"46,1247250";"0,7561290"
"202000007707";"19";"6";"2020";"19:45";"1";"07";"07339";"1";"1";"1";"3";"D104";"44,6723150";"4,4580460"
"202000007708";"20";"7";"2020";"19:45";"1";"85";"85103";"1";"1";"1";"5";"910 Route des Sables";"46,5362590";" -1,6265670"