"Num_Acc";"jour";"mois";"an";"hrmn";"lum";"dep";"com";"agg";"int";"atm";"col";"adr";"lat";"long"
"202000007709";"20";"6";"2020";"17:50";"1";"53";"53040";"1";"1";"1";"3";"RD 106 PK 9+200";"48,1368670";" -1,0545910"
"202000007710";"20";"7";"2020";"19:59";"1";"27";"27028";"2";"8";"1";"3";"D46";"49,2217040";"0,6976530"
"202000007711";"19";"7";"2020";"15:41";"1";"27";"27680";"1";"1";"1";"6";"D438";"48,9141530";"0,4228540"
"202000007712";"19";"6";"2020";"17:50";"1";"87";"87012";"1";"1";"1";"7";"N147";"46,0605020";"1,1172370"
"202000007713";"19";"7";"2020";"20:30";"1";"17";"17459";"1";"1";"1";"1";"rue du bois de garde";"45,9123490";" -0,4234630"
"202000007714";"20";"6";"2020";"07:35";"1";"87";"87012";"1";"1";"1";"1";"pont de la varogne";"46,0570170";"1,1213030"
"202000007715";"21";"7";"2020";"12:40";"1";"30";"30339";"1";"1";"1";"6";"Val-d'Aigoual";"44,0984960";"3,5561800"
"202000007716";"21";"7";"2020";"07:40";"1";"973";"97309";"2";"1";"1";"2";"Rue Passiflore";"4,8923640";" -52,2853460"
"202000007717";"21";"7";"2020";"13:20";"1";"51";"51572";"1";"1";"1";"6";"A4";"49,0359472";"4,6148220"
"202000007718";"19";"6";"2020";"20:30";"1";"30";"30030";"1";"1";"1";"2";"route departentale 161";"44,0354730";"4,2784590"
"202000007719";"20";"7";"2020";"19:10";"1";"76";"76391";"1";"1";"1";"4";"A13";"49,3387700";"0,9544160"
"202000007720";"11";"6";"2020";"06:45";"1";"30";"30077";"1";"1";"1";"6";"Route de la Baume";"44,1544760";"4,0336450"
"202000007721";"19";"6";"2020";"13:23";"1";"30";"30284";"2";"1";"1";"6";"Route de Villefort";"44,1725860";"4,0826120"
"202000007722";"20";"6";"2020";"10:25";"1";"08";"08460";"2";"3";"8";"3";"D8043";"49,8468940";"4,5011650"
"202000007723";"20";"7";"2020";"11:23";"1";"13";"13051";"1";"1";"1";"5";"A7";"43,5939360";"5,1749900"
"202000007724";"19";"7";"2020";"20:30";"5";"988";"98817";"2";"3";"2";"6";"RP2/RUE DES JAMELONNIERS";" -22,2428880";"166,5761230"
"202000007725";"20";"6";"2020";"11:50";"1";"88";"88468";"2";"3";"1";"3";"9 Avenue de Verdun";"47,8813680";"6,7621390"
"202000007726";"21";"7";"2020";"23:00";"3";"988";"98804";"1";"1";"1";"7";"TRIBU DE HAOULI/CANALA/RPN3";" -21,5274420";"165,8708740"
"202000007727";"17";"7";"2020";"11:30";"1";"973";"97313";"1";"1";"1";"7";"N2";"4,7822880";" -52,4184540"
"202000007728";"20";"6";"2020";"00:30";"3";"49";"49092";"1";"1";"1";"7";"bretelle de sortie A87 sens 2";"47,2383800";" -0,7304190"
"202000007729";"20";"7";"2020";"16:00";"1";"971";"97116";"2";"1";"1";"1";"Marieulle";"16,3271310";" -61,4661780"
"202000007730";"19";"6";"2020";"18:55";"1";"11";"11225";"1";"1";"1";"4";"A61";"43,3102060";"1,9013320"
"202000007731";"20";"7";"2020";"15:10";"1";"78";"78193";"1";"1";"1";"1";"Rue de Versailles";"48,7100150";"1,9897540"
"202000007732";"19";"6";"2020";"02:30";"5";"988";"98813";"2";"1";"1";"6";"Rue Geston LENEZ";" -21,7122110";"165,8405430"
"202000007733";"20";"7";"2020";"18:40";"1";"83";"83068";"1";"1";"1";"3";"D61";"43,2663810";"6,5569450"
"202000007734";"27";"5";"2020";"17:25";"1";"986";"98613";"1";"2";"1";"3";"route";" -13,2750225";" -176,1901910"
"202000007735";"19";"6";"2020";"18:50";"3";"976";"97608";"2";"1";"2";"2";"Boulevard des Crabes";" -12,7853790";"45,2602490"
"202000007736";"18";"7";"2020";"18:45";"1";"13";"13097";"1";"4";"1";"1";"RD.24";"43,6302380";"4,8063550"
"202000007737";"20";"6";"2020";"16:40";"1";"77";"77029";"1";"2";"1";"3";"D211";"48,6376020";"2,8624960"
"202000007738";"20";"7";"2020";"18:58";"1";"26";"26002";"1";"1";"1";"7";"Autoroute du Soleil";"45,2551930";"4,8357440"
"202000007739";"19";"6";"2020";"21:50";"5";"2B";"2B307";"2";"1";"1";"1";"16 Scalo";"42,3818520";"9,5284990"
"202000007740";"9";"6";"2020";"22:30";"3";"83";"83035";"1";"1";"1";"7";"Route du Grand Vallat";"43,2026340";"5,7695980"
"202000007741";"20";"6";"2020";"14:00";"1";"05";"05136";"1";"3";"1";"3";"N94";"44,7005500";"6,6092900"
"202000007742";"20";"6";"2020";"12:30";"1";"13";"13041";"1";"3";"1";"2";"Route de Greasque";"43,4520430";"5,4951650"
"202000007743";"20";"6";"2020";"14:35";"1";"89";"89257";"2";"2";"1";"6";"Avenue du Port";"47,9607810";"3,5047330"
"202000007744";"20";"7";"2020";"10:15";"1";"26";"26002";"1";"1";"1";"4";"Autoroute du Soleil";"45,2374870";"4,8462580"
"202000007745";"20";"6";"2020";"16:30";"1";"71";"71238";"1";"1";"1";"1";"Voie Communale des Pierres";"46,2194594";"4,0572411"
"202000007746";"16";"7";"2020";"11:55";"1";"52";"52312";"2";"4";"1";"3";"13 Rue de Langres";"47,8875460";"5,2066080"
"202000007747";"19";"7";"2020";"15:25";"1";"38";"38341";"2";"1";"1";"6";"Montee des Grimaudieres";"45,5867890";"5,4092750"
"202000007748";"21";"7";"2020";"03:50";"3";"38";"38153";"1";"1";"1";"6";"Route de Villard de Lans";"45,1820100";"5,6202500"
"202000007749";"20";"7";"2020";"06:50";"2";"26";"26168";"1";"1";"1";"6";"Route de Sisteron";"44,6638060";"5,6958200"
"202000007750";"21";"7";"2020";"09:15";"1";"26";"26064";"1";"2";"1";"1";"2105 Route de Malissard";"44,8984130";"4,9832220"
"202000007751";"20";"7";"2020";"04:00";"5";"65";"65059";"2";"1";"1";"6";"Avenue Maquis de Payolle";"43,0599720";"0,1543610"
"202000007752";"20";"7";"2020";"23:30";"5";"17";"17119";"1";"1";"1";"6";"167 Rue de la Traverserie";"45,6130760";" -0,8824250"
"202000007753";"12";"7";"2020";"19:30";"1";"86";"86210";"1";"1";"1";"3";"D147";"47,1334370";"0,0555990"
"202000007754";"20";"6";"2020";"12:40";"1";"74";"74042";"2";"3";"1";"3";"Avenue Charles de Gaulle";"46,0728210";"6,4062200"
"202000007755";"21";"7";"2020";"15:30";"1";"33";"33227";"2";"6";"1";"6";"Rond-point d'Aquitaine";"44,5569430";" -0,2528250"
"202000007756";"19";"6";"2020";"18:15";"1";"74";"74003";"1";"1";"1";"2";"D909";"45,8922410";"6,2578300"
"202000007757";"20";"7";"2020";"08:24";"1";"85";"85106";"1";"1";"1";"6";"Route de l'Epine";"46,9679980";" -2,2456630"
"202000007758";"20";"7";"2020";"18:15";"1";"76";"76321";"2";"3";"1";"1";"240 Rue d'Orival";"49,7898840";"1,2223440"
"202000007759";"20";"6";"2020";"01:00";"5";"81";"81099";"2";"1";"1";"6";"avenue charles de gaulle";"43,9037520";"1,9065790"
"202000007760";"7";"7";"2020";"03:10";"5";"80";"80033";"1";"9";"1";"7";"Aire d'Assevillers Ouest (Embranchement d'autoroute)";"49,8888080";"2,8388230"
"202000007761";"20";"6";"2020";"20:15";"2";"81";"81173";"1";"1";"1";"3";"N126";"43,6111950";"1,7404690"
"202000007762";"16";"7";"2020";"11:40";"1";"67";"67152";"1";"1";"2";"6";"Route Nationale 83";"48,5313920";"7,6933560"
"202000007763";"20";"7";"2020";"16:00";"1";"94";"94037";"1";"1";"1";"3";"AUTOROUTE A6B";"48,8159951";"2,3568556"
"202000007764";"19";"6";"2020";"08:45";"1";"31";"31433";"2";"1";"1";"3";"78 Route d'Espagne";"43,5404630";"1,4140620"
"202000007765";"20";"7";"2020";"12:15";"1";"91";"91340";"1";"1";"1";"7";"RN 104";"48,6078000";"2,4338000"
"202000007766";"11";"6";"2020";"07:30";"1";"50";"50612";"2";"9";"1";"3";"9 Route de la Côte";"48,6817420";" -1,4127950"
"202000007767";"20";"7";"2020";"11:10";"1";"91";"91434";"1";"1";"1";"2";"AUTOROUTE A6";"48,6687000";"2,3577000"
"202000007768";"20";"7";"2020";"07:30";"1";"95";"95582";"1";"1";"1";"2";"AUTOROUTE A15";"48,9719817";"2,2482850"
"202000007769";"20";"7";"2020";"06:15";"1";"95";"95365";"1";"1";"1";"2";"RN 104";"49,0633600";"2,4123300"
"202000007770";"20";"7";"2020";"08:40";"1";"77";"77337";"1";"1";"1";" -1";"A4";"48,8303864";"2,6112166"
"202000007771";"20";"6";"2020";"11:15";"1";"27";"27448";"2";"9";"1";"3";"155 Route de Paris";"49,0093990";"1,4009450"
"202000007772";"18";"7";"2020";"23:57";"5";"988";"98818";"2";"1";"2";"6";"FERRY (RUE JULES)";" -22,2665600";"166,4374600"
"202000007773";"10";"7";"2020";"09:15";"1";"988";"98818";"2";"1";"1";"6";"FOREST (RUE FERNAND)";" -22,2446400";"166,4513200"
"202000007774";"20";"6";"2020";"18:45";"1";"60";"60575";"2";"1";"1";"2";"Route Nationale 1";"49,2885930";"2,2010210"
"202000007775";"19";"7";"2020";"22:20";"5";"974";"97416";"2";"1";"1";"3";"MITTERAND (AVENUE DU PDT)";" -21,3451100";"55,4851800"
"202000007776";"19";"7";"2020";"21:30";"1";"69";"69259";"2";"1";"1";"6";"LEON TOLSTOI                        (R )";"45,6995543";"4,8616287"
"202000007777";"20";"6";"2020";"00:30";"5";"59";"59051";"1";"6";"1";"6";"M441";"50,5421810";"2,8137450"
"202000007778";"19";"7";"2020";"21:00";"2";"69";"69199";"2";"1";"1";"6";"ALBERT THOMAS                       (AV)";"45,7073203";"4,8590098"
"202000007779";"16";"6";"2020";"14:40";"1";"13";"13001";"1";"1";"1";"2";"A51-Sens Marseille vers Aix en Provence";"43,5168200";"5,4284910"
"202000007780";"19";"7";"2020";"09:35";"1";"69";"69388";"2";"1";"1";"6";"CROIX BARRET (DE LA)                (R )";"45,7367500";"4,8449600"
"202000007781";"18";"6";"2020";"11:45";"1";"13";"13026";"1";"1";"1";"2";"A55-Sens Martigues vers Marseille";"43,3749000";"5,1775000"
"202000007782";"19";"7";"2020";"08:20";"1";"69";"69387";"2";"2";"1";"3";"BERTHELOT                           (AV)";"45,7467101";"4,8371364"
"202000007783";"19";"6";"2020";"17:00";"1";"93";"93007";"1";"1";"1";"4";"AUTOROUTE A1";"48,9468300";"2,4425800"
"202000007784";"18";"7";"2020";"15:55";"1";"972";"97213";"1";"2";"1";"3";"ROUTE DEPARTEMENTALE 15";"14,6436000";" -61,0103300"
"202000007785";"19";"6";"2020";"16:10";"1";"93";"93008";"1";"1";"1";"3";"AUTOROUTE A86";"48,9132600";"2,4347600"
"202000007786";"18";"7";"2020";"13:10";"1";"91";"91549";"2";"1";"1";"3";"CORBEIL (ROUTE DE)";"48,6483950";"2,3359740"
"202000007787";"19";"6";"2020";"07:15";"2";"95";"95018";"1";"1";"1";"3";" A15";"48,9496700";"2,2802100"
"202000007788";"18";"7";"2020";"18:30";"1";"91";"91345";"2";"1";"1";"6";"PRESIDENT FRANCOIS MITTERAND";"48,6943800";"2,2937300"
"202000007789";"18";"6";"2020";"14:20";"1";"92";"92036";"1";"1";"1";"2";"AUTOROUTE A86";"48,9388300";"2,3068600"
"202000007790";"19";"7";"2020";"13:55";"1";"83";"83129";"2";"1";"1";"3";"RAYOLET (CORNICHE DU)";"43,0871600";"5,8122200"
"202000007791";"18";"6";"2020";"14:30";"1";"93";"93066";"1";"1";"1";"2";"AUTOROUTE A1";"48,9198900";"2,3572500"
"202000007792";"18";"7";"2020";"22:40";"3";"83";"83129";"2";"1";"1";"6";"FORT (MONTEE DU)";"43,1019700";"5,8412900"
"202000007793";"20";"7";"2020";"00:27";"5";"83";"83061";"2";"1";"1";"6";"AVENUE DE PORT-FRÉJUS";"43,4239400";"6,7481400"
"202000007794";"19";"6";"2020";"07:00";"1";"94";"94017";"1";"1";"1";"7";"A4";"48,8301200";"2,4923900"
"202000007795";"19";"7";"2020";"17:10";"1";"83";"83118";"2";"1";"1";"7";"BOULEVARD EUGÈNE BRIEUX";"43,4356540";"6,8925120"
"202000007796";"12";"4";"2020";"18:05";"1";"33";"33318";"2";"2";"1";"3";"Avenue Pasteur / Avenue de la Forge / Avenue Sainte Marie";"44,8024300";" -0,6455000"
"202000007797";"18";"7";"2020";"10:10";"1";"69";"69290";"2";"1";"1";"6";"GEORGE SAND                         (R )";"45,6937951";"4,9363524"
"202000007798";"13";"7";"2020";"15:44";"1";"68";"68297";"2";"6";"1";"6";"GARE ( RUE DE LA )";"47,5912400";"7,5573300"
"202000007799";"18";"6";"2020";"00:00";"3";"988";"98818";"2";"1";"1";"7";"AVENUE JAMES COOK";" -22,2666300";"166,4113400"
"202000007800";"19";"7";"2020";"18:05";"1";"60";"60463";"2";"1";"1";"6";"Avenue du 8 Mai 1945";"49,2775548";"2,4627049"
"202000007801";"18";"6";"2020";"11:00";"1";"988";"98818";"2";"1";"1";"6";"HT N°176 RUE GEORGES LEQUES";" -22,2334300";"166,4955450"
"202000007802";"19";"7";"2020";"21:30";"2";"57";"57606";"1";"1";"1";"6";"CD 72 (ROUTE DE PORCELETTE)";"49,1388900";"6,6785000"
"202000007803";"18";"6";"2020";"08:40";"1";"974";"97416";"2";"1";"1";"3";"CD 29";" -21,3509500";"55,5090800"
"202000007804";"17";"7";"2020";"19:18";"1";"51";"51108";"2";"3";"1";"3";"Rue Jean Jaurès";"48,9532800";"4,3460300"
"202000007805";"19";"7";"2020";"11:00";"1";"45";"45234";"2";"1";"1";"7";"Rue du 11 Novembre";"47,9163213";"1,9282208"
"202000007806";"19";"7";"2020";"19:30";"1";"37";"37261";"2";"1";"1";" -1";"SAINT SAUVEUR (PONT)";"47,3732283";"0,6785342"
"202000007807";"18";"6";"2020";"14:00";"1";"69";"69388";"2";"2";"1";"2";"ETATS UNIS (DES)                    (BD)";"45,7349034";"4,8634163"
"202000007808";"19";"7";"2020";"23:10";"5";"35";"35238";"2";"1";"1";"6";"92 rue d'Antrain";"48,1193300";" -1,6747900"
"202000007809";"18";"6";"2020";"09:25";"1";"69";"69383";"2";"1";"1";"6";"ARSONVAL (D')                       (PL)";"45,7432695";"4,8796906"
"202000007810";"19";"7";"2020";"20:05";"1";"34";"34172";"2";"1";"1";"6";"ORIENT (BOULEVARD D')";"43,6037000";"3,8899600"
"202000007811";"17";"6";"2020";"10:00";"1";"972";"97209";"1";"1";"1";"7";"AUTOROUTE (A1)";"14,6140000";" -61,0460000"
"202000007812";"18";"7";"2020";"17:00";"1";"30";"30189";"2";"2";"1";"3";"CITE FOULC (RUE)";"43,8322100";"4,3607700"
"202000007813";"18";"6";"2020";"18:10";"1";"69";"69385";"2";"1";"1";" -1";"ROMAIN ROLLAND                      (QU)";"45,7624900";"4,8288900"
"202000007814";"19";"7";"2020";"18:12";"1";"26";"26058";"2";"1";"1";"4";"BART RUE JEAN";"44,9536400";"4,8878600"
"202000007815";"18";"6";"2020";"18:00";"1";"69";"69202";"2";"1";"1";"6";"GRANDE RUE                          (GR)";"45,7341657";"4,8038733"
"202000007816";"19";"7";"2020";"23:48";"5";"17";"17300";"2";"2";"1";"3";"MONNAIE   AVENUE DE LA";"46,1563100";" -1,1573100"
"202000007817";"17";"6";"2020";"21:30";"2";"69";"69152";"2";"6";"1";"3";"BARRAGE                             (CH ";"45,6934000";"4,8280300"
"202000007818";"18";"7";"2020";"11:55";"1";"13";"13208";"2";"1";"1";"4";"BARRAL (BOULEVARD)";"43,2647890";"5,3938425"
"202000007819";"19";"7";"2020";"14:15";"1";"13";"13002";"2";"4";"1";"6";"GENERAL LECLERC (AVENUE DU)";"43,3452500";"5,4871700"
"202000007820";"17";"6";"2020";"18:15";"1";"91";"91223";"1";"1";"1";"6";"R.N.20";"48,3906100";"2,1081300"
"202000007821";"19";"7";"2020";"11:10";"1";"13";"13209";"2";"2";"1";"3";"SAINTE MARGUERITE (BOULEVARD)";"43,2634000";"5,4049100"
"202000007822";"18";"6";"2020";"17:30";"1";"91";"91201";"2";"9";"2";"7";"GENERAL DE GAULLE(BOULEVARD)";"48,6872000";"2,3991400"
"202000007823";"17";"7";"2020";"23:15";"5";"13";"13208";"2";"1";"1";"5";"PRADO (AVENUE DU)";"43,2657300";"5,3808300"
"202000007824";"13";"6";"2020";"07:20";"2";"86";"86194";"2";"9";"1";"6";"Rue Dom Fonteneau";"46,5870050";"0,3400150"
"202000007825";"6";"5";"2020";"18:30";"1";"30";"30351";"2";"1";"1";"6";"OLIVIERS CHEMIN DES";"43,9764200";"4,7956900"
"202000007826";"19";"7";"2020";"18:00";"1";"06";"06088";"2";"1";"1";"5";"ANGLAIS (A PARTIR DU N° 351)";"43,6713200";"7,2243100"
"202000007827";"19";"7";"2020";"17:00";"2";"06";"06069";"2";"1";"1";"6";"CARNOT (BOULEVARD ET TRAVERSE)";"43,6558710";"6,9222440"
"202000007828";"19";"7";"2020";"07:12";"1";"75";"75110";"2";"2";"1";"3";"RUE LOUIS BLANC";"48,8811020";"2,3651610"
"202000007829";"18";"7";"2020";"10:08";"1";"75";"75110";"2";"5";"1";"3";"BOULEVARD DE LA CHAPELLE";"48,8843180";"2,3591340"
"202000007830";"19";"7";"2020";"14:10";"1";"75";"75106";"2";"1";"1";"3";"QUAI MALAQUAIS";"48,8583010";"2,3335440"
"202000007831";"19";"7";"2020";"07:18";"1";"75";"75105";"2";"4";"1";"3";"BOULEVARD DE L HOPITAL";"48,8432140";"2,3641050"
"202000007832";"19";"7";"2020";"01:43";"5";"75";"75105";"2";"1";"1";"1";"QUAI SAINT BERNARD";"48,8490850";"2,3576710"
"202000007833";"19";"7";"2020";"01:00";"5";"75";"75120";"2";"1";"1";"3";"RUE DES PYRENEES";"48,8727540";"2,3908330"
"202000007834";"8";"7";"2020";"02:25";"5";"75";"75111";"2";"1";"1";"6";"RUE DE CHARONNE";"48,8520490";"2,3739490"
"202000007835";"19";"7";"2020";"16:45";"1";"75";"75118";"2";"5";"1";"5";"BOULEVARD NEY";"48,8977390";"2,3290640"
"202000007836";"19";"7";"2020";"11:30";"1";"75";"75117";"2";"1";"1";"6";"AVENUE DE VILLIERS";"48,8838960";"2,3044000"
"202000007837";"19";"7";"2020";"21:00";"1";"75";"75112";"2";"2";"1";"3";"AVENUE DAUMESNIL";"48,8366910";"2,4035180"
"202000007838";"19";"7";"2020";"10:30";"1";"75";"75112";"2";"1";"1";"7";"AVENUE DE LA PORTE DE VINCENNES";"48,8468660";"2,4119930"
"202000007839";"19";"7";"2020";"14:45";"1";"75";"75110";"2";"1";"1";"6";"BOULEVARD DE MAGENTA";"48,8823730";"2,3504890"
"202000007840";"19";"7";"2020";"01:35";"5";"75";"75110";"2";"1";"1";"6";"BOULEVARD DE LA VILLETTE";"48,8767040";"2,3715120"
"202000007841";"19";"7";"2020";"23:10";"5";"94";"94078";"2";"4";"1";"4";"L'APPEL DU DIX-HUIT JUIN 1940 (AV DE)";"48,7553000";"2,4444000"
"202000007842";"15";"6";"2020";"11:15";"1";"83";"83126";"1";"1";"1";"6";"rd pt du sous-marin Prothée";"43,0796600";"5,8990200"
"202000007843";"12";"6";"2020";"15:10";"1";"83";"83126";"2";"3";"2";"6";"ANCIENS COMBATANTS D'INDOCHINE (AV DES)";"43,1050600";"5,8560400"
"202000007844";"18";"6";"2020";"08:40";"1";"78";"78172";"1";"1";"1";"2";"BRETELLE ACCES RD203/RN184";"48,9906800";"2,0815400"
"202000007845";"17";"6";"2020";"20:30";"1";"77";"77372";"2";"3";"1";"6";"GENERAL LECLERC  (RUE   ) - D334";"48,8818860";"2,6975260"
"202000007846";"19";"7";"2020";"11:10";"1";"94";"94077";"2";"2";"7";"6";"HENRI GILBERT (AV)";"48,7352600";"2,4242600"
"202000007847";"3";"6";"2020";"13:15";"1";"77";"77132";"1";"1";"1";"1";"D934";"48,8812300";"2,7863800"
"202000007848";"17";"6";"2020";"22:15";"5";"72";"72181";"2";"1";"1";"6";"PIED SEC (RUE DE)";"47,9825700";"0,2065200"
"202000007849";"18";"7";"2020";"19:20";"1";"94";"94022";"2";"1";"1";"3";"HUIT MAI 1945 (AV DU)";"48,7652852";"2,4106783"
"202000007850";"18";"6";"2020";"11:40";"1";"69";"69290";"2";"1";"1";"6";"DOCTEUR GALLAVARDIN (DU)            (R )";"45,6914200";"4,9375800"
"202000007851";"17";"6";"2020";"11:56";"1";"67";"67482";"2";"1";"2";"6";"ROMAINS (ROUTE DES)";"48,5797300";"7,7168300"
"202000007852";"18";"6";"2020";"09:15";"1";"64";"64445";"2";"1";"1";"6";"POUGUET";"43,3212200";" -0,3521000"
"202000007853";"18";"6";"2020";"12:35";"1";"59";"59350";"2";"9";"8";"6";"ESPLANADE FACADE";"50,6410200";"3,0535300"
"202000007854";"17";"6";"2020";"15:10";"1";"54";"54395";"2";"2";"3";"3";"METZ (RUE DE)";"48,7001698";"6,1725891"
"202000007855";"16";"6";"2020";"16:30";"1";"54";"54197";"2";"1";"1";"2";"SAINT-EXUPERY (RUE ANTOINE DE)";"48,6384000";"6,1877000"
"202000007856";"18";"6";"2020";"12:12";"1";"51";"51172";"2";"2";"1";"4";"Rue des Remouleurs";"49,2156078";"4,0639379"
"202000007857";"19";"7";"2020";"19:00";"1";"93";"93048";"2";"1";"1";"6";"BOISSIERE (BOULEVARD DE LA)";"48,8760248";"2,4679920"
"202000007858";"17";"6";"2020";"14:48";"1";"49";"49267";"2";"1";"1";"3";"CHAMPFLEUR";"47,4787543";" -0,5047213"
"202000007859";"18";"6";"2020";"19:05";"1";"45";"45147";"1";"7";"1";"1";"Rue Colonel Fabien";"47,9365767";"1,9122121"
"202000007860";"17";"6";"2020";"12:10";"1";"45";"45234";"2";"1";"1";" -1";"Rue du Nécotin";"47,9250579";"1,9376109"
"202000007861";"17";"6";"2020";"18:10";"1";"45";"45338";"1";"1";"1";"7";"D2060 - 29+600";"47,9727065";"2,7151732"
"202000007862";"18";"6";"2020";"08:55";"1";"37";"37261";"2";"2";"1";" -1";"MARCEAU (RUE)";"47,3942422";"0,6847261"
"202000007863";"19";"6";"2020";"00:10";"5";"34";"34172";"2";"1";"1";"3";"STRASBOURG (BOULEVARD DE)";"43,6032200";"3,8834400"
"202000007864";"18";"6";"2020";"19:40";"1";"34";"34172";"2";"1";"1";"5";"FLAHAULT (AVENUE CHARLES";"43,6190500";"3,8659200"
"202000007865";"18";"6";"2020";"14:13";"1";"33";"33318";"2";"1";"2";"6";"AVE DU GENERAL LECLERC";"44,7939100";" -0,6699700"
"202000007866";"19";"7";"2020";"07:30";"1";"93";"93010";"2";"9";"1";"2";"GALLIENI (AV.) DE 2 A 96";"48,9049081";"2,4754540"
"202000007867";"18";"6";"2020";"08:10";"1";"33";"33318";"2";"2";"3";"3";"AVE JEAN CORDIER / AVE HECTOR DOMECQ";"44,8114400";" -0,6246100"
"202000007868";"18";"6";"2020";"11:15";"1";"31";"31555";"2";"1";"1";"6";"RUE DE BELFORT";"43,6086400";"1,4512100"
"202000007869";"18";"6";"2020";"08:00";"1";"31";"31555";"2";"4";"1";"3";"CHE DU CANAL";"43,5734700";"1,4637500"
"202000007870";"17";"6";"2020";"13:45";"1";"31";"31149";"2";"3";"1";"3";"DEFERRE (BOULEVARD GASTON)";"43,6181300";"1,3342900"
"202000007871";"18";"6";"2020";"20:50";"1";"29";"29254";"2";"1";"2";"7";"Route de Saint-Germain";"48,5863756";" -3,8402659"
"202000007872";"19";"7";"2020";"21:00";"1";"93";"93005";"2";"2";"1";"3";"FRANCOIS 1ER (ALLEE)";"48,9181500";"2,4922940"
"202000007873";"18";"7";"2020";"22:50";"5";"92";"92024";"2";"3";"1";"6";"JEAN JAURES (BD) DE 47 A 109)   (56 A 14";"48,9028404";"2,3039527"
"202000007874";"19";"7";"2020";"18:20";"1";"47";"47241";"1";"1";"1";"6";"Chemin rural de constant";"44,5846750";"0,7139400"
"202000007875";"16";"7";"2020";"16:50";"1";"51";"51649";"1";"6";"1";"2";"N4";"48,7404700";"4,5926500"
"202000007876";"18";"7";"2020";"09:35";"1";"01";"01052";"1";"1";"1";"2";"RD 70 VILLARS LES DOMBES";"46,0037140";"5,0019760"
"202000007877";"20";"7";"2020";"15:35";"1";"66";"66136";"1";"1";"1";"5";"Autoroute A9 PK 246+250 sens Espagne-France";"42,7454360";"2,8911210"
"202000007878";"20";"7";"2020";"20:05";"1";"60";"60157";"2";"1";"1";"6";"5 Avenue Gambetta";"49,3832480";"2,4120770"
"202000007879";"19";"7";"2020";"02:00";"3";"41";"41246";"1";"1";"1";"6";"D77";"47,5119540";"1,3486150"
"202000007880";"20";"7";"2020";"07:30";"1";"69";"69062";"1";"1";"1";"3";"D2";"45,6242314";"4,4808765"
"202000007881";"19";"7";"2020";"00:30";"3";"33";"33002";"1";"3";"1";"3";"D9";"44,5160170";" -0,0499530"
"202000007882";"19";"7";"2020";"12:45";"1";"972";"97210";"2";"1";"1";"1";"Chemin Pointe Courchet";"14,6199730";" -60,8999790"
"202000007883";"19";"7";"2020";"11:50";"1";"11";"11203";"1";"1";"1";"1";"RD6113 lezignan corbieres";"43,1985910";"2,7479290"
"202000007884";"20";"7";"2020";"00:25";"3";"35";"35239";"1";"1";"1";"6";"D173";"47,8972830";" -1,3720360"
"202000007885";"18";"7";"2020";"17:45";"1";"59";"59570";"2";"3";"1";"3";"Faubourg de Cassel";"50,9627990";"2,4328170"
"202000007886";"14";"7";"2020";"19:50";"1";"62";"62361";"2";"1";"1";" -1";"7 Cite des Marronniers";"50,2676800";"2,3005680"
"202000007887";"12";"7";"2020";"20:00";"1";"62";"62633";"1";"1";"1";"3";"D101";"50,3535770";"2,2192420"
"202000007888";"19";"7";"2020";"16:20";"1";"62";"62452";"2";"1";"1";"7";"Rue de Saint-omer";"50,6965860";"2,2833170"
"202000007889";"12";"7";"2020";"10:25";"1";"56";"56040";"1";"1";"1";"7";"Lieu-dit Kerlivio";"47,8463440";" -3,3849910"
"202000007890";"18";"7";"2020";"19:35";"1";"59";"59282";"1";"1";"1";"7";"d 338";"50,8243460";"2,5003340"
"202000007891";"20";"7";"2020";"13:15";"1";"76";"76146";"2";"1";"1";"6";"Route de Rouen (Buchy)";"49,5842640";"1,3511570"
"202000007892";"20";"7";"2020";"10:00";"1";"2B";"2B319";"1";"1";"1";"3";"Figareto";"42,4176710";"9,5291320"
"202000007893";"20";"7";"2020";"17:00";"1";"82";"82141";"1";"1";"1";"7";"Lieu Dit Capelanios";"44,0956990";"0,9268050"
"202000007894";"20";"7";"2020";"13:50";"1";"65";"65281";"1";"1";"1";"7";"D937  Route des Pyrénées";"43,1184810";"0,0796080"
"202000007895";"20";"7";"2020";"11:55";"1";"81";"81171";"1";"1";"1";"5";"Route de Barrabie";"43,8399360";"1,8412990"
"202000007896";"15";"10";"2020";"20:45";"3";"95";"95018";"1";"1";"1";"4";" A15";"48,9584170";"2,2747390"
"202000007897";"15";"10";"2020";"18:00";"1";"95";"95212";"1";"1";"1";"4";" A1";"49,0261570";"2,5367220"
"202000007898";"15";"10";"2020";"08:15";"1";"95";"95394";"1";"1";"1";"4";"RN 184";"49,0530540";"2,1976730"
"202000007899";"15";"10";"2020";"06:30";"3";"95";"95582";"1";"1";"1";"4";" A115";"48,9806300";"2,2409340"
"202000007900";"14";"10";"2020";"16:30";"1";"93";"93007";"1";"1";"1";"2";"AUTOROUTE A1";"48,9538000";"2,4554000"