"Num_Acc";"jour";"mois";"an";"hrmn";"lum";"dep";"com";"agg";"int";"atm";"col";"adr";"lat";"long"
"202000008094";"21";"8";"2020";"16:15";"1";"59";"59581";"1";"2";"1";"3";"1 Chemin de la Blanche";"50,6980610";"2,7609160"
"202000008095";"15";"8";"2020";"12:46";"1";"13";"13071";"1";"1";"1";"7";"A7-Sens Marseille vers Lyon";"43,4069400";"5,3307700"
"202000008096";"19";"8";"2020";"14:00";"1";"13";"13117";"1";"1";"1";"2";"A7-Sens Marseille vers Lyon";"43,4738800";"5,2356700"
"202000008097";"18";"8";"2020";"22:15";"5";"69";"69142";"1";"1";"1";"3";"M7   ";"45,7262100";"4,8169500"
"202000008098";"19";"8";"2020";"20:35";"2";"38";"38544";"2";"1";"1";"6";"Boulevard du Rhône";"45,5347700";"4,8719700"
"202000008099";"20";"8";"2020";"14:20";"1";"33";"33281";"1";"1";"1";"7";"ROCADE A 630";"44,8552200";" -0,6638600"
"202000008100";"20";"8";"2020";"00:45";"3";"92";"92036";"1";"1";"1";"6";"A86";"48,9354233";"2,2644945"
"202000008101";"20";"8";"2020";"15:30";"1";"93";"93008";"1";"1";"1";"4";"AUTOROUTE A86";"48,9106300";"2,4428700"
"202000008102";"19";"8";"2020";"15:00";"1";"95";"95572";"1";"1";"2";"6";"RN 184";"49,0345600";"2,1136290"
"202000008103";"20";"8";"2020";"09:15";"1";"92";"92036";"1";"1";"1";"4";"AUTOROUTE A15";"48,9378800";"2,2976600"
"202000008104";"20";"8";"2020";"06:15";"3";"93";"93064";"1";"1";"1";"6";"AUTOROUTE A86";"48,8880100";"2,4743900"
"202000008105";"19";"8";"2020";"18:45";"1";"93";"93005";"1";"1";"1";"2";"AUTOROUTE A3";"48,9464600";"2,4761900"
"202000008106";"19";"8";"2020";"06:30";"3";"92";"92078";"1";"1";"1";"3";"AUTOROUTE A86";"48,9284900";"2,3313400"
"202000008107";"20";"8";"2020";"20:30";"1";"94";"94017";"1";"1";"1";"2";"A4";"48,8294403";"2,4821309"
"202000008108";"20";"2";"2020";"22:12";"4";"13";"13213";"2";"9";"1";"6";"FRÉDÉRIC MISTRAL (AVENUE)";"43,3513970";"5,4723430"
"202000008109";"9";"7";"2020";"14:45";"1";"13";"13002";"1";"1";"1";"7";"DES TERMES (ROUTE) RD 908";"43,3703300";"5,5323300"
"202000008110";"14";"6";"2020";"01:00";"5";"76";"76545";"2";"1";"1";"3";"CHAMP DE COURSES (RUE DU)";"49,9085400";"1,0874900"
"202000008111";"19";"8";"2020";"18:00";"5";"988";"98818";"2";"3";"1";"3";"PROMENADE PIERRE VERNIER/ ROUTE D'ACCES AU MERIDIEN";" -22,3096600";"166,4526100"
"202000008112";"15";"8";"2020";"04:20";"5";"988";"98818";"2";"1";"1";"6";"LAROQUE (PROMENADE ROGER)";" -22,2990700";"166,4384700"
"202000008113";"18";"8";"2020";"10:45";"1";"974";"97416";"2";"3";"1";"3";"LAURENT VERGES(AVENUE)";" -21,2967100";"55,4602100"
"202000008114";"19";"8";"2020";"15:56";"1";"973";"97302";"2";"3";"1";"3";"NOVAPARC (RESIDENCE) RTE DE RABAN";"4,9224652";" -52,3125713"
"202000008115";"19";"8";"2020";"12:35";"1";"69";"69387";"2";"3";"1";"3";"JEAN JAURES                         (AV)";"45,7368100";"4,8369000"
"202000008116";"19";"8";"2020";"00:58";"5";"972";"97213";"1";"1";"1";"2";"AUTOROUTE A1";"14,6000000";" -60,9990000"
"202000008117";"19";"8";"2020";"12:40";"1";"69";"69152";"2";"1";"1";"7";"EUROPE (DE L')                      (BD)";"45,7026900";"4,8211700"
"202000008118";"18";"8";"2020";"16:42";"1";"87";"87038";"1";"1";"1";"1";"RN520 (CHAPTELAT)";"45,9000800";"1,2360200"
"202000008119";"18";"8";"2020";"17:35";"1";"87";"87085";"2";"1";"1";"2";"MONNET (RUE JEAN)";"45,8612100";"1,2816400"
"202000008120";"18";"8";"2020";"10:36";"1";"87";"87085";"2";"1";"1";"2";"MAUVENDIERE (RUE DE LA)";"45,8331300";"1,2484700"
"202000008121";"20";"8";"2020";"01:00";"5";"83";"83137";"1";"1";"1";"4";"ESTIENNE D'ORVES (AVENUE LIEUTENANT)";"43,1268383";"5,9103194"
"202000008122";"19";"8";"2020";"20:20";"2";"83";"83034";"1";"1";"1";" -1";"RUE DES 3 PINS";"43,0990000";"6,0620000"
"202000008123";"19";"8";"2020";"13:55";"1";"78";"78238";"2";"6";"2";"3";"CD 14";"48,9685100";"1,8721600"
"202000008124";"19";"8";"2020";"06:12";"3";"78";"78440";"2";"6";"1";"6";"EUROPE (AVENUE DE L')";"48,9752300";"1,9162500"
"202000008125";"18";"8";"2020";"16:20";"1";"76";"76540";"2";"3";"1";"3";"CORNEILLE. QUAI (HAUT) PIERRE";"49,4380700";"1,0927800"
"202000008126";"19";"8";"2020";"13:50";"1";"74";"74012";"2";"5";"1";"3";"GLIERES (RUE DES)";"46,1928000";"6,2445000"
"202000008127";"18";"8";"2020";"08:28";"1";"71";"71497";"2";"2";"1";"3";"SENNECE (ROUTE DE)";"46,3408599";"4,8281254"
"202000008128";"19";"8";"2020";"00:50";"5";"69";"69029";"2";"3";"1";"3";"GENAS (DE)                          (RO)";"45,7500500";"4,9115600"
"202000008129";"19";"8";"2020";"12:38";"1";"67";"67482";"2";"1";"1";"2";"SCHIRMECK (ROUTE DE)";"48,5719506";"7,7136614"
"202000008130";"18";"8";"2020";"10:01";"1";"64";"64483";"2";"6";"1";"1";"PASSICOT JEAN MARTIN (BD DU COMMANDANT)";"43,3863000";" -1,6618000"
"202000008131";"18";"8";"2020";"08:20";"1";"64";"64483";"2";"6";"1";"3";"ITHURRALDE ANDRE (AVENUE)";"43,3971800";" -1,6446600"
"202000008132";"18";"8";"2020";"18:50";"1";"64";"64125";"2";"1";"1";"6";"BASSILOUR (RUE)";"43,4301192";" -1,5723587"
"202000008133";"16";"8";"2020";"16:45";"1";"64";"64122";"2";"3";"1";" -1";"IMPERATRICE (AVENUE DE L')";"43,4868891";" -1,5548950"
"202000008134";"14";"8";"2020";"23:45";"3";"61";"61169";"1";"1";"1";"7";"MONTAGNOU";"48,7244000";" -0,5730500"
"202000008135";"18";"8";"2020";"23:05";"5";"60";"60159";"2";"1";"1";"1";"rue de Beauvais";"49,4188462";"2,8176392"
"202000008136";"14";"8";"2020";"03:50";"5";"59";"59350";"2";"1";"1";"2";"SCHUMAN ROBERT BOULEVARD";"50,6484500";"3,0682200"
"202000008137";"19";"8";"2020";"13:35";"1";"59";"59328";"2";"3";"1";"2";"DUNKERQUE AVENUE DE";"50,6427006";"3,0164377"
"202000008138";"18";"8";"2020";"22:30";"5";"59";"59286";"2";"8";"1";"6";"CARNOT SADI RUE";"50,6117000";"2,9980000"
"202000008139";"19";"8";"2020";"19:50";"2";"59";"59317";"1";"2";"2";"3";"ROUTE DEPARTEMENTALE 945";"50,6918700";"2,9223200"
"202000008140";"18";"8";"2020";"19:20";"1";"56";"56098";"2";"1";"2";"7";"KESLER DEVILLERS (AVENUE)";"47,7688900";" -3,3456900"
"202000008141";"18";"8";"2020";"13:15";"1";"56";"56083";"1";"1";"1";"7";"Rue Damien Hochet";"47,7972100";" -3,3015200"
"202000008142";"8";"8";"2020";"19:30";"1";"54";"54571";"1";"6";"1";"3";"VILLE EN VERMOIS (ROUTE DE)";"48,6177100";"6,2732900"
"202000008143";"19";"8";"2020";"15:20";"1";"38";"38185";"2";"4";"1";"3";"Boulevard Gambetta";"45,1889000";"5,7227000"
"202000008144";"18";"8";"2020";"20:40";"2";"38";"38053";"2";"6";"1";"6";"Rond point de l'Etissey";"45,5942500";"5,2698200"
"202000008145";"19";"8";"2020";"14:05";"1";"37";"37195";"2";"1";"1";"7";"N/A";"47,3795160";"0,6492687"
"202000008146";"19";"8";"2020";"12:37";"1";"37";"37261";"2";"2";"2";"3";"HUGO (RUE VICTOR)";"47,3866129";"0,6745534"
"202000008147";"19";"8";"2020";"11:20";"1";"37";"37122";"2";"1";"8";"2";"JAURES (BOULEVARD JEAN)";"47,3476456";"0,6552909"
"202000008148";"19";"8";"2020";"16:00";"1";"35";"35238";"2";"1";"8";"6";"ALMA (DE L')";"48,1045519";" -1,6773029"
"202000008149";"10";"8";"2020";"14:45";"1";"33";"33063";"2";"3";"1";"6";"12 CRS DE LA MARNE";"44,8305500";" -0,5711800"
"202000008150";"19";"8";"2020";"16:55";"1";"30";"30189";"2";"1";"1";"6";"FAITA VINCENT (RUE)";"43,8419000";"4,3676000"
"202000008151";"19";"8";"2020";"17:20";"1";"26";"26362";"2";"2";"1";"3";"267 Rue Faventines";"44,9208000";"4,9082000"
"202000008152";"19";"8";"2020";"09:40";"1";"24";"24322";"2";"1";"1";"7";"POMPIDOU (AVENUE GEORGES)";"45,1943100";"0,7303400"
"202000008153";"19";"8";"2020";"21:49";"5";"13";"13204";"2";"2";"1";"3";"ROUGIER (BOULEVARD)";"43,3053970";"5,4016000"
"202000008154";"19";"8";"2020";"13:25";"1";"13";"13214";"2";"1";"1";"1";"MORETTI (BOULEVARD)";"43,3264100";"5,3748300"
"202000008155";"18";"8";"2020";"19:50";"1";"13";"13047";"1";"9";"1";"2";"RD 569";"43,5522145";"4,9743739"
"202000008156";"18";"8";"2020";"18:55";"1";"13";"13047";"2";"6";"7";"2";"FELIX GOUIN AVENUE";"43,4982900";"4,9864900"
"202000008157";"19";"8";"2020";"03:55";"5";"11";"11069";"2";"3";"1";"3";"JUIN MARECHAL";"43,2099700";"2,3791900"
"202000008158";"19";"8";"2020";"16:15";"1";"10";"10387";"2";"2";"1";"3";"JULES GUESDE (RUE)";"48,2905000";"4,0821000"
"202000008159";"19";"8";"2020";"17:40";"1";"06";"06069";"1";"1";"1";"2";"DRAGUIGNAN (ROUTE DE) - D2562-";"43,6438630";"6,9028840"
"202000008160";"13";"8";"2020";"11:30";"1";"06";"06069";"2";"4";"1";"6";"ZOLA (TRAVERSE EMILE)";"43,6546440";"6,9187110"
"202000008161";"19";"8";"2020";"19:20";"1";"75";"75120";"2";"2";"1";"6";"AVENUE LEON GAUMONT";"48,8492640";"2,4162070"
"202000008162";"19";"8";"2020";"08:05";"1";"75";"75120";"2";"2";"1";"2";"BOULEVARD DE MENILMONTANT";"48,8598910";"2,3889920"
"202000008163";"19";"8";"2020";"14:00";"1";"75";"75119";"2";"2";"1";"3";"AVENUE DE LA PORTE DU PRE SAINT GERVAIS";"48,8819960";"2,4025000"
"202000008164";"19";"8";"2020";"08:45";"1";"75";"75119";"2";"3";"1";"3";"RUE DE LA MARSEILLAISE";"48,8885170";"2,3979480"
"202000008165";"18";"8";"2020";"23:05";"4";"75";"75119";"2";"1";"1";"2";"AVENUE JEAN JAURES";"48,8838770";"2,3744020"
"202000008166";"19";"8";"2020";"09:40";"1";"75";"75116";"2";"1";"1";"3";"BOULEVARD DE L AMIRAL BRUIX";"48,8761620";"2,2820180"
"202000008167";"19";"8";"2020";"17:15";"1";"75";"75111";"2";"2";"2";"3";"RUE MORAND";"48,8688400";"2,3763070"
"202000008168";"19";"8";"2020";"22:30";"5";"75";"75110";"2";"2";"8";"3";"BOULEVARD DE MAGENTA";"48,8715060";"2,3603440"
"202000008169";"19";"8";"2020";"16:45";"1";"75";"75110";"2";"2";"8";"6";"RUE LOUIS BLANC";"48,8810990";"2,3651540"
"202000008170";"19";"8";"2020";"14:36";"1";"75";"75109";"2";"2";"2";"3";"BOULEVARD DES CAPUCINES";"48,8709750";"2,3341700"
"202000008171";"19";"8";"2020";"13:20";"1";"75";"75103";"2";"1";"1";"7";"BOULEVARD DE SEBASTOPOL";"48,8623640";"2,3503820"
"202000008172";"18";"8";"2020";"17:00";"1";"75";"75103";"2";"3";"1";"7";"RUE AUX OURS";"48,8632320";"2,3516650"
"202000008173";"17";"8";"2020";"15:15";"1";"94";"94081";"2";"1";"2";"2";"JULIAN GRIMAU (R)";"48,7804200";"2,3735800"
"202000008174";"19";"8";"2020";"13:40";"1";"94";"94044";"2";"9";"1";"3";"GABRIEL PERI (AV)";"48,7559060";"2,4838010"
"202000008175";"19";"8";"2020";"19:05";"1";"94";"94052";"2";"2";"1";"2";"ALBERT 1ER (BD)";"48,8354100";"2,4941000"
"202000008176";"19";"8";"2020";"19:20";"1";"94";"94043";"2";"2";"1";"3";"GAMBETTA (R)";"48,8136300";"2,3572610"
"202000008177";"19";"8";"2020";"16:40";"1";"94";"94038";"2";"1";"1";"6";"PAUL VAILLANT COUTURIER (BD)";"48,7762600";"2,3399800"
"202000008178";"17";"8";"2020";"15:20";"1";"94";"94033";"2";"2";"8";"3";"VICTOR HUGO (AV)";"48,8589300";"2,4757800"
"202000008179";"18";"8";"2020";"18:30";"1";"94";"94054";"2";"1";"1";"3";"JEAN MERMOZ (R)";"48,7488840";"2,4148300"
"202000008180";"18";"8";"2020";"09:05";"1";"94";"94079";"2";"1";"1";"3";"FRIEDBERG (BD DE)";"48,8364000";"2,5473000"
"202000008181";"19";"8";"2020";"11:36";"1";"94";"94017";"2";"3";"1";"3";"MAURICE THOREZ (AV)";"48,8143700";"2,5377700"
"202000008182";"19";"8";"2020";"10:35";"1";"93";"93057";"2";"1";"1";"2";"BRIAND ( AV. ARISTIDE) 1 A29";"48,9103595";"2,5106189"
"202000008183";"19";"8";"2020";"10:05";"1";"92";"92046";"2";"2";"1";"3";"PIERRE LAROUSSE (AVENUE)";"48,8248000";"2,3021000"
"202000008184";"19";"8";"2020";"17:21";"1";"92";"92062";"2";"1";"2";"3";"CIRCULAIRE BLD";"48,8922470";"2,2458090"
"202000008185";"18";"8";"2020";"14:43";"1";"92";"92025";"2";"1";"1";"3";"EUROPE (AV DE L')";"48,9263850";"2,2436820"
"202000008186";"20";"8";"2020";"13:20";"1";"35";"35176";"1";"1";"1";"6";"RD53";"47,7709590";" -1,8454080"
"202000008187";"20";"8";"2020";"10:44";"1";"38";"38344";"1";"2";"1";"5";"Route du Gue d'Agnin";"45,3604000";"4,8313400"
"202000008188";"18";"8";"2020";"16:45";"1";"43";"43040";"2";"1";"1";"6";"18 Avenue Léon Blum";"45,2895510";"3,3867340"
"202000008189";"20";"8";"2020";"09:45";"1";"95";"95052";"2";"6";"1";"2";"RD 922";"49,1379972";"2,2721469"
"202000008190";"19";"8";"2020";"16:30";"1";"45";"45187";"1";"1";"1";"1";"D88-PR13+800";"47,8785668";"2,4910261"
"202000008191";"20";"8";"2020";"07:25";"1";"49";"49192";"1";"1";"1";"7";"19 Rue des Mésanges";"47,0143857";" -0,7392107"
"202000008192";"10";"8";"2020";"18:14";"1";"31";"31044";"2";"9";"1";"2";"122 Route de Castres";"43,5877793";"1,5185417"
"202000008193";"18";"8";"2020";"04:00";"3";"31";"31439";"1";"1";"1";"6";"D31";"43,5152730";"1,6199250"
"202000008194";"5";"8";"2020";"18:14";"1";"28";"28018";"1";"1";"1";"6";"A11";"48,2035330";"0,8954820"
"202000008195";"20";"8";"2020";"11:49";"1";"83";"83023";"1";"1";"1";"6";"A8";"43,4158650";"6,1286160"
"202000008196";"16";"8";"2020";"10:30";"1";"83";"83049";"1";"1";"1";"6";"Autoroute A57, PK 018.700";"43,2438650";"6,0716110"
"202000008197";"17";"8";"2020";"19:45";"2";"10";"10030";"1";"3";"1";"3";"D60";"48,3125690";"3,9910380"
"202000008198";"17";"8";"2020";"15:15";"1";"51";"51320";"1";"1";"3";"7";"D36";"49,0526140";"3,7878423"
"202000008199";"18";"8";"2020";"18:10";"1";"27";"27429";"1";"2";"1";"3";"D163";"48,9180720";"1,4041790"
"202000008200";"18";"8";"2020";"21:00";"2";"26";"26005";"1";"1";"1";"3";"Autourte du Soleil";"44,5246460";"4,7951030"
"202000008201";"18";"8";"2020";"19:54";"2";"01";"01399";"2";"6";"1";"6";"D1005";"46,2941940";"6,0773490"
"202000008202";"28";"6";"2020";"14:15";"1";"21";"21559";"1";"1";"1";"2";"A38";"47,2979760";"4,8036860"
"202000008203";"18";"8";"2020";"08:35";"1";"06";"06130";"1";"1";"1";"3";"Route Napoléon (Pont)";"43,7057040";"6,8295060"
"202000008204";"19";"8";"2020";"07:35";"2";"06";"06033";"2";"1";"1";"3";"2011 Route de la ZA de la Grave";"43,7823810";"7,2113820"
"202000008205";"16";"8";"2020";"12:45";"1";"34";"34259";"1";"1";"3";" -1";"N109";"43,6310940";"3,7644480"
"202000008206";"20";"8";"2020";"08:38";"1";"15";"15108";"1";"1";"1";"6";"A75";"44,9323770";"3,2033830"
"202000008207";"20";"8";"2020";"08:05";"1";"12";"12270";"1";"1";"1";"2";"A75 ";"44,3515340";"3,1069850"
"202000008208";"19";"8";"2020";"14:00";"1";"87";"87107";"1";"1";"1";"7";"Maisons Neuves";"45,9160940";"1,1691430"
"202000008209";"20";"8";"2020";"06:45";"2";"62";"62650";"1";"1";"1";"7";"D33e1";"50,2785620";"2,9043390"
"202000008210";"18";"8";"2020";"17:20";"1";"83";"83026";"1";"1";"7";"1";"D79";"43,4222630";"6,2042180"
"202000008211";"11";"8";"2020";"15:30";"1";"51";"51507";"1";"1";"7";"3";"D85";"49,1033334";"4,9021969"
"202000008212";"11";"8";"2020";"15:15";"1";"51";"51569";"1";"1";"1";"7";"Rue de la Gravelle";"49,2725953";"3,9306064"
"202000008213";"20";"8";"2020";"14:40";"1";"51";"51617";"1";"1";"1";"7";"N44";"49,0209397";"4,3281479"
"202000008214";"18";"8";"2020";"23:30";"3";"79";"79252";"2";"1";"1";"6";"N/A";"46,8841700";" -0,1604500"
"202000008215";"17";"8";"2020";"12:40";"1";"2A";"2A362";"1";"3";"1";"2";"Route de Cirindinu - STE LUCIE DE PORTO-VECCHIO";"41,6609395";"9,3600036"
"202000008216";"20";"8";"2020";"18:30";"1";"2B";"2B242";"1";"1";"1";"2";"Poggio";"42,4116710";"9,5304890"
"202000008217";"19";"8";"2020";"17:40";"1";"80";"80396";"1";"9";"3";"7";"Rue Bucquet";"50,2438430";"2,0399590"
"202000008218";"15";"8";"2020";"23:30";"3";"65";"65444";"1";"1";"2";"7";"D 26";"43,0583290";"0,5468810"
"202000008219";"19";"8";"2020";"11:50";"1";"65";"65138";"1";"1";"7";"1";"Route départementale 920";"42,9271110";" -0,0885770"
"202000008220";"13";"8";"2020";"20:10";"3";"69";"69012";"1";"1";"3";" -1";"pk 20+200 sur la RD 43";"46,1908581";"4,5439555"
"202000008221";"20";"8";"2020";"00:00";"5";"69";"69088";"2";"1";"1";"2";"Place des Marronniers";"45,8156200";"4,8628610"
"202000008222";"19";"8";"2020";"10:10";"1";"11";"11262";"1";"4";"1";"5";"Route de Gruissan";"43,1692640";"3,0369790"
"202000008223";"19";"8";"2020";"19:00";"1";"11";"11035";"1";"1";"1";"3";"départementale 117";"42,8431850";"2,2033380"
"202000008224";"18";"8";"2020";"11:45";"1";"71";"71079";"1";"1";"1";"1";"departementale 1083";"46,4851835";"5,3711206"
"202000008225";"19";"8";"2020";"18:45";"1";"83";"83068";"1";"1";"1";"3";"4044 Route du Littoral";"43,2896710";"6,6055940"
"202000008226";"19";"8";"2020";"11:45";"1";"63";"63419";"2";"4";"1";"6";"Route de Moureuille";"46,1388650";"2,9285000"
"202000008227";"18";"8";"2020";"14:55";"1";"61";"61257";"2";"1";"2";"2";"RD 976";"48,5043150";" -0,3865390"
"202000008228";"15";"8";"2020";"06:00";"3";"61";"61324";"1";"1";"1";"6";"52 L'Etre Havard";"48,5284000";" -0,7464370"
"202000008229";"19";"8";"2020";"23:15";"3";"12";"12258";"1";"2";"1";"3";"D905";"44,2590620";"2,1854640"
"202000008230";"19";"8";"2020";"21:33";"3";"47";"47276";"1";"3";"1";"7";"Pech de Peyre";"44,3288090";"0,4975003"
"202000008231";"19";"8";"2020";"23:50";"3";"41";"41186";"1";"1";"8";"6";"RD36";"47,8607680";"1,0406700"
"202000008232";"18";"8";"2020";"17:55";"1";"29";"29140";"1";"2";"1";"3";"12 Rue de la Gare";"48,3793794";" -4,3106913"
"202000008233";"18";"8";"2020";"10:42";"1";"29";"29137";"2";"1";"1";"3";"Rue Ar Mor";"48,3207230";" -4,2986980"
"202000008234";"18";"8";"2020";"17:28";"1";"86";"86271";"1";"1";"1";"3";"D15";"46,7716810";"0,2292270"
"202000008235";"19";"8";"2020";"07:46";"1";"68";"68338";"1";"4";"1";"3";"D417";"48,0761900";"7,2576820"
"202000008236";"15";"8";"2020";"20:17";"1";"22";"22135";"2";"1";"1";"7";"23 Rue du Manaty";"48,5793150";" -3,3284870"
"202000008237";"19";"8";"2020";"00:50";"3";"25";"25258";"1";"1";"1";"6";"D673";"47,2131550";"5,9280680"
"202000008238";"17";"8";"2020";"18:20";"1";"35";"35204";"1";"1";"1";"2";"La Maison Neuve";"48,0445710";" -1,5635030"
"202000008239";"17";"8";"2020";"18:15";"1";"35";"35068";"2";"1";"1";"6";"Rue de Rennes";"48,1050170";" -1,4114270"
"202000008240";"20";"8";"2020";"11:45";"1";"29";"29148";"1";"6";"1";"3";"Lieu Dit Sainte Catherine";"48,6181440";" -4,0545510"
"202000008241";"16";"8";"2020";"09:45";"1";"38";"38310";"2";"3";"1";" -1";"D48";"45,2587270";"5,4764810"
"202000008242";"13";"8";"2020";"11:20";"1";"38";"38409";"2";"1";"1";"2";"Grand Rue";"45,0747100";"5,2834100"
"202000008243";"7";"7";"2020";"21:50";"5";"02";"02423";"2";"1";"1";"1";"Place du Chateau";"49,4781880";"3,3583670"
"202000008244";"20";"8";"2020";"01:20";"3";"03";"03071";"1";"1";"1";"7";"Domaine des Brirots";"46,3621560";"3,6156927"
"202000008245";"15";"8";"2020";"12:00";"1";"03";"03269";"1";"1";"1";"7";"N/A";"46,4285136";"2,7891749"
"202000008246";"10";"8";"2020";"18:00";"1";"06";"06020";"1";"1";"1";"1";"Le Graou";"43,9950070";"7,3390600"
"202000008247";"19";"8";"2020";"17:00";"1";"06";"06073";"1";"1";"1";"7";"M97";"44,1970550";"7,0657000"
"202000008248";"18";"8";"2020";"12:38";"1";"06";"06023";"1";"1";"1";"6";"Route du Col de Brouis";"43,9544600";"7,5142300"
"202000008249";"20";"8";"2020";"16:05";"1";"14";"14431";"1";"1";"1";"6";"D154";"49,0950380";"0,0159970"
"202000008250";"20";"8";"2020";"12:00";"1";"05";"05145";"2";"1";"1";" -1";"D944";"44,6678480";"6,2305190"
"202000008251";"19";"8";"2020";"11:05";"1";"50";"50349";"1";"1";"8";"3";"D73";"48,9884270";" -1,5111990"
"202000008252";"18";"8";"2020";"01:00";"3";"45";"45314";"1";"1";"1";"6";"Sully-la-Chapelle";"47,9669336";"2,1687811"
"202000008253";"20";"8";"2020";"18:45";"1";"45";"45182";"2";"1";"1";"2";"Rue du Docteur Pierre Segelle";"47,6830430";"1,7830410"
"202000008254";"20";"8";"2020";"16:30";"1";"64";"64066";"1";"1";"1";"6";"Route de Lasse";"43,2043930";" -1,2737596"
"202000008255";"19";"8";"2020";"13:25";"1";"64";"64438";"1";"1";"1";"1";"3 Chemin des Chênes";"43,3299070";" -0,2321750"
"202000008256";"19";"8";"2020";"00:50";"1";"36";"36065";"1";"1";"7";"6";"Chemin de la Ferte Gilbert";"47,0475350";"2,0252530"
"202000008257";"13";"8";"2020";"17:10";"1";"21";"21489";"2";"1";"1";"6";"Rue Basse";"47,5761380";"4,8043780"
"202000008258";"18";"8";"2020";"12:15";"1";"40";"40083";"1";"1";"1";"6";"D111";"43,6234640";" -0,3792430"
"202000008259";"19";"8";"2020";"11:54";"1";"40";"40282";"1";"3";"1";"3";"D924";"43,7846350";" -0,5009080"
"202000008260";"19";"8";"2020";"18:20";"1";"85";"85305";"2";"9";"1";"3";"Rue de la Filée";"46,5716730";" -0,7615330"
"202000008261";"18";"8";"2020";"17:45";"1";"85";"85289";"1";"1";"1";"2";"L'Etruyere";"46,6495800";" -0,7088000"
"202000008262";"20";"8";"2020";"18:00";"1";"27";"27198";"1";"2";"1";"1";"Rue des Aubepines";"48,8498800";"1,1367630"
"202000008263";"20";"8";"2020";"19:45";"1";"37";"37273";"2";"1";"1";"6";"Avenue George Sand";"47,3876107";"0,7859624"
"202000008264";"19";"8";"2020";"10:35";"1";"30";"30161";"1";"4";"1";"3";"D6110";"44,0224970";"4,1089730"
"202000008265";"20";"8";"2020";"00:00";"3";"48";"48104";"1";"1";"1";"7";"D52";"44,6281070";"3,0622240"
"202000008266";"21";"7";"2020";"06:45";"1";"08";"08139";"2";"4";"1";"7";"Grande Rue";"49,8733700";"4,6999060"
"202000008267";"19";"8";"2020";"01:50";"5";"95";"95256";"2";"6";"1";"6";"Avenue Gaston Bourry";"49,0464620";"2,1975390"
"202000008268";"20";"8";"2020";"06:40";"2";"01";"01232";"1";"1";"1";"6";"A39";"46,3179240";"5,2663560"
"202000008269";"19";"8";"2020";"18:48";"1";"69";"69244";"2";"2";"7";"3";"26 Avenue du 11 Novembre 1918";"45,7641550";"4,7691070"
"202000008270";"20";"8";"2020";"08:00";"1";"74";"74010";"2";"1";"1";"6";"1 Rue Aimé Mugnier";"45,8593520";"6,0891190"
"202000008271";"17";"8";"2020";"19:35";"3";"987";"98738";"1";"1";"1";"1";"PK 07+900 coté montagne";" -17,6184160";" -149,5708030"
"202000008272";"19";"8";"2020";"05:20";"3";"34";"34143";"1";"1";"1";"3";"A9";"43,4563970";"3,6090430"
"202000008273";"18";"8";"2020";"13:50";"1";"13";"13011";"2";"4";"1";"2";"D27";"43,7418170";"4,7908120"
"202000008274";"18";"8";"2020";"21:15";"2";"22";"22298";"1";"1";"1";"6";"N164";"48,2084810";" -2,9310430"
"202000008275";"18";"8";"2020";"17:55";"1";"45";"45154";"1";"1";"1";"2";"A10 pk 85+500";"47,9973310";"1,8528270"
"202000008276";"18";"8";"2020";"15:30";"1";"45";"45203";"1";"1";"1";"4";"Autoroute A10 pk 110+370 sens 2";"47,8487350";"1,6855860"
"202000008277";"19";"8";"2020";"12:15";"1";"971";"97103";"2";"1";"7";"6";"chemin de belcourt";"16,2405930";" -61,6127660"
"202000008278";"31";"12";"2020";"11:45";"1";"971";"97129";"2";"3";"2";"3";"Route nationale 2 la boucan";"16,2833880";" -61,6702350"
"202000008279";"30";"12";"2020";"07:35";"5";"29";"29233";"2";"1";"9";"7";"D22 - Rue d'Arzano";"47,8684090";" -3,5370240"
"202000008280";"16";"9";"2020";"12:20";"1";"33";"33366";"2";"1";"1";"3";"85 Rue du Commandant Cousteau";"44,9936300";" -0,4529600"
"202000008281";"31";"12";"2020";"17:40";"2";"29";"29046";"2";"6";"2";"6";"D765 - Route de Quimper";"48,0806280";" -4,3255960"
"202000008282";"29";"12";"2020";"17:10";"2";"13";"13211";"1";"1";"1";"2";"A50-Sens Marseille vers Aubagne";"43,2862600";"5,4330000"
"202000008283";"30";"11";"2020";"06:40";"3";"59";"59560";"2";"1";"1";"6";"EPINETTE ROND POINT DE L";"50,5450900";"3,0584000"
"202000008284";"4";"7";"2020";"21:10";"1";"64";"64102";"2";"1";"1";"6";"RESPLANDY (AVENUE DU CAPITAINE)";"43,4840400";" -1,4489500"
"202000008285";"25";"12";"2020";"15:50";"1";"987";"98735";"1";"1";"1";"3";"PIERRE LOTI (ALLEE QTIER POROI)";" -17,5553600";" -149,5472600"
"202000008286";"13";"11";"2020";"11:50";"1";"976";"97611";"2";"1";"1";"6";"kaweni-Mangrove (route de la)";" -12,7673699";"45,2245814"
"202000008287";"4";"8";"2020";"06:35";"1";"976";"97611";"2";"1";"1";"6";"passamanty-Vahibé ( route )";" -12,7987084";"45,2019989"
"202000008288";"30";"12";"2020";"15:55";"1";"974";"97411";"2";"3";"1";"3";"Rue Sainte Marie";" -20,8836000";"55,4602600"