"Num_Acc";"jour";"mois";"an";"hrmn";"lum";"dep";"com";"agg";"int";"atm";"col";"adr";"lat";"long"
"202000008289";"31";"12";"2020";"19:50";"5";"973";"97302";"2";"2";"1";"3";"AMUSANT (PAUL)";"4,9343104";" -52,3319364"
"202000008290";"30";"12";"2020";"14:30";"1";"69";"69386";"2";"2";"1";"3";"SEZE (DE)                           (R )";"45,7682289";"4,8474323"
"202000008291";"31";"12";"2020";"15:00";"1";"972";"97209";"1";"1";"1";"2";"RD 41 (ROCADE)";"14,6140300";" -61,0634000"
"202000008292";"29";"12";"2020";"06:20";"2";"972";"97209";"2";"1";"1";"3";"BISHOP (Avenue Maurice)";"14,6105900";" -61,0547400"
"202000008293";"31";"12";"2020";"14:05";"1";"69";"69389";"2";"9";"1";"6";"BARTHELEMY BUYER                    (AV)";"45,7615156";"4,8036631"
"202000008294";"30";"12";"2020";"15:50";"1";"971";"97113";"1";"1";"1";" -1";"RN4 - SECTION RIVIERA";"16,2179800";" -61,4980200"
"202000008295";"20";"11";"2020";"08:18";"1";"95";"95219";"2";"1";"1";"6";"Allee l'Eau des Collines";"48,9832700";"2,2463500"
"202000008296";"22";"12";"2020";"06:35";"2";"91";"91457";"1";"6";"1";"3";"N 449";"48,5742300";"2,2588700"
"202000008297";"28";"12";"2020";"16:13";"2";"91";"91339";"1";"1";"3";"2";"AV ROBERT BENOIST";"48,6320000";"2,2640000"
"202000008298";"31";"12";"2020";"15:50";"1";"91";"91687";"2";"2";"1";"3";"DOCTEUR CALMETTE (RUE DU)";"48,6780100";"2,3709900"
"202000008299";"31";"12";"2020";"11:00";"1";"91";"91687";"2";"2";"2";"3";"GUISE (AVENUE DE)";"48,6546000";"2,3641000"
"202000008300";"30";"12";"2020";"08:25";"1";"85";"85194";"2";"1";"9";"6";"RD 760";"46,5239300";" -1,7549100"
"202000008301";"31";"12";"2020";"11:35";"1";"83";"83137";"2";"1";"1";"6";"15EME CORPS (AVE DU)";"43,1286000";"5,9106300"
"202000008302";"30";"12";"2020";"16:50";"1";"83";"83129";"2";"1";"1";"3";"JUIN MARECHAL (AV DU)";"43,0977600";"5,8512900"
"202000008303";"30";"12";"2020";"11:30";"1";"82";"82121";"2";"1";"1";"3";"MOULIN N 20 (AVENUE JEAN)";"44,0256320";"1,3656266"
"202000008304";"31";"12";"2020";"13:00";"1";"78";"78440";"2";"9";"1";"4";"EUROPE (AVENUE DE L')";"48,9780070";"1,9140170"
"202000008305";"30";"11";"2020";"18:45";"5";"77";"77284";"2";"4";"1";"3";"LHOSTE (RUE JOSEPH)";"48,9552900";"2,8906900"
"202000008306";"27";"12";"2020";"15:40";"1";"73";"73008";"2";"1";"1";"2";"GENEVE RUE DE";"45,6925100";"5,9119700"
"202000008307";"31";"12";"2020";"19:45";"5";"71";"71270";"2";"1";"3";"6";"JAURES (QUAI)";"46,3054300";"4,8359500"
"202000008308";"30";"12";"2020";"10:30";"1";"69";"69290";"2";"1";"3";"3";"HENRI GERMAIN                       (AV)";"45,7067879";"4,9067477"
"202000008309";"28";"12";"2020";"17:40";"5";"69";"69290";"2";"1";"2";"6";"ARISTIDE BRIAND (D 318)             (R )";"45,6935800";"4,9308500"
"202000008310";"28";"12";"2020";"13:30";"1";"67";"67482";"2";"1";"8";"6";"Rue de Soultz";"48,5656531";"7,7784757"
"202000008311";"31";"12";"2020";"18:00";"2";"64";"64445";"2";"6";"1";"3";"ERIC TABARLY";"43,3190400";" -0,3601800"
"202000008312";"31";"12";"2020";"13:45";"1";"64";"64335";"2";"6";"1";"3";"NOVELLA";"43,3232100";" -0,4204300"
"202000008313";"31";"12";"2020";"13:15";"1";"64";"64024";"2";"1";"1";"6";"MONTBRUN (AVENUE DE)";"43,5039100";" -1,5028000"
"202000008314";"31";"12";"2020";"18:00";"5";"60";"60159";"2";"1";"1";"6";"N/A";"49,4227900";"2,8208400"
"202000008315";"31";"12";"2020";"14:05";"1";"59";"59220";"2";"2";"2";"3";"PARIS AVENUE DE";"50,5946700";"3,0758000"
"202000008316";"30";"12";"2020";"17:10";"5";"57";"57672";"2";"2";"2";"3";"RAYMOND POINCARE (ALLEE) -";"49,3611100";"6,1577100"
"202000008317";"31";"12";"2020";"13:16";"1";"56";"56107";"2";"6";"2";"3";"CHAPELLE ST YVES (RUE DE LA)";"47,7271000";" -3,3821300"
"202000008318";"31";"12";"2020";"10:37";"1";"56";"56121";"2";"3";"1";"3";"MONISTROL (RUE)";"47,7380000";" -3,3819000"
"202000008319";"30";"12";"2020";"09:45";"1";"47";"47031";"1";"1";"1";"1";"nouvelle rocade";"44,1719600";"0,6655200"
"202000008320";"30";"12";"2020";"17:53";"3";"44";"44184";"1";"1";"3";"4";"RD 213";"47,2901200";" -2,2376700"
"202000008321";"30";"12";"2020";"21:40";"5";"37";"37261";"2";"1";"2";"6";"WEDELLS (RUE JEANNE)";"47,4104677";"0,7065327"
"202000008322";"22";"12";"2020";"18:13";"5";"36";"36202";"2";"1";"1";"6";"97 Avenue d’Occitanie";"46,7808100";"1,6532100"
"202000008323";"24";"12";"2020";"16:26";"1";"36";"36044";"2";"1";"1";"6";"59 Avenue Charles de Gaulle";"46,8061500";"1,6964100"
"202000008324";"13";"12";"2020";"19:00";"5";"36";"36044";"2";"4";"1";"1";"rue anna de noailles";"46,7917649";"1,7191419"
"202000008325";"31";"12";"2020";"14:05";"1";"35";"35238";"2";"1";"2";"3";"FOUGERES (RUE DE)";"48,1213600";" -1,6636700"
"202000008326";"16";"12";"2020";"08:15";"1";"33";"33039";"1";"1";"2";"2";"A631";"44,8072800";" -0,5318900"
"202000008327";"9";"12";"2020";"13:25";"1";"33";"33063";"2";"2";"1";"3";"RUE JOSEPH BRUNET";"44,8783800";" -0,5436700"
"202000008328";"8";"12";"2020";"18:45";"3";"33";"33281";"2";"6";"1";"3";"AVE DU MARECHAL LECLERC / AVE DE FONCASTEL";"44,8372600";" -0,6469900"
"202000008329";"20";"12";"2020";"03:30";"3";"33";"33318";"1";"6";"8";"3";"AVE DE NOES";"44,8129400";" -0,6352300"
"202000008330";"31";"12";"2020";"10:15";"1";"32";"32013";"2";"1";"1";"3";"SADI-CARNOT (BOULEVARD)";"43,6451000";"0,5876800"
"202000008331";"30";"12";"2020";"17:15";"2";"31";"31555";"2";"1";"1";"2";"MINIMES (BD DES) DU 1AU 76";"43,6156300";"1,4415400"
"202000008332";"30";"12";"2020";"15:25";"1";"31";"31555";"2";"1";"2";"3";"DIEBOLD (Place)";"43,5978200";"1,4304500"
"202000008333";"31";"12";"2020";"08:10";"2";"22";"22360";"2";"1";"1";"6";"RAULT (VICTOR)";"48,4890580";" -2,7376127"
"202000008334";"31";"12";"2020";"14:10";"1";"14";"14566";"2";"1";"1";"7";"JUIN (BOULEVARD MARECHAL)";"49,2008900";" -0,3957900"
"202000008335";"31";"12";"2020";"14:55";"1";"13";"13213";"2";"3";"2";"3";"SAINT PAUL (AVENUE)";"43,3286274";"5,4044741"
"202000008336";"31";"12";"2020";"00:55";"5";"13";"13204";"2";"1";"1";"6";"ALEX. FLEMING (BOULEVARD)";"43,3165400";"5,3979700"
"202000008337";"30";"12";"2020";"17:50";"5";"13";"13212";"2";"1";"1";"6";"DOCTEUR CAUVIN (RUE)";"43,2980000";"5,4160000"
"202000008338";"30";"12";"2020";"08:45";"1";"13";"13206";"2";"1";"1";"6";"JULES CANTINI (AVENUE)";"43,2828890";"5,3892300"
"202000008339";"31";"12";"2020";"11:20";"1";"13";"13028";"2";"1";"8";"2";"GASSION (AVENUE FERNAND )";"43,1814200";"5,6052700"
"202000008340";"30";"12";"2020";"20:45";"5";"11";"11262";"1";"3";"1";"3";"PECLET (RUE)";"43,1899000";"3,0160500"
"202000008341";"31";"12";"2020";"13:35";"1";"06";"06123";"2";"1";"1";"3";"CURIE PIERRE ET MARIE AVENUE";"43,6942000";"7,1848200"
"202000008342";"30";"12";"2020";"12:15";"1";"01";"01451";"2";"3";"2";"3";"HERRIOT ( BOULEVARD EDOUARD COTE PAIR)";"46,2129000";"5,2182000"
"202000008343";"31";"12";"2020";"06:25";"4";"75";"75118";"2";"1";"2";"6";"ECHANGEUR CHAPELLE";"48,9001390";"2,3601820"
"202000008344";"31";"12";"2020";"18:50";"5";"75";"75120";"2";"1";"1";"3";"RUE DES PYRENEES";"48,8707240";"2,3935410"
"202000008345";"31";"12";"2020";"12:50";"1";"75";"75113";"2";"3";"1";"3";"RUE JENNER";"48,8339760";"2,3647410"
"202000008346";"31";"12";"2020";"08:20";"2";"75";"75111";"2";"1";"2";"3";"RUE AMELOT";"48,8579200";"2,3686530"
"202000008347";"31";"12";"2020";"13:30";"1";"75";"75108";"2";"1";"8";"7";"COURS ALBERT 1ER";"48,8644570";"2,3044480"
"202000008348";"31";"12";"2020";"16:15";"1";"94";"94081";"2";"1";"2";"6";"PAUL VAILLANT COUTURIER (AV)";"48,7958300";"2,3979900"
"202000008349";"31";"12";"2020";"10:35";"1";"94";"94081";"2";"1";"2";"5";"CHOISY (R DE)";"48,7820600";"2,4023600"
"202000008350";"30";"12";"2020";"20:50";"5";"94";"94081";"2";"1";"2";"1";"ANATOLE FRANCE (AV)";"48,8037769";"2,4045483"
"202000008351";"31";"12";"2020";"19:00";"5";"93";"93074";"2";"9";"1";"5";"MEAUX RUE DE";"48,9361128";"2,5782623"
"202000008352";"31";"12";"2020";"04:09";"5";"93";"93006";"2";"3";"2";"3";"GAL LECLERC AV. DU";"48,8672068";"2,4188679"
"202000008353";"30";"12";"2020";"20:30";"4";"92";"92036";"2";"1";"2";"3";"GABRIEL PERI (AVENUE) (147/177)";"48,9211256";"2,2950053"
"202000008354";"31";"12";"2020";"17:15";"2";"67";"67437";"2";"4";"2";"6";"rue du 19 novembre";"48,7416940";"7,3585170"
"202000008355";"31";"12";"2020";"19:00";"3";"56";"56140";"1";"2";"1";"3";"La Croix Blanche";"47,9383870";" -2,8274880"
"202000008356";"31";"12";"2020";"14:34";"1";"22";"22221";"1";"1";"2";"6";"Lieu Dit Kermenou";"48,7911960";" -3,2705780"
"202000008357";"30";"12";"2020";"17:15";"4";"27";"27679";"2";"3";"1";"6";"Place de Verdun";"48,7387600";"0,9267730"
"202000008358";"31";"12";"2020";"20:15";"5";"973";"97309";"2";"1";"1";"3";"Rue des Zignias";"4,9120490";" -52,2848420"
"202000008359";"31";"12";"2020";"17:15";"2";"45";"45051";"1";"1";"1";"1";"RD 952-35+1";"47,8331080";"2,3641630"
"202000008360";"31";"12";"2020";"18:44";"3";"80";"80646";"1";"1";"1";"4";"A1";"49,7943280";"2,8048610"
"202000008361";"31";"12";"2020";"12:15";"1";"13";"13055";"1";"1";"2";"6";"A507 sens Marseille - Aubagne";"43,3385800";"5,3764800"
"202000008362";"22";"12";"2020";"11:45";"1";"42";"42207";"1";"1";"8";"2";"RN 88";"45,4573800";"4,4838600"
"202000008363";"31";"12";"2020";"08:37";"1";"33";"33487";"1";"1";"3";"4";"AUTOROUTE A 10";"44,9519720";" -0,4605150"
"202000008364";"31";"12";"2020";"18:00";"5";"94";"94034";"1";"1";"1";"4";"AUTOROUTE A86";"48,7558158";"2,3386478"
"202000008365";"31";"12";"2020";"10:20";"1";"94";"94043";"1";"1";"2";"6";"AUTOROUTE A6B";"48,8144000";"2,3557000"
"202000008366";"31";"12";"2020";"04:30";"5";"94";"94037";"1";"1";"2";"6";"AUTOROUTE A6B";"48,8152800";"2,3560300"
"202000008367";"31";"12";"2020";"18:45";"5";"78";"78090";"1";"1";"1";"4";"A13";"48,9701390";"1,9093640"
"202000008368";"31";"12";"2020";"18:05";"3";"92";"92060";"1";"1";"1";"2";"RN385";"48,7764017";"2,2356829"
"202000008369";"31";"12";"2020";"03:10";"5";"92";"92025";"1";"1";"2";"6";"A86";"48,9344000";"2,2569000"
"202000008370";"31";"12";"2020";"17:40";"2";"95";"95678";"1";"1";"1";"4";"RN 184";"49,0626100";"2,2127300"
"202000008371";"31";"12";"2020";"16:15";"1";"95";"95394";"1";"1";"1";"2";" A115";"49,0546200";"2,2006100"
"202000008372";"31";"12";"2020";"13:10";"1";"93";"93005";"1";"1";"1";"6";"AUTOROUTE A1";"48,9641600";"2,4736400"
"202000008373";"31";"12";"2020";"10:40";"1";"93";"93027";"1";"1";"2";"6";"AUTOROUTE A86";"48,9287100";"2,4146900"
"202000008374";"31";"12";"2020";"08:40";"2";"92";"92078";"1";"1";"8";"6";"AUTOROUTE A86";"48,9298303";"2,3273213"
"202000008375";"30";"12";"2020";"20:15";"3";"95";"95582";"1";"1";"2";"2";" A15";"48,9671800";"2,2547300"
"202000008376";"30";"12";"2020";"07:00";"3";"95";"95212";"1";"1";"1";"2";"A1";"49,0295460";"2,5383478"
"202000008377";"30";"12";"2020";"05:30";"3";"95";"95582";"1";"1";"1";"6";" A115";"48,9747055";"2,2446227"
"202000008378";"30";"12";"2020";"19:30";"3";"94";"94052";"1";"1";"2";"2";"A4";"48,8265629";"2,4667862"
"202000008379";"31";"12";"2020";"05:00";"3";"988";"98818";"2";"1";"2";"6";"VE1";" -22,2240200";"166,4746300"
"202000008380";"30";"12";"2020";"07:05";"1";"987";"98735";"2";"2";"1";"3";"PRINCE HINOI (AVENUE)";" -17,5348700";" -149,5634700"
"202000008381";"18";"6";"2020";"09:45";"1";"976";"97611";"2";"1";"1";" -1";"doujani-Mosquée doujani ( rue )";" -12,7794000";"45,2272000"
"202000008382";"27";"6";"2020";"11:20";"1";"976";"97611";"2";"1";"1";"3";"tsoundzou-KOUALE ( rue de )";" -12,7794000";"45,2272000"
"202000008383";"17";"8";"2020";"15:35";"1";"976";"97611";"2";"1";"1";"3";"mgombani-Mahabou (rue de )";" -12,7794000";"45,2272000"
"202000008384";"14";"11";"2020";"15:25";"1";"976";"97611";"2";"1";"3";"1";"convalescence/vetivers-Seize Villas ( ru";" -12,7794000";"45,2272000"
"202000008385";"2";"9";"2020";"13:40";"1";"976";"97611";"2";"1";"1";"3";"mamoudzou centre-Adrian SOULI (avenue)";" -12,7794000";"45,2272000"
"202000008386";"30";"12";"2020";"10:43";"1";"974";"97413";"2";"1";"2";"6";"210 b Route Hubert Delisle";" -21,1627620";"55,3082660"
"202000008387";"30";"12";"2020";"08:45";"1";"974";"97411";"2";"1";"1";"6";"SAINT-FRANCOIS (ROUTE DE)";" -20,9004800";"55,4624500"
"202000008388";"30";"12";"2020";"12:10";"1";"973";"97302";"2";"1";"1";"2";"PREVOT (ERNEST)";"4,9340900";" -52,3330700"
"202000008389";"29";"12";"2020";"20:10";"5";"69";"69387";"2";"1";"1";"7";"DOMER                               (R )";"45,7482941";"4,8543608"
"202000008390";"30";"12";"2020";"09:05";"1";"69";"69388";"2";"1";"3";"2";"ETATS UNIS (DES)                    (BD)";"45,7278752";"4,8688961"
"202000008391";"30";"12";"2020";"17:58";"3";"972";"97213";"1";"1";"1";"2";"MAHAULT";"14,6189388";" -61,0042906"
"202000008392";"29";"12";"2020";"12:40";"1";"91";"91377";"2";"2";"2";"3";"IMP DE L'AULNAYE DRACOURT";"48,7204500";"2,2797800"
"202000008393";"30";"12";"2020";"11:35";"1";"91";"91027";"2";"1";"1";"6";"AV FRANCOIS MITTERRAND";"48,7018300";"2,3718700"
"202000008394";"26";"12";"2020";"20:40";"5";"89";"89354";"2";"2";"1";"3";"NAILLY(ROUTE)";"48,2168827";"3,2616562"
"202000008395";"29";"12";"2020";"16:55";"1";"86";"86194";"2";"6";"1";"3";"Rue de la Blaiserie";"46,5942960";"0,3227990"
"202000008396";"30";"12";"2020";"07:10";"5";"78";"78440";"2";"6";"1";"3";"AMPERE (RUE)";"48,9966240";"1,9132560"
"202000008397";"30";"12";"2020";"13:00";"1";"69";"69282";"1";"1";"2";"3";"VERDUN (DE)                         (AV)";"45,7900138";"5,0301521"
"202000008398";"30";"12";"2020";"16:05";"1";"69";"69013";"2";"2";"1";"3";"CHANTEGRILLET (route de)";"46,0094143";"4,7119650"
"202000008399";"29";"12";"2020";"15:15";"1";"69";"69264";"2";"1";"8";"7";"EUROPE L'  AV DE";"45,9980000";"4,7393000"
"202000008400";"30";"12";"2020";"14:20";"1";"64";"64445";"2";"3";"2";"2";"AUGUSTE RENOIR";"43,3102300";" -0,3598200"
"202000008401";"30";"12";"2020";"10:50";"1";"64";"64445";"2";"6";"2";"3";"YITZHAK RABIN";"43,3065400";" -0,3330400"
"202000008402";"29";"12";"2020";"12:08";"1";"63";"63113";"2";"3";"1";"6";"NIEL (RUE)/liève";"45,7833100";"3,1023700"
"202000008403";"29";"12";"2020";"14:24";"1";"63";"63113";"2";"1";"1";"3";"SCHUMAN (BD ROBERT)";"45,7617190";"3,1307752"
"202000008404";"30";"12";"2020";"09:00";"1";"59";"59350";"2";"1";"1";"3";"RUE DU PONT A FOURCHON";"50,6302660";"3,0235260"
"202000008405";"30";"12";"2020";"10:15";"1";"54";"54257";"2";"1";"1";"1";"D570";"48,6477100";"6,1823900"
"202000008406";"30";"12";"2020";"16:32";"3";"53";"53054";"1";"1";"2";"4";"REPUBLIQUE ( BOULEVARD DE )";"48,0906720";" -0,7731560"
"202000008407";"29";"12";"2020";"20:25";"5";"50";"50129";"2";"2";"1";"3";"VAL DE SAIRE (RUE DU)";"49,6390400";" -1,6190400"
"202000008408";"25";"12";"2020";"01:40";"5";"50";"50173";"2";"1";"1";"1";"PREVERT (AVENUE JACQUES)";"49,6523100";" -1,6605000"
"202000008409";"17";"12";"2020";"17:00";"1";"44";"44132";"2";"1";"1";"6";"OCEANIDES (BOULEVARD DES)";"47,2600000";" -2,3410000"
"202000008410";"30";"12";"2020";"11:50";"1";"38";"38151";"2";"3";"2";"3";"Cours Jean Jaurès";"45,1580700";"5,7087600"
"202000008411";"29";"12";"2020";"17:59";"3";"37";"37195";"2";"1";"1";"2";"RD 37";"47,3880092";"0,6490575"
"202000008412";"30";"12";"2020";"17:20";"5";"35";"35278";"1";"1";"2";"6";"RD 437";"48,1333210";" -1,6913730"
"202000008413";"30";"11";"2020";"11:15";"1";"35";"35278";"1";"1";"1";"7";"RD 137";"48,1564300";" -1,7032500"
"202000008414";"30";"12";"2020";"21:50";"5";"33";"33075";"1";"1";"2";"6";"ALLEE DU BOIS";"44,8992100";" -0,5793100"
"202000008415";"23";"12";"2020";"19:50";"3";"33";"33063";"2";"2";"2";"3";"RUE DE SEM";"44,8412000";" -0,5619200"
"202000008416";"30";"12";"2020";"10:40";"1";"29";"29232";"2";"6";"2";"2";"Rue de la Republique";"48,0036000";" -4,0888600"
"202000008417";"30";"12";"2020";"11:35";"1";"17";"17300";"2";"1";"1";"3";"CORDOUAN   RUE DU";"46,1626000";" -1,1494000"
"202000008418";"30";"11";"2020";"09:30";"1";"13";"13103";"2";"1";"7";"6";"AVENUE DU PAYS CATALAN";"43,6543600";"5,0983000"
"202000008419";"30";"12";"2020";"21:20";"5";"13";"13213";"2";"1";"1";"5";"ALBERT EINSTEIN (RUE)";"43,3328670";"5,4300812"
"202000008420";"30";"12";"2020";"20:10";"5";"13";"13202";"2";"1";"1";"2";"PARIS (BOULEVARD DE)";"43,3088900";"5,3707700"
"202000008421";"30";"12";"2020";"15:00";"1";"13";"13202";"2";"1";"1";"2";"BASSINS DE RADOUB (BOULEVARD DES)";"43,3223300";"5,3621800"
"202000008422";"30";"12";"2020";"14:15";"1";"13";"13206";"2";"1";"1";"6";"ROUET (RUE DU)";"43,2839000";"5,3857200"
"202000008423";"30";"12";"2020";"14:10";"1";"13";"13208";"2";"9";"1";"2";"BONNEVEINE (AVENUE)";"43,2543470";"5,3793320"
"202000008424";"29";"12";"2020";"22:20";"5";"13";"13201";"2";"1";"1";" -1";"LIBERATION (BOULEVARD)  1 A 65";"43,3009100";"5,3911600"
"202000008425";"29";"12";"2020";"07:35";"1";"13";"13206";"2";"2";"1";"6";"LIEUTAUD (COURS)";"43,2964800";"5,3697800"
"202000008426";"27";"12";"2020";"02:55";"5";"11";"11262";"2";"1";"6";"6";"CARNOT (AVENUE)";"43,1968800";"3,0130200"
"202000008427";"29";"12";"2020";"18:03";"5";"10";"10357";"2";"6";"2";"3";"ROCADE EST (RD 610)";"48,2962100";"4,1329300"
"202000008428";"30";"12";"2020";"19:20";"5";"06";"06069";"2";"1";"1";"7";"PROVENCE (AVENUE DE)";"43,6560400";"6,9244100"
"202000008429";"30";"12";"2020";"20:15";"5";"75";"75116";"2";"2";"1";"3";"AVENUE DE VERSAILLES";"48,8408560";"2,2653050"
"202000008430";"30";"12";"2020";"11:40";"1";"75";"75108";"2";"7";"1";"3";"PLACE DE L ALMA";"48,8644970";"2,3017120"
"202000008431";"30";"12";"2020";"17:05";"2";"75";"75101";"2";"3";"1";" -1";"RUE DE RIVOLI";"48,8657400";"2,3260290"
"202000008432";"29";"12";"2020";"20:50";"5";"94";"94081";"2";"1";"2";"3";"LUCIEN FRANCAIS (AV)";"48,7873500";"2,3864200"
"202000008433";"30";"12";"2020";"10:30";"1";"94";"94068";"2";"1";"1";"1";"GAMBETTA (AV)";"48,7992600";"2,4897700"
"202000008434";"28";"12";"2020";"13:25";"1";"94";"94068";"2";"3";"1";"3";"CONDE (AV DE)";"48,8104140";"2,4805940"
"202000008435";"30";"12";"2020";"15:00";"1";"93";"93073";"2";"2";"1";"3";"CHAPIT RE ( RUE DU)";"49,0026300";"2,5369300"
"202000008436";"26";"12";"2020";"21:10";"5";"93";"93066";"2";"3";"1";"6";"""LANDY RD 20, NR PAIRS 2 A 144""";"48,9153666";"2,3549168"
"202000008437";"30";"12";"2020";"15:40";"1";"93";"93077";"2";"1";"2";"6";"GALLIENI (AVENUE DU GENERAL)";"48,8915060";"2,5067516"
"202000008438";"26";"12";"2020";"01:12";"5";"93";"93053";"1";"1";"3";"6";"PARIS (RUE DE)";"48,8995021";"2,4479835"
"202000008439";"30";"12";"2020";"10:05";"1";"93";"93051";"2";"2";"1";"3";"CENTRE";"48,8384400";"2,5457400"
"202000008440";"30";"12";"2020";"09:31";"1";"93";"93050";"2";"9";"1";"6";"GARE (PLACE)";"48,8600500";"2,5216300"
"202000008441";"30";"12";"2020";"14:25";"1";"93";"93010";"2";"3";"1";"3";"LETTRES (AL. DES)";"48,8897753";"2,4940465"
"202000008442";"30";"12";"2020";"20:30";"5";"92";"92072";"2";"1";"2";"7";"HAUTS CLOSEAUX (RUE DES)";"48,8227582";"2,2016698"
"202000008443";"30";"12";"2020";"10:40";"1";"92";"92064";"2";"1";"1";"3";"REPUBLIQUE";"48,8504935";"2,2133837"
"202000008444";"24";"12";"2020";"21:40";"5";"92";"92063";"2";"2";"2";"3";"DOUMER (AVENUE PAUL) NORD";"48,8812700";"2,1842600"
"202000008445";"18";"12";"2020";"20:50";"5";"92";"92063";"2";"2";"1";"3";"HOUTRAITS (RUE DES)";"48,8682700";"2,2055100"
"202000008446";"30";"12";"2020";"10:05";"1";"92";"92048";"2";"1";"8";"3";"PARIS (RUE DE) N° 12 A 164";"48,8139981";"2,2466129"
"202000008447";"30";"12";"2020";"09:40";"2";"92";"92026";"2";"1";"1";" -1";"EUGENE CARON";"48,8972290";"2,2444450"
"202000008448";"30";"12";"2020";"19:40";"5";"92";"92025";"2";"1";"1";"6";"VALMY (BD DE)";"48,9300590";"2,2550040"
"202000008449";"30";"12";"2020";"08:00";"5";"92";"92060";"2";"6";"2";"3";"PAUL LANGEVIN (AVENUE) (RD 2)";"48,7793306";"2,2515348"
"202000008450";"28";"12";"2020";"18:52";"5";"92";"92023";"2";"2";"2";"6";"GENERAL DE GAULLE (AV DU) N°130 A 340 ET";"48,7853610";"2,2514679"
"202000008451";"30";"12";"2020";"12:00";"1";"976";"97610";"1";"1";"1";"1";"RN1 - LONGONI";" -12,7288470";"45,1747940"
"202000008452";"31";"12";"2020";"15:20";"1";"45";"45321";"1";"1";"1";"7";"D39";"47,9293700";"2,5748780"
"202000008453";"30";"12";"2020";"12:00";"1";"22";"22223";"1";"1";"2";"7";"route départementale 767";"48,5721920";" -3,2115810"
"202000008454";"30";"12";"2020";"19:10";"3";"82";"82190";"1";"1";"8";"6";"2088 Route de Grenade";"43,8321550";"1,2410800"
"202000008455";"30";"12";"2020";"16:20";"1";"89";"89086";"1";"1";"1";"6";"D198";"47,8846070";"3,0696490"
"202000008456";"30";"12";"2020";"18:40";"3";"63";"63162";"1";"1";"1";"7";"Lieu Dit le Charbonnier";"45,5339800";"3,5831310"
"202000008457";"30";"12";"2020";"15:48";"1";"55";"55025";"1";"1";"2";"7";"D947";"49,4987766";"5,2601230"
"202000008458";"31";"12";"2020";"17:25";"3";"42";"42026";"1";"1";"3";"1";"Route de Roanne";"46,1457670";"4,0777300"
"202000008459";"22";"12";"2020";"14:00";"1";"41";"41181";"1";"1";"2";"6";"D17";"47,3130770";"1,3016170"
"202000008460";"31";"12";"2020";"09:00";"1";"45";"45245";"1";"1";"3";"4";"RD 47-PR 4 + 800";"47,6570020";"2,7942820"
"202000008461";"30";"12";"2020";"16:40";"3";"10";"10220";"2";"1";"1";"7";"chemin '' LES GRANGES ''";"48,5011660";"3,7857960"
"202000008462";"30";"12";"2020";"16:40";"2";"53";"53161";"2";"1";"2";"7";"22 Rue de Saint-cenere";"48,1351630";" -0,5579210"
"202000008463";"30";"12";"2020";"15:10";"1";"40";"40053";"1";"2";"2";"3";"Route de Maillas";"44,1759870";" -0,1932480"
"202000008464";"31";"12";"2020";"16:05";"2";"01";"01373";"1";"1";"1";"6";"A 40 PK 001.600 direction Arbent";"46,1439070";"5,5426100"
"202000008465";"31";"12";"2020";"14:15";"1";"988";"98827";"1";"1";"2";"1";"Col de MUEO - POYA NORD";" -21,2961020";"165,0212250"
"202000008466";"30";"12";"2020";"13:30";"1";"986";"98612";"2";"1";"1";"6";"Leava";" -14,3000720";" -178,1580900"
"202000008467";"30";"12";"2020";"18:45";"4";"973";"97304";"2";"1";"1";"1";"Avenue des Frères Kennedy";"5,1656600";" -52,6415650"
"202000008468";"30";"12";"2020";"17:15";"2";"77";"77222";"2";"1";"8";"6";"Rue du Bois Boulay";"48,6321750";"2,7961930"
"202000008469";"30";"12";"2020";"19:40";"3";"91";"91587";"2";"9";"3";"6";"1 Allée des Devodes";"48,6961690";"2,2699370"
"202000008470";"30";"12";"2020";"16:50";"1";"83";"83047";"2";"1";"1";"3";"1528 Chemin des Goys Fourniers";"43,1361890";"6,0763620"
"202000008471";"30";"12";"2020";"11:50";"1";"71";"71360";"1";"2";"8";"3";"Zone d'Activite Pré de Lit";"46,3283910";"4,7423120"
"202000008472";"31";"12";"2020";"16:15";"1";"38";"38487";"1";"1";"1";"5";"Montée de la Corniche";"45,5690740";"4,8193610"
"202000008473";"31";"12";"2020";"11:00";"1";"01";"01424";"1";"2";"8";"3";"Route de la Boisse";"45,8748320";"4,9759910"
"202000008474";"24";"11";"2020";"07:35";"5";"77";"77333";"2";"1";"5";"3";"AV J F KENNEDY";"48,2643300";"2,7086000"
"202000008475";"23";"11";"2020";"18:15";"5";"76";"76497";"2";"1";"1";"6";"CD 3 (RUE ARISTIDE BRIAND)";"49,3935700";"1,0236800"
"202000008476";"24";"11";"2020";"18:10";"3";"71";"71540";"1";"9";"5";"3";"Rond-Point du Vieux Saule";"46,7676935";"4,4530850"
"202000008477";"21";"11";"2020";"15:40";"1";"67";"67447";"2";"1";"8";"6";"LEON UNGEMACH (RUE)";"48,5994700";"7,7447100"
"202000008478";"23";"11";"2020";"15:40";"1";"66";"66136";"2";"3";"1";"3";"GUYNEMER (AVENUE GEORGES)";"42,6872500";"2,9081400"
"202000008479";"22";"11";"2020";"17:20";"2";"66";"66136";"2";"1";"1";"5";"R D 900";"42,7002000";"2,8658200"