"Num_Acc";"jour";"mois";"an";"hrmn";"lum";"dep";"com";"agg";"int";"atm";"col";"adr";"lat";"long"
"202000008480";"24";"11";"2020";"07:30";"2";"64";"64445";"2";"1";"1";"6";"ETIGNY D'";"43,2961900";" -0,3829800"
"202000008481";"22";"11";"2020";"16:50";"1";"63";"63164";"1";"1";"1";"1";"VICHY (RUE DE)";"45,8416126";"3,1576851"
"202000008482";"21";"11";"2020";"14:27";"1";"63";"63113";"2";"2";"1";"3";"DIOMEDE (RUE PAUL)";"45,7840100";"3,0761400"
"202000008483";"17";"11";"2020";"16:25";"1";"62";"62119";"2";"1";"1";"6";"VOLTAIRE ( BOULEVARD )";"50,5246600";"2,6391900"
"202000008484";"13";"11";"2020";"20:30";"3";"61";"61169";"1";"1";"1";"6";"PETITIERE (LA)";"48,7650000";" -0,5305500"
"202000008485";"23";"11";"2020";"07:00";"4";"59";"59642";"2";"1";"1";"6";"GRANDE(RUE)";"50,4107500";"3,3152600"
"202000008486";"24";"11";"2020";"20:10";"5";"59";"59122";"2";"6";"1";"3";"PORTE DE PARIS (PLACE DE LA)";"50,1702942";"3,2314282"
"202000008487";"19";"11";"2020";"06:50";"5";"54";"54304";"2";"3";"1";"6";"ZOLA (RUE EMILE)";"48,6846324";"6,1539534"
"202000008488";"24";"11";"2020";"19:00";"5";"51";"51454";"2";"1";"1";"3";"Rue Saint Julien";"49,2430400";"4,0433081"
"202000008489";"23";"11";"2020";"12:00";"1";"51";"51454";"2";"6";"2";"3";"Place d'Estournelles de Constant";"49,2323469";"4,0332478"
"202000008490";"23";"11";"2020";"20:25";"5";"49";"49007";"2";"1";"1";"6";" LAITERIE IMPASSE ET PLACE";"47,4752300";" -0,5623600"
"202000008491";"5";"11";"2020";"16:17";"1";"49";"49353";"2";"6";"1";"3";"PONTS DE CE";"47,4408400";" -0,4983700"
"202000008492";"23";"11";"2020";"07:50";"1";"46";"46042";"2";"6";"9";"5";"BEYNE (CARREFOUR DE LA )";"44,4262780";"1,4416840"
"202000008493";"24";"11";"2020";"18:20";"5";"45";"45068";"2";"6";"1";"2";"Rue Saint-Just";"48,0024590";"2,7168240"
"202000008494";"22";"11";"2020";"06:30";"5";"45";"45004";"2";"1";"1";"7";"Rue Raymond Tellier";"47,9721700";"2,7693000"
"202000008495";"22";"11";"2020";"18:35";"5";"44";"44055";"2";"3";"1";"3";"LATTRE DE TASSIGNY ( AVENUE DU MARÉCHAL";"47,2866000";" -2,3928600"
"202000008496";"24";"11";"2020";"18:50";"5";"34";"34172";"2";"6";"1";"1";"JUVENAL (PONT)";"43,6062092";"3,8980265"
"202000008497";"23";"11";"2020";"16:40";"1";"31";"31557";"2";"1";"1";"6";"DOUMERGUE (RUE GASTON)";"43,5870000";"1,3540900"
"202000008498";"19";"11";"2020";"16:25";"1";"30";"30028";"2";"3";"1";"3";"ALPHONSE DAUDET (AVENUE)";"44,1597000";"4,6161000"
"202000008499";"23";"11";"2020";"08:20";"1";"17";"17306";"2";"1";"7";"1";"EXPRESS (VOIE)";"45,6428300";" -1,0388600"
"202000008500";"24";"11";"2020";"19:45";"5";"17";"17300";"2";"1";"1";"7";"REAUMUR   RUE";"46,1585300";" -1,1564000"
"202000008501";"20";"11";"2020";"18:25";"5";"17";"17300";"2";"1";"1";" -1";"JOFFRE   BOULEVARD (79 et 18)";"46,1570000";" -1,1426000"
"202000008502";"24";"11";"2020";"16:35";"1";"14";"14383";"1";"1";"1";"6";"CHAMP DU ROY (CHEMIN DU )";"49,1555100";" -0,4147800"
"202000008503";"23";"11";"2020";"18:00";"1";"13";"13214";"2";"9";"1";"3";"ST JOSEPH A STE MARTHE (chemin)";"43,3472990";"5,3784440"
"202000008504";"24";"11";"2020";"15:20";"1";"13";"13210";"2";"9";"1";"3";"PONT DE VIVAUX (BOULEVARD)";"43,2815800";"5,4274800"
"202000008505";"24";"11";"2020";"07:50";"1";"13";"13063";"1";"1";"1";"3";"RN 1569 LA TRANSHUMANCE";"43,5909380";"4,9893880"
"202000008506";"24";"11";"2020";"06:30";"3";"13";"13063";"1";"1";"1";"1";"C.D 10";"43,5861600";"4,9865330"
"202000008507";"23";"11";"2020";"14:18";"1";"13";"13005";"2";"1";"1";"3";"VERDUN (AVENUE DE)";"43,2878800";"5,5781100"
"202000008508";"24";"11";"2020";"18:10";"3";"11";"11069";"2";"1";"1";"1";"RD 6161 - Rocade Ouest";"43,2088998";"2,3114585"
"202000008509";"24";"11";"2020";"14:12";"1";"10";"10387";"2";"1";"1";"3";"CHOMEDEY DE MAISONNEUVE (AVE)";"48,3073100";"4,0700300"
"202000008510";"24";"11";"2020";"11:55";"1";"06";"06069";"2";"1";"1";"7";"CHIRIS (AVENUE, IMPASSE ET TRAVERSE)";"43,6578670";"6,9287230"
"202000008511";"23";"11";"2020";"18:20";"2";"75";"75112";"2";"4";"1";"4";"BOULEVARD PERIPHERIQUE";"48,8305090";"2,4023430"
"202000008512";"24";"11";"2020";"07:25";"1";"75";"75120";"2";"1";"1";"3";"AVENUE DU PROFESSEUR ANDRE LEMIERE";"48,8584330";"2,4146370"
"202000008513";"24";"11";"2020";"06:25";"3";"75";"75120";"2";"2";"1";"3";"RUE DES PYRENEES";"48,8739460";"2,3853490"
"202000008514";"24";"11";"2020";"18:15";"5";"75";"75119";"2";"1";"1";"6";"BOULEVARD MACDONALD";"48,8987960";"2,3758360"
"202000008515";"24";"11";"2020";"09:43";"1";"75";"75119";"2";"3";"8";"3";"RUE DE CRIMEE";"48,8875640";"2,3803340"
"202000008516";"23";"11";"2020";"16:30";"1";"75";"75116";"2";"1";"1";"2";"AVENUE MOZART";"48,8558530";"2,2707020"
"202000008517";"23";"11";"2020";"08:20";"1";"75";"75116";"2";"5";"2";"3";"CHAUSSEE LA MUETTE";"48,8583020";"2,2726410"
"202000008518";"24";"11";"2020";"13:45";"1";"75";"75114";"2";"2";"1";"3";"RUE D ALESIA";"48,8274780";"2,3348360"
"202000008519";"24";"11";"2020";"15:20";"1";"75";"75113";"2";"1";"1";"3";"AVENUE D ITALIE";"48,8277850";"2,3567710"
"202000008520";"24";"11";"2020";"14:35";"1";"75";"75111";"2";"1";"1";"6";"RUE SAINT MAUR";"48,8699930";"2,3734110"
"202000008521";"24";"11";"2020";"19:05";"5";"75";"75110";"2";"3";"1";"6";"BOULEVARD DE BONNE NOUVELLE";"48,8703510";"2,3495640"
"202000008522";"23";"11";"2020";"14:18";"1";"75";"75101";"2";"2";"1";"6";"BOULEVARD DE SEBASTOPOL";"48,8585260";"2,3482290"
"202000008523";"24";"11";"2020";"16:15";"1";"94";"94078";"2";"9";"1";"2";"FRANCIS MARTIN (R)";"48,7369200";"2,4523100"
"202000008524";"23";"11";"2020";"09:40";"1";"94";"94028";"2";"1";"2";"7";"ECHAT(RUE DE L')";"48,7995400";"2,4492400"
"202000008525";"24";"11";"2020";"18:33";"5";"94";"94071";"2";"1";"1";"3";"PONT DE CHENNEVIERES (R DU)";"48,7833200";"2,5151300"
"202000008526";"24";"11";"2020";"16:00";"1";"94";"94019";"2";"1";"1";"2";"LIBERATION (RTE DE LA)";"48,8048400";"2,5351000"
"202000008527";"24";"11";"2020";"16:00";"1";"93";"93077";"2";"1";"1";"3";"ROSNY (AVENUE DE)";"48,8852000";"2,5031800"
"202000008528";"24";"11";"2020";"07:40";"2";"93";"93051";"2";"1";"2";"3";"NEUILLY (ROUTE)";"48,8492695";"2,5371452"
"202000008529";"24";"11";"2020";"12:40";"1";"93";"93048";"2";"1";"1";"6";"ARISTIDE BRIAND (BOULEVARD)";"48,8736120";"2,4540139"
"202000008530";"24";"11";"2020";"15:20";"1";"93";"93029";"2";"9";"1";"6";"JEAN JAURES (AVENUE)";"48,9174549";"2,4562647"
"202000008531";"24";"11";"2020";"17:00";"1";"92";"92048";"2";"1";"1";"7";"MARECHAL JUIN (AVENUE DU)";"48,7863958";"2,2209227"
"202000008532";"24";"11";"2020";"07:55";"1";"92";"92036";"2";"3";"1";"3";"LOUIS ROCHE (AVENUE) (1/45)";"48,9241600";"2,3198030"
"202000008533";"24";"11";"2020";"20:16";"5";"92";"92026";"2";"1";"1";"1";"ABREUVOIR";"48,8904912";"2,2557358"
"202000008534";"24";"11";"2020";"08:35";"1";"974";"97415";"2";"3";"1";"3";"Rue Leconte de Lisle (plaine)";" -20,9846730";"55,3339450"
"202000008535";"24";"11";"2020";"19:09";"3";"14";"14710";"1";"1";"1";"6";"Route les Fosses Rd 133";"48,8965990";" -0,3390960"
"202000008536";"25";"11";"2020";"12:00";"1";"22";"22116";"1";"1";"2";"6";"le pont neuf";"48,4918520";" -3,0385780"
"202000008537";"24";"11";"2020";"17:45";"3";"10";"10245";"1";"1";"1";"2";"Départementale 21";"48,2523800";"4,1700630"
"202000008538";"25";"11";"2020";"09:30";"1";"972";"97212";"1";"1";"1";"6";"Qrt Dosithee";"14,7082190";" -60,9936900"
"202000008539";"25";"11";"2020";"17:48";"5";"60";"60176";"2";"1";"1";"6";"15 Rue Marie Rotsen";"49,2287327";"2,8865636"
"202000008540";"24";"11";"2020";"20:30";"5";"57";"57742";"2";"1";"5";"6";"1 Rue Principale Eigenthal";"48,6403780";"7,1346870"
"202000008541";"25";"11";"2020";"11:00";"1";"59";"59472";"1";"1";"1";"1";"CD932";"50,1628930";"3,6496930"
"202000008542";"24";"11";"2020";"20:00";"3";"41";"41185";"1";"6";"1";"6";"Autoroute A85 - PK 175.970 - Giratoire aire de service de Romorantin";"47,3376080";"1,6645470"
"202000008543";"25";"11";"2020";"14:00";"1";"63";"63210";"1";"3";"1";"3";"D1093";"45,9292850";"3,3385940"
"202000008544";"25";"11";"2020";"12:30";"1";"61";"61207";"1";"3";"1";"3";"RD 938- Le Grand Cuvon";"48,3182220";"0,5066370"
"202000008545";"24";"11";"2020";"09:35";"1";"46";"46031";"1";"1";"1";"7";"Départementale 653";"44,5918420";"1,7663740"
"202000008546";"25";"11";"2020";"06:45";"3";"86";"86075";"1";"1";"1";"4";"RD 347";"46,8146950";"0,1721660"
"202000008547";"25";"11";"2020";"06:55";"2";"68";"68126";"2";"1";"9";"7";"12 Rue de Hagenthal";"47,5616590";"7,5245700"
"202000008548";"24";"11";"2020";"12:40";"1";"68";"68096";"1";"1";"1";"6";"D419";"47,6107200";"7,3498960"
"202000008549";"20";"11";"2020";"23:10";"5";"39";"39470";"1";"1";"1";"6";"Route Internationale";"46,4772060";"6,0858890"
"202000008550";"25";"11";"2020";"12:40";"1";"25";"25011";"1";"1";"1";"6";"D209";"47,5263300";"6,8951230"
"202000008551";"24";"11";"2020";"22:45";"3";"25";"25287";"1";"1";"9";"6";"chemin des Corvées";"47,2016100";"5,9068250"
"202000008552";"25";"11";"2020";"09:30";"1";"44";"44084";"1";"2";"1";"3";"La Ville En Bois";"47,2539490";" -1,2768360"
"202000008553";"23";"11";"2020";"12:55";"1";"44";"44021";"2";"4";"1";"3";"Rue des Cités";"47,0244650";" -1,8736510"
"202000008554";"24";"11";"2020";"13:50";"1";"31";"31499";"2";"1";"1";"3";"avenue de toulouse";"43,5150690";"1,1778160"
"202000008555";"25";"11";"2020";"08:00";"1";"31";"31324";"1";"1";"1";"3";"86 avenue des Pyrénées";"43,1907380";"0,9912590"
"202000008556";"24";"11";"2020";"13:25";"1";"38";"38324";"1";"1";"1";"2";"1010 route de sablons";"45,3821000";"5,0147870"
"202000008557";"25";"11";"2020";"10:04";"1";"01";"01133";"1";"3";"1";"6";"rd 992";"45,7770940";"5,7657950"
"202000008558";"24";"11";"2020";"07:15";"3";"54";"54399";"1";"1";"5";"1";"RD570";"48,5024780";"6,2826030"
"202000008559";"25";"11";"2020";"07:45";"2";"14";"14355";"2";"1";"8";"7";"D22";"49,2762290";" -0,5060520"
"202000008560";"24";"11";"2020";"15:30";"1";"09";"09173";"1";"1";"1";"7";"D11";"43,0320000";"1,5384190"
"202000008561";"25";"11";"2020";"11:45";"1";"60";"60347";"1";"1";"1";"7";"D67";"49,7020253";"1,7409577"
"202000008562";"25";"11";"2020";"08:10";"1";"18";"18197";"2";"1";"1";"6";"1 Quai Farfadet";"46,7181460";"2,5059520"
"202000008563";"25";"11";"2020";"09:30";"1";"10";"10328";"2";"1";"7";"6";"38 Route du Lac d'Orient";"48,3443000";"4,2649870"
"202000008564";"20";"11";"2020";"22:00";"3";"40";"40210";"1";"1";"1";"6";"D38";"44,0691870";" -1,0766820"
"202000008565";"24";"11";"2020";"22:15";"3";"27";"27693";"1";"1";"1";"7";"D833";"48,8753500";"1,1012250"
"202000008566";"25";"11";"2020";"08:50";"1";"87";"87017";"1";"9";"1";"1";"D1";"46,1239760";"1,1220480"
"202000008567";"22";"11";"2020";"04:30";"4";"37";"37020";"2";"1";"1";"6";"2 Rue de la Croix Gaillard";"47,1244084";"1,0167498"
"202000008568";"24";"11";"2020";"17:45";"3";"37";"37213";"1";"1";"1";"1";"N/A";"47,6458546";"0,4968669"
"202000008569";"21";"11";"2020";"12:15";"1";"30";"30325";"1";"1";"1";"1";"D11";"43,9633220";"3,7087870"
"202000008570";"24";"11";"2020";"22:50";"3";"52";"52414";"1";"1";"1";"6";"D9";"48,5211950";"5,0793530"
"202000008571";"24";"11";"2020";"21:30";"3";"973";"97307";"1";"2";"1";"6";"Chemin Mogès";"4,7782679";" -52,3428154"
"202000008572";"24";"11";"2020";"20:20";"3";"31";"31467";"1";"1";"1";"6";"autoroute A62 PK221sens Toulouse/Montauban";"43,6913670";"1,4106700"
"202000008573";"25";"11";"2020";"11:25";"1";"06";"06152";"1";"1";"1";"2";"3935 Route du Parc";"43,6143490";"7,0433750"
"202000008574";"25";"11";"2020";"19:30";"5";"06";"06085";"2";"1";"1";"7";"1037 Avenue Saint Martin";"43,6116500";"6,9773690"
"202000008575";"24";"11";"2020";"11:32";"1";"64";"64545";"1";"1";"1";" -1";"A63, PK 202+700";"43,3512250";" -1,7176650"
"202000008576";"24";"11";"2020";"08:40";"1";"06";"06070";"1";"1";"1";"6";"Route de Thorenc";"43,8089510";"6,8776130"
"202000008577";"19";"11";"2020";"09:20";"1";"89";"89295";"1";"6";"1";"3";"Départementale 158";"47,8340370";"3,5492380"
"202000008578";"25";"11";"2020";"16:45";"1";"42";"42299";"2";"9";"1";"2";"D204";"45,6124400";"4,0797490"
"202000008579";"25";"11";"2020";"10:15";"1";"38";"38138";"1";"6";"1";"3";"D517";"45,7331150";"5,2348570"
"202000008580";"24";"11";"2020";"21:20";"5";"17";"17121";"2";"2";"1";"6";"D735";"46,1979830";" -1,4272570"
"202000008581";"17";"11";"2020";"15:30";"1";"33";"33165";"2";"3";"1";"3";"37 Avenue de l'Entre 2 Mers";"44,8246400";" -0,4488200"
"202000008582";"25";"11";"2020";"07:00";"5";"85";"85250";"2";"1";"1";"3";"39 Avenue de Nantes";"46,5671150";" -1,7121510"
"202000008583";"25";"11";"2020";"07:57";"2";"85";"85019";"1";"3";"1";"3";"La Piglière";"46,7780510";" -1,4417840"
"202000008584";"22";"11";"2020";"20:30";"3";"49";"49301";"1";"1";"1";"1";"Lieu Dit la Catherine";"47,1278080";" -1,0430360"
"202000008585";"24";"11";"2020";"20:30";"3";"29";"29247";"2";"1";"2";"7";"C5 - Route de Quimper";"47,9385350";" -4,0246980"
"202000008586";"23";"11";"2020";"11:00";"1";"13";"13071";"1";"1";"1";"5";"A7-Sens Marseille vers Lyon";"43,4058000";"5,3215000"
"202000008587";"23";"11";"2020";"06:10";"3";"13";"13071";"1";"1";"1";"7";"A7-Sens Lyon vers Marseille";"43,4048994";"5,3395861"
"202000008588";"24";"11";"2020";"09:15";"1";"92";"92002";"1";"1";"1";"2";"AUTOROUTE A86";"48,7616684";"2,3155706"
"202000008589";"23";"11";"2020";"20:35";"3";"91";"91136";"1";"1";"1";"2";"AUTOROUTE A10";"48,7128600";"2,2812200"
"202000008590";"24";"11";"2020";"05:15";"5";"78";"78362";"1";"1";"5";"2";"A13";"48,9763030";"1,7209190"
"202000008591";"24";"11";"2020";"14:30";"1";"94";"94018";"1";"1";"1";"2";"A4";"48,8173900";"2,4236300"
"202000008592";"21";"6";"2020";"13:15";"1";"75";"75112";"2";"1";"1";"2";"RUE DE BERCY";"48,8409650";"2,3782200"
"202000008593";"23";"11";"2020";"18:55";"5";"988";"98818";"2";"3";"1";"5";"RUE ARMAND OHLEN/RUE DE LA GARONNE";" -22,2506400";"166,4636800"
"202000008594";"23";"11";"2020";"15:35";"1";"973";"97302";"1";"9";"1";"2";"ROUTE NATIONALE 1";"4,8952234";" -52,3298121"
"202000008595";"23";"11";"2020";"06:55";"1";"973";"97302";"2";"1";"1";"3";"BADUEL (ROUTE DE)";"4,9281300";" -52,2928800"
"202000008596";"23";"11";"2020";"08:00";"2";"69";"69142";"2";"2";"1";"3";"GENERAL DE GAULLE                   (AV)";"45,7257300";"4,8116000"
"202000008597";"21";"11";"2020";"18:50";"2";"971";"97101";"2";"1";"2";"2";"PERRIN (SECTEUR)";"16,2879803";" -61,5114028"
"202000008598";"23";"11";"2020";"07:51";"5";"91";"91477";"2";"1";"2";"2";"GUTEMBERG (RUE)";"48,7102300";"2,2536700"
"202000008599";"23";"11";"2020";"07:30";"2";"91";"91687";"2";"3";"2";"3";"PASTEUR (RUE)";"48,6858060";"2,3789840"
"202000008600";"20";"11";"2020";"20:27";"5";"87";"87085";"2";"2";"1";"3";"GAMBETTA (BOULEVARD)";"45,8273200";"1,2601100"
"202000008601";"21";"11";"2020";"14:41";"1";"87";"87085";"2";"1";"1";"3";"SABLARD (AVENUE DE)";"45,8291100";"1,2785900"
"202000008602";"23";"11";"2020";"07:50";"1";"86";"86194";"2";"1";"1";"6";"Avenue de Northampton";"46,5795750";"0,3791890"
"202000008603";"23";"11";"2020";"07:30";"5";"78";"78481";"2";"1";"2";"2";"JEAN JAURES (AVENUE)";"48,8978400";"2,1114000"
"202000008604";"13";"11";"2020";"11:55";"1";"74";"74281";"2";"3";"1";"6";"VERSOIE (AVENUE DE LA)";"46,3693800";"6,4751200"
"202000008605";"23";"11";"2020";"12:30";"1";"73";"73029";"2";"3";"1";"3";"CHALLES (ROUTE DE)";"45,5705800";"5,9487900"
"202000008606";"23";"11";"2020";"13:15";"1";"71";"71153";"2";"1";"1";"7";"BART (RUE JEAN)";"46,7965660";"4,4417999"
"202000008607";"23";"11";"2020";"16:10";"1";"64";"64102";"2";"6";"1";"2";"ALLEES MARINES (ROND POINT DES)";"43,4968700";" -1,4828900"
"202000008608";"22";"11";"2020";"07:15";"5";"64";"64102";"2";"1";"1";"7";"BOURGNEUF (RUE)";"43,4911700";" -1,4725400"
"202000008609";"20";"11";"2020";"16:10";"1";"63";"63113";"2";"2";"1";"3";"JOUHAUX (BD LEON)";"45,7921458";"3,1176721"
"202000008610";"19";"11";"2020";"11:35";"1";"63";"63063";"2";"1";"1";"6";"CHAMBERET (IMP)";"45,8274800";"3,1004500"
"202000008611";"20";"11";"2020";"08:20";"1";"62";"62250";"2";"1";"1";"3";"LECLERC (AV. DU GAL)";"50,4605800";"2,9488400"
"202000008612";"23";"11";"2020";"17:00";"5";"59";"59009";"2";"6";"2";"6";"OUEST BOULEVARD DE L";"50,6504241";"3,1271206"
"202000008613";"23";"11";"2020";"13:45";"1";"59";"59378";"2";"2";"1";"3";"EGALITE RUE DE L";"50,6648800";"3,1023800"
"202000008614";"12";"11";"2020";"13:15";"1";"59";"59378";"2";"3";"1";"6";"DELCENSERIE JULES RUE N°2-314";"50,6569800";"3,1011200"
"202000008615";"23";"11";"2020";"14:10";"1";"59";"59206";"1";"1";"2";"1";"Rue du 11 Novembre";"50,1866000";"3,2817400"
"202000008616";"23";"11";"2020";"08:10";"2";"56";"56098";"2";"6";"1";"3";"NORMANDIE NIEMEN ( BD )";"47,7607700";" -3,3539700"
"202000008617";"20";"11";"2020";"17:25";"1";"56";"56121";"2";"2";"1";"6";"DU COUEDIC (RUE)";"47,7497200";" -3,3635300"
"202000008618";"23";"11";"2020";"17:05";"2";"54";"54395";"2";"3";"1";"6";"SCARPONE (BD DE)";"48,7008600";"6,1644100"
"202000008619";"20";"11";"2020";"17:46";"2";"49";"49007";"2";"1";"1";"6";"GASNIER AVENUE";"47,4923793";" -0,5774281"
"202000008620";"20";"11";"2020";"12:24";"1";"49";"49007";"2";"1";"1";"3";"Boulevard Gaston Ramon";"47,4881100";" -0,5430100"
"202000008621";"21";"11";"2020";"14:44";"1";"49";"49007";"2";"1";"1";"3";"MONTAIGNE AVENUE";"47,4669000";" -0,5265000"
"202000008622";"19";"11";"2020";"13:50";"1";"44";"44184";"2";"3";"1";"1";"Avenue Albert De Mun";"47,2784500";" -2,2107800"
"202000008623";"23";"11";"2020";"08:00";"1";"44";"44109";"2";"2";"1";"3";"RUE JEAN JACQUES ROUSSEAU";"47,2120000";" -1,5591300"
"202000008624";"23";"11";"2020";"16:00";"1";"37";"37261";"2";"3";"1";" -1";"GRAMMONT (AVENUE DE)";"47,3780193";"0,6937335"
"202000008625";"23";"11";"2020";"21:10";"5";"35";"35238";"2";"1";"1";"7";"ALMA (DE L')";"48,1047000";" -1,6777000"
"202000008626";"21";"11";"2020";"21:20";"4";"31";"31555";"2";"1";"1";"2";"VA007418 PONT JUMEAUX A620 Sortie 30";"43,6125900";"1,4164700"
"202000008627";"20";"11";"2020";"13:46";"1";"31";"31555";"2";"1";"1";"6";"BD GRIFFOUL DORVAL";"43,5947490";"1,4568430"
"202000008628";"23";"11";"2020";"19:14";"5";"27";"27229";"2";"1";"1";"1";"HUGO (RUE VICTOR)";"49,0220400";"1,1432300"
"202000008629";"23";"11";"2020";"09:20";"1";"27";"27299";"2";"2";"1";"3";"BRIAND (AVENUE ARISTIDE)";"49,0549000";"1,1672100"
"202000008630";"22";"11";"2020";"11:30";"1";"16";"16089";"2";"6";"2";"7";"30 Avenue de Barbezieux";"45,6814900";" -0,3285300"
"202000008631";"21";"11";"2020";"15:45";"1";"14";"14366";"2";"1";"1";"3";"GENERAL LECLERC (RUE DU)";"49,1557900";"0,2229800"
"202000008632";"23";"11";"2020";"21:50";"5";"13";"13208";"2";"2";"1";"3";"PRADO (AVENUE DU)";"43,2840260";"5,3848330"
"202000008633";"23";"11";"2020";"19:50";"5";"13";"13213";"2";"9";"1";"3";"FRAIS VALLON (AVENUE)";"43,3254100";"5,4295200"
"202000008634";"23";"11";"2020";"14:00";"1";"13";"13208";"2";"6";"1";"6";"PIERRE GUERRE (ROND-POINT)";"43,2505170";"5,3890210"
"202000008635";"18";"11";"2020";"12:10";"1";"13";"13001";"2";"1";"1";"6";"ARTS ET METIERS (COURS)";"43,5304010";"5,4550750"
"202000008636";"22";"11";"2020";"09:05";"1";"13";"13001";"2";"1";"1";"6";"COSTE JEAN PAUL (AV )";"43,5137000";"5,4585800"
"202000008637";"18";"11";"2020";"14:45";"1";"07";"07019";"2";"1";"7";"6";"JEAN MATHON (FAUBOURG)";"44,6234200";"4,3906700"
"202000008638";"21";"11";"2020";"15:30";"1";"06";"06069";"1";"1";"1";"3";"PAOUTE (ROUTE ET TRAVERSE DE LA)";"43,6341740";"6,9572560"
"202000008639";"20";"11";"2020";"17:35";"5";"02";"02722";"2";"1";"1";"6";"SAINT-MARTIN (RUE)";"49,3768500";"3,3288300"
"202000008640";"23";"11";"2020";"08:35";"1";"75";"75118";"2";"1";"2";"2";"BOULEVARD PERIPHERIQUE";"48,9007310";"2,3358230"
"202000008641";"23";"11";"2020";"19:15";"5";"75";"75118";"2";"7";"1";"6";"RUE RAMEY";"48,8906950";"2,3453970"
"202000008642";"23";"11";"2020";"18:00";"5";"75";"75117";"2";"7";"1";"6";"ECHANGEUR MAILLOT";"48,8795820";"2,2808480"
"202000008643";"22";"11";"2020";"12:35";"1";"75";"75115";"2";"1";"1";"3";"RUE DE LA FEDERATION";"48,8528610";"2,2976370"
"202000008644";"23";"11";"2020";"16:41";"1";"75";"75113";"2";"7";"1";"6";"RUE JEANNE D ARC";"48,8303210";"2,3676670"
"202000008645";"23";"11";"2020";"16:15";"1";"75";"75112";"2";"1";"1";"3";"AVENUE DAUMESNIL";"48,8380070";"2,3998980"
"202000008646";"23";"11";"2020";"09:00";"1";"75";"75109";"2";"2";"2";"6";"RUE DE CHATEAUDUN";"48,8762480";"2,3318640"
"202000008647";"22";"11";"2020";"12:40";"1";"75";"75108";"2";"1";"1";"3";"RUE DE COURCELLES";"48,8770390";"2,3070780"
"202000008648";"23";"11";"2020";"18:10";"5";"75";"75104";"2";"3";"1";"3";"QUAI DE L HOTEL DE VILLE";"48,8549330";"2,3535280"
"202000008649";"20";"11";"2020";"19:05";"5";"94";"94078";"2";"1";"1";"6";"CHOISY (AV DE)";"48,7445500";"2,4377300"
"202000008650";"23";"11";"2020";"09:20";"1";"94";"94068";"2";"2";"2";"3";"GENERAL GIRAUD (BD DU)";"48,7934300";"2,4786100"
"202000008651";"23";"11";"2020";"11:50";"1";"94";"94076";"2";"1";"2";"6";"MAXIME GORKI (BD)";"48,7870920";"2,3676200"
"202000008652";"23";"11";"2020";"08:00";"1";"94";"94043";"2";"1";"3";"3";"FONTAINEBLEAU (AV DE)";"48,8136800";"2,3612100"
"202000008653";"23";"11";"2020";"13:40";"1";"94";"94017";"2";"1";"1";"7";"Pont de Nogent";"48,8307300";"2,4931100"
"202000008654";"23";"11";"2020";"11:20";"1";"94";"94017";"2";"9";"2";"6";"TUNNEL (R DU)";"48,8067300";"2,5500800"
"202000008655";"22";"11";"2020";"23:20";"5";"94";"94017";"2";"1";"1";"3";"ROGER SALENGRO (AV)";"48,8189800";"2,4894100"
"202000008656";"26";"10";"2020";"10:45";"1";"93";"93070";"2";"1";"1";"6";"ENTREPOTS (RUE DES)";"48,9028549";"2,3464173"
"202000008657";"23";"11";"2020";"19:00";"5";"93";"93051";"2";"6";"1";"3";"CHAMPY RICHARDETS (BOULEVARD)";"48,8371500";"2,5774700"
"202000008658";"22";"11";"2020";"21:25";"5";"93";"93032";"2";"2";"1";"3";"R CONTANT / AV HENRI BARBUSSE";"48,8851000";"2,5322000"
"202000008659";"23";"11";"2020";"17:35";"5";"93";"93030";"2";"6";"1";"3";"HUIT-MAI-1945 (AVENUE DU)";"48,9405600";"2,4312500"
"202000008660";"23";"11";"2020";"17:00";"2";"93";"93013";"2";"1";"1";"6";"VAILLANT (RUE EDOUARD)";"48,9363775";"2,4333076"
"202000008661";"23";"11";"2020";"12:40";"1";"93";"93005";"2";"3";"1";"3";"R ARTHUR CHEVALIER / PNT DE LA CROIX BLANCHE";"48,9314000";"2,5046000"
"202000008662";"23";"11";"2020";"09:04";"1";"93";"93005";"2";"1";"8";"6";"MITRY [CD115] (ROUTE DE)";"48,9456000";"2,5097000"
"202000008663";"20";"11";"2020";"12:50";"1";"92";"92050";"2";"6";"1";"2";"PICASSO PABLO AVENUE";"48,8916361";"2,2145691"
"202000008664";"23";"11";"2020";"08:10";"5";"92";"92050";"2";"6";"2";"3";"BOULE PLACE DE LA";"48,8873197";"2,2005540"
"202000008665";"23";"11";"2020";"09:00";"1";"92";"92004";"2";"1";"8";"7";"PARFUMERIE ( RUE DE LA )";"48,9121811";"2,3004180"
"202000008666";"24";"11";"2020";"17:36";"3";"54";"54109";"1";"1";"5";"1";"RD6";"48,5274304";"6,1873171"
"202000008667";"23";"11";"2020";"16:15";"1";"24";"24309";"1";"1";"1";"1";"Regulie";"45,0650270";"0,4700250"
"202000008668";"17";"5";"2020";"10:15";"1";"54";"54045";"1";"3";"1";" -1";"RD1";"48,5685920";"6,3573930"
"202000008669";"17";"5";"2020";"07:00";"1";"72";"72132";"1";"1";"1";"7";"D7";"48,1652980";"0,6060080"
"202000008670";"17";"5";"2020";"14:30";"1";"14";"14654";"1";"2";"1";"5";"D4";"49,0044710";"0,1052460"