"Num_Acc";"jour";"mois";"an";"hrmn";"lum";"dep";"com";"agg";"int";"atm";"col";"adr";"lat";"long"
"202000008864";"3";"1";"2020";"17:45";"5";"54";"54099";"2";"6";"2";"6";"ALBERT 1ER (AVENUE)";"49,2540430";"5,9466880"
"202000008865";"29";"2";"2020";"15:50";"1";"51";"51055";"2";"1";"1";"3";"Boulevard des Tondeurs";"49,2846968";"4,0347502"
"202000008866";"28";"2";"2020";"16:40";"1";"51";"51454";"2";"1";"2";"5";"Avenue Georges Pompidou";"49,2199488";"4,0333198"
"202000008867";"27";"2";"2020";"19:01";"5";"51";"51454";"2";"3";"1";"3";"Rue Gosset";"49,2660107";"4,0405452"
"202000008868";"27";"2";"2020";"16:10";"1";"50";"50218";"2";"1";"1";"6";"MATIGNON (AV DES)";"48,8381400";" -1,5714700"
"202000008869";"27";"2";"2020";"18:35";"1";"50";"50129";"2";"1";"1";"2";"PARIS (AVENUE DE)";"49,6276690";" -1,6179300"
"202000008870";"22";"2";"2020";"16:10";"1";"50";"50173";"1";"3";"1";"2";"SALINE (BOULEVARD DE LA)";"49,6489200";" -1,6442300"
"202000008871";"26";"2";"2020";"15:47";"1";"49";"49007";"2";"1";"1";"6";"ARNAULD ( HENRI) BOULEVARD";"47,4730200";" -0,5623200"
"202000008872";"25";"2";"2020";"09:21";"1";"49";"49007";"2";"1";"1";"2";"JEANNE D'ARC SQUARE";"47,4673500";" -0,5359200"
"202000008873";"24";"2";"2020";"16:05";"1";"48";"48095";"2";"1";"7";"6";"CAPUCINS (BOULEVARD DES)";"44,5196770";"3,4970840"
"202000008874";"24";"2";"2020";"16:15";"1";"47";"47323";"2";"7";"1";"3";"LEYGUES (BLVD GEORGES)";"44,4082200";"0,7072100"
"202000008875";"28";"2";"2020";"20:35";"5";"45";"45234";"2";"1";"2";"4";"Quai du Chatelet";"47,8980700";"1,9125500"
"202000008876";"28";"2";"2020";"09:00";"1";"45";"45169";"1";"1";"1";"6";"Rue de la Bate";"47,9298000";"1,8173000"
"202000008877";"25";"2";"2020";"17:50";"1";"45";"45147";"1";"1";"8";"3";"D2060-PR97+650";"47,9412200";"1,9095900"
"202000008878";"1";"3";"2020";"21:00";"5";"44";"44215";"1";"1";"2";"2";"PERIPHERIQUE";"47,1865500";" -1,4956600"
"202000008879";"1";"3";"2020";"02:30";"5";"44";"44109";"2";"1";"2";"6";"Quai Président Wilson";"47,1997000";" -1,5648000"
"202000008880";"28";"2";"2020";"23:30";"3";"44";"44114";"1";"1";"1";"6";"PERIPHERIQUE ROUTIER";"47,2610500";" -1,6144800"
"202000008881";"28";"2";"2020";"01:15";"3";"44";"44109";"1";"1";"1";"6";"Chemin du Pont de l'Arche de Mauves";"47,2158237";" -1,5313210"
"202000008882";"25";"2";"2020";"21:38";"5";"44";"44109";"2";"1";"2";"6";"Rue du Calvaire";"47,2151500";" -1,5629000"
"202000008883";"23";"2";"2020";"17:09";"1";"42";"42207";"2";"3";"1";"3";"Rue du Repos";"45,4634600";"4,5008700"
"202000008884";"22";"2";"2020";"20:14";"5";"42";"42218";"2";"1";"1";"3";"Boulevard Fredo Krumnow";"45,4405150";"4,3788010"
"202000008885";"29";"2";"2020";"20:15";"5";"38";"38185";"2";"1";"2";"3";"Boulevard Joseph Vallier";"45,1800700";"5,7118200"
"202000008886";"1";"3";"2020";"17:36";"1";"37";"37261";"2";"2";"1";"6";"DE GAULLE (AVENUE DU GENERAL)";"47,3814206";"0,7029366"
"202000008887";"1";"3";"2020";"06:15";"5";"37";"37261";"2";"3";"2";"3";"CHEVALLIER (RUE AUGUSTE)";"47,3757633";"0,6791269"
"202000008888";"28";"2";"2020";"19:00";"5";"37";"37261";"2";"7";"2";" -1";"RABELAIS (PLACE)";"47,3844262";"0,6763303"
"202000008889";"28";"2";"2020";"14:00";"1";"37";"37261";"2";"1";"8";"6";"GIRAUDEAU (RUE)";"47,3877972";"0,6764634"
"202000008890";"25";"2";"2020";"17:40";"1";"35";"35238";"2";"3";"3";"6";"GRIMAULT (BD LEON)";"48,0913100";" -1,6548700"
"202000008891";"25";"2";"2020";"08:35";"1";"35";"35238";"2";"6";"1";"3";"STATION DE METRO POTERIE (AUX ABORDS)";"48,0876600";" -1,6450200"
"202000008892";"1";"3";"2020";"02:05";"5";"34";"34172";"2";"1";"2";"6";"LOGE (RUE DE LA)";"43,6099900";"3,8774000"
"202000008893";"28";"2";"2020";"19:25";"5";"34";"34172";"2";"1";"1";"3";"MAS ARGELLIERS (AVENUE DU)";"43,5838200";"3,8878400"
"202000008894";"28";"2";"2020";"19:00";"5";"34";"34172";"2";"1";"8";"2";"BONNES NOUVELLES (BOULEVARD DE)";"43,6124400";"3,8809500"
"202000008895";"28";"2";"2020";"13:20";"1";"34";"34172";"2";"3";"1";"7";"FLAHAULT (AVENUE CHARLES";"43,6213500";"3,8644500"
"202000008896";"22";"2";"2020";"18:20";"2";"34";"34172";"2";"1";"1";"3";"KRAFFT (RUE MAURICE ET KATIA)";"43,6385443";"3,8500321"
"202000008897";"27";"2";"2020";"20:05";"5";"34";"34172";"2";"1";"1";"6";"BUGAREL (RUE DE";"43,5918100";"3,8502300"
"202000008898";"27";"2";"2020";"08:05";"1";"34";"34172";"2";"2";"2";"2";"MORSE (RUE SAMUEL)";"43,6065700";"3,9133700"
"202000008899";"26";"2";"2020";"11:20";"1";"34";"34172";"2";"1";"1";"3";"CLEMENCEAU (AVENUE GEORGES)";"43,6024000";"3,8702300"
"202000008900";"25";"2";"2020";"10:45";"1";"34";"34172";"2";"1";"1";"6";"COMMINGES (RUE JEAN-RAIMOND DE)";"43,5941346";"3,8677198"
"202000008901";"25";"2";"2020";"09:00";"1";"34";"34172";"2";"1";"1";"2";"SOULAS (AVENUE DU PERE";"43,6256639";"3,8498197"
"202000008902";"25";"2";"2020";"04:06";"3";"34";"34129";"2";"1";"1";"6";"PALAVAS D986 (ROUTE DE)";"43,5747900";"3,8968400"
"202000008903";"8";"2";"2020";"18:35";"5";"33";"33063";"2";"3";"1";"6";"QUAI DES CHARTRONS / CRS DE LA MARTINIQUE";"44,8521600";" -0,5681900"
"202000008904";"26";"2";"2020";"15:30";"1";"33";"33063";"2";"8";"1";"6";"PCE DE LA VICTOIRE / CRS DE L'ARGONNE";"44,8303300";" -0,5728500"
"202000008905";"25";"2";"2020";"19:30";"5";"33";"33281";"2";"2";"2";"3";"AVE DE SAINT-MEDARD / RUE PIERRE DE COUBERTIN";"44,8622000";" -0,6451200"
"202000008906";"14";"2";"2020";"13:15";"1";"33";"33063";"2";"3";"1";"1";"RUE GEORGES BARRES / RUE RENE MAGNE";"44,8885200";" -0,5468000"
"202000008907";"25";"2";"2020";"13:40";"1";"33";"33063";"2";"4";"1";"6";"PCE DE LA VICTOIRE / CRS DE LA SOMME";"44,8305500";" -0,5723700"
"202000008908";"24";"2";"2020";"16:35";"1";"33";"33069";"2";"1";"1";"4";"BD GODARD";"44,8640300";" -0,5807500"
"202000008909";"14";"2";"2020";"16:30";"1";"33";"33063";"2";"2";"1";"1";"RUE CLARE / RUE DU HAMEL";"44,8316000";" -0,5673100"
"202000008910";"24";"2";"2020";"18:00";"2";"33";"33063";"2";"3";"1";"2";"CRS CHARLES BRICAUD / AVE DE LA JALLERE";"44,8949100";" -0,5657000"
"202000008911";"1";"3";"2020";"16:50";"1";"33";"33529";"1";"1";"1";"3";"RD1250 - perte de controle de A1 suite casse de la fixation de son siège auto";"44,6170800";" -1,1594100"
"202000008912";"29";"2";"2020";"08:40";"1";"33";"33529";"2";"1";"2";"6";"DE GAULLE ( AVE CHARLES) 01 AU 85";"44,6360300";" -1,1323400"
"202000008913";"28";"2";"2020";"13:30";"1";"33";"33009";"2";"1";"1";"3";"59 Bd de la Plage - VTA sort de sa résidence";"44,6601400";" -1,1539500"
"202000008914";"24";"2";"2020";"18:15";"1";"33";"33529";"2";"6";"1";"3";"GRAILLY (RUE JEAN DE) DU 02 ET +";"44,6267400";" -1,1416400"
"202000008915";"27";"2";"2020";"09:00";"1";"32";"32013";"2";"2";"2";"3";"SADI-CARNOT (BOULEVARD)";"43,6437000";"0,5869000"
"202000008916";"28";"2";"2020";"12:25";"1";"31";"31555";"2";"4";"1";"3";"PONT DES DEMOISELLES";"43,5877200";"1,4601900"
"202000008917";"28";"2";"2020";"02:15";"5";"31";"31555";"2";"1";"1";"1";"117 Chemin des Etroits";"43,5573000";"1,4413100"
"202000008918";"26";"2";"2020";"18:35";"5";"31";"31555";"2";"3";"2";"3";"CHE DE LESTANG";"43,5617400";"1,3949300"
"202000008919";"29";"2";"2020";"01:15";"5";"30";"30007";"2";"1";"1";"6";"SEMARD (PLACE PIERRE)";"44,1277000";"4,0849000"
"202000008920";"24";"2";"2020";"09:30";"1";"29";"29232";"2";"1";"2";"6";"Venelle de la Glaciere";"47,9971650";" -4,1074213"
"202000008921";"27";"2";"2020";"21:30";"5";"29";"29019";"2";"3";"1";"1";"64 Rue Saint-Marc";"48,3970043";" -4,4705272"
"202000008922";"6";"2";"2020";"08:25";"1";"27";"27681";"2";"2";"5";"3";"Av Montgomery / Av des Capucins";"49,0887000";"1,4670000"
"202000008923";"29";"2";"2020";"00:55";"5";"27";"27229";"2";"1";"1";"6";"FOCH (AVENUE DU MARECHAL)";"49,0234400";"1,1357500"
"202000008924";"27";"2";"2020";"13:45";"1";"22";"22278";"2";"1";"1";"1";"WALDECK-ROUSSEAU (BD ET PT)";"48,5079900";" -2,7586700"
"202000008925";"21";"2";"2020";"21:50";"3";"22";"22187";"2";"6";"1";"3";"EUROPE (Rdp de l')";"48,5337812";" -2,7592915"
"202000008926";"21";"2";"2020";"22:15";"5";"21";"21617";"2";"2";"1";"3";"TROYES (DE) (BOULEVARD)";"47,3402040";"5,0054080"
"202000008927";"1";"3";"2020";"01:40";"5";"17";"17300";"2";"6";"2";"7";"NORMANDIN   RUE EMILE";"46,1520700";" -1,1480700"
"202000008928";"25";"2";"2020";"09:30";"1";"17";"17300";"2";"6";"2";"7";"GASTON PERRIER  ROND POINT";"46,1388170";" -1,1541010"
"202000008929";"17";"2";"2020";"22:40";"3";"15";"15012";"1";"1";"8";"6";"RD 920";"44,8694900";"2,4449300"
"202000008930";"21";"2";"2020";"10:20";"1";"14";"14366";"2";"6";"1";"6";"PARIS (ROUTE DE)";"49,1490800";"0,2527390"
"202000008931";"27";"2";"2020";"16:55";"1";"14";"14536";"2";"1";"1";"6";"BOURG (RUE DU)";"49,4076427";"0,2683454"
"202000008932";"28";"2";"2020";"16:30";"1";"14";"14118";"2";"1";"8";"6";"CAFFARELLI (COURS)";"49,1802500";" -0,3377000"
"202000008933";"26";"2";"2020";"00:30";"5";"14";"14242";"2";"1";"1";"6";"Route de Caen";"49,2226600";" -0,3683300"
"202000008934";"25";"2";"2020";"13:15";"1";"13";"13054";"2";"3";"1";"3";"MARECHAL JUIN (AV DU )";"43,4213320";"5,2290400"
"202000008935";"24";"1";"2020";"23:50";"3";"13";"13117";"1";"1";"8";"7";"D55F";"43,4685700";"5,2340200"
"202000008936";"26";"2";"2020";"19:45";"3";"30";"30032";"1";"9";"1";"3";"FOURQUES ROUTE DE";"43,7996700";"4,6315800"
"202000008937";"27";"2";"2020";"11:05";"1";"13";"13056";"2";"7";"2";"6";"CACHIN BOULEVARD MARCEL";"43,3995200";"5,0561400"
"202000008938";"28";"2";"2020";"23:05";"5";"13";"13202";"2";"1";"1";"3";"ARENC (QUAI D')";"43,3132100";"5,3662800"
"202000008939";"28";"2";"2020";"23:15";"5";"13";"13208";"2";"2";"1";"7";"RABATAU (BOULEVARD)";"43,2754430";"5,3959560"
"202000008940";"28";"2";"2020";"20:15";"5";"13";"13208";"2";"1";"1";"7";"MAZARGUES (AVENUE DE)";"43,2602780";"5,3938610"
"202000008941";"28";"2";"2020";"19:20";"5";"13";"13207";"2";"1";"1";"6";"SAINTE (RUE)";"43,2913800";"5,3698000"
"202000008942";"28";"2";"2020";"15:30";"1";"13";"13210";"1";"1";"1";"1";"PIERRE DOIZE  (RUE)";"43,2709328";"5,4249287"
"202000008943";"28";"2";"2020";"11:19";"1";"13";"13208";"2";"1";"1";"6";"PRADO (AVENUE DU)";"43,2789000";"5,3875600"
"202000008944";"28";"2";"2020";"11:00";"1";"13";"13201";"2";"1";"1";"6";"LÉON GAMBETTA (ALLEE)";"43,2990400";"5,3840200"
"202000008945";"28";"2";"2020";"07:45";"2";"13";"13214";"2";"3";"1";"3";"ANATOLE DE LA FORGE (BOULEVARD)";"43,3390600";"5,3921300"
"202000008946";"27";"2";"2020";"20:05";"5";"13";"13211";"2";"1";"1";"3";"SAINT MENET (AVENUE DE)";"43,2898700";"5,4945200"
"202000008947";"27";"2";"2020";"19:50";"5";"13";"13208";"2";"1";"1";"3";"RABATAU (BOULEVARD)";"43,2763950";"5,3974530"
"202000008948";"27";"2";"2020";"15:15";"1";"13";"13210";"2";"1";"2";"1";"MIREILLE LAUZE (BOULEVARD)";"43,2844870";"5,4203730"
"202000008949";"26";"2";"2020";"18:15";"5";"13";"13212";"2";"1";"1";"3";"CHARLES KADDOUZ (RUE)";"43,3135900";"5,4317500"
"202000008950";"25";"2";"2020";"15:45";"1";"13";"13206";"2";"1";"1";"6";"ITALIE (RUE D')";"43,2904100";"5,3818300"
"202000008951";"27";"2";"2020";"16:30";"1";"13";"13047";"1";"9";"1";"3";"TRANSHUMANCE ROND POINT DE LA";"43,5277900";"4,9612100"
"202000008952";"29";"2";"2020";"10:05";"1";"12";"12202";"2";"4";"1";"1";"PEYRINIE (AVENUE DE LA)";"44,3728100";"2,5429200"
"202000008953";"27";"2";"2020";"11:35";"1";"11";"11262";"2";"1";"1";"2";"POMPIDOR (AVENUE)";"43,1822300";"2,9790500"
"202000008954";"24";"2";"2020";"12:20";"1";"11";"11262";"1";"1";"1";"2";"RD 6009 NARBONNE - PERPIGNAN";"43,1801420";"2,9674780"
"202000008955";"24";"2";"2020";"06:53";"5";"11";"11262";"2";"1";"1";"3";"PYRENEES (PLACE ET AVENUE)";"43,1826500";"2,9977700"
"202000008956";"29";"2";"2020";"04:00";"5";"11";"11069";"2";"1";"1";"1";"JOLIOT CURIE -BD IRENE FREDERIC- PAIRS";"43,2161600";"2,3633400"
"202000008957";"21";"2";"2020";"19:35";"5";"11";"11069";"2";"1";"1";"1";"REILLE -CHEMIN DE LA- PAIRS";"43,2276603";"2,3447442"
"202000008958";"26";"2";"2020";"14:30";"1";"10";"10387";"2";"1";"1";"1";"JACQUIN (RUE)";"48,3043300";"4,0825200"
"202000008959";"25";"2";"2020";"15:14";"1";"10";"10387";"2";"1";"1";"2";"MARECHAL DE LATTRE DE TASSIGNY (RUE DU)";"48,3025000";"4,1016000"
"202000008960";"1";"3";"2020";"19:40";"5";"06";"06088";"2";"1";"1";"6";"GAMBETTA (A PARTIR DU N° 63-74)";"43,7031200";"7,2561500"
"202000008961";"28";"2";"2020";"18:00";"5";"06";"06088";"2";"1";"1";"3";"LEPANTE (R. DE)";"43,7054000";"7,2691000"
"202000008962";"28";"2";"2020";"16:00";"1";"06";"06088";"2";"1";"1";"3";"SOLA (BD PIERRE)";"43,7068050";"7,2874750"
"202000008963";"27";"2";"2020";"13:00";"1";"06";"06029";"2";"1";"1";"3";"AURELIENNE (RUE)";"43,5512900";"6,9761900"
"202000008964";"1";"3";"2020";"19:17";"5";"06";"06027";"2";"1";"1";"6";"PASQUALINI RUE J.P.";"43,6607000";"7,1488000"
"202000008965";"26";"2";"2020";"21:45";"3";"05";"05061";"1";"1";"4";"1";"D994";"44,5529000";"6,0347800"
"202000008966";"24";"2";"2020";"17:50";"1";"05";"05061";"2";"1";"1";"2";"LUYE ( ROUTE DE LA )";"44,5338800";"6,0617100"
"202000008967";"25";"2";"2020";"14:20";"1";"05";"05023";"2";"3";"1";"3";"DAUPHINE (AVENUE DU)";"44,9034400";"6,6301400"
"202000008968";"14";"2";"2020";"16:10";"1";"04";"04070";"1";"1";"1";"3";"RN 85";"44,0486800";"6,2037400"
"202000008969";"29";"2";"2020";"19:06";"5";"03";"03185";"2";"1";"2";"2";"Rue Pierre Semard";"46,3318849";"2,6019763"
"202000008970";"3";"3";"2020";"10:00";"1";"75";"75120";"2";"1";"1";"2";"BOULEVARD PERIPHERIQUE EXTERIEUR NORD  ";"48,8765340";"2,4096450"
"202000008971";"29";"2";"2020";"13:00";"1";"75";"75112";"2";"1";"2";"2";"PORTE DOREE";"48,8271410";"2,3910300"
"202000008972";"28";"2";"2020";"16:40";"1";"75";"75112";"2";"4";"2";"4";"ECHANGEUR BERCY";"48,8266880";"2,3918250"
"202000008973";"28";"2";"2020";"12:50";"1";"75";"75116";"2";"4";"1";"2";"BOULEVARD PERIPHERIQUE";"48,8776210";"2,2802940"
"202000008974";"28";"2";"2020";"09:20";"1";"75";"75116";"2";"1";"1";"4";"BOULEVARD PERIPHERIQUE";"48,8619340";"2,2646000"
"202000008975";"28";"2";"2020";"08:00";"1";"75";"75113";"2";"1";"1";"3";"PORTE D ITALIE";"48,8183970";"2,3693470"
"202000008976";"28";"2";"2020";"08:10";"1";"75";"75119";"2";"1";"1";"4";"BOULEVARD PERIPHERIQUE";"48,8790320";"2,4081160"
"202000008977";"27";"2";"2020";"21:10";"5";"75";"75116";"2";"1";"1";"4";"ECHANGEUR MUETTE";"48,8620140";"2,2643930"
"202000008978";"27";"2";"2020";"20:40";"5";"75";"75116";"2";"1";"1";"6";"PORTE DE PASSY,";"48,8572460";"2,2584890"
"202000008979";"26";"2";"2020";"08:00";"1";"75";"75119";"2";"1";"2";"4";"PORTE DE PANTIN";"48,8953850";"2,3948020"
"202000008980";"26";"2";"2020";"09:20";"1";"75";"75113";"2";"1";"7";"7";"PORTE D ITALIE";"48,8173560";"2,3545660"
"202000008981";"25";"2";"2020";"18:20";"2";"75";"75116";"2";"1";"2";"4";"PORTE MAILLOT";"48,8763230";"2,2785250"
"202000008982";"25";"2";"2020";"09:20";"1";"75";"75117";"2";"1";"1";"4";"PORTE D ASNIERES";"48,8945610";"2,3054090"
"202000008983";"24";"2";"2020";"23:25";"5";"75";"75117";"2";"1";"1";"2";"PORTE D ASNIERES";"48,8931720";"2,3035210"
"202000008984";"23";"2";"2020";"20:15";"5";"75";"75118";"2";"1";"2";"2";"PORTE DE CLIGNANCOURT";"48,9011040";"2,3466460"
"202000008985";"29";"2";"2020";"19:13";"5";"75";"75104";"2";"2";"2";"6";"QUAI DE L HOTEL DE VILLE";"48,8533190";"2,3578130"
"202000008986";"27";"2";"2020";"13:35";"1";"75";"75107";"2";"1";"6";"6";"QUAI BRANLY";"48,8614590";"2,2973130"
"202000008987";"3";"3";"2020";"16:30";"1";"75";"75113";"2";"3";"8";"3";"QUAI PANHARD ET LEVASSOR";"48,8311230";"2,3811680"
"202000008988";"28";"2";"2020";"17:15";"1";"75";"75106";"2";"3";"1";"6";"RUE DE RENNES";"48,8456570";"2,3256100"
"202000008989";"28";"2";"2020";"07:30";"1";"75";"75106";"2";"1";"1";"3";"QUAI MALAQUAIS";"48,8580190";"2,3343240"
"202000008990";"26";"2";"2020";"18:00";"2";"75";"75106";"2";"2";"1";" -1";"RUE DE VAUGIRARD";"48,8473470";"2,3279360"
"202000008991";"3";"3";"2020";"09:30";"1";"75";"75120";"2";"3";"1";"1";"RUE D AVRON";"48,8529450";"2,4074730"
"202000008992";"2";"3";"2020";"19:00";"5";"75";"75120";"2";"1";"8";"6";"RUE DE MENILMONTANT";"48,8677330";"2,3858280"
"202000008993";"2";"3";"2020";"09:00";"1";"75";"75120";"2";"4";"2";"6";"AVENUE DU PROFESSEUR ANDRE LEMIERE";"48,8587210";"2,4147120"
"202000008994";"28";"2";"2020";"10:25";"1";"75";"75120";"2";"2";"8";"3";"AVENUE DE LA PORTE DE BAGNOLET";"48,8647810";"2,4101100"
"202000008995";"27";"2";"2020";"18:15";"1";"75";"75120";"2";"1";"1";"6";"RUE DES PYRENEES";"48,8532740";"2,4059720"
"202000008996";"25";"2";"2020";"11:40";"1";"75";"75120";"2";"2";"8";"6";"BOULEVARD DE MENILMONTANT";"48,8641650";"2,3861550"
"202000008997";"25";"2";"2020";"07:20";"5";"75";"75120";"2";"1";"2";" -1";"RUE DE BELLEVILLE";"48,8767110";"2,4049630"
"202000008998";"3";"3";"2020";"17:30";"1";"75";"75119";"2";"3";"1";"3";"QUAI DE LA SEINE";"48,8888239";"2,3788924"
"202000008999";"28";"2";"2020";"08:00";"1";"75";"75119";"2";"1";"1";"3";"BOULEVARD SERURIER";"48,8786370";"2,4022230"
"202000009000";"27";"2";"2020";"19:14";"5";"75";"75119";"2";"3";"8";"3";"RUE DE TANGER";"48,8848630";"2,3674060"
"202000009001";"26";"2";"2020";"16:55";"1";"75";"75119";"2";"2";"7";"3";"BOULEVARD SERURIER";"48,8772500";"2,4067980"
"202000009002";"25";"2";"2020";"19:50";"5";"75";"75119";"2";"2";"2";"6";"RUE ARCHEREAU";"48,8921520";"2,3750970"
"202000009003";"25";"2";"2020";"13:00";"1";"75";"75119";"2";"1";"2";"6";"AVENUE DE FLANDRE";"48,8866180";"2,3719940"
"202000009004";"3";"3";"2020";"19:20";"5";"75";"75118";"2";"1";"8";"6";"RUE MARX DORMOY";"48,8854390";"2,3593640"
"202000009005";"29";"2";"2020";"12:45";"1";"75";"75118";"2";"7";"2";"6";"BOULEVARD DE CLICHY";"48,8838800";"2,3328180"
"202000009006";"29";"2";"2020";"12:30";"1";"75";"75118";"2";"1";"8";"3";"RUE CHAMPIONNET";"48,8933760";"2,3290310"
"202000009007";"27";"2";"2020";"17:45";"2";"75";"75118";"2";"2";"1";" -1";"BOULEVARD BARBES";"48,8838510";"2,3494600"
"202000009008";"1";"3";"2020";"23:50";"5";"75";"75117";"2";"5";"1";" -1";"BOULEVARD BESSIERES";"48,8976170";"2,3241390"
"202000009009";"29";"2";"2020";"22:00";"5";"75";"75117";"2";"1";"1";"3";"RUE TOULOUSE LAUTREC";"48,9009370";"2,3277040"
"202000009010";"28";"2";"2020";"14:05";"1";"75";"75117";"2";"1";"2";" -1";"RUE BOURSAULT";"48,8863840";"2,3174390"
"202000009011";"27";"2";"2020";"18:30";"4";"75";"75117";"2";"1";"2";"6";"BOULEVARD BERTHIER";"48,8939390";"2,3128400"
"202000009012";"27";"2";"2020";"16:00";"1";"75";"75116";"2";"1";"6";"6";"RUE DE PASSY";"48,8581580";"2,2750690"
"202000009013";"27";"2";"2020";"12:45";"1";"75";"75108";"2";"3";"2";"2";"AVENUE DES CHAMPS ELYSEES";"48,8682400";"2,3123640"
"202000009014";"27";"2";"2020";"00:50";"5";"75";"75108";"2";"3";"1";"2";"AVENUE GEORGE V";"48,8719410";"2,3008570"
"202000009015";"26";"2";"2020";"18:45";"5";"75";"75117";"2";"1";"1";"6";"RUE DES BATIGNOLLES";"48,8862420";"2,3187730"
"202000009016";"25";"2";"2020";"01:02";"5";"75";"75117";"2";"2";"2";"6";"BOULEVARD BERTHIER";"48,8901340";"2,3038130"
"202000009017";"2";"3";"2020";"22:45";"5";"75";"75116";"2";"2";"1";"3";"AVENUE DE L HIPPODROME";"48,8622790";"2,2383210"
"202000009018";"2";"3";"2020";"14:39";"1";"75";"75116";"2";"2";"1";"3";"RUE DE LA POMPE";"48,8595470";"2,2752010"
"202000009019";"28";"2";"2020";"15:00";"1";"75";"75116";"2";"1";"2";"6";"RUE BOISSIERE";"48,8690620";"2,2862880"
"202000009020";"26";"2";"2020";"20:30";"5";"75";"75116";"2";"4";"1";"3";"RUE POUSSIN";"48,8485650";"2,2620810"
"202000009021";"28";"2";"2020";"09:45";"1";"75";"75116";"2";"7";"1";"6";"BOULEVARD FLANDRIN";"48,8641920";"2,2724050"
"202000009022";"27";"2";"2020";"11:00";"1";"75";"75116";"2";"2";"2";"6";"RUE DE LUBECK";"48,8639279";"2,2905126"
"202000009023";"25";"2";"2020";"10:05";"1";"75";"75108";"2";"5";"1";"3";"RUE DE COURCELLES";"48,8763830";"2,3078660"
"202000009024";"3";"3";"2020";"19:30";"3";"75";"75115";"2";"2";"1";"2";"RUE BRANCION";"48,8347210";"2,3051890"
"202000009025";"29";"2";"2020";"21:25";"5";"75";"75115";"2";"2";"1";"3";"BOULEVARD DU MONTPARNASSE";"48,8450790";"2,3201240"
"202000009026";"29";"2";"2020";"21:30";"4";"75";"75115";"2";"1";"1";"6";"RUE DE VAUGIRARD";"48,8367890";"2,2956080"
"202000009027";"27";"2";"2020";"09:45";"1";"75";"75115";"2";"1";"2";"3";"RUE DESNOUETTES";"48,8358800";"2,2873630"
"202000009028";"27";"2";"2020";"07:10";"2";"75";"75115";"2";"2";"3";"6";"RUE DE LOURMEL";"48,8421590";"2,2855800"
"202000009029";"25";"2";"2020";"20:45";"5";"75";"75115";"2";"2";"1";"5";"RUE DE LA CONVENTION";"48,8421600";"2,2855810"
"202000009030";"25";"2";"2020";"19:55";"5";"75";"75115";"2";"2";"2";"6";"RUE CAMBRONNE";"48,8426190";"2,3027080"
"202000009031";"24";"2";"2020";"08:45";"1";"75";"75115";"2";"5";"1";"6";"RUE GASTON BOISSIER";"48,8297230";"2,2956970"
"202000009032";"2";"3";"2020";"17:40";"1";"75";"75114";"2";"3";"1";"4";"AVENUE DAVID WEILL";"48,8213288";"2,3338018"
"202000009033";"2";"3";"2020";"09:45";"1";"75";"75114";"2";"2";"2";"6";"Avenue Reille";"48,8244759";"2,3383337"
"202000009034";"29";"2";"2020";"12:32";"1";"75";"75114";"2";"7";"8";"5";"PLACE SAINT JACQUES";"48,8335700";"2,3363240"
"202000009035";"28";"2";"2020";"11:05";"1";"75";"75114";"2";"3";"1";"6";"RUE D ALESIA";"48,8287130";"2,3243020"
"202000009036";"27";"2";"2020";"23:20";"5";"75";"75114";"2";"3";"1";"3";"BOULEVARD RASPAIL";"48,8405840";"2,3301140"
"202000009037";"3";"3";"2020";"23:20";"5";"75";"75113";"2";"2";"1";"7";"BOULEVARD VINCENT AURIOL";"48,8345722";"2,3673847"
"202000009038";"2";"3";"2020";"13:27";"1";"75";"75113";"2";"3";"1";"3";"AVENUE D IVRY";"48,8256673";"2,3610063"
"202000009039";"28";"2";"2020";"00:48";"5";"75";"75113";"2";"7";"1";"3";"BOULEVARD DE L HOPITAL";"48,8437160";"2,3646350"
"202000009040";"27";"2";"2020";"18:30";"2";"75";"75113";"2";"3";"1";"3";"BOULEVARD MASSENA";"48,8233650";"2,3750370"
"202000009041";"3";"3";"2020";"15:15";"1";"75";"75112";"2";"1";"1";"3";"PORT HENRI IV";"48,8459260";"2,3661720"
"202000009042";"2";"3";"2020";"11:40";"1";"75";"75112";"2";"7";"2";"6";"RUE LAMBLARDIE";"48,8397100";"2,3961530"
"202000009043";"1";"3";"2020";"03:25";"5";"75";"75112";"2";"1";"1";"6";"RUE SAINT MARTIN";"48,8475500";"2,3754970"
"202000009044";"25";"2";"2020";"13:15";"1";"75";"75112";"2";"1";"2";"2";"AVENUE DU GENERAL MICHEL BIZOT";"48,8388580";"2,4041490"
"202000009045";"2";"3";"2020";"09:55";"1";"75";"75111";"2";"3";"3";"3";"RUE RICHARD LENOIR";"48,8558330";"2,3815920"
"202000009046";"1";"3";"2020";"03:10";"3";"75";"75111";"2";"3";"2";"6";"RUE DE CHARONNE";"48,8559390";"2,3923670"
"202000009047";"29";"2";"2020";"17:45";"1";"75";"75111";"2";"1";"2";"3";"AVENUE PARMENTIER";"48,8610170";"2,3779550"
"202000009048";"28";"2";"2020";"00:50";"5";"75";"75111";"2";"3";"1";"5";"RUE DE LA ROQUETTE";"48,8555250";"2,3744380"
"202000009049";"27";"2";"2020";"11:05";"1";"75";"75111";"2";"1";"2";"3";"AVENUE DE LA REPUBLIQUE";"48,8648420";"2,3767990"
"202000009050";"25";"2";"2020";"13:55";"1";"75";"75111";"2";"3";"8";" -1";"RUE DE LA ROQUETTE";"48,8591220";"2,3859280"
"202000009051";"1";"3";"2020";"03:16";"5";"75";"75110";"2";"2";"2";" -1";"BOULEVARD SAINT DENIS";"48,8690500";"2,3554330"
"202000009052";"27";"2";"2020";"18:40";"5";"75";"75110";"2";"3";"1";"6";"BOULEVARD DE BONNE NOUVELLE";"48,8701450";"2,3505020"
"202000009053";"2";"3";"2020";"15:00";"1";"75";"75109";"2";"3";"2";"3";"RUE DU FAUBOURG POISSONNIERE";"48,8730564";"2,3479253"