"Num_Acc";"jour";"mois";"an";"hrmn";"lum";"dep";"com";"agg";"int";"atm";"col";"adr";"lat";"long"
"202000009054";"2";"3";"2020";"10:15";"1";"75";"75109";"2";"2";"2";"6";"RUE RICHER";"48,8740150";"2,3478930"
"202000009055";"16";"9";"2020";"07:45";"1";"78";"78126";"1";"1";"1";"2";"A13";"48,8385540";"2,1220310"
"202000009056";"16";"9";"2020";"09:15";"1";"93";"93078";"1";"1";"1";"2";"AUTOROUTE A104";"48,9672892";"2,5119989"
"202000009057";"16";"9";"2020";"07:30";"1";"93";"93064";"1";"1";"1";"3";"AUTOROUTE A86";"48,8791700";"2,4763100"
"202000009058";"15";"9";"2020";"22:40";"3";"95";"95582";"1";"1";"1";"2";"A15";"48,9649400";"2,2607900"
"202000009059";"16";"9";"2020";"19:30";"1";"94";"94028";"1";"1";"1";"4";"A86 EXT";"48,7838384";"2,4405909"
"202000009060";"16";"9";"2020";"08:00";"1";"77";"77337";"1";"1";"1";" -1";"A4";"48,8299600";"2,6172100"
"202000009061";"16";"9";"2020";"08:00";"1";"94";"94042";"1";"1";"1";"4";"A4";"48,8282300";"2,4738500"
"202000009062";"10";"7";"2020";"22:15";"5";"64";"64024";"2";"1";"1";"2";"BAYONNE (AVENUE DE)";"43,4809300";" -1,5123300"
"202000009063";"26";"2";"2020";"19:15";"5";"75";"75111";"2";"3";"1";"3";"AVENUE PARMENTIER";"48,8683480";"2,3722550"
"202000009064";"26";"2";"2020";"13:20";"1";"75";"75108";"2";"7";"2";"7";"PLACE DE LA MADELEINE";"48,8692450";"2,3239030"
"202000009065";"10";"7";"2020";"15:00";"1";"93";"93027";"1";"1";"1";"6";"AUTOROUTE A86";"48,9268564";"2,4053173"
"202000009066";"15";"9";"2020";"13:20";"1";"974";"97416";"2";"1";"1";"6";"ARCHAMBAUD (RUE)";" -21,3273900";"55,4823300"
"202000009067";"15";"9";"2020";"18:15";"2";"973";"97302";"2";"1";"2";"6";"TIGRE (ROUTE DU)";"4,9122412";" -52,3082256"
"202000009068";"16";"9";"2020";"00:10";"5";"69";"69386";"2";"2";"1";"3";"GARIBALDI                           (R )";"45,7712000";"4,8501000"
"202000009069";"15";"9";"2020";"23:00";"5";"69";"69388";"2";"2";"1";"3";"ETATS UNIS (DES)                    (BD)";"45,7294146";"4,8677242"
"202000009070";"15";"9";"2020";"17:20";"1";"69";"69386";"2";"3";"1";"3";"DUQUESNE                            (R )";"45,7731500";"4,8498100"
"202000009071";"15";"9";"2020";"15:10";"1";"69";"69387";"2";"1";"1";"2";"JULES CARTERET                      (BD)";"45,7258141";"4,8440357"
"202000009072";"15";"9";"2020";"15:40";"1";"69";"69276";"2";"6";"1";"6";"VENISSIEUX (DE)                         ";"45,6833900";"4,8704500"
"202000009073";"15";"9";"2020";"01:50";"5";"69";"69387";"2";"1";"1";"7";"GUILLOTIERE (DE LA)                 (PT)";"45,7565402";"4,8392334"
"202000009074";"15";"9";"2020";"23:00";"5";"69";"69389";"2";"1";"1";"3";"ABBE PIERRE                        (PL)";"45,7863069";"4,7961605"
"202000009075";"15";"9";"2020";"20:30";"5";"69";"69389";"2";"1";"1";"6";"ROSA PARKS                        (AV)";"45,7867300";"4,7914100"
"202000009076";"15";"9";"2020";"08:00";"2";"69";"69381";"2";"2";"1";"3";"ALGERIE (D')                        (R )";"45,7672354";"4,8309503"
"202000009077";"28";"8";"2020";"17:48";"1";"971";"97107";"2";"1";"1";"6";"MARQUISAT ( ROUTE DE )";"16,0409300";" -61,5666400"
"202000009078";"15";"9";"2020";"17:30";"1";"95";"95280";"2";"1";"1";"6";"Avenue de Montmorency";"49,0301500";"2,4552640"
"202000009079";"15";"9";"2020";"18:05";"1";"91";"91549";"2";"1";"1";"6";"FREDERIC HENRI MANHES (RUE)";"48,6373713";"2,3436310"
"202000009080";"15";"9";"2020";"13:05";"1";"91";"91549";"2";"1";"1";"2";"JACQUES DUCLOS (AVENUE)";"48,6350730";"2,3466660"
"202000009081";"14";"9";"2020";"20:08";"2";"91";"91223";"2";"1";"1";"6";"MAI 1945 (AVENUE DU 8)";"48,4410900";"2,1466000"
"202000009082";"15";"9";"2020";"17:10";"1";"91";"91201";"2";"1";"1";"6";"GENERAL DE GAULLE(BOULEVARD)";"48,6870350";"2,4000780"
"202000009083";"16";"9";"2020";"00:20";"5";"91";"91174";"2";"1";"1";"7";"GEORGES LEDU";"48,5955580";"2,4712640"
"202000009084";"15";"9";"2020";"06:40";"5";"91";"91552";"2";"1";"1";"4";"RN 20";"48,6117000";"2,2536200"
"202000009085";"10";"9";"2020";"16:10";"1";"91";"91021";"2";"1";"1";"4";"VERDUN (AVENUE DE)";"48,5770700";"2,2383200"
"202000009086";"11";"9";"2020";"23:40";"5";"86";"86194";"2";"2";"1";"1";"Route de Parthenay";"46,5996190";"0,3213550"
"202000009087";"13";"9";"2020";"16:50";"1";"85";"85194";"2";"2";"1";"3";"CASTELNEAU (BOULEVARD DE)";"46,4953400";" -1,7768100"
"202000009088";"15";"9";"2020";"09:15";"1";"83";"83137";"2";"1";"1";"2";"CHAMP DE MARS (PLACE / JARDIN DU)";"43,1220000";"5,9400000"
"202000009089";"15";"9";"2020";"08:00";"1";"83";"83137";"2";"3";"1";"3";"PICOT (AVE DU COLONEL)";"43,1280600";"5,9644600"
"202000009090";"14";"9";"2020";"17:10";"1";"83";"83137";"2";"9";"1";"5";"MARSEILLE (ROUTE DE)";"43,1287054";"5,8884282"
"202000009091";"14";"9";"2020";"08:35";"1";"83";"83137";"2";"3";"1";"3";"PICOT (AVE DU COLONEL)";"43,1259600";"5,9590370"
"202000009092";"14";"9";"2020";"09:00";"1";"83";"83137";"2";"1";"1";"3";"INFANTERIE DE MARINE (AVE D')";"43,1147500";"5,9352300"
"202000009093";"15";"9";"2020";"16:30";"1";"78";"78481";"2";"1";"1";"1";"CHARLES DE GAULLE (AVENUE)";"48,8931800";"2,1046900"
"202000009094";"15";"9";"2020";"01:15";"5";"76";"76351";"2";"1";"1";"7";"ALBERT 1ER";"49,4960900";"0,0934750"
"202000009095";"14";"9";"2020";"16:15";"1";"76";"76341";"2";"1";"1";"3";"BAT DE L'ORGE";"49,5057900";"0,2003500"
"202000009096";"14";"9";"2020";"19:16";"2";"67";"67267";"2";"8";"1";"6";"GARE (RUE DE LA)";"48,5595920";"7,6787130"
"202000009097";"14";"9";"2020";"20:49";"5";"67";"67482";"2";"3";"1";"3";"NEUHOF (ROUTE)";"48,5518286";"7,7660838"
"202000009098";"14";"9";"2020";"14:10";"1";"67";"67482";"2";"3";"1";"2";"PAPETERIE (RUE DE LA)";"48,6108253";"7,7822296"
"202000009099";"14";"9";"2020";"22:05";"5";"66";"66136";"2";"3";"1";"3";"GAULLE (AVENUE GENERAL DE)";"42,6978400";"2,8858100"
"202000009100";"14";"9";"2020";"04:50";"5";"66";"66136";"2";"1";"1";"6";"ESCARGUEL (COURS LAZARE)";"42,6987200";"2,8871500"
"202000009101";"15";"9";"2020";"08:00";"1";"64";"64024";"2";"1";"2";"7";"HAUSQUETTE (RUE DE)";"43,4882700";" -1,5127400"
"202000009102";"18";"8";"2020";"12:00";"1";"63";"63164";"2";"1";"1";"4";"MITTERRAND ( Avenue François)";"45,8176901";"3,1539807"
"202000009103";"14";"9";"2020";"08:50";"1";"63";"63124";"2";"3";"1";"5";"GARE (AVENUE DE LA)";"45,7386400";"3,1838800"
"202000009104";"6";"9";"2020";"22:25";"5";"63";"63113";"2";"2";"1";"3";"PLANCHETTES (RUE DES)";"45,7984769";"3,1074210"
"202000009105";"14";"9";"2020";"17:50";"1";"61";"61006";"2";"1";"1";"2";"7 rue Pierre Beregovoy";"48,7500870";" -0,0136490"
"202000009106";"14";"9";"2020";"17:10";"1";"59";"59599";"2";"1";"1";"3";"FOREST (CHAUSSEE FERNAND)";"50,7356400";"3,1475810"
"202000009107";"15";"9";"2020";"09:05";"1";"59";"59009";"2";"1";"1";"1";"BRIGODE AVENUE DE";"50,6293800";"3,1705100"
"202000009108";"11";"9";"2020";"10:10";"1";"57";"57672";"2";"1";"1";"6";"ALBERT 1ER (AVENUE) - IMPAIR";"49,3647500";"6,1690600"
"202000009109";"14";"9";"2020";"10:05";"1";"56";"56121";"2";"2";"1";"3";"COSMAO-DUMANOIR ( BD )";"47,7525900";" -3,3772400"
"202000009110";"14";"9";"2020";"09:53";"1";"53";"53034";"2";"1";"1";"3";"MAINE ( RUE DU )";"48,0712800";" -0,7008200"
"202000009111";"9";"9";"2020";"16:45";"1";"53";"53130";"2";"1";"1";"6";"AIGLON ( RUE DE )";"48,0638100";" -0,7514100"
"202000009112";"15";"9";"2020";"13:25";"1";"51";"51454";"2";"1";"1";"7";"Avenue de l’Europe";"49,2505415";"4,0652043"
"202000009113";"15";"9";"2020";"07:35";"1";"51";"51454";"2";"2";"1";"3";"Avenue de Paris";"49,2489988";"4,0152154"
"202000009114";"15";"9";"2020";"08:01";"1";"51";"51454";"2";"2";"1";"3";"Allée du Vignoble";"49,2225493";"4,0141563"
"202000009115";"1";"9";"2020";"15:20";"1";"49";"49328";"2";"1";"1";"2";"DAVID D'ANGERS (AVENUE)";"47,2682800";" -0,0699700"
"202000009116";"12";"9";"2020";"19:30";"1";"49";"49007";"2";"1";"1";"1";"GATS";"47,4731200";" -0,5158300"
"202000009117";"15";"9";"2020";"09:10";"1";"46";"46042";"2";"1";"1";"6";"JACOBINS (RUE DES)";"44,4400000";"1,4400000"
"202000009118";"15";"9";"2020";"17:15";"1";"45";"45286";"2";"2";"1";"3";"Rue de la Porte Rouge-RUE DE LA CERISAILLE";"47,8860831";"1,9388496"
"202000009119";"15";"9";"2020";"13:15";"1";"45";"45302";"1";"1";"1";"2";"D952002 - Tangentielle";"47,9296700";"1,8768429"
"202000009120";"14";"9";"2020";"17:37";"1";"45";"45004";"2";"3";"1";"2";"DOCTEUR SCHWEITZER (RUE DU)";"47,9996700";"2,7562200"
"202000009121";"26";"8";"2020";"18:15";"1";"42";"42218";"2";"3";"1";"3";"Boulevard Louis Neltner";"45,4618530";"4,4144150"
"202000009122";"15";"9";"2020";"14:25";"1";"41";"41018";"2";"3";"1";"3";"BESNARD (QUAI ULYSSE)";"47,5780850";"1,3211150"
"202000009123";"14";"9";"2020";"12:10";"1";"37";"37261";"2";"1";"1";"3";"HEURTELOUP (BOULEVARD)";"47,3914235";"0,6965664"
"202000009124";"14";"9";"2020";"17:05";"1";"37";"37233";"2";"1";"7";"2";"BONNIN (AVENUE JEAN)";"47,3951444";"0,7148855"
"202000009125";"14";"9";"2020";"09:45";"1";"37";"37208";"2";"1";"1";"2";"DE GAULLE (AV. DU GAL)";"47,3596603";"0,7445306"
"202000009126";"15";"9";"2020";"08:30";"1";"35";"35238";"2";"1";"1";"4";"LORIENT (DE)";"48,1070800";" -1,7185400"
"202000009127";"15";"9";"2020";"09:05";"1";"33";"33063";"2";"3";"1";"3";"AVE DU GENERAL LECLERC CAUD";"44,8529700";" -0,6092700"
"202000009128";"15";"9";"2020";"08:05";"1";"33";"33065";"2";"3";"1";"5";"RTE DE LATRESNE";"44,8119200";" -0,5066200"
"202000009129";"14";"9";"2020";"17:10";"1";"31";"31555";"1";"1";"1";"4";"D980";"43,5983000";"1,3642800"
"202000009130";"14";"9";"2020";"16:30";"1";"30";"30243";"2";"6";"1";"2";"GAULLE (AVENUE DU GAL DE)";"44,0931000";"4,0791000"
"202000009131";"10";"9";"2020";"13:10";"1";"29";"29151";"2";"3";"1";"1";"Quai de Tréguier";"48,5878400";" -3,8370000"
"202000009132";"15";"9";"2020";"18:35";"1";"29";"29019";"2";"4";"1";"1";"Boulevard Léon Blum";"48,4026200";" -4,4842500"
"202000009133";"13";"9";"2020";"07:10";"2";"28";"28332";"1";"1";"5";"6";"D 308";"48,7318000";"1,4022000"
"202000009134";"15";"9";"2020";"11:00";"1";"26";"26362";"2";"3";"1";"2";"69 Avenue Leon Gambetta";"44,9304300";"4,8899620"
"202000009135";"14";"9";"2020";"15:15";"1";"26";"26198";"2";"6";"1";"3";"rond point Appel du 18 juin 1940";"44,5583000";"4,7454700"
"202000009136";"16";"9";"2020";"01:00";"5";"25";"25230";"2";"1";"1";"4";"SOCHAUX (RUE DE)";"47,5008600";"6,8422200"
"202000009137";"11";"9";"2020";"12:40";"1";"17";"17306";"2";"1";"1";"2";"D25";"45,6378400";" -1,0197800"
"202000009138";"15";"9";"2020";"13:15";"1";"17";"17300";"2";"7";"1";"6";"MOTTE ROUGE    PLACE DE LE COMM";"46,1555700";" -1,1489000"
"202000009139";"14";"9";"2020";"20:15";"2";"14";"14118";"2";"2";"1";"3";"JUIN (BOULEVARD MARECHAL)";"49,2085700";" -0,3766500"
"202000009140";"14";"9";"2020";"17:26";"1";"14";"14101";"2";"1";"1";"3";"ECHANGEUR N° 9 ( PORTE DE BRETAGNE )";"49,1648833";" -0,4283500"
"202000009141";"14";"9";"2020";"09:30";"1";"14";"14118";"2";"2";"1";"3";"AUTHIE (N°106 PAIRS - 115 IMPAIRS)";"49,1858500";" -0,3903900"
"202000009142";"15";"9";"2020";"16:45";"1";"13";"13211";"2";"1";"1";"1";"LÉON BANCAL (RUE)";"43,2876460";"5,4805130"
"202000009143";"15";"9";"2020";"12:10";"1";"13";"13212";"2";"1";"1";"2";"CHARLES KADDOUZ (RUE)";"43,3118779";"5,4294777"
"202000009144";"14";"9";"2020";"14:00";"1";"13";"13206";"2";"2";"1";"2";"DRAGON (RUE)";"43,2882480";"5,3803440"
"202000009145";"14";"9";"2020";"11:00";"1";"13";"13205";"2";"2";"1";"3";"ALGER (RUE D')";"43,2893100";"5,3891100"
"202000009146";"15";"9";"2020";"21:30";"5";"13";"13047";"2";"3";"1";"7";"GRIGNAN BOULEVARD DE";"43,5155682";"4,9829596"
"202000009147";"15";"9";"2020";"08:30";"1";"13";"13028";"2";"1";"1";"6";"CAPORAL CHEF ALAIN DERUY (AVENUE DU)";"43,1902200";"5,6041300"
"202000009148";"15";"9";"2020";"08:40";"1";"11";"11069";"1";"1";"1";"5";"ROCADE EST";"43,2177020";"2,3824740"
"202000009149";"13";"9";"2020";"19:20";"1";"11";"11069";"1";"1";"1";"3";"RD 104";"43,1981600";"2,3488500"
"202000009150";"13";"9";"2020";"18:30";"1";"07";"07102";"1";"6";"1";"3";"Chemin des MULETS";"44,9278200";"4,8596900"
"202000009151";"15";"9";"2020";"18:30";"1";"07";"07019";"2";"4";"1";"3";"AMPERE RUE";"44,6087760";"4,3923240"
"202000009152";"14";"9";"2020";"21:42";"5";"06";"06088";"2";"1";"1";"3";"CESSOLE (BD DE) (JUSQU'AU N° 93-110)";"43,7165130";"7,2533630"
"202000009153";"15";"9";"2020";"15:55";"1";"06";"06069";"2";"1";"1";"2";"LIBERATION (AVENUE DE LA)";"43,6407900";"6,9101400"
"202000009154";"15";"9";"2020";"07:10";"2";"06";"06069";"2";"1";"1";"3";"CHENES (CHEMIN DES)";"43,6408090";"6,9125350"
"202000009155";"12";"9";"2020";"11:50";"1";"06";"06029";"2";"1";"1";"6";"DOZOL (AVENUE ANTHONY)";"43,5516800";"6,9714300"
"202000009156";"15";"9";"2020";"17:40";"1";"06";"06027";"2";"1";"1";"6";"PAGNOL AVENUE MARCEL";"43,6701000";"7,1506000"
"202000009157";"15";"9";"2020";"18:15";"1";"75";"75116";"2";"1";"1";"3";"BOULEVARD PERIPHERIQUE";"48,8735780";"2,2752950"
"202000009158";"15";"9";"2020";"02:48";"5";"75";"75119";"2";"1";"1";"6";"BOULEVARD PERIPHERIQUE";"48,9004250";"2,3902070"
"202000009159";"14";"9";"2020";"08:35";"1";"75";"75120";"2";"1";"1";"4";"PORTE DE MONTREUIL";"48,8572400";"2,4140250"
"202000009160";"15";"9";"2020";"10:15";"1";"75";"75112";"2";"3";"1";"3";"BOULEVARD DE LA BASTILLE";"48,8487800";"2,3680240"
"202000009161";"14";"9";"2020";"12:00";"1";"75";"75105";"2";"1";"1";"6";"RUE GAY LUSSAC";"48,8429170";"2,3427380"
"202000009162";"15";"9";"2020";"18:25";"1";"75";"75120";"2";"1";"1";"6";"RUE PELLEPORT";"48,8715790";"2,3985600"
"202000009163";"15";"9";"2020";"11:15";"1";"75";"75120";"2";"1";"1";"3";"RUE DES PYRENEES";"48,8722710";"2,3914800"
"202000009164";"15";"9";"2020";"11:10";"1";"75";"75120";"2";"2";"1";"3";"RUE DES PYRENEES";"48,8699440";"2,3945350"
"202000009165";"15";"9";"2020";"16:00";"1";"75";"75119";"2";"2";"1";"3";"AVENUE DE FLANDRE";"48,8884630";"2,3738650"
"202000009166";"15";"9";"2020";"12:30";"1";"75";"75119";"2";"1";"1";"2";"AVENUE DE FLANDRE";"48,8848220";"2,3694090"
"202000009167";"15";"9";"2020";"07:45";"2";"75";"75119";"2";"4";"1";"3";"PASSAGE DES MAUXINS";"48,8778120";"2,4055240"
"202000009168";"15";"9";"2020";"10:40";"1";"75";"75118";"2";"3";"1";"3";"RUE DE L EVANGILE";"48,8958080";"2,3713080"
"202000009169";"15";"9";"2020";"01:15";"5";"75";"75118";"2";"2";"1";"3";"BOULEVARD BARBES";"48,8910660";"2,3495960"
"202000009170";"14";"9";"2020";"23:25";"5";"75";"75118";"2";"3";"1";"3";"BOULEVARD DE CLICHY";"48,8828640";"2,3361960"
"202000009171";"14";"9";"2020";"13:30";"1";"75";"75117";"2";"1";"1";"2";"AVENUE DE WAGRAM,";"48,8828850";"2,3016640"
"202000009172";"15";"9";"2020";"09:20";"1";"75";"75116";"2";"1";"1";" -1";"BOULEVARD MURAT";"48,8473740";"2,2586180"
"202000009173";"15";"9";"2020";"20:20";"5";"75";"75113";"2";"1";"1";"3";"RUE JEANNE D ARC";"48,8309770";"2,3668010"
"202000009174";"15";"9";"2020";"08:58";"1";"75";"75113";"2";"1";"1";"6";"AVENUE D ITALIE";"48,8217400";"2,3586700"
"202000009175";"15";"9";"2020";"01:15";"3";"75";"75111";"2";"1";"1";"2";"AVENUE DE LA REPUBLIQUE";"48,8650650";"2,3756640"
"202000009176";"15";"9";"2020";"19:35";"2";"75";"75110";"2";"3";"1";"3";"RUE DE LA GRANGE AUX BELLES";"48,8751710";"2,3671850"
"202000009177";"15";"9";"2020";"11:30";"1";"75";"75110";"2";"4";"1";"3";"AVENUE CLAUDE VELLEFAUX";"48,8740570";"2,3703290"
"202000009178";"15";"9";"2020";"19:52";"5";"75";"75116";"2";"3";"1";"3";"PLACE DE L ALMA";"48,8641830";"2,3015610"
"202000009179";"15";"9";"2020";"18:50";"1";"75";"75108";"2";"7";"1";"1";"AVENUE FRANKLIN D ROOSEVELT";"48,8682830";"2,3099960"
"202000009180";"15";"9";"2020";"16:30";"1";"75";"75108";"2";"7";"1";"3";"PLACE DE LA CONCORDE";"48,8666630";"2,3220430"
"202000009181";"14";"9";"2020";"09:45";"1";"75";"75108";"2";"7";"1";"2";"PLACE CHARLES DE GAULLE";"48,8738159";"2,2959058"
"202000009182";"14";"9";"2020";"21:30";"5";"75";"75101";"2";"1";"1";"7";"RUE DE RIVOLI";"48,8645170";"2,3299620"
"202000009183";"15";"9";"2020";"12:01";"1";"94";"94080";"2";"1";"1";"6";"CHATEAU (AV DU)";"48,8464800";"2,4365900"
"202000009184";"15";"9";"2020";"09:29";"1";"94";"94046";"2";"1";"1";"3";"REPUBLIQUE (AV DE LA)";"48,8041000";"2,4371000"
"202000009185";"15";"9";"2020";"07:40";"1";"94";"94028";"2";"1";"1";"6";"GAULLE(AVENUE DU GENERAL DE)";"48,7977000";"2,4484800"
"202000009186";"14";"9";"2020";"18:37";"1";"94";"94019";"2";"4";"1";"3";"SUCY (R DE)";"48,7875600";"2,5205200"
"202000009187";"14";"9";"2020";"14:05";"1";"94";"94017";"2";"1";"1";"4";"SALVADOR ALLENDE (AV)";"48,8094100";"2,5451800"
"202000009188";"14";"9";"2020";"19:25";"1";"93";"93066";"2";"1";"1";"2";"SAINT OUEN (QUAI DE )";"48,9267483";"2,3378244"
"202000009189";"13";"9";"2020";"14:30";"1";"93";"93066";"2";"1";"1";"2";"R MAURICE THOREZ ";"48,9405500";"2,3458700"
"202000009190";"15";"9";"2020";"13:00";"1";"93";"93064";"2";"2";"1";"6";"QUATRIEME ZOUAVES (RUE DU)";"48,8742441";"2,4824741"
"202000009191";"15";"9";"2020";"17:10";"1";"93";"93055";"2";"1";"1";"3";"JEAN LOLIVE (AVENUE)(137/FIN ET 134/FIN)";"48,8933200";"2,4136900"
"202000009192";"15";"9";"2020";"13:15";"1";"93";"93055";"2";"3";"1";"3";"JULES AUFFRET (51/FIN ET 56/FIN)";"48,8875000";"2,4103000"
"202000009193";"15";"9";"2020";"16:50";"1";"93";"93008";"2";"9";"1";"3";"BARBUSSE (AVENUE HENRI) A30";"48,9081647";"2,4268276"
"202000009194";"15";"9";"2020";"18:14";"1";"93";"93048";"2";"1";"1";"1";"ANATOLE FRANCE (RUE)";"48,8619300";"2,4619500"
"202000009195";"14";"9";"2020";"16:00";"1";"93";"93006";"2";"1";"1";"2";"AV GAMBETTA";"48,8695000";"2,4161000"
"202000009196";"14";"9";"2020";"10:40";"1";"93";"93006";"2";"2";"1";"3";"R SADI CARNOT / R LAHAYE ADELAIDE";"48,8672600";"2,4181900"
"202000009197";"15";"9";"2020";"15:50";"1";"93";"93031";"2";"9";"1";" -1";"AV DE LA REPUBLIQUE";"48,9479900";"2,3387100"
"202000009198";"15";"9";"2020";"09:25";"1";"93";"93072";"2";"3";"1";"3";"R D'AMIENS / R DU COLONEL ROL TANGUY";"48,9580540";"2,3658400"
"202000009199";"15";"9";"2020";"08:57";"1";"93";"93029";"2";"1";"1";"3";"SEDOV";"48,9222716";"2,4211883"
"202000009200";"14";"9";"2020";"19:10";"2";"93";"93029";"2";"7";"7";"6";"REPUBLIQUE (DE LA) N° 1-161";"48,9216000";"2,4441100"
"202000009201";"15";"9";"2020";"15:30";"1";"93";"93010";"1";"1";"1";"6";"VARAGNAT (AVENUE HENRI)";"48,9126201";"2,4817678"
"202000009202";"15";"9";"2020";"18:30";"1";"93";"93008";"2";"3";"1";"2";"VARSOVIE (RUE DE)";"48,9093331";"2,4731653"
"202000009203";"14";"9";"2020";"21:32";"5";"92";"92022";"2";"1";"1";"3";"PAVE DES GARDES (RUE DU)";"48,8054700";"2,1845500"
"202000009204";"15";"9";"2020";"08:15";"1";"92";"92024";"2";"2";"1";"2";"CLICHY (QUAI DE) DE (8 A 60)";"48,9034623";"2,2895532"
"202000009205";"15";"9";"2020";"15:00";"1";"92";"92002";"2";"6";"1";"3";"CHATENAY (RUE DE)";"48,7612890";"2,2909440"
"202000009206";"15";"9";"2020";"18:55";"1";"22";"22339";"1";"1";"2";"1";"D2";"48,5094120";" -2,0804500"
"202000009207";"15";"9";"2020";"17:30";"1";"37";"37175";"2";"3";"1";"3";"Rue du Clos";"47,5466930";"0,7502022"
"202000009208";"6";"8";"2020";"18:20";"1";"87";"87125";"1";"2";"7";"4";"Quatre Routes";"45,9153550";"1,3359440"
"202000009209";"16";"9";"2020";"14:00";"1";"41";"41194";"2";"9";"1";"2";"Avenue de Villefranche";"47,3400540";"1,7494090"
"202000009210";"15";"9";"2020";"16:30";"1";"43";"43183";"1";"1";"1";"1";"RN102";"45,1389729";"3,6264620"
"202000009211";"16";"9";"2020";"09:17";"1";"63";"63143";"1";"2";"1";"3";"D223";"46,0284430";"3,2484020"
"202000009212";"15";"9";"2020";"08:45";"1";"28";"28006";"1";"2";"1";"3";"Intersection RD 923 - RD 343";"48,4356750";"1,4144680"
"202000009213";"15";"9";"2020";"14:45";"1";"91";"91665";"2";"1";"1";"2";"n20";"48,6525810";"2,2730060"
"202000009214";"16";"9";"2020";"04:00";"3";"65";"65153";"1";"1";"1";"7";"D21";"43,2373710";"0,2011010"
"202000009215";"16";"9";"2020";"13:15";"1";"72";"72008";"1";"1";"1";"3";"315 Avenue Nationale";"47,9135320";"0,1760350"
"202000009216";"16";"9";"2020";"07:45";"1";"50";"50458";"1";"1";"1";"7";"La Carrière";"49,3438170";" -1,2737060"
"202000009217";"16";"9";"2020";"16:25";"1";"30";"30232";"1";"1";"1";"6";"D23";"44,1752290";"4,4832430"
"202000009218";"13";"9";"2020";"17:25";"1";"74";"74190";"1";"1";"1";"1";"Chemin Rural de la Biolle";"46,0882110";"6,6632880"
"202000009219";"16";"9";"2020";"13:00";"1";"2A";"2A130";"2";"1";"1";"6";"Grosseto-Prugna";"41,8909770";"8,8041040"
"202000009220";"16";"9";"2020";"13:00";"1";"82";"82127";"1";"1";"1";"1";"D957";"44,1831930";"1,0844060"
"202000009221";"15";"9";"2020";"17:45";"1";"69";"69162";"1";"3";"1";"1";"D43";"46,1121590";"4,6419700"
"202000009222";"14";"9";"2020";"18:05";"1";"61";"61095";"1";"2";"1";"3";"D25";"48,7067180";" -0,6372820"
"202000009223";"15";"9";"2020";"10:00";"1";"12";"12142";"1";"1";"1";"1";"D994";"44,3970110";"2,3702250"
"202000009224";"15";"9";"2020";"16:15";"1";"25";"25535";"1";"1";"1";"5";"D492";"47,1329290";"6,2163090"
"202000009225";"13";"9";"2020";"10:20";"1";"29";"29206";"1";"1";"1";"7";"Lieu Dit Brengoel";"48,6211720";" -4,1934840"
"202000009226";"16";"9";"2020";"15:59";"1";"02";"02012";"1";"1";"1";"1";"D6";"49,3236540";"3,4219190"
"202000009227";"14";"9";"2020";"17:40";"1";"01";"01034";"2";"3";"1";"2";"493 Route de Saint Germain";"45,7568610";"5,6737890"
"202000009228";"15";"9";"2020";"17:15";"1";"70";"70442";"1";"1";"1";"6";"D27";"47,6469990";"5,7540590"
"202000009229";"14";"9";"2020";"20:20";"3";"58";"58223";"1";"1";"1";"7";"D978";"47,0214830";"3,5269220"
"202000009230";"16";"9";"2020";"20:00";"1";"72";"72223";"2";"1";"1";"3";"Rue du 11 Novembre";"47,8658770";" -0,1007460"
"202000009231";"12";"9";"2020";"10:15";"1";"72";"72046";"1";"1";"1";"6";"Départementale 357";"47,9842340";"0,5016370"
"202000009232";"16";"9";"2020";"16:25";"1";"50";"50085";"1";"2";"1";"5";"Route du Village Adam";"48,9158230";" -1,5330000"
"202000009233";"15";"9";"2020";"17:15";"1";"60";"60173";"1";"1";"1";"3";"D12";"49,2589410";"2,3889470"
"202000009234";"15";"9";"2020";"20:45";"3";"27";"27698";"1";"1";"1";"7";"Route de la Neuville";"49,1711410";"0,8683060"
"202000009235";"15";"9";"2020";"11:25";"1";"17";"17385";"1";"1";"1";" -1";"Route des Allards";"45,9522840";" -1,2513260"
"202000009236";"15";"9";"2020";"11:45";"1";"37";"37281";"2";"3";"1";"6";"68 Rue de la Vallée Coquette";"47,4213610";"0,7824536"
"202000009237";"9";"9";"2020";"22:15";"3";"37";"37167";"1";"1";"1";"6";"215 La Riandiere";"47,5528686";"0,5490840"
"202000009238";"13";"9";"2020";"08:30";"1";"68";"68375";"1";"1";"1";"7";"RN 66";"47,7734760";"7,2220840"
"202000009239";"16";"9";"2020";"09:40";"1";"78";"78575";"1";"6";"1";"6";"16 Rue Jean Jaures";"48,7197590";"2,0889150"
"202000009240";"15";"9";"2020";"12:30";"1";"13";"13044";"2";"1";"1";"3";"33 Cours Camille Pelletan";"43,6067710";"5,0640590"
"202000009241";"16";"9";"2020";"14:59";"1";"82";"82037";"1";"9";"1";"2";"A20";"44,1437172";"1,5026285"
"202000009242";"12";"9";"2020";"14:40";"1";"57";"57413";"1";"1";"1";"7";"A4 PK357+600 sens PARIS/STRASBOURG";"49,1354240";"6,6467290"
"202000009243";"16";"9";"2020";"01:20";"3";"973";"97306";"2";"1";"1";"3";"37 rue des frères";"5,6684946";" -53,7779743"
"202000009244";"15";"9";"2020";"14:30";"1";"972";"97228";"2";"1";"1";"1";"466 Route du Calvaire";"14,7445130";" -61,0214250"