"Num_Acc";"jour";"mois";"an";"hrmn";"lum";"dep";"com";"agg";"int";"atm";"col";"adr";"lat";"long"
"202000009245";"15";"9";"2020";"11:40";"1";"972";"97230";"2";"1";"1";"1";"Avenue Raisiniers";"14,7343420";" -60,9538870"
"202000009246";"15";"9";"2020";"16:55";"1";"21";"21452";"2";"1";"1";"6";"2 Passage Jean de la Fontaine";"47,2793670";"5,1077250"
"202000009247";"13";"9";"2020";"12:20";"1";"84";"84003";"2";"1";"1";"2";"Avenue de Viton";"43,8766440";"5,4006330"
"202000009248";"15";"9";"2020";"08:00";"1";"84";"84092";"2";"9";"1";"2";"Route de Sorgues (rd 907)";"43,9751250";"4,8579850"
"202000009249";"29";"1";"2020";"08:25";"1";"59";"59350";"2";"1";"1";"6";"MOSELLE BOULEVARD N°IMPAIRS";"50,6212304";"3,0332372"
"202000009250";"29";"1";"2020";"17:25";"1";"56";"56260";"2";"3";"1";"3";"LE PONTOIS(RUE ALEXANDRE)";"47,6546667";" -2,7566619"
"202000009251";"29";"1";"2020";"14:45";"1";"51";"51454";"2";"1";"1";"7";"Avenue de Laon";"49,2664269";"4,0254319"
"202000009252";"29";"1";"2020";"07:45";"2";"51";"51454";"2";"1";"1";"3";"Boulevard du Docteur Roux";"49,2321871";"4,0233387"
"202000009253";"25";"1";"2020";"14:10";"1";"51";"51230";"2";"2";"1";"7";"Boulevard de la Motte";"49,0461025";"3,9571292"
"202000009254";"28";"1";"2020";"07:45";"2";"49";"49353";"2";"1";"2";"6";"BARA";"47,4435800";" -0,4884000"
"202000009255";"28";"1";"2020";"16:52";"1";"47";"47001";"1";"1";"1";"1";"BERGE (voie sur )";"44,1952200";"0,6119000"
"202000009256";"29";"1";"2020";"13:50";"1";"45";"45302";"2";"3";"1";"6";"Rue Louis Aragon - Allée des mélinières";"47,9349560";"1,8895680"
"202000009257";"29";"1";"2020";"08:05";"1";"45";"45234";"2";"3";"1";"3";"Rue de Blois - Rue de Vendôme";"47,8452100";"1,9309300"
"202000009258";"28";"1";"2020";"17:25";"2";"44";"44184";"2";"1";"1";"6";"Boulevard de Sunderland";"47,2708000";" -2,2422000"
"202000009259";"29";"1";"2020";"16:50";"1";"44";"44162";"1";"1";"1";"2";" PERIPHERIQUE";"47,2458460";" -1,6215670"
"202000009260";"28";"1";"2020";"12:21";"1";"42";"42031";"1";"1";"1";"6";"Route du Pertuiset";"45,4141400";"4,2363000"
"202000009261";"29";"1";"2020";"10:20";"1";"35";"35278";"2";"3";"1";"3";"Avenue Général de Gaulle";"48,1529800";" -1,6862300"
"202000009262";"28";"1";"2020";"13:15";"1";"34";"34172";"2";"9";"1";"3";"ANDY WARHOL ( RUE )";"43,6023000";"3,9064500"
"202000009263";"29";"1";"2020";"15:10";"1";"33";"33162";"2";"2";"1";"3";"AVE DU TAILLAN-MEDOC / RUE PAUL DUMONT / RUE DU BRETEIL";"44,8798000";" -0,6475500"
"202000009264";"29";"1";"2020";"16:50";"2";"33";"33075";"2";"1";"2";"6";"Boulevard Jacques Chaban-delmas";"44,8771400";" -0,5781200"
"202000009265";"29";"1";"2020";"07:25";"5";"33";"33529";"2";"3";"1";"6";"Rue Victor Hugo (D217) / Rue Pierre Dignac - Piétonne traverse rue Victor Hugor vers place Jean Hameau";"44,6327200";" -1,1456200"
"202000009266";"16";"1";"2020";"12:30";"1";"22";"22113";"2";"1";"1";"2";"MARECHAL JOFFRE (QUAI DU)";"48,7319800";" -3,4651100"
"202000009267";"28";"1";"2020";"19:05";"5";"19";"19031";"2";"1";"3";"6";"MALRAUX (AVENUE ANDRE)";"45,1645501";"1,4933252"
"202000009268";"29";"1";"2020";"15:30";"1";"13";"13205";"2";"1";"1";"3";"JEAN MOULIN (BOULEVARD)";"43,2888000";"5,4002700"
"202000009269";"29";"1";"2020";"12:12";"1";"13";"13202";"2";"1";"1";"6";"REPUBLIQUE (RUE DE LA)";"43,3005920";"5,3705630"
"202000009270";"29";"1";"2020";"11:05";"1";"13";"13212";"2";"1";"1";"4";"CAILLOLS (AVENUE DES)";"43,3039870";"5,4407440"
"202000009271";"29";"1";"2020";"16:30";"1";"13";"13001";"1";"1";"1";"3";"LEDOUX CLAUDE NICOLAS (RUE)";"43,4713864";"5,4018580"
"202000009272";"29";"1";"2020";"09:00";"1";"13";"13001";"2";"1";"1";"2";"MOURET HENRI (AV)";"43,5211350";"5,4358080"
"202000009273";"28";"1";"2020";"18:30";"5";"12";"12145";"2";"1";"1";"6";"GABRIAC JEAN (BOULEVARD)";"44,0936500";"3,0726300"
"202000009274";"29";"1";"2020";"08:03";"1";"10";"10297";"2";"2";"1";"6";"ARISTIDE BRIAND (RUE)";"48,3218000";"4,0949900"
"202000009275";"28";"1";"2020";"12:00";"1";"10";"10362";"2";"1";"3";"6";"GENERAL LECLERC (RUE DU)";"48,2922000";"4,0400000"
"202000009276";"29";"1";"2020";"11:30";"1";"07";"07281";"2";"9";"1";"6";"BOUVAT (QUAI JULES)";"44,9450940";"4,8455930"
"202000009277";"27";"1";"2020";"16:55";"1";"06";"06069";"2";"2";"1";"3";"MISTRAL (AVENUE ET PLACE FREDERIC)";"43,6435000";"6,9148300"
"202000009278";"18";"1";"2020";"18:30";"5";"02";"02691";"2";"1";"1";"6";"Rue Georges Pompidou";"49,8589990";"3,2896250"
"202000009279";"29";"1";"2020";"08:50";"1";"75";"75114";"2";"1";"1";"2";"BD PERIPHERIQUE EXTERIEUR";"48,8252250";"2,3021900"
"202000009280";"29";"1";"2020";"13:15";"1";"75";"75119";"2";"1";"1";"6";"RUE ARCHEREAU";"48,8903846";"2,3728310"
"202000009281";"29";"1";"2020";"09:00";"1";"75";"75119";"2";"1";"1";"3";"BOULEVARD MACDONALD";"48,8987570";"2,3733080"
"202000009282";"28";"1";"2020";"20:00";"5";"75";"75117";"2";"2";"2";"3";"RUE DE ROME";"48,8832910";"2,3192320"
"202000009283";"28";"1";"2020";"19:43";"5";"75";"75116";"2";"2";"2";"1";"ALLEE DE LONGCHAMP";"48,8706850";"2,2593220"
"202000009284";"28";"1";"2020";"10:25";"1";"75";"75116";"2";"2";"1";"3";"BOULEVARD SUCHET";"48,8573650";"2,2646830"
"202000009285";"29";"1";"2020";"18:00";"2";"75";"75115";"2";"1";"1";"6";"BOULEVARD DE GRENELLE";"48,8484781";"2,2992479"
"202000009286";"29";"1";"2020";"17:35";"2";"75";"75112";"2";"1";"1";"3";"RUE CHALIGNY";"48,8464058";"2,3836644"
"202000009287";"29";"1";"2020";"13:10";"1";"75";"75111";"2";"2";"1";"2";"AVENUE LEDRU ROLLIN";"48,8557010";"2,3787040"
"202000009288";"29";"1";"2020";"18:00";"5";"75";"75110";"2";"7";"1";"2";"RUE DE DUNKERQUE";"48,8804796";"2,3525196"
"202000009289";"29";"1";"2020";"18:40";"5";"75";"75108";"2";"2";"1";"6";"AVENUE MARCEAU";"48,8661167";"2,2996589"
"202000009290";"29";"1";"2020";"17:26";"5";"75";"75101";"2";"7";"1";"7";"RUE DE RIVOLI";"48,8627187";"2,3352569"
"202000009291";"29";"1";"2020";"16:15";"1";"75";"75104";"2";"4";"1";"3";"BOULEVARD MORLAND";"48,8482919";"2,3649721"
"202000009292";"29";"1";"2020";"15:45";"1";"94";"94046";"2";"1";"1";"3";"PIERRE CURIE (R)";"48,8103000";"2,4236700"
"202000009293";"29";"1";"2020";"14:30";"1";"94";"94003";"2";"1";"1";"1";"JEANNE D ARC (AV)";"48,8107900";"2,3343000"
"202000009294";"29";"1";"2020";"12:10";"1";"94";"94073";"2";"9";"1";"2";"ROUTE NATIONALE 186";"48,7533600";"2,3584000"
"202000009295";"28";"1";"2020";"15:00";"1";"94";"94017";"2";"1";"1";"3";"MUSSELBURGH (R DE)";"48,8098900";"2,5191800"
"202000009296";"29";"1";"2020";"19:00";"5";"93";"93073";"2";"6";"1";"3";"R DE LA BELLE BORNE";"48,9893000";"2,5197000"
"202000009297";"28";"1";"2020";"23:00";"5";"93";"93070";"2";"1";"2";"3";"MICHELET (AVE) : DU 1 AU 103";"48,9063900";"2,3425900"
"202000009298";"28";"1";"2020";"12:55";"1";"93";"93066";"2";"1";"4";"6";"R DANIELLE CASANOVA";"48,9273000";"2,3642300"
"202000009299";"29";"1";"2020";"09:15";"1";"93";"93077";"2";"2";"1";"3";"AV FRANKLIN / ALL DE LA TOUR";"48,8974298";"2,5028928"
"202000009300";"29";"1";"2020";"11:50";"1";"93";"93051";"2";"1";"1";"6";"PIERRE BROSSOLETTE";"48,8481000";"2,5487700"
"202000009301";"29";"1";"2020";"08:00";"2";"93";"93051";"2";"1";"2";"2";"GOURNAY (ROUTE)";"48,8495500";"2,5659500"
"202000009302";"24";"1";"2020";"08:30";"2";"93";"93029";"2";"1";"1";"7";"JACQUELINE QUATREMAIRE";"48,9179460";"2,4592780"
"202000009303";"8";"1";"2020";"10:10";"1";"93";"93027";"2";"1";"1";"2";"CONVENTION (RUE DE LA)";"48,9284100";"2,3892000"
"202000009304";"29";"1";"2020";"09:35";"1";"93";"93010";"2";"2";"1";"1";"SAINT-LOUIS (RUE)";"48,8903500";"2,4964200"
"202000009305";"29";"1";"2020";"04:15";"5";"93";"93057";"2";"1";"1";"3";"WILSON (AV. DU PRESIDENT) 1 A 69";"48,9062463";"2,5117068"
"202000009306";"29";"1";"2020";"16:26";"1";"93";"93007";"2";"1";"1";"6";"ABBE NIORT (RUE DE L')";"48,9407000";"2,4332000"
"202000009307";"28";"1";"2020";"11:45";"1";"92";"92046";"2";"2";"8";"3";"CAMELINAT";"48,8129460";"2,2987190"
"202000009308";"29";"1";"2020";"08:35";"1";"92";"92064";"2";"1";"1";"3";"VAUGUYON";"48,8436382";"2,2223461"
"202000009309";"28";"1";"2020";"14:00";"1";"92";"92051";"2";"1";"2";"7";"CHARTRES (RUE DE )";"48,8798673";"2,2799131"
"202000009310";"29";"1";"2020";"16:00";"1";"92";"92048";"2";"1";"1";"7";"MORANE SAULNIER (AVENUE)";"48,7863870";"2,2232410"
"202000009311";"29";"1";"2020";"15:40";"1";"92";"92048";"1";"1";"1";"7";"TRIVAUX (AVENUE DE) N° 9";"48,7908100";"2,2328200"
"202000009312";"29";"1";"2020";"11:30";"1";"92";"92048";"2";"3";"1";"1";"VICTOR HUGO (AVENUE)";"48,8062380";"2,2383930"
"202000009313";"29";"1";"2020";"17:45";"2";"92";"92007";"2";"1";"8";"6";"PASTEUR (AVENUE LOUIS) N° 1 A 39 ET 2 A";"48,7984200";"2,3175900"
"202000009314";"25";"1";"2020";"05:10";"5";"92";"92014";"2";"9";"1";"3";"MONTROUGE (AVENUE DE)";"48,7874900";"2,3126700"
"202000009315";"30";"1";"2020";"16:00";"1";"80";"80615";"2";"2";"3";"3";"d929";"50,0191150";"2,6881420"
"202000009316";"30";"1";"2020";"13:00";"1";"86";"86111";"1";"1";"1";"1";"Pré villard";"46,8918137";"0,5691190"
"202000009317";"29";"1";"2020";"19:20";"3";"09";"09123";"1";"1";"1";"6";"Pis";"43,1695667";"1,2386817"
"202000009318";"29";"1";"2020";"14:40";"1";"64";"64061";"2";"1";"1";"6";"D817 - Parc d'activités Eurolacq II";"43,3890758";" -0,5562478"
"202000009319";"28";"1";"2020";"21:15";"3";"62";"62849";"1";"1";"1";"6";"D303";"50,4064624";"1,6254826"
"202000009320";"29";"1";"2020";"21:22";"3";"44";"44196";"1";"1";"2";"7";"D773";"47,5414910";" -2,0573940"
"202000009321";"29";"1";"2020";"18:30";"3";"2B";"2B009";"1";"1";"1";"5";"Route de Bonifacio";"42,0913760";"9,5106840"
"202000009322";"29";"1";"2020";"07:25";"5";"59";"59666";"1";"1";"8";"7";"14 voie romaine";"50,8832944";"2,3855379"
"202000009323";"30";"1";"2020";"09:00";"1";"55";"55462";"1";"1";"9";"7";"21 Route de Woel";"49,0219840";"5,6892340"
"202000009324";"24";"1";"2020";"23:50";"5";"42";"42149";"2";"6";"1";"6";"Route de Saint Etienne";"45,6381710";"4,2363400"
"202000009325";"30";"1";"2020";"11:30";"1";"46";"46278";"1";"1";"3";"3";"D4";"44,4001690";"1,1208840"
"202000009326";"28";"1";"2020";"17:20";"1";"35";"35360";"2";"1";"2";"6";"51 Boulevard des Rochers";"48,1178250";" -1,2050500"
"202000009327";"28";"1";"2020";"13:20";"1";"29";"29260";"2";"6";"2";"3";"Rue de Brest";"48,4264530";" -4,6151590"
"202000009328";"29";"1";"2020";"22:15";"3";"70";"70323";"1";"1";"1";"6";"route de magny";"47,9492430";"6,1465710"
"202000009329";"30";"1";"2020";"05:30";"3";"05";"05036";"1";"1";"1";"3";"N94";"44,6144940";"6,5320840"
"202000009330";"30";"1";"2020";"17:00";"2";"83";"83012";"2";"1";"1";"3";"Route de Brignoles";"43,5548010";"6,0094810"
"202000009331";"30";"1";"2020";"12:10";"1";"36";"36171";"1";"1";"2";"1";"N/A";"47,0740380";"2,0390800"
"202000009332";"29";"1";"2020";"16:00";"1";"07";"07302";"1";"1";"1";"6";"D2";"44,6467270";"4,6943220"
"202000009333";"29";"1";"2020";"11:00";"1";"40";"40022";"1";"1";"1";"6";"Route d'Aire";"43,6700100";" -0,3482690"
"202000009334";"28";"1";"2020";"16:45";"1";"40";"40122";"1";"1";"1";"6";"Route de Saint Sever";"43,8329940";" -0,5323860"
"202000009335";"30";"1";"2020";"18:25";"5";"48";"48039";"2";"9";"2";"7";"Avenue du Triadou";"44,4658752";"3,3449372"
"202000009336";"30";"1";"2020";"08:15";"2";"44";"44048";"1";"1";"2";"6";"autoroute A11 - PK 326.400 - En direction de Paris";"47,3626331";" -1,3155055"
"202000009337";"30";"1";"2020";"08:50";"1";"68";"68297";"1";"1";"1";"6";"A35";"47,6060430";"7,5284640"
"202000009338";"30";"1";"2020";"08:57";"1";"51";"51242";"1";"1";"1";"7";"A26";"48,9423206";"4,2882525"
"202000009339";"29";"1";"2020";"09:30";"1";"987";"98729";"2";"1";"1";"6";"pk 0.4 temae direction PAOPAO";" -17,5331890";" -149,8386110"
"202000009340";"28";"1";"2020";"21:10";"3";"973";"97305";"1";"1";"1";"6";"Route Nationale 1";"5,0026680";" -52,4599530"
"202000009341";"30";"1";"2020";"08:00";"1";"971";"97108";"2";"1";"1";"7";"N9";"15,9000580";" -61,2397460"
"202000009342";"30";"1";"2020";"00:15";"3";"13";"13110";"1";"1";"1";"7";"D12";"43,4779850";"5,6871310"
"202000009343";"30";"1";"2020";"06:20";"3";"57";"57296";"1";"1";"9";"1";"D23";"49,2240190";"6,5929470"
"202000009344";"27";"1";"2020";"13:10";"1";"38";"38344";"2";"1";"1";"6";"Rue Verlaine";"45,3665480";"4,8061270"
"202000009345";"29";"1";"2020";"18:00";"2";"17";"17086";"2";"2";"1";"3";"3 Chemin des Champs des Vignes";"45,7455380";" -0,5733490"
"202000009346";"30";"1";"2020";"11:45";"1";"86";"86095";"1";"2";"1";"3";"D15";"46,6995590";"0,4455980"
"202000009347";"12";"1";"2020";"18:30";"5";"33";"33341";"2";"1";"1";"3";"D137";"45,0809300";" -0,5040840"
"202000009348";"29";"1";"2020";"16:15";"1";"14";"14289";"1";"2";"1";"3";"Route d'Angloischeville";"48,8954420";" -0,1118860"
"202000009349";"28";"1";"2020";"07:55";"2";"29";"29181";"1";"9";"8";"6";"Route des Moulins du Lech";"48,4693290";" -4,2608070"
"202000009350";"28";"1";"2020";"12:00";"1";"22";"22002";"1";"1";"8";"6";"Le Chesnay";"48,5028440";" -2,5857350"
"202000009351";"30";"1";"2020";"16:15";"1";"80";"80359";"1";"1";"2";"2";"Autoroute A1 PK 105+900";"49,7412900";"2,7867310"
"202000009352";"29";"1";"2020";"09:10";"1";"13";"13210";"1";"1";"1";"7";"A50-Sens Aubagne vers Marseille";"43,2859000";"5,4278000"
"202000009353";"29";"1";"2020";"21:25";"3";"94";"94038";"1";"1";"1";"3";"AUTOROUTE A6B";"48,7778900";"2,3459900"
"202000009354";"29";"1";"2020";"07:00";"1";"78";"78498";"1";"1";"1";"3";"N118";"48,9044040";"2,0050770"
"202000009355";"28";"1";"2020";"18:00";"3";"95";"95365";"1";"1";"3";"2";"RN 104";"49,0604100";"2,4175800"
"202000009356";"28";"1";"2020";"12:00";"1";"95";"95060";"1";"1";"1";"5";" A115";"49,0400100";"2,1908300"
"202000009357";"28";"1";"2020";"14:30";"1";"93";"93007";"1";"1";"1";"2";"AUTOROUTE A1";"48,9454600";"2,4400400"
"202000009358";"28";"1";"2020";"09:00";"1";"95";"95018";"1";"1";"2";"3";"AUTOROUTE A15";"48,9586000";"2,2740500"
"202000009359";"28";"1";"2020";"09:20";"1";"93";"93064";"1";"1";"1";"5";"AUTOROUTE A86";"48,8792500";"2,4760400"
"202000009360";"27";"1";"2020";"06:25";"3";"93";"93005";"1";"1";"2";"3";"AUTOROUTE A3";"48,9508800";"2,4745400"
"202000009361";"21";"1";"2020";"19:50";"3";"94";"94015";"1";"1";"1";"2";"A4";"48,8292886";"2,5284163"
"202000009362";"26";"1";"2020";"02:45";"5";"93";"93053";"2";"1";"2";"2";"ROSNY (AVENUE DE) N° 53 A 243";"48,8907400";"2,4710500"
"202000009363";"28";"1";"2020";"21:10";"5";"988";"98818";"2";"4";"1";"6";"VE1 sens Nord/Sud ";" -22,2491100";"166,4511800"
"202000009364";"28";"1";"2020";"22:45";"5";"988";"98818";"2";"4";"1";"3";"ROUTE DU VELODROME/RUE MARCEL KOLLEN";" -22,2911900";"166,4452300"
"202000009365";"28";"1";"2020";"16:40";"1";"976";"97611";"2";"1";"1";"3";"kaweni-Europe (avenue)";" -12,7703100";"45,2237700"
"202000009366";"28";"1";"2020";"01:19";"5";"974";"97411";"2";"1";"1";"6";"JAURES (BLD 1 JEAN)";" -20,8849565";"55,4396296"
"202000009367";"28";"1";"2020";"19:00";"5";"69";"69386";"2";"2";"2";"3";"EMERAUDES (DES)                     (R )";"45,7691000";"4,8605000"
"202000009368";"28";"1";"2020";"17:30";"1";"69";"69383";"2";"2";"2";"3";"TRARIEUX                            (R )";"45,7452700";"4,8929900"
"202000009369";"28";"1";"2020";"14:30";"1";"69";"69383";"2";"1";"2";"6";"SERVIENT                            (R )";"45,7606000";"4,8505000"
"202000009370";"28";"1";"2020";"16:50";"1";"972";"97213";"2";"3";"1";"3";"MORNE PITAULT (ROUTE DE)";"14,6093000";" -60,9529000"
"202000009371";"25";"1";"2020";"21:10";"3";"972";"97213";"1";"6";"1";"2";"ROUTE NATIONALE 1";"14,6260000";" -60,9788000"
"202000009372";"28";"1";"2020";"07:55";"1";"69";"69389";"2";"1";"1";"6";"DUCHERE (DE LA)                     (BD)";"45,7809400";"4,7937500"
"202000009373";"26";"1";"2020";"23:41";"3";"95";"95127";"1";"1";"3";"1";"RN 14 ";"49,0514622";"2,0515898"
"202000009374";"28";"1";"2020";"15:20";"1";"91";"91691";"2";"1";"1";"6";"CONCY(RUE)";"48,7111000";"2,4862000"
"202000009375";"28";"1";"2020";"18:20";"2";"91";"91286";"2";"6";"2";"2";"EMILE ALLIAUD (AVENUE)";"48,6496100";"2,3834200"
"202000009376";"20";"1";"2020";"08:20";"1";"84";"84007";"2";"1";"1";"6";"PONT DES DEUX EAUX (Chemin du )";"43,9401400";"4,8421700"
"202000009377";"8";"1";"2020";"19:10";"4";"30";"30351";"1";"1";"1";"1";"MISTRAL BOULEVARD FREDERIC";"43,9904400";"4,8088700"
"202000009378";"28";"1";"2020";"17:00";"1";"83";"83137";"2";"1";"1";"1";"15EME CORPS (AVE DU)";"43,1285490";"5,9128090"
"202000009379";"27";"1";"2020";"16:55";"1";"83";"83137";"2";"1";"8";"1";"CARNOT (AVE LAZARE)";"43,1271900";"5,9251300"
"202000009380";"27";"1";"2020";"19:45";"5";"80";"80489";"2";"1";"1";"1";"VILLE IDEALE (AVENUE DE LA )";"49,8681400";"2,3734500"
"202000009381";"26";"1";"2020";"09:50";"1";"78";"78005";"2";"1";"2";"3";"RD 30";"48,9740000";"2,0803000"
"202000009382";"27";"1";"2020";"08:10";"5";"76";"76540";"2";"1";"1";"6";"SAINT JULIEN. RUE";"49,4256700";"1,0737700"
"202000009383";"24";"1";"2020";"14:05";"1";"76";"76351";"2";"1";"1";"6";"DOCTEUR POSTEL";"49,5102500";"0,1304600"
"202000009384";"25";"1";"2020";"18:10";"5";"73";"73222";"1";"4";"1";"7";"D912 FECLAZ (ROUTE DE LA)";"45,5854221";"5,9769448"
"202000009385";"27";"1";"2020";"12:00";"1";"73";"73065";"2";"1";"8";"6";"CASSINE (CHEMIN DE LA)";"45,5708900";"5,9207400"
"202000009386";"27";"1";"2020";"08:50";"1";"67";"67267";"2";"3";"1";"1";"TRAVAIL (RUE DU)";"48,5623661";"7,6862656"
"202000009387";"25";"1";"2020";"17:30";"2";"67";"67267";"2";"1";"1";"6";"JEAN JAURES (RUE)";"48,5576386";"7,6835385"
"202000009388";"25";"1";"2020";"19:10";"5";"64";"64122";"2";"1";"1";"7";"BAB(BOULEVARD)";"43,4756600";" -1,5453200"
"202000009389";"28";"1";"2020";"14:00";"1";"59";"59378";"2";"1";"1";"3";"MARNE AVENUE DE LA";"50,6786700";"3,1145300"
"202000009390";"28";"1";"2020";"11:00";"1";"59";"59009";"1";"1";"1";"6";"ROUBAIX AVNUE DE";"50,6479900";"3,1464200"
"202000009391";"22";"1";"2020";"15:30";"1";"58";"58194";"2";"2";"1";"6";"Rue de Coblence";"46,9960780";"3,1242880"
"202000009392";"27";"1";"2020";"17:25";"1";"56";"56121";"2";"3";"1";"3";"SANGNIER (RUE  MARC )";"47,7476300";" -3,3741700"
"202000009393";"27";"1";"2020";"07:50";"2";"54";"54395";"2";"2";"2";"3";"BATAILLE (QUAI DE LA)";"48,6793570";"6,1894250"
"202000009394";"27";"1";"2020";"20:10";"5";"51";"51454";"2";"2";"2";"3";"Boulevard Pommery";"49,2504468";"4,0527172"
"202000009395";"27";"1";"2020";"08:00";"2";"49";"49015";"2";"1";"2";"6";"DUNANT RUE HENRI ET ROND POINT";"47,5015900";" -0,5871200"
"202000009396";"28";"1";"2020";"08:09";"2";"37";"37233";"2";"1";"2";"2";"CUGNOT (RUE JOSEPH)";"47,3808014";"0,7446490"
"202000009397";"28";"1";"2020";"08:20";"1";"37";"37261";"2";"2";"1";"6";"BERANGER (BOULEVARD)";"47,3885650";"0,6760956"
"202000009398";"28";"1";"2020";"20:00";"3";"35";"35238";"1";"1";"1";"2";"Bretelle PORTE ALMA";"48,0818300";" -1,6760400"
"202000009399";"28";"1";"2020";"15:25";"1";"35";"35238";"2";"1";"1";"5";"CLEMENCEAU (BD GEORGES)";"48,0940000";" -1,6773000"
"202000009400";"28";"1";"2020";"14:50";"1";"35";"35278";"2";"6";"1";"6";"GROS MALHON (AVENUE)";"48,1373470";" -1,6863880"
"202000009401";"28";"1";"2020";"11:45";"1";"35";"35238";"2";"1";"1";"6";"ROUTE DE ST MALO";"48,1239553";" -1,6847974"
"202000009402";"28";"1";"2020";"12:25";"1";"33";"33162";"2";"1";"1";"3";"IMP DU TAILLAN-MEDOC";"44,8740800";" -0,6354400"
"202000009403";"27";"1";"2020";"09:05";"1";"32";"32013";"1";"1";"1";"3";"ARÇON D515 (CHEMIN D')";"43,6816919";"0,6189519"
"202000009404";"22";"1";"2020";"09:55";"1";"31";"31555";"2";"1";"3";"6";"HUC (AV ARTHUR ) DU 1AU 5";"43,5813000";"1,3861100"
"202000009405";"26";"1";"2020";"06:10";"3";"31";"31555";"2";"1";"1";"6";"LATECOERE (AV PIERRE G) DU 1AU 61";"43,5570700";"1,4870900"
"202000009406";"26";"1";"2020";"18:33";"5";"31";"31555";"2";"1";"1";"3";"AV LOUIS ARISTE PASSERIEU";"43,5802700";"1,3908200"
"202000009407";"28";"1";"2020";"11:15";"1";"31";"31565";"1";"3";"9";"3";"ARNESP (RUE)";"43,0943000";"0,6875000"
"202000009408";"27";"1";"2020";"17:50";"3";"27";"27701";"2";"1";"2";"4";"Route de Seine";"49,2714300";"1,2440000"
"202000009409";"26";"1";"2020";"16:30";"1";"26";"26362";"2";"3";"1";"6";"FAURE AVENUE MAURICE (304)";"44,9226000";"4,8842200"
"202000009410";"24";"1";"2020";"16:15";"1";"22";"22278";"2";"6";"1";"3";"WALDECK-ROUSSEAU (BD ET PT)";"48,5102600";" -2,7570200"
"202000009411";"27";"1";"2020";"18:50";"3";"17";"17306";"2";"3";"3";"6";"ROCHEFORT (DE)  (AVENUE)";"45,6429800";" -1,0248400"
"202000009412";"28";"1";"2020";"10:00";"1";"17";"17200";"1";"1";"8";"6";"RN237";"46,1813800";" -1,1450000"
"202000009413";"28";"1";"2020";"23:15";"5";"13";"13213";"2";"1";"1";"3";"CHEMIN DU MERLAN A LA ROSE ";"43,3307100";"5,4080400"
"202000009414";"28";"1";"2020";"21:07";"5";"13";"13209";"2";"2";"1";" -1";"ROMAIN ROLLAND (BOULEVARD)";"43,2706090";"5,4074520"
"202000009415";"28";"1";"2020";"18:30";"3";"13";"13209";"1";"1";"1";"5";"COL DE LA GINESTE D559";"43,2424200";"5,4531300"
"202000009416";"28";"1";"2020";"13:40";"1";"13";"13201";"2";"2";"1";"3";"NATIONALE (RUE)";"43,2995550";"5,3787080"
"202000009417";"27";"1";"2020";"07:30";"1";"13";"13205";"2";"1";"1";"5";"SAKAKINI (BOULEVARD)";"43,2941632";"5,4016010"
"202000009418";"27";"1";"2020";"16:16";"1";"10";"10333";"1";"1";"2";"4";"ROCADE OUEST (RD 610)";"48,2737100";"4,0473400"
"202000009419";"27";"1";"2020";"10:15";"1";"10";"10387";"2";"2";"2";"3";"CHARBONNET (RUE)";"48,2968000";"4,0714000"
"202000009420";"28";"1";"2020";"22:15";"5";"09";"09122";"2";"1";"1";"6";"BARCELONE (AVENUE DE)";"42,9592200";"1,6168300"
"202000009421";"22";"1";"2020";"10:05";"1";"08";"08409";"2";"1";"1";"6";"147EME ET 347EME R.I.(BOULEVARD DU)";"49,7091000";"4,9394200"
"202000009422";"28";"1";"2020";"17:05";"1";"06";"06027";"2";"1";"1";"6";"TUILIERES AVENUE DES";"43,6681000";"7,1602000"
"202000009423";"28";"1";"2020";"18:35";"5";"06";"06004";"2";"1";"1";"3";"GREC AV.JULES";"43,6003700";"7,1128900"
"202000009424";"26";"1";"2020";"18:25";"2";"75";"75120";"2";"1";"1";"2";"PORTE DE MONTREUIL";"48,8543770";"2,4140790"
"202000009425";"10";"1";"2020";"20:55";"5";"75";"75116";"2";"1";"1";"4";"BD PERIPHERIQUE INTERIEUR";"48,8694718";"2,2713430"
"202000009426";"27";"1";"2020";"08:15";"2";"75";"75105";"2";"1";"2";"3";"QUAI SAINT BERNARD";"48,8483160";"2,3588164"
"202000009427";"27";"1";"2020";"10:00";"1";"75";"75120";"2";"2";"2";"3";"RUE DE BAGNOLET";"48,8591610";"2,4021300"
"202000009428";"28";"1";"2020";"15:00";"1";"75";"75119";"2";"1";"1";"3";"AVENUE SIMON BOLIVAR";"48,8809190";"2,3737510"
"202000009429";"28";"1";"2020";"07:09";"5";"75";"75119";"2";"2";"1";"3";"AVENUE DE FLANDRE";"48,8944100";"2,3815030"
"202000009430";"28";"1";"2020";"10:15";"1";"75";"75118";"2";"3";"1";"6";"RUE ORDENER";"48,8902850";"2,3583210"
"202000009431";"28";"1";"2020";"18:15";"5";"75";"75117";"2";"4";"2";"6";"RUE DES BATIGNOLLES";"48,8837810";"2,3228090"
"202000009432";"28";"1";"2020";"17:45";"5";"75";"75117";"2";"3";"1";"3";"AVENUE DE CLICHY";"48,8866150";"2,3260060"
"202000009433";"28";"1";"2020";"09:48";"1";"75";"75116";"2";"2";"1";"3";"ALLEE DE LA REINE MARGUERITE";"48,8634580";"2,2481250"
"202000009434";"27";"1";"2020";"21:45";"5";"75";"75116";"2";"1";"1";"6";"BOULEVARD MURAT";"48,8374480";"2,2581220"
"202000009435";"28";"1";"2020";"14:45";"1";"75";"75115";"2";"3";"1";"3";"RUE DE SEVRES";"48,8458740";"2,3135140"