"Num_Acc";"jour";"mois";"an";"hrmn";"lum";"dep";"com";"agg";"int";"atm";"col";"adr";"lat";"long"
"202000009436";"28";"1";"2020";"12:15";"1";"75";"75115";"2";"5";"1";"1";"RUE DE LA CROIX NIVERT";"48,8436180";"2,2957680"
"202000009437";"28";"1";"2020";"08:50";"1";"75";"75115";"2";"2";"1";"6";"RUE VASCO DE GAMA";"48,8378730";"2,2817920"
"202000009438";"28";"1";"2020";"16:55";"1";"75";"75114";"2";"4";"1";"6";"RUE SOPHIE GERMAIN";"48,8306580";"2,3313090"
"202000009439";"27";"1";"2020";"23:23";"5";"75";"75114";"2";"5";"2";"3";"BOULEVARD ROMAIN ROLLAND";"48,8201990";"2,3239990"
"202000009440";"28";"1";"2020";"17:00";"1";"75";"75113";"2";"5";"1";" -1";"RUE DE TOLBIAC";"48,8258250";"2,3503710"
"202000009441";"28";"1";"2020";"17:50";"5";"75";"75112";"2";"4";"2";"3";"QUAI DE BERCY";"48,8328830";"2,3835860"
"202000009442";"19";"7";"2020";"13:30";"1";"32";"32304";"1";"1";"1";"7";"Voie communale n°2 PANASSAC";"43,3809100";"0,5767820"
"202000009443";"20";"7";"2020";"08:10";"1";"32";"32253";"1";"1";"1";"1";"D40";"43,9732840";"0,7902080"
"202000009444";"19";"7";"2020";"16:25";"1";"11";"11367";"1";"1";"1";"7";"D629";"43,3930740";"2,1189880"
"202000009445";"20";"7";"2020";"15:30";"1";"39";"39126";"1";"3";"1";"3";"N/A";"46,5931140";"5,9563050"
"202000009446";"18";"7";"2020";"10:40";"1";"44";"44049";"2";"3";"1";"3";"Avenue de la Pierre Longue";"47,2862600";" -2,5186960"
"202000009447";"19";"7";"2020";"09:00";"1";"29";"29056";"1";"1";"1";"5";"Lieu-dit Fessiou";"48,4434370";" -4,3020920"
"202000009448";"7";"7";"2020";"12:26";"1";"38";"38229";"2";"1";"1";"4";"Avenue de Verdun";"45,2026670";"5,7612290"
"202000009449";"20";"7";"2020";"18:00";"1";"02";"02223";"1";"1";"7";"7";"chemin communal";"48,9841880";"3,4959380"
"202000009450";"20";"7";"2020";"13:06";"1";"01";"01093";"1";"3";"1";"3";"D936";"46,1312960";"4,9673650"
"202000009451";"20";"7";"2020";"05:30";"3";"58";"58273";"1";"1";"1";"6";"D18";"46,9787150";"3,2351730"
"202000009452";"30";"6";"2020";"18:20";"1";"58";"58131";"2";"1";"1";"6";"54 Grande Rue";"47,0855860";"3,1928690"
"202000009453";"19";"7";"2020";"08:15";"1";"06";"06079";"2";"4";"1";"3";"Avenue du Général de Gaulle";"43,5316620";"6,9481690"
"202000009454";"20";"7";"2020";"19:40";"1";"50";"50003";"2";"1";"1";"7";"17 Route de Saint Malo de la Lande";"49,0504630";" -1,5811730"
"202000009455";"19";"7";"2020";"21:55";"3";"50";"50111";"1";"1";"1";"6";"Rue des Ecoles";"49,0275810";" -1,2678210"
"202000009456";"19";"7";"2020";"11:30";"1";"64";"64037";"2";"1";"1";"7";"14 Route d'Artiguelouve";"43,3276750";" -0,4975710"
"202000009457";"20";"7";"2020";"03:05";"3";"18";"18166";"1";"1";"1";"1";"RN 151";"47,1061350";"2,5575830"
"202000009458";"19";"7";"2020";"22:30";"3";"43";"43154";"1";"1";"1";"7";"Col du Rayol";"44,7839060";"3,8855020"
"202000009459";"19";"7";"2020";"20:35";"2";"16";"16100";"1";"1";"1";"6";"Lieu Dit la Pécoulie";"45,9302290";"0,6476350"
"202000009460";"19";"7";"2020";"20:40";"2";"21";"21524";"2";"4";"1";"3";"6 Rue de Châtillon";"47,9739450";"4,6718370"
"202000009461";"19";"7";"2020";"17:00";"1";"24";"24081";"1";"1";"1";"6";"Liméjouls";"44,8875140";"1,3861870"
"202000009462";"20";"7";"2020";"16:15";"1";"04";"04004";"1";"1";"1";"7";"Chemin de la Palud";"43,7816910";"6,0010140"
"202000009463";"19";"7";"2020";"14:20";"1";"04";"04135";"1";"1";"1";"7";"RD 952 - Gorge de Felines";"43,8127290";"6,2535810"
"202000009464";"20";"6";"2020";"12:10";"1";"04";"04135";"1";"1";"1";"7";"RD 952";"43,8425130";"6,2142060"
"202000009465";"19";"7";"2020";"16:40";"1";"17";"17323";"1";"1";"7";"2";"Chemin de la côte sauvage";"46,0409560";" -1,4095540"
"202000009466";"16";"7";"2020";"07:30";"1";"17";"17168";"2";"3";"1";"1";"avenue du stade";"45,9893590";" -1,0795780"
"202000009467";"20";"7";"2020";"11:30";"1";"48";"48064";"2";"1";"1";"1";"Chez Prosper (Camping)";"44,8169840";"3,1156540"
"202000009468";"20";"7";"2020";"10:35";"1";"52";"52550";"2";"3";"1";"3";"20 Rue du Lieutenant Colonel Dubois";"48,4988020";"4,9460260"
"202000009469";"19";"7";"2020";"10:30";"1";"67";"67259";"1";"1";"1";"7";"CD 121";"48,9693121";"7,7027009"
"202000009470";"19";"7";"2020";"07:00";"1";"988";"98831";"2";"3";"1";"6";"R.T.1/VU14";" -20,9443000";"164,6842500"
"202000009471";"20";"7";"2020";"07:00";"1";"988";"98821";"1";"1";"1";"1";"RT1 Port Laguere";" -22,1233900";"166,3306400"
"202000009472";"19";"7";"2020";"21:55";"5";"974";"97415";"1";"6";"1";"6";"Route Nationale 1";" -21,0458390";"55,2221290"
"202000009473";"19";"7";"2020";"03:50";"3";"974";"97420";"2";"1";"1";"7";"Rue Marchande";" -20,9476080";"55,6313060"
"202000009474";"19";"7";"2020";"09:25";"1";"77";"77110";"1";"1";"1";" -1";"D7";"48,1684167";"2,6507413"
"202000009475";"20";"7";"2020";"08:55";"1";"77";"77138";"2";"1";"1";"3";"41 Rue des Michelettes";"48,6572550";"2,9103090"
"202000009476";"19";"7";"2020";"10:00";"1";"78";"78601";"1";"2";"7";"1";"Le Coin du Bois";"48,6120800";"1,8728470"
"202000009477";"19";"7";"2020";"11:10";"1";"78";"78128";"1";"3";"1";"2";"D906";"48,6764960";"1,9871840"
"202000009478";"19";"7";"2020";"11:15";"1";"78";"78108";"1";"1";"1";"7";"Route du Grand Maître (Chemin)";"48,7252020";"1,8439220"
"202000009479";"19";"7";"2020";"05:50";"2";"66";"66212";"2";"6";"1";"6";"Avenue du Marechal Joffre";"42,7593020";"2,9904270"
"202000009480";"19";"7";"2020";"11:30";"1";"30";"30080";"1";"1";"7";"1";"D52";"44,2848130";"3,9765360"
"202000009481";"19";"7";"2020";"13:00";"1";"05";"05101";"1";"1";"1";"3";"Peyre Queyra (Pelvoux)";"44,8957990";"6,4447260"
"202000009482";"19";"7";"2020";"03:40";"3";"68";"68036";"1";"1";"1";"7";"D12";"48,0534720";"7,5147770"
"202000009483";"19";"7";"2020";"19:20";"1";"67";"67337";"1";"1";"1";"6";"D35";"48,3590637";"7,4262535"
"202000009484";"20";"7";"2020";"15:00";"1";"03";"03290";"1";"1";"1";"7";"N7";"46,6356864";"3,2779768"
"202000009485";"19";"7";"2020";"16:00";"1";"63";"63200";"1";"6";"1";"6";"Rue de Riom";"45,8411510";"3,2120068"
"202000009486";"19";"7";"2020";"13:30";"1";"74";"74058";"2";"1";"1";" -1";"D22";"46,2956390";"6,7815710"
"202000009487";"19";"7";"2020";"09:30";"1";"38";"38494";"1";"1";"1";"3";"Route de Morestel";"45,6884230";"5,3568540"
"202000009488";"20";"7";"2020";"11:45";"1";"38";"38442";"1";"1";"1";"7";"Le Col";"45,3041120";"5,8316800"
"202000009489";"20";"7";"2020";"09:30";"1";"69";"69203";"2";"1";"7";"6";"D25";"45,7108820";"4,4949500"
"202000009490";"19";"7";"2020";"14:53";"1";"19";"19085";"1";"9";"7";"3";"D1089";"45,3184770";"1,8414130"
"202000009491";"19";"7";"2020";"23:15";"3";"35";"35343";"1";"1";"1";"3";"D47";"47,8782120";" -1,5648580"
"202000009492";"19";"7";"2020";"22:50";"5";"02";"02720";"2";"1";"1";"2";"Route de Laon";"49,5709660";"3,8777020"
"202000009493";"18";"7";"2020";"12:00";"1";"13";"13215";"1";"1";"1";"3";"A55-Sens Martigues vers Marseille";"43,3473170";"5,3448520"
"202000009494";"19";"7";"2020";"03:26";"3";"13";"13211";"1";"1";"1";"3";"A50-Sens Aubagne vers Marseille";"43,2876930";"5,4400650"
"202000009495";"17";"7";"2020";"10:09";"1";"13";"13028";"1";"1";"1";"5";"A50";"43,1929749";"5,6519355"
"202000009496";"18";"7";"2020";"11:25";"1";"69";"69266";"1";"1";"1";"3";"RD383   3.750 A 7.640";"45,7607400";"4,9095100"
"202000009497";"18";"7";"2020";"23:40";"4";"33";"33550";"1";"1";"1";"2";"AUTOROUTE A 62";"44,7643400";" -0,5487500"
"202000009498";"19";"7";"2020";"12:45";"1";"92";"92072";"1";"1";"1";"6";"N118";"48,8260196";"2,2226045"
"202000009499";"19";"7";"2020";"12:50";"1";"92";"92064";"1";"1";"1";"6";"A13";"48,8382291";"2,1910380"
"202000009500";"18";"7";"2020";"15:00";"1";"93";"93053";"1";"1";"1";"7";"AUTOROUTE A3";"48,8803200";"2,4510700"
"202000009501";"19";"7";"2020";"11:30";"1";"77";"77450";"1";"1";"1";"6";"RN104";"48,7262334";"2,5990477"
"202000009502";"19";"7";"2020";"05:00";"3";"75";"75112";"1";"1";"1";"2";"A4";"48,8200610";"2,4597670"
"202000009503";"18";"7";"2020";"19:30";"1";"77";"77083";"1";"1";"1";"4";"A4.W";"48,8334577";"2,5932024"
"202000009504";"17";"7";"2020";"18:40";"1";"94";"94079";"1";"1";"1";"6";"A4";"48,8352511";"2,5387158"
"202000009505";"4";"3";"2020";"19:55";"5";"24";"24037";"2";"9";"2";"7";"RUE DES PETITES BOUCHERIES";"44,8518000";"0,4852000"
"202000009506";"14";"1";"2020";"18:00";"5";"24";"24322";"2";"1";"1";"6";"ALLEE DU PORT";"45,1845000";"0,7088000"
"202000009507";"19";"7";"2020";"09:50";"1";"988";"98818";"2";"1";"1";"2";"RUE AUGUSTE BENEBIG";" -22,2701100";"166,4540400"
"202000009508";"19";"7";"2020";"03:28";"5";"988";"98818";"2";"1";"2";"6";"ROUTE DU VELODROME - RUE NIELLY";" -22,2918200";"166,4455000"
"202000009509";"17";"7";"2020";"09:50";"1";"974";"97409";"2";"1";"1";"3";"Lefaguyes (chemin)";" -20,9514329";"55,6743676"
"202000009510";"18";"7";"2020";"12:20";"1";"974";"97407";"1";"1";"1";"7";"Route Nationale 1";" -20,9396000";"55,3298000"
"202000009511";"17";"7";"2020";"16:45";"1";"974";"97407";"2";"6";"1";"3";"Avenue de la Commune de Paris";" -20,9423280";"55,2918400"
"202000009512";"16";"7";"2020";"11:56";"1";"973";"97302";"1";"6";"1";"3";"CRIQUE FOUILLEE (ROND POINT)";"4,8969658";" -52,3283851"
"202000009513";"18";"7";"2020";"03:30";"5";"69";"69387";"2";"1";"1";"2";"CHAMBAUD DE LA BRUYERE              (BD)";"45,7225700";"4,8423700"
"202000009514";"18";"7";"2020";"13:00";"1";"972";"97209";"2";"1";"1";"3";"MUSIQUE (RUE DE LA)";"14,6183800";" -61,0513300"
"202000009515";"17";"7";"2020";"17:10";"1";"972";"97209";"1";"1";"1";"3";"JAMBETTE (ROUTE DE)";"14,6428700";" -61,0434000"
"202000009516";"18";"7";"2020";"19:00";"1";"69";"69384";"2";"1";"1";"6";"HERBOUVILLE (D')                    (CO)";"45,7727900";"4,8382700"
"202000009517";"18";"7";"2020";"03:10";"5";"971";"97113";"1";"4";"1";"1";"RN4 - SECTION RIVIERA";"16,2175540";" -61,4944590"
"202000009518";"14";"7";"2020";"11:10";"1";"971";"97101";"2";"1";"1";"6";"Frédéric JALTON";"16,2744803";" -61,5038157"
"202000009519";"17";"7";"2020";"18:40";"1";"91";"91589";"2";"1";"1";"4";"DUNANT (RUE HENRI)";"48,6769100";"2,3376300"
"202000009520";"18";"7";"2020";"18:00";"1";"91";"91657";"2";"3";"1";"6";"EUGENE VARLIN (RUE)";"48,7041250";"2,4177210"
"202000009521";"18";"7";"2020";"20:01";"1";"91";"91174";"2";"1";"1";"7";"PRESIDENT ALLENDE (RUE DU )";"48,5984500";"2,4762800"
"202000009522";"18";"7";"2020";"22:45";"5";"83";"83069";"2";"7";"1";"5";"ROBIN ( QUAI DU DOCTEUR )";"43,0830900";"6,1571800"
"202000009523";"19";"7";"2020";"01:50";"5";"83";"83118";"1";"1";"1";"7";"BOULEVARD CHRISTIAN LAFON";"43,4202730";"6,7874810"
"202000009524";"17";"7";"2020";"17:30";"1";"78";"78646";"2";"1";"1";"3";"ETATS GENERAUX (RUE DES)";"48,7998800";"2,1329200"
"202000009525";"18";"7";"2020";"02:20";"5";"76";"76108";"2";"2";"1";"3";"JUIN. AVENUE DU MARECHAL";"49,4621000";"1,1224600"
"202000009526";"18";"7";"2020";"22:15";"5";"74";"74298";"2";"1";"1";"2";"TANINGES (ROUTE DE )";"46,1873006";"6,2717718"
"202000009527";"18";"7";"2020";"06:45";"1";"69";"69266";"2";"2";"1";"1";"4 AOUT 1789    (Rue du)";"45,7666000";"4,9026000"
"202000009528";"18";"7";"2020";"19:10";"1";"64";"64445";"2";"3";"1";"3";"ALSACE LORRAINE D'";"43,3054400";" -0,3745000"
"202000009529";"18";"7";"2020";"09:10";"1";"64";"64024";"2";"1";"1";"3";"HARDOY (RUE DE)";"43,4928700";" -1,5041400"
"202000009530";"18";"7";"2020";"12:39";"1";"54";"54274";"2";"1";"1";"6";"REPUBLIQUE (RUE DE LA)";"48,6684844";"6,2080662"
"202000009531";"18";"7";"2020";"14:20";"1";"42";"42095";"2";"1";"1";" -1";"Rue du Professeur Calmette";"45,3937062";"4,2926393"
"202000009532";"17";"7";"2020";"16:30";"1";"38";"38169";"2";"1";"1";"3";"Boulevard Joliot Curie";"45,2005300";"5,6906400"
"202000009533";"19";"7";"2020";"00:05";"5";"37";"37261";"2";"1";"1";" -1";"WAGNER (BOULEVARD RICHARD)";"47,3755506";"0,7089397"
"202000009534";"19";"7";"2020";"01:40";"5";"34";"34003";"2";"1";"1";"6";"RD612";"43,2973400";"3,4736600"
"202000009535";"18";"7";"2020";"10:40";"1";"30";"30189";"2";"1";"1";"2";"DION BOUTON (COURS)";"43,8121800";"4,3383500"
"202000009536";"18";"7";"2020";"20:45";"1";"29";"29232";"2";"2";"1";"1";"Rue de Falkirk";"47,9964524";" -4,1085957"
"202000009537";"18";"7";"2020";"01:00";"5";"26";"26362";"2";"1";"1";"1";"34 Avenue de Marseille";"44,9009100";"4,8820700"
"202000009538";"16";"7";"2020";"18:07";"1";"14";"14437";"2";"1";"1";"3";"MENDES FRANCE  (AVENUE PIERRE )";"49,1700700";" -0,3239800"
"202000009539";"18";"7";"2020";"21:30";"5";"13";"13075";"2";"1";"1";"6";"GENERAL DE GAULLE (MAIL)";"43,3428900";"5,4674100"
"202000009540";"18";"7";"2020";"03:30";"5";"13";"13201";"2";"3";"1";"2";"BRETEUIL (RUE)    2 A 18";"43,2924800";"5,3749570"
"202000009541";"17";"7";"2020";"21:40";"5";"13";"13216";"2";"6";"1";"6";"LITTORAL (CHEMIN DU)";"43,3532900";"5,3370000"
"202000009542";"18";"7";"2020";"12:00";"1";"13";"13028";"1";"1";"1";" -1";"BODIN (AVENUE EMILE)";"43,1971470";"5,5930490"
"202000009543";"18";"7";"2020";"08:20";"1";"13";"13028";"2";"1";"1";"3";"BODIN (AVENUE EMILE)";"43,1946020";"5,5996260"
"202000009544";"18";"7";"2020";"22:35";"5";"10";"10081";"2";"1";"1";"1";"JEAN MERMOZ (RUE)";"48,3132900";"4,0387500"
"202000009545";"18";"7";"2020";"14:33";"1";"10";"10362";"2";"1";"1";"6";"GABRIEL THIERRY (RUE)";"48,2985400";"4,0444600"
"202000009546";"19";"7";"2020";"01:15";"3";"09";"09225";"1";"1";"9";"6";"BELPECH ROUTE DE";"43,1169400";"1,6336100"
"202000009547";"18";"7";"2020";"18:50";"1";"06";"06088";"2";"1";"1";"2";"DELVALLE (RUE PROF.)";"43,7213840";"7,2837960"
"202000009548";"18";"7";"2020";"17:30";"1";"06";"06088";"2";"1";"1";"3";"MADELEINE (BD DE LA)";"43,6962400";"7,2417600"
"202000009549";"18";"7";"2020";"02:35";"5";"75";"75117";"2";"1";"1";"4";"PORTE DE CLICHY";"48,8987260";"2,3158770"
"202000009550";"17";"7";"2020";"23:50";"5";"75";"75113";"2";"4";"1";"2";"BOULEVARD PERIPHERIQUE";"48,8247890";"2,3845610"
"202000009551";"16";"7";"2020";"14:30";"1";"75";"75118";"2";"1";"1";"3";"BOULEVARD PERIPHERIQUE";"48,9007010";"2,3344520"
"202000009552";"16";"7";"2020";"13:10";"1";"75";"75118";"2";"3";"1";"2";"RUE ORDENER";"48,8905020";"2,3552990"
"202000009553";"18";"7";"2020";"17:50";"1";"75";"75118";"2";"3";"1";"6";"BOULEVARD BARBES";"48,8852640";"2,3495260"
"202000009554";"18";"7";"2020";"15:51";"1";"75";"75118";"2";"2";"1";"2";"AVENUE DE SAINT OUEN";"48,8913340";"2,3268860"
"202000009555";"18";"7";"2020";"03:25";"5";"75";"75117";"2";"2";"1";"3";"AVENUE DE LA PORTE DE CLICHY";"48,8969210";"2,3103200"
"202000009556";"18";"7";"2020";"00:07";"5";"75";"75117";"2";"1";"1";"6";"AVENUE DE CLICHY";"48,8843360";"2,3270470"
"202000009557";"18";"7";"2020";"16:40";"1";"75";"75116";"2";"1";"1";"6";"AVENUE DU MAHATMA GANDHI";"48,8764190";"2,2646080"
"202000009558";"18";"7";"2020";"03:00";"5";"75";"75114";"2";"1";"1";"7";"BOULEVARD BRUNE";"48,8270830";"2,3078110"
"202000009559";"18";"7";"2020";"16:27";"1";"75";"75113";"2";"2";"1";"3";"QUAI PANHARD ET LEVASSOR";"48,8322350";"2,3797680"
"202000009560";"17";"7";"2020";"21:30";"2";"75";"75113";"2";"4";"1";"4";"BOULEVARD PERIPHERIQUE";"48,8210260";"2,3773230"
"202000009561";"18";"7";"2020";"18:05";"1";"75";"75108";"2";"5";"1";"7";"RUE DE COURCELLES";"48,8780280";"2,3052990"
"202000009562";"18";"7";"2020";"06:00";"2";"75";"75104";"2";"1";"1";"7";"QUAI DE L HOTEL DE VILLE";"48,8545940";"2,3544680"
"202000009563";"18";"7";"2020";"20:00";"1";"94";"94074";"2";"9";"1";"6";"SALVADOR ALLENDE (AV)";"48,7492970";"2,4644280"
"202000009564";"18";"7";"2020";"17:45";"1";"93";"93078";"2";"1";"1";"6";"SCHWEITZER (RUE DU DOCTEUR)";"48,9589805";"2,5427452"
"202000009565";"17";"7";"2020";"17:35";"1";"93";"93066";"2";"1";"1";"6";"WILSON (AVENUE DU PRESIDENT)";"48,9105700";"2,3577800"
"202000009566";"18";"7";"2020";"18:50";"1";"93";"93077";"2";"3";"1";"1";"R DU GROS BUISSON / R ALEXIS CARREL";"48,8900500";"2,4925000"
"202000009567";"18";"7";"2020";"17:45";"1";"93";"93077";"2";"1";"1";"6";"AV DU GENERAL GALLIENI";"48,8931800";"2,5030300"
"202000009568";"18";"7";"2020";"14:45";"1";"93";"93053";"2";"3";"1";"3";"PARC (RUE DU)";"48,8945626";"2,4437148"
"202000009569";"18";"7";"2020";"01:00";"5";"93";"93051";"2";"1";"1";"1";"RTE DE NEUILLY";"48,8512000";"2,5343200"
"202000009570";"18";"7";"2020";"05:00";"1";"93";"93008";"2";"9";"1";"2";"SEMARD (RUE PIERRE)";"48,9124134";"2,4463713"
"202000009571";"18";"7";"2020";"18:54";"1";"92";"92022";"2";"2";"1";"1";"SALENGRO (AVENUE ROGER)";"48,8055449";"2,1842717"
"202000009572";"18";"7";"2020";"09:10";"1";"92";"92049";"2";"1";"1";"7";"BRIAND AVENUE ARISTIDE N°2 A 114";"48,8167400";"2,3256900"
"202000009573";"17";"7";"2020";"16:30";"1";"22";"22050";"2";"1";"1";"2";"Rue du Guinefort";"48,4464760";" -2,0694850"
"202000009574";"6";"7";"2020";"17:45";"1";"22";"22050";"2";"1";"1";"6";"Rue Thiers";"48,4546560";" -2,0487520"
"202000009575";"19";"7";"2020";"01:30";"3";"02";"02060";"1";"1";"1";"2";"A29";"49,8440300";"3,0874590"
"202000009576";"18";"7";"2020";"09:25";"1";"40";"40304";"2";"3";"7";"3";"Avenue Edmond Rostand";"43,6631610";" -1,4200580"
"202000009577";"19";"7";"2020";"10:10";"1";"77";"77141";"1";"1";"1";"7";"A4";"48,8651611";"2,8501556"
"202000009578";"17";"7";"2020";"13:45";"1";"68";"68162";"2";"3";"1";"3";"D10";"48,1353300";"7,2659180"
"202000009579";"16";"7";"2020";"13:00";"1";"974";"97412";"1";"1";"1";"7";"Route de Bel Air";" -21,3386880";"55,5916190"
"202000009580";"18";"7";"2020";"19:30";"1";"01";"01347";"2";"2";"7";"3";"D936";"45,9614650";"4,7724870"
"202000009581";"19";"7";"2020";"10:00";"1";"74";"74152";"1";"1";"1";"5";"Route de Poisy";"45,9038590";"6,0320410"
"202000009582";"19";"7";"2020";"13:55";"1";"44";"44210";"1";"1";"1";"7";"N171 - PR 87+600";"47,3143150";" -2,1990040"
"202000009583";"17";"7";"2020";"19:10";"1";"44";"44089";"1";"9";"1";"7";"Malville";"47,3461580";" -1,8634700"
"202000009584";"18";"7";"2020";"22:30";"3";"74";"74048";"2";"3";"1";"1";"Route de Thonon-les-bains";"46,2771670";"6,3997400"
"202000009585";"19";"7";"2020";"16:35";"1";"57";"57321";"1";"1";"1";"3";"D44";"48,7022160";"7,0445220"
"202000009586";"18";"7";"2020";"19:30";"1";"62";"62566";"2";"1";"1";"6";"Rue du Croq Ouest";"50,6782920";"1,8671930"
"202000009587";"18";"7";"2020";"12:45";"1";"82";"82102";"1";"1";"1";"7";"D3";"44,0122930";"0,8618900"
"202000009588";"19";"7";"2020";"16:45";"1";"89";"89235";"1";"1";"1";"6";"Route de Magny";"47,4782833";"3,9526765"
"202000009589";"19";"7";"2020";"12:03";"1";"61";"61426";"1";"3";"1";"3";"La Soufletiere";"48,3575040";"0,5446820"
"202000009590";"29";"6";"2020";"12:20";"1";"61";"61432";"1";"1";"1";"6";"D926";"48,7589330";"0,6740500"
"202000009591";"19";"7";"2020";"11:00";"1";"61";"61474";"1";"1";"1";"6";"D14";"48,7632050";"0,1757810"
"202000009592";"18";"7";"2020";"16:15";"1";"55";"55008";"1";"1";"1";"6";"D618";"49,2434920";"5,6671430"
"202000009593";"19";"7";"2020";"16:19";"1";"55";"55215";"2";"1";"1";"6";"44 Rue General Leclerc";"48,5139580";"5,5031770"
"202000009594";"18";"7";"2020";"11:10";"1";"34";"34150";"2";"1";"1";"6";"Ancienne Route de Sète";"43,3193160";"3,5468030"
"202000009595";"18";"7";"2020";"18:45";"1";"22";"22181";"2";"4";"7";"1";"1 Le Bout du Pont";"48,2243029";" -3,1782572"
"202000009596";"18";"7";"2020";"22:43";"5";"25";"25228";"2";"9";"1";"7";"20 Rue Armand Japy";"47,5154760";"6,8694590"
"202000009597";"19";"7";"2020";"11:15";"1";"35";"35078";"1";"2";"7";"3";"D797";"48,6019210";" -1,7108790"
"202000009598";"19";"7";"2020";"07:00";"1";"02";"02294";"1";"1";"1";"7";"N2";"49,5206670";"3,5868000"
"202000009599";"18";"7";"2020";"10:20";"1";"03";"03273";"1";"6";"1";"3";"N/A";"46,2055257";"3,4452380"
"202000009600";"18";"7";"2020";"10:45";"1";"15";"15248";"1";"1";"1";"1";"chemin chamartel - le Che";"45,0612150";"2,8731180"
"202000009601";"18";"7";"2020";"12:30";"1";"26";"26345";"1";"1";"1";"6";"Route de Baume ";"44,3012820";"4,8368380"
"202000009602";"18";"7";"2020";"15:30";"1";"26";"26069";"1";"1";"1";"5";"Route du Col de Rousset, ";"44,8255300";"5,3863480"
"202000009603";"19";"7";"2020";"03:00";"3";"58";"58291";"1";"1";"1";"6";"D194";"46,9107940";"3,5048480"
"202000009604";"19";"7";"2020";"11:35";"1";"83";"83007";"1";"1";"1";"1";"4128 Route de Verignon";"43,6576580";"6,2220380"
"202000009605";"17";"7";"2020";"12:40";"1";"09";"09140";"1";"1";"1";"7";"D613";"42,7511130";"1,8474300"
"202000009606";"19";"7";"2020";"12:15";"1";"45";"45193";"1";"1";"1";"7";"D7-PR 21 + 900";"47,7658110";"2,0847630"
"202000009607";"19";"7";"2020";"05:00";"3";"45";"45272";"1";"1";"1";"1";"D 2020, PR 39+100";"47,8155100";"1,9274250"
"202000009608";"19";"7";"2020";"18:50";"1";"73";"73151";"1";"3";"7";"3";"D1090";"45,5095958";"6,0048561"
"202000009609";"18";"7";"2020";"16:15";"1";"43";"43140";"1";"1";"1";"5";"Route de la Chartreuse";"45,0565240";"3,9150600"
"202000009610";"18";"7";"2020";"21:40";"2";"16";"16135";"1";"1";"1";"1";"La Procession";"45,6515180";"0,5288350"
"202000009611";"17";"7";"2020";"16:50";"1";"07";"07139";"1";"1";"6";"6";"Le Chambon de l'Homme";"44,7560330";"4,3436280"
"202000009612";"19";"7";"2020";"02:40";"3";"24";"24237";"1";"6";"1";"6";"Chemin de la Tour Cyrano";"44,8886240";"0,5511620"
"202000009613";"17";"6";"2020";"17:45";"1";"37";"37231";"1";"2";"1";"3";"D69";"47,5522225";"0,4377567"
"202000009614";"17";"7";"2020";"19:10";"1";"37";"37231";"1";"1";"7";"3";"N/A";"47,5971347";"0,5268288"
"202000009615";"19";"7";"2020";"11:15";"1";"30";"30009";"1";"1";"1";"1";"D999";"43,9784870";"3,4170060"
"202000009616";"18";"7";"2020";"19:45";"1";"48";"48075";"1";"1";"1";"7";"D31";"44,3825820";"3,5208180"
"202000009617";"18";"7";"2020";"18:00";"1";"18";"18190";"1";"1";"1";"7";"A71";"47,1285820";"2,1891040"
"202000009618";"18";"7";"2020";"15:10";"1";"74";"74064";"1";"1";"1";"2";"Route de Cluses";"46,0821910";"6,5797810"
"202000009619";"19";"7";"2020";"11:10";"1";"69";"69264";"1";"1";"1";" -1";"A6";"45,9981780";"4,7357140"
"202000009620";"18";"7";"2020";"10:00";"1";"13";"13118";"1";"1";"1";"4";"A8";"43,5522960";"5,2481170"
"202000009621";"18";"7";"2020";"23:50";"3";"988";"98833";"1";"1";"1";"6";"RPN3/KOUAOUA";" -21,4382390";"165,8244500"
"202000009622";"19";"7";"2020";"08:30";"1";"78";"78164";"1";"1";"1";"6";"Route de Saint Arnoult";"48,5972920";"1,9280220"
"202000009623";"19";"7";"2020";"12:00";"1";"2B";"2B042";"2";"9";"1";"3";"route des marines de BORGO - à hauteur du 4674 entrée du lotssement des sables de BIGUGLIA";"42,5961860";"9,4969080"
"202000009624";"19";"7";"2020";"18:15";"1";"30";"30130";"1";"1";"1";"1";"RD 278";"44,3180990";"3,9666280"
"202000009625";"18";"7";"2020";"16:50";"1";"69";"69239";"1";"1";"1";"7";"D313";"45,9093550";"4,5141070"
"202000009626";"19";"7";"2020";"04:30";"3";"85";"85298";"1";"1";"1";"7";"Le Moulin de la Flaivière";"46,5880500";" -1,7301500"
"202000009627";"19";"7";"2020";"01:15";"3";"85";"85003";"1";"2";"1";"3";"Route de Martinet";"46,7015500";" -1,6573600"
"202000009628";"19";"7";"2020";"08:20";"1";"72";"72154";"2";"1";"7";"3";"Boulevard de Montréal";"47,6977380";" -0,0747020"
"202000009629";"19";"7";"2020";"19:00";"1";"14";"14289";"1";"2";"1";"2";"D63";"48,8895520";" -0,1155280"
"202000009630";"18";"7";"2020";"17:20";"1";"29";"29057";"1";"1";"1";"5";"D783 - 114 Lieu Dit Kerdiles";"47,9331190";" -3,9845020"