"Num_Acc";"jour";"mois";"an";"hrmn";"lum";"dep";"com";"agg";"int";"atm";"col";"adr";"lat";"long"
"202000009631";"18";"7";"2020";"14:00";"1";"35";"35098";"1";"1";"1";"7";"l'hotel roux";"47,7548028";" -1,6819899"
"202000009632";"18";"6";"2020";"18:00";"1";"19";"19275";"1";"1";"2";"7";"R.D. 982 SUD";"45,5157700";"2,3049300"
"202000009633";"18";"6";"2020";"23:00";"5";"13";"13206";"2";"3";"1";"3";"PRADO (AVENUE DU)";"43,2697462";"5,3868601"
"202000009634";"18";"6";"2020";"11:50";"1";"13";"13201";"2";"1";"1";"3";"RIVE NEUVE (QUAI DE)";"43,2923000";"5,3657000"
"202000009635";"18";"6";"2020";"12:50";"1";"13";"13203";"2";"1";"1";"6";"NATIONAL (BOULEVARD)";"43,3089130";"5,3805980"
"202000009636";"18";"6";"2020";"10:30";"1";"13";"13211";"2";"1";"1";"2";"SAINT MARCEL (BOULEVARD DE )";"43,2876580";"5,4648160"
"202000009637";"18";"6";"2020";"07:10";"1";"13";"13202";"2";"1";"1";"4";"CHEMIN DU LITTORAL (CHEMIN DU)";"43,3357795";"5,3543699"
"202000009638";"17";"6";"2020";"19:10";"1";"13";"13207";"2";"1";"1";"5";"CORDERIE (BOULEVARD DE LA)";"43,2903430";"5,3691250"
"202000009639";"17";"6";"2020";"07:45";"1";"13";"13208";"2";"6";"1";"6";"ALAIN SAVARY (ROND-POINT)";"43,2459212";"5,3946110"
"202000009640";"16";"6";"2020";"08:40";"1";"13";"13201";"2";"2";"1";"3";"DUGOMMIER (BOULEVARD)     1 A 29";"43,2976400";"5,3810400"
"202000009641";"16";"6";"2020";"21:00";"2";"11";"11262";"2";"3";"1";"7";"CAMELLE (RUE CALIXTE)";"43,1882430";"3,0121010"
"202000009642";"18";"6";"2020";"08:55";"1";"10";"10387";"2";"6";"1";"3";"MARIE DE CHAMPAGNE (RUE)";"48,3070180";"4,0596280"
"202000009643";"18";"6";"2020";"14:55";"1";"06";"06088";"2";"1";"1";"6";"VEROLA (AV. AUGUSTE)";"43,7105000";"7,1896000"
"202000009644";"18";"6";"2020";"14:15";"1";"06";"06088";"2";"1";"1";"2";"GIOFFREDO (R.)";"43,7013000";"7,2759210"
"202000009645";"18";"6";"2020";"02:38";"5";"06";"06088";"2";"1";"1";"7";"CROTTI (DESCENTE)";"43,6973000";"7,2737000"
"202000009646";"19";"6";"2020";"00:10";"5";"06";"06083";"2";"1";"1";"1";"SERRES DE LA MADONE (ROUTE DES, N° 115 E";"43,7751990";"7,4742910"
"202000009647";"18";"6";"2020";"08:40";"1";"06";"06069";"2";"1";"1";"1";"VICTORIA (AVENUE ET TRAVERSE)";"43,6666180";"6,9364500"
"202000009648";"17";"6";"2020";"15:30";"1";"05";"05061";"2";"6";"1";"3";"Bernard GIVAUDAN (Avenue) D900B";"44,5431000";"6,0651300"
"202000009649";"14";"6";"2020";"11:45";"1";"04";"04112";"2";"1";"1";"6";"379 av Georges Pompidou";"43,8244200";"5,7844610"
"202000009650";"18";"6";"2020";"16:35";"1";"01";"01053";"2";"1";"1";"5";"SAINT NICOLAS ( BD ) IMPAIR";"46,2029400";"5,2333400"
"202000009651";"18";"6";"2020";"09:00";"1";"75";"75118";"2";"1";"1";"5";"PORTE DE CLIGNANCOURT";"48,9010470";"2,3440000"
"202000009652";"18";"6";"2020";"07:20";"1";"75";"75119";"2";"1";"1";"3";"PORTE DES LILAS";"48,8828090";"2,4008190"
"202000009653";"17";"6";"2020";"18:20";"1";"75";"75117";"2";"1";"1";"2";"PORTE D ASNIERES";"48,8895910";"2,2974170"
"202000009654";"15";"6";"2020";"13:55";"1";"75";"75119";"2";"4";"1";"2";"BOULEVARD PERIPHERIQUE";"48,8929240";"2,3954450"
"202000009655";"18";"6";"2020";"09:10";"1";"75";"75101";"2";"3";"1";"3";"RUE DE RIVOLI";"48,8652960";"2,3272950"
"202000009656";"18";"6";"2020";"05:01";"2";"75";"75101";"2";"2";"1";"3";"QUAI FRANCOIS MITTERRAND";"48,8601110";"2,3333480"
"202000009657";"18";"6";"2020";"20:55";"1";"75";"75120";"2";"2";"1";"3";"RUE DES GRANDS CHAMPS";"48,8516590";"2,4070020"
"202000009658";"18";"6";"2020";"16:50";"1";"75";"75119";"2";"4";"1";"6";"RUE DE BELLEVILLE";"48,8724170";"2,3780970"
"202000009659";"18";"6";"2020";"18:45";"1";"75";"75119";"2";"1";"1";"7";"BOULEVARD SERURIER";"48,8952640";"2,3941580"
"202000009660";"18";"6";"2020";"02:38";"5";"75";"75118";"2";"3";"1";"6";"BOULEVARD DE CLICHY";"48,8844200";"2,3305520"
"202000009661";"18";"6";"2020";"04:15";"5";"75";"75116";"2";"7";"1";"3";"PLACE DE LA PORTE D AUTEUIL";"48,8481120";"2,2590210"
"202000009662";"17";"6";"2020";"18:50";"1";"75";"75116";"2";"1";"1";"2";"RUE DE LONGCHAMP";"48,8673380";"2,2778740"
"202000009663";"30";"5";"2020";"13:50";"1";"75";"75116";"2";"7";"1";"3";"PLACE DU TROCADERO ET DU 11 NOVEMBRE";"48,8634108";"2,2869520"
"202000009664";"18";"6";"2020";"07:50";"1";"75";"75114";"2";"3";"1";"3";"AVENUE DE LA PORTE DE CHATILLON";"48,8238550";"2,3177160"
"202000009665";"17";"6";"2020";"22:38";"5";"75";"75114";"2";"1";"1";"6";"BOULEVARD ARAGO";"48,8345590";"2,3357320"
"202000009666";"17";"6";"2020";"19:10";"1";"75";"75114";"2";"1";"1";"3";"RUE DU COMMANDANT RENE MOUCHOTTE";"48,8388210";"2,3204640"
"202000009667";"17";"6";"2020";"16:45";"1";"75";"75114";"2";"1";"1";"3";"BOULEVARD BRUNE";"48,8270830";"2,3078310"
"202000009668";"18";"6";"2020";"19:35";"1";"75";"75113";"2";"2";"1";"3";"RUE DES PEUPLIERS";"48,8215970";"2,3525500"
"202000009669";"18";"6";"2020";"09:35";"1";"75";"75112";"2";"7";"1";"3";"RUE FABRE D EGLANTINE";"48,8478530";"2,3958270"
"202000009670";"18";"6";"2020";"10:57";"1";"75";"75111";"2";"7";"1";" -1";"BOULEVARD VOLTAIRE";"48,8582420";"2,3793750"
"202000009671";"18";"6";"2020";"08:50";"1";"75";"75109";"2";"2";"1";"6";"RUE DE LA CHAUSSEE D ANTIN";"48,8762520";"2,3318660"
"202000009672";"17";"6";"2020";"15:25";"1";"75";"75109";"2";"7";"1";"2";"RUE HALEVY";"48,8711230";"2,3322990"
"202000009673";"18";"6";"2020";"20:20";"1";"75";"75108";"2";"2";"1";"3";"RUE DE BASSANO";"48,8713960";"2,2999850"
"202000009674";"18";"6";"2020";"09:23";"1";"75";"75107";"2";"7";"1";"2";"PLACE DE LA RESISTANCE";"48,8622970";"2,3019530"
"202000009675";"18";"6";"2020";"18:00";"1";"75";"75103";"2";"3";"1";"7";"RUE DU PARC ROYAL";"48,8583470";"2,3638450"
"202000009676";"17";"6";"2020";"22:45";"5";"94";"94081";"2";"1";"1";"2";"FONTAINEBLEAU (RTE DE)";"48,7764020";"2,3676650"
"202000009677";"18";"6";"2020";"22:45";"5";"94";"94081";"2";"1";"1";"2";"FONTAINEBLEAU (RTE DE)";"48,7766370";"2,3676500"
"202000009678";"18";"6";"2020";"14:00";"1";"94";"94028";"2";"1";"2";"6";"TASSIGNY(AVE DU MARECHAL DE LATTRE DE)";"48,7990080";"2,4538464"
"202000009679";"16";"6";"2020";"14:00";"1";"93";"93066";"2";"1";"1";"2";"CYGNE";"48,9354327";"2,3573085"
"202000009680";"18";"6";"2020";"19:15";"1";"93";"93051";"2";"6";"1";"2";"AV PAVE NEUF";"48,8403715";"2,5590863"
"202000009681";"18";"6";"2020";"11:05";"1";"93";"93049";"2";"1";"1";"7";"GALLIENI (BOULEVARD)";"48,8533000";"2,5152000"
"202000009682";"18";"6";"2020";"14:20";"1";"93";"93048";"2";"2";"1";"3";"HENRI BARBUSSE (BOULEVARD)";"48,8684000";"2,4415000"
"202000009683";"18";"6";"2020";"11:50";"1";"93";"93048";"2";"3";"1";"3";"ROSNY (RUE DE)";"48,8606422";"2,4439377"
"202000009684";"18";"6";"2020";"14:15";"1";"93";"93031";"2";"1";"1";"2";"FOCH (BOULEVARD)";"48,9472000";"2,3341617"
"202000009685";"18";"6";"2020";"18:30";"1";"92";"92026";"2";"1";"1";"3";"GEORGES CLEMENCEAU";"48,9028000";"2,2735000"
"202000009686";"17";"6";"2020";"01:51";"5";"92";"92060";"2";"3";"1";"6";"MOULIN FIDEL (RUE DU)";"48,7755992";"2,2631202"
"202000009687";"18";"6";"2020";"16:20";"1";"60";"60623";"2";"4";"1";"1";"Rue d'Hémécourt";"49,5498301";"1,8502810"
"202000009688";"19";"6";"2020";"08:55";"1";"95";"95134";"1";"1";"1";"4";"D301";"49,1353180";"2,2553520"
"202000009689";"19";"6";"2020";"08:20";"1";"83";"83058";"1";"1";"7";"3";"Route de Salernes";"43,5447730";"6,3153310"
"202000009690";"16";"6";"2020";"18:50";"1";"86";"86260";"1";"2";"3";"3";"D72";"46,9102359";"0,3526746"
"202000009691";"17";"6";"2020";"14:00";"1";"06";"06019";"2";"3";"1";"3";"D2204";"43,7719550";"7,3330360"
"202000009692";"18";"6";"2020";"19:15";"1";"28";"28173";"2";"1";"1";"3";"44 grande rue";"48,4699050";"1,5378610"
"202000009693";"19";"6";"2020";"14:45";"1";"60";"60479";"1";"1";"1";"5";"Route Departementale 136";"49,2072310";"2,8579580"
"202000009694";"19";"6";"2020";"10:30";"1";"83";"83070";"2";"1";"1";"3";"Avenue André Gide";"43,1385340";"6,3738350"
"202000009695";"16";"6";"2020";"15:15";"1";"62";"62631";"2";"1";"1";" -1";"5 Route Nationale";"50,3067680";"2,2948550"
"202000009696";"18";"6";"2020";"22:05";"5";"83";"83096";"1";"1";"1";"2";"Dn7";"43,4702556";"5,7758657"
"202000009697";"20";"5";"2020";"19:30";"1";"83";"83087";"1";"6";"1";"3";"d560";"43,3952900";"5,7999590"
"202000009698";"18";"6";"2020";"23:45";"3";"56";"56130";"1";"1";"1";"6";"Lieu Dit Kerviherne";"47,7392700";" -3,2713770"
"202000009699";"18";"6";"2020";"17:30";"1";"80";"80811";"1";"1";"1";"3";"D417";"49,7614330";"2,9945250"
"202000009700";"19";"6";"2020";"13:25";"1";"63";"63003";"2";"1";"1";"3";"97 Avenue de Lyon";"45,5441440";"3,7543150"
"202000009701";"18";"6";"2020";"23:30";"3";"55";"55263";"2";"1";"8";"6";"15 Rue Molguson";"48,8594990";"5,4853210"
"202000009702";"18";"6";"2020";"23:45";"5";"47";"47144";"2";"4";"1";"6";"D227";"44,5914950";"0,3972780"
"202000009703";"19";"6";"2020";"01:00";"3";"41";"41074";"1";"1";"1";"7";"La Vallee des Ouches";"47,5775100";"1,6701470"
"202000009704";"18";"6";"2020";"16:30";"1";"25";"25434";"2";"1";"1";"2";"RUE DE LA CORVÉE";"47,1074330";"6,1389540"
"202000009705";"17";"6";"2020";"15:20";"1";"84";"84133";"1";"3";"1";"3";"RD9";"43,7273170";"5,5086940"
"202000009706";"19";"6";"2020";"12:10";"1";"03";"03236";"1";"1";"1";"3";"96 Route de Bourzat";"46,1852679";"3,4242035"
"202000009707";"18";"6";"2020";"15:15";"1";"15";"15098";"1";"1";"1";" -1";"lieu dit la jureuge";"45,2700540";"3,0922440"
"202000009708";"19";"6";"2020";"05:15";"2";"72";"72062";"1";"1";"1";"7";"Le Petit Chene aux Loups";"48,2271820";"0,6035840"
"202000009709";"18";"6";"2020";"12:28";"1";"06";"06010";"1";"3";"1";"1";"D3";"43,6960460";"6,9679480"
"202000009710";"19";"6";"2020";"14:45";"1";"06";"06007";"1";"1";"7";"7";"1645 Route de Saint Jacques";"43,6197160";"6,9184250"
"202000009711";"19";"6";"2020";"13:30";"1";"06";"06085";"1";"1";"1";"7";"Chemin du Coudouron";"43,5842820";"6,9708360"
"202000009712";"19";"6";"2020";"15:45";"1";"14";"14726";"2";"1";"1";"6";"Lieu Dit la Criere";"48,9104320";" -0,8010730"
"202000009713";"18";"6";"2020";"22:30";"5";"60";"60584";"2";"1";"1";"3";"7 Rue de Rouen";"49,2156590";"2,4086341"
"202000009714";"19";"6";"2020";"10:10";"1";"64";"64256";"2";"1";"1";"3";"Route de cambo -- Départementale 10";"43,3827610";" -1,3207850"
"202000009715";"18";"6";"2020";"16:15";"1";"73";"73010";"2";"3";"1";"3";"D54 / Impasse du Longeret";"45,7903617";"5,9427541"
"202000009716";"19";"6";"2020";"12:00";"1";"16";"16300";"2";"1";"1";"6";"8 Rue de Neufgrange";"45,8478910";"0,2886240"
"202000009717";"19";"6";"2020";"16:30";"1";"53";"53276";"2";"3";"1";"1";"intersection D125 et rue des ruisseaux";"48,1403790";" -0,2911810"
"202000009718";"6";"6";"2020";"01:15";"3";"21";"21562";"1";"1";"1";"7";"D27";"47,5580230";"5,3784510"
"202000009719";"19";"6";"2020";"20:00";"1";"27";"27065";"2";"1";"1";"6";"Rue de la Bertinière";"49,3446110";"0,3433360"
"202000009720";"19";"6";"2020";"16:20";"1";"48";"48013";"1";"3";"1";"3";"Zone économique jean-Antoine Chaptal - Lieu dit Redoundels";"44,5633750";"3,5267720"
"202000009721";"18";"6";"2020";"19:30";"1";"52";"52175";"1";"1";"2";"1";"RD 67 A PK 2 + 160";"48,3564340";"5,1680590"
"202000009722";"19";"6";"2020";"10:40";"1";"49";"49373";"1";"1";"2";"3";"D960";"47,1566010";" -0,4196260"
"202000009723";"5";"6";"2020";"22:30";"3";"06";"06088";"1";"1";"1";"2";"A8, PK 191+500 chaussée sud";"43,7102460";"7,1989630"
"202000009724";"19";"6";"2020";"09:55";"1";"31";"31254";"2";"1";"1";"6";"2286 Route de Baziège";"43,5428050";"1,5205280"
"202000009725";"19";"6";"2020";"16:35";"1";"34";"34172";"1";"1";"1";"6";"autoroute 709";"43,5972230";"3,9124200"
"202000009726";"18";"6";"2020";"16:34";"1";"62";"62121";"1";"1";"1";"4";"A1";"50,1271820";"2,8718090"
"202000009727";"24";"5";"2020";"07:30";"1";"974";"97412";"1";"1";"7";"7";"Cratère Commerson (Volcan)";" -21,2031780";"55,6470390"
"202000009728";"19";"6";"2020";"16:30";"1";"77";"77437";"1";"1";"1";"1";"Route Nationale 330";"49,0433260";"2,7946900"
"202000009729";"19";"6";"2020";"11:40";"1";"84";"84129";"2";"1";"1";"6";"chemin des coutchougous";"44,0099920";"4,8690600"
"202000009730";"19";"6";"2020";"09:20";"1";"83";"83047";"1";"1";"1";"3";"Route de Toulon";"43,1405460";"6,0450980"
"202000009731";"19";"6";"2020";"09:40";"1";"83";"83115";"2";"1";"1";"6";"30 Avenue Georges Pompidou";"43,3100740";"6,6293140"
"202000009732";"18";"6";"2020";"23:15";"5";"13";"13086";"2";"1";"1";"6";"Allee de l'Huveaune";"43,3367570";"5,6008840"
"202000009733";"18";"6";"2020";"19:15";"1";"13";"13042";"1";"6";"7";"3";"D8n";"43,2793490";"5,6118890"
"202000009734";"19";"6";"2020";"17:30";"1";"55";"55435";"2";"1";"1";"3";"27 Rue de Gironde";"48,7449840";"5,0319260"
"202000009735";"19";"6";"2020";"10:00";"1";"01";"01424";"1";"3";"1";"1";"2096 Route des Echets";"45,8726510";"4,9374100"
"202000009736";"30";"5";"2020";"19:10";"1";"44";"44215";"2";"3";"1";"2";"Avenue du Cheminet";"47,1749020";" -1,5140960"
"202000009737";"19";"6";"2020";"11:30";"1";"14";"14762";"2";"2";"1";"6";"20 Rue General Leclerc (Vire)";"48,8398010";" -0,8905360"
"202000009738";"18";"6";"2020";"17:45";"1";"14";"14712";"2";"1";"8";"5";"4 Rue des Anciens Afn";"49,1818000";" -0,1812770"
"202000009739";"18";"6";"2020";"15:55";"1";"13";"13210";"1";"1";"1";"2";"A50-Sens Marseille vers Aubagne";"43,2847000";"5,4172200"
"202000009740";"16";"6";"2020";"09:30";"1";"13";"13001";"2";"1";"1";"2";"A51-Sens Marseille vers Aix en Provence";"43,4911550";"5,4073600"
"202000009741";"18";"6";"2020";"08:50";"1";"13";"13215";"1";"1";"1";"7";"A7-Sens Lyon vers Marseille";"43,3685297";"5,3608088"
"202000009742";"17";"6";"2020";"12:20";"1";"13";"13215";"1";"1";"1";"2";"A7-Sens Lyon vers Marseille";"43,3660000";"5,3606000"
"202000009743";"17";"6";"2020";"14:46";"1";"13";"13211";"1";"1";"1";"2";"A50-Sens Marseille vers Aubagne";"43,2926600";"5,4541800"
"202000009744";"18";"6";"2020";"19:50";"1";"91";"91553";"1";"1";"1";"6";"RN 104";"48,6299800";"2,4852000"
"202000009745";"18";"6";"2020";"11:20";"1";"94";"94037";"1";"1";"1";"2";"AUTOROUTE A6A";"48,8158000";"2,3363000"
"202000009746";"18";"6";"2020";"07:00";"1";"91";"91064";"1";"1";"1";"2";"RN 118";"48,7487000";"2,2169000"
"202000009747";"18";"6";"2020";"17:10";"1";"92";"92060";"1";"1";"1";"6";"RN385";"48,7758070";"2,2374290"
"202000009748";"18";"6";"2020";"19:30";"1";"93";"93010";"1";"1";"1";"2";"AUTOROUTE A3";"48,9065200";"2,4724700"
"202000009749";"18";"6";"2020";"17:00";"1";"93";"93007";"1";"1";"1";"3";"AUTOROUTE A1";"48,9462700";"2,4415300"
"202000009750";"18";"6";"2020";"08:45";"1";"92";"92036";"1";"1";"1";"2";"AUTOROUTE A86";"48,9380000";"2,2974100"
"202000009751";"17";"6";"2020";"15:20";"1";"93";"93063";"1";"1";"1";"3";"AUTOROUTE A3";"48,8756900";"2,4414600"
"202000009752";"16";"6";"2020";"19:20";"1";"93";"93066";"1";"1";"1";"3";"AUTOROUTE A86";"48,9225000";"2,3585000"
"202000009753";"18";"6";"2020";"16:20";"1";"77";"77337";"1";"1";"1";"7";"A4";"48,8301789";"2,6136965"
"202000009754";"18";"6";"2020";"13:15";"1";"77";"77373";"1";"1";"1";"2";"RN104";"48,7893900";"2,6180500"
"202000009755";"17";"6";"2020";"19:45";"1";"75";"75112";"1";"1";"1";"4";"A4";"48,8186970";"2,4571230"
"202000009756";"17";"6";"2020";"11:40";"1";"75";"75112";"1";"1";"1";"4";"A4";"48,8252670";"2,4638280"
"202000009757";"5";"1";"2020";"15:50";"1";"12";"12254";"1";"3";"1";"2";"RD840 PK010+000";"44,4071870";"2,4901800"
"202000009758";"11";"1";"2020";"11:25";"1";"92";"92025";"2";"3";"1";"6";"STALINGRAD (AV DE)";"48,9300520";"2,2677220"
"202000009759";"17";"6";"2020";"20:45";"5";"988";"98818";"2";"1";"1";"6";"GARNIER (RUE JULES)";" -22,2896100";"166,4416300"
"202000009760";"15";"6";"2020";"00:40";"5";"974";"97411";"2";"9";"1";"5";"Route Nationale 2";" -20,8863000";"55,4936800"
"202000009761";"17";"6";"2020";"08:00";"1";"974";"97409";"1";"1";"1";"5";"PENTE SASSY (chemin de la)";" -20,9634100";"55,6588700"
"202000009762";"16";"6";"2020";"17:20";"1";"974";"97407";"1";"1";"1";"4";"ROUTE NATIONALE N° 1";" -20,9523100";"55,3168000"
"202000009763";"17";"6";"2020";"19:45";"1";"69";"69387";"2";"1";"1";"3";"LORTET                              (R )";"45,7424727";"4,8396157"
"202000009764";"17";"6";"2020";"17:45";"1";"69";"69259";"2";"1";"2";"2";"FRANCIS DE PRESSENSE                (AV)";"45,7111000";"4,8751200"
"202000009765";"17";"6";"2020";"12:52";"1";"972";"97213";"1";"1";"1";"2";"AUTOROUTE A1";"14,6181000";" -61,0344000"
"202000009766";"17";"6";"2020";"09:00";"1";"972";"97213";"1";"1";"1";"3";"ROUTE NATIONALE 5";"14,5981000";" -60,9990000"
"202000009767";"17";"6";"2020";"02:20";"5";"69";"69389";"2";"1";"1";"3";"ARLOING                             (QU)";"45,7706314";"4,8120764"
"202000009768";"16";"6";"2020";"16:20";"1";"95";"95288";"2";"6";"1";"3";"JULES VINCENT (RUE)";"48,9832900";"2,3428600"
"202000009769";"17";"6";"2020";"19:00";"1";"95";"95018";"2";"1";"1";"6";"PERI (AVENUE GABRIEL)";"48,9436676";"2,2515543"
"202000009770";"16";"6";"2020";"16:40";"1";"83";"83118";"2";"9";"1";"3";"Boulevard 36ème Division Texas D559";"43,4170000";"6,8376000"
"202000009771";"17";"6";"2020";"09:25";"1";"81";"81065";"2";"1";"1";"7";"ALBERT 1° (AV)";"43,5988544";"2,2315121"
"202000009772";"16";"6";"2020";"03:50";"3";"79";"79191";"2";"1";"2";"7";"Route de Coulonges";"46,3584700";" -0,4831100"
"202000009773";"16";"6";"2020";"18:48";"1";"77";"77122";"2";"9";"1";"6";"ACACIAS (RUE DES)";"48,6671194";"2,5485987"
"202000009774";"14";"6";"2020";"04:15";"5";"76";"76497";"1";"1";"1";"2";"RN 138";"49,3696529";"1,0419657"
"202000009775";"16";"6";"2020";"13:14";"1";"72";"72181";"2";"1";"2";"3";"PANORAMA (RUE DU) N° IMP";"47,9616900";"0,2139800"
"202000009776";"17";"6";"2020";"09:15";"1";"68";"68224";"2";"1";"1";"1";"NEPPERT (RUE)";"47,7545000";"7,3383600"
"202000009777";"17";"6";"2020";"03:55";"2";"67";"67482";"2";"1";"1";"6";"LEO SCHNUG (RUE)";"48,5392900";"7,7651400"
"202000009778";"16";"6";"2020";"17:55";"1";"63";"63300";"2";"3";"1";"2";"RD 78";"45,8846300";"3,1228400"
"202000009779";"16";"6";"2020";"09:47";"1";"63";"63113";"2";"1";"1";" -1";"FRANCE (RUE ANATOLE)";"45,7778100";"3,1054100"
"202000009780";"11";"6";"2020";"09:48";"1";"63";"63075";"2";"1";"1";" -1";"DESCARTES (RUE)";"45,7814382";"3,0691819"
"202000009781";"8";"6";"2020";"14:13";"1";"63";"63113";"1";"3";"1";"3";"772 BEAULIEU /puy Long";"45,7618800";"3,1504800"
"202000009782";"13";"6";"2020";"02:20";"5";"58";"58194";"2";"1";"1";"6";"EPERON";"46,9915000";"3,1791000"
"202000009783";"13";"6";"2020";"02:15";"5";"58";"58194";"2";"1";"1";"2";"PIERRE DE COUBERTIN";"46,9863200";"3,1604700"
"202000009784";"16";"6";"2020";"15:35";"1";"56";"56121";"2";"1";"1";"6";"SVOB ( BOULEVARD EMMANUEL)";"47,7504600";" -3,3674600"
"202000009785";"16";"6";"2020";"14:30";"1";"54";"54395";"2";"1";"1";"3";"ARC (RUE JEANNE D' N°53 A 189-60 A 175)";"48,6830480";"6,1737371"
"202000009786";"16";"6";"2020";"17:25";"1";"49";"49328";"2";"1";"2";"6";"Rue du Thouet";"47,2764000";" -0,1130500"
"202000009787";"24";"1";"2020";"18:30";"1";"49";"49099";"2";"1";"1";"6";"LORRAINE (RUE DE)";"47,0564300";" -0,8613600"
"202000009788";"16";"6";"2020";"19:15";"1";"49";"49007";"2";"1";"1";"3";"ARNAULD ( HENRI) BOULEVARD";"47,4716200";" -0,5643900"
"202000009789";"16";"6";"2020";"19:04";"1";"49";"49246";"2";"1";"1";"3";"ECLATERIES HAUT";"47,4503500";" -0,5231900"
"202000009790";"14";"6";"2020";"18:15";"1";"40";"40192";"1";"9";"1";"3";"ROCADE EST (RD 932 E)";"43,8746100";" -0,4687100"
"202000009791";"17";"6";"2020";"17:55";"1";"38";"38185";"1";"1";"1";"5";"A480";"45,1758300";"5,7022600"
"202000009792";"3";"6";"2020";"11:25";"1";"38";"38053";"2";"1";"1";"6";"Route de Saint Jean de Bournay";"45,5797700";"5,2744900"
"202000009793";"17";"6";"2020";"07:55";"1";"37";"37195";"2";"2";"1";"2";"PRIEURE (AVENUE DU)";"47,3843833";"0,6524293"
"202000009794";"16";"6";"2020";"09:45";"1";"37";"37233";"2";"1";"1";"6";"FRANCE (RUE ANATOLE)";"47,3918264";"0,7225190"
"202000009795";"17";"6";"2020";"20:50";"1";"35";"35238";"2";"1";"1";"3";"FREVILLE (AVENUE HENRI)";"48,0897700";" -1,6748700"
"202000009796";"17";"6";"2020";"08:45";"1";"33";"33281";"2";"4";"2";"5";"AVE PIERRE MENDES-FRANCE / RUE MICHEL DE MONTAIGNE";"44,8170410";" -0,6341356"
"202000009797";"10";"6";"2020";"15:05";"1";"33";"33063";"2";"3";"1";"6";"RUE ROBERT SCHUMAN / RUE LOUIS GEANDREAU";"44,8588387";" -0,5830655"
"202000009798";"17";"6";"2020";"09:05";"1";"31";"31555";"2";"1";"1";"3";"CHE DES ETROITS";"43,5727500";"1,4393900"
"202000009799";"16";"6";"2020";"08:35";"1";"31";"31555";"2";"1";"1";"6";"RUE MATABIAU";"43,6136800";"1,4503000"
"202000009800";"14";"6";"2020";"14:30";"1";"31";"31555";"1";"1";"1";"3";"RTE D ALBI";"43,6452400";"1,4691000"
"202000009801";"6";"6";"2020";"13:25";"1";"27";"27229";"2";"1";"1";"6";"GRAND CARREFOUR (PLACE DU)";"49,0276567";"1,1504940"
"202000009802";"23";"5";"2020";"18:40";"1";"27";"27229";"2";"1";"1";"6";"RUE VICTORIA MXENGE";"49,0087900";"1,1588900"
"202000009803";"15";"6";"2020";"21:15";"1";"22";"22360";"1";"6";"1";"6";"RD700";"48,4784397";" -2,7681427"
"202000009804";"18";"6";"2020";"00:55";"5";"13";"13210";"2";"1";"1";"3";"RABATAU (BOULEVARD)";"43,2808200";"5,3994500"
"202000009805";"17";"6";"2020";"17:00";"1";"13";"13208";"2";"1";"1";"1";"ANDRE ZENATTI (AVENUE)";"43,2462980";"5,3880130"
"202000009806";"17";"6";"2020";"15:35";"1";"13";"13216";"2";"1";"1";"1";"MARTIN (TRAVERSE)";"43,3535580";"5,3409620"
"202000009807";"17";"6";"2020";"15:30";"1";"13";"13208";"2";"1";"1";"6";"RAYMOND TEISSERE (RUE)";"43,2729380";"5,3992510"
"202000009808";"17";"6";"2020";"09:55";"1";"13";"13205";"2";"1";"1";"6";"JEANNE D'ARC (BOULEVARD)";"43,2935900";"5,4021900"
"202000009809";"17";"6";"2020";"06:00";"2";"13";"13209";"2";"1";"1";"3";"SCHLOESING (BOULEVARD)";"43,2734330";"5,4005470"
"202000009810";"14";"6";"2020";"19:10";"1";"13";"13211";"2";"1";"1";"2";"SAINT LOUP (BOULEVARD DE)";"43,2839960";"5,4354940"
"202000009811";"17";"6";"2020";"14:30";"1";"12";"12145";"1";"3";"1";"1";"D911";"44,1449580";"3,0142680"
"202000009812";"16";"6";"2020";"09:03";"1";"05";"05061";"2";"3";"1";"3";"JEAN JAURES ( AVENUE )";"44,5500200";"6,0685900"
"202000009813";"17";"6";"2020";"09:35";"1";"75";"75116";"2";"1";"1";"3";"PORTE D AUTEUIL";"48,8465460";"2,2546820"
"202000009814";"16";"6";"2020";"22:20";"5";"75";"75120";"2";"4";"1";"3";"ECHANGEUR BAGNOLET";"48,8682820";"2,4135150"
"202000009815";"17";"6";"2020";"17:00";"1";"75";"75119";"2";"3";"1";"6";"QUAI DE LA MARNE";"48,8896720";"2,3826320"
"202000009816";"17";"6";"2020";"11:10";"1";"75";"75119";"2";"2";"1";"3";"RUE CURIAL";"48,8932680";"2,3731370"
"202000009817";"17";"6";"2020";"11:45";"1";"75";"75119";"2";"4";"1";"3";"BOULEVARD DE LA VILLETTE";"48,8751730";"2,3736100"
"202000009818";"17";"6";"2020";"04:20";"5";"75";"75119";"2";"2";"1";"6";"QUAI DE LA LOIRE";"48,8879140";"2,3799500"
"202000009819";"16";"6";"2020";"16:30";"1";"75";"75118";"2";"4";"8";"3";"BOULEVARD ORNANO";"48,8927070";"2,3487530"
"202000009820";"16";"6";"2020";"13:00";"1";"75";"75117";"2";"2";"1";"2";"RUE JOUFFROY D ABBANS";"48,8869360";"2,3126420"
"202000009821";"17";"6";"2020";"20:45";"1";"75";"75116";"2";"3";"1";"3";"AVENUE DE NEW YORK";"48,8632190";"2,2961810"
"202000009822";"17";"6";"2020";"16:30";"1";"75";"75116";"2";"3";"1";"3";"AVENUE DE NEW YORK";"48,8630000";"2,2952170"