"Num_Acc";"jour";"mois";"an";"hrmn";"lum";"dep";"com";"agg";"int";"atm";"col";"adr";"lat";"long"
"202000009823";"17";"6";"2020";"10:30";"1";"75";"75116";"2";"1";"1";"3";"VOIE GEORGES POMPIDOU";"48,8482220";"2,2756780"
"202000009824";"17";"6";"2020";"11:50";"1";"75";"75116";"2";"1";"1";"3";"AVENUE DU PRESIDENT WILSON";"48,8648310";"2,2966210"
"202000009825";"17";"6";"2020";"11:20";"1";"75";"75116";"2";"1";"1";"3";"ALLEE DE LA REINE MARGUERITE";"48,8714810";"2,2534410"
"202000009826";"28";"7";"2020";"20:02";"1";"42";"42218";"2";"1";"1";"3";"Boulevard Jules Janin";"45,4444992";"4,3976295"
"202000009827";"26";"7";"2020";"14:00";"1";"02";"02163";"1";"1";"1";"6";"Route du Rez";"48,9707430";"3,2892490"
"202000009828";"14";"10";"2020";"09:30";"1";"988";"98818";"2";"1";"1";"2";"AVENUE DE LA VICTOIRE H. LAFLEUR";" -22,2743900";"166,4459800"
"202000009829";"12";"10";"2020";"15:40";"1";"69";"69386";"2";"2";"1";"3";"MONTGOLFIER                         (R )";"45,7721000";"4,8509000"
"202000009830";"13";"10";"2020";"06:40";"3";"69";"69383";"2";"3";"1";"3";"PAUL BERT                           (R )";"45,7561100";"4,8727000"
"202000009831";"28";"9";"2020";"15:00";"1";"2A";"2A004";"1";"3";"2";"2";"AEROPORT NAPOLEON BONAPARTE";"41,9211032";"8,7872833"
"202000009832";"13";"10";"2020";"08:35";"2";"95";"95607";"2";"1";"2";"6";"TEMPS DES CERISES (BOULEVARD DU)";"49,0222000";"2,2185100"
"202000009833";"13";"10";"2020";"14:00";"1";"91";"91161";"2";"3";"8";"3";"CHARLES DE GAULLE (AVENUE)";"48,7044870";"2,3223120"
"202000009834";"13";"10";"2020";"22:25";"5";"91";"91201";"2";"1";"1";"6";"ALPHONSE DAUDET(RUE)";"48,6630300";"2,4236100"
"202000009835";"10";"10";"2020";"10:48";"1";"87";"87085";"1";"1";"1";"4";"RN520";"45,8903100";"1,2710500"
"202000009836";"13";"10";"2020";"20:30";"5";"86";"86194";"2";"9";"2";"6";"Place de Provence";"46,5893650";"0,3580170"
"202000009837";"11";"10";"2020";"19:15";"2";"86";"86194";"2";"9";"1";"4";"Avenue du 11 Novembre";"46,5672300";"0,3659900"
"202000009838";"12";"10";"2020";"13:25";"5";"85";"85194";"2";"1";"1";"3";"Route de la Mer";"46,5453800";" -1,8100700"
"202000009839";"13";"10";"2020";"10:20";"1";"85";"85191";"2";"3";"1";"6";"BELGES BOULEVARD DES";"46,6750500";" -1,4237300"
"202000009840";"12";"10";"2020";"15:55";"1";"83";"83141";"2";"9";"1";"7";"TRANS AU PUITS DE BEL EOUVE";"43,5061300";"6,4964300"
"202000009841";"13";"10";"2020";"18:26";"1";"79";"79259";"1";"4";"2";"4";"137 Route de Bressuire";"46,9475700";" -0,2302100"
"202000009842";"13";"10";"2020";"09:20";"1";"78";"78190";"2";"2";"2";"3";"RONDE (CHEMIN DE)";"48,8789400";"2,1266200"
"202000009843";"6";"9";"2020";"00:40";"3";"78";"78220";"1";"1";"1";"6";"RN 10";"48,7304750";"1,8988840"
"202000009844";"12";"10";"2020";"06:50";"3";"77";"77384";"1";"1";"1";"7";"OURDY (ROUTE D')";"48,6085680";"2,6134590"
"202000009845";"12";"10";"2020";"10:10";"1";"71";"71486";"2";"1";"1";"3";"JEAN DAMICHEL (RUE)";"46,6552260";"4,3727742"
"202000009846";"12";"10";"2020";"20:40";"5";"69";"69029";"2";"7";"8";"7";"GEORGES CLEMENCEAU                  (R )";"45,7519900";"4,8996100"
"202000009847";"13";"10";"2020";"12:45";"1";"69";"69266";"1";"1";"1";"6";"LAURENT BONNEVAY    (Boulevard)";"45,7871000";"4,8789000"
"202000009848";"5";"8";"2020";"19:40";"1";"69";"69266";"2";"6";"1";"2";"TOLSTOI    (Cours)";"45,7637900";"4,8742000"
"202000009849";"12";"10";"2020";"08:30";"1";"69";"69275";"2";"2";"1";"3";"FRANKLIN ROOSEVELT                  (AV)";"45,7496700";"4,9339900"
"202000009850";"12";"10";"2020";"15:15";"1";"69";"69290";"2";"1";"8";"3";"HENRI MARECHAL                      (R )";"45,6960062";"4,9416588"
"202000009851";"12";"10";"2020";"18:45";"1";"65";"65440";"2";"3";"1";"3";"MERMOZ (AVENUE JEAN)";"43,2449136";"0,0589389"
"202000009852";"13";"10";"2020";"16:05";"1";"64";"64545";"2";"6";"2";"3";"RD810";"43,3723600";" -1,6815300"
"202000009853";"13";"10";"2020";"08:25";"1";"64";"64445";"2";"1";"2";"3";"GRAMONT";"43,2962500";" -0,3750600"
"202000009854";"13";"10";"2020";"14:00";"1";"64";"64024";"2";"6";"2";"7";"avenue leon laporte";"43,4907700";" -1,4968100"
"202000009855";"8";"10";"2020";"13:15";"1";"60";"60414";"2";"1";"1";"6";"LENINE (RUE)";"49,2533700";"2,4485300"
"202000009856";"14";"10";"2020";"01:25";"5";"59";"59009";"2";"2";"2";"3";"BREUCQ BOULEVARD DU";"50,6170600";"3,1353600"
"202000009857";"9";"10";"2020";"18:00";"1";"59";"59165";"1";"2";"1";"5";"FAUBOURG D'ESQUERCHIN (RUE DU)";"50,3726100";"3,0281400"
"202000009858";"12";"10";"2020";"07:30";"2";"54";"54395";"2";"3";"8";"3";"BEAUVAU (RUE DE)";"48,6897316";"6,1664428"
"202000009859";"12";"10";"2020";"08:50";"1";"49";"49353";"2";"1";"1";"6";"JEAN JAURES RUE";"47,4434600";" -0,4973600"
"202000009860";"8";"10";"2020";"16:00";"1";"46";"46042";"1";"3";"1";"3";"Départementale 811 (entre Cahors et Merc";"44,4918030";"1,4061760"
"202000009861";"13";"10";"2020";"14:30";"1";"45";"45302";"1";"1";"2";"2";"Ancienne Route de Chartres";"47,9686800";"1,8661000"
"202000009862";"13";"10";"2020";"08:00";"1";"45";"45169";"2";"3";"1";"3";"Rue du Val d’Orléans - avenue de la coudraye ";"47,9208370";"1,8374470"
"202000009863";"13";"10";"2020";"07:55";"1";"45";"45234";"2";"6";"2";"2";"rond-point tangentielle ";"47,9244400";"1,9397100"
"202000009864";"12";"10";"2020";"08:55";"1";"41";"41018";"2";"1";"1";"6";"FENELON (RUE)";"47,5850800";"1,3178600"
"202000009865";"13";"10";"2020";"00:10";"5";"38";"38185";"2";"2";"1";"2";"Avenue Malherbe";"45,1689000";"5,7324700"
"202000009866";"12";"10";"2020";"19:29";"5";"38";"38151";"2";"1";"1";"6";"Avenue Edmond Esmonin";"45,1591400";"5,7263600"
"202000009867";"13";"10";"2020";"08:30";"1";"37";"37195";"2";"1";"2";"7";"PROUDHON (AVENUE)";"47,3896042";"0,6474027"
"202000009868";"12";"10";"2020";"11:35";"1";"37";"37261";"2";"1";"1";" -1";"BERT (QUAI PAUL)";"47,4032072";"0,7020752"
"202000009869";"13";"10";"2020";"12:20";"1";"35";"35281";"2";"1";"1";"6";"TILLION (AVENUE GERMAINE)";"48,0937100";" -1,7049000"
"202000009870";"13";"10";"2020";"08:25";"1";"35";"35238";"1";"1";"1";"1";"CHAMPS ROTIS  (LIEU DIT)";"48,1385594";" -1,7160747"
"202000009871";"13";"10";"2020";"21:04";"5";"34";"34172";"2";"3";"1";"3";"ESPEYRAN FREDERIC SA";"43,6243900";"3,8627000"
"202000009872";"11";"10";"2020";"18:10";"1";"34";"34032";"2";"1";"1";"6";"VERDUN (BD DE)";"43,3363100";"3,2252300"
"202000009873";"9";"10";"2020";"08:40";"1";"33";"33167";"2";"6";"1";"3";"AVE JEAN ALFONSEA";"44,8258300";" -0,5277600"
"202000009874";"13";"10";"2020";"08:25";"2";"33";"33167";"2";"1";"2";"3";"RUE YVES DU MANOIR";"44,8397900";" -0,5330700"
"202000009875";"13";"10";"2020";"08:35";"1";"33";"33069";"2";"6";"1";"6";"AVE VICTOR HUGO";"44,8700000";" -0,5925100"
"202000009876";"4";"10";"2020";"11:55";"1";"33";"33281";"2";"6";"3";"6";"AVE DE L'YSER";"44,8417000";" -0,6669400"
"202000009877";"13";"10";"2020";"09:20";"1";"31";"31555";"1";"1";"2";"4";"24 EMPALOT  (PERIPH OUEST A620)";"43,5758400";"1,4417600"
"202000009878";"12";"10";"2020";"13:10";"1";"31";"31555";"2";"1";"1";"3";"A62";"43,6453000";"1,4689900"
"202000009879";"13";"10";"2020";"06:00";"5";"30";"30189";"2";"2";"1";"6";"LENOIR ETIENNE (RUE)";"43,8109200";"4,3395500"
"202000009880";"12";"10";"2020";"12:25";"1";"29";"29039";"2";"6";"2";"1";"Rue René Madec";"47,8903082";" -3,9154267"
"202000009881";"12";"10";"2020";"10:00";"1";"29";"29039";"1";"1";"8";"2";"Rue Jacques Noel Sané";"47,9011700";" -3,9111300"
"202000009882";"13";"10";"2020";"17:00";"1";"27";"27681";"2";"1";"1";"3";"CHAUFFOUR (RUE DE)";"49,0844500";"1,4747400"
"202000009883";"13";"10";"2020";"09:48";"1";"17";"17306";"2";"1";"1";"6";"EUROPE (COURS DE L')";"45,6238400";" -1,0323400"
"202000009884";"14";"10";"2020";"00:10";"5";"13";"13203";"2";"1";"1";"6";"GUSTAVES DESPLACES (BOULEVARD)";"43,3055900";"5,3804700"
"202000009885";"13";"10";"2020";"22:00";"5";"13";"13211";"2";"1";"1";"5";"JEAN LOMBARD (AVENUE)";"43,2889500";"5,4346800"
"202000009886";"13";"10";"2020";"14:50";"1";"13";"13209";"2";"1";"1";"2";"LÉON LACHAMP (ROUTE)";"43,2495100";"5,4446300"
"202000009887";"12";"10";"2020";"16:20";"1";"13";"13206";"2";"2";"1";"3";"PRADO (AVENUE DU)";"43,2840001";"5,3848000"
"202000009888";"12";"10";"2020";"16:20";"1";"10";"10333";"2";"1";"1";"6";"ROCADE OUEST (RD 610)";"48,2790800";"4,0415900"
"202000009889";"13";"10";"2020";"12:36";"1";"06";"06069";"2";"1";"1";"7";"SIDI BRAHIM (AVENUE)";"43,6498800";"6,9309600"
"202000009890";"13";"10";"2020";"10:17";"1";"06";"06027";"2";"1";"1";"6";"JUIN BOULEVARD MARECHAL";"43,6557000";"7,1514000"
"202000009891";"9";"10";"2020";"20:30";"5";"05";"05061";"1";"1";"1";"6";"D942 A";"44,5399200";"6,0906400"
"202000009892";"12";"10";"2020";"12:30";"1";"03";"03262";"1";"1";"1";"3";"Route de la Loue";"46,3800053";"2,5799726"
"202000009893";"13";"10";"2020";"19:25";"2";"75";"75114";"2";"4";"1";"2";"ECHANGEUR ORLEANS";"48,8192250";"2,3290530"
"202000009894";"12";"10";"2020";"16:30";"1";"75";"75120";"2";"4";"1";"5";"PORTE DE BAGNOLET";"48,8635020";"2,4134080"
"202000009895";"12";"10";"2020";"19:03";"2";"75";"75114";"2";"1";"1";"6";"RUE D ALESIA";"48,8294180";"2,3223330"
"202000009896";"13";"10";"2020";"18:57";"5";"75";"75105";"2";"1";"1";"3";"AVENUE DES GOBELINS";"48,8373270";"2,3515000"
"202000009897";"13";"10";"2020";"14:15";"1";"75";"75119";"2";"1";"8";"3";"RUE DE ROMAINVILLE";"48,8775090";"2,4023220"
"202000009898";"13";"10";"2020";"07:40";"2";"75";"75119";"2";"1";"2";"3";"RUE MEYNADIER";"48,8834170";"2,3832480"
"202000009899";"12";"10";"2020";"23:00";"5";"75";"75108";"2";"7";"1";"3";"AVENUE DE WAGRAM";"48,8777747";"2,2980450"
"202000009900";"13";"10";"2020";"14:45";"1";"75";"75115";"2";"5";"1";"2";"BOULEVARD LEFEBVRE";"48,8297770";"2,2955350"
"202000009901";"13";"10";"2020";"00:40";"5";"75";"75114";"2";"2";"2";"3";"RUE VERCINGETORIX";"48,8327340";"2,3115240"
"202000009902";"9";"10";"2020";"17:10";"1";"75";"75113";"2";"1";"1";"2";"RUE DE PATAY";"48,8247980";"2,3758260"
"202000009903";"13";"10";"2020";"07:35";"2";"75";"75112";"2";"2";"2";"3";"AVENUE DE LA PORTE DE CHARENTON";"48,8316930";"2,3978230"
"202000009904";"13";"10";"2020";"16:40";"1";"75";"75111";"2";"3";"1";" -1";"AVENUE DE LA REPUBLIQUE";"48,8641420";"2,3802120"
"202000009905";"13";"10";"2020";"21:00";"5";"75";"75110";"2";"3";"1";"6";"RUE DU FAUBOURG SAINT MARTIN";"48,8825430";"2,3669300"
"202000009906";"12";"10";"2020";"23:45";"5";"75";"75109";"2";"3";"1";"3";"BOULEVARD POISSONNIERE";"48,8709560";"2,3467500"
"202000009907";"13";"10";"2020";"08:30";"1";"75";"75108";"2";"1";"2";"3";"BOULEVARD DE COURCELLES";"48,8810710";"2,3146300"
"202000009908";"13";"10";"2020";"21:20";"5";"75";"75104";"2";"2";"1";"6";"RUE DE RIVOLI";"48,8569430";"2,3538180"
"202000009909";"13";"10";"2020";"11:00";"1";"75";"75104";"2";"2";"2";"6";"RUE DU PONT LOUIS PHILIPPE";"48,8546050";"2,3551660"
"202000009910";"13";"10";"2020";"07:45";"1";"75";"75101";"2";"3";"3";"3";"BOULEVARD DE SEBASTOPOL";"48,8629510";"2,3506420"
"202000009911";"12";"10";"2020";"12:06";"1";"94";"94068";"2";"1";"1";"7";"PORT AU FOUARRE (AV DU)";"48,7892050";"2,4785570"
"202000009912";"13";"10";"2020";"20:10";"5";"94";"94046";"2";"3";"1";"6";"DIX HUIT JUIN 1940 (R DU)";"48,8043400";"2,4434000"
"202000009913";"13";"10";"2020";"07:35";"2";"94";"94073";"2";"3";"2";"3";"BAS MARIN (R DU)";"48,7543900";"2,3862200"
"202000009914";"13";"10";"2020";"17:10";"1";"94";"94001";"2";"1";"2";"6";"SAINT GEORGES (R)";"48,7228502";"2,4206668"
"202000009915";"13";"10";"2020";"18:15";"1";"94";"94017";"2";"1";"1";"3";"STALINGRAD (BD DE)";"48,8278200";"2,4939300"
"202000009916";"13";"10";"2020";"15:00";"1";"93";"93066";"2";"1";"2";"2";"VAILLANT COUTURIER PAUL (AV) NR 2 A 110";"48,9352720";"2,3673997"
"202000009917";"13";"10";"2020";"12:10";"1";"93";"93064";"2";"1";"2";"6";"MERMOZ (RUE JEAN)";"48,8796266";"2,4877585"
"202000009918";"13";"10";"2020";"13:17";"1";"93";"93053";"2";"1";"2";"6";"VOSGES (RUE DES)";"48,8905600";"2,4477500"
"202000009919";"13";"10";"2020";"07:45";"2";"93";"93053";"2";"7";"2";"6";"JEANNE D'ARC (PLACE)";"48,8899163";"2,4529850"
"202000009920";"13";"10";"2020";"05:30";"5";"93";"93047";"2";"2";"3";"3";"PAQUERETTES  (AVENUE DES)";"48,8985667";"2,5504155"
"202000009921";"13";"10";"2020";"16:45";"1";"93";"93031";"2";"3";"1";"1";"NANCY (RUE DE)";"48,9567924";"2,2998303"
"202000009922";"13";"10";"2020";"11:40";"1";"93";"93005";"2";"6";"2";"6";"NICOLAS ROBERT (RUE)";"48,9444624";"2,4878796"
"202000009923";"12";"10";"2020";"14:05";"1";"92";"92072";"2";"1";"1";"7";"TROYON (RUE)";"48,8249000";"2,2283000"
"202000009924";"13";"10";"2020";"18:30";"1";"92";"92048";"2";"1";"1";"6";"HENRI BARBUSSE (RUE)";"48,8086169";"2,2432843"
"202000009925";"13";"10";"2020";"09:10";"1";"92";"92044";"2";"2";"2";"6";"J. GUESDE(RUE) 1A23 ET2A28";"48,8921900";"2,2934700"
"202000009926";"13";"10";"2020";"13:28";"1";"92";"92025";"2";"1";"1";"3";"LOUIS SEGUIN (BD)";"48,9356446";"2,2507247"
"202000009927";"13";"10";"2020";"05:40";"5";"92";"92024";"2";"3";"2";"3";"CLICHY (QUAI DE) DE (104 A 202)";"48,9127494";"2,3128033"
"202000009928";"7";"10";"2020";"15:00";"1";"92";"92024";"2";"1";"1";"6";"MARTRE (RUE) DE (59 A 109)   (58 A 120)";"48,9035100";"2,3057800"
"202000009929";"13";"10";"2020";"11:40";"1";"92";"92012";"2";"1";"2";"6";"CHATEAU (RUE DU) 1/125 - 2/136";"48,8425000";"2,2414900"
"202000009930";"12";"10";"2020";"18:50";"5";"974";"97415";"2";"1";"1";"3";"21 Rue Jean Albany";" -21,0700820";"55,2685250"
"202000009931";"8";"10";"2020";"11:00";"1";"83";"83058";"2";"1";"1";"1";"D557";"43,5370850";"6,3975190"
"202000009932";"8";"10";"2020";"14:30";"1";"41";"41167";"2";"1";"1";"6";"23 Grande Rue";"47,5000220";"1,1744450"
"202000009933";"21";"9";"2020";"18:45";"3";"972";"97207";"1";"1";"1";"1";"RN6";"14,5998840";" -60,9667830"
"202000009934";"12";"10";"2020";"08:30";"2";"83";"83134";"2";"1";"1";"6";"D10";"43,4515640";"6,4301350"
"202000009935";"14";"10";"2020";"12:15";"1";"74";"74010";"2";"3";"1";" -1";"Route des Vernes";"45,9432090";"6,1280970"
"202000009936";"14";"10";"2020";"08:40";"1";"62";"62233";"1";"1";"1";"1";"CD 940";"50,3640660";"1,6537860"
"202000009937";"14";"10";"2020";"18:50";"1";"44";"44038";"1";"1";"1";"1";"D5";"47,1886040";" -2,0143600"
"202000009938";"13";"10";"2020";"17:50";"1";"79";"79202";"2";"1";"1";"3";"10 Avenue du General de Gaulle";"46,6482580";" -0,2456800"
"202000009939";"14";"10";"2020";"14:50";"1";"2A";"2A085";"1";"1";"3";"5";"ROUTE TERRITORIALE 40";"41,9093600";"8,8623940"
"202000009940";"14";"10";"2020";"08:00";"1";"42";"42268";"1";"1";"1";"6";"Route de Roanne (Amions)";"45,8744384";"4,0399922"
"202000009941";"12";"10";"2020";"14:15";"1";"42";"42130";"1";"1";"2";"1";"Rue du Forez";"45,6669360";"4,1734960"
"202000009942";"14";"10";"2020";"08:30";"1";"35";"35306";"1";"1";"1";"3";"La Lande du Genet";"48,5834810";" -1,9111610"
"202000009943";"13";"10";"2020";"18:00";"3";"02";"02594";"1";"1";"2";" -1";"D4";"49,1659640";"3,1741480"
"202000009944";"14";"10";"2020";"05:50";"3";"58";"58237";"1";"1";"2";"6";"Curiot";"47,3592670";"3,6195070"
"202000009945";"14";"10";"2020";"14:30";"1";"72";"72020";"1";"1";"1";"3";"D59";"48,2315050";"0,6657350"
"202000009946";"13";"10";"2020";"17:50";"1";"72";"72344";"1";"1";"2";"2";"D323";"47,9405180";"0,1738610"
"202000009947";"13";"10";"2020";"16:50";"1";"83";"83028";"1";"1";"1";"1";"RD 25";"43,5875990";"6,5424870"
"202000009948";"13";"10";"2020";"13:15";"1";"60";"60612";"2";"1";"2";"6";"Rue Saint Hilaire";"49,2059380";"2,5867970"
"202000009949";"14";"10";"2020";"17:55";"1";"85";"85047";"2";"1";"1";"3";"65 Rue Carnot";"46,8481460";" -1,8845260"
"202000009950";"13";"10";"2020";"22:20";"3";"28";"28386";"2";"1";"1";"6";"5 Rue de Moulu le Mage";"48,5541360";"1,2963380"
"202000009951";"13";"10";"2020";"17:40";"1";"87";"87011";"2";"1";"2";"6";"17 Avenue de la Libération";"46,1220650";"1,0579490"
"202000009952";"14";"10";"2020";"14:20";"1";"48";"48128";"1";"1";"2";"6";"D806";"44,7754490";"3,3160040"
"202000009953";"12";"10";"2020";"15:15";"1";"48";"48061";"1";"1";"1";"7";"D907";"44,2833690";"3,5878520"
"202000009954";"12";"10";"2020";"21:30";"5";"973";"97311";"2";"1";"1";"6";"23 Route des Chutes de Voltaire";"5,4682450";" -54,0294400"
"202000009955";"13";"10";"2020";"11:35";"1";"91";"91044";"2";"1";"2";"2";"62 Avenue de la Division Leclerc";"48,6643540";"2,2778270"
"202000009956";"13";"10";"2020";"17:50";"1";"13";"13067";"1";"1";"1";"4";"Route Nationale 7";"43,7706290";"5,0578740"
"202000009957";"13";"10";"2020";"09:45";"1";"13";"13053";"2";"2";"1";"3";"7 Avenue Joliot-curie";"43,7281020";"5,1780610"
"202000009958";"14";"10";"2020";"11:55";"1";"13";"13100";"1";"1";"1";"1";"2872 Route de Maillane";"43,8145410";"4,8110140"
"202000009959";"14";"10";"2020";"09:43";"1";"88";"88321";"2";"1";"1";"6";"9 Rue Jules Ferry";"48,3570120";"5,6935360"
"202000009960";"9";"10";"2020";"11:40";"1";"63";"63470";"2";"1";"1";"6";"50 Rue des Moutys";"45,8668420";"3,0392540"
"202000009961";"13";"10";"2020";"19:00";"5";"38";"38170";"2";"1";"8";"6";"Route de Lyon";"45,2485530";"5,6663000"
"202000009962";"8";"10";"2020";"11:20";"1";"01";"01027";"2";"2";"1";"6";"Rue de la Mairie";"45,8329440";"5,0957890"
"202000009963";"9";"10";"2020";"17:40";"1";"14";"14762";"2";"1";"1";"3";"Rue de Paris";"48,8370620";" -0,8790460"
"202000009964";"14";"10";"2020";"09:55";"1";"60";"60409";"2";"3";"1";"6";"Rue de Froidvent";"49,2938090";"2,4598210"
"202000009965";"14";"10";"2020";"11:12";"1";"60";"60010";"2";"1";"8";"6";"Rue Nationale";"49,2059060";"2,1215200"
"202000009966";"14";"10";"2020";"16:20";"1";"02";"02381";"2";"2";"1";"3";"Rue Thiers";"49,9209530";"4,0804180"
"202000009967";"13";"10";"2020";"11:10";"1";"62";"62318";"2";"3";"2";"6";"Rue du Général Obert";"50,5136030";"1,6428390"
"202000009968";"14";"10";"2020";"02:24";"3";"62";"62156";"1";"1";"1";"6";"A16";"50,9066460";"1,7765240"
"202000009969";"13";"10";"2020";"09:11";"1";"13";"13215";"1";"1";"1";"2";"A7-Sens Lyon vers Marseille";"43,3785619";"5,3563734"
"202000009970";"12";"10";"2020";"18:20";"1";"13";"13216";"1";"1";"1";"7";"A55-Sens Martigues vers Marseille";"43,3661600";"5,3319100"
"202000009971";"13";"10";"2020";"00:40";"3";"69";"69116";"1";"1";"1";"2";"M6   447.390 A 447.520";"45,8029500";"4,7715400"
"202000009972";"12";"10";"2020";"17:50";"1";"69";"69029";"1";"1";"1";"4";"RD383   7.640 A 11.044";"45,7491500";"4,9073300"
"202000009973";"13";"10";"2020";"11:25";"1";"33";"33013";"1";"2";"2";"5";"ROUTE NATIONALE 89";"44,8687500";" -0,5018900"
"202000009974";"13";"10";"2020";"08:50";"1";"33";"33281";"1";"1";"2";"3";"ROCADE A 630";"44,8173000";" -0,6730700"
"202000009975";"12";"10";"2020";"13:30";"1";"59";"59599";"1";"1";"1";"2";"ROUTE METROPOLITAINE 656";"50,7023022";"3,1575990"
"202000009976";"11";"10";"2020";"07:45";"3";"59";"59599";"1";"1";"2";"2";"AUTOROUTE A22";"50,7278860";"3,1247370"
"202000009977";"11";"10";"2020";"07:30";"3";"62";"62193";"1";"1";"1";"6";"AUTOROUTE A16";"50,9409680";"1,8286660"
"202000009978";"8";"10";"2020";"19:50";"3";"59";"59665";"1";"1";"2";"6";"AUTOROUTE A25";"50,9088760";"2,4862830"
"202000009979";"13";"10";"2020";"21:14";"3";"92";"92002";"1";"1";"1";"3";"AUTOROUTE A10";"48,7340585";"2,3142113"
"202000009980";"13";"10";"2020";"14:15";"1";"91";"91340";"1";"1";"8";"2";"RN 104";"48,6087300";"2,4356000"
"202000009981";"13";"10";"2020";"13:00";"1";"91";"91471";"1";"1";"1";"6";"RN 118";"48,6975500";"2,1921000"
"202000009982";"13";"10";"2020";"10:15";"1";"91";"91235";"1";"1";"2";"4";"RN 104";"48,6241600";"2,3715000"
"202000009983";"13";"10";"2020";"08:50";"1";"91";"91521";"1";"1";"2";"4";"AUTOROUTE A6";"48,6411270";"2,3932050"
"202000009984";"13";"10";"2020";"07:05";"3";"94";"94038";"1";"1";"1";"4";"A4";"48,7721000";"2,3452000"
"202000009985";"13";"10";"2020";"16:10";"1";"92";"92025";"1";"1";"1";"2";"A86";"48,9203092";"2,2250283"
"202000009986";"13";"10";"2020";"08:25";"2";"92";"92036";"1";"1";"2";"3";"A86";"48,9348079";"2,2815017"
"202000009987";"13";"10";"2020";"12:05";"1";"93";"93010";"1";"1";"2";"2";"AUTOROUTE A3";"48,9053100";"2,4720000"
"202000009988";"13";"10";"2020";"10:20";"1";"95";"95256";"1";"1";"3";"4";"RN 184";"49,0567100";"2,2054700"
"202000009989";"13";"10";"2020";"09:45";"1";"93";"93007";"1";"9";"2";" -1";"AUTOROUTE A3";"48,9206912";"2,4796000"
"202000009990";"13";"10";"2020";"09:55";"1";"93";"93053";"1";"1";"2";"4";"AUTOROUTE A3";"48,8805159";"2,4519443"
"202000009991";"13";"10";"2020";"07:50";"2";"92";"92036";"1";"1";"2";"2";"AUTOROUTE A86";"48,9386400";"2,3014600"
"202000009992";"13";"10";"2020";"07:35";"3";"95";"95018";"1";"1";"2";"2";" A15";"48,9547500";"2,2785600"
"202000009993";"12";"10";"2020";"10:45";"1";"95";"95061";"1";"1";"1";"6";"RN 104";"49,0681094";"2,2540534"
"202000009994";"12";"10";"2020";"10:40";"1";"95";"95277";"1";"1";"1";"2";"RD 170 ";"48,9774500";"2,4629400"
"202000009995";"12";"10";"2020";"08:30";"1";"93";"93064";"1";"1";"1";"7";"AUTOROUTE A86";"48,8786200";"2,4763800"
"202000009996";"12";"10";"2020";"05:50";"2";"95";"95527";"1";"1";"1";"3";" A1";"49,0017800";"2,5232900"
"202000009997";"13";"10";"2020";"15:45";"1";"94";"94028";"1";"1";"1";"2";"RN406.W";"48,7762000";"2,4435000"
"202000009998";"13";"10";"2020";"15:20";"1";"77";"77169";"1";"1";"8";"6";"VPO.INT";"48,8255293";"2,6161130"
"202000009999";"12";"10";"2020";"10:30";"1";"94";"94028";"1";"1";"1";"2";"A86 INT";"48,7898800";"2,4402916"
"202000010000";"7";"2";"2020";"15:20";"1";"52";"52448";"2";"1";"1";"6";"ALLENDE (BOULEVARD SAVALDOR) IMPAIR";"48,6469100";"4,9695300"
"202000010001";"21";"7";"2020";"09:15";"1";"75";"75110";"2";"3";"1";"6";"QUAI DE JEMMAPES";"48,8796340";"2,3678070"
"202000010002";"18";"6";"2020";"04:19";"3";"19";"19134";"1";"1";"1";"1";"A89 - PK 288.000";"45,6185550";"2,4561150"
"202000010003";"12";"10";"2020";"15:10";"1";"974";"97416";"2";"1";"1";"3";"ANCIENNE RN 1";" -21,3235200";"55,4451800"
"202000010004";"12";"10";"2020";"19:55";"5";"974";"97411";"2";"1";"1";"6";"Boulevard Lancastel";" -20,8781400";"55,4574700"
"202000010005";"12";"10";"2020";"16:20";"1";"974";"97411";"2";"2";"1";"3";"VICTOIRE (AVENUE DE LA)";" -20,8766000";"55,4478000"
"202000010006";"12";"10";"2020";"08:08";"1";"974";"97411";"1";"1";"1";"2";"JAURES (BLD 1 JEAN)";" -20,8904600";"55,4656700"
"202000010007";"12";"10";"2020";"11:00";"1";"973";"97302";"2";"2";"1";"2";"BRASSE (LIEUTENANT)";"4,9364200";" -52,3324600"
"202000010008";"12";"10";"2020";"10:00";"1";"973";"97302";"2";"1";"1";"3";"MONTABO (ROUTE DE) 1";"4,9445800";" -52,3108300"
"202000010009";"12";"10";"2020";"08:05";"1";"973";"97302";"2";"3";"1";"3";"BADUEL (ROUTE DE)";"4,9375700";" -52,3159100"
"202000010010";"12";"10";"2020";"13:15";"1";"69";"69383";"2";"3";"8";"3";"N/A";"45,7604000";"4,8488700"
"202000010011";"12";"10";"2020";"15:50";"1";"972";"97213";"2";"1";"3";"2";"ROUTE NATIONALE 5";"14,5962000";" -60,9925000"
"202000010012";"10";"10";"2020";"14:00";"1";"972";"97209";"1";"1";"1";"3";"BALATA (ROUTE DE)";"14,6532000";" -61,0864000"
"202000010013";"12";"10";"2020";"18:20";"1";"69";"69034";"2";"1";"1";"2";"STRASBOURG (DE)                     (RO)";"45,7943200";"4,8719050"
"202000010014";"11";"10";"2020";"07:50";"1";"69";"69382";"2";"9";"1";"3";"JULES COURMONT                      (QU)";"45,7606894";"4,8377967"