"Num_Acc";"jour";"mois";"an";"hrmn";"lum";"dep";"com";"agg";"int";"atm";"col";"adr";"lat";"long"
"202000010015";"10";"10";"2020";"22:25";"5";"69";"69385";"2";"2";"1";"3";"JOLIOT CURIE                        (R )";"45,7546500";"4,7885100"
"202000010016";"12";"10";"2020";"06:20";"1";"971";"97101";"2";"3";"1";"3";"JULIENNE FIATA (RUE)";"16,2447900";" -61,5296300"
"202000010017";"11";"10";"2020";"19:00";"5";"971";"97120";"2";"3";"1";"2";"PATRICK SAINT ELOI ( AVENUE )";"16,2566000";" -61,5207800"
"202000010018";"12";"10";"2020";"19:10";"5";"91";"91657";"2";"1";"1";"5";"AV HENRI BARBUSSE";"48,7004030";"2,4207210"
"202000010019";"18";"8";"2020";"13:10";"1";"27";"27005";"1";"1";"1";"7";"A13";"49,1693800";"1,2517680"
"202000010020";"20";"8";"2020";"13:20";"1";"988";"98802";"1";"1";"1";"7";"RT1/BOULOUPARI";" -21,8801180";"166,0691860"
"202000010021";"31";"7";"2020";"11:00";"1";"988";"98816";"1";"1";"2";"6";"PK 126 LIEU-DIT TEREMBA, RT1 MOINDOU,";" -21,6961320";"165,7372570"
"202000010022";"19";"8";"2020";"07:10";"1";"973";"97304";"2";"1";"1";"3";"Avenue de Pariacabo";"5,1551960";" -52,6552740"
"202000010023";"17";"8";"2020";"19:00";"3";"971";"97119";"1";"1";"1";"1";"Boulevard de Dumaine Delisle";"16,3735510";" -61,4526160"
"202000010024";"15";"8";"2020";"17:20";"1";"971";"97106";"2";"1";"1";"1";"949 Rue Sylvere Lesueur";"16,1463090";" -61,7629590"
"202000010025";"17";"8";"2020";"20:18";"1";"44";"44020";"2";"1";"1";"6";"Zone coté piste aéroport Nantes";"47,1577830";" -1,6030280"
"202000010026";"19";"8";"2020";"17:30";"1";"33";"33214";"1";"3";"1";"3";"D6";"44,9763160";" -1,0535720"
"202000010027";"18";"8";"2020";"21:10";"3";"45";"45278";"1";"1";"1";"6";"Route de Rogny";"47,8098832";"2,8362513"
"202000010028";"17";"8";"2020";"18:15";"1";"77";"77370";"2";"3";"2";"3";"Rue des Acacias";"48,2237430";"2,7419850"
"202000010029";"19";"8";"2020";"15:45";"1";"2A";"2A247";"2";"2";"1";"3";"Rue General de Boissoudy";"41,6106035";"9,2819587"
"202000010030";"19";"8";"2020";"02:30";"3";"66";"66168";"2";"1";"1";"6";"79 Rue Nationale";"42,5520630";"2,9726490"
"202000010031";"19";"8";"2020";"20:20";"2";"34";"34157";"2";"1";"1";"6";"25 Avenue de Pézenas";"43,4281660";"3,6036120"
"202000010032";"19";"8";"2020";"11:20";"1";"34";"34157";"2";"1";"1";"6";"40 Route de Montpellier";"43,4300790";"3,6096310"
"202000010033";"19";"8";"2020";"02:30";"4";"83";"83077";"2";"1";"1";"6";"D554";"43,2714090";"5,9750010"
"202000010034";"20";"8";"2020";"13:00";"1";"06";"06128";"2";"1";"1";"7";"Chemin de Saint Roch";"43,7005300";"7,1076980"
"202000010035";"15";"8";"2020";"13:37";"1";"06";"06147";"1";"1";"1";"1";"Avenue du Canton de Levens";"43,7995200";"7,2754810"
"202000010036";"18";"8";"2020";"16:00";"1";"04";"04039";"1";"1";"1";"4";"RD 955";"43,8705780";"6,5118030"
"202000010037";"19";"8";"2020";"16:00";"1";"39";"39097";"2";"1";"1";"6";"236 Avenue du Maréchal de Lattre de Tassigny";"46,7480430";"5,9177470"
"202000010038";"16";"8";"2020";"10:30";"1";"67";"67237";"2";"3";"1";"1";"D468";"48,6786980";"7,8585240"
"202000010039";"15";"8";"2020";"12:00";"1";"67";"67098";"1";"3";"1";"3";"D392";"48,5419972";"7,4140884"
"202000010040";"17";"8";"2020";"18:15";"1";"67";"67473";"1";"6";"1";"3";"D422";"48,5763300";"7,4784280"
"202000010041";"20";"8";"2020";"06:30";"1";"54";"54020";"1";"1";"1";"3";"D400";"48,6040850";"6,4171100"
"202000010042";"20";"8";"2020";"13:00";"1";"54";"54397";"2";"1";"1";"6";"28 Rue Pierre et Marie Curie";"48,6145870";"6,1139770"
"202000010043";"18";"8";"2020";"16:25";"1";"74";"74056";"2";"9";"1";"3";"Route des Pélerins";"45,9138360";"6,8604200"
"202000010044";"19";"8";"2020";"16:25";"1";"74";"74080";"2";"1";"1";"3";"449 Route des Grandes Alpes";"45,9058130";"6,4250750"
"202000010045";"19";"8";"2020";"11:30";"1";"74";"74079";"1";"1";"1";"3";"D12";"45,8574580";"6,3293000"
"202000010046";"20";"8";"2020";"18:30";"1";"73";"73150";"2";"3";"1";"6";"D221";"45,5089856";"6,6801016"
"202000010047";"20";"8";"2020";"08:45";"1";"73";"73197";"1";"1";"1";"6";"D87";"45,5368060";"6,7686080"
"202000010048";"19";"8";"2020";"11:30";"1";"26";"26226";"1";"2";"1";"3";"Route de Nyons";"44,4247700";"5,0383370"
"202000010049";"15";"8";"2020";"04:00";"3";"07";"07348";"1";"1";"1";"6";"D579";"44,5502030";"4,4098730"
"202000010050";"19";"8";"2020";"17:30";"1";"01";"01403";"1";"1";"1";"3";"16 Rue de l'Eglise";"45,8083940";"5,4554950"
"202000010051";"20";"8";"2020";"06:20";"2";"50";"50601";"1";"2";"8";"3";"D551";"49,0187370";" -1,0347000"
"202000010052";"18";"8";"2020";"14:20";"1";"56";"56007";"2";"1";"1";"6";"Rue de la Libération";"47,6711900";" -2,9941000"
"202000010053";"19";"8";"2020";"21:00";"2";"35";"35106";"1";"1";"1";"6";"RD 82";"47,8375830";" -1,5784490"
"202000010054";"17";"8";"2020";"03:50";"4";"27";"27439";"2";"1";"1";"6";"27 Route de Louviers";"49,0653610";"1,1726510"
"202000010055";"18";"8";"2020";"19:45";"1";"60";"60148";"1";"1";"1";"7";"RD19";"49,1160470";"2,8510230"
"202000010056";"19";"8";"2020";"14:45";"1";"60";"60346";"2";"1";"1";"4";"Avenue de la Libération";"49,1463571";"2,4412670"
"202000010057";"18";"8";"2020";"00:42";"3";"59";"59303";"2";"1";"1";"7";"Rue Madoue";"50,5754940";"2,8518310"
"202000010058";"19";"8";"2020";"17:15";"1";"13";"13071";"1";"1";"1";"2";"A7-Sens Lyon vers Marseille";"43,4121600";"5,2819200"
"202000010059";"19";"8";"2020";"23:15";"5";"13";"13202";"2";"1";"1";"6";"Tunnel Joliette Marseille vers Aubagne";"43,3078800";"5,3662800"
"202000010060";"19";"8";"2020";"07:01";"2";"83";"83126";"1";"1";"1";"1";"A50";"43,1194989";"5,8612275"
"202000010061";"19";"8";"2020";"03:00";"3";"69";"69029";"1";"1";"1";"2";"RD383  ";"45,7354500";"4,9019400"
"202000010062";"19";"8";"2020";"00:55";"5";"33";"33550";"1";"1";"1";"2";"ROCADE A 630";"44,7833600";" -0,5426100"
"202000010063";"19";"8";"2020";"12:20";"1";"93";"93048";"1";"1";"1";"3";"AUTOROUTE A86";"48,8637100";"2,4827400"
"202000010064";"19";"8";"2020";"10:00";"1";"75";"75112";"1";"1";"1";"6";"A86 EXT";"48,8178140";"2,4561420"
"202000010065";"18";"8";"2020";"17:20";"1";"69";"69387";"2";"1";"1";" -1";"MARSEILLE (DE)                      (R )";"45,7542200";"4,8417600"
"202000010066";"18";"8";"2020";"16:40";"1";"69";"69386";"2";"1";"1";"4";"CHARLES DE GAULLE                   (QU)";"45,7824200";"4,8474400"
"202000010067";"18";"8";"2020";"09:20";"1";"69";"69387";"2";"1";"1";"7";"CLAUDE BERNARD                      (QU)";"45,7541100";"4,8390200"
"202000010068";"18";"8";"2020";"07:55";"1";"69";"69259";"2";"1";"1";"3";"DOCTEUR GEORGES LEVY (DU)           (AV)";"45,7195000";"4,8638000"
"202000010069";"18";"8";"2020";"04:15";"5";"69";"69386";"2";"1";"1";"6";"MARECHAL LYAUTEY (DU)               (PL)";"45,7681700";"4,8424000"
"202000010070";"17";"8";"2020";"13:30";"1";"972";"97209";"1";"1";"2";"7";"JAMBETTE (ROUTE DE)";"14,6389000";" -61,0409700"
"202000010071";"18";"8";"2020";"22:40";"5";"69";"69381";"2";"7";"1";"3";"TERREAUX (DES)                      (PL)";"45,7671400";"4,8328400"
"202000010072";"18";"8";"2020";"22:10";"5";"95";"95582";"2";"2";"1";"3";"RUE DE CERNAY";"48,9778600";"2,2500600"
"202000010073";"17";"8";"2020";"18:30";"1";"91";"91477";"2";"9";"1";"3";"VAUVE (AV DE LA)";"48,7154400";"2,1779000"
"202000010074";"18";"8";"2020";"08:50";"1";"91";"91421";"2";"2";"1";"1";"SAULES (CHEMIN DES)";"48,7037700";"2,4433600"
"202000010075";"17";"8";"2020";"14:46";"1";"87";"87050";"1";"1";"1";"6";"TEXONNIERAS (RUE DE)";"45,8729600";"1,2125100"
"202000010076";"17";"8";"2020";"19:15";"1";"85";"85194";"2";"6";"1";"3";"Place du Général Collineau";"46,4970700";" -1,7823400"
"202000010077";"18";"8";"2020";"01:35";"5";"83";"83069";"2";"1";"1";"3";"VILETTE (CHEMIN DE LA)";"43,1055800";"6,1268900"
"202000010078";"3";"8";"2020";"07:00";"2";"78";"78643";"1";"1";"1";"2";"BRETEUIL RUE DE";"48,9644500";"1,9797900"
"202000010079";"17";"8";"2020";"12:05";"1";"74";"74012";"2";"6";"1";"3";"SALEVE (RUE DU)";"46,1902000";"6,2329000"
"202000010080";"15";"8";"2020";"18:10";"1";"68";"68297";"2";"1";"1";" -1";"HUNINGUE ( RUE DE )";"47,5875600";"7,5673900"
"202000010081";"17";"8";"2020";"19:00";"2";"67";"67365";"2";"1";"1";"2";"LECLERC (RUE DU GENERAL)";"48,5588000";"7,7119500"
"202000010082";"18";"8";"2020";"23:20";"5";"64";"64189";"2";"3";"1";"3";"BENOIT PIERRE (BOULEVARD)";"43,3898700";" -1,6847400"
"202000010083";"17";"8";"2020";"09:35";"1";"64";"64483";"2";"1";"1";"1";"SEDERIA ( CHEMIN  DE )";"43,3943300";" -1,6172700"
"202000010084";"17";"8";"2020";"10:25";"1";"64";"64445";"2";"6";"1";"3";"BACHAGA BOUALAN";"43,3163500";" -0,3748300"
"202000010085";"17";"8";"2020";"10:15";"1";"64";"64122";"2";"1";"1";"7";"FLOQUET CHARLES (AVENUE)";"43,4790461";" -1,5551898"
"202000010086";"14";"8";"2020";"20:15";"1";"64";"64122";"2";"1";"1";"3";"REINE VICTORIA (AVENUE DE LA)";"43,4852735";" -1,5519864"
"202000010087";"17";"8";"2020";"11:20";"1";"64";"64102";"2";"6";"1";"6";"RENE CUZACQ (RUE)";"43,4935689";" -1,4605993"
"202000010088";"16";"8";"2020";"22:40";"5";"62";"62108";"2";"2";"1";"3";"HUIT MAI";"50,4112800";"1,5774600"
"202000010089";"18";"8";"2020";"16:00";"1";"59";"59350";"2";"1";"1";"6";"SALENGRO ROGER RUE";"50,6265950";"3,1102570"
"202000010090";"15";"8";"2020";"01:25";"3";"59";"59437";"1";"6";"1";"6";"HOUPLIN RUE D";"50,5703600";"3,0154900"
"202000010091";"17";"8";"2020";"12:02";"1";"54";"54159";"2";"3";"1";"3";"HERMITE (RUE CHARLES L')";"48,6026000";"6,3616000"
"202000010092";"18";"8";"2020";"18:00";"1";"51";"51454";"1";"1";"1";"3";"Avenue de Champagne";"49,2321142";"4,0364602"
"202000010093";"17";"8";"2020";"10:54";"1";"49";"49007";"2";"1";"1";"7";"MOURIN";"47,4779600";" -0,5477100"
"202000010094";"18";"8";"2020";"18:15";"1";"44";"44109";"2";"1";"1";"6";"Rue de la Basse Chénaie";"47,2406900";" -1,5085500"
"202000010095";"28";"7";"2020";"15:25";"1";"36";"36063";"2";"1";"1";"4";"2 Avenue du Général de Gaulle";"46,8255724";"1,7001665"
"202000010096";"18";"8";"2020";"09:10";"1";"31";"31555";"2";"1";"1";"3";"AV PAUL SEJOURNE";"43,6081700";"1,4283200"
"202000010097";"15";"8";"2020";"22:20";"3";"28";"28021";"1";"1";"1";"3";"RD 921";"48,3721600";"1,3384600"
"202000010098";"17";"8";"2020";"17:30";"1";"25";"25056";"2";"2";"1";"3";"NICOLE  RUE NICOLAS";"47,2574600";"6,0419100"
"202000010099";"18";"8";"2020";"17:30";"1";"14";"14699";"1";"1";"1";"2";"BRIQUETTERIE (CHEMIN DE LA)";"49,3472326";"0,0925040"
"202000010100";"17";"8";"2020";"12:05";"1";"13";"13071";"1";"3";"1";" -1";"RD 543";"43,4156800";"5,3675400"
"202000010101";"18";"8";"2020";"18:59";"1";"13";"13208";"2";"1";"1";" -1";"MAZARGUES (AVENUE DE)";"43,2562200";"5,3938700"
"202000010102";"18";"8";"2020";"02:00";"5";"13";"13202";"2";"1";"1";"3";"PORT (QUAI DU)";"43,2960349";"5,3697771"
"202000010103";"17";"8";"2020";"15:25";"1";"13";"13201";"2";"2";"1";"1";"CANEBIERE     1 A 79";"43,2976000";"5,3810000"
"202000010104";"18";"8";"2020";"12:45";"1";"13";"13001";"2";"2";"1";"3";"MOURET HENRI (AV)";"43,5188400";"5,4334800"
"202000010105";"18";"8";"2020";"15:00";"1";"12";"12145";"2";"3";"1";"2";"VC POMPIDOU GEORGES";"44,0998700";"3,0733000"
"202000010106";"13";"8";"2020";"15:45";"1";"12";"12089";"1";"1";"1";"1";"BOUQUIES LIEU-DIT";"44,5838000";"2,2321400"
"202000010107";"18";"8";"2020";"08:55";"1";"06";"06088";"2";"2";"1";"1";"GIOFFREDO (R.)";"43,6845911";"7,2478867"
"202000010108";"18";"8";"2020";"13:30";"1";"06";"06029";"2";"1";"1";"3";"VERRERIE (RUE DE LA)";"43,5476100";"6,9802400"
"202000010109";"16";"8";"2020";"02:38";"4";"05";"05061";"2";"1";"1";"7";"FREDERIC MISTRAL ( COURS )";"44,5582800";"6,0744400"
"202000010110";"15";"8";"2020";"15:31";"1";"05";"05061";"2";"1";"1";"7";"LUYE ( ROUTE DE LA )";"44,5109928";"6,0640240"
"202000010111";"15";"8";"2020";"11:10";"1";"05";"05061";"1";"1";"1";"7";"Chemin de la Ruche (Gap)";"44,5501620";"6,1058280"
"202000010112";"14";"8";"2020";"16:25";"1";"05";"05061";"2";"1";"1";"4";"GEORGES POMPIDOU ( BD)";"44,5572900";"6,0809500"
"202000010113";"13";"8";"2020";"16:10";"1";"05";"05061";"2";"1";"1";"7";"VEYNES ( AVENUE DE  )";"44,5560300";"6,0656300"
"202000010114";"12";"8";"2020";"09:00";"1";"05";"05061";"2";"3";"1";"3";"VEYNES ( AVENUE DE  )";"44,5568000";"6,0639800"
"202000010115";"10";"8";"2020";"19:22";"1";"05";"05061";"2";"1";"2";"7";"FAURE DU  SERRE ( RUE )";"44,5614400";"6,0814000"
"202000010116";"8";"8";"2020";"11:45";"1";"05";"05061";"2";"1";"1";"2";"EMILE DIDIER ( AV )";"44,5666900";"6,0951700"
"202000010117";"7";"8";"2020";"14:15";"1";"05";"05061";"2";"1";"1";"7";"LUYE ( ROUTE DE LA )";"44,5232900";"6,0596000"
"202000010118";"4";"8";"2020";"07:30";"1";"05";"05061";"2";"1";"1";"7";"RN 85";"44,5964700";"6,0818200"
"202000010119";"30";"7";"2020";"10:30";"1";"05";"05061";"2";"1";"1";"3";"FRANCOIS MITTERAND (AVENUE)";"44,5438600";"6,0611600"
"202000010120";"25";"7";"2020";"08:02";"1";"05";"05061";"2";"1";"1";"2";"RN 85";"44,6144800";"6,0812700"
"202000010121";"25";"7";"2020";"01:00";"5";"05";"05061";"2";"1";"1";"6";"GUILLAUME FAREL ( AVENUE )";"44,5579400";"6,0707100"
"202000010122";"18";"8";"2020";"01:50";"3";"01";"01344";"2";"9";"1";"3";"TREVOUX (AVENUE DE)";"46,2011000";"5,2025000"
"202000010123";"18";"8";"2020";"21:15";"3";"75";"75105";"2";"2";"1";"5";"BOULEVARD DE PORT ROYAL";"48,8394700";"2,3375760"
"202000010124";"18";"8";"2020";"18:59";"1";"75";"75120";"2";"2";"1";"4";"RUE DES PYRENEES";"48,8526990";"2,4061230"
"202000010125";"18";"8";"2020";"15:01";"1";"75";"75119";"2";"2";"1";"3";"RUE DE CAMBRAI";"48,8959210";"2,3795190"
"202000010126";"17";"8";"2020";"13:00";"1";"75";"75118";"2";"7";"8";"3";"PLACE ALBERT KAHN";"48,8956400";"2,3462970"
"202000010127";"18";"8";"2020";"18:45";"1";"75";"75117";"2";"3";"1";"7";"RUE FLOREAL";"48,9004780";"2,3206870"
"202000010128";"16";"8";"2020";"14:00";"1";"75";"75116";"2";"2";"1";"3";"AVENUE DE LA GRANDE ARMEE";"48,8744240";"2,2930070"
"202000010129";"18";"8";"2020";"14:30";"1";"75";"75115";"2";"2";"1";"3";"RUE BLOMET";"48,8396520";"2,2965310"
"202000010130";"16";"8";"2020";"17:40";"1";"75";"75115";"2";"1";"2";"7";"BOULEVARD DU MONTPARNASSE";"48,8449600";"2,3205450"
"202000010131";"18";"8";"2020";"14:45";"1";"75";"75113";"2";"7";"1";"6";"RUE BOBILLOT";"48,8274940";"2,3520750"
"202000010132";"17";"8";"2020";"15:15";"1";"75";"75112";"2";"2";"1";"3";"BOULEVARD DIDEROT";"48,8476050";"2,3890700"
"202000010133";"18";"8";"2020";"21:24";"4";"75";"75111";"2";"2";"1";"3";"RUE DU CHEMIN VERT";"48,8611080";"2,3811500"
"202000010134";"18";"8";"2020";"18:00";"1";"75";"75110";"2";"2";"1";"6";"RUE GUY PATIN";"48,8836950";"2,3512490"
"202000010135";"18";"8";"2020";"18:35";"1";"75";"75107";"2";"7";"1";"3";"PLACE DE LA RESISTANCE";"48,8624510";"2,3019520"
"202000010136";"18";"8";"2020";"10:45";"1";"93";"93066";"2";"9";"1";"4";"TREMIES";"48,9223100";"2,3626800"
"202000010137";"18";"8";"2020";"07:56";"1";"93";"93077";"2";"1";"1";"3";"GRANDE RUE";"48,8827700";"2,5147300"
"202000010138";"18";"8";"2020";"09:45";"1";"93";"93053";"2";"9";"1";"3";"BOBIGNY (AVENUE DE)";"48,8933110";"2,4538402"
"202000010139";"18";"8";"2020";"13:05";"1";"93";"93048";"2";"2";"1";"6";"PRESIDENT WILSON (AVENUE DU)";"48,8556766";"2,4395844"
"202000010140";"18";"8";"2020";"10:20";"1";"93";"93031";"2";"1";"1";"3";"AV JOFFRE";"48,9613577";"2,2961281"
"202000010141";"17";"8";"2020";"11:45";"1";"93";"93027";"2";"1";"1";"3";"AV MARCEL CACHIN";"48,9269200";"2,3966900"
"202000010142";"17";"8";"2020";"23:00";"5";"92";"92022";"2";"3";"1";"3";"SALENGRO (AVENUE ROGER)";"48,8055760";"2,1842000"
"202000010143";"18";"8";"2020";"12:45";"1";"92";"92025";"2";"1";"1";"3";"STALINGRAD (AV DE)";"48,9307647";"2,2672901"
"202000010144";"15";"8";"2020";"15:00";"1";"92";"92025";"2";"2";"1";"3";"STALINGRAD (AV DE)";"48,9339160";"2,2557890"
"202000010145";"18";"8";"2020";"15:00";"1";"92";"92012";"2";"1";"1";"3";"MONTMORENCY (RUE DE)";"48,8445156";"2,2337363"
"202000010146";"18";"8";"2020";"18:00";"1";"92";"92007";"2";"1";"1";"6";"FRERES LUMIERE (RUE DES)";"48,7900920";"2,3110970"
"202000010147";"18";"8";"2020";"19:35";"1";"13";"13214";"1";"1";"1";"2";"A7-Sens Marseille vers Lyon";"43,3374790";"5,3769710"
"202000010148";"18";"8";"2020";"18:40";"1";"13";"13215";"1";"1";"1";"3";"A7-Sens Marseille vers Lyon";"43,3588450";"5,3624780"
"202000010149";"18";"8";"2020";"14:35";"1";"13";"13026";"1";"1";"1";"3";"A55-Sens Marseille vers Martigues";"43,3810520";"5,1588830"
"202000010150";"17";"8";"2020";"19:50";"1";"69";"69266";"1";"1";"1";"5";"RD383   3.750 A 7.640";"45,7751900";"4,8986700"
"202000010151";"14";"8";"2020";"15:15";"1";"54";"54232";"1";"1";"1";"4";" A 31";"48,6907100";"6,0337800"
"202000010152";"18";"8";"2020";"16:38";"1";"91";"91471";"1";"1";"1";"6";"RN 118";"48,7140000";"2,1763000"
"202000010153";"18";"8";"2020";"17:00";"1";"92";"92025";"1";"1";"1";"2";"A86";"48,9334931";"2,2533023"
"202000010154";"18";"8";"2020";"15:25";"1";"78";"78423";"1";"1";"1";"3";"A12";"48,7949370";"2,0417840"
"202000010155";"17";"8";"2020";"18:20";"1";"78";"78571";"1";"1";"8";"4";"A13";"48,8741960";"2,0239530"
"202000010156";"17";"8";"2020";"11:25";"1";"78";"78043";"1";"1";"2";"3";"A13W";"48,8463740";"2,0817200"
"202000010157";"18";"8";"2020";"17:30";"1";"93";"93066";"1";"1";"1";"4";"AUTOROUTE A1";"48,9210600";"2,3574300"
"202000010158";"18";"8";"2020";"09:45";"1";"93";"93010";"1";"1";"1";"2";"AUTOROUTE A3";"48,9015000";"2,4701100"
"202000010159";"18";"8";"2020";"10:40";"1";"93";"93010";"1";"1";"1";"5";"AUTOROUTE A3";"48,8986300";"2,4694900"
"202000010160";"17";"8";"2020";"13:40";"1";"93";"93027";"1";"1";"3";"6";"AUTOROUTE A86";"48,9285100";"2,4135900"
"202000010161";"17";"8";"2020";"17:00";"1";"95";"95500";"1";"1";"1";"4";"AUTOROUTE A15";"49,0413700";"2,0809600"
"202000010162";"17";"8";"2020";"13:10";"1";"93";"93027";"1";"1";"2";"6";"BDL";"48,9273200";"2,4034500"
"202000010163";"17";"8";"2020";"21:00";"1";"94";"94073";"1";"1";"2";"7";"A86 EXT";"48,7628607";"2,3813598"
"202000010164";"17";"8";"2020";"19:00";"1";"94";"94017";"1";"1";"1";"2";"A4";"48,8267620";"2,5125234"
"202000010165";"16";"8";"2020";"09:25";"1";"974";"97411";"2";"2";"1";"3";"LECLERC (DU MARECHAL)";" -20,8803691";"55,4573777"
"202000010166";"17";"8";"2020";"08:50";"1";"69";"69383";"2";"2";"1";"3";"LACASSAGNE                          (AV)";"45,7464000";"4,8857000"
"202000010167";"17";"8";"2020";"11:10";"1";"69";"69259";"2";"1";"1";"3";"PICARD                              (AL)";"45,7066500";"4,8650900"
"202000010168";"17";"8";"2020";"10:15";"1";"69";"69383";"2";"2";"1";"1";"LAFAYETTE                           (CO)";"45,7635500";"4,8449400"
"202000010169";"14";"8";"2020";"18:35";"1";"69";"69383";"2";"3";"1";"3";"TURBIL                              (R )";"45,7566300";"4,8683900"
"202000010170";"15";"8";"2020";"21:03";"4";"972";"97213";"1";"1";"1";"3";"AUTOROUTE A1";"14,6181530";" -61,0355100"
"202000010171";"17";"8";"2020";"17:50";"1";"69";"69149";"2";"9";"1";"7";"DUBOIS CRANCE                       (R )";"45,7116100";"4,8194000"
"202000010172";"17";"8";"2020";"14:20";"1";"69";"69389";"2";"3";"1";"3";"SERGENT MICHEL BERTHET (DU)         (R )";"45,7660300";"4,8054000"
"202000010173";"17";"8";"2020";"16:25";"1";"971";"97101";"1";"1";"1";"1";"ACHILLE RENE BOISNEUF (RUE)";"16,2658600";" -61,5099500"
"202000010174";"17";"8";"2020";"15:15";"1";"971";"97101";"1";"9";"1";"2";"COUR CHARNEAU";"16,2515645";" -61,5294510"
"202000010175";"17";"8";"2020";"11:00";"1";"95";"95018";"2";"2";"2";"6";"BARBUSSE (RUE HENRI)";"48,9402280";"2,2453060"
"202000010176";"17";"8";"2020";"13:20";"1";"91";"91174";"2";"6";"2";" -1";"JOHN KENNEDY (BOULEVARD)";"48,5805900";"2,4762410"
"202000010177";"15";"8";"2020";"09:50";"1";"91";"91552";"1";"1";"1";"6";"NATIONALE 20 (ROUTE)";"48,5968700";"2,2443900"
"202000010178";"14";"8";"2020";"05:00";"5";"91";"91103";"2";"1";"1";"6";"BABIN (RUE DU DOCTEUR)";"48,5981200";"2,2883800"
"202000010179";"14";"8";"2020";"03:50";"5";"91";"91425";"1";"6";"2";"6";"TEMPLIERS (ROUTE DES)";"48,6473800";"2,2760000"
"202000010180";"17";"8";"2020";"08:40";"1";"87";"87085";"2";"1";"1";"3";"COTY (AVENUE DU PRESIDENT RENE)";"45,8427600";"1,2308900"
"202000010181";"16";"8";"2020";"12:14";"1";"87";"87085";"2";"1";"1";"3";"POIDS-PUBLIC (PLACE DU)";"45,8284600";"1,2584700"
"202000010182";"15";"8";"2020";"11:11";"1";"87";"87085";"2";"1";"1";"6";"ABBE PIERRE (Rue)";"45,8406700";"1,1933800"
"202000010183";"14";"8";"2020";"19:38";"1";"87";"87085";"2";"3";"1";"3";"BAUDIN ( AVENUE) (VC)";"45,8259000";"1,2577400"
"202000010184";"16";"8";"2020";"07:50";"1";"86";"86194";"2";"2";"1";"3";"Rue du Pont Saint Cyprien";"46,5765460";"0,3451129"
"202000010185";"15";"8";"2020";"00:15";"3";"85";"85194";"2";"1";"1";"3";"Avenue François Mitterrand";"46,5222700";" -1,7753000"
"202000010186";"15";"8";"2020";"01:55";"5";"83";"83129";"2";"1";"1";"1";"Corniche du Cros";"43,0794210";"5,8053740"
"202000010187";"16";"8";"2020";"08:05";"1";"83";"83069";"1";"1";"1";"6";"NICE (ROUTE DE)";"43,1288100";"6,1872700"
"202000010188";"19";"7";"2020";"22:00";"1";"79";"79191";"2";"7";"1";"6";"Place Saint-Jean";"46,3213900";" -0,4644700"
"202000010189";"15";"8";"2020";"08:10";"2";"76";"76540";"2";"1";"1";"6";"CORNEILLE. PONT PIERRE";"49,4360200";"1,0957000"
"202000010190";"14";"8";"2020";"02:15";"5";"73";"73065";"2";"2";"2";"3";"D1 MOTTE SERVOLEX (AVENUE DE LA)";"45,5867800";"5,8838800"
"202000010191";"16";"8";"2020";"20:40";"2";"71";"71153";"2";"1";"2";"7";"MARECHAL FOCH (RUE)";"46,8042700";"4,4546769"
"202000010192";"17";"8";"2020";"18:30";"1";"69";"69256";"2";"9";"1";" -1";"FIORELLO MICOLINI                   (R )";"45,7762400";"4,9142300"
"202000010193";"16";"8";"2020";"20:40";"5";"67";"67482";"2";"1";"1";"1";"PERIGUEUX (RUE DE)";"48,5479876";"7,7690763"
"202000010194";"14";"8";"2020";"22:50";"5";"67";"67447";"2";"3";"1";"3";"BISCHWILLER (ROUTE DE)";"48,6039106";"7,7469226"
"202000010195";"14";"8";"2020";"19:42";"1";"66";"66136";"2";"1";"1";"2";"Départementale 914";"42,6737300";"2,8884400"
"202000010196";"16";"8";"2020";"16:10";"1";"64";"64237";"2";"3";"1";"2";"MARECHAL LECLERC DU";"43,2820100";" -0,3621400"
"202000010197";"16";"8";"2020";"16:40";"1";"64";"64122";"2";"3";"1";"7";"CRISTOBAL (RUE DE)";"43,4646654";" -1,5683064"
"202000010198";"17";"8";"2020";"08:50";"1";"64";"64140";"2";"1";"1";"1";"FOIX (AV LOUIS DE)";"43,5270916";" -1,4959517"
"202000010199";"16";"8";"2020";"04:13";"5";"64";"64024";"2";"9";"1";"6";"BIARRITZ (AVENUE DE)";"43,4810000";" -1,5338000"
"202000010200";"16";"8";"2020";"13:15";"1";"63";"63113";"2";"2";"1";"3";"JAURES (BD JEAN)";"45,7679000";"3,0841000"
"202000010201";"15";"8";"2020";"14:40";"1";"59";"59178";"2";"3";"1";"3";"GUYNEMER (RUE GEORGES)";"50,3720800";"3,0547900"
"202000010202";"14";"8";"2020";"23:05";"3";"59";"59165";"1";"1";"2";" -1";"RD 643";"50,3877900";"3,0493100"
"202000010203";"1";"8";"2020";"22:41";"5";"57";"57631";"2";"1";"1";"7";"MONTAGNE (RUE DE LA)";"49,1001987";"7,0511218"
"202000010204";"15";"8";"2020";"17:25";"1";"56";"56121";"2";"1";"1";"7";"THOREZ (RUE  MAURICE )";"47,7434000";" -3,3936300"
"202000010205";"17";"8";"2020";"18:20";"1";"51";"51454";"2";"1";"7";"1";"Rue Lanson";"49,2453387";"4,0566632"
"202000010206";"15";"8";"2020";"15:40";"1";"50";"50502";"2";"2";"1";"3";"D 972";"49,1100700";" -1,0551500"