"Num_Acc";"jour";"mois";"an";"hrmn";"lum";"dep";"com";"agg";"int";"atm";"col";"adr";"lat";"long"
"202000010207";"14";"8";"2020";"14:50";"1";"50";"50602";"1";"1";"2";"3";"FLEMING (RUE)";"49,6285500";" -1,5914400"
"202000010208";"7";"8";"2020";"22:40";"5";"49";"49328";"2";"1";"1";"7";"PETON (AVENUE DU DOCTEUR)";"47,2563100";" -0,0763900"
"202000010209";"15";"8";"2020";"14:50";"1";"49";"49267";"2";"1";"1";"6";"A87N";"47,4653600";" -0,5164900"
"202000010210";"15";"8";"2020";"19:55";"1";"49";"49007";"2";"1";"1";"6";"AUBRY FRERES";"47,4414000";" -0,5511500"
"202000010211";"16";"8";"2020";"20:00";"1";"49";"49007";"2";"1";"1";"6";"Avenue Victor Châtenay";"47,4844500";" -0,5177200"
"202000010212";"16";"8";"2020";"12:30";"1";"47";"47031";"1";"1";"1";"5";"RD17";"44,1679500";"0,6422000"
"202000010213";"17";"8";"2020";"03:45";"5";"45";"45285";"2";"1";"1";"6";"Rue Abbe de l’Epee";"47,9166510";"1,8746280"
"202000010214";"16";"8";"2020";"18:00";"1";"44";"44109";"2";"1";"1";" -1";"Rue du Pouliguen";"47,2401000";" -1,5432300"
"202000010215";"30";"12";"2020";"20:15";"5";"69";"69094";"2";"6";"5";"6";"16 Route du Col de la Luère";"45,7499220";"4,6889395"
"202000010216";"30";"12";"2020";"14:15";"1";"81";"81038";"1";"1";"1";"3";"A 68  sortie 9";"43,8769220";"1,9056990"
"202000010217";"29";"12";"2020";"17:05";"2";"79";"79184";"2";"1";"1";"2";"56 Route de Saint-maixent";"46,3670870";" -0,1166490"
"202000010218";"31";"12";"2020";"11:41";"1";"16";"16415";"1";"1";"1";"1";"Le Puy du Maine";"45,7075470";"0,0832240"
"202000010219";"15";"12";"2020";"13:30";"1";"56";"56007";"2";"6";"7";"3";"Av du Pdt J Fitzgerald Kennedy";"47,6704760";" -2,9903860"
"202000010220";"31";"12";"2020";"20:40";"3";"80";"80176";"1";"6";"1";"6";"Cd 934";"49,7104110";"2,8148600"
"202000010221";"31";"12";"2020";"10:20";"1";"80";"80090";"1";"1";"8";"2";"a1 120+300";"49,8685570";"2,8352880"
"202000010222";"30";"12";"2020";"18:45";"3";"13";"13019";"1";"1";"1";"6";"A51-Sens Marseille vers Aix en Provence";"43,4104900";"5,3641900"
"202000010223";"24";"12";"2020";"23:30";"3";"69";"69266";"1";"1";"3";"4";"RD383   3.750 A 7.640";"45,7628600";"4,9095500"
"202000010224";"30";"12";"2020";"12:20";"1";"33";"33249";"1";"1";"2";"6";"ROUTE NATIONALE 230";"44,8811610";" -0,5108580"
"202000010225";"30";"12";"2020";"04:20";"3";"91";"91645";"2";"9";"2";"6";"AUTOROUTE A86";"48,7598840";"2,2680860"
"202000010226";"30";"12";"2020";"15:25";"1";"78";"78362";"1";"1";"1";"2";"A13";"48,9759340";"1,7220710"
"202000010227";"30";"12";"2020";"02:30";"3";"78";"78043";"1";"1";"1";"6";"A12 Y";"48,8401800";"2,0929000"
"202000010228";"29";"12";"2020";"23:35";"3";"92";"92036";"1";"1";"1";"6";"A86";"48,9337136";"2,2741573"
"202000010229";"29";"12";"2020";"21:10";"3";"93";"93053";"1";"1";"9";"2";"AUTOROUTE A3";"48,8834500";"2,4584900"
"202000010230";"29";"12";"2020";"20:20";"3";"93";"93078";"1";"1";"1";"6";"AUTOROUTE A104";"48,9628500";"2,5221600"
"202000010231";"29";"12";"2020";"19:30";"3";"95";"95394";"1";"1";"2";"6";"A115";"49,0493730";"2,1817033"
"202000010232";"29";"12";"2020";"15:30";"1";"93";"93027";"1";"1";"3";"6";"AUTOROUTE A86";"48,9352200";"2,4037100"
"202000010233";"29";"12";"2020";"10:15";"1";"95";"95018";"1";"1";"1";"6";" A15";"48,9497100";"2,2802000"
"202000010234";"2";"6";"2020";"22:10";"5";"26";"26362";"2";"1";"1";"6";"Rue Denis Papin";"44,9264430";"4,8921350"
"202000010235";"29";"12";"2020";"11:05";"1";"974";"97411";"2";"1";"1";"2";"VAUBAN (BOULEVARD)";" -20,8860300";"55,4644600"
"202000010236";"29";"12";"2020";"18:41";"5";"973";"97302";"2";"3";"1";"3";"MALOUET";"4,9358820";" -52,3356116"
"202000010237";"29";"12";"2020";"19:30";"5";"972";"97209";"2";"1";"1";"6";"ADHEMAR MODOCK (BOULEVARD)";"14,6040700";" -61,0738700"
"202000010238";"28";"12";"2020";"12:10";"1";"971";"97113";"1";"1";"1";"1";"SECTION BESSON";"16,2389900";" -61,4982200"
"202000010239";"20";"12";"2020";"02:14";"5";"91";"91333";"2";"1";"1";"6";"RUE HEBERT";"48,6133300";"2,2609200"
"202000010240";"28";"12";"2020";"17:55";"5";"86";"86027";"2";"2";"1";"3";"Rue Nungesser";"46,5787680";"0,3148670"
"202000010241";"27";"12";"2020";"09:40";"1";"83";"83034";"1";"1";"1";"6";"ROUTE DE LA MOUTONNE";"43,1120000";"6,0530000"
"202000010242";"29";"12";"2020";"09:17";"1";"74";"74267";"2";"1";"2";"7";"MARQUISATS (AVENUE DES)";"45,8831100";"6,1418400"
"202000010243";"29";"12";"2020";"19:45";"5";"69";"69266";"2";"1";"1";"3";"EMILE ZOLA     (Cours)";"45,7672100";"4,8920400"
"202000010244";"29";"12";"2020";"12:45";"1";"69";"69266";"2";"2";"7";"6";"PAUL VERLAINE       (Rue)";"45,7682928";"4,8802216"
"202000010245";"28";"12";"2020";"10:50";"1";"69";"69290";"2";"4";"1";"3";"PUITS VIEUX (DU)          G.S.MAREND(R )";"45,6979700";"4,9568700"
"202000010246";"28";"12";"2020";"16:30";"1";"69";"69092";"1";"1";"1";"7";"TARARE (rue de)";"45,9842200";"4,7007800"
"202000010247";"28";"12";"2020";"15:40";"1";"66";"66136";"2";"1";"6";"6";"LECLERC (AVENUE DU GENERAL)";"42,7014700";"2,8907900"
"202000010248";"29";"12";"2020";"10:00";"1";"64";"64189";"2";"3";"1";"2";"JAURES JEAN  (AVENUE)";"43,3813818";" -1,6678890"
"202000010249";"23";"12";"2020";"07:20";"3";"62";"62528";"1";"1";"2";"3";"BETHUNE (RTE DE)";"50,4517800";"2,7866650"
"202000010250";"29";"12";"2020";"15:40";"1";"59";"59350";"2";"3";"1";"1";"RACINE RUE";"50,6256810";"3,0506770"
"202000010251";"27";"12";"2020";"21:10";"5";"59";"59345";"2";"1";"8";"6";"JAURES (RUE)";"50,3410200";"3,1667200"
"202000010252";"29";"12";"2020";"17:15";"2";"57";"57751";"2";"1";" -1";"7";"THIONVILLE (AVENUE )";"49,1361400";"6,1689670"
"202000010253";"28";"12";"2020";"17:10";"1";"56";"56121";"2";"1";"2";"3";"BLUM ( BD LEON )";"47,7477500";" -3,3754700"
"202000010254";"20";"12";"2020";"17:15";"2";"49";"49007";"2";"1";"1";"3";"Boulevard du Bon Pasteur";"47,4726700";" -0,5764900"
"202000010255";"28";"12";"2020";"17:18";"5";"45";"45234";"2";"1";"3";"6";"Rue du Faubourg Bannier";"47,9275790";"1,8962040"
"202000010256";"28";"12";"2020";"10:25";"1";"44";"44132";"2";"2";"2";"3";"Route de Guérande";"47,2785000";" -2,2959200"
"202000010257";"28";"12";"2020";"15:45";"1";"42";"42187";"2";"2";"8";"3";"Rue Jean-Jacques Rousseau";"46,0377800";"4,0566900"
"202000010258";"28";"12";"2020";"11:35";"1";"40";"40192";"2";"2";"3";"3";"THORE (CHEMIN DE)";"43,8921000";" -0,5146000"
"202000010259";"29";"12";"2020";"14:15";"1";"35";"35238";"2";"1";"2";"2";"PORTUGAL (BD DU)";"48,0835200";" -1,6617900"
"202000010260";"29";"12";"2020";"11:50";"1";"35";"35278";"1";"1";"1";"7";"PORTE DE MAUREPAS";"48,1437300";" -1,6608300"
"202000010261";"29";"12";"2020";"13:10";"1";"33";"33063";"2";"2";"2";"3";"RUE DOCTEUR ALBERT BARRAUD";"44,8459300";" -0,5849800"
"202000010262";"20";"11";"2020";"08:10";"1";"33";"33522";"2";"2";"1";"3";"RUE ROUSTAING";"44,8171600";" -0,5886200"
"202000010263";"30";"11";"2020";"19:10";"5";"30";"30007";"2";"1";"1";"7";"JUIN (AVE DU MARECHAL)";"44,1250000";"4,1078500"
"202000010264";"26";"12";"2020";"17:42";"2";"29";"29019";"2";"1";"8";"2";"Avenue Maréchal Foch";"48,3929914";" -4,4878416"
"202000010265";"2";"12";"2020";"12:25";"1";"26";"26198";"2";"1";"1";"6";"Chemin de la Nitriere";"44,5705400";"4,7505300"
"202000010266";"24";"12";"2020";"10:30";"1";"22";"22278";"2";"3";"1";"6";"BOUGLE (CELESTIN)";"48,5192066";" -2,7862197"
"202000010267";"17";"12";"2020";"18:20";"4";"22";"22360";"2";"3";"1";"6";"VERDUN (RUE DE )";"48,4892098";" -2,7362102"
"202000010268";"28";"12";"2020";"21:10";"5";"22";"22360";"2";"6";"2";"3";"MARCEL RAULT";"48,4844400";" -2,7453200"
"202000010269";"28";"12";"2020";"12:55";"1";"07";"07229";"2";"1";"1";" -1";"MONTELIMAR ( ROUTE DE )";"44,6055850";"4,4174650"
"202000010270";"29";"12";"2020";"19:00";"2";"75";"75120";"2";"1";"2";"3";"PORTE DE MONTREUIL";"48,8581330";"2,4142200"
"202000010271";"29";"12";"2020";"12:29";"1";"75";"75117";"2";"4";"1";"3";"AVENUE DE CLICHY";"48,8912580";"2,3190750"
"202000010272";"28";"12";"2020";"16:50";"3";"75";"75116";"2";"1";"3";"6";"RUE DE PASSY";"48,8581170";"2,2754040"
"202000010273";"29";"12";"2020";"19:20";"5";"75";"75112";"2";"2";"2";"6";"BOULEVARD DE BERCY";"48,8389440";"2,3881150"
"202000010274";"29";"12";"2020";"20:08";"5";"75";"75102";"2";"4";"2";"6";"RUE REAUMUR";"48,8684680";"2,3422400"
"202000010275";"29";"12";"2020";"21:30";"5";"94";"94041";"2";"1";"8";"3";"HOCHE (R)";"48,8110500";"2,3781400"
"202000010276";"29";"12";"2020";"10:00";"1";"94";"94034";"2";"3";"8";"3";"LIBERTE (AV DE LA)";"48,7610720";"2,3184220"
"202000010277";"28";"12";"2020";"18:30";"5";"94";"94011";"2";"1";"3";"6";"BICENTENAIRE.(AVENUE DU)";"48,7640000";"2,4880000"
"202000010278";"28";"12";"2020";"16:00";"1";"94";"94028";"2";"1";"3";"3";"VERDUN.(AVENUE DE)";"48,7978400";"2,4647200"
"202000010279";"28";"12";"2020";"11:30";"1";"94";"94002";"2";"9";"8";"3";"EMILE ZOLA (R)";"48,7994100";"2,4251900"
"202000010280";"29";"12";"2020";"20:45";"5";"93";"93046";"2";"1";"2";"6";"AV CAMILLE DESMOULINS";"48,9123300";"2,5223900"
"202000010281";"28";"12";"2020";"19:20";"5";"93";"93006";"2";"3";"2";" -1";"CARNOT RUE SADI";"48,8673678";"2,4182453"
"202000010282";"29";"12";"2020";"10:40";"1";"93";"93029";"2";"1";"1";"6";"SAINT-STENAY";"48,9202086";"2,4206096"
"202000010283";"29";"12";"2020";"17:15";"3";"93";"93027";"2";"1";"2";"2";"SALENGRO (AVENUE ROGER)";"48,9382700";"2,3884400"
"202000010284";"29";"12";"2020";"09:00";"1";"93";"93001";"2";"1";"1";"6";"REPUBLIQUE (AVE DE LA ) 43/106 =>";"48,9099443";"2,3858410"
"202000010285";"28";"12";"2020";"16:00";"2";"92";"92064";"2";"3";"3";"4";"18 JUIN 1940";"48,8502800";"2,2217760"
"202000010286";"26";"12";"2020";"18:35";"5";"92";"92050";"2";"3";"1";"3";"CLEMENCEAU GEORGES AVENUE N°IMPAIR";"48,8853291";"2,2243886"
"202000010287";"29";"12";"2020";"09:40";"1";"92";"92036";"2";"1";"1";"3";"ARGENTEUIL (AVENUE D')";"48,9362481";"2,2600991"
"202000010288";"29";"12";"2020";"09:50";"1";"92";"92023";"2";"1";"2";"6";"GARENNE (ROUTE DE LA)";"48,7777752";"2,2296489"
"202000010289";"28";"12";"2020";"17:40";"5";"92";"92023";"2";"1";"3";"1";"PICARDIE (RUE DE)";"48,7864435";"2,2454267"
"202000010290";"29";"12";"2020";"12:15";"1";"14";"14656";"1";"1";"7";"6";"Le Pont de la Mousse";"48,9519300";" -0,5021950"
"202000010291";"22";"12";"2020";"15:35";"1";"01";"01248";"1";"1";"1";"6";"D1083";"45,9024310";"4,9341090"
"202000010292";"29";"12";"2020";"16:45";"1";"41";"41271";"1";"1";"1";"6";"l'auvergne - RD 13";"47,5061280";"1,6779040"
"202000010293";"29";"12";"2020";"10:45";"1";"81";"81311";"2";"1";"2";"2";"RD 612";"43,7282684";"2,1908658"
"202000010294";"30";"12";"2020";"06:30";"2";"972";"97201";"2";"1";"1";"1";"quartier sencé";"14,8299260";" -61,1076580"
"202000010295";"30";"12";"2020";"14:25";"1";"12";"12073";"1";"1";"1";"7";"Comps-la-Grand-Ville";"44,2218910";"2,5651790"
"202000010296";"30";"12";"2020";"10:30";"1";"83";"83048";"2";"1";"1";"1";"Boulevard Saint Raphael";"43,2060200";"6,5654900"
"202000010297";"30";"12";"2020";"08:00";"4";"72";"72200";"2";"1";"8";"6";"85 Boulevard des Avocats";"47,8945430";"0,1946030"
"202000010298";"30";"12";"2020";"09:30";"1";"51";"51439";"1";"1";"1";"1";"D20A";"49,3484278";"4,1442436"
"202000010299";"30";"12";"2020";"10:30";"1";"79";"79103";"1";"1";"9";"6";"N/A";"46,7608040";" -0,5706330"
"202000010300";"29";"12";"2020";"15:20";"1";"80";"80167";"1";"1";"2";"7";"D928";"50,1954265";"1,8795766"
"202000010301";"29";"12";"2020";"12:00";"1";"11";"11434";"2";"2";"2";"3";"route de villespy";"43,2815950";"2,0856210"
"202000010302";"29";"12";"2020";"10:30";"1";"89";"89311";"1";"2";"8";"3";"Croisement D4 et D48";"47,7838360";"3,3923510"
"202000010303";"28";"12";"2020";"13:59";"1";"86";"86082";"1";"1";"4";"5";"N10";"46,2860650";"0,1750090"
"202000010304";"29";"12";"2020";"15:30";"1";"34";"34074";"1";"1";"1";"7";"D14";"43,4615170";"3,0248450"
"202000010305";"29";"12";"2020";"15:30";"1";"44";"44151";"1";"3";"2";"4";"D247";"47,3259670";" -2,3377170"
"202000010306";"29";"12";"2020";"10:30";"1";"44";"44182";"1";"1";"1";"6";"Lieu-dit Le Jardinet - RD78";"47,1923010";" -2,1067360"
"202000010307";"22";"12";"2020";"14:15";"1";"15";"15215";"1";"1";"1";"3";"Route Départementale 17";"44,9684110";"2,5003120"
"202000010308";"30";"12";"2020";"11:40";"1";"24";"24564";"1";"1";"1";"6";"Les Sions";"45,2016950";"0,3036690"
"202000010309";"30";"12";"2020";"06:00";"3";"24";"24098";"1";"1";"8";"6";"Route d'Agonac";"45,2114690";"0,7014080"
"202000010310";"30";"12";"2020";"15:30";"1";"27";"27520";"1";"1";"2";"6";"D38";"49,2345850";"0,6119940"
"202000010311";"30";"12";"2020";"08:45";"1";"17";"17465";"1";"1";"9";"1";"D739";"45,9629790";" -0,5549600"
"202000010312";"30";"12";"2020";"18:15";"3";"03";"03311";"1";"1";"1";"2";"A71";"46,1549141";"3,1206536"
"202000010313";"30";"12";"2020";"00:45";"3";"44";"44094";"1";"1";"1";"6";"AUTOROUTE A 11 PK.333+000";"47,3289045";" -1,4019392"
"202000010314";"29";"12";"2020";"12:20";"1";"57";"57630";"1";"1";"1";"6";"N4, PR 017+700 SARREBOURG";"48,7150840";"7,0418930"
"202000010315";"30";"12";"2020";"09:50";"1";"38";"38191";"2";"1";"1";"6";"Avenue des Jardins";"45,0808600";"6,0587600"
"202000010316";"29";"12";"2020";"13:35";"1";"34";"34240";"1";"1";"1";"3";"A9 PK 090+900";"43,6426659";"3,9750150"
"202000010317";"29";"12";"2020";"15:50";"1";"69";"69013";"1";"1";"1";" -1";"A6";"46,0008670";"4,7345500"
"202000010318";"30";"12";"2020";"06:00";"3";"91";"91587";"1";"1";"2";"4";"N 20";"48,6867180";"2,2861220"
"202000010319";"27";"12";"2020";"17:00";"2";"2A";"2A247";"2";"1";"9";"7";"rue denis de rocca serra";"41,5875390";"9,2825970"
"202000010320";"29";"12";"2020";"15:30";"1";"73";"73075";"1";"1";"2";"6";"D925b";"45,4429290";"6,0578540"
"202000010321";"30";"12";"2020";"18:10";"3";"27";"27684";"1";"1";"1";"4";"Rn 13";"49,0153670";"1,1887120"
"202000010322";"29";"12";"2020";"07:30";"2";"62";"62560";"2";"1";"1";"6";"24 Rue du Cimetière";"50,8094600";"1,7122320"
"202000010323";"29";"12";"2020";"09:10";"1";"62";"62089";"1";"1";"1";"6";"D191e1";"50,8248880";"1,6629720"
"202000010324";"28";"12";"2020";"15:16";"1";"13";"13055";"2";"1";"1";"6";"A507 sens Aubagne- Marseille";"43,2939186";"5,4246202"
"202000010325";"12";"12";"2020";"22:40";"5";"69";"69256";"1";"1";"1";" -1";"A42     0.560 A 4.020";"45,7978600";"4,9289000"
"202000010326";"29";"12";"2020";"00:10";"3";"01";"01275";"1";"1";"1";"6";"A42 4.020 A 4.329   LYON/GEN";"45,8086979";"4,9312252"
"202000010327";"29";"12";"2020";"07:35";"2";"91";"91340";"1";"1";"1";"7";"RN 104";"48,6090000";"2,4359000"
"202000010328";"28";"12";"2020";"16:30";"2";"91";"91339";"1";"4";"3";"3";"RN 104";"48,6280700";"2,2577900"
"202000010329";"29";"12";"2020";"02:20";"3";"92";"92036";"1";"1";"1";"6";"A86";"48,9357600";"2,2624000"
"202000010330";"28";"12";"2020";"23:25";"3";"78";"78672";"1";"1";"2";"2";"A13";"48,9297000";"1,9841000"
"202000010331";"28";"12";"2020";"23:35";"3";"78";"78233";"1";"1";"2";"6";"A13";"48,8827750";"2,0148200"
"202000010332";"29";"12";"2020";"12:15";"1";"95";"95256";"1";"1";"2";"3";"AUTOROUTE A115";"49,0453900";"2,1859900"
"202000010333";"29";"12";"2020";"09:30";"1";"95";"95582";"1";"1";"1";"6";"RD 170";"48,9634333";"2,2664750"
"202000010334";"29";"12";"2020";"09:00";"1";"95";"95582";"1";"1";"1";"2";" A115";"48,9736200";"2,2451900"
"202000010335";"28";"12";"2020";"10:30";"1";"92";"92036";"1";"1";"2";"6";"AUTOROUTE A15";"48,9380181";"2,2940383"
"202000010336";"28";"12";"2020";"10:15";"1";"93";"93078";"1";"1";"1";"2";"AUTOROUTE A104";"48,9656900";"2,5168400"
"202000010337";"28";"12";"2020";"06:50";"3";"93";"93027";"1";"1";"2";"5";"AUTOROUTE A86";"48,9282900";"2,4122000"
"202000010338";"28";"12";"2020";"06:15";"3";"93";"93078";"1";"1";"1";"6";"AUTOROUTE A104";"48,9656900";"2,5168400"
"202000010339";"27";"12";"2020";"22:40";"4";"93";"93027";"1";"1";"1";"2";"AUTOROUTE A86";"48,9286200";"2,4140700"
"202000010340";"29";"12";"2020";"22:15";"3";"77";"77121";"1";"1";"1";"7";"A104";"48,8340800";"2,6655800"
"202000010341";"29";"12";"2020";"16:20";"1";"77";"77121";"1";"1";"3";" -1";"A4";"48,8319630";"2,6729180"
"202000010342";"23";"11";"2020";"13:00";"1";"47";"47201";"2";"6";"1";"6";"Giratoire de Beauregard";"44,1698460";"0,6088400"
"202000010343";"13";"3";"2020";"11:50";"1";"47";"47031";"2";"6";"1";"6";"Avenue Lacapellette";"44,1787530";"0,6301260"
"202000010344";"29";"12";"2020";"02:30";"5";"988";"98818";"2";"1";"1";"6";"RUE JACQUES NATUREL";" -22,2482700";"166,4672000"
"202000010345";"26";"12";"2020";"21:00";"3";"988";"98818";"2";"1";"1";"6";"COOK (AVENUE JAMES)";" -22,2623000";"166,3967000"
"202000010346";"28";"12";"2020";"13:05";"1";"973";"97302";"2";"1";"1";"3";"RABAN (ROUTE DE)";"4,9180548";" -52,3127731"
"202000010347";"28";"12";"2020";"13:50";"1";"69";"69199";"2";"2";"1";"3";"PIERRE SEMARD                       (BD)";"45,6945400";"4,8441600"
"202000010348";"28";"12";"2020";"12:24";"1";"972";"97213";"2";"1";"1";"1";"BELEME (VOIE COMMUNAL N°7 DE)";"14,6471100";" -61,0104100"
"202000010349";"28";"12";"2020";"11:00";"1";"972";"97213";"2";"1";"1";"2";"AUTOROUTE A1";"14,6185235";" -61,0206091"
"202000010350";"26";"12";"2020";"16:14";"1";"2A";"2A004";"2";"6";"1";"5";"MEZZAVIA ROUTE DE";"41,9452600";"8,7586400"
"202000010351";"21";"12";"2020";"19:20";"4";"91";"91103";"2";"5";"2";"3";"RUE DES PRES D'AULNAY";"48,6125330";"2,2781680"
"202000010352";"19";"12";"2020";"17:45";"5";"91";"91103";"2";"1";"1";"3";"RUE DU COLONEL HUSSENOT";"48,6022400";"2,3074100"
"202000010353";"18";"12";"2020";"12:18";"1";"91";"91570";"2";"1";"1";"6";"BRETIGNY (AVENUE)";"48,6271000";"2,2909900"
"202000010354";"28";"12";"2020";"17:10";"5";"91";"91471";"2";"1";"2";"3";"DUBREUIL (BOULEVARD)";"48,6960000";"2,1765300"
"202000010355";"28";"12";"2020";"08:25";"2";"91";"91377";"2";"9";"2";"6";"AV DU M DE LATTRE DE TASSIGNY";"48,7155500";"2,2975100"
"202000010356";"28";"12";"2020";"17:30";"5";"91";"91514";"2";"1";"2";"6";"RUE DE LA MARNIERE";"48,6839400";"2,5368300"
"202000010357";"26";"12";"2020";"06:32";"5";"87";"87085";"2";"1";"1";"7";"RUCHOUX (AVENUE DES)";"45,8340400";"1,2472200"
"202000010358";"24";"12";"2020";"15:53";"1";"87";"87085";"2";"1";"2";"3";"GARIBALDI (AVENUE)";"45,8369900";"1,2598800"
"202000010359";"26";"12";"2020";"10:35";"1";"86";"86158";"2";"1";"1";"6";"Route de Chardonchamp";"46,6180070";"0,3156110"
"202000010360";"27";"12";"2020";"23:20";"3";"82";"82121";"1";"1";"2";"6";"A20 sortie 64 Paris Toulouse";"43,9953000";"1,3522500"
"202000010361";"28";"12";"2020";"13:05";"1";"71";"71270";"1";"1";"8";"1";"JULIENAS (ROUTE DE)";"46,2785426";"4,7906540"
"202000010362";"24";"12";"2020";"23:15";"4";"67";"67482";"2";"3";"2";"6";"NEUHOF (ROUTE)";"48,5461500";"7,7655600"
"202000010363";"24";"12";"2020";"17:05";"5";"67";"67267";"2";"1";"2";"6";"MARECHAL FOCH (RUE DU)";"48,5598610";"7,6914906"
"202000010364";"18";"12";"2020";"16:35";"1";"64";"64483";"2";"1";"1";"6";"SALLAGOITY GARRA (RUE)";"43,3875700";" -1,6588400"
"202000010365";"24";"12";"2020";"14:15";"1";"63";"63113";"2";"3";"2";"6";"CLEMENTEL (BD ETIENNE)";"45,8130900";"3,1093100"
"202000010366";"26";"12";"2020";"10:40";"1";"60";"60159";"2";"1";"1";"6";"N/A";"49,4185400";"2,8248400"
"202000010367";"27";"12";"2020";"19:30";"5";"59";"59350";"2";"3";"1";"6";"FAUBOURG DE ROUBAIX RUE";"50,6422900";"3,0887400"
"202000010368";"25";"12";"2020";"01:04";"4";"57";"57757";"2";"1";"1";"6";"JAURES (RUE JEAN)";"49,3564700";"6,1823300"
"202000010369";"26";"12";"2020";"18:10";"5";"56";"56107";"2";"6";"2";"6";"Kermélo";"47,7268600";" -3,3837600"
"202000010370";"23";"12";"2020";"15:10";"1";"55";"55545";"2";"1";"3";"7";"METZ ( AVENUE DE )";"49,1482400";"5,4020100"
"202000010371";"21";"12";"2020";"17:00";"1";"54";"54580";"2";"3";"1";"6";"83 avenue de la libération";"49,4557200";"5,9241200"
"202000010372";"28";"12";"2020";"17:36";"2";"49";"49267";"2";"1";"1";"3";"A87N";"47,4666200";" -0,5161000"
"202000010373";"24";"12";"2020";"15:40";"1";"44";"44184";"1";"1";"1";"2";"RD 213";"47,2891200";" -2,2415800"
"202000010374";"26";"12";"2020";"14:13";"1";"44";"44184";"2";"1";"2";"2";"CRAN NEUF";"47,2868100";" -2,2509600"
"202000010375";"30";"11";"2020";"14:55";"1";"42";"42123";"2";"1";"1";"2";"Plaine de Grezieux";"45,5184357";"4,5939317"
"202000010376";"28";"12";"2020";"19:30";"5";"37";"37122";"2";"3";"2";"3";"SAINT LEGER (RUE DE)";"47,3406421";"0,6484173"
"202000010377";"28";"12";"2020";"15:00";"1";"37";"37122";"1";"1";"3";"5";"N/A";"47,3422441";"0,6475586"
"202000010378";"28";"12";"2020";"13:10";"1";"34";"34172";"2";"2";"1";" -1";"SOULAS (AVENUE DU PERE";"43,6208300";"3,8576100"
"202000010379";"28";"12";"2020";"21:15";"5";"33";"33063";"2";"2";"2";"3";"AVE DU MAL DE LATTRE DE TASSIGNY CAUD.";"44,8553070";" -0,6140470"
"202000010380";"27";"12";"2020";"20:00";"5";"31";"31555";"2";"1";"1";"3";"EISENHOWER (AVENUE DU GENERAL)";"43,5600200";"1,3948900"
"202000010381";"26";"12";"2020";"18:15";"5";"31";"31555";"2";"1";"1";"2";"BD DE STRASBOURG";"43,6077000";"1,4465100"
"202000010382";"28";"12";"2020";"04:20";"3";"27";"27681";"1";"1";"1";"7";"GISORS (ROUTE DE)";"49,1182600";"1,4953100"
"202000010383";"23";"12";"2020";"19:00";"3";"22";"22278";"1";"1";"1";"2";"RN12";"48,5086600";" -2,7376500"
"202000010384";"28";"12";"2020";"09:30";"1";"14";"14118";"2";"1";"2";"6";"COURSEULLES (AVENUE DE)";"49,2051300";" -0,3758500"
"202000010385";"28";"12";"2020";"10:45";"1";"13";"13028";"2";"1";"2";"6";"ALLENDE (AVENUE SALVATORE )";"43,1844000";"5,6050000"
"202000010386";"6";"12";"2020";"19:25";"5";"11";"11262";"2";"1";"1";"2";"MISTRAL (BOULEVARD FREDERIC)";"43,1898400";"3,0057400"
"202000010387";"8";"12";"2020";"18:15";"2";"11";"11262";"2";"9";"1";"6";"INDEPENDANCE (RUE DE L')";"43,1887000";"3,0088700"
"202000010388";"23";"12";"2020";"18:25";"5";"11";"11262";"2";"3";"1";"7";"FERROUL (BOULEVARD DU DOCTEUR)";"43,1803417";"3,0041881"
"202000010389";"23";"12";"2020";"12:10";"1";"11";"11262";"2";"1";"1";"2";"PYRENEES (PLACE ET AVENUE)";"43,1822400";"2,9947930"
"202000010390";"24";"12";"2020";"15:30";"1";"07";"07102";"1";"1";"1";"6";"TOULAUD (CHEMIN DE)";"44,9229010";"4,8522880"
"202000010391";"28";"12";"2020";"18:24";"5";"06";"06088";"2";"3";"1";"3";"CORNICHE FLEURIE (AV. DE LA)";"43,6896400";"7,2060600"
"202000010392";"27";"12";"2020";"17:00";"5";"06";"06029";"2";"1";"1";"3";"BACHAGA SAID BOUALAM (AVENUE)";"43,5539700";"7,0229500"
"202000010393";"19";"12";"2020";"11:00";"1";"06";"06030";"2";"1";"2";"6";"DOUMER (BOULEVARD PAUL)";"43,5693000";"7,0108000"
"202000010394";"28";"12";"2020";"18:20";"5";"75";"75120";"2";"1";"2";"6";"RUE D AVRON";"48,8521400";"2,4029680"
"202000010395";"28";"12";"2020";"10:45";"1";"75";"75120";"2";"1";"1";"3";"BOULEVARD PERIPHERIQUE INTERIEUR NORD  ";"48,8659620";"2,4125920"
"202000010396";"28";"12";"2020";"19:10";"5";"75";"75117";"2";"1";"2";"7";"BOULEVARD GOUVION SAINT CYR";"48,8842390";"2,2892460"
"202000010397";"28";"12";"2020";"14:15";"1";"75";"75116";"2";"1";"2";"2";"RUE PERGOLESE";"48,8749370";"2,2837010"
"202000010398";"28";"12";"2020";"08:30";"1";"75";"75116";"2";"2";"2";"2";"AVENUE MARCEAU";"48,8685320";"2,2989040"
"202000010399";"28";"12";"2020";"10:10";"1";"75";"75115";"2";"3";"8";"7";"RUE DE VAUGIRARD";"48,8408880";"2,3058880"