"Num_Acc";"jour";"mois";"an";"hrmn";"lum";"dep";"com";"agg";"int";"atm";"col";"adr";"lat";"long"
"202000010400";"28";"12";"2020";"10:45";"1";"75";"75113";"2";"7";"1";"6";"RUE ESQUIROL";"48,8358610";"2,3598560"
"202000010401";"28";"12";"2020";"19:30";"5";"75";"75108";"2";"2";"2";"6";"AVENUE FRANKLIN D ROOSEVELT";"48,8682940";"2,3101650"
"202000010402";"28";"12";"2020";"20:10";"5";"75";"75104";"2";"3";"2";"6";"QUAI DES CELESTINS";"48,8529050";"2,3589840"
"202000010403";"28";"12";"2020";"17:25";"5";"94";"94067";"2";"1";"3";"6";"GENERAL DE GAULLE (AV DU)";"48,8451548";"2,4175769"
"202000010404";"27";"12";"2020";"20:50";"5";"94";"94019";"2";"3";"2";"2";"LIBERATION (RTE DE LA)";"48,8006300";"2,5422700"
"202000010405";"28";"12";"2020";"12:50";"1";"94";"94017";"2";"1";"1";"3";"ROGER SALENGRO (AV)";"48,8199600";"2,4830900"
"202000010406";"28";"12";"2020";"12:00";"1";"93";"93051";"2";"1";"2";"6";"CHAMPY (GRANDE ALLEE)";"48,8442451";"2,5784034"
"202000010407";"24";"11";"2020";"08:10";"2";"16";"16090";"1";"1";"1";"3";"lieu-Dit Le Bois Perdu";"45,5786420";" -0,0592880"
"202000010408";"14";"8";"2020";"19:00";"1";"72";"72058";"1";"6";"1";"2";"Intersection D323/D304";"47,9735480";"0,2454760"
"202000010409";"24";"11";"2020";"05:30";"3";"15";"15259";"1";"1";"1";"6";"Autoroute   A75";"45,1441220";"3,1432060"
"202000010410";"24";"11";"2020";"11:05";"1";"91";"91573";"2";"1";"1";"6";"Rue du Vieux Marché";"48,6156590";"2,4866570"
"202000010411";"23";"11";"2020";"17:40";"5";"61";"61464";"2";"1";"1";"6";"Avenue du 8 mai 1945";"48,5977700";"0,1708350"
"202000010412";"21";"11";"2020";"09:00";"1";"44";"44223";"1";"3";"1";"3";"Route de l'Hommeau";"47,0653280";" -1,5082380"
"202000010413";"19";"11";"2020";"12:30";"1";"44";"44003";"2";"1";"1";"2";"Rue de l'Hermitage";"47,3903220";" -1,1802810"
"202000010414";"23";"11";"2020";"18:30";"3";"29";"29024";"1";"2";"1";"3";"Lieu-dit Tronjoly";"48,2594130";" -3,5855070"
"202000010415";"24";"11";"2020";"17:00";"2";"38";"38144";"1";"1";"1";"1";"D36";"45,5868340";"5,0672940"
"202000010416";"24";"11";"2020";"06:20";"3";"38";"38399";"1";"2";"1";"1";"Chemin de Verjutiere";"45,5071290";"5,1508820"
"202000010417";"23";"11";"2020";"06:40";"2";"38";"38042";"1";"2";"1";"3";"Chemin de Pollardière";"45,3903510";"5,3714240"
"202000010418";"24";"11";"2020";"13:16";"1";"10";"10164";"2";"1";"1";"7";"9 Rue de l'Eglise";"48,4827148";"3,6721641"
"202000010419";"23";"11";"2020";"17:05";"2";"16";"16350";"1";"3";"1";"2";"Lieu-dit La Petite Garenne";"45,3124650";"0,2637360"
"202000010420";"23";"11";"2020";"20:30";"3";"77";"77295";"1";"1";"1";"6";"Autoroute A5 pk 008.400 sens Paris vers Province";"48,5766500";"2,7446210"
"202000010421";"24";"11";"2020";"15:30";"1";"13";"13044";"1";"9";"1";"1";"départementale 68";"43,6132660";"5,0476880"
"202000010422";"23";"11";"2020";"07:30";"1";"69";"69244";"2";"1";"1";"6";"92 Avenue Charles de Gaulle";"45,7621795";"4,7793590"
"202000010423";"23";"11";"2020";"11:00";"1";"74";"74081";"2";"2";"1";"6";"4 Rue Joseph Nicollet";"46,0592960";"6,5787720"
"202000010424";"24";"11";"2020";"02:20";"3";"974";"97415";"1";"1";"1";"6";"Rue du Boucan Canot";" -21,0310640";"55,2251060"
"202000010425";"19";"11";"2020";"19:00";"5";"971";"97128";"1";"1";"1";"6";"Chemin de Louisiane";"16,2614510";" -61,3970090"
"202000010426";"20";"11";"2020";"12:15";"1";"972";"97224";"2";"1";"1";"6";"Route de Saint Joseph";"14,6563420";" -61,0424530"
"202000010427";"24";"11";"2020";"19:05";"3";"77";"77329";"1";"1";"1";"6";"D58";"48,2414240";"2,8095390"
"202000010428";"24";"11";"2020";"13:10";"1";"66";"66210";"2";"2";"1";"3";"Avenue Louis Noguères";"42,6297530";"2,7526220"
"202000010429";"24";"11";"2020";"08:45";"1";"83";"83119";"1";"1";"1";"3";"Route des Plages";"43,2532853";"6,6405772"
"202000010430";"13";"11";"2020";"17:30";"5";"67";"67286";"2";"1";"1";"6";"309 Rue Principale";"48,4481537";"7,5387533"
"202000010431";"24";"11";"2020";"17:15";"3";"38";"38562";"1";"1";"1";"6";"D5";"45,0911600";"5,7787440"
"202000010432";"21";"10";"2020";"15:30";"1";"26";"26084";"1";"3";"3";"1";"Route d'Alixan";"45,0108230";"4,9538420"
"202000010433";"22";"11";"2020";"19:30";"3";"33";"33425";"1";"1";"1";"3";"D137";"45,0562810";" -0,4774280"
"202000010434";"23";"11";"2020";"16:15";"1";"62";"62865";"2";"2";"8";"6";"Rue Chilperic 1er";"50,3275700";"2,9769030"
"202000010435";"23";"11";"2020";"14:15";"1";"13";"13216";"1";"1";"1";"3";"A55-Sens Marseille vers Martigues";"43,3663000";"5,3317900"
"202000010436";"10";"11";"2020";"06:40";"3";"59";"59569";"1";"1";"1";"6";"AUTOROUTE A21";"50,3811570";"3,1390170"
"202000010437";"19";"11";"2020";"16:30";"1";"62";"62193";"1";"1";"1";"6";"AUTOROUTE A16";"50,9413780";"1,8251900"
"202000010438";"23";"11";"2020";"10:45";"1";"92";"92063";"1";"1";"8";"6";"A86";"48,8902705";"2,1712620"
"202000010439";"23";"11";"2020";"06:50";"3";"78";"78007";"1";"1";"3";"4";"A13 Y";"48,8950710";"2,0074540"
"202000010440";"22";"11";"2020";"19:50";"5";"95";"95582";"1";"1";"1";"2";" A15";"48,9759700";"2,2388700"
"202000010441";"20";"11";"2020";"17:00";"1";"988";"98818";"2";"1";"1";"3";"VE1";" -22,2239700";"166,4736700"
"202000010442";"22";"11";"2020";"06:30";"1";"973";"97302";"1";"6";"1";"7";"MARINGOUINS (ROND-POINT)";"4,9021233";" -52,3129374"
"202000010443";"22";"11";"2020";"02:56";"5";"69";"69383";"2";"2";"1";"3";"GAMBETTA                            (CO)";"45,7562200";"4,8403100"
"202000010444";"22";"11";"2020";"03:10";"5";"972";"97213";"1";"1";"9";"2";"AUTOROUTE A1";"14,6185400";" -61,0221000"
"202000010445";"21";"11";"2020";"19:10";"5";"91";"91432";"2";"2";"1";"3";"AV BLAISE PASCAL";"48,6967400";"2,3327700"
"202000010446";"20";"11";"2020";"12:35";"1";"78";"78440";"2";"1";"1";"6";"ALBERT THOMAS (RUE)";"48,9864310";"1,9209260"
"202000010447";"22";"11";"2020";"13:56";"1";"59";"59360";"2";"1";"2";"1";"FOCH RUE DU MARECHAL";"50,6145100";"3,0092600"
"202000010448";"22";"11";"2020";"17:00";"1";"35";"35238";"2";"3";"1";"6";"NOEL (YVES)";"48,0890600";" -1,6772700"
"202000010449";"22";"11";"2020";"01:30";"5";"27";"27229";"2";"2";"1";"3";"NORMANDIE (BOULEVARD DE)";"49,0185570";"1,1424987"
"202000010450";"21";"11";"2020";"08:30";"1";"25";"25056";"2";"2";"1";"1";"Chemin des Verjoulots";"47,2426390";"6,0465280"
"202000010451";"21";"11";"2020";"17:10";"2";"13";"13117";"2";"3";"1";"3";"SALYENS ( AVENUE DES )";"43,4440000";"5,2516900"
"202000010452";"22";"11";"2020";"19:15";"3";"13";"13206";"2";"3";"1";"2";"NOTRE DAME (BOULEVARD)";"43,2899619";"5,3725658"
"202000010453";"21";"11";"2020";"09:50";"1";"13";"13208";"2";"6";"1";"3";"LOUIS BONNEFON (PLACE)";"43,2537830";"5,3844580"
"202000010454";"21";"11";"2020";"11:20";"1";"06";"06123";"2";"1";"1";"1";"MOATTI PASSAGE";"43,6617100";"7,1936100"
"202000010455";"22";"11";"2020";"13:30";"1";"75";"75112";"2";"2";"1";"3";"AVENUE LEDRU ROLLIN";"48,8480000";"2,3714240"
"202000010456";"21";"11";"2020";"17:57";"2";"75";"75120";"2";"1";"1";"6";"RUE DES RASSELINS";"48,8553070";"2,4080640"
"202000010457";"22";"11";"2020";"21:45";"5";"75";"75118";"2";"1";"1";"2";"AVENUE DE CLICHY";"48,8840100";"2,3272070"
"202000010458";"22";"11";"2020";"00:26";"5";"75";"75118";"2";"4";"1";"3";"AVENUE DE LA PORTE DE CLIGNANCOURT";"48,9006900";"2,3442390"
"202000010459";"22";"11";"2020";"21:40";"5";"75";"75117";"2";"5";"1";"3";"AVENUE DE SAINT OUEN";"48,8930120";"2,3274330"
"202000010460";"22";"11";"2020";"13:00";"1";"75";"75110";"2";"3";"1";"3";"QUAI DE VALMY";"48,8792400";"2,3667350"
"202000010461";"21";"11";"2020";"23:35";"5";"75";"75109";"2";"2";"1";"7";"BOULEVARD DE ROCHECHOUART";"48,8819190";"2,3396940"
"202000010462";"22";"11";"2020";"17:05";"2";"75";"75101";"2";"3";"1";"1";"QUAI FRANCOIS MITTERRAND";"48,8590110";"2,3398730"
"202000010463";"21";"11";"2020";"13:35";"1";"94";"94042";"2";"7";"1";"6";"GENERAL GALLIENI - PONT DE JOINVILLE (AV";"48,8201820";"2,4674240"
"202000010464";"22";"11";"2020";"17:55";"5";"94";"94059";"2";"9";"1";"3";"LA MARECHALE (RES)";"48,8126200";"2,5743400"
"202000010465";"22";"11";"2020";"17:50";"5";"94";"94053";"2";"2";"1";"6";"GRANDE RUE PIERRE MENDES-FRANCE - PL JEA";"48,7756100";"2,5486000"
"202000010466";"21";"11";"2020";"23:50";"5";"93";"93057";"2";"3";"1";"3";"THOMAS (AV. ALBERT)";"48,8995900";"2,4986900"
"202000010467";"21";"11";"2020";"13:45";"1";"92";"92073";"2";"1";"1";"6";"KELLOGG (RUE)";"48,8630536";"2,2012554"
"202000010468";"23";"11";"2020";"07:40";"2";"44";"44180";"2";"1";"1";"1";"44 Rue de la Ville Jolie";"47,5197870";" -1,1924350"
"202000010469";"18";"11";"2020";"16:40";"1";"08";"08239";"1";"1";"1";"1";"D985";"49,3895800";"4,3801550"
"202000010470";"22";"11";"2020";"16:30";"1";"76";"76122";"1";"1";"2";"6";"Autoroute A28 - PK 44+800";"49,8252000";"1,5216000"
"202000010471";"23";"11";"2020";"13:50";"1";"44";"44137";"1";"2";"1";"3";"la croix meignen";"47,3815850";" -2,0259050"
"202000010472";"22";"11";"2020";"18:00";"5";"62";"62162";"2";"1";"2";"2";"35 Rue Principale";"50,5701110";"2,4359500"
"202000010473";"23";"11";"2020";"07:05";"2";"31";"31157";"2";"1";"1";"6";"Avenue du Comminges";"43,5317650";"1,3564040"
"202000010474";"22";"11";"2020";"00:30";"5";"63";"63195";"2";"1";"2";"6";"Route de Billom";"45,8180220";"3,3769710"
"202000010475";"23";"11";"2020";"11:00";"1";"61";"61508";"1";"1";"1";"6";"Banque";"48,9367090";"0,2275590"
"202000010476";"22";"11";"2020";"10:40";"1";"49";"49125";"1";"1";"1";"7";"d960";"47,1655880";" -0,3801440"
"202000010477";"16";"11";"2020";"08:35";"1";"31";"31193";"1";"4";"1";"3";"D8";"43,2742683";"1,0568762"
"202000010478";"23";"11";"2020";"05:35";"5";"02";"02173";"2";"1";"1";"6";"22 Rue Ernest Renan";"49,6203360";"3,2180570"
"202000010479";"23";"11";"2020";"06:48";"2";"01";"01246";"1";"1";"5";"1";"Route de Macon";"46,2617510";"5,0275650"
"202000010480";"22";"11";"2020";"16:30";"1";"07";"07216";"1";"1";"1";"1";"D533";"44,9613970";"4,6492120"
"202000010481";"23";"11";"2020";"17:50";"3";"27";"27210";"1";"2";"1";"3";"D133";"49,1146600";"0,8499100"
"202000010482";"22";"11";"2020";"03:15";"3";"37";"37143";"1";"1";"1";"6";"La Croix";"47,1301411";"0,7807692"
"202000010483";"23";"11";"2020";"11:30";"1";"48";"48138";"1";"6";"1";"6";"Le Romardies";"44,4967960";"3,2634330"
"202000010484";"21";"11";"2020";"19:58";"5";"48";"48051";"2";"1";"1";"7";"Route Nationale 106";"44,2455410";"3,9209930"
"202000010485";"20";"11";"2020";"08:15";"1";"13";"13051";"1";"2";"1";"3";"D10";"43,5464800";"5,1486770"
"202000010486";"22";"11";"2020";"16:50";"5";"78";"78571";"2";"1";"1";"1";"21 Avenue des Platanes";"48,8582720";"2,0219110"
"202000010487";"23";"11";"2020";"20:00";"3";"68";"68309";"1";"1";"1";"2";"A35";"47,6616930";"7,4825910"
"202000010488";"19";"11";"2020";"16:20";"1";"976";"97601";"1";"1";"1";"5";"D1";" -12,7298100";"45,0599100"
"202000010489";"9";"11";"2020";"14:00";"1";"34";"34166";"1";"9";"1";"6";"A9";"43,3559990";"3,3383200"
"202000010490";"11";"8";"2020";"01:30";"3";"34";"34101";"1";"1";"1";" -1";"A9";"43,3919010";"3,4621200"
"202000010491";"20";"11";"2020";"21:20";"3";"987";"98712";"2";"6";"1";"7";"rond point de l'OPT";" -17,5429770";" -149,5036460"
"202000010492";"22";"11";"2020";"19:07";"3";"34";"34123";"2";"3";"1";"6";"D5e5";"43,6314445";"3,7651509"
"202000010493";"22";"11";"2020";"00:30";"3";"974";"97420";"2";"1";"1";"6";"Rue du Pere Fayet";" -20,9292910";"55,5771570"
"202000010494";"23";"11";"2020";"05:15";"3";"973";"97304";"1";"1";"1";"7";"PK 79 RN1";"5,1521540";" -52,8696440"
"202000010495";"6";"11";"2020";"17:20";"1";"971";"97118";"1";"1";"1";"3";"Route de Viard";"16,1667440";" -61,5875800"
"202000010496";"18";"11";"2020";"18:05";"3";"971";"97118";"1";"9";"1";"6";"RN1 - CD33";"16,1978200";" -61,6059420"
"202000010497";"20";"10";"2020";"07:30";"1";"30";"30156";"1";"6";"1";"2";"Super U (Supermarché)";"43,8661370";"4,4439000"
"202000010498";"22";"11";"2020";"19:05";"3";"54";"54063";"1";"1";"1";"6";"D904";"48,8402890";"5,8413150"
"202000010499";"23";"11";"2020";"14:42";"1";"69";"69273";"2";"4";"1";"3";"8 Avenue Gabriel Péri";"45,6796950";"4,9213390"
"202000010500";"23";"11";"2020";"07:00";"5";"69";"69204";"2";"6";"1";"1";"Rue des Sources";"45,6954187";"4,8201846"
"202000010501";"23";"11";"2020";"11:10";"1";"81";"81215";"1";"3";"1";"1";"Route de Lavaur";"43,7619710";"1,8817570"
"202000010502";"23";"11";"2020";"08:45";"1";"33";"33238";"2";"1";"1";"3";"Cours du Maréchal Leclerc";"44,7311180";" -0,6002090"
"202000010503";"20";"11";"2020";"19:00";"3";"14";"14554";"1";"1";"1";"2";"RN 158";"49,0744910";" -0,2980470"
"202000010504";"22";"11";"2020";"15:25";"1";"60";"60251";"1";"1";"1";"7";"D938";"49,4600736";"2,2214512"
"202000010505";"22";"11";"2020";"09:15";"1";"91";"91136";"1";"1";"1";"3";"AUTOROUTE A10";"48,7161000";"2,2666300"
"202000010506";"22";"11";"2020";"01:40";"3";"91";"91347";"1";"1";"1";"6";"RN 104";"48,6246000";"2,3011500"
"202000010507";"21";"11";"2020";"20:50";"3";"91";"91174";"1";"1";"1";"2";"RN 104";"48,6197000";"2,4593000"
"202000010508";"22";"11";"2020";"16:20";"1";"92";"92064";"1";"1";"8";"2";"N118";"48,8273768";"2,2246216"
"202000010509";"21";"11";"2020";"13:50";"1";"92";"92050";"1";"1";"1";"6";"A86";"48,9028000";"2,2045400"
"202000010510";"23";"7";"2020";"12:20";"1";"67";"67482";"1";"1";"1";"7";"N.4 Contournement Sud";"48,5725689";"7,7297694"
"202000010511";"17";"7";"2020";"08:02";"1";"67";"67218";"1";"1";"1";"3";"Autoroute A.35";"48,5318900";"7,6964000"
"202000010512";"24";"6";"2020";"18:10";"1";"67";"67482";"1";"1";"1";"5";"A351";"48,5872649";"7,7126089"
"202000010513";"19";"1";"2020";"20:45";"5";"74";"74012";"2";"1";"1";"6";"GENEVE (RUE DE)";"46,1930120";"6,2266850"
"202000010514";"12";"6";"2020";"08:00";"1";"33";"33349";"2";"2";"1";"3";"Lieu Dit le Joucla";"44,7438200";" -0,4857700"
"202000010515";"21";"11";"2020";"23:32";"5";"974";"97416";"2";"1";"1";"6";"Rue Jules Hermann";" -21,3235500";"55,4813300"
"202000010516";"20";"11";"2020";"21:30";"5";"974";"97407";"2";"2";"1";"3";"CARPAYE(AVENUE)";" -20,9455600";"55,2982900"
"202000010517";"20";"11";"2020";"22:10";"5";"973";"97302";"2";"2";"8";"2";"TROUBIRAN (CHEMIN DE)";"4,9269200";" -52,3034800"
"202000010518";"21";"11";"2020";"21:20";"5";"69";"69388";"2";"2";"1";"5";"JOSEPH CHAPELLE                     (R )";"45,7344227";"4,8661146"
"202000010519";"21";"11";"2020";"11:35";"1";"69";"69259";"2";"1";"1";"6";"Boulevard Irène Joliot Curie";"45,7164800";"4,8765200"
"202000010520";"21";"11";"2020";"06:10";"1";"972";"97209";"1";"1";"1";"7";"RN9";"14,6154000";" -61,0409000"
"202000010521";"20";"11";"2020";"11:20";"1";"69";"69381";"2";"2";"1";"3";"REPUBLIQUE (DE LA)                  (R )";"45,7661000";"4,8359500"
"202000010522";"21";"11";"2020";"19:00";"5";"971";"97120";"2";"2";"1";"3";"COMMANDANT MORTENOL (RUE DU)";"16,2399900";" -61,5319700"
"202000010523";"21";"11";"2020";"21:55";"5";"2A";"2A004";"2";"1";"1";"6";"1ER CONSUL AVENUE";"41,9075993";"8,6792978"
"202000010524";"21";"11";"2020";"22:00";"5";"83";"83069";"2";"2";"1";"3";"LYAUTEY (AVENUE)";"43,1191677";"6,1310831"
"202000010525";"21";"11";"2020";"18:10";"2";"81";"81004";"2";"3";"1";"3";"TEYSSIER (AV DU COLONEL)";"43,9216000";"2,1663900"
"202000010526";"20";"11";"2020";"23:30";"5";"77";"77518";"1";"6";"1";"1";"DEPARTEMENTALE 372";"48,5056160";"2,6071500"
"202000010527";"20";"11";"2020";"08:15";"1";"76";"76212";"2";"3";"1";"6";"RN 31 (BOULEVARD DE LA PAIX)";"49,4379800";"1,1474000"
"202000010528";"21";"11";"2020";"17:24";"2";"69";"69275";"2";"1";"1";"6";"JEAN JAURES                         (AV)";"45,7709800";"4,9624900"
"202000010529";"21";"11";"2020";"11:42";"1";"69";"69266";"2";"2";"1";"3";"NORD      (Rue du)";"45,7638100";"4,8831800"
"202000010530";"20";"11";"2020";"19:00";"5";"59";"59512";"2";"1";"1";"7";"VERDUN (AVENUE DE)";"50,6835800";"3,2021500"
"202000010531";"21";"11";"2020";"14:27";"1";"57";"57119";"2";"6";"7";"3";"DESSIRIER";"48,7369400";"7,0768100"
"202000010532";"21";"11";"2020";"10:45";"1";"54";"54395";"2";"3";"1";"3";"PHALSBOURG (RUE DE)";"48,6835517";"6,1812150"
"202000010533";"21";"11";"2020";"22:30";"3";"44";"44162";"1";"1";"1";"2";"PERIPHERIQUE";"47,2502900";" -1,6206700"
"202000010534";"20";"11";"2020";"08:30";"1";"37";"37261";"2";"3";"1";"3";"SUEDE (RUE DE)";"47,4348047";"0,6906161"
"202000010535";"21";"11";"2020";"16:50";"2";"35";"35238";"2";"1";"1";"6";"LE HO (JEAN)";"48,1055600";" -1,7245600"
"202000010536";"20";"11";"2020";"17:05";"2";"34";"34172";"2";"3";"1";"1";"TOULOUSE (AVENUE DE";"43,6002400";"3,8673750"
"202000010537";"20";"11";"2020";"14:55";"1";"33";"33249";"2";"1";"1";"1";"QUAI ELISABETH DUPEYRON";"44,8734000";" -0,5370100"
"202000010538";"21";"11";"2020";"09:30";"1";"25";"25462";"2";"6";"1";"3";"MORTEAU DE (DU 0 AU 30)";"46,9058900";"6,3575000"
"202000010539";"20";"11";"2020";"17:40";"5";"13";"13056";"2";"1";"1";"3";"ROUTE DE SAINT PIERRE";"43,3982000";"5,0518600"
"202000010540";"21";"11";"2020";"00:15";"5";"13";"13214";"2";"1";"1";"1";"MORETTI (BOULEVARD)";"43,3257500";"5,3790200"
"202000010541";"20";"11";"2020";"18:29";"5";"13";"13201";"2";"2";"1";"3";"GRANDE ARMEE (RUE DE LA)";"43,3002900";"5,3841500"
"202000010542";"22";"11";"2020";"00:05";"5";"06";"06088";"2";"2";"1";"3";"HEROLD (R.)";"43,7020000";"7,2590230"
"202000010543";"21";"11";"2020";"20:30";"5";"06";"06088";"1";"1";"1";"3";"STE MARGUERITE (AV.) A PARTIR DU 62-63)";"43,6998200";"7,1988300"
"202000010544";"21";"11";"2020";"15:15";"1";"06";"06088";"2";"1";"1";"3";"JOLY (CORNICHE ANDRE DE)";"43,7051900";"7,3005300"
"202000010545";"21";"11";"2020";"15:25";"1";"06";"06088";"2";"4";"1";"3";"ROQUEBILLIERE (R. DE)";"43,7069500";"7,2857700"
"202000010546";"20";"11";"2020";"18:50";"5";"06";"06069";"1";"1";"1";"2";"SAINT FRANCOIS (PLACE ET ROUTE)";"43,6473310";"6,8947940"
"202000010547";"20";"11";"2020";"08:45";"1";"75";"75119";"2";"1";"1";"2";"BOULEVARD PERIPHERIQUE";"48,8900100";"2,3960560"
"202000010548";"20";"11";"2020";"23:07";"5";"75";"75111";"2";"2";"1";"3";"BOULEVARD VOLTAIRE";"48,8637740";"2,3701020"
"202000010549";"21";"11";"2020";"14:00";"1";"75";"75118";"2";"1";"1";"6";"BOULEVARD ORNANO";"48,8966390";"2,3454430"
"202000010550";"21";"11";"2020";"19:45";"5";"75";"75117";"2";"3";"1";"2";"BOULEVARD DE COURCELLES";"48,8788570";"2,3017570"
"202000010551";"21";"11";"2020";"20:20";"5";"75";"75115";"2";"1";"1";"2";"RUE DE VOUILLE";"48,8349090";"2,3045710"
"202000010552";"21";"11";"2020";"16:25";"1";"75";"75115";"2";"1";"1";"6";"RUE JULES SIMON";"48,8409290";"2,2921680"
"202000010553";"21";"11";"2020";"19:40";"5";"75";"75111";"2";"2";"1";"6";"RUE SAINT MAUR";"48,8694650";"2,3739310"
"202000010554";"20";"11";"2020";"20:18";"5";"75";"75111";"2";"1";"1";"6";"AVENUE LEDRU ROLLIN";"48,8528450";"2,3770180"
"202000010555";"20";"11";"2020";"18:20";"5";"75";"75108";"2";"3";"1";"6";"BOULEVARD DE LA MADELEINE";"48,8695580";"2,3257820"
"202000010556";"21";"11";"2020";"14:50";"1";"75";"75117";"2";"4";"1";"3";"AVENUE DE VILLIERS";"48,8844360";"2,3012580"
"202000010557";"21";"11";"2020";"17:15";"2";"75";"75101";"2";"3";"1";"6";"RUE DE RIVOLI";"48,8653200";"2,3273200"
"202000010558";"21";"11";"2020";"16:35";"2";"75";"75101";"2";"2";"1";"7";"RUE DE RIVOLI";"48,8637280";"2,3322400"
"202000010559";"21";"11";"2020";"14:30";"1";"94";"94081";"2";"1";"1";"2";"PRESIDENT SALVADOR ALLENDE (AV DU)";"48,7957400";"2,4098100"
"202000010560";"21";"11";"2020";"13:00";"1";"94";"94078";"2";"1";"1";"3";"EMILE ZOLA (R)";"48,7354230";"2,4501410"
"202000010561";"21";"11";"2020";"18:25";"5";"94";"94046";"2";"1";"1";"3";"87 R CARNOT";"48,8050220";"2,4410190"
"202000010562";"21";"11";"2020";"13:26";"1";"94";"94041";"2";"1";"1";"2";"JEAN LE GALLEU (R)";"48,8120400";"2,3786800"
"202000010563";"20";"11";"2020";"20:20";"5";"94";"94022";"2";"1";"1";"3";"Avenue Jean Jaurès";"48,7652380";"2,4081270"
"202000010564";"21";"11";"2020";"14:40";"1";"94";"94019";"2";"3";"7";"1";"SUCY (R DE)";"48,7876300";"2,5207200"
"202000010565";"20";"11";"2020";"19:45";"5";"92";"92078";"2";"1";"1";"3";"RENIERS (AVENUE CHEMIN)";"48,9330110";"2,3219630"
"202000010566";"21";"11";"2020";"19:13";"5";"92";"92044";"2";"2";"1";"3";"BAUDIN (RUE) 27A83 ET 36 A84";"48,8986700";"2,2868200"
"202000010567";"21";"11";"2020";"18:10";"5";"92";"92040";"2";"7";"1";"3";"MARECHAL JUIN (PLACE)";"48,8252300";"2,2677800"
"202000010568";"21";"11";"2020";"16:07";"1";"92";"92007";"2";"1";"1";"6";"VAILLANT-COUTURIER (AVENU PAUL)";"48,7907302";"2,3146820"
"202000010569";"21";"11";"2020";"18:15";"1";"974";"97415";"2";"1";"1";"7";"Rue Jean Albany";" -21,0701320";"55,2673780"
"202000010570";"22";"11";"2020";"14:50";"1";"31";"31467";"2";"1";"1";"6";"D14c";"43,6889890";"1,4049790"
"202000010571";"21";"11";"2020";"18:25";"5";"37";"37010";"1";"9";"1";"4";"autoroute A10 sortie 18";"47,5467964";"0,9875707"
"202000010572";"21";"11";"2020";"16:00";"1";"83";"83120";"2";"1";"1";"1";"Rue du Lion";"43,3853950";"5,7071930"
"202000010573";"21";"11";"2020";"15:20";"1";"51";"51610";"2";"4";"7";"3";"D63";"49,0653788";"4,9055710"
"202000010574";"21";"11";"2020";"18:10";"3";"79";"79005";"1";"9";"1";"7";"N/A";"46,8338180";" -0,1695800"
"202000010575";"22";"11";"2020";"07:00";"2";"49";"49167";"1";"1";"5";"6";"D 748";"47,3943110";" -0,5040410"
"202000010576";"19";"11";"2020";"16:10";"1";"68";"68349";"2";"1";"8";"3";"20 rue des Alliés";"47,6095160";"7,5632850"
"202000010577";"21";"11";"2020";"17:30";"2";"68";"68195";"1";"1";"1";"2";"RN66";"47,7680790";"7,2485410"
"202000010578";"22";"11";"2020";"11:45";"1";"39";"39489";"1";"2";"1";"3";"N/A";"46,8441920";"5,6515810"
"202000010579";"22";"11";"2020";"06:00";"3";"03";"03205";"1";"1";"1";"6";"Moulin Vicaire";"46,2266432";"3,5766428"
"202000010580";"20";"11";"2020";"10:05";"1";"58";"58131";"2";"1";"1";"6";"Grande Rue";"47,0847200";"3,1927940"
"202000010581";"20";"11";"2020";"07:45";"1";"14";"14682";"1";"1";"1";"1";"D675";"49,2986580";"0,2210120"
"202000010582";"22";"11";"2020";"12:30";"1";"14";"14143";"1";"1";"1";"6";"Les Anglais (livry) (Livry)";"49,1423730";" -0,7549240"
"202000010583";"21";"11";"2020";"17:00";"1";"50";"50129";"1";"1";"1";"7";"Chemin des Clos";"49,6304930";" -1,5365040"
"202000010584";"21";"11";"2020";"20:00";"1";"36";"36018";"2";"2";"1";"2";"15 Rue Jules Ferry";"46,6339980";"1,0674410"
"202000010585";"21";"11";"2020";"17:00";"1";"40";"40255";"2";"1";"1";"7";"Route de Jouambet";"43,8945490";" -0,3618890"
"202000010586";"20";"11";"2020";"20:15";"3";"06";"06155";"1";"1";"1";"6";"A8 PK 170.400 voie nord";"43,6033760";"7,0620200"
"202000010587";"21";"11";"2020";"15:45";"1";"83";"83052";"1";"1";"1";"6";"D561";"43,5936170";"5,8611740"
"202000010588";"22";"11";"2020";"14:20";"1";"73";"73181";"1";"1";"7";"6";"D85, route de Hautecourt";"45,4888418";"6,5409137"
"202000010589";"21";"11";"2020";"16:20";"1";"17";"17429";"1";"2";"1";"3";"D238E1 ";"45,9121010";" -0,9840650"
"202000010590";"20";"11";"2020";"16:15";"1";"49";"49023";"2";"4";"1";"6";"Rue d'Anjou (Villedieu-la-Blouère)";"47,1513063";" -1,0598035"
"202000010591";"21";"11";"2020";"20:07";"3";"56";"56023";"1";"1";"1";"2";"Pont Christ";"47,7363400";" -3,0166170"
"202000010592";"20";"11";"2020";"18:00";"3";"29";"29087";"1";"3";"1";"3";"D765 - Menez Merdy";"48,0473319";" -4,2674088"