"Num_Acc";"jour";"mois";"an";"hrmn";"lum";"dep";"com";"agg";"int";"atm";"col";"adr";"lat";"long"
"202000010593";"20";"11";"2020";"20:25";"3";"13";"13015";"1";"1";"1";"2";"A51-Sens Marseille vers Aix en Provence";"43,4354700";"5,3959500"
"202000010594";"20";"11";"2020";"08:50";"1";"13";"13215";"1";"1";"1";"2";"A55-Sens Martigues vers Marseille";"43,3313600";"5,3541300"
"202000010595";"20";"11";"2020";"22:10";"3";"91";"91182";"1";"1";"1";" -1";"AUTOROUTE A6";"48,6290900";"2,4117400"
"202000010596";"20";"11";"2020";"20:00";"3";"91";"91235";"1";"1";"1";"4";"RN 104";"48,6306900";"2,3612200"
"202000010597";"21";"11";"2020";"17:50";"5";"92";"92025";"1";"1";"1";"6";"A86";"48,9333400";"2,2523700"
"202000010598";"20";"11";"2020";"21:30";"3";"78";"78043";"1";"1";"1";"2";"A12 Y";"48,8278230";"2,0781540"
"202000010599";"14";"5";"2020";"15:50";"1";"91";"91097";"2";"1";"1";"2";"JEAN MOULIN (AVENUE)";"48,6785000";"2,5276000"
"202000010600";"13";"5";"2020";"13:31";"1";"87";"87085";"2";"3";"2";"6";"PORT DU NAVEIX (RUE DU)";"45,8332000";"1,2753200"
"202000010601";"20";"4";"2020";"17:10";"1";"78";"78126";"2";"1";"1";"6";"SAUT DU LOUP (AVENUE DU)";"48,8390660";"2,1293880"
"202000010602";"14";"5";"2020";"03:15";"5";"77";"77139";"2";"9";"1";"6";"VAN WYNGENE (RUE CHARLES)";"48,9111300";"2,6036000"
"202000010603";"11";"5";"2020";"23:54";"5";"67";"67482";"2";"1";"1";"6";"9 Place de Haguenau";"48,5943250";"7,7429860"
"202000010604";"11";"5";"2020";"16:30";"1";"67";"67447";"2";"1";"2";"2";"PIERRE MENDES FRANCE (AVENUE)";"48,6042445";"7,7581699"
"202000010605";"13";"5";"2020";"21:00";"2";"64";"64445";"2";"3";"1";"3";"COUETTES DES";"43,3242300";" -0,3632900"
"202000010606";"11";"5";"2020";"16:20";"1";"64";"64335";"2";"1";"2";"6";"SANTOS-DUMONT";"43,3215900";" -0,4235600"
"202000010607";"12";"5";"2020";"15:30";"1";"63";"63164";"1";"1";"3";"2";"Route départementale 210";"45,8211640";"3,1554861"
"202000010608";"13";"5";"2020";"13:05";"1";"63";"63113";"2";"1";"2";"6";"GUYNEMER (RUE)";"45,7802870";"3,1082544"
"202000010609";"13";"5";"2020";"11:38";"1";"63";"63113";"2";"4";"1";"2";"rue Anatole France /vertaizon";"45,7769980";"3,1014459"
"202000010610";"13";"5";"2020";"07:00";"1";"60";"60057";"2";"9";"1";"1";"SALVATOR ALLENDE (AVENUE)";"49,4404500";"2,1064600"
"202000010611";"14";"5";"2020";"15:30";"1";"59";"59350";"2";"2";"1";"3";"EPINETTE RUE DE L";"50,6169000";"3,0240400"
"202000010612";"14";"5";"2020";"09:50";"1";"56";"56260";"2";"4";"7";"6";"TANNERIE(RUE DE LA)";"47,6582800";" -2,7501600"
"202000010613";"13";"5";"2020";"18:30";"1";"56";"56121";"2";"3";"1";"2";"DREYFUS (RUE  ALFRED )";"47,7479100";" -3,3897900"
"202000010614";"13";"5";"2020";"15:45";"1";"56";"56098";"2";"2";"1";"1";"SEMBAT (RUE MARCEL)";"47,7651600";" -3,3453500"
"202000010615";"12";"5";"2020";"12:20";"1";"52";"52121";"2";"1";"1";"6";"VERDUN (RUE DE)";"48,1105700";"5,1383800"
"202000010616";"14";"5";"2020";"09:40";"1";"45";"45234";"1";"1";"1";"3";"D2060G - PR94+350";"47,9238700";"1,9414600"
"202000010617";"13";"5";"2020";"17:00";"1";"44";"44162";"2";"6";"1";"3";"Boulevard du Massacre";"47,2317865";" -1,5925070"
"202000010618";"12";"5";"2020";"19:00";"1";"44";"44109";"2";"1";"1";"1";"Boulevard Robert Schuman";"47,2457417";" -1,5765142"
"202000010619";"14";"5";"2020";"10:50";"1";"35";"35051";"2";"1";"1";"2";"RIGOURDIERE (RUE DE LA)";"48,1159130";" -1,5846270"
"202000010620";"14";"5";"2020";"18:35";"1";"34";"34172";"2";"1";"2";"7";"JEU DE PAUME (BOULEVARD DU)";"43,6085700";"3,8730400"
"202000010621";"12";"5";"2020";"12:28";"1";"34";"34172";"2";"1";"1";" -1";"COURREAU FAUBOURG DU";"43,6085070";"3,8694670"
"202000010622";"14";"5";"2020";"16:30";"1";"33";"33069";"2";"7";"1";"3";"277 Boulevard Godard / PCE RAVEZIES";"44,8658200";" -0,5761500"
"202000010623";"14";"5";"2020";"15:02";"1";"29";"29039";"2";"1";"1";"2";"Rue Ernest Renan";"47,8744342";" -3,9265345"
"202000010624";"14";"5";"2020";"02:20";"5";"13";"13201";"2";"1";"1";"6";"LIEUTAUD (COURS)      2 A 52";"43,2960800";"5,3815200"
"202000010625";"14";"5";"2020";"09:45";"1";"13";"13005";"1";"1";"1";" -1";"RN 96 (ROUTE NATIONALE )";"43,3235900";"5,5902000"
"202000010626";"2";"5";"2020";"17:50";"1";"11";"11262";"2";"1";"1";"3";"ROUX (RUE DU DOCTEUR)";"43,1900700";"2,9853000"
"202000010627";"13";"5";"2020";"18:04";"2";"10";"10297";"2";"1";"1";"1";"TIRVERTS (RUE)";"48,3128600";"4,0846100"
"202000010628";"14";"5";"2020";"15:15";"1";"06";"06069";"1";"1";"1";"7";"NAPOLEON (ROUTE)";"43,6702300";"6,9119500"
"202000010629";"12";"5";"2020";"11:25";"1";"04";"04070";"2";"1";"1";"7";"Pont Beau de Rochas";"44,0892800";"6,2296800"
"202000010630";"14";"5";"2020";"15:40";"1";"75";"75112";"2";"1";"1";"2";"BOULEVARD PERIPHERIQUE";"48,8368700";"2,4124010"
"202000010631";"14";"5";"2020";"09:45";"1";"75";"75120";"2";"4";"1";"3";"BOULEVARD PERIPHERIQUE";"48,8613410";"2,4137390"
"202000010632";"14";"5";"2020";"19:20";"1";"75";"75119";"2";"4";"1";"6";"QUAI DE LA SEINE";"48,8880250";"2,3772190"
"202000010633";"13";"5";"2020";"18:10";"1";"75";"75116";"2";"1";"1";"3";"ALLEE DE LA REINE MARGUERITE";"48,8562530";"2,2433540"
"202000010634";"14";"5";"2020";"21:25";"1";"75";"75114";"2";"3";"1";" -1";"RUE JACQUIER";"48,8292540";"2,3192100"
"202000010635";"14";"5";"2020";"13:04";"1";"75";"75111";"2";"2";"1";" -1";"BOULEVARD DE CHARONNE";"48,8564740";"2,3942150"
"202000010636";"14";"5";"2020";"15:45";"1";"75";"75109";"2";"2";"1";"3";"BOULEVARD DES ITALIENS";"48,8709690";"2,3341590"
"202000010637";"14";"5";"2020";"17:25";"1";"75";"75108";"2";"2";"1";"3";"BOULEVARD HAUSSMANN";"48,8750360";"2,3091920"
"202000010638";"14";"5";"2020";"07:05";"1";"75";"75107";"2";"1";"1";"2";"PONT DE LA CONCORDE";"48,8632780";"2,3195240"
"202000010639";"14";"5";"2020";"17:40";"1";"75";"75101";"2";"2";"1";"3";"RUE DE RIVOLI";"48,8637270";"2,3322390"
"202000010640";"14";"5";"2020";"20:00";"1";"94";"94058";"2";"9";"1";"3";"LEDRU ROLLIN (AV)";"48,8384755";"2,4949704"
"202000010641";"14";"5";"2020";"13:50";"1";"94";"94052";"2";"9";"1";"6";"CHARLES DE GAULLE (GRAND RUE)";"48,8360000";"2,4790000"
"202000010642";"14";"5";"2020";"15:18";"1";"94";"94076";"2";"1";"1";" -1";"LOUIS ARAGON (AV)";"48,7885500";"2,3713000"
"202000010643";"14";"5";"2020";"14:00";"1";"94";"94028";"2";"1";"1";"2";"Avenue du Maréchal Foch";"48,7812800";"2,4376111"
"202000010644";"14";"5";"2020";"17:50";"1";"94";"94079";"2";"2";"1";"3";"PIERRE DOBOEUF ET MICHEL LAFONT (R)";"48,8321920";"2,5449510"
"202000010645";"13";"5";"2020";"21:30";"5";"93";"93070";"2";"9";"1";"3";"CHARLES SCHMIDT(RUE) : APRES 49";"48,9025000";"2,3343000"
"202000010646";"14";"5";"2020";"22:00";"5";"93";"93053";"2";"1";"1";"6";"ROSNY (AVENUE DE) N° 56 A 242";"48,9036123";"2,4706561"
"202000010647";"14";"5";"2020";"09:20";"1";"93";"93079";"2";"1";"1";"2";"SAINT LEU (ROUTE)";"48,9504933";"2,3403915"
"202000010648";"13";"5";"2020";"13:53";"1";"93";"93007";"2";"1";"1";"6";"MATHILDE EMILIE (AVENUE)";"48,9226470";"2,4706450"
"202000010649";"14";"5";"2020";"13:45";"1";"92";"92046";"2";"1";"1";"2";"CAMELINAT";"48,8121116";"2,2996339"
"202000010650";"14";"5";"2020";"10:00";"1";"92";"92051";"2";"1";"1";"2";"CHARLES DE GAULLE (AVENUE, N° 18 A 116)";"48,8790219";"2,2787404"
"202000010651";"14";"5";"2020";"15:45";"1";"92";"92025";"2";"1";"1";"3";"ILE MARANTE(PARC LAGRAVERE) (PARC)";"48,9253530";"2,2383960"
"202000010652";"13";"5";"2020";"20:30";"1";"92";"92004";"2";"3";"1";"3";"GRANDE RUE CHARLES DE GAULLE";"48,9060510";"2,2865470"
"202000010653";"12";"5";"2020";"18:00";"1";"35";"35168";"1";"1";"1";"3";"La Basse Bouessiere";"47,9367989";" -1,9969659"
"202000010654";"11";"5";"2020";"09:45";"1";"86";"86203";"1";"1";"2";"1";"D8";"46,2907610";"0,6381350"
"202000010655";"14";"5";"2020";"18:30";"1";"37";"37169";"1";"1";"1";"7";"Le Chatellier";"47,6066569";"0,9263086"
"202000010656";"13";"5";"2020";"10:44";"1";"38";"38349";"1";"2";"2";"3";"D4";"45,3394550";"4,7806730"
"202000010657";"15";"5";"2020";"16:20";"1";"83";"83019";"2";"1";"1";"6";"Route du Baguier";"43,1517980";"6,3434350"
"202000010658";"15";"5";"2020";"15:45";"1";"27";"27179";"2";"3";"1";"2";"D834";"49,1320370";"0,5771580"
"202000010659";"13";"5";"2020";"11:40";"1";"76";"76046";"1";"2";"1";"1";"N/A";"49,4399890";"1,2944980"
"202000010660";"14";"5";"2020";"11:30";"1";"63";"63072";"1";"1";"1";"7";"Lieu Dit le Pas du Pire";"45,8779490";"3,6823585"
"202000010661";"14";"5";"2020";"18:20";"1";"49";"49109";"1";"3";"1";"1";"Grande Nouzilliere";"47,1081840";" -0,6406400"
"202000010662";"13";"5";"2020";"15:50";"1";"46";"46187";"1";"1";"1";"1";"RD 4";"44,4588340";"1,0247970"
"202000010663";"15";"5";"2020";"09:18";"1";"39";"39449";"1";"3";"8";"3";"N/A";"47,1531210";"5,4871180"
"202000010664";"15";"5";"2020";"18:00";"1";"29";"29031";"1";"1";"1";"6";"Lieu Dit Petit Kernenez";"47,8115705";" -3,5599334"
"202000010665";"15";"5";"2020";"17:06";"1";"02";"02750";"2";"1";"1";"7";"Rue du Mai";"49,5217780";"3,2351620"
"202000010666";"14";"5";"2020";"09:10";"1";"54";"54567";"1";"1";"1";"1";"Rue du Mont";"48,4584230";"6,3377700"
"202000010667";"15";"5";"2020";"15:45";"1";"60";"60471";"2";"1";"1";"6";"Boulevard du Mont Saint-siméon";"49,5836945";"3,0191126"
"202000010668";"14";"5";"2020";"15:00";"1";"10";"10035";"1";"1";"1";"6";"D396";"48,2009890";"4,7633290"
"202000010669";"14";"5";"2020";"15:00";"1";"16";"16065";"1";"1";"1";"6";"N/A";"46,0393990";"0,7782700"
"202000010670";"14";"5";"2020";"06:00";"2";"27";"27192";"1";"2";"1";"3";"D39";"49,1328350";"0,9388800"
"202000010671";"15";"5";"2020";"15:00";"1";"28";"28422";"1";"3";"7";"1";"D137";"48,2787730";"1,5768810"
"202000010672";"12";"5";"2020";"10:00";"1";"17";"17022";"1";"2";"1";"3";"D150";"45,8998270";" -0,5229230"
"202000010673";"14";"5";"2020";"19:05";"1";"17";"17309";"1";"1";"1";"1";"Sicard";"45,1695160";" -0,0214900"
"202000010674";"10";"2";"2020";"16:00";"1";"38";"38253";"2";"1";"1";"6";"Route de Champame";"45,0156500";"6,1274900"
"202000010675";"15";"5";"2020";"07:45";"1";"988";"98807";"1";"1";"1";"6";"ROUTE DE WERAP";" -20,7002830";"164,9441390"
"202000010676";"14";"5";"2020";"20:15";"3";"971";"97117";"1";"1";"1";"1";"Route de Boisvin";"16,3067100";" -61,3492230"
"202000010677";"14";"5";"2020";"15:00";"1";"971";"97118";"1";"1";"1";"6";"Route Nationale 1";"16,1944788";" -61,6353921"
"202000010678";"15";"5";"2020";"17:10";"1";"83";"83030";"2";"1";"1";"3";"44 Chemin de Saint Marc";"43,3805360";"6,0980130"
"202000010679";"15";"5";"2020";"15:45";"1";"13";"13049";"1";"1";"1";"5";"D538";"43,7152050";"5,0900870"
"202000010680";"14";"5";"2020";"08:15";"1";"21";"21209";"2";"6";"1";"3";"Rond point du 16 mars 1962";"47,3377350";"5,1544290"
"202000010681";"15";"5";"2020";"16:29";"1";"68";"68226";"2";"3";"1";"3";"Rue de la République";"48,0392090";"7,1407810"
"202000010682";"14";"5";"2020";"16:49";"1";"01";"01160";"2";"3";"1";"3";"Avenue Voltaire";"46,2569670";"6,1102810"
"202000010683";"15";"5";"2020";"17:15";"1";"69";"69206";"1";"9";"1";"3";"Route de Champgravier";"46,0494616";"4,6952513"
"202000010684";"14";"5";"2020";"19:05";"1";"69";"69094";"1";"1";"8";"2";"Route de Marcy";"45,7597121";"4,6969448"
"202000010685";"15";"5";"2020";"17:00";"1";"60";"60409";"1";"1";"7";"2";"D62";"49,3027750";"2,4700680"
"202000010686";"14";"5";"2020";"15:10";"1";"91";"91589";"1";"1";"1";"5";"AUTOROUTE A6";"48,6739800";"2,3427200"
"202000010687";"14";"5";"2020";"12:30";"1";"91";"91645";"1";"1";"1";"7";"RN 385 Extèrieure";"48,7592000";"2,2670000"
"202000010688";"13";"5";"2020";"11:15";"1";"93";"93007";"1";"1";"1";"2";"AUTOROUTE A3";"48,9358900";"2,4805200"
"202000010689";"5";"3";"2020";"16:35";"1";"17";"17300";"2";"1";"1";"6";"BILLAUD-VARENNE   AVENUE";"46,1515800";" -1,1221600"
"202000010690";"26";"2";"2020";"19:45";"5";"17";"17300";"2";"3";"1";"3";"NORMANDIN   RUE EMILE";"46,1412000";" -1,1379500"
"202000010691";"20";"1";"2020";"05:15";"5";"11";"11262";"2";"1";"1";"6";"BERGERIE (CHEMIN DE LA)";"43,1670300";"2,9778500"
"202000010692";"13";"5";"2020";"14:50";"1";"69";"69387";"1";"1";"8";"2";"CHALLEMEL LACOUR                    (R )";"45,7298800";"4,8400200"
"202000010693";"13";"5";"2020";"13:30";"1";"69";"69259";"2";"2";"8";"2";"NOVY JICIN                          (BD)";"45,6923900";"4,8986800"
"202000010694";"11";"5";"2020";"03:35";"5";"69";"69389";"2";"1";"2";"7";"MARIETTON                           (R )";"45,7763966";"4,7962960"
"202000010695";"13";"5";"2020";"13:55";"1";"69";"69034";"2";"1";"1";" -1";"CURIE                               (R )";"45,7923000";"4,8412600"
"202000010696";"12";"5";"2020";"15:30";"1";"91";"91223";"2";"1";"1";"6";"COMTE (RUE AU)";"48,4326000";"2,1642000"
"202000010697";"30";"4";"2020";"22:12";"5";"87";"87085";"2";"1";"1";"6";"ARCADES (BOULEVARD DES)";"45,8519000";"1,2633400"
"202000010698";"13";"5";"2020";"09:29";"1";"87";"87085";"2";"3";"2";"6";"THOMAS (AVENUE ALBERT)";"45,8398000";"1,2348100"
"202000010699";"13";"5";"2020";"23:20";"5";"83";"83129";"2";"1";"1";"7";"DE LATTRE DE TASSIGNY (AV)";"43,0940160";"5,8375240"
"202000010700";"14";"4";"2020";"19:00";"1";"80";"80021";"2";"6";"1";"3";"POINTIN (RUE)";"49,8855200";"2,3121400"
"202000010701";"1";"4";"2020";"17:20";"1";"78";"78524";"2";"1";"1";"6";"RN 307";"48,8363840";"2,0962430"
"202000010702";"12";"5";"2020";"09:05";"1";"77";"77294";"2";"1";"1";"6";"FRANKLIN ROOSEVELT (AVENUE)";"48,9542500";"2,6000200"
"202000010703";"12";"5";"2020";"10:15";"1";"76";"76351";"2";"1";"1";"6";"BOIS AU COQ (AVENUE)";"49,5213000";"0,1132000"
"202000010704";"13";"5";"2020";"20:15";"1";"76";"76565";"1";"3";"1";"3";"RD 915";"49,8889298";"1,0839987"
"202000010705";"9";"5";"2020";"15:35";"1";"67";"67482";"2";"1";"1";"6";"15 Rue du Petit-marais";"48,5627000";"7,6948600"
"202000010706";"8";"5";"2020";"15:27";"1";"67";"67482";"2";"1";"1";"7";"5 Rue Jean Mermoz";"48,5471922";"7,7706644"
"202000010707";"13";"5";"2020";"21:00";"1";"64";"64102";"2";"2";"1";"3";"FOIX (AVENUE LOUIS DE)";"43,5044100";" -1,4673500"
"202000010708";"13";"5";"2020";"18:45";"1";"64";"64102";"2";"1";"1";"2";"NAVARRE (AVENUE HENRI DE)";"43,4983000";" -1,4482000"
"202000010709";"1";"5";"2020";"17:33";"1";"63";"63113";"2";"1";"1";"6";"CLARET (RUE JEAN)";"45,7671354";"3,1334886"
"202000010710";"13";"5";"2020";"11:13";"1";"59";"59286";"2";"2";"1";"3";"VANDERHAGEN ALBERT RUE";"50,6109350";"2,9800790"
"202000010711";"11";"5";"2020";"08:20";"1";"58";"58194";"2";"2";"2";"3";"GRANDS JARDINS";"46,9959000";"3,1367000"
"202000010712";"13";"5";"2020";"04:40";"3";"56";"56162";"1";"1";"1";"6";"Rue du Fort Bloqué";"47,7345300";" -3,4692300"
"202000010713";"13";"5";"2020";"14:15";"1";"51";"51454";"2";"1";"7";"6";"Rue de Courlancy";"49,2478196";"4,0146921"
"202000010714";"12";"5";"2020";"17:55";"1";"51";"51454";"2";"7";"1";"2";"Place Aristide Briand";"49,2571751";"4,0389715"
"202000010715";"12";"5";"2020";"12:55";"1";"49";"49007";"2";"1";"1";"7";"BASSE CHAINE PONT";"47,4706100";" -0,5635500"
"202000010716";"11";"5";"2020";"15:26";"1";"49";"49246";"2";"1";"1";"3";"DAVID D'ANGERS";"47,4328300";" -0,5292600"
"202000010717";"13";"5";"2020";"13:10";"1";"45";"45234";"2";"3";"1";"3";"Boulevard Marie Stuart - R A Messager";"47,9115900";"1,9279200"
"202000010718";"12";"5";"2020";"12:05";"1";"45";"45147";"2";"2";"1";"2";"Rue André Dessaux - R Hoche";"47,9274600";"1,8981900"
"202000010719";"12";"5";"2020";"16:47";"1";"44";"44184";"2";"3";"1";"3";"VILLES-MOLLÉ (ROUTE DE)";"47,2590200";" -2,2823900"
"202000010720";"12";"5";"2020";"11:30";"1";"35";"35238";"2";"2";"1";"3";"TILLON (AVENUE CHARLES)";"48,1246000";" -1,7029000"
"202000010721";"5";"5";"2020";"20:45";"1";"33";"33529";"1";"6";"1";"7";"RD 1250 (Camicas - Sortie Dune)";"44,6300000";" -1,1563200"
"202000010722";"13";"5";"2020";"19:30";"1";"32";"32013";"2";"1";"2";"3";"VICTOR HUGO (RUE)";"43,6545000";"0,5677000"
"202000010723";"13";"5";"2020";"14:45";"1";"28";"28209";"2";"9";"1";"6";"CHACATIERE (RUE DE LA)";"48,4689300";"1,4681700"
"202000010724";"11";"5";"2020";"16:20";"1";"19";"19031";"2";"1";"1";"6";"ALVITRE (AVENUE ABBE)";"45,1529990";"1,5070990"
"202000010725";"13";"5";"2020";"15:10";"1";"13";"13206";"2";"9";"1";"2";"PRADO (AVENUE DU)";"43,2960000";"5,4056900"
"202000010726";"13";"5";"2020";"20:50";"3";"07";"07186";"2";"1";"3";"6";"BACCONNIER (RUE LUDOVIC)";"44,7276000";"4,5994000"
"202000010727";"13";"5";"2020";"08:50";"1";"75";"75120";"2";"3";"1";"3";"AVENUE GAMBETTA";"48,8639410";"2,3916460"
"202000010728";"12";"5";"2020";"21:00";"2";"75";"75119";"2";"2";"1";"6";"RUE D ALSACE LORRAINE";"48,8839070";"2,3917390"
"202000010729";"13";"5";"2020";"13:30";"1";"75";"75119";"2";"2";"1";"6";"AVENUE MATHURIN MOREAU";"48,8782600";"2,3729510"
"202000010730";"13";"5";"2020";"13:20";"1";"75";"75114";"2";"4";"1";"3";"AVENUE DU GENERAL LECLERC";"48,8287720";"2,3277000"
"202000010731";"12";"5";"2020";"14:40";"1";"75";"75112";"2";"1";"1";"3";"AVENUE DAUMESNIL";"48,8399880";"2,3941130"
"202000010732";"13";"5";"2020";"10:00";"1";"75";"75108";"2";"1";"1";"3";"RUE FRANCOIS 1ER";"48,8687840";"2,3034880"
"202000010733";"13";"5";"2020";"18:35";"1";"94";"94067";"2";"1";"1";"2";"PARIS (AV DE)";"48,8456880";"2,4260810"
"202000010734";"13";"5";"2020";"12:20";"1";"94";"94073";"2";"3";"1";"3";"RENE PANHARD (AV)";"48,7632380";"2,4004400"
"202000010735";"13";"5";"2020";"10:19";"1";"94";"94018";"2";"1";"1";"6";"REPUBLIQUE (R DE LA)";"48,8217143";"2,4147616"
"202000010736";"13";"5";"2020";"19:30";"1";"94";"94070";"2";"1";"1";"3";"LESIGNY (R DE)";"48,7252640";"2,5764850"
"202000010737";"13";"5";"2020";"14:10";"1";"93";"93073";"2";"2";"1";"3";"BARBUSSE (RUE HENRI)";"48,9632100";"2,5702200"
"202000010738";"13";"5";"2020";"13:00";"1";"93";"93064";"2";"1";"1";"6";"LISBONNE (PLACE DE)";"48,8808048";"2,4736147"
"202000010739";"13";"5";"2020";"14:00";"1";"93";"93077";"2";"5";"1";"3";"R DE NEUILLY / AV DE FREDY";"48,8789400";"2,5162100"
"202000010740";"3";"5";"2020";"16:15";"1";"93";"93053";"2";"9";"2";"3";"PARIS (RUE DE)";"48,9038766";"2,4707446"
"202000010741";"13";"5";"2020";"13:40";"1";"92";"92051";"2";"1";"1";"3";"BOURDON (BOULEVARD)";"48,8938100";"2,2680400"
"202000010742";"13";"5";"2020";"17:29";"1";"49";"49127";"1";"1";"1";"7";"La Bersillere Godivier";"47,6774880";" -0,2693305"
"202000010743";"12";"5";"2020";"14:45";"1";"62";"62774";"1";"1";"1";"6";"D940";"50,9232250";"1,7173970"
"202000010744";"11";"5";"2020";"23:45";"5";"59";"59202";"2";"6";"1";"7";"Rue du Moulin";"50,6752190";"2,8334480"
"202000010745";"12";"5";"2020";"16:50";"1";"59";"59301";"2";"3";"1";"3";"D102a";"50,4707670";"3,5240100"
"202000010746";"13";"5";"2020";"16:10";"1";"57";"57329";"1";"1";"1";"3";"D19";"49,2569520";"6,4921690"
"202000010747";"14";"5";"2020";"14:04";"1";"56";"56081";"1";"1";"1";"6";"Creno Vras";"48,0626510";" -3,6175920"
"202000010748";"14";"5";"2020";"10:15";"1";"74";"74083";"1";"1";"8";"2";"2027 Route de Sallanches";"45,8990860";"6,6510880"
"202000010749";"13";"5";"2020";"18:45";"1";"77";"77109";"1";"1";"1";"7";"D75, PR016+500";"48,6009630";"3,1783960"
"202000010750";"13";"5";"2020";"13:30";"1";"67";"67434";"2";"1";"1";"1";"8 rue du maréchal FOCH";"48,9400820";"7,0861550"
"202000010751";"14";"5";"2020";"18:50";"1";"71";"71158";"1";"1";"1";"6";"Route de Loisy";"46,5711826";"4,9871855"
"202000010752";"14";"5";"2020";"12:30";"1";"89";"89199";"1";"1";"1";"1";"N151";"47,6941580";"3,5364550"
"202000010753";"13";"5";"2020";"13:40";"1";"61";"61486";"2";"1";"1";"1";"15 Rue de Domfront";"48,7631910";" -0,7311400"
"202000010754";"13";"5";"2020";"18:00";"1";"47";"47086";"1";"1";"1";"7";"boucaud";"44,6854213";"0,2045501"
"202000010755";"12";"5";"2020";"11:10";"1";"29";"29101";"1";"3";"1";"6";"Lieu-dit Kleuz Fos";"48,5830660";" -4,5458190"
"202000010756";"13";"5";"2020";"20:00";"1";"31";"31118";"1";"1";"1";"7";"4480 Route de Fronton";"43,8160120";"1,3785570"
"202000010757";"13";"5";"2020";"14:15";"1";"02";"02232";"1";"1";"1";"6";"N2";"49,2259500";"2,9736900"
"202000010758";"13";"5";"2020";"14:13";"1";"84";"84102";"1";"1";"1";"1";"D104";"43,8969660";"5,3213340"
"202000010759";"14";"5";"2020";"09:00";"1";"15";"15006";"1";"1";"1";"7";"fignac";"45,2065690";"2,4417760"
"202000010760";"13";"5";"2020";"20:20";"1";"14";"14371";"1";"1";"1";"6";"D135";"49,0563450";"0,2597130"
"202000010761";"14";"5";"2020";"09:30";"1";"83";"83032";"1";"1";"1";"1";"D13";"43,4818810";"6,1752020"
"202000010762";"13";"5";"2020";"11:30";"1";"73";"73204";"2";"1";"2";"6";"D1006 Rue Porte de Ville";"45,5348520";"5,6750820"
"202000010763";"14";"5";"2020";"12:30";"1";"40";"40313";"1";"1";"1";"7";"Route de Gouts";"43,8197370";" -0,8009740"
"202000010764";"12";"5";"2020";"13:20";"1";"27";"27105";"2";"1";"1";"1";"route de Brionne";"49,2955660";"0,8705611"
"202000010765";"13";"5";"2020";"10:50";"1";"67";"67291";"1";"1";"1";"7";"D148";"48,8744838";"7,6993541"
"202000010766";"12";"4";"2020";"10:30";"1";"974";"97422";"2";"1";"1";"1";"76 Route du Piton Hyacinthe";" -21,2251790";"55,5393400"
"202000010767";"10";"4";"2020";"01:57";"5";"91";"91085";"2";"1";"1";"1";"46 Rue de l'Ormeteau";"48,5539780";"2,2055430"
"202000010768";"14";"5";"2020";"13:15";"1";"84";"84118";"1";"1";"1";" -1";"D2";"43,9333210";"5,3598480"
"202000010769";"14";"5";"2020";"12:25";"1";"84";"84112";"1";"1";"1";"1";"Départementale D900";"43,8506220";"5,4804610"
"202000010770";"14";"5";"2020";"15:30";"1";"13";"13089";"1";"2";"1";"3";"D74";"43,8220650";"4,9380330"
"202000010771";"23";"4";"2020";"15:10";"1";"33";"33483";"1";"1";"1";"2";"D13";"44,8914360";" -0,3966450"
"202000010772";"13";"5";"2020";"18:10";"1";"94";"94069";"1";"1";"1";"4";"A4";"48,8172300";"2,4329000"
"202000010773";"13";"3";"2020";"15:00";"1";"63";"63032";"2";"2";"1";"6";"Route de Romagant / rue du Masage";"45,7515800";"3,0905700"
"202000010774";"13";"3";"2020";"08:00";"1";"93";"93078";"2";"3";"1";"6";"R JACQUES DUCLOS / BD ROBERT BALLENGER";"48,9588679";"2,5493550"
"202000010775";"25";"2";"2020";"20:30";"5";"93";"93073";"1";"9";"2";"4";"CHAPIT RE ( RUE DU)";"49,0020000";"2,5369900"
"202000010776";"25";"2";"2020";"11:30";"1";"93";"93073";"2";"9";"1";"3";"R DU CHAPITRE";"49,0018100";"2,5370900"
"202000010777";"12";"5";"2020";"06:35";"1";"988";"98818";"2";"1";"2";"6";"LAMARTINE (RUE)";" -22,2850700";"166,4453300"
"202000010778";"12";"5";"2020";"09:30";"1";"974";"97411";"1";"6";"1";"1";"JAURES (BOULEVARD JEAN)";" -20,9010000";"55,4924000"
"202000010779";"12";"5";"2020";"20:30";"5";"973";"97302";"1";"1";"2";"3";"ZEPHIR (ROCADE)";"4,9261800";" -52,3212719"
"202000010780";"12";"5";"2020";"09:21";"1";"973";"97302";"1";"1";"3";"2";"MADELEINE (ROUTE DE LA)";"4,9255708";" -52,3241794"
"202000010781";"12";"5";"2020";"14:45";"1";"69";"69387";"2";"3";"1";"3";"GUILLOTIERE (DE LA)                 (GR)";"45,7518800";"4,8470500"
"202000010782";"12";"5";"2020";"05:50";"2";"69";"69389";"2";"2";"1";"3";"BOURGOGNE (DE)                      (R )";"45,7786000";"4,8024500"
"202000010783";"11";"5";"2020";"09:25";"1";"2B";"2B037";"1";"1";"1";"1";"TOUTES RUES";"42,5933700";"9,4387500"
"202000010784";"12";"5";"2020";"22:25";"5";"91";"91201";"2";"1";"1";"1";"HENRI BARBUSSE(BOULEVARD)";"48,6694060";"2,4149170"
"202000010785";"11";"5";"2020";"17:05";"1";"87";"87085";"2";"2";"2";"3";"MAS-BOUYOL  (CITE ET BOULEVARD DU)";"45,8274800";"1,2263600"