"Num_Acc";"jour";"mois";"an";"hrmn";"lum";"dep";"com";"agg";"int";"atm";"col";"adr";"lat";"long"
"202000010786";"25";"2";"2020";"13:20";"1";"75";"75108";"2";"2";"2";"3";"RUE DE ROME";"48,8752470";"2,3241910"
"202000010787";"1";"3";"2020";"15:50";"1";"75";"75108";"2";"3";"3";"6";"RUE DE BERRI";"48,8724080";"2,3041070"
"202000010788";"28";"2";"2020";"12:30";"1";"75";"75108";"2";"2";"2";"3";"AVENUE DE FRIEDLAND";"48,8741520";"2,2989140"
"202000010789";"28";"2";"2020";"11:56";"1";"75";"75108";"2";"7";"1";"3";"PLACE DE LA CONCORDE";"48,8658550";"2,3198890"
"202000010790";"27";"2";"2020";"12:05";"1";"75";"75108";"2";"3";"2";"6";"RUE BALZAC";"48,8758890";"2,3031530"
"202000010791";"25";"2";"2020";"13:30";"1";"75";"75108";"2";"7";"2";"5";"PLACE DE LA CONCORDE";"48,8656110";"2,3206920"
"202000010792";"25";"2";"2020";"17:13";"1";"75";"75108";"2";"2";"1";"6";"AVENUE HOCHE";"48,8765580";"2,3017010"
"202000010793";"27";"2";"2020";"08:30";"1";"75";"75107";"2";"2";"3";"3";"QUAI VOLTAIRE";"48,8595650";"2,3293250"
"202000010794";"25";"2";"2020";"16:32";"1";"75";"75107";"2";"2";"1";"6";"AVENUE DE SUFFREN";"48,8478990";"2,3061490"
"202000010795";"26";"2";"2020";"10:10";"1";"75";"75103";"2";"2";"2";"6";"RUE VOLTA";"48,8652330";"2,3571330"
"202000010796";"25";"2";"2020";"07:30";"2";"75";"75104";"2";"1";"1";"2";"QUAI DES CELESTINS";"48,8522430";"2,3607510"
"202000010797";"2";"3";"2020";"03:15";"5";"75";"75104";"2";"2";"2";"2";"BOULEVARD DE SEBASTOPOL";"48,8605500";"2,3493600"
"202000010798";"28";"2";"2020";"23:20";"5";"75";"75101";"2";"2";"2";"7";"AVENUE GENERAL LEMONNIER";"48,8637310";"2,3322360"
"202000010799";"24";"2";"2020";"06:40";"5";"75";"75104";"2";"1";"1";" -1";"QUAI HENRI IV";"48,8479580";"2,3639140"
"202000010800";"1";"3";"2020";"06:10";"5";"75";"75104";"2";"5";"1";"6";"BOULEVARD BESSIERES";"48,8580440";"2,3496370"
"202000010801";"1";"3";"2020";"00:50";"5";"75";"75104";"2";"3";"1";"7";"RUE FRANCOIS MIRON";"48,8555780";"2,3573910"
"202000010802";"29";"2";"2020";"15:45";"1";"75";"75104";"2";"2";"2";"3";"QUAI DES CELESTINS";"48,8533220";"2,3577850"
"202000010803";"25";"2";"2020";"15:40";"1";"75";"75102";"2";"3";"2";"7";"BOULEVARD DE SEBASTOPOL";"48,8670330";"2,3529730"
"202000010804";"3";"3";"2020";"10:55";"1";"94";"94080";"2";"1";"1";"1";"FONTENAY (R DE)";"48,8477500";"2,4394900"
"202000010805";"26";"2";"2020";"21:30";"5";"94";"94080";"2";"1";"1";"6";"FOCH (AV)";"48,8458912";"2,4432628"
"202000010806";"28";"2";"2020";"12:40";"1";"94";"94080";"2";"1";"1";"3";"CHATEAU (AV DU)";"48,8452800";"2,4364900"
"202000010807";"25";"2";"2020";"09:50";"1";"94";"94080";"2";"1";"1";"2";"PARIS (AV DE)";"48,8447660";"2,4359518"
"202000010808";"2";"3";"2020";"20:17";"3";"94";"94078";"2";"1";"1";"3";"HUIT MAI 1945 (AV DU)";"48,7283000";"2,4462000"
"202000010809";"2";"3";"2020";"17:30";"1";"94";"94078";"2";"1";"8";"7";"FUSILLES (AV DES)";"48,7287510";"2,4477700"
"202000010810";"29";"2";"2020";"15:50";"1";"94";"94074";"2";"6";"1";"7";"JULIEN DURANTON (avenue)";"48,7614700";"2,4487200"
"202000010811";"27";"2";"2020";"18:20";"2";"94";"94044";"2";"6";"1";"3";"GABRIEL PERI (AV)";"48,7565700";"2,4834400"
"202000010812";"3";"3";"2020";"12:20";"1";"94";"94068";"2";"3";"1";"3";"GRADE (AV)";"48,8069718";"2,4790380"
"202000010813";"3";"3";"2020";"11:30";"1";"94";"94068";"2";"1";"1";"3";"FOCH (AV)";"48,7990000";"2,4985000"
"202000010814";"2";"3";"2020";"09:15";"1";"94";"94068";"2";"1";"2";"7";"CHAMPIGNY (BD DE)";"48,8083900";"2,5089100"
"202000010815";"28";"2";"2020";"10:30";"1";"94";"94068";"2";"6";"1";"7";"RABELAIS (BD)";"48,8052418";"2,4840769"
"202000010816";"27";"2";"2020";"13:50";"1";"94";"94068";"2";"1";"2";"7";"PONT DE CRETEIL (R DU)";"48,8026500";"2,4717300"
"202000010817";"29";"2";"2020";"11:40";"1";"94";"94015";"2";"1";"2";"6";"ETIENNE DE SILHOUETTE (AV)";"48,8437100";"2,5263800"
"202000010818";"26";"2";"2020";"13:45";"1";"94";"94016";"2";"2";"2";"4";"MARCEL BONNET (R)";"48,7958920";"2,3252700"
"202000010819";"1";"3";"2020";"18:15";"1";"94";"94081";"2";"1";"8";"7";"ROBERT DEGERT (R)";"48,8052120";"2,3739340"
"202000010820";"27";"2";"2020";"08:40";"1";"94";"94041";"2";"1";"2";"3";"PIERRE SEMARD (AV)";"48,8193700";"2,3803400"
"202000010821";"26";"2";"2020";"11:45";"1";"94";"94041";"2";"1";"8";"5";"PIERRE SEMARD (AV)";"48,8197600";"2,3799900"
"202000010822";"24";"2";"2020";"23:15";"5";"94";"94041";"2";"3";"2";"1";"REPUBLIQUE (AV DE LA)";"48,8024240";"2,3973990"
"202000010823";"2";"3";"2020";"18:00";"2";"94";"94073";"2";"9";"1";"6";"VINCENT VAN GOGH (PL)";"48,7694283";"2,3888507"
"202000010824";"2";"3";"2020";"17:40";"1";"94";"94073";"2";"6";"1";"3";"GENERAL DE GAULLE (AV DU)";"48,7668056";"2,3851973"
"202000010825";"2";"3";"2020";"14:00";"1";"94";"94073";"2";"1";"3";"7";"LUXEMBOURG (AV DU)";"48,7585000";"2,3727700"
"202000010826";"1";"3";"2020";"15:40";"1";"94";"94065";"2";"2";"3";"3";"RUE DU VIADUC";"48,7611600";"2,3506000"
"202000010827";"27";"2";"2020";"14:05";"1";"94";"94065";"2";"3";"2";"6";"PIROUETTE (R DE LA)";"48,7492913";"2,3497084"
"202000010828";"26";"2";"2020";"18:30";"5";"94";"94065";"2";"1";"1";"5";"CHARLES LINDBERGH (AV)";"48,7518200";"2,3530700"
"202000010829";"25";"2";"2020";"08:15";"1";"94";"94021";"2";"3";"2";"2";"GENERAL DE GAULLE (AV DU)";"48,7730301";"2,3385029"
"202000010830";"26";"2";"2020";"09:30";"1";"94";"94033";"2";"2";"1";"1";"STALINGRAD (AV DE)";"48,8526700";"2,4493200"
"202000010831";"2";"3";"2020";"11:10";"1";"94";"94028";"2";"1";"3";"2";"POMPADOUR(CARREFOUR)";"48,7746820";"2,4390648"
"202000010832";"25";"2";"2020";"22:15";"4";"94";"94028";"2";"1";"2";"2";"LYAUTEY.(AVENUE DU MARECHAL)";"48,7911000";"2,4479000"
"202000010833";"24";"2";"2020";"15:50";"1";"94";"94011";"2";"9";"8";"6";"BICENTENAIRE.(AVENUE DU)";"48,7647300";"2,4881700"
"202000010834";"29";"2";"2020";"14:50";"1";"94";"94022";"2";"1";"1";"6";"POSTE (R DE LA)";"48,7646100";"2,4096100"
"202000010835";"28";"2";"2020";"17:35";"1";"94";"94022";"2";"1";"2";"6";"VICTOR HUGO (AV)";"48,7707970";"2,4274150"
"202000010836";"28";"2";"2020";"15:40";"1";"94";"94054";"2";"1";"2";"2";"CHARLES TILLON (route)";"48,7441000";"2,3863000"
"202000010837";"28";"2";"2020";"14:50";"1";"94";"94073";"2";"1";"2";"2";"STALINGRAD (BD DE)";"48,7708639";"2,4012755"
"202000010838";"27";"2";"2020";"18:45";"1";"94";"94053";"2";"1";"1";"6";"GENERAL DE GAULLE (R DU)";"48,7777100";"2,5439600"
"202000010839";"26";"2";"2020";"06:50";"5";"94";"94053";"2";"1";"2";"4";"GENERAL DE GAULLE (R DU)";"48,7770000";"2,5400000"
"202000010840";"25";"2";"2020";"13:48";"1";"94";"94069";"2";"1";"2";"1";"ALL VACASSY";"48,8226890";"2,4243610"
"202000010841";"3";"3";"2020";"12:55";"1";"94";"94017";"2";"1";"1";"6";"ALBERT THOMAS (R)";"48,8143700";"2,5116600"
"202000010842";"29";"2";"2020";"19:15";"5";"94";"94017";"2";"1";"2";"6";"REPUBLIQUE (AV DE LA)";"48,8209500";"2,5108200"
"202000010843";"29";"2";"2020";"15:15";"1";"94";"94017";"2";"1";"1";"3";"PROFESSEUR PAUL MILLIEZ (R DU)";"48,8161000";"2,5325000"
"202000010844";"28";"2";"2020";"08:50";"1";"94";"94017";"2";"1";"1";"1";"PIERRE RENAUDEL (R)";"48,8134090";"2,5093640"
"202000010845";"27";"2";"2020";"07:00";"2";"94";"94017";"2";"4";"3";"3";"GENERAL DE GAULLE (AV DU)";"48,8268660";"2,5099570"
"202000010846";"11";"2";"2020";"09:15";"1";"94";"94017";"2";"1";"1";"6";"GENERAL DE GAULLE (AV DU)";"48,8273095";"2,5117761"
"202000010847";"27";"2";"2020";"13:10";"1";"94";"94071";"2";"3";"2";"3";"GEORGES POMPIDOU (AV)";"48,7714400";"2,5250600"
"202000010848";"27";"2";"2020";"22:25";"5";"94";"94028";"2";"1";"1";"6";"CHERET(R ET IMP)";"48,8050620";"2,4575340"
"202000010849";"25";"2";"2020";"10:15";"1";"94";"94002";"2";"1";"1";"2";"BLANQUI (QU)";"48,7991600";"2,4192400"
"202000010850";"3";"3";"2020";"19:00";"5";"93";"93073";"2";"1";"1";"1";"CHAPIT RE ( RUE DU)";"49,0021691";"2,5369620"
"202000010851";"3";"3";"2020";"14:20";"1";"93";"93078";"2";"1";"2";"6";"BD ROBERT BALLANGER";"48,9556296";"2,5393268"
"202000010852";"2";"3";"2020";"23:10";"5";"93";"93073";"2";"1";"1";"4";"CHAPIT RE ( RUE DU)";"49,0032529";"2,5368203"
"202000010853";"1";"3";"2020";"18:37";"5";"93";"93078";"2";"1";"2";"6";"AV GEORGES CLEMENCEAU";"48,9602400";"2,5563500"
"202000010854";"28";"2";"2020";"23:40";"5";"93";"93078";"2";"1";"1";"3";"EUROPE (AVENUE DE L')";"48,9571666";"2,5577791"
"202000010855";"27";"2";"2020";"16:45";"1";"93";"93078";"2";"1";"6";"3";"AV VAUBAN";"48,9620000";"2,5547000"
"202000010856";"27";"2";"2020";"07:40";"2";"93";"93073";"2";"6";"3";"4";"RTE DE LA CROIX DU PLATRE / AV CAROLE";"48,9840700";"2,5258400"
"202000010857";"27";"2";"2020";"13:40";"1";"93";"93059";"2";"9";"1";"4";"PARMENTIER (RUE) COTE N° IMPAIRS";"48,9653400";"2,3734900"
"202000010858";"25";"2";"2020";"14:00";"1";"93";"93072";"2";"1";"8";"6";"AV LOUIS BORDES";"48,9552300";"2,3853300"
"202000010859";"2";"3";"2020";"19:35";"4";"93";"93005";"2";"1";"2";"6";"R AMBOURGET";"48,9477200";"2,5070500"
"202000010860";"25";"2";"2020";"23:40";"5";"93";"93073";"2";"1";"1";"6";"BARBUSSE (RUE HENRI)";"48,9620165";"2,5705282"
"202000010861";"2";"3";"2020";"21:00";"5";"93";"93070";"2";"9";"1";"6";"Rue Alfred Ottino";"48,9046227";"2,3321918"
"202000010862";"27";"2";"2020";"11:15";"1";"93";"93070";"2";"9";"2";"6";"DOCTEUR BAUER(RUE DU) :N°  75 AU 129";"48,9089922";"2,3393103"
"202000010863";"25";"2";"2020";"16:40";"1";"93";"93070";"2";"1";"2";"3";"SEINE (QUAI DE)";"48,9140200";"2,3171800"
"202000010864";"25";"2";"2020";"11:15";"1";"93";"93066";"2";"4";"2";"6";"R FRANCIS DE PRESSENSE / AV DU GENERAL DE GAULLE";"48,9217300";"2,3667700"
"202000010865";"25";"2";"2020";"20:00";"5";"93";"93066";"2";"1";"3";"6";"""PHARMA. UNIVERSITE 42, AV. STALINGRAD""";"48,9460186";"2,3666993"
"202000010866";"22";"2";"2020";"22:50";"5";"93";"93066";"2";"1";"1";"6";"FRANCE ANATOLE ENTREE A86";"48,9231718";"2,3471100"
"202000010867";"25";"2";"2020";"13:10";"1";"93";"93064";"2";"2";"2";"1";"R JULES GUESDE / R DES GRAVIERS";"48,8742300";"2,4928700"
"202000010868";"27";"2";"2020";"08:25";"1";"93";"93053";"2";"2";"3";"3";"PARC (RUE DU)";"48,8918500";"2,4449800"
"202000010869";"29";"2";"2020";"15:40";"1";"93";"93051";"2";"1";"1";"3";"MONT D'EST (BD)";"48,8421700";"2,5430100"
"202000010870";"2";"3";"2020";"17:30";"1";"93";"93050";"2";"1";"1";"3";"PAUL ET CAMILLE THOMOUX (RUE) COTE PAIR";"48,8661737";"2,5291157"
"202000010871";"3";"3";"2020";"16:15";"1";"93";"93074";"2";"1";"1";"5";"PLACE DES FETES";"48,9297900";"2,5696330"
"202000010872";"1";"3";"2020";"22:10";"5";"93";"93057";"2";"2";"1";"4";"AV ARISTIDE BRIAND / ALL EMILE ZOLA";"48,9092700";"2,5038100"
"202000010873";"26";"2";"2020";"08:45";"1";"93";"93063";"2";"1";"2";"3";"NOISY ROUTE DE";"48,8936200";"2,4359100"
"202000010874";"29";"2";"2020";"15:00";"1";"93";"93032";"2";"1";"1";"6";"AV JEAN JAURES";"48,8836100";"2,5298300"
"202000010875";"28";"2";"2020";"14:00";"1";"93";"93031";"2";"3";"2";"3";"AV DE JARROW / R MAURICE RAVEL";"48,9527494";"2,3292363"
"202000010876";"24";"2";"2020";"21:40";"5";"93";"93079";"2";"1";"1";"3";"SAINT LEU (ROUTE)";"48,9519377";"2,3383769"
"202000010877";"2";"3";"2020";"12:15";"1";"93";"93029";"2";"3";"2";"3";"R SADI CARNOT / R RAYMOND LEFEVRE";"48,9244486";"2,4428821"
"202000010878";"28";"2";"2020";"19:55";"5";"93";"93029";"2";"2";"2";"6";"GARIBALDI (AVENUE) N°";"48,9225607";"2,4526311"
"202000010879";"27";"2";"2020";"18:45";"5";"93";"93029";"2";"9";"1";"6";"HENRI BARBUSSE (AVE) N°2-124";"48,9208400";"2,4534500"
"202000010880";"27";"2";"2020";"08:10";"1";"93";"93029";"2";"1";"3";"6";"HENRI BARBUSSE (AVE) N°126-280";"48,9155274";"2,4422477"
"202000010881";"26";"2";"2020";"21:10";"5";"93";"93029";"2";"2";"1";"3";"AMBROISE CROIZAT";"48,9264000";"2,4539000"
"202000010882";"26";"2";"2020";"07:30";"2";"93";"93013";"2";"3";"3";"6";"ROLLAND (RUE DU CDT)";"48,9348166";"2,4259949"
"202000010883";"1";"3";"2020";"10:20";"1";"93";"93014";"2";"1";"1";"2";"ALL DE COUBRON";"48,9126430";"2,5519230"
"202000010884";"1";"3";"2020";"16:10";"1";"93";"93010";"2";"1";"2";"2";"MOULIN (AV. JEAN) COTE IMPAIRS";"48,9125337";"2,4787664"
"202000010885";"29";"2";"2020";"16:25";"1";"93";"93008";"2";"9";"2";"6";"MARX (AVENUE KARL)";"48,9052511";"2,4424135"
"202000010886";"3";"3";"2020";"13:30";"1";"93";"93071";"2";"1";"1";"1";"COMMANDANT CHARCOT (AVENUE DU)";"48,9356601";"2,5173279"
"202000010887";"1";"3";"2020";"11:20";"1";"93";"93005";"2";"9";"1";"6";"EUGENE DELACROIX (RUE)";"48,9525800";"2,4990510"
"202000010888";"28";"2";"2020";"08:15";"2";"93";"93005";"2";"1";"1";"2";"CARR DE L'EUROPE";"48,9514800";"2,4819430"
"202000010889";"27";"2";"2020";"09:45";"1";"93";"93001";"2";"1";"2";"6";"R DE LA HAIE COQ ";"48,9040680";"2,3722329"
"202000010890";"28";"2";"2020";"11:34";"1";"92";"92078";"2";"9";"1";"2";"MOULIN CAGE (QUAI)";"48,9235300";"2,3282000"
"202000010891";"29";"2";"2020";"15:30";"1";"92";"92075";"2";"6";"2";"6";"RAYMOND MARCHERON (RUE)/ CARREFOUR DE L'INSURRECTION";"48,8202600";"2,2903900"
"202000010892";"28";"2";"2020";"08:50";"1";"92";"92049";"2";"1";"1";"3";"PIERRE BROSSOLETTE (AVENUE)";"48,8162000";"2,3058000"
"202000010893";"27";"2";"2020";"09:55";"2";"92";"92075";"2";"1";"2";" -1";"PASTEUR (AVENUE)";"48,8258830";"2,2923900"
"202000010894";"24";"2";"2020";"17:10";"1";"92";"92046";"2";"1";"1";"6";"HENRI BARBUSSE (BOULEVARD)";"48,8140400";"2,2872500"
"202000010895";"25";"2";"2020";"08:00";"1";"92";"92073";"2";"9";"2";"3";"SELLIER (BOULEVARD HENRI)";"48,8627000";"2,2178400"
"202000010896";"29";"2";"2020";"10:05";"1";"92";"92072";"2";"1";"8";"3";"VILLE D'AVRAY (RUE DE )";"48,8242500";"2,2080000"
"202000010897";"28";"2";"2020";"09:26";"1";"92";"92072";"2";"1";"1";"2";"MANUFACTURE NATIONALE (PLACE DE LA)";"48,8291440";"2,2243310"
"202000010898";"29";"2";"2020";"06:35";"5";"92";"92064";"2";"1";"1";"6";"ANDRE CHEVRILLON";"48,8465831";"2,2198914"
"202000010899";"27";"2";"2020";"07:40";"2";"92";"92033";"2";"1";"3";"6";"BUZENVAL";"48,8525359";"2,2030875"
"202000010900";"29";"2";"2020";"22:10";"5";"92";"92063";"2";"1";"1";"3";"FOUILLEUSE (AVENUE DE)";"48,8630529";"2,1919783"
"202000010901";"29";"2";"2020";"05:15";"5";"92";"92063";"2";"1";"1";"6";"GALLIENI (RUE)";"48,8719066";"2,2030360"
"202000010902";"3";"3";"2020";"19:00";"5";"92";"92051";"2";"1";"1";"3";"ROULE (AVENUE DU, N° 29 A 91 ET 30 A 86)";"48,8822122";"2,2787130"
"202000010903";"3";"3";"2020";"15:30";"1";"92";"92051";"2";"1";"1";"3";"ROULE (AVENUE DU, N° 29 A 91 ET 30 A 86)";"48,8832034";"2,2744422"
"202000010904";"27";"2";"2020";"11:36";"1";"92";"92050";"2";"6";"1";"6";"LENINE VLADIMIR ILITCH AVENUE/ JOLIOT CURIE F. ET IRENE AVENUE N°PAIRS";"48,8873422";"2,2001466"
"202000010905";"26";"2";"2020";"13:10";"1";"92";"92050";"2";"2";"2";"6";"ARRAS RUE D'/ ARAGO FRANCOIS AVENUE";"48,9012800";"2,2253600"
"202000010906";"25";"2";"2020";"20:15";"5";"92";"92048";"2";"3";"2";"3";"COLONEL MORAINE (ROUTE DU)";"48,7875000";"2,2229000"
"202000010907";"2";"3";"2020";"12:05";"1";"92";"92044";"2";"1";"2";"3";"LOUISE MICHEL(RUE) 1A39 ET 2A30";"48,8887400";"2,2875800"
"202000010908";"27";"2";"2020";"20:05";"1";"92";"92040";"2";"9";"1";" -1";"RODIN (BOULEVARD)";"48,8148010";"2,2646310"
"202000010909";"1";"3";"2020";"20:50";"5";"92";"92035";"2";"2";"1";"3";"Général de Gaulle  ( avenue du )";"48,9132600";"2,2533500"
"202000010910";"2";"3";"2020";"13:10";"1";"92";"92062";"2";"1";"8";"6";"ROQUE DE FILLOL (RUE)";"48,8855764";"2,2456159"
"202000010911";"1";"3";"2020";"17:05";"1";"92";"92026";"2";"2";"3";"3";"ALBERT GLEIZES (AVENUE)";"48,8927912";"2,2452495"
"202000010912";"27";"2";"2020";"14:00";"1";"92";"92025";"2";"1";"6";"3";"G.PERI > 418   437 (RUE)";"48,9156170";"2,2320680"
"202000010913";"24";"2";"2020";"16:30";"1";"92";"92025";"2";"2";"1";"3";"PAUL BERT (RUE)";"48,9310692";"2,2441699"
"202000010914";"5";"2";"2020";"01:20";"5";"92";"92025";"2";"1";"1";"6";"STALINGRAD (AV DE)";"48,9307580";"2,2673050"
"202000010915";"3";"3";"2020";"11:35";"1";"92";"92024";"2";"2";"1";"3";"CLICHY (QUAI DE) DE (8 A 60)";"48,9035482";"2,2893968"
"202000010916";"3";"3";"2020";"08:50";"1";"92";"92024";"2";"3";"1";"3";"VICTOR HUGO (BD)/ MOREL (RUE)";"48,9021700";"2,3181200"
"202000010917";"1";"3";"2020";"04:50";"5";"92";"92024";"2";"2";"1";"4";"MARTRE DE (4 A 54)/ HENRI BARBUSSE (RUE) DE (73 A 139)";"48,9008850";"2,3080290"
"202000010918";"28";"2";"2020";"12:16";"1";"92";"92024";"2";"1";"1";"3";"HENRI BARBUSSE (RUE) DE (1 A 73)   (2 A";"48,8985526";"2,3028119"
"202000010919";"23";"2";"2020";"20:50";"3";"92";"92024";"2";"1";"1";"6";"ASNIERES (ROUTE D')";"48,9025900";"2,2904800"
"202000010920";"1";"3";"2020";"14:20";"1";"92";"92023";"2";"3";"2";"3";"PORTE DE TRIVAUX (RUE DE) N°57 A 197 ET";"48,7868000";"2,2453000"
"202000010921";"28";"2";"2020";"02:50";"5";"92";"92060";"2";"7";"1";"3";"HUIT MAI 1945 (PLACE DU)";"48,7760900";"2,2562800"
"202000010922";"27";"2";"2020";"09:20";"1";"92";"92060";"2";"1";"3";"6";"ALLIES (PLACE DES)";"48,7748000";"2,2583000"
"202000010923";"29";"2";"2020";"10:00";"1";"92";"92032";"2";"1";"8";"6";"DOLIVET J ET M (AVENUE)";"48,7929200";"2,2905000"
"202000010924";"1";"3";"2020";"20:55";"1";"92";"92012";"2";"3";"2";"3";"SEVRES (RUE DE) 1/55 - 2/40";"48,8319067";"2,2381732"
"202000010925";"29";"2";"2020";"02:40";"5";"92";"92012";"2";"4";"1";"3";"POINT DU JOUR (RUE DU)";"48,8289100";"2,2464910"
"202000010926";"28";"2";"2020";"15:10";"1";"92";"92012";"2";"1";"8";"6";"REINE (ROUTE DE LA) 1/37- 6/80";"48,8394092";"2,2432832"
"202000010927";"28";"2";"2020";"10:55";"1";"92";"92012";"2";"1";"1";"4";"SILLY (RUE DE) 1/87 - 2/88";"48,8379823";"2,2322155"
"202000010928";"27";"2";"2020";"19:45";"5";"92";"92012";"2";"2";"1";"7";"ANDRE MORIZET (AVENUE) - 49/FIN - 54/FIN";"48,8346100";"2,2419600"
"202000010929";"3";"3";"2020";"11:30";"1";"92";"92004";"2";"1";"1";"6";"EMILE ZOLA ( RUE )";"48,9228871";"2,2857732"
"202000010930";"1";"3";"2020";"14:30";"1";"92";"92004";"2";"1";"8";"3";"GRESILLONS ( AVENUE DES  )";"48,9196022";"2,3135035"
"202000010931";"29";"2";"2020";"12:17";"1";"92";"92004";"2";"1";"1";"6";"BAS ( RUE DES )";"48,9158907";"2,2949242"
"202000010932";"2";"3";"2020";"11:20";"1";"974";"97415";"2";"1";"1";"3";"4 Rue des Salins (st Paul)";" -21,0078650";"55,2759720"
"202000010933";"27";"2";"2020";"09:30";"1";"974";"97415";"1";"1";"1";"1";"N1";" -21,0197380";"55,2440910"
"202000010934";"24";"2";"2020";"15:55";"1";"974";"97415";"1";"1";"1";"3";"67 Route du Vieux Flamboyant";" -21,0422710";"55,2827100"
"202000010935";"2";"3";"2020";"17:40";"1";"35";"35176";"2";"1";"2";"2";"40 rue de Vannes";"47,8258000";" -1,8494250"
"202000010936";"3";"3";"2020";"14:40";"1";"65";"65130";"2";"1";"6";"6";"Route des Pyrénées";"43,6013870";" -0,0190110"
"202000010937";"25";"2";"2020";"21:05";"5";"65";"65296";"1";"1";"1";"6";"D48 Route du Vignoble";"43,5447260";" -0,0551010"
"202000010938";"1";"3";"2020";"21:40";"3";"95";"95504";"1";"1";"2";"7";"RN 184";"49,1043100";"2,2656730"
"202000010939";"3";"3";"2020";"06:00";"3";"49";"49244";"1";"2";"1";"3";"La Panne - Le Mesnil en Vallée";"47,3733900";" -0,9160070"
"202000010940";"28";"2";"2020";"12:27";"1";"12";"12300";"2";"1";"1";"6";"Avenue de Toulouse";"44,3617520";"2,0334680"
"202000010941";"26";"2";"2020";"10:04";"1";"12";"12281";"1";"1";"1";"2";"RD1";"44,3630950";"1,9869150"
"202000010942";"1";"3";"2020";"20:10";"3";"54";"54117";"1";"1";"6";"6";"D53";"48,4498880";"6,0657670"
"202000010943";"20";"2";"2020";"07:25";"2";"14";"14162";"1";"1";"8";"2";"Les Bruyères de Bellevue";"48,8902190";" -0,4975660"
"202000010944";"3";"3";"2020";"10:30";"1";"2A";"2A272";"1";"1";"6";"6";"D48";"41,5482706";"8,8877648"
"202000010945";"28";"2";"2020";"18:00";"2";"2A";"2A048";"1";"1";"1";"1";"D81";"42,0308700";"8,7610170"
"202000010946";"25";"2";"2020";"15:55";"1";"51";"51262";"2";"1";"1";"6";"20 Avenue de Champagne";"48,7049602";"4,5900319"
"202000010947";"26";"2";"2020";"12:30";"1";"51";"51224";"1";"2";"1";"3";"N4";"48,6963070";"4,6937690"
"202000010948";"4";"3";"2020";"15:15";"1";"01";"01052";"1";"1";"1";"3";"D2";"46,0378950";"4,9940370"
"202000010949";"1";"3";"2020";"16:30";"1";"62";"62229";"1";"1";"1";"1";"D928";"50,6664211";"2,1901476"
"202000010950";"25";"2";"2020";"22:30";"5";"52";"52386";"1";"1";"4";"6";"N4";"48,6577050";"4,8146400"
"202000010951";"3";"3";"2020";"23:40";"5";"01";"01004";"2";"1";"2";"6";"7 Avenue Roger Salengro";"45,9578220";"5,3499390"
"202000010952";"3";"3";"2020";"18:20";"1";"91";"91390";"2";"1";"1";"6";"2 Chemin du Lavoir";"48,3140550";"2,0876170"
"202000010953";"2";"3";"2020";"19:45";"5";"91";"91511";"2";"3";"1";"6";"Place du Carrouge";"48,3494040";"1,9914060"
"202000010954";"4";"2";"2020";"16:00";"1";"71";"71047";"2";"2";"1";"3";"Rue du Sénateur Turlier";"46,6235610";"3,7684500"
"202000010955";"29";"2";"2020";"10:07";"1";"21";"21370";"1";"1";"1";"4";"A39";"47,2685720";"5,1710410"
"202000010956";"1";"3";"2020";"11:15";"1";"81";"81266";"2";"1";"1";"6";"place de l'hotel de ville";"43,6476130";"1,9756400"
"202000010957";"28";"2";"2020";"17:25";"1";"81";"81052";"1";"1";"1";"2";"Chemin du Pigeonnier";"43,9202580";"2,2149680"
"202000010958";"1";"3";"2020";"21:10";"3";"77";"77078";"1";"1";"1";"4";"A4";"49,0031559";"3,1326669"
"202000010959";"25";"2";"2020";"11:00";"1";"28";"28031";"1";"1";"1";"7";"Autoroute Oceane - A11";"48,2129620";"0,9394090"
"202000010960";"2";"3";"2020";"14:45";"1";"10";"10282";"1";"1";"3";"1";"D619";"48,3821970";"3,9576050"
"202000010961";"3";"3";"2020";"10:15";"1";"28";"28041";"1";"1";"1";"3";"Beaurouvres";"48,3200480";"1,2755620"
"202000010962";"28";"2";"2020";"20:50";"3";"28";"28106";"1";"1";"2";"1";"D 130";"48,0941190";"1,4368700"
"202000010963";"28";"2";"2020";"18:30";"1";"974";"97405";"2";"6";"1";"1";"Rue Augustin Mézino";" -21,3674630";"55,5596100"
"202000010964";"1";"3";"2020";"10:00";"1";"972";"97201";"2";"1";"1";"3";"Rue Abandonée";"14,8179880";" -61,1149800"
"202000010965";"25";"2";"2020";"16:00";"1";"972";"97205";"1";"9";"1";"3";"RN 2";"14,6379430";" -61,1367270"
"202000010966";"3";"3";"2020";"16:40";"1";"83";"83086";"2";"1";"1";"6";"rue barbes";"43,4725040";"6,5661980"
"202000010967";"1";"3";"2020";"08:30";"1";"63";"63025";"1";"1";"8";"6";"route départementale 99 PK 22 500 décroissant";"46,0537199";"2,8612576"
"202000010968";"1";"3";"2020";"05:20";"3";"63";"63244";"1";"1";"1";"7";"D17";"45,9522955";"3,1272256"
"202000010969";"2";"3";"2020";"15:00";"1";"41";"41256";"1";"1";"3";"7";"A71";"47,3007170";"2,0456080"
"202000010970";"1";"3";"2020";"04:00";"3";"01";"01075";"1";"1";"1";"6";"Chemin du Pirolon";"46,0518500";"4,8225640"
"202000010971";"24";"2";"2020";"16:15";"1";"01";"01071";"2";"1";"1";"1";"187 Route de Mury";"46,3180415";"6,0618232"
"202000010972";"3";"3";"2020";"08:10";"1";"22";"22389";"1";"1";"1";"4";"RN 12 PR 049.300 vers Saint-Brieuc";"48,4792940";" -2,6635410"
"202000010973";"1";"3";"2020";"19:30";"3";"14";"14061";"1";"1";"8";"7";"D290";"48,9510420";" -0,7267710"
"202000010974";"29";"2";"2020";"19:05";"1";"974";"97415";"2";"1";"1";"1";"Rue de la Cheminee";" -21,0419840";"55,2203830"
"202000010975";"2";"3";"2020";"17:50";"1";"58";"58044";"1";"1";"2";"1";"D907";"47,4924940";"2,9186300"
"202000010976";"25";"2";"2020";"15:30";"1";"38";"38400";"2";"1";"1";"7";"Côte du Marché aux Cerises";"45,3435000";"5,5815700"