"Num_Acc";"jour";"mois";"an";"hrmn";"lum";"dep";"com";"agg";"int";"atm";"col";"adr";"lat";"long"
"202000010977";"26";"2";"2020";"06:00";"3";"01";"01357";"1";"1";"2";"3";"La Voûte";"46,1736897";"5,7317187"
"202000010978";"28";"2";"2020";"15:00";"1";"59";"59107";"2";"2";"2";"3";"Rue des Sports";"51,0774650";"2,5140940"
"202000010979";"25";"2";"2020";"20:20";"3";"59";"59605";"2";"1";"2";"7";"57 Rue Albert Poidevin";"51,0118100";"2,5182600"
"202000010980";"28";"1";"2020";"12:10";"1";"75";"75111";"2";"4";"1";"6";"BOULEVARD VOLTAIRE";"48,8605500";"2,3755060"
"202000010981";"28";"1";"2020";"10:12";"1";"75";"75111";"2";"3";"8";"3";"RUE DU CHEMIN VERT";"48,8618500";"2,3833870"
"202000010982";"27";"1";"2020";"19:30";"2";"75";"75109";"2";"5";"2";"6";"RUE VICTOR MASSE";"48,8809170";"2,3377360"
"202000010983";"28";"1";"2020";"19:02";"5";"75";"75108";"2";"7";"2";"3";"PLACE CHARLES DE GAULLE";"48,8732580";"2,2956170"
"202000010984";"28";"1";"2020";"18:30";"5";"75";"75108";"2";"3";"2";"3";"RUE DU FAUBOURG SAINT HONORE";"48,8766620";"2,3014650"
"202000010985";"28";"1";"2020";"20:10";"5";"75";"75104";"2";"2";"2";"6";"RUE SAINT ANTOINE";"48,8539440";"2,3647590"
"202000010986";"28";"1";"2020";"13:00";"1";"75";"75104";"2";"2";"1";"3";"BOULEVARD DE SEBASTOPOL";"48,8606120";"2,3494040"
"202000010987";"28";"1";"2020";"15:40";"1";"75";"75101";"2";"2";"1";"3";"RUE DE RIVOLI";"48,8608920";"2,3408210"
"202000010988";"28";"1";"2020";"14:30";"1";"75";"75101";"2";"4";"1";"6";"RUE DU LOUVRE";"48,8644510";"2,3426470"
"202000010989";"28";"1";"2020";"11:00";"1";"75";"75104";"2";"3";"1";"1";"RUE SAINT ANTOINE";"48,8547920";"2,3624110"
"202000010990";"28";"1";"2020";"08:10";"2";"94";"94041";"2";"1";"1";"6";"HENRI BARBUSSE (AV)";"48,8105100";"2,3798400"
"202000010991";"27";"1";"2020";"17:10";"5";"94";"94041";"2";"1";"2";"1";"REPUBLIQUE (AV DE LA)";"48,8065100";"2,3924000"
"202000010992";"28";"1";"2020";"18:20";"5";"94";"94017";"2";"1";"3";"2";"GENERAL DE GAULLE (AV DU)";"48,8273300";"2,5206600"
"202000010993";"28";"1";"2020";"21:00";"5";"93";"93072";"2";"4";"2";"3";"JULES GUESDE (AVENUE) COTE N° IMPAIRS";"48,9630251";"2,3848257"
"202000010994";"28";"1";"2020";"10:30";"1";"93";"93059";"2";"9";"6";"3";"LENINE (AVENUE) N°36 AU 120 ET N°45 AU 1";"48,9559600";"2,3582400"
"202000010995";"28";"1";"2020";"10:27";"1";"93";"93071";"2";"1";"2";"2";"BRUNO BANCHER (AVENUE)";"48,9339200";"2,5332000"
"202000010996";"28";"1";"2020";"09:00";"1";"93";"93048";"2";"2";"1";"6";"MARCELIN BERTHELOT (RUE)";"48,8564900";"2,4371900"
"202000010997";"28";"1";"2020";"09:00";"1";"93";"93046";"2";"1";"2";"6";"KENNEDY AVENUE DU PRESIDENT";"48,9160000";"2,5327000"
"202000010998";"28";"1";"2020";"18:50";"5";"93";"93031";"2";"9";"2";"3";"DIX HUIT JUIN 1940 (AVENUE DU)";"48,9529429";"2,3074153"
"202000010999";"26";"1";"2020";"18:35";"5";"93";"93013";"2";"1";"1";"6";"LECLERC (AVENU DE LA DIVISION)";"48,9308414";"2,4214605"
"202000011000";"28";"1";"2020";"08:40";"1";"93";"93047";"2";"9";"8";"6";"R DU LAVOIR";"48,8997100";"2,5763300"
"202000011001";"28";"1";"2020";"09:05";"1";"93";"93047";"2";"9";"8";"6";"LAVOIR (RUE DU)";"48,8997100";"2,5763300"
"202000011002";"28";"1";"2020";"14:29";"1";"93";"93007";"2";"2";"2";"7";"CASANOVA (AVENUE)";"48,9240600";"2,4732300"
"202000011003";"28";"1";"2020";"10:50";"1";"93";"93005";"2";"3";"2";"2";"HAVRE (RUE DU)";"48,9223300";"2,4891900"
"202000011004";"27";"1";"2020";"18:25";"5";"92";"92046";"2";"9";"2";"3";"RAYMOND DAVID";"48,8174650";"2,2945825"
"202000011005";"28";"1";"2020";"07:50";"5";"92";"92076";"2";"4";"2";"6";"VILLEPREUX";"48,8408820";"2,1458475"
"202000011006";"28";"1";"2020";"12:10";"1";"92";"92051";"2";"1";"1";"3";"CHARLES DE GAULLE (AVENUE, N°27 A 129)";"48,8815148";"2,2715360"
"202000011007";"28";"1";"2020";"16:20";"1";"92";"92049";"2";"1";"1";"6";"ARCUEIL RUE D'";"48,8112855";"2,3235337"
"202000011008";"28";"1";"2020";"10:50";"1";"92";"92020";"2";"1";"1";"6";"PERI RUE GABRIEL";"48,8010395";"2,2867779"
"202000011009";"28";"1";"2020";"06:35";"5";"92";"92020";"2";"2";"1";"3";"FAURE BLD FELIX N°1 A 35 ET 28 A 36";"48,8018100";"2,2837400"
"202000011010";"28";"1";"2020";"18:20";"5";"92";"92044";"2";"1";"2";"6";"ED.VAILLANT(RUE) 75A117 ET80A96";"48,8973618";"2,2879387"
"202000011011";"27";"1";"2020";"19:00";"5";"92";"92036";"2";"3";"1";"6";"GRESILLONS (AVENUE DES) (1/45)";"48,9136347";"2,2986659"
"202000011012";"28";"1";"2020";"20:20";"3";"92";"92012";"2";"1";"2";"6";"PONT DE SEVRES (ROND POINT DU)";"48,8292609";"2,2289433"
"202000011013";"27";"1";"2020";"17:55";"5";"92";"92012";"2";"2";"2";"3";"REINE (ROUTE DE LA) 1/37- 6/80";"48,8391900";"2,2455400"
"202000011014";"28";"1";"2020";"18:40";"5";"92";"92002";"2";"1";"2";"3";"DIVISION LECLERC (53 A 217 - 58 A 186)";"48,7475500";"2,3038400"
"202000011015";"28";"1";"2020";"21:15";"5";"09";"09268";"2";"1";"1";"1";"Rue du Pont";"42,9998090";"1,1372330"
"202000011016";"27";"1";"2020";"18:50";"5";"74";"74191";"2";"2";"2";"6";"792 Avenue de Joux Plane";"46,1804620";"6,7021750"
"202000011017";"28";"1";"2020";"15:45";"1";"42";"42166";"1";"1";"2";"6";"Route Bleue";"45,9857100";"4,1099860"
"202000011018";"29";"1";"2020";"07:15";"5";"68";"68145";"2";"4";"2";"6";"5 Grand'Rue";"48,0811830";"7,3881980"
"202000011019";"28";"1";"2020";"19:10";"3";"37";"37005";"1";"1";"1";"2";"AUTOROUTE A10";"46,9649180";"0,5482925"
"202000011020";"28";"1";"2020";"18:45";"3";"56";"56237";"1";"1";"1";"1";"3 Rue de Botspern";"48,0096470";" -2,9497670"
"202000011021";"28";"1";"2020";"16:50";"2";"74";"74083";"1";"1";"4";"7";"2663 Route de Saint Gervais";"45,8911770";"6,6690850"
"202000011022";"28";"1";"2020";"16:20";"1";"74";"74276";"1";"1";"4";"1";"D907";"46,0961800";"6,6604190"
"202000011023";"25";"1";"2020";"19:15";"3";"42";"42013";"1";"1";"1";"1";"Route de Lyon";"45,6500260";"4,3119730"
"202000011024";"28";"1";"2020";"17:20";"1";"44";"44014";"1";"1";"2";"1";"La Jarie";"47,1063413";" -1,5097994"
"202000011025";"28";"1";"2020";"19:30";"3";"29";"29049";"1";"1";"3";"1";"D765 - Lieu Dit Nenez";"47,9676180";" -3,8914190"
"202000011026";"29";"1";"2020";"05:47";"3";"02";"02085";"1";"1";"2";"5";"D1";"49,0859910";"3,3972910"
"202000011027";"29";"1";"2020";"02:00";"3";"72";"72248";"1";"1";"1";"6";"D96";"47,8192500";"0,3876220"
"202000011028";"29";"1";"2020";"15:00";"1";"05";"05170";"1";"1";"1";"7";"D46";"44,4607250";"6,0363920"
"202000011029";"29";"1";"2020";"17:40";"2";"60";"60035";"1";"1";"1";" -1";"RD 154";"49,6554296";"2,8521939"
"202000011030";"29";"1";"2020";"10:30";"1";"60";"60286";"2";"3";"1";"1";"Rue d'Amiens";"49,6655520";"1,9418600"
"202000011031";"27";"1";"2020";"11:25";"1";"18";"18155";"1";"1";"1";"1";"D2076";"46,8201210";"3,0217120"
"202000011032";"26";"1";"2020";"17:39";"2";"40";"40094";"1";"1";"1";"1";"Gaye";"44,1745060";" -1,1080580"
"202000011033";"28";"1";"2020";"15:00";"1";"04";"04049";"2";"1";"1";"7";"Route du Pierraret";"44,0904250";"6,0084650"
"202000011034";"29";"1";"2020";"10:20";"1";"85";"85117";"1";"6";"1";"3";"RD 60";"46,4703540";" -1,2538900"
"202000011035";"28";"1";"2020";"17:45";"2";"85";"85146";"2";"1";"1";"6";"N/A";"46,9758100";" -1,2990200"
"202000011036";"19";"1";"2020";"19:00";"2";"987";"98734";"1";"1";"1";"1";"PK 38+900";" -17,7233790";" -149,5057300"
"202000011037";"28";"1";"2020";"18:10";"3";"10";"10438";"1";"1";"2";"2";"A5";"48,1661140";"4,5286420"
"202000011038";"28";"1";"2020";"21:30";"3";"973";"97307";"2";"1";"1";"6";"Rue de l'Alambic";"4,8825270";" -52,3226100"
"202000011039";"17";"1";"2020";"18:40";"4";"973";"97307";"2";"1";"1";"1";"33 Rue Citron Vert";"4,8756216";" -52,3248031"
"202000011040";"26";"1";"2020";"19:00";"3";"06";"06004";"1";"1";"1";"2";"a8 pk 173.100 chaussée nord";"43,6112580";"7,1067690"
"202000011041";"28";"1";"2020";"08:15";"1";"06";"06079";"1";"1";"1";"3";"A8";"43,5575330";"6,9551500"
"202000011042";"29";"1";"2020";"05:35";"3";"38";"38053";"1";"1";"3";"5";"A43";"45,5811300";"5,3034900"
"202000011043";"28";"1";"2020";"10:09";"1";"38";"38553";"1";"1";"2";"1";"D1006";"45,6273570";"5,1622550"
"202000011044";"28";"1";"2020";"17:25";"1";"972";"97228";"1";"1";"1";"2";"Chemin Rural du Quartier Francois";"14,7579820";" -61,0230340"
"202000011045";"29";"1";"2020";"07:48";"2";"13";"13088";"2";"3";"1";"3";"Route Departementale 568";"43,3662870";"5,2633889"
"202000011046";"28";"1";"2020";"12:02";"1";"77";"77318";"1";"1";"1";" -1";"Route nationale 36";"48,7778260";"2,8654862"
"202000011047";"29";"1";"2020";"08:05";"1";"78";"78522";"1";"2";"1";"1";"D988";"48,5857850";"1,9815090"
"202000011048";"24";"1";"2020";"18:35";"3";"66";"66037";"1";"1";"1";"1";"RD.81A";"42,6528070";"3,0330450"
"202000011049";"27";"1";"2020";"00:15";"3";"38";"38451";"1";"1";"2";"6";"Route de Cremieu";"45,7400700";"5,2313300"
"202000011050";"28";"1";"2020";"13:15";"1";"01";"01012";"1";"1";"4";"7";"La Grange Goyet";"46,0046230";"5,5468080"
"202000011051";"28";"1";"2020";"16:50";"1";"17";"17184";"1";"1";"1";"1";"D733";"45,7948480";" -0,9360690"
"202000011052";"28";"1";"2020";"23:15";"3";"85";"85155";"1";"1";"2";"2";"Le Vigneau";"46,6901780";" -1,4656500"
"202000011053";"29";"1";"2020";"19:25";"5";"27";"27448";"2";"1";"1";"6";"40 Rue Edouard Isambard";"49,0137600";"1,3796100"
"202000011054";"28";"1";"2020";"18:30";"5";"60";"60341";"2";"3";"3";"6";"D84";"49,0892980";"2,7402200"
"202000011055";"22";"1";"2020";"11:30";"1";"02";"02242";"2";"1";"1";"7";"D969";"48,9777520";"3,2482840"
"202000011056";"29";"1";"2020";"15:00";"1";"62";"62380";"1";"1";"1";"4";"D65";"50,3945520";"2,6477410"
"202000011057";"23";"1";"2020";"09:05";"1";"13";"13001";"1";"1";"1";" -1";"A51-Sens Marseille vers Aix en Provence";"43,5116070";"5,4222440"
"202000011058";"28";"1";"2020";"09:15";"1";"13";"13005";"1";"1";"1";"5";"A50-Sens Marseille vers Aubagne";"43,2885999";"5,5497001"
"202000011059";"27";"1";"2020";"08:10";"1";"13";"13216";"1";"1";"1";"2";"A55-Sens Martigues vers Marseille";"43,3666700";"5,3297570"
"202000011060";"23";"1";"2020";"15:30";"1";"69";"69296";"1";"1";"1";"2";"A7  ";"45,6542100";"4,8387500"
"202000011061";"24";"1";"2020";"16:30";"1";"69";"69266";"1";"1";"1";"4";"RD 383  ";"45,7850193";"4,8905892"
"202000011062";"28";"1";"2020";"15:15";"1";"33";"33366";"1";"1";"1";"2";"AUTOROUTE A 10";"45,0098100";" -0,4283800"
"202000011063";"28";"1";"2020";"07:00";"3";"91";"91570";"1";"1";"1";"3";"RN 104";"48,6253000";"2,3255000"
"202000011064";"28";"1";"2020";"08:40";"1";"91";"91689";"1";"1";"1";"3";"AUTOROUTE A6";"48,7298840";"2,3146490"
"202000011065";"28";"1";"2020";"07:45";"1";"91";"91687";"1";"1";"1";"3";"AUTOROUTE A6";"48,6636605";"2,3661172"
"202000011066";"28";"1";"2020";"13:22";"3";"78";"78238";"1";"1";"1";"2";"A13W";"48,9692200";"1,8645010"
"202000011067";"27";"1";"2020";"18:10";"3";"78";"78043";"1";"1";"2";"7";"A12 Y";"48,8422810";"2,0993140"
"202000011068";"27";"1";"2020";"11:15";"1";"95";"95582";"1";"1";"2";"2";"RD 170";"48,9666700";"2,2736600"
"202000011069";"27";"1";"2020";"17:30";"2";"95";"95277";"1";"1";"3";"2";"AUTOROUTE A104";"48,9722100";"2,4861000"
"202000011070";"27";"1";"2020";"18:46";"4";"93";"93066";"1";"1";"2";"2";"AUTOROUTE A1";"48,9298900";"2,3641900"
"202000011071";"27";"1";"2020";"09:00";"2";"95";"95582";"1";"1";"2";"4";"RD 170";"48,9671000";"2,2735100"
"202000011072";"27";"1";"2020";"08:30";"2";"95";"95582";"1";"1";"2";"7";"RD 170";"48,9664200";"2,2734700"
"202000011073";"26";"1";"2020";"00:00";"3";"95";"95572";"1";"1";"1";"3";"AUTOROUTE A15";"49,0320700";"2,1066600"
"202000011074";"25";"1";"2020";"20:45";"3";"93";"93005";"1";"1";"1";"7";"AUTOROUTE A3";"48,9473100";"2,4758100"
"202000011075";"24";"1";"2020";"18:10";"3";"95";"95241";"1";"1";"1";"6";"RN 104";"49,0475300";"2,4616600"
"202000011076";"27";"1";"2020";"17:00";"2";"94";"94073";"1";"1";"2";"5";"A86 INT";"48,7603946";"2,3827328"
"202000011077";"27";"1";"2020";"06:35";"3";"94";"94018";"1";"1";"2";"3";"A4";"48,8193600";"2,4061700"
"202000011078";"27";"1";"2020";"17:10";"1";"976";"97611";"2";"9";"1";"1";"kaweni-Zamantalé (ruelle)";" -12,7737744";"45,2202637"
"202000011079";"26";"1";"2020";"23:20";"3";"974";"97416";"1";"9";"1";"6";"RN2 (2)";" -21,3532000";"55,5098300"
"202000011080";"26";"1";"2020";"19:20";"3";"972";"97213";"1";"1";"1";"4";"ROUTE DEPARTEMENTALE 15";"14,6435930";" -61,0104290"
"202000011081";"26";"1";"2020";"20:40";"5";"69";"69385";"2";"1";"8";"3";"ROMAIN ROLLAND                      (QU)";"45,7623000";"4,8288000"
"202000011082";"10";"1";"2020";"17:20";"1";"69";"69384";"2";"1";"1";"6";"GEORGES CLEMENCEAU                  (QU)";"45,7748844";"4,8096675"
"202000011083";"27";"1";"2020";"08:55";"1";"971";"97120";"2";"1";"1";"7";"CHANZY (BOULEVARD)";"16,2415200";" -61,5378000"
"202000011084";"26";"1";"2020";"18:50";"5";"971";"97113";"1";"1";"1";"1";"RN4 - SECTION RIVIERA";"16,2097879";" -61,4720839"
"202000011085";"26";"1";"2020";"16:25";"1";"971";"97101";"1";"1";"1";"3";"BESSON";"16,2370400";" -61,5016200"
"202000011086";"25";"1";"2020";"21:25";"5";"95";"95288";"2";"9";"1";"3";"PASTEUR (RUE)";"48,9862700";"2,3517500"
"202000011087";"27";"1";"2020";"17:30";"4";"91";"91471";"2";"1";"2";"6";"DUBREUIL (BOULEVARD)";"48,6979100";"2,1839300"
"202000011088";"27";"1";"2020";"18:25";"5";"91";"91687";"2";"9";"2";"3";"BELLAY (AVENUE DU)";"48,6758220";"2,3633510"
"202000011089";"27";"1";"2020";"16:20";"1";"91";"91174";"2";"1";"2";"3";"JOHN KENNEDY (BOULEVARD)";"48,5835100";"2,4766200"
"202000011090";"27";"1";"2020";"08:10";"2";"91";"91174";"2";"9";"3";"6";"DUNANT ( BD HENRI)";"48,6043900";"2,4820900"
"202000011091";"27";"1";"2020";"05:40";"3";"91";"91339";"2";"1";"2";"2";"RN 20";"48,6350600";"2,2661600"
"202000011092";"14";"1";"2020";"17:50";"5";"88";"88383";"2";"3";"1";"6";"RUE DES 5 EME ET 15 EME B.C.P.";"48,0173100";"6,5963400"
"202000011093";"25";"1";"2020";"16:19";"1";"87";"87048";"1";"1";"1";"7";"NEXON (ROUTE DE)";"45,7766800";"1,2209700"
"202000011094";"27";"1";"2020";"18:45";"5";"85";"85191";"2";"6";"3";"6";"ROND-POINT DUCHESNE-DE-DENANT ";"46,6508500";" -1,4376300"
"202000011095";"26";"1";"2020";"09:45";"1";"83";"83062";"2";"1";"8";"1";"THOUAR MONTEE";"43,1331500";"6,0096800"
"202000011096";"26";"1";"2020";"22:00";"5";"83";"83129";"2";"1";"8";"2";"MER (AVENUE DE LA) N° PAIRS";"43,1050720";"5,8170117"
"202000011097";"25";"1";"2020";"23:00";"5";"83";"83129";"2";"1";"1";"3";"KENNEDY(AVENUE J.)N° PAIRS après 2742";"43,1085046";"5,8463493"
"202000011098";"27";"1";"2020";"07:40";"3";"78";"78440";"2";"3";"3";"6";"PAUL RAOULT (AVENUE)";"48,9949710";"1,9137360"
"202000011099";"24";"1";"2020";"18:11";"1";"76";"76351";"2";"3";"1";"6";"GUSTAVE BRINDEAU (RUE)";"49,4906400";"0,1413700"
"202000011100";"25";"1";"2020";"14:30";"1";"67";"67218";"2";"1";"1";"2";"CEINTURE (RUE DE LA)";"48,5267400";"7,7211100"
"202000011101";"24";"1";"2020";"19:06";"4";"66";"66136";"2";"2";"1";"3";"REART (AVENUE DE LA)";"42,6836700";"2,9083600"
"202000011102";"25";"1";"2020";"03:10";"5";"63";"63113";"2";"1";"1";"6";"MITTERRAND (BD FRANCOIS)";"45,7708200";"3,0874300"
"202000011103";"25";"1";"2020";"13:03";"1";"63";"63113";"2";"6";"1";"2";"RECLUS (AVENUE ELISEE)";"45,7882700";"3,1396000"
"202000011104";"24";"1";"2020";"14:45";"1";"63";"63113";"2";"4";"1";"3";"DUMAS (BD J.BAPTISTE)";"45,7865200";"3,0915300"
"202000011105";"27";"1";"2020";"08:15";"2";"59";"59009";"2";"1";"8";"6";"CANTELEU AVENUE DE";"50,6384600";"3,1482400"
"202000011106";"26";"1";"2020";"20:50";"5";"59";"59017";"2";"2";"2";"3";"RESISTANTS (RUE DES )";"50,6913700";"2,8731100"
"202000011107";"24";"1";"2020";"22:00";"5";"58";"58194";"2";"3";"1";"1";"MADEMOISELLE BOURGEOIS";"46,9999500";"3,1756600"
"202000011108";"28";"1";"2020";"02:00";"5";"54";"54547";"2";"1";"2";"6";"M 674";"48,6710440";"6,1931990"
"202000011109";"27";"1";"2020";"17:30";"5";"54";"54395";"2";"2";"3";"6";"TOMBLAINE (RUE DE)";"48,6867850";"6,2010200"
"202000011110";"26";"1";"2020";"00:10";"5";"54";"54526";"2";"2";"5";"3";"PROUVE (RUE VICTOR)";"48,6792520";"6,2173040"
"202000011111";"25";"1";"2020";"23:24";"3";"49";"49267";"2";"1";"1";"7";"A87N";"47,4668800";" -0,5162200"
"202000011112";"26";"1";"2020";"10:40";"1";"47";"47001";"2";"3";"1";" -1";"DURRENS (RUE DE)";"44,2004000";"0,6340300"
"202000011113";"27";"1";"2020";"08:00";"2";"45";"45274";"2";"1";"2";"1";"D951 - PR86+350";"47,8658920";"1,9641602"
"202000011114";"25";"1";"2020";"16:50";"1";"45";"45068";"2";"1";"1";"6";"R ANDRE GIDE";"48,0325620";"2,7442530"
"202000011115";"21";"1";"2020";"13:25";"1";"37";"37122";"2";"1";"7";"6";"VERDUN (RUE DE)";"47,3467269";"0,6655133"
"202000011116";"26";"1";"2020";"20:05";"4";"35";"35288";"2";"1";"3";"6";"CONTI (RUE ANITA)";"48,6467400";" -2,0052790"
"202000011117";"27";"1";"2020";"19:45";"4";"35";"35238";"2";"1";"2";"3";"VERN (DE)";"48,0995916";" -1,6575926"
"202000011118";"27";"1";"2020";"15:39";"1";"35";"35278";"1";"1";"2";"6";"RN 136 PORTE DE ST MALO";"48,1440000";" -1,6966500"
"202000011119";"24";"1";"2020";"01:45";"4";"34";"34172";"2";"1";"1";"6";"AIGUERELLES (RUE DES)";"43,6038700";"3,8814900"
"202000011120";"28";"1";"2020";"02:00";"5";"33";"33063";"2";"4";"2";"6";"RUE GASPARD PHILIPPE / PL CANTELOUP";"44,8331829";" -0,5666536"
"202000011121";"27";"1";"2020";"20:10";"5";"33";"33522";"2";"6";"2";"3";"RUE PACARIS / RUE CLEMENT THOMAS / CHEM DE BENEDIGUES";"44,7988200";" -0,5827000"
"202000011122";"27";"1";"2020";"15:27";"1";"33";"33249";"2";"6";"2";"3";"AVE DE LA LIBERATION / RUE DES GAROSSES";"44,8764000";" -0,5192100"
"202000011123";"17";"1";"2020";"08:30";"2";"33";"33281";"2";"2";"2";"6";"AVE DES EYQUEMS / RUE MARBOTIN / CHEM DE LA TOUR DE VEYRINES";"44,8279300";" -0,6461400"
"202000011124";"26";"1";"2020";"11:00";"1";"31";"31555";"2";"3";"1";"3";"RUE DU LOT";"43,5805100";"1,4101700"
"202000011125";"26";"1";"2020";"21:15";"5";"31";"31555";"2";"1";"1";" -1";"AV DE MURET";"43,5922900";"1,4342000"
"202000011126";"25";"1";"2020";"07:00";"4";"31";"31069";"1";"1";"1";"3";"FIL D'ARIANE (RD902)";"43,6410100";"1,3748100"
"202000011127";"24";"1";"2020";"17:40";"2";"31";"31555";"1";"1";"1";"2";"VA007331 A620";"43,6070430";"1,4071620"
"202000011128";"24";"1";"2020";"12:02";"1";"31";"31555";"2";"1";"1";"3";"SEBASTOPOL (RUE DE) DU 1AU 28";"43,6106700";"1,4297300"
"202000011129";"20";"1";"2020";"20:17";"5";"29";"29039";"2";"3";"1";"6";"Rue Charles le Goffic";"47,8745661";" -3,9287849"
"202000011130";"27";"1";"2020";"07:55";"5";"29";"29019";"2";"3";"2";"3";"Rue de Glasgow";"48,3970539";" -4,4833372"
"202000011131";"24";"1";"2020";"17:50";"5";"25";"25462";"2";"1";"1";"6";"MORTEAU DE (DU 0 AU 30)";"46,9084700";"6,3573900"
"202000011132";"24";"1";"2020";"08:00";"5";"21";"21054";"2";"2";"5";"6";"10 Boulevard Perpreuil";"47,0215563";"4,8405882"
"202000011133";"22";"1";"2020";"16:20";"1";"18";"18279";"2";"1";"1";"6";"ROUX (RUE DU DOCTEUR)";"47,2240400";"2,0701100"
"202000011134";"16";"1";"2020";"16:30";"2";"18";"18255";"1";"1";"1";"3";"RD 2151";"47,0167000";"2,3000000"
"202000011135";"23";"1";"2020";"16:45";"2";"16";"16089";"2";"1";"1";"6";"parking Hypermerché Auchan";"45,6840400";" -0,3048100"
"202000011136";"27";"1";"2020";"17:00";"2";"16";"16341";"1";"9";"1";"3";"Bretelle entrée sur RN";"45,6400410";"0,1186690"
"202000011137";"24";"1";"2020";"17:45";"3";"14";"14366";"2";"1";"1";"3";"PARIS (ROUTE DE)";"49,1458200";"0,2404060"
"202000011138";"23";"1";"2020";"13:55";"1";"14";"14118";"2";"1";"1";"6";"JUIN (BOULEVARD MARECHAL)";"49,2104200";" -0,3673400"
"202000011139";"27";"1";"2020";"17:15";"2";"13";"13205";"2";"2";"1";"3";"FERRARI (RUE)";"43,2937950";"5,3888270"
"202000011140";"27";"1";"2020";"08:20";"1";"13";"13208";"2";"1";"1";"3";"PERIER (BOULEVARD)";"43,2795176";"5,3851542"
"202000011141";"25";"1";"2020";"20:21";"5";"10";"10387";"2";"1";"1";"3";"LOUIS ULBACH (RUE)";"48,2944800";"4,0774600"
"202000011142";"25";"1";"2020";"07:49";"5";"10";"10387";"2";"2";"1";"3";"GENERAL CHARLES DELESTRAIN (RUE)";"48,2913700";"4,0709500"
"202000011143";"22";"1";"2020";"08:20";"1";"08";"08409";"2";"1";"1";"6";"FAUSSES BRAIES (RUE DES)";"49,6980200";"4,9499800"
"202000011144";"27";"1";"2020";"11:30";"1";"07";"07281";"2";"1";"1";"2";"HUIT MAI (AVENUE DU)";"44,9464800";"4,8505400"
"202000011145";"27";"1";"2020";"10:55";"1";"75";"75116";"2";"4";"1";"5";"PORTE D AUTEUIL";"48,8472920";"2,2540370"
"202000011146";"26";"1";"2020";"08:30";"2";"75";"75113";"2";"3";"1";"6";"QUAI D IVRY";"48,8251190";"2,3887750"
"202000011147";"27";"1";"2020";"14:20";"1";"75";"75105";"2";"2";"2";" -1";"RUE GAY LUSSAC";"48,8459560";"2,3412130"
"202000011148";"27";"1";"2020";"08:30";"5";"75";"75105";"2";"2";"2";"6";"RUE GAY LUSSAC";"48,8425870";"2,3429100"
"202000011149";"27";"1";"2020";"12:05";"1";"75";"75117";"2";"2";"2";"7";"RUE GUY MOQUET";"48,8917060";"2,3212040"
"202000011150";"27";"1";"2020";"16:53";"1";"75";"75116";"2";"3";"2";"6";"AVENUE THEOPHILE GAUTIER";"48,8503760";"2,2733140"
"202000011151";"27";"1";"2020";"12:10";"1";"75";"75116";"2";"1";"2";"6";"AVENUE DE LA GRANDE ARMEE";"48,8766900";"2,2858480"
"202000011152";"26";"1";"2020";"03:50";"5";"75";"75115";"2";"3";"1";"3";"RUE LECOURBE";"48,8442440";"2,3082140"
"202000011153";"27";"1";"2020";"19:36";"5";"75";"75113";"2";"5";"2";"3";"RUE DE TOLBIAC";"48,8261600";"2,3599760"
"202000011154";"26";"1";"2020";"22:32";"5";"75";"75113";"2";"3";"2";"3";"AVENUE DE CHOISY";"48,8226040";"2,3627220"
"202000011155";"27";"1";"2020";"21:00";"5";"75";"75112";"2";"5";"2";"3";"AVENUE DAUMESNIL";"48,8341990";"2,4107610"
"202000011156";"27";"1";"2020";"19:30";"5";"75";"75112";"2";"1";"2";"6";"PLACE LOUIS ARMAND";"48,8451960";"2,3725250"
"202000011157";"27";"1";"2020";"15:08";"1";"75";"75109";"2";"2";"2";"6";"RUE SAINT LAZARE";"48,8755460";"2,3266370"
"202000011158";"27";"1";"2020";"19:50";"5";"75";"75108";"2";"1";"2";"2";"AVENUE DES CHAMPS ELYSEES";"48,8680520";"2,3130630"
"202000011159";"26";"1";"2020";"22:48";"5";"75";"75108";"2";"1";"2";"6";"RUE DU FAUBOURG SAINT HONORE";"48,8775640";"2,2989080"
"202000011160";"27";"1";"2020";"18:45";"4";"75";"75107";"2";"3";"2";"7";"QUAI BRANLY";"48,8616070";"2,2976790"
"202000011161";"27";"1";"2020";"17:05";"5";"75";"75101";"2";"1";"2";"6";"BOULEVARD DU PALAIS";"48,8552620";"2,3458490"
"202000011162";"24";"1";"2020";"19:00";"4";"94";"94046";"2";"1";"1";"1";"CARNOT (R)";"48,8033447";"2,4390512"
"202000011163";"27";"1";"2020";"07:40";"5";"94";"94076";"2";"3";"2";"6";"MAXIME GORKI (BD)";"48,7885910";"2,3683380"
"202000011164";"27";"1";"2020";"08:30";"1";"94";"94073";"2";"1";"2";"6";"VERSAILLES (AV DE)";"48,7603400";"2,3997100"
"202000011165";"26";"1";"2020";"20:40";"3";"94";"94065";"1";"1";"1";"2";"Route nationale 186";"48,7537600";"2,3578800"
"202000011166";"27";"1";"2020";"09:20";"1";"94";"94028";"2";"3";"2";"2";"LECLERC.(RUE DU GENERAL)";"48,7907800";"2,4649700"
"202000011167";"27";"1";"2020";"10:40";"1";"94";"94018";"2";"1";"8";"3";"CARRIERES (QU DES)";"48,8195900";"2,4062200"
"202000011168";"27";"1";"2020";"14:30";"1";"93";"93078";"2";"9";"3";"2";"AV VAUBAN";"48,9687417";"2,5509235"
"202000011169";"27";"1";"2020";"08:15";"2";"93";"93046";"2";"2";"2";"6";"ALL JOSEPH NOIZE / AV DU MARECHAL LECLERC";"48,9202000";"2,5392000"