"Num_Acc";"jour";"mois";"an";"hrmn";"lum";"dep";"com";"agg";"int";"atm";"col";"adr";"lat";"long"
"202000011170";"27";"1";"2020";"01:22";"5";"93";"93046";"2";"1";"2";"2";"CONSUL GENERAL NORDLING AVENUE";"48,9169212";"2,5327726"
"202000011171";"27";"1";"2020";"21:15";"5";"93";"93029";"2";"2";"2";"3";"FAIDHERBE N°";"48,9224000";"2,4337000"
"202000011172";"15";"9";"2020";"07:55";"1";"13";"13041";"2";"9";"1";"5";"Avenue Emile Zola Biver";"43,4399127";"5,4649942"
"202000011173";"14";"9";"2020";"17:26";"1";"57";"57276";"1";"2";"1";"5";"D19";"49,0741960";"6,5314690"
"202000011174";"11";"9";"2020";"10:00";"1";"38";"38449";"2";"1";"1";"2";"Rue du Limousin";"45,6381700";"5,1095100"
"202000011175";"15";"9";"2020";"21:40";"3";"01";"01032";"1";"1";"1";"1";"Route du Cruisseau";"45,8664050";"5,1280370"
"202000011176";"15";"9";"2020";"18:40";"2";"31";"31417";"2";"1";"1";"1";"81 Route de Léguevin";"43,6065410";"1,2610630"
"202000011177";"28";"8";"2020";"08:00";"1";"64";"64496";"2";"6";"1";"3";"D635";"43,4753340";" -1,4420360"
"202000011178";"16";"9";"2020";"16:30";"1";"56";"56069";"1";"1";"1";"7";"Route des Plages";"47,6384370";" -3,4450830"
"202000011179";"15";"9";"2020";"18:00";"1";"13";"13055";"1";"1";"1";"2";"A507 sens Marseille - Aubagne";"43,3299257";"5,4025133"
"202000011180";"15";"9";"2020";"08:14";"1";"13";"13207";"1";"1";"1";"5";"Tunnel Prado Carénage";"43,2832443";"5,3856064"
"202000011181";"14";"9";"2020";"05:30";"4";"13";"13211";"1";"1";"1";"2";"A50-Sens Aubagne vers Marseille";"43,2872940";"5,4380500"
"202000011182";"14";"9";"2020";"16:08";"1";"13";"13211";"1";"1";"1";"2";"A50-Sens Aubagne vers Marseille";"43,2930000";"5,4551000"
"202000011183";"14";"9";"2020";"15:45";"1";"13";"13202";"1";"1";"1";"7";"A55-Sens Marseille vers Martigues";"43,3198000";"5,3637230"
"202000011184";"14";"9";"2020";"12:41";"1";"13";"13055";"1";"1";"1";"2";"A507 sens Marseille - Aubagne";"43,2922000";"5,4593000"
"202000011185";"14";"9";"2020";"07:15";"1";"13";"13211";"1";"1";"1";"3";"A50-Sens Marseille vers Aubagne";"43,2858000";"5,4288000"
"202000011186";"14";"9";"2020";"06:15";"2";"69";"69297";"1";"1";"1";"5";"A7   15.770 A 20.110";"45,5884839";"4,7982593"
"202000011187";"15";"9";"2020";"14:20";"1";"67";"67482";"1";"1";"1";"3";"Autoroute A.35";"48,5898690";"7,7316500"
"202000011188";"13";"9";"2020";"11:58";"1";"59";"59143";"1";"1";"1";"2";"AUTOROUTE A25";"50,6665180";"2,8823630"
"202000011189";"14";"9";"2020";"18:00";"1";"59";"59507";"1";"1";"1";"3";"AUTOROUTE A1";"50,6041152";"3,1009072"
"202000011190";"15";"9";"2020";"10:02";"1";"91";"91521";"1";"1";"1";"2";"AUTOROUTE A6";"48,6298000";"2,4109000"
"202000011191";"14";"9";"2020";"08:55";"1";"91";"91235";"1";"1";"1";"3";"RN 104";"48,6261400";"2,3541400"
"202000011192";"15";"9";"2020";"20:25";"4";"92";"92036";"1";"1";"1";"3";"A86";"48,9356989";"2,2617700"
"202000011193";"15";"9";"2020";"07:45";"1";"78";"78498";"1";"1";"1";"3";"A13";"48,9096060";"2,0054300"
"202000011194";"14";"9";"2020";"09:30";"1";"78";"78423";"1";"1";"1";"4";"RN12";"48,7956380";"2,0449350"
"202000011195";"15";"9";"2020";"13:00";"1";"93";"93048";"1";"1";"1";"4";"AUTOROUTE A3";"48,8735200";"2,4363900"
"202000011196";"15";"9";"2020";"08:55";"1";"93";"93010";"1";"1";"1";"2";"AUTOROUTE A3";"48,9062500";"2,4721300"
"202000011197";"15";"9";"2020";"06:30";"3";"95";"95018";"1";"1";"1";"5";"A15";"48,9602600";"2,2708300"
"202000011198";"15";"9";"2020";"18:30";"1";"77";"77514";"1";"1";"1";" -1";"A104";"48,9407145";"2,6282125"
"202000011199";"15";"9";"2020";"18:50";"1";"75";"75112";"1";"1";"1";"2";"A4";"48,8213220";"2,4620680"
"202000011200";"15";"9";"2020";"17:15";"1";"94";"94042";"1";"1";"1";"4";"A4";"48,8269503";"2,4680133"
"202000011201";"15";"9";"2020";"11:00";"1";"94";"94046";"1";"1";"1";"4";"A86 INT";"48,7870390";"2,4399960"
"202000011202";"15";"9";"2020";"08:45";"1";"77";"77055";"1";"1";"1";" -1";"A104";"48,9007400";"2,6528300"
"202000011203";"14";"9";"2020";"14:30";"1";"94";"94017";"1";"1";"1";"3";"A4";"48,8281900";"2,5040000"
"202000011204";"14";"9";"2020";"09:30";"1";"93";"93051";"1";"1";"1";"2";"A4";"48,8364292";"2,5518916"
"202000011205";"31";"5";"2020";"20:55";"2";"17";"17299";"2";"6";"1";"2";"BARIL RUE DU DOCTEUR";"45,9419350";" -0,9751070"
"202000011206";"13";"9";"2020";"11:56";"1";"974";"97411";"2";"9";"1";"3";"Ancienne RN1";" -21,3250000";"55,4463000"
"202000011207";"12";"9";"2020";"14:50";"1";"974";"97407";"1";"3";"1";"3";"ROUTE DU SACRE COEUR";" -20,9569399";"55,3139813"
"202000011208";"14";"9";"2020";"15:00";"1";"973";"97302";"2";"1";"1";"3";"MONTABO (ROUTE DE) 1";"4,9338762";" -52,2908878"
"202000011209";"14";"9";"2020";"19:00";"2";"69";"69259";"2";"6";"7";"3";"JACQUES DUCLOS                      (AV)";"45,6973800";"4,8908900"
"202000011210";"14";"9";"2020";"10:43";"1";"69";"69199";"2";"1";"1";"6";"CARNOT                              (R )";"45,7080337";"4,8586087"
"202000011211";"13";"9";"2020";"19:00";"3";"972";"97213";"1";"1";"1";"4";"ROUTE NATIONALE 5";"14,5966000";" -60,9947000"
"202000011212";"14";"9";"2020";"19:15";"3";"972";"97209";"1";"1";"1";"5";"CLUNY (ROUTE DE)";"14,6159900";" -61,0833500"
"202000011213";"14";"9";"2020";"12:10";"1";"69";"69382";"2";"2";"1";"3";"DOCTEUR GAILLETON (DU)              (QU)";"45,7506100";"4,8319800"
"202000011214";"9";"9";"2020";"10:30";"1";"91";"91521";"2";"1";"1";"6";"REMY (RUE ALBERT)";"48,6568300";"2,4080000"
"202000011215";"14";"9";"2020";"08:10";"1";"91";"91657";"2";"3";"1";"7";"HENRI CHARON (AVENUE)";"48,7063200";"2,4224100"
"202000011216";"12";"9";"2020";"16:45";"1";"91";"91339";"2";"1";"1";"2";"BENOIST ROBERT (AVENUE)";"48,6347800";"2,2661200"
"202000011217";"11";"9";"2020";"17:37";"1";"87";"87113";"2";"1";"1";"4";"LIMOGES (AVENUE DE)";"45,8554900";"1,3083400"
"202000011218";"12";"9";"2020";"01:45";"5";"87";"87085";"2";"1";"1";"7";"HOCHE (RUE)";"45,8386900";"1,2600000"
"202000011219";"11";"9";"2020";"10:49";"1";"87";"87085";"2";"1";"1";"7";"GAMBETTA (BOULEVARD)";"45,8280100";"1,2571000"
"202000011220";"12";"9";"2020";"23:50";"5";"86";"86194";"2";"1";"1";"3";"Avenue du 11 Novembre";"46,5710550";"0,3699290"
"202000011221";"14";"9";"2020";"07:00";"2";"86";"86194";"2";"6";"1";"3";"Rue de la Jambe à l’Ane";"46,5706700";"0,3498200"
"202000011222";"13";"8";"2020";"21:25";"5";"83";"83123";"2";"1";"1";"6";"GARE (ROUTE)";"43,1216740";"5,8188930"
"202000011223";"11";"9";"2020";"14:15";"1";"80";"80021";"2";"1";"1";"3";"GENERAL LECLERC (RUE DU )";"49,8962000";"2,2939700"
"202000011224";"12";"9";"2020";"18:20";"1";"80";"80021";"2";"1";"1";"7";"GRAND MARAIS (RUE DU)";"49,9215800";"2,2610000"
"202000011225";"12";"9";"2020";"11:15";"1";"80";"80021";"2";"1";"1";"6";"COLBERT (RUE )";"49,8942500";"2,2771500"
"202000011226";"13";"9";"2020";"02:20";"5";"80";"80164";"2";"1";"1";"6";"AMBROISE CROIZAT (RUE)";"49,8988000";"2,3402800"
"202000011227";"9";"9";"2020";"15:40";"1";"80";"80131";"1";"1";"1";"7";"CD116";"49,8510910";"2,3699570"
"202000011228";"13";"9";"2020";"12:10";"1";"78";"78490";"2";"1";"1";"1";"BRETECHELLE (RUE DE LA)";"48,8159700";"1,9590600"
"202000011229";"9";"9";"2020";"16:30";"1";"78";"78297";"2";"9";"1";"3";"PERRET (PLACE DES FRERES)";"48,7711400";"2,0822100"
"202000011230";"12";"9";"2020";"21:30";"5";"77";"77495";"1";"2";"1";"3";"D306 - D82";"48,5681900";"2,6260100"
"202000011231";"11";"9";"2020";"16:00";"1";"76";"76410";"2";"1";"1";" -1";"MARTYRS DE LA RESISTANCE. RUE DES";"49,4819600";"1,0384800"
"202000011232";"12";"9";"2020";"00:26";"5";"76";"76540";"2";"2";"1";"6";"EUROPE. BOULEVARD DE L'";"49,4259400";"1,0873400"
"202000011233";"13";"9";"2020";"00:55";"5";"76";"76351";"2";"1";"1";"3";"GEORGES LAFAURIE (RUE)";"49,5014000";"0,1144000"
"202000011234";"14";"9";"2020";"10:50";"1";"74";"74218";"2";"3";"1";"3";"PAYS DE GAVOT (ROUTE DU)  RD11";"46,3871424";"6,5460128"
"202000011235";"13";"9";"2020";"15:00";"1";"74";"74281";"2";"7";"1";"3";"TULLY (ROUTE DE)";"46,3732477";"6,4974804"
"202000011236";"11";"9";"2020";"17:55";"1";"68";"68066";"2";"9";"7";"6";"HENNER (RUE)";"48,0679700";"7,3483300"
"202000011237";"19";"7";"2020";"17:20";"1";"60";"60282";"2";"1";"7";"3";"D1016";"49,2046450";"2,4617740"
"202000011238";"12";"9";"2020";"11:10";"1";"67";"67447";"2";"1";"1";"3";"Route de Bischwiller";"48,6091475";"7,7504039"
"202000011239";"19";"7";"2020";"01:50";"3";"80";"80101";"1";"1";"1";"2";"A1";"49,6416780";"2,7589420"
"202000011240";"12";"9";"2020";"09:42";"1";"66";"66136";"2";"3";"1";"3";"VAUBAN (TRAVERSE SEBASTIEN)";"42,6985800";"2,8897800"
"202000011241";"18";"7";"2020";"02:15";"3";"59";"59133";"1";"1";"1";"7";"la barolue";"50,5250710";"2,9763190"
"202000011242";"10";"9";"2020";"17:48";"1";"66";"66136";"2";"1";"1";"3";"PALAIS-DES-EXPO (AVENUE DU)";"42,7079788";"2,9028261"
"202000011243";"17";"7";"2020";"23:20";"3";"13";"13106";"1";"1";"1";"2";"A7-Sens Marseille vers Lyon";"43,3893000";"5,3509500"
"202000011244";"16";"7";"2020";"22:45";"5";"13";"13015";"1";"9";"1";"7";"A515CM-sortie Gardanne/Bouc Bel Air";"43,4533000";"5,3972000"
"202000011245";"14";"9";"2020";"00:35";"5";"64";"64102";"2";"1";"1";"7";"MARINES (AVENUE DES ALLEES)";"43,4961200";" -1,4810600"
"202000011246";"18";"7";"2020";"14:15";"1";"92";"92019";"1";"1";"1";"2";"RN 385";"48,7598766";"2,2778916"
"202000011247";"13";"9";"2020";"18:50";"1";"64";"64102";"2";"1";"1";"7";"MAUBEC (RUE)";"43,4993620";" -1,4669970"
"202000011248";"13";"9";"2020";"12:00";"1";"64";"64024";"2";"1";"1";"7";"PLAGES (BOULEVARD DES)";"43,4999300";" -1,5399100"
"202000011249";"17";"7";"2020";"22:30";"3";"92";"92036";"1";"1";"1";"1";"A86";"48,9346513";"2,2807401"
"202000011250";"17";"7";"2020";"08:00";"1";"78";"78423";"1";"1";"1";"3";"RN12";"48,7937190";"2,0513940"
"202000011251";"12";"9";"2020";"18:30";"1";"64";"64024";"2";"3";"1";"2";"FALAISES (PROMENADE DES)";"43,4964000";" -1,5390300"
"202000011252";"18";"7";"2020";"18:00";"1";"93";"93048";"1";"1";"1";"2";"AUTOROUTE A3";"48,8731300";"2,4359400"
"202000011253";"18";"7";"2020";"13:30";"1";"95";"95203";"1";"1";"1";"6";"RD 170";"48,9775000";"2,2860400"
"202000011254";"13";"9";"2020";"17:45";"1";"63";"63300";"2";"2";"1";"6";"COMMANDANT MADELINE (AVENUE DU)";"45,8933100";"3,1088200"
"202000011255";"18";"7";"2020";"00:35";"3";"93";"93066";"1";"1";"1";"2";"AUTOROUTE A1";"48,9282000";"2,3540000"
"202000011256";"11";"9";"2020";"18:15";"1";"63";"63300";"2";"3";"1";"5";"MARECHAT (RUE DU)";"45,8814000";"3,1166500"
"202000011257";"14";"9";"2020";"07:00";"2";"62";"62737";"2";"1";"1";"6";"NATIONALE (ROUTE) CD937";"50,4506880";"2,6876320"
"202000011258";"18";"7";"2020";"13:30";"1";"93";"93051";"1";"1";"1";"2";"A4";"48,8355815";"2,5679363"
"202000011259";"9";"9";"2020";"17:00";"1";"59";"59456";"2";"1";"1";"1";"ANCHIN (HAMEAU D')";"50,3837293";"3,2204649"
"202000011260";"18";"7";"2020";"12:55";"1";"93";"93051";"1";"1";"1";"2";"A4";"48,8361000";"2,5551000"
"202000011261";"14";"9";"2020";"21:19";"5";"56";"56260";"2";"1";"1";"6";"VERDUN(AVENUE DE)";"47,6610400";" -2,7427100"
"202000011262";"12";"9";"2020";"14:15";"1";"50";"50416";"1";"1";"1";"2";"BRETON (RUE DU)";"49,6545700";" -1,7045200"
"202000011263";"10";"9";"2020";"17:27";"1";"49";"49015";"2";"1";"1";"2";"LURCAT AVENUE JEAN";"47,4852400";" -0,5840000"
"202000011264";"10";"9";"2020";"17:34";"1";"49";"49007";"2";"6";"1";"3";"LIZE";"47,4901900";" -0,5662900"
"202000011265";"4";"9";"2020";"13:25";"1";"44";"44109";"2";"1";"1";"6";"Quai de Versailles";"47,2214610";" -1,5537790"
"202000011266";"17";"7";"2020";"13:15";"1";"75";"75112";"1";"1";"1";"5";"A86 INT";"48,8182030";"2,4557800"
"202000011267";"11";"5";"2020";"10:22";"1";"84";"84007";"1";"1";"1";"6";"MARSEILLE (Route)-MONTFAVET";"43,9222300";"4,8580100"
"202000011268";"11";"9";"2020";"16:15";"1";"40";"40192";"2";"1";"1";"6";"LACROUTS (AV DE)";"43,8827000";" -0,4711300"
"202000011269";"16";"7";"2020";"10:43";"1";"974";"97411";"1";"6";"1";"2";"RIVIERE DES PLUIES (ROUTE DE LA)";" -20,9024700";"55,5029000"
"202000011270";"4";"9";"2020";"13:50";"1";"38";"38544";"2";"2";"1";"3";"Place Saint Louis";"45,5278200";"4,8737200"
"202000011271";"14";"9";"2020";"20:05";"2";"35";"35238";"2";"2";"1";"6";"REPUBLIQUE (PLACE DE LA)";"48,1098300";" -1,6802000"
"202000011272";"14";"9";"2020";"07:45";"1";"35";"35278";"2";"6";"1";"3";"CHESNAIS BEAUREGARD (RUE DU)";"48,1371494";" -1,6893592"
"202000011273";"18";"7";"2020";"00:15";"5";"69";"69387";"2";"1";"1";"6";"GUILLOTIERE (DE LA)                 (GR)";"45,7542000";"4,8438000"
"202000011274";"17";"7";"2020";"21:00";"2";"69";"69259";"2";"1";"1";"6";"LEO LAGRANGE                        (R )";"45,6993113";"4,8706633"
"202000011275";"17";"7";"2020";"20:40";"1";"69";"69387";"2";"1";"1";"6";"DEBOURG                             (AV)";"45,7314600";"4,8315800"
"202000011276";"17";"7";"2020";"20:00";"1";"69";"69386";"2";"3";"1";"3";"GERMAIN                             (R )";"45,7652000";"4,8680000"
"202000011277";"17";"7";"2020";"17:25";"1";"69";"69387";"2";"2";"1";"3";"GUILLOTIERE (DE LA)                 (GR)";"45,7491000";"4,8534500"
"202000011278";"17";"7";"2020";"12:15";"1";"69";"69383";"2";"2";"1";"3";"LOUIS                               (R )";"45,7511000";"4,8890000"
"202000011279";"12";"9";"2020";"00:30";"5";"34";"34032";"2";"2";"1";"3";"MUSSET ALFRED DE (RUE)";"43,3410700";"3,2194500"
"202000011280";"14";"9";"2020";"08:35";"1";"33";"33063";"2";"1";"1";"6";"AVE D'ARES CAUD";"44,8384300";" -0,6132800"
"202000011281";"12";"9";"2020";"10:10";"1";"31";"31555";"2";"1";"1";"3";"AV PAUL SEJOURNE";"43,6076600";"1,4283400"
"202000011282";"11";"9";"2020";"19:00";"1";"31";"31555";"2";"1";"1";"6";"AV RAYMOND BADIOU";"43,5994500";"1,4058600"
"202000011283";"11";"9";"2020";"15:25";"1";"31";"31555";"1";"1";"1";"3";"VA007331 A620";"43,6079300";"1,4091700"
"202000011284";"13";"9";"2020";"10:50";"1";"29";"29039";"1";"6";"1";"3";"D783 - RPoint Kerviniou";"47,8630600";" -3,8904500"
"202000011285";"14";"9";"2020";"18:30";"1";"27";"27681";"1";"1";"1";"2";"IVRY (ROUTE D')";"49,0668200";"1,4692200"
"202000011286";"14";"9";"2020";"15:45";"1";"27";"27229";"2";"9";"1";"3";"GAMBETTA (BOULEVARD)";"49,0193000";"1,1520000"
"202000011287";"16";"7";"2020";"19:35";"1";"69";"69259";"2";"3";"1";"3";"GEORGES LYVET                       (R )";"45,6959800";"4,8747200"
"202000011288";"10";"9";"2020";"12:50";"1";"24";"24256";"1";"1";"1";"6";"SUDER (AVENUE LOUIS)";"45,1932963";"0,6610551"
"202000011289";"13";"9";"2020";"00:40";"3";"21";"21540";"1";"1";"1";"6";"N274";"47,3350700";"5,0727430"
"202000011290";"17";"7";"2020";"11:40";"1";"69";"69199";"2";"3";"1";"3";"CARNOT                              (R )";"45,7080200";"4,8598300"
"202000011291";"15";"7";"2020";"10:25";"1";"69";"69386";"2";"3";"1";"3";"GARIBALDI                           (R )";"45,7704550";"4,8503389"
"202000011292";"17";"7";"2020";"12:40";"1";"972";"97213";"2";"9";"1";"2";"ROUTE DEPARTEMENTALE 3";"14,6123200";" -60,9952900"
"202000011293";"17";"7";"2020";"22:42";"5";"69";"69389";"2";"1";"1";"3";"MARIETTON                           (R )";"45,7757100";"4,8025900"
"202000011294";"17";"7";"2020";"18:40";"1";"2B";"2B033";"2";"1";"1";" -1";"ALLEE DU 173° R.I.A.";"42,7009400";"9,4517700"
"202000011295";"13";"9";"2020";"17:20";"1";"17";"17415";"1";"1";"1";"1";"ROCADE OUEST";"45,7368070";" -0,6598970"
"202000011296";"17";"7";"2020";"23:25";"5";"2A";"2A004";"2";"1";"1";"6";"ROSSINI PASCAL BD";"41,9171777";"8,7352720"
"202000011297";"16";"7";"2020";"19:30";"1";"91";"91471";"2";"6";"1";"3";"MOCQUET (RUE GUY)";"48,7005400";"2,1917400"
"202000011298";"17";"7";"2020";"18:55";"1";"91";"91286";"2";"1";"1";"6";"PASTEUR (RUE)";"48,6544400";"2,3946200"
"202000011299";"17";"7";"2020";"17:45";"1";"91";"91657";"2";"1";"1";"3";"HENRI BARBUSSE (AVENUE)";"48,7009700";"2,4223700"
"202000011300";"17";"7";"2020";"15:35";"1";"91";"91174";"2";"2";"1";"5";"FERAY ( rue )";"48,6078700";"2,4742500"
"202000011301";"17";"7";"2020";"10:30";"1";"91";"91174";"2";"6";"1";"3";"PLACE SAINT LEONARD";"48,6142180";"2,4857540"
"202000011302";"12";"7";"2020";"23:45";"3";"91";"91425";"1";"1";"1";"2";"ORLEANS (ROUTE D')";"48,6193300";"2,2584700"
"202000011303";"9";"7";"2020";"15:19";"1";"91";"91339";"2";"1";"1";"4";"RN 20";"48,6317100";"2,2642300"
"202000011304";"16";"7";"2020";"12:40";"1";"87";"87085";"2";"1";"1";"6";"BORIE (BOULEVARD DE LA)";"45,8356000";"1,2276000"
"202000011305";"17";"7";"2020";"13:00";"1";"83";"83137";"2";"3";"1";"3";"SAINTE MUSSE (VIEUX CHEMIN DE)";"43,1225047";"5,9837077"
"202000011306";"16";"7";"2020";"18:05";"1";"83";"83129";"2";"1";"1";"6";"SAINT PIERRE (QUAI)";"43,0880000";"5,8182500"
"202000011307";"14";"9";"2020";"16:45";"1";"17";"17300";"2";"2";"1";"3";"SAINT-LOUIS   RUE";"46,1609060";" -1,1456570"
"202000011308";"12";"9";"2020";"18:00";"1";"16";"16089";"2";"1";"1";"6";"rue de la Trâche";"45,6856130";" -0,2889150"
"202000011309";"16";"7";"2020";"09:35";"1";"83";"83123";"1";"4";"1";"3";"Route de Bandol";"43,1318800";"5,7810000"
"202000011310";"10";"9";"2020";"08:20";"1";"14";"14215";"2";"6";"1";"5";"HAUTS FOURNEAUX (RUE DES )";"49,1933440";" -0,2713540"
"202000011311";"14";"9";"2020";"11:30";"1";"13";"13204";"2";"2";"1";"3";"EMILE DUCLAUX (RUE)";"43,2967040";"5,4021340"
"202000011312";"14";"9";"2020";"11:05";"1";"13";"13210";"2";"1";"1";"6";"CAPELETTE (AVENUE DE LA)";"43,2807000";"5,4074370"
"202000011313";"16";"7";"2020";"18:25";"1";"83";"83061";"2";"1";"1";"6";"AVENUE EUGÈNE JOLY";"43,4237470";"6,7345140"
"202000011314";"11";"9";"2020";"17:30";"1";"13";"13210";"2";"1";"1";"6";"TIMONE (AVENUE DE LA)";"43,2856660";"5,4016540"
"202000011315";"16";"7";"2020";"18:00";"1";"77";"77468";"2";"1";"1";"2";"LINGENFELD (AVENUE DE)";"48,8452800";"2,6535200"
"202000011316";"12";"9";"2020";"19:50";"1";"11";"11262";"2";"1";"1";"7";"CORNICHE (LA)";"43,1649600";"2,9683200"
"202000011317";"13";"9";"2020";"08:00";"1";"11";"11262";"2";"1";"1";"7";"PYRENEES (PLACE ET AVENUE)";"43,1825400";"2,9979500"
"202000011318";"16";"7";"2020";"06:50";"1";"77";"77316";"1";"1";"8";"1";"CHAUGNATS (CHEMIN DES)";"48,3765400";"2,8355300"
"202000011319";"13";"9";"2020";"18:27";"1";"10";"10343";"2";"2";"1";"3";"DIJON (RUE DE)";"48,2687200";"4,0879700"
"202000011320";"17";"7";"2020";"17:00";"1";"77";"77384";"1";"1";"1";"3";"D306";"48,5980900";"2,5913800"
"202000011321";"14";"9";"2020";"21:10";"5";"06";"06083";"2";"1";"1";"3";"CARNOT (AVENUE)";"43,7720000";"7,4966910"
"202000011322";"12";"9";"2020";"15:10";"1";"06";"06004";"2";"9";"1";"3";"COLLE CH.DE LA";"43,5740200";"7,1077800"
"202000011323";"16";"7";"2020";"18:50";"1";"77";"77237";"2";"1";"1";"2";"TOURNAN (ROUTE DE )";"48,8355218";"2,7531226"
"202000011324";"16";"7";"2020";"14:55";"1";"71";"71270";"2";"1";"1";"3";"LYON (RUE DE)";"46,2953520";"4,8183424"
"202000011325";"14";"9";"2020";"14:50";"1";"01";"01053";"2";"1";"1";" -1";"BROU ( BD N°68 A 182 PAIR)";"46,2003580";"5,2332530"
"202000011326";"11";"9";"2020";"13:10";"1";"75";"75119";"2";"1";"1";"7";"ECHANGEUR PANTIN";"48,8891940";"2,3965260"
"202000011327";"17";"7";"2020";"10:55";"1";"69";"69266";"2";"1";"1";"6";"MAISONS NEUVES   (Place des)";"45,7557168";"4,8763768"
"202000011328";"13";"9";"2020";"07:25";"1";"75";"75119";"2";"1";"1";"1";"RUE DE TANGER";"48,8859710";"2,3686310"
"202000011329";"12";"9";"2020";"17:37";"1";"75";"75107";"2";"1";"1";"1";"QUAI ANATOLE FRANCE";"48,8617830";"2,3218620"
"202000011330";"14";"9";"2020";"20:50";"5";"75";"75118";"2";"3";"1";"3";"BOULEVARD NEY";"48,8979920";"2,3424000"
"202000011331";"17";"7";"2020";"02:08";"5";"67";"67482";"2";"1";"1";"6";"RHIN (ROUTE DU)";"48,5702320";"7,7850390"
"202000011332";"11";"9";"2020";"08:00";"1";"75";"75116";"2";"1";"1";"2";"AVENUE DE NEW YORK";"48,8599390";"2,2905000"
"202000011333";"17";"7";"2020";"02:38";"5";"64";"64445";"2";"1";"1";"7";"JEAN BIRAY";"43,2928600";" -0,3741500"
"202000011334";"14";"9";"2020";"07:35";"1";"75";"75114";"2";"1";"1";"3";"AVENUE DU GENERAL LECLERC";"48,8256150";"2,3262070"
"202000011335";"17";"7";"2020";"19:10";"1";"64";"64024";"2";"3";"1";"3";"BARRE (PROMENADE DE LA)";"43,5081820";" -1,5222610"
"202000011336";"14";"9";"2020";"00:24";"5";"75";"75114";"2";"2";"1";"4";"BOULEVARD PERIPHERIQUE";"48,8225940";"2,3150840"
"202000011337";"14";"9";"2020";"22:00";"5";"75";"75112";"2";"3";"1";"6";"RUE DU FAUBOURG SAINT ANTOINE";"48,8497100";"2,3873320"
"202000011338";"17";"7";"2020";"14:50";"1";"64";"64102";"2";"1";"8";"2";"GRAND HARGOUS (rue du)";"43,5045400";" -1,4670600"
"202000011339";"14";"9";"2020";"16:05";"1";"75";"75112";"2";"1";"1";"3";"BOULEVARD SOULT";"48,8401430";"2,4088280"
"202000011340";"6";"5";"2020";"18:30";"1";"62";"62570";"2";"1";"1";"3";"PREMIER MAI";"50,4023610";"2,8687500"
"202000011341";"14";"9";"2020";"11:15";"1";"75";"75111";"2";"1";"1";"5";"BOULEVARD RICHARD LENOIR";"48,8563390";"2,3702660"
"202000011342";"17";"7";"2020";"20:00";"1";"62";"62178";"2";"4";"1";"1";"PLOUVIER ( AVENUE PAUL )";"50,4783090";"2,5310800"
"202000011343";"13";"9";"2020";"02:20";"5";"75";"75111";"2";"5";"1";"3";"AVENUE DE LA REPUBLIQUE";"48,8640070";"2,3812000"
"202000011344";"17";"7";"2020";"17:55";"1";"62";"62841";"2";"1";"1";"3";"SAINT VENANT ( RUE DE )";"50,5465400";"2,6192340"
"202000011345";"14";"9";"2020";"00:32";"5";"75";"75107";"2";"5";"1";"3";"QUAI D ORSAY";"48,8626760";"2,3190850"
"202000011346";"17";"7";"2020";"10:35";"1";"61";"61006";"2";"6";"1";"3";"LECLERC (PLACE DU GENERAL)";"48,7415280";" -0,0256070"
"202000011347";"17";"7";"2020";"14:50";"1";"60";"60159";"1";"1";"1";"6";"Avenue du Vermandois";"49,4319998";"2,8419733"
"202000011348";"17";"7";"2020";"20:35";"1";"59";"59599";"2";"9";"1";"1";"MARNE (AVENUE DE LA)";"50,7102320";"3,1533270"
"202000011349";"17";"7";"2020";"15:45";"1";"57";"57751";"2";"1";"1";"6";"EMILE ROUX (RUE )";"49,1448000";"6,1646000"
"202000011350";"14";"9";"2020";"12:15";"1";"75";"75101";"2";"7";"1";"6";"PLACE VENDOME";"48,8673670";"2,3285940"
"202000011351";"16";"7";"2020";"19:30";"1";"56";"56121";"2";"3";"1";"2";"PERAULT (RUE )";"47,7448400";" -3,3636600"
"202000011352";"13";"9";"2020";"20:33";"2";"94";"94078";"2";"1";"1";"1";"PARIS (R DE)";"48,7355600";"2,4467200"
"202000011353";"17";"7";"2020";"13:28";"1";"51";"51055";"2";"1";"1";"7";"Rue Neuve";"49,2862748";"4,0557457"
"202000011354";"13";"9";"2020";"22:00";"5";"94";"94078";"2";"1";"1";"4";"118 R DE PARIS";"48,7328280";"2,4469510"
"202000011355";"17";"7";"2020";"10:00";"1";"50";"50537";"2";"1";"1";"6";"LA CARRIERE SAINT MICHEL";"49,0332000";" -1,4455600"
"202000011356";"14";"9";"2020";"20:45";"5";"94";"94038";"2";"2";"1";"3";"PAUL VAILLANT COUTURIER (BD)";"48,7808300";"2,3410500"
"202000011357";"17";"7";"2020";"08:55";"1";"45";"45285";"2";"6";"1";" -1";"Avenue Pierre Mendes France";"47,9024700";"1,8595600"
"202000011358";"27";"5";"2020";"17:15";"1";"44";"44109";"2";"1";"1";"6";"Rue Paul Bellamy";"47,2239000";" -1,5578000"
"202000011359";"17";"7";"2020";"16:00";"1";"35";"35238";"2";"1";"1";"6";"MITTERAND (MAIL FRANCOIS)";"48,1084000";" -1,6962600"
"202000011360";"14";"9";"2020";"08:56";"1";"94";"94011";"2";"9";"1";"2";"GROSS(RUE AUGUSTE)";"48,7740000";"2,4839000"
"202000011361";"17";"7";"2020";"11:55";"1";"35";"35238";"2";"3";"1";"3";"8 Avenue Gros Malhon";"48,1223100";" -1,6818300"