"Num_Acc";"jour";"mois";"an";"hrmn";"lum";"dep";"com";"agg";"int";"atm";"col";"adr";"lat";"long"
"202000011362";"17";"7";"2020";"20:10";"1";"34";"34198";"2";"6";"1";"6";"D21E";"43,5706600";"3,9400900"
"202000011363";"14";"9";"2020";"09:15";"1";"94";"94018";"2";"3";"1";"3";"CARRIERES (QU DES)";"48,8188400";"2,4093000"
"202000011364";"16";"7";"2020";"22:23";"3";"34";"34172";"2";"9";"1";"3";"ASSAS (AVENUE D')";"43,6172500";"3,8609700"
"202000011365";"16";"7";"2020";"21:50";"2";"34";"34172";"2";"1";"1";"3";"TOULOUSE (AVENUE DE";"43,5894900";"3,8559400"
"202000011366";"14";"9";"2020";"14:20";"1";"93";"93066";"2";"2";"1";"6";"PRESSENCE FRANCIS (AVENUE)";"48,9231000";"2,3699600"
"202000011367";"18";"7";"2020";"01:20";"5";"33";"33063";"2";"1";"1";"6";"RUE MALBEC";"44,8241100";" -0,5649600"
"202000011368";"14";"9";"2020";"12:00";"1";"93";"93062";"2";"3";"1";"3";"NICOLAS CARNOT (ALLEE)";"48,8927400";"2,5117800"
"202000011369";"17";"7";"2020";"23:40";"5";"33";"33063";"2";"1";"1";"5";"RUE YVES GLOTIN";"44,8927300";" -0,5456900"
"202000011370";"17";"7";"2020";"21:25";"1";"33";"33063";"2";"6";"1";"6";"CRS JULES LADOUMEGUE FACE ALL F DU PARKING";"44,8980600";" -0,5683000"
"202000011371";"17";"7";"2020";"14:30";"1";"33";"33192";"2";"1";"1";"6";"RUE DE LAHOUNEAU";"44,7803500";" -0,6146000"
"202000011372";"14";"9";"2020";"12:30";"1";"93";"93010";"1";"3";"1";"2";"BLANQUI (R. LOUIS-AUGUSTE) DE 136 A FIN";"48,8973938";"2,4942531"
"202000011373";"17";"7";"2020";"03:45";"5";"33";"33529";"2";"5";"1";"6";"FOCH (AVE MAL)";"44,6410600";" -1,1922500"
"202000011374";"14";"9";"2020";"11:55";"1";"92";"92072";"2";"2";"1";"6";"VILLE D'AVRAY (RUE DE )";"48,8260096";"2,1982369"
"202000011375";"17";"7";"2020";"14:55";"1";"32";"32013";"2";"1";"1";"3";"SAMBRE ET MEUSE (AVENUE)";"43,6471200";"0,5975000"
"202000011376";"12";"9";"2020";"03:20";"5";"92";"92063";"2";"1";"1";"6";"ALBERT 1ER (AVENUE)";"48,8844450";"2,1736744"
"202000011377";"14";"9";"2020";"17:30";"1";"92";"92025";"2";"3";"1";"3";"GABRIEL PERI (RUE)";"48,9175330";"2,2371580"
"202000011378";"14";"9";"2020";"18:15";"1";"92";"92012";"2";"3";"1";"3";"QUATRE SEPTEMBRE (QUAI DU)";"48,8450400";"2,2266800"
"202000011379";"14";"9";"2020";"12:20";"1";"92";"92012";"2";"9";"1";"3";"JEAN BAPTISTE CLEMENT (AVENUE) 49/FIN -";"48,8456950";"2,2366090"
"202000011380";"14";"9";"2020";"04:07";"5";"92";"92012";"2";"9";"1";"7";"REINE (ROUTE DE LA) 39/107 BIS";"48,8394538";"2,2423241"
"202000011381";"16";"7";"2020";"18:20";"1";"31";"31069";"1";"1";"1";"5";"Voie lactée (RD902)";"43,6633900";"1,3598960"
"202000011382";"16";"7";"2020";"17:17";"1";"31";"31149";"2";"1";"1";"6";"NAUROUZE (ALLEE DE)";"43,6091430";"1,3442620"
"202000011383";"14";"9";"2020";"13:45";"1";"92";"92002";"2";"1";"7";"3";"CHATENAY (RUE DE)";"48,7564444";"2,2950764"
"202000011384";"16";"7";"2020";"13:00";"1";"31";"31555";"2";"6";"1";"3";"RPT DU DR MAURICE CAHUZAC";"43,5661206";"1,3940076"
"202000011385";"13";"9";"2020";"14:40";"1";"35";"35328";"1";"1";"1";"2";"Les Brulais";"47,7707430";" -2,0972620"
"202000011386";"14";"7";"2020";"19:10";"1";"31";"31555";"2";"3";"1";"3";"AV DES ETATS UNIS";"43,6568700";"1,4206600"
"202000011387";"6";"9";"2020";"06:40";"2";"60";"60088";"1";"1";"1";"6";"A16";"49,1920414";"2,1971412"
"202000011388";"16";"7";"2020";"18:30";"1";"31";"31483";"1";"1";"1";"3";"CAGIRE (AVENUE DU)";"43,1341450";"0,7203680"
"202000011389";"15";"9";"2020";"09:40";"1";"2B";"2B049";"1";"1";"1";" -1";"D81";"42,4621570";"8,7512110"
"202000011390";"17";"7";"2020";"07:17";"1";"30";"30189";"1";"1";"1";"3";"ANCIENS COMBATTANTS D INDOCHINE";"43,8829000";"4,3073000"
"202000011391";"15";"9";"2020";"08:00";"1";"62";"62644";"2";"3";"2";" -1";"12 Chaussée Brunehaut";"50,6474540";"2,1348350"
"202000011392";"15";"7";"2020";"20:00";"1";"22";"22187";"2";"6";"1";"2";"RUE DU GENERAL DE GAULLE";"48,5345300";" -2,7522800"
"202000011393";"14";"9";"2020";"19:30";"1";"52";"52130";"1";"3";"1";"7";"D6";"48,1042900";"4,8823290"
"202000011394";"17";"7";"2020";"15:45";"1";"21";"21231";"2";"9";"1";"3";"9 Rue Adolphe Diétrich";"47,3333900";"5,0307100"
"202000011395";"15";"9";"2020";"07:30";"1";"74";"74213";"2";"3";"1";"3";"Route de Lovagny";"45,9210760";"6,0602260"
"202000011396";"17";"7";"2020";"03:00";"5";"13";"13213";"2";"1";"1";"3";"JEAN PAUL SARTRE (AVENUE)";"43,3268300";"5,4255800"
"202000011397";"14";"9";"2020";"18:00";"1";"62";"62261";"2";"6";"1";"3";"Boulevard de France";"50,4783480";"1,5946430"
"202000011398";"17";"7";"2020";"19:13";"1";"13";"13201";"2";"2";"1";"3";"ROME (RUE DE)      ";"43,2886650";"5,3821530"
"202000011399";"17";"7";"2020";"18:35";"1";"13";"13209";"2";"1";"1";"1";"COL DE LA GINESTE D559";"43,2405300";"5,4572000"
"202000011400";"15";"9";"2020";"08:00";"1";"83";"83019";"1";"1";"1";"5";"Route du Dom";"43,1774930";"6,3363920"
"202000011401";"13";"9";"2020";"17:00";"1";"974";"97423";"1";"1";"1";"7";"Cd 9 de la Montee Panon";" -21,1169260";"55,2682580"
"202000011402";"17";"7";"2020";"09:15";"1";"13";"13208";"2";"1";"1";"6";"VINCENT DELPUECH (BOULEVARD)";"43,2828000";"5,3890200"
"202000011403";"16";"7";"2020";"10:00";"1";"13";"13075";"2";"1";"1";"6";"FRÉDÉRIC CHEVILLON (AVENUE)";"43,3482900";"5,4651900"
"202000011404";"16";"7";"2020";"07:40";"1";"11";"11069";"1";"1";"1";" -1";"CHEMIN DE SAINTE CROIX";"43,1938600";"2,3772400"
"202000011405";"11";"9";"2020";"09:25";"1";"67";"67194";"2";"4";"1";"1";"2 Rue d'Offendorf";"48,7281150";"7,9065620"
"202000011406";"15";"9";"2020";"06:40";"2";"57";"57193";"1";"1";"1";"2";"D1";"49,2127540";"6,2099470"
"202000011407";"16";"7";"2020";"17:33";"1";"10";"10387";"2";"2";"1";"3";"HAUTE CHARME (RUE)";"48,3090000";"4,0572000"
"202000011408";"15";"9";"2020";"15:00";"1";"51";"51082";"1";"1";"1";"7";"D284";"49,0972874";"4,8255774"
"202000011409";"15";"7";"2020";"17:00";"1";"07";"07281";"1";"1";"1";"3";"C.D.533";"44,9354000";"4,8196000"
"202000011410";"16";"7";"2020";"20:00";"1";"06";"06069";"2";"1";"1";"2";"MOTTET (PLACE PIERRE)";"43,6300690";"6,9098040"
"202000011411";"13";"9";"2020";"15:30";"1";"56";"56153";"1";"1";"1";"6";"Le Vieux Moulin";"47,5948190";" -2,3109480"
"202000011412";"17";"7";"2020";"16:20";"1";"06";"06027";"2";"1";"1";"5";"COLLE AVENUE DE LA";"43,6612000";"7,1283000"
"202000011413";"17";"7";"2020";"18:25";"1";"75";"75118";"2";"1";"1";"3";"BOULEVARD PERIPHERIQUE";"48,9007870";"2,3385590"
"202000011414";"17";"7";"2020";"03:45";"5";"75";"75104";"2";"1";"1";"6";"BOULEVARD BEAUMARCHAIS";"48,8543880";"2,3688460"
"202000011415";"15";"9";"2020";"17:55";"1";"56";"56171";"1";"3";"1";"4";"Quénelet";"47,7073210";" -2,3472330"
"202000011416";"17";"7";"2020";"14:15";"1";"75";"75119";"2";"1";"8";"6";"RUE DE CRIMEE";"48,8944620";"2,3726840"
"202000011417";"15";"9";"2020";"13:25";"1";"56";"56067";"2";"1";"1";"6";"47 Rue Saint Yves";"47,7590750";" -2,8408400"
"202000011418";"17";"7";"2020";"10:00";"1";"75";"75119";"2";"1";"1";"2";"RUE DE CRIMEE";"48,8898450";"2,3777350"
"202000011419";"14";"9";"2020";"17:30";"1";"56";"56120";"1";"1";"1";"1";"Keravel";"47,7415700";" -2,7658000"
"202000011420";"17";"7";"2020";"20:20";"1";"75";"75118";"2";"3";"1";"2";"BOULEVARD BARBES";"48,8841240";"2,3494830"
"202000011421";"17";"7";"2020";"17:50";"1";"75";"75118";"2";"3";"1";"6";"RUE ORDENER";"48,8904060";"2,3558280"
"202000011422";"15";"8";"2020";"21:59";"3";"74";"74236";"2";"1";"1";"5";"551 Route des Contamines";"45,8708230";"6,7227130"
"202000011423";"17";"7";"2020";"20:05";"1";"75";"75117";"2";"4";"1";"3";"AVENUE DE LA PORTE DE CHAMPERRET";"48,8859950";"2,2891000"
"202000011424";"14";"9";"2020";"09:15";"1";"79";"79047";"2";"4";"1";"6";"Rue des Tilleuls";"46,8295080";" -0,2484600"
"202000011425";"17";"7";"2020";"18:00";"1";"75";"75117";"2";"3";"1";"3";"RUE SISLEY";"48,8896800";"2,3028870"
"202000011426";"12";"9";"2020";"19:50";"2";"71";"71263";"1";"3";"1";"3";"78 Impasse des Abeilles";"46,6446224";"5,2413571"
"202000011427";"14";"9";"2020";"16:40";"1";"89";"89017";"1";"1";"1";"7";"route communale 5";"47,7438790";"4,0895060"
"202000011428";"17";"7";"2020";"00:10";"5";"75";"75116";"2";"2";"1";"5";"AVENUE DE L HIPPODROME";"48,8585450";"2,2448960"
"202000011429";"7";"9";"2020";"17:15";"1";"68";"68127";"1";"6";"1";"3";"D466";"47,6566290";"7,2223310"
"202000011430";"16";"7";"2020";"14:15";"1";"75";"75116";"2";"7";"1";"2";"PLACE DU TROCADERO ET DU 11 NOVEMBRE";"48,8629830";"2,2879290"
"202000011431";"14";"9";"2020";"20:30";"3";"25";"25356";"1";"1";"1";"1";"D464";"47,2175860";"6,8072320"
"202000011432";"17";"7";"2020";"00:30";"5";"75";"75114";"2";"7";"1";"3";"AVENUE DU GENERAL LECLERC";"48,8280290";"2,3269440"
"202000011433";"17";"8";"2020";"18:45";"1";"35";"35360";"1";"2";"1";"3";"Chemin Champlet";"48,1298460";" -1,2315360"
"202000011434";"14";"9";"2020";"21:00";"3";"29";"29016";"1";"1";"1";"6";"D30";"48,3238240";" -3,9722000"
"202000011435";"17";"7";"2020";"21:00";"1";"75";"75113";"2";"7";"1";"3";"BOULEVARD VINCENT AURIOL";"48,8330150";"2,3618310"
"202000011436";"14";"9";"2020";"18:55";"2";"38";"38163";"1";"1";"1";"7";"Le Haut-Bréda";"45,2759740";"6,0594750"
"202000011437";"17";"7";"2020";"16:45";"1";"75";"75113";"2";"3";"1";"3";"PONT CHARLES DE GAULLE";"48,8419150";"2,3678720"
"202000011438";"14";"9";"2020";"07:40";"1";"26";"26005";"1";"2";"1";"3";"Route d'Aiguebelle";"44,4912780";"4,7903070"
"202000011439";"17";"7";"2020";"19:55";"1";"75";"75112";"2";"1";"1";"3";"RUE DE PRAGUE";"48,8499600";"2,3758340"
"202000011440";"14";"9";"2020";"07:50";"2";"66";"66054";"1";"1";"1";"7";"D26";"42,6129910";"2,3335860"
"202000011441";"17";"7";"2020";"16:10";"1";"75";"75112";"2";"2";"1";"3";"AVENUE COURTELINE";"48,8441590";"2,4116900"
"202000011442";"15";"9";"2020";"13:30";"1";"72";"72073";"1";"1";"1";"1";"rd 357, pk 51";"48,0238160";"0,0591160"
"202000011443";"14";"9";"2020";"16:05";"1";"06";"06150";"1";"1";"1";"1";"Route de Peille";"43,7531420";"7,4055790"
"202000011444";"17";"7";"2020";"09:50";"1";"75";"75112";"2";"4";"1";" -1";"RUE DE CHARENTON";"48,8479780";"2,3766280"
"202000011445";"15";"9";"2020";"00:03";"3";"64";"64495";"1";"1";"1";"6";"D918";"43,3582150";" -1,5787700"
"202000011446";"17";"7";"2020";"21:35";"2";"75";"75110";"2";"2";"1";"6";"BOULEVARD DE MAGENTA";"48,8773440";"2,3551240"
"202000011447";"17";"7";"2020";"11:15";"1";"75";"75109";"2";"4";"1";"1";"RUE TRONCHET";"48,8727600";"2,3264760"
"202000011448";"15";"9";"2020";"15:25";"1";"64";"64238";"1";"2";"1";"3";"rd817";"43,2483600";" -0,0827410"
"202000011449";"17";"7";"2020";"01:56";"5";"75";"75109";"2";"4";"1";"7";"BOULEVARD DE LA MADELEINE";"48,8696510";"2,3264660"
"202000011450";"15";"9";"2020";"07:30";"1";"64";"64519";"2";"6";"8";"7";"Route d'Uzein";"43,3661080";" -0,3911300"
"202000011451";"16";"7";"2020";"23:15";"5";"75";"75109";"2";"5";"1";"2";"RUE HALEVY";"48,8729460";"2,3332950"
"202000011452";"13";"9";"2020";"12:50";"1";"10";"10034";"2";"3";"1";"1";"Faubourg de Champagne";"48,1182300";"4,3738940"
"202000011453";"17";"7";"2020";"16:10";"1";"75";"75108";"2";"2";"1";"3";"BOULEVARD DE COURCELLES";"48,8812030";"2,3155820"
"202000011454";"14";"9";"2020";"09:35";"1";"36";"36045";"2";"1";"1";"6";"Route de Tours";"46,9911760";"1,1681500"
"202000011455";"16";"7";"2020";"23:15";"5";"75";"75117";"2";"4";"1";"6";"BOULEVARD PEREIRE";"48,8779600";"2,2847980"
"202000011456";"15";"9";"2020";"16:40";"1";"07";"07009";"1";"1";"1";" -1";"D86";"45,2223900";"4,8031930"
"202000011457";"16";"7";"2020";"09:30";"1";"75";"75115";"2";"2";"1";"6";"PORT DE SUFFREN";"48,8548260";"2,2885480"
"202000011458";"17";"7";"2020";"04:00";"5";"75";"75101";"2";"1";"1";"7";"VOIE GEORGES POMPIDOU";"48,8574920";"2,3453040"
"202000011459";"14";"9";"2020";"17:50";"1";"40";"40312";"2";"1";"1";"6";"15 Boulevard de la Yayi";"43,5494040";" -1,4605810"
"202000011460";"17";"7";"2020";"13:00";"1";"75";"75104";"2";"2";"1";"3";"RUE DU RENARD";"48,8575180";"2,3514540"
"202000011461";"15";"8";"2020";"15:30";"1";"24";"24259";"1";"1";"1";"7";"le breuilh";"44,9328850";"0,4867580"
"202000011462";"17";"7";"2020";"12:30";"1";"94";"94081";"2";"3";"1";"3";"EUGENE HENAFF (R)";"48,7947106";"2,4179061"
"202000011463";"13";"9";"2020";"11:50";"1";"27";"27426";"1";"1";"1";"2";"D10";"49,2757460";"1,7483390"
"202000011464";"15";"9";"2020";"09:30";"1";"27";"27398";"2";"1";"1";"2";"route de rouen";"49,1037130";"0,6125310"
"202000011465";"14";"9";"2020";"15:30";"1";"27";"27679";"1";"1";"1";"3";"N12";"48,7184320";"0,8710960"
"202000011466";"15";"9";"2020";"04:10";"5";"28";"28089";"2";"1";"1";"6";"8 Rue Hubert Latham";"48,5810660";"1,2418310"
"202000011467";"14";"9";"2020";"18:00";"1";"87";"87127";"1";"1";"1";"1";"D704";"45,5897170";"1,2203840"
"202000011468";"17";"7";"2020";"14:45";"1";"94";"94046";"2";"1";"1";"4";"JEAN JAURES (R)";"48,7952300";"2,4338700"
"202000011469";"14";"9";"2020";"08:45";"1";"87";"87185";"1";"1";"7";"1";"Route de l'Abattoir";"45,8840460";"1,0736310"
"202000011470";"17";"7";"2020";"14:30";"1";"94";"94065";"2";"3";"1";"3";"CHARLES LINDBERGH (AV)";"48,7449700";"2,3602800"
"202000011471";"15";"8";"2020";"09:50";"1";"30";"30021";"1";"2";"1";"3";"D.136 / D.982";"43,9922180";"4,3340750"
"202000011472";"17";"7";"2020";"14:40";"1";"94";"94011";"2";"1";"1";"3";"PARIS(AVENUE DE)";"48,7802800";"2,4753300"
"202000011473";"14";"9";"2020";"19:15";"1";"48";"48016";"1";"1";"1";"6";"N88";"44,4841370";"3,4460590"
"202000011474";"17";"7";"2020";"19:45";"1";"94";"94048";"2";"1";"1";"7";"MAROLLES A GRANDE PATTE D'OIE (CHE)";"48,7513700";"2,5572400"
"202000011475";"14";"9";"2020";"17:40";"1";"88";"88075";"1";"1";"1";"6";"D430";"48,0395860";"7,0076890"
"202000011476";"17";"7";"2020";"18:00";"1";"93";"93070";"2";"1";"1";"6";"JEAN-JAURES (BD)";"48,9149200";"2,3372800"
"202000011477";"16";"7";"2020";"12:50";"1";"93";"93066";"2";"1";"1";"6";"CITE STALINGRAD";"48,9442022";"2,3583578"
"202000011478";"12";"9";"2020";"10:20";"1";"35";"35210";"1";"3";"7";"3";"Le Petit Moulin de Tixue";"48,1804950";" -1,7785190"
"202000011479";"16";"7";"2020";"16:15";"1";"93";"93064";"2";"9";"1";"3";"DE GAULLE (AV DU GENERAL) 58/49 - FIN";"48,8764841";"2,4806716"
"202000011480";"14";"9";"2020";"16:45";"1";"973";"97309";"2";"1";"1";"3";"D'2 (rd2)";"4,9068320";" -52,2729170"
"202000011481";"15";"9";"2020";"20:30";"2";"63";"63126";"1";"1";"1";"7";"Le Crest";"45,6896040";"3,1486990"
"202000011482";"17";"7";"2020";"17:10";"1";"93";"93077";"2";"1";"1";"2";"GRANDE RUE";"48,8843400";"2,5084300"
"202000011483";"14";"8";"2020";"17:15";"1";"972";"97224";"1";"9";"1";"3";"Quartier Derriere Bois";"14,6551300";" -61,0115480"
"202000011484";"17";"7";"2020";"15:20";"1";"93";"93027";"2";"1";"1";"3";"R DE SAINT-DENIS";"48,9309278";"2,3820192"
"202000011485";"14";"9";"2020";"07:59";"1";"77";"77309";"1";"1";"1";" -1";"N330";"49,0126820";"2,8333570"
"202000011486";"17";"7";"2020";"17:25";"1";"93";"93001";"2";"2";"1";"1";"SAINT-DENIS (RUE DE)";"48,9199624";"2,3777885"
"202000011487";"13";"9";"2020";"00:30";"5";"91";"91540";"2";"1";"1";"6";"Route d'Etampes";"48,5499630";"2,1240160"
"202000011488";"12";"9";"2020";"09:50";"1";"78";"78120";"1";"1";"1";" -1";"D149";"48,6469170";"1,9874950"
"202000011489";"14";"9";"2020";"18:25";"1";"78";"78368";"1";"1";"1";"1";"RD 191";"48,8994410";"1,8671840"
"202000011490";"13";"9";"2020";"16:30";"1";"34";"34081";"1";"1";"1";"7";"D162";"43,3102530";"3,1612940"
"202000011491";"14";"9";"2020";"18:10";"1";"34";"34092";"1";"2";"1";"3";"La Croisade";"43,3123210";"2,9561600"
"202000011492";"9";"9";"2020";"07:40";"1";"13";"13041";"2";"9";"1";"3";"Chemin de Payannet";"43,4697830";"5,4716830"
"202000011493";"14";"9";"2020";"18:30";"1";"25";"25047";"1";"1";"1";"6";"D112";"47,3308250";"6,3511710"
"202000011494";"17";"7";"2020";"15:30";"1";"93";"93001";"2";"3";"1";"6";"ADRIEN AGNES (QUAI)";"48,9216448";"2,3672707"
"202000011495";"15";"9";"2020";"08:21";"1";"67";"67065";"2";"3";"1";"3";"Rue Principale";"48,5795810";"7,6042660"
"202000011496";"17";"7";"2020";"14:10";"1";"93";"93001";"2";"9";"1";"1";"JEAN JAURES  (AVE)  157 A 213";"48,9084049";"2,3971130"
"202000011497";"16";"7";"2020";"15:30";"1";"92";"92076";"2";"1";"1";"4";"JARDY HARAS";"48,8292630";"2,1504490"
"202000011498";"17";"7";"2020";"16:42";"1";"92";"92020";"2";"1";"1";"3";"JAURES AVENUE JEAN";"48,8093727";"2,3066913"
"202000011499";"17";"7";"2020";"19:45";"1";"92";"92025";"2";"3";"1";"3";"PRESIDENT SALVADOR ALLENDE (RUE DU)";"48,9226430";"2,2465020"
"202000011500";"17";"7";"2020";"08:45";"1";"92";"92012";"2";"1";"1";"3";"SEVRES (RUE DE) 1/55 - 2/40";"48,8388998";"2,2283055"
"202000011501";"17";"7";"2020";"07:50";"1";"92";"92002";"2";"1";"1";"6";"RAYMON ARON (AVENUE)";"48,7701460";"2,3115200"
"202000011502";"17";"7";"2020";"15:13";"1";"60";"60084";"1";"1";"1";"2";"D133";"49,5154966";"1,9493741"
"202000011503";"18";"7";"2020";"11:45";"1";"01";"01085";"1";"1";"1";"1";"D80";"46,0574790";"5,0242710"
"202000011504";"17";"7";"2020";"20:55";"2";"60";"60559";"1";"1";"1";"2";"n31";"49,4132391";"2,3127126"
"202000011505";"18";"7";"2020";"09:10";"1";"44";"44198";"1";"1";"1";"5";"A83";"47,1395850";" -1,5126800"
"202000011506";"17";"7";"2020";"14:00";"1";"46";"46103";"1";"1";"1";"6";"D4";"44,2606910";"1,4073230"
"202000011507";"18";"7";"2020";"00:35";"3";"72";"72231";"1";"1";"1";"6";"La Sapiniere du Mottay";"47,9481970";"0,3350240"
"202000011508";"18";"7";"2020";"14:30";"1";"71";"71054";"2";"1";"1";" -1";"26 Rue Neuve";"46,9119690";"5,0283570"
"202000011509";"11";"7";"2020";"18:45";"1";"57";"57132";"2";"1";"1";"6";"Avenue Napoléon 1er";"48,8180970";"6,5111800"
"202000011510";"17";"7";"2020";"13:30";"1";"56";"56045";"1";"1";"1";"7";"Le Pont de Molac";"47,7322840";" -2,5058110"
"202000011511";"18";"7";"2020";"16:15";"1";"74";"74242";"2";"3";"1";"3";"Route de la Magne";"45,8238030";"6,1727080"
"202000011512";"13";"7";"2020";"12:00";"1";"76";"76520";"2";"1";"1";"3";"18 Route du Grand Marche";"49,8506460";"1,6275620"
"202000011513";"17";"7";"2020";"15:15";"1";"89";"89447";"1";"3";"1";"2";"D187";"47,8934470";"3,9472840"
"202000011514";"18";"7";"2020";"11:00";"1";"89";"89225";"1";"1";"1";"7";"Route départementale  214";"47,4954874";"3,6120880"
"202000011515";"14";"7";"2020";"14:40";"1";"63";"63380";"1";"1";"1";"6";"D996";"45,5883562";"2,9874073"
"202000011516";"18";"7";"2020";"15:30";"1";"61";"61003";"1";"1";"1";"6";"D12";"48,8495660";"0,4976680"
"202000011517";"18";"7";"2020";"14:55";"1";"42";"42267";"1";"1";"1";"3";"Route du Sornin";"46,1513570";"4,1097340"
"202000011518";"11";"7";"2020";"19:30";"1";"39";"39182";"1";"3";"1";"7";"Carrefour Rue du Moulin de l'Acorre / Chemin non revêtu";"47,0429920";"5,4719560"
"202000011519";"18";"7";"2020";"16:40";"1";"39";"39443";"1";"1";"1";"6";"N/A";"46,5418850";"5,5826880"
"202000011520";"18";"7";"2020";"14:25";"1";"25";"25443";"1";"1";"1";"7";"D101";"47,0959910";"5,9297530"
"202000011521";"17";"7";"2020";"14:00";"1";"44";"44220";"1";"1";"1";"1";"La Hamoyere";"47,1727140";" -1,9069000"
"202000011522";"15";"7";"2020";"09:45";"1";"44";"44131";"1";"1";"1";"3";"D751";"47,1117140";" -2,0109490"
"202000011523";"17";"7";"2020";"18:30";"1";"03";"03297";"1";"2";"1";"7";"N/A";"46,5374161";"2,5752895"
"202000011524";"17";"7";"2020";"19:25";"1";"14";"14119";"1";"3";"7";"3";"Route départementale 225";"49,1392560";" -0,2510550"
"202000011525";"18";"7";"2020";"16:50";"1";"50";"50021";"1";"1";"1";"6";"D421";"49,4320500";" -1,1972090"
"202000011526";"17";"7";"2020";"18:00";"1";"07";"07346";"2";"3";"1";"4";"Viviers";"44,4923500";"4,6789850"
"202000011527";"17";"7";"2020";"23:00";"5";"85";"85146";"2";"9";"1";"3";"113 Rue Joseph Gaillard";"46,9835460";" -1,3201940"
"202000011528";"18";"7";"2020";"12:20";"1";"52";"52519";"1";"2";"1";"3";"D21";"47,7080790";"5,1770230"
"202000011529";"17";"7";"2020";"15:20";"1";"68";"68375";"2";"1";"1";"3";"54 Rue du Château d'Eau";"47,7966600";"7,2318150"
"202000011530";"17";"7";"2020";"07:25";"1";"978";"97801";"2";"1";"1";"3";"RN7";"18,0983200";" -63,0650210"
"202000011531";"18";"7";"2020";"04:57";"3";"82";"82131";"1";"1";"1";"2";"A20";"44,2666540";"1,5059210"
"202000011532";"17";"7";"2020";"14:45";"1";"72";"72198";"1";"1";"1";"6";"A11";"48,0380370";"0,1445390"
"202000011533";"17";"7";"2020";"09:25";"1";"76";"76484";"1";"1";"1";"5";"A13, pk 112.250";"49,3415380";"1,0659100"
"202000011534";"18";"7";"2020";"09:05";"1";"988";"98829";"1";"1";"1";"7";"Route de Petchekara";" -21,5776350";"166,1273200"
"202000011535";"17";"7";"2020";"19:28";"3";"974";"97408";"2";"9";"1";"6";"N1";" -20,9326480";"55,3310460"
"202000011536";"17";"7";"2020";"20:00";"3";"973";"97311";"1";"1";"1";"1";"route d apatou";"5,3056210";" -54,1594650"
"202000011537";"14";"7";"2020";"16:15";"1";"77";"77308";"1";"1";"1";"7";"D41";"49,0384363";"2,7247722"
"202000011538";"17";"7";"2020";"21:00";"1";"91";"91494";"1";"6";"1";"3";"D312";"48,6152790";"2,3514600"
"202000011539";"14";"7";"2020";"17:30";"1";"91";"91130";"1";"1";"1";"1";"Cherel";"48,4277090";"2,0750320"
"202000011540";"17";"7";"2020";"20:30";"1";"83";"83068";"1";"1";"1";"1";"Route de Bardasse";"43,2809100";"6,5782790"
"202000011541";"18";"7";"2020";"03:45";"5";"83";"83107";"1";"1";"1";"1";"Route Nd7";"43,4257270";"6,6741890"
"202000011542";"17";"7";"2020";"19:10";"1";"73";"73051";"1";"1";"1";"6";"D42 Route du Relais";"45,6539950";"5,8472332"
"202000011543";"18";"7";"2020";"13:15";"1";"42";"42296";"1";"1";"1";"1";"Chassignol";"45,7386497";"4,2944802"
"202000011544";"17";"7";"2020";"19:35";"1";"38";"38565";"1";"6";"1";"3";"D1075";"45,3080400";"5,6223340"
"202000011545";"17";"7";"2020";"23:00";"3";"26";"26117";"1";"1";"1";"7";"Routes des Petits Goulets";"45,0399310";"5,3746320"
"202000011546";"18";"7";"2020";"15:15";"1";"69";"69155";"1";"1";"1";"1";"D2";"45,6306350";"4,4127920"
"202000011547";"18";"7";"2020";"11:00";"1";"46";"46102";"2";"1";"1";"6";"10 Place du 12 Mai";"44,6106500";"2,0294040"
"202000011548";"18";"7";"2020";"12:30";"1";"09";"09268";"1";"1";"1";"7";"Marsan";"42,9983230";"1,1464570"
"202000011549";"18";"7";"2020";"18:30";"1";"64";"64315";"1";"1";"1";"7";"D802";"43,2976510";" -0,4186180"
"202000011550";"16";"7";"2020";"10:15";"1";"33";"33238";"2";"3";"1";"5";"D651";"44,7082090";" -0,6070590"
"202000011551";"17";"7";"2020";"10:50";"1";"49";"49332";"1";"1";"1";"6";"RN 249";"47,0771660";" -0,9517770"
"202000011552";"17";"7";"2020";"22:55";"3";"14";"14332";"1";"1";"1";"6";"La Butte Rouge";"48,8411831";" -0,1551443"
"202000011553";"17";"7";"2020";"10:45";"1";"29";"29179";"2";"2";"1";"6";"Rue Pierre Croc";"48,5367290";" -4,3104600"
"202000011554";"18";"7";"2020";"11:08";"1";"60";"60116";"1";"1";"1";"1";"D137";"49,3178649";"2,3812652"
"202000011555";"16";"7";"2020";"20:35";"1";"13";"13214";"1";"1";"1";"5";"A7-Sens Lyon vers Marseille";"43,3317000";"5,3776000"
"202000011556";"16";"7";"2020";"14:50";"1";"13";"13001";"1";"1";"1";"4";"A51-Sens Aix en Provence vers Marseille";"43,5224100";"5,4268700"
"202000011557";"16";"7";"2020";"19:37";"1";"13";"13215";"1";"1";"1";"2";"A7-Sens Lyon vers Marseille";"43,3570430";"5,3628980"
"202000011558";"16";"7";"2020";"17:15";"1";"13";"13055";"1";"1";"1";"7";"A507 sens Marseille - Aubagne";"43,2933700";"5,4242700"