"Num_Acc";"jour";"mois";"an";"hrmn";"lum";"dep";"com";"agg";"int";"atm";"col";"adr";"lat";"long"
"202000011559";"16";"7";"2020";"12:50";"1";"13";"13210";"2";"1";"1";"2";"Tunnel Prado Carénage";"43,2876800";"5,3721560"
"202000011560";"17";"7";"2020";"15:35";"1";"69";"69290";"1";"1";"1";"2";"A43   3.865 A 9.894";"45,7056900";"4,9597200"
"202000011561";"17";"7";"2020";"01:05";"3";"69";"69149";"1";"1";"1";"2";"M7   3.690 A 4.270";"45,7183600";"4,8190600"
"202000011562";"11";"7";"2020";"09:50";"1";"69";"69266";"1";"9";"1";"5";"RD383   1.165 A 1.893";"45,7685300";"4,9039600"
"202000011563";"17";"7";"2020";"03:00";"3";"93";"93064";"1";"1";"1";"2";"AUTOROUTE A3";"48,8844000";"2,4702500"
"202000011564";"15";"6";"2020";"09:40";"1";"75";"75114";"2";"1";"1";"3";"AVENUE RENE COTY";"48,8267130";"2,3353650"
"202000011565";"17";"6";"2020";"21:40";"2";"75";"75112";"2";"2";"1";"6";"COURS DE VINCENNES";"48,8468700";"2,4112160"
"202000011566";"17";"6";"2020";"08:40";"1";"75";"75110";"2";"1";"1";"2";"PASSAGE DELESSERT";"48,8790420";"2,3653890"
"202000011567";"16";"6";"2020";"18:40";"1";"75";"75108";"2";"7";"1";"2";"PLACE DE LA CONCORDE";"48,8670490";"2,3206720"
"202000011568";"17";"6";"2020";"14:53";"1";"75";"75104";"2";"2";"1";"7";"RUE DE RIVOLI";"48,8578740";"2,3502130"
"202000011569";"17";"6";"2020";"17:35";"1";"94";"94067";"2";"3";"1";"2";"EUGENE RINGUET (R)";"48,8380800";"2,4171900"
"202000011570";"17";"6";"2020";"06:35";"1";"94";"94052";"2";"1";"1";"6";"JACQUES KABLE (R)";"48,8355970";"2,4929060"
"202000011571";"17";"6";"2020";"11:15";"1";"94";"94065";"2";"1";"1";"7";"CHARLES LINDBERGH (AV)";"48,7534710";"2,3489940"
"202000011572";"17";"6";"2020";"15:10";"1";"94";"94028";"2";"2";"1";"3";"TASSIGNY(AVE DU MARECHAL DE LATTRE DE)";"48,7950000";"2,4590000"
"202000011573";"17";"6";"2020";"15:30";"1";"94";"94028";"2";"1";"1";"3";"CHERET(RUE ET IMPASSE)";"48,8010000";"2,4630000"
"202000011574";"16";"6";"2020";"08:05";"1";"94";"94004";"2";"1";"1";"2";"SUCY (R DE)";"48,7500000";"2,5167000"
"202000011575";"16";"6";"2020";"20:10";"1";"93";"93066";"2";"1";"2";"3";"""SEMBAT MARCEL (BD), NR 2 A 66 ET 1 A 47";"48,9302880";"2,3554732"
"202000011576";"15";"6";"2020";"18:00";"1";"93";"93053";"2";"1";"1";"2";"PARIS (RUE DE)";"48,9005042";"2,4524414"
"202000011577";"17";"6";"2020";"14:25";"1";"93";"93029";"2";"1";"1";"3";"R ANATOLE FRANCE";"48,9289800";"2,4528900"
"202000011578";"17";"6";"2020";"12:50";"1";"93";"93047";"2";"1";"1";"2";"DANIEL PERDRIGE  (AVENUE)";"48,8912069";"2,5585773"
"202000011579";"17";"6";"2020";"19:30";"1";"93";"93001";"2";"1";"1";"3";"R DES CITES ";"48,9076060";"2,3878899"
"202000011580";"17";"6";"2020";"09:00";"1";"92";"92062";"2";"1";"1";"6";"GENERAL DE GAULLE (AV) DU 44 AU 106";"48,8865880";"2,2307066"
"202000011581";"1";"6";"2020";"21:40";"1";"92";"92050";"2";"1";"1";"3";"VAILLANT COUTURIER PAUL RUE";"48,8816748";"2,2051905"
"202000011582";"16";"6";"2020";"15:00";"1";"92";"92050";"2";"1";"1";"2";"DEFENSE (BD DE LA)";"48,9036010";"2,2190180"
"202000011583";"17";"6";"2020";"00:12";"5";"92";"92026";"2";"3";"1";"3";"BOULEVARD CIRCULAIRE";"48,8904381";"2,2488338"
"202000011584";"17";"6";"2020";"19:55";"2";"92";"92026";"2";"1";"1";"6";"VERDUN (DE 01 A 61)";"48,8976697";"2,2634939"
"202000011585";"17";"6";"2020";"12:45";"1";"92";"92023";"2";"1";"1";"5";"GENERAL DE GAULLE (AV DU) N°130 A 340 ET";"48,7853590";"2,2514610"
"202000011586";"17";"6";"2020";"14:25";"1";"92";"92012";"2";"1";"1";"3";"COURS DE L'ILE SEGUIN";"48,8272870";"2,2339470"
"202000011587";"16";"6";"2020";"16:20";"1";"35";"35123";"2";"6";"3";"7";"Rue de la Vigne Soriette";"48,0079640";" -1,8440660"
"202000011588";"18";"6";"2020";"17:15";"1";"51";"51373";"1";"2";"1";"3";"D58";"48,6530455";"4,6636295"
"202000011589";"13";"6";"2020";"18:15";"1";"2A";"2A211";"1";"1";"1";"3";"PK 41";"41,7832909";"8,9660082"
"202000011590";"18";"6";"2020";"17:20";"1";"38";"38536";"1";"1";"1";" -1";"D37";"45,4244460";"4,9181920"
"202000011591";"17";"6";"2020";"13:20";"1";"33";"33205";"1";"2";"3";"3";"D11";"44,6261750";" -0,3693940"
"202000011592";"18";"6";"2020";"08:47";"1";"44";"44083";"1";"1";"1";"7";"D61";"46,9989000";" -1,6064070"
"202000011593";"17";"6";"2020";"07:50";"1";"68";"68007";"1";"3";"8";"1";"D415";"48,0572760";"7,4355620"
"202000011594";"17";"6";"2020";"23:45";"5";"62";"62770";"2";"1";"2";"6";"1368 Rue d'Aire";"50,6264990";"2,5310180"
"202000011595";"16";"6";"2020";"12:05";"1";"66";"66021";"1";"1";"1";"2";"Route de Claira";"42,7405016";"2,9410918"
"202000011596";"17";"6";"2020";"13:50";"1";"2B";"2B050";"2";"1";"1";"6";"388 Residence Padulella";"42,5517530";"8,7650300"
"202000011597";"17";"6";"2020";"10:40";"1";"65";"65099";"1";"1";"1";"2";"D618";"42,8633160";"0,4012840"
"202000011598";"16";"6";"2020";"20:30";"1";"11";"11397";"2";"1";"2";"6";"26 Route Minervoise";"43,2106650";"2,4499140"
"202000011599";"18";"6";"2020";"17:49";"1";"89";"89460";"1";"1";"2";"7";"D606";"48,3421600";"3,0528260"
"202000011600";"16";"6";"2020";"16:28";"1";"47";"47004";"1";"3";"1";"1";"D813";"44,2749040";"0,3357480"
"202000011601";"18";"6";"2020";"11:15";"1";"31";"31374";"1";"1";"1";"6";"D16";"43,4155380";"1,6419410"
"202000011602";"18";"6";"2020";"17:50";"1";"38";"38099";"1";"1";"1";"6";"La Valette et les Plantées";"45,2028390";"5,2895500"
"202000011603";"18";"6";"2020";"14:10";"1";"02";"02528";"1";"2";"1";"3";"D81";"49,3401960";"3,0997320"
"202000011604";"17";"6";"2020";"17:30";"1";"03";"03158";"1";"3";"1";"2";"N/A";"46,4452164";"2,6547834"
"202000011605";"17";"6";"2020";"19:45";"1";"72";"72180";"2";"2";"1";"3";"48 Rue Ledru Rollin";"48,3488020";"0,3709120"
"202000011606";"17";"6";"2020";"18:15";"1";"05";"05074";"1";"1";"1";"2";"cd942";"44,4729150";"6,0750100"
"202000011607";"16";"6";"2020";"22:00";"3";"50";"50480";"1";"1";"1";"7";"D650";"49,4879770";" -1,7956370"
"202000011608";"12";"6";"2020";"10:20";"1";"40";"40328";"2";"6";"1";"2";"27 Route des Lacs";"43,7885460";" -1,3964870"
"202000011609";"17";"6";"2020";"10:02";"1";"85";"85297";"1";"1";"8";"6";"La Dune";"46,3679900";" -1,2288500"
"202000011610";"24";"5";"2020";"22:00";"2";"27";"27226";"1";"1";"1";"5";"D3";"49,3194680";"1,6354550"
"202000011611";"12";"6";"2020";"08:00";"1";"01";"01374";"1";"1";"1";"2";"A40";"46,0862390";"5,2891870"
"202000011612";"17";"6";"2020";"15:29";"1";"74";"74014";"1";"9";"2";"1";"Route de Flaine";"46,0465480";"6,6162370"
"202000011613";"18";"6";"2020";"09:30";"1";"13";"13040";"1";"1";"1";"3";"CD6";"43,4797050";"5,5507780"
"202000011614";"18";"6";"2020";"02:00";"4";"77";"77171";"2";"1";"1";"6";"16 Avenue Foch - D5";"48,9047830";"2,8127160"
"202000011615";"18";"6";"2020";"13:45";"1";"77";"77141";"2";"4";"1";"2";"1 Route de Melun - D436";"48,8652425";"2,8550100"
"202000011616";"18";"6";"2020";"17:09";"1";"83";"83081";"1";"1";"1";"1";"Route de Grasse";"43,6238050";"6,8221020"
"202000011617";"18";"6";"2020";"17:55";"1";"13";"13022";"1";"1";"1";"1";"route départementale 559";"43,2145200";"5,5787320"
"202000011618";"17";"6";"2020";"15:40";"1";"26";"26332";"1";"1";"1";"6";"A7";"45,2052710";"4,8754730"
"202000011619";"18";"6";"2020";"16:45";"1";"68";"68247";"1";"1";"1";"7";"D13b1";"47,9181170";"6,9515660"
"202000011620";"17";"6";"2020";"16:30";"1";"88";"88031";"1";"1";"1";"1";"RD16";"48,3474470";"5,8509550"
"202000011621";"17";"6";"2020";"22:15";"3";"38";"38236";"2";"1";"1";"7";"932 Route de Saint-roch";"45,4189030";"5,6967480"
"202000011622";"17";"6";"2020";"16:25";"1";"79";"79189";"1";"4";"1";"6";"Route de Poitiers";"46,4225500";" -0,1667260"
"202000011623";"18";"6";"2020";"19:00";"1";"60";"60041";"2";"9";"1";"7";"Bailleul-sur-Thérain";"49,3814091";"2,2287394"
"202000011624";"18";"6";"2020";"12:15";"1";"59";"59087";"1";"2";"1";"3";"Rue d'Aire";"50,6676508";"2,4576551"
"202000011625";"17";"6";"2020";"22:00";"3";"59";"59034";"1";"1";"2";"3";"D 549";"50,5314860";"3,0914650"
"202000011626";"17";"6";"2020";"01:20";"5";"92";"92050";"1";"1";"1";"2";"A14";"48,9010000";"2,2065000"
"202000011627";"16";"6";"2020";"02:30";"5";"92";"92048";"1";"1";"1";"2";"N118";"48,7889000";"2,2214000"
"202000011628";"15";"6";"2020";"19:15";"1";"92";"92036";"1";"1";"1";"3";"AUTOROUTE A86";"48,9386500";"2,3106200"
"202000011629";"15";"6";"2020";"15:30";"1";"92";"92036";"1";"1";"1";"5";"AUTOROUTE A15";"48,9453700";"2,2846000"
"202000011630";"17";"6";"2020";"17:10";"1";"75";"75112";"1";"1";"1";"5";"A4";"48,8252710";"2,4638460"
"202000011631";"15";"2";"2020";"14:30";"1";"62";"62041";"2";"2";"1";"3";"DE GAULLE ( BOULEVARD DU GENERAL )";"50,2867960";"2,7608890"
"202000011632";"26";"2";"2020";"19:10";"5";"2A";"2A004";"2";"8";"6";"3";"NAPOLEON COURS APRES BEVERINI";"41,9315487";"8,7401005"
"202000011633";"15";"6";"2020";"11:20";"1";"974";"97411";"2";"1";"1";"2";"LATTRE DE TASSIGNY (AVENUE MARECHAL DE)";" -20,8908000";"55,4797400"
"202000011634";"15";"6";"2020";"18:00";"4";"974";"97411";"2";"1";"1";"6";"MACE (CHEMIN GABRIEL)";" -20,9164000";"55,5030000"
"202000011635";"15";"6";"2020";"17:13";"1";"974";"97407";"1";"6";"1";"3";"MARINE(BOULEVARD)";" -20,9498900";"55,2871900"
"202000011636";"16";"6";"2020";"08:50";"1";"973";"97302";"2";"1";"1";"6";"CATAYEE (JUSTIN)";"4,9382160";" -52,3303163"
"202000011637";"16";"6";"2020";"12:50";"1";"69";"69259";"2";"1";"1";"3";"JODINO (DE)                         (BD)";"45,6921000";"4,8872000"
"202000011638";"15";"6";"2020";"10:10";"1";"972";"97213";"2";"1";"1";"7";"PIERRE ZOBDA QUITMAN (RUE)";"14,6111900";" -61,0014900"
"202000011639";"11";"6";"2020";"18:00";"1";"972";"97213";"2";"9";"1";"2";"ROUTE NATIONALE 1";"14,6232700";" -60,9889800"
"202000011640";"15";"6";"2020";"19:35";"4";"972";"97213";"2";"1";"1";"7";"LA TREIZE (CHEMIN)";"14,6463000";" -61,0224000"
"202000011641";"15";"6";"2020";"08:20";"1";"972";"97213";"2";"1";"1";"3";"VIEUX CHEMIN CALIFORNIE (RUE DU)";"14,6210000";" -61,0298000"
"202000011642";"16";"6";"2020";"08:30";"1";"972";"97209";"1";"1";"1";"4";"AUTOROUTE (A1)";"14,6148900";" -61,0457400"
"202000011643";"15";"6";"2020";"01:45";"5";"972";"97209";"2";"4";"1";"6";"MORNE MORISSOT (RUE DU)";"14,6215200";" -61,0430700"
"202000011644";"16";"6";"2020";"08:50";"1";"69";"69034";"2";"3";"1";"3";"GEORGES CLEMENCEAU                  (QU)";"45,7892000";"4,8198800"
"202000011645";"15";"6";"2020";"03:50";"5";"69";"69385";"2";"1";"1";"6";"CHOULANS (DE)                       (CH)";"45,7534000";"4,8170000"
"202000011646";"16";"6";"2020";"09:36";"1";"2A";"2A004";"1";"1";"1";"3";"VITTULO ROUTE DU";"41,9313136";"8,7221917"
"202000011647";"16";"6";"2020";"15:00";"1";"91";"91589";"2";"2";"1";"3";"DE GAULLE  (AVENUE CHARLES)";"48,7053200";"2,3411000"
"202000011648";"12";"6";"2020";"11:40";"1";"83";"83034";"1";"1";"1";"6";"RUE DES 3 PINS";"43,1071400";"6,0519230"
"202000011649";"16";"6";"2020";"10:00";"1";"83";"83069";"2";"1";"1";"6";"GODILLOT  ( AVENUE ALEXIS )";"43,1113200";"6,1240100"
"202000011650";"16";"6";"2020";"21:10";"1";"78";"78440";"2";"1";"1";"6";"JEAN DE LA FONTAINE (RUE)";"48,9794040";"1,9148720"
"202000011651";"16";"6";"2020";"13:10";"1";"78";"78440";"2";"9";"1";"3";"AMPERE (RUE)";"48,9989170";"1,9163080"
"202000011652";"15";"6";"2020";"08:15";"1";"78";"78362";"2";"2";"8";"6";"RUE JEAN JAOUEN";"48,9870900";"1,7061900"
"202000011653";"15";"6";"2020";"17:30";"1";"77";"77438";"1";"1";"1";"7";"D934";"48,8667000";"2,6833000"
"202000011654";"5";"5";"2020";"19:10";"1";"76";"76231";"2";"1";"1";"3";"SAUSSAYE. RUE DE LA";"49,2716600";"0,9970900"
"202000011655";"23";"5";"2020";"11:15";"1";"76";"76575";"2";"3";"1";"6";"PARIS. RUE DE";"49,3972900";"1,1031700"
"202000011656";"15";"6";"2020";"18:45";"1";"71";"71306";"2";"1";"1";"3";"DE LATTRE DE TASSIGNY (BLD DU MARECHAL)";"46,6772420";"4,3687394"
"202000011657";"15";"6";"2020";"18:20";"1";"71";"71153";"2";"1";"1";"7";"MARTYRS DE LA LIBERATION (RUE DES)";"46,8060699";"4,4394475"
"202000011658";"15";"6";"2020";"21:50";"2";"71";"71059";"2";"1";"1";"2";"CREUSOT (RUE DU)";"46,8036743";"4,4684478"
"202000011659";"13";"6";"2020";"22:52";"5";"67";"67482";"2";"1";"1";"3";"GENERAL DE GAULLE (AVENUE DU)";"48,5787600";"7,7696200"
"202000011660";"12";"6";"2020";"18:45";"1";"66";"66136";"2";"1";"1";"2";"CLEMENCEAU (BOULEVARD)";"42,6991800";"2,8885600"
"202000011661";"15";"6";"2020";"16:06";"1";"65";"65440";"2";"2";"1";"3";"PYRENEES (RUE DES)";"43,2322500";"0,0705800"
"202000011662";"13";"6";"2020";"19:25";"1";"64";"64122";"2";"9";"1";"3";"23 avenue du Golf";"43,4881698";" -1,5488128"
"202000011663";"12";"6";"2020";"17:00";"1";"64";"64122";"2";"1";"1";"3";"GENERAL MAC CROSKEY (AV DU)";"43,4925800";" -1,5474300"
"202000011664";"16";"6";"2020";"11:10";"1";"64";"64102";"2";"1";"1";"3";"LASSEGUETTE (CHEMIN DE)";"43,4809200";" -1,4805600"
"202000011665";"16";"6";"2020";"06:55";"2";"64";"64140";"2";"3";"2";"3";"DUVERT (RUE RENE)";"43,5234000";" -1,4901000"
"202000011666";"9";"6";"2020";"20:37";"1";"63";"63113";"2";"3";"1";"1";"VIVIANI /Busséol";"45,8103700";"3,1199500"
"202000011667";"15";"6";"2020";"18:00";"1";"63";"63113";"2";"1";"1";"6";"JOUHAUX (BD LEON)";"45,7915560";"3,1150291"
"202000011668";"25";"5";"2020";"17:00";"1";"62";"62413";"2";"1";"1";"6";"2° VOIE (CHE. DE LA)";"50,4457000";"2,8836500"
"202000011669";"16";"6";"2020";"13:59";"1";"51";"51454";"2";"3";"1";"3";"Avenue de Champagne";"49,2341095";"4,0396185"
"202000011670";"12";"6";"2020";"20:40";"1";"50";"50129";"2";"1";"1";" -1";"PLYMOUTH (AVENUE DE)";"49,6298600";" -1,6229000"
"202000011671";"14";"6";"2020";"02:25";"3";"49";"49007";"2";"1";"1";"2";"VOLNEY";"47,4605900";" -0,5379300"
"202000011672";"13";"6";"2020";"13:47";"1";"49";"49007";"2";"1";"1";"3";"PASTEUR AVENUE";"47,4723300";" -0,5410400"
"202000011673";"14";"6";"2020";"19:45";"1";"49";"49007";"2";"1";"1";"7";"ALLAIS(MADELEINE)";"47,4557500";" -0,5173600"
"202000011674";"16";"6";"2020";"06:45";"1";"35";"35238";"1";"1";"2";"6";"RN136";"48,1234600";" -1,7184100"
"202000011675";"15";"6";"2020";"19:15";"1";"33";"33529";"2";"3";"1";"3";"PARC DES EXPOSITIONS (Ave du)";"44,6105200";" -1,1197500"
"202000011676";"16";"6";"2020";"08:25";"1";"32";"32013";"2";"1";"1";"4";"SADI-CARNOT (BOULEVARD)";"43,6405900";"0,5857300"
"202000011677";"16";"6";"2020";"12:10";"1";"30";"30007";"2";"1";"1";"1";"metallurgistes";"44,1496900";"4,0795700"
"202000011678";"15";"6";"2020";"14:55";"1";"28";"28404";"1";"6";"1";"3";"RD 828A";"48,7193000";"1,3490000"
"202000011679";"14";"6";"2020";"19:15";"1";"27";"27229";"2";"1";"1";"6";"VAL ITON (RUE DU)";"49,0344000";"1,1489800"
"202000011680";"16";"6";"2020";"17:32";"1";"17";"17028";"2";"1";"1";"3";"SALENGRO   AVENUE ROGER";"46,1398800";" -1,1319300"
"202000011681";"16";"6";"2020";"22:26";"4";"13";"13201";"2";"2";"1";"2";"NATIONAL   1 A 51 (BOULEVARD)";"43,3034870";"5,3859620"
"202000011682";"16";"6";"2020";"18:00";"1";"13";"13211";"2";"1";"1";"6";"SAINT MARCEL (BOULEVARD DE )";"43,2876210";"5,4649700"
"202000011683";"16";"6";"2020";"16:55";"1";"13";"13215";"2";"1";"1";"7";"BOSPHORE (BOULEVARD DU)";"43,3738781";"5,3659890"
"202000011684";"15";"6";"2020";"15:00";"1";"13";"13207";"2";"3";"1";"6";"CAPITAINE DESSEMOND (RUE)";"43,2891920";"5,3545730"
"202000011685";"16";"6";"2020";"17:30";"1";"13";"13063";"2";"1";"1";"6";"JACQUES MINET BOULEVARD";"43,5762638";"4,9988276"
"202000011686";"16";"6";"2020";"21:20";"1";"10";"10387";"2";"3";"1";"3";"JEAN MACE (RUE)";"48,2833000";"4,0819100"
"202000011687";"15";"6";"2020";"18:00";"1";"07";"07008";"1";"1";"1";"3";"D2 ( ROUTE DEPARTEMENTALE )";"44,7126980";"4,6350070"
"202000011688";"16";"6";"2020";"19:45";"1";"06";"06029";"2";"1";"1";"3";"PANTIERO (PROMENADE DE LA)";"43,5515300";"7,0164800"
"202000011689";"14";"6";"2020";"17:10";"1";"06";"06123";"1";"1";"1";"1";"FAHNESTOCK G. CORNICHE";"43,6795100";"7,1834900"
"202000011690";"15";"6";"2020";"18:10";"1";"05";"05061";"1";"6";"1";"2";"D994";"44,5576800";"6,0553800"
"202000011691";"9";"6";"2020";"06:30";"1";"05";"05061";"2";"1";"1";"6";"RAVELIN ( ROUTE DU )";"44,5788600";"6,1010500"
"202000011692";"15";"6";"2020";"14:25";"1";"05";"05061";"1";"1";"1";"7";"RD944";"44,6046700";"6,1164300"
"202000011693";"15";"6";"2020";"17:05";"1";"75";"75120";"2";"1";"1";"3";"BOULEVARD PERIPHERIQUE";"48,8500380";"2,4153270"
"202000011694";"15";"6";"2020";"23:46";"5";"75";"75113";"2";"1";"1";"3";"AVENUE D ITALIE";"48,8288400";"2,3564590"
"202000011695";"16";"6";"2020";"01:10";"5";"75";"75120";"2";"3";"1";"6";"RUE D AVRON";"48,8533350";"2,4096910"
"202000011696";"16";"6";"2020";"09:10";"1";"75";"75119";"2";"2";"1";"3";"BOULEVARD MACDONALD";"48,8976380";"2,3856930"
"202000011697";"16";"6";"2020";"07:10";"1";"75";"75119";"2";"2";"1";"3";"AVENUE JEAN JAURES";"48,8859220";"2,3821970"
"202000011698";"16";"6";"2020";"12:00";"1";"75";"75118";"2";"1";"1";"6";"RUE DU NORD";"48,8930910";"2,3500030"
"202000011699";"16";"6";"2020";"16:30";"1";"75";"75117";"2";"7";"1";"3";"RUE CARDINET";"48,8886230";"2,3156640"
"202000011700";"16";"6";"2020";"13:00";"1";"75";"75117";"2";"3";"1";"7";"AVENUE DE CLICHY";"48,8893650";"2,3223400"
"202000011701";"16";"6";"2020";"08:15";"1";"75";"75117";"2";"3";"8";"6";"RUE GUILLAUME TELL";"48,8840470";"2,2936290"
"202000011702";"15";"6";"2020";"08:55";"1";"75";"75114";"2";"7";"1";"3";"AVENUE DENFERT ROCHEREAU";"48,8345450";"2,3326150"
"202000011703";"16";"6";"2020";"08:35";"1";"75";"75113";"2";"2";"8";"6";"RUE DE TOLBIAC";"48,8259940";"2,3536380"
"202000011704";"16";"6";"2020";"14:00";"1";"75";"75110";"2";"2";"1";"6";"BOULEVARD DE MAGENTA";"48,8836130";"2,3494900"
"202000011705";"16";"6";"2020";"14:10";"1";"75";"75109";"2";"3";"1";"3";"BOULEVARD HAUSSMANN";"48,8734190";"2,3296980"
"202000011706";"16";"6";"2020";"13:50";"1";"75";"75107";"2";"2";"1";"5";"RUE DE SOLFERINO";"48,8611270";"2,3241850"
"202000011707";"13";"6";"2020";"12:00";"1";"75";"75107";"2";"1";"1";"6";"PORT DE SOLFERINO";"48,8629140";"2,3188070"
"202000011708";"16";"6";"2020";"19:20";"1";"75";"75104";"2";"3";"1";"3";"RUE SAINT PAUL";"48,8541280";"2,3622940"
"202000011709";"16";"6";"2020";"15:45";"1";"75";"75104";"2";"3";"1";"6";"QUAI DES CELESTINS";"48,8523540";"2,3604900"
"202000011710";"16";"6";"2020";"12:00";"1";"94";"94042";"2";"1";"1";" -1";"PRESIDENT WILSON (AV DU)";"48,8171120";"2,4771605"
"202000011711";"16";"6";"2020";"08:35";"1";"94";"94046";"2";"4";"1";"3";"PASTEUR (R)";"48,8007000";"2,4308700"
"202000011712";"16";"6";"2020";"18:10";"1";"94";"94041";"2";"1";"1";"3";"PAUL VAILLANT COUTURIER (BD)";"48,8195900";"2,3961700"
"202000011713";"15";"6";"2020";"12:00";"1";"94";"94041";"2";"1";"1";"1";"GEORGES GOSNAT (AV)";"48,8143300";"2,3900700"
"202000011714";"16";"6";"2020";"17:10";"1";"94";"94021";"2";"1";"2";"4";"FRANKLIN ROOSEVELT (AV)";"48,7708100";"2,3625050"
"202000011715";"16";"6";"2020";"17:00";"1";"93";"93070";"2";"1";"1";"1";"DOCTEUR BAUER(RUE DU) :N° 1 AU 73";"48,9095000";"2,3387000"
"202000011716";"16";"6";"2020";"22:35";"5";"93";"93048";"2";"2";"1";"3";"AV GABRIEL PERI / R CARNOT";"48,8571700";"2,4411800"
"202000011717";"16";"6";"2020";"14:15";"1";"93";"93048";"2";"7";"1";"6";"PASTEUR S3 (AVENUE)";"48,8672400";"2,4347400"
"202000011718";"16";"6";"2020";"14:55";"1";"93";"93030";"2";"2";"1";"6";"LARIVIERE (RUE LOUIS)";"48,9536300";"2,4163800"
"202000011719";"16";"6";"2020";"10:15";"1";"93";"93001";"2";"1";"1";"6";"BD FELIX FAURE ";"48,9059600";"2,3807200"
"202000011720";"16";"6";"2020";"09:42";"1";"92";"92051";"2";"1";"1";"2";"GENERAL KOENIG (BOULEVARD DU)";"48,8840613";"2,2545941"
"202000011721";"16";"6";"2020";"18:20";"1";"92";"92049";"2";"1";"1";"7";"ARNOUX AVENUE MAURICE AUTRES N°";"48,8169930";"2,3117720"
"202000011722";"16";"6";"2020";"10:50";"1";"92";"92048";"2";"3";"1";"3";"MARECHAL JUIN (AVENUE DU)";"48,7861277";"2,2215043"
"202000011723";"15";"6";"2020";"17:35";"1";"92";"92036";"2";"1";"1";"6";"HECTOR BERLIOZ (RUE)";"48,9292590";"2,2864680"
"202000011724";"13";"6";"2020";"15:50";"1";"92";"92025";"2";"3";"1";"1";"VALMY (BD DE)";"48,9261160";"2,2530240"
"202000011725";"15";"6";"2020";"23:00";"5";"92";"92023";"2";"2";"1";"3";"GENERAL DE GAULLE (AV DU) N°130 A 340 ET";"48,7834400";"2,2466900"
"202000011726";"15";"6";"2020";"13:30";"1";"92";"92014";"2";"3";"1";"6";"MARECHAL JOFFRE (BD DU) (43 A 97 - 58 A";"48,7824491";"2,3148188"
"202000011727";"16";"6";"2020";"13:14";"1";"37";"37191";"1";"2";"2";"3";"Le Moulin Neuf";"46,9668636";"0,3976916"
"202000011728";"17";"6";"2020";"06:00";"2";"08";"08239";"1";"1";"1";"7";"Route Rimbaud Verlaine";"49,3981550";"4,3630740"
"202000011729";"17";"6";"2020";"18:00";"1";"62";"62788";"1";"1";"2";"6";"D204";"50,6938550";"2,0402810"
"202000011730";"14";"6";"2020";"22:50";"5";"40";"40065";"2";"2";"1";"3";"2 Boulevard du Docteur Junqua";"43,6440530";" -1,4325300"
"202000011731";"17";"6";"2020";"00:05";"3";"51";"51048";"1";"1";"1";"7";"La Poterne Hameau";"49,1206256";"3,8628422"
"202000011732";"17";"6";"2020";"15:32";"1";"11";"11041";"2";"1";"1";"1";"Route de Carcassonne";"43,3007180";"2,8748690"
"202000011733";"14";"6";"2020";"17:15";"1";"46";"46063";"1";"1";"1";"6";"Lieu Dit Montaudie";"44,2896900";"1,3603090"
"202000011734";"16";"5";"2020";"15:00";"1";"51";"51515";"1";"4";"1";"7";"MONTVELLOIS";"49,0927143";"4,5576387"
"202000011735";"17";"6";"2020";"08:45";"1";"74";"74208";"2";"6";"1";"3";"PLACE DE LA MAIRIE";"45,9235280";"6,6860180"
"202000011736";"17";"6";"2020";"11:00";"1";"76";"76013";"1";"1";"1";"6";"D17";"49,7725690";"0,5229290"
"202000011737";"17";"6";"2020";"15:50";"1";"2B";"2B207";"1";"1";"1";"1";"D206";"42,4633280";"9,4607310"
"202000011738";"17";"6";"2020";"14:20";"1";"11";"11209";"1";"1";"1";" -1";"D 118";"42,9671200";"2,2602710"
"202000011739";"17";"6";"2020";"09:00";"1";"89";"89246";"1";"1";"1";"7";"D86";"47,6433890";"3,9689720"
"202000011740";"16";"6";"2020";"05:26";"1";"61";"61457";"1";"1";"1";"6";"Lieu Dit la Piltiere";"48,7784470";"0,5615260"
"202000011741";"16";"6";"2020";"18:50";"1";"49";"49050";"1";"1";"3";"1";"Rue des Bouches d'Or";"47,3560730";" -0,3614010"
"202000011742";"16";"6";"2020";"23:45";"3";"42";"42197";"1";"1";"1";"6";"Les Echaux";"45,7384880";"4,0486440"
"202000011743";"17";"6";"2020";"13:15";"1";"68";"68235";"1";"1";"3";"1";"D1b";"47,9902270";"7,4027670"
"202000011744";"15";"6";"2020";"11:00";"1";"39";"39189";"2";"1";"1";"6";"Place du 1er Mai";"47,0704190";"5,4137050"
"202000011745";"24";"5";"2020";"17:27";"1";"25";"25537";"1";"1";"1";"6";"D67";"47,1278050";"6,1239980"
"202000011746";"16";"6";"2020";"19:00";"1";"38";"38269";"2";"1";"1";"3";"Route de Grenoble";"44,9165890";"5,7843880"
"202000011747";"16";"6";"2020";"10:25";"1";"02";"02506";"1";"1";"1";"6";"N2";"49,2959190";"3,1874300"
"202000011748";"16";"6";"2020";"12:00";"1";"26";"26339";"1";"3";"1";"3";"D74";"44,6181040";"4,7964120"
"202000011749";"16";"6";"2020";"12:55";"1";"06";"06032";"2";"4";"1";"3";"Route Moyenne Corniche";"43,7246670";"7,3920100"
"202000011750";"17";"6";"2020";"19:45";"1";"60";"60003";"1";"1";"1";"7";"D9";"49,5241370";"2,1690640"
"202000011751";"16";"6";"2020";"15:20";"1";"27";"27056";"2";"6";"1";"6";"Place de Verdun";"49,0877450";"0,5925750"
"202000011752";"16";"6";"2020";"15:50";"1";"37";"37203";"2";"2";"1";"3";"Chemin de la Cholterie";"47,4101130";"0,7423201"
"202000011753";"16";"6";"2020";"07:20";"1";"52";"52113";"1";"1";"1";"1";"D160";"47,7273160";"5,3753190"