"Num_Acc";"jour";"mois";"an";"hrmn";"lum";"dep";"com";"agg";"int";"atm";"col";"adr";"lat";"long"
"202000011754";"12";"6";"2020";"20:55";"2";"24";"24212";"2";"1";"1";"6";"Chemin du Bout des Pres";"44,7322190";"0,6040230"
"202000011755";"17";"6";"2020";"05:45";"2";"68";"68234";"1";"9";"8";"7";"A 35";"47,9510580";"7,3659040"
"202000011756";"12";"10";"2020";"09:20";"1";"91";"91377";"2";"1";"1";"6";"GALVANI (RUE)";"48,7237000";"2,2697000"
"202000011757";"11";"10";"2020";"15:45";"1";"87";"87085";"2";"1";"2";"2";"BELLAC (RUE DE)";"45,8553700";"1,2483100"
"202000011758";"11";"10";"2020";"20:35";"3";"86";"86041";"1";"1";"9";"1";"N147";"46,6143900";"0,3661900"
"202000011759";"11";"9";"2020";"14:00";"1";"85";"85194";"2";"1";"1";"1";"RUE DE LA PLAINE";"46,4979800";" -1,7607400"
"202000011760";"5";"10";"2020";"07:30";"5";"85";"85194";"2";"6";"1";"3";"TABARLY (BOULEVARD ERIC)";"46,5142500";" -1,7684800"
"202000011761";"5";"10";"2020";"11:10";"1";"85";"85194";"2";"1";"1";"1";"Boulevard du Vendée Globe";"46,5030400";" -1,7592200"
"202000011762";"11";"10";"2020";"22:03";"3";"85";"85194";"1";"3";"1";"3";"RUE D OLONNE";"46,5263400";" -1,7446300"
"202000011763";"12";"10";"2020";"15:50";"1";"83";"83069";"2";"1";"1";"6";"BELGIQUE ( AVENUE DE )";"43,1203500";"6,1317300"
"202000011764";"10";"10";"2020";"18:50";"3";"80";"80021";"2";"1";"2";"1";"DEPARTEMENTALE 412 (ROUTE)";"49,9249500";"2,2556900"
"202000011765";"10";"10";"2020";"18:00";"1";"80";"80489";"2";"1";"1";"2";"VILLE IDEALE (AVENUE DE LA )";"49,8680400";"2,3761300"
"202000011766";"10";"10";"2020";"17:45";"1";"80";"80021";"2";"1";"1";"6";"VERDUN (RUE DE )";"49,8943900";"2,3094800"
"202000011767";"10";"10";"2020";"19:40";"5";"78";"78646";"2";"1";"1";"3";"GENERAL LECLERC (RUE DU)";"48,7989800";"2,1268900"
"202000011768";"12";"10";"2020";"10:10";"1";"78";"78551";"2";"1";"1";"4";"ROOSEVELT (DU PRESIDENT)";"48,9010800";"2,0629200"
"202000011769";"7";"10";"2020";"18:50";"1";"76";"76498";"2";"6";"1";"3";"BRUYERES. ROND POINT DES";"49,4125700";"1,0725900"
"202000011770";"9";"10";"2020";"16:45";"1";"76";"76351";"2";"2";"1";"3";"VERDUN (RUE DE)";"49,5045300";"0,1516300"
"202000011771";"10";"10";"2020";"20:17";"5";"76";"76351";"2";"8";"2";"3";"DEMIDOFF (RUE)";"49,4972000";"0,1277000"
"202000011772";"12";"10";"2020";"09:25";"1";"72";"72181";"2";"6";"1";"1";"DEMORIEUX ENTRE PT CHEM DE FER ET HUISNE";"47,9930000";"0,1847900"
"202000011773";"11";"10";"2020";"00:00";"5";"71";"71059";"2";"1";"1";"6";"COUCHES (ROUTE DE)";"46,8113805";"4,4828775"
"202000011774";"9";"10";"2020";"11:05";"1";"67";"67482";"2";"3";"1";"3";"CHATEAUROUX (RUE DE)";"48,5537000";"7,7676400"
"202000011775";"11";"10";"2020";"09:37";"1";"66";"66136";"2";"6";"1";"3";"FRANCE LIBRE (BOULEVARD DE LA)";"42,7054000";"2,9018500"
"202000011776";"10";"10";"2020";"20:17";"5";"66";"66136";"2";"1";"1";"6";"ABBE PIERRE";"42,6923900";"2,8795000"
"202000011777";"12";"10";"2020";"21:55";"5";"64";"64445";"2";"6";"1";"7";"PIERRE MASSE";"43,3147300";" -0,3573000"
"202000011778";"12";"10";"2020";"16:45";"1";"64";"64445";"2";"2";"1";"3";"LARRIBAU";"43,3179800";" -0,3183700"
"202000011779";"12";"10";"2020";"11:10";"1";"64";"64122";"2";"3";"1";" -1";"BERGERIE (RUE DE LA )";"43,4860700";" -1,5510200"
"202000011780";"11";"10";"2020";"14:10";"1";"64";"64102";"2";"3";"8";"2";"SOULT (AVENUE MARECHAL)";"43,4851100";" -1,4942800"
"202000011781";"12";"10";"2020";"09:45";"1";"61";"61397";"2";"1";"1";"3";"KOUTIALA (BOULEVARD)";"48,4225300";"0,0843300"
"202000011782";"11";"10";"2020";"08:00";"2";"59";"59166";"1";"1";"1";"6";"RD 659";"50,3248800";"3,5977000"
"202000011783";"8";"10";"2020";"17:10";"1";"59";"59339";"2";"1";"2";"6";"LYS (RUE DE)";"50,6788000";"3,2377000"
"202000011784";"12";"10";"2020";"22:55";"5";"59";"59507";"2";"1";"1";"7";"LECLERCQ AVENUE DU GENERAL.";"50,5942400";"3,0832700"
"202000011785";"9";"10";"2020";"17:30";"1";"59";"59486";"1";"3";"1";"3";"NATIONALE (RUE)";"50,4286100";"3,1396700"
"202000011786";"11";"10";"2020";"15:50";"1";"56";"56107";"2";"6";"1";"3";"LE PORT (ROGER BOULEVARD)";"47,7169900";" -3,3732500"
"202000011787";"11";"10";"2020";"09:40";"1";"56";"56098";"2";"6";"7";"3";"LANN-SEVELIN (ROND POINT DE)";"47,7782400";" -3,3452000"
"202000011788";"10";"10";"2020";"23:45";"4";"56";"56185";"1";"1";"2";"6";"RN 165";"47,7711000";" -3,3809500"
"202000011789";"10";"10";"2020";"20:40";"5";"56";"56121";"2";"6";"1";"3";"IRLANDE (ROND-POINT)";"47,7516800";" -3,3693500"
"202000011790";"10";"10";"2020";"13:25";"1";"56";"56121";"1";"1";"1";"6";"Route Départementale 465 Desserte Portuaire";"47,7372400";" -3,3781000"
"202000011791";"9";"10";"2020";"12:00";"1";"54";"54323";"2";"4";"3";"6";"PARC (RUE DU)";"49,5173000";"5,7673000"
"202000011792";"9";"10";"2020";"07:45";"4";"54";"54323";"2";"1";"2";"6";"rd918";"49,5237090";"5,7643910"
"202000011793";"11";"10";"2020";"02:40";"3";"51";"51454";"2";"1";"2";"7";"Rue Jean Jacques Rousseau";"49,2579010";"4,0341222"
"202000011794";"10";"10";"2020";"17:00";"1";"49";"49267";"2";"1";"1";"3";"A87N";"47,4801700";" -0,4997500"
"202000011795";"10";"10";"2020";"10:45";"1";"49";"49007";"2";"1";"1";"3";"THIERS";"47,4757200";" -0,5528500"
"202000011796";"11";"10";"2020";"15:53";"1";"49";"49007";"2";"1";"2";"2";"PAUL BERT";"47,4654500";" -0,5504700"
"202000011797";"9";"10";"2020";"08:21";"2";"49";"49353";"2";"6";"2";"1";"Buisson";"47,4423270";" -0,4833440"
"202000011798";"9";"10";"2020";"07:20";"2";"49";"49246";"2";"3";"2";"1";"BEAUREPAIRE";"47,4277300";" -0,5272500"
"202000011799";"9";"10";"2020";"14:10";"2";"49";"49353";"2";"1";"2";"6";"BUISSONS LIEU DIT";"47,4420100";" -0,4833300"
"202000011800";"11";"10";"2020";"15:47";"1";"47";"47031";"2";"1";"1";"3";"JEAN JAURES (Rue)  ";"44,1770900";"0,6443500"
"202000011801";"12";"10";"2020";"06:45";"5";"45";"45285";"2";"1";"1";"6";"Rue Charles Beauhaire";"47,9182900";"1,8593900"
"202000011802";"7";"10";"2020";"16:30";"1";"43";"43157";"2";"1";"1";"6";"110 Avenue Marechal Foch";"45,0320623";"3,8857698"
"202000011803";"9";"10";"2020";"19:15";"5";"42";"42186";"2";"1";"1";"6";"Rue Edouard Vaillant";"45,5248800";"4,6085300"
"202000011804";"12";"10";"2020";"06:45";"5";"35";"35238";"2";"1";"8";"3";"GUILLAUDOT ( DU GENERAL MAURICE)";"48,1160100";" -1,6740000"
"202000011805";"12";"10";"2020";"07:45";"1";"35";"35238";"2";"1";"1";"6";"GERARD (MICHEL)";"48,0895800";" -1,6429800"
"202000011806";"12";"10";"2020";"20:20";"5";"33";"33249";"2";"2";"2";"3";"COTE DE LA GARONNE";"44,8852400";" -0,5183500"
"202000011807";"15";"8";"2020";"10:30";"1";"42";"42187";"2";"3";"1";"6";"Rue Jean Jaurès";"46,0356500";"4,0716300"
"202000011808";"16";"8";"2020";"07:15";"2";"41";"41018";"2";"2";"1";"3";"BUTTE (AVENUE DE LA)";"47,5832300";"1,3208700"
"202000011809";"15";"8";"2020";"18:00";"1";"39";"39411";"2";"3";"1";"3";"N/A";"46,6654640";"5,5818700"
"202000011810";"17";"8";"2020";"09:50";"1";"33";"33281";"2";"1";"1";"2";"AVE MARCEL DASSAULT";"44,8422000";" -0,7442800"
"202000011811";"12";"10";"2020";"18:15";"1";"33";"33522";"2";"8";"1";"3";"CRS GAMBETTA / RUE LAMARTINE";"44,8151900";" -0,5872300"
"202000011812";"3";"10";"2020";"12:15";"1";"33";"33281";"2";"2";"3";"6";"AVE DE LA MARNE / AVE DE BELFORT";"44,8327000";" -0,6476900"
"202000011813";"12";"10";"2020";"08:45";"1";"33";"33529";"1";"1";"1";"5";"RD 1250 (OUSTALET - BONNEVAL)";"44,6136300";" -1,1537000"
"202000011814";"16";"8";"2020";"22:10";"5";"31";"31555";"1";"1";"1";"6";"AV M BOURGES MAUNOURY";"43,6394980";"1,4527170"
"202000011815";"12";"10";"2020";"15:45";"1";"29";"29232";"2";"6";"2";"6";"Rond point de l'Eau Blanche";"47,9913100";" -4,0731200"
"202000011816";"14";"8";"2020";"23:25";"5";"31";"31555";"2";"1";"1";"6";"MATABIAU (RUE) DU 1AU 82";"43,6134100";"1,4499200"
"202000011817";"6";"10";"2020";"21:05";"3";"22";"22278";"2";"1";"1";"6";"RN12";"48,5234549";" -2,7502298"
"202000011818";"14";"8";"2020";"12:30";"1";"31";"31555";"2";"2";"1";"3";"CHE DES SAUGES";"43,5531100";"1,4669800"
"202000011819";"12";"10";"2020";"12:00";"1";"14";"14118";"2";"1";"1";"6";"CALVADOS (AVENUE DU)";"49,1894600";" -0,3372000"
"202000011820";"7";"10";"2020";"07:40";"2";"14";"14118";"1";"1";"8";"6";"FALAISE (RUE DE  - 90 PAIR 95 IMPAIR)";"49,1569300";" -0,3453500"
"202000011821";"13";"8";"2020";"23:40";"4";"31";"31555";"2";"1";"1";"2";"AV DES ETATS UNIS";"43,6564100";"1,4212350"
"202000011822";"15";"8";"2020";"07:40";"1";"31";"31555";"2";"1";"1";"3";"AV DE LARDENNE";"43,5933100";"1,3930600"
"202000011823";"8";"10";"2020";"12:30";"1";"13";"13056";"2";"1";"1";"3";"OLIVES CHEMIN DES";"43,3789783";"5,0292690"
"202000011824";"17";"8";"2020";"15:20";"1";"29";"29232";"2";"9";"1";"6";"Boulevard de France";"47,9831100";" -4,1295600"
"202000011825";"12";"10";"2020";"15:36";"1";"13";"13210";"2";"1";"1";"7";"PAUL CLAUDEL (BOULEVARD)";"43,2683000";"5,4131000"
"202000011826";"17";"8";"2020";"09:15";"1";"29";"29039";"1";"3";"1";"2";"D122 - Rue Yves Trichard";"47,8779695";" -3,8791141"
"202000011827";"12";"10";"2020";"16:10";"1";"13";"13209";"2";"1";"1";"6";"MARÉCHAL DE LATTRE (AVENUE)";"43,2458790";"5,4171830"
"202000011828";"12";"10";"2020";"11:00";"1";"13";"13209";"2";"1";"1";"6";"ROMAIN ROLLAND (BOULEVARD)";"43,2727050";"5,4116090"
"202000011829";"17";"8";"2020";"07:10";"1";"24";"24102";"1";"1";"1";"1";"ROUTE D'ANGOULEME";"45,2200500";"0,6727800"
"202000011830";"12";"10";"2020";"09:30";"1";"13";"13204";"2";"1";"1";"1";"CHUTES LAVI (AVENUE)";"43,3119500";"5,3960900"
"202000011831";"9";"10";"2020";"20:00";"2";"11";"11262";"2";"6";"1";"3";"JUIN (AVENUE MAREHAL)";"43,1803900";"3,0139400"
"202000011832";"17";"8";"2020";"17:42";"1";"17";"17291";"1";"1";"1";"4";"RN 237";"46,1740110";" -1,1229180"
"202000011833";"10";"9";"2020";"01:28";"3";"08";"08105";"1";"1";"1";"6";"RN 43";"49,7500000";"4,7031800"
"202000011834";"16";"8";"2020";"03:43";"5";"17";"17300";"2";"1";"1";"6";"REMPARTS   CHEMIN DES";"46,1622100";" -1,1552700"
"202000011835";"12";"10";"2020";"21:10";"5";"06";"06083";"2";"3";"1";"3";"SOSPEL (AVENUE DE, N° 1 A 55)";"43,7793300";"7,4935200"
"202000011836";"17";"8";"2020";"08:30";"1";"14";"14118";"2";"2";"2";"3";"DUNOIS (BOULEVARD)";"49,1839100";" -0,3863400"
"202000011837";"12";"10";"2020";"08:10";"1";"06";"06027";"2";"1";"1";"1";"NICE AVENUE DE (RN7)";"43,6605000";"7,1767000"
"202000011838";"17";"8";"2020";"14:10";"1";"13";"13214";"2";"9";"1";"7";"LAVOISIER (BOULEVARD)";"43,3391590";"5,3717300"
"202000011839";"12";"10";"2020";"17:10";"1";"75";"75120";"2";"1";"1";"4";"PORTE DES LILAS";"48,8763820";"2,4094210"
"202000011840";"17";"8";"2020";"03:25";"5";"13";"13208";"2";"2";"1";"3";"PRADO (AVENUE DU)";"43,2642661";"5,3787717"
"202000011841";"12";"10";"2020";"13:00";"1";"75";"75107";"2";"1";"1";"2";"QUAI D ORSAY";"48,8623620";"2,3087500"
"202000011842";"18";"8";"2020";"00:40";"3";"13";"13063";"2";"1";"1";"6";"THEODORE AUBANEL BOULEVARD";"43,5884308";"4,9898197"
"202000011843";"12";"10";"2020";"09:20";"1";"75";"75120";"2";"1";"1";"3";"BOULEVARD DE BELLEVILLE";"48,8678510";"2,3823310"
"202000011844";"12";"10";"2020";"19:25";"5";"75";"75119";"2";"1";"1";"6";"AVENUE JEAN JAURES";"48,8887040";"2,3927920"
"202000011845";"17";"8";"2020";"20:50";"5";"06";"06088";"2";"1";"1";"6";"ANGLAIS (DU N° 1 AU N° 43)";"43,6951800";"7,2656700"
"202000011846";"12";"10";"2020";"14:50";"1";"75";"75116";"2";"3";"1";"3";"RUE BOILEAU";"48,8408620";"2,2623950"
"202000011847";"12";"10";"2020";"14:30";"1";"75";"75116";"2";"3";"1";"6";"RUE JEAN DE LA FONTAINE";"48,8504040";"2,2705270"
"202000011848";"16";"8";"2020";"16:55";"1";"06";"06027";"2";"1";"1";"6";"PLAGE BOULEVARD DE LA";"43,6557130";"7,1614820"
"202000011849";"12";"10";"2020";"09:10";"1";"75";"75115";"2";"1";"1";"6";"RUE ANDRE GIDE";"48,8378300";"2,3139530"
"202000011850";"13";"8";"2020";"20:25";"3";"05";"05023";"1";"1";"3";"2";"R N  94";"44,9097300";"6,6638300"
"202000011851";"12";"10";"2020";"14:49";"1";"75";"75113";"2";"3";"1";"3";"QUAI PANHARD ET LEVASSOR";"48,8311130";"2,3811860"
"202000011852";"17";"8";"2020";"17:45";"1";"75";"75113";"2";"1";"1";"3";"BOULEVARD VINCENT AURIOL";"48,8309850";"2,3569580"
"202000011853";"12";"10";"2020";"13:20";"1";"75";"75113";"2";"3";"8";"3";"QUAI DE LA GARE";"48,8367570";"2,3743670"
"202000011854";"12";"10";"2020";"21:15";"5";"75";"75112";"2";"2";"1";"1";"AVENUE DU TREMBLAY";"48,8358410";"2,4531620"
"202000011855";"17";"8";"2020";"09:30";"1";"75";"75113";"2";"2";"1";"3";"BOULEVARD MASSENA";"48,8192230";"2,3620740"
"202000011856";"12";"10";"2020";"15:00";"1";"75";"75112";"2";"1";"1";"6";"RUE ABEL";"48,8476740";"2,3756500"
"202000011857";"17";"8";"2020";"12:55";"1";"75";"75112";"2";"1";"2";"1";"QUAI DE BERCY";"48,8300260";"2,3866980"
"202000011858";"12";"10";"2020";"16:30";"1";"75";"75112";"2";"1";"1";"3";"COURS DE VINCENNES";"48,8473470";"2,4042240"
"202000011859";"16";"8";"2020";"17:30";"1";"75";"75112";"2";"1";"1";"6";"ROUTE DE CEINTURE DU LAC DAUMESNIL";"48,8294770";"2,4156080"
"202000011860";"12";"10";"2020";"16:00";"1";"75";"75112";"2";"3";"1";"3";"RUE DE REUILLY";"48,8410220";"2,3941110"
"202000011861";"17";"8";"2020";"10:35";"1";"75";"75111";"2";"1";"1";"6";"RUE DU GRAND PRIEURE";"48,8651780";"2,3689600"
"202000011862";"12";"10";"2020";"11:45";"1";"75";"75112";"2";"2";"1";"3";"BOULEVARD DIDEROT";"48,8480440";"2,3929210"
"202000011863";"16";"8";"2020";"23:10";"5";"75";"75110";"2";"3";"1";"3";"RUE DU FAUBOURG POISSONNIERE";"48,8724610";"2,3479040"
"202000011864";"12";"10";"2020";"08:52";"1";"75";"75112";"2";"1";"1";"7";"BOULEVARD SOULT";"48,8456520";"2,4108640"
"202000011865";"16";"8";"2020";"16:20";"1";"75";"75110";"2";"1";"1";" -1";"RUE DU FAUBOURG SAINT DENIS";"48,8817180";"2,3583910"
"202000011866";"12";"10";"2020";"08:08";"2";"75";"75112";"2";"2";"1";"3";"AVENUE COURTELINE";"48,8440580";"2,4129700"
"202000011867";"17";"8";"2020";"01:30";"3";"75";"75104";"2";"1";"1";"6";"QUAI HENRI IV";"48,8494760";"2,3616830"
"202000011868";"12";"10";"2020";"20:15";"5";"75";"75111";"2";"1";"1";"1";"RUE JEAN PIERRE TIMBAUD";"48,8670660";"2,3750290"
"202000011869";"11";"10";"2020";"21:50";"5";"75";"75111";"2";"1";"1";" -1";"RUE DE LA ROQUETTE";"48,8561760";"2,3761780"
"202000011870";"30";"7";"2020";"17:55";"1";"75";"75103";"2";"3";"1";"3";"RUE DU VERTBOIS";"48,8677040";"2,3548690"
"202000011871";"12";"10";"2020";"02:30";"5";"75";"75108";"2";"3";"1";"3";"AVENUE DES CHAMPS ELYSEES";"48,8670910";"2,3160830"
"202000011872";"16";"8";"2020";"16:05";"1";"94";"94081";"2";"1";"1";"6";"CAMILLE BLANC (R)";"48,7842000";"2,3961000"
"202000011873";"10";"10";"2020";"23:45";"5";"94";"94043";"2";"1";"8";"2";"VOLTAIRE (R)";"48,8057500";"2,3452800"
"202000011874";"12";"10";"2020";"19:15";"5";"94";"94065";"2";"1";"1";"3";"CHARLES LINDBERGH (AV)";"48,7490900";"2,3563900"
"202000011875";"10";"8";"2020";"09:30";"1";"94";"94033";"2";"1";"1";"3";"MOREAU DAVID (PL)";"48,8433300";"2,4655500"
"202000011876";"10";"10";"2020";"20:15";"3";"94";"94058";"2";"1";"1";"6";"ALSACE LORRAINE (BD D)";"48,8495100";"2,4971400"
"202000011877";"16";"8";"2020";"03:40";"5";"94";"94022";"2";"1";"1";"7";"VICTOR HUGO (AV)";"48,7669000";"2,4144000"
"202000011878";"12";"10";"2020";"14:00";"1";"94";"94077";"2";"6";"1";"3";"PAUL VAILLANT COUTURIER (AV)";"48,7378700";"2,4236200"
"202000011879";"17";"8";"2020";"21:30";"5";"93";"93073";"2";"2";"1";"1";"CROS (RUE CHARLES)";"48,9670471";"2,5680240"
"202000011880";"12";"10";"2020";"11:40";"1";"94";"94071";"2";"2";"1";"3";"SOMME (AV DE LA)";"48,7654540";"2,5124790"
"202000011881";"17";"8";"2020";"19:10";"1";"93";"93064";"2";"9";"1";"3";"ALSACE-LORRAINE (BOULEVARD)";"48,8862042";"2,4756977"
"202000011882";"12";"10";"2020";"05:40";"5";"94";"94070";"2";"1";"1";"2";"Route de Paris";"48,7180800";"2,5695100"
"202000011883";"17";"8";"2020";"20:30";"3";"93";"93051";"2";"1";"1";"2";"PAVE NEUF (AVENUE)";"48,8384795";"2,5610877"
"202000011884";"11";"10";"2020";"21:20";"5";"93";"93070";"2";"1";"1";"6";"GODILLOT(RUE)";"48,9098000";"2,3417400"
"202000011885";"17";"8";"2020";"11:25";"1";"93";"93077";"2";"1";"1";"6";"R DU PARC";"48,8808780";"2,5265330"
"202000011886";"12";"10";"2020";"13:50";"1";"93";"93051";"2";"1";"1";"3";"MEDERIC (AVENUE)";"48,8303400";"2,5847700"
"202000011887";"17";"8";"2020";"16:50";"1";"93";"93010";"2";"1";"2";"3";"VAILLANT (RUE EDOUARD) 24 A 96";"48,8952670";"2,4869121"
"202000011888";"12";"10";"2020";"16:27";"1";"93";"93046";"2";"2";"8";"3";"LUCIE AUBRAC ALLEE";"48,9313700";"2,5456200"
"202000011889";"17";"8";"2020";"09:45";"1";"93";"93007";"2";"2";"1";"3";"HENRI BARBUSSE (AVENUE)";"48,9413500";"2,4639020"
"202000011890";"12";"10";"2020";"06:45";"5";"93";"93031";"2";"2";"1";"3";"REPUBLIQUE (AVENUE)";"48,9501244";"2,3284842"
"202000011891";"11";"10";"2020";"23:00";"5";"93";"93029";"2";"2";"1";"3";"AV HENRI BARBUSSE / R CHARLES GIDE";"48,9165900";"2,4446300"
"202000011892";"11";"10";"2020";"19:10";"2";"92";"92077";"2";"1";"8";"3";"THIERRY (AVENUE)";"48,8276863";"2,1821178"
"202000011893";"16";"8";"2020";"23:30";"5";"93";"93005";"2";"1";"1";"6";"HENRI BARBUSSE (RUE)";"48,9292700";"2,4892000"
"202000011894";"11";"10";"2020";"09:30";"1";"92";"92072";"2";"2";"1";"3";"VILLE D'AVRAY (RUE DE)";"48,8260273";"2,1982305"
"202000011895";"17";"8";"2020";"19:35";"1";"93";"93066";"2";"1";"1";"3";"CROIZAT AMBROISE RD 29 BIS";"48,9312912";"2,3495776"
"202000011896";"11";"10";"2020";"11:30";"1";"92";"92064";"1";"1";"1";"7";"PARC SAINT CLOUD";"48,8477259";"2,2080543"
"202000011897";"7";"10";"2020";"09:00";"1";"92";"92040";"2";"1";"8";"2";"PDT ROOSEVELT (QUAI DU)";"48,8340980";"2,2648480"
"202000011898";"17";"8";"2020";"06:30";"1";"93";"93001";"2";"1";"1";"5";"ANATOLE FRANCE (BLD) PAIR";"48,9171777";"2,3817897"
"202000011899";"12";"10";"2020";"06:50";"2";"92";"92040";"2";"2";"1";"3";"PAIX (AVENUE DE LA)";"48,8166150";"2,2750220"
"202000011900";"17";"8";"2020";"13:00";"1";"92";"92044";"2";"1";"2";"3";"ALSACE (RUE) N°19 + ET 20+";"48,8914005";"2,2956423"
"202000011901";"12";"10";"2020";"19:00";"5";"92";"92026";"2";"1";"1";"2";"NEUILLY DEFENSE (RESIDENCE)";"48,8886745";"2,2490349"
"202000011902";"10";"10";"2020";"20:25";"5";"92";"92004";"1";"9";"1";" -1";"AULAGNIER ( QUAI )";"48,9139311";"2,3094927"
"202000011903";"17";"8";"2020";"19:20";"1";"92";"92007";"2";"1";"1";"5";"PASTEUR (AVENUE LOUIS) N° 1 A 39 ET 2 A";"48,7964900";"2,3172500"
"202000011904";"12";"10";"2020";"16:15";"2";"974";"97415";"2";"1";"1";"2";"Chemin Lebel";" -21,0110070";"55,3209860"
"202000011905";"14";"8";"2020";"16:25";"1";"92";"92004";"2";"1";"1";"4";"PIERRE DE COUBERTIN  ( BD )";"48,9279200";"2,2847000"
"202000011906";"12";"10";"2020";"12:30";"1";"67";"67437";"2";"1";"1";"3";"Rue Jean de Manderscheid";"48,7311970";"7,3530780"
"202000011907";"17";"8";"2020";"15:30";"1";"13";"13215";"1";"9";"1";"7";"A7-Sens Lyon vers Marseille";"43,3494760";"5,3692420"
"202000011908";"13";"10";"2020";"10:00";"1";"37";"37233";"1";"1";"2";"6";"sortie N°21 de l'autoroute A10";"47,3952557";"0,7068566"
"202000011909";"17";"8";"2020";"08:36";"1";"13";"13214";"1";"1";"1";"2";"A7-Sens Lyon vers Marseille";"43,3516650";"5,3666380"
"202000011910";"11";"10";"2020";"16:00";"1";"62";"62094";"1";"2";"1";"3";"D138";"50,4488022";"1,7787840"
"202000011911";"9";"10";"2020";"08:10";"2";"35";"35173";"1";"1";"8";"6";"Lieu Dit la Herquiniere";"48,1911820";" -1,7197680"
"202000011912";"16";"8";"2020";"21:30";"3";"13";"13215";"1";"1";"1";"2";"A7-Sens Lyon vers Marseille";"43,3772376";"5,3582972"
"202000011913";"10";"8";"2020";"09:25";"1";"57";"57463";"1";"9";"1";"3";"Autoroute A31";"49,1395090";"6,1802820"
"202000011914";"12";"10";"2020";"18:50";"1";"51";"51090";"1";"2";"1";"3";"D39";"48,7857780";"3,8617160"
"202000011915";"17";"8";"2020";"09:55";"1";"33";"33096";"1";"1";"1";"2";"AUTOROUTE A 10";"44,8912600";" -0,5019600"
"202000011916";"7";"10";"2020";"16:20";"1";"76";"76120";"1";"1";"1";"6";"D7";"49,6096250";"1,4082560"
"202000011917";"13";"10";"2020";"04:25";"5";"79";"79195";"2";"1";"3";"7";"45 Rue Saint-charles";"46,9346300";" -0,5886200"
"202000011918";"17";"8";"2020";"18:00";"1";"94";"94076";"1";"1";"1";"3";"AUTOROUTE A6A";"48,7863000";"2,3460000"
"202000011919";"13";"10";"2020";"07:43";"5";"65";"65460";"2";"1";"8";"6";"21 Boulevard d'Alsace";"43,3852140";"0,0551690"
"202000011920";"17";"8";"2020";"11:05";"1";"91";"91136";"1";"1";"1";"7";"RD188 PROVINCE / A10 PARIS";"48,7163600";"2,2655000"
"202000011921";"13";"10";"2020";"10:55";"1";"65";"65460";"1";"1";"1";"2";"Départementale 6";"43,3877560";"0,0080680"
"202000011922";"13";"10";"2020";"10:07";"1";"65";"65460";"2";"3";"8";"3";"Avenue Jacques Fourcade";"43,3927580";"0,0530810"
"202000011923";"17";"8";"2020";"07:50";"1";"91";"91347";"1";"1";"1";"3";"RN 104";"48,6227000";"2,2882900"
"202000011924";"12";"10";"2020";"14:40";"1";"63";"63011";"1";"1";"1";"6";"D2144";"46,1954060";"2,7558090"
"202000011925";"17";"8";"2020";"17:25";"1";"93";"93064";"1";"1";"3";"3";"AUTOROUTE A103";"48,8853600";"2,4885200"
"202000011926";"13";"10";"2020";"02:00";"3";"61";"61414";"1";"1";"2";"6";"RD938 - lieu-dit Perthuisiere";"48,4933960";"0,5465050"
"202000011927";"13";"10";"2020";"07:58";"2";"41";"41242";"1";"1";"3";"1";"33 Route de Valencay";"47,2586260";"1,5472910"
"202000011928";"9";"10";"2020";"19:40";"5";"34";"34310";"2";"2";"1";"1";"Rue de la Carriérasse";"43,4227170";"3,1674440"
"202000011929";"4";"9";"2020";"10:20";"1";"44";"44126";"2";"3";"1";"1";"1 Boulevard de la Tara";"47,1524640";" -2,2168830"
"202000011930";"17";"8";"2020";"13:30";"1";"93";"93053";"1";"1";"2";"2";"AUTOROUTE A86";"48,9009800";"2,4693300"
"202000011931";"5";"8";"2020";"19:10";"1";"02";"02830";"2";"1";"1";"3";"11 Rue de la Gloriette";"50,0171640";"3,6019970"
"202000011932";"8";"10";"2020";"15:50";"1";"58";"58225";"1";"1";"1";"7";"Champ des pierges";"46,9215490";"3,0838380"
"202000011933";"17";"8";"2020";"18:00";"1";"77";"77249";"1";"1";"1";" -1";"A104";"48,7299990";"2,6082100"
"202000011934";"3";"10";"2020";"01:40";"3";"72";"72380";"1";"1";"1";"2";"mirebeau";"48,2323860";"0,1481840"
"202000011935";"16";"8";"2020";"18:34";"5";"974";"97416";"2";"2";"1";"3";"DATTES (ALLEE DES)";" -21,3022700";"55,4308600"
"202000011936";"18";"8";"2020";"10:55";"1";"72";"72223";"2";"1";"1";" -1";"ROUTE DEPARTEMENTALE 35";"47,8750080";" -0,1065160"
"202000011937";"13";"10";"2020";"06:00";"3";"72";"72026";"1";"1";"2";"6";"Saint Cher";"48,1232540";"0,3189150"
"202000011938";"10";"10";"2020";"20:15";"3";"14";"14654";"1";"1";"1";"7";"D271";"49,0457450";" -0,0264790"
"202000011939";"16";"8";"2020";"09:45";"1";"974";"97409";"1";"9";"1";"1";"Route de Salazie";" -20,9752660";"55,6457010"
"202000011940";"13";"10";"2020";"17:25";"1";"64";"64519";"2";"2";"1";"3";"Route d'Uzein";"43,3602700";" -0,3836200"
"202000011941";"15";"8";"2020";"19:40";"5";"973";"97302";"2";"2";"2";"3";"CESAIRE (CITE)";"4,9309153";" -52,3225272"
"202000011942";"11";"10";"2020";"16:00";"1";"16";"16135";"1";"1";"2";"6";"Lieu dit Les Justices";"45,6330470";"0,5616440"
"202000011943";"15";"8";"2020";"23:30";"5";"69";"69383";"2";"1";"1";"3";"BARABAN                             (R )";"45,7616900";"4,8682800"
"202000011944";"12";"10";"2020";"18:40";"2";"27";"27577";"1";"1";"1";"7";"route de trouville RD95";"49,4154669";"0,5592695"