"Num_Acc";"jour";"mois";"an";"hrmn";"lum";"dep";"com";"agg";"int";"atm";"col";"adr";"lat";"long"
"202000011945";"11";"10";"2020";"18:15";"1";"01";"01274";"1";"1";"8";"6";"A40 PK 115+200";"46,1605130";"5,6521010"
"202000011946";"11";"10";"2020";"01:25";"3";"35";"35353";"1";"1";"1";"6";"RN 1012";"48,1233450";" -1,7328020"
"202000011947";"16";"8";"2020";"17:45";"1";"69";"69259";"2";"1";"1";"2";"VIVIANI                             (AV)";"45,7204900";"4,8852200"
"202000011948";"16";"8";"2020";"15:50";"1";"69";"69199";"2";"1";"8";"7";"YVES FARGE                          (BD)";"45,7011900";"4,8560200"
"202000011949";"12";"10";"2020";"17:40";"1";"06";"06152";"2";"3";"1";"3";"Route de Nice";"43,6431350";"7,0118760"
"202000011950";"16";"8";"2020";"04:30";"5";"69";"69387";"2";"1";"1";"6";"CHAMBAUD DE LA BRUYERE              (BD)";"45,7243200";"4,8420900"
"202000011951";"10";"10";"2020";"08:23";"1";"67";"67239";"1";"1";"1";"6";"Autoroute A35 PK 445.300 sens COLMAR-STRASBOURG";"48,2391950";"7,4083900"
"202000011952";"16";"8";"2020";"15:15";"1";"972";"97213";"1";"9";"1";"6";"ROUTE DEPARTEMENTALE 13";"14,6345000";" -61,0141000"
"202000011953";"16";"8";"2020";"14:05";"1";"972";"97213";"1";"1";"2";"1";"ROUTE DEPARTEMENTALE 3";"14,6566000";" -60,9755000"
"202000011954";"13";"10";"2020";"06:42";"3";"51";"51562";"1";"1";"1";"1";"A4";"49,2078713";"4,0744882"
"202000011955";"15";"8";"2020";"08:25";"1";"69";"69034";"2";"1";"1";" -1";"CANUTS (DES)                        (BD)";"45,7821900";"4,8287800"
"202000011956";"12";"10";"2020";"22:20";"3";"988";"98825";"1";"1";"2";"2";"Lieu-dit BELLE-BOSSE";" -21,2418820";"164,9119310"
"202000011957";"16";"8";"2020";"22:05";"5";"91";"91326";"2";"1";"2";"3";"COUR DE FRANCE (AVENUE DE LA)";"48,6849940";"2,3748130"
"202000011958";"12";"10";"2020";"11:20";"1";"974";"97420";"1";"1";"1";"3";"D46";" -20,9473710";"55,6322890"
"202000011959";"16";"8";"2020";"14:20";"1";"83";"83137";"2";"3";"1";"3";"WEYGAND (AVE GENERAL)";"43,1203200";"5,9488700"
"202000011960";"13";"10";"2020";"10:35";"1";"972";"97228";"1";"1";"1";"6";"Bd Raymond Huygues Despointes";"14,7716350";" -61,0086460"
"202000011961";"15";"8";"2020";"12:20";"1";"83";"83069";"2";"2";"1";"3";"GODILLOT  ( AVENUE ALEXIS )";"43,1113700";"6,1240300"
"202000011962";"9";"10";"2020";"16:15";"1";"29";"29147";"1";"1";"1";"7";"D765 - La Croix";"47,8972400";" -3,5765220"
"202000011963";"12";"10";"2020";"08:30";"1";"37";"37072";"2";"3";"1";"6";"Boulevard des Hucherolles";"47,1708765";"0,2564191"
"202000011964";"11";"8";"2020";"19:03";"1";"69";"69256";"2";"1";"1";"6";"GEORGES DIMITROV                    (AV)";"45,7774000";"4,9255500"
"202000011965";"12";"10";"2020";"11:50";"1";"77";"77147";"1";"1";"1";"7";"Rue du Brandon";"48,5966920";"3,0923080"
"202000011966";"12";"10";"2020";"17:50";"1";"77";"77315";"2";"4";"8";"6";"2 Rue de Touraine";"48,8827870";"2,8317180"
"202000011967";"15";"8";"2020";"23:20";"3";"69";"69266";"2";"3";"1";"1";"MARIE ANTOINETTE    (Rue)";"45,7843100";"4,8866900"
"202000011968";"13";"10";"2020";"08:30";"1";"2B";"2B042";"2";"9";"1";"6";"Avenue de Borgo";"42,5613630";"9,4411770"
"202000011969";"11";"8";"2020";"17:35";"1";"69";"69092";"2";"1";"1";"6";"TARARE (route de)";"45,9841800";"4,7003100"
"202000011970";"12";"10";"2020";"16:14";"1";"06";"06011";"2";"1";"7";"2";"7 Boulevard du Maréchal Leclerc";"43,7059420";"7,3347960"
"202000011971";"16";"8";"2020";"23:40";"5";"68";"68224";"2";"1";"1";"3";"STRASBOURG (RUE DE)";"47,7508120";"7,3235950"
"202000011972";"12";"10";"2020";"17:10";"1";"67";"67046";"2";"1";"2";"3";"5 Rue du Général Leclerc";"48,7644640";"7,8586000"
"202000011973";"11";"10";"2020";"22:30";"5";"73";"73213";"1";"1";"1";"2";"D1006 Route de Challes";"45,5674590";"5,9644390"
"202000011974";"15";"8";"2020";"11:40";"1";"59";"59043";"1";"1";"1";"3";"LILLE (ROUTE DE)";"50,7207600";"2,8025300"
"202000011975";"15";"8";"2020";"20:12";"1";"45";"45274";"1";"1";"1";"6";"Rue de la Levee";"47,8960320";"1,9524120"
"202000011976";"13";"10";"2020";"16:45";"1";"42";"42285";"1";"1";"1";"1";"Route de Montbrison";"45,5522172";"4,1610610"
"202000011977";"4";"10";"2020";"06:45";"2";"44";"44209";"2";"9";"3";"7";"31 Rue des Landes";"47,3042495";" -1,6164481"
"202000011978";"16";"8";"2020";"02:00";"5";"34";"34172";"2";"1";"1";"1";"LIBERTE (AVENUE DE LA";"43,6099500";"3,8362100"
"202000011979";"3";"10";"2020";"00:40";"3";"69";"69071";"2";"1";"2";"1";"route de villefranche";"45,8794780";"4,8232230"
"202000011980";"13";"10";"2020";"14:55";"1";"85";"85003";"1";"3";"1";"3";"Les Trois Chênes";"46,7151980";" -1,6912880"
"202000011981";"17";"8";"2020";"00:00";"5";"33";"33554";"2";"1";"1";"6";"AVE DU TECHENEY";"44,8755400";" -0,4917500"
"202000011982";"10";"10";"2020";"18:40";"1";"60";"60060";"2";"1";"1";"7";"38 Rue des Groux";"49,1836240";"2,1942380"
"202000011983";"13";"10";"2020";"18:00";"1";"60";"60355";"2";"1";"1";"6";"90 Rue Saint-germain";"49,4159384";"2,1974479"
"202000011984";"16";"8";"2020";"17:47";"1";"29";"29039";"2";"3";"1";"6";"Boulevard Bougainville";"47,8703700";" -3,9229900"
"202000011985";"13";"10";"2020";"11:31";"1";"02";"02381";"2";"9";"2";"1";"AVENUE DE VERDUN";"49,9152370";"4,0909160"
"202000011986";"17";"8";"2020";"00:00";"5";"13";"13209";"2";"3";"1";"3";"AVIATEUR LE BRIX (RUE)";"43,2618215";"5,4040246"
"202000011987";"3";"10";"2020";"03:21";"3";"13";"13056";"1";"1";"2";"6";"A55-Sens Martigues vers Marseille";"43,4028700";"5,0395400"
"202000011988";"16";"8";"2020";"23:05";"5";"13";"13216";"2";"1";"1";"5";"CONDORCET (RUE)";"43,3569100";"5,3423100"
"202000011989";"12";"10";"2020";"06:50";"3";"13";"13215";"1";"1";"1";"4";"A7-Sens Marseille vers Lyon";"43,3665090";"5,3608170"
"202000011990";"16";"8";"2020";"15:00";"1";"13";"13215";"2";"2";"1";"3";"Min (avenue du)";"43,3417800";"5,3729300"
"202000011991";"16";"8";"2020";"04:40";"5";"13";"13208";"2";"1";"1";"6";"MENDES FRANCE (AVENUE)";"43,2499100";"5,3752900"
"202000011992";"10";"10";"2020";"11:10";"1";"83";"83137";"1";"1";"1";"4";"BRETELLE D'ACCES N°17 TOULON/NICE";"43,1213200";"5,9533100"
"202000011993";"16";"8";"2020";"04:45";"5";"13";"13212";"2";"1";"1";"6";"POILUS (AVENUE DES)";"43,3183520";"5,4597470"
"202000011994";"11";"10";"2020";"17:30";"1";"69";"69297";"1";"1";"1";"4";"A7   15.770 A 20.110";"45,5926000";"4,7971000"
"202000011995";"15";"8";"2020";"16:20";"1";"13";"13210";"2";"1";"1";"3";"ROMAIN ROLLAND (BOULEVARD)";"43,2744810";"5,4150450"
"202000011996";"12";"10";"2020";"11:20";"1";"78";"78640";"1";"1";"1";"4";"A86 EXT";"48,7775740";"2,2195900"
"202000011997";"15";"8";"2020";"13:05";"1";"13";"13206";"2";"1";"1";"6";"JULIEN (COURS)";"43,2960600";"5,3816400"
"202000011998";"11";"10";"2020";"22:30";"5";"93";"93048";"1";"1";"1";"2";"AUTOROUTE A3";"48,8684400";"2,4282700"
"202000011999";"17";"6";"2020";"12:30";"1";"57";"57256";"1";"1";"3";"3";"D603";"49,1172750";"6,0377810"
"202000012000";"15";"8";"2020";"09:05";"1";"13";"13005";"1";"1";"1";"5";"EOURES (ROUTE D')";"43,3062800";"5,5542700"
"202000012001";"11";"10";"2020";"10:00";"1";"974";"97411";"2";"1";"1";"7";"FOUGERES (CHEMIN DES)";" -20,9306800";"55,4874200"
"202000012002";"16";"8";"2020";"22:15";"3";"13";"13004";"1";"1";"1";"1";"RTE D EYGUIERES";"43,6623300";"4,6746800"
"202000012003";"11";"10";"2020";"13:16";"1";"69";"69387";"2";"1";"8";"6";"BERTHELOT                           (AV)";"45,7429800";"4,8488300"
"202000012004";"14";"8";"2020";"15:30";"1";"09";"09122";"2";"1";"1";"4";"LECLERC (AVENUE DU GENERAL)";"42,9871680";"1,6157420"
"202000012005";"10";"10";"2020";"18:20";"1";"69";"69259";"2";"3";"1";"5";"ALBERT EINSTEIN                     (R )";"45,7001400";"4,8763400"
"202000012006";"9";"10";"2020";"08:25";"1";"69";"69034";"2";"1";"1";"6";"FORTS (DES)                         (MO)";"45,7944800";"4,8301200"
"202000012007";"16";"8";"2020";"16:40";"1";"06";"06088";"2";"9";"1";"3";"GAIRAUT (AV. DE)";"43,7365440";"7,2632240"
"202000012008";"10";"10";"2020";"20:45";"5";"69";"69385";"2";"1";"1";"3";"ETROITS (DES)                       (QU)";"45,7508833";"4,8200101"
"202000012009";"16";"8";"2020";"15:00";"1";"06";"06088";"2";"4";"1";"3";"QUINZIEME CORPS (AV. DU)";"43,7068100";"7,2801800"
"202000012010";"10";"10";"2020";"18:24";"2";"79";"79191";"2";"1";"1";"6";"Route d'Aiffres";"46,3160100";" -0,4547100"
"202000012011";"16";"8";"2020";"03:26";"5";"06";"06088";"2";"1";"1";"6";"PROMENADE DES ANGLAIS (DU N° 1 AU N° 43)";"43,6948390";"7,2629150"
"202000012012";"15";"8";"2020";"22:30";"5";"75";"75116";"2";"1";"1";"3";"BOULEVARD PERIPHERIQUE";"48,8546400";"2,2547110"
"202000012013";"11";"10";"2020";"14:00";"1";"77";"77237";"2";"1";"1";"2";"RD 345";"48,8422000";"2,7761000"
"202000012014";"10";"10";"2020";"22:50";"5";"74";"74008";"2";"1";"2";"6";"MARTINIERE (PLACE DE LA)";"46,1994900";"6,2250400"
"202000012015";"16";"8";"2020";"00:07";"5";"75";"75115";"2";"1";"1";"7";"RUE LECOURBE";"48,8447080";"2,3097650"
"202000012016";"10";"10";"2020";"02:35";"5";"74";"74118";"2";"1";"1";"1";"DEPORTES (ROUTE DES )";"46,1827700";"6,2307100"
"202000012017";"10";"10";"2020";"16:40";"1";"69";"69264";"2";"1";"1";" -1";"BRAUN THEODORE  AV";"45,9809700";"4,7404000"
"202000012018";"16";"8";"2020";"18:50";"1";"75";"75105";"2";"2";"1";" -1";"RUE MONGE";"48,8480890";"2,3504780"
"202000012019";"11";"10";"2020";"07:10";"5";"59";"59350";"2";"2";"1";"1";"TURENNE RUE";"50,6271400";"3,0391000"
"202000012020";"16";"8";"2020";"17:16";"1";"75";"75119";"2";"7";"1";"4";"PLACE DU COLONEL FABIEN";"48,8784320";"2,3704480"
"202000012021";"5";"10";"2020";"11:45";"1";"59";"59273";"2";"1";"1";"3";"ISLANDAIS (RUE DES)";"50,9860000";"2,1219000"
"202000012022";"16";"8";"2020";"22:40";"5";"75";"75118";"2";"1";"1";"6";"RUE MARX DORMOY";"48,8869480";"2,3596770"
"202000012023";"9";"10";"2020";"18:14";"1";"54";"54375";"1";"1";"2";"3";"RD 958  ";"48,8995200";"5,9939900"
"202000012024";"15";"8";"2020";"23:50";"5";"75";"75110";"2";"2";"1";"6";"RUE D HAUTEVILLE";"48,8716180";"2,3499060"
"202000012025";"16";"8";"2020";"14:30";"1";"75";"75108";"2";"7";"1";"6";"PLACE DE LA CONCORDE";"48,8663560";"2,3233900"
"202000012026";"11";"10";"2020";"02:30";"5";"54";"54395";"2";"2";"8";"2";"SAINT DIZIER (RUE 2 A 80-1 A 109 BIS)";"48,6924406";"6,1812204"
"202000012027";"16";"8";"2020";"01:10";"5";"75";"75101";"2";"1";"1";"7";"RUE DE RIVOLI";"48,8663850";"2,3237630"
"202000012028";"11";"10";"2020";"17:55";"1";"51";"51454";"2";"1";"1";"3";"Rue de Louvois";"49,2386629";"4,0315103"
"202000012029";"16";"8";"2020";"14:00";"1";"75";"75103";"2";"3";"1";"1";"RUE DU TEMPLE";"48,8651880";"2,3602090"
"202000012030";"11";"10";"2020";"21:50";"5";"44";"44162";"2";"3";"1";"3";"Boulevard du Massacre";"47,2324700";" -1,5913200"
"202000012031";"16";"8";"2020";"13:40";"1";"75";"75101";"2";"3";"1";"3";"RUE DE RIVOLI";"48,8594960";"2,3451880"
"202000012032";"11";"10";"2020";"06:15";"5";"44";"44109";"2";"1";"1";"6";"POILUS ( BD DES )";"47,2301100";" -1,5285700"
"202000012033";"16";"8";"2020";"15:30";"1";"94";"94017";"2";"1";"1";"3";"GENERAL LECLERC (AV DU)";"48,8280700";"2,5126100"
"202000012034";"11";"10";"2020";"21:30";"5";"33";"33550";"2";"1";"1";"1";"RTE DE TOULOUSE";"44,7824600";" -0,5660700"
"202000012035";"16";"8";"2020";"07:08";"1";"93";"93032";"2";"1";"8";"6";"R DE LA MARE";"48,8761380";"2,5500055"
"202000012036";"11";"10";"2020";"05:45";"5";"33";"33249";"2";"1";"1";"1";"QUAI CARRIET";"44,8832000";" -0,5307200"
"202000012037";"11";"10";"2020";"22:40";"3";"29";"29232";"1";"1";"1";"6";"Chemin de Kerequellou";"47,9640664";" -4,0624782"
"202000012038";"11";"10";"2020";"15:30";"1";"27";"27681";"2";"2";"2";"3";"LODARDS (BOULEVARD DES)";"49,0836700";"1,4878200"
"202000012039";"11";"10";"2020";"20:25";"5";"27";"27229";"2";"1";"9";"3";"VERNON (RUE DE)";"49,0242375";"1,1715349"
"202000012040";"16";"8";"2020";"14:00";"1";"92";"92012";"2";"1";"1";"2";"JEAN JAURES (BOULEVARD) 217/FIN - 210/FI";"48,8303900";"2,2453600"
"202000012041";"11";"10";"2020";"23:00";"5";"18";"18033";"2";"1";"1";"2";"CHARITE (ROUTE DE LA)";"47,0949400";"2,4205900"
"202000012042";"11";"10";"2020";"21:05";"5";"13";"13208";"2";"1";"1";"1";"GRAND LARGE (PROMENADE DU)";"43,2418090";"5,3644690"
"202000012043";"16";"8";"2020";"04:00";"3";"62";"62254";"1";"1";"5";"6";"D157";"50,6105460";"2,1887980"
"202000012044";"11";"10";"2020";"15:45";"1";"13";"13208";"2";"1";"1";"5";"PRADO (AVENUE DU)";"43,2704223";"5,3880376"
"202000012045";"16";"8";"2020";"09:30";"1";"66";"66164";"1";"1";"1";"6";"A9 PK 243.000";"42,7625790";"2,8915500"
"202000012046";"11";"10";"2020";"04:40";"5";"13";"13209";"2";"1";"1";"2";"SCHLOESING (BOULEVARD)";"43,2728240";"5,4008900"
"202000012047";"16";"8";"2020";"20:10";"5";"972";"97207";"2";"1";"2";"1";"départementale 5 face à la résidence cécilion";"14,5719440";" -60,9635370"
"202000012048";"11";"10";"2020";"19:05";"2";"13";"13047";"1";"2";"1";"3";"D.5";"43,5853000";"4,9457600"
"202000012049";"5";"8";"2020";"19:00";"1";"22";"22341";"1";"2";"1";"3";"D44";"48,4017140";" -2,3729610"
"202000012050";"11";"10";"2020";"15:30";"1";"13";"13005";"1";"3";"1";"3";"AVELANEDE (CHEMIN DE L')";"43,2876500";"5,5871700"
"202000012051";"16";"8";"2020";"18:35";"1";"50";"50159";"1";"1";"2";"6";"D38";"49,0214000";" -1,2383060"
"202000012052";"11";"10";"2020";"15:15";"1";"06";"06004";"2";"2";"9";"3";"ESTEREL AV.DE L'";"43,5699500";"7,1086600"
"202000012053";"11";"10";"2020";"12:30";"1";"75";"75105";"2";"2";"1";"3";"BOULEVARD DE PORT ROYAL";"48,8394210";"2,3375400"
"202000012054";"11";"10";"2020";"00:30";"5";"75";"75105";"2";"3";"8";"1";"BOULEVARD SAINT MARCEL";"48,8389780";"2,3585920"
"202000012055";"10";"10";"2020";"12:20";"1";"75";"75115";"2";"3";"1";"6";"QUAI ANDRE CITROEN";"48,8473770";"2,2788710"
"202000012056";"11";"10";"2020";"13:15";"1";"75";"75120";"2";"1";"1";"6";"RUE DES PYRENEES";"48,8585250";"2,4028670"
"202000012057";"17";"8";"2020";"12:10";"1";"37";"37050";"1";"1";"1";"2";"A10";"47,3181043";"0,6891376"
"202000012058";"12";"8";"2020";"20:00";"1";"30";"30141";"2";"1";"1";"6";"Rue Jean Bouin";"44,1017740";"4,6586640"
"202000012059";"10";"8";"2020";"18:40";"1";"34";"34095";"1";"1";"1";"3";"D114";"43,5364570";"3,7559830"
"202000012060";"9";"8";"2020";"09:30";"1";"34";"34270";"2";"1";"1";"5";"Bretelle de sortie de l'autoroute A 709 sortie N° 32 sens Montpellier Sete";"43,5687940";"3,8361600"
"202000012061";"15";"8";"2020";"15:45";"1";"74";"74263";"1";"1";"1";"2";"Route de Pérrignier";"46,3172810";"6,3980770"
"202000012062";"16";"8";"2020";"05:52";"2";"51";"51231";"1";"1";"1";"7";"D208";"48,9851236";"4,4577735"
"202000012063";"16";"8";"2020";"11:30";"1";"19";"19024";"1";"1";"2";"7";"Meyade";"45,3670251";"1,3985102"
"202000012064";"17";"8";"2020";"10:25";"1";"19";"19093";"2";"1";"1";"6";"RD8";"45,0804491";"1,5604240"
"202000012065";"15";"8";"2020";"11:45";"1";"76";"76542";"1";"1";"1";"1";"D88";"49,7278220";"0,7604170"
"202000012066";"15";"8";"2020";"11:35";"1";"76";"76188";"1";"9";"1";"7";"Route de la Dreule";"49,6511890";"1,2408440"
"202000012067";"17";"8";"2020";"11:15";"1";"2A";"2A139";"1";"3";"1";"3";"Nivatoli";"41,6355889";"9,3405116"
"202000012068";"23";"7";"2020";"18:00";"1";"2A";"2A362";"2";"1";"1";"3";"T10";"41,7004340";"9,3487970"
"202000012069";"17";"8";"2020";"06:50";"2";"33";"33173";"1";"3";"1";"6";"Lieu Dit Bernarderie";"44,9570200";"0,0029670"
"202000012070";"17";"8";"2020";"00:22";"3";"33";"33236";"1";"1";"1";"2";"CD106 CLAOUEY";"44,7720700";" -1,1724200"
"202000012071";"17";"8";"2020";"10:45";"1";"71";"71310";"2";"2";"1";"6";"62 Avenue de la République";"46,7492569";"4,4689549"
"202000012072";"15";"8";"2020";"19:30";"2";"71";"71109";"1";"1";"1";"7";"Valotte (Arrêt de bus)";"46,8965468";"4,7107629"
"202000012073";"16";"8";"2020";"18:00";"1";"63";"63170";"1";"1";"1";"1";"D941";"45,8398600";"2,7173513"
"202000012074";"15";"8";"2020";"21:00";"2";"55";"55448";"1";"1";"1";"7";"D7";"48,8824410";"5,4158520"
"202000012075";"16";"8";"2020";"17:30";"1";"12";"12021";"1";"1";"1";"6";"D69 Lieu dit Les Gazannes";"44,3386140";"2,1591940"
"202000012076";"16";"8";"2020";"02:50";"3";"41";"41112";"1";"1";"2";"7";"D20";"47,3653240";"1,6366200"
"202000012077";"15";"8";"2020";"03:35";"3";"86";"86281";"1";"6";"1";"7";"Rond point d'étables";"46,7145430";"0,2177260"
"202000012078";"16";"8";"2020";"15:00";"1";"34";"34252";"1";"1";"1";"3";"D23e2";"43,6558800";"3,1103540"
"202000012079";"16";"8";"2020";"16:05";"1";"22";"22055";"2";"1";"8";"3";"Boulevard du Général Leclerc";"48,5998280";" -2,8261900"
"202000012080";"14";"8";"2020";"23:15";"3";"39";"39514";"1";"1";"1";"6";"N/A";"47,1957640";"5,6049160"
"202000012081";"17";"8";"2020";"03:30";"3";"39";"39434";"1";"1";"1";"1";"N/A";"46,8478510";"5,7049720"
"202000012082";"16";"8";"2020";"00:10";"3";"29";"29056";"1";"1";"6";"7";"Le Fessiou";"48,4420591";" -4,3082552"
"202000012083";"15";"8";"2020";"05:00";"3";"38";"38231";"1";"1";"1";"7";"Route des Alpes";"45,5211430";"5,2131200"
"202000012084";"15";"8";"2020";"14:35";"1";"01";"01134";"2";"1";"1";" -1";"Chemin de la Rolliere";"46,2766250";"4,9045910"
"202000012085";"14";"8";"2020";"22:15";"5";"01";"01367";"2";"1";"1";"6";"D1d";"46,4013240";"5,1096000"
"202000012086";"16";"8";"2020";"00:00";"3";"70";"70294";"2";"1";"1";"6";"Rue des Vosges";"47,7492250";"6,4958680"
"202000012087";"16";"8";"2020";"17:30";"1";"70";"70539";"1";"1";"1";"6";"D13";"47,5650890";"5,8186230"
"202000012088";"16";"8";"2020";"12:15";"3";"26";"26022";"1";"1";"1";"6";"D542";"44,2472400";"5,6697550"
"202000012089";"16";"8";"2020";"12:00";"1";"66";"66150";"1";"1";"1";"6";"D115";"42,4099910";"2,5127360"
"202000012090";"17";"8";"2020";"06:04";"2";"54";"54530";"1";"1";"1";"6";"6 Grande Rue";"48,3945200";"5,9541200"
"202000012091";"15";"8";"2020";"16:30";"1";"54";"54040";"2";"3";"1";"7";"1 Avenue Jean-baptiste Diedler";"48,4974834";"6,8970108"
"202000012092";"17";"8";"2020";"02:30";"3";"60";"60155";"1";"1";"1";"7";"65 Rue du Colombier";"49,2681370";"2,3508470"
"202000012093";"12";"8";"2020";"11:50";"1";"64";"64160";"2";"1";"1";"4";"4 Chemin de Berhartia";"43,3487233";" -1,3993398"
"202000012094";"14";"8";"2020";"14:00";"1";"36";"36018";"2";"4";"1";"6";"131 Avenue Gambetta";"46,6415540";"1,0632050"
"202000012095";"17";"8";"2020";"06:55";"1";"16";"16004";"1";"1";"1";"6";"Lieu dit Le Moulin d'Aignes";"45,4462530";"0,1387550"
"202000012096";"11";"7";"2020";"14:50";"1";"07";"07337";"1";"1";"1";"6";"Route de Talencieux";"45,2327420";"4,7266100"
"202000012097";"15";"8";"2020";"11:21";"1";"04";"04241";"1";"1";"1";" -1";"RD 4100";"43,8748783";"5,7026435"
"202000012098";"9";"8";"2020";"18:00";"1";"27";"27521";"1";"1";"1";"1";"N12";"48,7012430";"0,8328900"
"202000012099";"17";"8";"2020";"18:10";"1";"23";"23130";"1";"1";"1";"6";"l'abbaye";"46,3942740";"1,7653660"
"202000012100";"16";"8";"2020";"12:30";"1";"48";"48082";"1";"1";"1";"7";"Route Nationale 88";"44,5879650";"3,6590590"
"202000012101";"16";"8";"2020";"08:30";"1";"988";"98805";"2";"3";"1";"1";"Avenue Antoine Becquerel prolongee/Av. des parachutistes calédoniens";" -22,1988590";"166,4511000"
"202000012102";"17";"8";"2020";"04:10";"3";"03";"03118";"1";"1";"1";"2";"N/A";"46,0943170";"3,1371033"
"202000012103";"16";"8";"2020";"08:50";"1";"34";"34159";"1";"1";"1";"1";"D116";"43,5216680";"3,8292500"
"202000012104";"15";"8";"2020";"11:00";"1";"38";"38285";"2";"1";"1";"2";"D526";"45,0513400";"5,9872000"
"202000012105";"16";"8";"2020";"03:35";"3";"59";"59597";"1";"1";"5";"2";"A2";"50,2004470";"3,2155550"
"202000012106";"16";"8";"2020";"16:50";"1";"60";"60369";"1";"1";"1";"4";"A1";"49,3149603";"2,6857098"
"202000012107";"16";"8";"2020";"18:27";"1";"27";"27456";"1";"1";"1";"2";"A154";"49,1965640";"1,1735950"
"202000012108";"16";"8";"2020";"22:20";"3";"76";"76484";"1";"1";"1";"2";"A13";"49,3428520";"1,0618760"
"202000012109";"15";"8";"2020";"14:15";"1";"975";"97502";"2";"1";"1";"7";"Route de la Pointe Blanche";"46,7685340";" -56,1746910"
"202000012110";"14";"8";"2020";"15:30";"1";"33";"33085";"1";"2";"1";"3";"Route des 2 Ponts";"44,7633800";" -0,4952970"
"202000012111";"15";"8";"2020";"07:25";"2";"2B";"2B034";"1";"3";"7";" -1";"RT 30 - RT301 Losari";"42,6364510";"9,0125310"
"202000012112";"16";"8";"2020";"16:50";"1";"30";"30330";"2";"1";"1";"1";"132 Route de Nimes";"44,0379670";"4,0004830"
"202000012113";"17";"8";"2020";"15:20";"1";"34";"34023";"2";"1";"1";"6";"34 Avenue de la Gare";"43,4470610";"3,6913830"
"202000012114";"31";"5";"2020";"15:15";"1";"84";"84105";"1";"1";"1";"7";"Route Departementale 900--Aire de repos";"43,8681780";"5,4378130"
"202000012115";"15";"8";"2020";"02:10";"3";"13";"13004";"1";"1";"1";"2";"N113";"43,6543180";"4,6595820"
"202000012116";"15";"8";"2020";"13:55";"1";"21";"21038";"2";"3";"1";"3";"Rue du Colonel Redoutey";"47,1917360";"5,3914060"
"202000012117";"16";"8";"2020";"22:15";"5";"67";"67230";"2";"3";"1";"7";"Rue des Hirondelles";"48,7930736";"7,8317497"
"202000012118";"16";"8";"2020";"18:00";"1";"88";"88273";"1";"1";"1";"1";"D46";"48,2272170";"6,5184120"
"202000012119";"17";"8";"2020";"16:10";"1";"55";"55509";"1";"1";"1";"6";"D643";"49,5781080";"5,3406000"
"202000012120";"16";"8";"2020";"13:15";"1";"55";"55122";"2";"1";"1";"7";"Avenue des Forges";"48,7661330";"5,5818970"
"202000012121";"15";"8";"2020";"15:30";"1";"73";"73179";"1";"1";"1";"1";"D14A Av Rene Cassin";"45,6007530";"5,8787370"
"202000012122";"15";"8";"2020";"19:20";"1";"65";"65078";"2";"2";"1";"3";"35 Rue Dominique Larrey";"43,0266120";"0,1691720"
"202000012123";"16";"8";"2020";"17:30";"1";"14";"14677";"1";"1";"1";"6";"N158";"48,9456310";" -0,2150920"
"202000012124";"14";"8";"2020";"22:30";"3";"56";"56167";"1";"1";"1";"6";"Les Deux Moulins";"47,6620850";" -2,8757140"
"202000012125";"16";"8";"2020";"04:17";"3";"13";"13001";"1";"4";"1";"6";"A51-Sens Marseille vers Aix en Provence";"43,5131100";"5,4261000"
"202000012126";"16";"8";"2020";"03:40";"3";"13";"13022";"1";"1";"1";"7";"A50-Sens Toulon vers Aubagne";"43,2290459";"5,5842935"
"202000012127";"15";"8";"2020";"12:00";"1";"13";"13211";"1";"1";"1";"4";"A50-Sens Marseille vers Aubagne";"43,2936800";"5,4569800"
"202000012128";"16";"8";"2020";"16:30";"1";"91";"91471";"1";"1";"2";"7";"RN 118";"48,6983000";"2,1922500"
"202000012129";"16";"8";"2020";"11:10";"1";"91";"91363";"1";"1";"1";"3";"RN 104";"48,6498500";"2,1854000"
"202000012130";"15";"8";"2020";"20:32";"1";"94";"94034";"1";"1";"2";"4";"AUTOROUTE A86";"48,7552400";"2,3426900"
"202000012131";"16";"8";"2020";"21:50";"3";"93";"93007";"1";"1";"1";"2";"AUTOROUTE A3";"48,9277400";"2,4813600"
"202000012132";"16";"8";"2020";"20:30";"2";"93";"93053";"1";"9";"2";"6";"AUTOROUTE A86";"48,8987300";"2,4692300"
"202000012133";"16";"8";"2020";"19:30";"2";"95";"95060";"1";"1";"2";"6";"AUTOROUTE A115";"49,0441000";"2,1874000"
"202000012134";"16";"8";"2020";"17:55";"1";"95";"95277";"1";"1";"2";"2";"RD 170 B4";"48,9747399";"2,4867603"
"202000012135";"16";"8";"2020";"13:00";"1";"92";"92036";"1";"1";"1";"6";"AUTOROUTE A15";"48,9448200";"2,2856700"
"202000012136";"16";"8";"2020";"12:20";"1";"95";"95252";"1";"1";"1";"7";"AUTOROUTE A15";"48,9790700";"2,2289500"
"202000012137";"16";"8";"2020";"08:00";"1";"93";"93053";"1";"1";"1";"6";"AUTOROUTE A103";"48,8847600";"2,4722300"