"Num_Acc";"jour";"mois";"an";"hrmn";"lum";"dep";"com";"agg";"int";"atm";"col";"adr";"lat";"long"
"202000012138";"15";"8";"2020";"07:30";"2";"93";"93010";"1";"1";"1";"6";"AUTOROUTE A86";"48,9015700";"2,4691900"
"202000012139";"16";"8";"2020";"11:00";"1";"94";"94073";"1";"1";"1";"7";"A86 INT";"48,7659411";"2,3790876"
"202000012140";"16";"8";"2020";"08:40";"1";"75";"75112";"1";"1";"1";"6";"A4";"48,8212800";"2,4620150"
"202000012141";"16";"8";"2020";"04:00";"3";"77";"77249";"1";"1";"1";"7";"RN104";"48,7528180";"2,6145210"
"202000012142";"24";"12";"2020";"12:30";"1";"93";"93006";"2";"3";"2";"6";"DELESCLUSE CHARLES";"48,8654659";"2,4252943"
"202000012143";"28";"12";"2020";"10:00";"1";"93";"93013";"2";"1";"2";"3";"ROLLAND (RUE DU CDT)";"48,9327943";"2,4360255"
"202000012144";"28";"12";"2020";"17:20";"5";"93";"93005";"2";"1";"3";"4";"BD ANDRE CITROEN";"48,9624900";"2,4916700"
"202000012145";"28";"12";"2020";"13:42";"1";"92";"92050";"2";"3";"3";"6";"LIBERTE AVENUE DE LA";"48,8873144";"2,2073967"
"202000012146";"28";"12";"2020";"19:00";"5";"92";"92049";"2";"2";"2";"3";"BARBES RUE";"48,8172732";"2,3288005"
"202000012147";"27";"12";"2020";"15:20";"1";"92";"92020";"2";"1";"3";"6";"PARIS AVENUE DE N°84 A FIN";"48,8075493";"2,2945810"
"202000012148";"28";"12";"2020";"17:30";"5";"92";"92023";"2";"1";"2";"6";"FLEURY (RUE DE)";"48,8115840";"2,2597240"
"202000012149";"28";"12";"2020";"19:40";"5";"92";"92012";"2";"1";"2";"3";"ANATOLE FRANCE (BOULEVARD) 5/FIN";"48,8502788";"2,2379681"
"202000012150";"28";"12";"2020";"16:45";"1";"84";"84142";"1";"1";"1";"1";"D31";"43,9515330";"5,0269960"
"202000012151";"23";"12";"2020";"07:30";"5";"95";"95058";"2";"1";"3";"3";"Route de Clermont";"49,1548726";"2,2909800"
"202000012152";"29";"12";"2020";"18:20";"3";"68";"68173";"2";"1";"4";" -1";"376 B La Place";"48,1056710";"7,1923460"
"202000012153";"28";"12";"2020";"17:00";"5";"67";"67437";"2";"1";"1";"6";"6 rue du Kochersberg";"48,7379900";"7,3786710"
"202000012154";"29";"12";"2020";"12:35";"1";"59";"59266";"2";"3";"1";"5";"Rue Carnot";"50,5436030";"2,9846870"
"202000012155";"28";"12";"2020";"17:15";"2";"22";"22239";"1";"1";"4";"3";"La Louviere";"48,3497470";" -2,1000190"
"202000012156";"28";"12";"2020";"06:00";"3";"2B";"2B354";"1";"1";"6";"1";"RT  20";"42,1150010";"9,1223430"
"202000012157";"28";"12";"2020";"08:00";"2";"71";"71010";"1";"3";"4";"2";"Antully";"46,9159962";"4,3754446"
"202000012158";"29";"12";"2020";"09:50";"1";"61";"61043";"1";"1";"2";"7";"Les Arpents";"48,3529230";"0,7213370"
"202000012159";"28";"12";"2020";"16:00";"1";"61";"61007";"2";"1";"2";"6";"4 Rue Guillaume le Conquérant";"48,8092260";" -0,5000050"
"202000012160";"28";"12";"2020";"07:00";"5";"55";"55089";"2";"1";"2";"6";"Chemin de la Prairie";"48,5022330";"5,7010650"
"202000012161";"29";"12";"2020";"19:45";"5";"12";"12270";"2";"1";"8";"6";"Avenue Marie Curie";"44,3261280";"3,0611620"
"202000012162";"28";"12";"2020";"21:00";"3";"25";"25256";"1";"1";"4";"1";"Route départementale 437";"47,2148900";"6,7656680"
"202000012163";"28";"12";"2020";"08:20";"2";"72";"72131";"1";"1";"1";"3";"D79";"47,8999230";" -0,0289250"
"202000012164";"29";"12";"2020";"08:45";"2";"50";"50341";"2";"1";"2";"6";"Rue Paul Lecacheux";"49,4865730";" -1,3780220"
"202000012165";"29";"12";"2020";"09:05";"1";"16";"16223";"2";"1";"1";"6";"lieu dit Moulin Neuf";"45,6715670";"0,5004880"
"202000012166";"28";"12";"2020";"03:00";"4";"21";"21249";"2";"1";"1";"6";"Rue des Buttes";"47,0906810";"5,2157540"
"202000012167";"29";"12";"2020";"18:42";"3";"85";"85217";"1";"1";"1";"6";"La Faubretière";"46,9548300";" -1,2869800"
"202000012168";"28";"12";"2020";"14:50";"1";"37";"37281";"1";"1";"3";"1";"pont Charles de Gaulle";"47,4055546";"0,8057200"
"202000012169";"28";"12";"2020";"11:50";"1";"06";"06085";"2";"1";"1";"6";"72 Chemin Saint Barthelemy";"43,5989470";"6,9852390"
"202000012170";"28";"12";"2020";"18:45";"5";"06";"06085";"2";"7";"9";"7";"2 Place des Arcades";"43,5873540";"7,0398970"
"202000012171";"28";"12";"2020";"16:15";"1";"13";"13081";"2";"6";"1";"6";"Avenue Victor Hugo";"43,4917480";"5,2293580"
"202000012172";"28";"12";"2020";"11:32";"1";"13";"13107";"2";"1";"1";"6";"les genets 606 avenue du général de GAULLE";"43,4347220";"5,4281150"
"202000012173";"28";"12";"2020";"17:30";"5";"67";"67151";"2";"3";"2";"6";"Route du Rhin";"48,6925660";"7,8907340"
"202000012174";"29";"12";"2020";"16:10";"1";"69";"69136";"2";"1";"1";"6";"Route de Lyon";"45,6125810";"4,7703730"
"202000012175";"29";"12";"2020";"17:50";"5";"14";"14712";"2";"1";"2";"6";"route d'argences";"49,1789510";" -0,1861080"
"202000012176";"16";"12";"2020";"18:35";"3";"27";"27331";"1";"2";"1";"3";"D1";"49,1328200";"1,5477470"
"202000012177";"28";"12";"2020";"14:25";"1";"13";"13215";"1";"1";"1";"5";"A7-Sens Marseille vers Lyon";"43,3790000";"5,3550900"
"202000012178";"23";"12";"2020";"06:30";"3";"59";"59414";"1";"1";"2";"6";"AUTOROUTE A 21";"50,3808920";"3,1849430"
"202000012179";"28";"12";"2020";"03:05";"3";"91";"91340";"1";"1";"2";"7";"RN 104";"48,6087400";"2,4371600"
"202000012180";"28";"12";"2020";"15:11";"2";"78";"78362";"1";"1";"3";"5";"A13";"48,9737210";"1,7289590"
"202000012181";"28";"12";"2020";"04:50";"4";"92";"92050";"1";"1";"1";"6";"A86";"48,8922393";"2,1817995"
"202000012182";"28";"12";"2020";"08:05";"1";"988";"98818";"2";"1";"1";"2";"ROUTE DU VELODROME";" -22,2893200";"166,4452400"
"202000012183";"27";"12";"2020";"20:15";"5";"69";"69383";"2";"2";"1";"3";"FERDINAND BUISSON                   (R )";"45,7512800";"4,8939000"
"202000012184";"26";"12";"2020";"10:40";"1";"972";"97213";"1";"1";"1";"2";"AUTOROUTE A1";"14,6182605";" -61,0194397"
"202000012185";"27";"12";"2020";"15:10";"1";"69";"69034";"2";"9";"2";"4";"TUNNEL BELLEVUE (QUAI BELLEVUE COUVE(XX)";"45,7854700";"4,8481900"
"202000012186";"26";"12";"2020";"17:40";"1";"971";"97101";"2";"1";"1";"1";"Bd René Serge NABAJOTH";"16,2790005";" -61,5038681"
"202000012187";"25";"12";"2020";"17:45";"5";"88";"88413";"2";"1";"9";"6";"Rue Marcel ROGE";"48,2833100";"6,9573600"
"202000012188";"27";"12";"2020";"20:30";"5";"83";"83137";"2";"3";"1";"1";"OLLIVIER (RUE EMILE)";"43,1193700";"5,9433200"
"202000012189";"26";"12";"2020";"13:00";"1";"83";"83069";"2";"3";"1";"1";"LOUBES (ROUTE DES)";"43,1101930";"6,1192790"
"202000012190";"26";"12";"2020";"11:45";"1";"78";"78440";"2";"9";"8";"4";"CD 14";"48,9791740";"1,8865120"
"202000012191";"27";"12";"2020";"12:10";"1";"77";"77305";"2";"1";"9";"7";"PARIS (NOUVELLE ROUTE DE)";"48,3934200";"2,9442800"
"202000012192";"27";"12";"2020";"00:50";"5";"69";"69266";"2";"5";"1";"3";"GENAS    (Route de)";"45,7511087";"4,9079275"
"202000012193";"27";"12";"2020";"16:40";"2";"68";"68376";"2";"5";"1";"3";"KELLERMANN (RUE)";"47,8248900";"7,3358700"
"202000012194";"26";"12";"2020";"19:20";"5";"64";"64102";"2";"3";"1";"6";"LACHEPAILLET (RUE DES REMPARTS)";"43,4904700";" -1,4790000"
"202000012195";"26";"12";"2020";"00:15";"3";"61";"61169";"2";"1";"8";"6";"MINIERE (RUE DE LA)";"48,7256910";" -0,5676710"
"202000012196";"22";"12";"2020";"19:30";"5";"61";"61391";"2";"1";"3";"6";"RAINETTE (RUE DE)";"48,7553680";" -0,5687550"
"202000012197";"27";"12";"2020";"13:30";"1";"59";"59599";"2";"1";"2";"2";"PARIS (RUE DE)";"50,7194648";"3,1422910"
"202000012198";"4";"12";"2020";"09:00";"1";"59";"59350";"2";"6";"1";"6";"MITTERIE RUE DE LA";"50,6491300";"2,9975800"
"202000012199";"27";"12";"2020";"19:03";"5";"30";"30189";"2";"4";"1";"1";"FAITA VINCENT (RUE)";"43,8415900";"4,3671900"
"202000012200";"27";"12";"2020";"14:47";"1";"29";"29232";"2";"6";"2";"6";"D785 - Rond point de Ludugris";"47,9798000";" -4,1210600"
"202000012201";"27";"12";"2020";"17:50";"3";"13";"13073";"1";"1";"8";"1";"DES TERMES (ROUTE) RD 908";"43,3842768";"5,5563030"
"202000012202";"27";"12";"2020";"04:30";"5";"10";"10387";"2";"1";"1";"6";"MAJOR GENERAL VANIER (AVENUE)";"48,3040000";"4,0717000"
"202000012203";"27";"12";"2020";"12:35";"1";"05";"05023";"2";"1";"8";"6";"CHABAS (ROUTE DU)";"44,9072800";"6,6232600"
"202000012204";"27";"12";"2020";"05:35";"5";"01";"01283";"2";"1";"8";"3";"FRANCE (RUE A. DU 151-162 ET 173-188)";"46,2592344";"5,6573743"
"202000012205";"26";"12";"2020";"20:00";"3";"75";"75115";"2";"1";"1";"2";"BOULEVARD DE GRENELLE";"48,8491200";"2,2973160"
"202000012206";"26";"12";"2020";"23:30";"5";"75";"75115";"2";"2";"1";"6";"RUE DE LA CONVENTION";"48,8441330";"2,2812440"
"202000012207";"27";"12";"2020";"14:00";"1";"93";"93066";"2";"9";"3";"6";"STADE DE FRANCE (AVENUE DU)";"48,9190154";"2,3617575"
"202000012208";"27";"12";"2020";"00:00";"5";"93";"93008";"2";"3";"1";"6";"BARBUSSE (AVENUE HENRI) A30";"48,9061800";"2,4230100"
"202000012209";"27";"12";"2020";"15:17";"1";"92";"92049";"2";"1";"3";"3";"PERI RUE GABRIEL N°1 A 35";"48,8178224";"2,3235860"
"202000012210";"27";"12";"2020";"21:10";"3";"11";"11413";"1";"1";"1";"6";"route départementale 118";"43,3413670";"2,2885410"
"202000012211";"28";"12";"2020";"12:45";"1";"2A";"2A272";"1";"1";"2";"6";"RT40 a madunina";"41,6428397";"8,9573143"
"202000012212";"27";"12";"2020";"18:05";"5";"974";"97416";"2";"9";"1";"3";"BANK (BOULEVARD)";" -21,3313600";"55,4770600"
"202000012213";"15";"12";"2020";"15:45";"1";"34";"34217";"1";"1";"3";"1";"D17";"43,7070970";"3,8678310"
"202000012214";"28";"12";"2020";"12:30";"1";"83";"83067";"2";"1";"1";"1";"Route de Pignans";"43,3180630";"6,2828330"
"202000012215";"25";"12";"2020";"18:11";"3";"78";"78505";"1";"1";"8";"6";"Rue du Bois de Prunay";"48,8586310";"1,6722230"
"202000012216";"27";"12";"2020";"10:18";"1";"71";"71543";"2";"1";"8";"7";"Lieu Dit la Croix Leonard";"46,5708211";"4,8801653"
"202000012217";"27";"12";"2020";"20:18";"3";"61";"61140";"1";"1";"2";"6";"La Boe";"48,7160080";"0,6619210"
"202000012218";"26";"12";"2020";"17:35";"5";"49";"49248";"2";"1";"2";"1";"5, Rue d'Anjou - Bel'air de Combrée (Combrée)";"47,7098520";" -0,9838930"
"202000012219";"19";"12";"2020";"15:15";"2";"03";"03036";"2";"3";"2";"7";"11 Rue de la Paroisse";"46,5841064";"3,0573821"
"202000012220";"24";"12";"2020";"04:25";"3";"70";"70566";"1";"1";"1";"7";"D6";"47,7124290";"6,0718830"
"202000012221";"27";"12";"2020";"11:10";"1";"58";"58095";"2";"7";"1";"6";"Église Saint-Aré (Lieu de culte)";"46,8277330";"3,4609190"
"202000012222";"6";"12";"2020";"12:50";"1";"72";"72039";"1";"1";"2";"7";"Départementale 7, PK4";"48,1838880";"0,4529920"
"202000012223";"28";"12";"2020";"10:00";"1";"18";"18012";"1";"1";"8";"6";"D45";"47,1316920";"3,0055080"
"202000012224";"27";"12";"2020";"19:35";"3";"07";"07199";"1";"1";"2";"6";"Chamandre";"44,5012988";"4,2382496"
"202000012225";"27";"12";"2020";"18:45";"3";"21";"21112";"1";"1";"6";"6";"D996";"47,0777829";"5,1030711"
"202000012226";"26";"12";"2020";"19:00";"3";"88";"88445";"1";"1";"2";"5";"D415";"48,2580340";"6,9618020"
"202000012227";"28";"12";"2020";"08:50";"2";"95";"95678";"1";"1";"2";"3";"RN 184";"49,0729940";"2,2413400"
"202000012228";"28";"12";"2020";"10:15";"1";"33";"33095";"1";"1";"4";"4";"A65 PK 28.100";"44,3041430";" -0,2296540"
"202000012229";"28";"12";"2020";"09:45";"1";"17";"17053";"1";"1";"4";"5";"A837";"45,8964000";" -0,7539370"
"202000012230";"27";"12";"2020";"18:30";"5";"95";"95371";"2";"1";"2";"6";"rue gabriel peri";"49,0786040";"2,4991700"
"202000012231";"28";"12";"2020";"20:30";"3";"988";"98808";"1";"1";"3";"6";"Tribu de Nekoue";" -21,2520060";"165,6051060"
"202000012232";"28";"12";"2020";"05:48";"5";"38";"38449";"1";"2";"1";"3";"Boulevard de Tharabie";"45,6476370";"5,1017120"
"202000012233";"17";"12";"2020";"18:15";"5";"38";"38557";"2";"1";"2";"6";"Rue des Chênes";"45,7951030";"5,1143880"
"202000012234";"28";"12";"2020";"20:03";"3";"44";"44047";"1";"1";"1";"6";"N444";"47,2468690";" -1,6748060"
"202000012235";"27";"12";"2020";"19:15";"3";"56";"56114";"1";"1";"3";"6";"Kervic";"47,3072300";" -3,1195590"
"202000012236";"28";"12";"2020";"11:15";"1";"60";"60589";"2";"3";"1";"1";"rue de valmy";"49,2338320";"2,4670210"
"202000012237";"27";"12";"2020";"10:30";"1";"62";"62887";"1";"1";"6";"7";"A16";"50,5822420";"1,6409110"
"202000012238";"27";"12";"2020";"02:00";"3";"13";"13106";"1";"1";"1";"6";"A7-Sens Lyon vers Marseille";"43,3902400";"5,3509600"
"202000012239";"27";"12";"2020";"08:40";"1";"69";"69388";"1";"1";"1";"6";"RD383   11.460 A 11.750";"45,7255000";"4,8963000"
"202000012240";"27";"12";"2020";"20:10";"3";"94";"94003";"1";"1";"2";"4";"AUTOROUTE A6A";"48,7989900";"2,3425800"
"202000012241";"27";"12";"2020";"16:15";"2";"92";"92002";"1";"1";"3";"4";"AUTOROUTE A10";"48,7323752";"2,3113473"
"202000012242";"27";"12";"2020";"13:40";"1";"91";"91340";"1";"1";"3";"6";"RN 104";"48,6089900";"2,4342200"
"202000012243";"27";"12";"2020";"20:10";"5";"92";"92012";"1";"1";"2";"6";"A13";"48,8484534";"2,2296326"
"202000012244";"27";"12";"2020";"17:50";"4";"78";"78672";"1";"1";"2";"2";"A13";"48,9289460";"1,9876240"
"202000012245";"27";"12";"2020";"21:10";"3";"95";"95042";"1";"1";"2";"6";"RN 104";"49,0568600";"2,2881100"
"202000012246";"27";"12";"2020";"20:30";"4";"93";"93039";"1";"1";"1";"3";"AUTOROUTE A86";"48,9274700";"2,3335600"
"202000012247";"26";"12";"2020";"20:45";"3";"95";"95028";"1";"1";"1";"3";"RN 104";"49,0603200";"2,3562900"
"202000012248";"26";"12";"2020";"17:45";"3";"92";"92036";"1";"1";"1";"5";"AUTOROUTE A86";"48,9390000";"2,3067600"
"202000012249";"26";"12";"2020";"17:40";"5";"60";"60138";"1";"1";"1";"6";"N/A";"49,2151300";"2,6265900"
"202000012250";"24";"12";"2020";"06:15";"1";"988";"98818";"2";"6";"1";"6";"AVENUE JAMES COOK/ACCES PARKING LYCEE JULES GARNIER";" -22,2675200";"166,4212900"
"202000012251";"26";"12";"2020";"07:00";"1";"976";"97611";"2";"1";"1";"6";"kaweni-Archipel (avenue de l')";" -12,7737404";"45,2247986"
"202000012252";"26";"12";"2020";"14:00";"1";"974";"97416";"1";"1";"1";"6";"LIGNE DES BAMBOUS(ROUTE)";" -21,3041000";"55,4960300"
"202000012253";"26";"12";"2020";"17:55";"1";"973";"97302";"2";"1";"1";"3";"MERE THERESA (rue)";"4,9233500";" -52,3125100"
"202000012254";"26";"12";"2020";"15:40";"1";"973";"97302";"2";"3";"1";"1";"TROUBIRAN (CHEMIN DE)";"4,9152105";" -52,3106884"
"202000012255";"26";"12";"2020";"16:00";"1";"69";"69259";"2";"3";"1";"6";"PROFESSEUR ROUX (DU)                (R )";"45,7227100";"4,8586800"
"202000012256";"26";"12";"2020";"13:45";"1";"972";"97209";"2";"3";"1";"5";"GENERAL DE GAULLE (BLD DU)";"14,6078300";" -61,0688500"
"202000012257";"19";"10";"2020";"09:20";"1";"971";"97120";"2";"9";"1";" -1";"FAIDHERBE (BOULEVARD)";"16,2406900";" -61,5337400"
"202000012258";"26";"12";"2020";"12:00";"1";"95";"95277";"2";"2";"1";"5";"RAMBERT RAYMOND (AVENUE)";"48,9843197";"2,4403113"
"202000012259";"15";"12";"2020";"17:10";"2";"95";"95218";"2";"1";"1";"6";"ROGER GUICHARD (AVENUE)";"49,0273034";"2,0978456"
"202000012260";"26";"12";"2020";"15:25";"1";"91";"91549";"2";"9";"1";"2";"ROND POINT CD 117";"48,6254600";"2,3378800"
"202000012261";"26";"12";"2020";"18:15";"5";"91";"91114";"2";"3";"8";"2";"RTE DE BRIE";"48,7072600";"2,5239200"
"202000012262";"26";"12";"2020";"16:45";"1";"64";"64445";"2";"1";"1";"3";"CONDOM DE";"43,3221000";" -0,3443700"
"202000012263";"26";"12";"2020";"22:55";"5";"64";"64102";"2";"2";"1";"1";"AVRIL (AVENUE DU 14)";"43,5035450";" -1,4671950"
"202000012264";"26";"12";"2020";"10:17";"1";"59";"59279";"2";"2";"1";"3";"NOLLET (RUE MARTHE)";"50,7820960";"3,1234710"
"202000012265";"26";"12";"2020";"15:20";"1";"54";"54395";"2";"1";"1";"6";"ADAM  (RUE SIGISBERT)";"48,7001100";"6,1839500"
"202000012266";"25";"12";"2020";"21:08";"5";"47";"47323";"2";"5";"1";"1";"MYRE MORY (AVENUE)";"44,4129530";"0,7207310"
"202000012267";"10";"12";"2020";"19:30";"5";"42";"42275";"2";"1";"2";"6";"Route de l’Etrat";"45,4717064";"4,3834480"
"202000012268";"13";"11";"2020";"06:15";"5";"42";"42218";"2";"2";"1";"3";"Rue Amouroux";"45,4139100";"4,3978300"
"202000012269";"26";"12";"2020";"14:00";"1";"33";"33063";"2";"3";"1";"4";"BD ALFRED DANEY";"44,8679400";" -0,5708800"
"202000012270";"26";"12";"2020";"11:10";"1";"29";"29232";"2";"1";"1";"6";"Parking Leclerc - Route de Brest";"48,0153500";" -4,0805100"
"202000012271";"26";"12";"2020";"16:45";"1";"28";"28134";"2";"1";"1";"6";"CHEMIN VERT (RUE DU)";"48,7399000";"1,3827000"
"202000012272";"26";"12";"2020";"16:15";"1";"13";"13211";"2";"1";"1";"3";"PEINTRES ROUX (avenue)";"43,3054000";"5,4705000"
"202000012273";"26";"12";"2020";"09:45";"1";"06";"06069";"2";"1";"1";"3";"PASTEUR (BOULEVARD)";"43,6569880";"6,9139430"
"202000012274";"24";"12";"2020";"13:50";"1";"75";"75116";"2";"1";"2";"3";"PORTE MAILLOT";"48,8735780";"2,2752950"
"202000012275";"26";"12";"2020";"22:10";"5";"75";"75119";"2";"1";"1";"6";"BOULEVARD SERURIER";"48,8926050";"2,3948340"
"202000012276";"26";"12";"2020";"21:45";"5";"75";"75117";"2";"2";"1";"2";"AVENUE DE LA GRANDE ARMEE";"48,8744230";"2,2929930"
"202000012277";"25";"12";"2020";"12:15";"1";"75";"75116";"2";"1";"8";"6";"QUAI LOUIS BLERIOT";"48,8449330";"2,2722930"
"202000012278";"26";"12";"2020";"11:46";"1";"75";"75111";"2";"3";"1";"2";"RUE DE CHARONNE";"48,8559340";"2,3923500"
"202000012279";"26";"12";"2020";"18:10";"5";"75";"75101";"2";"3";"1";"2";"RUE MONTMARTRE";"48,8641350";"2,3454700"
"202000012280";"26";"12";"2020";"21:25";"5";"94";"94078";"2";"1";"1";"3";"DIDEROT (R)";"48,7367730";"2,4480720"
"202000012281";"26";"12";"2020";"17:00";"5";"94";"94068";"2";"1";"1";"7";"PERDRIX (AV DES)";"48,7876000";"2,4970800"
"202000012282";"2";"12";"2020";"09:00";"2";"94";"94052";"2";"1";"1";"6";"PAUL BERT (R)";"48,8397000";"2,4815900"
"202000012283";"26";"12";"2020";"03:05";"5";"94";"94046";"2";"1";"1";"7";"CONCORDE (R DE LA)";"48,8119300";"2,4476100"
"202000012284";"25";"12";"2020";"22:35";"5";"94";"94003";"2";"1";"1";"6";"PAUL VAILLANT COUTURIER (AV)";"48,8001000";"2,3426300"
"202000012285";"26";"12";"2020";"23:05";"5";"94";"94073";"2";"1";"1";"7";"ALOUETTES (R DES)";"48,7522770";"2,3703380"
"202000012286";"26";"12";"2020";"15:15";"1";"94";"94028";"2";"1";"1";"6";"Rue de la Basse Quinte";"48,7743400";"2,4431110"
"202000012287";"26";"12";"2020";"16:30";"1";"94";"94002";"2";"1";"8";" -1";"ETIENNE DOLET (R)";"48,7902070";"2,4257500"
"202000012288";"26";"12";"2020";"19:29";"5";"93";"93029";"2";"1";"1";"2";"AUGUSTE BLANQUI";"48,9203217";"2,4576938"
"202000012289";"26";"12";"2020";"18:55";"5";"93";"93057";"2";"1";"1";"6";"BRIAND (AV. ARISTIDE) 2 A 132";"48,9097820";"2,5066038"
"202000012290";"26";"12";"2020";"20:30";"5";"92";"92020";"2";"1";"1";"1";"PARIS AVENUE DE N° IMPAIRS";"48,8057009";"2,2913073"
"202000012291";"27";"12";"2020";"20:10";"3";"33";"33352";"1";"1";"3";"1";"D9e1";"44,5775990";" -0,0755950"
"202000012292";"23";"12";"2020";"17:45";"3";"34";"34199";"1";"1";"1";"2";"A75";"43,4453410";"3,4225220"
"202000012293";"26";"12";"2020";"13:19";"1";"49";"49180";"1";"1";"1";"6";"N/A";"47,3715590";" -0,1581860"
"202000012294";"26";"12";"2020";"18:30";"5";"34";"34119";"2";"1";"1";"7";"Place Etienne Pascal";"43,5938970";"3,1141200"
"202000012295";"26";"12";"2020";"13:20";"1";"44";"44150";"2";"1";"1";"3";"5 Route de la Garotterie";"47,1270550";" -1,6290730"
"202000012296";"25";"12";"2020";"12:40";"1";"03";"03036";"1";"1";"1";"6";"Route de Bourbon ";"46,5946546";"3,0970122"
"202000012297";"26";"12";"2020";"16:55";"1";"64";"64161";"1";"2";"1";"3";"Avenue des Pyrénées";"43,5094170";" -1,1117600"
"202000012298";"26";"12";"2020";"18:10";"5";"10";"10114";"2";"9";"8";"4";"45 Rue de Faverolles";"48,5166860";"3,6473860"
"202000012299";"27";"12";"2020";"17:50";"3";"36";"36088";"2";"1";"6";"6";"21 Avenue du Colombier";"46,9474740";"2,0070530"
"202000012300";"26";"12";"2020";"11:45";"1";"27";"27263";"1";"2";"1";"3";"25 Route du Château";"49,3999060";"0,5368840"
"202000012301";"15";"12";"2020";"18:30";"3";"17";"17397";"2";"1";"8";"6";"Route de Saintes";"45,8731700";" -0,6749030"
"202000012302";"26";"12";"2020";"20:15";"5";"37";"37156";"2";"1";"1";"1";"Avenue Paul-louis Courier";"47,3794311";"0,8223888"
"202000012303";"26";"12";"2020";"19:24";"3";"02";"02211";"1";"1";"2";"4";"a26 pk 243+200";"49,4211640";"3,9313890"
"202000012304";"26";"12";"2020";"13:55";"1";"40";"40075";"1";"1";"1";"2";"A63";"43,8525100";" -1,1691860"
"202000012305";"25";"12";"2020";"15:30";"1";"987";"98745";"1";"1";"1";"7";"PK 4.300 HIPU";" -16,6308330";" -151,5040280"
"202000012306";"27";"12";"2020";"19:30";"3";"60";"60494";"1";"1";"2";"7";"D922";"49,1043697";"2,5691314"
"202000012307";"27";"12";"2020";"16:30";"2";"28";"28169";"1";"1";"2";"2";"A10";"48,4393370";"1,9067290"
"202000012308";"26";"12";"2020";"21:50";"5";"987";"98747";"1";"1";"2";"6";"PK 6 à PUEU";" -17,7515450";" -149,2403540"
"202000012309";"18";"12";"2020";"05:35";"3";"973";"97304";"1";"1";"1";"3";"RN1 - PK 44 + 800";"5,0965870";" -52,6174740"
"202000012310";"27";"12";"2020";"06:50";"1";"978";"97801";"1";"1";"1";"7";"N7 route de bellevue";"18,0517040";" -63,0860280"
"202000012311";"27";"12";"2020";"11:20";"1";"971";"97131";"2";"1";"1";"6";"Rue du Fort Napoleon";"15,8736410";" -61,5822480"
"202000012312";"26";"12";"2020";"21:20";"3";"66";"66190";"1";"1";"1";"6";"RD 11";"42,8164330";"2,9291010"
"202000012313";"22";"12";"2020";"14:35";"1";"52";"52269";"2";"2";"2";"6";"2 Rue Diderot";"47,8618440";"5,3338540"
"202000012314";"26";"12";"2020";"18:15";"3";"03";"03298";"1";"1";"1";"5";"D46";"46,3233309";"3,3682227"
"202000012315";"23";"12";"2020";"07:30";"3";"69";"69009";"1";"1";"1";"3";"D39";"45,9441880";"4,7276160"
"202000012316";"21";"12";"2020";"17:30";"5";"69";"69191";"2";"9";"2";"6";"Route du mont Cindre";"45,8191636";"4,8223924"
"202000012317";"4";"12";"2020";"16:40";"2";"19";"19085";"1";"1";"2";"1";"LA CROIX D'ASSOU";"45,3124979";"1,8294668"
"202000012318";"4";"12";"2020";"11:30";"1";"49";"49278";"2";"1";"1";"6";"Avenue du Commerce";"47,4237580";" -0,5576530"
"202000012319";"27";"12";"2020";"10:20";"1";"22";"22149";"1";"1";"2";"6";"Lieu dit Kerveno";"48,2911570";" -2,9171840"
"202000012320";"26";"12";"2020";"20:30";"5";"02";"02381";"2";"3";"2";"3";"50 avenue de Verdun";"49,9152500";"4,0909080"
"202000012321";"26";"12";"2020";"16:30";"1";"13";"13055";"1";"1";"1";"6";"A507 sens Marseille - Aubagne";"43,3301400";"5,3907600"
"202000012322";"25";"12";"2020";"05:00";"3";"13";"13026";"1";"1";"1";"5";"A55-Sens Marseille vers Martigues";"43,4021500";"5,1061600"
"202000012323";"26";"12";"2020";"01:25";"3";"33";"33448";"1";"1";"1";"6";"AUTOROUTE A 62";"44,7101160";" -0,5133910"
"202000012324";"26";"12";"2020";"10:50";"1";"91";"91228";"1";"1";"1";"2";"RN 104";"48,6164000";"2,4284000"
"202000012325";"25";"12";"2020";"01:15";"3";"78";"78646";"1";"1";"1";"6";"RN12";"48,7935060";"2,0775180"
"202000012326";"25";"12";"2020";"22:30";"3";"95";"95018";"1";"1";"1";"2";" A15";"48,9582402";"2,2746366"
"202000012327";"25";"12";"2020";"04:00";"5";"973";"97302";"1";"1";"2";"7";"ROUTE NATIONALE 1";"4,9143657";" -52,3292921"
"202000012328";"16";"12";"2020";"19:25";"5";"69";"69387";"2";"1";"1";" -1";"GAMBETTA                            (CO)";"45,7508200";"4,8590700"
"202000012329";"25";"12";"2020";"05:10";"3";"972";"97213";"1";"1";"1";"7";"ROUTE DEPARTEMENTALE 3";"14,6372000";" -60,9917000"
"202000012330";"24";"12";"2020";"12:00";"1";"972";"97213";"1";"1";"1";"7";"ACAJOU PROLONGEE";"14,6195000";" -61,0205000"