"Num_Acc";"jour";"mois";"an";"hrmn";"lum";"dep";"com";"agg";"int";"atm";"col";"adr";"lat";"long"
"202000012519";"18";"11";"2020";"15:58";"1";"63";"63113";"2";"1";"1";"2";"UNION SOVIETIQUE (AVENUE DE L')";"45,7790200";"3,0999700"
"202000012520";"25";"2";"2020";"14:50";"1";"58";"58194";"2";"3";"1";" -1";"DOCKS";"46,9947000";"3,1484000"
"202000012521";"18";"11";"2020";"10:25";"1";"56";"56098";"2";"2";"2";"3";"DE PEROS (RUE)";"47,7631800";" -3,3190600"
"202000012522";"18";"11";"2020";"16:15";"1";"51";"51058";"2";"2";"1";"3";"Rue Alfred Kastler";"49,2220515";"3,9997270"
"202000012523";"19";"11";"2020";"08:00";"1";"45";"45235";"2";"3";"1";"6";"Rue Passee a Balance - rue des varennes";"47,9396900";"1,8372600"
"202000012524";"18";"11";"2020";"18:05";"4";"37";"37122";"2";"1";"1";"4";"N/A";"47,3489896";"0,6461306"
"202000012525";"19";"11";"2020";"20:24";"1";"34";"34172";"1";"6";"1";" -1";"Rond-point des Près d'Arènes";"43,5892300";"3,8907400"
"202000012526";"19";"11";"2020";"13:50";"1";"34";"34172";"2";"1";"1";"6";"CROIX CAPITAINE (AVENUE DE LA)";"43,6036910";"3,8601870"
"202000012527";"11";"5";"2020";"16:38";"1";"87";"87085";"2";"1";"2";"6";"Avenue Henri Dunant";"45,8244500";"1,2450600"
"202000012528";"3";"4";"2020";"16:15";"1";"80";"80021";"2";"6";"1";"3";"ROBERT SCHUMAN (RUE)";"49,9074700";"2,3019500"
"202000012529";"20";"3";"2020";"19:47";"5";"80";"80489";"2";"1";"2";"2";"VILLE IDEALE (AVENUE DE LA )";"49,8679833";"2,3705578"
"202000012530";"10";"5";"2020";"03:00";"5";"76";"76351";"2";"1";"1";"6";"DEMIDOFF (RUE)";"49,4976896";"0,1369429"
"202000012531";"11";"5";"2020";"19:15";"2";"76";"76351";"2";"1";"1";"6";"BIGNE A FOSSE";"49,5301585";"0,1155770"
"202000012532";"7";"5";"2020";"15:45";"1";"74";"74119";"2";"1";"1";"6";"JAURES (BOULEVARD JEAN)";"46,3995908";"6,5964891"
"202000012533";"11";"5";"2020";"11:18";"1";"74";"74010";"2";"2";"1";"3";"ROCADE (BOULEVARD DE LA)";"45,9105502";"6,1192874"
"202000012534";"12";"5";"2020";"05:10";"2";"69";"69266";"2";"1";"1";"1";"FEYSSINE     (Rue de la)";"45,7838305";"4,8898634"
"202000012535";"11";"5";"2020";"18:55";"1";"65";"65286";"2";"9";"2";"6";"LAFITTE (RUE)";"43,0946000";" -0,0460600"
"202000012536";"12";"5";"2020";"19:30";"1";"64";"64024";"2";"1";"1";"2";"BIARRITZ (AVENUE DE)";"43,4802400";" -1,5249300"
"202000012537";"11";"5";"2020";"17:00";"1";"42";"42071";"2";"1";"1";"6";"Avenue de la Libération";"46,0254290";"4,0863960"
"202000012538";"12";"5";"2020";"05:15";"5";"37";"37261";"2";"1";"1";"7";"TRANCHEE (AVENUE DE LA)";"47,4077446";"0,6816152"
"202000012539";"7";"5";"2020";"22:45";"5";"33";"33529";"2";"1";"2";"6";"67 Avenue de Bisserié";"44,6218900";" -1,1326100"
"202000012540";"11";"5";"2020";"19:25";"1";"06";"06088";"2";"1";"8";"6";"CALIFORNIE (AV.) (DU 23-25 AU 199-210)";"43,6897000";"7,2416000"
"202000012541";"12";"5";"2020";"15:40";"1";"75";"75120";"2";"1";"1";"3";"AVENUE BENOIT FRACHON";"48,8531320";"2,4155120"
"202000012542";"12";"5";"2020";"08:00";"1";"75";"75115";"2";"2";"1";"3";"QUAI ANDRE CITROEN";"48,8493700";"2,2816040"
"202000012543";"11";"5";"2020";"03:00";"5";"75";"75115";"2";"7";"2";"3";"QUAI DE GRENELLE";"48,8493120";"2,2816740"
"202000012544";"12";"5";"2020";"14:00";"1";"75";"75113";"2";"2";"1";"6";"AVENUE DE FRANCE";"48,8305070";"2,3766030"
"202000012545";"12";"5";"2020";"21:10";"2";"75";"75112";"2";"1";"1";"2";"QUAI DE LA RAPEE";"48,8448540";"2,3688280"
"202000012546";"12";"5";"2020";"16:55";"1";"75";"75111";"2";"1";"1";"3";"BOULEVARD RICHARD LENOIR";"48,8627380";"2,3723560"
"202000012547";"12";"5";"2020";"11:00";"1";"75";"75110";"2";"3";"1";"2";"RUE DU BUISSON SAINT LOUIS";"48,8732440";"2,3747740"
"202000012548";"12";"5";"2020";"02:23";"5";"75";"75110";"2";"1";"1";"6";"BOULEVARD DE BONNE NOUVELLE";"48,8699990";"2,3513160"
"202000012549";"12";"5";"2020";"12:59";"1";"75";"75101";"2";"2";"1";"3";"QUAI FRANCOIS MITTERRAND";"48,8601160";"2,3333360"
"202000012550";"1";"5";"2020";"23:20";"5";"94";"94081";"2";"3";"1";"6";"ABBE ROGER DERRY (AV DE L)";"48,7883700";"2,3927500"
"202000012551";"11";"5";"2020";"15:00";"1";"94";"94068";"2";"1";"1";"7";"ARISTIDE BRIAND (R)";"48,7957000";"2,4839000"
"202000012552";"10";"5";"2020";"18:50";"1";"94";"94002";"2";"3";"1";"7";"PASTEUR (R)";"48,8132515";"2,4148860"
"202000012553";"12";"5";"2020";"18:30";"1";"93";"93078";"2";"9";"1";"4";"BALLANGER (BD ROBERT)";"48,9512100";"2,5260700"
"202000012554";"12";"5";"2020";"22:30";"5";"93";"93048";"2";"2";"1";"3";"BD ARISTIDE BRIAND / R DIDIER DAURAT";"48,8710752";"2,4519687"
"202000012555";"12";"5";"2020";"14:25";"1";"93";"93048";"2";"1";"1";"3";"PRESIDENT WILSON (AVENUE DU)";"48,8571515";"2,4399801"
"202000012556";"12";"5";"2020";"15:15";"1";"93";"93046";"2";"1";"1";"1";"AV DU CONSUL GENERAL NORDLING";"48,9175610";"2,5339720"
"202000012557";"12";"5";"2020";"18:30";"1";"93";"93006";"2";"1";"1";"6";"AV RASPAIL";"48,8741000";"2,4322000"
"202000012558";"12";"5";"2020";"20:56";"2";"93";"93008";"2";"1";"1";"7";"CARNOT (RUE)";"48,9066256";"2,4507576"
"202000012559";"12";"5";"2020";"19:50";"1";"93";"93008";"2";"1";"1";"3";"LILLE (RUE DE)";"48,9091124";"2,4719734"
"202000012560";"12";"5";"2020";"00:30";"5";"93";"93001";"2";"9";"1";"6";"AV JEAN JAURES";"48,9108790";"2,3997540"
"202000012561";"10";"5";"2020";"19:00";"1";"92";"92075";"2";"2";"1";"3";"JEAN BLEUZEN (RUE)";"48,8219800";"2,2938020"
"202000012562";"12";"5";"2020";"12:40";"1";"92";"92062";"2";"3";"1";"3";"DE DION BOUTON (QUAI) DU 1 AU 28";"48,8738220";"2,2361420"
"202000012563";"12";"5";"2020";"11:50";"1";"92";"92050";"2";"1";"1";"2";"Avenue Henri Martin";"48,8938448";"2,1903375"
"202000012564";"11";"5";"2020";"15:40";"1";"92";"92044";"2";"1";"1";"3";"EDOUARD VAILLANT (RUE) 75 A 117 ET 80 A 96";"48,8973574";"2,2879270"
"202000012565";"12";"5";"2020";"15:40";"1";"92";"92062";"2";"9";"1";"2";"Voie VALMY";"48,8834100";"2,2389400"
"202000012566";"11";"5";"2020";"21:45";"5";"92";"92032";"2";"2";"1";"3";"DOLIVET J ET M (AVENUE)";"48,7905963";"2,2888926"
"202000012567";"13";"5";"2020";"13:25";"1";"54";"54563";"2";"9";"2";"3";"23 Rue des Sapins";"48,4927800";"6,0988280"
"202000012568";"12";"5";"2020";"16:55";"1";"77";"77141";"1";"1";"1";"3";"D406";"48,8508990";"2,8391440"
"202000012569";"13";"5";"2020";"07:30";"1";"83";"83148";"1";"9";"1";"2";"Route du Plan de la Tour";"43,4021220";"6,4451920"
"202000012570";"13";"5";"2020";"12:10";"1";"54";"54408";"1";"1";"1";"7";"A4";"49,1701761";"5,7552534"
"202000012571";"12";"5";"2020";"10:30";"1";"23";"23095";"2";"1";"1";"7";"15 Rue Saint-roch";"46,1602640";"1,6444620"
"202000012572";"12";"5";"2020";"18:55";"1";"76";"76378";"1";"1";"1";"6";"Route du Mesnil";"49,4135350";"0,8418490"
"202000012573";"10";"5";"2020";"11:40";"1";"65";"65004";"1";"1";"3";"6";"D821";"43,0306900";" -0,0657890"
"202000012574";"13";"5";"2020";"11:25";"1";"22";"22183";"1";"1";"1";"1";"Departementale 1";"48,1533110";" -2,5783970"
"202000012575";"12";"5";"2020";"15:00";"1";"35";"35331";"1";"1";"1";"3";"D62";"48,0887080";" -1,9161700"
"202000012576";"11";"5";"2020";"08:00";"1";"31";"31054";"1";"2";"3";"3";"L'Houm";"43,3520600";"1,7413790"
"202000012577";"13";"5";"2020";"16:10";"1";"70";"70154";"1";"4";"2";"1";"D15";"47,4386180";"6,1445390"
"202000012578";"12";"5";"2020";"23:00";"3";"72";"72067";"2";"1";"1";"6";"Le Grand Bois";"48,1090240";"0,4616060"
"202000012579";"12";"5";"2020";"19:25";"1";"06";"06079";"2";"9";"1";"3";"791 Avenue de Frejus Paul Ricard";"43,5335470";"6,9318380"
"202000012580";"13";"5";"2020";"11:05";"1";"06";"06079";"2";"1";"1";"6";"802 boulevard des ecureuils";"43,5455270";"6,9403610"
"202000012581";"12";"5";"2020";"07:05";"1";"14";"14431";"1";"9";"1";"1";"CD269A - CARROUGE - LE MESNIL MAUGER";"49,0877097";"0,0254142"
"202000012582";"11";"5";"2020";"15:15";"1";"14";"14711";"1";"3";"6";"3";"D29";"49,3081920";" -0,9257320"
"202000012583";"12";"5";"2020";"20:30";"2";"05";"05123";"1";"1";"1";"6";"D994";"44,5460400";"5,9943510"
"202000012584";"13";"5";"2020";"10:00";"1";"50";"50292";"2";"1";"1";"6";"1 Place Westport";"49,0986720";" -1,2429470"
"202000012585";"13";"5";"2020";"17:15";"1";"64";"64498";"1";"1";"2";"7";"Route de Lamarque";"43,1620162";" -0,1556495"
"202000012586";"13";"5";"2020";"19:00";"1";"27";"27530";"1";"1";"1";"1";"Lieu Dit le Village";"48,9227460";"0,4678090"
"202000012587";"12";"5";"2020";"15:40";"1";"30";"30123";"1";"1";"1";"4";"N113";"43,6944770";"4,1677180"
"202000012588";"12";"5";"2020";"15:40";"1";"30";"30006";"1";"2";"1";"3";"N113";"43,6945780";"4,1681960"
"202000012589";"12";"5";"2020";"15:00";"1";"67";"67108";"2";"1";"1";"6";"5 Avenue Jean Precheur";"48,5436560";"7,5789730"
"202000012590";"13";"5";"2020";"19:30";"3";"988";"98821";"1";"1";"1";"1";"RT1";" -22,0797345";"166,3131326"
"202000012591";"13";"5";"2020";"17:20";"1";"45";"45273";"1";"1";"1";"2";"D960 - PR78+600";"47,8674921";"2,1427536"
"202000012592";"12";"5";"2020";"10:30";"1";"34";"34154";"1";"3";"1";"3";"Chemin des Garrigues";"43,6195650";"3,9787240"
"202000012593";"13";"5";"2020";"07:45";"1";"05";"05070";"2";"1";"2";"6";"D942";"44,3085340";"5,8206510"
"202000012594";"13";"5";"2020";"06:00";"2";"71";"71588";"2";"1";"8";"3";"Route de Digoin";"46,4573813";"4,0960666"
"202000012595";"12";"5";"2020";"19:43";"1";"67";"67301";"2";"1";"1";"3";"Rue du General Leclerc";"48,7589605";"7,6388536"
"202000012596";"12";"5";"2020";"21:00";"3";"73";"73211";"1";"1";"1";"6";"D 925";"45,7173754";"6,4877865"
"202000012597";"11";"5";"2020";"18:50";"1";"26";"26313";"2";"2";"1";"3";"Rue du Rhone";"44,9791360";"4,9541260"
"202000012598";"12";"5";"2020";"17:35";"1";"24";"24223";"1";"1";"8";"1";"Sainte Colombe";"44,8660670";"0,7391740"
"202000012599";"11";"5";"2020";"23:00";"3";"35";"35047";"1";"1";"1";"6";"RD 177 PK  29 Sens Rennes vers Redon";"48,0522026";" -1,7435830"
"202000012600";"12";"5";"2020";"07:20";"1";"62";"62366";"2";"2";"1";"3";"Chaussée Brunehaut";"50,4120630";"2,5857030"
"202000012601";"13";"5";"2020";"15:10";"1";"59";"59466";"2";"3";"1";"6";"70 rue nationale";"50,5188360";"3,1160080"
"202000012602";"6";"5";"2020";"06:36";"1";"69";"69029";"1";"1";"1";"7";"RD383   7.640 A 11.044";"45,7492500";"4,9073300"
"202000012603";"11";"5";"2020";"18:45";"1";"95";"95582";"1";"1";"1";"2";"AUTOROUTE A15";"48,9707300";"2,2493700"
"202000012604";"27";"2";"2020";"12:20";"1";"93";"93077";"2";"1";"2";"6";"R DU GENERAL MARBOT";"48,8872600";"2,4969600"
"202000012605";"11";"5";"2020";"13:17";"1";"988";"98818";"2";"1";"1";"3";"VELODROME (ROUTE DU)";" -22,2904700";"166,4452100"
"202000012606";"11";"5";"2020";"08:20";"1";"974";"97407";"2";"1";"1";"7";"Avenue de Tamatave";" -20,9303400";"55,3027500"
"202000012607";"11";"5";"2020";"21:50";"4";"69";"69383";"2";"1";"2";"6";"MARIUS VIVIER MERLE                 (BD)";"45,7537000";"4,8595000"
"202000012608";"11";"5";"2020";"11:30";"1";"69";"69259";"2";"1";"1";"3";"TACHE VELIN (DE)                    (CH)";"45,7144000";"4,8662000"
"202000012609";"10";"5";"2020";"11:40";"1";"972";"97213";"2";"9";"1";"3";"BARRIERES (RUE DES)";"14,6159000";" -61,0002500"
"202000012610";"10";"5";"2020";"07:50";"1";"2B";"2B033";"1";"1";"1";"6";"CAP - ROUTE DU CAP";"42,7173400";"9,4554200"
"202000012611";"11";"5";"2020";"13:40";"1";"971";"97113";"1";"1";"1";"5";"SECTION MARE-GAILLARD";"16,2141801";" -61,4390230"
"202000012612";"11";"5";"2020";"21:15";"5";"95";"95018";"2";"2";"1";"3";"JOFFRE (AVENUE DU MARECHAL)";"48,9579490";"2,2395990"
"202000012613";"11";"5";"2020";"10:30";"1";"91";"91174";"2";"6";"2";"4";"JOHN KENNEDY (BOULEVARD)";"48,5903200";"2,4773000"
"202000012614";"9";"5";"2020";"12:40";"1";"88";"88087";"2";"1";"1";"1";"FORGES (RUE DES)";"48,1754400";"6,4302700"
"202000012615";"9";"5";"2020";"18:42";"1";"87";"87050";"1";"1";"1";"6";"RN520 (COUZEIX)";"45,9002200";"1,2239400"
"202000012616";"11";"5";"2020";"17:40";"1";"78";"78498";"1";"1";"1";"6";"PONTOISE AV DE";"48,9490400";"2,0607400"
"202000012617";"11";"5";"2020";"10:30";"1";"76";"76217";"2";"1";"6";"6";"CANADIENS (AVENUE DES)  RN27";"49,9097000";"1,0761000"
"202000012618";"4";"5";"2020";"11:45";"1";"72";"72181";"2";"1";"1";"6";"BOURIAT GUY  (RUE)";"47,9622800";"0,2000100"
"202000012619";"11";"5";"2020";"19:15";"1";"69";"69275";"2";"1";"1";"6";"EUROPE (DE L')                      (AV)";"45,7477400";"4,9401900"
"202000012620";"26";"2";"2020";"08:35";"1";"66";"66136";"1";"1";"1";"2";"MICHELET (BOULEVARD EDMOND)";"42,6998690";"2,8790250"
"202000012621";"6";"5";"2020";"13:15";"1";"60";"60463";"2";"1";"1";"6";"PONT ROYAL (RUE DU)";"49,2670400";"2,4734100"
"202000012622";"11";"5";"2020";"13:55";"1";"59";"59599";"2";"3";"1";"3";"HALLUIN (BOULEVARD D')";"50,7334670";"3,1344980"
"202000012623";"11";"5";"2020";"18:20";"1";"51";"51454";"2";"2";"1";"3";"Rue Joliot Curie";"49,2230676";"4,0141760"
"202000012624";"9";"5";"2020";"16:11";"1";"49";"49007";"1";"1";"1";"7";"Bretelle av atlantique";"47,4694700";" -0,5936700"
"202000012625";"11";"5";"2020";"08:45";"1";"37";"37208";"2";"2";"3";"3";"CORMERY (RUE DE)";"47,3567802";"0,7317546"
"202000012626";"11";"5";"2020";"19:00";"1";"33";"33063";"2";"1";"2";"3";"Cours Edouard Vaillant";"44,8621500";" -0,5596700"
"202000012627";"11";"5";"2020";"17:20";"1";"33";"33529";"1";"8";"2";"3";"RN250 / voie ferrée";"44,6181200";" -1,1311300"
"202000012628";"8";"5";"2020";"15:00";"1";"31";"31555";"2";"1";"1";"6";"AV DE L URSS";"43,5808900";"1,4491300"
"202000012629";"11";"5";"2020";"10:30";"1";"16";"16089";"2";"1";"1";"5";"rue de la Trâche";"45,6857100";" -0,2889200"
"202000012630";"11";"5";"2020";"08:05";"1";"14";"14437";"2";"3";"1";"2";"PASTEUR (RUE)";"49,1794100";" -0,3234500"
"202000012631";"11";"5";"2020";"15:40";"1";"13";"13117";"1";"1";"1";"6";"CUGNOT ( AVENUE JOSEPH )";"43,4726926";"5,2342464"
"202000012632";"11";"5";"2020";"06:35";"2";"13";"13043";"2";"1";"2";"3";"MEDITERRANEE (AV DE LA )";"43,3833000";"5,2012000"
"202000012633";"26";"2";"2020";"08:10";"1";"75";"75120";"2";"2";"2";"6";"RUE DES PYRENEES";"48,8591580";"2,4021260"
"202000012634";"11";"5";"2020";"08:35";"1";"75";"75119";"2";"7";"2";"3";"PLACE DE LA PORTE DE PANTIN";"48,8897260";"2,3966710"
"202000012635";"11";"5";"2020";"14:30";"1";"75";"75117";"2";"3";"1";" -1";"RUE LEGENDRE";"48,8868570";"2,3188600"
"202000012636";"11";"5";"2020";"15:00";"1";"75";"75116";"2";"1";"1";"2";"AVENUE DE LA GRANDE ARMEE";"48,8746760";"2,2922080"
"202000012637";"11";"5";"2020";"15:00";"1";"75";"75111";"2";"3";"1";"6";"AVENUE PARMENTIER";"48,8630810";"2,3761550"
"202000012638";"11";"5";"2020";"11:15";"1";"75";"75111";"2";"7";"8";"3";"BOULEVARD VOLTAIRE";"48,8667280";"2,3651550"
"202000012639";"11";"5";"2020";"08:50";"1";"75";"75107";"2";"2";"6";"7";"AVENUE DUQUESNE";"48,8526830";"2,3085840"
"202000012640";"11";"5";"2020";"11:30";"1";"93";"93078";"2";"4";"6";"3";"REPUBLIQUE (AVENUE DE LA)";"48,9494000";"2,5572000"
"202000012641";"11";"5";"2020";"16:15";"1";"93";"93030";"2";"1";"1";"6";"DEVAUX (RUE ADOLPHE)";"48,9516000";"2,4175000"
"202000012642";"11";"5";"2020";"14:35";"1";"93";"93047";"2";"3";"1";"3";"R DU GENERAL DE GAULLE / R DU CHALET";"48,8993448";"2,5587174"
"202000012643";"11";"5";"2020";"18:00";"1";"93";"93005";"2";"1";"1";" -1";"SAINT JUST (ALLEE)";"48,9449800";"2,4966400"
"202000012644";"11";"5";"2020";"10:35";"1";"92";"92050";"2";"4";"1";"3";"RASPAIL FRANCOIS-VINCENT BD";"48,8985000";"2,2068000"
"202000012645";"11";"5";"2020";"16:00";"1";"92";"92044";"2";"2";"1";"3";"VIC. HUGO(RUE)069A075 ET 080A088";"48,8958900";"2,2965100"
"202000012646";"11";"5";"2020";"18:50";"1";"92";"92040";"2";"4";"1";"3";"PDT ROOSEVELT (QUAI DU)";"48,8314128";"2,2621174"
"202000012647";"11";"5";"2020";"18:50";"1";"92";"92026";"2";"2";"1";"6";"MARCEAU";"48,8988320";"2,2464870"
"202000012648";"7";"5";"2020";"15:45";"1";"92";"92025";"2";"2";"1";"3";"PAUL BERT (RUE)";"48,9273672";"2,2469857"
"202000012649";"18";"4";"2020";"10:30";"1";"974";"97415";"2";"1";"1";"6";"Ruelle de l'Eglise";" -21,0135330";"55,2701940"
"202000012650";"12";"5";"2020";"00:50";"3";"35";"35120";"1";"1";"1";"6";"La Cornillère";"48,2143860";" -1,7747640"
"202000012651";"11";"5";"2020";"15:32";"1";"38";"38290";"1";"2";"1";"3";"Chemin de Jarcieu";"45,3534910";"4,9765920"
"202000012652";"11";"5";"2020";"17:20";"1";"64";"64396";"1";"1";"3";"5";"A64";"43,4362650";" -0,6370140"
"202000012653";"12";"5";"2020";"01:25";"3";"87";"87003";"1";"1";"1";"2";"A20";"46,2780750";"1,4026940"
"202000012654";"12";"5";"2020";"11:15";"1";"62";"62650";"1";"1";"1";"1";"D33";"50,2818085";"2,9081184"
"202000012655";"9";"5";"2020";"10:15";"1";"51";"51265";"2";"1";"1";"6";"Rue Saint Martin";"48,6878641";"3,8053966"
"202000012656";"12";"5";"2020";"15:45";"1";"79";"79157";"2";"2";"1";"3";"Rue de l'Eglise";"47,0161070";" -0,1828970"
"202000012657";"12";"5";"2020";"17:00";"1";"82";"82094";"1";"1";"1";"7";"Le Gres";"44,2704030";"1,1424280"
"202000012658";"10";"5";"2020";"15:30";"1";"61";"61443";"1";"1";"1";"6";"La Pannetiere";"48,7355590";" -0,6389240"
"202000012659";"12";"5";"2020";"16:35";"1";"49";"49069";"1";"1";"1";"2";"Les Rouèries";"47,2825080";" -1,1430390"
"202000012660";"12";"5";"2020";"12:30";"1";"12";"12243";"1";"1";"1";"6";"D999";"44,0103936";"2,9751396"
"202000012661";"12";"5";"2020";"16:15";"1";"38";"38261";"2";"3";"1";"3";"Route d'Argent";"45,6720710";"5,4855840"
"202000012662";"12";"5";"2020";"03:03";"5";"02";"02504";"2";"9";"1";"6";"14 Rue Paul Sebbe";"49,7407687";"3,2528704"
"202000012663";"11";"5";"2020";"16:10";"1";"03";"03111";"1";"2";"2";"3";"17 Rue de la Croix Bronzeau";"46,4310555";"2,6406455"
"202000012664";"11";"5";"2020";"08:20";"1";"66";"66025";"1";"6";"8";" -1";"D68";"42,4507920";"1,9553040"
"202000012665";"12";"5";"2020";"09:30";"1";"90";"90027";"2";"1";"1";"7";"Rue de Montignez";"47,4981110";"7,0651850"
"202000012666";"11";"5";"2020";"19:35";"2";"07";"07309";"1";"1";"3";"6";"La Boudras";"45,1307320";"4,5938730"
"202000012667";"12";"5";"2020";"20:25";"1";"24";"24571";"1";"1";"1";"7";"N21";"45,0555762";"0,6742000"
"202000012668";"12";"5";"2020";"12:30";"1";"88";"88108";"1";"1";"1";"6";"D164";"47,9510750";"6,3063210"
"202000012669";"12";"5";"2020";"02:14";"3";"68";"68118";"1";"1";"2";"2";"A35";"47,7278660";"7,4286450"
"202000012670";"12";"5";"2020";"21:05";"2";"34";"34240";"1";"1";"1";"6";"A709";"43,6197510";"3,9551640"
"202000012671";"11";"5";"2020";"21:20";"3";"74";"74118";"1";"1";"3";"6";"A40";"46,1694340";"6,2073700"
"202000012672";"11";"5";"2020";"21:10";"2";"29";"29233";"2";"1";"1";"2";"Quai Brizeux";"47,8709816";" -3,5455300"
"202000012673";"11";"5";"2020";"16:00";"1";"95";"95177";"2";"1";"1";"7";"Rue de Montgeroult";"49,1158600";"2,0173810"
"202000012674";"12";"5";"2020";"17:15";"1";"06";"06157";"1";"1";"1";"3";"Route de Coursegoules";"43,7576350";"7,0863430"
"202000012675";"12";"5";"2020";"16:00";"1";"68";"68360";"2";"2";"1";"3";"1 Rue du Moulin";"48,0029810";"7,5091450"
"202000012676";"12";"5";"2020";"11:50";"1";"67";"67394";"1";"1";"1";"2";"D264";"48,9441867";"7,8906461"
"202000012677";"12";"5";"2020";"10:50";"1";"67";"67127";"1";"1";"1";"1";"D45";"48,5714181";"7,5325962"
"202000012678";"11";"5";"2020";"18:45";"2";"73";"73150";"2";"3";"2";"3";"Rue St Bernard";"45,5564990";"6,6757500"
"202000012679";"12";"5";"2020";"07:53";"1";"38";"38133";"1";"1";"1";"7";"Route de Saint - Julien";"45,3451880";"5,6323390"
"202000012680";"12";"5";"2020";"17:10";"1";"69";"69122";"1";"4";"1";" -1";"Chemin de la Poyat";"45,9076710";"4,7079080"
"202000012681";"12";"5";"2020";"10:10";"1";"64";"64315";"2";"6";"1";"3";"D2 ROND POINT KAZMAREK";"43,3086680";" -0,4477840"
"202000012682";"12";"5";"2020";"04:30";"5";"62";"62746";"2";"1";"1";"6";"Rue du Stade";"50,6782680";"1,6322740"
"202000012683";"11";"5";"2020";"09:05";"1";"91";"91477";"1";"1";"2";"7";"AUTOROUTE A10";"48,7186600";"2,2599600"
"202000012684";"11";"5";"2020";"16:40";"1";"92";"92025";"1";"1";"8";"5";"A86";"48,9189597";"2,2237615"
"202000012685";"10";"5";"2020";"02:05";"3";"93";"93027";"1";"1";"2";"2";"AUTOROUTE A86";"48,9262600";"2,4019400"
"202000012686";"9";"5";"2020";"20:00";"1";"93";"93053";"1";"1";"2";"6";"AUTOROUTE A103";"48,8885000";"2,4722300"
"202000012687";"9";"5";"2020";"20:00";"1";"93";"93027";"1";"1";"1";"6";"AUTOROUTE A86";"48,9282900";"2,4122300"
"202000012688";"11";"4";"2020";"19:40";"1";"95";"95018";"1";"1";"1";"7";"AUTOROUTE A15";"48,9619400";"2,2678900"
"202000012689";"8";"5";"2020";"12:20";"1";"972";"97213";"2";"4";"1";"1";"DUCHESNES 1";"14,6450420";" -60,9560460"
"202000012690";"9";"5";"2020";"20:30";"5";"972";"97209";"1";"1";"1";"7";"CLUNY (ROUTE DE)";"14,6145000";" -61,0818000"
"202000012691";"9";"5";"2020";"17:26";"1";"69";"69256";"2";"2";"1";"6";"PABLO PICASSO                       (AV)";"45,7767300";"4,9155400"
"202000012692";"9";"5";"2020";"19:00";"1";"45";"45234";"2";"3";"1";"3";"AV DU PRESIDENT KENNEDY - R DE CHATEAUDUN";"47,8433800";"1,9238400"
"202000012693";"8";"5";"2020";"20:25";"1";"38";"38544";"2";"3";"1";"6";"Rue Albert Thomas";"45,5277400";"4,8801200"
"202000012694";"10";"5";"2020";"21:15";"2";"37";"37261";"2";"1";"8";"1";"GUYNEMER (RUE GEORGES)";"47,3805349";"0,7036644"
"202000012695";"10";"5";"2020";"15:23";"1";"37";"37195";"2";"3";"1";"3";"PORT CORDON (LIEU DIT)";"47,3751583";"0,6376348"
"202000012696";"10";"5";"2020";"07:55";"1";"35";"35281";"1";"3";"1";"2";"RD 177";"48,0673500";" -1,7142600"
"202000012697";"10";"5";"2020";"22:35";"5";"33";"33063";"2";"2";"3";"3";"RUE MALBEC / RUE BILLAUDEL";"44,8246579";" -0,5638325"
"202000012698";"10";"5";"2020";"10:00";"1";"27";"27681";"1";"1";"8";"7";"ROUTE DEPARTEMENTALE 313 Route de Magny";"49,0974000";"1,5111000"
"202000012699";"9";"5";"2020";"11:10";"1";"27";"27229";"2";"6";"1";"3";"DUGUESCLIN (RUE)";"49,0168700";"1,1711500"
"202000012700";"9";"5";"2020";"23:05";"4";"13";"13208";"2";"1";"1";"6";"RABATAU (BOULEVARD)";"43,2733000";"5,3927000"
"202000012701";"30";"4";"2020";"16:45";"1";"12";"12089";"1";"1";"2";"3";"Lieu Dit le Thels";"44,5847900";"2,2484900"
"202000012702";"10";"5";"2020";"04:50";"4";"75";"75116";"2";"1";"1";"6";"ALLEE DE LONGCHAMP";"48,8702400";"2,2580400"
"202000012703";"10";"5";"2020";"14:40";"1";"75";"75110";"2";"1";"8";"3";"QUAI DE JEMMAPES";"48,8690900";"2,3674580"
"202000012704";"9";"5";"2020";"22:40";"5";"93";"93051";"2";"1";"3";"6";"DOCTEUR MENARD";"48,8404200";"2,5659900"
"202000012705";"8";"5";"2020";"12:30";"1";"2A";"2A211";"2";"1";"1";"6";"T40";"41,7838810";"8,9667700"
"202000012706";"10";"5";"2020";"20:48";"3";"972";"97222";"1";"1";"1";"6";"Pointe Savane";"14,6992730";" -60,9083000"
"202000012707";"10";"5";"2020";"17:40";"1";"972";"97232";"2";"1";"1";"1";"Chemin communal D5 - Morne Raquette";"14,5457960";" -60,8581500"
"202000012708";"11";"5";"2020";"01:25";"3";"972";"97226";"1";"1";"1";"1";"RD9";"14,4602460";" -60,8597680"
"202000012709";"10";"5";"2020";"23:50";"5";"83";"83033";"2";"6";"3";"6";"Impasse de Saint Michel";"43,3001380";"6,2007680"
"202000012710";"10";"5";"2020";"18:45";"1";"77";"77436";"2";"2";"1";"3";"14 La Vanne - D55/D66";"48,8018780";"3,2113280"
"202000012711";"7";"5";"2020";"08:00";"1";"41";"41237";"1";"9";"1";"3";"Aigrain";"47,3952410";"1,4601520"