"Num_Acc";"jour";"mois";"an";"hrmn";"lum";"dep";"com";"agg";"int";"atm";"col";"adr";"lat";"long"
"202000012712";"11";"5";"2020";"13:30";"1";"31";"31492";"1";"1";"2";"6";"Route de Carbonne";"43,2612100";"1,1639180"
"202000012713";"10";"5";"2020";"11:30";"1";"45";"45136";"1";"1";"8";"7";"D36 - PR 22+955";"48,0887250";"2,9667760"
"202000012714";"9";"5";"2020";"16:05";"1";"43";"43244";"2";"1";"1";"1";"7 Allee des Genets";"45,1140861";"4,3067232"
"202000012715";"10";"5";"2020";"18:15";"1";"10";"10048";"1";"1";"1";"6";"D12";"48,1904950";"4,5821140"
"202000012716";"5";"5";"2020";"18:45";"1";"53";"53096";"2";"2";"1";"3";"Rue des Mirettes";"48,3001000";" -0,9201210"
"202000012717";"9";"5";"2020";"19:25";"2";"04";"04216";"1";"1";"2";"7";"Lieu-dit Pregondes";"44,3370020";"5,9399340"
"202000012718";"11";"5";"2020";"03:45";"3";"08";"08251";"1";"1";"6";"6";"Route Departementale 985";"49,7545850";"4,4563080"
"202000012719";"1";"3";"2020";"14:15";"1";"71";"71456";"1";"2";"2";"3";"Route du Petit Osnard";"46,8253676";"5,0934445"
"202000012720";"3";"3";"2020";"19:45";"3";"30";"30217";"2";"6";"1";"3";"Route Nationale 100";"43,9590750";"4,7346410"
"202000012721";"1";"3";"2020";"08:37";"1";"21";"21310";"1";"1";"1";"6";"D905";"47,3268690";"4,5889380"
"202000012722";"28";"2";"2020";"15:30";"1";"21";"21081";"1";"1";"2";"1";"D16";"47,3651060";"4,7754800"
"202000012723";"3";"3";"2020";"02:40";"5";"62";"62138";"2";"1";"4";"6";"ROUTE D HUMEROEUILLE";"50,4199010";"2,1743451"
"202000012724";"28";"2";"2020";"15:55";"1";"34";"34095";"1";"1";"1";"3";"D114";"43,5312510";"3,7594700"
"202000012725";"28";"2";"2020";"13:20";"1";"57";"57468";"2";"4";"1";"6";"1 Rue Saint-augustin Schoeffler";"48,7692160";"7,2299750"
"202000012726";"1";"3";"2020";"05:30";"3";"57";"57126";"1";"1";"2";"6";"D674";"48,7776580";"6,4683940"
"202000012727";"25";"2";"2020";"08:00";"1";"91";"91617";"1";"1";"2";"4";"Route Nationale 6";"48,6605540";"2,5180790"
"202000012728";"27";"2";"2020";"11:38";"1";"62";"62773";"2";"7";"8";"6";"Grand Place Foch";"50,6392010";"1,7457370"
"202000012729";"29";"2";"2020";"21:10";"3";"51";"51434";"1";"2";"8";"3";"D3";"49,0137956";"4,0722670"
"202000012730";"27";"2";"2020";"13:35";"1";"59";"59058";"1";"1";"4";"2";"Route Nationale 2";"50,2284020";"3,9607430"
"202000012731";"28";"2";"2020";"19:00";"5";"59";"59445";"2";"1";"2";"6";"Rue des Horbes";"50,0391960";"4,1170420"
"202000012732";"22";"2";"2020";"06:00";"3";"19";"19276";"1";"1";"8";"7";"D142";"45,4174830";"1,5710400"
"202000012733";"1";"3";"2020";"17:00";"1";"19";"19237";"1";"1";"1";"3";"D980";"45,1267150";"2,0652580"
"202000012734";"2";"3";"2020";"20:40";"3";"56";"56075";"1";"1";"2";"6";"RN24";"47,9283630";" -2,1356390"
"202000012735";"27";"1";"2020";"05:40";"5";"93";"93027";"2";"1";"2";"6";"BARBUSSE (AVENUE HENRI)";"48,9317757";"2,3932235"
"202000012736";"29";"2";"2020";"10:40";"1";"56";"56193";"2";"1";"1";"6";"35 Rue de Kerdurand";"47,7137920";" -3,3161080"
"202000012737";"29";"2";"2020";"14:45";"1";"56";"56040";"1";"1";"3";"3";"D769b";"47,8613090";" -3,3279330"
"202000012738";"18";"1";"2020";"22:10";"5";"93";"93047";"2";"6";"9";"3";"BD DE L'EUROPE / Rue de la Fontaine Jean Valjean";"48,8954400";"2,5731900"
"202000012739";"27";"1";"2020";"08:00";"2";"93";"93005";"2";"5";"2";"6";"AV ANATOLE FRANCE / R JEAN CHARCOT";"48,9358309";"2,4939213"
"202000012740";"25";"2";"2020";"18:55";"5";"56";"56003";"2";"2";"2";"3";"Rue Upton By Chester";"47,6329278";" -2,8167272"
"202000012741";"27";"1";"2020";"08:20";"1";"93";"93005";"2";"1";"2";"3";"BD MARC CHAGALL";"48,9524400";"2,4962700"
"202000012742";"27";"1";"2020";"06:05";"5";"93";"93001";"2";"1";"2";"6";"AV JEAN JAURES";"48,9115950";"2,4007120"
"202000012743";"27";"1";"2020";"09:15";"1";"92";"92048";"2";"3";"2";"3";"GARDES (ROUTE DES) N° 91 A 93";"48,8132900";"2,2168900"
"202000012744";"27";"2";"2020";"20:55";"3";"59";"59282";"2";"1";"1";"6";"Route de Dunkerque";"50,8142400";"2,4825880"
"202000012745";"25";"1";"2020";"18:00";"2";"92";"92025";"2";"3";"1";"3";"VALMY (BD DE)";"48,9343010";"2,2558570"
"202000012746";"29";"2";"2020";"04:00";"3";"59";"59532";"1";"1";"2";"7";"D17";"50,9715890";"2,1432670"
"202000012747";"27";"1";"2020";"00:00";"5";"40";"40065";"2";"1";"1";"6";"Quai de la Pecherie";"43,6523830";" -1,4328150"
"202000012748";"27";"2";"2020";"00:55";"3";"74";"74085";"1";"1";"4";"1";"Route de Saint-gervais";"45,8453790";"6,7285480"
"202000012749";"3";"3";"2020";"16:31";"1";"67";"67009";"1";"1";"8";"6";"D23";"48,9258414";"6,9697765"
"202000012750";"28";"1";"2020";"16:15";"1";"68";"68249";"1";"1";"4";"7";"Route de Tannach";"48,1237590";"7,1646630"
"202000012751";"20";"2";"2020";"18:45";"3";"67";"67434";"2";"1";"1";"3";"6 Route de Sarrebourg";"48,9325650";"7,0890930"
"202000012752";"1";"3";"2020";"12:05";"1";"76";"76340";"1";"3";"1";"3";"Route de Pichemont";"49,7171410";"0,7516090"
"202000012753";"27";"1";"2020";"17:30";"1";"11";"11203";"1";"2";"1";"3";"intersection RD67/RD11";"43,2302700";"2,7955270"
"202000012754";"3";"3";"2020";"12:50";"1";"79";"79123";"1";"1";"2";"6";"Lieu Dit l'Ivronniere";"46,7171470";" -0,6271920"
"202000012755";"27";"1";"2020";"10:15";"1";"76";"76462";"1";"1";"1";"2";"A28";"49,7296530";"1,4592290"
"202000012756";"26";"2";"2020";"12:00";"1";"79";"79254";"1";"1";"1";"1";"N/A";"46,2868910";" -0,6668800"
"202000012757";"28";"1";"2020";"07:04";"3";"37";"37075";"1";"1";"2";"6";"A85";"47,2935440";"0,9494731"
"202000012758";"2";"3";"2020";"07:40";"1";"2B";"2B346";"1";"1";"8";"2";"RT 11";"42,5082200";"9,4717810"
"202000012759";"28";"1";"2020";"00:42";"3";"51";"51629";"1";"1";"3";"7";"D951";"49,1561162";"4,0115896"
"202000012760";"1";"3";"2020";"14:45";"1";"2B";"2B318";"1";"1";"2";"5";"T10";"42,4401810";"9,5127870"
"202000012761";"26";"1";"2020";"04:40";"3";"51";"51579";"1";"1";"1";"7";"Rue de Morsains";"48,7955594";"3,5212280"
"202000012762";"2";"3";"2020";"09:05";"1";"2B";"2B305";"2";"3";"1";"5";"D80";"42,7180170";"9,4547360"
"202000012763";"27";"1";"2020";"17:45";"3";"80";"80159";"1";"3";"3";"3";"D1029";"49,8697880";"2,4779110"
"202000012764";"29";"2";"2020";"16:20";"1";"80";"80231";"1";"3";"1";"3";"10 Rue de Maurepas";"49,9702830";"2,8207130"
"202000012765";"28";"1";"2020";"05:25";"5";"42";"42177";"2";"2";"1";"3";"Rue de Marcigny";"46,1460570";"4,1084040"
"202000012766";"28";"1";"2020";"19:00";"3";"35";"35224";"1";"1";"3";"1";"D75";"48,5095250";" -1,8406520"
"202000012767";"3";"3";"2020";"08:05";"1";"80";"80205";"2";"8";"2";"3";"Rue du 53 Ricms";"50,0089150";"2,0119520"
"202000012768";"19";"1";"2020";"19:40";"5";"29";"29284";"2";"3";"1";"6";"rue de la Vierge";"47,8010060";" -4,2644230"
"202000012769";"25";"1";"2020";"23:50";"3";"31";"31377";"1";"1";"1";"6";"D25";"43,4317300";"1,7255190"
"202000012770";"1";"3";"2020";"14:20";"1";"82";"82051";"1";"1";"6";"7";"D16";"44,1831730";"1,1494980"
"202000012771";"27";"1";"2020";"20:40";"3";"31";"31136";"1";"1";"2";"1";"D14";"43,7542760";"1,4346650"
"202000012772";"26";"2";"2020";"06:35";"3";"81";"81288";"1";"1";"2";"1";"La Rigole";"43,4533710";"2,0226000"
"202000012773";"27";"1";"2020";"08:30";"1";"14";"14157";"1";"1";"2";"6";"680 Rue de la Guinguette";"49,1759520";" -0,5222800"
"202000012774";"27";"1";"2020";"20:00";"5";"14";"14249";"2";"1";"2";"1";"Lieu Dit Bon Repos";"49,1161548";" -0,4801332"
"202000012775";"2";"3";"2020";"09:00";"1";"32";"32451";"1";"1";"6";"6";"D129";"43,4264320";"0,8007570"
"202000012776";"21";"1";"2020";"20:12";"3";"50";"50629";"1";"1";"1";"7";"34 La Bourdonnerie";"49,2614120";" -1,5006910"
"202000012777";"1";"3";"2020";"12:00";"1";"71";"71205";"1";"2";"1";"3";"Route de Saint Germain du Bois";"46,7156185";"5,3130645"
"202000012778";"28";"1";"2020";"19:15";"3";"60";"60021";"1";"2";"3";"2";"D1032";"49,5949960";"3,1211900"
"202000012779";"29";"2";"2020";"21:10";"5";"89";"89119";"2";"1";"9";"6";"N151";"47,5226493";"3,5401565"
"202000012780";"2";"3";"2020";"11:00";"1";"63";"63304";"1";"1";"3";"1";"D521";"46,0459481";"2,6275704"
"202000012781";"26";"1";"2020";"01:30";"3";"40";"40014";"1";"1";"1";"6";"Route de Labraise";"44,0662750";" -0,3127940"
"202000012782";"27";"1";"2020";"06:15";"3";"64";"64238";"1";"1";"1";"2";"A64";"43,2296640";" -0,0549750"
"202000012783";"28";"1";"2020";"09:30";"1";"01";"01181";"1";"1";"4";"6";"A404";"46,2162190";"5,6064180"
"202000012784";"28";"1";"2020";"18:40";"3";"91";"91045";"1";"3";"3";"3";"D191";"48,5166150";"2,3819360"
"202000012785";"27";"1";"2020";"07:40";"1";"68";"68301";"1";"1";"2";"3";"A35";"47,6923600";"7,4466280"
"202000012786";"26";"2";"2020";"18:56";"5";"61";"61456";"2";"2";"1";"6";"Boulevard du Marechal Leclerc";"48,7607450";"0,6391480"
"202000012787";"28";"1";"2020";"09:15";"1";"33";"33527";"1";"1";"2";"4";"A660 PR17+360";"44,6135100";" -1,0428900"
"202000012788";"3";"3";"2020";"18:10";"2";"12";"12294";"1";"1";"2";"3";"D29";"44,2643300";"2,8925610"
"202000012789";"28";"1";"2020";"10:15";"1";"76";"76700";"1";"1";"4";"4";"N27";"49,6701550";"1,0403110"
"202000012790";"26";"1";"2020";"01:50";"3";"34";"34022";"1";"1";"9";"3";"Avenue de la Biste";"43,6570890";"3,9970080"
"202000012791";"1";"3";"2020";"10:50";"1";"42";"42026";"1";"1";"1";"3";"Route de Melay";"46,1864080";"4,0776600"
"202000012792";"27";"2";"2020";"06:30";"3";"47";"47038";"1";"1";"2";"6";"D666";"44,3365120";"0,3872610"
"202000012793";"27";"1";"2020";"08:40";"2";"77";"77192";"1";"1";"2";"1";"N36";"48,7094220";"2,8391010"
"202000012794";"26";"2";"2020";"21:45";"3";"41";"41231";"1";"1";"1";"7";"Fossemagne";"47,5598840";"1,8918690"
"202000012795";"27";"1";"2020";"19:10";"5";"54";"54490";"1";"1";"3";"6";"D90b";"48,7748619";"6,0536814"
"202000012796";"28";"1";"2020";"19:30";"5";"69";"69089";"2";"1";"1";"6";"Grande Rue";"45,7357660";"4,7693540"
"202000012797";"26";"2";"2020";"10:20";"1";"29";"29137";"1";"1";"1";"3";"36 Route des Trois Prats";"48,3341640";" -4,2882640"
"202000012798";"22";"2";"2020";"08:50";"1";"86";"86103";"2";"2";"1";"1";"23 Place du Marché";"46,3713908";"0,4125929"
"202000012799";"27";"1";"2020";"08:40";"1";"49";"49021";"1";"6";"2";"3";"Route de la Ménitré";"47,4357150";" -0,2233150"
"202000012800";"29";"2";"2020";"05:00";"3";"34";"34010";"1";"1";"2";"6";"D27";"43,6784120";"3,5975640"
"202000012801";"1";"3";"2020";"14:00";"1";"34";"34222";"1";"2";"1";"3";"D2";"43,5708420";"3,5151960"
"202000012802";"28";"1";"2020";"18:15";"3";"60";"60668";"1";"1";"3";"7";"D149";"49,4979829";"2,0880710"
"202000012803";"26";"2";"2020";"11:45";"1";"34";"34284";"2";"1";"2";"6";"Grand'Rue";"43,4882410";"2,7616830"
"202000012804";"1";"3";"2020";"11:00";"1";"34";"34319";"2";"2";"1";"1";"Route de Fournols";"43,5542400";"3,3002700"
"202000012805";"29";"2";"2020";"04:00";"5";"68";"68068";"2";"1";"1";"6";"49 Rue de Bâle";"47,6303900";"7,1342790"
"202000012806";"27";"1";"2020";"22:30";"3";"80";"80002";"1";"1";"2";"2";"A1";"49,8528990";"2,8325840"
"202000012807";"8";"1";"2020";"17:54";"2";"13";"13071";"1";"1";"1";"2";"A7-Sens Lyon vers Marseille";"43,4034980";"5,3089310"
"202000012808";"27";"2";"2020";"18:30";"3";"68";"68158";"1";"1";"6";"7";"D419";"47,5910430";"7,4085830"
"202000012809";"23";"1";"2020";"07:20";"3";"67";"67043";"1";"1";"1";"2";"Autoroute A.4";"48,6150963";"7,7264039"
"202000012810";"2";"3";"2020";"11:25";"1";"68";"68155";"2";"1";"2";"2";"5 Route de Colmar";"48,0937850";"7,3068420"
"202000012811";"1";"3";"2020";"15:38";"1";"39";"39501";"2";"2";"1";"3";"Carrefour Rue du Mont-Roland / Rue de la Source";"47,1258040";"5,4610190"
"202000012812";"25";"2";"2020";"22:30";"3";"25";"25575";"1";"1";"8";"7";"route de Nancray";"47,2794460";"6,1652290"
"202000012813";"24";"1";"2020";"23:35";"3";"59";"59032";"1";"1";"1";"6";"AUTOROUTE A2";"50,3373329";"3,5195313"
"202000012814";"1";"3";"2020";"23:30";"3";"44";"44171";"1";"1";"1";"1";"D751";"47,1410055";" -1,7139637"
"202000012815";"27";"1";"2020";"09:40";"1";"94";"94021";"1";"1";"2";"2";"AUTOROUTE A6B";"48,7692500";"2,3454000"
"202000012816";"2";"3";"2020";"15:36";"1";"44";"44043";"2";"1";"1";"1";"11 Rue du Vivier";"47,1091130";" -1,2432560"
"202000012817";"27";"1";"2020";"07:55";"3";"92";"92002";"1";"1";"2";"3";"AUTOROUTE A10";"48,7295006";"2,3068977"
"202000012818";"1";"3";"2020";"17:45";"1";"44";"44186";"1";"1";"2";"3";"39 Avenue des Sports";"47,0978920";" -1,8173000"
"202000012819";"27";"1";"2020";"14:20";"1";"78";"78291";"1";"1";"1";"2";"A13";"48,9650730";"1,7555560"
"202000012820";"1";"3";"2020";"19:30";"3";"44";"44131";"1";"1";"1";"1";"D 213";"47,1091282";" -2,0682656"
"202000012821";"26";"1";"2020";"23:35";"4";"92";"92036";"1";"1";"2";"2";"A86";"48,9355850";"2,2852542"
"202000012822";"26";"1";"2020";"16:30";"1";"93";"93053";"1";"1";"1";"2";"AUTOROUTE A3";"48,8945400";"2,4716500"
"202000012823";"28";"2";"2020";"08:50";"1";"35";"35299";"1";"1";"8";"1";"Les Terres Pelees";"48,6447090";" -1,9174040"
"202000012824";"27";"2";"2020";"15:00";"1";"35";"35023";"1";"3";"1";"3";"RD 72 ROUTE DE MONTFORT";"48,1726420";" -1,9436270"
"202000012825";"26";"1";"2020";"07:00";"3";"95";"95252";"1";"1";"1";"2";"AUTOROUTE A15";"48,9877200";"2,2068000"
"202000012826";"4";"3";"2020";"00:30";"3";"29";"29004";"2";"3";"1";"6";"Rue Saint-Lucas";"47,9323121";" -3,6981460"
"202000012827";"25";"1";"2020";"20:20";"3";"95";"95252";"1";"1";"1";"6";"AUTOROUTE A15";"48,9863300";"2,2119900"
"202000012828";"27";"2";"2020";"15:20";"1";"29";"29276";"2";"2";"1";"3";"Route de Cléder";"48,6660970";" -4,0676018"
"202000012829";"25";"1";"2020";"21:25";"3";"77";"77363";"1";"1";"1";" -1";"A104.INT";"48,9280189";"2,6282832"
"202000012830";"10";"1";"2020";"16:25";"1";"974";"97416";"1";"1";"1";"6";"CD 26";" -21,2979000";"55,4387000"
"202000012831";"24";"2";"2020";"17:30";"2";"29";"29020";"1";"3";"2";"1";"D785 - Moncouar";"48,0574796";" -4,0249875"
"202000012832";"25";"1";"2020";"21:20";"4";"973";"97302";"2";"1";"2";"6";"TROUBIRAN (CHEMIN DE)";"4,9291730";" -52,3041916"
"202000012833";"26";"1";"2020";"17:40";"1";"69";"69388";"2";"1";"1";"6";"JOSEPH CHALIER                      (R )";"45,7294900";"4,8840700"
"202000012834";"29";"2";"2020";"12:45";"1";"29";"29195";"1";"4";"2";"2";"D28 - Lieu-dit le Diouriz";"48,5705871";" -4,4508945"
"202000012835";"1";"3";"2020";"03:30";"3";"31";"31237";"1";"1";"1";"7";"D83";"43,0776810";"0,9591900"
"202000012836";"20";"1";"2020";"05:40";"5";"69";"69388";"2";"3";"1";"3";"ROCKEFELLER                         (AV)";"45,7425000";"4,8800000"
"202000012837";"26";"1";"2020";"05:45";"5";"69";"69387";"2";"1";"2";"6";"TONY GARNIER                        (AV)";"45,7313800";"4,8241000"
"202000012838";"1";"3";"2020";"07:00";"2";"31";"31208";"2";"1";"1";"6";"Quartier Leoudary";"43,0722440";"0,8670160"
"202000012839";"2";"3";"2020";"11:50";"1";"31";"31502";"1";"1";"2";"6";"D5";"43,1820350";"0,7393560"
"202000012840";"26";"1";"2020";"11:35";"1";"972";"97213";"1";"1";"1";"7";"ROUTE DEPARTEMENTALE 14";"14,6177000";" -61,0223000"
"202000012841";"3";"3";"2020";"14:50";"1";"31";"31375";"1";"1";"6";"6";"Ribaus";"43,2045500";"1,2127020"
"202000012842";"1";"3";"2020";"21:00";"3";"38";"38389";"1";"1";"1";"6";"D518";"45,5663500";"5,0978000"
"202000012843";"25";"1";"2020";"11:00";"1";"69";"69286";"2";"3";"1";"3";"ROUTE DE GENEVE                     (RO)";"45,8053200";"4,8849300"
"202000012844";"23";"2";"2020";"22:35";"3";"38";"38399";"1";"1";"1";"7";"D502";"45,5022000";"5,1509400"
"202000012845";"26";"1";"2020";"02:55";"5";"69";"69382";"2";"1";"1";"6";"CHARLEMAGNE                         (CO)";"45,7415000";"4,8197000"
"202000012846";"26";"1";"2020";"02:20";"5";"2B";"2B033";"2";"2";"1";"3";"PAOLI DU NR 21 AU 45 -BLD";"42,7010000";"9,4500000"
"202000012847";"25";"1";"2020";"14:50";"1";"83";"83090";"2";"9";"1";"6";"GORGES (ROUTE DES)";"43,1416600";"5,8484500"
"202000012848";"2";"3";"2020";"13:35";"1";"38";"38291";"1";"1";"3";"6";"Route de Beaurepaire";"45,3612100";"5,1261000"
"202000012849";"26";"1";"2020";"19:15";"2";"78";"78586";"2";"2";"1";"1";"BARBUSSE (HENRI)";"48,9389900";"2,1918600"
"202000012850";"1";"3";"2020";"18:05";"2";"38";"38410";"1";"1";"2";"6";"Route de Romans";"45,0851800";"5,2092700"
"202000012851";"25";"1";"2020";"10:10";"1";"68";"68166";"2";"3";"1";"1";"Rue du Ventron";"47,7789900";"7,3123100"
"202000012852";"1";"3";"2020";"13:40";"1";"38";"38022";"1";"1";"1";"2";"Route Departementale 33";"45,6668700";"5,5726900"
"202000012853";"26";"1";"2020";"18:45";"5";"60";"60057";"2";"2";"2";"3";"BINET  (RUE)";"49,4239971";"2,0845753"
"202000012854";"14";"2";"2020";"16:40";"1";"38";"38022";"1";"3";"7";"6";"Chemin de la Bièvre";"45,6195790";"5,6073990"
"202000012855";"26";"1";"2020";"09:20";"1";"60";"60057";"2";"2";"8";"3";"BERLIOZ HECTOR (RUE)";"49,4154090";"2,0769508"
"202000012856";"26";"1";"2020";"10:30";"1";"45";"45147";"2";"1";"1";"2";"Rue André Dessaux";"47,9376800";"1,8947300"
"202000012857";"26";"1";"2020";"05:50";"5";"45";"45234";"2";"1";"1";"6";"Avenue Jean Zay";"47,9079700";"1,9224110"
"202000012858";"26";"1";"2020";"04:30";"4";"44";"44109";"2";"1";"1";"6";"Rue du Poitou";"47,2236600";" -1,5645700"
"202000012859";"26";"2";"2020";"13:30";"1";"02";"02232";"1";"1";"4";" -1";"N2";"49,2304060";"2,9826590"
"202000012860";"26";"1";"2020";"19:00";"5";"35";"35238";"2";"3";"2";"6";"VERDUN (BD DE)";"48,1185630";" -1,6889520"
"202000012861";"29";"2";"2020";"09:45";"1";"02";"02694";"1";"1";"1";"3";"D34";"49,7439540";"3,1928910"
"202000012862";"26";"1";"2020";"19:30";"2";"33";"33063";"2";"6";"1";" -1";"Avenue de Labarde";"44,8872300";" -0,5493900"
"202000012863";"15";"1";"2020";"17:20";"3";"02";"02355";"1";"1";"2";"7";"Mon Idee - D1044";"49,8939430";"3,2640120"
"202000012864";"25";"2";"2020";"17:40";"1";"03";"03204";"1";"1";"1";"2";"route de Batelière";"46,3192793";"3,3503889"
"202000012865";"26";"1";"2020";"04:45";"3";"33";"33529";"1";"1";"1";"1";"LIGNON (BD LOUIS)";"44,6338900";" -1,1886200"
"202000012866";"19";"2";"2020";"16:30";"1";"03";"03160";"1";"1";"1";"2";"Caffière";"46,2274646";"3,4007654"
"202000012867";"26";"1";"2020";"17:40";"3";"29";"29232";"2";"1";"2";"6";"D783 - Boulevard Ergué Armel";"47,9897300";" -4,0739700"
"202000012868";"26";"1";"2020";"06:14";"5";"18";"18033";"2";"1";"1";"6";"CHARITE (ROUTE DE LA)";"47,0937540";"2,4022590"
"202000012869";"28";"2";"2020";"15:00";"1";"15";"15244";"1";"2";"1";"5";"Croisement D926 D14";"45,0642308";"2,9777348"
"202000012870";"1";"3";"2020";"22:10";"3";"15";"15083";"1";"1";"2";"6";"D922";"44,9821110";"2,4117030"
"202000012871";"26";"1";"2020";"21:10";"5";"13";"13208";"2";"1";"2";"3";"MAZARGUES (AVENUE DE)";"43,2584000";"5,3942000"
"202000012872";"4";"3";"2020";"12:05";"1";"01";"01453";"1";"1";"9";"7";"Arvière-en-Valromey";"45,9106080";"5,7420140"
"202000012873";"26";"1";"2020";"14:00";"1";"13";"13204";"2";"9";"8";"6";"MONTOLIVET (AVENUE DE)";"43,3079566";"5,4024230"
"202000012874";"3";"3";"2020";"21:00";"5";"01";"01034";"2";"6";"1";"3";"305 Avenue Livet";"45,7577520";"5,6784300"
"202000012875";"26";"1";"2020";"12:15";"1";"13";"13211";"2";"3";"3";"3";"SAINT MARCEL (BOULEVARD DE )";"43,2888660";"5,4614060"
"202000012876";"29";"2";"2020";"14:45";"1";"01";"01457";"1";"1";"2";"7";"1136 Route de Mezeriat";"46,2321180";"5,0062470"
"202000012877";"26";"1";"2020";"10:20";"1";"13";"13212";"2";"1";"2";"3";"PIERRE BERANGER (RUE)";"43,3114688";"5,4453960"
"202000012878";"3";"3";"2020";"17:00";"2";"70";"70082";"1";"1";"2";"1";"Route de Thiénans";"47,4800010";"6,2777850"
"202000012879";"26";"1";"2020";"06:15";"3";"13";"13209";"2";"1";"1";"3";"CABOT (BOULEVARD)";"43,2588380";"5,4171550"
"202000012880";"3";"3";"2020";"17:40";"1";"70";"70428";"1";"3";"1";"2";"D118/ Chemin en grand combe";"47,6474069";"6,1022990"
"202000012881";"26";"1";"2020";"02:40";"5";"13";"13209";"2";"2";"1";"3";"SAINTE MARGUERITE (BOULEVARD)";"43,2686000";"5,4039000"
"202000012882";"28";"2";"2020";"16:45";"1";"26";"26208";"1";"2";"1";"3";"D555";"44,8102860";"4,9051700"
"202000012883";"26";"1";"2020";"16:40";"1";"07";"07070";"2";"1";"1";"6";"COLONNEL ROUSSET (AVENUE DU)";"44,9581760";"4,8471650"
"202000012884";"3";"3";"2020";"16:30";"1";"66";"66124";"2";"1";"4";" -1";"Avenue Emmanuel Brousse";"42,5052583";"2,0437453"
"202000012885";"26";"1";"2020";"03:55";"5";"06";"06088";"2";"1";"1";"2";"VOIE RAPIDE";"43,6755300";"7,2228500"
"202000012886";"26";"1";"2020";"20:41";"5";"06";"06088";"2";"1";"1";"3";"SAINT-ANTOINE (RTE DE)";"43,6974400";"7,2272900"
"202000012887";"27";"2";"2020";"05:45";"3";"72";"72150";"1";"1";"6";"7";"D300";"48,1036130";"0,2415810"
"202000012888";"1";"3";"2020";"06:15";"5";"72";"72386";"2";"6";"1";"6";"Avenue du mans";"47,9990150";"0,2363780"
"202000012889";"26";"2";"2020";"17:05";"1";"72";"72054";"1";"1";"8";"7";"RD 323";"48,0144290";"0,3322330"
"202000012890";"26";"1";"2020";"11:20";"1";"06";"06069";"2";"1";"1";"2";"FRAGONARD (BOULEVARD ET IMPASSE)";"43,6573630";"6,9232640"
"202000012891";"28";"2";"2020";"09:40";"1";"06";"06110";"1";"1";"1";"1";"M30";"44,0883630";"7,0421400"
"202000012892";"26";"1";"2020";"02:58";"5";"75";"75108";"2";"1";"1";"6";"COURS LA REINE";"48,8646300";"2,3195580"
"202000012893";"25";"1";"2020";"00:11";"5";"75";"75118";"2";"2";"5";"6";"RUE DE LA CHAPELLE";"48,8971123";"2,3592247"
"202000012894";"25";"2";"2020";"11:35";"1";"06";"06059";"1";"1";"1";"2";"2638 Avenue Raymond Poincaré";"43,7239360";"7,3821370"
"202000012895";"26";"2";"2020";"19:15";"5";"14";"14257";"2";"1";"2";"6";"17 Rue Camille Blaisot";"49,1000470";" -0,5018010"
"202000012896";"25";"1";"2020";"23:00";"5";"75";"75115";"2";"2";"1";"3";"RUE DU COMMERCE";"48,8478000";"2,2965600"
"202000012897";"29";"2";"2020";"05:10";"3";"05";"05123";"1";"1";"1";"1";"les marcellons - D994";"44,5481540";"5,9818840"
"202000012898";"2";"3";"2020";"20:10";"5";"05";"05144";"2";"1";"6";"6";"D16";"44,7925790";"6,0842850"
"202000012899";"26";"1";"2020";"19:08";"5";"75";"75114";"2";"1";"1";"3";"RUE DU DEPART";"48,8412380";"2,3217710"
"202000012900";"26";"2";"2020";"12:15";"1";"50";"50403";"1";"1";"1";"2";"D2";"49,1544010";" -1,5113930"
"202000012901";"26";"1";"2020";"17:27";"2";"75";"75113";"2";"2";"1";"6";"BOULEVARD AUGUSTE BLANQUI";"48,8308160";"2,3441230"
"202000012902";"4";"3";"2020";"00:30";"3";"50";"50003";"1";"1";"2";"6";"54 Rue d'Agon";"49,0602750";" -1,5871220"
"202000012903";"3";"3";"2020";"14:15";"1";"50";"50453";"1";"2";"2";"3";"Avenue du President";"48,8454750";" -1,2012970"
"202000012904";"27";"2";"2020";"17:45";"1";"50";"50453";"1";"1";"2";"3";"ZA les Monts Havard";"48,8481580";" -1,2087270"
"202000012905";"26";"1";"2020";"17:35";"2";"75";"75112";"2";"1";"1";"4";"AVENUE DE GRAVELLE";"48,8182240";"2,4525960"
"202000012906";"1";"3";"2020";"18:30";"1";"09";"09326";"1";"1";"1";"3";"N20";"42,7720620";"1,7106860"
"202000012907";"25";"1";"2020";"23:15";"5";"75";"75110";"2";"2";"1";"6";"RUE LOUIS BLANC";"48,8798737";"2,3673671"
"202000012908";"1";"3";"2020";"12:15";"1";"60";"60536";"1";"1";"2";"3";"Route de Pont";"49,3086252";"2,7053755"
"202000012909";"29";"2";"2020";"11:45";"1";"60";"60508";"2";"1";"3";"6";"Rue des tournelles";"49,3023590";"2,6476160"
"202000012910";"26";"1";"2020";"09:25";"1";"75";"75108";"2";"2";"1";"7";"PLACE DE LA CONCORDE";"48,8641010";"2,3201220"
"202000012911";"28";"2";"2020";"01:30";"3";"60";"60291";"1";"1";"1";"6";"D130";"49,6541929";"3,0702919"