"Num_Acc";"jour";"mois";"an";"hrmn";"lum";"dep";"com";"agg";"int";"atm";"col";"adr";"lat";"long"
"202000013108";"13";"7";"2020";"12:15";"1";"80";"80021";"2";"1";"1";"3";"PAUL CLAUDEL (AVENUE)";"49,8755200";"2,2785400"
"202000013109";"16";"7";"2020";"23:20";"1";"77";"77288";"2";"1";"1";"2";"LINGENFELD (AVENUE DE)";"48,5432300";"2,6600300"
"202000013110";"16";"7";"2020";"09:30";"1";"76";"76217";"2";"7";"1";"6";"NATIONALE (PLACE)";"49,9200000";"1,0796300"
"202000013111";"12";"7";"2020";"03:40";"3";"74";"74118";"1";"1";"1";"7";"SAINT-JULIEN (ROUTE DE)";"46,1721100";"6,2153700"
"202000013112";"16";"7";"2020";"06:48";"1";"74";"74010";"2";"4";"1";"4";"BROGNY (AVENUE DE) (SECTEUR 410)";"45,9194600";"6,1256600"
"202000013113";"11";"7";"2020";"11:15";"1";"73";"73065";"2";"1";"1";"4";"D1006 GRAND VERGER (AVENUE DU)";"45,5797700";"5,9091000"
"202000013114";"15";"7";"2020";"16:25";"1";"71";"71306";"2";"1";"1";"5";"ALOUETTES (AVENUE DES)";"46,6801461";"4,3644529"
"202000013115";"16";"7";"2020";"13:55";"1";"62";"62826";"2";"1";"8";"2";"HERMITAGE (PLACE DE L')";"50,5187680";"1,5948200"
"202000013116";"8";"7";"2020";"11:20";"1";"61";"61001";"2";"2";"1";"2";"COLBERT (BOULEVARD)";"48,4364400";"0,0775400"
"202000013117";"15";"7";"2020";"15:30";"1";"60";"60057";"2";"1";"1";"4";"Boulevard Saint - André";"49,4336100";"2,0902700"
"202000013118";"14";"7";"2020";"16:35";"1";"56";"56260";"1";"1";"2";"7";"RN 165 -SENS NANTES / LORIENT-";"47,6685680";" -2,7729730"
"202000013119";"16";"7";"2020";"13:50";"1";"54";"54079";"1";"1";"1";"5";"D657";"48,8773900";"6,0579400"
"202000013120";"16";"7";"2020";"17:16";"1";"45";"45284";"2";"3";"1";"2";"Rue Edouard Branly";"47,9190700";"1,9601500"
"202000013121";"19";"6";"2020";"19:50";"1";"44";"44109";"2";"1";"1";"6";"RUE PAUL BELLAMY";"47,2318700";" -1,5646900"
"202000013122";"22";"6";"2020";"19:15";"1";"44";"44109";"2";"1";"1";"6";"Allée Brancas";"47,2139010";" -1,5557070"
"202000013123";"10";"6";"2020";"11:30";"1";"41";"41269";"2";"1";"1";"6";"DUNANT (RUE HENRI)";"47,7985400";"1,0657300"
"202000013124";"16";"7";"2020";"23:30";"5";"37";"37122";"2";"1";"1";"7";"DOUZILLIERE (RUE DE LA)";"47,3393284";"0,6535388"
"202000013125";"15";"7";"2020";"12:25";"1";"37";"37122";"2";"1";"1";"4";"RD 37";"47,3468750";"0,6462071"
"202000013126";"16";"7";"2020";"18:50";"1";"35";"35238";"2";"1";"1";"4";"LORIENT (DE)";"48,1071500";" -1,7190200"
"202000013127";"15";"7";"2020";"16:15";"1";"35";"35115";"2";"1";"1";"6";"SAINT GERMAIN (BOULEVARD DE)";"48,3588600";" -1,2051200"
"202000013128";"14";"7";"2020";"06:25";"1";"34";"34032";"2";"1";"1";"1";"CLEMENCEAU GEORGES (AVENUE)";"43,3482500";"3,2198700"
"202000013129";"16";"7";"2020";"17:35";"1";"33";"33281";"2";"1";"1";"6";"PCE CHARLES DE GAULLE";"44,8422000";" -0,6466100"
"202000013130";"16";"7";"2020";"14:20";"1";"33";"33249";"1";"1";"1";"6";"RTE D'YVRAC";"44,8802600";" -0,5043000"
"202000013131";"16";"7";"2020";"08:30";"1";"33";"33550";"2";"3";"1";"4";"AVE DES PYRENEES / ALL JACQUES BREL";"44,7682500";" -0,5636600"
"202000013132";"15";"7";"2020";"15:10";"1";"32";"32013";"1";"1";"1";"3";"BARRAN (ROUTE DE)";"43,6444400";"0,5271900"
"202000013133";"15";"7";"2020";"23:35";"5";"31";"31555";"2";"1";"1";"6";"RUE VINCENT VAN GOGH";"43,5629400";"1,4015500"
"202000013134";"15";"7";"2020";"15:30";"1";"31";"31555";"1";"1";"1";"2";"Rocade Arc en ciel";"43,5694800";"1,3739000"
"202000013135";"16";"7";"2020";"13:30";"1";"30";"30189";"2";"2";"1";"3";"MARECHAL JUIN (BOULEVARD)";"43,8210200";"4,3472000"
"202000013136";"29";"6";"2020";"20:22";"2";"30";"30007";"2";"1";"1";"6";"MOULIN (GRAND' RUE JEAN)";"44,1223200";"4,0763300"
"202000013137";"15";"7";"2020";"16:40";"1";"29";"29254";"1";"1";"1";" -1";" D19 - Route de Plouvorn";"48,5754307";" -3,8554294"
"202000013138";"17";"7";"2020";"01:35";"5";"17";"17300";"2";"9";"1";"6";"LOUIS   AVENUE DU FORT";"46,1557000";" -1,1710000"
"202000013139";"16";"7";"2020";"14:22";"1";"17";"17300";"2";"1";"1";"6";"CHAUDRIER   RUE";"46,1607100";" -1,1532400"
"202000013140";"16";"7";"2020";"20:00";"1";"13";"13216";"2";"1";"1";"7";"RUISSEAU MI (RUE)";"43,3507200";"5,3512300"
"202000013141";"16";"7";"2020";"17:00";"1";"13";"13205";"2";"2";"1";"3";"LOUBIERE (RUE DE LA)";"43,2904910";"5,3891113"
"202000013142";"16";"7";"2020";"00:59";"5";"13";"13214";"2";"1";"1";"6";"ROLAND DORGELES (BOULEVARD)";"43,3461590";"5,3806390"
"202000013143";"12";"7";"2020";"00:10";"5";"13";"13201";"2";"4";"1";"3";"ADOLPHE THIERS (RUE)";"43,2985290";"5,3853060"
"202000013144";"16";"7";"2020";"18:30";"1";"13";"13028";"2";"1";"1";"6";"KENNEDY (AVENUE PRESIDENT JOHN FITZGERAL";"43,1792760";"5,6034330"
"202000013145";"16";"7";"2020";"12:07";"1";"06";"06127";"2";"1";"8";" -1";"131 Avenue Charles de Caqueray";"44,0707420";"7,2547770"
"202000013146";"16";"7";"2020";"09:37";"1";"06";"06088";"2";"3";"1";"6";"SARAMITO (AV. GEN.)";"43,7406580";"7,3077940"
"202000013147";"16";"7";"2020";"11:00";"1";"06";"06123";"2";"1";"1";"6";"OSSOLA JEAN BOULEVARD";"43,6621800";"7,1935900"
"202000013148";"15";"7";"2020";"15:00";"1";"05";"05061";"2";"9";"1";"3";"TOKORO ( RUE DE )";"44,5666400";"6,0989200"
"202000013149";"16";"7";"2020";"23:00";"5";"01";"01053";"2";"3";"1";"1";"TERRASSON ( RUE PIERRE)";"46,1911400";"5,2310600"
"202000013150";"16";"7";"2020";"09:00";"1";"75";"75118";"2";"4";"1";"2";"AVENUE DE LA PORTE DE LA CHAPELLE";"48,8995230";"2,3593830"
"202000013151";"16";"7";"2020";"16:15";"1";"75";"75117";"2";"5";"1";"3";"AVENUE DE WAGRAM";"48,8809690";"2,3003050"
"202000013152";"16";"7";"2020";"17:30";"1";"75";"75113";"2";"5";"8";"3";"AVENUE DES GOBELINS";"48,8367750";"2,3518410"
"202000013153";"15";"7";"2020";"18:00";"1";"75";"75113";"2";"3";"1";"3";"BOULEVARD VINCENT AURIOL";"48,8347220";"2,3669800"
"202000013154";"16";"7";"2020";"10:15";"1";"75";"75112";"2";"1";"1";"7";"QUAI DE BERCY";"48,8378900";"2,3766800"
"202000013155";"16";"7";"2020";"15:25";"1";"75";"75111";"2";"2";"1";"6";"AVENUE PARMENTIER";"48,8681140";"2,3724610"
"202000013156";"16";"7";"2020";"18:30";"1";"75";"75109";"2";"7";"1";"6";"RUE DE BRUXELLES";"48,8830580";"2,3294130"
"202000013157";"16";"7";"2020";"09:40";"1";"75";"75108";"2";"3";"1";"2";"AVENUE DES CHAMPS ELYSEES";"48,8713830";"2,3025780"
"202000013158";"16";"7";"2020";"00:50";"5";"75";"75108";"2";"1";"1";"6";"AVENUE DES CHAMPS ELYSEES";"48,8700640";"2,3067490"
"202000013159";"16";"7";"2020";"13:20";"1";"75";"75104";"2";"1";"1";"7";"RUE DU RENARD";"48,8580710";"2,3517670"
"202000013160";"16";"7";"2020";"14:35";"1";"94";"94068";"2";"2";"1";"3";"DOCTEUR ROUX (R DU)";"48,7872360";"2,4885210"
"202000013161";"16";"7";"2020";"18:05";"1";"94";"94046";"2";"4";"1";"3";"REPUBLIQUE (AV DE LA)";"48,8006640";"2,4306930"
"202000013162";"16";"7";"2020";"16:55";"1";"94";"94038";"2";"1";"1";"2";"HENRI THIRARD (R)";"48,7782400";"2,3420200"
"202000013163";"16";"7";"2020";"00:10";"5";"94";"94073";"2";"1";"1";"3";"STALINGRAD (BD DE)";"48,7577800";"2,3685200"
"202000013164";"16";"7";"2020";"07:55";"1";"94";"94033";"2";"1";"2";"4";"MARECHAL DE LATTRE DE TASSIGNY (AV DU)";"48,8588800";"2,4908900"
"202000013165";"15";"7";"2020";"00:20";"5";"94";"94033";"2";"1";"1";" -1";"REPUBLIQUE (AV DE LA)";"48,8525000";"2,4640000"
"202000013166";"16";"7";"2020";"20:30";"1";"94";"94011";"2";"6";"1";"3";"BICENTENAIRE.(AVENUE DU)";"48,7656600";"2,4887200"
"202000013167";"16";"7";"2020";"13:35";"1";"93";"93078";"2";"2";"1";"3";"CLEMENCEAU (AVENUE GEORGES)";"48,9534800";"2,5628800"
"202000013168";"16";"7";"2020";"18:35";"1";"93";"93071";"2";"1";"2";"3";"R D'AULNAY";"48,9396100";"2,5129900"
"202000013169";"16";"7";"2020";"15:35";"1";"93";"93066";"2";"6";"8";"7";"COKERIE";"48,9209759";"2,3642780"
"202000013170";"16";"7";"2020";"11:00";"1";"93";"93027";"2";"9";"1";"2";"SALENGRO (AVENUE ROGER)";"48,9334501";"2,3870749"
"202000013171";"14";"7";"2020";"11:00";"1";"92";"92050";"2";"2";"1";"2";"JOLIOT CURIE F. ET IRENE AVENUE  N°PAIRS";"48,8936855";"2,2120457"
"202000013172";"15";"7";"2020";"18:39";"1";"92";"92050";"2";"2";"1";"3";"PONS NOEL RUE";"48,9040734";"2,2191457"
"202000013173";"16";"7";"2020";"19:21";"1";"92";"92026";"2";"2";"1";"3";"ALBERT GLEIZES (AVENUE)";"48,8928010";"2,2452340"
"202000013174";"16";"7";"2020";"00:30";"5";"92";"92024";"2";"1";"1";"5";"JEAN JAURES (BD) DE (111 A 159)";"48,9069505";"2,3006261"
"202000013175";"16";"7";"2020";"11:43";"1";"92";"92007";"2";"1";"1";"1";"JAURES (AVENUE JEAN) N° 1 ET 2 A 24";"48,8005737";"2,3017202"
"202000013176";"7";"7";"2020";"19:15";"1";"91";"91235";"2";"1";"1";"6";"Rue Clément Ader";"48,6240760";"2,3645580"
"202000013177";"17";"7";"2020";"17:01";"1";"06";"06161";"1";"1";"1";"3";"Route du Bord de Mer";"43,6266010";"7,1332170"
"202000013178";"17";"7";"2020";"17:55";"1";"81";"81040";"1";"1";"1";"2";"D83";"43,7245910";"2,0551620"
"202000013179";"16";"7";"2020";"12:10";"1";"51";"51217";"2";"6";"1";"7";"Place du General de Gaulle";"49,0745233";"3,6383117"
"202000013180";"15";"7";"2020";"13:59";"1";"83";"83086";"1";"1";"1";"2";"Route Nationale 7";"43,4647950";"6,5372730"
"202000013181";"16";"7";"2020";"22:30";"3";"41";"41296";"1";"1";"1";"7";"A71 - sens 1 - PK 130.000";"47,6439540";"1,9439950"
"202000013182";"15";"7";"2020";"11:40";"1";"35";"35363";"1";"1";"8";"4";"RN 137";"48,0033476";" -1,6927879"
"202000013183";"7";"7";"2020";"09:35";"1";"83";"83019";"2";"6";"1";"2";"Avenue Lou Mistraou";"43,1390500";"6,3515890"
"202000013184";"17";"7";"2020";"07:00";"1";"72";"72187";"1";"1";"1";"1";"D338";"47,8090030";"0,3445680"
"202000013185";"17";"7";"2020";"07:35";"1";"41";"41173";"1";"2";"1";"3";"Route de Mézières";"47,8861040";"1,5313270"
"202000013186";"16";"7";"2020";"17:15";"1";"22";"22114";"1";"1";"1";"6";"Saint Régent";"48,2285290";" -2,2808650"
"202000013187";"16";"7";"2020";"19:45";"2";"74";"74157";"2";"2";"8";"3";"42 Chemin des Vallières";"46,3412170";"6,5157030"
"202000013188";"10";"7";"2020";"22:40";"5";"57";"57191";"2";"3";"1";"3";"1 Chemin des Vignes";"49,3630880";"6,2913140"
"202000013189";"10";"7";"2020";"18:50";"1";"19";"19264";"1";"1";"1";"7";"La Pradeau";"45,2509153";"2,1956187"
"202000013190";"17";"7";"2020";"05:10";"2";"79";"79277";"1";"1";"1";" -1";"N/A";"47,0745160";" -0,1771100"
"202000013191";"15";"7";"2020";"12:30";"1";"2B";"2B283";"1";"9";"1";"5";"T10";"41,8699000";"9,3972270"
"202000013192";"16";"7";"2020";"15:20";"1";"32";"32065";"1";"1";"1";"6";"D939";"43,6568120";"0,4029750"
"202000013193";"17";"7";"2020";"00:30";"3";"55";"55573";"1";"1";"1";"6";"Route Nationale 4";"48,6906130";"5,6121470"
"202000013194";"16";"7";"2020";"21:00";"2";"42";"42318";"2";"1";"1";"6";"Route de Sauvessange";"45,3823350";"3,9041000"
"202000013195";"16";"7";"2020";"12:00";"1";"42";"42092";"2";"2";"1";"3";"Rue du 8 Mai";"45,4857930";"4,3795060"
"202000013196";"12";"7";"2020";"10:55";"1";"46";"46328";"1";"1";"1";"6";"D911";"44,3954510";"1,7064540"
"202000013197";"15";"7";"2020";"20:40";"1";"44";"44056";"2";"3";"1";"3";"Rue des Sports";"47,4092200";" -1,7946450"
"202000013198";"17";"7";"2020";"11:50";"1";"15";"15004";"1";"1";"8";"7";"RD 679";"45,0617906";"3,0844438"
"202000013199";"17";"7";"2020";"07:50";"1";"01";"01034";"2";"3";"1";"3";"381 Route du Bourg";"45,7671300";"5,6915350"
"202000013200";"12";"7";"2020";"15:10";"1";"26";"26243";"2";"4";"1";"6";"445 Montee de la Commanderie";"44,5338810";"5,0115140"
"202000013201";"16";"7";"2020";"15:15";"1";"06";"06110";"1";"1";"8";"7";"M30";"44,0965740";"7,0559320"
"202000013202";"11";"7";"2020";"11:00";"1";"14";"14293";"1";"1";"1";"6";"D143a";"49,1659360";"0,3772260"
"202000013203";"16";"7";"2020";"18:30";"1";"14";"14406";"2";"3";"7";"3";"1 Chemin de la Baronnie";"49,2527610";" -0,5609090"
"202000013204";"12";"7";"2020";"15:30";"1";"14";"14377";"1";"1";"1";"7";"D514";"49,3355000";" -0,6938840"
"202000013205";"17";"7";"2020";"16:11";"1";"14";"14468";"1";"6";"1";"7";"RD572";"49,2330940";" -0,7669580"
"202000013206";"12";"7";"2020";"10:55";"1";"50";"50003";"2";"1";"1";"6";"93 Avenue du Passous";"49,0410500";" -1,5824440"
"202000013207";"14";"7";"2020";"02:45";"3";"50";"50072";"1";"1";"1";"7";"Le Haut de Montsurvent";"49,0862800";" -1,4841230"
"202000013208";"17";"7";"2020";"03:00";"5";"60";"60156";"2";"1";"1";"6";"Rue de la Poste";"49,4410780";"2,8448900"
"202000013209";"15";"7";"2020";"15:50";"1";"18";"18015";"2";"1";"1";"6";"13 Avenue Charles Lefébvre";"47,4915300";"2,4396100"
"202000013210";"20";"6";"2020";"10:05";"1";"24";"24312";"2";"1";"1";"1";"D8";"45,1219180";"0,7153370"
"202000013211";"17";"7";"2020";"15:30";"1";"04";"04108";"1";"3";"1";"2";"RN 85";"44,0466120";"6,0478340"
"202000013212";"17";"7";"2020";"11:45";"1";"85";"85023";"1";"1";"1";"2";"D19";"46,5379500";" -1,1987700"
"202000013213";"17";"7";"2020";"10:25";"1";"52";"52237";"2";"1";"1";"1";"Rue de Champagne";"48,2664230";"5,6324510"
"202000013214";"13";"7";"2020";"14:50";"1";"88";"88369";"2";"1";"1";"3";"1 Rue du Champ";"47,8900690";"6,7268800"
"202000013215";"17";"7";"2020";"00:50";"5";"88";"88288";"2";"2";"1";"6";"3 Le Village";"48,2491580";"6,1564370"
"202000013216";"15";"7";"2020";"17:00";"1";"973";"97309";"2";"3";"1";"3";"Route de Rémire";"4,9063442";" -52,2730103"
"202000013217";"17";"7";"2020";"16:53";"1";"74";"74221";"1";"1";"1";"3";"D4";"46,0065936";"6,5177644"
"202000013218";"9";"7";"2020";"11:15";"1";"51";"51454";"1";"1";"1";"2";"A344";"49,2339734";"4,0393609"
"202000013219";"16";"7";"2020";"10:05";"1";"69";"69007";"1";"9";"1";"4";"Route Departementale 386";"45,4998030";"4,8270060"
"202000013220";"9";"7";"2020";"10:00";"1";"971";"97125";"2";"1";"1";"2";"Avenue de l'Europe";"16,2546580";" -61,2700550"
"202000013221";"15";"7";"2020";"13:30";"1";"30";"30155";"1";"1";"1";"6";"D999";"43,8298210";"4,4606210"
"202000013222";"17";"7";"2020";"00:50";"3";"11";"11383";"1";"1";"1";"7";"D113";"43,3606090";"1,9152260"
"202000013223";"17";"7";"2020";"17:22";"1";"34";"34166";"1";"1";"1";"1";"Chateau de Coussergues";"43,3527380";"3,3479980"
"202000013224";"14";"9";"2020";"14:28";"1";"57";"57047";"2";"1";"1";"3";"2 Rue du 3 Juin";"49,1046070";"6,5938250"
"202000013225";"15";"9";"2020";"11:30";"1";"74";"74031";"1";"2";"1";"3";"D1201";"46,0939260";"6,1039670"
"202000013226";"13";"7";"2020";"15:25";"1";"83";"83053";"1";"1";"1";"5";"Dn8";"43,1583610";"5,8358970"
"202000013227";"17";"7";"2020";"10:30";"1";"83";"83115";"2";"9";"1";"6";"Rue du Docteur Sigallas";"43,3112720";"6,6362090"
"202000013228";"13";"9";"2020";"17:25";"1";"73";"73290";"1";"1";"1";"2";"D1006";"45,2185140";"6,9689729"
"202000013229";"14";"9";"2020";"09:20";"1";"44";"44209";"1";"1";"7";"2";"D49";"47,3298100";" -1,6571840"
"202000013230";"17";"7";"2020";"12:15";"1";"13";"13022";"1";"1";"1";"5";"D559";"43,2181800";"5,5808190"
"202000013231";"15";"9";"2020";"15:55";"1";"38";"38442";"1";"1";"1";"6";"pic de l'oreillette";"45,3488650";"5,7805900"
"202000013232";"15";"9";"2020";"16:05";"1";"38";"38442";"1";"1";"1";"6";"Les Marrons";"45,3232040";"5,7947090"
"202000013233";"16";"7";"2020";"17:50";"1";"88";"88458";"2";"1";"1";"2";"D157";"48,3928190";"6,2567240"
"202000013234";"13";"9";"2020";"02:00";"3";"40";"40182";"1";"1";"1";"2";"D66";"44,0704280";" -1,1726400"
"202000013235";"13";"7";"2020";"22:14";"3";"57";"57160";"1";"1";"1";"6";"N33";"49,2010430";"6,7255590"
"202000013236";"14";"9";"2020";"15:10";"1";"40";"40125";"2";"1";"1";"7";"Route de Bardeuy";"43,6485130";" -1,0530250"
"202000013237";"15";"9";"2020";"13:25";"1";"44";"44047";"1";"1";"1";"7";"Route de la Grande Vallée";"47,2245810";" -1,7760520"
"202000013238";"17";"7";"2020";"04:23";"3";"03";"03120";"1";"3";"1";"2";"N/A";"46,6294977";"3,7082411"
"202000013239";"11";"9";"2020";"12:00";"1";"14";"14365";"2";"2";"1";"3";"Avenue Henri de Blagny";"49,3014200";" -0,3295940"
"202000013240";"15";"9";"2020";"17:55";"1";"76";"76647";"2";"1";"1";"6";"15 Rue Saint Michel";"49,5279050";"0,3595160"
"202000013241";"12";"9";"2020";"15:40";"1";"59";"59507";"1";"1";"1";" -1";"AUTOROUTE A1";"50,6086390";"3,0943840"
"202000013242";"16";"7";"2020";"17:51";"1";"69";"69179";"1";"1";"1";"2";"Route de Mornant";"45,5908140";"4,7273540"
"202000013243";"10";"9";"2020";"12:45";"1";"59";"59183";"1";"1";"1";"2";"AUTOROUTE A16";"51,0114730";"2,3400410"
"202000013244";"11";"7";"2020";"23:45";"3";"33";"33553";"1";"1";"1";"2";"N10";"45,0170500";" -0,4267020"
"202000013245";"14";"9";"2020";"17:25";"1";"91";"91570";"1";"1";"1";"4";"RN 104";"48,6249000";"2,3287000"
"202000013246";"14";"9";"2020";"08:30";"1";"91";"91521";"1";"1";"1";"5";"AUTOROUTE A6";"48,6405000";"2,3939000"
"202000013247";"16";"7";"2020";"22:55";"3";"85";"85211";"1";"2";"1";"3";"Le Tablier";"46,5954600";" -1,5391300"
"202000013248";"14";"9";"2020";"18:15";"1";"78";"78455";"1";"1";"1";"3";"A13";"48,8602370";"2,0481590"
"202000013249";"17";"7";"2020";"08:50";"1";"85";"85300";"1";"3";"1";"3";"RD 4";"46,6548000";" -1,5102500"
"202000013250";"14";"9";"2020";"17:00";"1";"93";"93005";"1";"1";"1";"2";"AUTOROUTE A3";"48,9651900";"2,4754700"
"202000013251";"14";"9";"2020";"13:45";"1";"95";"95682";"1";"1";"7";"7";"RN 104";"49,0664897";"2,3758992"
"202000013252";"17";"7";"2020";"14:05";"1";"22";"22179";"1";"3";"1";"3";"Le Pré Gas";"48,6393250";" -2,3756330"
"202000013253";"14";"9";"2020";"00:45";"5";"93";"93066";"1";"1";"1";"2";"AUTOROUTE A1";"48,9025700";"2,3586000"
"202000013254";"17";"7";"2020";"01:40";"4";"02";"02282";"1";"1";"1";"2";"D1044";"49,5559810";"3,7085290"
"202000013255";"17";"7";"2020";"08:00";"1";"59";"59423";"1";"1";"1";"7";"Rue de Cassel";"50,6602480";"2,6721680"
"202000013256";"16";"7";"2020";"14:38";"1";"13";"13202";"1";"1";"1";"2";"TVPCM-Sens Saint Victor vers Les Ports";"43,2919270";"5,3659820"
"202000013257";"15";"7";"2020";"12:15";"1";"13";"13215";"1";"1";"1";"3";"A55-Sens Martigues vers Marseille";"43,3586500";"5,3441200"
"202000013258";"15";"7";"2020";"17:20";"1";"13";"13215";"1";"1";"1";"2";"A7-Sens Lyon vers Marseille";"43,3506600";"5,3423600"
"202000013259";"2";"2";"2020";"18:45";"5";"69";"69266";"1";"1";"2";"4";"RD383   3.750 A 7.640";"45,7648000";"4,9073000"
"202000013260";"15";"7";"2020";"16:10";"1";"13";"13215";"1";"1";"1";"2";"A7-Sens Lyon vers Marseille";"43,3905600";"5,3513300"
"202000013261";"13";"9";"2020";"15:30";"1";"988";"98818";"2";"2";"2";"3";"AVENUE DES FRERES CARCOPINO";" -22,2802000";"166,4432800"
"202000013262";"15";"7";"2020";"10:30";"1";"13";"13015";"1";"1";"1";"2";"A51 vers Marseille";"43,4447890";"5,3957970"
"202000013263";"13";"9";"2020";"10:55";"1";"973";"97302";"2";"1";"7";"3";"MONTABO (ROUTE DE) 1";"4,9421923";" -52,3049855"
"202000013264";"12";"9";"2020";"16:56";"1";"973";"97302";"2";"1";"1";"3";"RABAN (ROUTE DE)";"4,9338726";" -52,3135001"
"202000013265";"12";"9";"2020";"12:20";"1";"973";"97302";"2";"3";"1";"3";"TIGRE (ROUTE DU)";"4,9151791";" -52,3107514"
"202000013266";"12";"9";"2020";"19:45";"2";"69";"69387";"2";"1";"1";"3";"LECLERC                             (AV)";"45,7448900";"4,8308600"
"202000013267";"11";"7";"2020";"14:20";"1";"59";"59449";"1";"1";"1";"2";"AUTOROUTE A23";"50,4691772";"3,2318103"
"202000013268";"11";"7";"2020";"17:17";"1";"59";"59574";"1";"1";"1";"6";"AUTOROUTE A 21";"50,3676171";"3,2603817"
"202000013269";"13";"9";"2020";"02:40";"5";"69";"69386";"2";"1";"1";"3";"CHARLES DE GAULLE                   (QU)";"45,7848500";"4,8514400"
"202000013270";"12";"7";"2020";"11:10";"1";"59";"59143";"1";"1";"1";"2";"AUTOROUTE A25";"50,6568507";"2,9043028"
"202000013271";"13";"9";"2020";"00:40";"5";"69";"69383";"2";"1";"1";"3";"CREQUI (DE)                         (R )";"45,7592700";"4,8479200"
"202000013272";"13";"9";"2020";"05:10";"5";"972";"97213";"1";"9";"1";"3";"VIEUX CHEMIN CALIFORNIE (RUE DU)";"14,6183900";" -61,0314400"
"202000013273";"12";"9";"2020";"12:10";"1";"972";"97209";"1";"1";"1";"3";"BALATA (ROUTE DE)";"14,6341500";" -61,0730800"
"202000013274";"15";"7";"2020";"22:20";"3";"91";"91689";"1";"1";"1";"5";"AUTOROUTE A6B";"48,7434400";"2,3232100"
"202000013275";"13";"9";"2020";"21:38";"3";"95";"95252";"2";"1";"1";"7";"CHEMIN NEUF (RUE DU)";"48,9774000";"2,2284000"
"202000013276";"15";"7";"2020";"11:15";"1";"92";"92050";"1";"1";"1";"2";"A86";"48,9044147";"2,2078903"
"202000013277";"16";"7";"2020";"18:15";"1";"93";"93064";"1";"1";"1";"3";"AUTOROUTE A86";"48,8685900";"2,4821300"
"202000013278";"13";"9";"2020";"19:40";"2";"91";"91174";"2";"3";"1";"2";"Emile ZOLA (rue)";"48,6215000";"2,4662000"
"202000013279";"16";"7";"2020";"11:00";"1";"95";"95306";"1";"1";"1";"7";" A15";"49,0062500";"2,1640900"
"202000013280";"13";"9";"2020";"14:10";"1";"91";"91174";"2";"1";"1";"6";"PAPETERIE(RUE)";"48,5928480";"2,4698620"
"202000013281";"15";"7";"2020";"13:45";"1";"95";"95277";"1";"1";"1";"6";" A3";"48,9738100";"2,4883720"
"202000013282";"12";"9";"2020";"22:24";"5";"85";"85191";"2";"3";"1";"3";"Place Napoléon";"46,6711400";" -1,4269700"
"202000013283";"15";"7";"2020";"09:40";"1";"95";"95678";"1";"1";"1";"2";"RN 184";"49,0731600";"2,2326800"
"202000013284";"13";"9";"2020";"17:39";"1";"83";"83137";"2";"2";"1";" -1";"LYAUTEY (AVE MARECHAL)";"43,1279070";"5,9222960"
"202000013285";"16";"7";"2020";"10:00";"1";"94";"94028";"1";"1";"1";"2";"RN406.Y";"48,7747787";"2,4444004"
"202000013286";"13";"9";"2020";"16:00";"1";"83";"83137";"2";"2";"1";"2";"CLEMENCEAU (BD GEORGES)";"43,1226700";"5,9391800"
"202000013287";"16";"7";"2020";"08:20";"1";"94";"94052";"1";"1";"2";"7";"A86.EXT";"48,8325671";"2,4925325"
"202000013288";"16";"7";"2020";"07:00";"1";"94";"94079";"1";"1";"1";"4";"A4";"48,8345879";"2,5372206"
"202000013289";"13";"9";"2020";"19:05";"1";"69";"69256";"2";"1";"1";"6";"MARIUS GROSSO                       (R )";"45,7630300";"4,9305200"
"202000013290";"13";"5";"2020";"15:45";"1";"59";"59588";"1";"4";"1";"3";"BRANCHE VC 5";"51,0226300";"2,4196900"
"202000013291";"13";"9";"2020";"18:45";"1";"69";"69266";"2";"1";"1";"3";"GABRIEL PERI         (Rue)";"45,7711445";"4,8641997"
"202000013292";"15";"7";"2020";"17:05";"1";"974";"97411";"2";"2";"1";"6";"Avenue de la victoire";" -20,8766310";"55,4478480"
"202000013293";"13";"9";"2020";"12:05";"1";"69";"69266";"2";"1";"1";"6";"LOUIS ADAM       (Rue)";"45,7690000";"4,8718000"
"202000013294";"10";"9";"2020";"10:30";"1";"62";"62023";"1";"3";"1";"3";"RD 943";"50,5471000";"2,5236000"
"202000013295";"15";"7";"2020";"18:00";"1";"69";"69388";"2";"2";"1";"3";"JOSEPH CHAPELLE                     (R )";"45,7344200";"4,8660900"
"202000013296";"12";"9";"2020";"22:15";"5";"62";"62160";"2";"2";"1";"1";"CAMP DE DROITE (Rue du)";"50,7273500";"1,6027000"
"202000013297";"14";"7";"2020";"20:20";"1";"69";"69383";"2";"1";"1";"3";"GAMBETTA                            (CO)";"45,7512175";"4,8547463"
"202000013298";"8";"9";"2020";"17:30";"1";"62";"62263";"1";"1";"1";"3";"WARLUS ( ROUTE DE)";"50,2774500";"2,6888800"
"202000013299";"15";"7";"2020";"16:10";"1";"69";"69385";"2";"1";"2";"7";"CHOULANS (DE)                       (CH)";"45,7539000";"4,8173100"
"202000013300";"13";"9";"2020";"21:50";"5";"59";"59350";"2";"1";"1";"2";"TOURNAI PONT DE";"50,6223100";"3,0899000"
"202000013301";"15";"7";"2020";"12:45";"1";"69";"69202";"2";"1";"8";"4";"MONTRAY (DE)                        (CH)";"45,7364800";"4,7973600"