"Num_Acc";"jour";"mois";"an";"hrmn";"lum";"dep";"com";"agg";"int";"atm";"col";"adr";"lat";"long"
"202000013302";"13";"9";"2020";"20:40";"5";"37";"37261";"2";"1";"1";"2";"MALRAUX (QUAI ANDRE)";"47,3975885";"0,6976161"
"202000013303";"15";"7";"2020";"11:00";"1";"69";"69202";"2";"1";"2";"3";"PRES (DES)                          (CH)";"45,7450000";"4,7940000"
"202000013304";"13";"9";"2020";"14:55";"1";"35";"35238";"2";"2";"1";"3";"ALMA (DE L')";"48,0973800";" -1,6750900"
"202000013305";"14";"7";"2020";"10:30";"1";"69";"69381";"2";"1";"1";"2";"ST VINCENT                          (QU)";"45,7679018";"4,8208655"
"202000013306";"13";"9";"2020";"00:50";"5";"34";"34172";"2";"1";"1";"6";"LIBERTE (AVENUE DE LA";"43,6129300";"3,8228300"
"202000013307";"15";"7";"2020";"14:50";"1";"2A";"2A004";"2";"3";"1";"3";"GRANDE ARMEE AVENUE";"41,9265882";"8,7290707"
"202000013308";"13";"9";"2020";"04:30";"3";"34";"34003";"2";"1";"1";"7";"CHIMINIE (F20 A H21";"43,3111800";"3,4902100"
"202000013309";"13";"9";"2020";"17:32";"1";"32";"32013";"1";"1";"1";"7";"BARRAN (ROUTE DE)";"43,6290000";"0,5201000"
"202000013310";"13";"7";"2020";"12:40";"1";"95";"95428";"2";"1";"1";"3";"SAINT PAUL   RUE";"48,9924811";"2,3114659"
"202000013311";"13";"9";"2020";"07:30";"2";"29";"29051";"1";"1";"1";"7";"D115 - Route d'Elliant";"47,9896800";" -3,9799600"
"202000013312";"15";"7";"2020";"21:20";"2";"91";"91201";"2";"2";"1";"3";"MARCEL LINARD(AVENUE)";"48,6929000";"2,4148700"
"202000013313";"13";"9";"2020";"12:53";"1";"29";"29039";"2";"6";"1";"6";"Avenue Robert Jan";"47,8778459";" -3,9250284"
"202000013314";"15";"7";"2020";"07:25";"1";"91";"91027";"2";"9";"1";"3";"BENARD (AVENUE JEAN-PIERRE)";"48,7117660";"2,3811030"
"202000013315";"14";"7";"2020";"00:50";"5";"87";"87085";"2";"2";"1";"3";"RUBEN (AVENUE ERNEST)";"45,8253000";"1,2509100"
"202000013316";"13";"9";"2020";"09:28";"1";"17";"17306";"2";"6";"7";" -1";"HEDDE (AVENUE DANIEL)";"45,6364400";" -1,0287200"
"202000013317";"13";"7";"2020";"16:00";"1";"85";"85194";"1";"1";"1";"3";"Rue des Plesses";"46,4940500";" -1,7494600"
"202000013318";"13";"9";"2020";"20:30";"5";"17";"17300";"2";"1";"1";"7";"REPUBLIQUE   BOULEVARD DE LA";"46,1411600";" -1,1577900"
"202000013319";"13";"7";"2020";"17:35";"1";"85";"85191";"2";"2";"1";"3";"Boulevard Stéphane Moreau";"46,6640300";" -1,4111600"
"202000013320";"13";"9";"2020";"04:50";"5";"17";"17274";"2";"1";"1";"7";"JOLIOT-CURIE   AVENUE";"46,1555900";" -1,1102600"
"202000013321";"15";"7";"2020";"17:40";"1";"83";"83123";"2";"9";"1";"6";"GARE (ROUTE)";"43,1216740";"5,8188930"
"202000013322";"13";"9";"2020";"17:50";"1";"14";"14118";"2";"3";"1";"1";"CHERON (AVENUE HENRI)";"49,1713400";" -0,3989700"
"202000013323";"12";"7";"2020";"19:35";"1";"83";"83129";"1";"1";"1";"6";"Corniche du Cros";"43,0794210";"5,8053740"
"202000013324";"11";"9";"2020";"18:00";"1";"13";"13211";"2";"1";"1";"6";"AUDIENCE (RUE DE L')";"43,2965600";"5,4853350"
"202000013325";"10";"7";"2020";"08:00";"1";"83";"83123";"2";"1";"1";"2";"GARE (ROUTE)";"43,1216740";"5,8188930"
"202000013326";"13";"9";"2020";"12:35";"1";"13";"13205";"2";"2";"1";"2";"JEAN MOULIN (BOULEVARD)";"43,2923000";"5,4011600"
"202000013327";"13";"7";"2020";"16:00";"1";"83";"83069";"2";"1";"1";"3";"MOULIN PREMIER ( CARREFOUR DU )";"43,1220000";"6,1530000"
"202000013328";"14";"7";"2020";"21:25";"2";"83";"83118";"1";"1";"1";"3";"ROUTE DE SAINT-BARTHÉLEMY";"43,4433400";"6,9000700"
"202000013329";"13";"9";"2020";"11:15";"1";"13";"13205";"2";"2";"1";"3";"FERRARI (RUE)";"43,2929000";"5,3929290"
"202000013330";"14";"7";"2020";"01:50";"3";"77";"77053";"1";"6";"1";"7";"D316 - D319";"48,6838245";"2,6358316"
"202000013331";"12";"9";"2020";"20:20";"5";"13";"13208";"2";"1";"1";"3";"pointe rouge (ave)";"43,2475300";"5,3744000"
"202000013332";"14";"7";"2020";"18:35";"1";"77";"77186";"1";"2";"1";"3";"RD 142 Glandée au grand veneur";"48,4808600";"2,6669800"
"202000013333";"13";"9";"2020";"12:00";"1";"13";"13005";"2";"3";"1";"3";"NATIONALE 8 DE PARIS A TOULON (ROUTE)";"43,2866300";"5,5857900"
"202000013334";"12";"9";"2020";"19:20";"1";"13";"13001";"2";"9";"1";"6";"EUROPE (AV )";"43,5240155";"5,4340090"
"202000013335";"12";"9";"2020";"12:03";"1";"11";"11069";"2";"1";"1";"2";"ROUMENS COMMANDANT -PAIRS";"43,2104000";"2,3530000"
"202000013336";"18";"6";"2020";"16:39";"1";"74";"74281";"2";"1";"1";"6";"MOREL (RUE FRANCOIS)";"46,3698000";"6,4775000"
"202000013337";"13";"9";"2020";"19:05";"1";"09";"09122";"2";"1";"1";"6";"DE GAULLE (AVENUE DU GENERAL)";"42,9635600";"1,6087520"
"202000013338";"13";"9";"2020";"06:48";"1";"75";"75106";"2";"1";"1";"6";"BOULEVARD SAINT GERMAIN";"48,8519070";"2,3410780"
"202000013339";"15";"7";"2020";"05:55";"5";"64";"64102";"2";"9";"1";"1";"FAIENCERIE(Rond Point de la)";"43,4931800";" -1,4915100"
"202000013340";"13";"9";"2020";"01:30";"5";"75";"75106";"2";"2";"1";"1";"RUE DE SEVRES";"48,8502360";"2,3241650"
"202000013341";"13";"7";"2020";"08:40";"1";"59";"59178";"2";"2";"1";"3";"RHIN ET DANUBE (RUE)";"50,3907400";"3,0810300"
"202000013342";"13";"9";"2020";"07:20";"2";"75";"75120";"2";"1";"1";"3";"RUE D AVRON";"48,8531700";"2,4087570"
"202000013343";"15";"7";"2020";"13:00";"1";"57";"57463";"2";"1";"1";"3";"MERCY (RUE DE )";"49,0920000";"6,2460000"
"202000013344";"13";"7";"2020";"21:45";"1";"56";"56121";"2";"3";"1";"1";"FOCH (RUE  MARECHAL )";"47,7496500";" -3,3596500"
"202000013345";"13";"7";"2020";"20:55";"1";"55";"55029";"2";"1";"1";"3";"POINCARE ( BOULEVARD RAYMOND )";"48,7760615";"5,1571155"
"202000013346";"12";"9";"2020";"11:00";"1";"75";"75120";"2";"2";"1";"6";"BOULEVARD DAVOUT";"48,8490620";"2,4115360"
"202000013347";"15";"7";"2020";"09:50";"1";"54";"54547";"2";"1";"2";"6";"BARTHOU (BD LOUIS)";"48,6697453";"6,1880352"
"202000013348";"13";"9";"2020";"16:10";"1";"75";"75119";"2";"3";"1";"2";"RUE DAVID D ANGERS";"48,8825950";"2,3904320"
"202000013349";"15";"7";"2020";"18:39";"1";"51";"51454";"2";"1";"1";"7";"Place du Forum";"49,2562440";"4,0336432"
"202000013350";"12";"9";"2020";"21:10";"5";"75";"75118";"2";"3";"1";"3";"BOULEVARD ORNANO";"48,8926950";"2,3488260"
"202000013351";"13";"9";"2020";"19:25";"2";"75";"75113";"2";"3";"1";"3";"BOULEVARD VINCENT AURIOL";"48,8354830";"2,3692800"
"202000013352";"13";"9";"2020";"10:45";"1";"75";"75113";"2";"1";"1";"3";"QUAI D AUSTERLITZ";"48,8402580";"2,3702100"
"202000013353";"13";"9";"2020";"17:00";"1";"75";"75112";"2";"1";"1";"3";"AVENUE DE GRAVELLE";"48,8240850";"2,4267540"
"202000013354";"13";"9";"2020";"09:57";"1";"75";"75111";"2";"1";"1";"6";"RUE DE L ORILLON";"48,8697690";"2,3749070"
"202000013355";"13";"9";"2020";"03:20";"5";"75";"75107";"2";"4";"1";"7";"BOULEVARD SAINT GERMAIN";"48,8563780";"2,3254240"
"202000013356";"13";"9";"2020";"15:20";"1";"75";"75101";"2";"3";"1";"3";"BOULEVARD DE SEBASTOPOL";"48,8629180";"2,3506940"
"202000013357";"13";"9";"2020";"12:00";"1";"75";"75101";"2";"1";"1";"7";"SOUTERRAIN TUILERIES";"48,8609670";"2,3292590"
"202000013358";"13";"9";"2020";"08:15";"1";"75";"75101";"2";"2";"1";"3";"RUE DE RIVOLI";"48,8609300";"2,3408600"
"202000013359";"12";"9";"2020";"23:17";"5";"94";"94078";"2";"1";"1";"2";"PARIS (rue de )";"48,7476400";"2,4464900"
"202000013360";"13";"9";"2020";"15:05";"1";"93";"93072";"2";"2";"1";"3";"MAXIME GORKI (BOULEVARD) DES N°1 AU 87";"48,9521000";"2,3847000"
"202000013361";"13";"9";"2020";"18:25";"1";"93";"93051";"2";"3";"1";"1";"HETRES";"48,8295100";"2,5606000"
"202000013362";"12";"9";"2020";"23:55";"5";"93";"93049";"2";"1";"1";"3";"BD GALLIENI";"48,8526443";"2,5128443"
"202000013363";"12";"9";"2020";"23:50";"4";"93";"93031";"2";"2";"1";"1";"MARSEILLE (RUE DE)";"48,9581042";"2,2938539"
"202000013364";"13";"9";"2020";"01:15";"5";"93";"93027";"2";"9";"1";"6";"HUIT-MAI-1945 (PLACE DU)";"48,9208000";"2,4103000"
"202000013365";"13";"9";"2020";"11:00";"1";"93";"93014";"2";"1";"1";"2";"JEAN MOULIN (AVENUE)";"48,9079146";"2,5555216"
"202000013366";"5";"9";"2020";"06:35";"5";"92";"92033";"2";"1";"1";"7";"ATHIME RUE";"48,8448464";"2,1869139"
"202000013367";"13";"9";"2020";"16:45";"1";"92";"92040";"2";"1";"1";"6";"GALLIENI (BOULEVARD)";"48,8228811";"2,2679642"
"202000013368";"13";"9";"2020";"20:00";"2";"92";"92012";"2";"1";"1";"2";"ANDRE MORIZET (AVENUE) 1/47 - 2/52";"48,8341813";"2,2426471"
"202000013369";"13";"9";"2020";"19:20";"1";"92";"92002";"2";"1";"1";"6";"DIVISION LECLERC (53 A 217 - 58 A 186)";"48,7466486";"2,3036477"
"202000013370";"14";"9";"2020";"07:10";"1";"37";"37040";"1";"3";"1";"3";"N/A";"47,0862736";"0,4012294"
"202000013371";"13";"9";"2020";"15:40";"1";"16";"16366";"1";"1";"1";"6";"Lieu dit les Chardonnerets";"45,6115990";" -0,2297220"
"202000013372";"12";"9";"2020";"16:00";"1";"22";"22361";"1";"2";"1";" -1";"PONT HERY";"48,5909440";" -2,9431340"
"202000013373";"14";"9";"2020";"15:15";"1";"31";"31547";"2";"1";"1";"6";"Route de Fonsorbes";"43,5063570";"1,2990570"
"202000013374";"14";"9";"2020";"16:00";"1";"10";"10349";"1";"1";"1";"1";"D619";"48,3432010";"4,0080790"
"202000013375";"12";"9";"2020";"18:00";"2";"972";"97226";"1";"1";"1";"1";"Cap Chevalier";"14,4438140";" -60,8346480"
"202000013376";"16";"8";"2020";"14:55";"1";"972";"97227";"2";"1";"1";"7";"Quartier Trou au Diable";"14,4876120";" -60,9182400"
"202000013377";"13";"9";"2020";"19:30";"1";"29";"29266";"1";"1";"1";"6";"N12 - Saint-Thégonnec Loc-Eguiner";"48,5399380";" -3,9104030"
"202000013378";"13";"9";"2020";"16:15";"1";"59";"59022";"2";"1";"1";" -1";"Rue Henri Dhennin";"50,5260400";"3,0624200"
"202000013379";"14";"9";"2020";"09:10";"1";"65";"65272";"1";"1";"1";"2";"RD 817";"43,1999480";"0,1951900"
"202000013380";"13";"9";"2020";"19:00";"1";"22";"22185";"1";"1";"1";"1";"Les Champs Pledran";"48,3813200";" -2,3850310"
"202000013381";"13";"9";"2020";"09:00";"1";"22";"22239";"1";"1";"1";"3";".";"48,3532830";" -2,1199430"
"202000013382";"12";"9";"2020";"22:50";"3";"51";"51613";"1";"1";"1";"2";"D944";"49,1848660";"4,1613290"
"202000013383";"14";"9";"2020";"08:00";"1";"2A";"2A271";"1";"1";"1";"3";"RT 22 Caldaniccia";"41,9532990";"8,7891810"
"202000013384";"11";"9";"2020";"16:00";"1";"31";"31150";"1";"1";"1";"3";"N224";"43,6619110";"1,3551860"
"202000013385";"13";"9";"2020";"15:25";"1";"71";"71009";"2";"1";"1";"7";"D2";"47,0843480";"4,0915920"
"202000013386";"14";"9";"2020";"11:30";"1";"80";"80533";"2";"6";"1";"3";"D925";"50,0599730";"1,4089750"
"202000013387";"13";"9";"2020";"21:10";"3";"55";"55326";"1";"1";"1";"6";"Chemin de la Forestiere";"48,6622330";"5,2549090"
"202000013388";"14";"9";"2020";"09:45";"1";"29";"29086";"1";"3";"1";"6";"D33 - 186 Lieu-dit le Bot";"48,3593747";" -4,2418375"
"202000013389";"13";"9";"2020";"18:30";"3";"68";"68296";"1";"1";"1";"2";"Autoroute 35";"48,2160540";"7,4013050"
"202000013390";"14";"9";"2020";"17:30";"1";"68";"68155";"1";"1";"1";"7";"D1b";"48,1028750";"7,3029790"
"202000013391";"13";"9";"2020";"09:50";"1";"39";"39573";"1";"1";"1";"7";"Rue de Choisey";"47,0456950";"5,4902240"
"202000013392";"13";"9";"2020";"15:15";"1";"25";"25029";"1";"1";"1";"7";"D67";"47,0217100";"6,3051870"
"202000013393";"13";"9";"2020";"18:05";"1";"29";"29221";"2";"6";"1";"1";"D27 - 8 Rue de l'Europe";"48,5108230";" -4,7648640"
"202000013394";"13";"9";"2020";"12:20";"1";"29";"29235";"2";"1";"1";"7";"Boulevard Léopold Maissin";"48,3955180";" -4,4175350"
"202000013395";"13";"9";"2020";"16:35";"1";"38";"38271";"2";"1";"1";"6";"Rue de la Libération";"45,1932400";"5,8201500"
"202000013396";"14";"9";"2020";"15:40";"1";"26";"26108";"1";"9";"1";"3";"Chaufonde  - D93";"44,7310990";"5,0152920"
"202000013397";"13";"9";"2020";"20:45";"3";"72";"72161";"1";"9";"1";"7";"vieille cour";"47,7610790";"0,5654440"
"202000013398";"14";"9";"2020";"08:50";"1";"72";"72329";"1";"2";"1";" -1";"24 Rue de la Pelouse";"48,0724370";"0,3013190"
"202000013399";"12";"9";"2020";"19:20";"1";"72";"72230";"1";"1";"1";"7";"La Palisse";"47,8537820";"0,1312460"
"202000013400";"13";"9";"2020";"23:20";"3";"50";"50483";"1";"1";"1";"6";"D972";"49,1031930";" -1,1629630"
"202000013401";"10";"9";"2020";"16:15";"1";"83";"83145";"1";"1";"9";"1";"D554";"43,6084880";"5,9506520"
"202000013402";"13";"9";"2020";"20:45";"3";"60";"60441";"1";"1";"1";"3";"Rue du Bois de Lihus";"49,4023720";"2,6216980"
"202000013403";"13";"9";"2020";"15:30";"1";"60";"60206";"1";"1";"1";"7";"D142";"49,5279270";"2,8166650"
"202000013404";"13";"9";"2020";"17:30";"1";"43";"43012";"2";"1";"1";"1";"37 Route de Saint-paul";"45,3848029";"4,2247962"
"202000013405";"13";"9";"2020";"04:45";"5";"43";"43113";"2";"1";"1";"6";"Chemin du Grand Pré";"45,0021979";"4,0051633"
"202000013406";"12";"9";"2020";"13:15";"1";"43";"43092";"1";"1";"1";"6";"Route de Tence";"44,9808050";"4,2273710"
"202000013407";"12";"9";"2020";"10:05";"1";"10";"10011";"1";"1";"1";"7";"Le Moulin Rouge";"48,2519480";"4,7502780"
"202000013408";"15";"8";"2020";"08:20";"1";"16";"16106";"1";"1";"1";"6";"Lieu dit Le Petit Couividat";"46,0289580";"0,6459720"
"202000013409";"13";"9";"2020";"16:40";"1";"21";"21256";"1";"1";"1";"2";"Rue de Bourgogne";"47,3236503";"5,3081775"
"202000013410";"13";"9";"2020";"20:45";"3";"40";"40326";"1";"1";"1";"6";"1382 Route de Pichelebe";"43,9150070";" -1,3210840"
"202000013411";"11";"9";"2020";"17:15";"1";"28";"28273";"1";"2";"1";"3";"D30";"48,2102180";"1,0087250"
"202000013412";"14";"9";"2020";"11:12";"1";"23";"23016";"1";"1";"1";"6";"D941";"45,9581400";"2,0145810"
"202000013413";"13";"9";"2020";"16:30";"1";"87";"87046";"1";"4";"7";"3";"D10";"45,8251810";"1,0453370"
"202000013414";"14";"9";"2020";"14:40";"1";"30";"30004";"1";"1";"1";"7";"D1";"43,7134250";"4,2145010"
"202000013415";"13";"9";"2020";"19:00";"1";"52";"52470";"2";"3";"1";"3";"1 Grande Rue";"47,9917450";"5,7380660"
"202000013416";"14";"9";"2020";"08:40";"1";"88";"88468";"2";"3";"7";"3";"35 Avenue de Verdun";"47,8835820";"6,7578420"
"202000013417";"13";"9";"2020";"18:45";"1";"21";"21131";"1";"1";"1";"7";"A36";"47,0324520";"5,1661660"
"202000013418";"13";"9";"2020";"14:30";"1";"62";"62731";"1";"1";"1";"6";"6 Rue de Saint-quentin";"50,0848809";"3,0364269"
"202000013419";"12";"9";"2020";"23:00";"3";"987";"98740";"2";"1";"1";"6";"Quai de Ohotu - Avatoru";" -14,9719260";" -147,6344380"
"202000013420";"14";"9";"2020";"13:00";"1";"973";"97311";"2";"1";"1";"7";"Route Saint Maurice";"5,4912610";" -54,0306650"
"202000013421";"14";"9";"2020";"04:00";"3";"973";"97311";"1";"1";"1";"6";"PK11 - 1975 rte de st jean";"5,4046309";" -54,0624970"
"202000013422";"10";"9";"2020";"11:53";"1";"971";"97116";"1";"1";"1";"6";"Allee des Amandiers";"16,3511400";" -61,4557550"
"202000013423";"12";"9";"2020";"20:00";"5";"971";"97128";"1";"1";"1";"6";"Grands Fonds";"16,2627180";" -61,4253120"
"202000013424";"12";"9";"2020";"20:10";"5";"972";"97230";"2";"1";"1";"1";"Tartane";"14,7598970";" -60,9181270"
"202000013425";"13";"9";"2020";"09:30";"1";"29";"29233";"1";"1";"1";"2";"Gare de la Foret";"47,8434970";" -3,5789900"
"202000013426";"11";"9";"2020";"16:50";"1";"41";"41269";"2";"3";"1";"3";"Rue de la Tuilerie";"47,8079450";"1,0688330"
"202000013427";"13";"9";"2020";"14:10";"1";"37";"37043";"1";"1";"1";"6";"N/A";"47,5148290";"1,0516530"
"202000013428";"3";"9";"2020";"12:20";"1";"45";"45227";"1";"2";"1";"3";"D953 PR 1 + 30";"47,7189035";"2,5767506"
"202000013429";"15";"8";"2020";"14:30";"1";"84";"84004";"1";"1";"1";" -1";"Avenue-jean-henri-fabre";"44,1004070";"5,0039290"
"202000013430";"15";"8";"2020";"23:00";"3";"84";"84026";"1";"1";"1";"7";"1820, D943";"43,7506410";"5,3637960"
"202000013431";"22";"8";"2020";"18:00";"1";"83";"83107";"1";"1";"1";"1";"D559";"43,3556170";"6,7152270"
"202000013432";"11";"9";"2020";"02:30";"3";"13";"13097";"1";"1";"1";"6";"D113";"43,6390680";"4,8568260"
"202000013433";"10";"9";"2020";"11:30";"1";"71";"71453";"1";"9";"1";"7";"les têtes";"46,2476645";"4,0527548"
"202000013434";"12";"9";"2020";"07:50";"2";"38";"38537";"1";"1";"1";"1";"Rue des Alpes";"45,6286360";"5,1586070"
"202000013435";"13";"9";"2020";"09:55";"1";"26";"26059";"1";"1";"1";"6";"Route de l'Echarasson";"44,9721000";"5,3271030"
"202000013436";"12";"9";"2020";"10:35";"1";"07";"07042";"2";"9";"1";"3";"Intermarché (Carburant)";"44,3823790";"4,6416650"
"202000013437";"13";"9";"2020";"20:53";"3";"17";"17100";"1";"1";"1";"3";"D24";"45,6869450";" -0,4321570"
"202000013438";"12";"9";"2020";"08:20";"2";"29";"29179";"1";"1";"1";"6";"6 Lieu-dit Kerfelgar";"48,5198853";" -4,3092629"
"202000013439";"14";"9";"2020";"12:40";"1";"80";"80002";"1";"1";"1";"2";"A1";"49,8350990";"2,8291590"
"202000013440";"14";"9";"2020";"08:45";"1";"80";"80186";"1";"1";"1";"2";"A1";"49,8063630";"2,8150750"
"202000013441";"13";"9";"2020";"18:45";"1";"13";"13215";"1";"1";"1";"3";"A7-Sens Lyon vers Marseille";"43,3629105";"5,3608507"
"202000013442";"13";"9";"2020";"18:20";"1";"13";"13215";"1";"1";"1";"2";"A7-Sens Lyon vers Marseille";"43,3596550";"5,3619860"
"202000013443";"12";"2";"2020";"21:15";"3";"13";"13215";"1";"1";"1";"3";"A7-Sens Lyon vers Marseille";"43,3641200";"5,3610800"
"202000013444";"12";"9";"2020";"19:50";"2";"13";"13214";"1";"1";"1";"6";"A7-Sens Lyon vers Marseille";"43,3303000";"5,3777000"
"202000013445";"11";"9";"2020";"17:00";"1";"13";"13106";"1";"1";"1";"2";"A7-Sens Lyon vers Marseille";"43,3941900";"5,3509500"
"202000013446";"13";"9";"2020";"18:20";"1";"91";"91659";"1";"1";"1";"5";"AUTOROUTE A6";"48,5917800";"2,4451600"
"202000013447";"13";"9";"2020";"03:00";"3";"91";"91659";"1";"1";"1";"2";"AUTOROUTE A6";"48,5891900";"2,4479400"
"202000013448";"13";"9";"2020";"15:40";"1";"92";"92036";"1";"1";"1";"2";"A86";"48,9360068";"2,2884313"
"202000013449";"13";"9";"2020";"00:30";"3";"78";"78297";"1";"1";"1";"6";"RN12";"48,7877500";"2,0655800"
"202000013450";"12";"9";"2020";"16:49";"1";"78";"78073";"1";"1";"1";"2";"N12Y";"48,7986980";"2,0028400"
"202000013451";"13";"9";"2020";"18:10";"1";"93";"93008";"1";"1";"1";" -1";"AUTOROUTE A86";"48,9085900";"2,4503300"
"202000013452";"13";"9";"2020";"16:00";"1";"93";"93053";"1";"1";"1";"2";"AUTOROUTE A3";"48,8950400";"2,4712100"
"202000013453";"13";"9";"2020";"15:50";"1";"93";"93066";"1";"1";"1";"4";"AUTOROUTE A1";"48,9193600";"2,3575300"
"202000013454";"13";"9";"2020";"13:35";"1";"93";"93007";"1";"1";"1";"2";"AUTOROUTE A1";"48,9549300";"2,4573100"
"202000013455";"13";"9";"2020";"08:30";"1";"93";"93053";"1";"1";"1";"6";"AUTOROUTE A3";"48,8838100";"2,4667400"
"202000013456";"13";"9";"2020";"09:10";"1";"95";"95212";"1";"1";"1";"2";"A1";"49,0259300";"2,5364700"
"202000013457";"12";"9";"2020";"21:00";"3";"93";"93039";"1";"1";"1";"5";"AUTOROUTE A86";"48,9274700";"2,3335400"
"202000013458";"13";"9";"2020";"17:35";"1";"94";"94044";"1";"1";"1";"6";"RN406.Y";"48,7635558";"2,4647593"
"202000013459";"13";"9";"2020";"12:20";"1";"94";"94069";"1";"1";"1";"2";"A4";"48,8173718";"2,4349508"
"202000013460";"13";"9";"2020";"09:25";"1";"94";"94046";"1";"1";"1";"2";"A86 EXT";"48,8052060";"2,4488296"
"202000013461";"12";"9";"2020";"20:30";"3";"94";"94046";"1";"1";"1";"2";"A86 EXT";"48,8118278";"2,4491292"
"202000013462";"12";"9";"2020";"20:15";"3";"94";"94017";"1";"1";"1";"4";"A86.INT";"48,8297175";"2,4830468"
"202000013463";"12";"9";"2020";"21:10";"3";"974";"97416";"1";"1";"1";"6";"ANCIENNE RN 1";" -21,3222500";"55,4448400"
"202000013464";"12";"9";"2020";"16:25";"1";"974";"97409";"2";"1";"1";"2";"Chemin Lagourgue";" -20,9442310";"55,6669200"
"202000013465";"12";"9";"2020";"09:15";"1";"973";"97302";"2";"1";"1";"7";"ZEPHIR (ROCADE)";"4,9375613";" -52,3067159"
"202000013466";"11";"9";"2020";"21:46";"4";"973";"97302";"1";"1";"1";" -1";"ROUTE NATIONALE 3";"4,9052289";" -52,3198128"
"202000013467";"12";"9";"2020";"22:52";"5";"69";"69383";"2";"3";"1";"3";"DOCTEUR LONG (DU)                   (CO)";"45,7510000";"4,8891000"
"202000013468";"12";"9";"2020";"09:10";"1";"69";"69386";"2";"2";"1";"1";"BROTTEAUX (DES)                     (BD)";"45,7691421";"4,8570241"
"202000013469";"12";"9";"2020";"05:10";"4";"69";"69383";"2";"1";"1";"6";"VICTOR AUGAGNEUR                    (QU)";"45,7615124";"4,8411930"
"202000013470";"11";"9";"2020";"07:50";"1";"69";"69388";"2";"2";"1";"3";"ST MAURICE                          (R )";"45,7418900";"4,8669400"
"202000013471";"12";"9";"2020";"04:00";"5";"972";"97209";"2";"1";"1";"6";"CASE (RUE DE LA)";"14,6081800";" -61,0612700"
"202000013472";"12";"9";"2020";"18:25";"1";"69";"69034";"2";"1";"1";"3";"MARGNOLLES (DE)                     (R )";"45,7887800";"4,8447700"
"202000013473";"10";"9";"2020";"11:30";"1";"95";"95680";"2";"2";"1";"6";"REPUBLIQUE (RUE DE LA)";"49,0015728";"2,3847218"
"202000013474";"11";"9";"2020";"20:10";"2";"91";"91027";"2";"3";"1";"7";"DIX HUIT AVRIL (AVENUE DU)";"48,7024390";"2,3878690"
"202000013475";"12";"9";"2020";"09:20";"1";"82";"82121";"2";"6";"1";"3";"ITALIE (AVENUE D')";"43,9824539";"1,3308665"
"202000013476";"16";"6";"2020";"09:30";"1";"73";"73089";"1";"1";"1";"6";"A43";"45,5325101";"6,1254528"
"202000013477";"15";"6";"2020";"07:04";"1";"01";"01067";"1";"1";"1";"2";"A40";"46,1274010";"5,5014150"
"202000013478";"15";"6";"2020";"04:47";"3";"86";"86116";"1";"1";"3";"6";"Autoroute A10";"46,4809600";"0,0669050"
"202000013479";"16";"6";"2020";"20:45";"5";"971";"97103";"1";"1";"2";"4";"N1";"16,2540550";" -61,5715300"
"202000013480";"16";"6";"2020";"17:00";"1";"45";"45316";"1";"1";"1";"2";"rd2060 - pk 58+300";"47,9470420";"2,3684980"
"202000013481";"24";"5";"2020";"19:00";"1";"95";"95651";"2";"1";"1";"2";"30 Avenue des Millonets";"49,0639130";"1,7096830"
"202000013482";"12";"6";"2020";"13:20";"1";"57";"57507";"1";"2";"1";"5";"D73";"49,1580460";"6,5590630"
"202000013483";"14";"6";"2020";"14:20";"1";"73";"73178";"1";"1";"1";"3";"D911";"45,6944970";"6,1272810"
"202000013484";"17";"6";"2020";"09:30";"1";"73";"73329";"1";"6";"2";"3";"Rue de la Francon/ D1504";"45,6163252";"5,8846138"
"202000013485";"16";"6";"2020";"16:50";"1";"09";"09236";"1";"1";"2";"1";"Sentier de Lassalle a Beziou";"42,9323270";"1,6182090"
"202000013486";"18";"5";"2020";"11:00";"1";"60";"60009";"1";"6";"1";"2";"RN31";"49,4004110";"2,1309830"
"202000013487";"15";"6";"2020";"19:45";"1";"13";"13055";"1";"1";"1";"4";"A507 sens Marseille - Aubagne";"43,3298400";"5,4067000"
"202000013488";"15";"6";"2020";"16:25";"1";"13";"13215";"1";"1";"1";"4";"A7-Sens Marseille vers Lyon";"43,3493000";"5,3697000"
"202000013489";"15";"6";"2020";"13:35";"1";"13";"13028";"1";"1";"1";"2";"A50-Sens Toulon vers Aubagne";"43,2084060";"5,5854750"
"202000013490";"21";"2";"2020";"10:00";"1";"69";"69297";"1";"1";"1";"3";"A46S   61.220 A 62.000";"45,5895000";"4,8064200"
"202000013491";"16";"6";"2020";"16:10";"1";"33";"33013";"1";"1";"1";"3";"ROUTE NATIONALE 230";"44,8528300";" -0,5050900"
"202000013492";"16";"6";"2020";"08:33";"1";"91";"91589";"1";"1";"1";"5";"AUTOROUTE A6";"48,6820000";"2,3301000"
"202000013493";"15";"6";"2020";"21:55";"2";"91";"91689";"1";"1";"1";"3";"AUTOROUTE A6";"48,7323200";"2,3156500"
"202000013494";"16";"6";"2020";"00:54";"4";"92";"92025";"1";"1";"1";"6";"A86";"48,9279000";"2,2379000"
"202000013495";"16";"6";"2020";"00:35";"1";"78";"78029";"1";"1";"1";" -1";"A12 Y";"48,9677520";"1,8569810"
"202000013496";"14";"6";"2020";"04:15";"3";"95";"95306";"1";"1";"1";"2";"A15";"49,0102700";"2,1549100"