"Num_Acc";"jour";"mois";"an";"hrmn";"lum";"dep";"com";"agg";"int";"atm";"col";"adr";"lat";"long"
"202000013690";"15";"8";"2020";"05:40";"5";"13";"13208";"2";"1";"1";"3";"HAMBOURG (BOULEVARD)";"43,2481000";"5,3920800"
"202000013691";"14";"8";"2020";"19:55";"1";"06";"06027";"2";"1";"1";"3";"PLAGE BOULEVARD DE LA";"43,6566170";"7,1780570"
"202000013692";"15";"8";"2020";"08:13";"1";"03";"03185";"2";"2";"1";"3";"Avenue Marx Dormoy";"46,3386553";"2,5991098"
"202000013693";"15";"8";"2020";"05:45";"3";"01";"01344";"1";"3";"1";"6";"TREVOUX (AVENUE DE)";"46,1983000";"5,1756000"
"202000013694";"14";"8";"2020";"19:30";"1";"75";"75119";"2";"1";"1";"4";"BOULEVARD PERIPHERIQUE";"48,9004950";"2,3738460"
"202000013695";"15";"8";"2020";"00:54";"5";"75";"75105";"2";"1";"1";"6";"RUE BROCA";"48,8376660";"2,3473350"
"202000013696";"14";"8";"2020";"09:05";"1";"75";"75112";"2";"2";"1";"2";"BOULEVARD DIDEROT";"48,8480330";"2,3928370"
"202000013697";"15";"8";"2020";"21:00";"3";"75";"75111";"2";"2";"1";"3";"BOULEVARD VOLTAIRE";"48,8546960";"2,3853210"
"202000013698";"14";"8";"2020";"19:05";"1";"94";"94041";"2";"1";"8";"3";"PAUL VAILLANT COUTURIER (BD)";"48,8174140";"2,3987440"
"202000013699";"14";"8";"2020";"23:00";"5";"94";"94022";"2";"1";"1";"6";"NEWBURN (AV DE)";"48,7544520";"2,4120580"
"202000013700";"15";"8";"2020";"22:30";"5";"94";"94017";"2";"1";"1";"1";"ROGER SALENGRO (AV)";"48,8185470";"2,4909750"
"202000013701";"15";"8";"2020";"14:45";"1";"93";"93059";"2";"1";"1";"6";"PARIS (RUE DE)";"48,9654568";"2,3606683"
"202000013702";"15";"8";"2020";"14:25";"1";"93";"93062";"2";"2";"1";"3";"AV DE LA RESISTANCE / ALL NICOLAS CARNOT";"48,8927000";"2,5128500"
"202000013703";"15";"8";"2020";"18:00";"1";"93";"93051";"2";"3";"1";"3";"DOCTEUR VAILLANT";"48,8379000";"2,5666000"
"202000013704";"15";"8";"2020";"19:30";"1";"93";"93048";"2";"1";"1";"6";"rue Adrienne MAIRE intersection allée Eugénie COTTON";"48,8653476";"2,4293143"
"202000013705";"13";"8";"2020";"21:50";"5";"93";"93005";"2";"1";"2";"2";"MARC CHAGALL (BOULEVARD)";"48,9523052";"2,4952455"
"202000013706";"15";"8";"2020";"09:45";"1";"92";"92048";"1";"1";"1";"6";"MAL DE LATTRE DE TASSIGNY (AVENUE)";"48,7846495";"2,2264454"
"202000013707";"15";"8";"2020";"02:10";"3";"13";"13216";"1";"1";"1";"1";"A55-Sens Marseille vers Martigues";"43,3530880";"5,3485510"
"202000013708";"15";"8";"2020";"18:30";"1";"94";"94038";"1";"1";"1";"7";"AUTOROUTE A6A";"48,7753800";"2,3459000"
"202000013709";"15";"8";"2020";"07:30";"1";"91";"91235";"1";"1";"1";"6";"RN 104";"48,6243000";"2,3664000"
"202000013710";"15";"8";"2020";"04:13";"3";"91";"91312";"1";"1";"1";"2";"RD 444";"48,7454800";"2,2208000"
"202000013711";"15";"8";"2020";"14:30";"1";"95";"95277";"1";"1";"1";"2";"RD 170 ";"48,9770300";"2,4742200"
"202000013712";"14";"8";"2020";"19:30";"1";"93";"93007";"1";"1";"1";"3";"AUTOROUTE A1";"48,9520600";"2,4519500"
"202000013713";"15";"8";"2020";"00:20";"5";"75";"75112";"1";"1";"1";"6";"A4";"48,8218560";"2,4625350"
"202000013714";"14";"8";"2020";"14:00";"1";"988";"98818";"2";"3";"1";"3";"RUE AUGUSTE BOURGINE/ RUE DU MARECHAL LECLERC";" -22,2818700";"166,4470200"
"202000013715";"14";"8";"2020";"19:00";"5";"974";"97411";"2";"3";"1";"3";"OCEAN (BOULEVARD DE L')";" -20,8815000";"55,4570000"
"202000013716";"14";"8";"2020";"11:00";"1";"974";"97411";"1";"1";"1";"7";"MONTAGNE (ROUTE DE LA)";" -20,8885700";"55,4400700"
"202000013717";"14";"8";"2020";"22:55";"5";"974";"97407";"2";"1";"1";"6";"TAMATAVE (BOULEVARD)";" -20,9331200";"55,3022900"
"202000013718";"14";"8";"2020";"18:30";"1";"69";"69388";"2";"3";"1";"3";"JEAN MERMOZ                         (AV)";"45,7338600";"4,8775400"
"202000013719";"13";"8";"2020";"00:45";"4";"972";"97213";"1";"1";"1";"2";"AUTOROUTE A1";"14,6170009";" -61,0163498"
"202000013720";"14";"8";"2020";"03:05";"5";"972";"97209";"1";"9";"1";"6";"REDOUTE (ROUTE DE LA)";"14,6254100";" -61,0605200"
"202000013721";"13";"8";"2020";"14:15";"1";"972";"97209";"1";"1";"1";"2";"RD 41 (ROCADE)";"14,6130000";" -61,0700000"
"202000013722";"14";"8";"2020";"17:15";"1";"69";"69034";"2";"3";"1";"1";"GEORGES CLEMENCEAU                  (QU)";"45,7960500";"4,8317800"
"202000013723";"13";"8";"2020";"20:40";"5";"69";"69382";"2";"3";"1";"2";"CELESTINS (DES)                     (QU)";"45,7612500";"4,8314300"
"202000013724";"15";"8";"2020";"00:28";"5";"2B";"2B033";"2";"9";"1";"3";"SAMPIERO CORSO - AV";"42,6700640";"9,4433200"
"202000013725";"14";"8";"2020";"01:40";"5";"2B";"2B033";"2";"1";"1";" -1";"11 - RT";"42,6861000";"9,4462000"
"202000013726";"14";"8";"2020";"13:23";"1";"971";"97101";"2";"7";"1";"3";"Frédéric JALTON";"16,2707000";" -61,5053300"
"202000013727";"13";"8";"2020";"17:05";"1";"971";"97101";"2";"4";"1";"3";"BESSON";"16,2386100";" -61,5085600"
"202000013728";"14";"8";"2020";"18:34";"1";"95";"95277";"2";"1";"2";"1";"CHOBERT FELIX (RUE)";"48,9973000";"2,4202000"
"202000013729";"13";"8";"2020";"20:55";"5";"95";"95555";"2";"1";"1";"6";"ALBRECHT (RUE BERTHIE)";"48,9671590";"2,2844220"
"202000013730";"13";"8";"2020";"16:40";"1";"87";"87085";"2";"2";"8";"3";"JOURDAN (PLACE)";"45,8322500";"1,2646600"
"202000013731";"13";"8";"2020";"18:25";"1";"83";"83034";"2";"9";"1";"3";"AVENUE DE FONT BRUN";"43,0885000";"6,0708000"
"202000013732";"14";"8";"2020";"10:38";"1";"76";"76351";"2";"1";"1";"6";"PIERRE GUILLAUME PETIT";"49,5184200";"0,0968800"
"202000013733";"10";"8";"2020";"14:30";"1";"73";"73011";"1";"9";"1";"6";"FORET (CHEMIN DE LA)";"45,6594300";"6,4145350"
"202000013734";"14";"8";"2020";"18:00";"1";"69";"69266";"2";"6";"1";"3";"FRANCIS DE PRESSENSE    (Rue)";"45,7718300";"4,8697300"
"202000013735";"12";"8";"2020";"19:00";"1";"67";"67482";"2";"8";"8";"3";"AMELIE DE BERCKHEIM (RUE)";"48,6020380";"7,7851600"
"202000013736";"14";"8";"2020";"10:25";"1";"66";"66136";"2";"1";"1";"1";"GILLES (AVENUE GENERAL)";"42,6958500";"2,9198400"
"202000013737";"13";"8";"2020";"14:15";"1";"66";"66136";"2";"1";"1";"2";"R D 900";"42,6667883";"2,8840954"
"202000013738";"13";"8";"2020";"16:20";"1";"66";"66136";"2";"3";"2";"3";"JULIEN PANCHOT (AVENUE)";"42,6853600";"2,8673900"
"202000013739";"13";"8";"2020";"12:45";"1";"64";"64483";"2";"1";"1";"3";"ITHURRALDE ANDRE (AVENUE)";"43,3972300";" -1,6442600"
"202000013740";"15";"8";"2020";"03:25";"5";"64";"64122";"2";"1";"1";"6";"MILADY (AVENUE DE LA)";"43,4650263";" -1,5715586"
"202000013741";"14";"8";"2020";"19:50";"1";"64";"64122";"2";"1";"1";"3";"BAB(BOULEVARD)";"43,4781700";" -1,5441900"
"202000013742";"14";"8";"2020";"07:00";"1";"64";"64024";"2";"6";"1";"7";"BUTTE AUX CAILLES (ROND POINT DE LA)";"43,4971600";" -1,5085900"
"202000013743";"13";"8";"2020";"22:00";"5";"64";"64024";"2";"6";"1";"3";"LACROIX (ROND POINT DOCTEUR)";"43,4777490";" -1,5237269"
"202000013744";"12";"8";"2020";"13:00";"1";"64";"64024";"2";"1";"1";"7";"BAYONNE (AVENUE DE)";"43,4829400";" -1,5038800"
"202000013745";"12";"8";"2020";"13:55";"1";"64";"64024";"2";"3";"1";"3";"ARITXAGUE (ROUTE D')";"43,4753000";" -1,4933900"
"202000013746";"13";"8";"2020";"06:05";"5";"63";"63124";"2";"3";"1";"3";"Av Gare/Roberty";"45,7385100";"3,1824200"
"202000013747";"13";"8";"2020";"14:05";"1";"56";"56083";"2";"1";"1";" -1";"RESISTANCE (AVENUE  DE LA )";"47,8208100";" -3,2442400"
"202000013748";"12";"8";"2020";"11:19";"1";"54";"54431";"2";"6";"1";"3";"RD958a";"48,8926812";"6,0519337"
"202000013749";"12";"8";"2020";"22:05";"5";"50";"50129";"2";"2";"3";"3";"JAURES (PLACE JEAN)";"49,6338100";" -1,6223600"
"202000013750";"12";"8";"2020";"15:45";"1";"50";"50173";"1";"1";"8";"3";"SALINE (BOULEVARD DE LA)";"49,6577900";" -1,6625500"
"202000013751";"13";"8";"2020";"15:36";"1";"49";"49007";"2";"1";"1";"2";"TOUR DES ANGLAIS";"47,4789400";" -0,5556200"
"202000013752";"14";"8";"2020";"14:20";"1";"45";"45208";"2";"3";"1";"3";"Avenue du Général de Gaulle";"48,0045000";"2,7373000"
"202000013753";"13";"8";"2020";"12:45";"1";"41";"41018";"2";"1";"2";"7";"ROBERT NAU (ROND POINT)";"47,6145400";"1,3343300"
"202000013754";"14";"8";"2020";"08:45";"1";"38";"38185";"2";"1";"1";"1";"Rue du 19 Mars 1962";"45,1886800";"5,7442100"
"202000013755";"14";"8";"2020";"18:48";"1";"37";"37261";"2";"1";"1";" -1";"LOIRE (ALLEE DE LA)";"47,4010979";"0,6998000"
"202000013756";"14";"8";"2020";"18:55";"1";"37";"37261";"1";"1";"1";" -1";"ALOUETTE (AVENUE)";"47,3625144";"0,6959199"
"202000013757";"14";"8";"2020";"16:57";"1";"37";"37261";"2";"1";"1";"6";"TANNEURS (RUE DES)";"47,3957090";"0,6792434"
"202000013758";"14";"8";"2020";"23:35";"5";"35";"35238";"2";"1";"1";"4";"3 Avenue Henri Fréville";"48,0933600";" -1,6741000"
"202000013759";"13";"8";"2020";"16:00";"1";"35";"35278";"1";"1";"1";"6";"Route de Saint-Malo";"48,1380400";" -1,6961400"
"202000013760";"14";"8";"2020";"13:15";"1";"33";"33249";"2";"1";"1";"2";"QUAI CARRIET";"44,8841300";" -0,5302700"
"202000013761";"14";"8";"2020";"08:50";"1";"33";"33318";"2";"6";"1";"2";"AVE GUSTAVE EIFFEL";"44,7817100";" -0,6499800"
"202000013762";"14";"8";"2020";"16:20";"1";"33";"33529";"1";"6";"1";"2";"BISCAROSSE (AVE DE) JUSQU'A DUNE";"44,5976500";" -1,1964200"
"202000013763";"14";"8";"2020";"11:55";"1";"33";"33529";"2";"3";"1";"7";"PYLA (BD DU)";"44,6335100";" -1,1621200"
"202000013764";"14";"8";"2020";"09:05";"1";"33";"33009";"2";"4";"1";"3";"PLAGE (BD DE LA) DU 01 AU 53";"44,6563300";" -1,1472200"
"202000013765";"14";"8";"2020";"18:52";"1";"32";"32013";"2";"1";"1";"1";"ROUGET DE LISLE";"43,6477000";"0,5923500"
"202000013766";"13";"8";"2020";"06:00";"5";"31";"31149";"2";"6";"1";"3";"Rond Point fontaine lumineuse";"43,6092600";"1,3526900"
"202000013767";"14";"8";"2020";"16:00";"1";"29";"29232";"2";"1";"1";"2";"Rue Henri de Bournazel";"48,0014038";" -4,1063843"
"202000013768";"13";"8";"2020";"15:30";"1";"29";"29232";"2";"9";"8";"3";"D783 - Rond point Philippe Lebon";"47,9946400";" -4,0731500"
"202000013769";"14";"8";"2020";"17:00";"1";"29";"29019";"2";"1";"1";"6";"Rue Charles Péguy";"48,4018889";" -4,4882070"
"202000013770";"14";"8";"2020";"19:05";"1";"25";"25462";"2";"3";"1";"3";"BAUMONT";"46,8974000";"6,3468600"
"202000013771";"6";"8";"2020";"12:35";"1";"22";"22278";"2";"3";"1";"2";"RAHUEL (DOCTEUR)";"48,5064200";" -2,7477800"
"202000013772";"13";"8";"2020";"18:28";"1";"17";"17300";"2";"1";"2";" -1";"PRUNIER   QUAI LOUIS";"46,1530600";" -1,1500000"
"202000013773";"14";"8";"2020";"09:45";"1";"15";"15012";"1";"1";"1";"6";"CABRIERES (ROUTE DE)";"44,8771100";"2,4065000"
"202000013774";"14";"8";"2020";"21:10";"5";"13";"13213";"2";"1";"1";"3";"OLIVES (AVENUE DES)";"43,3260265";"5,4398717"
"202000013775";"14";"8";"2020";"13:30";"1";"13";"13210";"2";"1";"1";"2";"MAURIAC (RUE)";"43,2740000";"5,4191000"
"202000013776";"14";"8";"2020";"10:55";"1";"13";"13210";"2";"1";"1";"2";"TOULON (AVENUE DE)";"43,2834220";"5,3971370"
"202000013777";"13";"8";"2020";"09:45";"1";"13";"13063";"2";"1";"1";"1";"PERONNE CHEMIN DE LA";"43,5833000";"4,9949000"
"202000013778";"14";"8";"2020";"12:45";"1";"13";"13001";"2";"1";"1";"6";"MOULIN JEAN  (AV)";"43,5379030";"5,4571460"
"202000013779";"12";"8";"2020";"14:25";"1";"11";"11262";"2";"2";"1";"3";"RUE DEMOGE";"43,1790900";"3,0313800"
"202000013780";"11";"8";"2020";"10:40";"1";"11";"11262";"2";"1";"1";"4";"PERPIGNAN (RUE DE L'ANCIENNE PORTE)";"43,1496000";"2,9783000"
"202000013781";"14";"8";"2020";"15:50";"1";"06";"06159";"2";"3";"1";"1";"MARECHAL FOCH (AVENUE)";"43,7014500";"7,3066300"
"202000013782";"14";"8";"2020";"15:00";"1";"06";"06069";"2";"1";"1";"3";"LECLERC (BOULEVARD DU MARECHAL)";"43,6505800";"6,9213800"
"202000013783";"14";"8";"2020";"17:40";"1";"06";"06027";"2";"1";"1";"6";"STATION AVENUE DE LA";"43,6599060";"7,1672800"
"202000013784";"13";"8";"2020";"15:40";"1";"06";"06123";"1";"1";"1";"2";"CURIE PIERRE ET MARIE AVENUE";"43,6950000";"7,1846720"
"202000013785";"11";"8";"2020";"12:14";"1";"03";"03185";"2";"9";"1";"6";"Avenue des Guineberts";"46,3369355";"2,5873597"
"202000013786";"14";"8";"2020";"14:15";"1";"75";"75113";"2";"2";"1";"3";"RUE DE TOLBIAC";"48,8259370";"2,3451800"
"202000013787";"13";"8";"2020";"19:10";"1";"75";"75120";"2";"1";"1";"4";"BOULEVARD MORTIER";"48,8673120";"2,4088470"
"202000013788";"14";"8";"2020";"19:50";"1";"75";"75106";"2";"5";"1";"3";"RUE DE VAUGIRARD";"48,8450960";"2,3201150"
"202000013789";"14";"8";"2020";"18:00";"1";"75";"75120";"2";"1";"2";"2";"BOULEVARD DAVOUT";"48,8623390";"2,4089380"
"202000013790";"14";"8";"2020";"10:20";"1";"75";"75119";"2";"1";"1";"3";"RUE DE CRIMEE";"48,8784190";"2,3908230"
"202000013791";"13";"8";"2020";"11:10";"1";"75";"75116";"2";"2";"1";"7";"AVENUE VICTOR HUGO";"48,8729720";"2,2931310"
"202000013792";"12";"8";"2020";"23:00";"4";"75";"75113";"2";"4";"1";"2";"RUE BRUNESEAU";"48,8244160";"2,3845380"
"202000013793";"12";"8";"2020";"20:10";"1";"75";"75115";"2";"3";"8";"2";"RUE CAMBRONNE";"48,8453760";"2,3020690"
"202000013794";"14";"8";"2020";"17:35";"1";"75";"75113";"2";"4";"8";"3";"BOULEVARD MASSENA";"48,8227570";"2,3731100"
"202000013795";"13";"8";"2020";"08:15";"1";"75";"75112";"2";"1";"1";"4";"QUAI DE BERCY";"48,8342810";"2,3817730"
"202000013796";"14";"8";"2020";"09:45";"1";"75";"75110";"2";"3";"1";"3";"RUE DU HUIT MAI 1945";"48,8761580";"2,3583130"
"202000013797";"13";"8";"2020";"13:20";"1";"75";"75110";"2";"4";"1";"3";"RUE DU FAUBOURG SAINT MARTIN";"48,8788610";"2,3623020"
"202000013798";"14";"8";"2020";"18:20";"1";"75";"75107";"2";"2";"1";"3";"RUE DUROC";"48,8476900";"2,3133520"
"202000013799";"14";"8";"2020";"13:10";"1";"75";"75104";"2";"3";"1";"7";"RUE SAINT ANTOINE";"48,8533840";"2,3676490"
"202000013800";"13";"8";"2020";"19:30";"1";"94";"94076";"2";"1";"1";"2";"MAXIME GORKI (BD)";"48,7963600";"2,3679300"
"202000013801";"13";"8";"2020";"21:40";"5";"94";"94018";"2";"2";"2";"3";"PARIS (R DE)";"48,8258970";"2,4069130"
"202000013802";"13";"8";"2020";"14:34";"1";"94";"94071";"2";"1";"1";"7";"GAMBETTA (R)";"48,7780400";"2,5150000"
"202000013803";"14";"8";"2020";"15:30";"1";"93";"93066";"2";"9";"1";"3";"GORKI MAXIME";"48,9433300";"2,3871900"
"202000013804";"14";"8";"2020";"01:00";"5";"93";"93077";"2";"3";"2";"2";"RAINCY (AVENUE DU)";"48,8881540";"2,5100750"
"202000013805";"14";"8";"2020";"17:30";"1";"93";"93053";"2";"2";"1";"3";"ROSNY (AVENUE DE) N° 53 A 243";"48,9038400";"2,4705500"
"202000013806";"13";"8";"2020";"08:20";"1";"93";"93063";"2";"1";"1";"2";"AV DE VERDUN";"48,8829100";"2,4357000"
"202000013807";"14";"8";"2020";"19:30";"1";"93";"93066";"2";"1";"1";"3";"""STALINGRAD (AVENUE), NR 88 A 114 BIS""";"48,9472224";"2,3729497"
"202000013808";"14";"8";"2020";"21:00";"5";"93";"93010";"2";"2";"1";"3";"VARAGNAT (AVENUE HENRI)";"48,9121468";"2,4813995"
"202000013809";"14";"8";"2020";"16:15";"1";"93";"93010";"2";"1";"1";"6";"GUESDES (RUE JULES)";"48,9035779";"2,4774870"
"202000013810";"14";"8";"2020";"15:43";"1";"93";"93001";"2";"1";"1";"6";"VICTOR HUGO (AVE)  => N° 129";"48,9093141";"2,3783164"
"202000013811";"14";"8";"2020";"20:57";"1";"92";"92073";"2";"1";"1";"2";"PONT DE SURESNES";"48,8672486";"2,2282076"
"202000013812";"14";"8";"2020";"19:55";"1";"92";"92051";"2";"1";"1";"6";"CHARLES DE GAULLE (AVENUE,N°118 A 192 +";"48,8841550";"2,2631700"
"202000013813";"13";"8";"2020";"20:15";"2";"92";"92036";"2";"1";"2";"2";"JEAN JAURES (RUE) (35/+)";"48,9276472";"2,2948202"
"202000013814";"13";"8";"2020";"18:40";"1";"92";"92004";"2";"1";"1";"3";"MOURINOUX ( RUE DES )";"48,9305236";"2,2752721"
"202000013815";"3";"8";"2020";"23:15";"3";"95";"95313";"1";"1";"1";"7";"Rue Louvet";"49,1046900";"2,2463820"
"202000013816";"14";"8";"2020";"16:30";"1";"11";"11018";"1";"1";"1";"4";"A61";"43,2191260";"2,2159870"
"202000013817";"14";"8";"2020";"18:35";"1";"41";"41128";"1";"1";"1";" -1";"D924";"47,6743000";"1,3285290"
"202000013818";"12";"8";"2020";"14:57";"1";"10";"10307";"1";"1";"1";"7";"D53";"48,2429070";"3,9454330"
"202000013819";"15";"8";"2020";"03:00";"4";"974";"97422";"1";"1";"2";"6";"75 Chemin Jean Baptiste Huet";" -21,2832880";"55,5349090"
"202000013820";"15";"8";"2020";"09:10";"1";"29";"29189";"1";"1";"1";"6";"RN 165";"48,3836610";" -4,3659710"
"202000013821";"14";"8";"2020";"23:30";"5";"974";"97414";"2";"1";"1";"6";"Rue François de Mahy";" -21,2904600";"55,4132800"
"202000013822";"14";"8";"2020";"10:30";"1";"65";"65265";"1";"1";"1";"6";"D21 Route du Lac";"43,2308890";"0,1863050"
"202000013823";"14";"8";"2020";"21:30";"3";"44";"44193";"1";"1";"1";"2";"champ etienne";"47,6574400";" -1,5049610"
"202000013824";"11";"8";"2020";"11:45";"1";"34";"34199";"1";"1";"1";"6";"A75";"43,4487440";"3,4270480"
"202000013825";"13";"8";"2020";"06:30";"2";"74";"74171";"2";"1";"1";"3";"Route départementale 1005";"46,3208820";"6,3382960"
"202000013826";"14";"8";"2020";"21:45";"2";"83";"83092";"2";"1";"1";"1";"Rue des Maisons Neuves";"43,3017940";"6,2328800"
"202000013827";"10";"8";"2020";"20:15";"1";"56";"56136";"1";"1";"1";"7";"Le Petit Chêne";"47,9004910";" -2,2008280"
"202000013828";"14";"8";"2020";"23:35";"3";"74";"74273";"2";"1";"1";"6";"lieu dit le perret";"46,0595110";"6,7455250"
"202000013829";"15";"8";"2020";"17:40";"1";"2B";"2B049";"1";"1";"1";"7";"A Flatta (Hôtel)";"42,5034270";"8,8718890"
"202000013830";"14";"8";"2020";"09:20";"1";"33";"33466";"2";"1";"1";"3";"44 Route de l'Entre 2 Mers";"44,8222960";" -0,2912720"
"202000013831";"14";"8";"2020";"17:20";"1";"32";"32391";"1";"1";"1";"7";"Laliboy";"43,9955310";"0,5683170"
"202000013832";"14";"8";"2020";"17:15";"1";"89";"89420";"1";"1";"1";"1";"D1";"47,5439169";"3,1471109"
"202000013833";"14";"8";"2020";"19:30";"1";"55";"55400";"1";"1";"1";"6";"D153";"49,1465420";"5,7282970"
"202000013834";"15";"8";"2020";"18:35";"1";"34";"34126";"1";"1";"1";"1";"D908";"43,5909440";"3,1019210"
"202000013835";"14";"8";"2020";"19:45";"1";"22";"22194";"2";"3";"1";"3";"7 Rue de Pont Menou";"48,6604659";" -3,6322987"
"202000013836";"12";"8";"2020";"18:05";"1";"44";"44079";"1";"2";"1";"2";"Rue André Ripoche";"47,1961210";" -1,3466300"
"202000013837";"14";"8";"2020";"22:25";"5";"44";"44082";"2";"6";"1";"6";"D9";"47,4125490";" -1,3724920"
"202000013838";"15";"8";"2020";"00:40";"3";"35";"35023";"1";"2";"1";"3";"Tournebride";"48,2083290";" -1,9414110"
"202000013839";"15";"8";"2020";"16:30";"1";"31";"31390";"2";"1";"1";"6";"Place de l'Orme";"43,0843460";"0,5741970"
"202000013840";"14";"8";"2020";"22:40";"5";"31";"31107";"2";"1";"1";"3";"55 Avenue Etienne Prosjean";"43,3040950";"1,2294260"
"202000013841";"15";"8";"2020";"17:45";"1";"02";"02286";"1";"1";"7";"6";"6 Route du Pré Cailloux";"49,9826200";"3,7245150"
"202000013842";"15";"8";"2020";"10:00";"1";"01";"01100";"1";"1";"1";"6";"D1504";"45,8204110";"5,6226180"
"202000013843";"14";"8";"2020";"10:25";"1";"70";"70463";"1";"1";"3";"7";"RD 173";"47,5117660";"5,8539100"
"202000013844";"14";"8";"2020";"16:00";"1";"05";"05084";"1";"3";"1";"3";"intersection RD942/RN94";"44,5591630";"6,2206650"
"202000013845";"14";"8";"2020";"19:15";"1";"50";"50003";"2";"2";"1";"3";"1 Avenue de la Mer";"49,0436950";" -1,5962360"
"202000013846";"14";"8";"2020";"19:15";"1";"50";"50297";"2";"1";"8";"6";"Place du Pont";"49,1639930";" -1,1269260"
"202000013847";"14";"8";"2020";"22:00";"3";"60";"60039";"1";"1";"1";"7";"45 Rue de Montdidier";"49,6305090";"2,3946631"
"202000013848";"15";"8";"2020";"01:00";"3";"04";"04172";"1";"1";"1";"7";"RD 952";"43,8319790";"6,1418640"
"202000013849";"15";"8";"2020";"15:20";"1";"85";"85018";"2";"1";"1";"6";"64 Chemin des Mûres";"46,9153700";" -2,0278200"
"202000013850";"13";"8";"2020";"09:45";"1";"87";"87056";"1";"1";"8";"3";"D88";"46,2475450";"1,1279440"
"202000013851";"14";"8";"2020";"23:10";"3";"77";"77295";"1";"1";"1";"6";"A5";"48,5678900";"2,7558300"
"202000013852";"14";"8";"2020";"19:30";"1";"38";"38530";"1";"1";"7";"2";"Rue de la Commanderie le Temple";"45,6112640";"5,2023700"
"202000013853";"15";"8";"2020";"02:10";"3";"68";"68021";"1";"1";"1";"2";"A36-PK116+600";"47,6461060";"7,4944570"
"202000013854";"10";"8";"2020";"11:20";"1";"33";"33005";"2";"2";"1";"3";"Boulevard du Maréchal Juin";"44,7328060";" -1,0792380"
"202000013855";"11";"8";"2020";"14:05";"1";"971";"97112";"1";"3";"1";"3";"Gay";"15,9268730";" -61,3136460"
"202000013856";"13";"8";"2020";"11:45";"1";"37";"37072";"2";"7";"3";"6";"38 Rue Alfred de Vigny";"47,1693040";"0,2543509"
"202000013857";"14";"8";"2020";"20:15";"1";"77";"77141";"1";"1";"3";"7";"D96";"48,8506540";"2,8465750"
"202000013858";"15";"8";"2020";"19:40";"1";"78";"78531";"1";"1";"1";"7";"A13";"48,9883610";"1,6568350"
"202000013859";"14";"8";"2020";"11:05";"1";"66";"66108";"1";"1";"1";"7";"cd612 - pk15";"42,6747714";"2,7042113"
"202000013860";"11";"10";"2020";"07:04";"5";"75";"75119";"2";"3";"1";"1";"RUE DE LA SOLIDARITE";"48,8828410";"2,3894320"
"202000013861";"11";"10";"2020";"03:45";"5";"75";"75119";"2";"1";"2";"6";"RUE BOTZARIS";"48,8786920";"2,3822980"
"202000013862";"11";"10";"2020";"01:30";"5";"75";"75119";"2";"7";"2";"3";"PLACE AUGUSTE BARON";"48,9005280";"2,3885480"
"202000013863";"10";"10";"2020";"11:20";"1";"75";"75119";"2";"3";"1";"5";"QUAI DE L OISE";"48,8923630";"2,3854380"
"202000013864";"10";"10";"2020";"22:40";"5";"75";"75118";"2";"3";"1";"3";"RUE ORDENER";"48,8927680";"2,3426070"
"202000013865";"11";"10";"2020";"13:20";"1";"75";"75117";"2";"2";"1";"3";"BOULEVARD BESSIERES";"48,8943440";"2,3136480"
"202000013866";"11";"10";"2020";"18:20";"1";"75";"75116";"2";"1";"1";"1";"RUE DU DOCTEUR BLANCHE";"48,8542600";"2,2655160"
"202000013867";"11";"10";"2020";"12:10";"1";"75";"75115";"2";"7";"1";"6";"RUE DES ENTREPRENEURS";"48,8437650";"2,2927260"
"202000013868";"10";"10";"2020";"03:05";"5";"75";"75115";"2";"3";"1";"6";"AVENUE DE SUFFREN";"48,8505250";"2,3020620"
"202000013869";"11";"10";"2020";"15:20";"1";"75";"75112";"2";"1";"1";"2";"ROUTE DE LA PYRAMIDE";"48,8307360";"2,4495570"
"202000013870";"11";"10";"2020";"02:50";"5";"75";"75109";"2";"3";"2";"7";"BOULEVARD DE CLICHY";"48,8829920";"2,3348720"
"202000013871";"11";"10";"2020";"02:00";"5";"75";"75109";"2";"2";"1";"6";"RUE LA FAYETTE";"48,8758140";"2,3437010"
"202000013872";"11";"10";"2020";"16:00";"1";"75";"75104";"2";"3";"1";"3";"QUAI DE L HOTEL DE VILLE";"48,8553500";"2,3527600"
"202000013873";"11";"10";"2020";"19:34";"5";"94";"94074";"2";"1";"1";"1";"JULIEN DURANTON (avenue)";"48,7575212";"2,4522305"
"202000013874";"11";"10";"2020";"19:50";"5";"94";"94019";"2";"1";"1";"6";"Rue d’Amboile";"48,7894700";"2,5316200"
"202000013875";"11";"10";"2020";"21:00";"5";"94";"94046";"2";"1";"1";"3";"GENERAL DE GAULLE (AV DU)";"48,8136000";"2,4214700"
"202000013876";"11";"10";"2020";"16:52";"1";"94";"94046";"2";"9";"1";"3";"PROFESSEUR CADIOT (AV DU)";"48,8050800";"2,4318100"
"202000013877";"11";"10";"2020";"13:55";"1";"93";"93053";"2";"2";"1";"6";"MARC SANGNIER (RUE)";"48,8951800";"2,4592400"
"202000013878";"11";"10";"2020";"18:00";"1";"93";"93051";"2";"3";"2";"3";"UNIVERSITE";"48,8377554";"2,5509318"
"202000013879";"11";"10";"2020";"14:25";"1";"93";"93029";"2";"1";"1";"6";"R PIERRE SEMARD";"48,9296900";"2,4283700"
"202000013880";"11";"10";"2020";"12:45";"1";"93";"93008";"2";"6";"1";"6";"STALINGRAD (RUE DE) A10";"48,9176000";"2,4177500"
"202000013881";"7";"10";"2020";"20:40";"3";"81";"81004";"1";"1";"1";"6";"Route de Toulouse";"43,9181900";"2,1064780"