"Num_Acc";"jour";"mois";"an";"hrmn";"lum";"dep";"com";"agg";"int";"atm";"col";"adr";"lat";"long"
"202000013882";"12";"10";"2020";"07:45";"3";"91";"91363";"1";"1";"1";"6";"Route de la Folie Bessin";"48,6726070";"2,1804970"
"202000013883";"11";"10";"2020";"21:45";"3";"87";"87014";"1";"1";"2";"5";"A20 PR151+500";"46,0855550";"1,3585070"
"202000013884";"6";"10";"2020";"18:20";"2";"62";"62123";"2";"1";"3";"1";"Route de Fruges";"50,5751319";"1,8286882"
"202000013885";"12";"10";"2020";"15:00";"1";"2B";"2B166";"1";"3";"1";"2";"T10";"42,5155400";"9,4442350"
"202000013886";"12";"10";"2020";"10:30";"1";"65";"65330";"1";"2";"1";"3";"2 Route des Pyrénées";"43,4291570";"0,0475720"
"202000013887";"11";"10";"2020";"11:15";"1";"65";"65344";"2";"8";"2";"3";"24 Rue Voltaire";"43,1868420";" -0,0189520"
"202000013888";"11";"10";"2020";"16:40";"1";"81";"81042";"1";"1";"1";"3";"CD 622";"43,6284493";"2,3653653"
"202000013889";"3";"10";"2020";"17:08";"1";"89";"89309";"2";"7";"2";"6";"Place Eugène Petit";"48,2867710";"3,2044190"
"202000013890";"10";"10";"2020";"18:50";"3";"25";"25622";"1";"1";"1";"6";"D11";"47,2271310";"5,8571080"
"202000013891";"9";"10";"2020";"21:30";"3";"15";"15149";"1";"1";"1";"6";"D34";"44,8842470";"2,8040430"
"202000013892";"10";"10";"2020";"14:35";"1";"26";"26324";"2";"6";"1";"3";"Avenue Louis Girard";"44,3459860";"4,7630740"
"202000013893";"12";"10";"2020";"10:25";"1";"83";"83012";"2";"1";"1";"6";"Boulevard Grisolle";"43,5596430";"6,0043350"
"202000013894";"9";"10";"2020";"18:30";"2";"64";"64530";"1";"3";"2";"3";"D936";"43,3195930";" -0,7707920"
"202000013895";"12";"10";"2020";"12:00";"1";"43";"43061";"1";"1";"2";"6";"D71";"45,0836880";"3,9659360"
"202000013896";"11";"10";"2020";"16:00";"1";"07";"07129";"1";"1";"1";"7";"D533";"44,9800240";"4,6171220"
"202000013897";"11";"10";"2020";"12:10";"1";"04";"04016";"1";"1";"1";"7";"RD 3";"44,2429090";"6,1158660"
"202000013898";"12";"10";"2020";"07:15";"2";"17";"17093";"1";"1";"1";"1";"D26";"45,8869760";" -1,2302760"
"202000013899";"11";"10";"2020";"20:15";"3";"37";"37130";"1";"1";"8";"7";"Le Haut Noizay";"47,0241880";"0,8188225"
"202000013900";"12";"10";"2020";"06:25";"1";"973";"97307";"1";"3";"1";"7";"Route de la Distillerie";"4,8661840";" -52,3111060"
"202000013901";"12";"10";"2020";"07:30";"2";"34";"34333";"1";"3";"1";"3";"RD 612";"43,4748570";"3,7705150"
"202000013902";"12";"10";"2020";"07:40";"1";"973";"97309";"2";"2";"1";"6";"Rue des Pionniers";"4,9157688";" -52,2819411"
"202000013903";"12";"10";"2020";"06:40";"3";"68";"68266";"1";"1";"1";"4";"A35";"47,8878160";"7,3780060"
"202000013904";"12";"10";"2020";"04:20";"5";"69";"69115";"1";"1";"2";"2";"autoroute 6 péage de VILLEFRANCHE-LIMAS pk427.200";"45,9735235";"4,7319800"
"202000013905";"10";"10";"2020";"16:20";"1";"974";"97408";"2";"1";"1";"1";"Avenue de la Palestine";" -20,9596360";"55,3226210"
"202000013906";"11";"10";"2020";"22:00";"3";"973";"97303";"1";"1";"1";"7";"N1";"5,4818950";" -53,2714930"
"202000013907";"6";"10";"2020";"10:50";"1";"13";"13087";"1";"2";"1";"3";"N 7";"43,4892780";"5,6297390"
"202000013908";"11";"10";"2020";"16:05";"1";"83";"83006";"1";"1";"1";"7";"Route Rd3";"43,5567750";"5,7910180"
"202000013909";"11";"10";"2020";"16:30";"1";"13";"13086";"2";"3";"1";"3";"carrefour CD96 / chemin de la Roumiguière";"43,3461190";"5,6034990"
"202000013910";"11";"10";"2020";"14:36";"1";"13";"13086";"1";"9";"1";"7";"D96";"43,3582650";"5,6099470"
"202000013911";"6";"10";"2020";"19:20";"3";"13";"13059";"1";"9";"3";"1";"D556";"43,6299410";"5,4882400"
"202000013912";"11";"10";"2020";"18:00";"1";"38";"38344";"2";"1";"1";"6";"43 Avenue Gabriel Péri";"45,3668490";"4,8000340"
"202000013913";"10";"10";"2020";"13:15";"1";"26";"26179";"1";"3";"8";"3";"Route de la Voie Romaine";"45,0511920";"4,8754780"
"202000013914";"21";"1";"2020";"16:25";"1";"07";"07324";"2";"1";"1";"1";"Avenue de Lyon";"45,0744940";"4,8170330"
"202000013915";"11";"10";"2020";"19:30";"4";"69";"69296";"1";"1";"1";"1";"Chemin Departemental 12";"45,6372450";"4,8232980"
"202000013916";"11";"10";"2020";"23:17";"3";"17";"17021";"2";"1";"1";"7";"20 Rue de la Libération";"45,7365550";" -1,1288150"
"202000013917";"9";"10";"2020";"03:45";"3";"33";"33179";"1";"6";"1";"6";"Chemin de Jean Roux";"45,0021040";" -0,2796900"
"202000013918";"11";"10";"2020";"14:30";"1";"14";"14332";"1";"1";"3";"6";"D658";"48,8423317";" -0,1565981"
"202000013919";"12";"10";"2020";"18:50";"2";"62";"62369";"1";"1";"1";"1";"Rue de Gavrelle";"50,3399370";"2,8857890"
"202000013920";"9";"10";"2020";"08:00";"1";"13";"13216";"1";"1";"1";"2";"A55-Sens Marseille vers Martigues";"43,3497100";"5,3461500"
"202000013921";"11";"10";"2020";"01:38";"3";"13";"13033";"1";"1";"1";"2";"A55-SENS MARTIGUES/MARSEILLE";"43,3740715";"5,1964910"
"202000013922";"10";"10";"2020";"18:25";"2";"13";"13055";"1";"1";"1";"4";"A507 sens Marseille - Aubagne";"43,3207660";"5,4224650"
"202000013923";"11";"10";"2020";"17:05";"1";"33";"33550";"1";"1";"2";"6";"ROCADE A 630";"44,7775800";" -0,5593200"
"202000013924";"11";"10";"2020";"09:15";"1";"94";"94034";"1";"1";"1";"7";"AUTOROUTE A86";"48,7563800";"2,3380900"
"202000013925";"11";"10";"2020";"07:45";"2";"91";"91064";"1";"1";"8";"6";"RN 118";"48,7252800";"2,1665500"
"202000013926";"11";"10";"2020";"16:15";"1";"78";"78646";"1";"1";"1";"6";"RN12";"48,7898450";"2,1206270"
"202000013927";"11";"10";"2020";"10:10";"1";"93";"93064";"1";"1";"1";" -1";"AUTOROUTE A86";"48,8786200";"2,4763800"
"202000013928";"11";"10";"2020";"09:30";"1";"92";"92036";"1";"1";"2";"6";"AUTOROUTE A15";"48,9486900";"2,2809070"
"202000013929";"10";"10";"2020";"19:00";"2";"93";"93007";"1";"1";"1";"4";"AUTOROUTE A1";"48,9477455";"2,4439197"
"202000013930";"10";"10";"2020";"16:20";"1";"95";"95256";"1";"1";"1";"6";"RN 184";"49,0581760";"2,2092850"
"202000013931";"11";"10";"2020";"08:20";"1";"94";"94033";"1";"1";"1";"7";"A86.INT";"48,8611400";"2,4839900"
"202000013932";"11";"10";"2020";"03:55";"3";"77";"77384";"1";"1";"1";"2";"A5b";"48,6199560";"2,6304050"
"202000013933";"10";"10";"2020";"14:50";"1";"77";"77372";"1";"1";"1";"6";"A104";"48,8773640";"2,6683980"
"202000013934";"11";"5";"2020";"11:20";"1";"93";"93048";"2";"3";"1";"3";"KLEBER (RUE)";"48,8535000";"2,4342000"
"202000013935";"27";"6";"2020";"21:45";"5";"971";"97105";"2";"1";"1";"6";"BD GERTY ARCHIMEDE";"15,9903437";" -61,7278862"
"202000013936";"4";"6";"2020";"20:05";"1";"84";"84035";"2";"1";"1";"3";"MERIMEE (AVENUE PROSPER)";"43,8521800";"5,0292100"
"202000013937";"11";"2";"2020";"13:30";"1";"93";"93031";"2";"1";"6";"6";"JEAN JAURES (AVENUE)";"48,9587500";"2,3282600"
"202000013938";"3";"7";"2020";"10:50";"1";"78";"78551";"2";"1";"1";"6";"GERARD (DE LA BARONNE)";"48,8981000";"2,0850000"
"202000013939";"2";"7";"2020";"15:35";"1";"71";"71306";"2";"2";"1";"3";"JEAN DIDIER (RUE)";"46,6561556";"4,3497474"
"202000013940";"17";"7";"2020";"18:10";"1";"13";"13210";"1";"1";"1";"2";"A50-Sens Marseille vers Aubagne";"43,2846940";"5,4078464"
"202000013941";"9";"7";"2020";"12:40";"1";"29";"29232";"2";"6";"1";"3";"D783 - Rond Point de l'Eau Blanche";"47,9913029";" -4,0736093"
"202000013942";"10";"10";"2020";"18:25";"2";"988";"98818";"2";"2";"1";"3";"RUE JACQUES IEKAWE/RUE ARMAND OHLEN";" -22,2483910";"166,4637900"
"202000013943";"10";"10";"2020";"06:30";"1";"974";"97411";"1";"1";"1";"6";"Route du Littoral";" -20,8909000";"55,3850000"
"202000013944";"10";"10";"2020";"02:23";"5";"973";"97302";"1";"6";"1";"7";"LEBLOND (ROND POINT)";"4,9215972";" -52,3297302"
"202000013945";"11";"10";"2020";"01:40";"5";"69";"69386";"2";"2";"1";"3";"MICHEL RAMBAUD                      (R )";"45,7690400";"4,8605100"
"202000013946";"10";"10";"2020";"18:35";"1";"69";"69387";"2";"3";"1";"1";"FILLON                              (QU)";"45,7177000";"4,8260400"
"202000013947";"10";"10";"2020";"07:15";"5";"69";"69383";"2";"1";"2";"3";"FELIX FAURE                         (AV)";"45,7537600";"4,8598400"
"202000013948";"9";"10";"2020";"05:45";"5";"69";"69034";"2";"2";"1";"3";"SOLDATS (DES)                       (MO)";"45,7910000";"4,8607400"
"202000013949";"9";"10";"2020";"12:15";"1";"69";"69152";"2";"1";"1";"6";"EUROPE (DE L')                      (BD)";"45,7072000";"4,8214000"
"202000013950";"10";"10";"2020";"09:20";"1";"95";"95582";"2";"1";"1";"6";"RUE MARECHAL DE LATTRE DE TASSIGNY";"48,9799650";"2,2375960"
"202000013951";"10";"10";"2020";"11:15";"1";"91";"91687";"2";"1";"1";"1";"BELLAY (AVENUE DU)";"48,6760450";"2,3631260"
"202000013952";"10";"10";"2020";"18:07";"1";"83";"83137";"2";"1";"1";" -1";"MONEREIT (CHEMIN DE)";"43,1432110";"5,8947780"
"202000013953";"9";"10";"2020";"16:20";"1";"83";"83098";"1";"1";"1";"6";"ROUSSEL (RUE LOUIS VALERIE)";"43,0871400";"6,0268700"
"202000013954";"7";"10";"2020";"19:20";"5";"83";"83069";"2";"1";"1";"6";"TOULON RD 46 ( ROUTE DE )";"43,1260900";"6,0948000"
"202000013955";"9";"10";"2020";"19:15";"2";"78";"78401";"2";"3";"1";"1";"CARRIERES (RUE DES)";"49,0065510";"1,9079050"
"202000013956";"10";"10";"2020";"21:20";"5";"77";"77307";"2";"3";"9";"3";"RD 231";"48,8544000";"2,7587000"
"202000013957";"10";"10";"2020";"20:20";"5";"73";"73008";"2";"1";"8";"3";"VICTORIA PASSAGE";"45,6892140";"5,9080680"
"202000013958";"10";"10";"2020";"12:15";"1";"72";"72181";"2";"1";"1";"2";"ALENCON (RTE D')";"48,0310780";"0,1790130"
"202000013959";"9";"10";"2020";"22:45";"5";"69";"69091";"2";"3";"1";"1";"JOSEPH LIAUTHAUD ( R )";"45,5906100";"4,7655900"
"202000013960";"10";"10";"2020";"15:20";"1";"64";"64024";"2";"2";"1";"2";"BAB (BOULEVARD DU)";"43,4870700";" -1,5366000"
"202000013961";"9";"10";"2020";"23:45";"5";"59";"59230";"2";"6";"2";"7";"GENERAL DE GAULLE (RUE DU)";"50,2600252";"3,9948110"
"202000013962";"10";"10";"2020";"06:55";"5";"59";"59155";"2";"2";"1";"3";"DELORY GUSTAVE";"51,0232018";"2,3845991"
"202000013963";"8";"10";"2020";"03:10";"5";"57";"57463";"2";"1";"1";"6";"FAUBOURG (RUE DU )";"49,0820000";"6,1843200"
"202000013964";"8";"10";"2020";"09:10";"1";"50";"50532";"1";"1";"2";"3";"D973";"48,8215100";" -1,5538100"
"202000013965";"10";"10";"2020";"13:40";"1";"37";"37261";"2";"2";"1";"6";"GRAMMONT (AVENUE DE)";"47,3840394";"0,6912600"
"202000013966";"10";"10";"2020";"10:45";"1";"37";"37214";"2";"1";"1";" -1";"VOISIN (BOULEVARD ANDRE-GEORGES)";"47,4280557";"0,6594051"
"202000013967";"10";"10";"2020";"17:15";"1";"35";"35238";"1";"9";"1";" -1";"PORTE DE LORIENT";"48,1084200";" -1,7164800"
"202000013968";"10";"10";"2020";"04:35";"5";"35";"35238";"2";"2";"1";"3";"TILLON (AVENUE CHARLES)";"48,1270903";" -1,6866213"
"202000013969";"10";"10";"2020";"14:10";"1";"29";"29232";"2";"1";"1";"4";"Avenue de la Liberation";"47,9924451";" -4,0812417"
"202000013970";"9";"10";"2020";"13:15";"1";"29";"29232";"2";"3";"1";"2";"Allées de Lokmaria";"47,9907307";" -4,1102278"
"202000013971";"9";"10";"2020";"20:10";"3";"28";"28134";"2";"1";"1";"4";"RN 12 (CITE AMERICAINE)";"48,7460900";"1,3635400"
"202000013972";"10";"10";"2020";"20:55";"5";"13";"13209";"2";"1";"1";"7";"MORGIOU (chemin de )";"43,2447000";"5,4054700"
"202000013973";"10";"10";"2020";"16:30";"1";"13";"13214";"2";"9";"1";"3";"PLOMBIERES (BOULEVARD DES)";"43,3177440";"5,3807380"
"202000013974";"10";"10";"2020";"06:40";"5";"13";"13209";"2";"1";"1";"2";"REDON (BOULEVARD DU)";"43,2508880";"5,4221020"
"202000013975";"10";"10";"2020";"06:45";"2";"13";"13210";"2";"1";"1";"3";"JEAN MOULIN (BOULEVARD)";"43,2867860";"5,3998520"
"202000013976";"21";"7";"2020";"14:30";"1";"13";"13211";"2";"1";"1";"6";"ABBE LANFRANCHI (RUE)";"43,2879780";"5,4548290"
"202000013977";"10";"10";"2020";"13:15";"1";"11";"11069";"2";"1";"1";"1";"MAGINOT ANDRE -AVENUE-";"43,2171100";"2,3765700"
"202000013978";"10";"10";"2020";"14:30";"1";"06";"06069";"2";"1";"1";"4";"LIBERATION (AVENUE DE LA)";"43,6470420";"6,9135020"
"202000013979";"10";"10";"2020";"14:00";"1";"06";"06069";"2";"6";"1";"2";"GARAGAI (CHEMIN DU)";"43,6446250";"6,9778830"
"202000013980";"10";"10";"2020";"14:30";"1";"75";"75116";"2";"1";"1";"4";"BOULEVARD PERIPHERIQUE";"48,8350720";"2,2626770"
"202000013981";"10";"10";"2020";"09:00";"1";"75";"75114";"2";"1";"1";"2";"BOULEVARD PERIPHERIQUE";"48,8225610";"2,3141690"
"202000013982";"9";"10";"2020";"15:20";"1";"75";"75116";"2";"4";"1";"2";"PORTE MAILLOT";"48,8769420";"2,2795200"
"202000013983";"9";"10";"2020";"09:00";"1";"75";"75112";"2";"1";"1";"2";"PORTE DE VINCENNES";"48,8422540";"2,4136320"
"202000013984";"9";"10";"2020";"22:45";"5";"75";"75120";"2";"3";"1";"3";"BOULEVARD DE BELLEVILLE";"48,8708220";"2,3785170"
"202000013985";"10";"10";"2020";"20:40";"5";"75";"75118";"2";"3";"1";"3";"RUE DOUDEAUVILLE";"48,8889120";"2,3582230"
"202000013986";"10";"10";"2020";"19:40";"5";"75";"75117";"2";"3";"1";"1";"AVENUE DE CLICHY";"48,8850400";"2,3267320"
"202000013987";"10";"10";"2020";"14:00";"1";"75";"75117";"2";"2";"1";"3";"AVENUE DE LA PORTE D ASNIERES";"48,8922750";"2,3010300"
"202000013988";"10";"10";"2020";"03:00";"5";"75";"75117";"2";"4";"1";"7";"BOULEVARD PERSHING";"48,8796320";"2,2819510"
"202000013989";"10";"10";"2020";"20:00";"5";"75";"75116";"2";"4";"1";"3";"BOULEVARD DE L AMIRAL BRUIX";"48,8747750";"2,2784740"
"202000013990";"10";"10";"2020";"14:40";"1";"75";"75116";"2";"4";"1";"3";"ROUTE DE LA MUETTE A NEUILLY";"48,8640350";"2,2670390"
"202000013991";"10";"10";"2020";"15:20";"1";"75";"75116";"2";"2";"1";"3";"BOULEVARD FLANDRIN";"48,8692810";"2,2747050"
"202000013992";"10";"10";"2020";"10:15";"1";"75";"75116";"2";"3";"1";"6";"RUE DU RANELAGH";"48,8526870";"2,2807310"
"202000013993";"10";"10";"2020";"00:20";"5";"75";"75114";"2";"7";"1";"3";"AVENUE DU GENERAL LECLERC";"48,8336960";"2,3319110"
"202000013994";"10";"10";"2020";"17:30";"1";"75";"75113";"2";"3";"1";"3";"QUAI DE LA GARE";"48,8367400";"2,3743560"
"202000013995";"10";"10";"2020";"08:30";"1";"75";"75113";"2";"4";"1";"5";"RUE DES PEUPLIERS";"48,8215940";"2,3525520"
"202000013996";"10";"10";"2020";"19:20";"3";"75";"75112";"2";"1";"1";"3";"RUE CHALIGNY";"48,8475930";"2,3838810"
"202000013997";"9";"10";"2020";"11:05";"1";"75";"75109";"2";"3";"2";"6";"RUE DE MAUBEUGE";"48,8790230";"2,3473140"
"202000013998";"10";"10";"2020";"17:40";"1";"75";"75107";"2";"2";"1";"3";"QUAI D ORSAY";"48,8628230";"2,3134590"
"202000013999";"10";"10";"2020";"17:20";"1";"75";"75104";"2";"3";"1";"6";"RUE DE RIVOLI";"48,8552320";"2,3611160"
"202000014000";"10";"10";"2020";"14:45";"1";"94";"94068";"2";"1";"1";"4";"FOCH (AV)";"48,8040400";"2,4870900"
"202000014001";"10";"10";"2020";"20:30";"5";"94";"94076";"2";"1";"1";"3";"PARIS (AV DE)";"48,8038800";"2,3639200"
"202000014002";"10";"10";"2020";"03:50";"5";"94";"94021";"2";"3";"1";"3";"COTE D'AZUR (AVENUE)";"48,7660100";"2,3501000"
"202000014003";"10";"10";"2020";"13:40";"1";"93";"93072";"2";"1";"1";"6";"ARISTIDE BRIAND (AVENUE) COTE DES N°2 AU";"48,9618500";"2,3804000"
"202000014004";"7";"10";"2020";"19:50";"5";"93";"93039";"2";"1";"1";"3";"SEINE (QUAI DE )";"48,9378823";"2,3422632"
"202000014005";"10";"10";"2020";"08:04";"1";"93";"93051";"2";"2";"1";"3";"MEDERIC (AVENUE)";"48,8294700";"2,5740800"
"202000014006";"10";"10";"2020";"17:26";"1";"93";"93048";"2";"9";"1";"3";"R GASTON MONMOUSSEAU";"48,8632985";"2,4543809"
"202000014007";"10";"10";"2020";"09:39";"1";"93";"93031";"2";"1";"1";"2";"REPUBLIQUE (AVENUE)";"48,9495355";"2,3305962"
"202000014008";"10";"10";"2020";"09:40";"1";"92";"92033";"2";"9";"1";"3";"BUZENVAL";"48,8542280";"2,1992558"
"202000014009";"10";"10";"2020";"16:00";"1";"92";"92051";"2";"1";"1";"4";"RICHARD WALLACE (BOULEVARD)";"48,8752160";"2,2507000"
"202000014010";"10";"10";"2020";"05:00";"5";"92";"92062";"2";"1";"1";"7";"RUE PIERRE GAUDIN";"48,8872584";"2,2520080"
"202000014011";"10";"10";"2020";"09:40";"1";"92";"92025";"2";"2";"1";"3";"PAUL BERT (RUE)";"48,9310000";"2,2446000"
"202000014012";"10";"10";"2020";"12:00";"1";"92";"92012";"2";"1";"1";"3";"REINE (ROUTE DE LA) 39/107 BIS";"48,8391640";"2,2459896"
"202000014013";"10";"10";"2020";"23:30";"5";"22";"22050";"2";"1";"2";"6";"33 Place du Guesclin";"48,4522040";" -2,0446210"
"202000014014";"11";"10";"2020";"10:25";"1";"37";"37276";"1";"1";"8";"7";"Le Dauphin";"47,5819187";"0,8514344"
"202000014015";"10";"10";"2020";"12:00";"1";"51";"51649";"2";"3";"1";"1";"Faubourg de Saint-Dizier";"48,7212840";"4,6043578"
"202000014016";"7";"10";"2020";"08:25";"2";"51";"51649";"2";"4";"1";"7";"Rue de la Glacière";"48,7275397";"4,5908249"
"202000014017";"11";"10";"2020";"00:40";"3";"86";"86221";"1";"1";"1";"6";"Les Babauds";"46,8038550";"0,3498470"
"202000014018";"10";"10";"2020";"08:40";"1";"06";"06149";"1";"1";"1";"6";"5763 Route de Laghet";"43,7493830";"7,3759940"
"202000014019";"10";"10";"2020";"14:30";"1";"06";"06054";"2";"1";"1";"6";"Avenue-jean-moulin";"43,7540580";"7,3204480"
"202000014020";"10";"10";"2020";"18:50";"1";"74";"74233";"1";"1";"3";" -1";"A41";"45,8023280";"5,9767990"
"202000014021";"10";"10";"2020";"16:20";"1";"83";"83004";"1";"1";"1";"6";"autoroute A8";"43,4408300";"6,4756680"
"202000014022";"10";"10";"2020";"13:40";"1";"974";"97422";"2";"1";"1";"7";"Rue du Docteur Charriéres";" -21,2588410";"55,5123820"
"202000014023";"11";"10";"2020";"03:21";"3";"11";"11360";"1";"9";"1";"1";"Chemin de Halage";"43,2628470";"2,9042100"
"202000014024";"10";"10";"2020";"19:40";"3";"22";"22193";"1";"1";"1";"7";"N12";"48,4228030";" -2,4522130"
"202000014025";"11";"10";"2020";"06:40";"3";"34";"34036";"1";"1";"1";"6";"A75";"43,6760660";"3,4197950"
"202000014026";"9";"10";"2020";"17:00";"1";"34";"34036";"1";"1";"1";" -1";"A75";"43,6771840";"3,4134010"
"202000014027";"10";"10";"2020";"06:00";"3";"22";"22084";"1";"3";"1";"7";"les 4 routes";"48,4070910";" -2,3437890"
"202000014028";"10";"10";"2020";"16:10";"1";"34";"34087";"1";"1";"1";"3";"D5";"43,5396290";"3,6993780"
"202000014029";"11";"10";"2020";"07:05";"2";"95";"95566";"2";"1";"2";"6";"79 Rue du Lieutenant Baude";"49,1094440";"2,3445990"
"202000014030";"10";"10";"2020";"16:05";"1";"67";"67552";"1";"1";"1";"3";"D8";"48,8867776";"7,0731232"
"202000014031";"10";"10";"2020";"13:40";"1";"2B";"2B292";"1";"1";"1";"1";"RD14";"42,2749910";"9,2504020"
"202000014032";"11";"10";"2020";"10:45";"1";"55";"55419";"1";"1";"1";"1";"RD 603";"49,1437200";"5,1525660"
"202000014033";"10";"10";"2020";"16:20";"1";"47";"47310";"2";"1";"1";"5";"Tonneins";"44,4029050";"0,2981330"
"202000014034";"11";"10";"2020";"01:30";"3";"39";"39328";"1";"1";"1";"7";"N/A";"46,4872540";"5,7232980"
"202000014035";"10";"10";"2020";"19:00";"3";"25";"25157";"1";"1";"2";"1";"D6";"46,8599710";"6,3808360"
"202000014036";"10";"10";"2020";"10:30";"1";"25";"25578";"2";"1";"8";"6";"26 Grande Rue";"47,1480590";"6,3385670"
"202000014037";"10";"10";"2020";"05:30";"3";"44";"44131";"1";"1";"3";"7";"La Severie";"47,1631547";" -2,0781870"
"202000014038";"10";"10";"2020";"19:30";"2";"29";"29197";"2";"1";"1";"6";"6 Rue de Menglenot";"48,0174170";" -4,5182520"
"202000014039";"11";"10";"2020";"08:50";"2";"02";"02820";"1";"6";"1";"3";"Rue de l'Ecluse";"49,6336460";"3,2655570"
"202000014040";"16";"9";"2020";"17:50";"1";"72";"72223";"1";"1";"1";"2";"D 309";"47,8521660";" -0,0901510"
"202000014041";"10";"10";"2020";"14:35";"1";"14";"14086";"2";"1";"1";"6";"Route de Touques";"49,3378538";"0,1187797"
"202000014042";"9";"10";"2020";"08:15";"2";"14";"14355";"1";"1";"8";"3";"D35";"49,2812860";" -0,5134390"
"202000014043";"9";"10";"2020";"18:25";"2";"73";"73151";"1";"1";"1";"2";"D201";"45,5013460";"6,0422520"
"202000014044";"7";"10";"2020";"16:00";"1";"43";"43020";"1";"1";"1";"2";"Route de Monistrol";"45,2969641";"4,1209485"
"202000014045";"10";"10";"2020";"17:20";"1";"36";"36143";"1";"1";"1";"1";"Le Champ Caillaud";"46,6553657";"1,9422330"
"202000014046";"11";"10";"2020";"12:20";"1";"07";"07134";"1";"4";"1";"1";"Route de Berguier";"44,5047036";"4,2787512"
"202000014047";"11";"10";"2020";"14:50";"1";"53";"53111";"1";"3";"1";"2";"D23";"48,3427480";" -0,6146090"
"202000014048";"9";"10";"2020";"20:10";"3";"30";"30341";"1";"3";"1";"3";"D135";"43,6954700";"4,2530070"
"202000014049";"11";"10";"2020";"01:00";"3";"08";"08385";"1";"1";"8";"6";"D59";"49,7590900";"4,7822500"
"202000014050";"9";"10";"2020";"16:15";"1";"68";"68375";"2";"1";"1";"3";"19 Rue de Reiningue";"47,8047360";"7,2376000"
"202000014051";"11";"10";"2020";"12:05";"1";"72";"72008";"1";"9";"1";"7";"D323";"47,9425520";"0,1901790"
"202000014052";"11";"10";"2020";"04:00";"3";"35";"35352";"1";"1";"1";"6";"RD 86";"48,0620890";" -1,6035730"
"202000014053";"11";"10";"2020";"10:10";"1";"35";"35353";"1";"1";"8";"5";"La Vallée";"48,1227030";" -1,7735620"
"202000014054";"11";"10";"2020";"11:00";"1";"30";"30189";"1";"1";"1";"6";"bretelle d'accès autoroute A9 Nimes Ouest";"43,8097870";"4,3477540"
"202000014055";"11";"10";"2020";"01:40";"3";"83";"83097";"1";"1";"1";"6";"A8";"43,4817100";"5,7343640"
"202000014056";"24";"12";"2020";"10:50";"1";"95";"95277";"2";"1";"2";"3";"BRIAND ARISTIDE (AVENUE)";"49,0006300";"2,4250500"
"202000014057";"25";"12";"2020";"03:00";"3";"91";"91421";"2";"1";"8";"6";"RUE DES GAULOIS";"48,7146800";"2,4404200"
"202000014058";"25";"12";"2020";"18:25";"5";"91";"91027";"2";"2";"1";"3";"RUE MAURICE NOGUES";"48,7121500";"2,3845300"
"202000014059";"25";"12";"2020";"17:40";"3";"77";"77186";"1";"1";"2";"7";"D301e2.gare thomery giratoire duchatel";"48,3952830";"2,7640190"
"202000014060";"21";"12";"2020";"17:45";"5";"69";"69290";"2";"1";"2";"6";"GRENOBLE (DE)  -  RN 6              (RO)";"45,7149000";"4,9640000"
"202000014061";"25";"12";"2020";"17:05";"1";"64";"64445";"2";"1";"1";"6";"RONSARD";"43,3189000";" -0,3580000"
"202000014062";"25";"12";"2020";"22:15";"5";"59";"59152";"2";"2";"2";"3";"HURLUPIN (RUE D')";"50,7629700";"3,0110900"
"202000014063";"26";"12";"2020";"00:05";"5";"59";"59350";"2";"1";"8";"6";"JAURES RUE JEAN";"50,6228148";"3,0728388"
"202000014064";"25";"12";"2020";"15:55";"1";"51";"51454";"2";"3";"1";"7";"Avenue de Laon";"49,2653208";"4,0264219"
"202000014065";"24";"12";"2020";"12:10";"1";"42";"42183";"2";"1";"1";"6";"Rue Jean Moulin";"45,4056424";"4,3726246"
"202000014066";"22";"12";"2020";"09:00";"1";"30";"30028";"2";"1";"1";"6";"PERRIERES (DESCENTE DES)";"44,1602390";"4,6191640"
"202000014067";"25";"12";"2020";"14:15";"1";"25";"25056";"2";"9";"1";"6";"GRAY ROUTE DE";"47,2457840";"5,9807840"
"202000014068";"25";"12";"2020";"17:30";"5";"13";"13211";"2";"1";"6";"6";"GROGNARDE (AVENUE DE LA)";"43,2909710";"5,4360510"
"202000014069";"24";"12";"2020";"08:06";"2";"13";"13212";"2";"9";"1";"3";"TROIS LUCS A LA VALENTINE (ROUTE)";"43,3045420";"5,4738410"
"202000014070";"25";"12";"2020";"07:30";"2";"13";"13210";"2";"1";"1";"6";"ANDRE BARDON (rue)";"43,2776800";"5,4265000"
"202000014071";"24";"12";"2020";"19:50";"3";"13";"13047";"1";"1";"8";"1";"D.51";"43,4743400";"4,9778800"
"202000014072";"24";"12";"2020";"21:05";"5";"75";"75117";"2";"4";"2";"6";"ECHANGEUR MAILLOT";"48,8830560";"2,2836880"
"202000014073";"18";"12";"2020";"22:30";"5";"75";"75117";"2";"1";"1";"7";"AVENUE STEPHANE MALLARME";"48,8868090";"2,2936490"
"202000014074";"24";"12";"2020";"13:10";"1";"75";"75117";"2";"5";"3";"6";"RUE DE ROME";"48,8873480";"2,3141310"
"202000014075";"25";"12";"2020";"08:00";"2";"75";"75116";"2";"1";"1";"6";"RUE DES BELLES FEUILLES";"48,8685510";"2,2803660"