"Num_Acc";"jour";"mois";"an";"hrmn";"lum";"dep";"com";"agg";"int";"atm";"col";"adr";"lat";"long"
"202000014076";"25";"12";"2020";"19:25";"5";"75";"75106";"2";"2";"1";"3";"BOULEVARD SAINT GERMAIN";"48,8524740";"2,3387650"
"202000014077";"24";"12";"2020";"22:00";"5";"93";"93078";"2";"6";"9";"3";"CLEMENCEAU (AVENUE GEORGES)";"48,9608200";"2,5561500"
"202000014078";"25";"12";"2020";"12:50";"1";"93";"93006";"2";"1";"1";"3";"GAMBETTA AV.";"48,8710554";"2,4176831"
"202000014079";"25";"12";"2020";"22:00";"3";"93";"93066";"2";"3";"1";"6";"""PERI GABRIEL, NR 116 A 144 ET 135 A 149";"48,9386028";"2,3563731"
"202000014080";"25";"12";"2020";"18:18";"5";"92";"92064";"2";"1";"1";"3";"PASTEUR";"48,8418530";"2,2020990"
"202000014081";"25";"12";"2020";"18:40";"5";"92";"92026";"2";"1";"1";"2";"VERDUN (BD DE)";"48,9010982";"2,2601125"
"202000014082";"24";"12";"2020";"22:45";"5";"92";"92004";"2";"2";"1";"3";"AULAGNIER ( QUAI )";"48,9143200";"2,3108000"
"202000014083";"26";"12";"2020";"06:35";"5";"60";"60234";"2";"3";"1";"6";"N/A";"49,3904380";"2,4132951"
"202000014084";"24";"12";"2020";"19:00";"3";"40";"40213";"1";"1";"8";"7";"Route de Labenne";"43,5942550";" -1,3853290"
"202000014085";"24";"12";"2020";"18:45";"3";"33";"33106";"1";"1";"2";"7";"lieu dit sendets";"44,5616400";" -0,1164510"
"202000014086";"25";"12";"2020";"14:50";"1";"974";"97422";"2";"1";"1";"6";"Avenue du Général de Gaulle";" -21,2745390";"55,5181220"
"202000014087";"26";"12";"2020";"00:40";"3";"974";"97404";"1";"9";"1";"6";"RN1, voie d'insertion Les Sables Sens NORD/SURD";" -21,2793470";"55,3792740"
"202000014088";"24";"12";"2020";"15:25";"2";"28";"28281";"1";"1";"7";"5";"921";"48,3978670";"1,3799640"
"202000014089";"25";"12";"2020";"14:45";"1";"06";"06130";"1";"1";"4";"1";"D5";"43,6875930";"6,8294690"
"202000014090";"26";"12";"2020";"15:15";"1";"77";"77398";"2";"4";"1";"3";"Route de la Vallée";"48,8767410";"3,2953060"
"202000014091";"1";"12";"2020";"19:45";"3";"59";"59331";"1";"1";"1";"3";"Route de Landrecies";"50,1243340";"3,7299440"
"202000014092";"26";"12";"2020";"17:30";"1";"79";"79162";"1";"4";"1";"6";"Route de la Garette";"46,3115970";" -0,5769110"
"202000014093";"26";"12";"2020";"14:00";"1";"32";"32462";"1";"1";"1";"7";"Route nationale 124";"43,7393520";"0,3564120"
"202000014094";"23";"12";"2020";"13:55";"1";"12";"12086";"1";"1";"1";"2";"D512";"44,1776720";"3,1258030"
"202000014095";"26";"12";"2020";"12:00";"1";"42";"42288";"1";"2";"1";"1";"Chemin du Bas Montcel";"45,7754630";"4,0030470"
"202000014096";"25";"12";"2020";"16:59";"1";"34";"34045";"1";"1";"6";"1";"D15";"43,5504670";"3,3487890"
"202000014097";"24";"12";"2020";"10:50";"1";"35";"35069";"1";"9";"1";"6";"zone commerciale UNIVERS";"48,0418610";" -1,5163830"
"202000014098";"24";"12";"2020";"17:15";"3";"35";"35264";"1";"3";"1";"3";"Le Bois";"48,0890160";" -1,3458630"
"202000014099";"25";"12";"2020";"19:00";"3";"29";"29017";"1";"1";"1";"5";"D268 - Lieu Dit Lann Ar Poullou";"48,4776440";" -4,6982000"
"202000014100";"24";"12";"2020";"18:20";"5";"29";"29160";"2";"1";"2";"6";"D788 - Rue Maréchal Leclerc";"48,5017813";" -4,4269274"
"202000014101";"26";"12";"2020";"13:50";"1";"02";"02262";"1";"1";"1";"7";"D553";"49,6363980";"3,3573530"
"202000014102";"25";"12";"2020";"22:46";"3";"01";"01457";"1";"1";"2";"6";"CHASSIN BOIS DE BEOST";"46,1891666";"4,9974000"
"202000014103";"24";"12";"2020";"11:00";"1";"72";"72147";"1";"1";"8";"1";"La Bique Rouge";"48,1260820";"0,1956350"
"202000014104";"23";"12";"2020";"13:15";"1";"72";"72346";"1";"1";"1";"6";"les touches";"47,8796280";"0,0296550"
"202000014105";"23";"12";"2020";"14:00";"1";"37";"37245";"1";"1";"2";"7";"Route du Serrain";"47,4906386";"0,5594072"
"202000014106";"26";"12";"2020";"14:00";"1";"37";"37050";"2";"2";"1";"1";"rue monod";"47,3468560";"0,7071738"
"202000014107";"24";"12";"2020";"10:30";"1";"987";"98752";"1";"1";"1";"6";"PK 47+800";" -17,7220550";" -149,4046530"
"202000014108";"23";"12";"2020";"23:25";"3";"01";"01147";"1";"1";"1";"7";"RD56";"46,4373650";"5,2936880"
"202000014109";"20";"12";"2020";"18:00";"3";"21";"21590";"1";"1";"2";"5";"A6";"47,0582915";"4,8132198"
"202000014110";"23";"12";"2020";"17:10";"3";"13";"13051";"1";"1";"2";"4";"A7";"43,5903450";"5,1870600"
"202000014111";"25";"12";"2020";"14:30";"1";"987";"98724";"1";"1";"1";"6";"RT 111 District de PAREA";" -16,7273840";" -151,0112500"
"202000014112";"24";"12";"2020";"21:15";"3";"987";"98722";"2";"1";"1";"6";"pk 32.200 coté montagne RT2 à TIAREI";" -17,5914290";" -149,3821260"
"202000014113";"25";"12";"2020";"17:45";"1";"988";"98821";"1";"1";"1";"3";"VE2";" -22,1648320";"166,3933040"
"202000014114";"20";"11";"2020";"17:15";"2";"971";"97117";"1";"9";"1";"2";"Route de Neron";"16,3279230";" -61,3961510"
"202000014115";"26";"12";"2020";"02:00";"3";"84";"84067";"1";"1";"6";"6";"D126, 1070 route d'Aubignan";"44,0838010";"5,0127480"
"202000014116";"24";"12";"2020";"14:50";"1";"88";"88308";"1";"1";"2";"1";"D 674";"48,3452830";"5,6576160"
"202000014117";"24";"12";"2020";"12:06";"1";"57";"57645";"1";"6";"1";"6";"voie romaine";"49,1931050";"6,1506060"
"202000014118";"26";"12";"2020";"10:45";"1";"17";"17164";"2";"2";"1";"3";"route de saint jean";"45,7630620";" -0,5860410"
"202000014119";"26";"12";"2020";"14:30";"1";"59";"59105";"1";"1";"8";"7";"Route de Coutiches";"50,4413780";"3,2287200"
"202000014120";"24";"12";"2020";"20:20";"3";"42";"42110";"1";"1";"2";"5";"A47";"45,4951786";"4,5552588"
"202000014121";"25";"12";"2020";"06:10";"3";"91";"91228";"1";"1";"1";"6";"AUTOROUTE A6";"48,6133500";"2,4310000"
"202000014122";"25";"12";"2020";"17:15";"5";"93";"93066";"1";"1";"1";"2";"AUTOROUTE A1";"48,9085100";"2,3584100"
"202000014123";"22";"9";"2020";"11:14";"1";"69";"69273";"1";"1";"1";"2";"BUS (RD301)   4.470 A 7.000";"45,6788300";"4,8974600"
"202000014124";"24";"12";"2020";"20:18";"5";"973";"97302";"2";"1";"1";"3";"MADELEINE (ROUTE DE LA)";"4,9167000";" -52,3214400"
"202000014125";"24";"12";"2020";"19:18";"5";"973";"97302";"2";"2";"1";"3";"TECLE (EUGENE) CITE THEMIRE";"4,9344500";" -52,3208100"
"202000014126";"24";"12";"2020";"13:50";"1";"69";"69386";"2";"1";"1";"6";"VITTON                              (CO)";"45,7694800";"4,8516000"
"202000014127";"24";"12";"2020";"12:30";"1";"69";"69259";"2";"3";"1";"3";"CHARLES DE GAULLE                   (AV)";"45,7175300";"4,8916700"
"202000014128";"24";"12";"2020";"11:15";"1";"69";"69383";"2";"2";"1";"3";"LAFAYETTE                           (CO)";"45,7635903";"4,8429344"
"202000014129";"24";"12";"2020";"08:55";"1";"69";"69383";"2";"2";"1";"3";"PIERRE CORNEILLE                    (R )";"45,7593800";"4,8446300"
"202000014130";"23";"12";"2020";"11:45";"1";"69";"69387";"2";"2";"8";"6";"DEBOURG                             (AV)";"45,7315000";"4,8299200"
"202000014131";"24";"12";"2020";"15:45";"1";"972";"97213";"2";"1";"1";"6";"SCHOELCHER (RUE)";"14,6131800";" -61,0027400"
"202000014132";"24";"12";"2020";"07:05";"1";"971";"97101";"1";"1";"8";"1";"PERRIN";"16,2965600";" -61,5114300"
"202000014133";"23";"12";"2020";"19:30";"3";"95";"95014";"2";"3";"1";"3";"Route de la Croix Blanche";"49,0116700";"2,3048600"
"202000014134";"24";"12";"2020";"13:45";"1";"91";"91434";"2";"6";"3";"3";"CORBEIL (ROUTE DE)";"48,6620600";"2,3406300"
"202000014135";"24";"12";"2020";"11:23";"1";"87";"87085";"2";"1";"3";"6";"MAS-BOUYOL  (CITE ET BOULEVARD DU)";"45,8243200";"1,2265300"
"202000014136";"24";"12";"2020";"10:11";"1";"87";"87085";"2";"1";"2";"6";"ARCADES (BOULEVARD DES)";"45,8518300";"1,2633000"
"202000014137";"18";"12";"2020";"16:45";"1";"85";"85191";"2";"1";"8";"6";"NAPOLEON PLACE";"46,6700700";" -1,4273700"
"202000014138";"21";"12";"2020";"17:50";"5";"85";"85191";"2";"1";"2";"6";"MOREAU BOULEVARD STEPHANE";"46,6687000";" -1,4094100"
"202000014139";"23";"12";"2020";"16:20";"1";"76";"76351";"2";"1";"1";"6";"HOTEL DE VILLE (PLACE DE)";"49,4941800";"0,1096000"
"202000014140";"22";"12";"2020";"11:48";"1";"76";"76351";"2";"1";"1";"5";"JULES DURAND (BD)";"49,4915175";"0,1623700"
"202000014141";"24";"12";"2020";"17:30";"5";"69";"69256";"2";"2";"2";"1";"PABLO PICASSO                       (AV)";"45,7755400";"4,9173300"
"202000014142";"24";"12";"2020";"19:45";"5";"65";"65440";"2";"3";"2";"3";"EMBARQUEMENT (QUAI D')";"43,2412840";"0,0644290"
"202000014143";"22";"12";"2020";"15:00";"1";"64";"64445";"2";"2";"1";"3";"DIDIER DAURAT";"43,3293300";" -0,3795500"
"202000014144";"24";"12";"2020";"09:50";"1";"64";"64102";"2";"1";"3";"3";"SABALCE (CHEMIN DE)";"43,4914500";" -1,4910800"
"202000014145";"23";"12";"2020";"08:10";"3";"62";"62753";"1";"1";"3";" -1";"RD 919";"50,3206760";"2,8166410"
"202000014146";"22";"12";"2020";"17:57";"2";"61";"61001";"2";"1";"2";"6";"TISONS (RUE DES)";"48,4223000";"0,0936300"
"202000014147";"24";"12";"2020";"15:10";"1";"59";"59508";"2";"1";"2";"6";"LILLE (RUE DE)MENIN A 8 MAI 1945";"50,7376604";"3,1158203"
"202000014148";"23";"12";"2020";"18:00";"5";"56";"56083";"2";"1";"6";"6";"TROTTIER (RUE)";"47,8047800";" -3,2788200"
"202000014149";"23";"12";"2020";"15:15";"1";"56";"56121";"2";"1";"6";"4";"BELGIQUE (RUE  DE )";"47,7592200";" -3,3796300"
"202000014150";"23";"12";"2020";"18:20";"5";"55";"55545";"2";"1";"1";"7";"MIRIBEL ( AVENUE )";"49,1674000";"5,3870900"
"202000014151";"24";"12";"2020";"19:40";"5";"54";"54395";"2";"2";"3";"3";"OBERLIN (RUE)";"48,7032500";"6,1819800"
"202000014152";"23";"12";"2020";"17:30";"5";"54";"54395";"2";"1";"2";"3";"SAINT DIZIER (RUE 82 ET 113 A FIN)";"48,6916438";"6,1818400"
"202000014153";"23";"12";"2020";"18:10";"5";"54";"54257";"2";"3";"2";"2";"GUYNEMER (RUE)";"48,6562194";"6,1994024"
"202000014154";"23";"12";"2020";"17:10";"5";"54";"54547";"2";"1";"3";"6";"BELGIQUE (RUE DE)";"48,6662140";"6,1705010"
"202000014155";"24";"12";"2020";"17:35";"5";"51";"51454";"2";"3";"2";"4";"Boulevard Louis Roederer";"49,2569778";"4,0230613"
"202000014156";"24";"12";"2020";"14:15";"1";"49";"49007";"2";"1";"1";"7";"RECULEE HAUTE";"47,4833365";" -0,5532675"
"202000014157";"24";"12";"2020";"11:28";"1";"49";"49007";"2";"1";"1";"3";"Rue de la Madeleine";"47,4620300";" -0,5412900"
"202000014158";"23";"12";"2020";"19:50";"5";"47";"47001";"2";"1";"2";"1";"STRASBOURG (RUE DE)";"44,1994200";"0,6187800"
"202000014159";"24";"12";"2020";"15:00";"1";"45";"45234";"2";"2";"2";"3";"Rue de Bellebat-venelle de la voie";"47,9086047";"1,9185980"
"202000014160";"23";"12";"2020";"22:08";"3";"44";"44020";"1";"1";"6";" -1";"ROUTE DE PORNIC";"47,1905900";" -1,5786100"
"202000014161";"1";"12";"2020";"14:40";"1";"38";"38185";"2";"1";"2";"6";"Rue Raoul Blanchard";"45,1901700";"5,7288700"
"202000014162";"29";"11";"2020";"18:05";"5";"38";"38185";"2";"1";"1";"6";"Cours Jean Jaurès";"45,1851000";"5,7183000"
"202000014163";"24";"12";"2020";"17:22";"3";"37";"37122";"2";"1";"1";"7";"RD 37";"47,3409300";"0,6517200"
"202000014164";"24";"12";"2020";"15:00";"1";"37";"37261";"2";"2";"2";"6";"HALLES (PLACE DES)";"47,3928041";"0,6786793"
"202000014165";"24";"12";"2020";"09:05";"1";"35";"35238";"2";"2";"2";"3";"FREVILLE (AVENUE HENRI)";"48,0838000";" -1,6750300"
"202000014166";"23";"12";"2020";"17:50";"5";"34";"34172";"2";"1";"2";"3";"VALLOIS (RUE PROFESSEUR LEON)";"43,6144700";"3,8837400"
"202000014167";"23";"12";"2020";"20:00";"5";"31";"31555";"2";"1";"1";"3";"AV JEAN CHAUBET";"43,6052600";"1,4801400"
"202000014168";"23";"12";"2020";"19:25";"5";"31";"31149";"2";"1";"1";"3";"ESPLANADE FRANCOIS MITTERRAND ";"43,6057000";"1,3356600"
"202000014169";"23";"12";"2020";"19:13";"5";"30";"30189";"2";"1";"2";"6";"HUGO VICTOR (BOULEVARD)";"43,8370200";"4,3564300"
"202000014170";"17";"11";"2020";"16:15";"1";"30";"30028";"2";"1";"1";"6";"Place Pierre Boulot";"44,1610300";"4,6219500"
"202000014171";"22";"12";"2020";"12:45";"1";"29";"29019";"2";"2";"3";"3";"Rue Emile Rousse";"48,3865700";" -4,5282500"
"202000014172";"24";"12";"2020";"10:25";"1";"27";"27681";"2";"1";"2";"2";"JAURES (BOULEVARD JAURES)";"49,0946800";"1,4672910"
"202000014173";"23";"12";"2020";"13:55";"1";"26";"26058";"2";"2";"1";"3";"ALSACE LORRAINE RUE";"44,9490200";"4,8882100"
"202000014174";"23";"12";"2020";"12:50";"1";"25";"25056";"2";"2";"2";"6";"CHURCHILL BD WINSTON";"47,2474240";"5,9990500"
"202000014175";"23";"12";"2020";"13:30";"1";"21";"21231";"2";"4";"2";"6";"28 Rue de l’Arquebuse";"47,3222841";"5,0298001"
"202000014176";"23";"12";"2020";"17:45";"5";"17";"17415";"2";"2";"1";"3";"TRAVERSIERE SAINT VIVIEN RUE";"45,7518500";" -0,6323100"
"202000014177";"19";"12";"2020";"13:15";"1";"17";"17415";"1";"1";"1";"7";"N141";"45,7419000";" -0,6006400"
"202000014178";"25";"12";"2020";"01:10";"4";"17";"17028";"2";"1";"1";"2";"SALENGRO   AVENUE ROGER";"46,1401800";" -1,1343700"
"202000014179";"24";"12";"2020";"18:20";"5";"17";"17299";"2";"1";"1";"3";"BACHELARD AVENUE VICTOR-LOUIS";"45,9345520";" -0,9597340"
"202000014180";"23";"12";"2020";"19:35";"3";"16";"16113";"2";"1";"1";"1";"143 route de Bordeaux";"45,6069700";"0,0869230"
"202000014181";"24";"12";"2020";"11:35";"1";"13";"13077";"2";"1";"1";"6";"THOREZ MAURICE (avenue)";"43,4053800";"4,9808200"
"202000014182";"24";"12";"2020";"12:05";"1";"13";"13210";"2";"1";"1";"6";"L ARMEE D AFRIQUE (CHEMIN DE L')";"43,2877800";"5,4118100"
"202000014183";"22";"12";"2020";"16:30";"1";"13";"13004";"1";"1";"8";"4";"RTE N570 AVIGNON STES MARIES";"43,7038900";"4,6474700"
"202000014184";"24";"12";"2020";"09:20";"1";"06";"06088";"2";"2";"8";"7";"MONTEL (BD PAUL)";"43,6778300";"7,2051600"
"202000014185";"23";"12";"2020";"06:40";"3";"05";"05061";"1";"1";"9";"1";"RN85";"44,5813700";"6,0805700"
"202000014186";"23";"12";"2020";"22:16";"5";"75";"75106";"2";"3";"1";"3";"BOULEVARD SAINT GERMAIN";"48,8524900";"2,3387460"
"202000014187";"24";"12";"2020";"18:20";"5";"75";"75120";"2";"4";"1";"6";"RUE BELGRAND";"48,8648430";"2,4001800"
"202000014188";"24";"12";"2020";"12:10";"1";"75";"75117";"2";"1";"2";"2";"AVENUE MAC MAHON";"48,8780610";"2,2941600"
"202000014189";"24";"12";"2020";"15:10";"1";"75";"75116";"2";"1";"2";"2";"PONT DE SURESNES";"48,8666670";"2,2302980"
"202000014190";"23";"12";"2020";"19:40";"5";"75";"75116";"2";"1";"1";"6";"RUE BENJAMIN FRANKLIN";"48,8602110";"2,2857650"
"202000014191";"24";"12";"2020";"19:05";"5";"75";"75111";"2";"2";"8";"6";"AVENUE DE LA REPUBLIQUE";"48,8646090";"2,3780340"
"202000014192";"24";"12";"2020";"09:50";"1";"75";"75111";"2";"1";"8";"3";"AVENUE PHILIPPE AUGUSTE";"48,8529250";"2,3931020"
"202000014193";"24";"12";"2020";"16:00";"1";"75";"75107";"2";"7";"2";"6";"PLACE DE BRETEUIL";"48,8475450";"2,3119710"
"202000014194";"24";"12";"2020";"16:30";"1";"75";"75101";"2";"3";"2";"2";"QUAI DE LA MEGISSERIE";"48,8579680";"2,3444020"
"202000014195";"23";"12";"2020";"12:33";"1";"75";"75103";"2";"1";"2";"3";"RUE DU GRENIER SAINT LAZARE";"48,8627820";"2,3536470"
"202000014196";"22";"12";"2020";"12:00";"1";"94";"94081";"2";"3";"2";"3";"PRESIDENT SALVADOR ALLENDE (AV DU)";"48,7959394";"2,4126953"
"202000014197";"22";"12";"2020";"11:10";"1";"94";"94081";"2";"1";"8";"7";"STALINGRAD (BD DE)";"48,7956200";"2,3842000"
"202000014198";"24";"12";"2020";"10:40";"1";"94";"94068";"2";"1";"2";"6";"BAC (AV DU)";"48,7942900";"2,5118700"
"202000014199";"23";"12";"2020";"18:20";"5";"94";"94068";"2";"1";"1";"7";"CRETEIL (BD DE)";"48,7998300";"2,4717300"
"202000014200";"23";"12";"2020";"22:20";"5";"94";"94046";"2";"1";"1";"6";"FOCH (AV)";"48,8157600";"2,4393500"
"202000014201";"24";"12";"2020";"18:00";"5";"94";"94041";"2";"1";"2";"3";"VERDUN (AV DE)";"48,8116361";"2,3713045"
"202000014202";"24";"12";"2020";"11:21";"1";"94";"94054";"2";"1";"2";"3";"MARCEL CACHIN (AV)";"48,7471090";"2,4112030"
"202000014203";"24";"12";"2020";"09:00";"1";"94";"94078";"2";"1";"2";"6";"ANATOLE FRANCE (AV)";"48,7432080";"2,4521970"
"202000014204";"18";"12";"2020";"09:50";"1";"94";"94017";"2";"6";"1";"6";"ALFRED GREVIN (R)";"48,8149200";"2,5199700"
"202000014205";"24";"12";"2020";"16:30";"1";"94";"94071";"2";"1";"1";"6";"JEAN MOULIN (R)";"48,7751900";"2,5140170"
"202000014206";"24";"12";"2020";"14:15";"1";"93";"93079";"2";"3";"2";"3";"SAINT LEU (ROUTE)";"48,9541100";"2,3352000"
"202000014207";"21";"12";"2020";"14:00";"1";"93";"93079";"2";"1";"2";"1";"Rue Jules Ferry";"48,9621163";"2,3383847"
"202000014208";"24";"12";"2020";"14:54";"1";"92";"92062";"2";"3";"2";"3";"DE DION BOUTON (QUAI) DU 29 AU 65";"48,8855260";"2,2514340"
"202000014209";"23";"12";"2020";"17:40";"5";"92";"92051";"2";"2";"8";"3";"BINEAU (BOULEVARD, N°53 A 131 ET 52 A 13";"48,8953420";"2,2659410"
"202000014210";"23";"12";"2020";"18:40";"5";"92";"92049";"2";"1";"1";"6";"DORMOY AVENUE MARX N°102 A FIN";"48,8102280";"2,3133750"
"202000014211";"23";"12";"2020";"00:15";"5";"92";"92024";"2";"1";"3";"6";" ERIC TABARLY (QUAI)";"48,9121493";"2,3107570"
"202000014212";"24";"12";"2020";"15:35";"1";"92";"92012";"2";"1";"2";"7";"HENRI MARTIN (RUE)";"48,8374310";"2,2517720"
"202000014213";"23";"12";"2020";"21:00";"5";"92";"92004";"1";"1";"2";" -1";"PONT DE CLICHY";"48,9102283";"2,2992108"
"202000014214";"23";"12";"2020";"23:25";"5";"92";"92009";"2";"9";"2";"3";"EUROPE (AVENUE)";"48,9068500";"2,2614700"
"202000014215";"24";"12";"2020";"16:55";"1";"35";"35127";"1";"1";"7";"4";"RD 177";"47,9350850";" -1,8355110"
"202000014216";"24";"12";"2020";"19:15";"3";"60";"60335";"1";"2";"3";"3";"D930";"49,5400190";"1,8695320"
"202000014217";"25";"12";"2020";"06:30";"3";"17";"17193";"1";"2";"1";"6";"intersection D203  et   RD 939";"46,1235080";" -1,0469680"
"202000014218";"24";"12";"2020";"23:45";"5";"06";"06006";"2";"1";"1";"6";"424 Route de Castagniers";"43,7884220";"7,2430160"
"202000014219";"24";"12";"2020";"20:51";"3";"08";"08402";"1";"1";"1";"2";"A34";"49,5844760";"4,4884380"
"202000014220";"25";"12";"2020";"10:00";"1";"43";"43123";"1";"1";"4";"7";"A75";"45,3338720";"3,2725610"
"202000014221";"25";"12";"2020";"02:00";"3";"76";"76187";"1";"1";"2";"1";"CD 926";"49,7274060";"0,4372000"
"202000014222";"24";"12";"2020";"18:50";"3";"79";"79179";"1";"1";"1";"1";"N/A";"46,7587720";" -0,6207760"
"202000014223";"25";"12";"2020";"07:45";"2";"69";"69006";"2";"1";"4";"6";"1 Rue Daniel Fargeot";"45,9767220";"4,3341980"
"202000014224";"16";"12";"2020";"13:00";"1";"31";"31377";"1";"1";"6";"6";"D25";"43,4319170";"1,7256640"
"202000014225";"25";"12";"2020";"08:45";"1";"01";"01452";"1";"3";"8";"6";"D 904";"45,8424930";"5,6532700"
"202000014226";"24";"12";"2020";"19:05";"3";"58";"58258";"1";"1";"2";"1";"RD 981 PR 18+423";"46,8791000";"3,3046320"
"202000014227";"24";"12";"2020";"18:10";"3";"50";"50077";"1";"1";"6";"3";"RD 116";"49,6603290";" -1,5103730"
"202000014228";"24";"12";"2020";"09:00";"1";"45";"45228";"1";"1";"2";"3";"Route de Combreux";"48,0097150";"2,3491340"
"202000014229";"24";"12";"2020";"15:45";"1";"27";"27050";"1";"2";"7";" -1";"D133";"49,0933230";"0,8043620"
"202000014230";"24";"12";"2020";"19:45";"5";"30";"30274";"2";"1";"1";"3";"290 Montee des Rosiers";"44,1758630";"4,1152670"
"202000014231";"25";"12";"2020";"17:20";"3";"52";"52470";"1";"1";"8";"6";"D460";"47,9837962";"5,7871815"
"202000014232";"25";"12";"2020";"19:45";"5";"988";"98805";"2";"1";"1";"3";"Avenue d'Auteuil";" -22,2054790";"166,4766780"
"202000014233";"25";"12";"2020";"14:09";"1";"62";"62674";"1";"1";"8";"6";"Autoroute A 26 sens CALAIS - REIMS";"50,7394220";"2,1402100"
"202000014234";"24";"12";"2020";"23:00";"5";"973";"97311";"1";"9";"1";"7";"Rue du Village Pierre";"5,4685050";" -54,0459480"
"202000014235";"24";"12";"2020";"20:30";"5";"972";"97224";"1";"1";"1";"7";"53 Chemin Salubre";"14,6657770";" -61,0343580"
"202000014236";"25";"12";"2020";"14:00";"1";"29";"29233";"2";"1";"1";"7";"D16 - 151 Rue de Moëlan";"47,8595631";" -3,5642982"
"202000014237";"24";"12";"2020";"18:00";"3";"45";"45310";"1";"1";"2";"6";"D24-PR15 + 600";"48,2972200";"2,1797190"
"202000014238";"21";"12";"2020";"18:40";"5";"45";"45173";"2";"1";"1";"6";"06 rue du général de Gaulle";"47,8657670";"2,1242880"
"202000014239";"10";"12";"2020";"08:07";"2";"77";"77318";"1";"1";"1";"5";"D231";"48,7654350";"2,9192430"
"202000014240";"24";"12";"2020";"17:30";"3";"95";"95211";"1";"1";"2";"6";"D27";"49,0859390";"2,1072720"
"202000014241";"25";"12";"2020";"12:15";"1";"89";"89055";"1";"1";"8";"6";"D78";"47,9821590";"3,6269260"
"202000014242";"25";"12";"2020";"10:12";"1";"63";"63284";"2";"9";"2";"2";"Avenue Roger Coulon";"45,7982620";"3,2405980"
"202000014243";"24";"12";"2020";"18:55";"5";"42";"42202";"2";"1";"2";"6";"Rue du Relais de Poste";"45,7213470";"4,3422203"
"202000014244";"22";"12";"2020";"18:30";"5";"01";"01211";"2";"1";"1";"7";"Grande Rue";"46,1179970";"5,1947310"
"202000014245";"25";"12";"2020";"00:30";"3";"85";"85247";"1";"1";"1";"6";"La Louvrenière";"46,9719600";" -1,0871100"
"202000014246";"17";"12";"2020";"04:15";"3";"50";"50564";"2";"1";"1";"6";"Les Forges";"49,2419000";" -1,3191970"
"202000014247";"24";"12";"2020";"23:35";"3";"60";"60060";"1";"1";"2";"6";"N/A";"49,1819700";"2,2181010"
"202000014248";"24";"12";"2020";"18:17";"5";"13";"13055";"1";"1";"1";"4";"A507 sens Marseille - Aubagne";"43,2956300";"5,4244800"
"202000014249";"24";"12";"2020";"16:40";"2";"13";"13055";"1";"1";"1";"3";"A507 sens Marseille - Aubagne";"43,3313900";"5,3871500"
"202000014250";"23";"12";"2020";"12:15";"1";"83";"83137";"1";"1";"1";"6";"A50 Accès Tunnel Tube Nord";"43,1213200";"5,9533100"
"202000014251";"19";"11";"2020";"06:50";"5";"33";"33200";"2";"6";"2";"2";"MAGUDAS (AVE DE)";"44,8585000";" -0,6774300"
"202000014252";"19";"11";"2020";"14:00";"1";"32";"32013";"2";"1";"1";"3";"SADI-CARNOT (BOULEVARD)";"43,6408200";"0,5857600"
"202000014253";"18";"11";"2020";"08:45";"1";"31";"31149";"2";"1";"1";"6";"AUBE (ALLEE DE L')";"43,6181600";"1,3338700"
"202000014254";"19";"11";"2020";"18:48";"5";"31";"31555";"2";"1";"1";"6";"AV DU DR MAURICE GRYNFOGEL";"43,5806800";"1,3765000"
"202000014255";"19";"11";"2020";"12:35";"1";"27";"27681";"2";"1";"8";"2";"CHANTEREINE (PLACE)";"49,0960200";"1,4831400"
"202000014256";"19";"11";"2020";"18:23";"5";"17";"17300";"2";"1";"1";"3";"MOULIN   AVENUE JEAN";"46,1530500";" -1,1394500"
"202000014257";"19";"11";"2020";"05:55";"3";"13";"13117";"1";"1";"1";"6";"CHEMIN DEPARTEMENTAL CD 20";"43,4434690";"5,2320580"
"202000014258";"19";"11";"2020";"16:50";"1";"13";"13208";"2";"1";"1";"6";"DOCTEUR BERTRAND (RUE)";"43,2467588";"5,3818224"
"202000014259";"19";"11";"2020";"14:38";"1";"13";"13208";"2";"9";"1";"6";"ROUET (RUE DU)";"43,2790000";"5,3900000"
"202000014260";"19";"11";"2020";"13:00";"1";"13";"13206";"2";"2";"1";"6";"SAINT SEBASTIEN (RUE)";"43,2854900";"5,3825300"
"202000014261";"19";"11";"2020";"08:15";"1";"13";"13001";"2";"6";"1";"2";"GAUTIER DE LA LAUZIERE J.P (RUE)";"43,4824040";"5,3650812"
"202000014262";"19";"11";"2020";"14:15";"1";"09";"09122";"2";"1";"2";"1";"SIBIAN (AVENUE DE)";"42,9652000";"1,5936000"
"202000014263";"18";"11";"2020";"14:40";"1";"06";"06029";"1";"1";"1";"3";"PICAUD (AVENUE DU DOCTEUR)";"43,5503874";"6,9910220"
"202000014264";"18";"11";"2020";"10:30";"1";"04";"04112";"2";"1";"1";"6";"Parking laboratoire d'analyses de biologie médicale";"43,8303300";"5,8047400"
"202000014265";"19";"11";"2020";"18:20";"5";"75";"75119";"2";"1";"2";"3";"RUE MANIN";"48,8831180";"2,3866680"