"Num_Acc";"jour";"mois";"an";"hrmn";"lum";"dep";"com";"agg";"int";"atm";"col";"adr";"lat";"long"
"202000014266";"19";"11";"2020";"09:40";"1";"75";"75119";"2";"7";"1";"3";"PLACE AUGUSTE BARON";"48,9001090";"2,3883730"
"202000014267";"19";"11";"2020";"09:00";"1";"75";"75119";"2";"3";"1";"3";"BOULEVARD MACDONALD";"48,8987540";"2,3731440"
"202000014268";"19";"11";"2020";"13:45";"1";"75";"75118";"2";"2";"1";"6";"AVENUE DE LA PORTE DE MONTMARTRE";"48,8991500";"2,3362540"
"202000014269";"19";"11";"2020";"14:45";"1";"75";"75118";"2";"2";"2";"3";"BOULEVARD NEY";"48,8986940";"2,3593680"
"202000014270";"19";"11";"2020";"20:20";"5";"75";"75115";"2";"1";"2";"7";"RUE DE LA PORTE D ISSY";"48,8331960";"2,2823290"
"202000014271";"18";"11";"2020";"21:40";"5";"75";"75115";"2";"2";"1";"3";"QUAI BRANLY";"48,8545800";"2,2888500"
"202000014272";"19";"11";"2020";"10:40";"1";"75";"75114";"2";"3";"1";"3";"RUE FROIDEVAUX";"48,8366260";"2,3258340"
"202000014273";"17";"11";"2020";"13:48";"1";"75";"75113";"2";"2";"1";"1";"PONT CHARLES DE GAULLE";"48,8419210";"2,3678690"
"202000014274";"19";"11";"2020";"18:40";"1";"75";"75110";"2";"1";"2";"2";"RUE DU FAUBOURG SAINT DENIS";"48,8837840";"2,3592180"
"202000014275";"19";"11";"2020";"07:30";"1";"75";"75109";"2";"3";"1";"3";"RUE DU FAUBOURG POISSONNIERE";"48,8734460";"2,3479090"
"202000014276";"19";"11";"2020";"01:43";"5";"75";"75111";"2";"2";"2";"3";"RUE SAINT SABIN";"48,8574320";"2,3698460"
"202000014277";"19";"11";"2020";"10:00";"1";"75";"75101";"2";"2";"1";"3";"QUAI DE LA MEGISSERIE";"48,8572200";"2,3470980"
"202000014278";"18";"11";"2020";"19:20";"5";"75";"75104";"2";"2";"1";"3";"RUE DU PONT LOUIS PHILIPPE";"48,8546000";"2,3551790"
"202000014279";"19";"11";"2020";"11:55";"1";"94";"94081";"2";"1";"1";"6";"CHOISY (R DE)";"48,7847500";"2,4004000"
"202000014280";"19";"11";"2020";"19:50";"5";"94";"94080";"2";"1";"1";"6";"FONTENAY (R DE)";"48,8479000";"2,4430900"
"202000014281";"19";"11";"2020";"11:10";"1";"94";"94068";"2";"2";"8";"3";"GENERAL GIRAUD (BD DU)";"48,7934190";"2,4785900"
"202000014282";"19";"11";"2020";"20:30";"5";"94";"94037";"2";"1";"2";"3";"PAUL VAILLANT COUTURIER (AV)";"48,8200000";"2,3400000"
"202000014283";"19";"11";"2020";"09:10";"1";"94";"94065";"2";"1";"1";"3";"rue d'auvergne";"48,7601900";"2,3548500"
"202000014284";"19";"11";"2020";"11:20";"1";"94";"94004";"2";"9";"1";"2";"GENERAL LECLERC (AV DU)";"48,7538850";"2,5065600"
"202000014285";"19";"11";"2020";"13:08";"1";"93";"93078";"2";"1";"2";"6";"R HENRI BARBUSSE";"48,9648500";"2,5312500"
"202000014286";"18";"11";"2020";"11:10";"1";"93";"93073";"1";"9";"7";"6";"RTE DE LA CROIX DU PLATRE";"48,9843200";"2,5345700"
"202000014287";"19";"11";"2020";"14:44";"1";"93";"93049";"2";"3";"1";"5";"HENRIETTE SAVAETE (RUE)";"48,8574500";"2,4957800"
"202000014288";"18";"11";"2020";"12:10";"1";"93";"93063";"2";"3";"1";"6";"ORMES RUE DES";"48,8722218";"2,4399443"
"202000014289";"18";"11";"2020";"22:40";"3";"93";"93027";"1";"1";"1";"6";"SALENGRO (AVENUE ROGER)";"48,9375700";"2,3880800"
"202000014290";"19";"11";"2020";"14:45";"1";"92";"92072";"2";"1";"1";"6";"EUROPE (AVENUE DE L')";"48,8220960";"2,2070431"
"202000014291";"19";"11";"2020";"22:20";"3";"92";"92050";"2";"1";"1";"7";"SADI CARNOT RUE";"48,8884250";"2,2055309"
"202000014292";"19";"11";"2020";"10:00";"1";"92";"92050";"2";"1";"1";"2";"JOLIOT CURIE F. ET IRENE AVENUE  N°PAIRS";"48,8934800";"2,2114700"
"202000014293";"19";"11";"2020";"07:55";"1";"92";"92040";"2";"1";"1";"6";"GABRIEL PERI";"48,8201112";"2,2745427"
"202000014294";"19";"11";"2020";"19:27";"5";"92";"92024";"2";"1";"2";"7";"JEAN JAURES (BD) DE 47 A 109)   (56 A 14";"48,9010066";"2,3053801"
"202000014295";"19";"11";"2020";"12:25";"1";"92";"92019";"2";"2";"1";"3";"SALENGRO ROGER (RUE)";"48,7728133";"2,2757362"
"202000014296";"19";"11";"2020";"09:15";"1";"92";"92019";"2";"1";"1";"3";"Avenue de la Division Leclerc";"48,7619200";"2,2867900"
"202000014297";"18";"11";"2020";"18:17";"3";"92";"92019";"2";"1";"1";"6";"PLESSIS PIQUET (ROUTE DU)";"48,7694700";"2,2479900"
"202000014298";"19";"11";"2020";"20:30";"5";"92";"92007";"2";"3";"2";"6";"PASTEUR (AVENUE LOUIS) N° 1 A 39 ET 2 A";"48,7997613";"2,3179530"
"202000014299";"19";"11";"2020";"18:15";"1";"92";"92004";"1";"1";"2";"4";"DOCTEUR DERVAUX  ( QUAI DU )";"48,9087800";"2,2931600"
"202000014300";"19";"11";"2020";"18:15";"1";"92";"92009";"2";"1";"1";"6";"ARGENTEUIL ( AVENUE D' )";"48,9165668";"2,2821733"
"202000014301";"16";"11";"2020";"17:00";"1";"974";"97415";"1";"1";"1";"5";"Sans Souci";" -20,9736670";"55,3196920"
"202000014302";"20";"11";"2020";"01:00";"5";"974";"97415";"2";"4";"1";"3";"Grotte des Premiers Français (Parc)";" -21,0151160";"55,2608230"
"202000014303";"20";"11";"2020";"07:15";"2";"62";"62812";"1";"2";"1";"1";"D341";"50,6446930";"2,0348530"
"202000014304";"20";"11";"2020";"09:05";"1";"85";"85073";"1";"1";"1";"6";"D7";"46,4932220";" -1,1630490"
"202000014305";"20";"11";"2020";"03:15";"3";"988";"98812";"1";"1";"1";"7";"Karembe";" -20,6257830";"164,3405800"
"202000014306";"19";"11";"2020";"18:05";"1";"974";"97422";"2";"2";"1";"6";"Rue Jules Bertaut";" -21,2805300";"55,5168950"
"202000014307";"19";"11";"2020";"19:20";"3";"83";"83004";"1";"1";"1";"2";"Route Nationale 7";"43,4477000";"6,4785220"
"202000014308";"17";"11";"2020";"23:30";"3";"22";"22206";"1";"1";"1";"2";"N12";"48,5363330";" -3,0223940"
"202000014309";"14";"11";"2020";"17:05";"1";"974";"97410";"1";"1";"1";"4";"110 bis RN3";" -21,0649380";"55,7080010"
"202000014310";"20";"11";"2020";"19:40";"3";"50";"50175";"1";"1";"2";"6";"Route nationale 13 pk 31.300";"49,4827080";" -1,3911010"
"202000014311";"23";"10";"2020";"12:00";"1";"36";"36150";"1";"1";"3";"6";"N/A";"46,4361713";"1,4796408"
"202000014312";"19";"11";"2020";"18:24";"3";"62";"62268";"1";"2";"2";"3";"D127";"50,6739270";"1,8225720"
"202000014313";"19";"11";"2020";"17:20";"2";"34";"34310";"1";"3";"1";"3";"D154e1";"43,4103830";"3,1706390"
"202000014314";"19";"11";"2020";"10:45";"1";"22";"22366";"1";"1";"1";"6";"le yar";"48,6205630";" -3,5909410"
"202000014315";"19";"11";"2020";"19:40";"3";"29";"29274";"1";"1";"1";"7";"Lieu Dit Kereren";"47,9704300";" -3,7168340"
"202000014316";"19";"11";"2020";"19:40";"5";"29";"29003";"2";"3";"1";"3";"Rue de Kerivoas";"48,0286618";" -4,5568815"
"202000014317";"19";"11";"2020";"15:30";"1";"29";"29215";"2";"3";"1";"6";"Chemin de la Corniche";"47,9791460";" -4,4304080"
"202000014318";"19";"11";"2020";"09:40";"1";"31";"31118";"1";"1";"2";"1";"D29";"43,8035000";"1,3630240"
"202000014319";"20";"11";"2020";"18:05";"2";"38";"38130";"2";"1";"1";"6";"Avenue du Marechal Joffre";"45,3890440";"5,2710240"
"202000014320";"20";"11";"2020";"13:25";"1";"02";"02215";"2";"1";"1";"3";"5 Rue de Reims";"49,4622650";"3,8243810"
"202000014321";"20";"11";"2020";"16:45";"1";"03";"03128";"2";"4";"1";"6";"Rue de la Patarianne";"46,3712417";"2,4782774"
"202000014322";"20";"11";"2020";"15:15";"1";"01";"01320";"2";"1";"1";"6";"306 Route de Saint Laurent";"46,3022730";"4,8663430"
"202000014323";"20";"11";"2020";"04:50";"5";"66";"66124";"2";"1";"1";"6";"Boulevard du Cambre d'Aze";"42,4995120";"2,0413970"
"202000014324";"19";"11";"2020";"21:30";"5";"54";"54425";"2";"1";"1";"6";"3 Rue du Huit Mai";"49,3080700";"5,7829500"
"202000014325";"20";"11";"2020";"07:34";"2";"64";"64335";"1";"1";"1";"2";"Route de l'Aviation";"43,3604380";" -0,4147660"
"202000014326";"19";"11";"2020";"11:45";"1";"36";"36006";"2";"7";"1";"6";"3 Place de la République";"46,5887391";"1,5193754"
"202000014327";"19";"11";"2020";"18:00";"5";"67";"67471";"2";"1";"1";"6";"Rue des Rossignols";"48,6344540";"7,7369870"
"202000014328";"19";"11";"2020";"04:00";"3";"67";"67471";"2";"1";"1";"7";"Rue du Ried";"48,6352590";"7,7695170"
"202000014329";"9";"11";"2020";"12:15";"1";"973";"97309";"2";"1";"1";"1";"Avenue Gaston Monnerville";"4,8875590";" -52,2799230"
"202000014330";"20";"11";"2020";"05:55";"3";"68";"68297";"1";"1";"2";"2";"A35";"47,5780460";"7,5582930"
"202000014331";"19";"11";"2020";"23:47";"3";"47";"47046";"1";"1";"1";"1";"A62";"44,3665904";"0,2425077"
"202000014332";"19";"11";"2020";"14:10";"1";"987";"98729";"1";"1";"2";"2";"RT 91";" -17,4819310";" -149,8007995"
"202000014333";"19";"11";"2020";"19:30";"4";"973";"97305";"2";"1";"1";"6";"35 Avenue Pripri Soula";"4,9299430";" -52,4100480"
"202000014334";"20";"11";"2020";"11:45";"1";"45";"45226";"2";"1";"1";"7";"9 Route de Sully";"47,7917955";"2,2522569"
"202000014335";"20";"11";"2020";"16:10";"1";"04";"04197";"2";"1";"1";"6";"RD 4096";"43,7805370";"5,7679560"
"202000014336";"19";"11";"2020";"11:00";"1";"70";"70026";"2";"6";"1";"6";"8 Place Aristide Briand";"47,4559940";"5,5880570"
"202000014337";"20";"11";"2020";"12:00";"1";"52";"52269";"2";"2";"1";"3";"avenue de l'Europe";"47,8716190";"5,3375850"
"202000014338";"20";"11";"2020";"12:00";"1";"57";"57474";"2";"1";"1";"6";"Rue de Boussange";"49,2581700";"6,1599610"
"202000014339";"20";"11";"2020";"07:00";"2";"74";"74220";"1";"1";"2";"4";"Route de l'Eculaz";"46,1386830";"6,2858480"
"202000014340";"20";"11";"2020";"16:20";"1";"64";"64067";"1";"6";"1";"3";"d837";"43,2438120";" -0,2891960"
"202000014341";"20";"11";"2020";"06:15";"4";"85";"85151";"2";"1";"1";"7";"D92, le gautreau";"46,9875860";" -0,9324580"
"202000014342";"20";"11";"2020";"04:40";"3";"27";"27249";"1";"1";"1";"6";"D69 PR 10.840";"49,1747460";"1,2580630"
"202000014343";"19";"11";"2020";"09:00";"1";"13";"13207";"1";"1";"1";"6";"Tunnel Prado Carénage";"43,2850510";"5,3842560"
"202000014344";"13";"11";"2020";"08:05";"1";"83";"83123";"1";"1";"1";"5";"A50";"43,1464222";"5,7761264"
"202000014345";"19";"11";"2020";"16:08";"1";"33";"33550";"1";"1";"1";"2";"ROCADE A 630";"44,7796000";" -0,5739700"
"202000014346";"18";"11";"2020";"20:45";"3";"91";"91235";"1";"1";"1";"2";"RN 104";"48,6261000";"2,3551000"
"202000014347";"19";"11";"2020";"19:30";"3";"93";"93005";"1";"1";"2";"4";"AUTOROUTE A3";"48,9680356";"2,4778582"
"202000014348";"18";"11";"2020";"20:10";"3";"93";"93078";"1";"1";"1";"5";"AUTOROUTE A104";"48,9592500";"2,5371600"
"202000014349";"18";"11";"2020";"16:25";"1";"93";"93048";"1";"1";"1";"4";"AUTOROUTE A86";"48,8642500";"2,4323600"
"202000014350";"19";"11";"2020";"09:15";"1";"94";"94046";"1";"1";"1";"4";"A86 INT";"48,8097497";"2,4488551"
"202000014351";"19";"11";"2020";"08:40";"1";"94";"94073";"1";"1";"1";"2";"A86 EXT";"48,7658022";"2,3793953"
"202000014352";"18";"11";"2020";"19:35";"3";"77";"77146";"1";"1";"1";"6";"A4.Y";"48,8323200";"2,6603100"
"202000014353";"18";"11";"2020";"12:25";"1";"94";"94042";"1";"1";"1";"4";"A4";"48,8280073";"2,4730466"
"202000014354";"5";"2";"2020";"19:00";"5";"93";"93050";"2";"2";"1";"3";"JEAN JAURES (AVENUE) COTE MAISON BLANCHE";"48,8656132";"2,5640742"
"202000014355";"31";"8";"2020";"15:15";"1";"67";"67482";"2";"3";"8";"3";"OBERHAUSBERGEN (ROUTE D )";"48,5950600";"7,7101400"
"202000014356";"11";"8";"2020";"16:10";"1";"67";"67482";"1";"1";"1";"6";"N.4 Contournement Sud";"48,5711870";"7,7291340"
"202000014357";"19";"9";"2020";"14:40";"1";"27";"27229";"2";"1";"1";"6";"ARGENCE (RUE D')";"49,0322500";"1,1592500"
"202000014358";"18";"11";"2020";"11:05";"1";"988";"98818";"2";"3";"1";"2";"RUE TARAGNAT/RUE DU R.P. ROMAN";" -22,2717500";"166,4532900"
"202000014359";"18";"11";"2020";"08:40";"1";"976";"97611";"2";"1";"1";"1";"m'tsapere-Pont (ruelle du )";" -12,7910419";"45,2225778"
"202000014360";"18";"11";"2020";"18:45";"5";"973";"97302";"2";"1";"3";"6";"MONTABO (ROUTE DE) 1";"4,9439400";" -52,3078400"
"202000014361";"18";"11";"2020";"12:50";"1";"973";"97302";"1";"6";"1";"3";"CRIQUE FOUILLEE (ROND POINT)";"4,8967500";" -52,3289700"
"202000014362";"18";"11";"2020";"16:10";"1";"69";"69259";"2";"1";"1";"5";"YVES FARGE (RN 7)                   (BD)";"45,6985200";"4,8575000"
"202000014363";"18";"11";"2020";"14:15";"1";"69";"69387";"2";"3";"1";"1";"JEAN MACE                           (PL)";"45,7458900";"4,8417200"
"202000014364";"18";"11";"2020";"14:50";"1";"69";"69286";"2";"3";"1";"6";"ROUTE DE STRASBOURG D 483           (RO)";"45,8206795";"4,8967422"
"202000014365";"18";"11";"2020";"12:00";"1";"69";"69149";"2";"3";"1";"3";"GRANDE RUE                          (GR)";"45,7081557";"4,7985256"
"202000014366";"17";"11";"2020";"20:50";"5";"971";"97113";"2";"1";"1";"7";"SECTION PLIANE";"16,2165100";" -61,4403000"
"202000014367";"18";"11";"2020";"15:00";"1";"91";"91286";"2";"3";"1";"4";"RADARS (RUE DES)";"48,6500000";"2,3700000"
"202000014368";"18";"11";"2020";"09:45";"1";"83";"83069";"2";"9";"1";"3";"PETIT (ROND POINT HENRI)";"43,1135500";"6,1237800"
"202000014369";"10";"11";"2020";"14:25";"1";"76";"76540";"1";"1";"1";"2";"A150";"49,4508063";"1,0574899"
"202000014370";"17";"11";"2020";"16:50";"2";"76";"76498";"2";"2";"1";"5";"CANADIENS. AVENUE DES";"49,4139800";"1,0739700"
"202000014371";"10";"10";"2020";"12:35";"1";"76";"76565";"1";"3";"1";"3";"RD 54";"49,8719250";"1,0662336"
"202000014372";"18";"11";"2020";"08:20";"1";"72";"72181";"2";"7";"1";"6";"CHASSE ROYALE (PL DE LA)";"48,0141600";"0,1869800"
"202000014373";"17";"11";"2020";"16:05";"1";"71";"71153";"2";"1";"1";"7";"GUYNEMER (RUE)";"46,8018429";"4,4469953"
"202000014374";"18";"11";"2020";"11:05";"1";"71";"71076";"2";"3";"1";"3";"MONGE (RUE )";"46,7976700";"4,8409300"
"202000014375";"18";"11";"2020";"08:00";"2";"69";"69029";"2";"2";"1";"6";"PIERRE ALLARD                       (AV)";"45,7391500";"4,9102500"
"202000014376";"17";"11";"2020";"20:00";"5";"69";"69264";"2";"1";"1";"6";"NATIONALE  R";"45,9923400";"4,7188700"
"202000014377";"10";"11";"2020";"06:35";"5";"68";"68297";"2";"1";"1";"3";"HUNINGUE ( RUE DE )";"47,5860200";"7,5610500"
"202000014378";"18";"11";"2020";"07:30";"2";"64";"64348";"2";"1";"1";"3";"FREDERIC ET IRENE JOLIOT CURIE";"43,3045432";" -0,4193580"
"202000014379";"24";"10";"2020";"19:00";"2";"59";"59350";"2";"4";"1";"3";"PAVILLONS RUE DES";"50,6220800";"3,0928800"
"202000014380";"17";"11";"2020";"14:05";"1";"54";"54526";"1";"1";"1";"3";"RD2B";"48,6837800";"6,2211200"
"202000014381";"16";"11";"2020";"13:30";"1";"50";"50129";"2";"1";"1";"6";"PARIS (AVENUE DE)";"49,6296200";" -1,6179900"
"202000014382";"16";"11";"2020";"10:20";"1";"49";"49099";"2";"3";"2";"3";"LAENNEC (RUE DU DOCTEUR RENE)";"47,0561000";" -0,8692300"
"202000014383";"17";"11";"2020";"16:35";"1";"47";"47323";"1";"1";"1";"1";"PECHARGOU (SUD)";"44,4155200";"0,7552500"
"202000014384";"18";"11";"2020";"14:13";"1";"45";"45302";"2";"6";"1";"6";"Rue Elsa Triolet";"47,9318100";"1,8888400"
"202000014385";"18";"11";"2020";"11:19";"1";"45";"45234";"2";"1";"1";"1";"Rue Gustave Eiffel";"47,9233800";"1,9404300"
"202000014386";"18";"11";"2020";"10:35";"1";"41";"41269";"2";"1";"7";"6";"SAULNERIE (RUE)";"47,7912700";"1,0653200"
"202000014387";"18";"11";"2020";"13:06";"1";"38";"38544";"2";"3";"1";"3";"Quai Claude Bernard";"45,5376300";"4,8677400"
"202000014388";"17";"11";"2020";"11:20";"1";"37";"37122";"2";"1";"1";"7";"GITONNIERE (RUE DE LA)";"47,3379360";"0,6599762"
"202000014389";"2";"11";"2020";"10:45";"1";"35";"35093";"2";"7";"2";"6";"17 Place de la République";"48,6335000";" -2,0563200"
"202000014390";"18";"11";"2020";"07:55";"2";"35";"35115";"2";"1";"1";"6";"103 Avenue de la Verrerie";"48,3669700";" -1,1842600"
"202000014391";"18";"11";"2020";"14:00";"1";"32";"32013";"2";"6";"1";"3";"AGEN (ROUTE D')";"43,6611100";"0,5991600"
"202000014392";"18";"11";"2020";"09:45";"1";"30";"30189";"2";"1";"1";"6";"LANDI  LOUIS";"43,8186200";"4,3571100"
"202000014393";"17";"11";"2020";"08:40";"1";"29";"29039";"2";"1";"1";"7";"D322 - Rue de Trégunc";"47,8732900";" -3,9051300"
"202000014394";"13";"11";"2020";"19:10";"3";"27";"27562";"1";"1";"1";"6";"REANVILLE (CHEMIN DE)";"49,0939300";"1,4221900"
"202000014395";"18";"11";"2020";"08:10";"1";"27";"27681";"2";"3";"1";"6";"SAINT LAZARE (RUE)";"49,0963600";"1,4759700"
"202000014396";"18";"11";"2020";"09:25";"1";"26";"26198";"2";"1";"7";"6";"7 Rue Paul Loubet";"44,5629760";"4,7473810"
"202000014397";"18";"11";"2020";"08:45";"1";"24";"24037";"2";"1";"1";"3";"DE GAULLE (AVENUE DU GENERAL)";"44,8355000";"0,4512000"
"202000014398";"8";"11";"2020";"19:00";"5";"22";"22278";"2";"1";"1";"5";"71° RI (DU)";"48,5115000";" -2,7642700"
"202000014399";"18";"11";"2020";"09:15";"1";"14";"14118";"2";"3";"1";"3";"DETOLLE (BOULEVARD ANDRE)";"49,1754500";" -0,3893200"
"202000014400";"18";"11";"2020";"20:00";"5";"13";"13209";"2";"1";"1";"4";"LÉON LACHAMP (ROUTE)";"43,2482800";"5,4364700"
"202000014401";"18";"11";"2020";"20:00";"5";"13";"13209";"2";"1";"1";"1";"GAYE (TRAVERSE DE LA)";"43,2571170";"5,4083530"
"202000014402";"18";"11";"2020";"12:15";"1";"13";"13205";"2";"3";"1";"3";"VITALIS (RUE)";"43,2940750";"5,3930060"
"202000014403";"18";"11";"2020";"07:45";"1";"13";"13214";"2";"1";"1";"3";"CAPITAINE GEZE (BOULEVARD)";"43,3314406";"5,3759830"
"202000014404";"17";"11";"2020";"12:45";"1";"13";"13216";"2";"9";"1";"3";"FONTAINE FR (ROND-POINT)";"43,3578700";"5,3212900"
"202000014405";"18";"11";"2020";"07:55";"1";"07";"07019";"1";"1";"1";"6";"LEONCE VERNY (AVENUE)";"44,6233100";"4,3873200"
"202000014406";"18";"11";"2020";"11:20";"1";"06";"06069";"2";"1";"1";"3";"PROVENCE (AVENUE DE)";"43,6581370";"6,9285890"
"202000014407";"8";"11";"2020";"12:49";"1";"05";"05061";"2";"1";"2";"1";"VEYNES ( AVENUE DE  )";"44,5574710";"6,0694370"
"202000014408";"18";"11";"2020";"16:15";"1";"75";"75112";"2";"1";"1";"6";"RUE TRAVERSIERE";"48,8484420";"2,3741800"
"202000014409";"18";"11";"2020";"11:30";"1";"75";"75120";"2";"1";"1";"6";"RUE SAINT FARGEAU";"48,8713700";"2,4013100"
"202000014410";"17";"11";"2020";"23:00";"5";"75";"75120";"2";"1";"1";"3";"AVENUE DU PROFESSEUR ANDRE LEMIERE";"48,8551500";"2,4151980"
"202000014411";"16";"11";"2020";"21:40";"5";"75";"75118";"2";"1";"1";"2";"ECHANGEUR CHAPELLE";"48,9012770";"2,3611890"
"202000014412";"18";"11";"2020";"16:15";"1";"75";"75116";"2";"1";"1";"2";"BOULEVARD LANNES";"48,8635710";"2,2689830"
"202000014413";"18";"11";"2020";"16:20";"1";"75";"75116";"2";"2";"1";"3";"AVENUE KLEBER";"48,8650430";"2,2887110"
"202000014414";"18";"11";"2020";"07:21";"5";"75";"75109";"2";"2";"1";"3";"RUE LA FAYETTE";"48,8736080";"2,3353080"
"202000014415";"18";"11";"2020";"19:40";"5";"75";"75108";"2";"2";"1";"3";"BOULEVARD DE COURCELLES";"48,8811370";"2,3153400"
"202000014416";"18";"11";"2020";"10:52";"1";"75";"75117";"2";"7";"1";"3";"AVENUE DE VILLIERS";"48,8825080";"2,3105270"
"202000014417";"18";"11";"2020";"15:40";"1";"75";"75101";"2";"1";"1";"6";"RUE SAINT HONORE";"48,8641950";"2,3334720"
"202000014418";"18";"11";"2020";"12:00";"1";"94";"94080";"2";"9";"1";"6";"MIDI (R DU)";"48,8470800";"2,4377500"
"202000014419";"18";"11";"2020";"12:30";"1";"94";"94076";"2";"1";"1";"6";"PASTEUR (R)";"48,8040000";"2,3660000"
"202000014420";"18";"11";"2020";"12:30";"1";"94";"94079";"2";"3";"1";"6";"GENERAL GALLIENI (RUE DU)";"48,8259600";"2,5404500"
"202000014421";"18";"11";"2020";"08:00";"1";"94";"94017";"2";"1";"1";"3";"STALINGRAD (BD DE)";"48,8209400";"2,4995500"
"202000014422";"3";"11";"2020";"15:25";"1";"93";"93066";"2";"1";"1";"5";"R AMBROISE CROISAT";"48,9356831";"2,3463068"
"202000014423";"18";"11";"2020";"07:40";"2";"93";"93046";"2";"2";"1";"3";"JEAN JAURES BOULEVARD";"48,9207413";"2,5262110"
"202000014424";"18";"11";"2020";"08:15";"1";"93";"93046";"2";"1";"1";"6";"EDOUARD VAILLANT BOULEVARD";"48,9195400";"2,5147200"
"202000014425";"18";"11";"2020";"20:15";"5";"93";"93013";"2";"1";"1";"3";"ELISE DEROCHE (Avenue)";"48,9324457";"2,4271409"
"202000014426";"18";"11";"2020";"15:30";"1";"93";"93008";"2";"1";"1";"3";"VAILLANT COUTURIER (AVENUE PAUL)";"48,9058000";"2,4659100"
"202000014427";"18";"11";"2020";"17:10";"2";"93";"93005";"2";"9";"1";"6";"LOUIS BLANC (AVENUE)";"48,9228802";"2,5043118"
"202000014428";"18";"11";"2020";"08:30";"1";"92";"92064";"2";"1";"7";"7";"DAILLY";"48,8459264";"2,2183197"
"202000014429";"18";"11";"2020";"11:10";"1";"92";"92051";"2";"1";"1";"3";"MAILLOT (BOULEVARD)";"48,8781252";"2,2769413"
"202000014430";"17";"11";"2020";"14:05";"1";"92";"92025";"2";"2";"1";"3";"KLEBER (AV)";"48,9356402";"2,2609010"
"202000014431";"17";"11";"2020";"05:55";"5";"92";"92025";"2";"2";"1";"3";"KLEBER (AV)";"48,9310700";"2,2441300"
"202000014432";"17";"11";"2020";"14:00";"1";"92";"92002";"2";"1";"1";"2";"DIVISION LECLERC (53 A 217 - 58 A 186)";"48,7456900";"2,3034500"
"202000014433";"19";"11";"2020";"07:45";"2";"35";"35127";"1";"2";"9";"3";"La Roche Blanche";"47,9266630";" -1,8525150"
"202000014434";"19";"11";"2020";"14:15";"1";"83";"83131";"1";"1";"1";"1";"route départemental 554";"43,2284450";"6,0140810"
"202000014435";"18";"11";"2020";"17:15";"1";"30";"30117";"1";"1";"1";" -1";"pont sur le petit Rhones";"43,6870220";"4,6056960"
"202000014436";"24";"10";"2020";"07:30";"2";"89";"89066";"1";"1";"1";"1";"D905";"48,1280540";"3,4994880"
"202000014437";"18";"11";"2020";"14:35";"1";"65";"65080";"2";"3";"1";"3";"Rue du Vignemale";"43,1553910";"0,0247940"
"202000014438";"19";"11";"2020";"07:57";"1";"71";"71095";"1";"1";"2";"1";"En Gotard";"46,2751151";"4,2956727"
"202000014439";"6";"10";"2020";"14:10";"1";"61";"61100";"1";"1";"8";"7";"D930";"48,7186940";"0,6186680"
"202000014440";"19";"11";"2020";"14:00";"1";"12";"12270";"1";"1";"1";"1";"D995";"44,3184140";"3,0920400"
"202000014441";"18";"11";"2020";"19:00";"3";"42";"42128";"1";"1";"1";"6";"Chemin de la Fontaniere";"45,9339752";"4,3017017"
"202000014442";"17";"11";"2020";"09:20";"1";"86";"86281";"1";"2";"1";"4";"Noiron";"46,7411990";"0,2055860"
"202000014443";"19";"11";"2020";"09:45";"1";"72";"72289";"1";"9";"7";"1";"D38";"48,1464600";"0,1594410"
"202000014444";"19";"11";"2020";"06:15";"3";"72";"72348";"1";"1";"1";"1";"D31 - La Garenne";"47,9772540";" -0,1031680"
"202000014445";"10";"5";"2020";"18:25";"1";"49";"49049";"1";"1";"1";"6";"Beaufort-en-Anjou";"47,4430660";" -0,1757810"
"202000014446";"11";"5";"2020";"08:20";"1";"01";"01031";"1";"1";"3";"6";"A404";"46,2514740";"5,6257379"
"202000014447";"5";"5";"2020";"14:15";"1";"33";"33284";"1";"1";"1";"6";"A660";"44,6242700";" -0,8591300"
"202000014448";"6";"5";"2020";"06:00";"5";"95";"95604";"2";"1";"1";"3";"2 Rue Jean Jaurès";"49,0970850";"2,5435080"
"202000014449";"9";"5";"2020";"19:00";"1";"41";"41252";"1";"9";"1";"3";"D2152";"47,6684260";"1,4668040"
"202000014450";"11";"5";"2020";"18:20";"1";"34";"34023";"2";"1";"1";"6";"Avenue de Montpellier";"43,4445070";"3,6807420"
"202000014451";"11";"5";"2020";"06:40";"1";"84";"84132";"1";"1";"2";"2";"Route des Vignères";"43,9011050";"5,0035640"
"202000014452";"5";"5";"2020";"07:30";"1";"83";"83016";"1";"1";"1";"6";"Route de Toulon a Marseille";"43,2053800";"5,8093200"
"202000014453";"11";"5";"2020";"08:50";"1";"26";"26041";"1";"1";"1";"3";"Autoroute du Soleil ";"45,2167370";"4,8608060"
"202000014454";"11";"5";"2020";"16:55";"1";"70";"70310";"2";"9";"3";"3";"2 Rue Jean Girardot";"47,6780660";"6,5065400"
"202000014455";"11";"5";"2020";"14:35";"1";"70";"70310";"1";"1";"2";"6";"Route départementale 18 La Saline";"47,6595780";"6,5004300"
"202000014456";"11";"5";"2020";"10:24";"1";"67";"67348";"2";"1";"3";"6";"155 Route d'Ottrott";"48,4618096";"7,4746082"
"202000014457";"11";"5";"2020";"12:20";"1";"69";"69278";"2";"6";"1";"3";"rond point de la dombe";"45,8967000";"4,8197000"