"Num_Acc";"jour";"mois";"an";"hrmn";"lum";"dep";"com";"agg";"int";"atm";"col";"adr";"lat";"long"
"202000014458";"11";"5";"2020";"06:45";"2";"33";"33019";"1";"1";"3";"1";"Route départementale 3, PK 90+600";"44,6995800";" -1,0231300"
"202000014459";"9";"5";"2020";"19:00";"1";"69";"69295";"1";"1";"1";"7";"A 46";"45,6131000";"4,8782000"
"202000014460";"9";"5";"2020";"23:30";"5";"92";"92064";"1";"1";"3";"2";"A13";"48,8453631";"2,2232026"
"202000014461";"10";"5";"2020";"02:00";"3";"93";"93051";"1";"1";"3";" -1";"A4";"48,8359041";"2,5586648"
"202000014462";"9";"5";"2020";"21:40";"5";"69";"69387";"2";"1";"1";"6";"GARIBALDI                           (R )";"45,7525600";"4,8535500"
"202000014463";"9";"5";"2020";"12:50";"1";"69";"69387";"2";"1";"1";"6";"BERTHELOT (AV)                   (R )";"45,7464500";"4,8378500"
"202000014464";"8";"5";"2020";"10:50";"1";"69";"69034";"2";"1";"1";"6";"VASSIEUX (DE)                       (CH)";"45,7959517";"4,8677810"
"202000014465";"8";"5";"2020";"15:30";"1";"69";"69256";"2";"3";"1";"3";"GEORGES DIMITROV                    (AV)";"45,7768300";"4,9232000"
"202000014466";"8";"5";"2020";"08:40";"1";"52";"52125";"1";"1";"1";"7";"R.D. 417";"48,1073500";"5,2002000"
"202000014467";"8";"5";"2020";"20:30";"1";"51";"51454";"2";"1";"1";"3";"Boulevard Albert 1er";"49,2748288";"4,0171759"
"202000014468";"9";"5";"2020";"20:45";"1";"33";"33039";"1";"1";"3";"1";"Avenue Jeanne d'Arc";"44,7946500";" -0,5424300"
"202000014469";"9";"5";"2020";"05:00";"5";"33";"33063";"2";"1";"2";"6";"BD DU PRESIDENT WILSON";"44,8522100";" -0,5946400"
"202000014470";"8";"5";"2020";"11:53";"1";"10";"10333";"2";"1";"1";"3";"ANTES (RUE)";"48,2798000";"4,0456000"
"202000014471";"9";"5";"2020";"07:15";"1";"75";"75112";"2";"1";"8";"3";"PORTE DOREE";"48,8341020";"2,4092900"
"202000014472";"8";"5";"2020";"20:10";"2";"75";"75112";"2";"1";"1";"2";"BOULEVARD PERIPHERIQUE";"48,8284710";"2,3974180"
"202000014473";"8";"5";"2020";"01:50";"5";"75";"75107";"2";"3";"1";"7";"RUE DE GRENELLE";"48,8584110";"2,3112110"
"202000014474";"9";"5";"2020";"19:30";"1";"75";"75120";"2";"1";"1";"3";"BOULEVARD DE CHARONNE";"48,8569920";"2,3937260"
"202000014475";"8";"5";"2020";"22:00";"5";"75";"75115";"2";"2";"2";"3";"RUE MARMONTEL";"48,8371820";"2,3001450"
"202000014476";"7";"5";"2020";"21:00";"5";"75";"75111";"2";"7";"1";"7";"PLACE DE LA NATION";"48,8489150";"2,3955970"
"202000014477";"9";"5";"2020";"16:30";"1";"94";"94068";"2";"3";"1";"3";"MURIERS (BD DES)";"48,7891000";"2,4978100"
"202000014478";"9";"5";"2020";"21:10";"3";"94";"94018";"2";"3";"8";"6";"GENERAL CHANZY (R DU)";"48,8267900";"2,4035400"
"202000014479";"8";"5";"2020";"21:50";"4";"93";"93070";"2";"1";"1";"2";"SEINE (QUAI DE)";"48,9147400";"2,3195100"
"202000014480";"9";"5";"2020";"22:10";"5";"93";"93063";"2";"1";"2";"1";"AV PAUL VAILLANT COUTURIER";"48,8850900";"2,4345300"
"202000014481";"9";"5";"2020";"11:40";"1";"92";"92026";"2";"1";"8";"7";"BOULEVARD CIRCULAIRE";"48,8886998";"2,2505048"
"202000014482";"8";"5";"2020";"10:30";"1";"44";"44144";"1";"1";"1";"6";"La Poiteviniere";"47,5508980";" -1,3187460"
"202000014483";"10";"5";"2020";"06:45";"1";"972";"97218";"1";"1";"1";"6";"N3";"14,7499290";" -61,1038390"
"202000014484";"10";"5";"2020";"05:15";"1";"41";"41250";"2";"1";"8";"6";"25 Rue des Ponts de Braye";"47,7684200";"0,7206320"
"202000014485";"9";"5";"2020";"13:50";"1";"35";"35024";"2";"1";"1";"1";"11 Rue de Rome";"48,1794262";" -1,6618252"
"202000014486";"9";"5";"2020";"19:40";"1";"51";"51113";"1";"1";"1";"7";"D933";"48,8793502";"3,7894020"
"202000014487";"10";"5";"2020";"08:40";"1";"71";"71158";"2";"1";"1";"3";"Chemin du Colombier";"46,5596106";"4,9970774"
"202000014488";"9";"5";"2020";"10:45";"1";"71";"71468";"1";"1";"1";"7";"Route de la Rouelle";"46,8505421";"4,5465237"
"202000014489";"8";"5";"2020";"18:57";"1";"12";"12148";"2";"3";"7";"3";"Chemin des Glandolières";"44,4804630";"2,2248440"
"202000014490";"10";"5";"2020";"15:45";"1";"68";"68208";"2";"1";"1";"7";"15 Rue de la Liberté";"47,5647570";"7,4411070"
"202000014491";"10";"5";"2020";"01:00";"3";"25";"25493";"1";"1";"2";"6";"D47";"46,8688320";"6,2458240"
"202000014492";"9";"5";"2020";"21:45";"2";"44";"44036";"2";"1";"1";"6";"9 Rue du 8 Mai 1945";"47,7094640";" -1,3814240"
"202000014493";"10";"5";"2020";"07:00";"1";"31";"31349";"1";"1";"1";"6";"Pater";"43,2325600";"1,0659770"
"202000014494";"9";"5";"2020";"17:15";"1";"05";"05146";"1";"1";"1";"7";"D511";"44,6183620";"5,6989150"
"202000014495";"9";"5";"2020";"14:20";"1";"73";"73262";"1";"3";"1";"3";"D 1212";"45,8136210";"6,5080444"
"202000014496";"10";"5";"2020";"16:00";"1";"37";"37241";"1";"2";"1";"7";"345 La Gitiere";"47,4287361";"0,3353274"
"202000014497";"14";"3";"2020";"23:30";"3";"988";"98832";"2";"1";"2";"6";"TRIBU D'UNIA/YATE";" -22,0581190";"166,8968730"
"202000014498";"8";"5";"2020";"23:00";"3";"83";"83068";"1";"1";"1";"7";"RD 61 A";"43,2705340";"6,5529160"
"202000014499";"9";"5";"2020";"18:10";"1";"54";"54432";"2";"4";"1";"6";"12 Rue Jean Jaurès";"48,6057890";"6,0992260"
"202000014500";"9";"5";"2020";"19:50";"2";"60";"60282";"1";"6";"8";"2";"Pont des Planches";"49,2064530";"2,4617850"
"202000014501";"9";"5";"2020";"16:15";"1";"92";"92050";"1";"1";"1";"6";"A86";"48,9043170";"2,2076070"
"202000014502";"8";"5";"2020";"23:25";"3";"95";"95572";"1";"1";"1";"6";"AUTOROUTE A15";"49,0337200";"2,1040400"
"202000014503";"8";"5";"2020";"03:45";"3";"988";"98818";"2";"1";"3";"1";"ROUTE STRATEGIQUE - RUE PAUL CACOT";" -22,2652300";"166,4476910"
"202000014504";"8";"5";"2020";"19:00";"4";"973";"97302";"2";"1";"1";"6";"RABAN (ROUTE DE)";"4,9341328";" -52,3137027"
"202000014505";"9";"5";"2020";"00:00";"5";"69";"69259";"2";"6";"1";"7";"IRENE JOLIOT CURIE                  (BD)";"45,7210100";"4,8742900"
"202000014506";"8";"5";"2020";"19:45";"1";"69";"69276";"2";"1";"1";"6";"VIENNE (DE)                             ";"45,6702900";"4,8600100"
"202000014507";"8";"5";"2020";"13:25";"1";"972";"97213";"1";"9";"1";"6";"AUTOROUTE A1";"14,6130000";" -61,0100000"
"202000014508";"7";"5";"2020";"19:15";"2";"972";"97213";"1";"1";"1";"2";"AUTOROUTE A1";"14,6182300";" -61,0280000"
"202000014509";"23";"6";"2020";"20:45";"1";"95";"95268";"2";"1";"1";"4";"AV DE STALINGRAD";"48,9599100";"2,3992500"
"202000014510";"8";"5";"2020";"16:02";"1";"91";"91687";"2";"1";"1";"7";"GENERAL DE GAULLE (AVENUE DU)";"48,6791050";"2,3818040"
"202000014511";"8";"5";"2020";"19:00";"1";"91";"91223";"2";"1";"1";"7";"GUETTARD (RUE J.E.)";"48,4458300";"2,1682300"
"202000014512";"4";"5";"2020";"15:20";"1";"73";"73222";"2";"2";"1";"2";"CHAMBERY (AVENUE DE)";"45,5733679";"5,9500234"
"202000014513";"7";"5";"2020";"08:50";"1";"63";"63032";"2";"1";"1";"2";"EUROPE (AVENUE DE L')";"45,7548100";"3,0962500"
"202000014514";"7";"5";"2020";"18:00";"1";"62";"62893";"2";"9";"1";"6";"C.D. 940";"50,7611700";"1,6063900"
"202000014515";"8";"5";"2020";"16:30";"1";"59";"59599";"2";"1";"1";"7";"BERTHELOT (CHAUSSEE MARCELIN)";"50,7263990";"3,1824820"
"202000014516";"7";"5";"2020";"11:40";"1";"37";"37261";"2";"1";"1";"6";"JEMMAPES (RUE)";"47,4219700";"0,6833264"
"202000014517";"8";"5";"2020";"20:40";"2";"35";"35173";"1";"1";"2";"6";"RD 137";"48,1915063";" -1,7221933"
"202000014518";"8";"5";"2020";"12:40";"1";"33";"33039";"2";"1";"1";"6";"RUE CALIXTE CAMELLE";"44,8087000";" -0,5395300"
"202000014519";"8";"5";"2020";"10:50";"1";"75";"75114";"2";"1";"1";"6";"BOULEVARD PERIPHERIQUE";"48,8172120";"2,3349820"
"202000014520";"8";"5";"2020";"16:40";"1";"75";"75119";"2";"1";"1";"7";"RUE DE CRIMEE";"48,8805130";"2,3884150"
"202000014521";"8";"5";"2020";"12:45";"1";"75";"75117";"2";"1";"1";"6";"AVENUE DE CLICHY";"48,8894970";"2,3221020"
"202000014522";"7";"5";"2020";"17:55";"1";"75";"75117";"2";"1";"1";" -1";"BOULEVARD BERTHIER";"48,8929930";"2,3100280"
"202000014523";"7";"5";"2020";"22:55";"5";"75";"75116";"2";"1";"1";"6";"BOULEVARD EXELMANS";"48,8421770";"2,2619060"
"202000014524";"8";"5";"2020";"18:00";"1";"94";"94068";"2";"1";"1";"7";"CHAMPIGNY (BD DE)";"48,8062700";"2,5089100"
"202000014525";"8";"5";"2020";"19:40";"1";"94";"94058";"2";"1";"1";"6";"GABRIEL PERI (AV)";"48,8373680";"2,5123920"
"202000014526";"8";"5";"2020";"15:30";"1";"94";"94076";"2";"1";"1";"6";"SAINTE COLOMBE (R)";"48,7805910";"2,3609390"
"202000014527";"8";"5";"2020";"16:50";"1";"94";"94022";"2";"1";"1";"6";"ANATOLE FRANCE (AV)";"48,7588570";"2,4126930"
"202000014528";"8";"5";"2020";"00:00";"5";"93";"93047";"2";"3";"1";"3";"AV DE CLICHY / R BERTHE MORISOT";"48,9043800";"2,5602600"
"202000014529";"8";"5";"2020";"12:35";"1";"92";"92051";"2";"1";"1";"3";"CHARLES DE GAULLE (AVENUE, N°27 A 129)";"48,8822000";"2,2682000"
"202000014530";"7";"5";"2020";"19:25";"1";"92";"92036";"2";"3";"1";"3";"GABRIEL PERI (AVENUE) (60/134)";"48,9199420";"2,2952690"
"202000014531";"8";"5";"2020";"08:02";"1";"92";"92062";"1";"9";"1";"7";"PASSAGE DE L'ARCHE";"48,8918000";"2,2363000"
"202000014532";"8";"5";"2020";"15:00";"1";"31";"31419";"1";"1";"1";"7";"D83";"43,3841000";"1,0223830"
"202000014533";"8";"5";"2020";"23:40";"1";"974";"97402";"2";"1";"1";"3";"Rue des Letchis";" -21,0741388";"55,7399833"
"202000014534";"8";"5";"2020";"17:45";"1";"62";"62676";"1";"2";"1";"3";"Rue de Lambres";"50,6041590";"2,3786530"
"202000014535";"5";"5";"2020";"12:15";"1";"56";"56205";"1";"1";"1";"7";"D20";"47,5517780";" -2,7102440"
"202000014536";"8";"5";"2020";"12:00";"1";"74";"74208";"2";"1";"1";"7";"Avenue de la Plaine";"45,9124180";"6,7078670"
"202000014537";"8";"5";"2020";"20:30";"1";"29";"29080";"2";"1";"1";"1";"lieu dit le pouligou";"48,3203583";" -4,2529583"
"202000014538";"8";"5";"2020";"22:30";"3";"34";"34126";"1";"1";"1";"6";"D908";"43,5883410";"3,0968460"
"202000014539";"9";"5";"2020";"19:30";"1";"50";"50086";"1";"1";"1";"7";"16 Route de Boutron";"49,6342720";" -1,4121080"
"202000014540";"6";"5";"2020";"08:35";"1";"18";"18224";"1";"1";"1";"3";"RN 151";"47,1624040";"2,9503200"
"202000014541";"9";"5";"2020";"06:20";"2";"85";"85047";"2";"6";"5";"7";"Rue de Nantes";"46,8574230";" -1,8680270"
"202000014542";"8";"5";"2020";"20:15";"1";"37";"37055";"1";"1";"1";"7";"Rue de Rille";"47,4558981";"0,2491166"
"202000014543";"8";"5";"2020";"19:35";"1";"82";"82028";"1";"1";"1";"6";"Canals";"43,8598690";"1,3184755"
"202000014544";"7";"5";"2020";"17:40";"1";"68";"68301";"1";"1";"1";"7";"A35";"47,6896280";"7,4505500"
"202000014545";"9";"5";"2020";"11:30";"1";"976";"97614";"2";"1";"1";"6";"D16 route de kahani";" -12,8239370";"45,1295830"
"202000014546";"9";"5";"2020";"22:00";"5";"988";"98817";"2";"3";"1";"5";"RP1/RUE DE LA THI";" -22,2306430";"166,5496120"
"202000014547";"8";"5";"2020";"17:40";"1";"971";"97128";"1";"1";"1";"6";"Surgy";"16,2664775";" -61,3361043"
"202000014548";"9";"5";"2020";"07:20";"1";"89";"89206";"1";"1";"1";"1";"RD606";"47,9688360";"3,4001830"
"202000014549";"9";"5";"2020";"12:00";"1";"67";"67348";"2";"9";"1";"3";"47 Rue du General Leclerc";"48,4709790";"7,4942640"
"202000014550";"8";"5";"2020";"14:25";"1";"22";"22225";"2";"2";"1";"7";"Rue Guellou";"48,5410780";" -3,1083810"
"202000014551";"24";"4";"2020";"11:10";"1";"35";"35178";"1";"1";"1";"3";"Le Chene Vert";"48,2950940";" -1,4522060"
"202000014552";"9";"5";"2020";"18:30";"1";"62";"62290";"1";"1";"1";"7";"Chemin d'Ecurie";"50,3352500";"2,7638340"
"202000014553";"7";"5";"2020";"23:14";"3";"91";"91617";"1";"1";"1";"7";"RN 104";"48,6315200";"2,5159400"
"202000014554";"5";"5";"2020";"22:39";"3";"94";"94021";"1";"1";"1";"2";"AUTOROUTE A6B";"48,7629500";"2,3410300"
"202000014555";"25";"1";"2020";"14:07";"1";"74";"74305";"2";"6";"1";"3";"FELDER (CARREFOUR PAUL)";"46,2021030";"6,2735000"
"202000014556";"7";"5";"2020";"11:30";"1";"988";"98818";"2";"1";"2";"2";"RUE COTE DE L'AMIRAL HALSEY";" -22,2815400";"166,4432400"
"202000014557";"7";"5";"2020";"17:40";"1";"974";"97411";"2";"2";"1";"3";"LECONTE DE LISLE (RUE)";" -20,8927100";"55,4833800"
"202000014558";"6";"5";"2020";"17:00";"1";"974";"97407";"2";"6";"1";"3";"14 JUILLET 1789(AVENUE DU)";" -20,9325400";"55,2947500"
"202000014559";"7";"5";"2020";"20:40";"5";"69";"69387";"2";"1";"1";"6";"BERTHELOT                           (AV)";"45,7420000";"4,8518600"
"202000014560";"3";"5";"2020";"19:03";"3";"972";"97209";"2";"1";"1";"6";"BEL HORIZON (RUE DU)";"14,6395000";" -61,0554000"
"202000014561";"7";"5";"2020";"08:30";"1";"69";"69034";"2";"3";"1";"1";"GEORGES CLEMENCEAU                  (QU)";"45,7943770";"4,8278475"
"202000014562";"3";"5";"2020";"17:00";"1";"69";"69034";"2";"1";"1";"3";"SOEUR VIALLY (DE LA)                (MO)";"45,7866800";"4,8451000"
"202000014563";"7";"5";"2020";"12:35";"1";"91";"91064";"1";"1";"1";"6";"Léon MIGNOTTE (rue)";"48,7630300";"2,2025900"
"202000014564";"7";"5";"2020";"18:50";"1";"91";"91687";"2";"1";"1";"7";"CARNOT (RUE)";"48,6789000";"2,3835700"
"202000014565";"7";"5";"2020";"14:00";"1";"91";"91687";"2";"1";"1";"7";"GENERAL DE GAULLE (AVENUE DU)";"48,6842500";"2,3754500"
"202000014566";"7";"5";"2020";"12:00";"1";"76";"76351";"2";"2";"1";"1";"IRENE JOLIOT CURIE (RUE)";"49,5105000";"0,1025000"
"202000014567";"7";"5";"2020";"09:10";"1";"76";"76351";"2";"2";"1";"3";"ANDREI SAKHAROV (RUE)";"49,5049000";"0,1740000"
"202000014568";"7";"5";"2020";"07:40";"1";"76";"76351";"2";"1";"1";"6";"CHANTIERS (DES)";"49,4867000";"0,1630000"
"202000014569";"6";"5";"2020";"19:35";"1";"74";"74012";"2";"3";"1";"3";"BONNEVILLE (ROUTE DE)";"46,1917000";"6,2365000"
"202000014570";"7";"5";"2020";"10:07";"1";"72";"72181";"2";"1";"1";"3";"GENESLAY FELIX (AV) N° PAIRS 2 A 144";"47,9811900";"0,2095900"
"202000014571";"6";"5";"2020";"08:40";"1";"64";"64024";"2";"1";"1";"7";"BAYONNE (AVENUE DE)";"43,4821900";" -1,5061900"
"202000014572";"7";"5";"2020";"10:20";"1";"59";"59155";"2";"3";"1";"6";"JAURES JEAN - BOULEVARD";"51,0206200";"2,3798260"
"202000014573";"6";"5";"2020";"15:45";"1";"54";"54580";"2";"1";"1";"2";"RUE RAONI METUKTIRE";"49,4610700";"5,9194500"
"202000014574";"7";"5";"2020";"07:25";"1";"35";"35238";"2";"1";"1";"6";"BEAULIEU (ALLEE DE)";"48,1171790";" -1,6340370"
"202000014575";"5";"5";"2020";"20:55";"3";"34";"34032";"2";"9";"1";"7";"NARBONNE (ROUTE DE)";"43,3232100";"3,1892500"
"202000014576";"6";"5";"2020";"17:15";"1";"32";"32013";"2";"1";"1";"3";"PIERRE DE MONTESQUIOU (AVENUE)";"43,6345000";"0,5887200"
"202000014577";"6";"5";"2020";"19:00";"1";"31";"31555";"2";"3";"1";"1";"AV DE REYNERIE";"43,5710000";"1,4089100"
"202000014578";"7";"5";"2020";"10:30";"1";"25";"25056";"2";"9";"1";"6";"VIOLET RUE";"47,2586430";"6,0199140"
"202000014579";"7";"5";"2020";"16:24";"1";"21";"21231";"2";"1";"1";"6";"CHAMPOLLION (AVENUE)";"47,3359590";"5,0626270"
"202000014580";"7";"5";"2020";"18:38";"2";"17";"17415";"2";"3";"1";"1";"LORMONT RUE DE";"45,7555800";" -0,6155500"
"202000014581";"7";"5";"2020";"15:00";"1";"13";"13213";"2";"9";"1";"1";"JEAN PAUL SARTRE (AVENUE)";"43,3289450";"5,4306630"
"202000014582";"6";"5";"2020";"19:00";"1";"13";"13209";"2";"1";"1";"3";"MAZARGUES (AVENUE DE)";"43,2597270";"5,3940980"
"202000014583";"7";"5";"2020";"17:00";"1";"06";"06069";"2";"1";"1";"1";"CANNES (ROUTE DE)  -RD 6085-";"43,6418000";"6,9471570"
"202000014584";"6";"5";"2020";"18:30";"1";"75";"75117";"2";"1";"1";"3";"BOULEVARD PERIPHERIQUE";"48,8809920";"2,2823330"
"202000014585";"6";"5";"2020";"19:48";"1";"75";"75114";"2";"1";"1";"6";"BOULEVARD ADOLPHE PINARD";"48,8228240";"2,3120290"
"202000014586";"7";"5";"2020";"07:48";"1";"75";"75105";"2";"2";"1";"2";"QUAI SAINT MICHEL";"48,8530480";"2,3468520"
"202000014587";"7";"5";"2020";"16:00";"1";"75";"75116";"2";"7";"1";"3";"AVENUE FOCH";"48,8737220";"2,2940680"
"202000014588";"7";"5";"2020";"19:10";"1";"75";"75112";"2";"2";"1";"6";"RUE HECTOR MALOT";"48,8461370";"2,3760540"
"202000014589";"7";"5";"2020";"14:30";"1";"94";"94078";"2";"9";"1";"2";"PARIS (R DE)";"48,7513000";"2,4451000"
"202000014590";"6";"5";"2020";"08:50";"1";"94";"94068";"2";"2";"1";"3";"ALBERT 1ER (AV)";"48,8029400";"2,4854200"
"202000014591";"7";"5";"2020";"19:42";"1";"94";"94043";"2";"1";"1";"3";"FONTAINEBLEAU (AV DE)";"48,8095600";"2,3622700"
"202000014592";"7";"5";"2020";"18:25";"1";"94";"94043";"2";"1";"1";"2";"CHARLES GIDE (AV)";"48,8072300";"2,3525400"
"202000014593";"6";"5";"2020";"16:10";"1";"94";"94021";"2";"1";"1";"3";"PEPINIERE (SQ DE LA)";"48,7677000";"2,3662400"
"202000014594";"7";"5";"2020";"16:20";"1";"94";"94033";"2";"6";"1";"1";"LOUISON BOBET (AV)";"48,8524500";"2,4907600"
"202000014595";"7";"5";"2020";"04:00";"5";"93";"93071";"2";"2";"1";"3";"AV JOHN F. KENNEDY / R D'AULNAY";"48,9395633";"2,5127817"
"202000014596";"7";"5";"2020";"01:10";"5";"93";"93064";"2";"1";"1";"6";"BD GABRIEL PERI";"48,8795392";"2,4661596"
"202000014597";"6";"5";"2020";"23:30";"5";"93";"93050";"2";"1";"1";"6";"AV ROBERT SCHUMANN";"48,8737900";"2,5311400"
"202000014598";"7";"5";"2020";"15:50";"1";"93";"93013";"2";"1";"1";"4";"AV DE LA DIVISION LECLERC";"48,9368000";"2,4278000"
"202000014599";"6";"5";"2020";"07:25";"1";"92";"92002";"2";"6";"1";"3";"GENERAL DE GAULLE (PLACE DU)";"48,7638000";"2,3090000"
"202000014600";"4";"5";"2020";"08:45";"1";"2B";"2B121";"1";"1";"1";"6";"D 351";"42,4113220";"8,6783840"
"202000014601";"10";"3";"2020";"16:00";"1";"2A";"2A348";"2";"1";"1";"7";"esigna - sagone";"42,0987016";"8,7097690"
"202000014602";"10";"2";"2020";"17:57";"5";"91";"91340";"2";"1";"1";"6";"Rue de Paris";"48,5963730";"2,4258170"
"202000014603";"7";"5";"2020";"15:50";"1";"972";"97222";"1";"1";"1";"2";"N1 l'estrade";"14,6902130";" -60,9401320"
"202000014604";"8";"5";"2020";"06:40";"1";"44";"44047";"1";"1";"1";"2";"N165 - PK 13+900 - sens VANNES-NANTES";"47,2730850";" -1,7180510"
"202000014605";"8";"5";"2020";"01:50";"3";"82";"82140";"1";"1";"1";"6";"D40";"44,1128870";"1,3121800"
"202000014606";"5";"5";"2020";"16:14";"1";"11";"11262";"1";"1";"1";"1";"D13";"43,2118230";"3,0127430"
"202000014607";"4";"5";"2020";"13:40";"1";"63";"63258";"1";"1";"1";"7";"Lieu Dit la Valette";"45,6791646";"3,6266157"
"202000014608";"7";"5";"2020";"07:30";"2";"03";"03082";"2";"1";"7";"2";"248 Route de Malicorne";"46,2986339";"2,7730715"
"202000014609";"7";"5";"2020";"14:20";"1";"03";"03065";"1";"3";"1";"2";"N/A";"46,4264164";"3,3145653"
"202000014610";"7";"5";"2020";"13:30";"1";"01";"01422";"1";"1";"7";"2";"2414 Route de la Grande Vavrette";"46,1409800";"5,2850250"
"202000014611";"7";"5";"2020";"12:00";"1";"06";"06103";"2";"1";"1";"7";"quartier pontillard, m69";"44,0101710";"7,3082900"
"202000014612";"7";"5";"2020";"15:00";"1";"18";"18087";"2";"1";"1";"6";"Place des Acacias";"46,8848370";"2,5736660"
"202000014613";"7";"5";"2020";"15:35";"1";"53";"53121";"1";"1";"1";"7";"La Laire";"48,4024010";" -0,3070220"
"202000014614";"8";"5";"2020";"15:00";"1";"27";"27260";"1";"1";"1";"7";"Route de l'Estuaire";"49,4017650";"0,4245880"
"202000014615";"8";"5";"2020";"15:35";"1";"13";"13113";"1";"1";"1";"6";"31 Lot le Clos des Forsythias";"43,5785720";"5,4744960"
"202000014616";"5";"5";"2020";"15:30";"1";"49";"49259";"1";"1";"1";"7";"Route de Saint-Aubin";"47,3403480";" -0,6459860"
"202000014617";"8";"5";"2020";"19:30";"3";"988";"98811";"1";"1";"1";"6";"RT1 SORTIE NORD DE KONE";" -21,0472600";"164,8037900"
"202000014618";"7";"5";"2020";"20:00";"1";"37";"37089";"1";"1";"1";"6";"Les Coteaux de Sonnay";"47,1600977";"0,3353807"
"202000014619";"4";"5";"2020";"17:30";"1";"95";"95287";"1";"1";"1";"7";"CD 64";"49,1367600";"2,0424211"
"202000014620";"8";"5";"2020";"04:30";"5";"84";"84034";"2";"6";"1";"6";"12 Avenue du Marechal Leclerc";"43,8929640";"4,9494640"
"202000014621";"8";"5";"2020";"01:45";"3";"38";"38155";"1";"1";"1";"6";"Route de Berland";"45,4122120";"5,7664170"
"202000014622";"7";"5";"2020";"19:50";"1";"13";"13216";"1";"1";"1";"6";"A55-Sens Martigues vers Marseille";"43,3661000";"5,3329000"
"202000014623";"6";"5";"2020";"20:20";"3";"13";"13055";"1";"1";"1";"7";"A507 sens Aubagne- Marseille";"43,3300165";"5,4094630"
"202000014624";"7";"5";"2020";"14:30";"1";"13";"13211";"1";"1";"1";"3";"A50-Sens Aubagne vers Marseille";"43,2941621";"5,4584866"
"202000014625";"6";"5";"2020";"23:20";"4";"93";"93005";"1";"1";"1";"2";"AUTOROUTE A3";"48,9482700";"2,4756300"
"202000014626";"6";"5";"2020";"13:15";"1";"976";"97611";"2";"2";"1";"1";"m'tsapere-Nationale 2 (route)";" -12,7809510";"45,2319990"
"202000014627";"6";"5";"2020";"20:42";"1";"69";"69387";"2";"1";"1";"4";"Avenue Berthelot";"45,7420000";"4,8518600"
"202000014628";"6";"5";"2020";"19:00";"1";"69";"69259";"2";"2";"1";"6";"MARTYRS DE LA RESISTANCE (DES)      (AV)";"45,6921900";"4,8727600"
"202000014629";"5";"5";"2020";"19:00";"1";"95";"95680";"2";"9";"1";"3";"ERABLES (AVENUE DES)";"49,0013829";"2,3898429"
"202000014630";"2";"5";"2020";"19:01";"1";"87";"87114";"2";"1";"2";"6";"LIBERATION (AVENUE DE LA)";"45,8274400";"1,2920600"
"202000014631";"5";"5";"2020";"14:15";"1";"76";"76681";"1";"2";"1";"2";"INDUSTRIEL. BOULEVARD (CD 18E)";"49,4028547";"1,1106211"
"202000014632";"5";"5";"2020";"16:10";"1";"71";"71076";"2";"9";"1";"3";"Avenue John Fitzgerald Kennedy";"46,8033913";"4,8612228"
"202000014633";"6";"5";"2020";"19:27";"1";"69";"69029";"2";"1";"1";"3";"GENAS (DE)                          (RO)";"45,7486600";"4,9159400"
"202000014634";"6";"5";"2020";"19:34";"1";"69";"69256";"2";"1";"1";"6";"EMILE ZOLA                          (R )";"45,7780000";"4,9178000"
"202000014635";"6";"5";"2020";"08:45";"1";"69";"69266";"2";"2";"1";"3";"ALLIES    (Rue des)";"45,7778100";"4,8815200"
"202000014636";"5";"5";"2020";"19:45";"2";"67";"67218";"2";"1";"1";"3";"1 a Quai de l'Abreuvoir";"48,5336140";"7,7172000"
"202000014637";"21";"1";"2020";"09:55";"1";"59";"59392";"2";"2";"7";"6";"LIBERTE (RUE DE LA)";"50,2786300";"3,9515600"
"202000014638";"23";"1";"2020";"12:25";"1";"59";"59566";"2";"1";"1";"6";"COMMERCE BOULEVARD DU";"50,6276447";"2,9671243"
"202000014639";"25";"1";"2020";"11:25";"1";"54";"54395";"2";"1";"1";"6";"48 Rue de Metz";"48,7009667";"6,1719909"
"202000014640";"25";"1";"2020";"23:35";"3";"37";"37261";"1";"1";"2";"6";"A85";"47,3742037";"0,6744146"
"202000014641";"25";"1";"2020";"08:40";"2";"35";"35238";"2";"3";"5";"2";"AVENUE DES PREALES";"48,1128250";" -1,6396500"
"202000014642";"25";"1";"2020";"21:45";"5";"33";"33167";"2";"3";"2";"3";"BD JOLIOT-CURIE / RUE DE LA BENAUGE";"44,8421300";" -0,5424300"
"202000014643";"25";"1";"2020";"18:55";"5";"33";"33039";"2";"5";"1";"1";"AVE JEANNE D'ARC / RUE DU CHEVALIER DE LA BARRE / AV DU PROFESSEUR BERGONIE / AV DU MARECHAL DE LATTRE DE TASSIGNY / RUE IRENE ET FREDERIC JOLIOT-CURIE";"44,8027400";" -0,5459700"
"202000014644";"24";"1";"2020";"20:00";"5";"33";"33063";"2";"3";"1";"6";"QUAI LOUIS XVIII / ALL DE MUNICH";"44,8449800";" -0,5705800"
"202000014645";"24";"1";"2020";"17:40";"1";"29";"29232";"2";"2";"1";"6";"Rue de Juniville";"47,9960200";" -4,0999100"
"202000014646";"25";"1";"2020";"21:57";"5";"29";"29019";"2";"2";"2";"2";"Rue du 19 mars 1962";"48,3883416";" -4,5156273"
"202000014647";"25";"1";"2020";"19:00";"4";"13";"13205";"2";"4";"1";"3";"CAMAS (RUE DU)";"43,2972510";"5,3940525"
"202000014648";"25";"1";"2020";"09:15";"1";"13";"13210";"2";"1";"1";"2";"SCHLOESING (BOULEVARD)";"43,2732750";"5,4007000"