"Num_Acc";"jour";"mois";"an";"hrmn";"lum";"dep";"com";"agg";"int";"atm";"col";"adr";"lat";"long"
"202000014649";"25";"1";"2020";"15:50";"1";"13";"13005";"1";"3";"1";"3";"EOURES (ROUTE D')";"43,3088100";"5,5461600"
"202000014650";"24";"1";"2020";"20:10";"5";"06";"06088";"2";"1";"2";"3";"ROQUEBILLIERE (R. DE)";"43,7120000";"7,2884000"
"202000014651";"25";"1";"2020";"19:00";"5";"75";"75114";"2";"4";"1";"4";"BD PERIPHERIQUE INTERIEUR";"48,8220713";"2,3165690"
"202000014652";"25";"1";"2020";"05:40";"5";"75";"75119";"2";"1";"1";"3";"BD PERIPHERIQUE INTERIEUR";"48,8908990";"2,3958090"
"202000014653";"25";"1";"2020";"00:52";"5";"75";"75118";"2";"4";"2";"6";"ECHANGEUR CHAPELLE";"48,9006757";"2,3646194"
"202000014654";"25";"1";"2020";"07:29";"5";"75";"75111";"2";"1";"5";"6";"BOULEVARD DE MENILMONTANT";"48,8605040";"2,3884110"
"202000014655";"24";"1";"2020";"00:30";"5";"75";"75106";"2";"2";"1";"3";"RUE DE L ANCIENNE COMEDIE";"48,8524744";"2,3387564"
"202000014656";"25";"1";"2020";"18:00";"2";"75";"75120";"2";"2";"1";"6";"RUE PELLEPORT";"48,8707808";"2,3992266"
"202000014657";"25";"1";"2020";"21:10";"5";"75";"75119";"2";"1";"1";" -1";"RUE DE BELLEVILLE";"48,8757633";"2,4008493"
"202000014658";"25";"1";"2020";"20:55";"5";"75";"75119";"2";"4";"1";"3";"RUE DES DUNES";"48,8752305";"2,3786499"
"202000014659";"25";"1";"2020";"11:15";"1";"75";"75117";"2";"1";"1";"1";"RUE DE COURCELLES";"48,8808393";"2,3014373"
"202000014660";"25";"1";"2020";"10:50";"1";"75";"75116";"2";"2";"5";" -1";"RUE CHARDON LAGACHE";"48,8414290";"2,2637880"
"202000014661";"25";"1";"2020";"01:45";"5";"75";"75116";"2";"3";"1";"6";"RUE COPERNIC";"48,8693899";"2,2876801"
"202000014662";"24";"1";"2020";"10:27";"1";"75";"75114";"2";"2";"1";"3";"BOULEVARD JOURDAN";"48,8230021";"2,3266184"
"202000014663";"25";"1";"2020";"00:20";"5";"75";"75113";"2";"5";"5";"7";"RUE CANTAGREL";"48,8270779";"2,3742437"
"202000014664";"25";"1";"2020";"10:45";"1";"75";"75112";"2";"3";"1";"3";"AVENUE DU GENERAL MICHEL BIZOT";"48,8397791";"2,4043785"
"202000014665";"25";"1";"2020";"10:10";"1";"75";"75112";"2";"1";"1";"7";"SOUTERRAIN TOLBIAC";"48,8347540";"2,3807310"
"202000014666";"24";"1";"2020";"19:22";"5";"75";"75109";"2";"1";"1";"3";"BOULEVARD HAUSSMANN";"48,8730638";"2,3323554"
"202000014667";"25";"1";"2020";"14:35";"1";"75";"75107";"2";"4";"1";"6";"AVENUE DUQUESNE";"48,8541163";"2,3062907"
"202000014668";"25";"1";"2020";"07:25";"5";"94";"94065";"2";"1";"5";"2";"CHARLES LINDBERGH (AV)";"48,7564900";"2,3456300"
"202000014669";"25";"1";"2020";"17:20";"1";"94";"94028";"2";"1";"1";"3";"VERDUN.(AVENUE DE)";"48,7993000";"2,4661000"
"202000014670";"24";"1";"2020";"00:05";"5";"94";"94011";"2";"9";"5";"6";"SEMARD(RUE PIERRE)";"48,7626000";"2,4788000"
"202000014671";"25";"1";"2020";"11:50";"1";"93";"93077";"2";"1";"1";"6";"BD CARNOT";"48,8891700";"2,5116200"
"202000014672";"25";"1";"2020";"02:40";"5";"93";"93048";"2";"1";"5";"2";"GRANDS PECHERS (RUE DES)";"48,8600600";"2,4658000"
"202000014673";"25";"1";"2020";"22:05";"5";"93";"93031";"2";"9";"1";"3";"Parking AV JOFFRE";"48,9578300";"2,3019400"
"202000014674";"25";"1";"2020";"21:55";"5";"93";"93010";"2";"1";"1";"6";"R ROGER SALENGRO";"48,8960100";"2,4771300"
"202000014675";"25";"1";"2020";"19:50";"5";"93";"93010";"2";"1";"1";"6";"AV LEON BLUM";"48,9141200";"2,4786900"
"202000014676";"24";"1";"2020";"13:35";"1";"62";"62014";"2";"2";"1";"3";"Boulevard Foch";"50,6368460";"2,3971010"
"202000014677";"25";"1";"2020";"20:15";"3";"60";"60234";"1";"1";"5";"1";"D916";"49,4038390";"2,4203400"
"202000014678";"26";"1";"2020";"00:55";"3";"91";"91511";"1";"1";"1";"6";"CD 838";"48,3242000";"1,9944690"
"202000014679";"24";"1";"2020";"15:00";"1";"95";"95052";"2";"1";"1";"6";"42 Rue Edouard Bourchy";"49,1422339";"2,2894007"
"202000014680";"24";"1";"2020";"07:40";"1";"45";"45185";"1";"1";"1";"1";"RD 961 - PR 8+500";"47,9306640";"2,6172350"
"202000014681";"26";"1";"2020";"09:35";"1";"81";"81133";"1";"1";"8";"6";"D71";"43,8707820";"2,1552940"
"202000014682";"26";"1";"2020";"05:30";"3";"77";"77382";"1";"9";"5";"1";"A140";"48,9019970";"2,8892874"
"202000014683";"25";"1";"2020";"21:35";"3";"11";"11369";"1";"1";"1";"7";"Chemin de Cuxac";"43,2546860";"2,9531820"
"202000014684";"20";"1";"2020";"20:45";"2";"29";"29010";"1";"1";"1";"2";"Bodilis";"48,5060850";" -4,1253660"
"202000014685";"26";"1";"2020";"20:40";"3";"31";"31203";"2";"1";"5";"6";"3 Avenue du Chêne Vert";"43,5145290";"1,3197930"
"202000014686";"21";"1";"2020";"08:15";"1";"79";"79062";"2";"9";"9";"7";"34 Rue du Gue de l’Epine";"46,8155900";" -0,6731720"
"202000014687";"7";"1";"2020";"18:00";"3";"61";"61491";"1";"5";"5";"6";"Lieu Dit la Glette";"48,6209380";"0,6461330"
"202000014688";"25";"1";"2020";"16:50";"1";"61";"61486";"1";"1";"1";"1";"Lieu Dit les Basses Bunelieres";"48,6929500";" -0,6673550"
"202000014689";"26";"1";"2020";"12:15";"1";"68";"68313";"1";"1";"1";"6";"D32.5";"47,7124330";"7,1154180"
"202000014690";"25";"1";"2020";"01:50";"1";"44";"44069";"2";"1";"1";"6";"24 Route de la Turballe";"47,3367140";" -2,4662270"
"202000014691";"20";"1";"2020";"18:20";"5";"29";"29171";"2";"1";"1";"6";"Rue Louis Méhu";"47,8421320";" -4,2826400"
"202000014692";"25";"1";"2020";"10:00";"1";"31";"31517";"1";"1";"1";" -1";"Le Major";"43,3323211";"1,3774222"
"202000014693";"25";"1";"2020";"21:07";"3";"21";"21131";"1";"1";"5";"7";"D976";"47,0209640";"5,1654200"
"202000014694";"11";"1";"2020";"23:30";"3";"30";"30075";"1";"1";"1";"1";"Route de Sauve";"43,8508580";"4,2792550"
"202000014695";"25";"1";"2020";"18:00";"3";"52";"52405";"1";"1";"1";"5";"D974";"47,6334050";"5,2685020"
"202000014696";"26";"1";"2020";"04:20";"3";"68";"68297";"1";"1";"1";"6";"A35";"47,6083935";"7,5254147"
"202000014697";"26";"1";"2020";"06:00";"2";"988";"98808";"1";"1";"3";"6";"Camping de Kaora";" -21,2081300";"165,5733200"
"202000014698";"25";"1";"2020";"15:00";"1";"977";"97701";"2";"3";"8";"3";"RT 209/ RT 38";"17,9040880";" -62,8429770"
"202000014699";"25";"1";"2020";"23:50";"5";"84";"84019";"1";"3";"2";"6";"Avenue du 8 Mai 1945";"44,2828890";"4,7428750"
"202000014700";"25";"1";"2020";"11:30";"1";"83";"83112";"2";"1";"1";"6";"D559";"43,1822270";"5,6952420"
"202000014701";"25";"1";"2020";"02:26";"5";"01";"01262";"2";"1";"1";"6";"Faubourg de Lyon";"45,8493690";"5,0511950"
"202000014702";"26";"1";"2020";"00:30";"3";"69";"69116";"2";"1";"1";" -1";"Route de Saint Didier";"45,8323430";"4,7752760"
"202000014703";"25";"1";"2020";"11:15";"1";"69";"69117";"2";"1";"1";"3";"route de Chasselay - au niveau du numéro 3";"45,8711914";"4,7459811"
"202000014704";"25";"1";"2020";"12:55";"1";"44";"44195";"2";"1";"1";"1";"Rue Madame Jan";"47,3593430";" -1,9430110"
"202000014705";"26";"1";"2020";"02:35";"3";"44";"44026";"1";"1";"5";"7";"Route du Prouzeau";"47,2929510";" -1,4395950"
"202000014706";"25";"1";"2020";"17:25";"1";"14";"14060";"1";"1";"2";"2";"25 Allée du Prieuré";"49,2483090";" -0,2766440"
"202000014707";"26";"1";"2020";"11:30";"1";"59";"59614";"1";"1";"1";"6";"RD 16";"50,1517094";"3,4603380"
"202000014708";"23";"1";"2020";"22:30";"3";"69";"69116";"1";"1";"1";"2";"A6   ";"45,8259772";"4,7630159"
"202000014709";"25";"1";"2020";"15:40";"1";"67";"67482";"1";"9";"1";"2";"Bretelle sortie autoroute";"48,5935409";"7,7402418"
"202000014710";"24";"1";"2020";"20:25";"5";"78";"78545";"1";"1";"1";"2";"A12 Y";"48,8198630";"2,0676790"
"202000014711";"24";"1";"2020";"18:20";"5";"92";"92048";"1";"1";"1";"4";"N118";"48,7877618";"2,2219915"
"202000014712";"24";"1";"2020";"18:30";"2";"93";"93078";"1";"1";"1";"2";"AUTOROUTE A104";"48,9604000";"2,5411700"
"202000014713";"24";"1";"2020";"15:15";"1";"92";"92036";"1";"1";"1";"2";"AUTOROUTE A15";"48,9466100";"2,2826300"
"202000014714";"25";"1";"2020";"17:50";"3";"94";"94046";"1";"1";"1";"2";"A86 EXT";"48,8076800";"2,4494900"
"202000014715";"24";"1";"2020";"13:10";"1";"93";"93051";"1";"1";"1";"4";"A4";"48,8356000";"2,5582900"
"202000014716";"24";"1";"2020";"07:45";"2";"75";"75112";"1";"1";"1";" -1";"A4";"48,8246507";"2,4635447"
"202000014717";"23";"1";"2020";"16:40";"1";"94";"94038";"2";"1";"1";"2";"FLOQUET (AV)";"48,7741800";"2,3251000"
"202000014718";"22";"1";"2020";"20:10";"5";"92";"92049";"2";"3";"1";"3";"BRIAND AVENUE ARISTIDE AUTRES N°/ PERI RUE GABRIEL AUTRES N°";"48,8175850";"2,3254330"
"202000014719";"23";"1";"2020";"16:35";"1";"988";"98818";"2";"3";"1";"3";"RUE JACQUES IEKAWE/RUE BUFFON";" -22,2359200";"166,4760400"
"202000014720";"22";"1";"2020";"15:17";"1";"988";"98818";"2";"2";"1";"3";"AV. DU MARECHAL FOCH/VICTOIRE HENRI LAFLEUR";" -22,2743400";"166,4428100"
"202000014721";"24";"1";"2020";"21:50";"5";"69";"69387";"2";"2";"1";"1";"YVES FARGES                         (BD)";"45,7433927";"4,8342504"
"202000014722";"24";"1";"2020";"15:15";"1";"69";"69383";"2";"3";"1";"3";"GUILLOUD                            (R )";"45,7479000";"4,8675000"
"202000014723";"24";"1";"2020";"10:45";"1";"69";"69259";"2";"2";"1";"2";"MARCEL HOUEL                        (AV)";"45,6969224";"4,8864855"
"202000014724";"24";"1";"2020";"07:30";"2";"69";"69276";"1";"1";"5";"3";"N/A";"45,6798249";"4,8492865"
"202000014725";"24";"1";"2020";"15:00";"1";"972";"97209";"1";"3";"1";"3";"MOI LAMINAIRE (RUE)";"14,6001500";" -61,0430100"
"202000014726";"24";"1";"2020";"16:25";"1";"971";"97120";"2";"9";"3";"6";"ARTISANS (RUE DES)";"16,2462000";" -61,5383500"
"202000014727";"24";"1";"2020";"19:10";"3";"2A";"2A004";"2";"1";"2";"7";"CANDIA CHEMIN";"41,9369400";"8,7478300"
"202000014728";"21";"1";"2020";"04:55";"3";"95";"95680";"1";"1";"9";"6";"BOUQUEVAL (ROUTE DE )";"49,0173000";"2,4114100"
"202000014729";"24";"1";"2020";"08:40";"1";"95";"95088";"1";"1";"8";"6";"RD 84A";"48,9746900";"2,4263900"
"202000014730";"24";"1";"2020";"07:45";"5";"95";"95219";"2";"1";"1";"3";"GABRIEL PERI (RUE)";"48,9919040";"2,2471820"
"202000014731";"24";"1";"2020";"17:05";"5";"91";"91691";"2";"1";"1";"6";"RAYMOND POINCARE(RUE)";"48,7135000";"2,5009900"
"202000014732";"24";"1";"2020";"15:35";"1";"91";"91691";"2";"9";"7";"6";"RENE COTY(RUE)";"48,7185100";"2,4885200"
"202000014733";"24";"1";"2020";"18:00";"1";"91";"91223";"2";"1";"1";"2";"MAI 1945 (AVENUE DU 8)";"48,4410000";"2,1472300"
"202000014734";"24";"1";"2020";"02:40";"5";"91";"91425";"2";"1";"1";"6";"ORLEANS (ROUTE D')";"48,6378550";"2,2672770"
"202000014735";"24";"1";"2020";"09:17";"1";"87";"87085";"1";"2";"1";"3";"COUDERT (RUE DU)";"45,8340500";"1,2155100"
"202000014736";"19";"1";"2020";"12:30";"1";"84";"84035";"2";"1";"1";"7";"CLEMENCEAU (AVENUE GEORGES)";"43,8410500";"5,0381500"
"202000014737";"22";"1";"2020";"13:55";"1";"82";"82033";"2";"2";"3";"3";"EGALITE (RUE DE L')";"44,0380800";"1,1096700"
"202000014738";"23";"1";"2020";"12:20";"1";"79";"79191";"2";"1";"1";"4";"Boulevard de l'Atlantique";"46,3333400";" -0,4811500"
"202000014739";"22";"1";"2020";"14:00";"1";"79";"79191";"2";"3";"1";"3";"18 Avenue Salvador Allende";"46,3268670";" -0,4880150"
"202000014740";"17";"1";"2020";"08:20";"3";"78";"78322";"2";"1";"2";"6";"LIBERATION (RUE DE LA)";"48,7621260";"2,1698100"
"202000014741";"24";"1";"2020";"13:25";"1";"78";"78642";"2";"1";"1";"4";"MALRAUX BD ANDRE";"48,9822000";"1,9704100"
"202000014742";"24";"1";"2020";"05:00";"5";"74";"74010";"2";"1";"1";"6";"HIRONDELLES";"45,9030000";"6,1182000"
"202000014743";"23";"1";"2020";"18:23";"5";"72";"72181";"2";"1";"1";"6";"JAURES JEAN (AV) N° PAIRS 60 ET >";"47,9853400";"0,2094000"
"202000014744";"20";"1";"2020";"15:20";"1";"70";"70550";"2";"2";"1";"3";"ALLIES (BOULEVARD DES)";"47,6217300";"6,1697500"
"202000014745";"24";"1";"2020";"08:25";"1";"67";"67043";"2";"1";"1";"6";"REICHSTETT (RUE DE)";"48,6174900";"7,7341500"
"202000014746";"24";"1";"2020";"07:40";"2";"67";"67482";"2";"3";"1";"3";"COLMAR (AVENUE DE)";"48,5489852";"7,7412657"
"202000014747";"20";"1";"2020";"14:30";"1";"67";"67482";"2";"3";"1";"3";"RHIN (AVENUE DU)";"48,5711580";"7,7733900"
"202000014748";"24";"1";"2020";"07:50";"2";"66";"66136";"2";"1";"1";"7";"ARGELES SUR MER AVENUE D'";"42,6806700";"2,9108600"
"202000014749";"24";"1";"2020";"16:10";"1";"64";"64189";"2";"1";"1";"1";"JAURES JEAN  (AVENUE)";"43,3831100";" -1,6675800"
"202000014750";"24";"1";"2020";"12:10";"1";"64";"64260";"2";"3";"1";"3";"BEHOBIE (RUE DE)";"43,3495900";" -1,7772800"
"202000014751";"24";"1";"2020";"13:30";"1";"64";"64445";"2";"3";"1";"3";"BEZIOU";"43,3033642";" -0,3796452"
"202000014752";"24";"1";"2020";"05:30";"5";"64";"64132";"2";"1";"1";"1";"GEORGES CLEMENCEAU";"43,2895283";" -0,3549571"
"202000014753";"24";"1";"2020";"21:10";"5";"64";"64102";"2";"2";"1";"3";"HENRI DE NAVARRE (AVENUE)";"43,4940800";" -1,4527300"
"202000014754";"24";"1";"2020";"13:40";"1";"64";"64024";"2";"3";"1";"3";"BIARRITZ (AVENUE DE)";"43,4808800";" -1,5313500"
"202000014755";"24";"1";"2020";"12:40";"1";"64";"64102";"2";"1";"1";"3";"BARTHES (CHEMIN DES)";"43,4964300";" -1,4940000"
"202000014756";"24";"1";"2020";"09:52";"1";"63";"63113";"2";"6";"1";"6";"FLAMINA (RUE DE)";"45,8100800";"3,1106500"
"202000014757";"24";"1";"2020";"09:07";"1";"63";"63014";"2";"1";"1";" -1";"MONT MOUCHET (AVENUE DU)";"45,7492234";"3,1048003"
"202000014758";"21";"1";"2020";"15:25";"1";"61";"61001";"2";"1";"2";"3";"CANDIE (RUE)";"48,4300500";"0,0769400"
"202000014759";"16";"1";"2020";"18:30";"5";"57";"57672";"2";"1";"1";"6";"METZ (ROUTE DE)";"49,3453500";"6,1613100"
"202000014760";"24";"1";"2020";"18:05";"5";"54";"54547";"2";"3";"1";"6";"PARME (RUE DE)";"48,6618000";"6,1703000"
"202000014761";"24";"1";"2020";"07:52";"2";"54";"54274";"2";"1";"8";" -1";"6 Rue de la Republique";"48,6755752";"6,2002346"
"202000014762";"23";"1";"2020";"07:55";"1";"51";"51454";"2";"1";"1";"7";"Rue Voltaire";"49,2541606";"4,0369859"
"202000014763";"23";"1";"2020";"15:30";"1";"50";"50129";"2";"1";"1";"2";"CARNOT (AVENUE)";"49,6348400";" -1,6170900"
"202000014764";"23";"1";"2020";"22:28";"4";"49";"49007";"2";"1";"1";"6";"EPINARD ROUTE";"47,4886366";" -0,5631479"
"202000014765";"23";"1";"2020";"09:14";"1";"49";"49007";"2";"1";"1";"6";"CALEIDES SQUARE";"47,4489600";" -0,5590000"
"202000014766";"24";"1";"2020";"13:15";"1";"45";"45234";"2";"2";"1";"3";"Avenue Roger Secretain - Rue de la cigogne";"47,8855400";"1,8971400"
"202000014767";"24";"1";"2020";"13:50";"1";"45";"45068";"2";"1";"1";"3";"RUE ROGER SALENGRO";"48,0160636";"2,7157420"
"202000014768";"23";"1";"2020";"18:00";"1";"44";"44184";"2";"1";"1";"1";"Avenue de Penhoet";"47,2901675";" -2,1960470"
"202000014769";"23";"1";"2020";"20:36";"5";"38";"38185";"2";"1";"1";"3";"Rue Alfred de Vigny";"45,1662200";"5,7227800"
"202000014770";"23";"1";"2020";"13:20";"1";"38";"38185";"2";"1";"1";"2";"Rue de Stalingrad";"45,1757900";"5,7259100"
"202000014771";"21";"1";"2020";"04:15";"5";"37";"37261";"2";"1";"1";"7";"GANCE (BOULEVARD ABEL)";"47,4135011";"0,7199849"
"202000014772";"24";"1";"2020";"14:20";"1";"37";"37261";"2";"6";"1";" -1";"LOUIS XI (ROND-POINT)";"47,3748341";"0,6712491"
"202000014773";"24";"1";"2020";"12:20";"1";"35";"35238";"2";"3";"8";"1";"BERNANOS (PLACE GEORGES)";"48,1233110";" -1,6599880"
"202000014774";"24";"1";"2020";"20:10";"5";"33";"33065";"2";"1";"1";"1";"46 AVE DE LA BELLE ETOILE";"44,8245000";" -0,4782700"
"202000014775";"24";"1";"2020";"19:30";"5";"33";"33119";"2";"2";"1";"6";"CRS VICTOR HUGO / RUE DU MARECHAL FOCH";"44,8551900";" -0,5321900"
"202000014776";"24";"1";"2020";"07:50";"1";"33";"33063";"2";"3";"1";"2";"QUAI DESCHAMPS / RUE RENE BUTHAUT";"44,8370200";" -0,5562600"
"202000014777";"23";"1";"2020";"07:35";"5";"30";"30189";"2";"1";"1";"6";"BIR HAKEIM (AVENUE)";"43,8422400";"4,3862700"
"202000014778";"23";"1";"2020";"19:10";"5";"29";"29232";"2";"1";"1";"6";"Rue Napoleon III";"47,9847000";" -4,0737600"
"202000014779";"23";"1";"2020";"13:09";"1";"29";"29019";"2";"1";"1";"2";"25 Avenue Maréchal Foch";"48,3958757";" -4,4885423"
"202000014780";"22";"1";"2020";"08:20";"2";"22";"22187";"1";"1";"1";"4";"RD786";"48,5497100";" -2,7967500"
"202000014781";"23";"1";"2020";"08:10";"1";"13";"13117";"1";"1";"1";"3";"RD 113 - CADESTEAUX";"43,4727600";"5,2295340"
"202000014782";"24";"1";"2020";"12:10";"1";"13";"13210";"2";"1";"2";"6";"CAPELETTE (AVENUE DE LA)";"43,2807620";"5,4073000"
"202000014783";"15";"1";"2020";"11:30";"1";"13";"13204";"2";"1";"1";"3";"CHUTES LAVI (AVENUE)";"43,3111701";"5,3962974"
"202000014784";"23";"1";"2020";"09:45";"1";"13";"13205";"2";"2";"1";"3";"BERCEAU (RUE)";"43,2881830";"5,3951900"
"202000014785";"22";"1";"2020";"11:10";"1";"13";"13215";"2";"1";"8";"1";"SAINT ANTOINE (AVENUE DE)";"43,3800400";"5,3573300"
"202000014786";"12";"1";"2020";"14:05";"1";"07";"07231";"2";"3";"1";"1";"Vieux Stade (Chemin du)";"44,6028700";"4,3822700"
"202000014787";"24";"1";"2020";"12:20";"1";"06";"06088";"2";"1";"1";"2";"VOIE RAPIDE";"43,6901000";"7,2401000"
"202000014788";"24";"1";"2020";"16:15";"1";"06";"06069";"1";"1";"1";"6";"SAINT MATHIEU (ROUTE ET PLACE)";"43,6597290";"6,9529780"
"202000014789";"24";"1";"2020";"18:20";"5";"06";"06027";"2";"1";"1";"1";"SOUS BAOUS MONTEE";"43,6695100";"7,1466500"
"202000014790";"21";"1";"2020";"13:55";"1";"06";"06123";"2";"1";"1";"2";"VESPINS ROUTE DES";"43,6599700";"7,1875100"
"202000014791";"4";"1";"2020";"04:46";"5";"02";"02722";"2";"6";"1";"6";"CHATEAU-THIERRY ( AVENUE DE )";"49,3742800";"3,3286200"
"202000014792";"24";"1";"2020";"20:10";"5";"75";"75114";"2";"1";"1";"2";"BD PERIPHERIQUE EXTERIEUR";"48,8199840";"2,3256960"
"202000014793";"24";"1";"2020";"17:10";"4";"75";"75119";"2";"1";"1";"3";"BD PERIPHERIQUE EXTERIEUR";"48,9003090";"2,3779940"
"202000014794";"23";"1";"2020";"16:40";"2";"75";"75120";"2";"1";"1";"3";"BD PERIPHERIQUE INTERIEUR";"48,8724778";"2,4123734"
"202000014795";"22";"1";"2020";"21:00";"5";"75";"75114";"2";"4";"1";"3";"BD PERIPHERIQUE EXTERIEUR";"48,8242920";"2,3063700"
"202000014796";"1";"1";"2020";"01:20";"3";"75";"75105";"2";"2";"1";"2";"RUE GAY LUSSAC";"48,8425917";"2,3429199"
"202000014797";"24";"1";"2020";"19:17";"5";"75";"75120";"2";"1";"1";"6";"RUE DES PYRENEES";"48,8531720";"2,4059790"
"202000014798";"24";"1";"2020";"10:30";"1";"75";"75120";"2";"4";"1";" -1";"BOULEVARD DAVOUT";"48,8562451";"2,4099956"
"202000014799";"24";"1";"2020";"09:33";"1";"75";"75118";"2";"2";"1";"3";"AVENUE DE LA PORTE DE LA CHAPELLE";"48,8986989";"2,3593529"
"202000014800";"24";"1";"2020";"18:20";"5";"75";"75117";"2";"1";"1";"3";"AVENUE DE CLICHY";"48,8841450";"2,3271490"
"202000014801";"24";"1";"2020";"09:35";"1";"75";"75116";"2";"1";"1";"3";"QUAI SAINT EXUPERY";"48,8351831";"2,2625211"
"202000014802";"24";"1";"2020";"15:30";"1";"75";"75107";"2";"3";"1";"4";"AVENUE DE SUFFREN";"48,8544551";"2,2957684"
"202000014803";"22";"1";"2020";"23:15";"5";"75";"75114";"2";"1";"1";"6";"RUE D ALESIA";"48,8295449";"2,3219869"
"202000014804";"24";"1";"2020";"20:45";"5";"75";"75113";"2";"2";"1";"6";"RUE DE L AMIRAL MOUCHEZ";"48,8193331";"2,3445734"
"202000014805";"24";"1";"2020";"17:50";"5";"75";"75112";"2";"1";"1";"3";"AVENUE DU DOCTEUR ARNOLD NETTER";"48,8460301";"2,4060084"
"202000014806";"24";"1";"2020";"07:55";"1";"75";"75111";"2";"1";"1";"6";"AVENUE PHILIPPE AUGUSTE";"48,8522540";"2,3935142"
"202000014807";"24";"1";"2020";"11:15";"1";"75";"75108";"2";"1";"1";"3";"AVENUE HOCHE";"48,8777590";"2,3045810"
"202000014808";"24";"1";"2020";"21:30";"5";"75";"75107";"2";"2";"1";"3";"RUE DE L UNIVERSITE";"48,8611478";"2,3054781"
"202000014809";"24";"1";"2020";"00:45";"5";"75";"75104";"2";"7";"1";"6";"BOULEVARD HENRI IV";"48,8529310";"2,3684270"
"202000014810";"24";"1";"2020";"15:35";"1";"75";"75102";"2";"3";"1";"3";"BOULEVARD POISSONNIERE";"48,8709323";"2,3459297"
"202000014811";"22";"1";"2020";"21:50";"4";"75";"75102";"2";"2";"1";"3";"BOULEVARD POISSONNIERE";"48,8706888";"2,3479119"
"202000014812";"24";"1";"2020";"08:45";"2";"94";"94043";"2";"2";"8";"3";"FONTAINEBLEAU (AV DE)";"48,8145500";"2,3608700"
"202000014813";"23";"1";"2020";"13:40";"1";"94";"94016";"2";"2";"1";"3";"LORRAINE (R DE)";"48,7914740";"2,3266670"
"202000014814";"23";"1";"2020";"10:10";"1";"94";"94041";"2";"1";"8";"5";"WESTERMEYER (R)";"48,8179800";"2,3942900"
"202000014815";"22";"1";"2020";"17:50";"5";"94";"94041";"2";"2";"1";"6";"LENINE (R)";"48,8166000";"2,3953000"
"202000014816";"24";"1";"2020";"13:35";"1";"94";"94065";"2";"2";"1";"3";"LYON (RUE DE)";"48,7599000";"2,3570000"
"202000014817";"23";"1";"2020";"17:50";"1";"94";"94054";"2";"2";"1";"1";"VICTOIRE (AV DE LA)";"48,7449900";"2,4000500"
"202000014818";"24";"1";"2020";"18:40";"5";"93";"93070";"2";"9";"1";"6";"BD VICTOR-HUGO";"48,9098880";"2,3304690"
"202000014819";"23";"1";"2020";"15:10";"1";"93";"93066";"2";"1";"1";"6";"SANDS BOBBY";"48,9303450";"2,3539884"
"202000014820";"21";"1";"2020";"10:30";"1";"93";"93039";"2";"3";"1";"1";"PONT DE SAINT OUEN / QU DU CHATELIER";"48,9191800";"2,3280200"
"202000014821";"24";"1";"2020";"17:22";"5";"93";"93062";"2";"6";"1";"6";"RPT DE MONTFERMEIL / ALL DE CHELLES";"48,8956900";"2,5270200"
"202000014822";"24";"1";"2020";"15:45";"1";"93";"93048";"2";"2";"1";"6";"VALMY (RUE DE)";"48,8507300";"2,4181000"
"202000014823";"24";"1";"2020";"12:45";"1";"93";"93048";"2";"2";"1";"3";"COLONEL FABIEN (AVENUE DU)";"48,8766303";"2,4547834"
"202000014824";"24";"1";"2020";"15:30";"1";"93";"93006";"2";"1";"1";"3";"FIORENTINO RUE DE SESTO";"48,8634370";"2,4177300"
"202000014825";"24";"1";"2020";"20:02";"5";"93";"93029";"2";"1";"1";"1";"AV JEAN JAURES";"48,9148900";"2,4605800"
"202000014826";"24";"1";"2020";"13:50";"1";"93";"93027";"2";"9";"8";"6";"AV PAUL VAILLANT-COUTURIER";"48,9231500";"2,4132300"
"202000014827";"24";"1";"2020";"12:10";"1";"93";"93005";"2";"1";"1";"6";"PREFET CHALEIL (CD44) (RUE DU)";"48,9396900";"2,5082400"
"202000014828";"24";"1";"2020";"10:10";"1";"92";"92062";"2";"1";"1";"2";"DE DION BOUTON (QUAI) DU 1 AU 28";"48,8853621";"2,2512497"
"202000014829";"24";"1";"2020";"13:00";"1";"92";"92051";"2";"1";"1";"2";"PARMENTIER (RUE)";"48,8834955";"2,2812469"
"202000014830";"25";"2";"2020";"17:00";"1";"34";"34145";"1";"1";"1";"5";"Route de la Mer";"43,6640380";"4,1392060"
"202000014831";"27";"2";"2020";"23:30";"3";"83";"83107";"1";"1";"1";"1";"DN7";"43,4616570";"6,6540670"
"202000014832";"1";"3";"2020";"06:50";"2";"83";"83106";"1";"1";"2";"1";"RD 43";"43,3110180";"6,0759970"
"202000014833";"27";"2";"2020";"13:15";"1";"05";"05134";"1";"1";"4";"5";"N94";"44,6504650";"6,5832810"
"202000014834";"27";"2";"2020";"19:55";"5";"05";"05070";"2";"1";"4";"6";"23 Avenue de Grenoble";"44,3160860";"5,8165340"
"202000014835";"2";"3";"2020";"18:25";"1";"04";"04152";"1";"3";"1";"4";"RD 6";"43,8191700";"5,7478670"
"202000014836";"1";"3";"2020";"05:45";"2";"13";"13085";"1";"1";"2";"6";"D3";"43,2409395";"5,6935452"
"202000014837";"15";"7";"2020";"22:15";"2";"51";"51663";"2";"1";"1";"1";"Rue Jean Moulin";"49,0469333";"3,9655474"
"202000014838";"15";"7";"2020";"15:45";"1";"42";"42183";"2";"1";"1";"6";"Rue Gambetta";"45,4044700";"4,3682400"
"202000014839";"2";"3";"2020";"15:30";"1";"13";"13022";"1";"1";"8";"1";"D 559";"43,2149040";"5,5806680"
"202000014840";"1";"3";"2020";"06:30";"3";"13";"13074";"1";"1";"2";"7";"D15";"43,6477840";"5,5555370"
"202000014841";"15";"7";"2020";"15:20";"1";"37";"37261";"2";"1";"1";" -1";"MIRABEAU (RUE)";"47,3928521";"0,7002385"