"Num_Acc";"jour";"mois";"an";"hrmn";"lum";"dep";"com";"agg";"int";"atm";"col";"adr";"lat";"long"
"202000014842";"3";"3";"2020";"02:46";"3";"26";"26165";"1";"1";"2";"2";"Autoroute du Soleil";"44,7794600";"4,8139300"
"202000014843";"28";"2";"2020";"15:15";"1";"89";"89099";"2";"6";"1";"7";"4 Rue du Pont";"47,9554510";"3,5320830"
"202000014844";"15";"7";"2020";"08:50";"1";"35";"35238";"2";"6";"1";"3";"YOUGOSLAVIE (BD DE)";"48,0876554";" -1,6510570"
"202000014845";"10";"7";"2020";"13:45";"1";"34";"34003";"1";"1";"1";"1";"D 51 MARSEILLAN (ROUTE DE)";"43,3264000";"3,4808000"
"202000014846";"1";"3";"2020";"09:45";"1";"71";"71176";"1";"9";"1";"2";"N79";"46,4683937";"4,0024586"
"202000014847";"15";"7";"2020";"18:35";"1";"33";"33063";"2";"2";"1";"3";"CRS DE LA SOMME / RUE LAJARTE";"44,8253500";" -0,5725400"
"202000014848";"26";"2";"2020";"00:15";"3";"08";"08110";"1";"9";"4";"7";"Le Châtelet-sur-Sormonne";"49,8683080";"4,5102310"
"202000014849";"15";"7";"2020";"18:40";"1";"33";"33199";"2";"1";"1";"4";"RD 256";"44,5776100";" -1,1034900"
"202000014850";"1";"3";"2020";"14:27";"1";"88";"88350";"1";"2";"1";"1";"route communale c2";"48,3757080";"5,9297200"
"202000014851";"14";"7";"2020";"13:45";"1";"33";"33009";"2";"1";"1";"3";"GAMBETTA (AVE) DU 01 AU 35";"44,6623500";" -1,1685400"
"202000014852";"4";"3";"2020";"07:45";"1";"55";"55218";"1";"1";"9";"1";"D65";"49,2811320";"5,4668140"
"202000014853";"4";"3";"2020";"14:00";"1";"03";"03187";"1";"1";"1";"6";"N/A";"46,3495930";"3,4535775"
"202000014854";"15";"7";"2020";"05:55";"4";"31";"31555";"1";"1";"1";"5";"VA008482 A624";"43,6054800";"1,3961100"
"202000014855";"14";"7";"2020";"20:40";"1";"31";"31555";"1";"1";"1";"7";"VA007331 A620";"43,5734900";"1,4100900"
"202000014856";"1";"3";"2020";"11:15";"1";"03";"03141";"1";"1";"2";"6";"Matichard";"45,9941549";"3,6960812"
"202000014857";"15";"7";"2020";"20:55";"1";"30";"30189";"2";"1";"1";"1";"THALES (RUE OU PLACE)";"43,8307700";"4,3320200"
"202000014858";"2";"3";"2020";"15:25";"1";"74";"74220";"2";"4";"2";"5";"15 Route de Findrol";"46,1339060";"6,2995540"
"202000014859";"28";"2";"2020";"10:40";"1";"74";"74042";"2";"1";"1";"6";"Place de l'Hotel de Ville";"46,0767150";"6,4079520"
"202000014860";"1";"3";"2020";"01:10";"5";"42";"42129";"1";"3";"2";"1";"Route de Saint-appolinard";"45,3568870";"4,6751010"
"202000014861";"26";"2";"2020";"16:45";"1";"42";"42090";"1";"2";"7";"3";"Route de Feurs";"45,7569090";"4,3380330"
"202000014862";"13";"7";"2020";"23:15";"5";"30";"30007";"2";"3";"1";"3";"ANDUZE (AVE)";"44,1105000";"4,0805000"
"202000014863";"23";"2";"2020";"13:30";"1";"42";"42094";"2";"1";"1";"3";"24 Rue de la République";"45,7437600";"4,2250910"
"202000014864";"15";"7";"2020";"12:46";"1";"28";"28134";"1";"9";"1";"3";"RN 12 (ARCHE DU GAZON)";"48,7427700";"1,3231600"
"202000014865";"13";"7";"2020";"20:40";"1";"22";"22215";"2";"6";"1";"3";"FONTAINE MORIN (RUE DE LA)";"48,4919100";" -2,7950000"
"202000014866";"24";"2";"2020";"02:00";"5";"38";"38348";"1";"6";"1";"6";"D1006";"45,5841010";"5,3084560"
"202000014867";"15";"7";"2020";"11:10";"1";"17";"17380";"2";"2";"1";"1";"GRANDE COTE (AVENUE DE LA)";"45,6465000";" -1,1017500"
"202000014868";"15";"2";"2020";"16:35";"1";"38";"38474";"2";"1";"1";"2";"Avenue de Romans";"45,2001230";"5,6692560"
"202000014869";"15";"7";"2020";"05:30";"2";"13";"13117";"2";"6";"1";"3";"ROND POINT DE PIERRE PLANTEE";"43,4462600";"5,2480400"
"202000014870";"15";"7";"2020";"15:10";"1";"13";"13215";"2";"4";"1";"3";"SAINT ANTOINE A SAINT JOSEPH (CHEMIN DE)";"43,3603800";"5,3638300"
"202000014871";"19";"2";"2020";"08:20";"1";"26";"26179";"2";"9";"1";"1";"D115";"45,0770350";"4,8899780"
"202000014872";"15";"7";"2020";"14:30";"1";"13";"13201";"2";"2";"1";"3";"DELILLE (RUE)";"43,3540000";"5,2400000"
"202000014873";"15";"7";"2020";"12:10";"1";"13";"13210";"2";"1";"1";"3";"MAURIAC (RUE)";"43,2734000";"5,4200900"
"202000014874";"1";"3";"2020";"02:15";"3";"26";"26116";"1";"1";"1";"6";"810 Avenue du Rhône";"44,4496900";"4,7002550"
"202000014875";"15";"7";"2020";"07:40";"1";"13";"13210";"2";"1";"1";"3";"PONT DE VIVAUX (BOULEVARD)";"43,2790150";"5,4225250"
"202000014876";"29";"2";"2020";"03:30";"3";"26";"26206";"1";"1";"8";"7";"D538";"44,8417500";"5,0093840"
"202000014877";"14";"7";"2020";"22:10";"5";"13";"13005";"2";"1";"1";"2";"D 2 (CAMP MAJOR)";"43,2880800";"5,5444000"
"202000014878";"2";"3";"2020";"20:54";"5";"01";"01376";"2";"1";"2";"3";"52 Route de Genève";"45,8306130";"4,9825320"
"202000014879";"21";"2";"2020";"17:35";"2";"69";"69136";"2";"1";"1";"6";"Montée de Sourzy";"45,6215270";"4,7518610"
"202000014880";"15";"7";"2020";"13:20";"1";"13";"13001";"1";"1";"1";"2";"R.N 7";"43,5513890";"5,4261112"
"202000014881";"27";"2";"2020";"06:45";"2";"69";"69296";"1";"1";"1";"3";"Chemin Departemental 12";"45,6374020";"4,8234490"
"202000014882";"14";"7";"2020";"17:59";"1";"10";"10357";"1";"1";"1";"3";"R.N. 19";"48,2942050";"4,1429140"
"202000014883";"25";"2";"2020";"16:23";"1";"81";"81099";"2";"1";"2";"3";"9 Rue des Chalets";"43,9005710";"1,9032150"
"202000014884";"22";"1";"2020";"18:50";"5";"81";"81099";"2";"1";"1";"7";"70 Rue de la Marguerite";"43,9059320";"1,9025980"
"202000014885";"14";"7";"2020";"17:00";"1";"06";"06088";"2";"1";"1";"5";"ANGLAIS (DU N° 114 AU N° 263)";"43,6733000";"7,2263700"
"202000014886";"29";"2";"2020";"07:25";"2";"86";"86008";"1";"1";"2";"6";"Route d'Arçay";"46,9641900";"0,0117370"
"202000014887";"14";"7";"2020";"18:00";"1";"06";"06069";"2";"1";"1";"6";"CLEMENCEAU (BOULEVARD GEORGES)";"43,6583340";"6,9143460"
"202000014888";"3";"3";"2020";"11:37";"1";"64";"64426";"1";"1";"6";"5";"D936";"43,2362220";" -0,6699090"
"202000014889";"10";"7";"2020";"19:26";"1";"05";"05061";"2";"1";"1";"3";"EMILE DIDIER ( AV )";"44,5666300";"6,0952000"
"202000014890";"15";"7";"2020";"00:50";"5";"75";"75113";"2";"1";"1";"2";"BOULEVARD PERIPHERIQUE";"48,8198740";"2,3743350"
"202000014891";"24";"2";"2020";"18:10";"1";"33";"33099";"1";"3";"1";"2";"29 Avenue de Branne";"44,8280560";" -0,4617690"
"202000014892";"15";"7";"2020";"09:07";"1";"75";"75106";"2";"3";"1";"3";"PLACE SAINT SULPICE";"48,8512590";"2,3337920"
"202000014893";"3";"3";"2020";"08:00";"1";"85";"85152";"2";"1";"2";"2";"Place de l'Eglise (la Chapelle-achard)";"46,5900830";" -1,6478850"
"202000014894";"15";"7";"2020";"19:45";"1";"75";"75120";"2";"1";"1";"3";"BOULEVARD DAVOUT";"48,8480980";"2,4111250"
"202000014895";"1";"3";"2020";"16:00";"1";"50";"50025";"2";"3";"1";"1";"Rue du Commandant Bindel";"48,6807450";" -1,3405680"
"202000014896";"15";"7";"2020";"00:20";"5";"75";"75119";"2";"3";"1";"6";"AVENUE CORENTIN CARIOU";"48,8951290";"2,3827630"
"202000014897";"27";"2";"2020";"20:00";"3";"14";"14258";"2";"1";"8";"6";"Route d'Argentan";"48,8892200";" -0,1909680"
"202000014898";"15";"7";"2020";"18:20";"1";"75";"75118";"2";"2";"1";"6";"BOULEVARD BARBES";"48,8865510";"2,3495590"
"202000014899";"3";"3";"2020";"08:50";"1";"14";"14197";"1";"1";"1";"7";"D35";"49,2865210";" -0,3388170"
"202000014900";"28";"2";"2020";"18:00";"1";"29";"29124";"2";"1";"8";"1";"Rue Francis Guezennec";"48,5774700";" -4,3122410"
"202000014901";"15";"7";"2020";"14:15";"1";"75";"75118";"2";"2";"1";"3";"BOULEVARD ORNANO";"48,8946160";"2,3471720"
"202000014902";"14";"7";"2020";"22:35";"5";"75";"75118";"2";"3";"1";"6";"RUE JEAN ROBERT";"48,8902890";"2,3583430"
"202000014903";"29";"2";"2020";"14:25";"1";"22";"22093";"1";"1";"6";"2";"Le Pont Hougat Maroué";"48,4512470";" -2,5396010"
"202000014904";"15";"7";"2020";"17:05";"1";"75";"75117";"2";"7";"8";"6";"PLACE GENERAL CATROUX";"48,8818870";"2,3112700"
"202000014905";"1";"3";"2020";"18:30";"2";"35";"35098";"1";"3";"2";"1";"Les Hiaux";"47,7638490";" -1,6643210"
"202000014906";"15";"7";"2020";"09:00";"1";"75";"75117";"2";"2";"1";"6";"AVENUE NIEL";"48,8796500";"2,2947300"
"202000014907";"14";"7";"2020";"16:10";"1";"75";"75116";"2";"1";"1";"2";"VOIE GEORGES POMPIDOU";"48,8614050";"2,2923860"
"202000014908";"15";"7";"2020";"14:10";"1";"75";"75116";"2";"1";"1";"1";"RUE MIRABEAU";"48,8458440";"2,2685450"
"202000014909";"2";"3";"2020";"08:15";"1";"76";"76464";"1";"1";"3";"1";"D6014";"49,3852500";"1,2521410"
"202000014910";"15";"7";"2020";"10:00";"1";"75";"75116";"2";"4";"1";"3";"RUE D AUTEUIL";"48,8480370";"2,2631080"
"202000014911";"3";"3";"2020";"15:57";"1";"60";"60060";"1";"1";"1";"2";"D1001";"49,1994590";"2,2313050"
"202000014912";"14";"7";"2020";"17:50";"1";"75";"75116";"2";"2";"1";"3";"AVENUE DE VERSAILLES";"48,8408550";"2,2653070"
"202000014913";"2";"3";"2020";"05:50";"3";"60";"60369";"1";"1";"1";"2";"D200";"49,3289351";"2,7148458"
"202000014914";"15";"7";"2020";"08:40";"1";"75";"75112";"2";"7";"1";"3";"AVENUE DU TREMBLAY";"48,8272580";"2,4643840"
"202000014915";"28";"2";"2020";"17:40";"1";"60";"60469";"1";"1";"2";"5";"387 Rue de la Mare d'Ovillers";"49,2658580";"2,2040460"
"202000014916";"15";"7";"2020";"16:30";"1";"75";"75111";"2";"2";"1";"3";"BOULEVARD VOLTAIRE";"48,8651830";"2,3677400"
"202000014917";"15";"7";"2020";"02:15";"5";"75";"75110";"2";"2";"1";"2";"RUE DU FAUBOURG SAINT MARTIN";"48,8816060";"2,3657730"
"202000014918";"28";"2";"2020";"22:15";"3";"80";"80090";"1";"1";"1";"2";"A1";"49,8677340";"2,8349610"
"202000014919";"26";"2";"2020";"22:50";"3";"80";"80521";"1";"1";"1";"6";"A1";"49,9885910";"2,8717530"
"202000014920";"28";"2";"2020";"04:15";"4";"62";"62355";"1";"6";"9";"6";"N/A";"50,3331800";"2,9201960"
"202000014921";"15";"7";"2020";"11:18";"1";"75";"75109";"2";"5";"1";"2";"BOULEVARD HAUSSMANN";"48,8719610";"2,3400390"
"202000014922";"15";"7";"2020";"09:00";"1";"75";"75104";"2";"1";"1";"7";"RUE DES ARCHIVES";"48,8576650";"2,3543990"
"202000014923";"1";"3";"2020";"19:20";"3";"62";"62318";"1";"1";"1";"2";"Étaples";"50,5057747";"1,6821209"
"202000014924";"15";"7";"2020";"10:10";"1";"94";"94068";"2";"1";"8";"3";"MAURICE BERTEAUX (BD)";"48,8105000";"2,4701000"
"202000014925";"15";"7";"2020";"09:30";"1";"94";"94021";"2";"1";"1";"5";"STALINGRAD (AV DE)";"48,7610820";"2,3683580"
"202000014926";"1";"3";"2020";"18:10";"1";"59";"59377";"2";"1";"1";"6";"Rue de Premy";"50,1251800";"3,1708110"
"202000014927";"15";"7";"2020";"21:45";"5";"94";"94019";"2";"1";"1";"7";"COEUILLY (AV DE)";"48,8018300";"2,5373500"
"202000014928";"3";"2";"2020";"16:20";"1";"59";"59139";"2";"2";"2";"2";"190 Rue de Saint-quentin";"50,1164710";"3,4107520"
"202000014929";"15";"7";"2020";"18:00";"1";"93";"93070";"2";"1";"1";"3";"MICHELET (AVE) : DU 1 AU 103";"48,9080840";"2,3442570"
"202000014930";"26";"2";"2020";"20:15";"3";"59";"59136";"1";"1";"1";"2";"Av Mal Leclerc de Hauteclocque";"50,0964680";"3,5738610"
"202000014931";"15";"7";"2020";"21:20";"1";"93";"93064";"2";"9";"1";"3";"HOFFMANN (RUE PHILIBERT)";"48,8811600";"2,4859859"
"202000014932";"3";"3";"2020";"11:00";"1";"59";"59012";"2";"1";"1";"6";"6 Place du Poilu";"49,9914310";"4,1013360"
"202000014933";"15";"7";"2020";"14:18";"1";"93";"93053";"2";"1";"1";"6";"ROGER SALENGRO (BLD)";"48,8843248";"2,4552207"
"202000014934";"3";"3";"2020";"08:20";"2";"59";"59581";"1";"1";"1";"6";"rue de la ménégatte";"50,6978340";"2,8031440"
"202000014935";"17";"2";"2020";"14:26";"1";"13";"13202";"2";"1";"1";"7";"A55-Sens Martigues vers Marseille";"43,3136000";"5,3660000"
"202000014936";"15";"7";"2020";"15:00";"1";"93";"93048";"2";"2";"1";"3";"VINCENNES (RUE DE)";"48,8500000";"2,4350000"
"202000014937";"2";"3";"2020";"12:00";"1";"13";"13071";"1";"1";"8";"4";"A7-Sens Marseille vers Lyon";"43,4122431";"5,2822107"
"202000014938";"15";"7";"2020";"05:40";"2";"93";"93048";"2";"2";"2";"3";"AV GABRIEL PERI / AV DU PDT WILSON";"48,8574435";"2,4400746"
"202000014939";"2";"3";"2020";"15:40";"1";"13";"13055";"1";"1";"1";"2";"A507 sens Aubagne- Marseille";"43,3335300";"5,3843200"
"202000014940";"2";"3";"2020";"07:42";"1";"13";"13216";"1";"1";"2";"7";"A55-Sens Marseille vers Martigues";"43,3400000";"5,3485000"
"202000014941";"14";"7";"2020";"23:35";"5";"93";"93027";"2";"1";"1";"2";"R EDGAR QUINET";"48,9308300";"2,3972500"
"202000014942";"2";"3";"2020";"07:10";"2";"13";"13085";"1";"1";"3";"7";"Sens Toulon vers Aubagne";"43,2580200";"5,5924800"
"202000014943";"14";"7";"2020";"00:30";"5";"93";"93047";"2";"9";"1";"1";"GENERAL DE GAULLE (RUE DU)";"48,8991673";"2,5560333"
"202000014944";"2";"3";"2020";"06:30";"5";"13";"13055";"1";"1";"2";"7";"A507 sens Marseille - Aubagne";"43,3322840";"5,3859010"
"202000014945";"15";"7";"2020";"08:30";"1";"92";"92044";"2";"1";"1";"2";"LEVALLOIS( PONT DE)";"48,8992000";"2,2785000"
"202000014946";"2";"3";"2020";"09:00";"1";"13";"13055";"1";"1";"2";"5";"A507 sens Marseille - Aubagne";"43,2839200";"5,4032900"
"202000014947";"15";"7";"2020";"17:10";"1";"92";"92040";"2";"2";"1";"3";"CAMILLE DESMOULINS";"48,8315440";"2,2671990"
"202000014948";"1";"3";"2020";"01:32";"5";"13";"13207";"2";"9";"1";"7";"Tunnel Prado Carénage";"43,2917900";"5,3661210"
"202000014949";"1";"3";"2020";"03:00";"3";"13";"13001";"1";"1";"2";"7";"A51-Sens Aix en Provence vers Marseille";"43,4774140";"5,4080380"
"202000014950";"14";"7";"2020";"10:15";"1";"92";"92036";"2";"3";"1";"3";"MARCEL PAUL (AVENUE) (1/103)";"48,9392430";"2,3040730"
"202000014951";"28";"2";"2020";"20:00";"5";"13";"13071";"1";"1";"1";"2";"A7-Sens Lyon vers Marseille";"43,4137610";"5,2798350"
"202000014952";"15";"7";"2020";"04:15";"5";"92";"92026";"2";"2";"2";"3";"BOULEVARD CIRCULAIRE";"48,8927900";"2,2452800"
"202000014953";"27";"2";"2020";"18:40";"5";"13";"13203";"1";"1";"2";"2";"A7-Sens Lyon vers Marseille";"43,3056900";"5,3751200"
"202000014954";"15";"7";"2020";"11:00";"1";"92";"92019";"2";"1";"1";"3";"DIVISION LECLERC (AVENUE DE LA)";"48,7670663";"2,2536649"
"202000014955";"26";"2";"2020";"08:10";"1";"13";"13028";"1";"1";"1";"3";"A50-Sens Toulon vers Aubagne";"43,2068000";"5,5874200"
"202000014956";"14";"7";"2020";"14:00";"1";"92";"92002";"2";"9";"1";"1";"MUTUALITE (RUE DE LA)";"48,7415019";"2,3046691"
"202000014957";"24";"2";"2020";"21:50";"3";"13";"13071";"1";"1";"1";"5";"A7-Sens Lyon vers Marseille";"43,4130000";"5,2812000"
"202000014958";"4";"7";"2020";"20:20";"1";"01";"01383";"1";"2";"7";"3";"Intersection RD 1083 / Route de Saint-germain-sur-renon";"46,0981810";"5,1247360"
"202000014959";"12";"7";"2020";"10:28";"1";"10";"10066";"1";"1";"1";"6";"RD 660 PR 16+800";"48,2747530";"3,8414490"
"202000014960";"16";"7";"2020";"13:55";"1";"86";"86236";"1";"1";"1";"6";"D5";"46,6759450";"0,8623430"
"202000014961";"25";"6";"2020";"09:00";"1";"74";"74019";"2";"6";"1";"1";"Route du Parmelan";"45,9394930";"6,1441520"
"202000014962";"16";"7";"2020";"10:30";"1";"83";"83091";"1";"1";"1";"3";"Route de Puget-ville";"43,2631670";"6,1533790"
"202000014963";"24";"2";"2020";"23:40";"3";"13";"13028";"1";"1";"1";"2";"A50-Sens Aubagne vers Toulon";"43,2032900";"5,6012720"
"202000014964";"22";"2";"2020";"22:15";"3";"13";"13215";"1";"1";"1";"2";"A55-Sens Martigues vers Marseille";"43,3314400";"5,3540700"
"202000014965";"15";"7";"2020";"15:15";"1";"83";"83019";"2";"1";"1";"3";"Avenue Lou Mistraou";"43,1400760";"6,3503440"
"202000014966";"23";"2";"2020";"02:57";"3";"83";"83047";"1";"1";"1";"2";"A570";"43,1345800";"6,0471600"
"202000014967";"16";"7";"2020";"12:15";"5";"974";"97423";"2";"1";"1";"3";"Rue François de Mahy";" -21,1231158";"55,2639449"
"202000014968";"28";"2";"2020";"11:00";"1";"38";"38544";"2";"1";"1";"6";"Boulevard Georges Pompidou";"45,5030000";"4,8468400"
"202000014969";"16";"7";"2020";"18:25";"1";"50";"50504";"1";"1";"1";" -1";"lieu dit enoufverie";"49,0062080";" -0,9899500"
"202000014970";"6";"7";"2020";"18:30";"1";"87";"87152";"1";"1";"1";"1";"Route des Lézes";"45,9783220";"1,1918660"
"202000014971";"27";"2";"2020";"19:50";"3";"38";"38336";"1";"1";"2";"1";"A7";"45,4886400";"4,8327100"
"202000014972";"16";"7";"2020";"20:10";"1";"56";"56228";"1";"3";"7";"3";"Le Pissot D10";"47,8253450";" -2,4210850"
"202000014973";"26";"2";"2020";"16:45";"1";"69";"69382";"1";"1";"1";"2";"A7 ";"45,7390200";"4,8227500"
"202000014974";"10";"1";"2020";"17:00";"2";"69";"69277";"1";"1";"1";"2";"RN 346   ";"45,7338288";"4,9803075"
"202000014975";"15";"7";"2020";"19:15";"1";"80";"80571";"1";"2";"1";"3";"rue basse";"49,7576490";"2,4755930"
"202000014976";"12";"7";"2020";"23:45";"3";"82";"82151";"1";"1";"1";"7";"D7 - PK 35+300";"44,3272000";"0,9545200"
"202000014977";"8";"7";"2020";"10:20";"1";"11";"11170";"2";"1";"1";"6";"Avenue des Plages";"43,1155670";"3,1082180"
"202000014978";"27";"2";"2020";"17:50";"2";"69";"69199";"1";"1";"2";"5";"A7   ";"45,6961000";"4,8393000"
"202000014979";"15";"7";"2020";"16:55";"1";"63";"63276";"1";"1";"3";"6";"Lieu Dit les Epinins";"45,8320565";"3,4717464"
"202000014980";"26";"2";"2020";"05:17";"3";"57";"57356";"1";"1";"4";"5";"Autoroute A31";"49,4334600";"6,1153900"
"202000014981";"16";"7";"2020";"11:20";"1";"68";"68006";"1";"1";"8";"7";"D466";"47,6989030";"7,1805950"
"202000014982";"15";"7";"2020";"21:10";"2";"68";"68152";"2";"1";"1";"6";"Rue de la Gare";"47,6758990";"7,2678800"
"202000014983";"29";"2";"2020";"13:15";"1";"54";"54090";"1";"1";"1";"2";"Autoroute A 31";"48,7518620";"6,1578240"
"202000014984";"15";"7";"2020";"12:40";"1";"39";"39446";"1";"1";"1";"6";"Route de Buvilly";"46,8731320";"5,7497660"
"202000014985";"16";"2";"2020";"00:55";"3";"54";"54027";"1";"1";"1";"2";"Autoroute A 31";"48,8882200";"6,0987400"
"202000014986";"28";"2";"2020";"19:15";"3";"67";"67482";"2";"1";"8";"2";"Autoroute A.351";"48,5863085";"7,7190536"
"202000014987";"23";"6";"2020";"08:15";"1";"35";"35284";"1";"3";"1";"3";"la briantais";"48,6064120";" -1,9693210"
"202000014988";"3";"3";"2020";"13:30";"1";"33";"33063";"1";"1";"3";"6";"ROCADE A 630";"44,8838300";" -0,5567700"
"202000014989";"16";"7";"2020";"18:30";"1";"29";"29108";"1";"3";"1";"3";"D143 - Rue Ar Mor";"47,9809030";" -4,3456340"
"202000014990";"29";"2";"2020";"19:25";"4";"33";"33474";"1";"1";"1";"4";"AUTOROUTE A 62";"44,6732100";" -0,4773400"
"202000014991";"14";"7";"2020";"20:50";"1";"02";"02166";"1";"1";"1";" -1";"rd 85";"49,0959860";"3,5105180"
"202000014992";"15";"7";"2020";"19:50";"1";"54";"54131";"2";"1";"1";"6";"2 Rue du Château";"48,8949700";"6,1875450"
"202000014993";"29";"2";"2020";"17:05";"1";"33";"33213";"1";"1";"1";"5";"AUTOROUTE A 62";"44,6847300";" -0,4906500"
"202000014994";"16";"7";"2020";"07:50";"1";"72";"72325";"1";"1";"1";"7";"les forges";"47,8199403";"0,4910797"
"202000014995";"29";"2";"2020";"06:40";"5";"33";"33192";"1";"1";"1";"2";"ROCADE A 630";"44,7901700";" -0,6090100"
"202000014996";"16";"7";"2020";"17:20";"1";"72";"72331";"2";"1";"1";"7";"rue Jean Moulin";"48,1042790";"0,5869800"
"202000014997";"29";"2";"2020";"06:15";"5";"33";"33003";"1";"1";"1";"2";"A10";"44,9342200";" -0,4674800"
"202000014998";"15";"7";"2020";"17:35";"1";"72";"72031";"1";"9";"1";"2";"Aire d'acueil des gens du voyage - D33";"48,0686140";"0,4892190"
"202000014999";"28";"2";"2020";"06:00";"2";"33";"33063";"1";"1";"1";"6";"ROCADE A 630";"44,8872100";" -0,5709800"
"202000015000";"16";"7";"2020";"16:45";"1";"06";"06127";"2";"1";"8";"6";"131 Avenue Charles de Caqueray";"44,0707010";"7,2547000"
"202000015001";"27";"2";"2020";"07:35";"2";"33";"33397";"1";"1";"3";"5";"AUTOROUTE A10";"44,8934700";" -0,4992000"
"202000015002";"16";"7";"2020";"03:00";"5";"50";"50576";"2";"1";"1";"6";"Avenue des Peupliers";"49,5620770";" -1,8452950"
"202000015003";"25";"2";"2020";"14:45";"1";"33";"33063";"1";"1";"2";"6";"A630";"44,8857900";" -0,5628500"
"202000015004";"25";"2";"2020";"09:25";"1";"33";"33075";"1";"1";"2";"3";"Rue des Airelles";"44,8899400";" -0,6147200"
"202000015005";"15";"7";"2020";"12:15";"1";"88";"88516";"2";"1";"1";"6";"rue des dames";"48,2009740";"5,9494600"
"202000015006";"10";"7";"2020";"08:45";"1";"06";"06152";"1";"3";"1";"1";"2405 Route des Dolines";"43,6253450";"7,0499140"
"202000015007";"1";"3";"2020";"17:15";"1";"59";"59350";"1";"1";"1";"3";"AUTOROUTE A25";"50,6169048";"3,0439532"
"202000015008";"3";"3";"2020";"15:15";"1";"91";"91589";"1";"1";"1";"2";"AUTOROUTE A6";"48,6743000";"2,3422000"
"202000015009";"15";"7";"2020";"14:20";"1";"27";"27554";"1";"1";"1";"2";"A13";"49,0924656";"1,3664145"
"202000015010";"16";"7";"2020";"13:55";"1";"27";"27091";"1";"1";"1";"6";"A13";"49,3633680";"0,8426450"
"202000015011";"30";"5";"2020";"16:00";"1";"77";"77148";"1";"1";"1";"6";"Chemin du Bordet - D94";"49,0917150";"3,0838970"
"202000015012";"13";"7";"2020";"06:30";"1";"91";"91247";"1";"1";"1";"1";"D836";"48,4767020";"2,0522430"
"202000015013";"3";"3";"2020";"08:05";"1";"91";"91617";"1";"1";"1";"4";"RN6 PROVINCE / RN104 INT";"48,6363000";"2,5353000"
"202000015014";"16";"7";"2020";"08:00";"2";"34";"34299";"1";"6";"1";"2";"Chemin du Thou";"43,2513300";"3,2737760"
"202000015015";"2";"3";"2020";"18:20";"1";"91";"91136";"1";"1";"1";"2";"AUTOROUTE A10";"48,7138000";"2,2748000"
"202000015016";"16";"7";"2020";"00:00";"3";"34";"34146";"1";"1";"1";"6";"Route de Restinclieres";"43,6877160";"4,1037530"
"202000015017";"2";"3";"2020";"15:35";"1";"77";"77296";"1";"1";"3";"6";"AUTOROUTE A5A";"48,6055629";"2,5866891"
"202000015018";"15";"7";"2020";"19:30";"1";"34";"34256";"1";"1";"1";"3";"D106";"43,6966030";"4,0146390"
"202000015019";"1";"3";"2020";"21:52";"3";"91";"91136";"1";"1";"2";"3";"A10 PROVINCE / RD188 PROVINCE";"48,7128200";"2,2841700"
"202000015020";"15";"7";"2020";"13:50";"1";"84";"84140";"2";"1";"1";"7";"Départementale 45, route de Cadenet";"43,7783410";"5,4140710"
"202000015021";"1";"3";"2020";"19:10";"3";"91";"91174";"1";"1";"2";"4";"RN 104";"48,6101000";"2,4437000"
"202000015022";"15";"7";"2020";"18:05";"1";"83";"83112";"2";"1";"7";"6";"Allée des Amandiers";"43,1834280";"5,6954130"
"202000015023";"15";"7";"2020";"22:00";"3";"83";"83079";"1";"1";"1";"1";"Route Nationale 98";"43,2072580";"6,4656950"
"202000015024";"1";"3";"2020";"13:50";"1";"92";"92002";"1";"1";"3";"2";"AUTOROUTE A10";"48,7305440";"2,3082190"
"202000015025";"14";"7";"2020";"18:00";"1";"13";"13059";"1";"1";"1";"1";"D15";"43,6584420";"5,4973380"
"202000015026";"1";"3";"2020";"13:15";"1";"91";"91471";"1";"1";"2";"7";"RN 118";"48,7124300";"2,1819500"
"202000015027";"16";"7";"2020";"03:30";"3";"26";"26165";"1";"1";"1";" -1";"Autoroute du Soeil ";"44,7889780";"4,8374820"
"202000015028";"1";"3";"2020";"01:00";"3";"91";"91689";"1";"1";"1";"5";"AUTOROUTE A6A";"48,7394800";"2,3192100"
"202000015029";"10";"7";"2020";"11:15";"1";"73";"73116";"1";"1";"1";"6";"D926";"45,2313117";"6,3054520"
"202000015030";"28";"2";"2020";"21:05";"5";"91";"91377";"1";"6";"2";"3";"RN20";"48,7147000";"2,2984000"
"202000015031";"28";"2";"2020";"19:45";"3";"91";"91377";"1";"1";"1";"2";"AUTOROUTE A10";"48,7262900";"2,3016800"
"202000015032";"16";"7";"2020";"10:00";"1";"38";"38548";"1";"1";"1";"6";"D531";"45,0756570";"5,5211990"
"202000015033";"28";"2";"2020";"10:45";"1";"91";"91589";"1";"1";"1";"2";"AUTOROUTE A6";"48,6793000";"2,3342000"
"202000015034";"15";"7";"2020";"19:50";"2";"31";"31381";"1";"1";"1";"6";"17 Route du Faubourg du Cers";"43,4618400";"1,5708680"
"202000015035";"27";"2";"2020";"22:50";"5";"94";"94038";"1";"1";"1";"4";"AUTOROUTE A6B";"48,7745800";"2,3456800"
"202000015036";"16";"7";"2020";"03:00";"3";"64";"64230";"1";"1";"1";"7";"N134";"43,2016410";" -0,4192720"