"Num_Acc";"jour";"mois";"an";"hrmn";"lum";"dep";"com";"agg";"int";"atm";"col";"adr";"lat";"long"
"202000015432";"14";"6";"2020";"19:00";"1";"75";"75116";"2";"1";"1";"3";"AVENUE VICTOR HUGO";"48,8710280";"2,2885510"
"202000015433";"14";"6";"2020";"19:00";"1";"75";"75113";"2";"1";"1";"6";"RUE DU CHATEAU DES RENTIERS";"48,8292090";"2,3647210"
"202000015434";"14";"6";"2020";"16:55";"1";"75";"75108";"2";"1";"1";"6";"AVENUE MONTAIGNE";"48,8654420";"2,3032430"
"202000015435";"14";"6";"2020";"00:30";"3";"75";"75107";"2";"2";"1";"6";"AVENUE DU MARECHAL GALLIENI";"48,8610550";"2,3132170"
"202000015436";"14";"6";"2020";"18:55";"1";"94";"94052";"2";"9";"1";"1";"STRASBOURG (BD DE)";"48,8464500";"2,4913500"
"202000015437";"14";"6";"2020";"21:10";"1";"94";"94044";"2";"9";"1";"2";"VERDUN (AV DE)";"48,7492500";"2,4805800"
"202000015438";"14";"6";"2020";"20:30";"2";"94";"94077";"2";"1";"1";"4";"HENRI GILBERT (AV)";"48,7312000";"2,4250000"
"202000015439";"13";"6";"2020";"12:45";"1";"93";"93008";"2";"1";"1";"2";"STALINGRAD (RUE DE) A10";"48,9162088";"2,4240116"
"202000015440";"13";"6";"2020";"19:10";"1";"92";"92050";"2";"2";"1";"3";"RENAN ERNEST RUE";"48,8930953";"2,1871832"
"202000015441";"14";"6";"2020";"17:25";"1";"92";"92048";"2";"1";"1";"7";"GARDES (ROUTE DES) N° 2 A 12";"48,8187720";"2,2400320"
"202000015442";"14";"6";"2020";"21:05";"1";"60";"60646";"2";"2";"1";"3";"Rue du 16 Aout 1944";"49,4799200";"2,0448520"
"202000015443";"12";"6";"2020";"17:00";"1";"47";"47209";"2";"3";"1";"1";"CD 656";"44,2258510";"0,6704990"
"202000015444";"15";"6";"2020";"10:51";"1";"11";"11012";"2";"1";"1";"2";"11 Route de Mirepeisset";"43,3026760";"2,9096120"
"202000015445";"14";"6";"2020";"20:55";"3";"12";"12197";"1";"1";"1";"7";"L'Hopital Bellegarde";"44,0335452";"2,5921422"
"202000015446";"14";"6";"2020";"18:35";"1";"67";"67425";"1";"1";"1";"1";"D716";"48,7691560";"7,3796370"
"202000015447";"9";"6";"2020";"16:00";"1";"67";"67437";"2";"2";"1";"6";"Rue du Maréchal Joffre";"48,7407580";"7,3699113"
"202000015448";"15";"6";"2020";"14:30";"1";"83";"83070";"1";"1";"1";"3";"Avenue Paul Emile Duroux";"43,1515990";"6,4250790"
"202000015449";"14";"6";"2020";"18:20";"1";"62";"62468";"1";"1";"1";"2";"rd939";"50,3899980";"2,1967510"
"202000015450";"13";"6";"2020";"16:15";"1";"51";"51070";"1";"1";"1";"4";"Chemin de Vauchamps";"48,8644461";"3,6223675"
"202000015451";"14";"6";"2020";"09:15";"1";"56";"56055";"2";"1";"1";"3";"Boulevard Charles de Gaulle";"47,6555440";" -3,2028200"
"202000015452";"14";"6";"2020";"16:15";"1";"74";"74085";"1";"4";"1";"6";"Route de Saint-gervais";"45,8371145";"6,7286386"
"202000015453";"14";"6";"2020";"22:35";"5";"2B";"2B050";"1";"1";"1";"3";"T30";"42,5519900";"8,7741490"
"202000015454";"15";"6";"2020";"09:40";"1";"82";"82134";"2";"6";"1";"2";"giratoire RD 115 / RD35";"44,0720510";"1,5234670"
"202000015455";"14";"6";"2020";"16:00";"1";"65";"65408";"2";"1";"8";"3";"Rue des nestes";"42,9722070";"0,3760560"
"202000015456";"25";"3";"2020";"18:30";"2";"33";"33437";"1";"1";"7";"6";"rue pierre de coubertin";"44,8587740";" -0,0493740"
"202000015457";"15";"6";"2020";"18:40";"1";"63";"63033";"1";"1";"1";"7";"Route des Combets";"45,9932861";"3,3736591"
"202000015458";"14";"6";"2020";"16:55";"1";"25";"25494";"1";"1";"1";"6";"Rue Principale";"46,7379000";"6,2758096"
"202000015459";"13";"6";"2020";"14:10";"1";"44";"44015";"2";"1";"1";"2";"60 Rue de Nantes";"47,4751580";" -1,7580970"
"202000015460";"13";"6";"2020";"20:30";"1";"03";"03205";"1";"1";"1";"7";"Moulin Vicaire";"46,2288869";"3,5752988"
"202000015461";"15";"6";"2020";"08:50";"1";"03";"03036";"2";"3";"1";"3";"Rue de la République";"46,5850252";"3,0579949"
"202000015462";"14";"6";"2020";"19:40";"1";"14";"14760";"1";"1";"1";"7";"Route du Buquet";"49,1022980";" -0,6464790"
"202000015463";"15";"6";"2020";"14:45";"1";"05";"05017";"1";"1";"1";"7";"Chemin rural 23, champ reissas";"44,5657370";"6,1873200"
"202000015464";"14";"6";"2020";"16:00";"1";"43";"43263";"2";"3";"1";"3";"D500";"44,8373690";"3,9602920"
"202000015465";"13";"6";"2020";"16:45";"1";"10";"10317";"1";"1";"1";"7";"D70";"48,0096210";"4,4055870"
"202000015466";"15";"6";"2020";"09:30";"1";"36";"36222";"1";"1";"1";"7";"Jean Varennes";"46,9072870";"1,9303590"
"202000015467";"3";"5";"2020";"18:15";"1";"07";"07260";"1";"3";"1";"3";"intersection D2 / D322";"44,6937960";"4,7106240"
"202000015468";"14";"6";"2020";"17:45";"1";"21";"21377";"1";"2";"1";"2";"D119";"47,3375630";"4,6372660"
"202000015469";"15";"6";"2020";"07:00";"1";"30";"30212";"2";"1";"1";"1";"D6086";"43,9460600";"4,5707310"
"202000015470";"15";"6";"2020";"11:20";"1";"13";"13051";"1";"9";"1";"3";"D113";"43,5876940";"5,1236090"
"202000015471";"15";"6";"2020";"17:50";"1";"18";"18167";"1";"1";"1";"6";"A 20 ";"47,1264470";"1,9335080"
"202000015472";"14";"6";"2020";"17:15";"1";"74";"74143";"1";"1";"1";"3";"Les Houches";"45,9014100";"6,7807850"
"202000015473";"14";"6";"2020";"12:35";"1";"13";"13025";"1";"9";"1";"6";"A52";"43,4825310";"5,5620060"
"202000015474";"15";"6";"2020";"09:45";"1";"49";"49331";"1";"1";"1";"7";"Rue du General de Gaulle";"47,7271300";" -0,8521204"
"202000015475";"13";"6";"2020";"18:10";"1";"06";"06149";"1";"1";"2";"2";"A8, PK 202.100, chaussée NORD";"43,7331350";"7,3130320"
"202000015476";"15";"6";"2020";"09:55";"1";"69";"69244";"2";"6";"1";"3";"32 Avenue de la République";"45,7640593";"4,7816672"
"202000015477";"15";"6";"2020";"08:05";"1";"986";"98613";"1";"1";"1";"3";"RT5";" -13,3405030";" -176,1916320"
"202000015478";"14";"6";"2020";"20:46";"5";"971";"97114";"1";"4";"1";"1";"N1";"16,1478750";" -61,5835830"
"202000015479";"15";"6";"2020";"17:15";"1";"77";"77415";"2";"1";"1";"4";"D603";"48,9521630";"3,0123250"
"202000015480";"12";"6";"2020";"21:10";"2";"91";"91200";"2";"9";"2";"7";"Rue Jubé de la Perelle";"48,5282440";"2,0109110"
"202000015481";"14";"6";"2020";"18:30";"1";"78";"78089";"1";"1";"1";"5";"A13";"49,0208160";"1,5620760"
"202000015482";"15";"6";"2020";"07:15";"1";"34";"34213";"1";"1";"1";"3";"Route Departementale 613";"43,4701100";"3,6763050"
"202000015483";"14";"6";"2020";"10:45";"1";"34";"34276";"1";"1";"1";"3";"D1";"43,7748490";"3,8676010"
"202000015484";"5";"6";"2020";"18:25";"1";"84";"84119";"2";"4";"1";"1";"Route de Gadagne";"43,9527300";"4,9365140"
"202000015485";"15";"6";"2020";"05:00";"2";"83";"83106";"1";"1";"1";"1";"D43";"43,3015090";"6,0702360"
"202000015486";"15";"6";"2020";"18:15";"1";"05";"05048";"1";"1";"1";"3";"CD 994 Intersection des Pères";"44,4180369";"5,6293049"
"202000015487";"14";"6";"2020";"11:00";"1";"71";"71062";"1";"1";"1";"3";"D222";"46,9267620";"4,2516450"
"202000015488";"14";"6";"2020";"00:05";"5";"33";"33243";"2";"1";"1";"6";"Place Decazes";"44,9215142";" -0,2416910"
"202000015489";"14";"6";"2020";"13:30";"1";"50";"50611";"1";"1";"1";"1";"chemin de gardier le vivier";"49,6642040";" -1,7524590"
"202000015490";"15";"6";"2020";"11:40";"1";"22";"22272";"1";"5";"2";"1";"5 Kerhors";"48,5657210";" -3,1082670"
"202000015491";"14";"6";"2020";"19:50";"1";"22";"22162";"2";"1";"1";"6";"Rue Salvador Allende";"48,7780470";" -3,0382770"
"202000015492";"15";"6";"2020";"06:45";"1";"27";"27412";"2";"1";"1";"2";"356 Rue de la Libération";"49,2366437";"1,0884856"
"202000015493";"13";"6";"2020";"23:00";"3";"76";"76285";"1";"1";"1";"7";"Route de Bourg Beaudouin";"49,3984869";"1,2975830"
"202000015494";"28";"5";"2020";"16:35";"1";"62";"62056";"2";"3";"1";"3";"Rue Gustave Danquin";"50,8221907";"1,5939793"
"202000015495";"14";"6";"2020";"10:30";"1";"59";"59129";"1";"2";"1";"3";"3 Rue de Lobeau";"50,4963320";"3,1910575"
"202000015496";"13";"6";"2020";"17:00";"1";"13";"13001";"1";"1";"2";"3";"A51-Sens Marseille vers Aix en Provence";"43,4781000";"5,4084000"
"202000015497";"14";"6";"2020";"13:00";"1";"13";"13216";"1";"1";"1";"7";"A55-Sens Martigues vers Marseille";"43,3655707";"5,3375523"
"202000015498";"14";"6";"2020";"09:53";"1";"13";"13005";"1";"1";"1";"6";"A52-Sens Toulon vers Pont de l'Etoile";"43,2863635";"5,5861721"
"202000015499";"14";"6";"2020";"03:30";"4";"33";"33249";"1";"1";"3";"6";"ROUTE NATIONALE 230";"44,8843100";" -0,5112600"
"202000015500";"14";"6";"2020";"20:40";"1";"91";"91468";"1";"1";"1";"4";"AUTOROUTE A6";"48,5722000";"2,4683100"
"202000015501";"14";"6";"2020";"20:00";"1";"92";"92036";"1";"1";"1";"4";"A86";"48,9365076";"2,2908362"
"202000015502";"13";"6";"2020";"18:30";"1";"92";"92050";"2";"9";"1";"5";"A86";"48,9065900";"2,2112770"
"202000015503";"14";"6";"2020";"17:30";"1";"93";"93010";"1";"1";"1";"4";"AUTOROUTE A3";"48,8915700";"2,4730100"
"202000015504";"14";"6";"2020";"17:25";"1";"93";"93013";"1";"1";"1";"5";"AUTOROUTE A1";"48,9405400";"2,4240700"
"202000015505";"14";"6";"2020";"08:10";"1";"94";"94073";"1";"1";"1";"7";"A86 EXT";"48,7679400";"2,3786800"
"202000015506";"13";"6";"2020";"18:40";"1";"75";"75112";"1";"1";"1";"3";"A4";"48,8291800";"2,4812520"
"202000015507";"1";"1";"2020";"10:15";"1";"45";"45286";"2";"1";"8";"7";"D951-PR  88 + 895";"47,8861361";"1,9279107"
"202000015508";"13";"6";"2020";"23:30";"3";"988";"98818";"2";"1";"1";" -1";"ROUTE EXPRESS DU MONT DORE";" -22,2271700";"166,4907500"
"202000015509";"13";"6";"2020";"18:31";"5";"988";"98818";"2";"1";"1";"7";"AVENUE KOENIG";" -22,2358800";"166,4742900"
"202000015510";"13";"6";"2020";"09:00";"5";"974";"97416";"1";"3";"1";"3";"Rue Hippolyte Piot";" -21,2974950";"55,4521770"
"202000015511";"13";"6";"2020";"15:40";"1";"974";"97407";"2";"1";"1";"6";"LENINE (AVENUE)";" -20,9478000";"55,2995300"
"202000015512";"13";"6";"2020";"13:27";"1";"973";"97302";"2";"1";"1";"6";"DES IMMORTELLES (BLVD)";"4,9209053";" -52,3019505"
"202000015513";"13";"6";"2020";"20:10";"5";"972";"97209";"1";"1";"1";"1";"REDOUTE (ROUTE DE LA)";"14,6402800";" -61,0532800"
"202000015514";"12";"6";"2020";"12:50";"1";"91";"91692";"1";"1";"8";"2";"CD35";"48,6753200";"2,1883000"
"202000015515";"13";"6";"2020";"11:10";"1";"91";"91223";"2";"1";"1";"2";"SAINT MARTIN (RUE)";"48,4267000";"2,1391000"
"202000015516";"13";"6";"2020";"14:00";"1";"78";"78551";"1";"1";"1";"7";"PAVILLON CHINOIS (ROUTE DU)";"48,9627800";"2,1142600"
"202000015517";"12";"6";"2020";"09:28";"1";"74";"74119";"2";"1";"1";"6";"LEGER (QUAI PAUL) RD 1005";"46,4014400";"6,5992100"
"202000015518";"13";"6";"2020";"21:00";"2";"69";"69029";"2";"1";"8";"6";"LIONEL TERRAY                       (R )";"45,7267100";"4,9049300"
"202000015519";"13";"6";"2020";"15:20";"1";"69";"69029";"2";"2";"1";"3";"GENERAL DE GAULLE                   (AV)";"45,7273900";"4,9273600"
"202000015520";"13";"6";"2020";"15:25";"1";"64";"64260";"2";"1";"1";"3";"EMPEREUR (BOULEVARD DE )";"43,3711500";" -1,7554040"
"202000015521";"13";"6";"2020";"17:20";"1";"64";"64260";"1";"1";"1";"3";"MAGNOLIAS (AVENUE DES)";"43,3713106";" -1,7749035"
"202000015522";"29";"5";"2020";"12:10";"1";"62";"62133";"2";"2";"1";"6";"HUIT MAI 1945 (R DU)";"50,4198720";"2,9119080"
"202000015523";"10";"6";"2020";"19:10";"1";"59";"59566";"2";"1";"1";"2";"CALMETTE, RUE DU Dr";"50,6212000";"2,9805000"
"202000015524";"13";"6";"2020";"09:40";"1";"56";"56260";"2";"1";"1";"6";"LECLERC(RUE DU MARECHAL)";"47,6582500";" -2,7502300"
"202000015525";"13";"6";"2020";"10:45";"1";"35";"35238";"2";"2";"3";"6";"24 Boulevard de la Liberté";"48,1074600";" -1,6792300"
"202000015526";"12";"6";"2020";"17:20";"1";"34";"34003";"2";"1";"1";"3";"HYPER U (PARKINGS)";"43,2976800";"3,4733500"
"202000015527";"13";"6";"2020";"16:26";"1";"17";"17300";"2";"2";"2";"6";"JOFFRE   BOULEVARD (27-77 et 2-1)";"46,1579600";" -1,1422900"
"202000015528";"13";"6";"2020";"01:00";"5";"13";"13211";"2";"3";"2";"1";"SAINT LOUP (BOULEVARD DE)";"43,2832190";"5,4375500"
"202000015529";"13";"6";"2020";"16:56";"1";"10";"10387";"2";"4";"2";"3";"BAS TREVOIS (RUE DES)";"48,2934500";"4,0791000"
"202000015530";"13";"6";"2020";"14:45";"1";"08";"08105";"2";"3";"1";"3";"ROUSSEAU J.J.";"49,7720000";"4,7106700"
"202000015531";"13";"6";"2020";"17:30";"1";"06";"06027";"1";"1";"1";"1";"MAURE CHEMIN DE LA";"43,6832260";"7,1598820"
"202000015532";"12";"6";"2020";"18:00";"1";"04";"04112";"1";"1";"1";"1";"RD 5 - Montée de la mort d'Imbert";"43,8436100";"5,7740100"
"202000015533";"12";"6";"2020";"09:10";"1";"75";"75120";"2";"1";"2";"7";"PORTE DE MONTREUIL";"48,8527130";"2,4144640"
"202000015534";"12";"6";"2020";"23:15";"5";"75";"75120";"2";"2";"1";"6";"BOULEVARD DAVOUT";"48,8471810";"2,4112780"
"202000015535";"13";"6";"2020";"02:20";"5";"75";"75119";"2";"1";"1";"2";"RUE LOUISE THULIEZ";"48,8775590";"2,3947940"
"202000015536";"13";"6";"2020";"02:38";"5";"75";"75119";"2";"1";"1";"6";"BOULEVARD DE LA VILLETTE";"48,8792400";"2,3704330"
"202000015537";"13";"6";"2020";"11:25";"1";"75";"75117";"2";"4";"1";"4";"PORTE DE CLICHY";"48,8954310";"2,3074850"
"202000015538";"13";"6";"2020";"11:30";"1";"75";"75116";"2";"1";"1";"2";"BOULEVARD D AUTEUIL";"48,8454550";"2,2535100"
"202000015539";"13";"6";"2020";"16:35";"1";"75";"75115";"2";"3";"1";"6";"RUE FRANCOIS MOUTHON";"48,8391320";"2,2914500"
"202000015540";"13";"6";"2020";"15:35";"1";"75";"75115";"2";"2";"1";"6";"RUE BRANCION";"48,8347190";"2,3051880"
"202000015541";"13";"6";"2020";"12:10";"1";"75";"75115";"2";"3";"1";"7";"RUE DE LA CONVENTION";"48,8359480";"2,3008560"
"202000015542";"13";"6";"2020";"09:20";"1";"75";"75114";"2";"1";"8";"3";"BOULEVARD JOURDAN";"48,8228810";"2,3274320"
"202000015543";"13";"6";"2020";"18:24";"1";"75";"75113";"2";"7";"1";"3";"PLACE D ITALIE";"48,8309950";"2,3558210"
"202000015544";"13";"6";"2020";"17:45";"1";"75";"75110";"2";"3";"1";"3";"RUE DU FAUBOURG SAINT MARTIN";"48,8748850";"2,3589990"
"202000015545";"13";"6";"2020";"02:55";"5";"75";"75110";"2";"1";"1";"2";"RUE DE LANCRY";"48,8721770";"2,3628500"
"202000015546";"13";"6";"2020";"14:00";"1";"75";"75108";"2";"2";"1";"2";"BOULEVARD HAUSSMANN";"48,8752090";"2,3163370"
"202000015547";"13";"6";"2020";"00:22";"5";"75";"75108";"2";"2";"1";"3";"RUE LA BOETIE";"48,8739300";"2,3158830"
"202000015548";"13";"6";"2020";"01:30";"5";"75";"75103";"2";"2";"1";"3";"RUE REAUMUR";"48,8659550";"2,3537790"
"202000015549";"13";"6";"2020";"02:00";"5";"75";"75101";"2";"2";"1";"7";"QUAI DU LOUVRE";"48,8585030";"2,3424880"
"202000015550";"13";"6";"2020";"16:15";"1";"75";"75101";"2";"1";"1";"6";"VOIE GEORGES POMPIDOU";"48,8588110";"2,3400540"
"202000015551";"13";"6";"2020";"15:15";"1";"75";"75104";"2";"7";"1";"6";"AVENUE VICTORIA";"48,8568010";"2,3510940"
"202000015552";"13";"6";"2020";"11:00";"1";"94";"94052";"2";"1";"1";"3";"JOINVILLE (AV DE)";"48,8313522";"2,4691608"
"202000015553";"13";"6";"2020";"19:30";"1";"94";"94046";"2";"1";"1";"6";"GEORGES CLEMENCEAU (AV)";"48,8110000";"2,4436000"
"202000015554";"13";"6";"2020";"12:40";"1";"94";"94003";"2";"1";"1";"2";"BERTHOLLET (R)";"48,8048140";"2,3282000"
"202000015555";"13";"6";"2020";"20:25";"1";"93";"93053";"2";"3";"1";"3";"ROSNY (AVENUE DE) N° 2 A 54 BIS";"48,8941266";"2,4706716"
"202000015556";"13";"6";"2020";"15:40";"1";"93";"93048";"2";"1";"1";"3";"BD ARISTIDE BRIAND";"48,8690800";"2,4483900"
"202000015557";"12";"6";"2020";"00:45";"5";"93";"93027";"2";"1";"2";" -1";"VALMY (RUE DE)";"48,9228500";"2,3827400"
"202000015558";"13";"6";"2020";"11:50";"1";"93";"93014";"2";"9";"1";"3";"JEAN MOULIN (AVENUE)";"48,9064000";"2,5574000"
"202000015559";"13";"6";"2020";"21:25";"1";"93";"93010";"2";"9";"1";"7";"VERGER (RUE DU)";"48,9180326";"2,4766365"
"202000015560";"13";"6";"2020";"02:55";"5";"93";"93007";"2";"2";"1";"3";"Rue Pierre Sémard";"48,9295656";"2,4799343"
"202000015561";"13";"6";"2020";"12:30";"1";"92";"92062";"2";"1";"1";"2";"BAS-ROGERS (RUE DES) N° 38 AU 96";"48,8813792";"2,2261570"
"202000015562";"13";"6";"2020";"14:20";"1";"92";"92050";"2";"1";"8";"2";"CLEMENCEAU GEORGES AVENUE N°IMPAIR";"48,8868398";"2,2033060"
"202000015563";"13";"6";"2020";"20:25";"1";"92";"92024";"2";"4";"1";"3";"VICTOR HUGO (BD)";"48,8972709";"2,3105434"
"202000015564";"13";"6";"2020";"21:30";"2";"92";"92012";"2";"1";"1";"2";"PONT DE SEVRES (ROND POINT DU)";"48,8284741";"2,2300637"
"202000015565";"14";"6";"2020";"16:20";"1";"11";"11059";"1";"1";"1";"6";"44 À Las Crozes";"43,1639960";"2,1152110"
"202000015566";"14";"6";"2020";"14:25";"1";"08";"08329";"1";"1";"8";"7";"Rue de la Marliere";"49,5924430";"4,4297540"
"202000015567";"14";"6";"2020";"04:45";"2";"38";"38238";"2";"2";"1";" -1";"La Détourbe";"45,4951800";"5,0458200"
"202000015568";"14";"6";"2020";"10:20";"1";"972";"97210";"1";"1";"1";"5";"Quartier Reunion";"14,6051740";" -60,9316780"
"202000015569";"12";"6";"2020";"19:30";"3";"972";"97227";"1";"1";"1";"1";"N5";"14,4773480";" -60,9625770"
"202000015570";"12";"6";"2020";"12:30";"1";"62";"62536";"2";"3";"2";"3";"Rue du Château de la Motte";"50,4139449";"2,4931252"
"202000015571";"14";"6";"2020";"03:30";"5";"95";"95660";"2";"6";"1";"6";"D909";"49,0737390";"2,3453720"
"202000015572";"13";"6";"2020";"20:00";"2";"91";"91573";"2";"9";"8";"3";"Rond-point du Fresne";"48,6158110";"2,5090560"
"202000015573";"14";"6";"2020";"14:50";"1";"59";"59432";"2";"3";"1";"7";"34 Grand Rue";"50,1474540";"3,2561930"
"202000015574";"14";"6";"2020";"02:15";"3";"59";"59445";"2";"1";"1";"6";"Rue des Horbes";"50,0391961";"4,1170420"
"202000015575";"14";"6";"2020";"03:05";"5";"67";"67281";"1";"1";"2";"7";"D468";"48,1427390";"7,5432110"
"202000015576";"12";"6";"2020";"13:15";"1";"76";"76063";"1";"1";"1";"7";"D50";"49,7398190";"1,0404400"
"202000015577";"13";"6";"2020";"19:45";"1";"80";"80415";"2";"2";"1";"1";"D41";"49,7548420";"2,6038300"
"202000015578";"14";"6";"2020";"16:30";"1";"65";"65418";"2";"2";"1";"3";"2 Route de Mansan";"43,3543300";"0,1933770"
"202000015579";"13";"6";"2020";"21:40";"3";"33";"33266";"2";"2";"1";"6";"Lieu Dit Joyeux";"45,0612610";" -0,3342970"
"202000015580";"14";"6";"2020";"15:05";"1";"71";"71488";"1";"1";"1";"6";"RD41";"46,4729736";"4,5630838"
"202000015581";"14";"6";"2020";"15:30";"1";"89";"89042";"2";"7";"1";"7";"Place des Souillats";"47,6104610";"4,1572929"
"202000015582";"13";"6";"2020";"03:12";"3";"49";"49291";"1";"1";"1";"7";"Lieu Dit les Maisons Rouges";"47,1613790";" -0,1113980"
"202000015583";"14";"6";"2020";"14:30";"1";"42";"42138";"1";"3";"1";"3";"Route de Bellegarde";"45,6461330";"4,3527960"
"202000015584";"14";"6";"2020";"16:45";"1";"47";"47213";"1";"4";"1";"7";"D118";"44,2962790";"0,5237390"
"202000015585";"13";"6";"2020";"13:15";"1";"41";"41043";"1";"2";"8";"1";"Rue de la Haie Jallet";"47,2753600";"1,4498730"
"202000015586";"13";"6";"2020";"18:00";"1";"39";"39560";"1";"1";"2";"1";"N/A";"46,3747370";"5,8748310"
"202000015587";"13";"6";"2020";"19:20";"1";"35";"35247";"2";"1";"1";"6";"5 Rue de la Poultiere";"48,5948720";" -1,6130700"
"202000015588";"14";"6";"2020";"16:10";"1";"31";"31111";"1";"1";"1";"2";"D919";"43,2389970";"1,3705440"
"202000015589";"14";"6";"2020";"18:30";"1";"72";"72011";"1";"1";"1";"3";"Le petit molland";"48,3223170";" -0,0084450"
"202000015590";"12";"6";"2020";"11:00";"1";"43";"43150";"2";"1";"2";"6";"RN 88";"45,0930650";"4,0553710"
"202000015591";"14";"6";"2020";"12:15";"1";"07";"07079";"1";"1";"1";"6";"D533";"44,9999790";"4,4819930"
"202000015592";"13";"6";"2020";"14:00";"1";"21";"21413";"1";"1";"1";"3";"D954";"47,5034610";"4,2739280"
"202000015593";"13";"6";"2020";"19:05";"1";"17";"17312";"1";"3";"1";"3";"D146";"45,3197530";" -0,6335930"
"202000015594";"14";"6";"2020";"16:00";"1";"37";"37055";"1";"2";"1";"3";"D66";"47,4639540";"0,2831521"
"202000015595";"13";"6";"2020";"22:15";"3";"01";"01049";"1";"1";"1";"3";"B432B PK 001.100";"45,8321780";"5,0248500"
"202000015596";"13";"6";"2020";"23:00";"3";"69";"69086";"1";"1";"8";"6";"A89";"45,8540920";"4,6511650"
"202000015597";"15";"8";"2020";"07:40";"1";"34";"34199";"1";"1";"1";"1";"D13";"43,4342550";"3,4158900"
"202000015598";"15";"8";"2020";"16:45";"1";"83";"83133";"1";"1";"1";"7";"Chemin de la Verrerie";"43,5702258";"6,8839691"
"202000015599";"14";"8";"2020";"21:00";"3";"13";"13004";"1";"1";"1";"7";"Rue d'Arles";"43,5424510";"4,6878150"
"202000015600";"14";"8";"2020";"22:30";"3";"52";"52453";"1";"1";"1";"7";"D266";"47,8527670";"5,4198430"
"202000015601";"14";"8";"2020";"15:53";"1";"54";"54397";"2";"3";"1";" -1";"Rue de Cumène";"48,6144060";"6,1170030"
"202000015602";"15";"8";"2020";"15:50";"1";"74";"74239";"1";"1";"1";"1";"D12";"45,9311550";"6,4050400"
"202000015603";"15";"8";"2020";"05:20";"3";"38";"38225";"1";"1";"1";"6";"Route de Grenoble";"45,1520220";"5,5542110"
"202000015604";"15";"8";"2020";"11:30";"1";"26";"26235";"1";"3";"1";"3";"145 Chemin de la Dalgonne";"44,3610620";"4,6863660"
"202000015605";"14";"8";"2020";"14:39";"1";"81";"81099";"1";"1";"1";"3";"zone commerciale de la crouzeterie";"43,9177890";"1,9388290"
"202000015606";"7";"8";"2020";"16:00";"1";"33";"33407";"1";"1";"1";"6";"Rue du Pastin";"45,0216300";" -0,3499980"
"202000015607";"15";"8";"2020";"00:15";"3";"35";"35031";"2";"1";"1";"6";"8 A Rue Jean Langlais";"48,1770470";" -1,4348960"
"202000015608";"14";"8";"2020";"18:10";"1";"13";"13028";"1";"1";"1";"2";"A50-Sens Toulon vers Aubagne";"43,2069650";"5,5872900"
"202000015609";"9";"8";"2020";"21:39";"3";"13";"13211";"2";"1";"1";"5";"A50-Sens Marseille vers Aubagne";"43,2898650";"5,4912020"
"202000015610";"13";"8";"2020";"10:50";"1";"83";"83137";"1";"1";"1";"2";"A57";"43,1213200";"5,9533100"
"202000015611";"18";"7";"2020";"17:30";"1";"69";"69282";"1";"1";"1";"3";"RD302   0.400 A 4.620";"45,7486200";"4,9977600"
"202000015612";"6";"8";"2020";"18:05";"1";"69";"69266";"1";"1";"1";"4";"RD383   1.893 A 2.321";"45,7870300";"4,8878900"
"202000015613";"12";"8";"2020";"16:25";"1";"69";"69091";"1";"1";"1";"2";"A47   1.809 A 5.620";"45,5897200";"4,7675500"
"202000015614";"14";"8";"2020";"20:30";"2";"33";"33063";"1";"1";"1";"4";"ROCADE A 630";"44,8804700";" -0,5391500"
"202000015615";"14";"8";"2020";"15:45";"1";"33";"33167";"1";"1";"1";"2";"ROUTE NATIONALE 230";"44,8426300";" -0,5013700"
"202000015616";"14";"8";"2020";"06:20";"2";"78";"78206";"1";"1";"1";"2";"A13";"48,9461000";"1,9483700"
"202000015617";"11";"8";"2020";"19:20";"1";"93";"93053";"1";"1";"1";"6";"AUTOROUTE A103";"48,8880700";"2,4722400"
"202000015618";"14";"8";"2020";"00:45";"3";"93";"93066";"1";"1";"2";"6";"AUTOROUTE A1";"48,9335400";"2,3799000"
"202000015619";"14";"8";"2020";"09:15";"1";"77";"77373";"1";"1";"1";"3";"RN104";"48,7757000";"2,6126000"
"202000015620";"14";"8";"2020";"07:20";"1";"988";"98818";"2";"6";"1";"3";"ANDREDE BECHADE/AVENUE BONAPARE";" -22,2426100";"166,4610200"
"202000015621";"13";"8";"2020";"17:30";"1";"69";"69386";"2";"3";"2";"1";"MARECHAL LYAUTEY (DU)               (PL)";"45,7693000";"4,8411000"
"202000015622";"13";"8";"2020";"16:30";"1";"972";"97213";"1";"1";"1";"2";"AUTOROUTE A1";"14,6149700";" -61,0130900"
"202000015623";"13";"8";"2020";"11:30";"1";"69";"69389";"2";"1";"1";"6";"PLATEAU (DU)                        (AV)";"45,7826196";"4,7940150"
"202000015624";"13";"8";"2020";"10:16";"1";"69";"69381";"2";"9";"1";"6";"BAT D'ARGENT (DU)                   (R )";"45,7661700";"4,8379600"
"202000015625";"13";"8";"2020";"09:10";"1";"91";"91549";"1";"1";"1";"6";"JACQUES DUCLOS (AVENUE)";"48,6353000";"2,3536100"
"202000015626";"13";"8";"2020";"17:20";"1";"91";"91174";"2";"9";"1";"3";"08 MAI 1945 (AVENUE)";"48,6108200";"2,4515400"