"Num_Acc";"jour";"mois";"an";"hrmn";"lum";"dep";"com";"agg";"int";"atm";"col";"adr";"lat";"long"
"202000015627";"13";"8";"2020";"09:15";"1";"91";"91114";"2";"1";"8";"6";"DONJON (RUE DU)";"48,7000000";"2,5045000"
"202000015628";"13";"8";"2020";"16:30";"1";"91";"91479";"1";"9";"1";"5";"FONTAINEBLEAU (ROUTE DE)";"48,7434800";"2,3622400"
"202000015629";"13";"8";"2020";"18:17";"1";"88";"88383";"1";"1";"1";"1";"D 23";"48,0057100";"6,5801400"
"202000015630";"12";"8";"2020";"08:05";"1";"87";"87085";"1";"1";"1";"7";"COUDERT (ECHANGEUR DU)";"45,8343800";"1,2154100"
"202000015631";"12";"8";"2020";"07:41";"1";"87";"87085";"2";"1";"1";"2";"PETITES MAISONS (RUE DES)";"45,8276500";"1,2637000"
"202000015632";"13";"8";"2020";"01:06";"4";"85";"85194";"2";"6";"2";"3";"RD 949";"46,5172400";" -1,7477800"
"202000015633";"13";"8";"2020";"21:25";"5";"83";"83090";"2";"1";"1";"6";" GARE (ROUTE DE LA)";"43,1232580";"5,8225310"
"202000015634";"31";"7";"2020";"19:40";"1";"83";"83129";"2";"6";"1";"6";"CLAUDE POMPIDOU";"43,0935700";"5,8448900"
"202000015635";"12";"8";"2020";"21:07";"4";"77";"77288";"2";"2";"1";"6";"ALMONT (BOULEVARD DE L')";"48,5483200";"2,6740900"
"202000015636";"13";"8";"2020";"11:35";"1";"77";"77186";"2";"2";"1";"2";"MARECHAL  FOCH  (BOULEVARD DU)";"48,4153000";"2,7068700"
"202000015637";"13";"8";"2020";"19:30";"1";"73";"73065";"2";"1";"3";"6";"CLEMENCEAU GEORGES (AVENUE)";"45,5602750";"5,9058330"
"202000015638";"12";"8";"2020";"20:10";"1";"71";"71270";"2";"1";"1";"3";"LYON (ROUTE DE)";"46,2911578";"4,8139238"
"202000015639";"12";"8";"2020";"12:10";"1";"71";"71076";"2";"1";"1";"3";"LEDRU ROLLIN (RUE)";"46,7855952";"4,8366827"
"202000015640";"13";"8";"2020";"08:20";"1";"69";"69029";"2";"1";"1";"6";"LIONEL TERRAY                       (R )";"45,7291861";"4,8940337"
"202000015641";"12";"8";"2020";"10:20";"1";"69";"69275";"2";"1";"1";" -1";"MICHEL SERVET                       (R )";"45,7602300";"4,9677100"
"202000015642";"13";"8";"2020";"15:15";"1";"69";"69091";"2";"9";"3";"2";"PAIX (DE LA) ( R )";"45,5861000";"4,7537800"
"202000015643";"12";"8";"2020";"15:45";"1";"67";"67267";"2";"9";"2";"3";"PRESIDENT ROBERT SCHUMANN (AVENUE)";"48,5603800";"7,6929600"
"202000015644";"12";"8";"2020";"06:15";"3";"65";"65226";"1";"1";"1";"2";"NATIONALE 117 (ROUTE)";"43,2451170";" -0,0278820"
"202000015645";"12";"8";"2020";"06:07";"2";"62";"62193";"2";"3";"1";"3";"LAMARLE (QUAI G.)";"50,9399600";"1,8703200"
"202000015646";"11";"8";"2020";"08:20";"1";"62";"62276";"1";"3";"1";"3";"boulevard de l ouest";"50,5212720";"2,8334050"
"202000015647";"10";"8";"2020";"22:05";"2";"62";"62108";"2";"1";"1";"6";"ROSE DES VENTS";"50,4027700";"1,5796700"
"202000015648";"12";"8";"2020";"16:30";"1";"62";"62013";"1";"1";"1";"3";"RD 919";"50,2556600";"2,7721400"
"202000015649";"12";"8";"2020";"08:50";"1";"61";"61001";"2";"2";"1";"6";"CLEMENCEAU (COURS)";"48,4311600";"0,0897300"
"202000015650";"12";"8";"2020";"20:40";"1";"59";"59650";"2";"2";"1";"3";"VALLON (RUE)";"50,7043029";"3,2258874"
"202000015651";"12";"8";"2020";"21:10";"2";"59";"59456";"2";"3";"1";"3";"ANTIBES (RUE D')";"50,3760100";"3,2268500"
"202000015652";"12";"8";"2020";"19:15";"1";"59";"59456";"1";"1";"1";"6";"RD 225 N";"50,3792800";"3,2344000"
"202000015653";"12";"8";"2020";"11:44";"1";"57";"57630";"2";"1";"7";"1";"PECHEURS";"48,7314700";"7,0396500"
"202000015654";"13";"8";"2020";"02:30";"5";"56";"56121";"2";"1";"1";"6";"KERVARIC (ROND POINT DE )";"47,7481600";" -3,3883300"
"202000015655";"12";"8";"2020";"17:35";"1";"56";"56083";"2";"1";"2";"7";"REPUBLIQUE ( AV. DE LA )";"47,7998500";" -3,2888900"
"202000015656";"12";"8";"2020";"15:55";"1";"56";"56162";"2";"1";"2";"7";"DOUET NEUF (RUE DU)";"47,7080600";" -3,4381200"
"202000015657";"13";"8";"2020";"20:50";"5";"54";"54395";"2";"1";"1";"3";"ARC (RUE JEANNE D' N°53 A 189-60 A 175)";"48,6849259";"6,1724442"
"202000015658";"13";"8";"2020";"19:08";"1";"54";"54197";"2";"3";"1";"2";"ERFURT (RUE)";"48,6197100";"6,2049200"
"202000015659";"12";"8";"2020";"21:49";"5";"49";"49007";"2";"1";"1";"3";"Boulevard Robert d’Arbrissel";"47,4449400";" -0,5661100"
"202000015660";"13";"8";"2020";"10:10";"1";"45";"45004";"2";"1";"1";"6";"Boulevard Mendès France";"47,9769770";"2,7646200"
"202000015661";"12";"8";"2020";"13:35";"1";"38";"38185";"2";"1";"1";"1";"Avenue Marcelin Berthelot";"45,1732100";"5,7318500"
"202000015662";"13";"8";"2020";"16:02";"1";"37";"37122";"2";"3";"2";"2";"KLEBER (RUE)";"47,3568445";"0,6676066"
"202000015663";"13";"8";"2020";"07:00";"1";"37";"37261";"2";"3";"1";"3";"DANIEL MAYER";"47,4186469";"0,6934147"
"202000015664";"13";"8";"2020";"11:10";"1";"35";"35238";"2";"1";"1";"1";"GUERIN (ALPHONSE)";"48,1091800";" -1,6590000"
"202000015665";"13";"8";"2020";"21:00";"2";"33";"33063";"2";"2";"1";"3";"RUE LEYTEIRE";"44,8308690";" -0,5698170"
"202000015666";"11";"8";"2020";"17:55";"1";"31";"31149";"2";"1";"1";"1";"ALLEE D'OCCITANIE";"43,6105350";"1,3337150"
"202000015667";"11";"8";"2020";"14:10";"1";"24";"24053";"1";"1";"1";"1";"BRIVE (ROUTE DE )";"45,1465000";"0,7989600"
"202000015668";"10";"8";"2020";"22:05";"1";"22";"22360";"2";"1";"1";"2";"FONTENELLE (RUE DE LA)";"48,4956400";" -2,7363900"
"202000015669";"13";"8";"2020";"16:20";"1";"17";"17306";"2";"1";"2";"4";"JOLIOT CURIE (DOCTEUR) (AV)";"45,6234100";" -1,0029400"
"202000015670";"24";"7";"2020";"18:50";"1";"13";"13102";"2";"1";"1";"2";"BARTHELEMY ABBADIE (BD )";"43,4169490";"5,2418270"
"202000015671";"11";"8";"2020";"09:15";"1";"13";"13201";"2";"1";"1";"6";"CHARLES NEDELEC (BOULEVARD)";"43,3021792";"5,3765212"
"202000015672";"12";"8";"2020";"22:50";"5";"13";"13005";"2";"1";"1";"1";"REPUBLIQUE (RUE DE LA)";"43,2914860";"5,5692230"
"202000015673";"13";"8";"2020";"15:45";"1";"06";"06088";"2";"1";"1";" -1";" 11 AVENUE DE LA BORNALA";"43,6943248";"7,2381583"
"202000015674";"13";"8";"2020";"08:45";"1";"75";"75120";"2";"1";"1";"7";"BOULEVARD PERIPHERIQUE";"48,8725260";"2,4126760"
"202000015675";"12";"8";"2020";"18:33";"1";"75";"75106";"2";"2";"1";"3";"BOULEVARD RASPAIL";"48,8420790";"2,3295440"
"202000015676";"12";"8";"2020";"16:45";"1";"75";"75116";"2";"2";"1";"3";"AVENUE DE NEUILLY";"48,8784410";"2,2798310"
"202000015677";"12";"8";"2020";"10:11";"1";"75";"75116";"2";"1";"1";"6";"AVENUE PAUL DOUMER";"48,8587060";"2,2759250"
"202000015678";"13";"8";"2020";"19:36";"1";"75";"75115";"2";"7";"2";"3";"AVENUE DE SUFFREN";"48,8511720";"2,3009210"
"202000015679";"12";"8";"2020";"22:53";"5";"94";"94011";"2";"8";"1";"3";"STAINS(ROUTE DE)";"48,7822580";"2,4950730"
"202000015680";"13";"5";"2020";"17:55";"1";"94";"94059";"2";"2";"1";"3";"GENERAL LECLERC (AV DU)";"48,8104700";"2,5656700"
"202000015681";"13";"8";"2020";"03:42";"5";"94";"94079";"2";"1";"1";"7";"DOCTEUR FILLIOUX (R DU)";"48,8241900";"2,5527900"
"202000015682";"12";"8";"2020";"23:30";"5";"94";"94017";"2";"1";"1";"1";"ROGER SALENGRO (AV)";"48,8181270";"2,4928250"
"202000015683";"13";"8";"2020";"17:55";"1";"93";"93049";"2";"3";"1";"3";"FAUVETTES (AVENUE) J-BACHELET->BEL AIR";"48,8699500";"2,5055300"
"202000015684";"12";"8";"2020";"23:45";"5";"93";"93078";"2";"6";"1";"2";"CLEMENCEAU (AVENUE GEORGES)";"48,9607200";"2,5562500"
"202000015685";"12";"8";"2020";"23:10";"5";"93";"93032";"2";"1";"1";"3";"MICHEL JANIN   (RUE)";"48,8793380";"2,5488120"
"202000015686";"13";"8";"2020";"11:00";"1";"93";"93005";"2";"1";"1";"1";"PAUL CEZANNE (RUE)";"48,9524028";"2,4898735"
"202000015687";"13";"8";"2020";"08:50";"1";"93";"93005";"2";"1";"1";"5";"MARC CHAGALL (BOULEVARD)";"48,9521781";"2,4941127"
"202000015688";"13";"8";"2020";"16:25";"1";"92";"92022";"2";"1";"1";"6";"SALENGRO (AVENUE ROGER)";"48,8152500";"2,1935100"
"202000015689";"12";"8";"2020";"23:26";"5";"92";"92026";"2";"1";"1";"6";"CARNOT";"48,8943400";"2,2461100"
"202000015690";"13";"8";"2020";"10:05";"1";"92";"92024";"2";"1";"1";"6";"MARTRE (RUE) DE (59 A 109)   (58 A 120)";"48,9026000";"2,3066000"
"202000015691";"13";"8";"2020";"10:00";"1";"92";"92012";"2";"2";"1";"3";"PIERRE GRENIER (AVENUE)";"48,8320830";"2,2530670"
"202000015692";"12";"8";"2020";"10:45";"1";"92";"92004";"2";"1";"1";"3";"VOLTAIRE ( BD 16 A FIN )";"48,9142100";"2,2947900"
"202000015693";"13";"8";"2020";"16:35";"1";"37";"37065";"1";"1";"2";"6";"D757";"47,0326350";"0,3588055"
"202000015694";"12";"8";"2020";"11:25";"1";"38";"38336";"1";"4";"1";"1";"D131";"45,4574800";"4,8422700"
"202000015695";"13";"8";"2020";"08:56";"1";"40";"40296";"1";"1";"1";"2";"D152";"43,6874260";" -1,4255620"
"202000015696";"12";"8";"2020";"16:00";"1";"31";"31285";"1";"1";"1";"6";"Route de Baougnac";"43,6476350";"1,5981160"
"202000015697";"6";"8";"2020";"02:35";"3";"71";"71448";"1";"1";"1";"7";"A6";"46,3817672";"4,8481302"
"202000015698";"14";"8";"2020";"17:10";"1";"63";"63349";"1";"2";"1";"3";"D19";"45,9454910";"2,8600230"
"202000015699";"12";"8";"2020";"12:35";"1";"62";"62044";"2";"9";"1";"1";"2 Rue du Marais";"50,4843600";"1,7447105"
"202000015700";"5";"8";"2020";"23:10";"5";"59";"59525";"2";"2";"1";"6";"Rue Sadi Carnot";"50,0802840";"4,0191190"
"202000015701";"13";"8";"2020";"22:50";"5";"19";"19274";"1";"1";"2";"6";"76 Avenue du Riant Portail du Midi";"45,1864867";"1,5397913"
"202000015702";"13";"8";"2020";"18:30";"1";"56";"56137";"2";"1";"1";"6";"10 Rue Joachim Lamour";"47,7442150";" -2,6838610"
"202000015703";"14";"8";"2020";"10:20";"1";"74";"74236";"2";"1";"1";"7";"568 Route de Cupelin";"45,8881180";"6,6968550"
"202000015704";"14";"8";"2020";"15:45";"1";"77";"77208";"1";"3";"1";"3";"D18";"48,4785773";"3,3094158"
"202000015705";"8";"8";"2020";"16:00";"1";"2A";"2A130";"2";"3";"1";" -1";"route de capitello";"41,8953530";"8,8058880"
"202000015706";"14";"8";"2020";"10:27";"1";"82";"82090";"1";"1";"1";"7";"1513 Côte de Vialette";"44,0872130";"1,3635330"
"202000015707";"14";"8";"2020";"11:15";"1";"11";"11103";"1";"1";"1";"7";"D118";"42,9524690";"2,2536560"
"202000015708";"14";"8";"2020";"02:47";"3";"63";"63040";"1";"1";"1";"6";"D212";"45,7239630";"3,2906630"
"202000015709";"14";"8";"2020";"19:05";"1";"61";"61043";"1";"2";"1";"2";"D955";"48,3534400";"0,7197120"
"202000015710";"10";"8";"2020";"14:50";"1";"86";"86113";"1";"2";"1";"5";"RN 10";"46,4833530";"0,2722120"
"202000015711";"14";"8";"2020";"09:30";"1";"34";"34175";"1";"1";"1";"2";"D908";"43,6062510";"3,3540060"
"202000015712";"13";"8";"2020";"16:30";"1";"34";"34293";"1";"3";"1";"1";"D150";"43,6167380";"2,7093370"
"202000015713";"13";"8";"2020";"16:00";"1";"25";"25400";"1";"1";"1";"2";"D67";"47,0886760";"6,1857450"
"202000015714";"14";"8";"2020";"12:20";"1";"44";"44083";"1";"2";"1";"3";"1 Les Brosses";"46,9967060";" -1,6630840"
"202000015715";"10";"8";"2020";"12:15";"1";"35";"35263";"1";"1";"1";"1";"La basse Ville Enoux";"48,6927450";" -1,8953130"
"202000015716";"3";"8";"2020";"10:30";"1";"35";"35162";"2";"1";"1";"6";"1 Rue Lariboisière";"48,4814060";" -1,1240920"
"202000015717";"13";"8";"2020";"11:58";"1";"29";"29074";"2";"1";"1";"1";"1 Rue des Bruyères";"48,4878430";" -3,9978890"
"202000015718";"8";"8";"2020";"14:45";"1";"29";"29015";"1";"1";"1";"7";"D52";"48,4859510";" -4,4689460"
"202000015719";"10";"8";"2020";"17:40";"1";"38";"38006";"2";"2";"1";"3";"Rue du Pont d'Arcole";"45,3979500";"6,0705300"
"202000015720";"14";"8";"2020";"13:55";"1";"03";"03021";"1";"1";"1";"5";"N/A";"46,1301995";"3,1640073"
"202000015721";"13";"8";"2020";"20:00";"1";"15";"15044";"1";"1";"1";"7";"D3";"45,1389460";"2,8265760"
"202000015722";"13";"8";"2020";"18:45";"1";"15";"15162";"1";"1";"1";"7";"Chemin Departemental 678";"45,2787420";"2,6227770"
"202000015723";"8";"8";"2020";"11:50";"1";"26";"26063";"2";"1";"1";"3";"1 Boulevard Clémenceau";"44,2758530";"5,2721230"
"202000015724";"13";"8";"2020";"15:00";"1";"58";"58192";"1";"1";"1";"7";"Domaine Tallet";"46,7845860";"3,3162300"
"202000015725";"12";"8";"2020";"19:45";"1";"66";"66107";"1";"1";"1";"7";"D117";"42,7959050";"2,6571460"
"202000015726";"14";"8";"2020";"05:50";"3";"66";"66057";"1";"1";"1";"1";"D116";"42,5710740";"2,3769200"
"202000015727";"13";"8";"2020";"20:00";"2";"14";"14478";"1";"1";"1";"6";"D519";"49,0131558";"0,4084146"
"202000015728";"14";"8";"2020";"18:30";"1";"60";"60044";"2";"7";"1";"6";"Place Gabriel Péri";"49,2962307";"2,3364347"
"202000015729";"14";"8";"2020";"10:00";"1";"10";"10254";"1";"3";"1";"3";"D76 INTERSECTION D 97";"48,5747330";"3,5068700"
"202000015730";"27";"7";"2020";"19:50";"1";"07";"07260";"1";"1";"1";" -1";"D2";"44,7085750";"4,6971700"
"202000015731";"7";"8";"2020";"17:06";"1";"24";"24460";"1";"1";"1";"1";"Le Moulin Neuf";"45,2500040";"0,4301670"
"202000015732";"14";"8";"2020";"13:35";"1";"04";"04135";"1";"1";"1";"7";"Rte de Moustiers";"43,8399980";"6,1987250"
"202000015733";"13";"8";"2020";"21:30";"3";"85";"85202";"1";"2";"2";"1";"rd 60 / rd 39";"46,7502860";" -1,1552810"
"202000015734";"12";"8";"2020";"18:00";"1";"27";"27105";"2";"1";"8";"7";"D313";"49,3177090";"0,8412480"
"202000015735";"12";"8";"2020";"17:15";"1";"49";"49333";"1";"2";"1";"5";"D766";"47,5706480";" -0,3470990"
"202000015736";"9";"8";"2020";"23:25";"3";"47";"47097";"1";"1";"1";"2";"A62";"44,2270270";"0,3544590"
"202000015737";"14";"8";"2020";"15:21";"1";"17";"17348";"1";"1";"1";"1";"D123";"45,8530520";" -0,9826561"
"202000015738";"14";"8";"2020";"05:15";"3";"11";"11262";"1";"1";"1";"2";"A61";"43,1513800";"2,9866500"
"202000015739";"8";"8";"2020";"19:30";"3";"976";"97616";"2";"1";"1";"1";"D5";" -12,8447950";"45,1033830"
"202000015740";"14";"8";"2020";"18:50";"3";"974";"97415";"1";"1";"1";"1";"N1a";" -21,0308190";"55,2254120"
"202000015741";"12";"8";"2020";"08:25";"1";"971";"97128";"1";"1";"1";"1";"Dupré";"16,2266810";" -61,3911560"
"202000015742";"7";"7";"2020";"09:15";"1";"978";"97801";"1";"1";"1";"3";"RN7 - Bellevue";"18,0526830";" -63,0858990"
"202000015743";"5";"8";"2020";"17:30";"1";"03";"03242";"1";"1";"1";"4";"1 Rue de Berjoux";"46,3603622";"3,3712649"
"202000015744";"13";"8";"2020";"13:30";"1";"03";"03286";"1";"3";"1";"3";"D12";"46,5358825";"3,3996462"
"202000015745";"29";"7";"2020";"17:55";"1";"38";"38455";"2";"3";"1";"3";"D143";"45,6215460";"5,3520690"
"202000015746";"14";"8";"2020";"12:00";"1";"01";"01301";"2";"1";"1";"3";"133 Route de Mézériat";"46,2482260";"5,1242370"
"202000015747";"13";"8";"2020";"16:10";"1";"81";"81219";"1";"1";"8";"7";"Route Départementale 92";"43,6007190";"2,0762440"
"202000015748";"13";"8";"2020";"21:30";"2";"64";"64430";"2";"1";"8";"6";"Route de Dax";"43,5048087";" -0,7759681"
"202000015749";"14";"8";"2020";"18:00";"1";"85";"85138";"1";"1";"1";"6";"Route de AIZENAY, lieu-dit LE LUTRON";"46,6899000";" -1,6642000"
"202000015750";"13";"8";"2020";"16:00";"1";"22";"22162";"1";"2";"1";"3";"44 Chemin de Leskernec";"48,7640530";" -3,0758550"
"202000015751";"14";"8";"2020";"14:20";"1";"22";"22136";"1";"1";"7";"6";"D768";"48,2037040";" -2,7524400"
"202000015752";"24";"7";"2020";"13:30";"1";"27";"27070";"2";"2";"1";"2";"9 Rue Georges Lemée";"49,2818320";"1,4997200"
"202000015753";"13";"8";"2020";"22:30";"4";"76";"76626";"2";"4";"1";"6";"Rue de l'Eglise";"49,5552220";"0,6251640"
"202000015754";"14";"8";"2020";"08:38";"1";"59";"59535";"2";"4";"5";"1";"Route du Parc";"50,7801090";"2,7379560"
"202000015755";"12";"8";"2020";"08:15";"1";"59";"59350";"1";"1";"1";"5";"ROUTE NATIONALE 356";"50,6155000";"3,0841000"
"202000015756";"10";"8";"2020";"17:30";"1";"59";"59143";"1";"1";"1";"2";"AUTOROUTE A25";"50,6737800";"2,8652580"
"202000015757";"7";"8";"2020";"22:05";"3";"59";"59662";"1";"1";"1";"2";"AUTOROUTE A25";"50,8526250";"2,5527910"
"202000015758";"13";"8";"2020";"07:40";"1";"78";"78029";"1";"1";"1";"6";"A13W";"48,9680210";"1,8579980"
"202000015759";"13";"8";"2020";"17:20";"1";"93";"93066";"1";"1";"1";"2";"AUTOROUTE A1";"48,9076400";"2,3585000"
"202000015760";"7";"8";"2020";"15:15";"1";"93";"93007";"1";"1";"1";"6";"AUTOROUTE A1";"48,9468700";"2,4427500"
"202000015761";"12";"8";"2020";"20:30";"2";"93";"93027";"1";"1";"1";"6";"A16";"48,9281800";"2,4030300"
"202000015762";"13";"8";"2020";"06:05";"2";"92";"92078";"1";"1";"2";"6";"AUTOROUTE A86";"48,9291800";"2,3296900"
"202000015763";"13";"8";"2020";"02:30";"3";"93";"93005";"1";"1";"1";"2";"AUTOROUTE A3";"48,9464400";"2,4762200"
"202000015764";"13";"8";"2020";"13:30";"1";"94";"94073";"1";"1";"1";"4";"A86 EXT";"48,7555490";"2,3832040"
"202000015765";"12";"8";"2020";"09:26";"1";"973";"97302";"2";"1";"1";"1";"BADUEL (ROUTE DE)";"4,9289378";" -52,3002434"
"202000015766";"11";"8";"2020";"12:20";"1";"973";"97302";"2";"9";"1";"7";"CATAYEE (JUSTIN)";"4,9404820";" -52,3308849"
"202000015767";"12";"8";"2020";"14:38";"1";"972";"97209";"2";"1";"1";"1";"MARNE (BOULEVARD DE LA)";"14,6041000";" -61,0803200"
"202000015768";"12";"8";"2020";"23:35";"5";"69";"69382";"2";"9";"1";"6";"PERRACHE                            (QU)";"45,7326100";"4,8172800"
"202000015769";"11";"8";"2020";"08:30";"1";"69";"69385";"2";"1";"1";"2";"CHOULANS (DE)                       (CH)";"45,7533067";"4,8169969"
"202000015770";"11";"8";"2020";"21:00";"4";"971";"97113";"1";"1";"1";"1";"RN4 - SECTION RIVIERA";"16,2176210";" -61,4956498"
"202000015771";"11";"8";"2020";"20:47";"5";"971";"97101";"2";"1";"2";"6";"LACROIX";"16,2354000";" -61,5284430"
"202000015772";"12";"8";"2020";"21:00";"2";"2A";"2A004";"2";"9";"1";"1";"NICOLI JEAN COURS";"41,9322606";"8,7405814"
"202000015773";"11";"8";"2020";"12:55";"1";"95";"95428";"2";"6";"1";"3";"CHARLES DE GAULLE  AVENUE";"48,9858580";"2,3284990"
"202000015774";"12";"8";"2020";"19:50";"1";"83";"83137";"2";"1";"1";"2";"CLOVIS (AVE HUGUES)";"43,1375900";"5,9058700"
"202000015775";"12";"8";"2020";"04:03";"5";"82";"82121";"2";"1";"1";"6";"ALIBERT ( RUE DU DOCTEUR)";"44,0219350";"1,3503340"
"202000015776";"12";"8";"2020";"15:40";"1";"77";"77373";"2";"3";"1";"6";"MARGUERITES (AVENUE DES)";"48,7951040";"2,6074930"
"202000015777";"11";"8";"2020";"11:50";"1";"77";"77186";"1";"1";"1";"2";"D606 de l'obélisque à limite MORET";"48,3783450";"2,7804290"
"202000015778";"11";"8";"2020";"09:05";"1";"71";"71306";"2";"2";"1";"3";"SAINT BERAIN (RUE DE)";"46,6908021";"4,3446518"
"202000015779";"10";"8";"2020";"21:30";"4";"67";"67043";"2";"1";"1";"2";"TROIS MAIRES (RUE DES)";"48,6283610";"7,7776444"
"202000015780";"10";"8";"2020";"17:40";"1";"67";"67482";"2";"2";"1";"3";"BALDNER (RUE)";"48,5684400";"7,7598800"
"202000015781";"12";"8";"2020";"18:05";"1";"67";"67462";"2";"1";"1";"3";"PRESIDENT POINCARE (RUE DU)";"48,2571400";"7,4545200"
"202000015782";"12";"8";"2020";"16:25";"1";"64";"64445";"2";"6";"1";"3";"CAZAUBON NORBERT";"43,3040800";" -0,3669600"
"202000015783";"12";"8";"2020";"12:10";"1";"64";"64024";"2";"1";"1";"3";"ADOUR (AVENUE DE L')";"43,5031200";" -1,4946100"
"202000015784";"11";"8";"2020";"22:30";"5";"64";"64102";"2";"1";"1";"7";"ALLEES MARINES (AVENUE DES)";"43,4972900";" -1,4840600"
"202000015785";"11";"8";"2020";"08:05";"1";"60";"60175";"1";"1";"1";"5";"RD 201_SORTIE 201_ACCES BD S.ALLENDE";"49,2456000";"2,4693000"
"202000015786";"11";"10";"2020";"00:05";"3";"45";"45265";"1";"1";"2";"7";"Autoroute A6, PK 097+075";"48,1311240";"2,9518460"
"202000015787";"11";"10";"2020";"14:25";"1";"974";"97424";"1";"1";"1";"5";"36 Route Nationale 5";" -21,1476430";"55,4663500"
"202000015788";"9";"10";"2020";"19:35";"2";"95";"95409";"1";"9";"1";"1";"D11";"49,0431810";"2,3387740"
"202000015789";"11";"10";"2020";"08:20";"1";"83";"83047";"2";"6";"7";"6";"Avenue du 8 Mai 1945";"43,1537200";"6,0707620"
"202000015790";"10";"10";"2020";"12:34";"1";"57";"57433";"2";"9";"1";"3";"CENTRE COMMERCIAL LECLERC - RD52";"49,2154390";"6,1716130"
"202000015791";"16";"8";"2020";"16:15";"1";"27";"27348";"2";"3";"1";"7";"Rue de l'Andelle";"49,3189360";"1,1582560"
"202000015792";"10";"10";"2020";"15:20";"1";"76";"76069";"2";"1";"1";"3";"8 Rue Pasteur";"49,3892440";"1,1436020"
"202000015793";"11";"10";"2020";"12:45";"1";"80";"80386";"1";"2";"1";"3";"D935";"49,6845960";"2,5596000"
"202000015794";"10";"10";"2020";"15:15";"1";"13";"13211";"1";"1";"1";"2";"A50-Sens Aubagne vers Marseille";"43,2946281";"5,4665187"
"202000015795";"9";"10";"2020";"17:10";"1";"13";"13215";"1";"1";"1";"3";"A7-Sens Marseille vers Lyon";"43,3450700";"5,3743700"
"202000015796";"10";"10";"2020";"15:20";"1";"13";"13106";"2";"1";"1";"4";"A51-Sens Marseille vers Aix en Provence";"43,3945190";"5,3513820"
"202000015797";"10";"10";"2020";"17:30";"1";"69";"69005";"1";"1";"1";"3";"A6  ";"45,9280900";"4,7270970"
"202000015798";"16";"9";"2020";"15:00";"1";"69";"69029";"1";"1";"1";"2";"RD383   7.640 A 11.044";"45,7415100";"4,9054100"
"202000015799";"10";"10";"2020";"22:50";"3";"33";"33080";"1";"1";"1";"2";"AUTOROUTE A 62";"44,7549500";" -0,5439600"
"202000015800";"10";"10";"2020";"08:00";"2";"33";"33162";"1";"1";"2";"2";"ROCADE A 630";"44,8713600";" -0,6418700"
"202000015801";"10";"10";"2020";"20:21";"5";"94";"94034";"1";"1";"1";"7";"AUTOROUTE A86";"48,7601200";"2,3207300"
"202000015802";"10";"10";"2020";"13:45";"1";"91";"91161";"1";"1";"1";"3";"AUTOROUTE A6";"48,7123200";"2,3079100"
"202000015803";"10";"10";"2020";"13:30";"1";"78";"78402";"1";"1";"1";"4";"A13";"48,9642940";"1,7708090"
"202000015804";"9";"10";"2020";"20:40";"3";"92";"92036";"1";"1";"1";"2";"A86";"48,9347260";"2,2679526"
"202000015805";"10";"10";"2020";"00:30";"4";"93";"93005";"1";"1";"1";"2";"AUTOROUTE A104";"48,9729967";"2,4928136"
"202000015806";"9";"10";"2020";"18:20";"1";"93";"93010";"1";"1";"1";"4";"AUTOROUTE A3";"48,9028507";"2,4710421"
"202000015807";"9";"10";"2020";"10:10";"1";"93";"93006";"1";"1";"1";"3";"AUTOROUTE A3";"48,8696603";"2,4297244"
"202000015808";"9";"10";"2020";"12:00";"1";"93";"93027";"1";"1";"2";"6";"AUTOROUTE A86";"48,9282671";"2,4120434"
"202000015809";"10";"10";"2020";"12:00";"2";"93";"93051";"1";"1";"1";"3";"AUTOROUTE A1";"48,8359930";"2,5613840"
"202000015810";"10";"10";"2020";"03:55";"5";"988";"98818";"2";"1";"1";"6";"RUE COPERNIC";" -22,2329400";"166,4247400"
"202000015811";"9";"10";"2020";"16:30";"1";"988";"98818";"2";"1";"1";"6";"PROMENADE PIERRE VERNIER";" -22,2983185";"166,4585620"
"202000015812";"7";"10";"2020";"16:15";"1";"988";"98818";"2";"3";"2";" -1";"AVENUE JAMES COOK";" -22,2680900";"166,4308200"
"202000015813";"9";"10";"2020";"07:00";"1";"976";"97611";"2";"1";"1";"3";"tsoundzou-Kwalé ( route de )";" -12,8059600";"45,2088300"
"202000015814";"9";"10";"2020";"13:30";"1";"974";"97409";"2";"9";"1";"3";"Rue de Cambuston";" -20,9306000";"55,6552400"
"202000015815";"9";"10";"2020";"16:30";"1";"973";"97302";"2";"9";"1";"3";"CATAYEE (JUSTIN)";"4,9411661";" -52,3310137"
"202000015816";"9";"10";"2020";"06:48";"1";"973";"97302";"2";"1";"1";"1";"RABAN (ROUTE DE)";"4,9341114";" -52,3137081"
"202000015817";"9";"10";"2020";"17:15";"1";"69";"69259";"2";"1";"1";"6";"OSCHATZ (D')                        (AV)";"45,6948000";"4,8799000"
"202000015818";"9";"10";"2020";"15:44";"1";"69";"69387";"2";"2";"1";"3";"DEBOURG                             (AV)";"45,7313400";"4,8354600"
"202000015819";"9";"10";"2020";"20:20";"4";"972";"97209";"2";"1";"1";"2";"RD 41";"14,6135700";" -61,0762800"
"202000015820";"9";"10";"2020";"18:05";"1";"69";"69286";"2";"1";"1";"6";"EUROPE (DE L')                      (AV)";"45,8164512";"4,8997777"
"202000015821";"9";"10";"2020";"08:20";"1";"69";"69389";"2";"1";"1";"3";"LAURE DIEBOLD                       (R )";"45,7784900";"4,7987200"