"Num_Acc";"jour";"mois";"an";"hrmn";"lum";"dep";"com";"agg";"int";"atm";"col";"adr";"lat";"long"
"202000015822";"9";"10";"2020";"05:00";"5";"69";"69389";"2";"1";"1";"7";"BALMONT (DE)                        (BD)";"45,7839800";"4,7991100"
"202000015823";"9";"10";"2020";"16:58";"1";"2B";"2B033";"2";"1";"1";"6";"AV DE LA LIBERATION";"42,6789600";"9,4431700"
"202000015824";"9";"10";"2020";"07:45";"1";"2B";"2B033";"2";"1";"1";"6";"GIACCOBBI - AV PAUL";"42,6717700";"9,4400000"
"202000015825";"9";"10";"2020";"17:15";"1";"95";"95428";"2";"1";"1";"6";"CHARLES DE GAULLE  AVENUE";"48,9814500";"2,3208500"
"202000015826";"9";"10";"2020";"07:30";"4";"91";"91477";"2";"9";"3";"6";"MAXIMILIEN ROBESPIERRE (RUE)";"48,7189320";"2,2344790"
"202000015827";"9";"10";"2020";"08:00";"2";"91";"91027";"2";"2";"2";"5";"LAUNAY (RUE ANDRE)";"48,7128000";"2,3910000"
"202000015828";"8";"10";"2020";"17:50";"1";"88";"88209";"2";"1";"1";"2";"LECLERC ( RUE GENERAL )";"48,1908400";"6,4259600"
"202000015829";"8";"10";"2020";"01:35";"5";"86";"86194";"2";"1";"1";"2";"Rue du Faubourg du Pont Neuf";"46,5727680";"0,3639710"
"202000015830";"1";"10";"2020";"03:15";"4";"85";"85194";"2";"9";"2";"7";"VENDEE GLOBE (BOULEVARD DU)";"46,5128200";" -1,7726900"
"202000015831";"6";"10";"2020";"03:45";"3";"85";"85194";"1";"1";"2";"6";"RD 32";"46,5381800";" -1,7519500"
"202000015832";"8";"10";"2020";"23:45";"5";"83";"83137";"2";"2";"1";"3";"BRIAND (AVE ARISTIDE PROLONGEE)";"43,1260016";"5,8977468"
"202000015833";"7";"10";"2020";"08:50";"1";"80";"80164";"2";"1";"1";"3";"ROGER SALENGRO (RUE)";"49,8898700";"2,3487300"
"202000015834";"9";"10";"2020";"07:40";"5";"78";"78238";"2";"6";"2";"3";"RENAULT (ROUTE DE)";"48,9700940";"1,8643330"
"202000015835";"7";"10";"2020";"13:00";"1";"78";"78015";"1";"1";"1";"2";"SCHWEISGUTH (RUE DU GENERAL)";"48,9897570";"2,0697740"
"202000015836";"8";"10";"2020";"11:15";"1";"74";"74012";"2";"1";"1";"4";"BRIAND (RUE ARISITIDE)";"46,1919800";"6,2391800"
"202000015837";"9";"10";"2020";"08:00";"1";"72";"72181";"2";"1";"2";"4";"RIFFAUDIERES (BD DES)";"47,9913400";"0,1750100"
"202000015838";"9";"10";"2020";"21:40";"5";"71";"71040";"2";"1";"1";"4";"JOSEPH LAMBERT (RUE)";"46,6972109";"4,3907225"
"202000015839";"11";"9";"2020";"18:10";"1";"70";"70550";"2";"2";"1";"5";"COUBERTIN (RUE PIERRE DE)";"47,6217100";"6,1697500"
"202000015840";"9";"10";"2020";"15:20";"1";"69";"69256";"2";"3";"1";" -1";"MARIUS GROSSO                       (R )";"45,7636200";"4,9334600"
"202000015841";"8";"10";"2020";"14:28";"1";"67";"67482";"2";"1";"8";"3";"ROMAINS (ROUTE DES)";"48,5802400";"7,7205900"
"202000015842";"8";"10";"2020";"12:03";"1";"67";"67482";"2";"1";"1";"6";"LANDSBERG (RUE DU)";"48,5697590";"7,7633140"
"202000015843";"8";"10";"2020";"20:50";"3";"64";"64483";"2";"3";"1";"2";"ITHURRALDE ANDRE (AVENUE)";"43,3931500";" -1,6517300"
"202000015844";"8";"10";"2020";"19:27";"1";"64";"64189";"2";"1";"1";"1";"OYARZABAL ESTEFANA (RUE)";"43,3836600";" -1,6716600"
"202000015845";"9";"10";"2020";"18:25";"1";"64";"64348";"1";"3";"2";"3";"CHARLES DE GAULLE";"43,3160134";" -0,4217760"
"202000015846";"8";"10";"2020";"23:30";"5";"64";"64024";"2";"1";"1";"3";"HARDOY (RUE DE)";"43,4928700";" -1,5039700"
"202000015847";"8";"10";"2020";"08:45";"1";"64";"64102";"2";"3";"1";"3";"BERNARD (CHEMIN DE SAINT)";"43,5022000";" -1,4833900"
"202000015848";"9";"10";"2020";"12:10";"1";"59";"59508";"2";"1";"1";"3";"HALLUIN (BOULEVARD D')";"50,7432200";"3,1321200"
"202000015849";"24";"9";"2020";"11:40";"1";"59";"59360";"2";"9";"1";"6";"JOFFRE RUE DU MARECHAL";"50,6184100";"3,0041900"
"202000015850";"8";"10";"2020";"07:40";"4";"56";"56083";"2";"6";"1";"6";"KERPOTENCE (RUE  DE )";"47,8154940";" -3,2438900"
"202000015851";"7";"10";"2020";"12:00";"1";"56";"56121";"2";"6";"1";"3";"BELLE-FONTAINE (RUE  DE LA )";"47,7452700";" -3,3661000"
"202000015852";"9";"10";"2020";"20:35";"5";"54";"54304";"2";"1";"1";"2";"BRIAND (RUE ARISTIDE)";"48,6845469";"6,1572924"
"202000015853";"9";"10";"2020";"08:35";"1";"54";"54025";"2";"3";"1";"3";"D2";"48,6618861";"6,2470736"
"202000015854";"9";"10";"2020";"13:05";"1";"53";"53130";"2";"1";"1";"3";"PARIS ( RUE DE )";"48,0756250";" -0,7525900"
"202000015855";"6";"10";"2020";"20:55";"3";"52";"52448";"1";"1";"2";"7";"TROIS FONTAINES (ROUTE DE)";"48,6619600";"4,9448200"
"202000015856";"9";"10";"2020";"07:30";"5";"51";"51454";"2";"3";"3";"3";"Boulevard de la Paix";"49,2543693";"4,0405904"
"202000015857";"7";"10";"2020";"20:15";"3";"49";"49328";"1";"1";"1";"6";"CADRE NOIR (PONT DU) N 347";"47,2708400";" -0,0848800"
"202000015858";"8";"10";"2020";"12:25";"1";"49";"49007";"1";"1";"1";"7";"ATLANTIQUE  AVENUE DE L'";"47,4646800";" -0,5738700"
"202000015859";"6";"10";"2020";"11:00";"1";"48";"48095";"2";"6";"2";"6";"Route de Rieucros";"44,5248100";"3,4819300"
"202000015860";"8";"10";"2020";"20:05";"5";"47";"47215";"2";"1";"1";"6";"Avenue du Camp d'Alaric";"44,3878600";"0,6829400"
"202000015861";"9";"10";"2020";"07:50";"5";"44";"44114";"2";"3";"2";"1";"Rue Hubert de la Brosse";"47,2769700";" -1,6002300"
"202000015862";"8";"10";"2020";"17:04";"1";"41";"41212";"1";"1";"1";"3";"RD 956";"47,5644600";"1,3719500"
"202000015863";"7";"10";"2020";"19:20";"1";"40";"40192";"2";"1";"1";"6";"FOCH (AV DU MARECHAL)";"43,8964300";" -0,4907500"
"202000015864";"7";"10";"2020";"07:50";"2";"40";"40281";"1";"9";"2";"3";"SAINT-SEVER (AV DE)";"43,8684500";" -0,5112500"
"202000015865";"10";"10";"2020";"00:40";"5";"37";"37261";"2";"2";"1";" -1";"FOUQUET (RUE JEHAN)";"47,3872834";"0,6838798"
"202000015866";"9";"10";"2020";"16:50";"1";"35";"35278";"1";"1";"1";"4";"RN 136";"48,1414800";" -1,6747700"
"202000015867";"9";"10";"2020";"08:00";"2";"35";"35051";"2";"6";"2";"7";"AVENUE DES PREALES";"48,1113800";" -1,6223200"
"202000015868";"8";"10";"2020";"20:00";"5";"34";"34032";"2";"2";"1";"3";"MOULIN JEAN (AV)";"43,3533900";"3,2339100"
"202000015869";"10";"10";"2020";"00:25";"5";"33";"33063";"2";"3";"1";"3";"RUE LUCIEN FAURE";"44,8676900";" -0,5638400"
"202000015870";"9";"10";"2020";"15:30";"1";"33";"33063";"2";"3";"1";"6";"BD DES FRERES MOGA";"44,8266500";" -0,5474400"
"202000015871";"8";"10";"2020";"14:55";"1";"31";"31433";"1";"1";"1";"2";"VA007307 FRANCAZAL A64 Sortie 37";"43,5340400";"1,3903700"
"202000015872";"2";"10";"2020";"13:56";"1";"31";"31555";"2";"1";"3";"6";"BD DE L EMBOUCHURE";"43,6115000";"1,4203700"
"202000015873";"9";"10";"2020";"07:36";"2";"30";"30189";"2";"2";"1";"6";"VIGNY ALFRED DE (RUE)";"43,8329900";"4,3814900"
"202000015874";"7";"10";"2020";"09:00";"1";"30";"30189";"2";"3";"8";"6";"AUGUSTE (RUE)";"43,8405400";"4,3556000"
"202000015875";"9";"10";"2020";"10:40";"1";"29";"29232";"2";"6";"1";" -1";"Avenue de Ti Pont";"48,0161474";" -4,1008186"
"202000015876";"8";"10";"2020";"12:25";"1";"28";"28404";"2";"1";"1";"3";"RD 828A";"48,7190500";"1,3485700"
"202000015877";"8";"10";"2020";"18:00";"1";"27";"27229";"2";"1";"1";"2";"MOULIN (RUE JEAN)";"49,0133197";"1,1524639"
"202000015878";"9";"10";"2020";"10:50";"1";"26";"26362";"2";"9";"1";"3";" Avenue de Romans";"44,9338020";"4,9039140"
"202000015879";"6";"10";"2020";"05:30";"3";"26";"26362";"1";"1";"1";" -1";"L.A.C.R.A  RN 7 (104)";"44,9408200";"4,9427700"
"202000015880";"9";"10";"2020";"23:30";"5";"25";"25056";"2";"6";"2";"6";"KENNEDY  BOULEVARD J.F.";"47,2332200";"5,9838500"
"202000015881";"9";"10";"2020";"09:23";"1";"25";"25056";"2";"2";"1";"3";"FONTAINE-ARGENT AVENUE";"47,2469900";"6,0351500"
"202000015882";"9";"10";"2020";"07:55";"2";"17";"17300";"2";"2";"1";"1";"LOTI   AVENUE PIERRE";"46,1622200";" -1,1762000"
"202000015883";"9";"10";"2020";"07:45";"2";"14";"14118";"2";"1";"2";"3";"GARE (RUE DE LA)";"49,1766300";" -0,3516900"
"202000015884";"9";"10";"2020";"17:40";"1";"13";"13071";"2";"4";"1";"3";"ROUTE NATIONALE 113 - RENARDIERE";"43,4122000";"5,3031700"
"202000015885";"8";"10";"2020";"23:15";"3";"13";"13019";"2";"1";"1";"5";"D543";"43,4519890";"5,3591540"
"202000015886";"9";"10";"2020";"11:53";"1";"13";"13103";"2";"1";"1";"2";"VIEUX CHEMIN D'ISTRES";"43,6330800";"5,0771200"
"202000015887";"9";"10";"2020";"20:50";"5";"13";"13211";"2";"1";"1";"3";"CAMOINS ((RUE LES)";"43,2985900";"5,4913900"
"202000015888";"9";"10";"2020";"18:16";"1";"11";"11069";"2";"1";"1";"3";"RD 6113";"43,2296000";"2,3420000"
"202000015889";"9";"10";"2020";"18:57";"5";"10";"10321";"2";"2";"2";"3";"GENERAL LECLERC (RUE DU)";"48,2915500";"4,0341900"
"202000015890";"9";"10";"2020";"02:38";"5";"10";"10333";"2";"9";"1";"7";"CHARLES BALTET (RUE)";"48,2822000";"4,0594100"
"202000015891";"8";"10";"2020";"17:05";"1";"10";"10333";"1";"1";"8";"2";"ROCADE OUEST (RD 610)";"48,2769000";"4,0436000"
"202000015892";"9";"10";"2020";"09:25";"1";"07";"07281";"1";"1";"8";"7";"TASSINI (AVENUE VICTOR)";"44,9519200";"4,8235400"
"202000015893";"9";"10";"2020";"17:25";"1";"06";"06088";"2";"9";"1";"6";"PASTEUR (BD)";"43,7217400";"7,2814800"
"202000015894";"9";"10";"2020";"08:00";"1";"06";"06088";"2";"1";"1";"3";"VOIE RAPIDE";"43,6964450";"7,2659340"
"202000015895";"9";"10";"2020";"00:49";"5";"06";"06088";"2";"1";"1";"7";"CORNIGLION MOLINIER (BD)";"43,6666300";"7,2155000"
"202000015896";"5";"10";"2020";"01:15";"5";"06";"06027";"2";"1";"1";"6";"FAUVETTES AVENUE DES";"43,6640000";"7,1674000"
"202000015897";"9";"10";"2020";"09:00";"1";"04";"04112";"2";"1";"1";"6";"RD 907 (Av de la libération)";"43,8326500";"5,7711900"
"202000015898";"1";"9";"2020";"08:40";"1";"03";"03190";"2";"4";"1";"5";"Rue des Garceaux";"46,5573092";"3,3329129"
"202000015899";"9";"10";"2020";"10:35";"1";"01";"01053";"2";"8";"8";"3";"Avenue Amedee Mercier";"46,1975600";"5,2619300"
"202000015900";"9";"10";"2020";"19:40";"5";"75";"75118";"2";"1";"1";"3";"PORTE DE CLIGNANCOURT";"48,9007870";"2,3385590"
"202000015901";"9";"10";"2020";"19:08";"5";"75";"75111";"2";"2";"1";"6";"RUE OBERKAMPF";"48,8637580";"2,3701430"
"202000015902";"9";"10";"2020";"13:00";"1";"75";"75120";"2";"1";"2";"6";"RUE DE MENILMONTANT";"48,8685260";"2,3890720"
"202000015903";"9";"10";"2020";"20:20";"4";"75";"75119";"2";"1";"1";"3";"RUE D AUBERVILLIERS";"48,8912650";"2,3688720"
"202000015904";"8";"10";"2020";"22:55";"5";"75";"75119";"2";"4";"1";"2";"RUE MANIN";"48,8814790";"2,3807460"
"202000015905";"8";"10";"2020";"16:12";"1";"75";"75119";"2";"2";"1";"3";"AVENUE SIMON BOLIVAR";"48,8784100";"2,3742540"
"202000015906";"8";"10";"2020";"11:00";"1";"75";"75117";"2";"2";"8";"6";"RUE GUY MOQUET";"48,8915240";"2,3203840"
"202000015907";"9";"10";"2020";"20:30";"5";"75";"75116";"2";"4";"1";"3";"BOULEVARD EXELMANS";"48,8443360";"2,2587630"
"202000015908";"9";"10";"2020";"02:55";"5";"75";"75116";"2";"2";"1";"7";"AVENUE GEORGES LAFONT";"48,8365120";"2,2559420"
"202000015909";"8";"10";"2020";"22:40";"5";"75";"75115";"2";"2";"1";"3";"RUE DES ENTREPRENEURS";"48,8456550";"2,2879850"
"202000015910";"9";"10";"2020";"15:15";"1";"75";"75114";"2";"1";"1";"3";"RUE VERCINGETORIX";"48,8287500";"2,3060450"
"202000015911";"9";"10";"2020";"07:25";"2";"75";"75113";"2";"1";"2";"6";"AVENUE DE LA PORTE DE VITRY";"48,8226090";"2,3780580"
"202000015912";"9";"10";"2020";"15:00";"1";"75";"75112";"2";"2";"8";"3";"AVENUE LEDRU ROLLIN";"48,8479790";"2,3714270"
"202000015913";"9";"10";"2020";"15:30";"1";"75";"75111";"2";"2";"1";"1";"RUE DU CHEMIN VERT";"48,8610920";"2,3811490"
"202000015914";"9";"10";"2020";"10:45";"1";"75";"75117";"2";"5";"8";"3";"BOULEVARD BESSIERES";"48,8975040";"2,3243100"
"202000015915";"8";"10";"2020";"23:15";"5";"75";"75108";"2";"2";"1";"3";"RUE DU HAVRE";"48,8741750";"2,3269430"
"202000015916";"9";"10";"2020";"19:45";"5";"94";"94081";"2";"2";"1";"3";"MOZART (R)";"48,7943700";"2,3792600"
"202000015917";"9";"10";"2020";"10:50";"1";"94";"94068";"2";"9";"2";"6";"D'ADAMVILLE KENNEDY (PL)";"48,7943000";"2,4867900"
"202000015918";"9";"10";"2020";"08:10";"1";"94";"94046";"2";"3";"2";"3";"GAMBETTA (AV)";"48,8100130";"2,4417580"
"202000015919";"9";"10";"2020";"16:00";"1";"94";"94038";"2";"2";"1";"3";"TULIPES (R DES)";"48,7774000";"2,3530800"
"202000015920";"9";"10";"2020";"05:10";"5";"94";"94065";"2";"9";"2";"3";"TROIS MARCHES (AV) / MIN RUNGIS";"48,7599358";"2,3527611"
"202000015921";"9";"10";"2020";"19:50";"5";"94";"94028";"2";"3";"1";"6";"CASCADES.(IMPASSE DES)";"48,7697000";"2,4614000"
"202000015922";"9";"10";"2020";"09:55";"1";"94";"94055";"2";"3";"2";"3";"RAYMOND THERESE (R)";"48,7826300";"2,5200500"
"202000015923";"9";"10";"2020";"08:56";"1";"93";"93039";"2";"1";"2";"2";"MARINE (QUAI DE LA )";"48,9451600";"2,3324000"
"202000015924";"7";"10";"2020";"15:45";"1";"93";"93027";"1";"1";"1";"2";"SALENGRO (AVENUE ROGER)";"48,9330935";"2,3866904"
"202000015925";"7";"10";"2020";"11:00";"1";"93";"93066";"2";"3";"2";"3";"AV DE VERDUN / R DE LA LIBERTE";"48,9428900";"2,3663600"
"202000015926";"9";"10";"2020";"06:30";"5";"93";"93062";"2";"2";"2";"3";"BD DU MIDI / ALL NICOLAS CARNOT";"48,8913200";"2,5152500"
"202000015927";"9";"10";"2020";"06:33";"5";"93";"93050";"2";"1";"3";"1";"AV DU MARECHAL FOCH";"48,8553850";"2,5257098"
"202000015928";"9";"10";"2020";"10:30";"1";"93";"93046";"2";"2";"2";"3";"BD DE L'EUROPE / R DU CHATEAU";"48,9247100";"2,5480100"
"202000015929";"9";"10";"2020";"15:00";"1";"93";"93027";"2";"1";"1";"6";"VAILLANT-COUTURIER (AVENUE PAUL)";"48,9267600";"2,4169000"
"202000015930";"9";"10";"2020";"20:30";"5";"93";"93014";"2";"1";"1";"6";"JEAN MOULIN (AVENUE)";"48,9080729";"2,5554117"
"202000015931";"9";"10";"2020";"15:30";"1";"93";"93057";"2";"1";"1";"4";"BRIAND ( AV. ARISTIDE) 238 A 308";"48,9108474";"2,5144165"
"202000015932";"9";"10";"2020";"09:45";"1";"93";"93001";"2";"2";"2";"3";"ANDRE KARMAN (RUE)  => 136/143";"48,9060521";"2,3841686"
"202000015933";"9";"10";"2020";"17:49";"1";"92";"92075";"2";"1";"1";"1";"RAYMOND DAVID (RUE)";"48,8177500";"2,2945600"
"202000015934";"6";"10";"2020";"19:20";"2";"92";"92063";"2";"3";"1";"3";"HOPITAL STELL (BOULEVARD DE L')";"48,8798200";"2,1855200"
"202000015935";"9";"10";"2020";"09:00";"1";"92";"92049";"2";"3";"2";"3";"DORMOY AVENUE MARX N°2 A 100";"48,8102500";"2,3128300"
"202000015936";"9";"10";"2020";"13:55";"1";"92";"92036";"2";"1";"1";"3";"LOUISE MICHEL (IMPAIRS)";"48,9215540";"2,3193080"
"202000015937";"8";"10";"2020";"22:30";"5";"92";"92026";"2";"1";"1";"3";"GEORGES CLEMENCEAU";"48,9029300";"2,2715000"
"202000015938";"8";"10";"2020";"21:35";"5";"92";"92012";"2";"6";"1";" -1";"RHIN ET DANUBE (ROND POINT)";"48,8407830";"2,2289009"
"202000015939";"4";"10";"2020";"17:35";"1";"92";"92004";"2";"1";"1";"1";"GRESILLONS ( AVENUE DES  )";"48,9130466";"2,2973429"
"202000015940";"9";"10";"2020";"20:00";"5";"92";"92002";"2";"1";"1";"2";"JEAN MONNET (AVENUE)";"48,7473510";"2,2981130"
"202000015941";"2";"10";"2020";"07:45";"2";"35";"35126";"1";"1";"6";"6";"Maison Neuve";"47,9696110";" -1,7695760"
"202000015942";"8";"10";"2020";"23:45";"5";"01";"01074";"2";"3";"1";"6";"6 Lotissement le Clos Bel Air";"46,0040830";"5,1737560"
"202000015943";"10";"10";"2020";"19:45";"3";"91";"91414";"1";"1";"2";"6";"D18";"48,3438990";"2,0542490"
"202000015944";"10";"10";"2020";"12:30";"1";"83";"83073";"1";"1";"1";"3";"D97 - PK 47+970";"43,3724220";"6,2969200"
"202000015945";"2";"10";"2020";"10:25";"1";"56";"56071";"1";"1";"1";"6";"Le Rivage D 778";"47,8966360";" -2,6350450"
"202000015946";"9";"10";"2020";"18:00";"1";"56";"56032";"2";"3";"1";"3";"Rue du Clos Doris";"47,9568850";" -2,2978110"
"202000015947";"9";"10";"2020";"14:30";"1";"76";"76482";"2";"6";"1";"3";"rond point du collège offranville";"49,8692450";"1,0384820"
"202000015948";"10";"10";"2020";"13:20";"1";"2A";"2A323";"1";"1";"1";"5";"RT 20";"42,0226340";"8,8998220"
"202000015949";"10";"10";"2020";"00:10";"3";"63";"63044";"1";"1";"1";"7";"Lieu-dit Mouraille";"45,7266272";"3,4190816"
"202000015950";"10";"10";"2020";"01:00";"5";"61";"61456";"2";"1";"1";"6";"Lieu Dit les Haies";"48,7771540";"0,6483650"
"202000015951";"10";"10";"2020";"11:20";"1";"61";"61293";"2";"4";"7";"6";"Rue Ferdinand de Boyères";"48,5232670";"0,5397030"
"202000015952";"7";"10";"2020";"20:15";"3";"49";"49331";"1";"6";"1";"3";"La Renaissance (Zone commerciale)";"47,6972060";" -0,8700710"
"202000015953";"9";"10";"2020";"12:18";"1";"49";"49154";"1";"1";"2";"6";"D276";"47,3291361";" -0,3629721"
"202000015954";"9";"10";"2020";"20:20";"3";"39";"39189";"1";"1";"1";"7";"N/A";"47,0744180";"5,3739130"
"202000015955";"4";"10";"2020";"12:44";"1";"29";"29235";"1";"1";"1";"6";"D165 - Trémie de Kergleuz";"48,3989820";" -4,4109570"
"202000015956";"10";"10";"2020";"16:30";"1";"14";"14445";"1";"1";"1";"6";"D 13";"49,1853400";" -0,8554960"
"202000015957";"10";"10";"2020";"16:15";"1";"50";"50370";"2";"1";"1";"3";"Rue du Bourg";"49,4196950";" -1,5474790"
"202000015958";"10";"10";"2020";"12:10";"1";"83";"83028";"1";"1";"1";" -1";"Route Departementale 562";"43,5740210";"6,5637140"
"202000015959";"17";"8";"2020";"15:35";"1";"60";"60187";"2";"1";"1";"6";"Rue de Saint-leu";"49,4446700";"1,8212840"
"202000015960";"9";"10";"2020";"22:30";"3";"43";"43018";"1";"1";"2";"7";"Route de Vergezac";"45,0125110";"3,7702950"
"202000015961";"9";"10";"2020";"22:15";"5";"21";"21663";"2";"6";"2";"6";"D905";"47,5363950";"4,4633030"
"202000015962";"10";"10";"2020";"18:10";"2";"04";"04130";"1";"1";"1";"7";"RD 951";"44,0651860";"5,8793380"
"202000015963";"9";"10";"2020";"18:00";"1";"08";"08417";"2";"4";"1";"1";"11 Grande Rue";"49,8878920";"4,4952750"
"202000015964";"10";"10";"2020";"00:25";"3";"13";"13051";"1";"1";"1";"1";"D15";"43,6050390";"5,1351640"
"202000015965";"10";"10";"2020";"15:00";"1";"973";"97309";"1";"1";"1";"3";"D23";"4,8907760";" -52,2881840"
"202000015966";"9";"10";"2020";"20:35";"5";"69";"69244";"2";"2";"1";"1";"Avenue du 11 Novembre 1918";"45,7640540";"4,7602400"
"202000015967";"9";"10";"2020";"10:00";"1";"33";"33122";"1";"2";"1";"3";"Route de Saucats";"44,7192990";" -0,7407780"
"202000015968";"10";"10";"2020";"18:30";"1";"41";"41071";"1";"9";"1";"3";"D33";"47,6428100";"1,6047120"
"202000015969";"10";"10";"2020";"04:05";"5";"77";"77448";"2";"1";"1";"6";"Avenue Franklin Roosevelt - D603";"48,9441020";"3,1155840"
"202000015970";"7";"10";"2020";"10:35";"1";"34";"34199";"2";"1";"1";"6";"Cours Jean Jaures";"43,4605980";"3,4215920"
"202000015971";"10";"10";"2020";"12:00";"1";"83";"83035";"1";"1";"1";"7";"Route des Hauts du Camp";"43,2448430";"5,7947730"
"202000015972";"7";"10";"2020";"07:45";"1";"54";"54043";"1";"1";"2";"3";"D331";"48,5801100";"6,0989340"
"202000015973";"9";"10";"2020";"17:45";"1";"07";"07259";"2";"2";"1";"3";"route de saint martin";"44,3039380";"4,6113230"
"202000015974";"8";"10";"2020";"13:56";"1";"69";"69227";"1";"1";"1";" -1";"Impasse du Chier";"45,6597236";"4,5659056"
"202000015975";"3";"9";"2020";"18:50";"1";"33";"33056";"2";"2";"1";"3";"3 Avenue du Général de Gaulle";"44,9091740";" -0,6385320"
"202000015976";"23";"12";"2020";"11:15";"1";"83";"83137";"1";"1";"1";"5";"A50";"43,1250600";"5,9062500"
"202000015977";"23";"12";"2020";"05:00";"3";"67";"67152";"1";"1";"9";"2";"Autoroute A.35";"48,5267245";"7,6768024"
"202000015978";"24";"12";"2020";"11:05";"1";"33";"33063";"1";"1";"1";"4";"ROCADE A 630";"44,8790990";" -0,5331320"
"202000015979";"24";"12";"2020";"15:25";"1";"91";"91570";"1";"1";"1";"3";"RN 104";"48,6249300";"2,3168900"
"202000015980";"24";"12";"2020";"03:50";"5";"94";"94034";"1";"1";"2";"6";"AUTOROUTE A86";"48,7564700";"2,3328300"
"202000015981";"23";"12";"2020";"21:34";"3";"91";"91521";"1";"1";"1";"7";"RN 104";"48,6285600";"2,4000270"
"202000015982";"24";"12";"2020";"16:45";"3";"78";"78133";"1";"1";"2";"4";"A13";"48,8911710";"2,0094230"
"202000015983";"24";"12";"2020";"16:00";"1";"92";"92036";"1";"1";"2";"2";"A86";"48,9357321";"2,2870848"
"202000015984";"24";"12";"2020";"17:50";"2";"95";"95256";"1";"1";"1";"6";" A115";"49,0570300";"2,2067100"
"202000015985";"24";"12";"2020";"17:45";"3";"93";"93066";"1";"1";"2";"4";"AUTOROUTE A86";"48,9236000";"2,3426000"
"202000015986";"24";"12";"2020";"09:15";"2";"95";"95394";"1";"1";"1";"6";" A115";"49,0508500";"2,1816000"
"202000015987";"23";"12";"2020";"23:15";"3";"93";"93048";"1";"1";"1";"2";"AUTOROUTE A86";"48,8646800";"2,4822200"
"202000015988";"23";"12";"2020";"22:10";"3";"95";"95491";"1";"1";"1";"2";" A115";"49,0099106";"2,2314543"
"202000015989";"23";"12";"2020";"12:30";"1";"93";"93064";"1";"1";"2";"4";"AUTOROUTE A86";"48,8825200";"2,4729700"
"202000015990";"23";"12";"2020";"11:45";"1";"92";"92036";"1";"1";"8";" -1";"AUTOROUTE A86";"48,9389000";"2,3055200"
"202000015991";"24";"12";"2020";"18:45";"3";"94";"94022";"1";"1";"1";"4";"A86 EXT";"48,7763756";"2,4214019"
"202000015992";"24";"12";"2020";"16:40";"1";"77";"77373";"1";"1";"2";"7";"RN104";"48,7625000";"2,6158600"
"202000015993";"6";"9";"2020";"19:50";"1";"69";"69275";"2";"1";"1";"6";"BERTHAUDIERE (DE LA)                (CH)";"45,7726600";"4,9689000"
"202000015994";"24";"10";"2020";"21:10";"5";"59";"59350";"2";"3";"1";" -1";"REPUBLIQUE PLACE DE LA";"50,6317200";"3,0615700"
"202000015995";"27";"7";"2020";"22:55";"5";"94";"94079";"2";"1";"1";"3";"GENERAL DE GAULLE (R DU)";"48,8267200";"2,5402200"
"202000015996";"23";"12";"2020";"15:45";"1";"974";"97411";"2";"1";"1";"6";"VAUBAN (BOULEVARD)";" -20,8860100";"55,4645100"
"202000015997";"22";"12";"2020";"20:00";"5";"974";"97411";"2";"9";"1";"3";"MACE (BOULEVARD GABRIEL)";" -20,8752600";"55,4455200"
"202000015998";"23";"12";"2020";"15:23";"1";"973";"97302";"2";"1";"1";"3";"14 ET 22 JUIN 1962";"4,9355500";" -52,3275200"
"202000015999";"23";"12";"2020";"11:20";"1";"973";"97302";"2";"9";"1";"3";"CESAIRE (CITE)";"4,9301400";" -52,3221500"
"202000016000";"23";"12";"2020";"00:10";"5";"973";"97302";"2";"1";"1";"7";"COULEE D'OR (CITE)";"4,9420961";" -52,3076356"
"202000016001";"23";"12";"2020";"18:10";"5";"69";"69387";"2";"1";"1";"3";"BERTHELOT                           (AV)";"45,7412855";"4,8540678"
"202000016002";"23";"12";"2020";"12:50";"1";"69";"69199";"2";"3";"1";"3";"CARNOT                              (R )";"45,7080210";"4,8598300"
"202000016003";"23";"12";"2020";"11:40";"1";"69";"69199";"2";"1";"1";"3";"JEAN JAURES                         (AV)";"45,7123751";"4,8550612"
"202000016004";"23";"12";"2020";"17:45";"5";"972";"97213";"2";"1";"1";"4";"AUTOROUTE A1";"14,6183400";" -61,0271600"
"202000016005";"22";"12";"2020";"17:00";"2";"69";"69034";"2";"2";"1";"3";"CREPIEUX (DE)                       (CH)";"45,8014457";"4,8628610"
"202000016006";"23";"12";"2020";"13:10";"1";"69";"69384";"2";"1";"1";"2";"HERBOUVILLE (D')                    (CO)";"45,7762893";"4,8396053"
"202000016007";"23";"12";"2020";"00:10";"5";"69";"69202";"2";"1";"1";"6";"AQUEDUC DE BEAUNANT (DE L')         (AV)";"45,7223900";"4,7859900"
"202000016008";"22";"12";"2020";"17:40";"5";"95";"95218";"2";"1";"8";"6";"AMBASSADEUR (RUE DE L')";"49,0128600";"2,0918000"
"202000016009";"23";"12";"2020";"16:30";"5";"91";"91645";"1";"1";"8";"2";"BRETELLE SORTIE A 86";"48,7604120";"2,2542560"
"202000016010";"23";"12";"2020";"07:15";"5";"91";"91027";"2";"1";"3";"6";"RUE EDOUARD VAILLANT";"48,7083870";"2,3982970"
"202000016011";"19";"12";"2020";"14:40";"1";"81";"81004";"1";"1";"1";"6";"ROCADE RN88 NORD";"43,9484887";"2,1590634"