"Num_Acc";"jour";"mois";"an";"hrmn";"lum";"dep";"com";"agg";"int";"atm";"col";"adr";"lat";"long"
"202000016012";"20";"12";"2020";"00:30";"5";"76";"76231";"2";"2";"1";"3";"HENRI. RUE";"49,2907500";"1,0081400"
"202000016013";"22";"12";"2020";"15:45";"1";"76";"76540";"2";"2";"3";"5";"NANSEN. RUE FRIDTJOF";"49,4472000";"1,0608700"
"202000016014";"23";"12";"2020";"18:15";"5";"74";"74118";"2";"1";"2";"1";"SAINT-JULIEN (ROUTE DE)";"46,1752000";"6,2213000"
"202000016015";"22";"12";"2020";"18:30";"5";"67";"67043";"2";"3";"2";"3";"ROBERTSAU (RUE DE LA)";"48,6133000";"7,7637610"
"202000016016";"21";"12";"2020";"18:25";"5";"64";"64102";"2";"1";"1";"6";"LORRAINE (BOULEVARD D'ALSACE)";"43,4917800";" -1,4643200"
"202000016017";"22";"12";"2020";"10:47";"1";"59";"59508";"2";"9";"2";"6";"HALLUIN (BOULEVARD D')";"50,7365672";"3,1325465"
"202000016018";"23";"12";"2020";"16:15";"1";"59";"59378";"2";"1";"1";"6";"MEUNIER RUE";"50,6752886";"3,0832073"
"202000016019";"23";"12";"2020";"07:10";"5";"59";"59350";"2";"1";"2";"2";"LEGRAND PIERRE RUE";"50,6324000";"3,0892900"
"202000016020";"23";"12";"2020";"16:35";"2";"54";"54431";"2";"4";"3";"6";"Camille CAVALIER (AVENUE )";"48,8985800";"6,0512200"
"202000016021";"23";"12";"2020";"07:40";"3";"54";"54273";"2";"1";"2";"6";"PATTON (AVENUE)";"49,1614000";"5,8727800"
"202000016022";"22";"12";"2020";"19:35";"2";"52";"52251";"1";"1";"1";"7";"R.N.19 NORD";"48,1279200";"5,1078000"
"202000016023";"23";"12";"2020";"10:20";"1";"51";"51454";"2";"3";"3";"7";"Avenue Jean Jaurès";"49,2616246";"4,0509626"
"202000016024";"22";"12";"2020";"09:56";"1";"50";"50502";"2";"9";"2";"6";"DE GAULLE (Place du Général)";"49,1157100";" -1,0910000"
"202000016025";"23";"12";"2020";"18:25";"5";"49";"49007";"2";"1";"1";"3";"TALET AVENUE";"47,4754800";" -0,5484800"
"202000016026";"23";"12";"2020";"09:00";"1";"45";"45234";"2";"2";"8";"1";"Boulevard de Chateaudun-rue de Loigny";"47,9085900";"1,8917800"
"202000016027";"20";"12";"2020";"16:31";"1";"42";"42187";"2";"6";"1";"3";"Avenue de Paris";"46,0479700";"4,0686900"
"202000016028";"23";"12";"2020";"05:55";"5";"42";"42187";"2";"6";"1";"3";"Avenue de Paris";"46,0479700";"4,0686900"
"202000016029";"23";"12";"2020";"18:16";"5";"37";"37261";"2";"1";"1";"4";"MAGINOT (AV. ANDRE)";"47,4244442";"0,6991305"
"202000016030";"23";"12";"2020";"13:28";"1";"37";"37195";"2";"1";"8";"7";"PROUDHON (AVENUE)";"47,3871985";"0,6507844"
"202000016031";"23";"12";"2020";"09:14";"1";"37";"37195";"2";"1";"2";"6";"PARMENTIERE (RUE DE LA)";"47,3799027";"0,6638557"
"202000016032";"23";"12";"2020";"16:00";"1";"35";"35238";"2";"3";"2";"1";"Avenue Germaine Dulac";"48,1341930";" -1,6968620"
"202000016033";"22";"12";"2020";"10:00";"1";"34";"34032";"2";"1";"1";"6";"RIVETTI ROBERT (RUE)";"43,3447900";"3,2407700"
"202000016034";"23";"12";"2020";"20:05";"3";"33";"33249";"2";"6";"2";"6";"QUAI FRANCAIS";"44,8887700";" -0,5297000"
"202000016035";"23";"12";"2020";"14:00";"1";"33";"33281";"2";"9";"2";"3";"AVE DE LA MARNE";"44,8326600";" -0,6467400"
"202000016036";"23";"12";"2020";"15:20";"1";"33";"33032";"2";"2";"2";"1";"AVE LAMARTINE";"44,9045300";" -0,5150500"
"202000016037";"23";"12";"2020";"08:50";"1";"33";"33550";"2";"2";"1";"3";"AVE PIERRE PROUDHON";"44,7846600";" -0,5861700"
"202000016038";"22";"12";"2020";"15:30";"1";"33";"33063";"2";"1";"8";"2";"AVE DE NONTRASTE";"44,8774100";" -0,5646100"
"202000016039";"23";"12";"2020";"12:10";"1";"31";"31555";"2";"1";"1";"1";"RUE HENRI DESBALS";"43,5819100";"1,4138900"
"202000016040";"22";"12";"2020";"11:00";"1";"31";"31557";"2";"1";"1";"4";"AV JEAN JAURES";"43,5886800";"1,3597900"
"202000016041";"23";"12";"2020";"19:45";"5";"29";"29019";"2";"2";"1";"1";"Rue de l’Eglise";"48,3821350";" -4,4989190"
"202000016042";"22";"12";"2020";"20:23";"5";"29";"29019";"2";"1";"1";"6";"Rue Pierre Brossolette";"48,3842200";" -4,4933100"
"202000016043";"22";"12";"2020";"15:30";"1";"29";"29019";"2";"8";"1";"3";"Rue de la Porte";"48,3842170";" -4,5008184"
"202000016044";"21";"12";"2020";"18:50";"5";"28";"28404";"2";"1";"2";"2";"LIBERTE (AVENUE DE LA)";"48,7379500";"1,3332300"
"202000016045";"23";"12";"2020";"12:00";"1";"25";"25056";"2";"4";"1";"3";"ALLENDE  BOULEVARD SALVADOR";"47,2196000";"5,9757100"
"202000016046";"23";"12";"2020";"09:28";"1";"17";"17300";"2";"1";"2";"3";"JOFFRE   BOULEVARD (1-25)";"46,1600600";" -1,1409300"
"202000016047";"22";"12";"2020";"13:15";"1";"14";"14118";"2";"1";"1";"2";"CLEMENCEAU (AVENUE GEORGES)";"49,1923400";" -0,3378800"
"202000016048";"23";"12";"2020";"21:00";"5";"13";"13208";"1";"1";"2";"7";"JOSEPH VIDAL (AVENUE)";"43,2515500";"5,3778400"
"202000016049";"23";"12";"2020";"17:15";"2";"13";"13210";"2";"9";"8";"3";"ANDRE BARDON (rue)";"43,2851800";"5,4257600"
"202000016050";"23";"12";"2020";"12:53";"1";"13";"13216";"2";"6";"2";"6";"ANTOINE SARTORIO (ROND POINT)";"43,3620100";"5,3453000"
"202000016051";"22";"12";"2020";"18:30";"5";"13";"13211";"2";"1";"1";"6";"POMME (BOULEVARD DE LA )";"43,2934020";"5,4515050"
"202000016052";"23";"12";"2020";"07:45";"2";"13";"13212";"2";"1";"8";"6";"WILLIAM BOOTH (AVENUE)";"43,2939000";"5,4408000"
"202000016053";"21";"12";"2020";"19:10";"5";"13";"13208";"2";"3";"1";"3";"PRADO (AVENUE DU)";"43,2651000";"5,3787100"
"202000016054";"23";"12";"2020";"09:40";"1";"06";"06029";"2";"1";"1";"6";"BORDE (AVENUE DE LA)(BOCCA)";"43,5671170";"6,9663430"
"202000016055";"23";"12";"2020";"21:10";"5";"06";"06155";"2";"1";"1";"1";"ROUVIER BD MAURICE";"43,5785820";"7,0547970"
"202000016056";"23";"12";"2020";"05:58";"5";"75";"75109";"2";"3";"2";"6";"RUE SCRIBE";"48,8702770";"2,3299970"
"202000016057";"23";"12";"2020";"20:25";"5";"75";"75120";"2";"2";"1";"3";"RUE DE BAGNOLET";"48,8591600";"2,4021340"
"202000016058";"23";"12";"2020";"18:10";"5";"75";"75118";"2";"5";"1";"7";"RUE CAULAINCOURT";"48,8898230";"2,3429570"
"202000016059";"23";"12";"2020";"16:05";"1";"75";"75117";"2";"2";"1";"3";"BOULEVARD BESSIERES";"48,8975680";"2,3241640"
"202000016060";"22";"12";"2020";"15:15";"1";"75";"75116";"2";"4";"8";"6";"RUE DU DOCTEUR BLANCHE";"48,8529790";"2,2648360"
"202000016061";"22";"12";"2020";"14:40";"1";"75";"75116";"2";"7";"2";"6";"CARREFOUR DES ANCIENS COMBATTANTS   BOUL";"48,8483560";"2,2420530"
"202000016062";"23";"12";"2020";"08:46";"1";"75";"75113";"2";"3";"2";"3";"QUAI PANHARD ET LEVASSOR";"48,8311240";"2,3811660"
"202000016063";"23";"12";"2020";"11:30";"1";"75";"75112";"2";"5";"1";"6";"RUE DE WATTIGNIES";"48,8346510";"2,4007970"
"202000016064";"23";"12";"2020";"18:50";"5";"75";"75101";"2";"1";"1";"6";"RUE DE RIVOLI";"48,8645130";"2,3297310"
"202000016065";"23";"12";"2020";"13:13";"1";"75";"75101";"2";"7";"2";"3";"QUAI FRANCOIS MITTERRAND";"48,8601160";"2,3333590"
"202000016066";"23";"12";"2020";"09:00";"2";"94";"94076";"2";"1";"2";"3";"STALINGRAD (AV DE)";"48,7807610";"2,3673940"
"202000016067";"23";"12";"2020";"12:40";"1";"94";"94034";"2";"3";"1";"3";"TUILERIE (R DE LA)";"48,7586400";"2,3175600"
"202000016068";"22";"12";"2020";"20:00";"5";"94";"94073";"2";"1";"2";"4";"FONTAINEBLEAU (AV DE)";"48,7572600";"2,3687200"
"202000016069";"23";"12";"2020";"18:00";"1";"94";"94028";"2";"1";"2";"3";"Carrefour Pompadour";"48,7748100";"2,4393600"
"202000016070";"23";"12";"2020";"12:50";"1";"93";"93064";"2";"6";"2";"6";"AV REPUBLIQUE / R PAUL CAVARE";"48,8720800";"2,4851100"
"202000016071";"21";"12";"2020";"21:30";"4";"93";"93053";"2";"9";"2";"1";"ROSNY (AVENUE DE) N° 53 A 243";"48,8901770";"2,4712169"
"202000016072";"22";"12";"2020";"12:15";"1";"93";"93029";"2";"1";"2";"1";"JEAN JAURES (AVENUE)";"48,9175219";"2,4562275"
"202000016073";"23";"12";"2020";"01:00";"5";"93";"93057";"2";"1";"3";"6";"PARIS (BD DE)";"48,9164700";"2,4969800"
"202000016074";"23";"12";"2020";"15:47";"1";"92";"92075";"2";"1";"2";"6";"QUATRE SEPTEMBRE (RUE DU)";"48,8267700";"2,2862800"
"202000016075";"22";"12";"2020";"11:00";"1";"92";"92022";"2";"1";"2";"2";"JOUY (RUE DE)";"48,8015700";"2,1879500"
"202000016076";"23";"12";"2020";"07:00";"5";"92";"92051";"2";"1";"2";"3";"CHARLES DE GAULLE (AVENUE, N° 18 A 116)";"48,8824334";"2,2680370"
"202000016077";"23";"12";"2020";"16:45";"1";"92";"92048";"2";"1";"1";"3";"REPUBLIQUE (RUE DE LA) N° 1 A 45";"48,8091060";"2,2361720"
"202000016078";"23";"12";"2020";"11:45";"1";"92";"92040";"2";"1";"2";"7";"GENERAL DE GAULLE (AVE DU) 32 A 62";"48,8207650";"2,2805660"
"202000016079";"23";"12";"2020";"12:45";"1";"22";"22280";"2";"1";"3";"7";"Le Haut Pont Roux";"48,4259700";" -2,0714100"
"202000016080";"24";"12";"2020";"13:00";"1";"38";"38113";"2";"1";"1";"6";"Chemin de Theyssonniere";"44,8213330";"5,6254610"
"202000016081";"24";"12";"2020";"12:34";"1";"10";"10319";"1";"1";"2";"7";"D54c";"48,1931850";"3,6325690"
"202000016082";"24";"12";"2020";"09:55";"1";"974";"97413";"2";"1";"1";"3";"Rue Adrien Lagourgue";" -21,2103681";"55,3004714"
"202000016083";"22";"12";"2020";"17:00";"3";"71";"71215";"1";"1";"2";"1";"Route d'Allerey";"46,8973902";"4,9570554"
"202000016084";"24";"12";"2020";"14:20";"1";"51";"51662";"1";"1";"1";"7";"A34";"49,2797971";"4,1055286"
"202000016085";"22";"12";"2020";"15:20";"1";"56";"56165";"2";"2";"2";"6";"33 Rue du General Dubreton";"47,9299310";" -2,3987750"
"202000016086";"24";"12";"2020";"18:45";"3";"79";"79250";"2";"2";"1";"3";"Rue du 22 Juin 1940";"46,9152060";" -0,2715740"
"202000016087";"23";"12";"2020";"10:30";"1";"82";"82037";"2";"6";"1";"6";"D117";"44,1599640";"1,5355860"
"202000016088";"23";"12";"2020";"19:20";"3";"82";"82087";"1";"1";"2";"6";"D2";"44,1430750";"1,1965660"
"202000016089";"24";"12";"2020";"11:15";"1";"71";"71538";"1";"3";"2";"1";"Route de Louhans";"46,7422382";"5,1262950"
"202000016090";"23";"12";"2020";"15:00";"1";"71";"71014";"1";"1";"2";"6";"33 Route de Saint Denis";"46,9703290";"4,3247703"
"202000016091";"15";"12";"2020";"14:05";"1";"22";"22362";"2";"6";"1";"3";"Rue du Port";"48,7908780";" -3,2304150"
"202000016092";"24";"12";"2020";"07:15";"3";"29";"29076";"1";"1";"2";"6";"D3 - Beg Avel Névez";"48,4478170";" -4,5540100"
"202000016093";"24";"12";"2020";"13:10";"1";"38";"38150";"1";"6";"1";"2";"D11K";"45,2076140";"5,8473230"
"202000016094";"24";"12";"2020";"14:15";"1";"60";"60627";"1";"2";"2";"3";"D930";"49,6299890";"2,3555090"
"202000016095";"23";"12";"2020";"12:11";"1";"21";"21199";"1";"1";"2";"6";"D1";"47,5490150";"4,1877220"
"202000016096";"23";"12";"2020";"07:45";"2";"85";"85014";"1";"3";"2";"3";"Le Plessis Bouchard";"46,6781150";" -0,9155770"
"202000016097";"22";"12";"2020";"18:50";"5";"28";"28140";"2";"6";"2";"6";"Avenue de la Prairie";"48,6040700";"1,6729260"
"202000016098";"24";"12";"2020";"02:00";"3";"87";"87112";"1";"1";"2";"6";"La Petite Garde";"45,6584660";"1,0286970"
"202000016099";"23";"12";"2020";"12:50";"1";"52";"52058";"2";"3";"1";"3";"Rue de la Scierie";"48,1994640";"5,1366930"
"202000016100";"16";"12";"2020";"19:15";"5";"06";"06152";"1";"1";"1";"2";"Route d'Antibes";"43,6254290";"6,9972830"
"202000016101";"17";"9";"2020";"17:45";"1";"06";"06085";"1";"6";"1";"2";"694 AVENUE MAURICE DAUNAT";"43,6113350";"7,0174370"
"202000016102";"23";"12";"2020";"19:15";"3";"74";"74143";"1";"1";"2";"5";"N205";"45,8956460";"6,8020180"
"202000016103";"23";"12";"2020";"16:45";"1";"976";"97601";"1";"1";"1";"1";"RD1";" -12,7044830";"45,0511770"
"202000016104";"21";"12";"2020";"22:08";"4";"971";"97103";"1";"1";"2";"6";"N11";"16,2706070";" -61,5499810"
"202000016105";"23";"12";"2020";"15:00";"1";"974";"97413";"2";"1";"1";"1";"Chemin des Barrières";" -21,1040090";"55,2974720"
"202000016106";"23";"12";"2020";"19:30";"3";"973";"97304";"1";"1";"1";"2";"RN1";"5,1551460";" -52,6767830"
"202000016107";"23";"12";"2020";"19:42";"3";"91";"91494";"1";"1";"6";"1";"D312";"48,6140660";"2,3559130"
"202000016108";"24";"12";"2020";"08:30";"1";"66";"66065";"1";"1";"1";"3";"D914";"42,6161441";"2,9789660"
"202000016109";"23";"12";"2020";"17:00";"1";"06";"06128";"1";"1";"1";"1";"Route de Cagnes";"43,6914560";"7,1300410"
"202000016110";"23";"12";"2020";"13:30";"1";"60";"60619";"1";"3";"2";"3";"route 548";"49,1068580";"2,7995138"
"202000016111";"24";"12";"2020";"14:19";"1";"60";"60395";"2";"9";"2";"6";"Rue Henri Barbusse";"49,2340838";"2,1258320"
"202000016112";"20";"12";"2020";"12:00";"1";"69";"69295";"1";"1";"3";"3";"A46";"45,6150472";"4,8860068"
"202000016113";"23";"12";"2020";"16:50";"2";"91";"91553";"1";"1";"8";"4";"RN 104";"48,6275100";"2,4783400"
"202000016114";"23";"12";"2020";"12:35";"1";"91";"91286";"1";"1";"1";"3";"AUTOROUTE A6";"48,6479800";"2,3863340"
"202000016115";"21";"12";"2020";"20:40";"3";"78";"78291";"1";"1";"2";" -1";"A13";"48,9702730";"1,7345640"
"202000016116";"23";"12";"2020";"16:00";"1";"95";"95252";"1";"1";"3";"6";" A15";"48,9764300";"2,2362200"
"202000016117";"23";"12";"2020";"11:15";"1";"95";"95582";"1";"1";"2";"6";"A115";"48,9718500";"2,2481600"
"202000016118";"23";"12";"2020";"16:40";"1";"94";"94017";"1";"1";"2";"4";"A4";"48,8303700";"2,4901900"
"202000016119";"23";"12";"2020";"15:20";"1";"93";"93051";"1";"1";"2";"3";"A4";"48,8359253";"2,5436934"
"202000016120";"22";"12";"2020";"21:45";"5";"94";"94052";"1";"1";"2";" -1";"A86 INT";"48,8436000";"2,4924000"
"202000016121";"21";"12";"2020";"23:25";"3";"94";"94028";"1";"9";"2";"6";"A86 EXT";"48,7924517";"2,4412611"
"202000016122";"10";"7";"2020";"14:50";"1";"38";"38421";"2";"3";"1";"6";"Avenue Jean Jaurès";"45,1796000";"5,7699000"
"202000016123";"15";"12";"2020";"10:40";"1";"976";"97611";"2";"1";"1";"6";"kaweni-Kaweni nord ( Z I )";" -12,7741100";"45,2248000"
"202000016124";"15";"12";"2020";"08:40";"1";"976";"97611";"2";"1";"1";"6";"doujani-Mosquée de doujani ( rue de la )";" -12,7796700";"45,2278600"
"202000016125";"22";"12";"2020";"14:38";"1";"974";"97416";"2";"1";"1";"5";"Chemin des 3 Mares";" -21,2978330";"55,4468880"
"202000016126";"22";"12";"2020";"21:30";"5";"974";"97411";"2";"1";"1";"3";"BEARN (RUE DU)";" -20,9037200";"55,4909600"
"202000016127";"22";"12";"2020";"16:00";"1";"974";"97407";"2";"1";"1";"7";"Avenue du 20 Décembre 1848";" -20,9435600";"55,2975600"
"202000016128";"22";"12";"2020";"10:40";"1";"974";"97407";"2";"1";"1";"4";"ROUTE NATIONALE N° 4";" -20,9506100";"55,3030300"
"202000016129";"22";"12";"2020";"21:00";"5";"973";"97302";"2";"1";"1";"3";"TROUBIRAN (CHEMIN DE)";"4,9262442";" -52,3035693"
"202000016130";"22";"12";"2020";"19:00";"5";"973";"97302";"2";"1";"1";"2";"BADUEL (ROUTE DE)";"4,9362599";" -52,3140407"
"202000016131";"21";"12";"2020";"22:40";"5";"973";"97302";"2";"2";"1";"3";"MONTABO (ROUTE DE) 1";"4,9350988";" -52,2933147"
"202000016132";"23";"12";"2020";"02:10";"5";"69";"69259";"2";"1";"1";"6";"PRESIDENT EDOUARD HERRIOT (DU)      (R )";"45,6942638";"4,8753624"
"202000016133";"22";"12";"2020";"18:56";"5";"69";"69259";"2";"2";"1";"3";"CARNOT                              (R )";"45,7037700";"4,8800400"
"202000016134";"22";"12";"2020";"17:10";"2";"69";"69388";"2";"1";"1";"5";"EPARGNE (DE L')                     (R )";"45,7424530";"4,8580223"
"202000016135";"22";"12";"2020";"15:20";"1";"69";"69383";"2";"2";"1";"3";"FERDINAND BUISSON                   (R )";"45,7497800";"4,8897700"
"202000016136";"22";"12";"2020";"09:05";"1";"69";"69259";"2";"3";"1";"3";"JODINO (DE)                         (BD)";"45,6960187";"4,8875481"
"202000016137";"22";"12";"2020";"10:35";"1";"972";"97213";"2";"1";"1";"2";"ROUTE DEPARTEMENTALE 3";"14,6279843";" -60,9893990"
"202000016138";"21";"12";"2020";"19:45";"3";"972";"97213";"1";"1";"1";"6";"ROUTE NATIONALE 5";"14,5966200";" -60,9958000"
"202000016139";"21";"12";"2020";"17:45";"5";"69";"69384";"2";"2";"2";"6";"CANUTS (DES)                        (BD)";"45,7795500";"4,8274300"
"202000016140";"21";"12";"2020";"13:00";"1";"971";"97101";"2";"1";"1";"2";"PERRIN (SECTEUR)";"16,2795200";" -61,5079800"
"202000016141";"21";"12";"2020";"19:52";"5";"95";"95427";"2";"1";"2";"6";"SAINT LEU (ROUTE DE)";"48,9593096";"2,3289701"
"202000016142";"22";"12";"2020";"14:50";"1";"91";"91514";"1";"9";"2";"3";"CD 33";"48,6704400";"2,5263020"
"202000016143";"21";"12";"2020";"20:47";"5";"87";"87085";"2";"1";"2";"6";"ARCADES (BOULEVARD DES)";"45,8520100";"1,2641200"
"202000016144";"20";"12";"2020";"16:02";"1";"87";"87065";"1";"1";"1";"6";"LIBERATION (AVENUE DE LA)";"45,8104100";"1,3439900"
"202000016145";"21";"12";"2020";"10:45";"1";"86";"86194";"2";"1";"2";"6";"Rue de Provence";"46,5878920";"0,3585070"
"202000016146";"22";"12";"2020";"11:55";"1";"83";"83069";"2";"1";"1";"3";"LOUBES (ROUTE DES)";"43,1124400";"6,1125000"
"202000016147";"22";"12";"2020";"16:28";"1";"83";"83118";"1";"1";"1";"1";"BOULEVARD EUGÈNE BRIEUX";"43,4433600";"6,9003700"
"202000016148";"22";"12";"2020";"10:25";"1";"81";"81004";"2";"1";"1";"3";"LATTRE DE TASSIGNY (AV DE)";"43,9308900";"2,1633000"
"202000016149";"22";"12";"2020";"17:27";"5";"77";"77468";"2";"1";"2";"6";"ARCHE GUEDON (COURS DE L')";"48,8496000";"2,6400700"
"202000016150";"22";"12";"2020";"17:50";"5";"77";"77307";"2";"2";"2";" -1";"AV DE L EUROPE";"48,8547500";"2,7674700"
"202000016151";"22";"12";"2020";"13:00";"1";"77";"77268";"1";"1";"2";"3";"BD DE L EUROPE";"48,8749700";"2,8035300"
"202000016152";"22";"12";"2020";"11:30";"1";"73";"73065";"2";"1";"1";"3";"D1 MOTTE SERVOLEX (AVENUE DE LA)";"45,5789081";"5,8942264"
"202000016153";"21";"12";"2020";"17:35";"5";"69";"69290";"2";"2";"2";"3";"JEAN ZAY                            (R )";"45,7084120";"4,9088228"
"202000016154";"21";"12";"2020";"18:00";"5";"67";"67218";"2";"1";"2";"3";"LYON (ROUTE DE)";"48,5281300";"7,7102400"
"202000016155";"21";"12";"2020";"18:00";"2";"64";"64189";"2";"3";"1";"3";"BENOIT PIERRE (BOULEVARD)";"43,3880500";" -1,6767400"
"202000016156";"22";"12";"2020";"16:00";"1";"59";"59599";"2";"1";"1";"6";"GRAMME (CHAUSSEE)";"50,7372054";"3,1674045"
"202000016157";"22";"12";"2020";"18:55";"1";"59";"59378";"2";"1";"3";"6";"MENIN RUE DE";"50,6765400";"3,0807000"
"202000016158";"22";"12";"2020";"17:25";"3";"59";"59183";"1";"9";"2";"3";"BRUXELLES - ROND-POINT";"51,0145400";"2,3546500"
"202000016159";"21";"12";"2020";"10:02";"1";"56";"56098";"1";"1";"1";"7";"KERMORVAN (RUE  DE )";"47,7674700";" -3,3145000"
"202000016160";"17";"12";"2020";"19:15";"5";"54";"54184";"2";"1";"1";"6";"BRIGACHTAL (AVENUE DE)";"48,7006764";"6,2245595"
"202000016161";"22";"12";"2020";"09:00";"1";"51";"51454";"2";"1";"2";"2";"Boulevard Paul Doumer";"49,2508009";"4,0226442"
"202000016162";"21";"12";"2020";"19:50";"5";"50";"50129";"2";"3";"2";"6";"PICARDIE (RUE DE)";"49,6277300";" -1,6263700"
"202000016163";"21";"12";"2020";"19:45";"3";"49";"49099";"1";"1";"3";"7";"RN160";"47,0899600";" -0,8283100"
"202000016164";"21";"12";"2020";"08:10";"5";"49";"49099";"2";"5";"2";" -1";"CALINS (AVENUE DES)";"47,0595500";" -0,8738900"
"202000016165";"22";"12";"2020";"18:04";"5";"49";"49007";"2";"1";"2";"6";"COUBERTIN BOULEVARD";"47,4673700";" -0,5299500"
"202000016166";"22";"12";"2020";"07:30";"3";"49";"49007";"2";"1";"2";"1";"JEANNETEAU";"47,4953500";" -0,5540500"
"202000016167";"21";"12";"2020";"18:15";"5";"38";"38563";"2";"1";"3";"6";"Rue George Sand";"45,3656000";"5,5865500"
"202000016168";"22";"12";"2020";"18:20";"5";"38";"38185";"2";"2";"1";"1";"Rue des Alliés";"45,1717000";"5,7243000"
"202000016169";"22";"12";"2020";"11:14";"1";"37";"37261";"2";"2";"8";" -1";"NATIONALE (RUE)";"47,3946889";"0,6871176"
"202000016170";"22";"12";"2020";"11:10";"1";"35";"35238";"1";"1";"2";"3";"RD 463";"48,0918900";" -1,6278900"
"202000016171";"18";"11";"2020";"12:05";"1";"06";"06148";"1";"1";"1";" -1";"RD 2210";"43,7062670";"7,0410830"
"202000016172";"18";"11";"2020";"15:55";"1";"06";"06079";"2";"1";"1";"6";"Avenue Janvier Passero";"43,5464590";"6,9385540"
"202000016173";"18";"11";"2020";"08:08";"2";"45";"45022";"1";"1";"7";"1";"Route de Courcelles";"48,0805160";"2,3413540"
"202000016174";"19";"11";"2020";"17:10";"2";"85";"85216";"2";"2";"1";"3";"Route Départementale 137";"46,4853720";" -1,1114320"
"202000016175";"18";"11";"2020";"14:00";"1";"27";"27414";"1";"2";"1";"3";"Le Grand Mesnil";"48,9219212";"0,4446197"
"202000016176";"19";"11";"2020";"07:00";"2";"30";"30161";"1";"1";"1";"1";"Route Départementale 6110";"44,0274760";"4,1115690"
"202000016177";"19";"11";"2020";"05:48";"3";"13";"13051";"1";"1";"1";"6";"D113";"43,5638190";"5,1590680"
"202000016178";"19";"11";"2020";"01:30";"3";"91";"91441";"1";"1";"2";"6";"Autoroute A6 pk 41+000";"48,5003200";"2,5130340"
"202000016179";"17";"11";"2020";"17:55";"3";"972";"97228";"1";"1";"1";"1";"D24bis";"14,7845510";" -61,0033040"
"202000016180";"19";"11";"2020";"07:00";"2";"30";"30307";"2";"1";"1";"6";"RN 106";"44,2066930";"4,0279910"
"202000016181";"18";"11";"2020";"11:50";"1";"83";"83023";"2";"1";"1";"6";"Boulevard Just Marie Raynouard";"43,4081650";"6,0724620"
"202000016182";"18";"11";"2020";"12:00";"1";"71";"71176";"2";"1";"1";"1";"19 bis Avenue des Platanes";"46,4827337";"3,9747452"
"202000016183";"18";"11";"2020";"17:25";"5";"67";"67189";"2";"1";"9";"6";"4 Rue du Kritt";"48,4266652";"7,4500232"
"202000016184";"19";"11";"2020";"06:50";"3";"54";"54215";"1";"4";"2";"1";"D657";"48,7428329";"6,1548328"
"202000016185";"17";"11";"2020";"19:30";"5";"33";"33056";"1";"1";"1";"1";"151 avenue de labarde";"44,9298270";" -0,5625560"
"202000016186";"19";"11";"2020";"15:16";"1";"85";"85155";"1";"1";"1";"7";"Le Vendéspace (Centre sportif)";"46,7137970";" -1,4347670"
"202000016187";"19";"11";"2020";"13:27";"1";"60";"60612";"1";"1";"1";"2";"N/A";"49,2116400";"2,6070640"
"202000016188";"18";"11";"2020";"18:30";"3";"59";"59643";"2";"1";"1";"1";"D108";"50,7402640";"2,9552040"
"202000016189";"18";"11";"2020";"09:20";"1";"69";"69283";"1";"1";"1";"3";"A46S   43.680 A 47.880";"45,6709600";"4,9357600"
"202000016190";"17";"11";"2020";"22:00";"3";"69";"69081";"1";"1";"1";"4";"M6   448.490 A 449.450";"45,7957160";"4,7787175"
"202000016191";"18";"11";"2020";"08:20";"1";"91";"91617";"1";"1";"1";"4";"RN 104";"48,6318800";"2,5265900"
"202000016192";"18";"11";"2020";"09:15";"1";"93";"93066";"1";"1";"1";"5";"AUTOROUTE A1";"48,9190100";"2,3572900"
"202000016193";"16";"11";"2020";"14:15";"5";"93";"93008";"1";"1";"1";"4";"AUTOROUTE A86";"48,9180073";"2,4290614"
"202000016194";"12";"6";"2020";"20:30";"1";"75";"75118";"2";"1";"1";"4";"RUE DE LA CHAPELLE";"48,8959900";"2,3592800"
"202000016195";"17";"11";"2020";"16:20";"1";"974";"97416";"2";"1";"1";"6";"BENOITE BOULARD (RUE)";" -21,3129200";"55,4745600"
"202000016196";"17";"11";"2020";"15:30";"1";"974";"97411";"2";"2";"1";"3";"LATTRE DE TASSIGNY (AVENUE MARECHAL DE)";" -20,8913100";"55,4802100"
"202000016197";"16";"11";"2020";"21:10";"5";"974";"97411";"2";"1";"1";"1";"JAURES (BLD 2 JEAN)";" -20,8979100";"55,4760300"
"202000016198";"17";"11";"2020";"19:50";"5";"69";"69388";"2";"1";"1";"7";"LONGEFER                            (R )";"45,7381700";"4,8774200"
"202000016199";"17";"11";"2020";"08:30";"1";"69";"69386";"2";"1";"1";"2";"RENE DEROUDILLE                        (";"45,7659600";"4,8559700"
"202000016200";"17";"11";"2020";"08:00";"1";"69";"69034";"2";"2";"1";" -1";"PIERRE DREVET                       (CH)";"45,8061433";"4,8726338"
"202000016201";"16";"11";"2020";"10:40";"1";"91";"91161";"2";"2";"1";"6";"ROUTE DE MASSY";"48,7132100";"2,3024600"
"202000016202";"17";"11";"2020";"09:14";"1";"91";"91027";"1";"3";"1";"4";"RTE NATIONALE 7";"48,7163900";"2,3708400"