"Num_Acc";"jour";"mois";"an";"hrmn";"lum";"dep";"com";"agg";"int";"atm";"col";"adr";"lat";"long"
"202000016203";"16";"11";"2020";"08:25";"1";"91";"91223";"2";"1";"1";"6";"RUE JULIEN PRANVILLE";"48,4391300";"2,1387200"
"202000016204";"16";"11";"2020";"23:30";"5";"87";"87085";"2";"1";"1";"6";"LOCARNO (AVENUE)";"45,8382700";"1,2723900"
"202000016205";"16";"11";"2020";"18:04";"5";"76";"76351";"2";"1";"1";"6";"HUIT MAI 1945 (AVENUE DU)";"49,5160800";"0,1700700"
"202000016206";"17";"11";"2020";"08:10";"2";"72";"72181";"2";"1";"1";"1";"DURAND GEORGES (AV) N° PAIRS 312 A 460";"47,9638000";"0,2212000"
"202000016207";"16";"11";"2020";"08:00";"2";"72";"72181";"2";"1";"1";"6";"LIBERATION (AV DE LA) N° PAIRS 2 A 122";"48,0017400";"0,1846400"
"202000016208";"29";"10";"2020";"10:45";"1";"70";"70550";"2";"1";"1";"6";"ALSACE LORRAINE (RUE)";"47,6219700";"6,1556100"
"202000016209";"16";"11";"2020";"06:57";"5";"69";"69256";"2";"1";"1";"6";"GEORGES DIMITROV                    (AV)";"45,7772400";"4,9249500"
"202000016210";"17";"11";"2020";"07:30";"2";"69";"69264";"2";"1";"1";"6";"BURDEAU BD";"45,9953000";"4,7209200"
"202000016211";"16";"11";"2020";"12:40";"1";"69";"69264";"2";"9";"1";" -1";"GRENETTE  R";"45,9910400";"4,7201000"
"202000016212";"14";"11";"2020";"21:20";"5";"68";"68149";"2";"4";"1";"3";"Rue des Vosges";"47,5919570";"7,5827210"
"202000016213";"15";"11";"2020";"16:20";"2";"67";"67043";"2";"3";"1";"3";"BRUMATH (ROUTE DE)";"48,6148700";"7,7325800"
"202000016214";"14";"11";"2020";"17:55";"1";"66";"66136";"2";"1";"1";"2";"VALLESPIR (RAMBLA DU)";"42,6848129";"2,9041109"
"202000016215";"17";"11";"2020";"07:45";"2";"65";"65433";"2";"3";"1";"3";"THOREZ (RUE MAURICE)";"43,2112810";"0,1003280"
"202000016216";"16";"11";"2020";"16:30";"1";"64";"64445";"2";"2";"1";"2";"Avenue Gaston Phoebus";"43,3024700";" -0,3793900"
"202000016217";"16";"11";"2020";"17:25";"1";"64";"64102";"2";"1";"8";"2";"LOUIS DE FOIX (AVENUE)";"43,5050500";" -1,4673000"
"202000016218";"9";"10";"2020";"18:00";"1";"62";"62573";"1";"1";"1";"1";"RD165";"50,4907600";"2,8983300"
"202000016219";"10";"11";"2020";"18:15";"5";"62";"62464";"2";"1";"1";"6";"RAYERE (R DE LA)";"50,4853600";"2,8201300"
"202000016220";"17";"11";"2020";"15:20";"1";"59";"59508";"2";"9";"1";" -1";"HALLUIN (BOULEVARD D')";"50,7361700";"3,1326800"
"202000016221";"17";"11";"2020";"15:15";"1";"59";"59648";"2";"1";"1";"6";"SCHWIETZER RUE DU DOCTEUR";"50,5860110";"3,0427660"
"202000016222";"17";"11";"2020";"07:40";"2";"51";"51454";"2";"2";"1";"7";"Rue de Venise";"49,2465141";"4,0317586"
"202000016223";"12";"11";"2020";"16:07";"1";"37";"37261";"2";"3";"1";" -1";"HALLEBARDIER (RUE DU)";"47,3811636";"0,6937640"
"202000016224";"16";"11";"2020";"19:05";"5";"29";"29232";"2";"2";"1";"1";"Rue Emile Zola";"47,9874426";" -4,0985334"
"202000016225";"22";"10";"2020";"22:15";"5";"21";"21231";"2";"1";"1";"3";"N274";"47,3155300";"5,0795000"
"202000016226";"17";"11";"2020";"17:23";"2";"17";"17300";"2";"6";"1";"3";"MOULIN   AVENUE JEAN";"46,1517900";" -1,1396600"
"202000016227";"15";"11";"2020";"01:45";"4";"13";"13039";"2";"1";"1";"7";"MEGLE (bld)";"43,4445911";"4,9416402"
"202000016228";"17";"11";"2020";"18:05";"5";"13";"13208";"2";"1";"1";"7";"POMPIDOU (PROMENADE)";"43,2647250";"5,3734800"
"202000016229";"17";"11";"2020";"16:00";"1";"13";"13203";"2";"2";"1";"3";"PLOMBIERES (BOULEVARD DES)";"43,3149461";"5,3877508"
"202000016230";"17";"11";"2020";"15:10";"1";"13";"13214";"2";"1";"1";"2";"MERLAN (AVENUE)";"43,3399320";"5,4076690"
"202000016231";"17";"11";"2020";"18:15";"5";"13";"13028";"2";"1";"1";"1";"FARDELOUP (CHEMIN DE)";"43,1835900";"5,5965900"
"202000016232";"17";"11";"2020";"12:55";"1";"11";"11069";"2";"1";"1";"3";"CUVIER GEORGES";"43,2198400";"2,3557700"
"202000016233";"16";"11";"2020";"19:30";"5";"06";"06083";"2";"3";"1";"6";"SOLEIL (PROMENADE DU, N° 2 A 848))";"43,7686350";"7,4917460"
"202000016234";"17";"11";"2020";"10:05";"1";"06";"06069";"2";"1";"1";"6";"ROUQUIER (BOULEVARD EMMANUEL)";"43,6443970";"6,9410080"
"202000016235";"16";"11";"2020";"07:11";"2";"06";"06069";"2";"1";"5";"7";"CLEMENCEAU (BOULEVARD GEORGES)";"43,6621648";"6,9187030"
"202000016236";"16";"11";"2020";"10:15";"1";"05";"05061";"2";"6";"1";"3";"CARREFOUR DE L'EUROPE";"44,5548390";"6,0751510"
"202000016237";"17";"11";"2020";"06:50";"5";"01";"01451";"1";"6";"8";"3";"LIAVOLES ( CHEMIN DES )";"46,2308000";"5,2128700"
"202000016238";"17";"11";"2020";"10:00";"1";"75";"75116";"2";"7";"1";"6";"AVENUE DE NEW YORK";"48,8641000";"2,3009540"
"202000016239";"17";"11";"2020";"21:50";"5";"75";"75110";"2";"3";"1";"3";"BOULEVARD DE MAGENTA";"48,8761720";"2,3560500"
"202000016240";"17";"11";"2020";"17:50";"5";"75";"75101";"2";"2";"1";"1";"RUE DE RIVOLI";"48,8663950";"2,3234670"
"202000016241";"17";"11";"2020";"11:50";"1";"75";"75104";"2";"2";"1";"5";"BOULEVARD MORLAND";"48,8510570";"2,3622100"
"202000016242";"17";"11";"2020";"14:50";"1";"94";"94067";"2";"2";"1";"3";"JEANNE D'ARC (R)";"48,8368300";"2,4203300"
"202000016243";"19";"10";"2020";"08:50";"1";"94";"94015";"2";"1";"1";"6";"RIGNY (AV DE)";"48,8417760";"2,5194530"
"202000016244";"17";"11";"2020";"13:30";"1";"94";"94011";"2";"9";"1";"2";"SEMARD(RUE PIERRE)";"48,7594860";"2,4805880"
"202000016245";"16";"11";"2020";"22:06";"5";"94";"94011";"2";"9";"1";"6";"GRANDE ALLEE";"48,7680230";"2,4941560"
"202000016246";"16";"11";"2020";"13:44";"1";"94";"94028";"2";"1";"1";"3";"JEAN BAPTISITE OUDRY (BD)";"48,7755870";"2,4585990"
"202000016247";"17";"11";"2020";"16:40";"1";"93";"93072";"2";"1";"1";" -1";"JULES GUESDE (AVENUE)";"48,9619600";"2,3830000"
"202000016248";"17";"11";"2020";"16:50";"1";"93";"93071";"2";"1";"1";"6";"GENERAL LECLERC (AVENUE DU)";"48,9378600";"2,5283600"
"202000016249";"17";"11";"2020";"18:00";"2";"93";"93077";"2";"9";"1";"2";"BELLEUX (RUE DU COMMANDANT)";"48,8884783";"2,4935600"
"202000016250";"16";"11";"2020";"07:37";"2";"93";"93051";"2";"1";"1";"2";"PIERRE BROSSOLETTE";"48,8472400";"2,5427400"
"202000016251";"17";"11";"2020";"20:20";"5";"93";"93006";"2";"3";"1";"3";"STALINGRAD AV.";"48,8752000";"2,4272000"
"202000016252";"17";"11";"2020";"16:10";"1";"93";"93074";"2";"1";"8";"3";"R DE MEAUX";"48,9352000";"2,5707600"
"202000016253";"17";"11";"2020";"13:35";"1";"93";"93010";"2";"9";"1";"3";"BONDY (PONT)";"48,9052547";"2,4701448"
"202000016254";"16";"11";"2020";"08:44";"1";"92";"92032";"2";"3";"8";"3";"Avenue Paul Langevin";"48,7832337";"2,2866834"
"202000016255";"16";"11";"2020";"07:23";"1";"92";"92012";"2";"9";"2";"4";"QUATRE SEPTEMBRE (QUAI DU)";"48,8465810";"2,2270870"
"202000016256";"13";"11";"2020";"16:10";"1";"91";"91340";"1";"1";"1";"6";"Rue de Mennecy";"48,5902870";"2,4296470"
"202000016257";"17";"11";"2020";"21:50";"3";"66";"66015";"1";"1";"1";"4";"A9";"42,5722590";"2,8437720"
"202000016258";"14";"11";"2020";"18:40";"3";"71";"71381";"1";"1";"1";"1";"D980";"46,5295216";"4,5728074"
"202000016259";"18";"11";"2020";"19:05";"3";"49";"49092";"1";"2";"2";"6";"RD 160";"47,1895300";" -0,7428860"
"202000016260";"18";"11";"2020";"11:30";"1";"60";"60358";"1";"1";"1";"4";"D25";"49,2076930";"2,9272820"
"202000016261";"16";"11";"2020";"12:45";"1";"83";"83097";"1";"1";"1";"4";"D6b";"43,4728270";"5,7560470"
"202000016262";"18";"11";"2020";"09:35";"1";"31";"31157";"2";"1";"1";"3";"12 Avenue de Plaisance";"43,5399000";"1,3374250"
"202000016263";"23";"10";"2020";"16:10";"1";"74";"74085";"2";"1";"2";"1";"88 Chemin du Cugnon";"45,8141490";"6,7278980"
"202000016264";"16";"11";"2020";"14:07";"1";"80";"80126";"2";"3";"8";"3";"Avenue du Président Roosevelt";"49,9360650";"1,6290290"
"202000016265";"17";"11";"2020";"21:00";"5";"33";"33423";"1";"1";"1";"6";"CD 2 lieu dit la mouline";"45,1570460";" -0,7389590"
"202000016266";"17";"11";"2020";"22:50";"3";"63";"63281";"1";"1";"1";"6";"chotard";"46,1219370";"2,7156240"
"202000016267";"17";"11";"2020";"07:33";"2";"61";"61421";"1";"1";"1";"7";"Les Vieux Près";"48,5436740";" -0,7289810"
"202000016268";"17";"11";"2020";"16:20";"1";"01";"01350";"1";"3";"1";"2";"D 1083";"46,2540550";"5,2753690"
"202000016269";"18";"11";"2020";"10:10";"1";"66";"66124";"1";"1";"1";"1";"pont de bau - RN 116";"42,4842190";"2,0604090"
"202000016270";"17";"11";"2020";"11:00";"1";"50";"50484";"2";"9";"1";"6";"Rue de Paris";"48,5735690";" -1,0807390"
"202000016271";"11";"10";"2020";"07:45";"2";"60";"60703";"2";"1";"1";"6";"Route de Gisors";"49,4090950";"2,0446000"
"202000016272";"18";"11";"2020";"07:50";"2";"64";"64419";"2";"1";"7";"6";"D817";"43,2735340";" -0,2136970"
"202000016273";"17";"11";"2020";"09:20";"2";"40";"40266";"2";"3";"1";" -1";"route des lacs";"44,0685040";" -1,2293010"
"202000016274";"18";"11";"2020";"16:25";"2";"30";"30169";"2";"1";"1";"6";"Rue de la Poste";"43,7871950";"4,3090780"
"202000016275";"18";"11";"2020";"08:05";"1";"973";"97309";"2";"1";"1";"2";"Avenue Tropicana";"4,9075570";" -52,2697710"
"202000016276";"17";"11";"2020";"15:30";"1";"74";"74067";"2";"3";"1";"3";"Chemin Branchy";"45,8819800";"6,0621680"
"202000016277";"18";"11";"2020";"18:35";"5";"06";"06085";"2";"4";"1";"3";"Route de la Roquette";"43,6102830";"6,9663570"
"202000016278";"18";"11";"2020";"12:57";"1";"89";"89448";"1";"1";"1";"6";"route vicinale 29";"47,5320960";"4,1104530"
"202000016279";"18";"11";"2020";"13:17";"1";"01";"01047";"1";"1";"1";"5";"RD124";"45,8576761";"5,2415460"
"202000016280";"18";"11";"2020";"15:15";"1";"973";"97311";"1";"1";"1";"7";"RN1 PK252";"5,4875870";" -53,9831260"
"202000016281";"17";"11";"2020";"18:00";"3";"971";"97102";"2";"3";"1";"3";"Rue Borifax Vital";"16,4692530";" -61,4995550"
"202000016282";"18";"11";"2020";"20:20";"3";"95";"95119";"1";"1";"1";"1";"RD 14";"49,1966250";"1,7022590"
"202000016283";"17";"11";"2020";"19:40";"3";"57";"57206";"2";"1";"1";"6";"Avenue Francois Mitterrand";"49,3052790";"6,1169100"
"202000016284";"18";"11";"2020";"16:54";"1";"69";"69255";"1";"1";"1";"3";"11 Route de Bordeaux";"45,7362520";"4,6825960"
"202000016285";"17";"11";"2020";"18:35";"3";"81";"81099";"1";"1";"1";"6";"Chemin Toulze";"43,9189700";"1,9400960"
"202000016286";"17";"11";"2020";"09:30";"1";"13";"13210";"1";"1";"1";"2";"A50-Sens Marseille vers Aubagne";"43,2845509";"5,4153268"
"202000016287";"16";"11";"2020";"07:00";"3";"13";"13085";"1";"1";"2";"5";"A50-Sens Toulon vers Aubagne";"43,2629600";"5,5893600"
"202000016288";"17";"11";"2020";"13:40";"1";"94";"94034";"1";"1";"1";"2";"AUTOROUTE A86";"48,7560000";"2,3420000"
"202000016289";"17";"11";"2020";"11:55";"1";"78";"78242";"1";"9";"1";"6";"A12 Y";"48,8072000";"2,0525000"
"202000016290";"17";"11";"2020";"14:30";"1";"60";"60612";"1";"1";"1";"2";"AUTOROUTE A1";"49,1937625";"2,6033564"
"202000016291";"17";"11";"2020";"18:10";"3";"94";"94069";"1";"1";"1";"4";"A4";"48,8174510";"2,4185959"
"202000016292";"17";"11";"2020";"16:30";"2";"94";"94046";"1";"9";"1";"2";"A86 EXT";"48,8140244";"2,4491105"
"202000016293";"17";"9";"2020";"15:15";"1";"71";"71153";"2";"1";"7";"6";"GUYNEMER (RUE)";"46,8019866";"4,4474533"
"202000016294";"16";"11";"2020";"09:20";"1";"974";"97407";"2";"9";"1";"6";"MARTINIQUE(RUE)";" -20,9447000";"55,2949000"
"202000016295";"16";"11";"2020";"13:20";"1";"973";"97302";"2";"1";"1";"6";"MANGO (CITE)";"4,9343100";" -52,3174200"
"202000016296";"15";"11";"2020";"21:45";"5";"973";"97302";"2";"1";"1";"3";"MONTABO (ROUTE DE) 1";"4,9431700";" -52,3066500"
"202000016297";"16";"11";"2020";"19:35";"5";"69";"69383";"2";"2";"1";"3";"TRARIEUX                            (R )";"45,7454000";"4,8876900"
"202000016298";"16";"11";"2020";"04:40";"5";"69";"69259";"2";"6";"8";"6";"JEAN MOULIN                         (R )";"45,6883400";"4,8745400"
"202000016299";"16";"11";"2020";"12:15";"1";"69";"69388";"2";"1";"8";"7";"ETATS UNIS (DES)                    (BD)";"45,7330100";"4,8648700"
"202000016300";"16";"11";"2020";"08:40";"1";"69";"69276";"2";"1";"1";"3";"LYON (DE)                               ";"45,6744300";"4,8606200"
"202000016301";"16";"11";"2020";"14:45";"1";"972";"97213";"1";"3";"1";"3";"ROUTE DEPARTEMENTALE 3";"14,6473700";" -60,9886200"
"202000016302";"16";"11";"2020";"07:05";"1";"972";"97209";"1";"1";"3";"6";"BEAUSEJOUR JAMBETTE (ROUTE)";"14,6400700";" -61,0418500"
"202000016303";"15";"11";"2020";"14:50";"1";"972";"97209";"2";"1";"1";"7";"AVE CAMILLE DARSIERES";"14,5994400";" -61,0581900"
"202000016304";"15";"11";"2020";"01:00";"5";"971";"97113";"1";"1";"1";"6";"SECTEUR DAMPIERRE";"16,2029505";" -61,4704156"
"202000016305";"15";"11";"2020";"06:18";"2";"2A";"2A004";"2";"3";"1";"3";"NAPOLEON COURS AVANT BEVERINI";"41,9263700";"8,7383400"
"202000016306";"15";"11";"2020";"14:05";"1";"95";"95585";"2";"1";"2";"5";"RD 316";"48,9853340";"2,3750770"
"202000016307";"15";"11";"2020";"20:30";"5";"95";"95598";"2";"6";"1";"3";"EGALITE (RUE DE L')";"48,9903847";"2,2963035"
"202000016308";"14";"11";"2020";"14:51";"1";"87";"87085";"2";"3";"1";" -1";"SERRES (RUE OLIVIER DE)";"45,8441300";"1,2341000"
"202000016309";"9";"11";"2020";"07:45";"1";"80";"80021";"2";"1";"2";"3";"RAINNEVILLE CD11  (ROUTE DE)";"49,9148500";"2,3102300"
"202000016310";"13";"11";"2020";"18:00";"5";"80";"80021";"2";"1";"2";"6";"JULES FERRY (CHAUSSEE)";"49,8804500";"2,3321400"
"202000016311";"12";"11";"2020";"06:03";"5";"80";"80021";"2";"1";"2";"7";"LONDRES (AVENUE DE )";"49,8872100";"2,3281360"
"202000016312";"16";"11";"2020";"16:25";"1";"77";"77305";"2";"1";"1";"1";"CHESNOIS (RUE DES)";"48,3959382";"2,9565729"
"202000016313";"12";"11";"2020";"19:15";"4";"76";"76457";"1";"1";"1";"7";"DEPARTEMENTALE 3";"49,3409300";"0,9475400"
"202000016314";"16";"11";"2020";"08:50";"1";"76";"76351";"2";"3";"1";"3";"APLEMONT (AVENUE D')";"49,5021161";"0,1848159"
"202000016315";"12";"11";"2020";"16:35";"1";"76";"76447";"2";"1";"1";"7";"MEDERIC DESCHAMPS";"49,5454000";"0,1868000"
"202000016316";"16";"11";"2020";"16:30";"1";"74";"74010";"2";"1";"1";"2";"FIER (BOULEVARD DU))";"45,9222139";"6,1224236"
"202000016317";"13";"11";"2020";"17:41";"4";"67";"67482";"2";"3";"1";"3";"ROBERTSAU (ALLEE DE LA)";"48,5863600";"7,7632300"
"202000016318";"13";"11";"2020";"20:04";"3";"66";"66136";"2";"1";"1";"5";"SAINT CHARLES (ROCADE)";"42,6764700";"2,8551800"
"202000016319";"14";"11";"2020";"08:50";"1";"63";"63245";"2";"2";"1";"3";"PEUPLIERS (ALLEE DES)";"45,8889200";"3,0930700"
"202000016320";"15";"11";"2020";"17:47";"1";"63";"63113";"2";"5";"1";"3";"FLAUBERT (BD GUSTAVE)";"45,7648410";"3,1254996"
"202000016321";"13";"11";"2020";"13:20";"1";"63";"63113";"2";"1";"1";"2";"AMADEO (RUE)";"45,7801523";"3,0738951"
"202000016322";"23";"10";"2020";"15:00";"1";"61";"61006";"2";"1";"1";"1";"EXPANSION (BOULEVARD DE)";"48,7278600";" -0,0207800"
"202000016323";"16";"11";"2020";"20:40";"5";"59";"59421";"2";"1";"1";"7";"CARNOT (BLD)DE 30A46-150A214-59A93-95A20";"50,7048570";"3,1445870"
"202000016324";"28";"9";"2020";"06:45";"5";"59";"59350";"2";"2";"2";"6";"CORMONTAIGNE PLACE";"50,6263740";"3,0404880"
"202000016325";"15";"11";"2020";"14:00";"1";"59";"59122";"2";"5";"3";"3";"QUESNOY (AVENUE DU)";"50,1797600";"3,2423300"
"202000016326";"15";"11";"2020";"11:35";"1";"59";"59017";"2";"1";"2";"1";"RESISTANTS (RUE DES )";"50,6902700";"2,8760500"
"202000016327";"6";"11";"2020";"17:50";"2";"49";"49099";"2";"1";"1";"6";"KOENIG (AVENUE DU MARECHAL)";"47,0517100";" -0,8515300"
"202000016328";"5";"11";"2020";"13:50";"1";"49";"49099";"2";"7";"1";"6";"place du quinze août 1944";"47,0515200";" -0,8842000"
"202000016329";"18";"11";"2020";"16:42";"1";"49";"49267";"2";"6";"1";"2";"CHANTERIE";"47,4814200";" -0,4907200"
"202000016330";"12";"11";"2020";"15:58";"1";"49";"49007";"2";"1";"1";" -1";"ROI RENE BOULEVARD";"47,4668500";" -0,5542200"
"202000016331";"12";"11";"2020";"16:25";"1";"49";"49007";"2";"1";"1";"6";"ARBRISSEL";"47,4443000";" -0,5640000"
"202000016332";"15";"11";"2020";"16:20";"1";"47";"47032";"1";"1";"1";"1";"CASSOU (Rte de)";"44,2301600";"0,7118900"
"202000016333";"15";"11";"2020";"00:10";"5";"45";"45234";"2";"3";"1";"3";"Rue Marcellin Berthelot - rue moine";"47,9199660";"1,9148420"
"202000016334";"16";"11";"2020";"08:55";"1";"44";"44109";"2";"1";"1";"3";"RUE CORENTIN BOURVEAU";"47,2274363";" -1,5217780"
"202000016335";"5";"8";"2020";"20:35";"1";"38";"38053";"2";"1";"1";"6";"ISLE D'ABEAU (ROUTE DE)";"45,6012400";"5,2699200"
"202000016336";"16";"11";"2020";"17:50";"4";"35";"35281";"2";"2";"1";"3";"BUHOTIERE (RUE DE LA)";"48,0783900";" -1,7317900"
"202000016337";"16";"11";"2020";"18:00";"5";"35";"35238";"2";"1";"1";"6";"SUISSE (DE)";"48,0864300";" -1,6620000"
"202000016338";"16";"11";"2020";"07:35";"2";"31";"31149";"2";"1";"1";"3";"RN124";"43,6066100";"1,3489700"
"202000016339";"13";"11";"2020";"16:49";"1";"31";"31555";"2";"1";"1";"3";"BD DE LA GARE";"43,6064400";"1,4565100"
"202000016340";"13";"11";"2020";"11:58";"1";"31";"31555";"2";"1";"1";"3";"AV DES ETATS UNIS";"43,6618300";"1,4162400"
"202000016341";"13";"11";"2020";"11:50";"1";"31";"31555";"2";"1";"1";"3";"RUE DE METZ";"43,6000500";"1,4424000"
"202000016342";"15";"11";"2020";"18:34";"5";"30";"30189";"2";"1";"2";"1";"KENNEDY (AVENUE)";"43,8270100";"4,3333000"
"202000016343";"16";"11";"2020";"20:17";"5";"29";"29019";"2";"1";"2";"2";"86 Rue de Quimper";"48,4008913";" -4,4514485"
"202000016344";"12";"11";"2020";"20:13";"5";"29";"29019";"2";"4";"2";"1";"Rue Louis Veuillot";"48,3816845";" -4,5235373"
"202000016345";"16";"11";"2020";"10:25";"1";"27";"27562";"2";"6";"1";" -1";"BLANCHARDS (BOULEVARD DES)";"49,0955800";"1,4599100"
"202000016346";"16";"11";"2020";"11:15";"1";"15";"15014";"2";"1";"1";"6";"VOLONTAIRE (AVENUE DES)";"44,9130700";"2,4417000"
"202000016347";"16";"11";"2020";"02:16";"5";"13";"13201";"2";"1";"2";"6";"GARIBALDI (BOULEVARD) N° IMPAIRS";"43,2965200";"5,3813400"
"202000016348";"14";"11";"2020";"17:15";"2";"10";"10387";"2";"1";"1";"6";"GEORGES POMPIDOU (RUE)";"48,2954400";"4,0935400"
"202000016349";"16";"11";"2020";"14:55";"1";"75";"75120";"2";"1";"1";"2";"BOULEVARD MORTIER";"48,8748020";"2,4080270"
"202000016350";"16";"11";"2020";"16:30";"2";"75";"75119";"2";"3";"1";"4";"BOULEVARD MACDONALD";"48,8988590";"2,3781250"
"202000016351";"16";"11";"2020";"10:00";"1";"75";"75119";"2";"3";"8";"3";"RUE D AUBERVILLIERS";"48,8872990";"2,3670440"
"202000016352";"16";"11";"2020";"17:55";"5";"75";"75117";"2";"1";"1";" -1";"AVENUE DE LA GRANDE ARMEE";"48,8772320";"2,2844270"
"202000016353";"16";"11";"2020";"17:55";"5";"75";"75113";"2";"3";"1";"3";"BOULEVARD KELLERMANN";"48,8209860";"2,3506300"
"202000016354";"16";"11";"2020";"20:25";"5";"75";"75112";"2";"2";"1";"3";"QUAI DE BERCY";"48,8337130";"2,3824920"
"202000016355";"16";"11";"2020";"13:25";"1";"75";"75108";"2";"2";"1";"7";"RUE DE COURCELLES";"48,8750350";"2,3092030"
"202000016356";"15";"11";"2020";"13:55";"1";"75";"75108";"2";"2";"2";"7";"RUE FRANCOIS 1ER";"48,8692400";"2,3027760"
"202000016357";"16";"11";"2020";"15:10";"1";"75";"75107";"2";"7";"1";"3";"PLACE DE BRETEUIL";"48,8473940";"2,3121190"
"202000016358";"10";"11";"2020";"08:15";"1";"94";"94081";"2";"1";"1";"1";"EUGENE PELLETAN (AV)";"48,7927500";"2,3865700"
"202000016359";"16";"11";"2020";"17:40";"5";"94";"94038";"2";"1";"1";"6";"HENRI THIRARD (R)";"48,7781800";"2,3439290"
"202000016360";"16";"11";"2020";"07:50";"2";"94";"94073";"2";"2";"1";"3";"LEON MARCHAND (AV)";"48,7659520";"2,3905620"
"202000016361";"16";"11";"2020";"18:20";"5";"94";"94022";"2";"9";"1";"7";"Avenue Gambetta";"48,7642700";"2,4050400"
"202000016362";"16";"11";"2020";"10:25";"1";"94";"94022";"2";"6";"2";"1";"MARECHAL DE LATTRE DE TASSIGNY (AV)";"48,7612600";"2,4033400"
"202000016363";"6";"5";"2020";"15:45";"1";"65";"65047";"2";"3";"1";"1";"JAURES (AVE JEAN)";"43,2339270";"0,0921350"
"202000016364";"7";"5";"2020";"02:50";"3";"62";"62894";"2";"1";"1";"6";"COLONNE ( Rue de la )";"50,7410564";"1,6194373"
"202000016365";"6";"5";"2020";"20:35";"1";"57";"57463";"2";"1";"1";"6";"PIERRE CHEDEAUX (RUE )";"49,1012000";"6,1958400"
"202000016366";"5";"5";"2020";"16:57";"1";"49";"49267";"2";"1";"1";"4";"rue R Bazin";"47,4670800";" -0,4954500"
"202000016367";"30";"4";"2020";"11:05";"1";"38";"38053";"2";"1";"2";"6";"Rue du Bacholet";"45,5879700";"5,2881000"
"202000016368";"11";"1";"2020";"18:15";"2";"34";"34003";"2";"9";"1";"6";"EUROPE (ROND-POINT DE L')";"43,2992300";"3,4923900"
"202000016369";"6";"5";"2020";"16:15";"1";"17";"17306";"2";"1";"1";"6";"ROCHEFORT (DE)  (AVENUE)";"45,6436800";" -1,0247799"
"202000016370";"6";"5";"2020";"14:05";"1";"13";"13207";"2";"1";"1";"6";"Corniche John Fitzgérald Kennedy";"43,2890500";"5,3543200"
"202000016371";"6";"5";"2020";"11:40";"1";"13";"13206";"2";"2";"1";"3";"PIERRE PUGET (COURS)";"43,2904100";"5,3757600"
"202000016372";"6";"5";"2020";"09:15";"1";"13";"13208";"2";"6";"7";"6";"HAIFA (AVENUE)";"43,2504140";"5,3893200"
"202000016373";"4";"5";"2020";"21:30";"5";"13";"13209";"2";"6";"1";"7";"ROY D'ESPAGNE (CHEMIN)";"43,2355118";"5,3990977"
"202000016374";"6";"5";"2020";"21:00";"5";"06";"06123";"2";"1";"1";"1";"MOATTI PASSAGE";"43,6620000";"7,1930000"
"202000016375";"4";"5";"2020";"14:40";"1";"75";"75119";"2";"1";"1";"2";"PORTE DES LILAS";"48,8810000";"2,4036530"
"202000016376";"6";"5";"2020";"18:30";"1";"75";"75120";"2";"1";"1";"3";"RUE DE BELLEVILLE";"48,8754130";"2,3926740"
"202000016377";"6";"5";"2020";"11:45";"1";"75";"75120";"2";"2";"1";"3";"RUE DES PYRENEES";"48,8576390";"2,4039010"
"202000016378";"6";"5";"2020";"13:50";"1";"75";"75115";"2";"2";"1";"3";"RUE DE LA CONVENTION";"48,8372300";"2,2964360"
"202000016379";"5";"5";"2020";"17:40";"1";"75";"75113";"2";"2";"1";"3";"AVENUE DE LA PORTE D ITALIE";"48,8188770";"2,3595450"
"202000016380";"6";"5";"2020";"11:45";"1";"75";"75109";"2";"1";"1";"4";"RUE NOTRE DAME DE LORETTE";"48,8778250";"2,3381020"
"202000016381";"6";"5";"2020";"12:00";"1";"94";"94017";"2";"1";"1";"6";"LOUIS TALAMONI (R)";"48,8137100";"2,5102700"
"202000016382";"6";"5";"2020";"01:50";"3";"93";"93074";"1";"1";"1";"2";"Route Nationale 3";"48,9338200";"2,5967300"
"202000016383";"6";"5";"2020";"19:20";"1";"93";"93071";"2";"9";"1";"6";"CHARLES CONRAD (RUE)";"48,9477914";"2,5237973"
"202000016384";"7";"5";"2020";"18:35";"1";"24";"24562";"1";"2";"7";"3";"carrefour C1/C8";"45,0821420";"0,4879900"
"202000016385";"7";"5";"2020";"14:45";"1";"41";"41194";"2";"6";"1";"3";"Avenue de Paris";"47,3768480";"1,7359580"
"202000016386";"7";"5";"2020";"10:15";"1";"44";"44029";"1";"1";"1";"1";"Beauchene";"47,2566310";" -1,3432180"
"202000016387";"6";"5";"2020";"20:15";"1";"28";"28022";"1";"1";"1";"6";"D939";"48,4909000";"1,3808230"
"202000016388";"6";"5";"2020";"17:35";"1";"83";"83091";"1";"1";"1";"1";"521 Route des Maures";"43,2341350";"6,2112240"
"202000016389";"5";"5";"2020";"03:10";"3";"01";"01033";"1";"1";"1";"6";"1084";"46,1181680";"5,8230110"
"202000016390";"7";"5";"2020";"15:45";"1";"44";"44113";"1";"1";"1";"1";"N137";"47,5585010";" -1,6340550"
"202000016391";"6";"5";"2020";"12:58";"1";"67";"67472";"2";"1";"1";"1";"11 Rue de Haguenau";"48,8298460";"7,9570320"
"202000016392";"6";"5";"2020";"17:15";"1";"62";"62162";"1";"1";"1";"6";"D94";"50,5826780";"2,4420870"
"202000016393";"6";"5";"2020";"23:50";"3";"62";"62049";"2";"1";"1";"6";"Rue de Pernes";"50,5575130";"2,3685190"