"Num_Acc";"jour";"mois";"an";"hrmn";"lum";"dep";"com";"agg";"int";"atm";"col";"adr";"lat";"long"
"202000016394";"25";"4";"2020";"13:05";"1";"74";"74173";"1";"1";"1";"7";"715 Route Edmond de Rothschild";"45,8607620";"6,6271830"
"202000016395";"7";"5";"2020";"11:00";"1";"67";"67448";"2";"3";"7";"3";"137 Grand'Rue";"48,4786770";"7,2188490"
"202000016396";"5";"5";"2020";"16:00";"1";"63";"63003";"1";"1";"1";"7";"D269";"45,5223300";"3,7412420"
"202000016397";"7";"5";"2020";"09:55";"1";"42";"42204";"2";"1";"1";"6";"Avenue Paul Doumer";"45,4244500";"4,0660520"
"202000016398";"6";"5";"2020";"18:00";"1";"70";"70334";"1";"1";"7";"3";"D15";"47,2942570";"5,7916890"
"202000016399";"6";"5";"2020";"06:45";"3";"50";"50200";"1";"1";"1";"6";"1 L'Embuche";"48,6874120";" -0,8117650"
"202000016400";"7";"5";"2020";"16:40";"1";"73";"73265";"1";"3";"1";"5";"Route de la Foret";"45,7509942";"5,9760932"
"202000016401";"6";"5";"2020";"18:05";"1";"16";"16003";"2";"6";"1";"6";"135 route de La Rochefoucauld - le pont d'agris";"45,7860740";"0,3397230"
"202000016402";"7";"5";"2020";"09:30";"1";"21";"21201";"2";"4";"1";"6";"13 Rue de Châtillon";"47,7509306";"4,4963612"
"202000016403";"7";"5";"2020";"06:30";"2";"04";"04013";"1";"1";"1";"6";"RD 951";"44,1302240";"5,9537260"
"202000016404";"7";"5";"2020";"18:25";"1";"85";"85025";"1";"2";"1";"3";"Le Cléon d'Asson";"46,9659600";" -1,2023600"
"202000016405";"6";"5";"2020";"19:10";"1";"52";"52197";"1";"1";"1";"5";"N19";"47,7860570";"5,6264160"
"202000016406";"13";"3";"2020";"16:15";"1";"2A";"2A041";"2";"1";"1";"6";"T40";"41,4020390";"9,1610960"
"202000016407";"7";"5";"2020";"05:45";"2";"33";"33038";"1";"1";"1";"6";"RD201";"45,3786500";" -0,9165120"
"202000016408";"30";"4";"2020";"07:30";"1";"72";"72154";"2";"1";"1";"1";"Boulevard gambetta";"47,7048630";" -0,0807880"
"202000016409";"6";"5";"2020";"18:30";"1";"76";"76099";"2";"1";"1";"7";"Route du Manoir";"49,5516590";"0,8501220"
"202000016410";"6";"5";"2020";"15:30";"1";"59";"59192";"1";"1";"1";"1";"D957";"50,3185530";"3,2807910"
"202000016411";"6";"5";"2020";"15:20";"1";"95";"95219";"1";"1";"1";"5";" A115";"48,9918200";"2,2453000"
"202000016412";"26";"2";"2020";"10:26";"1";"51";"51454";"2";"3";"1";"7";"Rue du Docteur Albert Schweitzer";"49,2774670";"4,0223986"
"202000016413";"1";"1";"2020";"17:15";"5";"75";"75108";"2";"3";"2";"6";"RUE DE LABORDE";"48,8756378";"2,3189143"
"202000016414";"5";"5";"2020";"07:50";"1";"988";"98818";"2";"1";"2";"3";"ROUTE EXPRESS DU MONT-DORE";" -22,2309407";"166,4879657"
"202000016415";"3";"5";"2020";"16:25";"1";"972";"97209";"1";"1";"1";"6";"RD 41 (ROCADE)";"14,6090000";" -61,0672000"
"202000016416";"4";"5";"2020";"07:50";"1";"90";"90099";"1";"1";"1";"1";"CD5";"47,6715030";"6,8488530"
"202000016417";"5";"5";"2020";"18:00";"1";"78";"78138";"2";"6";"8";"2";"TRIEL (RUE DE)";"48,9762296";"2,0434302"
"202000016418";"1";"5";"2020";"19:20";"1";"67";"67267";"2";"3";"2";"3";"134 Rue du Maréchal Foch";"48,5544800";"7,6773800"
"202000016419";"30";"4";"2020";"17:00";"1";"67";"67482";"2";"3";"2";"3";"11 Rue de l'Ill";"48,6118050";"7,7790230"
"202000016420";"4";"5";"2020";"18:00";"1";"57";"57283";"2";"1";"1";"3";"AVENUE DE FRANCE";"49,2507200";"6,1611800"
"202000016421";"5";"5";"2020";"14:25";"1";"51";"51454";"2";"2";"1";"3";"Rue de Venise";"49,2475727";"4,0338954"
"202000016422";"5";"5";"2020";"10:00";"1";"51";"51454";"2";"1";"1";"3";"Avenue Nicéphore Niepce";"49,2320151";"4,0721155"
"202000016423";"5";"5";"2020";"16:30";"1";"34";"34108";"2";"1";"1";"3";"MISTRAL FREDERIC (AVENUE)";"43,4471110";"3,7535019"
"202000016424";"4";"5";"2020";"20:50";"2";"34";"34032";"2";"1";"1";"1";"JOFFRE MARECHAL (AV)";"43,3405035";"3,2169312"
"202000016425";"5";"5";"2020";"19:40";"1";"33";"33063";"2";"2";"1";"3";"RUE NOTRE DAME / RUE CORNAC / RUE LATOUR";"44,8508900";" -0,5718000"
"202000016426";"4";"5";"2020";"18:50";"1";"31";"31555";"2";"1";"1";"7";"AV DE BRUXELLES";"43,5686430";"1,4137010"
"202000016427";"4";"5";"2020";"16:30";"1";"31";"31069";"2";"1";"1";"1";"258 Route de Grenade";"43,6511362";"1,3810241"
"202000016428";"5";"5";"2020";"17:00";"1";"29";"29039";"2";"7";"1";"6";"Rue de Quimper";"47,8890914";" -3,9168684"
"202000016429";"5";"5";"2020";"19:50";"2";"26";"26198";"1";"1";"1";"6";"2 Avenue de Gournier";"44,5356930";"4,7293553"
"202000016430";"5";"5";"2020";"16:30";"1";"17";"17300";"2";"1";"1";"3";"SAUTEL  BOULEVARD ANDRE";"46,1680300";" -1,1328500"
"202000016431";"5";"5";"2020";"10:35";"1";"07";"07102";"2";"1";"1";" -1";"Jean CHARCOT (Rue)";"44,9365200";"4,8675300"
"202000016432";"5";"5";"2020";"17:40";"1";"06";"06069";"2";"1";"1";"6";"Place César Ossola";"43,6584370";"6,9257950"
"202000016433";"5";"5";"2020";"21:50";"5";"06";"06027";"2";"2";"1";"3";"ZIEM AVENUE";"43,6654950";"7,1702580"
"202000016434";"5";"5";"2020";"14:00";"1";"75";"75117";"2";"1";"2";"6";"ECHANGEUR MAILLOT";"48,8787680";"2,2800560"
"202000016435";"5";"5";"2020";"13:04";"1";"75";"75118";"2";"2";"2";"3";"RUE ORDENER";"48,8925220";"2,3443090"
"202000016436";"5";"5";"2020";"06:30";"2";"75";"75111";"2";"2";"2";"3";"RUE DE CHARONNE";"48,8532750";"2,3772930"
"202000016437";"5";"5";"2020";"09:10";"1";"75";"75107";"2";"3";"2";"3";"QUAI D ORSAY";"48,8628190";"2,3134610"
"202000016438";"5";"5";"2020";"16:55";"1";"75";"75101";"2";"3";"8";"6";"QUAI DES TUILERIES";"48,8624420";"2,3251900"
"202000016439";"5";"5";"2020";"12:40";"1";"94";"94028";"2";"6";"2";"6";"FOCH(AVENUE DU MARECHAL)";"48,7846100";"2,4367300"
"202000016440";"5";"5";"2020";"18:00";"1";"93";"93050";"2";"1";"1";"3";"VICTOIRE (PLACE)";"48,8633800";"2,5351600"
"202000016441";"5";"5";"2020";"14:10";"1";"93";"93079";"2";"1";"2";"2";"DIVISION LECLERC (AV)";"48,9560700";"2,3444400"
"202000016442";"5";"5";"2020";"14:10";"1";"93";"93029";"2";"3";"2";"4";"JEAN JAURES (AVENUE)";"48,9181000";"2,4548000"
"202000016443";"27";"4";"2020";"16:00";"1";"92";"92036";"2";"6";"1";"3";"PIERRE DE COUBERTIN (BOULEVARD) (G.SAND/ LOUIS CALMEL (RUE) (1)";"48,9230160";"2,2864620"
"202000016444";"6";"5";"2020";"15:00";"1";"02";"02131";"2";"9";"1";"3";"chemin de la Fosselle";"49,3909910";"3,3818950"
"202000016445";"6";"5";"2020";"12:30";"1";"63";"63026";"1";"1";"1";"1";"Rue du Puy de Dome";"45,6745680";"3,0078240"
"202000016446";"6";"5";"2020";"12:20";"1";"50";"50541";"1";"3";"1";"2";"1 Route de Saint Denis";"48,8457200";" -1,4988220"
"202000016447";"6";"5";"2020";"15:30";"1";"974";"97422";"2";"1";"2";"6";"chemin du paille en queue";" -21,2415380";"55,5417810"
"202000016448";"6";"5";"2020";"21:00";"2";"63";"63181";"1";"1";"1";"6";"D207";"46,0285062";"3,1074078"
"202000016449";"6";"5";"2020";"16:45";"1";"80";"80639";"1";"1";"1";"7";"Chemin de Longpre";"49,9435600";"2,3032930"
"202000016450";"6";"5";"2020";"17:55";"1";"57";"57565";"1";"1";"7";"7";"Rédange";"49,4917720";"5,9053230"
"202000016451";"5";"5";"2020";"17:15";"1";"2A";"2A271";"1";"6";"1";"3";"D72";"41,9519478";"8,8112942"
"202000016452";"6";"5";"2020";"05:50";"2";"80";"80015";"2";"1";"1";"6";"Route Departementale 917";"49,9632700";"2,9835480"
"202000016453";"5";"5";"2020";"19:50";"1";"61";"61290";"1";"1";"1";"6";"Les Fonderies";"48,6860730";" -0,2591230"
"202000016454";"26";"4";"2020";"21:58";"3";"12";"12215";"1";"1";"2";"7";"D840";"44,4949160";"2,3867750"
"202000016455";"6";"5";"2020";"09:30";"1";"47";"47239";"1";"1";"1";"1";"D667";"44,4149230";"0,5623630"
"202000016456";"30";"4";"2020";"21:45";"3";"47";"47135";"1";"1";"3";"6";"Moulin à Eau";"44,4100410";"0,4433690"
"202000016457";"6";"5";"2020";"11:27";"1";"38";"38560";"2";"1";"1";"6";"Rue du Vallon de Lamartine";"45,4839200";"5,4741300"
"202000016458";"5";"5";"2020";"16:30";"1";"84";"84017";"1";"1";"1";"6";"164 Route de Mormoiron";"44,1075010";"5,1764360"
"202000016459";"4";"5";"2020";"17:30";"1";"26";"26165";"1";"1";"1";"4";"Route d'Allex";"44,8081140";"4,8583130"
"202000016460";"5";"5";"2020";"18:40";"1";"14";"14157";"1";"1";"1";"6";"Rue des Ormes (Bretteville-l'Orgueilleuse)";"49,1737630";" -0,5408880"
"202000016461";"17";"3";"2020";"16:00";"1";"60";"60533";"2";"3";"1";"3";"297 Rue Georges Latapie";"49,5434680";"2,7467640"
"202000016462";"6";"5";"2020";"10:20";"1";"60";"60030";"1";"1";"1";"7";"d 927";"49,3739106";"2,1053491"
"202000016463";"6";"5";"2020";"07:20";"1";"45";"45203";"2";"2";"1";"1";"D18 - PR0+930";"47,8218030";"1,7039000"
"202000016464";"23";"4";"2020";"06:45";"2";"18";"18281";"1";"1";"1";"6";"D2076";"47,2070910";"2,1525910"
"202000016465";"4";"5";"2020";"05:50";"2";"18";"18019";"1";"1";"5";"6";"Route de Domery";"47,1878020";"2,6796450"
"202000016466";"5";"5";"2020";"20:20";"2";"16";"16346";"1";"1";"1";"1";"Ld Chez Nardon";"45,2310460";"0,0692120"
"202000016467";"6";"5";"2020";"11:40";"1";"21";"21435";"1";"1";"1";"2";"D971";"47,8826200";"4,5640790"
"202000016468";"4";"5";"2020";"20:53";"1";"17";"17215";"1";"1";"1";"6";"Le Fief des Brandes";"45,4668650";" -0,4650040"
"202000016469";"6";"5";"2020";"10:00";"1";"52";"52008";"1";"1";"1";"6";"D44";"48,2360004";"5,2801340"
"202000016470";"5";"5";"2020";"18:50";"2";"973";"97307";"1";"1";"8";"2";"RN 4 - route de l'aéroport Félix Éboué";"4,8262710";" -52,3617840"
"202000016471";"5";"5";"2020";"17:00";"1";"38";"38193";"1";"1";"1";"1";"D1006";"45,6109040";"5,2095690"
"202000016472";"6";"5";"2020";"14:30";"1";"74";"74268";"2";"2";"1";"3";"165 Avenue d'Aix-les-bains (Seynod)";"45,8835180";"6,0984100"
"202000016473";"5";"5";"2020";"17:05";"1";"25";"25219";"1";"3";"8";"2";"RD 461";"47,1398770";"6,3821980"
"202000016474";"4";"5";"2020";"17:45";"1";"975";"97501";"2";"1";"1";"3";"Rue Marcel helene";"47,0978100";" -56,3822600"
"202000016475";"4";"5";"2020";"07:15";"1";"973";"97311";"1";"1";"3";"1";"cd 9 pk 8";"5,5500389";" -53,9370775"
"202000016476";"5";"5";"2020";"15:00";"1";"13";"13115";"1";"1";"1";"6";"D22";"43,6838530";"5,1937330"
"202000016477";"4";"5";"2020";"07:30";"1";"38";"38558";"2";"1";"1";"7";"Route de Marennes";"45,5863100";"4,9139700"
"202000016478";"4";"5";"2020";"16:50";"1";"40";"40182";"2";"6";"1";" -1";"Avenue du Born";"44,0754810";" -1,1669540"
"202000016479";"4";"5";"2020";"05:30";"3";"13";"13015";"1";"1";"1";"4";"A51-Sens Marseille vers Aix en Provence";"43,4414700";"5,3963400"
"202000016480";"4";"5";"2020";"01:10";"5";"69";"69266";"1";"1";"1";" -1";"RD 383  ";"45,7688000";"4,9038000"
"202000016481";"5";"5";"2020";"14:20";"1";"91";"91687";"1";"1";"2";"7";"AUTOROUTE A6";"48,6650000";"2,3639000"
"202000016482";"5";"5";"2020";"14:45";"1";"78";"78297";"1";"1";"8";"6";"RN12";"48,7879250";"2,0630060"
"202000016483";"5";"5";"2020";"18:45";"1";"95";"95061";"1";"1";"8";"7";"RN 104";"49,0683600";"2,2521100"
"202000016484";"5";"5";"2020";"15:45";"1";"93";"93005";"1";"1";"1";"2";"AUTOROUTE A3";"48,9307800";"2,4807400"
"202000016485";"4";"5";"2020";"18:15";"1";"93";"93048";"1";"1";"1";"6";"AUTOROUTE A86";"48,8628400";"2,4830100"
"202000016486";"5";"5";"2020";"15:55";"1";"77";"77169";"1";"1";"1";"4";"A4.Y";"48,8316661";"2,6015335"
"202000016487";"25";"2";"2020";"17:45";"1";"66";"66136";"2";"1";"1";" -1";"POINCARE (BOULEVARD HENRI)";"42,6913200";"2,8962600"
"202000016488";"26";"2";"2020";"17:25";"1";"27";"27375";"2";"9";"7";"6";"CANAL (RUE DU)";"49,2186000";"1,1787000"
"202000016489";"1";"1";"2020";"12:17";"1";"75";"75107";"2";"7";"8";"7";"PLACE DE L ECOLE MILITAIRE";"48,8544850";"2,3058090"
"202000016490";"1";"1";"2020";"01:30";"5";"75";"75101";"2";"1";"1";"6";"RUE DE RIVOLI";"48,8633580";"2,3333290"
"202000016491";"1";"1";"2020";"17:14";"5";"75";"75101";"2";"1";"2";"6";"BOULEVARD DE SEBASTOPOL";"48,8581728";"2,3480313"
"202000016492";"5";"5";"2020";"10:20";"1";"988";"98818";"2";"3";"8";"7";"ROUTE DE L'ANSE VATA/COMMANDANT RIVIERE";" -22,2857000";"166,4479800"
"202000016493";"5";"5";"2020";"00:15";"5";"69";"69259";"2";"1";"1";"6";"REPUBLIQUE (DE LA)                  (AV)";"45,7068746";"4,8729358"
"202000016494";"4";"5";"2020";"08:00";"1";"972";"97213";"1";"1";"1";"2";"ROUTE DEPARTEMENTALE 3 BIS";"14,6289440";" -60,9893530"
"202000016495";"30";"4";"2020";"08:50";"1";"91";"91457";"2";"6";"1";"3";"CD 19";"48,5743200";"2,2601600"
"202000016496";"10";"4";"2020";"16:20";"1";"91";"91552";"2";"1";"1";"6";"PARC (IMPASSE DU)";"48,5985400";"2,2552400"
"202000016497";"5";"4";"2020";"15:02";"1";"91";"91021";"2";"3";"1";"3";"Avenue de Verdun";"48,5841500";"2,2443500"
"202000016498";"1";"5";"2020";"02:01";"5";"76";"76351";"2";"1";"1";"6";"JULES DURAND (BD)";"49,4907700";"0,1601600"
"202000016499";"30";"4";"2020";"15:25";"1";"71";"71306";"2";"2";"2";"3";"Rue de la Ferme";"46,6685136";"4,3616894"
"202000016500";"3";"5";"2020";"02:30";"5";"64";"64122";"2";"1";"1";"6";"DOMREMY(RD-PT)";"43,4835200";" -1,5435000"
"202000016501";"4";"5";"2020";"05:35";"5";"63";"63063";"2";"1";"1";"3";"VERTE (RUE)";"45,8412718";"3,1171698"
"202000016502";"2";"5";"2020";"16:55";"1";"56";"56121";"2";"3";"2";"3";"Rue du Soleil d'Orient";"47,7351100";" -3,3941400"
"202000016503";"1";"5";"2020";"23:30";"4";"56";"56021";"2";"6";"1";"6";"Avenue Général de Gaulle";"47,7902800";" -3,1898000"
"202000016504";"30";"4";"2020";"13:48";"1";"49";"49007";"2";"1";"1";"3";"COUBERTIN BOULEVARD";"47,4617500";" -0,5325200"
"202000016505";"4";"5";"2020";"16:45";"1";"45";"45232";"1";"1";"1";"7";"Avenue Roger Secretain";"47,8707600";"1,9120400"
"202000016506";"4";"5";"2020";"18:40";"1";"33";"33281";"2";"6";"1";"6";"AVE ROLAND GARROS / RUE CAMILLE FLAMMARION";"44,8290600";" -0,6875600"
"202000016507";"2";"5";"2020";"21:35";"2";"31";"31555";"2";"1";"1";"7";"RUE ARISTIDE MAILLOL";"43,5785300";"1,3965400"
"202000016508";"2";"5";"2020";"21:00";"5";"31";"31555";"2";"1";"1";"7";"RUE DE LA CHAUSSEE";"43,5918100";"1,4415300"
"202000016509";"4";"5";"2020";"14:20";"1";"30";"30028";"2";"1";"1";"1";"MAYRE (AVENUE DE LA)";"44,1577900";"4,6235000"
"202000016510";"3";"5";"2020";"19:25";"1";"27";"27681";"2";"1";"1";"1";"ANDRE (RUE GEORGES)";"49,0761300";"1,4872800"
"202000016511";"3";"5";"2020";"06:45";"3";"15";"15014";"1";"1";"2";"6";"CRETES (ROUTE DES)";"44,9417600";"2,4467900"
"202000016512";"2";"5";"2020";"19:02";"1";"13";"13206";"2";"2";"1";"3";"ARMENY (RUE D')";"43,2911600";"5,3806700"
"202000016513";"4";"5";"2020";"10:35";"1";"75";"75105";"2";"2";"1";"6";"BOULEVARD SAINT MICHEL";"48,8417540";"2,3377560"
"202000016514";"4";"5";"2020";"12:20";"1";"94";"94076";"2";"9";"1";"7";"PARIS (AV DE)";"48,8041647";"2,3641778"
"202000016515";"4";"5";"2020";"17:15";"1";"92";"92020";"2";"1";"1";"7";"VERDUN AVENUE DE AUTRES N°";"48,7980200";"2,2790000"
"202000016516";"4";"5";"2020";"10:35";"1";"92";"92044";"2";"2";"1";"6";"VOLTAIRE(RUE)53A81 ET 42A62";"48,8938690";"2,2887620"
"202000016517";"4";"5";"2020";"14:00";"1";"91";"91340";"2";"1";"1";"1";"6 Rue Leonard Vinci";"48,6026010";"2,4100820"
"202000016518";"4";"5";"2020";"15:30";"1";"38";"38492";"1";"1";"1";"2";"D1075";"44,9636740";"5,6358580"
"202000016519";"5";"5";"2020";"08:10";"1";"89";"89395";"2";"1";"2";"6";"Chemin des fossés";"48,1775808";"3,5152499"
"202000016520";"4";"5";"2020";"12:45";"1";"51";"51274";"1";"1";"1";"7";"D68";"49,0433952";"4,7737728"
"202000016521";"4";"5";"2020";"09:35";"1";"79";"79025";"1";"1";"1";"1";"N/A";"46,6089840";" -0,3375610"
"202000016522";"5";"5";"2020";"17:15";"1";"47";"47111";"1";"1";"1";"6";"D666";"44,3694990";"0,4682920"
"202000016523";"5";"5";"2020";"16:40";"1";"02";"02096";"1";"1";"1";"6";"D64";"49,7410530";"3,6382560"
"202000016524";"4";"5";"2020";"20:30";"1";"64";"64495";"1";"3";"1";"3";"Rue Oihan Bidea";"43,3652970";" -1,5447270"
"202000016525";"5";"5";"2020";"20:55";"2";"07";"07027";"1";"1";"1";"7";"D86";"44,8177070";"4,8054670"
"202000016526";"18";"1";"2020";"04:20";"3";"30";"30116";"1";"1";"1";"7";"D19";"43,9199090";"4,5960790"
"202000016527";"2";"5";"2020";"11:00";"1";"49";"49041";"1";"9";"8";"5";"17 Route des Joutières";"47,2882250";"0,0476360"
"202000016528";"3";"4";"2020";"20:15";"3";"971";"97129";"2";"1";"1";"7";"Morne Rouge";"16,3053255";" -61,6564513"
"202000016529";"1";"5";"2020";"17:00";"1";"978";"97801";"2";"1";"1";"3";"rue Jean-Luc Hamlet";"18,0779630";" -63,0290510"
"202000016530";"4";"5";"2020";"23:30";"3";"07";"07322";"1";"1";"1";"6";"Route de Luzet";"44,6716670";"4,1996740"
"202000016531";"5";"5";"2020";"03:25";"5";"33";"33322";"2";"6";"1";"7";"D1";"44,9447500";" -0,6913400"
"202000016532";"4";"5";"2020";"16:20";"1";"93";"93066";"1";"1";"1";"7";"AUTOROUTE A1";"48,9185000";"2,3576000"
"202000016533";"3";"5";"2020";"15:55";"1";"65";"65440";"2";"2";"1";"6";"LECLERC (ALLEES GENERAL)";"43,2304000";"0,0732000"
"202000016534";"3";"5";"2020";"19:10";"1";"64";"64024";"2";"1";"1";"7";"BAHINOS (ROUTE DE)";"43,4925000";" -1,5174900"
"202000016535";"2";"5";"2020";"11:55";"1";"62";"62178";"2";"9";"1";"6";"FESTEUX ( DES )";"50,4887300";"2,5432320"
"202000016536";"2";"5";"2020";"05:25";"2";"59";"59009";"2";"2";"1";"3";"BREUCQ BOULEVARD DU";"50,6435890";"3,1444640"
"202000016537";"3";"5";"2020";"04:40";"3";"42";"42184";"1";"1";"2";"7";"Chemin des Moulins";"46,0309529";"4,0110971"
"202000016538";"2";"5";"2020";"16:45";"1";"35";"35238";"2";"1";"2";"6";"LEROUX (BD OSCAR)";"48,0915600";" -1,6651800"
"202000016539";"3";"5";"2020";"20:20";"2";"13";"13208";"2";"1";"1";"2";"HAIFA (AVENUE)";"43,2516070";"5,3905330"
"202000016540";"3";"5";"2020";"18:00";"1";"13";"13213";"2";"1";"1";"4";"CHARLES SUSINI (TRAVERSE)";"43,3381970";"5,4162310"
"202000016541";"3";"5";"2020";"19:15";"1";"75";"75113";"2";"3";"1";"3";"BOULEVARD KELLERMANN";"48,8209240";"2,3549610"
"202000016542";"3";"5";"2020";"18:15";"1";"94";"94068";"2";"2";"1";"3";"CARNOT (AV)";"48,7981190";"2,4870580"
"202000016543";"3";"5";"2020";"18:15";"1";"94";"94046";"2";"1";"1";"6";"GENERAL DE GAULLE (AV DU)";"48,8087800";"2,4244900"
"202000016544";"3";"5";"2020";"17:51";"1";"94";"94043";"2";"2";"1";"7";"FONTAINEBLEAU (AV DE)";"48,8145630";"2,3607660"
"202000016545";"3";"5";"2020";"16:30";"1";"93";"93053";"2";"3";"1";"3";"ROSNY (AVENUE DE) N° 53 A 243";"48,8933000";"2,4707000"
"202000016546";"3";"5";"2020";"20:50";"1";"93";"93048";"2";"2";"1";"1";"PARMENTIER (RUE)";"48,8596990";"2,4337080"
"202000016547";"3";"5";"2020";"20:30";"1";"93";"93014";"2";"9";"1";"1";"AV DE SEVIGNE";"48,9128500";"2,5485400"
"202000016548";"3";"5";"2020";"16:15";"1";"93";"93008";"2";"9";"2";"3";"PARIS (RUE DE)";"48,8997581";"2,4489232"
"202000016549";"13";"3";"2020";"09:45";"1";"93";"93001";"2";"6";"1";"6";"R DE SAINT DENIS / R DES BERGERIES";"48,9216800";"2,3757200"
"202000016550";"30";"4";"2020";"19:30";"2";"85";"85158";"2";"1";"1";"1";"Rue du Château";"46,4603600";" -0,9883700"
"202000016551";"4";"5";"2020";"14:29";"1";"41";"41256";"1";"1";"1";"2";"A71";"47,3167450";"2,0500660"
"202000016552";"8";"4";"2020";"19:00";"1";"87";"87148";"1";"1";"1";"2";"A20";"45,7230840";"1,3488960"
"202000016553";"3";"5";"2020";"11:00";"1";"77";"77314";"2";"1";"1";"7";"Rue d'Onoz - D215";"48,8288690";"3,4378890"
"202000016554";"4";"5";"2020";"18:20";"1";"74";"74131";"2";"1";"7";"1";"980 Route de Moisy";"46,0225840";"5,9252540"
"202000016555";"3";"5";"2020";"14:30";"1";"33";"33408";"1";"1";"1";"7";"19 Route de Camblanes";"44,7647000";" -0,3834880"
"202000016556";"3";"5";"2020";"18:00";"1";"04";"04059";"1";"1";"1";"7";"RD 19";"43,9893950";"6,3858780"
"202000016557";"23";"1";"2020";"16:55";"1";"92";"92036";"2";"2";"1";"1";"JEAN JAURES (RUE) (2)";"48,9331500";"2,2941300"
"202000016558";"24";"1";"2020";"17:10";"1";"92";"92025";"2";"2";"1";"1";"YOURI GAGARINE (RUE)/ EDGARD QUINET (BD)";"48,9256400";"2,2471830"
"202000016559";"24";"1";"2020";"16:00";"1";"92";"92025";"2";"2";"1";"1";"STALINGRAD (AV DE)";"48,9317247";"2,2667242"
"202000016560";"23";"1";"2020";"20:55";"5";"92";"92025";"2";"3";"1";"3";"ORGEMONT (AV D')";"48,9311680";"2,2726789"
"202000016561";"23";"1";"2020";"22:50";"5";"92";"92023";"2";"9";"1";"2";"GARDE (PLACE DU) S101";"48,8032000";"2,2571000"
"202000016562";"24";"1";"2020";"02:25";"1";"92";"92012";"2";"1";"1";"7";"ALPHONSE LE GALLO (QUAI) ";"48,8351650";"2,2256290"
"202000016563";"24";"1";"2020";"22:00";"5";"92";"92007";"2";"2";"1";"6";"PETIT (AVENUE ALBERT) N° 1 A 37";"48,7958855";"2,3171412"
"202000016564";"24";"1";"2020";"11:04";"1";"80";"80016";"2";"1";"1";"7";"Chemin Croise de Bellevue";"49,9936160";"2,6572650"
"202000016565";"24";"1";"2020";"23:55";"5";"33";"33001";"1";"3";"1";"1";"RD1089 / RD17 - Lieu Dit Tripoteau";"44,9945200";" -0,1277900"
"202000016566";"25";"1";"2020";"13:15";"1";"81";"81139";"2";"1";"1";"6";"16 Rue Edmond Michelet";"43,7032190";"2,1376400"
"202000016567";"23";"1";"2020";"07:00";"1";"972";"97210";"1";"1";"1";"1";"N6";"14,6075360";" -60,8937410"
"202000016568";"25";"1";"2020";"07:40";"3";"22";"22084";"1";"9";"5";"7";"RN 12, sortie Le Bois Orieux";"48,3665710";" -2,3272990"
"202000016569";"24";"1";"2020";"02:49";"3";"34";"34036";"1";"1";"3";"2";"A75";"43,6806760";"3,3798330"
"202000016570";"20";"1";"2020";"17:15";"2";"34";"34270";"2";"2";"2";"3";"D613";"43,5711260";"3,8131790"
"202000016571";"25";"1";"2020";"01:30";"3";"56";"56248";"1";"1";"9";"6";"Le Manéguen";"47,5622800";" -2,6510950"
"202000016572";"24";"1";"2020";"23:30";"3";"74";"74267";"1";"1";"1";"7";"542 route du col de leschaux";"45,8585570";"6,1382350"
"202000016573";"25";"1";"2020";"12:10";"1";"76";"76622";"1";"1";"5";"1";"D81";"49,4772150";"0,6021930"
"202000016574";"25";"1";"2020";"07:00";"3";"80";"80187";"1";"1";"5";"1";"D1001";"49,9656040";"2,1690700"
"202000016575";"25";"1";"2020";"02:40";"5";"80";"80137";"2";"1";"8";"6";"24 route de la chapelle";"49,9322181";"2,1837580"
"202000016576";"24";"1";"2020";"21:55";"3";"41";"41126";"1";"1";"1";"2";"Autoroute A85 PK 148.730";"47,2960840";"1,3150120"
"202000016577";"25";"1";"2020";"03:00";"5";"81";"81192";"2";"1";"1";"6";"Rue de la République";"43,6864414";"2,8529052"
"202000016578";"24";"1";"2020";"20:30";"3";"55";"55181";"1";"1";"5";"1";"D603";"49,2114191";"5,6082968"
"202000016579";"24";"1";"2020";"23:50";"3";"49";"49308";"1";"3";"5";"6";"D123";"47,3680890";" -0,4856920"
"202000016580";"22";"1";"2020";"08:00";"2";"44";"44183";"1";"2";"8";"3";"Route de la Turballe / Route de la Bastille";"47,3875930";" -2,4355850"
"202000016581";"23";"1";"2020";"15:30";"1";"29";"29097";"2";"6";"7";"3";"Rue de la Tannerie";"48,4939314";" -4,0468605"
"202000016582";"25";"1";"2020";"09:30";"1";"03";"03073";"1";"1";"1";"6";"1805 route des Vignes";"46,4799485";"3,2962943"
"202000016583";"25";"1";"2020";"10:30";"1";"70";"70002";"1";"1";"1";"6";"D56";"47,7740000";"5,9571210"
"202000016584";"25";"1";"2020";"15:55";"1";"58";"58083";"2";"1";"1";"7";"Avenue Jules Renard";"47,2537070";"3,6772660"
"202000016585";"25";"1";"2020";"14:20";"1";"50";"50582";"2";"1";"9";"6";"7 Place du Champ de Foire";"48,7215790";" -0,9167150"
"202000016586";"25";"1";"2020";"12:30";"1";"45";"45030";"1";"1";"1";"3";"D28";"48,0865900";"2,4350430"
"202000016587";"25";"1";"2020";"03:45";"3";"64";"64398";"1";"9";"1";"6";"Départementale 62";"43,3531120";" -0,0144950"
"202000016588";"24";"1";"2020";"20:15";"5";"64";"64405";"2";"1";"1";"6";"25 Rue du Bourg Neuf";"43,3486820";" -0,2597340"
"202000016589";"24";"1";"2020";"21:30";"3";"04";"04166";"1";"1";"1";"6";"RD 953";"43,8409190";"6,1054800"