"Num_Acc";"jour";"mois";"an";"hrmn";"lum";"dep";"com";"agg";"int";"atm";"col";"adr";"lat";"long"
"202000016590";"22";"1";"2020";"13:39";"1";"27";"27116";"2";"9";"1";"2";"3 Rue de la Cabotière";"49,1891160";"0,7233760"
"202000016591";"25";"1";"2020";"06:28";"3";"37";"37050";"1";"1";"1";"3";"D910";"47,3148822";"0,7115439"
"202000016592";"23";"1";"2020";"18:00";"1";"987";"98734";"1";"1";"1";"6";"RT 01 - PK 36 + 600";" -17,7233790";" -149,5057300"
"202000016593";"25";"1";"2020";"04:46";"3";"01";"01151";"1";"1";"1";"7";"A40";"46,0735222";"5,3147409"
"202000016594";"22";"1";"2020";"07:45";"1";"38";"38397";"1";"1";"1";"4";"A41";"45,2276300";"5,8267800"
"202000016595";"25";"1";"2020";"09:00";"1";"55";"55237";"1";"1";"5";"5";"A4";"49,1183210";"5,5317450"
"202000016596";"24";"1";"2020";"21:00";"3";"987";"98729";"2";"1";"1";"1";"pk 25 tiahura";" -17,5331890";" -149,8386110"
"202000016597";"25";"1";"2020";"19:00";"4";"988";"98817";"2";"1";"2";"6";"RPS1";" -22,2296000";"166,5518760"
"202000016598";"25";"1";"2020";"13:20";"1";"988";"98821";"1";"1";"1";"6";"RT1 HAUTEUR KATIRAMONA";" -22,1370880";"166,4237710"
"202000016599";"24";"1";"2020";"22:40";"5";"973";"97304";"2";"2";"1";"1";"Avenue du General de Gaulle";"5,1544240";" -52,6433300"
"202000016600";"22";"1";"2020";"05:45";"3";"77";"77274";"1";"2";"1";"3";"D401 - D38";"49,0330927";"2,8966574"
"202000016601";"24";"1";"2020";"18:00";"3";"78";"78077";"1";"1";"5";"6";"D80";"48,6735030";"1,6489680"
"202000016602";"25";"1";"2020";"12:20";"1";"34";"34240";"1";"1";"8";"2";"N113";"43,6542420";"3,9854940"
"202000016603";"25";"1";"2020";"07:40";"2";"13";"13030";"1";"1";"1";"2";"D8n";"43,2648630";"5,7432960"
"202000016604";"24";"1";"2020";"16:30";"1";"13";"13015";"1";"1";"1";"2";"D8n";"43,4184920";"5,3789880"
"202000016605";"25";"1";"2020";"00:40";"3";"38";"38442";"1";"1";"1";"6";"La Diat";"45,3406900";"5,8140500"
"202000016606";"24";"1";"2020";"16:30";"1";"81";"81162";"1";"4";"1";"3";"Lieu Dit Scopont";"43,5845880";"1,8102550"
"202000016607";"25";"1";"2020";"12:10";"1";"31";"31401";"1";"1";"1";"6";"53 Route de Saint-léon";"43,4096190";"1,5286980"
"202000016608";"24";"1";"2020";"18:20";"5";"85";"85178";"2";"6";"1";"6";"27 Boulevard des Deux Moulins";"46,7705010";" -1,5058350"
"202000016609";"23";"1";"2020";"10:30";"1";"13";"13005";"1";"1";"1";"4";"Sens Aubagne vers Marseille";"43,2886800";"5,5609800"
"202000016610";"22";"1";"2020";"09:45";"1";"13";"13001";"1";"1";"1";"2";"A51-Sens Aix en Provence vers Marseille";"43,4848000";"5,4082000"
"202000016611";"24";"1";"2020";"07:30";"1";"83";"83137";"1";"1";"1";"4";"A50";"43,1250600";"5,9062500"
"202000016612";"20";"1";"2020";"09:25";"1";"59";"59146";"1";"1";"5";"2";"AUTOROUTE A27";"50,6028280";"3,2150280"
"202000016613";"24";"1";"2020";"18:47";"3";"91";"91363";"1";"1";"1";"3";"RN 104";"48,6342500";"2,2177200"
"202000016614";"24";"1";"2020";"18:11";"3";"91";"91339";"1";"1";"1";"3";"RN 104";"48,6240300";"2,2659800"
"202000016615";"24";"1";"2020";"09:40";"1";"91";"91689";"1";"1";"1";"2";"AUTOROUTE A6";"48,7293800";"2,3144000"
"202000016616";"23";"1";"2020";"23:57";"3";"91";"91659";"1";"1";"1";"4";"AUTOROUTE A6";"48,5848000";"2,4536600"
"202000016617";"24";"1";"2020";"08:45";"5";"78";"78640";"1";"1";"1";"3";"A12 Y";"48,7786110";"2,2225730"
"202000016618";"24";"1";"2020";"19:45";"3";"95";"95582";"1";"1";"1";"7";"RD 170";"48,9628000";"2,2637000"
"202000016619";"17";"1";"2020";"18:15";"5";"92";"92025";"2";"2";"1";"1";"CHARLES DE GAULLE (BD)";"48,9180202";"2,2243452"
"202000016620";"23";"1";"2020";"18:50";"5";"69";"69387";"2";"1";"1";"3";"ABBE BOISARD (DE L')                (R )";"45,7497300";"4,8543500"
"202000016621";"23";"1";"2020";"16:40";"1";"69";"69383";"2";"1";"1";"6";"PAUL BERT                           (R )";"45,7570000";"4,8595000"
"202000016622";"23";"1";"2020";"08:16";"1";"972";"97209";"2";"1";"1";"2";"BISHOP (Avenue Maurice)";"14,6038200";" -61,0611500"
"202000016623";"23";"1";"2020";"09:30";"1";"91";"91432";"1";"1";"1";"4";"D 118";"48,7093840";"2,3515410"
"202000016624";"21";"1";"2020";"08:35";"1";"90";"90010";"2";"1";"1";"3";"FERRETTE (RUE DE)";"47,6531510";"6,8446800"
"202000016625";"23";"1";"2020";"07:47";"5";"87";"87050";"2";"1";"1";"4";"RD947";"45,9020300";"1,2252200"
"202000016626";"22";"1";"2020";"10:10";"1";"86";"86194";"2";"1";"1";"3";"Avenue John Kennedy";"46,5738200";"0,3709700"
"202000016627";"22";"1";"2020";"15:40";"1";"86";"86194";"2";"1";"1";"3";"Avenue du 11 Novembre";"46,5662000";"0,3632900"
"202000016628";"21";"1";"2020";"12:15";"1";"86";"86194";"2";"1";"1";"1";"Avenue de Paris";"46,6111545";"0,3485155"
"202000016629";"10";"1";"2020";"00:05";"3";"84";"84007";"2";"1";"1";"3";"SAINT ROCH (Boulevard)";"43,9424400";"4,8089100"
"202000016630";"23";"1";"2020";"07:55";"2";"81";"81065";"2";"3";"1";"3";"SIDOBRE RD 622 (AV. DU)";"43,6183500";"2,2701000"
"202000016631";"22";"1";"2020";"19:40";"5";"80";"80021";"1";"1";"1";"7";"ROCADE NORD RN 1";"49,9239105";"2,3274010"
"202000016632";"22";"1";"2020";"15:45";"1";"79";"79191";"2";"1";"1";"3";"110 Avenue de Limoges";"46,3194100";" -0,4500600"
"202000016633";"23";"1";"2020";"11:30";"1";"77";"77284";"2";"3";"1";"2";"VICTOIRE (AV.DE LA) - D603";"48,9565600";"2,9047040"
"202000016634";"23";"1";"2020";"13:00";"1";"77";"77037";"2";"1";"7";"6";"DOUMER ( AVENUE PAUL) - D115";"48,4759740";"2,6935960"
"202000016635";"22";"1";"2020";"22:45";"3";"67";"67482";"2";"1";"1";"6";"LA ROCHELLE (RUE DE)";"48,5391200";"7,7877000"
"202000016636";"22";"1";"2020";"11:40";"1";"67";"67482";"2";"3";"1";"3";"CLEMENCEAU (BOULEVARD)";"48,5905700";"7,7446100"
"202000016637";"22";"1";"2020";"20:20";"3";"66";"66136";"1";"1";"1";"2";"NOGUERE";"42,7210800";"2,9030100"
"202000016638";"23";"1";"2020";"15:30";"1";"64";"64348";"2";"1";"1";"4";"ERCKMAN CHATRIAN";"43,3264800";" -0,3886200"
"202000016639";"23";"1";"2020";"06:35";"5";"64";"64348";"2";"6";"2";"2";"SANTONA DE";"43,3208800";" -0,3915900"
"202000016640";"22";"1";"2020";"20:03";"5";"63";"63113";"2";"1";"1";"6";"MONTLOSIER (RUE)";"45,7812536";"3,0908833"
"202000016641";"21";"1";"2020";"20:00";"5";"62";"62126";"2";"1";"5";"3";"LILLE ( ROUTE DE )";"50,5151737";"2,6869997"
"202000016642";"23";"1";"2020";"19:50";"5";"59";"59599";"2";"2";"1";"2";"FOREST (CHAUSSEE FERNAND)";"50,7379400";"3,1622900"
"202000016643";"22";"1";"2020";"08:40";"1";"54";"54547";"2";"3";"8";"6";"GOETHE (RUE)";"48,6598948";"6,1798471"
"202000016644";"23";"1";"2020";"16:05";"1";"51";"51172";"2";"6";"1";"7";"Boulevard d’Alsace Lorraine";"49,2198415";"4,0406575"
"202000016645";"23";"1";"2020";"14:00";"1";"51";"51454";"2";"1";"1";"3";"Avenue de Champagne";"49,2348006";"4,0413023"
"202000016646";"22";"1";"2020";"18:24";"5";"49";"49007";"2";"1";"1";"3";"TREILLE";"47,4619600";" -0,5291200"
"202000016647";"22";"1";"2020";"16:23";"1";"49";"49007";"2";"1";"1";"6";"SEMARD PLACE";"47,4650500";" -0,5592700"
"202000016648";"23";"1";"2020";"21:20";"5";"45";"45169";"2";"1";"1";"6";"Rue du Moulin";"47,9133600";"1,8086100"
"202000016649";"23";"1";"2020";"09:12";"1";"45";"45208";"2";"1";"1";"6";"R DE LA SIRENE";"48,0020210";"2,7264570"
"202000016650";"23";"1";"2020";"07:55";"5";"44";"44184";"2";"1";"1";"6";"Rue Thomas Edison";"47,2923087";" -2,2894234"
"202000016651";"23";"1";"2020";"07:45";"5";"44";"44162";"2";"1";"1";" -1";"N844";"47,2038630";" -1,6229210"
"202000016652";"23";"1";"2020";"06:50";"5";"42";"42184";"2";"1";"1";"1";"Rue du Fuyant";"46,0427518";"4,0527699"
"202000016653";"23";"1";"2020";"09:00";"1";"37";"37233";"2";"1";"1";"6";"JAURES (RUE JEAN)";"47,3910064";"0,7256190"
"202000016654";"23";"1";"2020";"08:10";"1";"37";"37261";"2";"2";"1";"6";"JEMMAPES (RUE)";"47,4211682";"0,6835396"
"202000016655";"23";"1";"2020";"07:40";"2";"37";"37195";"2";"1";"1";"6";"TONNELLE (BOULEVARD)";"47,3909685";"0,6680538"
"202000016656";"9";"1";"2020";"23:25";"5";"36";"36044";"2";"2";"1";"3";"AV DU PONT NEUF/ RUE CHATEAU RAOUL";"46,8126548";"1,6848028"
"202000016657";"10";"1";"2020";"07:32";"3";"36";"36044";"2";"1";"1";"2";"ROUTE DE VELLES";"46,7873300";"1,6908800"
"202000016658";"10";"1";"2020";"22:41";"3";"36";"36063";"1";"1";"1";"6";"ROUTE DEPARTEMENTALE 956";"46,8698100";"1,6613300"
"202000016659";"23";"1";"2020";"07:55";"1";"35";"35238";"1";"1";"1";"2";"RN 136 PORTE D'ANGERS";"48,0820820";" -1,6459760"
"202000016660";"23";"1";"2020";"08:10";"2";"35";"35238";"2";"6";"1";"3";"BELGIQUE (DE)";"48,0869200";" -1,6855900"
"202000016661";"23";"1";"2020";"21:10";"5";"33";"33281";"1";"3";"3";"5";"Av.RENE CASSIN /  A630 (E11b) Bretelle";"44,8321500";" -0,6741500"
"202000016662";"23";"1";"2020";"20:55";"5";"33";"33281";"2";"2";"2";"1";"AVE DE SAINT-MEDARD / AVE DE LA LIBERATIONVE DE L'HIPPODROME";"44,8612200";" -0,6421500"
"202000016663";"23";"1";"2020";"20:20";"5";"33";"33281";"2";"2";"3";"1";"AVE DE FONCASTEL / AVE PIERRE MENDES FRANCE";"44,8359900";" -0,6410900"
"202000016664";"23";"1";"2020";"21:00";"5";"33";"33069";"2";"2";"2";"2";"BD PIERRE 1ER / AVE DE TIVOLI";"44,8570600";" -0,5911500"
"202000016665";"23";"1";"2020";"17:40";"2";"33";"33167";"1";"1";"2";"6";"PENETRANTE EST (D936)";"44,8441900";" -0,5124200"
"202000016666";"23";"1";"2020";"08:45";"1";"33";"33162";"2";"3";"1";"1";"RUE GASTON SAUX / RUE DU COLLEGE TECHNIQUE";"44,8838300";" -0,6296700"
"202000016667";"23";"1";"2020";"01:40";"5";"33";"33069";"2";"3";"8";"7";"RUE DE CAUDERAN / RUE CONSTANT";"44,8628900";" -0,6114400"
"202000016668";"6";"1";"2020";"19:18";"3";"30";"30189";"1";"3";"1";"3";"KENNEDY (AVENUE)";"43,8176300";"4,3011700"
"202000016669";"22";"1";"2020";"21:00";"3";"29";"29051";"2";"1";"1";"7";"Route du Cimetière";"47,9962196";" -4,0280311"
"202000016670";"23";"1";"2020";"08:20";"1";"29";"29019";"2";"1";"1";"3";"530 Avenue de Tallinn";"48,3897098";" -4,5255951"
"202000016671";"20";"1";"2020";"15:00";"1";"27";"27229";"2";"2";"1";" -1";"NORMANDIE (BOULEVARD DE)";"49,0195110";"1,1390590"
"202000016672";"18";"1";"2020";"17:40";"2";"17";"17306";"1";"1";"1";"3";"EXPRESS (VOIE)";"45,6199550";" -0,9928580"
"202000016673";"22";"1";"2020";"21:00";"3";"17";"17200";"1";"1";"1";"7";"RN237";"46,1785550";" -1,1576460"
"202000016674";"23";"1";"2020";"20:30";"5";"13";"13206";"2";"1";"1";"6";"SAINTE-CECILE (RUE)";"43,2886000";"5,3969000"
"202000016675";"23";"1";"2020";"17:00";"1";"13";"13204";"2";"1";"1";"2";"ALEX. FLEMING (BOULEVARD)";"43,3165760";"5,3961807"
"202000016676";"23";"1";"2020";"09:20";"1";"13";"13202";"2";"1";"8";"2";"BONNETERIE (RUE)";"43,2971530";"5,3716110"
"202000016677";"22";"1";"2020";"15:00";"1";"13";"13206";"2";"2";"1";"2";"STANISLAS TORRENTS (RUE)";"43,2883300";"5,3779500"
"202000016678";"23";"1";"2020";"23:35";"3";"13";"13047";"1";"1";"2";"7";"Rue d'Olympie";"43,5134960";"4,9643060"
"202000016679";"22";"1";"2020";"11:35";"1";"13";"13005";"2";"1";"1";"3";"RD 2 route de la légion (CAMP MAJOR)";"43,2872160";"5,5313430"
"202000016680";"24";"1";"2020";"00:50";"3";"13";"13004";"1";"1";"3";"6";"VC 35 CH DE L'ESTIVAGE";"43,6616469";"4,6415143"
"202000016681";"23";"1";"2020";"07:54";"2";"10";"10362";"2";"1";"1";"4";"GENERAL LECLERC (RUE DU)";"48,2987500";"4,0237900"
"202000016682";"23";"1";"2020";"13:20";"1";"06";"06069";"2";"1";"1";"6";"DE GAULLE (AVENUE DU GENERAL)";"43,6566750";"6,9197530"
"202000016683";"23";"1";"2020";"08:05";"1";"06";"06027";"2";"6";"1";"3";"SCHUMAN ROND POINT MAURICE";"43,6709000";"7,1637500"
"202000016684";"21";"1";"2020";"18:55";"4";"75";"75119";"2";"1";"1";"2";"BD PERIPHERIQUE INTERIEUR  ";"48,8977699";"2,3937374"
"202000016685";"21";"1";"2020";"19:35";"5";"75";"75113";"2";"1";"1";"2";"BD PERIPHERIQUE EXTERIEUR";"48,8162498";"2,3638979"
"202000016686";"21";"1";"2020";"17:30";"5";"75";"75105";"2";"2";"1";" -1";"BOULEVARD DE PORT ROYAL";"48,8376830";"2,3455220"
"202000016687";"23";"1";"2020";"16:25";"1";"75";"75120";"2";"2";"1";"3";"RUE BELGRAND";"48,8647020";"2,4041420"
"202000016688";"23";"1";"2020";"22:55";"5";"75";"75119";"2";"1";"1";"6";"AVENUE CORENTIN CARIOU";"48,8967203";"2,3847820"
"202000016689";"23";"1";"2020";"12:15";"1";"75";"75119";"2";"1";"8";"2";"AVENUE SECRETAN";"48,8814228";"2,3728171"
"202000016690";"23";"1";"2020";"11:15";"1";"75";"75119";"2";"3";"1";"6";"RUE CURIAL";"48,8946019";"2,3741293"
"202000016691";"22";"1";"2020";"22:15";"5";"75";"75118";"2";"5";"1";"2";"RUE CAULAINCOURT";"48,8846441";"2,3296581"
"202000016692";"23";"1";"2020";"22:50";"5";"75";"75117";"2";"2";"1";"3";"RUE DE ROME";"48,8856840";"2,3168467"
"202000016693";"22";"1";"2020";"16:30";"1";"75";"75115";"2";"1";"1";"6";"RUE CAMBRONNE";"48,8432130";"2,3025140"
"202000016694";"21";"1";"2020";"22:30";"5";"75";"75115";"2";"3";"1";"2";"RUE DE VAUGIRARD";"48,8406112";"2,3049795"
"202000016695";"23";"1";"2020";"14:30";"1";"75";"75114";"2";"1";"1";"3";"RUE VERCINGETORIX";"48,8292205";"2,3065228"
"202000016696";"23";"1";"2020";"10:37";"1";"75";"75114";"2";"2";"1";"3";"AVENUE DU GENERAL LECLERC";"48,8230431";"2,3254953"
"202000016697";"23";"1";"2020";"08:25";"1";"75";"75114";"2";"1";"1";"6";"PLACE DU VINGT CINQ AOUT 1944";"48,8226846";"2,3250451"
"202000016698";"22";"1";"2020";"11:05";"1";"75";"75114";"2";"5";"1";"3";"AVENUE DU MAINE";"48,8375770";"2,3229271"
"202000016699";"23";"1";"2020";"15:30";"1";"75";"75113";"2";"3";"1";"6";"AVENUE DE LA PORTE DE VITRY";"48,8229732";"2,3778056"
"202000016700";"23";"1";"2020";"11:30";"1";"75";"75113";"2";"1";"1";"3";"RUE DUNOIS";"48,8326832";"2,3668753"
"202000016701";"22";"1";"2020";"10:10";"1";"75";"75112";"2";"3";"1";"2";"BOULEVARD DE LA GUYANE";"48,8431837";"2,4145192"
"202000016702";"23";"1";"2020";"18:25";"5";"75";"75110";"2";"1";"1";"6";"RUE DU FAUBOURG SAINT DENIS";"48,8820574";"2,3585537"
"202000016703";"23";"1";"2020";"19:30";"5";"75";"75107";"2";"7";"1";"3";"PLACE JOFFRE";"48,8526860";"2,3030921"
"202000016704";"23";"1";"2020";"07:20";"1";"94";"94080";"2";"1";"1";"1";"LAGNY (R DE)";"48,8490110";"2,4247670"
"202000016705";"21";"1";"2020";"12:30";"1";"94";"94068";"2";"2";"7";"3";"CHAMPIGNY (BD DE)";"48,8094700";"2,5096500"
"202000016706";"23";"1";"2020";"15:30";"1";"94";"94022";"2";"1";"1";"3";"ALFORTVILLE (AV D)";"48,7706000";"2,4133700"
"202000016707";"23";"1";"2020";"12:30";"1";"94";"94069";"2";"1";"1";"6";"EPINETTES (R DES)";"48,8204500";"2,4199200"
"202000016708";"23";"1";"2020";"17:30";"5";"94";"94017";"2";"1";"1";"6";"BOILEAU (AV)";"48,8062900";"2,5457600"
"202000016709";"23";"1";"2020";"07:50";"2";"94";"94044";"2";"1";"9";"3";"JEAN MONNET (R)";"48,7570100";"2,4778900"
"202000016710";"16";"1";"2020";"16:35";"1";"93";"93066";"2";"9";"1";"2";"BD ANATOLE FRANCE";"48,9266260";"2,3517592"
"202000016711";"23";"1";"2020";"07:10";"5";"93";"93050";"2";"1";"1";"6";"AV LEON BLUM";"48,8677000";"2,5333400"
"202000016712";"23";"1";"2020";"13:40";"1";"93";"93048";"2";"9";"1";"6";"ARISTIDE BRIAND (BOULEVARD)";"48,8699635";"2,4499471"
"202000016713";"22";"1";"2020";"08:30";"1";"92";"92078";"2";"9";"1";"5";"MOULIN CAGE (QUAI)";"48,9232600";"2,3279500"
"202000016714";"21";"1";"2020";"10:20";"1";"92";"92075";"2";"1";"1";"6";"JEAN BLEUZEN (RUE)";"48,8229100";"2,2955160"
"202000016715";"23";"1";"2020";"08:15";"1";"92";"92072";"2";"1";"1";"1";"GRANDE RUE";"48,8218400";"2,2052500"
"202000016716";"22";"1";"2020";"09:20";"1";"92";"92063";"2";"2";"1";"3";"COLMAR (AVENUE DE)";"48,8871775";"2,1795362"
"202000016717";"23";"1";"2020";"18:15";"2";"92";"92062";"2";"3";"1";"6";"PARMENTIER (RUE)";"48,8784239";"2,2390426"
"202000016718";"23";"1";"2020";"13:35";"1";"92";"92044";"2";"1";"1";"6";"VILLIERS (RUE DE, N° 21 A 59)";"48,8905280";"2,2792783"
"202000016719";"22";"1";"2020";"12:20";"1";"92";"92051";"2";"5";"1";"3";"CHARLES DE GAULLE (AVENUE, N°27 A 129)";"48,8815565";"2,2713818"
"202000016720";"22";"1";"2020";"16:40";"1";"92";"92050";"2";"2";"1";"3";"SAULES RUE DES";"48,9098290";"2,2155980"
"202000016721";"20";"1";"2020";"14:30";"1";"92";"92025";"2";"1";"1";"6";"MARCEAU (BD)";"48,9295214";"2,2640526"
"202000016722";"23";"1";"2020";"20:30";"5";"92";"92002";"2";"1";"1";"6";"BACONNETS (PLACE DES)";"48,7390562";"2,2890912"
"202000016723";"20";"1";"2020";"07:20";"2";"47";"47091";"1";"1";"1";"1";"D656e";"44,1707070";"0,5814960"
"202000016724";"23";"1";"2020";"17:05";"1";"08";"08013";"1";"9";"1";"3";"3 Rue Saint Medard";"49,6402710";"4,9840490"
"202000016725";"24";"1";"2020";"09:00";"1";"62";"62256";"1";"1";"5";"3";"D343";"50,4783190";"2,1965790"
"202000016726";"24";"1";"2020";"14:20";"1";"01";"01359";"1";"2";"1";"3";"Intersection RD7 / RD27E";"46,0728140";"5,0438400"
"202000016727";"22";"1";"2020";"12:30";"1";"01";"01156";"1";"2";"7";"3";"D22";"45,9131610";"5,1185770"
"202000016728";"24";"1";"2020";"15:16";"1";"74";"74167";"1";"1";"1";"1";"RD 1508";"45,7654950";"6,3612770"
"202000016729";"24";"1";"2020";"10:15";"1";"33";"33001";"1";"3";"1";"5";"RD1089 / RD 17 - Lieu Dit Tripoteau";"44,9945100";" -0,1277900"
"202000016730";"23";"1";"2020";"12:15";"1";"18";"18241";"2";"1";"7";"2";"24 Rue Creuse";"47,3378190";"2,8336840"
"202000016731";"22";"1";"2020";"19:00";"3";"57";"57629";"1";"1";"1";"7";"D46b";"48,7738300";"7,0754960"
"202000016732";"23";"1";"2020";"09:00";"1";"62";"62571";"2";"2";"1";"3";"Rue Auguste Biblocq";"50,4554210";"1,6135040"
"202000016733";"23";"1";"2020";"12:35";"1";"59";"59074";"2";"1";"1";"6";"52 Rue Gustave Delory";"50,0880020";"3,4352770"
"202000016734";"24";"1";"2020";"11:25";"1";"89";"89419";"1";"1";"7";"6";"D955";"47,7517320";"3,2942680"
"202000016735";"24";"1";"2020";"08:10";"2";"61";"61168";"2";"7";"1";"6";"19 Place du Général Leclerc";"48,5897360";" -0,3573640"
"202000016736";"23";"1";"2020";"18:42";"3";"42";"42222";"1";"1";"9";"1";"Route de Bellegarde";"45,6139620";"4,3101270"
"202000016737";"23";"1";"2020";"15:00";"1";"47";"47252";"1";"1";"1";"6";"D911";"44,3877190";"0,5570630"
"202000016738";"23";"1";"2020";"18:45";"3";"47";"47147";"1";"1";"2";"5";"Tournillat";"44,6347230";"0,1984080"
"202000016739";"16";"1";"2020";"23:35";"3";"22";"22152";"1";"6";"1";"7";"1 Impasse de Pont Losquet";"48,7603120";" -3,2939990"
"202000016740";"24";"1";"2020";"16:50";"1";"31";"31045";"1";"1";"1";"5";"RN 125";"43,0236080";"0,6149610"
"202000016741";"23";"1";"2020";"20:50";"3";"85";"85093";"1";"6";"1";"3";"N/A";"46,6539100";" -1,2299110"
"202000016742";"24";"1";"2020";"09:20";"1";"10";"10209";"1";"1";"7";" -1";"D1f";"48,2636770";"4,2486830"
"202000016743";"17";"1";"2020";"07:30";"1";"04";"04172";"1";"3";"1";"3";"RD 952 / voie privée";"43,8463370";"6,1646320"
"202000016744";"23";"1";"2020";"10:30";"1";"27";"27116";"2";"2";"1";" -1";"rue du marechal FOCH";"49,1958380";"0,7173890"
"202000016745";"23";"1";"2020";"08:30";"2";"76";"76533";"1";"1";"8";"6";"Échangeur entre A29 et A131 (Embranchement d'autoroute)";"49,4989600";"0,2736280"
"202000016746";"14";"1";"2020";"18:15";"3";"35";"35240";"1";"2";"3";"3";"la Bouvardière";"48,1026160";" -1,8146610"
"202000016747";"13";"7";"2020";"10:45";"1";"57";"57606";"1";"1";"7";"2";"autoroute A4 pk 361+400";"49,1358730";"6,7009410"
"202000016748";"11";"7";"2020";"17:50";"1";"34";"34172";"1";"1";"1";"2";"A709";"43,5963730";"3,9102160"
"202000016749";"15";"7";"2020";"14:30";"1";"27";"27701";"1";"1";"1";"2";"A13";"49,2486608";"1,1765766"
"202000016750";"14";"7";"2020";"23:10";"3";"45";"45082";"1";"1";"2";"1";"D2060-PK 68+1";"47,8903310";"2,2662360"
"202000016751";"15";"7";"2020";"08:10";"1";"77";"77098";"1";"1";"1";"1";"D209";"48,5964589";"3,1044519"
"202000016752";"10";"7";"2020";"16:00";"1";"77";"77343";"1";"3";"1";"2";"RD-3";"49,0212660";"3,0367540"
"202000016753";"15";"7";"2020";"16:20";"1";"77";"77107";"1";"1";"1";"1";"N36";"48,6609163";"2,8091923"
"202000016754";"15";"7";"2020";"01:40";"4";"91";"91044";"1";"9";"1";"2";"31 Route d'Orléans";"48,6769000";"2,2823880"
"202000016755";"14";"7";"2020";"17:20";"1";"2B";"2B185";"2";"1";"1";"2";"Chioso Tondo";"42,6625710";"9,3153820"
"202000016756";"15";"7";"2020";"14:45";"1";"2B";"2B042";"1";"1";"1";"6";"D107";"42,5858870";"9,5064350"
"202000016757";"14";"7";"2020";"19:30";"1";"34";"34162";"1";"2";"1";"3";"Départementale 5";"43,4821970";"3,5349800"
"202000016758";"15";"7";"2020";"13:55";"1";"34";"34146";"1";"2";"1";" -1";"Route départementale 110E5";"43,6733621";"4,0837276"
"202000016759";"13";"7";"2020";"10:10";"1";"83";"83107";"1";"1";"1";"7";"Route Depart 8 Col du Bougnon";"43,3673100";"6,6768550"
"202000016760";"14";"7";"2020";"11:20";"1";"13";"13034";"1";"1";"1";"4";"D25";"43,7339570";"4,9436760"
"202000016761";"14";"7";"2020";"15:45";"1";"68";"68329";"1";"1";"1";"4";"D417";"48,0618190";"7,0472150"
"202000016762";"15";"7";"2020";"13:00";"1";"03";"03229";"1";"1";"1";"6";"N/A";"46,6922842";"3,4272639"
"202000016763";"14";"7";"2020";"22:40";"3";"74";"74229";"1";"1";"1";"3";"RD 1206 - Route des Vouards";"46,2199150";"6,3092100"
"202000016764";"14";"7";"2020";"14:10";"1";"26";"26129";"2";"2";"1";"6";"Rue du Vercors";"45,0778580";"5,1786030"
"202000016765";"14";"7";"2020";"20:00";"1";"07";"07315";"1";"1";"1";"1";"D19";"44,6207619";"4,2218105"
"202000016766";"14";"7";"2020";"17:30";"1";"69";"69138";"1";"1";"1";"6";"D25";"45,7112680";"4,5351950"
"202000016767";"14";"7";"2020";"00:30";"3";"33";"33393";"2";"1";"1";"6";"22 Route de l'Europe";"44,9900400";" -0,1775400"
"202000016768";"13";"7";"2020";"20:50";"2";"13";"13215";"1";"1";"1";"4";"A7-Sens Lyon vers Marseille";"43,3772400";"5,3579000"
"202000016769";"13";"7";"2020";"09:30";"1";"13";"13033";"1";"1";"1";"3";"A55-Sens Martigues vers Marseille";"43,3807500";"5,2127300"
"202000016770";"14";"7";"2020";"19:41";"1";"92";"92002";"1";"1";"8";"7";"AUTOROUTE A86";"48,7605185";"2,2916459"
"202000016771";"14";"7";"2020";"10:50";"1";"78";"78646";"1";"1";"1";"6";"RN12";"48,7891470";"2,1297480"
"202000016772";"14";"7";"2020";"21:50";"3";"95";"95277";"1";"4";"8";"6";"AUTOROUTE A3";"48,9746800";"2,4898400"
"202000016773";"14";"7";"2020";"06:00";"2";"93";"93053";"1";"1";"1";"6";"AUTOROUTE A86";"48,8918200";"2,4732400"
"202000016774";"4";"5";"2020";"10:35";"1";"21";"21166";"2";"1";"1";"6";"HENRI BAZIN (BOULEVARD)";"47,2950780";"5,0115939"
"202000016775";"13";"7";"2020";"13:10";"1";"988";"98818";"2";"3";"1";"3";"RUE LUCIEN HERVOUET/FERNAND FOREST";" -22,2396300";"166,4517000"
"202000016776";"13";"7";"2020";"08:30";"1";"988";"98818";"2";"1";"1";"6";"PROMENADE ROGER LAROQUE";" -22,3018600";"166,4352500"
"202000016777";"12";"7";"2020";"18:25";"3";"974";"97416";"1";"9";"1";"3";"ROND POINT DE LA BALANCE";" -21,3249900";"55,4463000"
"202000016778";"10";"7";"2020";"16:40";"1";"974";"97416";"2";"1";"1";"6";"HIPPOLYTE  PIOT (RUE)";" -21,2991000";"55,4544000"
"202000016779";"13";"7";"2020";"05:55";"4";"974";"97416";"2";"1";"1";"3";"PARADIS (LIGNE) (1)";" -21,3225900";"55,4849800"
"202000016780";"9";"7";"2020";"14:00";"1";"974";"97416";"1";"1";"1";"4";"RN03";" -21,3311700";"55,4653800"
"202000016781";"13";"7";"2020";"03:15";"3";"974";"97411";"1";"1";"1";"4";"VINH-SAN (BLD 1 DU PRINCE)";" -20,8813613";"55,4387932"
"202000016782";"10";"7";"2020";"17:00";"1";"974";"97407";"2";"1";"1";"6";"ROUTE DU SACRE COEUR";" -20,9570660";"55,3145143"
"202000016783";"13";"7";"2020";"11:10";"1";"973";"97302";"2";"1";"1";"3";"BADUEL (ROUTE DE)";"4,9283943";" -52,2935379"