"Num_Acc";"jour";"mois";"an";"hrmn";"lum";"dep";"com";"agg";"int";"atm";"col";"adr";"lat";"long"
"202000016784";"13";"7";"2020";"21:40";"5";"69";"69259";"2";"1";"1";"6";"MARTYRS DE LA RESISTANCE (DES)      (AV)";"45,6908500";"4,8701800"
"202000016785";"13";"7";"2020";"08:35";"1";"69";"69388";"2";"2";"1";"3";"BATAILLE                            (R )";"45,7368300";"4,8772400"
"202000016786";"13";"7";"2020";"09:50";"1";"69";"69389";"2";"1";"1";"6";"BARTHELEMY BUYER                    (AV)";"45,7629455";"4,8017094"
"202000016787";"13";"7";"2020";"17:40";"1";"2B";"2B033";"2";"9";"1";"4";"11 - RT";"42,3800000";"9,2600000"
"202000016788";"13";"7";"2020";"13:10";"1";"2A";"2A004";"2";"3";"7";" -1";"PERALDI NICOLAS AVENUE";"41,9353805";"8,7362823"
"202000016789";"13";"7";"2020";"08:40";"1";"95";"95427";"2";"3";"1";"6";"FRANCINE (IMPASSE)";"48,9626638";"2,3336775"
"202000016790";"10";"7";"2020";"18:39";"1";"91";"91223";"2";"3";"1";"3";"PONT PERCE (CHEMIN DU)";"48,4268200";"2,1495600"
"202000016791";"11";"7";"2020";"12:00";"1";"91";"91223";"2";"1";"1";"6";"GENERAL ROMANET (PLACE DU)";"48,4357300";"2,1616900"
"202000016792";"10";"7";"2020";"18:00";"1";"89";"89387";"1";"1";"1";"5";"D606";"48,1825100";"3,3035400"
"202000016793";"12";"7";"2020";"15:33";"1";"87";"87085";"2";"2";"1";"3";"LECLERC (AVENUE DU GENERAL)";"45,8519300";"1,2648700"
"202000016794";"11";"7";"2020";"12:05";"1";"87";"87085";"1";"1";"1";" -1";"Georges GUINGOUIN(rue)";"45,9238700";"1,3024100"
"202000016795";"11";"7";"2020";"06:15";"2";"87";"87085";"2";"2";"1";"6";"DUMAS (AVENUE GEORGES)";"45,8272100";"1,2608500"
"202000016796";"10";"7";"2020";"16:32";"1";"87";"87085";"2";"1";"1";"3";"MICHAUX (RUE PIERRE)";"45,8708300";"1,2684500"
"202000016797";"10";"7";"2020";"10:49";"1";"84";"84087";"2";"1";"1";"6";"18 JUIN 1940 (AVENUE DU)";"44,1368205";"4,8003280"
"202000016798";"12";"6";"2020";"18:25";"1";"84";"84007";"2";"2";"1";"3";"MARIETON (Boulevard Paul)";"43,9517600";"4,8254500"
"202000016799";"8";"7";"2020";"05:55";"2";"83";"83137";"2";"1";"1";"3";"TOESCA (BD PIERRE)";"43,1291800";"5,9262900"
"202000016800";"12";"7";"2020";"03:10";"5";"83";"83009";"2";"1";"1";"1";"DE GAULLE (QUAI CHARLES)";"43,1363260";"5,7573360"
"202000016801";"13";"7";"2020";"14:10";"1";"82";"82121";"2";"2";"1";"3";"CEINTURE (CHEMIN DE)";"44,0370200";"1,4224400"
"202000016802";"10";"7";"2020";"17:05";"1";"80";"80021";"2";"1";"1";"6";"VANMARCKE (RUE)";"49,8960700";"2,3036100"
"202000016803";"10";"7";"2020";"08:10";"1";"80";"80021";"2";"1";"2";"6";"DEJEAN (RUE)";"49,8907900";"2,3186500"
"202000016804";"13";"7";"2020";"16:42";"1";"78";"78123";"2";"7";"7";"6";"CEZANNE RUE PAUL";"48,9487000";"2,0355000"
"202000016805";"11";"7";"2020";"15:45";"1";"77";"77495";"1";"3";"1";"6";"D.346";"48,5575000";"2,6225000"
"202000016806";"12";"7";"2020";"12:10";"1";"77";"77013";"1";"1";"1";"7";"BAS MESNIL (LIEU DIT) - D19A1";"48,8448308";"3,1049535"
"202000016807";"7";"7";"2020";"19:38";"1";"76";"76681";"1";"1";"1";"2";"INDUSTRIEL. BOULEVARD (CD 18E)";"49,4165900";"1,1077600"
"202000016808";"11";"7";"2020";"21:55";"1";"76";"76540";"1";"1";"1";"6";"NANSEN. RUE FRIDTJOF";"49,4481100";"1,0598100"
"202000016809";"11";"7";"2020";"03:05";"5";"76";"76552";"2";"1";"1";" -1";"MAURICE TACONET";"49,5037500";"0,0808000"
"202000016810";"10";"7";"2020";"20:50";"1";"71";"71270";"2";"1";"1";"2";"LAMARTINE (QUAI)";"46,3052726";"4,8357765"
"202000016811";"11";"7";"2020";"20:25";"1";"71";"71105";"1";"2";"1";"3";"BOIS D'ALIER (CHEMIN DU)";"46,2901845";"4,7893548"
"202000016812";"13";"7";"2020";"23:25";"5";"69";"69266";"2";"2";"1";"1";"SOIE     (Rue de la)";"45,7624879";"4,9157609"
"202000016813";"13";"7";"2020";"20:00";"2";"69";"69266";"2";"1";"1";"6";"TONKIN   (Rue du)";"45,7761100";"4,8648000"
"202000016814";"13";"7";"2020";"16:00";"1";"69";"69266";"2";"2";"1";"1";"ROGER SALENGRO     (Avenue)";"45,7784100";"4,8792600"
"202000016815";"12";"7";"2020";"15:00";"1";"69";"69282";"2";"2";"7";"3";"VERDUN (DE)                         (AV)";"45,7794500";"4,9969100"
"202000016816";"12";"7";"2020";"00:10";"5";"67";"67447";"2";"3";"1";"3";"CHARME (RUE DU)";"48,6076381";"7,7216592"
"202000016817";"12";"7";"2020";"16:40";"1";"66";"66136";"2";"2";"1";"3";"CAMUS AVENUE ALBERT";"42,6903970";"2,9101110"
"202000016818";"12";"7";"2020";"06:30";"1";"66";"66136";"1";"1";"1";"6";"R D 900";"42,6809400";"2,8749700"
"202000016819";"13";"7";"2020";"15:10";"1";"64";"64335";"2";"1";"7";"3";"JEAN JAURES";"43,3168000";" -0,4273000"
"202000016820";"13";"7";"2020";"21:05";"2";"64";"64122";"2";"1";"1";"1";"PORT VIEUX (RUE- ESPLANADE-PLACE DU";"43,4814200";" -1,5687900"
"202000016821";"13";"7";"2020";"22:00";"5";"60";"60175";"2";"9";"1";" -1";"Boulevard Salvador Allende";"49,2493600";"2,4740600"
"202000016822";"11";"7";"2020";"20:40";"1";"60";"60159";"2";"1";"1";"6";"Avenue du Maréchal de Lattre de Tassigny";"49,4044700";"2,8176900"
"202000016823";"11";"7";"2020";"08:45";"1";"59";"59017";"2";"1";"1";"3";"LAGRANGE (AVENUE LEO )";"50,6947909";"2,8900618"
"202000016824";"13";"7";"2020";"10:45";"1";"56";"56107";"2";"2";"7";"6";"DE GAULLE (GENERAL)";"47,7063400";" -3,3845000"
"202000016825";"11";"7";"2020";"18:40";"1";"56";"56107";"2";"1";"1";"7";"LOCQUELTAS (RUE DE)";"47,7037900";" -3,3881730"
"202000016826";"10";"7";"2020";"19:05";"1";"56";"56036";"1";"1";"1";"4";"RN 165";"47,7753500";" -3,3654600"
"202000016827";"9";"7";"2020";"07:03";"2";"54";"54254";"1";"1";"1";"6";"MOULIN (RUE DU)";"49,5012000";"5,8166600"
"202000016828";"12";"7";"2020";"20:15";"1";"51";"51454";"2";"1";"1";"1";"Place Mozart";"49,2387211";"4,0212570"
"202000016829";"10";"7";"2020";"20:00";"1";"51";"51108";"2";"3";"1";"1";"Avenue du Général Sarrail";"48,9679947";"4,3635950"
"202000016830";"12";"7";"2020";"03:00";"5";"50";"50602";"2";"4";"1";"6";"BECQUEREL (RUE HNERI)";"49,6475390";" -1,5847700"
"202000016831";"10";"7";"2020";"09:45";"1";"49";"49328";"2";"1";"2";"7";"FOUCHARD (RUE DU PONT)";"47,2436000";" -0,0969200"
"202000016832";"10";"7";"2020";"20:30";"1";"49";"49007";"2";"1";"1";"3";"MONPLAISIR BOULEVARD";"47,4891200";" -0,5192600"
"202000016833";"13";"7";"2020";"17:33";"1";"45";"45234";"2";"1";"1";"4";"Avenue des Droits de l’Homme";"47,9239243";"1,9392871"
"202000016834";"13";"7";"2020";"14:50";"1";"45";"45302";"2";"1";"1";"3";"D2020 PR 22 + 500";"47,9596266";"1,8897631"
"202000016835";"13";"7";"2020";"08:30";"1";"45";"45284";"2";"6";"1";"7";"Avenue Louis-Joseph Soulas";"47,9081700";"1,9684600"
"202000016836";"12";"7";"2020";"02:00";"5";"34";"34172";"2";"2";"1";"3";"LIBERTE (AVENUE DE LA";"43,6113680";"3,8287000"
"202000016837";"13";"7";"2020";"07:15";"1";"34";"34148";"1";"1";"1";"5";"ROUTE DEPARTEMENTALE 612";"43,3614300";"3,1765800"
"202000016838";"12";"7";"2020";"13:00";"1";"34";"34003";"1";"3";"1";"5";"NEUF AGDE-LA TAMARISSIERE (L6 A G10";"43,3034200";"3,4554500"
"202000016839";"14";"7";"2020";"01:40";"5";"33";"33075";"2";"3";"1";"3";"AVE CHARLES DE GAULLE / AVE DE TERREFORT";"44,8881400";" -0,6104200"
"202000016840";"13";"7";"2020";"06:55";"1";"33";"33281";"2";"6";"7";"3";"AVE DE MAGUDAS / AVE DE LA LIBERATION";"44,8561610";" -0,6438900"
"202000016841";"13";"7";"2020";"08:35";"1";"33";"33162";"2";"3";"1";"3";"AVE DE L'HIPPODROME / RUE MARGUERITE DURAS";"44,8630200";" -0,6396500"
"202000016842";"11";"7";"2020";"22:20";"5";"31";"31555";"2";"1";"1";"6";"URSS (AV DE L) DU 1AU 73";"43,5843700";"1,4477700"
"202000016843";"10";"7";"2020";"18:00";"1";"31";"31555";"2";"1";"1";"6";"ALL FREDERIC MISTRAL";"43,5940100";"1,4531100"
"202000016844";"10";"7";"2020";"16:30";"1";"31";"31555";"2";"1";"1";"3";"131 Route d'Albi";"43,6361300";"1,4640700"
"202000016845";"13";"7";"2020";"14:35";"1";"30";"30189";"2";"1";"1";"6";"SAUVE (ROUTE)";"43,8375200";"4,3280600"
"202000016846";"11";"7";"2020";"22:20";"5";"30";"30189";"2";"1";"1";"2";"HUGO VICTOR (BOULEVARD)";"43,8354100";"4,3583400"
"202000016847";"9";"7";"2020";"15:43";"1";"22";"22106";"2";"1";"1";"6";"MADIERES (RUE DES)";"48,4909800";" -2,6994800"
"202000016848";"13";"7";"2020";"15:37";"1";"17";"17274";"2";"2";"1";"3";"PERE   RUE DU";"46,1530400";" -1,0865600"
"202000016849";"13";"7";"2020";"20:40";"1";"14";"14118";"2";"4";"1";"3";"DELIVRANDE (RUE DE LA)";"49,1896700";" -0,3592600"
"202000016850";"13";"7";"2020";"20:50";"1";"13";"13214";"2";"1";"1";"1";"LA STATION (CHEMIN DU)";"43,3319200";"5,3881800"
"202000016851";"13";"7";"2020";"14:40";"1";"13";"13212";"2";"1";"1";"6";"CAILLOLS (AVENUE DES)";"43,3032000";"5,4282000"
"202000016852";"13";"7";"2020";"00:15";"5";"13";"13210";"2";"6";"1";"3";"MAURIAC (RUE)";"43,2725880";"5,4210000"
"202000016853";"12";"7";"2020";"14:05";"1";"12";"12145";"2";"3";"1";"3";"DELMAS ETIENNE";"44,1032900";"3,0848200"
"202000016854";"13";"7";"2020";"20:11";"1";"10";"10387";"2";"1";"1";"3";"MAROTS (RUE DES)";"48,3067600";"4,0482600"
"202000016855";"11";"7";"2020";"18:42";"1";"10";"10387";"2";"2";"1";"3";"PAIX (RUE DE LA)";"48,3066260";"4,0648660"
"202000016856";"13";"7";"2020";"10:50";"1";"06";"06088";"2";"9";"8";"3";"ARSON (RUE)";"43,7008300";"7,2868300"
"202000016857";"13";"2";"2020";"10:50";"1";"06";"06088";"2";"2";"8";"3";"Rue Arson";"43,7008300";"7,2868300"
"202000016858";"10";"7";"2020";"22:10";"5";"06";"06027";"2";"1";"1";"3";"VAL FLEURI CHEMIN DU";"43,6654100";"7,1704300"
"202000016859";"11";"7";"2020";"07:25";"1";"04";"04070";"2";"3";"1";"3";"Chemin du Touer";"44,0705800";"6,2054700"
"202000016860";"11";"7";"2020";"21:10";"2";"75";"75116";"2";"1";"1";" -1";"BOULEVARD PERIPHERIQUE";"48,8697840";"2,2716840"
"202000016861";"13";"7";"2020";"10:00";"1";"75";"75120";"2";"2";"1";"2";"RUE D AVRON";"48,8518580";"2,4013710"
"202000016862";"13";"7";"2020";"15:00";"1";"75";"75116";"2";"3";"1";"6";"BOULEVARD SUCHET";"48,8505340";"2,2602780"
"202000016863";"12";"7";"2020";"23:39";"5";"75";"75116";"2";"1";"1";"7";"AVENUE DE LA PORTE D AUTEUIL";"48,8480170";"2,2473120"
"202000016864";"12";"7";"2020";"12:30";"1";"75";"75115";"2";"1";"1";"3";"BOULEVARD PASTEUR";"48,8400890";"2,3154620"
"202000016865";"13";"7";"2020";"10:00";"1";"75";"75105";"2";"4";"1";"2";"BOULEVARD DE L HOPITAL";"48,8423220";"2,3635420"
"202000016866";"13";"7";"2020";"19:55";"1";"75";"75112";"2";"1";"1";"3";"QUAI DE LA RAPEE";"48,8441260";"2,3689070"
"202000016867";"13";"7";"2020";"16:00";"1";"75";"75112";"2";"7";"1";"3";"PLACE FELIX EBOUE";"48,8397940";"2,3956060"
"202000016868";"13";"7";"2020";"19:33";"1";"75";"75107";"2";"2";"1";"2";"QUAI D ORSAY";"48,8622940";"2,3019610"
"202000016869";"13";"7";"2020";"13:10";"1";"75";"75107";"2";"1";"1";"6";"PORT DES INVALIDES";"48,8631270";"2,3137240"
"202000016870";"13";"7";"2020";"02:30";"5";"75";"75103";"2";"2";"1";"7";"RUE CHARLOT";"48,8628830";"2,3625580"
"202000016871";"13";"7";"2020";"20:00";"1";"75";"75104";"2";"2";"1";"3";"QUAI DES CELESTINS";"48,8533190";"2,3578170"
"202000016872";"13";"7";"2020";"19:25";"1";"94";"94081";"2";"3";"1";"3";"EDOUARD TREMBLAY (R)";"48,7816280";"2,3727060"
"202000016873";"11";"7";"2020";"02:50";"5";"94";"94081";"2";"3";"1";" -1";"ANSELME RONDENAY (R)";"48,7783180";"2,3967370"
"202000016874";"13";"7";"2020";"10:00";"1";"94";"94080";"2";"1";"7";"3";"FONTENAY (R DE)";"48,8480700";"2,4399700"
"202000016875";"13";"7";"2020";"17:20";"1";"94";"94037";"2";"3";"1";"3";"PAUL VAILLANT COUTURIER (AV)";"48,8164790";"2,3386610"
"202000016876";"11";"7";"2020";"06:05";"1";"94";"94022";"2";"1";"1";" -1";"JULES FERRY (R)";"48,7605010";"2,4124020"
"202000016877";"13";"7";"2020";"22:25";"5";"93";"93064";"2";"1";"1";"3";"BOISSIERE (BOULEVARD DE LA)";"48,8750649";"2,4692871"
"202000016878";"13";"7";"2020";"12:00";"1";"93";"93046";"2";"1";"1";"2";"AV ARISTIDE BRIAND";"48,9146500";"2,5274600"
"202000016879";"12";"7";"2020";"10:20";"1";"93";"93074";"2";"1";"1";"6";"BARBUSSE RUE HENRI";"48,9319100";"2,5759700"
"202000016880";"12";"7";"2020";"23:10";"5";"93";"93031";"2";"4";"1";"3";"DE LATTRE DE TASSIGNY (1 A 51)";"48,9597000";"2,3051600"
"202000016881";"13";"7";"2020";"11:55";"1";"92";"92050";"2";"6";"1";"2";"BOULE PLACE DE LA";"48,8872233";"2,2007051"
"202000016882";"13";"7";"2020";"17:50";"1";"92";"92044";"2";"1";"1";"3";"VIC. HUGO(RUE)001A067 ET002A078";"48,8929209";"2,3002195"
"202000016883";"13";"7";"2020";"18:25";"1";"92";"92025";"2";"3";"1";"2";"ESTIENNE D'ORVES (RUE)";"48,9099947";"2,2334026"
"202000016884";"13";"7";"2020";"04:03";"5";"92";"92012";"2";"1";"1";"6";"ALFRED LAURANT (RUE)";"48,8445600";"2,2352700"
"202000016885";"13";"7";"2020";"13:50";"2";"92";"92009";"2";"1";"1";"6";"ESTIENNE D'ORVES ( RUE D' )";"48,9155047";"2,2713831"
"202000016886";"10";"7";"2020";"07:50";"2";"92";"92004";"2";"3";"1";"3";"AULAGNIER ( QUAI )";"48,9174420";"2,3198969"
"202000016887";"13";"7";"2020";"20:30";"1";"49";"49244";"1";"1";"1";"6";"Maison Neuve (Botz-en-Mauges)";"47,3011880";" -0,9857390"
"202000016888";"14";"7";"2020";"09:30";"1";"24";"24165";"1";"3";"1";"1";"intersection D730-d40";"45,0927850";"0,1075570"
"202000016889";"13";"7";"2020";"21:40";"5";"973";"97353";"2";"9";"1";"7";"rue lucien vochel";"3,6442841";" -54,0330690"
"202000016890";"14";"7";"2020";"09:45";"1";"49";"49092";"1";"3";"1";"3";"Ruisseau des Girauderies";"47,2104490";" -0,6889072"
"202000016891";"13";"7";"2020";"14:20";"1";"49";"49192";"2";"2";"1";"2";"20 rue Saint Louis";"47,0125590";" -0,7412610"
"202000016892";"13";"7";"2020";"17:00";"1";"74";"74238";"2";"4";"1";"3";"49 Route de sous Saint-jean";"46,2300640";"6,6581470"
"202000016893";"14";"7";"2020";"12:30";"1";"81";"81139";"1";"3";"1";"3";"D83";"43,6894040";"2,1473010"
"202000016894";"14";"7";"2020";"08:00";"1";"63";"63326";"2";"1";"1";"6";"D216";"45,7160144";"2,8633693"
"202000016895";"13";"7";"2020";"13:10";"1";"63";"63108";"1";"1";"1";"3";"PK 14+100";"45,9526160";"3,1666005"
"202000016896";"13";"7";"2020";"21:40";"1";"28";"28403";"1";"1";"1";"6";"D127";"48,3950670";"1,4756230"
"202000016897";"14";"7";"2020";"11:05";"1";"71";"71384";"1";"1";"1";"2";"A6";"46,6928850";"4,8427900"
"202000016898";"13";"7";"2020";"18:10";"1";"51";"51544";"1";"2";"7";"3";"Rue de Tahure";"49,2463978";"4,5602391"
"202000016899";"14";"7";"2020";"16:45";"1";"79";"79136";"1";"1";"1";"5";"N/A";"46,1726980";" -0,0016740"
"202000016900";"13";"7";"2020";"18:30";"5";"974";"97413";"2";"1";"1";"6";"112 Rue du General Lambert";" -21,1695010";"55,2880420"
"202000016901";"13";"7";"2020";"14:15";"1";"56";"56234";"2";"2";"1";"3";"30 Avenue du Lizeau";"47,5293720";" -3,1342900"
"202000016902";"13";"7";"2020";"12:02";"1";"59";"59130";"1";"1";"1";"7";"départementale 46 cappelle brouck";"50,8839490";"2,2385070"
"202000016903";"13";"7";"2020";"09:20";"1";"74";"74256";"2";"1";"1";"3";"390 Route de Passy";"45,9364210";"6,6467380"
"202000016904";"8";"7";"2020";"10:30";"1";"74";"74259";"1";"9";"1";"7";"D15";"46,0845060";"6,1657980"
"202000016905";"14";"7";"2020";"17:54";"1";"77";"77137";"1";"1";"8";"7";"D204";"48,7226663";"3,2935501"
"202000016906";"14";"7";"2020";"11:32";"1";"76";"76655";"2";"1";"2";"7";"Rue Max Leclerc";"49,8702760";"0,7084790"
"202000016907";"14";"7";"2020";"07:10";"1";"2B";"2B346";"2";"9";"1";"3";"58 Arena";"42,5004410";"9,4658960"
"202000016908";"14";"7";"2020";"01:20";"3";"2B";"2B305";"2";"1";"1";"6";"Grisgione";"42,7262070";"9,4584920"
"202000016909";"14";"7";"2020";"13:24";"1";"80";"80507";"2";"1";"8";"6";"32 Rue de la Gare";"49,8526460";"2,5819640"
"202000016910";"14";"7";"2020";"07:45";"1";"65";"65409";"1";"1";"1";"6";"DÉPARTEMENTALE D934";"43,3865830";"0,1231620"
"202000016911";"13";"7";"2020";"20:45";"2";"81";"81124";"1";"4";"1";"6";"Pic de Montalet";"43,6821961";"2,7355405"
"202000016912";"8";"7";"2020";"19:50";"1";"32";"32252";"1";"1";"1";"7";"N21";"43,4583160";"0,3192960"
"202000016913";"13";"7";"2020";"18:40";"2";"12";"12299";"1";"1";"1";"7";"D666";"44,1006070";"2,6997080"
"202000016914";"14";"7";"2020";"03:15";"3";"68";"68222";"1";"1";"1";"6";"RD 463 PK 23,100";"47,5481460";"7,4163830"
"202000016915";"14";"7";"2020";"12:35";"1";"39";"39576";"1";"1";"1";"7";"Bonnaud";"46,6134760";"5,4365770"
"202000016916";"14";"7";"2020";"15:20";"1";"44";"44133";"1";"3";"1";"3";"Rd 751 lieu dit La Lande";"47,1342280";" -1,7666530"
"202000016917";"12";"7";"2020";"16:05";"1";"44";"44015";"1";"1";"1";"6";"D33";"47,4797260";" -1,7152080"
"202000016918";"13";"7";"2020";"04:50";"3";"44";"44115";"1";"1";"1";"2";"RD723";"47,3599320";" -1,3071640"
"202000016919";"13";"7";"2020";"15:30";"1";"29";"29037";"1";"6";"1";"3";"Ty Robin";"47,9092770";" -4,1930220"
"202000016920";"13";"7";"2020";"09:25";"1";"38";"38189";"1";"9";"1";"3";"D518z";"45,6395100";"5,0474000"
"202000016921";"13";"7";"2020";"19:00";"1";"02";"02681";"1";"1";"1";"3";"Rue des Lanneux du Gard";"49,8134980";"3,8443570"
"202000016922";"14";"7";"2020";"17:50";"1";"02";"02345";"1";"1";"8";"2";"D1";"49,7304710";"3,2751920"
"202000016923";"13";"7";"2020";"08:45";"1";"03";"03292";"1";"1";"1";"7";"N/A";"46,4399643";"3,0966538"
"202000016924";"13";"7";"2020";"21:00";"1";"70";"70454";"1";"1";"1";"7";"Rue Vers Cemboing";"47,8375920";"5,8136720"
"202000016925";"14";"7";"2020";"16:44";"1";"72";"72080";"1";"1";"1";"7";"D98";"48,1560090";"0,6678490"
"202000016926";"11";"7";"2020";"15:05";"1";"06";"06077";"1";"1";"7";"6";"D73";"43,9317420";"7,3179320"
"202000016927";"7";"7";"2020";"17:55";"1";"06";"06148";"2";"9";"1";"3";"Route de l'Ancienne Gare";"43,7104940";"7,0538560"
"202000016928";"14";"7";"2020";"15:10";"1";"14";"14431";"1";"1";"1";"6";"D47";"49,0780480";" -0,0490090"
"202000016929";"13";"7";"2020";"14:30";"1";"14";"14735";"1";"3";"1";"3";"D40";"49,0340170";" -0,0651400"
"202000016930";"12";"7";"2020";"16:40";"1";"14";"14578";"1";"2";"1";"5";"D288";"49,3554160";"0,1708360"
"202000016931";"13";"7";"2020";"16:55";"1";"50";"50304";"1";"3";"1";"1";"départementale 7, la Perelle";"48,9489710";" -1,3906930"
"202000016932";"14";"7";"2020";"05:50";"2";"50";"50562";"2";"1";"2";"6";"Rue Triquet";"49,5881140";" -1,2675150"
"202000016933";"13";"7";"2020";"14:45";"1";"83";"83025";"1";"1";"1";"3";"D560";"43,5259620";"5,9614990"
"202000016934";"13";"7";"2020";"08:48";"1";"60";"60017";"1";"1";"1";"6";"D94";"49,5766610";"2,3925300"
"202000016935";"14";"7";"2020";"18:15";"1";"73";"73282";"2";"1";"1";"6";"D1006";"45,5006421";"5,8433119"
"202000016936";"24";"2";"2020";"19:00";"5";"69";"69388";"2";"1";"1";"6";"Boulevard des Etats-Unis";"45,7252491";"4,8706666"
"202000016937";"24";"2";"2020";"16:40";"1";"69";"69383";"2";"2";"1";"6";"SERVIENT                            (R )";"45,7604700";"4,8488400"
"202000016938";"24";"2";"2020";"18:00";"1";"69";"69259";"2";"2";"1";"2";"FELIX BRUN                          (R )";"45,7020000";"4,8917000"
"202000016939";"24";"2";"2020";"13:40";"1";"69";"69276";"2";"3";"1";"2";"JEAN JAURES                             ";"45,6725100";"4,8484100"
"202000016940";"24";"2";"2020";"13:50";"1";"69";"69383";"2";"1";"1";"6";"GENERAL MOUTON DUVERNET (DU)        (R )";"45,7554000";"4,8620200"
"202000016941";"24";"2";"2020";"12:30";"1";"69";"69259";"2";"2";"1";"5";"PROFESSEUR ROUX (DU)                (R )";"45,7194000";"4,8592000"
"202000016942";"23";"2";"2020";"23:30";"3";"972";"97209";"1";"1";"1";"6";"RD 41 (ROCADE)";"14,6145800";" -61,0627700"
"202000016943";"1";"1";"2020";"08:48";"1";"972";"97209";"2";"1";"1";"6";"GLACIERE (RUE DE LA)";"14,6095156";" -61,0545498"
"202000016944";"24";"2";"2020";"16:45";"1";"69";"69034";"2";"3";"1";"3";"GEORGES CLEMENCEAU                  (QU)";"45,7921400";"4,8242500"
"202000016945";"24";"2";"2020";"17:25";"1";"69";"69381";"2";"1";"1";"6";"ST VINCENT                          (QU)";"45,7683800";"4,8155000"
"202000016946";"23";"2";"2020";"03:30";"5";"69";"69202";"2";"1";"1";"7";"MARECHAL FOCH (DU)                  (AV)";"45,7403200";"4,8050700"
"202000016947";"29";"1";"2020";"18:15";"5";"69";"69149";"2";"3";"1";"3";"GRANDE RUE                          (GR)";"45,7179500";"4,8100300"
"202000016948";"24";"2";"2020";"19:15";"2";"2A";"2A004";"2";"6";"1";"3";"MEZZAVIA ROUTE DE";"41,9499550";"8,7715580"
"202000016949";"24";"2";"2020";"17:00";"1";"95";"95018";"2";"1";"1";"6";"DIXMUDE (RUE DE)";"48,9557200";"2,2415000"
"202000016950";"24";"2";"2020";"09:35";"1";"91";"91339";"2";"3";"1";"2";"RN 20";"48,6170000";"2,2569800"
"202000016951";"22";"2";"2020";"00:45";"3";"91";"91552";"2";"1";"1";"2";"RN 20";"48,6121600";"2,2539500"
"202000016952";"24";"2";"2020";"08:52";"1";"90";"90032";"2";"6";"1";"3";"ANCIEN PONT (RUE DE L')";"47,6182420";"6,8518780"
"202000016953";"21";"2";"2020";"07:35";"2";"87";"87085";"2";"3";"1";"3";"BRIAND (RUE ARISTIDE)";"45,8424300";"1,2719400"
"202000016954";"22";"2";"2020";"20:24";"5";"87";"87085";"2";"2";"1";"6";"DE GAULLE (AVENUE DU GENERAL)";"45,8324800";"1,2646200"
"202000016955";"21";"2";"2020";"22:15";"5";"87";"87085";"2";"2";"1";" -1";"TOURNY (CARREFOUR)";"45,8317900";"1,2624600"
"202000016956";"24";"2";"2020";"17:26";"1";"86";"86041";"2";"1";"1";"2";"Avenue de la Liberté";"46,6087900";"0,3635400"
"202000016957";"22";"2";"2020";"21:27";"3";"86";"86157";"1";"1";"1";"2";"Route de Chauvigny";"46,5632348";"0,4113168"
"202000016958";"21";"2";"2020";"08:10";"2";"79";"79191";"2";"9";"1";"3";"Rue du Maréchal Leclerc";"46,3364400";" -0,4508200"
"202000016959";"21";"2";"2020";"17:50";"1";"78";"78362";"2";"1";"1";"3";"ROUTE DE SAINT GERMAIN";"48,9778000";"1,7238100"
"202000016960";"22";"2";"2020";"17:50";"3";"77";"77053";"1";"1";"2";" -1";"D. 50";"48,6912406";"2,6072020"
"202000016961";"23";"2";"2020";"08:00";"1";"77";"77449";"2";"1";"1";"6";"PAUL SERAMY ( AVENUE )";"48,8593000";"2,7951700"
"202000016962";"23";"2";"2020";"08:09";"2";"76";"76351";"2";"1";"2";"6";"HUBERT LATHAM";"49,5306300";"0,0965700"
"202000016963";"24";"2";"2020";"11:05";"1";"69";"69256";"2";"2";"1";"3";"GARIBALDI                           (AV)";"45,7674400";"4,9342500"
"202000016964";"21";"2";"2020";"22:30";"5";"69";"69091";"2";"3";"1";"3";"VICTOR HUGO ( R )";"45,5872400";"4,7712800"
"202000016965";"22";"2";"2020";"11:30";"1";"67";"67482";"2";"1";"1";"4";"MEINAU (ROUTE DE LA)";"48,5532166";"7,7467913"
"202000016966";"23";"2";"2020";"19:35";"5";"66";"66136";"2";"1";"1";"4";"ARGELES SUR MER AVENUE D'";"42,6811000";"2,9106000"
"202000016967";"21";"2";"2020";"17:50";"1";"66";"66136";"2";"1";"1";"6";"GAULLE (AVENUE GENERAL DE)";"42,6980600";"2,8867300"
"202000016968";"22";"2";"2020";"14:20";"1";"66";"66136";"2";"1";"1";"6";"CLEMENCEAU (BOULEVARD)";"42,6992200";"2,8885300"
"202000016969";"24";"2";"2020";"07:45";"1";"64";"64445";"2";"4";"5";"3";"HAUTERIVE";"43,3248300";" -0,3574500"
"202000016970";"21";"2";"2020";"11:45";"1";"64";"64348";"2";"9";"1";"6";"BLERIOT";"43,3346300";" -0,3932600"
"202000016971";"13";"2";"2020";"17:00";"1";"62";"62895";"2";"3";"8";"6";"DOLET (R ETIENNE)";"50,4945040";"2,8588590"
"202000016972";"21";"2";"2020";"13:00";"1";"59";"59028";"2";"1";"1";"6";"GAMBETTA (RUE LEON)";"50,4125100";"3,0508900"
"202000016973";"21";"2";"2020";"17:30";"1";"56";"56036";"1";"1";"1";"4";"RN 165";"47,7881200";" -3,3275400"
"202000016974";"22";"2";"2020";"19:27";"1";"54";"54395";"2";"1";"1";"6";"POINCARE (RUE RAYMOND 1-29-2-30)";"48,6900250";"6,1717636"
"202000016975";"22";"2";"2020";"21:35";"5";"54";"54304";"2";"2";"1";"3";"MAREVILLE (CHEMIN ET RUE DE)";"48,6793653";"6,1426717"