"Num_Acc";"jour";"mois";"an";"hrmn";"lum";"dep";"com";"agg";"int";"atm";"col";"adr";"lat";"long"
"202000016976";"23";"2";"2020";"20:20";"5";"54";"54395";"2";"3";"2";"3";"VINGT SIXIEME R.I. (BOULEVARD DU 2 A 44)";"48,6988141";"6,1877865"
"202000016977";"22";"2";"2020";"08:44";"1";"54";"54257";"2";"1";"1";"6";"GRANDE RUE";"48,6527000";"6,1919000"
"202000016978";"20";"2";"2020";"18:50";"2";"54";"54395";"2";"2";"1";"6";"VERDUN (rue de)";"48,6972633";"6,1704379"
"202000016979";"18";"2";"2020";"12:15";"1";"54";"54395";"2";"1";"1";"6";"DOMBASLE (PLACE)";"48,6919732";"6,1782841"
"202000016980";"21";"2";"2020";"19:10";"1";"54";"54382";"2";"2";"1";"3";"METZ (BOULEVARD DE)";"49,5513000";"5,7855960"
"202000016981";"22";"2";"2020";"13:55";"1";"50";"50129";"2";"1";"1";" -1";"VAL DE SAIRE (RUE DU)";"49,6384400";" -1,6106800"
"202000016982";"28";"1";"2020";"19:00";"2";"44";"44184";"2";"1";"1";"7";"Avenue René Coty";"47,2742000";" -2,2024000"
"202000016983";"24";"2";"2020";"07:30";"1";"44";"44162";"2";"1";"2";"6";"Rue Océane";"47,2272400";" -1,6348400"
"202000016984";"24";"2";"2020";"16:55";"1";"42";"42071";"2";"9";"7";"6";"Avenue de la Libération";"46,0287900";"4,0842800"
"202000016985";"24";"2";"2020";"16:52";"1";"37";"37122";"2";"1";"1";"3";"EIFFEL (RUE GUSTAVE)";"47,3570444";"0,6530718"
"202000016986";"24";"2";"2020";"07:30";"2";"35";"35238";"1";"1";"8";"2";"PORTE ALMA";"48,0815760";" -1,6766960"
"202000016987";"24";"2";"2020";"08:30";"1";"34";"34172";"2";"1";"1";"4";"MOULINS (AVENUE DES";"43,6284300";"3,8410500"
"202000016988";"7";"2";"2020";"17:20";"1";"33";"33063";"2";"3";"1";"1";"AVE DU MAL DE LATTRE DE TASSIGNY CAUD / RUE FALQUET";"44,8555900";" -0,6150700"
"202000016989";"4";"2";"2020";"12:20";"1";"33";"33063";"2";"1";"1";"1";"Boulevard GEORGE V";"44,8241800";" -0,5873200"
"202000016990";"24";"2";"2020";"04:00";"4";"33";"33281";"2";"1";"1";"6";"34 AVE DES EYQUEMS";"44,8271500";" -0,6172000"
"202000016991";"18";"2";"2020";"15:10";"1";"33";"33063";"2";"1";"1";"6";"QUAI DE BACALAN";"44,8581100";" -0,5581000"
"202000016992";"24";"2";"2020";"18:35";"5";"33";"33529";"2";"6";"1";"3";"D112 / R.Jean De Grailly - VT vient de l'avenue Bisserié";"44,6267200";" -1,1415500"
"202000016993";"23";"2";"2020";"17:15";"1";"31";"31555";"2";"1";"1";"2";"35 Boulevard de Thibaud";"43,5482800";"1,3998100"
"202000016994";"22";"2";"2020";"12:39";"1";"31";"31555";"2";"1";"1";"2";"BD LASCROSSES";"43,6106500";"1,4361700"
"202000016995";"9";"2";"2020";"19:40";"5";"29";"29019";"2";"6";"1";"6";" Rue Anatole France";"48,3816500";" -4,5269300"
"202000016996";"22";"2";"2020";"08:30";"1";"22";"22278";"2";"3";"1";"1";"LE FLEM (PAUL)";"48,5067400";" -2,7689400"
"202000016997";"3";"2";"2020";"14:30";"1";"22";"22278";"2";"1";"1";"7";"ARAGO (BD)";"48,5174666";" -2,7706254"
"202000016998";"21";"2";"2020";"18:20";"2";"19";"19031";"2";"2";"1";"3";"DE MUSSET (AVENUE ALFRED)";"45,1622690";"1,5267270"
"202000016999";"21";"2";"2020";"16:40";"1";"18";"18033";"2";"1";"1";"4";"RN 142";"47,0714570";"2,4361890"
"202000017000";"18";"2";"2020";"18:52";"5";"15";"15014";"2";"2";"1";"3";"PLOMB DU CANTAL (AVENUE DU)";"44,9122600";"2,4368200"
"202000017001";"24";"2";"2020";"13:10";"1";"14";"14557";"2";"1";"1";"6";"AVENUE MICHEL D'ORNANO";"49,3387400";"0,0918400"
"202000017002";"23";"2";"2020";"04:30";"3";"13";"13103";"1";"1";"1";"7";"RTE D' EYGUIERES-RD 17";"43,6507510";"5,0908770"
"202000017003";"24";"2";"2020";"16:20";"1";"13";"13214";"2";"1";"1";"1";"SAINTE MARTHE (chemin)";"43,3208000";"5,3901000"
"202000017004";"24";"2";"2020";"22:35";"3";"13";"13098";"2";"1";"1";"6";"D.51";"43,4497769";"5,0165263"
"202000017005";"24";"2";"2020";"08:05";"1";"12";"12202";"2";"2";"1";"1";"DE LATTRE DE TASSIGNY (BOULEVARD)";"44,3484500";"2,5666400"
"202000017006";"20";"2";"2020";"17:05";"1";"11";"11262";"2";"3";"1";"3";"DELAGE (RUE LOUIS)";"43,1632200";"2,9849100"
"202000017007";"7";"2";"2020";"10:55";"1";"11";"11069";"1";"3";"1";"6";"CAVAYERE -ROUTE DE LA -";"43,1899120";"2,3986290"
"202000017008";"24";"2";"2020";"08:05";"1";"09";"09225";"1";"1";"1";"7";"BELPECH ROUTE DE";"43,1316900";"1,6664500"
"202000017009";"21";"2";"2020";"19:25";"5";"05";"05061";"2";"4";"1";"2";"FUSILLES ( RUE DES )";"44,5464547";"6,0646468"
"202000017010";"22";"2";"2020";"11:30";"1";"05";"05061";"2";"1";"1";"2";"EMILE DIDIER ( AV )";"44,5664304";"6,0947460"
"202000017011";"21";"2";"2020";"19:00";"3";"05";"05061";"1";"1";"1";"1";"D994";"44,5481200";"6,0376600"
"202000017012";"24";"2";"2020";"04:40";"3";"75";"75117";"2";"1";"2";"7";"ECHANGEUR MAILLOT";"48,8789070";"2,2801710"
"202000017013";"23";"2";"2020";"07:20";"2";"75";"75117";"2";"2";"1";"3";"AVENUE DE LA GRANDE ARMEE";"48,8763230";"2,2872530"
"202000017014";"22";"2";"2020";"16:15";"1";"75";"75118";"2";"1";"1";"3";"PORTE DE LA CHAPELLE";"48,9010490";"2,3591690"
"202000017015";"23";"2";"2020";"21:15";"5";"75";"75119";"2";"7";"2";"3";"PLACE AUGUSTE BARON";"48,9009420";"2,3873730"
"202000017016";"24";"2";"2020";"17:20";"1";"75";"75118";"2";"3";"1";"6";"RUE DE CLIGNANCOURT";"48,8838030";"2,3470400"
"202000017017";"24";"2";"2020";"15:45";"1";"75";"75116";"2";"1";"1";"3";"BOULEVARD DELESSERT";"48,8588590";"2,2861600"
"202000017018";"24";"2";"2020";"10:55";"1";"75";"75116";"2";"7";"1";"3";"PLACE D IENA";"48,8646920";"2,2941430"
"202000017019";"23";"2";"2020";"12:40";"1";"75";"75116";"2";"1";"1";"6";"AVENUE FERDINAND BUISSON";"48,8377210";"2,2528420"
"202000017020";"24";"2";"2020";"07:25";"2";"75";"75116";"2";"3";"1";"6";"RUE D AUTEUIL";"48,8480630";"2,2636810"
"202000017021";"23";"2";"2020";"16:40";"1";"75";"75115";"2";"7";"8";"2";"PLACE DU MOULIN DE JAVEL";"48,8402260";"2,2719900"
"202000017022";"24";"2";"2020";"19:05";"5";"75";"75113";"2";"3";"1";"3";"RUE DE SAINTE HELENE";"48,8191780";"2,3528780"
"202000017023";"23";"2";"2020";"15:30";"1";"75";"75112";"2";"1";"1";"6";"RUE LACUEE";"48,8491640";"2,3705540"
"202000017024";"24";"2";"2020";"19:08";"2";"75";"75111";"2";"1";"1";"6";"BOULEVARD VOLTAIRE";"48,8645630";"2,3687790"
"202000017025";"24";"2";"2020";"19:50";"5";"75";"75111";"2";"1";"1";" -1";"BOULEVARD VOLTAIRE";"48,8545440";"2,3855950"
"202000017026";"24";"2";"2020";"15:55";"1";"75";"75111";"2";"2";"8";"5";"BOULEVARD VOLTAIRE";"48,8651880";"2,3677320"
"202000017027";"24";"2";"2020";"13:45";"1";"75";"75111";"2";"2";"8";"6";"RUE DU CHEMIN VERT";"48,8603070";"2,3786620"
"202000017028";"24";"2";"2020";"18:00";"1";"75";"75101";"2";"7";"1";"6";"PLACE DU CARROUSEL";"48,8611850";"2,3338380"
"202000017029";"23";"2";"2020";"21:20";"3";"94";"94078";"2";"1";"2";"4";"L'APPEL DU DIX-HUIT JUIN 1940 (AV DE)";"48,7586740";"2,4432930"
"202000017030";"24";"2";"2020";"04:30";"1";"94";"94016";"2";"2";"2";"7";"MARCEL BONNET (R)";"48,7961880";"2,3289730"
"202000017031";"23";"2";"2020";"03:05";"5";"94";"94028";"2";"1";"1";"7";"FOCH(AVENUE DU MARECHAL)";"48,7814700";"2,4373400"
"202000017032";"24";"2";"2020";"00:45";"5";"94";"94017";"2";"1";"8";"6";"REPUBLIQUE (AV DE LA)";"48,8178500";"2,5116600"
"202000017033";"23";"2";"2020";"20:05";"5";"94";"94071";"2";"3";"2";"3";"GENERAL LECLERC (R DU)";"48,7756000";"2,5111500"
"202000017034";"24";"2";"2020";"15:00";"1";"93";"93073";"1";"1";"1";"7";"ROISSY (ROUTE DE)";"48,9826389";"2,5551107"
"202000017035";"24";"2";"2020";"09:20";"1";"93";"93073";"1";"1";"8";"7";"Rue du Chapitre";"49,0034240";"2,5368129"
"202000017036";"24";"2";"2020";"05:50";"5";"93";"93051";"2";"1";"2";"3";"LEVANT (BD)";"48,8372300";"2,5477000"
"202000017037";"23";"2";"2020";"21:45";"5";"93";"93051";"2";"2";"2";"3";"GENERAL DE GAULLE (AVENUE)";"48,8467900";"2,5586000"
"202000017038";"24";"2";"2020";"18:15";"2";"93";"93010";"2";"9";"1";"6";"REPUBLIQUE (CO. DE LA) 1 A 35";"48,9006000";"2,4796000"
"202000017039";"24";"2";"2020";"17:19";"1";"93";"93008";"2";"2";"1";"3";"GRANDE DENISE (RUE DE LA)";"48,9126700";"2,4685900"
"202000017040";"24";"2";"2020";"07:45";"2";"92";"92062";"2";"1";"1";"3";"DE DION BOUTON (QUAI) DU 29 AU 65";"48,8737900";"2,2363700"
"202000017041";"23";"2";"2020";"05:15";"5";"92";"92050";"2";"1";"1";"7";"FRACHON BENOIT AVENUE";"48,8938030";"2,1887310"
"202000017042";"24";"2";"2020";"09:30";"1";"92";"92004";"2";"1";"1";"2";"DOCTEUR DERVAUX  ( QUAI DU )";"48,9115800";"2,2999600"
"202000017043";"25";"2";"2020";"07:45";"1";"63";"63396";"2";"2";"1";"6";"Chemin de Naja";"45,6640080";"3,0918570"
"202000017044";"25";"2";"2020";"11:40";"1";"60";"60646";"1";"1";"2";"1";"D149";"49,4702017";"2,0782239"
"202000017045";"24";"2";"2020";"17:00";"1";"87";"87002";"1";"1";"1";"7";"D56";"45,9397500";"1,4148120"
"202000017046";"22";"2";"2020";"09:52";"1";"43";"43040";"2";"1";"7";"2";"18 Avenue d'Auvergne";"45,3009360";"3,3795430"
"202000017047";"24";"2";"2020";"17:25";"1";"64";"64450";"1";"2";"7";"3";"Route de Pomps";"43,4789740";" -0,5514620"
"202000017048";"25";"2";"2020";"08:50";"1";"91";"91363";"1";"4";"1";"3";"intersection D3 route de bel air";"48,6468700";"2,1950530"
"202000017049";"24";"2";"2020";"16:40";"1";"58";"58086";"2";"1";"7";"3";"rue du 14 juillet";"47,4117460";"2,9271380"
"202000017050";"24";"2";"2020";"11:40";"1";"80";"80318";"2";"1";"1";"6";"Rue Roger Godard";"50,0152200";"2,0806320"
"202000017051";"24";"2";"2020";"11:30";"1";"68";"68126";"2";"3";"1";"3";"Rue d'Allschwil";"47,5580450";"7,5345020"
"202000017052";"25";"2";"2020";"16:10";"1";"44";"44015";"2";"3";"2";"3";"Route du Gâvre";"47,4840110";" -1,7580700"
"202000017053";"24";"2";"2020";"19:20";"5";"03";"03082";"2";"2";"1";"6";"Rue de la Commune de Paris";"46,2999059";"2,7339720"
"202000017054";"22";"2";"2020";"10:48";"1";"05";"05074";"1";"1";"1";"2";"D942";"44,4712260";"6,0726610"
"202000017055";"25";"2";"2020";"16:40";"1";"64";"64405";"2";"1";"3";"6";"Chemin de Coupete";"43,3405590";" -0,2757310"
"202000017056";"24";"2";"2020";"17:10";"1";"73";"73058";"2";"4";"1";"6";"D921E - Route du Lac";"45,5317368";"5,7434900"
"202000017057";"23";"2";"2020";"15:15";"1";"18";"18210";"1";"1";"1";"6";"Rue de la Jorandière";"47,2362020";"1,9328000"
"202000017058";"24";"2";"2020";"09:45";"1";"27";"27017";"1";"1";"1";"2";"D6154";"48,9924020";"1,1560750"
"202000017059";"24";"2";"2020";"07:20";"1";"34";"34320";"2";"3";"1";"3";"Route de Viols le Fort";"43,6745650";"3,7194190"
"202000017060";"24";"2";"2020";"16:30";"1";"33";"33122";"1";"4";"1";"5";"avenue jean-Moulin";"44,7629700";" -0,6892300"
"202000017061";"25";"2";"2020";"14:10";"1";"74";"74081";"2";"1";"1";"6";"Avenue Georges Clémenceau";"46,0678270";"6,5714870"
"202000017062";"25";"2";"2020";"06:28";"5";"06";"06088";"1";"1";"1";"7";"Autoroute A8, pk185 +800, chaussée Nord";"43,6689350";"7,1997360"
"202000017063";"24";"2";"2020";"11:30";"1";"987";"98712";"2";"2";"1";"3";"Rue Tamahana";" -17,5281610";" -149,5384740"
"202000017064";"24";"2";"2020";"14:10";"1";"34";"34202";"1";"1";"1";"6";"D5";"43,5858470";"3,7900470"
"202000017065";"25";"2";"2020";"12:00";"1";"977";"97701";"1";"1";"1";"1";"Rt 48 - Quartier Petites Salines";"17,8999330";" -62,8270340"
"202000017066";"25";"2";"2020";"14:30";"1";"77";"77277";"1";"3";"1";"3";"157 Avenue du Général Leclerc - D436";"48,7128254";"2,8695457"
"202000017067";"24";"2";"2020";"23:30";"3";"34";"34145";"1";"1";"1";"6";"Route du Mas Desports";"43,6558220";"4,1369430"
"202000017068";"24";"2";"2020";"17:00";"1";"83";"83133";"1";"1";"1";"6";"D37";"43,5737970";"6,8058760"
"202000017069";"21";"2";"2020";"21:37";"3";"25";"25043";"1";"1";"1";"2";"D438";"47,4845980";"6,7713760"
"202000017070";"23";"2";"2020";"17:30";"1";"88";"88135";"1";"1";"8";"6";"Rue des Fermes";"48,1374970";"6,6322550"
"202000017071";"25";"2";"2020";"08:20";"1";"17";"17021";"1";"1";"2";"1";"D14";"45,7577370";" -1,1236260"
"202000017072";"24";"2";"2020";"10:15";"1";"59";"59571";"2";"1";"1";"3";"Place Jean Jaurès";"50,1852320";"3,4973480"
"202000017073";"18";"2";"2020";"09:05";"1";"59";"59009";"1";"1";"1";"2";"AUTOROUTE A22";"50,6515980";"3,1347360"
"202000017074";"7";"2";"2020";"14:45";"1";"59";"59585";"1";"1";"1";"2";"AUTOROUTE A1";"50,5619420";"3,0697380"
"202000017075";"24";"2";"2020";"11:50";"1";"94";"94017";"1";"1";"1";"3";"A4";"48,8271791";"2,5086857"
"202000017076";"24";"2";"2020";"08:30";"1";"94";"94042";"1";"1";"1";"3";"A4";"48,8278114";"2,4717616"
"202000017077";"24";"2";"2020";"07:30";"1";"94";"94018";"1";"1";"1";"2";"A4";"48,8174510";"2,4185959"
"202000017078";"18";"2";"2020";"12:30";"1";"988";"98818";"2";"3";"1";"3";"ECHANGEUR BONAPARTE";" -22,2420200";"166,4574300"
"202000017079";"24";"2";"2020";"22:50";"5";"69";"69386";"2";"1";"1";"7";"VAUBAN                              (R )";"45,7648000";"4,8427000"
"202000017080";"23";"2";"2020";"16:55";"1";"69";"69386";"2";"3";"1";"3";"MORELLET                            (R )";"45,7746000";"4,8485000"
"202000017081";"23";"2";"2020";"16:00";"1";"972";"97209";"1";"1";"1";"4";"RD 41 (ROCADE)";"14,6163900";" -61,0714700"
"202000017082";"23";"2";"2020";"13:15";"1";"69";"69286";"2";"1";"1";"6";"JULES MICHELET                      (R )";"45,8133000";"4,8913100"
"202000017083";"22";"2";"2020";"18:45";"5";"971";"97101";"2";"1";"1";"3";"MORNE VERGAIN";"16,2540500";" -61,5230600"
"202000017084";"23";"2";"2020";"17:10";"1";"91";"91377";"2";"1";"1";"3";"EUROPE (AVENUE DE L')";"48,7267000";"2,2783000"
"202000017085";"23";"2";"2020";"09:45";"1";"91";"91174";"2";"2";"1";"3";"Général De Gaulle";"48,6136200";"2,4605700"
"202000017086";"13";"2";"2020";"07:50";"5";"76";"76259";"2";"1";"3";"6";"REPUBLIQUE ( BOULEVARD DE LA)";"49,7576500";"0,3813500"
"202000017087";"23";"2";"2020";"15:00";"1";"74";"74012";"2";"1";"1";"4";"THONON (ROUTE DE)";"46,1932500";"6,2553700"
"202000017088";"23";"2";"2020";"14:30";"1";"74";"74118";"2";"1";"1";"5";"18 AOUT (RUE DU)";"46,1663300";"6,1895300"
"202000017089";"9";"2";"2020";"09:10";"1";"73";"73008";"2";"3";"7";"6";"2 Che de Corsuet";"45,7042044";"5,8986537"
"202000017090";"22";"2";"2020";"11:43";"1";"65";"65286";"2";"1";"1";"6";"LACADE (RUE ANSELME)";"43,0935030";" -0,0453830"
"202000017091";"23";"2";"2020";"16:40";"1";"64";"64445";"2";"3";"1";"2";"AUGUSTE RENOIR";"43,3102000";" -0,3598000"
"202000017092";"23";"2";"2020";"03:50";"5";"64";"64445";"2";"1";"1";"6";"CAMI SALIE DU";"43,3327200";" -0,3591800"
"202000017093";"20";"2";"2020";"17:05";"1";"47";"47323";"1";"1";"1";"2";"ROUTE NATIONALE 21";"44,4067600";"0,7405200"
"202000017094";"23";"2";"2020";"18:39";"2";"45";"45234";"2";"6";"1";"6";"Boulevard de Verdun";"47,9068000";"1,9040000"
"202000017095";"22";"2";"2020";"12:00";"1";"45";"45232";"2";"1";"1";"6";"Rue d'Artois";"47,8450700";"1,9162800"
"202000017096";"22";"2";"2020";"11:28";"1";"45";"45208";"2";"2";"1";"3";"R J JAURES - R DU DOCT ROUX";"47,9921030";"2,7321740"
"202000017097";"23";"2";"2020";"02:37";"5";"42";"42187";"2";"1";"1";"6";"Boulevard Jules Ferry";"46,0317714";"4,0695753"
"202000017098";"23";"2";"2020";"16:41";"1";"37";"37261";"2";"3";"1";"3";"VAILLANT (RUE EDOUARD)";"47,3823214";"0,7047348"
"202000017099";"23";"2";"2020";"20:00";"3";"35";"35238";"1";"1";"1";"4";"RN 136";"48,1336800";" -1,7068500"
"202000017100";"22";"2";"2020";"10:40";"1";"33";"33318";"2";"3";"1";"6";"Avenue de Beutre";"44,7996900";" -0,6686500"
"202000017101";"23";"2";"2020";"04:36";"5";"33";"33009";"2";"1";"1";"7";"D218";"44,6503800";" -1,1863300"
"202000017102";"23";"2";"2020";"16:48";"1";"32";"32013";"1";"1";"1";"2";"LAVACANT (CHEMIN DE)";"43,6233400";"0,5878900"
"202000017103";"23";"2";"2020";"22:35";"5";"25";"25056";"2";"1";"1";"6";"DOLE RUE DE (sup 200)";"47,2192000";"5,9476800"
"202000017104";"23";"2";"2020";"01:55";"5";"17";"17300";"2";"1";"1";"7";"SALINES  RUE DU PONT DES";"46,1588760";" -1,1219590"
"202000017105";"19";"2";"2020";"18:00";"2";"15";"15014";"2";"1";"2";"6";"VIALENC (BOULEVARD DU)";"44,9201431";"2,4282079"
"202000017106";"23";"2";"2020";"23:45";"5";"13";"13209";"2";"1";"1";"2";"CAROLINE (ALLEE)";"43,2731500";"5,4083100"
"202000017107";"23";"2";"2020";"12:45";"1";"13";"13202";"2";"2";"1";"3";"DAMES (BOULEVARD DES)";"43,3030980";"5,3666150"
"202000017108";"23";"2";"2020";"10:10";"1";"13";"13204";"2";"3";"1";"6";"PROVENCE (RUE DE)";"43,3017900";"5,3974800"
"202000017109";"23";"2";"2020";"08:30";"1";"13";"13208";"2";"1";"1";"3";"pointe rouge (ave)";"43,2472378";"5,3739772"
"202000017110";"23";"2";"2020";"17:45";"2";"06";"06088";"2";"1";"1";"6";"PREFECTURE (R. DE LA)";"43,7031000";"7,2661000"
"202000017111";"22";"2";"2020";"11:55";"1";"75";"75120";"2";"4";"1";"3";"PORTE DE MONTREUIL";"48,8561880";"2,4138540"
"202000017112";"21";"2";"2020";"11:10";"1";"75";"75112";"2";"4";"1";"2";"PORTE DE CHARENTON";"48,8304670";"2,4022840"
"202000017113";"23";"2";"2020";"20:20";"5";"75";"75118";"2";"2";"2";"3";"RUE DE LA CHAPELLE";"48,8970940";"2,3592170"
"202000017114";"22";"2";"2020";"23:05";"5";"75";"75118";"2";"2";"1";"6";"BOULEVARD BARBES";"48,8883550";"2,3495930"
"202000017115";"22";"2";"2020";"20:45";"5";"75";"75114";"2";"1";"1";"3";"RUE BOULARD";"48,8336340";"2,3287420"
"202000017116";"22";"2";"2020";"23:35";"5";"75";"75113";"2";"2";"1";"3";"AVENUE DE LA PORTE D ITALIE";"48,8188860";"2,3595650"
"202000017117";"23";"2";"2020";"19:30";"5";"75";"75112";"2";"1";"2";"1";"AVENUE DE SAINT MAURICE";"48,8290300";"2,4198020"
"202000017118";"23";"2";"2020";"18:02";"5";"75";"75110";"2";"1";"1";"6";"QUAI DE JEMMAPES";"48,8708150";"2,3660850"
"202000017119";"23";"2";"2020";"07:17";"2";"75";"75110";"2";"2";"1";"2";"RUE DU FAUBOURG SAINT MARTIN";"48,8737720";"2,3583130"
"202000017120";"21";"2";"2020";"21:50";"5";"75";"75109";"2";"1";"1";"3";"RUE CADET";"48,8761240";"2,3439670"
"202000017121";"23";"2";"2020";"02:30";"5";"75";"75103";"2";"2";"1";"3";"BOULEVARD DE SEBASTOPOL";"48,8619750";"2,3501580"
"202000017122";"22";"2";"2020";"23:50";"5";"94";"94078";"2";"1";"1";"4";"MELUN (AV DE)";"48,7238300";"2,4444200"
"202000017123";"23";"2";"2020";"02:30";"5";"93";"93078";"2";"3";"1";"6";"BALLANGER (BD ROBERT)";"48,9561100";"2,5403900"
"202000017124";"23";"2";"2020";"05:30";"5";"93";"93001";"2";"1";"1";" -1";"R DE LA MOTTE";"48,9095010";"2,3960530"
"202000017125";"23";"2";"2020";"01:18";"5";"93";"93001";"2";"5";"1";"1";"129 AV VICTOR HUGO / BD FELIX FAURE";"48,9086000";"2,3780000"
"202000017126";"21";"2";"2020";"20:00";"3";"974";"97415";"1";"1";"1";"3";"N1a";" -21,0194970";"55,2504370"
"202000017127";"10";"9";"2020";"08:45";"1";"77";"77186";"1";"1";"1";"5";"RD 409 panneau ONF à LIBERATION";"48,4169890";"2,6090610"
"202000017128";"10";"9";"2020";"07:30";"1";"76";"76351";"1";"4";"1";"6";"RD 6015";"49,5031200";"0,1933500"
"202000017129";"9";"9";"2020";"18:20";"1";"76";"76481";"1";"1";"1";"1";"SAINT BARTHELEMY (ROUTE DE)";"49,5589100";"0,1412100"
"202000017130";"9";"9";"2020";"16:50";"1";"76";"76351";"1";"1";"1";"6";"RD 6382";"49,5244900";"0,1618200"
"202000017131";"11";"9";"2020";"14:10";"1";"72";"72181";"2";"1";"1";"3";"JAURES JEAN (AV) N° IMP 35 A 179";"48,0148000";"0,1756300"
"202000017132";"9";"9";"2020";"17:50";"1";"71";"71270";"2";"4";"1";"3";"LECLERC (BOULEVARD GENERAL)";"46,3018465";"4,8196159"
"202000017133";"9";"9";"2020";"16:05";"1";"71";"71105";"2";"1";"1";"1";"VOISINET (CHEMIN DU)";"46,2918221";"4,7844131"
"202000017134";"11";"9";"2020";"17:50";"1";"71";"71153";"2";"7";"1";"3";"JAURES (RUE JEAN)";"46,8060521";"4,4169949"
"202000017135";"11";"9";"2020";"15:50";"1";"69";"69256";"2";"2";"1";"3";"EMILE ZOLA                          (R )";"45,7780300";"4,9174700"
"202000017136";"11";"9";"2020";"07:50";"2";"69";"69029";"2";"2";"1";"6";"GENAS (DE)                          (RO)";"45,7483900";"4,9176900"
"202000017137";"10";"9";"2020";"22:20";"5";"67";"67482";"2";"3";"1";"6";"SCHIRMECK (ROUTE DE)";"48,5721400";"7,7142000"
"202000017138";"10";"9";"2020";"20:44";"5";"67";"67482";"2";"3";"1";"3";"RATHSAMHAUSEN (RUE DE)";"48,5688470";"7,7625780"
"202000017139";"10";"9";"2020";"13:10";"1";"67";"67482";"2";"3";"1";"2";"ROMAINS (ROUTE DES)";"48,5796800";"7,7157700"
"202000017140";"11";"9";"2020";"17:55";"1";"65";"65440";"2";"1";"1";"3";"HENRI IV (BOULEVARD)";"43,2334500";"0,0599100"
"202000017141";"11";"9";"2020";"08:55";"1";"65";"65226";"1";"1";"1";"2";"PAU (ROUTE DE)";"43,2406880";"0,0154560"
"202000017142";"11";"9";"2020";"23:25";"5";"64";"64445";"2";"1";"1";"7";"PAIX";"43,3196700";" -0,3493100"
"202000017143";"11";"9";"2020";"16:35";"1";"64";"64445";"2";"1";"1";"2";"DUFAU";"43,3110400";" -0,3631300"
"202000017144";"9";"9";"2020";"08:30";"1";"64";"64122";"2";"1";"1";"3";"MARCEL DASSAULT (BD)";"43,4679800";" -1,5396800"
"202000017145";"11";"9";"2020";"10:10";"1";"64";"64102";"2";"1";"1";"7";"ALLEES MARINES (ROND POINT DES)";"43,4967300";" -1,4833200"
"202000017146";"11";"9";"2020";"09:20";"1";"64";"64102";"2";"1";"1";"3";"SAINT BERNARD (CHEMIN DE)";"43,5012700";" -1,4820300"
"202000017147";"11";"9";"2020";"22:30";"3";"62";"62400";"1";"1";"1";"7";"HESDIGNEUL ( D' )";"50,4855350";"2,5943340"
"202000017148";"10";"9";"2020";"20:00";"1";"59";"59324";"2";"9";"1";"3";"GENERAL DE GAULLE (AV DU)";"50,2960200";"4,1019500"
"202000017149";"11";"9";"2020";"22:20";"5";"59";"59350";"2";"2";"1";"3";"MONTEBELLO  METRO";"50,6217919";"3,0456879"
"202000017150";"10";"9";"2020";"16:20";"1";"57";"57336";"2";"1";"1";"6";"STADE (RUE DU)";"49,1602172";"6,7425949"
"202000017151";"11";"9";"2020";"10:00";"1";"56";"56260";"2";"6";"7";"3";"MARE(GIRATOIRE DE LA)";"47,6560600";" -2,7916800"
"202000017152";"11";"9";"2020";"11:20";"1";"54";"54395";"2";"2";"1";"3";"PLACIEUX (RUE DU)";"48,6761739";"6,1628070"
"202000017153";"9";"9";"2020";"22:15";"5";"54";"54395";"2";"1";"1";"1";"VAYRINGE (RUE)";"48,7064600";"6,1768400"
"202000017154";"10";"9";"2020";"13:10";"1";"51";"51454";"2";"1";"1";" -1";"Rue de l’Université";"49,2526096";"4,0369001"
"202000017155";"10";"9";"2020";"17:10";"1";"49";"49328";"2";"1";"1";"3";"ORLEANS (RUE D')";"47,2579900";" -0,0804000"
"202000017156";"11";"9";"2020";"12:25";"1";"47";"47323";"1";"5";"1";"3";"ROUTE NATIONALE 21";"44,3900000";"0,7177000"
"202000017157";"10";"9";"2020";"09:00";"1";"47";"47323";"1";"1";"1";"3";"ROUTE NATIONALE 21";"44,4020000";"0,7396500"
"202000017158";"10";"9";"2020";"17:40";"1";"45";"45004";"1";"1";"1";"5";"D2060 - 28+620";"47,9694449";"2,7272092"
"202000017159";"11";"9";"2020";"13:45";"1";"42";"42095";"2";"1";"1";"6";"Rue de la République";"45,3929442";"4,2928167"
"202000017160";"11";"9";"2020";"17:00";"1";"38";"38421";"2";"1";"1";"1";"Rue Jules Flandrin";"45,1879600";"5,7479400"
"202000017161";"11";"9";"2020";"02:44";"5";"38";"38185";"2";"1";"1";"6";"Cours Jean Jaurès";"45,1807100";"5,7167500"
"202000017162";"8";"9";"2020";"17:25";"1";"37";"37261";"2";"1";"1";"2";"MARECHAL JUIN (BD)";"47,4050629";"0,7028866"
"202000017163";"11";"9";"2020";"18:30";"1";"35";"35238";"2";"2";"1";"3";"LORIENT (DE)";"48,1066000";" -1,7296000"
"202000017164";"11";"9";"2020";"11:45";"1";"35";"35353";"2";"1";"1";"3";"LORIENT (DE)";"48,1049586";" -1,7357934"
"202000017165";"11";"9";"2020";"21:45";"5";"34";"34172";"2";"2";"1";"3";"BRINGUIER (AVENUE PAUL)";"43,6162200";"3,8410500"
"202000017166";"11";"9";"2020";"15:05";"1";"34";"34198";"2";"1";"1";"3";"BIR HAKEIM";"43,5713500";"3,9423100"
"202000017167";"11";"9";"2020";"15:10";"1";"34";"34003";"2";"1";"1";"6";"LATTES ( RUE PIERRE)";"43,3030000";"3,4760000"