"Num_Acc";"jour";"mois";"an";"hrmn";"lum";"dep";"com";"agg";"int";"atm";"col";"adr";"lat";"long"
"202000017168";"11";"9";"2020";"11:45";"1";"33";"33318";"2";"1";"1";"2";"RUE DU SERPENT";"44,7900400";" -0,6358900"
"202000017169";"3";"9";"2020";"07:40";"1";"33";"33063";"2";"4";"1";"1";"RUE DELMESTRE / RUE POUJEAU CAUD";"44,8525500";" -0,6245100"
"202000017170";"11";"9";"2020";"19:56";"2";"33";"33529";"2";"1";"1";"3";"LESCA (RUE ANDRE)";"44,6375400";" -1,1351100"
"202000017171";"10";"9";"2020";"14:05";"1";"22";"22113";"2";"1";"1";"6";"TREGUIER (RUE DE)";"48,7324314";" -3,4561870"
"202000017172";"11";"9";"2020";"16:25";"1";"14";"14118";"2";"2";"1";"3";"LIBERTE (PLACE DE LA)";"49,1613250";" -0,3423930"
"202000017173";"11";"9";"2020";"11:09";"1";"13";"13209";"2";"7";"1";"3";"CABOT (BOULEVARD)";"43,2588717";"5,4171372"
"202000017174";"10";"9";"2020";"17:00";"1";"13";"13209";"2";"1";"3";"4";"CAMILLE BLANC (BOULEVARD)";"43,2524755";"5,4012662"
"202000017175";"11";"9";"2020";"17:05";"1";"10";"10387";"2";"2";"1";"6";"CARNOT (RUE)";"48,2976600";"4,0660900"
"202000017176";"10";"9";"2020";"08:45";"1";"06";"06069";"2";"1";"1";"6";"CANNES (ROUTE DE)  -RD 6085-";"43,6341600";"6,9517500"
"202000017177";"11";"9";"2020";"16:30";"1";"06";"06029";"2";"6";"2";"1";"HUGO (RUE VICTOR)(BOCCA)";"43,5674600";"6,9675600"
"202000017178";"11";"9";"2020";"10:30";"1";"06";"06029";"2";"1";"1";"2";"BACHAGA SAID BOUALAM (AVENUE)";"43,5537505";"7,0148751"
"202000017179";"9";"9";"2020";"13:40";"1";"06";"06029";"2";"1";"1";"2";"MIDI (BOULEVARD DU)";"43,5374900";"6,9548200"
"202000017180";"10";"9";"2020";"18:17";"1";"05";"05061";"2";"1";"3";"2";"VEYNES ( AVENUE DE  )";"44,5565000";"6,0614900"
"202000017181";"11";"9";"2020";"14:20";"1";"75";"75114";"2";"1";"1";"3";"ECHANGEUR VANVES";"48,8250360";"2,3035490"
"202000017182";"11";"9";"2020";"12:05";"1";"75";"75117";"2";"1";"1";"3";"PORTE D ASNIERES";"48,8892370";"2,2961540"
"202000017183";"10";"9";"2020";"16:00";"1";"75";"75112";"2";"1";"1";"3";"PORTE DE CHARENTON";"48,8308070";"2,4031540"
"202000017184";"11";"9";"2020";"14:20";"1";"75";"75109";"2";"3";"1";"3";"BOULEVARD HAUSSMANN";"48,8734190";"2,3296980"
"202000017185";"11";"9";"2020";"09:25";"1";"75";"75105";"2";"3";"1";"3";"BOULEVARD SAINT MICHEL";"48,8518310";"2,3433900"
"202000017186";"11";"9";"2020";"12:10";"1";"75";"75120";"2";"2";"1";"3";"RUE PLANCHAT";"48,8534130";"2,3984560"
"202000017187";"11";"9";"2020";"11:58";"1";"75";"75120";"2";"7";"1";"3";"PORTE DE BAGNOLET";"48,8645040";"2,4085070"
"202000017188";"11";"9";"2020";"15:12";"1";"75";"75119";"2";"2";"1";"6";"BOULEVARD MACDONALD";"48,8976160";"2,3856920"
"202000017189";"11";"9";"2020";"20:15";"2";"75";"75107";"2";"4";"1";" -1";"AVENUE DE LA MOTTE PICQUET";"48,8560570";"2,3081670"
"202000017190";"11";"9";"2020";"02:30";"5";"75";"75114";"2";"3";"1";"3";"RUE FROIDEVAUX";"48,8366190";"2,3258320"
"202000017191";"11";"9";"2020";"17:15";"1";"75";"75106";"2";"2";"1";"2";"BOULEVARD RASPAIL";"48,8467430";"2,3283360"
"202000017192";"11";"9";"2020";"15:20";"1";"75";"75112";"2";"3";"1";"6";"RUE DE REUILLY";"48,8458030";"2,3883750"
"202000017193";"10";"9";"2020";"22:55";"5";"75";"75112";"2";"2";"1";"7";"AVENUE DAUMESNIL";"48,8340130";"2,4112920"
"202000017194";"11";"9";"2020";"13:45";"1";"75";"75111";"2";"3";"1";"6";"AVENUE PARMENTIER";"48,8686220";"2,3720550"
"202000017195";"11";"9";"2020";"09:20";"1";"75";"75108";"2";"7";"1";"6";"PLACE DE LA CONCORDE";"48,8640700";"2,3201260"
"202000017196";"10";"9";"2020";"22:40";"5";"75";"75108";"2";"2";"1";"3";"RUE DE LISBONNE";"48,8776140";"2,3125580"
"202000017197";"11";"9";"2020";"01:50";"5";"75";"75104";"2";"7";"1";"6";"PLACE DE LA BASTILLE";"48,8529080";"2,3684860"
"202000017198";"10";"9";"2020";"11:40";"1";"75";"75101";"2";"2";"1";"3";"AVENUE VICTORIA";"48,8577280";"2,3477850"
"202000017199";"10";"9";"2020";"05:45";"2";"94";"94068";"2";"2";"1";"3";"RABELAIS (BD)";"48,8065000";"2,4787000"
"202000017200";"11";"9";"2020";"08:15";"1";"94";"94080";"2";"1";"1";"3";"REPUBLIQUE (AV DE LA)";"48,8494940";"2,4339330"
"202000017201";"11";"9";"2020";"21:00";"3";"94";"94074";"2";"1";"1";"2";"HENRI BARBUSSE (AV)";"48,7642920";"2,4420290"
"202000017202";"11";"9";"2020";"15:30";"1";"94";"94041";"2";"1";"1";"7";"MAURICE THOREZ (AV)";"48,8187700";"2,3748900"
"202000017203";"10";"9";"2020";"20:00";"2";"94";"94041";"2";"1";"1";"3";"HOCHE (R)";"48,8110000";"2,3740000"
"202000017204";"10";"9";"2020";"17:55";"1";"94";"94011";"2";"1";"1";"6";"ROSTAND.(RUE JEAN)";"48,7675630";"2,4863340"
"202000017205";"10";"9";"2020";"17:15";"1";"94";"94028";"2";"1";"1";"4";"avenue de la POMPADOUR";"48,7739700";"2,4377900"
"202000017206";"10";"9";"2020";"13:25";"1";"94";"94028";"2";"1";"1";"6";"LAFERRIERE(AVENUE)";"48,7995300";"2,4544600"
"202000017207";"11";"9";"2020";"16:20";"1";"94";"94019";"2";"3";"1";"3";"CLAIRE (AV)";"48,8011000";"2,5444000"
"202000017208";"11";"9";"2020";"15:30";"1";"94";"94071";"2";"1";"1";"2";"GENERAL LECLERC (R DU)";"48,7778340";"2,5116290"
"202000017209";"11";"9";"2020";"19:20";"1";"93";"93073";"2";"2";"1";"3";"DEBRIS (RUE JACQUES)";"48,9561900";"2,5766500"
"202000017210";"11";"9";"2020";"15:00";"1";"93";"93078";"2";"1";"1";"2";"CLEMENCEAU (AVENUE GEORGES)";"48,9588672";"2,5577423"
"202000017211";"10";"9";"2020";"06:50";"2";"93";"93066";"2";"1";"1";"6";"FRANCE ANATOLE (BOULEVARD) NR AUTRES";"48,9189384";"2,3423825"
"202000017212";"11";"9";"2020";"15:30";"1";"93";"93064";"2";"1";"1";"3";"ALSACE-LORRAINE (BOULEVARD)";"48,8839100";"2,4882800"
"202000017213";"11";"9";"2020";"21:05";"5";"93";"93062";"2";"2";"1";"6";"LIVRY (AVENUE DE)";"48,9013300";"2,5193000"
"202000017214";"11";"9";"2020";"17:45";"1";"93";"93051";"2";"1";"1";"6";"UNIVERSITE";"48,8371600";"2,5600800"
"202000017215";"11";"9";"2020";"20:20";"5";"93";"93050";"2";"1";"1";"3";"JEAN JAURES (AVENUE) COTE VILLE EVRARD";"48,8626839";"2,5456089"
"202000017216";"11";"9";"2020";"19:00";"1";"93";"93010";"2";"1";"1";"2";"AV PASTEUR";"48,9051100";"2,4860000"
"202000017217";"11";"9";"2020";"18:00";"1";"93";"93071";"2";"1";"1";"3";"SALVADOR ALLENDE (AVENUE)";"48,9472700";"2,5337800"
"202000017218";"11";"9";"2020";"19:53";"5";"93";"93001";"2";"9";"1";"6";"WALDECK ROCHET (RUE)";"48,9117675";"2,3676703"
"202000017219";"11";"9";"2020";"10:10";"1";"92";"92046";"2";"1";"1";"6";"Charles de gaulle";"48,8225268";"2,2988507"
"202000017220";"11";"9";"2020";"11:20";"1";"92";"92063";"2";"3";"1";"3";"RICHELIEU (BOULEVARD)";"48,8716300";"2,1834100"
"202000017221";"11";"9";"2020";"13:05";"1";"92";"92044";"2";"3";"1";"3";"PDT WILSON(RUE) 2A24 ET 1A21";"48,8906900";"2,2915900"
"202000017222";"10";"9";"2020";"10:40";"1";"92";"92036";"2";"1";"1";"3";"LOUIS ROCHE (AVENUE) (1/45)";"48,9268500";"2,3146500"
"202000017223";"11";"9";"2020";"10:50";"1";"92";"92026";"2";"2";"1";"3";"JEAN-PIERRE TIMBAUD";"48,8997280";"2,2503810"
"202000017224";"11";"9";"2020";"08:20";"1";"92";"92026";"2";"1";"1";"2";"ARCHE (AVENUE)";"48,8953460";"2,2387080"
"202000017225";"11";"9";"2020";"17:52";"1";"92";"92024";"2";"3";"1";"6";"JULES VERNE (PLACE)";"48,9087500";"2,3073200"
"202000017226";"11";"9";"2020";"15:29";"1";"92";"92023";"2";"1";"1";"3";"GENERAL DE GAULLE (AVENUE DU)";"48,7828000";"2,2451100"
"202000017227";"11";"9";"2020";"18:04";"1";"92";"92032";"2";"3";"1";"3";"DOLIVET J ET M (AVENUE)";"48,7946100";"2,2914300"
"202000017228";"11";"9";"2020";"16:50";"1";"22";"22213";"1";"1";"1";"7";"Le Boisanne";"48,5370110";" -1,9817230"
"202000017229";"11";"9";"2020";"22:25";"5";"95";"95199";"1";"1";"1";"6";"D124";"49,0202670";"2,3200890"
"202000017230";"12";"9";"2020";"01:30";"5";"40";"40133";"2";"6";"1";"6";"15 rue Jacques Choquard";"43,5782960";" -1,4354490"
"202000017231";"12";"9";"2020";"18:30";"1";"31";"31423";"1";"1";"1";"6";"Route de la Barthe";"43,4033170";"1,0721970"
"202000017232";"11";"9";"2020";"23:30";"3";"83";"83054";"1";"1";"1";"2";"A57";"43,1550580";"6,0421370"
"202000017233";"12";"9";"2020";"11:50";"1";"83";"83148";"1";"1";"1";"3";"Dn7";"43,4050470";"6,4043640"
"202000017234";"12";"9";"2020";"09:35";"1";"42";"42176";"1";"6";"1";"6";"Route de Renaison";"46,0473120";"3,9851560"
"202000017235";"12";"9";"2020";"01:20";"4";"02";"02232";"2";"1";"1";"7";"Place de la Gare";"49,2342280";"2,9895800"
"202000017236";"10";"9";"2020";"17:40";"1";"57";"57661";"1";"3";"7";"3";"Route de Wissembourg";"49,0513490";"7,6008330"
"202000017237";"11";"9";"2020";"18:30";"1";"19";"19276";"2";"1";"7";"6";"Quai Julian Grimau";"45,4248385";"1,5653481"
"202000017238";"11";"9";"2020";"08:50";"1";"19";"19248";"1";"1";"1";"7";"Chemin de Bialet";"45,4264640";"1,5264720"
"202000017239";"12";"9";"2020";"11:05";"1";"74";"74077";"2";"6";"1";"3";"Chemin du Trembley";"46,0632300";"5,8914880"
"202000017240";"12";"9";"2020";"11:30";"1";"2B";"2B273";"1";"1";"1";"2";"D506";"42,4271790";"9,4019580"
"202000017241";"11";"9";"2020";"18:50";"1";"82";"82108";"1";"1";"1";"3";"1166 Route de Lafrancaise";"44,1015860";"1,2436140"
"202000017242";"11";"9";"2020";"19:30";"1";"82";"82002";"1";"4";"1";"1";"Route du Bac de Cos";"44,0776740";"1,4230080"
"202000017243";"11";"9";"2020";"22:40";"3";"33";"33382";"2";"4";"1";"6";"Lieu Dit le Jard de Bourdillas";"45,1924400";" -0,4565700"
"202000017244";"12";"9";"2020";"08:30";"1";"33";"33141";"1";"1";"7";"6";"45 Route de la Brune";"44,8355700";" -0,3420700"
"202000017245";"12";"9";"2020";"03:15";"5";"81";"81128";"2";"1";"1";"6";"5 Chemin de Pierre";"43,6633110";"2,3502830"
"202000017246";"12";"9";"2020";"14:17";"1";"81";"81037";"2";"1";"1";"1";"Chemin de la Catalanie";"43,6319910";"2,4906080"
"202000017247";"11";"9";"2020";"09:20";"1";"89";"89309";"2";"2";"1";"3";"Rue du Guichet";"48,2871620";"3,2017100"
"202000017248";"12";"9";"2020";"11:30";"1";"63";"63276";"1";"3";"1";"1";"D212";"45,8036056";"3,4758526"
"202000017249";"12";"9";"2020";"15:30";"1";"63";"63407";"1";"1";"1";"7";"Route Departementale 983";"45,6030983";"2,8254365"
"202000017250";"18";"7";"2020";"07:45";"1";"63";"63034";"1";"1";"1";"3";"D2089";"45,7938771";"3,3010899"
"202000017251";"2";"9";"2020";"18:35";"1";"12";"12138";"1";"4";"1";"5";"RD901-Carrefour lieu-dit Campels";"44,4798810";"2,4520750"
"202000017252";"12";"9";"2020";"12:36";"1";"42";"42130";"1";"1";"1";"3";"Route de Thuragneux";"45,6768820";"4,1783020"
"202000017253";"11";"9";"2020";"11:45";"1";"47";"47144";"1";"1";"1";"6";"Brideau Haut";"44,5891220";"0,4041020"
"202000017254";"11";"9";"2020";"19:50";"1";"68";"68315";"1";"1";"1";"6";"Rte 431";"47,8909460";"7,1127140"
"202000017255";"12";"9";"2020";"10:30";"1";"39";"39453";"1";"1";"1";"7";"N/A";"46,4303890";"5,8106630"
"202000017256";"1";"9";"2020";"15:20";"1";"35";"35068";"1";"1";"1";"3";"Route de Rennes";"48,1017890";" -1,4296350"
"202000017257";"14";"8";"2020";"09:00";"1";"35";"35299";"1";"1";"1";"5";"RD76";"48,6445870";" -1,8851230"
"202000017258";"11";"9";"2020";"14:35";"1";"35";"35223";"1";"1";"1";"6";"N24";"47,9976180";" -2,0955350"
"202000017259";"12";"9";"2020";"15:15";"1";"31";"31574";"1";"1";"1";"7";"D820";"43,4317930";"1,4171080"
"202000017260";"12";"9";"2020";"00:10";"5";"38";"38397";"2";"1";"1";"6";"La Bâtie";"45,2393600";"5,8477800"
"202000017261";"11";"9";"2020";"17:50";"1";"01";"01243";"2";"1";"1";"1";"Route de Lurcy";"46,0521500";"4,7707080"
"202000017262";"11";"9";"2020";"18:25";"1";"01";"01243";"1";"1";"1";"5";"D933";"46,0428990";"4,7599980"
"202000017263";"8";"9";"2020";"13:00";"1";"72";"72147";"1";"1";"1";"1";"lieu dit la grande pièce des pâtis";"48,1008540";"0,1979040"
"202000017264";"12";"9";"2020";"10:56";"1";"06";"06068";"1";"1";"1";"1";"Chemin de Font Leugne";"43,7205520";"6,9730620"
"202000017265";"11";"9";"2020";"16:45";"1";"05";"05040";"2";"2";"1";"6";"Intersection D3 - bretelle d'accès N94";"44,5407520";"6,2802740"
"202000017266";"12";"9";"2020";"11:15";"1";"05";"05146";"1";"1";"1";"2";"D1075";"44,6197080";"5,7023120"
"202000017267";"12";"9";"2020";"19:00";"1";"50";"50484";"2";"2";"1";"3";"Rue de la République";"48,5775630";" -1,0941400"
"202000017268";"12";"9";"2020";"03:30";"3";"90";"90072";"1";"6";"1";"6";"N1019";"47,5448021";"6,9482063"
"202000017269";"12";"9";"2020";"18:15";"1";"45";"45325";"1";"1";"1";"3";"D2020-PR 1 + 600";"48,1651680";"1,9151700"
"202000017270";"11";"9";"2020";"00:30";"3";"73";"73298";"1";"1";"1";"6";"N90";"45,6537570";"6,4341850"
"202000017271";"11";"9";"2020";"19:15";"2";"21";"21425";"2";"1";"1";"6";"8 Rue Georges Loye";"47,6244830";"4,3390390"
"202000017272";"12";"9";"2020";"16:15";"1";"04";"04157";"1";"1";"1";"7";"RD 953";"43,8899871";"6,1321209"
"202000017273";"12";"9";"2020";"13:15";"1";"85";"85128";"1";"1";"1";"1";"Route de la Roche sur Yon";"46,4791400";" -1,1818800"
"202000017274";"11";"9";"2020";"16:10";"1";"88";"88082";"2";"3";"7";"6";"9 Rue de la Tournelle";"48,4547020";"6,9498790"
"202000017275";"11";"9";"2020";"17:00";"1";"35";"35210";"1";"3";"1";"3";"Le Grand Chemin";"48,1764690";" -1,7607360"
"202000017276";"11";"9";"2020";"21:15";"5";"95";"95580";"2";"6";"1";"6";"RD 16";"49,0917367";"2,5283516"
"202000017277";"10";"8";"2020";"18:20";"3";"987";"98729";"2";"1";"1";"1";"RT 91";" -17,5271020";" -149,7758070"
"202000017278";"22";"7";"2020";"16:00";"1";"971";"97118";"2";"9";"2";"6";"Chemin de Clede";"16,2025130";" -61,6070230"
"202000017279";"7";"9";"2020";"11:30";"1";"33";"33527";"2";"6";"1";"3";"Rue de Boulange";"44,6232930";" -1,0244860"
"202000017280";"12";"9";"2020";"04:45";"3";"30";"30253";"1";"1";"1";"6";"Le Mas Dieu";"44,2208247";"4,0837671"
"202000017281";"12";"9";"2020";"13:45";"1";"84";"84144";"1";"4";"1";"1";"D22";"43,9268550";"5,5534600"
"202000017282";"12";"9";"2020";"11:05";"1";"05";"05139";"1";"4";"1";"6";"D17";"44,6789450";"5,9563600"
"202000017283";"11";"9";"2020";"13:40";"1";"71";"71360";"1";"1";"1";"7";"D17e";"46,3321629";"4,7348433"
"202000017284";"12";"9";"2020";"17:10";"1";"21";"21294";"1";"1";"1";" -1";"Rue Humbert de Gillens";"47,1048260";"4,9935728"
"202000017285";"12";"9";"2020";"13:15";"1";"74";"74281";"2";"3";"1";"1";"23 Chemin du Clos de Champagne";"46,3774812";"6,4991266"
"202000017286";"23";"7";"2020";"22:45";"3";"44";"44114";"1";"1";"1";"6";"Rue du Petit Bois";"47,3066590";" -1,6368560"
"202000017287";"12";"9";"2020";"17:35";"1";"01";"01104";"1";"1";"1";"7";"D 991 -  La Rivière";"46,2436650";"5,8972920"
"202000017288";"11";"9";"2020";"18:00";"1";"32";"32200";"1";"1";"1";"5";"route departementale 943 Pk 5.300";"43,6215610";"0,5030860"
"202000017289";"12";"9";"2020";"17:35";"1";"85";"85019";"1";"1";"1";"1";"La Voirie";"46,7983890";" -1,4127010"
"202000017290";"11";"9";"2020";"22:35";"3";"22";"22233";"1";"1";"1";"6";"Route d'Yvias";"48,7330120";" -3,0645420"
"202000017291";"11";"9";"2020";"15:50";"1";"27";"27329";"1";"2";"1";"3";"1 Rue de Boursonne";"49,2006910";"1,4721140"
"202000017292";"11";"9";"2020";"17:45";"1";"13";"13055";"1";"1";"1";"4";"A507 sens Marseille - Aubagne";"43,3026565";"5,4253574"
"202000017293";"11";"9";"2020";"16:20";"1";"13";"13070";"1";"1";"1";"4";"Sens Aubagne vers Marseille";"43,2853736";"5,5153621"
"202000017294";"11";"9";"2020";"14:10";"1";"13";"13202";"1";"1";"1";"4";"A55-Sens Martigues vers Marseille";"43,3198660";"5,3637740"
"202000017295";"10";"9";"2020";"19:25";"1";"13";"13203";"1";"1";"2";"7";"A557-Liaison A7 Marseille-A55 Marseille";"43,3183609";"5,3654754"
"202000017296";"11";"9";"2020";"11:30";"1";"69";"69142";"1";"1";"1";"4";"M7   2.278 A 3.690";"45,7275700";"4,8165800"
"202000017297";"28";"8";"2020";"12:50";"1";"42";"42005";"1";"1";"1";"4";"A72";"45,5258600";"4,2875400"
"202000017298";"11";"9";"2020";"17:30";"1";"33";"33281";"1";"1";"1";"4";"ROCADE A 630";"44,8450500";" -0,6712400"
"202000017299";"11";"9";"2020";"08:30";"1";"33";"33122";"1";"1";"1";"2";"AUTOROUTE A 63";"44,7594100";" -0,6809800"
"202000017300";"10";"9";"2020";"03:12";"3";"33";"33474";"1";"1";"1";"6";"AUTOROUTE A 62";"44,6754200";" -0,4811400"
"202000017301";"10";"9";"2020";"10:30";"1";"59";"59346";"1";"1";"1";"6";"AUTOROUTE A27";"50,6008090";"3,1333090"
"202000017302";"10";"9";"2020";"08:30";"1";"59";"59527";"1";"1";"1";"3";"ROUTE DEPARTEMENTALE 652";"50,6673010";"3,0298220"
"202000017303";"11";"9";"2020";"16:30";"1";"91";"91687";"1";"1";"1";"2";"AUTOROUTE A6";"48,6494700";"2,3853500"
"202000017304";"11";"9";"2020";"09:45";"1";"91";"91182";"1";"9";"1";"3";"RN 104";"48,6133200";"2,4311200"
"202000017305";"11";"9";"2020";"08:55";"1";"92";"92036";"1";"1";"1";"2";"A86";"48,9356468";"2,2855372"
"202000017306";"10";"9";"2020";"23:40";"3";"92";"92025";"1";"1";"1";"2";"A86";"48,9325383";"2,2486858"
"202000017307";"11";"9";"2020";"09:40";"1";"93";"93027";"1";"1";"1";"7";"AUTOROUTE A86";"48,9246600";"2,3898500"
"202000017308";"11";"9";"2020";"19:20";"1";"77";"77169";"1";"1";"1";"6";"RN104";"48,8153740";"2,6242250"
"202000017309";"11";"9";"2020";"07:25";"1";"94";"94079";"1";"1";"1";"3";"A4";"48,8349000";"2,5375000"
"202000017310";"11";"9";"2020";"02:20";"3";"94";"94042";"1";"1";"1";" -1";"A4";"48,8275754";"2,4705096"
"202000017311";"10";"9";"2020";"21:58";"3";"77";"77468";"1";"1";"1";"6";"A4";"48,8324290";"2,6639490"
"202000017312";"23";"6";"2020";"10:45";"1";"82";"82121";"2";"1";"1";"6";"BRIAND (RUE ARISTIDE)";"44,0166700";"1,3453000"
"202000017313";"10";"9";"2020";"07:46";"1";"988";"98818";"2";"1";"1";"4";"ROUTE EXPRESS DU MONT DORE";" -22,2363800";"166,4862000"
"202000017314";"10";"9";"2020";"17:57";"1";"973";"97302";"1";"1";"1";"4";"CABASSOU (ROUTE DE)";"4,9147211";" -52,3101998"
"202000017315";"7";"9";"2020";"13:40";"1";"973";"97302";"2";"2";"1";" -1";"ROUGET DE L ' ISLE";"4,9391673";" -52,3271728"
"202000017316";"10";"9";"2020";"23:00";"5";"69";"69259";"2";"4";"1";"6";"VIENNE (DE)                         (RO)";"45,7162869";"4,8548960"
"202000017317";"10";"9";"2020";"16:00";"1";"69";"69388";"1";"1";"1";"3";"MARIUS BERLIET                      (R )";"45,7376500";"4,8680400"
"202000017318";"14";"6";"2020";"15:15";"1";"66";"66172";"2";"1";"1";"6";"Avenue de Torremila";"42,7178890";"2,8576950"
"202000017319";"14";"6";"2020";"04:45";"3";"28";"28392";"1";"1";"1";"2";"Autorute A10 dans le sens province vers Paris au PK 61+555";"48,2393660";"1,8507670"
"202000017320";"10";"6";"2020";"06:00";"1";"971";"97128";"1";"4";"1";"6";"Route de Ffrench";"16,2440950";" -61,3698430"
"202000017321";"12";"6";"2020";"08:35";"1";"29";"29297";"1";"1";"2";"1";"Rue du Faouët";"47,8806570";" -3,5377050"
"202000017322";"14";"6";"2020";"06:00";"2";"37";"37253";"1";"1";"1";"6";"N/A";"47,2621623";"1,0126558"
"202000017323";"14";"6";"2020";"13:00";"1";"05";"05180";"1";"1";"1";"3";"D994E";"44,8271850";"6,5229070"
"202000017324";"14";"6";"2020";"18:25";"1";"52";"52001";"1";"1";"1";"6";"Allee de la Genevroye";"48,1173090";"5,3530880"
"202000017325";"14";"6";"2020";"19:50";"1";"01";"01376";"2";"3";"1";"4";"Route de Genève";"45,8298830";"4,9797730"
"202000017326";"14";"6";"2020";"13:45";"1";"69";"69054";"1";"1";"1";"3";"la scierie";"46,1719844";"4,5045999"
"202000017327";"12";"6";"2020";"16:00";"1";"31";"31291";"1";"1";"1";"6";"D 65";"43,5931050";"1,2745860"
"202000017328";"13";"6";"2020";"23:30";"3";"85";"85302";"1";"1";"2";"3";"La Barboire";"46,9180202";" -0,9616470"
"202000017329";"13";"6";"2020";"20:00";"1";"14";"14053";"1";"3";"7";"3";"D63/D148";"48,8801350";" -0,0798157"
"202000017330";"14";"6";"2020";"00:00";"3";"22";"22176";"2";"1";"2";"7";"Rue du Menhir";"48,4415970";" -2,7469470"
"202000017331";"12";"6";"2020";"04:00";"3";"13";"13216";"1";"1";"1";"2";"A55-Sens Marseille vers Martigues";"43,3458090";"5,3458070"
"202000017332";"12";"6";"2020";"08:25";"1";"13";"13055";"1";"1";"1";"2";"A507 sens Aubagne- Marseille";"43,3288700";"5,4161500"
"202000017333";"13";"6";"2020";"13:00";"1";"33";"33063";"1";"1";"2";"4";"ROCADE A 630";"44,8839000";" -0,5583700"
"202000017334";"13";"6";"2020";"16:00";"1";"94";"94038";"1";"1";"1";"4";"AUTOROUTE A6A";"48,7798100";"2,3467800"
"202000017335";"12";"6";"2020";"19:50";"1";"94";"94037";"1";"1";"1";"2";"AUTOROUTE A6B";"48,8138000";"2,3551300"
"202000017336";"13";"6";"2020";"21:20";"1";"93";"93005";"1";"1";"1";"6";"AUTOROUTE A3";"48,9493600";"2,4764500"
"202000017337";"13";"6";"2020";"14:10";"1";"60";"60612";"1";"1";"1";"7";"AUTOROUTE A1";"49,1850200";"2,6053100"
"202000017338";"12";"6";"2020";"07:00";"1";"95";"95365";"1";"1";"2";"3";"RN 104";"49,0666500";"2,4026200"
"202000017339";"12";"6";"2020";"08:00";"1";"77";"77053";"1";"1";"2";" -1";"N104";"48,6925256";"2,5950965"
"202000017340";"13";"3";"2020";"15:10";"1";"86";"86066";"2";"1";"1";"6";"Rue Joseph Mergau";"46,8029800";"0,5248900"
"202000017341";"11";"6";"2020";"14:40";"1";"988";"98818";"2";"3";"1";"3";"RUE DU 18 JUIN/RUE RENE MILLARD";" -22,2768100";"166,4681800"
"202000017342";"13";"6";"2020";"01:10";"5";"974";"97409";"2";"1";"2";"6";"Rue de Cambuston";" -20,9324100";"55,6462100"
"202000017343";"12";"6";"2020";"13:20";"1";"974";"97409";"2";"3";"1";"3";"CHEMIN AGENOR";" -20,9459480";"55,6831380"
"202000017344";"12";"6";"2020";"23:50";"5";"69";"69387";"2";"1";"2";"3";"CLAUDE BERNARD                      (QU)";"45,7507560";"4,8361301"
"202000017345";"12";"6";"2020";"15:40";"1";"972";"97213";"2";"9";"1";"3";"Z I LA JAMBETTE";"14,6160000";" -61,0320000"
"202000017346";"9";"6";"2020";"11:30";"1";"69";"69385";"2";"1";"2";"6";"ROMAIN ROLLAND                      (QU)";"45,7639500";"4,8289400"
"202000017347";"12";"6";"2020";"18:05";"1";"971";"97120";"2";"2";"1";"3";"ZONE INDUSTRIELLE DE BERGEVIN";"16,2451000";" -61,5400000"
"202000017348";"12";"6";"2020";"22:00";"5";"2A";"2A004";"2";"1";"1";"7";"GEORGES POMPIDOU AVENUE";"41,9328864";"8,7558195"
"202000017349";"11";"6";"2020";"17:45";"1";"2A";"2A004";"2";"1";"1";"3";"MONT THABOR RUE DU";"41,9345700";"8,7553400"
"202000017350";"12";"6";"2020";"01:40";"5";"95";"95277";"2";"1";"2";"6";"DE THEILLEY PIERRE (RUE)";"48,9881591";"2,4479768"
"202000017351";"12";"6";"2020";"20:50";"1";"95";"95018";"2";"1";"1";"6";"PERI (AVENUE GABRIEL)";"48,9436800";"2,2515700"
"202000017352";"11";"6";"2020";"17:00";"1";"89";"89024";"2";"1";"2";"6";"MONTOIS (BOULEVARD DE)";"47,8080100";"3,5580500"
"202000017353";"11";"6";"2020";"17:25";"1";"87";"87085";"2";"1";"3";"6";"PERRIN (RUE FRANCOIS)";"45,8232500";"1,2211300"
"202000017354";"11";"6";"2020";"08:58";"1";"87";"87085";"2";"3";"1";"3";"SAGNES (RUE DES)";"45,8774600";"1,2928400"
"202000017355";"24";"2";"2020";"02:45";"5";"87";"87085";"2";"1";"1";"6";"PALAIS (ROUTE DU)";"45,8481600";"1,2936900"
"202000017356";"12";"6";"2020";"10:20";"1";"86";"86157";"1";"1";"1";"3";"N147";"46,5327200";"0,4321100"
"202000017357";"25";"5";"2020";"18:50";"1";"30";"30011";"1";"4";"1";"3";"ARAMON ROUTE D'";"43,9263200";"4,7370300"
"202000017358";"12";"6";"2020";"20:00";"1";"81";"81021";"2";"3";"1";"3";"TOULOUSE";"43,4987500";"2,3686100"
"202000017359";"12";"6";"2020";"00:20";"5";"79";"79191";"2";"2";"1";"3";"Avenue de la Rochelle";"46,3152400";" -0,4743000"
"202000017360";"30";"4";"2020";"10:45";"1";"78";"78517";"2";"9";"1";"6";"AMPERE ANDRE (RUE)";"48,6533600";"1,8503000"
"202000017361";"11";"6";"2020";"10:20";"1";"76";"76600";"2";"2";"1";"3";"HUIT MAI 1945";"49,7418000";"0,3680000"