"Num_Acc";"jour";"mois";"an";"hrmn";"lum";"dep";"com";"agg";"int";"atm";"col";"adr";"lat";"long"
"202000017362";"3";"6";"2020";"16:10";"1";"73";"73008";"2";"2";"1";"1";"D991D / GRAND PORT (RONDEAU) AVENUE DU";"45,7045939";"5,8909442"
"202000017363";"12";"6";"2020";"19:40";"1";"69";"69266";"2";"1";"2";"1";"CROIX LUIZET  (Pont de)";"45,7838600";"4,8952500"
"202000017364";"12";"6";"2020";"11:40";"1";"69";"69264";"2";"1";"2";"5";"BERTHIER  PIERRE   R";"45,9869100";"4,7233500"
"202000017365";"12";"6";"2020";"13:00";"1";"67";"67482";"2";"1";"1";"1";"GERSTHEIM (RUE DE)";"48,5683036";"7,7780599"
"202000017366";"12";"6";"2020";"11:35";"1";"67";"67204";"2";"1";"1";"1";"ROBERTSAU (IMPASSE DE LA)";"48,6208640";"7,7610110"
"202000017367";"12";"6";"2020";"05:50";"1";"67";"67482";"2";"3";"1";"3";"COMTES (ALLEE DES)";"48,5804808";"7,7152559"
"202000017368";"11";"6";"2020";"18:40";"1";"67";"67482";"2";"1";"1";"2";"LEON DACHEUX (AVENUE)";"48,5642500";"7,7563600"
"202000017369";"5";"6";"2020";"19:30";"1";"65";"65251";"2";"1";"1";"2";"PYRENEES  (AV DES)";"43,2102000";"0,0730000"
"202000017370";"11";"6";"2020";"19:15";"1";"65";"65440";"2";"2";"8";"5";"CARNOT (RUE)";"43,2240210";"0,0698020"
"202000017371";"12";"6";"2020";"10:55";"1";"64";"64445";"2";"1";"1";"3";"Avenue du Président Kennedy";"43,3101110";" -0,3659910"
"202000017372";"12";"6";"2020";"12:10";"1";"64";"64102";"2";"1";"1";"3";"PAMPELUNE (AVENUE DE)";"43,4885000";" -1,4794000"
"202000017373";"7";"4";"2020";"15:25";"1";"62";"62628";"2";"3";"1";"3";"LORRAINE (R DE)";"50,4246316";"2,8892230"
"202000017374";"11";"6";"2020";"11:00";"1";"62";"62193";"2";"9";"1";"1";"SAINT EXUPERY (AVENUE. 325 A ...)";"50,9466800";"1,9051600"
"202000017375";"10";"6";"2020";"18:10";"1";"57";"57672";"2";"3";"1";"3";"ALBERT 1ER (AVENUE) - IMPAIR";"49,3598700";"6,1709100"
"202000017376";"11";"6";"2020";"22:45";"5";"56";"56098";"2";"6";"8";"3";"LANN-SEVELIN (ROND POINT DE)";"47,7777500";" -3,3452100"
"202000017377";"12";"6";"2020";"15:15";"1";"54";"54025";"2";"1";"1";"6";"Av de la Chartreuse";"48,6618610";"6,2517750"
"202000017378";"12";"6";"2020";"14:17";"1";"54";"54197";"1";"9";"1";"2";"ERFURT (CHEMIN D')";"48,6188391";"6,2040192"
"202000017379";"12";"6";"2020";"09:00";"1";"54";"54395";"2";"6";"8";"2";"RD 674";"48,6772476";"6,2064198"
"202000017380";"12";"6";"2020";"08:50";"1";"51";"51454";"2";"1";"2";"7";"Allée Claude Thiénot";"49,2616950";"4,0171158"
"202000017381";"11";"6";"2020";"10:50";"1";"51";"51454";"1";"1";"1";"7";"Avenue de Champagne";"49,2335604";"4,0389679"
"202000017382";"12";"6";"2020";"05:00";"3";"50";"50203";"1";"1";"2";"6";"INGOUFS (LIEU DIT)";"49,6049400";" -1,6419900"
"202000017383";"12";"6";"2020";"08:22";"1";"45";"45234";"1";"1";"2";"3";"D2020 - PR 37+100";"47,8327580";"1,9181000"
"202000017384";"12";"6";"2020";"17:22";"1";"42";"42044";"2";"1";"3";"6";"Vallée de Cotatay";"45,3903854";"4,3488303"
"202000017385";"11";"6";"2020";"09:20";"1";"41";"41018";"2";"1";"1";"6";"BRANLY (RUE EDOUARD)";"47,5878700";"1,3140000"
"202000017386";"11";"6";"2020";"15:56";"1";"38";"38544";"2";"1";"1";"6";"Rue Henri Jacquier";"45,5240000";"4,8760000"
"202000017387";"12";"6";"2020";"19:55";"1";"35";"35051";"2";"1";"2";"3";"48 Cours de la Vilaine";"48,1150063";" -1,6087117"
"202000017388";"12";"6";"2020";"14:00";"1";"35";"35238";"2";"9";"1";"3";"Rue de Lorient";"48,1069700";" -1,7278700"
"202000017389";"12";"6";"2020";"03:20";"5";"34";"34172";"2";"6";"2";"6";"GRANIER (PLACE ERNEST)";"43,6017330";"3,9013173"
"202000017390";"12";"6";"2020";"10:20";"1";"33";"33075";"1";"2";"1";"3";"AVE DU MEDOC / ROCADE A630 -E7-";"44,8796200";" -0,6268300"
"202000017391";"23";"5";"2020";"22:09";"5";"30";"30189";"2";"3";"1";"3";"FRANCAIS LIBRES (BD)";"43,8303100";"4,3235700"
"202000017392";"11";"6";"2020";"18:59";"1";"29";"29232";"2";"1";"3";"6";"Avenue de la Liberation";"47,9917400";" -4,0765100"
"202000017393";"12";"6";"2020";"19:00";"1";"29";"29019";"2";"9";"1";"3";"Rue Edouard Belin";"48,4175365";" -4,4605636"
"202000017394";"25";"5";"2020";"08:10";"1";"29";"29019";"2";"2";"1";"1";"Rue Charles Filiger";"48,4014535";" -4,4568207"
"202000017395";"10";"6";"2020";"17:40";"1";"29";"29019";"2";"1";"1";"2";"Avenue Maréchal Foch";"48,3958899";" -4,4886137"
"202000017396";"12";"6";"2020";"07:40";"2";"28";"28085";"2";"1";"2";"7";"MERMOZ (RUE JEAN)";"48,4524600";"1,5219800"
"202000017397";"12";"6";"2020";"01:15";"5";"26";"26362";"2";"1";"1";"7";"1 Allée Louis Paufique";"44,9119730";"4,9152190"
"202000017398";"12";"6";"2020";"07:50";"2";"26";"26198";"1";"1";"1";"1";"1 chemin des Travailleurs";"44,5535300";"4,7105200"
"202000017399";"9";"6";"2020";"13:30";"1";"22";"22278";"1";"9";"1";"4";"VILLE JOUHA (BD DE LA)";"48,5044800";" -2,7840100"
"202000017400";"12";"6";"2020";"17:00";"1";"17";"17300";"2";"2";"8";"3";"VILLENEUVE   RUE";"46,1595600";" -1,1474300"
"202000017401";"12";"6";"2020";"08:25";"1";"17";"17300";"2";"1";"1";"6";"SAINT-LOUIS   RUE";"46,1607800";" -1,1458000"
"202000017402";"11";"6";"2020";"21:00";"1";"13";"13108";"2";"6";"1";"1";"ROI RENE (BOULEVARD)";"43,8058900";"4,6550100"
"202000017403";"12";"6";"2020";"21:15";"1";"13";"13215";"2";"1";"1";"3";"LYON (RUE DE)";"43,3327170";"5,3643250"
"202000017404";"11";"6";"2020";"05:30";"1";"13";"13214";"2";"1";"1";"7";"AYGALADES (AVENUE DES)";"43,3330300";"5,3679700"
"202000017405";"12";"6";"2020";"12:10";"1";"06";"06069";"2";"1";"1";"2";"SIDI BRAHIM (AVENUE)";"43,6499080";"6,9303480"
"202000017406";"12";"6";"2020";"13:30";"1";"06";"06123";"2";"1";"1";"2";"DE GAULLE GENERAL AVENUE";"43,6671470";"7,1925400"
"202000017407";"11";"6";"2020";"19:45";"1";"06";"06004";"2";"9";"1";"3";"POINCARE BD RAYMOND";"43,5719000";"7,1068000"
"202000017408";"12";"6";"2020";"07:55";"1";"01";"01014";"2";"1";"1";"6";"CD 31";"46,2843000";"5,6626900"
"202000017409";"10";"6";"2020";"06:00";"1";"75";"75117";"2";"1";"1";"3";"PORTE DE SAINT OUEN";"48,9004880";"2,3220650"
"202000017410";"9";"6";"2020";"15:40";"1";"75";"75117";"2";"1";"1";"2";"PORTE D ASNIERES";"48,8895910";"2,2974170"
"202000017411";"11";"6";"2020";"02:45";"5";"75";"75112";"2";"2";"1";"3";"BOULEVARD DIDEROT";"48,8480310";"2,3928470"
"202000017412";"12";"6";"2020";"16:30";"1";"75";"75119";"2";"1";"1";"6";"AVENUE JEAN JAURES";"48,8881370";"2,3906360"
"202000017413";"12";"6";"2020";"02:15";"5";"75";"75119";"2";"2";"3";"6";"AVENUE DE LA PORTE DU PRE SAINT GERVAIS";"48,8820070";"2,4024860"
"202000017414";"11";"6";"2020";"23:30";"5";"75";"75119";"2";"1";"2";"3";"AVENUE JEAN JAURES";"48,8890510";"2,3940050"
"202000017415";"12";"6";"2020";"07:30";"1";"75";"75117";"2";"7";"2";"7";"PLACE GENERAL CATROUX";"48,8829160";"2,3090400"
"202000017416";"11";"6";"2020";"23:54";"5";"75";"75117";"2";"5";"3";"6";"AVENUE DE VILLIERS";"48,8856330";"2,2917160"
"202000017417";"10";"6";"2020";"13:15";"1";"75";"75117";"2";"3";"1";"6";"AVENUE DE SAINT OUEN";"48,8958850";"2,3284170"
"202000017418";"11";"6";"2020";"16:30";"1";"75";"75116";"2";"2";"1";"3";"ROUTE DE LA MUETTE A NEUILLY";"48,8738270";"2,2641400"
"202000017419";"12";"6";"2020";"18:20";"1";"75";"75114";"2";"3";"1";"3";"RUE D ALESIA";"48,8298360";"2,3211720"
"202000017420";"12";"6";"2020";"16:10";"1";"75";"75112";"2";"2";"1";"3";"AVENUE DAUMESNIL";"48,8349770";"2,4198160"
"202000017421";"11";"6";"2020";"18:55";"1";"75";"75112";"2";"1";"1";"3";"AVENUE DAUMESNIL";"48,8357980";"2,4221390"
"202000017422";"12";"6";"2020";"16:00";"1";"75";"75108";"2";"2";"1";"6";"RUE DE COURCELLES";"48,8750320";"2,3092110"
"202000017423";"12";"6";"2020";"15:10";"1";"75";"75108";"2";"2";"1";"3";"RUE DE ROME";"48,8822160";"2,3203490"
"202000017424";"12";"6";"2020";"17:40";"1";"75";"75103";"2";"4";"1";"3";"RUE SAINT MARTIN";"48,8672580";"2,3546150"
"202000017425";"12";"6";"2020";"09:50";"1";"94";"94080";"2";"1";"2";"6";"MIDI (R DU)";"48,8471200";"2,4371200"
"202000017426";"12";"6";"2020";"18:00";"1";"94";"94078";"2";"1";"1";"4";"PARIS (R DE)";"48,7307150";"2,4468840"
"202000017427";"12";"6";"2020";"15:50";"1";"94";"94078";"2";"1";"1";"2";"L'APPEL DU DIX-HUIT JUIN 1940 (AV DE)";"48,7582130";"2,4435070"
"202000017428";"12";"6";"2020";"19:45";"1";"94";"94068";"2";"9";"9";"6";"GAMBETTA (AV)";"48,7976770";"2,4916760"
"202000017429";"12";"6";"2020";"15:50";"1";"94";"94003";"2";"1";"1";"6";"CONVENTION (AV DE LA)";"48,8100000";"2,3300000"
"202000017430";"10";"6";"2020";"21:45";"5";"94";"94022";"2";"1";"1";"3";"GAMBETTA (AV)";"48,7634700";"2,4023190"
"202000017431";"12";"6";"2020";"21:20";"1";"94";"94047";"1";"1";"1";"6";"FRANCOIS COPPEE (R)";"48,7082710";"2,5417430"
"202000017432";"12";"6";"2020";"06:45";"1";"93";"93070";"2";"1";"2";"2";"MICHELET(AV):N°1AU 103";"48,9036794";"2,3440203"
"202000017433";"11";"6";"2020";"21:45";"5";"93";"93053";"2";"3";"3";"1";"ROSNY (AVENUE DE) N° 56 A 242";"48,8932694";"2,4706029"
"202000017434";"12";"6";"2020";"14:22";"1";"93";"93046";"2";"1";"2";"6";"ROBERT SCHUMANN BOULEVARD";"48,9287805";"2,5507077"
"202000017435";"11";"6";"2020";"22:35";"5";"93";"93046";"2";"5";"2";"3";"BD JEAN JAURES / AV EMILE GERARD";"48,9225400";"2,5243000"
"202000017436";"12";"6";"2020";"17:30";"1";"93";"93045";"2";"1";"1";"3";"R DE PARIS";"48,8784033";"2,4112546"
"202000017437";"12";"6";"2020";"18:53";"1";"93";"93066";"2";"1";"1";"6";"POTERIE";"48,9451300";"2,3472200"
"202000017438";"12";"6";"2020";"08:30";"1";"92";"92025";"2";"1";"2";"3";"PRESIDENT SALVADOR ALLENDE (RUE DU)";"48,9225620";"2,2461010"
"202000017439";"11";"6";"2020";"11:15";"1";"92";"92025";"2";"1";"1";"6";"BOURNARD (RUE DU)";"48,9229540";"2,2550870"
"202000017440";"11";"6";"2020";"17:45";"1";"92";"92024";"2";"1";"1";"1";"GENERAL LECLERC (BD DU) (9 A 59)   (4 A";"48,9010500";"2,3156100"
"202000017441";"2";"6";"2020";"14:55";"1";"92";"92024";"2";"9";"1";"6";"GENERAL LECLERC (BD DU) (9 A 59)   (4 A";"48,9010726";"2,3155645"
"202000017442";"12";"6";"2020";"19:54";"1";"92";"92049";"2";"3";"1";"2";"BROSSOLETTE AVENUE PIERRE";"48,8128210";"2,3015960"
"202000017443";"13";"6";"2020";"20:23";"1";"01";"01333";"1";"1";"2";"1";"Saint-André-de-Corcy";"45,9143330";"4,9422380"
"202000017444";"13";"6";"2020";"17:45";"1";"86";"86186";"1";"3";"2";"3";"la Talboterie";"46,8784990";"0,6354900"
"202000017445";"13";"6";"2020";"14:30";"1";"67";"67452";"1";"1";"1";"3";"Départementale 41";"48,6514500";"7,5833670"
"202000017446";"12";"6";"2020";"12:30";"1";"48";"48140";"1";"1";"3";"2";"A75";"44,8195640";"3,2725520"
"202000017447";"28";"5";"2020";"08:30";"1";"30";"30202";"2";"1";"1";"6";"Boulevard Gambetta ";"44,2556061";"4,6476290"
"202000017448";"12";"6";"2020";"12:15";"1";"51";"51630";"1";"1";"2";"7";"D36";"48,9421921";"3,9266433"
"202000017449";"13";"6";"2020";"01:10";"3";"56";"56087";"2";"1";"1";"7";"Rue du Dolmen";"47,5957210";" -2,8473280"
"202000017450";"12";"6";"2020";"18:49";"1";"31";"31351";"1";"1";"1";"1";"Route d'Aussonne";"43,6731220";"1,2976580"
"202000017451";"12";"6";"2020";"16:36";"1";"80";"80024";"1";"6";"1";"2";"Départementale 1001";"49,9363778";"2,2432120"
"202000017452";"10";"6";"2020";"09:10";"1";"80";"80212";"2";"7";"1";"6";"Place Jean Catelas";"49,9093580";"2,5085970"
"202000017453";"13";"6";"2020";"02:15";"3";"65";"65083";"1";"1";"1";"4";"D8";"43,1754360";"0,1027930"
"202000017454";"12";"6";"2020";"18:20";"1";"11";"11009";"1";"3";"1";"5";"RD 33 PK 13+500";"43,2391389";"2,1726747"
"202000017455";"13";"6";"2020";"16:00";"1";"61";"61486";"1";"2";"1";"1";"Lieu Dit la Beharie";"48,7334510";" -0,7891490"
"202000017456";"30";"5";"2020";"06:05";"1";"61";"61194";"2";"2";"1";"3";"Le Bourg (Montgaroult)";"48,7496770";" -0,1298740"
"202000017457";"12";"6";"2020";"16:20";"1";"46";"46034";"1";"2";"1";"6";"D25";"44,7102530";"1,9001200"
"202000017458";"12";"6";"2020";"12:46";"1";"44";"44146";"1";"1";"1";"2";"D244";"47,7399580";" -1,4510110"
"202000017459";"12";"6";"2020";"20:00";"1";"31";"31374";"1";"1";"7";"6";"D16";"43,4177440";"1,6387120"
"202000017460";"12";"6";"2020";"12:00";"1";"02";"02179";"1";"1";"1";"6";"D14";"49,2577710";"3,6166420"
"202000017461";"13";"6";"2020";"19:30";"1";"72";"72083";"1";"1";"1";"6";"D43";"47,9487540";" -0,2153810"
"202000017462";"13";"6";"2020";"10:30";"1";"72";"72319";"1";"3";"8";"3";"Lieu Dit les Tuileries";"48,1250840";"0,1012590"
"202000017463";"13";"6";"2020";"18:00";"1";"05";"05004";"1";"1";"8";"6";"D13";"44,6229450";"6,1659910"
"202000017464";"13";"6";"2020";"10:15";"1";"60";"60641";"2";"3";"1";"1";"Grande Rue";"49,4708400";"3,0082640"
"202000017465";"13";"6";"2020";"12:20";"1";"64";"64040";"1";"1";"1";" -1";"D132";"43,0363680";" -0,7468560"
"202000017466";"13";"6";"2020";"16:40";"2";"64";"64147";"1";"3";"1";"3";"cd 21";"43,4474910";" -1,3344090"
"202000017467";"13";"6";"2020";"18:06";"1";"10";"10063";"2";"3";"1";"3";"17 Rue Alexandre Hugot";"48,3732470";"4,5297670"
"202000017468";"13";"6";"2020";"09:10";"1";"28";"28082";"1";"3";"1";"1";"D116";"48,6969450";"1,4481840"
"202000017469";"13";"6";"2020";"09:30";"1";"28";"28350";"1";"1";"1";"6";"D923";"48,4431520";"1,3240670"
"202000017470";"13";"6";"2020";"09:30";"1";"87";"87104";"1";"1";"1";"3";"LACOUR";"45,7195550";"1,8144290"
"202000017471";"13";"6";"2020";"00:40";"3";"30";"30003";"1";"1";"1";"6";"RD 62";"43,5696330";"4,1091010"
"202000017472";"13";"6";"2020";"17:00";"1";"30";"30341";"2";"2";"1";"3";"78 Avenue Maurice Privat";"43,6901020";"4,2748030"
"202000017473";"13";"6";"2020";"02:45";"4";"52";"52058";"2";"1";"1";"6";"Rue de la Fontaine";"48,2022100";"5,1406830"
"202000017474";"12";"6";"2020";"14:25";"1";"08";"08305";"1";"1";"2";"6";"D951";"49,6284820";"4,6045970"
"202000017475";"13";"6";"2020";"03:50";"3";"13";"13051";"1";"1";"1";"4";"RD113";"43,5898410";"5,1166680"
"202000017476";"13";"6";"2020";"15:00";"1";"973";"97309";"2";"2";"1";"3";"Route de Rémire";"4,9077030";" -52,2728470"
"202000017477";"12";"6";"2020";"13:15";"1";"11";"11370";"1";"1";"1";"2";"A9";"43,2240670";"3,0978870"
"202000017478";"13";"6";"2020";"09:30";"1";"974";"97418";"2";"1";"8";"7";"3 Rue de la Pépinière";" -20,8987310";"55,5334690"
"202000017479";"12";"6";"2020";"09:00";"1";"971";"97129";"1";"1";"1";"1";"SECTION LÉOTARD";"16,3040220";" -61,7027810"
"202000017480";"12";"6";"2020";"14:45";"1";"91";"91386";"2";"1";"1";"6";"Rue de Paris";"48,5725790";"2,4341580"
"202000017481";"11";"6";"2020";"22:20";"3";"84";"84092";"2";"1";"1";"1";"Rue Albert Camus";"43,9701850";"4,8635810"
"202000017482";"9";"6";"2020";"23:30";"3";"25";"25277";"1";"1";"2";"6";"D50";"47,4669770";"6,3808250"
"202000017483";"12";"6";"2020";"19:30";"1";"68";"68040";"1";"1";"1";"7";"Rue Joffre";"47,8212770";"7,0749000"
"202000017484";"12";"6";"2020";"19:55";"1";"68";"68331";"1";"1";"1";"7";"D415";"48,0476120";"7,4607510"
"202000017485";"13";"6";"2020";"01:29";"3";"73";"73248";"1";"1";"1";"6";"D1006";"45,2840172";"6,3554802"
"202000017486";"12";"6";"2020";"20:10";"5";"69";"69143";"2";"1";"3";"6";"Quai Pasteur";"45,8758780";"4,8385330"
"202000017487";"12";"6";"2020";"21:40";"1";"85";"85003";"1";"1";"2";"6";"D978";"46,7671800";" -1,6169800"
"202000017488";"13";"6";"2020";"02:20";"3";"50";"50041";"1";"1";"1";"7";"Rue des Marettes";"49,6738910";" -1,7534140"
"202000017489";"13";"6";"2020";"08:00";"1";"60";"60446";"1";"1";"1";"6";"D330a";"49,1467614";"2,7918492"
"202000017490";"13";"6";"2020";"12:00";"1";"59";"59524";"1";"1";"1";"5";"Rue du 8 Mai";"50,5727440";"2,8977510"
"202000017491";"11";"6";"2020";"11:30";"1";"13";"13055";"1";"1";"1";"3";"A507 sens Aubagne- Marseille";"43,2931396";"5,4242349"
"202000017492";"11";"6";"2020";"17:00";"1";"83";"83137";"1";"1";"1";"2";"A50";"43,1250600";"5,9062500"
"202000017493";"10";"6";"2020";"15:55";"1";"83";"83062";"1";"1";"1";"2";"A57";"43,1434000";"6,0142000"
"202000017494";"1";"2";"2020";"17:35";"1";"69";"69290";"1";"1";"1";"2";"A43  ";"45,7075000";"4,9559000"
"202000017495";"12";"6";"2020";"14:00";"1";"91";"91216";"1";"1";"1";"4";"AUTOROUTE A6";"48,6683200";"2,3539200"
"202000017496";"12";"6";"2020";"17:50";"1";"95";"95563";"1";"1";"1";"2";" A115";"49,0103900";"2,2303400"
"202000017497";"12";"6";"2020";"08:20";"1";"93";"93005";"1";"1";"3";"5";"AUTOROUTE A3";"48,9526300";"2,4740200"
"202000017498";"12";"6";"2020";"05:45";"2";"93";"93027";"1";"1";"2";"6";"AUTOROUTE A86";"48,9282900";"2,4122500"
"202000017499";"11";"6";"2020";"22:45";"3";"93";"93066";"1";"1";"3";"3";"AUTOROUTE A86";"48,9220800";"2,3640400"
"202000017500";"11";"6";"2020";"08:20";"1";"95";"95395";"1";"1";"1";"4";"RN 104";"49,0680000";"2,3945800"
"202000017501";"11";"6";"2020";"03:45";"3";"95";"95582";"1";"1";"1";"2";" A15";"48,9667130";"2,2560757"
"202000017502";"12";"6";"2020";"06:20";"1";"77";"77083";"1";"1";"2";"5";"A4.W";"48,8320393";"2,6005324"
"202000017503";"10";"6";"2020";"17:30";"2";"974";"97416";"2";"1";"7";"6";"HIPPOLYTE  PIOT (RUE)";" -21,2968000";"55,4512800"
"202000017504";"12";"6";"2020";"00:15";"3";"974";"97407";"2";"1";"1";"7";"20 DECEMBRE 1948(AVENUE DU)";" -20,9433900";"55,2976200"
"202000017505";"11";"6";"2020";"21:15";"2";"69";"69383";"2";"2";"1";"3";"SERVIENT                            (R )";"45,7604000";"4,8489000"
"202000017506";"11";"6";"2020";"09:45";"1";"69";"69388";"2";"1";"1";"6";"11 NOVEMBRE 1918 (DU)               (PL)";"45,7367500";"4,8690800"
"202000017507";"11";"6";"2020";"09:15";"1";"69";"69383";"2";"1";"1";"2";"RICHARD VITTON                      (CO)";"45,7537000";"4,8896000"
"202000017508";"11";"6";"2020";"15:17";"1";"972";"97209";"2";"1";"1";"2";"CLUNY (ROUTE DE)";"14,6224600";" -61,0797600"
"202000017509";"10";"8";"2020";"07:30";"1";"54";"54329";"2";"1";"1";"6";"rd 400";"48,5973800";"6,4751400"
"202000017510";"12";"8";"2020";"19:25";"1";"51";"51454";"2";"1";"1";"7";"Avenue Edmond Michelet";"49,2207992";"4,0350354"
"202000017511";"11";"8";"2020";"16:40";"1";"50";"50218";"2";"7";"1";"3";"AMERIQUES (BOULEVARD)";"48,8309260";" -1,5750920"
"202000017512";"11";"8";"2020";"17:00";"1";"49";"49007";"2";"1";"3";"6";"BARANGE BOULEVARD";"47,4603700";" -0,5722900"
"202000017513";"12";"8";"2020";"07:35";"2";"45";"45147";"2";"6";"1";"2";"Rue Fernand et Marcelle Rivière";"47,9379900";"1,8948900"
"202000017514";"9";"8";"2020";"15:35";"1";"34";"34003";"2";"9";"1";" -1";"POMPIDOU (H12 A 14";"43,3065900";"3,4676500"
"202000017515";"12";"8";"2020";"13:50";"1";"33";"33009";"2";"3";"1";"3";"DESBIEY (CRS)";"44,6593300";" -1,1704300"
"202000017516";"11";"8";"2020";"20:10";"1";"29";"29232";"1";"1";"1";"7";"D34 - Boulevard Louis le Guennec";"47,9854200";" -4,1112100"
"202000017517";"12";"8";"2020";"03:03";"3";"29";"29039";"2";"1";"1";"6";"Boulevard Alfred Guillou";"47,8750500";" -3,9286200"
"202000017518";"7";"8";"2020";"10:30";"1";"27";"27528";"2";"1";"1";"6";"Rue du Bout des Jardins";"49,2589000";"1,2084700"
"202000017519";"11";"8";"2020";"12:19";"1";"17";"17300";"2";"1";"1";"7";"CIMETIERE   AVENUE DU";"46,1652000";" -1,1202000"
"202000017520";"11";"8";"2020";"12:10";"1";"13";"13203";"2";"1";"1";"6";"PLACIDE CAFFO (PLACE)";"43,3130630";"5,3848440"
"202000017521";"4";"8";"2020";"14:30";"1";"13";"13201";"2";"1";"1";"3";"LÉON GAMBETTA (ALLEE)";"43,2990000";"5,3825000"
"202000017522";"12";"8";"2020";"12:30";"1";"13";"13215";"2";"1";"1";"4";"GARE (BOULEVARD DE LA) ";"43,3578000";"5,3659000"
"202000017523";"10";"8";"2020";"10:15";"1";"13";"13208";"2";"9";"1";"3";"MICHELET (BOULEVARD)";"43,2628750";"5,3967390"
"202000017524";"12";"8";"2020";"15:30";"1";"13";"13047";"1";"9";"8";"2";"FOS (ROUTE DE) - RN 569";"43,4874500";"4,9639300"
"202000017525";"12";"8";"2020";"07:10";"1";"13";"13005";"1";"1";"1";"4";"RN 96 (ROUTE NATIONALE )";"43,3069270";"5,5745691"
"202000017526";"11";"8";"2020";"15:48";"1";"11";"11069";"2";"1";"1";"2";"MONTREAL -ROUTE DE -";"43,2120000";"2,3174000"
"202000017527";"12";"8";"2020";"13:00";"1";"10";"10387";"2";"4";"1";"1";"LOMBARDS (AVENUE)";"48,2689700";"4,0847300"
"202000017528";"11";"8";"2020";"20:45";"5";"06";"06088";"2";"1";"1";"6";"DELFINO (BD GENERAL)";"43,7044730";"7,2877420"
"202000017529";"12";"8";"2020";"09:30";"1";"75";"75116";"2";"1";"1";"2";"BOULEVARD PERIPHERIQUE";"48,8635580";"2,2657610"
"202000017530";"12";"8";"2020";"01:50";"5";"75";"75116";"2";"1";"1";"3";"AVENUE DU PRESIDENT WILSON";"48,8636070";"2,2892980"
"202000017531";"11";"8";"2020";"13:20";"1";"75";"75116";"2";"4";"1";"2";"BOULEVARD PERIPHERIQUE";"48,8772660";"2,2796200"
"202000017532";"12";"8";"2020";"14:34";"1";"75";"75120";"2";"1";"1";"3";"BOULEVARD DAVOUT";"48,8547200";"2,4104850"
"202000017533";"12";"8";"2020";"10:30";"1";"75";"75117";"2";"3";"1";"3";"BOULEVARD BESSIERES";"48,8976130";"2,3241540"
"202000017534";"12";"8";"2020";"09:45";"1";"75";"75115";"2";"1";"1";"6";"RUE PETEL";"48,8408000";"2,2993820"
"202000017535";"10";"8";"2020";"09:34";"1";"75";"75115";"2";"7";"1";"2";"RUE DE LA CONVENTION";"48,8354990";"2,3023920"
"202000017536";"12";"8";"2020";"15:25";"1";"75";"75107";"2";"2";"1";"3";"RUE SAINT DOMINIQUE";"48,8599350";"2,3101680"
"202000017537";"3";"8";"2020";"13:58";"1";"75";"75109";"2";"3";"1";"6";"RUE DE CHATEAUDUN";"48,8759890";"2,3384300"
"202000017538";"12";"8";"2020";"12:58";"1";"75";"75108";"2";"4";"1";"3";"BOULEVARD MALESHERBES";"48,8721400";"2,3218070"
"202000017539";"12";"8";"2020";"15:00";"1";"75";"75107";"2";"2";"1";"3";"QUAI ANATOLE FRANCE";"48,8625890";"2,3190170"
"202000017540";"11";"8";"2020";"17:40";"2";"75";"75104";"2";"1";"2";"6";"RUE DE RIVOLI";"48,8553940";"2,3603700"
"202000017541";"12";"8";"2020";"12:10";"1";"94";"94042";"2";"2";"1";"3";"JEAN D ESTIENNE D ORVES (AV)";"48,8212600";"2,4719100"
"202000017542";"12";"8";"2020";"11:30";"1";"94";"94065";"2";"1";"1";"6";"avenue de versailles";"48,7477200";"2,3644000"
"202000017543";"12";"8";"2020";"13:30";"1";"94";"94079";"2";"1";"1";"2";"LEON DAUER (R)";"48,8255010";"2,5365270"
"202000017544";"12";"8";"2020";"19:50";"1";"94";"94017";"2";"7";"1";"2";"STALINGRAD (BD DE)";"48,8278000";"2,4939000"
"202000017545";"12";"8";"2020";"20:45";"5";"93";"93005";"2";"9";"8";"2";"CHARLES DE GAULLE [CD115] (AVENUE)";"48,9305061";"2,4826894"
"202000017546";"12";"8";"2020";"19:00";"1";"93";"93066";"2";"1";"3";"5";"""STALINGRAD (AVENUE), NR 88 A 114 BIS""";"48,9474758";"2,3744230"
"202000017547";"12";"8";"2020";"17:50";"1";"93";"93053";"2";"3";"1";"3";"ROSNY (AVENUE DE) N° 56 A 242";"48,8941245";"2,4706881"
"202000017548";"11";"8";"2020";"20:30";"1";"93";"93048";"2";"1";"1";"6";"STALINGRAD (RUE DE)";"48,8551000";"2,4464000"
"202000017549";"12";"8";"2020";"20:20";"2";"92";"92062";"2";"1";"1";"6";"BERGERES (RD-PT DES) DU 117 AU 141";"48,8845901";"2,2276962"
"202000017550";"12";"8";"2020";"15:00";"1";"92";"92062";"2";"1";"1";"3";"DE DION BOUTON (QUAI) DU 29 AU 65";"48,8869890";"2,2529295"
"202000017551";"12";"8";"2020";"12:15";"1";"92";"92044";"2";"1";"1";"7";"VIC. HUGO(RUE)115A149 ET 148A178";"48,8988673";"2,2938401"
"202000017552";"12";"8";"2020";"11:00";"1";"92";"92012";"2";"1";"1";"3";"JEAN JAURES (BOULEVARD) 1/61 - COTE IMPA";"48,8412570";"2,2392020"
"202000017553";"12";"8";"2020";"16:50";"1";"92";"92007";"2";"6";"1";"3";"VAILLANT-COUTURIER (AVENU PAUL)";"48,7945100";"2,3165000"
"202000017554";"12";"8";"2020";"15:00";"1";"92";"92007";"2";"1";"1";"2";"PASTEUR (AVENUE LOUIS) N° 1 A 39 ET 2 A";"48,7983017";"2,3175808"