"Num_Acc";"jour";"mois";"an";"hrmn";"lum";"dep";"com";"agg";"int";"atm";"col";"adr";"lat";"long"
"202000017555";"13";"8";"2020";"11:05";"1";"2A";"2A035";"2";"1";"1";"6";"Belvédère-Campomoro";"41,6288730";"8,8160200"
"202000017556";"13";"8";"2020";"17:50";"1";"86";"86272";"1";"1";"8";"1";"Route de Rettel";"46,8277850";"0,4845790"
"202000017557";"13";"8";"2020";"07:15";"1";"11";"11068";"1";"1";"1";"3";"A61";"43,1799620";"2,5623890"
"202000017558";"12";"8";"2020";"18:15";"1";"33";"33205";"1";"1";"1";"1";"D109";"44,6061780";" -0,3933730"
"202000017559";"10";"8";"2020";"18:15";"2";"972";"97227";"1";"1";"1";"3";"N5";"14,4790880";" -60,9633120"
"202000017560";"6";"8";"2020";"13:10";"1";"972";"97226";"1";"1";"1";"2";"D9";"14,4381350";" -60,8762310"
"202000017561";"6";"5";"2020";"22:10";"3";"26";"26337";"1";"9";"1";"7";"autoroute du Soleil";"44,7072230";"4,7858330"
"202000017562";"13";"8";"2020";"14:40";"1";"22";"22005";"1";"1";"1";"2";"4 Kerboll";"48,5521080";" -3,3791170"
"202000017563";"11";"8";"2020";"07:45";"1";"59";"59462";"1";"1";"1";"2";"D925";"50,5254660";"3,0047770"
"202000017564";"13";"8";"2020";"11:18";"1";"19";"19031";"1";"1";"2";"4";"A20";"45,1188720";"1,5010500"
"202000017565";"13";"8";"2020";"04:00";"3";"41";"41136";"1";"1";"2";"7";"A10";"47,7147620";"1,4766110"
"202000017566";"30";"7";"2020";"09:35";"1";"34";"34076";"1";"1";"1";"2";"A75 - PK 289+000";"43,6593030";"3,4433130"
"202000017567";"12";"8";"2020";"15:00";"1";"67";"67434";"2";"3";"1";"3";"Route de Sarrebourg";"48,9329908";"7,0891112"
"202000017568";"11";"8";"2020";"12:10";"1";"79";"79202";"2";"6";"1";"3";"Avenue Pierre Mendes-france";"46,6461880";" -0,2478040"
"202000017569";"1";"8";"2020";"15:00";"1";"79";"79066";"1";"1";"1";"7";"Le Petit Chanteloup";"46,5076820";" -0,3663680"
"202000017570";"13";"8";"2020";"14:20";"1";"2A";"2A085";"1";"3";"1";"3";"D302";"41,9114750";"8,8372990"
"202000017571";"13";"8";"2020";"16:25";"1";"71";"71561";"1";"1";"2";"1";"Ligny-en-Brionnais";"46,2449737";"4,2161409"
"202000017572";"13";"8";"2020";"07:10";"1";"61";"61297";"2";"2";"1";"3";"D932";"48,6454000";"0,4780550"
"202000017573";"12";"8";"2020";"14:30";"1";"12";"12069";"1";"1";"6";"6";"D 999";"43,8766750";"2,7019500"
"202000017574";"13";"8";"2020";"00:00";"3";"47";"47269";"1";"1";"8";"1";"D215";"44,1904210";"0,7631640"
"202000017575";"13";"8";"2020";"14:10";"1";"41";"41060";"2";"1";"2";"6";"26 Rue de l'Eglise";"47,9685660";"0,8930250"
"202000017576";"13";"8";"2020";"11:30";"1";"34";"34283";"1";"1";"1";"7";"D9";"43,8142470";"3,3910420"
"202000017577";"13";"8";"2020";"05:00";"2";"25";"25512";"1";"1";"1";"1";"LES ALLEMANDS";"47,1513770";"6,6972400"
"202000017578";"11";"8";"2020";"18:20";"1";"29";"29245";"1";"3";"1";"5";"Carrefour D25 / D59";"48,4569100";" -4,3623350"
"202000017579";"12";"8";"2020";"16:00";"1";"31";"31091";"2";"1";"8";"1";"3 Avenue de l'Industrie";"43,7183420";"1,3955750"
"202000017580";"13";"8";"2020";"11:50";"1";"38";"38453";"2";"1";"1";"3";"Route de Valence";"45,1168300";"5,3268700"
"202000017581";"12";"8";"2020";"13:00";"1";"38";"38006";"1";"1";"1";"6";"Route du Collet d'Allevard";"45,3917300";"6,1013900"
"202000017582";"13";"8";"2020";"15:30";"1";"03";"03157";"1";"1";"1";"5";"N/A";"46,2103884";"3,5217316"
"202000017583";"12";"8";"2020";"15:27";"1";"06";"06163";"2";"1";"1";"1";"Avenue Jean Medecin";"44,0564650";"7,5867460"
"202000017584";"13";"8";"2020";"15:00";"1";"50";"50417";"1";"1";"1";"6";"D56";"49,5860930";" -1,3283370"
"202000017585";"12";"8";"2020";"16:34";"1";"83";"83074";"1";"1";"1";" -1";"2900 Route Napoléon";"43,7779874";"6,6430353"
"202000017586";"13";"8";"2020";"02:04";"3";"60";"60471";"1";"1";"1";"1";"D1032";"49,5706080";"3,0219220"
"202000017587";"13";"8";"2020";"12:00";"1";"60";"60159";"1";"8";"1";"1";"N31";"49,4137404";"2,9218270"
"202000017588";"11";"8";"2020";"21:40";"5";"43";"43268";"2";"6";"1";"3";"Route de Retournac";"45,1439330";"4,1185430"
"202000017589";"12";"8";"2020";"17:45";"1";"07";"07172";"1";"1";"1";"1";"Route de Picot";"45,2892260";"4,7363470"
"202000017590";"13";"8";"2020";"06:45";"1";"40";"40168";"2";"4";"2";"1";"32 Avenue du Marensin";"43,7825700";" -1,2255070"
"202000017591";"12";"8";"2020";"17:00";"1";"23";"23008";"2";"1";"8";"6";"63 Avenue de la République";"45,9500340";"2,1587440"
"202000017592";"12";"8";"2020";"14:45";"1";"87";"87137";"1";"2";"1";"3";"D85";"45,7412470";"0,8020990"
"202000017593";"13";"8";"2020";"08:20";"1";"37";"37108";"1";"1";"1";"6";"D31";"47,1654165";"1,0293230"
"202000017594";"13";"8";"2020";"16:15";"1";"48";"48038";"1";"1";"2";"7";"D45";"44,8466500";"3,6697980"
"202000017595";"13";"8";"2020";"13:20";"1";"72";"72058";"1";"1";"1";"4";"A28";"47,9675430";"0,3292890"
"202000017596";"12";"8";"2020";"23:15";"3";"80";"80443";"1";"1";"3";"6";"A29";"49,8106630";"1,8417120"
"202000017597";"10";"8";"2020";"21:15";"5";"978";"97801";"2";"3";"1";"3";"N7";"18,0687920";" -63,0357450"
"202000017598";"9";"10";"2020";"17:15";"1";"14";"14244";"1";"1";"1";"6";"D39";"48,9104600";" -0,1369370"
"202000017599";"10";"10";"2020";"08:15";"1";"60";"60259";"1";"1";"1";"7";"Fresnoy-en-Thelle";"49,2039400";"2,2675720"
"202000017600";"13";"8";"2020";"09:00";"1";"01";"01425";"1";"1";"1";"3";"A40";"46,1038950";"5,2907860"
"202000017601";"9";"10";"2020";"20:45";"3";"59";"59139";"1";"1";"1";"3";"D45";"50,1058130";"3,4050970"
"202000017602";"28";"7";"2020";"08:05";"1";"67";"67234";"1";"1";"1";"5";"A4";"48,9725382";"7,0674947"
"202000017603";"12";"8";"2020";"00:15";"5";"972";"97230";"2";"1";"1";"6";"31 Rue Joseph Lagrosilliere";"14,7422370";" -60,9633220"
"202000017604";"7";"10";"2020";"18:55";"2";"83";"83137";"1";"1";"1";"2";"A57";"43,1213200";"5,9533100"
"202000017605";"12";"8";"2020";"22:40";"5";"06";"06099";"2";"1";"1";"6";"Promenade Lieutenant Rene Maurin";"43,9549870";"6,9162250"
"202000017606";"12";"8";"2020";"15:15";"1";"39";"39389";"1";"1";"1";"6";"N/A";"46,7361250";"5,8760760"
"202000017607";"9";"10";"2020";"19:00";"2";"33";"33013";"1";"1";"1";"2";"ROUTE NATIONALE 230";"44,8650300";" -0,5038400"
"202000017608";"13";"8";"2020";"10:15";"1";"71";"71176";"2";"1";"1";"6";"2 Rue des Acacias";"46,4811876";"3,9926332"
"202000017609";"8";"10";"2020";"22:50";"4";"59";"59350";"1";"1";"1";"2";"AUTOROUTE A25";"50,6218570";"3,0217730"
"202000017610";"12";"8";"2020";"18:12";"1";"68";"68012";"1";"1";"1";"3";"Rte";"47,7868790";"7,1312210"
"202000017611";"9";"10";"2020";"12:15";"1";"78";"78524";"1";"1";"2";"6";"A13";"48,8389000";"2,1108000"
"202000017612";"8";"10";"2020";"21:40";"5";"988";"98818";"2";"1";"2";"6";"VE1 SENS SUD//NORD HT STE LE FROID";" -22,2489800";"166,4540800"
"202000017613";"8";"10";"2020";"11:10";"1";"974";"97411";"2";"1";"1";"6";"JAURES (BOULEVARD JEAN)";" -20,8900400";"55,4644800"
"202000017614";"12";"8";"2020";"13:45";"1";"57";"57144";"1";"1";"1";"1";"D29";"49,1344310";"6,8573250"
"202000017615";"8";"10";"2020";"06:35";"2";"974";"97411";"2";"3";"2";"3";"VINH-SAN (BLD 1 DU PRINCE)";" -20,8863200";"55,4398300"
"202000017616";"12";"8";"2020";"12:15";"1";"74";"74280";"2";"1";"1";"1";"Rue de la Saulne";"45,8826710";"6,3257650"
"202000017617";"8";"10";"2020";"19:20";"3";"973";"97302";"1";"6";"1";"3";"CRIQUE FOUILLEE (ROND POINT)";"4,8970353";" -52,3284280"
"202000017618";"11";"8";"2020";"19:10";"1";"38";"38205";"1";"1";"1";" -1";"La Chenevarie";"45,1433900";"5,6099200"
"202000017619";"12";"8";"2020";"13:50";"1";"85";"85112";"1";"1";"8";"3";"D32";"46,5858690";" -1,7619540"
"202000017620";"8";"10";"2020";"18:15";"1";"69";"69383";"2";"3";"1";"3";"RABELAIS                            (R )";"45,7628600";"4,8471800"
"202000017621";"6";"8";"2020";"05:00";"3";"50";"50224";"1";"1";"1";"6";"le colombier";"48,9957310";" -0,9109750"
"202000017622";"8";"10";"2020";"08:45";"1";"69";"69387";"2";"2";"1";"2";"JEAN JAURES                         (AV)";"45,7360800";"4,8365200"
"202000017623";"12";"8";"2020";"19:30";"2";"27";"27213";"1";"3";"3";"3";"Vexin-sur-Epte";"49,1880250";"1,6630230"
"202000017624";"8";"10";"2020";"08:05";"1";"69";"69386";"2";"2";"1";"3";"TETE D'OR (DE LA)                   (R )";"45,7651000";"4,8532000"
"202000017625";"12";"8";"2020";"16:10";"1";"33";"33013";"1";"1";"1";"4";"ROUTE NATIONALE 230";"44,8658900";" -0,5038800"
"202000017626";"7";"10";"2020";"23:46";"5";"69";"69383";"2";"1";"1";"2";"TURBIL                              (R )";"45,7557800";"4,8680000"
"202000017627";"4";"8";"2020";"22:55";"3";"59";"59009";"1";"1";"1";"2";"ROUTE NATIONALE 227";"50,6254090";"3,1354240"
"202000017628";"7";"10";"2020";"22:20";"3";"972";"97213";"1";"1";"1";"2";"ROUTE NATIONALE 1";"14,6322300";" -60,9799000"
"202000017629";"12";"8";"2020";"17:00";"1";"94";"94038";"1";"1";"1";"3";"AUTOROUTE A6B";"48,7910400";"2,3447000"
"202000017630";"6";"10";"2020";"19:25";"5";"972";"97213";"2";"1";"1";"3";"ROUTE NATIONALE 5";"14,5962000";" -60,9925000"
"202000017631";"8";"10";"2020";"15:10";"1";"95";"95491";"2";"6";"1";"3";"DE GAULLE (RUE CHARLES)";"49,0011800";"2,2359900"
"202000017632";"12";"8";"2020";"01:00";"4";"92";"92050";"1";"1";"1";"7";"A14";"48,8937815";"2,2323865"
"202000017633";"8";"10";"2020";"22:50";"5";"91";"91691";"2";"1";"1";"6";"AUGUSTE RENOIR(RUE)";"48,7117200";"2,4911700"
"202000017634";"12";"8";"2020";"05:40";"2";"95";"95151";"1";"1";"1";"6";"RN 104";"49,0648400";"2,2615500"
"202000017635";"6";"10";"2020";"12:30";"1";"91";"91377";"2";"4";"2";"3";"MARTYRS DE SOWETO (AVENUE DES)";"48,7345000";"2,2705000"
"202000017636";"11";"8";"2020";"22:15";"3";"93";"93001";"2";"1";"1";"6";"AUTOROUTE A86";"48,9208900";"2,3717300"
"202000017637";"8";"10";"2020";"08:40";"2";"91";"91326";"2";"1";"1";"1";"GAMBETTA (QUAI)";"48,6849600";"2,3850300"
"202000017638";"12";"8";"2020";"09:00";"1";"94";"94046";"1";"1";"1";"3";"A86 EXT";"48,8129273";"2,4489558"
"202000017639";"8";"10";"2020";"07:56";"5";"87";"87085";"2";"1";"2";"2";"AUTOROUTE A20";"45,8457259";"1,2773431"
"202000017640";"12";"6";"2020";"07:30";"1";"82";"82121";"2";"1";"1";"6";"54 DE GAULLE (AVENUE CHARLES)";"44,0094420";"1,3684270"
"202000017641";"7";"10";"2020";"16:20";"1";"86";"86194";"2";"2";"1";"2";"Rue du Faubourg du Pont Neuf";"46,5727372";"0,3628925"
"202000017642";"10";"8";"2020";"16:00";"1";"974";"97407";"1";"1";"1";"5";"ROUTE NATIONALE N° 1";" -20,9551000";"55,3126000"
"202000017643";"7";"10";"2020";"11:05";"1";"86";"86066";"2";"6";"1";"3";"RD 161 - ROCADE EST";"46,8370800";"0,5402900"
"202000017644";"10";"8";"2020";"20:55";"4";"973";"97302";"2";"3";"1";"3";"FELIX EBOUE(ROCADE)";"4,9275000";" -52,3192000"
"202000017645";"5";"10";"2020";"17:45";"1";"84";"84087";"2";"9";"8";"3";"VERDUN (AVENUE DE)";"44,1280400";"4,8213100"
"202000017646";"10";"8";"2020";"16:00";"1";"973";"97302";"2";"1";"1";"3";"BADUEL (ROUTE DE)";"4,9354000";" -52,3126000"
"202000017647";"7";"10";"2020";"17:50";"1";"78";"78423";"2";"1";"1";"6";"ABOUT (AVENUE NICOLAS)";"48,7785600";"2,0383000"
"202000017648";"11";"8";"2020";"21:30";"2";"69";"69388";"2";"2";"1";"3";"ALBERT THOMAS                       (CO)";"45,7469200";"4,8671200"
"202000017649";"11";"8";"2020";"15:45";"1";"69";"69387";"2";"2";"1";"3";"JEAN JAURES                         (AV)";"45,7481700";"4,8436600"
"202000017650";"10";"8";"2020";"16:40";"1";"69";"69383";"2";"2";"1";"3";"LAFAYETTE                           (CO)";"45,7637000";"4,8430000"
"202000017651";"11";"8";"2020";"08:40";"1";"69";"69383";"2";"1";"1";"6";"ARMENIE (D')                        (R )";"45,7500000";"4,8400000"
"202000017652";"8";"10";"2020";"07:00";"5";"76";"76575";"2";"1";"1";"1";"LENINE. BOULEVARD";"49,3816770";"1,1097900"
"202000017653";"11";"8";"2020";"06:30";"1";"972";"97213";"2";"1";"1";"7";"ROUTE DEPARTEMENTALE 3";"14,6099136";" -60,9964371"
"202000017654";"9";"8";"2020";"03:50";"5";"69";"69382";"2";"3";"1";"6";"DOCTEUR GAILLETON (DU)              (QU)";"45,7532477";"4,8338880"
"202000017655";"7";"10";"2020";"16:10";"1";"76";"76540";"2";"3";"1";"3";"MONT RIBOUDET. AVENUE DU";"49,4480700";"1,0667100"
"202000017656";"10";"8";"2020";"14:44";"1";"90";"90010";"2";"9";"1";"3";"RABIN (PLACE YITZHAK)";"47,6415500";"6,8571800"
"202000017657";"7";"10";"2020";"08:42";"1";"76";"76231";"2";"3";"1";"6";"NEUBOURG. RUE DU (RN 840)";"49,2800451";"1,0075128"
"202000017658";"3";"10";"2020";"20:45";"5";"71";"71486";"2";"1";"1";"6";"HENRI BARBUSSE (RUE)";"46,6437072";"4,3779016"
"202000017659";"27";"6";"2020";"11:20";"1";"84";"84007";"1";"1";"1";"5";"CAVAILLON (Route de Cavaillon)-MONTFAVET";"43,8889600";"4,9221000"
"202000017660";"11";"8";"2020";"15:30";"1";"83";"83137";"2";"3";"1";"3";"JUIN (AVE ALPHONSE)";"43,1202700";"5,9472700"
"202000017661";"8";"10";"2020";"20:30";"2";"69";"69256";"2";"1";"1";"2";"PAUL MARCELLIN                      (AV)";"45,7767300";"4,9312400"
"202000017662";"8";"9";"2020";"08:05";"1";"69";"69264";"2";"1";"1";"6";"LECLERC GENERAL  BD";"45,9953897";"4,7162075"
"202000017663";"10";"8";"2020";"12:10";"1";"83";"83126";"2";"3";"1";"3";"CARMILLE ( AV DU GENERAL)";"43,0951920";"5,8886640"
"202000017664";"7";"10";"2020";"18:00";"2";"67";"67447";"2";"1";"3";"6";"BITCHE (RUE DE)";"48,6098600";"7,7518000"
"202000017665";"8";"7";"2020";"06:55";"1";"82";"82121";"2";"6";"7";"6";"LEOJAC (AVENUE DE)";"44,0218100";"1,3787100"
"202000017666";"9";"8";"2020";"09:00";"1";"80";"80021";"2";"1";"1";"6";"CESAR FRANCK (RUE)";"49,9115900";"2,3095500"
"202000017667";"7";"10";"2020";"23:40";"5";"66";"66136";"2";"2";"1";"3";"MERMOZ (AVENUE JEAN)";"42,6960416";"2,9055807"
"202000017668";"10";"8";"2020";"09:05";"1";"79";"79191";"2";"1";"1";"3";"Avenue de Sevreau";"46,3149700";" -0,5058100"
"202000017669";"7";"10";"2020";"15:40";"1";"65";"65440";"2";"1";"1";"3";"AZEREIX (AVENUE D')";"43,2235900";"0,0498510"
"202000017670";"10";"8";"2020";"22:10";"5";"76";"76540";"2";"1";"1";"4";"VAL D'EAUPLET. RUE DU";"49,4326600";"1,1080300"
"202000017671";"8";"10";"2020";"15:00";"1";"64";"64129";"2";"2";"1";"2";"BAYONNE DE";"43,3023000";" -0,3964800"
"202000017672";"9";"8";"2020";"02:15";"5";"76";"76681";"2";"2";"1";"3";"14 JUILLET. AVENUE DU";"49,4110800";"1,0769700"
"202000017673";"5";"9";"2020";"14:30";"1";"62";"62215";"2";"3";"1";"3";"VIEUX CHATEAU (R DU)";"50,4814500";"2,9643600"
"202000017674";"11";"8";"2020";"17:56";"1";"72";"72095";"1";"1";"1";"2";"BALLON (RTE DE)";"48,0401600";"0,2125400"
"202000017675";"11";"8";"2020";"17:45";"1";"68";"68376";"2";"1";"1";"6";"Rue de l’Ill";"47,8021963";"7,3403037"
"202000017676";"8";"10";"2020";"13:40";"1";"62";"62193";"2";"2";"2";" -1";"LAFAYETTE (BOULEVARD)";"50,9462600";"1,8594400"
"202000017677";"10";"8";"2020";"13:20";"1";"67";"67482";"2";"2";"1";"3";"RHIN (AVENUE DU)";"48,5725000";"7,7659400"
"202000017678";"7";"10";"2020";"08:50";"1";"62";"62846";"2";"6";"7";"3";"CD 943";"50,4792600";"2,7350200"
"202000017679";"7";"10";"2020";"18:00";"1";"59";"59426";"2";"1";"1";"2";"SCHUMAN (RUE ROBERT)";"50,7449794";"3,1536824"
"202000017680";"10";"8";"2020";"09:25";"1";"67";"67482";"2";"1";"1";"2";"THUMENAU (RUE DE LA)";"48,5717110";"7,7552160"
"202000017681";"8";"10";"2020";"15:35";"1";"59";"59368";"2";"2";"8";"3";"DE COUBERTIN PIERRE  BOULEVARD";"50,6486200";"3,0693000"
"202000017682";"7";"10";"2020";"10:47";"1";"54";"54578";"2";"2";"2";"6";"BAUDRICOURT (BD DE)";"48,6780902";"6,1595549"
"202000017683";"8";"10";"2020";"18:21";"1";"51";"51454";"2";"1";"1";"7";"Boulevard Albert 1er";"49,2750136";"4,0177077"
"202000017684";"8";"8";"2020";"23:53";"5";"66";"66136";"2";"2";"1";"3";"DALBIEZ (AVENUE VICTOR)";"42,6895930";"2,8844190"
"202000017685";"7";"10";"2020";"11:55";"1";"51";"51108";"2";"2";"1";"7";"Rue Jean Jaurès";"48,9546220";"4,3525063"
"202000017686";"9";"8";"2020";"16:37";"1";"66";"66136";"1";"1";"1";"2";"Départementale  617";"42,7088300";"2,9131300"
"202000017687";"7";"10";"2020";"07:55";"4";"50";"50502";"2";"1";"2";" -1";"EXODE";"49,1054800";" -1,0871400"
"202000017688";"11";"8";"2020";"21:50";"5";"65";"65440";"2";"2";"1";"3";"SEPTEMBRE (RUE DU IV)";"43,2288000";"0,0830000"
"202000017689";"7";"10";"2020";"13:10";"1";"49";"49007";"2";"1";"1";"1";"CHAUMIN BOULEVARD";"47,4502000";" -0,5586500"
"202000017690";"8";"10";"2020";"06:15";"3";"45";"45232";"2";"1";"2";"6";"Rue Marcel Belot";"47,8396488";"1,9141623"
"202000017691";"10";"8";"2020";"17:00";"1";"64";"64122";"2";"1";"1";"7";"VERDUN (AVENUE DE)";"43,4821428";" -1,5517684"
"202000017692";"9";"8";"2020";"10:44";"1";"64";"64125";"2";"1";"1";"6";"ESPAGNE (AVENUE D')";"43,4298341";" -1,5998980"
"202000017693";"11";"8";"2020";"13:10";"1";"64";"64024";"2";"9";"1";"7";"UNION (ROND POINT DE L')";"43,4857920";" -1,5036560"
"202000017694";"10";"8";"2020";"16:15";"1";"64";"64102";"2";"1";"1";"4";"BASQUE (AVENUE DU GRAND)";"43,4900000";" -1,4559000"
"202000017695";"10";"8";"2020";"16:25";"1";"64";"64024";"2";"1";"1";"7";"BAYONNE (AVENUE DE)";"43,4811000";" -1,5118000"
"202000017696";"27";"6";"2020";"19:30";"1";"62";"62842";"2";"1";"2";"1";"GRISON (R JEAN BAPTISTE)";"50,4599724";"2,8311990"
"202000017697";"9";"8";"2020";"14:40";"1";"59";"59375";"2";"1";"1";"2";"FAUBOURG DE LILLE (RUE DU)";"50,4087500";"3,2771700"
"202000017698";"8";"10";"2020";"17:10";"1";"44";"44162";"2";"1";"1";" -1";"RUE DE L'HOTEL DE VILLE";"47,2112200";" -1,6494200"
"202000017699";"10";"8";"2020";"08:35";"1";"59";"59017";"2";"3";"7";"3";"FAIDHERBE (BD )";"50,6816550";"2,8740610"
"202000017700";"7";"10";"2020";"08:00";"1";"41";"41212";"2";"1";"2";"3";"NATIONALE (ROUTE)";"47,5687400";"1,3619800"
"202000017701";"9";"8";"2020";"10:00";"1";"56";"56098";"2";"3";"7";"1";"KESLER DEVILLERS (AVENUE)";"47,7686000";" -3,3448200"
"202000017702";"8";"10";"2020";"09:45";"1";"38";"38516";"2";"1";"1";"3";"Boulevard de la Chantourne";"45,1978000";"5,7454000"
"202000017703";"8";"8";"2020";"20:10";"1";"56";"56098";"1";"1";"1";"1";"MALACHAPPE (LIEU-DIT)";"47,7877100";" -3,3214600"
"202000017704";"8";"10";"2020";"08:40";"1";"37";"37122";"2";"2";"1";" -1";"PETIT MORON (RUE DU )";"47,3304715";"0,6641810"
"202000017705";"8";"8";"2020";"18:00";"2";"56";"56083";"2";"1";"7";"6";"REPUBLIQUE ( AV. DE LA )";"47,7986300";" -3,2946500"
"202000017706";"8";"10";"2020";"19:35";"5";"33";"33063";"2";"8";"1";"6";"CRS PASTEUR";"44,8356100";" -0,5753500"
"202000017707";"1";"8";"2020";"18:20";"1";"52";"52121";"2";"1";"1";"3";"ABATTOIR (RUE DE L')";"48,1202870";"5,1497930"
"202000017708";"7";"10";"2020";"19:37";"5";"33";"33063";"2";"1";"1";"1";"CRS DE L'ARGONNE";"44,8298900";" -0,5732300"
"202000017709";"11";"8";"2020";"09:10";"1";"51";"51474";"2";"1";"1";"7";"Rue Emile Druart";"49,2754470";"4,0006361"
"202000017710";"8";"10";"2020";"09:10";"1";"31";"31555";"2";"1";"1";"3";"BD MATABIAU";"43,6150000";"1,4478500"
"202000017711";"10";"8";"2020";"17:05";"1";"50";"50502";"2";"9";"1";"1";"HUTREL";"49,1046700";" -1,0941100"
"202000017712";"8";"10";"2020";"01:20";"5";"31";"31555";"2";"1";"1";"6";"CHE DES IZARDS";"43,6378507";"1,4441818"
"202000017713";"10";"8";"2020";"08:55";"1";"50";"50218";"2";"1";"1";"6";"ROGER MARIS (RUE)";"48,8376400";" -1,5931300"
"202000017714";"7";"10";"2020";"10:00";"1";"31";"31555";"2";"1";"1";"3";"BD DE STRASBOURG";"43,6105900";"1,4434900"
"202000017715";"10";"8";"2020";"02:40";"4";"49";"49328";"2";"1";"1";" -1";"347";"47,2794500";" -0,0707500"
"202000017716";"6";"10";"2020";"11:50";"1";"31";"31555";"1";"1";"2";"6";"ECHANGEUR ST MARTIN (A624-RD901)";"43,6172900";"1,3940300"
"202000017717";"10";"8";"2020";"10:24";"1";"49";"49007";"2";"2";"1";"3";"CARNOT";"47,4753600";" -0,5485700"
"202000017718";"3";"10";"2020";"16:58";"1";"31";"31555";"2";"1";"3";"6";"ALL JEAN JAURES";"43,6068177";"1,4501523"
"202000017719";"11";"8";"2020";"02:35";"5";"47";"47323";"2";"1";"1";"6";"CAYREL JEAN-CLAUDE (AVENUE)";"44,4194800";"0,7005500"
"202000017720";"3";"10";"2020";"15:20";"1";"31";"31555";"1";"1";"2";"2";"A621";"43,6173900";"1,3940600"
"202000017721";"2";"10";"2020";"20:25";"5";"31";"31069";"2";"1";"1";"3";"GRENADE (ROUTE DE)";"43,6478610";"1,3832890"
"202000017722";"11";"8";"2020";"17:45";"1";"45";"45338";"2";"2";"1";"1";"Rue Jean Mermoz - Rue des plantes";"47,9810800";"2,7164500"
"202000017723";"8";"10";"2020";"13:35";"1";"28";"28134";"2";"1";"1";"3";"MARCHEBEAUX (RUE DES)";"48,7340100";"1,3609200"
"202000017724";"11";"8";"2020";"13:15";"1";"45";"45004";"2";"1";"1";"2";"ANTIBES (AVENUE D')";"47,9800300";"2,7330500"
"202000017725";"10";"8";"2020";"11:45";"1";"42";"42207";"2";"4";"7";"1";"Rue Marcellin Champagnat";"45,4467700";"4,5049200"
"202000017726";"3";"10";"2020";"20:20";"5";"26";"26362";"2";"2";"2";"3";"58 Boulevard Maréchal Juin";"44,9135100";"4,8935500"
"202000017727";"2";"10";"2020";"09:11";"1";"22";"22215";"2";"2";"1";"3";"FONTAINE MORIN (RUE DE LA)";"48,4924870";" -2,7953610"
"202000017728";"20";"7";"2020";"18:25";"1";"40";"40281";"2";"6";"1";"3";"KENNEDY (AV DU PDT. JOHN FIDGERALD)";"43,8666700";" -0,4884700"
"202000017729";"8";"8";"2020";"15:45";"1";"38";"38185";"2";"1";"1";"6";"A480";"45,1648200";"5,7016100"
"202000017730";"8";"10";"2020";"09:55";"1";"15";"15014";"2";"6";"1";"3";"PREVERT (RUE JACQUES)";"44,9173001";"2,4222627"
"202000017731";"8";"8";"2020";"03:15";"4";"38";"38179";"1";"1";"1";"6";"Avenue de la Combe";"45,1687000";"5,7971800"
"202000017732";"2";"10";"2020";"07:45";"2";"15";"15014";"2";"1";"1";"6";"DOCTEUR CHIBRET (RUE DU)";"44,9356800";"2,4529300"
"202000017733";"8";"10";"2020";"22:24";"5";"13";"13213";"2";"1";"1";"6";"ENJOLRAS (AVENUE)";"43,3367500";"5,4522170"
"202000017734";"11";"8";"2020";"15:25";"1";"33";"33069";"2";"6";"1";"3";"AVE JULES GUESDE";"44,8647700";" -0,5874000"
"202000017735";"8";"10";"2020";"14:00";"1";"13";"13212";"2";"1";"1";"3";"SAINT PIERRE (RUE)";"43,2913300";"5,4169900"
"202000017736";"8";"10";"2020";"11:00";"1";"13";"13203";"2";"1";"1";"6";"RUFFI (RUE DE)";"43,3093800";"5,3727100"
"202000017737";"6";"8";"2020";"09:30";"1";"33";"33318";"2";"2";"1";"2";"AVE DU BOURGAILH";"44,7994800";" -0,6632100"
"202000017738";"8";"10";"2020";"09:20";"1";"13";"13208";"2";"1";"1";"2";"GASTON CREMIEUX (RUE)";"43,2796600";"5,3791100"
"202000017739";"10";"8";"2020";"12:00";"1";"33";"33529";"1";"1";"1";"7";"BISCAROSSE (AVE DE) JUSQU'A DUNE";"44,5607800";" -1,2344700"
"202000017740";"7";"10";"2020";"15:54";"1";"10";"10333";"2";"1";"1";"4";"AUXERRE (ROUTE),";"48,2740140";"4,0581780"
"202000017741";"10";"8";"2020";"21:00";"2";"31";"31555";"2";"1";"1";" -1";"AV DES ETATS UNIS";"43,6335870";"1,4313830"
"202000017742";"8";"10";"2020";"11:00";"1";"09";"09122";"2";"1";"1";"3";"LERIDA (AVENUE DE)";"42,9627700";"1,6039500"
"202000017743";"7";"10";"2020";"17:35";"1";"06";"06029";"1";"1";"1";"2";"BUISSONS ARDENTS";"43,5585000";"6,9675000"
"202000017744";"11";"8";"2020";"14:30";"1";"25";"25056";"2";"1";"1";"1";"FAURE AVENUE EDGAR";"47,2442740";"6,0179490"
"202000017745";"7";"10";"2020";"17:00";"1";"02";"02722";"1";"1";"1";"2";"ROUTE NATIONALE 31";"49,3750000";"3,2970700"
"202000017746";"28";"7";"2020";"14:48";"1";"24";"24037";"2";"9";"1";"3";"DE GAULLE (AVENUE DU GENERAL)";"44,8343700";"0,4490300"
"202000017747";"7";"8";"2020";"20:40";"1";"23";"23096";"1";"2";"1";"3";"940 (ROUTE DEPARTEMENTALE)";"46,1392470";"1,8644360"
"202000017748";"8";"10";"2020";"15:55";"1";"75";"75119";"2";"4";"1";"4";"PORTE DE PANTIN";"48,8873610";"2,3968070"