"Num_Acc";"jour";"mois";"an";"hrmn";"lum";"dep";"com";"agg";"int";"atm";"col";"adr";"lat";"long"
"202000017749";"8";"10";"2020";"09:30";"1";"75";"75116";"2";"1";"1";"3";"PORTE DAUPHINE";"48,8691710";"2,2706870"
"202000017750";"11";"8";"2020";"14:05";"1";"17";"17306";"2";"6";"1";" -1";"LAIR  LOUIS (BD)";"45,6237243";" -1,0401186"
"202000017751";"11";"8";"2020";"12:35";"1";"14";"14137";"2";"3";"1";"3";"CAUMONT (ROUTE DE )";"49,1871970";" -0,4257370"
"202000017752";"7";"10";"2020";"06:35";"5";"75";"75118";"2";"1";"1";"6";"PORTE DE LA CHAPELLE";"48,9003070";"2,3591960"
"202000017753";"10";"8";"2020";"18:50";"1";"13";"13206";"2";"1";"1";"1";"LIEUTAUD (COURS)";"43,2907540";"5,3832490"
"202000017754";"6";"10";"2020";"17:10";"1";"75";"75115";"2";"3";"2";"6";"RUE DE LA CROIX NIVERT";"48,8466190";"2,2996600"
"202000017755";"8";"10";"2020";"15:29";"1";"75";"75118";"2";"2";"8";"6";"BOULEVARD BARBES";"48,8883640";"2,3495970"
"202000017756";"10";"8";"2020";"17:30";"1";"13";"13047";"2";"1";"1";"6";"MOURGUETTES ALL‚E DES";"43,4918800";"4,9853200"
"202000017757";"8";"10";"2020";"09:20";"1";"75";"75118";"2";"5";"1";"3";"RUE CUSTINE";"48,8884140";"2,3480270"
"202000017758";"8";"8";"2020";"06:05";"1";"11";"11262";"2";"2";"1";"3";"POMPIDOR (AVENUE)";"43,1827800";"2,9792100"
"202000017759";"8";"10";"2020";"16:47";"1";"75";"75116";"2";"1";"1";"6";"RUE DES BELLES FEUILLES";"48,8693540";"2,2798010"
"202000017760";"8";"10";"2020";"17:30";"1";"75";"75114";"2";"3";"1";"2";"RUE DE LA TOMBE ISSOIRE";"48,8289360";"2,3332450"
"202000017761";"27";"7";"2020";"13:00";"1";"11";"11262";"2";"1";"1";" -1";"MARCORIGNAN (ROUTE DE)";"43,1999100";"2,9712400"
"202000017762";"8";"10";"2020";"02:35";"5";"75";"75114";"2";"2";"1";"6";"BOULEVARD BRUNE";"48,8246430";"2,3195450"
"202000017763";"6";"8";"2020";"08:11";"1";"06";"06030";"2";"1";"1";"6";"FERRY (RUE JULES)";"43,5725910";"7,0031450"
"202000017764";"10";"8";"2020";"11:16";"2";"06";"06123";"2";"6";"1";"3";"POMPIDOU GEORGES BOULEVARD";"43,6660000";"7,1960000"
"202000017765";"7";"10";"2020";"20:05";"5";"75";"75114";"2";"3";"1";"3";"RUE DIDOT";"48,8321830";"2,3203880"
"202000017766";"8";"10";"2020";"15:05";"1";"75";"75113";"2";"3";"1";"7";"AVENUE D ITALIE";"48,8277800";"2,3567680"
"202000017767";"10";"8";"2020";"17:20";"1";"02";"02738";"2";"1";"1";"2";"MAUGER(RUE DU)";"49,6497800";"3,3176500"
"202000017768";"11";"8";"2020";"17:15";"1";"75";"75118";"2";"4";"1";"4";"BOULEVARD PERIPHERIQUE";"48,9006890";"2,3442370"
"202000017769";"8";"10";"2020";"08:35";"1";"75";"75113";"2";"3";"1";"3";"AVENUE DES GOBELINS";"48,8331830";"2,3543880"
"202000017770";"11";"8";"2020";"01:30";"5";"75";"75117";"2";"4";"1";"3";"AVENUE DE LA PORTE DE CLICHY";"48,8962780";"2,3099980"
"202000017771";"8";"10";"2020";"10:35";"1";"75";"75112";"2";"1";"1";"2";"BOULEVARD DIDEROT";"48,8478390";"2,3913390"
"202000017772";"11";"8";"2020";"16:44";"1";"75";"75114";"2";"4";"2";"3";"AVENUE DE LA PORTE DE CHATILLON";"48,8223920";"2,3143730"
"202000017773";"8";"10";"2020";"07:10";"2";"75";"75112";"2";"2";"1";"3";"QUAI DE LA RAPEE";"48,8458420";"2,3676420"
"202000017774";"11";"8";"2020";"16:30";"1";"75";"75113";"2";"2";"8";"3";"QUAI PANHARD ET LEVASSOR";"48,8281030";"2,3848710"
"202000017775";"11";"8";"2020";"10:44";"1";"75";"75113";"2";"1";"1";"3";"BOULEVARD DE L HOPITAL";"48,8349730";"2,3581040"
"202000017776";"8";"10";"2020";"19:00";"2";"75";"75108";"2";"7";"1";"3";"PLACE DE L ALMA";"48,8647290";"2,3017030"
"202000017777";"11";"8";"2020";"09:45";"1";"75";"75112";"2";"3";"1";"6";"AVENUE DAUMESNIL";"48,8380970";"2,3996650"
"202000017778";"8";"10";"2020";"07:50";"1";"75";"75108";"2";"7";"2";"3";"PLACE DE LA CONCORDE";"48,8643550";"2,3202960"
"202000017779";"11";"8";"2020";"16:25";"1";"75";"75110";"2";"7";"1";"3";"PLACE FRANZ LISZT";"48,8779050";"2,3516070"
"202000017780";"8";"10";"2020";"18:45";"1";"75";"75103";"2";"3";"1";"3";"RUE DE BRETAGNE";"48,8634020";"2,3615440"
"202000017781";"11";"8";"2020";"13:40";"1";"75";"75109";"2";"4";"7";"7";"RUE NOTRE DAME DE LORETTE";"48,8789890";"2,3368380"
"202000017782";"11";"8";"2020";"17:05";"1";"75";"75102";"2";"1";"2";"7";"RUE MONTORGUEIL";"48,8653730";"2,3469500"
"202000017783";"8";"10";"2020";"11:00";"1";"75";"75102";"2";"1";"8";"6";"BOULEVARD MONTMARTRE";"48,8715750";"2,3423890"
"202000017784";"10";"8";"2020";"09:50";"1";"94";"94076";"2";"1";"1";"3";"STALINGRAD (AV DE)";"48,7820000";"2,3677200"
"202000017785";"8";"10";"2020";"09:25";"1";"75";"75103";"2";"3";"1";"3";"RUE DE TURENNE";"48,8599810";"2,3645570"
"202000017786";"10";"8";"2020";"09:50";"1";"94";"94028";"2";"1";"1";"6";"AVET.(RUE PAUL FRANCOIS)";"48,7956700";"2,4634600"
"202000017787";"11";"8";"2020";"14:20";"1";"94";"94022";"2";"1";"1";"6";"ANATOLE FRANCE (AV)";"48,7596640";"2,4086680"
"202000017788";"7";"10";"2020";"10:57";"1";"94";"94068";"2";"6";"1";"6";"GARIBALDI (R)";"48,7900000";"2,4880000"
"202000017789";"11";"8";"2020";"15:15";"1";"94";"94017";"2";"1";"1";"6";"Rue Louis Talamoni";"48,8131400";"2,5126100"
"202000017790";"6";"10";"2020";"19:35";"5";"94";"94068";"2";"2";"1";"3";"VERDUN (AV DE)";"48,8018820";"2,5143030"
"202000017791";"11";"8";"2020";"18:40";"1";"93";"93078";"2";"1";"2";"3";"BALLANGER (BD ROBERT)";"48,9560732";"2,5405555"
"202000017792";"8";"10";"2020";"14:10";"1";"94";"94046";"2";"1";"1";"3";"PIERRE CURIE (R)";"48,8107280";"2,4254010"
"202000017793";"11";"8";"2020";"10:20";"1";"93";"93059";"2";"1";"1";"2";"Boulevard Jean Mermoz";"48,9722900";"2,3662200"
"202000017794";"8";"10";"2020";"14:15";"1";"94";"94076";"2";"4";"1";" -1";"PARIS (AV DE)";"48,8041900";"2,3644900"
"202000017795";"11";"8";"2020";"20:05";"1";"93";"93015";"1";"1";"2";"6";"RTE STRATEGIQUE";"48,9244240";"2,5741160"
"202000017796";"8";"10";"2020";"17:25";"1";"94";"94022";"2";"9";"1";"6";"ROLLIN REGNIER (R)";"48,7682330";"2,4063710"
"202000017797";"8";"10";"2020";"16:30";"1";"94";"94022";"2";"1";"1";"6";"ALLIES (BD DES)";"48,7653620";"2,4052550"
"202000017798";"10";"8";"2020";"21:25";"5";"93";"93029";"2";"2";"1";"3";"R ANATOLE FRANCE / CH LATERAL";"48,9335000";"2,4555000"
"202000017799";"8";"10";"2020";"10:45";"1";"94";"94022";"2";"2";"1";"7";"NEWBURN (AV DE)";"48,7548900";"2,4115200"
"202000017800";"11";"8";"2020";"11:25";"1";"93";"93010";"2";"3";"1";"6";"VARAGNAT (AVENUE HENRI)";"48,9131566";"2,4822312"
"202000017801";"7";"10";"2020";"16:50";"1";"94";"94019";"2";"1";"1";"2";"CHENNEVIERES (RTE DE)";"48,8056310";"2,5327270"
"202000017802";"10";"8";"2020";"17:48";"1";"92";"92049";"2";"2";"1";"3";"GINOUX AVENUE HENRI AUTRES N°";"48,8180073";"2,3222646"
"202000017803";"10";"8";"2020";"13:00";"1";"92";"92020";"2";"1";"1";"3";"LASEGUE RUE N° IMPAIRS";"48,8027600";"2,2790940"
"202000017804";"8";"10";"2020";"09:20";"1";"94";"94004";"2";"1";"1";"6";"PARIS (R DE)";"48,7522210";"2,5088500"
"202000017805";"7";"10";"2020";"20:00";"5";"93";"93031";"2";"1";"1";"3";"AV DU DIX HUIT JUIN 1940";"48,9533300";"2,3075000"
"202000017806";"8";"10";"2020";"09:25";"1";"93";"93029";"2";"1";"1";"2";"AV HENRI BARBUSSE";"48,9201100";"2,4518600"
"202000017807";"8";"10";"2020";"07:45";"1";"93";"93029";"2";"9";"1";"3";"SADI CARNOT";"48,9253333";"2,4410775"
"202000017808";"8";"10";"2020";"07:20";"1";"93";"93013";"2";"1";"8";"2";"LECLERC (AVENU DE LA DIVISION)";"48,9361837";"2,4270859"
"202000017809";"7";"10";"2020";"22:05";"5";"93";"93014";"2";"1";"1";"6";"GAGARINE (BOULEVARD)";"48,9066200";"2,5376000"
"202000017810";"8";"10";"2020";"16:20";"1";"92";"92075";"2";"6";"8";"7";"CARREFOUR DE L'INSURRECTION";"48,8202200";"2,2906400"
"202000017811";"8";"10";"2020";"20:20";"5";"92";"92040";"2";"1";"1";"7";"PDT ROOSEVELT (QUAI DU)";"48,8298674";"2,2608635"
"202000017812";"8";"10";"2020";"06:45";"5";"92";"92040";"2";"1";"2";"3";"AUGUSTE GERVAIS";"48,8229633";"2,2734637"
"202000017813";"7";"10";"2020";"13:20";"1";"92";"92026";"2";"3";"1";"1";"MARCEAU";"48,9007800";"2,2445600"
"202000017814";"6";"10";"2020";"20:05";"5";"92";"92025";"2";"5";"8";"3";"YOURI GAGARINE (RUE)";"48,9257770";"2,2452620"
"202000017815";"28";"9";"2020";"11:00";"1";"92";"92024";"2";"2";"1";"6";"HENRI BARBUSSE (RUE) DE (73 A 139)";"48,9008800";"2,3080400"
"202000017816";"8";"10";"2020";"18:45";"2";"92";"92012";"2";"1";"1";"6";"EDOUARD VAILLANT (AVENUE) 57/FIN - 58/FI";"48,8348415";"2,2470649"
"202000017817";"8";"10";"2020";"17:50";"1";"49";"49244";"1";"1";"8";"1";"D151";"47,3205850";" -0,8927460"
"202000017818";"8";"10";"2020";"17:00";"1";"971";"97133";"1";"1";"1";"1";"Route de Mazarin, RD 6";"15,9584560";" -61,7088800"
"202000017819";"9";"10";"2020";"14:00";"1";"62";"62390";"2";"1";"1";"6";"Route de Berck";"50,3879000";"1,6099400"
"202000017820";"12";"8";"2020";"12:00";"1";"84";"84099";"1";"2";"1";"3";"Chemin des Mulets";"43,8562850";"5,0834300"
"202000017821";"9";"10";"2020";"07:15";"2";"87";"87107";"1";"1";"1";"2";"La Poitevine";"45,9355910";"1,1894040"
"202000017822";"8";"10";"2020";"07:45";"2";"35";"35024";"1";"1";"1";"2";"D 175";"48,1593730";" -1,6257190"
"202000017823";"8";"10";"2020";"18:15";"1";"56";"56185";"1";"6";"1";"6";"ZAC le Mourillon";"47,7770570";" -3,4188920"
"202000017824";"8";"10";"2020";"15:20";"1";"76";"76443";"1";"1";"2";"7";"D3 route de clères";"49,5658830";"1,1125480"
"202000017825";"9";"10";"2020";"11:32";"1";"69";"69063";"2";"1";"1";"6";"Rue de Trèves Pâques";"45,8167690";"4,8401370"
"202000017826";"8";"10";"2020";"11:00";"1";"32";"32125";"1";"3";"1";"3";"D162";"43,7768110";"0,1228130"
"202000017827";"5";"10";"2020";"09:55";"1";"61";"61342";"2";"2";"2";"7";"Avenue Bresnard";"48,7506680";"0,5814490"
"202000017828";"8";"10";"2020";"20:20";"3";"42";"42318";"1";"1";"1";"4";"D104";"45,3924649";"3,9614075"
"202000017829";"9";"10";"2020";"16:45";"1";"68";"68259";"1";"3";"1";"3";"Route de Kiffis";"47,4672440";"7,3473740"
"202000017830";"9";"10";"2020";"13:20";"1";"25";"25321";"1";"1";"1";"5";"D461";"47,0594850";"6,6973040"
"202000017831";"6";"10";"2020";"22:00";"3";"25";"25271";"1";"1";"1";"7";"D132";"47,0521860";"6,4771270"
"202000017832";"9";"10";"2020";"11:10";"1";"25";"25594";"1";"1";"1";"2";"D673";"47,1990730";"5,8689310"
"202000017833";"7";"10";"2020";"16:00";"1";"29";"29184";"1";"1";"1";"6";"Lieu Dit Lopreden";"48,6105167";" -3,9852304"
"202000017834";"9";"10";"2020";"17:45";"1";"31";"31585";"1";"1";"1";"6";"Prat d'Andre";"43,1139190";"0,6747200"
"202000017835";"9";"10";"2020";"14:29";"1";"31";"31375";"1";"1";"1";"3";"Route de Lahitere";"43,1902060";"1,2220360"
"202000017836";"9";"10";"2020";"15:20";"1";"02";"02780";"1";"1";"1";"5";"N/A";"49,3615330";"3,4010840"
"202000017837";"9";"10";"2020";"15:45";"1";"01";"01373";"1";"1";"1";"6";"Route de la Crozette";"46,1276490";"5,5556220"
"202000017838";"9";"10";"2020";"05:00";"3";"72";"72090";"1";"1";"2";"6";"Rue de la Jatterie";"48,0496350";"0,4836880"
"202000017839";"9";"10";"2020";"17:30";"1";"05";"05017";"1";"1";"1";"2";"N94";"44,5738090";"6,1715700"
"202000017840";"9";"10";"2020";"06:45";"3";"64";"64185";"2";"1";"1";"1";"Le Bourg - RN134";"42,9329870";" -0,5860200"
"202000017841";"9";"10";"2020";"18:40";"2";"73";"73121";"2";"1";"1";"6";"D201c / 35 Lotissement Prè de la Dame";"45,6378255";"6,3111458"
"202000017842";"5";"10";"2020";"07:45";"1";"30";"30116";"1";"1";"1";"2";"RD 6100";"43,9396790";"4,5897640"
"202000017843";"1";"10";"2020";"07:00";"3";"80";"80160";"1";"1";"2";"3";"A29";"49,8519510";"2,3495560"
"202000017844";"8";"10";"2020";"17:15";"1";"978";"97801";"1";"1";"1";"2";"Route nationale 7";"18,0987940";" -63,0502640"
"202000017845";"9";"10";"2020";"15:40";"1";"95";"95678";"1";"1";"1";"3";"D9";"49,0753420";"2,2435710"
"202000017846";"9";"10";"2020";"08:30";"1";"06";"06018";"1";"1";"1";"3";"3124 Route de Valbonne";"43,6348230";"7,0713830"
"202000017847";"8";"10";"2020";"18:09";"1";"86";"86297";"1";"9";"8";"6";"A10";"46,5546820";"0,2828830"
"202000017848";"9";"10";"2020";"04:15";"3";"51";"51015";"1";"1";"2";"7";"A4";"49,0749997";"4,8553504"
"202000017849";"9";"10";"2020";"16:25";"1";"07";"07010";"2";"6";"1";"2";"D878";"45,2392960";"4,6907010"
"202000017850";"6";"10";"2020";"18:00";"2";"69";"69064";"1";"1";"3";"1";"D59";"45,4881486";"4,7566151"
"202000017851";"6";"10";"2020";"18:49";"3";"987";"98747";"1";"1";"1";"1";"Faaone PK 45+100";" -17,7515450";" -149,2403540"
"202000017852";"9";"10";"2020";"11:30";"1";"988";"98826";"1";"1";"1";"6";"VU4";" -20,2272400";"164,0783900"
"202000017853";"9";"10";"2020";"17:35";"1";"2B";"2B042";"2";"1";"1";"2";"Avenue de Borgo";"42,5649500";"9,4409570"
"202000017854";"8";"10";"2020";"10:20";"1";"83";"83115";"1";"1";"1";"3";"89 Avenue du Débarquement";"43,3227540";"6,6532840"
"202000017855";"9";"10";"2020";"14:37";"1";"13";"13041";"2";"1";"1";"6";"Boulevard Paul Cezanne";"43,4514510";"5,4710040"
"202000017856";"9";"10";"2020";"14:50";"1";"89";"89083";"1";"2";"2";"5";"D89";"47,8198780";"3,4525090"
"202000017857";"9";"10";"2020";"10:05";"1";"57";"57209";"1";"6";"2";"3";"D910";"49,0337320";"6,5962280"
"202000017858";"8";"10";"2020";"11:54";"1";"74";"74056";"2";"1";"1";"7";"44 Rue Charlet Straton";"45,9816170";"6,9254900"
"202000017859";"16";"8";"2020";"02:15";"3";"73";"73006";"1";"1";"1";"6";"D218 Route de Villaroland";"45,5571818";"6,6355007"
"202000017860";"9";"10";"2020";"18:00";"1";"38";"38496";"1";"1";"1";"7";"Route de Bougé";"45,3388000";"4,9114700"
"202000017861";"8";"10";"2020";"21:25";"5";"38";"38344";"2";"3";"1";"3";"Route de Sablons";"45,3603600";"4,7946900"
"202000017862";"8";"10";"2020";"19:06";"5";"69";"69052";"2";"1";"1";"2";"2 Route de Lozanne";"45,8759968";"4,7108067"
"202000017863";"7";"10";"2020";"11:30";"1";"33";"33243";"2";"2";"1";"6";"39 Av Anciens Combattants En Afn";"44,9149750";" -0,2325210"
"202000017864";"1";"10";"2020";"15:00";"1";"29";"29058";"2";"6";"3";"7";"5 Chemin de Ker An Braz";"47,8907724";" -4,0138806"
"202000017865";"1";"10";"2020";"10:25";"1";"27";"27165";"1";"1";"8";"1";"D830 - PK19+100";"48,9520390";"0,9123210"
"202000017866";"9";"10";"2020";"17:25";"1";"59";"59012";"2";"3";"1";"1";"Rue du Roi Albert 1er";"49,9939561";"4,1246194"
"202000017867";"8";"10";"2020";"22:00";"5";"59";"59011";"2";"3";"8";"7";"55 Rue Leon Boistelle";"50,5294130";"2,9248070"
"202000017868";"6";"9";"2020";"21:00";"3";"13";"13015";"1";"1";"1";"6";"A51-Sens Marseille vers Aix en Provence";"43,4385000";"5,3962000"
"202000017869";"8";"10";"2020";"16:40";"1";"13";"13071";"1";"1";"1";"2";"A7-Sens Lyon vers Marseille";"43,4155200";"5,2779010"
"202000017870";"8";"10";"2020";"17:30";"1";"13";"13215";"1";"1";"1";"7";"A7-Sens Lyon vers Marseille";"43,3904762";"5,3509762"
"202000017871";"8";"10";"2020";"08:55";"1";"13";"13215";"1";"1";"1";"2";"A7-Sens Marseille vers Lyon";"43,3317000";"5,3777000"
"202000017872";"3";"10";"2020";"20:30";"3";"13";"13203";"1";"1";"8";"2";"A7-Sens Marseille vers Lyon";"43,3618100";"5,3612100"
"202000017873";"8";"10";"2020";"16:25";"1";"33";"33550";"1";"1";"1";"4";"AUTOROUTE A 62";"44,7605600";" -0,5468700"
"202000017874";"6";"10";"2020";"09:25";"1";"33";"33063";"1";"1";"3";"7";"ROCADE A 630";"44,8839900";" -0,5586100"
"202000017875";"8";"10";"2020";"07:45";"1";"92";"92036";"1";"1";"1";" -1";"RN315 W";"48,9347210";"2,3019484"
"202000017876";"8";"10";"2020";"07:15";"3";"78";"78208";"1";"1";"1";"2";"RN12 EXT";"48,8003510";"1,9730560"
"202000017877";"7";"10";"2020";"17:20";"1";"78";"78490";"1";"1";"2";"4";"RN12 EXT";"48,7997110";"1,9637830"
"202000017878";"7";"10";"2020";"16:15";"1";"92";"92036";"1";"1";"1";"2";"A86";"48,9344018";"2,2803241"
"202000017879";"7";"10";"2020";"14:45";"1";"78";"78043";"1";"1";"2";"4";"A12 Y";"48,8422230";"2,0997880"
"202000017880";"7";"10";"2020";"11:20";"1";"95";"95572";"1";"1";"1";"7";"A15";"49,0321919";"2,1118276"
"202000017881";"7";"10";"2020";"19:43";"3";"93";"93005";"1";"1";"1";"2";"AUTOROUTE A3";"48,9504400";"2,4776300"
"202000017882";"8";"10";"2020";"18:15";"1";"77";"77169";"1";"1";"1";"3";"A4.W";"48,8305360";"2,6079490"
"202000017883";"8";"10";"2020";"09:00";"1";"77";"77121";"1";"1";"2";" -1";"A104";"48,8371000";"2,6648000"
"202000017884";"7";"10";"2020";"18:50";"1";"77";"77058";"1";"1";"1";"7";"A4";"48,8282500";"2,7263100"
"202000017885";"7";"10";"2020";"08:00";"1";"94";"94069";"1";"1";"2";" -1";"A4";"48,8165600";"2,4515800"
"202000017886";"7";"10";"2020";"20:15";"5";"974";"97416";"1";"1";"1";"7";"RECHERCHANT(RUE ADRIEN)";" -21,2874000";"55,4825000"
"202000017887";"7";"10";"2020";"09:05";"1";"973";"97302";"2";"1";"1";"3";"BOULEVARD DES CITES";"4,9230160";" -52,3168302"
"202000017888";"6";"10";"2020";"06:55";"1";"973";"97302";"2";"1";"1";"3";"CABASSOU (ROUTE DE)";"4,9119098";" -52,3080647"
"202000017889";"7";"10";"2020";"18:05";"1";"69";"69383";"1";"1";"1";"6";"JEAN REVERZY                        (SQ)";"45,7516300";"4,8717200"
"202000017890";"7";"10";"2020";"17:15";"1";"69";"69286";"2";"3";"1";"3";"MERCIERES (DES)                     (R )";"45,8156900";"4,8778900"
"202000017891";"6";"10";"2020";"20:00";"5";"69";"69142";"2";"1";"1";"1";"GENERAL DE GAULLE                   (AV)";"45,7271000";"4,8128700"
"202000017892";"7";"10";"2020";"05:40";"1";"971";"97101";"2";"1";"1";"6";"Frédéric JALTON";"16,2739300";" -61,5046700"
"202000017893";"30";"9";"2020";"15:55";"1";"95";"95197";"2";"1";"1";"6";"GARE (RUE DE LA)";"48,9753700";"2,3323200"
"202000017894";"6";"10";"2020";"20:20";"4";"91";"91161";"2";"6";"1";"3";"GRAVIGNY (RUE DE)";"48,6965540";"2,3065930"
"202000017895";"7";"10";"2020";"14:15";"1";"91";"91286";"2";"1";"1";"2";"CARRIERS ITALIENS (RUE DES)";"48,6556400";"2,3802600"
"202000017896";"21";"12";"2020";"18:44";"3";"33";"33039";"1";"1";"8";"4";"A631";"44,8122800";" -0,5337900"
"202000017897";"22";"12";"2020";"01:25";"5";"31";"31555";"1";"1";"1";"7";"VA007331 A620";"43,6493900";"1,4216100"
"202000017898";"20";"12";"2020";"10:10";"1";"31";"31555";"1";"1";"1";"3";"VA007331 A620";"43,6535500";"1,4254600"
"202000017899";"28";"10";"2020";"19:30";"5";"27";"27229";"2";"1";"1";"6";"FOCH (AVENUE DU MARECHAL)";"49,0235000";"1,1340000"
"202000017900";"21";"12";"2020";"15:00";"1";"25";"25056";"2";"9";"2";"3";"GAULLE BOULEVARD CHARLES";"47,2316000";"6,0187000"
"202000017901";"21";"12";"2020";"11:40";"1";"21";"21231";"2";"1";"5";"3";"Quai Nicolas Rolin";"47,3181576";"5,0205792"
"202000017902";"21";"12";"2020";"10:20";"1";"21";"21223";"1";"1";"2";"2";"N274 (LINO)";"47,3459811";"4,9944512"
"202000017903";"22";"12";"2020";"08:30";"2";"14";"14327";"2";"2";"1";"3";"FLEMING (RUE ALEXANDER)";"49,2080600";" -0,3394100"
"202000017904";"22";"12";"2020";"16:30";"1";"13";"13210";"2";"7";"1";"2";"POLOGNE (PLACE DE)";"43,2835076";"5,3989461"
"202000017905";"22";"12";"2020";"08:00";"1";"13";"13211";"2";"1";"1";"6";"SABLIERE (ROUTE DE LA)";"43,2937260";"5,4803250"
"202000017906";"22";"12";"2020";"01:30";"5";"13";"13215";"2";"1";"1";"6";"HENRI BARNIER (BOULEVARD)";"43,3721295";"5,3489417"
"202000017907";"21";"12";"2020";"17:30";"5";"13";"13047";"2";"1";"2";"4";"RADOLFZELL AVENUE DE";"43,5000900";"4,9756900"
"202000017908";"8";"12";"2020";"18:05";"5";"13";"13001";"2";"1";"8";"6";"VILLEVIELLE JOSEPH (RUE)";"43,5259600";"5,4423900"
"202000017909";"21";"12";"2020";"15:25";"1";"11";"11069";"2";"1";"1";"3";"ALEXANDRO VOLTA -RUE-";"43,2054000";"2,3094000"
"202000017910";"21";"12";"2020";"09:51";"1";"10";"10081";"2";"1";"2";"6";"JEAN-BAPTISTE COLBERT (RUE)";"48,3100240";"4,0258200"
"202000017911";"21";"12";"2020";"14:02";"1";"05";"05061";"2";"9";"1";"3";"PATAC ( CHEMIN DE )";"44,5390000";"6,0646000"
"202000017912";"22";"12";"2020";"06:55";"3";"01";"01451";"2";"1";"2";"1";"MARBOZ RD 996 ( ROUTE DE ) PAIR";"46,2356979";"5,2283319"
"202000017913";"21";"12";"2020";"22:10";"5";"75";"75119";"2";"1";"2";"4";"BOULEVARD PERIPHERIQUE";"48,9006150";"2,3724800"
"202000017914";"22";"12";"2020";"14:10";"1";"75";"75118";"2";"4";"1";"3";"BOULEVARD ORNANO";"48,8952170";"2,3465960"
"202000017915";"22";"12";"2020";"11:15";"1";"75";"75118";"2";"2";"2";"6";"RUE ORDENER";"48,8933670";"2,3382550"
"202000017916";"21";"12";"2020";"18:25";"5";"75";"75117";"2";"1";"1";"6";"BOULEVARD BESSIERES";"48,8948140";"2,3144500"
"202000017917";"21";"12";"2020";"15:00";"1";"75";"75116";"2";"1";"2";"3";"AVENUE D IENA";"48,8664250";"2,2949190"
"202000017918";"22";"12";"2020";"13:35";"1";"75";"75114";"2";"4";"2";"3";"BOULEVARD EDGAR QUINET";"48,8415340";"2,3235310"
"202000017919";"21";"12";"2020";"17:45";"5";"75";"75113";"2";"3";"2";"6";"BOULEVARD VINCENT AURIOL";"48,8338450";"2,3651710"
"202000017920";"22";"12";"2020";"11:45";"1";"75";"75112";"2";"1";"1";"6";"RUE DU DOCTEUR GOUJON";"48,8399690";"2,3980680"
"202000017921";"22";"12";"2020";"04:55";"5";"75";"75112";"2";"1";"3";"6";"QUAI DE BERCY";"48,8351140";"2,3803680"
"202000017922";"22";"12";"2020";"08:00";"2";"75";"75111";"2";"3";"8";"3";"AVENUE PARMENTIER";"48,8690300";"2,3717630"
"202000017923";"22";"12";"2020";"19:30";"5";"75";"75108";"2";"1";"1";"6";"RUE DES MATHURINS";"48,8733440";"2,3239380"
"202000017924";"22";"12";"2020";"13:40";"1";"75";"75101";"2";"3";"8";"6";"RUE PIERRE LESCOT";"48,8616120";"2,3480740"
"202000017925";"22";"12";"2020";"19:35";"5";"94";"94080";"2";"1";"2";"3";"FONTENAY (R DE)";"48,8480000";"2,4403600"
"202000017926";"22";"12";"2020";"07:00";"3";"94";"94073";"1";"1";"2";"2";"RN 186";"48,7538000";"2,3743200"
"202000017927";"21";"12";"2020";"09:48";"1";"94";"94028";"2";"9";"2";"3";"FOCH(AVENUE DU MARECHAL)";"48,7719420";"2,4399810"
"202000017928";"22";"12";"2020";"18:35";"5";"94";"94059";"2";"1";"2";"7";"Andre Rouy (AV)";"48,8164924";"2,5612824"
"202000017929";"22";"12";"2020";"07:45";"5";"94";"94079";"2";"4";"2";"6";"HOTEL DE VILLE (R DE L)";"48,8257600";"2,5411400"
"202000017930";"22";"12";"2020";"12:00";"1";"94";"94069";"2";"1";"1";"6";"MOULIN DES CORBEAUX (ALL DU)";"48,8153883";"2,4552955"
"202000017931";"21";"12";"2020";"15:05";"1";"94";"94002";"2";"1";"2";"6";"VAILLANT COUTURIER (R)";"48,8077200";"2,4179200"
"202000017932";"21";"12";"2020";"22:05";"5";"93";"93073";"2";"3";"2";"3";"CHAPIT RE ( RUE DU)";"48,9805601";"2,5554204"
"202000017933";"22";"12";"2020";"09:10";"1";"93";"93071";"2";"1";"2";"6";"JOHN F. KENNEDY (AVENUE)";"48,9384629";"2,5132675"
"202000017934";"22";"12";"2020";"21:05";"5";"93";"93048";"2";"2";"3";"7";"SOLIDARITE (RUE DE LA)";"48,8530288";"2,4420981"
"202000017935";"22";"12";"2020";"19:30";"5";"93";"93046";"2";"1";"2";"2";"LIEGEARD AVENUE";"48,9257000";"2,5294700"
"202000017936";"22";"12";"2020";"17:16";"5";"93";"93079";"2";"2";"1";"6";"VICTOR HUGO (AV)";"48,9645300";"2,3440900"
"202000017937";"22";"12";"2020";"12:35";"1";"93";"93057";"2";"2";"2";"6";"JAURES (AV. JEAN) 118 A FIN";"48,9028352";"2,5082561"
"202000017938";"22";"12";"2020";"18:10";"5";"93";"93005";"2";"1";"1";"6";"MITRY [CD115] (ROUTE DE)";"48,9494200";"2,5191900"
"202000017939";"22";"12";"2020";"15:05";"1";"93";"93001";"2";"2";"2";"3";"CREVECOEUR  (RUE)  32 =>";"48,9191050";"2,3863043"
"202000017940";"22";"12";"2020";"09:30";"1";"92";"92075";"2";"1";"2";"6";"LARMEROUX (RUE)";"48,8154300";"2,2788000"
"202000017941";"21";"12";"2020";"22:12";"3";"92";"92062";"2";"1";"2";"7";"BOULEVARD CIRCULAIRE";"48,8874300";"2,2443600"
"202000017942";"22";"12";"2020";"17:45";"3";"42";"42332";"1";"2";"1";"3";"Rue de St-Sulpice";"45,9922360";"3,9971140"