"Num_Acc";"jour";"mois";"an";"hrmn";"lum";"dep";"com";"agg";"int";"atm";"col";"adr";"lat";"long"
"202000017943";"23";"12";"2020";"13:45";"1";"67";"67073";"1";"1";"2";"1";"RN 59 -PK3";"48,2823150";"7,3677170"
"202000017944";"22";"12";"2020";"17:18";"2";"69";"69283";"2";"4";"1";"3";"27 Route d'Heyrieux";"45,6754181";"4,9701487"
"202000017945";"23";"12";"2020";"12:30";"1";"62";"62207";"1";"6";"1";"4";"D317";"50,4402330";"1,7251060"
"202000017946";"23";"12";"2020";"17:50";"3";"76";"76726";"1";"1";"8";"6";"route des Loges";"49,7089610";"0,2817710"
"202000017947";"23";"12";"2020";"16:10";"1";"79";"79063";"2";"2";"7";"6";"2 Rue du Moulin";"47,0459820";" -0,3537180"
"202000017948";"22";"12";"2020";"17:10";"2";"89";"89464";"2";"5";"8";"1";"D 272";"48,0890740";"3,2866770"
"202000017949";"23";"12";"2020";"01:00";"3";"89";"89362";"1";"1";"1";"6";"D.606   PR 119+250";"47,5864480";"3,7724730"
"202000017950";"22";"12";"2020";"18:50";"3";"12";"12052";"1";"1";"5";"6";"Boulevard Francois Mitterrand";"44,5684200";"2,0734550"
"202000017951";"22";"12";"2020";"16:25";"1";"46";"46016";"1";"2";"1";"3";"Le pigeon bas";"44,9090700";"1,5411210"
"202000017952";"23";"12";"2020";"15:30";"1";"41";"41241";"1";"2";"1";"3";"D75";"47,3378190";"1,9313300"
"202000017953";"22";"12";"2020";"14:00";"1";"34";"34178";"2";"1";"1";"6";"1 Rue Jean Espinasse";"43,4388280";"3,1428410"
"202000017954";"22";"12";"2020";"13:00";"1";"44";"44131";"2";"1";"1";" -1";"D286";"47,1347000";" -2,1093170"
"202000017955";"23";"12";"2020";"11:15";"1";"31";"31225";"1";"3";"1";"3";"D 40";"43,2016450";"1,1739760"
"202000017956";"22";"12";"2020";"14:55";"1";"70";"70421";"2";"1";"2";"6";"61 Rue Francois Mitterrand";"47,6882570";"6,0452630"
"202000017957";"23";"12";"2020";"17:15";"2";"14";"14425";"1";"1";"2";"5";"d511";"49,0846500";"0,1086190"
"202000017958";"22";"12";"2020";"11:00";"1";"43";"43185";"2";"1";"1";"6";"Rue du Président";"45,3972670";"3,3055650"
"202000017959";"23";"12";"2020";"13:30";"1";"10";"10204";"1";"1";"2";"6";"RD 88";"48,1432960";"4,0717010"
"202000017960";"23";"12";"2020";"10:00";"1";"07";"07089";"1";"9";"1";"3";"Route Départementale 820";"45,3099220";"4,7527240"
"202000017961";"17";"12";"2020";"14:30";"1";"53";"53043";"2";"1";"1";"7";"rue de St ouen des vallons cd 557 PK 6";"48,1504117";" -0,5219793"
"202000017962";"22";"12";"2020";"12:33";"1";"37";"37014";"2";"1";"1";"1";"11 Route de Langeais";"47,2719341";"0,4242760"
"202000017963";"22";"12";"2020";"10:15";"1";"24";"24194";"2";"2";"1";"6";"Le Bourg";"44,8369980";"0,3328060"
"202000017964";"21";"12";"2020";"09:00";"1";"973";"97307";"1";"1";"1";"5";"N1";"4,8957040";" -52,3296400"
"202000017965";"22";"12";"2020";"18:30";"3";"91";"91159";"1";"9";"8";"5";"D74";"48,5294560";"2,4209090"
"202000017966";"23";"12";"2020";"07:50";"2";"44";"44103";"2";"3";"8";"1";"Rue Henri Gautier";"47,3058840";" -2,1805880"
"202000017967";"22";"12";"2020";"19:40";"3";"06";"06149";"1";"1";"1";"6";"Autoroute A8, chaussée nord, PK 202+300";"43,7416150";"7,3323870"
"202000017968";"22";"12";"2020";"13:55";"1";"57";"57660";"1";"1";"2";"2";"A320 Stiring Wendel";"49,1961200";"6,9339180"
"202000017969";"21";"12";"2020";"15:50";"1";"21";"21590";"1";"1";"3";"6";"A6";"47,0582351";"4,8208098"
"202000017970";"22";"12";"2020";"19:30";"3";"971";"97112";"1";"1";"1";"6";"section siblet";"15,9315160";" -61,3129810"
"202000017971";"23";"12";"2020";"09:50";"1";"45";"45139";"1";"1";"3";"7";"Route de Puiseaux";"48,1869730";"2,3398730"
"202000017972";"23";"12";"2020";"02:15";"3";"2B";"2B188";"1";"1";"1";"6";"RD82";"42,6042850";"9,3569610"
"202000017973";"22";"12";"2020";"15:10";"1";"89";"89050";"2";"1";"1";"6";"8 Route de la Gare";"47,9267120";"3,5210610"
"202000017974";"15";"12";"2020";"17:50";"5";"54";"54063";"2";"2";"1";"3";"D907";"48,8444690";"5,8411700"
"202000017975";"23";"12";"2020";"17:50";"3";"38";"38215";"1";"3";"1";"1";"Route de Saint Just Chaleyssin";"45,5853920";"4,9725900"
"202000017976";"23";"12";"2020";"19:20";"5";"69";"69190";"2";"9";"2";"3";"Rue des Monts";"45,7716050";"4,6941980"
"202000017977";"22";"12";"2020";"19:00";"3";"31";"31384";"1";"1";"1";"3";"carrefour du RD 16 et du RD 31";"43,4753127";"1,5803504"
"202000017978";"21";"12";"2020";"08:30";"1";"33";"33243";"2";"1";"2";"6";"12 Avenue du Maréchal Foch";"44,9195700";" -0,2421300"
"202000017979";"22";"12";"2020";"19:15";"5";"72";"72154";"2";"1";"3";"6";"Boulevard de la République";"47,6960760";" -0,0706440"
"202000017980";"22";"12";"2020";"17:30";"2";"29";"29124";"2";"6";"2";"2";"Boulevard des Freres Lumiere";"48,5742330";" -4,3166940"
"202000017981";"22";"12";"2020";"17:15";"5";"60";"60139";"2";"1";"3";"4";"11 Rue du 11 Novembre 1918";"49,1673240";"2,2508970"
"202000017982";"22";"12";"2020";"10:30";"1";"13";"13211";"1";"1";"1";"2";"A50-Sens Marseille vers Aubagne";"43,2885243";"5,4436012"
"202000017983";"21";"12";"2020";"14:40";"1";"13";"13070";"1";"1";"1";"4";"A50-Sens Aubagne vers Marseille";"43,2857700";"5,5129500"
"202000017984";"22";"12";"2020";"17:40";"3";"69";"69290";"1";"1";"1";"3";"A46";"45,6910900";"4,9665000"
"202000017985";"22";"12";"2020";"13:45";"1";"69";"69297";"1";"1";"1";"2";"A47 ";"45,5883900";"4,7916300"
"202000017986";"17";"12";"2020";"07:35";"3";"67";"67365";"1";"1";"1";"3";"Autoroute A.35";"48,5384000";"7,7178800"
"202000017987";"22";"12";"2020";"20:10";"3";"91";"91645";"1";"1";"2";"7";"RN 385 Extèrieure";"48,7600300";"2,2677300"
"202000017988";"22";"12";"2020";"11:45";"1";"94";"94037";"1";"1";"1";"3";"AUTOROUTE A6B";"48,8079000";"2,3474000"
"202000017989";"22";"12";"2020";"11:24";"1";"91";"91521";"1";"1";"2";"6";"RN 449";"48,6355800";"2,4010900"
"202000017990";"18";"12";"2020";"16:15";"1";"91";"91228";"1";"1";"1";"2";"AUTOROUTE A6";"48,6179170";"2,4277790"
"202000017991";"22";"12";"2020";"20:14";"3";"78";"78126";"1";"1";"2";"2";"A13";"48,8378950";"2,1244260"
"202000017992";"21";"12";"2020";"23:15";"3";"92";"92048";"1";"1";"1";"6";"N118";"48,8086720";"2,2121237"
"202000017993";"22";"12";"2020";"19:00";"3";"95";"95572";"1";"1";"2";"2";"RN 184";"49,0373600";"2,1222200"
"202000017994";"22";"12";"2020";"15:15";"1";"93";"93007";"1";"1";"2";"2";"AUTOROUTE A3";"48,9344900";"2,4809100"
"202000017995";"22";"12";"2020";"09:00";"1";"93";"93027";"1";"1";"2";"6";"AUTOROUTE A86";"48,9285522";"2,4156886"
"202000017996";"22";"12";"2020";"05:15";"3";"93";"93078";"1";"1";"2";"6";"D170";"48,9738700";"2,4894400"
"202000017997";"21";"12";"2020";"21:16";"5";"93";"93008";"1";"9";"2";"2";"AUTOROUTE A86";"48,9098317";"2,4451752"
"202000017998";"21";"12";"2020";"14:30";"1";"93";"93027";"1";"1";"2";"6";"AUTOROUTE A86";"48,9285600";"2,4146700"
"202000017999";"21";"12";"2020";"10:20";"1";"93";"93027";"1";"1";"3";"5";"AUTOROUTE A86";"48,9226390";"2,3803640"
"202000018000";"22";"12";"2020";"16:30";"2";"94";"94079";"1";"1";"2";"3";"A4";"48,8336000";"2,5352100"
"202000018001";"22";"12";"2020";"10:00";"1";"94";"94065";"1";"1";"2";"2";"A86 EXT";"48,7539000";"2,3516300"
"202000018002";"22";"12";"2020";"05:30";"3";"94";"94073";"1";"1";"3";"6";"A86 EXT";"48,7639305";"2,3806453"
"202000018003";"24";"5";"2020";"18:30";"1";"67";"67152";"1";"1";"1";"4";"Autoroute A.35";"48,5233474";"7,6446708"
"202000018004";"20";"5";"2020";"19:17";"1";"67";"67462";"1";"1";"7";"1";"RN 422";"48,2836200";"7,4588200"
"202000018005";"16";"5";"2020";"08:31";"1";"67";"67180";"1";"1";"1";"1";"RD 72";"48,8702800";"7,7116400"
"202000018006";"7";"9";"2020";"15:35";"1";"38";"38185";"2";"3";"1";"6";"Boulevard Gambetta";"45,1901900";"5,7220900"
"202000018007";"2";"9";"2020";"08:45";"1";"38";"38185";"2";"1";"1";"6";"Cours Jean Jaurès";"45,1892600";"5,7194600"
"202000018008";"23";"8";"2020";"18:40";"1";"38";"38185";"2";"2";"1";"6";"Avenue des Jeux Olympiques";"45,1734000";"5,7401400"
"202000018009";"26";"11";"2020";"09:15";"1";"976";"97611";"2";"1";"1";"6";"kaweni-Rivière (ruelle de la )";" -12,7691000";"45,2241100"
"202000018010";"18";"12";"2020";"20:40";"5";"974";"97416";"2";"1";"1";"3";"HUBERT DE LISLE(BOULEVARD)";" -21,3423000";"55,4735300"
"202000018011";"20";"12";"2020";"08:04";"1";"974";"97416";"2";"1";"1";"1";"Avenue Président Mitterand";" -21,3475590";"55,4946360"
"202000018012";"21";"12";"2020";"17:42";"5";"69";"69388";"2";"2";"2";"6";"ST ROMAIN                           (R )";"45,7417791";"4,8620886"
"202000018013";"20";"12";"2020";"22:10";"5";"972";"97213";"2";"1";"1";"7";"AUTOROUTE A1";"14,6181540";" -61,0355100"
"202000018014";"20";"12";"2020";"16:00";"1";"972";"97209";"2";"6";"1";"3";"BISHOP (Avenue Maurice)";"14,6044111";" -61,0606813"
"202000018015";"21";"12";"2020";"17:40";"5";"69";"69385";"2";"2";"2";"6";"CHAMPVERT (DE)                      (R )";"45,7636100";"4,7954100"
"202000018016";"20";"12";"2020";"20:50";"5";"971";"97107";"2";"1";"1";"6";"PAUL LACAVE ( AVENUE )";"16,0429848";" -61,5648508"
"202000018017";"21";"12";"2020";"20:20";"5";"95";"95127";"2";"3";"2";"3";"HAUTIL (BOULEVARD DE L')";"49,0372300";"2,0858200"
"202000018018";"21";"12";"2020";"08:10";"2";"91";"91027";"2";"3";"2";"2";"VC QUAI DE L'INDUSTRIE";"48,7058100";"2,4013000"
"202000018019";"18";"12";"2020";"17:22";"1";"87";"87085";"2";"1";"1";"2";"BRIAND (RUE ARISTIDE)";"45,8455000";"1,2771300"
"202000018020";"20";"12";"2020";"16:15";"1";"81";"81257";"2";"1";"1";"3";"Rue Roger Salengro";"43,9438000";"2,2057100"
"202000018021";"20";"12";"2020";"00:30";"3";"81";"81144";"2";"1";"2";"7";"Cote de la Dreche";"43,9738100";"2,1590500"
"202000018022";"17";"12";"2020";"18:43";"5";"80";"80001";"2";"1";"1";"3";"REPUBLIQUE (de la)";"50,1129896";"1,8308941"
"202000018023";"21";"12";"2020";"08:45";"2";"78";"78133";"2";"6";"3";" -1";"CHEMIN NEUF (DU)";"48,9039200";"2,0544800"
"202000018024";"21";"12";"2020";"18:20";"5";"78";"78440";"2";"1";"2";"6";"PAUL RAOULT (AVENUE)";"48,9814360";"1,9123650"
"202000018025";"21";"12";"2020";"20:10";"5";"78";"78498";"2";"3";"2";"3";"ROBESPIERRE BD";"48,9333700";"2,0492500"
"202000018026";"19";"12";"2020";"16:00";"1";"76";"76540";"2";"2";"1";"3";"NANSEN. RUE FRIDTJOF";"49,4469200";"1,0607100"
"202000018027";"18";"12";"2020";"18:55";"5";"76";"76351";"2";"2";"1";"2";"CAVEE VERTE (RUE DE LA)";"49,5048700";"0,1122900"
"202000018028";"20";"12";"2020";"04:15";"5";"76";"76351";"2";"1";"1";"6";"MARTYRS (DES)";"49,5147540";"0,1073210"
"202000018029";"7";"12";"2020";"00:58";"5";"68";"68224";"2";"9";"1";"7";"ALGER (QUAI D')";"47,7489800";"7,3538100"
"202000018030";"19";"12";"2020";"20:10";"5";"67";"67482";"2";"1";"1";"5";"JEAN JAURES (AVENUE)";"48,5713100";"7,7567000"
"202000018031";"18";"12";"2020";"21:09";"5";"67";"67482";"2";"1";"5";" -1";"LA FONTAINE (BOULEVARD)";"48,5898600";"7,7026900"
"202000018032";"16";"12";"2020";"17:46";"5";"67";"67462";"2";"3";"5";"1";"FILATURE (RUE DE LA)";"48,2706189";"7,4583575"
"202000018033";"21";"12";"2020";"07:25";"5";"64";"64024";"2";"1";"8";"7";"ADOUR (AVENUE DE L')";"43,5010600";" -1,4929600"
"202000018034";"20";"12";"2020";"20:06";"5";"63";"63113";"2";"2";"1";"3";"BLATIN (RUE)";"45,7768200";"3,0786800"
"202000018035";"18";"12";"2020";"00:15";"5";"62";"62041";"2";"1";"2";"7";"FAIDHERBE ( BOULEVARD )";"50,2917030";"2,7824410"
"202000018036";"21";"12";"2020";"18:00";"5";"59";"59009";"2";"1";"1";"5";"JAURES JEAN RUE    N°5 AU 99";"50,6622200";"3,1378800"
"202000018037";"21";"12";"2020";"15:30";"1";"59";"59350";"2";"1";"8";"6";"DUNKERQUE AVENUE DE";"50,6456900";"2,9869700"
"202000018038";"18";"12";"2020";"10:15";"1";"59";"59350";"2";"1";"1";"6";"CORBUSIER AVENUE LE";"50,6376900";"3,0714400"
"202000018039";"18";"12";"2020";"15:25";"1";"56";"56162";"2";"7";"1";"6";"Place de Bretagne";"47,7338900";" -3,4285200"
"202000018040";"19";"12";"2020";"08:15";"1";"54";"54329";"2";"3";"1";"6";"AVENUE VOLTAIRE";"48,5916000";"6,5068700"
"202000018041";"21";"12";"2020";"10:20";"1";"49";"49246";"2";"1";"1";"7";"CHAUVIN AVENUE";"47,4319400";" -0,5350000"
"202000018042";"28";"11";"2020";"12:40";"1";"47";"47323";"2";"1";"1";"3";"ACACIAS";"44,4203400";"0,7180400"
"202000018043";"21";"12";"2020";"06:45";"5";"45";"45068";"2";"1";"2";"3";"Rue du Vieux Rang de l’Anglee";"48,0212612";"2,7230714"
"202000018044";"17";"12";"2020";"15:25";"1";"44";"44184";"2";"1";"1";"3";"BASSINS (ROUTE DES)";"47,2845000";" -2,2427000"
"202000018045";"21";"12";"2020";"17:30";"2";"43";"43157";"2";"1";"2";"1";"Pont Layette ";"45,0558800";"3,9014100"
"202000018046";"21";"12";"2020";"12:05";"1";"41";"41295";"2";"1";"3";"1";"CHAMBORD (ROUTE DE)";"47,5742800";"1,3937800"
"202000018047";"18";"12";"2020";"16:20";"1";"37";"37233";"1";"1";"1";" -1";"LOIRE (LEVEE DE LA)";"47,4031244";"0,7552568"
"202000018048";"21";"12";"2020";"19:00";"3";"35";"35206";"1";"1";"2";"2";"RN136";"48,0800300";" -1,6819200"
"202000018049";"24";"11";"2020";"17:35";"2";"33";"33162";"2";"2";"1";" -1";"AVE DU MEDOC";"44,8820200";" -0,6299200"
"202000018050";"21";"12";"2020";"08:48";"1";"33";"33162";"2";"3";"2";"2";"Bretelle entrée extérieure éch 7";"44,8801700";" -0,6280200"
"202000018051";"4";"12";"2020";"18:15";"5";"33";"33281";"2";"6";"8";"6";"AVE DE LA SOMME";"44,8304500";" -0,6584500"
"202000018052";"20";"12";"2020";"01:50";"5";"31";"31555";"2";"1";"1";"6";"VITET (rue Louis) du 30 au 80";"43,5914130";"1,4606510"
"202000018053";"19";"12";"2020";"19:02";"5";"31";"31557";"2";"1";"1";"6";"MARQUISAT (AV DU)";"43,5748724";"1,3452941"
"202000018054";"18";"12";"2020";"18:15";"4";"31";"31149";"2";"1";"1";"6";"AVENUE GEORGES BRASSENS";"43,5971700";"1,3496300"
"202000018055";"18";"12";"2020";"17:35";"5";"31";"31555";"2";"1";"1";"3";"NETWILLER (BOULEVARD ANDRE)";"43,6421500";"1,4664300"
"202000018056";"18";"12";"2020";"16:30";"1";"31";"31555";"1";"1";"1";"4";"VA007379 BAYLAC  A624 Sortie 1";"43,6077900";"1,3895500"
"202000018057";"18";"12";"2020";"12:50";"1";"31";"31555";"2";"1";"1";"2";"RUE DU GEN JEAN COMPANS";"43,6068300";"1,4580800"
"202000018058";"21";"12";"2020";"02:34";"5";"30";"30189";"2";"6";"2";"6";"GAMEL PIERRE (AVENUE)";"43,8221100";"4,3644500"
"202000018059";"17";"12";"2020";"16:00";"1";"27";"27229";"2";"3";"1";"6";"FAUVILLE (RUE DE)";"49,0239530";"1,1741970"
"202000018060";"21";"12";"2020";"18:20";"3";"26";"26198";"2";"1";"9";"4";"GOURNIER";"44,5419800";"4,7307190"
"202000018061";"21";"12";"2020";"21:20";"5";"25";"25056";"2";"1";"8";"1";"BRUAND RUE NICOLAS";"47,2484400";"6,0210700"
"202000018062";"21";"12";"2020";"13:45";"1";"17";"17300";"2";"1";"2";"6";"REMPARTS   CHEMIN DES";"46,1630000";" -1,1551000"
"202000018063";"21";"12";"2020";"07:48";"5";"16";"16166";"2";"1";"2";"6";"Avenue Jean Jaures";"45,6644920";"0,2007440"
"202000018064";"16";"12";"2020";"17:30";"3";"14";"14118";"2";"9";"3";"6";"SAINT NICOLAS (RUE)";"49,1800000";" -0,3700000"
"202000018065";"21";"12";"2020";"08:30";"1";"13";"13208";"2";"1";"1";"6";"LANCIER (CHEMIN DU)";"43,2469840";"5,3960950"
"202000018066";"21";"12";"2020";"06:25";"5";"13";"13214";"2";"1";"2";"7";"BASILE BARRELIER (BOULEVARD)";"43,3395400";"5,3890700"
"202000018067";"21";"12";"2020";"13:20";"1";"13";"13028";"2";"6";"1";"3";"LAVAUX (BOULEVARD DE)";"43,1897815";"5,6286706"
"202000018068";"19";"12";"2020";"11:57";"1";"10";"10387";"2";"5";"1";"3";"PREMIER RAM (RUE DU)";"48,2914000";"4,0709900"
"202000018069";"20";"12";"2020";"14:35";"1";"08";"08480";"2";"1";"1";"6";"JAURES J. AVENUE";"49,7427000";"4,7389600"
"202000018070";"18";"12";"2020";"18:20";"3";"07";"07316";"1";"1";"2";"7";"LYON (ROUTE DE)";"44,9028000";"4,8528900"
"202000018071";"21";"12";"2020";"12:10";"1";"06";"06088";"2";"1";"1";"4";"CIMIEZ (BD) A PARTIR DU 16-17";"43,7140000";"7,2717000"
"202000018072";"21";"12";"2020";"16:25";"1";"06";"06083";"2";"9";"1";"3";"ST ROMAN (AVENUE)";"43,8037000";"7,4876900"
"202000018073";"19";"12";"2020";"11:55";"1";"05";"05061";"2";"3";"2";"3";"PRE DE FOIRE ( RUE DU )";"44,5549600";"6,0746100"
"202000018074";"18";"12";"2020";"17:40";"3";"05";"05061";"1";"3";"1";"1";"RN 85";"44,5797243";"6,0820900"
"202000018075";"21";"12";"2020";"01:05";"5";"75";"75113";"2";"4";"1";"3";"BOULEVARD PERIPHERIQUE";"48,8257800";"2,3870430"
"202000018076";"20";"12";"2020";"11:10";"1";"75";"75113";"2";"1";"1";"2";"BOULEVARD PERIPHERIQUE";"48,8253570";"2,3853880"
"202000018077";"19";"12";"2020";"18:10";"5";"75";"75112";"2";"1";"1";"2";"BOULEVARD PERIPHERIQUE";"48,8330990";"2,4071660"
"202000018078";"21";"12";"2020";"18:24";"5";"75";"75116";"2";"5";"2";"3";"ROUTE DE SURESNES";"48,8650620";"2,2344450"
"202000018079";"21";"12";"2020";"10:35";"1";"75";"75115";"2";"2";"2";"3";"RUE DE LA CONVENTION";"48,8392490";"2,2919050"
"202000018080";"21";"12";"2020";"21:30";"5";"75";"75120";"2";"1";"1";"7";"RUE DES COURONNES";"48,8704460";"2,3871960"
"202000018081";"21";"12";"2020";"15:45";"1";"75";"75117";"2";"7";"2";"7";"PLACE DE WAGRAM";"48,8872200";"2,3051410"
"202000018082";"21";"12";"2020";"07:30";"5";"75";"75117";"2";"3";"3";"6";"BOULEVARD DU BOIS LE PRETRE";"48,8989020";"2,3223360"
"202000018083";"21";"12";"2020";"08:50";"1";"75";"75111";"2";"2";"3";"3";"RUE GERBIER";"48,8575350";"2,3869470"
"202000018084";"21";"12";"2020";"08:05";"5";"75";"75107";"2";"3";"3";"6";"AVENUE DE SUFFREN";"48,8574700";"2,2910820"
"202000018085";"21";"12";"2020";"16:00";"1";"94";"94003";"2";"2";"2";"3";"LAPLACE (AV)";"48,8076000";"2,3342200"
"202000018086";"21";"12";"2020";"17:50";"5";"94";"94073";"2";"3";"2";"1";"Rue du Bas Marin";"48,7544000";"2,3862000"
"202000018087";"21";"12";"2020";"16:10";"2";"94";"94028";"2";"1";"2";"4";"CHOISY(ROUTE DE)";"48,7778860";"2,4420510"
"202000018088";"20";"12";"2020";"15:45";"1";"94";"94002";"2";"9";"1";"3";"Chemin latéral";"48,8146900";"2,4167600"
"202000018089";"19";"12";"2020";"12:00";"1";"94";"94002";"2";"2";"2";"3";"CAMELIAS (R DES)";"48,8022000";"2,4243700"
"202000018090";"15";"11";"2020";"12:40";"1";"94";"94059";"2";"1";"2";"2";"MAURICE BERTEAUX (AV)";"48,8081600";"2,5697700"
"202000018091";"16";"11";"2020";"18:12";"5";"93";"93066";"2";"1";"1";"2";"COLONEL FABIEN (AVENUE)";"48,9454619";"2,3511654"
"202000018092";"15";"11";"2020";"20:10";"5";"93";"93064";"2";"1";"1";"6";"R DES BERTHAUDS";"48,8746100";"2,4846000"
"202000018093";"16";"11";"2020";"13:58";"1";"93";"93010";"2";"2";"1";"3";"GROSLAY (CHEM. DE)";"48,9109200";"2,4744600"
"202000018094";"16";"11";"2020";"11:20";"1";"92";"92064";"2";"3";"1";"3";"MONT VALERIEN";"48,8524568";"2,2162664"
"202000018095";"16";"11";"2020";"11:50";"1";"92";"92050";"2";"9";"1";"6";"GRANDS PRES RUE DES";"48,9105382";"2,2141086"
"202000018096";"15";"11";"2020";"09:05";"1";"92";"92049";"2";"1";"1";"6";"REPUBLIQUE AVENUE DE LA N°92 A FIN";"48,8151100";"2,3174900"
"202000018097";"16";"11";"2020";"07:40";"2";"92";"92024";"2";"1";"8";" -1";"VICTOR HUGO (BD)";"48,8993404";"2,3135490"
"202000018098";"16";"11";"2020";"16:30";"1";"01";"01156";"1";"1";"1";"1";"D22";"45,9149930";"5,1206860"
"202000018099";"17";"11";"2020";"07:59";"1";"07";"07295";"2";"3";"1";"6";"la brugière";"44,8215220";"4,5846350"
"202000018100";"17";"11";"2020";"17:35";"2";"84";"84037";"1";"2";"1";"1";"Route de Sorgues";"44,0379820";"4,8542830"
"202000018101";"16";"11";"2020";"19:00";"5";"65";"65044";"2";"1";"1";"1";"25 Rue de la Bigorre";"43,2723700";"0,2388600"
"202000018102";"18";"10";"2020";"20:15";"3";"80";"80025";"1";"1";"1";"3";"D192";"50,3570160";"1,8053410"
"202000018103";"17";"11";"2020";"07:26";"2";"65";"65456";"1";"1";"1";"7";"D24";"43,1424170";"0,4543440"
"202000018104";"16";"11";"2020";"10:00";"1";"65";"65018";"1";"1";"2";"3";"D 126";"42,9759830";" -0,2856390"
"202000018105";"17";"11";"2020";"10:35";"1";"11";"11359";"1";"1";"1";"6";"D625";"43,3330055";"1,7518795"
"202000018106";"17";"11";"2020";"10:10";"1";"71";"71442";"1";"1";"1";"5";"D978";"46,8412064";"4,6446497"
"202000018107";"16";"11";"2020";"12:30";"1";"39";"39055";"1";"1";"2";"1";"Route reliant Billecul à Arsure-Arsurette";"46,7449040";"6,0581870"
"202000018108";"15";"11";"2020";"23:30";"3";"35";"35105";"1";"1";"1";"6";"lieu dit la touche au rys";"48,1135060";" -1,1061430"
"202000018109";"21";"8";"2020";"16:30";"1";"29";"29158";"2";"4";"1";"6";"Rue de la Joie";"47,8158090";" -4,3737550"
"202000018110";"5";"11";"2020";"10:50";"1";"31";"31202";"2";"1";"1";"6";"11 Esplanade de Marcorelle";"43,8403230";"1,3888340"
"202000018111";"16";"11";"2020";"22:30";"3";"03";"03093";"1";"1";"1";"7";"Lieu dit Chermont";"46,1891900";"3,4460270"
"202000018112";"16";"11";"2020";"08:20";"1";"28";"28405";"1";"2";"2";"3";"N12";"48,7465680";"1,2779330"
"202000018113";"16";"11";"2020";"09:10";"1";"78";"78561";"1";"1";"2";"3";"RD 91 la brosse";"48,7313700";"2,0042970"
"202000018114";"16";"11";"2020";"16:15";"1";"78";"78571";"2";"1";"8";"6";"13 Route de Sainte Gemme";"48,8644500";"2,0265400"
"202000018115";"16";"11";"2020";"15:00";"1";"44";"44073";"1";"2";"1";"3";"D164";"47,4443140";" -1,5879700"
"202000018116";"16";"11";"2020";"08:35";"1";"74";"74159";"2";"1";"1";"6";"Rue Nationale";"46,0209670";"6,6210600"
"202000018117";"17";"11";"2020";"16:10";"1";"986";"98613";"2";"1";"1";"6";"RT1 - Ha'afuasia";" -22,2800520";"166,4486490"
"202000018118";"17";"11";"2020";"05:15";"2";"974";"97417";"1";"1";"2";"1";"rue de la trinité";" -21,3559970";"55,7755660"
"202000018119";"16";"11";"2020";"19:55";"3";"26";"26358";"1";"1";"1";"7";"1130 Route de Crest";"44,8003980";"4,9935870"
"202000018120";"16";"11";"2020";"13:12";"1";"69";"69089";"2";"2";"1";"3";"Avenue de la Table de Pierre";"45,7473830";"4,7562160"
"202000018121";"23";"10";"2020";"23:15";"3";"33";"33449";"1";"1";"2";"6";"chemin de gamarde";"44,8933520";" -0,6836790"
"202000018122";"10";"11";"2020";"16:40";"1";"22";"22070";"2";"2";"1";"1";"Rue du General de Gaulle";"48,5629220";" -3,1516810"
"202000018123";"17";"11";"2020";"13:35";"1";"27";"27275";"2";"1";"1";"6";"Bvd de la verte bonne";"49,1587650";"1,3450580"
"202000018124";"16";"11";"2020";"17:19";"5";"94";"94034";"1";"1";"1";"2";"AUTOROUTE A86";"48,7580260";"2,3268916"
"202000018125";"16";"11";"2020";"07:00";"5";"91";"91553";"1";"1";"1";"4";"RN 104";"48,6303200";"2,4853800"
"202000018126";"16";"11";"2020";"03:10";"3";"91";"91687";"1";"1";"1";"2";"AUTOROUTE A6";"48,6621000";"2,3688600"
"202000018127";"14";"11";"2020";"23:35";"3";"91";"91363";"1";"1";"1";"7";"AUTOROUTE A10";"48,6685200";"2,1924600"
"202000018128";"16";"11";"2020";"18:00";"3";"92";"92072";"1";"1";"1";"6";"N118";"48,8220279";"2,2218178"
"202000018129";"16";"11";"2020";"13:20";"1";"95";"95555";"1";"1";"1";"6";"RD 170";"48,9772300";"2,2847400"
"202000018130";"15";"11";"2020";"11:50";"1";"69";"69383";"2";"1";"1";"6";"PAUL BERT                           (R )";"45,7567641";"4,8667030"
"202000018131";"15";"11";"2020";"15:55";"1";"69";"69381";"2";"3";"1";"6";"PECHERIE (DE LA)                    (QU)";"45,7659000";"4,8308000"
"202000018132";"12";"11";"2020";"11:40";"1";"95";"95555";"2";"1";"1";"6";"ALLENDE (RUE SALVADOR)";"48,9692400";"2,2846800"
"202000018133";"14";"11";"2020";"21:40";"5";"95";"95637";"2";"1";"1";"4";"OISE (BOULEVARD DE L')";"49,0375400";"2,0161300"
"202000018134";"14";"11";"2020";"11:50";"1";"91";"91201";"2";"1";"1";"2";"BD HENRI BARBUSSE";"48,6822100";"2,4086000"
"202000018135";"14";"11";"2020";"16:20";"1";"83";"83144";"1";"9";"1";"3";"TERRES ROUGES (CHEMIN DES)";"43,1395600";"5,9785800"