"Num_Acc";"jour";"mois";"an";"hrmn";"lum";"dep";"com";"agg";"int";"atm";"col";"adr";"lat";"long"
"202000018328";"1";"5";"2020";"19:05";"1";"71";"71445";"2";"1";"1";"7";"Rue Philippe Flatot";"46,7772515";"4,8922218"
"202000018329";"18";"3";"2020";"19:20";"2";"63";"63113";"2";"2";"1";"3";"CLEMENTEL (BD ETIENNE)";"45,8096200";"3,1094200"
"202000018330";"16";"4";"2020";"11:10";"1";"63";"63113";"2";"1";"1";"6";"Leclerc la Pardieu ";"45,7618300";"3,1278800"
"202000018331";"28";"4";"2020";"03:10";"5";"63";"63113";"2";"3";"3";"6";"RAMOND (RUE)";"45,7729074";"3,0812676"
"202000018332";"1";"5";"2020";"21:45";"5";"33";"33032";"2";"3";"2";"6";"RUE DE LAFONTAINE / RUE DE LA LIBERTE";"44,9058900";" -0,5080200"
"202000018333";"1";"5";"2020";"01:57";"5";"30";"30007";"2";"1";"1";"6";"MONGE (AVENUE)";"44,1455700";"4,1014600"
"202000018334";"30";"4";"2020";"13:10";"1";"14";"14118";"2";"6";"1";"3";"FORMIGNY (RUE DE)";"49,1706100";" -0,3396500"
"202000018335";"1";"5";"2020";"20:08";"1";"13";"13208";"2";"2";"1";"3";"PRADO (AVENUE DU)";"43,2820000";"5,3862000"
"202000018336";"1";"5";"2020";"21:00";"3";"13";"13001";"2";"1";"1";"3";"SISTERON (RTE DE )";"43,5653882";"5,4645126"
"202000018337";"29";"4";"2020";"00:15";"5";"75";"75115";"2";"4";"1";"3";"BD PERIPHERIQUE EXTERIEUR";"48,8348160";"2,2740710"
"202000018338";"1";"5";"2020";"20:30";"1";"75";"75102";"2";"2";"1";"3";"RUE SAINTE ANNE";"48,8688800";"2,3367080"
"202000018339";"1";"5";"2020";"21:50";"5";"94";"94068";"2";"2";"8";"3";"ALMA (AV DE L)";"48,7875424";"2,4952527"
"202000018340";"1";"5";"2020";"00:15";"5";"94";"94041";"2";"2";"1";"3";"VERDUN (AV DE)";"48,8172500";"2,3670700"
"202000018341";"1";"5";"2020";"22:15";"5";"93";"93046";"2";"2";"1";"3";"LIBERATION PLACE DE LA";"48,9221836";"2,5432764"
"202000018342";"1";"5";"2020";"19:58";"1";"22";"22341";"1";"1";"1";"7";"La Croix des Haies";"48,3865820";" -2,3951910"
"202000018343";"2";"5";"2020";"10:55";"1";"66";"66028";"2";"1";"1";"6";"Chemin de Saint-gaudérique";"42,6827040";"2,9315690"
"202000018344";"1";"5";"2020";"13:40";"1";"11";"11413";"1";"1";"3";"6";"d 118 PR 16+500";"43,3429517";"2,2852467"
"202000018345";"2";"5";"2020";"11:50";"1";"89";"89200";"1";"1";"1";"6";"PK 7 - Route départementale 91";"47,9315424";"3,5875475"
"202000018346";"24";"4";"2020";"08:00";"1";"61";"61316";"1";"1";"1";"6";"Rue des 2 Arbres";"48,8427740";" -0,0234320"
"202000018347";"1";"5";"2020";"18:15";"1";"68";"68347";"1";"1";"2";"7";"D432";"47,5155340";"7,2925830"
"202000018348";"1";"5";"2020";"16:20";"1";"31";"31212";"2";"1";"2";"6";"D888";"43,6978630";"1,5604610"
"202000018349";"2";"5";"2020";"09:59";"1";"01";"01415";"2";"1";"8";"6";"Route Valromey-savoie";"45,8730740";"5,7045480"
"202000018350";"30";"4";"2020";"09:00";"1";"60";"60477";"2";"1";"1";"6";"Route du Vivier Danger";"49,4352255";"1,9139079"
"202000018351";"27";"2";"2020";"13:54";"1";"33";"33122";"1";"3";"2";"3";"D214 (Route de Fourc) / chemin de Marticot";"44,7530310";" -0,6851380"
"202000018352";"30";"4";"2020";"13:50";"1";"69";"69173";"1";"1";"2";"6";"A89 PK 523+800";"45,8755153";"4,5420501"
"202000018353";"1";"5";"2020";"14:20";"1";"34";"34202";"1";"1";"1";"7";"D5";"43,5785550";"3,7652630"
"202000018354";"1";"5";"2020";"08:40";"1";"94";"94034";"1";"1";"9";"7";"AUTOROUTE A6A";"48,7575400";"2,3349200"
"202000018355";"1";"5";"2020";"03:40";"3";"60";"60241";"1";"1";"3";"6";"AUTOROUTE A1";"49,1595600";"2,5948400"
"202000018356";"15";"2";"2020";"14:15";"1";"28";"28085";"2";"1";"1";"5";"LAENNEC (AVENUE DU DOCTEUR)";"48,4479600";"1,5315900"
"202000018357";"26";"2";"2020";"11:45";"1";"27";"27681";"2";"1";"1";"2";"MENDES FRANCE (AVENUE PIERRE)";"49,0895600";"1,4822400"
"202000018358";"25";"2";"2020";"22:20";"5";"19";"19031";"2";"1";"1";"6";"KOENIG (BOULEVARD GENERAL)";"45,1600900";"1,5313400"
"202000018359";"25";"2";"2020";"12:10";"1";"19";"19031";"2";"1";"2";"2";"BRUNE (BOULEVARD)";"45,1531700";"1,5343500"
"202000018360";"25";"2";"2020";"07:55";"1";"19";"19031";"2";"3";"2";"3";"QUEUILLE (AVENUE HENRI)";"45,1697899";"1,5310215"
"202000018361";"29";"4";"2020";"15:30";"1";"971";"97107";"2";"1";"1";"6";"DUMANOIR ( ALLEE )";"16,0300700";" -61,5717100"
"202000018362";"30";"4";"2020";"12:50";"1";"91";"91549";"2";"9";"2";"7";"JACQUES DUCLOS (AVENUE)";"48,6347880";"2,3447710"
"202000018363";"30";"4";"2020";"18:30";"1";"91";"91326";"2";"3";"2";"3";"AVENIR (RUE DE L')";"48,6862300";"2,3837500"
"202000018364";"30";"4";"2020";"20:25";"1";"91";"91223";"1";"1";"1";"6";"C.D.836";"48,4551950";"2,0940460"
"202000018365";"26";"4";"2020";"17:10";"1";"84";"84087";"2";"6";"1";"3";"CINSAULT (RUE)";"44,1123900";"4,8493500"
"202000018366";"30";"4";"2020";"08:35";"1";"69";"69256";"2";"2";"3";"3";"MARIUS GROSSO                       (R )";"45,7636000";"4,9335000"
"202000018367";"25";"4";"2020";"18:19";"1";"49";"49353";"2";"1";"2";"7";"PASTEUR";"47,4455000";" -0,4699600"
"202000018368";"24";"4";"2020";"16:53";"1";"49";"49007";"2";"1";"1";"7";"SHAKESPEARE";"47,4602100";" -0,6146900"
"202000018369";"29";"4";"2020";"11:10";"1";"38";"38544";"2";"1";"1";"2";"Boulevard du Rhône-Nord";"45,5413000";"4,8540000"
"202000018370";"30";"4";"2020";"19:50";"1";"35";"35238";"2";"1";"1";"3";"Rue Saint-hélier";"48,1027300";" -1,6614400"
"202000018371";"30";"4";"2020";"10:40";"1";"35";"35051";"2";"9";"2";"2";"7 Rue des Mesliers";"48,1058800";" -1,6179200"
"202000018372";"30";"4";"2020";"15:40";"1";"34";"34129";"2";"6";"1";"3";"FIGUIERES (AVENUE DE)";"43,5905011";"3,9349358"
"202000018373";"30";"4";"2020";"02:50";"5";"31";"31555";"2";"1";"2";"3";"CHE DE CROIX BENITE";"43,6578200";"1,4355510"
"202000018374";"30";"4";"2020";"11:50";"1";"29";"29232";"1";"1";"1";"7";"RN 165";"47,9869200";" -4,0239000"
"202000018375";"29";"4";"2020";"15:30";"1";"27";"27681";"2";"6";"8";"6";"JAURES (BOULEVARD JAURES)";"49,0938080";"1,4685470"
"202000018376";"1";"5";"2020";"01:00";"5";"17";"17415";"2";"1";"1";"6";"BLAIR PLACE";"45,7428100";" -0,6349800"
"202000018377";"30";"4";"2020";"13:48";"1";"13";"13205";"2";"1";"1";"1";"SAINT PIERRE (RUE)";"43,2922800";"5,4017350"
"202000018378";"30";"4";"2020";"11:55";"1";"09";"09225";"2";"9";"1";"1";"HISPANO SUIZA IMPASSE";"43,1086880";"1,6280730"
"202000018379";"30";"4";"2020";"12:20";"1";"75";"75119";"2";"7";"1";"3";"PLACE AUGUSTE BARON";"48,9008490";"2,3889510"
"202000018380";"29";"4";"2020";"15:45";"1";"75";"75113";"2";"1";"2";"3";"RUE DE TOLBIAC";"48,8283050";"2,3726080"
"202000018381";"30";"4";"2020";"16:10";"1";"75";"75111";"2";"1";"1";"3";"RUE DU FAUBOURG SAINT ANTOINE";"48,8495060";"2,3885300"
"202000018382";"29";"4";"2020";"18:30";"1";"75";"75111";"2";"2";"2";"3";"BOULEVARD RICHARD LENOIR";"48,8639960";"2,3706690"
"202000018383";"29";"4";"2020";"12:40";"1";"75";"75111";"2";"2";"1";"3";"BOULEVARD RICHARD LENOIR";"48,8639960";"2,3706690"
"202000018384";"30";"4";"2020";"21:50";"5";"94";"94028";"2";"1";"2";"2";"Av du Mal de Lattre de Tassigny";"48,7960730";"2,4580740"
"202000018385";"30";"4";"2020";"18:25";"1";"94";"94028";"2";"3";"1";"3";"ARCOS.(RUE RENE)";"48,7776920";"2,4608387"
"202000018386";"30";"4";"2020";"15:35";"1";"94";"94017";"2";"1";"2";"4";"GENERAL DE GAULLE (AV DU)";"48,8214500";"2,4894600"
"202000018387";"12";"4";"2020";"03:10";"5";"93";"93070";"2";"1";"1";"2";"R ALBERT-DHALENNE";"48,9155220";"2,3311480"
"202000018388";"29";"4";"2020";"23:50";"4";"93";"93078";"2";"1";"2";"6";"AV GEORGES CLEMENCEAU";"48,9596600";"2,5568400"
"202000018389";"30";"4";"2020";"20:15";"2";"92";"92050";"2";"3";"2";"3";"HOCHE AVENUE";"48,9033553";"2,1980918"
"202000018390";"30";"4";"2020";"19:25";"2";"92";"92026";"2";"9";"3";"3";"LEONARD DE VINCI";"48,8969260";"2,2374600"
"202000018391";"29";"4";"2020";"14:30";"1";"76";"76146";"1";"1";"3";"6";"A28";"49,5771361";"1,2754243"
"202000018392";"1";"5";"2020";"01:20";"3";"13";"13078";"1";"3";"1";"6";"route départementale 35";"43,4031380";"4,7880840"
"202000018393";"30";"4";"2020";"16:15";"1";"38";"38332";"1";"1";"2";"1";"D45";"45,3160900";"5,4900400"
"202000018394";"30";"4";"2020";"19:20";"1";"62";"62036";"1";"1";"3";"6";"Rue d'Heuchin";"50,4492006";"2,2596832"
"202000018395";"24";"4";"2020";"00:45";"3";"51";"51380";"1";"1";"1";"7";"D933";"48,8821761";"3,5173384"
"202000018396";"1";"5";"2020";"01:50";"3";"71";"71426";"1";"1";"1";"2";"N80";"46,7463190";"4,6469595"
"202000018397";"30";"4";"2020";"18:15";"1";"42";"42149";"1";"1";"1";"7";"Route de Saint Etienne";"45,6272370";"4,2453470"
"202000018398";"30";"4";"2020";"11:00";"1";"47";"47051";"2";"1";"1";"6";"Avenue d'Aquitaine";"44,1764450";"0,6909180"
"202000018399";"30";"4";"2020";"16:50";"1";"68";"68201";"2";"3";"2";"6";"10 Rue du Général de Gaulle";"47,7736324";"7,0001953"
"202000018400";"30";"4";"2020";"21:00";"1";"29";"29191";"1";"1";"1";"5";"D109";"48,5202710";" -3,7489130"
"202000018401";"30";"4";"2020";"20:35";"2";"03";"03314";"1";"9";"1";"7";"Chante Alouette";"46,2955663";"2,6229966"
"202000018402";"30";"4";"2020";"17:30";"1";"01";"01098";"1";"1";"1";"6";"D1504";"45,7798850";"5,6895880"
"202000018403";"30";"4";"2020";"12:59";"1";"01";"01098";"2";"3";"3";"3";"26 Impasse des Ecureuils";"45,8012850";"5,6820290"
"202000018404";"1";"5";"2020";"07:30";"2";"14";"14357";"1";"1";"2";"6";"Monceaux - St Jean Blanc (Saint-Jean-le-Blanc)";"48,9444330";" -0,6623550"
"202000018405";"28";"4";"2020";"09:30";"1";"10";"10141";"1";"1";"8";"3";"Rue de la Gare";"48,0591520";"4,5181060"
"202000018406";"30";"4";"2020";"18:15";"1";"16";"16245";"2";"1";"2";"1";"Agglo de Fontafie";"45,8641815";"0,5364704"
"202000018407";"30";"4";"2020";"16:25";"1";"53";"53229";"1";"1";"1";"6";"D133";"48,1275440";" -0,7680130"
"202000018408";"30";"4";"2020";"17:15";"1";"987";"98715";"1";"1";"7";"1";"PK 4, RT1, face Mairie de FAA'A";" -17,5531730";" -149,5998330"
"202000018409";"30";"4";"2020";"22:35";"5";"81";"81105";"2";"6";"1";"6";"Route de Realmont";"43,7643960";"2,0075150"
"202000018410";"29";"4";"2020";"23:15";"3";"91";"91589";"1";"1";"2";"2";"AUTOROUTE A6";"48,6766500";"2,3389700"
"202000018411";"29";"4";"2020";"21:00";"3";"91";"91235";"1";"1";"2";"7";"RN 104";"48,6259310";"2,3555530"
"202000018412";"30";"4";"2020";"16:21";"1";"93";"93066";"1";"1";"1";"6";"AUTOROUTE A1";"48,9292900";"2,3616300"
"202000018413";"30";"4";"2020";"08:50";"1";"93";"93053";"1";"1";"1";"3";"AUTOROUTE A3";"48,8856100";"2,4722500"
"202000018414";"29";"2";"2020";"11:43";"1";"95";"95268";"2";"1";"8";"6";"AV DU GENERAL DE GAULLE";"48,9763000";"2,3936000"
"202000018415";"30";"4";"2020";"06:30";"1";"988";"98818";"2";"4";"1";"3";"ECHANGEUR BONAPARTE";" -22,2420200";"166,4574400"
"202000018416";"29";"4";"2020";"15:35";"1";"69";"69383";"2";"2";"1";"3";"MAZENOD                             (R )";"45,7590590";"4,8499843"
"202000018417";"26";"4";"2020";"11:30";"1";"69";"69384";"2";"3";"2";"6";"HENON                               (R )";"45,7795300";"4,8290300"
"202000018418";"29";"4";"2020";"07:37";"2";"91";"91477";"2";"2";"2";"3";"GRANDE CEINTURE (BOULEVARD)";"48,7211500";"2,2513800"
"202000018419";"29";"4";"2020";"09:00";"1";"81";"81004";"2";"6";"1";"3";"MOISSAN (HENRI)";"43,9240868";"2,1892512"
"202000018420";"27";"4";"2020";"11:40";"1";"71";"71486";"2";"1";"1";"7";"Rue Rene Devillard";"46,6474353";"4,3617895"
"202000018421";"23";"4";"2020";"17:56";"1";"68";"68066";"2";"1";"1";"4";"ROUFFACH (ROUTE DE)";"48,0616380";"7,3380440"
"202000018422";"28";"3";"2020";"16:40";"1";"59";"59195";"2";"4";"1";"6";"BRUYERES LES";"50,6265780";"2,9552240"
"202000018423";"29";"4";"2020";"10:50";"1";"54";"54304";"2";"2";"8";"3";"SAPINIERE (RUE DE LA)";"48,6932833";"6,1281234"
"202000018424";"28";"4";"2020";"16:40";"1";"31";"31555";"2";"1";"1";"6";"RUE SAINT ROME";"43,6033140";"1,4434220"
"202000018425";"28";"4";"2020";"17:49";"1";"13";"13210";"2";"3";"1";"3";"ROMAIN ROLLAND (BOULEVARD)";"43,2709168";"5,4083178"
"202000018426";"28";"4";"2020";"10:00";"1";"75";"75115";"2";"2";"1";"3";"RUE LEBLANC";"48,8377280";"2,2751920"
"202000018427";"29";"4";"2020";"12:50";"1";"75";"75114";"2";"1";"1";"3";"RUE REMY DUMONCEL";"48,8297230";"2,3319350"
"202000018428";"29";"4";"2020";"09:52";"1";"75";"75109";"2";"7";"1";"6";"RUE D AMSTERDAM";"48,8833320";"2,3271630"
"202000018429";"29";"4";"2020";"15:25";"1";"94";"94075";"2";"2";"2";"3";" Av du Mal de Lattre de Tassigny & Rue du Lieutenant Dagorno";"48,7272487";"2,5309949"
"202000018430";"29";"4";"2020";"13:40";"1";"47";"47169";"1";"1";"1";"3";"Rn 21";"44,1627810";"0,6176380"
"202000018431";"25";"4";"2020";"15:45";"1";"49";"49127";"1";"1";"1";"7";"Le Tertre Neuf";"47,6838270";" -0,2393930"
"202000018432";"29";"4";"2020";"17:30";"2";"974";"97422";"2";"6";"1";"6";"50 Rue du Général de Gaulle";" -21,2768480";"55,5214850"
"202000018433";"30";"4";"2020";"08:30";"1";"83";"83036";"2";"6";"1";"2";"Avenue de Saint-raphaël, rond-point des collières";"43,1822930";"6,5386300"
"202000018434";"29";"4";"2020";"19:00";"2";"58";"58086";"2";"1";"2";"7";"Cosne-Cours-sur-Loire";"47,3992930";"2,9155020"
"202000018435";"29";"4";"2020";"15:50";"1";"79";"79216";"1";"1";"2";"1";"N/A";"46,2654110";" -0,3439300"
"202000018436";"28";"4";"2020";"15:45";"1";"79";"79109";"1";"1";"1";"5";"Route de Saint-Maxire";"46,3883120";" -0,4322430"
"202000018437";"30";"4";"2020";"10:30";"1";"65";"65025";"2";"1";"1";"6";"Route du Stade";"43,0055965";" -0,0874722"
"202000018438";"29";"4";"2020";"19:00";"1";"03";"03082";"1";"1";"8";"2";"Lieu Dit Bazergues";"46,2620117";"2,7505673"
"202000018439";"29";"4";"2020";"10:49";"1";"85";"85051";"2";"6";"2";"7";"Rond-Point de Pierre Brune";"46,6985800";" -1,0434960"
"202000018440";"29";"4";"2020";"16:00";"1";"72";"72376";"1";"1";"3";"7";"Le Creusat";"47,8827000";"0,5095470"
"202000018441";"29";"4";"2020";"20:00";"1";"17";"17106";"1";"1";"3";"6";"D731";"45,5526750";" -0,3078530"
"202000018442";"29";"4";"2020";"18:05";"1";"78";"78043";"1";"1";"3";" -1";"Bailly";"48,8350070";"2,0775320"
"202000018443";"15";"2";"2020";"17:25";"1";"78";"78537";"1";"1";"1";"2";"A10 PK024+300";"48,5524240";"1,9295170"
"202000018444";"19";"4";"2020";"06:15";"1";"988";"98831";"2";"2";"1";"7";"RT1/RM46 VOH";" -20,9641200";"164,7057870"
"202000018445";"28";"4";"2020";"18:15";"2";"971";"97110";"1";"1";"1";"2";"Chemin des Galets";"16,2969710";" -61,0907220"
"202000018446";"28";"4";"2020";"21:50";"5";"971";"97111";"2";"1";"1";"6";"224 Allée Nouvelle Cité";"16,3097960";" -61,7917230"
"202000018447";"29";"4";"2020";"20:45";"5";"77";"77511";"2";"1";"3";"1";"Rue de Paris - D401";"49,0337530";"2,6389500"
"202000018448";"29";"4";"2020";"10:35";"1";"13";"13004";"1";"1";"1";"7";"Chemin de la Dougue";"43,6570370";"4,5827790"
"202000018449";"29";"4";"2020";"19:00";"1";"89";"89257";"2";"4";"2";"1";"44 Rue du 4 Septembre";"47,9679090";"3,5184360"
"202000018450";"29";"4";"2020";"22:40";"5";"64";"64422";"2";"3";"1";"7";"Rue Léo Lagrange";"43,1902800";" -0,6296910"
"202000018451";"29";"4";"2020";"14:30";"1";"14";"14328";"1";"1";"3";"6";"Rue de la Paix";"49,2177650";" -0,2415920"
"202000018452";"30";"4";"2020";"12:50";"1";"60";"60139";"2";"2";"1";"1";"378 Avenue de Verdun";"49,1690073";"2,2446866"
"202000018453";"14";"2";"2020";"18:20";"2";"13";"13202";"2";"1";"1";"2";"Tunnel Joliette Marseille vers Aubagne";"43,2939070";"5,3641650"
"202000018454";"28";"4";"2020";"08:25";"1";"13";"13028";"1";"1";"2";"6";"A50";"43,1929200";"5,6518600"
"202000018455";"14";"4";"2020";"14:20";"1";"54";"54312";"1";"1";"1";"3";"Autoroute A 31";"48,9328500";"6,1118500"
"202000018456";"28";"4";"2020";"17:00";"1";"59";"59043";"1";"1";"1";"6";"AUTOROUTE A25";"50,7233810";"2,7379320"
"202000018457";"29";"4";"2020";"11:00";"1";"94";"94038";"1";"1";"1";"6";"AUTOROUTE A6A";"48,7759000";"2,3462000"
"202000018458";"29";"4";"2020";"18:15";"1";"95";"95394";"1";"1";"3";"7";" A115";"49,0508800";"2,1888100"
"202000018459";"12";"1";"2020";"09:00";"1";"95";"95509";"1";"1";"7";"3";"D9";"49,0685670";"2,4852960"
"202000018460";"26";"2";"2020";"11:35";"1";"988";"98818";"2";"1";"1";"4";"N°58 ROUTE DU PORT DESPOINTES";" -22,2827400";"166,4531600"
"202000018461";"15";"2";"2020";"18:20";"5";"95";"95585";"2";"1";"1";"6";"VALERY (AVEUE PAUL)";"48,9803000";"2,3733300"
"202000018462";"25";"2";"2020";"20:15";"3";"31";"31555";"1";"1";"1";"2";"24 EMPALOT  (PERIPH OUEST A620)";"43,5747200";"1,4403000"
"202000018463";"27";"1";"2020";"15:25";"1";"92";"92024";"2";"1";"2";"3";"MARTRE (RUE) DE (111 A 119)   (122 A 144";"48,9060030";"2,3034500"
"202000018464";"28";"4";"2020";"01:20";"3";"974";"97407";"2";"1";"1";"6";"COMPAGNIE DES INDES (BD DE LA) ";" -20,9373000";"55,2919000"
"202000018465";"28";"4";"2020";"10:15";"1";"69";"69388";"2";"2";"2";"5";"BOCAGE (DU)                         (R )";"45,7343800";"4,8661600"
"202000018466";"28";"4";"2020";"07:49";"1";"972";"97213";"1";"3";"1";"3";"ROUTE DEPARTEMENTALE 3";"14,6647560";" -60,9947710"
"202000018467";"27";"4";"2020";"11:15";"1";"972";"97213";"2";"1";"1";"3";"ROUTE NATIONALE 1";"14,6181200";" -61,0066900"
"202000018468";"28";"4";"2020";"11:57";"1";"69";"69202";"2";"1";"8";"2";"LIBERATION (DE LA)                  (RO)";"45,7287000";"4,7782000"
"202000018469";"27";"4";"2020";"22:17";"5";"87";"87085";"2";"1";"2";"6";"BERTHELOT (AVENUE)";"45,8366600";"1,2508000"
"202000018470";"28";"4";"2020";"12:45";"1";"82";"82121";"2";"2";"2";"3";"FORT (RUE DU)";"44,0198500";"1,3576800"
"202000018471";"26";"4";"2020";"17:20";"1";"67";"67482";"2";"1";"1";"6";"50 Rue du Conseil des XV";"48,5896030";"7,7820420"
"202000018472";"25";"4";"2020";"19:00";"1";"67";"67482";"2";"1";"1";"3";"111 Rue du Schnokeloch";"48,5735565";"7,7136942"
"202000018473";"24";"4";"2020";"14:10";"1";"67";"67482";"2";"3";"1";"3";"10 Rue Paul Reiss";"48,5768090";"7,7497380"
"202000018474";"28";"4";"2020";"19:05";"2";"59";"59343";"2";"1";"1";"6";"JAURES JEAN RUE";"50,5845500";"3,1026000"
"202000018475";"23";"1";"2020";"16:15";"1";"06";"06085";"2";"1";"1";"1";"Chemin de la Chapelle";"43,5951940";"7,0058320"
"202000018476";"24";"1";"2020";"19:25";"3";"31";"31004";"1";"1";"1";"6";"A61";"43,4385735";"1,6149970"
"202000018477";"24";"1";"2020";"07:10";"2";"02";"02443";"1";"1";"5";"6";"A4";"49,0459700";"3,2646560"
"202000018478";"23";"1";"2020";"16:30";"1";"62";"62355";"1";"1";"1";"1";"1 Carrefour de l'Artois";"50,3310390";"2,9187050"
"202000018479";"23";"1";"2020";"17:00";"1";"45";"45273";"2";"1";"1";"6";"28 AV du Stade";"47,8721460";"2,1286470"
"202000018480";"24";"1";"2020";"18:40";"3";"77";"77095";"1";"3";"5";"3";"D54, INTERSECTION ROUTE DE SAINT MESMES";"48,9770060";"2,7602080"
"202000018481";"24";"1";"2020";"13:20";"1";"77";"77010";"1";"1";"1";" -1";"D619";"48,5933359";"2,9139618"
"202000018482";"17";"1";"2020";"09:44";"1";"13";"13110";"2";"6";"1";"6";"2 Route de Saint-maximin";"43,4493480";"5,6894910"
"202000018483";"24";"1";"2020";"13:15";"1";"03";"03286";"1";"3";"1";"2";"N/A";"46,5237077";"3,3540820"
"202000018484";"24";"1";"2020";"06:00";"5";"74";"74154";"2";"1";"1";"6";"rd 1005";"46,4058480";"6,6744090"
"202000018485";"24";"1";"2020";"20:50";"3";"26";"26088";"1";"1";"1";"7";"Route du 45e Parallele";"44,9994640";"5,0959830"
"202000018486";"23";"1";"2020";"15:00";"1";"60";"60326";"1";"1";"1";"2";"Jonquières";"49,4026940";"2,7303810"
"202000018487";"24";"1";"2020";"17:20";"2";"59";"59063";"2";"1";"1";"3";"106 Rue Victor Watremez";"50,1440050";"3,3684210"
"202000018488";"23";"1";"2020";"15:50";"1";"13";"13055";"1";"1";"1";"3";"A507 sens Marseille - Aubagne";"43,2975100";"5,4247600"
"202000018489";"8";"1";"2020";"08:10";"1";"13";"13015";"1";"1";"1";"2";"A51-Sens Marseille vers Aix en Provence";"43,4321566";"5,3938065"
"202000018490";"22";"1";"2020";"11:10";"1";"67";"67482";"1";"9";"1";"5";"Autoroute A.35";"48,5902068";"7,7327127"
"202000018491";"17";"1";"2020";"17:53";"3";"67";"67447";"1";"1";"1";"2";"Autoroute A.4";"48,6112299";"7,7266884"
"202000018492";"23";"1";"2020";"01:20";"3";"33";"33162";"1";"1";"1";"6";"ROCADE A 630";"44,8742700";" -0,6367400"
"202000018493";"21";"1";"2020";"08:45";"2";"59";"59507";"1";"1";"5";"4";"AUTOROUTE A1";"50,6066925";"3,0973291"
"202000018494";"23";"1";"2020";"18:50";"3";"91";"91534";"1";"1";"1";"2";"RN 118";"48,7296000";"2,1660000"
"202000018495";"23";"1";"2020";"17:15";"1";"91";"91534";"1";"1";"1";"3";"RN 118";"48,7308980";"2,1722920"
"202000018496";"23";"1";"2020";"13:25";"1";"91";"91174";"1";"1";"1";"3";"RN 104";"48,6235000";"2,4668000"
"202000018497";"22";"1";"2020";"17:50";"3";"91";"91339";"1";"1";"1";"4";"RN 104";"48,6273000";"2,2586000"
"202000018498";"23";"1";"2020";"17:00";"1";"78";"78466";"1";"1";"1";"4";"N118";"48,9321390";"1,9761470"
"202000018499";"22";"1";"2020";"14:30";"1";"93";"93008";"1";"1";"1";"4";"AUTOROUTE A86";"48,9127300";"2,4368000"
"202000018500";"21";"1";"2020";"22:10";"3";"93";"93053";"1";"1";"1";"2";"AUTOROUTE A3";"48,8953000";"2,4712000"
"202000018501";"21";"1";"2020";"18:30";"3";"93";"93010";"1";"1";"1";"2";"AUTOROUTE A3";"48,9090100";"2,4740700"
"202000018502";"19";"1";"2020";"21:15";"3";"93";"93066";"1";"1";"1";"4";"AUTOROUTE A86";"48,9223100";"2,3585800"
"202000018503";"22";"1";"2020";"14:15";"1";"77";"77249";"1";"1";"1";"2";"RN104";"48,7319138";"2,6095878"
"202000018504";"22";"1";"2020";"05:50";"5";"94";"94052";"2";"1";"1";"6";"A86.EXT";"48,8344155";"2,4934304"
"202000018505";"22";"1";"2020";"03:00";"5";"75";"75112";"1";"1";"1";"6";"A4";"48,8209000";"2,4613000"
"202000018506";"21";"1";"2020";"09:24";"1";"93";"93029";"2";"1";"7";"3";"AV JEAN JAURES";"48,9199800";"2,4507000"
"202000018507";"22";"1";"2020";"15:30";"1";"976";"97611";"1";"1";"3";"2";"doujani-Carrière ( route de la )";" -12,7973900";"45,2159300"
"202000018508";"22";"1";"2020";"14:35";"1";"973";"97302";"2";"1";"1";"3";"BADUEL (ROUTE DE)";"4,9410379";" -52,3209929"
"202000018509";"22";"1";"2020";"09:00";"1";"69";"69386";"2";"1";"1";" -1";"TRONCHET                            (R )";"45,7701600";"4,8509600"
"202000018510";"22";"1";"2020";"08:00";"1";"69";"69386";"2";"1";"1";"1";"CHARMETTES (DES)                    (R )";"45,7686000";"4,8673000"
"202000018511";"14";"1";"2020";"06:10";"2";"971";"97113";"1";"6";"2";"6";"RN4 - SECTION RIVIERA";"16,2075557";" -61,4565539"
"202000018512";"22";"1";"2020";"12:45";"1";"91";"91377";"2";"6";"1";"6";"PILEU (RUE DU)";"48,7297800";"2,2412800"
"202000018513";"22";"1";"2020";"16:13";"1";"91";"91345";"2";"3";"1";"6";"SOHIER LEONTINE  (RUE)";"48,6938400";"2,2974700"
"202000018514";"22";"1";"2020";"08:00";"1";"91";"91103";"2";"1";"1";"2";"GUYNEMER GEORGES (AVENUE)";"48,6053900";"2,3089500"
"202000018515";"21";"1";"2020";"09:40";"1";"91";"91103";"2";"3";"1";"7";"BOIS DE CHATRES (RUE DU)";"48,5970550";"2,2824570"
"202000018516";"22";"1";"2020";"17:41";"2";"83";"83126";"2";"9";"1";"3";"ANCIENS COMBATANTS D'INDOCHINE (AV DES)";"43,1051660";"5,8561810"
"202000018517";"16";"1";"2020";"18:20";"2";"79";"79191";"2";"2";"1";"6";"144 Avenue Saint Jean d’Angely";"46,3157600";" -0,4656600"
"202000018518";"21";"1";"2020";"10:35";"1";"78";"78517";"2";"2";"1";"6";"ANGIVILLER (RUE D')";"48,6459100";"1,8210200"
"202000018519";"21";"1";"2020";"12:35";"1";"78";"78517";"2";"1";"1";"6";"LENOTRE (RUE G.)";"48,6423200";"1,8256400"
"202000018520";"22";"1";"2020";"10:00";"1";"77";"77186";"1";"1";"1";"2";"RD607 de Barbizon à pavé du roi";"48,3944396";"2,6914070"