"Num_Acc";"jour";"mois";"an";"hrmn";"lum";"dep";"com";"agg";"int";"atm";"col";"adr";"lat";"long"
"202000018521";"21";"1";"2020";"09:30";"1";"76";"76322";"2";"1";"1";"6";"DUMONT D'URVILLE. BOULEVARD";"49,3999200";"1,0425800"
"202000018522";"21";"1";"2020";"22:15";"5";"72";"72181";"2";"2";"1";"1";"DIESEL RODOLPHE (RUE)";"47,9858600";"0,2252400"
"202000018523";"21";"1";"2020";"13:35";"1";"71";"71306";"2";"1";"1";"3";"Rue Antoine Emorine";"46,6710666";"4,3777876"
"202000018524";"22";"1";"2020";"20:30";"5";"69";"69266";"2";"2";"1";"3";"TOLSTOI    (Cours)";"45,7627000";"4,8782000"
"202000018525";"21";"1";"2020";"17:50";"5";"67";"67482";"2";"1";"1";"6";"VOSGES (AVENUE DES)";"48,5884070";"7,7556040"
"202000018526";"22";"1";"2020";"12:10";"1";"66";"66136";"2";"1";"3";"2";"ARGELES SUR MER AVENUE D'";"42,6819100";"2,9103600"
"202000018527";"22";"1";"2020";"13:15";"1";"64";"64545";"2";"1";"1";"4";"RD810";"43,3743639";" -1,6790843"
"202000018528";"22";"1";"2020";"13:00";"1";"64";"64102";"2";"1";"2";"7";"MARINES (AVENUE DES ALLEES)";"43,4990000";" -1,4886000"
"202000018529";"22";"1";"2020";"07:55";"5";"64";"64140";"2";"3";"1";"3";"POLITZER (RUE GEORGES)";"43,5147900";" -1,4859400"
"202000018530";"21";"1";"2020";"17:00";"1";"63";"63063";"2";"1";"1";"3";"SIBONY (IMPASSE)";"45,8350800";"3,0963800"
"202000018531";"21";"1";"2020";"07:25";"5";"62";"62193";"2";"3";"1";"3";"ALLIES (BOULEVARD DES)";"50,9607500";"1,8497100"
"202000018532";"22";"1";"2020";"17:25";"2";"60";"60159";"2";"1";"1";"6";"PARIS (DE)";"49,4098200";"2,8162500"
"202000018533";"22";"1";"2020";"22:10";"5";"54";"54300";"2";"9";"9";"6";"GALTIER (RUE LUCIEN)";"48,6621484";"6,2211853"
"202000018534";"22";"1";"2020";"17:50";"1";"54";"54547";"2";"3";"1";"6";"GUINGOT (RUE LOUIS)";"48,6610757";"6,1905801"
"202000018535";"22";"1";"2020";"10:15";"1";"53";"53130";"2";"1";"1";"6";"BROU ( RUE PROSPER )";"48,0814189";" -0,7660228"
"202000018536";"22";"1";"2020";"03:00";"5";"51";"51454";"2";"1";"1";"6";"31 Rue Courmeaux";"49,2576873";"4,0372797"
"202000018537";"22";"1";"2020";"15:55";"1";"50";"50218";"2";"3";"1";"3";"AMERIQUES (BOULEVARD)";"48,8277080";" -1,5789510"
"202000018538";"22";"1";"2020";"11:55";"1";"50";"50129";"2";"1";"1";"3";"MALAKOFF (RUE)";"49,6399300";" -1,6108900"
"202000018539";"21";"1";"2020";"18:45";"2";"49";"49007";"2";"6";"1";" -1";"DOYENNE BOULEVARD ET PASSAGE";"47,4882100";" -0,5363000"
"202000018540";"21";"1";"2020";"15:58";"1";"49";"49007";"2";"1";"1";"5";"CHATEAU D'ORGEMONT RUE ET SQU";"47,4545400";" -0,5475800"
"202000018541";"21";"1";"2020";"08:00";"3";"49";"49007";"2";"1";"1";"3";"BRISSAC";"47,4619200";" -0,5484700"
"202000018542";"20";"1";"2020";"12:20";"1";"47";"47001";"2";"1";"1";"1";"LECLERC (AV. DU GENERAL)";"44,1810200";"0,6237500"
"202000018543";"19";"1";"2020";"02:50";"1";"44";"44162";"2";"1";"1";"6";"Boulevard Salvador Allende";"47,2190550";" -1,6201880"
"202000018544";"3";"1";"2020";"11:02";"1";"42";"42184";"2";"1";"1";"6";"Rue du Fuyant";"46,0446171";"4,0554091"
"202000018545";"22";"1";"2020";"12:30";"1";"35";"35238";"1";"1";"1";"4";"RN 136 PORTE DE Beauregard";"48,1381200";" -1,7007600"
"202000018546";"22";"1";"2020";"20:25";"5";"34";"34172";"2";"2";"8";"6";"CASTELNAU (AVENUE DE)";"43,6222400";"3,8831100"
"202000018547";"21";"1";"2020";"08:35";"2";"34";"34172";"2";"1";"2";"6";"BROUSSONNET (RUE AUGUSTE)";"43,6174400";"3,8676900"
"202000018548";"22";"1";"2020";"06:35";"3";"33";"33200";"1";"6";"1";"3";"AVE DE MAGUDAS / RUE DE VENTEILLE";"44,8616300";" -0,6958800"
"202000018549";"22";"1";"2020";"07:25";"2";"31";"31069";"2";"2";"2";"4";"DE GAULLE (AV DU GENERAL)";"43,6416800";"1,3843900"
"202000018550";"22";"1";"2020";"07:40";"4";"31";"31555";"1";"1";"2";"6";"AV ALBERT BEDOUCE";"43,5797300";"1,4599400"
"202000018551";"20";"1";"2020";"16:35";"1";"31";"31483";"2";"1";"1";"6";"PASTEUR (BOULEVARD)";"43,1083220";"0,7207670"
"202000018552";"22";"1";"2020";"14:50";"1";"27";"27701";"1";"1";"1";"1";"RD 6015";"49,2602000";"1,1659000"
"202000018553";"22";"1";"2020";"07:40";"5";"26";"26198";"2";"1";"1";"4";"JAURES (Avenue Jean)";"44,5512000";"4,7477050"
"202000018554";"21";"1";"2020";"17:29";"5";"21";"21231";"2";"1";"1";"3";"145 Avenue Gustave Eiffel";"47,3125514";"5,0093633"
"202000018555";"22";"1";"2020";"21:40";"5";"13";"13209";"2";"1";"1";"1";"CABOT (BOULEVARD)";"43,2575900";"5,4184300"
"202000018556";"22";"1";"2020";"14:20";"1";"13";"13213";"2";"1";"1";"4";"BERTHE SYLVA (RUE)";"43,3268770";"5,4195390"
"202000018557";"22";"1";"2020";"12:50";"1";"13";"13212";"2";"3";"1";"5";"AIGUILLETTE (RUE DE L')";"43,3118000";"5,4282000"
"202000018558";"21";"1";"2020";"07:50";"2";"13";"13047";"1";"1";"1";"1";"Cabane Noire (Route de la)";"43,4820800";"4,9818100"
"202000018559";"21";"1";"2020";"09:20";"1";"13";"13001";"2";"9";"9";"7";"REPENTANCE (CH DE)";"43,5403300";"5,4786400"
"202000018560";"20";"1";"2020";"11:35";"1";"12";"12174";"2";"1";"1";"1";"MOULINE (AVENUE DES HAUTS DE LA)";"44,3413170";"2,5647460"
"202000018561";"22";"1";"2020";"15:25";"1";"10";"10387";"2";"1";"1";"3";"EMILE ZOLA (RUE)";"48,2963450";"4,0745630"
"202000018562";"22";"1";"2020";"08:00";"1";"10";"10362";"2";"1";"9";"6";"LAMARTINE (RUE)";"48,2995500";"4,0492100"
"202000018563";"22";"1";"2020";"17:10";"2";"06";"06088";"2";"1";"8";"6";"MAGNAN (BD)";"43,6932000";"7,2426000"
"202000018564";"21";"1";"2020";"15:40";"1";"06";"06104";"2";"1";"8";"1";"FRANCE (AVENUE DE)";"43,7539000";"7,4465600"
"202000018565";"14";"1";"2020";"13:30";"1";"06";"06029";"2";"1";"1";"6";"MAUBERT (RONT POINT GAL)";"43,5515100";"7,0299300"
"202000018566";"22";"1";"2020";"09:25";"1";"06";"06027";"2";"1";"1";"3";"VERDUN AVENUE DE";"43,6600000";"7,1875000"
"202000018567";"22";"1";"2020";"20:25";"5";"75";"75118";"2";"4";"1";"4";"BD PERIPHERIQUE INTERIEUR";"48,9006745";"2,3649403"
"202000018568";"22";"1";"2020";"08:35";"5";"75";"75116";"2";"1";"1";" -1";"BD PERIPHERIQUE INTERIEUR";"48,8439180";"2,2549170"
"202000018569";"22";"1";"2020";"09:15";"1";"75";"75114";"2";"1";"1";"3";"BD PERIPHERIQUE INTERIEUR";"48,8229480";"2,3129510"
"202000018570";"22";"1";"2020";"07:51";"2";"75";"75108";"2";"1";"1";"3";"AVENUE WINSTON CHURCHILL";"48,8666909";"2,3138934"
"202000018571";"22";"1";"2020";"01:10";"5";"75";"75117";"2";"2";"1";"6";"AVENUE DES TERNES";"48,8801126";"2,2879404"
"202000018572";"21";"1";"2020";"15:36";"1";"75";"75107";"2";"2";"1";"6";"BOULEVARD RASPAIL";"48,8543484";"2,3261095"
"202000018573";"22";"1";"2020";"14:35";"1";"75";"75119";"2";"3";"1";"2";"AVENUE CORENTIN CARIOU";"48,8951350";"2,3827490"
"202000018574";"22";"1";"2020";"18:00";"5";"75";"75118";"2";"1";"1";"6";"RUE DE LA CHAPELLE";"48,8962358";"2,3592791"
"202000018575";"22";"1";"2020";"12:55";"1";"75";"75118";"2";"3";"1";"3";"RUE DE LA CHAPELLE";"48,8920130";"2,3598500"
"202000018576";"21";"1";"2020";"22:35";"5";"75";"75117";"2";"2";"1";"3";"RUE DE COURCELLES";"48,8815630";"2,3007080"
"202000018577";"22";"1";"2020";"08:45";"1";"75";"75116";"2";"1";"1";"3";"ROUTE DE SEVRES A NEUILLY";"48,8541127";"2,2373968"
"202000018578";"22";"1";"2020";"04:30";"5";"75";"75116";"2";"1";"1";"6";"AVENUE DE VERSAILLES";"48,8385745";"2,2594667"
"202000018579";"22";"1";"2020";"18:05";"5";"75";"75113";"2";"3";"1";"6";"BOULEVARD AUGUSTE BLANQUI";"48,8296885";"2,3494247"
"202000018580";"21";"1";"2020";"11:00";"1";"75";"75112";"2";"3";"1";"3";"AVENUE DAUMESNIL";"48,8402922";"2,3927477"
"202000018581";"22";"1";"2020";"16:30";"1";"75";"75111";"2";"4";"1";"6";"RUE DES BOULETS";"48,8517761";"2,3893279"
"202000018582";"22";"1";"2020";"13:10";"1";"75";"75111";"2";"4";"1";"3";"AVENUE DE LA REPUBLIQUE";"48,8664797";"2,3681400"
"202000018583";"22";"1";"2020";"10:30";"1";"75";"75111";"2";"5";"1";"7";"AVENUE DE LA REPUBLIQUE";"48,8652864";"2,3745435"
"202000018584";"21";"1";"2020";"20:28";"5";"75";"75108";"2";"2";"1";"6";"RUE PIERRE CHARRON";"48,8705200";"2,3052460"
"202000018585";"21";"1";"2020";"19:00";"5";"75";"75117";"2";"3";"1";"2";"AVENUE EMILE ET ARMAND MASSARD";"48,8885510";"2,2972260"
"202000018586";"22";"1";"2020";"09:30";"1";"75";"75107";"2";"3";"1";"1";"QUAI D ORSAY";"48,8626609";"2,3190755"
"202000018587";"22";"1";"2020";"14:20";"1";"75";"75103";"2";"1";"1";"7";"RUE DES ARCHIVES";"48,8609702";"2,3578944"
"202000018588";"21";"1";"2020";"18:15";"5";"75";"75101";"2";"3";"1";"4";"RUE DE RIVOLI";"48,8660294";"2,3250475"
"202000018589";"22";"1";"2020";"12:07";"1";"94";"94065";"2";"9";"1";"6";"PONT DES HALLES (R DU)";"48,7608395";"2,3427290"
"202000018590";"22";"1";"2020";"18:00";"5";"94";"94079";"2";"3";"1";"3";"GENERAL GALLIENI (RUE DU)";"48,8256598";"2,5405208"
"202000018591";"22";"1";"2020";"12:35";"1";"94";"94002";"2";"3";"1";"3";"JULES GUESDE (R)";"48,8048000";"2,4167000"
"202000018592";"22";"1";"2020";"18:00";"5";"93";"93070";"2";"7";"1";"6";"ANSELME(RUE)";"48,9103106";"2,3342361"
"202000018593";"21";"1";"2020";"11:15";"1";"93";"93066";"2";"1";"1";"6";"ARTS ET METIERS (AVENUE)";"48,9152500";"2,3618300"
"202000018594";"22";"1";"2020";"07:10";"5";"93";"93064";"2";"1";"1";"6";"TULIPIERS (ALLEE DES)";"48,8737589";"2,4726716"
"202000018595";"22";"1";"2020";"20:35";"4";"93";"93015";"1";"1";"1";"6";"RTE STRATEGIQUE";"48,9244300";"2,5647100"
"202000018596";"22";"1";"2020";"06:20";"5";"93";"93006";"2";"1";"9";"6";"GAL DE GAULLE AV. DU";"48,8639500";"2,4171000"
"202000018597";"22";"1";"2020";"17:40";"2";"93";"93010";"2";"1";"1";"2";"R JULES GUESDE";"48,9035512";"2,4777369"
"202000018598";"21";"1";"2020";"12:15";"1";"93";"93057";"2";"1";"1";"2";"AV ARISTIDE BRIAND";"48,9086080";"2,4986296"
"202000018599";"22";"1";"2020";"08:45";"1";"92";"92051";"2";"1";"1";"3";"GENERAL KOENIG (BOULEVARD DU)";"48,8812800";"2,2521800"
"202000018600";"20";"1";"2020";"20:20";"3";"92";"92050";"2";"2";"1";"6";"PONS NOEL RUE";"48,9039800";"2,2187200"
"202000018601";"22";"1";"2020";"16:30";"1";"92";"92049";"2";"1";"1";"4";"PIERRE BROSSOLETTE (AVENUE)";"48,8205982";"2,3117939"
"202000018602";"22";"1";"2020";"13:15";"1";"92";"92049";"2";"1";"1";"1";"PERI RUE GABRIEL N°38 A 82";"48,8185643";"2,3193761"
"202000018603";"20";"1";"2020";"19:50";"5";"92";"92036";"2";"2";"1";"6";"JEAN JAURES (RUE) (2)/ PIERRE TIMBAUD (RUE) (1/45)";"48,9331200";"2,2941300"
"202000018604";"22";"1";"2020";"21:24";"5";"86";"86165";"1";"6";"9";"7";"D54";"46,4054450";"0,8919590"
"202000018605";"20";"1";"2020";"09:15";"1";"08";"08331";"1";"1";"8";"7";"D229";"49,6598870";"4,9377500"
"202000018606";"22";"1";"2020";"08:40";"1";"51";"51262";"1";"1";"1";"4";"D396";"48,7067200";"4,5982880"
"202000018607";"22";"1";"2020";"10:00";"1";"31";"31547";"1";"2";"3";"3";"Route de Labastidette";"43,4882530";"1,2754330"
"202000018608";"22";"1";"2020";"21:55";"3";"51";"51153";"1";"1";"1";"7";"D40A";"49,0245848";"3,9890108"
"202000018609";"22";"1";"2020";"18:00";"5";"74";"74267";"2";"1";"1";"7";"222 Route d'Albertville";"45,8814230";"6,1418990"
"202000018610";"23";"1";"2020";"06:00";"3";"89";"89369";"1";"1";"1";"6";"D143";"48,2686830";"3,1443640"
"202000018611";"23";"1";"2020";"17:45";"2";"89";"89104";"1";"1";"9";"5";"D45";"47,7782130";"3,8419100"
"202000018612";"23";"1";"2020";"09:00";"1";"63";"63338";"1";"2";"8";"3";"D92/D533";"46,1790390";"2,8405020"
"202000018613";"23";"1";"2020";"08:50";"5";"42";"42177";"2";"2";"1";"3";"Rue de Briennon";"46,1460570";"4,1084040"
"202000018614";"22";"1";"2020";"15:15";"1";"44";"44084";"1";"1";"1";"2";"Rue de la Gaudine";"47,2425610";" -1,3635920"
"202000018615";"22";"1";"2020";"17:50";"5";"29";"29106";"2";"1";"1";"6";"Rue de Quilinen";"48,0861820";" -4,0647750"
"202000018616";"23";"1";"2020";"08:00";"3";"84";"84051";"1";"1";"1";"7";"D900";"43,8620410";"5,2843590"
"202000018617";"23";"1";"2020";"08:50";"1";"03";"03305";"1";"2";"1";"3";"Les Audevants";"46,3982844";"2,6837772"
"202000018618";"20";"1";"2020";"09:35";"1";"58";"58134";"2";"1";"7";"3";"Avenue Jean Jaurés";"46,9353780";"3,2589700"
"202000018619";"23";"1";"2020";"11:24";"1";"06";"06079";"2";"9";"1";"6";"Avenue du Marechal Lyautey";"43,5568550";"6,9521920"
"202000018620";"20";"1";"2020";"07:35";"3";"14";"14643";"1";"1";"9";"6";"Route départementale 13";"49,1790306";" -0,7803932"
"202000018621";"22";"1";"2020";"18:40";"3";"50";"50484";"1";"1";"1";"7";"D977";"48,5694770";" -1,0932760"
"202000018622";"23";"1";"2020";"16:15";"1";"60";"60407";"1";"1";"1";"1";"D124";"49,6504794";"1,7800157"
"202000018623";"20";"1";"2020";"16:20";"1";"45";"45109";"1";"2";"1";"3";"D2157 - D704";"47,9326210";"1,6707750"
"202000018624";"22";"1";"2020";"14:30";"1";"18";"18103";"2";"1";"1";"2";"Rue d'Issoudun";"47,1367090";"1,8525530"
"202000018625";"22";"1";"2020";"07:00";"3";"18";"18065";"1";"1";"1";"6";"D65";"46,8325410";"2,1104910"
"202000018626";"18";"1";"2020";"00:00";"3";"43";"43213";"1";"1";"8";"6";"D500";"45,2515070";"4,2732950"
"202000018627";"23";"1";"2020";"07:30";"2";"16";"16312";"2";"1";"1";"2";"Route de Mansle";"45,7678927";" -0,0299223"
"202000018628";"23";"1";"2020";"16:15";"1";"38";"38530";"1";"1";"5";"2";"A43";"45,6250600";"5,1759500"
"202000018629";"21";"1";"2020";"21:00";"3";"27";"27091";"1";"1";"1";"3";"A13";"49,3619750";"0,8569230"
"202000018630";"21";"1";"2020";"11:04";"1";"27";"27091";"1";"1";"1";"7";"D91";"49,3727610";"0,8514180"
"202000018631";"22";"1";"2020";"11:20";"1";"988";"98814";"1";"1";"1";"3";"Hnadro";" -21,0035728";"167,2225732"
"202000018632";"22";"1";"2020";"20:10";"3";"971";"97117";"1";"1";"1";"6";"D123";"16,3407440";" -61,3829590"
"202000018633";"1";"1";"2020";"18:00";"2";"971";"97118";"1";"1";"1";"3";"Route nationale 01";"16,1947013";" -61,6060495"
"202000018634";"22";"1";"2020";"03:20";"3";"13";"13215";"2";"1";"2";"6";"A7-Sens Lyon vers Marseille";"43,3764100";"5,3589900"
"202000018635";"8";"1";"2020";"12:45";"1";"13";"13215";"1";"1";"1";"2";"A7-Sens Lyon vers Marseille";"43,3769375";"5,3587327"
"202000018636";"4";"1";"2020";"05:00";"3";"13";"13215";"1";"1";"1";"3";"A7-Sens Lyon vers Marseille";"43,3634040";"5,3607200"
"202000018637";"22";"1";"2020";"12:45";"1";"94";"94037";"1";"1";"1";"2";"AUTOROUTE A6B";"48,8096000";"2,3390000"
"202000018638";"22";"1";"2020";"08:05";"1";"91";"91521";"1";"1";"1";"2";"RN 449";"48,6377700";"2,3980200"
"202000018639";"22";"1";"2020";"08:35";"3";"78";"78466";"1";"1";"1";"3";"A13";"48,9314900";"1,9780300"
"202000018640";"22";"1";"2020";"07:45";"3";"92";"92050";"1";"1";"1";"2";"A86";"48,9115137";"2,2166923"
"202000018641";"20";"1";"2020";"17:00";"1";"93";"93066";"1";"1";"1";"2";"AUTOROUTE A1";"48,9193600";"2,3575500"
"202000018642";"20";"1";"2020";"20:41";"3";"93";"93063";"1";"1";"1";"2";"AUTOROUTE A3";"48,8752400";"2,4403500"
"202000018643";"22";"1";"2020";"17:15";"2";"94";"94033";"1";"1";"1";"5";"A86.EXT";"48,8517600";"2,4903200"
"202000018644";"22";"1";"2020";"15:00";"1";"77";"77294";"1";"1";"1";"2";"A104";"48,9705780";"2,5962944"
"202000018645";"21";"1";"2020";"21:25";"5";"69";"69259";"2";"9";"1";"3";"DOCTEUR COBLOD (DU)                 (BD)";"45,7016900";"4,8907300"
"202000018646";"21";"1";"2020";"13:50";"1";"69";"69259";"2";"2";"1";"1";"FRANCIS DE PRESSENSE                (AV)";"45,7267133";"4,8624480"
"202000018647";"17";"1";"2020";"13:40";"1";"69";"69386";"2";"2";"2";"6";"FELIX JACQUIER                      (R )";"45,7737088";"4,8473809"
"202000018648";"16";"1";"2020";"16:50";"1";"69";"69152";"2";"1";"1";"6";"AUGUSTE CHARLES SIMEANT             (R )";"45,6981500";"4,8146800"
"202000018649";"21";"1";"2020";"21:15";"5";"2B";"2B033";"2";"1";"1";"6";"DANESI - BLD BENOITE";"42,6994600";"9,4454700"
"202000018650";"21";"1";"2020";"16:39";"1";"91";"91645";"2";"1";"1";"6";"FOCH (BOULEVARD DU MARECHAL)";"48,7473800";"2,2706900"
"202000018651";"21";"1";"2020";"13:00";"1";"91";"91687";"2";"1";"1";"2";"VICTOR SCHOELCHER (AVENUE)";"48,6576000";"2,3721300"
"202000018652";"20";"1";"2020";"06:05";"5";"91";"91326";"2";"1";"1";"6";"COUR DE FRANCE (AVENUE DE LA)";"48,6928800";"2,3709200"
"202000018653";"21";"1";"2020";"17:00";"1";"91";"91201";"2";"1";"1";"3";"EUGENE DELACROIX(AVENUE)";"48,6766610";"2,4203090"
"202000018654";"20";"1";"2020";"07:00";"5";"91";"91657";"2";"2";"8";"3";"CONCORDE (AVENUE)";"48,7050400";"2,4214200"
"202000018655";"21";"1";"2020";"08:50";"1";"91";"91174";"2";"1";"1";"6";"DAUPHINE (RUE DE LA)";"48,6019710";"2,4772910"
"202000018656";"21";"1";"2020";"07:30";"5";"91";"91027";"2";"1";"9";"3";"FRANCOIS MITTERRAND (AVENUE)";"48,7088400";"2,3714700"
"202000018657";"17";"1";"2020";"15:34";"1";"87";"87085";"2";"1";"1";"6";"QUINET (RUE EDGAR)";"45,8231900";"1,2402900"
"202000018658";"21";"1";"2020";"17:00";"1";"86";"86133";"1";"1";"1";"2";"D611/N10";"46,5286080";"0,2818450"
"202000018659";"21";"1";"2020";"17:00";"1";"81";"81004";"2";"1";"1";"2";"THOMAS (AV ALBERT)";"43,9489000";"2,1528700"
"202000018660";"20";"1";"2020";"21:15";"5";"80";"80021";"2";"2";"1";"3";"VALLEE (RUE DE LA )";"49,8918000";"2,3096100"
"202000018661";"20";"1";"2020";"20:10";"5";"80";"80021";"2";"3";"1";"3";"VERDUN (RUE DE )";"49,8937300";"2,3114400"
"202000018662";"20";"1";"2020";"08:30";"2";"80";"80021";"2";"1";"2";"6";"AMONT (PORT D')";"49,8947700";"2,3090800"
"202000018663";"21";"1";"2020";"08:30";"2";"78";"78551";"2";"1";"1";"6";"VIDAL (RAYMOND)";"48,8973700";"2,0790000"
"202000018664";"15";"1";"2020";"20:40";"5";"78";"78498";"2";"2";"1";"6";"MALADRERIE AV DE LA";"48,9204000";"2,0314000"
"202000018665";"14";"7";"2020";"17:05";"1";"16";"16001";"1";"1";"1";"6";"N/A";"46,0951270";"0,7045140"
"202000018666";"13";"7";"2020";"15:30";"1";"24";"24451";"1";"1";"7";"1";"D675";"45,5092420";"0,6530590"
"202000018667";"14";"7";"2020";"12:23";"1";"04";"04053";"1";"3";"1";"5";"RD 951";"44,0999032";"5,9482195"
"202000018668";"9";"7";"2020";"17:50";"1";"85";"85014";"2";"4";"1";"1";"Le Pont de Bazoges";"46,6594590";" -0,9173740"
"202000018669";"14";"7";"2020";"16:00";"1";"37";"37151";"1";"1";"1";"3";"295 La Vellerie";"47,4491547";"0,6085998"
"202000018670";"13";"7";"2020";"21:15";"2";"52";"52407";"1";"1";"1";"6";"D674";"48,2815690";"5,4745280"
"202000018671";"11";"7";"2020";"10:40";"1";"04";"04209";"1";"1";"1";"2";"A 51 bretelle 23";"44,2204238";"5,9197946"
"202000018672";"14";"7";"2020";"05:55";"1";"89";"89339";"1";"1";"1";"6";"Autoroute A6 - Sens PARIS / LYON - PK 202+900";"47,5610569";"3,9446847"
"202000018673";"13";"7";"2020";"17:55";"1";"13";"13001";"1";"1";"1";"2";"122 Avenue Gaston Berger";"43,5131850";"5,4373450"
"202000018674";"21";"6";"2020";"04:00";"3";"49";"49007";"1";"1";"1";"6";"A11 - PK 261+900";"47,4909710";" -0,5367100"
"202000018675";"14";"7";"2020";"09:45";"1";"974";"97417";"1";"1";"1";"2";"Rue Leconte de Lisle";" -21,3580205";"55,7700831"
"202000018676";"12";"7";"2020";"11:45";"1";"77";"77283";"1";"1";"1";"3";"D94";"49,0777038";"3,0397269"
"202000018677";"14";"7";"2020";"12:20";"1";"77";"77534";"1";"2";"1";"1";"4 Rue de Paris - D319 - D353";"48,6447286";"2,7798824"
"202000018678";"12";"7";"2020";"05:50";"1";"78";"78048";"2";"1";"1";"7";"9 Route d'Orgerus";"48,8056700";"1,6759450"
"202000018679";"13";"7";"2020";"07:35";"1";"78";"78558";"1";"1";"1";"6";"D89";"48,9829910";"1,5316060"
"202000018680";"13";"7";"2020";"23:50";"3";"34";"34209";"2";"1";"1";"6";"Rue Henri Matisse";"43,3031640";"3,3436310"
"202000018681";"13";"7";"2020";"15:30";"1";"04";"04062";"1";"1";"6";"3";"RD 900";"44,4499880";"6,7409710"
"202000018682";"12";"7";"2020";"14:50";"1";"70";"70455";"1";"1";"1";"1";"Rue de l'Aérodrome";"47,6887060";"6,5317151"
"202000018683";"13";"7";"2020";"09:15";"1";"55";"55414";"1";"1";"1";"6";"Route de Vroil";"48,8298930";"4,9142740"
"202000018684";"14";"7";"2020";"16:30";"1";"03";"03215";"1";"1";"1";"7";"N/A";"46,3040195";"3,4497946"
"202000018685";"13";"7";"2020";"15:45";"1";"85";"85226";"2";"1";"7";"3";"Avenue de la Rousselotiere";"46,7232100";" -1,9485520"
"202000018686";"8";"7";"2020";"20:27";"1";"61";"61228";"1";"3";"1";"6";"Pre des Guains";"48,5125390";" -0,0257060"
"202000018687";"14";"7";"2020";"16:35";"1";"59";"59419";"2";"1";"2";"5";"Route de Douai";"50,5104150";"3,2719520"
"202000018688";"9";"7";"2020";"18:00";"1";"13";"13071";"1";"1";"1";"3";"A7-Sens Marseille vers Lyon";"43,4093861";"5,2859832"
"202000018689";"9";"7";"2020";"16:25";"1";"13";"13071";"1";"1";"1";"2";"A5501G-Sens Mlle Vieux Port vers A7-Lyon";"43,4065800";"5,2923000"
"202000018690";"11";"7";"2020";"23:01";"3";"67";"67471";"1";"1";"1";"4";"Autoroute A4";"48,6338300";"7,7245700"
"202000018691";"13";"7";"2020";"05:10";"2";"94";"94034";"1";"1";"1";"6";"AUTOROUTE A86";"48,7574000";"2,3348600"
"202000018692";"13";"7";"2020";"13:15";"1";"92";"92025";"1";"1";"1";"4";"A86";"48,9331400";"2,2508565"
"202000018693";"13";"7";"2020";"05:20";"2";"78";"78322";"1";"1";"1";"6";"A86 DUPLEX - A86 INT";"48,7806820";"2,1720330"
"202000018694";"13";"7";"2020";"07:45";"1";"93";"93066";"1";"1";"1";"7";"AUTOROUTE A1";"48,9180700";"2,3573600"
"202000018695";"13";"7";"2020";"00:50";"5";"93";"93027";"1";"1";"1";"6";"AUTOROUTE A86";"48,9235100";"2,3832300"
"202000018696";"13";"7";"2020";"11:00";"1";"77";"77373";"1";"1";"1";"6";"RN104";"48,7739887";"2,6118634"
"202000018697";"13";"7";"2020";"09:45";"1";"94";"94017";"1";"1";"1";" -1";"A4";"48,8290200";"2,5008100"
"202000018698";"12";"7";"2020";"23:18";"3";"77";"77372";"1";"1";"1";"6";"A104";"48,8933665";"2,6661937"
"202000018699";"11";"7";"2020";"12:30";"1";"974";"97411";"2";"2";"2";"3";"HOARAU (RUE MARCEL)";" -20,9100900";"55,4871300"
"202000018700";"12";"7";"2020";"19:30";"1";"69";"69383";"2";"1";"1";"3";"GENAS (DE)                          (RO)";"45,7542600";"4,8856600"
"202000018701";"12";"7";"2020";"13:50";"1";"69";"69386";"2";"2";"1";"3";"EMERAUDES (DES)                     (R )";"45,7690600";"4,8604400"
"202000018702";"11";"7";"2020";"19:00";"1";"69";"69383";"2";"2";"1";"3";"PAUL BERT                           (R )";"45,7570000";"4,8615800"
"202000018703";"12";"7";"2020";"09:10";"1";"69";"69383";"2";"2";"1";"3";"LACASSAGNE                          (AV)";"45,7528000";"4,8695100"
"202000018704";"11";"7";"2020";"11:30";"1";"972";"97213";"1";"1";"1";"2";"N/A";"14,6143880";" -61,0492140"
"202000018705";"12";"7";"2020";"15:25";"1";"69";"69382";"2";"2";"1";"2";"VUILLERME                           (R )";"45,7356300";"4,8179300"
"202000018706";"12";"7";"2020";"05:05";"2";"69";"69384";"2";"1";"1";"6";"HERBOUVILLE (D')                    (CO)";"45,7741700";"4,8388300"
"202000018707";"12";"7";"2020";"07:00";"1";"971";"97101";"1";"1";"2";"1";"ROUTE DE CHAZEAU";"16,2813000";" -61,4938000"
"202000018708";"12";"7";"2020";"21:15";"1";"95";"95539";"2";"6";"1";"7";"PLANCHETTE  (RUE DE LA)";"48,9960600";"2,3467900"
"202000018709";"9";"7";"2020";"12:15";"1";"91";"91692";"2";"6";"1";"2";"OCEANIE (AVENUE DE L')";"48,6763300";"2,1943300"
"202000018710";"10";"7";"2020";"18:15";"1";"86";"86194";"2";"1";"1";"3";"D910";"46,6091160";"0,3436190"
"202000018711";"12";"7";"2020";"21:45";"1";"78";"78481";"2";"1";"1";"6";"CHARLES DE GAULLE (AVENUE)";"48,8945300";"2,1051900"
"202000018712";"12";"7";"2020";"02:43";"5";"78";"78643";"2";"1";"1";"6";"BELLAY RUE JOACHIM DU";"48,9535500";"1,9688200"
"202000018713";"11";"7";"2020";"19:55";"1";"69";"69029";"2";"1";"1";"1";"GENAS (DE)                          (RO)";"45,7522600";"4,9007000"