"Num_Acc";"jour";"mois";"an";"hrmn";"lum";"dep";"com";"agg";"int";"atm";"col";"adr";"lat";"long"
"202000018909";"22";"2";"2020";"20:05";"5";"91";"91161";"2";"9";"1";"6";"CARREFOUR RN20 / CD120";"48,7153200";"2,2982200"
"202000018910";"23";"2";"2020";"19:15";"3";"94";"94046";"1";"1";"2";"3";"A86 EXT_";"48,8085629";"2,4490579"
"202000018911";"23";"2";"2020";"05:50";"5";"94";"94017";"1";"1";"1";"2";"A4";"48,8288900";"2,5003100"
"202000018912";"22";"2";"2020";"06:45";"1";"974";"97407";"2";"3";"1";"6";"CHERBOURG(RUE)";" -20,9388900";"55,2983100"
"202000018913";"22";"2";"2020";"14:01";"1";"973";"97302";"2";"1";"1";"1";"MADELEINE (ROUTE DE LA)";"4,9212573";" -52,3222173"
"202000018914";"17";"2";"2020";"17:10";"1";"973";"97302";"2";"3";"1";"3";"MONTABO (ROUTE DE) 1";"4,9418100";" -52,3041100"
"202000018915";"21";"2";"2020";"20:38";"5";"69";"69202";"2";"3";"1";"1";"COMMANDANT CHARCOT (DU)             (R )";"45,7511902";"4,8011434"
"202000018916";"22";"2";"2020";"09:15";"1";"69";"69149";"2";"1";"1";"6";"CAMILLE (DE LA)                     (R )";"45,7135000";"4,8020000"
"202000018917";"22";"2";"2020";"18:55";"5";"2B";"2B120";"1";"6";"1";"3";"IMPERIALE (Route) D464 ";"42,6660000";"9,4394000"
"202000018918";"22";"2";"2020";"00:07";"3";"2A";"2A004";"2";"5";"1";"3";"GEORGES POMPIDOU AVENUE";"41,9338600";"8,7530700"
"202000018919";"22";"2";"2020";"19:00";"3";"91";"91421";"1";"1";"1";"2";"NATIONALE 6 (GLACIERE)";"48,7124000";"2,4420600"
"202000018920";"22";"2";"2020";"18:00";"1";"91";"91434";"2";"2";"1";"3";"ROGER SALENGRO (AVENUE)";"48,6578000";"2,3553000"
"202000018921";"21";"2";"2020";"13:15";"1";"91";"91326";"2";"1";"1";"6";"COUR DE FRANCE (AVENUE DE LA)";"48,6890500";"2,3711800"
"202000018922";"22";"2";"2020";"09:00";"1";"83";"83069";"2";"6";"1";"3";"APPEL DU 18 JUIN ( RD POINT DE L')";"43,1065000";"6,1285000"
"202000018923";"21";"2";"2020";"19:40";"3";"83";"83069";"1";"1";"1";"1";"NICE (ROUTE DE)";"43,1306300";"6,1762060"
"202000018924";"22";"2";"2020";"14:15";"1";"82";"82033";"1";"9";"1";"7";"MONESTIE VC 6 (CHEMIN DE) ";"44,0521400";"1,0919200"
"202000018925";"21";"2";"2020";"23:00";"5";"79";"79329";"2";"1";"8";"6";"Rue de la Maison Sèche";"46,9745100";" -0,1837100"
"202000018926";"22";"2";"2020";"04:00";"3";"76";"76217";"1";"1";"1";"7";"BREAUTE (AVENUE DE )  ";"49,9110530";"1,0863480"
"202000018927";"22";"2";"2020";"11:35";"1";"71";"71306";"1";"1";"1";"3";"Quai Jules Chagot";"46,6770295";"4,3633177"
"202000018928";"21";"2";"2020";"20:15";"3";"69";"69290";"2";"1";"1";"6";"SAVOIE (DE)                         (R )";"45,7061700";"4,9850400"
"202000018929";"22";"2";"2020";"14:30";"1";"64";"64102";"2";"2";"1";"3";"PAULMY (AVENUE DES ALLEES)";"43,4911800";" -1,4814700"
"202000018930";"22";"2";"2020";"15:05";"1";"56";"56260";"2";"6";"8";"2";"Rue Edgar Touffreau";"47,6618700";" -2,7951600"
"202000018931";"22";"2";"2020";"13:20";"1";"51";"51454";"2";"2";"1";"3";"Boulevard de la Paix";"49,2514400";"4,0419700"
"202000018932";"22";"2";"2020";"06:20";"3";"50";"50502";"2";"1";"8";"6";"NOUVELLE CANEE";"49,0941900";" -1,0922700"
"202000018933";"22";"2";"2020";"12:05";"1";"45";"45285";"2";"9";"1";"6";"Rue Gambetta";"47,9069367";"1,8786130"
"202000018934";"22";"2";"2020";"20:25";"5";"35";"35238";"2";"2";"2";"7";"282 FOUGERES (RUE DE)";"48,1295600";" -1,6433100"
"202000018935";"22";"2";"2020";"14:20";"1";"35";"35051";"1";"1";"8";"6";"RN 136 BEAULIEU (PORTE DE)";"48,1047700";" -1,6038000"
"202000018936";"23";"2";"2020";"00:25";"5";"34";"34172";"2";"4";"1";"1";"Avenue des Apothicaires";"43,6449746";"3,8427854"
"202000018937";"22";"2";"2020";"14:40";"1";"34";"34172";"2";"1";"1";"3";"PENELOPE (BOULEVARD)";"43,6035200";"3,9132400"
"202000018938";"21";"2";"2020";"18:50";"5";"33";"33281";"2";"2";"1";"3";"RUE FRANCISCO FERRER / RUE PROF TIMOTHEE PIECHAUD";"44,8265000";" -0,6135500"
"202000018939";"22";"2";"2020";"16:30";"1";"32";"32013";"2";"2";"1";"3";"ROUGET DE LISLE";"43,6466400";"0,5917500"
"202000018940";"22";"2";"2020";"18:25";"1";"29";"29232";"1";"1";"2";"7";"Boulevard de Poulguinan";"47,9847444";" -4,1132108"
"202000018941";"22";"2";"2020";"10:15";"1";"25";"25204";"1";"6";"1";"3";"R-N 57. giratoire des 4 chemins";"46,9245100";"6,3368100"
"202000018942";"21";"2";"2020";"13:15";"1";"18";"18279";"2";"1";"1";"3";"MOUTON (RUE DU )";"47,2307100";"2,0889200"
"202000018943";"22";"2";"2020";"15:20";"1";"17";"17300";"2";"2";"1";"6";"LOTI   AVENUE PIERRE";"46,1622167";" -1,1761836"
"202000018944";"22";"2";"2020";"15:10";"1";"13";"13215";"2";"1";"1";"6";"LYON (RUE DE)";"43,3342200";"5,3637200"
"202000018945";"22";"2";"2020";"08:30";"1";"06";"06088";"2";"3";"1";"6";"STALINGRAD (BD DE)";"43,7100000";"7,2800000"
"202000018946";"22";"2";"2020";"17:15";"1";"06";"06027";"2";"3";"7";"2";"PLAGE BOULEVARD DE LA";"43,6527600";"7,1548500"
"202000018947";"21";"2";"2020";"20:25";"3";"01";"01289";"1";"1";"1";"1";"LENT ( ROUTE DE )";"46,1697600";"5,2264900"
"202000018948";"22";"2";"2020";"17:20";"1";"75";"75112";"2";"1";"1";"2";"ECHANGEUR BERCY";"48,8289990";"2,4001340"
"202000018949";"22";"2";"2020";"00:44";"5";"75";"75112";"2";"2";"1";"3";"RUE CORIOLIS";"48,8370530";"2,3900310"
"202000018950";"22";"2";"2020";"17:45";"1";"75";"75106";"2";"2";"1";"6";"BOULEVARD SAINT MICHEL";"48,8513880";"2,3431670"
"202000018951";"22";"2";"2020";"17:40";"5";"75";"75120";"2";"7";"1";" -1";"AVENUE DE LA PORTE DES LILAS";"48,8776830";"2,4082650"
"202000018952";"22";"2";"2020";"01:15";"5";"75";"75119";"2";"2";"1";"6";"RUE DE BELLEVILLE";"48,8728530";"2,3798520"
"202000018953";"21";"2";"2020";"20:30";"5";"75";"75118";"2";"7";"1";"6";"BOULEVARD ORNANO";"48,8960050";"2,3459840"
"202000018954";"22";"2";"2020";"12:50";"1";"75";"75117";"2";"5";"1";"6";"BOULEVARD BESSIERES";"48,8974450";"2,3242780"
"202000018955";"22";"2";"2020";"01:56";"5";"75";"75113";"2";"2";"1";"4";"BOULEVARD VINCENT AURIOL";"48,8362100";"2,3714930"
"202000018956";"22";"2";"2020";"00:30";"5";"75";"75112";"2";"1";"1";"2";"QUAI DE BERCY";"48,8309190";"2,3856380"
"202000018957";"22";"2";"2020";"20:10";"5";"75";"75108";"2";"1";"1";"3";"AVENUE DE WAGRAM";"48,8761960";"2,2968000"
"202000018958";"22";"2";"2020";"16:20";"1";"75";"75107";"2";"2";"1";"3";"AVENUE DE LA MOTTE PICQUET";"48,8559590";"2,3080290"
"202000018959";"22";"2";"2020";"16:10";"1";"75";"75103";"2";"3";"1";"3";"BOULEVARD DE SEBASTOPOL";"48,8670340";"2,3529750"
"202000018960";"22";"2";"2020";"02:20";"5";"75";"75103";"2";"2";"1";" -1";"RUE DES FRANCS BOURGEOIS";"48,8572440";"2,3617660"
"202000018961";"21";"2";"2020";"12:10";"1";"75";"75103";"2";"1";"1";"2";"BOULEVARD SAINT MARTIN";"48,8683390";"2,3596950"
"202000018962";"22";"2";"2020";"01:00";"5";"93";"93005";"2";"9";"1";"3";"RTE DE MITRY";"48,9494024";"2,5196408"
"202000018963";"22";"2";"2020";"15:00";"1";"92";"92072";"2";"3";"1";"2";"LECLERC (AVENUE DE LA DIVISION)";"48,8245700";"2,2200200"
"202000018964";"22";"2";"2020";"10:49";"1";"92";"92050";"2";"2";"1";"3";"SURESNES RUE DE";"48,8839200";"2,2150300"
"202000018965";"22";"2";"2020";"12:24";"1";"92";"92020";"2";"3";"1";"6";"EXUPERY AVENUE SAINT";"48,8094553";"2,2982638"
"202000018966";"22";"2";"2020";"13:44";"5";"92";"92040";"2";"9";"1";"5";"MARCEL SEMBAT";"48,8147000";"2,2645800"
"202000018967";"22";"2";"2020";"21:05";"5";"92";"92062";"2";"1";"1";"2";"DE DION BOUTON (QUAI) DU 29 AU 65";"48,8869000";"2,2529100"
"202000018968";"22";"2";"2020";"08:10";"1";"92";"92024";"2";"2";"8";"7";"GENERAL LECLERC (BD DU) (9 A 59)   (4 A";"48,8999700";"2,3180320"
"202000018969";"22";"2";"2020";"05:50";"2";"47";"47044";"1";"1";"1";"7";"68 les granges";"44,6691560";"0,5565260"
"202000018970";"22";"2";"2020";"12:35";"1";"62";"62212";"1";"1";"2";"3";"D134";"50,3506910";"1,9834940"
"202000018971";"22";"2";"2020";"14:40";"1";"22";"22206";"1";"3";"1";"3";"LD la dosse";"48,5511460";" -2,9812750"
"202000018972";"21";"2";"2020";"08:20";"2";"41";"41189";"1";"1";"1";"6";"37 Rue Nationale";"47,4648480";"1,1290280"
"202000018973";"22";"2";"2020";"03:20";"5";"972";"97205";"2";"9";"1";"1";"Lotissement la Batterie";"14,6459150";" -61,1387600"
"202000018974";"22";"2";"2020";"22:45";"3";"60";"60395";"1";"1";"1";"1";"D125";"49,2494547";"2,1550155"
"202000018975";"22";"2";"2020";"17:45";"1";"01";"01339";"2";"3";"1";"2";"Avenue des Hélvètes";"45,9461550";"4,7390820"
"202000018976";"23";"2";"2020";"05:00";"3";"29";"29105";"1";"1";"2";"6";"N12 - Croix des Maltotiers";"48,5105350";" -4,0989730"
"202000018977";"21";"2";"2020";"19:00";"3";"83";"83017";"2";"1";"1";"6";"Chemin Departemental 554";"43,2399350";"6,0045060"
"202000018978";"22";"2";"2020";"18:30";"3";"35";"35197";"1";"1";"2";"7";"Le Chemin Chaussé";"48,2312500";" -1,5952350"
"202000018979";"21";"2";"2020";"14:36";"1";"56";"56140";"1";"3";"1";"1";"Bodavel";"47,8964630";" -2,8393220"
"202000018980";"23";"2";"2020";"17:25";"2";"74";"74168";"1";"1";"1";"7";"D1508";"46,0092430";"6,0013680"
"202000018981";"23";"2";"2020";"13:50";"1";"71";"71364";"1";"1";"1";"3";"Route de Dijon";"46,8176208";"5,1716150"
"202000018982";"22";"2";"2020";"15:00";"1";"71";"71377";"1";"1";"1";"6";"Route de Brancion";"46,5552596";"4,8288903"
"202000018983";"22";"2";"2020";"12:00";"1";"63";"63231";"1";"2";"1";"3";"ZI de Racine D2189";"45,8776850";"3,6262710"
"202000018984";"22";"2";"2020";"16:30";"1";"63";"63173";"1";"1";"1";"3";"Les Pradeaux (Col de montagne)";"45,5260880";"3,8452660"
"202000018985";"23";"2";"2020";"14:30";"1";"47";"47218";"1";"1";"1";"7";"Lestalie";"44,5999250";"0,3129390"
"202000018986";"23";"2";"2020";"12:30";"1";"39";"39156";"1";"1";"1";"1";"N/A";"46,5789260";"5,7557790"
"202000018987";"23";"2";"2020";"17:35";"1";"25";"25228";"2";"1";"1";"6";"22 Rue de Dampierre";"47,5071350";"6,8701140"
"202000018988";"23";"2";"2020";"10:25";"1";"44";"44189";"1";"1";"2";"6";"D33";"47,4386110";" -2,1701750"
"202000018989";"22";"2";"2020";"03:50";"3";"35";"35248";"1";"3";"1";"6";"RD 576 Sains";"48,5483620";" -1,5876750"
"202000018990";"23";"2";"2020";"07:00";"4";"29";"29172";"1";"6";"2";"6";"Lieu-dit Kerégat";"48,1672120";" -4,2672280"
"202000018991";"21";"2";"2020";"22:30";"3";"29";"29173";"1";"6";"1";"1";"Chemin de Kergaben";"48,0115662";" -4,1973791"
"202000018992";"22";"2";"2020";"18:50";"3";"02";"02650";"1";"1";"1";"3";"Rocquigny";"50,0182901";"3,9650361"
"202000018993";"22";"2";"2020";"17:00";"1";"58";"58226";"1";"1";"1";"6";"Le Jarnoy";"47,3420360";"4,1249800"
"202000018994";"23";"2";"2020";"17:15";"2";"05";"05145";"2";"1";"7";"6";"Route de Saint-jean";"44,6699350";"6,2207650"
"202000018995";"23";"2";"2020";"06:15";"3";"73";"73084";"1";"1";"1";"6";"D1006 - Chemin du Grand Pre";"45,5155963";"6,0055999"
"202000018996";"23";"2";"2020";"16:00";"1";"43";"43162";"1";"1";"1";"6";"D9 intersection STE REINE";"45,2182164";"4,0219918"
"202000018997";"22";"2";"2020";"19:40";"3";"53";"53189";"1";"1";"1";"7";"D271";"48,4934730";" -0,5206060"
"202000018998";"22";"2";"2020";"15:20";"1";"21";"21272";"1";"2";"7";"3";"D980 / D103F";"47,4260690";"4,3093010"
"202000018999";"21";"2";"2020";"15:45";"1";"85";"85227";"2";"1";"1";"6";"Rue de Saint Etienne des Loges";"46,4727600";" -0,6710300"
"202000019000";"23";"2";"2020";"03:15";"3";"85";"85197";"1";"1";"1";"7";"D763";"46,8741280";" -1,3947060"
"202000019001";"23";"2";"2020";"14:00";"1";"28";"28236";"1";"1";"2";"5";"4 Ozée";"48,3450870";"0,8722650"
"202000019002";"21";"2";"2020";"17:00";"1";"13";"13051";"2";"3";"1";"5";"Route de Saint-chamas";"43,5900900";"5,1147740"
"202000019003";"15";"2";"2020";"02:10";"5";"06";"06088";"1";"4";"1";"1";"A8, PK 185.500, chaussée nord";"43,6692060";"7,2001860"
"202000019004";"22";"2";"2020";"12:00";"1";"27";"27517";"1";"1";"1";"3";"A13";"49,1187710";"1,3305690"
"202000019005";"23";"2";"2020";"15:00";"1";"988";"98829";"1";"1";"1";"7";"RP4 - Creek Jeanne et Marie";" -21,7149720";"166,1221650"
"202000019006";"22";"2";"2020";"06:40";"2";"971";"97116";"2";"1";"1";"3";"Bosredon";"16,3156860";" -61,4816110"
"202000019007";"23";"2";"2020";"10:15";"1";"91";"91047";"2";"2";"1";"3";"intersection D191-D831";"48,4888730";"2,3539280"
"202000019008";"23";"2";"2020";"20:20";"3";"55";"55514";"1";"3";"2";"7";"N/A";"48,7449648";"5,0495911"
"202000019009";"22";"2";"2020";"17:00";"1";"69";"69227";"1";"1";"1";"1";"Route Departementale 34";"45,6693422";"4,5535327"
"202000019010";"22";"2";"2020";"16:00";"1";"69";"69178";"2";"2";"1";"5";"D489";"45,7096636";"4,4680963"
"202000019011";"22";"2";"2020";"13:15";"1";"64";"64407";"2";"1";"1";"6";"Route d'Ibusty";"43,4845240";" -1,4359100"
"202000019012";"23";"2";"2020";"12:00";"1";"14";"14712";"1";"1";"1";"6";"D37";"49,1902726";" -0,1952648"
"202000019013";"22";"2";"2020";"18:10";"2";"93";"93010";"1";"1";"1";"2";"AUTOROUTE A3";"48,9147300";"2,4776200"
"202000019014";"21";"2";"2020";"21:00";"5";"94";"94018";"1";"1";"1";"2";"A4";"48,8183128";"2,4105654"
"202000019015";"20";"2";"2020";"12:39";"1";"988";"98818";"2";"1";"1";"2";"RUE DU GENERAL SARRAIL";" -22,2796200";"166,4447600"
"202000019016";"21";"2";"2020";"13:30";"1";"974";"97411";"2";"9";"1";"6";"LECONTE DE LISLE (AVENUE)";" -20,8931200";"55,4843200"
"202000019017";"21";"2";"2020";"12:05";"1";"69";"69386";"2";"4";"1";"3";"BELGES (DES)                        (BD)";"45,7733000";"4,8516000"
"202000019018";"20";"2";"2020";"17:45";"1";"972";"97209";"2";"2";"1";"3";"NICOLAS GUILLEN (AVENUE)";"14,6062800";" -61,0483200"
"202000019019";"21";"2";"2020";"16:10";"1";"2B";"2B037";"1";"1";"1";"3";"MARANA (ROUTE)";"42,3727500";"9,2814500"
"202000019020";"21";"2";"2020";"11:45";"1";"971";"97101";"1";"1";"1";"1";"AEROPORT POLE CARAIBES";"16,2717700";" -61,5244900"
"202000019021";"20";"2";"2020";"19:05";"5";"91";"91549";"2";"1";"3";"6";"GABRIEL PERI (AVENUE)";"48,6333300";"2,3333300"
"202000019022";"20";"2";"2020";"20:45";"5";"91";"91223";"2";"6";"1";"3";"VICTOIRE (ROND-POINT DE LA)";"48,4373200";"2,1631800"
"202000019023";"21";"2";"2020";"11:00";"1";"91";"91027";"2";"1";"7";"4";"DUNANT (AVENUE HENRI)";"48,7130200";"2,3954800"
"202000019024";"20";"2";"2020";"11:40";"1";"88";"88413";"2";"3";"1";"3";"Rue de la Prairie";"48,2834200";"6,9529200"
"202000019025";"3";"2";"2020";"20:57";"3";"88";"88383";"1";"1";"2";"4";"RN 66";"48,0262300";"6,5876100"
"202000019026";"20";"2";"2020";"16:10";"1";"84";"84087";"2";"1";"1";"3";"LORHO (AVENUE DU GENERAL RAYMOND)";"44,1328800";"4,8242200"
"202000019027";"14";"2";"2020";"15:45";"1";"84";"84007";"1";"1";"1";"7";"MARSEILLE (Route)-MONTFAVET";"43,9257000";"4,8474000"
"202000019028";"18";"2";"2020";"13:04";"1";"84";"84007";"2";"1";"1";"2";"PIERRE SEMARD (avenue)";"43,9526800";"4,8164300"
"202000019029";"7";"2";"2020";"12:50";"1";"84";"84007";"2";"4";"1";"2";"QUAI SAINT LAZARE (Bd du)";"43,9526800";"4,8164300"
"202000019030";"20";"2";"2020";"10:00";"1";"83";"83137";"2";"1";"1";"6";"1ER BATAILLON DE CHOC (AVE DU)";"43,1303000";"5,9097800"
"202000019031";"21";"2";"2020";"08:20";"1";"83";"83129";"2";"9";"1";"1";"BOUILIBAYE (CHE DE)";"43,0914300";"5,8371000"
"202000019032";"21";"2";"2020";"17:25";"2";"78";"78498";"2";"1";"1";"6";"PAIN RUE AU";"48,9303900";"2,0398000"
"202000019033";"6";"2";"2020";"13:30";"1";"76";"76319";"1";"1";"1";"6";"RN 138";"49,3485030";"1,0207340"
"202000019034";"19";"2";"2020";"11:15";"1";"74";"74218";"1";"1";"1";"1";"THONON (AVENUE DE)";"46,3850428";"6,5153813"
"202000019035";"21";"2";"2020";"05:55";"4";"69";"69275";"2";"3";"1";"6";"FRANKLIN ROOSEVELT                  (AV)";"45,7533587";"4,9350484"
"202000019036";"20";"2";"2020";"18:20";"2";"69";"69256";"2";"1";"1";"3";"FRANKLIN ROOSEVELT                  (R )";"45,7466252";"4,9330761"
"202000019037";"21";"2";"2020";"12:45";"1";"67";"67482";"2";"2";"1";"3";"PIERRE MENDES FRANCE (AVENUE)";"48,5989700";"7,7527900"
"202000019038";"20";"2";"2020";"18:00";"1";"66";"66136";"2";"1";"1";" -1";"BACCHUS ALLEE DE";"42,6881400";"2,8861900"
"202000019039";"20";"2";"2020";"13:40";"1";"66";"66136";"2";"1";"1";" -1";"SAINT-ROCH (CHEMIN DE)";"42,6881492";"2,9091807"
"202000019040";"7";"2";"2020";"18:40";"5";"64";"64348";"2";"1";"1";"6";"JEAN MERMOZ";"43,3228300";" -0,3794500"
"202000019041";"5";"2";"2020";"16:15";"1";"64";"64129";"2";"1";"1";"6";"BAYONNE DE";"43,3048400";" -0,4011000"
"202000019042";"21";"2";"2020";"11:20";"1";"64";"64024";"2";"6";"1";"3";"BAYONNE (AVENUE DE)";"43,4817417";" -1,5099217"
"202000019043";"20";"2";"2020";"18:50";"3";"63";"63300";"1";"1";"1";"3";"RD 2009";"45,8983768";"3,1370583"
"202000019044";"21";"2";"2020";"08:08";"1";"63";"63113";"2";"3";"1";"3";"REPUBLIQUE (AVENUE DE LA)";"45,7873600";"3,1058300"
"202000019045";"21";"2";"2020";"12:55";"1";"63";"63113";"2";"1";"1";" -1";"TURGOT (PLACE)";"45,7848744";"3,0996595"
"202000019046";"20";"2";"2020";"09:20";"1";"63";"63113";"1";"6";"1";" -1";"GARNIER (RUE CHARLES)";"45,7932300";"3,0957800"
"202000019047";"10";"9";"2020";"14:50";"1";"69";"69383";"2";"2";"1";"3";"MARECHAL DE SAXE                    (AV)";"45,7626886";"4,8451538"
"202000019048";"10";"9";"2020";"06:10";"1";"972";"97209";"1";"3";"1";"3";"PAUL NARDAL (AVENUE)";"14,6154100";" -61,0720000"
"202000019049";"8";"9";"2020";"18:30";"5";"972";"97209";"2";"3";"1";"3";"ENTRAIDE (ROUTE DE L')";"14,6220900";" -61,0556300"
"202000019050";"7";"9";"2020";"08:42";"1";"972";"97209";"2";"9";"1";"3";"GEORGES GRATIANT (AVENUE)";"14,6124400";" -61,0408300"
"202000019051";"8";"9";"2020";"11:45";"1";"69";"69385";"2";"2";"1";"6";"DOCTEUR ALBERIC PONT (DU)           (R )";"45,7541900";"4,7963200"
"202000019052";"9";"9";"2020";"19:00";"1";"91";"91433";"1";"9";"1";"7";"R.D. 20";"48,4581300";"2,1769300"
"202000019053";"9";"9";"2020";"08:37";"1";"91";"91103";"2";"1";"1";"7";"REPUBLIQUE (BOULEVARD DE LA)";"48,6078200";"2,3059700"
"202000019054";"9";"9";"2020";"09:29";"1";"87";"87085";"2";"1";"1";"6";"ARENES (RUE DES)";"45,8298600";"1,2530800"
"202000019055";"9";"9";"2020";"16:55";"1";"78";"78646";"2";"2";"1";"3";"SAINT CLOUD (AVENUE DE)";"48,8048900";"2,1309300"
"202000019056";"10";"9";"2020";"19:20";"2";"78";"78126";"1";"9";"1";"3";"VERSAILLES (ROUTE DE)";"48,8483000";"2,1090000"
"202000019057";"22";"8";"2020";"03:10";"1";"76";"76245";"2";"9";"1";"6";"GAMBETTA (AVENUE)";"49,5513839";"1,0427356"
"202000019058";"10";"9";"2020";"00:55";"5";"76";"76322";"2";"3";"1";"3";"RAVEL. BOULEVARD MAURICE";"49,4098300";"1,0471800"
"202000019059";"9";"9";"2020";"17:15";"1";"74";"74218";"1";"3";"1";"3";"THONON (AVENUE DE)";"46,3865800";"6,5198800"
"202000019060";"9";"9";"2020";"07:20";"1";"73";"73065";"2";"2";"1";"3";"LYON (AVENUE DE)";"45,5629400";"5,9081800"
"202000019061";"9";"9";"2020";"17:50";"1";"72";"72181";"2";"3";"1";"3";"DEMORIEUX (BD) ENTRE HUISNE ET RD-POINT";"47,9983000";"0,1886900"
"202000019062";"9";"9";"2020";"13:00";"1";"71";"71040";"2";"1";"1";"3";"11 NOVEMBRE 1918 (RUE DU)";"46,6997416";"4,3943142"
"202000019063";"8";"9";"2020";"07:50";"1";"71";"71040";"1";"1";"1";"5";"RN 70 (ROUTE EXPRESS)";"46,7005364";"4,4081499"
"202000019064";"10";"9";"2020";"13:00";"1";"71";"71153";"2";"1";"1";"6";"CAVELL (RUE EDITH)";"46,7977311";"4,4229418"
"202000019065";"10";"9";"2020";"19:25";"1";"71";"71475";"2";"6";"1";"3";"GIVRY (ROUTE DE )";"46,7738595";"4,8289165"
"202000019066";"10";"9";"2020";"15:15";"1";"69";"69256";"2";"2";"7";"3";"GARIBALDI                           (AV)";"45,7670900";"4,9326900"
"202000019067";"9";"9";"2020";"18:08";"1";"67";"67482";"2";"1";"1";" -1";"SEBASTOPOL (RUE DE)";"48,5862880";"7,7429660"
"202000019068";"9";"9";"2020";"16:58";"1";"66";"66136";"2";"1";"1";"6";"SAINT-ANDRE (DE)";"42,6854751";"2,9070009"
"202000019069";"9";"9";"2020";"15:42";"1";"66";"66136";"2";"1";"1";"3";"BERNARD SABBAH (ROND-POINT)";"42,7338000";"2,8896300"
"202000019070";"10";"9";"2020";"17:30";"1";"64";"64348";"2";"1";"1";"4";"SANTONA DE";"43,3218050";" -0,3955670"
"202000019071";"10";"9";"2020";"21:08";"2";"64";"64140";"2";"1";"1";"5";"GLIZE (RUE RAYMOND ET MARCEL)";"43,5278300";" -1,4743400"
"202000019072";"9";"9";"2020";"16:00";"1";"63";"63124";"2";"4";"1";"3";"LE CORBUSIER (RUE)";"45,7337000";"3,1819300"
"202000019073";"8";"9";"2020";"08:50";"1";"63";"63193";"1";"4";"1";"5";"RD 769";"45,7733200";"3,2126700"
"202000019074";"9";"9";"2020";"14:30";"1";"59";"59178";"2";"1";"1";" -1";"GRAND MARAIS (RUE DU)";"50,4016200";"3,1306500"
"202000019075";"8";"9";"2020";"10:20";"1";"54";"54431";"1";"2";"1";"3";"RD 657 CHAMPEY";"48,9240950";"6,0653650"
"202000019076";"10";"9";"2020";"17:30";"1";"54";"54395";"2";"1";"1";"2";"PINCHARD (AVENUE OMBELLES A LIBE)";"48,6979000";"6,1429000"
"202000019077";"22";"8";"2020";"23:45";"5";"54";"54395";"2";"1";"1";"2";"STANISLAS (RUE)";"48,6913662";"6,1761744"
"202000019078";"4";"9";"2020";"08:00";"1";"54";"54395";"2";"2";"1";"3";"JARDINIERS (RUE DES";"48,6889300";"6,1919200"
"202000019079";"9";"9";"2020";"22:25";"5";"54";"54395";"2";"1";"1";"6";"SAINT GEORGES (RUE)";"48,6919554";"6,1862777"
"202000019080";"9";"9";"2020";"06:25";"2";"54";"54300";"2";"1";"1";"6";"GALTIER (RUE LUCIEN)";"48,6617205";"6,2218887"
"202000019081";"10";"9";"2020";"11:35";"1";"51";"51454";"2";"1";"1";"7";"Rue Saint Thierry";"49,2700519";"4,0151185"
"202000019082";"9";"9";"2020";"16:20";"1";"50";"50165";"2";"1";"1";"1";"EGLISE (RUE DE L')";"48,8550100";" -1,5688500"
"202000019083";"10";"9";"2020";"08:50";"1";"50";"50129";"1";"4";"1";"2";"AMIOT (BOULEVARD FELIX)";"49,6423800";" -1,6129700"
"202000019084";"7";"9";"2020";"08:05";"2";"49";"49007";"2";"1";"7";"3";"TROIS PAROISSES CHEMIN";"47,4410600";" -0,5512000"
"202000019085";"9";"9";"2020";"18:30";"1";"49";"49007";"1";"1";"1";"6";"N/A";"47,4751116";" -0,5047520"
"202000019086";"9";"9";"2020";"20:50";"2";"49";"49007";"2";"1";"1";"3";"ESTIENNE D'ORVES BOULEVARD";"47,4556500";" -0,5299000"
"202000019087";"8";"9";"2020";"08:05";"1";"49";"49007";"2";"1";"1";"3";"auriol";"47,4946800";" -0,5640400"
"202000019088";"7";"9";"2020";"14:30";"1";"49";"49007";"1";"1";"1";"6";"EPINARD CHEMIN";"47,5062500";" -0,5660200"
"202000019089";"7";"9";"2020";"07:50";"1";"49";"49007";"2";"1";"1";"7";"Boulevard Robert d’Arbrissel";"47,4446900";" -0,5498700"
"202000019090";"10";"9";"2020";"07:45";"1";"45";"45286";"2";"3";"1";"3";"DOUFFIAGUES (AVENUE JACQUES)";"47,8917500";"1,9309900"
"202000019091";"10";"9";"2020";"11:40";"1";"44";"44162";"2";"1";"1";"6";"Rue de Saint Nazaire";"47,2113400";" -1,6115700"
"202000019092";"9";"9";"2020";"12:30";"1";"38";"38185";"2";"2";"1";"6";"Boulevard Maréchal Foch";"45,1802900";"5,7168800"
"202000019093";"10";"9";"2020";"10:40";"1";"37";"37261";"2";"1";"1";"4";"CHEVALERIE (RUE DE LA)";"47,4146743";"0,6872570"
"202000019094";"10";"9";"2020";"08:36";"1";"35";"35238";"2";"1";"1";"3";"MANIEZ (AVENUE JULES)";"48,0984900";" -1,7036400"
"202000019095";"10";"9";"2020";"15:25";"1";"34";"34172";"2";"1";"1";"3";"HUIT MAI 1945 (PLACE DU)";"43,6009095";"3,8681102"
"202000019096";"10";"9";"2020";"19:10";"1";"33";"33063";"2";"3";"1";"3";"RUE STEHELIN CAUD ";"44,8556900";" -0,6254200"
"202000019097";"10";"9";"2020";"15:45";"1";"33";"33192";"2";"2";"1";"2";"RUE DE CANTARANNE / RTE DE PESSAC / RUE DE LA MAUGUETTE";"44,7818700";" -0,6236100"
"202000019098";"10";"9";"2020";"08:35";"1";"33";"33063";"2";"2";"1";" -1";"RUE BECK / RUE DES MARAICHERS";"44,8211600";" -0,5501300"