"Num_Acc";"jour";"mois";"an";"hrmn";"lum";"dep";"com";"agg";"int";"atm";"col";"adr";"lat";"long"
"202000019099";"10";"9";"2020";"07:15";"2";"31";"31555";"2";"6";"1";"3";"ROND POINT LALANDE";"43,6523500";"1,4243700"
"202000019100";"9";"9";"2020";"14:10";"1";"31";"31069";"1";"1";"2";"4";"FIL D'ARIANE (RD902)";"43,6565800";"1,3639000"
"202000019101";"9";"9";"2020";"11:55";"1";"29";"29232";"1";"1";"1";"2";"N165 - Park Poullig";"48,0349500";" -4,0820200"
"202000019102";"9";"9";"2020";"07:56";"1";"28";"28218";"2";"9";"1";"1";"BEAUCE (RUE DE)";"48,4338000";"1,4576000"
"202000019103";"10";"9";"2020";"14:50";"1";"25";"25056";"2";"1";"1";"3";"BELFORT";"47,2586960";"6,0449240"
"202000019104";"8";"9";"2020";"14:40";"1";"22";"22360";"2";"1";"1";"7";"SAUTET (RUE CLAUDE)";"48,4919176";" -2,7584106"
"202000019105";"10";"9";"2020";"17:00";"1";"14";"14333";"2";"3";"1";"3";"VASES (RUE DES)";"49,4186334";"0,2376274"
"202000019106";"9";"9";"2020";"13:00";"1";"13";"13077";"2";"9";"1";"3";"RN 568";"43,4212900";"4,9776200"
"202000019107";"9";"9";"2020";"10:00";"1";"13";"13056";"1";"1";"1";"1";"VOIE RAPIDE DE LA COTE BLEUE";"43,3454390";"5,0754840"
"202000019108";"10";"9";"2020";"09:40";"1";"13";"13204";"2";"3";"2";"2";"MARÉCHAL JUIN (BOULEVARD)";"43,3094340";"5,4028910"
"202000019109";"9";"9";"2020";"09:30";"1";"13";"13212";"2";"1";"8";"2";"RAMPAL (AVENUE)";"43,3178988";"5,4457641"
"202000019110";"9";"9";"2020";"10:50";"1";"06";"06088";"2";"1";"1";"2";"VOIE RAPIDE";"43,6933520";"7,2448760"
"202000019111";"7";"9";"2020";"11:55";"1";"05";"05023";"2";"1";"1";"2";"MOULIN (RUE JEAN)";"44,8910670";"6,6290350"
"202000019112";"10";"9";"2020";"19:43";"1";"03";"03185";"2";"2";"1";"3";"Avenue Fournier Sarloveze";"46,3279845";"2,6059967"
"202000019113";"9";"9";"2020";"10:15";"1";"75";"75119";"2";"1";"1";"4";"BDE PERIPHERIQUE EXTERIEUR";"48,9004790";"2,3752800"
"202000019114";"9";"9";"2020";"08:10";"1";"75";"75119";"2";"1";"1";"4";"PORTE DE LA VILLETTE";"48,9004250";"2,3902070"
"202000019115";"10";"9";"2020";"16:20";"1";"75";"75106";"2";"5";"1";"2";"RUE VAVIN";"48,8439850";"2,3306150"
"202000019116";"10";"9";"2020";"20:00";"1";"75";"75120";"2";"2";"1";"2";"BOULEVARD DE CHARONNE";"48,8584050";"2,3900100"
"202000019117";"10";"9";"2020";"13:10";"1";"75";"75120";"2";"3";"1";"3";"BOULEVARD MORTIER";"48,8759680";"2,4074910"
"202000019118";"8";"9";"2020";"17:00";"1";"75";"75119";"2";"2";"1";"3";"RUE DE CRIMEE";"48,8953070";"2,3720940"
"202000019119";"10";"9";"2020";"08:48";"1";"75";"75116";"2";"2";"1";"3";"VOIE GEORGES POMPIDOU";"48,8558290";"2,2854870"
"202000019120";"9";"9";"2020";"20:20";"5";"75";"75115";"2";"1";"1";"7";"BOULEVARD GENERAL MARTIAL VALIN";"48,8379990";"2,2716470"
"202000019121";"9";"9";"2020";"19:30";"2";"75";"75115";"2";"5";"1";"3";"BOULEVARD LEFEBVRE";"48,8297370";"2,2956470"
"202000019122";"10";"9";"2020";"14:15";"1";"75";"75114";"2";"2";"1";"7";"RUE DES PLANTES";"48,8275960";"2,3209940"
"202000019123";"5";"9";"2020";"07:30";"1";"75";"75114";"2";"1";"1";"6";"BOULEVARD EDGAR QUINET";"48,8408880";"2,3260680"
"202000019124";"9";"9";"2020";"14:10";"1";"75";"75114";"2";"4";"1";"7";"AVENUE DU MAINE";"48,8341010";"2,3243530"
"202000019125";"10";"9";"2020";"18:00";"1";"75";"75113";"2";"7";"1";"6";"PLACE DE RUNGIS";"48,8224650";"2,3464710"
"202000019126";"10";"9";"2020";"13:50";"1";"75";"75113";"2";"2";"1";"3";"RUE DE PATAY";"48,8244080";"2,3764090"
"202000019127";"10";"9";"2020";"16:15";"1";"75";"75112";"2";"1";"1";"6";"COURS DE VINCENNES";"48,8478070";"2,4024610"
"202000019128";"10";"9";"2020";"16:15";"1";"75";"75111";"2";"1";"1";"6";"PASSAGE SAINT PIERRE AMELOT";"48,8626720";"2,3698740"
"202000019129";"10";"9";"2020";"19:15";"2";"75";"75108";"2";"1";"1";"7";"RUE DE VIENNE";"48,8776520";"2,3223140"
"202000019130";"8";"9";"2020";"22:40";"5";"75";"75108";"2";"2";"1";"3";"RUE D ARTOIS";"48,8736960";"2,3065220"
"202000019131";"9";"9";"2020";"22:15";"5";"75";"75107";"2";"1";"1";"3";"RUE DE SEVRES";"48,8510930";"2,3263340"
"202000019132";"10";"9";"2020";"23:40";"5";"75";"75101";"2";"3";"1";"1";"RUE DE RIVOLI";"48,8593390";"2,3456800"
"202000019133";"10";"9";"2020";"14:50";"1";"75";"75102";"2";"2";"1";"6";"RUE MARIE STUART";"48,8649620";"2,3484960"
"202000019134";"10";"9";"2020";"01:15";"5";"75";"75102";"2";"5";"1";"2";"RUE DE TURBIGO";"48,8638560";"2,3490520"
"202000019135";"8";"9";"2020";"08:30";"1";"94";"94042";"2";"9";"8";"3";"GENERAL GALLIENI (AV DU)";"48,8200850";"2,4768830"
"202000019136";"10";"9";"2020";"11:05";"1";"94";"94076";"2";"1";"1";"3";"MAXIME GORKI (BD)";"48,7888800";"2,3679400"
"202000019137";"10";"9";"2020";"06:30";"5";"94";"94034";"2";"1";"1";"2";"PASTEUR (BD)";"48,7580260";"2,3167050"
"202000019138";"10";"9";"2020";"09:00";"1";"94";"94075";"2";"1";"1";"2";"MANDRES (R DE)";"48,7133690";"2,5379300"
"202000019139";"10";"9";"2020";"12:05";"1";"93";"93077";"2";"1";"1";"4";"GRANDE RUE";"48,8842128";"2,5092572"
"202000019140";"8";"9";"2020";"14:00";"1";"93";"93029";"2";"3";"1";"3";"R SADI CARNOT / R RAYMOND LEFEVRE";"48,9244100";"2,4429200"
"202000019141";"8";"9";"2020";"07:00";"2";"93";"93029";"2";"3";"1";"3";"MARCEAU (AVENUE) N° 29-FIN";"48,9303933";"2,4308138"
"202000019142";"10";"9";"2020";"19:10";"1";"93";"93013";"2";"1";"1";"5";"ROLLAND (RUE DU CDT)";"48,9334700";"2,4429000"
"202000019143";"10";"9";"2020";"13:34";"1";"93";"93013";"2";"1";"1";"3";"LECLERC (AVENU DE LA DIVISION)";"48,9344312";"2,4253080"
"202000019144";"9";"9";"2020";"15:30";"1";"93";"93027";"2";"3";"1";"3";"AV PAUL VAILLANT COUTURIER / R DE LA BUTTE";"48,9295900";"2,4203300"
"202000019145";"10";"9";"2020";"19:10";"1";"93";"93001";"2";"1";"1";"6";"AUVRY (RUE)";"48,9026660";"2,3905748"
"202000019146";"10";"9";"2020";"13:50";"1";"92";"92078";"2";"1";"1";"3";"CHARLES DE GAULLE (BD)(72 AU 308)";"48,9420800";"2,3206450"
"202000019147";"10";"9";"2020";"11:50";"1";"92";"92064";"1";"1";"1";"6";"PARC SAINT CLOUD";"48,8369453";"2,2037103"
"202000019148";"8";"9";"2020";"13:05";"1";"92";"92063";"2";"1";"1";"6";"CORNEILLE (RUE)";"48,8707112";"2,1955102"
"202000019149";"4";"9";"2020";"08:00";"1";"92";"92062";"2";"3";"1";"2";"WALLACE (BD RICHARD) DU 17 AU 91 ET DU 3";"48,8798112";"2,2399617"
"202000019150";"10";"9";"2020";"20:45";"5";"92";"92040";"2";"1";"1";"7";"JEAN-PIERRE TIMBAUD";"48,8199270";"2,2497880"
"202000019151";"10";"9";"2020";"10:15";"1";"92";"92075";"2";"2";"1";"3";"SALVADOR ALLENDE (RUE)";"48,8205100";"2,3039600"
"202000019152";"10";"9";"2020";"08:20";"1";"92";"92040";"2";"1";"1";"3";"DOCTEUR LOMBARD (DU)";"48,8191700";"2,2513800"
"202000019153";"10";"9";"2020";"22:10";"5";"92";"92025";"2";"1";"1";"3";"MARCEAU (BD)";"48,9299870";"2,2626480"
"202000019154";"10";"9";"2020";"16:50";"1";"92";"92024";"2";"1";"1";"2";"CLICHY (QUAI DE) DE (104 A 202)";"48,9128827";"2,3132980"
"202000019155";"10";"9";"2020";"20:48";"5";"92";"92023";"2";"8";"1";"3";"GENERAL DE GAULLE (AVENUE DU) N°2 A 132";"48,7835298";"2,2469428"
"202000019156";"9";"9";"2020";"19:53";"1";"92";"92023";"2";"1";"1";"3";"GENERAL DE GAULLE (AV DU) N°130 A 340 ET";"48,7820738";"2,2433171"
"202000019157";"11";"9";"2020";"08:20";"1";"63";"63345";"1";"1";"7";"6";"D96";"45,6847338";"3,0547867"
"202000019158";"25";"8";"2020";"13:05";"1";"976";"97610";"1";"1";"1";"5";"Face à zone Vallée III - Longoni";" -12,7297990";"45,1803620"
"202000019159";"11";"9";"2020";"06:47";"5";"24";"24294";"2";"4";"1";"1";"Avenue André Malraux";"45,0141230";"0,1609920"
"202000019160";"11";"9";"2020";"10:10";"1";"62";"62760";"2";"1";"1";" -1";"8 Route Nationale";"50,6095250";"2,1048800"
"202000019161";"11";"9";"2020";"09:25";"1";"38";"38157";"2";"1";"7";"6";"Rue des Potiers";"45,4916050";"4,9471800"
"202000019162";"11";"9";"2020";"14:30";"1";"91";"91390";"1";"3";"1";"3";"Chemin des Vignes";"48,3177640";"2,1068890"
"202000019163";"13";"8";"2020";"08:30";"1";"2A";"2A308";"1";"1";"1";"3";"D268";"41,6830358";"9,0408018"
"202000019164";"10";"9";"2020";"18:00";"1";"42";"42332";"2";"1";"1";"6";"142 Route de Villemontais";"46,0198170";"4,0464170"
"202000019165";"9";"9";"2020";"16:20";"1";"68";"68162";"1";"3";"1";"1";"chemin communal du fechtweg";"48,1290130";"7,3142709"
"202000019166";"10";"9";"2020";"18:00";"1";"67";"67173";"1";"1";"1";"4";"D31";"48,6273070";"7,6843200"
"202000019167";"10";"9";"2020";"17:30";"1";"01";"01354";"1";"1";"1";"1";"D35a";"46,2582640";"6,0371870"
"202000019168";"11";"9";"2020";"12:07";"1";"01";"01033";"1";"1";"1";"1";"D1084";"46,1511690";"5,7913670"
"202000019169";"11";"9";"2020";"15:20";"1";"59";"59641";"1";"2";"1";"1";"4574 Route de la Colme";"50,9881220";"2,5280950"
"202000019170";"11";"9";"2020";"09:05";"1";"44";"44137";"1";"1";"1";"6";"N171";"47,3589440";" -2,0446590"
"202000019171";"11";"9";"2020";"09:45";"1";"27";"27011";"1";"2";"1";"3";"D81";"49,2188480";"0,9340340"
"202000019172";"6";"8";"2020";"14:40";"1";"51";"51076";"1";"1";"1";"2";"Hameau Point du Jour";"49,0632615";"3,8577633"
"202000019173";"10";"9";"2020";"07:50";"2";"56";"56172";"2";"1";"1";"6";"11 Rue des Martyrs de la Resistance";"47,8379440";" -2,6419120"
"202000019174";"31";"8";"2020";"10:45";"1";"56";"56137";"1";"3";"1";"3";"Lieu Dit Guernevé";"47,7459320";" -2,6918860"
"202000019175";"4";"9";"2020";"17:50";"1";"74";"74051";"1";"1";"1";"7";"route de frangy D2";"46,0232060";"6,0359360"
"202000019176";"10";"9";"2020";"17:25";"1";"42";"42218";"2";"2";"1";"3";"Rue du Général Leclerc";"45,4314000";"4,3886378"
"202000019177";"10";"9";"2020";"23:00";"3";"79";"79242";"1";"1";"1";"6";"La Petite Roulière";"46,9126920";" -0,4974100"
"202000019178";"9";"9";"2020";"17:40";"1";"80";"80199";"2";"2";"1";"5";"D938";"49,9583760";"2,8882280"
"202000019179";"11";"9";"2020";"15:00";"1";"80";"80566";"1";"1";"1";"1";"D49";"50,0907000";"2,2378370"
"202000019180";"10";"9";"2020";"10:15";"1";"80";"80800";"1";"2";"1";"3";"D29";"49,8569140";"1,8540560"
"202000019181";"10";"9";"2020";"17:30";"1";"65";"65373";"1";"9";"1";"7";"D10";"43,3079890";"0,4565330"
"202000019182";"10";"9";"2020";"18:10";"2";"81";"81064";"1";"1";"1";"2";"Cante Merle";"43,9572790";"1,8581590"
"202000019183";"11";"9";"2020";"09:07";"1";"32";"32027";"2";"2";"1";"3";"Chemin de junca";"43,6999450";" -0,2329150"
"202000019184";"11";"9";"2020";"09:40";"1";"11";"11043";"1";"1";"1";"1";"D101";"43,2178900";"2,4390720"
"202000019185";"3";"9";"2020";"16:00";"1";"61";"61081";"2";"2";"1";"2";"La Benardiere";"48,6488910";"0,1913020"
"202000019186";"3";"9";"2020";"15:45";"1";"55";"55398";"1";"2";"1";"6";"RD 36 - PK 12 + 0100";"48,6836970";"5,7242100"
"202000019187";"10";"9";"2020";"22:30";"3";"49";"49180";"1";"1";"1";"2";"RD347";"47,3652730";" -0,0936160"
"202000019188";"11";"9";"2020";"14:20";"1";"42";"42011";"2";"2";"1";"3";"2 Rue du 8 Mai";"45,8176603";"4,1851057"
"202000019189";"11";"9";"2020";"18:20";"1";"42";"42006";"1";"1";"1";"6";"Route de Tiranges";"45,3746398";"3,9957714"
"202000019190";"8";"9";"2020";"14:40";"1";"22";"22212";"1";"3";"1";"3";"Keranguere";"48,6580740";" -3,1958630"
"202000019191";"10";"9";"2020";"18:18";"1";"22";"22055";"1";"4";"1";"7";"La Ville Marqué Etables";"48,6203755";" -2,8406317"
"202000019192";"9";"9";"2020";"13:04";"1";"44";"44087";"1";"3";"1";"5";"RD 95";"46,9750260";" -1,8081740"
"202000019193";"10";"9";"2020";"19:10";"1";"31";"31224";"1";"1";"1";"2";"Avenue de Luchon";"43,0637730";"0,5885460"
"202000019194";"11";"9";"2020";"21:45";"3";"31";"31232";"2";"1";"1";"2";"Avenue de Guiraudis";"43,7703110";"1,2837160"
"202000019195";"9";"9";"2020";"07:30";"2";"02";"02668";"2";"9";"1";"7";"Rue de la Gare";"49,8304950";"3,6983910"
"202000019196";"10";"9";"2020";"17:15";"1";"02";"02012";"1";"1";"7";"3";"Départementale 6";"49,3214580";"3,4282490"
"202000019197";"27";"8";"2020";"16:45";"1";"01";"01266";"2";"3";"1";"3";"46 Grande Rue";"46,3384850";"5,1280580"
"202000019198";"9";"9";"2020";"14:10";"1";"01";"01266";"2";"3";"1";"3";"Grande Rue";"46,3384920";"5,1280350"
"202000019199";"11";"9";"2020";"08:00";"1";"50";"50615";"2";"1";"1";"1";"3 Avenue du Quesnay";"49,5000370";" -1,4705350"
"202000019200";"10";"9";"2020";"11:30";"1";"31";"31112";"1";"1";"1";"2";"Ancienne Ligne de Chemin de Fer Boussens - Saint-Girons";"43,0420060";"0,9915320"
"202000019201";"11";"9";"2020";"11:30";"1";"64";"64436";"2";"1";"1";"3";"Route Departementale 918";"43,2330100";" -1,2987710"
"202000019202";"8";"9";"2020";"22:00";"3";"64";"64190";"1";"1";"1";"7";"D834";"43,5120050";" -0,3132610"
"202000019203";"11";"9";"2020";"17:45";"1";"64";"64488";"1";"2";"1";"3";"1 Route de Lourdes";"43,3950800";" -0,2108280"
"202000019204";"11";"9";"2020";"12:00";"1";"73";"73151";"2";"2";"1";"2";"Chemin de Blardet";"45,4956275";"5,9903439"
"202000019205";"6";"9";"2020";"17:50";"1";"43";"43267";"1";"1";"1";"7";"Lieu dit Chamboulive";"45,1993670";"3,9612579"
"202000019206";"11";"9";"2020";"07:50";"2";"16";"16028";"1";"1";"1";"2";"Lieu dit Trop vendu";"45,4660000";" -0,1826530"
"202000019207";"11";"9";"2020";"18:58";"1";"07";"07338";"1";"1";"1";"6";"D21";"44,8903660";"4,6609484"
"202000019208";"5";"8";"2020";"22:50";"5";"07";"07031";"2";"6";"1";"6";"Quartier Chagnac";"44,3747910";"4,1954500"
"202000019209";"10";"9";"2020";"21:10";"2";"40";"40110";"1";"1";"1";"1";"D11";"43,6309820";" -0,3631490"
"202000019210";"10";"9";"2020";"16:50";"1";"24";"24120";"1";"2";"1";"1";"D5";"45,2778710";"1,1055850"
"202000019211";"11";"9";"2020";"11:45";"1";"04";"04139";"1";"3";"1";"3";"RD 946 / Basarique";"44,1691828";"5,8379727"
"202000019212";"5";"9";"2020";"11:20";"1";"27";"27284";"2";"2";"1";"3";"rue François Cadennes";"49,2781540";"1,7852410"
"202000019213";"9";"9";"2020";"13:43";"1";"48";"48189";"1";"1";"3";"7";"D50";"44,6113910";"3,4239260"
"202000019214";"28";"8";"2020";"22:40";"3";"04";"04128";"1";"3";"1";"1";"RD 907 / RD 956";"43,8438560";"5,6882360"
"202000019215";"10";"9";"2020";"19:55";"3";"38";"38454";"1";"1";"1";"6";"A49";"45,1598600";"5,3624800"
"202000019216";"14";"8";"2020";"14:00";"1";"978";"97801";"1";"1";"1";"3";"RN7 - La Savane";"18,0779630";" -63,0290510"
"202000019217";"11";"9";"2020";"14:10";"1";"42";"42243";"1";"1";"1";"6";"A89";"45,8610266";"3,9935162"
"202000019218";"9";"9";"2020";"19:40";"3";"973";"97306";"1";"1";"1";"3";"D9";"5,6521600";" -53,8395740"
"202000019219";"11";"9";"2020";"16:10";"1";"33";"33199";"2";"2";"1";"3";"54 Rue Jules Barat / 74 Rue Edmond Daubric";"44,6409260";" -1,0640110"
"202000019220";"11";"9";"2020";"08:00";"1";"37";"37131";"2";"3";"1";"6";"rue du 8 mai 1945";"47,4575942";"1,0415565"
"202000019221";"7";"9";"2020";"18:50";"1";"91";"91315";"1";"1";"1";"1";"CD 31";"48,5196740";"2,3549800"
"202000019222";"10";"9";"2020";"21:00";"3";"30";"30051";"1";"1";"1";"7";"D361";"44,2273960";"4,0004610"
"202000019223";"10";"9";"2020";"01:15";"5";"06";"06011";"2";"1";"9";"1";"Avenue Fernand Dunan";"43,7038640";"7,3309060"
"202000019224";"11";"9";"2020";"08:20";"1";"13";"13076";"2";"3";"1";"1";"Avenue des Vergers";"43,8204170";"5,0145180"
"202000019225";"11";"9";"2020";"08:05";"1";"71";"71176";"2";"1";"1";"6";"Rue Louis Queroy";"46,4768840";"3,9917215"
"202000019226";"11";"9";"2020";"18:05";"1";"54";"54262";"1";"1";"1";" -1";"Route d'Hoeville";"48,7082100";"6,4288900"
"202000019227";"11";"9";"2020";"00:15";"3";"57";"57415";"1";"1";"1";"6";"3 Route de Woippy";"49,1417060";"6,1070090"
"202000019228";"10";"9";"2020";"17:05";"1";"03";"03286";"1";"1";"1";"7";"N/A";"46,4874818";"3,3454280"
"202000019229";"11";"9";"2020";"13:55";"1";"74";"74220";"1";"1";"1";"5";"Route d'Annemasse";"46,1480380";"6,2613270"
"202000019230";"9";"9";"2020";"16:45";"1";"38";"38445";"1";"1";"8";"6";"D113";"45,0397940";"5,7829020"
"202000019231";"11";"9";"2020";"16:30";"1";"38";"38170";"2";"1";"1";"1";"Route de Lyon";"45,2485310";"5,6665740"
"202000019232";"16";"8";"2020";"15:45";"1";"26";"26116";"1";"1";"1";"4";"Route Nationale 7";"44,4536030";"4,7502780"
"202000019233";"10";"9";"2020";"17:20";"1";"01";"01262";"1";"2";"1";"2";"D38";"45,8659830";"4,9999270"
"202000019234";"10";"9";"2020";"12:30";"1";"81";"81038";"1";"1";"1";"1";"D13";"43,8953490";"1,9611240"
"202000019235";"9";"9";"2020";"06:10";"3";"33";"33392";"1";"1";"1";"6";"D10";"44,5844880";" -0,2689400"
"202000019236";"10";"9";"2020";"21:00";"3";"49";"49301";"1";"3";"1";"3";"La Grenouille";"47,0223650";" -1,0469660"
"202000019237";"11";"9";"2020";"09:10";"1";"50";"50531";"1";"1";"1";"7";"Le Moulin Leveque (Saint-Ovin)";"48,6634350";" -1,2482040"
"202000019238";"10";"9";"2020";"14:40";"1";"14";"14720";"1";"1";"1";"7";"RD43";"48,9431260";" -0,2907940"
"202000019239";"16";"8";"2020";"17:30";"1";"29";"29042";"1";"1";"1";"7";"Kernaléguen Tréflez Ouest";"48,2191110";" -4,5452180"
"202000019240";"10";"6";"2020";"13:15";"1";"972";"97209";"2";"1";"1";"2";"RD 41 (ROCADE)";"14,6115700";" -61,0793600"
"202000019241";"11";"6";"2020";"01:08";"5";"95";"95582";"2";"1";"2";"3";"BEL-AIR (BOULEVARD DU)";"48,9833420";"2,2429400"
"202000019242";"10";"6";"2020";"18:10";"1";"91";"91477";"2";"2";"1";"3";"PREMIER MAI (AVENUE DU)";"48,7136400";"2,2577400"
"202000019243";"11";"6";"2020";"09:50";"1";"91";"91477";"2";"1";"1";"6";"DOUMER (RUE PAUL)";"48,7237180";"2,2488990"
"202000019244";"11";"6";"2020";"15:40";"1";"91";"91514";"2";"1";"1";"3";"BOISSY (RUE DE)";"48,6755110";"2,5358290"
"202000019245";"9";"6";"2020";"16:20";"1";"87";"87085";"1";"6";"1";"6";"SCHUMAN (BOULEVARD ROBERT)";"45,8686000";"1,2781000"
"202000019246";"10";"6";"2020";"18:30";"1";"83";"83144";"1";"1";"1";"3";"RN 97";"43,1432130";"6,0100740"
"202000019247";"11";"6";"2020";"14:30";"1";"81";"81163";"2";"1";"1";"3";"SABATIE (CHARLES)";"43,4979000";"2,3737700"
"202000019248";"10";"6";"2020";"10:55";"1";"80";"80021";"1";"1";"1";"3";"CHATEAUDUN (BOULEVARD DE)";"49,8840100";"2,2823900"
"202000019249";"11";"6";"2020";"17:40";"1";"77";"77330";"2";"3";"1";"6";"VERDIER GASTON (RUE)";"48,9445000";"2,8820200"
"202000019250";"9";"6";"2020";"17:00";"1";"74";"74118";"1";"1";"2";"3";"REIGNIER (ROUTE DE)";"46,1751923";"6,2362166"
"202000019251";"11";"6";"2020";"11:10";"1";"74";"74010";"2";"2";"1";"3";"SOMMEILLER";"45,9027000";"6,1281000"
"202000019252";"11";"6";"2020";"20:00";"2";"69";"69266";"2";"1";"2";"2";"LEON BLUM      (Rue)";"45,7606000";"4,9051000"
"202000019253";"7";"6";"2020";"19:00";"1";"69";"69264";"2";"1";"1";"6";"FERRY JULES  R";"45,9818000";"4,7348700"
"202000019254";"9";"6";"2020";"14:53";"1";"66";"66136";"2";"1";"1";"4";"Départementale  617";"42,6995300";"2,9344400"
"202000019255";"25";"5";"2020";"13:25";"1";"66";"66136";"2";"1";"1";"1";"GEORGES CAUSTIER ( AVENUE)";"42,6933600";"2,8596600"
"202000019256";"11";"6";"2020";"18:00";"1";"65";"65440";"2";"1";"2";"2";"DEBUSSY (BOULEVARD CLAUDE)";"43,2200970";"0,0657870"
"202000019257";"3";"6";"2020";"09:50";"1";"59";"59560";"2";"3";"1";"6";"BOUVRY ROGER RUE";"50,5476500";"3,0276500"
"202000019258";"5";"6";"2020";"14:30";"1";"59";"59390";"1";"1";"1";"6";"MONCHECOURT (ROUTE DE)";"50,3333900";"3,2050200"
"202000019259";"7";"6";"2020";"21:05";"1";"57";"57672";"2";"1";"1";"3";"OCEANIE (CHAUSSEE D')";"49,3664700";"6,1540400"
"202000019260";"4";"6";"2020";"09:51";"1";"57";"57240";"2";"1";"3";"3";"NATIONALE (RUE)";"49,1510000";"6,8340000"
"202000019261";"10";"6";"2020";"17:00";"1";"52";"52121";"2";"2";"1";"3";"CHAMARANDES (RUE DE)";"48,0951200";"5,1509300"
"202000019262";"11";"6";"2020";"17:40";"1";"51";"51454";"2";"1";"1";"1";"Boulevard de la Paix";"49,2526573";"4,0413992"
"202000019263";"11";"6";"2020";"05:40";"2";"50";"50129";"2";"2";"8";"3";"Robert LECOUVEY";"49,6302900";" -1,6000500"
"202000019264";"8";"6";"2020";"21:00";"1";"50";"50129";"2";"2";"1";" -1";"TANNERIES (RUE DES)";"49,6324100";" -1,6234800"
"202000019265";"11";"6";"2020";"08:20";"1";"45";"45169";"1";"1";"1";"7";"RUE DE L'AZONE";"47,8999710";"1,8091598"
"202000019266";"11";"6";"2020";"14:10";"1";"42";"42187";"2";"2";"1";" -1";"Rue du General Giraud";"46,0325100";"4,0597700"
"202000019267";"11";"6";"2020";"11:45";"1";"38";"38185";"2";"1";"1";"6";"Rue de Stalingrad";"45,1761200";"5,7260300"
"202000019268";"11";"6";"2020";"16:20";"1";"37";"37261";"2";"6";"2";" -1";"MULHEIM (ROND-POINT DE)";"47,4222500";"0,6797500"
"202000019269";"11";"6";"2020";"17:15";"1";"35";"35238";"1";"1";"2";"6";"PORTE D'ANGERS";"48,0854800";" -1,6388200"
"202000019270";"11";"6";"2020";"13:30";"1";"35";"35238";"2";"1";"2";"6";"PRE PERCHE (DU)";"48,1068300";" -1,6810400"
"202000019271";"11";"6";"2020";"10:50";"1";"35";"35238";"2";"1";"3";"2";"PAYS-BAS (AVENUE DES)";"48,0846600";" -1,6608300"
"202000019272";"10";"6";"2020";"17:50";"1";"34";"34172";"2";"2";"1";"3";"RABELAIS (BOULEVARD)";"43,6011500";"3,8816200"
"202000019273";"11";"6";"2020";"08:34";"1";"33";"33013";"1";"4";"2";"6";"N89 / BRETELLE DE SORTIE N°2";"44,8681548";" -0,4724721"
"202000019274";"6";"6";"2020";"21:15";"1";"33";"33529";"2";"1";"1";"6";"Boulevard de l'Industrie";"44,6131700";" -1,1281100"
"202000019275";"10";"6";"2020";"15:15";"1";"31";"31555";"2";"6";"1";"4";"RD POINT JEAN BEGUE";"43,6172000";"1,4081200"
"202000019276";"10";"6";"2020";"18:04";"1";"29";"29019";"2";"2";"1";"3";"Rue du Guelmeur";"48,3928700";" -4,4620900"
"202000019277";"9";"6";"2020";"20:40";"1";"29";"29019";"2";"6";"1";"3";"Rue du Carpon";"48,3900030";" -4,5036718"
"202000019278";"11";"6";"2020";"09:45";"1";"25";"25462";"2";"1";"8";"3";"BESANCON (DU 72TER A LA FIN)";"46,9179900";"6,3438600"
"202000019279";"8";"6";"2020";"17:50";"1";"22";"22278";"2";"1";"1";"5";"RN12";"48,5232933";" -2,7500550"
"202000019280";"10";"6";"2020";"23:50";"5";"21";"21231";"2";"6";"1";"3";"DAVOUT (RUE)";"47,3220400";"5,0516600"
"202000019281";"10";"6";"2020";"17:22";"1";"17";"17300";"2";"3";"8";"7";"DELMAS   BOULEVARD EMILE";"46,1613000";" -1,2073600"
"202000019282";"10";"6";"2020";"16:45";"1";"13";"13106";"2";"1";"1";"4";"BEDOULE (CHEMIN DE LA)";"43,3920900";"5,3518200"
"202000019283";"11";"6";"2020";"20:30";"2";"13";"13210";"2";"1";"1";"3";"MAURIAC (RUE)";"43,2724430";"5,4210920"
"202000019284";"11";"6";"2020";"10:35";"1";"13";"13202";"2";"2";"1";" -1";"PARIS (BOULEVARD DE)";"43,3137750";"5,3680590"
"202000019285";"10";"6";"2020";"11:40";"1";"13";"13214";"2";"9";"1";"2";"ARNAVON (AVENUE)";"43,3300540";"5,3876660"
"202000019286";"10";"6";"2020";"15:45";"1";"13";"13209";"2";"1";"1";"5";"CABOT (BOULEVARD)";"43,2589700";"5,4170000"
"202000019287";"9";"6";"2020";"16:25";"1";"13";"13004";"2";"1";"1";"3";"RTE DES SAINTES MARIES";"43,6782600";"4,6074700"
"202000019288";"11";"6";"2020";"20:00";"2";"06";"06088";"2";"2";"1";"6";"CARNOT (BD)";"43,6982500";"7,2871000"
"202000019289";"10";"6";"2020";"01:40";"5";"06";"06088";"2";"1";"2";"6";"ANGLAIS (DU N° 114 AU N° 263)";"43,6654080";"7,2034694"
"202000019290";"9";"6";"2020";"18:20";"1";"75";"75113";"2";"4";"1";"4";"BOULEVARD PERIPHERIQUE";"48,8266350";"2,3889950"
"202000019291";"9";"6";"2020";"16:20";"1";"75";"75116";"2";"1";"1";"2";"PORT D AUTEUIL";"48,8524220";"2,2525860"
"202000019292";"10";"6";"2020";"20:37";"1";"75";"75118";"2";"3";"1";"6";"RUE ORDENER";"48,8902450";"2,3599170"
"202000019293";"11";"6";"2020";"12:30";"1";"75";"75105";"2";"4";"1";"6";"BOULEVARD DE L HOPITAL";"48,8431840";"2,3641600"
"202000019294";"11";"6";"2020";"17:00";"1";"75";"75120";"2";"3";"1";"3";"RUE DE LA MARE";"48,8737850";"2,3883180"