"Num_Acc";"jour";"mois";"an";"hrmn";"lum";"dep";"com";"agg";"int";"atm";"col";"adr";"lat";"long"
"202000019878";"19";"12";"2020";"02:08";"5";"988";"98818";"2";"1";"1";"6";"VE1 SENS SUD/NORD";" -22,2516800";"166,4491900"
"202000019879";"20";"2";"2020";"21:30";"5";"974";"97409";"2";"1";"1";"6";"ROCADE SUD(RUE)";" -20,9752300";"55,6473100"
"202000019880";"19";"12";"2020";"09:40";"1";"974";"97409";"2";"9";"1";"3";"Rue Rocade Sud";" -20,9717440";"55,6525220"
"202000019881";"19";"12";"2020";"17:45";"1";"974";"97407";"1";"9";"1";"2";"ROUTE NATIONALE N° 1";" -20,9560100";"55,3107900"
"202000019882";"20";"12";"2020";"15:40";"1";"973";"97302";"2";"6";"1";"3";"GIRATOIRE MARINGOUINS";"4,9077088";" -52,3225379"
"202000019883";"20";"12";"2020";"20:55";"5";"69";"69276";"2";"1";"1";"6";"Rue du Dauphiné";"45,6644000";"4,8540600"
"202000019884";"19";"12";"2020";"22:35";"5";"69";"69259";"2";"2";"2";"6";"PARILLY (DE)                        (BD)";"45,7114473";"4,9020044"
"202000019885";"19";"12";"2020";"20:20";"5";"69";"69383";"2";"2";"2";"3";"BONNEFOI                            (R )";"45,7550600";"4,8457100"
"202000019886";"18";"12";"2020";"00:50";"5";"972";"97213";"1";"2";"1";"3";"ROUTE DEPARTEMENTALE 3";"14,6130835";" -60,9948349"
"202000019887";"15";"12";"2020";"19:30";"5";"69";"69202";"2";"2";"3";"3";"11 NOVEMBRE (DU)                    (AV)";"45,7360300";"4,7955500"
"202000019888";"19";"12";"2020";"19:10";"5";"69";"69382";"2";"9";"2";"4";"PERRACHE                            (QU)";"45,7356315";"4,8193663"
"202000019889";"19";"12";"2020";"14:04";"1";"69";"69389";"2";"1";"2";"6";"PIERRE BAIZET                       (R )";"45,7921700";"4,8151300"
"202000019890";"20";"12";"2020";"17:50";"5";"2B";"2B033";"2";"9";"1";"5";"AV DE LA LIBERATION";"42,4800000";"9,4400000"
"202000019891";"19";"12";"2020";"10:40";"1";"971";"97120";"2";"9";"1";"2";"DUPLESSIS";"16,2360300";" -61,5338400"
"202000019892";"18";"12";"2020";"20:45";"5";"971";"97101";"2";"4";"1";"1";"BESSON";"16,2395454";" -61,5204841"
"202000019893";"20";"12";"2020";"15:00";"1";"971";"97105";"1";"1";"1";"2";"PLANTATION BOLOGNE";"16,0059030";" -61,7370701"
"202000019894";"19";"12";"2020";"19:40";"2";"2A";"2A004";"2";"3";"1";"6";"MONTEE SAINT JEAN";"41,9329748";"8,7374074"
"202000019895";"20";"12";"2020";"07:57";"5";"2A";"2A004";"2";"1";"1";"2";"GEORGES POMPIDOU AVENUE";"41,9303200";"8,7570900"
"202000019896";"20";"12";"2020";"13:15";"1";"95";"95539";"2";"3";"1";"3";"BRIEUSE  ( RUE)";"49,0039760";"2,3520560"
"202000019897";"19";"12";"2020";"03:04";"3";"91";"91692";"1";"6";"8";"6";"CD35";"48,6755700";"2,1923400"
"202000019898";"19";"12";"2020";"01:05";"5";"91";"91027";"2";"2";"8";"3";"RUE DES PLANTES";"48,7060930";"2,3807520"
"202000019899";"20";"12";"2020";"18:55";"5";"83";"83137";"2";"1";"2";"3";"HERRIOT (AVE EDOUARD)";"43,1293040";"5,8995850"
"202000019900";"19";"12";"2020";"09:15";"1";"83";"83137";"2";"3";"2";"3";"GROIGNARD (AVE)";"43,1430300";"5,9017000"
"202000019901";"14";"12";"2020";"17:00";"2";"83";"83137";"2";"9";"8";" -1";"DESCARTES (RUE / AVE)";"43,1281700";"5,8924900"
"202000019902";"20";"12";"2020";"15:15";"1";"83";"83069";"2";"1";"1";"6";"NARTETTES (CHEMIN DES)";"43,1058000";"6,1293300"
"202000019903";"18";"12";"2020";"19:00";"5";"78";"78138";"2";"2";"1";"1";"GARE (RUE DE LA)";"48,9764900";"2,0331100"
"202000019904";"20";"12";"2020";"18:20";"3";"77";"77131";"1";"1";"8";"6";"THEIL (RUE DU)";"48,8305200";"3,0883200"
"202000019905";"18";"12";"2020";"15:20";"1";"76";"76540";"2";"1";"1";"2";"GAMBETTA. BOULEVARD";"49,4414300";"1,1126700"
"202000019906";"14";"12";"2020";"10:45";"1";"73";"73065";"2";"9";"1";"6";"MERMOZ JEAN (RUE)";"45,5595912";"5,9022882"
"202000019907";"19";"12";"2020";"19:30";"5";"72";"72181";"2";"1";"1";"2";"DURAND GEORGES (AV) N° PAIRS 166 A 310";"47,9750800";"0,2150200"
"202000019908";"19";"12";"2020";"13:15";"1";"71";"71270";"2";"6";"1";"3";"LATTRE DE TASSIGNY (QUAI  MARECHAL DE)";"46,3189597";"4,8385127"
"202000019909";"19";"12";"2020";"21:30";"5";"69";"69256";"2";"1";"2";"3";"REPUBLIQUE (DE LA)                  (R )";"45,7863400";"4,9246400"
"202000019910";"20";"12";"2020";"16:33";"1";"65";"65100";"2";"1";"1";"3";"GAYAN (RUE DE)";"43,2697300";"0,0586000"
"202000019911";"19";"12";"2020";"16:45";"1";"64";"64335";"2";"1";"1";"1";"EUROPE DE L'";"43,3378836";" -0,4619693"
"202000019912";"19";"12";"2020";"18:56";"5";"64";"64102";"2";"6";"1";"6";"PONT GRENET";"43,4988700";" -1,4817000"
"202000019913";"19";"12";"2020";"15:06";"1";"54";"54395";"2";"1";"1";"2";"FOURIER (RUE PIERRE)";"48,6928522";"6,1845215"
"202000019914";"20";"12";"2020";"16:00";"1";"51";"51172";"2";"1";"1";"7";"Boulevard d’Alsace Lorraine";"49,2162839";"4,0500903"
"202000019915";"19";"12";"2020";"22:15";"5";"51";"51454";"2";"1";"1";"1";"Rue Edouard Mignot";"49,2599524";"4,0216817"
"202000019916";"19";"12";"2020";"09:00";"1";"49";"49267";"2";"1";"1";"6";"A87N";"47,4684300";" -0,5148800"
"202000019917";"19";"12";"2020";"12:10";"1";"46";"46191";"1";"1";"1";"6";"CALVAIRE (RUE DU)";"44,4975900";"1,3815150"
"202000019918";"19";"12";"2020";"12:25";"1";"45";"45169";"2";"1";"2";"6";"Rue des Chantemelles";"47,9390500";"1,8411300"
"202000019919";"20";"12";"2020";"15:24";"1";"37";"37261";"2";"3";"1";"7";"PORTILLON (QUAI)";"47,3995421";"0,6752694"
"202000019920";"20";"12";"2020";"08:30";"1";"37";"37214";"2";"1";"8";"7";"DE GAULLE (BD CHARLES)";"47,4180731";"0,6650292"
"202000019921";"19";"12";"2020";"16:15";"1";"37";"37122";"2";"1";"1";" -1";"Route de Monts";"47,3091753";"0,6523096"
"202000019922";"18";"12";"2020";"11:47";"1";"37";"37233";"2";"6";"1";" -1";"PAUL (RUE MARCEL)";"47,3950403";"0,7263519"
"202000019923";"20";"12";"2020";"19:05";"3";"35";"35281";"1";"9";"1";"6";"PORTE DE ST NAZAIRE";"48,0930910";" -1,7082970"
"202000019924";"19";"12";"2020";"20:10";"3";"35";"35238";"1";"1";"1";"2";"RN136";"48,1109400";" -1,7181300"
"202000019925";"19";"12";"2020";"15:30";"1";"34";"34172";"2";"1";"1";"2";"MARCHE GARE (AVENUE DU)";"43,5838494";"3,8859259"
"202000019926";"19";"12";"2020";"09:30";"1";"34";"34172";"2";"8";"1";"3";"BENAMOUR (RUE ADOLPHE)";"43,5915071";"3,8822226"
"202000019927";"20";"12";"2020";"19:30";"5";"30";"30189";"2";"2";"9";"3";"PRIVAT MAURICE (RUE)";"43,8385500";"4,3842800"
"202000019928";"20";"12";"2020";"17:30";"2";"30";"30189";"2";"1";"8";"3";"FRANCAIS LIBRES (BD)";"43,8308800";"4,3228700"
"202000019929";"17";"12";"2020";"15:53";"1";"29";"29232";"2";"3";"1";"3";"D20 - Avenue Pierre Mendes-France";"47,9777258";" -4,1234325"
"202000019930";"17";"12";"2020";"12:28";"1";"29";"29019";"2";"3";"1";"6";"Rue Professeur Langevin";"48,4026400";" -4,4984600"
"202000019931";"18";"12";"2020";"07:20";"5";"29";"29019";"2";"6";"2";"3";"Rond Point Pen Ar Ch’Leuz";"48,4139631";" -4,4794706"
"202000019932";"18";"12";"2020";"15:20";"1";"28";"28085";"2";"9";"7";"6";"FAUBOURG LA GRAPPE (RUE DU)";"48,4376700";"1,5040800"
"202000019933";"3";"12";"2020";"18:00";"5";"18";"18033";"2";"1";"2";"6";"BEREGOVOY (AVENUE PIERRE)";"47,0833200";"2,4000000"
"202000019934";"20";"12";"2020";"12:58";"1";"14";"14118";"2";"1";"1";"6";"SANSON ( RUE DU PERE)";"49,1999500";" -0,3692700"
"202000019935";"19";"12";"2020";"13:55";"1";"14";"14437";"1";"1";"1";"4";"ROUTE NATIONALE 814";"49,1591600";" -0,3100400"
"202000019936";"20";"12";"2020";"17:20";"5";"13";"13202";"2";"3";"2";"3";"JULES GUESDE (PLACE)";"43,3015866";"5,3740257"
"202000019937";"20";"12";"2020";"17:00";"5";"13";"13209";"2";"3";"2";"3";"AVIATEUR LE BRIX (RUE)";"43,2596800";"5,4023400"
"202000019938";"20";"12";"2020";"14:00";"1";"13";"13215";"2";"9";"2";"1";"SAINT ANTOINE A SAINT JOSEPH (CHEMIN DE)";"43,3603000";"5,3638600"
"202000019939";"19";"12";"2020";"22:45";"5";"13";"13203";"2";"1";"1";"1";"GUIBAL (RUE)";"43,3076100";"5,3874200"
"202000019940";"19";"12";"2020";"17:40";"1";"13";"13213";"2";"1";"8";"5";"FRÉDÉRIC MISTRAL (AVENUE)";"43,3238200";"5,4506200"
"202000019941";"19";"12";"2020";"11:30";"1";"13";"13209";"1";"1";"8";"7";"COL DE LA GINESTE D559";"43,2399500";"5,4515700"
"202000019942";"19";"12";"2020";"03:20";"5";"13";"13208";"2";"1";"1";"6";"CARMAGNOLES (BD)";"43,2682700";"5,3874000"
"202000019943";"19";"12";"2020";"18:17";"5";"10";"10387";"2";"1";"2";"6";"GEORGES POMPIDOU (RUE)";"48,2880900";"4,0819300"
"202000019944";"19";"12";"2020";"11:55";"1";"06";"06027";"2";"9";"2";"3";"ALPES AVENUE DES";"43,6637800";"7,1312500"
"202000019945";"19";"12";"2020";"00:02";"5";"75";"75105";"2";"3";"1";"2";"BOULEVARD SAINT MARCEL";"48,8371540";"2,3530580"
"202000019946";"19";"12";"2020";"19:50";"5";"75";"75120";"2";"4";"2";"3";"RUE DES PYRENEES";"48,8632860";"2,3997700"
"202000019947";"20";"12";"2020";"20:10";"5";"75";"75117";"2";"7";"1";"3";"PLACE GENERAL CATROUX";"48,8826620";"2,3102480"
"202000019948";"20";"12";"2020";"11:25";"1";"75";"75117";"2";"7";"1";"3";"PLACE DE LA PORTE MAILLOT";"48,8786690";"2,2820320"
"202000019949";"19";"12";"2020";"10:30";"1";"75";"75117";"2";"4";"2";"6";"AVENUE DES TERNES";"48,8789980";"2,2928190"
"202000019950";"20";"12";"2020";"20:00";"5";"75";"75115";"2";"1";"1";"2";"RUE DE LA CONVENTION";"48,8395830";"2,2911950"
"202000019951";"19";"12";"2020";"20:50";"5";"75";"75115";"2";"3";"1";"3";"RUE DE VOUILLE";"48,8343620";"2,3064610"
"202000019952";"19";"12";"2020";"13:10";"1";"75";"75114";"2";"1";"1";"2";"BOULEVARD PERIPHERIQUE";"48,8168200";"2,3375730"
"202000019953";"19";"12";"2020";"13:55";"1";"75";"75113";"2";"3";"8";"3";"AVENUE D ITALIE";"48,8204280";"2,3590910"
"202000019954";"20";"12";"2020";"08:50";"1";"75";"75112";"2";"1";"1";"6";"RUE DU RENDEZ VOUS";"48,8450900";"2,4048310"
"202000019955";"19";"12";"2020";"00:01";"5";"75";"75109";"2";"1";"1";"3";"BOULEVARD DE CLICHY";"48,8833320";"2,3336830"
"202000019956";"20";"12";"2020";"14:25";"1";"75";"75108";"2";"7";"1";"3";"PLACE DE LA MADELEINE";"48,8697420";"2,3234820"
"202000019957";"19";"12";"2020";"17:15";"5";"94";"94033";"2";"9";"1";"1";"DAME BLANCHE (AV DE LA)";"48,8443500";"2,4507000"
"202000019958";"19";"12";"2020";"08:30";"1";"94";"94078";"2";"4";"2";"3";"PARIS (R DE)";"48,7552900";"2,4443000"
"202000019959";"20";"12";"2020";"21:19";"5";"94";"94046";"2";"5";"1";"2";"GENERAL LECLERC - CAR DE LA RESISTANCE (";"48,8153200";"2,4205180"
"202000019960";"20";"12";"2020";"21:25";"5";"94";"94041";"2";"3";"1";"3";"MOLIERE (R)";"48,8137200";"2,3954700"
"202000019961";"19";"12";"2020";"14:45";"1";"94";"94041";"2";"2";"8";"6";"PAUL VAILLANT COUTURIER (BD)";"48,8189290";"2,3969260"
"202000019962";"19";"12";"2020";"22:40";"5";"94";"94038";"2";"1";"1";"7";"GENERAL LECLERC (AV DU)";"48,7749200";"2,3300900"
"202000019963";"20";"12";"2020";"09:21";"1";"93";"93005";"2";"2";"1";"5";"R JEAN CHARCOT / AV BOILEAU";"48,9337700";"2,4905400"
"202000019964";"19";"12";"2020";"22:50";"5";"93";"93071";"2";"1";"2";"2";"WESTINGHOUSE (BOULEVARD)";"48,9270878";"2,5198023"
"202000019965";"19";"12";"2020";"16:30";"2";"93";"93070";"2";"3";"1";"3";"VICTOR-HUGO (BD)";"48,9080800";"2,3274400"
"202000019966";"19";"12";"2020";"15:30";"1";"93";"93070";"2";"1";"1";"3";"MICHELET (AVE) : DU 1 AU 103";"48,9026510";"2,3441225"
"202000019967";"18";"12";"2020";"21:40";"5";"93";"93066";"2";"9";"1";"6";"WILSON (AVENUE DU PRESIDENT)";"48,9068827";"2,3587619"
"202000019968";"19";"12";"2020";"15:21";"1";"93";"93053";"2";"6";"2";"3";"ROGER SALENGRO (BLD)";"48,8836012";"2,4551578"
"202000019969";"20";"12";"2020";"13:50";"1";"93";"93048";"2";"3";"1";"6";"THEOPHILE SUEUR (BOULEVARD)";"48,8663389";"2,4695090"
"202000019970";"19";"12";"2020";"15:45";"1";"93";"93032";"2";"1";"2";"4";"R ARISTIDE BRIAND";"48,8819000";"2,5345000"
"202000019971";"20";"12";"2020";"20:52";"5";"93";"93031";"2";"5";"1";"2";"ARGENTEUIL (ROUTE D')";"48,9616200";"2,2949300"
"202000019972";"19";"12";"2020";"19:10";"5";"93";"93029";"2";"9";"2";"1";"HENRI LANGLOIS";"48,9133162";"2,4491921"
"202000019973";"20";"12";"2020";"14:55";"1";"92";"92073";"2";"1";"1";"7";"VERDUN (RUE DE)";"48,8741700";"2,2303890"
"202000019974";"20";"12";"2020";"19:47";"5";"92";"92050";"2";"1";"1";"6";"PICASSO PABLO AVENUE";"48,8883200";"2,2273400"
"202000019975";"19";"12";"2020";"13:51";"1";"92";"92044";"2";"2";"2";"3";"ANA. FRANCE(RUE)1A75 ET 2A72";"48,8980410";"2,2796540"
"202000019976";"19";"12";"2020";"18:35";"3";"92";"92026";"2";"1";"2";"3";"Place de la Défense";"48,8910350";"2,2419040"
"202000019977";"19";"12";"2020";"19:00";"5";"92";"92026";"2";"2";"1";"1";"PRÉSIDENT PAUL DOUMER (QUAI DU)";"48,8901177";"2,2562662"
"202000019978";"20";"12";"2020";"17:00";"5";"92";"92019";"2";"9";"1";"3";"SULLY PRU'DHOMME (AVENUE)";"48,7670211";"2,2897388"
"202000019979";"18";"12";"2020";"09:40";"1";"57";"57086";"1";"1";"1";"2";"D27";"48,7993550";"6,8985400"
"202000019980";"19";"12";"2020";"22:01";"3";"28";"28161";"1";"1";"1";"6";"A11  - PK 98+500";"48,2406710";"1,0903130"
"202000019981";"19";"12";"2020";"11:10";"1";"51";"51217";"2";"1";"8";"7";"Rue Jean de Dormans";"49,0759316";"3,6396338"
"202000019982";"20";"12";"2020";"20:15";"3";"974";"97405";"1";"1";"1";"1";"Rue Maxime Payet";" -21,3698660";"55,5817970"
"202000019983";"19";"12";"2020";"20:10";"5";"972";"97214";"2";"1";"1";"1";"46 rue Victor Schoelcher";"14,8328920";" -61,0564810"
"202000019984";"19";"12";"2020";"18:20";"3";"972";"97206";"1";"1";"1";"3";"RD 7";"14,4817430";" -61,0094190"
"202000019985";"20";"12";"2020";"04:05";"3";"972";"97210";"1";"1";"2";"6";"Reunion";"14,6032480";" -60,9334370"
"202000019986";"19";"12";"2020";"11:15";"1";"12";"12092";"1";"1";"1";"1";"Route départementale 56";"44,0984040";"2,6020220"
"202000019987";"19";"12";"2020";"17:00";"2";"74";"74272";"2";"1";"1";"3";"Rte des Ecoles";"45,9476700";"6,0342090"
"202000019988";"20";"12";"2020";"07:30";"1";"974";"97414";"2";"1";"1";"5";"Rue du General de Gaulle";" -21,2811920";"55,4098570"
"202000019989";"20";"12";"2020";"11:45";"1";"59";"59309";"2";"1";"1";"6";"43 Rue de la Libération";"50,9799140";"2,5823690"
"202000019990";"21";"12";"2020";"18:20";"3";"04";"04205";"2";"1";"1";"6";"VC Route des Auches";"44,3417670";"6,3714270"
"202000019991";"20";"12";"2020";"15:20";"1";"59";"59432";"2";"1";"1";"1";"22 Rue des Ecoles";"50,1468480";"3,2549670"
"202000019992";"21";"12";"2020";"16:58";"3";"74";"74123";"1";"3";"2";"1";"430 Rte de la Balmette";"45,7568570";"6,2808430"
"202000019993";"18";"12";"2020";"11:00";"1";"79";"79059";"1";"2";"2";"3";"N/A";"46,5479890";" -0,6017750"
"202000019994";"19";"12";"2020";"16:55";"2";"2A";"2A085";"2";"1";"1";"1";"RT 40";"41,9184290";"8,9122080"
"202000019995";"20";"12";"2020";"16:00";"1";"2A";"2A062";"1";"1";"1";"6";"D129";"42,0307750";"8,9289020"
"202000019996";"21";"12";"2020";"08:50";"1";"71";"71158";"1";"2";"1";"4";"D933";"46,5708591";"4,9861872"
"202000019997";"20";"12";"2020";"19:30";"5";"71";"71014";"2";"2";"1";"3";"Boulevard Mazagran et boulevard Laureau";"46,9540409";"4,3020051"
"202000019998";"21";"12";"2020";"17:10";"5";"68";"68374";"2";"1";"2";"6";"22 Rue Herzog";"48,0853540";"7,3113260"
"202000019999";"19";"12";"2020";"16:33";"1";"22";"22266";"2";"3";"1";"3";"Rue Abbe Gibert";"48,2357570";" -3,3197060"
"202000020000";"20";"12";"2020";"08:10";"1";"25";"25517";"1";"1";"2";"5";"RN 57";"47,0148490";"6,3258290"
"202000020001";"21";"12";"2020";"15:00";"1";"44";"44119";"1";"1";"2";"2";"Lieu-dit La Thibaudière";"46,9608750";" -1,7904640"
"202000020002";"20";"12";"2020";"15:15";"1";"29";"29271";"1";"1";"2";"6";"D788 - Lieu Dit Kernevez";"48,5990970";" -4,1522630"
"202000020003";"18";"12";"2020";"19:30";"3";"29";"29158";"1";"1";"3";"1";"Hent Maner Ar Ster";"47,8036720";" -4,3051820"
"202000020004";"18";"12";"2020";"18:23";"3";"84";"84057";"1";"1";"1";"7";"Départementale 2";"43,9139090";"5,2509500"
"202000020005";"18";"12";"2020";"12:00";"1";"01";"01130";"1";"1";"1";"5";"Route de Marboz";"46,3342320";"5,2008190"
"202000020006";"14";"12";"2020";"07:00";"5";"72";"72051";"2";"1";"2";"6";"Rue Nationale";"47,8293790";"0,0774510"
"202000020007";"21";"12";"2020";"10:15";"1";"14";"14672";"1";"3";"3";"3";"hameau Vic";"49,0422570";" -0,8255520"
"202000020008";"13";"11";"2020";"13:00";"1";"69";"69259";"2";"6";"1";"3";"CORBAS (DE)                         (RO)";"45,6881900";"4,8912300"
"202000020009";"13";"11";"2020";"11:40";"1";"69";"69259";"2";"3";"1";"3";"IRENE JOLIOT CURIE                  (BD)";"45,7113300";"4,8815800"
"202000020010";"13";"11";"2020";"13:10";"1";"69";"69034";"1";"2";"1";"3";"STRASBOURG (DE)                     (RO)";"45,7910100";"4,8607300"
"202000020011";"13";"11";"2020";"09:25";"1";"69";"69202";"2";"3";"1";"6";"MARECHAL FOCH (DU)                  (AV)";"45,7409300";"4,8035800"
"202000020012";"13";"11";"2020";"17:55";"3";"971";"97101";"1";"9";"2";"4";"RN5-BOISRIPEAUX";"16,3031200";" -61,4942600"
"202000020013";"13";"11";"2020";"11:30";"1";"971";"97101";"1";"3";"1";"3";"ROUTE DE CHAZEAU";"16,2886570";" -61,4819330"
"202000020014";"13";"11";"2020";"12:00";"1";"2A";"2A004";"2";"3";"1";"3";"PERALDI NICOLAS AVENUE";"41,9353892";"8,7362978"
"202000020015";"13";"11";"2020";"08:45";"1";"95";"95018";"2";"1";"2";"2";"PONTOISE (ROUTE DE)";"48,9561360";"2,2053250"
"202000020016";"11";"11";"2020";"20:07";"5";"87";"87085";"2";"2";"1";"6";"BELLAC (RUE DE)";"45,8480200";"1,2454000"
"202000020017";"12";"11";"2020";"08:25";"1";"86";"86214";"2";"1";"2";"1";"Route des Groges";"46,5579000";"0,3610000"
"202000020018";"13";"11";"2020";"19:10";"5";"83";"83137";"2";"6";"8";"3";"GASQUET (AVE JOSEPH DE 1408 A FIN";"43,1195382";"5,9781643"
"202000020019";"12";"11";"2020";"16:40";"1";"83";"83129";"1";"9";"1";"2";"KENNEDY (AVENUE J.)N° IMPAIRS > ST VICTO";"43,1085891";"5,8277970"
"202000020020";"12";"11";"2020";"18:25";"5";"83";"83123";"2";"6";"1";"6";"BAD SACKINGEN (ROND POINT)";"43,1188900";"5,8107800"
"202000020021";"12";"11";"2020";"12:05";"1";"76";"76341";"2";"6";"1";"3";"VIEILLE FAIENCERIE";"49,5161500";"0,1857400"
"202000020022";"13";"11";"2020";"10:32";"1";"74";"74012";"2";"3";"1";"2";"ARVE (QUAI D')";"46,1853400";"6,2259800"
"202000020023";"12";"11";"2020";"15:40";"1";"71";"71153";"2";"1";"1";"6";"MARECHAL FOCH (RUE)";"46,8036315";"4,4446018"
"202000020024";"12";"11";"2020";"14:19";"1";"66";"66136";"2";"1";"1";"3";"GAULLE (AVENUE GENERAL DE)";"42,6969100";"2,8823500"
"202000020025";"13";"11";"2020";"15:30";"1";"64";"64024";"2";"1";"7";"6";"AVENUE DE LA CHAMBRE D'AMOUR";"43,4943100";" -1,5282000"
"202000020026";"12";"11";"2020";"09:50";"1";"63";"63069";"2";"6";"1";"6";"CHARLES DE GAULLE (CARREFOUR)";"45,7267200";"3,1887300"
"202000020027";"12";"11";"2020";"15:21";"1";"63";"63032";"2";"1";"1";"6";"HOTEL DE VILLE (RUE DE L')";"45,7535883";"3,0861115"
"202000020028";"12";"11";"2020";"20:40";"5";"63";"63014";"2";"1";"1";"3";"NOELLET (AVENUE JEAN)";"45,7541100";"3,1046200"
"202000020029";"29";"10";"2020";"17:20";"2";"62";"62755";"2";"1";"3";"6";"CROQUELOIS ( Av. du Docteur )";"50,6905720";"1,6235390"
"202000020030";"12";"11";"2020";"16:50";"1";"54";"54382";"2";"1";"1";"6";"JEAN MOULIN (RUE)";"49,5460000";"5,7815000"
"202000020031";"13";"11";"2020";"08:30";"1";"51";"51108";"2";"3";"1";"3";"Rue Jean Jaurès";"48,9549925";"4,3543263"
"202000020032";"11";"11";"2020";"03:50";"5";"49";"49007";"2";"1";"2";"6";"Boulevard Yvonne Poirel";"47,4597000";" -0,5605000"
"202000020033";"13";"11";"2020";"15:30";"1";"45";"45147";"2";"2";"1";"2";"Rue de Montaran - Rue Anatole France";"47,9439867";"1,9174779"
"202000020034";"12";"11";"2020";"16:10";"1";"44";"44184";"2";"1";"1";"6";"RD 492 DU RP OCÉANIS AU RP EINSTEIN";"47,2642000";" -2,2584800"
"202000020035";"22";"10";"2020";"17:45";"1";"44";"44184";"2";"2";"1";"6";"COMBES (RUE EMILE)";"47,2989700";" -2,1886500"
"202000020036";"13";"11";"2020";"17:40";"5";"41";"41212";"2";"3";"1";"3";"CHAMBORD (ROUTE DE)";"47,5730330";"1,3556640"
"202000020037";"28";"10";"2020";"16:30";"1";"38";"38544";"2";"3";"1";"3";"Quai Pasteur";"45,5375000";"4,8678200"
"202000020038";"13";"11";"2020";"19:40";"5";"35";"35278";"2";"6";"2";"3";"MELESSE (ROND POINT DE)";"48,1616300";" -1,6899000"
"202000020039";"13";"11";"2020";"14:50";"1";"35";"35051";"1";"1";"1";"7";"RD 175";"48,1439900";" -1,6261500"
"202000020040";"13";"11";"2020";"04:10";"3";"35";"35238";"1";"1";"2";"3";"PORTE DE BREST";"48,1304780";" -1,7102370"
"202000020041";"12";"11";"2020";"17:15";"1";"34";"34032";"1";"1";"1";"4";"ROUTE DEPARTEMENTALE 612";"43,3677000";"3,2074600"
"202000020042";"3";"11";"2020";"19:15";"3";"33";"33522";"2";"3";"1";"3";"BD DU PRESIDENT WILSON / RUE REGIS";"44,8181300";" -0,5780500"
"202000020043";"30";"10";"2020";"06:15";"5";"33";"33318";"2";"8";"1";"1";"AVE PEY BERLAND";"44,8008900";" -0,6087600"
"202000020044";"13";"11";"2020";"10:45";"1";"29";"29039";"2";"1";"2";"7";"15 Avenue Alain le Lay";"47,8753976";" -3,9177406"
"202000020045";"26";"10";"2020";"17:05";"1";"29";"29019";"2";"1";"5";"6";"Rue Yves Giloux";"48,4154892";" -4,4807383"
"202000020046";"16";"10";"2020";"13:00";"1";"29";"29019";"2";"1";"1";"2";"Boulevard Jean Moulin";"48,3866048";" -4,4931132"
"202000020047";"11";"11";"2020";"20:50";"3";"27";"27562";"1";"1";"8";"4";"REANVILLE (CHEMIN DE)";"49,0940800";"1,4141500"
"202000020048";"13";"11";"2020";"17:40";"5";"27";"27229";"2";"1";"1";"6";"BRIAND (AVENUE ARISTIDE)";"49,0212600";"1,1345000"
"202000020049";"5";"2";"2020";"17:40";"1";"26";"26198";"2";"1";"1";"3";"2 Allee Alexander Graham Bell";"44,5639300";"4,7450600"
"202000020050";"13";"11";"2020";"15:20";"1";"17";"17300";"2";"1";"1";"2";"COLMAR AVENUE DE";"46,1538800";" -1,1474300"
"202000020051";"10";"11";"2020";"19:45";"5";"14";"14118";"2";"2";"1";"3";"GUILLOU (BOULEVARD YVES)";"49,1724000";" -0,3811000"
"202000020052";"13";"11";"2020";"15:50";"1";"13";"13211";"2";"1";"1";"5";"MIRELLE LAUZE (BOULEVARD)";"43,2868360";"5,4314440"
"202000020053";"12";"11";"2020";"18:15";"2";"13";"13211";"2";"1";"1";"5";"JEAN LOMBARD (AVENUE)";"43,2889720";"5,4318900"
"202000020054";"12";"11";"2020";"10:18";"1";"12";"12145";"2";"1";"1";"3";"JAURES JEAN (AVENUE)";"44,1028000";"3,0796900"
"202000020055";"13";"11";"2020";"14:30";"1";"10";"10387";"2";"1";"8";"2";"JULES GUESDE (RUE)";"48,2796500";"4,0869300"
"202000020056";"13";"11";"2020";"09:00";"1";"10";"10387";"2";"1";"1";" -1";"EMILE CLEVY (RUE)";"48,2833830";"4,0791100"
"202000020057";"12";"11";"2020";"07:01";"5";"10";"10387";"2";"1";"2";"6";"ANATOLE FRANCE (RUE)";"48,2832400";"4,0716300"
"202000020058";"13";"11";"2020";"11:20";"1";"09";"09225";"2";"3";"1";"3";"VILLENEUVE ROUTE DE";"43,1279300";"1,6163100"
"202000020059";"11";"11";"2020";"18:25";"4";"07";"07281";"2";"1";"1";"6";"BOUVAT (AVENUE MARC)";"44,9463900";"4,8484700"
"202000020060";"13";"11";"2020";"18:55";"5";"06";"06027";"2";" -1";"2";"2";"JAURES AVENUE JEAN";"43,6588400";"7,1695900"
"202000020061";"13";"11";"2020";"10:15";"1";"06";"06027";"2";"1";"1";"7";"VAL FLEURI CHEMIN DU";"43,6617946";"7,1728063"
"202000020062";"11";"11";"2020";"10:45";"1";"04";"04070";"2";"1";"7";"6";"Ch du Moulin";"44,0855287";"6,2113026"
"202000020063";"13";"11";"2020";"18:40";"2";"75";"75120";"2";"1";"1";"3";"BOULEVARD PERIPHERIQUE";"48,8544570";"2,4138350"
"202000020064";"13";"11";"2020";"09:20";"1";"75";"75120";"2";"2";"8";"6";"PLACE OCTAVE CHANUTE";"48,8663890";"2,4063170"