"Num_Acc";"jour";"mois";"an";"hrmn";"lum";"dep";"com";"agg";"int";"atm";"col";"adr";"lat";"long"
"202000020065";"13";"11";"2020";"15:40";"1";"75";"75118";"2";"4";"1";"3";"BOULEVARD ORNANO";"48,8936620";"2,3479490"
"202000020066";"13";"11";"2020";"14:50";"1";"75";"75118";"2";"1";"1";"3";"RUE DES POISSONNIERS";"48,8972340";"2,3526840"
"202000020067";"13";"11";"2020";"09:20";"1";"75";"75118";"2";"2";"1";"3";"RUE CUSTINE";"48,8893270";"2,3446870"
"202000020068";"13";"11";"2020";"15:00";"1";"75";"75117";"2";"3";"1";"3";"BOULEVARD BESSIERES";"48,8952970";"2,3163800"
"202000020069";"13";"11";"2020";"12:55";"1";"75";"75117";"2";"4";"1";"6";"AVENUE NIEL";"48,8818160";"2,2958290"
"202000020070";"13";"11";"2020";"09:00";"1";"75";"75116";"2";"3";"8";"3";"AVENUE FOCH";"48,8735730";"2,2879710"
"202000020071";"13";"11";"2020";"07:30";"2";"75";"75116";"2";"7";"1";"7";"PLACE DE COLOMBIE";"48,8627510";"2,2670840"
"202000020072";"12";"11";"2020";"15:10";"1";"75";"75116";"2";"4";"1";"3";"AVENUE DE MALAKOFF";"48,8770830";"2,2834640"
"202000020073";"12";"11";"2020";"11:40";"1";"75";"75116";"2";"2";"1";"3";"AVENUE KLEBER";"48,8650060";"2,2885130"
"202000020074";"13";"11";"2020";"21:00";"3";"75";"75113";"2";"2";"1";"3";"BOULEVARD VINCENT AURIOL";"48,8339710";"2,3647430"
"202000020075";"13";"11";"2020";"13:15";"1";"75";"75112";"2";"7";"1";"4";"PLACE DE LA NATION";"48,8472850";"2,3956830"
"202000020076";"13";"11";"2020";"12:15";"1";"75";"75112";"2";"1";"2";"6";"PONT D AUSTERLITZ";"48,8451417";"2,3663118"
"202000020077";"13";"11";"2020";"09:15";"1";"75";"75112";"2";"2";"2";"3";"QUAI DE LA RAPEE";"48,8458480";"2,3676360"
"202000020078";"13";"11";"2020";"20:55";"5";"75";"75108";"2";"3";"1";"6";"AVENUE GEORGE V";"48,8719230";"2,3008390"
"202000020079";"13";"11";"2020";"09:20";"1";"75";"75108";"2";"2";"2";"3";"BOULEVARD HAUSSMANN";"48,8741990";"2,3239140"
"202000020080";"13";"11";"2020";"15:35";"1";"75";"75103";"2";"1";"1";"5";"BOULEVARD SAINT MARTIN";"48,8684940";"2,3586870"
"202000020081";"13";"11";"2020";"21:40";"5";"94";"94081";"2";"9";"1";"3";"MOULIN DE SAQUET (AV DU)";"48,7913070";"2,3817780"
"202000020082";"13";"11";"2020";"14:15";"1";"94";"94074";"2";"1";"1";"6";"CHAMP SAINT-JULIEN (AV DU)";"48,7470000";"2,4620000"
"202000020083";"13";"11";"2020";"19:50";"5";"94";"94042";"2";"1";"1";"1";"JEAN JAURES (AV)";"48,8208220";"2,4643020"
"202000020084";"13";"11";"2020";"13:30";"1";"94";"94058";"2";"3";"1";"6";"STATION (R DE LA)";"48,8430640";"2,5038850"
"202000020085";"12";"11";"2020";"05:25";"5";"94";"94041";"2";"1";"1";"6";"HIPPOLYTE MARQUES (BD)";"48,8178200";"2,3686800"
"202000020086";"13";"11";"2020";"18:11";"5";"94";"94069";"2";"1";"1";"6";"REPUBLIQUE (QU DE LA)";"48,8178300";"2,4225180"
"202000020087";"13";"11";"2020";"12:20";"1";"93";"93073";"2";"3";"2";"3";"CH DU LOUP / HUITIEME AVENUE";"48,9594900";"2,5616200"
"202000020088";"13";"11";"2020";"19:27";"5";"93";"93072";"2";"3";"1";"3";"MAXIME GORKI (BOULEVARD) DES N°1 AU 87";"48,9521900";"2,3848200"
"202000020089";"13";"11";"2020";"09:00";"1";"93";"93072";"2";"3";"1";"6";"STALINGRAD (AVENUE DE) DES N° 126 A 156";"48,9533200";"2,3909800"
"202000020090";"13";"11";"2020";"08:10";"1";"93";"93059";"2";"1";"9";"3";"SEVERINE (RUE)";"48,9609449";"2,3585785"
"202000020091";"12";"11";"2020";"19:00";"5";"93";"93063";"2";"1";"1";"6";"R DES ORMES";"48,8727800";"2,4425400"
"202000020092";"13";"11";"2020";"07:50";"1";"93";"93057";"2";"2";"1";"3";"AUFFRET (AL. JULES) DE 62 A FIN";"48,9094682";"2,5112177"
"202000020093";"13";"11";"2020";"12:31";"1";"93";"93007";"2";"1";"1";"6";"DIVISION LECLERC (AVENUE)";"48,9456300";"2,4612300"
"202000020094";"13";"11";"2020";"15:20";"1";"93";"93005";"2";"1";"8";"2";"CROIX BLANCHE (PONT DE LA)";"48,9321254";"2,5048468"
"202000020095";"13";"11";"2020";"11:38";"1";"92";"92064";"2";"9";"1";"3";"PASTEUR";"48,8415700";"2,1993200"
"202000020096";"12";"11";"2020";"14:45";"1";"92";"92050";"2";"2";"1";"3";"HAVRE BOULEVARD DU";"48,9188340";"2,2227820"
"202000020097";"13";"11";"2020";"13:30";"1";"92";"92020";"2";"2";"2";"3";"PERI RUE GABRIEL";"48,7997917";"2,2856986"
"202000020098";"13";"11";"2020";"03:20";"5";"92";"92025";"2";"3";"1";"3";"CHARLES DE GAULLE (BD)";"48,9180941";"2,2241848"
"202000020099";"12";"11";"2020";"18:40";"5";"92";"92025";"2";"1";"1";"3";"ESTIENNE D'ORVES (RUE)";"48,9157460";"2,2423970"
"202000020100";"12";"11";"2020";"12:20";"1";"92";"92025";"2";"1";"7";"6";"HENRI BARBUSSE (AV)";"48,9179830";"2,2526830"
"202000020101";"14";"11";"2020";"14:40";"1";"60";"60296";"1";"1";"1";"6";"D930";"49,5137160";"1,8184950"
"202000020102";"13";"11";"2020";"10:20";"1";"16";"16390";"2";"1";"1";"6";"2006 Rue du Couvent";"45,9329550";"0,0662010"
"202000020103";"14";"11";"2020";"10:20";"1";"84";"84088";"2";"1";"1";"6";"263 Impasse Theodore Aubanel";"44,0031050";"5,0536890"
"202000020104";"14";"11";"2020";"09:15";"1";"988";"98812";"1";"1";"1";"6";"RPN7";" -20,4616150";"164,3510060"
"202000020105";"13";"11";"2020";"16:00";"1";"41";"41252";"1";"1";"1";"6";"A10";"47,6845480";"1,4175640"
"202000020106";"14";"11";"2020";"09:30";"1";"83";"83097";"1";"1";"1";"3";"1451 Route de Trets";"43,4927290";"5,7232960"
"202000020107";"14";"11";"2020";"09:30";"1";"33";"33348";"1";"2";"1";"3";"Intersection RD 1215 / chemin de Liquendreau";"45,3653650";" -1,0128240"
"202000020108";"13";"11";"2020";"21:45";"3";"89";"89208";"1";"1";"1";"6";"Place d'Oudun";"47,6345850";"3,8907600"
"202000020109";"13";"11";"2020";"22:45";"3";"49";"49140";"2";"1";"1";"6";"Rue des Perdrielles";"47,1834370";"0,0386170"
"202000020110";"11";"11";"2020";"14:45";"1";"86";"86271";"2";"2";"1";"3";"5 Rue d'Abain";"46,7674590";"0,2415650"
"202000020111";"14";"11";"2020";"08:15";"1";"34";"34245";"1";"1";"1";"6";"D20";"43,4109090";"2,9450230"
"202000020112";"11";"11";"2020";"10:25";"1";"22";"22148";"1";"1";"8";"3";"D16";"48,2507410";" -2,4015800"
"202000020113";"13";"11";"2020";"17:50";"5";"02";"02141";"2";"9";"1";"6";"Rue du Capitaine Lemaire";"49,9747680";"3,9166310"
"202000020114";"14";"11";"2020";"13:58";"1";"26";"26208";"1";"1";"1";"3";"D111";"44,7981140";"4,9336770"
"202000020115";"6";"9";"2020";"20:00";"3";"45";"45040";"2";"1";"1";"1";"Avenue du Général Leclerc";"47,5672380";"2,8505880"
"202000020116";"13";"11";"2020";"22:40";"3";"18";"18218";"1";"1";"1";"6";"RD 46E";"47,0058620";"2,5247530"
"202000020117";"14";"11";"2020";"00:45";"3";"85";"85224";"1";"1";"1";"6";"LA CHAIGNAIE";"47,0036100";" -1,3150200"
"202000020118";"14";"11";"2020";"14:00";"1";"27";"27340";"1";"2";"1";"2";"D313, le pavillon, hon";"49,3798580";"0,8035470"
"202000020119";"14";"11";"2020";"02:00";"4";"23";"23148";"2";"1";"1";"6";"D56";"46,4216680";"1,9585570"
"202000020120";"14";"11";"2020";"07:40";"2";"37";"37159";"2";"3";"1";"3";"50 Rue du Val de l'Indre";"47,2775061";"0,6377993"
"202000020121";"13";"11";"2020";"19:25";"3";"88";"88465";"1";"1";"1";" -1";"D12";"48,2429030";"6,4456270"
"202000020122";"10";"11";"2020";"14:00";"1";"973";"97309";"2";"3";"1";"3";"Boulevard Edmard Lama";"4,9046410";" -52,2733090"
"202000020123";"13";"11";"2020";"19:30";"3";"987";"98724";"1";"1";"1";"1";"Route de la Nasa District de FITII";" -16,7273840";" -151,0112500"
"202000020124";"13";"11";"2020";"18:35";"5";"987";"98758";"1";"1";"1";"6";"PK 1.200";" -16,7382840";" -151,4350320"
"202000020125";"11";"11";"2020";"17:35";"1";"974";"97406";"2";"1";"1";"7";"Rue Pierre Auguste Cornu (Pont)";" -21,1332880";"55,6125780"
"202000020126";"13";"11";"2020";"15:45";"1";"33";"33214";"2";"2";"1";"3";"Route de Brach";"44,9838670";" -1,0506160"
"202000020127";"14";"11";"2020";"15:25";"1";"78";"78615";"1";"1";"1";"5";"D30";"48,8427180";"1,9603730"
"202000020128";"14";"11";"2020";"14:25";"1";"83";"83115";"2";"1";"1";"2";"Avenue du Debarquement";"43,3226370";"6,6524600"
"202000020129";"13";"11";"2020";"15:00";"1";"87";"87005";"2";"1";"1";"1";"D979";"45,8001930";"1,3853130"
"202000020130";"12";"9";"2020";"11:40";"1";"33";"33284";"1";"3";"1";"2";"A63";"44,6240900";" -0,8537900"
"202000020131";"10";"11";"2020";"17:20";"4";"67";"67309";"1";"1";"5";"3";"Autoroute A.4";"48,6411866";"7,7304536"
"202000020132";"11";"11";"2020";"23:00";"3";"91";"91136";"1";"1";"8";"2";"AUTOROUTE A10";"48,7152700";"2,2683300"
"202000020133";"13";"11";"2020";"01:50";"5";"92";"92050";"1";"1";"1";"6";"A86";"48,9020577";"2,2042488"
"202000020134";"13";"8";"2020";"19:00";"1";"62";"62510";"2";"1";"1";"6";"BERNARD (R CLAUDE)";"50,4188170";"2,7998189"
"202000020135";"22";"6";"2020";"16:30";"1";"05";"05061";"2";"1";"1";"6";"COMMANDANT DUMONT ( AVENUE)";"44,5662800";"6,0836400"
"202000020136";"11";"11";"2020";"12:00";"1";"974";"97416";"1";"3";"1";"3";"LIGNE PARADIS(ROUTE DE LA)";" -21,3034500";"55,4602000"
"202000020137";"12";"11";"2020";"17:34";"1";"973";"97302";"2";"1";"1";"3";"MONTABO (ROUTE DE) 1";"4,9294723";" -52,2903514"
"202000020138";"11";"11";"2020";"11:50";"1";"973";"97302";"2";"1";"1";"3";"ROUTE NATIONALE 3";"4,9050400";" -52,3193200"
"202000020139";"12";"11";"2020";"19:25";"5";"69";"69388";"2";"1";"1";"7";"ETATS UNIS (DES)                    (BD)";"45,7281296";"4,8686909"
"202000020140";"12";"11";"2020";"16:45";"1";"69";"69383";"2";"2";"1";"3";"LACASSAGNE                          (AV)";"45,7496201";"4,8760763"
"202000020141";"12";"11";"2020";"14:50";"1";"69";"69259";"2";"1";"1";"2";"VIENNE (DE)                         (RO)";"45,7165400";"4,8551600"
"202000020142";"12";"11";"2020";"05:45";"5";"69";"69388";"2";"1";"1";"3";"ALBERT THOMAS                       (CO)";"45,7493263";"4,8604254"
"202000020143";"8";"5";"2020";"18:40";"1";"69";"69286";"2";"1";"1";"2";"ROUTE DE STRASBOURG                 (RO)";"45,8159600";"4,8901900"
"202000020144";"12";"11";"2020";"19:55";"5";"69";"69389";"2";"4";"1";"3";"DUCHERE (DE LA)                     (BD)";"45,7779200";"4,7954000"
"202000020145";"10";"11";"2020";"11:30";"1";"69";"69034";"2";"1";"1";"3";"Grande Rue de Saint-clair";"45,7892200";"4,8550500"
"202000020146";"12";"11";"2020";"11:20";"1";"2B";"2B033";"2";"2";"1";"3";"CAPITAINE THEN";"42,6761600";"9,4385000"
"202000020147";"12";"11";"2020";"15:48";"1";"2A";"2A004";"2";"1";"1";"6";"MEZZAVIA ROUTE DE";"41,9524506";"8,7814170"
"202000020148";"12";"11";"2020";"12:49";"1";"95";"95063";"2";"1";"1";"6";"RUE DE MONTESSON";"48,9229810";"2,2057060"
"202000020149";"8";"11";"2020";"03:25";"5";"91";"91657";"2";"1";"1";"1";"RUE DES ACACIAS";"48,6954330";"2,4368180"
"202000020150";"11";"11";"2020";"20:07";"3";"91";"91421";"1";"1";"8";"2";"NATIONALE 6 (REVEIL MATIN)";"48,7172400";"2,4428900"
"202000020151";"10";"11";"2020";"06:54";"5";"87";"87085";"2";"3";"2";"3";"LECLERC (AVENUE DU GENERAL)";"45,8426900";"1,2589300"
"202000020152";"10";"11";"2020";"05:00";"3";"87";"87075";"1";"1";"2";"6";"RN 21";"45,7852584";"1,1889178"
"202000020153";"9";"11";"2020";"18:37";"2";"87";"87114";"2";"1";"2";"6";"CROIX-FINOR (AVENUE)";"45,8353500";"1,3150000"
"202000020154";"6";"11";"2020";"17:00";"1";"86";"86194";"2";"1";"1";"6";"Avenue de Lafayette";"46,5759839";"0,3756541"
"202000020155";"12";"11";"2020";"07:20";"2";"80";"80021";"2";"1";"1";"6";"BELFORT (BOULEVARD DE)";"49,8905100";"2,3063700"
"202000020156";"12";"11";"2020";"14:42";"1";"80";"80001";"2";"9";"7";"3";"VERDUN (de)";"50,1140000";"1,8258000"
"202000020157";"12";"11";"2020";"11:00";"1";"78";"78486";"2";"1";"1";"6";"EGLISE (RUE DE)";"48,6947700";"1,8546100"
"202000020158";"12";"11";"2020";"18:55";"5";"69";"69115";"2";"1";"1";"4";"ANSE (route d')";"45,9711300";"4,7168600"
"202000020159";"10";"11";"2020";"21:00";"4";"67";"67482";"2";"3";"5";"1";"CHAMP DE MANOEUVRE (RUE DU)";"48,6014300";"7,7102700"
"202000020160";"10";"11";"2020";"20:04";"3";"66";"66136";"1";"1";"1";"3";"TORREMILA (CHEMIN DE)";"42,7285700";"2,8769500"
"202000020161";"12";"11";"2020";"18:50";"5";"64";"64269";"2";"3";"1";"3";"TARBES DE";"43,2988600";" -0,3055100"
"202000020162";"12";"11";"2020";"12:15";"1";"64";"64129";"2";"1";"1";"6";"MUSES DES";"43,3000000";" -0,3900000"
"202000020163";"10";"11";"2020";"15:30";"1";"62";"62413";"2";"1";"1";"5";"DEBARGE (R CHARLES)";"50,4430000";"2,8969900"
"202000020164";"11";"11";"2020";"18:20";"5";"59";"59155";"2";"1";"1";"6";"GENERAL HOCHE";"51,0280512";"2,3982315"
"202000020165";"10";"11";"2020";"16:45";"1";"56";"56083";"2";"1";"1";"6";"TALHOUET (RUE  DU )";"47,8171700";" -3,2593000"
"202000020166";"10";"11";"2020";"13:59";"1";"56";"56121";"2";"1";"1";"6";"JAURES ( AVE JEAN )";"47,7453500";" -3,3688600"
"202000020167";"11";"11";"2020";"19:35";"5";"54";"54395";"2";"1";"1";"2";"BOUFFLERS (AVENUE) DE 2 AU 72)";"48,6896856";"6,1593658"
"202000020168";"10";"11";"2020";"16:40";"1";"49";"49328";"2";"1";"1";"2";"SAINT LOUIS (RUE)";"47,2565400";" -0,0850000"
"202000020169";"12";"11";"2020";"07:50";"2";"45";"45169";"2";"1";"1";"3";"3 Route Nationale";"47,9337304";"1,8308179"
"202000020170";"12";"11";"2020";"03:00";"3";"44";"44215";"1";"1";"2";"2";"PERIPHERIQUE SUD";"47,1829500";" -1,5007300"
"202000020171";"12";"11";"2020";"22:45";"5";"37";"37122";"2";"1";"1";"7";"RODIN (RUE AUGUSTE)";"47,3457479";"0,6577034"
"202000020172";"12";"11";"2020";"12:40";"1";"35";"35238";"2";"2";"1";"3";"NANTES (DE)";"48,0948200";" -1,6901400"
"202000020173";"12";"11";"2020";"12:00";"1";"33";"33281";"1";"1";"1";"2";"Avenue Marcel Dassault";"44,8464500";" -0,7215000"
"202000020174";"12";"11";"2020";"12:57";"1";"33";"33550";"1";"6";"1";"1";"AVE BARRET";"44,7770000";" -0,5670000"
"202000020175";"10";"11";"2020";"18:45";"4";"31";"31555";"2";"1";"1";"6";"NETWILLER (BOULEVARD ANDRE)";"43,6412400";"1,4523100"
"202000020176";"10";"11";"2020";"17:55";"5";"31";"31555";"2";"1";"1";"2";"GRANDE RUE SAINT MICHEL";"43,5850400";"1,4476200"
"202000020177";"10";"11";"2020";"14:24";"1";"31";"31157";"2";"1";"1";"3";"CHE DE TUCAUT";"43,5603800";"1,3593600"
"202000020178";"12";"11";"2020";"19:20";"5";"29";"29039";"2";"1";"1";"7";"Avenue Robert Jan";"47,8787000";" -3,9243000"
"202000020179";"12";"11";"2020";"07:50";"3";"24";"24037";"1";"9";"1";"1";"RN21";"44,8221000";"0,5036100"
"202000020180";"12";"11";"2020";"14:10";"1";"15";"15014";"1";"1";"1";"6";"CRETES (ROUTE DES)";"44,9491600";"2,4548100"
"202000020181";"11";"11";"2020";"14:45";"1";"14";"14059";"2";"1";"1";"2";"LITTORAL (AVENUE DU)";"49,3461200";"0,0441900"
"202000020182";"12";"11";"2020";"15:30";"1";"13";"13209";"2";"1";"1";"3";"RAYMOND TEISSERE (RUE)";"43,2729650";"5,3991940"
"202000020183";"11";"11";"2020";"17:20";"2";"13";"13209";"2";"1";"1";"3";"CABOT (BOULEVARD)";"43,2588300";"5,4171300"
"202000020184";"12";"11";"2020";"07:15";"1";"06";"06069";"2";"2";"1";"3";"ARENE (AVENUE PAUL )";"43,6396700";"6,9129600"
"202000020185";"12";"11";"2020";"07:35";"1";"75";"75114";"2";"4";"1";"5";"BOULEVARD PERIPHERIQUE";"48,8209260";"2,3217940"
"202000020186";"12";"11";"2020";"09:02";"1";"75";"75106";"2";"4";"1";"3";"BOULEVARD SAINT GERMAIN";"48,8520930";"2,3403100"
"202000020187";"12";"11";"2020";"15:15";"1";"75";"75119";"2";"2";"1";"6";"AVENUE DE LA PORTE CHAUMONT";"48,8863490";"2,3952720"
"202000020188";"12";"11";"2020";"10:30";"1";"75";"75119";"2";"2";"1";"3";"RUE LOUISE THULIEZ";"48,8775030";"2,3938130"
"202000020189";"12";"11";"2020";"10:25";"1";"75";"75115";"2";"1";"1";"6";"RUE FONDARY";"48,8460740";"2,2984090"
"202000020190";"12";"11";"2020";"07:15";"5";"75";"75113";"2";"1";"1";"6";"RUE DE TOLBIAC";"48,8297910";"2,3753060"
"202000020191";"12";"11";"2020";"12:00";"1";"94";"94080";"2";"9";"1";"3";"PARIS (AV DE)";"48,8461000";"2,4222000"
"202000020192";"12";"11";"2020";"18:50";"5";"94";"94041";"2";"1";"1";"5";"GEORGES GOSNAT (AV)";"48,8135900";"2,3885600"
"202000020193";"12";"11";"2020";"17:20";"5";"94";"94017";"2";"1";"1";"6";"ALBERT THOMAS (R)";"48,8147400";"2,5119400"
"202000020194";"12";"11";"2020";"17:30";"2";"93";"93053";"2";"1";"1";"6";"ELSA TRIOLET (RUE)";"48,8869800";"2,4659700"
"202000020195";"12";"11";"2020";"00:15";"5";"93";"93046";"2";"2";"1";"3";"MARECHAL LECLERC AVENUE";"48,9201226";"2,5392454"
"202000020196";"12";"11";"2020";"08:55";"1";"93";"93031";"2";"3";"1";"3";"SAINT LEU (ROUTE DE) 1 à 157";"48,9499888";"2,3410299"
"202000020197";"12";"11";"2020";"10:30";"1";"93";"93027";"2";"1";"1";"3";"AV PAUL VAILLANT COUTURIER";"48,9183969";"2,4081164"
"202000020198";"12";"11";"2020";"21:00";"5";"93";"93005";"2";"3";"1";"3";"JACQUES DUCLOS [CD44] (RUE)";"48,9493475";"2,4890020"
"202000020199";"12";"11";"2020";"10:00";"1";"92";"92036";"2";"3";"1";"3";"LOUIS CALMEL (RUE) (18/58)";"48,9232240";"2,2871820"
"202000020200";"12";"11";"2020";"10:00";"2";"92";"92035";"2";"2";"1";"4";" GENERAL DE GAULLE (AV DU)";"48,9125710";"2,2537700"
"202000020201";"11";"11";"2020";"15:56";"1";"92";"92026";"2";"3";"1";"3";"MARECHAL JOFFRE (QUAI DU)";"48,9006082";"2,2752395"
"202000020202";"13";"11";"2020";"11:20";"1";"976";"97610";"1";"1";"1";"1";"RN 1 - PK 12+950";" -12,7278630";"45,1824760"
"202000020203";"10";"11";"2020";"23:00";"3";"2A";"2A064";"1";"1";"1";"6";"RT 40";"41,8471630";"8,9647690"
"202000020204";"20";"4";"2020";"07:00";"2";"50";"50203";"1";"4";"2";"6";"NATIONALE 13";"49,5981200";" -1,5968300"
"202000020205";"27";"4";"2020";"15:25";"1";"42";"42127";"1";"4";"3";"1";"Route de Noailly";"46,0928638";"4,0458976"
"202000020206";"28";"4";"2020";"20:20";"1";"37";"37122";"2";"1";"1";"7";"PRADIER (RUE JAMES)";"47,3441004";"0,6571964"
"202000020207";"16";"3";"2020";"18:30";"1";"33";"33039";"2";"3";"1";"3";"RUE DES QUATRE CASTERA / ALL BOYER";"44,8094300";" -0,5373300"
"202000020208";"28";"4";"2020";"05:10";"5";"26";"26252";"2";"2";"2";"2";"980 Rue Louis Saillant";"44,8885500";"4,8636070"
"202000020209";"24";"4";"2020";"08:25";"1";"11";"11262";"2";"1";"1";" -1";"LAKANAL (RUE)";"43,1879747";"3,0087633"
"202000020210";"28";"4";"2020";"12:00";"1";"06";"06123";"2";"1";"2";"6";"AICARD AVENUE";"43,6845000";"7,1840200"
"202000020211";"27";"4";"2020";"14:15";"1";"75";"75117";"2";"1";"1";"5";"PORTE DE SAINT OUEN";"48,9001880";"2,3207810"
"202000020212";"27";"4";"2020";"06:45";"1";"75";"75119";"2";"1";"1";"6";"PORTE DE LA VILLETTE";"48,9002060";"2,3806370"
"202000020213";"28";"4";"2020";"19:10";"1";"75";"75119";"2";"1";"1";"1";"RUE RIQUET";"48,8890200";"2,3722260"
"202000020214";"28";"4";"2020";"15:00";"1";"75";"75119";"2";"2";"1";"3";"RUE DES BOIS";"48,8785460";"2,4001150"
"202000020215";"27";"4";"2020";"09:30";"1";"75";"75116";"2";"3";"1";"6";"RUE DE L ASSOMPTION";"48,8555360";"2,2661190"
"202000020216";"28";"4";"2020";"19:30";"1";"75";"75113";"2";"2";"3";"3";"BOULEVARD AUGUSTE BLANQUI";"48,8311070";"2,3442370"
"202000020217";"28";"4";"2020";"14:40";"1";"75";"75113";"2";"1";"1";"3";"AVENUE D ITALIE";"48,8294780";"2,3562430"
"202000020218";"28";"4";"2020";"11:38";"1";"75";"75109";"2";"1";"1";"6";"RUE NOTRE DAME DE LORETTE";"48,8770280";"2,3389310"
"202000020219";"26";"4";"2020";"18:45";"1";"94";"94080";"2";"1";"1";" -1";"Murs du Parc (Av. des)";"48,8462540";"2,4559230"
"202000020220";"28";"4";"2020";"15:50";"1";"94";"94028";"2";"1";"1";"6";"GAULLE(AVENUE DU GENERAL DE)";"48,7956656";"2,4474985"
"202000020221";"26";"4";"2020";"10:35";"1";"94";"94052";"2";"5";"1";"3";"EDOUARD RENARD (R)";"48,8455000";"2,4882900"
"202000020222";"28";"4";"2020";"21:10";"5";"94";"94043";"2";"3";"1";"3";"CHARLES GIDE (AV)";"48,8066250";"2,3510080"
"202000020223";"27";"4";"2020";"20:40";"1";"94";"94011";"2";"1";"1";"2";"SEMARD (RUE PIERRE)";"48,7648750";"2,4808535"
"202000020224";"28";"4";"2020";"20:36";"2";"93";"93078";"2";"9";"2";"3";"BD ROBERT BALLANGER";"48,9562770";"2,5412804"
"202000020225";"28";"4";"2020";"21:10";"5";"93";"93071";"2";"1";"1";"1";"LIVRY (AVENUE DE)";"48,9326900";"2,5373630"
"202000020226";"27";"4";"2020";"11:00";"1";"93";"93053";"2";"1";"1";"5";"BIR HAKEIM (AVENUE)";"48,8962657";"2,4611631"
"202000020227";"28";"4";"2020";"19:15";"1";"93";"93049";"2";"3";"2";"1";"DANIELLE CASANOVA (RUE)";"48,8747500";"2,4547680"
"202000020228";"28";"4";"2020";"14:20";"1";"93";"93013";"2";"1";"2";"2";"LECLERC (AVENU DE LA DIVISION)";"48,9319900";"2,4226200"
"202000020229";"14";"4";"2020";"07:50";"1";"92";"92078";"2";"1";"1";"3";"MARECHAL LECLERC (AVENUE) (PAIRS)";"48,9394840";"2,3238730"
"202000020230";"21";"4";"2020";"19:30";"1";"92";"92063";"2";"1";"1";"1";"CHATEAU (RUE DU)";"48,8744300";"2,1810300"
"202000020231";"29";"4";"2020";"00:45";"3";"83";"83019";"1";"1";"1";"6";"Route du Dom";"43,2049100";"6,4359500"
"202000020232";"27";"4";"2020";"21:10";"3";"61";"61466";"1";"1";"2";"6";"D118";"48,7308110";" -0,5191150"
"202000020233";"27";"4";"2020";"17:30";"1";"47";"47309";"1";"1";"3";"6";"D667";"44,5108610";"0,4492150"
"202000020234";"29";"4";"2020";"08:35";"1";"72";"72158";"1";"2";"1";"1";"D302";"48,0525330";"0,6851740"
"202000020235";"29";"4";"2020";"11:10";"1";"60";"60431";"2";"1";"1";"3";"Rue d'Orroire";"49,5659608";"3,0265832"
"202000020236";"28";"4";"2020";"21:55";"3";"07";"07005";"1";"6";"1";"6";"N/A";"44,5676074";"4,5914082"
"202000020237";"27";"4";"2020";"19:00";"1";"27";"27218";"2";"1";"3";" -1";"Route des Anglais";"49,2791600";"0,4398180"
"202000020238";"27";"4";"2020";"13:20";"1";"27";"27103";"2";"3";"1";"3";"Rue du Docteur Duvrac";"49,3568030";"0,8182350"
"202000020239";"28";"4";"2020";"13:35";"1";"30";"30029";"1";"1";"1";"7";"D196";"44,3134390";"4,3311880"
"202000020240";"25";"4";"2020";"13:30";"1";"987";"98715";"2";"1";"1";"3";"PK 3 RT1";" -17,5845220";" -149,5685780"
"202000020241";"29";"4";"2020";"06:41";"1";"17";"17277";"1";"1";"1";"6";"A10";"45,9993030";" -0,5428640"
"202000020242";"28";"4";"2020";"11:15";"1";"2B";"2B265";"1";"1";"3";"7";"D82";"42,5978290";"9,3945120"
"202000020243";"23";"4";"2020";"12:30";"1";"13";"13110";"2";"2";"1";"1";"Route de Puyloubier";"43,4578410";"5,6842660"
"202000020244";"28";"4";"2020";"12:45";"1";"13";"13043";"1";"1";"2";"7";"A55-Sens Martigues vers Marseille";"43,3845610";"5,2364170"
"202000020245";"28";"4";"2020";"06:30";"3";"13";"13215";"1";"1";"3";"7";"A7-Sens Lyon vers Marseille";"43,3515180";"5,3668440"
"202000020246";"28";"4";"2020";"07:35";"1";"78";"78238";"1";"1";"1";"2";"A13";"48,9703900";"1,8737480"
"202000020247";"28";"4";"2020";"14:45";"1";"93";"93013";"1";"1";"1";"5";"AUTOROUTE A1";"48,9411900";"2,4278400"
"202000020248";"26";"2";"2020";"00:05";"5";"972";"97213";"1";"1";"1";"7";"ROUTE NATIONALE 5";"14,5933600";" -60,9838500"
"202000020249";"25";"2";"2020";"20:40";"5";"54";"54184";"2";"3";"1";"7";"BRIGACHTAL (AVENUE DE)";"48,7007730";"6,2245850"
"202000020250";"25";"2";"2020";"08:23";"1";"54";"54184";"2";"2";"2";"6";"SAUVAGE (rue Catherine)";"48,7098100";"6,2412700"
"202000020251";"21";"2";"2020";"06:05";"2";"44";"44184";"2";"1";"1";"6";"Avenue Antoine Bourdelle";"47,2885866";" -2,1921206"
"202000020252";"24";"2";"2020";"18:40";"2";"22";"22106";"2";"1";"1";"3";"BRETAGNE (RUE DE)";"48,4897003";" -2,7147517"
"202000020253";"26";"2";"2020";"21:30";"5";"94";"94067";"2";"1";"1";"7";"FOCH (AV)";"48,8454820";"2,4197160"
"202000020254";"25";"4";"2020";"09:00";"1";"974";"97416";"2";"1";"1";"6";"RECHERCHANT (RUE ADRIEN) (1)";" -21,2824600";"55,4747300"
"202000020255";"27";"4";"2020";"12:40";"1";"2B";"2B033";"2";"3";"1";"3";"ST FLORENT-ANCIENNE RT DE";"42,6889200";"9,4323700"