"Num_Acc";"jour";"mois";"an";"hrmn";"lum";"dep";"com";"agg";"int";"atm";"col";"adr";"lat";"long"
"202000020256";"24";"4";"2020";"17:00";"1";"87";"87085";"2";"1";"1";"6";"AUTIER (RUE DE L')";"45,8750100";"1,2943000"
"202000020257";"24";"4";"2020";"15:40";"1";"87";"87085";"2";"1";"1";"7";"CASSEAUX (AVE DES) (VC)";"45,8371000";"1,2790700"
"202000020258";"25";"4";"2020";"12:08";"1";"83";"83129";"2";"1";"1";"6";"DE LATTRE DE TASSIGNY (AV)";"43,0938000";"5,8391000"
"202000020259";"27";"4";"2020";"20:25";"2";"78";"78642";"2";"1";"1";"6";"NORMANDIE RUE DE";"48,9865300";"1,9722900"
"202000020260";"26";"4";"2020";"13:15";"1";"76";"76540";"2";"1";"1";"6";"BIHOREL. RUE DE";"49,4484400";"1,1024100"
"202000020261";"23";"4";"2020";"12:55";"1";"76";"76212";"2";"6";"1";"3";"LONGPAON. RUE DE";"49,4490400";"1,1509600"
"202000020262";"24";"4";"2020";"19:20";"1";"76";"76540";"2";"1";"1";"2";"JAURES. BOULEVARD JEAN";"49,4503400";"1,0623500"
"202000020263";"26";"4";"2020";"16:40";"1";"76";"76481";"2";"1";"1";"6";"TOT (CHEMIN DU)";"49,5541400";"0,1109100"
"202000020264";"24";"4";"2020";"00:15";"5";"76";"76447";"2";"1";"1";"2";"PIERRE MENDES FRANCE";"49,5280100";"0,1824300"
"202000020265";"27";"4";"2020";"11:32";"1";"69";"69266";"2";"3";"1";"3";"ROGER SALENGRO     (Avenue)";"45,7798500";"4,8821300"
"202000020266";"26";"4";"2020";"20:00";"1";"69";"69290";"1";"1";"1";"6";"ST BONNET DE MURE (DE)              (CH)";"45,6919400";"4,9668200"
"202000020267";"25";"4";"2020";"18:20";"1";"64";"64122";"2";"1";"1";"6";"BRAOU (AVENUE DU)";"43,4801200";" -1,5555000"
"202000020268";"27";"4";"2020";"20:20";"1";"60";"60057";"2";"1";"1";"7";"GARBET PIERRE (RUE)";"49,4422000";"2,0777700"
"202000020269";"27";"4";"2020";"11:40";"1";"54";"54257";"2";"2";"1";"1";"SORBIERS (ALLEE DES)";"48,6456884";"6,1923938"
"202000020270";"27";"4";"2020";"13:00";"1";"45";"45169";"2";"1";"1";"1";"Avenue Georges Pompidou";"47,9022400";"1,8592000"
"202000020271";"27";"4";"2020";"14:47";"1";"45";"45004";"2";"9";"1";"1";"D93 - PR 0+400";"47,9766510";"2,7386300"
"202000020272";"24";"4";"2020";"13:05";"1";"34";"34301";"2";"1";"1";"6";"VERNES JULES (RUE)";"43,4083000";"3,6748500"
"202000020273";"26";"4";"2020";"01:30";"5";"31";"31555";"2";"1";"1";"7";"BARCELONE (ALL DE) DU 16AU 156";"43,6098050";"1,4217090"
"202000020274";"24";"4";"2020";"20:30";"2";"31";"31555";"2";"1";"1";"3";"SAND (RUE GEORGES)";"43,5836120";"1,4523040"
"202000020275";"27";"4";"2020";"13:30";"1";"29";"29232";"1";"1";"1";"2";"D783 - Route de Concarneau";"47,9533800";" -4,0391000"
"202000020276";"26";"4";"2020";"08:00";"1";"28";"28085";"2";"1";"7";"6";"GORD A LAUNAY (CHEMIN DU)";"48,4326000";"1,4929000"
"202000020277";"26";"4";"2020";"22:45";"5";"17";"17274";"2";"6";"1";"7";"REPUBLIQUE   ROND-POINT DE LA";"46,1543000";" -1,1124000"
"202000020278";"27";"4";"2020";"20:14";"2";"13";"13215";"2";"1";"1";"7";"LYON (RUE DE)";"43,3330580";"5,3642710"
"202000020279";"25";"4";"2020";"11:45";"1";"13";"13206";"2";"3";"1";"3";"DIEUDE (RUE)";"43,3000000";"5,4000000"
"202000020280";"27";"4";"2020";"18:05";"1";"10";"10387";"2";"3";"7";"6";"CHALMEL (RUE)";"48,2949840";"4,0644310"
"202000020281";"27";"4";"2020";"06:00";"2";"75";"75117";"2";"2";"1";"3";"AVENUE DE VILLIERS";"48,8851420";"2,2956770"
"202000020282";"27";"4";"2020";"08:05";"1";"75";"75114";"2";"7";"1";"7";"PLACE DE CATALOGNE";"48,8374460";"2,3181440"
"202000020283";"27";"4";"2020";"14:45";"1";"75";"75111";"2";"5";"2";"6";"RUE DE LA ROQUETTE";"48,8574330";"2,3796620"
"202000020284";"26";"4";"2020";"22:25";"3";"94";"94044";"2";"1";"1";"3";"JEAN MONNET (R)";"48,7564200";"2,4725400"
"202000020285";"26";"4";"2020";"18:45";"1";"94";"94080";"2";"1";"1";"7";"PETIT PARC (AV DU)";"48,8433000";"2,4284000"
"202000020286";"27";"4";"2020";"12:10";"1";"93";"93046";"2";"1";"1";"1";"AV ARISTIDE BRIAND";"48,9106600";"2,5126900"
"202000020287";"27";"4";"2020";"22:30";"5";"93";"93006";"2";"2";"2";"1";"R DES RIGONDES / AV RASPAIL";"48,8735100";"2,4336300"
"202000020288";"27";"4";"2020";"17:15";"1";"92";"92020";"2";"2";"1";"3";"PERI RUE GABRIEL/ BROSSOLETTE RUE PIERRE N°3 A 13";"48,7997900";"2,2857000"
"202000020289";"28";"4";"2020";"07:35";"1";"11";"11018";"1";"1";"8";"2";"A61";"43,2079285";"2,2389793"
"202000020290";"27";"4";"2020";"13:00";"1";"67";"67375";"1";"1";"1";"6";"D64";"48,6389359";"7,6512980"
"202000020291";"27";"4";"2020";"07:50";"2";"41";"41099";"1";"1";"1";"7";"RD 59";"47,3496400";"1,6107630"
"202000020292";"28";"4";"2020";"10:30";"1";"15";"15111";"1";"1";"3";"3";"D130";"45,3641320";"2,4528480"
"202000020293";"26";"4";"2020";"21:10";"2";"72";"72156";"1";"1";"1";"6";"La Reine Bouviere";"48,1015171";"0,6876987"
"202000020294";"24";"4";"2020";"23:30";"3";"07";"07110";"1";"1";"1";"6";"N/A";"44,4659885";"4,2285513"
"202000020295";"27";"4";"2020";"08:35";"1";"85";"85004";"1";"1";"1";"3";"N/A";"46,4197200";" -1,4045800"
"202000020296";"24";"4";"2020";"19:35";"1";"27";"27181";"1";"1";"1";"7";"D59";"48,7998250";"1,2547590"
"202000020297";"27";"4";"2020";"14:15";"1";"30";"30147";"1";"1";"1";"7";"CD 982";"44,0244870";"4,0687020"
"202000020298";"18";"4";"2020";"20:20";"3";"49";"49092";"1";"2";"1";"6";"Lieu Dit le Plessis (Chanzeaux)";"47,2695080";" -0,6213420"
"202000020299";"28";"4";"2020";"08:05";"1";"973";"97309";"1";"1";"2";"4";"N 3 (rn3)";"4,9017650";" -52,3039340"
"202000020300";"27";"4";"2020";"18:10";"1";"77";"77283";"2";"4";"1";"3";"46 Rue de Soissons - D405/D94";"49,0742590";"3,0242230"
"202000020301";"28";"4";"2020";"08:30";"1";"91";"91630";"2";"3";"1";"3";"21 rue du village";"48,5662770";"2,0686790"
"202000020302";"27";"4";"2020";"17:15";"1";"73";"73197";"2";"3";"1";"6";"Rue des Monts d'Argent";"45,5470260";"6,7555990"
"202000020303";"27";"4";"2020";"19:45";"1";"60";"60446";"2";"1";"1";"7";"D922";"49,1401810";"2,7892250"
"202000020304";"25";"4";"2020";"15:10";"1";"33";"33167";"1";"1";"2";"6";"ROUTE NATIONALE 230";"44,8229200";" -0,5128500"
"202000020305";"26";"2";"2020";"10:40";"1";"92";"92002";"2";"2";"2";"6";"JEAN MOULIN (RUE)";"48,7531200";"2,3067500"
"202000020306";"26";"4";"2020";"16:40";"1";"988";"98818";"2";"3";"1";"7";"RUE PIERRE SAUVAN";" -22,2980100";"166,4487000"
"202000020307";"25";"4";"2020";"23:00";"5";"988";"98818";"2";"1";"1";"6";"VE1 SENS NORD/SUD";" -22,2596800";"166,4449500"
"202000020308";"25";"4";"2020";"18:38";"5";"988";"98818";"2";"1";"1";"6";"N°8 RUE DU 5 MAI ";" -22,2667000";"166,4618500"
"202000020309";"26";"4";"2020";"22:55";"5";"976";"97611";"2";"9";"1";"6";"tsoundzou-Kadjifouni ( rue )";" -12,8069000";"45,2078500"
"202000020310";"26";"4";"2020";"17:50";"1";"69";"69259";"2";"2";"1";"3";"MARTYRS DE LA RESISTANCE (DES)      (AV)";"45,6907700";"4,8662800"
"202000020311";"24";"4";"2020";"17:26";"1";"77";"77152";"2";"1";"1";"7";"CAMUS(AVENUE ALBERT)";"48,5201600";"2,6404500"
"202000020312";"25";"4";"2020";"17:00";"1";"59";"59526";"2";"3";"1";"3";"RUE HENRI DURRE";"50,4402100";"3,4316000"
"202000020313";"26";"4";"2020";"09:50";"1";"06";"06069";"2";"3";"1";"3";"SAINT MATHIEU (ROUTE ET PLACE)";"43,6574690";"6,9334170"
"202000020314";"26";"4";"2020";"06:00";"2";"75";"75120";"2";"7";"1";"6";"RUE CHARLES ET ROBERT";"48,8536710";"2,4132060"
"202000020315";"26";"4";"2020";"12:37";"1";"94";"94078";"2";"1";"1";"7";"HUIT MAI 1945 (AV DU)";"48,7247700";"2,4449300"
"202000020316";"26";"4";"2020";"16:40";"1";"93";"93066";"2";"2";"1";"3";"""STALINGRAND (AV), NR 2-86 ET 1 SUIVANTS";"48,9443000";"2,3573000"
"202000020317";"26";"4";"2020";"15:30";"1";"93";"93006";"2";"1";"1";"2";"CARNOT RUE SADI";"48,8670000";"2,4180000"
"202000020318";"26";"4";"2020";"18:25";"1";"93";"93079";"2";"1";"1";"3";"DIVISION LECLERC (AV)";"48,9533516";"2,3436439"
"202000020319";"26";"4";"2020";"16:30";"1";"92";"92020";"2";"1";"1";"3";"BERANGER RUE";"48,8061233";"2,2817904"
"202000020320";"26";"4";"2020";"14:35";"1";"37";"37187";"2";"1";"1";"6";"4 Rue du Coteau";"47,0291245";"0,5448607"
"202000020321";"26";"4";"2020";"19:45";"1";"37";"37123";"1";"1";"1";"6";"Les Coutures";"47,3353481";"0,3985261"
"202000020322";"27";"4";"2020";"15:00";"1";"91";"91340";"1";"1";"1";"6";"Rue de Mennecy";"48,5917030";"2,4287190"
"202000020323";"26";"4";"2020";"18:15";"1";"33";"33332";"1";"1";"1";"6";"D123";"45,0239400";"0,0000090"
"202000020324";"27";"4";"2020";"09:03";"1";"06";"06161";"1";"1";"1";"5";"Route Nationale 7";"43,6278590";"7,1337660"
"202000020325";"26";"4";"2020";"19:00";"1";"79";"79150";"1";"1";"1";"7";"N/A";"46,1424520";"0,2147270"
"202000020326";"27";"4";"2020";"13:30";"1";"60";"60260";"2";"1";"1";"6";"10 Rue de Villers";"49,2785490";"2,9420730"
"202000020327";"25";"4";"2020";"18:20";"1";"51";"51612";"1";"1";"1";"7";"D38";"48,9543420";"3,9939145"
"202000020328";"26";"4";"2020";"00:45";"3";"56";"56061";"1";"1";"1";"6";"Rue Saint Vincent";"47,7568812";" -2,1450034"
"202000020329";"27";"4";"2020";"11:25";"1";"2B";"2B319";"2";"2";"1";"2";"Figareto";"42,4154330";"9,5296630"
"202000020330";"26";"4";"2020";"05:10";"5";"01";"01263";"2";"3";"2";"6";"96 Avenue du Marquet";"46,0806485";"4,7691212"
"202000020331";"25";"4";"2020";"09:00";"1";"70";"70533";"1";"1";"1";"7";"29 rue de Vellefrange";"47,4282736";"5,8314671"
"202000020332";"27";"4";"2020";"09:20";"1";"58";"58059";"2";"1";"1";"6";"3 Rue de Gerigny";"47,1794020";"3,0251460"
"202000020333";"26";"4";"2020";"14:30";"1";"40";"40243";"2";"4";"1";"6";"Avenue Frédéric Bastiat";"43,9344290";" -0,9224810"
"202000020334";"26";"4";"2020";"23:00";"3";"52";"52370";"1";"1";"1";"7";"route  communale ""crète haut de guillencourt""";"48,5058622";"5,2272163"
"202000020335";"27";"4";"2020";"13:15";"1";"38";"38052";"1";"1";"8";"6";"D1091";"45,1048000";"6,0080000"
"202000020336";"27";"4";"2020";"10:45";"1";"59";"59435";"1";"9";"1";"3";"4 Route de Tournai";"50,4971860";"3,2656910"
"202000020337";"26";"4";"2020";"15:55";"1";"13";"13055";"1";"1";"1";"6";"A507 sens Aubagne- Marseille";"43,3157928";"5,4225308"
"202000020338";"24";"4";"2020";"20:40";"3";"78";"78423";"1";"1";"1";"7";"RN12";"48,7962000";"2,0457000"
"202000020339";"26";"4";"2020";"20:30";"1";"92";"92078";"1";"1";"1";"7";"AUTOROUTE A86";"48,9274600";"2,3335300"
"202000020340";"25";"2";"2020";"08:49";"1";"95";"95680";"1";"1";"1";"4";"RD 970";"49,0099000";"2,4215000"
"202000020341";"25";"4";"2020";"19:05";"3";"971";"97101";"1";"1";"1";"6";"ROUTE DE CHAZEAU";"16,2959729";" -61,4760152"
"202000020342";"25";"4";"2020";"10:45";"1";"91";"91201";"2";"1";"1";"6";"HENRI BARBUSSE(BOULEVARD)";"48,6701200";"2,4144200"
"202000020343";"25";"4";"2020";"15:20";"1";"64";"64445";"2";"1";"7";"3";"Bd du Commandant Rene Mouchotte";"43,3053109";" -0,3285242"
"202000020344";"24";"4";"2020";"12:30";"1";"60";"60463";"2";"1";"1";"6";"DEMAGNEZ (RUE)";"49,2683000";"2,4700000"
"202000020345";"25";"4";"2020";"14:25";"1";"35";"35238";"1";"7";"1";"6";"Square des Hautes Ourmes";"48,0883800";" -1,6461200"
"202000020346";"25";"4";"2020";"17:25";"1";"33";"33281";"2";"3";"1";"3";"AVE PIERRE MENDES-FRANCE / PARKING JARDILAND";"44,8344000";" -0,6408000"
"202000020347";"25";"4";"2020";"19:00";"1";"29";"29039";"2";"2";"1";"1";"D322 - Rue de Trégunc";"47,8742600";" -3,9052300"
"202000020348";"25";"4";"2020";"11:45";"1";"27";"27681";"2";"3";"1";"6";"SOLEIL (RUE DU)";"49,0926400";"1,4848900"
"202000020349";"25";"4";"2020";"18:16";"1";"10";"10325";"2";"1";"1";"6";"PAUL VALERY (RUE)";"48,2674000";"4,0858000"
"202000020350";"25";"4";"2020";"12:50";"1";"94";"94017";"2";"1";"1";"2";"GABRIEL PERI (BD)";"48,8185600";"2,4999400"
"202000020351";"25";"4";"2020";"12:30";"1";"94";"94017";"2";"3";"1";"3";"MAXIME GORKI (AV)";"48,8179900";"2,4860200"
"202000020352";"25";"4";"2020";"17:40";"1";"93";"93005";"2";"1";"1";"6";"NONNEVILLE (AVENUE DE)";"48,9252210";"2,5047010"
"202000020353";"24";"4";"2020";"20:20";"2";"37";"37175";"1";"1";"1";"6";"D47";"47,5522308";"0,7869941"
"202000020354";"15";"3";"2020";"16:25";"1";"51";"51531";"1";"1";"1";"7";"D216";"48,7741550";"4,9006750"
"202000020355";"26";"4";"2020";"17:40";"1";"10";"10396";"1";"1";"1";"1";"Route de Troyes";"48,2288070";"3,9299830"
"202000020356";"26";"4";"2020";"00:15";"3";"57";"57226";"1";"1";"1";"7";"D59a";"49,3618060";"5,9575080"
"202000020357";"25";"4";"2020";"03:00";"3";"57";"57461";"1";"1";"1";"1";"D44bis";"48,6583120";"7,0335620"
"202000020358";"22";"4";"2020";"18:45";"1";"56";"56097";"1";"1";"1";"6";"Moulin de Plusquen";"47,7572360";" -3,0852340"
"202000020359";"24";"4";"2020";"21:45";"3";"71";"71161";"1";"1";"1";"7";"Rue le Chêne";"46,5966673";"3,9954432"
"202000020360";"26";"4";"2020";"07:15";"2";"46";"46024";"1";"1";"1";"7";"Lieu Dit Fontalba";"44,8898540";"1,8796720"
"202000020361";"25";"4";"2020";"16:05";"1";"25";"25213";"1";"1";"1";"7";"Le Bois Jeunet";"47,1946120";"6,8061750"
"202000020362";"25";"4";"2020";"20:40";"1";"72";"72022";"1";"1";"1";"3";"L'ARCHE";"47,7553800";" -0,1690200"
"202000020363";"24";"4";"2020";"17:15";"1";"04";"04088";"2";"1";"3";"2";"RD 16 - Av Claude Delorme";"43,9627290";"5,7902020"
"202000020364";"25";"4";"2020";"20:00";"2";"23";"23217";"1";"1";"3";"3";"d5";"45,9317820";"1,5407470"
"202000020365";"25";"4";"2020";"10:00";"1";"87";"87110";"1";"1";"1";"3";"D3";"45,9448760";"1,0230960"
"202000020366";"26";"4";"2020";"14:40";"1";"52";"52423";"1";"1";"1";"6";"D674";"48,2619410";"5,3511570"
"202000020367";"26";"4";"2020";"15:50";"1";"08";"08502";"2";"1";"1";"6";"Rue de la Rocaille";"49,5657480";"5,0136010"
"202000020368";"25";"4";"2020";"09:30";"1";"08";"08212";"1";"1";"1";"6";"route départementale 8043";"49,8296920";"4,5656990"
"202000020369";"24";"4";"2020";"18:30";"1";"06";"06088";"1";"1";"1";"1";"A8 - PK 186.000 chaussée sud";"43,6717210";"7,2014950"
"202000020370";"25";"4";"2020";"18:50";"5";"971";"97128";"1";"1";"1";"6";"Route de l'Escale";"16,2566120";" -61,4294130"
"202000020371";"26";"4";"2020";"16:00";"1";"77";"77126";"1";"1";"1";"1";"D121";"49,0137124";"2,9488313"
"202000020372";"8";"3";"2020";"13:40";"1";"84";"84141";"2";"1";"1";"2";"Allée Louis Montagnat";"43,9622490";"4,8990060"
"202000020373";"14";"4";"2020";"08:48";"1";"74";"74087";"2";"1";"1";"3";"691 Route d''Annemasse";"46,1323450";"6,3373680"
"202000020374";"25";"4";"2020";"23:05";"3";"42";"42124";"1";"1";"1";"6";"Route de Sallecroix";"45,3737661";"4,6900906"
"202000020375";"16";"4";"2020";"18:15";"1";"35";"35333";"1";"1";"1";"6";"Lieu Dit l'Epine";"47,9228130";" -1,4361940"
"202000020376";"25";"4";"2020";"10:45";"1";"33";"33192";"1";"1";"1";"6";"AUTOROUTE A 63";"44,7890500";" -0,6203000"
"202000020377";"24";"4";"2020";"17:25";"1";"93";"93066";"1";"1";"1";"2";"AUTOROUTE A1";"48,9147900";"2,3576500"
"202000020378";"23";"4";"2020";"17:20";"1";"988";"98818";"2";"3";"1";"3";"ROUTE DE L'ANSE VATA/RUE THOMY CELIERES";" -22,2960100";"166,4451800"
"202000020379";"23";"4";"2020";"16:10";"1";"974";"97416";"1";"1";"1";"6";"Route Nationale 3";" -21,3035500";"55,4997800"
"202000020380";"23";"4";"2020";"16:43";"1";"974";"97411";"2";"2";"1";"3";"LABOURDONNAIS";" -20,8766000";"55,4479000"
"202000020381";"23";"4";"2020";"19:35";"3";"972";"97213";"1";"1";"1";"1";"DEPARTEMENTALE 28";"14,6329030";" -60,9707200"
"202000020382";"24";"4";"2020";"10:55";"1";"972";"97209";"1";"1";"1";"3";"CHATEAUBOEUF (ROUTE DE)";"14,6176600";" -61,0466500"
"202000020383";"24";"4";"2020";"15:50";"1";"971";"97113";"2";"1";"1";"6";"AMEDE CLARA";"16,2055433";" -61,4925438"
"202000020384";"13";"4";"2020";"12:00";"1";"95";"95555";"2";"1";"1";"2";"FOCH (BOULEVARD DU MARECHAL)";"48,9647170";"2,2864770"
"202000020385";"24";"4";"2020";"13:15";"1";"91";"91549";"2";"1";"1";"3";"FERMES (RUE DES)";"48,6281850";"2,3432350"
"202000020386";"23";"4";"2020";"17:40";"1";"76";"76341";"1";"1";"1";"6";"RD 6015";"49,5047800";"0,1940800"
"202000020387";"24";"4";"2020";"02:10";"5";"67";"67482";"2";"3";"1";"7";"40 Rue Mathias Grünewald";"48,5664658";"7,7203336"
"202000020388";"21";"4";"2020";"18:39";"1";"64";"64483";"2";"1";"3";"1";"ASCAIN (ROUTE D')";"43,3775940";" -1,6377570"
"202000020389";"23";"4";"2020";"07:30";"2";"60";"60159";"2";"2";"1";"3";"AMEDEE BOUQUEREL";"49,4074500";"2,8266400"
"202000020390";"22";"2";"2020";"22:30";"5";"60";"60057";"2";"1";"1";"2";"WAGE (RUE DU)";"49,4270500";"2,0951600"
"202000020391";"22";"4";"2020";"12:55";"1";"49";"49328";"1";"2";"1";"3";"VERRIE D 161 (ROUTE DE)";"47,2722000";" -0,1278500"
"202000020392";"23";"4";"2020";"21:42";"5";"45";"45208";"2";"1";"1";"7";"Rue du Faubourg de la Chaussee";"47,9979900";"2,7415900"
"202000020393";"24";"4";"2020";"08:45";"1";"38";"38169";"2";"2";"1";"3";"Rue Engels";"45,1986300";"5,6852100"
"202000020394";"24";"4";"2020";"15:00";"1";"34";"34172";"2";"3";"1";"3";"LODEVE (ROUTE DE)";"43,6146800";"3,8297800"
"202000020395";"24";"4";"2020";"15:20";"1";"33";"33063";"1";"9";"1";"6";"BD ALIENOR D'AQUITAINE";"44,8784300";" -0,5632300"
"202000020396";"13";"3";"2020";"17:55";"1";"33";"33063";"2";"3";"1";"6";"RUE D'ARMAGNAC / RUE DU TRI POSTAL";"44,8214700";" -0,5522300"
"202000020397";"23";"4";"2020";"16:40";"1";"31";"31555";"2";"1";"1";"4";"ZAY (AV JEAN) DU 11AU 49";"43,6494800";"1,4309800"
"202000020398";"26";"2";"2020";"10:05";"1";"29";"29019";"2";"1";"7";"6";"Avenue Victor le Gorgeu";"48,4014330";" -4,5013400"
"202000020399";"21";"1";"2020";"08:00";"2";"77";"77243";"2";"1";"8";"6";"CAVALLO PEDUZZI (RUE)";"48,8697100";"2,7082800"
"202000020400";"20";"1";"2020";"07:32";"1";"76";"76497";"1";"1";"1";"6";"VOIE RAPIDE SUD 3 (RN 338)";"49,3805000";"1,0484500"
"202000020401";"17";"1";"2020";"17:00";"1";"76";"76575";"2";"2";"1";"3";"CPAM (RUE LAZARE CARNOT)";"49,3796394";"1,1076450"
"202000020402";"20";"1";"2020";"16:50";"1";"74";"74012";"2";"1";"1";" -1";"AMOUREUX (RUE DES)";"46,1910000";"6,2361090"
"202000020403";"20";"1";"2020";"18:20";"5";"71";"71306";"2";"4";"1";"1";"Rue Jean Didier";"46,6562470";"4,3498119"
"202000020404";"21";"1";"2020";"16:00";"1";"69";"69275";"2";"1";"1";"2";"JEAN JAURES                         (AV)";"45,7718900";"4,9780100"
"202000020405";"20";"1";"2020";"06:00";"5";"69";"69275";"2";"3";"1";"3";"CHARLES DE GAULLE                   (BD)";"45,7472600";"4,9365400"
"202000020406";"20";"1";"2020";"21:30";"3";"67";"67218";"1";"1";"1";"6";"RHIN (ROUTE DU)";"48,5050600";"7,7312900"
"202000020407";"20";"1";"2020";"09:00";"1";"67";"67482";"2";"1";"1";" -1";"LIVIO (RUE)";"48,5522147";"7,7403255"
"202000020408";"21";"1";"2020";"09:02";"1";"66";"66136";"2";"1";"1";"4";"PRADES (AVENUE DE)";"42,6895600";"2,8318400"
"202000020409";"18";"1";"2020";"10:20";"1";"66";"66136";"2";"2";"1";"3";"THENARD";"42,6756800";"2,8442600"
"202000020410";"21";"1";"2020";"21:00";"3";"65";"65286";"1";"1";"1";"6";"VIZENS (AVENUE DE)";"43,1007100";" -0,0726880"
"202000020411";"20";"1";"2020";"18:25";"5";"64";"64102";"2";"1";"1";"3";"HENRI DE NAVARRE (AVENUE)";"43,5117000";" -1,4402000"
"202000020412";"20";"1";"2020";"16:05";"1";"64";"64102";"2";"1";"1";"7";"MAUBEC (RUE)";"43,4970100";" -1,4683600"
"202000020413";"20";"1";"2020";"15:38";"1";"63";"63113";"2";"1";"1";"2";"FRANCE (RUE ANATOLE)";"45,7784300";"3,1096900"
"202000020414";"21";"1";"2020";"15:45";"1";"60";"60057";"2";"1";"7";"6";"VERLAINE PAUL (RUE)";"49,4151264";"2,0724946"
"202000020415";"17";"1";"2020";"08:20";"2";"59";"59512";"2";"1";"1";"6";"MONTGOLFIER (RUE)";"50,6810000";"3,1852400"
"202000020416";"21";"1";"2020";"19:10";"5";"59";"59392";"2";"2";"1";"6";"FRANKLIN ROOSEVELT (AVENUE)";"50,2791050";"3,9711650"
"202000020417";"17";"1";"2020";"19:15";"5";"59";"59009";"2";"1";"1";"6";"FLANDRE AVENUEE DE";"50,6644200";"3,1456700"
"202000020418";"17";"1";"2020";"18:58";"5";"57";"57019";"2";"1";"1";"7";"ROMAINS (RUE DES)";"49,2613200";"6,1421700"
"202000020419";"20";"1";"2020";"17:20";"1";"56";"56121";"2";"3";"1";"3";"GUIEYSSE (RUE  PAUL )";"47,7576828";" -3,3728001"
"202000020420";"20";"1";"2020";"14:05";"1";"56";"56121";"2";"6";"7";"6";"KERGROISE ( AVE DE )";"47,7357900";" -3,3655200"
"202000020421";"20";"1";"2020";"17:10";"2";"54";"54274";"2";"2";"1";"1";"OPALINSKA (rue Catherine)";"48,6659250";"6,1976740"
"202000020422";"20";"1";"2020";"09:00";"1";"51";"51493";"2";"1";"8";"7";"Boulevard du Val de Vesle";"49,2226571";"4,1031969"
"202000020423";"20";"1";"2020";"16:20";"1";"49";"49020";"2";"1";"1";"7";"PATTON AVENUE";"47,4731300";" -0,6022200"
"202000020424";"20";"1";"2020";"14:07";"1";"49";"49007";"2";"1";"1";" -1";"ATLANTIQUE  AVENUE DE L'";"47,4695000";" -0,5942900"
"202000020425";"20";"1";"2020";"08:26";"1";"49";"49007";"2";"1";"1";"6";"DUNANT BOULEVARD";"47,4833500";" -0,5265900"
"202000020426";"21";"1";"2020";"08:50";"1";"45";"45286";"2";"3";"1";"3";"Rue des Epiceas - Rue de rosette";"47,8903500";"1,9412100"
"202000020427";"20";"1";"2020";"12:33";"1";"45";"45285";"2";"1";"1";"2";"Rue Charles Beauhaire";"47,9139400";"1,8716600"
"202000020428";"20";"1";"2020";"17:40";"5";"44";"44184";"2";"1";"1";"6";"BOULEVARD PIERRE DE COUBERTIN";"47,2734256";" -2,2320333"
"202000020429";"21";"1";"2020";"22:15";"5";"44";"44109";"2";"1";"1";"3";"BOULEVARD ROBERT SCHUMAN";"47,2360541";" -1,5681985"
"202000020430";"17";"1";"2020";"18:20";"2";"40";"40281";"1";"1";"1";"5";"ROCADE SUD (RD 824)";"43,8660000";" -0,5016800"
"202000020431";"21";"1";"2020";"21:10";"5";"35";"35238";"2";"2";"1";"3";"MAGENTA (BD)";"48,1069200";" -1,6743800"
"202000020432";"21";"1";"2020";"19:15";"5";"35";"35238";"2";"2";"1";"3";"BOURGEOIS (BOULEVARD LEON)";"48,0980700";" -1,6556100"
"202000020433";"21";"1";"2020";"14:30";"1";"35";"35238";"2";"2";"1";"3";"RICHEPIN (JEAN)";"48,1232600";" -1,6627900"
"202000020434";"21";"1";"2020";"08:20";"4";"35";"35238";"2";"1";"1";"6";"CANADA (AVENUE DU)";"48,0878800";" -1,6821400"
"202000020435";"21";"1";"2020";"17:00";"1";"34";"34172";"2";"1";"8";"6";"ANTIGONE (BOULEVARD D')";"43,6091880";"3,8882560"
"202000020436";"21";"1";"2020";"13:40";"1";"33";"33318";"2";"2";"1";"3";"RUE DE FRANCE / RUE DES GRAVIERES";"44,7925000";" -0,6672600"
"202000020437";"21";"1";"2020";"14:00";"1";"33";"33529";"1";"6";"1";"2";"RD112 AV ST-EXUPERY / RN 250";"44,6169800";" -1,1381900"
"202000020438";"21";"1";"2020";"09:40";"1";"27";"27681";"2";"1";"1";"6";"ROUEN (AVENUE DE)";"49,0997030";"1,4735000"
"202000020439";"20";"1";"2020";"13:45";"1";"19";"19031";"2";"6";"1";"3";"DUBAYLE (RUE ANTOINE)";"45,1427700";"1,4912500"
"202000020440";"20";"1";"2020";"10:40";"1";"19";"19031";"2";"2";"1";"3";"JAURES (AVENUE JEAN)";"45,1541400";"1,5299100"
"202000020441";"20";"1";"2020";"04:10";"5";"18";"18033";"2";"5";"1";"3";"SANTOS-DUMONT (BOULEVARD)";"47,0712800";"2,3885300"
"202000020442";"21";"1";"2020";"07:25";"5";"16";"16015";"2";"1";"1";"6";"3 Boulevard Denfert Rochereau";"45,6491780";"0,1750710"
"202000020443";"21";"1";"2020";"18:00";"2";"14";"14341";"2";"1";"1";"3";"ECHANGEUR N° 12 ( IFS )";"49,1470200";" -0,3483800"
"202000020444";"22";"1";"2020";"00:05";"4";"13";"13214";"2";"1";"1";"6";"BESSONS (CHEMIN DES)";"43,3408401";"5,3916210"
"202000020445";"21";"1";"2020";"19:15";"5";"13";"13002";"2";"3";"1";"3";"JEAN GIONO (AVENUE)";"43,3340800";"5,4806100"
"202000020446";"21";"1";"2020";"19:55";"5";"13";"13205";"2";"1";"1";"3";"SAKAKINI (BOULEVARD)";"43,2927100";"5,4014030"
"202000020447";"21";"1";"2020";"06:00";"5";"13";"13203";"2";"9";"1";"6";"KLEBER (RUE)";"43,3074600";"5,3746060"