"Num_Acc";"jour";"mois";"an";"hrmn";"lum";"dep";"com";"agg";"int";"atm";"col";"adr";"lat";"long"
"202000020448";"20";"1";"2020";"11:45";"1";"13";"13212";"2";"1";"1";"3";"CAILLOLS (AVENUE DES)";"43,3038870";"5,4362080"
"202000020449";"20";"1";"2020";"23:30";"5";"13";"13212";"2";"1";"1";"6";"WILLIAM BOOTH (AVENUE)";"43,2945840";"5,4430620"
"202000020450";"20";"1";"2020";"15:15";"1";"13";"13202";"2";"2";"1";"3";"PEYSONNEL (RUE)";"43,3153800";"5,3681600"
"202000020451";"20";"1";"2020";"11:30";"1";"13";"13210";"2";"7";"8";"3";"GÉNÉRAL FERRIE (PLACE)";"43,2775880";"5,3991960"
"202000020452";"21";"1";"2020";"15:30";"1";"09";"09122";"2";"1";"1";"7";"FAURE (COURS GABRIEL)";"42,9637610";"1,6057700"
"202000020453";"20";"1";"2020";"09:00";"1";"08";"08298";"2";"1";"4";"3";"MABILLE E.";"49,7918300";"4,7413700"
"202000020454";"21";"1";"2020";"07:25";"2";"06";"06088";"2";"2";"8";"6";"TURIN (RTE DE)";"43,7143900";"7,2842400"
"202000020455";"21";"1";"2020";"19:15";"5";"06";"06069";"2";"1";"1";"3";"DE LATTRE DE TASSIGNY (AVENUE DU MARECHA";"43,6479000";"6,9275000"
"202000020456";"21";"1";"2020";"07:54";"2";"06";"06069";"2";"3";"1";"3";"POMPIDOU (AVENUE GEORGES) -RD 6085";"43,6474700";"6,9363100"
"202000020457";"13";"1";"2020";"08:10";"2";"06";"06004";"2";"1";"4";"6";"CISTES RUE ET CARREFOUR DES";"43,6115100";"7,0700000"
"202000020458";"18";"1";"2020";"01:00";"4";"05";"05061";"2";"6";"9";"6";"FRANCOIS MITTERAND (AVENUE)";"44,5454411";"6,0629310"
"202000020459";"21";"1";"2020";"11:25";"1";"75";"75116";"2";"4";"1";"2";"BD PERIPHERIQUE INTERIEUR";"48,8369344";"2,2554454"
"202000020460";"20";"1";"2020";"13:50";"1";"75";"75120";"2";"1";"1";"3";"BD PERIPHERIQUE EXTERIEUR";"48,8705630";"2,4134560"
"202000020461";"21";"1";"2020";"09:13";"1";"75";"75112";"2";"1";"1";"6";"QUAI DE BERCY";"48,8374545";"2,3777396"
"202000020462";"20";"1";"2020";"13:20";"1";"75";"75114";"2";"1";"1";"6";"RUE RAYMOND LOSSERAND";"48,8333400";"2,3169750"
"202000020463";"21";"1";"2020";"10:40";"1";"75";"75106";"2";"7";"1";"2";"PLACE DU DIX HUIT JUIN 1940";"48,8440360";"2,3233680"
"202000020464";"21";"1";"2020";"10:00";"1";"75";"75120";"2";"2";"1";"3";"RUE PELLEPORT";"48,8646848";"2,4041377"
"202000020465";"21";"1";"2020";"16:30";"1";"75";"75119";"2";"1";"1";"3";"AVENUE DE LA PORTE DE PANTIN";"48,8902380";"2,3980020"
"202000020466";"21";"1";"2020";"15:55";"1";"75";"75117";"2";"1";"1";"6";"BOULEVARD MALESHERBES";"48,8891700";"2,3041700"
"202000020467";"21";"1";"2020";"15:30";"1";"75";"75117";"2";"2";"1";"3";"AVENUE DES TERNES";"48,8799870";"2,2883960"
"202000020468";"20";"1";"2020";"14:00";"1";"75";"75117";"2";"4";"1";"3";"BOULEVARD PERSHING";"48,8818462";"2,2855653"
"202000020469";"21";"1";"2020";"14:45";"1";"75";"75116";"2";"1";"1";"6";"AVENUE FOCH";"48,8724496";"2,2831044"
"202000020470";"21";"1";"2020";"01:45";"5";"75";"75116";"2";"1";"1";"1";"AVENUE KLEBER";"48,8660920";"2,2894640"
"202000020471";"21";"1";"2020";"15:15";"1";"75";"75114";"2";"7";"1";"3";"PLACE DE CATALOGNE";"48,8372487";"2,3187624"
"202000020472";"21";"1";"2020";"08:05";"1";"75";"75112";"2";"1";"1";"3";"BOULEVARD PONIATOWSKI";"48,8290620";"2,3897400"
"202000020473";"20";"1";"2020";"13:25";"1";"75";"75111";"2";"1";"1";"6";"RUE DU FAUBOURG SAINT ANTOINE";"48,8517660";"2,3742620"
"202000020474";"21";"1";"2020";"10:45";"1";"75";"75108";"2";"2";"1";"3";"AVENUE FRANKLIN D ROOSEVELT";"48,8705410";"2,3100360"
"202000020475";"21";"1";"2020";"09:45";"1";"75";"75108";"2";"3";"1";"2";"RUE DE BERRI";"48,8714521";"2,3023577"
"202000020476";"21";"1";"2020";"08:20";"2";"94";"94078";"2";"1";"9";"7";"CHOISY (AV DE)";"48,7375600";"2,4461000"
"202000020477";"20";"1";"2020";"17:20";"5";"94";"94068";"2";"1";"1";"1";"MARECHAL LYAUTEY (AV DU)";"48,7909100";"2,4867810"
"202000020478";"21";"1";"2020";"14:35";"1";"94";"94076";"2";"1";"1";"2";"VERDUN (R DE)";"48,7907500";"2,3532500"
"202000020479";"20";"1";"2020";"21:50";"3";"94";"94076";"2";"1";"1";" -1";"PARIS (AV DE)";"48,8060800";"2,3640000"
"202000020480";"20";"1";"2020";"07:30";"2";"94";"94076";"2";"1";"1";"6";"CHASTENET DE GERY (BD)";"48,8079800";"2,3572510"
"202000020481";"21";"1";"2020";"09:10";"1";"94";"94054";"2";"2";"1";"3";"PAUL VAILLANT COUTURIER (R)";"48,7450000";"2,4001000"
"202000020482";"21";"1";"2020";"12:00";"1";"93";"93078";"2";"9";"1";"6";"CLEMENCEAU (AVENUE GEORGES)";"48,9535419";"2,5625991"
"202000020483";"21";"1";"2020";"09:30";"1";"93";"93073";"1";"4";"1";"2";"RTE DE LA CROIX AU PLATRE";"48,9838000";"2,5413400"
"202000020484";"21";"1";"2020";"17:00";"2";"93";"93070";"2";"9";"1";"3";"SEINE (QUAI DE)";"48,9147500";"2,3195700"
"202000020485";"20";"1";"2020";"13:23";"1";"93";"93077";"2";"1";"1";"3";"AV DE ROSNY";"48,8852400";"2,5037500"
"202000020486";"21";"1";"2020";"18:40";"5";"93";"93053";"2";"3";"1";"5";"PARIS (RUE DE)";"48,9022338";"2,4621472"
"202000020487";"20";"1";"2020";"22:50";"5";"93";"93051";"2";"4";"1";"6";"QUATRE SAISONS";"48,8474297";"2,5491666"
"202000020488";"21";"1";"2020";"17:00";"1";"93";"93048";"2";"1";"1";"6";"CLOS FRANCAIS (RUE DES)";"48,8655000";"2,4321000"
"202000020489";"20";"1";"2020";"08:20";"1";"93";"93063";"2";"9";"1";"6";"ARAGO RUE";"48,8738188";"2,4383268"
"202000020490";"21";"1";"2020";"09:20";"1";"93";"93031";"2";"1";"1";"3";"AV DE LA REPUBLIQUE";"48,9495766";"2,3309240"
"202000020491";"21";"1";"2020";"12:45";"1";"93";"93013";"2";"3";"1";"3";"ROLLAND (RUE DU CDT)";"48,9330900";"2,4284200"
"202000020492";"21";"1";"2020";"21:10";"5";"93";"93007";"2";"4";"1";"6";"""PAUL VAILLANT COUTURIER (AVENUE """"DU 13";"48,9294062";"2,4801400"
"202000020493";"20";"1";"2020";"10:10";"1";"92";"92075";"2";"1";"1";"1";"LARMEROUX (RUE)";"48,8170000";"2,2814000"
"202000020494";"20";"1";"2020";"18:00";"5";"92";"92077";"2";"1";"1";"2";"SEVRES (RUE DE)";"48,8261000";"2,1957000"
"202000020495";"20";"1";"2020";"13:50";"1";"92";"92064";"2";"9";"1";"6";"GEORGES CLEMENCEAU";"48,8416500";"2,2219120"
"202000020496";"20";"1";"2020";"12:00";"1";"92";"92050";"2";"2";"1";"3";"ACACIAS RUE DES";"48,9013200";"2,1923100"
"202000020497";"19";"1";"2020";"22:10";"5";"92";"92036";"2";"1";"1";"2";"PRINCIPALE DU PORT (ROUTE) (1/17)";"48,9411590";"2,2961750"
"202000020498";"20";"1";"2020";"16:25";"1";"92";"92036";"2";"2";"1";"3";"HENRI BARBUSSE (RUE) (1/35)/ RUE HENRI BARBUSSE";"48,9212000";"2,2993900"
"202000020499";"20";"1";"2020";"19:50";"2";"92";"92025";"2";"2";"1";"3";"STALINGRAD (AV DE)";"48,9357392";"2,2606301"
"202000020500";"20";"1";"2020";"17:30";"2";"50";"50493";"1";"1";"1";"6";"12 Contour Ambroise Paré";"48,8382700";" -1,4629560"
"202000020501";"19";"1";"2020";"17:10";"2";"47";"47100";"1";"1";"1";"1";"N21";"44,2502680";"0,6509420"
"202000020502";"20";"1";"2020";"09:35";"1";"08";"08403";"2";"1";"9";"1";"Rue Georges Hachon";"49,4942780";"4,3632020"
"202000020503";"22";"1";"2020";"08:06";"2";"31";"31022";"2";"1";"2";"6";"20 Avenue des Pins";"43,6744700";"1,4251850"
"202000020504";"21";"1";"2020";"09:40";"1";"14";"14027";"1";"1";"1";"1";"Lieu Dit le Petit Hamel";"49,0199523";" -0,6461763"
"202000020505";"21";"1";"2020";"15:50";"2";"51";"51486";"1";"1";"7";"2";"D19";"49,1550016";"4,4055134"
"202000020506";"11";"1";"2020";"11:45";"1";"971";"97109";"2";"3";"2";"2";"80 Route des Marsouins";"16,0014920";" -61,6967730"
"202000020507";"20";"1";"2020";"17:05";"1";"971";"97132";"1";"4";"1";"2";"Sapotille";"15,9877550";" -61,6178730"
"202000020508";"22";"1";"2020";"14:25";"1";"72";"72058";"1";"1";"1";"1";"La Poire Tapee";"47,9594180";"0,3027950"
"202000020509";"21";"1";"2020";"15:40";"1";"34";"34077";"1";"1";"1";"1";"boulevard de l'Auriol RD65";"43,6506210";"3,8835440"
"202000020510";"21";"1";"2020";"08:00";"1";"81";"81120";"2";"6";"1";"6";"Avenue Francois Mitterrand";"43,5402600";"2,2642860"
"202000020511";"22";"1";"2020";"15:45";"1";"89";"89391";"1";"1";"1";"1";"D976";"48,3657160";"3,2330700"
"202000020512";"21";"1";"2020";"10:15";"1";"49";"49043";"1";"1";"1";"6";"D101";"47,5940960";" -0,7498280"
"202000020513";"22";"1";"2020";"07:55";"2";"49";"49331";"1";"1";"8";"5";"N162";"47,7041880";" -0,7091760"
"202000020514";"21";"1";"2020";"17:20";"1";"49";"49211";"1";"2";"1";"1";"intersection VC8 et D120";"47,1890420";" -0,5263140"
"202000020515";"20";"1";"2020";"07:30";"2";"35";"35040";"1";"1";"1";"2";"Route de l'abbaye";"48,1336730";" -1,9395640"
"202000020516";"19";"1";"2020";"17:20";"2";"29";"29160";"2";"1";"7";"6";"58 Rue Marechal Leclerc";"48,5060710";" -4,4209680"
"202000020517";"22";"1";"2020";"07:15";"2";"54";"54415";"1";"1";"1";"4";"D952";"48,9987860";"6,0353350"
"202000020518";"21";"1";"2020";"23:40";"3";"60";"60191";"1";"1";"5";"1";"D1017";"49,5589980";"2,6987453"
"202000020519";"21";"1";"2020";"07:45";"2";"40";"40046";"2";"2";"1";"3";"Avenue de la Judée";"44,3891650";" -1,1650580"
"202000020520";"21";"1";"2020";"20:05";"3";"24";"24460";"1";"1";"1";"5";"Les Bigoussies";"45,2512200";"0,4032040"
"202000020521";"22";"1";"2020";"08:00";"2";"85";"85288";"2";"1";"1";"6";"403 Avenue de Luçon";"46,4649900";" -1,6066800"
"202000020522";"22";"1";"2020";"07:30";"5";"27";"27056";"2";"7";"1";"6";"51 Rue Alphonse Assegond";"49,0879050";"0,5923000"
"202000020523";"22";"1";"2020";"13:25";"1";"28";"28236";"1";"1";"1";"7";"169 La Herperie";"48,3467700";"0,8858850"
"202000020524";"21";"1";"2020";"13:10";"1";"37";"37111";"1";"1";"1";"6";"Mertier";"47,1348040";"1,0986269"
"202000020525";"21";"1";"2020";"06:55";"3";"49";"49218";"1";"1";"1";"1";"RD 752";"47,2567320";" -1,0219390"
"202000020526";"22";"1";"2020";"19:05";"3";"03";"03118";"1";"1";"1";"2";"A71";"46,1083008";"3,1383884"
"202000020527";"22";"1";"2020";"11:45";"1";"31";"31451";"1";"1";"3";"3";"Route de Castelnaudary";"43,4497800";"1,9718100"
"202000020528";"16";"1";"2020";"12:05";"1";"74";"74081";"2";"6";"1";"1";"Avenue des Lacs";"46,0714090";"6,5567870"
"202000020529";"20";"1";"2020";"16:36";"1";"49";"49007";"1";"1";"1";"5";"A11";"47,4920670";" -0,5308530"
"202000020530";"21";"1";"2020";"19:00";"3";"988";"98825";"1";"1";"1";"7";"Route de la Presqu'ile";" -21,1209440";"164,9504740"
"202000020531";"18";"1";"2020";"18:50";"2";"973";"97304";"1";"1";"1";"3";"RN1 PK 50+200";"5,1100664";" -52,6406408"
"202000020532";"22";"1";"2020";"12:40";"1";"29";"29233";"2";"1";"1";" -1";"D765 - Rue de Quimper";"47,8725512";" -3,5467552"
"202000020533";"17";"1";"2020";"08:50";"1";"91";"91041";"1";"1";"2";"2";"Route Nationale 20";"48,5735870";"2,2353910"
"202000020534";"20";"1";"2020";"23:06";"3";"91";"91148";"2";"1";"1";"6";"31 Grande Rue";"48,5034530";"2,1687830"
"202000020535";"22";"1";"2020";"09:30";"1";"2A";"2A247";"1";"2";"1";"3";"RT 10";"41,6398860";"9,2946480"
"202000020536";"22";"1";"2020";"08:37";"1";"83";"83106";"1";"9";"8";"1";"Fray Redon";"43,3164120";"6,0754020"
"202000020537";"21";"1";"2020";"17:05";"2";"52";"52269";"2";"1";"1";"6";"Rue Vernier et Collot";"47,8447670";"5,3316150"
"202000020538";"18";"1";"2020";"20:25";"5";"73";"73213";"2";"1";"1";"3";"Route de Barby";"45,5714690";"5,9606990"
"202000020539";"21";"1";"2020";"10:30";"1";"38";"38382";"2";"4";"1";"3";"Rue de la Biolle";"45,2387790";"5,6676040"
"202000020540";"21";"1";"2020";"18:45";"5";"85";"85222";"2";"1";"1";"6";"31 Quai du Port Fidèle";"46,6949250";" -1,9336530"
"202000020541";"6";"1";"2020";"07:15";"3";"49";"49301";"1";"3";"1";"1";"Les Douinières";"47,1268300";" -1,0382110"
"202000020542";"21";"1";"2020";"21:20";"5";"60";"60612";"2";"1";"9";"6";"12 Rue du Moulin Saint-rieul";"49,2097380";"2,5868260"
"202000020543";"20";"1";"2020";"09:00";"1";"13";"13055";"2";"1";"1";"2";"A507 sens Marseille - Aubagne";"43,2860170";"5,4254370"
"202000020544";"13";"1";"2020";"02:20";"5";"69";"69199";"1";"1";"1";"3";"A7";"45,6869490";"4,8463410"
"202000020545";"17";"1";"2020";"23:55";"3";"01";"01249";"1";"1";"1";"4";"A42   6.290 A 8.310";"45,8152360";"4,9622770"
"202000020546";"16";"1";"2020";"17:55";"3";"69";"69297";"1";"1";"1";"5";"A7   ";"45,6075689";"4,8026546"
"202000020547";"20";"1";"2020";"06:00";"3";"69";"69256";"1";"1";"1";"2";"RN 346 ";"45,7961861";"4,9445686"
"202000020548";"16";"1";"2020";"13:30";"1";"67";"67389";"1";"1";"1";"2";"Autoroute A4";"48,6521418";"7,7355545"
"202000020549";"21";"1";"2020";"17:45";"2";"94";"94038";"1";"1";"1";"2";"AUTOROUTE A6A";"48,7876500";"2,3452000"
"202000020550";"21";"1";"2020";"08:00";"1";"78";"78126";"1";"1";"1";"2";"A13";"48,8393550";"2,1190480"
"202000020551";"21";"1";"2020";"07:20";"3";"78";"78423";"1";"1";"1";"3";"RN12";"48,7943720";"2,0500560"
"202000020552";"20";"1";"2020";"20:35";"3";"92";"92036";"1";"1";"1";"2";"RN315 Y";"48,9309388";"2,3022420"
"202000020553";"18";"1";"2020";"04:30";"5";"78";"78133";"1";"1";"1";"2";"A13";"48,8890000";"2,0107800"
"202000020554";"20";"1";"2020";"07:18";"3";"93";"93013";"1";"1";"1";"4";"AUTOROUTE A1";"48,9413200";"2,4269500"
"202000020555";"19";"1";"2020";"15:45";"1";"93";"93005";"1";"1";"1";"2";"AUTOROUTE A1";"48,9605600";"2,4679600"
"202000020556";"19";"1";"2020";"08:30";"1";"93";"93066";"1";"1";"1";"4";"AUTOROUTE A1";"48,9359500";"2,3721900"
"202000020557";"21";"1";"2020";"10:00";"1";"94";"94033";"1";"1";"1";"3";"A86.EXT";"48,8542300";"2,4888200"
"202000020558";"21";"1";"2020";"08:50";"1";"94";"94022";"1";"1";"1";"3";"A86 INT";"48,7763087";"2,4242660"
"202000020559";"20";"1";"2020";"11:15";"1";"77";"77055";"1";"1";"1";"2";"A104.EXT";"48,9016285";"2,6509328"
"202000020560";"19";"1";"2020";"15:30";"1";"94";"94034";"2";"3";"1";"1";"JEAN JAURES (BD)";"48,7543300";"2,3145100"
"202000020561";"20";"1";"2020";"09:05";"1";"974";"97411";"1";"1";"8";"4";"Boulevard Jean Jaures";" -20,8885220";"55,4451280"
"202000020562";"20";"1";"2020";"09:20";"1";"974";"97411";"1";"1";"8";"2";"JAURES (BOULEVARD JEAN)";" -20,8872000";"55,4405000"
"202000020563";"20";"1";"2020";"18:33";"1";"973";"97302";"2";"1";"1";"3";"MORTIN (CITE)";"4,9161107";" -52,3266041"
"202000020564";"20";"1";"2020";"18:30";"2";"69";"69383";"2";"1";"2";"2";"GAMBETTA                            (CO)";"45,7527972";"4,8504156"
"202000020565";"20";"1";"2020";"08:35";"1";"69";"69387";"2";"2";"1";"6";"BERTHELOT                           (AV)";"45,7451500";"4,8419700"
"202000020566";"20";"1";"2020";"08:10";"1";"972";"97213";"2";"3";"1";"1";"ROUTE DEPARTEMENTALE 15";"14,6262500";" -61,0079200"
"202000020567";"19";"1";"2020";"20:00";"5";"972";"97213";"1";"9";"1";"4";"AUTOROUTE A1";"14,6180000";" -61,0340000"
"202000020568";"20";"1";"2020";"00:35";"5";"971";"97113";"1";"1";"1";"1";"SECTION DUNOYER";"16,2081000";" -61,4646000"
"202000020569";"20";"1";"2020";"08:15";"1";"95";"95277";"2";"1";"8";"3";"SOUVENIR FRANCAIS (PLACE DU)";"48,9926900";"2,4548920"
"202000020570";"20";"1";"2020";"11:50";"1";"91";"91174";"2";"1";"7";"6";"Général De Gaulle";"48,6154970";"2,4589350"
"202000020571";"20";"1";"2020";"07:59";"1";"91";"91347";"2";"2";"1";"3";"TEMPLIERS (ROUTE DES)";"48,6442400";"2,2816000"
"202000020572";"18";"1";"2020";"02:35";"5";"86";"86194";"2";"1";"1";"1";"Voie André Malraux";"46,5835900";"0,3568800"
"202000020573";"18";"1";"2020";"21:44";"5";"86";"86194";"2";"1";"1";"7";"Pace Jean de Berry";"46,5905600";"0,3404400"
"202000020574";"19";"1";"2020";"05:25";"5";"84";"84007";"2";"1";"1";"6";"LYON (route de )";"43,9530400";"4,8308900"
"202000020575";"19";"1";"2020";"07:10";"3";"80";"80164";"1";"1";"2";"7";"CORBIE (ROUTE)";"49,9012100";"2,3443600"
"202000020576";"17";"1";"2020";"15:35";"1";"80";"80021";"2";"1";"1";"6";"AMIRAL LEJEUNE (RUE DE L')";"49,8929200";"2,2912100"
"202000020577";"20";"1";"2020";"15:40";"1";"77";"77513";"2";"1";"1";"6";"PARIS (CHAUSSEE DE) - D603";"48,9555800";"2,8658300"
"202000020578";"16";"1";"2020";"19:45";"5";"76";"76575";"2";"1";"1";"6";"rue de l'universite,MADRILLET. PARC TECHNOLOGIQUE DU";"49,3852200";"1,0748300"
"202000020579";"18";"1";"2020";"14:30";"1";"76";"76351";"2";"4";"1";"3";"VERDUN (RUE DE)";"49,5022494";"0,1866872"
"202000020580";"11";"1";"2020";"23:30";"5";"76";"76217";"2";"2";"1";"1";"REPUBLIQUE (AVENUE DE LA)";"49,9245850";"1,1038150"
"202000020581";"20";"1";"2020";"13:20";"1";"73";"73065";"2";"1";"7";"6";"CLEMENCEAU GEORGES (AVENUE)";"45,5624864";"5,9050764"
"202000020582";"16";"1";"2020";"18:52";"5";"71";"71153";"2";"9";"1";"3";"Rue des Prés";"46,8055100";"4,4572600"
"202000020583";"19";"1";"2020";"09:10";"1";"67";"67482";"2";"1";"1";"6";"HOCHFELDEN (RUE DE)";"48,5982500";"7,7257200"
"202000020584";"17";"1";"2020";"07:55";"2";"67";"67482";"2";"1";"1";"3";"BRUMATH (ROUTE DE)";"48,5971830";"7,7411110"
"202000020585";"17";"1";"2020";"18:40";"1";"66";"66136";"1";"1";"1";"3";"N/A";"42,6746250";"2,8643850"
"202000020586";"18";"1";"2020";"14:00";"1";"66";"66136";"2";"1";"1";" -1";"SCHMID";"42,6826300";"2,8858800"
"202000020587";"20";"1";"2020";"11:10";"1";"64";"64269";"1";"6";"1";"3";"TARBES DE";"43,2992000";" -0,3072000"
"202000020588";"20";"1";"2020";"12:35";"1";"64";"64102";"2";"1";"1";"3";"BARTHES (CHEMIN DES)";"43,4941500";" -1,4947000"
"202000020589";"20";"1";"2020";"11:47";"1";"64";"64140";"2";"1";"1";"7";"BRAMARIE (RUE RAOUL)";"43,5166200";" -1,4864100"
"202000020590";"20";"1";"2020";"08:40";"1";"64";"64102";"2";"1";"1";"6";"ARITXAGUE (BD D')";"43,4768500";" -1,4900300"
"202000020591";"19";"1";"2020";"11:00";"1";"63";"63032";"2";"2";"1";"2";"EUROPE (AVENUE DE L')";"45,7549396";"3,0968648"
"202000020592";"17";"1";"2020";"08:18";"1";"63";"63075";"2";"1";"1";"3";"CLAUSSAT (AVENUE JOSEPH)";"45,7827995";"3,0629164"
"202000020593";"18";"1";"2020";"21:15";"5";"63";"63113";"2";"1";"1";"2";"VERCINGETORIX (AVENUE)";"45,7735500";"3,0868400"
"202000020594";"11";"7";"2020";"07:45";"1";"77";"77146";"1";"9";"1";"2";"SOUBRIARDE (AVENUE DE LA) - D10P";"48,8312341";"2,6428900"
"202000020595";"9";"7";"2020";"12:25";"1";"74";"74133";"2";"2";"1";"3";"VIGNES (RUE DES)";"46,1886000";"6,2156400"
"202000020596";"11";"7";"2020";"16:11";"1";"67";"67462";"2";"6";"1";"3";"MAISON ROUGE (CARREFOUR)";"48,2760800";"7,4627400"
"202000020597";"7";"7";"2020";"08:40";"1";"67";"67180";"1";"1";"1";"4";"RD 1340";"48,7934940";"7,7509866"
"202000020598";"12";"7";"2020";"00:00";"5";"64";"64122";"2";"1";"1";"7";"IMPERATRICE (AVENUE DE L')";"43,4867200";" -1,5549500"
"202000020599";"11";"7";"2020";"13:10";"1";"64";"64102";"2";"1";"8";"3";"BASQUE (AVENUE DU GRAND)";"43,4882700";" -1,4597600"
"202000020600";"11";"7";"2020";"19:45";"1";"45";"45274";"2";"3";"1";"3";"Rue de Saint-Denis";"47,8787838";"1,9551193"
"202000020601";"11";"7";"2020";"14:35";"1";"45";"45232";"2";"2";"1";"3";"Rue de Champagne-rue de l'Ardoux";"47,8443100";"1,9200600"
"202000020602";"11";"7";"2020";"08:10";"1";"44";"44109";"2";"6";"1";"3";"rues de la Bourgeonnière/Henri Picherit";"47,2524600";" -1,5534000"
"202000020603";"10";"7";"2020";"21:50";"2";"41";"41018";"2";"1";"1";"7";"COLOMBIER (RUE DU)";"47,5790100";"1,3340000"
"202000020604";"11";"7";"2020";"09:45";"1";"35";"35051";"1";"1";"1";"2";"RN157";"48,1138000";" -1,5527900"
"202000020605";"11";"7";"2020";"17:50";"1";"30";"30189";"1";"3";"1";"2";"Route Départementale 135";"43,8370500";"4,4304900"
"202000020606";"11";"7";"2020";"11:00";"1";"30";"30189";"2";"1";"1";"6";"FONTAINE (QUAI)";"43,8382000";"4,3483000"
"202000020607";"11";"7";"2020";"15:00";"1";"29";"29039";"1";"1";"1";"2";" D783 - Pont du Moros";"47,8793400";" -3,9047000"
"202000020608";"11";"7";"2020";"02:45";"5";"17";"17028";"2";"1";"1";"6";"BEL AIR   RUE DE";"46,1375860";" -1,1266220"
"202000020609";"11";"7";"2020";"12:30";"1";"13";"13117";"2";"1";"1";"1";"CUGNOT ( AVENUE JOSEPH )";"43,4728314";"5,2343691"
"202000020610";"7";"7";"2020";"18:20";"1";"13";"13204";"2";"3";"1";"6";"GRANOUX (RUE)";"43,2987200";"5,3987000"
"202000020611";"10";"7";"2020";"16:55";"1";"13";"13005";"2";"1";"1";"4";"RN 8";"43,2850100";"5,5518400"
"202000020612";"11";"7";"2020";"08:57";"1";"10";"10387";"2";"1";"1";"2";"GENERAL DE GAULLE (RUE DU)";"48,3005800";"4,0758800"
"202000020613";"11";"7";"2020";"19:30";"1";"09";"09122";"1";"1";"1";"1";"RUFFIE";"42,9594030";"1,5884140"
"202000020614";"11";"7";"2020";"10:43";"1";"07";"07316";"1";"1";"1";"6";"LYON (ROUTE DE)";"44,9076400";"4,8535400"
"202000020615";"6";"7";"2020";"19:34";"1";"03";"03185";"2";"6";"1";"3";"Rue Pierre Semard";"46,3330671";"2,6040570"
"202000020616";"10";"7";"2020";"11:22";"1";"75";"75105";"2";"2";"8";"3";"QUAI DE LA TOURNELLE";"48,8494070";"2,3567860"
"202000020617";"10";"7";"2020";"20:10";"1";"75";"75105";"2";"1";"1";"3";"RUE SAINT JACQUES";"48,8521680";"2,3463180"
"202000020618";"11";"7";"2020";"07:45";"1";"75";"75119";"2";"1";"1";"2";"AVENUE DE FLANDRE";"48,8945600";"2,3818350"
"202000020619";"11";"7";"2020";"00:10";"5";"75";"75119";"2";"2";"1";"3";"AVENUE DE LA PORTE DES LILAS";"48,8772530";"2,4067940"
"202000020620";"11";"7";"2020";"16:50";"1";"75";"75118";"2";"2";"1";"4";"AVENUE DE LA PORTE DE LA CHAPELLE";"48,8986950";"2,3593560"
"202000020621";"10";"7";"2020";"23:40";"5";"75";"75116";"2";"7";"1";"2";"PLACE DU TROCADERO ET DU 11 NOVEMBRE";"48,8629640";"2,2878760"
"202000020622";"11";"7";"2020";"19:35";"1";"75";"75113";"2";"5";"1";"6";"RUE BOBILLOT";"48,8258050";"2,3503590"
"202000020623";"11";"7";"2020";"13:30";"1";"75";"75113";"2";"1";"1";"2";"RUE PIERRE JOSEPH DESAULT";"48,8210210";"2,3784730"
"202000020624";"11";"7";"2020";"08:50";"1";"75";"75112";"2";"2";"7";"6";"AVENUE DE SAINT MAURICE";"48,8349800";"2,4197910"
"202000020625";"10";"7";"2020";"17:55";"1";"75";"75112";"2";"4";"1";"4";"QUAI DE BERCY";"48,8340430";"2,3814380"
"202000020626";"19";"6";"2020";"15:40";"1";"75";"75111";"2";"2";"1";"3";"AVENUE PHILIPPE AUGUSTE";"48,8535580";"2,3927060"
"202000020627";"11";"7";"2020";"17:00";"1";"75";"75108";"2";"7";"1";"6";"BOULEVARD MALESHERBES";"48,8747320";"2,3199660"
"202000020628";"10";"7";"2020";"14:45";"1";"75";"75108";"2";"2";"1";"6";"AVENUE DES CHAMPS ELYSEES";"48,8731310";"2,2970650"
"202000020629";"10";"7";"2020";"23:00";"5";"75";"75107";"2";"1";"1";"6";"QUAI BRANLY";"48,8586260";"2,2928930"
"202000020630";"11";"7";"2020";"02:33";"5";"75";"75101";"2";"7";"1";"7";"PLACE DU CARROUSEL";"48,8601050";"2,3333770"
"202000020631";"11";"7";"2020";"19:25";"1";"75";"75104";"2";"1";"1";"7";"QUAI DES CELESTINS";"48,8526950";"2,3595180"
"202000020632";"11";"7";"2020";"18:15";"1";"94";"94058";"2";"2";"1";"3";"HUIT MAI 1945 (AV DU)";"48,8513500";"2,5108200"
"202000020633";"11";"7";"2020";"10:30";"1";"94";"94033";"2";"9";"1";"6";"ROGER SALENGRO (R)";"48,8496000";"2,4898000"
"202000020634";"11";"7";"2020";"19:50";"1";"94";"94028";"2";"1";"1";"3";"BILLOTTE.(AVE DU GAL PIERRE)";"48,7751900";"2,4562100"
"202000020635";"11";"7";"2020";"13:05";"1";"94";"94028";"2";"9";"1";"6";"avenue de la POMPADOUR";"48,7730300";"2,4349000"
"202000020636";"11";"7";"2020";"14:30";"1";"94";"94022";"1";"1";"1";"2";"STALINGRAD (BD DE)";"48,7733000";"2,4022000"
"202000020637";"11";"7";"2020";"19:30";"1";"94";"94079";"2";"2";"1";"1";"FRIEDBERG (BD DE)";"48,8350400";"2,5472800"
"202000020638";"11";"7";"2020";"08:30";"1";"94";"94017";"2";"1";"1";"6";"REGARD DES LUATS (R DU)";"48,8167700";"2,5335000"
"202000020639";"11";"7";"2020";"13:25";"1";"94";"94070";"1";"1";"1";"4";"PARIS (RTE DE)";"48,7158240";"2,5736320"
"202000020640";"11";"7";"2020";"14:20";"1";"93";"93073";"2";"3";"1";"3";"PARC (AVENUE DU)";"48,9518600";"2,5748500"