"Num_Acc";"jour";"mois";"an";"hrmn";"lum";"dep";"com";"agg";"int";"atm";"col";"adr";"lat";"long"
"202000020641";"11";"7";"2020";"09:00";"1";"93";"93078";"2";"2";"1";"3";"CLEMENCEAU (AVENUE GEORGES)";"48,9536019";"2,5627155"
"202000020642";"10";"7";"2020";"23:35";"5";"93";"93078";"2";"9";"1";"1";"BD ROBERT BALLANGER";"48,9559600";"2,5404000"
"202000020643";"11";"7";"2020";"18:05";"1";"93";"93046";"2";"1";"1";" -1";"EUGENE MASSE RUE";"48,9233100";"2,5446000"
"202000020644";"11";"7";"2020";"22:18";"5";"93";"93008";"2";"9";"1";"7";"VAILLANT COUTURIER (AVENUE PAUL)";"48,9092805";"2,4491143"
"202000020645";"11";"7";"2020";"18:15";"1";"93";"93001";"2";"3";"1";"3";"LEOPOLD RECHOSSIERE (RUE)  => 13/50";"48,9144000";"2,3888400"
"202000020646";"11";"7";"2020";"01:15";"3";"93";"93001";"2";"7";"1";"6";"GUYARD DELALAIN (RUE)  (PAIR)";"48,9106270";"2,3873600"
"202000020647";"9";"7";"2020";"19:05";"1";"92";"92044";"2";"1";"1";"6";"VIC. HUGO(RUE)069A075 ET 080A088";"48,8966856";"2,2957832"
"202000020648";"11";"7";"2020";"11:09";"1";"92";"92040";"2";"2";"1";"3";"MARCEAU";"48,8253311";"2,2729200"
"202000020649";"11";"7";"2020";"13:20";"1";"92";"92025";"2";"7";"1";"1";"GENERAL LECLERC (PLACE DU)";"48,9227490";"2,2524900"
"202000020650";"3";"7";"2020";"12:30";"1";"84";"84142";"1";"1";"1";"3";"1963 Route de Velleron";"43,9448320";"5,0122550"
"202000020651";"12";"7";"2020";"09:30";"1";"28";"28088";"2";"4";"1";"1";"Route de Courtalain";"48,0684620";"1,3136230"
"202000020652";"12";"7";"2020";"00:25";"5";"28";"28088";"2";"2";"1";"6";"37 bis Rue de la République";"48,0705890";"1,3320400"
"202000020653";"12";"7";"2020";"12:45";"1";"41";"41232";"1";"1";"1";"2";"A71 - sens 2 - PK 159.500";"47,3970020";"2,0388060"
"202000020654";"12";"7";"2020";"13:30";"1";"52";"52114";"1";"1";"1";"6";"A5";"48,0560610";"4,9572690"
"202000020655";"12";"7";"2020";"11:56";"1";"68";"68300";"1";"1";"1";"4";"Rue de la Digue";"47,7969590";"7,3627010"
"202000020656";"11";"7";"2020";"14:57";"1";"38";"38419";"1";"1";"1";"1";"D1075";"44,8498750";"5,6205580"
"202000020657";"11";"7";"2020";"12:05";"1";"30";"30334";"1";"1";"1";"1";"D982";"44,0196310";"4,4303120"
"202000020658";"12";"7";"2020";"10:01";"1";"22";"22185";"1";"1";"1";" -1";"D44";"48,3833620";" -2,4750670"
"202000020659";"12";"7";"2020";"09:30";"1";"19";"19004";"1";"1";"1";"7";"D921";"45,1375431";"1,8612546"
"202000020660";"12";"7";"2020";"11:35";"1";"74";"74282";"2";"2";"1";"3";"Route du Béné";"46,0603210";"6,2262940"
"202000020661";"12";"7";"2020";"11:00";"1";"80";"80017";"1";"1";"1";"1";"D43";"49,9659320";"2,9503020"
"202000020662";"11";"7";"2020";"17:05";"1";"82";"82025";"1";"2";"1";"3";"Route de Finhan";"43,9464410";"1,2964220"
"202000020663";"12";"7";"2020";"04:45";"2";"89";"89368";"1";"1";"1";"6";"D7";"47,6534060";"3,1845330"
"202000020664";"10";"7";"2020";"21:20";"2";"89";"89158";"1";"1";"1";"1";"D104";"47,4954580";"3,3097600"
"202000020665";"11";"7";"2020";"19:30";"1";"49";"49367";"2";"1";"1";"1";"2 Place Saint Paul";"47,6306630";" -0,8019640"
"202000020666";"11";"7";"2020";"22:30";"3";"44";"44096";"1";"3";"1";"3";"La Cormerie";"47,4340060";" -1,1931860"
"202000020667";"11";"7";"2020";"16:45";"1";"29";"29155";"1";"1";"1";"7";"D81 - Route du Stiff";"48,4658549";" -5,0778150"
"202000020668";"11";"7";"2020";"17:30";"1";"31";"31451";"1";"1";"1";"6";"Chemin de Montrevel";"43,4748510";"1,9932620"
"202000020669";"11";"7";"2020";"18:30";"1";"15";"15050";"2";"1";"1";"6";"D62";"45,1653428";"2,7094021"
"202000020670";"12";"7";"2020";"00:14";"3";"01";"01138";"1";"6";"1";"6";"Route de Culoz";"45,8494590";"5,7982710"
"202000020671";"11";"7";"2020";"22:00";"3";"14";"14570";"1";"1";"1";"1";"Route de Saint Cyr du Ronceray";"49,0342367";"0,3037983"
"202000020672";"12";"7";"2020";"01:40";"5";"05";"05004";"2";"1";"1";"7";"D514";"44,6323830";"6,1724710"
"202000020673";"11";"7";"2020";"19:40";"1";"90";"90009";"2";"3";"1";"3";"Rue des Déportés";"47,4848490";"6,9246610"
"202000020674";"12";"7";"2020";"16:10";"1";"73";"73221";"1";"1";"1";"3";"D927 - PR 15+965";"45,3129900";"6,2649910"
"202000020675";"12";"7";"2020";"07:15";"1";"73";"73084";"1";"1";"1";"6";"D1006";"45,5209793";"5,9971717"
"202000020676";"11";"7";"2020";"13:00";"1";"10";"10268";"2";"9";"1";"3";"1 Avenue des Droits de l'Homme";"48,5003060";"3,5093160"
"202000020677";"11";"7";"2020";"19:20";"1";"10";"10255";"1";"1";"1";"7";"D143";"48,2164410";"4,2859610"
"202000020678";"12";"7";"2020";"14:50";"1";"04";"04135";"1";"1";"1";"4";"Rte de Sainte Croix";"43,8402600";"6,2011970"
"202000020679";"12";"7";"2020";"01:30";"5";"28";"28423";"2";"3";"1";"3";"D18";"48,5556310";"1,6215190"
"202000020680";"12";"7";"2020";"10:00";"1";"17";"17337";"2";"2";"1";"3";"Rue de Chéray";"45,9845210";" -1,3738890"
"202000020681";"11";"7";"2020";"11:30";"1";"30";"30339";"2";"1";"1";"1";"Rue des Horts";"44,0804340";"3,6412880"
"202000020682";"12";"7";"2020";"09:20";"1";"49";"49092";"1";"1";"1";"6";"A87";"47,2400474";" -0,7293968"
"202000020683";"7";"7";"2020";"12:30";"1";"35";"35275";"2";"3";"1";"1";"La Janais";"48,1483360";" -1,8300710"
"202000020684";"11";"7";"2020";"21:00";"3";"973";"97309";"1";"1";"1";"2";"Route de la Matourienne";"4,8781180";" -52,2964830"
"202000020685";"11";"7";"2020";"04:15";"3";"62";"62427";"1";"9";"1";"3";"autoroute A1";"50,3975960";"2,9827340"
"202000020686";"11";"7";"2020";"23:50";"3";"33";"33005";"2";"3";"1";"1";"Boulevard du Page";"44,7627480";" -1,0688500"
"202000020687";"13";"7";"2020";"01:45";"3";"988";"98813";"1";"1";"1";"7";"ROUTE DE OUA TOM POPIDERY";" -21,7252380";"165,8077290"
"202000020688";"11";"7";"2020";"15:50";"1";"973";"97306";"1";"1";"1";"1";"Avenue Marie Eudore Beauvin";"5,5470093";" -53,4841759"
"202000020689";"12";"7";"2020";"11:45";"1";"77";"77104";"1";"1";"7";" -1";"D144";"48,7029131";"2,8117179"
"202000020690";"12";"7";"2020";"18:40";"1";"77";"77478";"1";"1";"1";"7";"D3E";"48,9538746";"3,0739832"
"202000020691";"12";"7";"2020";"06:00";"1";"34";"34289";"2";"1";"1";" -1";"Ancienne Route de Sète";"43,3944770";"3,4180780"
"202000020692";"12";"7";"2020";"02:10";"5";"70";"70331";"2";"1";"1";"6";"29 Rue d'Apremont";"47,4157180";"5,5344600"
"202000020693";"8";"7";"2020";"01:15";"5";"21";"21292";"2";"1";"1";"3";"21 Avenue de Sprendlingen";"47,2495140";"5,2242920"
"202000020694";"12";"7";"2020";"17:30";"1";"73";"73248";"1";"3";"7";"3";"D926";"45,2598275";"6,3237614"
"202000020695";"12";"7";"2020";"12:15";"1";"38";"38252";"1";"1";"1";"1";"Route Napoléon";"45,0834100";"5,7467000"
"202000020696";"11";"7";"2020";"21:25";"5";"16";"16078";"1";"1";"1";"7";"Rue des Platanes";"45,6943440";"0,1800420"
"202000020697";"22";"6";"2020";"18:30";"1";"33";"33003";"1";"3";"1";"3";"Chemin des Montferrand";"44,9542420";" -0,5179240"
"202000020698";"10";"7";"2020";"19:20";"1";"14";"14762";"2";"1";"1";"7";"Route des Vaux";"48,8342600";" -0,8921630"
"202000020699";"10";"7";"2020";"23:30";"3";"14";"14250";"1";"1";"1";"6";"Route d'Esquay";"49,2731440";" -0,6523960"
"202000020700";"11";"7";"2020";"20:00";"1";"35";"35041";"1";"4";"1";"6";"la sancerie";"47,9342290";" -1,5585140"
"202000020701";"10";"7";"2020";"19:55";"1";"13";"13001";"1";"1";"1";"3";"A51-Sens Marseille vers Aix en Provence";"43,5023580";"5,4078410"
"202000020702";"10";"7";"2020";"18:15";"1";"13";"13085";"1";"1";"1";"2";"A50-Sens Toulon vers Aubagne";"43,2559000";"5,5938000"
"202000020703";"11";"7";"2020";"18:00";"1";"91";"91589";"1";"1";"1";"3";"AUTOROUTE A6";"48,6793200";"2,3338800"
"202000020704";"11";"7";"2020";"15:50";"1";"94";"94038";"1";"1";"1";"2";"AUTOROUTE A6B";"48,7779300";"2,3466700"
"202000020705";"11";"7";"2020";"12:20";"1";"91";"91589";"1";"1";"1";"2";"AUTOROUTE A6";"48,6783700";"2,3356700"
"202000020706";"10";"7";"2020";"17:40";"1";"78";"78297";"1";"1";"1";"4";"RN12";"48,7915400";"2,0560810"
"202000020707";"10";"7";"2020";"17:10";"1";"92";"92050";"1";"1";"1";"4";"A86";"48,9133678";"2,2186271"
"202000020708";"11";"7";"2020";"15:45";"1";"93";"93064";"1";"1";"1";"4";"AUTOROUTE A86";"48,8791700";"2,4763300"
"202000020709";"11";"7";"2020";"01:00";"3";"93";"93005";"1";"1";"1";"6";"AUTOROUTE A3";"48,9480500";"2,4758900"
"202000020710";"10";"7";"2020";"09:15";"1";"95";"95252";"1";"1";"2";"7";" A115";"48,9876800";"2,2429000"
"202000020711";"10";"7";"2020";"09:40";"1";"94";"94015";"1";"1";"1";"6";"A4";"48,8333300";"2,5167000"
"202000020712";"10";"5";"2020";"05:06";"2";"02";"02805";"2";"1";"1";"7";"Albert CAMUS Rue";"49,3783000";"3,3614300"
"202000020713";"9";"7";"2020";"11:45";"1";"988";"98818";"2";"1";"1";"3";"RUE BLAISE PASCAL";" -22,2991400";"166,4441400"
"202000020714";"9";"7";"2020";"11:00";"1";"974";"97411";"2";"1";"1";"6";"MACE (ROUTE GABRIEL)";" -20,9156000";"55,4943000"
"202000020715";"10";"7";"2020";"22:05";"5";"69";"69387";"2";"1";"2";"7";"MARSEILLE (DE)                      (R )";"45,7493300";"4,8384800"
"202000020716";"10";"7";"2020";"08:25";"1";"69";"69387";"2";"1";"1";"3";"FELIX FAURE                         (AV)";"45,7522532";"4,8478525"
"202000020717";"9";"7";"2020";"16:30";"1";"69";"69387";"2";"1";"1";"3";"LECLERC                             (AV)";"45,7352072";"4,8236599"
"202000020718";"10";"7";"2020";"19:15";"5";"972";"97209";"2";"1";"1";"2";"ENTRAIDE (ROUTE DE L')";"14,6268200";" -61,0565400"
"202000020719";"10";"7";"2020";"14:40";"1";"69";"69385";"2";"1";"1";"3";"DOCTEUR EDMOND LOCARD               (R )";"45,7599356";"4,7975329"
"202000020720";"10";"7";"2020";"08:30";"1";"69";"69385";"2";"1";"1";"3";"GARDE (DE LA)                           ";"45,7648300";"4,7884500"
"202000020721";"10";"7";"2020";"16:47";"1";"95";"95585";"2";"1";"1";"6";"RAVEL (BD MAURICE)";"48,9733000";"2,3820000"
"202000020722";"9";"7";"2020";"19:39";"1";"91";"91432";"2";"1";"1";"1";"VAL (AVENUE DU)";"48,6966110";"2,3229220"
"202000020723";"10";"7";"2020";"20:15";"1";"91";"91687";"2";"2";"1";"3";"BOULEAUX (AVENUE DES)";"48,6544500";"2,3641300"
"202000020724";"10";"7";"2020";"13:50";"1";"87";"87085";"2";"1";"1";"3";"BAC (RUE THEODORE)";"45,8384300";"1,2625900"
"202000020725";"3";"7";"2020";"13:45";"1";"84";"84007";"2";"1";"1";"7";"CAMPANE (RUE)";"43,9510600";"4,8120000"
"202000020726";"10";"7";"2020";"10:15";"1";"83";"83069";"1";"2";"1";"3";"BERNARD ( RUE MARIO )";"43,1110000";"6,1210000"
"202000020727";"9";"7";"2020";"00:20";"5";"83";"83034";"2";"1";"1";"7";"CD559";"43,1032300";"6,0558500"
"202000020728";"9";"7";"2020";"12:05";"1";"80";"80021";"2";"1";"1";"6";"EUROPE (AVENUE DE L')";"49,9232200";"2,3051200"
"202000020729";"10";"7";"2020";"16:25";"1";"78";"78350";"2";"3";"1";"2";"MARLY (ROUTE DE)";"48,8557000";"2,1073000"
"202000020730";"10";"7";"2020";"03:20";"3";"78";"78551";"1";"2";"9";"2";"RN 184";"48,9220130";"2,0843270"
"202000020731";"2";"7";"2020";"19:45";"1";"78";"78643";"2";"3";"1";"2";"TRIEL AVENUE DE";"48,9773580";"1,9839750"
"202000020732";"10";"7";"2020";"02:40";"3";"77";"77186";"1";"1";"1";"3";"RD 142 Glandée au grand veneur";"48,4577080";"2,6698870"
"202000020733";"9";"7";"2020";"10:30";"1";"77";"77449";"1";"1";"1";"2";"D231";"48,8336094";"2,7955237"
"202000020734";"10";"7";"2020";"14:00";"1";"76";"76561";"2";"2";"1";"1";"CHURCHILL. RUE WINSTON";"49,2973400";"1,0111800"
"202000020735";"2";"7";"2020";"15:50";"1";"73";"73065";"1";"1";"1";"4";"N201 VOIE RAPIDE URBAINE";"45,5913200";"5,8982700"
"202000020736";"10";"7";"2020";"23:50";"5";"69";"69264";"2";"1";"8";"6";"LIBERATION  AV DE LA";"45,9851000";"4,7164900"
"202000020737";"10";"7";"2020";"10:30";"1";"68";"68224";"2";"1";"1";"6";"BOUCHERS (RUE DES)";"47,7471450";"7,3374270"
"202000020738";"10";"7";"2020";"11:30";"1";"67";"67482";"2";"3";"1";"3";"RHIN TORTU (RUE DU)";"48,5511283";"7,7579402"
"202000020739";"9";"7";"2020";"17:30";"1";"67";"67482";"2";"1";"1";"3";"ROMAINS (ROUTE DES)";"48,5800500";"7,7189200"
"202000020740";"9";"7";"2020";"10:00";"1";"67";"67482";"2";"2";"7";"3";"RHIN (AVENUE DU)";"48,5715050";"7,7703550"
"202000020741";"7";"7";"2020";"15:40";"1";"67";"67482";"2";"1";"1";"4";"BELGES (QUAI DES)";"48,5772802";"7,7798312"
"202000020742";"9";"7";"2020";"12:00";"1";"66";"66136";"2";"1";"1";"2";"GILLES (AVENUE GENERAL)";"42,6983800";"2,9288400"
"202000020743";"10";"7";"2020";"14:20";"1";"64";"64189";"2";"2";"1";"3";"DELAUNAY GABRIEL  (AVENUE)";"43,3826000";" -1,6664400"
"202000020744";"10";"7";"2020";"12:25";"1";"64";"64445";"2";"1";"1";"2";"CAMI SALIE DU";"43,3277800";" -0,3461800"
"202000020745";"5";"7";"2020";"19:30";"1";"62";"62498";"2";"1";"1";"1";"ARSONVAL (R D')";"50,4505090";"2,8371500"
"202000020746";"10";"7";"2020";"10:45";"1";"59";"59183";"2";"2";"2";"6";"VERLEY PAUL - BOULEVARD";"51,0412000";"2,3891000"
"202000020747";"8";"7";"2020";"06:35";"1";"59";"59574";"1";"1";"1";"1";"CD 957 Bis";"50,3752100";"3,2718400"
"202000020748";"9";"7";"2020";"15:00";"1";"57";"57647";"2";"1";"1";"1";"FAMECK (RUE DE)";"49,3212700";"6,0830000"
"202000020749";"10";"7";"2020";"13:35";"2";"57";"57463";"2";"1";"1";"6";"LEGION ETRANGERE (RUE DE LA )";"49,0909922";"6,1804578"
"202000020750";"9";"7";"2020";"19:55";"1";"56";"56098";"2";"6";"8";" -1";"ALLENDE ( AV. PRESIDENT SALVADOR )";"47,7593500";" -3,3263800"
"202000020751";"6";"7";"2020";"18:32";"1";"54";"54167";"2";"1";"1";"3";"GENERAL LECLERC (AVENUE)";"48,6720850";"5,9129270"
"202000020752";"8";"7";"2020";"14:03";"1";"54";"54395";"2";"2";"1";"3";"ARC ( RUE JEANNE D'N";"48,6834172";"6,1734742"
"202000020753";"9";"7";"2020";"10:35";"1";"54";"54498";"2";"1";"1";"2";"DE GAULLE (AVENUE DU GENERAL)";"48,7121400";"6,2524900"
"202000020754";"9";"7";"2020";"07:15";"1";"54";"54547";"2";"1";"1";"2";"EUROPE (BOULEVARD DE L')";"48,6643100";"6,1699500"
"202000020755";"10";"7";"2020";"02:10";"3";"51";"51108";"1";"1";"1";"7";"N44";"48,9777872";"4,3694664"
"202000020756";"8";"7";"2020";"20:05";"2";"50";"50129";"1";"1";"2";"6";"MONTURBET (CHEMIN DE)";"49,6264400";" -1,6531200"
"202000020757";"9";"7";"2020";"14:55";"1";"49";"49007";"2";"1";"1";"3";"CHAMPS ST MARTIN";"47,4498100";" -0,5758300"
"202000020758";"10";"7";"2020";"18:00";"1";"45";"45302";"2";"3";"1";"1";"Rue Erik Satie-rue Gabriel Deback";"47,9543160";"1,8963880"
"202000020759";"10";"7";"2020";"14:00";"1";"45";"45068";"2";"1";"1";"3";"SAINT JUST (RUE)";"48,0067700";"2,7196500"
"202000020760";"9";"7";"2020";"15:35";"1";"44";"44184";"2";"1";"1";"5";"Route des Bassins";"47,2850000";" -2,2440000"
"202000020761";"9";"7";"2020";"13:15";"1";"44";"44114";"2";"6";"1";"3";"Route de Vannes";"47,2542790";" -1,6294850"
"202000020762";"9";"7";"2020";"13:45";"1";"42";"42123";"2";"1";"1";"3";"Rue du Stade";"45,5048300";"4,5755800"
"202000020763";"10";"7";"2020";"17:15";"1";"37";"37261";"2";"1";"1";"2";"SEVIGNE (AVENUE DE)";"47,3594377";"0,6979594"
"202000020764";"9";"7";"2020";"22:10";"3";"35";"35288";"1";"1";"1";"7";"route de la Massuère";"48,6541400";" -1,9523400"
"202000020765";"9";"7";"2020";"20:40";"1";"35";"35051";"2";"6";"1";"7";"FOUGERES (RUE DE)";"48,1356900";" -1,6259900"
"202000020766";"9";"7";"2020";"15:30";"1";"35";"35238";"2";"2";"1";"3";"LEROUX (BD OSCAR)";"48,0913500";" -1,6675000"
"202000020767";"10";"7";"2020";"22:10";"5";"34";"34172";"2";"2";"1";"3";"JUSTICE DE CASTELNAU (AVENUE DE LA)";"43,6269400";"3,8896730"
"202000020768";"10";"7";"2020";"18:40";"1";"34";"34172";"2";"2";"1";"6";"LAVERUNE (ROUTE DE";"43,5995480";"3,8430640"
"202000020769";"2";"7";"2020";"07:35";"1";"34";"34172";"2";"1";"1";" -1";"ANTONELLI (AVENUE DU PROFESSEUR ETIENNE)";"43,5994760";"3,8924593"
"202000020770";"23";"6";"2020";"13:50";"1";"34";"34172";"2";"1";"1";"6";"BOLOGNE (RUE DE)";"43,6306700";"3,8210200"
"202000020771";"10";"7";"2020";"17:00";"1";"33";"33529";"2";"1";"1";"2";"EUROPE (960 RUE DE L')";"44,6168900";" -1,1149500"
"202000020772";"10";"7";"2020";"02:10";"5";"31";"31555";"2";"1";"1";"7";"ALL DE BARCELONE";"43,6085900";"1,4251100"
"202000020773";"9";"7";"2020";"22:18";"5";"30";"30189";"2";"2";"1";"3";"GAMEL PIERRE (AVENUE)";"43,8231200";"4,3643200"
"202000020774";"7";"7";"2020";"17:15";"1";"28";"28404";"2";"1";"7";"1";"PAGNOL (BOULEVARD MARCEL)";"48,7357200";"1,3293300"
"202000020775";"10";"7";"2020";"20:10";"2";"27";"27554";"1";"1";"1";"6";"D 64";"49,0941200";"1,3951300"
"202000020776";"10";"7";"2020";"16:20";"1";"27";"27229";"2";"1";"1";"3";"BOIS DES COMMUNES (RUE DU)";"49,0349297";"1,1757902"
"202000020777";"9";"7";"2020";"09:55";"1";"27";"27229";"2";"1";"1";"2";"NATIONALE 13 (ROUTE)";"49,0158860";"1,1697900"
"202000020778";"9";"7";"2020";"07:50";"1";"21";"21054";"2";"2";"7";"6";"Boulevard Jules Ferry";"47,0216730";"4,8407480"
"202000020779";"10";"7";"2020";"23:40";"5";"18";"18033";"2";"1";"1";"6";"Rue Jacques Rimbault";"47,0806491";"2,3985089"
"202000020780";"9";"7";"2020";"21:35";"1";"17";"17306";"2";"2";"1";"3";"PINSONS (DES)";"45,6447010";" -1,0246850"
"202000020781";"10";"7";"2020";"20:42";"1";"17";"17300";"2";"2";"1";"3";"HERAULT DE SECHELLES   RUE";"46,1531330";" -1,1237010"
"202000020782";"10";"7";"2020";"08:28";"1";"15";"15014";"2";"1";"1";"3";"EGALITE (RUE DE L')";"44,9319500";"2,4418900"
"202000020783";"10";"7";"2020";"19:00";"1";"14";"14437";"1";"1";"1";"3";"BERTHELOT (RUE MARCELIN)";"49,1616100";" -0,2980700"
"202000020784";"10";"7";"2020";"09:45";"1";"14";"14271";"2";"1";"1";"3";"JAURES (PLACE JEAN)";"49,1485937";" -0,3743268"
"202000020785";"10";"7";"2020";"07:50";"1";"14";"14118";"2";"2";"1";" -1";"FALAISE (RUE DE  - 90 PAIR 95 IMPAIR)";"49,1703350";" -0,3534650"
"202000020786";"10";"7";"2020";"01:15";"3";"13";"13209";"2";"1";"1";"6";"COL DE LA GINESTE D559";"43,2397500";"5,4517400"
"202000020787";"9";"7";"2020";"22:25";"5";"13";"13215";"2";"2";"1";"3";"LE CHATELIER";"43,3480000";"5,3625000"
"202000020788";"9";"7";"2020";"19:45";"2";"13";"13211";"2";"1";"1";"2";"POMME (BOULEVARD DE LA )";"43,2931000";"5,4553000"
"202000020789";"18";"2";"2020";"15:30";"1";"62";"62041";"2";"1";"1";"1";"DUMETZ ( DU COMMANDANT )";"50,2842250";"2,7857560"
"202000020790";"21";"2";"2020";"23:05";"5";"59";"59350";"2";"2";"1";"1";"ROYALE RUE";"50,6420060";"3,0564890"
"202000020791";"21";"2";"2020";"23:00";"5";"59";"59178";"2";"1";"1";"1";"TOURNAI (ROUTE DE)";"50,3997337";"3,1178336"
"202000020792";"18";"2";"2020";"09:05";"1";"58";"58194";"2";"3";"1";"3";"COLBERT";"46,9936000";"3,1594000"
"202000020793";"21";"2";"2020";"15:35";"1";"57";"57463";"2";"2";"1";"7";"LECLERC DE HAUTECLOCQUE (AVENUE )";"49,1080000";"6,1694200"
"202000020794";"20";"2";"2020";"15:20";"1";"56";"56121";"2";"6";"1";"3";"DUGUAY-TROUIN (RUE RENE)";"47,7429900";" -3,3659200"
"202000020795";"21";"2";"2020";"16:49";"1";"54";"54395";"2";"1";"1";"2";"2 Bd Joffre";"48,6889720";"6,1767410"
"202000020796";"21";"2";"2020";"10:25";"1";"51";"51454";"2";"1";"1";"7";"Rue du Général Sarrail";"49,2583903";"4,0307818"
"202000020797";"21";"2";"2020";"17:07";"1";"50";"50218";"2";"1";"1";"3";"MATIGNON (AV DES)";"48,8379100";" -1,5702900"
"202000020798";"19";"2";"2020";"07:20";"2";"49";"49328";"2";"3";"1";"6";"BEAUREPAIRE (RUE)";"47,2595300";" -0,0788400"
"202000020799";"20";"2";"2020";"21:20";"5";"49";"49007";"2";"1";"1";"2";"FOCH BOULEVARD";"47,4681500";" -0,5571800"
"202000020800";"20";"2";"2020";"18:56";"5";"49";"49007";"2";"1";"8";"3";"GASNIER AVENUE";"47,4868600";" -0,5729100"
"202000020801";"20";"2";"2020";"11:41";"1";"49";"49007";"2";"1";"1";"3";"TOUR DES ANGLAIS";"47,4793100";" -0,5556400"
"202000020802";"21";"2";"2020";"16:45";"1";"45";"45068";"1";"1";"1";"3";"D 2007 - PR 14+950";"48,0334197";"2,7454774"
"202000020803";"21";"2";"2020";"18:15";"2";"44";"44143";"2";"1";"2";" -1";"Rue du Genétais";"47,1584345";" -1,5565825"
"202000020804";"21";"2";"2020";"14:20";"1";"37";"37261";"2";"3";"1";" -1";"GRAMMONT (AVENUE DE)";"47,3759167";"0,6945862"
"202000020805";"20";"2";"2020";"11:55";"1";"34";"34301";"2";"1";"1";"6";"RIQUET PAUL (QUAI)";"43,4104000";"3,7021100"
"202000020806";"21";"2";"2020";"08:30";"1";"34";"34172";"2";"2";"1";"3";"BECQUEREL (RUE HENRI)";"43,6143633";"3,9146364"
"202000020807";"20";"2";"2020";"11:15";"1";"34";"34172";"2";"1";"1";"2";"ZENITH (ROND POINT DU)";"43,6080500";"3,9309000"
"202000020808";"22";"2";"2020";"00:55";"5";"33";"33063";"2";"1";"1";"6";"20 Rue de la Liberté";"44,8410395";" -0,6002796"
"202000020809";"21";"2";"2020";"23:00";"5";"33";"33063";"1";"1";"1";"2";"Cours Jules Ladoumègue";"44,8977600";" -0,5746100"
"202000020810";"21";"2";"2020";"08:50";"1";"33";"33318";"2";"3";"1";"3";"AVE JEAN CORDIER / RUE EMILE ZOLA";"44,8201800";" -0,6107500"
"202000020811";"15";"2";"2020";"04:15";"4";"33";"33162";"2";"1";"1";"6";"AVE DU MEDOC";"44,8864000";" -0,6398600"
"202000020812";"21";"2";"2020";"11:00";"1";"33";"33009";"2";"1";"1";"3";"52 Boulevard Mestrezat";"44,6560900";" -1,1471500"
"202000020813";"20";"2";"2020";"08:55";"1";"33";"33009";"2";"6";"1";"3";"PLAGE (BD DE LA) DU 02 AU 194";"44,6626500";" -1,1643000"
"202000020814";"21";"2";"2020";"07:25";"2";"31";"31149";"2";"1";"1";"2";"MONNET (AVENUE JEAN)";"43,6317193";"1,3463325"
"202000020815";"20";"2";"2020";"22:35";"5";"31";"31555";"2";"1";"1";"3";"123 Route de Revel";"43,5721320";"1,4962600"
"202000020816";"20";"2";"2020";"14:35";"1";"31";"31557";"2";"9";"1";"3";"LARRAMET (CH DE)";"43,5604800";"1,3571200"
"202000020817";"21";"2";"2020";"00:55";"5";"31";"31149";"2";"1";"1";"6";"HUGO (BOULEVARD VICTOR)";"43,6175900";"1,3156700"
"202000020818";"21";"2";"2020";"13:40";"1";"29";"29051";"2";"1";"1";"3";"D15 - Avenue du Rouillen";"47,9976500";" -4,0586100"
"202000020819";"21";"2";"2020";"20:00";"5";"28";"28134";"2";"9";"1";"6";"CHURCHILL (AVENUE WINSTON)";"48,7404700";"1,3869000"
"202000020820";"21";"2";"2020";"08:20";"1";"27";"27229";"2";"1";"1";"3";"LOMBARDS (RUE DES)";"49,0283300";"1,1490800"
"202000020821";"21";"2";"2020";"13:55";"1";"26";"26198";"2";"1";"1";"3";"2 Avenue Saint Lazare";"44,5637100";"4,7542200"
"202000020822";"16";"2";"2020";"06:37";"5";"22";"22187";"2";"1";"1";"6";"GOUET (VIEILLE COTE DE)";"48,5235700";" -2,7643400"
"202000020823";"20";"2";"2020";"07:45";"1";"19";"19031";"2";"1";"5";"3";"VERLHAC (BOULEVARD DOCTEUR)";"45,1680222";"1,5348619"
"202000020824";"21";"2";"2020";"08:30";"1";"17";"17300";"2";"1";"1";"1";"MOULIN DE LA MOZAY  RUE DU";"46,1699000";" -1,1294000"
"202000020825";"21";"2";"2020";"07:50";"1";"17";"17300";"2";"2";"1";"3";"SAINT-YON   RUE";"46,1598900";" -1,1514100"
"202000020826";"21";"2";"2020";"20:25";"5";"13";"13103";"2";"8";"1";"3";"BOULEVARD DENFERT ROCHEREAU";"43,6506500";"5,0832400"
"202000020827";"21";"2";"2020";"21:00";"5";"13";"13214";"2";"1";"1";"3";"CAPITAINE GEZE (BOULEVARD)";"43,3301890";"5,3698360"
"202000020828";"21";"2";"2020";"16:15";"1";"13";"13208";"2";"9";"1";"3";"DAVID (ROND-POINT)";"43,2617900";"5,3747800"
"202000020829";"21";"2";"2020";"06:15";"5";"13";"13211";"2";"1";"1";"3";"MENARD (PIERRE) (BOULEVARD)";"43,2901050";"5,4380440"
"202000020830";"20";"2";"2020";"14:09";"1";"13";"13202";"2";"6";"1";"3";"TOURETTE (QUAI DE LA)";"43,2960000";"5,3627000"
"202000020831";"21";"2";"2020";"22:30";"5";"13";"13028";"2";"2";"1";"3";"CAMUGLI (AVENUE ANTOINE )";"43,1830410";"5,6126400"
"202000020832";"20";"2";"2020";"16:05";"1";"12";"12176";"2";"1";"1";"2";"ESPALION (ROUTE D')";"44,3687540";"2,5893220"