"Num_Acc";"jour";"mois";"an";"hrmn";"lum";"dep";"com";"agg";"int";"atm";"col";"adr";"lat";"long"
"202000020833";"20";"2";"2020";"16:30";"1";"10";"10387";"2";"1";"1";"6";"PASTEUR (RUE)";"48,3017400";"4,0638400"
"202000020834";"21";"2";"2020";"12:20";"1";"06";"06088";"2";"1";"1";"6";"CESSOLE (BD DE) (JUSQU'AU N° 93-110)";"43,7173800";"7,2529700"
"202000020835";"21";"2";"2020";"08:30";"1";"06";"06029";"2";"1";"1";"3";"DELATTRE DE TASSIGNY (RUE)";"43,5592827";"7,0107574"
"202000020836";"21";"2";"2020";"12:05";"1";"75";"75106";"2";"3";"1";"6";"RUE DES CANETTES";"48,8526600";"2,3336970"
"202000020837";"21";"2";"2020";"17:45";"1";"75";"75120";"2";"7";"1";"6";"PLACE GAMBETTA";"48,8650700";"2,3983320"
"202000020838";"21";"2";"2020";"07:35";"1";"75";"75119";"2";"1";"1";" -1";"RUE D AUBERVILLIERS";"48,8880790";"2,3673570"
"202000020839";"21";"2";"2020";"01:19";"5";"75";"75118";"2";"1";"1";"3";"BOULEVARD ORNANO";"48,8968450";"2,3453090"
"202000020840";"20";"2";"2020";"22:35";"5";"75";"75116";"2";"1";"8";"3";"AVENUE DU PRESIDENT KENNEDY";"48,8535590";"2,2822240"
"202000020841";"20";"2";"2020";"13:35";"1";"75";"75116";"2";"1";"1";"6";"RUE MIRABEAU";"48,8469830";"2,2722920"
"202000020842";"20";"2";"2020";"10:10";"1";"75";"75116";"2";"7";"1";"3";"PLACE CHARLES DE GAULLE";"48,8740890";"2,2941950"
"202000020843";"21";"2";"2020";"15:00";"1";"75";"75115";"2";"2";"1";"6";"RUE GASTON DE CAILLAVET";"48,8493230";"2,2838600"
"202000020844";"21";"2";"2020";"08:40";"1";"75";"75115";"2";"2";"1";"3";"BOULEVARD LEFEBVRE";"48,8286500";"2,3014250"
"202000020845";"21";"2";"2020";"19:45";"5";"75";"75114";"2";"3";"1";"6";"BOULEVARD DU MONTPARNASSE";"48,8435380";"2,3246430"
"202000020846";"21";"2";"2020";"13:12";"1";"75";"75113";"2";"4";"1";"6";"RUE DE LA GLACIERE";"48,8311020";"2,3442430"
"202000020847";"21";"2";"2020";"02:30";"5";"75";"75113";"2";"1";"1";"6";"BOULEVARD KELLERMANN";"48,8189480";"2,3586950"
"202000020848";"21";"2";"2020";"18:05";"2";"75";"75108";"2";"1";"1";"3";"RUE SAINT LAZARE";"48,8754230";"2,3254140"
"202000020849";"21";"2";"2020";"17:20";"1";"75";"75108";"2";"7";"1";"3";"PLACE DE LA CONCORDE";"48,8667590";"2,3220700"
"202000020850";"21";"2";"2020";"20:30";"5";"75";"75103";"2";"5";"1";"6";"RUE SAINT MARTIN";"48,8648230";"2,3532740"
"202000020851";"21";"2";"2020";"18:50";"5";"75";"75103";"2";"4";"1";"6";"RUE DES VERTUS";"48,8643620";"2,3578840"
"202000020852";"20";"2";"2020";"09:38";"1";"94";"94067";"2";"1";"1";"6";"GENERAL DE GAULLE (AV DU)";"48,8460000";"2,4176000"
"202000020853";"21";"2";"2020";"12:10";"1";"94";"94078";"2";"1";"1";"6";"LION (CAR DU)";"48,7289820";"2,4472600"
"202000020854";"21";"2";"2020";"15:35";"1";"94";"94041";"2";"1";"1";"3";"RASPAIL (R)";"48,8111000";"2,3879000"
"202000020855";"21";"2";"2020";"08:50";"1";"94";"94065";"2";"1";"1";"6";"REPUBLIQUE (AV DE LA)";"48,7517500";"2,3541700"
"202000020856";"21";"2";"2020";"17:35";"1";"94";"94070";"1";"1";"1";"3";"NATIONALE 19";"48,7260130";"2,5553124"
"202000020857";"21";"2";"2020";"16:00";"1";"94";"94075";"2";"2";"1";"3";"LIEUTENANT DAGORNO (R DU)";"48,7274800";"2,5310700"
"202000020858";"21";"2";"2020";"19:50";"5";"93";"93059";"2";"1";"1";"1";"AV GENERAL GALLIENI";"48,9708500";"2,3640500"
"202000020859";"21";"2";"2020";"10:00";"1";"93";"93071";"2";"1";"1";"6";"GABRIEL PERI (RUE)";"48,9411522";"2,5320899"
"202000020860";"21";"2";"2020";"10:05";"1";"93";"93064";"2";"4";"1";"3";"R CONRAD ADENAUER";"48,8805270";"2,4804120"
"202000020861";"20";"2";"2020";"23:20";"5";"93";"93053";"2";"1";"1";"6";"VAILLANT COUTURIER (RUE)";"48,8923309";"2,4425798"
"202000020862";"21";"2";"2020";"13:45";"1";"93";"93051";"2";"1";"1";"3";"PAUL PAMBRUN (BOULEVARD)";"48,8504000";"2,5534000"
"202000020863";"21";"2";"2020";"19:30";"5";"93";"93046";"2";"2";"1";"3";"JEAN JAURES BOULEVARD";"48,9245988";"2,5224811"
"202000020864";"21";"2";"2020";"09:55";"1";"93";"93046";"2";"1";"1";"2";"AV WINSTON CHURCHILL";"48,9140890";"2,5362900"
"202000020865";"21";"2";"2020";"15:20";"1";"93";"93006";"2";"1";"1";"2";"ROBESPIERRE RUE";"48,8648000";"2,4182000"
"202000020866";"21";"2";"2020";"20:20";"5";"93";"93031";"2";"1";"1";"3";"REPUBLIQUE (AVENUE)";"48,9498931";"2,3295189"
"202000020867";"21";"2";"2020";"16:00";"1";"93";"93007";"2";"1";"1";"4";"DE LA REPUBLIQUE (AVENUE)";"48,9373500";"2,4632400"
"202000020868";"21";"2";"2020";"17:00";"1";"93";"93005";"2";"1";"1";"1";"CROIX NOBILLON (RUE DE LA)";"48,9456220";"2,5089080"
"202000020869";"21";"2";"2020";"22:00";"5";"92";"92072";"2";"1";"1";"2";"TROYON (RUE)";"48,8244600";"2,2288690"
"202000020870";"21";"2";"2020";"09:20";"1";"92";"92064";"2";"1";"1";"3";"MARCEL DASSAULT";"48,8534140";"2,2226810"
"202000020871";"20";"2";"2020";"07:41";"2";"92";"92026";"2";"1";"1";"3";"PRESIDENT KRUGER";"48,8983107";"2,2552194"
"202000020872";"21";"2";"2020";"12:50";"1";"92";"92025";"2";"1";"1";"6";"HENRI BARBUSSE (AV)";"48,9187150";"2,2526700"
"202000020873";"21";"2";"2020";"20:16";"5";"92";"92023";"2";"9";"2";"2";"JEAN JAURES (AVENUE) N°57 A 259 ET 64 A";"48,8066629";"2,2676225"
"202000020874";"11";"2";"2020";"18:00";"2";"47";"47048";"2";"1";"8";"1";"Avenue des Pyrénées";"44,5288830";"0,6259260"
"202000020875";"22";"2";"2020";"11:30";"1";"41";"41157";"1";"2";"1";"3";"Intersection D144 - D20";"47,4547830";"1,5757010"
"202000020876";"22";"2";"2020";"10:17";"1";"77";"77505";"1";"1";"1";"7";"A4";"48,9132180";"2,9726860"
"202000020877";"21";"2";"2020";"21:15";"3";"972";"97207";"2";"1";"1";"1";"Lourdes";"14,5733610";" -60,9637890"
"202000020878";"22";"2";"2020";"08:55";"1";"972";"97232";"1";"1";"1";"5";"Sigy";"14,5425660";" -60,8596870"
"202000020879";"22";"2";"2020";"14:50";"1";"12";"12079";"1";"3";"1";"3";"Nadaillac";"44,5354800";"2,7328220"
"202000020880";"21";"2";"2020";"19:35";"3";"22";"22305";"1";"1";"1";"1";"RN12 - PR 03+900";"48,2755009";" -2,1846452"
"202000020881";"21";"2";"2020";"19:25";"3";"22";"22240";"1";"1";"1";"7";"Domaine de l'Etang";"48,2365220";" -2,2645780"
"202000020882";"19";"2";"2020";"09:15";"1";"66";"66186";"2";"1";"7";"7";"Rue Aristide Maillol";"42,6691350";"2,9913890"
"202000020883";"22";"2";"2020";"07:00";"2";"83";"83057";"1";"1";"1";"2";"Dn7 pr 43810";"43,3837410";"6,1753460"
"202000020884";"21";"2";"2020";"19:35";"3";"51";"51176";"1";"1";"1";"7";"D9";"48,7109164";"3,9518261"
"202000020885";"21";"2";"2020";"18:58";"3";"51";"51418";"1";"1";"1";"1";"49 Route de Dormans";"49,2369227";"3,9816684"
"202000020886";"22";"2";"2020";"04:00";"5";"59";"59474";"2";"1";"1";"6";"Rue du Rejet du Moulin";"50,0791350";"3,7651080"
"202000020887";"22";"2";"2020";"00:00";"3";"19";"19249";"1";"1";"1";"6";"Les Bournas";"45,4354760";"1,9547720"
"202000020888";"19";"2";"2020";"11:05";"1";"56";"56034";"2";"6";"1";"3";"10 Avenue Saint Colomban";"47,5795080";" -3,0815150"
"202000020889";"22";"2";"2020";"14:25";"1";"49";"49069";"1";"9";"1";"3";"D763";"47,3120460";" -1,1619540"
"202000020890";"22";"2";"2020";"00:00";"3";"49";"49284";"1";"1";"1";"1";"Lieu-dit la violette";"47,4259240";" -0,8223280"
"202000020891";"22";"2";"2020";"01:30";"3";"39";"39333";"1";"1";"1";"1";"N/A";"46,4150350";"5,7183140"
"202000020892";"21";"2";"2020";"19:30";"3";"35";"35133";"1";"3";"1";"1";"La Perriere";"48,1001270";" -2,0635360"
"202000020893";"21";"2";"2020";"15:40";"1";"31";"31495";"1";"1";"1";"1";"lieu dit l'Audol";"43,4024440";"1,5424780"
"202000020894";"22";"2";"2020";"15:20";"1";"38";"38130";"1";"2";"1";"1";"Route de Beaurepaire";"45,3926800";"5,2388400"
"202000020895";"22";"2";"2020";"02:35";"3";"02";"02524";"1";"1";"1";"7";"D4";"49,0849690";"3,4750700"
"202000020896";"21";"2";"2020";"15:45";"1";"03";"03217";"1";"1";"1";"7";"1 rue Roc du Saint";"46,3401960";"2,6506633"
"202000020897";"17";"2";"2020";"19:30";"1";"66";"66024";"1";"1";"1";"1";"N320";"42,5247910";"2,8385000"
"202000020898";"22";"2";"2020";"04:00";"3";"09";"09189";"1";"1";"1";"6";"Route Nationale 20";"42,6212600";"1,8224390"
"202000020899";"22";"2";"2020";"11:40";"1";"45";"45248";"2";"1";"1";"6";"BD DE VERDUN";"48,0480250";"1,6982030"
"202000020900";"22";"2";"2020";"15:45";"1";"21";"21065";"1";"1";"1";"1";"D111a";"47,0773580";"4,7354390"
"202000020901";"18";"2";"2020";"21:30";"3";"85";"85288";"2";"1";"1";"6";"Avenue de la Mine";"46,4471000";" -1,6817600"
"202000020902";"21";"2";"2020";"16:15";"1";"87";"87060";"1";"1";"1";"1";"Route des Vergnes";"45,6157180";"0,8912660"
"202000020903";"22";"2";"2020";"09:45";"1";"87";"87011";"2";"9";"1";"6";"11 Rue Aristide Briand";"46,1223700";"1,0453860"
"202000020904";"21";"2";"2020";"18:25";"3";"52";"52332";"1";"1";"1";"3";"D74 - MONTIGNY LE ROI";"47,9918240";"5,4855680"
"202000020905";"21";"2";"2020";"10:55";"1";"44";"44163";"1";"1";"1";"7";"Autoroute A11 PK 306.000";"47,4205527";" -1,0664320"
"202000020906";"21";"2";"2020";"19:10";"3";"44";"44104";"1";"1";"1";"7";"A11";"47,4173730";" -0,9988120"
"202000020907";"8";"2";"2020";"10:30";"1";"90";"90062";"1";"1";"1";"2";"A36";"47,6752420";"6,9798680"
"202000020908";"21";"2";"2020";"15:35";"1";"34";"34172";"1";"1";"1";"2";"A709";"43,6053810";"3,9317320"
"202000020909";"21";"2";"2020";"23:30";"3";"95";"95580";"1";"6";"1";"7";"D16";"49,0909560";"2,5367690"
"202000020910";"22";"2";"2020";"01:40";"5";"971";"97128";"1";"2";"2";"3";"Saint Protais";"16,2780910";" -61,3759130"
"202000020911";"22";"2";"2020";"05:45";"3";"77";"77050";"1";"2";"1";"7";"D43";"48,1508270";"2,8167060"
"202000020912";"22";"2";"2020";"13:45";"1";"77";"77253";"1";"1";"6";"7";"D471";"48,6144170";"2,6948370"
"202000020913";"21";"2";"2020";"16:30";"1";"34";"34161";"2";"1";"1";"6";"30 Avenue des Platanes";"43,3326430";"3,1224290"
"202000020914";"16";"2";"2020";"19:00";"5";"83";"83112";"2";"6";"1";"6";"Route Departementale 559";"43,1830010";"5,6855540"
"202000020915";"22";"2";"2020";"12:30";"1";"83";"83063";"1";"1";"1";"7";"D558";"43,3161150";"6,4706800"
"202000020916";"21";"2";"2020";"18:40";"2";"04";"04245";"2";"1";"1";"2";"RD 4096 - Av des Farigoule";"43,8777850";"5,8448550"
"202000020917";"22";"2";"2020";"13:05";"1";"04";"04039";"2";"6";"1";"6";"RD 4085";"43,8513690";"6,5078710"
"202000020918";"22";"2";"2020";"19:20";"3";"39";"39543";"1";"1";"1";"6";"N/A";"46,7822680";"5,9136070"
"202000020919";"21";"2";"2020";"21:15";"3";"71";"71371";"2";"1";"1";"6";"Chemin du Champ de Foire";"46,3453710";"4,7212769"
"202000020920";"22";"2";"2020";"01:00";"3";"49";"49194";"1";"2";"1";"3";"D347";"47,4655410";" -0,2946810"
"202000020921";"22";"2";"2020";"13:10";"1";"14";"14530";"1";"6";"6";"7";"Intersection D223 et D513";"49,2159640";" -0,2770940"
"202000020922";"22";"2";"2020";"11:50";"1";"60";"60612";"1";"1";"1";" -1";"D1330";"49,2233730";"2,5743882"
"202000020923";"21";"2";"2020";"19:30";"3";"59";"59558";"1";"1";"1";"1";"Rue de Villers En Cauchies";"50,2427520";"3,4095920"
"202000020924";"19";"2";"2020";"12:00";"1";"13";"13005";"1";"1";"1";"4";"A50-Sens Marseille vers Aubagne";"43,2867810";"5,5384400"
"202000020925";"20";"2";"2020";"09:40";"1";"13";"13215";"1";"1";"1";"5";"A7-Sens Lyon vers Marseille";"43,3643200";"5,3606000"
"202000020926";"19";"2";"2020";"19:10";"3";"83";"83144";"1";"1";"1";"2";"A57";"43,1334900";"5,9847600"
"202000020927";"20";"2";"2020";"18:35";"2";"57";"57764";"1";"1";"1";"4";"Autoroute A.31";"49,4564951";"6,1211251"
"202000020928";"21";"2";"2020";"20:00";"5";"33";"33397";"1";"1";"1";"2";"AUTOROUTE A 10";"44,8942000";" -0,4984400"
"202000020929";"21";"2";"2020";"17:00";"1";"33";"33162";"1";"1";"1";"4";"ROCADE A 630";"44,8767600";" -0,6325100"
"202000020930";"21";"2";"2020";"12:25";"1";"33";"33143";"1";"1";"1";"3";"AUTOROUTE A 10";"44,9564800";" -0,4511700"
"202000020931";"20";"2";"2020";"07:25";"2";"33";"33249";"1";"1";"1";"3";"ROUTE NATIONALE 230";"44,8780500";" -0,5090900"
"202000020932";"16";"2";"2020";"18:00";"1";"62";"62193";"1";"1";"2";"2";"AUTOROUTE A16";"50,9355072";"1,8641774"
"202000020933";"21";"2";"2020";"15:37";"1";"91";"91521";"1";"1";"1";"2";"RN 104";"48,6330700";"2,4054800"
"202000020934";"21";"2";"2020";"14:10";"1";"91";"91589";"1";"1";"1";"4";"AUTOROUTE A6";"48,6739300";"2,3426700"
"202000020935";"21";"2";"2020";"15:55";"1";"78";"78423";"1";"1";"1";"2";"RN12";"48,7963330";"2,0293380"
"202000020936";"21";"2";"2020";"15:36";"1";"78";"78242";"1";"1";"1";"2";"A12 Y";"48,8066500";"2,0517540"
"202000020937";"21";"2";"2020";"11:00";"1";"78";"78133";"1";"1";"1";"4";"A12 Y";"48,8944310";"2,0076110"
"202000020938";"21";"2";"2020";"17:55";"1";"93";"93066";"1";"1";"1";"5";"AUTOROUTE A1";"48,9244400";"2,3569200"
"202000020939";"20";"2";"2020";"18:55";"2";"93";"93063";"1";"1";"2";"5";"AUTOROUTE A3";"48,8752400";"2,4403700"
"202000020940";"19";"2";"2020";"10:00";"1";"92";"92036";"1";"1";"1";"4";"AUTOROUTE A15";"48,9435500";"2,2873700"
"202000020941";"19";"2";"2020";"19:32";"5";"987";"98735";"2";"2";"1";"5";"PRINCE HINOI (AVENUE)";" -17,5348400";" -149,5635300"
"202000020942";"20";"2";"2020";"09:05";"1";"974";"97416";"2";"1";"1";"7";"CLAIN (CHEMIN)";" -21,2909022";"55,4663725"
"202000020943";"16";"2";"2020";"18:05";"1";"974";"97416";"2";"6";"1";"5";"LEBLOND 1 (RUE MARIUS ET ARY)";" -21,3337300";"55,4605200"
"202000020944";"19";"2";"2020";"11:45";"1";"974";"97407";"2";"1";"1";"2";"Route du Sacre Coeur";" -20,9573500";"55,3152300"
"202000020945";"20";"2";"2020";"14:29";"1";"973";"97302";"2";"1";"1";"3";"SOURCE DE BADUEL (CHEMIN DE LA)";"4,9283606";" -52,3084831"
"202000020946";"20";"2";"2020";"19:50";"5";"69";"69386";"2";"1";"1";"6";"CHARLES DE GAULLE                   (QU)";"45,7861300";"4,8575900"
"202000020947";"20";"2";"2020";"11:50";"1";"69";"69383";"2";"2";"1";"3";"FELIX FAURE                         (AV)";"45,7545300";"4,8665500"
"202000020948";"20";"2";"2020";"11:30";"1";"69";"69387";"2";"1";"1";"2";"MARSEILLE (DE)                      (R )";"45,7452000";"4,8420000"
"202000020949";"20";"2";"2020";"09:15";"1";"69";"69386";"2";"1";"1";"3";"VAUBAN                              (R )";"45,7648800";"4,8300000"
"202000020950";"20";"2";"2020";"14:50";"1";"69";"69202";"2";"1";"1";"6";"CROIX DE PIVORT (DE LA)             (CH)";"45,7288000";"4,8058800"
"202000020951";"30";"1";"2020";"20:15";"5";"69";"69382";"2";"1";"1";"6";"GALLIENI                            (PT)";"45,7483300";"4,8319300"
"202000020952";"18";"2";"2020";"07:25";"5";"69";"69385";"2";"3";"1";"6";"AQUEDUCS (DES)                      (R )";"45,7590000";"4,7926000"
"202000020953";"20";"2";"2020";"09:35";"1";"2A";"2A004";"2";"3";"1";"3";"MORETTI ANGE RUE";"41,9347008";"8,7434736"
"202000020954";"19";"2";"2020";"09:15";"1";"91";"91645";"2";"1";"1";"6";"PARON (RUE DE)";"48,7461000";"2,2693100"
"202000020955";"20";"2";"2020";"17:55";"2";"91";"91687";"2";"3";"2";"3";"BELLAY (AVENUE DU)";"48,6751000";"2,3645000"
"202000020956";"20";"2";"2020";"09:15";"1";"91";"91174";"2";"9";"1";"6";"JEAN JAURES (BOULEVARD)";"48,6112800";"2,4619200"
"202000020957";"14";"2";"2020";"17:30";"1";"91";"91027";"2";"2";"1";"6";"COQUELICOTS (RUE DES)";"48,7001400";"2,3676400"
"202000020958";"20";"2";"2020";"21:50";"5";"88";"88519";"2";"1";"2";"6";"Route de Hurbache";"48,3447300";"6,8942500"
"202000020959";"20";"2";"2020";"06:55";"5";"88";"88160";"2";"3";"8";"3";"BLUM (AV. LEON)";"48,1890900";"6,4626100"
"202000020960";"13";"2";"2020";"06:37";"3";"86";"86194";"2";"1";"1";"2";"Allée Jacques Coeur";"46,5670770";"0,3744050"
"202000020961";"19";"2";"2020";"11:35";"1";"85";"85194";"2";"6";"2";"3";"Boulevard du Vendée Globe (Château-d'Olonne)";"46,4995900";" -1,7564300"
"202000020962";"19";"2";"2020";"16:45";"1";"83";"83129";"2";"1";"1";"6";"KENNEDY (AVENUE J.)N°PAIRS 2A2560";"43,1077500";"5,8163500"
"202000020963";"22";"1";"2020";"12:05";"1";"78";"78545";"2";"6";"1";"6";"FABIEN (AVENUE COLONEL)";"48,8065900";"2,0605900"
"202000020964";"19";"2";"2020";"19:05";"2";"77";"77445";"2";"3";"1";"2";"VC-MOULIN (AVENUE JEAN)";"48,5933953";"2,5837917"
"202000020965";"18";"2";"2020";"18:15";"2";"77";"77186";"2";"1";"1";"6";"WINSTON CHURCHILL (BOULEVARD)";"48,4078000";"2,6890700"
"202000020966";"19";"2";"2020";"19:40";"5";"76";"76351";"2";"2";"1";"3";"JULES FERRY (PLACE)";"49,4921800";"0,1113600"
"202000020967";"20";"2";"2020";"08:20";"1";"71";"71270";"2";"6";"1";"6";"Rue de l’Héritan";"46,3153758";"4,8239149"
"202000020968";"19";"2";"2020";"11:50";"1";"71";"71153";"2";"1";"1";"2";"Avenue de Verdun";"46,8057248";"4,4335741"
"202000020969";"20";"2";"2020";"11:25";"1";"71";"71076";"2";"1";"1";"6";"Rue Paul Sabatier";"46,8126894";"4,8556609"
"202000020970";"20";"2";"2020";"15:50";"1";"69";"69256";"2";"2";"1";"3";"REPUBLIQUE (DE LA)                  (R )";"45,7857000";"4,9275000"
"202000020971";"20";"2";"2020";"14:00";"1";"69";"69266";"2";"1";"1";"6";"EMILE ZOLA     (Cours)";"45,7657100";"4,8996800"
"202000020972";"18";"2";"2020";"11:10";"1";"69";"69264";"2";"3";"1";"3";"SCHUMAN  ROBERT  R";"45,9936283";"4,7255064"
"202000020973";"19";"2";"2020";"07:45";"2";"67";"67482";"1";"3";"6";"3";"LA ROCHELLE (RUE DE)";"48,5523381";"7,7955682"
"202000020974";"19";"2";"2020";"14:05";"1";"64";"64445";"2";"1";"7";"6";"ALFRED DE MUSSET";"43,2964900";" -0,3616600"
"202000020975";"20";"2";"2020";"08:10";"1";"64";"64102";"2";"1";"1";"3";"PAUL PRAS (AVENUE)";"43,4860000";" -1,4762400"
"202000020976";"19";"2";"2020";"17:50";"1";"64";"64024";"2";"9";"1";"1";"PLAGES (BOULEVARD DES)";"43,5212452";" -1,5217921"
"202000020977";"20";"2";"2020";"09:40";"1";"51";"51454";"2";"1";"1";"3";"Avenue de Champagne";"49,2407953";"4,0443883"
"202000020978";"19";"2";"2020";"22:25";"5";"51";"51454";"2";"2";"2";"3";"Avenue Maurice Plongeron";"49,2897150";"4,0068590"
"202000020979";"20";"2";"2020";"15:44";"1";"50";"50218";"2";"1";"2";"6";"MARIN MARIE (RUE)";"48,8414520";" -1,5715500"
"202000020980";"8";"9";"2020";"18:40";"2";"60";"60360";"2";"1";"1";"3";"Avenue Albert 1er";"49,3255910";"2,4538830"
"202000020981";"11";"9";"2020";"13:34";"1";"80";"80033";"1";"1";"1";"3";"A1";"49,9013660";"2,8480340"
"202000020982";"9";"9";"2020";"18:07";"1";"13";"13215";"1";"1";"1";"2";"A7-Sens Marseille vers Lyon";"43,3460060";"5,3734975"
"202000020983";"2";"9";"2020";"14:45";"1";"57";"57582";"1";"1";"1";"5";"Autoroute A31";"49,2797000";"6,1727800"
"202000020984";"10";"9";"2020";"16:20";"1";"33";"33063";"1";"1";"1";"5";"ROCADE A 630";"44,8839200";" -0,5580500"
"202000020985";"4";"9";"2020";"08:40";"1";"94";"94021";"1";"1";"1";"2";"AUTOROUTE A6A";"48,7686600";"2,3447400"
"202000020986";"10";"9";"2020";"07:45";"1";"91";"91086";"1";"1";"1";"4";"RN 104";"48,6238000";"2,3763000"
"202000020987";"10";"9";"2020";"18:30";"1";"92";"92012";"1";"1";"1";"2";"A13";"48,8482424";"2,2390392"
"202000020988";"9";"9";"2020";"07:40";"1";"78";"78297";"1";"1";"1";"7";"RN12";"48,7888920";"2,0607800"
"202000020989";"10";"9";"2020";"18:40";"1";"93";"93064";"1";"1";"1";"2";"AUTOROUTE A86";"48,8816855";"2,4736059"
"202000020990";"10";"9";"2020";"17:20";"1";"95";"95277";"1";"1";"1";"2";"RD 170 ";"48,9753140";"2,4834980"
"202000020991";"10";"9";"2020";"15:10";"1";"93";"93001";"1";"1";"1";"6";"AUTOROUTE A86";"48,9216500";"2,3770800"
"202000020992";"10";"9";"2020";"13:15";"1";"93";"93005";"1";"1";"1";"3";"AUTOROUTE A3";"48,9592900";"2,4734800"
"202000020993";"9";"9";"2020";"17:10";"1";"95";"95572";"1";"1";"1";"2";"A15";"49,0323300";"2,1120700"
"202000020994";"9";"9";"2020";"17:15";"1";"93";"93066";"1";"1";"1";"3";"AUTOROUTE A1";"48,9316200";"2,3706100"
"202000020995";"9";"9";"2020";"12:00";"1";"95";"95277";"1";"1";"1";"6";"AUTOROUTE A3";"48,9709800";"2,4830100"
"202000020996";"10";"9";"2020";"18:30";"1";"77";"77294";"1";"1";"1";"2";"A104";"48,9735400";"2,5894100"
"202000020997";"10";"9";"2020";"09:45";"1";"93";"93051";"1";"1";"1";"2";"A4";"48,8354403";"2,5706513"
"202000020998";"10";"9";"2020";"09:20";"1";"94";"94017";"1";"1";"1";"3";"A4";"48,8267112";"2,5225883"
"202000020999";"9";"9";"2020";"07:45";"1";"94";"94069";"1";"1";"1";"4";"A4";"48,8173200";"2,4380700"
"202000021000";"9";"9";"2020";"08:15";"1";"988";"98818";"2";"6";"1";"7";"GERVOLINO (RUE ROGER)";" -22,2606300";"166,4695800"
"202000021001";"7";"9";"2020";"18:14";"5";"974";"97411";"2";"3";"8";"3";"JAURES (BOULEVARD JEAN)";" -20,8918700";"55,4674500"
"202000021002";"9";"9";"2020";"17:30";"1";"69";"69387";"2";"1";"1";"3";"CHALLEMEL LACOUR                    (R )";"45,7298000";"4,8313000"
"202000021003";"9";"9";"2020";"14:45";"1";"69";"69383";"2";"1";"1";"3";"ST MAXIMIN                          (R )";"45,7480539";"4,8714576"
"202000021004";"7";"9";"2020";"15:10";"1";"69";"69383";"2";"2";"1";"3";"ANDRE PHILIP                        (R )";"45,7574600";"4,8512100"
"202000021005";"9";"9";"2020";"22:35";"5";"69";"69384";"2";"2";"1";"1";"CROIX-ROUSSE (DE LA)                (BD)";"45,7737100";"4,8235000"
"202000021006";"9";"9";"2020";"17:55";"1";"69";"69384";"2";"7";"1";"3";"CROIX-ROUSSE (DE LA)                (BD)";"45,7743935";"4,8323044"
"202000021007";"9";"9";"2020";"13:50";"1";"69";"69389";"2";"2";"1";"3";"ST SIMON                            (R )";"45,7786200";"4,7982200"
"202000021008";"7";"9";"2020";"12:15";"1";"69";"69286";"2";"9";"1";"6";"Avenue du Mont Blanc";"45,8110792";"4,8954204"
"202000021009";"9";"9";"2020";"17:14";"1";"95";"95219";"2";"1";"1";"3";"LECLERC (RUE DU GENERAL)";"48,9840571";"2,2722070"
"202000021010";"9";"9";"2020";"07:30";"1";"91";"91589";"2";"1";"1";"4";"CD 25";"48,6770500";"2,3379200"
"202000021011";"6";"9";"2020";"16:00";"1";"91";"91433";"1";"1";"1";"7";"RD207";"48,4504000";"2,1739000"
"202000021012";"8";"9";"2020";"22:07";"5";"91";"91021";"2";"6";"1";"7";"VERDUN (AVENUE DE)";"48,5829700";"2,2433300"
"202000021013";"2";"9";"2020";"18:30";"1";"91";"91347";"2";"1";"1";"6";"DOCTEUR DARIER (RUE DU)";"48,6428300";"2,2923900"
"202000021014";"9";"9";"2020";"11:02";"1";"87";"87085";"2";"1";"1";"6";"BEAUBREUIL (AVENUE DE)";"45,8783500";"1,3004900"
"202000021015";"7";"9";"2020";"22:32";"5";"87";"87085";"2";"1";"1";" -1";"CHENIEUX (RUE FRANCOIS)";"45,8360900";"1,2559400"
"202000021016";"9";"9";"2020";"23:15";"5";"83";"83137";"2";"1";"1";"3";"ESTIENNE D'ORVES (AVE)";"43,1273300";"5,9176900"
"202000021017";"8";"9";"2020";"13:20";"1";"83";"83137";"2";"1";"1";" -1";"BRIAND (AVE ARISTIDE DE 1 A 1219";"43,1237940";"5,8958450"
"202000021018";"7";"9";"2020";"13:00";"1";"77";"77384";"1";"2";"1";"3";"D.306";"48,5981600";"2,5913200"
"202000021019";"8";"9";"2020";"08:20";"1";"77";"77180";"1";"1";"1";"1";"D51E1";"48,7296000";"2,6363000"
"202000021020";"8";"9";"2020";"15:30";"1";"76";"76484";"2";"1";"1";"6";"SAVOIE. RUE DE";"49,3553000";"1,0952700"
"202000021021";"9";"9";"2020";"06:28";"1";"74";"74118";"2";"1";"1";"2";"DEPORTES (ROUTE DES )";"46,1831300";"6,2306600"
"202000021022";"9";"9";"2020";"19:15";"1";"69";"69266";"2";"3";"1";"3";"GENAS    (Route de)";"45,7516100";"4,9047100"
"202000021023";"8";"9";"2020";"18:39";"1";"69";"69259";"2";"1";"1";"5";"LAURENT GERIN                       (BD)";"45,7013600";"4,8835500"
"202000021024";"8";"9";"2020";"20:33";"2";"68";"68297";"2";"2";"1";"3";"Rue de la Paix";"47,5839100";"7,5710300"
"202000021025";"8";"9";"2020";"13:22";"1";"66";"66136";"2";"1";"1";" -1";"NUNGESSER-ET-COLI (BOULEVARD)";"42,6867000";"2,8876900"
"202000021026";"9";"9";"2020";"16:25";"1";"65";"65440";"2";"1";"1";"2";"MARTINET (BOULEVARD DU)";"43,2333000";"0,0865000"