"Num_Acc";"jour";"mois";"an";"hrmn";"lum";"dep";"com";"agg";"int";"atm";"col";"adr";"lat";"long"
"202000021027";"9";"9";"2020";"07:45";"1";"64";"64445";"1";"1";"1";"2";"MARTYRS DU PONT LONG DES";"43,3402600";" -0,3798100"
"202000021028";"8";"9";"2020";"10:45";"1";"64";"64445";"2";"1";"1";"3";"CARNOT";"43,3009347";" -0,3694957"
"202000021029";"9";"9";"2020";"16:20";"1";"64";"64024";"2";"3";"7";"3";"CINQ CANTONS (RUE DES)";"43,4855800";" -1,5195100"
"202000021030";"9";"9";"2020";"08:45";"1";"64";"64102";"2";"3";"1";"3";"Avenue Dubrocq";"43,4939590";" -1,4859970"
"202000021031";"4";"9";"2020";"18:00";"1";"62";"62528";"2";"3";"1";"3";"HOCHE (R LAZARE)";"50,4604539";"2,7969026"
"202000021032";"9";"9";"2020";"03:19";"5";"59";"59512";"2";"3";"1";"7";"JAURES (AVENUE JEAN)";"50,6802900";"3,1645900"
"202000021033";"8";"9";"2020";"12:15";"1";"59";"59346";"2";"1";"1";"1";"CHANZY RUE";"50,6128265";"3,1219435"
"202000021034";"9";"9";"2020";"10:15";"1";"59";"59350";"2";"2";"1";" -1";"BEETHOVEN AVENUE";"50,6206351";"3,0343961"
"202000021035";"3";"9";"2020";"21:30";"5";"59";"59410";"2";"1";"1";"1";"SCHUMAN ROBERT AVENUE";"50,6421000";"3,1107000"
"202000021036";"9";"9";"2020";"10:05";"1";"57";"57463";"2";"1";"1";"6";"WINSTON CHURCHILL (RUE )";"49,1154700";"6,1737300"
"202000021037";"6";"9";"2020";"11:30";"1";"56";"56260";"2";"2";"1";"3";"Avenue Victor Hugo";"47,6612200";" -2,7571700"
"202000021038";"8";"9";"2020";"20:10";"1";"56";"56121";"2";"4";"1";"7";"MARIENNE ( AV CAPITAINE )";"47,7395100";" -3,3933600"
"202000021039";"8";"9";"2020";"18:35";"1";"56";"56036";"1";"1";"1";"4";"RN 165";"47,7747200";" -3,3672200"
"202000021040";"9";"9";"2020";"11:10";"1";"51";"51454";"2";"1";"1";"7";"Avenue d’Epernay";"49,2394975";"4,0136851"
"202000021041";"8";"9";"2020";"22:05";"5";"50";"50129";"2";"2";"1";"3";"TANNERIES (RUE DES)";"49,6322100";" -1,6234200"
"202000021042";"8";"9";"2020";"18:10";"1";"49";"49328";"2";"1";"1";"3";"FUSILLES (AVENUE DES) N 147";"47,2785900";" -0,0568900"
"202000021043";"8";"9";"2020";"07:20";"2";"49";"49328";"2";"3";"1";"3";"Route d'Angers D952";"47,2672400";" -0,0700500"
"202000021044";"8";"9";"2020";"14:05";"1";"49";"49007";"2";"1";"1";"6";"DESCAZEAUX BOULEVARD";"47,4763800";" -0,5662700"
"202000021045";"9";"9";"2020";"07:35";"1";"45";"45234";"2";"1";"1";"6";"Rue de Coulmiers";"47,9071500";"1,8932400"
"202000021046";"9";"9";"2020";"16:45";"1";"42";"42183";"1";"1";"1";"2";"D 201";"45,4165714";"4,3723467"
"202000021047";"9";"9";"2020";"15:10";"1";"35";"35051";"2";"1";"1";"2";"RENNES (RUE DE)";"48,1140000";" -1,6119900"
"202000021048";"9";"9";"2020";"15:00";"1";"35";"35238";"2";"1";"1";"6";"LORIENT (DE)";"48,1053722";" -1,7343495"
"202000021049";"9";"9";"2020";"12:30";"1";"35";"35238";"2";"6";"1";"6";"SANGNIER (MARC)";"48,0933100";" -1,6584700"
"202000021050";"9";"9";"2020";"12:30";"1";"35";"35238";"2";"3";"1";"3";"3 Avenue Sir Winston Churchill";"48,1170700";" -1,7080300"
"202000021051";"9";"9";"2020";"08:27";"1";"35";"35238";"2";"3";"1";"3";"29 Rue de Belleville";"48,0997900";" -1,6608400"
"202000021052";"9";"9";"2020";"09:50";"1";"33";"33063";"2";"3";"1";"3";"Quai de la Souys";"44,8282493";" -0,5399744"
"202000021053";"9";"9";"2020";"07:30";"2";"31";"31555";"2";"1";"1";"3";"BD DE LA MEDITERRANEE";"43,5821400";"1,4630500"
"202000021054";"8";"9";"2020";"11:45";"1";"31";"31555";"2";"1";"1";"3";"GAUSSENS (rue henry)";"43,6618300";"1,4324700"
"202000021055";"5";"9";"2020";"14:25";"1";"31";"31555";"1";"1";"1";"2";"VA007331 A620";"43,5687700";"1,4207100"
"202000021056";"9";"9";"2020";"13:40";"1";"30";"30189";"2";"1";"2";"1";"SAUVE (ROUTE)";"43,8436000";"4,3078000"
"202000021057";"9";"9";"2020";"19:10";"1";"29";"29051";"1";"1";"1";"7";"D15 - Avenue de Coray";"48,0041100";" -4,0341900"
"202000021058";"9";"9";"2020";"14:30";"1";"28";"28220";"1";"9";"1";"2";"ROUTE NATIONALE 123";"48,4162300";"1,4755800"
"202000021059";"8";"9";"2020";"21:22";"3";"27";"27229";"2";"2";"1";"2";"NORMANDIE (BOULEVARD DE)";"49,0185500";"1,1425000"
"202000021060";"7";"9";"2020";"11:10";"1";"26";"26362";"2";"1";"1";"6";"435 Avenue Victor Hugo";"44,9104500";"4,8840900"
"202000021061";"9";"9";"2020";"15:57";"1";"25";"25056";"2";"6";"1";"6";"MONTARMOTS";"47,2606240";"6,0274650"
"202000021062";"8";"9";"2020";"18:38";"2";"25";"25056";"2";"1";"7";"3";"CHALEZEULE";"47,2487000";"6,0452000"
"202000021063";"9";"9";"2020";"19:40";"1";"17";"17200";"2";"6";"1";"7";"VENDOME   RUE DU MOULIN  DE";"46,1779500";" -1,1526600"
"202000021064";"8";"9";"2020";"11:15";"1";"14";"14366";"2";"1";"1";"2";"GENERAL LECLERC (RUE DU)";"49,1540588";"0,2233062"
"202000021065";"10";"9";"2020";"01:25";"5";"13";"13214";"2";"1";"1";"6";"MAISON BLANCHE (TRAVERSE)";"43,3294000";"5,3748600"
"202000021066";"9";"9";"2020";"13:00";"1";"13";"13212";"2";"1";"1";"2";"PIERRE CHEVALIER (avenue)";"43,5789600";"5,5549400"
"202000021067";"9";"9";"2020";"07:30";"1";"13";"13001";"1";"1";"8";"7";"RD9";"43,4856500";"5,3570100"
"202000021068";"8";"9";"2020";"13:30";"1";"10";"10333";"2";"1";"1";"7";"ECHENILLY (RUE)";"48,2650700";"4,0401800"
"202000021069";"8";"9";"2020";"19:00";"2";"06";"06088";"2";"1";"1";"6";"STADE DU RAY";"43,7000000";"7,2500000"
"202000021070";"9";"9";"2020";"20:20";"5";"06";"06083";"2";"1";"1";"1";"ST ROMAN (AVENUE)";"43,8069000";"7,4876000"
"202000021071";"8";"9";"2020";"16:39";"1";"05";"05061";"2";"6";"1";"3";"CHARLES AUROUZE ( RUE )";"44,5637858";"6,0785582"
"202000021072";"29";"7";"2020";"14:40";"1";"02";"02722";"2";"7";"1";"2";"PORTE CROUY ( RUE )";"49,3855600";"3,3326900"
"202000021073";"18";"7";"2020";"14:50";"1";"02";"02064";"1";"1";"1";"4";"ROUTE NATIONALE 2";"49,3639900";"3,3446800"
"202000021074";"8";"9";"2020";"16:20";"1";"75";"75112";"2";"1";"1";"3";"BOULEVARD PERIPHERIQUE";"48,8330990";"2,4071660"
"202000021075";"8";"9";"2020";"15:50";"1";"75";"75119";"2";"1";"1";"3";"BOULEVARD PERIPHERIQUE";"48,9004330";"2,3861580"
"202000021076";"8";"9";"2020";"20:42";"5";"75";"75113";"2";"1";"1";"6";"QUAI D IVRY";"48,8254320";"2,3883750"
"202000021077";"9";"9";"2020";"15:55";"1";"75";"75120";"2";"1";"1";"3";"BOULEVARD DE MENILMONTANT";"48,8653550";"2,3847990"
"202000021078";"9";"9";"2020";"12:10";"1";"75";"75112";"2";"1";"1";"4";"QUAI DE LA RAPEE";"48,8420120";"2,3725720"
"202000021079";"9";"9";"2020";"19:35";"1";"75";"75117";"2";"1";"1";"7";"AVENUE STEPHANE MALLARME";"48,8868070";"2,2936570"
"202000021080";"9";"9";"2020";"17:15";"1";"75";"75117";"2";"1";"1";"6";"RUE JACQUES IBERT";"48,8871760";"2,2870250"
"202000021081";"9";"9";"2020";"13:30";"1";"75";"75117";"2";"3";"1";"6";"RUE CARDINET";"48,8911250";"2,3180210"
"202000021082";"9";"9";"2020";"16:30";"1";"75";"75116";"2";"2";"1";"3";"ROUTE DE LA PTE DAUPHINE A LA PTE DES SA";"48,8749330";"2,2710940"
"202000021083";"9";"9";"2020";"18:45";"1";"75";"75114";"2";"2";"1";"6";"RUE FROIDEVAUX";"48,8360190";"2,3276350"
"202000021084";"9";"9";"2020";"09:30";"1";"75";"75115";"2";"4";"1";"3";"RUE DE LA CROIX NIVERT";"48,8344150";"2,2899420"
"202000021085";"8";"9";"2020";"18:35";"1";"75";"75115";"2";"3";"1";"3";"RUE DE VAUGIRARD";"48,8406080";"2,3049920"
"202000021086";"9";"9";"2020";"17:25";"1";"75";"75114";"2";"3";"1";"6";"AVENUE DU GENERAL LECLERC";"48,8239710";"2,3257030"
"202000021087";"9";"9";"2020";"18:16";"1";"75";"75113";"2";"1";"1";"3";"QUAI D AUSTERLITZ";"48,8429900";"2,3664130"
"202000021088";"9";"9";"2020";"20:50";"5";"75";"75112";"2";"2";"1";"6";"ROUTE DE LA FERME";"48,8262030";"2,4627120"
"202000021089";"8";"9";"2020";"18:30";"1";"75";"75120";"2";"1";"1";"3";"BOULEVARD PERIPHERIQUE";"48,8527130";"2,4144640"
"202000021090";"9";"9";"2020";"08:10";"1";"75";"75112";"2";"1";"1";"3";"RUE PARROT";"48,8470560";"2,3746410"
"202000021091";"8";"9";"2020";"13:45";"1";"75";"75112";"2";"1";"1";"2";"RUE DE PICPUS";"48,8436490";"2,3966950"
"202000021092";"9";"9";"2020";"18:40";"1";"75";"75111";"2";"5";"1";"3";"AVENUE DE LA REPUBLIQUE";"48,8640120";"2,3811730"
"202000021093";"9";"9";"2020";"17:45";"1";"75";"75111";"2";"2";"1";"3";"RUE DU GRAND PRIEURE";"48,8664750";"2,3682030"
"202000021094";"9";"9";"2020";"19:45";"4";"75";"75108";"2";"1";"1";"6";"RUE DE MARIGNAN";"48,8685670";"2,3063600"
"202000021095";"9";"9";"2020";"14:30";"1";"75";"75108";"2";"3";"1";"3";"RUE DE ROME";"48,8804600";"2,3213260"
"202000021096";"9";"9";"2020";"08:45";"1";"75";"75107";"2";"1";"1";"2";"QUAI D ORSAY";"48,8623250";"2,3067600"
"202000021097";"9";"9";"2020";"22:10";"5";"75";"75102";"2";"1";"1";"3";"BOULEVARD DE SEBASTOPOL";"48,8656840";"2,3522240"
"202000021098";"9";"9";"2020";"20:15";"5";"75";"75101";"2";"3";"1";"3";"BOULEVARD DE SEBASTOPOL";"48,8629370";"2,3506870"
"202000021099";"9";"9";"2020";"07:55";"1";"94";"94068";"2";"1";"1";"3";"BOURDIGNON (R)";"48,8028700";"2,4764480"
"202000021100";"8";"9";"2020";"15:20";"1";"94";"94068";"2";"3";"1";"1";"REVOLUTION FRANCAISE (AV DE LA)";"48,7940100";"2,4991400"
"202000021101";"9";"9";"2020";"12:20";"1";"94";"94046";"2";"2";"1";"6";"GEORGES CLEMENCEAU (AV)";"48,8082400";"2,4434600"
"202000021102";"8";"9";"2020";"23:00";"5";"94";"94041";"2";"1";"1";" -1";"GEORGES GOSNAT (AV)";"48,8129540";"2,3875250"
"202000021103";"9";"9";"2020";"18:50";"1";"94";"94078";"2";"1";"1";"6";"CHARLES DE GAULLE (AV)";"48,7472000";"2,4540000"
"202000021104";"9";"9";"2020";"15:30";"1";"94";"94054";"2";"1";"1";"6";"ONZE NOVEMBRE 1918 (R DU)";"48,7414000";"2,4029000"
"202000021105";"9";"9";"2020";"14:30";"1";"93";"93078";"2";"1";"1";"4";"BD ROBERT BALLANGER";"48,9563800";"2,5415000"
"202000021106";"9";"9";"2020";"18:00";"1";"93";"93071";"2";"1";"1";"3";"WESTINGHOUSE (BOULEVARD)";"48,9269702";"2,5199346"
"202000021107";"9";"9";"2020";"21:30";"5";"93";"93064";"2";"2";"1";"3";"ALSACE-LORRAINE (BOULEVARD)";"48,8839100";"2,4882900"
"202000021108";"9";"9";"2020";"08:00";"1";"93";"93055";"2";"1";"1";"6";"ANATOLE FRANCE (AVENUE)";"48,8951000";"2,4255100"
"202000021109";"9";"9";"2020";"16:00";"1";"93";"93051";"2";"1";"1";"3";"MONTAIGNE (AVE)";"48,8450500";"2,5388300"
"202000021110";"8";"9";"2020";"16:30";"1";"93";"93051";"2";"6";"1";"2";"CHAMPY RICHARDETS (BOULEVARD)";"48,8379000";"2,5817000"
"202000021111";"9";"9";"2020";"09:45";"1";"93";"93050";"2";"1";"1";"6";"BD DU MARECHAL FOCH";"48,8544300";"2,5211900"
"202000021112";"9";"9";"2020";"16:00";"1";"93";"93048";"2";"1";"1";"2";"ROUGET DE L'ISLE (BOULEVARD)";"48,8590974";"2,4379793"
"202000021113";"8";"9";"2020";"20:30";"2";"93";"93031";"2";"1";"1";"6";"FELIX MERLIN";"48,9552900";"2,2952000"
"202000021114";"9";"9";"2020";"22:39";"5";"93";"93027";"2";"1";"1";"6";"CONVENTION (RUE DE LA)";"48,9279049";"2,3910463"
"202000021115";"9";"9";"2020";"17:35";"1";"93";"93010";"2";"1";"1";"3";"GUESDES (RUE JULES)";"48,9035892";"2,4774775"
"202000021116";"9";"9";"2020";"11:05";"1";"93";"93010";"2";"1";"1";"2";"GALLIENI (AV.) DE 2 A 96";"48,9047865";"2,4748812"
"202000021117";"8";"9";"2020";"08:00";"1";"93";"93057";"2";"1";"1";"6";"BRIAND ( AV. ARISTIDE) 1 A29";"48,9078435";"2,4934573"
"202000021118";"9";"9";"2020";"20:45";"5";"93";"93008";"2";"2";"1";"6";"CALLAS (RUE MARIA)";"48,9088312";"2,4537741"
"202000021119";"9";"9";"2020";"18:15";"1";"93";"93055";"2";"1";"1";"2";"JEAN JAURES (AVENUE) (76/128)";"48,9081700";"2,3970500"
"202000021120";"7";"9";"2020";"22:00";"5";"93";"93007";"2";"1";"1";"6";"Avenue du Marechal Foch";"48,9275186";"2,4680880"
"202000021121";"9";"9";"2020";"15:10";"1";"93";"93005";"2";"9";"1";"6";"CROIX BLANCHE (AVENUE DE LA)";"48,9248140";"2,4995140"
"202000021122";"9";"9";"2020";"14:05";"1";"93";"93005";"2";"2";"1";"3";"R DE LA CONCORDE / R JULES PRINCET";"48,9367580";"2,4972400"
"202000021123";"8";"9";"2020";"12:50";"1";"93";"93001";"2";"3";"2";" -1";"REPUBLIQUE (AVE DE LA ) 43/106 =>";"48,9043184";"2,3914590"
"202000021124";"8";"9";"2020";"23:35";"5";"92";"92075";"2";"6";"1";"3";"ERNEST LAVAL (RUE)";"48,8204002";"2,2909713"
"202000021125";"9";"9";"2020";"00:45";"5";"92";"92072";"2";"2";"1";"3";"GRANDE RUE";"48,8264500";"2,2193900"
"202000021126";"9";"9";"2020";"12:40";"1";"92";"92050";"2";"1";"1";"6";"POINCARE RAYMOND RUE";"48,8894620";"2,1874950"
"202000021127";"9";"9";"2020";"20:20";"5";"92";"92020";"2";"1";"1";"7";"VERDUN AVENUE DE AUTRES N°";"48,8005500";"2,2832900"
"202000021128";"9";"9";"2020";"15:30";"1";"92";"92040";"2";"1";"1";"7";"PDT ROOSEVELT (QUAI DU)";"48,8330840";"2,2638440"
"202000021129";"9";"9";"2020";"10:30";"1";"92";"92036";"2";"2";"1";"3";"MARCEL PAUL (AVENUE) (52/102)";"48,9368200";"2,3039120"
"202000021130";"8";"9";"2020";"17:45";"1";"92";"92035";"2";"1";"1";"4";"VERDUN 1916 (AV)";"48,9066460";"2,2380680"
"202000021131";"9";"9";"2020";"21:10";"5";"92";"92062";"2";"1";"1";"7";"MICHELET (RUE)";"48,8882500";"2,2447700"
"202000021132";"9";"9";"2020";"13:35";"1";"92";"92026";"2";"9";"1";"3";"VICTOR HUGO (DE 01 A 45)";"48,8929454";"2,2550189"
"202000021133";"9";"9";"2020";"15:00";"1";"92";"92002";"2";"1";"1";"1";"ARMAND GUILLEBAUD (AVENUE)";"48,7480797";"2,3087095"
"202000021134";"5";"9";"2020";"19:20";"1";"92";"92002";"2";"7";"1";"3";"ARISTIDE BRIAND (AVENUE)";"48,7633200";"2,3091400"
"202000021135";"9";"9";"2020";"19:59";"2";"08";"08329";"1";"1";"1";"7";"D3";"49,6059820";"4,4648270"
"202000021136";"9";"9";"2020";"12:15";"1";"86";"86203";"1";"1";"1";"6";"Voie  communale n°3";"46,2950500";"0,6659070"
"202000021137";"9";"9";"2020";"17:30";"1";"01";"01033";"1";"1";"1";"6";"A40";"46,1062930";"5,8094650"
"202000021138";"9";"9";"2020";"18:45";"1";"16";"16316";"2";"1";"1";"3";"Rue de Verrieres";"45,5770230";" -0,2994890"
"202000021139";"9";"9";"2020";"14:50";"1";"74";"74295";"1";"1";"1";"5";"Le Jotty (Arrêt de bus)";"46,3069870";"6,6134910"
"202000021140";"9";"9";"2020";"14:00";"1";"64";"64410";"2";"6";"1";"3";"Avenue Charles Moureu";"43,3831870";" -0,6111570"
"202000021141";"10";"9";"2020";"10:50";"1";"62";"62769";"1";"2";"1";"3";"D305";"50,9083200";"1,8584600"
"202000021142";"10";"9";"2020";"12:00";"1";"42";"42032";"2";"1";"1";"6";"Route de Couttanges";"45,5136319";"4,5601364"
"202000021143";"9";"9";"2020";"15:30";"1";"69";"69260";"2";"1";"1";"6";"791 Chemin des Gaupières";"45,6504850";"4,8024350"
"202000021144";"10";"9";"2020";"05:43";"3";"57";"57465";"1";"1";"1";"1";"D918";"49,3239750";"6,2595460"
"202000021145";"9";"9";"2020";"07:29";"2";"57";"57414";"1";"3";"7";"1";"D44bis";"48,6589810";"7,0195340"
"202000021146";"10";"9";"2020";"18:50";"1";"19";"19117";"1";"1";"1";"1";"N/A";"45,0955239";"1,4721304"
"202000021147";"9";"9";"2020";"22:15";"3";"74";"74062";"2";"1";"1";"6";"1009 Route d'Annecy";"45,9784450";"6,1642850"
"202000021148";"10";"9";"2020";"10:25";"1";"76";"76387";"1";"2";"1";"3";"cd142";"49,7052220";"0,8885190"
"202000021149";"31";"8";"2020";"17:10";"1";"76";"76728";"1";"1";"1";"6";"Rue de l'Orme";"49,4875310";"0,9837380"
"202000021150";"9";"9";"2020";"08:40";"1";"80";"80062";"1";"2";"1";"3";"D1015";"49,8371490";"1,7654030"
"202000021151";"10";"9";"2020";"17:00";"1";"65";"65171";"1";"2";"1";"3";"D618";"42,8210760";"0,4172550"
"202000021152";"10";"9";"2020";"10:35";"1";"32";"32410";"1";"1";"1";"6";"D39";"43,5084100";"0,9488050"
"202000021153";"10";"9";"2020";"11:20";"1";"11";"11170";"2";"1";"1";"6";"Boulevard de la Corderie";"43,1048150";"3,0951080"
"202000021154";"9";"9";"2020";"15:50";"1";"49";"49339";"2";"3";"1";"3";"4 Chemin du Lavoir";"47,5777960";" -0,5467740"
"202000021155";"9";"9";"2020";"17:30";"1";"34";"34013";"2";"3";"2";"1";"1 Chemin des Pins";"43,5632160";"3,4490740"
"202000021156";"9";"9";"2020";"20:30";"3";"39";"39099";"1";"1";"1";"5";"N/A";"47,0186090";"5,3801680"
"202000021157";"8";"9";"2020";"16:00";"1";"25";"25367";"2";"3";"1";"3";"TEMPLE";"47,4512790";"6,8071030"
"202000021158";"10";"9";"2020";"10:40";"1";"25";"25537";"1";"1";"1";"1";"PUITS NOIR";"47,1278760";"6,1239980"
"202000021159";"9";"9";"2020";"17:55";"1";"29";"29185";"2";"2";"1";"3";"4 Boulevard de l'Europe";"48,6584096";" -4,1683251"
"202000021160";"9";"9";"2020";"20:00";"2";"29";"29036";"1";"4";"1";"6";"D17 - 286 Lieu Dit Treflech";"48,2918239";" -3,7408907"
"202000021161";"9";"9";"2020";"18:45";"1";"29";"29100";"1";"2";"1";"1";"Boteden";"48,5704762";" -4,3925999"
"202000021162";"10";"9";"2020";"12:30";"1";"38";"38249";"1";"4";"1";"3";"A41";"45,2231000";"5,8213810"
"202000021163";"9";"9";"2020";"16:05";"1";"02";"02307";"2";"1";"1";"3";"4 Rue de Meaux";"49,1752970";"3,1259540"
"202000021164";"10";"9";"2020";"10:45";"1";"15";"15187";"2";"9";"1";"6";"18 Avenue de la République";"45,0335750";"3,1029993"
"202000021165";"10";"9";"2020";"09:20";"1";"01";"01163";"1";"2";"1";"1";"D28B";"46,3716950";"5,1906110"
"202000021166";"9";"9";"2020";"15:05";"1";"66";"66222";"2";"1";"1";"3";"Boulevard Clemenceau";"42,5476770";"2,3888970"
"202000021167";"10";"9";"2020";"17:30";"1";"06";"06079";"2";"1";"1";"2";"Avenue de Frejus Paul Ricard";"43,5380170";"6,9350410"
"202000021168";"10";"9";"2020";"07:30";"1";"14";"14738";"2";"3";"1";"3";"1 Rue des Alizés";"49,1581520";" -0,4585670"
"202000021169";"10";"9";"2020";"11:30";"1";"05";"05128";"1";"1";"1";"3";"Saint-André-d'Embrun";"44,5662570";"6,5216200"
"202000021170";"7";"9";"2020";"10:15";"1";"05";"05040";"2";"6";"1";"6";"6 Place du Grand Logis";"44,5471910";"6,2776140"
"202000021171";"9";"9";"2020";"21:40";"3";"90";"90084";"1";"1";"1";"6";"D49";"47,6511730";"7,0196310"
"202000021172";"10";"6";"2020";"10:28";"1";"75";"75119";"2";"3";"1";"3";"AVENUE JEAN JAURES";"48,8851710";"2,3793630"
"202000021173";"10";"6";"2020";"13:10";"1";"75";"75118";"2";"1";"1";"6";"BOULEVARD ORNANO";"48,8966420";"2,3454390"
"202000021174";"10";"6";"2020";"01:25";"5";"75";"75116";"2";"2";"1";"6";"ALLEE DE LONGCHAMP";"48,8637240";"2,2401460"
"202000021175";"10";"6";"2020";"07:35";"1";"75";"75114";"2";"7";"1";"6";"PLACE DU VINGT CINQ AOUT 1944";"48,8230390";"2,3254970"
"202000021176";"10";"6";"2020";"13:56";"1";"75";"75107";"2";"1";"1";"6";"QUAI D ORSAY";"48,8628650";"2,3145050"
"202000021177";"10";"6";"2020";"17:45";"1";"75";"75101";"2";"3";"1";"6";"BOULEVARD DE SEBASTOPOL";"48,8595310";"2,3487850"
"202000021178";"9";"6";"2020";"15:55";"1";"75";"75102";"2";"4";"1";"6";"AVENUE DE L OPERA";"48,8677680";"2,3335640"
"202000021179";"9";"6";"2020";"15:55";"1";"75";"75104";"2";"3";"1";"1";"RUE SAINT ANTOINE";"48,8546360";"2,3627680"
"202000021180";"9";"6";"2020";"18:05";"1";"94";"94081";"2";"2";"1";"3";"BERTHIE ALBRECHT (R)";"48,7982800";"2,4117400"
"202000021181";"10";"6";"2020";"21:35";"2";"94";"94003";"2";"3";"1";"6";"COLONEL FABIEN (R DU)";"48,8011400";"2,3367900"
"202000021182";"10";"6";"2020";"19:00";"5";"94";"94076";"2";"9";"8";"3";"STALINGRAD (AV DE)";"48,7822800";"2,3670400"
"202000021183";"10";"6";"2020";"18:00";"1";"94";"94038";"2";"1";"1";"7";"DIVISION LECLERC (AV)";"48,7757800";"2,3303400"
"202000021184";"8";"6";"2020";"22:25";"5";"94";"94028";"2";"1";"1";"7";"HALPERN.(AVENUE BERNARD)";"48,7853522";"2,4578092"
"202000021185";"10";"6";"2020";"18:20";"1";"94";"94077";"2";"2";"1";"3";"ROGER SALENGRO (R)";"48,7372240";"2,4110720"
"202000021186";"9";"6";"2020";"16:55";"1";"94";"94022";"2";"9";"1";"6";"ALLIES (BD DES)";"48,7654770";"2,4046720"
"202000021187";"10";"6";"2020";"18:00";"1";"94";"94017";"2";"1";"1";"3";"GENERAL DE GAULLE (AV DU)";"48,8272900";"2,5126400"
"202000021188";"9";"6";"2020";"15:35";"1";"94";"94002";"2";"1";"1";"3";"LATERAL (CHE)";"48,8078300";"2,4235500"
"202000021189";"10";"6";"2020";"16:15";"1";"93";"93078";"2";"3";"1";"3";"DAMBEL (AVENUE EMILE)";"48,9524082";"2,5504720"
"202000021190";"10";"6";"2020";"11:05";"1";"93";"93051";"2";"2";"1";"3";"MARECHAL JUIN (AVENUE)";"48,8418997";"2,5687847"
"202000021191";"10";"6";"2020";"12:45";"1";"93";"93047";"2";"1";"1";"6";"BARGUE  (BOULEVARD)";"48,9012521";"2,5584483"
"202000021192";"10";"6";"2020";"21:45";"5";"93";"93007";"2";"1";"1";"1";"SAINT-PIERRE (ROND-POINT)";"48,9282453";"2,4635475"
"202000021193";"10";"6";"2020";"13:50";"1";"93";"93001";"2";"9";"1";"6";"AV VICTOR HUGO ";"48,9111308";"2,3792800"
"202000021194";"8";"6";"2020";"17:50";"1";"92";"92050";"2";"5";"8";"3";"HAVRE BOULEVARD DU";"48,9188200";"2,2228000"
"202000021195";"10";"6";"2020";"14:00";"1";"92";"92044";"2";"2";"1";"3";"ARISTIDE BRIAND(RUE)1A49 ET 2A52";"48,8904165";"2,2836529"
"202000021196";"12";"4";"2020";"14:30";"1";"92";"92025";"2";"2";"1";"6";"GABRIEL PERI (RUE)";"48,9146190";"2,2290370"
"202000021197";"10";"6";"2020";"18:15";"1";"92";"92023";"2";"1";"1";"6";"REAUMUR (AVENUE)";"48,7796300";"2,2401600"
"202000021198";"10";"6";"2020";"11:35";"1";"92";"92012";"2";"1";"1";"3";"ROBERT SCHUMAN (AVENUE)";"48,8417350";"2,2483670"
"202000021199";"11";"6";"2020";"17:15";"1";"51";"51352";"1";"1";"3";"7";"N4";"48,7143270";"4,6364450"
"202000021200";"10";"6";"2020";"13:35";"1";"24";"24139";"1";"2";"1";"3";"Route de la Petite Morinie";"45,1215630";"0,6442830"
"202000021201";"11";"6";"2020";"16:10";"1";"06";"06161";"1";"1";"1";"3";"Route du Bord de Mer";"43,6195940";"7,1302720"
"202000021202";"11";"6";"2020";"16:15";"1";"38";"38133";"2";"3";"1";"3";"Route de Grenoble";"45,3506750";"5,5960700"
"202000021203";"11";"6";"2020";"12:50";"1";"23";"23082";"1";"1";"1";"3";"41 Le 3 et Demi";"46,2213590";"1,6876190"
"202000021204";"11";"6";"2020";"09:35";"1";"62";"62677";"1";"1";"1";"6";"D928";"50,3311600";"2,0236050"
"202000021205";"10";"6";"2020";"18:32";"1";"51";"51093";"1";"2";"1";"3";"D36";"49,0022730";"3,8798150"
"202000021206";"7";"6";"2020";"14:25";"1";"19";"19164";"1";"1";"8";"7";"Chammet";"45,7063453";"1,9930182"
"202000021207";"11";"6";"2020";"16:15";"1";"80";"80656";"1";"1";"1";"1";"D1029";"49,8120410";"2,0648290"
"202000021208";"11";"6";"2020";"21:00";"3";"82";"82013";"1";"1";"2";"6";"Route de Vigueron";"43,8848760";"1,0167020"
"202000021209";"10";"6";"2020";"21:10";"2";"81";"81045";"1";"1";"1";"6";"Rue Charles Liozu";"44,0764180";"1,9370810"
"202000021210";"10";"6";"2020";"12:44";"1";"61";"61196";"1";"3";"1";"3";"Lieu Dit le Bois Fezedin";"48,3772400";"0,5917600"
"202000021211";"10";"6";"2020";"13:45";"1";"61";"61103";"1";"2";"1";"3";"D438";"48,8566820";"0,3629030"
"202000021212";"11";"6";"2020";"20:40";"1";"49";"49069";"1";"1";"8";"7";"D17";"47,3069724";" -1,2182592"
"202000021213";"8";"6";"2020";"12:30";"1";"34";"34072";"1";"1";"1";"7";"D148";"43,6679100";"3,3354130"
"202000021214";"9";"6";"2020";"23:45";"3";"29";"29014";"1";"1";"1";"7";"Lieu Dit Kerambellec";"48,5412680";" -3,6348230"
"202000021215";"11";"6";"2020";"05:45";"2";"31";"31536";"1";"1";"2";"6";"D5";"43,1677675";"0,7464456"
"202000021216";"11";"6";"2020";"17:15";"1";"38";"38069";"1";"2";"1";"3";"Route du Contour";"45,4359500";"5,3050600"
"202000021217";"10";"6";"2020";"20:00";"2";"73";"73032";"1";"1";"2";"6";"N90";"45,6244223";"6,4461316"
"202000021218";"8";"6";"2020";"08:55";"1";"07";"07204";"1";"4";"1";" -1";"D9";"45,0187600";"4,4069930"
"202000021219";"11";"6";"2020";"07:45";"1";"85";"85081";"1";"1";"3";"1";"La Maison Neuve";"46,7712300";" -1,3398170"
"202000021220";"10";"6";"2020";"18:55";"1";"08";"08222";"2";"2";"1";"3";"129 Rue Saint-louis";"50,0001400";"4,6982220"
"202000021221";"10";"6";"2020";"18:20";"1";"33";"33199";"1";"1";"8";"4";"A660";"44,6148605";" -1,0940090"