"Num_Acc";"jour";"mois";"an";"hrmn";"lum";"dep";"com";"agg";"int";"atm";"col";"adr";"lat";"long"
"202000021222";"13";"5";"2020";"03:45";"3";"67";"67434";"1";"1";"1";"7";"A4";"48,9378225";"7,1072833"
"202000021223";"10";"6";"2020";"15:20";"1";"45";"45093";"1";"1";"1";"2";"A10 - PK 84 + 600";"48,0282006";"1,8405755"
"202000021224";"9";"6";"2020";"17:20";"1";"95";"95250";"2";"1";"1";"5";"Avenue de Beaumont";"49,1028700";"2,5165500"
"202000021225";"7";"6";"2020";"18:20";"2";"971";"97125";"1";"1";"1";" -1";"N4";"16,2541580";" -61,3190960"
"202000021226";"9";"6";"2020";"13:00";"1";"77";"77222";"1";"1";"1";"1";"NATIONALE 36";"48,6313100";"2,7805580"
"202000021227";"9";"6";"2020";"12:30";"1";"2B";"2B042";"2";"3";"1";"1";"Lotissement Mare E Monte";"42,5780760";"9,4355990"
"202000021228";"10";"6";"2020";"15:15";"1";"34";"34318";"1";"1";"1";"7";"Route de Fontanes";"43,8126360";"3,9321830"
"202000021229";"11";"6";"2020";"12:20";"1";"13";"13040";"1";"2";"1";"3";"1280 Avenue Ferdinand Arnaud";"43,4404130";"5,5292940"
"202000021230";"11";"6";"2020";"12:45";"1";"74";"74056";"2";"1";"1";"2";"D1506";"45,9238060";"6,8756420"
"202000021231";"9";"6";"2020";"16:15";"1";"16";"16121";"1";"1";"1";"6";"Ld Les Quatre Journeaux";"45,7002670";"0,0066030"
"202000021232";"11";"6";"2020";"06:45";"1";"27";"27330";"2";"1";"1";"6";"D19";"49,2432860";"1,2631220"
"202000021233";"7";"6";"2020";"02:30";"3";"13";"13026";"1";"1";"1";" -1";"A55-Sens Marseille vers Martigues";"43,3799430";"5,1616300"
"202000021234";"10";"6";"2020";"21:10";"2";"92";"92002";"1";"1";"1";"3";"AUTOROUTE A86";"48,7605470";"2,2883360"
"202000021235";"10";"6";"2020";"03:20";"3";"94";"94034";"1";"1";"1";"2";"AUTOROUTE A6B";"48,7505000";"2,3286200"
"202000021236";"2";"6";"2020";"09:55";"1";"93";"93053";"1";"1";"1";"4";"AUTOROUTE A3";"48,8841900";"2,4651800"
"202000021237";"10";"6";"2020";"08:00";"1";"77";"77363";"1";"1";"1";" -1";"A104";"48,9184372";"2,6322883"
"202000021238";"9";"6";"2020";"00:30";"4";"94";"94028";"1";"1";"1";"2";"A86 EXT";"48,7894964";"2,4402226"
"202000021239";"29";"1";"2020";"13:10";"1";"76";"76341";"2";"2";"1";"2";"ROBERT ANCEL";"49,5181129";"0,2037496"
"202000021240";"8";"6";"2020";"17:50";"5";"988";"98818";"2";"3";"1";"2";"ROUTE DE L'ANSE VATA/RUE BLAISE PASCAL";" -22,2990900";"166,4447500"
"202000021241";"9";"6";"2020";"08:40";"1";"974";"97416";"1";"1";"7";"6";"MAURICE THOREZ(CHEMIN)";" -21,2762193";"55,4702146"
"202000021242";"9";"6";"2020";"13:40";"1";"974";"97411";"2";"2";"1";"6";"PONT (RUE DU)";" -20,8781000";"55,4458000"
"202000021243";"9";"6";"2020";"20:48";"2";"69";"69149";"2";"2";"2";"7";"GRANDE RUE                          (GR)";"45,7174024";"4,8096478"
"202000021244";"9";"6";"2020";"16:15";"1";"69";"69389";"2";"1";"2";"6";"FRERE BENOIT (DU)                   (R )";"45,7656700";"4,7948700"
"202000021245";"6";"6";"2020";"18:40";"1";"69";"69149";"2";"1";"1";"6";"SARRA (DE LA)                       (R )";"45,7112200";"4,8026500"
"202000021246";"9";"6";"2020";"06:55";"2";"69";"69382";"2";"1";"2";"7";"GALLIENI                            (PT)";"45,7485500";"4,8312200"
"202000021247";"9";"6";"2020";"10:05";"1";"2B";"2B037";"2";"1";"1";" -1";"TOUTES RUES";"42,6217500";"9,4370300"
"202000021248";"9";"6";"2020";"17:30";"1";"91";"91174";"2";"9";"1";"1";"JOHN KENNEDY (BOULEVARD)";"48,5795400";"2,4761900"
"202000021249";"6";"6";"2020";"15:45";"1";"91";"91347";"2";"2";"1";"3";"PERRAY (RUE DU)";"48,6604000";"2,2761800"
"202000021250";"8";"6";"2020";"21:47";"2";"87";"87085";"2";"1";"2";"6";"GARIBALDI (AVENUE)";"45,8386900";"1,2584200"
"202000021251";"9";"6";"2020";"07:40";"1";"85";"85191";"2";"1";"7";"1";"Rue Jacques Daguerre";"46,7037000";" -1,4303900"
"202000021252";"9";"6";"2020";"18:55";"1";"83";"83137";"2";"1";"1";"3";"BROSSET (BD GENERAL)";"43,1281962";"5,9057867"
"202000021253";"9";"6";"2020";"15:20";"1";"83";"83137";"2";"1";"1";"3";"VINCENT (AVE EMILE)";"43,1301000";"5,9267600"
"202000021254";"8";"6";"2020";"11:55";"1";"83";"83137";"2";"1";"1";"3";"ESCARTEFIGUE (CORNICHE DU 746 A FIN";"43,1352574";"5,9424338"
"202000021255";"8";"6";"2020";"16:00";"1";"76";"76540";"2";"1";"1";"3";"NANSEN. RUE FRIDTJOF";"49,4468600";"1,0608200"
"202000021256";"8";"6";"2020";"20:05";"1";"76";"76481";"2";"3";"1";" -1";"HIPPOCRATE (RUE)";"49,5296700";"0,1070100"
"202000021257";"8";"6";"2020";"10:44";"1";"72";"72181";"2";"1";"1";"3";"COLLET ROBERT (RUE)";"47,9751300";"0,2183800"
"202000021258";"8";"6";"2020";"21:52";"2";"67";"67482";"2";"8";"1";"3";"VICTOIRE (BOULEVARD DE LA)";"48,5840750";"7,7590600"
"202000021259";"8";"6";"2020";"08:05";"1";"67";"67482";"2";"1";"1";" -1";"ROBERTSAU (ALLEE DE LA)";"48,5905200";"7,7685100"
"202000021260";"8";"6";"2020";"19:27";"1";"66";"66136";"2";"1";"1";"2";"BOURRAT BOULEVARD JEAN";"42,7013900";"2,9004100"
"202000021261";"8";"6";"2020";"14:25";"1";"64";"64445";"2";"1";"1";" -1";"TOURASSE";"43,3091600";" -0,3440000"
"202000021262";"9";"6";"2020";"12:55";"1";"64";"64102";"2";"1";"1";"7";"JEAN DARRIGRAND (AVENUE)";"43,4812000";" -1,4882000"
"202000021263";"9";"6";"2020";"05:10";"3";"64";"64024";"2";"1";"8";"1";"N/A";"43,4727570";" -1,5348622"
"202000021264";"8";"6";"2020";"09:45";"1";"64";"64102";"2";"1";"1";"2";"ALLEES MARINES (ROND POINT DES)";"43,4982600";" -1,4873600"
"202000021265";"8";"6";"2020";"08:10";"1";"64";"64024";"2";"1";"3";"7";"ESPAGNE (AVENUE D')";"43,4775500";" -1,5242100"
"202000021266";"9";"6";"2020";"21:25";"2";"61";"61117";"1";"3";"1";"3";"RUE DU PONT PERCE";"48,4353000";"0,0253570"
"202000021267";"8";"6";"2020";"14:25";"1";"56";"56121";"2";"4";"1";"2";"JAURES ( AVE JEAN )";"47,7452800";" -3,3706100"
"202000021268";"9";"6";"2020";"16:15";"1";"51";"51573";"2";"1";"1";"3";"Route de Dormans";"49,2411609";"3,9914872"
"202000021269";"8";"6";"2020";"17:07";"1";"51";"51454";"2";"1";"8";"3";"Rue du Général Koenig";"49,2256662";"4,0201274"
"202000021270";"5";"6";"2020";"18:02";"1";"49";"49246";"2";"1";"1";"2";"GALLIENI AVENUE";"47,4366500";" -0,5138800"
"202000021271";"8";"6";"2020";"11:05";"1";"47";"47031";"1";"1";"1";"3";"LAMOTHE MAGNAC (ZI)";"44,1764653";"0,6292731"
"202000021272";"8";"6";"2020";"21:45";"2";"44";"44184";"2";"2";"1";"3";"HUGO (BOULEVARD VICTOR)";"47,2778000";" -2,2171000"
"202000021273";"9";"6";"2020";"00:05";"2";"44";"44109";"1";"1";"3";"6";"Rue de Gigant";"47,2144390";" -1,5719820"
"202000021274";"9";"6";"2020";"20:07";"1";"37";"37233";"2";"3";"1";"3";"FARGES (AVENUE YVES)";"47,3840405";"0,7299993"
"202000021275";"9";"6";"2020";"18:55";"1";"35";"35238";"2";"1";"1";"3";"MANIEZ (AVENUE JULES)";"48,0983700";" -1,6984700"
"202000021276";"9";"6";"2020";"18:45";"1";"35";"35238";"2";"9";"1";"3";"LONGS PRES (DES)";"48,1322100";" -1,6563800"
"202000021277";"9";"6";"2020";"17:50";"1";"35";"35238";"1";"9";"1";"2";"N136";"48,0834000";" -1,6982600"
"202000021278";"9";"6";"2020";"17:30";"1";"35";"35055";"1";"1";"1";"2";"RN136";"48,0938700";" -1,6238400"
"202000021279";"9";"6";"2020";"12:30";"1";"35";"35238";"2";"1";"1";"2";"ALMA (DE L')";"48,1043000";" -1,6774000"
"202000021280";"8";"6";"2020";"11:30";"1";"35";"35238";"2";"3";"1";"1";"CARTIER (BD JACQUES)";"48,0970000";" -1,6847000"
"202000021281";"9";"6";"2020";"12:55";"1";"33";"33318";"2";"3";"1";"3";"AVE DE NOES / RUE DE LA CROIX DE NOES";"44,8121907";" -0,6426127"
"202000021282";"2";"6";"2020";"07:10";"1";"33";"33281";"1";"1";"1";"3";"AVE DE BEAUDESERT";"44,8428600";" -0,6928300"
"202000021283";"9";"6";"2020";"12:05";"1";"33";"33529";"2";"9";"1";"3";"DE GAULLE (AVE CHARLES) 02 ET +";"44,6375000";" -1,1253000"
"202000021284";"9";"6";"2020";"14:00";"1";"31";"31555";"2";"1";"3";"3";"46 Boulevard de Strasbourg";"43,6090680";"1,4452070"
"202000021285";"8";"6";"2020";"17:45";"1";"21";"21231";"2";"1";"1";"3";"LAFAYETTE (RUE)";"47,3340108";"5,0451214"
"202000021286";"8";"6";"2020";"12:25";"1";"18";"18033";"2";"1";"1";"3";"JOFFRE (BOULEVARD DU MARECHAL)";"47,0754000";"2,4051200"
"202000021287";"9";"6";"2020";"14:28";"1";"16";"16374";"1";"1";"1";"6";"Ld La Maison Rouge";"45,6322400";"0,2167500"
"202000021288";"9";"6";"2020";"19:25";"1";"14";"14181";"2";"1";"1";"2";"ROTHLEIN (ROND POINT DE)";"49,1500400";" -0,3233000"
"202000021289";"9";"6";"2020";"17:30";"1";"13";"13211";"2";"1";"1";"7";"POMME (BOULEVARD DE LA )";"43,2925900";"5,4497800"
"202000021290";"9";"6";"2020";"22:00";"5";"13";"13206";"2";"1";"1";"7";"VINCENT COURDOUAN (RUE)";"43,2876314";"5,3786663"
"202000021291";"9";"6";"2020";"21:40";"5";"13";"13214";"2";"9";"1";"6";"BERTHELOT (RUE)";"43,3359970";"5,3921470"
"202000021292";"9";"6";"2020";"18:35";"1";"13";"13211";"2";"1";"1";"6";"MIREILLE LAUZE (Bd)";"43,2860230";"5,4191360"
"202000021293";"9";"6";"2020";"15:30";"1";"13";"13202";"2";"1";"1";"6";"REPUBLIQUE (RUE DE LA)";"43,3040000";"5,3677600"
"202000021294";"9";"6";"2020";"16:00";"1";"13";"13205";"2";"1";"1";"4";"SAINT PIERRE (RUE)";"43,2915808";"5,4105484"
"202000021295";"9";"6";"2020";"13:30";"1";"09";"09122";"1";"1";"8";"3";"PERMILHAC";"43,0029080";"1,6137040"
"202000021296";"8";"6";"2020";"22:35";"5";"06";"06027";"2";"3";"1";"3";"JAURES AVENUE JEAN";"43,6579500";"7,1697700"
"202000021297";"9";"6";"2020";"12:00";"1";"75";"75115";"2";"1";"1";"7";"PORTE DE SEVRES";"48,8324690";"2,2806440"
"202000021298";"7";"6";"2020";"22:15";"5";"75";"75119";"2";"1";"1";" -1";"BOULEVARD PERIPHERIQUE";"48,8874200";"2,3970200"
"202000021299";"9";"6";"2020";"10:21";"1";"75";"75114";"2";"2";"1";"3";"RUE D ALESIA";"48,8327500";"2,3115200"
"202000021300";"9";"6";"2020";"15:00";"1";"75";"75120";"2";"2";"1";"3";"RUE BELGRAND";"48,8683040";"2,4014310"
"202000021301";"9";"6";"2020";"20:00";"2";"75";"75119";"2";"1";"1";" -1";"RUE ALEXANDER FLEMING";"48,8814650";"2,4036080"
"202000021302";"9";"6";"2020";"17:55";"1";"75";"75118";"2";"2";"1";"6";"BOULEVARD BARBES";"48,8855640";"2,3495330"
"202000021303";"9";"6";"2020";"17:50";"1";"75";"75108";"2";"3";"1";"3";"AVENUE DES CHAMPS ELYSEES";"48,8710880";"2,3034930"
"202000021304";"9";"6";"2020";"15:55";"1";"75";"75117";"2";"3";"1";"6";"RUE DE SAINT MARCEAUX";"48,8892420";"2,3019710"
"202000021305";"9";"6";"2020";"13:50";"1";"75";"75117";"2";"3";"1";"7";"AVENUE DE CLICHY";"48,8905550";"2,3202580"
"202000021306";"9";"6";"2020";"18:00";"1";"75";"75116";"2";"3";"1";"6";"RUE DES SABLONS";"48,8668540";"2,2842830"
"202000021307";"8";"6";"2020";"14:00";"1";"75";"75116";"2";"3";"1";"6";"RUE DE LA TOUR";"48,8631480";"2,2751420"
"202000021308";"9";"6";"2020";"19:50";"1";"75";"75115";"2";"2";"1";"3";"BOULEVARD PASTEUR";"48,8420910";"2,3129970"
"202000021309";"9";"6";"2020";"08:40";"1";"75";"75115";"2";"3";"1";"3";"RUE CAMBRONNE";"48,8453790";"2,3020670"
"202000021310";"9";"6";"2020";"19:00";"1";"75";"75114";"2";"3";"1";"3";"RUE D ALESIA";"48,8302400";"2,3200650"
"202000021311";"8";"6";"2020";"19:55";"1";"75";"75107";"2";"2";"1";"3";"RUE DE LILLE";"48,8600360";"2,3245890"
"202000021312";"9";"6";"2020";"06:45";"1";"75";"75113";"2";"3";"1";"3";"RUE DARMESTETER";"48,8234070";"2,3750230"
"202000021313";"9";"6";"2020";"21:38";"1";"75";"75111";"2";"3";"1";"3";"AVENUE PARMENTIER";"48,8626340";"2,3764800"
"202000021314";"9";"6";"2020";"06:30";"2";"75";"75111";"2";"1";"1";"6";"AVENUE DE LA REPUBLIQUE";"48,8640140";"2,3811920"
"202000021315";"8";"6";"2020";"19:00";"1";"75";"75107";"2";"1";"1";"2";"QUAI D ORSAY";"48,8625190";"2,3077720"
"202000021316";"9";"6";"2020";"02:40";"5";"75";"75107";"2";"1";"1";"6";"BOULEVARD RASPAIL";"48,8553780";"2,3258090"
"202000021317";"9";"6";"2020";"12:25";"1";"93";"93059";"2";"3";"1";"3";"JULES VALLES (RUE)";"48,9593400";"2,3650800"
"202000021318";"9";"6";"2020";"08:30";"1";"93";"93071";"2";"1";"1";"3";"WESTINGHOUSE (BOULEVARD)";"48,9270221";"2,5199202"
"202000021319";"8";"6";"2020";"20:20";"2";"93";"93066";"2";"9";"1";"3";"FAURE FELIX (BOULEVARD)";"48,9384920";"2,3563450"
"202000021320";"9";"6";"2020";"19:50";"1";"93";"93064";"2";"3";"1";"3";"ALL DE L'ESPERANCE / RTE DE NOISY";"48,8831200";"2,4954500"
"202000021321";"9";"6";"2020";"13:40";"1";"93";"93051";"2";"1";"1";"2";"MALNOUE (NR 1 A 93)";"48,8448000";"2,5642000"
"202000021322";"9";"6";"2020";"17:45";"1";"93";"93048";"2";"1";"1";"3";"CHANZY (BOULEVARD)";"48,8584900";"2,4311800"
"202000021323";"9";"6";"2020";"13:50";"1";"93";"93047";"2";"1";"1";"4";"GENERAL LECLERC  (RUE DU)";"48,8977373";"2,5752646"
"202000021324";"7";"6";"2020";"23:30";"5";"93";"93010";"2";"2";"1";"2";"PONT (CHEM. DU)";"48,9072712";"2,4889921"
"202000021325";"9";"6";"2020";"21:08";"2";"92";"92051";"2";"9";"1";"6";"VICTOR HUGO (BOULEVARD, N° 51 A 75 ET 62";"48,8907382";"2,2757327"
"202000021326";"9";"6";"2020";"20:55";"1";"92";"92048";"2";"9";"1";"3";"VERDUN (AVENUE DE)";"48,8188000";"2,2437000"
"202000021327";"5";"6";"2020";"18:55";"1";"92";"92044";"2";"1";"1";"2";"P.V.COUTURIER(RUE)81A113ET60A100";"48,8978533";"2,2925266"
"202000021328";"30";"5";"2020";"01:55";"5";"92";"92044";"2";"1";"1";"2";"MARJOLIN (RUE)15A45 ET 22A56";"48,8962050";"2,2916096"
"202000021329";"8";"6";"2020";"21:22";"2";"92";"92036";"2";"1";"1";" -1";"GALLIENI (BOULEVARD) (2/20)";"48,9245090";"2,3245070"
"202000021330";"9";"6";"2020";"11:00";"1";"92";"92026";"2";"1";"1";"3";"MARCEAU";"48,9023554";"2,2429909"
"202000021331";"10";"6";"2020";"01:25";"3";"84";"84088";"1";"6";"1";"6";"Route d'Avignon";"43,9815060";"5,0165780"
"202000021332";"9";"6";"2020";"08:15";"1";"972";"97232";"2";"1";"1";"1";"CD5";"14,5406970";" -60,8687420"
"202000021333";"9";"6";"2020";"15:45";"1";"63";"63326";"2";"1";"1";"1";"Villejacque";"45,7161130";"2,8636340"
"202000021334";"9";"6";"2020";"21:00";"2";"82";"82013";"1";"1";"1";" -1";"Route de Lavit";"43,8964390";"0,9665930"
"202000021335";"9";"6";"2020";"22:17";"3";"82";"82195";"1";"1";"1";"7";"3070 Route de Bordeaux";"44,0832960";"1,2758950"
"202000021336";"29";"5";"2020";"15:30";"1";"35";"35327";"1";"2";"1";"1";"Servon-sur-Vilaine";"48,1043424";" -1,4651763"
"202000021337";"10";"6";"2020";"15:15";"1";"26";"26113";"1";"1";"1";"6";"2055 Route de Ponet";"44,7693370";"5,3379290"
"202000021338";"9";"6";"2020";"13:45";"1";"50";"50359";"1";"1";"2";"1";"La Brocherie Sud Mortain";"48,6401470";" -0,9405060"
"202000021339";"10";"6";"2020";"17:00";"1";"83";"83032";"1";"1";"1";"6";"D13";"43,4563460";"6,2146570"
"202000021340";"10";"6";"2020";"18:25";"1";"60";"60129";"2";"1";"1";"3";"Rue de Verdun";"49,5097100";"3,0357720"
"202000021341";"9";"6";"2020";"17:50";"1";"64";"64152";"1";"1";"1";"4";"Route de Pau";"43,3365480";" -0,3286900"
"202000021342";"10";"6";"2020";"13:25";"1";"10";"10033";"2";"9";"1";"6";"Boulevard du 14 Juillet";"48,2308910";"4,7108280"
"202000021343";"10";"6";"2020";"11:10";"1";"28";"28027";"1";"1";"1";"3";"D927";"48,1429830";"1,0188530"
"202000021344";"10";"8";"2020";"11:15";"1";"95";"95580";"2";"6";"1";"6";"Rue des Sillons de Boulanger";"49,0880860";"2,5710260"
"202000021345";"20";"5";"2020";"16:45";"1";"28";"28057";"1";"1";"1";"7";"Rue de Bellevue";"48,2479040";"1,3919380"
"202000021346";"10";"8";"2020";"22:50";"3";"30";"30221";"1";"1";"1";"6";"A9";"44,0278370";"4,7461190"
"202000021347";"10";"6";"2020";"12:57";"1";"77";"77365";"2";"3";"1";"1";"2 Rue de l'Eglise - D112E";"48,7156123";"3,0298534"
"202000021348";"9";"8";"2020";"18:30";"4";"987";"98753";"1";"1";"1";"6";"RT 301";" -23,3613650";" -149,4377300"
"202000021349";"1";"8";"2020";"15:00";"1";"987";"98714";"1";"1";"1";"7";"Anau";" -16,4954170";" -151,7388890"
"202000021350";"9";"6";"2020";"08:08";"1";"38";"38537";"1";"1";"2";"5";"A43";"45,6395930";"5,1491120"
"202000021351";"9";"1";"2020";"19:10";"3";"77";"77283";"1";"1";"1";"3";"D405";"49,0584120";"3,0078200"
"202000021352";"9";"6";"2020";"15:15";"1";"78";"78003";"1";"1";"1";"6";"D168";"48,5173430";"1,8547150"
"202000021353";"10";"8";"2020";"19:15";"5";"971";"97128";"1";"1";"1";"3";"Grands Fonds";"16,2567230";" -61,4290670"
"202000021354";"10";"8";"2020";"10:20";"1";"33";"33165";"1";"3";"1";"3";"2 Route de l'Entre 2 Mers";"44,8049770";" -0,4413150"
"202000021355";"10";"8";"2020";"14:45";"1";"28";"28185";"1";"1";"1";"5";"N12";"48,7752250";"1,5611390"
"202000021356";"10";"6";"2020";"14:15";"1";"34";"34162";"1";"1";"1";"7";"D 32";"43,4803280";"3,4673240"
"202000021357";"7";"6";"2020";"02:45";"3";"06";"06048";"2";"1";"1";"1";"Chemin du Destey";"43,8038910";"7,3376710"
"202000021358";"10";"6";"2020";"13:55";"1";"74";"74040";"2";"1";"1";"6";"122 Route des Alluaz";"46,1681610";"6,3207460"
"202000021359";"9";"6";"2020";"22:05";"3";"38";"38190";"1";"1";"2";"2";"D65";"45,8030580";"5,2862640"
"202000021360";"8";"8";"2020";"19:22";"1";"95";"95054";"1";"1";"1";"6";"D43";"49,1472290";"1,8861290"
"202000021361";"11";"8";"2020";"19:05";"1";"34";"34143";"2";"1";"1";"3";"4 Rue de la Grande Eglise";"43,4476460";"3,6157410"
"202000021362";"9";"6";"2020";"23:35";"5";"14";"14167";"2";"1";"1";"6";"Rue Francis de Pressensé";"49,1952449";" -0,2807783"
"202000021363";"10";"8";"2020";"15:15";"1";"13";"13084";"1";"2";"1";"3";"D23";"43,7261110";"5,2749820"
"202000021364";"11";"8";"2020";"13:55";"1";"13";"13004";"1";"1";"1";"1";"Rue d'Arles";"43,5427620";"4,6876860"
"202000021365";"11";"8";"2020";"07:15";"1";"13";"13041";"1";"3";"1";" -1";"Avenue d'Arménie";"43,4558400";"5,4592340"
"202000021366";"10";"8";"2020";"13:20";"1";"71";"71385";"1";"1";"1";"3";"D186";"46,2442065";"4,7566465"
"202000021367";"10";"8";"2020";"21:30";"5";"63";"63247";"2";"1";"1";"7";"D996";"45,5753900";"2,9461600"
"202000021368";"10";"6";"2020";"13:10";"1";"60";"60446";"1";"1";"1";"6";"D330a";"49,1478540";"2,7907110"
"202000021369";"11";"8";"2020";"02:58";"4";"74";"74063";"2";"1";"1";"6";"Route du Linga";"46,2606720";"6,8379590"
"202000021370";"10";"6";"2020";"15:35";"1";"60";"60346";"2";"9";"1";"3";"D1016";"49,1540280";"2,4445660"
"202000021371";"11";"8";"2020";"17:18";"1";"74";"74027";"1";"9";"7";"4";"D909";"45,8960720";"6,2748030"
"202000021372";"10";"8";"2020";"23:00";"3";"38";"38344";"1";"1";"8";"2";"Route Nationale 7";"45,4056000";"4,8109100"
"202000021373";"9";"6";"2020";"18:15";"1";"13";"13055";"1";"1";"1";"4";"A507 sens Marseille - Aubagne";"43,3104300";"5,4243900"
"202000021374";"11";"8";"2020";"08:15";"1";"69";"69255";"1";"1";"1";"2";"D30";"45,7351220";"4,6954110"
"202000021375";"11";"8";"2020";"14:10";"1";"81";"81054";"2";"1";"1";"1";"60 Route de Soual";"43,5758490";"2,1196740"
"202000021376";"10";"8";"2020";"20:30";"1";"49";"49301";"2";"2";"1";"1";"Avenue des Primeveres";"47,0192280";" -1,0534680"
"202000021377";"9";"6";"2020";"17:15";"1";"13";"13015";"1";"1";"1";"2";"A51-Sens Aix en Provence vers Marseille";"43,4405200";"5,3962300"
"202000021378";"11";"8";"2020";"12:50";"1";"56";"56152";"1";"4";"1";"1";"Route de Bangor";"47,3407630";" -3,1585860"
"202000021379";"8";"6";"2020";"18:25";"1";"13";"13211";"1";"1";"1";"4";"A50-Sens Marseille vers Aubagne";"43,2869640";"5,4367380"
"202000021380";"11";"8";"2020";"17:00";"1";"76";"76535";"1";"1";"1";"6";"D915";"49,6259460";"1,4878750"
"202000021381";"10";"8";"2020";"18:30";"1";"59";"59630";"2";"1";"7";"7";"Rue Anatole France";"50,4854510";"3,0419530"
"202000021382";"12";"7";"2020";"21:00";"2";"59";"59025";"1";"2";"1";"3";"1 Route de Mailly";"50,5839250";"2,8175370"
"202000021383";"9";"6";"2020";"18:15";"1";"91";"91689";"1";"4";"1";"6";"AUTOROUTE A6";"48,7355400";"2,3170000"
"202000021384";"7";"8";"2020";"00:35";"3";"42";"42097";"1";"9";"1";"6";"A72";"45,5203100";"4,2937100"
"202000021385";"10";"8";"2020";"01:16";"3";"54";"54483";"1";"1";"1";"7";"Autoroute A 33";"48,6168900";"6,2815900"
"202000021386";"9";"6";"2020";"17:20";"1";"77";"77251";"1";"1";"1";"3";"AUTOROUTE A5A";"48,6261481";"2,5390803"
"202000021387";"10";"8";"2020";"19:20";"1";"95";"95277";"1";"1";"1";"2";"AUTOROUTE A3";"48,9748300";"2,4902000"
"202000021388";"8";"6";"2020";"10:20";"1";"92";"92025";"1";"1";"1";"3";"A86";"48,9224664";"2,2270148"
"202000021389";"10";"8";"2020";"12:15";"1";"94";"94073";"1";"1";"1";"2";"A86 INT";"48,7545800";"2,3479100"
"202000021390";"10";"8";"2020";"12:00";"1";"94";"94065";"1";"1";"1";"2";"A86 EXT";"48,7541000";"2,3499000"
"202000021391";"8";"6";"2020";"16:00";"1";"95";"95306";"1";"1";"1";"2";" A15";"49,0008700";"2,1732800"
"202000021392";"8";"6";"2020";"14:00";"1";"93";"93066";"1";"1";"1";"2";"AUTOROUTE A86";"48,9252900";"2,3395300"
"202000021393";"28";"7";"2020";"19:35";"1";"04";"04086";"1";"3";"1";"3";"RD 900";"44,3913923";"6,6725368"
"202000021394";"6";"8";"2020";"19:00";"3";"974";"97409";"2";"1";"1";"6";"Rue du parc du colosse";" -20,9266050";"55,6615660"
"202000021395";"6";"8";"2020";"19:45";"5";"974";"97409";"2";"9";"1";"3";"Avenue Ile de France";" -20,9518050";"55,6488410"
"202000021396";"4";"8";"2020";"19:35";"3";"974";"97409";"2";"6";"1";"3";"Chemin Lefaguyes";" -20,9629070";"55,6589270"
"202000021397";"9";"8";"2020";"14:40";"1";"973";"97302";"2";"1";"1";"3";"ZEPHIR (ROCADE)";"4,9374954";" -52,3067413"
"202000021398";"9";"8";"2020";"12:00";"1";"69";"69383";"2";"1";"1";" -1";"DOCTEUR REBATEL (DU)                (R )";"45,7493700";"4,8733200"
"202000021399";"9";"8";"2020";"06:20";"2";"69";"69387";"2";"2";"1";"3";"ANVERS (D')                         (R )";"45,7492000";"4,8420000"
"202000021400";"9";"8";"2020";"02:34";"5";"69";"69387";"2";"2";"1";"3";"CLAUDE BERNARD                      (QU)";"45,7560600";"4,8402300"
"202000021401";"8";"8";"2020";"19:20";"3";"972";"97213";"2";"1";"1";"1";"DUCHESNES 1";"14,6401000";" -60,9741000"
"202000021402";"7";"8";"2020";"20:51";"4";"972";"97213";"1";"1";"1";"6";"ACAJOU PROLONGEE";"14,6241658";" -61,0193932"
"202000021403";"9";"8";"2020";"20:55";"2";"2A";"2A004";"2";"1";"1";"6";"ILES SANGUINAIRES ROUTE DES";"41,9092200";"8,6876500"
"202000021404";"9";"8";"2020";"22:20";"5";"95";"95268";"2";"1";"1";"6";"AV DIVISION LECLERC";"48,9690500";"2,3986700"
"202000021405";"8";"8";"2020";"19:07";"1";"91";"91191";"2";"2";"1";"3";"REPUBLIQUE (AVENUE DE LA)";"48,7186700";"2,4560300"
"202000021406";"4";"8";"2020";"10:40";"1";"83";"83126";"2";"6";"1";"2";"ECHANGEUR D'OLLIOULES";"43,1205100";"5,8523100"
"202000021407";"9";"8";"2020";"21:35";"3";"83";"83069";"1";"1";"1";"4";"MARAIS (ROUTE DES)";"43,0816500";"6,1402200"
"202000021408";"8";"8";"2020";"11:10";"1";"83";"83069";"2";"1";"7";"2";"ALMANARRE (ROUTE DE L')";"43,1024700";"6,1293500"
"202000021409";"2";"7";"2020";"18:00";"1";"83";"83069";"1";"1";"1";" -1";"ALMANARRE (ROUTE DE L')";"43,0844000";"6,1117400"
"202000021410";"8";"8";"2020";"11:50";"1";"77";"77058";"1";"1";"7";"3";"D217BIS";"48,8507251";"2,7307287"
"202000021411";"6";"8";"2020";"02:50";"5";"69";"69266";"2";"1";"1";"7";"8 MAI 1945   (Rue du)";"45,7695960";"4,8965379"
"202000021412";"8";"8";"2020";"12:05";"1";"69";"69290";"2";"3";"1";"3";"8 MAI 1945 (DU)                     (R )";"45,6912588";"4,9489329"
"202000021413";"8";"8";"2020";"20:10";"1";"64";"64260";"2";"1";"1";"1";"LAURIERS (RUE DES)";"43,3700000";" -1,7800000"
"202000021414";"8";"8";"2020";"22:50";"5";"62";"62160";"2";"1";"1";"6";"MARGUET (Pont)";"50,7231310";"1,6007140"
"202000021415";"9";"8";"2020";"03:05";"3";"62";"62735";"1";"1";"1";"7";"CD 943";"50,4952480";"2,7043960"
"202000021416";"8";"8";"2020";"19:15";"1";"62";"62108";"2";"9";"1";"6";"PARIS";"50,4035300";"1,5839400"