"Num_Acc";"jour";"mois";"an";"hrmn";"lum";"dep";"com";"agg";"int";"atm";"col";"adr";"lat";"long"
"202000021417";"9";"8";"2020";"01:00";"5";"59";"59350";"2";"2";"1";"3";"HOOVER AVENUE DU PRESIDENT";"50,6311269";"3,0770034"
"202000021418";"9";"8";"2020";"13:53";"1";"51";"51454";"2";"2";"1";"3";"Boulevard Lundy";"49,2581128";"4,0383400"
"202000021419";"8";"8";"2020";"23:40";"3";"46";"46042";"1";"1";"1";"7";"DEPARTEMENTALE 911";"44,4597900";"1,4848300"
"202000021420";"8";"8";"2020";"03:19";"5";"34";"34172";"2";"1";"1";"6";"VIEILLE POSTE (RUE DE LA";"43,6150630";"3,9084790"
"202000021421";"9";"8";"2020";"18:15";"1";"33";"33119";"1";"1";"1";"3";"BD ENTRE DEUX MERS";"44,8443400";" -0,5310900"
"202000021422";"9";"8";"2020";"23:50";"5";"33";"33529";"2";"1";"1";"6";"HUTTIERS (AVE DES)";"44,6400712";" -1,1401088"
"202000021423";"9";"8";"2020";"10:40";"1";"33";"33529";"1";"4";"1";"1";"BISCAROSSE (AVE) DUNE VERS BISCA";"44,5745800";" -1,2161600"
"202000021424";"9";"8";"2020";"11:30";"1";"30";"30243";"1";"1";"1";"3";"ANDUZE (VIEILLE ROUTE D')";"44,0877420";"4,0622580"
"202000021425";"9";"8";"2020";"12:00";"1";"17";"17300";"1";"1";"1";"3";"GUITON   AVENUE JEAN (9-165 et 4)";"46,1598500";" -1,1665900"
"202000021426";"8";"8";"2020";"10:45";"1";"17";"17300";"2";"1";"1";"3";"CHAMP DE MARS   AVENUE DU";"46,1693990";" -1,1488100"
"202000021427";"8";"8";"2020";"15:45";"1";"13";"13043";"2";"1";"1";"2";"FRANCOIS MITTERAND (AV )";"43,3965000";"5,2451000"
"202000021428";"9";"8";"2020";"23:00";"5";"13";"13208";"2";"1";"1";"2";"CLOT BEY (AVENUE)";"43,2589540";"5,3847850"
"202000021429";"8";"8";"2020";"20:00";"1";"13";"13206";"2";"2";"1";"3";"PIERRE PUGET (COURS)";"43,2899700";"5,3725200"
"202000021430";"8";"8";"2020";"06:15";"2";"13";"13202";"2";"9";"1";"3";"ROBERT SCHUMANN (AVENUE)";"43,3017640";"5,3660600"
"202000021431";"8";"8";"2020";"14:30";"1";"13";"13028";"2";"1";"1";"3";"RIPERT (AVENUE EMILE)";"43,1891600";"5,6165700"
"202000021432";"6";"8";"2020";"19:23";"1";"12";"12145";"2";"1";"1";"1";"BRASSENS GEORGES (BOULEVARD)";"44,1151900";"3,0716000"
"202000021433";"8";"8";"2020";"21:32";"5";"75";"75101";"2";"1";"1";"6";"RUE SAINTE ANNE";"48,8657530";"2,3352600"
"202000021434";"9";"8";"2020";"10:10";"1";"75";"75120";"2";"5";"1";"6";"RUE PELLEPORT";"48,8683120";"2,4014260"
"202000021435";"9";"8";"2020";"01:10";"5";"75";"75119";"2";"3";"1";"6";"AVENUE JEAN JAURES";"48,8870030";"2,3863370"
"202000021436";"8";"8";"2020";"22:30";"5";"75";"75111";"2";"7";"1";"4";"AVENUE PHILIPPE AUGUSTE";"48,8493630";"2,3953050"
"202000021437";"9";"8";"2020";"13:30";"1";"75";"75110";"2";"2";"1";"3";"RUE PHILIPPE DE GIRARD";"48,8814080";"2,3618660"
"202000021438";"9";"8";"2020";"14:40";"1";"75";"75109";"2";"1";"1";"3";"RUE DU FAUBOURG POISSONNIERE";"48,8742180";"2,3479250"
"202000021439";"9";"8";"2020";"16:40";"1";"75";"75107";"2";"2";"1";"3";"PONT DE LA CONCORDE";"48,8625880";"2,3190190"
"202000021440";"9";"8";"2020";"02:40";"5";"94";"94046";"2";"5";"1";"1";"EUGENE RENAULT - CAR DE LA RESISTANCE (R";"48,8153530";"2,4205660"
"202000021441";"9";"8";"2020";"19:45";"2";"94";"94043";"2";"1";"1";"7";"CARNOT (R)";"48,8092400";"2,3649300"
"202000021442";"9";"8";"2020";"15:20";"1";"94";"94073";"2";"1";"7";"7";"ALOUETTES (R DES)";"48,7528500";"2,3779900"
"202000021443";"9";"8";"2020";"08:45";"1";"94";"94038";"2";"3";"1";"2";"GENERAL LECLERC (AV DU)";"48,7742600";"2,3315800"
"202000021444";"9";"8";"2020";"15:00";"1";"94";"94022";"2";"9";"1";"5";"VICTOR HUGO (AV)";"48,7672300";"2,4146700"
"202000021445";"9";"8";"2020";"15:50";"1";"93";"93070";"2";"6";"1";"2";"ALBERT-DHALENNE (RUE)";"48,9177300";"2,3297800"
"202000021446";"9";"8";"2020";"09:48";"1";"93";"93066";"2";"2";"1";"3";"ORNANO (BOULEVARD)";"48,9181145";"2,3442638"
"202000021447";"9";"8";"2020";"15:10";"1";"93";"93077";"2";"1";"1";"2";"FOSSE AUX BERGERS (RUE DE LA)";"48,8864066";"2,4951770"
"202000021448";"9";"8";"2020";"15:30";"1";"93";"93051";"2";"2";"1";"3";"Rue de Verdun";"48,8471300";"2,5329300"
"202000021449";"8";"8";"2020";"22:35";"5";"93";"93010";"2";"9";"1";"1";"BONDY (PONT DE)";"48,9050597";"2,4702179"
"202000021450";"9";"8";"2020";"16:21";"1";"93";"93001";"2";"9";"1";"1";"LANDY (RUE DU) 34/29 =>";"48,9154700";"2,3708000"
"202000021451";"9";"8";"2020";"13:00";"1";"93";"93001";"2";"1";"1";"2";"REPUBLIQUE (AVE DE LA ) => NO 41/50";"48,9100832";"2,3857564"
"202000021452";"9";"8";"2020";"11:15";"1";"92";"92025";"2";"9";"1";"3";"Boulevard de Valmy";"48,9288370";"2,2543780"
"202000021453";"9";"8";"2020";"06:45";"1";"92";"92044";"2";"2";"8";"7";"CHARLES PASQUA(QUAI) 2 A 30";"48,8970852";"2,2741868"
"202000021454";"9";"8";"2020";"22:30";"3";"50";"50565";"1";"9";"1";"2";"D973";"48,7393520";" -1,4354320"
"202000021455";"10";"8";"2020";"16:35";"1";"26";"26087";"1";"1";"1";"6";"chemin des Buis";"45,0768850";"5,1197580"
"202000021456";"8";"8";"2020";"18:30";"3";"974";"97422";"2";"1";"3";"3";"117 Chemin Neuf";" -21,2441950";"55,5125860"
"202000021457";"9";"8";"2020";"15:30";"1";"05";"05027";"1";"1";"1";"1";"D902";"44,8502400";"6,7250970"
"202000021458";"5";"8";"2020";"18:45";"5";"972";"97221";"2";"1";"1";"7";"D8";"14,5091340";" -60,9582800"
"202000021459";"6";"8";"2020";"00:20";"3";"41";"41231";"1";"1";"1";"6";"A71";"47,4694570";"2,0077940"
"202000021460";"10";"8";"2020";"13:45";"1";"52";"52469";"1";"1";"1";"6";"A5";"48,0409060";"5,0537970"
"202000021461";"9";"8";"2020";"01:45";"3";"54";"54212";"1";"1";"1";"1";"D618";"49,5070086";"5,6628811"
"202000021462";"1";"8";"2020";"14:55";"1";"04";"04126";"1";"1";"1";"7";"RD 900";"44,4122100";"6,3415250"
"202000021463";"10";"8";"2020";"18:45";"1";"79";"79253";"2";"3";"1";"6";"N/A";"46,4686590";" -0,2134450"
"202000021464";"9";"8";"2020";"23:50";"5";"80";"80775";"1";"2";"1";"3";"1 Rue Pasteur";"50,0813410";"1,6349510"
"202000021465";"9";"8";"2020";"03:55";"3";"82";"82096";"1";"1";"1";"6";"193 Chemin de  Paillole";"44,0434572";"1,2553959"
"202000021466";"9";"8";"2020";"12:10";"1";"63";"63178";"2";"2";"1";"3";"Avenue Ernest d'Hauterive";"45,5387670";"3,2440570"
"202000021467";"13";"7";"2020";"10:00";"1";"61";"61442";"1";"1";"1";"6";"D553";"48,5375720";" -0,3014370"
"202000021468";"10";"8";"2020";"13:45";"1";"12";"12104";"1";"1";"7";"6";"D922";"44,4817490";"2,0282220"
"202000021469";"9";"8";"2020";"19:50";"1";"68";"68362";"1";"1";"1";"6";"D473";"47,5547360";"7,4655530"
"202000021470";"8";"8";"2020";"17:10";"1";"68";"68062";"1";"3";"1";"2";"D419";"47,6296820";"7,1953580"
"202000021471";"9";"8";"2020";"22:20";"3";"22";"22250";"1";"2";"1";"3";"6 Rue Keralmy";"48,6992250";" -3,1554370"
"202000021472";"9";"8";"2020";"11:30";"1";"39";"39497";"1";"1";"1";"7";"N/A";"46,9758460";"5,9348270"
"202000021473";"7";"8";"2020";"07:10";"1";"25";"25516";"2";"1";"8";"6";"Rue de Clerval";"47,3995080";"6,5555790"
"202000021474";"10";"8";"2020";"10:05";"1";"25";"25070";"1";"1";"1";"6";"PRES DITS";"46,9972170";"6,1185690"
"202000021475";"5";"8";"2020";"10:25";"1";"15";"15004";"1";"1";"1";"1";"D679";"45,0645040";"3,0832100"
"202000021476";"10";"8";"2020";"14:10";"1";"15";"15252";"1";"1";"1";"6";"D17";"44,9948660";"2,5485490"
"202000021477";"9";"8";"2020";"23:30";"3";"15";"15021";"1";"1";"1";"6";"lieu dit le teinturier";"44,7806850";"2,2955740"
"202000021478";"9";"8";"2020";"09:35";"1";"01";"01348";"2";"1";"1";"6";"554 Rue de Crénans";"46,1771590";"4,8139580"
"202000021479";"9";"8";"2020";"22:30";"3";"72";"72276";"2";"2";"1";"3";"Avenue Eugène Gourdeau";"48,2735950";"0,4633280"
"202000021480";"9";"8";"2020";"18:45";"1";"14";"14528";"1";"1";"1";" -1";"D675";"49,3270240";"0,2965880"
"202000021481";"9";"8";"2020";"19:30";"1";"05";"05008";"1";"1";"1";"2";"D329";"44,4997000";"5,7309510"
"202000021482";"9";"8";"2020";"16:00";"1";"83";"83122";"1";"1";"1";"1";"RD957";"43,7620440";"6,2180260"
"202000021483";"10";"8";"2020";"12:45";"1";"10";"10323";"2";"1";"1";"7";"7 Rue Jean-jacques Rousseau";"48,5141060";"3,7187540"
"202000021484";"25";"7";"2020";"20:05";"1";"10";"10114";"2";"1";"1";"3";"chemin du haut villiers";"48,5101510";"3,6325850"
"202000021485";"8";"8";"2020";"21:45";"3";"16";"16104";"1";"1";"1";"6";"Rejallant";"46,0153210";"0,2182950"
"202000021486";"9";"8";"2020";"17:05";"1";"87";"87104";"1";"1";"1";"6";"D992";"45,7213120";"1,8702080"
"202000021487";"9";"8";"2020";"16:50";"1";"08";"08363";"1";"9";"1";"6";"D988";"49,9242820";"4,6427270"
"202000021488";"10";"8";"2020";"08:58";"1";"49";"49323";"1";"1";"1";"3";"A11";"47,5005610";" -0,4872290"
"202000021489";"9";"8";"2020";"08:30";"1";"01";"01232";"1";"1";"1";"3";"A39";"46,3798600";"5,2698970"
"202000021490";"4";"8";"2020";"21:00";"5";"73";"73296";"2";"3";"1";"3";"D87A";"45,4723010";"6,9099340"
"202000021491";"10";"8";"2020";"11:01";"1";"27";"27227";"1";"1";"1";"2";"A13";"49,3760970";"0,6365900"
"202000021492";"9";"8";"2020";"13:45";"1";"13";"13051";"1";"1";"1";"3";"autoroute A7, pk 240+400, sens nord/sud";"43,5935320";"5,1745390"
"202000021493";"7";"8";"2020";"21:15";"3";"988";"98817";"1";"1";"1";"7";"RP 3 Route de Yaté";" -22,1993260";"166,7064570"
"202000021494";"9";"8";"2020";"17:15";"1";"974";"97420";"2";"1";"1";"6";"Avenue Pierre Mendès France";" -20,9094400";"55,6102100"
"202000021495";"7";"8";"2020";"19:00";"1";"45";"45332";"1";"1";"1";"6";"Route de Montargis";"47,8707400";"2,6539920"
"202000021496";"8";"8";"2020";"20:24";"2";"91";"91461";"1";"1";"1";" -1";"Route de Couard";"48,6229180";"2,2200930"
"202000021497";"5";"8";"2020";"21:20";"3";"2A";"2A247";"1";"3";"1";"3";"D468";"41,6316910";"9,3190480"
"202000021498";"10";"8";"2020";"05:40";"3";"83";"83068";"1";"1";"1";"6";"D61";"43,2649880";"6,5626900"
"202000021499";"2";"8";"2020";"13:00";"1";"13";"13007";"2";"3";"1";"3";"14 Rue Ravel Timothee";"43,3690590";"5,6295740"
"202000021500";"10";"8";"2020";"12:00";"1";"21";"21458";"1";"1";"1";"6";"2 Impasse Beauvallon";"47,1990920";"5,0835050"
"202000021501";"10";"8";"2020";"11:30";"1";"68";"68001";"1";"2";"7";"3";"Rue de l'Oberhardt";"48,0027230";"7,5512770"
"202000021502";"7";"8";"2020";"16:55";"1";"67";"67172";"1";"9";"1";"6";"D127";"48,4985655";"7,5252649"
"202000021503";"10";"8";"2020";"11:50";"1";"67";"67101";"1";"1";"7";"6";"28 Route de Strasbourg";"48,5299233";"7,4677435"
"202000021504";"6";"10";"2020";"13:50";"1";"62";"62193";"2";"2";"1";"3";"COUBERTIN (AVENUE PIERRE DE)";"50,9542600";"1,8474900"
"202000021505";"6";"10";"2020";"16:30";"1";"59";"59350";"2";"9";"1";"6";"BEGHIN CATEL RUE";"50,6308000";"3,0486300"
"202000021506";"2";"8";"2020";"00:30";"3";"74";"74229";"2";"1";"3";"7";"Route de la Gare";"46,2251150";"6,2999670"
"202000021507";"9";"8";"2020";"11:35";"1";"73";"73040";"1";"3";"1";"3";"D902";"45,3294747";"7,0117805"
"202000021508";"6";"10";"2020";"16:55";"1";"59";"59009";"2";"1";"2";"5";"PASTEUR RUE";"50,6261900";"3,1524200"
"202000021509";"6";"10";"2020";"13:10";"1";"59";"59378";"2";"1";"8";"2";"CLEMENCEAU BLVD (N°1-23)";"50,6614700";"3,0973600"
"202000021510";"9";"8";"2020";"17:15";"1";"38";"38148";"1";"3";"7";"3";"Route de Bordenoud";"45,6154750";"5,4651690"
"202000021511";"2";"10";"2020";"07:45";"5";"59";"59527";"2";"2";"2";"6";"LECLERC RUE DU GENERAL";"50,6620700";"3,0500500"
"202000021512";"7";"8";"2020";"09:25";"1";"13";"13055";"1";"1";"1";"6";"A507 sens Marseille - Aubagne";"43,3242400";"5,4223000"
"202000021513";"7";"8";"2020";"07:10";"1";"13";"13055";"1";"1";"1";"7";"A507 sens Aubagne- Marseille";"43,3149000";"5,4228000"
"202000021514";"8";"8";"2020";"23:45";"3";"01";"01275";"1";"1";"1";"6";"A42   6.180 A 6.290";"45,8138654";"4,9497753"
"202000021515";"5";"10";"2020";"21:45";"5";"56";"56121";"2";"1";"2";"4";"ROUTE DEPARTEMENTALE 465";"47,7484000";" -3,3865600"
"202000021516";"7";"8";"2020";"21:45";"3";"69";"69282";"1";"1";"1";"6";"RN346   29.300 A 34.350";"45,7576100";"4,9866400"
"202000021517";"5";"10";"2020";"13:00";"1";"54";"54304";"2";"1";"2";"3";"BOIS GRONEE (AVENUE DU)";"48,6856300";"6,1323400"
"202000021518";"9";"8";"2020";"07:20";"1";"94";"94033";"1";"1";"1";"7";"A86.INT";"48,8496400";"2,4905100"
"202000021519";"5";"10";"2020";"08:18";"1";"52";"52448";"2";"3";"2";"6";"VERDUN (AVENUE DE) PAIR";"48,6398700";"4,9472100"
"202000021520";"8";"8";"2020";"12:00";"1";"77";"77514";"1";"1";"1";" -1";"A104";"48,9523250";"2,6285090"
"202000021521";"6";"10";"2020";"09:05";"1";"51";"51454";"2";"4";"3";"3";"Boulevard Henry Vasnier";"49,2407917";"4,0531229"
"202000021522";"2";"10";"2020";"16:25";"1";"49";"49007";"2";"1";"1";"6";"TABARLY QUAI";"47,4709300";" -0,5647300"
"202000021523";"1";"10";"2020";"20:15";"2";"49";"49007";"2";"1";"1";"5";"DOYENNE BOULEVARD ET PASSAGE";"47,4883300";" -0,5370400"
"202000021524";"8";"8";"2020";"06:55";"1";"69";"69259";"2";"2";"1";"3";"JEAN CAGNE                          (AV)";"45,6939800";"4,8750800"
"202000021525";"6";"10";"2020";"05:23";"5";"41";"41018";"2";"3";"2";"3";"CROIX PICHON (RUE DE LA";"47,5969300";"1,3058100"
"202000021526";"6";"10";"2020";"18:23";"3";"38";"38151";"2";"1";"2";"3";"Rue d'Auvergne";"45,1545200";"5,7162100"
"202000021527";"8";"8";"2020";"14:45";"1";"95";"95268";"2";"3";"1";"6";"AV DU GENERAL DE GAULLE";"48,9705000";"2,4029000"
"202000021528";"6";"10";"2020";"15:30";"1";"37";"37261";"2";"1";"1";"6";"VICTOIRE (RUE DE LA)";"47,3928467";"0,6786664"
"202000021529";"7";"8";"2020";"20:27";"1";"91";"91174";"2";"9";"1";"6";"MICHEL ( DB GEORGES)";"48,6069000";"2,4683000"
"202000021530";"6";"10";"2020";"10:30";"1";"37";"37261";"2";"2";"1";"6";"BERANGER (BOULEVARD)";"47,3892572";"0,6828301"
"202000021531";"7";"8";"2020";"18:50";"1";"77";"77152";"1";"6";"1";"7";"JUSTICE(ROND POINT DE LA) D372 - D142";"48,5055800";"2,6071500"
"202000021532";"6";"8";"2020";"20:25";"1";"76";"76540";"2";"1";"1";"2";"GRAND MARE. AVENUE DE LA";"49,4499300";"1,1344000"
"202000021533";"5";"10";"2020";"12:43";"1";"37";"37122";"1";"9";"2";"7";"N/A";"47,3423333";"0,6474490"
"202000021534";"8";"8";"2020";"18:30";"1";"76";"76026";"2";"1";"1";"3";"LIBERATION (RUE DE LA)";"49,8797800";"1,1279900"
"202000021535";"3";"10";"2020";"12:05";"1";"35";"35093";"2";"2";"2";"3";"VALLEE (RUE DE LA)";"48,6305600";" -2,0583200"
"202000021536";"8";"8";"2020";"22:05";"5";"69";"69266";"2";"1";"1";"1";"LEON BLUM      (Rue)";"45,7605800";"4,9048900"
"202000021537";"6";"10";"2020";"10:15";"1";"35";"35238";"2";"1";"8";"4";"TROIS CROIX (BD DES)";"48,1276500";" -1,6842400"
"202000021538";"8";"8";"2020";"20:02";"2";"69";"69256";"2";"2";"1";"3";"AUGUSTE BLANQUI                     (R )";"45,7864400";"4,9241300"
"202000021539";"5";"10";"2020";"14:35";"1";"34";"34172";"2";"1";"1";"7";"LIBERTE (AVENUE DE LA";"43,6089386";"3,8411808"
"202000021540";"7";"8";"2020";"12:10";"1";"69";"69266";"2";"1";"1";"3";"EMILE ZOLA     (Cours)";"45,7702200";"4,8752300"
"202000021541";"6";"10";"2020";"20:40";"5";"33";"33075";"2";"1";"2";"2";"74 Avenue Jean Jaurès";"44,8775900";" -0,5913400"
"202000021542";"8";"8";"2020";"15:25";"1";"64";"64348";"2";"6";"1";"2";"BOULEVARD DE L'EUROPE";"43,3304380";" -0,3852403"
"202000021543";"18";"9";"2020";"19:24";"1";"29";"29019";"2";"2";"1";"3";"Rue Théodore Botrel";"48,4071036";" -4,5016407"
"202000021544";"8";"8";"2020";"11:05";"1";"64";"64024";"2";"2";"1";"3";"BAYONNE (AVENUE DE)";"43,4819000";" -1,5091800"
"202000021545";"6";"10";"2020";"22:10";"3";"27";"27229";"2";"9";"1";"6";"NORMANDIE (BOULEVARD DE)";"49,0220900";"1,1356000"
"202000021546";"8";"8";"2020";"22:20";"5";"59";"59599";"2";"2";"1";"3";"CHOCQUEEL (RUE WINOC)";"50,7198000";"3,1738000"
"202000021547";"6";"10";"2020";"21:00";"5";"13";"13215";"2";"1";"2";"4";"SAINT ANTOINE A SAINT JOSEPH (CHEMIN DE)";"43,3600300";"5,3645400"
"202000021548";"7";"8";"2020";"07:50";"1";"59";"59359";"2";"1";"1";"7";"AVEN (RUE DE L()";"51,0000230";"2,2521060"
"202000021549";"6";"10";"2020";"15:15";"1";"13";"13203";"2";"1";"2";"3";"ROGER SALENGRO (AVENUE)";"43,3198400";"5,3674700"
"202000021550";"6";"10";"2020";"17:20";"1";"13";"13202";"2";"1";"2";"3";"URFE (RUE D')";"43,3086983";"5,3686767"
"202000021551";"8";"8";"2020";"21:30";"5";"42";"42187";"2";"1";"1";"1";"Avenue de Paris";"46,0437900";"4,0716000"
"202000021552";"6";"10";"2020";"17:37";"1";"10";"10387";"2";"1";"8";"6";"ISLE (RUE DE)";"48,2990420";"4,0850400"
"202000021553";"7";"8";"2020";"21:30";"2";"42";"42187";"1";"1";"1";"2";"Rocade Est";"46,0523600";"4,0810600"
"202000021554";"11";"8";"2020";"14:15";"1";"38";"38185";"2";"3";"1";"3";"Avenue Marie Reynoard";"45,1640100";"5,7286300"
"202000021555";"5";"10";"2020";"17:15";"1";"05";"05061";"2";"3";"8";"1";"CHABANAS (RUE DE )";"44,5666000";"6,0632100"
"202000021556";"8";"8";"2020";"21:00";"5";"34";"34172";"2";"9";"1";"5";"PAVELET (AVENUE DU COLONEL)";"43,5821500";"3,8635500"
"202000021557";"30";"9";"2020";"16:58";"1";"05";"05061";"2";"3";"1";"7";"PRE DE FOIRE ( RUE DU )";"44,5549830";"6,0745503"
"202000021558";"5";"10";"2020";"11:45";"1";"04";"04070";"2";"6";"1";"3";"RP Jean Jaure";"44,0720369";"6,1800402"
"202000021559";"7";"8";"2020";"18:20";"1";"34";"34172";"2";"3";"1";" -1";"DUBOUT (AVENUE ALBERT)";"43,6019300";"3,8916600"
"202000021560";"6";"10";"2020";"14:15";"1";"75";"75120";"2";"1";"1";"6";"BOULEVARD PERIPHERIQUE";"48,8483160";"2,4147680"
"202000021561";"8";"8";"2020";"22:15";"5";"33";"33063";"2";"3";"1";"6";"RUE MAC CARTHY CAUD";"44,8415400";" -0,6193300"
"202000021562";"8";"8";"2020";"07:15";"2";"33";"33318";"2";"3";"1";"6";"AVE DU DOCTEUR NANCEL PENARD";"44,8090900";" -0,6338300"
"202000021563";"6";"10";"2020";"09:30";"1";"75";"75116";"2";"4";"1";"4";"ECHANGEUR DAUPHINE";"48,8697010";"2,2712660"
"202000021564";"5";"10";"2020";"18:40";"1";"75";"75116";"2";"1";"2";"2";"PORTE DE PASSY ,";"48,8572460";"2,2584890"
"202000021565";"8";"8";"2020";"03:20";"5";"33";"33063";"2";"3";"1";"7";"QUAI DE LA SOUYS";"44,8260400";" -0,5367400"
"202000021566";"6";"10";"2020";"08:20";"1";"75";"75120";"2";"2";"2";"6";"RUE BELGRAND";"48,8646670";"2,4046400"
"202000021567";"8";"8";"2020";"16:05";"1";"33";"33009";"2";"2";"1";"6";"LAMARQUE PLAISANCE (CRS) 1 ET +";"44,6613200";" -1,1743900"
"202000021568";"6";"10";"2020";"18:30";"2";"75";"75118";"2";"1";"1";"6";"AVENUE DE CLICHY";"48,8839700";"2,3272350"
"202000021569";"6";"10";"2020";"17:20";"1";"75";"75115";"2";"3";"1";"6";"RUE OLIVIER DE SERRES";"48,8317070";"2,2930160"
"202000021570";"8";"8";"2020";"16:08";"1";"30";"30189";"2";"2";"1";"1";"CAPOUCHINE (CHEMIN)";"43,8169200";"4,3531000"
"202000021571";"7";"8";"2020";"19:30";"1";"29";"29232";"2";"6";"7";"7";"Avenue de la Liberation";"47,9910494";" -4,0740051"
"202000021572";"5";"10";"2020";"12:05";"1";"75";"75114";"2";"5";"8";"6";"AVENUE RENE COTY";"48,8297630";"2,3339340"
"202000021573";"9";"8";"2020";"00:40";"1";"25";"25056";"2";"1";"8";"7";"N57 Montboucons";"47,2518250";"5,9857250"
"202000021574";"6";"10";"2020";"14:00";"1";"75";"75113";"2";"1";"1";"6";"PASSAGE TRUBERT BELLIER";"48,8241970";"2,3513250"
"202000021575";"7";"8";"2020";"15:05";"1";"25";"25056";"2";"3";"8";"3";"Boulevard Salvador Allendé";"47,2196260";"5,9754360"
"202000021576";"29";"7";"2020";"15:00";"1";"18";"18033";"2";"2";"1";"3";"MAZIERES (RUE DE)";"47,0715618";"2,3903463"
"202000021577";"6";"10";"2020";"14:35";"1";"75";"75112";"2";"3";"2";"3";"AVENUE DU DOCTEUR ARNOLD NETTER";"48,8415740";"2,4048810"
"202000021578";"6";"10";"2020";"14:30";"1";"75";"75108";"2";"2";"2";"4";"AVENUE DES CHAMPS ELYSEES";"48,8723600";"2,2994900"
"202000021579";"8";"8";"2020";"21:50";"5";"13";"13206";"2";"1";"1";"6";"ROUET (RUE DU)";"43,2852800";"5,3851100"
"202000021580";"8";"8";"2020";"20:10";"1";"13";"13211";"2";"1";"1";"6";"MONTRE (TRAVERSE DE LA)";"43,2944590";"5,4755360"
"202000021581";"6";"10";"2020";"10:05";"1";"75";"75108";"2";"5";"8";"6";"RUE DE LIEGE";"48,8796520";"2,3270130"
"202000021582";"6";"10";"2020";"08:30";"1";"75";"75108";"2";"3";"1";"4";"AVENUE DES CHAMPS ELYSEES";"48,8710830";"2,3034890"
"202000021583";"8";"8";"2020";"16:10";"1";"13";"13207";"2";"1";"1";"2";"Corniche John Fitzgérald Kennedy";"43,2862240";"5,3512080"
"202000021584";"6";"10";"2020";"17:42";"1";"75";"75107";"2";"1";"1";"6";"RUE DE L UNIVERSITE";"48,8607510";"2,3186030"
"202000021585";"4";"8";"2020";"19:40";"1";"13";"13202";"2";"6";"1";"2";"TOURETTE (QUAI DE LA)";"43,2968900";"5,3626900"
"202000021586";"6";"10";"2020";"07:55";"1";"75";"75107";"2";"2";"2";"3";"AVENUE BOSQUET";"48,8570680";"2,3042120"
"202000021587";"8";"8";"2020";"13:15";"1";"13";"13209";"2";"1";"1";"2";"MARÉCHAL DE LATTRE (AVENUE)";"43,2450000";"5,4140000"
"202000021588";"8";"8";"2020";"12:50";"1";"13";"13204";"2";"1";"1";"6";"CHARTREUX (AVENUE DES)";"43,3123970";"5,4014300"
"202000021589";"6";"10";"2020";"01:23";"5";"75";"75114";"2";"4";"8";"4";"BOULEVARD PERIPHERIQUE";"48,8209250";"2,3217860"
"202000021590";"6";"10";"2020";"11:30";"1";"75";"75104";"2";"2";"2";"3";"QUAI DE L HOTEL DE VILLE";"48,8540480";"2,3557470"
"202000021591";"8";"8";"2020";"04:15";"5";"13";"13204";"2";"9";"1";" -1";"FRANÇOISE DUPARC (BOULEVARD)";"43,3017428";"5,4006547"
"202000021592";"6";"10";"2020";"15:15";"1";"94";"94076";"2";"1";"2";"2";"VERDUN (R DE)";"48,7904920";"2,3537440"
"202000021593";"8";"8";"2020";"21:00";"2";"13";"13047";"2";"1";"1";"6";"RAYMOND FILIPPI AVENUE";"43,5092100";"4,9835300"
"202000021594";"8";"8";"2020";"12:35";"1";"13";"13047";"1";"1";"1";"6";"D5";"43,4794610";"4,9964140"
"202000021595";"6";"10";"2020";"08:45";"1";"94";"94041";"2";"3";"2";"3";"HOCHE (R)";"48,8122900";"2,3719500"
"202000021596";"5";"8";"2020";"17:30";"1";"13";"13098";"1";"3";"1";"5";"D.51A";"43,4375100";"5,0144600"
"202000021597";"5";"10";"2020";"06:30";"5";"94";"94019";"2";"1";"2";"3";"PINCE VENT (AV DE)";"48,7953100";"2,5574800"
"202000021598";"8";"8";"2020";"22:20";"5";"13";"13001";"2";"1";"1";"7";"BONAPARTE NAPOLEON(AV)";"43,5265000";"5,4448000"
"202000021599";"5";"10";"2020";"13:00";"1";"94";"94004";"2";"1";"2";"5";"VALENTON (R DE)";"48,7455700";"2,5083600"
"202000021600";"8";"8";"2020";"17:50";"1";"10";"10297";"2";"2";"1";"1";"JULES GUESDE (BDL)";"48,3180600";"4,1041000"
"202000021601";"6";"10";"2020";"20:10";"5";"94";"94018";"2";"1";"2";"1";"REPUBLIQUE (R DE LA)";"48,8219000";"2,4155000"
"202000021602";"6";"10";"2020";"11:10";"1";"94";"94002";"2";"1";"1";"6";"ETIENNE DOLET (R)";"48,8009300";"2,4223100"
"202000021603";"5";"10";"2020";"19:47";"5";"94";"94002";"2";"3";"2";"3";"LOUIS BLANC (R)";"48,8064900";"2,4192100"
"202000021604";"6";"10";"2020";"10:30";"1";"93";"93073";"1";"2";"2";"3";"CHAPIT RE ( RUE DU)";"49,0027404";"2,5387090"
"202000021605";"6";"10";"2020";"05:22";"5";"93";"93072";"2";"1";"2";"1";"AV DE STALINGRAD";"48,9535200";"2,3913900"
"202000021606";"6";"10";"2020";"19:48";"5";"93";"93071";"2";"1";"1";"6";"R D'AULNAY";"48,9399000";"2,5169700"
"202000021607";"6";"10";"2020";"13:20";"1";"93";"93066";"2";"1";"1";"6";"LAMAZE DOCTEUR";"48,9369000";"2,3720000"
"202000021608";"6";"10";"2020";"15:10";"1";"93";"93064";"2";"1";"9";"6";"DE GAULLE (AV DU GENERAL) 0 / 56 - 47";"48,8772700";"2,4800200"
"202000021609";"6";"10";"2020";"07:40";"2";"93";"93064";"2";"2";"2";" -1";"R JULES FERRY / R DE BRUXELLES";"48,8765000";"2,4760300"
"202000021610";"6";"10";"2020";"19:20";"5";"93";"93050";"2";"1";"8";"3";"JEAN JAURES (AVENUE) COTE VILLE EVRARD";"48,8645628";"2,5532595"