"Num_Acc";"jour";"mois";"an";"hrmn";"lum";"dep";"com";"agg";"int";"atm";"col";"adr";"lat";"long"
"202000021808";"11";"11";"2020";"15:20";"1";"13";"13210";"2";"1";"1";" -1";"ANDRE BARDON (rue)";"43,2832800";"5,4266200"
"202000021809";"11";"11";"2020";"15:10";"1";"13";"13206";"2";"1";"1";"2";"BRETEUIL (RUE)";"43,2871000";"5,3771330"
"202000021810";"10";"11";"2020";"20:15";"5";"13";"13211";"2";"1";"1";"3";"VALBARELLE (BOULEVARD DE LA )";"43,2866057";"5,4447624"
"202000021811";"31";"10";"2020";"16:40";"1";"04";"04070";"2";"1";"7";"6";"Rue du Docteur Honnorat";"44,0929471";"6,2348190"
"202000021812";"11";"11";"2020";"12:30";"1";"75";"75118";"2";"3";"1";"3";"BOULEVARD NEY";"48,8978870";"2,3383690"
"202000021813";"10";"11";"2020";"19:49";"5";"75";"75110";"2";"1";"1";"6";"RUE DU FAUBOURG SAINT MARTIN";"48,8772730";"2,3612590"
"202000021814";"11";"11";"2020";"10:40";"1";"75";"75117";"2";"1";"1";"3";"RUE DE COURCELLES";"48,8822880";"2,2999690"
"202000021815";"11";"11";"2020";"15:50";"1";"75";"75110";"2";"3";"8";"3";"RUE DU FAUBOURG SAINT MARTIN";"48,8792470";"2,3629080"
"202000021816";"11";"11";"2020";"16:25";"1";"75";"75108";"2";"3";"1";"7";"AVENUE DES CHAMPS ELYSEES";"48,8670030";"2,3160090"
"202000021817";"11";"11";"2020";"19:45";"5";"75";"75104";"2";"3";"1";"2";"BOULEVARD BOURDON";"48,8509030";"2,3672740"
"202000021818";"11";"11";"2020";"11:20";"1";"75";"75101";"2";"7";"1";"6";"RUE DE RIVOLI";"48,8637950";"2,3319550"
"202000021819";"11";"11";"2020";"23:20";"5";"93";"93064";"2";"2";"1";"3";"A103 / BD ALSACE-LORRAINE";"48,8830200";"2,4919100"
"202000021820";"11";"11";"2020";"19:50";"5";"93";"93014";"2";"1";"1";"3";"MONTFERMEIL (ALLEE DE)";"48,8991171";"2,5428745"
"202000021821";"11";"11";"2020";"00:10";"5";"92";"92012";"2";"1";"8";"7";"EST (RUE DE L') 1/FIN - 18/FIN";"48,8392769";"2,2455358"
"202000021822";"12";"11";"2020";"07:15";"2";"38";"38107";"1";"1";"5";"6";"Route de Gerbey";"45,4724000";"4,7930500"
"202000021823";"11";"11";"2020";"20:40";"5";"974";"97404";"2";"1";"1";"6";"199 Avenue Raymond Barre";" -21,2600260";"55,3574630"
"202000021824";"12";"11";"2020";"16:35";"2";"63";"63278";"1";"3";"1";"2";"D211";"45,9265280";"3,1648780"
"202000021825";"12";"11";"2020";"07:34";"1";"22";"22228";"1";"1";"1";"2";"RN 12 PR 110+393 ";"48,5490010";" -3,4112550"
"202000021826";"12";"11";"2020";"14:22";"1";"76";"76244";"1";"1";"1";"2";"A28";"49,7027440";"1,3688920"
"202000021827";"12";"11";"2020";"15:00";"1";"38";"38383";"2";"1";"8";"6";"Route de Tolvon";"45,3787060";"5,6289110"
"202000021828";"12";"11";"2020";"11:43";"1";"44";"44137";"1";"2";"1";"3";"rd204";"47,3659040";" -2,0247780"
"202000021829";"11";"11";"2020";"19:15";"3";"83";"83031";"1";"1";"1";"2";"La Faisse Noire";"43,3987100";"6,3647480"
"202000021830";"11";"11";"2020";"17:00";"2";"83";"83087";"1";"1";"1";"6";"D560";"43,3960165";"5,8004139"
"202000021831";"11";"11";"2020";"01:50";"5";"57";"57655";"2";"9";"1";"6";"10 Rue d'Alsace Lorraine";"48,9672750";"6,2972500"
"202000021832";"10";"11";"2020";"15:00";"1";"74";"74104";"1";"2";"1";"3";"Route de la Plaine";"45,7774680";"6,2131330"
"202000021833";"11";"11";"2020";"17:20";"1";"63";"63030";"2";"3";"1";"6";"Rue Adélaïde d'Orléans";"46,0244910";"3,3012470"
"202000021834";"11";"11";"2020";"02:40";"3";"61";"61346";"1";"1";"1";"6";"Lieu Dit l'Hotellerie Faroult";"48,8938750";"0,1092130"
"202000021835";"12";"11";"2020";"17:25";"5";"55";"55063";"2";"1";"1";"3";"245, rue de la LIBÉRATION";"49,2954640";"5,7386610"
"202000021836";"12";"11";"2020";"08:30";"1";"47";"47021";"1";"1";"1";"6";"Route des Martinets";"44,1620890";"0,2863960"
"202000021837";"12";"11";"2020";"07:45";"2";"02";"02294";"1";"1";"1";"6";"N2";"49,5220050";"3,5876370"
"202000021838";"12";"11";"2020";"07:55";"1";"06";"06038";"1";"1";"1";"3";"Route de Nice";"43,6738700";"6,9895690"
"202000021839";"9";"11";"2020";"16:30";"1";"14";"14600";"1";"3";"1";"1";"51 Chemin de la Goujonnerie";"49,0664150";"0,0740720"
"202000021840";"11";"11";"2020";"22:45";"3";"60";"60304";"1";"4";"1";"6";"rue de blicourt";"49,5770655";"2,0169750"
"202000021841";"10";"11";"2020";"08:05";"2";"24";"24553";"2";"6";"5";"3";"Route de Royan";"45,2542370";"0,4884520"
"202000021842";"12";"11";"2020";"10:12";"1";"978";"97801";"2";"1";"1";"2";"Route nationale 7 - Quartier d'Orléans";"18,0779630";" -63,0290510"
"202000021843";"11";"11";"2020";"21:30";"5";"13";"13112";"1";"9";"1";"1";"Route Departementale 20";"43,5194120";"5,2326570"
"202000021844";"12";"11";"2020";"04:12";"3";"42";"42212";"1";"1";"1";"1";"RN 82";"45,9660260";"4,1347870"
"202000021845";"6";"11";"2020";"15:00";"1";"988";"98803";"1";"1";"1";"6";"RT1 col Aymes";" -21,6663620";"165,5438380"
"202000021846";"11";"11";"2020";"17:45";"2";"66";"66208";"1";"1";"1";"6";"D914";"42,6332170";"2,9414820"
"202000021847";"11";"11";"2020";"16:00";"1";"30";"30090";"2";"1";"1";"6";"D315a";"44,3782710";"3,9423120"
"202000021848";"10";"11";"2020";"16:15";"1";"13";"13081";"2";"1";"1";"3";"9 Boulevard Gerard Philipe";"43,4871630";"5,2216170"
"202000021849";"12";"11";"2020";"19:10";"5";"71";"71555";"1";"3";"1";"3";"D906";"46,7115810";"4,8650660"
"202000021850";"9";"11";"2020";"18:15";"5";"88";"88367";"2";"1";"1";"3";"Route d'Autrey";"48,3388720";"6,6568620"
"202000021851";"12";"11";"2020";"15:10";"1";"55";"55389";"1";"1";"1";"7";"RD20, PK12+200";"49,0157500";"5,1678230"
"202000021852";"12";"11";"2020";"17:50";"2";"81";"81039";"1";"1";"1";"3";"D631";"43,7540590";"1,9260890"
"202000021853";"12";"11";"2020";"11:15";"1";"50";"50601";"2";"2";"1";"6";"Rue de la République";"49,0350560";" -0,9788370"
"202000021854";"12";"11";"2020";"09:35";"1";"35";"35136";"2";"6";"7";"6";"25 Rue André de Villoutreys";"47,9621300";" -1,5018260"
"202000021855";"10";"11";"2020";"22:25";"3";"78";"78524";"1";"1";"1";"3";"A13";"48,8404600";"2,1129700"
"202000021856";"9";"11";"2020";"00:45";"3";"77";"77058";"1";"1";"1";"3";"A4";"48,8286901";"2,7279370"
"202000021857";"30";"7";"2020";"15:30";"1";"84";"84007";"2";"2";"1";"5";"MAGNANARELLES (Avenue des)-MONTFAVET";"43,9257200";"4,8772300"
"202000021858";"9";"11";"2020";"17:25";"1";"987";"98735";"2";"2";"8";"3";"CHEF VAIRAATOA (AVENUE)";" -17,5319100";" -149,5610400"
"202000021859";"10";"11";"2020";"20:05";"4";"69";"69387";"2";"1";"1";"6";"ELIE ROCHETTE                       (R )";"45,7483400";"4,8450300"
"202000021860";"10";"11";"2020";"16:55";"1";"69";"69389";"2";"1";"1";"6";"PAUL SEDAILLIAN                     (QU)";"45,7952900";"4,8252300"
"202000021861";"9";"11";"2020";"12:17";"1";"69";"69034";"2";"1";"1";"6";"FORTS (DES)                         (MO)";"45,7931639";"4,8339710"
"202000021862";"6";"11";"2020";"04:00";"5";"971";"97107";"2";"9";"1";"6";"FRONT DE MER ( BOULEVARD)";"16,0499790";" -61,5587997"
"202000021863";"9";"11";"2020";"11:00";"1";"91";"91223";"2";"1";"1";"6";"GEROFOSSE (RUE DE)";"48,4265000";"2,1679500"
"202000021864";"9";"11";"2020";"11:35";"1";"83";"83009";"1";"9";"1";"6";"MARSEILLE (BD DE)";"43,1454500";"5,7479730"
"202000021865";"10";"11";"2020";"15:10";"1";"79";"79191";"2";"3";"1";"3";"283 Avenue de Paris";"46,3298700";" -0,4423700"
"202000021866";"10";"11";"2020";"13:30";"1";"71";"71270";"2";"8";"1";"1";"MERMOZ (RUE JEAN)";"46,2938131";"4,8084819"
"202000021867";"10";"11";"2020";"18:00";"5";"69";"69266";"2";"1";"1";"3";"EMILE ZOLA     (Cours)";"45,7678200";"4,8884800"
"202000021868";"9";"11";"2020";"18:00";"5";"69";"69275";"2";"1";"1";"2";"FRATERNITE (DE LA)                  (R )";"45,7709900";"4,9588000"
"202000021869";"9";"11";"2020";"16:15";"2";"67";"67482";"2";"1";"1";"4";"JEAN JAURES (AVENUE)";"48,5696300";"7,7626000"
"202000021870";"6";"11";"2020";"20:30";"5";"67";"67482";"2";"1";"1";"3";"ROBERTSAU (ALLEE DE LA)";"48,5866865";"7,7637676"
"202000021871";"10";"11";"2020";"19:18";"5";"64";"64445";"2";"1";"8";" -1";"JEAN MERMOZ";"43,3174600";" -0,3784300"
"202000021872";"9";"11";"2020";"18:24";"5";"63";"63113";"2";"1";"1";"6";"CLOS NOTRE DAME (RUE DU)";"45,7821933";"3,0733488"
"202000021873";"12";"9";"2020";"18:20";"1";"62";"62624";"2";"1";"1";"1";"EGALITE (R DE L')";"50,4227520";"2,9879780"
"202000021874";"9";"11";"2020";"12:49";"1";"57";"57666";"2";"1";"1";"2";"8 MAI 1945 (RUE DU)";"49,3443600";"6,1385400"
"202000021875";"9";"11";"2020";"19:45";"2";"54";"54526";"2";"1";"1";"3";"MILLENAIRE (BOULEVARD DU)";"48,6803800";"6,2131500"
"202000021876";"9";"11";"2020";"18:15";"5";"54";"54159";"2";"3";"1";"3";"D2";"48,6261600";"6,3483300"
"202000021877";"10";"11";"2020";"17:35";"5";"51";"51454";"2";"6";"2";"7";"Rue de Courcelles";"49,2645677";"4,0095244"
"202000021878";"10";"11";"2020";"07:55";"2";"50";"50532";"1";"2";"8";"3";"AVRANCHES (ROUTE D')";"48,8140000";" -1,5437000"
"202000021879";"9";"11";"2020";"16:25";"1";"41";"41018";"2";"3";"1";"1";"CABOCHON (RUE DE)";"47,5778200";"1,3047600"
"202000021880";"8";"11";"2020";"10:10";"1";"40";"40192";"2";"6";"7";"3";"HOUGA (AV DU)";"43,8819900";" -0,4871900"
"202000021881";"10";"11";"2020";"20:20";"3";"37";"37261";"2";"2";"1";" -1";"JEMMAPES (RUE)";"47,4199991";"0,6838245"
"202000021882";"10";"11";"2020";"19:40";"5";"35";"35051";"2";"1";"1";"7";"FOUGERES (ROUTE DE)";"48,1463900";" -1,6066700"
"202000021883";"10";"11";"2020";"17:18";"2";"34";"34172";"2";"2";"1";"3";"AEROPORT INTERNATIONAL (BOULEVARD DE L')";"43,6090350";"3,8907100"
"202000021884";"9";"11";"2020";"23:19";"5";"34";"34172";"2";"1";"8";"6";"RIMBAUD (RUE PAUL)";"43,6200515";"3,8502842"
"202000021885";"10";"11";"2020";"09:55";"1";"33";"33522";"2";"5";"1";"3";"PEYDAVANT (RUE )";"44,8067000";" -0,5861000"
"202000021886";"3";"11";"2020";"18:57";"5";"33";"33063";"2";"2";"1";"6";"BD MARECHAL LECLERC";"44,8279200";" -0,5930700"
"202000021887";"9";"11";"2020";"19:45";"5";"31";"31555";"2";"1";"1";"2";"BOULINGRIN (ROND POINT DU) DU 1AU 4";"43,5948400";"1,4523100"
"202000021888";"10";"11";"2020";"19:50";"3";"30";"30007";"2";"9";"1";" -1";"ALSACE (ROUTE D')";"44,1338200";"4,0832000"
"202000021889";"1";"10";"2020";"18:55";"1";"30";"30243";"2";"9";"1";"3";"ROUTE D ALES";"44,0925000";"4,0791000"
"202000021890";"9";"11";"2020";"08:30";"1";"29";"29232";"2";"1";"1";"6";"Pont Max Jacob";"47,9935312";" -4,1060865"
"202000021891";"9";"11";"2020";"14:18";"1";"29";"29039";"2";"1";"1";"7";"Rue Marguerite Yourcenar";"47,8875777";" -3,9264497"
"202000021892";"10";"11";"2020";"14:10";"1";"26";"26057";"2";"1";"1";"6";"ALPES PROVENCE (BOULEVARD)";"45,0351700";"5,0530200"
"202000021893";"8";"11";"2020";"13:40";"1";"22";"22278";"2";"1";"1";"7";"LIGNERIES (DES)";"48,5252800";" -2,7363300"
"202000021894";"9";"11";"2020";"06:50";"5";"13";"13117";"2";"1";"1";"1";"LONDRES (AVENUE DE)";"43,4331700";"5,2428000"
"202000021895";"10";"11";"2020";"21:45";"5";"13";"13215";"2";"1";"1";"3";"COMMANDANT THOLLON (BOULEVARD DU)";"43,3689000";"5,3538700"
"202000021896";"10";"11";"2020";"10:50";"1";"13";"13047";"2";"1";"1";"3";"RADOLFZELL AVENUE DE";"43,4991950";"4,9877280"
"202000021897";"10";"11";"2020";"13:30";"1";"13";"13047";"2";"1";"1";"2";"BOLLES AVENUE DES";"43,5033700";"4,9938300"
"202000021898";"10";"11";"2020";"13:05";"1";"13";"13028";"2";"1";"1";"3";"DULAC (AVENUE GUILLAUME)";"43,1957792";"5,6126264"
"202000021899";"10";"11";"2020";"21:58";"5";"10";"10387";"2";"1";"8";"2";"VOULDY (CHAUSSEE DU)";"48,2942800";"4,0831900"
"202000021900";"9";"11";"2020";"17:20";"1";"10";"10081";"1";"9";"1";"3";"ROCADE EST (RD 610)";"48,3015700";"4,0257300"
"202000021901";"10";"11";"2020";"17:27";"1";"06";"06029";"2";"1";"1";"3";"TONNER (AVENUE FRANCIS)";"43,5495900";"6,9750000"
"202000021902";"10";"11";"2020";"13:25";"1";"06";"06123";"2";"1";"1";"3";"SAUVAIGO PIERRE AVENUE";"43,6633900";"7,1846000"
"202000021903";"10";"11";"2020";"10:50";"1";"06";"06123";"2";"3";"1";"1";"DAUDET ALPHONSE RUE";"43,6873300";"7,1813300"
"202000021904";"10";"11";"2020";"07:15";"5";"75";"75120";"2";"7";"2";"3";"PLACE GAMBETTA";"48,8651130";"2,3983320"
"202000021905";"10";"11";"2020";"15:08";"1";"75";"75119";"2";"1";"1";"3";"RUE D AUBERVILLIERS";"48,8920470";"2,3692300"
"202000021906";"10";"11";"2020";"09:55";"1";"75";"75118";"2";"2";"2";"2";"PORTE DE LA CHAPELLE";"48,8987270";"2,3586770"
"202000021907";"10";"11";"2020";"09:00";"1";"75";"75118";"2";"4";"2";"2";"RUE EUGENE CARRIERE";"48,8887510";"2,3318430"
"202000021908";"10";"11";"2020";"14:15";"1";"75";"75115";"2";"4";"8";"7";"RUE CAMBRONNE";"48,8420960";"2,3030820"
"202000021909";"10";"11";"2020";"16:00";"1";"75";"75113";"2";"3";"2";"6";"BOULEVARD AUGUSTE BLANQUI";"48,8302950";"2,3472080"
"202000021910";"10";"11";"2020";"09:40";"1";"75";"75113";"2";"1";"8";"3";"AVENUE DE LA PORTE DE VITRY";"48,8237530";"2,3772690"
"202000021911";"10";"11";"2020";"13:00";"1";"75";"75110";"2";"3";"2";"3";"BOULEVARD DE MAGENTA";"48,8757540";"2,3563620"
"202000021912";"9";"11";"2020";"19:00";"5";"75";"75107";"2";"2";"1";"3";"RUE DE BABYLONE";"48,8516960";"2,3190310"
"202000021913";"10";"11";"2020";"15:15";"1";"75";"75101";"2";"2";"2";"3";"RUE CAMBON";"48,8666840";"2,3255720"
"202000021914";"10";"11";"2020";"15:55";"1";"75";"75102";"2";"2";"2";"5";"RUE REAUMUR";"48,8662400";"2,3525360"
"202000021915";"10";"11";"2020";"13:20";"1";"94";"94081";"2";"9";"1";"3";"EUGENE PELLETAN (AV)";"48,7941600";"2,3857800"
"202000021916";"10";"11";"2020";"10:30";"1";"94";"94067";"2";"1";"8";"2";"GENERAL DE GAULLE (AV DU)";"48,8444450";"2,4175870"
"202000021917";"10";"11";"2020";"11:50";"1";"94";"94041";"2";"1";"2";"3";"REPUBLIQUE (AV DE LA)";"48,8057500";"2,3934100"
"202000021918";"10";"11";"2020";"16:45";"2";"94";"94065";"2";"3";"1";"3";"CHARLES LINDBERGH (AV)";"48,7450200";"2,3603000"
"202000021919";"9";"11";"2020";"07:25";"1";"94";"94058";"2";"1";"1";"2";"GENERAL DE GAULLE (AV DU)";"48,8487960";"2,4965403"
"202000021920";"10";"11";"2020";"07:15";"1";"94";"94077";"2";"3";"2";"3";"LE FOLL (AV)";"48,7306010";"2,4260000"
"202000021921";"10";"11";"2020";"17:00";"1";"93";"93072";"2";"1";"1";"6";"MARCEL CACHIN (AVENUE) COTE N°16 AU 50";"48,9601800";"2,3819700"
"202000021922";"10";"11";"2020";"17:00";"5";"93";"93071";"2";"9";"2";"3";"ALL DAMREMONT";"48,9305156";"2,5175894"
"202000021923";"10";"11";"2020";"18:13";"5";"93";"93070";"2";"9";"8";"6";"ROSIERS(DES) : APRES 61";"48,9046600";"2,3381900"
"202000021924";"10";"11";"2020";"16:50";"1";"93";"93062";"2";"1";"2";" -1";"MIDI (BOULEVARD DU)";"48,8927098";"2,5198890"
"202000021925";"9";"11";"2020";"08:25";"1";"93";"93029";"2";"3";"1";"3";"AV HENRI BARBUSSE / R DU 8 MAI 1945";"48,9185000";"2,4486500"
"202000021926";"10";"11";"2020";"08:10";"1";"93";"93014";"2";"3";"3";"6";"SEVIGNE (AVENUE DE)";"48,9131432";"2,5483035"
"202000021927";"10";"11";"2020";"16:40";"2";"93";"93001";"2";"1";"8";"2";"JEAN JAURES (AVE) 55 A 129";"48,9142951";"2,4034537"
"202000021928";"10";"11";"2020";"09:25";"1";"92";"92072";"2";"1";"8";"2";"TROYON (RUE)";"48,8268630";"2,2262480"
"202000021929";"9";"11";"2020";"02:15";"5";"92";"92050";"2";"2";"1";"3";"HEBERT CELESTIN RUE";"48,8972500";"2,2243500"
"202000021930";"9";"11";"2020";"15:20";"1";"92";"92049";"2";"1";"1";"3";"BROSSOLETTE AVENUE PIERRE";"48,8196258";"2,3104638"
"202000021931";"10";"11";"2020";"20:05";"5";"92";"92023";"2";"1";"8";"1";"VERSAILLES (RUE DE) N°2 A 14";"48,7830800";"2,2475600"
"202000021932";"11";"11";"2020";"16:10";"1";"08";"08240";"1";"1";"8";"1";"Rue du Pont d'Azoy";"49,6125520";"4,3297930"
"202000021933";"9";"11";"2020";"20:15";"4";"28";"28006";"1";"1";"1";"1";"D923";"48,4367750";"1,4222150"
"202000021934";"10";"11";"2020";"05:30";"3";"44";"44057";"1";"1";"1";"6";"D773";"47,5937560";" -2,0436290"
"202000021935";"10";"11";"2020";"19:15";"3";"29";"29213";"1";"1";"1";"7";"Lieu Dit Meslein";"48,6186830";" -4,1108390"
"202000021936";"11";"11";"2020";"00:37";"3";"29";"29141";"1";"1";"1";"6";"D36 - Lieu Dit la Gare";"48,3270640";" -3,8502360"
"202000021937";"9";"11";"2020";"09:30";"1";"03";"03200";"2";"1";"1";"2";"19 Avenue Edmond Michelet";"46,5578576";"3,3097830"
"202000021938";"11";"11";"2020";"14:40";"1";"73";"73188";"1";"1";"7";"6";"D925";"45,6332893";"6,3509857"
"202000021939";"20";"12";"2020";"13:35";"1";"50";"50219";"1";"6";"1";"3";"D44";"49,0553220";" -1,4840560"
"202000021940";"20";"12";"2020";"22:30";"5";"43";"43080";"2";"1";"9";"6";"Quartier d'Ollias";"45,3369510";"3,8416960"
"202000021941";"19";"12";"2020";"21:30";"3";"53";"53190";"1";"1";"1";"7";"N12";"48,3805500";" -0,4154390"
"202000021942";"20";"12";"2020";"15:30";"1";"85";"85034";"1";"1";"3";"6";"D949b";"46,6454290";" -1,1224080"
"202000021943";"21";"12";"2020";"15:05";"1";"27";"27026";"1";"2";"2";"3";"RD 6014, authevernes";"49,2304690";"1,6221460"
"202000021944";"20";"12";"2020";"16:00";"1";"17";"17093";"2";"1";"1";"6";"Avenue d'Antioche";"45,8873830";" -1,2114680"
"202000021945";"20";"12";"2020";"16:27";"1";"17";"17355";"2";"3";"1";"1";"La Motte";"45,5306730";" -0,3664760"
"202000021946";"16";"12";"2020";"10:30";"1";"30";"30133";"1";"1";"8";"2";"D62b";"43,5347590";"4,1464000"
"202000021947";"20";"12";"2020";"16:00";"1";"30";"30341";"1";"3";"8";"2";"Route de Vauvert";"43,7158760";"4,2840670"
"202000021948";"21";"12";"2020";"13:44";"1";"52";"52156";"2";"3";"2";"3";"grande rue";"48,4917030";"5,1359800"
"202000021949";"20";"12";"2020";"17:45";"3";"30";"30020";"1";"1";"2";"7";"Chemin des Canaux";"43,7493810";"4,3041940"
"202000021950";"20";"12";"2020";"19:35";"3";"73";"73309";"1";"1";"8";"6";"A43";"45,5568830";"5,7210230"
"202000021951";"19";"12";"2020";"17:00";"2";"58";"58264";"1";"1";"2";"6";"N7 PR 092+150";"46,8020720";"3,1196130"
"202000021952";"19";"12";"2020";"20:15";"5";"988";"98827";"2";"1";"1";"6";"basse-poya, RT1";" -21,3202810";"165,1400900"
"202000021953";"21";"12";"2020";"23:45";"3";"988";"98821";"1";"1";"1";"1";"RT1/COL DE LA PIROGUE";" -22,0805940";"166,3136260"
"202000021954";"15";"12";"2020";"16:15";"1";"978";"97801";"1";"1";"1";"3";"Route de Baie Nettle";"18,0598030";" -63,1077860"
"202000021955";"18";"12";"2020";"07:06";"3";"77";"77273";"1";"1";"1";"2";"route départementale 401";"49,0513538";"2,7319908"
"202000021956";"19";"12";"2020";"21:10";"3";"11";"11295";"1";"1";"1";"7";"D611a";"43,0592840";"2,9074770"
"202000021957";"19";"12";"2020";"18:50";"5";"34";"34189";"2";"1";"1";"6";"Avenue d'Homps";"43,2832090";"2,7314610"
"202000021958";"19";"12";"2020";"15:30";"1";"13";"13046";"2";"1";"2";"2";"Avenue du 8 Mai 1945";"43,4320810";"5,5470550"
"202000021959";"19";"12";"2020";"14:55";"1";"67";"67118";"2";"2";"2";"3";"Rue d'Oberhausbergen";"48,5804860";"7,6870390"
"202000021960";"19";"12";"2020";"15:55";"1";"54";"54459";"2";"1";"1";"3";"Rue de Messein";"48,5904613";"6,1703467"
"202000021961";"19";"12";"2020";"17:57";"3";"63";"63150";"1";"1";"2";"6";"Route de Volvic";"45,8892840";"3,0712040"
"202000021962";"20";"12";"2020";"11:00";"1";"42";"42155";"1";"2";"8";"3";"Route de Saint Germain Laval";"45,8064750";"4,1405150"
"202000021963";"20";"12";"2020";"11:05";"1";"69";"69074";"1";"1";"2";"6";"200 chemin des tilleuls";"46,0159010";"4,6582460"
"202000021964";"14";"12";"2020";"14:40";"1";"69";"69116";"1";"1";"1";"1";"351 Chemin de Paisy";"45,8034460";"4,7748930"
"202000021965";"20";"12";"2020";"17:30";"2";"65";"65123";"1";"1";"1";"1";"D935 Route de Bagnères";"43,0236080";"0,1707330"
"202000021966";"19";"12";"2020";"18:40";"3";"17";"17452";"1";"1";"8";"6";"Boulevard Roger Letelie";"45,7732670";" -1,1303040"
"202000021967";"19";"12";"2020";"19:25";"3";"86";"86036";"1";"1";"1";"1";"D347";"47,0443390";"0,0450470"
"202000021968";"19";"12";"2020";"16:00";"1";"33";"33498";"1";"2";"9";"1";"D3 / route de Hobre";"44,5848510";" -0,8887070"
"202000021969";"20";"12";"2020";"06:15";"3";"49";"49035";"2";"1";"8";"6";"Route d'Angers";"47,4551430";" -0,5968080"
"202000021970";"21";"12";"2020";"08:55";"1";"61";"61382";"2";"4";"2";"2";"10 Rue Principale";"48,4560610";" -0,0351990"
"202000021971";"20";"12";"2020";"18:10";"5";"27";"27469";"1";"6";"1";"2";"D6015";"49,2953520";"1,1564930"
"202000021972";"19";"12";"2020";"11:21";"1";"13";"13211";"1";"1";"8";"5";"A50-Sens Marseille vers Aubagne";"43,2938300";"5,4577300"
"202000021973";"18";"12";"2020";"19:30";"3";"13";"13005";"1";"1";"1";"2";"A50-Sens Marseille vers Aubagne";"43,2847900";"5,5237700"
"202000021974";"14";"12";"2020";"09:15";"1";"13";"13055";"1";"1";"1";"3";"A507 sens Marseille - Aubagne";"43,3300480";"5,3907250"
"202000021975";"18";"12";"2020";"18:15";"5";"69";"69266";"1";"1";"1";"2";"RD383   1.893 A 2.321";"45,7826665";"4,8925463"
"202000021976";"19";"12";"2020";"05:55";"3";"69";"69282";"1";"1";"1";"6";"RD302   0.400 A 4.620";"45,7609000";"5,0316200"
"202000021977";"18";"12";"2020";"16:30";"1";"69";"69271";"1";"1";"1";"7";"RN346   ";"45,7488200";"4,9882200"
"202000021978";"19";"12";"2020";"14:16";"1";"33";"33366";"1";"1";"2";"4";"N/A";"44,9830070";" -0,4287430"
"202000021979";"20";"12";"2020";"18:40";"3";"92";"92002";"1";"1";"1";"2";"AUTOROUTE A10";"48,7312210";"2,3095030"
"202000021980";"20";"12";"2020";"11:38";"1";"94";"94038";"1";"1";"1";"2";"AUTOROUTE A6A";"48,7789200";"2,3466300"
"202000021981";"20";"12";"2020";"10:20";"1";"91";"91136";"1";"1";"1";"4";"RD188 PROVINCE / A10 PROVINCE";"48,7140400";"2,2755100"
"202000021982";"19";"12";"2020";"19:20";"3";"94";"94076";"1";"1";"8";"3";"AUTOROUTE A6B";"48,7897000";"2,3439600"
"202000021983";"19";"12";"2020";"15:20";"1";"91";"91689";"1";"1";"1";"2";"AUTOROUTE A6B";"48,7465690";"2,3261300"
"202000021984";"19";"12";"2020";"14:10";"1";"91";"91689";"1";"1";"8";"2";"AUTOROUTE A6";"48,7302350";"2,3147980"
"202000021985";"19";"12";"2020";"14:10";"1";"94";"94034";"1";"1";"1";"2";"AUTOROUTE A86";"48,7586000";"2,3253000"
"202000021986";"18";"12";"2020";"18:10";"3";"94";"94065";"1";"1";"1";"4";"AUTOROUTE A106";"48,7526000";"2,3535000"
"202000021987";"18";"12";"2020";"15:10";"1";"91";"91689";"1";"1";"1";"4";"AUTOROUTE A6A";"48,7455200";"2,3242900"
"202000021988";"20";"12";"2020";"05:15";"3";"92";"92047";"1";"1";"8";"2";"A13";"48,8348898";"2,1731311"
"202000021989";"19";"12";"2020";"13:00";"1";"92";"92036";"1";"1";"8";"2";"A86";"48,9348625";"2,2817878"
"202000021990";"20";"12";"2020";"13:20";"1";"92";"92078";"1";"1";"1";"4";"AUTOROUTE A86";"48,9273361";"2,3333354"
"202000021991";"19";"12";"2020";"16:15";"1";"95";"95572";"1";"1";"1";"2";" A15";"49,0321300";"2,1134600"
"202000021992";"19";"12";"2020";"15:55";"1";"95";"95394";"1";"1";"8";"6";" A115";"49,0503300";"2,1814900"
"202000021993";"19";"12";"2020";"13:30";"1";"93";"93066";"1";"1";"2";"2";"AUTOROUTE A1";"48,9034400";"2,3585800"
"202000021994";"19";"12";"2020";"12:00";"1";"93";"93005";"1";"1";"2";"6";"AUTOROUTE A1";"48,9682400";"2,4796300"
"202000021995";"20";"12";"2020";"18:30";"3";"94";"94017";"1";"1";"1";"3";"A4";"48,8264911";"2,5189431"
"202000021996";"19";"12";"2020";"14:00";"1";"94";"94033";"1";"1";"2";"2";"A86.EXT";"48,8501930";"2,4909375"
"202000021997";"9";"10";"2020";"20:05";"5";"53";"53130";"2";"1";"1";"6";"FILATURE ( RUE DE LA )";"48,0785500";" -0,7690100"
"202000021998";"17";"9";"2020";"11:45";"1";"38";"38421";"2";"1";"1";"6";"Avenue Benoit Frachon";"45,1800000";"5,7549000"
"202000021999";"24";"6";"2020";"15:20";"1";"38";"38185";"2";"2";"1";"6";"Boulevard Joseph Vallier";"45,1804700";"5,7160300"