"Num_Acc";"jour";"mois";"an";"hrmn";"lum";"dep";"com";"agg";"int";"atm";"col";"adr";"lat";"long"
"202000022000";"18";"12";"2020";"08:40";"1";"974";"97411";"2";"1";"3";"3";"MONNERVILLE (BOULEVARD GASTON)";" -20,8941600";"55,4496800"
"202000022001";"16";"12";"2020";"18:00";"1";"974";"97411";"2";"1";"1";"5";"Rue Monthyon";" -20,8870000";"55,4620900"
"202000022002";"18";"12";"2020";"12:50";"1";"973";"97302";"2";"1";"1";"3";"MADELEINE (ROUTE DE LA)";"4,9378526";" -52,3260784"
"202000022003";"18";"12";"2020";"21:35";"5";"69";"69383";"2";"2";"1";"1";"GENERAL MOUTON DUVERNET (DU)        (R )";"45,7539300";"4,8615900"
"202000022004";"18";"12";"2020";"17:35";"5";"69";"69388";"2";"1";"1";"6";"PROFESSEUR TAVERNIER (DU)           (R )";"45,7261000";"4,8689300"
"202000022005";"17";"12";"2020";"16:10";"1";"69";"69383";"2";"1";"2";" -1";"ANTOINE CHARIAL                     (R )";"45,7578819";"4,8689220"
"202000022006";"18";"12";"2020";"15:33";"1";"972";"97213";"2";"9";"1";"3";"ROUTE DEPARTEMENTALE 3";"14,6215000";" -60,9882000"
"202000022007";"17";"12";"2020";"18:25";"2";"972";"97209";"1";"1";"1";"4";"AUTOROUTE (A1)";"14,6177000";" -61,0407000"
"202000022008";"16";"12";"2020";"17:45";"2";"972";"97209";"2";"6";"1";"2";"BISHOP (Avenue Maurice)";"14,6189526";" -61,0037613"
"202000022009";"18";"12";"2020";"08:45";"1";"69";"69385";"2";"1";"5";"4";"POINT DU JOUR (DU)                  (AV)";"45,7562700";"4,8027500"
"202000022010";"17";"12";"2020";"11:45";"1";"69";"69389";"2";"2";"2";"6";"MARIETTON                           (R )";"45,7759016";"4,8007959"
"202000022011";"17";"12";"2020";"11:40";"1";"69";"69389";"2";"1";"2";" -1";"SIDOINE APPOLINAIRE                 (AV)";"45,7684700";"4,7977700"
"202000022012";"17";"12";"2020";"20:05";"3";"2B";"2B120";"2";"1";"1";"2";"11 - RT";"42,6469400";"9,4400400"
"202000022013";"17";"12";"2020";"18:25";"3";"2B";"2B033";"2";"6";"1";"3";"11 - RT";"42,6633200";"9,4420300"
"202000022014";"17";"12";"2020";"21:30";"5";"971";"97113";"2";"1";"2";"2";"RN4 - SECTION RIVIERA";"16,2185000";" -61,5013000"
"202000022015";"15";"12";"2020";"12:35";"1";"971";"97101";"1";"1";"1";"6";"HIBISCUS";"16,2496800";" -61,5285600"
"202000022016";"18";"12";"2020";"16:11";"2";"95";"95018";"2";"1";"1";"6";"JOFFRE (AVENUE DU MARECHAL)";"48,9590100";"2,2389700"
"202000022017";"28";"11";"2020";"11:50";"1";"91";"91549";"2";"7";"1";"3";"LEO LAGRANGE (RUE)";"48,6346200";"2,3491000"
"202000022018";"18";"12";"2020";"10:05";"1";"91";"91434";"2";"1";"1";"4";"CORBEIL (ROUTE DE)";"48,6604040";"2,3404890"
"202000022019";"17";"12";"2020";"17:02";"1";"87";"87085";"2";"2";"1";"2";"BEL AIR (BOULEVARD DE)";"45,8213400";"1,2455300"
"202000022020";"17";"12";"2020";"12:50";"1";"87";"87075";"2";"1";"1";"7";"D20";"45,8179700";"1,1726500"
"202000022021";"18";"12";"2020";"17:00";"2";"83";"83069";"1";"1";"1";"1";"NICE (ROUTE DE)";"43,1292000";"6,1603000"
"202000022022";"18";"12";"2020";"14:25";"1";"82";"82121";"2";"1";"1";"2";"PARIS (route de)";"44,0320057";"1,3735338"
"202000022023";"17";"12";"2020";"20:00";"5";"80";"80021";"2";"2";"1";"3";"RIOLAN (RUE)";"49,8882800";"2,3188800"
"202000022024";"17";"12";"2020";"15:20";"1";"80";"80021";"1";"1";"1";"6";"ALSACE LORRAINE (BOULEVARD D')";"49,8944200";"2,3090600"
"202000022025";"17";"12";"2020";"09:00";"1";"80";"80021";"2";"1";"1";"1";"LOUIS BLANC (AVENUE)";"49,9035800";"2,2717000"
"202000022026";"17";"12";"2020";"16:59";"1";"78";"78545";"2";"4";"1";"6";"PERI (RUE GABRIEL)";"48,8027800";"2,0601500"
"202000022027";"18";"12";"2020";"19:40";"5";"78";"78498";"2";"2";"1";"3";"RD30";"48,9371000";"2,0549000"
"202000022028";"17";"12";"2020";"08:15";"5";"77";"77122";"2";"1";"8";"6";"AV JEAN JAURES";"48,6552800";"2,5642900"
"202000022029";"17";"12";"2020";"10:20";"1";"76";"76540";"2";"1";"1";"6";"BOURSE. QUAI (HAUT) DE LA";"49,4385800";"1,0906300"
"202000022030";"17";"12";"2020";"14:40";"1";"76";"76351";"2";"1";"1";"7";"REUNION (QUAI DE LA)";"49,4893900";"0,1341100"
"202000022031";"18";"12";"2020";"16:13";"1";"72";"72181";"2";"1";"1";"6";"CLEMENCEAU GEORGES ( BD) N° PAIRS";"47,9784100";"0,2137400"
"202000022032";"17";"12";"2020";"21:15";"5";"69";"69290";"2";"2";"1";"3";"11 NOVEMBRE 1918 (DU)               (R )";"45,7010317";"4,9264441"
"202000022033";"18";"12";"2020";"16:45";"1";"69";"69264";"2";"1";"1";"3";"BURDEAU BD";"45,9975600";"4,7326400"
"202000022034";"17";"12";"2020";"17:45";"5";"67";"67218";"2";"3";"1";"3";"PLAINE (RUE DE LA)";"48,5453297";"7,7335112"
"202000022035";"18";"12";"2020";"10:05";"1";"66";"66136";"2";"6";"1";"3";"COQUELICOTS (DES)";"42,7054000";"2,9016800"
"202000022036";"18";"12";"2020";"17:50";"2";"65";"65440";"2";"7";"1";"3";"JUIN (BOULEVARD DU MARECHAL)";"43,2369400";"0,0561500"
"202000022037";"18";"12";"2020";"15:57";"1";"64";"64445";"2";"2";"1";"3";"TOURASSE";"43,3093400";" -0,3442000"
"202000022038";"18";"12";"2020";"13:40";"1";"64";"64140";"2";"2";"1";"3";"2 RUE JOSEPH DUPRAT";"43,5148300";" -1,4860500"
"202000022039";"18";"12";"2020";"08:10";"2";"64";"64024";"2";"6";"1";"7";"PENA (ROND POINT DE LA)";"43,4907100";" -1,4980900"
"202000022040";"17";"12";"2020";"13:00";"1";"63";"63113";"2";"1";"1";"3";"LAFAYETTE (BD)";"45,7736800";"3,0880600"
"202000022041";"6";"12";"2020";"19:45";"5";"62";"62041";"2";"2";"1";"3";"STRASBOURG ( BOULEVARD DE )";"50,2877200";"2,7792600"
"202000022042";"18";"12";"2020";"08:25";"5";"60";"60159";"2";"3";"1";"6";"23 Rue Saint-Lazare";"49,4110000";"2,8327800"
"202000022043";"18";"12";"2020";"09:00";"1";"59";"59152";"2";"9";"1";"1";"HURLUPIN (RUE D')";"50,7640660";"3,0099589"
"202000022044";"15";"12";"2020";"16:00";"1";"59";"59178";"2";"2";"1";"3";"SAINT WAAST";"50,3744200";"3,0798500"
"202000022045";"17";"12";"2020";"09:15";"1";"59";"59317";"2";"3";"1";"2";"HUGO  (RUE VICTOR)";"50,6882000";"2,8999600"
"202000022046";"17";"12";"2020";"16:43";"1";"54";"54395";"2";"1";"1";"6";"PIROUX (RUE)";"48,6904416";"6,1744599"
"202000022047";"18";"12";"2020";"07:30";"5";"54";"54184";"2";"1";"5";"2";"BRIGACHTAL (AVENUE DE)";"48,7082383";"6,2435791"
"202000022048";"17";"12";"2020";"20:00";"5";"54";"54547";"2";"9";"1";"6";"BRUXELLES (RUE DE)";"48,6659900";"6,1707800"
"202000022049";"18";"12";"2020";"12:10";"1";"51";"51454";"2";"3";"1";"3";"Boulevard du Val de Vesle";"49,2299766";"4,0611635"
"202000022050";"18";"12";"2020";"11:30";"1";"51";"51454";"2";"6";"1";"7";"Avenue Robert Schuman";"49,2333588";"4,0070139"
"202000022051";"17";"12";"2020";"14:10";"1";"51";"51454";"2";"1";"1";"7";"Rue Serge Kochman";"49,2265195";"4,0196957"
"202000022052";"8";"12";"2020";"18:10";"5";"50";"50147";"2";"1";"3";"6";"DIVISION LECLERC";"49,0602000";" -1,4351000"
"202000022053";"18";"12";"2020";"20:15";"3";"49";"49015";"2";"1";"9";"3";"ETANG ROUTE";"47,5140600";" -0,6160500"
"202000022054";"18";"12";"2020";"18:30";"2";"49";"49246";"2";"1";"1";"1";"GALLIENI AVENUE";"47,4374100";" -0,5129400"
"202000022055";"13";"12";"2020";"16:52";"2";"49";"49007";"2";"1";"1";"2";"Rue des Lices";"47,4687800";" -0,5535300"
"202000022056";"17";"12";"2020";"11:31";"1";"49";"49007";"2";"1";"1";"7";"MARIANNE BOULEVARD";"47,4523000";" -0,5249100"
"202000022057";"18";"12";"2020";"21:00";"3";"45";"45302";"1";"1";"1";"3";"Ancienne Route de Chartres";"47,9686700";"1,8660300"
"202000022058";"15";"12";"2020";"19:21";"5";"42";"42110";"2";"1";"3";"6";"Avenue Berthelot";"45,4882725";"4,5472100"
"202000022059";"18";"12";"2020";"10:30";"1";"42";"42095";"2";"3";"1";"3";"Route de Roche";"45,4019900";"4,2912200"
"202000022060";"18";"12";"2020";"18:15";"5";"38";"38423";"2";"1";"1";"1";"Chemin de l’Etang";"45,2089000";"5,7028200"
"202000022061";"18";"12";"2020";"16:10";"1";"38";"38185";"2";"1";"1";"3";"Rue Albert Reynier";"45,1664600";"5,7070800"
"202000022062";"18";"12";"2020";"15:45";"1";"37";"37261";"2";"1";"1";" -1";"CHURCHILL (BOULEVARD WINSTON)";"47,3734534";"0,6865355"
"202000022063";"17";"12";"2020";"17:42";"5";"37";"37261";"2";"1";"1";" -1";"RIMBAUD (RUE ARTHUR)";"47,4268130";"0,7114272"
"202000022064";"17";"12";"2020";"17:20";"2";"37";"37261";"2";"2";"1";" -1";"MAINE (RUE DU)";"47,4259451";"0,6824917"
"202000022065";"17";"12";"2020";"22:10";"5";"37";"37261";"2";"1";"1";"2";"CHURCHILL (BOULEVARD WINSTON)";"47,3733505";"0,6884567"
"202000022066";"16";"12";"2020";"11:05";"1";"37";"37214";"2";"1";"1";"6";"BORDIERS (RUE DES)";"47,4168334";"0,6775800"
"202000022067";"7";"12";"2020";"12:07";"1";"36";"36044";"2";"2";"1";"6";"Rue Georges Courteline";"46,8041366";"1,7109258"
"202000022068";"18";"12";"2020";"17:25";"3";"35";"35206";"1";"6";"2";"3";"RD 837";"48,0771000";" -1,6945600"
"202000022069";"18";"12";"2020";"12:55";"1";"34";"34172";"2";"3";"1";"6";"ALBERT FERRASSE ( RUE )";"43,5905300";"3,8550600"
"202000022070";"18";"12";"2020";"18:45";"5";"33";"33119";"2";"3";"1";"2";"Av Jean Jaurès / Rue René Bonnac";"44,8574800";" -0,5315900"
"202000022071";"18";"12";"2020";"16:50";"2";"33";"33063";"2";"1";"1";"3";"RUE SUFFREN";"44,8759700";" -0,5560300"
"202000022072";"17";"12";"2020";"17:00";"1";"33";"33063";"2";"1";"1";"3";"WILSON (BD DU PRESIDENT)";"44,8443000";" -0,5992700"
"202000022073";"18";"12";"2020";"09:40";"1";"33";"33200";"2";"4";"8";"6";"RUE DE LOS HEROS / AVE PASTEUR";"44,8688700";" -0,6717800"
"202000022074";"18";"12";"2020";"11:00";"1";"33";"33249";"2";"9";"1";"3";"AVE CARNOT";"44,8658100";" -0,5191400"
"202000022075";"18";"12";"2020";"08:50";"1";"33";"33318";"2";"1";"1";"3";"AVE DU DOCTEUR ALBERT SCHWEITZER";"44,7993200";" -0,6189600"
"202000022076";"17";"12";"2020";"12:05";"1";"33";"33075";"2";"2";"1";"3";"RUE DE LA TOUR DE GASSIES";"44,8819100";" -0,6209100"
"202000022077";"17";"12";"2020";"21:30";"4";"31";"31555";"2";"1";"5";"7";"109 Chemin du Ramelet Moundi";"43,5841700";"1,3805900"
"202000022078";"18";"12";"2020";"08:16";"2";"31";"31555";"2";"1";"5";" -1";"RUE DE CAULET";"43,6054140";"1,3596330"
"202000022079";"17";"12";"2020";"13:30";"1";"31";"31555";"2";"1";"1";"1";"133 Chemin du Ramelet Moundi";"43,5830600";"1,3771600"
"202000022080";"18";"12";"2020";"07:25";"5";"30";"30189";"2";"1";"3";"2";"CAPOUCHINE (CHEMIN)";"43,8209700";"4,3521900"
"202000022081";"17";"12";"2020";"15:30";"1";"29";"29019";"2";"6";"1";"2";"Rue Georges Kerbrat";"48,4011394";" -4,5256111"
"202000022082";"8";"12";"2020";"21:40";"5";"27";"27681";"2";"1";"6";"6";"INDUSTRIE (RUE DE L')";"49,0978240";"1,4684030"
"202000022083";"18";"12";"2020";"15:50";"1";"27";"27681";"2";"2";"1";"3";"MONTGOMERY (AVENUE DU MARECHAL)";"49,0899400";"1,4754900"
"202000022084";"17";"12";"2020";"19:40";"3";"27";"27681";"1";"4";"1";"3";"EVREUX (ROUTE D')";"49,0767500";"1,4640000"
"202000022085";"18";"12";"2020";"17:10";"5";"25";"25056";"2";"2";"2";"3";"MONTRAPON AVENUE DE";"47,2440460";"6,0127110"
"202000022086";"18";"12";"2020";"07:50";"2";"25";"25056";"2";"1";"2";"3";"STRASBOURG QUAI DE";"47,2426700";"6,0254400"
"202000022087";"18";"12";"2020";"14:55";"1";"23";"23096";"2";"1";"1";"3";"FERRAGUE (RUE)";"46,1692300";"1,8681700"
"202000022088";"17";"12";"2020";"17:12";"1";"17";"17306";"2";"3";"1";"3";"GROTTE (DE LA) (ALLEE)";"45,6185600";" -1,0364000"
"202000022089";"18";"12";"2020";"20:02";"2";"17";"17300";"2";"6";"1";"3";"VERDIER   BOULEVARD ARTHUR";"46,1616200";" -1,1398100"
"202000022090";"18";"12";"2020";"15:25";"1";"17";"17300";"2";"2";"1";"6";"VIELJEUX   RUE LEONCE";"46,1578100";" -1,1548900"
"202000022091";"17";"12";"2020";"03:50";"5";"13";"13204";"2";"3";"1";"1";"FRANÇOISE DUPARC (BOULEVARD)";"43,3020000";"5,4000000"
"202000022092";"17";"12";"2020";"10:00";"1";"13";"13206";"2";"1";"1";"6";"PRADO (AVENUE DU)";"43,2841300";"5,3847600"
"202000022093";"17";"12";"2020";"08:15";"1";"13";"13201";"2";"7";"2";"6";"JULES GUESDE (PLACE)";"43,3017702";"5,3740730"
"202000022094";"15";"12";"2020";"17:05";"5";"13";"13028";"2";"1";"1";" -1";"ROVARCH (AVENUE PIERRE)";"43,1920100";"5,6169300"
"202000022095";"17";"12";"2020";"09:05";"1";"11";"11262";"2";"1";"1";"3";"SULLY (RUE)";"43,1829400";"3,0013100"
"202000022096";"18";"12";"2020";"08:55";"1";"11";"11069";"2";"1";"2";"3";"CORPS EXPEDIT FRANCAIS D'ITALIE-ROND POI";"43,2130000";"2,3718000"
"202000022097";"17";"12";"2020";"12:20";"1";"10";"10387";"2";"1";"8";"3";"PIERRE BROSSOLETTE (RUE)";"48,2914100";"4,0750100"
"202000022098";"18";"12";"2020";"21:50";"5";"06";"06027";"2";"3";"1";"2";"JUIN BOULEVARD MARECHAL";"43,6606400";"7,1505900"
"202000022099";"18";"12";"2020";"14:50";"1";"06";"06027";"2";"1";"1";"6";"PASQUALINI RUE J.P.";"43,6604700";"7,1491200"
"202000022100";"16";"12";"2020";"08:55";"1";"75";"75120";"2";"4";"1";"2";"PORTE DES LILAS";"48,8752463";"2,4101552"
"202000022101";"18";"12";"2020";"13:10";"1";"75";"75105";"2";"1";"1";"2";"BOULEVARD SAINT MICHEL";"48,8447940";"2,3394530"
"202000022102";"18";"12";"2020";"09:16";"1";"75";"75106";"2";"2";"1";"3";"QUAI DE CONTI";"48,8560530";"2,3404860"
"202000022103";"18";"12";"2020";"16:30";"2";"75";"75119";"2";"3";"1";"3";"RUE RIQUET";"48,8886500";"2,3733710"
"202000022104";"18";"12";"2020";"16:29";"1";"75";"75118";"2";"3";"1";"3";"RUE DE LA GOUTTE D OR";"48,8851370";"2,3507950"
"202000022105";"18";"12";"2020";"14:30";"1";"75";"75118";"2";"2";"1";"3";"RUE RIQUET";"48,8899220";"2,3630910"
"202000022106";"18";"12";"2020";"11:30";"1";"75";"75116";"2";"1";"1";"3";"QUAI SAINT EXUPERY";"48,8360990";"2,2634620"
"202000022107";"18";"12";"2020";"07:24";"2";"75";"75116";"2";"2";"1";"2";"ROUTE DE SURESNES";"48,8650450";"2,2344540"
"202000022108";"17";"12";"2020";"12:30";"1";"75";"75116";"2";"1";"1";"3";"AVENUE D IENA";"48,8632090";"2,2922960"
"202000022109";"17";"12";"2020";"21:00";"5";"75";"75116";"2";"4";"1";"3";"PORTE DE PASSY";"48,8580930";"2,2620920"
"202000022110";"15";"12";"2020";"13:15";"1";"75";"75116";"2";"3";"1";"6";"AVENUE RAYMOND POINCARE";"48,8714810";"2,2848860"
"202000022111";"18";"12";"2020";"15:15";"1";"75";"75113";"2";"2";"1";"2";"AVENUE DE LA PORTE D ITALIE";"48,8188800";"2,3595400"
"202000022112";"18";"12";"2020";"15:00";"1";"75";"75112";"2";"2";"1";"6";"AVENUE DE LA PORTE DE CHARENTON";"48,8297050";"2,4009960"
"202000022113";"18";"12";"2020";"12:20";"1";"75";"75112";"2";"4";"1";"6";"RUE ERARD";"48,8461490";"2,3858740"
"202000022114";"17";"12";"2020";"18:40";"5";"75";"75112";"2";"3";"1";"3";"AVENUE DAUMESNIL";"48,8388960";"2,3974520"
"202000022115";"18";"12";"2020";"18:20";"5";"75";"75108";"2";"7";"1";"3";"PLACE DE NARVIK";"48,8766170";"2,3128910"
"202000022116";"18";"12";"2020";"08:58";"1";"75";"75107";"2";"1";"8";"6";"QUAI VOLTAIRE";"48,8588020";"2,3315720"
"202000022117";"18";"12";"2020";"09:10";"1";"75";"75103";"2";"2";"1";"3";"RUE DU VERTBOIS";"48,8669520";"2,3582930"
"202000022118";"18";"12";"2020";"00:50";"5";"75";"75103";"2";"2";"1";"7";"BOULEVARD DE SEBASTOPOL";"48,8641690";"2,3513720"
"202000022119";"17";"12";"2020";"12:20";"1";"94";"94041";"2";"1";"2";"6";"MARCEL HARTMANN (R)";"48,8065100";"2,3863000"
"202000022120";"18";"12";"2020";"14:10";"1";"94";"94022";"2";"1";"1";"6";"GAMBETTA (AV)";"48,7643500";"2,4052100"
"202000022121";"17";"12";"2020";"14:00";"1";"93";"93078";"2";"1";"8";"4";"BD ROBERT BALLANGER";"48,9538100";"2,5337700"
"202000022122";"17";"12";"2020";"10:20";"1";"93";"93078";"2";"6";"8";"2";"BALLANGER (BD ROBERT)";"48,9610568";"2,5548445"
"202000022123";"18";"12";"2020";"17:00";"5";"93";"93053";"2";"9";"1";"5";"BREMENT (RUE DE) 109 A 235 - 110 A ...";"48,8867238";"2,4716325"
"202000022124";"18";"12";"2020";"13:20";"1";"93";"93048";"2";"2";"1";"3";"RESISTANCE (AVENUE DE LA)";"48,8641400";"2,4361900"
"202000022125";"16";"12";"2020";"20:00";"5";"93";"93057";"2";"1";"1";"6";"BRIAND ( AV. ARISTIDE) 31 A 91";"48,9086700";"2,4996500"
"202000022126";"18";"12";"2020";"16:15";"1";"92";"92076";"2";"1";"1";"3";"JARDY";"48,8345460";"2,1542564"
"202000022127";"20";"11";"2020";"18:20";"1";"92";"92062";"2";"1";"1";"6";"BERTHELOT (RUE MARCELIN)";"48,8887070";"2,2314920"
"202000022128";"18";"12";"2020";"17:15";"2";"92";"92049";"2";"1";"1";"7";"VANNE RUE DE LA";"48,8160072";"2,3286127"
"202000022129";"18";"12";"2020";"14:50";"1";"92";"92048";"2";"1";"1";"1";"PIERRE AUX MOINES (RUE DE LA)";"48,7843620";"2,2288460"
"202000022130";"18";"12";"2020";"19:45";"5";"92";"92040";"2";"1";"1";"3";"GOUVERNEUR GAL EBOUE DU 02 AU 64";"48,8277500";"2,2736800"
"202000022131";"24";"4";"2020";"17:40";"1";"27";"27681";"1";"1";"1";"3";"EVREUX (ROUTE D')";"49,0798000";"1,4510000"
"202000022132";"23";"4";"2020";"10:05";"1";"25";"25462";"2";"3";"7";"6";"REPUBLIQUE DE LA";"46,9042200";"6,3537200"
"202000022133";"24";"4";"2020";"15:50";"1";"06";"06069";"1";"1";"1";"1";"BRASSAURIE (CHEMIN DE)";"43,6422900";"6,9642400"
"202000022134";"24";"4";"2020";"18:00";"1";"75";"75120";"2";"1";"1";"6";"RUE PIAT";"48,8724880";"2,3843130"
"202000022135";"23";"4";"2020";"08:30";"1";"75";"75115";"2";"2";"1";"3";"RUE DE LA CONVENTION";"48,8367550";"2,2980580"
"202000022136";"24";"4";"2020";"12:30";"1";"94";"94068";"2";"3";"1";"3";"CHENNEVIERES (AV DE)";"48,7891600";"2,5175100"
"202000022137";"24";"4";"2020";"17:30";"1";"93";"93062";"2";"1";"1";"6";"COUR DE LA GARE";"48,8893983";"2,5126000"
"202000022138";"24";"4";"2020";"08:45";"1";"93";"93046";"2";"5";"8";"1";"AV WINSTON CHURCHILL / AV BENOIT MALON";"48,9148900";"2,5347100"
"202000022139";"25";"4";"2020";"15:49";"1";"54";"54100";"2";"1";"1";"6";"43 Rue de la Haute Brin";"48,7814300";"6,3506980"
"202000022140";"24";"4";"2020";"15:45";"1";"42";"42331";"1";"1";"1";"6";"339 Chemin de la Croix Verte";"45,9943579";"3,9503470"
"202000022141";"24";"4";"2020";"18:30";"1";"31";"31269";"1";"1";"1";" -1";"Route de Labastidette";"43,4853474";"1,2687066"
"202000022142";"24";"4";"2020";"07:25";"2";"11";"11369";"1";"1";"7";"1";"D1118";"43,2545880";"2,9554939"
"202000022143";"25";"4";"2020";"01:00";"3";"41";"41221";"1";"1";"1";"6";"La Vacherie";"47,7975820";"1,3678940"
"202000022144";"24";"4";"2020";"16:25";"1";"83";"83017";"2";"9";"1";" -1";"Rue du Rayol";"43,2459490";"5,9999940"
"202000022145";"25";"4";"2020";"06:37";"2";"56";"56097";"1";"1";"1";"6";"Moulin de Plusquen";"47,7571420";" -3,0849640"
"202000022146";"25";"4";"2020";"08:45";"1";"76";"76177";"1";"2";"1";"1";"Le Thil";"49,6003020";"1,1776290"
"202000022147";"24";"4";"2020";"21:55";"3";"80";"80284";"1";"1";"1";"3";"D17";"49,7232450";"3,0162620"
"202000022148";"25";"4";"2020";"10:00";"1";"71";"71373";"2";"1";"1";"6";"Avenue de Katzweiler";"46,5030817";"5,0643822"
"202000022149";"25";"4";"2020";"12:25";"1";"89";"89208";"1";"1";"1";"7";"D11";"47,6171561";"3,9031525"
"202000022150";"25";"4";"2020";"13:10";"1";"12";"12253";"1";"1";"1";"3";"Hameau de JUILIAC";"44,1677910";"2,7650300"
"202000022151";"24";"4";"2020";"21:55";"3";"41";"41110";"1";"1";"1";"1";"D976";"47,2894040";"1,7945480"
"202000022152";"24";"4";"2020";"13:40";"1";"15";"15120";"1";"1";"1";"2";"Lieu Dit Serre";"45,2391070";"2,2990290"
"202000022153";"25";"4";"2020";"16:55";"1";"01";"01412";"1";"3";"1";"3";"D64";"46,1655540";"4,9469970"
"202000022154";"20";"4";"2020";"17:45";"1";"21";"21500";"1";"1";"1";"7";"PR 50 + 180";"47,5040930";"4,4586070"
"202000022155";"24";"4";"2020";"19:00";"1";"85";"85303";"2";"1";"1";"6";"104 Rue Georges Clémenceau";"46,3608300";" -0,8547000"
"202000022156";"24";"4";"2020";"11:15";"1";"27";"27130";"2";"1";"1";" -1";"La Belletiere";"49,0335700";"0,4545380"
"202000022157";"25";"4";"2020";"09:20";"1";"976";"97617";"1";"1";"1";"1";"CD1";" -12,7996860";"45,1285310"
"202000022158";"24";"4";"2020";"17:14";"1";"38";"38480";"1";"1";"1";"3";"Route de la Rosière";"45,5578600";"4,9617900"
"202000022159";"24";"4";"2020";"18:00";"1";"44";"44210";"1";"1";"7";"6";"10 Allée Colette";"47,2956700";" -2,2142600"
"202000022160";"24";"4";"2020";"14:10";"1";"35";"35063";"1";"1";"1";"6";"Les Lauriers";"48,3160880";" -1,3171040"
"202000022161";"23";"4";"2020";"16:15";"1";"988";"98818";"2";"3";"1";"6";"RUE JULES GARNIER/RUE DU DOCTEUR MIALARET";" -22,2880700";"166,4443500"
"202000022162";"23";"4";"2020";"17:35";"1";"974";"97407";"2";"1";"1";"3";"COMMUNE DE PARIS (AVENUE)";" -20,9366800";"55,2909000"
"202000022163";"23";"4";"2020";"18:40";"2";"973";"97302";"2";"9";"1";"2";"CHATENAY (CITE)";"4,9429779";" -52,3119968"
"202000022164";"23";"4";"2020";"14:10";"1";"69";"69383";"2";"2";"1";"3";"PAUL BERT                           (R )";"45,7570000";"4,8527000"
"202000022165";"22";"4";"2020";"20:25";"3";"972";"97213";"2";"9";"1";"7";"PLACE D'ARMES";"14,6124300";" -60,9916800"
"202000022166";"23";"4";"2020";"21:30";"5";"69";"69382";"2";"9";"1";"3";"KITCHENER MARCHAND                  (PT)";"45,7514260";"4,8223514"
"202000022167";"23";"4";"2020";"09:00";"1";"971";"97101";"1";"3";"1";"3";"AURELIE NANKY - POINTE D'OR (RUE)";"16,2871825";" -61,4963391"
"202000022168";"22";"4";"2020";"18:20";"1";"83";"83090";"1";"9";"1";"6";"GAIS COTEAUX (CHEMIN DES)";"43,1331300";"5,8422500"
"202000022169";"22";"4";"2020";"17:10";"1";"78";"78361";"2";"2";"1";"3";"RUE D ALSACE";"48,9927000";"1,7094200"
"202000022170";"22";"4";"2020";"17:20";"1";"69";"69266";"2";"6";"1";"6";"RICHELIEU     (Rue)";"45,7603876";"4,8775524"
"202000022171";"23";"4";"2020";"22:35";"5";"54";"54547";"2";"1";"1";"6";"GAMBETTA (RUE)";"48,6560160";"6,1676580"
"202000022172";"18";"4";"2020";"19:20";"1";"54";"54483";"2";"1";"1";"1";"D 401";"48,6339200";"6,3073400"
"202000022173";"22";"4";"2020";"12:00";"1";"42";"42184";"2";"1";"1";"6";"Rue Maréchal Foch";"46,0403998";"4,0366706"
"202000022174";"23";"4";"2020";"02:15";"3";"41";"41269";"2";"1";"1";"6";"COURTIRAS (RUE DE)";"47,8029700";"1,0448400"
"202000022175";"23";"4";"2020";"22:30";"3";"35";"35281";"1";"1";"1";"3";"ROCADE 7-8";"48,0911000";" -1,7061000"
"202000022176";"22";"4";"2020";"17:15";"1";"34";"34172";"2";"3";"2";"6";"ALCO (RUE D'";"43,6162500";"3,8409720"
"202000022177";"23";"4";"2020";"01:35";"5";"33";"33063";"2";"2";"8";"3";"Avenue de la République / Rue Solle (Caudéran)";"44,8398900";" -0,6033500"
"202000022178";"23";"4";"2020";"09:39";"1";"10";"10387";"2";"1";"1";"6";"HAUTE CHARME (RUE)";"48,3094200";"4,0578000"
"202000022179";"22";"4";"2020";"18:00";"1";"08";"08105";"2";"1";"1";"6";"NOUZONVILLE";"49,7887400";"4,7281300"
"202000022180";"23";"4";"2020";"09:15";"1";"75";"75117";"2";"1";"1";"3";"AVENUE DE WAGRAM";"48,8826320";"2,3014920"
"202000022181";"23";"4";"2020";"20:30";"5";"75";"75112";"2";"3";"1";"6";"RUE MONTGALLET";"48,8424300";"2,3854070"
"202000022182";"23";"4";"2020";"15:36";"1";"94";"94046";"2";"1";"1";"6";"GENERAL DE GAULLE (AV DU)";"48,8102700";"2,4235000"
"202000022183";"23";"4";"2020";"16:45";"1";"47";"47295";"1";"2";"1";"3";"D253";"44,5041020";"0,7827220"
"202000022184";"23";"4";"2020";"21:00";"5";"69";"69100";"2";"6";"1";"6";"D315";"45,6846010";"4,8277030"
"202000022185";"23";"4";"2020";"17:17";"1";"89";"89198";"1";"8";"1";"6";"Chemin de Néron";"47,8600910";"3,5784540"
"202000022186";"23";"4";"2020";"14:00";"1";"55";"55551";"1";"1";"1";"6";"RD 908";"49,0082451";"5,6944937"
"202000022187";"24";"4";"2020";"11:20";"1";"46";"46273";"2";"2";"1";"3";"Avenue Charles de Gaulle";"44,8691690";"1,8744780"
"202000022188";"23";"4";"2020";"16:00";"1";"25";"25259";"2";"1";"1";"7";"Rue du Lhotaud";"46,8565120";"6,1624050"
"202000022189";"23";"4";"2020";"20:25";"1";"73";"73303";"2";"1";"1";"7";"Rue du Centenaire";"45,7570670";"6,4116920"