"Num_Acc";"jour";"mois";"an";"hrmn";"lum";"dep";"com";"agg";"int";"atm";"col";"adr";"lat";"long"
"202000022190";"20";"4";"2020";"18:30";"2";"28";"28292";"1";"1";"1";"6";"Bois de Pijosson";"48,6965410";"1,4713530"
"202000022191";"24";"4";"2020";"03:00";"3";"28";"28351";"1";"1";"1";"6";"D140";"48,5832080";"1,2057550"
"202000022192";"17";"4";"2020";"19:30";"1";"68";"68278";"2";"1";"1";"3";"22 Rue de Belgique";"47,7469095";"7,4133917"
"202000022193";"24";"4";"2020";"05:20";"2";"52";"52353";"2";"4";"1";"6";"23 Rue de Verdun";"48,0264820";"5,3375480"
"202000022194";"23";"4";"2020";"21:00";"2";"09";"09236";"2";"1";"1";"6";"Avenue des Guerilleros";"42,9237580";"1,6259530"
"202000022195";"23";"4";"2020";"15:25";"1";"62";"62355";"2";"9";"1";"3";"Route Departementale 950";"50,3343470";"2,9355030"
"202000022196";"23";"4";"2020";"20:30";"2";"91";"91661";"1";"1";"1";"7";"AUTOROUTE A10";"48,6856220";"2,2143340"
"202000022197";"23";"4";"2020";"00:15";"5";"94";"94003";"1";"1";"1";"7";"AUTOROUTE A6A";"48,8086000";"2,3393000"
"202000022198";"23";"4";"2020";"06:30";"2";"93";"93066";"1";"1";"1";"5";"AUTOROUTE A1";"48,9290300";"2,3596900"
"202000022199";"22";"4";"2020";"19:20";"1";"93";"93064";"1";"1";"1";"4";"AUTOROUTE A86";"48,8816700";"2,4743100"
"202000022200";"22";"4";"2020";"19:27";"1";"93";"93029";"1";"1";"1";"7";"AUTOROUTE A86";"48,9252600";"2,4248700"
"202000022201";"22";"4";"2020";"08:10";"1";"69";"69388";"2";"2";"1";"1";"AMBROISE PARE                       (BD)";"45,7358700";"4,8830400"
"202000022202";"22";"4";"2020";"13:48";"1";"69";"69381";"2";"1";"1";"3";"MORAND                              (PT)";"45,7686800";"4,8393000"
"202000022203";"22";"4";"2020";"06:45";"2";"69";"69389";"2";"4";"1";"1";"CHAPEAU ROUGE (DU)                  (R )";"45,7726287";"4,8078444"
"202000022204";"21";"4";"2020";"15:49";"1";"87";"87085";"1";"1";"1";"3";"AUTOROUTE A20";"45,8466600";"1,2769100"
"202000022205";"21";"4";"2020";"23:30";"1";"76";"76351";"1";"6";"3";"6";"r salvador allende";"49,5044620";"0,1361080"
"202000022206";"28";"2";"2020";"11:45";"1";"76";"76351";"2";"2";"1";"6";"AUGUSTIN NORMAND";"49,4859000";"0,1034000"
"202000022207";"22";"4";"2020";"18:00";"1";"69";"69266";"2";"1";"1";"6";"JULES GRANDCLEMENT    (Place)";"45,7585563";"4,8864108"
"202000022208";"22";"4";"2020";"14:45";"1";"60";"60159";"2";"2";"1";"3";"SCHWEITZER (DU DOCTEUR)";"49,4005077";"2,7989579"
"202000022209";"22";"4";"2020";"15:15";"1";"59";"59599";"2";"1";"1";"2";"TIBERGHIEN (RUE SIMON)";"50,7313600";"3,1614400"
"202000022210";"22";"4";"2020";"22:00";"5";"42";"42187";"2";"1";"1";"6";"Rue Pierre Dépierre";"46,0318564";"4,0763884"
"202000022211";"16";"4";"2020";"05:15";"5";"38";"38151";"2";"2";"1";"6";"Avenue Colonel Manhès";"45,1466000";"5,7014000"
"202000022212";"7";"4";"2020";"12:00";"1";"33";"33063";"2";"2";"1";"1";"Avenue Thiers / Rue de Lauzac";"44,8525000";" -0,5400900"
"202000022213";"21";"4";"2020";"11:30";"1";"13";"13212";"2";"1";"2";"1";"MONTOLIVET (AVENUE DE)";"43,3170000";"5,4180000"
"202000022214";"22";"4";"2020";"16:05";"1";"10";"10387";"2";"1";"1";"1";"VOULDY (CHAUSSEE DU)";"48,2908000";"4,0889000"
"202000022215";"22";"4";"2020";"12:53";"1";"75";"75105";"2";"1";"1";"6";"BOULEVARD SAINT MICHEL";"48,8425810";"2,3382530"
"202000022216";"22";"4";"2020";"09:20";"1";"75";"75105";"2";"2";"1";"3";"BOULEVARD SAINT GERMAIN";"48,8494290";"2,3544070"
"202000022217";"22";"4";"2020";"21:40";"5";"75";"75120";"2";"5";"1";"6";"BOULEVARD PERIPHERIQUE";"48,8775910";"2,4083500"
"202000022218";"22";"4";"2020";"14:25";"1";"75";"75120";"2";"3";"1";"7";"RUE DE MENILMONTANT";"48,8680280";"2,3870290"
"202000022219";"21";"4";"2020";"22:00";"5";"75";"75120";"2";"2";"1";"3";"RUE DE BELLEVILLE";"48,8760000";"2,4025620"
"202000022220";"21";"4";"2020";"11:30";"1";"75";"75115";"2";"1";"1";"2";"RUE LECOURBE";"48,8417830";"2,2998600"
"202000022221";"22";"4";"2020";"13:53";"1";"75";"75113";"2";"1";"1";"3";"RUE DE TOLBIAC";"48,8259150";"2,3523680"
"202000022222";"22";"4";"2020";"18:45";"1";"75";"75111";"2";"3";"1";"7";"RUE DE CHARONNE";"48,8555020";"2,3896470"
"202000022223";"22";"4";"2020";"10:05";"1";"75";"75107";"2";"3";"1";"6";"RUE MONSIEUR";"48,8498900";"2,3166550"
"202000022224";"22";"4";"2020";"20:00";"1";"75";"75101";"2";"2";"1";"3";"RUE DES LAVANDIERES SAINTE OPPORTUNE";"48,8590930";"2,3464330"
"202000022225";"22";"4";"2020";"18:45";"1";"94";"94067";"2";"1";"1";"6";"DAUMESNIL (AV)";"48,8349700";"2,4197700"
"202000022226";"17";"4";"2020";"16:50";"1";"94";"94033";"2";"2";"1";" -1";"GALLIENI (BD)";"48,8487400";"2,4777200"
"202000022227";"22";"4";"2020";"19:15";"1";"93";"93005";"2";"9";"1";"6";"NONNEVILLE (AVENUE DE)";"48,9252210";"2,5047010"
"202000022228";"11";"4";"2020";"10:45";"1";"06";"06149";"1";"1";"1";"6";"Route de Laghet";"43,7485600";"7,3659250"
"202000022229";"23";"4";"2020";"02:00";"3";"55";"55338";"1";"1";"1";"7";"D102";"49,4008640";"5,2165910"
"202000022230";"23";"4";"2020";"17:10";"1";"25";"25351";"1";"9";"7";"1";"D41 PK5+700";"47,1709420";"6,6664270"
"202000022231";"22";"4";"2020";"19:00";"1";"25";"25240";"1";"1";"1";"5";"33 Rue du Doubs";"47,0499570";"6,6254050"
"202000022232";"23";"4";"2020";"16:15";"1";"02";"02445";"2";"1";"1";"6";"2 Rue de Verdun";"49,9253760";"3,9634840"
"202000022233";"23";"4";"2020";"12:55";"1";"01";"01374";"1";"2";"1";"3";"D1075";"46,1186300";"5,2973280"
"202000022234";"23";"4";"2020";"05:35";"3";"72";"72096";"1";"2";"1";"3";"Intersection D88 - D357 - RUE DE LA VAUNOISE";"48,0185920";"0,0109600"
"202000022235";"22";"4";"2020";"12:00";"1";"14";"14367";"1";"1";"1";"1";"Chemin de Balençon";"49,2356850";" -1,0356280"
"202000022236";"22";"4";"2020";"18:30";"1";"73";"73196";"2";"1";"1";"7";"D104 Route de Bongain";"45,6838330";"6,3862270"
"202000022237";"22";"4";"2020";"19:15";"1";"10";"10353";"1";"1";"7";"6";"Rue du Prieure";"48,4411450";"3,9175000"
"202000022238";"17";"4";"2020";"08:15";"1";"16";"16062";"1";"3";"1";"3";"Ld Maison Neuve";"45,4285613";" -0,0298681"
"202000022239";"22";"4";"2020";"21:40";"3";"28";"28120";"1";"1";"1";"6";"D4";"48,6957760";"1,1383080"
"202000022240";"22";"4";"2020";"22:47";"3";"18";"18138";"1";"1";"1";"6";"A71";"47,0910750";"2,2512100"
"202000022241";"22";"4";"2020";"12:06";"1";"68";"68253";"1";"1";"7";"4";"A36";"47,7828120";"7,4835870"
"202000022242";"23";"4";"2020";"16:25";"1";"89";"89197";"1";"1";"1";"6";"Autoroute A6, dans le sens PARIS-LYON, Point Kilométrique 212+700";"47,5034930";"4,0304370"
"202000022243";"22";"4";"2020";"22:55";"3";"26";"26250";"1";"1";"1";"1";"1440 Route de Lyon";"45,0217940";"4,8685100"
"202000022244";"22";"4";"2020";"20:20";"1";"88";"88324";"2";"1";"1";"6";"3 Rue du Pont";"48,2964810";"5,8770310"
"202000022245";"23";"4";"2020";"16:25";"1";"54";"54208";"1";"1";"1";"6";"RD611";"48,7457053";"5,9474874"
"202000022246";"22";"4";"2020";"17:45";"1";"38";"38110";"1";"1";"1";"5";"Route des Dauphines";"45,5844000";"4,8907100"
"202000022247";"20";"4";"2020";"14:10";"1";"33";"33539";"1";"1";"8";"6";"D242e6";"44,9013920";" -0,3301910"
"202000022248";"23";"4";"2020";"14:05";"1";"59";"59400";"1";"1";"1";"3";"Rue de Maroeuil";"50,6281959";"2,6415645"
"202000022249";"22";"4";"2020";"15:35";"1";"13";"13215";"1";"1";"2";"6";"A7-Sens Marseille vers Lyon";"43,3400700";"5,3778000"
"202000022250";"22";"4";"2020";"09:20";"1";"13";"13202";"2";"1";"2";"7";"A55-Sens Martigues vers Marseille";"43,3128000";"5,3664000"
"202000022251";"22";"4";"2020";"03:25";"3";"91";"91340";"1";"1";"1";"6";"RN 104";"48,6084200";"2,4372700"
"202000022252";"22";"4";"2020";"07:50";"1";"78";"78321";"1";"1";"1";"2";"RN12 EXT";"48,7988600";"1,9174100"
"202000022253";"21";"4";"2020";"20:50";"2";"78";"78043";"1";"1";"1";"6";"A13W";"48,8451510";"2,0866850"
"202000022254";"22";"4";"2020";"07:20";"1";"92";"92036";"1";"1";"1";"5";"AUTOROUTE A15";"48,9458000";"2,2835000"
"202000022255";"21";"4";"2020";"23:20";"3";"93";"93005";"1";"1";"1";"6";"AUTOROUTE A3";"48,9666700";"2,4776500"
"202000022256";"9";"2";"2020";"11:30";"1";"76";"76447";"2";"1";"1";"6";"PRESIDENT WILSON";"49,5373000";"0,1780000"
"202000022257";"13";"1";"2020";"08:00";"2";"76";"76305";"2";"3";"1";"6";"OUDALLE (ROUTE)";"49,5033400";"0,2074000"
"202000022258";"21";"4";"2020";"21:40";"5";"69";"69383";"2";"2";"1";"3";"JULIEN                              (R )";"45,7522000";"4,8867000"
"202000022259";"21";"4";"2020";"13:10";"1";"69";"69387";"2";"3";"1";"2";"TONY GARNIER                        (AV)";"45,7280000";"4,8241000"
"202000022260";"21";"4";"2020";"08:06";"1";"77";"77368";"1";"1";"1";"6";"PARC (AVENUE DU)";"48,5410150";"3,2758187"
"202000022261";"19";"4";"2020";"01:20";"5";"76";"76366";"2";"1";"1";"6";"11 NOVEMBRE. RUE DU";"49,5191200";"1,0324200"
"202000022262";"18";"4";"2020";"09:40";"1";"76";"76451";"2";"1";"1";"3";"FOND DU VAL. ALLEE DU";"49,4543100";"1,0729000"
"202000022263";"21";"4";"2020";"13:20";"1";"72";"72181";"2";"1";"1";"3";"BEAUGE (RUE DE)";"48,0157400";"0,1454300"
"202000022264";"21";"4";"2020";"16:30";"1";"71";"71309";"1";"9";"1";"6";"LA FERME DES GROISONS";"46,7898400";"4,4015104"
"202000022265";"21";"4";"2020";"11:25";"1";"71";"71153";"2";"2";"1";"6";"Route de Marmagne";"46,8087561";"4,3948270"
"202000022266";"15";"4";"2020";"20:00";"2";"69";"69013";"2";"1";"1";"1";"BERTHELOT (rue)";"45,9993483";"4,7311293"
"202000022267";"21";"4";"2020";"21:32";"5";"65";"65440";"2";"2";"3";"1";"ALSACE LORRAINE (AVENUE)";"43,2473000";"0,0730500"
"202000022268";"14";"4";"2020";"11:20";"1";"56";"56098";"2";"1";"1";"6";"KERFREHOUR (RUE DE)";"47,7642900";" -3,3336200"
"202000022269";"20";"4";"2020";"17:30";"1";"34";"34172";"2";"2";"2";"3";"JUSTICE DE CASTELNAU (AVENUE DE LA)";"43,6260600";"3,8821600"
"202000022270";"21";"4";"2020";"03:45";"3";"33";"33281";"2";"9";"1";"6";"AVE FRANCOIS MITTERRAND / ROCADE A630 Sortie 12 -E12-";"44,8175800";" -0,6714400"
"202000022271";"21";"4";"2020";"19:31";"1";"10";"10333";"2";"1";"1";"7";"FREDERIC MISTRAL (RUE)";"48,2806800";"4,0469200"
"202000022272";"20";"4";"2020";"18:00";"1";"09";"09225";"1";"1";"2";"6";"BELPECH ROUTE DE";"43,1171340";"1,6347850"
"202000022273";"15";"4";"2020";"14:51";"1";"75";"75113";"2";"5";"1";"6";"RUE DE PATAY";"48,8276680";"2,3713710"
"202000022274";"21";"4";"2020";"13:15";"1";"75";"75114";"2";"3";"1";"3";"AVENUE DU MAINE";"48,8399780";"2,3216820"
"202000022275";"21";"4";"2020";"10:30";"1";"75";"75111";"2";"4";"1";"6";"BOULEVARD VOLTAIRE";"48,8528430";"2,3884610"
"202000022276";"21";"4";"2020";"10:45";"1";"75";"75107";"2";"5";"1";"3";"QUAI D ORSAY";"48,8625860";"2,3190170"
"202000022277";"20";"4";"2020";"22:50";"5";"94";"94033";"2";"1";"1";"6";"REPUBLIQUE (AV DE LA)";"48,8526000";"2,4665600"
"202000022278";"21";"4";"2020";"06:50";"1";"94";"94017";"2";"3";"1";"2";"AMBROISE CROIZAT (AV)";"48,8192528";"2,5269849"
"202000022279";"21";"4";"2020";"12:06";"1";"93";"93051";"2";"1";"1";"7";"NEUILLY (ROUTE)";"48,8493885";"2,5370160"
"202000022280";"21";"4";"2020";"15:50";"1";"93";"93046";"2";"5";"8";"1";"WINSTON CHURCHILL AVENUE";"48,9148900";"2,5347100"
"202000022281";"21";"4";"2020";"17:50";"1";"93";"93007";"2";"2";"1";"3";"""PAUL VAILLANT COUTURIER (AVENUE """"DU 01";"48,9294000";"2,4800000"
"202000022282";"21";"4";"2020";"09:50";"1";"92";"92075";"2";"1";"1";"3";"PAIX (AVENUE DE LA)";"48,8160800";"2,2758500"
"202000022283";"21";"4";"2020";"11:25";"1";"92";"92026";"2";"1";"1";"6";"VERDUN (DE 62 A FIN)";"48,9023016";"2,2588786"
"202000022284";"19";"4";"2020";"19:40";"1";"92";"92025";"2";"1";"1";" -1";"GABRIEL PERI (RUE)";"48,9181870";"2,2387940"
"202000022285";"21";"4";"2020";"17:10";"1";"92";"92023";"2";"1";"1";"6";"MOULIN DE PIERRE (RUE DU)";"48,8082300";"2,2647000"
"202000022286";"21";"4";"2020";"10:00";"1";"22";"22213";"2";"1";"1";"7";"rue de la poste";"48,5273030";" -2,0041840"
"202000022287";"20";"4";"2020";"22:50";"3";"41";"41032";"1";"1";"1";"7";"D173";"47,5511190";"1,2976470"
"202000022288";"22";"4";"2020";"16:20";"1";"76";"76562";"2";"1";"1";"3";"Rue Claude Groulard";"49,8692870";"1,1765890"
"202000022289";"21";"4";"2020";"20:10";"1";"56";"56186";"1";"1";"1";"6";"Rue du Vivier";"47,4837367";" -3,1418374"
"202000022290";"22";"4";"2020";"08:50";"1";"79";"79012";"1";"2";"1";"1";"N/A";"46,4656640";" -0,5777000"
"202000022291";"22";"4";"2020";"17:15";"1";"38";"38538";"2";"1";"1";"1";"Route de Chambéry";"45,2236300";"5,8710000"
"202000022292";"21";"4";"2020";"18:25";"1";"45";"45279";"1";"1";"1";"6";"D163 - PR8+450";"47,9794950";"2,8494500"
"202000022293";"22";"4";"2020";"11:10";"1";"28";"28014";"1";"1";"1";"6";"D928";"48,6506390";"1,2927440"
"202000022294";"22";"4";"2020";"16:45";"1";"17";"17365";"1";"3";"1";"3";"RD 910b";"45,2040970";" -0,1839990"
"202000022295";"21";"4";"2020";"16:45";"1";"69";"69069";"2";"3";"1";"3";"79 Voie Romaine";"45,7506890";"4,7407130"
"202000022296";"21";"4";"2020";"14:40";"1";"13";"13056";"1";"1";"2";"7";"A55-Sens Martigues vers Marseille";"43,3978400";"5,0462710"
"202000022297";"20";"4";"2020";"00:01";"5";"91";"91549";"2";"9";"1";"6";"RN 104";"48,6282200";"2,3399900"
"202000022298";"11";"4";"2020";"08:30";"1";"31";"31248";"2";"1";"1";"6";"Avenue du comminges";"43,4538559";"1,3926151"
"202000022299";"6";"2";"2020";"17:15";"2";"76";"76351";"2";"2";"1";"6";"ANDRE CARRETTE";"49,4895200";"0,1167100"
"202000022300";"21";"4";"2020";"05:35";"2";"988";"98818";"2";"3";"2";"3";"RUE BETFORT/AVENUE BONAPARTE";" -22,2333400";"166,4668100"
"202000022301";"20";"4";"2020";"18:50";"5";"988";"98818";"2";"4";"1";"6";"RUE DU 24 SEPTEMBRE";" -22,2634900";"166,4582500"
"202000022302";"20";"4";"2020";"19:00";"1";"69";"69259";"2";"1";"8";"2";"MONTELIER (DU)                      (R )";"45,6991300";"4,8959000"
"202000022303";"16";"4";"2020";"16:50";"1";"69";"69034";"2";"1";"1";"3";"SOLDATS (DES)                       (MO)";"45,7913600";"4,8607400"
"202000022304";"20";"4";"2020";"08:05";"1";"91";"91421";"1";"1";"1";"3";"NATIONALE 6 (PARTIE FORET)";"48,6903300";"2,4582100"
"202000022305";"20";"4";"2020";"18:20";"1";"72";"72181";"1";"1";"1";"1";"ROUMANIE (RUE DE)";"47,9961000";"0,2076300"
"202000022306";"20";"4";"2020";"18:40";"1";"69";"69029";"2";"2";"1";"3";"HONORE PETETIN                      (R )";"45,7372700";"4,9084100"
"202000022307";"20";"4";"2020";"13:00";"1";"69";"69256";"2";"1";"1";"3";"GABRIEL PERI                        (AV)";"45,7720700";"4,9109600"
"202000022308";"20";"4";"2020";"12:31";"1";"69";"69256";"2";"1";"1";" -1";"JEAN MARIE MERLE                    (R )";"45,7780200";"4,9103000"
"202000022309";"18";"4";"2020";"20:40";"5";"67";"67482";"2";"1";"1";"6";"Allée des Droits de l'Homme";"48,5963300";"7,7757000"
"202000022310";"20";"4";"2020";"11:02";"1";"66";"66136";"2";"3";"2";"3";"PYRENEES (BOULEVARD DES)";"42,6947900";"2,8890900"
"202000022311";"17";"4";"2020";"19:03";"1";"66";"66136";"2";"1";"1";"3";"DALBIEZ (AVENUE VICTOR)";"42,6931600";"2,8878100"
"202000022312";"20";"4";"2020";"14:30";"1";"35";"35238";"1";"1";"2";"6";"PREVALAYE (CHEMIN DE LA)";"48,0909180";" -1,7388690"
"202000022313";"26";"2";"2020";"15:50";"2";"35";"35281";"2";"9";"1";"3";"MERMOZ (BOULEVARD JEAN)";"48,0935900";" -1,7007300"
"202000022314";"20";"4";"2020";"16:20";"1";"13";"13117";"1";"6";"2";"3";"ROUTE DEPARTEMENTALE 20";"43,4519000";"5,2311100"
"202000022315";"20";"4";"2020";"06:20";"5";"13";"13213";"2";"2";"2";"3";"VALDONNE (AVENUE DE)";"43,3222664";"5,4124779"
"202000022316";"18";"4";"2020";"17:40";"1";"12";"12202";"2";"1";"1";"6";"Avenue de Saint Pierre";"44,3546500";"2,5551300"
"202000022317";"20";"4";"2020";"12:45";"1";"75";"75117";"2";"4";"1";"2";"RUE LABIE";"48,8790520";"2,2875760"
"202000022318";"20";"4";"2020";"19:00";"1";"75";"75115";"2";"2";"1";"3";"AVENUE FELIX FAURE";"48,8402980";"2,2858950"
"202000022319";"20";"4";"2020";"20:50";"5";"75";"75111";"2";"1";"1";"6";"BOULEVARD VOLTAIRE";"48,8511750";"2,3912390"
"202000022320";"19";"1";"2020";"02:30";"3";"62";"62225";"1";"1";"2";"6";"SAINT-OMER (ROUTE DE...............)";"50,7726970";"2,3145710"
"202000022321";"19";"1";"2020";"03:05";"3";"59";"59253";"1";"1";"2";"6";"D935";"50,4236360";"3,5963860"
"202000022322";"18";"1";"2020";"07:20";"5";"56";"56121";"2";"6";"1";"3";"TOULLEC (RUE  FRANCOIS )";"47,7334900";" -3,3853200"
"202000022323";"20";"1";"2020";"09:34";"1";"54";"54431";"2";"1";"7";"6";"BREUIL (ALLEE DU)";"48,9212310";"6,0594240"
"202000022324";"20";"1";"2020";"16:45";"1";"51";"51454";"2";"6";"1";"3";"Place Max Rousseaux";"49,2644600";"4,0097648"
"202000022325";"20";"1";"2020";"16:20";"1";"51";"51454";"2";"1";"1";"7";"Rue du Ruisselet";"49,2453196";"4,0391282"
"202000022326";"19";"1";"2020";"12:40";"1";"51";"51454";"2";"6";"1";"3";"Avenue Paul Marchandeau";"49,2422159";"4,0249383"
"202000022327";"17";"1";"2020";"08:45";"1";"51";"51230";"2";"1";"3";"1";"Avenue de Champagne";"49,0414191";"3,9687790"
"202000022328";"19";"1";"2020";"10:40";"1";"50";"50602";"2";"2";"1";"6";"LECLERC (RUE DU GENERAL)";"49,6392400";" -1,6052000"
"202000022329";"18";"1";"2020";"10:34";"1";"49";"49007";"2";"1";"1";"6";"CLOUET";"47,4806800";" -0,5664000"
"202000022330";"17";"1";"2020";"15:53";"1";"49";"49007";"2";"1";"1";"3";"BEAUREPAIRE";"47,4745743";" -0,5605466"
"202000022331";"20";"1";"2020";"09:00";"2";"45";"45284";"2";"3";"1";"7";"Rue de la Godde - Rue du Petit Vomimbert";"47,9223100";"1,9718700"
"202000022332";"18";"1";"2020";"17:30";"2";"44";"44184";"2";"1";"1";"2";"RN 471";"47,2874000";" -2,2099000"
"202000022333";"16";"1";"2020";"08:25";"1";"44";"44184";"2";"6";"1";"6";"BERLIOZ (AVENUE HECTOR)";"47,2673100";" -2,2338000"
"202000022334";"20";"1";"2020";"12:50";"2";"44";"44109";"2";"1";"1";" -1";"Boulevard Maréchal Alphonse Juin";"47,1980066";" -1,5954852"
"202000022335";"20";"1";"2020";"09:30";"1";"44";"44162";"2";"1";"1";"2";"Boulevard Charles de Gaulle";"47,2152630";" -1,6393230"
"202000022336";"20";"1";"2020";"10:28";"1";"42";"42044";"2";"1";"1";"6";"Rue Gambetta";"45,3968416";"4,3288835"
"202000022337";"20";"1";"2020";"14:20";"1";"37";"37261";"2";"6";"1";"3";"POMPIDOU (AVENUE GEORGES)";"47,3948636";"0,7046124"
"202000022338";"20";"1";"2020";"07:53";"3";"37";"37233";"2";"1";"1";"2";"JAURES (BOULEVARD JEAN)";"47,3943500";"0,7257440"
"202000022339";"20";"1";"2020";"13:15";"1";"35";"35238";"2";"9";"1";"3";"NITSCH (CARREFOUR GEORGES)";"48,1019200";" -1,6842300"
"202000022340";"20";"1";"2020";"18:15";"3";"33";"33122";"1";"2";"8";"1";"AVE DU GENERAL LECLERC / AVE SALVADOR ALLENDE / RUE DE LA POUDRIERE / AVE DU MARECHAL DE LATTRE DE TASSIGNY (D1250)";"44,7822970";" -0,6889480"
"202000022341";"14";"1";"2020";"09:04";"1";"33";"33063";"2";"1";"1";"3";"54 Boulevard du Président Wilson";"44,8388600";" -0,5990800"
"202000022342";"10";"1";"2020";"11:30";"1";"33";"33281";"2";"6";"1";"3";"AVE MARCEL DASSAULT / AVE JACQUELINE AURIOL / AVE DE LA GRANGE NOIRE";"44,8479283";" -0,6796903"
"202000022343";"18";"1";"2020";"22:25";"5";"31";"31555";"2";"1";"1";"2";"AV DE REYNERIE";"43,5744000";"1,4053500"
"202000022344";"18";"1";"2020";"00:45";"5";"31";"31555";"2";"2";"1";"3";"BD PIERRE SEMARD";"43,6140800";"1,4509500"
"202000022345";"17";"1";"2020";"19:35";"5";"31";"31555";"1";"1";"2";"5";"VA007331 A620";"43,6068400";"1,4069100"
"202000022346";"17";"1";"2020";"08:45";"1";"31";"31555";"2";"1";"1";"2";"RUE DE PERIOLE";"43,6194700";"1,4667600"
"202000022347";"20";"1";"2020";"06:19";"3";"29";"29232";"1";"1";"1";"7";"D365 - Avenue du Morbihan";"47,9785400";" -4,0591500"
"202000022348";"19";"1";"2020";"11:50";"1";"27";"27681";"2";"9";"1";"6";"RIQUIER (RUE)";"49,0939000";"1,4824000"
"202000022349";"16";"1";"2020";"16:25";"1";"22";"22360";"1";"6";"3";"6";"ARMOR (RUE D')";"48,4838488";" -2,7346887"
"202000022350";"17";"1";"2020";"17:15";"1";"22";"22278";"2";"1";"1";"3";"RIBOT (THEODULE)";"48,5176300";" -2,7795600"
"202000022351";"20";"1";"2020";"17:45";"4";"13";"13208";"2";"1";"1";"6";"PRADO (AVENUE DU)";"43,2720860";"5,3902910"
"202000022352";"19";"1";"2020";"16:40";"2";"13";"13202";"1";"2";"1";"3";"URBAIN V (RUE)";"43,3153980";"5,3681850"
"202000022353";"19";"1";"2020";"19:30";"5";"12";"12089";"2";"1";"1";"6";"MIRAMONT";"44,5544740";"2,2533720"
"202000022354";"17";"1";"2020";"17:30";"1";"10";"10387";"2";"1";"1";"6";"MARIE CURIE (RUE)";"48,2720000";"4,0770000"
"202000022355";"20";"1";"2020";"06:50";"5";"10";"10362";"2";"2";"1";"3";"CHANTELOUP (CD)";"48,2971570";"4,0414840"
"202000022356";"19";"1";"2020";"06:15";"3";"09";"09225";"1";"1";"1";"7";"ROUTE NATIONALE 20 (VOIE RAPIDE)";"43,1001300";"1,6328000"
"202000022357";"19";"1";"2020";"17:15";"2";"05";"05023";"2";"1";"1";"7";"SYLVESTRE (RUE JOSEPH)";"44,8850600";"6,6335900"
"202000022358";"18";"1";"2020";"09:00";"1";"03";"03095";"2";"1";"1";"1";"N/A";"46,1545953";"3,4934703"
"202000022359";"20";"1";"2020";"17:20";"1";"75";"75113";"2";"4";"1";"5";"BD PERIPHERIQUE INTERIEUR";"48,8165580";"2,3642940"
"202000022360";"20";"1";"2020";"15:10";"1";"75";"75117";"2";"4";"7";"6";"BD PERIPHERIQUE EXTERIEUR";"48,8821587";"2,2826512"
"202000022361";"20";"1";"2020";"06:40";"2";"75";"75120";"2";"4";"1";"4";"BD PERIPHERIQUE EXTERIEUR";"48,8614564";"2,4139377"
"202000022362";"20";"1";"2020";"18:20";"5";"75";"75105";"2";"1";"1";"6";"RUE MONGE";"48,8394980";"2,3511760"
"202000022363";"1";"1";"2020";"18:45";"3";"75";"75113";"2";"2";"2";" -1";"RUE DE TOLBIAC";"48,8272918";"2,3685193"
"202000022364";"20";"1";"2020";"16:20";"1";"75";"75117";"2";"2";"1";"3";"RUE DES MOINES";"48,8919104";"2,3221491"
"202000022365";"20";"1";"2020";"11:30";"1";"75";"75117";"2";"3";"1";"3";"BOULEVARD BERTHIER";"48,8937705";"2,3117799"
"202000022366";"20";"1";"2020";"09:20";"1";"75";"75117";"2";"4";"1";"3";"AVENUE MAC MAHON";"48,8772978";"2,2944375"
"202000022367";"20";"1";"2020";"15:10";"1";"75";"75116";"2";"2";"1";"3";"AVENUE MARCEAU";"48,8685417";"2,2989066"
"202000022368";"20";"1";"2020";"08:35";"1";"75";"75116";"2";"1";"1";"5";"ROUTE DE LA MUETTE A NEUILLY";"48,8732540";"2,2643240"
"202000022369";"20";"1";"2020";"09:20";"1";"75";"75116";"2";"1";"1";"3";"AVENUE GEORGES LAFONT";"48,8355680";"2,2555880"
"202000022370";"20";"1";"2020";"16:50";"1";"75";"75115";"2";"1";"1";"6";"RUE DE LA CONVENTION";"48,8370434";"2,2970485"
"202000022371";"20";"1";"2020";"07:55";"1";"75";"75111";"2";"2";"1";"3";"AVENUE PHILIPPE AUGUSTE";"48,8557552";"2,3913181"
"202000022372";"20";"1";"2020";"19:30";"5";"75";"75110";"2";"1";"1";"6";"BOULEVARD DE STRASBOURG";"48,8711531";"2,3552950"
"202000022373";"20";"1";"2020";"11:00";"1";"75";"75110";"2";"3";"1";"6";"RUE DE DUNKERQUE";"48,8802484";"2,3536558"
"202000022374";"20";"1";"2020";"18:40";"5";"75";"75109";"2";"5";"1";"6";"RUE LA FAYETTE";"48,8750980";"2,3409640"
"202000022375";"20";"1";"2020";"16:55";"1";"75";"75101";"2";"2";"1";"6";"RUE DE RIVOLI";"48,8598842";"2,3439942"
"202000022376";"20";"1";"2020";"15:20";"1";"75";"75103";"2";"2";"1";"3";"RUE DE TURBIGO";"48,8668059";"2,3620082"
"202000022377";"20";"1";"2020";"14:40";"1";"75";"75103";"2";"1";"1";"3";"RUE VIEILLE DU TEMPLE";"48,8610710";"2,3628690"
"202000022378";"20";"1";"2020";"19:35";"5";"94";"94046";"2";"1";"1";"3";"REPUBLIQUE (AV DE LA)";"48,8068700";"2,4443100"
"202000022379";"20";"1";"2020";"14:40";"1";"94";"94046";"2";"5";"1";"6";"GENERAL DE GAULLE (AV DU)";"48,8152000";"2,4206000"