"Num_Acc";"jour";"mois";"an";"hrmn";"lum";"dep";"com";"agg";"int";"atm";"col";"adr";"lat";"long"
"202000022380";"20";"1";"2020";"17:45";"5";"94";"94028";"2";"1";"1";"3";"VERDUN.(AVENUE DE)";"48,7960000";"2,4630000"
"202000022381";"20";"1";"2020";"12:00";"1";"94";"94069";"2";"2";"1";"3";"MARECHAL DE LATTRE DE TASSIGNY (AV)";"48,8240300";"2,4200000"
"202000022382";"19";"1";"2020";"20:35";"3";"94";"94017";"2";"6";"1";"2";"STALINGRAD (BD DE)";"48,8161417";"2,5123520"
"202000022383";"20";"1";"2020";"20:00";"4";"93";"93078";"1";"1";"1";"6";"NATIONS (AVENUE DES)";"48,9699600";"2,5204000"
"202000022384";"20";"1";"2020";"09:45";"1";"93";"93070";"2";"9";"1";"6";"ALLIANCE (RUE DE L')";"48,9102544";"2,3364585"
"202000022385";"20";"1";"2020";"08:35";"2";"93";"93015";"2";"3";"1";"3";"REMISE CHEMIN DE LA";"48,9125600";"2,5789530"
"202000022386";"20";"1";"2020";"16:00";"1";"93";"93031";"2";"1";"1";"2";"HENRI WALLON";"48,9538028";"2,3203341"
"202000022387";"20";"1";"2020";"14:10";"1";"93";"93005";"2";"1";"1";"3";"R MARCEL SEMBAT";"48,9357300";"2,4873200"
"202000022388";"19";"1";"2020";"17:28";"2";"93";"93001";"2";"3";"1";"5";"AV DU PRESIDENT ROOSEVELT / R DES GRANDES MURAILLES";"48,9199054";"2,3777681"
"202000022389";"20";"1";"2020";"17:10";"2";"92";"92064";"2";"2";"1";"3";"REPUBLIQUE";"48,8494050";"2,2137706"
"202000022390";"20";"1";"2020";"08:25";"2";"92";"92064";"2";"1";"1";"6";"MARECHAL FOCH";"48,8475808";"2,2094214"
"202000022391";"18";"1";"2020";"15:20";"1";"92";"92063";"2";"1";"1";"2";"HOPITAL STELL (BOULEVARD DE L')";"48,8789467";"2,1862578"
"202000022392";"20";"1";"2020";"19:15";"5";"92";"92044";"2";"1";"1";"6";"HUIT MAI 1945 (PLACE DU)";"48,8966900";"2,2983800"
"202000022393";"19";"1";"2020";"09:42";"1";"92";"92036";"2";"3";"1";"6";"GENERAL DE GAULLE (AVENUE)";"48,9337740";"2,3134280"
"202000022394";"20";"1";"2020";"08:35";"1";"92";"92025";"2";"1";"1";"6";"Rue Gabriel Péri";"48,9182010";"2,2388340"
"202000022395";"20";"1";"2020";"10:30";"1";"92";"92023";"2";"5";"1";"6";"PICARDIE (RUE DE)";"48,7865020";"2,2453950"
"202000022396";"20";"1";"2020";"19:15";"2";"92";"92007";"2";"3";"1";"3";"BRIAND (AVENUE ARISTIDE) N° 100 A 160";"48,7972063";"2,3221648"
"202000022397";"18";"1";"2020";"18:00";"2";"92";"92002";"2";"1";"1";"3";"DIVISION LECLERC (53 A 217 - 58 A 186)";"48,7429800";"2,3029010"
"202000022398";"20";"1";"2020";"08:25";"1";"22";"22259";"2";"1";"1";"1";"D68";"48,4619590";" -2,0711750"
"202000022399";"20";"1";"2020";"17:29";"2";"22";"22209";"2";"1";"1";"7";"10 Rue des Ormelets";"48,5807000";" -2,1444800"
"202000022400";"21";"1";"2020";"15:00";"1";"49";"49099";"1";"1";"7";"6";"Le Grand Noyer";"47,0987190";" -0,8319160"
"202000022401";"20";"1";"2020";"16:45";"2";"68";"68173";"1";"1";"1";"1";"D11.1";"48,1148010";"7,2171240"
"202000022402";"19";"1";"2020";"02:00";"5";"972";"97201";"2";"1";"1";"1";"N3";"14,8316990";" -61,1031270"
"202000022403";"17";"1";"2020";"07:55";"1";"30";"30262";"1";"3";"1";"3";"D982";"44,0309000";"4,4794000"
"202000022404";"21";"1";"2020";"07:15";"5";"62";"62870";"2";"1";"5";"5";"95 Route Nationale";"50,4094590";"1,7247720"
"202000022405";"16";"1";"2020";"19:40";"3";"56";"56090";"2";"6";"2";"6";"2 Rue Emile Zola";"47,8268169";" -3,2496357"
"202000022406";"18";"1";"2020";"19:45";"3";"74";"74234";"1";"1";"1";"3";"RD 1508";"45,7585760";"6,3164750"
"202000022407";"19";"1";"2020";"14:45";"1";"76";"76100";"1";"2";"1";"3";"Gruchy Hameau";"49,5008300";"1,2627930"
"202000022408";"21";"1";"2020";"05:00";"3";"79";"79242";"1";"1";"9";"7";"N/A";"46,9165840";" -0,5674600"
"202000022409";"21";"1";"2020";"12:40";"1";"65";"65375";"2";"2";"1";"1";"Rue Labastide de Clairence";"43,3869460";"0,1513470"
"202000022410";"21";"1";"2020";"15:30";"1";"55";"55537";"1";"1";"1";"1";"Route départementale 112 + PK 009.350";"49,2055510";"5,4754970"
"202000022411";"20";"1";"2020";"18:55";"5";"68";"68068";"2";"2";"1";"3";"40 Rue de Cernay";"47,6335440";"7,1226880"
"202000022412";"18";"1";"2020";"19:49";"3";"25";"25280";"2";"1";"1";"6";"35 Route du Jura";"47,2578970";"6,9460990"
"202000022413";"19";"1";"2020";"07:45";"2";"29";"29109";"1";"1";"1";"6";"D68 - Lieu-dit Saint-Gonvarc'h";"48,5118605";" -4,7254160"
"202000022414";"13";"1";"2020";"22:15";"3";"31";"31239";"2";"1";"1";"1";"place du forail";"43,3804950";"0,8390240"
"202000022415";"21";"1";"2020";"17:55";"3";"01";"01389";"1";"2";"1";"3";"Grand Romanans";"46,0432980";"4,9383600"
"202000022416";"21";"1";"2020";"15:30";"1";"45";"45245";"1";"1";"1";"6";"R ST MARTIN";"47,6741980";"2,8124650"
"202000022417";"15";"1";"2020";"23:20";"3";"07";"07117";"1";"1";"8";"6";"D4";"44,4741210";"4,1965300"
"202000022418";"8";"1";"2020";"14:45";"1";"40";"40310";"1";"3";"1";"3";"Pouyanne";"43,7913530";" -1,3339730"
"202000022419";"21";"1";"2020";"11:20";"1";"04";"04124";"2";"2";"1";"3";"Ch du Vallon / Ch de Riez";"43,7822650";"6,0948260"
"202000022420";"21";"1";"2020";"13:55";"1";"85";"85008";"1";"1";"1";"3";"RD 747 - La tignonnière";"46,6172500";" -1,4436800"
"202000022421";"14";"1";"2020";"14:30";"1";"65";"65417";"1";"1";"1";"7";"A64";"43,2156479";"0,1180175"
"202000022422";"20";"1";"2020";"08:00";"2";"44";"44035";"1";"1";"1";"3";"A11";"47,2723570";" -1,5552520"
"202000022423";"20";"1";"2020";"18:30";"3";"77";"77412";"1";"1";"1";"2";"N37";"48,4742970";"2,5169700"
"202000022424";"17";"1";"2020";"05:00";"3";"974";"97424";"1";"1";"1";" -1";"Route Départementale 242";" -21,1230360";"55,4550140"
"202000022425";"20";"1";"2020";"00:00";"5";"971";"97111";"2";"1";"1";"6";"Ferry";"16,2727940";" -61,8057230"
"202000022426";"19";"1";"2020";"18:10";"5";"77";"77272";"2";"1";"1";"6";"9 Rue de la Voie Romaine - D209";"48,5602610";"3,1483320"
"202000022427";"20";"1";"2020";"00:30";"3";"34";"34307";"2";"1";"1";"6";"Route de Montpellier D-54";"43,7015080";"4,0079710"
"202000022428";"20";"1";"2020";"14:50";"1";"13";"13014";"2";"1";"1";"6";"Cours Mirabeau";"43,4763480";"5,1674330"
"202000022429";"20";"1";"2020";"17:29";"2";"13";"13107";"2";"1";"1";" -1";"994 Avenue du Général de Gaulle";"43,4367730";"5,4252640"
"202000022430";"21";"1";"2020";"14:05";"1";"01";"01249";"2";"1";"1";"6";"Rue Joseph Carre";"45,8268140";"4,9529670"
"202000022431";"18";"1";"2020";"04:00";"3";"53";"53094";"1";"1";"1";"7";"RN 162- PK 31 +200";"48,0120240";" -0,7285380"
"202000022432";"19";"1";"2020";"16:30";"2";"62";"62560";"1";"1";"3";"6";"A16";"50,8100840";"1,6943410"
"202000022433";"21";"1";"2020";"16:15";"1";"59";"59173";"1";"9";"1";"1";"Route de Quesnoy";"50,7266340";"2,9735900"
"202000022434";"20";"1";"2020";"02:30";"5";"69";"69296";"1";"9";"1";"2";"A7  ";"45,6605800";"4,8417900"
"202000022435";"20";"1";"2020";"07:00";"5";"33";"33096";"1";"1";"1";"5";"AUTOROUTE A 10";"44,8900400";" -0,5032400"
"202000022436";"20";"1";"2020";"18:30";"4";"91";"91377";"1";"1";"1";"3";"RD 188";"48,7203600";"2,2720300"
"202000022437";"20";"1";"2020";"07:30";"3";"91";"91182";"1";"1";"1";"3";"RN 104";"48,6186000";"2,4266000"
"202000022438";"20";"1";"2020";"01:52";"3";"91";"91174";"1";"1";"1";"6";"RN 104";"48,6185400";"2,4576200"
"202000022439";"19";"1";"2020";"07:05";"3";"92";"92047";"1";"1";"1";"6";"A13";"48,8359825";"2,1821722"
"202000022440";"18";"1";"2020";"19:56";"3";"78";"78206";"1";"1";"1";"2";"A13";"48,9480000";"1,9463700"
"202000022441";"20";"1";"2020";"12:00";"1";"94";"94033";"1";"1";"1";"3";"A86.EXT";"48,8491582";"2,4907287"
"202000022442";"16";"1";"2020";"12:00";"1";"77";"77294";"1";"1";"1";"2";"A104";"48,9647927";"2,6100694"
"202000022443";"18";"1";"2020";"22:20";"4";"987";"98735";"2";"1";"1";"2";"POMARE (BVD)";" -17,5445063";" -149,5783876"
"202000022444";"18";"1";"2020";"21:40";"5";"974";"97416";"2";"1";"1";"6";"Rue Leconte Delisle";" -21,2913700";"55,4616000"
"202000022445";"18";"1";"2020";"23:40";"5";"69";"69388";"2";"1";"1";"2";"PAUL CAZENEUVE                      (R )";"45,7314298";"4,8598314"
"202000022446";"19";"1";"2020";"20:18";"5";"972";"97213";"1";"1";"1";"4";"AUTOROUTE A1";"14,6180000";" -61,0340000"
"202000022447";"18";"1";"2020";"17:49";"5";"69";"69384";"2";"2";"1";"3";"PHILIPPE DE LASSALLE                (R )";"45,7795800";"4,8204900"
"202000022448";"19";"1";"2020";"14:55";"1";"971";"97120";"2";"1";"1";"6";"PAUL LACAVE";"16,2442100";" -61,5323100"
"202000022449";"18";"1";"2020";"08:50";"1";"971";"97113";"1";"1";"1";"2";"RN4 - SECTION RIVIERA";"16,2181635";" -61,5096188"
"202000022450";"19";"1";"2020";"06:30";"5";"91";"91161";"2";"1";"4";"1";"CHARLES DE GAULLE (AVENUE)";"48,7048480";"2,3226510"
"202000022451";"18";"1";"2020";"17:40";"5";"69";"69290";"2";"1";"1";"3";"ARISTIDE BRIAND         ";"45,6961700";"4,9266900"
"202000022452";"19";"1";"2020";"02:15";"5";"69";"69266";"2";"2";"1";"3";"ROGER SALENGRO     (Avenue)";"45,7783938";"4,8794371"
"202000022453";"19";"1";"2020";"14:43";"1";"64";"64284";"2";"3";"1";"3";"EUGENE PICHON";"43,2846400";" -0,3922200"
"202000022454";"19";"1";"2020";"16:40";"1";"59";"59650";"2";"9";"1";"6";"GUESDE (RUE JULES)";"50,7112331";"3,2348675"
"202000022455";"19";"1";"2020";"18:50";"5";"59";"59350";"2";"1";"1";"6";"CHR OSCAR LAMBRET  METRO";"50,6082644";"3,0387497"
"202000022456";"13";"1";"2020";"12:10";"1";"59";"59343";"2";"1";"1";"3";"FERMES";"50,5849700";"3,1235500"
"202000022457";"19";"1";"2020";"13:40";"1";"53";"53054";"1";"1";"1";"1";"RD 104 VERS LAVAL";"48,0940800";" -0,7863900"
"202000022458";"19";"1";"2020";"20:15";"1";"42";"42119";"2";"1";"1";"6";"Le Garet";"45,7536530";"3,9717990"
"202000022459";"19";"1";"2020";"19:30";"5";"37";"37261";"2";"6";"1";"2";"JEMMAPES (RUE)";"47,4184706";"0,6838621"
"202000022460";"19";"1";"2020";"16:05";"1";"37";"37261";"2";"3";"1";"2";"STENDHAL (AVENUE)";"47,3683967";"0,7157863"
"202000022461";"19";"1";"2020";"16:55";"1";"34";"34172";"2";"1";"1";"6";"SOPHORAS (ALLEE DES)";"43,6000742";"3,8696337"
"202000022462";"18";"1";"2020";"20:00";"5";"33";"33075";"2";"3";"2";"2";"AVE DU GENERAL DE GAULLE / RTE DU MEDOC";"44,8735300";" -0,6171400"
"202000022463";"18";"1";"2020";"23:40";"3";"32";"32013";"2";"1";"1";"1";"ENGACHIES (ROUTE D')";"43,6543120";"0,6130832"
"202000022464";"16";"1";"2020";"14:00";"1";"29";"29232";"2";"6";"2";"3";"Rue Madame de Stael";"47,9838900";" -4,0730400"
"202000022465";"19";"1";"2020";"15:13";"1";"29";"29051";"1";"3";"1";"1";"D15 - Route de Coray";"48,0006865";" -4,0487158"
"202000022466";"17";"1";"2020";"11:35";"1";"18";"18279";"2";"1";"7";"1";"SOCIETE FRANCAISE (RUE DE LA)";"47,2261100";"2,0572200"
"202000022467";"20";"1";"2020";"00:29";"3";"17";"17449";"1";"1";"1";"7";"Route de Surgères";"45,9660840";" -0,9238700"
"202000022468";"19";"1";"2020";"14:30";"1";"09";"09122";"2";"9";"1";"2";"RD 919";"42,9872660";"1,6157820"
"202000022469";"19";"1";"2020";"11:00";"1";"06";"06027";"2";"1";"1";"6";"PLAGE BOULEVARD DE LA";"43,6566500";"7,1637200"
"202000022470";"19";"1";"2020";"04:40";"3";"06";"06123";"1";"1";"1";"6";"N/A";"43,7026110";"7,1849800"
"202000022471";"18";"1";"2020";"03:45";"5";"75";"75118";"2";"1";"1";"6";"RUE CAULAINCOURT";"48,8885717";"2,3342018"
"202000022472";"19";"1";"2020";"18:05";"5";"75";"75117";"2";"7";"1";"3";"PLACE GENERAL CATROUX";"48,8833480";"2,3095104"
"202000022473";"18";"1";"2020";"16:00";"1";"75";"75116";"2";"1";"1";"3";"CHAUSSEE LA MUETTE";"48,8582056";"2,2736976"
"202000022474";"19";"1";"2020";"13:40";"1";"75";"75115";"2";"2";"1";"3";"RUE DE LA CONVENTION";"48,8372327";"2,2964370"
"202000022475";"19";"1";"2020";"17:40";"5";"75";"75114";"2";"7";"8";"6";"AVENUE DU GENERAL LECLERC";"48,8277958";"2,3267957"
"202000022476";"19";"1";"2020";"12:20";"1";"75";"75112";"2";"1";"1";"6";"RUE DE REUILLY";"48,8445785";"2,3898386"
"202000022477";"19";"1";"2020";"06:55";"2";"75";"75112";"2";"1";"1";"3";"BOULEVARD PONIATOWSKI";"48,8333956";"2,4019134"
"202000022478";"18";"1";"2020";"20:45";"5";"75";"75112";"2";"3";"1";"6";"AVENUE DE NOGENT";"48,8442841";"2,4423416"
"202000022479";"19";"1";"2020";"16:40";"1";"75";"75107";"2";"1";"1";"7";"RUE SEDILLOT";"48,8590100";"2,3015930"
"202000022480";"18";"1";"2020";"20:45";"5";"75";"75103";"2";"2";"1";"6";"RUE REAUMUR";"48,8662181";"2,3526072"
"202000022481";"19";"1";"2020";"13:15";"1";"94";"94021";"2";"9";"1";"7";"JEAN MERMOZ (BD)";"48,7730100";"2,3393900"
"202000022482";"19";"1";"2020";"06:35";"5";"94";"94069";"2";"1";"8";"6";"MARECHAL LECLERC (R DU)";"48,8182600";"2,4392200"
"202000022483";"19";"1";"2020";"15:12";"1";"93";"93053";"2";"1";"1";"6";"REPUBLIQUE (BLD DE LA) N°";"48,8956000";"2,4614000"
"202000022484";"18";"1";"2020";"23:05";"3";"93";"93001";"2";"1";"8";"6";"R BENGALI ";"48,9171710";"2,3687860"
"202000022485";"19";"1";"2020";"02:45";"5";"92";"92073";"2";"1";"1";"2";"SELLIER (BOULEVARD HENRI)";"48,8656062";"2,2196299"
"202000022486";"19";"1";"2020";"23:05";"5";"92";"92051";"2";"2";"1";"3";"BINEAU (BOULEVARD, N°133 A 217 ET 134 A";"48,8875111";"2,2785124"
"202000022487";"19";"1";"2020";"16:05";"1";"92";"92051";"2";"1";"1";"6";"SAINTE FOY (AVENUE)";"48,8854400";"2,2671700"
"202000022488";"19";"1";"2020";"12:35";"1";"92";"92040";"2";"6";"1";"3";"ILES (BOULEVARD DES)";"48,8217472";"2,2499844"
"202000022489";"16";"1";"2020";"20:30";"2";"974";"97418";"1";"1";"1";"2";"Route Nationale 2";" -20,8998410";"55,5252990"
"202000022490";"19";"1";"2020";"19:30";"3";"37";"37155";"2";"1";"1";"6";"43 Rue du Commerce";"47,6506798";"0,8368114"
"202000022491";"11";"1";"2020";"11:10";"1";"47";"47169";"1";"1";"7";"2";"Route Nationale 21";"44,1560227";"0,6273555"
"202000022492";"18";"1";"2020";"15:30";"1";"43";"43040";"1";"1";"1";"6";"Rue de la Poudrière";"45,2823453";"3,3888531"
"202000022493";"14";"1";"2020";"17:50";"3";"68";"68249";"2";"4";"1";"6";"12 Rue du Faude";"48,1275990";"7,1632870"
"202000022494";"19";"1";"2020";"18:15";"3";"972";"97210";"1";"1";"1";"7";"Chemin Casse Cou";"14,6329960";" -60,9351350"
"202000022495";"19";"1";"2020";"11:00";"1";"22";"22339";"1";"1";"1";"7";"RN 176 PK/PR 011+600";"48,4697160";" -2,0581150"
"202000022496";"18";"1";"2020";"13:00";"1";"971";"97133";"1";"1";"1";"1";"D6";"15,9613160";" -61,7078700"
"202000022497";"20";"1";"2020";"08:45";"1";"69";"69100";"2";"1";"1";"3";"Rue d'Yvours";"45,6923700";"4,8275530"
"202000022498";"16";"1";"2020";"14:45";"1";"51";"51549";"1";"9";"1";"3";"D994";"48,9410173";"4,7428764"
"202000022499";"19";"1";"2020";"18:30";"3";"56";"56194";"1";"1";"1";"4";"D114";"47,6136030";" -2,1117570"
"202000022500";"20";"1";"2020";"08:05";"1";"77";"77321";"1";"2";"1";"2";"D411";"48,4039123";"3,2265649"
"202000022501";"20";"1";"2020";"06:15";"3";"79";"79195";"1";"1";"9";"7";"N/A";"46,9189690";" -0,5717200"
"202000022502";"20";"1";"2020";"07:55";"2";"89";"89276";"2";"1";"1";"6";"19 Route de Troyes";"48,0428380";"3,7927600"
"202000022503";"20";"1";"2020";"07:40";"2";"89";"89200";"1";"1";"9";"1";"Route de Chablis";"47,9292482";"3,6182597"
"202000022504";"11";"1";"2020";"20:30";"3";"49";"49046";"1";"2";"1";"3";"67 Rue de l'Amiral Maillé-brézé";"47,1800310";" -0,0605500"
"202000022505";"19";"1";"2020";"04:00";"5";"68";"68378";"2";"1";"1";"6";"2a Rue Principale";"47,6370810";"7,1123490"
"202000022506";"20";"1";"2020";"08:25";"1";"25";"25258";"1";"1";"1";"1";"RD 67";"47,2325990";"5,9054240"
"202000022507";"19";"1";"2020";"16:30";"1";"29";"29201";"1";"2";"1";"3";"D67 - Lieu Dit Kergounan";"48,3805140";" -4,7119670"
"202000022508";"20";"1";"2020";"04:20";"3";"54";"54205";"1";"1";"1";"7";"N4";"48,6704530";"5,7923200"
"202000022509";"20";"1";"2020";"07:15";"3";"14";"14305";"1";"1";"1";"6";"D163";"49,2924270";" -0,0101820"
"202000022510";"17";"1";"2020";"19:30";"3";"05";"05072";"1";"1";"9";"7";"N85";"44,6425340";"6,0846600"
"202000022511";"10";"7";"2020";"09:55";"1";"13";"13001";"2";"2";"1";"3";"PONTIER HENRI (AV)";"43,5329700";"5,4398000"
"202000022512";"10";"7";"2020";"22:54";"5";"10";"10387";"2";"9";"1";"7";"JULES GUESDE (RUE)";"48,2882000";"4,0810400"
"202000022513";"9";"7";"2020";"12:20";"1";"10";"10357";"2";"1";"1";"3";"GENERAL DE GAULLE (RUE DU)";"48,2969400";"4,1294800"
"202000022514";"2";"7";"2020";"20:00";"1";"09";"09122";"2";"1";"2";"1";"LAKANAL (AVENUE)";"42,9585780";"1,6061860"
"202000022515";"10";"7";"2020";"21:45";"5";"06";"06069";"2";"9";"1";"6";"RENOIR (AVENUE AUGUSTE)";"43,6814970";"6,9597380"
"202000022516";"10";"7";"2020";"16:35";"1";"06";"06123";"2";"1";"1";"6";"LECLERC GENERAL AVENUE";"43,6738680";"7,1898240"
"202000022517";"10";"7";"2020";"08:30";"1";"06";"06027";"2";"1";"1";"3";"NICE AVENUE DE (RN7)";"43,6579100";"7,1595060"
"202000022518";"8";"7";"2020";"09:15";"1";"06";"06027";"2";"6";"1";"3";"VERDUN AVENUE DE";"43,6669650";"7,1417270"
"202000022519";"2";"7";"2020";"17:48";"1";"05";"05061";"2";"6";"1";"6";"CHARLES AUROUZE ( RUE )";"44,5620640";"6,0778330"
"202000022520";"9";"7";"2020";"08:10";"1";"75";"75116";"2";"1";"1";"3";"BOULEVARD PERIPHERIQUE";"48,8349280";"2,2627090"
"202000022521";"30";"6";"2020";"22:18";"5";"75";"75106";"2";"1";"1";"6";"BOULEVARD SAINT MICHEL";"48,8498870";"2,3423640"
"202000022522";"10";"7";"2020";"10:20";"1";"75";"75120";"2";"2";"1";"3";"RUE BELGRAND";"48,8646810";"2,4041420"
"202000022523";"10";"7";"2020";"22:25";"5";"75";"75117";"2";"3";"1";"3";"RUE DE SAUSSURE";"48,8901010";"2,3049270"
"202000022524";"10";"7";"2020";"12:20";"1";"75";"75108";"2";"2";"1";"3";"BOULEVARD DES BATIGNOLLES";"48,8822160";"2,3203480"
"202000022525";"9";"7";"2020";"09:08";"1";"75";"75116";"2";"2";"1";"3";"ROUTE DE SEVRES A NEUILLY";"48,8622790";"2,2383040"
"202000022526";"8";"7";"2020";"22:28";"5";"75";"75116";"2";"1";"1";"2";"ALLEE DE LONGCHAMP";"48,8708160";"2,2596810"
"202000022527";"10";"7";"2020";"16:38";"1";"75";"75115";"2";"4";"1";"6";"QUAI D ISSY LES MOULINEAUX";"48,8365560";"2,2679390"
"202000022528";"10";"7";"2020";"12:20";"1";"75";"75115";"2";"2";"1";"3";"RUE DE LA FEDERATION";"48,8537980";"2,2941660"
"202000022529";"9";"7";"2020";"21:40";"5";"75";"75115";"2";"1";"1";"3";"QUAI ANDRE CITROEN";"48,8438580";"2,2751360"
"202000022530";"10";"7";"2020";"12:25";"1";"75";"75114";"2";"1";"1";"6";"AVENUE PIERRE MASSE";"48,8180870";"2,3330140"
"202000022531";"9";"7";"2020";"19:00";"1";"75";"75113";"2";"2";"1";"3";"AVENUE D ITALIE";"48,8222070";"2,3585230"
"202000022532";"9";"7";"2020";"12:25";"1";"75";"75112";"2";"1";"1";"3";"AVENUE DE SAINT MANDE";"48,8447450";"2,4048820"
"202000022533";"10";"7";"2020";"13:15";"1";"75";"75111";"2";"1";"1";"3";"RUE RICHARD LENOIR";"48,8552050";"2,3819720"
"202000022534";"10";"7";"2020";"16:05";"1";"75";"75108";"2";"4";"1";"3";"AVENUE DE FRIEDLAND";"48,8742310";"2,2995460"
"202000022535";"10";"7";"2020";"01:40";"5";"75";"75108";"2";"3";"1";"6";"AVENUE DES CHAMPS ELYSEES";"48,8700920";"2,3066720"
"202000022536";"10";"7";"2020";"17:00";"1";"75";"75104";"2";"3";"8";"6";"RUE DE RIVOLI";"48,8552290";"2,3611130"
"202000022537";"10";"7";"2020";"14:35";"1";"75";"75104";"2";"7";"1";"3";"RUE DES FRANCS BOURGEOIS";"48,8563000";"2,3649390"
"202000022538";"10";"7";"2020";"11:15";"1";"94";"94078";"2";"1";"1";"2";"PRESIDENT JOHN FITZGERALD KENNEDY (AV DU";"48,7370000";"2,4690000"
"202000022539";"8";"7";"2020";"11:30";"1";"94";"94046";"2";"1";"1";"7";"GABRIEL PERI (R)";"48,8124410";"2,4375310"
"202000022540";"10";"7";"2020";"18:00";"1";"94";"94003";"2";"1";"1";"3";"PAUL VAILLANT COUTURIER (AV)";"48,8008920";"2,3408310"
"202000022541";"8";"7";"2020";"21:15";"1";"94";"94016";"2";"3";"1";"3";"VATIER (AV)";"48,7889500";"2,3319100"
"202000022542";"10";"7";"2020";"18:20";"1";"94";"94021";"2";"1";"1";"3";"STALINGRAD (AV DE)";"48,7716500";"2,3677300"
"202000022543";"10";"7";"2020";"12:40";"1";"94";"94028";"2";"9";"1";"6";"CASALIS.(AVE DU DR PAUL)";"48,7802700";"2,4717600"
"202000022544";"10";"7";"2020";"10:40";"1";"94";"94077";"2";"2";"1";"2";"JARDINS (R DES)";"48,7381500";"2,4255310"
"202000022545";"10";"7";"2020";"01:15";"4";"93";"93001";"2";"6";"1";" -1";"VICTOR HUGO (AVE)  131 A 165";"48,9086235";"2,3780076"
"202000022546";"8";"7";"2020";"18:50";"1";"93";"93066";"2";"1";"1";"5";"""LANDY RD 20, NR IMPAIRS 1 A 144""";"48,9151608";"2,3501098"
"202000022547";"10";"7";"2020";"15:40";"1";"93";"93048";"2";"1";"1";"1";"CHANZY S3 (BOULEVARD)";"48,8585839";"2,4302421"
"202000022548";"10";"7";"2020";"10:40";"1";"93";"93048";"2";"3";"8";"3";"LEON LOISEAU (RUE)";"48,8708527";"2,4384834"
"202000022549";"10";"7";"2020";"00:30";"5";"93";"93048";"2";"9";"1";"1";"Rue du Prefet Claude Erignac";"48,8494800";"2,4175600"
"202000022550";"10";"7";"2020";"10:10";"1";"93";"93006";"2";"1";"1";"6";"CAPSULERIE RUE DE LA";"48,8636163";"2,4200133"
"202000022551";"10";"7";"2020";"12:30";"1";"93";"93014";"2";"2";"1";"6";"AV DE SEVIGNE / ALL MARCEL PAUL";"48,9114230";"2,5494200"
"202000022552";"10";"7";"2020";"18:00";"1";"93";"93005";"2";"1";"1";"6";"MITRY [CD115] (ROUTE DE)";"48,9461209";"2,5104586"
"202000022553";"9";"7";"2020";"20:15";"1";"92";"92063";"2";"1";"1";"2";"BONAPARTE (AVENUE NAPOLEON) NORD";"48,8758640";"2,1698162"
"202000022554";"9";"7";"2020";"19:40";"1";"92";"92050";"2";"3";"1";"3";"CHAMPS PIERREUX AVENUE DES";"48,8908159";"2,2157970"
"202000022555";"10";"7";"2020";"13:20";"1";"92";"92025";"2";"2";"1";"3";"AUDRA (AV)";"48,9274070";"2,2470150"
"202000022556";"11";"7";"2020";"14:45";"1";"50";"50027";"1";"2";"1";"3";"La Pigousterie";"48,6879010";" -1,4384150"
"202000022557";"10";"7";"2020";"15:10";"1";"86";"86182";"1";"1";"1";"7";"D757";"46,8646020";"0,3214730"
"202000022558";"11";"7";"2020";"03:50";"3";"67";"67426";"1";"1";"8";"7";"RD 424 - PK 21+700";"48,3510050";"7,2846650"
"202000022559";"10";"7";"2020";"10:45";"1";"26";"26002";"1";"4";"1";"3";"1410 Route de Marcoz";"45,2412070";"4,8261040"
"202000022560";"7";"7";"2020";"19:25";"1";"62";"62176";"2";"3";"1";"3";"D146";"50,5124710";"1,7325570"
"202000022561";"10";"7";"2020";"21:00";"1";"56";"56033";"1";"1";"1";"2";"Cateneuc";"47,8190630";" -2,1211710"
"202000022562";"10";"7";"2020";"18:45";"1";"56";"56040";"1";"1";"1";"5";"Lieu-dit Kersalo";"47,8340410";" -3,3744820"
"202000022563";"11";"7";"2020";"15:45";"1";"74";"74109";"1";"1";"1";"1";"2950 Route d'Annecy";"46,0908120";"5,8341050"
"202000022564";"11";"7";"2020";"10:30";"1";"74";"74068";"1";"9";"1";"2";"8 Rue du Mont Blanc";"46,0614880";"5,8679330"
"202000022565";"11";"7";"2020";"11:55";"1";"76";"76152";"1";"1";"1";"2";"D6";"49,5909030";"1,2108190"
"202000022566";"10";"7";"2020";"22:30";"5";"79";"79171";"2";"2";"1";"6";"20 Rue de la Croix d'Ingand";"46,9774780";" -0,2770940"
"202000022567";"11";"7";"2020";"03:30";"3";"80";"80458";"1";"1";"1";"1";"D929";"49,9567870";"2,4895630"
"202000022568";"10";"7";"2020";"23:25";"3";"65";"65330";"2";"1";"1";"1";"14 Route de la Fontaine";"43,4240090";"0,0359040"
"202000022569";"11";"7";"2020";"04:10";"3";"32";"32100";"1";"1";"1";"6";"D931";"43,8781290";"0,1720910"
"202000022570";"10";"7";"2020";"16:35";"1";"32";"32147";"1";"1";"1";"2";"Chemin du Pont au Lait";"43,6256810";"0,8688530"
"202000022571";"10";"7";"2020";"16:15";"1";"11";"11124";"1";"1";"1";"1";"D611";"43,0099270";"2,8287860"
"202000022572";"11";"7";"2020";"16:40";"1";"89";"89456";"1";"3";"1";"3";"257 Rue du Marchais";"48,3022800";"3,1825800"
"202000022573";"10";"7";"2020";"21:50";"2";"49";"49205";"2";"3";"1";"3";"4 Place Jean Bourre";"47,7583280";" -0,4913490"