"Num_Acc";"jour";"mois";"an";"hrmn";"lum";"dep";"com";"agg";"int";"atm";"col";"adr";"lat";"long"
"202000022574";"4";"7";"2020";"15:00";"1";"49";"49088";"1";"1";"1";"3";"D771";"47,7770915";" -1,0973027"
"202000022575";"11";"7";"2020";"06:30";"1";"49";"49060";"1";"1";"1";"7";"L'Epinay";"47,1886040";" -0,0202560"
"202000022576";"10";"7";"2020";"19:55";"1";"39";"39560";"2";"1";"1";"6";"N/A";"46,3612530";"5,8612650"
"202000022577";"11";"7";"2020";"12:15";"1";"39";"39526";"1";"1";"1";"2";"N/A";"47,0311480";"5,4057510"
"202000022578";"11";"7";"2020";"10:15";"1";"39";"39016";"2";"1";"1";"6";"Arinthod - 8 Rue du Sauvieux";"46,3966280";"5,5677200"
"202000022579";"10";"7";"2020";"17:30";"1";"25";"25321";"2";"3";"1";"3";"Les Vergers";"47,0687920";"6,6785880"
"202000022580";"8";"7";"2020";"18:00";"1";"35";"35095";"2";"6";"1";"3";"Place Toullier";"48,5494700";" -1,7565360"
"202000022581";"30";"6";"2020";"16:30";"1";"35";"35284";"2";"1";"1";"6";"5 Place de l'Eglise";"48,5989834";" -1,9729578"
"202000022582";"11";"7";"2020";"10:45";"1";"29";"29004";"2";"1";"1";"3";"Place de la Liberté (Parking)";"47,9325440";" -3,7002150"
"202000022583";"8";"7";"2020";"16:40";"1";"31";"31377";"2";"1";"1";"1";"Départementale 97";"43,4316410";"1,6955160"
"202000022584";"11";"7";"2020";"16:45";"1";"02";"02550";"1";"1";"1";"7";"D19";"49,4732690";"3,6803560"
"202000022585";"10";"7";"2020";"21:45";"3";"84";"84072";"1";"1";"1";"1";"2033 Route de Mormoiron";"44,0514860";"5,1543740"
"202000022586";"10";"7";"2020";"21:30";"2";"03";"03060";"2";"1";"1";"1";"Route de Saint-pourçain";"46,1634837";"3,3936174"
"202000022587";"11";"7";"2020";"12:10";"1";"03";"03025";"1";"2";"1";" -1";"N/A";"46,4592672";"3,3678448"
"202000022588";"10";"7";"2020";"21:00";"2";"15";"15045";"1";"1";"1";"6";"RD921 PR 10+100";"44,8439762";"3,0008698"
"202000022589";"11";"7";"2020";"11:45";"1";"72";"72006";"2";"9";"1";"4";"Zone Commerciale le Pt Coudray";"48,4035080";"0,0911090"
"202000022590";"11";"7";"2020";"00:05";"3";"72";"72241";"2";"1";"1";"6";"18 Route de Lombron";"48,0500760";"0,4132770"
"202000022591";"10";"7";"2020";"22:30";"3";"50";"50427";"2";"1";"1";" -1";"35 Avenue de la Plage";"49,4767480";" -1,2479780"
"202000022592";"10";"7";"2020";"17:25";"1";"50";"50615";"2";"1";"1";"6";"Place du Gen de Gaulle";"49,5071440";" -1,4720640"
"202000022593";"5";"7";"2020";"16:20";"1";"45";"45258";"1";"2";"1";"7";"D228";"48,2175780";"2,4912520"
"202000022594";"10";"7";"2020";"18:45";"1";"73";"73114";"1";"1";"1";"6";"D1212 Route de Megeve";"45,8209120";"6,5271340"
"202000022595";"11";"7";"2020";"10:25";"1";"21";"21549";"1";"3";"1";"3";"D16";"47,7526260";"4,6782880"
"202000022596";"10";"7";"2020";"20:25";"1";"27";"27550";"1";"1";"7";"1";"Chemin des Auvrays";"49,2518930";"0,6298260"
"202000022597";"10";"7";"2020";"17:30";"1";"27";"27398";"1";"1";"1";"1";"L'Ecoucherie";"49,0935833";"0,6429676"
"202000022598";"10";"7";"2020";"14:20";"1";"10";"10419";"1";"1";"1";"6";"A5";"48,1944240";"4,2703980"
"202000022599";"10";"7";"2020";"23:40";"3";"973";"97307";"2";"1";"1";"6";"rout de la distillerie";"4,8734590";" -52,3270870"
"202000022600";"19";"6";"2020";"11:15";"1";"68";"68021";"1";"6";"1";"2";"bretelle de sortie A35";"47,6364490";"7,5020310"
"202000022601";"11";"7";"2020";"09:30";"1";"84";"84091";"1";"1";"1";"6";"A7 - PK 164+020 - sens N/S";"44,1554080";"4,7713070"
"202000022602";"10";"7";"2020";"18:40";"1";"77";"77458";"1";"1";"1";"7";"Autoroute A77";"48,1958173";"2,7688315"
"202000022603";"10";"7";"2020";"17:00";"1";"69";"69119";"1";"2";"1";"3";"D28";"45,4964510";"4,7216750"
"202000022604";"10";"7";"2020";"19:50";"2";"69";"69119";"1";"2";"8";"3";"D28";"45,4964810";"4,7216320"
"202000022605";"10";"7";"2020";"15:50";"1";"13";"13103";"2";"9";"1";"7";"Base aérienne 701 Salon-de-Provence (Aérodrome)";"43,6113320";"5,1106920"
"202000022606";"10";"7";"2020";"16:00";"1";"974";"97420";"2";"3";"1";"3";"66 Cite du Levant - Bel Air";" -20,9095410";"55,5956350"
"202000022607";"10";"7";"2020";"17:00";"1";"977";"97701";"2";"1";"1";"3";"D212";"17,9015570";" -62,8334180"
"202000022608";"11";"7";"2020";"10:20";"1";"37";"37003";"2";"3";"1";"3";"Quai du Général de Gaulle";"47,4129026";"0,9827999"
"202000022609";"10";"7";"2020";"14:45";"1";"78";"78321";"2";"1";"1";"3";"32 Route du Pontel";"48,8044990";"1,8954870"
"202000022610";"10";"7";"2020";"07:30";"1";"2B";"2B095";"1";"1";"1";"3";"D84";"42,3537390";"9,0549870"
"202000022611";"11";"7";"2020";"08:40";"1";"66";"66114";"1";"1";"1";"1";"D612";"42,6057880";"2,9361760"
"202000022612";"8";"7";"2020";"08:12";"1";"34";"34272";"2";"1";"1";"4";"240 Chemin des Grillons";"43,6544520";"4,1130070"
"202000022613";"10";"7";"2020";"23:10";"3";"84";"84092";"1";"6";"1";"6";"2254 Route de Sorgues";"43,9829720";"4,8598190"
"202000022614";"7";"7";"2020";"07:45";"1";"83";"83099";"2";"1";"1";"3";"Chemin des Aubrèdes";"43,4590560";"6,6932170"
"202000022615";"10";"7";"2020";"10:35";"1";"05";"05101";"1";"1";"1";"7";"les ribeyrettes";"44,8820680";"6,4584110"
"202000022616";"11";"7";"2020";"02:00";"3";"74";"74087";"2";"1";"1";"7";"D1205";"46,1378130";"6,3323490"
"202000022617";"9";"7";"2020";"16:20";"1";"38";"38507";"2";"2";"7";"3";"Chemin des Tournes";"45,7338870";"5,1730590"
"202000022618";"11";"7";"2020";"19:20";"1";"69";"69019";"2";"6";"1";"6";"Avenue du Port";"46,1038720";"4,7583250"
"202000022619";"10";"7";"2020";"09:35";"1";"22";"22176";"2";"1";"1";"6";"Rue du Centre";"48,4456290";" -2,7461260"
"202000022620";"11";"7";"2020";"12:19";"1";"02";"02555";"1";"1";"1";"3";"D11";"48,9599470";"3,3297910"
"202000022621";"11";"7";"2020";"02:20";"3";"80";"80467";"1";"1";"1";"2";"autoroute A1 pk 98+600 sens Lille vers PARIS";"49,6709050";"2,7702280"
"202000022622";"11";"7";"2020";"15:40";"1";"59";"59523";"2";"3";"1";"3";"2291 rue de Lille";"50,5894920";"3,1569840"
"202000022623";"7";"7";"2020";"02:15";"3";"13";"13070";"1";"1";"1";"4";"A50-Sens Marseille vers Aubagne";"43,2848500";"5,5183500"
"202000022624";"26";"6";"2020";"01:10";"3";"13";"13117";"1";"1";"1";"6";"A7-Sens Lyon vers Marseille";"43,4463760";"5,2426890"
"202000022625";"7";"7";"2020";"19:45";"1";"38";"38544";"2";"9";"1";"3";"Boulevard Georges Pompidou";"45,5222300";"4,8689800"
"202000022626";"9";"7";"2020";"18:40";"1";"69";"69266";"1";"1";"1";"2";"RD383   3.750 A 7.640";"45,7686900";"4,9039800"
"202000022627";"9";"7";"2020";"18:00";"1";"42";"42218";"1";"1";"1";"4";"A72";"45,4501400";"4,4205300"
"202000022628";"10";"7";"2020";"10:40";"1";"33";"33003";"1";"1";"1";"4";"AUTOROUTE A 10";"44,9316200";" -0,4686500"
"202000022629";"10";"7";"2020";"07:44";"1";"33";"33192";"1";"1";"1";"3";"ROCADE A 630";"44,7886700";" -0,6016000"
"202000022630";"10";"7";"2020";"19:20";"1";"91";"91645";"1";"1";"1";" -1";"RN 385 Extèrieure";"48,7596892";"2,2671423"
"202000022631";"10";"7";"2020";"16:40";"1";"91";"91689";"1";"1";"1";"2";"AUTOROUTE A6A";"48,7470000";"2,3259000"
"202000022632";"10";"7";"2020";"10:30";"1";"94";"94034";"1";"1";"1";" -1";"AUTOROUTE A6A";"48,7533000";"2,3313000"
"202000022633";"10";"7";"2020";"11:50";"1";"92";"92019";"1";"1";"1";"2";"RN 385 INT";"48,7764800";"2,2351800"
"202000022634";"10";"7";"2020";"07:10";"1";"78";"78646";"1";"1";"1";"6";"RN12";"48,7926130";"2,0890580"
"202000022635";"10";"7";"2020";"19:45";"1";"93";"93010";"1";"1";"1";"3";"AUTOROUTE A3";"48,9145600";"2,4773300"
"202000022636";"10";"7";"2020";"09:00";"1";"93";"93048";"1";"1";"1";"2";"AUTOROUTE A3";"48,8724800";"2,4341900"
"202000022637";"10";"7";"2020";"08:00";"1";"92";"92036";"1";"1";"1";"2";"AUTOROUTE A15";"48,9423131";"2,2896154"
"202000022638";"10";"7";"2020";"18:30";"1";"77";"77514";"1";"1";"1";"2";"A104";"48,9486270";"2,6289112"
"202000022639";"9";"7";"2020";"00:40";"3";"93";"93051";"1";"1";"1";"3";"A4";"48,8346000";"2,5807700"
"202000022640";"16";"3";"2020";"14:30";"1";"87";"87085";"2";"1";"1";"6";"BEAUBREUIL (AVENUE DE)";"45,8811900";"1,2941200"
"202000022641";"10";"2";"2020";"07:29";"2";"87";"87114";"2";"1";"1";"4";"CROIX-FINOR (AVENUE)";"45,8351200";"1,3134900"
"202000022642";"9";"7";"2020";"12:28";"1";"988";"98818";"2";"1";"1";"3";"ROUTE DE L'AQUARIUM - RUE M. LAUBREAU";" -22,3023000";"166,4384100"
"202000022643";"9";"7";"2020";"21:10";"5";"974";"97416";"2";"1";"2";"1";"PRESIDENT MITTERAND(AVENUE)";" -21,3432200";"55,4819900"
"202000022644";"9";"7";"2020";"15:45";"1";"974";"97416";"2";"1";"1";"6";"PRESIDENT MITTERAND(AVENUE)";" -21,3414800";"55,4790300"
"202000022645";"9";"7";"2020";"14:16";"1";"974";"97416";"1";"1";"1";"6";"Rue Théodore Thomas";" -21,3245400";"55,4835500"
"202000022646";"8";"7";"2020";"15:10";"1";"974";"97416";"1";"1";"1";"4";"RN1";" -21,3021000";"55,4256100"
"202000022647";"9";"7";"2020";"19:39";"5";"973";"97302";"2";"1";"1";"3";"MANGO (ROUTE)";"4,9317170";" -52,3174310"
"202000022648";"8";"7";"2020";"07:30";"1";"973";"97302";"2";"2";"1";"3";"PREVOT (ERNEST)";"4,9330000";" -52,3328000"
"202000022649";"5";"7";"2020";"21:05";"5";"973";"97302";"2";"1";"1";"3";"FLAMBOYANTS (RUE DES)";"4,9219899";" -52,3218083"
"202000022650";"9";"7";"2020";"21:10";"1";"69";"69387";"2";"2";"1";"3";"MARC BLOCH                          (R )";"45,7469900";"4,8456400"
"202000022651";"9";"7";"2020";"12:30";"1";"69";"69383";"2";"2";"1";"3";"GAMBETTA                            (CO)";"45,7553032";"4,8430689"
"202000022652";"9";"7";"2020";"10:19";"1";"69";"69259";"2";"8";"1";"3";"JEAN CAGNE                          (AV)";"45,6951200";"4,8734900"
"202000022653";"9";"7";"2020";"08:30";"1";"69";"69388";"2";"1";"1";"3";"JEAN XXIII                          (BD)";"45,7399400";"4,8738300"
"202000022654";"8";"7";"2020";"10:58";"1";"69";"69383";"2";"2";"1";"6";"ANTOINE CHARIAL                     (R )";"45,7582565";"4,8659059"
"202000022655";"9";"7";"2020";"14:50";"1";"972";"97213";"2";"1";"1";"3";"ROUTE DEPARTEMENTALE 3";"14,6491500";" -60,9888400"
"202000022656";"9";"7";"2020";"05:40";"2";"69";"69381";"2";"3";"1";"3";"ALGERIE (D')                        (R )";"45,7673000";"4,8307400"
"202000022657";"9";"7";"2020";"21:56";"5";"2B";"2B037";"2";"1";"1";"2";"TOUTES RUES";"42,6194200";"9,4371000"
"202000022658";"9";"7";"2020";"16:15";"1";"2B";"2B033";"2";"1";"1";"4";"11 - RT";"42,7014000";"9,4524000"
"202000022659";"9";"7";"2020";"17:15";"1";"95";"95598";"2";"1";"1";"6";"COURSES   AVENUE DES";"48,9795450";"2,2943900"
"202000022660";"9";"7";"2020";"19:55";"1";"91";"91691";"2";"2";"1";"3";"RAYMOND POINCARE(RUE)";"48,7099300";"2,4989500"
"202000022661";"9";"7";"2020";"08:58";"1";"91";"91521";"2";"1";"1";"6";"FONTAINE (RUE DE LA)";"48,6502100";"2,4077000"
"202000022662";"9";"7";"2020";"02:05";"5";"91";"91479";"2";"1";"1";"3";"FONTAINEBLEAU (ROUTE DE)";"48,7300000";"2,3649000"
"202000022663";"6";"7";"2020";"15:20";"1";"86";"86158";"1";"1";"1";"2";"D30";"46,6051110";"0,3069450"
"202000022664";"8";"7";"2020";"16:15";"1";"85";"85194";"2";"1";"1";"7";"Rue Elisa Deroche";"46,4909500";" -1,7196600"
"202000022665";"8";"7";"2020";"10:30";"1";"83";"83069";"2";"2";"1";"3";"GERARD (ALLEE EMILE)";"43,0730400";"6,1527000"
"202000022666";"9";"7";"2020";"10:45";"1";"81";"81021";"2";"2";"1";"3";"MAAST (JACQUES)";"43,5059600";"2,3669100"
"202000022667";"22";"6";"2020";"15:50";"1";"78";"78335";"2";"3";"1";"1";"Boulevard aristide briand";"48,9980580";"1,7389740"
"202000022668";"9";"7";"2020";"16:50";"1";"72";"72181";"2";"1";"1";"3";"RHIN ET DANUBE (AV) N° PAIRS 2 A 192";"47,9961200";"0,2076000"
"202000022669";"8";"7";"2020";"17:55";"1";"71";"71306";"2";"2";"1";"3";"CHAVANNES (RUE DES)";"46,6559668";"4,3347636"
"202000022670";"8";"7";"2020";"16:05";"1";"71";"71059";"2";"9";"1";"3";"CHARLEVILLE (RUE DE)";"46,8052114";"4,4740555"
"202000022671";"8";"7";"2020";"11:40";"1";"71";"71153";"2";"1";"1";"3";"YSER (RUE DE L')";"46,8057487";"4,4389620"
"202000022672";"7";"7";"2020";"09:50";"1";"68";"68376";"2";"2";"1";"3";"MINES (RUE DES)";"47,7985400";"7,3133700"
"202000022673";"6";"7";"2020";"20:55";"2";"67";"67482";"2";"1";"7";"6";"ROMAINS (ROUTE DES)";"48,5789665";"7,6997105"
"202000022674";"6";"7";"2020";"20:30";"2";"67";"67218";"2";"8";"1";"3";"ALFRED KASTLER (ROUTE)";"48,5431731";"7,7363168"
"202000022675";"8";"7";"2020";"14:08";"1";"65";"65226";"2";"1";"1";"1";"OURS (CHEMIN DE L')";"43,2383050";"0,0098330"
"202000022676";"9";"7";"2020";"12:15";"1";"64";"64260";"2";"1";"1";"3";"LECLERC (BOULEVARD DU GENERAL)";"43,3690390";" -1,7712920"
"202000022677";"9";"7";"2020";"16:15";"1";"64";"64445";"2";"3";"1";"1";"BUROS DE";"43,3259400";" -0,3424500"
"202000022678";"8";"7";"2020";"22:35";"5";"64";"64122";"2";"1";"1";"7";"COTE DES BASQUES (PERSPECTIVE DE LA";"43,4815700";" -1,5684300"
"202000022679";"8";"7";"2020";"15:35";"1";"64";"64102";"2";"2";"1";"3";"PELLOT (RUE DU CAPITAINE)";"43,4927000";" -1,4646000"
"202000022680";"5";"7";"2020";"21:05";"2";"62";"62744";"2";"1";"1";"6";"Rue du 8 Mai 1945";"50,2991823";"2,7533932"
"202000022681";"2";"7";"2020";"00:20";"5";"59";"59009";"2";"2";"1";"3";"SCIENCES PONT DES";"50,6201200";"3,1353900"
"202000022682";"8";"7";"2020";"21:20";"2";"59";"59350";"2";"1";"8";"3";"LEGRAND PIERRE RUE";"50,6308100";"3,0961700"
"202000022683";"4";"7";"2020";"14:20";"1";"58";"58194";"2";"1";"1";"7";"EMILE BERTHELOT (IMPASSE)";"46,9867000";"3,1365000"
"202000022684";"8";"7";"2020";"09:30";"1";"56";"56121";"2";"6";"1";"7";"KERGUESTENEN (RUE  DE )";"47,7484500";" -3,3962600"
"202000022685";"8";"7";"2020";"09:10";"1";"56";"56083";"2";"3";"1";"3";"LIBERATION ( AV. DE LA )";"47,8044800";" -3,2773100"
"202000022686";"4";"7";"2020";"22:20";"5";"54";"54528";"2";"2";"1";"3";"VICTOR HUGO (AVENUE)";"48,6754700";"5,8842200"
"202000022687";"8";"7";"2020";"10:20";"1";"54";"54357";"2";"1";"1";"4";"METZ (ROUTE DE)";"48,7197100";"6,1713100"
"202000022688";"9";"7";"2020";"15:25";"1";"51";"51454";"2";"1";"1";"7";"Rue Géruzez";"49,2633277";"4,0171711"
"202000022689";"8";"7";"2020";"10:35";"1";"51";"51454";"2";"1";"1";"1";"Boulevard Robespierre";"49,2697980";"4,0307063"
"202000022690";"7";"7";"2020";"22:00";"5";"50";"50129";"2";"1";"1";"3";"PARIS (AVENUE DE)";"49,6286000";" -1,6181000"
"202000022691";"8";"7";"2020";"09:46";"1";"49";"49267";"2";"1";"1";"3";"BEAUFORT ROUTE";"47,4707000";" -0,4528600"
"202000022692";"7";"7";"2020";"15:58";"1";"49";"49007";"2";"1";"1";"3";"COPERNIC";"47,4820300";" -0,5223200"
"202000022693";"9";"7";"2020";"18:50";"1";"45";"45338";"2";"9";"1";"3";"BUISSON (RUE DU)";"47,9865000";"2,7121000"
"202000022694";"9";"7";"2020";"21:50";"1";"44";"44109";"2";"1";"1";"6";"WILSON ( QUAI PRESIDENT )";"47,1995900";" -1,5650000"
"202000022695";"20";"5";"2020";"02:52";"5";"44";"44109";"2";"1";"1";"6";"RUE DE LA SOUILLARDERIE";"47,2397600";" -1,5168500"
"202000022696";"8";"7";"2020";"11:30";"1";"42";"42071";"2";"1";"7";"6";"Rue Carnot";"46,0315400";"4,0827700"
"202000022697";"23";"6";"2020";"17:00";"1";"42";"42270";"1";"1";"1";"1";"Route des Gorges";"45,3967900";"4,2355300"
"202000022698";"9";"7";"2020";"17:49";"1";"37";"37122";"2";"2";"1";" -1";"BRETONNIERES (BOULEVARD DES)";"47,3423264";"0,6223529"
"202000022699";"9";"7";"2020";"18:43";"1";"37";"37233";"2";"2";"1";"3";"DESPOUY (RUE RENE)";"47,3921561";"0,7298796"
"202000022700";"8";"7";"2020";"18:26";"1";"37";"37261";"2";"1";"1";" -1";"CHOISEUL (PLACE)";"47,4013394";"0,6837112"
"202000022701";"9";"7";"2020";"08:00";"1";"37";"37122";"2";"2";"1";"1";"MARTYRS (RUE DES)";"47,3510916";"0,6652023"
"202000022702";"8";"7";"2020";"17:40";"1";"37";"37208";"2";"4";"1";"1";"GRAND COUR (RUE DE)";"47,3641555";"0,7154960"
"202000022703";"19";"2";"2020";"17:37";"1";"49";"49007";"2";"1";"8";"6";"PREFECTURE MAIL";"47,4688800";" -0,5535700"
"202000022704";"20";"2";"2020";"09:30";"1";"44";"44172";"1";"1";"8";"6";"PERIPHERIQUE";"47,2352100";" -1,4780700"
"202000022705";"19";"2";"2020";"12:25";"1";"42";"42187";"2";"6";"1";"3";"Avenue de Paris";"46,0480595";"4,0686254"
"202000022706";"20";"2";"2020";"16:50";"1";"41";"41018";"2";"3";"1";"3";"VENDOME (AVENUE DE)";"47,6000000";"1,3197800"
"202000022707";"20";"2";"2020";"11:50";"1";"35";"35238";"2";"2";"1";"3";"NEMOURS ( DE)";"48,1086100";" -1,6801500"
"202000022708";"19";"2";"2020";"15:00";"1";"35";"35051";"1";"1";"1";"6";"RN136 Porte des Longs Champs";"48,1403572";" -1,6286862"
"202000022709";"20";"2";"2020";"21:40";"5";"34";"34172";"2";"6";"1";"3";"PRES D'ARENES (ROND-POINT DES)";"43,5889795";"3,8896474"
"202000022710";"19";"2";"2020";"19:00";"2";"34";"34172";"2";"1";"1";"6";"GARRATS (AVENUE DES)";"43,6111137";"3,8389385"
"202000022711";"21";"2";"2020";"00:15";"5";"33";"33063";"2";"3";"2";"7";"AVE DU DOCTEUR SCHINAZI / RUE EDOUARD FAURE";"44,8850600";" -0,5415500"
"202000022712";"20";"2";"2020";"20:30";"5";"33";"33039";"2";"2";"1";"3";"BD ALBERT 1ER / RUE LEON BLUM";"44,8128500";" -0,5612900"
"202000022713";"20";"2";"2020";"18:20";"5";"33";"33069";"2";"3";"1";"3";"AVE VICTOR HUGO / RUE BOILEAU";"44,8674900";" -0,5905900"
"202000022714";"20";"2";"2020";"09:52";"1";"33";"33192";"2";"6";"1";"6";"BD DE MALARTIC / ALL DE BARTHEZ";"44,7710800";" -0,6004500"
"202000022715";"14";"2";"2020";"10:10";"1";"33";"33318";"2";"2";"1";"6";"AVE DE MADRAN / AVE DU PONT DE L'ORIENT";"44,8055500";" -0,6492300"
"202000022716";"13";"2";"2020";"12:00";"1";"33";"33063";"2";"4";"1";"6";"Rue Huguerie / Crs Georges Clémenceau";"44,8448700";" -0,5782300"
"202000022717";"20";"2";"2020";"15:30";"1";"32";"32013";"2";"2";"1";"2";"PYRENEES (AVENUE DES)";"43,6352300";"0,5831600"
"202000022718";"19";"2";"2020";"22:10";"5";"31";"31555";"2";"3";"1";"3";"RUE CAMBARD";"43,6290500";"1,4763300"
"202000022719";"21";"1";"2020";"16:45";"1";"29";"29019";"2";"1";"1";"6";"2 Avenue Maréchal Foch";"48,3926742";" -4,4876052"
"202000022720";"20";"2";"2020";"20:50";"5";"28";"28134";"2";"9";"2";"6";"BOIS DES FOSSE (RUE DU)";"48,7315000";"1,3696000"
"202000022721";"20";"2";"2020";"15:50";"1";"27";"27681";"2";"9";"8";"6";"LECLERC (BOULEVARD DU MARECHAL)";"49,0953000";"1,4864000"
"202000022722";"20";"2";"2020";"14:50";"1";"26";"26198";"2";"1";"1";"6";"JAURES (Avenue Jean)";"44,5514000";"4,7477600"
"202000022723";"19";"2";"2020";"08:20";"1";"21";"21231";"2";"3";"8";"6";"STRASBOURG (DE) (BOULEVARD)";"47,3215900";"5,0539630"
"202000022724";"18";"2";"2020";"08:00";"1";"19";"19031";"2";"2";"1";"3";"VOLTAIRE (BOULEVARD)";"45,1590200";"1,5405500"
"202000022725";"20";"2";"2020";"09:00";"1";"17";"17415";"1";"1";"5";"4";"Rn 137 - ROCADE OUEST";"45,7251300";" -0,6429000"
"202000022726";"20";"2";"2020";"17:05";"1";"17";"17300";"2";"1";"1";"2";"SCIERIE   RUE DE LA";"46,1482910";" -1,1533370"
"202000022727";"20";"2";"2020";"17:45";"1";"14";"14118";"2";"1";"1";"6";"HAMELIN (QUAI AMIRAL)";"49,1776600";" -0,3487800"
"202000022728";"20";"2";"2020";"12:30";"1";"13";"13210";"2";"1";"1";"6";"PONT DE VIVAUX (BOULEVARD)";"43,2810000";"5,4210000"
"202000022729";"20";"2";"2020";"09:50";"1";"13";"13205";"2";"1";"1";"3";"BAILLE (BOULEVARD)";"43,2889000";"5,3956600"
"202000022730";"18";"2";"2020";"16:40";"1";"13";"13028";"2";"3";"1";"3";"CD.559";"43,1945784";"5,5996531"
"202000022731";"18";"2";"2020";"11:25";"1";"13";"13005";"1";"3";"1";"4";"NATIONALE 8";"43,2848000";"5,5921100"
"202000022732";"19";"2";"2020";"12:10";"1";"11";"11262";"2";"1";"1";"2";"BORDEAUX (AVENUE DE)";"43,1813519";"2,9760675"
"202000022733";"20";"2";"2020";"06:35";"5";"06";"06088";"2";"3";"1";"1";"LYAUTEY (AV. DU MAL)";"43,7194500";"7,2836800"
"202000022734";"19";"2";"2020";"17:14";"1";"75";"75118";"2";"2";"2";"6";"RUE MYRHA";"48,8867160";"2,3507460"
"202000022735";"19";"2";"2020";"18:25";"5";"75";"75116";"2";"2";"2";"6";"AVENUE DE MALAKOFF";"48,8750900";"2,2839910"
"202000022736";"19";"2";"2020";"01:30";"5";"75";"75114";"2";"2";"3";"3";"RUE D ALESIA";"48,8292990";"2,3226510"
"202000022737";"20";"2";"2020";"18:48";"5";"75";"75113";"2";"1";"3";"6";"RUE DE TOLBIAC";"48,8261570";"2,3567920"
"202000022738";"19";"2";"2020";"21:58";"5";"75";"75108";"2";"3";"2";"7";"AVENUE DE FRIEDLAND";"48,8743980";"2,3010510"
"202000022739";"20";"2";"2020";"11:20";"1";"75";"75104";"2";"3";"1";"3";"QUAI DE L HOTEL DE VILLE";"48,8550020";"2,3535470"
"202000022740";"19";"2";"2020";"22:30";"5";"75";"75102";"2";"5";"1";"7";"AVENUE DE L OPERA";"48,8687780";"2,3331060"
"202000022741";"5";"2";"2020";"20:50";"5";"75";"75101";"2";"2";"1";"3";"PONT DU CARROUSEL";"48,8601190";"2,3333470"
"202000022742";"19";"2";"2020";"10:15";"1";"94";"94081";"2";"3";"1";"3";"ABBE ROGER DERRY (AV DE L)";"48,7907000";"2,3927900"
"202000022743";"19";"2";"2020";"02:45";"3";"94";"94074";"2";"1";"3";"3";"HENRI BARBUSSE (AV)";"48,7690600";"2,4406700"
"202000022744";"20";"2";"2020";"18:35";"3";"94";"94046";"2";"1";"3";"6";"CARNOT (R)";"48,8025100";"2,4380600"
"202000022745";"18";"2";"2020";"13:10";"1";"94";"94041";"2";"3";"1";"3";"STALINGRAD (BD DE)";"48,8015000";"2,3795200"
"202000022746";"20";"2";"2020";"10:00";"1";"94";"94077";"2";"1";"8";"2";"LE FOLL (AV)";"48,7283660";"2,4327960"
"202000022747";"6";"2";"2020";"12:00";"1";"94";"94077";"2";"6";"1";"7";"CHARLEMAGNE (PL)";"48,7378500";"2,4238670"
"202000022748";"20";"2";"2020";"12:45";"1";"94";"94017";"2";"1";"1";"6";"STALINGRAD (BD DE)";"48,8279700";"2,4940200"
"202000022749";"20";"2";"2020";"19:10";"5";"93";"93061";"2";"1";"3";"6";"R D'ESTIENNE D'ORVES ";"48,8855200";"2,4031400"
"202000022750";"20";"2";"2020";"13:00";"1";"93";"93047";"2";"2";"1";"3";"AV DES MYOSOTIS / AV DES CHARMILLES";"48,8924000";"2,5488300"
"202000022751";"20";"2";"2020";"19:00";"5";"92";"92076";"2";"1";"3";"6";"JARDY";"48,8354185";"2,1548371"
"202000022752";"19";"2";"2020";"18:30";"5";"92";"92063";"2";"3";"2";"3";"EMPEREUR (ROUTE DE L') EST";"48,8629650";"2,1825620"
"202000022753";"18";"2";"2020";"11:40";"1";"92";"92063";"2";"1";"1";"6";"DIX-HUIT JUIN 1940 (AVENUE DU) EST";"48,8679852";"2,1936205"
"202000022754";"17";"2";"2020";"18:10";"2";"92";"92063";"2";"3";"1";"6";"ALBERT 1ER (AVENUE)";"48,8811500";"2,1789400"
"202000022755";"20";"2";"2020";"06:00";"5";"92";"92020";"2";"1";"1";"6";"VANVES BOULEVARD N° IMPAIRS";"48,8087910";"2,2837450"
"202000022756";"20";"2";"2020";"08:30";"1";"92";"92048";"2";"4";"1";"3";"JEAN JAURES (AVENUE) N° 8 A 72";"48,8098000";"2,2427000"
"202000022757";"20";"2";"2020";"09:10";"1";"92";"92004";"2";"1";"1";"2";"LAURENT-CELY  ( AVENUE )";"48,9163910";"2,3091560"
"202000022758";"19";"2";"2020";"22:45";"5";"22";"22213";"2";"1";"2";"6";"LA CALE DU MOULIN";"48,5273060";" -1,9824960"
"202000022759";"18";"2";"2020";"18:00";"2";"62";"62492";"1";"1";"6";"7";"D130";"50,4614620";"1,9604940"
"202000022760";"20";"2";"2020";"18:15";"1";"35";"35253";"1";"9";"1";"4";"A84 Saint-Aubin-du-Cormier";"48,2661410";" -1,4075800"
"202000022761";"16";"2";"2020";"08:00";"1";"974";"97413";"2";"1";"1";"7";"Rue du General Lambert";" -21,1694600";"55,2880630"
"202000022762";"11";"1";"2020";"16:30";"1";"72";"72231";"1";"1";"1";"6";"la maison neuve";"47,9369610";"0,3923750"
"202000022763";"21";"2";"2020";"17:15";"1";"30";"30217";"1";"9";"1";"2";"D26";"43,9804710";"4,7228310"
"202000022764";"21";"2";"2020";"15:44";"1";"69";"69100";"2";"1";"1";"6";"96 Rue du Marjolet";"45,6877000";"4,8209000"
"202000022765";"20";"2";"2020";"18:20";"5";"57";"57540";"2";"1";"1";"2";"Route de Sarrebourg";"48,7676570";"7,2528860"