"Num_Acc";"jour";"mois";"an";"hrmn";"lum";"dep";"com";"agg";"int";"atm";"col";"adr";"lat";"long"
"202000022766";"21";"2";"2020";"15:45";"1";"19";"19261";"2";"1";"1";"6";"8 Rue Jean Giraudoux";"45,6647310";"2,1955920"
"202000022767";"20";"2";"2020";"13:20";"1";"74";"74099";"2";"1";"1";"6";"449 Route des Chozeaux";"45,8684140";"6,6380820"
"202000022768";"21";"2";"2020";"15:00";"1";"76";"76017";"2";"1";"1";"7";"Rue du Calvaire";"49,6331980";"0,2379390"
"202000022769";"20";"2";"2020";"17:45";"2";"76";"76716";"1";"2";"2";"3";"Route de Criquetot";"49,6174080";"0,2399020"
"202000022770";"20";"2";"2020";"20:25";"3";"79";"79066";"1";"1";"1";"2";"N/A";"46,4820110";" -0,3580630"
"202000022771";"12";"2";"2020";"19:05";"3";"24";"24030";"1";"1";"1";" -1";"A89";"45,1607980";"1,2223150"
"202000022772";"2";"2";"2020";"16:15";"1";"69";"69168";"2";"1";"2";" -1";"Chemin du Train Bleu";"45,8392337";"4,8342713"
"202000022773";"16";"2";"2020";"14:50";"1";"32";"32256";"2";"3";"1";"3";"19 Place d'Astarac";"43,5146270";"0,4044230"
"202000022774";"16";"2";"2020";"16:55";"1";"11";"11263";"2";"1";"1";"6";"D117";"42,8967470";"2,1102310"
"202000022775";"20";"2";"2020";"19:15";"3";"11";"11288";"1";"1";"1";"1";"Lotissement Beau Soleil";"43,2573230";"2,2569820"
"202000022776";"20";"2";"2020";"19:50";"3";"89";"89333";"1";"1";"1";"7";"D954";"47,4869040";"4,0645980"
"202000022777";"20";"2";"2020";"20:35";"3";"55";"55291";"2";"1";"3";"6";"175 Rue du Général de Gaulle";"48,6773290";"5,3256390"
"202000022778";"20";"2";"2020";"03:30";"3";"49";"49018";"1";"1";"1";"6";"La Lande d'Alibon (Fougeré)";"47,5488300";" -0,1377210"
"202000022779";"20";"2";"2020";"18:00";"1";"12";"12215";"1";"1";"1";"7";"Lieu-dit Glassac";"44,4617440";"2,3940160"
"202000022780";"17";"2";"2020";"15:30";"1";"35";"35297";"2";"4";"1";"2";"10 Rue Louison Bobet";"48,1872840";" -2,1909840"
"202000022781";"20";"2";"2020";"18:30";"2";"29";"29090";"1";"1";"1";"6";"Lieu Dit le Rohou";"48,0758932";" -4,2518867"
"202000022782";"21";"2";"2020";"18:25";"3";"38";"38080";"1";"1";"1";"3";"Rue de Ronceveau";"45,5302600";"5,5832360"
"202000022783";"21";"2";"2020";"06:45";"2";"70";"70408";"2";"7";"1";"6";"Place des Promenades";"47,2788870";"5,5648170"
"202000022784";"20";"2";"2020";"16:30";"1";"70";"70119";"2";"2";"7";"3";"1 Rue du Chanois";"47,3365250";"5,9074260"
"202000022785";"21";"2";"2020";"16:45";"1";"72";"72090";"1";"1";"1";"2";"lieu-dit l'epinay";"48,0540890";"0,4808020"
"202000022786";"20";"2";"2020";"18:32";"2";"06";"06150";"1";"3";"1";"1";"Route de Laghet";"43,7476530";"7,3887400"
"202000022787";"20";"2";"2020";"17:30";"1";"14";"14449";"1";"3";"1";"3";"D6";"49,1230930";" -0,6294420"
"202000022788";"20";"2";"2020";"20:00";"3";"05";"05056";"1";"1";"1";"7";"HAMEAU DE MANSE";"44,6317916";"6,1342305"
"202000022789";"21";"2";"2020";"07:35";"2";"60";"60254";"1";"9";"1";"3";"D1017";"49,4436130";"2,6475672"
"202000022790";"21";"2";"2020";"14:20";"1";"18";"18138";"1";"3";"1";"3";"La Petite Riviere";"47,1074970";"2,2481470"
"202000022791";"20";"2";"2020";"16:55";"1";"43";"43152";"1";"1";"1";"6";"Route de Blanzac";"45,0731060";"3,8636690"
"202000022792";"18";"2";"2020";"10:10";"1";"16";"16362";"1";"1";"1";"6";"D19";"45,3855507";"0,2038744"
"202000022793";"21";"2";"2020";"06:40";"3";"53";"53126";"1";"1";"8";"2";"D31";"48,3469800";" -0,9667970"
"202000022794";"21";"2";"2020";"03:50";"3";"49";"49177";"1";"1";"1";"6";"RD763 PR 1.615";"47,3506870";" -1,1675280"
"202000022795";"21";"2";"2020";"01:25";"3";"10";"10213";"1";"1";"1";"2";"A5";"48,1736410";"4,4542690"
"202000022796";"20";"2";"2020";"22:15";"3";"01";"01355";"1";"1";"1";"6";"A40";"46,2737740";"5,0071130"
"202000022797";"20";"2";"2020";"13:17";"1";"06";"06085";"1";"1";"1";" -1";"Route d'Antibes";"43,6014100";"7,0335040"
"202000022798";"20";"2";"2020";"20:20";"3";"83";"83061";"1";"1";"1";" -1";"Autoroute A8 chaussée nord";"43,5215743";"6,7740941"
"202000022799";"20";"2";"2020";"16:30";"1";"44";"44072";"1";"1";"1";"1";"Route de la Roche Bernard";"47,4992820";" -2,2988360"
"202000022800";"21";"2";"2020";"16:22";"1";"60";"60281";"1";"1";"1";"2";"A1";"49,4867510";"2,7136230"
"202000022801";"17";"2";"2020";"09:30";"1";"45";"45142";"2";"2";"1";"3";"D11 PR 17 + 370";"47,9294968";"2,1387237"
"202000022802";"20";"2";"2020";"19:55";"5";"13";"13100";"2";"1";"1";"6";"Boulevard Victor Hugo";"43,7883640";"4,8330460"
"202000022803";"21";"2";"2020";"16:30";"1";"42";"42147";"2";"6";"1";"3";"Rue de Feurs";"45,6117248";"4,0677426"
"202000022804";"18";"2";"2020";"18:50";"5";"38";"38537";"2";"1";"1";"6";"Rue de la République";"45,6361230";"5,1447130"
"202000022805";"20";"2";"2020";"19:35";"5";"69";"69228";"1";"1";"1";"6";"Route de Lyon";"45,5483901";"4,6378935"
"202000022806";"17";"2";"2020";"05:50";"5";"69";"69273";"2";"1";"1";"1";"13 Avenue de Montmartin";"45,6757820";"4,9221110"
"202000022807";"21";"2";"2020";"16:50";"1";"31";"31417";"1";"1";"1";"1";"Route de Cornebarrieu";"43,6254010";"1,2887370"
"202000022808";"20";"2";"2020";"05:20";"3";"17";"17161";"1";"1";"1";"6";"RD 735 - Route de Saint Martin";"46,1944930";" -1,3475900"
"202000022809";"13";"2";"2020";"17:30";"1";"33";"33366";"2";"3";"1";"6";"RD1010 / Allée des Fougères";"45,0042300";" -0,4373200"
"202000022810";"20";"2";"2020";"14:20";"1";"33";"33449";"2";"1";"1";"6";"RUE DU GENERAL NIOX";"44,8906645";" -0,7706441"
"202000022811";"20";"2";"2020";"19:21";"3";"50";"50489";"1";"1";"1";"1";"La Valaiserie";"48,7325310";" -1,3491300"
"202000022812";"20";"2";"2020";"16:40";"1";"62";"62003";"2";"1";"2";"3";"Rue Roger Marechal";"50,3828870";"2,8842310"
"202000022813";"20";"2";"2020";"05:50";"3";"13";"13005";"1";"1";"1";"4";"A50-Sens Marseille vers Aubagne";"43,2870179";"5,5401376"
"202000022814";"20";"2";"2020";"16:26";"1";"67";"67389";"1";"1";"1";"2";"Autoroute A.4";"48,6493431";"7,7342603"
"202000022815";"18";"2";"2020";"16:00";"1";"95";"95682";"1";"1";"1";"2";"RN 104";"49,0685400";"2,3862600"
"202000022816";"20";"2";"2020";"19:20";"3";"77";"77294";"1";"1";"2";" -1";"A104";"48,9651370";"2,6087880"
"202000022817";"20";"2";"2020";"17:40";"1";"77";"77146";"1";"1";"1";"2";"A4.Y";"48,8311260";"2,6408420"
"202000022818";"1";"2";"2020";"22:48";"5";"94";"94028";"1";"1";"2";"2";"A86 INT";"48,7826937";"2,4408609"
"202000022819";"19";"2";"2020";"12:20";"1";"973";"97302";"2";"1";"2";"2";"CATAYEE (JUSTIN)";"4,9407653";" -52,3309279"
"202000022820";"19";"2";"2020";"09:45";"1";"973";"97302";"2";"1";"2";"6";"RUE DU VIEUX PORT";"4,9365699";" -52,3371506"
"202000022821";"19";"2";"2020";"18:50";"5";"69";"69388";"2";"2";"2";"3";"ETATS UNIS (DES)                    (BD)";"45,7292500";"4,8678000"
"202000022822";"7";"1";"2020";"17:30";"5";"69";"69382";"2";"2";"1";"3";"PERRACHE                            (QU)";"45,7343575";"4,8181827"
"202000022823";"18";"2";"2020";"17:10";"1";"69";"69385";"2";"1";"1";"6";"COMMANDANT CHARCOT (DU)             (R )";"45,6849700";"4,9374400"
"202000022824";"18";"2";"2020";"20:00";"5";"971";"97101";"1";"1";"1";"1";"ROUTE DE BOULIQUI";"16,2691860";" -61,5031940"
"202000022825";"18";"2";"2020";"17:10";"1";"971";"97113";"1";"1";"1";"2";"RN4-ROND POINT SAINT FELIX";"16,2074905";" -61,4565700"
"202000022826";"17";"2";"2020";"13:20";"1";"971";"97101";"1";"1";"1";"1";"ROUTE DE CHAZEAU";"16,2827000";" -61,4857800"
"202000022827";"13";"2";"2020";"19:15";"5";"95";"95268";"2";"1";"8";"6";"AV DU GENERAL DE GAULLE";"48,9705215";"2,4030850"
"202000022828";"18";"2";"2020";"12:50";"1";"91";"91345";"2";"1";"1";"3";"PRESIDENT FRANCOIS MITTERAND";"48,6985600";"2,2955700"
"202000022829";"19";"2";"2020";"15:10";"1";"91";"91027";"2";"1";"8";"3";"EUROPE (AVENUE DE L')";"48,7253800";"2,4109300"
"202000022830";"17";"2";"2020";"09:05";"1";"79";"79191";"2";"1";"2";"7";"131 Av du Mal de Lattre de Tassigny";"46,3344300";" -0,4720100"
"202000022831";"18";"2";"2020";"16:20";"1";"79";"79191";"2";"1";"1";"6";"20 Rue des Fiefs";"46,3154500";" -0,4418600"
"202000022832";"18";"2";"2020";"13:35";"1";"78";"78640";"2";"1";"1";"6";"EUROPE (AVENUE DE L')";"48,7793110";"2,2086620"
"202000022833";"19";"2";"2020";"18:45";"5";"78";"78440";"2";"1";"2";"6";"PAUL RAOULT (AVENUE)";"48,9904048";"1,9136374"
"202000022834";"19";"2";"2020";"09:10";"1";"77";"77294";"2";"1";"1";"6";"JEAN CAILLE (RUE) - RD139E";"48,9751470";"2,6419658"
"202000022835";"19";"2";"2020";"10:35";"1";"77";"77294";"2";"6";"1";"2";"PIERRE CURIE (RUE)";"48,9604700";"2,6010100"
"202000022836";"18";"2";"2020";"18:50";"2";"77";"77131";"1";"6";"1";"1";"REBAIS (AVENUE DE) - D222";"48,8153600";"3,1078900"
"202000022837";"17";"2";"2020";"17:25";"1";"76";"76366";"2";"2";"1";"4";"DIEPPE. ROUTE DE (EX DE GAULLE)";"49,5071600";"1,0400100"
"202000022838";"18";"2";"2020";"20:45";"5";"76";"76351";"1";"1";"1";"3";"RD 6015";"49,5002793";"0,1719618"
"202000022839";"18";"2";"2020";"11:55";"1";"71";"71040";"2";"1";"1";"7";"Route de Montchanin";"46,6981605";"4,4008527"
"202000022840";"19";"2";"2020";"18:25";"5";"69";"69266";"2";"6";"2";"6";"FRANCOIS GILLET      (Rue)";"45,7596000";"4,8754000"
"202000022841";"19";"2";"2020";"11:00";"1";"69";"69266";"2";"1";"2";"3";"FRANCIS DE PRESSENSE    (Rue)";"45,7697400";"4,8915100"
"202000022842";"19";"2";"2020";"18:50";"2";"69";"69264";"2";"1";"2";"6";"RONCEVAUX R";"45,9952682";"4,7169868"
"202000022843";"18";"2";"2020";"19:30";"5";"67";"67482";"2";"1";"1";"6";"PETITES FERMES (RUE DES)";"48,5802040";"7,7136459"
"202000022844";"18";"2";"2020";"19:42";"5";"64";"64129";"2";"3";"1";"1";"CLAVERIE";"43,3046067";" -0,3910403"
"202000022845";"7";"2";"2020";"21:15";"5";"59";"59009";"2";"3";"1";"3";"BREUCQ BOULEVARD DU";"50,6200910";"3,1350760"
"202000022846";"19";"2";"2020";"15:55";"1";"59";"59009";"2";"1";"1";"6";"VENTOUX RUE DU";"50,6194000";"3,1306000"
"202000022847";"19";"2";"2020";"07:00";"3";"56";"56121";"1";"4";"1";"6";"ROUTE DEPARTEMENTALE 465";"47,7587900";" -3,3843800"
"202000022848";"18";"2";"2020";"17:50";"1";"56";"56121";"2";"1";"1";"6";"LE COUTALLER ( RUE JEAN )";"47,7476000";" -3,3690700"
"202000022849";"18";"2";"2020";"16:30";"1";"56";"56162";"2";"4";"1";"3";"ANSE DU STOLE (RUE)";"47,7069600";" -3,4211100"
"202000022850";"19";"2";"2020";"14:50";"1";"54";"54395";"2";"2";"1";"3";"MON DESERT (RUE)";"48,6840777";"6,1765949"
"202000022851";"19";"2";"2020";"14:30";"1";"51";"51493";"1";"6";"1";"2";"Chemin de Saint Leonard";"49,2248508";"4,0967621"
"202000022852";"18";"2";"2020";"19:05";"5";"49";"49007";"2";"1";"1";"1";"Jean de la Fontaine";"47,4587200";" -0,5515800"
"202000022853";"19";"2";"2020";"11:00";"1";"45";"45234";"2";"6";"1";"6";"Boulevard Rocheplatte";"47,9074700";"1,9015600"
"202000022854";"18";"2";"2020";"17:50";"1";"41";"41226";"1";"3";"1";"5";"PARIS (ROUTE DE)";"47,8107000";"1,0738000"
"202000022855";"17";"2";"2020";"17:10";"1";"40";"40088";"2";"1";"1";"6";"COLLEGE (BOULEVARD DU)";"43,7057000";" -1,0593000"
"202000022856";"19";"2";"2020";"08:10";"1";"38";"38563";"2";"3";"2";"2";"Avenue de Verdun";"45,3741300";"5,5802200"
"202000022857";"19";"2";"2020";"20:15";"5";"35";"35238";"2";"1";"1";"6";"21 Rue Maréchal Joffre";"48,1083000";" -1,6778000"
"202000022858";"19";"2";"2020";"18:50";"5";"35";"35051";"2";"1";"1";"3";"BRAY (RUE DE)";"48,1077900";" -1,6145500"
"202000022859";"14";"2";"2020";"20:40";"3";"34";"34108";"1";"4";"1";"3";"MONTPELLIER (ROUTE DE)";"43,4735700";"3,7700100"
"202000022860";"19";"2";"2020";"19:15";"5";"33";"33069";"2";"3";"1";"6";"RUE DU PRESIDENT KENNEDY / RUE LES CEDRES BLEUS";"44,8672400";" -0,6103500"
"202000022861";"19";"2";"2020";"13:25";"1";"33";"33063";"2";"2";"1";"3";"CRS EDOUARD VAILLANT / RUE JEAN HAMEAU / CRS LOUIS FARGUE";"44,8654300";" -0,5653100"
"202000022862";"19";"2";"2020";"11:35";"1";"33";"33550";"2";"1";"1";"3";"RUE LOUIS DE FUNES";"44,7895700";" -0,5307700"
"202000022863";"12";"2";"2020";"14:25";"1";"33";"33063";"2";"1";"1";"6";"12 RUE DOCTEUR JEAN VINCENT";"44,8767500";" -0,5605400"
"202000022864";"14";"2";"2020";"21:00";"5";"30";"30189";"2";"2";"1";"3";"CITE FOULC (RUE)";"43,8322400";"4,3606300"
"202000022865";"18";"2";"2020";"10:43";"1";"29";"29019";"2";"6";"1";"6";"Rue Yves Collet";"48,3943279";" -4,4785253"
"202000022866";"19";"2";"2020";"18:55";"3";"26";"26057";"1";"9";"1";"2";"RD 538";"45,0067700";"5,0369700"
"202000022867";"19";"2";"2020";"08:45";"1";"22";"22113";"2";"1";"8";"6";"AIGUILLON (QUAI D')";"48,7311800";" -3,4601300"
"202000022868";"19";"2";"2020";"16:35";"1";"17";"17333";"2";"2";"1";"3";"LECLERC (DU MARECHAL)";"45,6045900";" -0,9990400"
"202000022869";"19";"2";"2020";"15:50";"1";"17";"17306";"2";"1";"1";"2";"GARNIER (BD FREDERIC)";"45,6238500";" -1,0323300"
"202000022870";"18";"2";"2020";"18:00";"1";"17";"17306";"2";"3";"1";"3";"ROCHEFORT (DE)  (AVENUE)";"45,6429660";" -1,0247680"
"202000022871";"19";"2";"2020";"08:20";"1";"17";"17200";"2";"6";"2";"3";"HUIT MAI 1945   AVENUE DU";"46,1903100";" -1,1472700"
"202000022872";"19";"2";"2020";"22:21";"5";"13";"13203";"2";"1";"1";"2";"BD FERDINAND DE LESSEPS";"43,3192800";"5,3689000"
"202000022873";"19";"2";"2020";"12:50";"1";"13";"13201";"2";"2";"1";"3";"LAFAYETTE (RUE)";"43,3016120";"5,3816570"
"202000022874";"19";"2";"2020";"08:45";"1";"13";"13215";"2";"1";"9";"7";"DE SAINT LOUIS AU ROVE (chemin)";"43,3470000";"5,3580000"
"202000022875";"19";"2";"2020";"08:15";"1";"13";"13209";"2";"1";"1";"3";"SCHLOESING (BOULEVARD)";"43,2699000";"5,4028000"
"202000022876";"18";"2";"2020";"18:00";"2";"13";"13002";"1";"1";"1";"7";"SALVATORE ALLENDE (BOULEVARD)";"43,3519200";"5,4772600"
"202000022877";"18";"2";"2020";"08:40";"1";"13";"13202";"2";"4";"1";"3";"CHEMIN DU LITTORAL (CHEMIN DU)";"43,3310730";"5,3548880"
"202000022878";"18";"2";"2020";"16:35";"1";"13";"13063";"1";"6";"1";"7";"Rue de la Quenouille";"43,5883645";"4,9940428"
"202000022879";"19";"2";"2020";"21:15";"5";"13";"13005";"2";"9";"1";"3";"VERDUN (AVENUE DE)";"43,2892000";"5,5725000"
"202000022880";"19";"2";"2020";"16:15";"1";"06";"06029";"2";"1";"1";"3";"BACHAGA SAID BOUALAM (AVENUE)";"43,5530000";"7,0120000"
"202000022881";"19";"2";"2020";"14:20";"1";"06";"06030";"1";"1";"1";"3";"NOIRCARME (RUE LIEUTENANT)";"43,5731000";"7,0154000"
"202000022882";"18";"2";"2020";"09:42";"1";"05";"05061";"2";"3";"1";"3";"CLAIR LOGIS (CHEMIN  DU )";"44,5555700";"6,0790730"
"202000022883";"15";"2";"2020";"16:15";"1";"03";"03310";"2";"1";"1";"6";"Rue Georges Clémenceau";"46,1253030";"3,4226278"
"202000022884";"19";"2";"2020";"09:15";"1";"03";"03185";"2";"1";"2";"1";"N/A";"46,3460769";"2,6039146"
"202000022885";"16";"1";"2020";"16:55";"1";"01";"01053";"2";"1";"1";"6";"BAD KREUZNACH  (AVENUE DE - N° PAIRS)";"46,2109570";"5,2395040"
"202000022886";"19";"2";"2020";"07:57";"1";"75";"75104";"2";"3";"1";"3";"QUAI DE LA CORSE";"48,8558260";"2,3477450"
"202000022887";"19";"2";"2020";"11:30";"1";"75";"75105";"2";"1";"1";"6";"RUE PIERRE BROSSOLETTE";"48,8418790";"2,3475740"
"202000022888";"18";"2";"2020";"18:05";"5";"75";"75116";"2";"5";"1";"3";"AVENUE KLEBER";"48,8650380";"2,2887130"
"202000022889";"18";"2";"2020";"09:00";"1";"75";"75116";"2";"1";"1";"1";"VOIE GEORGES POMPIDOU";"48,8524430";"2,2811810"
"202000022890";"19";"2";"2020";"09:30";"1";"75";"75115";"2";"2";"1";"6";"RUE SAINT CHARLES";"48,8447620";"2,2839130"
"202000022891";"19";"2";"2020";"19:00";"5";"75";"75114";"2";"3";"2";"6";"RUE D ALESIA";"48,8278100";"2,3289660"
"202000022892";"19";"2";"2020";"17:10";"1";"75";"75112";"2";"5";"2";" -1";"AVENUE DE SAINT MANDE";"48,8446580";"2,4057290"
"202000022893";"19";"2";"2020";"18:00";"3";"75";"75111";"2";"2";"2";"6";"BOULEVARD RICHARD LENOIR";"48,8647130";"2,3701440"
"202000022894";"19";"2";"2020";"09:50";"1";"75";"75110";"2";"1";"1";"3";"RUE D HAUTEVILLE";"48,8723950";"2,3501190"
"202000022895";"17";"2";"2020";"17:30";"1";"75";"75117";"2";"5";"2";"3";"BOULEVARD BESSIERES";"48,8976280";"2,3241390"
"202000022896";"19";"2";"2020";"07:35";"2";"94";"94074";"2";"1";"1";"7";"Avenue Julien Duranton";"48,7580991";"2,4518489"
"202000022897";"9";"9";"2020";"06:40";"2";"43";"43152";"1";"3";"1";"5";"RN 102";"45,0779940";"3,8371200"
"202000022898";"10";"9";"2020";"12:15";"1";"07";"07134";"1";"1";"1";"3";"D104";"44,5015049";"4,2939913"
"202000022899";"8";"9";"2020";"13:35";"1";"53";"53147";"2";"1";"1";"7";"291 Rue de Saint Leonard";"48,3098270";" -0,6154700"
"202000022900";"4";"9";"2020";"17:35";"1";"37";"37117";"1";"1";"1";"1";"N/A";"47,4158026";"0,2887465"
"202000022901";"9";"9";"2020";"15:30";"1";"30";"30325";"1";"1";"1";"1";"D999";"43,9920580";"3,6799370"
"202000022902";"9";"9";"2020";"11:05";"1";"67";"67326";"2";"1";"1";"1";"Rue du Depot";"48,6238180";"7,7205510"
"202000022903";"10";"9";"2020";"10:50";"1";"69";"69244";"2";"1";"1";"6";"49 avenue de la république";"45,7639042";"4,7792800"
"202000022904";"9";"9";"2020";"14:15";"1";"971";"97115";"1";"1";"1";"1";"1517 Route de la Lezarde";"16,2527940";" -61,6493030"
"202000022905";"9";"9";"2020";"23:15";"3";"45";"45312";"2";"1";"1";"1";"D2007-PR27+700";"47,9221497";"2,7374323"
"202000022906";"18";"8";"2020";"15:55";"1";"2B";"2B042";"2";"1";"1";"2";"Avenue de Borgo";"42,5504960";"9,4420890"
"202000022907";"1";"9";"2020";"11:15";"1";"83";"83071";"1";"1";"1";"6";"Boulevard Louis Bernard";"43,1224390";"6,2454440"
"202000022908";"5";"9";"2020";"09:45";"1";"13";"13016";"2";"3";"1";"3";"2 Avenue de la Liberation";"43,3937210";"5,5942750"
"202000022909";"6";"9";"2020";"05:10";"3";"13";"13004";"1";"1";"1";"3";"Rue d'Arles";"43,6416660";"4,7143360"
"202000022910";"10";"9";"2020";"13:00";"1";"88";"88024";"2";"1";"1";"6";"5 Grande Rue";"48,3739430";"6,2110370"
"202000022911";"9";"9";"2020";"12:15";"1";"03";"03290";"1";"1";"1";"7";"7 Route de Moulins";"46,6258498";"3,2856606"
"202000022912";"5";"9";"2020";"13:50";"1";"38";"38110";"1";"1";"1";"6";"N7";"45,5615100";"4,8603720"
"202000022913";"9";"9";"2020";"19:00";"1";"69";"69072";"1";"6";"1";"1";"D77";"45,8215920";"4,7265670"
"202000022914";"7";"9";"2020";"07:00";"1";"44";"44204";"1";"6";"1";"3";"La Belle Etoile";"47,2823550";" -1,4537790"
"202000022915";"9";"9";"2020";"16:45";"1";"60";"60450";"1";"1";"1";"1";"D929";"49,2290330";"2,2949190"
"202000022916";"10";"9";"2020";"20:29";"3";"60";"60041";"1";"1";"1";"7";"D125";"49,3800710";"2,2492630"
"202000022917";"9";"9";"2020";"19:18";"1";"13";"13019";"1";"1";"2";"6";"A51-Sens Marseille vers Aix en Provence";"43,4235940";"5,3741320"
"202000022918";"6";"9";"2020";"05:10";"5";"13";"13055";"1";"1";"1";"2";"A507 sens Aubagne- Marseille";"43,2956650";"5,4247110"
"202000022919";"6";"9";"2020";"03:25";"3";"69";"69271";"1";"1";"1";"2";"RN346   34.850 A 36.215";"45,7449431";"4,9884394"
"202000022920";"4";"9";"2020";"20:35";"2";"54";"54115";"1";"1";"1";"2";"Autoroute A 31";"48,7295400";"6,1617000"
"202000022921";"9";"9";"2020";"13:40";"1";"33";"33065";"1";"1";"1";"3";"ROUTE NATIONALE 230";"44,8113800";" -0,5223500"
"202000022922";"4";"9";"2020";"08:45";"1";"59";"59350";"1";"1";"9";" -1";"ROUTE NATIONALE 356";"50,6322617";"3,0828747"
"202000022923";"2";"9";"2020";"21:00";"2";"59";"59330";"1";"1";"1";"2";"AUTOROUTE A23";"50,4557210";"3,3159880"
"202000022924";"2";"9";"2020";"13:02";"1";"59";"59155";"1";"1";"1";"6";"AUTOROUTE A16";"51,0135650";"2,3816150"
"202000022925";"4";"9";"2020";"06:30";"2";"59";"59288";"1";"1";"1";"5";"AUTOROUTE A2";"50,3144890";"3,4051450"
"202000022926";"9";"9";"2020";"08:45";"1";"94";"94065";"1";"1";"1";"3";"AUTOROUTE A86";"48,7548000";"2,3468000"
"202000022927";"9";"9";"2020";"06:50";"2";"91";"91689";"1";"1";"1";"2";"AUTOROUTE A6";"48,7334000";"2,3160000"
"202000022928";"9";"9";"2020";"17:15";"1";"78";"78297";"1";"1";"1";"4";"RN12";"48,7891940";"2,0690990"
"202000022929";"9";"9";"2020";"12:00";"1";"93";"93053";"1";"1";"1";"5";"AUTOROUTE A3";"48,8945400";"2,4717400"
"202000022930";"14";"5";"2020";"17:15";"1";"976";"97611";"2";"1";"1";"6";"m'tsapere-Nationale 2 (route)";" -12,7888612";"45,2245929"
"202000022931";"25";"2";"2020";"22:50";"5";"75";"75110";"2";"2";"1";"3";"QUAI DE VALMY";"48,8707580";"2,3654050"
"202000022932";"8";"3";"2020";"17:35";"1";"92";"92044";"2";"1";"2";"6";"LOUIS ROUQUIER (RUE)113+ ET 106+";"48,8928401";"2,2920857"
"202000022933";"14";"3";"2020";"11:15";"1";"69";"69273";"1";"1";"1";"2";"RD301";"45,6674776";"4,9180868"
"202000022934";"8";"9";"2020";"06:35";"1";"974";"97416";"2";"6";"1";"6";"RECHERCHANT(RUE ADRIEN)";" -21,2819700";"55,4741800"
"202000022935";"7";"9";"2020";"14:00";"1";"974";"97411";"1";"1";"3";"1";"MONTAGNE (ROUTE DE LA)";" -20,8895879";"55,4359604"
"202000022936";"8";"9";"2020";"07:00";"1";"973";"97302";"2";"9";"1";"3";"MANGO (ROUTE)";"4,9304771";" -52,3162508"
"202000022937";"8";"9";"2020";"21:00";"5";"69";"69383";"2";"2";"1";"3";"JEAN LARRIVE                        (R )";"45,7584035";"4,8413521"
"202000022938";"8";"9";"2020";"19:00";"1";"69";"69388";"2";"2";"1";"3";"ETATS UNIS (DES)                    (BD)";"45,7371500";"4,8614000"
"202000022939";"8";"9";"2020";"17:00";"1";"69";"69259";"2";"6";"7";"3";"LOUISE MICHEL                       (R )";"45,7281039";"4,8574833"
"202000022940";"8";"9";"2020";"18:10";"1";"69";"69387";"2";"3";"1";"3";"JEAN JAURES                         (AV)";"45,7368000";"4,8369000"
"202000022941";"8";"9";"2020";"06:38";"1";"69";"69387";"2";"1";"1";"7";"BERTHELOT                           (AV)";"45,7439583";"4,8455641"
"202000022942";"8";"9";"2020";"07:25";"1";"972";"97209";"2";"3";"1";"1";"BEAUSEJOUR JAMBETTE (ROUTE)";"14,6327900";" -61,0407600"
"202000022943";"8";"9";"2020";"15:20";"1";"69";"69382";"2";"2";"1";"3";"CELESTINS (DES)                     (QU)";"45,7592700";"4,8295300"
"202000022944";"8";"9";"2020";"18:10";"2";"971";"97101";"2";"1";"1";"1";"8 MAI 1981 (BOULEVARD DU)";"16,2782630";" -61,5075090"
"202000022945";"6";"9";"2020";"00:35";"3";"971";"97101";"1";"1";"1";"3";"BOZON";"16,2545800";" -61,4803200"
"202000022946";"5";"9";"2020";"20:40";"5";"971";"97101";"1";"9";"1";"7";"HIBISCUS";"16,2579800";" -61,5268800"
"202000022947";"5";"9";"2020";"19:15";"5";"971";"97101";"2";"1";"1";"1";"DUGAZON";"16,2517824";" -61,5192712"
"202000022948";"7";"9";"2020";"19:25";"2";"2A";"2A004";"2";"3";"1";"3";"PIETRI FRANCOIS RUE";"41,9351377";"8,7489173"
"202000022949";"7";"9";"2020";"10:00";"1";"95";"95219";"2";"1";"1";"6";"LOUIS SAVOIE (RUE)";"48,9923450";"2,2579560"
"202000022950";"8";"9";"2020";"11:15";"1";"91";"91691";"2";"1";"1";"6";"VILLECRESNES";"48,7072700";"2,5226900"
"202000022951";"8";"9";"2020";"17:05";"1";"91";"91326";"2";"1";"1";"6";"JEAN DANAUX (RUE)";"48,6893400";"2,3865300"
"202000022952";"8";"9";"2020";"17:30";"1";"91";"91174";"2";"7";"1";"6";"COMBES MARNES(BOULEVARD)";"48,6036840";"2,4639940"
"202000022953";"8";"9";"2020";"16:45";"1";"91";"91479";"2";"3";"1";"3";"ALEXANDRE DUMAS (AVENUE)";"48,7071280";"2,3589490"
"202000022954";"25";"8";"2020";"16:40";"1";"89";"89387";"2";"1";"1";"6";"PIERRE DE COUBERTIN (AVENUE)";"48,1915539";"3,2990527"
"202000022955";"7";"9";"2020";"11:30";"1";"88";"88160";"2";"1";"1";"1";"CHIPOTTE (RUE DE LA)";"48,1791000";"6,4475000"
"202000022956";"7";"9";"2020";"06:58";"1";"87";"87113";"2";"3";"1";"3";"BARDYS (ROUTE DES)";"45,8828600";"1,3458600"
"202000022957";"4";"9";"2020";"23:12";"5";"87";"87075";"2";"1";"1";"1";"PERIGUEUX (ROUTE DE)";"45,7923600";"1,2199600"