"Num_Acc";"jour";"mois";"an";"hrmn";"lum";"dep";"com";"agg";"int";"atm";"col";"adr";"lat";"long"
"202000022958";"7";"9";"2020";"17:10";"1";"86";"86194";"2";"3";"1";"6";"Boulevard René Cassin";"46,5730000";"0,3810000"
"202000022959";"24";"8";"2020";"21:20";"2";"30";"30351";"2";"6";"1";"3";"DEVAUX GUY (ROND POINT)";"43,9708000";"4,7924000"
"202000022960";"7";"9";"2020";"18:00";"1";"83";"83129";"2";"1";"1";"5";"CAP NEGRE (ALLEE ET CHE)";"43,0999500";"5,8172700"
"202000022961";"7";"9";"2020";"08:20";"1";"83";"83123";"1";"3";"1";" -1";"LANGE (CHEMIN)";"43,1248700";"5,7929700"
"202000022962";"5";"9";"2020";"02:40";"3";"83";"83050";"2";"1";"1";"6";"GALLIENI( AVENUE DU MARECHAL)";"43,5253840";"6,5163160"
"202000022963";"7";"9";"2020";"17:00";"1";"82";"82121";"1";"2";"1";"3";"AUCH (ROUTE D')";"43,9892000";"1,3089200"
"202000022964";"7";"9";"2020";"17:26";"1";"80";"80021";"2";"1";"1";"5";"MARIVAUX (RUE)";"49,9095800";"2,3256600"
"202000022965";"8";"9";"2020";"01:40";"3";"78";"78238";"1";"1";"1";"6";"CD 113";"48,9598300";"1,8782900"
"202000022966";"7";"9";"2020";"14:00";"1";"76";"76410";"1";"4";"1";"3";"DUCLAIR. ROUTE DE (CD 86)";"49,4730800";"1,0287900"
"202000022967";"5";"9";"2020";"18:20";"1";"76";"76447";"2";"1";"1";"6";"BREQUIGNY";"49,5472000";"0,1944700"
"202000022968";"2";"9";"2020";"16:50";"1";"73";"73065";"1";"6";"1";"3";"D10 LANDIERS (AVENUE DES)";"45,5937400";"5,9009500"
"202000022969";"7";"9";"2020";"15:30";"1";"73";"73008";"2";"4";"1";"3";"ROCHE DU ROI BOULEVARD DE LA";"45,6779505";"5,9120254"
"202000022970";"7";"9";"2020";"16:30";"1";"71";"71540";"2";"9";"1";"3";"HUIT MAI (CARREFOUR DU)";"46,7859576";"4,4330397"
"202000022971";"8";"9";"2020";"21:45";"5";"69";"69290";"2";"1";"1";"6";"TEMPS MODERNES (DES)            (AV)";"45,7060150";"4,9220812"
"202000022972";"8";"9";"2020";"19:50";"1";"68";"68056";"2";"3";"1";"3";"Rue de la Libération";"47,7188400";"7,3099800"
"202000022973";"8";"9";"2020";"08:50";"1";"68";"68066";"2";"9";"1";"3";"WIMPFELING (RUE)";"48,0686290";"7,3345020"
"202000022974";"7";"9";"2020";"07:50";"1";"67";"67482";"2";"2";"1";"3";"PRESIDENT POINCARE (BOULEVARD DU)";"48,5900500";"7,7423800"
"202000022975";"4";"9";"2020";"12:00";"1";"67";"67482";"2";"1";"1";" -1";"JACQUES KABLE (RUE)";"48,5929150";"7,7493590"
"202000022976";"7";"9";"2020";"17:18";"1";"66";"66136";"2";"1";"1";" -1";"MERMOZ (AVENUE JEAN)";"42,6920400";"2,9240100"
"202000022977";"7";"9";"2020";"14:20";"1";"66";"66136";"2";"3";"1";" -1";"MERMOZ (AVENUE JEAN)";"42,6931210";"2,9153300"
"202000022978";"7";"9";"2020";"11:08";"1";"66";"66136";"2";"1";"1";"6";"PYRENEES (BOULEVARD DES)";"42,6967800";"2,8881200"
"202000022979";"8";"9";"2020";"16:35";"1";"64";"64284";"2";"1";"1";"1";"CHEMIN DES COTEAUX DE GUINDALOS";"43,2733864";" -0,3807225"
"202000022980";"8";"9";"2020";"07:40";"1";"64";"64129";"2";"1";"1";"3";"ENTREPRENEURS DES";"43,3006310";" -0,4063580"
"202000022981";"8";"9";"2020";"13:00";"1";"64";"64102";"2";"9";"7";"3";"PAUL PRAS (AVENUE)";"43,4844800";" -1,4766800"
"202000022982";"8";"9";"2020";"08:15";"1";"64";"64102";"2";"1";"7";"6";"MARHUM (AVENUE DE)";"43,4904000";" -1,4850000"
"202000022983";"7";"9";"2020";"19:30";"1";"64";"64024";"2";"1";"1";"2";"ESPAGNE (AVENUE D')";"43,4800000";" -1,5174000"
"202000022984";"7";"9";"2020";"11:30";"1";"60";"60175";"2";"1";"1";"6";"ACACIAS (RUE DES)";"49,2538735";"2,4710108"
"202000022985";"7";"9";"2020";"12:35";"1";"60";"60057";"2";"1";"1";"6";"CARREFOUR D'AMIENS";"49,4358200";"2,0865500"
"202000022986";"8";"9";"2020";"16:45";"1";"59";"59512";"2";"1";"1";"6";"NATIONS UNIES (AVENUE DES)";"50,6943270";"3,1724660"
"202000022987";"8";"9";"2020";"21:10";"5";"59";"59183";"2";"1";"1";" -1";"NEUF - PONT";"51,0367300";"2,3995800"
"202000022988";"7";"9";"2020";"18:15";"1";"54";"54395";"2";"2";"1";"3";"AUSTRASIE (BOULEVARD)";"48,6917500";"6,2006900"
"202000022989";"8";"9";"2020";"19:17";"1";"51";"51454";"2";"6";"1";"3";"Rond Point Porte Farman";"49,2364916";"4,0713624"
"202000022990";"4";"9";"2020";"12:00";"1";"50";"50129";"2";"3";"1";"3";"MILLET (AVENUE JEAN-FRANCOIS)";"49,6338000";" -1,6216500"
"202000022991";"31";"8";"2020";"08:00";"1";"49";"49099";"2";"6";"1";"3";"LAENNEC (RUE DU DOCTEUR RENE)";"47,0574500";" -0,8675900"
"202000022992";"7";"9";"2020";"14:45";"1";"45";"45208";"2";"2";"1";"2";"Rue Paul Doumer";"48,0037390";"2,7419980"
"202000022993";"8";"9";"2020";"07:50";"1";"41";"41018";"2";"1";"1";"3";"SAINT-JEAN (QUAI)";"47,5898200";"1,3416900"
"202000022994";"8";"9";"2020";"12:30";"1";"38";"38169";"2";"3";"1";"3";"Boulevard Paul Langevin";"45,1898100";"5,6825700"
"202000022995";"7";"9";"2020";"10:00";"1";"37";"37233";"2";"6";"1";"2";"MOULIN (PONT JEAN)";"47,3823050";"0,7305208"
"202000022996";"8";"9";"2020";"08:40";"1";"35";"35238";"2";"2";"1";"3";"CHATEAUGIRON (DE)";"48,1019200";" -1,6562400"
"202000022997";"8";"9";"2020";"11:35";"1";"34";"34172";"1";"1";"1";"2";"MENDES FRANCE (AVENUE PRESIDENT PIERRE";"43,6069200";"3,9331400"
"202000022998";"7";"9";"2020";"23:35";"5";"34";"34172";"2";"1";"1";"2";"POMPIGNANE (AVENUE DE LA)";"43,6131100";"3,8982900"
"202000022999";"8";"9";"2020";"18:55";"1";"33";"33075";"2";"6";"1";"3";"BD JACQUES CHABAN-DELMAS / RUE DU LAC";"44,8855800";" -0,5862300"
"202000023000";"8";"9";"2020";"13:10";"1";"33";"33039";"2";"1";"1";"2";"RUE DENIS PAPIN";"44,7912700";" -0,5319700"
"202000023001";"8";"9";"2020";"09:20";"1";"33";"33119";"2";"3";"1";"2";"AVE DU PRESIDENT J.F. KENNEDY";"44,8675900";" -0,5067900"
"202000023002";"28";"8";"2020";"15:25";"1";"33";"33281";"2";"2";"1";"1";"RUE FRANCOIS ARAGO";"44,8558700";" -0,6709400"
"202000023003";"8";"9";"2020";"13:30";"1";"33";"33529";"2";"3";"1";"3";"MIQUELOTS (BD DES)";"44,6114000";" -1,1413000"
"202000023004";"7";"9";"2020";"17:45";"1";"31";"31555";"1";"1";"1";"2";"VA007473 A62";"43,6466100";"1,4604200"
"202000023005";"7";"9";"2020";"14:54";"1";"31";"31555";"2";"1";"1";"6";"BD MATABIAU";"43,6149800";"1,4426300"
"202000023006";"5";"9";"2020";"12:40";"1";"31";"31555";"2";"6";"1";"3";"CHE DES IZARDS";"43,6478300";"1,4431300"
"202000023007";"7";"9";"2020";"09:50";"1";"27";"27701";"2";"2";"1";"1";"CLOS (VOIE DES)";"49,2730200";"1,2046200"
"202000023008";"8";"9";"2020";"23:20";"5";"25";"25056";"2";"6";"1";"6";"CITADELLE TUNNEL ROUTIER";"47,2331800";"6,0350800"
"202000023009";"8";"9";"2020";"01:15";"5";"25";"25056";"2";"4";"1";"6";"DOLE RUE DE (inf 82)";"47,2348000";"6,0125000"
"202000023010";"8";"9";"2020";"09:15";"1";"17";"17333";"2";"6";"1";" -1";"DE GAULLE (DU GENERAL)";"45,6125800";" -0,9984700"
"202000023011";"7";"9";"2020";"17:20";"1";"15";"15014";"2";"2";"1";"3";"PUPILLES DE LA NATION (AVENUE DES)";"44,9196100";"2,4391100"
"202000023012";"8";"9";"2020";"13:30";"1";"14";"14118";"2";"2";"1";"3";"MAZURETTES (RUE DES)";"49,1875600";" -0,3934400"
"202000023013";"7";"9";"2020";"17:40";"1";"13";"13117";"1";"3";"1";"3";"CD 9 ESTROUBLANS";"43,4232380";"5,2411370"
"202000023014";"5";"9";"2020";"19:30";"1";"30";"30032";"2";"6";"1";"3";"NIMES ROUTE DE CD 999";"43,8150000";"4,6214500"
"202000023015";"5";"9";"2020";"17:30";"1";"30";"30032";"1";"3";"1";"3";"FOURQUES ROUTE DE";"43,7780000";"4,6218000"
"202000023016";"8";"9";"2020";"17:10";"1";"13";"13214";"2";"1";"1";"6";"MORETTI (BOULEVARD)";"43,3251600";"5,3818350"
"202000023017";"7";"9";"2020";"21:13";"5";"13";"13201";"2";"1";"1";"6";"BRETEUIL (RUE)  1 A 17";"43,2925710";"5,3748940"
"202000023018";"7";"9";"2020";"10:25";"1";"13";"13047";"2";"1";"1";"6";"RADOLFZELL AVENUE DE";"43,4985700";"4,9798100"
"202000023019";"8";"9";"2020";"12:35";"1";"13";"13005";"2";"6";"1";"3";"GEMENOS (ROUTE DE CD2)";"43,2978500";"5,5889100"
"202000023020";"7";"9";"2020";"17:56";"1";"11";"11262";"1";"6";"1";"6";"MOULINS (RUE ET PASSAGE DES TROIS)";"43,1878000";"3,0074000"
"202000023021";"8";"9";"2020";"17:50";"1";"09";"09225";"2";"1";"1";"6";"MILLIANE ESPLANADE DE";"43,1192600";"1,6125300"
"202000023022";"8";"9";"2020";"17:30";"1";"07";"07316";"1";"1";"1";"2";"NIMES (ROUTE DE)";"44,8810500";"4,8496300"
"202000023023";"8";"9";"2020";"14:27";"1";"06";"06088";"2";"2";"1";"6";"BARBERIS (RUE)";"43,7047700";"7,2840000"
"202000023024";"7";"9";"2020";"09:00";"1";"06";"06030";"2";"1";"1";"3";"CAMPELIERES (CHEMIN DES)";"43,5800360";"7,0051710"
"202000023025";"7";"9";"2020";"07:55";"1";"06";"06029";"2";"1";"1";"3";"JOURDAN (AVENUE MICHEL)";"43,5521040";"6,9776210"
"202000023026";"8";"9";"2020";"17:25";"2";"06";"06123";"2";"1";"1";" -1";"ESPLANADE DU LEVANT";"43,6768700";"7,1913600"
"202000023027";"2";"9";"2020";"11:20";"1";"06";"06027";"2";"3";"1";"3";"NICE AVENUE DE (RN7)";"43,6604900";"7,1766300"
"202000023028";"5";"9";"2020";"10:00";"1";"03";"03190";"2";"3";"1";"3";"Avenue du Général Leclerc";"46,5617897";"3,3382344"
"202000023029";"8";"9";"2020";"22:04";"5";"03";"03185";"2";"1";"1";"3";"Avenue de la Republique";"46,3448504";"2,5985604"
"202000023030";"8";"9";"2020";"17:20";"1";"75";"75118";"2";"1";"1";"4";"BOULEVARD PERIPHERIQUE";"48,9008680";"2,3426450"
"202000023031";"6";"9";"2020";"21:20";"5";"75";"75114";"2";"1";"1";"3";"PORTE DE CHATILLON";"48,8211650";"2,3205140"
"202000023032";"8";"9";"2020";"17:55";"2";"75";"75120";"2";"2";"1";"1";"RUE DES COURONNES";"48,8702100";"2,3844500"
"202000023033";"8";"9";"2020";"15:15";"1";"75";"75120";"2";"1";"1";"6";"RUE D AVRON";"48,8532590";"2,4092340"
"202000023034";"8";"9";"2020";"15:30";"1";"75";"75119";"2";"1";"1";"7";"RUE CURIAL";"48,8961330";"2,3785330"
"202000023035";"8";"9";"2020";"09:05";"1";"75";"75119";"2";"2";"1";"3";"AVENUE JEAN JAURES";"48,8887810";"2,3931060"
"202000023036";"8";"9";"2020";"19:30";"1";"75";"75118";"2";"3";"1";"6";"RUE DOUDEAUVILLE";"48,8889100";"2,3582470"
"202000023037";"8";"9";"2020";"16:40";"1";"75";"75117";"2";"4";"1";"3";"AVENUE DE CLICHY";"48,8862870";"2,3261660"
"202000023038";"8";"9";"2020";"06:40";"5";"75";"75117";"2";"2";"1";"3";"RUE POUCHET";"48,8942450";"2,3205890"
"202000023039";"7";"9";"2020";"20:30";"5";"75";"75117";"2";"3";"1";"3";"RUE DE PONT A MOUSSON";"48,8981720";"2,3240060"
"202000023040";"8";"9";"2020";"01:35";"5";"75";"75117";"2";"7";"1";"6";"PLACE DU MARECHAL JUIN";"48,8850250";"2,2966280"
"202000023041";"8";"9";"2020";"11:45";"1";"75";"75114";"2";"2";"1";"6";"BOULEVARD DU MONTPARNASSE";"48,8430000";"2,3263330"
"202000023042";"7";"9";"2020";"16:40";"1";"75";"75114";"2";"1";"1";"3";"AVENUE DU MAINE";"48,8408610";"2,3216690"
"202000023043";"8";"9";"2020";"09:45";"1";"75";"75108";"2";"2";"1";"3";"AVENUE GEORGE V";"48,8700670";"2,3009850"
"202000023044";"8";"9";"2020";"00:01";"5";"75";"75108";"2";"3";"1";"7";"BOULEVARD MALESHERBES";"48,8721410";"2,3217980"
"202000023045";"8";"9";"2020";"09:55";"1";"75";"75103";"2";"2";"1";"7";"RUE DE TURBIGO";"48,8657710";"2,3574720"
"202000023046";"7";"9";"2020";"07:45";"1";"94";"94074";"2";"2";"1";"1";"SACCO ET VANZETTI (R)";"48,7420500";"2,4662700"
"202000023047";"8";"9";"2020";"20:55";"5";"94";"94046";"2";"1";"1";"3";"REPUBLIQUE (AV DE LA)";"48,8057543";"2,4408601"
"202000023048";"8";"9";"2020";"18:30";"1";"93";"93070";"2";"3";"1";"3";"GABRIEL-PERI (AV)";"48,9013781";"2,3303712"
"202000023049";"22";"8";"2020";"02:10";"5";"93";"93051";"2";"2";"1";"3";"NEUILLY (ROUTE)";"48,8480768";"2,5389443"
"202000023050";"8";"9";"2020";"17:07";"1";"93";"93048";"2";"9";"1";"3";"ROUGET DE L'ISLE (BOULEVARD)";"48,8601984";"2,4391999"
"202000023051";"8";"9";"2020";"19:50";"1";"93";"93029";"2";"1";"1";"6";"JACQUELINE QUATREMAIRE";"48,9178719";"2,4592512"
"202000023052";"8";"9";"2020";"08:00";"1";"93";"93013";"2";"1";"1";"3";"JAURES (AVENUE JEAN) DE 28 A 62";"48,9326660";"2,4253928"
"202000023053";"8";"9";"2020";"06:30";"2";"93";"93010";"2";"1";"1";"6";"GALLIENI (AV.) DE 188 A 230";"48,9071058";"2,4892535"
"202000023054";"8";"9";"2020";"19:15";"1";"93";"93007";"2";"1";"1";"6";"""PAUL VAILLANT COUTURIER (AVENUE """"DU 13";"48,9291132";"2,4788637"
"202000023055";"8";"9";"2020";"13:00";"1";"93";"93001";"2";"1";"1";"2";"JEAN JAURES  (AVE)  157 A 213";"48,9096489";"2,3984671"
"202000023056";"8";"9";"2020";"03:04";"5";"92";"92075";"2";"1";"1";" -1";"RAYMOND MARCHERON (RUE)";"48,8191130";"2,2874560"
"202000023057";"7";"9";"2020";"08:10";"1";"92";"92063";"2";"1";"1";"2";"DIX-HUIT JUIN 1940 (AVENUE DU) EST";"48,8683400";"2,1907600"
"202000023058";"28";"8";"2020";"14:30";"1";"92";"92063";"2";"1";"1";"6";"CHATEAU DE MALMAISON (AVENUE DU)";"48,8733100";"2,1689500"
"202000023059";"3";"9";"2020";"13:00";"1";"92";"92062";"2";"1";"1";"2";"DE DION BOUTON (QUAI) DU 29 AU 65";"48,8857400";"2,2513800"
"202000023060";"8";"9";"2020";"10:00";"1";"92";"92051";"2";"1";"1";"2";"RICHARD WALLACE (BOULEVARD)";"48,8747660";"2,2523797"
"202000023061";"8";"9";"2020";"19:45";"1";"92";"92040";"2";"1";"1";"7";"STALINGRAD (QUAI DE)";"48,8224240";"2,2521760"
"202000023062";"7";"9";"2020";"19:20";"1";"92";"92040";"2";"1";"1";"2";"RODIN (BOULEVARD)";"48,8204201";"2,2621635"
"202000023063";"8";"9";"2020";"16:43";"1";"92";"92012";"2";"1";"1";"6";"REPUBLIQUE (BOULEVARD DE LA) 5/77BIS - 6";"48,8324550";"2,2511830"
"202000023064";"7";"9";"2020";"22:55";"5";"92";"92002";"2";"1";"1";"3";"DIVISION LECLERC (53 A 217 - 58 A 186)";"48,7389000";"2,3021000"
"202000023065";"8";"9";"2020";"13:30";"1";"95";"95205";"2";"1";"1";"6";"avenue du connétable";"49,0253150";"2,3751280"
"202000023066";"16";"8";"2020";"06:45";"4";"52";"52258";"2";"1";"1";"6";"15 Rue de Verdun";"48,0988040";"4,7820370"
"202000023067";"9";"9";"2020";"17:17";"1";"68";"68058";"1";"9";"1";"3";"D430";"47,9236620";"7,1972680"
"202000023068";"8";"9";"2020";"15:00";"1";"81";"81077";"1";"1";"7";"6";"lieu dit Sarremejeannes";"43,9186700";"2,5232080"
"202000023069";"8";"9";"2020";"17:45";"1";"28";"28068";"1";"1";"1";"1";"RD 148";"48,5645455";"1,4468908"
"202000023070";"9";"9";"2020";"12:10";"1";"86";"86058";"2";"4";"1";"3";"3 Route de Saint Claud";"46,6553245";"0,5728337"
"202000023071";"7";"9";"2020";"20:40";"5";"62";"62736";"2";"1";"1";"6";"Rue du Moulin";"50,6425740";"2,7874620"
"202000023072";"8";"9";"2020";"21:01";"3";"22";"22389";"1";"1";"1";"4";"Yffiniac";"48,4798060";" -2,6572750"
"202000023073";"7";"9";"2020";"21:50";"3";"59";"59162";"1";"1";"1";"6";"Départementale 52";"50,9170430";"2,3821130"
"202000023074";"3";"9";"2020";"12:50";"1";"30";"30151";"1";"1";"1";"6";"D406";"44,1468130";"4,3793020"
"202000023075";"8";"9";"2020";"17:25";"1";"21";"21592";"1";"1";"7";"7";"D16";"47,3394410";"4,7538610"
"202000023076";"8";"9";"2020";"22:28";"3";"40";"40246";"1";"1";"1";"6";"1274 Route de Mont de Marsan";"44,1388760";" -0,7195990"
"202000023077";"8";"9";"2020";"17:25";"1";"74";"74171";"2";"2";"1";"6";"D1005";"46,3185440";"6,3307320"
"202000023078";"8";"9";"2020";"19:30";"1";"74";"74180";"2";"6";"1";"3";"Route de Frize";"46,3521750";"6,2994310"
"202000023079";"8";"9";"2020";"18:40";"1";"56";"56078";"1";"6";"1";"2";"Rue Capitaine Quillien";"47,7882780";" -3,4806382"
"202000023080";"7";"9";"2020";"17:55";"1";"56";"56231";"2";"1";"1";"6";"Rue du Vieux Couvent";"47,7015200";" -2,6511700"
"202000023081";"7";"9";"2020";"10:00";"1";"74";"74104";"1";"3";"1";"3";"Route d'Albertville";"45,7806860";"6,2292210"
"202000023082";"8";"9";"2020";"23:35";"3";"76";"76101";"1";"1";"1";"1";"D928";"49,9012140";"1,6085530"
"202000023083";"18";"8";"2020";"11:00";"1";"2A";"2A271";"2";"1";"1";"3";"Gare de Mezzana";"41,9799962";"8,8342577"
"202000023084";"3";"9";"2020";"18:00";"1";"80";"80149";"1";"4";"1";"3";"Route Nationale";"50,1546760";"1,8184680"
"202000023085";"9";"9";"2020";"13:40";"1";"89";"89018";"1";"1";"1";"1";"Chemin du Malet";"48,0572203";"3,2977653"
"202000023086";"8";"9";"2020";"12:45";"1";"89";"89276";"2";"1";"1";"6";"48 Route de Saint-florentin";"48,0367450";"3,7786370"
"202000023087";"8";"9";"2020";"19:00";"1";"63";"63080";"2";"1";"7";"6";"1 Quai du Beaugeix";"45,5893100";"3,1302850"
"202000023088";"8";"9";"2020";"16:00";"1";"86";"86293";"2";"1";"1";"6";"Avenue Henri Pétonnet";"46,4259550";"0,2634840"
"202000023089";"8";"9";"2020";"16:10";"1";"68";"68087";"2";"6";"1";"3";"1 Rue de Riespach";"47,5359210";"7,2651710"
"202000023090";"9";"9";"2020";"10:20";"1";"25";"25463";"2";"1";"1";"6";"DE GAULLE";"47,3821680";"6,7713840"
"202000023091";"7";"9";"2020";"16:20";"1";"25";"25190";"2";"1";"1";"3";"BEAUCOURT";"47,5024500";"6,9142630"
"202000023092";"5";"8";"2020";"17:45";"1";"06";"06104";"1";"1";"1";"1";"TURBIE (ROUTE DE LA)";"43,7585600";"7,4442000"
"202000023093";"8";"8";"2020";"17:47";"1";"75";"75119";"2";"2";"1";"3";"AVENUE DE FLANDRE";"48,8858040";"2,3706250"
"202000023094";"8";"8";"2020";"11:40";"1";"75";"75119";"2";"1";"1";"6";"RUE DE BELLEVILLE";"48,8736530";"2,3844090"
"202000023095";"8";"8";"2020";"20:54";"2";"75";"75118";"2";"2";"1";"5";"RUE DE LA CHAPELLE";"48,8971100";"2,3592280"
"202000023096";"7";"8";"2020";"12:40";"1";"75";"75117";"2";"4";"1";"3";"BOULEVARD DU BOIS LE PRETRE";"48,8989040";"2,3219830"
"202000023097";"7";"8";"2020";"18:50";"1";"75";"75117";"2";"2";"1";"4";"AVENUE DES TERNES";"48,8807050";"2,2852840"
"202000023098";"8";"8";"2020";"16:30";"1";"75";"75115";"2";"2";"1";"3";"RUE DE SEVRES";"48,8453430";"2,3117910"
"202000023099";"8";"8";"2020";"15:45";"1";"75";"75113";"2";"3";"1";"6";"BOULEVARD KELLERMANN";"48,8206500";"2,3494410"
"202000023100";"7";"8";"2020";"17:15";"1";"75";"75111";"2";"2";"1";"3";"AVENUE DE LA REPUBLIQUE";"48,8660000";"2,3706600"
"202000023101";"8";"8";"2020";"14:35";"1";"75";"75108";"2";"2";"1";"3";"RUE DE ROME";"48,8787550";"2,3222340"
"202000023102";"7";"8";"2020";"16:10";"1";"75";"75107";"2";"1";"1";"3";"QUAI D ORSAY";"48,8622710";"2,3039940"
"202000023103";"8";"8";"2020";"13:55";"1";"94";"94068";"2";"9";"1";"3";"ALMA - PONT DE BONNEUIL (AV DE L)";"48,7849450";"2,4953130"
"202000023104";"7";"8";"2020";"19:00";"1";"94";"94001";"2";"1";"1";"5";"MAGNE (QU)";"48,7187800";"2,4136500"
"202000023105";"8";"8";"2020";"10:35";"1";"93";"93062";"2";"9";"1";"6";"MONTFERMEIL (ROND POINT DE)";"48,8955700";"2,5264600"
"202000023106";"8";"8";"2020";"08:12";"1";"93";"93055";"2";"1";"1";"2";"NOISY LE SEC (ROUTE DE)";"48,8954766";"2,4262988"
"202000023107";"8";"8";"2020";"16:03";"1";"93";"93053";"2";"3";"1";"3";"BREMENT (RUE DE) 109 A 235 - 110 A ...";"48,8875981";"2,4642256"
"202000023108";"7";"8";"2020";"22:20";"5";"93";"93051";"2";"1";"1";"2";"GABRIEL PERI (AVENUE)";"48,8327970";"2,5663809"
"202000023109";"8";"8";"2020";"14:32";"1";"93";"93063";"2";"1";"1";"6";"REPUBLIQUE RUE DE LA";"48,8791000";"2,4334000"
"202000023110";"8";"8";"2020";"19:30";"1";"93";"93031";"2";"1";"1";"3";"HALAGE (CHEMIN DU)";"48,9507592";"2,3141427"
"202000023111";"8";"8";"2020";"13:00";"1";"92";"92026";"2";"9";"1";"3";"JOFFRE ( DE 52 A FIN ET DE 61 A FIN )";"48,9006864";"2,2752153"
"202000023112";"8";"8";"2020";"11:05";"1";"92";"92012";"2";"1";"1";"3";"GENERAL LECLERC (AVENUE DU) 1/33 - 2/58";"48,8319686";"2,2385246"
"202000023113";"9";"8";"2020";"11:45";"1";"60";"60590";"1";"1";"1";"1";"8 Rue de la Gare";"49,5407380";"1,9956450"
"202000023114";"9";"8";"2020";"09:25";"1";"65";"65407";"1";"3";"1";"3";"42 Route de Sainte Barbe";"43,0223570";"0,5914860"
"202000023115";"8";"8";"2020";"18:00";"1";"11";"11018";"1";"1";"1";"3";"A61";"43,2201890";"2,2082520"
"202000023116";"9";"8";"2020";"13:15";"1";"63";"63189";"2";"1";"2";"7";"le bourg";"45,6505930";"2,7313430"
"202000023117";"9";"8";"2020";"18:50";"1";"83";"83033";"1";"1";"1";"1";"Chemin de Besse";"43,3172400";"6,1869660"
"202000023118";"8";"8";"2020";"22:57";"3";"974";"97413";"1";"1";"1";"6";"Chemin Departemental 12 des Colimacons";" -21,1400080";"55,2824740"
"202000023119";"8";"8";"2020";"14:00";"1";"27";"27125";"1";"1";"1";"7";"Calleville";"49,1901320";"0,7682110"
"202000023120";"8";"8";"2020";"23:30";"3";"51";"51235";"2";"1";"1";"6";"D373";"48,7576749";"3,6608975"
"202000023121";"8";"8";"2020";"14:10";"1";"19";"19121";"2";"3";"1";"6";"Rue des Ecoles";"45,4434945";"1,4070811"
"202000023122";"7";"8";"2020";"17:15";"1";"56";"56101";"1";"1";"1";"7";"Lieu-dit Mané Coët";"47,8333530";" -3,1806280"
"202000023123";"9";"8";"2020";"17:40";"1";"76";"76592";"1";"1";"1";"7";"route industrielle";"49,5061000";"0,4962000"
"202000023124";"7";"8";"2020";"13:50";"1";"2A";"2A092";"1";"1";"7";"7";"T10";"41,7286595";"9,4015776"
"202000023125";"9";"8";"2020";"06:10";"2";"2B";"2B286";"2";"1";"1";"6";"D6";"42,4759350";"9,4581450"
"202000023126";"9";"8";"2020";"11:30";"1";"80";"80192";"1";"1";"2";"7";"D1";"49,9359890";"2,6403240"
"202000023127";"8";"8";"2020";"15:30";"1";"80";"80308";"1";"1";"1";"6";"D48 - PK 10+500";"50,0682830";"1,6071210"
"202000023128";"9";"8";"2020";"12:00";"1";"65";"65116";"1";"1";"1";"6";"Hourquette d'Ancizan (Col de montagne)";"42,8980220";"0,3131850"
"202000023129";"7";"8";"2020";"15:10";"1";"65";"65282";"1";"1";"1";"6";"D725";"42,7724550";"0,4121480"
"202000023130";"8";"8";"2020";"18:10";"1";"69";"69070";"1";"1";"1";"3";"D504";"46,0112250";"4,3743950"
"202000023131";"9";"8";"2020";"10:00";"1";"11";"11206";"2";"1";"1";"7";"Avenue Fabre d'Eglantine";"43,0470360";"2,2207330"
"202000023132";"8";"8";"2020";"13:10";"1";"47";"47274";"1";"3";"1";"3";"D114";"44,1493570";"0,7565980"
"202000023133";"8";"8";"2020";"13:00";"1";"22";"22074";"1";"3";"1";"1";"bodoguern";"48,3383160";" -3,0499940"
"202000023134";"8";"8";"2020";"16:25";"1";"22";"22232";"2";"1";"1";"1";"Résidence le Clos de Kérestidet";"48,6453930";" -2,8477120"
"202000023135";"8";"8";"2020";"07:30";"1";"39";"39435";"1";"1";"1";"1";"N/A";"46,5757290";"5,6851810"
"202000023136";"9";"8";"2020";"04:05";"3";"44";"44155";"1";"1";"1";"1";"Ruble";"47,0288080";" -1,5520710"
"202000023137";"8";"8";"2020";"19:10";"1";"29";"29133";"2";"1";"1";"6";"D64 - 54 Nouvelle Côte";"48,6909710";" -3,6561890"
"202000023138";"9";"8";"2020";"09:05";"1";"29";"29027";"1";"1";"1";"7";"Lieu Dit Kerbiligued";"48,1802310";" -3,8591190"
"202000023139";"9";"8";"2020";"12:55";"1";"38";"38333";"1";"1";"1";"6";"d531";"45,0819931";"5,4574243"
"202000023140";"9";"8";"2020";"13:06";"1";"38";"38147";"1";"1";"1";"7";"Route de Montrevel";"45,4947300";"5,4100100"
"202000023141";"6";"8";"2020";"10:05";"1";"02";"02330";"1";"1";"1";"2";"D1029";"49,8618280";"3,2218590"
"202000023142";"8";"8";"2020";"18:35";"1";"03";"03043";"1";"2";"1";"5";"N/A";"46,1999903";"3,2887351"
"202000023143";"5";"8";"2020";"21:15";"5";"01";"01338";"2";"1";"1";"6";"Rue de Villeneuve";"45,7086570";"5,5717790"
"202000023144";"8";"8";"2020";"17:50";"1";"26";"26360";"1";"3";"1";"3";"Route de Saint Paul";"44,4138960";"4,8065720"
"202000023145";"9";"8";"2020";"05:30";"2";"58";"58083";"1";"1";"1";"6";"D958";"47,2374540";"3,6623100"
"202000023146";"9";"8";"2020";"02:15";"3";"58";"58152";"1";"1";"1";"6";"2 Les Rompés";"46,8813190";"3,1308350"
"202000023147";"9";"8";"2020";"10:30";"1";"66";"66024";"2";"1";"1";"6";"Avenue Maréchal de Lattre de Tassigny";"42,5248280";"2,8314490"
"202000023148";"9";"8";"2020";"11:08";"1";"06";"06120";"1";"1";"1";"1";"Rio de Claï";"44,2157440";"6,9711100"
"202000023149";"8";"8";"2020";"20:15";"1";"14";"14371";"1";"1";"1";"6";"Chemin de Livet";"49,0168020";"0,1263160"
"202000023150";"7";"8";"2020";"15:20";"1";"50";"50151";"1";"3";"1";"3";"50 Rue du Gué de l'Orme";"49,2131900";" -1,5722900"