"Num_Acc";"jour";"mois";"an";"hrmn";"lum";"dep";"com";"agg";"int";"atm";"col";"adr";"lat";"long"
"202000023151";"9";"8";"2020";"06:55";"2";"45";"45282";"2";"1";"1";"6";"1551 Route d'Orléans";"47,8623980";"1,8271120"
"202000023152";"8";"8";"2020";"16:10";"1";"64";"64495";"1";"3";"1";"1";"intersection D4/D305";"43,3170760";" -1,5315410"
"202000023153";"7";"8";"2020";"07:02";"2";"40";"40272";"1";"1";"1";"1";"D12";"43,5910380";" -1,2704230"
"202000023154";"9";"8";"2020";"01:00";"3";"04";"04049";"2";"1";"1";"1";"RD 4096 (21 Bd des Tilleuls)";"44,0767069";"5,9947317"
"202000023155";"9";"8";"2020";"08:20";"1";"04";"04108";"2";"1";"1";"1";"RN 85 (Le moulin)";"44,0481850";"6,0260010"
"202000023156";"8";"8";"2020";"15:00";"1";"85";"85277";"1";"1";"1";"2";"D747";"46,5357720";" -1,4387480"
"202000023157";"8";"8";"2020";"11:50";"1";"28";"28240";"1";"3";"7";"3";"D15";"48,4737390";"1,0030820"
"202000023158";"7";"8";"2020";"05:55";"2";"30";"30102";"1";"1";"1";"6";"D225";"43,9099260";"4,2866500"
"202000023159";"8";"8";"2020";"21:45";"3";"08";"08164";"1";"1";"1";"7";"D946";"49,3910050";"4,7683240"
"202000023160";"9";"8";"2020";"11:08";"1";"88";"88361";"1";"1";"1";"7";"D420";"48,3310910";"7,0927480"
"202000023161";"8";"8";"2020";"14:45";"1";"973";"97307";"1";"1";"1";"1";"N2";"4,8272288";" -52,3385722"
"202000023162";"7";"8";"2020";"22:15";"3";"973";"97307";"1";"1";"1";"7";"Route de Stoupan";"4,7853620";" -52,3488560"
"202000023163";"9";"8";"2020";"11:00";"1";"38";"38004";"1";"1";"1";"6";"A49";"45,2106200";"5,4667200"
"202000023164";"9";"8";"2020";"09:00";"1";"73";"73297";"1";"1";"1";"6";"A430";"45,6279040";"6,3268800"
"202000023165";"7";"8";"2020";"20:30";"3";"57";"57114";"1";"1";"1";"7";"Brouviller";"48,7518320";"7,1715400"
"202000023166";"9";"8";"2020";"05:14";"3";"34";"34240";"1";"1";"1";"1";"Autoroute A9, PK 99+100, direction NIMES";"43,6459510";"3,9788100"
"202000023167";"9";"8";"2020";"01:55";"5";"988";"98821";"2";"1";"1";"7";"RUE ANTOINE CHERIKA/LOTISSEMENT JULISA";" -22,1343700";"166,3539200"
"202000023168";"9";"8";"2020";"20:00";"3";"976";"97607";"1";"1";"1";"1";"Route Nationale - Ironi Be";" -12,8361340";"45,1854800"
"202000023169";"9";"8";"2020";"22:35";"5";"974";"97415";"2";"1";"1";"7";"73 Chemin du Trou de Sable";" -21,0363890";"55,2726290"
"202000023170";"8";"8";"2020";"22:00";"3";"66";"66065";"1";"1";"1";"7";"D914";"42,6166230";"2,9734330"
"202000023171";"9";"7";"2020";"10:45";"1";"34";"34314";"1";"1";"1";" -1";"D68";"43,7251570";"3,8404270"
"202000023172";"8";"8";"2020";"14:45";"1";"13";"13116";"1";"2";"1";"3";"D29";"43,8375910";"4,9264880"
"202000023173";"9";"8";"2020";"16:20";"1";"13";"13100";"1";"1";"1";"6";"RD99";"43,7878100";"4,8437140"
"202000023174";"8";"8";"2020";"09:55";"1";"38";"38468";"1";"1";"1";"6";"A7";"45,3430800";"4,8080200"
"202000023175";"7";"8";"2020";"15:10";"1";"88";"88136";"1";"1";"1";"2";"N57";"48,2073440";"6,4610340"
"202000023176";"7";"8";"2020";"17:30";"1";"57";"57350";"1";"1";"1";"6";"Chemin d'Auché";"49,0466380";"6,0730310"
"202000023177";"8";"8";"2020";"17:20";"1";"74";"74127";"1";"1";"1";"3";"Route du Plan Fayet";"46,3604640";"6,5232830"
"202000023178";"9";"8";"2020";"11:40";"1";"73";"73054";"1";"1";"1";"6";"D902";"45,6834280";"6,7375160"
"202000023179";"9";"8";"2020";"09:25";"1";"38";"38412";"1";"1";"7";"6";"D520";"45,4020200";"5,7442400"
"202000023180";"9";"8";"2020";"14:50";"1";"26";"26192";"1";"1";"1";"6";"100 Chemin des Chaux";"44,4290530";"5,0300110"
"202000023181";"8";"8";"2020";"08:35";"1";"81";"81225";"2";"1";"1";" -1";"Impasse des Saules";"43,9179890";"1,9633880"
"202000023182";"8";"8";"2020";"19:30";"1";"09";"09157";"1";"1";"1";"3";"Avenue du 11 Novembre 1918 D625";"42,9346095";"1,8494644"
"202000023183";"7";"8";"2020";"19:35";"1";"33";"33498";"2";"2";"1";"3";"Route de Caplanne";"44,5517970";" -0,9097520"
"202000023184";"9";"8";"2020";"11:45";"1";"85";"85092";"2";"1";"1";"3";"3 Rue Georges Clémenceau";"46,4660120";" -0,8057140"
"202000023185";"9";"8";"2020";"17:45";"1";"85";"85003";"1";"1";"1";"1";"1 Rue du Ruisseau";"46,7641150";" -1,6175330"
"202000023186";"8";"8";"2020";"17:40";"1";"22";"22093";"1";"1";"1";"1";"Le Champ Talva St Aaron (Lamballe)";"48,4988910";" -2,4955700"
"202000023187";"7";"8";"2020";"17:45";"1";"62";"62052";"1";"1";"7";"1";"Hameau de Warcove";"50,8576230";"1,6752140"
"202000023188";"8";"8";"2020";"11:46";"1";"13";"13117";"1";"1";"1";"2";"A7-Sens Lyon vers Marseille";"43,4333000";"5,2566000"
"202000023189";"7";"8";"2020";"00:40";"3";"13";"13216";"1";"1";"1";"7";"A55-Sens Marseille vers Martigues";"43,3582300";"5,3452500"
"202000023190";"7";"8";"2020";"22:00";"3";"13";"13214";"1";"1";"1";"6";"A7-Sens Marseille vers Lyon";"43,3298900";"5,3779800"
"202000023191";"7";"8";"2020";"21:50";"3";"01";"01249";"1";"1";"1";"6";"A42   6.290 A 8.310";"45,8158770";"4,9672830"
"202000023192";"4";"8";"2020";"17:00";"1";"69";"69385";"1";"1";"1";"2";"M6   453.400 A 455.000";"45,7528900";"4,8198900"
"202000023193";"8";"8";"2020";"15:35";"1";"33";"33167";"1";"1";"1";"2";"ROUTE NATIONALE 230";"44,8216700";" -0,5165600"
"202000023194";"7";"8";"2020";"20:30";"1";"78";"78490";"1";"1";"1";"6";"RN12 INT";"48,8002070";"1,9818060"
"202000023195";"8";"8";"2020";"06:00";"1";"92";"92036";"1";"1";"1";"6";"AUTOROUTE A15";"48,9436400";"2,2877400"
"202000023196";"8";"8";"2020";"03:20";"5";"93";"93066";"1";"1";"1";"2";"AUTOROUTE A1";"48,9103700";"2,3582600"
"202000023197";"7";"8";"2020";"18:50";"1";"93";"93007";"1";"1";"1";"2";"AUTOROUTE A1";"48,9520300";"2,4522900"
"202000023198";"7";"8";"2020";"16:15";"1";"93";"93007";"1";"1";"1";"3";"AUTOROUTE A1";"48,9520200";"2,4522900"
"202000023199";"7";"8";"2020";"08:30";"1";"974";"97411";"2";"1";"1";"6";"SAVOIE (RUE DE LA)";" -20,9059700";"55,4819500"
"202000023200";"7";"8";"2020";"08:00";"1";"974";"97411";"2";"3";"1";"3";"Route de la Rivière des Pluies";" -20,9003500";"55,4995130"
"202000023201";"7";"8";"2020";"18:15";"1";"69";"69387";"2";"2";"1";"3";"GAMBETTA                            (CO)";"45,7544200";"4,8454800"
"202000023202";"7";"8";"2020";"17:00";"1";"69";"69386";"2";"2";"1";"6";"EMERAUDES (DES)                     (R )";"45,7690300";"4,8603700"
"202000023203";"7";"8";"2020";"15:25";"1";"69";"69383";"2";"1";"1";"3";"BONNEL (DE)                         (R )";"45,7613482";"4,8417648"
"202000023204";"7";"8";"2020";"11:20";"1";"69";"69259";"2";"1";"1";"1";"ALBERT EINSTEIN                     (R )";"45,6990000";"4,8769400"
"202000023205";"7";"8";"2020";"14:50";"1";"972";"97213";"2";"1";"1";"3";"ROUTE DEPARTEMENTALE 3";"14,6670000";" -60,9951000"
"202000023206";"7";"8";"2020";"21:50";"5";"69";"69389";"2";"1";"1";"1";"ARLOING                             (QU)";"45,7731397";"4,8100255"
"202000023207";"6";"8";"2020";"13:57";"1";"971";"97101";"2";"1";"1";"4";"Frédéric JALTON";"16,2783900";" -61,4990100"
"202000023208";"7";"8";"2020";"18:40";"1";"95";"95539";"2";"6";"1";"3";"CD 125";"48,9923650";"2,3585910"
"202000023209";"7";"8";"2020";"07:30";"1";"95";"95063";"1";"1";"1";"3";"QUAI VOLTAIRE";"48,9275650";"2,2292820"
"202000023210";"6";"8";"2020";"12:10";"1";"91";"91657";"2";"1";"1";"6";"HENRI BARBUSSE (AVENUE)";"48,7016900";"2,4250500"
"202000023211";"7";"8";"2020";"11:35";"1";"91";"91114";"2";"6";"1";"3";"PIERRE PROST (AVENUE)";"48,6965800";"2,4983200"
"202000023212";"6";"8";"2020";"16:58";"1";"87";"87085";"2";"1";"1";"1";"BASTIAT (RUE FREDERIC)";"45,8829100";"1,2877600"
"202000023213";"6";"8";"2020";"11:20";"1";"86";"86194";"2";"1";"1";"2";"Rue de la Milètrie";"46,5621100";"0,3798300"
"202000023214";"7";"8";"2020";"19:30";"2";"83";"83144";"2";"1";"1";"3";"LIBERATION (AVE DE LA)";"43,1430180";"5,9918930"
"202000023215";"8";"8";"2020";"01:15";"3";"83";"83069";"2";"1";"1";"7";"DECUGIS (AVENUE ALFRED)";"43,1130100";"6,1614400"
"202000023216";"6";"8";"2020";"18:10";"1";"83";"83069";"2";"2";"7";"3";"TOULON (VIEUX CHEMIN DE)";"43,1217300";"6,1098700"
"202000023217";"6";"8";"2020";"18:40";"1";"81";"81144";"1";"2";"7";"3";"VIEILLE COTE DE LA DRECHE";"43,9691500";"2,1576000"
"202000023218";"7";"8";"2020";"08:40";"1";"78";"78403";"2";"1";"7";"6";"CHATEAUBRIAND (AVENUE)";"48,9942500";"1,8686080"
"202000023219";"7";"8";"2020";"07:35";"2";"78";"78498";"2";"2";"1";"3";"VILLIERS RUE DE";"48,9224000";"2,0358000"
"202000023220";"8";"8";"2020";"01:55";"5";"69";"69266";"2";"3";"1";"1";"EMILE ZOLA     (Cours)";"45,7691700";"4,8813600"
"202000023221";"6";"8";"2020";"21:30";"5";"69";"69264";"2";"1";"1";"2";"KALARACH  RUE DE";"45,9951800";"4,7310000"
"202000023222";"8";"6";"2020";"07:30";"1";"93";"93027";"1";"1";"1";"5";"AUTOROUTE A86";"48,9244000";"2,3884100"
"202000023223";"8";"6";"2020";"11:15";"1";"94";"94069";"1";"9";"1";"2";"A4";"48,8176057";"2,4212441"
"202000023224";"14";"1";"2020";"08:35";"2";"35";"35238";"2";"1";"2";"6";"HAUTES-OURMES (BD DES)";"48,0875950";" -1,6464110"
"202000023225";"8";"6";"2020";"07:35";"1";"974";"97411";"2";"4";"7";"6";"montgaillard (route de)";" -20,8986300";"55,4687800"
"202000023226";"8";"6";"2020";"22:05";"5";"69";"69387";"2";"9";"2";"6";"Rue du Repos";"45,7464041";"4,8500402"
"202000023227";"8";"6";"2020";"20:45";"1";"69";"69259";"2";"1";"2";" -1";"FRANCIS DE PRESSENSE                (AV)";"45,7221000";"4,8662000"
"202000023228";"8";"6";"2020";"07:40";"2";"69";"69386";"2";"2";"7";"3";"DUGUESCLIN                          (R )";"45,7670700";"4,8476400"
"202000023229";"8";"6";"2020";"09:50";"1";"972";"97213";"2";"7";"1";"2";"PIERRE ZOBDA QUITMAN (RUE)";"14,6098200";" -61,0007500"
"202000023230";"6";"8";"2020";"09:19";"1";"66";"66136";"2";"3";"1";"3";"WILSON (BOULEVARD THOMAS)";"42,7019200";"2,8957100"
"202000023231";"7";"6";"2020";"12:30";"1";"972";"97213";"2";"1";"1";"3";"ROUTE DEPARTEMENTALE 15";"14,6378500";" -61,0098100"
"202000023232";"7";"6";"2020";"11:20";"1";"2B";"2B033";"2";"1";"1";"5";"ROUTE ROYALE";"42,6766800";"9,4427500"
"202000023233";"7";"6";"2020";"06:15";"1";"971";"97113";"1";"1";"1";"1";"RN4 - SECTION RIVIERA";"16,2179300";" -61,4977100"
"202000023234";"7";"6";"2020";"03:30";"3";"971";"97113";"1";"1";"2";"3";"PETIT HAVRE (SECTEUR)";"16,2160757";" -61,4295387"
"202000023235";"5";"8";"2020";"20:11";"1";"66";"66136";"2";"1";"1";"1";"TORREILLES (AV DU DOCTEUR JEAN-LOUIS)";"42,6834733";"2,8758996"
"202000023236";"8";"6";"2020";"09:00";"1";"91";"91589";"2";"3";"1";"3";"DE LESSEPS (AVENUE FERDINAND)";"48,7037000";"2,3400000"
"202000023237";"8";"6";"2020";"08:00";"1";"91";"91216";"2";"1";"7";"6";"GRAND VAUX (RUE DE)";"48,6731710";"2,3354030"
"202000023238";"6";"8";"2020";"19:35";"1";"64";"64024";"2";"1";"1";"3";"BAYONNE (AVENUE DE)";"43,4807000";" -1,5138000"
"202000023239";"6";"6";"2020";"18:17";"1";"91";"91182";"2";"1";"1";" -1";"VERSAILLES (ROUTE DE)";"48,6184600";"2,4039800"
"202000023240";"6";"8";"2020";"19:00";"1";"64";"64024";"2";"1";"1";"3";"BAB (BOULEVARD DU)";"43,4939549";" -1,5251101"
"202000023241";"8";"6";"2020";"17:45";"1";"91";"91631";"2";"1";"8";"6";"MANDRES (RUE DE)";"48,6807000";"2,5585000"
"202000023242";"5";"8";"2020";"19:01";"1";"63";"63113";"2";"1";"1";"2";"LAGARLAYE (RUE DE)";"45,7736986";"3,0815784"
"202000023243";"6";"6";"2020";"09:40";"1";"91";"91552";"2";"3";"1";"2";"CHANTELOUP (RUE DE)";"48,5966610";"2,2501100"
"202000023244";"6";"8";"2020";"20:00";"2";"62";"62119";"2";"1";"1";"3";"SAINT OMER (  RUE DE )";"50,5170290";"2,6368800"
"202000023245";"8";"6";"2020";"08:48";"1";"87";"87085";"1";"3";"1";"3";"Avenue Georges Guingouin";"45,9027700";"1,2963100"
"202000023246";"27";"7";"2020";"18:45";"1";"60";"60159";"2";"3";"1";"3";"Rue du Docteur Calmette";"49,4000566";"2,7934851"
"202000023247";"6";"6";"2020";"09:05";"1";"87";"87085";"1";"1";"1";"6";"Rue Georges Briquet";"45,9027700";"1,2963100"
"202000023248";"7";"8";"2020";"17:50";"1";"60";"60057";"2";"1";"1";"6";"Avenue du 8 Mai 1945";"49,4409007";"2,0964197"
"202000023249";"5";"6";"2020";"15:42";"1";"87";"87085";"1";"3";"1";"3";"Georges GUINGOUIN(rue)";"45,9027700";"1,2963100"
"202000023250";"6";"6";"2020";"18:15";"1";"85";"85194";"2";"1";"1";"6";"Promenade Georges V";"46,4958900";" -1,7962300"
"202000023251";"6";"8";"2020";"14:30";"1";"58";"58194";"2";"1";"1";"2";"MARECHAL JUIN";"47,0044500";"3,1538400"
"202000023252";"5";"6";"2020";"21:10";"2";"85";"85194";"2";"1";"1";"6";"Allée des Cèdres";"46,5061300";" -1,7685800"
"202000023253";"7";"8";"2020";"12:56";"1";"57";"57221";"2";"2";"1";"3";"NATIONALE (RUE)";"49,3177200";"6,1131600"
"202000023254";"20";"5";"2020";"10:45";"1";"85";"85194";"2";"1";"1";"6";"Rue Ernest Landrieau";"46,5077000";" -1,7535400"
"202000023255";"23";"7";"2020";"11:00";"1";"57";"57606";"2";"1";"1";" -1";"ALTMAYER (RUE DES GENERAUX)";"49,1250834";"6,7248012"
"202000023256";"8";"6";"2020";"07:00";"1";"83";"83062";"2";"3";"1";"3";"FABRI DE PEIRESC (AVENUE)";"43,1408510";"6,0298910"
"202000023257";"6";"8";"2020";"11:42";"1";"56";"56260";"2";"1";"1";"3";"AOUT 1944(RUE DU 4)";"47,6747400";" -2,7592800"
"202000023258";"7";"6";"2020";"02:00";"5";"83";"83069";"2";"1";"1";"1";"MEDITERRANEE (AVENUE DE LA)";"43,0761700";"6,1537400"
"202000023259";"6";"8";"2020";"12:40";"1";"54";"54395";"2";"1";"1";"6";"POINCARE (RUE RAYMOND 1-29-2-30)";"48,6900250";"6,1717636"
"202000023260";"7";"6";"2020";"18:30";"1";"81";"81163";"2";"3";"1";"3";"TASSIGNY (DE LATTRE DE)";"43,4895200";"2,3706300"
"202000023261";"5";"8";"2020";"21:45";"5";"54";"54329";"2";"1";"1";"2";"RD31";"48,5818800";"6,5041600"
"202000023262";"5";"6";"2020";"17:10";"1";"80";"80261";"1";"1";"1";"4";"RD 1001";"49,8617700";"2,2693500"
"202000023263";"6";"6";"2020";"13:20";"1";"76";"76108";"2";"1";"1";"3";"rue de verdun";"49,4755700";"1,1236300"
"202000023264";"6";"8";"2020";"18:30";"1";"52";"52448";"2";"9";"1";"3";"BLUM (RUE LEON)";"48,6423100";"4,9687500"
"202000023265";"7";"6";"2020";"15:20";"1";"76";"76341";"2";"1";"1";" -1";"RD 6382";"49,5110800";"0,1993300"
"202000023266";"6";"8";"2020";"16:40";"1";"50";"50203";"1";"1";"1";"7";"VENTE (ROUTE DE LA)";"49,5974300";" -1,5899900"
"202000023267";"7";"8";"2020";"17:30";"1";"45";"45004";"2";"1";"1";"3";"PONTS (RUE DES)";"47,9675400";"2,7719700"
"202000023268";"5";"6";"2020";"13:10";"1";"67";"67482";"2";"3";"8";"3";"MITTELHAUSBERGEN (ROUTE DE)";"48,6023470";"7,7084870"
"202000023269";"5";"6";"2020";"11:15";"1";"67";"67482";"2";"3";"8";"6";"GENERAL KOENIG (QUAI DU)";"48,5753630";"7,7544310"
"202000023270";"6";"8";"2020";"22:40";"3";"44";"44184";"1";"1";"1";"1";"RD 492 DU PONT BD HÔPITAL A ÉCHANGEUR CR";"47,2740900";" -2,2484900"
"202000023271";"8";"6";"2020";"14:11";"1";"66";"66136";"1";"1";"1";"2";"Départementale 914";"42,6655900";"2,9186700"
"202000023272";"28";"5";"2020";"19:15";"1";"64";"64445";"2";"1";"1";"7";"NOLIVOS DE";"43,3040800";" -0,3765900"
"202000023273";"8";"6";"2020";"08:21";"1";"64";"64024";"2";"1";"2";"6";"PITOYS (ROUTE DE)";"43,4644200";" -1,5013800"
"202000023274";"6";"8";"2020";"11:20";"1";"42";"42184";"2";"4";"1";"3";"Rue Pierre Dubreuil";"46,0547236";"4,0426858"
"202000023275";"3";"6";"2020";"19:30";"1";"62";"62178";"1";"3";"1";" -1";"AIRE ( D')";"50,4943910";"2,5440060"
"202000023276";"5";"6";"2020";"11:00";"1";"57";"57672";"2";"1";"1";"6";"VERDUN (RUE DE)";"49,3501600";"6,1585700"
"202000023277";"27";"7";"2020";"17:40";"1";"38";"38053";"2";"1";"1";"3";"Route de Lyon";"45,5858400";"5,2569200"
"202000023278";"6";"6";"2020";"13:05";"1";"56";"56121";"2";"1";"1";"3";"FREBAULT (RUE  DU GENERAL )";"47,7403500";" -3,3745500"
"202000023279";"7";"8";"2020";"16:43";"1";"37";"37233";"2";"2";"1";"3";"LENINE (AVENUE)";"47,3941006";"0,7383170"
"202000023280";"5";"6";"2020";"10:50";"1";"56";"56098";"2";"3";"1";"3";"JAURES (RUE  JEAN )";"47,7690700";" -3,3520800"
"202000023281";"7";"8";"2020";"18:15";"1";"35";"35206";"1";"1";"1";"2";"RN136";"48,0790500";" -1,6901500"
"202000023282";"8";"6";"2020";"11:00";"1";"54";"54395";"2";"9";"1";"2";"MARIN (VIADUC LOUIS)";"48,7000321";"6,1837086"
"202000023283";"5";"6";"2020";"17:35";"1";"54";"54547";"2";"2";"2";"6";"LISBONNE (RUE DE)";"48,6614397";"6,1690646"
"202000023284";"5";"8";"2020";"14:30";"1";"35";"35115";"2";"1";"1";"6";"10 Place de la République";"48,3493352";" -1,1953553"
"202000023285";"7";"8";"2020";"18:20";"1";"34";"34172";"2";"1";"1";"6";"TOULOUSE (AVENUE DE";"43,5939490";"3,8604040"
"202000023286";"6";"6";"2020";"14:00";"1";"52";"52448";"2";"1";"1";"3";"TARTELOTTES (CHEMIN DES)";"48,6361200";"4,9185500"
"202000023287";"8";"6";"2020";"17:55";"1";"51";"51454";"2";"3";"1";"3";"Boulevard Pasteur";"49,2504471";"4,0424170"
"202000023288";"6";"8";"2020";"22:17";"3";"34";"34198";"1";"1";"1";"6";"D66  VOIE RAPIDE";"43,5576800";"3,9643900"
"202000023289";"7";"6";"2020";"11:49";"1";"49";"49007";"2";"1";"1";"3";"LARREY";"47,4793400";" -0,5556400"
"202000023290";"8";"6";"2020";"16:54";"1";"37";"37261";"2";"2";"1";" -1";"MARCEAU (RUE)";"47,3935496";"0,6850364"
"202000023291";"8";"6";"2020";"13:37";"1";"37";"37261";"2";"1";"2";"2";"NAPOLEON (PONT)";"47,3966145";"0,6767601"
"202000023292";"7";"8";"2020";"16:25";"1";"33";"33063";"2";"3";"1";"1";"RUE ROBERT SCHUMAN / PCE DE L'EUROPE";"44,8591800";" -0,5824200"
"202000023293";"8";"6";"2020";"13:45";"1";"35";"35238";"2";"9";"1";"3";"Rue du Bosphore";"48,0845000";" -1,6768000"
"202000023294";"7";"8";"2020";"14:05";"1";"33";"33063";"2";"2";"1";"1";"AVE DU MARECHAL DE LATTRE DE TASSIGNY / RUE SOUBIRAS";"44,8570400";" -0,6198928"
"202000023295";"8";"8";"2020";"02:20";"5";"33";"33529";"1";"6";"1";"6";"Chemin de Camicas";"44,6467000";" -1,1583100"
"202000023296";"8";"6";"2020";"16:30";"1";"33";"33318";"2";"3";"1";"3";"AVE JEANNE D'ARC / ALL DES GERANIUMS";"44,8142700";" -0,6382300"
"202000023297";"24";"5";"2020";"19:10";"1";"33";"33063";"2";"1";"1";"2";"PONT Jacques CHABAN-DELMAS";"44,8598900";" -0,5532800"
"202000023298";"4";"8";"2020";"16:00";"1";"29";"29254";"2";"6";"1";"3";"Route de Sainte-Sève";"48,5720300";" -3,8489800"
"202000023299";"7";"6";"2020";"11:30";"1";"33";"33529";"1";"1";"1";"1";"BISCAROSSE (AVE) DUNE VERS BISCA";"44,5964100";" -1,1959400"
"202000023300";"7";"8";"2020";"04:00";"3";"29";"29039";"1";"1";"1";"7";"D122 - Rue Yves Trichard";"47,8785693";" -3,8537638"
"202000023301";"8";"6";"2020";"09:15";"1";"33";"33529";"2";"1";"1";"5";"BISCAROSSE (AVE DE) JUSQU'A DUNE";"44,6060600";" -1,2025000"
"202000023302";"6";"6";"2020";"22:50";"5";"31";"31557";"2";"1";"3";"7";"PEYRETTE (CH DE LA)";"43,5866500";"1,3188300"
"202000023303";"7";"8";"2020";"19:10";"1";"29";"29019";"2";"4";"1";"3";"Boulevard Léon Blum";"48,4014000";" -4,4839700"
"202000023304";"5";"6";"2020";"21:00";"5";"31";"31555";"2";"1";"1";"6";"CHE DE LA GARONNE";"43,6209469";"1,4040562"
"202000023305";"7";"8";"2020";"07:25";"1";"27";"27681";"2";"1";"1";"6";"POTARD (RUE)";"49,0943600";"1,4845800"
"202000023306";"8";"6";"2020";"17:15";"1";"17";"17300";"2";"1";"1";"6";"CARNOT   AVENUE";"46,1653500";" -1,1863420"
"202000023307";"8";"6";"2020";"12:00";"1";"17";"17300";"2";"6";"1";"3";"DOMPIERRE   RUE DE";"46,1635000";" -1,1385600"
"202000023308";"7";"6";"2020";"19:15";"1";"14";"14118";"2";"1";"1";"1";"MASSE (RUE DE LA)";"49,1875800";" -0,3452600"
"202000023309";"1";"8";"2020";"09:35";"1";"18";"18033";"1";"4";"1";"1";"N/A";"47,0744800";"2,3475400"
"202000023310";"8";"6";"2020";"21:10";"2";"13";"13215";"2";"1";"1";"5";"LYON (RUE DE)";"43,3404784";"5,3611151"
"202000023311";"8";"6";"2020";"12:30";"1";"13";"13201";"2";"1";"1";"3";"GRIGNAN (RUE)     12 A FIN";"43,2917000";"5,3749700"
"202000023312";"7";"8";"2020";"11:00";"1";"13";"13202";"2";"1";"1";"3";"ARENC (QUAI D')";"43,3152627";"5,3651502"
"202000023313";"7";"6";"2020";"01:55";"5";"13";"13201";"2";"1";"1";" -1";"CANEBIERE     70 A FIN";"43,2977000";"5,3813000"
"202000023314";"7";"8";"2020";"20:33";"2";"13";"13047";"1";"1";"1";"7";"D.10";"43,5929700";"4,9672100"
"202000023315";"6";"6";"2020";"19:53";"1";"13";"13201";"2";"1";"1";"3";"BRETEUIL (RUE)    2 A 18";"43,2921910";"5,3750390"
"202000023316";"6";"8";"2020";"19:35";"1";"13";"13047";"2";"1";"1";"2";"RADOLFZELL AVENUE DE";"43,5009570";"4,9925080"
"202000023317";"8";"6";"2020";"17:05";"1";"13";"13047";"2";"1";"1";"1";"LAVALDUC CHEMIN DE";"43,4808050";"4,9649180"
"202000023318";"7";"8";"2020";"20:45";"2";"13";"13001";"2";"1";"1";"7";"MARSEILLE (ROUTE DE )";"43,4725980";"5,4092440"
"202000023319";"8";"6";"2020";"15:25";"1";"06";"06027";"2";"9";"8";"2";"CAMPANETTE CHEMIN DE LA";"43,6710000";"7,1640000"
"202000023320";"7";"8";"2020";"19:20";"1";"12";"12176";"1";"1";"1";"7";"ROUTE DES HAUTS D' ONET";"44,3767200";"2,5520800"
"202000023321";"7";"6";"2020";"20:50";"1";"05";"05061";"2";"3";"1";"3";"VOLTAIRE ( SQUARE )";"44,5571500";"6,0770200"
"202000023322";"7";"8";"2020";"22:00";"5";"10";"10387";"2";"1";"1";"7";"BEAUREGARD (CHEMIN)";"48,2853900";"4,0797500"
"202000023323";"5";"6";"2020";"11:55";"1";"05";"05061";"2";"1";"1";"7";"EYSSAGNIERES ( ROUTE DES )";"44,5379400";"6,0516500"
"202000023324";"8";"6";"2020";"15:30";"1";"75";"75120";"2";"1";"8";"2";"PORTE DE MONTREUIL";"48,8590330";"2,4141100"
"202000023325";"7";"8";"2020";"10:39";"1";"10";"10387";"2";"2";"1";" -1";"VEON A L'ANE (RUE)";"48,2911000";"4,1033000"
"202000023326";"7";"6";"2020";"14:35";"1";"75";"75114";"2";"4";"1";"3";"BOULEVARD PERIPHERIQUE";"48,8165800";"2,3426360"
"202000023327";"6";"8";"2020";"23:30";"5";"10";"10333";"2";"9";"1";"6";"ANDRE MAUGOUT (RUE)";"48,2839800";"4,0596100"
"202000023328";"7";"6";"2020";"12:30";"1";"75";"75106";"2";"7";"1";"6";"PLACE EDMOND ROSTAND";"48,8472480";"2,3407900"
"202000023329";"7";"6";"2020";"23:10";"5";"75";"75118";"2";"2";"1";"3";"BOULEVARD BARBES";"48,8838490";"2,3494760"
"202000023330";"6";"8";"2020";"16:08";"1";"10";"10387";"2";"2";"7";"4";"ANDRE MALRAUX (RUE)";"48,3120500";"4,0832100"
"202000023331";"8";"6";"2020";"17:29";"1";"75";"75115";"2";"2";"1";"6";"RUE DU THEATRE";"48,8461750";"2,2951740"
"202000023332";"7";"8";"2020";"12:45";"1";"06";"06088";"2";"2";"1";"3";"RIQUIER (BD DE)";"43,7037720";"7,2899090"
"202000023333";"8";"6";"2020";"16:20";"1";"75";"75113";"2";"3";"1";"2";"AVENUE D ITALIE";"48,8204240";"2,3590650"
"202000023334";"7";"8";"2020";"23:15";"5";"06";"06083";"2";"3";"1";"3";"SOSPEL (AVENUE DE, N° 1 A 55)";"43,7793280";"7,4935860"
"202000023335";"7";"8";"2020";"07:50";"1";"06";"06069";"1";"1";"1";"3";"PEGOMAS (ROUTE DE)";"43,6251350";"6,9273880"
"202000023336";"8";"6";"2020";"17:10";"1";"75";"75111";"2";"3";"1";"3";"RUE DE CRUSSOL";"48,8638610";"2,3669450"
"202000023337";"8";"6";"2020";"13:25";"1";"75";"75111";"2";"2";"1";"6";"AVENUE DE LA REPUBLIQUE";"48,8660020";"2,3706610"
"202000023338";"7";"8";"2020";"20:35";"5";"06";"06123";"2";"3";"1";"3";"DE GAULLE GENERAL AVENUE";"43,6649000";"7,1934000"
"202000023339";"8";"6";"2020";"09:40";"1";"75";"75111";"2";"4";"8";"1";"RUE SAINT MAUR";"48,8594350";"2,3827550"
"202000023340";"5";"8";"2020";"19:10";"1";"03";"03310";"2";"3";"7";"6";"Avenue Thermale";"46,1264113";"3,4198965"
"202000023341";"8";"6";"2020";"10:30";"1";"75";"75109";"2";"1";"1";"6";"RUE GODOT DE MAUROY";"48,8719790";"2,3273150"
"202000023342";"7";"8";"2020";"12:00";"1";"01";"01053";"2";"3";"1";"3";"HERRIOT ( BOULEVARD EDOUARD COTE IMPAIR)";"46,2129570";"5,2183080"