"Num_Acc";"jour";"mois";"an";"hrmn";"lum";"dep";"com";"agg";"int";"atm";"col";"adr";"lat";"long"
"202000023343";"8";"6";"2020";"15:55";"1";"75";"75107";"2";"4";"1";"3";"RUE DE LUYNES";"48,8547190";"2,3259970"
"202000023344";"8";"6";"2020";"15:15";"1";"75";"75104";"2";"3";"1";"7";"RUE DE RIVOLI";"48,8550650";"2,3616770"
"202000023345";"5";"8";"2020";"16:20";"1";"01";"01289";"1";"2";"1";"3";"DOMBES (AVENUE DE LA)";"46,1804000";"5,1949000"
"202000023346";"8";"6";"2020";"12:20";"1";"75";"75103";"2";"4";"1";"3";"RUE DE TURBIGO";"48,8668000";"2,3620020"
"202000023347";"7";"8";"2020";"08:28";"1";"75";"75106";"2";"1";"1";"1";"QUAI DE CONTI";"48,8576870";"2,3371730"
"202000023348";"8";"6";"2020";"12:15";"1";"75";"75104";"2";"3";"1";"2";"RUE DES ARCHIVES";"48,8589700";"2,3557290"
"202000023349";"7";"8";"2020";"17:00";"1";"75";"75120";"2";"2";"1";"3";"RUE BELGRAND";"48,8646860";"2,4041230"
"202000023350";"8";"6";"2020";"19:21";"1";"94";"94074";"2";"1";"1";"6";"JULIEN DURANTON (avenue)";"48,7655000";"2,4476400"
"202000023351";"6";"8";"2020";"12:00";"1";"75";"75115";"2";"2";"1";"7";"RUE DESAIX";"48,8537940";"2,2941610"
"202000023352";"8";"6";"2020";"19:30";"1";"94";"94041";"2";"3";"1";"3";"LOUIS BERTRAND (R)";"48,8168200";"2,3786400"
"202000023353";"7";"8";"2020";"13:00";"1";"75";"75114";"2";"2";"1";"7";"RUE MOUTON DUVERNET";"48,8319990";"2,3274190"
"202000023354";"8";"6";"2020";"10:55";"1";"94";"94001";"2";"1";"1";"6";"SAINT GEORGES (R)";"48,7222000";"2,4185000"
"202000023355";"6";"6";"2020";"15:40";"1";"94";"94079";"2";"1";"1";"6";"MAURICE DUDRAGNE (R)";"48,8318810";"2,5495500"
"202000023356";"7";"8";"2020";"08:10";"1";"75";"75113";"2";"3";"1";"6";"BOULEVARD AUGUSTE BLANQUI";"48,8302860";"2,3472010"
"202000023357";"5";"8";"2020";"01:00";"5";"75";"75112";"2";"7";"1";"6";"AVENUE DAUMESNIL";"48,8349650";"2,4081680"
"202000023358";"8";"6";"2020";"18:25";"1";"93";"93072";"2";"1";"1";"2";"MARCEL CACHIN (AVENUE) DES N°1 AU 17";"48,9574700";"2,3826500"
"202000023359";"8";"6";"2020";"07:35";"1";"93";"93070";"2";"1";"1";"6";"VICTOR-HUGO (BD)";"48,9058370";"2,3240997"
"202000023360";"7";"8";"2020";"16:25";"1";"75";"75111";"2";"2";"1";"3";"AVENUE DE LA REPUBLIQUE";"48,8640040";"2,3812040"
"202000023361";"7";"6";"2020";"18:00";"1";"93";"93070";"2";"7";"1";"3";"VICTOR-HUGO (BD)";"48,9058735";"2,3240865"
"202000023362";"7";"8";"2020";"17:40";"1";"75";"75108";"2";"2";"7";"6";"AVENUE PERCIER";"48,8736860";"2,3144750"
"202000023363";"8";"6";"2020";"11:45";"1";"93";"93066";"2";"1";"1";"3";"""LANDY RD 20, NR IMPAIRS 146 A 254""";"48,9146100";"2,3480600"
"202000023364";"5";"6";"2020";"15:39";"1";"93";"93066";"2";"1";"8";"6";"BD ANATOLE FRANCE";"48,9272422";"2,3528650"
"202000023365";"8";"6";"2020";"12:30";"1";"93";"93014";"2";"1";"1";"2";"POSTES (CHEMIN DES)";"48,9086270";"2,5351960"
"202000023366";"8";"6";"2020";"17:08";"1";"93";"93001";"2";"3";"8";"5";"AV DU PRESIDENT ROOSEVELT / R EDGARD QUINET";"48,9164196";"2,3801305"
"202000023367";"7";"8";"2020";"16:20";"1";"75";"75108";"2";"7";"1";"3";"PLACE DE LA CONCORDE";"48,8640660";"2,3201170"
"202000023368";"5";"6";"2020";"17:01";"1";"92";"92063";"2";"6";"1";"3";"HUIT MAI 1945 (PLACE DU)";"48,8714449";"2,2032282"
"202000023369";"8";"6";"2020";"19:45";"2";"92";"92044";"2";"2";"1";"3";"BARBES (RUE)";"48,8903400";"2,2817600"
"202000023370";"7";"3";"2020";"08:15";"2";"75";"75108";"2";"2";"1";"6";"AVENUE PIERRE 1ER DE SERBIE";"48,8683847";"2,3011154"
"202000023371";"6";"6";"2020";"00:34";"5";"92";"92036";"2";"2";"1";"2";"LAURENT CELY (AVENUE) (145/329)";"48,9306910";"2,3017950"
"202000023372";"6";"8";"2020";"23:50";"5";"75";"75114";"2";"1";"1";"3";"RUE FRIANT";"48,8257640";"2,3243420"
"202000023373";"9";"6";"2020";"21:10";"2";"24";"24010";"2";"6";"1";"2";"D3";"45,1726290";"0,5923180"
"202000023374";"7";"8";"2020";"18:15";"1";"75";"75103";"2";"1";"1";"7";"RUE REAUMUR";"48,8657360";"2,3549430"
"202000023375";"9";"6";"2020";"17:05";"1";"25";"25055";"1";"1";"1";"2";"A36";"47,1934600";"5,7775000"
"202000023376";"7";"8";"2020";"19:00";"1";"93";"93059";"2";"1";"1";"6";"PL DU GENERAL LECLERC";"48,9641200";"2,3716600"
"202000023377";"8";"6";"2020";"07:00";"1";"73";"73330";"2";"1";"8";"3";"D44 Bas Somont";"45,7126820";"5,7901600"
"202000023378";"8";"6";"2020";"17:35";"1";"974";"97422";"1";"1";"1";"6";"49 Rue Georges Pompidou";" -21,2652330";"55,5229090"
"202000023379";"6";"8";"2020";"09:20";"1";"93";"93066";"2";"2";"1";"6";"""LANDY RD 20, NR IMPAIRS 1 A 144""";"48,9155193";"2,3575515"
"202000023380";"9";"6";"2020";"15:31";"1";"67";"67089";"1";"1";"1";"1";"D421";"48,7502190";"7,4528290"
"202000023381";"7";"8";"2020";"08:50";"1";"93";"93064";"2";"1";"1";"6";"CAVARE (RUE PAUL)";"48,8730272";"2,4851632"
"202000023382";"8";"6";"2020";"17:15";"1";"51";"51612";"1";"1";"1";"3";"D36";"48,9170570";"3,9819650"
"202000023383";"8";"6";"2020";"20:05";"1";"56";"56078";"2";"1";"1";"6";"11 Rue Herbert Clémens";"47,7769790";" -3,5160340"
"202000023384";"31";"5";"2020";"04:00";"3";"76";"76419";"1";"1";"1";"7";"Rue du Village";"49,3973870";"0,8830150"
"202000023385";"7";"6";"2020";"18:50";"1";"65";"65362";"2";"3";"8";"6";"rue saint vincent";"42,9630610";" -0,0724360"
"202000023386";"9";"6";"2020";"16:50";"1";"61";"61329";"1";"2";"1";"3";"La Hulberdiere";"48,4464040";"0,5174410"
"202000023387";"9";"6";"2020";"01:00";"4";"41";"41231";"2";"1";"8";"6";"Rue de la Ferte-beauharnais";"47,5244640";"1,9260250"
"202000023388";"18";"5";"2020";"20:30";"2";"86";"86281";"2";"1";"1";"6";"20 Rue des Ormeaux";"46,6938520";"0,2133520"
"202000023389";"9";"6";"2020";"11:30";"1";"22";"22135";"1";"1";"1";"1";"Keranfiol";"48,5938570";" -3,3591610"
"202000023390";"15";"5";"2020";"16:40";"1";"44";"44152";"1";"4";"1";"3";"Rue de l'Étang";"47,4564270";" -2,0051820"
"202000023391";"8";"6";"2020";"11:15";"1";"44";"44069";"1";"3";"1";"2";"D774";"47,3105470";" -2,4296680"
"202000023392";"4";"6";"2020";"17:55";"1";"44";"44084";"2";"2";"1";"3";"Rue Louis Retailleau";"47,2369660";" -1,3534430"
"202000023393";"9";"6";"2020";"13:55";"1";"31";"31037";"1";"1";"1";"6";"Piqueraisin";"43,3610250";"1,7750680"
"202000023394";"7";"6";"2020";"15:00";"1";"03";"03303";"2";"1";"1";"7";"N/A";"46,4898856";"2,7397301"
"202000023395";"7";"6";"2020";"01:15";"4";"15";"15127";"1";"1";"1";"6";"D21";"45,2503010";"3,1478080"
"202000023396";"9";"6";"2020";"11:30";"1";"26";"26165";"1";"1";"2";"6";"100 chemin du Chamialoux ";"44,7783700";"4,8132460"
"202000023397";"9";"6";"2020";"17:10";"1";"66";"66015";"1";"1";"1";"6";"D 900";"42,5789030";"2,8503700"
"202000023398";"9";"6";"2020";"21:00";"2";"90";"90056";"1";"1";"2";"7";"Rue d'Alsace";"47,5387170";"7,0081620"
"202000023399";"6";"6";"2020";"08:55";"1";"09";"09326";"2";"1";"2";"5";"Le Coche La Remise";"42,7716170";"1,7178960"
"202000023400";"8";"6";"2020";"02:00";"3";"18";"18242";"1";"1";"1";"6";"Route de Véreaux";"46,8442650";"2,9123160"
"202000023401";"9";"6";"2020";"19:55";"2";"16";"16028";"2";"3";"1";"1";"N/A";"45,4753720";" -0,1580270"
"202000023402";"8";"6";"2020";"10:30";"1";"07";"07304";"1";"1";"1";"7";"Départementale 579";"44,3924880";"4,3780520"
"202000023403";"7";"6";"2020";"18:55";"1";"07";"07280";"2";"3";"1";" -1";"Rue Gaston Roussel";"44,3402100";"4,1518500"
"202000023404";"9";"6";"2020";"10:00";"1";"21";"21023";"1";"3";"8";"3";"D906";"47,1384760";"4,4638610"
"202000023405";"7";"6";"2020";"20:50";"1";"40";"40240";"1";"1";"1";"6";"1345 Route de Grenade";"43,7593280";" -0,3642920"
"202000023406";"9";"6";"2020";"11:30";"1";"27";"27056";"2";"6";"1";"6";"Place de Verdun";"49,0875500";"0,5925600"
"202000023407";"8";"6";"2020";"16:40";"1";"28";"28418";"1";"2";"1";"3";"D127";"48,1376690";"1,5036460"
"202000023408";"7";"6";"2020";"18:00";"5";"974";"97420";"1";"1";"1";"6";"21 Avenue Mahatma Gandhi";" -20,9269960";"55,6314560"
"202000023409";"9";"6";"2020";"08:10";"1";"971";"97115";"1";"1";"1";"3";"Routa";"16,2606580";" -61,6318740"
"202000023410";"8";"6";"2020";"15:30";"1";"78";"78460";"1";"1";"1";"7";"chemin des fossés";"49,0208160";"1,8517110"
"202000023411";"8";"6";"2020";"19:30";"1";"30";"30042";"1";"1";"1";"3";"Route d'Anduze";"44,0488560";"4,0145370"
"202000023412";"3";"6";"2020";"15:40";"1";"34";"34056";"1";"1";"1";"1";"D161";"43,4313100";"3,4440100"
"202000023413";"9";"6";"2020";"14:30";"1";"83";"83112";"2";"9";"1";"3";"Route de la Ciotat";"43,1801970";"5,6749370"
"202000023414";"8";"6";"2020";"09:15";"1";"54";"54397";"2";"1";"1";"3";"Rue Louis Lumiere";"48,6153810";"6,0898910"
"202000023415";"7";"6";"2020";"06:30";"2";"74";"74226";"1";"1";"3";"6";"1455 Route Santadrionne";"46,1915520";"6,3835720"
"202000023416";"6";"6";"2020";"16:15";"1";"01";"01049";"1";"1";"1";"3";"Route de Thil";"45,8467450";"5,0464670"
"202000023417";"2";"6";"2020";"14:15";"1";"14";"14712";"1";"1";"1";"1";"D675";"49,1790829";" -0,2044779"
"202000023418";"28";"4";"2020";"10:00";"1";"60";"60282";"2";"3";"1";"6";"Rue de la Source";"49,1917280";"2,4585729"
"202000023419";"8";"6";"2020";"18:45";"1";"13";"13211";"1";"1";"1";"2";"A50-Sens Aubagne vers Marseille";"43,2877000";"5,5030000"
"202000023420";"6";"6";"2020";"19:00";"1";"83";"83062";"1";"1";"1";"3";"A57";"43,1437632";"6,0231203"
"202000023421";"5";"6";"2020";"19:50";"1";"67";"67218";"1";"1";"8";"3";"Autoroute A35";"48,5436280";"7,7243980"
"202000023422";"8";"6";"2020";"18:30";"1";"91";"91661";"1";"1";"1";"3";"AUTOROUTE A10";"48,7051440";"2,2495410"
"202000023423";"8";"6";"2020";"10:50";"1";"91";"91363";"1";"1";"1";"6";"RN 104";"48,6429100";"2,1980700"
"202000023424";"8";"6";"2020";"10:00";"1";"91";"91340";"1";"1";"1";"5";"RN 104";"48,6104000";"2,4345000"
"202000023425";"6";"6";"2020";"21:15";"1";"93";"93066";"1";"1";"1";"4";"AUTOROUTE A1";"48,9180700";"2,3573600"
"202000023426";"6";"6";"2020";"19:50";"1";"95";"95572";"1";"1";"1";"2";" A15";"49,0293800";"2,1262900"
"202000023427";"8";"6";"2020";"12:00";"1";"77";"77495";"1";"1";"1";" -1";"A5b";"48,5827000";"2,6375000"
"202000023428";"22";"2";"2020";"12:30";"1";"64";"64024";"2";"3";"1";"3";"DOUS BOS (RUE DE)";"43,4891900";" -1,5006000"
"202000023429";"7";"3";"2020";"19:20";"5";"93";"93077";"2";"4";"1";"1";"AV DU GENERAL GALLIENI / R CHARLES HILDEVERT";"48,8921000";"2,5055200"
"202000023430";"11";"3";"2020";"06:30";"2";"93";"93001";"2";"2";"1";"3";"HENRI BARBUSSE (RUE)  111 =>";"48,9088400";"2,3905800"
"202000023431";"16";"3";"2020";"17:40";"1";"37";"37050";"2";"1";"8";"1";"Rue Philippe Maupas";"47,3365820";"0,6936676"
"202000023432";"6";"6";"2020";"21:35";"5";"974";"97416";"2";"1";"8";"6";"BONS ENFANTS (RUE DES)";" -21,3396700";"55,4740300"
"202000023433";"6";"6";"2020";"23:55";"4";"973";"97302";"2";"2";"1";"3";"LALLOUETTE(RUE)";"4,9397453";" -52,3333008"
"202000023434";"7";"6";"2020";"10:10";"1";"69";"69386";"2";"1";"1";"3";"CHARLES DE GAULLE                   (QU)";"45,7791200";"4,8452000"
"202000023435";"6";"6";"2020";"20:30";"5";"69";"69382";"2";"3";"1";" -1";"GASPARIN                            (R )";"45,7594700";"4,8333700"
"202000023436";"7";"6";"2020";"05:50";"2";"69";"69034";"2";"1";"8";"6";"COSTE                               (R )";"45,7885400";"4,8348400"
"202000023437";"6";"6";"2020";"09:45";"1";"69";"69389";"2";"1";"1";"1";"PIERRE SCIZE                        (QU)";"45,7670701";"4,8152067"
"202000023438";"6";"6";"2020";"21:05";"2";"2B";"2B033";"2";"6";"1";"3";"GIACCOBBI - AV PAUL";"42,6715000";"9,4425000"
"202000023439";"7";"6";"2020";"04:00";"2";"95";"95598";"2";"6";"1";"6";"DOCTEUR SCHWEITZER  RUE DU";"48,9954000";"2,3026000"
"202000023440";"7";"6";"2020";"17:00";"1";"69";"69256";"2";"1";"1";"3";"FERME (DE LA)                       (CH)";"45,7871400";"4,9134400"
"202000023441";"6";"6";"2020";"09:50";"1";"69";"69029";"2";"2";"1";"3";"MARECHAL DE LATTRE DE TASSIGNY      (R )";"45,7315836";"4,9177654"
"202000023442";"6";"6";"2020";"15:40";"1";"69";"69266";"2";"1";"8";"6";"LOUIS GUERIN     (Rue)";"45,7757418";"4,8600829"
"202000023443";"7";"6";"2020";"23:09";"5";"65";"65440";"2";"2";"2";"3";"MAQUIS DE SOMBRUN (RUE DU)";"43,2431800";"0,0615900"
"202000023444";"7";"6";"2020";"17:20";"1";"62";"62160";"2";"9";"1";"6";"SANDETTIE (Rue du)";"50,7360200";"1,6021200"
"202000023445";"7";"6";"2020";"16:38";"1";"62";"62328";"2";"3";"1";"3";"BRUNEHAUT (CHAUSSEE)";"50,5202900";"2,4223600"
"202000023446";"6";"6";"2020";"12:15";"1";"50";"50147";"2";"3";"1";"3";"DIVISION LECLERC";"49,0561000";" -1,4386300"
"202000023447";"6";"6";"2020";"20:00";"1";"44";"44055";"1";"1";"1";"2";"Route de la Saudraie";"47,3013870";" -2,3581880"
"202000023448";"6";"6";"2020";"20:17";"1";"37";"37261";"2";"1";"1";"1";"ROYER (BD JEAN)";"47,3806238";"0,6873233"
"202000023449";"7";"6";"2020";"17:20";"1";"29";"29051";"1";"2";"1";"3";"Route de Coray ";"48,0049000";" -4,0327500"
"202000023450";"2";"6";"2020";"18:30";"1";"14";"14118";"2";"3";"1";"6";"SAINT JEAN (RUE (DE 33 ET + ET 38 ET +)";"49,1802500";" -0,3580400"
"202000023451";"7";"6";"2020";"23:30";"5";"13";"13208";"2";"2";"1";"3";"PRADO (contre allée)";"43,2750320";"5,3895380"
"202000023452";"7";"6";"2020";"21:30";"5";"13";"13201";"2";"9";"1";"7";"CANEBIERE     70 A FIN";"43,2977000";"5,3816000"
"202000023453";"7";"6";"2020";"18:00";"1";"13";"13207";"2";"1";"1";"6";"Corniche John Fitzgérald Kennedy";"43,2789200";"5,3541200"
"202000023454";"7";"6";"2020";"10:45";"1";"13";"13211";"2";"1";"2";"6";"PARETTE (PLACE DE LA)";"43,2917730";"5,4199100"
"202000023455";"6";"6";"2020";"20:45";"2";"13";"13208";"2";"1";"1";"3";"PRADO (AVENUE DU)";"43,1618400";"5,2325300"
"202000023456";"6";"6";"2020";"20:20";"1";"13";"13205";"2";"2";"1";"3";"SAKAKINI (BOULEVARD)";"43,2999440";"5,4007470"
"202000023457";"6";"6";"2020";"16:50";"1";"02";"02738";"2";"1";"1";"6";"BOULLOCHE (AVENUE)";"49,6577400";"3,3168400"
"202000023458";"7";"6";"2020";"05:35";"2";"75";"75119";"2";"1";"1";"4";"BOULEVARD PERIPHERIQUE";"48,8953850";"2,3948020"
"202000023459";"7";"6";"2020";"13:15";"1";"75";"75118";"2";"1";"1";" -1";"BOULEVARD PERIPHERIQUE";"48,9006820";"2,3670730"
"202000023460";"7";"6";"2020";"19:00";"2";"75";"75120";"2";"7";"1";"5";"BOULEVARD MORTIER";"48,8646730";"2,4086230"
"202000023461";"7";"6";"2020";"12:45";"1";"75";"75120";"2";"2";"1";"6";"RUE DES PYRENEES";"48,8576290";"2,4039160"
"202000023462";"7";"6";"2020";"17:00";"1";"75";"75119";"2";"1";"1";"6";"AVENUE DE FLANDRE";"48,8932780";"2,3800010"
"202000023463";"7";"6";"2020";"19:30";"1";"75";"75118";"2";"4";"1";"3";"RUE LAMARCK";"48,8896840";"2,3397950"
"202000023464";"7";"6";"2020";"02:50";"5";"75";"75118";"2";"3";"1";"3";"RUE DE LA CHAPELLE";"48,8933220";"2,3596330"
"202000023465";"7";"6";"2020";"01:25";"5";"75";"75117";"2";"4";"1";"3";"AVENUE DE LA GRANDE ARMEE";"48,8769910";"2,2856010"
"202000023466";"6";"6";"2020";"22:58";"5";"75";"75112";"2";"2";"1";"3";"BOULEVARD DIDEROT";"48,8475890";"2,3890970"
"202000023467";"7";"6";"2020";"01:00";"5";"75";"75108";"2";"4";"1";"3";"RUE DE COURCELLES";"48,8773520";"2,3066950"
"202000023468";"6";"6";"2020";"11:00";"1";"75";"75108";"2";"3";"1";"2";"AVENUE DES CHAMPS ELYSEES";"48,8713760";"2,3025990"
"202000023469";"7";"6";"2020";"14:30";"1";"75";"75107";"2";"2";"1";"6";"BOULEVARD SAINT GERMAIN";"48,8585090";"2,3231060"
"202000023470";"6";"6";"2020";"13:00";"1";"75";"75103";"2";"2";"1";"6";"RUE REAUMUR";"48,8655520";"2,3556740"
"202000023471";"7";"6";"2020";"07:30";"1";"94";"94042";"2";"3";"1";" -1";"PIERRE BROSSOLETTE (QU)";"48,8201297";"2,4671233"
"202000023472";"7";"6";"2020";"21:15";"1";"93";"93064";"2";"1";"1";"2";"VOLTAIRE (RUE)";"48,8796151";"2,4897502"
"202000023473";"7";"6";"2020";"14:05";"1";"93";"93031";"2";"1";"1";"6";"MARSEILLE (RUE DE)";"48,9590707";"2,2937146"
"202000023474";"7";"6";"2020";"15:40";"1";"93";"93027";"2";"1";"1";"6";"SALENGRO (AVENUE ROGER)";"48,9300500";"2,3859800"
"202000023475";"7";"6";"2020";"11:45";"1";"92";"92049";"2";"3";"1";"6";"GINOUX AVENUE HENRI AUTRES N°";"48,8171100";"2,3216300"
"202000023476";"7";"6";"2020";"11:50";"1";"86";"86092";"1";"1";"1";"3";"18 route de Buxière";"46,9581420";"0,6030200"
"202000023477";"5";"10";"2020";"21:20";"5";"33";"33063";"2";"2";"1";"3";"CRS DU MEDOC / CRS BALGUERIE STUTTENBERG";"44,8582700";" -0,5669200"
"202000023478";"5";"10";"2020";"09:20";"1";"33";"33281";"2";"6";"7";"3";"AVE RENE CASSIN";"44,8327400";" -0,6785500"
"202000023479";"5";"10";"2020";"10:15";"1";"33";"33529";"2";"9";"2";"6";"HAMEAU (PL. JEAN)";"44,6330300";" -1,1456700"
"202000023480";"3";"10";"2020";"10:28";"1";"32";"32013";"2";"2";"1";"3";"CORPS FRANC POMMIES (AVENUE DU)";"43,6290900";"0,5798000"
"202000023481";"5";"10";"2020";"11:25";"1";"30";"30007";"2";"1";"8";"6";"BOISSIER DE SAUVAGE (quai)";"44,1267200";"4,0738000"
"202000023482";"1";"10";"2020";"21:10";"5";"22";"22278";"2";"1";"3";"2";"GOUEDIC (DE)";"48,5096000";" -2,7551500"
"202000023483";"5";"10";"2020";"18:30";"1";"17";"17300";"2";"2";"1";"3";"REPUBLIQUE   BOULEVARD DE LA";"46,1410240";" -1,1412580"
"202000023484";"10";"11";"2020";"16:00";"1";"87";"87141";"1";"1";"1";"6";"D21";"45,8067410";"0,9618830"
"202000023485";"4";"10";"2020";"19:00";"5";"14";"14341";"2";"1";"3";"7";"HUGO (BD VICTOR)";"49,1517600";" -0,3540000"
"202000023486";"10";"11";"2020";"19:45";"3";"76";"76319";"1";"1";"1";"2";"A13";"49,3384900";"0,9816350"
"202000023487";"5";"10";"2020";"08:40";"1";"13";"13213";"2";"1";"1";"3";"LAVERAN (BOULEVARD DU)";"43,3271970";"5,4136930"
"202000023488";"7";"11";"2020";"16:20";"1";"987";"98725";"2";"1";"1";"3";"RT 02 face école maternelle Hitimahana";" -17,5625910";" -149,4760510"
"202000023489";"5";"10";"2020";"12:05";"1";"13";"13005";"2";"1";"1";"3";"BEAUDINARD (ROUTE DE)";"43,3109100";"5,5844800"
"202000023490";"10";"11";"2020";"19:45";"3";"988";"98814";"1";"1";"1";"7";"tribu de HNACAOM";" -20,7613710";"167,1902850"
"202000023491";"3";"10";"2020";"21:05";"5";"11";"11069";"2";"1";"2";"7";"PALAIS";"43,2135000";"2,3560000"
"202000023492";"11";"11";"2020";"08:50";"1";"988";"98808";"1";"3";"2";"3";"Tribu de Meomo";" -21,2270630";"165,5964950"
"202000023493";"5";"10";"2020";"12:25";"1";"06";"06088";"1";"3";"1";"3";"GARNIER (BD JOSEPH)";"43,7100000";"7,2563000"
"202000023494";"5";"10";"2020";"10:35";"1";"06";"06069";"2";"1";"1";" -1";"ROUQUIER (BOULEVARD EMMANUEL)";"43,6331640";"6,9393070"
"202000023495";"10";"11";"2020";"18:45";"5";"78";"78147";"2";"2";"1";"3";"route departemementale 113";"49,0193670";"1,4841250"
"202000023496";"4";"10";"2020";"13:15";"1";"06";"06029";"2";"1";"2";"1";"AURELIENNE (RUE)";"43,5513000";"6,9742000"
"202000023497";"10";"11";"2020";"11:30";"1";"54";"54397";"2";"2";"1";"3";"RD974";"48,6080840";"6,1003840"
"202000023498";"4";"10";"2020";"19:00";"2";"75";"75114";"2";"1";"1";"6";"PORTE D ORLEANS";"48,8195170";"2,3283140"
"202000023499";"5";"10";"2020";"21:45";"5";"75";"75119";"2";"1";"9";" -1";"RUE MANIN";"48,8850360";"2,3926880"
"202000023500";"7";"11";"2020";"15:47";"2";"14";"14407";"2";"1";"8";"2";"3 Résidence des Buissons";"49,2588430";" -0,3743560"
"202000023501";"5";"10";"2020";"11:00";"1";"75";"75119";"2";"3";"2";"6";"AVENUE CORENTIN CARIOU";"48,8951360";"2,3827400"
"202000023502";"5";"10";"2020";"19:30";"5";"75";"75116";"2";"3";"2";"6";"AVENUE VICTOR HUGO";"48,8724910";"2,2919990"
"202000023503";"5";"10";"2020";"18:50";"5";"75";"75117";"2";"1";"2";"1";"BOULEVARD MALESHERBES";"48,8879070";"2,3045570"
"202000023504";"10";"11";"2020";"08:15";"1";"13";"13215";"1";"1";"1";"2";"A7-Sens Lyon vers Marseille";"43,3568528";"5,3629715"
"202000023505";"5";"10";"2020";"09:00";"1";"75";"75117";"2";"3";"2";"7";"BOULEVARD BERTHIER";"48,8888650";"2,3013030"
"202000023506";"10";"11";"2020";"08:30";"1";"69";"69382";"1";"1";"1";"7";"M7   0.000 A 2.278";"45,7463600";"4,8286900"
"202000023507";"5";"10";"2020";"08:45";"1";"75";"75113";"2";"2";"8";"6";"BOULEVARD KELLERMANN";"48,8208160";"2,3509250"
"202000023508";"10";"11";"2020";"08:30";"1";"33";"33013";"1";"1";"1";"5";"ROUTE NATIONALE 230";"44,8668000";" -0,5040700"
"202000023509";"5";"10";"2020";"20:00";"5";"75";"75110";"2";"2";"2";"3";"RUE DU CHATEAU D EAU";"48,8704950";"2,3595370"
"202000023510";"10";"11";"2020";"06:25";"3";"91";"91471";"1";"1";"3";" -1";"RN 118";"48,7154400";"2,1734400"
"202000023511";"5";"10";"2020";"12:45";"1";"75";"75109";"2";"5";"2";"2";"RUE DE MAUBEUGE";"48,8793750";"2,3484890"
"202000023512";"10";"11";"2020";"09:06";"1";"92";"92064";"1";"1";"1";"6";"A13";"48,8395450";"2,2033801"
"202000023513";"10";"11";"2020";"18:45";"3";"93";"93007";"1";"1";"1";"3";"AUTOROUTE A3";"48,9253076";"2,4811167"
"202000023514";"10";"11";"2020";"18:00";"3";"93";"93010";"1";"1";"1";"3";"AUTOROUTE A3";"48,9020760";"2,4704123"
"202000023515";"5";"10";"2020";"10:45";"1";"75";"75108";"2";"1";"1";"2";"AVENUE GEORGE V";"48,8691160";"2,3010610"
"202000023516";"10";"11";"2020";"12:45";"1";"95";"95241";"1";"1";"1";"2";"RN 104";"49,0465900";"2,4385100"
"202000023517";"5";"10";"2020";"09:15";"1";"75";"75108";"2";"1";"2";"7";"AVENUE DES CHAMPS ELYSEES";"48,8710660";"2,3037980"
"202000023518";"10";"11";"2020";"10:35";"1";"93";"93078";"1";"1";"2";"7";"AUTOROUTE A104";"48,9636100";"2,5215100"
"202000023519";"10";"11";"2020";"08:20";"1";"95";"95154";"1";"9";"3";"6";" A1";"49,0351800";"2,5410200"
"202000023520";"4";"10";"2020";"23:59";"5";"75";"75116";"2";"2";"2";"6";"ROUTE DE LA PTE DES SABLONS A LA PTE MAI";"48,8772500";"2,2705010"
"202000023521";"9";"11";"2020";"18:45";"3";"93";"93010";"1";"1";"1";"4";"AUTOROUTE A3";"48,9084100";"2,4733400"
"202000023522";"4";"10";"2020";"21:00";"5";"75";"75108";"2";"1";"2";"2";"BOULEVARD MALESHERBES";"48,8770320";"2,3172050"
"202000023523";"9";"11";"2020";"08:30";"5";"93";"93066";"1";"1";"1";"3";"AUTOROUTE A1";"48,9162800";"2,3576000"
"202000023524";"5";"10";"2020";"02:27";"3";"75";"75108";"2";"4";"2";"6";"AVENUE DES CHAMPS ELYSEES";"48,8720120";"2,3009630"
"202000023525";"5";"10";"2020";"21:10";"5";"75";"75102";"2";"1";"2";"6";"BOULEVARD DE SEBASTOPOL";"48,8684090";"2,3536170"
"202000023526";"9";"11";"2020";"07:00";"2";"93";"93073";"1";"1";"1";"2";"AUTOROUTE A104";"48,9682500";"2,5653800"
"202000023527";"5";"10";"2020";"10:00";"1";"94";"94081";"2";"4";"8";"3";"GROUPE MANOUCHIAN (AV DU)";"48,7944260";"2,4023790"
"202000023528";"10";"11";"2020";"20:00";"3";"94";"94069";"1";"1";"2";"7";"A4";"48,8173924";"2,4362247"
"202000023529";"4";"10";"2020";"15:25";"1";"94";"94037";"2";"3";"2";"1";"RAYMOND LEFEBVRE (R)";"48,8144600";"2,3446600"
"202000023530";"10";"9";"2020";"08:40";"1";"66";"66136";"2";"1";"1";"6";"MERCADER (BOULEVARD FELIX)";"42,6937890";"2,8903860"
"202000023531";"5";"10";"2020";"08:20";"1";"94";"94038";"2";"9";"2";"6";"PASTEUR (R)";"48,7755000";"2,3446200"
"202000023532";"8";"9";"2020";"19:35";"1";"35";"35238";"2";"1";"1";"3";"PIAF (ALLEE EDITH)";"48,0997000";" -1,6398500"
"202000023533";"4";"10";"2020";"07:00";"5";"94";"94033";"2";"1";"2";"6";"MAUCONSEIL (R)";"48,8472900";"2,4686100"
"202000023534";"9";"11";"2020";"12:45";"1";"974";"97411";"2";"2";"1";"6";"VICTOIRE (AVENUE DE LA)";" -20,8863400";"55,4523400"
"202000023535";"5";"10";"2020";"10:23";"1";"94";"94042";"2";"1";"8";"3";"GENERAL GALLIENI (AV DU)";"48,8200045";"2,4809361"
"202000023536";"7";"11";"2020";"13:00";"1";"974";"97409";"2";"1";"1";"1";"BRAS MOUSSELINE (chemin du)";" -20,9717720";"55,6078170"