"Num_Acc";"jour";"mois";"an";"hrmn";"lum";"dep";"com";"agg";"int";"atm";"col";"adr";"lat";"long"
"202000023537";"5";"10";"2020";"17:40";"2";"94";"94017";"2";"1";"3";"6";"BERNAU (R DE)";"48,8172840";"2,5252260"
"202000023538";"9";"11";"2020";"15:30";"1";"972";"97213";"2";"1";"1";"2";"ROUTE DEPARTEMENTALE 15";"14,6130835";" -61,0048056"
"202000023539";"9";"11";"2020";"01:51";"5";"972";"97209";"2";"1";"2";"6";"BEAUSEJOUR JAMBETTE (ROUTE)";"14,6434300";" -61,0437600"
"202000023540";"5";"10";"2020";"18:30";"2";"93";"93072";"2";"2";"3";"3";"RD28P / RUE DU COLONEL ROL-TANGUY";"48,9581500";"2,3676500"
"202000023541";"7";"10";"2020";"23:00";"5";"69";"69286";"2";"1";"1";"6";"BIEVRE (DE LA)                      (R )";"45,8251149";"4,8910289"
"202000023542";"5";"10";"2020";"06:15";"5";"93";"93066";"2";"1";"2";"2";"R DU FORT DE LA BRICHE";"48,9443000";"2,3422300"
"202000023543";"6";"11";"2020";"13:25";"1";"69";"69382";"2";"2";"1";"3";"CONDE (DE)                          (R )";"45,7521450";"4,8264043"
"202000023544";"9";"11";"2020";"07:35";"2";"69";"69389";"2";"9";"2";"4";"JOANNES CARRET                      (R )";"45,7893000";"4,8127300"
"202000023545";"8";"11";"2020";"18:10";"5";"2B";"2B033";"2";"1";"1";"3";"ROUTE ROYALE";"42,6770800";"9,4346100"
"202000023546";"9";"11";"2020";"18:40";"5";"95";"95585";"2";"1";"9";"3";"DIVISION LECLERC (AVENUE DE LA)";"48,9864739";"2,3719541"
"202000023547";"5";"10";"2020";"00:15";"5";"93";"93064";"2";"1";"2";"6";"REPUBLIQUE (AVENUE DE LA)";"48,8644400";"2,4831500"
"202000023548";"7";"11";"2020";"18:53";"5";"87";"87085";"2";"2";"1";"6";"RD941 (OUEST)";"45,8345900";"1,2258900"
"202000023549";"5";"10";"2020";"19:45";"5";"93";"93048";"2";"9";"2";"1";"THEOPHILE SUEUR (BOULEVARD)";"48,8659717";"2,4692312"
"202000023550";"6";"11";"2020";"15:49";"1";"87";"87085";"2";"3";"1";"3";"DUTREIX (RUE ARMAND)";"45,8337000";"1,2299800"
"202000023551";"4";"10";"2020";"18:50";"1";"93";"93061";"2";"1";"2";"3";"FERRER AVENUE FRANCISCO";"48,8872237";"2,4069313"
"202000023552";"4";"10";"2020";"15:30";"1";"93";"93006";"2";"1";"1";"2";"R DESCARTES";"48,8699000";"2,4262200"
"202000023553";"9";"11";"2020";"10:10";"1";"78";"78358";"2";"1";"1";"3";"GENERAL DE GAULLE (AVENUE DU )";"48,9439600";"2,1357400"
"202000023554";"9";"11";"2020";"14:15";"1";"78";"78551";"2";"1";"1";"2";"PEREIRE";"48,9014600";"2,0735500"
"202000023555";"5";"10";"2020";"19:30";"5";"93";"93031";"2";"3";"2";"3";"159 RTE DE SAINT LEU / R DE L'YSER";"48,9542600";"2,3348900"
"202000023556";"9";"11";"2020";"08:45";"1";"78";"78440";"2";"2";"1";"3";"MOLIERE (RUE)";"48,9838150";"1,9153280"
"202000023557";"5";"10";"2020";"09:15";"1";"93";"93014";"2";"1";"2";"6";"EMILE ZOLA (BOULEVARD)";"48,9061455";"2,5528416"
"202000023558";"5";"10";"2020";"20:30";"5";"93";"93001";"2";"1";"2";"6";"REPUBLIQUE (AVE DE LA ) 43/106 =>";"48,9084000";"2,3874000"
"202000023559";"6";"11";"2020";"12:30";"1";"76";"76498";"2";"2";"1";"3";"11 NOVEMBRE. BOULEVARD DU";"49,4166800";"1,0703100"
"202000023560";"5";"10";"2020";"16:10";"1";"93";"93001";"2";"1";"2";"3";"ANATOLE FRANCE (BLD) PAIR";"48,9176454";"2,3820125"
"202000023561";"4";"11";"2020";"14:00";"1";"59";"59392";"2";"1";"1";"6";"FRANCE (AVENUE DE)";"50,2758700";"3,9732000"
"202000023562";"5";"10";"2020";"00:20";"5";"93";"93001";"2";"1";"1";"6";"JEAN JAURES  (AVE)  157 A 213";"48,9096299";"2,3984638"
"202000023563";"5";"10";"2020";"15:25";"1";"92";"92064";"2";"1";"2";"2";"GARCHES";"48,8434979";"2,2023511"
"202000023564";"9";"11";"2020";"13:15";"1";"59";"59009";"2";"1";"1";"6";"BOUDERIEZ MARCEL RUE";"50,6206230";"3,1502220"
"202000023565";"20";"10";"2020";"18:00";"2";"54";"54395";"2";"3";"1";"6";"LECLERC (AV. DU GENERAL)174 A 290-101 A";"48,6751218";"6,1758801"
"202000023566";"4";"10";"2020";"13:30";"1";"92";"92060";"2";"3";"1";"3";"ARISTIDE BRIAND (AVENUE) N°1 A 15 ET 2 A";"48,7804692";"2,2571162"
"202000023567";"9";"11";"2020";"17:50";"5";"51";"51454";"2";"1";"1";"7";"Rue Jules Guichard";"49,2664497";"4,0221396"
"202000023568";"26";"9";"2020";"15:00";"1";"92";"92009";"2";"1";"1";"3";"BOURGUIGNONS ( RUE 01 A 31)";"48,9129470";"2,2725096"
"202000023569";"6";"11";"2020";"13:50";"1";"49";"49328";"1";"1";"1";"3";"PELOUSE (CHEMIN DE LA)";"47,2806600";" -0,0414400"
"202000023570";"5";"10";"2020";"17:40";"1";"38";"38353";"1";"1";"1";"6";"Chemin des Vernets";"45,4162500";"4,7631800"
"202000023571";"4";"11";"2020";"16:47";"1";"49";"49007";"2";"1";"1";"6";"SANGNIER";"47,4473000";" -0,5670000"
"202000023572";"4";"10";"2020";"02:30";"3";"06";"06060";"2";"3";"1";"3";"Route du Mont-chauve";"43,7525370";"7,2665820"
"202000023573";"6";"11";"2020";"12:14";"1";"49";"49007";"2";"1";"1";"1";"Rue Boreau";"47,4750100";" -0,5462000"
"202000023574";"9";"11";"2020";"07:15";"2";"37";"37122";"2";"1";"1";" -1";"MARTYRS (RUE DES)";"47,3534490";"0,6658638"
"202000023575";"5";"10";"2020";"17:25";"1";"17";"17015";"1";"1";"8";"1";"Rue des Fauberts";"45,5587870";" -0,8600290"
"202000023576";"9";"11";"2020";"07:11";"4";"37";"37208";"2";"1";"1";"6";"LAC (AVENUE DU)";"47,3656929";"0,7159145"
"202000023577";"27";"8";"2020";"05:10";"5";"69";"69285";"2";"1";"1";" -1";"105 Route Nationale";"45,7580020";"5,0674010"
"202000023578";"6";"11";"2020";"17:00";"2";"37";"37261";"2";"2";"1";" -1";"GIRAUDEAU (RUE)";"47,3860976";"0,6766601"
"202000023579";"5";"10";"2020";"14:50";"1";"972";"97231";"1";"1";"1";"1";"Départementale 7";"14,5293770";" -61,0201480"
"202000023580";"9";"11";"2020";"21:50";"5";"33";"33063";"2";"7";"1";"3";"PCE DE LA VICTOIRE";"44,8304400";" -0,5727400"
"202000023581";"6";"10";"2020";"08:20";"1";"76";"76238";"2";"9";"9";"6";"Rue Aristide Briand";"49,5581860";"0,2133740"
"202000023582";"9";"11";"2020";"17:30";"1";"33";"33318";"2";"2";"1";"1";"AVE JEAN CORDIER";"44,8114300";" -0,6246200"
"202000023583";"5";"10";"2020";"15:30";"1";"83";"83048";"2";"1";"1";"3";"Boulevard Saint Raphael";"43,2084760";"6,5692610"
"202000023584";"5";"10";"2020";"07:30";"3";"35";"35066";"1";"9";"8";"3";"Chartres-de-Bretagne";"48,0394120";" -1,6861690"
"202000023585";"9";"11";"2020";"14:10";"1";"33";"33069";"2";"1";"1";"6";"AVE DE TIVOLI";"44,8698400";" -0,5975300"
"202000023586";"1";"10";"2020";"20:45";"3";"59";"59266";"1";"1";"2";"7";"D147";"50,5365370";"2,9738230"
"202000023587";"28";"10";"2020";"20:30";"5";"33";"33550";"2";"6";"1";"3";"RTE DE LEOGNAN";"44,7727100";" -0,5765800"
"202000023588";"6";"10";"2020";"12:20";"1";"41";"41288";"1";"1";"1";"2";"Autoroute A10";"47,6544760";"1,3780550"
"202000023589";"9";"11";"2020";"07:55";"1";"33";"33281";"2";"1";"1";"2";"AVE MARCEL DASSAULT";"44,8442000";" -0,6741000"
"202000023590";"7";"11";"2020";"00:30";"5";"31";"31555";"2";"1";"6";"6";"RUE DES AMIDONNIERS";"43,6062900";"1,4252800"
"202000023591";"30";"8";"2020";"12:55";"1";"971";"97132";"1";"1";"2";"1";"La Regrettée";"15,9937990";" -61,6519640"
"202000023592";"5";"10";"2020";"15:55";"3";"19";"19150";"1";"1";"2";"6";"D1089";"45,0762785";"1,6054845"
"202000023593";"5";"10";"2020";"15:20";"1";"19";"19118";"1";"1";"3";"6";"18 La Tronche";"45,4705150";"1,7554950"
"202000023594";"6";"10";"2020";"13:00";"1";"82";"82018";"1";"1";"2";"6";"Route de Caussade";"44,1020781";"1,5373228"
"202000023595";"9";"11";"2020";"18:35";"3";"29";"29232";"1";"1";"2";"2";"D20 - Route de Plomelin";"47,9700888";" -4,1272921"
"202000023596";"5";"10";"2020";"20:50";"3";"11";"11261";"1";"1";"1";"6";"CD 2113";"43,1792850";"2,6669310"
"202000023597";"8";"11";"2020";"20:25";"5";"29";"29019";"2";"6";"1";"3";"Rue de Maissin";"48,3900032";" -4,5036956"
"202000023598";"1";"10";"2020";"18:00";"1";"49";"49283";"1";"1";"8";"3";"Le Petit Rochefou";"47,4302320";" -0,7705105"
"202000023599";"6";"10";"2020";"10:40";"1";"12";"12052";"1";"1";"2";"3";"Lieu Dit Marcilhac";"44,5734803";"2,0947132"
"202000023600";"6";"11";"2020";"19:30";"5";"26";"26198";"2";"6";"1";"3";"Rond Point des Présidents";"44,5308940";"4,7455910"
"202000023601";"3";"10";"2020";"03:00";"3";"35";"35338";"2";"1";"1";"6";"RN 157";"48,0752760";" -1,2705600"
"202000023602";"16";"7";"2020";"16:15";"1";"29";"29293";"1";"1";"1";"2";"Kergunus";"47,8635287";" -3,8434505"
"202000023603";"9";"11";"2020";"12:10";"1";"25";"25056";"2";"1";"1";"2";"DIDEROT BOULEVARD";"47,2463100";"6,0357900"
"202000023604";"5";"10";"2020";"19:15";"3";"31";"31037";"1";"1";"1";"6";"Berseille";"43,3948280";"1,7335120"
"202000023605";"22";"10";"2020";"10:45";"1";"22";"22113";"2";"9";"1";"1";"FRERES LAGADEC (RUE DES)";"48,7260083";" -3,4697388"
"202000023606";"10";"11";"2020";"00:10";"5";"18";"18033";"2";"1";"1";"6";"FOCH (BOULEVARD DU MARECHAL)";"47,0789600";"2,4091400"
"202000023607";"9";"11";"2020";"15:40";"1";"13";"13117";"2";"1";"1";"6";"SALYENS ( AVENUE DES )";"43,4424000";"5,2526900"
"202000023608";"6";"10";"2020";"05:20";"3";"31";"31080";"1";"1";"1";"6";"Route de Gensac";"43,2858130";"0,6307430"
"202000023609";"9";"11";"2020";"14:15";"1";"13";"13214";"2";"1";"1";"3";"PARTY (TRAVERSE DE)";"43,3485350";"5,4116200"
"202000023610";"5";"10";"2020";"21:30";"3";"84";"84014";"1";"1";"1";"6";"D996";"43,7140460";"5,7173750"
"202000023611";"9";"11";"2020";"12:45";"1";"13";"13202";"2";"1";"1";"3";"LA MADRAGUEVIL (CHEMIN DE LA)";"43,3272520";"5,3603980"
"202000023612";"5";"10";"2020";"18:00";"1";"03";"03030";"1";"1";"1";"1";"N/A";"46,0701680";"3,3072467"
"202000023613";"9";"11";"2020";"06:50";"5";"13";"13209";"2";"9";"1";"3";"CABOT (BOULEVARD)";"43,2601700";"5,4158300"
"202000023614";"9";"11";"2020";"07:25";"1";"10";"10333";"2";"9";"1";" -1";"AUXERRE (ROUTE)";"48,2709100";"4,0522800"
"202000023615";"9";"11";"2020";"09:45";"1";"07";"07281";"2";"6";"2";"3";"Carrefour de la LIBERATION";"44,9458900";"4,8471000"
"202000023616";"6";"10";"2020";"08:45";"1";"50";"50639";"1";"4";"2";"3";"village du guériant";"48,8329580";" -1,2056370"
"202000023617";"27";"9";"2020";"15:30";"1";"06";"06083";"2";"6";"1";"3";"CARNOT (AVENUE)";"43,7729500";"7,4985400"
"202000023618";"5";"10";"2020";"07:15";"1";"43";"43227";"1";"1";"1";"5";"Lieu-dit Trève";"45,3040670";"4,3178737"
"202000023619";"6";"10";"2020";"11:10";"1";"27";"27467";"1";"1";"2";"6";"Route de Quillebeuf";"49,3617200";"0,5118500"
"202000023620";"9";"11";"2020";"08:30";"1";"06";"06069";"2";"1";"1";"1";"Route de Saint Mathieu";"43,6597150";"6,9517170"
"202000023621";"6";"10";"2020";"11:45";"1";"17";"17243";"1";"1";"3";"4";"N10";"45,2192160";" -0,2891210"
"202000023622";"6";"11";"2020";"12:15";"1";"05";"05061";"2";"3";"1";"2";"EYSSAGNIERES ( ROUTE DES )";"44,5457443";"6,0534642"
"202000023623";"5";"10";"2020";"18:00";"1";"87";"87033";"1";"1";"2";"3";"Taillac";"45,9883847";"1,1555399"
"202000023624";"1";"10";"2020";"20:35";"5";"37";"37059";"1";"1";"1";"6";"N/A";"47,4652136";"0,6209126"
"202000023625";"9";"11";"2020";"13:00";"1";"75";"75116";"2";"1";"1";"5";"PORTE DAUPHINE";"48,8704830";"2,2725290"
"202000023626";"9";"11";"2020";"11:50";"1";"75";"75119";"2";"1";"1";"3";"PORTE D AUBERVILLIERS";"48,9003590";"2,3766420"
"202000023627";"5";"10";"2020";"21:00";"3";"77";"77453";"1";"9";"2";"5";"autoroute 5 PK 13+900";"48,5407550";"2,7931600"
"202000023628";"9";"11";"2020";"08:50";"1";"75";"75118";"2";"1";"1";"5";"PORTE DE SAINT OUEN";"48,9008470";"2,3344370"
"202000023629";"9";"11";"2020";"09:30";"1";"75";"75116";"2";"7";"1";"6";"RUE BOISSIERE";"48,8656740";"2,2926720"
"202000023630";"30";"9";"2020";"17:06";"1";"74";"74014";"1";"9";"1";"7";"Col de Pierre Carrée (Col de montagne)";"46,0198037";"6,6612017"
"202000023631";"9";"11";"2020";"08:45";"1";"75";"75105";"2";"1";"1";"3";"RUE BUFFON";"48,8421990";"2,3599300"
"202000023632";"9";"11";"2020";"07:10";"5";"75";"75120";"2";"7";"1";"3";"PLACE GAMBETTA";"48,8650680";"2,3985830"
"202000023633";"4";"10";"2020";"16:00";"1";"91";"91207";"2";"1";"1";"6";"Avenue de Verdun";"48,5786340";"2,2399450"
"202000023634";"3";"10";"2020";"21:25";"3";"987";"98729";"1";"1";"1";"6";"PK 21 VAEANAE";" -17,5331890";" -149,8386110"
"202000023635";"9";"11";"2020";"13:11";"1";"75";"75119";"2";"3";"1";"2";"RUE DE CAMBRAI";"48,8974130";"2,3806530"
"202000023636";"27";"9";"2020";"11:20";"1";"974";"97421";"1";"1";"1";"6";"rd 48 pk 23+900";" -21,0582650";"55,5247820"
"202000023637";"6";"10";"2020";"17:45";"1";"973";"97311";"2";"1";"1";"6";"Rue du Lt Colonel Tourtet";"5,5020909";" -54,0278283"
"202000023638";"9";"11";"2020";"08:10";"1";"75";"75119";"2";"3";"1";"2";"AVENUE DE LA PORTE DE LA VILLETTE";"48,8982590";"2,3862440"
"202000023639";"5";"10";"2020";"21:45";"3";"45";"45316";"1";"1";"2";"6";"13 Rue du Pont des Besniers";"47,9505010";"2,3772740"
"202000023640";"9";"11";"2020";"07:50";"1";"75";"75112";"2";"2";"1";"3";"RUE DE PICPUS";"48,8480400";"2,3928590"
"202000023641";"9";"11";"2020";"08:40";"1";"75";"75110";"2";"2";"1";"6";"BOULEVARD DE MAGENTA";"48,8705460";"2,3611960"
"202000023642";"5";"10";"2020";"18:30";"1";"13";"13004";"1";"3";"1";"1";"Route d'Eyguières";"43,6637970";"4,7111610"
"202000023643";"9";"11";"2020";"16:20";"1";"94";"94058";"2";"1";"1";"3";"PIERRE BROSSOLETTE (AV)";"48,8348150";"2,5062110"
"202000023644";"5";"10";"2020";"13:25";"1";"13";"13041";"2";"2";"1";"3";"Rue Thiers";"43,4555470";"5,4722050"
"202000023645";"24";"9";"2020";"14:25";"1";"56";"56185";"1";"1";"2";"7";"Lieu-dit le Rustic";"47,7791940";" -3,4336350"
"202000023646";"9";"11";"2020";"11:45";"1";"94";"94041";"2";"3";"8";"2";"GENERAL DE GAULLE (AV DU)";"48,8181090";"2,3979800"
"202000023647";"9";"11";"2020";"12:38";"1";"94";"94041";"2";"1";"1";"6";"MARCEL BOYER (QU)";"48,8219900";"2,3932100"
"202000023648";"6";"10";"2020";"07:50";"1";"89";"89257";"2";"4";"2";"1";"Avenue du Port";"47,9594500";"3,5049440"
"202000023649";"9";"11";"2020";"13:00";"1";"94";"94077";"2";"1";"1";"1";"SADI CARNOT (AV)";"48,7377300";"2,4094300"
"202000023650";"4";"10";"2020";"20:00";"3";"67";"67348";"1";"1";"1";"1";"Rue du Coteau";"48,4528620";"7,4778700"
"202000023651";"9";"11";"2020";"08:20";"1";"94";"94017";"2";"1";"8";"6";"COEUILLY (AV DE)";"48,8124200";"2,5253400"
"202000023652";"17";"9";"2020";"19:00";"1";"42";"42122";"2";"1";"1";"1";"Rue de la Conche";"45,5673600";"4,0601230"
"202000023653";"6";"10";"2020";"00:15";"3";"01";"01424";"1";"1";"1";"6";"Route de la Boisse";"45,8750480";"4,9817740"
"202000023654";"9";"11";"2020";"11:10";"1";"93";"93077";"2";"2";"7";"6";"RAINCY (AVENUE DU)";"48,8866200";"2,5089600"
"202000023655";"5";"10";"2020";"09:00";"1";"79";"79049";"1";"6";"2";"7";"N/A";"46,8452820";" -0,5301330"
"202000023656";"9";"11";"2020";"17:25";"5";"93";"93050";"2";"2";"1";"6";"HUIT MAI 1945";"48,8678239";"2,5339523"
"202000023657";"9";"11";"2020";"13:10";"1";"93";"93048";"2";"1";"1";"6";"R EDOUARD VAILLANT";"48,8517000";"2,4311000"
"202000023658";"9";"11";"2020";"14:05";"1";"93";"93046";"2";"5";"1";"6";"AV JULES GUESDES / AV ARISTIDE BRIAND";"48,9106365";"2,5122529"
"202000023659";"9";"11";"2020";"10:35";"1";"93";"93045";"2";"1";"1";"3";"JUIN AVENUE DU MARECHAL";"48,8802939";"2,4219288"
"202000023660";"6";"10";"2020";"07:45";"2";"33";"33051";"2";"3";"2";"3";"Avenue de la Côte d'Argent";"44,6310470";" -0,9831260"
"202000023661";"9";"11";"2020";"06:30";"2";"93";"93032";"2";"1";"1";"3";"PAUL VAILLANT COUTURIER (RUE)";"48,8761300";"2,5497800"
"202000023662";"5";"10";"2020";"08:20";"2";"50";"50502";"1";"1";"2";"2";"N174";"49,0989230";" -1,1129990"
"202000023663";"9";"11";"2020";"12:55";"1";"93";"93010";"2";"3";"1";"6";"R ROGER SALENGRO / R LOUIS AUGUSTE BLANQUI";"48,9003600";"2,4786400"
"202000023664";"3";"10";"2020";"10:35";"1";"29";"29046";"2";"1";"6";"6";"1 Allee Sainte Croix";"48,0861551";" -4,3192300"
"202000023665";"5";"10";"2020";"08:00";"1";"13";"13215";"1";"1";"1";"2";"A7-Sens Lyon vers Marseille";"43,3665500";"5,3606800"
"202000023666";"9";"11";"2020";"17:45";"1";"93";"93008";"2";"1";"1";"6";"VAILLANT COUTURIER (AVENUE PAUL)";"48,9089345";"2,4500458"
"202000023667";"4";"10";"2020";"20:23";"5";"13";"13203";"1";"1";"2";"7";"A7-Sens Marseille vers Lyon";"43,3078500";"5,3756460"
"202000023668";"9";"11";"2020";"21:47";"3";"92";"92026";"2";"1";"1";" -1";"ABREUVOIR";"48,8909700";"2,2551900"
"202000023669";"3";"10";"2020";"15:45";"1";"83";"83144";"1";"1";"1";"5";"A57";"43,1351527";"5,9904581"
"202000023670";"9";"11";"2020";"15:40";"1";"92";"92012";"2";"2";"1";"6";"ROBERT SCHUMAN (AVENUE)";"48,8441800";"2,2498300"
"202000023671";"10";"11";"2020";"14:30";"1";"60";"60403";"1";"1";"1";"6";"D615";"49,5154398";"2,0003657"
"202000023672";"18";"9";"2020";"17:00";"1";"69";"69266";"1";"1";"1";"2";"RD383   3.750 A 7.640";"45,7532955";"4,9083247"
"202000023673";"5";"10";"2020";"21:55";"3";"33";"33080";"1";"1";"1";"6";"AUTOROUTE A 62";"44,7511400";" -0,5419900"
"202000023674";"5";"10";"2020";"18:25";"1";"33";"33397";"1";"1";"1";"4";"AUTOROUTE A 10";"44,9175100";" -0,4769700"
"202000023675";"5";"10";"2020";"16:25";"1";"33";"33013";"1";"1";"2";"4";"ROUTE NATIONALE 230";"44,8607100";" -0,5040300"
"202000023676";"9";"11";"2020";"10:15";"1";"37";"37010";"1";"2";"1";"1";"N/A";"47,5489910";"0,9773611"
"202000023677";"5";"10";"2020";"18:50";"1";"91";"91689";"1";"1";"1";"2";"AUTOROUTE A6A";"48,7481300";"2,3268700"
"202000023678";"4";"11";"2020";"14:05";"1";"47";"47133";"1";"3";"1";"1";"D41";"44,0587570";"0,5618050"
"202000023679";"5";"10";"2020";"16:15";"1";"91";"91659";"1";"1";"2";"5";"AUTOROUTE A6";"48,5781300";"2,4633300"
"202000023680";"5";"10";"2020";"13:50";"1";"77";"77251";"1";"1";"2";"6";"AUTOROUTE A5A";"48,6238100";"2,5419100"
"202000023681";"5";"10";"2020";"10:15";"1";"91";"91064";"1";"1";"2";"3";"RN 118";"48,7500000";"2,2028600"
"202000023682";"10";"11";"2020";"07:00";"2";"35";"35014";"1";"3";"1";"3";"le bas mesnil";"47,9716010";" -1,3249900"
"202000023683";"5";"10";"2020";"10:20";"1";"94";"94037";"1";"1";"1";"7";"AUTOROUTE A6B";"48,8157400";"2,3563900"
"202000023684";"5";"10";"2020";"10:10";"1";"94";"94034";"1";"1";"1";"7";"AUTOROUTE A86";"48,7563100";"2,3353417"
"202000023685";"5";"10";"2020";"13:45";"1";"92";"92072";"1";"1";"8";"6";"N118";"48,8129909";"2,2140024"
"202000023686";"5";"10";"2020";"11:45";"1";"78";"78402";"1";"1";"1";"2";"A13";"48,9640650";"1,7818330"
"202000023687";"5";"10";"2020";"06:45";"5";"78";"78090";"1";"1";"3";"5";"A13";"48,9702240";"1,9081370"
"202000023688";"9";"11";"2020";"17:40";"5";"06";"06095";"2";"9";"1";"1";"96 Avenue de Boutiny";"43,6457050";"6,8870880"
"202000023689";"5";"10";"2020";"02:20";"5";"92";"92064";"1";"1";"2";"6";"A13";"48,8395625";"2,1999478"
"202000023690";"10";"11";"2020";"07:00";"2";"83";"83073";"2";"1";"1";"7";"Rue de l'Ormeau";"43,3836435";"6,3078690"
"202000023691";"2";"10";"2020";"13:40";"1";"30";"30034";"1";"1";"2";"1";"D6113";"43,7705710";"4,4727610"
"202000023692";"5";"10";"2020";"09:30";"1";"95";"95424";"1";"1";"2";"4";"A15";"48,9945664";"2,1840328"
"202000023693";"5";"10";"2020";"09:00";"1";"95";"95365";"1";"1";"2";"2";"RN 104";"49,0610840";"2,4167690"
"202000023694";"10";"11";"2020";"07:44";"1";"51";"51439";"1";"1";"1";"3";"D20a PR 002.500";"49,3416369";"4,1735109"
"202000023695";"5";"10";"2020";"08:40";"1";"93";"93053";"1";"1";"2";"3";"AUTOROUTE A103";"48,8870641";"2,4753472"
"202000023696";"10";"11";"2020";"09:05";"1";"74";"74137";"1";"9";"1";"3";"Route d'Annecy";"45,9986160";"6,1785860"
"202000023697";"5";"10";"2020";"07:55";"2";"77";"77363";"1";"1";"2";" -1";"A4";"48,9162920";"2,6336880"
"202000023698";"9";"11";"2020";"18:51";"3";"32";"32147";"1";"1";"1";"1";"N124";"43,6313190";"0,8581620"
"202000023699";"4";"10";"2020";"22:45";"3";"77";"77249";"1";"1";"1";"6";"RN104";"48,7410220";"2,6123000"
"202000023700";"9";"11";"2020";"07:33";"2";"29";"29024";"2";"6";"1";"3";"Avenue victor hugo";"48,2770880";" -3,5593830"
"202000023701";"10";"11";"2020";"18:10";"5";"29";"29037";"2";"3";"1";"7";"Hent Kerbohis";"47,8870460";" -4,1558150"
"202000023702";"3";"10";"2020";"13:34";"1";"988";"98818";"2";"3";"1";"3";"AVENUE JAMES COOK/RUE DU CAPITAINE BOIS";" -22,2682200";"166,4262600"
"202000023703";"9";"11";"2020";"13:10";"1";"70";"70063";"1";"1";"1";"6";"D486";"47,7578610";"6,6050340"
"202000023704";"4";"10";"2020";"08:10";"1";"976";"97611";"2";"1";"1";"1";"tsoundzou-Cadjifouteni ( rue )";" -12,8069300";"45,2078300"
"202000023705";"4";"10";"2020";"15:24";"1";"974";"97407";"2";"1";"1";"3";"Rue Jacques Duclos";" -20,9585100";"55,3144200"
"202000023706";"4";"10";"2020";"20:45";"5";"69";"69383";"2";"1";"1";"2";"LACASSAGNE                          (AV)";"45,7570300";"4,8622100"
"202000023707";"4";"10";"2020";"06:00";"5";"69";"69388";"2";"1";"1";"6";"MARYSE BASTIE                       (R )";"45,7392800";"4,8740500"
"202000023708";"30";"10";"2020";"20:40";"3";"45";"45314";"1";"1";"2";"6";"Route de Fay";"47,9719530";"2,1739410"
"202000023709";"4";"10";"2020";"06:15";"1";"972";"97213";"1";"1";"2";"7";"ROUTE NATIONALE 5";"14,5942600";" -60,9842400"
"202000023710";"9";"11";"2020";"08:25";"1";"45";"45130";"1";"3";"1";"2";"D951 - rue de villecante";"47,8021655";"1,7323397"
"202000023711";"4";"10";"2020";"15:20";" -1";"83";"83069";"2";"1";" -1";"7";"MOULIN (AVENUE JEAN)";"43,1128800";"6,1297400"
"202000023712";"3";"11";"2020";"06:35";"5";"53";"53097";"2";"6";"9";"3";"Boulevard du Maréchal de Lattre de Tassigny";"48,1478060";" -0,4127490"
"202000023713";"3";"10";"2020";"19:20";"2";"83";"83069";"1";"1";"8";"7";"BRANLY (RUE)";"43,1132560";"6,1361622"
"202000023714";"9";"11";"2020";"22:00";"3";"85";"85051";"1";"1";"1";"6";"les Aveneaux";"46,6709000";" -1,0869100"
"202000023715";"3";"10";"2020";"18:40";"1";"80";"80001";"2";"3";"1";"7";"JEAN MENNESSON";"50,1159400";"1,8276500"
"202000023716";"10";"11";"2020";"08:00";"1";"978";"97801";"1";"1";"3";"3";"35 Chemin de la Savane";"18,0898450";" -63,0660130"
"202000023717";"26";"9";"2020";"11:45";"1";"69";"69264";"2";"1";"2";" -1";"AMPERE  (rue)";"45,9879500";"4,7246000"
"202000023718";"4";"10";"2020";"11:30";"1";"59";"59599";"2";"1";"8";"6";"LORIDANT (RUE HENRI)";"50,6972000";"3,1472600"
"202000023719";"10";"11";"2020";"11:10";"1";"988";"98805";"1";"1";"1";"1";"R.T.1 Katiramona";" -22,1459920";"166,4388750"
"202000023720";"3";"10";"2020";"19:15";"1";"37";"37179";"2";"6";"2";"7";"ROSTAND (CARREFOUR JEAN)";"47,4373414";"0,7096835"
"202000023721";"24";"10";"2020";"16:10";"1";"67";"67049";"2";"1";"1";" -1";"2 Rue du Marechal Foch";"48,5044444";"7,6027826"
"202000023722";"11";"10";"2020";"14:35";"1";"13";"13058";"2";"2";"1";"3";"Avenue de la Vallée des Baux";"43,7203460";"4,8075700"
"202000023723";"4";"10";"2020";"16:40";"1";"35";"35238";"2";"2";"1";"3";"FREVILLE (AVENUE HENRI)";"48,0837600";" -1,6751200"
"202000023724";"10";"11";"2020";"06:20";"2";"988";"98813";"1";"3";"1";"3";"RT1/VU3 FOCOLA";" -21,6932610";"165,7807030"
"202000023725";"9";"11";"2020";"22:28";"3";"77";"77377";"1";"1";"8";"6";"D10";"48,7202160";"2,7576540"
"202000023726";"4";"10";"2020";"11:45";"1";"33";"33063";"2";"3";"3";"7";"RUE DE BEGLES / RUE VIDEAU";"44,8284700";" -0,5678500"
"202000023727";"9";"11";"2020";"20:55";"3";"34";"34272";"2";"6";"1";"7";"route de Lunel";"43,6585190";"4,1156890"
"202000023728";"12";"7";"2020";"13:15";"1";"13";"13004";"1";"9";"1";"3";"N568";"43,5842224";"4,7654000"
"202000023729";"27";"10";"2020";"14:51";"1";"38";"38382";"2";"2";"1";"3";"Route de Lyon";"45,2427490";"5,6706990"