"Num_Acc";"jour";"mois";"an";"hrmn";"lum";"dep";"com";"agg";"int";"atm";"col";"adr";"lat";"long"
"202000023730";"4";"10";"2020";"18:35";"1";"27";"27681";"2";"1";"8";"2";"Av du Maréchal de Lattre de Tassigny";"49,0840000";"1,4633300"
"202000023731";"9";"11";"2020";"19:35";"3";"69";"69141";"1";"1";"1";"1";"D34";"45,6103050";"4,6773720"
"202000023732";"30";"7";"2020";"10:10";"1";"13";"13202";"2";"1";"1";"3";"SAINT JEAN (AVENUE)";"43,2964400";"5,3660900"
"202000023733";"9";"11";"2020";"22:45";"5";"69";"69163";"2";"1";"1";"6";"874 Route de Varennes";"45,9279100";"4,7759670"
"202000023734";"30";"9";"2020";"13:50";"1";"13";"13211";"2";"1";"1";"6";"POMME (BOULEVARD DE LA )";"43,2914400";"5,4446400"
"202000023735";"10";"11";"2020";"17:00";"1";"22";"22376";"1";"1";"1";"6";"Le Bois d'Uzel";"48,2334060";" -2,7656580"
"202000023736";"4";"10";"2020";"17:45";"1";"13";"13063";"2";"3";"8";"3";"STEPHENSON RUE";"43,5836300";"4,9993900"
"202000023737";"9";"11";"2020";"06:30";"3";"69";"69297";"1";"1";"5";"7";"A7   15.770 A 20.110";"45,6149800";"4,8098700"
"202000023738";"2";"10";"2020";"17:19";"1";"13";"13047";"2";"1";"3";"1";"EDOUARD GUIZONNIER BOULEVARD";"43,5100000";"4,9888000"
"202000023739";"9";"11";"2020";"09:15";"1";"93";"93066";"1";"1";"1";"4";"AUTOROUTE A86";"48,9217600";"2,3673100"
"202000023740";"9";"11";"2020";"10:00";"1";"94";"94018";"1";"1";"1";"2";"A4";"48,8176700";"2,4148100"
"202000023741";"3";"10";"2020";"19:20";"2";"13";"13001";"2";"3";"8";"3";"VERDIERE (RUE DE LA)";"43,5235000";"5,4167000"
"202000023742";"7";"11";"2020";"00:50";"3";"94";"94046";"1";"9";"1";"2";"A86 EXT";"48,8122760";"2,4491040"
"202000023743";"4";"10";"2020";"17:40";"1";"12";"12202";"2";"1";"1";"6";"MARECHAL JOFFRE (AVENUE DU)";"44,3619000";"2,5819000"
"202000023744";"3";"10";"2020";"07:53";"1";"10";"10333";"2";"2";"2";"3";"CHARLES MORET (RUE)";"48,2799200";"4,0677000"
"202000023745";"3";"10";"2020";"13:00";"1";"75";"75119";"2";"4";"8";"2";"PORTE DE PANTIN";"48,8885930";"2,3966650"
"202000023746";"1";"4";"2020";"09:20";"1";"33";"33138";"2";"3";"1";"6";"Rue Pierre Sémard";"45,0368950";" -0,1315100"
"202000023747";"2";"10";"2020";"09:40";"1";"75";"75117";"2";"4";"2";" -1";"PORTE MAILLOT";"48,8827630";"2,2833920"
"202000023748";"7";"11";"2020";"08:20";"1";"973";"97302";"2";"3";"1";"3";"ROUTE NATIONALE 3";"4,9055413";" -52,3202599"
"202000023749";"4";"10";"2020";"02:10";"5";"75";"75112";"2";"7";"2";"6";"PLACE EDOUARD RENARD";"48,8349550";"2,4081750"
"202000023750";"6";"11";"2020";"13:05";"1";"973";"97302";"2";"3";"1";"3";"MONTABO (ROUTE DE) 1";"4,9352900";" -52,2945600"
"202000023751";"7";"11";"2020";"19:05";"5";"69";"69259";"2";"1";"1";"2";"CHARLES DE GAULLE                   (AV)";"45,7129700";"4,8987800"
"202000023752";"4";"10";"2020";"11:34";"1";"75";"75105";"2";"2";"8";"5";"BOULEVARD SAINT GERMAIN";"48,8493740";"2,3560540"
"202000023753";"8";"11";"2020";"17:20";"5";"69";"69034";"2";"1";"8";"7";"PERIPHERIQUE NORD                   (BD)";"45,7916900";"4,8708000"
"202000023754";"2";"10";"2020";"18:15";"1";"75";"75106";"2";"1";"2";"6";"RUE DE RENNES";"48,8462010";"2,3261300"
"202000023755";"8";"11";"2020";"08:35";"1";"69";"69286";"2";"3";"8";"3";"EUROPE (DE L')                      (AV)";"45,8132700";"4,8934400"
"202000023756";"4";"11";"2020";"20:07";"5";"69";"69034";"2";"1";"1";"6";"RAYMOND POINCARE                    (PT)";"45,7897300";"4,8605600"
"202000023757";"4";"10";"2020";"21:12";"5";"75";"75120";"2";"2";"1";"3";"RUE BELGRAND";"48,8645660";"2,4072010"
"202000023758";"8";"11";"2020";"19:05";"3";"91";"91434";"2";"1";"1";"2";"SALVADOR ALLENDE (RUE)";"48,6590520";"2,3487830"
"202000023759";"4";"10";"2020";"02:55";"5";"75";"75118";"2";"1";"2";"5";"BOULEVARD ORNANO";"48,8969840";"2,3451620"
"202000023760";"4";"10";"2020";"05:30";"5";"75";"75117";"2";"2";"2";"3";"BOULEVARD D AURELLE DE PALADINES";"48,8825940";"2,2827660"
"202000023761";"7";"11";"2020";"11:22";"1";"77";"77243";"2";"3";"1";"3";"GEORGES POMPIDOU (BOULEVARD)";"48,8654000";"2,7053700"
"202000023762";"4";"10";"2020";"21:10";"5";"75";"75114";"2";"2";"9";"3";"BOULEVARD BRUNE";"48,8238100";"2,3232370"
"202000023763";"7";"11";"2020";"19:15";"5";"69";"69266";"2";"1";"1";"4";"GENAS    (Route de)";"45,7498784";"4,9123814"
"202000023764";"4";"10";"2020";"02:30";"5";"75";"75113";"2";"2";"2";"2";"AVENUE DES GOBELINS";"48,8358400";"2,3525180"
"202000023765";"7";"11";"2020";"11:00";"1";"69";"69029";"2";"2";"1";"3";"PAUL GAUGUIN                            ";"45,7354385";"4,9170465"
"202000023766";"4";"10";"2020";"15:00";"1";"75";"75112";"2";"1";"1";"7";"BOULEVARD DE BERCY";"48,8400200";"2,3818730"
"202000023767";"14";"10";"2020";"16:55";"1";"62";"62516";"2";"1";"1";"1";"FAUBOURG D AVAL - RUE DU -";"50,5652150";"2,4854090"
"202000023768";"4";"10";"2020";"19:30";"5";"75";"75111";"2";"1";"8";"3";"AVENUE DE LA REPUBLIQUE";"48,8648200";"2,3769820"
"202000023769";"7";"11";"2020";"17:15";"5";"45";"45234";"2";"1";"1";"6";"Rue Jean d’Aulon";"47,8370830";"1,9306980"
"202000023770";"4";"10";"2020";"17:30";"1";"75";"75111";"2";"1";"2";"3";"RUE DE LA FOLIE REGNAULT";"48,8576880";"2,3875320"
"202000023771";"4";"10";"2020";"17:00";"1";"75";"75111";"2";"1";"3";"6";"BOULEVARD RICHARD LENOIR";"48,8630140";"2,3721360"
"202000023772";"8";"11";"2020";"23:50";"1";"44";"44109";"2";"1";"1";" -1";"LUCE ( RTE DE SAINTE )";"47,2294700";" -1,5249000"
"202000023773";"4";"10";"2020";"11:40";"1";"75";"75112";"2";"2";"1";"6";"RUE DE CHARENTON";"48,8483530";"2,3760030"
"202000023774";"8";"11";"2020";"17:10";"1";"35";"35238";"2";"1";"1";"6";"GINGUENE";"48,0992276";" -1,6784739"
"202000023775";"6";"11";"2020";"17:55";"5";"34";"34129";"1";"2";"1";"3";"EUROPE (AVENUE DE L')";"43,5716300";"3,8957400"
"202000023776";"3";"10";"2020";"22:36";"5";"75";"75111";"2";"2";"2";" -1";"AVENUE PARMENTIER";"48,8700080";"2,3710650"
"202000023777";"4";"10";"2020";"10:50";"1";"75";"75110";"2";"1";"8";"3";"RUE LOUIS BLANC";"48,8791970";"2,3685970"
"202000023778";"8";"11";"2020";"22:20";"5";"13";"13211";"2";"1";"1";"3";"ELLEON (AVENUE)";"43,2853670";"5,4422120"
"202000023779";"4";"10";"2020";"14:20";"1";"94";"94081";"2";"1";"2";"6";"PAUL VAILLANT COUTURIER (AV)";"48,7999100";"2,4012900"
"202000023780";"8";"11";"2020";"16:00";"1";"13";"13215";"2";"7";"1";"3";"VISTE (AVENUE DE LA)";"43,3588100";"5,3576300"
"202000023781";"4";"10";"2020";"01:25";"5";"94";"94073";"2";"9";"1";" -1";"FONTAINEBLEAU (AV DE)";"48,7598103";"2,3685704"
"202000023782";"8";"11";"2020";"15:05";"1";"13";"13005";"1";"1";"1";"1";"NATIONALE 8 DE PARIS A TOULON (ROUTE)";"43,2834773";"5,5955547"
"202000023783";"3";"10";"2020";"19:10";"2";"94";"94069";"2";"2";"8";"3";"CANADIENS (AV DES)";"48,8170200";"2,4576900"
"202000023784";"4";"10";"2020";"20:30";"5";"93";"93066";"2";"2";"2";"3";"WILSON (AVENUE DU PRESIDENT)";"48,9065800";"2,3587500"
"202000023785";"6";"11";"2020";"14:00";"1";"07";"07281";"2";"3";"1";"3";"BOUVAT (AVENUE MARC)";"44,9471600";"4,8508200"
"202000023786";"4";"10";"2020";"21:50";"3";"93";"93051";"2";"1";"2";"6";"MONT D'EST (BD)";"48,8407200";"2,5419300"
"202000023787";"8";"11";"2020";"17:30";"5";"06";"06088";"2";"2";"1";"3";"CLEMENCEAU (AV. GEORGES)";"43,7018200";"7,2608100"
"202000023788";"6";"11";"2020";"10:55";"1";"75";"75112";"2";"4";"1";"6";"BOULEVARD PERIPHERIQUE";"48,8279030";"2,3945530"
"202000023789";"4";"10";"2020";"14:35";"1";"93";"93046";"2";"3";"2";"3";"JEAN JAURES BOULEVARD";"48,9197002";"2,5270241"
"202000023790";"7";"11";"2020";"13:15";"1";"75";"75119";"2";"7";"1";"3";"PLACE AUGUSTE BARON";"48,9009380";"2,3882150"
"202000023791";"4";"10";"2020";"19:00";"2";"93";"93013";"2";"1";"2";"3";"AV DE LA DIVISION LECLERC";"48,9299322";"2,4206480"
"202000023792";"8";"11";"2020";"19:35";"5";"75";"75115";"2";"2";"1";"1";"QUAI BRANLY";"48,8546650";"2,2889190"
"202000023793";"3";"10";"2020";"23:31";"5";"92";"92024";"2";"1";"8";"3";"MARTRE (RUE) DE (59 A 109)   (58 A 120)";"48,9029258";"2,3063058"
"202000023794";"8";"11";"2020";"09:10";"1";"75";"75110";"2";"4";"1";"7";"BOULEVARD DE MAGENTA";"48,8814080";"2,3514160"
"202000023795";"8";"11";"2020";"09:15";"1";"94";"94076";"2";"9";"1";"6";"KARL MARX (AV)";"48,7843800";"2,3624000"
"202000023796";"3";"10";"2020";"17:10";"1";"38";"38459";"2";"1";"8";"1";"Route des Charbonnières";"45,4894640";"4,9314990"
"202000023797";"8";"11";"2020";"20:00";"5";"94";"94041";"2";"1";"1";"6";"FRANCOIS MITTERAND";"48,8000000";"2,3800000"
"202000023798";"4";"10";"2020";"19:20";"2";"86";"86183";"2";"4";"2";"6";"Rue de Bois Pouzin";"46,9728220";"0,6140930"
"202000023799";"8";"11";"2020";"11:25";"1";"94";"94041";"2";"9";"1";"3";"MAURICE THOREZ (AV)";"48,8190200";"2,3740800"
"202000023800";"4";"10";"2020";"04:40";"3";"86";"86241";"1";"1";"2";"7";"17 Le Port de Rives";"46,9411430";"0,7027330"
"202000023801";"8";"11";"2020";"21:31";"5";"93";"93073";"2";"3";"1";"3";"Onzieme Avenue";"48,9639600";"2,5722700"
"202000023802";"7";"11";"2020";"20:50";"5";"93";"93046";"2";"2";"1";"2";"AV LUCIE AUBRAC / AV MAUROUARD";"48,9314400";"2,5456500"
"202000023803";"8";"11";"2020";"19:20";"5";"93";"93031";"2";"2";"1";"3";"FELIX MERLIN";"48,9552992";"2,2902042"
"202000023804";"24";"8";"2020";"07:35";"1";"71";"71222";"1";"1";"1";"6";"D980";"46,6505457";"4,4243088"
"202000023805";"8";"11";"2020";"11:35";"1";"92";"92046";"2";"3";"1";"3";"PIERRE LAROUSSE (AVENUE)";"48,8219300";"2,3040100"
"202000023806";"7";"11";"2020";"22:45";"5";"92";"92033";"2";"1";"1";"6";"GENERAL DE GAULLE";"48,8410426";"2,1961399"
"202000023807";"29";"9";"2020";"14:30";"1";"76";"76562";"1";"1";"1";" -1";"Rue Edmond Manoury";"49,8683220";"1,1980460"
"202000023808";"8";"11";"2020";"20:15";"5";"24";"24350";"1";"1";"1";"2";"D6089";"45,1595720";"0,5938840"
"202000023809";"9";"11";"2020";"16:45";"1";"988";"98810";"1";"3";"1";"3";"RT1/RM23";" -20,6884500";"164,4222400"
"202000023810";"8";"11";"2020";"09:50";"1";"23";"23193";"1";"9";"1";"7";"rond pointdes combattants volontaires de la résistance";"46,1618540";"1,9105860"
"202000023811";"5";"10";"2020";"08:10";"1";"63";"63189";"1";"1";"3";"1";"D922";"45,6417680";"2,7246520"
"202000023812";"7";"11";"2020";"17:45";"1";"974";"97410";"2";"1";"1";"2";"N 2 Riviere des Roches";" -21,0070880";"55,6976210"
"202000023813";"9";"11";"2020";"01:00";"4";"974";"97414";"2";"1";"1";"6";"71 Rue de la Palissade";" -21,2806520";"55,4189010"
"202000023814";"19";"10";"2020";"08:20";"1";"2A";"2A032";"1";"1";"1";"2";"T40";"41,9138470";"8,8233200"
"202000023815";"5";"10";"2020";"15:10";"1";"41";"41256";"1";"1";"2";"4";"A71";"47,2790230";"2,0431300"
"202000023816";"6";"11";"2020";"18:50";"3";"29";"29165";"1";"1";"1";"6";"Lieu dit LHent Mahat";"47,8109210";" -4,2387060"
"202000023817";"9";"11";"2020";"20:30";"3";"60";"60249";"1";"1";"1";"6";"Route de Balagny";"49,2794050";"2,3206390"
"202000023818";"4";"10";"2020";"13:45";"1";"12";"12194";"1";"1";"2";"6";"N88";"44,2411320";"2,4104740"
"202000023819";"9";"11";"2020";"07:30";"2";"07";"07104";"1";"9";"2";"2";"LA BLACHE";"44,7808220";"4,5016370"
"202000023820";"30";"9";"2020";"17:30";"1";"30";"30334";"1";"1";"1";"1";"Chemin du Mas des Tailles";"44,0194650";"4,4018240"
"202000023821";"9";"11";"2020";"09:30";"1";"27";"27467";"2";"1";"1";"6";"intersection Rue Jean jaures et rue Stanislas Delaquaize";"49,3540090";"0,5161580"
"202000023822";"21";"9";"2020";"14:45";"1";"62";"62784";"1";"2";"1";"3";"La Grimpette";"50,1961120";"2,5145820"
"202000023823";"9";"11";"2020";"07:50";"1";"17";"17337";"1";"1";"1";"2";"D734";"45,9910730";" -1,3611670"
"202000023824";"5";"10";"2020";"17:55";"1";"62";"62733";"1";"1";"2";"6";"D3";"50,1300700";"2,6080940"
"202000023825";"30";"9";"2020";"03:20";"3";"19";"19066";"1";"1";"5";"6";"RD 147";"45,1423528";"1,3385356"
"202000023826";"29";"10";"2020";"18:00";"2";"17";"17127";"2";"2";"1";"3";"Route de Ferrières";"46,2407960";" -0,8178430"
"202000023827";"4";"10";"2020";"17:40";"1";"32";"32408";"1";"2";"2";"3";"D33";"43,8108360";" -0,0363600"
"202000023828";"9";"11";"2020";"07:50";"1";"973";"97309";"2";"1";"1";"3";"Route de Montjoly (rd1)";"4,9131500";" -52,2730990"
"202000023829";"5";"10";"2020";"09:05";"1";"71";"71230";"2";"1";"8";"6";"14 Rue Jean Bouveri";"46,5999626";"4,0571735"
"202000023830";"8";"8";"2020";"16:30";"1";"988";"98802";"1";"1";"1";"4";"ROUTE TERRITORIALE N°1";" -21,8984010";"166,1016140"
"202000023831";"5";"10";"2020";"06:05";"3";"71";"71221";"1";"2";"2";"7";"Rue de Fontaine Couverte";"46,7770865";"4,7578429"
"202000023832";"9";"11";"2020";"07:00";"1";"976";"97615";"2";"1";"2";"1";"route nationale 4";" -12,7959830";"45,2740730"
"202000023833";"5";"10";"2020";"12:50";"1";"71";"71135";"2";"2";"2";"1";"Route de Quintaine";"46,4335752";"4,8307936"
"202000023834";"8";"11";"2020";"13:00";"1";"971";"97119";"1";"1";"1";"7";"D120";"16,4153490";" -61,4253440"
"202000023835";"2";"10";"2020";"07:15";"3";"61";"61215";"1";"1";"1";"6";"Lieu Dit Malnoe";"48,5164100";"0,3757120"
"202000023836";"8";"11";"2020";"19:50";"3";"37";"37072";"1";"6";"1";"6";"N/A";"47,1752184";"0,2019157"
"202000023837";"2";"10";"2020";"18:10";"1";"47";"47142";"1";"2";"1";"3";"379 Piece de Moise";"44,6358340";"0,4779480"
"202000023838";"9";"11";"2020";"18:50";"5";"83";"83115";"2";"1";"1";"6";"95 Av du Croiseur Leger le Malin";"43,3391230";"6,6780030"
"202000023839";"5";"10";"2020";"16:30";"1";"22";"22137";"1";"1";"8";"1";"Rundeunic";"48,3190350";" -3,4313180"
"202000023840";"4";"10";"2020";"14:40";"1";"38";"38384";"1";"1";"2";"2";"D119";"45,3556360";"5,3288890"
"202000023841";"6";"11";"2020";"12:00";"1";"83";"83023";"1";"1";"1";"5";"D12 pk 2+500";"43,3959110";"6,0910970"
"202000023842";"4";"10";"2020";"21:15";"3";"02";"02386";"1";"1";"1";"1";"D946";"49,9575430";"3,6424830"
"202000023843";"8";"11";"2020";"06:22";"3";"88";"88315";"1";"1";"1";"7";"D50";"48,2669050";"6,7257890"
"202000023844";"4";"10";"2020";"20:35";"3";"03";"03221";"1";"1";"1";"7";"route d'Ainay le Château";"46,6759908";"2,6928947"
"202000023845";"5";"10";"2020";"10:00";"1";"15";"15079";"1";"1";"2";"6";"plaine de jaleyrac";"45,2703830";"2,3649410"
"202000023846";"9";"11";"2020";"10:30";"1";"73";"73006";"2";"1";"1";"1";"Montee de Saint Sigismond";"45,5596730";"6,6525110"
"202000023847";"9";"11";"2020";"01:30";"3";"42";"42094";"2";"1";"1";"6";"Rue de la Loire";"45,7427750";"4,2074740"
"202000023848";"8";"11";"2020";"17:00";"1";"09";"09164";"1";"1";"1";"3";"Lort";"42,9929870";"1,2217300"
"202000023849";"9";"11";"2020";"16:45";"1";"09";"09221";"1";"1";"1";"5";"N 20";"42,8184950";"1,6230050"
"202000023850";"8";"11";"2020";"09:50";"1";"87";"87161";"2";"1";"9";"3";"Avenue du Général de Gaulle";"45,8349960";"1,4893560"
"202000023851";"8";"11";"2020";"21:20";"3";"61";"61074";"1";"1";"1";"6";"D2";"48,5795030";" -0,1346680"
"202000023852";"9";"11";"2020";"10:20";"1";"80";"80685";"1";"1";"1";"3";"A1";"49,7114450";"2,7728140"
"202000023853";"8";"11";"2020";"15:35";"1";"69";"69256";"1";"9";"2";"6";"A42     0.560 A 4.020";"45,8044100";"4,9260600"
"202000023854";"7";"11";"2020";"13:20";"1";"93";"93064";"1";"1";"1";"3";"AUTOROUTE A86";"48,8630150";"2,4828710"
"202000023855";"8";"11";"2020";"13:55";"1";"94";"94052";"1";"1";"1";"6";"A86 INT";"48,8421989";"2,4927536"
"202000023856";"17";"9";"2020";"22:10";"3";"33";"33374";"1";"3";"1";"3";"RD137 / route du Palais du Roy";"45,2483800";" -0,5677500"
"202000023857";"6";"11";"2020";"16:00";"1";"988";"98818";"2";"1";"1";"3";"VICTOIRE-HENRI LAFLEUR (AVENUE DE LA)";" -22,2744300";"166,4467800"
"202000023858";"18";"12";"2020";"13:10";"1";"92";"92036";"2";"2";"1";"3";"CHANDON (AVENUE) (1/63)";"48,9219370";"2,2998340"
"202000023859";"18";"12";"2020";"14:40";"1";"92";"92026";"2";"1";"1";"2";"PAIX (RUE DE LA)";"48,9031000";"2,2667000"
"202000023860";"18";"12";"2020";"12:50";"1";"92";"92025";"2";"4";"1";"1";"VALMY (BD DE)";"48,9247600";"2,2527250"
"202000023861";"18";"12";"2020";"18:16";"5";"92";"92007";"2";"1";"1";" -1";"BARBUSSE (AVENUE HENRI) N° 1 A 43 ET 2 A";"48,8016935";"2,3158940"
"202000023862";"18";"12";"2020";"16:50";"2";"92";"92004";"1";"1";"1";" -1";"DOCTEUR DERVAUX  ( QUAI DU )";"48,9092659";"2,2936429"
"202000023863";"14";"12";"2020";"23:55";"4";"92";"92004";"2";"1";"3";"6";"INTERCOMMUNAL (B)";"48,9340800";"2,2810800"
"202000023864";"7";"12";"2020";"15:30";"1";"01";"01449";"1";"2";"1";"3";"D93";"46,0044090";"5,2333650"
"202000023865";"19";"12";"2020";"07:55";"2";"17";"17413";"2";"1";"2";"1";"Route de Chatelaillon - Départmentale 113";"46,0796220";" -1,0542610"
"202000023866";"19";"12";"2020";"17:10";"2";"41";"41150";"1";"1";"1";"1";"D765";"47,5326610";"1,4201870"
"202000023867";"17";"12";"2020";"15:00";"1";"71";"71105";"1";"1";"1";"4";"A6 pk 391+700 sens LYON/PARIS";"46,3024254";"4,7930852"
"202000023868";"19";"12";"2020";"06:00";"2";"972";"97221";"1";"1";"1";"1";"Route de Riviere Pilote";"14,5090150";" -60,9491180"
"202000023869";"18";"12";"2020";"20:00";"3";"28";"28024";"1";"1";"1";"2";"N123";"48,4158510";"1,4832830"
"202000023870";"18";"12";"2020";"20:00";"3";"974";"97410";"1";"1";"2";"7";"N 3 Pont Payet";" -21,0979170";"55,6737340"
"202000023871";"18";"12";"2020";"10:20";"1";"14";"14378";"1";"1";"1";"6";"RN 13 PK 114+000";"49,3438350";" -0,9560670"
"202000023872";"17";"12";"2020";"23:35";"3";"974";"97413";"2";"1";"1";"6";"Chemin Dubuisson";" -21,1730470";"55,2960670"
"202000023873";"19";"12";"2020";"01:35";"3";"57";"57188";"1";"1";"1";"6";"route forestière Erbsenthal";"49,0342670";"7,5567910"
"202000023874";"18";"12";"2020";"18:23";"3";"19";"19285";"1";"1";"1";"1";"Le Grand Brugeron";"45,4014930";"1,5042900"
"202000023875";"18";"12";"2020";"18:50";"3";"82";"82161";"1";"1";"5";"6";"2721 Vieille Route de Montauban";"44,0505760";"1,4396920"
"202000023876";"17";"12";"2020";"14:28";"1";"33";"33123";"1";"2";"1";"3";"Rue des Pensees";"45,0937470";" -0,4390510"
"202000023877";"18";"12";"2020";"16:45";"1";"61";"61230";"1";"1";"8";"7";"La Véronnière";"48,5706440";"0,7587430"
"202000023878";"19";"12";"2020";"13:40";"1";"42";"42029";"1";"1";"1";"6";"D1";"45,8475380";"4,2769220"
"202000023879";"19";"12";"2020";"16:20";"1";"47";"47318";"1";"1";"2";"1";"lieu dit grange";"44,1929130";"0,3265860"
"202000023880";"18";"12";"2020";"10:45";"1";"41";"41231";"1";"2";"1";"3";"D121";"47,4681410";"1,9387110"
"202000023881";"30";"11";"2020";"12:45";"1";"41";"41164";"1";"2";"7";"3";"Les Martinières";"47,2736550";"1,4402070"
"202000023882";"18";"12";"2020";"18:30";"3";"25";"25519";"1";"1";"5";"7";"Rue du Dessoubre";"47,2972950";"6,7907690"
"202000023883";"18";"12";"2020";"19:10";"3";"44";"44158";"1";"1";"1";"1";"D17 PK 38";"47,2831050";" -1,8038820"
"202000023884";"19";"12";"2020";"18:00";"5";"15";"15103";"1";"1";"2";"6";"D28";"44,7817060";"2,5267370"
"202000023885";"17";"12";"2020";"17:00";"1";"72";"72180";"2";"1";"1";"6";"55 Place Carnot";"48,3506500";"0,3689240"
"202000023886";"18";"12";"2020";"16:10";"1";"45";"45160";"2";"1";"1";"6";"Rue de la Gare";"48,1934080";"2,1134790"
"202000023887";"18";"12";"2020";"18:30";"3";"18";"18127";"1";"1";"8";"6";"D940";"46,7803290";"2,2323490"
"202000023888";"19";"12";"2020";"16:30";"1";"07";"07142";"1";"1";"2";"7";"D392";"44,7225430";"3,8695910"
"202000023889";"18";"12";"2020";"15:05";"1";"24";"24196";"1";"1";"1";"1";"D4 - 70+150";"45,3513380";"1,1430720"
"202000023890";"19";"12";"2020";"14:30";"1";"85";"85234";"1";"1";"1";"7";"Chemin de la Baude";"46,8144820";" -2,0210390"
"202000023891";"10";"12";"2020";"07:50";"5";"27";"27414";"2";"1";"2";"3";"rue grande";"48,9394440";"0,4808660"
"202000023892";"18";"12";"2020";"04:40";"3";"37";"37050";"1";"1";"5";"6";"Rue des Barillers";"47,3329690";"0,7382904"
"202000023893";"18";"12";"2020";"19:20";"5";"30";"30184";"2";"4";"1";"1";"RD982";"43,9802670";"4,2300370"
"202000023894";"18";"12";"2020";"19:45";"3";"78";"78043";"1";"1";"1";"1";"Route de Fontenay";"48,8344700";"2,0717060"
"202000023895";"15";"12";"2020";"02:10";"5";"78";"78455";"1";"6";"2";"6";"Route Nationale 307";"48,8435230";"2,0569110"
"202000023896";"19";"12";"2020";"01:10";"3";"06";"06067";"1";"1";"1";"6";"A8, PK 217.700 chaussée nord";"43,7850220";"7,4599100"
"202000023897";"18";"12";"2020";"07:20";"1";"988";"98803";"1";"9";"1";"6";"Sortie nord de Bourail";" -21,5520360";"165,4793200"
"202000023898";"18";"12";"2020";"23:40";"3";"974";"97415";"2";"1";"1";"3";"115 Chemin Creve Coeur";" -21,0172280";"55,2872380"
"202000023899";"19";"12";"2020";"14:55";"1";"77";"77196";"1";"1";"1";"2";"Route Nationale 3";"48,9481540";"2,7428050"
"202000023900";"16";"12";"2020";"07:30";"2";"30";"30211";"2";"3";"1";"3";"Avenue de Provence";"43,8311900";"4,4970860"
"202000023901";"18";"12";"2020";"15:30";"1";"05";"05151";"1";"1";"1";"1";"RN 94";"44,8121660";"6,5750600"
"202000023902";"19";"12";"2020";"14:50";"1";"38";"38148";"2";"1";"1";"6";"Route de la Frette";"45,6164050";"5,4800530"
"202000023903";"18";"12";"2020";"14:00";"1";"69";"69287";"2";"1";"1";"2";"D306, rond point intermarché";"45,6978896";"5,0143164"
"202000023904";"18";"12";"2020";"09:35";"1";"81";"81187";"1";"1";"1";"6";"D84";"43,7109864";"2,0079095"
"202000023905";"19";"12";"2020";"04:00";"2";"17";"17058";"1";"1";"2";"6";"Prise de Vignaud";"45,8511930";" -1,1099200"
"202000023906";"18";"12";"2020";"16:10";"1";"33";"33456";"1";"1";"1";"6";"D137";"45,3055050";" -0,5749400"
"202000023907";"18";"12";"2020";"16:45";"2";"29";"29179";"2";"3";"2";"7";"Rue du Général de Gaulle";"48,5348940";" -4,3116460"
"202000023908";"18";"12";"2020";"17:15";"2";"35";"35121";"1";"1";"2";"1";"D812";"48,2366580";" -1,4654840"
"202000023909";"18";"12";"2020";"07:30";"3";"13";"13216";"1";"1";"1";"2";"A55-Sens Marseille vers Martigues";"43,3661300";"5,3350500"
"202000023910";"18";"12";"2020";"17:50";"3";"33";"33080";"1";"1";"1";"4";"AUTOROUTE A 62";"44,7484000";" -0,5403910"
"202000023911";"18";"12";"2020";"14:00";"1";"91";"91161";"1";"1";"1";"2";"AUTOROUTE A6";"48,7163600";"2,3100000"
"202000023912";"18";"12";"2020";"06:00";"3";"91";"91161";"1";"1";"1";"7";"AUTOROUTE A6";"48,7138800";"2,3087600"
"202000023913";"18";"12";"2020";"18:00";"3";"78";"78672";"1";"1";"1";"5";"A13";"48,9292250";"1,9866700"
"202000023914";"17";"12";"2020";"15:10";"1";"92";"92050";"1";"1";"1";"2";"A86";"48,9039650";"2,2066037"
"202000023915";"17";"12";"2020";"06:30";"3";"78";"78117";"1";"1";"2";"2";"RN12";"48,7874570";"2,1468140"
"202000023916";"16";"12";"2020";"17:00";"2";"78";"78455";"1";"1";"1";"5";"A13";"48,8518630";"2,0654580"
"202000023917";"18";"12";"2020";"06:40";"3";"95";"95394";"1";"1";"1";"6";"RN 184";"49,0523600";"2,1844600"
"202000023918";"18";"12";"2020";"02:15";"3";"93";"93064";"1";"1";"1";"7";"AUTOROUTE A103";"48,8878600";"2,4725000"
"202000023919";"17";"12";"2020";"22:00";"3";"95";"95572";"1";"1";"1";"6";"RN 184";"49,0395800";"2,1266900"
"202000023920";"16";"12";"2020";"18:45";"3";"95";"95351";"1";"1";"1";"3";"RN 104";"49,0321140";"2,4919330"
"202000023921";"18";"12";"2020";"15:15";"1";"94";"94017";"1";"1";"1";" -1";"A4";"48,8296700";"2,4983600"
"202000023922";"16";"8";"2020";"23:30";"5";"84";"84007";"2";"1";"1";"6";"PIERRE SEMARD (avenue)";"43,9396700";"4,8209100"
"202000023923";"6";"10";"2020";"22:45";"5";"19";"19275";"1";"1";"8";"6";"R.D. 982 NORD";"45,5671700";"2,2983300"