"Num_Acc";"jour";"mois";"an";"hrmn";"lum";"dep";"com";"agg";"int";"atm";"col";"adr";"lat";"long"
"202000023924";"17";"12";"2020";"20:15";"5";"988";"98818";"2";"2";"1";"3";"RUE JACQUES IEKAWE/RUE ARMAND OHLEN";" -22,2483900";"166,4637900"
"202000023925";"17";"12";"2020";"00:45";"5";"988";"98818";"2";"3";"1";"7";"ROUTE DE L'ANSE VATA/RUE MARCELLIN LACABANNE";" -22,2933500";"166,4466000"
"202000023926";"17";"12";"2020";"14:30";"1";"973";"97302";"2";"1";"1";"3";"GALMOT (AVENUE)";"4,9323900";" -52,3270600"
"202000023927";"17";"12";"2020";"12:15";"1";"973";"97302";"1";"2";"1";"3";"DIGUE LEBLOND";"4,9214500";" -52,3296600"
"202000023928";"17";"12";"2020";"12:00";"1";"973";"97302";"2";"1";"8";" -1";"VOLTAIRE(AVENUE)";"4,9420640";" -52,3235893"
"202000023929";"18";"12";"2020";"00:45";"5";"69";"69199";"2";"1";"1";"6";"MARCEL SEMBAT                       (R )";"45,7106700";"4,8468400"
"202000023930";"17";"12";"2020";"18:09";"5";"69";"69199";"2";"1";"2";"2";"YVES FARGE                          (BD)";"45,6978900";"4,8578600"
"202000023931";"16";"12";"2020";"10:00";"1";"69";"69259";"2";"1";"1";"4";"PIERRE SEMARD                       (AV)";"45,7086900";"4,8761400"
"202000023932";"17";"12";"2020";"15:55";"1";"972";"97213";"2";"9";"1";"4";"ROUTE DEPARTEMENTALE 15 A";"14,6107500";" -61,0018000"
"202000023933";"16";"12";"2020";"05:30";"2";"972";"97209";"1";"1";"1";"2";"AVE CAMILLE DARSIERES";"14,6027100";" -61,0442600"
"202000023934";"17";"12";"2020";"08:50";"1";"69";"69389";"2";"4";"1";"1";"JOANNES CARRET                      (R )";"45,7892100";"4,8125700"
"202000023935";"26";"11";"2020";"15:40";"1";"95";"95585";"2";"1";"1";"6";"BROSSELETTE (RUE PIERRE)";"48,9925800";"2,3757200"
"202000023936";"17";"12";"2020";"06:00";"5";"91";"91326";"2";"3";"1";"1";"COUR DE FRANCE (AVENUE DE LA)";"48,6980000";"2,3719600"
"202000023937";"12";"12";"2020";"11:50";"1";"88";"88519";"1";"1";"1";"2";"RN 59";"48,3481900";"6,8867300"
"202000023938";"17";"12";"2020";"11:36";"1";"87";"87085";"2";"2";"1";"3";"CARMES (PLACE DES)";"45,8301700";"1,2503300"
"202000023939";"16";"12";"2020";"16:10";"1";"86";"86194";"2";"3";"1";"3";"Avenue de Nantes";"46,5896980";"0,3296620"
"202000023940";"17";"12";"2020";"18:30";"5";"82";"82121";"2";"3";"1";"3";"DOUMERC (BOULEVARD BLAISE)";"44,0123400";"1,3630400"
"202000023941";"17";"12";"2020";"14:45";"1";"79";"79329";"2";"1";"1";" -1";"Boulevard de l'Europe";"46,9744990";" -0,2003800"
"202000023942";"12";"12";"2020";"13:50";"1";"78";"78586";"2";"3";"1";" -1";"VILLOING (ROBERT) N°1 A 97";"48,9396700";"2,1865400"
"202000023943";"16";"12";"2020";"19:00";"5";"76";"76351";"2";"5";"2";"6";"GUSTAVE NICOLLE";"49,4925000";"0,1484300"
"202000023944";"17";"12";"2020";"19:30";"5";"73";"73065";"2";"6";"2";"2";"CAFFE (PLACE)";"45,5637410";"5,9195010"
"202000023945";"13";"12";"2020";"15:20";"1";"71";"71105";"1";"1";"1";"7";"DAVAYE (ROUTE DE)";"46,2993225";"4,7801055"
"202000023946";"17";"12";"2020";"14:00";"1";"71";"71540";"1";"1";"1";"6";"PERIGAS (CHEMIN DE)";"46,7729426";"4,4262394"
"202000023947";"16";"12";"2020";"15:30";"1";"69";"69290";"2";"2";"1";"3";"LYON (DE) (D 518)                   (RO)";"45,7075300";"4,9077000"
"202000023948";"17";"12";"2020";"07:40";"2";"67";"67482";"2";"3";"1";"3";"RHIN (AVENUE DU)";"48,5708100";"7,7865100"
"202000023949";"16";"12";"2020";"15:30";"1";"67";"67482";"2";"4";"1";"3";"Rue Arthur Rimbaud";"48,5888800";"7,7140300"
"202000023950";"17";"12";"2020";"13:25";"1";"64";"64284";"1";"1";"1";"1";"D 802";"43,2806900";" -0,3910900"
"202000023951";"17";"12";"2020";"11:03";"1";"64";"64445";"2";"6";"1";"3";"RONSARD";"43,3180500";" -0,3563800"
"202000023952";"17";"11";"2020";"11:45";"1";"64";"64237";"2";"3";"1";"6";"LOUIS BARTHOU";"43,2831900";" -0,3723500"
"202000023953";"16";"12";"2020";"07:11";"5";"63";"63063";"1";"3";"1";"3";"VERTE (RUE)";"45,8405399";"3,1174379"
"202000023954";"26";"11";"2020";"19:10";"4";"58";"58194";"2";"3";"2";"3";"MADEMOISELLE BOURGEOIS";"46,9990000";"3,1739000"
"202000023955";"16";"12";"2020";"09:40";"1";"56";"56098";"2";"1";"1";"5";"D194";"47,7676300";" -3,3216600"
"202000023956";"23";"10";"2020";"23:25";"5";"53";"53130";"2";"1";"1";"7";"MAYENNE ( AVENUE DE )";"48,0694100";" -0,7717600"
"202000023957";"16";"12";"2020";"19:50";"5";"51";"51454";"2";"4";"1";"2";"Boulevard Dauphinot";"49,2626367";"4,0569147"
"202000023958";"17";"12";"2020";"14:10";"1";"50";"50129";"2";"1";"1";"2";"MENDES FRANCE (BOULEVARD)";"49,6351000";" -1,6291800"
"202000023959";"16";"12";"2020";"08:14";"5";"49";"49007";"2";"1";"1";"6";"BEDIER BOULEVARD";"47,4518100";" -0,5451200"
"202000023960";"16";"12";"2020";"14:47";"1";"49";"49007";"2";"1";"1";"3";"GAIN ( LOUIS)";"47,4694870";" -0,5415160"
"202000023961";"17";"12";"2020";"15:25";"1";"45";"45285";"2";"1";"1";"2";"Rue Charles Beauhaire";"47,9099800";"1,8814300"
"202000023962";"17";"12";"2020";"08:25";"2";"45";"45234";"2";"1";"1";"3";"Avenue Dauphine";"47,8926000";"1,9047300"
"202000023963";"16";"12";"2020";"10:10";"1";"37";"37122";"2";"6";"1";"3";"Route de Monts";"47,3231700";"0,6619001"
"202000023964";"16";"12";"2020";"07:44";"5";"37";"37261";"2";"3";"1";" -1";"FROMENTEL (RUE)";"47,3762646";"0,6777758"
"202000023965";"17";"12";"2020";"14:05";"1";"35";"35238";"1";"1";"1";"2";"PORTE DE CLEUNAY";"48,1053300";" -1,7167560"
"202000023966";"17";"12";"2020";"13:15";"1";"35";"35055";"1";"6";"1";"3";"RD 173";"48,0825400";" -1,6404100"
"202000023967";"16";"12";"2020";"22:30";"5";"35";"35238";"2";"1";"2";"7";"SAINT-MALO (RUE DE)";"48,1157200";" -1,6809000"
"202000023968";"17";"12";"2020";"19:10";"5";"33";"33281";"2";"4";"9";"5";"AVE PRESIDENT J.F. KENNEDY";"44,8345400";" -0,6714000"
"202000023969";"17";"12";"2020";"08:50";"1";"33";"33550";"2";"3";"8";"3";"AVE DES PYRENEES / RUE VICTOR SCHOELCHER";"44,7606800";" -0,5571800"
"202000023970";"13";"11";"2020";"12:05";"1";"31";"31555";"2";"1";"1";"3";"RUE DU FAUBOURG BONNEFOY";"43,6200700";"1,4572900"
"202000023971";"17";"12";"2020";"00:25";"5";"30";"30189";"2";"9";"1";"3";"REPUBLIQUE (RUE)";"43,8297000";"4,3558000"
"202000023972";"16";"12";"2020";"16:20";"1";"30";"30007";"2";"1";"9";"3";"CROUPILLAC (AVE DE)";"44,1386900";"4,1045800"
"202000023973";"29";"11";"2020";"09:25";"1";"29";"29039";"1";"1";"1";"6";"D122 - Rue Yves Trichard";"47,8787900";" -3,8736600"
"202000023974";"16";"12";"2020";"21:30";"5";"29";"29019";"2";"2";"1";"3";"Rue Duperré";"48,3968470";" -4,4830140"
"202000023975";"17";"12";"2020";"13:50";"1";"27";"27528";"2";"6";"1";"6";"CHAUSSE DU VEXIN";"49,2530000";"1,1942800"
"202000023976";"23";"11";"2020";"15:40";"1";"26";"26198";"2";"1";"1";"6";"2 q Chemin des Combes";"44,5518870";"4,7417110"
"202000023977";"16";"12";"2020";"11:00";"1";"22";"22215";"2";"1";"1";"6";"rOND point de la villette";"48,5014101";" -2,7800399"
"202000023978";"16";"12";"2020";"08:54";"1";"15";"15014";"2";"1";"7";"6";"POMPIDOU (AVENUE GEORGES)";"44,9114900";"2,4489100"
"202000023979";"17";"12";"2020";"17:10";"1";"14";"14118";"2";"1";"1";"6";"FALAISE (RUE DE -144)";"49,1599244";" -0,3401074"
"202000023980";"17";"12";"2020";"10:15";"1";"14";"14118";"2";"1";"1";"6";"ORATOIRE (RUE DE L')";"49,1804700";" -0,3607700"
"202000023981";"9";"12";"2020";"19:00";"3";"13";"13108";"1";"1";"1";"1";"VALLABREGUES ( RD 81 ROUTE DE)";"43,8198430";"4,6517560"
"202000023982";"17";"12";"2020";"13:40";"1";"13";"13209";"2";"1";"1";"6";"MAZARGUES (AVENUE DE)";"43,2500000";"5,3960000"
"202000023983";"17";"12";"2020";"13:20";"1";"13";"13204";"2";"1";"1";"6";"FRANÇOISE DUPARC (BOULEVARD)";"43,3081000";"5,4020700"
"202000023984";"17";"12";"2020";"07:34";"5";"10";"10387";"2";"1";"8";"4";"ANATOLE FRANCE (RUE)";"48,2832000";"4,0750100"
"202000023985";"17";"12";"2020";"07:55";"3";"07";"07019";"1";"1";"1";"4";"D 104 (DEVIATION ST PRIVAS)";"44,6145600";"4,4085700"
"202000023986";"16";"12";"2020";"10:00";"1";"06";"06069";"2";"1";"8";"6";"SEMARD (AVENUE PIERRE)";"43,6562110";"6,9253720"
"202000023987";"17";"12";"2020";"13:29";"1";"05";"05023";"2";"1";"7";"6";"BOSCO (CHEMIN JEAN )";"44,8976300";"6,6406800"
"202000023988";"16";"12";"2020";"12:35";"1";"03";"03185";"2";"3";"1";"3";"Rue d’Ulm";"46,3555341";"2,5891675"
"202000023989";"16";"12";"2020";"17:10";"5";"01";"01053";"2";"1";"1";"1";"Chemin de la Chagne";"46,2077800";"5,2606900"
"202000023990";"17";"12";"2020";"18:35";"5";"75";"75118";"2";"1";"1";"2";"PORTE D AUBERVILLIERS";"48,9006720";"2,3684330"
"202000023991";"16";"12";"2020";"20:00";"5";"75";"75120";"2";"1";"1";"2";"PORTE DE BAGNOLET";"48,8660490";"2,4132040"
"202000023992";"15";"12";"2020";"14:15";"1";"75";"75115";"2";"1";"1";"3";"BOULEVARD PERIPHERIQUE";"48,8284610";"2,2896940"
"202000023993";"16";"12";"2020";"13:00";"1";"75";"75120";"2";"1";"1";"5";"BOULEVARD MORTIER";"48,8766240";"2,4071560"
"202000023994";"17";"12";"2020";"15:00";"1";"75";"75115";"2";"1";"1";"3";"AVENUE DE LA PORTE DE SEVRES";"48,8351830";"2,2777080"
"202000023995";"17";"12";"2020";"09:12";"1";"75";"75115";"2";"2";"1";"3";"RUE DE VAUGIRARD";"48,8379260";"2,2977180"
"202000023996";"17";"12";"2020";"17:40";"5";"75";"75114";"2";"1";"1";"6";"AVENUE DU GENERAL LECLERC";"48,8317090";"2,3302340"
"202000023997";"17";"12";"2020";"18:50";"5";"75";"75113";"2";"2";"1";"6";"RUE REGNAULT";"48,8244140";"2,3764180"
"202000023998";"17";"12";"2020";"16:15";"1";"75";"75111";"2";"3";"1";"3";"RUE DE MONTREUIL";"48,8509640";"2,3964660"
"202000023999";"17";"12";"2020";"15:30";"1";"75";"75109";"2";"5";"1";"3";"BOULEVARD HAUSSMANN";"48,8729480";"2,3332470"
"202000024000";"17";"12";"2020";"14:33";"1";"75";"75108";"2";"7";"1";"3";"PLACE DE LA CONCORDE";"48,8640760";"2,3201270"
"202000024001";"17";"12";"2020";"12:45";"1";"75";"75108";"2";"2";"1";"7";"AVENUE FRANKLIN D ROOSEVELT";"48,8668320";"2,3102550"
"202000024002";"17";"12";"2020";"08:30";"1";"75";"75108";"2";"2";"1";"7";"COURS LA REINE";"48,8646830";"2,3136520"
"202000024003";"16";"12";"2020";"08:15";"1";"75";"75108";"2";"2";"1";"3";"RUE LA BOETIE";"48,8736960";"2,3144730"
"202000024004";"17";"12";"2020";"11:00";"1";"75";"75104";"2";"3";"8";"6";"RUE SAINT ANTOINE";"48,8547670";"2,3624330"
"202000024005";"17";"12";"2020";"13:05";"1";"94";"94081";"2";"3";"2";"3";"Rue de la Baignade";"48,8083900";"2,4077300"
"202000024006";"17";"12";"2020";"12:30";"1";"94";"94081";"2";"1";"2";"6";"CONCORDE (R DE LA)";"48,7994700";"2,3851600"
"202000024007";"15";"12";"2020";"18:00";"5";"94";"94068";"2";"1";"1";"2";"FOCH (AV)";"48,8032100";"2,4894500"
"202000024008";"17";"12";"2020";"13:22";"1";"94";"94046";"2";"3";"2";"3";"MARECHAL JUIN (R DU)";"48,8155300";"2,4276300"
"202000024009";"17";"12";"2020";"12:00";"1";"94";"94043";"2";"1";"1";"6";"VERDUN (R DE)";"48,8095500";"2,3589500"
"202000024010";"15";"12";"2020";"16:10";"1";"94";"94041";"2";"2";"1";"3";"VICTOR HUGO (R)";"48,8214100";"2,3903300"
"202000024011";"17";"12";"2020";"16:00";"1";"94";"94069";"2";"1";"1";"3";"SAINT MAURICE DU VALAIS (AV)";"48,8149200";"2,4632400"
"202000024012";"16";"12";"2020";"11:40";"1";"94";"94002";"2";"9";"1";"3";"BLANQUI (QU)";"48,7982000";"2,4203600"
"202000024013";"17";"12";"2020";"09:35";"1";"93";"93066";"2";"1";"8";"6";"""STALINGRAD (AVENUE), NR 88 A 114 BIS""";"48,9441805";"2,3577721"
"202000024014";"16";"12";"2020";"13:30";"1";"93";"93066";"2";"1";"1";"3";"FRANCE ANATOLE (BOULEVARD) NR AUTRES";"48,9273000";"2,3525000"
"202000024015";"17";"12";"2020";"22:55";"5";"93";"93053";"2";"7";"1";"3";"PARIS (RUE DE)";"48,9037880";"2,4692529"
"202000024016";"17";"12";"2020";"13:40";"1";"93";"93010";"2";"2";"2";"3";"GALLIENI (AV.) DE 1 A 109";"48,9060323";"2,4802808"
"202000024017";"17";"12";"2020";"12:30";"1";"93";"93005";"2";"6";"2";"3";"LEFEVRE (BOULEVARD)";"48,9388540";"2,4890616"
"202000024018";"17";"12";"2020";"19:45";"4";"93";"93001";"2";"2";"1";"3";"REPUBLIQUE (AVE DE LA ) 43/106 =>";"48,9060405";"2,3897254"
"202000024019";"16";"12";"2020";"11:20";"1";"92";"92078";"2";"2";"1";"3";"GALLIENI (BD) (1 A 79 ET 22 A 102)";"48,9249425";"2,3254631"
"202000024020";"14";"12";"2020";"14:30";"1";"92";"92063";"2";"1";"2";"2";"BUZENVAL (AVENUE DE)";"48,8688500";"2,1864620"
"202000024021";"16";"12";"2020";"23:20";"4";"92";"92048";"2";"1";"2";"7";"TRIVAUX (AVENUE DE) N° 9";"48,7912409";"2,2322698"
"202000024022";"6";"12";"2020";"18:50";"5";"92";"92004";"2";"1";"1";"3";"VOLTAIRE  ( BD 01 A 15 )";"48,9169072";"2,2879333"
"202000024023";"17";"12";"2020";"11:20";"1";"47";"47100";"2";"1";"1";"6";"avenue de paris";"44,2605030";"0,6705420"
"202000024024";"17";"12";"2020";"19:15";"3";"51";"51433";"1";"2";"1";"3";"D995";"48,7433745";"4,6731614"
"202000024025";"18";"12";"2020";"19:30";"3";"60";"60366";"1";"9";"1";"2";"route nationale 31";"49,4110672";"2,3294406"
"202000024026";"16";"12";"2020";"15:00";"1";"41";"41194";"2";"3";"1";"2";"65 Avenue de Paris";"47,3757570";"1,7366450"
"202000024027";"17";"11";"2020";"17:00";"1";"33";"33352";"1";"1";"7";"1";"Chemin de Peyreffite";"44,5925640";" -0,0379160"
"202000024028";"1";"12";"2020";"17:03";"2";"81";"81209";"2";"2";"2";"6";"Avenue de Castres";"43,5205480";"2,3687530"
"202000024029";"15";"12";"2020";"15:20";"1";"01";"01354";"1";"3";"2";"5";"D35";"46,2482350";"6,0415360"
"202000024030";"18";"12";"2020";"19:00";"2";"974";"97414";"2";"1";"1";"1";"12 Rue de la Pépinière";" -21,2089290";"55,4061820"
"202000024031";"18";"12";"2020";"12:45";"1";"72";"72058";"1";"1";"1";" -1";"RD 323";"47,9838180";"0,2743790"
"202000024032";"29";"10";"2020";"16:30";"1";"72";"72047";"2";"1";"1";"6";"Square des Chardonnerets";"47,9147250";"0,3328760"
"202000024033";"17";"12";"2020";"15:50";"1";"34";"34051";"1";"1";"1";" -1";"Autoroute A75";"43,5948100";"3,4649340"
"202000024034";"18";"12";"2020";"18:25";"3";"63";"63404";"1";"1";"8";"3";"A75 - PK 025.250 - Sens Nord / Sud";"45,5879887";"3,2463266"
"202000024035";"17";"12";"2020";"09:15";"1";"62";"62819";"1";"1";"1";"4";"rd 943";"50,7707190";"2,1988530"
"202000024036";"18";"12";"2020";"15:15";"1";"74";"74303";"1";"1";"1";"1";"1903 Rte de la Filiere";"45,9558080";"6,1723580"
"202000024037";"17";"12";"2020";"17:35";"5";"76";"76752";"2";"1";"1";"6";"Place du General Leclerc";"49,6684690";"0,8973340"
"202000024038";"17";"12";"2020";"13:30";"1";"80";"80688";"1";"1";"1";"2";"route departementale 32";"50,2636704";"1,6935575"
"202000024039";"18";"12";"2020";"19:00";"3";"33";"33348";"1";"1";"1";"1";"D102e2";"45,3710710";" -0,9682220"
"202000024040";"18";"12";"2020";"11:30";"1";"32";"32107";"1";"1";"1";"7";"D41 lieu dit  bouhebent";"43,9717080";"0,4189400"
"202000024041";"17";"12";"2020";"07:20";"3";"71";"71310";"1";"6";"1";"1";"Rond Point du Pont Jeanne Rose";"46,7486337";"4,4932413"
"202000024042";"18";"12";"2020";"11:30";"1";"29";"29160";"2";"6";"8";"6";"Route du Narret";"48,4940665";" -4,4336215"
"202000024043";"18";"12";"2020";"17:39";"3";"29";"29235";"2";"1";"2";"6";"3 Rue Lamartine";"48,3990010";" -4,4188350"
"202000024044";"17";"12";"2020";"17:50";"5";"02";"02554";"1";"2";"1";"3";"D1";"49,0276190";"3,4093770"
"202000024045";"17";"12";"2020";"15:45";"1";"03";"03267";"1";"1";"1";"3";"N/A";"46,3359451";"3,2855833"
"202000024046";"18";"12";"2020";"17:10";"1";"15";"15234";"1";"1";"1";"7";"D32";"44,8367610";"2,5144310"
"202000024047";"17";"12";"2020";"17:25";"4";"01";"01304";"2";"1";"2";"6";"41 Rue Antoine de Saint Exupery";"46,0522610";"5,3352710"
"202000024048";"18";"12";"2020";"07:53";"2";"70";"70292";"1";"1";"5";"7";"D3";"47,8411260";"5,8971770"
"202000024049";"17";"12";"2020";"21:10";"3";"54";"54557";"1";"1";"1";"1";"A31";"48,6882970";"6,0114960"
"202000024050";"20";"4";"2020";"10:45";"1";"75";"75110";"2";"1";"1";"2";"RUE LA FAYETTE";"48,8808810";"2,3630040"
"202000024051";"19";"4";"2020";"22:30";"5";"94";"94046";"2";"1";"1";"7";"GENERAL DE GAULLE (AV DU)";"48,8013000";"2,4311500"
"202000024052";"20";"4";"2020";"16:50";"1";"94";"94077";"2";"1";"7";"2";"REPUBLIQUE (AV DE LA)";"48,7311400";"2,4203100"
"202000024053";"20";"4";"2020";"13:30";"1";"93";"93053";"2";"1";"1";"3";"PARIS (RUE DE)";"48,9026400";"2,4632600"
"202000024054";"20";"4";"2020";"19:20";"1";"93";"93029";"2";"1";"1";"1";"HENRI LANGLOIS";"48,9139000";"2,4481000"
"202000024055";"20";"4";"2020";"11:00";"1";"93";"93008";"2";"3";"1";"1";"CHE DE GROSLAY / R ANDRE JAOUEN";"48,9119340";"2,4753460"
"202000024056";"21";"4";"2020";"08:00";"1";"22";"22197";"1";"1";"1";"7";"D29";"48,5355830";" -1,9382070"
"202000024057";"27";"2";"2020";"04:50";"3";"01";"01089";"1";"1";"1";"7";"Route de Saint Maurice";"45,9603010";"5,3164080"
"202000024058";"21";"4";"2020";"14:20";"1";"59";"59202";"2";"6";"1";"2";"812 Rue du Bac";"50,6753280";"2,8340860"
"202000024059";"20";"4";"2020";"17:15";"1";"62";"62566";"2";"1";"1";"6";"rd 202";"50,6688580";"1,8593720"
"202000024060";"20";"4";"2020";"17:30";"1";"80";"80606";"1";"1";"1";"3";"D29";"49,9454339";"1,7774770"
"202000024061";"20";"4";"2020";"20:45";"3";"82";"82155";"1";"3";"2";"6";"D75";"44,1669200";"1,7861200"
"202000024062";"20";"4";"2020";"18:45";"1";"76";"76562";"2";"1";"1";"7";"Route de Dieppe";"49,8692870";"1,1765890"
"202000024063";"19";"4";"2020";"22:15";"5";"38";"38229";"2";"1";"1";"7";"Allee de la Praly";"45,2211320";"5,7904010"
"202000024064";"21";"4";"2020";"06:32";"2";"26";"26086";"1";"1";"2";"7";"RD539";"44,6849120";"5,4539330"
"202000024065";"21";"4";"2020";"17:10";"1";"05";"05104";"1";"1";"1";"7";"LES BASSES BARRAQUES";"44,7062230";"6,0418640"
"202000024066";"20";"4";"2020";"09:37";"1";"50";"50158";"1";"3";"1";" -1";"37 Route du Séminaire";"48,7225170";" -1,1402860"
"202000024067";"21";"4";"2020";"05:35";"3";"45";"45272";"1";"1";"1";"6";"D226 - PR 2+980";"47,8218220";"1,9752330"
"202000024068";"20";"4";"2020";"17:40";"1";"18";"18018";"2";"1";"1";"6";"8 Rue des Acacias";"47,0384920";"2,6485160"
"202000024069";"19";"4";"2020";"17:30";"1";"87";"87110";"1";"1";"8";"6";"Rue de la Malaise";"45,9112090";"0,9954480"
"202000024070";"20";"4";"2020";"22:11";"5";"49";"49092";"2";"3";"1";"3";"Avenue du Général de Gaulle (PR 034.000)";"47,2160480";" -0,7241920"
"202000024071";"20";"4";"2020";"19:50";"2";"30";"30344";"1";"1";"2";"1";"D1";"43,7499360";"4,2077370"
"202000024072";"20";"4";"2020";"18:51";"1";"95";"95604";"2";"1";"1";"7";"RD 317";"49,1053123";"2,5319892"
"202000024073";"20";"4";"2020";"20:15";"1";"37";"37158";"1";"1";"1";"6";"D75";"47,4995961";"0,9287431"
"202000024074";"20";"4";"2020";"20:10";"2";"30";"30130";"1";"9";"2";"6";"Belle Poelle";"44,3281920";"3,9680170"
"202000024075";"11";"4";"2020";"21:00";"3";"71";"71258";"1";"1";"1";"7";"vers la croix";"46,2605135";"4,7396681"
"202000024076";"20";"4";"2020";"18:00";"1";"52";"52125";"1";"1";"1";"6";"D417";"48,1027030";"5,2187200"
"202000024077";"21";"4";"2020";"08:00";"3";"74";"74027";"1";"1";"1";"6";"Impasse du Moulin";"45,8971540";"6,2536240"
"202000024078";"17";"4";"2020";"09:45";"1";"42";"42147";"2";"1";"1";"6";"Place Eugene Beaune";"45,6074480";"4,0624020"
"202000024079";"21";"4";"2020";"14:55";"1";"38";"38247";"2";"1";"1";"2";"151 Grande Rue";"45,8106670";"5,4029240"
"202000024080";"20";"4";"2020";"17:25";"1";"60";"60462";"2";"2";"1";"7";"100 Rue de Paris";"49,3234310";"2,2016360"
"202000024081";"20";"4";"2020";"08:30";"1";"13";"13085";"1";"1";"2";"6";"A50-Sens Aubagne vers Toulon";"43,2615960";"5,5908380"
"202000024082";"2";"6";"2020";"02:30";"3";"54";"54150";"1";"1";"1";"2";"Autoroute A 31";"48,7880900";"6,1423400"
"202000024083";"19";"4";"2020";"23:30";"5";"78";"78140";"1";"1";"1";"5";"A13";"48,9639800";"1,9259700"
"202000024084";"20";"4";"2020";"08:50";"1";"988";"98818";"2";"1";"3";"6";"ROUTE DE L'ANSE VATA";" -22,3008500";"166,4449500"
"202000024085";"19";"4";"2020";"11:15";"1";"69";"69386";"2";"2";"1";"3";"VAUBAN                              (R )";"45,7653000";"4,8479000"
"202000024086";"18";"4";"2020";"11:30";"1";"972";"97213";"2";"9";"1";"1";"ROUTE DEPARTEMENTALE 14";"14,6227000";" -61,0170000"
"202000024087";"17";"4";"2020";"20:55";"3";"972";"97213";"2";"9";"1";"7";"VIEUX PONT (CHEMIN DU";"14,6154000";" -61,0047000"
"202000024088";"16";"4";"2020";"13:50";"1";"83";"83129";"1";"9";"1";"3";"TALIAN (RUE DE)";"43,1000000";"5,8500000"
"202000024089";"17";"4";"2020";"11:43";"1";"74";"74010";"2";"1";"1";"6";"ROBERT SCHUMAN";"45,9034000";"6,1229000"
"202000024090";"19";"4";"2020";"16:25";"1";"59";"59599";"2";"1";"1";"1";"PIATS (RUE DES)";"50,7234352";"3,1720621"
"202000024091";"17";"4";"2020";"15:10";"1";"19";"19272";"2";"1";"1";"6";"Louis Aragon (Rue)";"45,2800200";"1,7669100"
"202000024092";"19";"4";"2020";"18:20";"1";"13";"13215";"2";"3";"2";"3";"GAFFAREL (RUE)";"43,3482920";"5,3623830"
"202000024093";"18";"4";"2020";"15:40";"1";"13";"13207";"2";"1";"1";"6";"VALLON DES (RUE)";"43,2850920";"5,3540430"
"202000024094";"17";"4";"2020";"11:40";"1";"13";"13005";"2";"2";"1";"3";"RN 8";"43,2846700";"5,5484600"
"202000024095";"19";"4";"2020";"19:00";"2";"06";"06069";"2";"1";"5";"6";"CLEMENCEAU (BOULEVARD GEORGES)";"43,6604720";"6,9186390"
"202000024096";"16";"4";"2020";"09:15";"1";"75";"75116";"2";"1";"1";"2";"BOULEVARD PERIPHERIQUE INTERIEUR OUEST";"48,8609950";"2,2640420"
"202000024097";"19";"4";"2020";"17:30";"1";"93";"93010";"2";"3";"1";"3";"AV DES SCIENCES / ALL DES ALOUETTES";"48,8928000";"2,4959000"
"202000024098";"15";"4";"2020";"14:45";"1";"33";"33138";"1";"1";"1";"1";"D17";"45,0495800";" -0,1388100"
"202000024099";"19";"4";"2020";"21:10";"5";"57";"57098";"1";"1";"1";"1";"D22";"48,8694500";"6,7671600"
"202000024100";"10";"3";"2020";"07:59";"1";"21";"21559";"1";"1";"2";"1";"D33";"47,2985290";"4,8041580"
"202000024101";"19";"4";"2020";"18:11";"1";"74";"74208";"1";"1";"1";"2";"Avenue Joseph Thoret";"45,9128270";"6,6994610"
"202000024102";"22";"3";"2020";"02:30";"4";"46";"46160";"2";"1";"1";"6";"D653";"44,8020800";"2,0741520"
"202000024103";"20";"4";"2020";"08:00";"1";"34";"34149";"1";"2";"2";"3";"Lieu dit le cigalas";"43,4961280";"3,2985223"
"202000024104";"20";"4";"2020";"07:00";"1";"25";"25256";"2";"1";"1";"6";"D437";"47,2153520";"6,7658190"
"202000024105";"19";"4";"2020";"08:09";"1";"60";"60622";"1";"1";"1";"6";"Cite de la Briqueterie";"49,6717043";"1,9628027"
"202000024106";"18";"4";"2020";"18:57";"1";"16";"16346";"1";"1";"1";"6";"Route de Biroche";"45,2321150";"0,0590250"
"202000024107";"19";"4";"2020";"23:20";"3";"37";"37245";"1";"1";"8";"7";"D48";"47,4718220";"0,5422680"
"202000024108";"18";"4";"2020";"09:30";"1";"01";"01224";"2";"1";"1";"3";"14 Rue du Bugey";"45,7741870";"5,2056580"
"202000024109";"16";"3";"2020";"19:15";"3";"13";"13100";"1";"1";"1";"1";"D30A";"43,8209670";"4,8807960"
"202000024110";"20";"4";"2020";"12:40";"1";"67";"67137";"2";"3";"1";" -1";"38 Rue des Platanes";"48,4956990";"7,6913630"
"202000024111";"14";"4";"2020";"17:20";"1";"33";"33323";"1";"2";"1";"3";"RD672E4/Chemin des Sables";"44,5722490";" -0,2148990"
"202000024112";"19";"4";"2020";"15:40";"1";"14";"14530";"1";"1";"1";"7";"D514";"49,2406480";" -0,2682320"
"202000024113";"19";"4";"2020";"17:00";"1";"93";"93066";"1";"1";"1";"6";"AUTOROUTE A1";"48,9304000";"2,3663000"
"202000024114";"15";"2";"2020";"06:50";"5";"34";"34301";"2";"3";"1";"6";"VERDUN (BOULEVARD DE)";"43,4110335";"3,6791378"
"202000024115";"17";"4";"2020";"16:25";"1";"988";"98818";"2";"3";"1";"6";"VDE/RUE CHARLEROI";" -22,2790000";"166,4626000"