"Num_Acc";"jour";"mois";"an";"hrmn";"lum";"dep";"com";"agg";"int";"atm";"col";"adr";"lat";"long"
"202000024116";"18";"4";"2020";"15:15";"1";"69";"69383";"2";"1";"8";"3";"VILLETTE (DE LA)                    (R )";"45,7599000";"4,8618000"
"202000024117";"18";"4";"2020";"17:40";"1";"95";"95539";"2";"1";"1";"3";"PARIS   (RUE DE)";"48,9979800";"2,3563700"
"202000024118";"17";"4";"2020";"19:32";"1";"91";"91692";"2";"1";"1";"2";"CEVENNES (RUE DES)";"48,6820700";"2,1730900"
"202000024119";"17";"4";"2020";"12:25";"1";"91";"91477";"2";"1";"1";"3";"PASTEUR (RUE)";"48,7161200";"2,2505900"
"202000024120";"17";"4";"2020";"04:00";"5";"77";"77016";"2";"1";"1";"7";"GLANDELLES  (ROUTE DE) RD.607";"48,2177300";"2,7138600"
"202000024121";"17";"4";"2020";"16:15";"1";"59";"59526";"1";"1";"1";"7";"RUE DU CORBEAU";"50,4598844";"3,4293920"
"202000024122";"18";"4";"2020";"18:30";"1";"51";"51573";"2";"6";"1";" -1";"Place Charles de Gaulle";"49,2472868";"3,9992586"
"202000024123";"17";"4";"2020";"11:50";"1";"51";"51454";"2";"6";"1";"3";"Route de Dormans";"49,2390928";"3,9963376"
"202000024124";"19";"4";"2020";"02:00";"5";"33";"33063";"2";"4";"8";"6";"RUE LAJAUNIE / RUE DES QUEYRIES / RUE GASTON LEROUX";"44,8539600";" -0,5431900"
"202000024125";"13";"3";"2020";"10:23";"1";"29";"29039";"2";"1";"1";"6";"Avenue du Cabellou";"47,8610300";" -3,8916000"
"202000024126";"18";"4";"2020";"00:20";"5";"75";"75115";"2";"1";"1";"6";"PORTE DE VANVES";"48,8256230";"2,3009650"
"202000024127";"17";"4";"2020";"16:29";"1";"75";"75103";"2";"2";"1";"3";"BOULEVARD DE SEBASTOPOL";"48,8693150";"2,3542540"
"202000024128";"18";"4";"2020";"19:15";"1";"75";"75117";"2";"2";"7";"3";"AVENUE DE VILLIERS";"48,8856390";"2,2917270"
"202000024129";"17";"4";"2020";"18:35";"1";"75";"75106";"2";"2";"1";"3";"RUE DU CHERCHE MIDI";"48,8455220";"2,3191450"
"202000024130";"17";"4";"2020";"20:50";"2";"75";"75108";"2";"1";"1";"7";"COURS LA REINE";"48,8646450";"2,3118960"
"202000024131";"18";"4";"2020";"13:00";"1";"93";"93051";"2";"2";"1";"3";"MEDERIC (AVENUE)";"48,8303400";"2,5849000"
"202000024132";"18";"4";"2020";"21:05";"5";"93";"93031";"2";"1";"1";"6";"AV DU 18 JUIN 1940";"48,9544900";"2,3079500"
"202000024133";"14";"4";"2020";"10:20";"1";"83";"83072";"1";"1";"1";"6";"2930 Route de Draguignan";"43,4962110";"6,4000700"
"202000024134";"18";"4";"2020";"17:00";"1";"972";"97229";"2";"6";"1";"3";"rond point de la SOMAREC";"14,6095610";" -61,0971060"
"202000024135";"18";"4";"2020";"05:50";"3";"22";"22180";"1";"1";"1";"7";"RN 176 PK/PR 026+100";"48,4275010";" -2,2280570"
"202000024136";"18";"4";"2020";"19:50";"3";"974";"97414";"2";"1";"1";"7";"Rue Valmy";" -21,2921610";"55,3980020"
"202000024137";"18";"4";"2020";"19:00";"1";"30";"30342";"1";"1";"1";"1";"D148";"44,2063430";"4,6724720"
"202000024138";"17";"4";"2020";"18:20";"1";"59";"59118";"2";"3";"1";"3";"Rue des Frères Desjardin";"50,0463230";"3,4688580"
"202000024139";"18";"4";"2020";"20:20";"2";"71";"71295";"1";"1";"1";"6";"Route de Chalon";"46,8081484";"5,1423347"
"202000024140";"18";"4";"2020";"20:45";"2";"22";"22303";"2";"1";"1";"7";"la chapelle";"48,2822110";" -2,4847130"
"202000024141";"19";"4";"2020";"02:10";"5";"01";"01367";"2";"1";"1";"6";"D975";"46,4005328";"5,1130485"
"202000024142";"18";"4";"2020";"19:45";"1";"60";"60082";"1";"1";"1";"6";"D34";"49,6853559";"2,2327264"
"202000024143";"18";"4";"2020";"19:15";"1";"40";"40228";"1";"1";"1";"7";"Avenue du Béarn";"43,6289850";" -0,8217160"
"202000024144";"18";"4";"2020";"19:40";"1";"17";"17272";"1";"1";"1";"6";"Rue des Brandes";"46,0815740";" -0,8170280"
"202000024145";"18";"4";"2020";"16:38";"1";"57";"57693";"1";"1";"1";"7";"A314";"49,1255110";"6,2384530"
"202000024146";"1";"3";"2020";"02:30";"3";"34";"34022";"1";"9";"1";"6";"A709";"43,6532660";"3,9914730"
"202000024147";"18";"4";"2020";"23:20";"5";"33";"33333";"2";"1";"1";"6";"8 Route des Lacs";"44,8757010";" -1,0895870"
"202000024148";"19";"4";"2020";"12:00";"1";"64";"64496";"2";"1";"1";"6";"Avenue de la Basse Navarre";"43,4735180";" -1,4518150"
"202000024149";"18";"4";"2020";"19:40";"1";"80";"80127";"1";"1";"1";"7";"Route de Dargnies";"50,0325010";"1,5038420"
"202000024150";"18";"4";"2020";"13:50";"1";"33";"33487";"1";"1";"1";"2";"AUTOROUTE A 10";"44,9404700";" -0,4666700"
"202000024151";"17";"4";"2020";"12:10";"1";"91";"91339";"1";"1";"1";"7";"RN 104";"48,6284000";"2,2572000"
"202000024152";"17";"4";"2020";"17:30";"1";"94";"94074";"1";"1";"1";"7";"RN406.Y";"48,7633004";"2,4655786"
"202000024153";"16";"4";"2020";"16:30";"1";"91";"91477";"2";"1";"1";"6";"BERTEAUX (RUE MAURICE)";"48,7171700";"2,2398600"
"202000024154";"16";"4";"2020";"18:35";"1";"91";"91657";"2";"1";"1";"3";"HENRI CHARON (AVENUE)";"48,7065480";"2,4217670"
"202000024155";"17";"4";"2020";"11:00";"1";"83";"83137";"2";"1";"1";"6";"STRASBOURG (BD DE )";"43,1249700";"5,9323000"
"202000024156";"16";"4";"2020";"17:25";"1";"78";"78586";"2";"2";"1";"3";"EUROPE";"48,9443450";"2,2020640"
"202000024157";"16";"4";"2020";"06:05";"5";"76";"76305";"1";"1";"1";"7";"ESTUAIRE";"49,4556200";"0,2355800"
"202000024158";"17";"4";"2020";"18:09";"1";"72";"72181";"2";"1";"1";"4";"ESTIENNE D'ORVES (BD D')";"47,9794400";"0,1970500"
"202000024159";"16";"4";"2020";"12:00";"1";"45";"45338";"2";"1";"1";"6";"Rue George Sand";"47,9842010";"2,7108420"
"202000024160";"16";"4";"2020";"19:10";"1";"32";"32307";"1";"1";"1";"7";"NOURRIC (CHEMIN DE)";"43,6191400";"0,6148800"
"202000024161";"15";"4";"2020";"21:40";"3";"29";"29039";"1";"1";"1";"2";"D70 - Rue de Colguen";"47,9190000";" -3,9033100"
"202000024162";"17";"4";"2020";"16:25";"1";"13";"13043";"2";"1";"1";"7";"GEORGES POMPIDOU (AV )";"43,3938923";"5,2032226"
"202000024163";"17";"4";"2020";"16:45";"1";"13";"13213";"2";"1";"1";" -1";"NICOLAS APPERT (RUE)";"43,3400200";"5,4168570"
"202000024164";"4";"4";"2020";"15:00";"1";"12";"12083";"2";"1";"1";"1";"Rue GUESDE JULES";"44,5270980";"2,2697590"
"202000024165";"17";"4";"2020";"18:20";"1";"06";"06027";"2";"1";"1";"3";"CHENES AVENUE DES";"43,6608900";"7,1623300"
"202000024166";"16";"4";"2020";"07:50";"1";"75";"75120";"2";"1";"1";"2";"PORTE DE BAGNOLET";"48,8608230";"2,4138320"
"202000024167";"17";"4";"2020";"01:35";"5";"75";"75114";"2";"3";"1";"7";"RUE DELAMBRE";"48,8415800";"2,3272290"
"202000024168";"17";"4";"2020";"11:50";"1";"94";"94041";"2";"1";"1";"3";"MOLIERE (R)";"48,8130600";"2,3962200"
"202000024169";"17";"4";"2020";"19:45";"1";"93";"93008";"2";"2";"1";"3";"RENAUD (RUE MATHURIN)";"48,9082900";"2,4551100"
"202000024170";"7";"3";"2020";"14:40";"1";"93";"93007";"2";"1";"1";"3";"HENRI BARBUSSE (AVENUE)";"48,9424204";"2,4650240"
"202000024171";"17";"4";"2020";"18:40";"1";"92";"92063";"2";"1";"1";" -1";"DIX-HUIT JUIN 1940 (AVENUE DU) SUD";"48,8664100";"2,2015600"
"202000024172";"17";"4";"2020";"12:45";"1";"92";"92062";"2";"3";"1";"6";"VERDUN (RUE DE) N° 78 A 164";"48,8773221";"2,2336906"
"202000024173";"9";"4";"2020";"14:15";"1";"09";"09167";"2";"1";"1";"6";"Route de Carbonne";"43,2738300";"1,3407640"
"202000024174";"17";"4";"2020";"18:15";"1";"22";"22190";"2";"1";"1";"2";"Route de Langrolay";"48,5391070";" -2,0481670"
"202000024175";"17";"4";"2020";"20:30";"2";"62";"62491";"1";"3";"2";"3";"103 Rue Martin Meaux";"50,6040510";"2,7535130"
"202000024176";"17";"4";"2020";"14:50";"1";"79";"79083";"2";"1";"1";"1";"1 Rue Hippolyte Hairaud";"46,1108160";" -0,0682700"
"202000024177";"17";"4";"2020";"22:16";"3";"57";"57385";"1";"3";"1";"7";"21 Route de Pange";"49,0753140";"6,3409890"
"202000024178";"17";"4";"2020";"04:30";"5";"19";"19123";"2";"6";"1";"6";"Avenue du Progrès";"45,1712710";"1,5730140"
"202000024179";"17";"4";"2020";"21:15";"3";"71";"71213";"1";"1";"1";"7";"Lieu Dit la Bouchatiere";"46,5489991";"5,0428180"
"202000024180";"17";"4";"2020";"07:45";"2";"55";"55494";"1";"1";"1";"6";"D635";"48,6879480";"5,0378752"
"202000024181";"18";"4";"2020";"15:00";"1";"29";"29146";"1";"1";"1";"6";"Melgven";"47,8950530";" -3,8112370"
"202000024182";"17";"4";"2020";"16:30";"1";"29";"29185";"2";"4";"1";"3";"D10 - Lieu Dit Kerchapalain";"48,6516223";" -4,1859303"
"202000024183";"18";"4";"2020";"02:30";"3";"29";"29110";"2";"6";"5";"6";"Route de Quimper";"48,0693260";" -3,9206550"
"202000024184";"17";"4";"2020";"22:00";"3";"50";"50391";"1";"1";"1";"6";"Le Pointon";"48,6018250";" -1,0577180"
"202000024185";"17";"4";"2020";"18:45";"1";"78";"78233";"1";"1";"1";"1";"D30";"48,8632750";"1,9697280"
"202000024186";"17";"4";"2020";"16:04";"1";"55";"55312";"1";"1";"1";"1";"D964";"48,9110483";"5,5325809"
"202000024187";"8";"4";"2020";"14:30";"1";"987";"98722";"1";"1";"1";"6";"RT 2 pk 24 TIAREI  HAAPOPONI";" -17,5914290";" -149,3821260"
"202000024188";"17";"4";"2020";"17:45";"1";"38";"38565";"2";"1";"1";"6";"D3";"45,2949400";"5,6277900"
"202000024189";"17";"4";"2020";"23:40";"5";"44";"44210";"2";"9";"1";"6";"50 ter Rue Léo Lagrange";"47,3002800";" -2,1958800"
"202000024190";"17";"4";"2020";"19:05";"1";"92";"92062";"1";"1";"1";"6";"A14";"48,8926795";"2,2348100"
"202000024191";"16";"4";"2020";"12:15";"1";"69";"69383";"2";"1";"1";"6";"PAUL BERT                           (R )";"45,7567500";"4,8668600"
"202000024192";"16";"4";"2020";"20:00";"1";"77";"77186";"2";"1";"1";"6";"GRANDE (RUE)";"48,4062180";"2,7023229"
"202000024193";"15";"4";"2020";"16:53";"1";"76";"76575";"2";"3";"1";"3";"VAL L'ABBE. RUE DU";"49,3812200";"1,1001400"
"202000024194";"8";"4";"2020";"02:30";"5";"76";"76351";"2";"4";"1";"6";"PIERRE LOTI";"49,5097200";"0,1513800"
"202000024195";"7";"4";"2020";"16:00";"1";"76";"76351";"2";"1";"1";"3";"CAMILLE DESMOULINS";"49,4780200";"0,1412100"
"202000024196";"30";"3";"2020";"22:20";"5";"76";"76351";"2";"2";"1";"3";"GERANIUMS (DES)";"49,5053500";"0,1653700"
"202000024197";"25";"3";"2020";"10:30";"1";"59";"59636";"2";"6";"1";"3";"LINSELLES ROUTE DE";"50,6937750";"3,0529710"
"202000024198";"14";"4";"2020";"23:12";"5";"45";"45004";"2";"2";"1";"6";"Rue des Basses Varennes - Rue P Semart";"47,9896800";"2,7494040"
"202000024199";"9";"4";"2020";"16:25";"1";"45";"45068";"2";"1";"1";"6";"Rue Saint-just";"48,0087600";"2,7206700"
"202000024200";"16";"4";"2020";"17:57";"1";"37";"37261";"2";"1";"1";"7";"NATIONALE (RUE)";"47,3915374";"0,6883221"
"202000024201";"16";"4";"2020";"16:45";"1";"34";"34172";"2";"2";"1";"3";"ALCO (RUE D'";"43,6223800";"3,8353300"
"202000024202";"16";"4";"2020";"22:04";"3";"29";"29232";"1";"1";"1";"6";"RN 165";"48,0270700";" -4,0863100"
"202000024203";"16";"2";"2020";"05:40";"5";"22";"22278";"2";"1";"2";"6";"LE GOFF (DES TROIS FRERES)";"48,5155900";" -2,7636700"
"202000024204";"16";"4";"2020";"08:15";"1";"05";"05061";"1";"3";"1";"3";"ALPHONSE DAUDET";"44,5487100";"6,0669400"
"202000024205";"16";"4";"2020";"16:46";"1";"75";"75119";"2";"2";"1";"6";"RUE D AUBERVILLIERS";"48,8953000";"2,3720920"
"202000024206";"16";"4";"2020";"10:40";"1";"75";"75117";"2";"2";"1";"3";"BOULEVARD BESSIERES";"48,8976160";"2,3241320"
"202000024207";"15";"4";"2020";"13:15";"1";"75";"75115";"2";"3";"1";"7";"PLACE CAMBRONNE";"48,8480140";"2,3017480"
"202000024208";"16";"4";"2020";"18:20";"1";"75";"75104";"2";"3";"1";"6";"RUE DE RIVOLI";"48,8552180";"2,3611220"
"202000024209";"16";"4";"2020";"19:10";"1";"94";"94075";"2";"1";"1";"2";"MANDRES (R DE)";"48,7153860";"2,5372570"
"202000024210";"16";"4";"2020";"18:45";"1";"47";"47034";"1";"1";"1";"6";"D933";"44,3931160";"0,1113650"
"202000024211";"17";"4";"2020";"15:30";"1";"83";"83057";"1";"1";"1";"7";"D13";"43,3812730";"6,2100220"
"202000024212";"16";"4";"2020";"23:45";"3";"33";"33141";"1";"1";"1";"7";"11 Route de Créon";"44,8305600";" -0,3386900"
"202000024213";"17";"4";"2020";"10:30";"1";"71";"71208";"2";"3";"1";" -1";"Rue de la Chartelle";"46,9135717";"5,1583835"
"202000024214";"15";"4";"2020";"23:00";"3";"61";"61463";"1";"1";"1";"6";"Route de l'Etang de la Forge";"48,6056310";" -0,4249100"
"202000024215";"16";"4";"2020";"20:15";"1";"49";"49183";"1";"1";"1";"6";"D103";"47,5295900";" -0,8426000"
"202000024216";"16";"4";"2020";"18:40";"1";"01";"01084";"1";"3";"1";"2";"Route du Peloux";"46,1691018";"5,0333487"
"202000024217";"17";"4";"2020";"16:15";"1";"72";"72380";"1";"9";"1";"1";"Rue de Beaulieu";"48,2323860";"0,1481840"
"202000024218";"15";"4";"2020";"11:45";"1";"43";"43268";"2";"3";"1";"1";"Rue d'Ard'Huy (Pont)";"45,1464410";"4,1345070"
"202000024219";"16";"4";"2020";"23:45";"3";"10";"10288";"1";"1";"1";"6";"RD671";"48,0080710";"4,4728090"
"202000024220";"16";"4";"2020";"21:30";"3";"30";"30112";"1";"9";"1";"6";"D1";"43,9013830";"4,1919440"
"202000024221";"16";"4";"2020";"18:00";"1";"68";"68375";"1";"1";"1";"3";"N66";"47,7731590";"7,2239720"
"202000024222";"14";"4";"2020";"17:20";"1";"971";"97128";"1";"1";"1";"6";"D102";"16,2629700";" -61,3809850"
"202000024223";"17";"4";"2020";"19:30";"1";"62";"62014";"2";"1";"1";"6";"Chemin du Widdebrouck";"50,6465390";"2,4119280"
"202000024224";"16";"4";"2020";"00:00";"5";"13";"13055";"1";"1";"1";"7";"A507 sens Aubagne- Marseille";"43,3301400";"5,3985000"
"202000024225";"16";"4";"2020";"21:40";"3";"91";"91174";"1";"1";"1";"6";"RN 104";"48,6194900";"2,4592300"
"202000024226";"16";"4";"2020";"14:10";"1";"91";"91689";"1";"1";"1";"3";"AUTOROUTE A6B";"48,7415000";"2,3215000"
"202000024227";"16";"4";"2020";"08:30";"1";"77";"77495";"1";"1";"1";"3";"A105";"48,5805353";"2,6378671"
"202000024228";"29";"1";"2020";"09:25";"1";"14";"14258";"2";"3";"1";" -1";"Route de Caen";"48,8982070";" -0,2001520"
"202000024229";"28";"1";"2020";"15:35";"1";"76";"76351";"2";"1";"1";"6";"BOIS AU COQ (AVENUE)";"49,5156800";"0,1211800"
"202000024230";"15";"4";"2020";"09:20";"1";"988";"98818";"2";"1";"1";"7";"VALBONNE (RUE DE LA)";" -22,2748600";"166,4481800"
"202000024231";"15";"4";"2020";"09:05";"1";"69";"69259";"2";"9";"1";"3";"EMILE ZOLA                          (R )";"45,7028300";"4,8864500"
"202000024232";"15";"4";"2020";"22:05";"3";"69";"69149";"2";"6";"1";"6";"RD 342 BRIGNAIS (DE) (RO)";"45,7229200";"4,7803700"
"202000024233";"14";"4";"2020";"18:50";"1";"79";"79191";"2";"3";"1";"3";"20 Avenue Charles de Gaulle";"46,3176400";" -0,4571100"
"202000024234";"15";"4";"2020";"22:55";"3";"78";"78551";"1";"9";"9";"6";"RN 184";"48,9476500";"2,0951600"
"202000024235";"10";"4";"2020";"13:00";"1";"74";"74012";"2";"1";"1";"6";"BELLEVUE (RUE)";"46,1917000";"6,2262200"
"202000024236";"15";"4";"2020";"19:15";"1";"69";"69256";"2";"1";"1";"3";"GASTON MONMOUSSEAU                  (AV)";"45,7783935";"4,9126115"
"202000024237";"14";"4";"2020";"10:45";"1";"67";"67482";"2";"3";"7";"3";"62 Boulevard de la Marne";"48,5870600";"7,7768800"
"202000024238";"11";"4";"2020";"19:15";"2";"67";"67043";"2";"1";"7";"6";"16 Rue du Passage";"48,6143680";"7,7421690"
"202000024239";"14";"4";"2020";"10:35";"1";"57";"57463";"2";"1";"7";"6";"PETIT CLOU (RUE DU )";"49,0753000";"6,1852000"
"202000024240";"14";"4";"2020";"13:00";"1";"56";"56098";"2";"6";"1";"7";"MITTERAND ( AV. FRANCOIS )";"47,7659300";" -3,3294100"
"202000024241";"20";"1";"2020";"04:25";"4";"05";"05145";"1";"1";"1";"7";"D944";"44,6691690";"6,2345580"
"202000024242";"19";"1";"2020";"10:45";"1";"50";"50182";"1";"1";"9";" -1";"Rue de la Mer";"49,1729060";" -1,4911190"
"202000024243";"20";"1";"2020";"07:20";"3";"50";"50407";"1";"1";"1";"1";"D976";"48,6218720";" -1,3139510"
"202000024244";"19";"1";"2020";"17:15";"2";"90";"90012";"1";"1";"1";"7";"D31";"47,6532010";"6,9496100"
"202000024245";"20";"1";"2020";"18:00";"2";"60";"60471";"2";"6";"1";"6";"Boulevard Carnot";"49,5783890";"3,0047900"
"202000024246";"20";"1";"2020";"06:45";"3";"60";"60035";"1";"1";"5";"1";"RD 934";"49,6540952";"2,8779974"
"202000024247";"18";"1";"2020";"19:25";"3";"07";"07212";"1";"1";"1";"1";"D9";"45,1263760";"4,4167670"
"202000024248";"13";"1";"2020";"16:50";"1";"21";"21210";"2";"1";"1";"3";"Pré Raby";"47,2516916";"4,5737403"
"202000024249";"19";"1";"2020";"16:45";"2";"40";"40172";"1";"1";"7";"6";"D173 - Route de samadet";"43,5862970";" -0,5027850"
"202000024250";"20";"1";"2020";"17:40";"2";"24";"24188";"1";"1";"1";"6";"Les Rouvelades";"45,1301670";"1,0041250"
"202000024251";"14";"1";"2020";"07:40";"3";"17";"17188";"1";"1";"2";"4";"D739 - PK 12 + 200";"45,8714560";" -0,2757660"
"202000024252";"17";"1";"2020";"05:45";"3";"17";"17026";"1";"1";"2";"6";"D129";"45,8668070";" -0,4461280"
"202000024253";"20";"1";"2020";"07:50";"2";"48";"48018";"1";"3";"1";"1";"N88";"44,5013160";"3,4055230"
"202000024254";"17";"1";"2020";"20:00";"3";"60";"60139";"1";"1";"1";"6";"D1001";"49,1733010";"2,2311290"
"202000024255";"18";"1";"2020";"05:45";"3";"35";"35189";"1";"1";"1";"2";"RD 137 Montgermont";"48,1555890";" -1,7028120"
"202000024256";"20";"1";"2020";"11:40";"1";"89";"89197";"1";"1";"1";"4";"A6";"47,5034360";"4,0297180"
"202000024257";"16";"1";"2020";"18:55";"3";"64";"64300";"1";"1";"1";"2";"A64 - PK 078.000";"43,4247470";" -0,6153160"
"202000024258";"19";"1";"2020";"18:10";"3";"69";"69019";"1";"1";"1";"3";"Belleville-en-Beaujolais";"46,0869850";"4,7430160"
"202000024259";"18";"1";"2020";"17:20";"1";"987";"98725";"2";"1";"2";"3";"PK 10 POiNTE VENUS";" -17,5625910";" -149,4760510"
"202000024260";"19";"1";"2020";"03:55";"3";"974";"97419";"2";"1";"1";"6";"328 - Route Nationale 2";" -21,1532620";"55,8216240"
"202000024261";"19";"1";"2020";"06:00";"1";"971";"97129";"1";"1";"2";"6";"cluny";"16,3040220";" -61,7027810"
"202000024262";"20";"1";"2020";"19:15";"5";"29";"29233";"2";"1";"1";"6";"Boulevard de la Gare";"47,8706520";" -3,5527660"
"202000024263";"19";"1";"2020";"17:20";"1";"29";"29230";"1";"1";"1";"6";"D790 - Villeneuve Combout";"47,9667290";" -3,4951850"
"202000024264";"15";"1";"2020";"16:55";"1";"66";"66180";"2";"1";"1";"7";"16 Avenue de la Côte Vermeille";"42,7741800";"2,9935010"
"202000024265";"20";"1";"2020";"07:20";"2";"71";"71588";"1";"1";"1";"6";"Rue de la Croisette";"46,4549274";"4,0592686"
"202000024266";"19";"1";"2020";"06:50";"3";"55";"55509";"1";"1";"5";"6";"D643";"49,5786180";"5,3394120"
"202000024267";"20";"1";"2020";"07:55";"2";"57";"57206";"2";"1";"1";"6";"Avenue de Metz";"49,3060720";"6,1113810"
"202000024268";"20";"1";"2020";"08:35";"1";"03";"03243";"1";"1";"1";"4";"N/A";"46,3201911";"3,0255824"
"202000024269";"20";"1";"2020";"09:00";"1";"63";"63092";"1";"1";"1";"1";"D138";"45,9080850";"2,9838360"
"202000024270";"19";"1";"2020";"09:25";"1";"73";"73243";"1";"1";"1";"6";"D206 Route du Col des Prés";"45,5916684";"6,0210526"
"202000024271";"20";"1";"2020";"13:00";"1";"38";"38565";"2";"6";"1";"6";"Avenue de Juin 1940";"45,2957300";"5,6284800"
"202000024272";"19";"1";"2020";"10:45";"1";"09";"09259";"1";"1";"1";"1";"chemin de Tounet La Pujolle";"43,1196650";"1,7403720"
"202000024273";"18";"1";"2020";"10:35";"1";"17";"17204";"1";"1";"1";"1";"D142";"45,3677420";" -0,3230250"
"202000024274";"18";"1";"2020";"14:15";"1";"72";"72154";"2";"6";"1";"3";"rond-point des médaillées miliatires";"47,6935470";" -0,0650730"
"202000024275";"19";"1";"2020";"14:18";"1";"22";"22161";"1";"3";"1";"6";"Chemin du Rucaer";"48,5701360";" -3,1511590"
"202000024276";"20";"1";"2020";"07:45";"2";"27";"27448";"1";"1";"8";"3";"Route Nationale 13";"49,0115500";"1,3390910"
"202000024277";"17";"1";"2020";"18:20";"5";"13";"13215";"1";"1";"2";"4";"A7-Sens Marseille vers Lyon";"43,3678600";"5,3609100"
"202000024278";"19";"1";"2020";"13:00";"1";"13";"13005";"1";"9";"1";"2";"A50-Sens Aubagne vers Marseille";"43,2892700";"5,5505800"
"202000024279";"18";"1";"2020";"18:20";"1";"13";"13055";"2";"1";"1";"2";"A507 sens Marseille - Aubagne";"43,3312652";"5,3871471"
"202000024280";"19";"1";"2020";"05:50";"3";"13";"13026";"1";"1";"1";"2";"A55-Sens Marseille vers Martigues";"43,3810100";"5,1588900"
"202000024281";"19";"1";"2020";"06:28";"3";"13";"13216";"1";"1";"1";"2";"A55-Sens Martigues vers Marseille";"43,3609700";"5,3427000"
"202000024282";"18";"1";"2020";"08:00";"2";"13";"13117";"1";"1";"1";"2";"A7-Sens Marseille vers Lyon";"43,4274300";"5,2624300"
"202000024283";"17";"1";"2020";"18:30";"3";"13";"13203";"2";"1";"1";"4";"A7-Sens Marseille vers Lyon";"43,3150226";"5,3769439"
"202000024284";"18";"1";"2020";"16:38";"1";"13";"13106";"1";"1";"1";"7";"A517 D- Liaison A51 vers A7";"43,4019712";"5,3471020"
"202000024285";"13";"1";"2020";"20:00";"5";"69";"69029";"1";"1";"1";"4";"RD 383   ";"45,7338000";"4,9005000"
"202000024286";"19";"1";"2020";"03:42";"3";"91";"91064";"2";"1";"1";"1";"RN 118";"48,7540100";"2,2153700"
"202000024287";"18";"1";"2020";"22:35";"3";"78";"78029";"1";"1";"1";"2";"A13Y";"48,9645230";"1,8457690"
"202000024288";"18";"1";"2020";"04:09";"3";"78";"78140";"1";"1";"1";"2";"A13";"48,9593000";"1,9327000"
"202000024289";"19";"1";"2020";"18:15";"3";"94";"94017";"1";"1";"1";"3";"A4";"48,8295389";"2,4980603"
"202000024290";"18";"1";"2020";"22:30";"5";"974";"97416";"1";"3";"1";"3";"Rue Augustin Archambaud";" -21,3241300";"55,4867400"
"202000024291";"18";"1";"2020";"16:15";"1";"974";"97411";"2";"1";"1";"6";"HOARAU (RUE MARCEL)";" -20,9013100";"55,4921200"
"202000024292";"17";"1";"2020";"18:30";"1";"974";"97409";"2";"9";"1";"3";"Avenue des mascareignes";" -20,9421000";"55,6478000"
"202000024293";"17";"1";"2020";"09:25";"1";"973";"97302";"2";"4";"1";"3";"MANDELA  (BOULEVARD)";"4,9419304";" -52,3271298"
"202000024294";"18";"1";"2020";"09:30";"1";"69";"69259";"2";"1";"1";"3";"JEAN MACE                           (R )";"45,6984011";"4,8844909"
"202000024295";"19";"1";"2020";"00:19";"5";"2B";"2B033";"2";"1";"1";"3";"MACCHIONE - CHEMIN DU";"42,4102000";"9,2616000"
"202000024296";"18";"1";"2020";"02:55";"5";"2B";"2B120";"2";"6";"1";"6";"11 - RT";"42,4025000";"9,2649000"
"202000024297";"17";"1";"2020";"20:54";"3";"971";"97113";"1";"1";"2";"3";"SECTION MATHURIN";"16,2224336";" -61,5056276"
"202000024298";"17";"1";"2020";"23:25";"4";"91";"91377";"2";"3";"1";"6";"21 Rue du Pérou";"48,7235100";"2,3029200"
"202000024299";"18";"1";"2020";"13:20";"1";"91";"91223";"2";"1";"1";"6";"SAINT MARTIN (RUE)";"48,4268600";"2,1417500"
"202000024300";"18";"1";"2020";"21:00";"5";"78";"78146";"2";"3";"1";"3";"PONT DE CHATOU";"48,8884170";"2,1623700"
"202000024301";"19";"1";"2020";"00:55";"5";"76";"76217";"2";"1";"1";"6";"MONTIGNY";"49,9168900";"1,0705600"
"202000024302";"18";"1";"2020";"08:30";"1";"69";"69271";"1";"1";"1";"6";"MEYZIEU (DE)                            ";"45,7519000";"4,9830000"
"202000024303";"18";"1";"2020";"13:28";"1";"69";"69091";"2";"9";"1";"3";"JEAN LIGONNET ( R )";"45,5915000";"4,7703000"
"202000024304";"17";"1";"2020";"12:40";"1";"64";"64102";"2";"1";"3";"3";"CAZENAVE (CHEMIN)";"43,5115700";" -1,4348300"
"202000024305";"17";"1";"2020";"15:50";"1";"59";"59295";"1";"1";"1";"3";"DU PONT BELGE";"50,7214142";"2,5660345"
"202000024306";"18";"1";"2020";"12:45";"1";"54";"54395";"2";"1";"1";"2";"MICHOTTES (RUE DES)";"48,6927770";"6,1787220"
"202000024307";"17";"1";"2020";"14:30";"1";"53";"53201";"1";"1";"1";"5";"RD 57 VERS LAVAL";"48,0715700";" -0,8910100"
"202000024308";"17";"1";"2020";"10:00";"1";"51";"51454";"2";"1";"2";"3";"Boulevard de la Paix";"49,2537498";"4,0408831"
"202000024309";"17";"1";"2020";"17:00";"2";"45";"45004";"1";"9";"1";"3";"D 2060 - PR 24+850";"48,0004180";"2,7804060"