"Num_Acc";"jour";"mois";"an";"hrmn";"lum";"dep";"com";"agg";"int";"atm";"col";"adr";"lat";"long"
"202000024310";"17";"1";"2020";"17:56";"5";"38";"38544";"2";"3";"2";"3";"Quai Claude Bernard";"45,5396900";"4,8613500"
"202000024311";"18";"1";"2020";"15:10";"1";"37";"37233";"2";"1";"1";"5";"POMPIDOU (AVENUE GEORGES)";"47,3842653";"0,7106448"
"202000024312";"12";"1";"2020";"22:30";"5";"35";"35238";"2";"2";"2";"6";"LICES (PLACE DES)";"48,1126580";" -1,6847090"
"202000024313";"18";"1";"2020";"18:00";"5";"35";"35238";"2";"1";"1";"1";"VILLEBOIS MAREUIL (BD)";"48,1065800";" -1,6508800"
"202000024314";"13";"1";"2020";"17:40";"5";"25";"25031";"2";"1";"1";"6";"20 RUE DE DASLE";"47,4795300";"6,8476900"
"202000024315";"18";"1";"2020";"10:10";"1";"18";"18033";"2";"3";"1";"6";"ROUSSEAU (RUE JEAN-JACQUES)";"47,0782270";"2,3882540"
"202000024316";"18";"1";"2020";"16:10";"1";"15";"15014";"2";"2";"1";"3";"VERDUN (BOULEVARD DE)";"44,9124900";"2,4349400"
"202000024317";"18";"1";"2020";"21:55";"5";"13";"13206";"2";"1";"1";"3";"VINCENT DELPUECH (BOULEVARD)";"43,2830000";"5,3902000"
"202000024318";"18";"1";"2020";"18:00";"2";"13";"13212";"2";"1";"1";"6";"PEINTRES ROUX (AVENUE DES)";"43,3038400";"5,4729300"
"202000024319";"18";"1";"2020";"15:45";"1";"13";"13203";"2";"1";"1";"3";"PLOMBIERES (BOULEVARD DES)";"43,3175350";"5,3812250"
"202000024320";"18";"1";"2020";"14:30";"1";"13";"13211";"2";"3";"1";"3";"JEAN LOMBARD (AVENUE)";"43,2891320";"5,4278090"
"202000024321";"18";"1";"2020";"12:30";"1";"13";"13215";"2";"1";"1";"6";"HENRI BARNIER (BOULEVARD)";"43,3730000";"5,3511000"
"202000024322";"18";"1";"2020";"06:30";"5";"13";"13211";"2";"1";"1";"6";"154 SAINT LOUP (BOULEVARD DE)";"43,2836860";"5,4346700"
"202000024323";"18";"1";"2020";"02:25";"5";"13";"13206";"2";"2";"1";"3";"ABBÉ FERAUD (RUE)";"43,2852170";"5,3908600"
"202000024324";"17";"1";"2020";"21:40";"5";"12";"12202";"1";"1";"1";"1";"Route de Moyrazes";"44,3514600";"2,5542600"
"202000024325";"15";"1";"2020";"18:25";"5";"12";"12145";"2";"1";"1";"4";"DE GAULLE CHARLES (AVENUE)";"44,1047400";"3,0755700"
"202000024326";"18";"1";"2020";"18:34";"5";"10";"10387";"2";"1";"1";"6";"VOULDY (CHAUSSEE DU)";"48,2936000";"4,0835000"
"202000024327";"18";"1";"2020";"20:30";"5";"09";"09122";"2";"1";"8";"7";"D17";"42,9643820";"1,5986420"
"202000024328";"18";"1";"2020";"07:25";"5";"06";"06069";"2";"1";"1";"3";"CHENES (CHEMIN DES)";"43,6408500";"6,9116800"
"202000024329";"18";"1";"2020";"02:00";"5";"01";"01053";"2";"4";"1";"6";"MAGINOT AVENUE ) DE 43 A FIN";"46,2149090";"5,2274750"
"202000024330";"18";"1";"2020";"08:15";"1";"75";"75119";"2";"4";"1";"3";"BD PERIPHERIQUE EXTERIEUR";"48,8858206";"2,3976012"
"202000024331";"17";"1";"2020";"18:55";"3";"75";"75120";"2";"1";"2";"3";"BD PERIPHERIQUE INTERIEUR";"48,8739650";"2,4112290"
"202000024332";"17";"1";"2020";"08:20";"2";"75";"75117";"2";"1";"1";"2";"BD PERIPHERIQUE EXTERIEUR";"48,8979210";"2,3134410"
"202000024333";"18";"1";"2020";"15:10";"1";"75";"75103";"2";"1";"1";"5";"BOULEVARD SAINT MARTIN";"48,8686729";"2,3574901"
"202000024334";"18";"1";"2020";"19:45";"5";"75";"75106";"2";"2";"1";"6";"BOULEVARD SAINT GERMAIN";"48,8520935";"2,3403110"
"202000024335";"18";"1";"2020";"19:30";"5";"75";"75120";"2";"3";"1";"3";"BOULEVARD DE BELLEVILLE";"48,8695724";"2,3799790"
"202000024336";"18";"1";"2020";"00:30";"5";"75";"75120";"2";"2";"1";"3";"BOULEVARD DE BELLEVILLE";"48,8671073";"2,3832808"
"202000024337";"18";"1";"2020";"20:40";"5";"75";"75119";"2";"1";"1";"6";"BOULEVARD DE LA VILLETTE";"48,8725530";"2,3765350"
"202000024338";"18";"1";"2020";"10:00";"1";"75";"75119";"2";"1";"1";"3";"RUE MANIN";"48,8836750";"2,3896320"
"202000024339";"18";"1";"2020";"02:40";"5";"75";"75119";"2";"7";"1";"6";"PLACE DE LA BATAILLE DE STALINGRAD";"48,8830495";"2,3696310"
"202000024340";"17";"1";"2020";"05:55";"5";"75";"75119";"2";"2";"2";"6";"RUE ALEXANDER FLEMING";"48,8819960";"2,4024980"
"202000024341";"18";"1";"2020";"18:30";"5";"75";"75117";"2";"2";"1";"6";"AVENUE DE CLICHY";"48,8891101";"2,3227340"
"202000024342";"15";"1";"2020";"21:30";"5";"75";"75117";"2";"1";"1";"3";"RUE DE COURCELLES";"48,8894053";"2,2928843"
"202000024343";"18";"1";"2020";"20:00";"5";"75";"75115";"2";"2";"1";"6";"RUE DE LA CONVENTION";"48,8372293";"2,2964315"
"202000024344";"18";"1";"2020";"19:10";"3";"75";"75113";"2";"4";"1";"3";"RUE BARRAULT";"48,8263383";"2,3465564"
"202000024345";"18";"1";"2020";"15:35";"1";"75";"75112";"2";"1";"1";"3";"AVENUE DE SAINT MAURICE";"48,8324120";"2,4204290"
"202000024346";"18";"1";"2020";"14:30";"1";"75";"75111";"2";"2";"1";"3";"BOULEVARD RICHARD LENOIR";"48,8629138";"2,3715180"
"202000024347";"17";"1";"2020";"18:30";"5";"75";"75109";"2";"2";"1";"6";"BOULEVARD MONTMARTRE";"48,8716900";"2,3418900"
"202000024348";"18";"1";"2020";"20:00";"5";"75";"75108";"2";"7";"1";"3";"PLACE DE LA CONCORDE";"48,8658780";"2,3220300"
"202000024349";"18";"1";"2020";"14:15";"1";"75";"75108";"2";"2";"1";"3";"RUE DU FAUBOURG SAINT HONORE";"48,8728237";"2,3107568"
"202000024350";"18";"1";"2020";"01:50";"5";"75";"75104";"2";"2";"1";"6";"QUAI DES CELESTINS";"48,8508303";"2,3614319"
"202000024351";"17";"1";"2020";"13:15";"1";"75";"75102";"2";"2";"1";"6";"BOULEVARD DE SEBASTOPOL";"48,8693237";"2,3542529"
"202000024352";"18";"1";"2020";"13:20";"1";"94";"94078";"2";"1";"1";"2";"PARIS (R DE)";"48,7359219";"2,4466952"
"202000024353";"18";"1";"2020";"04:15";"5";"94";"94068";"2";"1";"1";"7";"PONT DE CRETEIL (R DU)";"48,8040000";"2,4715000"
"202000024354";"18";"1";"2020";"15:30";"1";"94";"94028";"2";"9";"1";"3";"Av du Mal de Lattre de Tassigny";"48,7978134";"2,4559762"
"202000024355";"18";"1";"2020";"14:40";"1";"94";"94011";"2";"9";"1";"2";"BOISSY.(AVENUE DE)";"48,7685000";"2,4884000"
"202000024356";"18";"1";"2020";"10:30";"1";"94";"94011";"2";"1";"1";"6";"MOULIN(RUE JEAN)";"48,7690200";"2,4819300"
"202000024357";"18";"1";"2020";"14:30";"1";"93";"93078";"1";"9";"1";"3";"PARC EXPO";"48,9703000";"2,5263300"
"202000024358";"18";"1";"2020";"14:35";"1";"93";"93073";"1";"9";"1";"2";"CIRCUIT CAROLE";"48,9794800";"2,5259600"
"202000024359";"18";"1";"2020";"16:04";"1";"93";"93039";"2";"1";"1";"5";"Boulevard Marcel Paul";"48,9198570";"2,3269920"
"202000024360";"17";"1";"2020";"17:25";"5";"93";"93066";"2";"1";"8";"1";"R DU LANDY";"48,9143800";"2,3471800"
"202000024361";"17";"1";"2020";"22:45";"5";"93";"93077";"2";"2";"1";"3";"BD CARNOT / AV DETOUCHE";"48,8871600";"2,5167700"
"202000024362";"18";"1";"2020";"15:24";"1";"93";"93050";"2";"1";"1";"2";"AV DU 8 MAI 1945";"48,8651000";"2,5347700"
"202000024363";"18";"1";"2020";"14:40";"1";"93";"93031";"2";"9";"1";"3";"RTE DE SAINT LEU";"48,9519005";"2,3381851"
"202000024364";"18";"1";"2020";"13:45";"1";"92";"92062";"2";"3";"1";"5";"WALLACE (BD RICHARD) DU 17 AU 91 ET DU 3";"48,8798149";"2,2399659"
"202000024365";"16";"1";"2020";"08:15";"2";"92";"92050";"2";"6";"1";"3";"PLACE DE LA BOULE/ CLEMENCEAU GEORGES AVENUE N° PAIR";"48,8872230";"2,2006670"
"202000024366";"18";"1";"2020";"09:30";"1";"92";"92012";"2";"1";"1";"2";"REPUBLIQUE (BOULEVARD DE LA) 79/FIN - 76";"48,8331478";"2,2456634"
"202000024367";"19";"1";"2020";"17:00";"1";"60";"60242";"1";"2";"1";"3";"D7";"49,5913890";"1,9391780"
"202000024368";"17";"1";"2020";"18:30";"3";"62";"62067";"2";"1";"6";"6";"1 Rue Principale";"50,6291960";"2,1376620"
"202000024369";"18";"1";"2020";"16:52";"1";"49";"49017";"1";"1";"1";"3";"D68";"47,6416800";" -0,3468830"
"202000024370";"19";"1";"2020";"00:55";"3";"35";"35124";"1";"1";"1";"7";"RN137";"47,7206870";" -1,7098840"
"202000024371";"18";"1";"2020";"22:00";"3";"22";"22193";"1";"1";"1";"2";"Plestan";"48,4198240";" -2,4463250"
"202000024372";"18";"1";"2020";"12:35";"1";"95";"95652";"2";"1";"7";"6";"70 Rue de Paris";"49,1270060";"2,3702600"
"202000024373";"19";"1";"2020";"16:20";"1";"56";"56006";"1";"1";"1";"7";"La Ville Voisin";"47,8996630";" -2,2708070"
"202000024374";"18";"1";"2020";"18:00";"5";"76";"76034";"2";"1";"2";"1";"Rue Roger Fossé";"49,7185450";"1,0998940"
"202000024375";"18";"1";"2020";"20:00";"5";"82";"82112";"2";"1";"1";"6";"16 Avenue Jean Jaurès";"44,1053680";"1,0939150"
"202000024376";"18";"1";"2020";"21:15";"3";"11";"11410";"1";"3";"1";"7";"D201";"43,2474670";"2,3973340"
"202000024377";"16";"1";"2020";"14:50";"1";"15";"15250";"1";"2";"1";"3";"Route départementale 3";"45,3570420";"2,5080340"
"202000024378";"17";"1";"2020";"20:00";"5";"01";"01452";"2";"1";"1";"6";"Route de Lyon";"45,8454240";"5,6471690"
"202000024379";"19";"1";"2020";"03:00";"3";"26";"26166";"1";"1";"1";"6";"D104N";"44,7556170";"4,7822930"
"202000024380";"18";"1";"2020";"20:00";"3";"72";"72382";"1";"1";"1";"1";"Le Grand Gruet";"47,9266790";"0,4534440"
"202000024381";"19";"1";"2020";"07:52";"2";"60";"60245";"2";"1";"9";"6";"Rue de Bonnemare";"49,6556040";"1,7234310"
"202000024382";"5";"1";"2020";"15:35";"1";"64";"64317";"1";"3";"1";"1";"D932";"43,3665690";" -1,4247620"
"202000024383";"19";"1";"2020";"06:20";"3";"10";"10420";"1";"1";"1";"6";"D 951";"48,5966510";"3,5599290"
"202000024384";"19";"1";"2020";"10:50";"1";"36";"36200";"1";"1";"1";"5";"N/A";"46,6188730";"1,5264600"
"202000024385";"18";"1";"2020";"20:30";"3";"36";"36168";"1";"1";"1";"6";"Tuilerie de la Luzeraize";"46,5330880";"1,2490970"
"202000024386";"17";"1";"2020";"17:05";"2";"16";"16178";"1";"1";"4";"6";"N/A";"45,5100577";" -0,2190540"
"202000024387";"19";"1";"2020";"16:00";"1";"07";"07096";"1";"1";"1";"1";"D120";"44,8599400";"4,5622440"
"202000024388";"18";"1";"2020";"17:35";"2";"37";"37038";"1";"3";"1";"3";"D16";"47,2825613";"0,3320201"
"202000024389";"19";"1";"2020";"12:50";"1";"06";"06085";"2";"3";"1";"3";"Avenue Notre-dame de Vie";"43,5997650";"7,0031510"
"202000024390";"19";"1";"2020";"10:00";"1";"49";"49020";"1";"1";"1";"3";"A11";"47,4941580";" -0,6227890"
"202000024391";"19";"1";"2020";"00:15";"3";"988";"98807";"1";"1";"1";"7";"Tribu de Poindjap";" -20,7311910";"164,9042540"
"202000024392";"18";"1";"2020";"20:05";"3";"78";"78030";"1";"1";"1";"7";"Rue de Vieille-eglise";"48,6734080";"1,8950770"
"202000024393";"17";"1";"2020";"17:40";"3";"05";"05052";"1";"1";"4";"7";"la Font";"44,6760797";"6,6405008"
"202000024394";"18";"1";"2020";"23:06";"3";"26";"26002";"1";"1";"1";"6";"A7";"45,2386640";"4,8456690"
"202000024395";"19";"1";"2020";"05:59";"3";"08";"08110";"1";"1";"9";"7";"Le Châtelet-sur-Sormonne";"49,8635610";"4,5101560"
"202000024396";"19";"1";"2020";"03:50";"3";"69";"69246";"1";"1";"1";"6";"D 96";"45,9485201";"4,5990541"
"202000024397";"19";"1";"2020";"05:45";"5";"69";"69003";"2";"1";"1";"6";"1 Quai Général de Gaulle";"45,8760825";"4,8353536"
"202000024398";"18";"1";"2020";"18:40";"5";"69";"69089";"2";"1";"1";"1";"22 Chemin du Fort";"45,7313000";"4,7414000"
"202000024399";"18";"1";"2020";"15:45";"1";"81";"81099";"2";"1";"1";"2";"53 Avenue Saint Exupery";"43,8993598";"1,8872959"
"202000024400";"18";"1";"2020";"19:35";"5";"81";"81105";"2";"1";"1";"2";"63 Avenue Victor Hugo";"43,7601070";"1,9936740"
"202000024401";"18";"1";"2020";"12:00";"1";"33";"33243";"2";"3";"1";"6";"2 cours des girondins";"44,9126570";" -0,2475540"
"202000024402";"18";"1";"2020";"17:45";"1";"50";"50643";"1";"1";"1";"1";"Le Cafe Cochon";"49,5777830";" -1,7081640"
"202000024403";"19";"1";"2020";"07:50";"2";"59";"59044";"2";"2";"1";"6";"123 Rue Louis Deffontaines";"50,6185130";"3,2334650"
"202000024404";"18";"1";"2020";"15:18";"1";"13";"13026";"1";"1";"1";"2";"A55-Sens Marseille vers Martigues";"43,4026854";"5,1142161"
"202000024405";"18";"1";"2020";"07:30";"3";"54";"54528";"1";"1";"1";"1";"Autoroute A 31";"48,6815500";"5,9134800"
"202000024406";"18";"1";"2020";"11:15";"1";"91";"91617";"1";"1";"1";"7";"RN 104";"48,6394000";"2,5350000"
"202000024407";"18";"1";"2020";"19:15";"3";"93";"93053";"1";"1";"1";"3";"AUTOROUTE A3";"48,8834200";"2,4585500"
"202000024408";"18";"1";"2020";"17:00";"1";"93";"93066";"1";"1";"1";"5";"AUTOROUTE A1";"48,9292400";"2,3616900"
"202000024409";"17";"1";"2020";"21:25";"3";"95";"95241";"1";"1";"1";"6";"RN 104";"49,0457500";"2,4510200"
"202000024410";"17";"1";"2020";"09:20";"1";"93";"93064";"1";"1";"2";"2";"AUTOROUTE A86";"48,8758300";"2,4784200"
"202000024411";"17";"1";"2020";"12:20";"1";"93";"93078";"1";"1";"1";"2";"AUTOROUTE A104";"48,9616500";"2,5451500"
"202000024412";"17";"1";"2020";"09:13";"2";"94";"94028";"1";"1";"2";"2";"A86 INT";"48,7941122";"2,4417939"
"202000024413";"16";"1";"2020";"18:00";"1";"988";"98818";"2";"1";"1";"3";"RUE JACQUES IEKAWE";" -22,2470200";"166,4611400"
"202000024414";"17";"1";"2020";"21:00";"5";"69";"69383";"2";"7";"1";"6";"FELIX FAURE                         (AV)";"45,7531000";"4,8548000"
"202000024415";"17";"1";"2020";"17:45";"2";"69";"69383";"2";"2";"2";"6";"AUBIGNY (D')                        (R )";"45,7612800";"4,8665600"
"202000024416";"17";"1";"2020";"10:10";"1";"69";"69383";"2";"1";"2";"6";"GENAS (DE)                          (RO)";"45,7545523";"4,8815269"
"202000024417";"17";"1";"2020";"21:00";"5";"69";"69149";"2";"2";"1";"3";"CLAUDE MICHEL                       (R )";"45,7181600";"4,8033000"
"202000024418";"11";"1";"2020";"12:40";"1";"69";"69382";"2";"8";"1";"3";"CHARLEMAGNE                         (CO)";"45,7426300";"4,8207600"
"202000024419";"17";"1";"2020";"05:04";"5";"69";"69382";"2";"9";"1";"3";"Rue Président Edouard Herriot";"45,7648700";"4,8342900"
"202000024420";"17";"1";"2020";"19:00";"3";"95";"95019";"2";"6";"2";"2";"VAILLANT CHARLES (AVENUE)";"48,9859300";"2,4109700"
"202000024421";"17";"1";"2020";"15:15";"1";"95";"95277";"1";"1";"1";"1";"route deparementale 370";"48,9710000";"2,4632700"
"202000024422";"17";"1";"2020";"21:20";"5";"91";"91421";"2";"6";"1";"3";"ANCOLIES (ALLEE DES)";"48,7030700";"2,4399800"
"202000024423";"16";"1";"2020";"18:00";"5";"90";"90032";"2";"9";"1";"1";"N/A";"47,6249252";"6,8607414"
"202000024424";"17";"1";"2020";"07:45";"5";"87";"87085";"2";"1";"1";"6";"278 PERRIN (RUE FRANCOIS)";"45,8248200";"1,2291000"
"202000024425";"16";"1";"2020";"08:10";"5";"86";"86194";"2";"1";"1";"6";"Rue de la Roche";"46,5877000";"0,3304000"
"202000024426";"16";"1";"2020";"14:15";"1";"83";"83069";"2";"9";"1";"3";"DECUGIS (AVENUE ALFRED)";"43,1055500";"6,1758800"
"202000024427";"9";"7";"2020";"15:15";"1";"34";"34172";"2";"1";"1";"3";"MARES (AVENUE HENRI)";"43,6200600";"3,8520300"
"202000024428";"9";"7";"2020";"02:50";"5";"34";"34172";"2";"1";"1";"6";"BERTHELOT (BOULEVARD)";"43,6004200";"3,8708800"
"202000024429";"8";"7";"2020";"18:00";"1";"33";"33281";"2";"3";"1";"4";"94 Avenue de Saint-Médard / Rue de la Renaissance";"44,8625600";" -0,6477400"
"202000024430";"9";"7";"2020";"18:00";"1";"33";"33119";"2";"3";"1";"3";"BD ENTRE-DEUX-MERS / RUE ANATOLE FRANCE";"44,8461300";" -0,5350700"
"202000024431";"8";"7";"2020";"00:25";"5";"33";"33063";"1";"1";"1";"2";"QUAI LOUIS XVIII";"44,8479400";" -0,5705600"
"202000024432";"9";"7";"2020";"11:25";"1";"33";"33529";"1";"1";"1";"3";"LIGNON (BD LOUIS)";"44,6334500";" -1,1758400"
"202000024433";"9";"7";"2020";"11:30";"1";"33";"33529";"2";"1";"1";"1";"LAGRUA (RUE)";"44,6391100";" -1,1543900"
"202000024434";"8";"7";"2020";"21:45";"5";"31";"31555";"2";"1";"1";"6";"ALLEE MAGINOT";"43,5718564";"1,4028858"
"202000024435";"7";"7";"2020";"13:30";"1";"22";"22278";"2";"2";"1";"3";"FERRY (JULES)";"48,5016200";" -2,7693200"
"202000024436";"8";"7";"2020";"22:20";"2";"18";"18033";"2";"2";"1";"3";"Rue de Turly";"47,0974000";"2,4134000"
"202000024437";"9";"7";"2020";"13:30";"1";"13";"13206";"2";"1";"1";"6";"PIERRE PUGET (COURS)";"43,2901100";"5,3748300"
"202000024438";"9";"7";"2020";"08:00";"1";"13";"13203";"2";"2";"1";" -1";"ROGER SALENGRO (AVENUE)";"43,3190810";"5,3676450"
"202000024439";"9";"7";"2020";"08:41";"1";"13";"13208";"2";"1";"1";"6";"HAMBOURG (BOULEVARD)";"43,2500000";"5,3894000"
"202000024440";"9";"7";"2020";"07:45";"1";"13";"13207";"2";"4";"1";"2";"CORDERIE (BOULEVARD DE LA)";"43,2904500";"5,3702900"
"202000024441";"9";"7";"2020";"02:15";"5";"13";"13208";"2";"1";"1";"6";"MENDES FRANCE (AVENUE)";"43,2515000";"5,3758000"
"202000024442";"9";"7";"2020";"00:00";"5";"13";"13207";"2";"1";"1";"2";"Corniche John Fitzgérald Kennedy";"43,2689300";"5,3696600"
"202000024443";"8";"7";"2020";"16:20";"1";"13";"13203";"2";"2";"1";"3";"LEVAT (RUE)";"43,3103055";"5,3853916"
"202000024444";"8";"7";"2020";"06:55";"1";"10";"10387";"2";"1";"7";"3";"FRANCOIS SERQUEIL (RUE)";"48,3070000";"4,0805000"
"202000024445";"9";"7";"2020";"11:25";"1";"06";"06027";"2";"1";"1";"6";"CANNES AVENUE DE (RN7)";"43,6492000";"7,1404900"
"202000024446";"9";"7";"2020";"09:20";"1";"06";"06027";"2";"2";"1";"6";"FRENES RUE DES";"43,6594570";"7,1508170"
"202000024447";"8";"7";"2020";"09:00";"1";"02";"02243";"2";"1";"1";"6";"Maurice DUPUIS (Rue)";"49,4018400";"3,3512100"
"202000024448";"9";"7";"2020";"09:55";"1";"75";"75120";"2";"4";"1";"2";"BOULEVARD PERIPHERIQUE";"48,8752980";"2,4103630"
"202000024449";"8";"7";"2020";"01:00";"5";"75";"75113";"2";"4";"1";"3";"PORTE D ITALIE";"48,8166200";"2,3644640"
"202000024450";"9";"7";"2020";"12:04";"1";"75";"75107";"2";"3";"1";"6";"RUE DE SEVRES";"48,8477390";"2,3191060"
"202000024451";"9";"7";"2020";"11:47";"1";"75";"75106";"2";"2";"1";"6";"RUE DE L ABBE GREGOIRE";"48,8485360";"2,3246010"
"202000024452";"9";"7";"2020";"10:25";"1";"75";"75120";"2";"3";"1";"6";"RUE DE MENILMONTANT";"48,8686670";"2,3896490"
"202000024453";"9";"7";"2020";"16:15";"1";"75";"75119";"2";"1";"1";"7";"RUE DE MOUZAIA";"48,8800830";"2,3909560"
"202000024454";"9";"7";"2020";"21:30";"2";"75";"75118";"2";"3";"1";"3";"RUE ORDENER";"48,8904030";"2,3558270"
"202000024455";"9";"7";"2020";"21:15";"1";"75";"75117";"2";"2";"1";" -1";"RUE DE ROME";"48,8840090";"2,3185130"
"202000024456";"9";"7";"2020";"17:10";"1";"75";"75116";"2";"2";"1";"3";"AVENUE FOCH";"48,8731620";"2,2844530"
"202000024457";"8";"7";"2020";"18:20";"1";"75";"75116";"2";"2";"1";"3";"AVENUE DE L HIPPODROME";"48,8585640";"2,2448830"
"202000024458";"9";"7";"2020";"14:25";"1";"75";"75115";"2";"1";"1";"1";"RUE TIPHAINE";"48,8488850";"2,2962150"
"202000024459";"9";"7";"2020";"22:50";"5";"75";"75114";"2";"3";"1";"3";"RUE JEAN ZAY";"48,8375610";"2,3223930"
"202000024460";"9";"7";"2020";"16:15";"1";"75";"75114";"2";"2";"1";"3";"RUE MONTBRUN";"48,8288870";"2,3300630"
"202000024461";"9";"7";"2020";"12:00";"1";"75";"75114";"2";"1";"1";"2";"BOULEVARD JOURDAN";"48,8206330";"2,3377830"
"202000024462";"8";"7";"2020";"23:13";"3";"75";"75113";"2";"1";"1";"3";"BOULEVARD ARAGO";"48,8348810";"2,3430700"
"202000024463";"9";"7";"2020";"13:57";"1";"75";"75112";"2";"2";"1";"3";"BOULEVARD DIDEROT";"48,8464450";"2,3789470"
"202000024464";"9";"7";"2020";"07:22";"1";"75";"75111";"2";"2";"7";"3";"BOULEVARD VOLTAIRE";"48,8546850";"2,3853300"
"202000024465";"9";"7";"2020";"17:45";"1";"75";"75110";"2";"3";"1";"6";"RUE DU CHATEAU LANDON";"48,8837830";"2,3643170"
"202000024466";"9";"7";"2020";"14:24";"1";"75";"75110";"2";"1";"1";"3";"AVENUE CLAUDE VELLEFAUX";"48,8767060";"2,3703050"
"202000024467";"9";"7";"2020";"10:15";"1";"75";"75110";"2";"1";"1";"3";"BOULEVARD DE LA VILLETTE";"48,8792070";"2,3700960"
"202000024468";"8";"7";"2020";"16:10";"1";"75";"75109";"2";"2";"1";"3";"BOULEVARD DE CLICHY";"48,8819350";"2,3396360"
"202000024469";"9";"7";"2020";"22:25";"2";"75";"75108";"2";"1";"1";"3";"RUE DU FAUBOURG SAINT HONORE";"48,8733170";"2,3095350"
"202000024470";"8";"7";"2020";"09:10";"1";"75";"75107";"2";"3";"1";"3";"BOULEVARD SAINT GERMAIN";"48,8611530";"2,3206710"
"202000024471";"9";"7";"2020";"16:55";"1";"94";"94076";"2";"1";"1";"2";"MAXIME GORKI (BD)";"48,7888500";"2,3684800"
"202000024472";"8";"7";"2020";"07:45";"1";"94";"94076";"2";"2";"1";"3";"PARIS (AV DE)";"48,8057090";"2,3637030"
"202000024473";"9";"7";"2020";"21:25";"1";"94";"94034";"2";"1";"1";"6";"DIVISION LECLERC (AV DE LA)";"48,7591000";"2,3247000"
"202000024474";"9";"7";"2020";"05:15";"3";"94";"94028";"2";"1";"1";"7";"avenue de la POMPADOUR";"48,7736000";"2,4367000"
"202000024475";"8";"7";"2020";"02:10";"5";"94";"94054";"2";"3";"1";"3";"CHARLES TILLON (route)";"48,7463219";"2,3774618"
"202000024476";"9";"7";"2020";"18:00";"1";"94";"94017";"2";"3";"1";"3";"SONIA DE LAUNAY (VOI)";"48,8121900";"2,5340200"
"202000024477";"9";"7";"2020";"00:55";"5";"94";"94017";"2";"1";"1";"2";"GENERAL DE GAULLE (AV DU)";"48,8249190";"2,5008910"
"202000024478";"8";"7";"2020";"11:00";"1";"94";"94002";"2";"2";"1";"3";"PAQUERETTES (R DES)";"48,7977545";"2,4258548"
"202000024479";"9";"7";"2020";"00:43";"5";"93";"93066";"2";"9";"1";"1";"WILSON (AVENUE DU PRESIDENT)";"48,9166100";"2,3573200"
"202000024480";"7";"7";"2020";"09:00";"1";"93";"93005";"2";"1";"1";"2";"JACQUES DUCLOS [CD44] (RUE)";"48,9427607";"2,4968185"
"202000024481";"9";"7";"2020";"20:55";"1";"93";"93070";"2";"1";"1";"1";"CAPITAINE-GLARNER (AV)";"48,9040728";"2,3290492"
"202000024482";"9";"7";"2020";"21:19";"1";"93";"93077";"2";"9";"1";" -1";"NOISY (ROUTE DE) JUSQU'AU 45 ET 50";"48,8832344";"2,4973023"
"202000024483";"9";"7";"2020";"07:20";"1";"93";"93050";"2";"2";"1";"3";"PAUL ET CAMILLE THOMOUX (RUE) COTE PAIR";"48,8652949";"2,5294320"
"202000024484";"9";"7";"2020";"14:38";"1";"93";"93014";"2";"5";"1";"3";"POSTES (CHEMIN DES)";"48,9082940";"2,5331970"
"202000024485";"3";"7";"2020";"22:30";"5";"93";"93008";"2";"1";"1";"6";"PARIS (RUE DE)";"48,9015721";"2,4577029"
"202000024486";"9";"7";"2020";"12:00";"1";"93";"93001";"2";"1";"1";"3";"HAIE COQ (RUE DE LA ) => 91/92";"48,9045282";"2,3723623"
"202000024487";"9";"7";"2020";"19:00";"1";"92";"92046";"2";"1";"1";"6";"GABRIEL PERI";"48,8192100";"2,3007800"
"202000024488";"9";"7";"2020";"08:30";"1";"92";"92033";"2";"3";"1";"3";"HENRI REGNAULT";"48,8464286";"2,1893233"
"202000024489";"3";"3";"2020";"16:40";"1";"92";"92044";"2";"1";"1";"3";"RIVAY(RUE)97A107 ET 96A108";"48,9003817";"2,2847378"
"202000024490";"8";"7";"2020";"07:30";"1";"92";"92036";"2";"2";"1";"6";"MARCEL PAUL (AVENUE) (2/50)";"48,9368050";"2,3040500"
"202000024491";"8";"7";"2020";"23:30";"5";"92";"92026";"2";"3";"1";"3";"MARECHAL JOFFRE (QUAI DU)";"48,9007000";"2,2751400"
"202000024492";"29";"6";"2020";"15:24";"1";"92";"92012";"2";"1";"1";"3";"CHATEAU (RUE DU) 127/FIN - 133/FIN";"48,8418290";"2,2379730"
"202000024493";"7";"3";"2020";"02:30";"5";"92";"92004";"2";"1";"2";"7";"ARGENTEUIL AV D'";"48,9138200";"2,2835600"
"202000024494";"8";"7";"2020";"19:35";"1";"35";"35328";"1";"1";"1";"7";"Tregaret";"47,7679640";" -2,1063420"
"202000024495";"9";"7";"2020";"19:20";"1";"26";"26031";"1";"1";"1";"3";"1175 Route de Puygiron";"44,5477110";"4,8468800"
"202000024496";"8";"7";"2020";"20:17";"2";"67";"67371";"1";"1";"1";"6";"D178";"48,8452310";"7,3177960"
"202000024497";"8";"7";"2020";"05:00";"2";"06";"06149";"2";"1";"1";"3";"149 Route de Laghet";"43,7476800";"7,3330790"
"202000024498";"10";"7";"2020";"17:30";"1";"43";"43080";"2";"1";"1";"6";"42 Faubourg Constant";"45,3312030";"3,8461970"
"202000024499";"7";"7";"2020";"18:00";"1";"84";"84116";"1";"1";"1";"7";"D938";"44,2621320";"5,1004300"
"202000024500";"10";"7";"2020";"00:30";"3";"81";"81139";"1";"1";"1";"6";"Route de Castres";"43,7132470";"2,1167240"
"202000024501";"6";"7";"2020";"16:00";"1";"67";"67430";"1";"1";"1";"7";"D253";"48,3304393";"7,3737456"
"202000024502";"9";"7";"2020";"09:15";"1";"972";"97232";"2";"9";"1";"6";"47 Rue Victor Hugo";"14,5441190";" -60,8437070"