"Num_Acc";"jour";"mois";"an";"hrmn";"lum";"dep";"com";"agg";"int";"atm";"col";"adr";"lat";"long"
"202000024503";"9";"7";"2020";"23:20";"3";"46";"46263";"1";"1";"1";"6";"D653";"44,3598950";"1,2424410"
"202000024504";"9";"7";"2020";"19:10";"1";"01";"01354";"1";"6";"1";"3";"Route de Meyrin";"46,2393130";"6,0348320"
"202000024505";"10";"7";"2020";"18:30";"1";"59";"59579";"2";"1";"1";"6";"55 Rue de la Mairie";"50,9518070";"2,3708310"
"202000024506";"10";"7";"2020";"03:45";"5";"62";"62817";"1";"1";"2";"3";"Zone Industrielle Est, avenue d'Immercourt";"50,2868560";"2,8096940"
"202000024507";"9";"7";"2020";"18:05";"1";"89";"89461";"2";"3";"1";"1";"D660";"48,2367870";"3,5524360"
"202000024508";"9";"7";"2020";"18:30";"1";"56";"56185";"2";"6";"1";"3";"Rue de Gestel";"47,7895670";" -3,4213130"
"202000024509";"9";"7";"2020";"15:00";"1";"79";"79179";"1";"1";"1";"6";"N/A";"46,7034140";" -0,6001500"
"202000024510";"9";"7";"2020";"21:05";"1";"79";"79249";"1";"2";"1";"3";"Route de Niort";"46,3644180";" -0,4088760"
"202000024511";"10";"7";"2020";"13:30";"1";"2B";"2B305";"2";"1";"1";"3";"Route du Cap";"42,7262320";"9,4577750"
"202000024512";"9";"7";"2020";"09:50";"1";"81";"81130";"2";"3";"1";"3";"2 Avenue de Mazamet";"43,5804165";"2,2767451"
"202000024513";"8";"7";"2020";"19:20";"1";"71";"71292";"2";"2";"1";"3";"1031 Rue du Moulin";"46,8102531";"4,7406092"
"202000024514";"9";"7";"2020";"18:30";"1";"89";"89464";"2";"1";"1";"1";"1 Quai du Port au Bois";"48,0825870";"3,2915210"
"202000024515";"9";"7";"2020";"22:00";"3";"61";"61206";"1";"1";"1";"7";"4 Lieu Dit la Rangee Bourdon";"48,5911600";"0,7171740"
"202000024516";"9";"7";"2020";"12:50";"1";"49";"49050";"1";"1";"1";"6";"D751";"47,3893720";" -0,4241110"
"202000024517";"8";"7";"2020";"15:00";"1";"46";"46021";"1";"1";"1";"2";"D19";"44,5701860";"1,9139170"
"202000024518";"8";"7";"2020";"09:40";"1";"46";"46133";"1";"1";"1";"7";"Mas de Boudre";"44,6880000";"1,9110420"
"202000024519";"6";"7";"2020";"08:45";"1";"68";"68286";"2";"1";"1";"6";"3 Rue du Moulin";"47,6395360";"7,5346260"
"202000024520";"9";"7";"2020";"22:00";"3";"02";"02477";"1";"1";"1";"6";"N31";"49,3809900";"3,2823370"
"202000024521";"10";"7";"2020";"17:15";"1";"70";"70421";"2";"1";"1";"5";"chemin du pré aux oies";"47,6811870";"6,0358290"
"202000024522";"9";"7";"2020";"16:00";"1";"26";"26124";"1";"1";"1";"1";"RN7";"44,8457070";"4,8556140"
"202000024523";"10";"7";"2020";"19:05";"1";"54";"54073";"1";"1";"1";"1";"Rue Bicquilley";"48,6498660";"5,8924480"
"202000024524";"10";"7";"2020";"11:45";"1";"64";"64279";"2";"9";"1";"6";"D932";"43,3504860";" -1,4157910"
"202000024525";"20";"6";"2020";"11:15";"1";"16";"16406";"1";"1";"1";"2";"Rue Etroite";"45,7005050";"0,4134920"
"202000024526";"8";"7";"2020";"19:35";"1";"53";"53127";"1";"1";"1";"6";"la pesière";"48,4291010";" -0,4659000"
"202000024527";"10";"7";"2020";"08:30";"1";"53";"53107";"2";"2";"8";"3";"Route d'Ernee";"48,4100000";" -0,8201980"
"202000024528";"9";"7";"2020";"19:00";"1";"21";"21389";"1";"1";"1";"6";"905";"47,6172290";"4,3754770"
"202000024529";"9";"7";"2020";"14:48";"1";"85";"85234";"1";"1";"1";"7";"Route de la Gorlière";"46,8105060";" -2,0501140"
"202000024530";"10";"7";"2020";"19:00";"1";"85";"85213";"1";"2";"1";"3";"Le Moulin de Badiole";"46,6349700";" -1,3537220"
"202000024531";"9";"7";"2020";"14:45";"1";"48";"48111";"1";"1";"1";"7";"RN 88 PR 40 +725";"44,5376630";"3,5831310"
"202000024532";"10";"7";"2020";"15:15";"1";"88";"88372";"2";"3";"1";"3";"Rue Pasteur / Rue Jean Jaurès";"48,4035800";"6,8378820"
"202000024533";"11";"6";"2020";"08:25";"1";"49";"49022";"1";"1";"8";"2";"A87";"47,3135370";" -0,6069520"
"202000024534";"9";"7";"2020";"16:10";"1";"24";"24370";"1";"1";"1";"7";"D936 la tremonde";"44,8475020";"0,1315780"
"202000024535";"29";"6";"2020";"11:15";"1";"33";"33284";"1";"1";"1";"6";"A63";"44,6714360";" -0,8073980"
"202000024536";"26";"6";"2020";"18:30";"1";"76";"76457";"1";"1";"1";"3";"A13";"49,3390150";"0,9632460"
"202000024537";"8";"7";"2020";"08:00";"1";"78";"78349";"1";"1";"1";"2";"A10";"48,5794460";"2,0115280"
"202000024538";"8";"7";"2020";"18:30";"3";"988";"98819";"1";"1";"1";"5";"Lieu dit Manghine haut";" -20,3952500";"164,4122900"
"202000024539";"9";"7";"2020";"15:00";"1";"95";"95641";"2";"1";"1";"6";"Rue Rouget de Lisle";"49,0649950";"2,5704570"
"202000024540";"9";"7";"2020";"16:45";"1";"95";"95271";"1";"1";"1";"3";"RD 915";"49,0987330";"2,0461290"
"202000024541";"10";"7";"2020";"11:50";"1";"2B";"2B169";"2";"1";"1";"3";"route territoriale 20, Ponte-Leccia";"42,4663160";"9,2084740"
"202000024542";"10";"7";"2020";"07:55";"1";"34";"34299";"1";"1";"1";"3";"D37";"43,2813410";"3,2903890"
"202000024543";"10";"7";"2020";"18:45";"1";"34";"34145";"1";"1";"1";"3";"D34";"43,6988450";"4,1287990"
"202000024544";"10";"7";"2020";"16:45";"1";"34";"34294";"1";"2";"1";"3";"D34";"43,7083110";"4,1174220"
"202000024545";"10";"7";"2020";"16:17";"1";"05";"05014";"1";"9";"1";"7";"D942";"44,2655010";"5,7642600"
"202000024546";"10";"7";"2020";"05:45";"2";"71";"71176";"1";"1";"1";"6";"N79";"46,4699580";"4,0100630"
"202000024547";"10";"7";"2020";"12:50";"1";"55";"55170";"2";"1";"1";"3";"57 Rue du Cygne";"49,3626130";"5,3463400"
"202000024548";"9";"7";"2020";"18:45";"1";"55";"55569";"1";"1";"1";"6";"D902";"48,8935660";"5,1007140"
"202000024549";"10";"7";"2020";"19:40";"1";"54";"54150";"2";"4";"1";"6";"25 Rue du Général Leclerc";"48,7919449";"6,1428541"
"202000024550";"10";"7";"2020";"14:20";"1";"38";"38557";"1";"1";"1";"1";"D124z";"45,7712700";"5,1258800"
"202000024551";"9";"7";"2020";"09:46";"1";"38";"38067";"1";"2";"1";"3";"Route de Jameyzieu";"45,7050700";"5,1713630"
"202000024552";"8";"7";"2020";"19:10";"1";"07";"07200";"1";"1";"7";"6";"cd 536";"44,7177090";"4,1645910"
"202000024553";"9";"7";"2020";"09:00";"1";"69";"69121";"2";"1";"1";" -1";"Route de Lentilly";"45,8512257";"4,6848877"
"202000024554";"6";"7";"2020";"18:15";"1";"69";"69136";"2";"1";"1";"6";"735 Montee du Baconnet";"45,6189720";"4,7639360"
"202000024555";"8";"7";"2020";"10:40";"1";"27";"27016";"1";"1";"1";"6";"D1";"49,2235540";"1,4446810"
"202000024556";"9";"7";"2020";"19:30";"1";"76";"76276";"2";"2";"1";"6";"15 Rue de Neufchatel";"49,6128740";"1,5456900"
"202000024557";"9";"7";"2020";"22:20";"3";"59";"59400";"1";"1";"1";"6";"Rue de Maroeuil";"50,6282084";"2,6416612"
"202000024558";"8";"7";"2020";"09:55";"1";"59";"59256";"1";"1";"2";"1";"Boulevard du Petit Quinquin";"50,5752690";"3,1181590"
"202000024559";"8";"7";"2020";"06:40";"1";"69";"69204";"1";"1";"1";"4";"A450   1.740 A 5.100";"45,6833900";"4,8029200"
"202000024560";"8";"7";"2020";"13:00";"1";"33";"33192";"1";"1";"1";"4";"ROCADE A 630";"44,7852100";" -0,5927500"
"202000024561";"9";"7";"2020";"18:09";"1";"94";"94021";"1";"1";"1";"2";"AUTOROUTE A6A";"48,7658519";"2,3431751"
"202000024562";"9";"7";"2020";"17:20";"1";"91";"91689";"1";"1";"1";"2";"AUTOROUTE A6";"48,7295800";"2,3145800"
"202000024563";"8";"7";"2020";"09:30";"1";"91";"91689";"1";"1";"1";"2";"AUTOROUTE A6B";"48,7424000";"2,3218000"
"202000024564";"9";"7";"2020";"08:45";"1";"92";"92050";"1";"9";"1";"3";"A86";"48,9065056";"2,2108738"
"202000024565";"8";"7";"2020";"12:05";"1";"78";"78431";"1";"1";"1";"6";"A13";"48,9403090";"1,9543360"
"202000024566";"8";"7";"2020";"04:00";"3";"78";"78090";"1";"1";"1";"2";"A13";"48,9702340";"1,9081920"
"202000024567";"9";"7";"2020";"18:00";"1";"93";"93005";"1";"1";"1";"4";"AUTOROUTE A3";"48,9473100";"2,4758300"
"202000024568";"9";"7";"2020";"18:30";"1";"93";"93078";"1";"1";"1";"2";"AUTOROUTE A104";"48,9643600";"2,5533500"
"202000024569";"9";"7";"2020";"15:45";"1";"93";"93078";"1";"1";"1";"3";"AUTOROUTE A104";"48,9612600";"2,5438800"
"202000024570";"9";"7";"2020";"09:30";"1";"92";"92036";"1";"1";"1";"3";"AUTOROUTE A15";"48,9453100";"2,2842700"
"202000024571";"9";"7";"2020";"10:25";"1";"93";"93027";"1";"1";"1";"5";"AUTOROUTE A1";"48,9362800";"2,4059200"
"202000024572";"9";"7";"2020";"03:00";"3";"95";"95572";"1";"1";"1";"2";" A15";"49,0322008";"2,1129791"
"202000024573";"8";"7";"2020";"21:00";"1";"95";"95607";"1";"1";"1";"7";"AUTOROUTE A115";"49,0244311";"2,2088279"
"202000024574";"8";"7";"2020";"18:45";"1";"93";"93053";"1";"1";"1";"4";"AUTOROUTE A3";"48,8979600";"2,4693700"
"202000024575";"8";"7";"2020";"19:05";"1";"93";"93053";"1";"1";"1";"5";"AUTOROUTE A3";"48,8942200";"2,4719600"
"202000024576";"8";"7";"2020";"17:15";"1";"93";"93007";"1";"1";"2";"2";"AUTOROUTE A1";"48,9435800";"2,4360300"
"202000024577";"9";"7";"2020";"10:35";"1";"94";"94017";"1";"1";"1";"2";"A4";"48,8267112";"2,5225883"
"202000024578";"9";"7";"2020";"08:05";"1";"77";"77237";"1";"1";"1";"2";"A4";"48,8320034";"2,7753890"
"202000024579";"8";"7";"2020";"17:05";"1";"94";"94079";"1";"1";"1";"4";"A4";"48,8346000";"2,5374000"
"202000024580";"4";"7";"2020";"13:10";"1";"974";"97407";"1";"9";"1";"6";"JEAN GIONO (RUE) - RIV. DES GALETS";" -20,9570000";"55,3120000"
"202000024581";"8";"7";"2020";"18:30";"1";"69";"69259";"2";"2";"1";"6";"ERNEST RENAN                        (R )";"45,7267200";"4,8625200"
"202000024582";"8";"7";"2020";"15:10";"1";"69";"69199";"2";"1";"1";"2";"LOUIS GIRARDET                      (R )";"45,7059000";"4,8553000"
"202000024583";"8";"7";"2020";"10:00";"1";"69";"69276";"2";"1";"1";"2";"LYON (DE)                               ";"45,6804550";"4,8612156"
"202000024584";"7";"7";"2020";"12:50";"1";"69";"69387";"2";"2";"1";"5";"UNIVERSITE (DE L')                  (PT)";"45,7519300";"4,8368800"
"202000024585";"8";"7";"2020";"05:15";"3";"972";"97213";"1";"1";"2";"6";"ROUTE DEPARTEMENTALE 3";"14,6353271";" -60,9917164"
"202000024586";"8";"7";"2020";"14:10";"1";"972";"97209";"2";"3";"1";"3";"ROBESPIERRE (RUE)";"14,6105900";" -61,0700600"
"202000024587";"7";"7";"2020";"23:40";"5";"972";"97209";"2";"6";"1";"7";"BISHOP (Avenue Maurice)";"14,6126600";" -61,0532400"
"202000024588";"8";"7";"2020";"18:30";"1";"69";"69142";"2";"1";"1";"6";"PIERRE SEMARD                       (QU)";"45,7260300";"4,8165700"
"202000024589";"8";"7";"2020";"08:40";"1";"69";"69034";"2";"9";"1";"6";"PIERRE TERRASSE                     (AV)";"45,7986600";"4,8492200"
"202000024590";"7";"7";"2020";"19:00";"1";"69";"69286";"2";"1";"1";"1";"MAURICE RAVEL                       (AV)";"45,8167000";"4,8979200"
"202000024591";"8";"7";"2020";"07:15";"1";"95";"95268";"2";"2";"1";"3";"AV FRANCOIS MITTERRAND";"48,9731633";"2,3978917"
"202000024592";"8";"7";"2020";"18:05";"1";"91";"91377";"2";"3";"1";"6";"MAZARIK (RUE THOMAS)";"48,7368000";"2,2611000"
"202000024593";"8";"7";"2020";"15:25";"1";"91";"91687";"2";"9";"1";"6";"GENERAL DE GAULLE (AVENUE DU)";"48,6807000";"2,3797100"
"202000024594";"7";"7";"2020";"03:10";"5";"91";"91333";"2";"1";"1";"6";"CLEMENCEAU GEORGES (RUE)";"48,6194800";"2,2670800"
"202000024595";"5";"7";"2020";"20:51";"1";"91";"91347";"2";"1";"1";"6";"ROBINEAUX (CHEMIN DES)";"48,6273900";"2,2895500"
"202000024596";"4";"7";"2020";"21:20";"1";"91";"91339";"2";"1";"1";"2";"RN 20";"48,6202700";"2,2594000"
"202000024597";"7";"7";"2020";"12:35";"1";"88";"88160";"2";"7";"1";" -1";"ENTRE-LES-DEUX-PORTES (RUE D')";"48,1761400";"6,4512400"
"202000024598";"8";"7";"2020";"20:20";"1";"83";"83034";"1";"1";"1";"6";"ROUTE DE LA BENOITE";"43,1050000";"6,0810000"
"202000024599";"7";"7";"2020";"20:30";"1";"80";"80021";"2";"1";"1";" -1";"DEUXIEME DB (RUE DE LA)";"49,8925800";"2,2923800"
"202000024600";"7";"7";"2020";"15:05";"1";"80";"80021";"2";"1";"1";"2";"MAIGNAN LARIVIERE (BOULEVARD)";"49,8901600";"2,2912500"
"202000024601";"8";"7";"2020";"14:20";"1";"78";"78440";"2";"2";"1";"5";"GAMBETTA (RUE)";"48,9909190";"1,9155810"
"202000024602";"8";"7";"2020";"10:40";"1";"76";"76157";"2";"6";"1";"7";"CD 982 (RUE DE DUCLAIR)";"49,4450100";"1,0124700"
"202000024603";"7";"7";"2020";"12:10";"1";"76";"76351";"2";"1";"1";"6";"VALLEE (RUE DE LA)";"49,4951300";"0,1552500"
"202000024604";"8";"7";"2020";"15:15";"1";"69";"69266";"2";"1";"1";"6";"ROGER SALENGRO     (Avenue)";"45,7763600";"4,8720800"
"202000024605";"8";"7";"2020";"16:00";"1";"69";"69029";"2";"1";"1";"3";"GENAS (DE)                          (RO)";"45,7485188";"4,9193591"
"202000024606";"8";"7";"2020";"16:30";"1";"69";"69271";"2";"1";"1";"3";"ANDRE AMPERE                            ";"45,7316300";"4,9721700"
"202000024607";"8";"7";"2020";"09:15";"1";"69";"69266";"2";"2";"7";"6";"MAGENTA     (Rue)";"45,7653000";"4,8716000"
"202000024608";"5";"7";"2020";"21:20";"2";"67";"67482";"2";"9";"1";"3";"ADRIEN ZELLER (PLACE)";"48,5952210";"7,7586050"
"202000024609";"8";"7";"2020";"01:10";"5";"64";"64445";"2";"1";"1";"6";"NORMAN PRINCE";"43,3047600";" -0,3469900"
"202000024610";"7";"7";"2020";"18:55";"1";"64";"64024";"2";"1";"1";"6";"BAB (BOULEVARD DU)";"43,4937890";" -1,5236380"
"202000024611";"6";"7";"2020";"08:00";"1";"62";"62224";"1";"3";"1";"3";"RD 943";"50,5374800";"2,5766400"
"202000024612";"6";"7";"2020";"11:15";"1";"59";"59350";"2";"1";"1";"6";"349 AV. DE DUNKERQUE";"50,6408160";"3,0186390"
"202000024613";"7";"7";"2020";"18:11";"1";"54";"54395";"2";"1";"1";"7";"JOFFRE (Boulevard)";"48,6889631";"6,1768430"
"202000024614";"7";"7";"2020";"12:35";"1";"54";"54395";"2";"1";"1";"3";"STRASBOURG (AVENUE DE)";"48,6806960";"6,1940190"
"202000024615";"7";"7";"2020";"22:45";"5";"51";"51454";"2";"2";"1";"3";"Avenue Paul Marchandeau";"49,2441500";"4,0275050"
"202000024616";"19";"2";"2020";"22:00";"5";"94";"94043";"2";"1";"2";"3";"CARNOT (R)";"48,8095500";"2,3637000"
"202000024617";"19";"2";"2020";"19:00";"5";"94";"94076";"2";"2";"2";"3";"STALINGRAD (AV DE)";"48,7847100";"2,3669600"
"202000024618";"19";"2";"2020";"02:45";"3";"94";"94074";"1";"1";"3";"3";"HENRI BARBUSSE (AV)";"48,7690600";"2,4406700"
"202000024619";"17";"2";"2020";"20:00";"5";"94";"94011";"2";"9";"8";"3";"RHIN ET DANUBE(RUE DU)";"48,7730300";"2,4908200"
"202000024620";"18";"2";"2020";"10:25";"1";"94";"94079";"2";"1";"1";"2";"JEAN MONNET (BD)";"48,8348427";"2,5391767"
"202000024621";"19";"2";"2020";"19:10";"5";"94";"94017";"2";"1";"2";"6";"DANIELLE CASANOVA (R)";"48,8249940";"2,5124850"
"202000024622";"18";"2";"2020";"16:50";"1";"94";"94017";"2";"1";"1";"6";"ROGER SALENGRO (AV)";"48,8198000";"2,4855000"
"202000024623";"18";"2";"2020";"21:15";"5";"93";"93066";"2";"1";"1";"6";"Boulevard de la Libération";"48,9254600";"2,3420200"
"202000024624";"17";"2";"2020";"17:55";"1";"93";"93066";"2";"9";"2";"3";"PROUDHON";"48,9064251";"2,3654260"
"202000024625";"19";"2";"2020";"13:30";"1";"93";"93051";"2";"3";"1";"3";"MONT D'EST (BD)";"48,8421492";"2,5429148"
"202000024626";"19";"2";"2020";"08:50";"1";"93";"93048";"2";"1";"1";"6";"BD ROUGET DE L'ISLE";"48,8598100";"2,4387400"
"202000024627";"19";"2";"2020";"09:55";"1";"93";"93031";"2";"1";"1";"3";"SAINT GRATIEN (RUE DE)";"48,9619907";"2,3001286"
"202000024628";"19";"2";"2020";"16:54";"1";"93";"93010";"2";"2";"2";"3";"VERDUN (AV. DE) 1 A 33";"48,9067977";"2,4885021"
"202000024629";"18";"2";"2020";"20:20";"4";"93";"93001";"2";"1";"1";"3";"R CHARLES TILLON";"48,9178601";"2,3933181"
"202000024630";"18";"2";"2020";"13:55";"1";"92";"92051";"2";"9";"1";" -1";"CHARLES DE GAULLE (AVENUE,N°118 A 192 +";"48,8828040";"2,2674770"
"202000024631";"18";"2";"2020";"14:30";"1";"92";"92044";"2";"3";"1";"6";"PDT WILSON(RUE) 2A24 ET 1A21";"48,8931693";"2,2893633"
"202000024632";"19";"2";"2020";"20:11";"5";"92";"92023";"2";"1";"2";"1";"JEAN BAPTISTE CLEMENT (AVENUE)";"48,7951800";"2,2667400"
"202000024633";"18";"2";"2020";"14:30";"1";"92";"92012";"2";"2";"1";"3";"ANDRE MORIZET (AVENUE) 1/47 - 2/52";"48,8350340";"2,2412910"
"202000024634";"13";"2";"2020";"12:00";"1";"92";"92009";"2";"1";"1";"6";"GENERAL LECLERC ( RUE DU )";"48,9153168";"2,2696975"
"202000024635";"14";"2";"2020";"07:30";"2";"92";"92004";"2";"1";"1";"3";"ARGENTEUIL AV D'";"48,9217435";"2,2777768"
"202000024636";"18";"2";"2020";"20:30";"5";"92";"92004";"2";"1";"1";"3";"ARGENTEUIL AV D'";"48,9166700";"2,2820900"
"202000024637";"17";"2";"2020";"15:55";"1";"92";"92014";"2";"2";"1";" -1";"GENERAL LECLERC (AV.) (57 A 135 - 50 A 1/ BIEVRE (RUE DE LA)";"48,7823691";"2,3165703"
"202000024638";"20";"2";"2020";"07:20";"1";"974";"97415";"2";"1";"1";"2";"Rue Terre des hommes";" -20,9895800";"55,3303130"
"202000024639";"20";"2";"2020";"10:30";"1";"43";"43110";"1";"1";"1";"3";"Route d'Auzon";"45,3225520";"3,4101820"
"202000024640";"20";"2";"2020";"15:15";"1";"06";"06161";"2";"1";"1";"3";"1670 Route Nationale";"43,6343670";"7,1338090"
"202000024641";"19";"2";"2020";"09:05";"1";"51";"51007";"2";"2";"1";"3";"12 Rue de Vaudemanges";"49,0759781";"4,1769076"
"202000024642";"28";"1";"2020";"10:00";"1";"33";"33140";"2";"1";"8";"2";"Avenue de l'Entre 2 Mers";"44,7720980";" -0,3436020"
"202000024643";"20";"2";"2020";"16:45";"1";"11";"11262";"1";"1";"1";"1";"D168";"43,1695830";"3,1260180"
"202000024644";"20";"2";"2020";"15:55";"1";"71";"71014";"2";"1";"1";"6";"Rue de Parpas";"46,9518312";"4,2920041"
"202000024645";"18";"2";"2020";"19:10";"4";"47";"47168";"2";"3";"1";"3";"Boulevard Aristide Briand";"44,6028210";"0,3597000"
"202000024646";"20";"2";"2020";"08:00";"2";"41";"41176";"1";"1";"1";"6";"D55";"47,4975680";"2,1266200"
"202000024647";"20";"2";"2020";"08:50";"1";"34";"34293";"1";"1";"1";"6";"D907 - PR 15";"43,5785800";"2,7088270"
"202000024648";"18";"2";"2020";"19:55";"3";"38";"38466";"1";"3";"1";"3";"Route du Grésivaudan";"45,3676480";"5,9576580"
"202000024649";"19";"2";"2020";"21:55";"3";"01";"01320";"1";"1";"1";"1";"Rue de la Prairie";"46,3132640";"4,8614070"
"202000024650";"19";"2";"2020";"14:30";"1";"01";"01046";"1";"4";"8";"1";"Route de Péroux";"46,2311460";"4,9580530"
"202000024651";"4";"2";"2020";"17:30";"1";"06";"06090";"2";"3";"1";"3";"623 Avenue de Grasse";"43,5973560";"6,9250740"
"202000024652";"19";"2";"2020";"10:50";"1";"05";"05098";"1";"1";"1";"1";"RD 40";"44,5120380";"6,5689630"
"202000024653";"20";"2";"2020";"15:45";"1";"28";"28378";"1";"1";"8";"6";"D9";"48,2583060";"0,8566120"
"202000024654";"20";"2";"2020";"17:55";"2";"48";"48080";"2";"3";"7";"6";"10 avenue jean moulin";"44,7234040";"3,8600640"
"202000024655";"20";"2";"2020";"03:10";"4";"52";"52058";"2";"1";"1";"6";"Rue de la Fontaine";"48,2039620";"5,1442300"
"202000024656";"20";"2";"2020";"08:15";"1";"80";"80058";"1";"1";"1";"2";"A29";"49,8535592";"2,6307443"
"202000024657";"19";"2";"2020";"21:25";"3";"26";"26057";"1";"1";"1";"7";"Autoroute A49 - point kilométrique 059.0500";"45,0212710";"5,0556610"
"202000024658";"20";"2";"2020";"07:35";"2";"33";"33122";"1";"1";"1";"5";"D211";"44,7134250";" -0,7292820"
"202000024659";"19";"2";"2020";"11:40";"1";"17";"17240";"1";"1";"1";"1";"D730";"45,2797940";" -0,3881260"
"202000024660";"20";"2";"2020";"15:40";"1";"13";"13103";"1";"1";"1";"7";"Autoroute A7, PK 230+700, sens nord/sud";"43,6671270";"5,0971410"
"202000024661";"17";"2";"2020";"07:10";"1";"83";"83104";"1";"1";"1";"1";"La Goye";"43,6398334";"5,8051559"
"202000024662";"20";"2";"2020";"07:55";"1";"33";"33056";"2";"1";"5";"5";"AVE DU ONZE NOVEMBRE";"44,9270350";" -0,6226690"
"202000024663";"19";"2";"2020";"20:00";"3";"61";"61341";"1";"1";"1";"6";"Champ-fosse";"48,5106840";"0,1304940"
"202000024664";"5";"2";"2020";"10:10";"1";"50";"50099";"2";"1";"1";"1";"6 Rue de la Guinguette";"49,3031360";" -1,2515690"
"202000024665";"18";"2";"2020";"16:12";"1";"83";"83137";"1";"1";"1";"3";"A57";"43,1213200";"5,9533100"
"202000024666";"19";"2";"2020";"17:40";"2";"33";"33096";"1";"1";"1";"6";"AUTOROUTE A 10";"44,8899600";" -0,5034400"
"202000024667";"19";"2";"2020";"11:55";"1";"33";"33249";"1";"1";"1";"2";"ROUTE NATIONALE 230";"44,8789200";" -0,5095500"
"202000024668";"18";"2";"2020";"16:00";"1";"59";"59328";"1";"1";"1";"6";"ROUTE METROPOLITAINE 652";"50,6605450";"3,0203120"
"202000024669";"17";"2";"2020";"05:10";"3";"59";"59609";"1";"1";"1";"2";"AUTOROUTE A1";"50,5726916";"3,0802515"
"202000024670";"19";"2";"2020";"05:15";"3";"91";"91377";"1";"1";"1";"7";"RD 444";"48,7280500";"2,2439200"
"202000024671";"18";"2";"2020";"22:19";"3";"91";"91347";"1";"1";"1";"3";"RN 104";"48,6228300";"2,2917500"
"202000024672";"19";"2";"2020";"12:12";"1";"78";"78423";"1";"1";"8";"7";"N12W";"48,7988080";"1,9957820"
"202000024673";"17";"2";"2020";"19:30";"3";"93";"93078";"1";"1";"2";"4";"AUTOROUTE A104";"48,9636400";"2,5512800"
"202000024674";"19";"2";"2020";"20:00";"5";"94";"94069";"1";"1";"1";"5";"A4";"48,8170338";"2,4435317"
"202000024675";"19";"2";"2020";"19:15";"5";"94";"94017";"1";"1";"2";"4";"A4";"48,8266487";"2,5137924"
"202000024676";"18";"2";"2020";"11:35";"1";"988";"98818";"2";"3";"1";"7";"PROMENADE ROGER LAROQUE/RTE DE L AQUARIUM";" -22,3027800";"166,4385000"
"202000024677";"16";"2";"2020";"02:50";"4";"987";"98736";"2";"1";"1";"2";"CHARLES DE GAULLE (AV)";" -17,5310100";" -149,5531900"
"202000024678";"18";"2";"2020";"07:00";"1";"974";"97416";"1";"1";"1";"2";"BADAMIER(CHEMIN)";" -21,3115000";"55,4588500"
"202000024679";"17";"2";"2020";"11:25";"1";"974";"97416";"2";"9";"1";"2";"RECHERCHANT(RUE ADRIEN)";" -21,2871000";"55,4817200"
"202000024680";"18";"2";"2020";"17:10";"1";"974";"97411";"2";"1";"1";"1";"Rue Lory les bas";" -20,8877970";"55,4822930"
"202000024681";"17";"2";"2020";"12:50";"1";"974";"97411";"2";"1";"1";"2";"JAURES (BOULEVARD JEAN)";" -20,9024900";"55,5020800"
"202000024682";"13";"2";"2020";"12:40";"1";"974";"97411";"1";"1";"1";"2";"Route de la Montagne";" -20,8854130";"55,4389600"
"202000024683";"11";"2";"2020";"07:40";"1";"974";"97411";"2";"1";"1";"2";"JAURES (BLD 1 JEAN)";" -20,8887555";"55,4475367"
"202000024684";"10";"2";"2020";"16:20";"1";"974";"97411";"2";"1";"1";"4";"Boulevard Jean Jaures";" -20,8996200";"55,4800100"
"202000024685";"17";"2";"2020";"16:30";"1";"974";"97407";"2";"3";"1";"1";"BANVILLE(RUELLE)";" -20,9399700";"55,2961700"
"202000024686";"14";"2";"2020";"21:22";"5";"973";"97302";"2";"6";"1";"3";"KET TAI (CARREFOUR)";"4,9371471";" -52,3260677"
"202000024687";"13";"2";"2020";"15:30";"1";"973";"97302";"2";"1";"1";"3";"MADELEINE (ROUTE DE LA)";"4,9356506";" -52,3259497"
"202000024688";"10";"2";"2020";"07:50";"1";"973";"97302";"1";"9";"1";"3";"MONTABO (ROUTE DE) 2";"4,9317170";" -52,2905231"
"202000024689";"10";"2";"2020";"06:00";"1";"973";"97302";"2";"1";"1";"2";"CATAYEE (JUSTIN)";"4,9393864";" -52,3306060"
"202000024690";"18";"2";"2020";"20:15";"3";"69";"69387";"2";"1";"1";"6";"BERGES DU RHONE";"45,7388000";"4,8251000"
"202000024691";"18";"2";"2020";"16:50";"1";"69";"69387";"2";"1";"1";" -1";"JACQUES MONOD                       (R )";"45,7305500";"4,8288300"
"202000024692";"18";"2";"2020";"17:45";"2";"69";"69383";"2";"1";"1";"6";"FELIX FAURE                         (AV)";"45,7538640";"4,8611498"
"202000024693";"18";"2";"2020";"08:30";"1";"69";"69388";"2";"1";"8";"3";"JEAN CHEVALIER                      (R )";"45,7347500";"4,8615200"
"202000024694";"17";"2";"2020";"14:10";"1";"69";"69259";"2";"2";"2";"3";"IRENE JOLIOT CURIE                  (BD)";"45,7143000";"4,8794000"
"202000024695";"17";"2";"2020";"08:45";"1";"69";"69387";"2";"1";"1";"6";"JEAN MACE                           (PL)";"45,7460400";"4,8417500"
"202000024696";"17";"2";"2020";"08:10";"2";"69";"69383";"2";"2";"1";"1";"VILLETTE (DE LA)                    (R )";"45,7607000";"4,8616000"