"Num_Acc";"jour";"mois";"an";"hrmn";"lum";"dep";"com";"agg";"int";"atm";"col";"adr";"lat";"long"
"202000024889";"8";"9";"2020";"01:45";"3";"78";"78551";"1";"2";"1";"2";"RD 308";"48,9394360";"2,0760630"
"202000024890";"7";"9";"2020";"16:55";"1";"77";"77337";"2";"6";"1";"6";"SALVADOR ALLENDE (BOULEVARD)";"48,8511200";"2,6211200"
"202000024891";"5";"9";"2020";"09:05";"1";"76";"76540";"2";"3";"1";"3";"AMIENS. RUE D'";"49,4401900";"1,1027200"
"202000024892";"6";"9";"2020";"04:00";"5";"76";"76351";"2";"2";"1";"2";"MARECHAL JOFFRE (RUE)";"49,4996000";"0,1227400"
"202000024893";"6";"9";"2020";"00:55";"5";"76";"76351";"2";"2";"1";"7";"REPUBLIQUE (COURS DE LA)";"49,5000000";"0,1298000"
"202000024894";"6";"9";"2020";"13:50";"1";"74";"74012";"2";"6";"1";"3";"ROMAGNY (RUE DE)";"46,1953670";"6,2436420"
"202000024895";"3";"9";"2020";"11:00";"1";"73";"73008";"2";"3";"1";"3";"LEPIC BOULEVARD";"45,6782340";"5,9046710"
"202000024896";"7";"9";"2020";"13:50";"1";"72";"72181";"2";"3";"1";"3";"VAL DE LOIR (RUE DU)";"47,9727500";"0,2045600"
"202000024897";"7";"9";"2020";"08:40";"1";"72";"72181";"2";"2";"1";"3";"COPERNIC (RUE)";"48,0148000";"0,1756300"
"202000024898";"7";"9";"2020";"07:30";"2";"72";"72181";"2";"1";"1";"3";"LIBERATION (AV DE LA) N° PAIRS 2 A 122";"48,0148000";"0,1756300"
"202000024899";"7";"9";"2020";"07:30";"1";"69";"69266";"2";"2";"1";"3";"4 AOUT 1789    (Rue du)";"45,7647600";"4,8830400"
"202000024900";"6";"9";"2020";"01:10";"5";"69";"69266";"2";"1";"1";"6";"EUGENE REGUILLON     (Boulevard)";"45,7626000";"4,8995100"
"202000024901";"4";"9";"2020";"18:28";"1";"66";"66136";"2";"1";"1";"3";"JOFFRE (AVENUE DU MARECHAL CD 88)";"42,7181200";"2,8872400"
"202000024902";"7";"9";"2020";"18:37";"1";"64";"64102";"2";"1";"1";"2";"SOULT (AVENUE MARECHAL)";"43,4852200";" -1,4935000"
"202000024903";"7";"9";"2020";"10:41";"1";"63";"63113";"2";"4";"1";"4";"AGRICULTURE (AVENUE DE L')";"45,7788000";"3,1264900"
"202000024904";"5";"9";"2020";"17:49";"1";"63";"63113";"2";"1";"1";" -1";"SARDOU (RUE VICTORIEN)";"45,8101200";"3,1231000"
"202000024905";"5";"9";"2020";"20:00";"1";"56";"56162";"1";"6";"1";"7";"KERSCOUET";"47,7096700";" -3,4387200"
"202000024906";"5";"9";"2020";"11:55";"1";"56";"56098";"2";"6";"1";"2";"Rue Andreï Sakharov";"47,7774700";" -3,3442000"
"202000024907";"5";"9";"2020";"08:25";"1";"56";"56121";"2";"3";"1";"3";"MULLER ( DU COLONEL JEAN )";"47,7623400";" -3,3907500"
"202000024908";"7";"9";"2020";"08:10";"1";"54";"54578";"2";"1";"1";"6";"MULLER (AVENUE PAUL)";"48,6586000";"6,1177300"
"202000024909";"5";"9";"2020";"20:19";"2";"54";"54526";"2";"6";"1";"3";"FRATERNITE (RUE DE LA)";"48,6934200";"6,2119300"
"202000024910";"4";"9";"2020";"18:55";"1";"51";"51172";"2";"6";"1";"7";"Boulevard d’Alsace Lorraine";"49,2175379";"4,0458165"
"202000024911";"5";"9";"2020";"09:55";"1";"50";"50602";"2";"2";"1";"3";"NORTHEIM (AVENUE DE)";"49,6440000";" -1,5811300"
"202000024912";"5";"9";"2020";"04:50";"3";"49";"49015";"1";"1";"1";"6";"MEIGNANNE ROUTE DE LA";"47,4993300";" -0,6197300"
"202000024913";"5";"9";"2020";"19:30";"1";"49";"49007";"2";"6";"1";"2";"CHAMBRE AUX DENIERS RUE ET CHEM";"47,4657100";" -0,6023900"
"202000024914";"7";"9";"2020";"13:50";"1";"45";"45075";"2";"6";"1";"7";"Route d’Orléans";"47,8916400";"1,8429000"
"202000024915";"4";"9";"2020";"09:10";"1";"44";"44184";"2";"6";"1";"3";"EUROPE (BOULEVARD DE L')";"47,2819900";" -2,2038400"
"202000024916";"3";"9";"2020";"17:45";"1";"44";"44184";"2";"9";"1";"3";"COMMANDIERES (CHEMIN DES)";"47,2878300";" -2,2553400"
"202000024917";"7";"9";"2020";"11:05";"1";"42";"42187";"2";"6";"1";"3";"Rue Pierre Dépierre";"46,0316600";"4,0761700"
"202000024918";"4";"9";"2020";"22:55";"5";"41";"41018";"2";"1";"1";"2";"SAINT-JEAN (QUAI)";"47,5897600";"1,3416400"
"202000024919";"7";"9";"2020";"22:10";"5";"37";"37261";"2";"2";"1";"3";"TONNELLE (BOULEVARD)";"47,3836741";"0,6682866"
"202000024920";"7";"9";"2020";"08:17";"1";"37";"37261";"2";"1";"1";"3";"JEMMAPES (RUE)";"47,4182324";"0,6837280"
"202000024921";"7";"9";"2020";"18:40";"1";"35";"35238";"2";"3";"1";"1";"LORIENT (DE)";"48,1086500";" -1,6991700"
"202000024922";"7";"9";"2020";"18:20";"1";"35";"35238";"2";"2";"1";"6";"21 Boulevard de la Tour d'Auvergne";"48,1053590";" -1,6844526"
"202000024923";"7";"9";"2020";"16:25";"1";"35";"35278";"2";"6";"1";"6";"AUGE DE PIERRE (ROND POINT DE L')";"48,1363100";" -1,6920200"
"202000024924";"31";"8";"2020";"19:05";"1";"33";"33063";"2";"3";"1";"6";"AVE DE LA REPUBLIQUE CAUD";"44,8400400";" -0,6016700"
"202000024925";"28";"8";"2020";"18:55";"1";"33";"33063";"2";"3";"1";"3";"RUE DE L'ECOLE NORMALE CAUD";"44,8477600";" -0,6019300"
"202000024926";"7";"9";"2020";"11:05";"1";"31";"31555";"2";"1";"1";"1";"AV DE FRONTON";"43,6365000";"1,4333000"
"202000024927";"5";"9";"2020";"15:00";"1";"31";"31555";"2";"1";"1";"3";"AV ETIENNE BILLIERES";"43,5966100";"1,4241500"
"202000024928";"4";"9";"2020";"18:15";"1";"31";"31555";"2";"1";"1";"6";"AV FRANCOIS COLLIGNON";"43,6174000";"1,4449100"
"202000024929";"4";"9";"2020";"16:00";"1";"31";"31555";"2";"1";"1";"2";"RTE DE BAYONNE";"43,6078700";"1,3947900"
"202000024930";"7";"9";"2020";"13:40";"1";"30";"30189";"1";"1";"1";"2";"POULX (ROUTE DE)";"43,8678300";"4,4057500"
"202000024931";"7";"9";"2020";"18:05";"1";"29";"29232";"2";"6";"9";"6";"Rue de Pont-l'Abbe";"47,9913000";" -4,1171900"
"202000024932";"7";"9";"2020";"08:10";"1";"28";"28085";"1";"9";"7";"6";"EIFFEL (RUE GUSTAVE)";"48,4466000";"1,5372000"
"202000024933";"7";"9";"2020";"17:00";"1";"27";"27375";"2";"3";"1";"1";"PACY (ROUTE DE)";"49,2009600";"1,1857900"
"202000024934";"7";"9";"2020";"04:40";"5";"27";"27375";"2";"6";"8";"6";"SAINT PIERRE (ROUTE DE)";"49,2238000";"1,1811700"
"202000024935";"7";"9";"2020";"17:25";"1";"25";"25056";"2";"1";"1";"3";"Rue de la Grette";"47,2274500";"6,0081500"
"202000024936";"6";"9";"2020";"12:30";"1";"17";"17333";"2";"1";"1";"4";"SUZAC (AVENUE DE)";"45,5890900";" -0,9866000"
"202000024937";"7";"9";"2020";"07:57";"1";"17";"17274";"2";"1";"1";" -1";"GRANDE RUE   RUE";"46,1522190";" -1,1029800"
"202000024938";"6";"9";"2020";"10:15";"1";"14";"14366";"2";"1";"1";"3";"GUIZOT (RUE)";"49,1470164";"0,2093851"
"202000024939";"5";"9";"2020";"18:45";"1";"14";"14366";"2";"1";"1";"6";"PAUL CORNU ( RD48 RUE)";"49,1585916";"0,2220029"
"202000024940";"7";"9";"2020";"12:20";"1";"14";"14118";"2";"1";"1";"6";"CHERON (AVENUE HENRI)";"49,1723790";" -0,3958620"
"202000024941";"5";"9";"2020";"20:45";"5";"13";"13054";"2";"9";"1";"6";"8 MAI 1945 (AV DU )";"43,4109340";"5,2102330"
"202000024942";"7";"9";"2020";"16:30";"1";"13";"13213";"2";"2";"1";"3";"FRAIS VALLON (AVENUE)";"43,3251000";"5,4233000"
"202000024943";"7";"9";"2020";"19:05";"1";"13";"13063";"2";"9";"1";"6";"LITTORAL RUE DU";"43,5741000";"5,0052000"
"202000024944";"29";"8";"2020";"23:45";"5";"11";"11262";"2";"3";"1";"3";"FABRE (RUE D'EGLANTINE)";"43,1808100";"3,0099000"
"202000024945";"5";"9";"2020";"15:30";"1";"08";"08105";"2";"1";"1";"6";"NIVELET E.";"49,7800000";"4,7000000"
"202000024946";"7";"9";"2020";"08:09";"1";"06";"06069";"2";"1";"1";"2";"LIBERATION (AVENUE DE LA)";"43,6474050";"6,9132620"
"202000024947";"7";"9";"2020";"05:30";"5";"06";"06027";"2";"1";"1";" -1";"OUVEA ROND POINT DES GENDARMES D'";"43,6702930";"7,1252670"
"202000024948";"5";"9";"2020";"10:22";"1";"05";"05061";"2";"6";"1";"6";"FOREST D'ENTRAIS ( RUE  DU )";"44,5638500";"6,0841400"
"202000024949";"2";"9";"2020";"15:25";"1";"02";"02691";"2";"1";"1";"6";"SCHUMAN (AV. ROBERT)";"49,8590300";"3,2918200"
"202000024950";"7";"9";"2020";"15:20";"1";"75";"75120";"2";"1";"1";"3";"PORTE DES LILAS";"48,8755560";"2,4099530"
"202000024951";"6";"9";"2020";"18:25";"1";"75";"75115";"2";"1";"1";"7";"PORTE DE VERSAILLES";"48,8304880";"2,2851770"
"202000024952";"5";"9";"2020";"15:15";"1";"75";"75118";"2";"1";"1";"3";"PORTE DE CLIGNANCOURT";"48,9008150";"2,3399170"
"202000024953";"5";"9";"2020";"14:56";"1";"75";"75113";"2";"1";"1";"3";"PORTE DE GENTILLY";"48,8163680";"2,3444100"
"202000024954";"7";"9";"2020";"18:20";"1";"75";"75119";"2";"1";"1";"6";"RUE RIQUET";"48,8888200";"2,3728470"
"202000024955";"7";"9";"2020";"18:30";"1";"75";"75118";"2";"3";"8";"6";"BOULEVARD DE CLICHY";"48,8826420";"2,3369070"
"202000024956";"7";"9";"2020";"17:15";"1";"75";"75118";"2";"1";"1";" -1";"RUE LEIBNIZ";"48,8958060";"2,3294090"
"202000024957";"6";"9";"2020";"15:05";"1";"75";"75118";"2";"2";"1";"6";"BOULEVARD BARBES";"48,8883510";"2,3495830"
"202000024958";"7";"9";"2020";"10:00";"1";"75";"75117";"2";"7";"1";"3";"PLACE DE CLICHY";"48,8834700";"2,3271600"
"202000024959";"7";"9";"2020";"14:30";"1";"75";"75116";"2";"3";"1";"3";"AVENUE DE NEW YORK";"48,8641940";"2,3001280"
"202000024960";"7";"9";"2020";"17:55";"1";"75";"75113";"2";"2";"1";"3";"BOULEVARD DE L HOPITAL";"48,8331740";"2,3566790"
"202000024961";"7";"9";"2020";"11:20";"1";"75";"75113";"2";"2";"1";"6";"BOULEVARD SAINT MARCEL";"48,8384190";"2,3570490"
"202000024962";"7";"9";"2020";"09:30";"1";"75";"75112";"2";"1";"1";"3";"AVENUE DE SAINT MANDE";"48,8447800";"2,4045080"
"202000024963";"7";"9";"2020";"21:00";"5";"75";"75110";"2";"5";"1";" -1";"RUE DU HUIT MAI 1945";"48,8761990";"2,3578880"
"202000024964";"7";"9";"2020";"18:25";"1";"75";"75110";"2";"2";"1";"3";"BOULEVARD DE MAGENTA";"48,8705280";"2,3611960"
"202000024965";"7";"9";"2020";"03:27";"5";"75";"75109";"2";"7";"1";"3";"PLACE DU HAVRE";"48,8755810";"2,3265970"
"202000024966";"7";"9";"2020";"19:20";"1";"75";"75102";"2";"3";"1";"3";"BOULEVARD POISSONNIERE";"48,8708650";"2,3467230"
"202000024967";"6";"9";"2020";"19:50";"2";"75";"75104";"2";"2";"1";"3";"RUE MORNAY";"48,8495090";"2,3656250"
"202000024968";"4";"9";"2020";"11:00";"1";"94";"94043";"2";"1";"1";" -1";"FONTAINEBLEAU (AV DE)";"48,8136400";"2,3614400"
"202000024969";"7";"9";"2020";"09:30";"1";"94";"94065";"1";"1";"1";"1";"JUMEAUX (VOI DES)";"48,7412000";"2,3410660"
"202000024970";"7";"9";"2020";"11:20";"1";"94";"94060";"2";"1";"1";"6";"MARECHAL HORTIER (AV DU)";"48,7904800";"2,5759600"
"202000024971";"7";"9";"2020";"18:00";"1";"94";"94018";"2";"1";"1";"3";"MARIUS DELCHER (R)";"48,8284700";"2,3993700"
"202000024972";"7";"9";"2020";"16:15";"1";"94";"94018";"2";"1";"1";"5";"CARRIERES (QU DES)";"48,8192800";"2,4073500"
"202000024973";"7";"9";"2020";"20:30";"5";"94";"94017";"2";"1";"1";"3";"STALINGRAD (BD DE)";"48,8170000";"2,5095000"
"202000024974";"5";"9";"2020";"02:35";"3";"94";"94004";"2";"1";"1";"1";"AV DU GENERAL LECLERC";"48,7426100";"2,5131100"
"202000024975";"7";"9";"2020";"17:30";"1";"93";"93064";"2";"3";"1";"3";"KENNEDY (AVENUE DU PRESIDENT)";"48,8785900";"2,4897200"
"202000024976";"7";"9";"2020";"06:23";"5";"93";"93055";"2";"1";"1";"6";"GENERAL LECLERC(AVE DU)(43/87 ET 78/120)";"48,8969315";"2,4033589"
"202000024977";"7";"9";"2020";"15:00";"1";"93";"93008";"2";"1";"1";"3";"VAILLANT COUTURIER (AVENUE PAUL)";"48,9088200";"2,4503900"
"202000024978";"7";"9";"2020";"15:17";"1";"93";"93046";"2";"3";"1";"3";"CHARLES DE GAULLE AVENUE";"48,9165000";"2,5315500"
"202000024979";"1";"9";"2020";"18:35";"1";"93";"93008";"2";"1";"1";"6";"VAILLANT COUTURIER (AVENUE PAUL)";"48,9105133";"2,4422050"
"202000024980";"7";"9";"2020";"17:00";"1";"93";"93005";"2";"1";"1";"2";"LEON JOUHAUX (RUE)";"48,9534431";"2,4829688"
"202000024981";"7";"9";"2020";"06:50";"2";"93";"93001";"2";"3";"1";"3";"LUCIEN LEFRANC (QUAI)";"48,9117400";"2,3733900"
"202000024982";"7";"9";"2020";"06:58";"1";"92";"92048";"2";"1";"1";"3";"VERDUN (AVENUE DE)";"48,8180810";"2,2478110"
"202000024983";"5";"9";"2020";"17:00";"1";"92";"92036";"2";"3";"1";"3";"FOSSE BLANC (RUE DU) (1/145)";"48,9221920";"2,3061360"
"202000024984";"7";"9";"2020";"12:50";"1";"92";"92035";"2";"7";"1";"2";"Verdun 1916 ( avenue de )";"48,9067100";"2,2383600"
"202000024985";"7";"9";"2020";"08:40";"1";"92";"92036";"2";"1";"1";" -1";"avenue d'Argenteuil";"48,9365432";"2,2596270"
"202000024986";"7";"9";"2020";"07:40";"1";"92";"92024";"2";"1";"1";"3";"JEAN JAURES (BD) DE 47 A 109)   (56 A 14";"48,9039906";"2,3029822"
"202000024987";"4";"9";"2020";"19:20";"1";"92";"92004";"2";"1";"1";"1";"HENRI POINCARE";"48,9321212";"2,2746353"
"202000024988";"4";"9";"2020";"19:20";"1";"92";"92009";"2";"1";"1";"6";"CHARLES CHEFSON ( RUE )";"48,9197861";"2,2715975"
"202000024989";"7";"9";"2020";"07:30";"1";"22";"22050";"2";"1";"1";"7";"Rue Thiers";"48,4555980";" -2,0492400"
"202000024990";"8";"9";"2020";"09:10";"1";"37";"37074";"2";"2";"7";"2";"Rue des Ecoles";"47,2462871";"0,1625377"
"202000024991";"5";"8";"2020";"20:15";"1";"68";"68249";"1";"1";"1";"6";"Route des Basses Huttes";"48,1175850";"7,1438530"
"202000024992";"7";"9";"2020";"14:20";"1";"51";"51298";"1";"1";"1";"1";"D18";"49,0234684";"3,7011711"
"202000024993";"7";"9";"2020";"16:40";"1";"972";"97232";"2";"1";"1";"3";"N6";"14,5418700";" -60,8431490"
"202000024994";"15";"8";"2020";"16:09";"1";"67";"67179";"1";"1";"1";"7";"D102";"48,7072370";"7,3473372"
"202000024995";"5";"9";"2020";"20:35";"2";"14";"14732";"1";"1";"1";"6";"D153";"49,3228110";" -0,7236650"
"202000024996";"8";"9";"2020";"08:10";"1";"77";"77162";"1";"2";"1";"2";"Chemin Departemental de la Ferte sous Jouarre";"48,8764290";"3,1920000"
"202000024997";"5";"9";"2020";"12:20";"1";"51";"51380";"2";"1";"1";"1";"Avenue Charles de Gaulle";"48,8727422";"3,5336315"
"202000024998";"8";"9";"2020";"16:00";"1";"56";"56119";"1";"1";"1";"6";"ZI de Poulvern";"47,7264290";" -3,0810200"
"202000024999";"7";"8";"2020";"13:15";"1";"93";"93057";"2";"1";"1";"2";"BRIAND (AV. ARISTIDE) 2 A 132";"48,9084771";"2,4988487"
"202000025000";"7";"8";"2020";"17:40";"1";"93";"93007";"2";"2";"1";"3";"AV PAUL VAILLANT COUTURIER";"48,9294800";"2,4807900"
"202000025001";"7";"8";"2020";"09:30";"1";"93";"93001";"2";"1";"1";"3";"HENRI BARBUSSE (RUE) => 95/102";"48,9087168";"2,3905089"
"202000025002";"7";"8";"2020";"07:45";"1";"93";"93001";"2";"2";"1";"3";"MOUTIER (RUE DU)  => 15/36";"48,9152985";"2,3788048"
"202000025003";"7";"8";"2020";"11:10";"1";"92";"92073";"2";"1";"1";"2";"PONT DE SURESNES";"48,8671700";"2,2284400"
"202000025004";"7";"8";"2020";"19:50";"1";"92";"92051";"2";"1";"1";"3";"BINEAU (BOULEVARD, N°133 A 217 ET 134 A";"48,8924173";"2,2688311"
"202000025005";"7";"8";"2020";"03:28";"5";"92";"92040";"2";"1";"1";"7";"VOLTAIRE";"48,8262216";"2,2801210"
"202000025006";"21";"7";"2020";"17:45";"1";"92";"92025";"2";"1";"1";"7";"AGENT SARRE (AV DE L')";"48,9240174";"2,2616031"
"202000025007";"7";"8";"2020";"19:30";"1";"92";"92019";"2";"1";"1";"6";"DE VINCI LEONARD (AVENUE)";"48,7659800";"2,2505400"
"202000025008";"7";"8";"2020";"19:15";"1";"54";"54109";"1";"1";"1";"7";"RN57 sens EPINAL-NANCY PK53";"48,5485040";"6,1969760"
"202000025009";"6";"7";"2020";"18:25";"1";"87";"87178";"2";"3";"7";"3";"1 Chemin des Contamines";"45,8871160";"1,3940830"
"202000025010";"8";"8";"2020";"02:30";"4";"22";"22094";"2";"1";"1";"7";"Rue de la Mettrie";"48,5913190";" -2,1473870"
"202000025011";"8";"8";"2020";"15:20";"1";"76";"76628";"1";"9";"1";"7";"A29";"49,6408840";"1,0214710"
"202000025012";"8";"8";"2020";"09:30";"1";"71";"71543";"1";"1";"1";"5";"Autoroute A6, PK 359+200, sens Paris-Lyon";"46,5500708";"4,9096656"
"202000025013";"7";"8";"2020";"17:10";"1";"972";"97220";"1";"1";"1";"1";"Préfontaine";"14,5122400";" -60,9070550"
"202000025014";"8";"8";"2020";"18:50";"1";"01";"01153";"1";"1";"1";"5";"D984c";"46,3006500";"6,0452270"
"202000025015";"29";"7";"2020";"07:50";"1";"83";"83087";"1";"1";"1";" -1";"d560";"43,3755000";"5,7819530"
"202000025016";"7";"8";"2020";"16:45";"1";"56";"56078";"1";"2";"7";"3";"Rue de Saint-maurice";"47,7949230";" -3,5089780"
"202000025017";"8";"8";"2020";"01:00";"4";"74";"74103";"1";"1";"1";"7";"Route du Fayet";"45,9098500";"6,6587130"
"202000025018";"8";"8";"2020";"10:40";"1";"76";"76755";"1";"3";"7";"3";"D926";"49,6883890";"0,5450730"
"202000025019";"6";"8";"2020";"10:10";"1";"80";"80013";"2";"1";"1";"6";"2 Avenue du General Leclerc";"49,9651420";"1,9429120"
"202000025020";"7";"8";"2020";"23:00";"5";"82";"82187";"1";"1";"1";"3";"senils";"44,1629200";"1,9013210"
"202000025021";"8";"8";"2020";"03:00";"3";"33";"33261";"2";"1";"1";"6";"Malydure";"44,9679560";" -0,1040480"
"202000025022";"8";"8";"2020";"10:15";"1";"71";"71178";"2";"1";"1";"6";"Grande Rue";"46,3608140";"4,4822849"
"202000025023";"8";"8";"2020";"15:15";"1";"89";"89201";"1";"1";"1";"1";"D203";"47,8769736";"3,6301684"
"202000025024";"29";"7";"2020";"23:45";"3";"61";"61402";"1";"1";"1";"6";"D924";"48,7150270";" -0,2919530"
"202000025025";"7";"8";"2020";"21:45";"3";"61";"61314";"1";"1";"1";"1";"D958";"48,7684630";" -0,0547760"
"202000025026";"7";"8";"2020";"21:00";"2";"49";"49086";"1";"9";"1";"7";"la tannerie";"47,2249890";" -0,4229310"
"202000025027";"8";"8";"2020";"08:15";"1";"42";"42149";"1";"2";"1";"6";"Route de Saint Etienne";"45,6281110";"4,2446120"
"202000025028";"7";"8";"2020";"18:10";"1";"86";"86148";"1";"1";"7";"5";"D4";"46,3627740";"0,3135400"
"202000025029";"7";"8";"2020";"20:45";"2";"39";"39124";"1";"1";"1";"6";"N/A";"46,8300210";"5,4633540"
"202000025030";"8";"8";"2020";"12:00";"1";"39";"39381";"1";"3";"1";"2";"N/A";"46,7728050";"5,9675860"
"202000025031";"6";"8";"2020";"21:15";"2";"44";"44014";"1";"1";"7";"2";"route Départementale 137 lieu-dit ""toufou""";"47,1240490";" -1,4966780"
"202000025032";"6";"8";"2020";"01:35";"3";"31";"31324";"1";"1";"1";"6";"D817";"43,1880077";"0,9854821"
"202000025033";"8";"8";"2020";"17:50";"1";"01";"01068";"1";"1";"1";"2";"Départementale 1084";"46,0780830";"5,4761700"
"202000025034";"7";"8";"2020";"17:30";"1";"66";"66049";"2";"1";"1";"2";"1 Boulevard Jean Moulin";"42,4896590";"2,7522450"
"202000025035";"8";"8";"2020";"18:45";"2";"06";"06138";"1";"1";"1";"3";"Avenue de la Cote d'Azur";"43,4949740";"6,9450650"
"202000025036";"7";"8";"2020";"13:10";"1";"05";"05182";"1";"1";"1";"6";"D985a";"44,8254310";"6,1393350"
"202000025037";"8";"8";"2020";"16:00";"1";"05";"05068";"1";"3";"1";"3";"D900b";"44,4914390";"6,0799880"
"202000025038";"7";"8";"2020";"17:10";"1";"50";"50419";"1";"1";"1";"3";"D971";"48,9899050";" -1,4683910"
"202000025039";"8";"8";"2020";"00:45";"3";"60";"60155";"1";"1";"1";"7";"Rue de Maysel";"49,2612230";"2,3539070"
"202000025040";"3";"8";"2020";"19:00";"1";"45";"45200";"1";"2";"1";"6";"D108 PR 13 + 150";"47,7193480";"2,0202180"
"202000025041";"7";"8";"2020";"17:30";"1";"64";"64035";"1";"3";"1";"1";"Route de Saint Pee";"43,4368670";" -1,5510520"
"202000025042";"7";"8";"2020";"18:35";"1";"43";"43204";"1";"1";"1";"6";"RD 18";"45,1799190";"4,4495490"
"202000025043";"24";"7";"2020";"16:15";"1";"36";"36035";"1";"1";"1";"6";"La Maison Neuve";"46,4512375";"1,2921617"
"202000025044";"7";"8";"2020";"21:30";"2";"36";"36069";"1";"1";"1";"6";"La Bremaudiere";"47,0819840";"1,3258640"
"202000025045";"8";"8";"2020";"05:15";"3";"16";"16164";"1";"1";"1";"6";"Lieu dit Les Landes";"46,0705760";"0,5940310"
"202000025046";"6";"8";"2020";"11:05";"1";"40";"40046";"2";"9";"1";"6";"avenue Alphonse Daudet";"44,3988270";" -1,1627910"
"202000025047";"8";"8";"2020";"07:00";"1";"24";"24229";"2";"1";"1";"3";"11 Avenue de Brive";"45,1292990";"1,2273250"
"202000025048";"7";"8";"2020";"20:15";"1";"85";"85182";"2";"1";"1";"6";"53 Avenue des Moulins";"46,7836340";" -0,8418150"
"202000025049";"27";"7";"2020";"15:45";"1";"27";"27470";"2";"3";"1";"3";"Grande Rue";"49,3342010";"1,2735930"
"202000025050";"8";"8";"2020";"04:45";"3";"30";"30006";"1";"1";"1";"3";"RN113";"43,6967660";"4,1727450"
"202000025051";"6";"8";"2020";"07:45";"1";"48";"48107";"1";"1";"1";"1";"D808";"44,5200250";"3,3057310"
"202000025052";"6";"8";"2020";"07:20";"1";"06";"06085";"1";"1";"1";"6";"1024 Avenue du Général de Gaulle";"43,6111410";"7,0081510"
"202000025053";"4";"8";"2020";"01:00";"3";"33";"33284";"1";"1";"1";"6";"A660";"44,6232200";" -0,8659890"
"202000025054";"7";"8";"2020";"17:26";"1";"51";"51507";"1";"1";"7";"2";"A4";"49,0725306";"4,8800390"
"202000025055";"7";"8";"2020";"18:40";"1";"21";"21606";"1";"1";"1";"2";"A31";"47,0530050";"4,9022840"
"202000025056";"8";"8";"2020";"03:58";"3";"34";"34321";"1";"1";"1";"6";"A9 PK 84+761";"43,6809126";"4,0410719"
"202000025057";"7";"8";"2020";"19:50";"1";"45";"45028";"2";"1";"7";"2";"D925 PR 10 + 720";"47,7808520";"1,6343020"
"202000025058";"7";"8";"2020";"19:15";"1";"95";"95308";"1";"1";"7";"3";"D927";"49,0999340";"2,1248460"
"202000025059";"7";"8";"2020";"16:37";"1";"66";"66065";"2";"1";"1";"7";"20 Route de Latour-bas-elne";"42,6024430";"2,9778290"
"202000025060";"8";"8";"2020";"08:30";"1";"83";"83115";"1";"1";"1";"5";"D25";"43,4035980";"6,5792600"
"202000025061";"8";"8";"2020";"16:45";"1";"05";"05181";"1";"1";"1";"3";"D1091";"45,0458020";"6,3317890"
"202000025062";"8";"8";"2020";"10:25";"1";"26";"26325";"1";"1";"1";"4";"Autoroute du Soleil";"45,2758300";"4,8280510"
"202000025063";"7";"8";"2020";"23:00";"3";"25";"25009";"1";"1";"1";"6";"LES PÂQUIERS";"47,2573830";"6,3263330"
"202000025064";"7";"8";"2020";"17:50";"1";"71";"71339";"1";"2";"1";"1";"D25";"46,3851700";"4,3270200"
"202000025065";"8";"8";"2020";"11:20";"1";"38";"38412";"1";"1";"1";"6";"RD 520 B";"45,3578600";"5,7565360"
"202000025066";"6";"8";"2020";"09:00";"1";"26";"26037";"1";"3";"1";"5";"Route de Crest";"44,8984780";"4,9407420"
"202000025067";"4";"8";"2020";"17:15";"1";"69";"69069";"2";"1";"1";"3";"Voie Romaine";"45,7506890";"4,7407240"
"202000025068";"7";"8";"2020";"15:30";"1";"09";"09002";"1";"1";"1";"6";"D625";"43,0121790";"1,8877600"
"202000025069";"8";"8";"2020";"06:15";"2";"79";"79088";"2";"1";"1";"6";"Rue du Soleil Levant";"46,8050750";" -0,3529470"
"202000025070";"7";"8";"2020";"17:26";"1";"49";"49301";"1";"1";"7";"7";"N/A";"47,1112320";" -1,0484650"
"202000025071";"31";"7";"2020";"17:15";"1";"14";"14577";"1";"1";"1";"7";"D35";"49,2742450";" -0,5804510"
"202000025072";"8";"8";"2020";"12:30";"1";"29";"29181";"1";"1";"1";"1";"D770 - Route de Quimper";"48,4707620";" -4,2788480"
"202000025073";"7";"8";"2020";"15:25";"1";"22";"22277";"1";"1";"1";"1";"le foyer";"48,3635055";" -2,8360193"
"202000025074";"8";"8";"2020";"09:20";"1";"02";"02791";"1";"9";"1";"3";"D1044";"49,5366410";"3,7484840"
"202000025075";"8";"8";"2020";"08:55";"1";"59";"59011";"2";"2";"7";"6";"Rue Roger Salengro";"50,5280051";"2,9333516"
"202000025076";"7";"8";"2020";"15:55";"1";"13";"13071";"1";"1";"1";" -1";"A7-Sens Marseille vers Lyon";"43,4088410";"5,2867870"
"202000025077";"6";"8";"2020";"19:10";"1";"13";"13211";"1";"1";"1";"4";"A50-Sens Aubagne vers Marseille";"43,2872700";"5,5039100"
"202000025078";"2";"8";"2020";"18:02";"1";"13";"13033";"1";"1";"1";"2";"A55-Sens Martigues vers Marseille";"43,3741700";"5,1967400"
"202000025079";"7";"8";"2020";"12:40";"1";"33";"33167";"1";"1";"1";"5";"ROUTE NATIONALE 230";"44,8397800";" -0,5014500"
"202000025080";"6";"8";"2020";"18:50";"1";"59";"59599";"1";"1";"1";"6";"A22";"50,7290530";"3,1252810"
"202000025081";"7";"8";"2020";"03:45";"3";"78";"78646";"1";"1";"1";"2";"RN12";"48,7898300";"2,1249000"
"202000025082";"6";"8";"2020";"19:35";"5";"974";"97416";"2";"3";"1";"3";"LEBLOND 1 (RUE MARIUS ET ARY)";" -21,3377500";"55,4748300"
"202000025083";"6";"8";"2020";"14:20";"1";"974";"97416";"1";"1";"1";"7";"GAGARINE (RUE YOURI)";" -21,3271100";"55,4786400"