"Num_Acc";"jour";"mois";"an";"hrmn";"lum";"dep";"com";"agg";"int";"atm";"col";"adr";"lat";"long"
"202000025084";"6";"8";"2020";"21:15";"5";"974";"97409";"2";"1";"1";"6";"ILE DE FRANCE(AVENUE)";" -20,9590700";"55,6504000"
"202000025085";"6";"8";"2020";"17:55";"1";"69";"69386";"2";"1";"1";"3";"GRANDE BRETAGNE (DE)                (AV)";"45,7752100";"4,8429000"
"202000025086";"6";"8";"2020";"11:05";"1";"69";"69387";"2";"1";"1";"3";"TONY GARNIER                        (AV)";"45,7266496";"4,8317635"
"202000025087";"6";"8";"2020";"08:45";"1";"69";"69388";"2";"1";"1";"2";"FRERES LUMIERE (DES)                (AV)";"45,7446143";"4,8682845"
"202000025088";"6";"8";"2020";"15:25";"1";"972";"97213";"2";"1";"1";"3";"ALBERT CAMUS (RUE)";"14,6180800";" -60,9918900"
"202000025089";"6";"8";"2020";"10:10";"1";"972";"97213";"2";"1";"1";"4";"ROUTE DEPARTEMENTALE 3";"14,6294861";" -60,9901428"
"202000025090";"6";"8";"2020";"06:50";"1";"972";"97213";"2";"1";"2";"6";"BOIS CARRE (RUE DU)";"14,6329464";" -60,9941483"
"202000025091";"6";"8";"2020";"21:20";"5";"69";"69286";"2";"9";"1";"1";"NATIONS (DES)                       (AV)";"45,8212000";"4,9072000"
"202000025092";"6";"8";"2020";"13:40";"1";"69";"69381";"2";"3";"1";"3";"GENERAL GIRAUD (DU)                 (CO)";"45,7709254";"4,8167816"
"202000025093";"6";"8";"2020";"00:30";"5";"69";"69389";"2";"1";"1";"6";"JAYR                                (QU)";"45,7740150";"4,8089050"
"202000025094";"6";"8";"2020";"18:05";"1";"2A";"2A004";"2";"1";"1";"2";"SARTENE ANCIENNE ROUTE";"41,9297350";"8,7647565"
"202000025095";"6";"8";"2020";"15:05";"1";"95";"95555";"2";"3";"1";"1";"LECLERC (RUE DU GENERAL)";"48,9662750";"2,2920250"
"202000025096";"6";"8";"2020";"20:15";"1";"91";"91286";"1";"1";"1";"2";"TUILERIES (AVENUE DES)";"48,6520700";"2,3975600"
"202000025097";"29";"7";"2020";"20:30";"2";"91";"91114";"2";"1";"1";"6";"BRIE (ROUTE DE)";"48,7072100";"2,5236300"
"202000025098";"5";"8";"2020";"23:57";"5";"87";"87085";"2";"3";"1";"3";"DUMAS (AVENUE GEORGES)";"45,8260300";"1,2680500"
"202000025099";"31";"7";"2020";"23:40";"5";"86";"86194";"2";"1";"1";"1";"Chemin de Tison";"46,5749810";"0,3388860"
"202000025100";"5";"8";"2020";"13:20";"1";"85";"85194";"2";"2";"1";"3";"Boulevard de Castelnau";"46,4953800";" -1,7766800"
"202000025101";"1";"8";"2020";"13:45";"1";"83";"83137";"2";"1";"1";"6";"15EME CORPS (AVE DU)";"43,1279400";"5,9171100"
"202000025102";"6";"8";"2020";"04:50";"5";"76";"76217";"2";"1";"1";"6";"GAMBETTA (AVENUE)";"49,9219900";"1,0732200"
"202000025103";"6";"8";"2020";"08:00";"1";"72";"72181";"2";"1";"1";"2";"WASHINGTON GEORGES (PL)";"47,9952600";"0,2029500"
"202000025104";"7";"11";"2020";"22:25";"1";"974";"97407";"2";"1";"1";"3";"JACQUES DUCLOS (RUE) - RIVIERE DES GAL  ";" -20,9615000";"55,3170600"
"202000025105";"4";"8";"2020";"19:30";"1";"72";"72181";"2";"2";"1";"3";"SEMARD PIERRE (RUE)";"47,9724400";"0,2020800"
"202000025106";"7";"11";"2020";"19:00";"4";"973";"97302";"2";"6";"1";"3";"FELIX EBOUE(ROCADE)";"4,9246500";" -52,3232100"
"202000025107";"5";"8";"2020";"13:25";"1";"71";"71309";"1";"1";"1";"1";"D680";"46,7971762";"4,3929559"
"202000025108";"7";"11";"2020";"10:50";"1";"973";"97302";"2";"3";"1";"3";"HENRI QUINTRIE(RUE)";"4,9320003";" -52,3337281"
"202000025109";"6";"8";"2020";"15:13";"1";"69";"69266";"2";"2";"1";"3";"REPUBLIQUE   (Cours de la)";"45,7673200";"4,8738100"
"202000025110";"7";"11";"2020";"07:34";"1";"973";"97302";"2";"1";"1";"3";"CATAYEE (JUSTIN)";"4,9380556";" -52,3302841"
"202000025111";"7";"11";"2020";"11:00";"1";"69";"69387";"2";"1";"1";"3";"GERLAND (DE)                        (R )";"45,7321200";"4,8389100"
"202000025112";"6";"8";"2020";"12:45";"1";"69";"69029";"2";"2";"1";"3";"GENAS (DE)                          (RO)";"45,7484467";"4,9176011"
"202000025113";"7";"11";"2020";"15:45";"1";"972";"97209";"2";"4";"1";"3";"RAOUL FOLLEREAU (AVENUE)";"14,6117300";" -61,0454300"
"202000025114";"29";"7";"2020";"16:45";"1";"69";"69264";"2";"3";"1";"3";"MONPLAISIR";"45,9937000";"4,7231200"
"202000025115";"6";"11";"2020";"13:00";"1";"95";"95585";"2";"1";"1";"2";"DIVISION LECLERC (AVENUE DE LA)";"48,9826250";"2,3704620"
"202000025116";"3";"8";"2020";"09:20";"1";"69";"69091";"2";"3";"1";"3";"HONORE PETETIN ( R )";"45,5907900";"4,7732800"
"202000025117";"2";"11";"2020";"16:25";"1";"91";"91421";"2";"1";"2";"5";"NATIONALE 6 (CES POMPIDOU)";"48,6936900";"2,4481000"
"202000025118";"6";"8";"2020";"13:10";"1";"67";"67482";"2";"1";"1";"2";"HOPITAL (ROUTE DE L )";"48,5727680";"7,7503530"
"202000025119";"7";"11";"2020";"19:30";"5";"91";"91687";"2";"2";"1";"6";"HUSSON (BOULEVARD)";"48,6785230";"2,3822140"
"202000025120";"6";"8";"2020";"11:40";"1";"67";"67482";"2";"1";"1";"5";"RHIN (AVENUE DU)";"48,5718250";"7,7498658"
"202000025121";"5";"8";"2020";"11:20";"1";"67";"67482";"2";"1";"1";"3";"PRESIDENT WILSON (BOULEVARD)";"48,5891000";"7,7405000"
"202000025122";"6";"6";"2020";"12:15";"1";"09";"09167";"2";"7";"1";"6";"14 Avenue de Toulouse";"43,2787710";"1,3473490"
"202000025123";"3";"11";"2020";"19:40";"5";"80";"80001";"2";"1";"3";"6";"REPUBLIQUE (de la)";"50,1113900";"1,8369500"
"202000025124";"5";"8";"2020";"17:20";"1";"66";"66136";"2";"1";"1";"2";"Départementale 914";"42,6645100";"2,9061400"
"202000025125";"6";"11";"2020";"19:00";"3";"79";"79081";"2";"1";"1";"2";"Route de Paris";"46,3427700";" -0,3811500"
"202000025126";"7";"6";"2020";"16:40";"1";"60";"60464";"2";"2";"8";"3";"route de la Jacquerie";"49,3775990";"2,4807750"
"202000025127";"4";"8";"2020";"17:00";"1";"64";"64024";"2";"2";"1";"3";"BAB (BOULEVARD DU)";"43,4873530";" -1,5364774"
"202000025128";"6";"11";"2020";"20:00";"5";"71";"71270";"2";"2";"1";"3";"INTERSECTION RUE DE SOLUTRE- AV P DENAVE";"46,3011769";"4,8182808"
"202000025129";"7";"6";"2020";"10:20";"1";"31";"31022";"2";"1";"1";"3";"46 Route de Fronton";"43,6711270";"1,4272890"
"202000025130";"6";"8";"2020";"00:30";"5";"62";"62193";"2";"1";"1";"1";"CHEVAL GRIS (RUE DU)";"50,9386000";"1,8525700"
"202000025131";"6";"6";"2020";"02:10";"3";"31";"31189";"1";"1";"1";"6";"D28";"43,4310720";"1,0620210"
"202000025132";"5";"8";"2020";"03:45";"3";"60";"60175";"2";"1";"1";"6";"N/A";"49,2673000";"2,4848000"
"202000025133";"7";"11";"2020";"11:25";"1";"68";"68376";"2";"1";"7";"3";"Rue d’Ensisheim";"47,8224700";"7,3399500"
"202000025134";"31";"7";"2020";"14:15";"1";"59";"59328";"1";"1";"1";"6";"LILLE RUE DE";"50,6489000";"3,0463400"
"202000025135";"7";"6";"2020";"13:30";"1";"972";"97214";"2";"1";"1";"6";"Macédoine";"14,8101310";" -61,0726550"
"202000025136";"4";"11";"2020";"16:45";"1";"62";"62667";"2";"9";"1";"6";"HUGUET ( Rue Auguste )";"50,7228080";"1,5877820"
"202000025137";"5";"8";"2020";"22:40";"5";"59";"59574";"2";"1";"1";"6";"SALENGRO ROGER(RUE)";"50,3716900";"3,2802100"
"202000025138";"6";"6";"2020";"19:15";"5";"972";"97207";"2";"1";"1";"1";"Lourdes";"14,5726450";" -60,9644810"
"202000025139";"2";"8";"2020";"12:15";"1";"57";"57672";"2";"2";"1";"6";"GUENTRANGE (ROUTE DE) 1 A 93";"49,3601800";"6,1571100"
"202000025140";"7";"11";"2020";"13:30";"1";"60";"60463";"1";"9";"1";"7";"RD 1016 PIERRE BLANCHE";"49,2758600";"2,4855400"
"202000025141";"7";"6";"2020";"09:50";"1";"972";"97227";"1";"1";"1";"2";"RN5, Quartier Desert";"14,4705600";" -60,9468320"
"202000025142";"4";"8";"2020";"13:25";"1";"56";"56162";"1";"4";"1";"3";"Boulevard de l'Atlantique";"47,7233040";" -3,4846000"
"202000025143";"7";"11";"2020";"15:35";"1";"60";"60057";"2";"2";"1";"3";"PICARDIE (AVENUE DE)";"49,4430800";"2,0854000"
"202000025144";"27";"5";"2020";"17:00";"1";"51";"51476";"1";"1";"1";"7";"D977";"49,0244130";"4,4131738"
"202000025145";"7";"11";"2020";"18:55";"5";"59";"59599";"2";"1";"1";"6";"GAND (RUE DE)";"50,7333380";"3,1611200"
"202000025146";"6";"8";"2020";"10:20";"1";"54";"54395";"2";"1";"1";"4";"ARC (RUE JEANNE D' N°53 A 189-60 A 175)";"48,6810075";"6,1751559"
"202000025147";"7";"6";"2020";"15:55";"1";"58";"58086";"2";"1";"1";"7";"Rue du Colonel Rabier";"47,4040430";"2,9229300"
"202000025148";"25";"10";"2020";"12:50";"1";"53";"53130";"2";"1";"3";"6";"GRENOUX ( RUE DE )";"48,0774400";" -0,7898600"
"202000025149";"7";"6";"2020";"20:10";"1";"83";"83043";"1";"1";"1";" -1";"Route des Maures";"43,2307590";"6,2556620"
"202000025150";"8";"6";"2020";"07:30";"2";"62";"62677";"1";"1";"2";"6";"D928";"50,3361731";"2,0266825"
"202000025151";"7";"11";"2020";"16:55";"1";"45";"45208";"2";"1";"1";"6";"COCHERY (RUE ADOLPHE)";"48,0000000";"2,7400000"
"202000025152";"4";"8";"2020";"18:34";"1";"54";"54116";"2";"3";"1";"2";"RD400";"48,5912100";"6,5332600"
"202000025153";"31";"5";"2020";"16:30";"1";"62";"62908";"1";"1";"7";"2";"N42";"50,7327340";"1,7242960"
"202000025154";"7";"11";"2020";"16:25";"1";"37";"37261";"2";"1";"1";"7";"BORDIERS (RUE DES)";"47,4130338";"0,6799159"
"202000025155";"6";"8";"2020";"11:50";"1";"51";"51454";"2";"6";"1";"7";"Rue André Chaillot";"49,2879235";"4,0244312"
"202000025156";"3";"6";"2020";"16:30";"1";"78";"78465";"2";"1";"1";"3";"12 Place des Halles";"48,8388010";"1,7012310"
"202000025157";"6";"8";"2020";"11:30";"1";"51";"51454";"2";"1";"1";"2";"Avenue General Bonaparte";"49,2298828";"4,0073478"
"202000025158";"7";"11";"2020";"19:40";"3";"34";"34172";"2";"1";"2";"5";"TOULOUSE (AVENUE DE";"43,5852300";"3,8512000"
"202000025159";"6";"11";"2020";"21:30";"3";"34";"34129";"2";"1";"2";" -1";"MAUGUIO (ROUTE DE)";"43,5744520";"3,9223390"
"202000025160";"6";"6";"2020";"19:30";"1";"78";"78465";"2";"4";"1";"3";"1 Grande Rue";"48,8359230";"1,7019450"
"202000025161";"6";"8";"2020";"07:51";"1";"51";"51454";"2";"1";"1";"2";"Avenue Nationale";"49,2840940";"4,0101774"
"202000025162";"7";"11";"2020";"18:05";"5";"33";"33063";"2";"1";"1";"5";"RUE DOMION CAUD";"44,8567100";" -0,6246400"
"202000025163";"8";"6";"2020";"12:20";"1";"2B";"2B077";"1";"1";"3";"5";"T10";"42,4732130";"9,4854550"
"202000025164";"6";"11";"2020";"12:08";"1";"21";"21054";"2";"1";"1";"3";"17 Rue Colbert";"47,0259640";"4,8466420"
"202000025165";"5";"8";"2020";"19:40";"1";"51";"51454";"2";"1";"1";"4";"Boulevard Paul Doumer";"49,2516759";"4,0214363"
"202000025166";"7";"6";"2020";"16:15";"1";"65";"65107";"2";"1";"8";"7";"CHEMIN DU BAYET";"43,1082359";" -0,0020195"
"202000025167";"7";"11";"2020";"16:45";"2";"13";"13214";"2";"1";"2";"6";"PLOMBIERES (BOULEVARD DES)";"43,3177330";"5,3809670"
"202000025168";"7";"11";"2020";"16:30";"2";"13";"13209";"2";"1";"1";"6";"ROMAIN ROLLAND (BOULEVARD)";"43,2726680";"5,4115680"
"202000025169";"5";"8";"2020";"19:15";"1";"49";"49328";"2";"1";"1";"3";"DOLMEN (ROND-POINT DU)";"47,2465900";" -0,0936000"
"202000025170";"7";"6";"2020";"12:15";"1";"33";"33071";"2";"1";"1";"1";"Route de Cabara";"44,8323400";" -0,1768490"
"202000025171";"7";"11";"2020";"13:30";"1";"11";"11069";"2";"1";"2";"6";"VERGES MICHEL";"43,2288000";"2,3415700"
"202000025172";"5";"8";"2020";"12:30";"1";"49";"49007";"2";"1";"1";"3";"MAIL";"47,4725800";" -0,5574200"
"202000025173";"6";"6";"2020";"21:20";"3";"63";"63453";"1";"1";"1";"6";"D340";"45,7608723";"3,2703088"
"202000025174";"6";"8";"2020";"09:00";"1";"40";"40088";"2";"1";"1";"6";"CROIX BLANCHE (RUE DE LA)";"43,7058000";" -1,0372900"
"202000025175";"5";"8";"2020";"20:10";"1";"38";"38185";"2";"1";"1";"6";"Avenue la Bruyère";"45,1672200";"5,7406200"
"202000025176";"6";"8";"2020";"16:30";"1";"37";"37261";"2";"1";"1";"6";"HEURTELOUP (BOULEVARD)";"47,3936488";"0,7026999"
"202000025177";"6";"8";"2020";"14:15";"1";"35";"35238";"2";"9";"1";"3";"BULGARIE (BD DE)";"48,0845000";" -1,6508000"
"202000025178";"7";"11";"2020";"17:20";"5";"75";"75120";"2";"2";"1";"3";"RUE BELGRAND";"48,8647950";"2,4013170"
"202000025179";"6";"8";"2020";"00:30";"3";"35";"35281";"2";"3";"1";"6";"162 Rue de la Pilate";"48,0875000";" -1,7004000"
"202000025180";"7";"11";"2020";"21:50";"5";"75";"75119";"2";"2";"1";"2";"RUE ARCHEREAU";"48,8910820";"2,3737380"
"202000025181";"6";"8";"2020";"06:40";"1";"34";"34172";"2";"1";"1";"2";"LIBERTE (AVENUE DE LA";"43,6089153";"3,8531937"
"202000025182";"7";"11";"2020";"17:40";"3";"75";"75115";"2";"1";"1";"7";"SOUTERRAIN CITROEN CEVENNES";"48,8450980";"2,2763350"
"202000025183";"6";"8";"2020";"16:10";"1";"33";"33200";"2";"6";"1";"3";"RUE DE LA MORANDIERE";"44,8585700";" -0,6775000"
"202000025184";"6";"8";"2020";"08:45";"1";"33";"33167";"2";"1";"1";"6";"221 Avenue Pasteur - Arrêt de Bus Rosa Park ";"44,8415200";" -0,5306200"
"202000025185";"6";"8";"2020";"20:45";"1";"33";"33009";"2";"1";"1";"7";"GOELANDS (AVE DES)";"44,6572700";" -1,1941100"
"202000025186";"5";"8";"2020";"21:00";"5";"31";"31555";"1";"1";"1";"5";"VA007306 A64";"43,5626000";"1,4177000"
"202000025187";"5";"8";"2020";"13:00";"1";"31";"31555";"2";"1";"1";"6";"RUE DES FRERES LION";"43,5967000";"1,4527300"
"202000025188";"7";"11";"2020";"20:30";"5";"75";"75110";"2";"3";"1";"6";"RUE DE METZ";"48,8706120";"2,3549690"
"202000025189";"7";"6";"2020";"16:55";"1";"46";"46240";"1";"1";"1";"6";"Rocamadour";"44,8075638";"1,6211486"
"202000025190";"6";"8";"2020";"03:16";"5";"29";"29039";"2";"1";"5";"7";"Rue Vauban";"47,8718623";" -3,9160619"
"202000025191";"6";"11";"2020";"19:10";"5";"75";"75109";"2";"2";"1";"3";"BOULEVARD HAUSSMANN";"48,8723780";"2,3374290"
"202000025192";"23";"6";"2020";"14:30";"1";"26";"26198";"2";"1";"1";"6";"12 Rue Saint Gaucher";"44,5602000";"4,7482000"
"202000025193";"30";"5";"2020";"20:00";"1";"46";"46037";"1";"1";"1";"6";"D41";"44,4815040";"1,6502020"
"202000025194";"7";"11";"2020";"21:00";"5";"75";"75101";"2";"1";"1";"7";"RUE DE RIVOLI";"48,8650860";"2,3280230"
"202000025195";"6";"6";"2020";"20:30";"2";"68";"68017";"1";"1";"2";"1";"D419";"47,6271070";"7,1759610"
"202000025196";"7";"11";"2020";"16:10";"1";"93";"93007";"2";"2";"1";"1";"""PAUL VAILLANT COUTURIER (AVENUE """"DU 01";"48,9279294";"2,4743996"
"202000025197";"30";"7";"2020";"08:40";"1";"24";"24145";"1";"9";"1";"2";"N1021 (rocade RN21-D660)";"44,8562100";"0,5372400"
"202000025198";"3";"6";"2020";"12:10";"1";"31";"31045";"1";"6";"2";"3";"Rn125";"43,0281340";"0,6110070"
"202000025199";"7";"6";"2020";"06:11";"2";"38";"38100";"1";"1";"3";"6";"D78a";"45,3822700";"6,0035000"
"202000025200";"7";"11";"2020";"18:10";"5";"92";"92073";"2";"3";"1";"2";"ROOSVELT (AVENUE FRANKLIN)";"48,8742058";"2,2211385"
"202000025201";"29";"7";"2020";"17:20";"1";"22";"22278";"2";"6";"1";"2";"ABERYSTWYTH (RD-PT)";"48,4980000";" -2,7529800"
"202000025202";"8";"6";"2020";"17:15";"1";"72";"72248";"2";"1";"1";" -1";"Impasse des Coemonts";"47,8376170";"0,4313290"
"202000025203";"5";"8";"2020";"15:40";"1";"22";"22278";"2";"1";"1";"5";"MER (BD DE LA)";"48,5210000";" -2,7440000"
"202000025204";"5";"6";"2020";"02:45";"3";"14";"14621";"1";"1";"8";"6";"D272";"49,0531986";"0,3435943"
"202000025205";"7";"11";"2020";"10:30";"1";"92";"92023";"2";"1";"1";"7";"JEAN JAURES (AVENUE) N°57 A 259 ET 64 A";"48,8103835";"2,2696653"
"202000025206";"5";"8";"2020";"19:30";"1";"22";"22187";"1";"2";"7";"3";"ROSAIRES  AVE";"48,5562900";" -2,7648900"
"202000025207";"7";"11";"2020";"00:10";"5";"92";"92019";"2";"1";"1";"7";"SALENGRO ROGER (RUE)";"48,7740345";"2,2769229"
"202000025208";"8";"6";"2020";"07:10";"1";"64";"64448";"1";"6";"1";"6";"D817 - PR 40";"43,3464200";" -0,4775870"
"202000025209";"6";"8";"2020";"10:31";"1";"17";"17415";"2";"3";"1";"3";"JOURDAN AVENUE";"45,7453130";" -0,6134780"
"202000025210";"6";"11";"2020";"13:40";"1";"35";"35120";"1";"1";"1";"3";"La Justice";"48,2123680";" -1,7669180"
"202000025211";"7";"6";"2020";"17:30";"1";"43";"43132";"1";"1";"1";"1";"Le Treuil";"45,1077340";"3,5205710"
"202000025212";"6";"8";"2020";"18:18";"1";"17";"17306";"2";"2";"1";"3";"ROCHEFORT (DE)  (AVENUE)";"45,6314400";" -1,0296900"
"202000025213";"8";"6";"2020";"12:19";"1";"10";"10051";"1";"3";"1";"1";"Rue de l'Hotel de Ville";"48,1862470";"4,0056480"
"202000025214";"7";"11";"2020";"09:45";"1";"95";"95487";"2";"1";"1";"6";"77 Avenue Gaston Vermeire";"49,1517310";"2,2748620"
"202000025215";"7";"8";"2020";"00:00";"5";"13";"13212";"2";"2";"1";"3";"COMTESSE (BOULEVARD DE LA)";"43,3151320";"5,4474040"
"202000025216";"8";"11";"2020";"08:50";"1";"45";"45239";"1";"1";"1";"7";"Le Bois des Noues ";"47,8925720";"2,6318480"
"202000025217";"7";"8";"2020";"00:50";"5";"13";"13208";"2";"1";"1";"7";"JOSEPH VIDAL (AVENUE)";"43,2528000";"5,3800000"
"202000025218";"6";"8";"2020";"19:50";"1";"13";"13203";"2";"1";"1";"6";"HOCHE (RUE)";"43,3091400";"5,3748400"
"202000025219";"7";"6";"2020";"14:15";"1";"21";"21646";"1";"5";"1";"3";"D16";"47,3811120";"4,7727010"
"202000025220";"7";"11";"2020";"21:15";"3";"34";"34199";"2";"6";"1";" -1";"A75";"43,4442840";"3,4171450"
"202000025221";"6";"8";"2020";"14:45";"1";"13";"13208";"2";"1";"1";"3";"PRADO (AVENUE DU)";"43,2686170";"5,3853190"
"202000025222";"20";"5";"2020";"19:00";"1";"40";"40022";"1";"2";"1";"1";"D2";"43,6697570";" -0,3319340"
"202000025223";"7";"11";"2020";"18:35";"5";"30";"30141";"2";"1";"2";"7";"Rue de Boulogne";"44,1006800";"4,6486760"
"202000025224";"5";"8";"2020";"16:20";"1";"13";"13204";"2";"3";"1";"1";"MARX DORMOY (RUE)";"43,3009300";"5,3963570"
"202000025225";"7";"11";"2020";"19:45";"3";"51";"51535";"1";"1";"1";"3";"N4";"48,7201995";"3,7649363"
"202000025226";"7";"6";"2020";"17:55";"1";"04";"04081";"1";"1";"1";"4";"RD 315";"43,7608820";"5,9556410"
"202000025227";"6";"8";"2020";"19:35";"1";"13";"13028";"2";"3";"1";"3";"CROZET (AVENUE LOUIS )";"43,1770260";"5,6023840"
"202000025228";"7";"6";"2020";"18:40";"1";"85";"85234";"2";"3";"1";"2";"120 Rue des Sables";"46,7900200";" -2,0370200"
"202000025229";"5";"8";"2020";"12:55";"1";"12";"12202";"2";"1";"1";"1";"GARE (RUE DE LA)";"44,3614900";"2,5803600"
"202000025230";"7";"6";"2020";"17:45";"1";"85";"85297";"2";"9";"1";"6";"Rue des Anciens Combattants";"46,3932330";" -1,2013510"
"202000025231";"8";"11";"2020";"14:55";"1";"55";"55124";"2";"2";"1";"3";"D964";"49,2875070";"5,2869730"
"202000025232";"6";"8";"2020";"22:00";"5";"12";"12145";"2";"3";"1";"3";"PONT LEROUGE (AVENUE DU)";"44,0934252";"3,0747739"
"202000025233";"7";"11";"2020";"20:10";"3";"34";"34051";"1";"1";"1";"6";"D2";"43,6048520";"3,4779020"
"202000025234";"8";"11";"2020";"19:30";"5";"25";"25127";"2";"1";"1";"1";"6 Place de l'Hotel de Ville";"47,2130680";"6,8240390"
"202000025235";"8";"6";"2020";"17:55";"1";"27";"27174";"1";"1";"1";"1";"Avenue Robert Planquette";"49,3450097";"0,5791920"
"202000025236";"5";"8";"2020";"09:55";"1";"11";"11069";"2";"1";"1";"6";"Avenue du Président Franklin Roosevelt ";"43,2248200";"2,3334000"
"202000025237";"5";"8";"2020";"19:13";"1";"10";"10060";"2";"1";"1";"1";"CHASSE ST MARTIN (RUE)";"48,2569300";"4,0953100"
"202000025238";"7";"6";"2020";"10:45";"1";"17";"17101";"1";"1";"1";"4";"rd  121";"45,9845280";" -0,3410050"
"202000025239";"4";"11";"2020";"20:00";"5";"31";"31135";"2";"1";"1";"3";"Rue du Docteur Vaillant";"43,2045110";"1,0777440"
"202000025240";"5";"8";"2020";"18:17";"1";"10";"10387";"2";"6";"1";"3";"WOOD ET WEST (RUE)";"48,3000000";"4,0833300"
"202000025241";"5";"8";"2020";"07:30";"1";"09";"09122";"2";"1";"1";"6";"20 (R.N.) COTE NORD DU TUNNEL";"43,0041240";"1,6140690"
"202000025242";"5";"8";"2020";"12:30";"1";"04";"04112";"2";"6";"1";"3";"RP av Jean Moulin / av des Savels";"43,8271800";"5,7813700"
"202000025243";"5";"6";"2020";"16:00";"1";"17";"17024";"1";"1";"2";"7";"Chante Oiseau";"46,0493630";" -0,3703810"
"202000025244";"8";"11";"2020";"03:15";"3";"31";"31375";"1";"1";"1";"6";"La Terrasse";"43,1917980";"1,2203350"
"202000025245";"7";"11";"2020";"18:10";"2";"31";"31091";"1";"1";"1";" -1";"D63g";"43,7191990";"1,4033000"
"202000025246";"2";"8";"2020";"12:41";"1";"03";"03185";"2";"2";"1";"3";"Avenue Général de Gaulle";"46,3459668";"2,6089849"
"202000025247";"6";"11";"2020";"13:15";"1";"58";"58204";"1";"1";"1";"1";"Champaudon";"47,0769380";"3,2538420"
"202000025248";"6";"8";"2020";"16:00";"1";"75";"75106";"2";"7";"1";"3";"PLACE SAINT MICHEL";"48,8537540";"2,3442810"
"202000025249";"8";"11";"2020";"11:30";"1";"83";"83135";"1";"1";"2";"2";"D554";"43,5853980";"6,0151810"
"202000025250";"6";"8";"2020";"13:29";"1";"75";"75118";"2";"2";"7";"1";"RUE CUSTINE";"48,8888160";"2,3465700"
"202000025251";"8";"11";"2020";"02:10";"5";"45";"45015";"2";"1";"1";"6";"Route de Boissy le Girard";"48,2749070";"2,1312870"
"202000025252";"6";"8";"2020";"17:55";"1";"75";"75117";"2";"1";"1";"3";"RUE DE ROME";"48,8865260";"2,3157890"
"202000025253";"7";"11";"2020";"22:45";"3";"18";"18140";"1";"1";"1";"6";"D75";"47,1632030";"1,9792900"
"202000025254";"5";"8";"2020";"23:35";"5";"75";"75113";"2";"2";"1";"3";"BOULEVARD MASSENA";"48,8240390";"2,3770070"
"202000025255";"6";"8";"2020";"10:25";"1";"75";"75112";"2";"1";"1";"6";"RUE VILLIOT";"48,8411050";"2,3744220"
"202000025256";"6";"8";"2020";"14:25";"1";"75";"75111";"2";"1";"1";"6";"RUE MORAND";"48,8694330";"2,3758240"
"202000025257";"8";"11";"2020";"16:30";"1";"10";"10316";"1";"1";"1";"6";"départementale 441";"48,5272070";"3,9998820"
"202000025258";"7";"6";"2020";"14:15";"1";"88";"88182";"2";"1";"8";"1";"12 Route de Beulay";"48,2960210";"7,0682000"
"202000025259";"6";"8";"2020";"10:15";"1";"75";"75111";"2";"4";"1";"6";"BOULEVARD VOLTAIRE";"48,8650530";"2,3679650"
"202000025260";"6";"8";"2020";"20:10";"1";"75";"75110";"2";"1";"1";"3";"RUE DE L AQUEDUC";"48,8833780";"2,3660450"
"202000025261";"6";"8";"2020";"08:10";"1";"75";"75107";"2";"1";"1";"6";"PORT DES INVALIDES";"48,8631350";"2,3143150"
"202000025262";"6";"8";"2020";"11:40";"1";"75";"75104";"2";"2";"1";"7";"PONT AU CHANGE";"48,8572370";"2,3471100"
"202000025263";"7";"6";"2020";"15:25";"1";"18";"18005";"1";"1";"1";"7";"A71";"47,1739600";"2,1788790"
"202000025264";"6";"8";"2020";"21:30";"5";"94";"94017";"2";"1";"1";"2";"REPUBLIQUE (AV DE LA)";"48,8226600";"2,5105130"
"202000025265";"8";"6";"2020";"09:47";"1";"01";"01089";"2";"1";"1";"2";"550 Rue Jean Mermoz";"45,9767450";"5,3186490"
"202000025266";"7";"11";"2020";"08:55";"1";"07";"07031";"1";"9";"1";"3";"N/A";"44,3685190";"4,2051750"
"202000025267";"6";"8";"2020";"17:40";"1";"94";"94004";"2";"2";"1";"3";"SABLONS (R DES)";"48,7630000";"2,4997200"
"202000025268";"7";"11";"2020";"15:30";"1";"30";"30008";"1";"1";"8";"6";"D7";"44,1870180";"4,2354490"
"202000025269";"8";"11";"2020";"13:15";"1";"71";"71063";"2";"3";"1";"3";"15 Route d'Autun";"46,8669992";"4,2948166"
"202000025270";"7";"11";"2020";"17:40";"2";"69";"69241";"1";"3";"1";"2";"3080 Route de Ravel";"45,6265700";"4,7218900"
"202000025271";"6";"8";"2020";"12:20";"1";"93";"93078";"2";"2";"1";"3";"NATIONS (AVENUE DES)";"48,9727021";"2,5123300"
"202000025272";"8";"11";"2020";"10:15";"1";"33";"33262";"1";"2";"7";"1";"Avenue de la Liberation";"44,9939020";" -0,6104120"
"202000025273";"6";"8";"2020";"18:00";"1";"93";"93078";"2";"1";"1";"3";"VAILLANT-COUTURIER (AVENUE PAUL)";"48,9572974";"2,5341371"
"202000025274";"6";"8";"2020";"09:30";"1";"93";"93048";"2";"1";"1";"3";"BD CHANZY";"48,8584600";"2,4328400"
"202000025275";"5";"6";"2020";"20:00";"1";"76";"76484";"1";"1";"1";"6";"A139";"49,3527490";"1,0335730"
"202000025276";"18";"10";"2020";"20:20";"3";"56";"56023";"1";"1";"1";"6";"Rue du Manoir";"47,7149710";" -3,0165280"
"202000025277";"6";"8";"2020";"20:00";"1";"93";"93071";"2";"3";"1";"6";"ROGER LE MANER (RUE)";"48,9379059";"2,5297649"