"Num_Acc";"jour";"mois";"an";"hrmn";"lum";"dep";"com";"agg";"int";"atm";"col";"adr";"lat";"long"
"202000025278";"6";"8";"2020";"16:00";"1";"93";"93046";"2";"1";"1";"4";"LUCIE AUBRAC AVENUE";"48,9309567";"2,5463044"
"202000025279";"6";"8";"2020";"07:55";"1";"93";"93032";"2";"1";"7";"6";"AV JEAN JAURES";"48,8828000";"2,5261000"
"202000025280";"6";"8";"2020";"11:15";"1";"93";"93057";"2";"3";"1";"3";"JAURES (AV. JEAN) 1 A 123";"48,9058588";"2,5007444"
"202000025281";"5";"8";"2020";"06:30";"2";"93";"93008";"2";"1";"1";"2";"VAILLANT COUTURIER (AVENUE PAUL)";"48,9086348";"2,4509953"
"202000025282";"6";"8";"2020";"17:25";"1";"93";"93005";"2";"1";"1";"2";"JULES PRINCET [CD115] (RUE)";"48,9369000";"2,4976300"
"202000025283";"5";"8";"2020";"22:25";"1";"92";"92072";"2";"1";"1";"3";"VERDUN (AVENUE) (PAIRS 2 A 38)";"48,8115605";"2,2112507"
"202000025284";"4";"6";"2020";"17:10";"1";"974";"97402";"2";"3";"1";"3";"Rue des Letchis";" -21,0012390";"55,6804330"
"202000025285";"6";"8";"2020";"17:00";"1";"92";"92051";"2";"1";"1";"2";"CHARLES DE GAULLE (AVENUE, N° 18 A 116)";"48,8800852";"2,2749735"
"202000025286";"8";"11";"2020";"11:45";"1";"80";"80467";"1";"1";"1";"7";"A1";"49,6742660";"2,7716020"
"202000025287";"4";"6";"2020";"19:00";"5";"973";"97305";"1";"1";"1";"3";"N1";"4,9323800";" -52,4006010"
"202000025288";"5";"8";"2020";"11:39";"1";"92";"92049";"2";"2";"1";"3";"ARNOUX AVENUE MAURICE AUTRES N°";"48,8106920";"2,3078974"
"202000025289";"7";"8";"2020";"00:15";"3";"50";"50496";"1";"1";"1";"6";"Chemin d'Obrey";"48,7222120";" -1,5124870"
"202000025290";"2";"8";"2020";"18:00";"2";"43";"43073";"1";"1";"1";"6";"lieu dit gris";"45,3371090";"3,6467960"
"202000025291";"8";"6";"2020";"15:25";"1";"95";"95446";"1";"4";"1";"3";"ROUTE DE PONTOISE";"49,1263660";"2,1712840"
"202000025292";"7";"8";"2020";"07:20";"2";"43";"43110";"1";"6";"7";"3";"Rond point de Lamothe";"45,3033880";"3,4070490"
"202000025293";"8";"6";"2020";"18:15";"1";"95";"95008";"1";"1";"1";"1";"D983";"49,0714280";"1,7806980"
"202000025294";"29";"10";"2020";"09:20";"1";"13";"13071";"1";"1";"1";"7";"A7-Sens Lyon vers Marseille";"43,4056900";"5,3216800"
"202000025295";"6";"8";"2020";"19:11";"1";"05";"05093";"2";"1";"1";"3";"Roubion";"45,0175620";"6,6321270"
"202000025296";"4";"6";"2020";"17:25";"1";"78";"78503";"2";"9";"1";"1";"11 Route Nationale 15";"49,0724040";"1,5148770"
"202000025297";"8";"6";"2020";"00:20";"5";"2B";"2B042";"1";"1";"8";"6";"T11";"42,5869800";"9,4395290"
"202000025298";"7";"11";"2020";"22:55";"3";"33";"33122";"1";"1";"2";"6";"AUTOROUTE A 63";"44,7395900";" -0,7126400"
"202000025299";"8";"6";"2020";"08:10";"1";"30";"30156";"2";"2";"1";"3";"Av de Paris Charles de Gaulle";"43,8633910";"4,4446780"
"202000025300";"7";"11";"2020";"12:20";"1";"91";"91377";"1";"1";"1";"4";"RD 188";"48,7231500";"2,2769800"
"202000025301";"7";"11";"2020";"10:00";"1";"92";"92036";"1";"1";"1";"6";"AUTOROUTE A15";"48,9378879";"2,2976661"
"202000025302";"7";"6";"2020";"22:40";"3";"84";"84054";"1";"1";"1";"1";"Route de Carpentras";"43,9372600";"5,0621070"
"202000025303";"7";"11";"2020";"07:00";"3";"93";"93005";"1";"1";"1";"7";"AUTOROUTE A3";"48,9631778";"2,4743679"
"202000025304";"8";"6";"2020";"11:50";"1";"83";"83063";"2";"1";"1";"3";"D558";"43,3126260";"6,4712260"
"202000025305";"6";"11";"2020";"15:45";"1";"988";"98818";"2";"2";"1";"3";"RUE GEORGES CLEMENCEAURUE AUGUSTE BRUN";" -22,2767000";"166,4421500"
"202000025306";"7";"6";"2020";"13:05";"1";"38";"38344";"1";"1";"1";"2";"autoroute A7 pk 14+400 sens Nord/Sud";"45,4025180";"4,8150590"
"202000025307";"31";"10";"2020";"20:40";"5";"987";"98736";"2";"9";"1";"3";"CHARLES DE GAULLE (AV)";" -17,5254450";" -149,5412530"
"202000025308";"8";"6";"2020";"14:30";"1";"79";"79049";"2";"1";"1";"2";"56 Boulevard de Poitiers";"46,8389240";" -0,4849620"
"202000025309";"7";"6";"2020";"13:30";"1";"17";"17225";"2";"1";"1";"1";"Zoo de la Palmyre";"45,6838480";" -1,1638210"
"202000025310";"6";"11";"2020";"07:00";"2";"973";"97302";"2";"6";"1";"3";"BADUEL (ROND POINT DE)";"4,9332500";" -52,3095900"
"202000025311";"7";"6";"2020";"17:45";"1";"86";"86242";"1";"1";"1";"6";"Chemin communal la Gouinerie";"46,2227880";"0,3866830"
"202000025312";"6";"11";"2020";"17:50";"4";"69";"69259";"2";"1";"1";"2";"YVES FARGE                          (R )";"45,7023800";"4,8791800"
"202000025313";"7";"6";"2020";"23:00";"3";"76";"76473";"1";"2";"1";"2";"D490";"49,4861150";"0,7574790"
"202000025314";"6";"11";"2020";"08:05";"1";"972";"97213";"2";"1";"1";"6";"PLACE D'ARMES";"14,6150000";" -60,9940000"
"202000025315";"6";"6";"2020";"11:30";"1";"13";"13211";"1";"1";"1";"5";"A50-Sens Marseille vers Aubagne";"43,2872874";"5,4387107"
"202000025316";"6";"11";"2020";"08:05";"1";"972";"97209";"2";"9";"1";"3";"SIMON BOLIVAR (RUE)";"14,6090700";" -61,0687700"
"202000025317";"7";"6";"2020";"01:36";"3";"91";"91340";"1";"1";"1";"2";"AUTOROUTE A6";"48,5998000";"2,4395500"
"202000025318";"5";"11";"2020";"15:40";"1";"972";"97209";"2";"1";"1";"5";"Bretelle sortie A1";"14,6145300";" -61,0503600"
"202000025319";"7";"6";"2020";"19:10";"1";"95";"95277";"1";"1";"1";"2";" A3";"48,9697100";"2,4811500"
"202000025320";"4";"11";"2020";"08:15";"1";"972";"97209";"2";"1";"1";"2";"BISHOP (Avenue Maurice)";"14,6038000";" -61,0617000"
"202000025321";"23";"2";"2020";"04:30";"5";"06";"06123";"2";"9";"1";"6";"BORD DE MER RN 98";"43,6583000";"7,1862000"
"202000025322";"6";"11";"2020";"16:45";"1";"69";"69381";"2";"1";"1";"6";"ST SEBASTIEN                        (MO)";"45,7715500";"4,8356800"
"202000025323";"6";"11";"2020";"06:45";"2";"69";"69081";"2";"1";"1";"2";"VALVERT                                 ";"45,7667800";"4,7813500"
"202000025324";"17";"2";"2020";"11:50";"1";"27";"27229";"2";"1";"1";"6";"PASTEUR (BOULEVARD)";"49,0282000";"1,1601000"
"202000025325";"6";"11";"2020";"16:03";"1";"2B";"2B120";"1";"1";"1";"1";"CANALE (Chemin de)";"42,6500000";"9,4167000"
"202000025326";"5";"11";"2020";"07:00";"2";"2B";"2B033";"2";"1";"1";"3";"LECLERC - ROND POINT";"42,6660600";"9,4393100"
"202000025327";"6";"6";"2020";"18:35";"1";"69";"69383";"2";"3";"1";"3";"COMMANDANT DUBOIS (DU)              (R )";"45,7600200";"4,8429900"
"202000025328";"5";"11";"2020";"16:50";"2";"971";"97107";"2";"1";"1";"1";"GALBAS (CHEMIN DES )";"16,0481400";" -61,5701200"
"202000025329";"6";"11";"2020";"16:18";"1";"95";"95680";"2";"1";"1";"6";"ERABLES (AVENUE DES)";"49,0011014";"2,3982972"
"202000025330";"5";"6";"2020";"22:30";"5";"972";"97213";"1";"3";"1";"3";"AEROPORT (ROND POINT DE L')";"14,5952000";" -60,9831000"
"202000025331";"6";"11";"2020";"20:15";"5";"95";"95555";"2";"1";"1";"2";"PASTEUR (BOULEVARD)";"48,9670200";"2,2743600"
"202000025332";"3";"11";"2020";"17:35";"2";"87";"87085";"2";"1";"1";" -1";"BEL AIR (BOULEVARD DE)";"45,8181000";"1,2522700"
"202000025333";"4";"11";"2020";"12:12";"1";"87";"87085";"2";"1";"1";"6";"CHURCHILL WINSTON (PLACE)";"45,8310900";"1,2539900"
"202000025334";"6";"11";"2020";"17:00";"1";"85";"85191";"2";"6";"1";"3";"POMPIDOU RUE GEORGES";"46,6709800";" -1,4182900"
"202000025335";"6";"6";"2020";"11:10";"1";"69";"69149";"2";"1";"8";"3";"GRANDE RUE                          (GR)";"45,7126721";"4,8038271"
"202000025336";"6";"6";"2020";"09:59";"1";"69";"69382";"2";"1";"1";"6";"BARRE (DE LA)                       (R )";"45,7576655";"4,8352128"
"202000025337";"5";"11";"2020";"14:25";"1";"84";"84080";"2";"1";"1";"3";"CARPENTRAS ROUTE DE";"44,0391100";"5,0167200"
"202000025338";"6";"6";"2020";"18:55";"5";"971";"97113";"2";"9";"2";"7";"GRAND BAIE ( RN4)";"16,2214200";" -61,5220100"
"202000025339";"5";"11";"2020";"09:30";"1";"80";"80021";"2";"1";"1";"3";"IRLANDE (AVENUE D')";"49,8708600";"2,2951200"
"202000025340";"6";"6";"2020";"10:30";"1";"971";"97113";"1";"1";"3";"3";"RN4 - SECTION RIVIERA";"16,2188705";" -61,5023951"
"202000025341";"4";"11";"2020";"09:10";"1";"80";"80021";"2";"1";"1";"3";"EUROPE (AVENUE DE L')";"49,9226000";"2,3034100"
"202000025342";"6";"6";"2020";"04:30";"2";"971";"97113";"2";"1";"1";"6";"AMEDE CLARA";"16,2054000";" -61,4892000"
"202000025343";"5";"11";"2020";"11:40";"1";"77";"77307";"2";"2";"1";"6";"AVENUE GEORGES POMPIDOU";"48,8602050";"2,7534810"
"202000025344";"5";"6";"2020";"17:15";"1";"971";"97113";"1";"1";"1";"1";"SECTION PLIANE";"16,2171600";" -61,4613900"
"202000025345";"6";"11";"2020";"07:40";"1";"76";"76540";"2";"1";"1";"3";"NEUFCHATEL. ROUTE DE";"49,4530300";"1,0986600"
"202000025346";"6";"6";"2020";"15:20";"1";"2A";"2A004";"2";"2";"1";" -1";"NAPOLEON COURS APRES BEVERINI";"41,9249500";"8,7380355"
"202000025347";"6";"6";"2020";"09:50";"1";"95";"95426";"2";"1";"1";"6";"PARIS (ROUTE DE)";"49,0115900";"2,2857300"
"202000025348";"5";"11";"2020";"21:00";"5";"76";"76351";"2";"2";"1";"3";"MARECHAL JOFFRE (RUE)";"49,4989310";"0,1198750"
"202000025349";"6";"11";"2020";"12:10";"1";"74";"74010";"2";"1";"1";"3";"RHONE (AVENUE DU)";"45,8979690";"6,1155360"
"202000025350";"6";"6";"2020";"14:40";"1";"91";"91174";"2";"1";"1";"6";"strathkelvin (avenue de )";"48,6201270";"2,4620680"
"202000025351";"6";"6";"2020";"19:15";"2";"81";"81004";"2";"1";"1";"3";"FONTANELLE (LIEU DIT)";"43,9434100";"2,1366700"
"202000025352";"20";"10";"2020";"12:25";"1";"73";"73065";"2";"2";"1";"6";"GAULLE (AVENUE GENERAL DE)";"45,5673300";"5,9218000"
"202000025353";"6";"6";"2020";"23:25";"3";"67";"67462";"1";"1";"2";"7";"RD1083";"48,2380926";"7,4252026"
"202000025354";"5";"11";"2020";"15:52";"1";"68";"68066";"1";"1";"1";"3";"BALE ( ROUTE DE)";"48,0498490";"7,3679650"
"202000025355";"6";"6";"2020";"09:45";"1";"64";"64483";"1";"3";"2";"3";"ERROMARDIE (CHEMIN D')";"43,4064900";" -1,6413600"
"202000025356";"6";"11";"2020";"11:30";"1";"67";"67482";"2";"1";"1";"3";"SCHWEIGHAEUSER (RUE)";"48,5875831";"7,7673290"
"202000025357";"4";"11";"2020";"15:15";"1";"67";"67482";"2";"1";"1";"6";"MITTELHAUSBERGEN (ROUTE DE)";"48,5986171";"7,7137147"
"202000025358";"7";"6";"2020";"23:10";"5";"64";"64445";"2";"2";"3";"3";"HAUTERIVE";"43,3248000";" -0,3573000"
"202000025359";"31";"10";"2020";"21:15";"5";"67";"67180";"2";"2";"1";"3";"COLONEL JEAN DE BENOIST (RUE DU)";"48,8075349";"7,7925647"
"202000025360";"2";"6";"2020";"09:10";"1";"62";"62753";"2";"6";"1";"6";"RD 260";"50,2928010";"2,7932310"
"202000025361";"5";"11";"2020";"16:47";"1";"66";"66136";"2";"1";"1";"6";"PERVENCHES (AVENUE DES)";"42,7013600";"2,9047600"
"202000025362";"6";"6";"2020";"16:45";"1";"54";"54547";"2";"6";"1";"2";"LECLERC (AV DU GENERAL) 292 A FIN ET 227";"48,6667246";"6,1662005"
"202000025363";"6";"11";"2020";"18:00";"3";"64";"64445";"1";"1";"1";"3";"HENRI FAISANS";"43,3001375";" -0,3610571"
"202000025364";"6";"11";"2020";"08:45";"1";"64";"64445";"2";"2";"1";"3";"JEAN GENEZE";"43,3193200";" -0,3712100"
"202000025365";"6";"6";"2020";"22:34";"5";"45";"45068";"2";"1";"1";"4";"Rue du Vieux Rang de l'Anglee";"48,0212705";"2,7233631"
"202000025366";"3";"11";"2020";"07:25";"2";"64";"64445";"2";"1";"3";"6";"JEAN MERMOZ";"43,3123910";" -0,3774130"
"202000025367";"29";"10";"2020";"10:05";"1";"64";"64348";"2";"1";"1";"6";"NORD SUD VOIE";"43,3008115";" -0,4102847"
"202000025368";"6";"6";"2020";"17:30";"1";"38";"38185";"2";"1";"1";"3";"Avenue Jean Perrot";"45,1676200";"5,7415100"
"202000025369";"6";"6";"2020";"20:50";"1";"35";"35238";"2";"9";"1";"3";"HAUTES-OURMES (BD DES)";"48,0874000";" -1,6464000"
"202000025370";"6";"6";"2020";"14:20";"1";"35";"35238";"2";"1";"1";"3";"ISLY (RUE D')";"48,1056100";" -1,6775300"
"202000025371";"6";"11";"2020";"10:20";"1";"64";"64102";"2";"6";"8";"2";"PONTOTS (GIRATOIRE LES)";"43,4884800";" -1,4913000"
"202000025372";"4";"11";"2020";"18:25";"5";"64";"64024";"2";"1";"1";"7";"BAYONNE (AVENUE DE)";"43,4810800";" -1,5116100"
"202000025373";"6";"6";"2020";"15:00";"1";"33";"33009";"2";"2";"1";"6";"HERICART DE THURY (CRS)";"44,6607400";" -1,1661300"
"202000025374";"5";"11";"2020";"07:52";"5";"63";"63113";"2";"1";"1";"3";"ORADOU (RUE DE L')";"45,7678940";"3,1187687"
"202000025375";"6";"6";"2020";"08:45";"1";"28";"28110";"1";"9";"1";"1";"VOVES (RUE DE) (D29)";"48,4147300";"1,5053900"
"202000025376";"3";"11";"2020";"08:40";"1";"59";"59569";"2";"1";"1";"6";"VERDUN (RUE DE)";"50,3630000";"3,1143900"
"202000025377";"7";"6";"2020";"00:15";"5";"17";"17300";"2";"1";"1";"1";"GRASSET   AVENUE EDMOND (61-85B)";"46,1633800";" -1,1672900"
"202000025378";"5";"11";"2020";"15:05";"1";"56";"56083";"2";"6";"1";"3";"PARCO ( R-P DU )";"47,7931000";" -3,2655400"
"202000025379";"5";"11";"2020";"07:40";"2";"56";"56083";"2";"4";"1";"2";"PASTEUR ( AVENUE )";"47,8052800";" -3,2869800"
"202000025380";"6";"6";"2020";"11:30";"1";"17";"17200";"2";"6";"1";"2";"MOISY   AVENUE DU RECTEUR PIERR";"46,1735700";" -1,1677600"
"202000025381";"6";"6";"2020";"09:40";"1";"15";"15014";"2";"1";"2";"6";"BLUM (RUE LEON)";"44,9109050";"2,4340150"
"202000025382";"6";"11";"2020";"20:30";"5";"54";"54395";"2";"3";"1";"2";"FOUCAULD (RUE CHARLES DE)";"48,7020377";"6,1824839"
"202000025383";"5";"11";"2020";"15:45";"1";"54";"54184";"2";"2";"7";"3";"BRIGACHTAL (AVENUE DE)";"48,7007680";"6,2245599"
"202000025384";"5";"11";"2020";"13:50";"1";"50";"50129";"2";"1";"1";"6";"BOUGAINVILLE (RUE DE)";"49,6403500";" -1,6436500"
"202000025385";"6";"11";"2020";"12:10";"1";"49";"49328";"2";"6";"1";"1";"CARROUSEL (ROND-POINT DU)";"47,2656900";" -0,0945100"
"202000025386";"6";"6";"2020";"10:25";"1";"14";"14242";"2";"3";"8";"3";"GRACE DE DIEU (RUE DE LA )";"49,2202400";" -0,3711000"
"202000025387";"6";"11";"2020";"09:28";"1";"49";"49007";"2";"1";"1";"2";"ROI RENE BOULEVARD";"47,4689900";" -0,5594900"
"202000025388";"2";"6";"2020";"23:30";"5";"14";"14118";"2";"1";"1";"6";"VENDEUVRE (QUAI)";"49,1830600";" -0,3558900"
"202000025389";"6";"11";"2020";"16:40";"1";"44";"44109";"2";"2";"1";"3";"RUE ROMAIN ROLLAND";"47,2054066";" -1,6065769"
"202000025390";"6";"6";"2020";"22:30";"5";"13";"13209";"2";"1";"1";"6";"MORGIOU (chemin de )";"43,2217300";"5,4242500"
"202000025391";"6";"11";"2020";"15:30";"1";"38";"38185";"2";"2";"1";"1";"Rue des Eaux Claires";"45,1750000";"5,7085900"
"202000025392";"6";"6";"2020";"22:00";"5";"13";"13213";"2";"1";"1";"6";"CROIX ROUGE (AVENUE)";"43,3333800";"5,4398000"
"202000025393";"6";"11";"2020";"20:15";"5";"35";"35238";"2";"1";"1";"3";"ARMORIQUE (BD D')";"48,1312900";" -1,6732700"
"202000025394";"6";"6";"2020";"18:00";"1";"13";"13203";"2";"1";"1";"6";"NATIONAL (BOULEVARD)";"43,3084600";"5,3809900"
"202000025395";"6";"6";"2020";"08:40";"1";"13";"13203";"2";"2";"7";"6";"PLOMBIERES (BOULEVARD DES)";"43,3148300";"5,3892800"
"202000025396";"6";"6";"2020";"02:15";"5";"13";"13203";"2";"1";"1";"2";"FÉLIX PYAT (RUE)";"43,3207000";"5,3747000"
"202000025397";"6";"6";"2020";"22:10";"2";"11";"11069";"2";"9";"1";"2";"DAUMIER HONORE";"43,2115315";"2,3316319"
"202000025398";"6";"11";"2020";"19:45";"3";"35";"35238";"2";"2";"1";"3";"PORTUGAL (BD DU)";"48,0837180";" -1,6748200"
"202000025399";"6";"6";"2020";"06:18";"2";"09";"09122";"2";"1";"1";"6";"CROS (cours Irénée)";"42,9669260";"1,6088770"
"202000025400";"6";"11";"2020";"12:30";"1";"35";"35238";"2";"9";"1";"3";"NITSCH (CARREFOUR GEORGES)";"48,1017900";" -1,6842000"
"202000025401";"6";"11";"2020";"08:35";"1";"35";"35238";"2";"9";"1";"3";"ALMA (DE L')";"48,1016000";" -1,6764400"
"202000025402";"3";"11";"2020";"12:50";"1";"33";"33063";"2";"2";"1";"3";"RUE JUDAIQUE";"44,8407900";" -0,5922600"
"202000025403";"6";"6";"2020";"23:45";"5";"06";"06123";"2";"9";"1";"3";"FAHNESTOCK G. CORNICHE";"43,6700000";"7,1800000"
"202000025404";"6";"6";"2020";"18:17";"1";"05";"05023";"2";"1";"1";"6";"ALPHAND (RUE)";"44,8955600";"6,6345600"
"202000025405";"22";"10";"2020";"19:13";"3";"33";"33063";"2";"2";"2";"1";"AVE ALSACE LORRAINE CAUD";"44,8465700";" -0,6052200"
"202000025406";"3";"6";"2020";"08:25";"1";"75";"75116";"2";"1";"1";"2";"ECHANGEUR MUETTE";"48,8657670";"2,2680760"
"202000025407";"20";"10";"2020";"15:50";"1";"33";"33522";"2";"8";"2";"1";"CRS DE LA LIBERATION";"44,8079000";" -0,5915000"
"202000025408";"3";"6";"2020";"08:40";"1";"75";"75116";"2";"1";"1";"3";"PORTE MAILLOT";"48,8752280";"2,2765120"
"202000025409";"6";"11";"2020";"13:16";"1";"31";"31557";"2";"1";"1";"3";"NEOUVIELLE (RUE DU)";"43,5795500";"1,3149900"
"202000025410";"5";"11";"2020";"17:20";"2";"30";"30007";"2";"1";"1";"6";"GRAMME (RUE)";"44,1406900";"4,1045000"
"202000025411";"6";"6";"2020";"08:23";"1";"75";"75113";"2";"2";"8";"3";"QUAI FRANCOIS MAURIAC";"48,8322340";"2,3797680"
"202000025412";"6";"11";"2020";"08:30";"1";"28";"28085";"2";"3";"1";"6";"FOCH (BOULEVARD DU MARECHAL)";"48,4487200";"1,4926100"
"202000025413";"6";"6";"2020";"17:11";"1";"75";"75119";"2";"2";"1";"6";"RUE DE BELLEVILLE";"48,8728680";"2,3798480"
"202000025414";"6";"6";"2020";"13:00";"1";"75";"75119";"2";"1";"1";"2";"RUE DE CRIMEE";"48,8784150";"2,3908240"
"202000025415";"7";"10";"2020";"16:20";"1";"27";"27229";"2";"1";"1";"6";"QUATORZE JUILLET (BOULEVARD)";"49,0149650";"1,1700000"
"202000025416";"6";"6";"2020";"18:05";"1";"75";"75118";"2";"2";"1";" -1";"RUE MARX DORMOY";"48,8902290";"2,3599840"
"202000025417";"2";"11";"2020";"18:55";"5";"14";"14118";"2";"1";"2";"3";"MONTALIVET (COURS)";"49,1794400";" -0,3381100"
"202000025418";"6";"11";"2020";"10:15";"1";"13";"13019";"2";"9";"1";"1";"CD6";"43,4212130";"5,3673156"
"202000025419";"5";"6";"2020";"20:45";"2";"75";"75118";"2";"5";"1";"6";"RUE DU POTEAU";"48,8972300";"2,3379670"
"202000025420";"1";"8";"2020";"02:10";"5";"13";"13215";"2";"1";"1";"1";"SAINT JOSEPH A SAINT ANTOINE (CHEMIN DE)";"43,3592912";"5,3648633"
"202000025421";"6";"11";"2020";"13:00";"1";"13";"13215";"2";"1";"1";"6";"CAP PINEDE (Avenue)";"43,3281640";"5,3637920"
"202000025422";"6";"11";"2020";"13:30";"1";"13";"13203";"2";"2";"1";"3";"PARIS (BOULEVARD DE)";"43,3072800";"5,3718300"
"202000025423";"6";"6";"2020";"20:10";"1";"75";"75118";"2";"3";"1";"3";"AVENUE DE CLICHY";"48,8853050";"2,3266070"
"202000025424";"6";"6";"2020";"22:30";"5";"75";"75112";"2";"1";"1";"6";"AVENUE DU DOCTEUR ARNOLD NETTER";"48,8467720";"2,4061570"
"202000025425";"5";"11";"2020";"09:05";"1";"13";"13205";"2";"3";"1";"3";"SAINT PIERRE (RUE)";"43,2915773";"5,4100156"
"202000025426";"4";"10";"2020";"22:15";"3";"14";"14120";"1";"1";"3";"6";"Loterot";"49,0770290";" -0,7851040"
"202000025427";"6";"6";"2020";"19:30";"1";"75";"75112";"2";"2";"1";"3";"RUE LOUIS BRAILLE";"48,8397080";"2,4025120"
"202000025428";"5";"11";"2020";"13:00";"1";"10";"10387";"2";"2";"1";"3";"PIERRE BROSSOLETTE (RUE)";"48,2870000";"4,0771000"
"202000025429";"5";"10";"2020";"08:45";"1";"07";"07055";"2";"1";"8";"3";"Avenue de Provence";"44,8622150";"4,8344830"
"202000025430";"6";"11";"2020";"08:05";"1";"06";"06069";"2";"1";"1";"2";"POISSONNIERS (CHEMIN DES)";"43,6545620";"6,9388990"
"202000025431";"30";"9";"2020";"07:10";"5";"40";"40261";"2";"6";"8";"2";"Route de Dax";"43,6875730";" -1,2293260"
"202000025432";"3";"6";"2020";"18:15";"1";"75";"75112";"2";"2";"1";"3";"RUE JOSEPH KESSEL";"48,8349089";"2,3846374"
"202000025433";"6";"11";"2020";"15:15";"1";"06";"06027";"2";"9";"1";"2";"GRASSE AVENUE DE";"43,6601000";"7,1307380"
"202000025434";"4";"11";"2020";"16:15";"1";"75";"75120";"2";"1";"1";"7";"PORTE DE MONTREUIL";"48,8572240";"2,4142340"
"202000025435";"2";"10";"2020";"22:20";"3";"24";"24422";"1";"1";"3";"1";"D4";"45,0097200";"0,5241250"
"202000025436";"6";"11";"2020";"08:02";"1";"75";"75116";"2";"1";"1";"6";"ECHANGEUR AUTEUIL";"48,8497940";"2,2526410"
"202000025437";"5";"10";"2020";"09:55";"1";"04";"04209";"2";"1";"1";"6";"RD 53 (11 Av Paul Arène)";"44,1952780";"5,9426500"
"202000025438";"6";"11";"2020";"17:05";"2";"75";"75120";"2";"1";"1";"3";"RUE DES PYRENEES";"48,8587140";"2,4026660"
"202000025439";"6";"6";"2020";"15:05";"1";"75";"75111";"2";"1";"1";"3";"AVENUE PHILIPPE AUGUSTE";"48,8513450";"2,3940950"
"202000025440";"6";"6";"2020";"17:00";"1";"75";"75104";"2";"3";"1";"6";"RUE DE RIVOLI";"48,8552230";"2,3611070"
"202000025441";"4";"10";"2020";"13:15";"1";"04";"04122";"1";"1";"1";"3";"RN 85";"44,0410980";"6,0707620"
"202000025442";"6";"6";"2020";"10:15";"1";"75";"75104";"2";"2";"1";"7";"QUAI DE GESVRES";"48,8560460";"2,3507040"
"202000025443";"26";"9";"2020";"20:50";"5";"17";"17337";"2";"1";"1";"3";"291 Rue de la Couarde";"45,9683740";" -1,2912820"
"202000025444";"6";"11";"2020";"16:30";"1";"75";"75120";"2";"2";"1";"6";"RUE DE BELLEVILLE";"48,8754630";"2,3979220"
"202000025445";"3";"10";"2020";"18:37";"1";"37";"37226";"1";"1";"2";"6";"Les Archambaults";"47,1012150";"0,6006455"
"202000025446";"6";"6";"2020";"20:15";"1";"94";"94067";"2";"1";"1";"6";"Avenue du Général de Gaulle";"48,8444456";"2,4175870"
"202000025447";"6";"11";"2020";"18:30";"2";"75";"75119";"2";"1";"1";"6";"SOUTERRAIN VILLETTE CHAUMONT";"48,8874110";"2,3961990"
"202000025448";"5";"10";"2020";"08:45";"1";"52";"52060";"1";"1";"2";"3";"D460";"47,9347000";"5,7663550"
"202000025449";"6";"11";"2020";"12:40";"1";"75";"75119";"2";"3";"1";"6";"AVENUE JEAN JAURES";"48,8884690";"2,3919480"
"202000025450";"6";"6";"2020";"09:45";"1";"94";"94059";"2";"2";"1";"3";"JEAN KIFFER (AV)";"48,8068500";"2,5710200"
"202000025451";"5";"10";"2020";"16:30";"1";"08";"08038";"1";"1";"1";"7";"D26";"49,4888690";"4,2419240"
"202000025452";"6";"11";"2020";"10:25";"1";"75";"75119";"2";"1";"1";"3";"AVENUE JEAN JAURES";"48,8864750";"2,3843080"
"202000025453";"6";"6";"2020";"19:40";"1";"93";"93029";"2";"2";"1";"3";"R HOCHE / R LAMARTINE";"48,9270000";"2,4340000"
"202000025454";"4";"10";"2020";"21:30";"5";"88";"88327";"2";"2";"1";"3";"Rue de Lorraine";"48,3088320";"6,3805840"
"202000025455";"6";"11";"2020";"13:40";"1";"75";"75110";"2";"3";"1";"3";"QUAI DE VALMY";"48,8792400";"2,3667440"
"202000025456";"2";"10";"2020";"17:00";"1";"67";"67340";"2";"3";"8";"6";"Place du Couvent";"48,9426220";"7,6112830"
"202000025457";"2";"10";"2020";"15:15";"1";"49";"49101";"1";"1";"1";"1";"d138";"47,6251120";" -0,0430870"
"202000025458";"6";"11";"2020";"10:35";"1";"75";"75103";"2";"4";"1";"7";"RUE DE TURBIGO";"48,8668030";"2,3619930"
"202000025459";"6";"6";"2020";"13:45";"1";"92";"92024";"2";"4";"8";"3";"MARTRE (RUE) DE (111 A 119)   (122 A 144";"48,9075900";"2,3014200"
"202000025460";"6";"6";"2020";"12:00";"1";"92";"92051";"2";"1";"1";"2";"Avenue Charles de Gaulle";"48,8818900";"2,2687201"
"202000025461";"5";"11";"2020";"20:00";"5";"75";"75104";"2";"2";"1";"3";"PONT NOTRE DAME";"48,8556550";"2,3483300"
"202000025462";"21";"9";"2020";"17:40";"1";"973";"97309";"2";"1";"1";"3";"D'1 (rd1)";"4,8939830";" -52,2581760"
"202000025463";"6";"6";"2020";"16:37";"1";"92";"92035";"2";"1";"1";"6";"Sartoris ( rue )";"48,9075083";"2,2464406"
"202000025464";"6";"11";"2020";"18:05";"5";"94";"94081";"2";"3";"1";"3";"GABRIEL PERI (R)";"48,7920900";"2,4016000"
"202000025465";"4";"10";"2020";"21:00";"5";"06";"06085";"2";"1";"2";"6";"Chemin de Carimail";"43,5754980";"6,9893270"
"202000025466";"6";"11";"2020";"16:00";"1";"94";"94046";"2";"2";"1";"3";"Avenue de la République";"48,8096500";"2,4546700"
"202000025467";"30";"9";"2020";"22:50";"3";"68";"68135";"1";"1";"1";"6";"Bretelle autoroute A35";"47,5895660";"7,5473930"
"202000025468";"7";"6";"2020";"00:10";"3";"49";"49163";"1";"2";"1";"3";"la crilousière";"47,6056130";" -0,2685860"