"Num_Acc";"jour";"mois";"an";"hrmn";"lum";"dep";"com";"agg";"int";"atm";"col";"adr";"lat";"long"
"202000025469";"6";"11";"2020";"18:20";"5";"94";"94011";"2";"1";"1";"4";"RHIN ET DANUBE(RUE DU)";"48,7684400";"2,4884400"
"202000025470";"1";"10";"2020";"21:15";"3";"33";"33527";"1";"1";"2";"2";"A660";"44,6115800";" -1,0207900"
"202000025471";"6";"11";"2020";"13:30";"1";"94";"94011";"2";"9";"1";"7";"MOULIN BATEAU.(RUE DU)";"48,7808480";"2,5051190"
"202000025472";"7";"6";"2020";"11:55";"1";"67";"67317";"1";"1";"2";"7";"D697";"48,3037010";"7,3471610"
"202000025473";"4";"10";"2020";"16:50";"1";"64";"64102";"1";"1";"3";"7";"A63";"43,4886110";" -1,4491810"
"202000025474";"5";"11";"2020";"12:35";"1";"94";"94022";"2";"1";"1";"3";"VINGT CINQ AOUT 1944 (AV DU)";"48,7624000";"2,4021000"
"202000025475";"17";"2";"2020";"08:45";"1";"62";"62645";"2";"1";"7";"6";"Route du Pont d'Oye";"50,9771830";"2,0395540"
"202000025476";"4";"10";"2020";"19:10";"2";"22";"22062";"1";"1";"8";"7";"N164 PK21+0500";"48,1963450";" -2,5018400"
"202000025477";"6";"11";"2020";"18:20";"2";"94";"94079";"2";"2";"1";"3";"MONTRICHARD (AV)";"48,8307500";"2,5485100"
"202000025478";"6";"6";"2020";"04:20";"3";"27";"27278";"1";"1";"8";"6";"D59";"48,9011109";"1,4286168"
"202000025479";"3";"11";"2020";"14:40";"1";"94";"94017";"2";"2";"1";"3";"MARX DORMOY (AV)";"48,8063260";"2,5300530"
"202000025480";"4";"10";"2020";"20:20";"5";"987";"98714";"2";"1";"1";"6";"RT 101";" -16,5411420";" -151,7372420"
"202000025481";"2";"10";"2020";"11:15";"1";"987";"98747";"2";"1";"1";"3";"ROUTE DE TARAVAO";" -17,7342430";" -149,3028740"
"202000025482";"6";"11";"2020";"17:00";"2";"93";"93073";"2";"1";"1";"1";"AV DE LA SOMME";"48,9394200";"2,5924800"
"202000025483";"5";"6";"2020";"16:30";"1";"38";"38332";"1";"2";"1";"3";"Chemin des Bruyéres";"45,3360210";"5,5088440"
"202000025484";"5";"10";"2020";"18:15";"1";"33";"33203";"1";"3";"1";"6";"Route de Carcans";"45,1274110";" -1,0453400"
"202000025485";"5";"11";"2020";"10:45";"1";"93";"93066";"2";"9";"1";"1";"LIBERATION RD14 (BOULEVARD)";"48,9280701";"2,3412906"
"202000025486";"6";"11";"2020";"09:15";"1";"93";"93033";"2";"6";"1";"6";"Place Franklin Roosevelt";"48,8615400";"2,5792700"
"202000025487";"4";"10";"2020";"20:50";"3";"34";"34289";"1";"1";"8";"1";"D18";"43,3868600";"3,3840790"
"202000025488";"6";"6";"2020";"16:10";"1";"971";"97132";"1";"1";"2";"3";"N1";"15,9882710";" -61,6183020"
"202000025489";"6";"11";"2020";"11:50";"1";"93";"93048";"2";"1";"1";"6";"BD CHANZY";"48,8582800";"2,4349300"
"202000025490";"5";"10";"2020";"07:45";"1";"89";"89257";"2";"1";"2";"6";"6 Rue Claude Debussy";"47,9691700";"3,5047350"
"202000025491";"5";"11";"2020";"22:20";"5";"93";"93048";"2";"5";"1";"3";"ARISTIDE BRIAND (BOULEVARD)";"48,8781000";"2,4574700"
"202000025492";"6";"11";"2020";"14:40";"1";"93";"93074";"2";"1";"1";"6";"R DE MEAUX";"48,9349800";"2,5683100"
"202000025493";"4";"10";"2020";"13:15";"1";"26";"26168";"1";"1";"2";"5";"D1075";"44,7145760";"5,6767560"
"202000025494";"6";"11";"2020";"14:10";"1";"93";"93014";"2";"9";"1";"6";"MAURICE AUDIN (ALLEE)";"48,9086214";"2,5428425"
"202000025495";"4";"10";"2020";"18:45";"2";"07";"07217";"1";"1";"8";"1";"RD534";"45,0485398";"4,7478365"
"202000025496";"5";"11";"2020";"13:30";"1";"93";"93007";"2";"9";"1";"7";"PASTEUR (AVENUE)";"48,9416201";"2,4685339"
"202000025497";"4";"10";"2020";"18:35";"1";"49";"49023";"2";"2";"1";"3";"Avenue de l’Europe (beaupréau)";"47,2035345";" -0,9981948"
"202000025498";"6";"11";"2020";"16:30";"1";"93";"93001";"2";"9";"1";"3";"REPUBLIQUE (AVE DE LA ) DE 52 A 104";"48,9122500";"2,3840400"
"202000025499";"3";"10";"2020";"11:25";"1";"60";"60103";"2";"1";"1";"3";"Rue du General de Gaulle";"49,4091060";"2,2510760"
"202000025500";"7";"6";"2020";"14:00";"1";"67";"67377";"2";"3";"1";"1";"D1420";"48,4216644";"7,1837034"
"202000025501";"6";"6";"2020";"17:00";"1";"76";"76488";"1";"1";"6";"7";"Rue de Maldestour";"49,7839000";"0,5923000"
"202000025502";"5";"10";"2020";"13:00";"1";"59";"59256";"2";"1";"1";"2";"rue du chemin vert";"50,5751761";"3,1352140"
"202000025503";"5";"6";"2020";"18:15";"1";"2A";"2A209";"2";"4";"1";"3";"T20";"42,0102197";"8,8672424"
"202000025504";"3";"10";"2020";"17:00";"1";"13";"13106";"1";"1";"1";"4";"A51-Sens Marseille vers Aix en Provence";"43,4040240";"5,3583510"
"202000025505";"7";"6";"2020";"03:09";"3";"82";"82018";"1";"1";"2";"6";"Route de Caussade";"44,0902310";"1,5349420"
"202000025506";"6";"11";"2020";"13:21";"1";"92";"92040";"2";"1";"1";"3";"ARISTIDE BRIAND";"48,8213070";"2,2546130"
"202000025507";"3";"10";"2020";"03:20";"3";"13";"13005";"1";"1";"2";"6";"A50 - Sens Aubagne vers Marseille";"43,2899460";"5,5542290"
"202000025508";"6";"11";"2020";"16:45";"2";"92";"92026";"2";"1";"1";"2";"SAINT-DENIS BD (120 A 174 / DE 199 A 315";"48,8998940";"2,2683730"
"202000025509";"2";"10";"2020";"10:00";"1";"67";"67218";"1";"1";"1";"4";"R.N. 353";"48,4964893";"7,7502751"
"202000025510";"7";"6";"2020";"13:30";"1";"32";"32107";"1";"1";"1";"6";"D7";"43,9508260";"0,4039730"
"202000025511";"7";"6";"2020";"11:15";"1";"49";"49279";"1";"1";"1";"7";"22 Lieu Dit la Roche";"47,3650340";" -0,2969420"
"202000025512";"4";"10";"2020";"12:35";"1";"33";"33474";"1";"1";"3";"6";"AUTOROUTE A 62";"44,6759000";" -0,4821600"
"202000025513";"4";"10";"2020";"22:04";"3";"91";"91064";"1";"1";"2";"6";"RN 118";"48,7489900";"2,2189000"
"202000025514";"7";"6";"2020";"06:20";"1";"38";"38015";"1";"1";"2";"7";"Route du Revollet";"45,5365810";"5,1344780"
"202000025515";"6";"11";"2020";"11:10";"1";"92";"92026";"2";"9";"1";"7";"SAINT-DENIS BD (120 A 174 / DE 199 A 315";"48,9004156";"2,2696141"
"202000025516";"4";"10";"2020";"06:55";"3";"91";"91687";"1";"1";"1";"2";"AUTOROUTE A6";"48,6611000";"2,3701000"
"202000025517";"4";"10";"2020";"17:00";"1";"92";"92050";"1";"1";"8";"6";"A14";"48,8926795";"2,2348100"
"202000025518";"6";"11";"2020";"15:30";"1";"92";"92012";"2";"6";"1";"2";"RHIN ET DANUBE (ROND POINT)";"48,8408087";"2,2281647"
"202000025519";"6";"11";"2020";"11:00";"1";"92";"92012";"2";"1";"1";"6";"PARIS (RUE DE) 97BIS/FIN - 116/FIN";"48,8415640";"2,2338470"
"202000025520";"7";"6";"2020";"12:15";"1";"03";"03250";"1";"1";"1";"1";"Lieu Dit la Croix Goyard";"46,1850064";"3,7899722"
"202000025521";"4";"10";"2020";"20:30";"5";"93";"93066";"1";"1";"1";"5";"AUTOROUTE A1";"48,9138803";"2,3579979"
"202000025522";"5";"11";"2020";"20:30";"3";"86";"86034";"1";"1";"1";"7";"D727";"46,3524300";"0,6031920"
"202000025523";"6";"6";"2020";"19:40";"1";"70";"70477";"1";"1";"3";"6";"D9";"47,5621060";"6,6097030"
"202000025524";"4";"10";"2020";"20:35";"4";"93";"93006";"1";"1";"2";"3";"AUTOROUTE A3";"48,8689637";"2,4289177"
"202000025525";"7";"11";"2020";"11:40";"1";"26";"26323";"1";"2";"1";"6";"Route du Patas";"45,0695500";"5,1455980"
"202000025526";"4";"10";"2020";"14:55";"1";"93";"93053";"1";"1";"1";"7";"AUTOROUTE A86";"48,9007432";"2,4692922"
"202000025527";"4";"10";"2020";"04:35";"5";"93";"93008";"1";"1";"1";"6";"AUTOROUTE A86";"48,9187510";"2,4284666"
"202000025528";"4";"10";"2020";"23:30";"4";"94";"94073";"1";"1";"2";"6";"A86 INT";"48,7698600";"2,3803600"
"202000025529";"3";"10";"2020";"22:20";"5";"974";"97411";"2";"3";"1";"6";"JACQUES (SAINT)";" -20,8830300";"55,4590600"
"202000025530";"6";"6";"2020";"18:00";"1";"70";"70248";"1";"1";"3";"2";"4 Rue de Champagney";"47,6722370";"6,7385029"
"202000025531";"7";"6";"2020";"08:10";"1";"09";"09139";"1";"1";"2";"6";"Pic de Querfour et Autres";"42,5809730";"1,7947840"
"202000025532";"7";"11";"2020";"04:45";"3";"16";"16340";"2";"1";"1";"6";"Lieu dit les journaux";"45,6487902";" -0,1364065"
"202000025533";"3";"10";"2020";"05:10";"1";"974";"97416";"1";"2";"2";"3";"Chemin Ringuin";" -21,3265120";"55,4977370"
"202000025534";"6";"11";"2020";"19:15";"5";"10";"10266";"2";"1";"8";"6";"23 Route de Saint Mards En Othe";"48,1463670";"3,8042800"
"202000025535";"3";"6";"2020";"08:45";"1";"43";"43190";"1";"3";"1";"1";"D150";"45,0520640";"3,9518850"
"202000025536";"2";"10";"2020";"17:00";"1";"974";"97407";"1";"6";"1";"2";"ROUTE NATIONALE N° 1";" -20,9562000";"55,3114300"
"202000025537";"6";"6";"2020";"15:56";"1";"04";"04144";"1";"1";"1";"7";"RD 952";"43,7799560";"6,2804890"
"202000025538";"7";"6";"2020";"06:20";"2";"27";"27389";"1";"1";"1";"7";"7 Route de Louviers";"49,1509748";"0,9753875"
"202000025539";"3";"10";"2020";"12:25";"1";"973";"97302";"2";"2";"1";"3";"DIGUE RONJON";"4,9332990";" -52,3316896"
"202000025540";"7";"6";"2020";"17:20";"1";"17";"17378";"1";"3";"1";"1";"Lieu dit Le crut";"45,2627670";" -0,2103500"
"202000025541";"3";"10";"2020";"12:50";"1";"69";"69388";"2";"1";"6";"6";"EUROPE (DE L')                      (AV)";"45,7403500";"4,8591400"
"202000025542";"6";"6";"2020";"17:20";"1";"80";"80021";"1";"1";"1";"6";"A16";"49,9223967";"2,2457553"
"202000025543";"30";"10";"2020";"06:30";"2";"33";"33505";"1";"3";"1";"3";"Route de Fauquey";"44,7721480";" -0,3221060"
"202000025544";"29";"10";"2020";"18:00";"3";"11";"11042";"1";"1";"2";"6";"D610";"43,2105560";"2,5852200"
"202000025545";"7";"11";"2020";"16:15";"2";"12";"12076";"1";"1";"2";"7";"La carrière";"44,5513520";"2,4247200"
"202000025546";"3";"10";"2020";"15:05";"1";"69";"69286";"2";"1";"1";"2";"ROUTE DE STRASBOURG D 483           (RO)";"45,8211000";"4,8982600"
"202000025547";"5";"11";"2020";"17:30";"1";"31";"31528";"2";"2";"1";"3";"D5";"43,2378290";"0,7399140"
"202000025548";"3";"10";"2020";"09:20";"1";"95";"95539";"2";"1";"1";"4";"PARIS   (RUE DE)";"49,0000275";"2,3556373"
"202000025549";"6";"11";"2020";"23:40";"3";"03";"03033";"1";"1";"1";"6";"N/A";"46,1715040";"3,5018175"
"202000025550";"2";"10";"2020";"12:30";"1";"91";"91687";"2";"9";"2";"2";"GENERAL DE GAULLE (AVENUE DU)";"48,6739800";"2,3878200"
"202000025551";"6";"11";"2020";"20:25";"3";"50";"50511";"1";"1";"1";"6";"D.25";"49,5322870";" -1,3708130"
"202000025552";"4";"11";"2020";"18:20";"3";"36";"36158";"1";"1";"8";"6";"N/A";"46,5319410";"1,5906570"
"202000025553";"7";"6";"2020";"07:30";"2";"978";"97801";"1";"1";"1";"6";"mont vernon RN7";"18,0779630";" -63,0290510"
"202000025554";"7";"11";"2020";"15:55";"1";"85";"85121";"1";"3";"2";"1";"D30";"46,4546900";" -0,9327700"
"202000025555";"7";"11";"2020";"00:01";"3";"27";"27679";"1";"1";"5";"7";"Avenue du Général Leclerc";"48,7488320";"0,9366920"
"202000025556";"7";"11";"2020";"10:30";"1";"978";"97801";"2";"9";"1";"1";"Chemin de la Savane";"18,0989070";" -63,0641520"
"202000025557";"7";"11";"2020";"05:25";"3";"33";"33122";"1";"2";"1";"3";"Route de Saucats";"44,7183960";" -0,7392600"
"202000025558";"2";"10";"2020";"19:10";"2";"91";"91027";"2";"2";"2";"3";"BARBUSSE (RUE HENRI)";"48,7007400";"2,3620900"
"202000025559";"6";"11";"2020";"19:45";"3";"53";"53054";"1";"1";"1";"2";"A81";"48,1060560";" -0,8360340"
"202000025560";"2";"10";"2020";"17:50";"1";"83";"83090";"2";"1";"1";"4";"RDN8";"43,1377300";"5,8505100"
"202000025561";"6";"11";"2020";"22:25";"5";"971";"97128";"2";"1";"1";"3";"Avenue Hegesippe Ibene";"16,2238020";" -61,3873740"
"202000025562";"6";"11";"2020";"17:45";"3";"978";"97801";"2";"1";"1";"2";"95 rue Lady Fish";"18,0594560";" -63,1005930"
"202000025563";"4";"10";"2020";"00:45";"5";"83";"83126";"2";"1";"1";"6";"Ytzhak RABIN - D63";"43,1152000";"5,8729000"
"202000025564";"6";"11";"2020";"17:40";"2";"77";"77060";"2";"1";"1";"7";"9 rue des roches";"48,2876460";"2,4304350"
"202000025565";"3";"10";"2020";"09:10";"1";"81";"81060";"2";"1";"2";"6";"DE GAULLE (BD CHARLES)";"44,0487000";"2,1617000"
"202000025566";"2";"10";"2020";"18:30";"1";"81";"81033";"1";"1";"2";"1";"GUIGNERETTE ( COTE DE LA )";"44,0419130";"2,1240990"
"202000025567";"6";"6";"2020";"18:50";"1";"74";"74159";"2";"3";"2";"1";"423 Route de Saxel";"45,9915320";"6,6233930"
"202000025568";"3";"10";"2020";"12:25";"1";"78";"78133";"2";"3";"1";"3";"VIEUX CHEMIN DE MANTES";"48,9100300";"2,0390700"
"202000025569";"7";"11";"2020";"09:15";"1";"91";"91495";"1";"1";"1";"1";"D191";"48,4526100";"2,0105090"
"202000025570";"6";"6";"2020";"16:20";"1";"976";"97606";"2";"1";"1";"6";"CC5 Village de MrAMADOUDOU";" -12,9275130";"45,1535940"
"202000025571";"2";"10";"2020";"11:50";"1";"78";"78350";"2";"1";"2";"2";"VERSAILLES (ROUTE DE)";"48,8555800";"2,1073900"
"202000025572";"2";"11";"2020";"10:00";"1";"33";"33056";"2";"2";"1";"3";"1 Rue de Belair";"44,9410180";" -0,6325780"
"202000025573";"6";"6";"2020";"14:00";"1";"83";"83023";"1";"1";"1";" -1";"A8";"43,4198870";"6,0181900"
"202000025574";"3";"10";"2020";"13:25";"1";"78";"78440";"2";"1";"8";"6";"PAUL RAOULT (AVENUE)";"48,9894180";"1,9132810"
"202000025575";"6";"6";"2020";"14:25";"1";"77";"77431";"1";"9";"1";"6";"A6";"48,2878173";"2,6886704"
"202000025576";"2";"10";"2020";"20:00";"3";"76";"76095";"2";"1";"2";"5";"RN 28 (ROUTE DE NEUFCHATEL)";"49,4575200";"1,1080900"
"202000025577";"6";"6";"2020";"11:10";"1";"51";"51312";"1";"1";"1";"7";"Chemin du Champ la forge";"49,0165864";"4,3011139"
"202000025578";"3";"10";"2020";"14:30";"1";"64";"64545";"2";"1";"3";"3";"PAUL GELOS (RUE)";"43,3761100";" -1,6766600"
"202000025579";"6";"6";"2020";"12:40";"1";"18";"18207";"2";"1";"1";"5";"90 Rue Roger Salengro";"46,9843760";"2,2442220"
"202000025580";"3";"10";"2020";"20:50";"5";"64";"64102";"2";"6";"2";"2";"GRENET (AVENUE HENRI)";"43,5019800";" -1,4786100"
"202000025581";"6";"6";"2020";"19:00";"1";"2A";"2A300";"2";"1";"1";"1";"D559";"41,6550442";"9,2805245"
"202000025582";"29";"9";"2020";"20:30";"3";"62";"62178";"1";"1";"1";" -1";"D 188";"50,4939910";"2,5802690"
"202000025583";"6";"6";"2020";"12:20";"1";"2A";"2A247";"2";"1";"1";"1";"Avenue Georges Pompidou";"41,5964820";"9,2798160"
"202000025584";"3";"10";"2020";"14:15";"1";"59";"59599";"2";"3";"8";"3";"HOUPLINE (RUE DU CHÊNE)";"50,7293520";"3,1704090"
"202000025585";"6";"6";"2020";"11:25";"1";"34";"34024";"1";"3";"1";"5";"D600";"43,4674660";"3,6912780"
"202000025586";"7";"11";"2020";"06:30";"3";"60";"60542";"1";"1";"5";"3";"route nationale 31";"49,4136944";"2,1872675"
"202000025587";"3";"10";"2020";"13:00";"1";"54";"54395";"2";"1";"1";"2";"HAUSSONVILLE (BD D')";"48,6712060";"6,1665100"
"202000025588";"7";"11";"2020";"13:50";"1";"59";"59075";"1";"1";"1";"1";"D45";"50,1468630";"3,4224990"
"202000025589";"3";"10";"2020";"23:00";"5";"51";"51454";"2";"6";"2";"7";"Boulevard du Val de Vesle";"49,2248998";"4,0965612"
"202000025590";"6";"11";"2020";"15:25";"1";"13";"13071";"1";"1";"1";"2";"A7-Sens Marseille vers Lyon";"43,4080300";"5,2884000"
"202000025591";"3";"10";"2020";"14:50";"1";"51";"51454";"2";"3";"1";"6";"Avenue General Bonaparte";"49,2314825";"4,0066265"
"202000025592";"6";"11";"2020";"19:21";"3";"91";"91340";"1";"1";"1";"3";"AUTOROUTE A6";"48,6046200";"2,4364100"
"202000025593";"6";"6";"2020";"21:30";"5";"84";"84141";"2";"1";"1";"2";"Avenue Alphonse Daudet";"43,9738740";"4,9069400"
"202000025594";"6";"11";"2020";"00:20";"3";"91";"91286";"1";"1";"1";"6";"AUTOROUTE A6";"48,6573000";"2,3771000"
"202000025595";"3";"10";"2020";"13:25";"1";"51";"51454";"2";"1";"1";"2";"Quai du Pré aux Moines";"49,2331553";"4,0481442"
"202000025596";"7";"6";"2020";"08:40";"1";"71";"71525";"1";"1";"1";"3";"D17";"46,3627149";"4,6937799"
"202000025597";"3";"10";"2020";"03:50";"5";"51";"51454";"2";"7";"2";"7";"Place Colin";"49,2503802";"4,0200839"
"202000025598";"7";"6";"2020";"06:20";"2";"38";"38405";"1";"1";"3";"7";"D520";"45,3733160";"5,6957510"
"202000025599";"2";"10";"2020";"10:50";"1";"51";"51172";"2";"9";"3";"7";"Rue des Laps";"49,2148491";"4,0464841"
"202000025600";"2";"10";"2020";"17:45";"1";"45";"45285";"2";"1";"2";"6";"Avenue Pierre Mendes France";"47,9026600";"1,8607700"
"202000025601";"2";"10";"2020";"17:40";"1";"45";"45284";"2";"2";"2";"4";"Avenue de Verdun - rue du petit bois";"47,9193257";"1,9835406"
"202000025602";"6";"6";"2020";"16:45";"1";"33";"33016";"1";"1";"1";"6";"2705 Route de Cubzac";"44,9423300";" -0,4394600"
"202000025603";"3";"10";"2020";"14:30";"1";"37";"37261";"2";"1";"2";"4";"RN 76 - Route de St Avertin";"47,3651375";"0,7108677"
"202000025604";"7";"6";"2020";"05:00";"2";"85";"85151";"1";"1";"1";"6";"La Goujonnière";"46,9761370";" -0,8922260"
"202000025605";"3";"10";"2020";"15:40";"1";"37";"37233";"2";"1";"3";"2";"DUCLOS (AVENUE JACQUES)";"47,3777429";"0,7167473"
"202000025606";"6";"6";"2020";"22:30";"5";"14";"14762";"2";"1";"1";"6";"8 Rue de Normandie";"48,8521190";" -0,8780396"
"202000025607";"3";"10";"2020";"12:10";"1";"37";"37261";"2";"2";"1";" -1";"HALLES (RUE DES)";"47,3936839";"0,6861343"
"202000025608";"7";"6";"2020";"15:30";"1";"27";"27400";"2";"1";"1";"3";"2 Rue de Pacy";"48,9615569";"1,4084708"
"202000025609";"6";"6";"2020";"20:45";"2";"80";"80399";"1";"1";"1";"7";"Rue de la Vallée";"49,8774950";"2,1547677"
"202000025610";"3";"10";"2020";"15:05";"1";"35";"35238";"2";"2";"1";"3";"ROCHESTER (AVENUE DE)";"48,1283679";" -1,6642134"
"202000025611";"4";"10";"2020";"00:35";"3";"30";"30189";"2";"1";"1";"2";"MONTPELLIER (ROUTE DE)";"43,8020700";"4,3188300"
"202000025612";"6";"6";"2020";"15:00";"1";"13";"13216";"1";"1";"1";"7";"A55-Sens Martigues vers Marseille";"43,3467000";"5,3451000"
"202000025613";"6";"6";"2020";"13:55";"1";"91";"91570";"1";"1";"1";"2";"RN 104";"48,6249000";"2,2975000"
"202000025614";"3";"10";"2020";"02:20";"5";"30";"30189";"2";"2";"2";" -1";"TRIAIRE SERGENT (BOULEVARD)";"43,8284000";"4,3599000"
"202000025615";"6";"6";"2020";"00:40";"3";"78";"78217";"1";"1";"1";"6";"A13";"48,9635300";"1,8301100"
"202000025616";"3";"10";"2020";"10:40";"1";"29";"29232";"1";"1";"2";"6";"D785 - Boulevard de Poulguinan";"47,9799100";" -4,1210400"
"202000025617";"2";"10";"2020";"18:40";"1";"29";"29019";"2";"1";"6";"6";"Rue de Quimper";"48,3981700";" -4,4391500"
"202000025618";"5";"6";"2020";"19:25";"1";"93";"93063";"1";"1";"2";"3";"AUTOROUTE A3";"48,8741800";"2,4381500"
"202000025619";"2";"10";"2020";"17:24";"1";"29";"29019";"2";"1";"6";"6";"25 Rue Victor Hugo";"48,3913446";" -4,4800267"
"202000025620";"6";"6";"2020";"08:00";"1";"95";"95277";"1";"1";"1";"6";" A104";"48,9719500";"2,4856300"
"202000025621";"2";"10";"2020";"13:30";"1";"29";"29019";"2";"6";"6";" -1";"Rampe d'accès au Port";"48,3829982";" -4,4879160"
"202000025622";"5";"6";"2020";"23:25";"3";"93";"93078";"1";"1";"1";"2";"AUTOROUTE A104";"48,9717100";"2,4973200"
"202000025623";"2";"10";"2020";"18:00";"2";"25";"25056";"2";"1";"2";"4";"DOLE RUE DE (sup 200)";"47,2180470";"5,9446330"
"202000025624";"29";"2";"2020";"17:55";"1";"91";"91228";"2";"1";"2";"6";"YERRES (BD)";"48,6198800";"2,4274960"
"202000025625";"3";"10";"2020";"11:35";"1";"17";"17306";"2";"1";"3";"6";"KERIMEL DE KERVENO (ES.FM))";"45,6237800";" -1,0267000"
"202000025626";"3";"10";"2020";"19:00";"1";"14";"14118";"2";"3";"1";"2";"DELIVRANDE (RUE DE LA)";"49,2050000";" -0,3616000"
"202000025627";"3";"10";"2020";"17:55";"1";"14";"14118";"2";"1";"1";"2";"RETHEL (BOULEVARD DE)";"49,1706300";" -0,3330300"
"202000025628";"3";"10";"2020";"13:55";"1";"14";"14437";"2";"1";"1";"1";"RD N° 613";"49,1629000";" -0,3032500"
"202000025629";"3";"7";"2020";"19:20";"1";"13";"13210";"2";"1";"1";"3";"GASTON BERGER  (RUE)";"43,2704400";"5,4143600"
"202000025630";"6";"6";"2020";"04:00";"5";"988";"98818";"2";"2";"1";"3";"RUE DE LA REPUBLIQUE/AVENUE DU MARECHAL FOCH";" -22,2686600";"166,4423300"
"202000025631";"3";"10";"2020";"13:20";"1";"13";"13211";"2";"2";"1";"4";"SABLIERE (ROUTE DE LA)";"43,2931456";"5,4799945"
"202000025632";"6";"6";"2020";"04:35";"5";"988";"98818";"2";"1";"1";"6";"ANSE-VATA (ROUTE DE L')";" -22,2887800";"166,4480000"
"202000025633";"3";"10";"2020";"12:30";"1";"13";"13206";"2";"1";"1";"3";"BAILLE (BOULEVARD)";"43,2886100";"5,3937500"
"202000025634";"6";"6";"2020";"01:39";"5";"988";"98818";"2";"1";"1";"6";"PROMENADE ROGER LAROQUE";" -22,3033200";"166,4348100"
"202000025635";"2";"10";"2020";"21:40";"5";"13";"13075";"2";"1";"2";"7";"L'ENJOLRAS (AVE DE)";"43,3400760";"5,4562720"
"202000025636";"3";"10";"2020";"16:20";"1";"13";"13047";"1";"1";"1";"6";"RD 569";"43,5501811";"4,9734700"
"202000025637";"5";"6";"2020";"21:50";"3";"974";"97416";"2";"1";"8";"6";"ANCIENNE RN 1";" -21,3145000";"55,4396000"
"202000025638";"3";"10";"2020";"18:14";"1";"10";"10387";"2";"6";"3";"3";"GEORGES POMPIDOU (RUE)";"48,2880410";"4,0814160"
"202000025639";"3";"10";"2020";"10:49";"1";"10";"10387";"2";"1";"1";"6";"RAYMOND POINCARE (RUE)";"48,2957500";"4,0796000"
"202000025640";"5";"6";"2020";"10:20";"1";"973";"97302";"2";"2";"1";" -1";"EBOUE (ROCADE FELIX)";"4,9310222";" -52,3132789"
"202000025641";"2";"10";"2020";"21:40";"5";"07";"07340";"2";"4";"3";"6";"RD 104";"44,7293800";"4,5684900"
"202000025642";"5";"6";"2020";"07:45";"1";"69";"69387";"2";"2";"8";"3";"GERLAND (DE)                        (R )";"45,7368200";"4,8397500"
"202000025643";"5";"6";"2020";"01:00";"5";"972";"97213";"1";"1";"2";"7";"MORNE PITAULT (ROUTE DE)";"14,6251000";" -60,9704000"
"202000025644";"5";"6";"2020";"10:45";"1";"972";"97209";"2";"2";"1";"2";"ABBE LAVIGNE (AVENUE)";"14,6122800";" -61,0716700"
"202000025645";"5";"6";"2020";"16:30";"1";"91";"91589";"2";"1";"1";"2";"JENNER (RUE)";"48,6889200";"2,3403600"
"202000025646";"4";"6";"2020";"11:30";"1";"91";"91339";"1";"1";"2";"3";"RN 20";"48,6242000";"2,2613800"
"202000025647";"3";"10";"2020";"10:25";"1";"07";"07102";"1";"6";"8";"7";"BEAUCAIRE (AVENUE DE)";"44,9241060";"4,8569290"
"202000025648";"3";"10";"2020";"06:40";"5";"75";"75112";"2";"1";"1";"6";"ROUTE DE LA TOURELLE";"48,8203440";"2,4476780"
"202000025649";"4";"6";"2020";"08:40";"1";"88";"88160";"2";"4";"1";"1";"ROUX (RUE DU PROFESSEUR-)";"48,1837100";"6,4378600"
"202000025650";"2";"10";"2020";"08:31";"1";"75";"75107";"2";"3";"1";"1";"AVENUE DE LA MOTTE PICQUET";"48,8560440";"2,3081210"
"202000025651";"5";"6";"2020";"13:43";"1";"87";"87085";"2";"1";"1";"3";"CRUVEILHER (RUE)";"45,8362700";"1,2582200"
"202000025652";"2";"10";"2020";"09:23";"1";"75";"75120";"2";"3";"2";" -1";"RUE DE BELLEVILLE";"48,8734000";"2,3826080"
"202000025653";"2";"6";"2020";"23:01";"5";"87";"87085";"2";"1";"1";"5";"PRESSEMANE  (RUE ADRIEN)";"45,8347700";"1,2696900"
"202000025654";"3";"10";"2020";"16:00";"1";"75";"75118";"2";"1";"8";"6";"RUE LEPIC";"48,8851830";"2,3341110"
"202000025655";"3";"10";"2020";"09:30";"1";"75";"75118";"2";"4";"1";" -1";"RUE DU POTEAU";"48,8972300";"2,3379800"
"202000025656";"3";"10";"2020";"17:30";"1";"75";"75116";"2";"2";"1";"3";"BOULEVARD LANNES";"48,8686760";"2,2733590"
"202000025657";"5";"6";"2020";"08:35";"1";"80";"80632";"2";"1";"1";"3";"Bernard RISBOURG";"49,8767400";"2,2555000"
"202000025658";"3";"10";"2020";"12:07";"1";"75";"75116";"2";"7";"1";" -1";"PLACE CHARLES DE GAULLE";"48,8737240";"2,2940880"
"202000025659";"4";"6";"2020";"11:20";"1";"78";"78358";"2";"3";"1";"3";"GENERAL DE GAULLE (AVENUE DU )";"48,9435700";"2,1307000"
"202000025660";"3";"10";"2020";"03:40";"3";"75";"75116";"2";"4";"8";"2";"ROUTE D AUTEUIL AUX LACS";"48,8522360";"2,2541930"
"202000025661";"4";"6";"2020";"19:50";"1";"78";"78220";"1";"1";"2";"5";"RN 10";"48,7268400";"1,8939700"
"202000025662";"2";"10";"2020";"08:30";"1";"75";"75116";"2";"1";"3";"3";"ALLEE DU BORD DE L EAU";"48,8644850";"2,2304860"
"202000025663";"5";"6";"2020";"15:00";"1";"76";"76217";"2";"1";"1";"6";"BOURSE (ARCADES DE LA)";"49,9267600";"1,0794700"