"Num_Acc";"jour";"mois";"an";"hrmn";"lum";"dep";"com";"agg";"int";"atm";"col";"adr";"lat";"long"
"202000025664";"3";"10";"2020";"12:10";"1";"75";"75114";"2";"3";"1";"3";"AVENUE DU GENERAL LECLERC";"48,8246950";"2,3260640"
"202000025665";"2";"6";"2020";"12:40";"1";"73";"73011";"2";"1";"1";"6";"Av Joseph Fontanet";"45,6622079";"6,3723867"
"202000025666";"3";"10";"2020";"18:00";"1";"75";"75112";"2";"1";"1";"6";"AVENUE DE SAINT MANDE";"48,8447870";"2,4045020"
"202000025667";"4";"6";"2020";"17:50";"1";"72";"72181";"2";"1";"1";"6";"SCHUMAN ROBERT ( BD)";"47,9911500";"0,2292700"
"202000025668";"3";"10";"2020";"14:00";"1";"75";"75112";"2";"1";"1";"5";"QUAI DE BERCY";"48,8344650";"2,3815830"
"202000025669";"4";"6";"2020";"08:45";"1";"71";"71306";"2";"1";"1";"7";"N/A";"46,6706970";"4,3433936"
"202000025670";"3";"10";"2020";"00:56";"5";"75";"75111";"2";"2";"2";" -1";"RUE DE LA ROQUETTE";"48,8585370";"2,3837020"
"202000025671";"31";"5";"2020";"14:30";"1";"71";"71105";"1";"2";"1";"3";"BIOUX (ROUTE DE)";"46,3032713";"4,8068529"
"202000025672";"3";"10";"2020";"00:05";"5";"75";"75111";"2";"2";"2";"1";"RUE DU FAUBOURG SAINT ANTOINE";"48,8496880";"2,3873220"
"202000025673";"3";"10";"2020";"15:45";"1";"75";"75103";"2";"3";"1";"6";"RUE DU PARC ROYAL";"48,8583350";"2,3638540"
"202000025674";"5";"6";"2020";"00:08";"5";"69";"69266";"2";"1";"2";"1";"RAYMOND POINCARE    (Pont)";"45,7852600";"4,8602000"
"202000025675";"3";"10";"2020";"14:18";"1";"75";"75103";"2";"3";"8";" -1";"PLACE DE LA REPUBLIQUE";"48,8673300";"2,3633290"
"202000025676";"3";"6";"2020";"12:45";"2";"69";"69264";"2";"1";"3";"6";"SAVIGNY JEAN-MICHEL";"45,9821800";"4,7151200"
"202000025677";"2";"10";"2020";"20:45";"5";"75";"75101";"2";"3";"2";"3";"RUE DU LOUVRE";"48,8630460";"2,3418770"
"202000025678";"3";"10";"2020";"17:05";"1";"94";"94081";"2";"6";"1";"3";"PRESIDENT SALVADOR ALLENDE (AV DU)";"48,7962500";"2,4164800"
"202000025679";"3";"10";"2020";"10:20";"1";"94";"94046";"2";"1";"1";"2";"GENERAL LECLERC - CAR DE LA RESISTANCE (";"48,8109400";"2,4318300"
"202000025680";"3";"6";"2020";"05:33";"1";"68";"68297";"2";"3";"7";"3";"PAIX ( RUE DE LA )";"47,5792700";"7,5720400"
"202000025681";"3";"10";"2020";"09:00";"1";"94";"94016";"2";"9";"1";"2";"CAMILLE DESMOULINS (R)";"48,7928000";"2,3331300"
"202000025682";"4";"6";"2020";"13:00";"1";"67";"67482";"2";"1";"8";"3";"COLMAR (AVENUE DE)";"48,5687500";"7,7530900"
"202000025683";"3";"10";"2020";"10:50";"1";"94";"94076";"2";"1";"1";"3";"PARIS (AV DE)";"48,8011000";"2,3652000"
"202000025684";"4";"6";"2020";"00:40";"5";"67";"67482";"2";"1";"1";"6";"SELESTAT (RUE DE)";"48,5648100";"7,7653500"
"202000025685";"3";"10";"2020";"14:40";"1";"94";"94041";"2";"1";"1";"6";"GEORGES GOSNAT (AV)";"48,8114000";"2,3844700"
"202000025686";"3";"10";"2020";"13:40";"1";"94";"94071";"2";"1";"1";"5";"VILLENEUVE (R DE)";"48,7656480";"2,5100120"
"202000025687";"3";"10";"2020";"12:30";"1";"93";"93070";"2";"2";"1";"1";"CHARLES SCHMIDT(RUE) : APRES 49";"48,9015300";"2,3348900"
"202000025688";"3";"10";"2020";"05:00";"5";"93";"93077";"2";"2";"1";"3";"R DE LA FOSSE AUX BERGERS / RTE DE NOISY";"48,8832000";"2,4971400"
"202000025689";"3";"10";"2020";"16:55";"1";"93";"93051";"2";"2";"1";"3";"RU DE NESLE (BOULEVARD)";"48,8484500";"2,5784400"
"202000025690";"3";"10";"2020";"16:15";"1";"93";"93050";"2";"3";"1";"3";"PAUL ET CAMILLE THOMOUX (RUE) COTE PAIR";"48,8594276";"2,5308775"
"202000025691";"2";"10";"2020";"09:41";"1";"93";"93048";"2";"2";"3";"3";"RAPATEL (RUE)";"48,8549900";"2,4429900"
"202000025692";"3";"10";"2020";"17:30";"1";"93";"93006";"2";"2";"8";"3";"AV DU GAL LECLERC / AV HENRIETTE";"48,8671600";"2,4189100"
"202000025693";"3";"10";"2020";"17:40";"1";"92";"92051";"2";"1";"8";"3";"BINEAU (BOULEVARD, N°133 A 217 ET 134 A";"48,8894236";"2,2728825"
"202000025694";"2";"10";"2020";"12:07";"1";"92";"92050";"2";"1";"1";"3";"JOLIOT CURIE F. ET IRENE AVENUE  N°PAIRS";"48,8879375";"2,2017074"
"202000025695";"3";"10";"2020";"14:33";"1";"92";"92020";"2";"9";"1";"6";"PARIS AVENUE DE N°84 A FIN";"48,8068680";"2,2933470"
"202000025696";"3";"10";"2020";"00:05";"5";"92";"92049";"2";"1";"2";"7";"ARNOUX AVENUE MAURICE AUTRES N°";"48,8159500";"2,3113300"
"202000025697";"3";"10";"2020";"11:54";"1";"92";"92025";"2";"2";"1";"6";"STALINGRAD (AV DE)";"48,9287895";"2,2688798"
"202000025698";"3";"10";"2020";"03:00";"5";"92";"92024";"2";"1";"2";"4";"GENERAL ROGUET (RUE DU) DE (1 A 57)   (2";"48,9055200";"2,3129400"
"202000025699";"2";"10";"2020";"12:40";"1";"92";"92019";"2";"1";"8";"2";"DIVISION LECLERC (AVENUE DE LA)";"48,7683500";"2,2514000"
"202000025700";"3";"10";"2020";"20:45";"5";"92";"92012";"2";"6";"2";"2";"EDOUARD VAILLANT (AVENUE) 57/FIN - 58/FI";"48,8337140";"2,2437410"
"202000025701";"3";"10";"2020";"19:05";"2";"92";"92012";"2";"1";"2";"3";"REINE (ROUTE DE LA) 1/37- 6/80";"48,8388000";"2,2500000"
"202000025702";"4";"10";"2020";"15:20";"1";"12";"12300";"1";"1";"2";"3";"D 911";"44,3415600";"2,0438650"
"202000025703";"4";"10";"2020";"15:00";"1";"95";"95313";"2";"1";"1";"6";"RD 64";"49,1081485";"2,2338917"
"202000025704";"2";"10";"2020";"13:20";"1";"69";"69132";"1";"1";"3";"7";"D389";"45,6724610";"4,4005930"
"202000025705";"29";"9";"2020";"09:20";"1";"33";"33327";"2";"2";"1";"6";"2 Cours du Marechal Joffre";"44,6495580";" -0,3542590"
"202000025706";"15";"8";"2020";"16:25";"1";"77";"77401";"1";"1";"1";"5";"A4";"49,0098390";"3,1454690"
"202000025707";"3";"10";"2020";"13:45";"1";"974";"97422";"1";"3";"1";"3";"Chemin Geranium";" -21,2512670";"55,5454590"
"202000025708";"4";"10";"2020";"01:45";"3";"972";"97222";"1";"1";"2";"2";"Nationale 1";"14,6977890";" -60,9417200"
"202000025709";"3";"10";"2020";"20:45";"5";"86";"86165";"2";"1";"6";"7";"62 Route de Lussac";"46,4201050";"0,8585700"
"202000025710";"1";"10";"2020";"15:20";"1";"974";"97414";"2";"2";"1";"3";"188 Rue Saint Jean XXIII";" -21,2764030";"55,4157580"
"202000025711";"3";"10";"2020";"17:50";"1";"68";"68043";"2";"1";"1";"6";"17 Rue des Rossignols";"47,8500450";"7,2627680"
"202000025712";"4";"10";"2020";"12:45";"1";"08";"08435";"1";"1";"1";"7";"RN51";"49,4421100";"4,2809870"
"202000025713";"4";"10";"2020";"20:20";"3";"62";"62582";"1";"3";"6";"3";"D939";"50,2621480";"2,8853520"
"202000025714";"4";"10";"2020";"14:50";"1";"83";"83096";"1";"1";"1";"6";"RDN7";"43,4626110";"5,8052980"
"202000025715";"3";"10";"2020";"16:55";"1";"31";"31157";"2";"1";"3";"7";"Avenue de la Résistance";"43,5436880";"1,3440760"
"202000025716";"4";"10";"2020";"09:10";"1";"62";"62773";"1";"1";"3";"6";"Route de Boulogne";"50,6455150";"1,7278150"
"202000025717";"15";"8";"2020";"18:30";"1";"56";"56022";"1";"1";"1";"3";"Ménétavy";"47,7575020";" -2,9287150"
"202000025718";"2";"10";"2020";"07:00";"2";"80";"80620";"2";"9";"2";"1";"9 Avenue de l'Europe";"49,9383570";"2,9257640"
"202000025719";"3";"10";"2020";"18:35";"1";"65";"65129";"1";"1";"6";"6";"D929";"43,3089300";"0,5218400"
"202000025720";"3";"10";"2020";"13:55";"1";"61";"61402";"1";"3";"1";"6";"D51";"48,6930000";" -0,3210500"
"202000025721";"3";"10";"2020";"17:20";"1";"41";"41094";"2";"1";"3";"6";"Rue de Fougères";"47,4348910";"1,4119280"
"202000025722";"3";"10";"2020";"19:10";"1";"25";"25532";"1";"1";"8";"3";"N57";"47,2065670";"6,1225820"
"202000025723";"3";"10";"2020";"20:40";"3";"44";"44187";"1";"1";"8";"3";"D78";"47,1972870";" -2,0761260"
"202000025724";"3";"10";"2020";"10:20";"1";"02";"02313";"1";"1";"1";"1";"D 462";"49,9025680";"3,6460450"
"202000025725";"2";"10";"2020";"07:20";"2";"58";"58264";"2";"1";"3";"6";"avenue du 11 novembre";"46,7911780";"3,1182720"
"202000025726";"4";"10";"2020";"05:00";"3";"14";"14481";"1";"1";"8";"7";"RD11";"49,2750990";" -1,0541300"
"202000025727";"4";"10";"2020";"16:30";"1";"60";"60233";"2";"1";"1";"7";"Chemin Bourdon";"49,6495530";"1,8408470"
"202000025728";"3";"10";"2020";"02:45";"3";"43";"43200";"1";"1";"2";"6";"D15";"45,0276481";"4,0919673"
"202000025729";"4";"10";"2020";"14:10";"1";"53";"53103";"1";"1";"1";"7";"D115";"48,1115580";" -0,9206200"
"202000025730";"3";"10";"2020";"20:50";"3";"53";"53015";"1";"1";"3";"6";"RD 123, PK 8+700";"48,1886070";" -0,8613540"
"202000025731";"2";"10";"2020";"12:30";"1";"37";"37047";"1";"1";"8";"1";"Rue des Commailleres";"47,5028730";"0,6824261"
"202000025732";"27";"9";"2020";"17:15";"1";"08";"08327";"2";"1";"1";"7";"23 Route du Triage";"49,7123760";"4,7769140"
"202000025733";"3";"10";"2020";"09:12";"1";"05";"05162";"1";"1";"2";"6";"A51";"44,4391350";"6,0294340"
"202000025734";"2";"10";"2020";"21:38";"4";"69";"69112";"1";"9";"3";"3";"A89 PK 538.000";"45,8239850";"4,6863770"
"202000025735";"3";"10";"2020";"23:30";"3";"06";"06027";"1";"1";"1";" -1";"Autoroute A8 - PK 180.900 Sud";"43,6585890";"7,1487950"
"202000025736";"4";"10";"2020";"12:35";"1";"14";"14119";"1";"1";"1";"6";"A13";"49,1682330";" -0,2613010"
"202000025737";"3";"10";"2020";"16:40";"1";"28";"28367";"1";"1";"8";"6";"A10 PK 71";"48,1475630";"1,8558740"
"202000025738";"4";"10";"2020";"03:25";"3";"988";"98825";"1";"1";"1";"6";"RT1";" -21,2739300";"164,9695300"
"202000025739";"3";"10";"2020";"18:45";"3";"976";"97607";"2";"1";"1";"7";"Ongojou";" -12,8378780";"45,1586130"
"202000025740";"2";"10";"2020";"19:50";"3";"971";"97117";"1";"4";"2";"3";"D114";"16,3142290";" -61,3642270"
"202000025741";"4";"10";"2020";"05:00";"3";"2B";"2B029";"1";"1";"1";"6";"D81";"42,6936340";"9,3747280"
"202000025742";"3";"10";"2020";"16:05";"1";"2A";"2A114";"2";"1";"1";"1";"D859";"41,4862060";"9,1243600"
"202000025743";"4";"10";"2020";"14:50";"1";"66";"66230";"1";"1";"1";"2";"La Llentilla";"42,6457180";"2,5115400"
"202000025744";"3";"10";"2020";"10:40";"1";"84";"84103";"1";"1";"2";"6";"D22";"43,9160110";"5,4628500"
"202000025745";"4";"10";"2020";"11:00";"1";"89";"89080";"1";"1";"2";"7";"La Chapelle-sur-Oreuse";"48,2684260";"3,2973150"
"202000025746";"3";"10";"2020";"09:45";"1";"52";"52269";"2";"1";"2";"1";"D283";"47,8698550";"5,3401280"
"202000025747";"3";"10";"2020";"19:00";"2";"38";"38087";"2";"9";"2";"6";"Chemin Laurent Devalors";"45,5751400";"4,8116400"
"202000025748";"4";"10";"2020";"02:30";"3";"22";"22214";"1";"1";"1";"7";"8 Keristan";"48,7203430";" -3,0142020"
"202000025749";"2";"10";"2020";"15:30";"1";"02";"02684";"2";"9";"2";"3";"Rue Edmond Dormoy";"49,9194400";"4,1231880"
"202000025750";"3";"10";"2020";"20:00";"3";"59";"59586";"1";"9";"1";"3";"2 Rue Haute Rue";"50,5174110";"3,1443210"
"202000025751";"3";"10";"2020";"05:15";"5";"13";"13203";"1";"1";"8";"6";"A557-Liaison A7 Marseille-A55 Marseille";"43,3315500";"5,3770300"
"202000025752";"2";"10";"2020";"15:45";"1";"13";"13055";"1";"1";"2";"6";"A507 sens Marseille - Aubagne";"43,3385000";"5,3767100"
"202000025753";"3";"10";"2020";"17:10";"1";"33";"33063";"1";"1";"3";"6";"ROCADE A 630";"44,8838900";" -0,5583500"
"202000025754";"3";"10";"2020";"10:05";"1";"33";"33063";"1";"1";"2";"6";"ROCADE A 630";"44,8844400";" -0,5591500"
"202000025755";"3";"10";"2020";"10:37";"1";"91";"91617";"1";"1";"1";" -1";"RN6 PROVINCE / RN104 INT";"48,6351600";"2,5355800"
"202000025756";"3";"10";"2020";"09:00";"1";"91";"91471";"1";"1";"2";"2";"RN 118";"48,7120000";"2,1843000"
"202000025757";"3";"10";"2020";"07:36";"1";"91";"91340";"1";"1";"1";"6";"RN 104";"48,6088000";"2,4352000"
"202000025758";"3";"10";"2020";"03:00";"3";"91";"91340";"1";"1";"2";"6";"RN 104";"48,6089740";"2,4383150"
"202000025759";"3";"10";"2020";"09:00";"1";"92";"92025";"1";"1";"1";"6";"A86";"48,9350045";"2,2592929"
"202000025760";"2";"10";"2020";"20:50";"3";"78";"78206";"1";"1";"2";"2";"A13";"48,9521000";"1,9418000"
"202000025761";"2";"10";"2020";"19:55";"5";"78";"78640";"1";"1";"2";"2";"A86 INT";"48,7776540";"2,2210270"
"202000025762";"2";"10";"2020";"16:50";"1";"78";"78126";"1";"1";"2";"3";"A13";"48,8399390";"2,1166870"
"202000025763";"3";"10";"2020";"20:00";"3";"95";"95151";"1";"1";"2";"2";"RN 104";"49,0634700";"2,2713400"
"202000025764";"2";"10";"2020";"19:45";"3";"95";"95394";"1";"1";"2";"6";"RN 184";"49,0507000";"2,1816300"
"202000025765";"15";"4";"2020";"19:00";"1";"54";"54395";"2";"1";"1";"6";"MAILLARD (Rue Louis Camille)";"48,7059320";"6,1532840"
"202000025766";"12";"2";"2020";"08:15";"1";"41";"41269";"2";"1";"1";"6";"FATON (RUE DU DOCTEUR)";"47,7944900";"1,0725000"
"202000025767";"15";"4";"2020";"17:19";"1";"37";"37261";"2";"1";"1";"7";"LOUIS XI (BOULEVARD)";"47,3743044";"0,6731637"
"202000025768";"15";"4";"2020";"07:45";"1";"26";"26281";"2";"1";"1";"3";"25 Rue Marie Curie";"45,0442300";"5,0859800"
"202000025769";"15";"4";"2020";"00:40";"3";"17";"17028";"1";"1";"1";"6";"RN137";"46,1227000";" -1,1099000"
"202000025770";"14";"4";"2020";"10:55";"1";"05";"05061";"2";"6";"1";"3";"VEYNES ( ROUTE DE )";"44,5579045";"6,0687958"
"202000025771";"15";"4";"2020";"11:35";"1";"75";"75118";"2";"2";"1";"6";"RUE ORDENER";"48,8911950";"2,3516220"
"202000025772";"15";"4";"2020";"10:30";"1";"75";"75116";"2";"1";"1";"3";"RUE DE L YVETTE";"48,8535630";"2,2662250"
"202000025773";"15";"4";"2020";"13:30";"1";"75";"75109";"2";"1";"1";"6";"RUE DU FAUBOURG POISSONNIERE";"48,8752050";"2,3481120"
"202000025774";"15";"4";"2020";"06:10";"2";"94";"94078";"2";"1";"1";"6";"VICTOR DURUY (R)";"48,7277600";"2,4477700"
"202000025775";"14";"4";"2020";"12:05";"1";"94";"94068";"2";"2";"1";"3";"HENRI MARTIN (AV)";"48,7980000";"2,4880000"
"202000025776";"15";"4";"2020";"20:50";"5";"93";"93048";"2";"2";"1";"6";"R DE PARIS / R DESIRE PREAUX";"48,8572500";"2,4315700"
"202000025777";"15";"4";"2020";"18:40";"1";"93";"93008";"2";"3";"1";"3";"R DE LA REPUBLIQUE / R ALBERT EINSTEIN";"48,9070500";"2,4295400"
"202000025778";"15";"4";"2020";"20:20";"1";"92";"92049";"2";"3";"1";"6";"BROSSOLETTE AVENUE PIERRE/ DORMOY AVENUE MARX N°102 A FIN";"48,8120070";"2,3008180"
"202000025779";"15";"4";"2020";"08:50";"1";"92";"92025";"2";"2";"1";"3";"VERDUN (RUE DE)";"48,9240124";"2,2525740"
"202000025780";"9";"4";"2020";"12:15";"1";"02";"02765";"2";"9";"1";"3";"D65";"49,5188410";"3,5540470"
"202000025781";"13";"3";"2020";"01:10";"5";"01";"01244";"2";"3";"1";"3";"17 Rue du Puits Volant";"45,9092250";"5,1947790"
"202000025782";"15";"4";"2020";"11:00";"1";"16";"16136";"1";"1";"1";"6";"Ld Les Plans";"46,0073816";"0,1677318"
"202000025783";"15";"4";"2020";"14:00";"1";"69";"69277";"1";"9";"1";" -1";"D147";"45,7217390";"5,0236700"
"202000025784";"16";"4";"2020";"09:40";"1";"63";"63178";"2";"9";"1";"6";"2 Boulevard Georges Hainl";"45,5415300";"3,2493440"
"202000025785";"10";"4";"2020";"17:15";"1";"61";"61214";"1";"1";"1";"6";"D13";"48,7763820";"0,5777750"
"202000025786";"14";"4";"2020";"18:30";"1";"47";"47250";"1";"2";"1";"3";"D8";"44,2896980";"0,3118340"
"202000025787";"16";"4";"2020";"08:14";"1";"44";"44079";"1";"1";"1";"6";"Le Moulin Guillet";"47,2143505";" -1,2899542"
"202000025788";"15";"3";"2020";"17:00";"1";"44";"44115";"2";"1";"1";"2";"RD 751C";"47,3458750";" -1,2854060"
"202000025789";"16";"4";"2020";"01:00";"3";"29";"29152";"2";"1";"1";"6";"Port de Carhaix";"48,2398880";" -3,5994057"
"202000025790";"15";"4";"2020";"17:45";"1";"38";"38416";"2";"1";"1";"1";"Rue des Recollets";"45,1567700";"5,3212900"
"202000025791";"16";"4";"2020";"15:45";"1";"03";"03280";"1";"1";"1";"6";"N/A";"46,2115031";"2,6125817"
"202000025792";"15";"4";"2020";"07:50";"1";"01";"01183";"2";"3";"1";"3";"212 Route de Thoissey";"46,1107010";"4,7805230"
"202000025793";"16";"4";"2020";"00:00";"3";"01";"01022";"2";"3";"1";"6";"1 Rue de la Côte d'Yon";"45,8719047";"5,6912267"
"202000025794";"15";"4";"2020";"07:30";"1";"26";"26011";"1";"1";"1";"6";"Route de Die";"44,7143510";"5,0467952"
"202000025795";"15";"4";"2020";"19:45";"2";"64";"64045";"2";"1";"1";"1";"LARRONDOKO BIDEA";"43,2537680";" -1,0309770"
"202000025796";"15";"4";"2020";"09:00";"1";"37";"37054";"1";"1";"7";"7";"Avantigny";"47,4745821";"0,6632863"
"202000025797";"15";"4";"2020";"11:35";"1";"53";"53046";"1";"3";"1";"3";"D21";"47,9372700";" -0,5091320"
"202000025798";"15";"4";"2020";"21:40";"3";"66";"66017";"1";"1";"1";"7";"D83";"42,7960070";"3,0266130"
"202000025799";"16";"4";"2020";"11:10";"1";"38";"38556";"1";"2";"1";"5";"Chemin de la Sanne";"45,3671900";"4,8371200"
"202000025800";"16";"4";"2020";"04:40";"5";"79";"79049";"2";"4";"1";"1";"Boulevard du Marechal Foch";"46,8359650";" -0,4979680"
"202000025801";"15";"4";"2020";"10:30";"1";"72";"72264";"1";"8";"1";"1";"Lieu-dit L'asnière";"47,8447960";" -0,3782370"
"202000025802";"15";"4";"2020";"13:15";"1";"22";"22272";"2";"6";"1";"7";"44 Rue de la Métairie Neuve";"48,5607820";" -3,1297520"
"202000025803";"16";"4";"2020";"20:50";"2";"60";"60612";"2";"1";"1";"6";"Route de Saint-léonard";"49,1960430";"2,5675820"
"202000025804";"14";"4";"2020";"20:05";"2";"59";"59350";"1";"1";"1";"2";"ROUTE NATIONALE 356";"50,6185130";"3,0809250"
"202000025805";"15";"4";"2020";"18:13";"1";"92";"92019";"1";"1";"1";"3";"RN 385 INT";"48,7718822";"2,2433127"
"202000025806";"15";"4";"2020";"01:50";"3";"93";"93053";"1";"1";"1";"6";"AUTOROUTE A86";"48,9011900";"2,4692700"
"202000025807";"29";"1";"2020";"07:50";"2";"59";"59378";"1";"1";"1";"6";"ROUTE NATIONALE 356";"50,6572530";"3,1114650"
"202000025808";"13";"4";"2020";"19:05";"3";"988";"98818";"2";"1";"1";"1";"GERVOLINO (RUE ROGER)";" -22,2622200";"166,4717800"
"202000025809";"14";"4";"2020";"14:40";"1";"973";"97302";"2";"2";"1";"3";"BASSIERE (LEON) CITE THEMIRE";"4,9341755";" -52,3204136"
"202000025810";"14";"4";"2020";"09:50";"1";"69";"69387";"2";"3";"1";"3";"DOMER                               (R )";"45,7466500";"4,8441400"
"202000025811";"14";"4";"2020";"04:40";"3";"95";"95539";"1";"1";"1";"6";"RD 301";"49,0074400";"2,3539800"
"202000025812";"14";"4";"2020";"10:40";"1";"91";"91549";"2";"9";"1";"3";"RD 117";"48,6258800";"2,3421000"
"202000025813";"14";"4";"2020";"15:00";"1";"91";"91223";"1";"1";"1";"2";"R.N.20";"48,4407000";"2,1740500"
"202000025814";"8";"4";"2020";"03:00";"3";"83";"83034";"1";"1";"1";"6";"ROUTE DE LA MOUTONNE";"43,1133400";"6,0548800"
"202000025815";"14";"4";"2020";"19:00";"1";"57";"57487";"2";"1";"1";"1";"VERDUN (RUE DE )";"49,1073222";"6,1070077"
"202000025816";"13";"4";"2020";"21:45";"5";"56";"56121";"2";"6";"1";"2";"KERVARIC (ROND POINT DE )";"47,7479600";" -3,3884700"
"202000025817";"12";"4";"2020";"10:30";"1";"56";"56098";"2";"1";"1";"7";"PEN MANE (RUE DE)";"47,7595200";" -3,3254400"
"202000025818";"9";"4";"2020";"04:20";"3";"54";"54149";"1";"1";"1";"6";"D521";"49,4373000";"5,9252000"
"202000025819";"8";"4";"2020";"10:45";"1";"54";"54323";"2";"1";"1";"1";"MERCY (RUE)";"49,5284000";"5,7633000"
"202000025820";"14";"4";"2020";"09:45";"1";"45";"45169";"2";"1";"1";"6";"71 Rue du Chateau d'Eau";"47,9267610";"1,8315240"
"202000025821";"14";"4";"2020";"08:10";"1";"45";"45234";"2";"1";"1";"5";"Avenue des Droits de l'Homme";"47,9237291";"1,9351703"
"202000025822";"14";"4";"2020";"20:50";"5";"37";"37261";"2";"1";"1";"1";"LAPONNERAYE (RUE)";"47,3831222";"0,6894884"
"202000025823";"10";"4";"2020";"22:30";"5";"35";"35238";"2";"1";"1";"7";"31 Avenue Jean Janvier";"48,1063770";" -1,6729580"
"202000025824";"14";"4";"2020";"11:15";"1";"13";"13206";"2";"2";"1";"3";"PARADIS (RUE)";"43,2832000";"5,3810900"
"202000025825";"14";"4";"2020";"09:05";"1";"06";"06069";"2";"1";"1";"6";"DE LATTRE DE TASSIGNY (AVENUE DU MARECHA";"43,6501390";"6,9226190"
"202000025826";"14";"4";"2020";"17:10";"1";"75";"75114";"2";"1";"1";"3";"PORTE D ORLEANS";"48,8194170";"2,3282900"
"202000025827";"14";"4";"2020";"19:00";"1";"75";"75115";"2";"2";"1";"2";"RUE DE LA CONVENTION";"48,8410980";"2,2879040"
"202000025828";"13";"4";"2020";"11:35";"1";"75";"75112";"2";"3";"1";"6";"RUE DE FECAMP";"48,8381870";"2,3994150"
"202000025829";"14";"4";"2020";"16:45";"1";"75";"75111";"2";"1";"1";"6";"CITE DES TROIS BORNES";"48,8668260";"2,3721270"
"202000025830";"14";"4";"2020";"14:05";"1";"75";"75111";"2";"1";"1";"2";"BOULEVARD DE MENILMONTANT";"48,8602380";"2,3885590"
"202000025831";"14";"4";"2020";"16:00";"1";"75";"75110";"2";"2";"1";"3";"RUE DES VINAIGRIERS";"48,8731700";"2,3614840"
"202000025832";"14";"4";"2020";"18:45";"1";"94";"94081";"2";"1";"1";"6";"GERMAIN PINSON (R)";"48,7963000";"2,3843000"
"202000025833";"14";"4";"2020";"19:15";"1";"94";"94017";"2";"1";"1";"6";"MAURICE THOREZ (AV)";"48,8104200";"2,5367700"
"202000025834";"14";"4";"2020";"17:00";"1";"93";"93064";"2";"1";"1";"3";"DE GAULLE (AV DU GENERAL) 58/49 - FIN";"48,8777020";"2,4796070"
"202000025835";"11";"4";"2020";"16:20";"1";"92";"92063";"2";"3";"1";"2";"GALLIENI (RUE)";"48,8747980";"2,2009940"
"202000025836";"14";"4";"2020";"17:15";"1";"972";"97222";"2";"1";"1";"1";"Route de Chere Epice";"14,6954850";" -60,9701090"
"202000025837";"14";"4";"2020";"10:20";"1";"972";"97229";"2";"1";"1";"3";"Boulevard du General de Gaulle";"14,6089070";" -61,0923420"
"202000025838";"15";"4";"2020";"00:45";"5";"91";"91553";"2";"1";"1";"6";"Route de Maupertuis";"48,6308630";"2,4970610"
"202000025839";"14";"4";"2020";"17:10";"1";"46";"46083";"1";"4";"1";"3";"Cressensac-Sarrazac";"45,0099120";"1,5770590"
"202000025840";"15";"4";"2020";"13:30";"1";"60";"60515";"1";"1";"1";"6";"D36";"49,4791955";"2,5288068"
"202000025841";"14";"4";"2020";"17:50";"1";"16";"16134";"1";"1";"1";"6";"Ld Chantegrolle";"45,8719062";"0,6621208"
"202000025842";"14";"4";"2020";"08:55";"1";"87";"87012";"1";"1";"7";"7";"Route nationale 147";"46,0614880";"1,1150850"
"202000025843";"14";"4";"2020";"11:30";"1";"35";"35352";"2";"6";"1";"3";"Avenue de la Chalotais";"48,0451670";" -1,6046580"
"202000025844";"10";"4";"2020";"11:00";"1";"69";"69115";"1";"1";"1";"6";"A6";"45,9762670";"4,7342710"
"202000025845";"14";"4";"2020";"20:45";"5";"2A";"2A300";"1";"1";"1";"7";"T10";"41,6565170";"9,3029585"
"202000025846";"14";"4";"2020";"17:50";"1";"14";"14015";"1";"1";"1";"1";"D79";"49,2498690";" -0,4022400"
"202000025847";"14";"4";"2020";"16:00";"1";"13";"13202";"1";"1";"1";"7";"TVPCD-Sens Les Ports vers Saint Victor";"43,2940509";"5,3639865"
"202000025848";"9";"4";"2020";"20:45";"2";"59";"59646";"1";"1";"1";"6";"AUTOROUTE A22";"50,6833460";"3,1120320"
"202000025849";"13";"4";"2020";"20:02";"1";"78";"78217";"1";"9";"1";"7";"A13";"48,9657590";"1,8092660"
"202000025850";"14";"4";"2020";"15:30";"1";"77";"77372";"1";"1";"1";"2";"A104";"48,8756100";"2,6689860"
"202000025851";"13";"4";"2020";"19:30";"5";"973";"97302";"2";"1";"1";"3";"MADELEINE (ROUTE DE LA)";"4,9335128";" -52,3263681"
"202000025852";"13";"4";"2020";"14:00";"1";"69";"69386";"2";"2";"1";"3";"VIABERT (DE LA)                     (R )";"45,7663769";"4,8672259"
"202000025853";"12";"4";"2020";"11:23";"1";"45";"45068";"2";"1";"1";"6";"Rue Roger Salengro";"48,0196300";"2,7152700"
"202000025854";"13";"4";"2020";"21:15";"3";"07";"07316";"1";"1";"1";"6";"RHONE (CHEMIN DU)";"44,8860640";"4,8542030"
"202000025855";"13";"4";"2020";"20:05";"2";"75";"75120";"2";"1";"1";"6";"RUE LOUIS LUMIERE";"48,8622070";"2,4109700"
"202000025856";"13";"4";"2020";"16:10";"1";"75";"75119";"2";"2";"1";"3";"AVENUE JEAN JAURES";"48,8828090";"2,3702800"
"202000025857";"12";"4";"2020";"11:28";"1";"75";"75112";"2";"2";"1";"3";"BOULEVARD PONIATOWSKI";"48,8318250";"2,3976620"
"202000025858";"13";"4";"2020";"19:55";"1";"93";"93078";"2";"1";"1";"6";"BD ROBERT BALLANGER";"48,9562810";"2,5412340"