"Num_Acc";"jour";"mois";"an";"hrmn";"lum";"dep";"com";"agg";"int";"atm";"col";"adr";"lat";"long"
"202000025859";"13";"4";"2020";"22:30";"3";"54";"54070";"1";"1";"1";"6";"D70";"48,7966170";"6,3502910"
"202000025860";"14";"4";"2020";"16:24";"1";"10";"10290";"1";"1";"1";"7";"D211";"48,2593310";"3,6538180"
"202000025861";"14";"4";"2020";"07:50";"1";"67";"67445";"2";"3";"7";"1";"14 Rue de la Gare";"48,2879181";"7,4276447"
"202000025862";"14";"4";"2020";"16:30";"1";"12";"12267";"1";"1";"7";"1";"D902";"44,0662240";"2,5158900"
"202000025863";"14";"4";"2020";"08:00";"1";"86";"86226";"2";"1";"7";"6";"Rue de Poitiers";"46,5588280";"0,5076970"
"202000025864";"14";"4";"2020";"06:50";"3";"974";"97410";"2";"1";"1";"6";"Route Nationale 2";" -21,0741390";"55,7399830"
"202000025865";"14";"4";"2020";"09:50";"1";"26";"26333";"2";"1";"1";"7";"Quai Sarrère";"45,1803630";"4,8139830"
"202000025866";"14";"4";"2020";"08:15";"1";"62";"62123";"1";"1";"1";"6";"D148";"50,5740390";"1,8223880"
"202000025867";"14";"4";"2020";"14:30";"1";"44";"44069";"1";"2";"1";"1";"Route de Cogea";"47,3445860";" -2,3527560"
"202000025868";"12";"4";"2020";"11:37";"1";"35";"35243";"1";"1";"1";"7";"La Basse Moriere";"48,3615024";" -1,2804077"
"202000025869";"14";"4";"2020";"14:15";"1";"03";"03082";"2";"2";"1";"1";"16 Rue de la République";"46,2878708";"2,7399411"
"202000025870";"14";"4";"2020";"16:10";"1";"03";"03084";"2";"9";"1";"7";"Route d’Herisson";"46,4741217";"2,8234217"
"202000025871";"13";"4";"2020";"21:00";"3";"01";"01269";"1";"1";"1";"6";"D1084";"46,1626340";"5,5961770"
"202000025872";"14";"4";"2020";"13:48";"1";"38";"38351";"1";"1";"1";"5";"D522";"45,5359100";"5,2276000"
"202000025873";"9";"4";"2020";"00:10";"5";"973";"97312";"2";"1";"1";"3";"Rue Léonel Dréan";"5,3795824";" -52,9578495"
"202000025874";"13";"4";"2020";"19:00";"1";"28";"28355";"2";"1";"1";"6";"89 Place des Tilleuls";"48,8561740";"1,5312890"
"202000025875";"4";"4";"2020";"11:35";"1";"83";"83071";"2";"1";"1";"6";"Avenue Albert Roux";"43,1373320";"6,2328690"
"202000025876";"13";"4";"2020";"15:35";"1";"33";"33498";"1";"1";"7";"6";"67 Route de Compostelle";"44,5869650";" -0,7757970"
"202000025877";"13";"4";"2020";"18:50";"1";"85";"85129";"1";"1";"1";"6";"Constantine";"46,8385630";" -1,4669320"
"202000025878";"12";"4";"2020";"17:50";"5";"974";"97411";"2";"1";"2";"2";"PITON (ROUTE DU BOIS DE NEFLES)";" -20,9260000";"55,4736000"
"202000025879";"11";"4";"2020";"09:30";"1";"974";"97411";"2";"1";"2";"1";"Route de Domenjod";" -20,9122730";"55,5065960"
"202000025880";"12";"4";"2020";"20:25";"3";"973";"97302";"1";"1";"1";"7";"MARINGOUINS (ROND-POINT)";"4,9075000";" -52,3220000"
"202000025881";"12";"4";"2020";"17:00";"1";"972";"97213";"2";"1";"1";"7";"MORNE PITAULT (ROUTE DE)";"14,6208000";" -60,9488000"
"202000025882";"11";"4";"2020";"21:30";"3";"972";"97209";"1";"1";"1";"6";"RN9";"14,6151600";" -61,0407800"
"202000025883";"12";"4";"2020";"16:40";"1";"91";"91174";"2";"1";" -1";"6";"René Pierre (rue)";"48,5987000";"2,4763200"
"202000025884";"12";"4";"2020";"17:55";"1";"83";"83137";"2";"1";"1";"7";"LAFONTAN (QUAI)";"43,1186200";"5,9359600"
"202000025885";"12";"4";"2020";"10:05";"1";"60";"60057";"2";"1";"1";"6";"MONTIER (RUE DU)";"49,4313393";"2,1081884"
"202000025886";"11";"4";"2020";"20:10";"1";"44";"44109";"1";"1";"1";"7";"PONT DE CHEVIRE";"47,1932400";" -1,6136400"
"202000025887";"8";"4";"2020";"20:30";"3";"35";"35278";"1";"1";"1";"6";"BERTAICHE  (11 LIEU DIT)";"48,1639800";" -1,6824700"
"202000025888";"12";"4";"2020";"20:25";"2";"35";"35238";"1";"9";"1";"7";"RN 136 PORTE DE CLEUNAY";"48,1009900";" -1,7145200"
"202000025889";"12";"4";"2020";"14:00";"1";"30";"30007";"2";"1";"1";"7";"ROYALE (ROUTE DE LA )";"44,1449660";"4,0726850"
"202000025890";"11";"4";"2020";"09:50";"1";"29";"29039";"2";"6";"1";"3";"Rond Point de Keriolet";"47,8883900";" -3,9188700"
"202000025891";"11";"4";"2020";"17:30";"1";"14";"14069";"1";"1";"1";"6";"SAP (ROUTE DU)";"49,1288500";"0,2473670"
"202000025892";"12";"4";"2020";"23:30";"5";"06";"06069";"2";"1";"1";"6";"PEGOMAS (ROUTE DE)";"43,6423360";"6,9378990"
"202000025893";"11";"4";"2020";"21:35";"5";"75";"75116";"2";"2";"1";"6";"RUE DE LA POMPE";"48,8639600";"2,2773880"
"202000025894";"12";"4";"2020";"21:30";"5";"93";"93070";"2";"2";"1";"3";"AV MICHELET / R GODILLOT";"48,9105000";"2,3441000"
"202000025895";"12";"4";"2020";"18:40";"1";"95";"95205";"2";"1";"1";"6";"22 Rue Jean Jaurès";"49,0346040";"2,3726510"
"202000025896";"11";"4";"2020";"12:00";"1";"58";"58086";"1";"1";"1";"7";"Rue de Montchevreau";"47,3898590";"2,9397760"
"202000025897";"12";"4";"2020";"23:45";"3";"62";"62439";"2";"1";"1";"6";"Route de ventu";"50,7980560";"1,8758620"
"202000025898";"12";"4";"2020";"16:15";"1";"62";"62859";"2";"2";"1";"3";"22 Rue de Wavans";"50,2289310";"2,2092390"
"202000025899";"12";"4";"2020";"21:50";"5";"47";"47106";"2";"1";"1";"6";"90 Avenue Gambetta";"44,4971170";"0,9895170"
"202000025900";"12";"4";"2020";"09:45";"1";"01";"01258";"1";"1";"1";"6";"1 Route de Francheleins";"46,0968010";"4,7737800"
"202000025901";"12";"4";"2020";"21:10";"3";"50";"50425";"1";"1";"1";"7";"23 Hameau Delay";"49,5291220";" -1,6527180"
"202000025902";"12";"4";"2020";"20:30";"2";"28";"28147";"1";"1";"1";"1";"D23";"48,5356150";"1,2407520"
"202000025903";"12";"4";"2020";"15:10";"1";"17";"17463";"1";"1";"1";"7";"Chemin de l'Aire de Loisirs";"45,9735310";" -0,9892200"
"202000025904";"13";"4";"2020";"10:05";"1";"84";"84054";"2";"1";"1";"6";"Route de Robion";"43,9132520";"5,0533140"
"202000025905";"9";"4";"2020";"21:40";"3";"35";"35089";"1";"2";"1";"3";"le pas RD 163";"47,8820726";" -1,4942728"
"202000025906";"12";"4";"2020";"09:20";"1";"13";"13005";"1";"1";"1";"7";"A50-Sens Marseille vers Aubagne";"43,2890685";"5,5596029"
"202000025907";"12";"4";"2020";"00:55";"3";"33";"33075";"1";"1";"1";"2";"ROCADE A 630";"44,8868900";" -0,6210100"
"202000025908";"12";"4";"2020";"04:31";"3";"91";"91286";"1";"1";"1";"6";"AUTOROUTE A6";"48,6576840";"2,3762880"
"202000025909";"11";"4";"2020";"17:30";"1";"988";"98818";"2";"3";"1";"5";"RUE PELATAN/RUE AMPERE";" -22,2309900";"166,4496400"
"202000025910";"9";"4";"2020";"02:00";"5";"972";"97213";"1";"1";"1";"6";"VIEUX CHEMIN CALIFORNIE (RUE DU)";"14,6225000";" -61,0238800"
"202000025911";"10";"4";"2020";"19:35";"5";"972";"97209";"1";"1";"1";"3";"REDOUTE (ROUTE DE LA)";"14,6187000";" -61,0609000"
"202000025912";"10";"4";"2020";"21:05";"5";"91";"91201";"2";"3";"1";"6";"PIERRE BROSSOLETTE (RUE)";"48,6793000";"2,4127500"
"202000025913";"10";"4";"2020";"17:12";"1";"77";"77294";"1";"3";"1";"6";"D9";"48,9843408";"2,6229858"
"202000025914";"11";"4";"2020";"15:10";"1";"37";"37261";"2";"1";"1";"6";"DE GAULLE (AVENUE DU GENERAL)";"47,3817806";"0,7045778"
"202000025915";"10";"4";"2020";"17:35";"1";"34";"34172";"2";"8";"1";"2";"MOULINS (AVENUE DES";"43,6305300";"3,8417700"
"202000025916";"10";"4";"2020";"21:20";"5";"75";"75111";"2";"3";"1";"2";"AVENUE PARMENTIER";"48,8606480";"2,3783280"
"202000025917";"10";"4";"2020";"21:20";"5";"75";"75107";"2";"7";"1";"6";"PLACE ANDRE TARDIEU";"48,8514270";"2,3144670"
"202000025918";"11";"4";"2020";"18:40";"1";"93";"93032";"2";"1";"1";"6";"R MOLIERE";"48,8687866";"2,5680114"
"202000025919";"11";"4";"2020";"15:55";"1";"92";"92025";"2";"1";"1";"3";"VALMY (BD DE)";"48,9287730";"2,2543690"
"202000025920";"11";"4";"2020";"02:02";"5";"92";"92023";"2";"6";"1";"7";"VILLACOUBLAY (AVENUE DE)";"48,7843970";"2,2346910"
"202000025921";"11";"4";"2020";"18:30";"1";"28";"28196";"1";"1";"1";"7";"Vallière";"48,2813400";"1,2515990"
"202000025922";"11";"4";"2020";"15:30";"1";"972";"97223";"1";"1";"1";"6";"1001 Chemin de Vieille Citerne";"14,5499290";" -60,8998130"
"202000025923";"11";"4";"2020";"17:00";"1";"78";"78104";"1";"9";"1";"6";"Chemin de l'Epine";"48,9507920";"1,7184810"
"202000025924";"11";"4";"2020";"19:15";"1";"10";"10416";"1";"3";"1";"7";"D85";"48,2028460";"4,1040000"
"202000025925";"12";"4";"2020";"13:07";"1";"49";"49244";"1";"1";"1";"6";"D151";"47,3417310";" -0,8692930"
"202000025926";"12";"4";"2020";"01:45";"4";"77";"77529";"2";"1";"1";"7";"Rue de Villiers";"48,8496160";"2,8950210"
"202000025927";"11";"4";"2020";"09:56";"1";"78";"78442";"2";"2";"1";"3";"2 Rue des Soupirs";"48,8154200";"1,8999430"
"202000025928";"12";"4";"2020";"03:10";"3";"38";"38412";"1";"1";"1";"1";"RD520";"45,3830300";"5,7095300"
"202000025929";"12";"4";"2020";"02:00";"3";"26";"26197";"1";"1";"1";"6";"Avenue de Provence";"44,9411600";"5,0286270"
"202000025930";"10";"4";"2020";"21:00";"3";"59";"59308";"1";"2";"1";"3";"La Longue Croix";"50,7527440";"2,4743140"
"202000025931";"11";"4";"2020";"14:30";"1";"92";"92050";"1";"1";"1";"7";"A14";"48,9012352";"2,2056274"
"202000025932";"11";"4";"2020";"16:50";"1";"93";"93027";"1";"1";"1";"6";"BDL";"48,9271000";"2,4034700"
"202000025933";"10";"4";"2020";"22:40";"5";"93";"93066";"1";"1";"1";"6";"AUTOROUTE A1";"48,9281100";"2,3580300"
"202000025934";"10";"4";"2020";"17:00";"1";"94";"94052";"1";"1";"1";"2";"A4";"48,8269600";"2,4681800"
"202000025935";"10";"4";"2020";"06:15";"1";"988";"98818";"2";"2";"1";"3";"ECHANGEUR BONAPARTE";" -22,2420783";"166,4574211"
"202000025936";"11";"4";"2020";"03:05";"5";"974";"97407";"1";"1";"1";"6";"ROUTE NATIONALE N° 1";" -20,9555000";"55,3119900"
"202000025937";"10";"4";"2020";"18:30";"2";"973";"97302";"2";"1";"1";" -1";"ILET MALOUIN";"4,9294135";" -52,3327571"
"202000025938";"10";"4";"2020";"08:30";"1";"973";"97302";"2";"2";"1";"3";"LALLOUETTE(RUE)";"4,9394973";" -52,3343664"
"202000025939";"9";"4";"2020";"11:50";"1";"973";"97302";"2";"9";"1";"3";"RABAN (ROUTE DE)";"4,9234529";" -52,3125137"
"202000025940";"10";"4";"2020";"15:50";"1";"972";"97209";"2";"1";"1";"1";"CHATEAUBOEUF (ROUTE DE)";"14,6195000";" -61,0438000"
"202000025941";"10";"4";"2020";"15:11";"1";"91";"91692";"2";"6";"1";"3";"DORDOGNE (AVENUE DE)";"48,6765500";"2,1669500"
"202000025942";"9";"4";"2020";"17:35";"1";"78";"78335";"1";"1";"1";"1";"RD983";"48,9850000";"1,7278700"
"202000025943";"9";"4";"2020";"23:00";"5";"76";"76319";"1";"1";"1";"7";"ESSARTS. RUE DES (CD 13)";"49,3382604";"1,0140420"
"202000025944";"9";"4";"2020";"15:00";"1";"64";"64122";"2";"1";"1";"6";"16 Avenue Henri Haget";"43,4811190";" -1,5376270"
"202000025945";"10";"4";"2020";"10:30";"1";"59";"59648";"2";"2";"1";"3";"14 JUILLET AVENUE DU";"50,5848100";"3,0432900"
"202000025946";"10";"4";"2020";"15:55";"1";"56";"56260";"2";"1";"1";"1";"CHARCOT(RUE DU COMMANDANT)";"47,6510000";" -2,7829000"
"202000025947";"9";"4";"2020";"13:00";"1";"56";"56098";"2";"6";"1";"3";"LE COUTALLER (RUE  JEAN )";"47,7597500";" -3,3309500"
"202000025948";"10";"4";"2020";"14:24";"1";"45";"45234";"2";"1";"1";"1";"Boulevard de Verdun";"47,9069700";"1,9039000"
"202000025949";"10";"4";"2020";"23:50";"5";"38";"38421";"1";"1";"1";"6";"Boulevard Dulcie September";"45,1666000";"5,7575000"
"202000025950";"10";"4";"2020";"17:10";"1";"35";"35051";"1";"1";"1";" -1";"Rocade 17-2";"48,1372600";" -1,5775700"
"202000025951";"10";"4";"2020";"20:30";"5";"34";"34172";"2";"1";"1";"1";"FIGAIRASSE (RUE DE LA)";"43,6042500";"3,8580200"
"202000025952";"10";"4";"2020";"21:40";"5";"33";"33063";"2";"1";"1";"6";"Cours Saint Louis";"44,8580200";" -0,5699200"
"202000025953";"9";"4";"2020";"19:55";"2";"31";"31555";"1";"1";"1";"6";"VA007331 A620";"43,5755838";"1,4414885"
"202000025954";"9";"4";"2020";"14:40";"1";"31";"31149";"2";"3";"1";"3";"CHE DEL PEY";"43,6038700";"1,3138400"
"202000025955";"18";"12";"2020";"11:00";"1";"72";"72054";"1";"6";"1";"3";"Saint Hubert des Rochers";"48,0076110";"0,3381730"
"202000025956";"17";"12";"2020";"17:00";"5";"06";"06010";"2";"1";"9";"3";"630 Avenue Amiral de Grasse";"43,6984350";"6,9860530"
"202000025957";"18";"12";"2020";"01:00";"3";"14";"14576";"1";"1";"1";"6";"579";"48,9648360";"0,1706740"
"202000025958";"17";"12";"2020";"12:50";"1";"64";"64259";"1";"1";"8";"1";"CD 22 - PK39.100 CROISSANT";"43,2844300";" -1,2370290"
"202000025959";"18";"12";"2020";"18:00";"3";"64";"64371";"1";"1";"1";"1";"Départementale 11";"43,2322120";" -0,8777900"
"202000025960";"17";"12";"2020";"17:50";"3";"18";"18124";"1";"1";"1";"2";"D20";"47,0957500";"2,0920800"
"202000025961";"18";"12";"2020";"07:30";"3";"10";"10194";"1";"1";"1";"6";"La Fringale, D384";"48,2969560";"4,7279830"
"202000025962";"17";"12";"2020";"17:45";"5";"07";"07319";"2";"1";"3";"6";"33 Boulevard Jean JAURES";"44,5483680";"4,6815700"
"202000025963";"18";"12";"2020";"08:00";"5";"85";"85047";"2";"1";"8";"6";"Route de Cholet";"46,8484670";" -1,8723960"
"202000025964";"6";"12";"2020";"02:15";"3";"28";"28236";"2";"1";"2";"2";"D110.8";"48,3244510";"0,8319650"
"202000025965";"18";"12";"2020";"17:00";"5";"48";"48080";"2";"1";"2";"6";"Avenue Jean Jaurès";"44,7289000";"3,8592320"
"202000025966";"18";"12";"2020";"10:25";"1";"10";"10380";"1";"1";"1";"7";"A26";"48,5147030";"4,1742990"
"202000025967";"18";"12";"2020";"15:35";"1";"38";"38545";"1";"1";"1";"2";"A51";"45,0533300";"5,6861900"
"202000025968";"16";"12";"2020";"06:30";"3";"40";"40291";"1";"1";"1";"4";"Autoroute 63 - PR 148+700 N/S";"43,6620970";" -1,3262990"
"202000025969";"18";"12";"2020";"14:15";"1";"49";"49323";"2";"2";"1";"3";"Rue de la Bataillère";"47,5196060";" -0,4361110"
"202000025970";"17";"12";"2020";"20:10";"3";"88";"88390";"1";"1";"5";"2";"A31 - P 161+350 sens DIJON - NANCY";"48,1401365";"5,6816483"
"202000025971";"17";"12";"2020";"20:13";"5";"06";"06085";"1";"1";"1";"1";"Chemin de Carimail";"43,5754710";"6,9776490"
"202000025972";"8";"11";"2020";"11:50";"1";"69";"69112";"1";"9";"2";" -1";"A89 pk 538.200";"45,8237530";"4,6865170"
"202000025973";"16";"12";"2020";"19:30";"3";"987";"98724";"1";"1";"1";"1";"RT 111 District de PAREA au niveau du magasin HINE";" -16,7273840";" -151,0112500"
"202000025974";"17";"12";"2020";"18:30";"5";"988";"98817";"2";"6";"1";"7";"rond point du collège de Plum";" -22,2761900";"166,6369340"
"202000025975";"18";"12";"2020";"17:00";"1";"974";"97418";"1";"1";"1";"2";"Route Nationale 2";" -20,8978670";"55,5766580"
"202000025976";"17";"12";"2020";"19:30";"3";"973";"97311";"1";"1";"2";"7";"PK9";"5,4297436";" -54,0401173"
"202000025977";"19";"11";"2020";"07:55";"1";"971";"97117";"1";"2";"1";"3";"Route de Bellevue";"16,3269120";" -61,3662490"
"202000025978";"18";"12";"2020";"15:15";"1";"978";"97801";"1";"1";"1";"1";"RN7 - Friar's Bay";"18,0806720";" -63,0745050"
"202000025979";"17";"12";"2020";"10:10";"1";"41";"41206";"1";"1";"8";"1";"D50";"47,6349740";"1,3580990"
"202000025980";"18";"12";"2020";"17:10";"3";"77";"77328";"1";"1";"1";"7";"D152";"48,3051140";"2,4373340"
"202000025981";"18";"12";"2020";"14:30";"1";"95";"95355";"2";"1";"1";"3";"6 Rue Eugène Blouin";"49,1547910";"1,7910720"
"202000025982";"17";"12";"2020";"19:40";"5";"91";"91136";"2";"1";"8";"1";"112 Route de Versailles";"48,7044500";"2,2799060"
"202000025983";"17";"12";"2020";"11:30";"1";"66";"66210";"2";"6";"8";"3";"Rue des Freres Mach";"42,6280810";"2,7567530"
"202000025984";"17";"12";"2020";"12:20";"1";"34";"34151";"1";"9";"8";"1";"Saint Roman";"43,6137390";"4,1434980"
"202000025985";"17";"12";"2020";"10:50";"1";"34";"34145";"1";"1";"2";"5";"D61 Route de la Mer";"43,6775950";"4,1507180"
"202000025986";"18";"12";"2020";"18:48";"5";"13";"13015";"2";"1";"1";"6";"Avenue de Violesi";"43,4441480";"5,3975920"
"202000025987";"18";"12";"2020";"14:30";"1";"27";"27439";"1";"1";"1";"1";"Rue de l'Iton";"49,0645600";"1,1638640"
"202000025988";"18";"12";"2020";"15:05";"1";"62";"62589";"1";"1";"7";"1";"D341";"50,3499060";"2,6861930"
"202000025989";"18";"12";"2020";"11:00";"1";"59";"59249";"2";"4";"7";"6";"54 Rue Berthelot";"50,0179880";"4,0480650"
"202000025990";"17";"12";"2020";"16:00";"1";"13";"13215";"1";"1";"1";"4";"A7-Sens Marseille vers Lyon";"43,3529600";"5,3654800"
"202000025991";"16";"12";"2020";"18:40";"5";"13";"13211";"1";"1";"1";"4";"A50-Sens Marseille vers Aubagne";"43,2869300";"5,4362200"
"202000025992";"16";"12";"2020";"08:30";"1";"13";"13055";"1";"1";"1";"4";"A507 sens Marseille - Aubagne";"43,2883775";"5,4245492"
"202000025993";"17";"12";"2020";"08:43";"1";"83";"83129";"1";"1";"1";"5";"A50";"43,1203800";"5,8449200"
"202000025994";"16";"12";"2020";"08:35";"1";"33";"33167";"1";"1";"1";"5";"ROUTE NATIONALE 230";"44,8458200";" -0,5023900"
"202000025995";"17";"12";"2020";"08:05";"2";"91";"91377";"1";"1";"1";"3";"AUTOROUTE A10";"48,7275600";"2,3039600"
"202000025996";"17";"12";"2020";"09:37";"1";"94";"94003";"1";"1";"2";"2";"AUTOROUTE A6B";"48,7990300";"2,3437300"
"202000025997";"17";"12";"2020";"08:55";"2";"91";"91432";"1";"1";"8";"4";"AUTOROUTE A6";"48,6937000";"2,3201000"
"202000025998";"17";"12";"2020";"08:15";"4";"91";"91136";"1";"1";"1";"6";"AUTOROUTE A10";"48,7129000";"2,2832000"
"202000025999";"16";"12";"2020";"19:00";"4";"94";"94021";"1";"1";"1";"4";"AUTOROUTE A6A";"48,7600000";"2,3383000"
"202000026000";"16";"12";"2020";"12:00";"1";"91";"91589";"1";"1";"1";"5";"AUTOROUTE A6";"48,6774100";"2,3379200"
"202000026001";"16";"12";"2020";"18:10";"5";"92";"92026";"1";"1";"1";"2";"RN1014 Y";"48,8876452";"2,2517413"
"202000026002";"17";"12";"2020";"08:30";"1";"92";"92050";"1";"1";"2";"6";"A86";"48,9181388";"2,2227647"
"202000026003";"17";"12";"2020";"08:15";"5";"93";"93010";"1";"1";"1";"7";"AUTOROUTE A3";"48,8920200";"2,4731900"
"202000026004";"16";"12";"2020";"18:20";"4";"95";"95582";"1";"1";"1";"4";" A15";"48,9657400";"2,2592900"
"202000026005";"16";"12";"2020";"18:20";"3";"95";"95018";"1";"1";"1";"2";" A15";"48,9565900";"2,2770800"
"202000026006";"17";"12";"2020";"18:30";"5";"75";"75112";"1";"1";"8";"3";"A4";"48,8200100";"2,4600000"
"202000026007";"26";"7";"2020";"02:00";"3";"02";"02738";"1";"1";"2";"6";"CD1";"49,6647700";"3,2723400"
"202000026008";"16";"12";"2020";"17:35";"1";"974";"97416";"1";"1";"1";"3";"RN1 (ROUTE NATIONALE)";" -21,3021600";"55,4256500"
"202000026009";"16";"12";"2020";"16:15";"1";"974";"97411";"2";"1";"1";"3";"Rue Maurice Tomi";" -20,9076500";"55,5004700"
"202000026010";"16";"12";"2020";"19:30";"4";"973";"97302";"2";"9";"1";"2";"FLAMBOYANTS (RUE DES)";"4,9236467";" -52,3197430"
"202000026011";"16";"12";"2020";"06:27";"5";"973";"97302";"2";"1";"1";"6";"MADELEINE (ROUTE DE LA)";"4,9366768";" -52,3259497"
"202000026012";"16";"12";"2020";"17:45";"5";"69";"69388";"2";"1";"1";"2";"JEAN MERMOZ                         (AV)";"45,7339500";"4,8768400"
"202000026013";"16";"12";"2020";"12:45";"1";"69";"69383";"2";"1";"1";"3";"MARIUS VIVIER MERLE                 (BD)";"45,7593900";"4,8583000"
"202000026014";"16";"12";"2020";"06:42";"5";"69";"69387";"2";"2";"1";"3";"JEAN JAURES                         (AV)";"45,7515940";"4,8456600"
"202000026015";"13";"12";"2020";"04:55";"5";"69";"69387";"2";"1";"1";"7";"GABRIEL PERI                        (PL)";"45,7551500";"4,8425500"
"202000026016";"16";"12";"2020";"15:10";"1";"972";"97213";"1";"1";"1";"4";"ROUTE NATIONALE 5";"14,5961052";" -60,9893990"
"202000026017";"15";"12";"2020";"17:22";"1";"972";"97213";"1";"1";"2";"3";"MORNE PITAULT (ROUTE DE)";"14,6250300";" -60,9761000"
"202000026018";"16";"12";"2020";"09:30";"1";"972";"97209";"1";"1";"1";"1";"BALATA (ROUTE DE)";"14,6230200";" -61,0721800"
"202000026019";"16";"12";"2020";"07:55";"1";"971";"97101";"1";"9";"1";"3";"ROUTE DE BOULIQUI";"16,2526100";" -61,4447600"
"202000026020";"15";"12";"2020";"22:09";"5";"91";"91021";"2";"6";"1";"6";"RTE DE LIMOURS";"48,5987700";"2,2451200"
"202000026021";"12";"12";"2020";"12:40";"1";"91";"91021";"2";"6";"1";"7";"AV DIVISION LECLERC";"48,5980000";"2,2456100"
"202000026022";"16";"12";"2020";"11:22";"1";"91";"91691";"2";"1";"1";"2";"MARC SANGNIERI(RUE)";"48,7154100";"2,4901800"
"202000026023";"16";"12";"2020";"05:00";"3";"91";"91223";"1";"9";"5";"6";"R.D.20";"48,4344270";"2,1697280"
"202000026024";"11";"12";"2020";"18:52";"2";"87";"87085";"2";"3";"2";"3";"LIBERATION (AVENUE DE LA)";"45,8334000";"1,2574800"
"202000026025";"15";"12";"2020";"12:15";"1";"80";"80021";"2";"1";"1";"3";"MONTESQUIEU (RUE)";"49,9038000";"2,2950640"
"202000026026";"14";"12";"2020";"17:50";"3";"80";"80021";"2";"1";"2";"3";"JULES BARNI (RUE)";"49,8853900";"2,3201500"
"202000026027";"30";"11";"2020";"19:00";"3";"79";"79191";"2";"2";"1";"3";"130 Avenue de Nantes";"46,3408600";" -0,4891800"
"202000026028";"15";"12";"2020";"18:00";"5";"76";"76540";"2";"1";"1";"2";"CANADIENS. AVENUE DES";"49,4589100";"1,1289700"
"202000026029";"16";"12";"2020";"18:30";"5";"73";"73065";"2";"6";"1";"1";"MOTTE SERVOLEX (AVENUE DE LA)";"45,5818800";"5,8874100"
"202000026030";"15";"12";"2020";"18:45";"5";"71";"71040";"2";"1";"3";"6";"MACON (ROUTE DE)";"46,6863598";"4,3905374"
"202000026031";"16";"12";"2020";"17:20";"2";"71";"71153";"2";"1";"8";"6";"CHANZY (RUE DE)";"46,7952538";"4,4426853"
"202000026032";"3";"12";"2020";"17:30";"5";"69";"69013";"2";"1";"2";"4";"JOUX (avenue de)";"46,0141800";"4,7253400"
"202000026033";"15";"12";"2020";"17:00";"5";"69";"69013";"2";"4";"2";"3";"LONGSARD (route de)";"46,0134363";"4,7075381"
"202000026034";"14";"12";"2020";"18:30";"5";"66";"66136";"2";"1";"1";"3";"LANGUEDOC (AVENUE DU CD 88)";"42,7346900";"2,8901500"
"202000026035";"14";"12";"2020";"08:07";"5";"66";"66037";"2";"1";"1";"4";"Départementale  617";"42,7063924";"2,9903250"
"202000026036";"16";"12";"2020";"17:45";"5";"64";"64445";"2";"1";"1";"3";"EMILE GARET";"43,2990000";" -0,3636700"
"202000026037";"15";"12";"2020";"10:30";"1";"64";"64024";"2";"9";"1";"3";"BAYONNE (AVENUE DE)";"43,4815049";" -1,5104089"
"202000026038";"14";"12";"2020";"12:05";"1";"64";"64102";"2";"1";"1";"2";"MARAIS (ROND POINT DES)";"43,4909800";" -1,4950400"
"202000026039";"15";"12";"2020";"19:40";"5";"63";"63075";"2";"1";"1";"6";"ROYAT (AVENUE DE)";"45,7717930";"3,0596537"
"202000026040";"15";"12";"2020";"07:42";"5";"63";"63113";"2";"4";"1";"6";"LAFAYETTE (BD)";"45,7720326";"3,0986513"
"202000026041";"14";"12";"2020";"06:30";"5";"63";"63113";"2";"5";"1";"2";"COTE BLATIN (BD)";"45,7693731";"3,0909110"
"202000026042";"16";"12";"2020";"22:29";"3";"59";"59560";"2";"1";"2";"3";"CD 925";"50,5406300";"3,0419900"
"202000026043";"5";"12";"2020";"12:50";"1";"58";"58194";"2";"6";"1";"6";"TREIZIEME DE LIGNE";"46,9940900";"3,1363800"
"202000026044";"15";"12";"2020";"17:50";"4";"56";"56098";"1";"1";"2";"4";"RN 165 bretelle échangeur";"47,7783700";" -3,3519100"
"202000026045";"15";"12";"2020";"09:00";"1";"56";"56083";"2";"6";"2";"3";"ALLENDE ( AV. PRES. SALVADOR )";"47,8154800";" -3,2439500"
"202000026046";"14";"12";"2020";"13:15";"1";"50";"50129";"2";"2";"1";"3";"POLLE (RUE DE LA)";"49,6391100";" -1,6379300"
"202000026047";"14";"12";"2020";"08:20";"2";"49";"49007";"2";"1";"1";"3";"DESCAZEAUX BOULEVARD";"47,4756500";" -0,5639500"
"202000026048";"15";"12";"2020";"20:35";"5";"49";"49007";"2";"1";"1";"7";"KENNEDY PLACE";"47,4692664";" -0,5580658"
"202000026049";"15";"12";"2020";"17:48";"1";"49";"49267";"1";"1";"1";"2";"A87N";"47,4864200";" -0,4976100"
"202000026050";"15";"12";"2020";"15:24";"1";"49";"49007";"2";"1";"1";"2";"COUBERTIN BOULEVARD";"47,4629000";" -0,5323000"
"202000026051";"15";"12";"2020";"08:15";"5";"44";"44184";"2";"6";"8";"6";"FAURÉ (RUE GABRIEL)";"47,2699600";" -2,2390400"
"202000026052";"16";"12";"2020";"17:50";"5";"42";"42071";"2";"2";"1";"1";"Route de Commelle";"46,0221540";"4,0840347"