"Num_Acc";"jour";"mois";"an";"hrmn";"lum";"dep";"com";"agg";"int";"atm";"col";"adr";"lat";"long"
"202000026053";"16";"12";"2020";"16:13";"1";"42";"42071";"2";"2";"1";"5";"Boulevard des Etines";"46,0216700";"4,0921200"
"202000026054";"15";"12";"2020";"12:20";"1";"37";"37195";"2";"1";"1";" -1";"MELIES (RUE GEORGES)";"47,3897708";"0,6550162"
"202000026055";"16";"12";"2020";"19:20";"3";"35";"35055";"2";"3";"1";"3";"LOGES (RUE DES)";"48,0863930";" -1,6266560"
"202000026056";"15";"12";"2020";"16:25";"1";"33";"33162";"2";"2";"9";"6";"RUE DU 19 MARS 1962";"44,8770400";" -0,6425100"
"202000026057";"1";"12";"2020";"18:35";"5";"33";"33063";"2";"2";"1";"3";"RUE POMME D'OR";"44,8546900";" -0,5698300"
"202000026058";"10";"12";"2020";"17:37";"5";"33";"33119";"2";"1";"2";"6";"AVE ROGER SCHWOB";"44,8551200";" -0,5185900"
"202000026059";"7";"12";"2020";"08:10";"2";"33";"33063";"2";"1";"3";"6";"AVE MARCEL DASSAULT";"44,8778500";" -0,5753300"
"202000026060";"16";"12";"2020";"20:10";"3";"27";"27681";"1";"1";"1";"7";"D64E (voie nouvelle)";"49,0760600";"1,4377600"
"202000026061";"15";"12";"2020";"16:15";"1";"17";"17306";"2";"7";"1";"6";"Place de la Gare";"45,6259500";" -1,0178200"
"202000026062";"16";"12";"2020";"18:20";"5";"17";"17300";"2";"2";"2";"3";"JOFFRE   BOULEVARD (79 et 18)";"46,1579900";" -1,1421900"
"202000026063";"9";"12";"2020";"12:45";"1";"16";"16015";"2";"1";"1";"6";"Rue du Capitaine Favre";"45,6337580";"0,1651950"
"202000026064";"16";"12";"2020";"09:35";"1";"14";"14271";"2";"1";"1";"2";"RN814";"49,1360100";" -0,3761000"
"202000026065";"16";"12";"2020";"16:30";"1";"13";"13209";"2";"1";"1";"1";"SAINTE MARGUERITE (BOULEVARD)";"43,2623213";"5,4134633"
"202000026066";"16";"12";"2020";"13:41";"1";"13";"13203";"2";"3";"1";"3";"ROGER SALENGRO (AVENUE)";"43,3189390";"5,3677210"
"202000026067";"16";"12";"2020";"07:10";"5";"13";"13215";"2";"3";"1";"6";"VISTE (AVENUE DE LA)";"43,3575520";"5,3575320"
"202000026068";"15";"12";"2020";"17:39";"5";"13";"13208";"2";"1";"1";"3";"HAMBOURG (BOULEVARD)";"43,2543300";"5,3824900"
"202000026069";"15";"12";"2020";"19:00";"5";"13";"13215";"2";"2";"1";"5";"VISTE (AVENUE DE LA)";"43,3604400";"5,3575100"
"202000026070";"15";"12";"2020";"18:25";"3";"13";"13002";"1";"1";"8";"6";"DES TERMES (ROUTE) RD 908";"43,3677200";"5,5254300"
"202000026071";"15";"12";"2020";"17:30";"2";"06";"06027";"2";"1";"1";"3";"NICE AVENUE DE (RN7)";"43,6561000";"7,1547700"
"202000026072";"16";"12";"2020";"14:53";"1";"75";"75106";"2";"2";"1";"3";"RUE SAINT SULPICE";"48,8514770";"2,3370700"
"202000026073";"16";"12";"2020";"11:00";"1";"75";"75105";"2";"2";"1";"2";"RUE MONGE";"48,8444790";"2,3524040"
"202000026074";"16";"10";"2020";"13:45";"1";"75";"75119";"2";"3";"1";"6";"AVENUE DE FLANDRE";"48,8911350";"2,3775560"
"202000026075";"16";"12";"2020";"17:20";"5";"75";"75116";"2";"2";"1";"6";"AVENUE DU PRESIDENT WILSON";"48,8651070";"2,2988940"
"202000026076";"15";"12";"2020";"06:30";"5";"75";"75116";"2";"3";"2";"6";"RUE DE PASSY";"48,8580100";"2,2768680"
"202000026077";"16";"12";"2020";"19:12";"5";"75";"75115";"2";"3";"1";"3";"RUE DE VAUGIRARD";"48,8359660";"2,2936890"
"202000026078";"16";"12";"2020";"18:15";"5";"75";"75115";"2";"2";"1";"6";"RUE DE LA CONVENTION";"48,8421590";"2,2855450"
"202000026079";"14";"12";"2020";"18:00";"5";"75";"75115";"2";"1";"8";"6";"RUE DE LA CONVENTION";"48,8366220";"2,2985590"
"202000026080";"16";"12";"2020";"07:20";"5";"75";"75114";"2";"1";"1";"3";"AVENUE PAUL VAILLANT COUTURIER";"48,8167610";"2,3339710"
"202000026081";"16";"12";"2020";"19:25";"5";"75";"75112";"2";"1";"1";"7";"RUE TAINE";"48,8387040";"2,3933950"
"202000026082";"16";"12";"2020";"14:50";"1";"75";"75111";"2";"1";"1";"3";"BOULEVARD DE CHARONNE";"48,8548080";"2,3955300"
"202000026083";"15";"12";"2020";"11:30";"1";"75";"75108";"2";"7";"1";"7";"PLACE DE LA CONCORDE";"48,8668270";"2,3221170"
"202000026084";"16";"12";"2020";"08:40";"1";"75";"75107";"2";"1";"1";"3";"BOULEVARD DES INVALIDES";"48,8546730";"2,3148500"
"202000026085";"16";"12";"2020";"11:40";"1";"75";"75103";"2";"1";"1";"7";"RUE DE POITOU";"48,8615930";"2,3626910"
"202000026086";"15";"12";"2020";"17:55";"5";"75";"75104";"2";"3";"1";"6";"RUE DE RIVOLI";"48,8552200";"2,3611480"
"202000026087";"15";"12";"2020";"16:00";"1";"75";"75102";"2";"7";"1";"3";"BOULEVARD DES CAPUCINES";"48,8706110";"2,3320550"
"202000026088";"16";"12";"2020";"14:25";"1";"94";"94058";"2";"1";"1";"3";"PIERRE BROSSOLETTE (AV)";"48,8352026";"2,4994637"
"202000026089";"16";"12";"2020";"17:20";"5";"94";"94037";"2";"1";"1";"6";"VICTOIRE DU HUIT MAI 1945 (PL DE LA)";"48,8165010";"2,3512210"
"202000026090";"16";"12";"2020";"12:30";"1";"94";"94076";"2";"1";"1";"7";"CHEVILLY (R DE)";"48,7816200";"2,3557000"
"202000026091";"16";"12";"2020";"13:30";"1";"94";"94021";"2";"6";"1";"6";"Avenue du Général de Gaulle";"48,7715640";"2,3471400"
"202000026092";"16";"12";"2020";"08:20";"1";"94";"94038";"2";"1";"8";"2";"JULES GRAVEREAUX (AV)";"48,7771720";"2,3307320"
"202000026093";"16";"12";"2020";"06:10";"5";"94";"94017";"2";"1";"5";"6";"REPUBLIQUE (AV DE LA)";"48,8188000";"2,5114500"
"202000026094";"15";"12";"2020";"09:30";"1";"94";"94002";"2";"3";"3";"1";"CARNOT (BD)";"48,7958300";"2,4259400"
"202000026095";"15";"12";"2020";"13:00";"1";"93";"93073";"1";"9";"1";"6";"CHAPIT RE ( RUE DU)";"49,0034427";"2,5367680"
"202000026096";"15";"12";"2020";"11:00";"1";"93";"93073";"2";"1";"8";"2";"CHAPIT RE ( RUE DU)";"49,0035836";"2,5367561"
"202000026097";"15";"12";"2020";"19:35";"5";"93";"93001";"2";"1";"1";"6";"ANATOLE FRANCE (BLD) PAIR";"48,9170000";"2,3818700"
"202000026098";"15";"12";"2020";"19:30";"3";"93";"93070";"2";"1";"1";"3";"BD VICTOR-HUGO";"48,9090000";"2,3292300"
"202000026099";"15";"12";"2020";"20:00";"5";"93";"93066";"2";"9";"1";"3";"MITERRAND FRANCOIS (AVENUE)";"48,9181772";"2,3538922"
"202000026100";"16";"12";"2020";"11:20";"1";"93";"93048";"2";"1";"1";"6";"GABRIEL PERI (AVENUE)";"48,8573094";"2,4406891"
"202000026101";"16";"12";"2020";"19:40";"5";"93";"93074";"2";"3";"1";"3";"BOUCHER RUE ALEXANDRE";"48,9323883";"2,5673384"
"202000026102";"16";"12";"2020";"18:50";"5";"93";"93079";"2";"1";"1";"3";"FREDERIC OZAMAN";"48,9482061";"2,3459738"
"202000026103";"15";"12";"2020";"19:10";"5";"93";"93029";"2";"1";"1";"6";"R D'ESTIENNE D'ORVES";"48,9202900";"2,4190200"
"202000026104";"15";"12";"2020";"07:45";"5";"93";"93047";"2";"6";"1";"6";"PL JEAN MERMOZ";"48,9014000";"2,5700000"
"202000026105";"16";"12";"2020";"09:15";"1";"92";"92072";"2";"6";"8";"3";"GRANDE RUE";"48,8253211";"2,2159672"
"202000026106";"2";"12";"2020";"17:30";"5";"92";"92063";"2";"1";"1";"6";"GALLIENI (RUE)";"48,8723000";"2,2027000"
"202000026107";"16";"12";"2020";"05:00";"5";"92";"92036";"2";"1";"5";"7";"PIERRE DE COUBERTIN (BOULEVARD) (G.SAND";"48,9261166";"2,2847948"
"202000026108";"15";"12";"2020";"21:45";"5";"92";"92036";"2";"1";"1";"7";"LOUIS ROCHE (AVENUE) (1/45)";"48,9272870";"2,3138406"
"202000026109";"16";"12";"2020";"18:00";"5";"92";"92026";"2";"9";"1";"3";"MARCEAU";"48,8993947";"2,2459347"
"202000026110";"16";"12";"2020";"15:35";"1";"92";"92012";"2";"1";"1";"7";"GALLIENI (RUE) 55/157 - 50/140";"48,8367705";"2,2415677"
"202000026111";"16";"12";"2020";"21:30";"3";"35";"35126";"1";"3";"1";"2";"Sainte Reine";"47,9535440";" -1,7794150"
"202000026112";"17";"12";"2020";"07:45";"3";"80";"80547";"1";"1";"1";"1";"D929";"49,9900012";"2,6083517"
"202000026113";"16";"12";"2020";"16:50";"2";"74";"74101";"1";"1";"5";"1";"A40";"46,0873180";"5,9371230"
"202000026114";"15";"12";"2020";"12:30";"1";"06";"06161";"2";"3";"1";"3";"1682 Route Departementale 6007";"43,6349590";"7,1337390"
"202000026115";"16";"12";"2020";"12:05";"1";"81";"81286";"2";"1";"1";"7";"route departementale 14";"43,6581620";"2,0312690"
"202000026116";"16";"12";"2020";"17:30";"3";"41";"41256";"1";"1";"1";"2";"A71 - PK 164+000 - Sens VIERZON/ORLÉANS";"47,3541900";"2,0508710"
"202000026117";"16";"12";"2020";"12:00";"1";"14";"14543";"1";"1";"1";"6";"N13";"49,2006470";" -0,4867910"
"202000026118";"17";"12";"2020";"18:00";"3";"71";"71336";"1";"3";"1";"1";"Route de Louhans";"46,7065172";"4,9677392"
"202000026119";"17";"12";"2020";"10:30";"1";"83";"83018";"1";"1";"1";"1";"RD13, PR 53+500";"43,3588230";"6,1981770"
"202000026120";"16";"12";"2020";"18:00";"3";"51";"51384";"1";"1";"1";"5";"D951";"48,9624930";"3,8584010"
"202000026121";"17";"12";"2020";"08:00";"3";"56";"56251";"1";"2";"2";"6";"Kerboura";"47,6523510";" -2,6312690"
"202000026122";"16";"12";"2020";"14:30";"1";"80";"80620";"2";"1";"1";" -1";"Rue Dehaussy";"49,9317930";"2,9413260"
"202000026123";"15";"12";"2020";"21:00";"5";"80";"80093";"2";"1";"5";"2";"Rue Eugène Létocart";"50,0460610";"2,1509920"
"202000026124";"16";"12";"2020";"13:31";"1";"71";"71378";"1";"2";"1";"3";"D981- pk 3+300";"46,8752329";"4,7523834"
"202000026125";"17";"12";"2020";"07:20";"3";"61";"61307";"1";"1";"1";"1";"Lieu Dit les Burets";"48,8519380";"0,2566120"
"202000026126";"17";"12";"2020";"17:46";"3";"49";"49304";"1";"1";"1";"1";"D952";"47,3183890";" -0,1556540"
"202000026127";"16";"12";"2020";"09:35";"1";"39";"39470";"1";"1";"8";"5";"N/A";"46,4820900";"6,0457100"
"202000026128";"17";"12";"2020";"07:00";"3";"25";"25196";"1";"1";"5";"5";"D480";"47,4880810";"6,9010930"
"202000026129";"16";"12";"2020";"09:25";"1";"35";"35105";"1";"8";"1";"5";"La Grande Raveniere";"48,1119370";" -1,1249390"
"202000026130";"17";"12";"2020";"08:20";"2";"29";"29075";"2";"3";"1";"6";"41 Rue Amiral Guépratte";"48,4343545";" -4,3978734"
"202000026131";"17";"12";"2020";"15:40";"1";"01";"01304";"2";"3";"2";"3";"Avenue de l'Oiselon";"46,0461650";"5,3378160"
"202000026132";"16";"12";"2020";"18:50";"5";"72";"72180";"2";"9";"2";"3";"Rue du Docteur Godard";"48,3506990";"0,3683580"
"202000026133";"17";"12";"2020";"15:00";"1";"50";"50003";"1";"3";"1";"3";"Rue de la Mare à Jorre";"49,0603770";" -1,5978940"
"202000026134";"17";"12";"2020";"09:05";"1";"50";"50615";"2";"1";"1";"6";"Boulevard Felix Buhot";"49,5101700";" -1,4744690"
"202000026135";"16";"12";"2020";"18:20";"3";"73";"73229";"1";"1";"1";"5";"D1006 Route de Chambéry";"45,4545071";"5,7713680"
"202000026136";"17";"12";"2020";"15:45";"2";"53";"53266";"1";"1";"1";"2";"La Nivelaie";"48,2954140";" -0,2867600"
"202000026137";"16";"12";"2020";"17:50";"3";"28";"28199";"1";"3";"1";"1";"D927";"48,2095990";"1,8610140"
"202000026138";"17";"12";"2020";"19:30";"5";"88";"88081";"2";"3";"1";"1";"18 Rue d'Alsace";"47,8864360";"6,8568630"
"202000026139";"16";"12";"2020";"12:13";"1";"06";"06088";"1";"1";"8";" -1";"A8 pk 185+400 NORD";"43,6685660";"7,1984370"
"202000026140";"15";"12";"2020";"22:15";"3";"86";"86174";"1";"9";"1";"6";"autoroute 10";"46,7753300";"0,4919400"
"202000026141";"14";"12";"2020";"15:05";"1";"987";"98748";"1";"1";"1";"6";"PK 2+700";" -17,8272130";" -149,2423950"
"202000026142";"16";"12";"2020";"15:20";"1";"971";"97116";"1";"1";"1";"6";"Rue du Moule";"16,3230840";" -61,4154200"
"202000026143";"16";"12";"2020";"18:00";"3";"45";"45191";"1";"1";"8";"6";"D24 - PK 4 + 500";"48,2945790";"2,3377600"
"202000026144";"17";"12";"2020";"14:00";"1";"78";"78478";"1";"1";"1";"7";"Route Nationale 191";"48,4756160";"1,8537980"
"202000026145";"17";"12";"2020";"08:45";"1";"2B";"2B042";"2";"3";"7";"6";"Avenue de Borgo";"42,5635320";"9,4410590"
"202000026146";"17";"12";"2020";"18:05";"3";"34";"34024";"1";"1";"1";"1";"D600";"43,4613450";"3,6936270"
"202000026147";"17";"12";"2020";"12:15";"1";"88";"88084";"1";"1";"8";"7";"RD 09";"48,3984370";"6,2819480"
"202000026148";"16";"12";"2020";"18:20";"5";"74";"74007";"2";"3";"5";"1";"Rte de Cornier";"46,0778190";"6,3249060"
"202000026149";"17";"12";"2020";"07:30";"2";"26";"26119";"2";"1";"1";"6";"645 Route Nationale 7";"45,1185330";"4,8211670"
"202000026150";"16";"1";"2020";"13:40";"1";"80";"80021";"1";"2";"1";"3";"QUATRE LEMAIRE (RUE DES)";"49,8816000";"2,2750000"
"202000026151";"16";"1";"2020";"12:25";"1";"80";"80164";"1";"1";"1";"1";"CROISETTES (RUE DES )";"49,9188300";"2,3680000"
"202000026152";"17";"1";"2020";"08:49";"1";"77";"77487";"2";"6";"2";"3";"SAINT JUST (AVENUE) - RD82E2";"48,5342100";"2,6839000"
"202000026153";"16";"1";"2020";"19:07";"4";"76";"76165";"2";"1";"1";" -1";"CHENNEVIERE. RUE";"49,2899100";"1,0262500"
"202000026154";"16";"1";"2020";"18:05";"5";"76";"76351";"2";"1";"1";" -1";"FRISSARD (QUAI)";"49,4903800";"0,1275600"
"202000026155";"17";"1";"2020";"21:10";"5";"74";"74012";"2";"1";"2";"6";"FAUCIGNY (RUE DU)";"46,1942000";"6,2393300"
"202000026156";"16";"1";"2020";"21:25";"5";"72";"72181";"2";"1";"1";"2";"LEFAUCHEUX PIERRE (BD)";"47,9709417";"0,1745099"
"202000026157";"16";"1";"2020";"19:00";"4";"66";"66136";"1";"1";"1";" -1";"Départementale 914";"42,6645180";"2,9061250"
"202000026158";"17";"1";"2020";"18:00";"5";"64";"64445";"2";"1";"2";"3";"LUCIEN FAVRE";"43,3189000";" -0,3612000"
"202000026159";"17";"1";"2020";"08:00";"2";"64";"64348";"2";"1";"1";"3";"NORD SUD VOIE";"43,3362600";" -0,3848400"
"202000026160";"16";"1";"2020";"16:25";"1";"64";"64284";"2";"3";"7";"3";"GENERAL LECLERC DU";"43,2879300";" -0,3898700"
"202000026161";"16";"1";"2020";"08:35";"1";"64";"64024";"2";"3";"1";"3";"BIARRITZ (AVENUE DE)";"43,4811000";" -1,5333700"
"202000026162";"17";"1";"2020";"07:00";"4";"59";"59271";"2";"1";"2";"6";"BABEUF";"50,9993820";"2,3055296"
"202000026163";"16";"1";"2020";"18:45";"5";"56";"56162";"2";"3";"3";"6";"DE GAULLE (BD DU GENERAL)";"47,7340200";" -3,4205400"
"202000026164";"16";"1";"2020";"13:15";"1";"54";"54395";"2";"2";"1";"5";"POINCARE (RUE RAYMOND 1-29-2-30)";"48,6893987";"6,1697372"
"202000026165";"16";"1";"2020";"15:46";"1";"54";"54395";"2";"1";"1";"1";"FOLLER (RUE)";"48,6864488";"6,1940186"
"202000026166";"15";"1";"2020";"18:50";"5";"50";"50129";"2";"2";"2";"6";"BRIAND (AVENUE)";"49,6395300";" -1,6162500"
"202000026167";"16";"1";"2020";"11:40";"1";"50";"50173";"2";"6";"1";"3";"BRECOURT (rond point de )";"49,6536100";" -1,6763100"
"202000026168";"13";"1";"2020";"18:20";"5";"50";"50203";"1";"3";"2";"2";"de la Banque à Genets (Avenue)";"49,6105300";" -1,6169800"
"202000026169";"17";"1";"2020";"16:00";"1";"45";"45298";"2";"1";"1";"6";"AV DU TRAITE DE ROME";"47,8816000";"1,8646700"
"202000026170";"16";"1";"2020";"11:45";"1";"45";"45068";"2";"1";"1";"6";"AV JEAN JAURES";"48,0128640";"2,7358140"
"202000026171";"18";"1";"2020";"00:00";"5";"37";"37261";"2";"2";"1";"1";"REPUBLIQUE (AVENUE DE LA)";"47,4113079";"0,6913081"
"202000026172";"17";"1";"2020";"22:00";"5";"37";"37122";"2";"1";"1";"2";"BORDEAUX (AVENUE DE)";"47,3559738";"0,6986179"
"202000026173";"16";"1";"2020";"14:02";"1";"37";"37261";"2";"2";"1";"6";"SEMARD (RUE PIERRE)";"47,3867944";"0,7083877"
"202000026174";"17";"1";"2020";"14:45";"1";"34";"34172";"2";"2";"1";"6";"VANIERES (AVENUE DE)";"43,5966128";"3,8449144"
"202000026175";"17";"1";"2020";"22:05";"5";"33";"33550";"2";"2";"1";"1";"RUE PIERRE CURIE / RUE RAYMOND POINCARE / RUE CLAUDE DEBUSSY";"44,7619300";" -0,5707300"
"202000026176";"17";"1";"2020";"20:00";"5";"33";"33039";"2";"2";"2";"2";"RUE PIERRE ET MARIE CURIE / AVE LUCIEN LEROUSSEAU / PL DE LA LIBERTE";"44,8077700";" -0,5538100"
"202000026177";"5";"1";"2020";"13:30";"1";"33";"33281";"2";"1";"1";"2";"Avenue du Président John Fitzgerald Kennedy";"44,8341100";" -0,6692100"
"202000026178";"17";"1";"2020";"11:45";"1";"33";"33192";"2";"2";"2";"6";"CRS DU GENERAL DE GAULLE  / RUE DES ERABLES / PL BERNARD ROUMEGOUX";"44,7739100";" -0,6132900"
"202000026179";"17";"1";"2020";"08:05";"1";"33";"33063";"2";"2";"2";"1";"CRS DU RACCORDEMENT / CRS EDOUARD VAILLANT";"44,8646100";" -0,5637900"
"202000026180";"17";"1";"2020";"07:45";"2";"33";"33281";"2";"6";"2";"3";"AVE FRANCOIS MITTERRAND / AVE ROLAND GARROS / RUE DE LA PRINCESSE";"44,8162000";" -0,6805100"
"202000026181";"5";"1";"2020";"15:50";"1";"33";"33281";"2";"6";"1";"1";"AVE DE L'ALOUETTE / AVE DE KAOLACK";"44,8249300";" -0,6628500"
"202000026182";"8";"1";"2020";"16:05";"1";"33";"33281";"2";"2";"1";"3";"AVE MARCEL DASSAULT / Rocade  A630 (E10) (Entrée bretelle)";"44,8435200";" -0,6729400"
"202000026183";"7";"1";"2020";"13:40";"1";"33";"33039";"2";"1";"1";"6";"Rue Ferdinand Buisson";"44,7989300";" -0,5575100"
"202000026184";"17";"1";"2020";"18:05";"5";"32";"32013";"2";"1";"2";"2";"AGEN (ROUTE D')";"43,6598600";"0,5991100"
"202000026185";"17";"1";"2020";"08:03";"1";"31";"31555";"2";"1";"1";"4";"RTE DE LAUNAGUET";"43,6436200";"1,4391000"
"202000026186";"17";"1";"2020";"07:30";"4";"31";"31157";"2";"1";"1";"1";"CHE DE VILLENOUVELLE";"43,5530000";"1,3746400"
"202000026187";"16";"1";"2020";"19:20";"3";"31";"31555";"1";"1";"1";"4";"VA008482 A624";"43,6051050";"1,3968730"
"202000026188";"16";"1";"2020";"18:30";"5";"31";"31555";"2";"1";"1";" -1";"BILLIERES (AV ETIENNE) DU 1AU 78";"43,5969700";"1,4256640"
"202000026189";"16";"1";"2020";"06:30";"2";"30";"30189";"2";"2";"1";"3";"SAINTE ANNE (RUE)";"43,8344000";"4,3509000"
"202000026190";"16";"1";"2020";"10:34";"1";"29";"29019";"2";"3";"1";"1";"Rue Voltaire";"48,3846209";" -4,4874500"
"202000026191";"11";"1";"2020";"10:30";"1";"27";"27375";"2";"1";"1";"2";"ONZE NOVEMBRE 1918 (RUE DU)";"49,2182010";"1,1668120"
"202000026192";"13";"1";"2020";"18:00";"2";"26";"26198";"2";"1";"1";"6";"TEIL (Avenue du)";"44,5583010";"4,7428430"
"202000026193";"16";"1";"2020";"16:00";"1";"19";"19031";"2";"1";"1";"2";"ALVITRE (AVENUE ABBE)";"45,1517800";"1,5026000"
"202000026194";"17";"1";"2020";"21:40";"5";"17";"17300";"2";"1";"2";"7";"EVANGILE   RUE BASTION DE L'";"46,1646990";" -1,1594150"
"202000026195";"17";"1";"2020";"16:30";"1";"17";"17299";"2";"1";"2";"2";"DENFERT ROCHEREAU RUE";"45,9403100";" -0,9654600"
"202000026196";"16";"1";"2020";"10:55";"1";"15";"15014";"2";"1";"1";"6";"COLLET (ROUTE DU)";"44,9109010";"2,4211730"
"202000026197";"17";"1";"2020";"22:35";"5";"14";"14366";"2";"1";"1";"6";"FOURNET (PLACE)";"49,1402700";"0,2272000"
"202000026198";"17";"1";"2020";"13:22";"1";"14";"14118";"2";"2";"2";"1";"POINCARE (BOULEVARD RAYMOND)";"49,1633800";" -0,3490900"
"202000026199";"17";"1";"2020";"20:40";"3";"13";"13117";"1";"1";"8";"4";"ROUTE NATIONALE 113 - CADESTEAUX";"43,4695330";"5,2319100"
"202000026200";"17";"1";"2020";"14:40";"1";"13";"13102";"2";"3";"2";"3";"MARECHAL JUIN (AV )";"43,4213760";"5,2295187"
"202000026201";"17";"1";"2020";"19:50";"3";"13";"13212";"2";"1";"2";"6";"GAROUTTE (BOULEVARD)";"43,3059500";"5,4129700"
"202000026202";"17";"1";"2020";"22:45";"5";"13";"13211";"2";"1";"1";"6";"SAINT LOUP (BOULEVARD DE)";"43,2838780";"5,4351740"
"202000026203";"17";"1";"2020";"17:50";"5";"13";"13209";"2";"1";"2";"6";"MICHELET (BOULEVARD)";"43,2620343";"5,3971249"
"202000026204";"17";"1";"2020";"14:35";"1";"13";"13205";"2";"9";"2";"3";"HORACE BERTIN (RUE)";"43,2959000";"5,3936500"
"202000026205";"12";"1";"2020";"14:00";"1";"13";"13215";"2";"1";"1";"4";"HENRI BARNIER (BOULEVARD)";"43,3583000";"5,3428500"
"202000026206";"16";"1";"2020";"18:00";"5";"13";"13002";"2";"1";"1";"3";"7 RMENT DE TIRAILLEURS ALGERIENS (AVENUE";"43,3378030";"5,4724760"
"202000026207";"17";"1";"2020";"08:10";"1";"13";"13001";"1";"3";"1";"3";"FERRINI FORTUNE (AV)";"43,4874780";"5,4229810"
"202000026208";"14";"1";"2020";"11:40";"1";"12";"12176";"1";"1";"1";"3";"RN88";"44,3733700";"2,5884700"
"202000026209";"16";"1";"2020";"16:11";"2";"11";"11069";"2";"1";"1";"7";"COMTE AUGUSTE N° PAIRS";"43,2054000";"2,3511000"
"202000026210";"16";"1";"2020";"19:55";"2";"11";"11069";"2";"1";"1";"7";"COMTE AUGUSTE N° PAIRS";"43,2121770";"2,3710180"
"202000026211";"17";"1";"2020";"21:15";"5";"10";"10333";"2";"1";"1";"6";"CHARLES MORET (RUE)";"48,2786300";"4,0662200"
"202000026212";"15";"1";"2020";"10:27";"1";"10";"10387";"2";"1";"7";"6";"Avenue Pasteur";"48,3007580";"4,0646890"
"202000026213";"17";"1";"2020";"21:30";"5";"06";"06069";"2";"6";"8";"6";"PROVENCE (AVENUE DE)";"43,6560000";"6,9247000"
"202000026214";"17";"1";"2020";"14:30";"1";"06";"06069";"2";"6";"2";"3";"PROVENCE (AVENUE DE)";"43,6561200";"6,9248200"
"202000026215";"17";"1";"2020";"23:00";"5";"06";"06004";"1";"1";"2";"5";"N/A";"43,6019030";"7,0792330"
"202000026216";"16";"1";"2020";"07:04";"5";"75";"75117";"2";"2";"1";"3";"BOULEVARD DE DOUAUMONT";"48,8966753";"2,3095669"
"202000026217";"17";"1";"2020";"08:05";"2";"75";"75119";"2";"2";"2";"2";"AVENUE DE FLANDRE";"48,8844730";"2,3689730"
"202000026218";"17";"1";"2020";"05:36";"5";"75";"75119";"2";"2";"2";"3";"RUE DE BELLEVILLE";"48,8754610";"2,3979240"
"202000026219";"17";"1";"2020";"20:00";"5";"75";"75118";"2";"2";"2";"3";"RUE VERSIGNY";"48,8943243";"2,3453531"
"202000026220";"16";"1";"2020";"19:20";"5";"75";"75117";"2";"3";"1";"3";"AVENUE DE CLICHY";"48,8880230";"2,3246160"
"202000026221";"15";"1";"2020";"12:15";"1";"75";"75117";"2";"1";"1";"3";"AVENUE DE VILLIERS";"48,8852680";"2,2946881"
"202000026222";"17";"1";"2020";"09:00";"1";"75";"75116";"2";"1";"2";" -1";"CHAUSSEE LA MUETTE";"48,8583090";"2,2715200"
"202000026223";"17";"1";"2020";"07:00";"3";"75";"75114";"2";"2";"2";"3";"RUE CLAUDE GARAMOND";"48,8254480";"2,3023140"
"202000026224";"16";"1";"2020";"13:30";"1";"75";"75115";"2";"2";"1";"3";"RUE DE VAUGIRARD";"48,8414860";"2,3079410"
"202000026225";"17";"1";"2020";"15:40";"1";"75";"75113";"2";"3";"8";"3";"BOULEVARD ARAGO";"48,8360490";"2,3495330"
"202000026226";"17";"1";"2020";"19:40";"5";"75";"75112";"2";"1";"1";"3";"SOUTERRAIN QUAI DE BERCY";"48,8313377";"2,3850390"
"202000026227";"17";"1";"2020";"01:45";"5";"75";"75111";"2";"2";"1";"2";"RUE DES TROIS BORNES";"48,8668760";"2,3733620"
"202000026228";"17";"1";"2020";"17:15";"5";"75";"75108";"2";"3";"1";"6";"RUE DE ROME";"48,8739118";"2,3260855"
"202000026229";"17";"1";"2020";"11:19";"1";"75";"75108";"2";"2";"1";"3";"PONT ALEXANDRE III";"48,8646740";"2,3136520"
"202000026230";"17";"1";"2020";"09:26";"1";"75";"75108";"2";"1";"1";"7";"AVENUE GEORGE V";"48,8688020";"2,3011147"
"202000026231";"16";"1";"2020";"20:55";"5";"75";"75101";"2";"1";"1";"7";"PONT DES ARTS";"48,8590450";"2,3378750"
"202000026232";"16";"1";"2020";"13:15";"1";"75";"75101";"2";"7";"1";"3";"PLACE DES PYRAMIDES";"48,8637888";"2,3319812"
"202000026233";"16";"1";"2020";"13:50";"1";"75";"75101";"2";"3";"1";"3";"QUAI FRANCOIS MITTERRAND";"48,8608470";"2,3301425"
"202000026234";"16";"1";"2020";"13:05";"1";"75";"75102";"2";"5";"1";"6";"RUE DANIELLE CASANOVA";"48,8675058";"2,3336601"
"202000026235";"17";"1";"2020";"09:40";"1";"94";"94068";"2";"1";"2";"2";"BEAUBOURG (QU)";"48,8130246";"2,4795198"
"202000026236";"16";"1";"2020";"13:30";"1";"94";"94068";"2";"2";"1";"3";"GENERAL LECLERC (AV DU)";"48,8076300";"2,5058900"
"202000026237";"16";"1";"2020";"13:20";"1";"94";"94068";"2";"1";"1";"6";"JEAN JAURES (AV)";"48,7876900";"2,4824900"
"202000026238";"16";"1";"2020";"10:00";"1";"94";"94068";"2";"2";"1";"3";"BOURDIGNON (R)";"48,8038000";"2,4770300"
"202000026239";"16";"1";"2020";"11:30";"1";"94";"94041";"2";"1";"1";"6";"SAINT JUST (R)";"48,8098520";"2,3875310"
"202000026240";"17";"1";"2020";"19:15";"5";"94";"94069";"2";"1";"1";"6";"MOULIN DES CORBEAUX (ALL DU)";"48,8147900";"2,4567700"
"202000026241";"17";"1";"2020";"13:25";"1";"94";"94079";"2";"1";"1";"6";"FRIEDBERG (BD DE)";"48,8320000";"2,5421400"