"Num_Acc";"jour";"mois";"an";"hrmn";"lum";"dep";"com";"agg";"int";"atm";"col";"adr";"lat";"long"
"202000026438";"8";"7";"2020";"20:00";"1";"39";"39407";"1";"1";"7";"6";"N/A";"46,7982750";"5,6246430"
"202000026439";"8";"7";"2020";"13:15";"1";"44";"44072";"1";"6";"7";"2";"Le Rhodoir";"47,5116570";" -2,2858160"
"202000026440";"8";"7";"2020";"23:00";"3";"38";"38144";"1";"1";"1";"6";"Les Biesses";"45,6046110";"5,0850390"
"202000026441";"8";"7";"2020";"18:10";"1";"38";"38150";"1";"6";"1";"3";"Rond point Jean Moulin";"45,2101960";"5,8318040"
"202000026442";"8";"7";"2020";"17:00";"1";"38";"38229";"2";"3";"1";"3";"23 Chemin du Vieux Chêne";"45,2080080";"5,7900060"
"202000026443";"9";"7";"2020";"20:45";"1";"03";"03029";"1";"1";"1";"6";"N/A";"46,2326359";"3,4321360"
"202000026444";"9";"7";"2020";"12:30";"1";"01";"01034";"2";"1";"1";"6";"4 Rue Sainte Marie";"45,7595268";"5,6921786"
"202000026445";"4";"7";"2020";"22:00";"2";"54";"54208";"1";"1";"1";"6";"D103";"48,7492740";"5,9197210"
"202000026446";"9";"7";"2020";"12:30";"1";"14";"14316";"1";"1";"1";"5";"Route départementale 27";"49,2553980";" -0,0613150"
"202000026447";"8";"7";"2020";"17:30";"1";"45";"45040";"1";"3";"1";"3";"D2007";"47,5927070";"2,7999690"
"202000026448";"8";"7";"2020";"23:50";"3";"64";"64399";"1";"1";"1";"6";"11 Chemin de Pau";"43,3654850";" -0,3563070"
"202000026449";"9";"7";"2020";"18:50";"1";"73";"73151";"1";"2";"7";"3";"D1006 / Rte du coteau de Torméry";"45,5072894";"6,0236449"
"202000026450";"8";"7";"2020";"23:25";"5";"40";"40243";"2";"4";"1";"6";"22 Rue de la Bruqueyre";"43,9243100";" -0,9200390"
"202000026451";"8";"7";"2020";"17:20";"1";"04";"04209";"1";"3";"1";"3";"RD 4085 / Ch de la Bousquette";"44,2173050";"5,9212710"
"202000026452";"9";"7";"2020";"00:30";"3";"04";"04189";"1";"1";"1";"7";"RD 952";"43,7769820";"5,9741160"
"202000026453";"9";"7";"2020";"07:00";"1";"17";"17337";"2";"1";"1";"7";"22 Rue des Dames";"45,9790620";" -1,3320650"
"202000026454";"9";"7";"2020";"01:10";"3";"30";"30341";"1";"1";"1";"7";"Route Départementale 58";"43,6353717";"4,3011626"
"202000026455";"8";"7";"2020";"11:50";"1";"30";"30006";"1";"1";"1";"3";"D6572";"43,6890550";"4,1895840"
"202000026456";"9";"7";"2020";"02:34";"3";"978";"97801";"1";"3";"1";"3";"RN7 Route de Griselle";"18,0915640";" -63,0297120"
"202000026457";"9";"7";"2020";"03:10";"4";"68";"68297";"1";"1";"1";"2";"autoroute A35";"47,5791960";"7,5566520"
"202000026458";"2";"7";"2020";"23:55";"3";"68";"68195";"1";"1";"1";"5";"A36";"47,7457950";"7,2698940"
"202000026459";"9";"7";"2020";"16:15";"1";"38";"38289";"1";"4";"1";"3";"Allemond";"45,1279860";"6,0453990"
"202000026460";"9";"7";"2020";"01:38";"3";"38";"38257";"1";"9";"1";"2";"A48";"45,4835000";"5,3983200"
"202000026461";"9";"7";"2020";"14:50";"1";"95";"95250";"2";"9";"1";"3";"RD922";"49,0970890";"2,4791980"
"202000026462";"8";"7";"2020";"09:10";"1";"38";"38295";"1";"1";"1";"3";"D52C";"45,8337440";"5,3319950"
"202000026463";"5";"7";"2020";"04:45";"3";"987";"98714";"1";"1";"3";"1";"RT 101 - FA'ATAHI";" -16,4954170";" -151,7388890"
"202000026464";"8";"7";"2020";"16:00";"1";"971";"97116";"1";"4";"1";"1";"Chemin de Brion Lebraire";"16,3205200";" -61,4605670"
"202000026465";"9";"7";"2020";"10:45";"1";"84";"84019";"2";"1";"1";" -1";"Avenue Jean moulin";"44,2903930";"4,7532660"
"202000026466";"9";"7";"2020";"17:50";"1";"06";"06157";"2";"6";"1";"2";"Route de Cagnes";"43,7009740";"7,1316080"
"202000026467";"8";"7";"2020";"17:30";"1";"06";"06128";"1";"6";"1";"7";"Route de Cagnes";"43,6863860";"7,1302450"
"202000026468";"9";"7";"2020";"17:50";"1";"71";"71342";"2";"2";"1";"3";"Route de Saint-yan";"46,4505628";"4,1104095"
"202000026469";"9";"7";"2020";"10:45";"1";"88";"88095";"2";"1";"1";"6";"19 Rue de Lorraine";"48,3022070";"5,8349930"
"202000026470";"9";"7";"2020";"17:15";"1";"57";"57659";"2";"1";"7";"6";"D603";"49,2036180";"6,9528490"
"202000026471";"8";"7";"2020";"20:00";"2";"73";"73132";"1";"1";"1";"7";"D218B Route des Saisies";"45,7432612";"6,5711760"
"202000026472";"8";"7";"2020";"17:50";"1";"42";"42299";"2";"1";"1";"1";"Allée du Bicêtre";"45,6124090";"4,0798490"
"202000026473";"3";"7";"2020";"23:00";"5";"38";"38298";"2";"1";"1";"2";"Rue de la République";"45,3749190";"4,7983450"
"202000026474";"8";"7";"2020";"16:15";"1";"69";"69151";"2";"9";"1";"3";"D88";"46,0628993";"4,6014307"
"202000026475";"9";"7";"2020";"17:10";"1";"69";"69094";"2";"3";"1";"2";"Avenue Benoit Launay";"45,7437150";"4,6899120"
"202000026476";"8";"7";"2020";"18:40";"1";"69";"69028";"1";"1";"1";"1";"6 Chemin de la Gde Pierre";"45,7148550";"4,6932220"
"202000026477";"9";"7";"2020";"13:20";"1";"09";"09280";"1";"1";"1";"3";"Lieu Dit Matet de Maury";"42,8877020";"1,4888410"
"202000026478";"7";"7";"2020";"10:30";"1";"85";"85035";"1";"1";"1";"2";"Route de la Chaize";"46,6311100";" -1,8425170"
"202000026479";"8";"7";"2020";"20:50";"1";"59";"59280";"2";"1";"1";"1";"17 Allee des Bruyeres";"50,2810357";"3,0570504"
"202000026480";"8";"7";"2020";"08:55";"1";"13";"13001";"1";"1";"1";"6";"A51-Sens Aix en Provence vers Marseille";"43,5246900";"5,4255000"
"202000026481";"4";"7";"2020";"23:20";"3";"13";"13215";"1";"1";"1";"2";"A7-Sens Marseille vers Lyon";"43,3478310";"5,3713230"
"202000026482";"7";"7";"2020";"10:35";"1";"83";"83027";"1";"1";"1";"7";"A50";"43,1965729";"5,7617068"
"202000026483";"5";"7";"2020";"07:40";"1";"69";"69199";"1";"1";"1";"3";"RD 383  ";"45,6937100";"4,8432000"
"202000026484";"19";"5";"2020";"15:00";"1";"69";"69259";"1";"1";"1";"2";"BUS (RD301)  2.800 A 4.470";"45,6814300";"4,8896100"
"202000026485";"5";"7";"2020";"04:30";"4";"69";"69297";"1";"1";"1";"2";"A7   15.770 A 20.110";"45,6061000";"4,8007000"
"202000026486";"8";"7";"2020";"17:20";"1";"33";"33075";"1";"1";"1";"4";"ROCADE A 630";"44,8814400";" -0,6249600"
"202000026487";"8";"7";"2020";"17:12";"1";"91";"91340";"1";"1";"1";"2";"AUTOROUTE A6";"48,6089369";"2,4335667"
"202000026488";"8";"7";"2020";"13:41";"1";"91";"91161";"1";"1";"1";"2";"AUTOROUTE A6";"48,6968000";"2,3158000"
"202000026489";"8";"7";"2020";"10:37";"1";"91";"91434";"1";"1";"1";"2";"AUTOROUTE A6";"48,6659000";"2,3622000"
"202000026490";"8";"7";"2020";"01:45";"5";"91";"91471";"2";"1";"1";"6";"RN 118";"48,6935500";"2,1818100"
"202000026491";"8";"7";"2020";"09:55";"1";"78";"78007";"1";"1";"1";"2";"A13W";"48,8952820";"2,0073390"
"202000026492";"7";"7";"2020";"22:55";"3";"92";"92036";"1";"1";"1";"6";"RN315 Y";"48,9350000";"2,3020000"
"202000026493";"8";"7";"2020";"10:55";"1";"77";"77175";"1";"1";"1";"6";"RN104";"48,6701830";"2,6117938"
"202000026494";"8";"7";"2020";"09:50";"1";"94";"94079";"1";"1";"1";"2";"A4";"48,8352511";"2,5387158"
"202000026495";"8";"7";"2020";"07:00";"2";"94";"94073";"1";"1";"1";"2";"A86 EXT";"48,7609889";"2,3826099"
"202000026496";"7";"7";"2020";"17:25";"1";"974";"97416";"2";"1";"2";"3";"PRESIDENT MITTERAND(AVENUE)";" -21,3469100";"55,4892300"
"202000026497";"6";"7";"2020";"12:00";"1";"974";"97416";"1";"1";"2";"6";"BADAMIER(CHEMIN)";" -21,3140800";"55,4576900"
"202000026498";"7";"7";"2020";"08:30";"1";"69";"69386";"2";"1";"1";"2";"BELGES (DES)                        (BD)";"45,7743788";"4,8491051"
"202000026499";"7";"7";"2020";"19:35";"3";"972";"97209";"2";"1";"1";"7";"ESCALADE (RUE DE L')";"14,6154817";" -61,0698428"
"202000026500";"7";"7";"2020";"18:35";"1";"69";"69081";"2";"2";"1";"1";"SOURCES (DES)                           ";"45,7887294";"4,7858528"
"202000026501";"7";"7";"2020";"07:50";"1";"2A";"2A004";"2";"1";"1";"3";"MEZZAVIA ROUTE DE";"41,9478495";"8,7643899"
"202000026502";"7";"7";"2020";"13:15";"1";"91";"91421";"2";"9";"1";"6";"ZONE INDUSTRIELLE DU BAC D'ABLON";"48,7168500";"2,4379600"
"202000026503";"24";"6";"2020";"16:30";"1";"91";"91691";"2";"1";"1";"6";"GARE (RUE DE LA)";"48,7069300";"2,4849800"
"202000026504";"7";"7";"2020";"12:06";"1";"87";"87085";"2";"1";"1";"6";"NAZARETH (RUE DE)";"45,8226900";"1,2482500"
"202000026505";"3";"7";"2020";"15:39";"1";"87";"87085";"1";"1";"1";"6";"BEAUBREUIL (AVENUE DE)";"45,8763400";"1,3004300"
"202000026506";"5";"7";"2020";"06:40";"1";"83";"83126";"1";"1";"1";"6";"CARMILLE ( AV DU GENERAL)";"43,0940800";"5,8890000"
"202000026507";"6";"7";"2020";"19:10";"1";"83";"83009";"1";"1";"1";"1";"BEAUSSET (ROUTE DU)";"43,1556900";"5,7640200"
"202000026508";"7";"7";"2020";"14:10";"1";"83";"83069";"2";"1";"1";"3";"ALMANARRE (ROUTE DE L')";"43,0847500";"6,1116900"
"202000026509";"7";"7";"2020";"08:10";"1";"82";"82121";"2";"6";"7";"3";"boulevard d' Occitanie";"44,0444800";"1,3789100"
"202000026510";"2";"7";"2020";"19:10";"1";"78";"78640";"2";"1";"1";"3";"MORANE-SAULNIER (AVENUE)";"48,7835690";"2,2149340"
"202000026511";"2";"7";"2020";"14:00";"1";"78";"78586";"2";"2";"1";"6";"MOLIERE";"48,9415700";"2,1687300"
"202000026512";"6";"7";"2020";"16:35";"1";"77";"77445";"2";"7";"1";"6";"DESPHELIPON (PLACE)";"48,5818100";"2,5833200"
"202000026513";"29";"6";"2020";"18:30";"1";"74";"74012";"2";"3";"1";"6";"rue du beulet";"46,1912200";"6,2430900"
"202000026514";"3";"7";"2020";"17:45";"1";"74";"74012";"2";"1";"1";"3";"GENEVE (RUE DE)";"46,1927400";"6,2298600"
"202000026515";"6";"7";"2020";"11:30";"1";"73";"73065";"1";"2";"1";"3";"D10 LANDIERS (AVENUE DES)";"45,5911967";"5,9033932"
"202000026516";"7";"7";"2020";"16:35";"1";"71";"71270";"2";"1";"1";"2";"Rue de Flacé";"46,3147057";"4,8260721"
"202000026517";"7";"7";"2020";"22:10";"5";"69";"69266";"2";"2";"1";"3";"COLIN     (Rue)";"45,7747300";"4,8740800"
"202000026518";"7";"7";"2020";"16:45";"1";"69";"69266";"2";"2";"1";"1";"ANTONIN PERRIN     (Rue)";"45,7581617";"4,8851713"
"202000026519";"4";"7";"2020";"15:00";"1";"67";"67482";"2";"1";"1";"1";"BASSIN DE L ILL (QUAI DU)";"48,5961841";"7,7709684"
"202000026520";"4";"7";"2020";"13:50";"1";"67";"67218";"2";"1";"1";"3";"STRASBOURG (AVENUE DE)";"48,5464030";"7,7390162"
"202000026521";"7";"7";"2020";"18:50";"1";"64";"64348";"2";"1";"1";"4";"14 Avenue des Martyrs du Pont-Long";"43,3410311";" -0,3798196"
"202000026522";"7";"7";"2020";"09:30";"1";"60";"60057";"2";"1";"1";"6";"MANDELA NELSON (AVENUE)";"49,4311400";"2,0714000"
"202000026523";"3";"7";"2020";"16:25";"1";"59";"59375";"2";"1";"1";"7";"ELPRET(RUE)";"50,4101500";"3,2911700"
"202000026524";"30";"6";"2020";"17:15";"1";"58";"58194";"2";"1";"1";"3";"CHAMP DE FOIRE (PLACE)";"46,9876000";"3,1659000"
"202000026525";"5";"7";"2020";"16:40";"1";"56";"56260";"2";"6";"1";"1";"Route de Plescop RD779E";"47,6670800";" -2,7957400"
"202000026526";"5";"7";"2020";"16:00";"1";"54";"54528";"2";"9";"1";"7";"GEORGES CLEMENCEAU (AVENUE)";"48,6796940";"5,8791010"
"202000026527";"5";"7";"2020";"16:00";"1";"54";"54184";"2";"3";"1";"4";"BRIGACHTAL (AVENUE DE)";"48,7029502";"6,2279620"
"202000026528";"6";"7";"2020";"12:40";"1";"50";"50502";"2";"1";"1";"3";"MARNE";"49,1135300";" -1,0900400"
"202000026529";"3";"7";"2020";"09:20";"1";"49";"49007";"2";"1";"1";"6";"BRISSET SQUARE";"47,4746600";" -0,5838600"
"202000026530";"6";"7";"2020";"16:30";"1";"49";"49007";"2";"1";"1";"7";"ROI RENE BOULEVARD";"47,4695000";" -0,5608300"
"202000026531";"1";"7";"2020";"09:15";"1";"44";"44109";"2";"6";"1";"6";"BOULEVARD DE LONGCHAMP";"47,2383400";" -1,5703700"
"202000026532";"7";"7";"2020";"18:00";"1";"38";"38516";"2";"1";"1";"2";"Boulevard de la Chantourne";"45,1968100";"5,7506000"
"202000026533";"7";"7";"2020";"16:00";"1";"37";"37261";"2";"1";"1";" -1";"SATIE (RUE ERIK)";"47,4334517";"0,7018597"
"202000026534";"6";"7";"2020";"15:10";"1";"37";"37261";"2";"9";"1";"3";"EIFFEL (AVENUE GUSTAVE)";"47,4270040";"0,6968540"
"202000026535";"6";"7";"2020";"10:29";"1";"37";"37208";"2";"1";"1";"4";"CORMERY (RUE DE)";"47,3658507";"0,7268261"
"202000026536";"7";"7";"2020";"07:45";"1";"35";"35281";"2";"1";"1";"2";"HAIE-DES-COGNETS (BOUL DE LA)";"48,0807836";" -1,7366123"
"202000026537";"7";"7";"2020";"16:40";"1";"33";"33529";"1";"1";"1";"5";"PISTE 214";"44,5769600";" -1,1981900"
"202000026538";"6";"7";"2020";"19:35";"1";"28";"28404";"2";"1";"1";"6";"Rue du Général Delestraint";"48,7305100";"1,3337600"
"202000026539";"5";"7";"2020";"17:20";"1";"27";"27229";"2";"6";"1";"3";"COCHEREL (RUE DE)";"49,0154000";"1,1875000"
"202000026540";"7";"7";"2020";"15:25";"1";"14";"14715";"2";"3";"1";"1";"RENE SUZANNE (RUE)";"49,3591100";"0,0928500"
"202000026541";"17";"2";"2020";"22:15";"5";"51";"51108";"2";"1";"1";"3";"Parking Carrefour Croix Dampière";"48,9432465";"4,3857693"
"202000026542";"18";"2";"2020";"13:50";"1";"50";"50532";"1";"6";"1";"3";"LANDE (ROUTE)";"48,8082000";" -1,5401100"
"202000026543";"14";"2";"2020";"15:45";"1";"50";"50602";"2";"6";"1";"6";"FLAMANDS (ROND POINT)";"49,6532900";" -1,5783900"
"202000026544";"17";"2";"2020";"15:15";"1";"49";"49007";"2";"1";"1";"2";"BLANCHOIN BOULEVARD";"47,4482700";" -0,5389300"
"202000026545";"11";"2";"2020";"08:16";"2";"49";"49267";"2";"1";"1";"4";"A87N";"47,4815000";" -0,4988700"
"202000026546";"10";"2";"2020";"18:17";"2";"49";"49007";"2";"1";"1";"3";"JOACHIM DU BELLAY";"47,4667900";" -0,5427600"
"202000026547";"8";"2";"2020";"19:33";"5";"49";"49007";"2";"1";"2";"3";"PASTEUR AVENUE";"47,4814300";" -0,5234800"
"202000026548";"9";"2";"2020";"17:03";"1";"49";"49007";"2";"1";"2";"7";"MONTAIGNE AVENUE";"47,4657900";" -0,5198200"
"202000026549";"17";"2";"2020";"19:34";"5";"45";"45286";"2";"3";"1";"1";"68 Rue du General de Gaulle - parking";"47,8905400";"1,9220600"
"202000026550";"11";"2";"2020";"13:10";"1";"45";"45234";"2";"9";"8";"4";"Pont du Marechal Joffre";"47,8982000";"1,8953000"
"202000026551";"11";"2";"2020";"08:45";"1";"45";"45147";"1";"1";"8";"3";"333 Rue Marcelin Berthelot";"47,9449300";"1,9210000"
"202000026552";"18";"2";"2020";"07:45";"2";"44";"44162";"2";"1";"2";"6";"Boulevard Salvador Allende";"47,2222600";" -1,6387900"
"202000026553";"14";"2";"2020";"16:20";"1";"40";"40192";"2";"1";"1";"5";"PANAY (AVENUE DAVID)";"43,9003000";" -0,5115000"
"202000026554";"17";"2";"2020";"07:35";"1";"38";"38563";"1";"3";"1";"3";"Rue du Rousset";"45,3933900";"5,5810700"
"202000026555";"18";"2";"2020";"19:30";"5";"38";"38544";"2";"3";"1";"3";"Rue Victor Faugier";"45,5283400";"4,8739600"
"202000026556";"18";"2";"2020";"19:54";"5";"37";"37233";"2";"3";"1";"6";"POMPIDOU (AVENUE GEORGES)";"47,3849475";"0,7102512"
"202000026557";"17";"2";"2020";"12:00";"1";"37";"37261";"2";"1";"1";"3";"PONT CHER (AVENUE DE)";"47,3659285";"0,6753085"
"202000026558";"17";"2";"2020";"17:40";"1";"37";"37261";"2";"6";"1";"3";"PORTILLON (QUAI DE)";"47,4004116";"0,6789153"
"202000026559";"11";"2";"2020";"19:20";"5";"37";"37233";"2";"1";"8";"7";"BONNIN (AVENUE JEAN)";"47,3958825";"0,7081915"
"202000026560";"11";"2";"2020";"09:10";"1";"37";"37261";"2";"1";"1";"7";"MICHELIN (AVENUE EDOUARD)";"47,3677263";"0,6816957"
"202000026561";"18";"2";"2020";"17:25";"1";"35";"35238";"2";"1";"1";"1";"CONNECTE (THOMAS)";"48,1035492";" -1,6959888"
"202000026562";"17";"2";"2020";"13:50";"1";"35";"35238";"1";"1";"1";"4";"RN 136 Porte de Lorient";"48,1067400";" -1,7170700"
"202000026563";"11";"2";"2020";"18:50";"5";"35";"35238";"2";"1";"1";"6";"LEROUX (BD OSCAR)";"48,0914400";" -1,6694300"
"202000026564";"11";"2";"2020";"12:45";"1";"35";"35353";"2";"2";"1";"6";"LORIENT (Rue DE)";"48,1049100";" -1,7399300"
"202000026565";"11";"2";"2020";"06:15";"3";"35";"35150";"1";"1";"8";"1";"RN12";"48,3410951";" -1,2175828"
"202000026566";"15";"2";"2020";"09:50";"1";"34";"34172";"2";"1";"1";"3";"LIBERTE (AVENUE DE LA";"43,6069300";"3,8641400"
"202000026567";"16";"2";"2020";"20:05";"5";"34";"34172";"2";"1";"2";"4";"DUNANT (RUE HENRI)";"43,6266700";"3,8677400"
"202000026568";"23";"1";"2020";"18:00";"5";"34";"34172";"2";"3";"8";"3";"DUNANT (RUE HENRI)";"43,6266202";"3,8670567"
"202000026569";"5";"1";"2020";"20:00";"5";"34";"34172";"2";"2";"1";"3";"GRASSET (AVENUE DU PROFESSEUR)";"43,6216200";"3,8686600"
"202000026570";"18";"2";"2020";"07:10";"2";"33";"33550";"2";"2";"1";"2";"CHEM DE COUHINS / IMP DES PALMIERS";"44,7582600";" -0,5698800"
"202000026571";"17";"2";"2020";"21:55";"5";"33";"33063";"2";"2";"1";"3";"RUE LUCIEN FAURE / CRS BALGUERIE STUTTENBERG";"44,8641900";" -0,5583200"
"202000026572";"4";"2";"2020";"07:30";"2";"33";"33075";"2";"2";"1";"1";"RTE DU MEDOC / bretelle échangeur 7";"44,8796400";" -0,6268200"
"202000026573";"17";"2";"2020";"07:00";"5";"33";"33318";"2";"3";"2";"1";"AVE PASTEUR / RUE ANTONIN ANTOUNE";"44,8024300";" -0,6487100"
"202000026574";"16";"2";"2020";"20:45";"5";"33";"33063";"2";"1";"1";"5";"BD DES FRERES MOGA";"44,8227700";" -0,5419400"
"202000026575";"11";"2";"2020";"20:00";"3";"33";"33013";"1";"1";"8";"2";"ROUTE NATIONALE 89";"44,8663300";" -0,4856900"
"202000026576";"11";"2";"2020";"15:30";"1";"33";"33075";"1";"1";"8";" -1";"AVE DE LA JALLE NOIRE";"44,8918000";" -0,6147800"
"202000026577";"9";"2";"2020";"18:30";"3";"33";"33162";"2";"3";"1";"1";"AVE DE SAINT-MEDARD / RUE SAINT-EXUPERY";"44,8638700";" -0,6602300"
"202000026578";"3";"2";"2020";"07:20";"5";"33";"33069";"2";"3";"1";"6";"ALL DE BOUTAUT";"44,8674300";" -0,5759900"
"202000026579";"10";"1";"2020";"20:10";"5";"33";"33063";"2";"2";"1";"3";"RUE DE PESSAC / CRS DU MARECHAL GALLIENI / BD GEORGE V";"44,8254000";" -0,5892500"
"202000026580";"17";"2";"2020";"18:50";"2";"32";"32013";"1";"1";"2";"1";"TOULOUSE (ROUTE DE)";"43,6562400";"0,6259000"
"202000026581";"15";"2";"2020";"04:55";"5";"31";"31555";"2";"1";"1";"2";"344 Avenue des Etats Unis";"43,6582500";"1,4196400"
"202000026582";"11";"2";"2020";"08:36";"2";"31";"31555";"2";"1";"2";"6";"10 Rue des Cheminots";"43,6147400";"1,4539900"
"202000026583";"10";"2";"2020";"13:00";"1";"31";"31069";"2";"1";"1";"6";"DALI (AV SALVADOR)";"43,6429600";"1,3749500"
"202000026584";"18";"2";"2020";"20:40";"5";"30";"30007";"2";"1";"1";"1";"PRES RASCLAUX (QUAI)";"44,1221200";"4,0725800"
"202000026585";"11";"2";"2020";"13:40";"1";"29";"29232";"1";"1";"2";"6";"D765 - Route de Douarnenez";"47,9990000";" -4,1310900"
"202000026586";"4";"2";"2020";"14:35";"1";"28";"28085";"2";"2";"1";"6";"QUATORZE JUILLET (RUE DU)";"48,4429600";"1,4797100"
"202000026587";"14";"2";"2020";"11:50";"1";"26";"26313";"1";"1";"1";"6";"LACRA RN532";"44,9839500";"4,9761200"
"202000026588";"13";"2";"2020";"17:50";"2";"26";"26362";"2";"4";"2";"1";"BONNET RUE GEORGES (102)";"44,9354800";"4,9095530"
"202000026589";"8";"2";"2020";"20:50";"5";"26";"26058";"1";"2";"1";"3";"RD2007";"44,9450000";"4,8864860"
"202000026590";"6";"2";"2020";"07:45";"5";"22";"22187";"2";"1";"1";"3";"CHANOINE GUINARD (QUAI DU)";"48,5237200";" -2,7512600"
"202000026591";"15";"2";"2020";"20:00";"5";"22";"22278";"2";"1";"6";"6";"DU GUESCLIN (PL)";"48,5110900";" -2,7587700"
"202000026592";"11";"2";"2020";"11:50";"1";"17";"17415";"2";"2";"1";"2";"JEAN RUE DU DOCTEUR";"45,7379800";" -0,6164900"
"202000026593";"18";"2";"2020";"12:20";"1";"17";"17028";"1";"1";"1";"1";"GRASSET   AVENUE EDMOND";"46,1305300";" -1,0886000"
"202000026594";"17";"2";"2020";"17:00";"1";"17";"17300";"2";"6";"2";"6";"RAVEL   RUE MAURICE";"46,1640800";" -1,1256900"
"202000026595";"14";"2";"2020";"11:00";"1";"16";"16102";"2";"1";"1";"6";"Bd DENFERT ROCHEREAU ";"45,6945520";" -0,3255470"
"202000026596";"9";"2";"2020";"17:50";"5";"16";"16102";"2";"3";"1";"3";"Av Victor HUGO";"45,6906280";" -0,3215080"
"202000026597";"17";"2";"2020";"07:30";"2";"14";"14271";"2";"1";"8";"2";"HARCOURT (ROUTE D')";"49,1539300";" -0,3715200"
"202000026598";"15";"2";"2020";"21:40";"5";"14";"14167";"2";"1";"1";"6";"Z.I DU MARTRAY (QUARTIER)";"49,1893600";" -0,2980700"
"202000026599";"18";"2";"2020";"16:10";"1";"13";"13206";"2";"3";"1";"3";"VAUBAN (BOULEVARD)";"43,2827000";"5,3742400"
"202000026600";"17";"2";"2020";"20:11";"5";"13";"13212";"2";"1";"2";"2";"ALFRED BLACHERE (AVENUE)";"43,3198360";"5,4684800"
"202000026601";"17";"2";"2020";"14:30";"1";"13";"13211";"2";"1";"2";"4";"CESAR BOY (AVENUE)";"43,2963320";"5,4828810"
"202000026602";"17";"2";"2020";"16:25";"1";"13";"13211";"1";"1";"2";"2";"BARASSE";"43,2847650";"5,4838160"
"202000026603";"17";"2";"2020";"10:55";"1";"13";"13208";"2";"1";"1";"6";"JEAN MERMOZ (RUE)";"43,2719000";"5,3869000"
"202000026604";"17";"2";"2020";"07:10";"2";"13";"13214";"2";"1";"2";"6";"MERIMEE";"43,3291000";"5,4008000"
"202000026605";"11";"2";"2020";"22:30";"5";"13";"13209";"2";"1";"1";"6";"JEAN BOUIN (AVENUE)";"43,3000000";"5,4000000"
"202000026606";"11";"2";"2020";"12:15";"1";"13";"13202";"2";"1";"1";"2";"JULES GUESDE (PLACE)";"43,3017180";"5,3741910"
"202000026607";"10";"2";"2020";"17:30";"2";"13";"13211";"2";"1";"1";"1";"TREILLE (ROUTE DE LA)";"43,3065130";"5,5068930"
"202000026608";"10";"2";"2020";"09:40";"1";"13";"13201";"2";"1";"1";"6";"BELGES (QUAI DES)";"43,2953250";"5,3743170"
"202000026609";"17";"2";"2020";"18:30";"3";"13";"13047";"2";"1";"1";"4";"RN 1569";"43,5208000";"4,9631000"
"202000026610";"17";"2";"2020";"13:48";"1";"13";"13005";"2";"1";"2";"2";"GOUMS (AVENUE DES)";"43,2896800";"5,5585900"
"202000026611";"12";"2";"2020";"13:45";"1";"13";"13001";"2";"1";"1";"3";"FONTENAILLE JEAN ET  MARCEL(AV)";"43,5339427";"5,4610902"
"202000026612";"31";"1";"2020";"12:20";"1";"13";"13001";"2";"9";"1";"6";"Pont de l'Arc";"43,5105040";"5,4422160"
"202000026613";"13";"2";"2020";"16:25";"1";"12";"12013";"1";"1";"3";"7";"TOULOUSE-LAUTREC (AVENUE)";"44,5444200";"2,2482100"
"202000026614";"15";"2";"2020";"15:00";"1";"11";"11262";"2";"3";"1";"3";"POMPIDOR (AVENUE)";"43,1828330";"2,9792060"
"202000026615";"15";"2";"2020";"17:20";"1";"11";"11262";"2";"1";"1";"6";"MAYOLLE (BOULEVARD DE LA)";"43,1750000";"3,0089000"
"202000026616";"15";"2";"2020";"04:15";"3";"11";"11262";"2";"1";"1";"6";"Rue Alfred Chauchard";"43,1768850";"3,0296639"
"202000026617";"10";"2";"2020";"13:40";"1";"11";"11262";"2";"1";"1";"5";"COLONNES (GIRATOIRES DES)";"43,1813700";"3,0301100"
"202000026618";"18";"2";"2020";"22:39";"3";"11";"11069";"1";"1";"1";"6";"MONTREAL -ROUTE DE -";"43,2129900";"2,2728100"
"202000026619";"18";"2";"2020";"14:03";"1";"11";"11069";"2";"3";"1";"3";"TROIS COURONNES";"43,2105000";"2,3553000"
"202000026620";"17";"2";"2020";"16:17";"1";"10";"10387";"2";"6";"2";"3";"DANTON (RUE)";"48,3017000";"4,0748000"
"202000026621";"17";"2";"2020";"09:40";"1";"10";"10387";"2";"2";"2";"3";"GEORGES POMPIDOU (RUE)";"48,2890100";"4,0841300"
"202000026622";"10";"2";"2020";"07:46";"2";"10";"10325";"2";"1";"2";"6";"PASTEUR (RUE)";"48,2636000";"4,0821000"
"202000026623";"11";"2";"2020";"18:10";"1";"09";"09122";"2";"1";"1";"6";"LECLERC (AVENUE DU GENERAL)";"42,9698260";"1,6080760"
"202000026624";"11";"2";"2020";"11:30";"1";"09";"09122";"2";"9";"2";"7";"MITTERAND (BOULEVARD FRANCOIS)";"42,9588290";"1,6119410"
"202000026625";"17";"2";"2020";"07:50";"1";"06";"06088";"2";"9";"2";"1";"DIGUE DES FRANCAIS (TRAV. DE LA)";"43,6772000";"7,2032000"
"202000026626";"11";"2";"2020";"11:25";"1";"06";"06088";"2";"2";"8";"6";"Boulevard de la Madeleine";"43,7143000";"7,2249000"
"202000026627";"11";"2";"2020";"09:00";"1";"06";"06088";"1";"1";"1";"7";"MERCANTOUR (BD)";"43,7201000";"7,1861000"
"202000026628";"18";"2";"2020";"08:40";"1";"06";"06069";"2";"1";"1";"6";"CARNOT (BOULEVARD ET TRAVERSE)";"43,6548780";"6,9214380"
"202000026629";"19";"2";"2020";"15:30";"1";"06";"06069";"2";"1";"1";"3";"NAPOLEON (ROUTE)";"43,6645400";"6,9193800"