"Num_Acc";"jour";"mois";"an";"hrmn";"lum";"dep";"com";"agg";"int";"atm";"col";"adr";"lat";"long"
"202000026630";"17";"2";"2020";"12:15";"1";"06";"06069";"2";"1";"1";"2";"CANNES (ROUTE DE)  -RD 6085-";"43,6329000";"6,9542000"
"202000026631";"18";"2";"2020";"09:20";"1";"06";"06029";"2";"1";"1";"6";"MIDI (BOULEVARD DU)";"43,5489200";"7,0060400"
"202000026632";"17";"2";"2020";"08:30";"1";"06";"06123";"2";"1";"8";"4";"PEINTRES ALLEE DES";"43,6838200";"7,1873800"
"202000026633";"16";"2";"2020";"20:23";"5";"06";"06155";"2";"1";"1";"6";"ROUVIER BD MAURICE";"43,5796630";"7,0539370"
"202000026634";"14";"1";"2020";"07:15";"2";"06";"06004";"2";"1";"1";"6";"GREC AV.JULES";"43,5894780";"7,1178530"
"202000026635";"17";"2";"2020";"13:40";"1";"04";"04112";"2";"1";"8";"6";"Bd des cougourdelles";"43,8367930";"5,7856230"
"202000026636";"8";"1";"2020";"10:16";"1";"03";"03190";"2";"1";"1";"6";"rue des Bouchers";"46,5650358";"3,3309552"
"202000026637";"18";"2";"2020";"16:35";"1";"01";"01289";"1";"2";"1";"3";"SAINT ANDRE SUR VIEUX JONC (ALLEE DE)";"46,1698050";"5,1907339"
"202000026638";"11";"2";"2020";"09:40";"1";"01";"01053";"2";"1";"1";"3";"HERRIOT ( BOULEVARD EDOUARD COTE PAIR)";"46,2102040";"5,2213800"
"202000026639";"13";"2";"2020";"01:26";"5";"75";"75109";"2";"3";"1";"6";"BOULEVARD HAUSSMANN";"48,8721130";"2,3392160"
"202000026640";"18";"2";"2020";"09:15";"1";"75";"75117";"2";"1";"1";"7";"AVENUE DE LA GRANDE ARMEE";"48,8753930";"2,2905650"
"202000026641";"18";"2";"2020";"08:50";"1";"75";"75117";"2";"2";"1";"3";"BOULEVARD BERTHIER";"48,8901270";"2,3038290"
"202000026642";"17";"2";"2020";"08:10";"1";"75";"75117";"2";"5";"1";"3";"AVENUE DE VILLIERS";"48,8838320";"2,3047930"
"202000026643";"17";"2";"2020";"15:50";"1";"75";"75115";"2";"2";"1";"6";"RUE OLIVIER DE SERRES";"48,8344910";"2,2956720"
"202000026644";"18";"2";"2020";"10:30";"1";"75";"75114";"2";"1";"1";"3";"RUE D ALESIA";"48,8275810";"2,3341240"
"202000026645";"18";"2";"2020";"15:55";"1";"75";"75113";"2";"3";"1";"3";"QUAI FRANCOIS MAURIAC";"48,8329620";"2,3787450"
"202000026646";"18";"2";"2020";"14:00";"1";"75";"75112";"2";"2";"1";"6";"QUAI DE BERCY";"48,8335240";"2,3821210"
"202000026647";"18";"2";"2020";"11:00";"1";"75";"75111";"2";"3";"1";"6";"BOULEVARD DU TEMPLE";"48,8637390";"2,3664580"
"202000026648";"18";"2";"2020";"17:20";"1";"75";"75110";"2";"2";"1";"6";"RUE DE PARADIS";"48,8753280";"2,3509220"
"202000026649";"18";"2";"2020";"10:45";"1";"75";"75107";"2";"1";"1";"6";"BOULEVARD DES INVALIDES";"48,8553130";"2,3149120"
"202000026650";"18";"2";"2020";"15:35";"1";"75";"75103";"2";"1";"1";"3";"RUE CHARLOT";"48,8635960";"2,3634000"
"202000026651";"18";"2";"2020";"13:05";"1";"75";"75103";"2";"2";"1";"3";"RUE DE TURBIGO";"48,8659180";"2,3581040"
"202000026652";"18";"2";"2020";"14:00";"1";"94";"94052";"2";"5";"1";"6";"STRASBOURG (BD DE)";"48,8413000";"2,4828000"
"202000026653";"17";"2";"2020";"23:20";"5";"94";"94043";"2";"1";"1";"6";"FONTAINEBLEAU (AV DE)";"48,8093000";"2,3624500"
"202000026654";"18";"2";"2020";"12:25";"1";"94";"94065";"2";"2";"1";"5";"RUE DU VIADUC";"48,7611700";"2,3506300"
"202000026655";"18";"2";"2020";"15:50";"1";"94";"94017";"2";"1";"8";"1";"GENERAL DE GAULLE (AV DU)";"48,8208100";"2,4869700"
"202000026656";"18";"2";"2020";"14:35";"1";"94";"94017";"2";"1";"1";"5";"GENERAL DE GAULLE (AV DU)";"48,8271100";"2,5179300"
"202000026657";"19";"2";"2020";"00:00";"5";"93";"93071";"2";"1";"1";"6";"RAOUL DAUTRY (AVENUE)";"48,9491066";"2,5248752"
"202000026658";"17";"2";"2020";"23:00";"5";"93";"93071";"2";"5";"1";"3";"VILLENAUT (ALLEE DE)";"48,9307000";"2,5162000"
"202000026659";"17";"2";"2020";"13:00";"1";"93";"93066";"2";"3";"1";"6";"VAILLANT COUTURIER PAUL (AV) NR 2 A 110";"48,9322923";"2,3653861"
"202000026660";"18";"2";"2020";"15:35";"1";"93";"93064";"2";"1";"8";"6";"JAURES (AVENUE JEAN)";"48,8663219";"2,4870873"
"202000026661";"18";"2";"2020";"09:20";"1";"93";"93062";"2";"2";"1";"3";"ALL DU CHATEAU D'EAU / ALL DE CHELLES";"48,8955500";"2,5287900"
"202000026662";"18";"2";"2020";"19:45";"5";"93";"93051";"2";"1";"1";"3";"AV EMILE COSSONNEAU";"48,8498000";"2,5745000"
"202000026663";"18";"2";"2020";"10:46";"1";"93";"93049";"2";"7";"1";"2";"VICTOR HUGO (RUE) EGL ST HENRI->PASTEUR";"48,8571760";"2,5082080"
"202000026664";"6";"2";"2020";"07:20";"1";"93";"93063";"2";"1";"1";"6";"BD HENRI BARBUSSE";"48,8802200";"2,4411400"
"202000026665";"18";"2";"2020";"11:00";"1";"93";"93031";"2";"9";"8";"6";"FELIX MERLIN";"48,9558030";"2,2986306"
"202000026666";"18";"2";"2020";"18:30";"5";"93";"93010";"2";"1";"1";"2";"VERDUN (AV. DE) 35 A FIN";"48,9029599";"2,4928555"
"202000026667";"18";"2";"2020";"09:45";"1";"93";"93007";"2";"1";"1";"6";"""HENRI BARBUSSE (AVENUE """"DU 01 AU 80"""")";"48,9365703";"2,4581803"
"202000026668";"18";"2";"2020";"12:00";"1";"93";"93001";"2";"9";"1";"6";"R EMILE AUGIER ";"48,9178000";"2,3670000"
"202000026669";"18";"2";"2020";"08:20";"1";"93";"93001";"2";"1";"1";"3";"AV DE LA REPUBLIQUE";"48,9067800";"2,3890000"
"202000026670";"14";"2";"2020";"17:20";"1";"92";"92063";"2";"1";"1";"2";"CHATOU (PONT DE)";"48,8879600";"2,1647400"
"202000026671";"17";"2";"2020";"20:05";"5";"92";"92036";"2";"2";"1";"3";"LOUIS ROCHE (AVENUE) (1/45)/ MOULIN DE CAGE (QUAI DU)";"48,9211960";"2,3250370"
"202000026672";"17";"2";"2020";"14:00";"1";"92";"92036";"2";"1";"1";"7";"BASSIN N°6 (ROUTE ANNEXE DU)";"48,9474840";"2,2906120"
"202000026673";"8";"2";"2020";"01:50";"5";"92";"92036";"2";"1";"1";"7";"BAS (RUE DES) (78   +)";"48,9192950";"2,2900170"
"202000026674";"18";"2";"2020";"16:20";"1";"92";"92007";"2";"3";"1";"6";"SEMARD (RUE PIERRE)";"48,7959114";"2,2938015"
"202000026675";"18";"2";"2020";"09:00";"1";"92";"92024";"2";"1";"1";"3";"RUE HENRI BARBUSSE";"48,8990824";"2,3041034"
"202000026676";"14";"2";"2020";"12:00";"1";"60";"60157";"2";"2";"1";"3";"avenue gambetta";"49,3829490";"2,4026850"
"202000026677";"19";"2";"2020";"15:55";"1";"22";"22014";"1";"2";"1";"3";"D792";"48,4453720";" -2,2823240"
"202000026678";"18";"2";"2020";"16:20";"1";"21";"21183";"1";"1";"1";"2";"A39";"47,2305770";"5,2766030"
"202000026679";"19";"2";"2020";"13:05";"1";"28";"28006";"1";"1";"8";"6";"D923";"48,4363480";"1,3920660"
"202000026680";"19";"2";"2020";"09:05";"1";"22";"22389";"1";"1";"1";"2";"RN 12 PR 51+100";"48,4821920";" -2,6867260"
"202000026681";"18";"2";"2020";"12:25";"1";"22";"22339";"1";"1";"1";"7";"Rn 176 PR 007.200";"48,5046440";" -2,0392119"
"202000026682";"9";"2";"2020";"05:20";"5";"37";"37261";"1";"1";"1";"2";"N/A";"47,3846368";"0,7099453"
"202000026683";"18";"2";"2020";"18:20";"2";"62";"62289";"1";"1";"2";"1";"Cavee Christophe";"50,4553730";"1,7641100"
"202000026684";"19";"2";"2020";"09:10";"1";"62";"62568";"2";"1";"7";"6";"10 Rue de l'Etoile";"50,2357780";"2,7948410"
"202000026685";"19";"2";"2020";"19:00";"5";"69";"69260";"2";"3";"2";" -1";"route de Lyon";"45,6516800";"4,8132290"
"202000026686";"18";"2";"2020";"20:09";"3";"57";"57106";"1";"1";"8";"6";"D 918";"49,2964720";"6,5743730"
"202000026687";"19";"2";"2020";"08:00";"2";"57";"57251";"1";"1";"6";"1";"1 Rue Principale";"48,9863570";"6,1981400"
"202000026688";"18";"2";"2020";"08:05";"1";"79";"79343";"2";"9";"1";"1";"N/A";"46,1534970";" -0,2476910"
"202000026689";"14";"2";"2020";"17:30";"1";"80";"80271";"1";"1";"8";"7";"Chemin vert";"49,9976160";"3,1230780"
"202000026690";"18";"2";"2020";"20:05";"3";"69";"69066";"1";"1";"1";"1";"Route de la Buche";"46,1064013";"4,3307168"
"202000026691";"19";"2";"2020";"18:30";"3";"71";"71230";"1";"1";"1";"6";"Route de Bourbon-lancy";"46,5959105";"4,0368381"
"202000026692";"9";"2";"2020";"19:15";"3";"61";"61244";"1";"1";"6";"6";"Lieu Dit Tertre";"48,6629630";"0,4618760"
"202000026693";"19";"2";"2020";"07:25";"3";"49";"49008";"1";"1";"1";"2";"D923";"47,5770400";" -1,0162620"
"202000026694";"16";"2";"2020";"07:30";"3";"49";"49069";"1";"1";"6";"7";"D252";"47,3311300";" -1,1076240"
"202000026695";"17";"2";"2020";"18:00";"2";"49";"49026";"1";"1";"7";" -1";"Bécon-les-Granits";"47,5078060";" -0,7949960"
"202000026696";"18";"2";"2020";"12:30";"1";"12";"12161";"1";"1";"1";"1";"Lieu-dit Les Gastouilières";"44,5388790";"2,5540640"
"202000026697";"18";"2";"2020";"17:45";"1";"42";"42092";"2";"1";"1";"6";"Rue de la Résistance";"45,4858990";"4,3795540"
"202000026698";"19";"2";"2020";"09:00";"1";"29";"29189";"2";"1";"2";"6";"4 Route de Loperhet";"48,3818720";" -4,3550170"
"202000026699";"19";"2";"2020";"06:50";"3";"39";"39520";"1";"1";"2";"6";"N/A";"46,9654640";"5,5591250"
"202000026700";"19";"2";"2020";"07:15";"2";"25";"25478";"1";"1";"2";"6";"D464";"47,3113620";"6,5312650"
"202000026701";"18";"2";"2020";"19:00";"3";"29";"29293";"1";"1";"8";"7";"Rte de Nevez - Lannénoret";"47,8399334";" -3,8230673"
"202000026702";"19";"2";"2020";"02:00";"3";"02";"02746";"1";"1";"2";"7";"D1044";"49,6936020";"3,3538770"
"202000026703";"18";"2";"2020";"15:35";"1";"84";"84082";"1";"1";"1";"2";"Route de Villes sur Auzon";"44,0587270";"5,1896330"
"202000026704";"19";"2";"2020";"14:30";"1";"15";"15001";"1";"1";"2";"6";"D 9";"45,2476470";"2,9698810"
"202000026705";"18";"2";"2020";"14:50";"1";"70";"70312";"1";"1";"1";"7";"voie verte";"47,5865400";"6,7371290"
"202000026706";"19";"2";"2020";"15:00";"1";"70";"70526";"1";"1";"1";"7";"D50";"47,9099559";"6,1082270"
"202000026707";"19";"2";"2020";"11:45";"1";"06";"06105";"1";"1";"1";"3";"Route de la Colle sur Loup";"43,6875380";"7,0703310"
"202000026708";"19";"2";"2020";"04:10";"3";"05";"05145";"1";"1";"1";"6";"D944";"44,6703540";"6,2392370"
"202000026709";"19";"2";"2020";"06:20";"5";"90";"90026";"2";"6";"2";"6";"Rue du Stratégique";"47,6333110";"6,9153680"
"202000026710";"17";"2";"2020";"14:15";"1";"18";"18088";"1";"1";"1";"3";"D940";"47,4461570";"2,4361110"
"202000026711";"19";"2";"2020";"14:40";"1";"21";"21527";"1";"4";"1";"3";"D906";"46,9365910";"4,6667540"
"202000026712";"18";"2";"2020";"21:20";"5";"973";"97307";"2";"3";"1";"3";"Route Nationale 2";"4,8859870";" -52,3352840"
"202000026713";"18";"2";"2020";"15:40";"1";"31";"31490";"1";"1";"1";"1";"ROUTE DE PARIS";"43,7519930";"1,3646220"
"202000026714";"19";"2";"2020";"10:35";"1";"38";"38565";"1";"1";"1";"6";"A48";"45,2832100";"5,6219900"
"202000026715";"18";"2";"2020";"18:00";"1";"34";"34163";"2";"1";"1";"1";"483 Avenue Lucie Aubrac";"43,6436475";"3,7010472"
"202000026716";"18";"2";"2020";"19:45";"3";"973";"97306";"1";"1";"1";"1";"N1";"5,3922750";" -53,6383220"
"202000026717";"19";"2";"2020";"18:55";"5";"77";"77382";"2";"1";"2";"6";"Avenue du Marechal Foch - D436";"48,8972060";"2,8630190"
"202000026718";"18";"2";"2020";"15:50";"1";"34";"34145";"1";"1";"1";"1";"Route de Marsillargues";"43,6678870";"4,1574240"
"202000026719";"18";"2";"2020";"16:20";"1";"83";"83016";"2";"6";"1";"6";"Route de Marseille";"43,1954740";"5,8066450"
"202000026720";"15";"2";"2020";"10:30";"1";"21";"21353";"2";"1";"1";"6";"2 Rue du Château";"47,1970540";"5,1520890"
"202000026721";"19";"2";"2020";"01:20";"3";"57";"57683";"2";"9";"2";"6";"22 Rue de la Gare";"49,3038710";"6,1563540"
"202000026722";"18";"2";"2020";"18:20";"3";"01";"01249";"1";"9";"1";"2";"Route de Strasbourg";"45,8578460";"4,9105050"
"202000026723";"14";"2";"2020";"16:35";"1";"17";"17219";"1";"2";"1";"3";"D728";"45,8309520";" -1,1148980"
"202000026724";"19";"2";"2020";"08:45";"2";"59";"59029";"2";"1";"7";"5";"D549";"50,4861850";"3,2019580"
"202000026725";"18";"2";"2020";"20:45";"3";"13";"13215";"1";"1";"1";"4";"A7-Sens Lyon vers Marseille";"43,3771300";"5,3581100"
"202000026726";"18";"2";"2020";"05:50";"5";"13";"13055";"1";"1";"1";"3";"A507 sens Aubagne- Marseille";"43,3286850";"5,4167990"
"202000026727";"17";"2";"2020";"18:50";"5";"13";"13211";"1";"1";"2";"4";"A50-Sens Marseille vers Aubagne";"43,2873290";"5,4390420"
"202000026728";"17";"2";"2020";"11:15";"1";"13";"13085";"1";"1";"2";"6";"A50-Sens Toulon vers Aubagne";"43,2464080";"5,5963440"
"202000026729";"18";"2";"2020";"09:25";"1";"33";"33550";"1";"1";"1";"2";"ROCADE A 630";"44,7789000";" -0,5531700"
"202000026730";"17";"2";"2020";"04:00";"5";"33";"33063";"1";"1";"1";"1";"ROCADE A 630";"44,8830900";" -0,5532900"
"202000026731";"18";"2";"2020";"09:00";"1";"92";"92072";"1";"1";"1";"4";"N118";"48,8163040";"2,2152230"
"202000026732";"17";"2";"2020";"18:45";"3";"93";"93008";"1";"1";"2";"4";"AUTOROUTE A86";"48,9137300";"2,4330400"
"202000026733";"16";"2";"2020";"13:45";"1";"95";"95176";"1";"1";"1";"4";"AUTOROUTE A15";"48,9887800";"2,2030100"
"202000026734";"3";"2";"2020";"07:10";"3";"95";"95151";"1";"1";"2";"2";"RN 104";"49,0640600";"2,2640100"
"202000026735";"18";"2";"2020";"17:45";"2";"77";"77372";"1";"1";"1";" -1";"A104";"48,8832379";"2,6679169"
"202000026736";"8";"9";"2020";"08:20";"1";"11";"11206";"2";"2";"1";"3";"4 Route de Carcassonne - D118";"43,0617679";"2,2148284"
"202000026737";"7";"9";"2020";"08:30";"1";"76";"76155";"2";"1";"7";"3";"153 Rue des Potiers";"49,9845350";"1,3536680"
"202000026738";"8";"9";"2020";"06:20";"2";"39";"39128";"1";"1";"1";"6";"N/A";"46,9786660";"5,3765880"
"202000026739";"8";"9";"2020";"06:50";"2";"29";"29209";"1";"1";"1";"7";"Lieu-dit Minihy";"48,5201430";" -4,4551710"
"202000026740";"8";"9";"2020";"17:30";"1";"29";"29220";"1";"1";"1";"2";"D240 - Rue de Tréméoc";"47,8818260";" -4,2149410"
"202000026741";"7";"9";"2020";"16:40";"1";"38";"38347";"1";"1";"1";"6";"Rte de la Croix de Toutes Aures";"45,2607290";"5,2706480"
"202000026742";"8";"9";"2020";"08:50";"1";"38";"38410";"1";"1";"1";"2";"Route de Saint Marcellin";"45,0850660";"5,1996120"
"202000026743";"7";"9";"2020";"17:20";"1";"38";"38181";"1";"1";"1";"5";"Route des Iles";"45,3465730";"5,9700390"
"202000026744";"8";"9";"2020";"03:00";"3";"38";"38315";"2";"1";"1";"6";"Route de la Barreliere";"45,5436860";"5,6636080"
"202000026745";"8";"9";"2020";"15:55";"1";"01";"01151";"1";"1";"1";"3";"D1075";"46,0749130";"5,3228550"
"202000026746";"8";"9";"2020";"08:40";"1";"01";"01199";"2";"6";"1";"3";"17 Chemin du Riez";"46,0349420";"5,4034550"
"202000026747";"7";"9";"2020";"13:45";"1";"70";"70122";"2";"4";"1";"3";"14 Rue du Cornot";"47,6789840";"5,5610130"
"202000026748";"6";"9";"2020";"16:00";"1";"26";"26069";"1";"1";"1";"6";"D 518";"44,8329840";"5,3929840"
"202000026749";"8";"9";"2020";"16:30";"1";"72";"72050";"2";"1";"1";"6";"8 Chemin des Rochers";"47,9602580";" -0,2292380"
"202000026750";"7";"9";"2020";"18:45";"1";"14";"14738";"2";"1";"1";"2";"47 Avenue des Coteaux";"49,1563340";" -0,4427270"
"202000026751";"16";"8";"2020";"06:25";"2";"50";"50236";"1";"1";"3";"6";"Les Monts";"49,2727930";" -1,5375680"
"202000026752";"16";"8";"2020";"04:51";"3";"60";"60670";"1";"1";"1";"6";"Rue Jean Jacques Fussien";"49,2584790";"2,5538920"
"202000026753";"3";"8";"2020";"19:20";"1";"45";"45053";"2";"1";"7";"3";"15 Quai du Baraban";"47,6393330";"2,7317440"
"202000026754";"4";"9";"2020";"14:35";"1";"45";"45296";"1";"3";"1";"3";"D955-Lieu Dit Chesne";"47,9947750";"1,7144680"
"202000026755";"7";"9";"2020";"20:30";"3";"43";"43137";"2";"1";"1";"7";"D44";"45,2757320";"4,1824870"
"202000026756";"6";"9";"2020";"16:54";"1";"07";"07129";"1";"1";"1";"6";"Bacon";"44,9855820";"4,6011790"
"202000026757";"7";"9";"2020";"09:00";"1";"27";"27218";"1";"2";"1";"5";"Route de Beuzeville";"49,2815520";"0,4255160"
"202000026758";"8";"9";"2020";"10:15";"1";"17";"17241";"1";"2";"1";"1";"Cottieres Sud";"45,2066900";" -0,1577650"
"202000026759";"8";"9";"2020";"09:25";"1";"48";"48009";"1";"3";"1";"3";"D809 PK18+200";"44,7417340";"3,2876910"
"202000026760";"6";"9";"2020";"18:10";"1";"08";"08137";"1";"1";"1";"1";"RD 309 -PR 2";"49,7838130";"4,6615930"
"202000026761";"7";"9";"2020";"14:00";"1";"88";"88520";"1";"1";"1";"3";"1501 Moulin Rouge";"48,0487820";"6,2943830"
"202000026762";"7";"9";"2020";"19:18";"3";"978";"97801";"2";"1";"1";"5";"Le Cul-de-sac";"18,0974630";" -63,0361820"
"202000026763";"6";"8";"2020";"12:10";"1";"03";"03277";"1";"1";"1";"2";"N/A";"46,2744038";"3,0548384"
"202000026764";"4";"9";"2020";"09:00";"1";"78";"78455";"2";"2";"1";"6";"4 Rue André le Bourblanc";"48,8424670";"2,0666690"
"202000026765";"5";"9";"2020";"13:30";"1";"74";"74010";"1";"1";"1";"4";"Avenue d'Aix-les-bains (Seynod)";"45,8935914";"6,1112336"
"202000026766";"7";"9";"2020";"15:05";"1";"33";"33122";"2";"3";"1";"1";"Avenue Salvador Allende";"44,7815060";" -0,6880350"
"202000026767";"8";"9";"2020";"07:30";"1";"13";"13001";"1";"1";"1";"4";"300 Chemin de la Beauvalle";"43,5137070";"5,4367090"
"202000026768";"8";"9";"2020";"12:54";"1";"77";"77032";"1";"2";"1";"3";"N4";"48,6992040";"3,2678750"
"202000026769";"7";"9";"2020";"18:00";"1";"38";"38052";"1";"1";"1";"7";"Rue du Martinet";"45,0729700";"6,0129000"
"202000026770";"8";"9";"2020";"11:15";"1";"13";"13049";"1";"1";"1";"6";"A7";"43,7113290";"5,0941590"
"202000026771";"8";"9";"2020";"17:40";"1";"976";"97615";"2";"1";"1";"2";"47 Boulevard du General de Gaulle";" -12,7975180";"45,2838510"
"202000026772";"7";"9";"2020";"15:25";"1";"13";"13025";"1";"1";"1";"1";"10 Lotissement Campagne Montaigu";"43,4904870";"5,5741080"
"202000026773";"7";"9";"2020";"20:15";"2";"77";"77183";"2";"1";"1";"3";"Rue de Jouarre - D402";"48,9408250";"3,1207290"
"202000026774";"8";"9";"2020";"11:30";"1";"34";"34327";"1";"1";"1";"2";"D613";"43,6439400";"3,9501210"
"202000026775";"7";"9";"2020";"09:20";"1";"04";"04039";"1";"1";"1";"7";"RD 955";"43,8752730";"6,5292570"
"202000026776";"7";"9";"2020";"23:15";"3";"89";"89013";"2";"1";"1";"6";"Quai de Regennes";"47,8791560";"3,5344070"
"202000026777";"7";"9";"2020";"07:55";"1";"68";"68269";"2";"1";"7";"6";"6 Rue Pierre de Coubertin";"48,1932240";"7,3326660"
"202000026778";"6";"9";"2020";"23:45";"3";"88";"88321";"1";"1";"1";"6";"Route de Frebecourt";"48,3698640";"5,6799050"
"202000026779";"8";"9";"2020";"19:30";"2";"54";"54057";"1";"3";"1";"7";"D28e";"48,8544992";"5,7937244"
"202000026780";"8";"9";"2020";"07:50";"1";"42";"42005";"2";"1";"1";"6";"28 Rue Moliere";"45,5294710";"4,2681510"
"202000026781";"6";"9";"2020";"16:15";"1";"38";"38076";"1";"1";"1";"1";"Montée de la Chapelle";"45,5734570";"5,4576090"
"202000026782";"3";"9";"2020";"17:20";"1";"07";"07145";"2";"9";"1";"3";"D224 au niveau de cave vinicole";"44,6091990";"4,4730720"
"202000026783";"8";"9";"2020";"10:12";"1";"09";"09282";"2";"1";"1";"3";"D927";"43,2404550";"1,5721070"
"202000026784";"3";"9";"2020";"19:25";"2";"35";"35212";"1";"2";"1";"3";"RD 247";"47,9032820";" -1,6477350"
"202000026785";"7";"9";"2020";"11:30";"1";"60";"60103";"2";"1";"1";"2";"35 Avenue de la Libération";"49,4011230";"2,2529110"
"202000026786";"4";"9";"2020";"18:30";"1";"83";"83129";"1";"1";"1";"5";"A50";"43,1203800";"5,8449200"
"202000026787";"7";"9";"2020";"18:10";"1";"33";"33192";"1";"1";"1";"2";"AUTOROUTE A 63";"44,7833400";" -0,6317500"
"202000026788";"7";"9";"2020";"16:35";"1";"33";"33122";"1";"1";"1";"2";"AUTOROUTE A 63";"44,7434600";" -0,7064200"
"202000026789";"7";"9";"2020";"16:00";"1";"91";"91661";"1";"1";"1";"7";"AUTOROUTE A10";"48,6850700";"2,2149100"
"202000026790";"7";"9";"2020";"08:50";"1";"78";"78126";"1";"1";"1";"2";"A13";"48,8392240";"2,1202290"
"202000026791";"7";"9";"2020";"07:20";"1";"78";"78466";"1";"1";"1";"3";"A13";"48,9252000";"1,9970000"
"202000026792";"7";"9";"2020";"18:10";"1";"93";"93007";"1";"1";"1";"2";"AUTOROUTE A1";"48,9548300";"2,4574900"
"202000026793";"7";"9";"2020";"16:30";"1";"93";"93008";"1";"1";"1";"3";"A86";"48,9127331";"2,4368111"
"202000026794";"7";"9";"2020";"11:50";"1";"93";"93008";"1";"1";"1";"4";"AUTOROUTE A86";"48,9063400";"2,4597300"
"202000026795";"7";"9";"2020";"09:10";"1";"93";"93053";"1";"1";"1";"2";"AUTOROUTE A3";"48,8818400";"2,4545600"
"202000026796";"6";"9";"2020";"23:55";"4";"93";"93013";"1";"1";"1";"2";"AUTOROUTE A1";"48,9387300";"2,4162000"
"202000026797";"7";"9";"2020";"08:30";"1";"93";"93051";"1";"1";"1";"2";"A4";"48,8364292";"2,5518916"
"202000026798";"6";"9";"2020";"22:45";"3";"77";"77373";"1";"1";"1";" -1";"RN104";"48,7978320";"2,6230290"
"202000026799";"10";"3";"2020";"09:20";"1";"95";"95252";"2";"1";"2";"6";"JULES CESAR (CHAUSSEE)";"48,9954643";"2,2395533"
"202000026800";"10";"9";"2020";"23:20";"5";"988";"98818";"1";"1";"2";"6";"VE1 SENS SUD/NORD";" -22,2301700";"166,4576200"
"202000026801";"6";"9";"2020";"04:05";"5";"988";"98818";"2";"1";"1";"7";"VE1 SENS NORD/SUD";" -22,2460700";"166,4578000"
"202000026802";"4";"9";"2020";"11:30";"1";"988";"98818";"2";"2";"1";"3";"RUE EDOUARD UNGER";" -22,2598100";"166,4465400"
"202000026803";"6";"9";"2020";"01:45";"5";"974";"97416";"2";"1";"2";"6";"PRESIDENT MITTERAND(AVENUE)";" -21,3469400";"55,4893600"
"202000026804";"5";"9";"2020";"11:35";"1";"973";"97302";"2";"3";"1";"3";"BADUEL (ROUTE DE)";"4,9375853";" -52,3159182"
"202000026805";"7";"9";"2020";"00:05";"3";"69";"69383";"2";"1";"1";"7";"VILLETTE (DE LA)                    (R )";"45,7619169";"4,8618870"
"202000026806";"6";"9";"2020";"03:30";"5";"69";"69199";"2";"9";"1";"6";"MARCEL SEMBAT                       (R )";"45,7116600";"4,8425800"
"202000026807";"6";"9";"2020";"12:35";"1";"972";"97213";"1";"1";"1";"7";"DUCHESNES 1";"14,6466300";" -60,9547800"
"202000026808";"6";"9";"2020";"08:50";"1";"972";"97213";"1";"1";"1";"6";"ROUTE DEPARTEMENTALE 3";"14,6680700";" -60,9931100"
"202000026809";"6";"9";"2020";"03:10";"5";"2B";"2B033";"1";"1";"1";"2";"11 - RT";"42,6780900";"9,4460100"
"202000026810";"6";"9";"2020";"02:40";"4";"2A";"2A004";"2";"6";"1";"6";"T21";"41,9299113";"8,7612591"
"202000026811";"6";"9";"2020";"22:30";"5";"91";"91345";"2";"2";"1";"3";"CHILLY (RUE DE)";"48,6977000";"2,2990000"
"202000026812";"5";"9";"2020";"17:30";"1";"83";"83137";"2";"1";"1";"1";"FORGENTIER (CHEMIN DE)";"43,1368700";"5,8978000"
"202000026813";"6";"9";"2020";"17:00";"1";"81";"81065";"2";"2";"1";"3";"JOFFRE (BD MARECHAL)";"43,6103000";"2,2580100"
"202000026814";"6";"9";"2020";"21:45";"5";"69";"69256";"2";"2";"1";"3";"GABRIEL PERI                        (AV)";"45,7726600";"4,9124700"
"202000026815";"6";"9";"2020";"00:00";"5";"69";"69266";"2";"1";"1";"1";"FREDERIC MISTRAL    (Rue )";"45,7559281";"4,8761728"
"202000026816";"5";"9";"2020";"18:20";"1";"64";"64545";"1";"1";"1";"4";"CORNICHE (ROUTE DE LA)";"43,3862100";" -1,7157200"
"202000026817";"5";"9";"2020";"02:10";"5";"59";"59421";"2";"1";"1";"7";"MIRABEAU (RUE)";"50,7055349";"3,1305289"
"202000026818";"15";"7";"2020";"22:30";"5";"59";"59350";"2";"6";"1";"3";"PORTE D'ARRAS  METRO";"50,6174460";"3,0614100"
"202000026819";"6";"9";"2020";"17:25";"1";"50";"50147";"2";"6";"1";"5";"ROUTE DE GAVRAY";"49,0363200";" -1,4442300"
"202000026820";"6";"9";"2020";"16:20";"1";"37";"37261";"2";"2";"1";" -1";"JAURES (PLACE JEAN)";"47,3902968";"0,6888279"
"202000026821";"5";"9";"2020";"11:19";"1";"37";"37233";"2";"1";"1";"6";"ERIDENCE (RUE DE L')";"47,3927527";"0,7213964"
"202000026822";"6";"9";"2020";"04:30";"5";"35";"35238";"2";"1";"1";"6";"17 Rue de Châteaugiron";"48,1020860";" -1,6579200"
"202000026823";"6";"9";"2020";"07:07";"5";"33";"33119";"2";"1";"1";"6";"CHEM DES BORIES";"44,8484400";" -0,5152800"
"202000026824";"5";"9";"2020";"19:39";"1";"33";"33063";"2";"5";"1";"2";"CRS PORTAL / CRS SAINT-LOUIS";"44,8548600";" -0,5719400"
"202000026825";"6";"9";"2020";"04:45";"5";"33";"33529";"2";"3";"1";"3";"CARNOT (RUE DU PRESIDENT)";"44,6273000";" -1,1427000"