"Num_Acc";"jour";"mois";"an";"hrmn";"lum";"dep";"com";"agg";"int";"atm";"col";"adr";"lat";"long"
"202000027026";"24";"2";"2020";"19:55";"5";"02";"02691";"2";"1";"2";"3";"PARIS DE 1 A 187-210 (RUE DE)";"49,8378400";"3,2709800"
"202000027027";"5";"8";"2020";"20:45";"5";"974";"97409";"2";"9";"1";"3";"Avenue Ile de France";" -20,9518050";"55,6488410"
"202000027028";"10";"4";"2020";"20:20";"2";"92";"92007";"2";"1";"1";"3";"RAVERA (AVENUE HENRI) N° 111 A 217 ET 10";"48,8023760";"2,3111241"
"202000027029";"5";"11";"2020";"19:05";"5";"69";"69387";"2";"2";"1";"6";"PASTEUR                             (R )";"45,7548206";"4,8411716"
"202000027030";"5";"8";"2020";"13:36";"1";"973";"97302";"2";"1";"1";"2";"MONTABO (ROUTE DE) 3";"4,9351482";" -52,2936183"
"202000027031";"11";"4";"2020";"01:50";"5";"22";"22050";"2";"1";"1";"7";"Rue General de Gaulle";"48,4505125";" -2,0418692"
"202000027032";"5";"8";"2020";"08:55";"1";"69";"69199";"2";"1";"1";"6";"CHARLES PLASSE                      (R )";"45,7090400";"4,8532900"
"202000027033";"10";"4";"2020";"15:25";"1";"01";"01333";"1";"1";"1";"1";"Départementale 1083";"45,9216170";"4,9476400"
"202000027034";"4";"11";"2020";"16:40";"1";"95";"95252";"2";"1";"1";"6";"MARAIS (AVENUE DES)";"48,9903200";"2,2223100"
"202000027035";"1";"8";"2020";"03:35";"5";"972";"97209";"2";"1";"1";"7";"LIBERTE (RUE DE LA)";"14,6031100";" -61,0688900"
"202000027036";"11";"4";"2020";"16:15";"2";"59";"59605";"1";"1";"7";"6";"3 Rue Albert Poidevin";"51,0253740";"2,4972410"
"202000027037";"5";"8";"2020";"08:55";"1";"2A";"2A004";"2";"1";"1";"2";"LAETIZIA RCE RUE HENRI MAILLOT";"41,9240400";"8,7300500"
"202000027038";"4";"11";"2020";"14:05";"1";"95";"95176";"2";"1";"1";"1";"CLEMENCEAU (BOULEVARD GEORGES)";"48,9701500";"2,1938600"
"202000027039";"10";"4";"2020";"22:46";"3";"32";"32256";"1";"1";"1";"1";"N21";"43,5303180";"0,4173090"
"202000027040";"9";"4";"2020";"19:30";"1";"55";"55027";"2";"2";"1";"3";"Rue du Milieu";"48,9582120";"5,4991350"
"202000027041";"5";"11";"2020";"12:00";"1";"91";"91432";"2";"3";"1";"3";"AV BLAISE PASCAL";"48,6967500";"2,3327700"
"202000027042";"11";"4";"2020";"10:10";"1";"35";"35097";"1";"1";"1";"6";"La Brétinière";"47,9908146";" -1,2319703"
"202000027043";"3";"8";"2020";"18:07";"1";"87";"87085";"2";"1";"1";"3";"MONTEGUT (RUE EMILE)";"45,8251600";"1,2417900"
"202000027044";"4";"11";"2020";"08:00";"1";"91";"91027";"2";"1";"1";"3";"RUE EDOUARD VAILLANT";"48,7085400";"2,3983800"
"202000027045";"7";"4";"2020";"08:40";"1";"01";"01039";"1";"1";"7";"6";"D904";"45,8524260";"5,7554300"
"202000027046";"4";"8";"2020";"16:20";"1";"86";"86194";"2";"1";"1";"6";"Avenue John Kennedy";"46,5851980";"0,3662740"
"202000027047";"11";"4";"2020";"05:00";"3";"58";"58168";"1";"1";"1";"6";"D985";"46,8264340";"3,9537210"
"202000027048";"4";"11";"2020";"09:05";"1";"86";"86194";"2";"6";"1";"3";"Route de Nouaille";"46,5637633";"0,3652270"
"202000027049";"4";"8";"2020";"13:00";"1";"85";"85194";"1";"1";"1";"5";"RD 160";"46,5162300";" -1,7541800"
"202000027050";"10";"4";"2020";"14:05";"1";"09";"09247";"1";"1";"1";"6";"D33a";"42,9571319";"1,2554397"
"202000027051";"5";"11";"2020";"18:29";"2";"86";"86066";"2";"1";"1";"2";"Route de Nonnes";"46,7926590";"0,5372250"
"202000027052";"5";"8";"2020";"19:00";"1";"83";"83069";"2";"1";"1";"6";"DENIS (AVENUE ALPHONSE)";"43,1210500";"6,1350500"
"202000027053";"11";"4";"2020";"14:45";"1";"60";"60584";"1";"1";"1";"7";"D12";"49,2314224";"2,4121136"
"202000027054";"10";"4";"2020";"16:15";"1";"18";"18221";"1";"1";"1";"6";"Rousson";"46,8240480";"2,3500170"
"202000027055";"5";"11";"2020";"06:45";"5";"85";"85191";"2";"2";"1";"3";"Boulevard Jean Yole";"46,6804000";" -1,4301200"
"202000027056";"3";"8";"2020";"19:30";"1";"83";"83069";"2";"1";"7";"1";"LOUBES (ROUTE DES)";"43,1102600";"6,1186000"
"202000027057";"10";"4";"2020";"21:00";"3";"07";"07240";"1";"9";"1";"6";"Route de Pierremale";"44,8703818";"4,8090887"
"202000027058";"16";"10";"2020";"19:25";"5";"83";"83137";"2";"1";"1";"1";"MOULINS (AVE DES DE 328 A FIN";"43,1399370";"5,9130960"
"202000027059";"4";"8";"2020";"11:20";"1";"80";"80021";"2";"2";"1";"3";"PAUL SAUTAI (RUE)";"49,8857510";"2,3024800"
"202000027060";"11";"4";"2020";"09:50";"1";"74";"74268";"1";"3";"1";"3";"avenue d'aix les bains";"45,8709490";"6,0746700"
"202000027061";"4";"8";"2020";"14:25";"1";"80";"80021";"2";"1";"1";"6";"JEAN CATELAS (RUE)";"49,8953900";"2,2907600"
"202000027062";"3";"11";"2020";"11:00";"1";"77";"77059";"2";"6";"1";"3";"AVENUE DE L'EUROPE";"48,8409400";"2,6592100"
"202000027063";"10";"4";"2020";"16:45";"1";"84";"84003";"2";"4";"1";"6";"Cours Lauze de Perret";"43,8737550";"5,3975220"
"202000027064";"5";"8";"2020";"16:15";"1";"78";"78350";"2";"9";"1";"6";"GENERAL LECLERC (RUE DU)";"48,8588000";"2,1193000"
"202000027065";"23";"10";"2020";"07:40";"3";"77";"77216";"1";"9";"3";" -1";"D 607";"48,2967000";"2,6796900"
"202000027066";"10";"4";"2020";"17:45";"1";"50";"50601";"2";"5";"1";" -1";"1 Rue Victor Hugo";"49,0349670";" -0,9789100"
"202000027067";"5";"11";"2020";"04:30";"5";"76";"76681";"2";"1";"9";"3";"14 JUILLET. AVENUE DU";"49,4078700";"1,0904900"
"202000027068";"11";"4";"2020";"16:40";"1";"14";"14384";"2";"1";"1";"7";"46 Avenue Pierre Laurent";"49,3139880";" -0,3524960"
"202000027069";"4";"11";"2020";"17:36";"1";"76";"76351";"2";"3";"1";"2";"PAUL BERT (AVENUE).";"49,5079900";"0,1682400"
"202000027070";"10";"4";"2020";"12:35";"1";"02";"02684";"2";"9";"1";"6";"36 Rue Léon Blum";"49,9174260";"4,1325330"
"202000027071";"7";"4";"2020";"04:00";"5";"13";"13055";"2";"1";"1";"6";"A507 sens Marseille - Aubagne";"43,3300600";"5,3893980"
"202000027072";"4";"8";"2020";"15:55";"1";"74";"74012";"2";"1";"1";"6";"VETERANS (RUE DES)";"46,1937700";"6,2344120"
"202000027073";"4";"11";"2020";"09:50";"1";"76";"76351";"2";"3";"1";"6";"ALBERT SAMAIN";"49,5167300";"0,0929600"
"202000027074";"10";"4";"2020";"20:15";"2";"94";"94043";"1";"1";"1";"7";"AUTOROUTE A6B";"48,8157000";"2,3564000"
"202000027075";"10";"4";"2020";"19:55";"1";"91";"91377";"1";"1";"1";"6";"RD 444";"48,7311240";"2,2396080"
"202000027076";"5";"11";"2020";"20:00";"5";"72";"72181";"2";"9";"1";"3";"DURAND GEORGES (AV) N° IMP 313 ET plus";"47,9634400";"0,2212500"
"202000027077";"4";"8";"2020";"19:30";"1";"69";"69282";"2";"1";"1";" -1";"REPUBLIQUE (DE)                     (R )";"45,7667600";"4,9999900"
"202000027078";"10";"4";"2020";"15:25";"1";"91";"91521";"1";"1";"1";"7";"RN 440";"48,6328700";"2,4026900"
"202000027079";"15";"1";"2020";"19:23";"5";"86";"86194";"2";"1";"1";"3";"Avenue de l’Europe";"46,5912884";"0,3519166"
"202000027080";"5";"8";"2020";"14:00";"1";"68";"68256";"1";"1";"1";"6";"N/A";"47,7573400";"7,3044400"
"202000027081";"5";"11";"2020";"13:30";"1";"71";"71153";"2";"3";"1";"6";"MOINEAUX (RUE DES)";"46,8036980";"4,4186234"
"202000027082";"5";"2";"2020";"16:50";"1";"34";"34032";"2";"1";"1";"7";"PEZENAS (ROUTE DE)";"43,3578500";"3,2433000"
"202000027083";"5";"11";"2020";"12:10";"1";"67";"67482";"2";"1";"1";"6";"ROME (RUE DE)";"48,5772935";"7,7669046"
"202000027084";"9";"4";"2020";"09:30";"1";"974";"97411";"2";"1";"1";"6";"Rue Lory les Hauts";" -20,8937028";"55,4818299"
"202000027085";"9";"4";"2020";"01:15";"5";"76";"76319";"2";"1";"1";"7";"ESSARTS. RUE DES (CD 13)";"49,3528700";"1,0130800"
"202000027086";"8";"4";"2020";"09:45";"1";"69";"69264";"2";"1";"1";"6";"BENDER  EMILE (rue)";"45,9800700";"4,7384700"
"202000027087";"6";"4";"2020";"01:00";"3";"59";"59375";"2";"1";"1";"7";"HEIN LOUIS(RUE)";"50,4067800";"3,2792900"
"202000027088";"5";"8";"2020";"01:20";"4";"67";"67204";"2";"3";"1";"1";"REPUBLIQUE (RUE DE LA)";"48,6213979";"7,7552301"
"202000027089";"9";"4";"2020";"13:30";"1";"59";"59122";"2";"3";"1";"3";"SOLESMES (RUE DE)";"50,1787000";"3,2483300"
"202000027090";"8";"4";"2020";"17:10";"1";"34";"34172";"2";"1";"1";"6";"BARCELONE (AVENUE DE)";"43,6250510";"3,8174190"
"202000027091";"5";"11";"2020";"08:00";"2";"67";"67482";"2";"1";"1";"1";"LYON (BOULEVARD DE)";"48,5748547";"7,7351050"
"202000027092";"4";"8";"2020";"10:20";"1";"67";"67482";"2";"1";"8";"2";"SCHIRMECK (ROUTE DE)";"48,5694000";"7,7106300"
"202000027093";"9";"4";"2020";"23:50";"5";"29";"29019";"2";"6";"1";"6";"Rue de Maissin";"48,3908000";" -4,5035000"
"202000027094";"1";"8";"2020";"12:37";"1";"66";"66136";"2";"1";"1";"2";"JOFFRE (AVENUE DU MARECHAL CD 88)";"42,7127600";"2,8893400"
"202000027095";"5";"8";"2020";"18:10";"1";"64";"64483";"2";"3";"1";"3";"ITHURRALDE ANDRE (AVENUE)";"43,3923989";" -1,6530534"
"202000027096";"5";"11";"2020";"08:20";"1";"59";"59648";"2";"2";"1";"1";"CLEMENCEAU RUE";"50,5995800";"3,0532800"
"202000027097";"5";"8";"2020";"11:00";"1";"64";"64260";"2";"1";"1";"3";"MER (BOULEVARD DE LA)";"43,3746700";" -1,7664700"
"202000027098";"29";"10";"2020";"13:55";"1";"58";"58194";"2";"1";"1";"4";"DOCKS";"46,9954000";"3,1482000"
"202000027099";"5";"8";"2020";"15:20";"1";"64";"64237";"1";"1";"7";"4";"route des fontaines";"43,2781510";" -0,3664950"
"202000027100";"5";"8";"2020";"09:25";"1";"64";"64024";"2";"6";"1";"2";"BAB (BOULEVARD DU)";"43,4967400";" -1,5097600"
"202000027101";"4";"8";"2020";"14:25";"1";"63";"63164";"2";"1";"1";"7";"BARDIN (IMPASSE CLAUDIUS)";"45,8359407";"3,1474860"
"202000027102";"4";"8";"2020";"16:15";"1";"59";"59350";"2";"1";"1";"6";"ARTS RUE DES           N°39 A FIN";"50,6384100";"3,0663900"
"202000027103";"4";"11";"2020";"19:15";"5";"57";"57306";"2";"3";"1";"3";"SAINT-JEAN (AVENUE)";"49,3543900";"6,0632400"
"202000027104";"5";"8";"2020";"14:45";"1";"59";"59043";"2";"2";"1";"3";"PHILIPPE VAN TIEGHEM (RUE)";"50,7318700";"2,7277100"
"202000027105";"5";"8";"2020";"13:10";"1";"51";"51454";"2";"1";"1";"2";"Boulevard Paul Doumer";"49,2498215";"4,0252414"
"202000027106";"4";"11";"2020";"17:30";"1";"56";"56107";"2";"6";"7";"6";"KERHOAS (RUE DE)";"47,7247400";" -3,3863500"
"202000027107";"8";"4";"2020";"19:49";"1";"19";"19275";"1";"1";"1";"1";"PONTY (ROUTE DE)";"45,5496844";"2,2787176"
"202000027108";"4";"11";"2020";"18:15";"5";"55";"55545";"2";"1";"1";"6";"LUXEMBOURG ( AVENUE DU )";"49,1674900";"5,3868900"
"202000027109";"4";"8";"2020";"16:05";"1";"50";"50647";"2";"1";"1";"2";"EUROPE (AVENUE DE L')";"48,8388900";" -1,5598400"
"202000027110";"9";"4";"2020";"14:00";"1";"13";"13056";"1";"1";"1";"2";"ROUTE DU PORT DE LAVERA";"43,3947500";"5,0110100"
"202000027111";"4";"8";"2020";"15:15";"1";"49";"49007";"1";"1";"1";"1";"ATLANTIQUE  AVENUE DE L'";"47,4646710";" -0,5744000"
"202000027112";"5";"11";"2020";"11:35";"1";"51";"51454";"2";"2";"1";"7";"Place du Forum";"49,2561708";"4,0334510"
"202000027113";"4";"8";"2020";"17:40";"1";"41";"41018";"2";"2";"1";" -1";"MAUNOURY (AVENUE DE MARECHAL)";"47,6031540";"1,3495830"
"202000027114";"5";"8";"2020";"22:10";"5";"37";"37261";"2";"1";"1";"6";"FEBVOTTE (RUE)";"47,3789727";"0,6913369"
"202000027115";"5";"8";"2020";"17:15";"1";"35";"35238";"2";"1";"1";"2";"159 rue de Lorient";"48,1068700";" -1,7275700"
"202000027116";"9";"4";"2020";"12:45";"1";"75";"75114";"2";"2";"1";"2";"AVENUE DU GENERAL LECLERC";"48,8295900";"2,3284150"
"202000027117";"5";"11";"2020";"08:35";"1";"51";"51573";"2";"3";"1";" -1";"Chemin des Femmes";"49,2428462";"3,9896173"
"202000027118";"5";"8";"2020";"22:00";"5";"34";"34172";"2";"1";"1";"3";"LIBERTE (AVENUE DE LA";"43,5975600";"3,8750500"
"202000027119";"5";"8";"2020";"10:40";"1";"34";"34129";"1";"1";"1";"6";"PALAVAS D986 (ROUTE DE)";"43,5660400";"3,8947500"
"202000027120";"3";"8";"2020";"17:30";"1";"34";"34032";"2";"9";"1";"2";"ROUTE DEPARTEMENTALE 612";"43,3658000";"3,2263200"
"202000027121";"5";"11";"2020";"21:45";"5";"44";"44109";"2";"1";"1";"7";"Rue de la Bastille";"47,2195800";" -1,5715100"
"202000027122";"5";"8";"2020";"08:10";"1";"33";"33281";"2";"4";"1";"3";"AVE PRESIDENT J.F. KEN/NEDY / AVE JEAN PERRIN";"44,8344800";" -0,6711500"
"202000027123";"4";"11";"2020";"09:40";"1";"41";"41295";"1";"4";"5";"1";"AVENUE DES NOELS";"47,5966900";"1,3791100"
"202000027124";"8";"4";"2020";"22:23";"5";"75";"75115";"2";"2";"1";"6";"RUE DE DANTZIG";"48,8335040";"2,2986920"
"202000027125";"4";"11";"2020";"19:10";"5";"37";"37261";"2";"1";"1";"6";"MARECHAL JUIN (BD)";"47,4126286";"0,7030307"
"202000027126";"9";"4";"2020";"19:20";"1";"75";"75118";"2";"1";"1";"6";"RUE PHILIPPE DE GIRARD";"48,8852630";"2,3612940"
"202000027127";"3";"11";"2020";"16:45";"1";"37";"37261";"2";"1";"1";"6";"BELLINI (RUE)";"47,3669421";"0,7101890"
"202000027128";"5";"11";"2020";"20:50";"5";"35";"35051";"2";"1";"1";"6";"RENNES (RUE DE)";"48,1141100";" -1,6265900"
"202000027129";"8";"4";"2020";"22:30";"5";"94";"94081";"2";"2";"1";"3";"PAUL VAILLANT COUTURIER (AV)";"48,7875000";"2,3905800"
"202000027130";"8";"4";"2020";"18:39";"1";"94";"94078";"2";"1";"1";"7";"REPUBLIQUE (AV DE LA)";"48,7293190";"2,4498600"
"202000027131";"9";"4";"2020";"09:15";"1";"93";"93066";"2";"1";"1";"3";"BD DE LA LIBERATION";"48,9242243";"2,3425071"
"202000027132";"5";"8";"2020";"09:45";"1";"33";"33529";"2";"1";"1";"1";"112 Boulevard de l'Ocean";"44,6276400";" -1,2024100"
"202000027133";"5";"11";"2020";"07:48";"1";"34";"34172";"2";"1";"1";"3";"DUBOUT (AVENUE ALBERT)";"43,5969625";"3,8834189"
"202000027134";"9";"3";"2020";"16:10";"2";"92";"92012";"2";"2";"1";"2";"PONT DE SEVRES (ROND POINT DU)";"48,8320930";"2,2530570"
"202000027135";"10";"3";"2020";"09:14";"1";"974";"97415";"2";"1";"1";"1";"22 Chemin Labbe";" -21,0661550";"55,2803650"
"202000027136";"4";"8";"2020";"22:10";"2";"28";"28134";"2";"1";"1";"6";"DUNANT (RUE HENRI)";"48,7376700";"1,3912100"
"202000027137";"4";"8";"2020";"17:10";"1";"31";"31555";"2";"1";"1";"7";"AV DE LA GARONNETTE";"43,5984100";"1,4407000"
"202000027138";"5";"8";"2020";"02:35";"3";"29";"29232";"1";"1";"1";"7";"D100 - Bld Pointe du Van";"48,0028771";" -4,1395605"
"202000027139";"5";"11";"2020";"08:55";"1";"27";"27701";"1";"1";"8";"5";"SAINT PIERRE DU VAUVRAY (ANC CHEMIN";"49,2402100";"1,1929790"
"202000027140";"6";"11";"2020";"00:05";"5";"14";"14117";"2";"2";"1";"3";"ALBERT SERGENT (AVENUE)";"49,2915100";" -0,1227900"
"202000027141";"9";"4";"2020";"12:55";"1";"22";"22370";"1";"1";"1";"7";"D7";"48,6702760";" -3,0232790"
"202000027142";"5";"8";"2020";"15:45";"1";"27";"27229";"2";"1";"1";"2";"ROOSEVELT (RUE FRANKLIN DELANO)";"49,0221000";"1,1520000"
"202000027143";"5";"8";"2020";"17:15";"1";"24";"24322";"2";"1";"1";"3";"BOULEVARD GEORGESSAUMANDE";"45,1881300";"0,7299100"
"202000027144";"2";"8";"2020";"17:45";"1";"22";"22215";"1";"1";"1";"7";"BOIS JOLI (RUE DU)";"48,4701300";" -2,8036700"
"202000027145";"10";"4";"2020";"11:50";"1";"38";"38226";"2";"9";"1";"7";"Chemin du Serre Bertras";"44,8100000";"5,7423700"
"202000027146";"31";"7";"2020";"15:35";"1";"17";"17333";"2";"1";"1";"6";"JUIN (AVENUE MARECHAL)";"45,6120300";" -0,9907700"
"202000027147";"5";"11";"2020";"20:45";"5";"13";"13213";"2";"1";"1";"3";"OLIVES (AVENUE DES)";"43,3281600";"5,4343800"
"202000027148";"4";"8";"2020";"10:30";"1";"14";"14366";"2";"2";"1";"6";"SAINTE ANNE (BOULEVARD)";"49,1428800";"0,2253500"
"202000027149";"10";"4";"2020";"04:15";"3";"59";"59213";"1";"1";"1";"7";"D643";"50,1532360";"3,3286430"
"202000027150";"5";"11";"2020";"17:15";"2";"13";"13207";"2";"2";"1";"1";"CORSE (AVENUE DE LA)";"43,2892900";"5,3575700"
"202000027151";"5";"11";"2020";"15:50";"1";"13";"13205";"2";"1";"1";"1";"SAINT PIERRE (RUE)";"43,2906600";"5,4202500"
"202000027152";"9";"4";"2020";"22:00";"3";"49";"49228";"1";"1";"1";"6";"La Petite Beauce (Meigné-le-Vicomte)";"47,5117150";"0,1011350"
"202000027153";"5";"11";"2020";"14:45";"1";"13";"13207";"2";"1";"1";"6";"TELLENE (BOULEVARD)";"43,2850100";"5,3683000"
"202000027154";"8";"4";"2020";"19:45";"1";"12";"12142";"1";"1";"1";"1";"D994";"44,4024339";"2,3551983"
"202000027155";"3";"11";"2020";"09:55";"1";"08";"08105";"2";"1";"1";"6";"THEATRE RUE";"49,7737130";"4,7187880"
"202000027156";"10";"4";"2020";"17:40";"1";"41";"41176";"1";"1";"1";"6";"D122";"47,5174520";"2,1319810"
"202000027157";"5";"11";"2020";"18:40";"5";"75";"75112";"2";"1";"1";"3";"BOULEVARD PERIPHERIQUE";"48,8284710";"2,3974180"
"202000027158";"8";"4";"2020";"19:00";"1";"29";"29271";"1";"1";"1";"6";"lieu dit kerscouejou";"48,5651438";" -4,1483760"
"202000027159";"5";"11";"2020";"08:55";"1";"75";"75117";"2";"1";"1";"4";"BOULEVARD PERIPHERIQUE";"48,9006730";"2,3261490"
"202000027160";"8";"4";"2020";"18:20";"1";"29";"29063";"1";"1";"7";"7";"Lieu Dit Mespirit";"48,0543934";" -4,5715651"
"202000027161";"5";"11";"2020";"09:30";"1";"75";"75106";"2";"3";"1";" -1";"IMPASSE DE CONTI";"48,8571700";"2,3385960"
"202000027162";"5";"8";"2020";"16:55";"1";"14";"14118";"2";"2";"1";"3";"HAMELIN (QUAI AMIRAL)";"49,1792400";" -0,3488500"
"202000027163";"5";"11";"2020";"13:15";"1";"75";"75119";"2";"2";"1";"6";"RUE PETIT";"48,8852400";"2,3846050"
"202000027164";"10";"4";"2020";"00:10";"4";"03";"03033";"2";"2";"1";"6";"1 Route des Etangs";"46,1852823";"3,4884755"
"202000027165";"5";"8";"2020";"16:00";"1";"13";"13208";"2";"1";"1";"6";"DOCTEUR BERTRAND (RUE)";"43,2465720";"5,3814820"
"202000027166";"10";"4";"2020";"06:30";"1";"05";"05017";"1";"3";"1";"3";"Chemin du Torrent des Tours";"44,5745190";"6,1696550"
"202000027167";"5";"8";"2020";"09:30";"1";"13";"13207";"2";"1";"1";"6";"RAMPE SAINT MAURICE";"43,2908600";"5,3635900"
"202000027168";"10";"4";"2020";"09:55";"1";"37";"37050";"2";"1";"1";"7";"rue James Joule";"47,3380897";"0,7037777"
"202000027169";"9";"4";"2020";"13:10";"1";"978";"97801";"2";"1";"7";"1";"RN7";"18,0692940";" -63,0353180"
"202000027170";"5";"8";"2020";"01:00";"5";"13";"13208";"2";"1";"1";"2";"MENDES FRANCE (AVENUE)";"43,2540200";"5,3762000"
"202000027171";"19";"2";"2020";"07:17";"2";"83";"83116";"1";"1";"1";"2";"A8";"43,4637910";"5,8550690"
"202000027172";"5";"11";"2020";"09:45";"1";"75";"75119";"2";"2";"1";"3";"RUE SIGMUND FREUD";"48,8820050";"2,4024980"
"202000027173";"4";"8";"2020";"17:00";"1";"13";"13209";"2";"9";"1";"3";"REDON (BOULEVARD DU)";"43,2496700";"5,4226700"
"202000027174";"5";"11";"2020";"07:05";"2";"75";"75118";"2";"3";"1";"6";"BOULEVARD NEY";"48,8987010";"2,3683670"
"202000027175";"5";"8";"2020";"10:20";"1";"13";"13028";"2";"9";"1";" -1";"CD.559";"43,1920810";"5,6072610"
"202000027176";"28";"3";"2020";"07:45";"1";"971";"97124";"2";"1";"1";"6";"Rue des Boutons d'Or";"16,0202360";" -61,7128820"
"202000027177";"3";"8";"2020";"20:30";"1";"13";"13028";"2";"1";"6";"2";"Rond-point de la locomotive";"43,1920730";"5,6048190"
"202000027178";"5";"11";"2020";"11:40";"1";"75";"75117";"2";"1";"1";"3";"AVENUE DE VILLIERS";"48,8852620";"2,2947940"
"202000027179";"10";"4";"2020";"14:20";"1";"45";"45311";"2";"2";"1";"1";"RD11 - PR4+970";"47,8366601";"2,2255562"
"202000027180";"4";"8";"2020";"17:56";"1";"10";"10387";"2";"6";"1";"2";"CHOMEDEY DE MAISONNEUVE (AVE)";"48,3150900";"4,0634600"
"202000027181";"5";"11";"2020";"19:25";"5";"75";"75115";"2";"3";"1";"3";"RUE LECOURBE";"48,8445140";"2,3091800"
"202000027182";"29";"3";"2020";"15:00";"1";"91";"91461";"1";"1";"1";"6";"route de limours";"48,6035170";"2,2110840"
"202000027183";"4";"8";"2020";"17:17";"1";"10";"10387";"2";"1";"1";"6";"JUMELAGES (RUE DES)";"48,3034700";"4,0947700"
"202000027184";"5";"11";"2020";"12:40";"1";"75";"75115";"2";"1";"1";"3";"RUE ROUELLE";"48,8491900";"2,2904340"
"202000027185";"5";"11";"2020";"09:00";"1";"75";"75113";"2";"1";"1";"3";"RUE DE TOLBIAC";"48,8261740";"2,3579200"
"202000027186";"5";"11";"2020";"15:30";"1";"75";"75112";"2";"3";"1";"6";"BOULEVARD DIDEROT";"48,8471500";"2,3850070"
"202000027187";"24";"3";"2020";"11:00";"1";"34";"34154";"1";"1";"1";"3";"D189";"43,6176390";"3,9831020"
"202000027188";"5";"8";"2020";"21:40";"2";"06";"06069";"2";"1";"1";"3";"SAINT LAURENT (AVENUE)";"43,6799940";"6,9559190"
"202000027189";"5";"11";"2020";"06:40";"5";"75";"75104";"2";"1";"1";"6";"BOULEVARD BEAUMARCHAIS";"48,8545450";"2,3688080"
"202000027190";"9";"4";"2020";"13:46";"1";"57";"57288";"2";"1";"1";"2";"D73";"49,1823200";"6,6603850"
"202000027191";"5";"8";"2020";"16:35";"2";"06";"06069";"2";"1";"1";"7";"CAUVIN (AVENUE LOUIS)";"43,6420300";"6,9593100"
"202000027192";"4";"11";"2020";"12:35";"1";"94";"94068";"2";"2";"1";"6";"RABELAIS (BD)";"48,8065400";"2,4787500"
"202000027193";"5";"4";"2020";"04:30";"3";"07";"07042";"2";"1";"1";"6";"Avenue Albertine Maurin";"44,3706488";"4,6384991"
"202000027194";"5";"11";"2020";"20:55";"5";"94";"94018";"2";"1";"1";"3";"4 R DU PONT";"48,8178500";"2,4197700"
"202000027195";"5";"8";"2020";"08:52";"1";"06";"06069";"2";"1";"1";"3";"RIOU (CHEMIN DU)";"43,6666140";"6,9364490"
"202000027196";"9";"4";"2020";"09:20";"1";"94";"94038";"1";"1";"1";"6";"AUTOROUTE A6B";"48,7728800";"2,3455400"
"202000027197";"8";"4";"2020";"13:00";"1";"93";"93073";"1";"1";"1";"6";"AUTOROUTE A104";"48,9668900";"2,5606300"
"202000027198";"5";"11";"2020";"17:40";"5";"94";"94076";"2";"3";"1";"7";"MAXIME GORKI (BD)";"48,7915860";"2,3694370"
"202000027199";"4";"8";"2020";"16:47";"1";"06";"06027";"1";"1";"1";"1";"GAUDE AVENUE DE LA";"43,6824410";"7,1494680"
"202000027200";"9";"4";"2020";"14:00";"1";"94";"94073";"1";"1";"1";"7";"A86 EXT";"48,7683000";"2,3788700"
"202000027201";"5";"11";"2020";"17:35";"5";"94";"94037";"2";"1";"1";"1";"GABRIEL PERI (R)";"48,8072930";"2,3467090"
"202000027202";"3";"10";"2020";"09:45";"1";"93";"93027";"1";"1";"1";"6";"AUTOROUTE A86";"48,9285300";"2,4135600"
"202000027203";"31";"1";"2020";"07:42";"2";"45";"45208";"2";"1";"2";"1";"RUE DU CHATEAU";"47,9989510";"2,7290410"
"202000027204";"5";"8";"2020";"09:50";"1";"75";"75112";"2";"4";"1";"2";"ECHANGEUR BERCY";"48,8277270";"2,3946260"
"202000027205";"5";"11";"2020";"08:30";"1";"94";"94073";"2";"1";"1";"6";"REPUBLIQUE (AV DE LA)";"48,7678000";"2,3944500"
"202000027206";"21";"1";"2020";"08:30";"1";"74";"74305";"2";"1";"1";"2";"VOIRONS (RUE DES)";"46,2023500";"6,2567600"
"202000027207";"2";"10";"2020";"19:40";"3";"95";"95042";"1";"1";"2";"2";"RN 104";"49,0619260";"2,3186640"
"202000027208";"4";"11";"2020";"23:45";"5";"94";"94017";"2";"1";"1";"6";"61 Avenue Marx Dormoy";"48,8082520";"2,5250880"
"202000027209";"3";"8";"2020";"09:35";"1";"75";"75120";"2";"1";"1";"2";"BOULEVARD PERIPHERIQUE";"48,8518730";"2,4149580"
"202000027210";"4";"11";"2020";"13:15";"1";"94";"94002";"2";"1";"1";"1";"JEAN BAPTISTE CLEMENT (QU)";"48,7961100";"2,4220800"
"202000027211";"3";"10";"2020";"08:40";"1";"93";"93078";"1";"1";"1";"6";"AUTOROUTE A104";"48,9633673";"2,5213299"
"202000027212";"4";"11";"2020";"08:45";"1";"93";"93066";"2";"9";"1";"6";"LENINE (AVENUE) NR 2 A 26";"48,9419000";"2,3656500"
"202000027213";"4";"8";"2020";"23:10";"5";"75";"75116";"2";"2";"1";"6";"AVENUE HENRI MARTIN";"48,8638670";"2,2719780"
"202000027214";"8";"4";"2020";"14:15";"1";"91";"91589";"2";"3";"1";"3";"DUNANT (RUE HENRI)";"48,6799270";"2,3422660"
"202000027215";"3";"10";"2020";"05:30";"3";"92";"92036";"1";"1";"1";"2";"AUTOROUTE A15";"48,9494783";"2,2805791"
"202000027216";"5";"8";"2020";"09:35";"1";"75";"75119";"2";"1";"1";"6";"RUE DE BELLEVILLE";"48,8735380";"2,3835400"
"202000027217";"5";"11";"2020";"08:50";"1";"93";"93077";"2";"9";"1";"3";"TOUR (ALLEE DE LA)";"48,8968554";"2,5041457"
"202000027218";"5";"11";"2020";"14:55";"1";"93";"93053";"2";"3";"1";"4";"JULES FERRY (RUE)";"48,8941263";"2,4706917"