"Num_Acc";"jour";"mois";"an";"hrmn";"lum";"dep";"com";"agg";"int";"atm";"col";"adr";"lat";"long"
"202000027219";"8";"4";"2020";"04:40";"5";"91";"91223";"2";"6";"1";"3";"VICTOIRE (ROND-POINT DE LA)";"48,4372030";"2,1634470"
"202000027220";"3";"10";"2020";"05:45";"3";"95";"95572";"1";"1";"2";" -1";" A15";"49,0328358";"2,1080398"
"202000027221";"5";"11";"2020";"12:35";"1";"93";"93001";"2";"1";"1";"6";"AV DE LA REPUBLIQUE";"48,9143400";"2,3817200"
"202000027222";"5";"8";"2020";"19:30";"1";"75";"75118";"2";"2";"1";"3";"AVENUE DE LA PORTE DE LA CHAPELLE";"48,8987070";"2,3593610"
"202000027223";"2";"10";"2020";"23:15";"4";"95";"95394";"1";"1";"2";"6";" A115";"49,0489059";"2,1820867"
"202000027224";"7";"4";"2020";"17:45";"1";"86";"86194";"2";"3";"1";"3";"Rue Olivier de Serres";"46,5962550";"0,3297310"
"202000027225";"4";"11";"2020";"13:30";"5";"92";"92019";"2";"1";"1";" -1";"SALENGRO ROGER (AVENUE)";"48,7740345";"2,2769229"
"202000027226";"5";"11";"2020";"13:15";"1";"92";"92020";"2";"1";"1";"6";"PARIS AVENUE DE N°84 A FIN";"48,8067230";"2,2934240"
"202000027227";"5";"8";"2020";"19:30";"1";"75";"75117";"2";"2";"1";"6";"BOULEVARD PEREIRE";"48,8773850";"2,2840520"
"202000027228";"8";"4";"2020";"12:55";"1";"83";"83137";"2";"2";"1";"3";"ILES D'OR (AVE DES)";"43,1302000";"5,9764000"
"202000027229";"2";"10";"2020";"18:50";"1";"93";"93005";"1";"1";"2";"3";"AUTOROUTE A3";"48,9242970";"2,4808533"
"202000027230";"5";"11";"2020";"18:42";"5";"92";"92040";"2";"1";"1";"1";"GENERAL DE GAULLE (AVE DU) 87 A 127";"48,8182450";"2,2772310"
"202000027231";"3";"4";"2020";"22:25";"5";"83";"83069";"2";"1";"1";"7";"BELLEVUE (CHEMIN DE )";"43,1266600";"6,1468200"
"202000027232";"3";"8";"2020";"17:00";"1";"75";"75116";"2";"2";"1";"3";"BOULEVARD MURAT";"48,8453210";"2,2575520"
"202000027233";"5";"11";"2020";"10:40";"1";"92";"92040";"2";"9";"1";"7";"MAXIMILIEN ROBESPIERRE";"48,8205213";"2,2690952"
"202000027234";"7";"4";"2020";"14:45";"1";"71";"71153";"2";"9";"1";"3";"Rue Baptiste Marcet";"46,7975706";"4,4333251"
"202000027235";"2";"10";"2020";"12:20";"1";"93";"93053";"1";"1";"2";"4";"AUTOROUTE A103";"48,8842000";"2,4711000"
"202000027236";"5";"11";"2020";"09:10";"1";"92";"92040";"2";"1";"1";"6";"VICTOR HUGO";"48,8281643";"2,2735403"
"202000027237";"5";"8";"2020";"02:30";"5";"75";"75114";"2";"3";"1";"3";"RUE RAYMOND LOSSERAND";"48,8334320";"2,3171600"
"202000027238";"8";"4";"2020";"13:50";"1";"69";"69266";"2";"3";"1";"3";"EMILE ZOLA     (Cours)";"45,7681717";"4,8869565"
"202000027239";"2";"10";"2020";"11:25";"1";"93";"93008";"1";"1";"2";"3";"AUTOROUTE A86";"48,9087700";"2,4496300"
"202000027240";"5";"8";"2020";"10:40";"1";"75";"75113";"2";"2";"1";"3";"BOULEVARD DE L HOPITAL";"48,8388540";"2,3610010"
"202000027241";"30";"3";"2020";"10:00";"1";"69";"69264";"2";"1";"1";"6";"BLANC  LOUIS  BD";"45,9885200";"4,7214900"
"202000027242";"5";"11";"2020";"06:05";"5";"92";"92036";"2";"1";"1";"3";"MARCEL PAUL (AVENUE) (2/50)";"48,9385710";"2,3041357"
"202000027243";"4";"1";"2020";"18:45";"5";"69";"69266";"2";"1";"1";"4";"LAURENT BONNEVAY    (Boulevard)";"45,7873500";"4,8857000"
"202000027244";"4";"8";"2020";"19:45";"1";"75";"75112";"2";"2";"1";"3";"QUAI DE LA RAPEE";"48,8434350";"2,3707000"
"202000027245";"8";"4";"2020";"08:00";"1";"67";"67447";"2";"1";"1";"3";"30 Avenue de l'Europe";"48,6154200";"7,7189900"
"202000027246";"5";"8";"2020";"19:00";"1";"75";"75110";"2";"4";"1";"3";"RUE D ABBEVILLE";"48,8785550";"2,3505400"
"202000027247";"5";"11";"2020";"15:30";"1";"92";"92024";"2";"6";"1";"3";"FRANCOIS MITERRAND (PLACE)";"48,9030112";"2,3126999"
"202000027248";"2";"10";"2020";"05:55";"1";"976";"97611";"2";"1";"1";"2";"m'tsapere-Nationale 2 (route)";" -12,8078156";"45,2045326"
"202000027249";"5";"8";"2020";"12:57";"1";"75";"75108";"2";"7";"1";"7";"PLACE DE LA MADELEINE";"48,8709410";"2,3243710"
"202000027250";"2";"3";"2020";"17:25";"1";"61";"61169";"2";"3";"1";"3";"11EME DB (RUE DE LA)";"48,7507920";" -0,5676110"
"202000027251";"4";"11";"2020";"11:00";"1";"92";"92004";"1";"9";"1";"6";"ROBERT DUPONT";"48,9193606";"2,2804959"
"202000027252";"2";"10";"2020";"08:30";"1";"974";"97411";"2";"2";"1";"3";"Boulevard Jean Jaurès";" -20,8894420";"55,4506480"
"202000027253";"3";"4";"2020";"13:24";"1";"56";"56098";"2";"6";"1";"6";"ARAGO (RUE  DOMINIQUE )";"47,7829700";" -3,3386300"
"202000027254";"6";"11";"2020";"16:15";"1";"35";"35219";"1";"1";"1";"1";"RD 177";"47,7761520";" -1,9305280"
"202000027255";"5";"8";"2020";"20:50";"1";"75";"75107";"2";"1";"1";"3";"QUAI BRANLY";"48,8619250";"2,2988400"
"202000027256";"7";"4";"2020";"20:20";"2";"37";"37261";"2";"2";"1";"3";"GRAMMONT (AVENUE DE)";"47,3784277";"0,6937076"
"202000027257";"6";"11";"2020";"13:20";"1";"80";"80016";"2";"9";"1";"7";"Intermarché (Supermarché)";"49,9945490";"2,6607910"
"202000027258";"2";"10";"2020";"07:00";"2";"973";"97302";"2";"3";"2";"3";"UNIVERSITE CHICAGO (RUE DE)";"4,9332990";" -52,2992349"
"202000027259";"8";"4";"2020";"12:00";"1";"31";"31555";"2";"1";"2";"3";"RUE DU FAUBOURG BONNEFOY";"43,6160236";"1,4531650"
"202000027260";"7";"4";"2020";"20:00";"2";"31";"31555";"2";"1";"1";"6";"LATTRE DE TASSIGNY (AV DU MARECHAL DE) D";"43,5802500";"1,4376200"
"202000027261";"6";"11";"2020";"07:50";"1";"80";"80129";"1";"1";"1";"6";"D938";"50,0133100";"2,6249170"
"202000027262";"8";"4";"2020";"06:30";"2";"13";"13205";"2";"1";"1";"2";"SAINT PIERRE (RUE)";"43,2928780";"5,4039160"
"202000027263";"2";"10";"2020";"10:30";"1";"69";"69383";"2";"1";"2";"6";"DOCTEUR BOUCHUT (DU)                (R )";"45,7594240";"4,8545569"
"202000027264";"5";"8";"2020";"09:00";"1";"75";"75103";"2";"3";"1";"2";"PLACE DE LA REPUBLIQUE";"48,8673380";"2,3633430"
"202000027265";"6";"11";"2020";"15:10";"1";"87";"87002";"2";"2";"1";"2";"Avenue Francois Mitterrand";"45,9529980";"1,3993300"
"202000027266";"8";"4";"2020";"09:30";"1";"10";"10343";"2";"6";"1";"3";"CHATEAU DES COURS (RUE DU)";"48,2719900";"4,0908100"
"202000027267";"5";"8";"2020";"07:15";"1";"94";"94081";"2";"9";"1";"3";"YOURI GAGARINE (AV)";"48,7861300";"2,3918900"
"202000027268";"2";"10";"2020";"02:50";"5";"69";"69383";"2";"2";"1";"3";"BARABAN (R)";"45,7613000";"4,8682700"
"202000027269";"5";"11";"2020";"19:07";"3";"43";"43076";"1";"1";"5";"6";"D201";"45,3223260";"3,6517100"
"202000027270";"8";"4";"2020";"19:40";"1";"75";"75117";"2";"1";"1";"2";"PORTE DE CHAMPERRET";"48,8851930";"2,2873020"
"202000027271";"4";"8";"2020";"13:45";"1";"94";"94067";"2";"2";"1";"3";"GENERAL LECLERC (CENTRE (PL DU)";"48,8467100";"2,4176800"
"202000027272";"2";"10";"2020";"07:10";"1";"972";"97213";"2";"1";"2";"3";"NELSON MANDELA";"14,6125500";" -60,9978700"
"202000027273";"4";"11";"2020";"12:06";"1";"11";"11203";"2";"1";"1";"3";"RD611";"43,1822030";"2,7479980"
"202000027274";"8";"4";"2020";"17:15";"1";"75";"75118";"2";"1";"1";"6";"RUE FEUTRIER";"48,8869680";"2,3460430"
"202000027275";"2";"10";"2020";"17:34";"2";"972";"97209";"1";"1";"2";"6";"RD 41 (ROCADE)";"14,6134500";" -61,0762000"
"202000027276";"4";"8";"2020";"18:20";"1";"94";"94068";"2";"3";"1";"7";"CHANZY (AV)";"48,7900920";"2,5182830"
"202000027277";"5";"11";"2020";"17:03";"1";"56";"56010";"1";"1";"1";"6";"Guernalain";"47,8702368";" -3,0610280"
"202000027278";"8";"4";"2020";"15:38";"1";"75";"75115";"2";"7";"1";"6";"AVENUE FELIX FAURE";"48,8369190";"2,2787580"
"202000027279";"2";"10";"2020";"10:30";"1";"972";"97209";"2";"1";"1";"1";"BEAUSEJOUR JAMBETTE (ROUTE)";"14,6432620";" -61,0435740"
"202000027280";"4";"8";"2020";"16:50";"1";"94";"94068";"2";"1";"1";"2";"BAC (AV DU)";"48,7974700";"2,5040030"
"202000027281";"5";"11";"2020";"18:00";"3";"59";"59587";"2";"6";"1";"3";"Route d'Hazebrouck";"50,8033140";"2,5767230"
"202000027282";"8";"4";"2020";"20:35";"2";"75";"75112";"2";"2";"1";"6";"BOULEVARD SOULT";"48,8469160";"2,4111530"
"202000027283";"6";"11";"2020";"04:45";"3";"79";"79161";"2";"1";"1";"6";"12 Rue de la Thibaudière";"46,9234450";" -0,2207120"
"202000027284";"2";"10";"2020";"09:00";"1";"2B";"2B037";"1";"1";"1";"4";"TOUTES RUES";"42,6297100";"9,4375500"
"202000027285";"8";"4";"2020";"18:00";"1";"75";"75107";"2";"1";"1";"6";"QUAI BRANLY";"48,8584930";"2,2924650"
"202000027286";"4";"8";"2020";"13:35";"1";"94";"94068";"2";"1";"1";"7";"LEDRU ROLLIN (R)";"48,7899900";"2,4900100"
"202000027287";"5";"11";"2020";"21:20";"3";"33";"33406";"1";"1";"1";"6";"D17";"44,8950400";" -0,0581400"
"202000027288";"28";"9";"2020";"12:00";"1";"971";"97120";"2";"1";"1";"6";"HANNE (BOULEVARD)";"16,2406120";" -61,5337950"
"202000027289";"8";"4";"2020";"13:30";"1";"94";"94041";"2";"1";"1";"6";"REPUBLIQUE (AV DE LA)";"48,8061800";"2,3932500"
"202000027290";"2";"10";"2020";"08:33";"1";"2A";"2A004";"2";"1";"1";" -1";"PRINCE IMPERIAL COURS";"41,9341702";"8,7472323"
"202000027291";"8";"4";"2020";"18:20";"1";"92";"92040";"2";"1";"1";"6";"HOCHE";"48,8238986";"2,2695981"
"202000027292";"5";"8";"2020";"02:20";"5";"94";"94019";"2";"1";"1";"1";"ARISTIDE BRIAND (R)";"48,7900000";"2,5300000"
"202000027293";"6";"11";"2020";"07:15";"2";"33";"33514";"1";"2";"1";"3";"D1215";"45,5061060";" -1,0926780"
"202000027294";"8";"4";"2020";"22:00";"3";"22";"22104";"1";"1";"1";"6";"La Basse Touche";"48,4060010";" -2,1918370"
"202000027295";"29";"9";"2020";"13:00";"1";"95";"95500";"2";"1";"9";"6";"JEAN JAURES (BOULEVARD)";"49,0515390";"2,0999740"
"202000027296";"5";"11";"2020";"11:10";"1";"33";"33125";"2";"3";"1";"3";"D104";"45,2255110";" -0,8322220"
"202000027297";"9";"4";"2020";"18:15";"1";"60";"60395";"2";"1";"1";"6";"Rue Salvador Allende";"49,2304660";"2,1273940"
"202000027298";"4";"8";"2020";"20:37";"5";"94";"94017";"2";"1";"1";"1";"ROGER SALENGRO (AV)";"48,7966308";"2,5487423"
"202000027299";"1";"10";"2020";"23:55";"3";"91";"91421";"1";"1";"1";"2";"NATIONALE 6 (GLACIERE)";"48,7106800";"2,4418100"
"202000027300";"5";"8";"2020";"20:35";"2";"93";"93073";"1";"1";"1";"1";"CHAPIT RE ( RUE DU)";"49,0038000";"2,5368000"
"202000027301";"2";"10";"2020";"13:00";"1";"91";"91027";"2";"4";"2";" -1";"DUNANT (AVENUE HENRI)";"48,7191000";"2,4011500"
"202000027302";"8";"4";"2020";"17:40";"1";"76";"76226";"2";"1";"7";"6";"2 Rue des Hetres";"49,7904490";"0,4849000"
"202000027303";"5";"8";"2020";"14:15";"1";"93";"93073";"1";"1";"1";"2";"CHAPIT RE ( RUE DU)";"48,9949800";"2,5173500"
"202000027304";"6";"11";"2020";"16:00";"1";"89";"89125";"1";"1";"1";"1";"Rue d'Auxerre";"47,6216970";"3,4953450"
"202000027305";"8";"4";"2020";"18:30";"1";"76";"76452";"2";"6";"1";"7";"Rue de Bois Isambert";"49,5435800";"1,1042010"
"202000027306";"1";"10";"2020";"20:30";"5";"91";"91103";"2";"2";"1";"6";"HUGO VICTOR (PLACE)";"48,6077300";"2,3057800"
"202000027307";"31";"3";"2020";"00:30";"3";"61";"61385";"1";"1";"1";"6";"Lieu Dit la Siaule";"48,8161080";"0,2801670"
"202000027308";"5";"11";"2020";"05:45";"3";"35";"35162";"1";"1";"1";"6";"La Berhaudière";"48,4957560";" -1,1058210"
"202000027309";"5";"8";"2020";"11:30";"1";"93";"93078";"2";"2";"1";"3";"CLEMENCEAU (AVENUE GEORGES)";"48,9582000";"2,5585000"
"202000027310";"1";"10";"2020";"14:00";"1";"87";"87085";"2";"1";"1";"6";"CLOS DE LA BREGERE (RUE DU)";"45,8514600";"1,2658700"
"202000027311";"5";"8";"2020";"21:30";"2";"93";"93051";"2";"1";"1";"2";"PAUL PAMBRUN (BOULEVARD)";"48,8501200";"2,5510300"
"202000027312";"5";"11";"2020";"08:45";"1";"38";"38130";"1";"1";"8";"2";"Route de la Gare";"45,3775410";"5,2632130"
"202000027313";"8";"4";"2020";"16:45";"1";"86";"86281";"1";"1";"1";"1";"D18";"46,7348460";"0,1902330"
"202000027314";"1";"10";"2020";"11:43";"1";"87";"87085";"2";"1";"2";"3";"CURIE  (RUE PIERRE ET MARIE)";"45,8245000";"1,2487900"
"202000027315";"9";"4";"2020";"10:10";"1";"02";"02571";"1";"1";"1";"3";"D8";"49,8841830";"3,3083550"
"202000027316";"6";"11";"2020";"08:50";"1";"03";"03230";"1";"1";"1";"7";"D25";"46,1452827";"3,5415731"
"202000027317";"6";"11";"2020";"14:09";"1";"01";"01272";"1";"1";"1";"6";"D936";"46,1431650";"4,9810340"
"202000027318";"8";"4";"2020";"21:00";"3";"58";"58122";"1";"1";"1";"6";"D38";"47,2578444";"3,0507434"
"202000027319";"5";"8";"2020";"07:29";"1";"93";"93046";"2";"1";"1";"4";"AV ARISTIDE BRIAND";"48,9147000";"2,5273100"
"202000027320";"1";"10";"2020";"07:30";"2";"85";"85191";"1";"1";"1";"1";"RD 37";"46,6931500";" -1,4249500"
"202000027321";"9";"4";"2020";"08:15";"1";"50";"50260";"1";"1";"1";"3";"Le Domaine Juvigny-tertre (Juvigny-le-Tertre)";"48,6776440";" -1,0370490"
"202000027322";"20";"10";"2020";"15:10";"1";"10";"10031";"2";"2";"2";"3";"Rue des Chaumes";"48,5507550";"3,5790110"
"202000027323";"5";"8";"2020";"16:40";"1";"93";"93061";"2";"3";"1";"2";"PERI GABRIEL RUE";"48,8863361";"2,4071758"
"202000027324";"1";"10";"2020";"11:30";"1";"83";"83069";"2";"1";"1";"2";"MOULIN PREMIER (CHEMIN DU)";"43,1288856";"6,1551195"
"202000027325";"9";"4";"2020";"18:00";"1";"64";"64198";"2";"1";"1";"6";"14 Chemin d'Aussevielle";"43,3614910";" -0,4946320"
"202000027326";"5";"11";"2020";"14:45";"1";"07";"07132";"1";"1";"8";"1";"D212";"44,5364780";"4,2944740"
"202000027327";"5";"8";"2020";"15:20";"1";"93";"93005";"2";"2";"1";"3";"MARCEL SEMBAT (RUE)";"48,9356480";"2,4856713"
"202000027328";"8";"4";"2020";"14:05";"1";"73";"73092";"1";"1";"1";"6";"D45";"45,4526980";"5,8187120"
"202000027329";"1";"10";"2020";"14:15";"1";"80";"80021";"2";"1";"2";"6";"EMILE LESOT (RUE)";"49,9086600";"2,2917800"
"202000027330";"6";"11";"2020";"05:05";"3";"27";"27453";"1";"1";"1";"1";"D1";"49,3891330";"1,3754370"
"202000027331";"7";"4";"2020";"12:20";"1";"976";"97617";"1";"1";"1";"3";"D3";" -12,7863150";"45,1515340"
"202000027332";"5";"8";"2020";"07:42";"1";"92";"92072";"2";"1";"1";"1";"VILLE D'AVRAY (RUE DE )";"48,8257700";"2,2063000"
"202000027333";"5";"8";"2020";"01:30";"5";"92";"92036";"2";"9";"1";"3";"GABRIEL PERI (AVENUE) (147/177)";"48,9236790";"2,2946700"
"202000027334";"1";"10";"2020";"09:45";"1";"78";"78646";"2";"1";"2";"3";"CHANTIERS (RUE DES)";"48,7929300";"2,1438700"
"202000027335";"8";"4";"2020";"16:00";"1";"988";"98831";"1";"1";"1";"6";"RT1/VOH";" -20,9189140";"164,6772480"
"202000027336";"5";"11";"2020";"18:10";"5";"37";"37050";"2";"2";"1";"6";"Avenue du Grand Sud";"47,3387300";"0,7041597"
"202000027337";"4";"8";"2020";"16:50";"1";"92";"92036";"2";"1";"1";"1";"VIEUX CHEMIN DE SAINT DENIS (AVENUE)";"48,9319189";"2,3174018"
"202000027338";"18";"9";"2020";"18:48";"1";"78";"78646";"2";"1";"1";"6";"GENERAL DE GAULLE (AVENUE DU)";"48,8005300";"2,1288000"
"202000027339";"8";"4";"2020";"12:00";"1";"06";"06154";"1";"1";"1";" -1";"Route Departementale 2";"43,7950250";"6,7639200"
"202000027340";"4";"11";"2020";"07:30";"2";"78";"78466";"2";"3";"1";"6";"Rue du Montluisant";"48,9414210";"1,9743290"
"202000027341";"5";"8";"2020";"20:50";"2";"92";"92035";"2";"1";"1";"2";"Fauvelles ( rue des )";"48,9014000";"2,2354000"
"202000027342";"3";"11";"2020";"05:15";"3";"45";"45006";"1";"1";"1";"2";"Autoroute A71 PK 108+263";"47,8212270";"1,8587078"
"202000027343";"8";"4";"2020";"18:30";"2";"71";"71342";"2";"1";"1";"6";"Route de Saint-Germain";"46,4464886";"4,0935228"
"202000027344";"5";"11";"2020";"21:20";"4";"971";"97106";"2";"1";"1";"7";"Rue des Paletuviers";"16,1680060";" -61,7746960"
"202000027345";"5";"8";"2020";"14:25";"1";"92";"92024";"2";"3";"1";"3";"CLICHY (QUAI DE) DE (8 A 60)";"48,9050978";"2,2931390"
"202000027346";"7";"4";"2020";"18:00";"1";"54";"54217";"1";"1";"1";"7";"RD 19";"48,4728930";"6,7381810"
"202000027347";"2";"10";"2020";"08:00";"1";"71";"71076";"2";"6";"3";"3";"NUGUE (AVENUE PIERRE)";"46,7884139";"4,8649586"
"202000027348";"5";"8";"2020";"17:20";"1";"92";"92012";"2";"1";"1";"2";"JEAN JAURES (BOULEVARD) 63/215 - 70/208";"48,8383046";"2,2408569"
"202000027349";"5";"4";"2020";"12:25";"1";"57";"57679";"1";"1";"1";"7";"D910";"49,0855210";"6,6115430"
"202000027350";"5";"11";"2020";"16:20";"1";"78";"78255";"2";"4";"1";" -1";"D113";"49,0379800";"1,5919880"
"202000027351";"2";"10";"2020";"14:45";"1";"69";"69029";"2";"1";"3";"6";"ROGER SALENGRO                      (R )";"45,7291800";"4,9082600"
"202000027352";"8";"4";"2020";"18:20";"1";"91";"91570";"1";"1";"1";"4";"RN 104";"48,6253000";"2,3215000"
"202000027353";"5";"11";"2020";"15:20";"1";"11";"11379";"1";"1";"1";"5";"Hameau du Lac";"43,0532020";"2,9612610"
"202000027354";"2";"10";"2020";"14:15";"1";"68";"68224";"2";"9";"1";"2";"N/A";"47,7508741";"7,2860517"
"202000027355";"29";"7";"2020";"12:40";"1";"92";"92004";"2";"2";"1";"3";"ARGENTEUIL N° 176 A 388";"48,9193050";"2,2803990"
"202000027356";"7";"4";"2020";"22:00";"3";"60";"60612";"1";"1";"1";"2";"AUTOROUTE A1";"49,2030500";"2,6089200"
"202000027357";"5";"8";"2020";"19:10";"1";"13";"13211";"1";"1";"1";"2";"A50-Sens Marseille vers Aubagne";"43,2885700";"5,4442000"
"202000027358";"1";"10";"2020";"15:30";"1";"67";"67482";"2";"1";"3";"3";"PAUL DOPFF (RUE) ";"48,5550000";"7,7680600"
"202000027359";"4";"11";"2020";"18:30";"3";"84";"84034";"2";"1";"1";"3";"Route de Gadagne";"43,9013250";"4,9475010"
"202000027360";"2";"10";"2020";"11:30";"1";"66";"66136";"1";"9";"1";"6";"FLANDRES/DUNKERQUE (CARREFOUR)";"42,6864700";"2,9074400"
"202000027361";"1";"2";"2020";"06:20";"1";"974";"97411";"2";"3";"1";"3";"Rue de Paris";" -20,8839583";"55,4504007"
"202000027362";"3";"8";"2020";"14:35";"1";"83";"83137";"1";"1";"1";"1";"A57";"43,1213200";"5,9533100"
"202000027363";"15";"10";"2020";"11:35";"1";"57";"57160";"2";"1";"1";"6";"41 Rue de la Gare";"49,2027270";"6,6937390"
"202000027364";"2";"10";"2020";"06:50";"1";"66";"66136";"2";"1";"1";"6";"POINCARE (BOULEVARD HENRI)";"42,6912900";"2,8965300"
"202000027365";"1";"10";"2020";"16:35";"1";"66";"66136";"2";"1";"1";"6";"SAINT-ASSISCLE (BOULEVARD DE)";"42,6961625";"2,8782731"
"202000027366";"4";"8";"2020";"20:40";"2";"69";"69388";"1";"1";"1";"2";"RD383   ";"45,7220100";"4,8866400"
"202000027367";"6";"11";"2020";"07:00";"1";"57";"57663";"2";"1";"1";"3";"277 Rue de Metz";"49,2281290";"6,1671820"
"202000027368";"2";"10";"2020";"17:15";"1";"65";"65047";"1";"1";"1";"6";"SPORTS (AVE DES)";"43,2404000";"0,1175000"
"202000027369";"29";"1";"2020";"20:57";"5";"69";"69387";"2";"2";"1";"1";"JEAN JAURES                         (AV)";"45,7382000";"4,8376000"
"202000027370";"5";"8";"2020";"14:40";"1";"42";"42218";"1";"1";"1";"2";"A72";"45,4366905";"4,4333619"
"202000027371";"2";"10";"2020";"07:15";"5";"65";"65440";"2";"1";"3";"6";"CRONSTADT (RUE DE)";"43,2285010";"0,0749220"
"202000027372";"16";"1";"2020";"17:15";"1";"2A";"2A004";"1";"6";"8";"7";"CAMPO DELL ORO RTE";"41,9274300";"8,7783800"
"202000027373";"30";"9";"2020";"14:35";"1";"64";"64348";"2";"1";"1";"1";"CHEMIN DES BERGES DU GAVE";"43,3011100";" -0,4142000"
"202000027374";"28";"10";"2020";"14:50";"1";"26";"26271";"1";"3";"1";"1";"1565 Chemin neuf";"45,0318390";"4,8678440"
"202000027375";"5";"8";"2020";"08:54";"1";"94";"94037";"1";"1";"1";" -1";"AUTOROUTE A6B";"48,8117200";"2,3514600"
"202000027376";"5";"8";"2020";"08:30";"1";"91";"91471";"1";"1";"1";"2";"RN 118";"48,7143230";"2,1759830"
"202000027377";"1";"10";"2020";"07:55";"2";"64";"64125";"2";"1";"2";"3";"PLATEAU (AVENUE DU)";"43,4451500";" -1,5837700"
"202000027378";"14";"2";"2020";"11:09";"1";"95";"95127";"2";"1";"1";"6";"VAUREAL (RUE DE)";"49,0436920";"2,0501100"
"202000027379";"5";"11";"2020";"17:02";"2";"01";"01160";"2";"6";"8";"3";"Avenue du Jura";"46,2595110";"6,1110590"
"202000027380";"2";"10";"2020";"17:35";"1";"64";"64102";"2";"6";"2";"2";"ARITXAGUE (BD D')";"43,4778000";" -1,4920100"
"202000027381";"6";"2";"2020";"14:45";"1";"91";"91549";"2";"6";"7";"6";"REPUBLIQUE (AVENUE DE LA)";"48,6449620";"2,3345890"
"202000027382";"2";"10";"2020";"09:50";"1";"64";"64024";"2";"1";"3";"7";"ARITXAGUE (BD D')";"43,4726000";" -1,4902100"
"202000027383";"6";"11";"2020";"13:15";"1";"69";"69176";"2";"3";"1";"6";"45 Route de Prasseytout";"45,6694550";"4,6841680"
"202000027384";"5";"8";"2020";"19:00";"1";"92";"92025";"1";"1";"1";" -1";"A86";"48,9332200";"2,2518000"
"202000027385";"2";"10";"2020";"17:40";"1";"59";"59378";"2";"1";"3";"6";"DOMINIAL (127 AV. DE LA MARNE)";"50,6793500";"3,1135700"
"202000027386";"5";"8";"2020";"07:41";"1";"78";"78322";"1";"1";"1";"4";"RN12";"48,7818170";"2,1628330"
"202000027387";"6";"11";"2020";"18:30";"5";"81";"81140";"2";"2";"1";"3";"4 Avenue Georges Spenale";"43,7029520";"1,8059900"
"202000027388";"18";"1";"2020";"01:30";"3";"91";"91161";"1";"6";"2";"7";"INDUSTRIE (RUE De L')";"48,7042070";"2,2969230"
"202000027389";"1";"10";"2020";"09:10";"1";"59";"59609";"2";"2";"3";"1";"SECLIN RUE DE";"50,5755600";"3,0787800"
"202000027390";"6";"11";"2020";"11:45";"1";"27";"27599";"2";"1";"1";"6";"Route Departementale 6015";"49,1468260";"1,3955210"
"202000027391";"5";"8";"2020";"15:00";"1";"95";"95582";"1";"1";"1";"6";" A15";"48,9639660";"2,2636396"
"202000027392";"5";"1";"2020";"06:25";"5";"91";"91097";"2";"6";"1";"6";"CHARLES DE GAULLE (STADE-TENNIS)(AVENUE)";"48,6907000";"2,5256000"
"202000027393";"5";"8";"2020";"17:40";"1";"94";"94069";"1";"1";"1";"2";"A4";"48,8172000";"2,4293000"
"202000027394";"5";"11";"2020";"07:51";"2";"13";"13215";"1";"1";"1";"2";"A7-Sens Lyon vers Marseille";"43,3653900";"5,3607300"
"202000027395";"2";"10";"2020";"17:55";"2";"59";"59122";"2";"2";"2";"3";"GUERRY (RUE MONSEIGNEUR)";"50,1749900";"3,2266800"
"202000027396";"8";"2";"2020";"16:00";"1";"83";"83069";"1";"6";"1";" -1";"LOUBES (ROUTE DES)";"43,1133000";"6,1108000"
"202000027397";"5";"11";"2020";"14:50";"1";"94";"94037";"1";"1";"1";"7";"AUTOROUTE A6B";"48,8160200";"2,3563500"
"202000027398";"2";"10";"2020";"17:10";"1";"56";"56260";"2";"3";"3";"3";"Boulevard de la Paix";"47,6594000";" -2,7502000"
"202000027399";"2";"2";"2020";"10:10";"1";"83";"83069";"1";"6";"1";"3";"NICE (ROUTE DE)";"43,1287000";"6,1553000"
"202000027400";"5";"8";"2020";"14:40";"1";"94";"94028";"1";"1";"1";"3";"A86 EXT";"48,7838384";"2,4405909"
"202000027401";"5";"11";"2020";"08:45";"1";"91";"91617";"1";"1";"1";"5";"RN 104";"48,6315600";"2,5192000"
"202000027402";"5";"11";"2020";"19:35";"3";"60";"60612";"1";"1";"1";"6";"AUTOROUTE A1";"49,2007911";"2,6074033"
"202000027403";"12";"1";"2020";"10:35";"1";"83";"83069";"1";"9";"1";"3";"LOUBES (ROUTE DES)";"43,1131000";"6,1110000"
"202000027404";"5";"8";"2020";"14:45";"1";"77";"77121";"1";"1";"1";"2";"A104";"48,8360100";"2,6652600"
"202000027405";"2";"10";"2020";"14:05";"1";"56";"56260";"2";"3";"1";"3";"HERRIOT(AVENUE EDOUARD)";"47,6572110";" -2,7456500"
"202000027406";"4";"11";"2020";"19:25";"3";"93";"93005";"1";"1";"1";" -1";"AUTOROUTE A3";"48,9554822";"2,4583252"
"202000027407";"7";"1";"2020";"09:46";"1";"81";"81163";"2";"1";"8";"6";"29, Rue des Cordes";"43,4913100";"2,3772500"
"202000027408";"22";"2";"2020";"18:24";"1";"42";"42187";"2";"9";"1";"6";"Rue Lavoisier";"46,0241358";"4,0637639"
"202000027409";"4";"11";"2020";"05:45";"3";"95";"95241";"1";"1";"1";"7";"RN 104";"49,0534973";"2,4260253"
"202000027410";"30";"9";"2020";"08:02";"1";"56";"56260";"2";"3";"2";"6";"Avenue Georges Pompidou";"47,6674400";" -2,7699500"
"202000027411";"19";"1";"2020";"12:05";"1";"78";"78311";"2";"1";"1";"6";"STALINGRAD (RUE DE) - COTE PAIR";"48,9276070";"2,1935630"
"202000027412";"3";"11";"2020";"20:00";"1";"974";"97416";"2";"2";"1";"6";"Rue des Bons Enfants";" -21,3395500";"55,4731200"