"Num_Acc";"jour";"mois";"an";"hrmn";"lum";"dep";"com";"agg";"int";"atm";"col";"adr";"lat";"long"
"202000027413";"5";"2";"2020";"09:30";"1";"69";"69256";"2";"1";"1";"6";"JACQUARD                            (R )";"45,7635000";"4,9257000"
"202000027414";"4";"11";"2020";"07:40";"1";"974";"97411";"2";"3";"1";"6";"BEDIER (RUE AMEDEE)";" -20,8842200";"55,4576000"
"202000027415";"1";"10";"2020";"18:00";"1";"56";"56121";"2";"1";"2";"6";"LE COAT SAINT HAOUEN (RUE)";"47,7470000";" -3,3936800"
"202000027416";"4";"11";"2020";"09:40";"1";"69";"69388";"2";"1";"1";"3";"PAUL SANTY                          (AV)";"45,7291900";"4,8764300"
"202000027417";"2";"2";"2020";"17:25";"2";"69";"69282";"2";"3";"2";"3";"JEAN JAURES                         (R )";"45,7748600";"5,0187200"
"202000027418";"18";"4";"2020";"09:10";"1";"02";"02304";"2";"1";"2";"1";"MILENAIRE (RUE DU)";"49,6614800";"3,3794300"
"202000027419";"1";"10";"2020";"16:10";"1";"56";"56121";"2";"1";"3";"2";"BELGIQUE (RUE  DE )";"47,7603900";" -3,3838000"
"202000027420";"3";"11";"2020";"22:50";"5";"972";"97209";"2";"2";"1";"3";"FRANCOIS ARAGO (RUE)";"14,6053732";" -61,0726333"
"202000027421";"31";"1";"2020";"20:00";"5";"69";"69266";"2";"2";"1";"1";"JEAN JAURES      (Rue)";"45,7581000";"4,8852000"
"202000027422";"27";"7";"2020";"11:20";"1";"974";"97407";"2";"9";"1";"6";"Avenue Rico Carpaye";" -20,9485600";"55,2996900"
"202000027423";"1";"10";"2020";"11:30";"1";"54";"54395";"2";"1";"1";"3";"MALZEVILLE (Rue de)";"48,7027900";"6,1812000"
"202000027424";"3";"8";"2020";"18:15";"1";"973";"97302";"2";"1";"1";"6";"DIGUE RONJON";"4,9334914";" -52,3309708"
"202000027425";"4";"11";"2020";"14:00";"1";"69";"69034";"2";"1";"1";"3";"GEORGES CLEMENCEAU                  (QU)";"45,7964700";"4,8338200"
"202000027426";"29";"1";"2020";"18:50";"5";"69";"69282";"2";"2";"2";"2";"REPUBLIQUE (DE LA)  ";"45,7694798";"4,9876637"
"202000027427";"4";"8";"2020";"21:30";"4";"69";"69388";"2";"2";"1";"6";"ALBERT THOMAS                       (CO)";"45,7452600";"4,8719600"
"202000027428";"3";"11";"2020";"12:37";"1";"2A";"2A004";"2";"1";"1";"2";"T21";"41,9287212";"8,7387914"
"202000027429";"4";"11";"2020";"10:15";"1";"95";"95268";"2";"6";"1";"3";"AV FRANCOIS MITTERRAND";"48,9717450";"2,3956680"
"202000027430";"1";"10";"2020";"17:10";"1";"54";"54395";"2";"3";"1";"5";"CINQ PIQUETS (CHEMIN DES)";"48,6887700";"6,1984800"
"202000027431";"27";"1";"2020";"17:55";"5";"69";"69275";"2";"6";"2";"3";"LAVOIR (DU)                         (RP)";"45,7636900";"4,9630900"
"202000027432";"4";"11";"2020";"11:40";"1";"91";"91223";"2";"1";"1";"6";"BELLES CROIX (RUE DES)";"48,4238580";"2,1345510"
"202000027433";"4";"8";"2020";"21:50";"5";"69";"69259";"2";"3";"1";"3";"CHARLES DE GAULLE                   (AV)";"45,7175100";"4,8915500"
"202000027434";"1";"10";"2020";"14:10";"1";"54";"54339";"2";"1";"2";"3";"RD32";"48,7237000";"6,1809000"
"202000027435";"20";"1";"2020";"14:00";"1";"69";"69256";"2";"1";"1";"6";"TITTA COIS                          (R )";"45,7712100";"4,9045500"
"202000027436";"4";"11";"2020";"06:25";"5";"91";"91433";"1";"6";"1";"3";"R.D. 20";"48,4378200";"2,1639000"
"202000027437";"2";"10";"2020";"08:15";"2";"54";"54270";"1";"1";"1";"6";"D26";"49,5007900";"5,8625000"
"202000027438";"4";"1";"2020";"13:30";"1";"69";"69256";"2";"1";"1";"6";"DROITS DE L'HOMME (DES)             (R )";"45,7678100";"4,9266000"
"202000027439";"30";"10";"2020";"17:55";"2";"83";"83126";"1";"1";"1";"6";"ARMANDO (AV. ESPRIT)";"43,0991100";"5,8920300"
"202000027440";"4";"8";"2020";"17:00";"1";"69";"69383";"2";"2";"1";"3";"LEON JOUHAUX                        (R )";"45,7548000";"4,8543000"
"202000027441";"1";"10";"2020";"17:00";"1";"51";"51454";"2";"1";"2";"7";"Rue de Courcelles";"49,2651021";"4,0063551"
"202000027442";"8";"2";"2020";"02:00";"5";"64";"64445";"2";"1";"1";"6";"GASTON PHOEBUS";"43,3025100";" -0,3809100"
"202000027443";"4";"8";"2020";"11:40";"1";"69";"69259";"2";"3";"1";"2";"VIENNE (DE)                         (RO)";"45,7216000";"4,8542000"
"202000027444";"2";"10";"2020";"13:20";"1";"51";"51454";"2";"1";"2";"7";"Avenue Jean Jaurès";"49,2609531";"4,0491340"
"202000027445";"3";"11";"2020";"18:10";"3";"83";"83069";"1";"1";"1";"5";"PIERREFEU (ROUTE DE) RD 12";"43,1338574";"6,1611359"
"202000027446";"11";"2";"2020";"08:28";"1";"63";"63113";"2";"4";"6";"6";"POMPIDOU (BD GEORGES)";"45,7956800";"3,1235300"
"202000027447";"30";"9";"2020";"15:45";"1";"50";"50129";"2";"4";"1";"2";"LEMONNIER (AVENUE AMIRAL)";"49,6337900";" -1,6062900"
"202000027448";"30";"10";"2020";"15:30";"1";"78";"78361";"2";"1";"1";"6";"RUE DU GRENIER A SEL";"48,9980100";"1,7136000"
"202000027449";"23";"1";"2020";"03:15";"5";"60";"60463";"2";"9";"9";"6";"RD 1016 SORTIE M DENEUX";"49,2835600";"2,4754600"
"202000027450";"29";"9";"2020";"05:30";"3";"50";"50129";"2";"2";"1";"3";"CONQUERANT (BOULEVARD GUILLAUME LE)";"49,6421800";" -1,6370500"
"202000027451";"31";"10";"2020";"09:30";"1";"77";"77307";"2";"2";"1";"3";"AV THIBAUD DE CHAMPAGNE";"48,8779600";"2,7448500"
"202000027452";"12";"1";"2020";"17:35";"5";"59";"59279";"2";"9";"1";"2";"LYS (RUE DE LA)";"50,7805330";"3,1061650"
"202000027453";"25";"9";"2020";"15:00";"1";"50";"50129";"2";"3";"1";"4";"ABBAYE (RUE DE L')";"49,6454200";" -1,6381900"
"202000027454";"1";"2";"2020";"03:15";"5";"56";"56121";"2";"3";"2";"6";"THIELEMANS ( ALLEE PIERRE )";"47,7642900";" -3,4022800"
"202000027455";"2";"11";"2020";"11:40";"1";"76";"76351";"2";"1";"2";"1";"LOUIS BLERIOT";"49,5302052";"0,0948046"
"202000027456";"1";"10";"2020";"08:06";"2";"49";"49007";"2";"1";"2";"7";"LETANDUERE";"47,4636671";" -0,5552910"
"202000027457";"3";"11";"2020";"12:35";"1";"71";"71499";"2";"1";"8";"7";"FRANCOIS MITTERAND (RUE)";"46,6645959";"4,2877181"
"202000027458";"1";"10";"2020";"02:45";"3";"49";"49267";"2";"1";"2";"6";"MARMITIERE";"47,4674400";" -0,4906100"
"202000027459";"4";"11";"2020";"10:27";"1";"69";"69275";"2";"1";"1";"6";"6 avenue Simone Veil";"45,7682613";"4,9804485"
"202000027460";"29";"1";"2020";"07:00";"5";"45";"45232";"2";"2";"1";"6";"Avenue de Sologne - Rue de Verdun";"47,8687400";"1,9118400"
"202000027461";"2";"10";"2020";"13:40";"1";"45";"45154";"1";"1";"1";"2";"Rue du Champ Rouge";"47,9648104";"1,8484847"
"202000027462";"21";"1";"2020";"11:15";"1";"45";"45232";"2";"9";"1";"6";"Rue d'Artois";"47,8434030";"1,9141380"
"202000027463";"1";"11";"2020";"21:15";"5";"62";"62771";"2";"2";"2";"3";"ANICHE (R D')";"50,4168700";"2,8653400"
"202000027464";"2";"10";"2020";"15:00";"1";"45";"45234";"2";"6";"2";"2";"Boulevard de la Motte Sanguin";"47,9008600";"1,9193000"
"202000027465";"19";"1";"2020";"11:57";"1";"45";"45234";"2";"2";"1";"3";"BD A MARTIN - FB SAINT VINCENT";"47,9044400";"1,9133000"
"202000027466";"2";"10";"2020";"07:30";"2";"45";"45147";"2";"1";"3";"7";"Rue Gustave Rolland";"47,9287100";"1,9075500"
"202000027467";"3";"11";"2020";"07:30";"1";"59";"59350";"2";"3";"1";"3";"FAUBOURG DE BETHUNE RUE";"50,6176800";"3,0273200"
"202000027468";"10";"1";"2020";"20:06";"5";"45";"45284";"2";"1";"1";"6";"Allée du Grand Coquille";"47,9216173";"1,9866425"
"202000027469";"2";"10";"2020";"07:45";"4";"45";"45234";"2";"3";"3";"3";"Rue du Faubourg Saint Jean - rue des maltotiers";"47,9046140";"1,8934130"
"202000027470";"3";"11";"2020";"17:47";"3";"57";"57757";"1";"1";"1";" -1";"FORT (RUE DU)";"49,3406700";"6,1837200"
"202000027471";"9";"1";"2020";"18:25";"5";"36";"36202";"2";"6";"3";"3";"Les Terres Noires";"46,7889390";"1,6606983"
"202000027472";"25";"9";"2020";"16:00";"1";"41";"41018";"2";"1";"2";"7";"GAMBETTA (AVENUE)";"47,5836900";"1,3227700"
"202000027473";"3";"11";"2020";"11:05";"1";"56";"56083";"2";"6";"1";"6";"JAURES ( AV. JEAN )";"47,8022700";" -3,2788800"
"202000027474";"1";"2";"2020";"19:17";"2";"34";"34301";"2";"2";"1";"6";"LEMARESQUIER CHARLES (QUAI)";"43,4018800";"3,6977600"
"202000027475";"2";"10";"2020";"22:15";"3";"37";"37195";"2";"1";"8";"7";"N/A";"47,3784818";"0,6494317"
"202000027476";"3";"11";"2020";"18:15";"2";"54";"54395";"2";"2";"1";"3";"LOUIS (RUE BARON)";"48,6966261";"6,1743288"
"202000027477";"1";"10";"2020";"12:15";"1";"37";"37261";"2";"9";"1";" -1";"BUFFON (RUE)";"47,3930801";"0,6908174"
"202000027478";"26";"1";"2020";"02:00";"5";"30";"30189";"2";"3";"2";"2";"FONTAINE (QUAI)";"43,8384900";"4,3504200"
"202000027479";"1";"10";"2020";"16:35";"1";"35";"35238";"2";"1";"2";"6";"CHATEAUBRIAND (QUAI)";"48,1102800";" -1,6762400"
"202000027480";"4";"11";"2020";"16:35";"1";"51";"51474";"2";"6";"1";"2";"Chemin de Saint Thierry";"49,2781154";"4,0042949"
"202000027481";"29";"1";"2020";"14:25";"1";"28";"28134";"2";"1";"1";"6";"KENNEDY (AVENUE DU PRESIDENT)";"48,7292900";"1,3845900"
"202000027482";"2";"10";"2020";"00:15";"3";"34";"34032";"1";"1";"1";"6";"ROUTE DE MURVIEL (RD.19 - SECT.3)";"43,3605000";"3,1943300"
"202000027483";"4";"11";"2020";"13:56";"1";"51";"51454";"2";"2";"1";"3";"Boulevard Pommery";"49,2560811";"4,0554200"
"202000027484";"23";"1";"2020";"14:20";"1";"26";"26057";"2";"1";"1";"6";"2 Rue du Docteur Zamenhof";"45,0382500";"5,0555700"
"202000027485";"2";"10";"2020";"21:00";"5";"33";"33162";"2";"3";"3";"7";"AVE DE L'HIPPODROME / RUE DES VIOLETTES";"44,8705600";" -0,6348700"
"202000027486";"3";"11";"2020";"08:40";"1";"50";"50129";"2";"3";"8";"6";"JOLIOT CURIE (RUE)";"49,6300300";" -1,6433900"
"202000027487";"29";"1";"2020";"05:40";"5";"18";"18033";"1";"6";"9";"3";"DE GAULLE (AV DU GENERAL) N° PAIRS";"47,1169000";"2,4191910"
"202000027488";"24";"10";"2020";"20:30";"5";"49";"49007";"2";"1";"1";"6";"ROI RENE BOULEVARD";"47,4682147";" -0,5570412"
"202000027489";"2";"10";"2020";"16:50";"1";"33";"33192";"2";"3";"2";"1";"AVE DE LA POTERIE / AVE DE LA MADELEINE";"44,7736800";" -0,6371700"
"202000027490";"2";"10";"2020";"12:50";"1";"33";"33119";"2";"8";"1";"3";"AVE G/EORGES CLEMENCEAU/RUE ALEXANDRE DUMAS";"44,8498300";" -0,5091500"
"202000027491";"9";"2";"2020";"13:00";"1";"13";"13211";"2";"9";"1";"4";"WILLIAM BOOTH (AVENUE)";"43,2960800";"5,4475700"
"202000027492";"4";"11";"2020";"08:50";"1";"45";"45284";"2";"6";"7";"3";"Avenue Pierre Mendes France";"47,9145700";"1,9779300"
"202000027493";"2";"11";"2020";"21:45";"3";"45";"45068";"1";"1";"1";"6";"FORET (RUE DE LA)";"48,0157220";"2,7375050"
"202000027494";"8";"2";"2020";"01:00";"5";"13";"13208";"2";"1";"1";"7";"GRAND LARGE (PROMENADE DU)";"43,2392580";"5,3627430"
"202000027495";"2";"10";"2020";"08:25";"1";"33";"33529";"2";"3";"2";"4";"FUSILLES (AV. DES)";"44,5424700";" -1,1600400"
"202000027496";"5";"2";"2020";"14:10";"1";"13";"13210";"2";"3";"1";"6";"MARCEL ACHILLE (BOULEVARD)";"43,2816340";"5,4247220"
"202000027497";"1";"10";"2020";"16:30";"1";"31";"31555";"1";"1";"1";"3";"NARBONNE (ROUTE DE)";"43,5690183";"1,4564569"
"202000027498";"4";"11";"2020";"21:15";"3";"28";"28110";"1";"1";"1";"6";"RN 123 (ROCADE)";"48,4154600";"1,4930300"
"202000027499";"28";"1";"2020";"18:15";"5";"01";"01053";"2";"1";"1";"6";"BROU ( BD N°68 A 182 PAIR)";"46,1995260";"5,2338770"
"202000027500";"14";"2";"2020";"03:05";"5";"75";"75113";"2";"1";"1";"6";"AVENUE DES GOBELINS";"48,8362560";"2,3522370"
"202000027501";"2";"10";"2020";"02:50";"5";"30";"30189";"2";"1";"1";"6";"CHABAUD AUGUSTE (RUE)";"43,8485000";"4,3862000"
"202000027502";"6";"2";"2020";"17:10";"2";"75";"75112";"2";"4";"1";"6";"AVENUE DU GENERAL MICHEL BIZOT";"48,8377060";"2,4038390"
"202000027503";"9";"2";"2020";"17:30";"2";"75";"75111";"2";"3";"1";"6";"BOULEVARD DU TEMPLE";"48,8653210";"2,3654340"
"202000027504";"6";"2";"2020";"09:45";"1";"75";"75110";"2";"3";"1";" -1";"QUAI DE VALMY";"48,8786940";"2,3662630"
"202000027505";"14";"2";"2020";"13:00";"1";"75";"75108";"2";"3";"1";"2";"AVENUE DES CHAMPS ELYSEES";"48,8710840";"2,3035260"
"202000027506";"4";"11";"2020";"18:00";"2";"25";"25462";"2";"3";"1";"4";"ROCADE G.POMPIDOU (DU 25 A LA FIN)";"46,9006100";"6,3413100"
"202000027507";"30";"9";"2020";"20:40";"5";"29";"29019";"2";"2";"1";"3";"Rue Saint-Exupéry";"48,3861544";" -4,5042277"
"202000027508";"12";"2";"2020";"18:50";"3";"75";"75102";"2";"2";"1";"6";"RUE MONTMARTRE";"48,8681670";"2,3435980"
"202000027509";"3";"2";"2020";"09:15";"1";"75";"75103";"2";"3";"1";"6";"BOULEVARD DE SEBASTOPOL";"48,8670270";"2,3529720"
"202000027510";"10";"2";"2020";"13:30";"1";"94";"94004";"2";"9";"1";"6";"SUCY (R DE)";"48,7530000";"2,5220000"
"202000027511";"1";"10";"2020";"20:35";"5";"29";"29019";"2";"3";"3";"1";"Rue Jean Sebastien Bach";"48,3914966";" -4,5233074"
"202000027512";"10";"2";"2020";"15:58";"1";"93";"93032";"2";"1";"2";"4";"R PARMENTIER";"48,8833000";"2,5333000"
"202000027513";"4";"6";"2020";"23:40";"5";"66";"66136";"2";"1";"1";"6";"LYCEE (AVENUE)";"42,6967700";"2,8878700"
"202000027514";"1";"10";"2020";"16:25";"1";"29";"29019";"2";"1";"2";"2";"Rue de Quimper";"48,3988495";" -4,4413872"
"202000027515";"3";"11";"2020";"15:00";"1";"21";"21278";"2";"1";"1";"6";"54 bis Rue du Faubourg Saint Martin";"47,3419600";"5,0270500"
"202000027516";"8";"2";"2020";"18:00";"2";"93";"93031";"2";"9";"1";"3";"JOFFRE (AVENUE)";"48,9578300";"2,3017100"
"202000027517";"5";"6";"2020";"01:35";"5";"65";"65440";"2";"2";"3";"3";"MASSEY (RUE)";"43,2396000";"0,0738000"
"202000027518";"1";"10";"2020";"18:50";"1";"22";"22278";"2";"1";"8";"7";"CHAGALL (IMPASSE MARC)";"48,5231694";" -2,7933205"
"202000027519";"4";"11";"2020";"08:55";"1";"17";"17200";"2";"6";"1";"3";"LAGORD   AVENUE DE";"46,1874569";" -1,1589104"
"202000027520";"4";"2";"2020";"17:20";"2";"93";"93057";"2";"1";"1";"6";"FRANKLIN (AV.) 104 A FIN";"48,9026213";"2,5080894"
"202000027521";"5";"6";"2020";"09:50";"1";"64";"64445";"2";"1";"2";"3";"GAMBETTA";"43,2966800";" -0,3663700"
"202000027522";"4";"11";"2020";"15:35";"1";"14";"14341";"2";"1";"1";"6";"DAUPHINE (RUE DU)";"49,1446200";" -0,3477300"
"202000027523";"6";"2";"2020";"10:25";"1";"93";"93008";"2";"6";"8";"6";"R DE LA REPUBLIQUE / AV JEAN JAURES";"48,9064200";"2,4385100"
"202000027524";"4";"11";"2020";"19:45";"5";"13";"13213";"2";"1";"1";"6";"JEAN PAUL SARTRE (AVENUE)";"43,3160000";"5,4084000"
"202000027525";"9";"2";"2020";"18:00";"5";"92";"92050";"2";"2";"2";"3";"CLEMENCEAU GEORGES AVENUE N°IMPAIR";"48,8867755";"2,2052418"
"202000027526";"4";"6";"2020";"14:25";"1";"64";"64445";"2";"6";"2";"3";"ALSACE LORRAINE D'";"43,3038000";" -0,3675600"
"202000027527";"5";"6";"2020";"16:10";"1";"64";"64102";"2";"1";"2";"7";"AQUITAINE (AVENUE DE L')";"43,4869500";" -1,4683400"
"202000027528";"12";"2";"2020";"19:30";"3";"92";"92024";"2";"3";"1";"6";"LEON GAMBETTA (ALLEES)/ GENERAL LECLERC (RUE DU) DE (59 ET PLUS)";"48,9035900";"2,3123890"
"202000027529";"3";"11";"2020";"14:45";"1";"13";"13203";"2";"2";"1";"6";"HOCHE (RUE)";"43,3105740";"5,3762600"
"202000027530";"2";"10";"2020";"08:50";"1";"13";"13206";"2";"2";"2";"3";"PIERRE PUGET (COURS)";"43,2899550";"5,3725560"
"202000027531";"8";"2";"2020";"11:00";"1";"54";"54312";"1";"4";"1";"2";"Autoroute A 31";"48,9263500";"6,1108800"
"202000027532";"3";"11";"2020";"17:30";"2";"13";"13206";"2";"3";"1";"3";"PARADIS (RUE)";"43,2870944";"5,3794726"
"202000027533";"5";"6";"2020";"09:50";"1";"64";"64102";"2";"1";"3";"6";"ALLEES MARINES (AVENUE DES)";"43,4986500";" -1,4877700"
"202000027534";"4";"1";"2020";"01:09";"3";"78";"78090";"1";"1";"2";"5";"A13";"48,9705610";"1,8945820"
"202000027535";"3";"11";"2020";"18:20";"5";"13";"13201";"2";"1";"1";"1";"FLAMMARION (BOULEVARD)     1 A 65";"43,2929700";"5,3929000"
"202000027536";"4";"6";"2020";"10:05";"1";"63";"63164";"2";"6";"1";"3";"Patural/sous les ors";"45,8271374";"3,1508780"
"202000027537";"30";"1";"2020";"22:30";"5";"69";"69386";"2";"3";"2";"3";"VAUBAN                              (R )";"45,7655862";"4,8510400"
"202000027538";"1";"2";"2020";"18:55";"5";"64";"64102";"2";"3";"1";"7";"JEAN JAURES (BOULEVARD)";"43,4924000";" -1,4631000"
"202000027539";"26";"5";"2020";"21:35";"1";"62";"62724";"2";"2";"1";"3";"FOSSE DEUX ( BOULEVARD)";"50,4026500";"2,9111500"
"202000027540";"5";"2";"2020";"13:40";"1";"29";"29019";"2";"6";"1";"6";"Avenue Georges Clemenceau";"48,3913800";" -4,4881011"
"202000027541";"7";"4";"2020";"11:15";"1";"69";"69383";"2";"1";"1";"4";"ALBERT THOMAS                       (CO)";"45,7443481";"4,8747276"
"202000027542";"2";"4";"2020";"16:00";"1";"30";"30011";"1";"3";"1";"3";"ARAMON ROUTE D'";"43,9261900";"4,7367800"
"202000027543";"2";"10";"2020";"07:00";"2";"13";"13209";"2";"1";"5";" -1";"COL DE LA GINESTE D559";"43,2370850";"5,5043280"
"202000027544";"3";"11";"2020";"09:15";"1";"06";"06029";"2";"1";"1";"3";"VALLOMBROSA (BOULEBARD)";"43,5531100";"7,0069000"
"202000027545";"6";"6";"2020";"00:00";"5";"59";"59599";"2";"2";"2";"7";"RONCQ (RUE DE)";"50,7345000";"3,1434000"
"202000027546";"7";"4";"2020";"02:05";"5";"64";"64125";"2";"1";"2";"6";"BAYONNE (AVENUE DE)";"43,4507800";" -1,5672700"
"202000027547";"3";"11";"2020";"06:20";"3";"02";"02408";"1";"1";"1";"5";"RD 1044";"49,5611600";"3,5926600"
"202000027548";"2";"10";"2020";"05:15";"3";"13";"13001";"1";"1";"1";"2";"RD9";"43,4940000";"5,3730000"
"202000027549";"18";"5";"2020";"14:50";"1";"59";"59392";"2";"2";"7";"1";"FEIGNIES (ROUTE DE)";"50,2951000";"3,9495900"
"202000027550";"7";"4";"2020";"08:25";"1";"37";"37261";"2";"2";"1";" -1";"VICTOIRE (RUE DE LA)";"47,3925916";"0,6789603"
"202000027551";"3";"11";"2020";"07:25";"1";"75";"75118";"2";"1";"1";"3";"PORTE DE LA CHAPELLE";"48,9011180";"2,3548410"
"202000027552";"5";"6";"2020";"18:20";"1";"59";"59350";"2";"1";"7";"6";"SOLFERINO RUE N°1 - 159";"50,6306455";"3,0558913"
"202000027553";"19";"9";"2020";"12:30";"1";"11";"11262";"2";"3";"1";"4";"AMARATS (CHEMIN DES)";"43,2003600";"2,9692700"
"202000027554";"4";"6";"2020";"19:25";"1";"56";"56098";"2";"2";"1";"3";"STALINGRAD ( AV. ET IMP. )";"47,7591600";" -3,3419100"
"202000027555";"7";"4";"2020";"07:45";"1";"31";"31555";"2";"1";"1";"2";"SAINTE FAMILLE (RUE DE LA) DU 1AU 80";"43,6170300";"1,4323900"
"202000027556";"4";"11";"2020";"08:30";"1";"75";"75118";"2";"2";"1";"3";"AVENUE DE LA PORTE DE MONTMARTRE";"48,9010960";"2,3351470"
"202000027557";"2";"10";"2020";"01:00";"5";"11";"11069";"2";"1";"1";"7";"MIR ACHILLE -AVENUE-";"43,2143000";"2,3619000"
"202000027558";"2";"6";"2020";"09:25";"1";"56";"56121";"2";"4";"1";"3";"PERRIERE ( AV DE LA )";"47,7344100";" -3,3653500"
"202000027559";"6";"4";"2020";"15:00";"1";"31";"31555";"2";"1";"1";" -1";"NARBONNE (ROUTE DE)";"43,5711000";"1,4543500"
"202000027560";"1";"6";"2020";"22:00";"2";"56";"56098";"2";"3";"1";"6";"BLUM (RUE LEON)";"47,7589000";" -3,3366000"
"202000027561";"3";"11";"2020";"15:45";"1";"75";"75120";"2";"3";"1";"5";"AVENUE GAMBETTA";"48,8674790";"2,4007280"
"202000027562";"2";"10";"2020";"21:22";"5";"10";"10387";"2";"4";"3";"1";"ANATOLE FRANCE (RUE)";"48,2840800";"4,0727800"
"202000027563";"4";"11";"2020";"18:25";"3";"75";"75119";"2";"7";"1";"3";"PLACE AUGUSTE BARON";"48,9003050";"2,3870570"
"202000027564";"24";"9";"2020";"13:50";"1";"07";"07102";"2";"1";"1";"2";"SADI-CARNOT (AV.) [DU N° AU N°]";"44,9294500";"4,8749200"
"202000027565";"7";"4";"2020";"12:00";"1";"29";"29019";"2";"3";"1";"3";"Rue Camille Desmoulins";"48,3967883";" -4,4861813"
"202000027566";"5";"6";"2020";"15:00";"1";"54";"54547";"2";"1";"2";"5";"DOUMER (AVENUE PAUL)";"48,6732788";"6,1839405"
"202000027567";"4";"11";"2020";"18:30";"5";"75";"75116";"2";"1";"1";"3";"RUE CHANEZ";"48,8467960";"2,2596080"
"202000027568";"11";"3";"2020";"17:35";"1";"29";"29019";"2";"1";"2";"6";"Boulevard Gambetta";"48,3883320";" -4,4820325"
"202000027569";"4";"11";"2020";"06:45";"2";"75";"75116";"2";"4";"1";"1";"ROUTE DE SURESNES";"48,8642310";"2,2358300"
"202000027570";"2";"10";"2020";"19:30";"5";"75";"75119";"2";"4";"2";"3";"PORTE DE PANTIN";"48,8857190";"2,3976590"
"202000027571";"7";"4";"2020";"01:05";"3";"17";"17200";"1";"1";"2";"3";"02 PK RN237 MOULIN JUSTICE RE";"46,1815000";" -1,1374000"
"202000027572";"5";"6";"2020";"15:00";"1";"51";"51454";"2";"1";"2";"2";"Boulevard Marcellin Berthelot";"49,2702931";"4,0694740"
"202000027573";"1";"10";"2020";"16:20";"1";"75";"75118";"2";"4";"1";"3";"BOULEVARD PERIPHERIQUE";"48,9008210";"2,3408640"
"202000027574";"4";"11";"2020";"17:15";"5";"75";"75113";"2";"2";"1";"3";"AVENUE D ITALIE";"48,8222050";"2,3585250"
"202000027575";"7";"4";"2020";"10:05";"1";"06";"06088";"2";"9";"7";"3";"LYAUTEY (AV. DU MAL)";"43,7144000";"7,2822200"
"202000027576";"4";"6";"2020";"17:30";"1";"51";"51454";"2";"6";"2";"2";"Avenue Henri Farman";"49,2364651";"4,0702108"
"202000027577";"4";"11";"2020";"08:15";"1";"75";"75111";"2";"1";"1";"3";"AVENUE LEDRU ROLLIN";"48,8527840";"2,3769980"
"202000027578";"7";"4";"2020";"16:45";"1";"06";"06069";"2";"1";"7";"6";"THIERS (AVENUE)";"43,6609360";"6,9226070"
"202000027579";"1";"10";"2020";"03:35";"4";"75";"75119";"2";"1";"2";"2";"BOULEVARD PERIPHERIQUE";"48,9003680";"2,3751870"
"202000027580";"4";"6";"2020";"18:45";"1";"50";"50502";"2";"6";"1";"2";"MALRAUX (rue André)";"49,1059000";" -1,0691000"
"202000027581";"7";"4";"2020";"10:05";"1";"75";"75120";"2";"3";"1";"3";"AVENUE GAMBETTA";"48,8646680";"2,3945160"
"202000027582";"4";"6";"2020";"09:54";"1";"45";"45068";"2";"1";"3";"7";"D40 - PR 0+730";"48,0180825";"2,7151919"
"202000027583";"2";"10";"2020";"17:10";"1";"75";"75120";"2";"1";"2";"6";"RUE ORFILA";"48,8665080";"2,3967930"
"202000027584";"7";"4";"2020";"19:50";"2";"75";"75112";"2";"1";"1";"6";"AVENUE DAUMESNIL";"48,8434570";"2,3833080"
"202000027585";"2";"11";"2020";"16:30";"1";"94";"94068";"2";"3";"8";"3";"CONDE (AV DE)";"48,8104300";"2,4805900"
"202000027586";"4";"6";"2020";"18:10";"5";"44";"44184";"2";"1";"1";"6";"Bd de la Renaissance";"47,2831650";" -2,2126040"
"202000027587";"1";"10";"2020";"13:15";"1";"75";"75119";"2";"2";"1";"3";"RUE DE BELLEVILLE";"48,8754880";"2,3989660"
"202000027588";"2";"10";"2020";"18:00";"1";"75";"75117";"2";"4";"2";"6";"AVENUE DE VILLIERS";"48,8817750";"2,3144720"
"202000027589";"7";"4";"2020";"13:30";"1";"94";"94054";"2";"3";"1";"2";"CHARLES TILLON (route)";"48,7462900";"2,3760400"
"202000027590";"3";"6";"2020";"11:20";"1";"40";"40192";"2";"1";"1";"5";"MAINGUY (BD YVES)";"43,8822000";" -0,4824000"
"202000027591";"2";"10";"2020";"17:30";"1";"75";"75117";"2";"2";"3";"6";"AVENUE DE CLICHY";"48,8905830";"2,3202520"
"202000027592";"7";"4";"2020";"21:50";"3";"93";"93073";"1";"1";"1";"1";"RTE DE ROISSY";"48,9843210";"2,5492850"
"202000027593";"5";"6";"2020";"22:35";"2";"35";"35238";"2";"1";"1";"2";"MORAVIE (VILLA DE)";"48,0912600";" -1,6559800"
"202000027594";"2";"10";"2020";"17:30";"1";"75";"75116";"2";"1";"2";"3";"AVENUE VICTOR HUGO";"48,8704780";"2,2872520"
"202000027595";"5";"6";"2020";"19:50";"1";"35";"35238";"2";"1";"1";"3";"GENIAUX (RUE CHARLES)";"48,1125200";" -1,7135400"
"202000027596";"7";"4";"2020";"13:15";"1";"93";"93072";"2";"3";"1";"1";"BD MAXIME GORKI / R SALVADOR ALLENDE";"48,9466400";"2,3865600"
"202000027597";"2";"10";"2020";"18:30";"1";"75";"75116";"2";"4";"3";"3";"RUE CHARDON LAGACHE";"48,8450620";"2,2667180"
"202000027598";"7";"4";"2020";"16:45";"1";"93";"93005";"2";"3";"1";"3";"SUZANNE LENGLEN (AVENUE)";"48,9513780";"2,5138500"
"202000027599";"4";"11";"2020";"18:15";"5";"94";"94079";"2";"1";"1";"1";"JEAN MONNET (BD)";"48,8349800";"2,5399100"
"202000027600";"5";"6";"2020";"13:57";"1";"35";"35238";"2";"1";"1";"3";"MITTERAND (MAIL FRANCOIS)";"48,1090025";" -1,6911221"