"Num_Acc";"jour";"mois";"an";"hrmn";"lum";"dep";"com";"agg";"int";"atm";"col";"adr";"lat";"long"
"202000027795";"2";"9";"2020";"18:00";"1";"33";"33143";"1";"1";"1";"4";"AUTOROUTE A 10";"44,9642800";" -0,4406600"
"202000027796";"2";"10";"2020";"19:05";"5";"94";"94037";"1";"1";"2";"3";"AUTOROUTE A6B";"48,8101100";"2,3494400"
"202000027797";"6";"6";"2020";"11:15";"1";"36";"36046";"2";"1";"2";"6";"15 Rue Maurice Rollinat";"46,5852084";"1,9874305"
"202000027798";"2";"10";"2020";"15:50";"1";"91";"91339";"1";"1";"8";"2";"RN 104";"48,6248000";"2,2638000"
"202000027799";"27";"5";"2020";"00:30";"3";"07";"07076";"2";"1";"1";"6";"Avenue du Lumas";"44,6501120";"4,7627560"
"202000027800";"2";"10";"2020";"16:05";"1";"94";"94034";"1";"1";"2";"6";"AUTOROUTE A86";"48,7611100";"2,3177400"
"202000027801";"2";"10";"2020";"08:20";"1";"92";"92050";"1";"1";"2";"3";"A14";"48,8956300";"2,2262700"
"202000027802";"2";"10";"2020";"18:00";"1";"93";"93027";"1";"1";"2";"5";"AUTOROUTE A86";"48,9283200";"2,4124500"
"202000027803";"6";"6";"2020";"14:40";"1";"40";"40274";"1";"9";"8";"1";"D834";"43,9559160";" -0,5888790"
"202000027804";"1";"10";"2020";"23:30";"3";"95";"95277";"1";"1";"1";"3";"A104";"48,9729300";"2,4875000"
"202000027805";"1";"10";"2020";"18:00";"1";"93";"93010";"2";"1";"8";"3";"AUTOROUTE A3";"48,9071300";"2,4725100"
"202000027806";"1";"10";"2020";"16:40";"1";"93";"93064";"1";"1";"3";"3";"AUTOROUTE A86";"48,8808659";"2,4751941"
"202000027807";"1";"10";"2020";"14:10";"1";"95";"95277";"1";"1";"2";"6";"RD 170B6";"48,9729374";"2,4851069"
"202000027808";"1";"10";"2020";"10:00";"1";"95";"95018";"1";"1";"2";"3";" A15";"48,9539715";"2,2790855"
"202000027809";"5";"6";"2020";"21:10";"3";"24";"24340";"1";"1";"1";"1";"D 709 PR 60";"44,8599450";"0,4436800"
"202000027810";"6";"6";"2020";"10:07";"1";"04";"04091";"1";"1";"1";"7";"RD 4096";"43,9917180";"5,9152790"
"202000027811";"6";"6";"2020";"01:30";"3";"85";"85034";"2";"1";"2";"6";"19 Rue du Château";"46,6378570";" -1,1710310"
"202000027812";"12";"5";"2020";"16:20";"1";"27";"27679";"1";"1";"1";"7";"Route de Francheville";"48,7530760";"0,9028740"
"202000027813";"5";"6";"2020";"18:15";"1";"37";"37086";"2";"1";"1";"6";"Rue du Stade";"47,4811950";"0,3077546"
"202000027814";"6";"6";"2020";"12:30";"1";"48";"48075";"1";"1";"1";"6";"N106";"44,4007970";"3,5715440"
"202000027815";"6";"6";"2020";"03:20";"4";"67";"67389";"2";"2";"2";"7";"M63";"48,6528658";"7,7511171"
"202000027816";"2";"5";"2020";"00:45";"3";"16";"16406";"1";"1";"2";"6";"Ld Le Bois des Forts";"45,6846270";"0,3984260"
"202000027817";"6";"6";"2020";"07:45";"1";"33";"33214";"1";"1";"2";"6";"Route du Baganais";"44,9852260";" -1,1476580"
"202000027818";"6";"6";"2020";"11:30";"1";"34";"34226";"1";"2";"1";"3";"D37";"43,3529490";"2,9868010"
"202000027819";"6";"6";"2020";"09:30";"1";"83";"83099";"2";"1";"1";"6";"Avenue du 15 Août 1944 (Pont)";"43,4573580";"6,6752300"
"202000027820";"6";"6";"2020";"10:20";"1";"13";"13022";"2";"3";"1";" -1";"Avenue des Albizzi";"43,2292970";"5,5502200"
"202000027821";"5";"6";"2020";"07:15";"1";"68";"68317";"1";"1";"2";"7";"D417";"48,0655400";"7,0941480"
"202000027822";"2";"6";"2020";"19:20";"1";"57";"57207";"2";"4";"1";"4";"5 Rue des Roses";"49,1150080";"6,8604950"
"202000027823";"6";"6";"2020";"01:30";"3";"73";"73328";"2";"1";"1";"6";"1120 Route d'Aix";"45,6593470";"5,9089390"
"202000027824";"6";"6";"2020";"02:00";"3";"38";"38468";"1";"1";"1";"6";"D4";"45,3481600";"4,7883000"
"202000027825";"4";"6";"2020";"20:20";"1";"01";"01281";"2";"1";"8";"3";"D1005";"46,2850040";"6,0857610"
"202000027826";"6";"6";"2020";"05:05";"3";"31";"31248";"1";"1";"1";" -1";"D820";"43,4637300";"1,4127910"
"202000027827";"6";"6";"2020";"10:15";"1";"86";"86227";"1";"2";"1";"3";"D759 - D19";"46,9865470";"0,0029400"
"202000027828";"5";"6";"2020";"14:40";"1";"14";"14762";"1";"1";"1";"6";"D55";"48,8667703";" -0,8327106"
"202000027829";"5";"6";"2020";"17:00";"1";"13";"13070";"1";"1";"1";"4";"A50-Sens Aubagne vers Marseille";"43,2848500";"5,5231100"
"202000027830";"3";"6";"2020";"12:59";"1";"13";"13215";"1";"1";"1";"4";"A7-Sens Marseille vers Lyon";"43,3673500";"5,3609200"
"202000027831";"5";"6";"2020";"04:30";"4";"69";"69029";"1";"1";"2";"2";"RD 383 Boulevard laurent bonnevay";"45,7350000";"4,9015000"
"202000027832";"3";"6";"2020";"03:00";"5";"69";"69081";"1";"1";"1";"2";"M6   449.510 A 451.640";"45,7864000";"4,7848100"
"202000027833";"3";"6";"2020";"15:45";"1";"42";"42218";"1";"1";"1";"1";"A72";"45,4654000";"4,3976800"
"202000027834";"5";"6";"2020";"06:35";"1";"33";"33448";"1";"1";"2";" -1";"AUTOROUTE A 62";"44,7003100";" -0,5017200"
"202000027835";"4";"6";"2020";"11:55";"1";"33";"33550";"1";"1";"2";"4";"AUTOROUTE A 62";"44,7735600";" -0,5560000"
"202000027836";"4";"6";"2020";"11:10";"1";"33";"33039";"1";"1";"2";"2";"A630";"44,7939900";" -0,5394500"
"202000027837";"5";"6";"2020";"07:45";"1";"94";"94038";"1";"1";"1";"4";"AUTOROUTE A6B";"48,7728300";"2,3463000"
"202000027838";"5";"6";"2020";"09:20";"1";"92";"92025";"1";"1";"2";"3";"A86";"48,9207800";"2,2254824"
"202000027839";"5";"6";"2020";"11:20";"1";"95";"95572";"1";"1";"2";"6";"AUTOROUTE A15";"49,0328500";"2,1079400"
"202000027840";"5";"6";"2020";"18:30";"1";"94";"94052";"1";"1";"1";"4";"A86 INT";"48,8423300";"2,4928400"
"202000027841";"5";"6";"2020";"17:30";"1";"94";"94069";"1";"1";"1";"2";"A4";"48,8172500";"2,4240900"
"202000027842";"4";"6";"2020";"19:42";"5";"988";"98818";"2";"6";"1";"2";"GERVOLINO (RUE ROGER)";" -22,2605700";"166,4699100"
"202000027843";"4";"6";"2020";"21:00";"2";"69";"69388";"2";"1";"2";"4";"ETATS UNIS (DES)                    (BD)";"45,7276000";"4,8688000"
"202000027844";"4";"6";"2020";"19:45";"1";"69";"69383";"2";"2";"1";"3";"FERDINAND BUISSON                   (R )";"45,7516700";"4,8949600"
"202000027845";"4";"6";"2020";"09:00";"1";"69";"69383";"2";"1";"1";"6";"ARMENIE (D')                        (R )";"45,7545290";"4,8509949"
"202000027846";"4";"6";"2020";"09:46";"1";"972";"97213";"1";"1";"1";"2";"AUTOROUTE A1";"14,6172800";" -61,0175000"
"202000027847";"4";"6";"2020";"14:45";"1";"69";"69034";"2";"1";"1";"1";"VIADUC JOSEPH PICOT                     ";"45,7939300";"4,8718200"
"202000027848";"3";"6";"2020";"11:00";"1";"69";"69034";"2";"1";"1";" -1";"GENERAL LECLERC                     (IM)";"45,8019281";"4,8562387"
"202000027849";"3";"6";"2020";"18:45";"1";"69";"69385";"2";"1";"1";"6";"MENIVAL (DE)                        (AV)";"45,7560600";"4,7877700"
"202000027850";"3";"6";"2020";"15:10";"1";"971";"97101";"2";"9";"1";"2";"Frédéric JALTON";"16,2778000";" -61,4997000"
"202000027851";"4";"6";"2020";"07:30";"1";"91";"91687";"2";"6";"3";"2";"LUNAIN (RUE DU)";"48,6606460";"2,3759810"
"202000027852";"2";"6";"2020";"07:15";"1";"91";"91433";"1";"1";"1";"5";"RD 191";"48,4408100";"2,2084100"
"202000027853";"30";"5";"2020";"10:15";"1";"89";"89024";"1";"1";"1";"6";"VALLAN (ROUTE DE) N° PAIRS";"47,7643500";"3,5500700"
"202000027854";"4";"6";"2020";"13:20";"1";"83";"83137";"2";"1";"3";"3";"BROSSET (BD GENERAL)";"43,1283250";"5,9051230"
"202000027855";"26";"5";"2020";"16:20";"1";"83";"83009";"2";"9";"1";"3";"DE GAULLE (QUAI CHARLES)";"43,1364000";"5,7573600"
"202000027856";"4";"6";"2020";"09:00";"1";"81";"81065";"2";"1";"1";"4";"CORPORAL (CHEMIN DU )";"43,6055280";"2,2300210"
"202000027857";"29";"5";"2020";"18:30";"1";"77";"77337";"1";"1";"1";"7";"MARNE VPN (ROUTE DE LA) - D199";"48,8487600";"2,6133100"
"202000027858";"3";"6";"2020";"08:00";"1";"73";"73065";"2";"6";"1";"3";"CAFFE (PLACE)";"45,5638467";"5,9195330"
"202000027859";"2";"6";"2020";"16:10";"1";"71";"71270";"2";"6";"1";"7";"Avenue de la Gare";"46,3034452";"4,8266046"
"202000027860";"31";"5";"2020";"18:10";"1";"69";"69266";"2";"1";"1";"5";"LAURENT BONNEVAY    (Boulevard)";"45,7850031";"4,8685312"
"202000027861";"2";"6";"2020";"11:00";"1";"69";"69264";"2";"2";"1";"3";"FERRY JULES  R";"45,9822700";"4,7350100"
"202000027862";"2";"6";"2020";"20:31";"1";"66";"66136";"1";"1";"1";"3";"Départementale  617";"42,7126300";"2,9271900"
"202000027863";"4";"6";"2020";"02:30";"5";"64";"64445";"2";"6";"1";"7";"MARCA";"43,2960100";" -0,3766800"
"202000027864";"3";"6";"2020";"17:25";"1";"64";"64024";"2";"1";"1";"3";"ADOUR (AVENUE DE L')";"43,5260600";" -1,5146000"
"202000027865";"3";"6";"2020";"18:19";"1";"63";"63063";"2";"1";"3";"4";"MOULIN (BD JEAN)";"45,8315700";"3,1053400"
"202000027866";"3";"6";"2020";"17:10";"1";"63";"63164";"2";"6";"3";"2";"DE GAULLE (BD CHARLES)";"45,8146739";"3,1442944"
"202000027867";"1";"6";"2020";"12:23";"1";"63";"63032";"2";"5";"1";"2";"ROMAGNAT (ROUTE DE)";"45,7530100";"3,0892100"
"202000027868";"29";"5";"2020";"15:09";"1";"63";"63113";"2";"1";"1";"2";"VERNE (RUE JULES)";"45,7820600";"3,1267600"
"202000027869";"30";"5";"2020";"18:44";"1";"63";"63113";"2";"1";"1";"2";"ORADOU (RUE DE L')";"45,7693300";"3,1132300"
"202000027870";"3";"6";"2020";"07:15";"1";"57";"57757";"2";"2";"1";"3";"Nations (Avenue)";"49,3609000";"6,1947900"
"202000027871";"3";"6";"2020";"11:38";"1";"49";"49007";"2";"1";"1";"3";"BERANGER";"47,4715700";" -0,5339500"
"202000027872";"2";"6";"2020";"17:25";"1";"49";"49246";"2";"1";"1";"4";"A87N";"47,4369000";" -0,5099100"
"202000027873";"4";"6";"2020";"12:15";"1";"44";"44109";"2";"1";"1";"6";"Rue de la Fantaisie";"47,2535800";" -1,5748430"
"202000027874";"4";"6";"2020";"17:45";"1";"38";"38318";"2";"1";"1";"3";"Rue Joseph Grenouillet";"45,5280100";"4,9150000"
"202000027875";"2";"6";"2020";"19:43";"1";"37";"37261";"2";"1";"1";" -1";"HALLES (PLACE DES)";"47,3921800";"0,6798657"
"202000027876";"27";"5";"2020";"01:00";"3";"34";"34003";"1";"1";"1";"2";"RD612";"43,3006247";"3,4629299"
"202000027877";"5";"6";"2020";"00:50";"5";"33";"33063";"2";"2";"1";"3";"RUE PIERRE BAOUR / RUE GEORGES BARRES";"44,8907100";" -0,5468100"
"202000027878";"4";"6";"2020";"16:40";"1";"33";"33550";"2";"3";"1";"6";"PCE ARISTIDE BRIAND / AVE DU MARECHAL LECLERC ";"44,7816644";" -0,5673491"
"202000027879";"3";"6";"2020";"12:15";"1";"33";"33069";"2";"2";"1";"3";"AVE DE TIVOLI / RUE LANET / RUE DES ECUS";"44,8706000";" -0,5982300"
"202000027880";"22";"5";"2020";"12:45";"1";"33";"33281";"2";"6";"1";"3";"AVE DE LA LIBERATION / AVE DE MAGUDAS";"44,8561400";" -0,6438600"
"202000027881";"19";"5";"2020";"19:30";"1";"33";"33550";"2";"1";"1";"6";"RTE DE LEOGNAN";"44,7697530";" -0,5787700"
"202000027882";"4";"6";"2020";"11:15";"1";"31";"31555";"2";"1";"1";" -1";"3 BD DEODAT DE SEVERAC";"43,5859500";"1,4277200"
"202000027883";"4";"6";"2020";"23:20";"5";"30";"30189";"2";"2";"1";"3";"REPUBLIQUE (RUE)";"43,8283400";"4,3548100"
"202000027884";"4";"6";"2020";"10:55";"1";"27";"27562";"2";"9";"1";"3";"INDUSTRIE (RUE DE L')";"49,1042800";"1,4599900"
"202000027885";"29";"5";"2020";"12:50";"1";"22";"22113";"2";"1";"1";"7";"CORDERIE (QUAI DE LA)";"48,7347000";" -3,4679600"
"202000027886";"4";"6";"2020";"07:30";"1";"14";"14118";"2";"1";"1";"3";"FALAISE (RUE DE  - 90 PAIR 95 IMPAIR)";"49,1729400";" -0,3544500"
"202000027887";"4";"6";"2020";"21:00";"2";"13";"13212";"2";"3";"1";"3";"SAINT PIERRE (RUE)";"43,2901040";"5,4257974"
"202000027888";"4";"6";"2020";"19:30";"1";"13";"13208";"2";"1";"1";"3";"RABATAU (BOULEVARD)";"43,2756000";"5,3963700"
"202000027889";"4";"6";"2020";"18:00";"1";"13";"13208";"2";"1";"1";"4";" MIREILLE JOURDAN-BARRY (BD)";"43,2452000";"5,3757000"
"202000027890";"4";"6";"2020";"11:40";"1";"13";"13208";"2";"1";"2";"6";"RABATAU (BOULEVARD)";"43,2762600";"5,3971300"
"202000027891";"4";"6";"2020";"03:35";"5";"13";"13208";"2";"1";"3";"6";"MENDES FRANCE (AVENUE)";"43,2506330";"5,3754440"
"202000027892";"3";"6";"2020";"19:10";"1";"10";"10387";"2";"1";"1";"3";"FOSSES PATRIS (RUE DES)";"48,3002800";"4,0637200"
"202000027893";"2";"6";"2020";"11:15";"1";"10";"10387";"2";"3";"1";"6";"BEGAND (RUE)";"48,2949000";"4,0650000"
"202000027894";"18";"6";"2020";"14:50";"1";"07";"07281";"2";"1";"1";" -1";"GROSS-UMSTADT (AVENUE DE)";"44,9453000";"4,8531000"
"202000027895";"3";"6";"2020";"16:30";"1";"07";"07102";"2";"1";"1";"7";"RHONE (QUAI DU)";"44,9299600";"4,8788700"
"202000027896";"4";"6";"2020";"17:45";"1";"06";"06027";"2";"6";"8";"2";"FRANCE ROUTE DE";"43,6630320";"7,1342260"
"202000027897";"3";"6";"2020";"20:00";"1";"06";"06027";"2";"1";"1";" -1";"PLAGE BOULEVARD DE LA";"43,6572400";"7,1728600"
"202000027898";"17";"12";"2020";"14:15";"1";"79";"79116";"1";"1";"1";"6";"N/A";"46,8341270";" -0,3088620"
"202000027899";"17";"12";"2020";"19:35";"3";"33";"33022";"1";"1";"5";"6";"Chemin des bons";"45,0217330";" -0,7834840"
"202000027900";"12";"11";"2020";"18:25";"5";"33";"33143";"2";"4";"1";"6";"Avenue de Paris";"44,9693140";" -0,4546020"
"202000027901";"17";"12";"2020";"11:25";"1";"85";"85152";"2";"1";"1";"1";"4 rue de l'ocean";"46,6005180";" -1,6572300"
"202000027902";"17";"12";"2020";"17:50";"3";"02";"02346";"1";"1";"1";"6";"route nationale 977";"49,6054120";"3,7877940"
"202000027903";"11";"12";"2020";"12:20";"1";"83";"83027";"1";"1";"3";"2";"A50";"43,1802708";"5,7695496"
"202000027904";"15";"12";"2020";"21:10";"3";"69";"69385";"1";"1";"2";"3";"A6   ";"45,7514140";"4,8213020"
"202000027905";"15";"12";"2020";"19:47";"3";"57";"57463";"1";"9";"8";"7";"RN 431";"49,0890500";"6,2235000"
"202000027906";"16";"12";"2020";"14:20";"1";"33";"33249";"1";"1";"1";"2";"N/A";"44,8789080";" -0,5096690"
"202000027907";"16";"12";"2020";"00:50";"3";"91";"91363";"1";"1";"1";"6";"RN 118";"48,6674300";"2,1925800"
"202000027908";"16";"12";"2020";"12:40";"1";"78";"78362";"1";"1";"1";"4";"A13";"48,9756840";"1,7240890"
"202000027909";"15";"12";"2020";"17:50";"5";"78";"78291";"1";"1";"1";"2";"A13";"48,9716130";"1,7320050"
"202000027910";"15";"12";"2020";"13:48";"1";"95";"95582";"1";"1";"1";"6";"RD 170";"48,9625400";"2,2636900"
"202000027911";"15";"12";"2020";"11:00";"1";"95";"95394";"1";"1";"1";"5";" A115";"49,0499200";"2,1815500"
"202000027912";"24";"1";"2020";"07:40";"2";"78";"78146";"2";"1";"2";"6";"REPUBLIQUE (BOULEVARD DE LA)";"48,8941100";"2,1515600"
"202000027913";"9";"10";"2020";"17:40";"1";"33";"33529";"2";"2";"1";"1";"CARNOT (RUE DU PRESIDENT)";"44,6311200";" -1,1438900"
"202000027914";"3";"8";"2020";"23:20";"5";"19";"19272";"2";"1";"1";"6";"Jean Jaurès (Rue)";"45,2643500";"1,7678200"
"202000027915";"22";"7";"2020";"14:30";"1";"19";"19272";"2";"1";"1";"7";"Georges Clémenceau (Bd)";"45,2655400";"1,7637100"
"202000027916";"18";"7";"2020";"11:35";"1";"19";"19272";"2";"1";"1";"2";"Lucien Sampeix (Av)";"45,2535600";"1,7640300"
"202000027917";"15";"7";"2020";"17:40";"1";"19";"19272";"2";"1";"1";"2";"Rigny (Quai)";"45,2643000";"1,7641900"
"202000027918";"4";"7";"2020";"16:35";"1";"19";"19272";"1";"1";"1";"7";"Albert de la Pradel (Av)";"45,2891718";"1,7722398"
"202000027919";"1";"7";"2020";"00:00";"5";"19";"19272";"2";"1";"1";"6";"Solane (Rue)";"45,2696855";"1,7699401"
"202000027920";"20";"6";"2020";"09:45";"1";"19";"19272";"2";"1";"1";"6";"Jean Jaurès (Rue)";"45,2640795";"1,7670019"
"202000027921";"19";"6";"2020";"14:30";"1";"19";"19272";"1";"1";"1";"3";"Mulatet (Lieu dit)";"45,2429600";"1,7440000"
"202000027922";"16";"6";"2020";"21:45";"5";"19";"19272";"2";"1";"2";"6";"Albert de la Pradel (Av)";"45,2825400";"1,7692400"
"202000027923";"29";"5";"2020";"07:30";"1";"19";"19272";"2";"1";"1";"2";"Chameyrat (Rue)";"45,2565700";"1,7489500"
"202000027924";"28";"5";"2020";"10:30";"1";"19";"19272";"2";"1";"1";"3";"Ventadour (Av)";"45,2745100";"1,7770100"
"202000027925";"4";"9";"2020";"11:40";"1";"94";"94076";"2";"9";"1";"6";"JEAN BAPTISTE BAUDIN (R)";"48,7981200";"2,3550000"
"202000027926";"5";"3";"2020";"08:48";"1";"92";"92044";"2";"3";"2";"6";"BAUDIN (RUE) 1A25 ET 2A34";"48,8973369";"2,2830045"
"202000027927";"15";"12";"2020";"11:30";"1";"974";"97407";"2";"9";"1";"3";"Rue du Général de Gaulle";" -20,9417200";"55,2962600"
"202000027928";"14";"12";"2020";"19:50";"5";"974";"97409";"2";"1";"1";"6";"Avenue Ile de France";" -20,9575770";"55,6497110"
"202000027929";"15";"12";"2020";"20:14";"5";"973";"97302";"1";"1";"1";"2";"MADELEINE (ROUTE DE LA)";"4,9078371";" -52,3220014"
"202000027930";"15";"12";"2020";"17:45";"5";"69";"69388";"2";"1";"2";"6";"PAUL CAZENEUVE                      (R )";"45,7366100";"4,8647600"
"202000027931";"22";"11";"2020";"19:20";"2";"69";"69387";"2";"1";"1";"6";"GAMBETTA                            (CO)";"45,7543500";"4,8456300"
"202000027932";"15";"12";"2020";"09:30";"1";"972";"97213";"1";"1";"1";"2";"ROUTE NATIONALE 1";"14,6449800";" -60,9762100"
"202000027933";"12";"12";"2020";"20:45";"5";"972";"97213";"1";"1";"1";"2";"ROUTE DEPARTEMENTALE 13";"14,6600000";" -60,9900000"
"202000027934";"15";"12";"2020";"13:10";"1";"972";"97209";"1";"1";"1";"2";"AUTOROUTE (A1)";"14,6146000";" -61,0487900"
"202000027935";"12";"12";"2020";"20:15";"5";"69";"69382";"2";"3";"8";"3";"JEAN MOULIN                         (QU)";"45,7661600";"4,8380600"
"202000027936";"7";"12";"2020";"18:45";"5";"971";"97101";"1";"3";"1";"4";"ROLAND GARROS - DUGAZON (RUELLE)";"16,2517139";" -61,5190709"
"202000027937";"15";"12";"2020";"18:15";"5";"95";"95680";"2";"1";"1";"3";"PIERRE SEMARD (AVENUE)";"48,9997380";"2,4121320"
"202000027938";"11";"12";"2020";"17:30";"5";"95";"95585";"2";"1";"2";"6";"CAMUS (BD ALBERT)";"48,9793300";"2,3716920"
"202000027939";"12";"12";"2020";"13:33";"1";"87";"87065";"1";"2";"1";"3";"BOISSEUIL (RUE DE)";"45,7844200";"1,3115300"
"202000027940";"15";"12";"2020";"08:15";"2";"78";"78481";"2";"1";"2";"6";"SARTROUVILLE (ROUTE DE)";"48,9036500";"2,1149300"
"202000027941";"15";"12";"2020";"08:15";"5";"77";"77487";"2";"4";"2";"6";"ECUREUILS  (ALLEE DES )";"48,5374700";"2,6727900"
"202000027942";"15";"12";"2020";"11:00";"1";"77";"77181";"1";"1";"1";"7";"JEAN JAURES  (RUE   )";"48,8164100";"2,7026700"
"202000027943";"15";"12";"2020";"08:50";"1";"77";"77058";"2";"1";"2";"6";"FERRIERES  (RUE DE  )";"48,8380500";"2,6980400"
"202000027944";"14";"12";"2020";"12:30";"1";"72";"72181";"2";"2";"2";"1";"RUBILLARD AV N° IMP 57 ET >";"48,0122400";"0,1821200"
"202000027945";"15";"12";"2020";"10:05";"1";"64";"64260";"2";"1";"1";"3";"CORNICHE (ROUTE DE LA)";"43,3751500";" -1,7610000"
"202000027946";"15";"12";"2020";"13:15";"1";"64";"64140";"2";"3";"1";"2";"LACOUTURE (RUE PIERRE)";"43,5295600";" -1,4737900"
"202000027947";"14";"12";"2020";"13:40";"1";"63";"63113";"2";"1";"1";"3";"8 GALOIS (ALL EVARISTE)";"45,7600777";"3,1307937"
"202000027948";"14";"12";"2020";"13:45";"1";"62";"62119";"2";"6";"1";"5";"CHURCHILL ( AVENUE )";"50,5102510";"2,6498880"
"202000027949";"15";"12";"2020";"03:05";"4";"62";"62764";"1";"1";"2";"6";"RD 917";"50,3057200";"2,7840600"
"202000027950";"14";"12";"2020";"18:25";"3";"61";"61169";"1";"1";"8";"1";"BUISSON CORBLIN";"48,7538150";" -0,5210840"
"202000027951";"15";"12";"2020";"15:20";"1";"59";"59225";"2";"1";"8";"6";"JEAN JAURES (RUE)";"50,2974306";"3,9321882"
"202000027952";"15";"12";"2020";"15:00";"1";"59";"59378";"2";"2";"1";"3";"MENIN RUE DE";"50,6768300";"3,0810000"
"202000027953";"14";"12";"2020";"18:05";"5";"56";"56083";"2";"6";"2";"3";"REPUBLIQUE ( AVE DE LA )";"47,8014200";" -3,2824300"
"202000027954";"11";"12";"2020";"17:55";"5";"55";"55186";"2";"1";"2";"6";"LIBERATION ( AVENUE DE LA )";"48,7964700";"5,1261400"
"202000027955";"15";"12";"2020";"20:35";"5";"54";"54395";"2";"1";"1";"6";"STRASBOURG (AVENUE DE)";"48,6761400";"6,1997400"
"202000027956";"15";"12";"2020";"18:00";"5";"54";"54304";"2";"3";"2";"6";"MOSELOTTE (RUE DE LA)";"48,6982034";"6,1251126"
"202000027957";"11";"12";"2020";"16:56";"1";"54";"54395";"2";"2";"2";"6";"AMERVAL  (RUE D')";"48,6936700";"6,1802700"
"202000027958";"14";"12";"2020";"12:00";"1";"51";"51454";"2";"1";"1";"3";"Rue de la Maison Blanche";"49,2374285";"4,0283427"
"202000027959";"15";"12";"2020";"09:15";"1";"50";"50002";"2";"6";"7";"3";"COUTANCES (route de)";"49,1081900";" -1,1346300"
"202000027960";"11";"12";"2020";"14:00";"1";"50";"50129";"2";"4";"2";"3";"ABBAYE (RUE DE L')";"49,6450700";" -1,6355800"
"202000027961";"15";"12";"2020";"14:15";"1";"49";"49007";"2";"1";"2";"3";"COUBERTIN BOULEVARD";"47,4644800";" -0,5316100"
"202000027962";"15";"12";"2020";"14:20";"1";"49";"49007";"2";"1";"1";"7";"LETANDUERE";"47,4636000";" -0,5552200"
"202000027963";"15";"12";"2020";"12:10";"1";"49";"49007";"2";"1";"1";"7";"GAULLE BOULEVARD CHARLES DE";"47,4698516";" -0,5613673"
"202000027964";"11";"12";"2020";"11:27";"2";"49";"49007";"2";"1";"1";"6";"POIREL BOULEVARD";"47,4618400";" -0,5623500"
"202000027965";"12";"12";"2020";"21:23";"5";"49";"49007";"2";"1";"1";"3";"BRISEPOTIERE";"47,4808300";" -0,5352100"
"202000027966";"14";"12";"2020";"08:16";"2";"49";"49007";"2";"1";"1";"3";"COUBERTIN BOULEVARD";"47,4576500";" -0,5329200"
"202000027967";"14";"12";"2020";"07:46";"5";"49";"49007";"2";"1";"1";"3";"GASNIER AVENUE";"47,4873000";" -0,5733800"
"202000027968";"14";"12";"2020";"17:35";"2";"45";"45234";"2";"1";"1";"6";"Rue du Faubourg de Bourgogne";"47,9011730";"1,9214250"
"202000027969";"14";"12";"2020";"08:05";"2";"44";"44184";"2";"1";"1";"3";"COUBERTIN (AVENUE PIERRE DE)";"47,2679200";" -2,2335200"
"202000027970";"15";"12";"2020";"09:00";"1";"41";"41158";"1";"3";"8";"3";"ROUTE DEPARTEMENTALE 917";"47,7907500";"1,0399100"
"202000027971";"3";"12";"2020";"11:20";"1";"37";"37261";"2";"9";"1";" -1";"LIBERTE (PLACE DE LA)";"47,3795501";"0,6931727"
"202000027972";"14";"12";"2020";"08:00";"2";"37";"37261";"2";"3";"2";"6";"BERANGER (BOULEVARD)";"47,3887847";"0,6794265"
"202000027973";"15";"12";"2020";"08:30";"1";"35";"35238";"2";"2";"1";"3";"TILLON (AVENUE CHARLES)";"48,1245200";" -1,7030900"
"202000027974";"15";"12";"2020";"18:40";"5";"32";"32013";"2";"1";"1";"1";"PIERRE DE MONTESQUIOU (AVENUE)";"43,6335997";"0,5883100"
"202000027975";"15";"12";"2020";"18:35";"3";"28";"28134";"2";"1";"1";"2";"OSMEAUX (RUE DES)";"48,7503900";"1,3931300"
"202000027976";"15";"12";"2020";"17:00";"5";"27";"27701";"2";"1";"1";"6";"FALAISES (ROUTE DES) NATION A ANDELLE";"49,2706800";"1,2135990"
"202000027977";"14";"12";"2020";"13:30";"1";"25";"25462";"2";"1";"1";"6";"MARPAUD";"46,9033600";"6,3528300"
"202000027978";"14";"12";"2020";"11:30";"1";"25";"25056";"2";"4";"1";"3";"EPINAL RUE D'";"47,2703300";"5,9983200"
"202000027979";"12";"12";"2020";"15:15";"1";"22";"22278";"2";"1";"2";"3";"HAREL-DE-LA-NOE (BD)";"48,5195300";" -2,7477000"
"202000027980";"11";"12";"2020";"14:40";"1";"22";"22187";"2";"1";"1";"2";"Rue de la Croix Lormel";"48,5339503";" -2,7580029"
"202000027981";"16";"6";"2020";"22:15";"5";"19";"19272";"2";"1";"2";"3";"Dr Valette (Rue)";"45,2557700";"1,7563300"
"202000027982";"14";"12";"2020";"08:00";"5";"16";"16102";"2";"1";"2";"6";"rue de Montplaisir";"45,6983100";" -0,3383100"
"202000027983";"15";"12";"2020";"07:30";"2";"14";"14118";"2";"1";"8";"2";"RN 814";"49,1958200";" -0,3925400"
"202000027984";"10";"12";"2020";"10:10";"1";"13";"13056";"2";"1";"1";"3";"PARADIS SAINT-ROCH AVENUE DE";"43,4046398";"5,0424784"
"202000027985";"15";"12";"2020";"14:30";"1";"13";"13204";"2";"1";"1";"6";"TROIS FRERES CARASSO (RUE)";"43,3065800";"5,4004600"
"202000027986";"15";"12";"2020";"11:55";"1";"13";"13211";"2";"4";"8";"3";"SAINT MARCEL (BOULEVARD DE )";"43,2875900";"5,4600700"
"202000027987";"14";"12";"2020";"11:35";"1";"13";"13209";"2";"6";"1";"2";"LANCIER (CHEMIN DU)";"43,2473400";"5,3967500"