"Num_Acc";"jour";"mois";"an";"hrmn";"lum";"dep";"com";"agg";"int";"atm";"col";"adr";"lat";"long"
"202000027988";"12";"12";"2020";"16:30";"1";"13";"13028";"2";"3";"1";"6";"PUITS DE BRUNET (CHEMIN DU)";"43,1893300";"5,6028000"
"202000027989";"1";"12";"2020";"18:30";"3";"11";"11262";"2";"1";"1";" -1";"RD 6009 NARBONNE - BEZIERS";"43,1822000";"2,9675900"
"202000027990";"15";"12";"2020";"09:44";"1";"11";"11069";"2";"1";"8";"1";"CAVAYERE -ROUTE DE LA -";"43,1924000";"2,3967100"
"202000027991";"15";"12";"2020";"12:07";"1";"10";"10387";"2";"1";"2";"2";"CARNOT (RUE)";"48,2975100";"4,0664400"
"202000027992";"15";"12";"2020";"18:35";"5";"09";"09225";"2";"1";"1";"6";"BOURIETTE AVENUE DE LA";"43,1052700";"1,6317000"
"202000027993";"15";"12";"2020";"19:30";"5";"06";"06030";"2";"1";"1";"3";"DOUMER (BOULEVARD PAUL)";"43,5677600";"7,0142600"
"202000027994";"14";"12";"2020";"18:45";"5";"06";"06027";"2";"1";"1";"6";"GRASSE AVENUE DE";"43,6599100";"7,1318300"
"202000027995";"14";"12";"2020";"18:30";"5";"03";"03310";"2";"1";"2";"6";"Avenue de Gramont";"46,1311208";"3,4342059"
"202000027996";"15";"12";"2020";"15:00";"1";"75";"75119";"2";"1";"1";"3";"BOULEVARD PERIPHERIQUE";"48,9004330";"2,3861580"
"202000027997";"15";"12";"2020";"05:24";"5";"75";"75118";"2";"2";"2";"3";"BOULEVARD BARBES";"48,8838410";"2,3494890"
"202000027998";"13";"12";"2020";"18:40";"5";"75";"75112";"2";"1";"2";"4";"PORTE DOREE";"48,8359910";"2,4120530"
"202000027999";"15";"12";"2020";"17:17";"2";"75";"75105";"2";"3";"2";"1";"BOULEVARD SAINT GERMAIN";"48,8501720";"2,3481260"
"202000028000";"13";"12";"2020";"20:40";"5";"75";"75105";"2";"5";"2";"6";"AVENUE DE L OBSERVATOIRE";"48,8396709";"2,3366494"
"202000028001";"15";"12";"2020";"19:30";"5";"75";"75119";"2";"2";"8";"3";"RUE MANIN";"48,8830050";"2,3855450"
"202000028002";"15";"12";"2020";"17:15";"5";"75";"75119";"2";"3";"1";"3";"RUE EDOUARD PAILLERON";"48,8796660";"2,3744110"
"202000028003";"14";"12";"2020";"09:57";"1";"75";"75118";"2";"2";"1";"3";"AVENUE DE LA PORTE DE MONTMARTRE";"48,8991460";"2,3362860"
"202000028004";"15";"12";"2020";"22:10";"5";"75";"75116";"2";"4";"1";"7";"BOULEVARD DE BEAUSEJOUR";"48,8566030";"2,2662770"
"202000028005";"15";"12";"2020";"07:00";"5";"75";"75115";"2";"3";"2";"3";"RUE LECOURBE";"48,8409160";"2,2969720"
"202000028006";"15";"12";"2020";"06:20";"3";"75";"75114";"2";"1";"2";"3";"AVENUE DE LA PORTE DE CHATILLON";"48,8229320";"2,3153480"
"202000028007";"15";"12";"2020";"07:18";"5";"75";"75113";"2";"1";"2";"6";"BOULEVARD DE L HOPITAL";"48,8423200";"2,3636400"
"202000028008";"15";"12";"2020";"17:15";"5";"75";"75112";"2";"3";"2";"7";"AVENUE DAUMESNIL";"48,8380890";"2,3997150"
"202000028009";"15";"12";"2020";"14:45";"1";"75";"75112";"2";"1";"8";"2";"AVENUE DAUMESNIL";"48,8471950";"2,3755470"
"202000028010";"14";"12";"2020";"17:30";"2";"75";"75109";"2";"1";"8";"6";"RUE DE DOUAI";"48,8814180";"2,3356240"
"202000028011";"15";"12";"2020";"02:20";"5";"75";"75108";"2";"2";"3";"6";"BOULEVARD MALESHERBES";"48,8717430";"2,3221090"
"202000028012";"15";"12";"2020";"10:35";"1";"75";"75107";"2";"1";"2";"3";"RUE DUROC";"48,8477590";"2,3136230"
"202000028013";"15";"12";"2020";"21:00";"5";"94";"94081";"2";"2";"1";"3";"YOURI GAGARINE (AV)";"48,7860000";"2,3915900"
"202000028014";"15";"12";"2020";"18:30";"5";"94";"94081";"2";"3";"1";"6";"AUDIGEOIS (R)";"48,7907300";"2,3918200"
"202000028015";"15";"12";"2020";"16:35";"2";"94";"94080";"2";"1";"1";"6";"MIDI (R DU)";"48,8472482";"2,4350121"
"202000028016";"15";"12";"2020";"15:20";"1";"94";"94074";"2";"9";"1";"6";"SABLONNIERE (R DE LA)";"48,7496000";"2,4544000"
"202000028017";"14";"12";"2020";"10:15";"1";"94";"94068";"2";"1";"1";"3";"FOCH (AV)";"48,8046300";"2,4856100"
"202000028018";"15";"12";"2020";"07:15";"5";"94";"94076";"2";"2";"2";"6";"REPUBLIQUE (AV DE LA)";"48,7884870";"2,3617070"
"202000028019";"15";"12";"2020";"19:40";"5";"94";"94073";"2";"1";"1";"6";"ESPAGNE (RPT D)";"48,7553340";"2,3745690"
"202000028020";"15";"12";"2020";"21:00";"5";"94";"94018";"2";"9";"1";"3";"ARTHUR CROQUETTE (R)";"48,8170932";"2,4170321"
"202000028021";"15";"12";"2020";"20:00";"3";"94";"94037";"2";"1";"1";"4";"PAUL VAILLANT COUTURIER (AV)";"48,8164200";"2,3382700"
"202000028022";"14";"12";"2020";"20:10";"5";"93";"93053";"2";"1";"2";"6";"PARC (RUE DU)";"48,8883000";"2,4464000"
"202000028023";"15";"12";"2020";"21:00";"5";"93";"93048";"2";"3";"8";"3";"PARMENTIER (RUE)";"48,8594684";"2,4317684"
"202000028024";"15";"12";"2020";"17:40";"5";"93";"93079";"2";"1";"2";"3";"SAINT LEU (ROUTE)";"48,9545600";"2,3345500"
"202000028025";"12";"12";"2020";"19:20";"5";"93";"93008";"2";"1";"2";"2";"STALINGRAD (RUE DE) A10";"48,9150446";"2,4292344"
"202000028026";"15";"12";"2020";"04:50";"5";"93";"93005";"2";"3";"2";"3";"AV RAOUL DUFY / R AUGUSTE RENOIR";"48,9613331";"2,5001897"
"202000028027";"15";"12";"2020";"06:40";"5";"92";"92078";"2";"3";"2";"3";"VERDUN (AVENUE) (PAIRS 2 A 38)";"48,9355190";"2,3338780"
"202000028028";"15";"12";"2020";"09:10";"1";"92";"92050";"2";"1";"2";" -1";"ARAGO FRANCOIS AVENUE";"48,8987235";"2,2208852"
"202000028029";"14";"12";"2020";"21:25";"5";"92";"92036";"2";"1";"2";"7";"PRINCIPALE DU PORT (ROUTE) (1/17)";"48,9407099";"2,2983171"
"202000028030";"14";"12";"2020";"11:30";"1";"92";"92026";"2";"1";"8";"6";"LIBERTE";"48,9045945";"2,2685594"
"202000028031";"15";"12";"2020";"11:15";"1";"92";"92012";"2";"1";"1";"5";"REINE (ROUTE DE LA) 39/107 BIS";"48,8404539";"2,2311139"
"202000028032";"16";"12";"2020";"21:00";"3";"974";"97415";"1";"1";"1";"2";"RN1";" -20,9846010";"55,2920220"
"202000028033";"16";"12";"2020";"08:03";"5";"80";"80016";"2";"1";"1";"6";"23 Rue Lamarck";"50,0029100";"2,6515370"
"202000028034";"16";"12";"2020";"07:00";"3";"52";"52182";"1";"1";"5";"1";"route départementale 384 - PK 27+450";"48,5951730";"4,8924240"
"202000028035";"16";"12";"2020";"11:29";"1";"76";"76728";"1";"1";"1";"2";"A150";"49,4826990";"1,0067490"
"202000028036";"15";"12";"2020";"18:50";"5";"60";"60559";"2";"2";"1";"1";"Intersection D9 / D931";"49,4101766";"2,3023194"
"202000028037";"24";"11";"2020";"08:05";"2";"06";"06037";"1";"1";"1";"1";"Col de l'Êcre (Col de montagne)";"43,7419760";"6,9456810"
"202000028038";"15";"12";"2020";"16:45";"2";"34";"34142";"1";"1";"3";"6";"A75, Pk 276+860";"43,7118900";"3,3244370"
"202000028039";"16";"12";"2020";"10:55";"1";"30";"30278";"1";"1";"1";"2";"RN 580";"44,0536910";"4,7122760"
"202000028040";"16";"12";"2020";"05:05";"5";"62";"62086";"2";"2";"5";"3";"Route Nationale";"50,2125880";"2,5557270"
"202000028041";"15";"12";"2020";"18:00";"4";"62";"62514";"1";"3";"1";"3";"D939";"50,3651340";"2,4235800"
"202000028042";"16";"12";"2020";"10:40";"1";"31";"31157";"2";"3";"1";"3";"Rue du Huit Mai 1945";"43,5446420";"1,3455310"
"202000028043";"16";"12";"2020";"11:15";"1";"19";"19255";"1";"1";"1";"6";"Les Gouttettes";"45,3754623";"1,7246201"
"202000028044";"15";"12";"2020";"17:20";"2";"82";"82054";"2";"1";"1";"6";"Rue du Barry";"44,0769800";"0,9012120"
"202000028045";"16";"12";"2020";"09:30";"1";"82";"82087";"1";"1";"5";"6";"2744 Route de Montauban";"44,1095400";"1,2519000"
"202000028046";"15";"12";"2020";"05:45";"3";"33";"33488";"1";"1";"2";"7";"Lieu Dit Bretagne";"44,7867310";" -0,1156940"
"202000028047";"15";"12";"2020";"18:30";"3";"33";"33033";"1";"1";"1";"6";"Route de Malagar";"44,7234540";" -0,4307310"
"202000028048";"15";"12";"2020";"13:50";"1";"46";"46238";"1";"1";"2";"6";"Les Jordannes";"44,7994690";"1,6937180"
"202000028049";"16";"12";"2020";"09:00";"1";"35";"35297";"1";"1";"2";"6";"N164";"48,1778360";" -2,1940980"
"202000028050";"15";"12";"2020";"08:00";"5";"29";"29075";"2";"3";"2";"6";"Rue Anne de Bretagne";"48,4346890";" -4,4034900"
"202000028051";"14";"12";"2020";"20:40";"5";"38";"38389";"1";"1";"1";" -1";"Route de Saint Just";"45,5852720";"5,0601110"
"202000028052";"16";"12";"2020";"03:50";"3";"38";"38189";"1";"1";"2";"6";"D518Z";"45,6377200";"5,0702500"
"202000028053";"16";"12";"2020";"18:10";"3";"26";"26166";"1";"1";"1";"4";"Les Crozes Nord";"44,7588480";"4,8335020"
"202000028054";"11";"12";"2020";"19:50";"3";"58";"58300";"1";"1";"2";"3";"Route de la Noiserie";"47,0412930";"3,1946500"
"202000028055";"15";"12";"2020";"18:15";"5";"58";"58095";"1";"1";"1";"2";"D979";"46,8260820";"3,4893180"
"202000028056";"16";"12";"2020";"05:20";"5";"27";"27656";"1";"1";"1";"2";"53 Route de la Vallée de la Masse";"49,3582550";"0,4801280"
"202000028057";"14";"12";"2020";"17:30";"5";"27";"27453";"2";"3";"2";"6";"44 Rue du General de Gaulle";"49,4128650";"1,3703670"
"202000028058";"15";"12";"2020";"07:00";"5";"17";"17385";"2";"7";"2";"7";"Place des Anciens Combattants";"45,9461880";" -1,3058600"
"202000028059";"15";"12";"2020";"03:30";"3";"988";"98805";"1";"1";"1";"7";"VE2";" -22,1903750";"166,4410150"
"202000028060";"16";"12";"2020";"08:44";"1";"01";"01213";"2";"1";"1";"3";"1701 Route de Genève";"45,9339630";"5,2929840"
"202000028061";"15";"12";"2020";"17:10";"1";"64";"64122";"1";"1";"1";"6";"A63";"43,4490770";" -1,5553350"
"202000028062";"14";"12";"2020";"07:45";"2";"66";"66008";"2";"6";"1";"6";"Avenue de Montgat";"42,5510490";"3,0106830"
"202000028063";"12";"12";"2020";"08:30";"1";"52";"52449";"2";"2";"8";"3";"D974";"47,8310850";"5,3289970"
"202000028064";"15";"12";"2020";"17:00";"4";"67";"67131";"2";"2";"2";"6";"02 rue du général de gaulle";"48,4884742";"7,7159783"
"202000028065";"16";"12";"2020";"14:00";"1";"73";"73157";"2";"6";"7";"6";"D1006 Cours Aristide Briand";"45,2021570";"6,6709170"
"202000028066";"16";"12";"2020";"08:10";"1";"38";"38281";"1";"3";"1";"3";"Avenue Saint-Jean";"45,2366630";"5,6377670"
"202000028067";"14";"12";"2020";"14:30";"1";"01";"01142";"2";"1";"1";"3";"607 Rue de Genève";"45,8508940";"5,0698690"
"202000028068";"16";"12";"2020";"07:50";"2";"79";"79088";"1";"2";"8";"3";"N/A";"46,8044220";" -0,3747800"
"202000028069";"15";"12";"2020";"22:30";"3";"33";"33177";"1";"1";"1";"6";"Route de Soulac";"45,3289325";" -0,9697778"
"202000028070";"15";"12";"2020";"18:20";"3";"61";"61433";"1";"1";"2";"1";"Route départementale 2";"48,4944270";" -0,0228670"
"202000028071";"15";"12";"2020";"18:15";"5";"29";"29055";"2";"2";"2";"3";"Route de Lannilis";"48,5637720";" -4,3382530"
"202000028072";"15";"12";"2020";"17:10";"2";"13";"13019";"1";"1";"1";"2";"A51-Sens Marseille vers Aix en Provence";"43,4272300";"5,3839400"
"202000028073";"14";"12";"2020";"06:10";"3";"13";"13203";"1";"1";"1";"2";"A7-Sens Marseille vers Lyon";"43,3317200";"5,3777100"
"202000028074";"9";"12";"2020";"16:25";"1";"13";"13071";"1";"1";"1";"6";"A55-Sens Martigues vers Marseille";"43,3917000";"5,2730900"
"202000028075";"10";"12";"2020";"15:53";"1";"13";"13216";"1";"1";"1";"6";"A55-Sens Martigues vers Marseille";"43,3600000";"5,3300000"
"202000028076";"15";"12";"2020";"17:00";"2";"69";"69072";"1";"1";"2";"2";"M6  ";"45,8133654";"4,7672925"
"202000028077";"15";"12";"2020";"09:20";"1";"67";"67152";"1";"1";"1";"3";"Route Nationale 83";"48,5272690";"7,6943430"
"202000028078";"14";"12";"2020";"22:05";"4";"92";"92002";"1";"1";"2";"6";"AUTOROUTE A86";"48,7627342";"2,3121277"
"202000028079";"15";"12";"2020";"06:30";"3";"95";"95212";"1";"1";"3";"6";"RN 104";"49,0292200";"2,5327000"
"202000028080";"14";"12";"2020";"22:50";"3";"95";"95582";"1";"1";"2";"6";" A15";"48,9662800";"2,2568600"
"202000028081";"14";"12";"2020";"17:45";"1";"93";"93006";"1";"1";"1";"7";"AUTOROUTE A3";"48,8700500";"2,4301200"
"202000028082";"14";"12";"2020";"06:30";"3";"95";"95572";"1";"1";"1";"3";"AUTOROUTE A15";"49,0331630";"2,1049231"
"202000028083";"13";"12";"2020";"21:50";"3";"95";"95018";"1";"1";"2";" -1";" A15";"48,9505200";"2,2802800"
"202000028084";"15";"12";"2020";"17:20";"3";"77";"77122";"1";"1";"1";"2";"A5b";"48,6562700";"2,6133600"
"202000028085";"15";"12";"2020";"07:10";"3";"77";"77083";"1";"1";"3";"2";"A4.W";"48,8338770";"2,5908360"
"202000028086";"15";"1";"2020";"16:46";"1";"66";"66136";"2";"1";"1";"7";"ESPAGNE (ROUTE D')";"42,6811200";"2,8935800"
"202000028087";"16";"1";"2020";"11:53";"1";"65";"65417";"2";"2";"1";"6";"MITTERRAND (AVENUE FRANCOIS)";"43,2331800";"0,0920100"
"202000028088";"16";"1";"2020";"14:40";"1";"64";"64024";"2";"1";"1";"6";"GUYNEMER (AVENUE)";"43,4991700";" -1,5400900"
"202000028089";"16";"1";"2020";"10:31";"1";"63";"63113";"2";"2";"1";" -1";"BLATIN (RUE)/Morel Ladeuil";"45,7765000";"3,0750900"
"202000028090";"15";"1";"2020";"12:36";"1";"63";"63113";"2";"5";"1";"5";"CLEMENTEL (BD ETIENNE)";"45,8090892";"3,1092502"
"202000028091";"14";"1";"2020";"11:00";"1";"57";"57666";"2";"1";"1";"6";"VERDUN (ROUTE DE)";"49,3468100";"6,1345700"
"202000028092";"16";"1";"2020";"10:27";"1";"57";"57463";"2";"1";"1";"3";"CAMBOUT (RUE DU )";"49,1146000";"6,1800900"
"202000028093";"15";"1";"2020";"07:35";"2";"51";"51506";"2";"1";"1";"7";"Avenue de Metz";"48,9583684";"4,3822261"
"202000028094";"17";"1";"2020";"00:00";"5";"42";"42187";"2";"1";"1";"6";"Avenue de Lyon";"46,0366590";"4,0766880"
"202000028095";"16";"1";"2020";"15:20";"1";"37";"37261";"2";"1";"1";"6";"PORTALIS (AVENUE JEAN)";"47,3648093";"0,6837127"
"202000028096";"16";"1";"2020";"08:30";"1";"37";"37195";"1";"1";"1";"4";"RD 37";"47,3866695";"0,6498004"
"202000028097";"16";"1";"2020";"07:10";"5";"37";"37233";"2";"1";"1";"7";"BARBUSSE (RUE HENRI)";"47,3904464";"0,7195599"
"202000028098";"16";"1";"2020";"04:30";"5";"37";"37261";"2";"2";"1";"3";"ENTRAIGUES (RUE D')";"47,3853998";"0,6724013"
"202000028099";"14";"1";"2020";"18:15";"3";"37";"37214";"2";"4";"2";"3";"ROUZIERS (ROUTE DE)";"47,4355227";"0,6750138"
"202000028100";"14";"1";"2020";"12:53";"1";"36";"36044";"2";"3";"1";"6";"Rue Chausset";"46,8057751";"1,6993990"
"202000028101";"11";"1";"2020";"22:15";"5";"35";"35238";"2";"2";"1";"5";"VERN (RUE DE)";"48,0980860";" -1,6557400"
"202000028102";"16";"1";"2020";"15:24";"1";"35";"35238";"2";"1";"1";"6";"POULLART DES PLACES";"48,1304000";" -1,6588000"
"202000028103";"16";"1";"2020";"09:45";"1";"34";"34172";"2";"1";"1";"3";"RIMBAUD (RUE PAUL)";"43,6185100";"3,8452000"
"202000028104";"16";"1";"2020";"13:00";"1";"33";"33063";"2";"2";"1";"3";"RUE TURENNE / RUE BEL ORME";"44,8492300";" -0,5946000"
"202000028105";"4";"1";"2020";"14:30";"1";"33";"33063";"2";"3";"1";"2";"CRS DE LA MARNE / RUE MONTFAUCON";"44,8282810";" -0,5612250"
"202000028106";"16";"1";"2020";"09:00";"1";"33";"33318";"2";"3";"1";"3";"AVE PASTEUR / RUE HENRI FRUGES";"44,8023800";" -0,6463800"
"202000028107";"3";"1";"2020";"14:00";"1";"33";"33192";"2";"6";"1";"1";"RTE DE CANEJAN / CHEM D'ORNON";"44,7657600";" -0,6388900"
"202000028108";"15";"1";"2020";"16:25";"1";"31";"31149";"2";"1";"1";"6";"MITTERAND (ESPLANADE FRANCOIS)";"43,6069800";"1,3352400"
"202000028109";"16";"1";"2020";"01:30";"5";"31";"31555";"2";"1";"1";"3";"NARBONNE (ROUTE DE)";"43,5667700";"1,4585400"
"202000028110";"15";"1";"2020";"19:05";"5";"31";"31555";"2";"1";"1";"3";"RTE D ESPAGNE";"43,5693800";"1,4244500"
"202000028111";"16";"1";"2020";"08:09";"1";"30";"30189";"1";"3";"1";"2";"SAUVE (ROUTE)";"43,8462000";"4,2957000"
"202000028112";"16";"1";"2020";"08:45";"5";"29";"29232";"2";"1";"2";"6";"Place Louis Armand";"47,9950100";" -4,0952700"
"202000028113";"12";"1";"2020";"11:05";"1";"29";"29019";"2";"6";"1";"3";"Rue de Valmy";"48,3980700";" -4,4651200"
"202000028114";"15";"1";"2020";"23:55";"5";"25";"25388";"2";"1";"1";"6";"LUDWIGSBURG (AVENUE DE)";"47,5032000";"6,8116900"
"202000028115";"12";"1";"2020";"18:00";"1";"14";"14118";"1";"1";"1";"3";"FALAISE (RUE DE  - 90 PAIR 95 IMPAIR)";"49,1731800";" -0,3543000"
"202000028116";"16";"1";"2020";"23:00";"5";"13";"13208";"2";"3";"1";"3";"JULES CANTINI (AVENUE)";"43,2816300";"5,3915100"
"202000028117";"16";"1";"2020";"21:35";"5";"13";"13210";"2";"2";"1";"6";"TOULON (AVENUE DE)";"43,2847152";"5,3918879"
"202000028118";"16";"1";"2020";"14:00";"1";"13";"13211";"2";"1";"1";"2";"MONTRE (TRAVERSE DE LA)";"43,2956120";"5,4782700"
"202000028119";"16";"1";"2020";"12:30";"1";"13";"13207";"2";"1";"1";"2";"CORDERIE (BOULEVARD DE LA)";"43,2903890";"5,3693050"
"202000028120";"15";"1";"2020";"18:50";"5";"13";"13207";"2";"1";"1";"5";"RIVE NEUVE (QUAI)";"43,2924700";"5,3668200"
"202000028121";"15";"1";"2020";"20:00";"5";"13";"13063";"1";"6";"1";"3";"RN 1569 LA TRANSHUMANCE";"43,5885100";"4,9892300"
"202000028122";"15";"1";"2020";"13:00";"1";"10";"10387";"2";"2";"1";"3";"ANATOLE FRANCE (RUE)";"48,2822200";"4,0701800"
"202000028123";"15";"1";"2020";"10:14";"1";"10";"10387";"2";"3";"1";"3";"MAROTS (RUE DES)";"48,3053000";"4,0523000"
"202000028124";"14";"1";"2020";"00:24";"5";"10";"10387";"2";"6";"1";"6";"VOULDY (CHAUSSEE DU)";"48,2913100";"4,0877800"
"202000028125";"16";"1";"2020";"19:10";"5";"06";"06069";"2";"1";"1";"1";"1 Av Mal de Lattre de Tassigny";"43,6501720";"6,9226380"
"202000028126";"16";"1";"2020";"07:45";"1";"06";"06029";"2";"1";" -1";"6";"VAUTRIN (BOULEVARD DU GENERAL)";"43,5490990";"7,0316090"
"202000028127";"16";"1";"2020";"08:45";"1";"06";"06027";"2";"2";"1";"3";"PASSAU RUE DE";"43,6640700";"7,1534000"
"202000028128";"16";"1";"2020";"10:25";"1";"05";"05061";"2";"4";"1";"3";"TURRELET (MONTEE DU)";"44,5559900";"6,0710300"
"202000028129";"15";"1";"2020";"21:50";"3";"04";"04112";"1";"1";"1";"6";"Ch des Vannades";"43,8347700";"5,8167100"
"202000028130";"16";"1";"2020";"00:10";"5";"75";"75113";"2";"1";"1";"2";"BD PERIPHERIQUE INTERIEUR";"48,8253570";"2,3853880"
"202000028131";"15";"1";"2020";"17:50";"5";"75";"75115";"2";"1";"2";"3";"BD PERIPHERIQUE INTERIEUR";"48,8347620";"2,2654180"
"202000028132";"15";"1";"2020";"16:20";"2";"75";"75119";"2";"4";"1";"4";"BP PERIPHERIQUE EXTERIEUR";"48,8997090";"2,3923504"
"202000028133";"15";"1";"2020";"10:20";"1";"75";"75120";"2";"1";"1";"3";"BD PERIPHERIQUE EXTERIEUR";"48,8678650";"2,4134560"
"202000028134";"15";"1";"2020";"07:45";"1";"75";"75114";"2";"1";"1";"3";"BD PERIPHERIQUE INTERIEUR";"48,8241010";"2,3077610"
"202000028135";"14";"1";"2020";"16:05";"1";"75";"75116";"2";"1";"1";"2";"BD PERIPHERIQUE INTERIEUR";"48,8673430";"2,2693660"
"202000028136";"16";"1";"2020";"19:55";"5";"75";"75107";"2";"3";"1";"3";"AVENUE DE SUFFREN";"48,8530080";"2,2980389"
"202000028137";"15";"1";"2020";"10:55";"1";"75";"75105";"2";"1";"1";"6";"BOULEVARD SAINT MICHEL";"48,8485980";"2,3415980"
"202000028138";"15";"1";"2020";"15:17";"1";"75";"75120";"2";"2";"8";"3";"BOULEVARD DE MENILMONTANT";"48,8641660";"2,3861920"
"202000028139";"16";"1";"2020";"16:15";"1";"75";"75119";"2";"1";"1";"3";"AVENUE JEAN JAURES";"48,8890791";"2,3939947"
"202000028140";"16";"1";"2020";"15:50";"1";"75";"75118";"2";"2";"1";"6";"AVENUE DE LA PORTE DE CLIGNANCOURT";"48,8980660";"2,3441474"
"202000028141";"16";"1";"2020";"15:00";"1";"75";"75118";"2";"2";"1";"4";"BOULEVARD DE LA CHAPELLE";"48,8838660";"2,3494744"
"202000028142";"16";"1";"2020";"13:05";"1";"75";"75117";"2";"1";"1";"6";"BOULEVARD PEREIRE";"48,8805000";"2,2893191"
"202000028143";"16";"1";"2020";"20:00";"3";"75";"75115";"2";"2";"1";"6";"RUE DE LA CONVENTION";"48,8421622";"2,2855369"
"202000028144";"15";"1";"2020";"12:00";"1";"75";"75115";"2";"1";"1";"3";"RUE DE LA CONVENTION";"48,8415930";"2,2868270"
"202000028145";"15";"1";"2020";"10:20";"1";"75";"75115";"2";"2";"1";"3";"RUE DE LA CONVENTION";"48,8372360";"2,2964460"
"202000028146";"16";"1";"2020";"17:58";"5";"75";"75115";"2";"2";"1";"6";"RUE LERICHE";"48,8344783";"2,2956629"
"202000028147";"16";"1";"2020";"20:10";"5";"75";"75113";"2";"1";"1";"3";"RUE NEUVE TOLBIAC";"48,8312908";"2,3780711"
"202000028148";"16";"1";"2020";"17:15";"1";"75";"75113";"2";"2";"1";"6";"BOULEVARD VINCENT AURIOL";"48,8333278";"2,3636695"
"202000028149";"15";"1";"2020";"22:46";"5";"75";"75113";"2";"2";"2";"6";"RUE DE LA POTERNE DES PEUPLIERS";"48,8175868";"2,3533775"
"202000028150";"16";"1";"2020";"22:05";"5";"75";"75112";"2";"7";"1";"6";"PLACE DE LA BASTILLE";"48,8528460";"2,3689640"
"202000028151";"16";"1";"2020";"22:20";"5";"75";"75111";"2";"4";"1";"3";"AVENUE DE LA REPUBLIQUE";"48,8658116";"2,3715333"
"202000028152";"16";"1";"2020";"06:10";"5";"75";"75111";"2";"1";"1";"6";"AVENUE DE LA REPUBLIQUE";"48,8648465";"2,3768102"
"202000028153";"16";"1";"2020";"18:00";"5";"75";"75110";"2";"1";"1";"1";"RUE DU FAUBOURG SAINT MARTIN";"48,8769024";"2,3610298"
"202000028154";"15";"1";"2020";"12:50";"1";"75";"75110";"2";"1";"1";"3";"RUE D HAUTEVILLE";"48,8745766";"2,3507117"
"202000028155";"16";"1";"2020";"12:15";"1";"75";"75109";"2";"2";"1";"6";"RUE DU FAUBOURG POISSONNIERE";"48,8719838";"2,3479038"
"202000028156";"16";"1";"2020";"10:25";"1";"75";"75109";"2";"2";"1";"6";"BOULEVARD DE MAGENTA";"48,8836166";"2,3494954"
"202000028157";"16";"1";"2020";"15:00";"1";"75";"75107";"2";"4";"1";"3";"AVENUE DE LA BOURDONNAIS";"48,8558227";"2,3030711"
"202000028158";"16";"1";"2020";"09:30";"1";"75";"75101";"2";"2";"1";"6";"BOULEVARD DE SEBASTOPOL";"48,8605592";"2,3493534"
"202000028159";"14";"1";"2020";"13:55";"1";"94";"94081";"2";"1";"1";"6";"Avenue Ernest Havet";"48,7830000";"2,4010000"
"202000028160";"16";"1";"2020";"17:00";"1";"94";"94042";"2";"1";"1";"2";"PRESIDENT JOHN KENNEDY (AV DU)";"48,8170400";"2,4667200"
"202000028161";"15";"1";"2020";"15:35";"1";"94";"94033";"2";"1";"2";"1";"NEUILLY (AV DE)";"48,8474600";"2,4869600"
"202000028162";"15";"1";"2020";"09:25";"1";"94";"94046";"2";"1";"1";"7";"JOFFRE (AV)";"48,8156800";"2,4461600"
"202000028163";"15";"1";"2020";"13:30";"1";"94";"94022";"2";"1";"1";"6";"ANATOLE FRANCE (AV)";"48,7613301";"2,4107460"
"202000028164";"16";"1";"2020";"09:45";"1";"94";"94019";"2";"1";"7";"2";"LIBERATION (RTE DE LA)";"48,8032744";"2,5377129"
"202000028165";"15";"1";"2020";"19:00";"2";"94";"94053";"2";"9";"2";"1";"GRANDE RUE PIERRE MENDES-FRANCE - PL JEA";"48,7753600";"2,5478000"
"202000028166";"16";"1";"2020";"19:20";"5";"93";"93078";"2";"1";"1";"1";"AV CHARLES DE GAULLE";"48,9584500";"2,5595600"
"202000028167";"16";"1";"2020";"16:30";"1";"93";"93059";"2";"1";"1";"3";"AMIENS (RUE D') N° 02 AU N°128";"48,9531341";"2,3688531"
"202000028168";"16";"1";"2020";"18:45";"5";"93";"93066";"2";"1";"1";"2";"COLONEL FABIEN (AVENUE)";"48,9456300";"2,3497400"
"202000028169";"16";"1";"2020";"12:05";"1";"93";"93066";"2";"2";"1";"6";"PL JEAN POULMARCH / BD DE LA LIBERATION";"48,9329149";"2,3421556"
"202000028170";"16";"1";"2020";"10:45";"1";"93";"93066";"2";"2";"1";"3";"AV DU PRESIDENT WILSON / R JULES LE SAUNIER";"48,9261800";"2,3566600"
"202000028171";"16";"1";"2020";"17:20";"2";"93";"93062";"2";"1";"1";"6";"AV DE LA RESISTANCE";"48,8943900";"2,5133500"
"202000028172";"15";"1";"2020";"18:45";"5";"93";"93006";"2";"1";"2";"6";"RASPAIL AVENUE";"48,8750478";"2,4301063"
"202000028173";"15";"1";"2020";"11:45";"1";"93";"93006";"2";"1";"1";"3";"AV DU GENERAL DE GAULLE";"48,8639100";"2,4169100"
"202000028174";"15";"1";"2020";"18:00";"5";"93";"93031";"2";"1";"2";"3";"ARGENTEUIL (ROUTE D')";"48,9597211";"2,2913660"
"202000028175";"16";"1";"2020";"19:00";"5";"92";"92051";"2";"1";"1";"6";"THEOPHILE-GAUTHIER (RUE)";"48,8844967";"2,2570078"
"202000028176";"16";"1";"2020";"15:00";"1";"92";"92051";"2";"1";"1";"3";"MAURICE BARRES (BOULEVARD)";"48,8795000";"2,2660000"
"202000028177";"16";"1";"2020";"21:47";"5";"92";"92048";"2";"9";"1";"1";"MAL DE LATTRE DE TASSIGNY (AVENUE)";"48,7868300";"2,2310700"