"Num_Acc";"jour";"mois";"an";"hrmn";"lum";"dep";"com";"agg";"int";"atm";"col";"adr";"lat";"long"
"202000028178";"16";"1";"2020";"16:06";"1";"92";"92044";"2";"1";"1";"3";"PDT WILSON(RUE)77A105 ET 76A108";"48,8966186";"2,2863901"
"202000028179";"16";"1";"2020";"13:10";"1";"92";"92040";"2";"2";"1";"3";"GALLIENI (BOULEVARD)";"48,8231264";"2,2679606"
"202000028180";"16";"1";"2020";"17:20";"2";"92";"92026";"2";"1";"1";"3";"PRÉSIDENT PAUL DOUMER (QUAI DU)";"48,8931700";"2,2598200"
"202000028181";"16";"1";"2020";"13:00";"1";"92";"92004";"2";"1";"1";"2";"DOCTEUR DERVAUX  ( QUAI DU )";"48,9074260";"2,2919700"
"202000028182";"16";"1";"2020";"13:05";"1";"09";"09268";"2";"9";"1";"3";"25 Route de Miguet";"42,9977590";"1,1386270"
"202000028183";"17";"1";"2020";"18:15";"3";"60";"60559";"1";"2";"1";"3";"RD 09";"49,4149750";"2,3031780"
"202000028184";"14";"1";"2020";"06:25";"3";"34";"34199";"1";"1";"1";"1";"A75";"43,4451770";"3,4224130"
"202000028185";"15";"1";"2020";"11:10";"1";"51";"51076";"1";"1";"1";"1";"D3";"49,0723715";"3,8187769"
"202000028186";"16";"1";"2020";"19:50";"3";"89";"89307";"1";"2";"1";"3";"D91";"47,9203240";"3,7132490"
"202000028187";"16";"1";"2020";"22:15";"3";"42";"42262";"1";"1";"6";"6";"Route de Saint-bonnet";"45,3999090";"4,1703297"
"202000028188";"16";"1";"2020";"23:00";"3";"42";"42192";"1";"1";"1";"6";"D104";"45,3797030";"4,1065900"
"202000028189";"17";"1";"2020";"12:20";"1";"31";"31503";"1";"1";"3";"1";"D817";"43,1410090";"0,9213090"
"202000028190";"16";"1";"2020";"15:50";"1";"31";"31424";"2";"1";"7";"6";"14 Route de Pibrac";"43,5775560";"1,2908270"
"202000028191";"16";"1";"2020";"10:35";"1";"10";"10353";"1";"2";"7";"3";"D619";"48,4383630";"3,9107740"
"202000028192";"16";"1";"2020";"16:30";"1";"24";"24040";"2";"3";"1";"3";"carrefour D703 route de Cazenac";"44,8406430";"1,1380370"
"202000028193";"11";"1";"2020";"14:45";"2";"04";"04094";"1";"3";"1";"3";"RD 4 / RD 82";"43,7958118";"5,8303531"
"202000028194";"17";"1";"2020";"16:15";"1";"85";"85024";"1";"1";"2";"1";"D32";"46,9496300";" -1,8283900"
"202000028195";"16";"1";"2020";"10:30";"1";"88";"88011";"1";"9";"1";"6";"Route d'Epinal";"48,1409470";"6,5079670"
"202000028196";"16";"1";"2020";"22:30";"3";"03";"03104";"1";"1";"1";"5";"A71";"46,3561380";"2,8011770"
"202000028197";"16";"1";"2020";"19:30";"3";"13";"13051";"1";"9";"1";"1";"Route Departementale 10";"43,5493670";"5,1752730"
"202000028198";"16";"1";"2020";"18:45";"3";"62";"62403";"1";"1";"1";"2";"A26";"50,7010420";"2,2138030"
"202000028199";"16";"1";"2020";"18:35";"2";"973";"97305";"1";"1";"1";"2";"RN 1 pk 14";"4,9321293";" -52,3999712"
"202000028200";"17";"1";"2020";"13:28";"1";"29";"29005";"1";"1";"3";"1";"D783 - Beg Saint Ouarneau";"47,8474399";" -3,6265503"
"202000028201";"17";"1";"2020";"18:10";"3";"77";"77063";"1";"1";"1";"1";"D216";"48,7985018";"2,9755355"
"202000028202";"16";"1";"2020";"20:35";"1";"77";"77211";"1";"1";"1";"6";"RD201";"48,5845253";"2,9877838"
"202000028203";"16";"1";"2020";"07:25";"3";"78";"78590";"1";"1";"1";"1";"D202";"48,6925540";"1,9647550"
"202000028204";"15";"1";"2020";"07:53";"2";"67";"67130";"2";"3";"1";"3";"1 Rue de Barr";"48,4208200";"7,6534770"
"202000028205";"16";"1";"2020";"14:35";"1";"88";"88126";"1";"1";"1";"7";"Rue de la Croix Romont";"48,1952860";"6,3176370"
"202000028206";"17";"1";"2020";"09:30";"1";"69";"69010";"2";"1";"2";"6";"en face du 77 rue Gabriel Péri";"45,8312630";"4,6117480"
"202000028207";"16";"1";"2020";"18:00";"5";"33";"33243";"2";"1";"1";"6";"RD910 Avenue Georges Pompidou";"44,9423300";" -0,2314900"
"202000028208";"15";"1";"2020";"19:15";"5";"14";"14762";"2";"1";"8";"6";"2 Rue de Caen";"48,8475650";" -0,8837950"
"202000028209";"15";"1";"2020";"17:50";"5";"22";"22067";"2";"1";"1";"2";"Route de Brest";"48,5637160";" -3,1674928"
"202000028210";"16";"1";"2020";"21:35";"3";"60";"60139";"1";"1";"1";"2";"D1001";"49,1817160";"2,2359631"
"202000028211";"17";"1";"2020";"19:40";"3";"02";"02381";"1";"1";"8";"6";"D1043";"49,9459520";"4,0677090"
"202000028212";"17";"1";"2020";"09:30";"1";"59";"59139";"2";"7";"1";"6";"Place Eugène Fiévet";"50,1233630";"3,4084950"
"202000028213";"16";"1";"2020";"07:50";"5";"59";"59535";"1";"1";"5";"6";"Route du Parc";"50,7715290";"2,7131470"
"202000028214";"16";"1";"2020";"09:03";"1";"13";"13210";"1";"1";"1";"4";"A50-Sens Marseille vers Aubagne";"43,2848252";"5,4180540"
"202000028215";"16";"1";"2020";"16:45";"1";"33";"33318";"1";"1";"1";"5";"ROCADE A630 -E15-";"44,7890200";" -0,6222800"
"202000028216";"15";"1";"2020";"08:10";"2";"59";"59386";"1";"1";"1";"3";"ROUTE DEPARTEMENTALE 652";"50,6824457";"3,0771214"
"202000028217";"16";"1";"2020";"15:30";"1";"91";"91136";"1";"1";"1";"2";"AUTOROUTE A10";"48,7136000";"2,2778000"
"202000028218";"16";"1";"2020";"12:45";"1";"94";"94034";"1";"1";"1";"2";"AUTOROUTE A86";"48,7560000";"2,3418000"
"202000028219";"16";"1";"2020";"14:00";"1";"91";"91339";"1";"1";"1";"6";"RN 104";"48,6309400";"2,2429700"
"202000028220";"16";"1";"2020";"09:25";"1";"91";"91477";"1";"1";"1";"3";"AUTOROUTE A10";"48,7112600";"2,2520000"
"202000028221";"16";"1";"2020";"04:45";"4";"94";"94038";"1";"1";"5";"2";"AUTOROUTE A6B";"48,7694100";"2,3439000"
"202000028222";"16";"1";"2020";"11:05";"1";"78";"78545";"1";"1";"1";"3";"RN12";"48,7899310";"2,0700540"
"202000028223";"16";"1";"2020";"09:00";"1";"92";"92050";"1";"6";"1";"3";"A14";"48,8997085";"2,2120797"
"202000028224";"16";"1";"2020";"09:40";"1";"94";"94017";"1";"1";"1";"2";"A4";"48,8267112";"2,5225883"
"202000028225";"15";"1";"2020";"22:04";"5";"77";"77169";"1";"1";"1";"6";"N330";"48,8246280";"2,6155685"
"202000028226";"11";"1";"2020";"20:20";"3";"974";"97409";"1";"1";"3";"5";"RN2 Sens Ste Suzanne St Benoit";" -20,9662440";"55,6569850"
"202000028227";"14";"1";"2020";"17:00";"1";"69";"69383";"2";"1";"1";"3";"GAMBETTA                            (CO)";"45,7560100";"4,8412100"
"202000028228";"12";"1";"2020";"22:55";"3";"91";"91421";"1";"1";"1";"2";"NATIONALE 6 (GLACIERE)";"48,7118700";"2,4419500"
"202000028229";"13";"1";"2020";"12:15";"1";"91";"91326";"2";"1";"2";"6";"GABRIEL PERI (AVENUE)";"48,6947880";"2,3665880"
"202000028230";"9";"1";"2020";"18:35";"5";"91";"91223";"2";"3";"2";"6";"CIMETIERE (RUE DU)";"48,4265500";"2,1389800"
"202000028231";"13";"1";"2020";"04:15";"5";"86";"86194";"1";"1";"1";"1";"N147";"46,5567250";"0,3983810"
"202000028232";"14";"1";"2020";"19:00";"5";"85";"85191";"2";"1";"1";"3";"Rue du Maréchal Foch";"46,6734400";" -1,4281400"
"202000028233";"9";"1";"2020";"16:00";"1";"83";"83062";"2";"3";"1";"3";"GANCE (AVENUE ABEL)";"43,1159538";"5,9851778"
"202000028234";"10";"1";"2020";"18:45";"5";"83";"83090";"2";"6";"8";"6";"SEYNE (ROUTE DE LA)";"43,1268000";"5,8455600"
"202000028235";"12";"1";"2020";"09:47";"1";"78";"78117";"2";"1";"1";"6";"LOUIS BLERIOT (RUE)";"48,7791590";"2,1307260"
"202000028236";"13";"1";"2020";"13:45";"1";"77";"77186";"1";"1";"2";"2";"RD606. de la rochette à l'obélisque";"48,4771320";"2,6752514"
"202000028237";"14";"1";"2020";"16:55";"2";"76";"76217";"2";"9";"1";"3";"DUQUESNE (QUAI)";"49,9251000";"1,0804690"
"202000028238";"14";"1";"2020";"11:30";"1";"76";"76414";"2";"1";"1";"7";"SAINT MARTIN (RUE)";"49,8995675";"1,1505707"
"202000028239";"4";"1";"2020";"11:40";"1";"74";"74012";"2";"1";"1";"2";"EUROPE (AVENUE DE L')";"46,1777800";"6,2378100"
"202000028240";"13";"1";"2020";"12:34";"1";"74";"74298";"2";"3";"1";"5";"TANINGES (ROUTE DE )";"46,1891990";"6,2635870"
"202000028241";"11";"1";"2020";"19:50";"3";"73";"73222";"1";"1";"1";"6";"SAINT SATURNIN (ROUTE DE)";"45,5971300";"5,9385800"
"202000028242";"11";"1";"2020";"19:17";"5";"72";"72181";"2";"2";"1";"3";"DURAND GEORGES (AV) N° IMP 199 AU N° 311";"47,9711900";"0,2172400"
"202000028243";"13";"1";"2020";"07:05";"3";"71";"71105";"2";"1";"1";"2";"Route de Cluny";"46,3122009";"4,7874141"
"202000028244";"11";"1";"2020";"14:45";"1";"69";"69290";"2";"1";"1";"4";"SALVADOR ALLENDE                    (R )";"45,7030841";"4,9348814"
"202000028245";"8";"1";"2020";"07:30";"2";"69";"69256";"2";"1";"1";"6";"BATAILLON CARMAGNOLE LIBERTE (DU)   (AV)";"45,7589000";"4,9258000"
"202000028246";"13";"1";"2020";"12:30";"1";"69";"69264";"2";"3";"1";"3";"LECLERC GENERAL  BD";"45,9984000";"4,7084000"
"202000028247";"13";"1";"2020";"15:29";"1";"66";"66136";"2";"1";"1";"1";"ROUDAYRE (AVENUE EMILE)";"42,7128300";"2,8955100"
"202000028248";"14";"1";"2020";"12:25";"1";"64";"64445";"2";"1";"1";"3";"PAIX";"43,3225057";" -0,3680742"
"202000028249";"14";"1";"2020";"07:55";"2";"64";"64129";"2";"1";"1";"3";"SAINT JOHN PERSE";"43,3063400";" -0,3952700"
"202000028250";"13";"1";"2020";"18:30";"5";"64";"64102";"2";"3";"1";"3";"HENRI DE NAVARRE (AVENUE)";"43,5016000";" -1,4459000"
"202000028251";"13";"1";"2020";"18:30";"3";"63";"63063";"1";"1";"1";"4";"RD 2009";"45,8261900";"3,1123700"
"202000028252";"13";"1";"2020";"13:41";"1";"63";"63063";"2";"1";"1";"2";"RD 2009";"45,8253478";"3,1118318"
"202000028253";"13";"1";"2020";"22:08";"5";"63";"63113";"2";"2";"1";"3";"LAVOISIERS (BD)";"45,7860000";"3,0798900"
"202000028254";"7";"1";"2020";"11:10";"1";"62";"62194";"2";"1";"8";"6";"PAIX ( BOULEVARD DE LA )";"50,4955920";"2,4821180"
"202000028255";"14";"1";"2020";"16:45";"1";"59";"59599";"2";"2";"1";"6";"HUGO (RUE VICTOR)";"50,7141090";"3,1570270"
"202000028256";"13";"1";"2020";"16:45";"2";"57";"57463";"2";"2";"1";"7";"XX EME CORPS AMERICAIN";"49,1012332";"6,1633217"
"202000028257";"11";"1";"2020";"23:24";"5";"56";"56121";"2";"1";"1";"7";"DELESSERT (RUE  BENJAMIN )";"47,7470100";" -3,3674800"
"202000028258";"9";"1";"2020";"07:40";"5";"55";"55545";"2";"6";"2";"7";"DOUAUMONT ( AVENUE DE )";"49,1606400";"5,3888300"
"202000028259";"13";"1";"2020";"22:15";"5";"54";"54547";"2";"9";"2";"3";"MIRECOURT (ROUTE DE)";"48,6650410";"6,1900580"
"202000028260";"13";"1";"2020";"20:00";"5";"54";"54395";"2";"1";"1";"3";"MALZEVILLE (Rue de)";"48,7036000";"6,1822000"
"202000028261";"8";"1";"2020";"13:45";"1";"54";"54382";"2";"1";"2";"3";"FAISCEAU (RUE DU)";"49,5418900";"5,7955000"
"202000028262";"14";"1";"2020";"18:10";"5";"51";"51454";"2";"1";"1";"7";"Avenue du Général de Gaulle";"49,2459878";"4,0181484"
"202000028263";"14";"1";"2020";"07:35";"3";"51";"51055";"1";"1";"1";"1";"Chemin de Cernay";"49,2796849";"4,0737715"
"202000028264";"13";"1";"2020";"10:40";"1";"49";"49007";"2";"1";"2";"2";"BEAUSSIER BOULEVARD";"47,4759797";" -0,5993339"
"202000028265";"4";"1";"2020";"08:11";"2";"45";"45302";"1";"1";"1";"4";"D2701 - PR 0+300";"47,9487600";"1,8630300"
"202000028266";"11";"1";"2020";"18:30";"4";"45";"45232";"1";"1";"2";"2";"Avenue de Sologne";"47,8700280";"1,9120110"
"202000028267";"13";"1";"2020";"18:00";"5";"45";"45338";"2";"1";"2";"1";"Rue de Bel-Air";"47,9882400";"2,7187890"
"202000028268";"13";"1";"2020";"12:20";"1";"45";"45068";"2";"1";"2";"6";"RUE JULES MASSENET";"48,0073370";"2,7091070"
"202000028269";"13";"1";"2020";"08:25";"2";"44";"44184";"1";"1";"2";"4";"RD 492 DU PONT BD HÔPITAL A ÉCHANGEUR CR";"47,2789307";" -2,2485633"
"202000028270";"13";"1";"2020";"16:40";"1";"38";"38185";"2";"2";"1";"6";"RUE RAOUL BLANCHARD";"45,1902000";"5,7287600"
"202000028271";"12";"1";"2020";"21:10";"5";"37";"37214";"2";"1";"1";"7";"REPUBLIQUE (AVENUE DE LA)";"47,4035715";"0,6655394"
"202000028272";"12";"1";"2020";"22:45";"5";"37";"37261";"2";"1";"1";"6";"TANNEURS (RUE DES)";"47,3961907";"0,6831371"
"202000028273";"12";"1";"2020";"21:55";"5";"37";"37261";"2";"2";"2";" -1";"GRAMMONT (AVENUE DE)";"47,3861624";"0,6905016"
"202000028274";"11";"1";"2020";"14:47";"1";"37";"37261";"2";"3";"1";"3";"PAGES (ALLEE GASTON)";"47,4054717";"0,7040317"
"202000028275";"11";"1";"2020";"15:57";"1";"37";"37233";"2";"3";"1";"3";"DUCLOS (AVENUE JACQUES)";"47,3810972";"0,7353432"
"202000028276";"14";"1";"2020";"11:00";"1";"34";"34172";"2";"3";"1";"3";"JUSTICE DE CASTELNAU (AVENUE DE LA)";"43,6270000";"3,8729700"
"202000028277";"9";"1";"2020";"07:55";"5";"34";"34032";"2";"1";"1";"4";"WILSON PRESIDENT (AV DU)";"43,3374300";"3,2237700"
"202000028278";"6";"7";"2020";"17:30";"1";"14";"14574";"1";"1";"1";"3";"DIVES (D.45 route de)";"49,1503154";"0,2041557"
"202000028279";"6";"7";"2020";"14:05";"1";"14";"14118";"2";"2";"1";"3";"BAYEUX (RUE DU 143 IMPAIR . 160 PAIR";"49,1833000";" -0,3866600"
"202000028280";"7";"7";"2020";"21:30";"5";"13";"13210";"2";"2";"1";"3";"MIREILLE LAUZE (BOULEVARD)";"43,2833310";"5,4128840"
"202000028281";"7";"7";"2020";"22:30";"5";"13";"13208";"2";"2";"1";"1";"RAYMOND TEISSERE (RUE)";"43,2754100";"5,3960200"
"202000028282";"7";"7";"2020";"15:05";"1";"13";"13210";"2";"1";"1";"6";"ROMAIN ROLLAND (BOULEVARD)";"43,2734064";"5,4130894"
"202000028283";"5";"7";"2020";"08:25";"1";"12";"12145";"2";"6";"1";"1";"Giratoire de Belluges";"44,1162800";"3,0842900"
"202000028284";"7";"7";"2020";"18:30";"1";"07";"07281";"2";"1";"1";"3";"ONZE NOVEMBRE (AVENUE DU)";"44,9461000";"4,8468000"
"202000028285";"7";"7";"2020";"13:40";"1";"06";"06069";"2";"1";"1";"3";"CANNES (ROUTE DE)  -RD 6085-";"43,6420010";"6,9469910"
"202000028286";"6";"7";"2020";"11:55";"1";"06";"06030";"2";"1";"7";"6";"VALBONNE (ROUTE  DE)";"43,5781700";"7,0170100"
"202000028287";"6";"7";"2020";"13:40";"1";"06";"06027";"2";"1";"1";" -1";"CANNES AVENUE DE (RN7)";"43,6512000";"7,1417000"
"202000028288";"4";"7";"2020";"21:25";"1";"05";"05061";"2";"1";"1";"6";"GUILLAUME FAREL ( AVENUE )";"44,5581700";"6,0706700"
"202000028289";"7";"7";"2020";"21:00";"2";"75";"75117";"2";"1";"1";"3";"BOULEVARD PERIPHERIQUE EXTERIEUR OUEST";"48,8902450";"2,2984650"
"202000028290";"7";"7";"2020";"08:20";"1";"75";"75120";"2";"1";"1";"3";"BOULEVARD PERIPHERIQUE INTERIEUR NORD  ";"48,8500990";"2,4151060"
"202000028291";"7";"7";"2020";"07:49";"1";"75";"75120";"2";"2";"1";"2";"RUE D AVRON";"48,8518570";"2,4013700"
"202000028292";"6";"7";"2020";"21:20";"2";"75";"75120";"2";"1";"1";" -1";"RUE PAUL MEURICE";"48,8763140";"2,4107600"
"202000028293";"7";"7";"2020";"19:50";"1";"75";"75116";"2";"2";"1";"2";"AVENUE FOCH";"48,8712490";"2,2761660"
"202000028294";"7";"7";"2020";"18:20";"1";"75";"75116";"2";"4";"1";"2";"RUE POUSSIN";"48,8485680";"2,2620850"
"202000028295";"7";"7";"2020";"16:40";"1";"75";"75116";"2";"2";"1";"2";"AVENUE DE L HIPPODROME";"48,8605340";"2,2408130"
"202000028296";"7";"7";"2020";"14:30";"1";"75";"75116";"2";"7";"1";"3";"PLACE VICTOR HUGO";"48,8694550";"2,2854110"
"202000028297";"7";"7";"2020";"12:20";"1";"75";"75116";"2";"5";"1";"5";"AVENUE KLEBER";"48,8650110";"2,2886910"
"202000028298";"7";"7";"2020";"07:50";"1";"75";"75108";"2";"1";"1";"3";"RUE CAMBACERES";"48,8737610";"2,3177160"
"202000028299";"6";"7";"2020";"20:40";"2";"75";"75116";"2";"2";"1";"3";"AVENUE FOCH";"48,8735910";"2,2927900"
"202000028300";"7";"7";"2020";"19:00";"1";"75";"75115";"2";"2";"1";"3";"AVENUE DE SEGUR";"48,8478940";"2,3061660"
"202000028301";"7";"7";"2020";"19:00";"1";"75";"75115";"2";"7";"1";" -1";"RUE SAINT CHARLES";"48,8490650";"2,2876720"
"202000028302";"7";"7";"2020";"16:05";"1";"75";"75113";"2";"2";"1";"6";"BOULEVARD MASSENA";"48,8241720";"2,3768070"
"202000028303";"7";"7";"2020";"09:08";"1";"75";"75113";"2";"1";"1";"3";"QUAI D IVRY";"48,8269050";"2,3861530"
"202000028304";"7";"7";"2020";"16:30";"1";"75";"75112";"2";"2";"1";"3";"RUE LOUIS BRAILLE";"48,8397160";"2,4025130"
"202000028305";"6";"7";"2020";"20:30";"2";"75";"75112";"2";"1";"1";"6";"RUE DE CHARENTON";"48,8396670";"2,3887010"
"202000028306";"5";"7";"2020";"11:00";"1";"75";"75112";"2";"4";"1";"3";"AVENUE DAUMESNIL";"48,8358920";"2,4056360"
"202000028307";"7";"7";"2020";"17:50";"1";"75";"75108";"2";"4";"1";"6";"AVENUE DES CHAMPS ELYSEES";"48,8719220";"2,3008420"
"202000028308";"7";"7";"2020";"01:55";"5";"75";"75109";"2";"2";"1";"6";"BOULEVARD MONTMARTRE";"48,8714860";"2,3430540"
"202000028309";"7";"7";"2020";"20:30";"1";"75";"75104";"2";"3";"1";"6";"BOULEVARD HENRI IV";"48,8504340";"2,3600860"
"202000028310";"6";"7";"2020";"19:00";"1";"75";"75101";"2";"1";"1";"6";"VOIE GEORGES POMPIDOU";"48,8580750";"2,3432840"
"202000028311";"7";"7";"2020";"18:10";"1";"94";"94081";"2";"1";"1";"6";"ABBE ROGER DERRY (AV DE L)";"48,7910100";"2,3934600"
"202000028312";"7";"7";"2020";"18:25";"1";"94";"94081";"2";"3";"1";"3";"MOULIN DE SAQUET (AV DU)";"48,7907870";"2,3809670"
"202000028313";"7";"7";"2020";"19:20";"1";"94";"94046";"2";"1";"1";"1";"GENERAL DE GAULLE (AV DU)";"48,8069400";"2,4259600"
"202000028314";"7";"7";"2020";"20:30";"1";"94";"94034";"2";"1";"1";"3";"ORMES (R DES)";"48,7532850";"2,3270210"
"202000028315";"7";"7";"2020";"09:10";"1";"94";"94038";"2";"2";"1";"1";"ALBERT 1ER (R)";"48,7791800";"2,3311100"
"202000028316";"7";"7";"2020";"21:10";"1";"94";"94022";"2";"2";"1";"3";"GENERAL LECLERC (AV)";"48,7613200";"2,4033900"
"202000028317";"7";"7";"2020";"14:30";"1";"94";"94022";"2";"9";"1";"3";"ANATOLE FRANCE (AV)";"48,7601800";"2,4119200"
"202000028318";"6";"7";"2020";"19:41";"1";"94";"94019";"2";"2";"1";"1";"MARECHAL LECLERC (AV DU)";"48,7965500";"2,5305900"
"202000028319";"7";"7";"2020";"09:10";"1";"94";"94052";"2";"1";"1";"2";"GEORGES CLEMENCEAU (AV)";"48,8358330";"2,4722980"
"202000028320";"7";"7";"2020";"04:30";"3";"93";"93073";"1";"9";"1";"1";"CHAPIT RE ( RUE DU)";"49,0035126";"2,5367680"
"202000028321";"7";"7";"2020";"12:45";"1";"93";"93070";"2";"1";"1";"3";"LANDY(RUE):N° 1 AU 43";"48,9142392";"2,3464948"
"202000028322";"2";"7";"2020";"16:30";"1";"93";"93039";"2";"1";"1";"6";"R MECHIN";"48,9357090";"2,3384860"
"202000028323";"7";"7";"2020";"10:37";"1";"93";"93055";"2";"2";"1";"3";"JULES AUFFRET (51/FIN ET 56/FIN)";"48,8867795";"2,4103861"
"202000028324";"5";"7";"2020";"19:35";"1";"93";"93050";"2";"1";"1";"3";"ROBERT SCHUMANN (AVENUE)";"48,8738162";"2,5317425"
"202000028325";"7";"7";"2020";"18:05";"1";"93";"93048";"2";"1";"1";"6";"ARISTIDE BRIAND (BOULEVARD)";"48,8735466";"2,4539818"
"202000028326";"6";"7";"2020";"23:20";"5";"93";"93048";"2";"1";"1";"6";"BD DE LA BOISSIERE";"48,8777390";"2,4595431"
"202000028327";"7";"7";"2020";"22:20";"5";"93";"93046";"2";"3";"1";"7";"LEON LUM AVENUE";"48,9095000";"2,5302000"
"202000028328";"7";"7";"2020";"19:40";"1";"93";"93031";"2";"4";"1";"1";"DE LATTRE DE TASSIGNY (1 A 51)";"48,9572763";"2,3099006"
"202000028329";"6";"7";"2020";"23:55";"5";"93";"93031";"2";"4";"3";"2";"REPUBLIQUE (AVENUE)";"48,9480200";"2,3387800"
"202000028330";"7";"7";"2020";"18:45";"1";"93";"93029";"2";"2";"1";"3";"JACQUES JOLY";"48,9350600";"2,4452400"
"202000028331";"7";"7";"2020";"21:00";"1";"93";"93027";"2";"1";"1";"3";"VAILLANT-COUTURIER (AVENUE PAUL)";"48,9262000";"2,4166000"
"202000028332";"7";"7";"2020";"18:10";"1";"93";"93047";"2";"1";"1";"2";"JEAN JAURES (AVENUE)";"48,8982386";"2,5554654"
"202000028333";"6";"7";"2020";"17:25";"1";"93";"93047";"2";"3";"1";"5";"AV HORTENSIAS / R DU GENERAL DE GAULLE";"48,8986570";"2,5535010"
"202000028334";"7";"7";"2020";"03:20";"5";"93";"93057";"2";"1";"1";"6";"BRIAND ( AV. ARISTIDE) 134 A 212";"48,9092100";"2,5041400"
"202000028335";"7";"7";"2020";"19:45";"1";"93";"93005";"2";"1";"1";"5";"JACQUES DUCLOS [CD44] (RUE)";"48,9468197";"2,4925994"
"202000028336";"6";"7";"2020";"17:18";"1";"93";"93001";"2";"1";"1";"6";"R ANDRE KARMAN ";"48,9100566";"2,3849371"
"202000028337";"7";"7";"2020";"21:20";"2";"92";"92046";"2";"1";"1";"6";"RAYMOND DAVID";"48,8174297";"2,2946151"
"202000028338";"6";"7";"2020";"18:45";"1";"92";"92022";"2";"1";"1";"7";"SALENGRO (AVENUE ROGER)";"48,8083793";"2,1872985"
"202000028339";"6";"7";"2020";"18:00";"1";"92";"92063";"2";"1";"1";"2";"BONAPARTE (AVENUE NAPOLEON) SUD";"48,8731800";"2,1645500"
"202000028340";"7";"7";"2020";"14:08";"1";"92";"92062";"2";"1";"1";"2";"REPUBLIQUE (RUE DE LA) N° 100 A 14";"48,8869529";"2,2460986"
"202000028341";"6";"7";"2020";"18:30";"1";"92";"92050";"2";"4";"1";"3";"MARTIN HENRI AVENUE";"48,8932751";"2,1887147"
"202000028342";"6";"7";"2020";"19:50";"1";"92";"92020";"2";"1";"1";"3";"EXUPERY AVENUE SAINT";"48,8086667";"2,2983769"
"202000028343";"6";"7";"2020";"17:30";"1";"92";"92075";"1";"3";"1";"3";"PIERRE BROSSOLETTE (AVENUE)";"48,8177000";"2,3078000"
"202000028344";"7";"7";"2020";"09:20";"1";"92";"92026";"2";"6";"1";"3";"JEAN MERMOZ (SQUARE ET PLACE)";"48,9025731";"2,2745776"
"202000028345";"7";"7";"2020";"13:00";"1";"92";"92024";"2";"1";"1";" -1";"CLAUDE DEBUSSY (AVENUE)";"48,9103073";"2,3111610"
"202000028346";"7";"7";"2020";"17:25";"1";"92";"92023";"2";"1";"1";"6";"PORTE DE TRIVAUX (RUE DE) N°57 A 197 ET";"48,7873400";"2,2470260"
"202000028347";"7";"7";"2020";"07:57";"1";"92";"92023";"2";"6";"1";"3";"Avenue Jean-Baptiste Clément";"48,7914880";"2,2628400"
"202000028348";"30";"7";"2020";"08:15";"1";"92";"92012";"2";"4";"7";" -1";"QUATRE SEPTEMBRE (QUAI DU)";"48,8450906";"2,2266223"
"202000028349";"7";"7";"2020";"17:45";"1";"92";"92012";"2";"2";"1";"3";"ANDRE MORIZET (AVENUE) 1/47 - 2/52";"48,8350000";"2,2413200"
"202000028350";"3";"7";"2020";"15:50";"1";"92";"92004";"2";"1";"1";"3";"DOCTEUR DERVAUX ( QUAI DU )";"48,9116900";"2,3008900"
"202000028351";"8";"6";"2020";"15:50";"1";"974";"97415";"2";"1";"8";"7";"3 Rue de la Pépinière";" -20,9794724";"55,3205556"
"202000028352";"7";"7";"2020";"18:45";"1";"35";"35016";"2";"1";"1";"2";"1 Rue de Lassy";"47,9848850";" -1,9295840"
"202000028353";"7";"7";"2020";"10:55";"1";"51";"51224";"1";"2";"1";"3";"N4";"48,6963228";"4,6937431"
"202000028354";"8";"7";"2020";"04:20";"3";"22";"22182";"1";"1";"1";"6";"Departementale 4";"48,5686070";" -2,9274740"
"202000028355";"7";"7";"2020";"18:45";"1";"45";"45178";"2";"1";"1";"2";"Avenue du Vingt Quatre Novembre";"48,0023420";"2,5437100"
"202000028356";"8";"7";"2020";"14:15";"1";"34";"34152";"2";"4";"1";"3";"Rue du Mas d'Allegre";"43,7833490";"3,7596200"
"202000028357";"8";"7";"2020";"12:30";"1";"49";"49092";"1";"1";"7";"7";"l'angelière";"47,1365949";" -0,7380356"
"202000028358";"2";"7";"2020";"14:35";"1";"28";"28088";"2";"6";"1";"6";"Place du 18 Octobre";"48,0706310";"1,3280470"
"202000028359";"7";"7";"2020";"22:05";"3";"01";"01353";"1";"1";"1";"7";"D936";"45,9738850";"4,7845700"
"202000028360";"7";"7";"2020";"16:42";"1";"21";"21247";"1";"1";"1";"2";"A6";"47,4849950";"4,1632440"
"202000028361";"8";"7";"2020";"17:01";"1";"57";"57024";"1";"1";"1";"3";"D2";"49,1923060";"6,2402560"
"202000028362";"7";"7";"2020";"11:30";"1";"79";"79056";"1";"2";"1";"3";"N/A";"47,0460160";" -0,2064700"
"202000028363";"8";"7";"2020";"13:20";"1";"2A";"2A271";"2";"6";"1";"2";"RT 22";"41,9635046";"8,8135554"
"202000028364";"7";"7";"2020";"18:20";"1";"2A";"2A271";"1";"1";"1";"3";"RT 22";"41,9599450";"8,8063790"
"202000028365";"6";"7";"2020";"16:30";"1";"32";"32027";"1";"6";"7";"3";"D935";"43,6957570";" -0,2087350"
"202000028366";"8";"7";"2020";"19:15";"2";"11";"11427";"1";"1";"7";"6";"D626";"43,0665130";"2,0959530"
"202000028367";"7";"7";"2020";"21:05";"2";"49";"49069";"1";"1";"7";"1";"La Coptiere (drain)";"47,3265560";" -1,1998700"
"202000028368";"8";"7";"2020";"13:50";"1";"42";"42137";"1";"1";"1";"7";"Route de Lavieu";"45,5254720";"4,0545990"
"202000028369";"7";"7";"2020";"00:50";"3";"86";"86082";"2";"1";"1";"1";"N10";"46,3491160";"0,1861180"
"202000028370";"7";"7";"2020";"09:25";"1";"68";"68374";"2";"1";"1";"6";"12 Rue Herzog";"48,0864330";"7,3148090"