"Num_Acc";"jour";"mois";"an";"hrmn";"lum";"dep";"com";"agg";"int";"atm";"col";"adr";"lat";"long"
"202000028371";"8";"7";"2020";"10:10";"1";"39";"39013";"2";"1";"7";"6";"N/A";"46,9031090";"5,7733960"
"202000028372";"7";"7";"2020";"12:06";"1";"25";"25471";"1";"9";"1";"7";"D125";"47,3015700";"6,6500870"
"202000028373";"7";"7";"2020";"18:40";"1";"44";"44140";"1";"1";"1";"6";"Le Moulin Beduaud";"47,2068140";" -1,2107650"
"202000028374";"8";"7";"2020";"00:35";"3";"29";"29284";"2";"1";"1";"6";"23 Rue du Capitaine le Drezen";"47,7971560";" -4,2686810"
"202000028375";"7";"7";"2020";"14:30";"1";"31";"31232";"2";"1";"1";"2";"Avenue du Président Kennedy";"43,7662090";"1,2975030"
"202000028376";"6";"7";"2020";"12:50";"1";"38";"38075";"1";"1";"1";"6";"Route du Grésivaudan";"45,4501810";"5,9999730"
"202000028377";"7";"7";"2020";"17:30";"1";"06";"06150";"2";"3";"1";"6";"Avenue de la Victoire";"43,7454020";"7,3989830"
"202000028378";"8";"7";"2020";"00:30";"5";"06";"06079";"2";"1";"1";"3";"Avenue de la Mer";"43,5400340";"6,9361800"
"202000028379";"7";"7";"2020";"17:10";"1";"73";"73019";"1";"1";"7";"6";"D1006";"45,4962070";"6,3004191"
"202000028380";"8";"7";"2020";"10:40";"1";"04";"04182";"2";"1";"1";"7";"Rue de l'église";"43,9163050";"6,0930290"
"202000028381";"7";"7";"2020";"13:52";"1";"85";"85128";"2";"1";"1";" -1";"96 Av Mal de Lattre de Tassigny";"46,4562700";" -1,1556800"
"202000028382";"8";"7";"2020";"14:10";"1";"87";"87154";"1";"9";"1";"3";"Route de Brigueuil";"45,9010520";"0,8953210"
"202000028383";"7";"7";"2020";"19:30";"1";"33";"33122";"1";"1";"1";"3";"Route de Saint-jean-d'Illac";"44,7256800";" -0,7519800"
"202000028384";"7";"7";"2020";"17:15";"1";"06";"06085";"1";"1";"1";"1";"976 Route de Vallauris";"43,5948510";"7,0379870"
"202000028385";"5";"7";"2020";"19:30";"1";"83";"83061";"1";"1";"7";"5";"Autoroute A8 - PK 140+300 Nord";"43,5076630";"6,7595740"
"202000028386";"7";"7";"2020";"18:00";"1";"74";"74021";"1";"1";"1";"2";"A40";"46,1619250";"6,2644650"
"202000028387";"8";"7";"2020";"06:00";"3";"973";"97305";"1";"1";"1";"7";"RN1 PK 16";"4,9372220";" -52,4087760"
"202000028388";"7";"7";"2020";"12:30";"1";"971";"97106";"1";"1";"2";"1";"Route de Duche";"16,1011390";" -61,7711930"
"202000028389";"5";"7";"2020";"00:30";"3";"45";"45038";"2";"1";"1";"6";"Route de Puiseaux";"48,1780053";"2,2798749"
"202000028390";"8";"7";"2020";"09:50";"1";"2B";"2B332";"1";"3";"1";"3";"T30";"42,6466500";"9,0979460"
"202000028391";"8";"7";"2020";"09:50";"1";"48";"48119";"1";"1";"1";"1";"D906";"44,4632670";"3,9437270"
"202000028392";"6";"7";"2020";"10:40";"1";"83";"83035";"1";"6";"1";"2";"Le Castelet";"43,2526580";"5,7752900"
"202000028393";"7";"7";"2020";"21:30";"3";"06";"06075";"1";"1";"1";"1";"Avenue Felix Faure";"43,8296200";"7,2556540"
"202000028394";"8";"7";"2020";"08:20";"1";"04";"04241";"1";"3";"1";"3";"RD 907 ";"43,8526840";"5,7285710"
"202000028395";"8";"7";"2020";"13:50";"1";"13";"13116";"1";"2";"1";"3";"Route de Saint Andiol";"43,8376380";"4,9264450"
"202000028396";"8";"7";"2020";"16:10";"1";"67";"67131";"2";"1";"1";"6";"2 Rue des Fusilliers Marins";"48,4921760";"7,7300830"
"202000028397";"7";"7";"2020";"21:30";"2";"57";"57340";"1";"1";"1";"4";"D174m";"49,0918340";"6,9834100"
"202000028398";"8";"7";"2020";"16:20";"1";"38";"38449";"1";"1";"1";"1";"boulevard de villefontaine";"45,6388870";"5,1237060"
"202000028399";"7";"7";"2020";"19:00";"1";"69";"69255";"1";"1";"1";"3";"Route du Pont Pinay";"45,7279507";"4,6746165"
"202000028400";"6";"7";"2020";"19:20";"1";"09";"09132";"1";"1";"1";"7";"Triboire";"43,1745160";"1,7100850"
"202000028401";"7";"7";"2020";"20:05";"1";"33";"33015";"1";"1";"1";"6";"Goudon";"44,8762710";" -0,2918140"
"202000028402";"8";"7";"2020";"08:25";"1";"14";"14047";"2";"1";"1";"3";"Route de Caen";"49,2738740";" -0,6917040"
"202000028403";"8";"7";"2020";"11:30";"1";"27";"27072";"1";"2";"1";"3";"D313";"49,0944120";"1,5601550"
"202000028404";"8";"7";"2020";"14:45";"1";"27";"27081";"1";"1";"1";"7";"nationale 13";"49,0126260";"1,2862590"
"202000028405";"7";"7";"2020";"23:00";"3";"60";"60612";"1";"1";"1";"1";"D1330";"49,2255295";"2,5829029"
"202000028406";"8";"7";"2020";"09:58";"1";"60";"60009";"2";"1";"1";"6";"Grande rue";"49,4144157";"2,1356498"
"202000028407";"7";"7";"2020";"19:15";"1";"13";"13106";"1";"1";"1";"2";"A7-Sens Lyon vers Marseille";"43,3961400";"5,3514700"
"202000028408";"7";"7";"2020";"09:50";"1";"13";"13070";"1";"1";"1";"2";"A50-Sens Aubagne vers Marseille";"43,2854000";"5,5152000"
"202000028409";"7";"7";"2020";"10:35";"1";"13";"13001";"1";"1";"1";"3";"A51-Sens Aix en Provence vers Marseille";"43,4781070";"5,4081890"
"202000028410";"7";"7";"2020";"01:37";"3";"13";"13211";"1";"1";"1";"2";"A50-Sens Marseille vers Aubagne";"43,2936673";"5,4721450"
"202000028411";"6";"7";"2020";"14:05";"1";"13";"13055";"1";"1";"1";"6";"A507 sens Marseille - Aubagne";"43,3303131";"5,3888637"
"202000028412";"7";"7";"2020";"15:00";"1";"91";"91064";"1";"1";"1";"5";"RN 118";"48,7499000";"2,2065300"
"202000028413";"7";"7";"2020";"12:45";"1";"91";"91687";"1";"1";"1";"2";"AUTOROUTE A6";"48,6617000";"2,3699000"
"202000028414";"7";"7";"2020";"08:15";"1";"94";"94034";"1";"1";"1";"3";"AUTOROUTE A86";"48,7563000";"2,3372000"
"202000028415";"7";"7";"2020";"18:45";"1";"92";"92050";"1";"1";"1";"3";"A86";"48,9167332";"2,2217173"
"202000028416";"7";"7";"2020";"08:50";"1";"92";"92036";"1";"1";"1";"5";"A86";"48,9344018";"2,2803241"
"202000028417";"7";"7";"2020";"07:40";"1";"78";"78362";"1";"1";"7";"6";"A13";"48,9750910";"1,7256900"
"202000028418";"6";"7";"2020";"14:40";"1";"93";"93013";"1";"1";"1";"4";"AUTOROUTE A1";"48,9414200";"2,4279400"
"202000028419";"7";"7";"2020";"20:00";"1";"77";"77514";"1";"1";"1";" -1";"A104";"48,9377000";"2,6281000"
"202000028420";"6";"7";"2020";"16:45";"1";"77";"77146";"1";"1";"1";"4";"A4.Y";"48,8310728";"2,6401357"
"202000028421";"20";"4";"2020";"06:50";"1";"69";"69387";"2";"3";"1";"3";"GERLAND (DE)                        (R )";"45,7364000";"4,8396000"
"202000028422";"6";"7";"2020";"18:30";"1";"69";"69386";"2";"2";"1";"1";"VENDOME                             (R )";"45,7711700";"4,8445300"
"202000028423";"6";"7";"2020";"16:50";"1";"69";"69386";"2";"2";"1";"3";"BELGES (DES)                        (BD)";"45,7700583";"4,8570292"
"202000028424";"2";"7";"2020";"16:30";"1";"69";"69386";"2";"2";"1";"4";"DUQUESNE                            (R )";"45,7725917";"4,8443085"
"202000028425";"6";"7";"2020";"09:45";"1";"69";"69199";"2";"9";"1";"3";"SAMPAIX                             (IM)";"45,7143500";"4,8513300"
"202000028426";"5";"7";"2020";"12:25";"1";"972";"97213";"1";"1";"1";"3";"ROUTE NATIONALE 5";"14,5956600";" -60,9877600"
"202000028427";"6";"7";"2020";"18:45";"4";"972";"97209";"2";"1";"2";"2";"RD 41 (ROCADE)";"14,6132600";" -61,0704900"
"202000028428";"3";"7";"2020";"20:15";"1";"69";"69034";"2";"1";"1";"3";"MARTIN BASSE                        (R )";"45,8055700";"4,8554700"
"202000028429";"6";"7";"2020";"06:50";"1";"95";"95680";"2";"6";"1";" -1";"ERABLES (AVENUE DES)";"49,0040710";"2,3997030"
"202000028430";"1";"7";"2020";"09:45";"1";"91";"91477";"1";"1";"1";"6";"MARNIERES (rue des)";"48,7206900";"2,2228400"
"202000028431";"3";"7";"2020";"20:00";"1";"91";"91223";"2";"1";"1";"7";"PAULIN-HIPPOLYTE (RUE RENE)";"48,4290200";"2,1321800"
"202000028432";"3";"7";"2020";"16:56";"1";"87";"87085";"2";"1";"1";"3";"DUMAS (AVENUE GEORGES)";"45,8266000";"1,2647100"
"202000028433";"25";"6";"2020";"13:30";"1";"83";"83009";"2";"6";"1";"3";"BONAPARTE (CORNICHE)";"43,1354800";"5,7539000"
"202000028434";"3";"7";"2020";"12:20";"1";"80";"80021";"2";"1";"1";"3";"ROBERT LE COQ (RUE)";"49,9006800";"2,2695000"
"202000028435";"3";"7";"2020";"17:50";"1";"80";"80489";"2";"1";"1";"2";"JACQUES DUCLOS (RUE)";"49,8697500";"2,3690600"
"202000028436";"4";"7";"2020";"23:43";"5";"78";"78646";"2";"2";"1";"3";"PARIS (AVENUE DE)";"48,8022700";"2,1297200"
"202000028437";"6";"7";"2020";"15:50";"1";"77";"77482";"2";"1";"1";"2";"D606";"48,3610619";"2,9180472"
"202000028438";"5";"7";"2020";"19:05";"1";"76";"76681";"2";"2";"1";"2";"CORNEILLE. RUE PIERRE";"49,4182000";"1,0971500"
"202000028439";"6";"7";"2020";"14:30";"1";"69";"69266";"2";"1";"1";"6";"COLIN     (Rue)";"45,7749000";"4,8740000"
"202000028440";"6";"7";"2020";"14:05";"1";"69";"69256";"2";"1";"1";"6";"ROGER SALENGRO                      (R )";"45,7607200";"4,9290700"
"202000028441";"6";"7";"2020";"22:30";"5";"69";"69091";"2";"1";"1";"2";"HONORE PETETIN ( R )";"45,5930900";"4,7729300"
"202000028442";"4";"7";"2020";"04:20";"3";"68";"68297";"1";"1";"1";"6";"Rue de la Brigade du Languedoc";"47,5964100";"7,5601900"
"202000028443";"4";"7";"2020";"13:38";"1";"67";"67482";"2";"1";"1";"3";"COMTES (ALLEE DES)";"48,5840971";"7,7146228"
"202000028444";"6";"7";"2020";"14:10";"1";"67";"67180";"1";"1";"1";"5";"RD 27";"48,8680246";"7,7642717"
"202000028445";"5";"7";"2020";"23:49";"5";"66";"66136";"2";"1";"1";"3";"CARSALADE-DU-PONT(AVENUE JULES DE)";"42,6890180";"2,8998390"
"202000028446";"3";"7";"2020";"15:05";"1";"66";"66136";"2";"1";"1";"3";"CUGNOT (JOSEPH)";"42,6838000";"2,8715000"
"202000028447";"5";"7";"2020";"14:50";"1";"64";"64024";"2";"1";"1";"2";"ADOUR (AVENUE DE L')";"43,5271000";" -1,5197500"
"202000028448";"6";"7";"2020";"08:10";"1";"62";"62848";"2";"6";"1";"3";"941 (CD)";"50,5093335";"2,6495133"
"202000028449";"5";"7";"2020";"19:50";"1";"59";"59560";"2";"1";"1";"1";"RESISTANCE RUE DES MARTYRS DE LA";"50,5545400";"3,0190300"
"202000028450";"4";"7";"2020";"20:00";"1";"59";"59350";"2";"2";"2";"6";"NATIONALE RUE N°2 - 178B-1 - 171";"50,6346000";"3,0568900"
"202000028451";"5";"7";"2020";"16:59";"1";"57";"57019";"2";"1";"1";"6";"TERRASSES DU SOLEIL (CHEMIN DES)";"49,2544100";"6,1342800"
"202000028452";"2";"7";"2020";"16:25";"1";"56";"56121";"2";"1";"1";"6";"LENINE ( AVENUE )";"47,7619500";" -3,3784000"
"202000028453";"5";"7";"2020";"10:05";"1";"50";"50203";"1";"1";"3";"6";"R N 13";"49,5989900";" -1,5960800"
"202000028454";"6";"7";"2020";"17:50";"1";"45";"45234";"2";"9";"1";"2";"Place Albert Camus";"47,8350200";"1,9363100"
"202000028455";"2";"7";"2020";"16:08";"1";"35";"35288";"2";"2";"1";"3";"91 Boulevard Chateaubriand";"48,6584880";" -1,9948830"
"202000028456";"7";"7";"2020";"01:50";"5";"35";"35238";"2";"1";"1";"6";"VILLEBOIS MAREUIL (BD)";"48,1093800";" -1,6551700"
"202000028457";"6";"7";"2020";"17:15";"1";"35";"35238";"1";"1";"1";"7";"PREVALAYE (CHEMIN DE LA)";"48,0903778";" -1,7386693"
"202000028458";"6";"7";"2020";"16:40";"1";"35";"35238";"2";"6";"1";"3";"KENNEDY (COURS JOHN-FITZGERALD)";"48,1213100";" -1,7047480"
"202000028459";"6";"7";"2020";"05:55";"1";"34";"34172";"2";"1";"1";"3";"BLUM (RUE LEON)";"43,6079900";"3,8905800"
"202000028460";"4";"7";"2020";"23:55";"5";"34";"34172";"2";"2";"1";"3";"PAVELET (AVENUE DU COLONEL)";"43,5871700";"3,8586500"
"202000028461";"3";"7";"2020";"18:35";"1";"34";"34032";"2";"1";"1";"1";"FOUR A CHAUX (BD DU)";"43,3466800";"3,2095700"
"202000028462";"6";"7";"2020";"18:35";"1";"33";"33281";"2";"2";"1";"3";"AVE BON AIR / PISTE CYCLABLE LES ONTINES";"44,8261300";" -0,6496700"
"202000028463";"4";"7";"2020";"15:00";"1";"31";"31555";"1";"1";"1";"3";"VA008482 A624";"43,6114762";"1,3810104"
"202000028464";"6";"7";"2020";"15:50";"1";"31";"31483";"2";"2";"1";"3";"ARRIEU ANSELME (AVENUE)";"43,1102450";"0,7186890"
"202000028465";"30";"6";"2020";"12:15";"1";"29";"29019";"2";"2";"2";"6";"Rue Robespierre";"48,4073600";" -4,4897200"
"202000028466";"2";"7";"2020";"14:50";"1";"22";"22215";"2";"1";"1";"1";"GRANDE VILLEMAIN (RUE DE LA)";"48,4853674";" -2,8188729"
"202000028467";"6";"7";"2020";"15:40";"1";"17";"17300";"2";"3";"1";"3";"GRANDES VARENNES   AVENUE DES";"46,1675700";" -1,1776800"
"202000028468";"4";"7";"2020";"14:20";"1";"16";"16089";"2";"1";"1";" -1";"Route de Dizedon";"45,6665870";" -0,3382800"
"202000028469";"1";"7";"2020";"18:30";"1";"14";"14220";"2";"7";"1";"6";"VICTOR-HUGO (RUE)";"49,3596600";"0,0748300"
"202000028470";"6";"7";"2020";"16:10";"1";"13";"13210";"2";"4";"1";"3";"JEAN MOULIN (BOULEVARD)";"43,2818600";"5,3992000"
"202000028471";"6";"7";"2020";"16:00";"1";"13";"13204";"2";"1";"1";"6";"MARÉCHAL JUIN (BOULEVARD)";"43,3094800";"5,4028500"
"202000028472";"6";"7";"2020";"14:15";"1";"13";"13202";"2";"1";"1";"2";"CAMILLE PELLETAN (AVENUE)";"43,3036791";"5,3737253"
"202000028473";"29";"6";"2020";"09:34";"1";"11";"11262";"2";"1";"1";" -1";"RAZES (RUE DU)";"43,1758000";"3,0022100"
"202000028474";"14";"2";"2020";"02:20";"3";"77";"77122";"1";"1";"3";"6";"RN104";"48,6558227";"2,6137977"
"202000028475";"2";"1";"2020";"17:30";"5";"93";"93051";"1";"1";"1";"2";"A4";"48,8354000";"2,5581000"
"202000028476";"17";"2";"2020";"15:30";"1";"75";"75120";"2";"2";"1";"3";"RUE BELGRAND";"48,8646830";"2,4041520"
"202000028477";"16";"2";"2020";"17:00";"1";"75";"75116";"2";"3";"1";"6";"BOULEVARD DELESSERT";"48,8596100";"2,2877140"
"202000028478";"15";"2";"2020";"18:45";"5";"75";"75116";"2";"3";"1";"6";"AVENUE DE NEW YORK";"48,8633430";"2,2963280"
"202000028479";"15";"2";"2020";"12:45";"1";"75";"75116";"2";"2";"7";"5";"RUE DE LA POMPE";"48,8595480";"2,2752060"
"202000028480";"15";"2";"2020";"12:25";"1";"75";"75116";"2";"1";"1";"3";"BOULEVARD MURAT";"48,8471890";"2,2584790"
"202000028481";"17";"2";"2020";"19:40";"5";"75";"75114";"2";"1";"1";"7";"BOULEVARD BRUNE";"48,8248230";"2,3180230"
"202000028482";"17";"2";"2020";"18:50";"5";"75";"75112";"2";"1";"2";"6";"RUE DE BERCY";"48,8439930";"2,3729720"
"202000028483";"17";"2";"2020";"16:30";"1";"75";"75112";"2";"1";"1";"3";"COURS DE VINCENNES";"48,8475540";"2,4018890"
"202000028484";"16";"2";"2020";"23:56";"5";"75";"75111";"2";"2";"8";" -1";"BOULEVARD DES FILLES DU CALVAIRE";"48,8624700";"2,3669150"
"202000028485";"16";"2";"2020";"23:15";"5";"75";"75111";"2";"2";"2";"3";"RUE DE CHARONNE";"48,8551170";"2,3871370"
"202000028486";"17";"2";"2020";"09:20";"1";"75";"75102";"2";"4";"1";"3";"AVENUE DE L OPERA";"48,8686990";"2,3331420"
"202000028487";"17";"2";"2020";"09:20";"1";"94";"94052";"2";"1";"1";"6";"ANQUETIL (R)";"48,8423958";"2,4864883"
"202000028488";"17";"2";"2020";"08:30";"1";"94";"94052";"2";"9";"1";"2";"JOINVILLE (AV DE)";"48,8309049";"2,4688252"
"202000028489";"16";"2";"2020";"21:17";"5";"94";"94079";"2";"3";"3";"6";"ROBERT SCHUMAN (R)";"48,8228331";"2,5422482"
"202000028490";"16";"2";"2020";"21:40";"5";"94";"94002";"2";"2";"3";"3";"CARNOT (BD)";"48,8009300";"2,4223100"
"202000028491";"17";"2";"2020";"09:30";"1";"93";"93073";"1";"1";"1";"2";"Rue du Chapitre";"49,0034240";"2,5368129"
"202000028492";"17";"2";"2020";"10:00";"1";"93";"93066";"2";"1";"1";"2";"CAQUET (PLACE)";"48,9370500";"2,3595600"
"202000028493";"17";"2";"2020";"18:18";"2";"93";"93053";"2";"1";"2";"6";"REPUBLIQUE (BLD DE LA) N°";"48,8956700";"2,4613700"
"202000028494";"17";"2";"2020";"20:20";"5";"93";"93033";"2";"1";"2";"6";"DU MARECHAL JOFFRE (AVENUE)";"48,8619860";"2,5788440"
"202000028495";"16";"2";"2020";"22:10";"5";"93";"93014";"2";"2";"2";"1";"ANGEL TESTA (ALLEE)";"48,9013200";"2,5424000"
"202000028496";"17";"2";"2020";"06:40";"5";"92";"92078";"2";"9";"8";"3";"LONGUE BERTRANE (RUE)";"48,9303130";"2,3205680"
"202000028497";"17";"2";"2020";"09:30";"1";"92";"92046";"2";"1";"8";" -1";"DANTON (RUE)";"48,8217300";"2,2991500"
"202000028498";"17";"2";"2020";"19:14";"5";"92";"92049";"2";"3";"2";"7";"PIERRE BROSSOLETTE AVENUE DE N° IMPAIRS/ MARX DORMOY (AVENUE)";"48,8120256";"2,3007895"
"202000028499";"17";"2";"2020";"09:58";"1";"92";"92048";"2";"1";"1";"2";"HNRI BROUSSE (PLACE)";"48,8078000";"2,2417000"
"202000028500";"17";"2";"2020";"19:26";"5";"92";"92026";"2";"9";"1";"3";"ALBERT GLEIZES (AVENUE)";"48,8928400";"2,2453300"
"202000028501";"14";"2";"2020";"19:00";"2";"92";"92025";"2";"1";"1";"7";"JEAN JACQUES ROUSSEAU (RUE)";"48,9323160";"2,2635270"
"202000028502";"17";"2";"2020";"15:20";"1";"63";"63307";"1";"1";"2";" -1";"D2089";"45,7089060";"3,0696060"
"202000028503";"15";"2";"2020";"08:45";"1";"38";"38199";"1";"1";"1";"1";"D167";"45,4815100";"4,9175600"
"202000028504";"17";"2";"2020";"20:10";"3";"06";"06161";"1";"1";"1";" -1";"Route de Grasse";"43,6566330";"7,1067170"
"202000028505";"17";"2";"2020";"15:10";"1";"49";"49092";"2";"1";"6";"6";"Rue de Gasnault";"47,2134369";" -0,7931371"
"202000028506";"17";"2";"2020";"07:00";"2";"68";"68026";"1";"3";"1";"3";"D4 PK002.000";"48,1344240";"7,3441480"
"202000028507";"17";"2";"2020";"07:15";"1";"974";"97422";"1";"1";"1";"2";"65 Chemin Jean Baptiste Huet";" -21,2836470";"55,5344640"
"202000028508";"18";"2";"2020";"10:43";"1";"972";"97205";"1";"1";"1";"6";"route nationale 2";"14,6456970";" -61,1387120"
"202000028509";"15";"2";"2020";"04:35";"3";"77";"77022";"2";"9";"1";"6";"2 Rue Antoine Barye";"48,4459690";"2,6121760"
"202000028510";"17";"2";"2020";"20:25";"3";"56";"56079";"1";"1";"1";"1";"La Ville Joubard RN24";"47,9484740";" -2,5209870"
"202000028511";"17";"2";"2020";"15:20";"1";"67";"67434";"2";"1";"1";"6";"Rue du Maréchal Foch";"48,9397726";"7,0864197"
"202000028512";"17";"2";"2020";"17:27";"1";"76";"76281";"1";"2";"1";"2";"D484";"49,5201310";"0,5748890"
"202000028513";"16";"2";"2020";"16:25";"3";"89";"89388";"1";"2";"2";"3";"Lieu Dit les Grilots";"47,9314886";"3,2696680"
"202000028514";"18";"2";"2020";"06:50";"2";"25";"25190";"2";"1";"2";"1";"Rue de Beaucourt";"47,4979810";"6,9127390"
"202000028515";"17";"2";"2020";"16:10";"1";"35";"35023";"1";"1";"2";"6";"RN 12 Bédée";"48,1862750";" -1,9829890"
"202000028516";"18";"2";"2020";"14:00";"1";"29";"29040";"2";"1";"1";"1";"D85 - 45 Route Touristique";"48,3527944";" -4,7774101"
"202000028517";"17";"2";"2020";"16:55";"1";"50";"50273";"2";"2";"1";"3";"D903";"49,3073290";" -1,4226870"
"202000028518";"27";"1";"2020";"18:00";"3";"09";"09283";"1";"1";"1";"2";"RN20";"42,7246640";"1,8251040"
"202000028519";"14";"2";"2020";"18:35";"5";"60";"60245";"2";"1";"1";"6";"13 Rue Albert 1er";"49,6500778";"1,7308818"
"202000028520";"18";"2";"2020";"08:00";"2";"17";"17093";"2";"1";"1";"3";"107 Avenue d'Antioche";"45,8905910";" -1,2198900"
"202000028521";"18";"2";"2020";"02:25";"3";"87";"87011";"1";"9";"1";"6";"Grange des Selles";"46,0966790";"1,0341630"
"202000028522";"17";"2";"2020";"16:15";"1";"87";"87105";"1";"1";"3";"6";"Picq";"45,7457550";"1,6025450"
"202000028523";"11";"2";"2020";"18:25";"3";"01";"01451";"1";"9";"2";"2";"A40";"46,2339440";"5,2802180"
"202000028524";"18";"2";"2020";"09:06";"1";"06";"06152";"1";"9";"1";"3";"650 Route des Lucioles";"43,6177290";"7,0514890"
"202000028525";"17";"2";"2020";"17:55";"2";"06";"06152";"1";"1";"1";"7";"D98";"43,6166680";"7,0373060"
"202000028526";"17";"2";"2020";"12:15";"1";"987";"98725";"2";"1";"1";"1";"RT 2 PK 9.5";" -17,5067893";" -149,4887862"
"202000028527";"17";"2";"2020";"07:00";"1";"988";"98821";"1";"1";"2";"7";"RT1";" -22,0904120";"166,3198760"
"202000028528";"18";"2";"2020";"19:40";"3";"13";"13035";"1";"2";"1";"3";"Avenue de Lattre de Tassigny";"43,6798530";"5,0674440"
"202000028529";"18";"2";"2020";"06:39";"3";"13";"13110";"1";"1";"1";"1";"D6";"43,4580590";"5,6551590"
"202000028530";"18";"2";"2020";"14:10";"1";"68";"68103";"1";"1";"1";"2";"D201";"47,6723590";"7,4379370"
"202000028531";"18";"2";"2020";"08:00";"2";"33";"33003";"2";"1";"1";"6";"81 Avenue du Chemin de la Vie";"44,9506260";" -0,4874000"
"202000028532";"17";"2";"2020";"17:35";"2";"59";"59357";"2";"3";"1";"3";"Rue de Mons";"50,2943790";"3,8609590"
"202000028533";"17";"2";"2020";"20:10";"5";"59";"59249";"2";"1";"1";"1";"Rue de la Commune de Paris";"50,0224550";"4,0745650"
"202000028534";"16";"2";"2020";"22:32";"5";"13";"13207";"1";"1";"1";"6";"Tunnel Prado Carénage";"43,2917570";"5,3661670"
"202000028535";"17";"2";"2020";"08:45";"1";"33";"33075";"1";"1";"2";"3";"ROCADE A 630";"44,8898700";" -0,6109600"
"202000028536";"16";"2";"2020";"03:50";"3";"78";"78090";"1";"1";"1";"6";"A13";"48,9703000";"1,9013000"
"202000028537";"15";"2";"2020";"18:00";"1";"60";"60631";"1";"1";"1";"2";"AUTOROUTE A1";"49,1457300";"2,5773500"
"202000028538";"17";"2";"2020";"07:30";"2";"94";"94073";"1";"1";"2";"3";"A86 EXT";"48,7537200";"2,3801900"
"202000028539";"16";"2";"2020";"06:18";"1";"988";"98818";"2";"1";"1";"7";"MARTINET (RUE HENRI)";" -22,2595900";"166,4748800"
"202000028540";"16";"2";"2020";"17:00";"1";"69";"69386";"2";"1";"1";"7";"BELGES (DES)                        (BD)";"45,7750000";"4,8480000"
"202000028541";"16";"2";"2020";"04:20";"4";"69";"69383";"2";"1";"1";"6";"AUBIGNY (D')                        (R )";"45,7613000";"4,8647000"
"202000028542";"16";"2";"2020";"19:50";"5";"972";"97213";"1";"1";"2";"6";"AUTOROUTE A1";"14,6180890";" -61,0344500"
"202000028543";"16";"2";"2020";"08:50";"1";"972";"97209";"2";"3";"1";"3";"BALATA (ROUTE DE)";"14,6351800";" -61,0722600"
"202000028544";"16";"2";"2020";"05:50";"2";"972";"97209";"2";"1";"2";"2";"BISHOP (Avenue Maurice)";"14,6090600";" -61,0558000"
"202000028545";"16";"2";"2020";"18:35";"5";"69";"69389";"2";"1";"1";"6";"JAYR                                (QU)";"45,7785900";"4,8079800"
"202000028546";"15";"2";"2020";"19:00";"2";"69";"69382";"2";"1";"1";"3";"DOCTEUR GAILLETON (DU)              (QU)";"45,7488200";"4,8305700"
"202000028547";"15";"2";"2020";"12:50";"1";"69";"69389";"2";"1";"1";"6";"SIDOINE APPOLINAIRE                 (AV)";"45,7700000";"4,7900000"
"202000028548";"16";"2";"2020";"14:08";"1";"2B";"2B033";"2";"1";"1";"6";"AV DE LA LIBERATION";"42,6859000";"9,4452200"
"202000028549";"15";"2";"2020";"16:15";"1";"91";"91421";"2";"4";"1";"3";"MARECHAL FOCH (AVENUE DU)";"48,7087100";"2,4639500"
"202000028550";"16";"2";"2020";"18:10";"5";"91";"91174";"2";"1";"1";"5";"14 Juillet (rue du)";"48,6152020";"2,4837370"
"202000028551";"15";"2";"2020";"01:20";"5";"91";"91425";"2";"2";"1";"7";"ORLEANS (ROUTE D')";"48,6390200";"2,2678600"
"202000028552";"14";"2";"2020";"19:37";"5";"91";"91347";"2";"1";"1";"2";"DIVISION LECLERC (AVENUE DE LA)";"48,6573500";"2,2749000"
"202000028553";"16";"2";"2020";"21:55";"5";"78";"78586";"2";"2";"2";"6";"BERTEAUX (MAURICE) N°44 A 152";"48,9383320";"2,1706490"
"202000028554";"16";"2";"2020";"13:30";"1";"77";"77284";"2";"9";"1";"3";"APPEL DU 18 JUIN 1940 (AV.DE L')";"48,9516100";"2,9056300"
"202000028555";"16";"2";"2020";"17:45";"1";"74";"74133";"2";"3";"1";"2";"ZONE (ROUTE DE)";"46,1799300";"6,2141130"
"202000028556";"15";"2";"2020";"18:10";"2";"69";"69271";"2";"1";"1";"6";"EUROPE (DE L')                          ";"45,7380000";"4,9394000"
"202000028557";"15";"2";"2020";"19:10";"5";"68";"68066";"2";"1";"1";"6";"RUE DIENER ( MARCO)";"48,0824020";"7,3311120"
"202000028558";"10";"2";"2020";"19:20";"2";"59";"59636";"2";"3";"1";"3";"YPRES RUE D";"50,6841600";"3,0390830"
"202000028559";"13";"2";"2020";"18:28";"2";"57";"57463";"2";"1";"2";"6";"LAFAYETTE (RUE )";"49,1083300";"6,1735100"
"202000028560";"16";"2";"2020";"02:27";"5";"45";"45286";"2";"1";"2";"6";"95 Route de Sandillon";"47,8815800";"1,9326600"
"202000028561";"16";"2";"2020";"20:18";"5";"42";"42071";"2";"1";"1";"6";"Avenue de la Libération";"46,0173600";"4,0914800"
"202000028562";"16";"2";"2020";"14:50";"1";"38";"38185";"2";"2";"1";"1";"Boulevard Gambetta";"45,1877800";"5,7235200"
"202000028563";"15";"2";"2020";"12:39";"1";"37";"37261";"2";"6";"1";"3";"POMPIDOU (AVENUE GEORGES)";"47,3948540";"0,7044834"