"Num_Acc";"jour";"mois";"an";"hrmn";"lum";"dep";"com";"agg";"int";"atm";"col";"adr";"lat";"long"
"202000028564";"16";"2";"2020";"19:05";"5";"35";"35238";"2";"9";"2";"6";"TOUR D'AUVERGNE (BD DE LA)";"48,1056800";" -1,6844400"
"202000028565";"16";"2";"2020";"06:00";"3";"33";"33162";"2";"1";"1";"6";"RUE DES GRAVES";"44,8807900";" -0,6629200"
"202000028566";"7";"2";"2020";"07:50";"2";"29";"29039";"1";"1";"1";"2";"D783 - Rue de Pennanguer";"47,9030103";" -3,9141899"
"202000028567";"16";"2";"2020";"20:30";"5";"13";"13214";"2";"1";"1";"2";"ST JOSEPH A STE MARTHE (chemin)";"43,3417000";"5,3866300"
"202000028568";"16";"2";"2020";"18:00";"2";"13";"13212";"2";"3";"1";"3";"WILLIAM BOOTH (AVENUE)";"43,2934028";"5,4398047"
"202000028569";"15";"2";"2020";"16:30";"1";"13";"13213";"2";"1";"1";"7";"LEPRINCE RINGUIET (rue)";"43,3443100";"5,4424400"
"202000028570";"15";"2";"2020";"18:45";"5";"13";"13215";"2";"1";"1";"3";"SAINT ANTOINE (AVENUE DE)";"43,3179500";"5,3741400"
"202000028571";"15";"2";"2020";"18:10";"2";"13";"13208";"2";"1";"1";"3";"MONTREDON (AVENUE DE)";"43,2422510";"5,3691760"
"202000028572";"16";"2";"2020";"17:27";"1";"13";"13001";"1";"1";"1";"6";"BELLEC MAURICE (RTE DU COLONEL)";"43,5784374";"5,4388922"
"202000028573";"16";"2";"2020";"12:05";"1";"07";"07186";"2";"1";"3";"3";"OUVEZE ( PONT DE L' ) D2";"44,7272350";"4,6001360"
"202000028574";"15";"2";"2020";"20:24";"5";"75";"75120";"2";"1";"2";"5";"AVENUE GAMBETTA";"48,8724940";"2,4047070"
"202000028575";"16";"2";"2020";"20:20";"5";"75";"75118";"2";"3";"2";" -1";"BOULEVARD NEY";"48,8980110";"2,3424400"
"202000028576";"16";"2";"2020";"15:30";"1";"75";"75115";"2";"1";"1";"3";"RUE DE LA PROCESSION";"48,8369680";"2,3089960"
"202000028577";"16";"2";"2020";"15:30";"1";"75";"75107";"2";"2";"1";"3";"RUE SAINT DOMINIQUE";"48,8599500";"2,3131100"
"202000028578";"16";"2";"2020";"03:20";"3";"75";"75104";"2";"7";"2";"6";"QUAI DE GESVRES";"48,8571640";"2,3474450"
"202000028579";"16";"2";"2020";"10:30";"1";"94";"94074";"2";"1";"1";"2";"JULIEN DURANTON (avenue)";"48,7592000";"2,4512000"
"202000028580";"16";"2";"2020";"14:40";"1";"93";"93073";"2";"1";"6";"6";"ROISSY (ROUTE DE)";"48,9818924";"2,5557491"
"202000028581";"16";"2";"2020";"12:40";"1";"93";"93071";"2";"2";"1";"3";"PETITS PONTS (ROUTE DES)";"48,9519776";"2,5284923"
"202000028582";"16";"2";"2020";"10:30";"1";"93";"93046";"2";"9";"1";"3";"MARECHAL LECLERC AVENUE";"48,9201300";"2,5394200"
"202000028583";"16";"2";"2020";"06:00";"3";"01";"01290";"1";"1";"1";"2";"D1084";"45,8724120";"5,1560850"
"202000028584";"14";"2";"2020";"07:50";"1";"06";"06114";"2";"3";"1";"3";"1754 Route de l'Abadie";"43,7423290";"7,2941650"
"202000028585";"16";"2";"2020";"23:10";"5";"06";"06161";"2";"3";"1";"3";"Route du Bord de Mer";"43,6395150";"7,1384150"
"202000028586";"17";"2";"2020";"08:15";"1";"83";"83086";"2";"1";"8";"5";"Route de Frejus";"43,4709890";"6,5734080"
"202000028587";"17";"2";"2020";"15:05";"1";"86";"86255";"1";"1";"1";"1";"D148";"46,1580010";"0,3309310"
"202000028588";"16";"2";"2020";"06:34";"3";"22";"22182";"1";"1";"3";"7";"pr 70.500 RN12";"48,5293510";" -2,9097871"
"202000028589";"16";"2";"2020";"18:40";"3";"76";"76516";"1";"1";"3";"7";"A28";"49,7166000";"1,4154000"
"202000028590";"8";"2";"2020";"14:00";"1";"69";"69260";"2";"7";"1";"6";"Chemin du Pelet";"45,6520364";"4,8130471"
"202000028591";"17";"2";"2020";"06:44";"3";"03";"03086";"1";"1";"2";"4";"N/A";"46,4784945";"3,8327928"
"202000028592";"15";"2";"2020";"02:30";"3";"56";"56061";"2";"1";"2";"6";"Rue du Marais";"47,7243710";" -2,1339230"
"202000028593";"16";"2";"2020";"15:20";"1";"61";"61091";"1";"1";"6";"6";"D335";"48,5807630";" -0,4730130"
"202000028594";"16";"2";"2020";"16:25";"1";"47";"47128";"2";"3";"1";"3";"1 Rue d'Ostande";"44,1690690";"0,6996600"
"202000028595";"12";"2";"2020";"19:00";"2";"34";"34250";"2";"1";"1";"6";"D908";"43,5307030";"2,8517350"
"202000028596";"17";"2";"2020";"09:50";"1";"68";"68225";"1";"1";"2";"6";"Route de Reguisheim";"47,8730420";"7,4326310"
"202000028597";"16";"2";"2020";"14:30";"1";"22";"22271";"1";"3";"2";"3";"D24";"48,4801440";" -3,1325470"
"202000028598";"17";"2";"2020";"07:20";"3";"35";"35009";"1";"1";"1";"2";"15 Lieu Dit la Morinais";"48,5079540";" -1,7408100"
"202000028599";"16";"2";"2020";"17:15";"1";"03";"03120";"1";"1";"1";"6";"N/A";"46,6293749";"3,7114856"
"202000028600";"17";"2";"2020";"06:00";"3";"70";"70339";"1";"1";"1";"3";"RD 486";"47,7372450";"6,5503410"
"202000028601";"16";"2";"2020";"11:45";"1";"70";"70058";"1";"1";"1";"7";"7 Rue d'Autet";"47,5295830";"5,6815359"
"202000028602";"16";"2";"2020";"17:15";"1";"66";"66105";"1";"1";"1";"1";"106 Lieu Dit los Campeils";"42,5745580";"2,1128940"
"202000028603";"16";"2";"2020";"03:30";"5";"54";"54465";"2";"1";"1";"6";"12 Avenue du Général Leclerc";"48,4655110";"6,2909130"
"202000028604";"16";"2";"2020";"00:38";"3";"06";"06150";"1";"1";"1";"7";"Avenue de Cap d'Ail";"43,7287240";"7,3929300"
"202000028605";"17";"2";"2020";"15:25";"1";"50";"50618";"2";"1";"1";"1";"37 Rue de l'Eglise";"49,6756510";" -1,3677330"
"202000028606";"13";"2";"2020";"21:45";"3";"17";"17349";"1";"1";"8";"6";"D109";"46,2779710";" -0,8500670"
"202000028607";"15";"2";"2020";"01:23";"3";"10";"10130";"1";"1";"1";"2";"Autoroute A26 Calais Troyes";"48,6110050";"4,1807270"
"202000028608";"17";"2";"2020";"00:00";"3";"76";"76657";"1";"9";"1";"6";"A131";"49,4892600";"0,3792860"
"202000028609";"14";"2";"2020";"12:45";"1";"973";"97309";"2";"1";"1";"4";"Route Departementale 23";"4,9052290";" -52,2731420"
"202000028610";"16";"2";"2020";"16:30";"1";"38";"38212";"1";"1";"1";"6";"Route de l'Oisans";"45,1029600";"5,9197700"
"202000028611";"16";"2";"2020";"15:45";"1";"13";"13011";"1";"1";"1";"6";"Chemin Departemental N 5 Marseille à Graveson";"43,7289176";"4,8144954"
"202000028612";"16";"2";"2020";"20:00";"3";"91";"91634";"1";"1";"3";"6";"A10, PK 010+400, sens Province-Paris";"48,6106680";"2,1057700"
"202000028613";"16";"2";"2020";"07:00";"2";"18";"18182";"1";"1";"1";"6";"Route de Charost";"47,0212420";"2,1021760"
"202000028614";"14";"2";"2020";"15:30";"2";"77";"77168";"1";"9";"8";" -1";"A104";"48,1758840";"2,8717610"
"202000028615";"16";"2";"2020";"15:00";"1";"2B";"2B316";"1";"1";"1";"6";"Palmento";"42,6087590";"8,9230010"
"202000028616";"14";"2";"2020";"19:35";"3";"06";"06147";"1";"1";"1";"7";"529 Avenue du Haut-pays";"43,7693930";"7,2794830"
"202000028617";"17";"2";"2020";"16:00";"1";"13";"13042";"2";"1";"2";"1";"D396";"43,2868360";"5,6246780"
"202000028618";"11";"2";"2020";"13:45";"1";"71";"71481";"1";"3";"2";"3";"D906";"46,1979387";"4,7635891"
"202000028619";"17";"2";"2020";"19:45";"3";"88";"88087";"1";"1";"3";"2";"D460";"48,1829990";"6,4105220"
"202000028620";"17";"2";"2020";"18:20";"5";"07";"07324";"2";"1";"2";"3";"2 b Avenue Marechal Foch";"45,0722360";"4,8223440"
"202000028621";"14";"2";"2020";"12:45";"1";"69";"69019";"1";"3";"1";"3";"41 Route du Pizay";"46,1293890";"4,7295450"
"202000028622";"16";"2";"2020";"20:00";"3";"16";"16291";"1";"1";"1";"2";"Ruelle-sur-Touvre";"45,6895092";"0,2255769"
"202000028623";"16";"2";"2020";"18:45";"3";"33";"33422";"1";"1";"1";"5";"Avenue du Cap Ferret";"44,7946420";" -0,8590150"
"202000028624";"13";"2";"2020";"17:42";"1";"44";"44195";"2";"1";"1";"6";"boulevard Edouard Branly";"47,3610900";" -1,9559848"
"202000028625";"12";"2";"2020";"10:05";"1";"14";"14228";"1";"1";"1";"6";"D7";"49,2821820";" -0,3806590"
"202000028626";"17";"2";"2020";"00:10";"5";"60";"60500";"2";"3";"2";"6";"Avenue Georges Bataille";"49,0946550";"2,7555840"
"202000028627";"15";"2";"2020";"19:35";"3";"13";"13071";"1";"1";"1";"2";"A55-Sens Marseille vers A55-Martigues";"43,3993220";"5,2913710"
"202000028628";"14";"2";"2020";"18:05";"2";"13";"13070";"1";"1";"1";"2";"A50-Sens Aubagne vers Marseille";"43,2854000";"5,5149000"
"202000028629";"15";"2";"2020";"23:15";"5";"69";"69029";"1";"9";"1";" -1";"RD  383   ";"45,7349063";"4,9015546"
"202000028630";"11";"2";"2020";"13:23";"1";"67";"67482";"1";"1";"1";"2";"Autoroute A.35";"48,5534430";"7,7322396"
"202000028631";"16";"2";"2020";"10:20";"1";"94";"94038";"1";"1";"1";"6";"AUTOROUTE A6B";"48,7825600";"2,3471800"
"202000028632";"15";"2";"2020";"21:25";"5";"91";"91570";"1";"1";"2";"6";"RN 104";"48,6253180";"2,3148710"
"202000028633";"16";"2";"2020";"16:25";"1";"92";"92036";"1";"1";"1";" -1";"A86";"48,9348119";"2,2674993"
"202000028634";"15";"2";"2020";"21:50";"4";"92";"92025";"1";"1";"2";"3";"A86";"48,9217789";"2,2264502"
"202000028635";"15";"2";"2020";"22:30";"4";"94";"94028";"1";"1";"1";"3";"RN406.Y";"48,7849919";"2,4400690"
"202000028636";"16";"2";"2020";"21:10";"5";"69";"69387";"2";"2";"1";"1";"MARCEL MERIEUX                      (R )";"45,7315300";"4,8298800"
"202000028637";"15";"2";"2020";"22:35";"3";"69";"69386";"2";"1";"1";"6";"VITTON                              (CO)";"45,7700000";"4,8585000"
"202000028638";"15";"2";"2020";"12:00";"1";"69";"69383";"2";"2";"1";"3";"CHAPONNAY                           (R )";"45,7584000";"4,8486500"
"202000028639";"14";"2";"2020";"19:10";"5";"972";"97209";"2";"1";"1";"7";"BISHOP (Avenue Maurice)";"14,6094500";" -61,0554300"
"202000028640";"14";"2";"2020";"22:00";"5";"971";"97113";"2";"1";"1";"6";"SECTION MARE-GAILLARD";"16,2135100";" -61,4395400"
"202000028641";"11";"2";"2020";"20:00";"5";"95";"95572";"2";"1";"1";"2";"BETHUNES (AVENUE DES)";"49,0413600";"2,1410200"
"202000028642";"15";"2";"2020";"21:52";"5";"74";"74008";"2";"1";"1";"3";"GENEVE (RUE DE)";"46,1919000";"6,2210000"
"202000028643";"14";"2";"2020";"12:20";"1";"71";"71153";"2";"1";"8";"6";"Rue Maréchal Foch";"46,8031421";"4,4510608"
"202000028644";"16";"2";"2020";"00:25";"5";"64";"64102";"2";"3";"1";"1";"ALLEES MARINES (AVENUE DES)";"43,5007000";" -1,4919000"
"202000028645";"15";"2";"2020";"02:15";"5";"64";"64102";"2";"1";"1";"7";"NAVARRE (AVENUE HENRI DE)";"43,4989800";" -1,4471200"
"202000028646";"15";"2";"2020";"00:40";"4";"64";"64140";"2";"1";"1";"6";"BRAMARIE (RUE RAOUL)";"43,5201000";" -1,4869000"
"202000028647";"14";"2";"2020";"23:45";"4";"64";"64024";"2";"1";"1";"5";"BIARRITZ (AVENUE DE)";"43,4801700";" -1,5215100"
"202000028648";"15";"2";"2020";"18:00";"5";"62";"62108";"2";"9";"2";"3";"BOULOGNE";"50,4144000";"1,5717000"
"202000028649";"15";"2";"2020";"07:30";"2";"38";"38318";"1";"1";"5";"1";"D75";"45,5419600";"4,9253600"
"202000028650";"15";"2";"2020";"20:24";"5";"38";"38169";"1";"1";"1";"6";"Rue de l'Argentière";"45,2009412";"5,6742521"
"202000028651";"15";"2";"2020";"14:20";"1";"35";"35238";"2";"1";"2";"2";"LIBERTE (BD DE LA)";"48,1075400";" -1,6804700"
"202000028652";"15";"2";"2020";"01:25";"5";"35";"35238";"2";"1";"1";"6";"FOUGERES (RUE DE)";"48,1283200";" -1,6488200"
"202000028653";"15";"2";"2020";"20:15";"5";"34";"34172";"2";"1";"1";"6";"MARIE DE MONTPELLIER";"43,6013950";"3,8993526"
"202000028654";"15";"2";"2020";"15:30";"1";"34";"34172";"2";"1";"1";"5";"PALAVAS (AVENUE DE)";"43,5999560";"3,8848260"
"202000028655";"16";"2";"2020";"00:50";"4";"33";"33281";"2";"1";"1";"6";"N°85 AVE DE SAINT-MEDARD";"44,8616090";" -0,6436700"
"202000028656";"15";"2";"2020";"14:10";"1";"33";"33281";"2";"4";"1";"3";"AVE DES EYQUEMS / RUE DE L'INDUSTRIE";"44,8271200";" -0,6170700"
"202000028657";"15";"2";"2020";"16:55";"1";"27";"27681";"2";"6";"1";"1";"CLEMENCEAU (PONT)";"49,0947900";"1,4862100"
"202000028658";"15";"2";"2020";"11:35";"1";"14";"14118";"2";"2";"1";" -1";"NOVEMBRE (RUE DU 11)";"49,1777700";" -0,3575500"
"202000028659";"15";"2";"2020";"20:00";"5";"13";"13208";"2";"2";"1";"3";"PARADIS (RUE)";"43,2782220";"5,3832320"
"202000028660";"15";"2";"2020";"14:45";"1";"13";"13204";"2";"1";"1";" -1";"FLAMMARION (BOULEVARD)";"43,3062360";"5,3939880"
"202000028661";"12";"2";"2020";"19:14";"5";"13";"13209";"2";"3";"1";"6";"MARÉCHAL DE LATTRE (AVENUE)";"43,5000000";"5,4000000"
"202000028662";"5";"9";"2020";"16:50";"1";"56";"56069";"2";"1";"1";"6";"1 Rue du Général de Gaulle";"47,6393800";" -3,4545620"
"202000028663";"5";"9";"2020";"19:00";"1";"27";"27448";"1";"1";"1";"4";"N13";"49,0113730";"1,3323500"
"202000028664";"7";"9";"2020";"15:15";"1";"27";"27568";"1";"1";"1";"1";"départementale 830";"48,9447610";"0,8766640"
"202000028665";"6";"9";"2020";"22:00";"3";"76";"76223";"1";"1";"1";"6";"D89";"49,6177310";"0,8310000"
"202000028666";"7";"9";"2020";"13:40";"1";"76";"76660";"1";"1";"1";"2";"Route des Alizes";"49,4785109";"0,3081141"
"202000028667";"5";"9";"2020";"21:00";"5";"60";"60644";"2";"1";"1";"6";"Rue Nationale";"49,2820140";"1,8273140"
"202000028668";"6";"9";"2020";"17:10";"1";"13";"13026";"1";"1";"1";"7";"A55-Sens Marseille vers Martigues";"43,3744100";"5,1793200"
"202000028669";"5";"9";"2020";"17:45";"1";"13";"13056";"1";"1";"1";"6";"A55-Sens Marseille vers Martigues";"43,3983075";"5,0468559"
"202000028670";"4";"9";"2020";"17:30";"1";"13";"13210";"1";"1";"1";"4";"A50-Sens Marseille vers Aubagne";"43,3305000";"5,3887000"
"202000028671";"6";"9";"2020";"10:04";"1";"69";"69152";"1";"1";"1";"7";"M7   4.270 A 5.756";"45,7115031";"4,8250363"
"202000028672";"5";"9";"2020";"04:40";"3";"57";"57463";"1";"1";"1";"2";"RN 431";"49,1193000";"6,1757100"
"202000028673";"4";"9";"2020";"13:55";"1";"67";"67152";"1";"1";"1";"3";"Route Nationale 83";"48,5213960";"7,6973210"
"202000028674";"6";"9";"2020";"19:35";"1";"92";"92036";"1";"1";"1";"4";"A86";"48,9364850";"2,2908425"
"202000028675";"6";"9";"2020";"15:25";"1";"92";"92036";"1";"1";"1";"4";"A86";"48,9359520";"2,2870561"
"202000028676";"6";"9";"2020";"18:45";"1";"95";"95018";"1";"1";"1";"5";" A15";"48,9579600";"2,2750600"
"202000028677";"6";"9";"2020";"19:30";"1";"93";"93078";"1";"1";"1";"2";"AUTOROUTE A104";"48,9697900";"2,5035300"
"202000028678";"6";"9";"2020";"05:40";"5";"93";"93027";"1";"1";"1";"6";"AUTOROUTE A1";"48,9348900";"2,4003200"
"202000028679";"5";"9";"2020";"11:45";"1";"92";"92036";"1";"1";"1";"2";"AUTOROUTE A15";"48,9428904";"2,2886298"
"202000028680";"6";"9";"2020";"19:45";"1";"94";"94052";"1";"1";"1";"2";"A86 INT";"48,8343000";"2,4931000"
"202000028681";"6";"9";"2020";"16:00";"1";"75";"75112";"1";"1";"1";"5";"A4";"48,8233800";"2,4628370"
"202000028682";"6";"9";"2020";"00:30";"5";"988";"98818";"2";"3";"2";"2";"ROUTE DE L'ANSE VATA";" -22,2913200";"166,4477400"
"202000028683";"4";"9";"2020";"13:19";"1";"988";"98818";"2";"3";"1";"6";"AVENUE FOCH/RUE ANATOLE FRANCE";" -22,2715000";"166,4424800"
"202000028684";"31";"8";"2020";"07:14";"1";"988";"98818";"2";"6";"1";"3";"ROUTE EXPRESS DU MONT-DORE/RUE JEAN TRANAPE";" -22,2463900";"166,4715300"
"202000028685";"5";"9";"2020";"15:40";"1";"974";"97416";"2";"1";"2";"1";"PRESIDENT MITTERAND(AVENUE)";" -21,3060600";"55,4884200"
"202000028686";"5";"9";"2020";"02:00";"5";"974";"97411";"2";"1";"1";"6";"Avenue Richard Wagner";" -20,8969260";"55,4812850"
"202000028687";"4";"9";"2020";"19:10";"5";"974";"97411";"2";"2";"2";"3";"JAURES (BOULEVARD JEAN)";" -20,8906475";"55,4549785"
"202000028688";"4";"9";"2020";"17:48";"1";"973";"97302";"1";"6";"1";"3";"MARINGOUINS (ROND-POINT)";"4,9077409";" -52,3225057"
"202000028689";"5";"9";"2020";"02:10";"3";"973";"97302";"1";"6";"1";"6";"Voie Expresse";"4,9071200";" -52,3219900"
"202000028690";"5";"9";"2020";"15:00";"1";"69";"69386";"2";"2";"1";"3";"CUVIER                              (R )";"45,7665800";"4,8424200"
"202000028691";"5";"9";"2020";"03:05";"5";"69";"69382";"2";"2";"1";"3";"JULES COURMONT                      (QU)";"45,7601542";"4,8379188"
"202000028692";"4";"9";"2020";"10:25";"1";"2B";"2B033";"2";"3";"1";"3";"PLACE D'ARMES";"42,6929500";"9,4500800"
"202000028693";"5";"9";"2020";"19:40";"2";"91";"91286";"1";"1";"8";"6";"TUILERIES (AVENUE DES)";"48,6492300";"2,3928800"
"202000028694";"4";"9";"2020";"16:00";"1";"83";"83069";"1";"1";"1";"6";"NICE (ROUTE DE)";"43,1301900";"6,1683100"
"202000028695";"5";"9";"2020";"10:15";"1";"79";"79259";"2";"1";"1";"7";"57 Route de Bressuire";"46,9563110";" -0,2188100"
"202000028696";"5";"9";"2020";"08:30";"1";"77";"77083";"2";"1";"1";"7";"EDOUARD BRANLY (ALLEE)";"48,8515898";"2,5824586"
"202000028697";"4";"9";"2020";"17:08";"1";"76";"76329";"2";"9";"1";"3";"ABBAYE (RUE DE L')";"49,5498400";"0,4919000"
"202000028698";"6";"9";"2020";"01:15";"5";"72";"72181";"2";"2";"1";"3";"COURBOULAY PAUL (RUE)";"48,0058500";"0,1918900"
"202000028699";"5";"9";"2020";"17:00";"1";"69";"69266";"2";"9";"1";"6";"ALBERT EINSTEIN    (Avenue)";"45,7843400";"4,8866400"
"202000028700";"5";"9";"2020";"23:05";"4";"68";"68224";"2";"3";"1";"6";"KENNEDY (AVENUE DU PRESIDENT)";"47,7498100";"7,3358900"
"202000028701";"5";"9";"2020";"17:30";"1";"64";"64445";"2";"4";"1";"6";"ALSACE LORRAINE D'";"43,3016400";" -0,3577500"
"202000028702";"4";"9";"2020";"19:40";"1";"64";"64024";"2";"1";"1";"2";"VAGUES (AVENUE DES)";"43,4991500";" -1,5418600"
"202000028703";"4";"9";"2020";"22:15";"5";"62";"62108";"2";"2";"1";"3";"IMPERATRICE";"50,4047480";"1,5618330"
"202000028704";"4";"9";"2020";"23:05";"5";"61";"61006";"2";"1";"1";"5";"SEES (ROUTE DE)";"48,7180800";" -0,0085100"
"202000028705";"26";"8";"2020";"15:15";"1";"60";"60175";"2";"1";"1";"6";"GENERAL DE GAULLE (PLACE DU)";"49,2629700";"2,4692000"
"202000028706";"4";"9";"2020";"23:42";"5";"59";"59350";"2";"2";"1";"2";"ARRAS RUE D";"50,6194900";"3,0647400"
"202000028707";"4";"9";"2020";"14:20";"1";"59";"59183";"2";"6";"1";"3";"RD 601";"51,0228000";"2,3182000"
"202000028708";"5";"9";"2020";"20:20";"2";"54";"54357";"2";"6";"1";"3";"LECLERC (RUE DU GENERAL)";"48,7086277";"6,1656623"
"202000028709";"5";"9";"2020";"17:38";"1";"54";"54357";"2";"3";"1";"3";"SCARPONE (BD DE)";"48,7057833";"6,1623719"
"202000028710";"5";"9";"2020";"15:32";"1";"54";"54547";"2";"1";"1";"1";"NATIONS (RUE DES)";"48,6636400";"6,1733100"
"202000028711";"5";"9";"2020";"14:57";"1";"51";"51454";"2";"6";"1";"3";"Rue Francis Garnier";"49,2881068";"4,0245083"
"202000028712";"5";"9";"2020";"13:20";"1";"50";"50218";"2";"1";"1";"1";"MATIGNON (AV DES)";"48,8381000";" -1,5836000"
"202000028713";"5";"9";"2020";"16:10";"1";"45";"45234";"2";"9";"1";"4";"47 Boulevard Marie Stuart";"47,9115170";"1,9251290"
"202000028714";"5";"9";"2020";"12:45";"1";"45";"45234";"2";"9";"8";"2";"Rue du Faubourg Saint Jean";"47,9070650";"1,8883180"
"202000028715";"3";"9";"2020";"20:50";"2";"39";"39198";"2";"1";"1";"6";"176 Rue Léon Guignard";"47,1079510";"5,4770390"
"202000028716";"2";"9";"2020";"11:10";"1";"39";"39198";"2";"1";"1";"6";"47 Avenue du General Eisenhower";"47,0967900";"5,5013800"
"202000028717";"27";"8";"2020";"10:45";"1";"39";"39198";"2";"1";"1";"6";"14 Rue Maurice Pagnon";"47,0860100";"5,4857000"
"202000028718";"5";"9";"2020";"09:10";"1";"37";"37261";"2";"6";"1";"3";"SAINT-SAUVEUR (ROND POINT)";"47,3738660";"0,6785202"
"202000028719";"4";"9";"2020";"17:30";"1";"34";"34172";"2";"1";"1";"7";"TURCHINI (AVENUE DU DOYEN)";"43,6377180";"3,8472450"
"202000028720";"5";"9";"2020";"13:40";"1";"33";"33281";"2";"2";"1";"3";"AVE DE LA SOMME / AVE HENRI VIGNEAU / AVE DE L'ALOUETTE";"44,8288800";" -0,6644700"
"202000028721";"4";"9";"2020";"19:47";"4";"33";"33069";"2";"3";"1";"3";"AVE DE TIVOLI / RUE MONTESQUIEU";"44,8693100";" -0,5973300"
"202000028722";"5";"9";"2020";"10:05";"1";"33";"33281";"2";"3";"1";"3";"AVE MONTESQUIEU / RUE DE L'EMAILLERIE";"44,8463753";" -0,6350635"
"202000028723";"5";"9";"2020";"10:15";"1";"33";"33063";"2";"7";"1";"3";"PCE RAVEZIES / BD GODARD";"44,8657400";" -0,5763400"
"202000028724";"5";"9";"2020";"15:00";"1";"33";"33009";"2";"1";"1";"6";"DELATTRE DE TASSIGNY (RUE MAL)";"44,6607600";" -1,1726300"
"202000028725";"5";"9";"2020";"05:41";"3";"29";"29019";"2";"1";"1";"6";"Rue de l'Anse Saupin";"48,3956024";" -4,5102818"
"202000028726";"2";"9";"2020";"11:30";"1";"22";"22113";"2";"1";"1";"3";"DE LA FAYETTE (BOULEVARD)";"48,7407200";" -3,4452300"
"202000028727";"5";"9";"2020";"16:05";"1";"17";"17300";"2";"1";"1";"3";"CORDELIERS  AVENUE DES";"46,1665400";" -1,1411500"
"202000028728";"5";"9";"2020";"11:30";"1";"14";"14254";"1";"1";"1";"2";"Route Nationale 814";"49,1514500";" -0,4166500"
"202000028729";"5";"9";"2020";"20:45";"5";"13";"13208";"2";"1";"1";"6";"HENRI FRENAY (ROND-POINT)";"43,2900000";"5,3600000"
"202000028730";"5";"9";"2020";"21:25";"5";"13";"13206";"2";"2";"1";"7";"GOUFFE (COURS)";"43,2863800";"5,3857100"
"202000028731";"5";"9";"2020";"14:30";"1";"13";"13215";"2";"3";"1";"3";"SAINT ANTOINE (AVENUE DE)";"43,3764000";"5,3561000"
"202000028732";"5";"9";"2020";"12:50";"1";"13";"13205";"2";"3";"1";"3";"JEAN MOULIN (BOULEVARD)";"43,2853650";"5,3988150"
"202000028733";"5";"9";"2020";"10:00";"1";"13";"13208";"2";"1";"1";"6";"PARADIS (RUE)";"43,2743130";"5,3848280"
"202000028734";"4";"9";"2020";"18:20";"1";"13";"13047";"2";"1";"1";"6";"CRAU AVENUE DE LA";"43,5961600";"4,9374000"
"202000028735";"5";"9";"2020";"07:55";"2";"11";"11069";"1";"1";"1";"7";"RD 6113";"43,2334300";"2,3688400"
"202000028736";"1";"9";"2020";"23:35";"5";"07";"07019";"2";"9";"1";"6";"LAZUEL ( ROUTE DE )";"44,6269100";"4,3787000"
"202000028737";"5";"9";"2020";"04:45";"5";"06";"06069";"1";"1";"1";"6";"DRAGUIGNAN (ROUTE DE) - D2562-";"43,6440200";"6,9029000"
"202000028738";"5";"9";"2020";"10:20";"1";"06";"06027";"2";"1";"1";"7";"CHENES AVENUE DES";"43,6618000";"7,1675500"
"202000028739";"5";"9";"2020";"07:50";"1";"75";"75113";"2";"1";"2";"6";"BOULEVARD VINCENT AURIOL";"48,8309670";"2,3569190"
"202000028740";"4";"9";"2020";"23:40";"5";"75";"75105";"2";"3";"1";"3";"BOULEVARD DE L HOPITAL";"48,8432010";"2,3641020"
"202000028741";"5";"9";"2020";"00:30";"5";"75";"75120";"2";"1";"1";"3";"RUE DE MENILMONTANT";"48,8678310";"2,3862350"
"202000028742";"5";"9";"2020";"17:10";"1";"75";"75120";"2";"1";"1";"2";"BOULEVARD PERIPHERIQUE";"48,8534840";"2,4143080"
"202000028743";"5";"9";"2020";"16:15";"1";"75";"75117";"2";"2";"1";"3";"RUE DE SAUSSURE";"48,8866390";"2,3130850"
"202000028744";"5";"9";"2020";"00:50";"5";"75";"75116";"2";"1";"1";"3";"AVENUE VICTOR HUGO";"48,8649190";"2,2741410"
"202000028745";"5";"9";"2020";"10:35";"1";"75";"75112";"2";"3";"1";"7";"AVENUE DAUMESNIL";"48,8473440";"2,3753230"
"202000028746";"5";"9";"2020";"10:45";"1";"75";"75110";"2";"1";"1";"3";"RUE DU BUISSON SAINT LOUIS";"48,8726200";"2,3740030"
"202000028747";"5";"9";"2020";"19:45";"2";"94";"94052";"2";"1";"1";"2";"Boulevard de Strasbourg";"48,8451070";"2,4889531"
"202000028748";"4";"9";"2020";"19:30";"2";"94";"94038";"2";"2";"1";"3";"COMMANDANT LOUIS BOUCHE (R DU)";"48,7798210";"2,3490950"
"202000028749";"5";"9";"2020";"11:20";"1";"94";"94033";"2";"1";"1";"3";"ERNEST RENAN (AV)";"48,8560000";"2,4650000"
"202000028750";"5";"9";"2020";"19:00";"1";"94";"94001";"2";"3";"1";"3";"LONGJUMEAU (RTE DE)";"48,7210090";"2,4172370"
"202000028751";"5";"9";"2020";"17:00";"1";"94";"94022";"2";"2";"1";"3";"DOCTEUR CHARCOT (AV)";"48,7700260";"2,4181020"
"202000028752";"5";"9";"2020";"17:00";"1";"94";"94018";"2";"1";"1";"7";"GUERIN (R)";"48,8239160";"2,4157250"
"202000028753";"5";"9";"2020";"03:58";"5";"93";"93055";"2";"1";"1";"7";"JEAN JAURES (AVENUE) (2/74)";"48,9017700";"2,3901300"
"202000028754";"5";"9";"2020";"19:25";"1";"93";"93050";"2";"1";"1";"6";"HUIT MAI 1945";"48,8655600";"2,5344900"
"202000028755";"5";"9";"2020";"15:40";"1";"93";"93031";"2";"3";"1";"6";"SAINT LEU (ROUTE DE) 1 à 157";"48,9508816";"2,3398324"