"Num_Acc";"jour";"mois";"an";"hrmn";"lum";"dep";"com";"agg";"int";"atm";"col";"adr";"lat";"long"
"202000028756";"5";"9";"2020";"14:55";"1";"93";"93007";"2";"1";"1";"5";"VICTOIRE (RUE DE LA)";"48,9385026";"2,4427633"
"202000028757";"5";"9";"2020";"18:00";"1";"92";"92049";"2";"3";"1";"3";"BROSSOLETTE AVENUE PIERRE";"48,8128230";"2,3015910"
"202000028758";"5";"9";"2020";"20:20";"5";"92";"92012";"2";"2";"1";"3";"THIERS (RUE) 67/FIN - 84/FIN";"48,8344800";"2,2502400"
"202000028759";"5";"9";"2020";"12:50";"1";"50";"50117";"1";"1";"1";"1";"Avenue de la Libération";"48,7339600";" -1,5307210"
"202000028760";"5";"9";"2020";"18:09";"1";"12";"12300";"1";"1";"1";"6";"D922";"44,3276170";"2,0232980"
"202000028761";"5";"9";"2020";"11:45";"1";"33";"33334";"2";"1";"1";"3";"74 Route des Graves";"44,6877500";" -0,4169400"
"202000028762";"6";"9";"2020";"12:50";"1";"18";"18241";"1";"2";"1";"3";"D920";"47,3309650";"2,8448640"
"202000028763";"6";"9";"2020";"11:37";"1";"81";"81209";"1";"1";"1";"7";"rd 54 - pr 020+500";"43,5175050";"2,4254360"
"202000028764";"6";"9";"2020";"19:20";"3";"974";"97412";"2";"1";"1";"6";"Rue Charles Baudelaire";" -21,3805110";"55,6504190"
"202000028765";"5";"9";"2020";"21:05";"3";"974";"97405";"1";"1";"3";"5";"Rue Augustin Mézino";" -21,3641610";"55,5404270"
"202000028766";"6";"9";"2020";"05:30";"2";"972";"97222";"1";"1";"1";"7";"D3";"14,6878110";" -60,9762450"
"202000028767";"5";"9";"2020";"18:10";"1";"86";"86006";"2";"1";"1";"6";"D951";"46,5606460";"0,8597120"
"202000028768";"6";"9";"2020";"09:15";"1";"83";"83048";"1";"1";"1";"6";"Mas de Gigaro";"43,1891690";"6,6061900"
"202000028769";"6";"9";"2020";"07:40";"1";"83";"83019";"1";"1";"1";"6";"Route du Dom";"43,1720749";"6,3319097"
"202000028770";"5";"9";"2020";"21:15";"5";"85";"85186";"2";"4";"1";"3";"Rue de l'Espérance";"46,8605950";" -1,2623760"
"202000028771";"5";"9";"2020";"17:30";"1";"34";"34036";"1";"1";"1";"6";"A75";"43,6678100";"3,4304430"
"202000028772";"6";"9";"2020";"15:00";"1";"57";"57498";"1";"1";"1";"7";"D17";"49,3179470";"6,0308930"
"202000028773";"6";"9";"2020";"07:05";"1";"91";"91617";"1";"1";"1";"6";"Croix de villeroy";"48,6417340";"2,5213080"
"202000028774";"3";"9";"2020";"12:20";"1";"56";"56003";"2";"3";"1";"3";"Route de la Lande du Bourg";"47,6344240";" -2,8231835"
"202000028775";"6";"9";"2020";"02:35";"5";"74";"74288";"2";"1";"1";"7";"321 Route de Bellegarde";"46,1063530";"5,9644930"
"202000028776";"6";"9";"2020";"10:00";"1";"80";"80732";"1";"1";"1";"6";"D1015";"49,8961650";"1,7018880"
"202000028777";"6";"9";"2020";"17:10";"1";"69";"69006";"2";"1";"1";"1";"19 Route de Cublize";"45,9835460";"4,3406590"
"202000028778";"5";"9";"2020";"20:50";"3";"71";"71332";"2";"1";"1";"6";"265 Rue de la Motte";"46,6299145";"4,9622571"
"202000028779";"5";"9";"2020";"16:30";"1";"34";"34119";"2";"1";"1";"6";"1 Avenue de l'Espinouse";"43,5934910";"3,1141120"
"202000028780";"6";"9";"2020";"11:00";"1";"68";"68354";"1";"1";"1";"6";"D10";"48,0687310";"7,2323510"
"202000028781";"4";"9";"2020";"22:45";"3";"44";"44063";"2";"7";"1";"6";"Le Gatz";"47,0712260";" -1,2422590"
"202000028782";"4";"9";"2020";"19:00";"1";"44";"44217";"2";"2";"1";"6";"RUE ANNE DE BRETAGNE";"47,3336680";" -1,6966150"
"202000028783";"6";"9";"2020";"09:58";"1";"38";"38457";"1";"1";"1";"7";"Route de Roybon";"45,3118090";"5,2652410"
"202000028784";"6";"9";"2020";"17:45";"1";"38";"38128";"1";"1";"1";"6";"Corps";"44,8305220";"5,9669120"
"202000028785";"6";"9";"2020";"11:15";"1";"02";"02541";"2";"1";"1";"3";"6 Rue de Menneville";"49,4324360";"4,0304250"
"202000028786";"6";"9";"2020";"12:50";"1";"03";"03118";"2";"2";"1";"3";"N/A";"46,0822222";"3,1980888"
"202000028787";"6";"9";"2020";"05:20";"3";"26";"26069";"1";"1";"1";"6";"D518";"44,7952250";"5,3829250"
"202000028788";"6";"9";"2020";"14:25";"1";"26";"26166";"1";"3";"1";"3";"35 Boulevard Frédéric Mistral";"44,7336110";"4,8094960"
"202000028789";"6";"9";"2020";"17:30";"1";"72";"72158";"1";"1";"1";"6";"Lieu dit les aires";"48,0588150";"0,6381400"
"202000028790";"17";"8";"2020";"06:50";"1";"83";"83125";"1";"1";"1";"1";"RD 560";"43,5015790";"5,9066330"
"202000028791";"6";"9";"2020";"12:40";"1";"60";"60560";"1";"2";"1";"3";"D1324";"49,2233160";"2,7396770"
"202000028792";"5";"9";"2020";"17:45";"1";"73";"73230";"1";"1";"1";"1";"D927";"45,2616286";"6,1958407"
"202000028793";"6";"9";"2020";"11:05";"1";"18";"18001";"1";"1";"1";"2";"Halte d'Achères les Poteri";"47,2908880";"2,4511960"
"202000028794";"6";"9";"2020";"20:30";"2";"16";"16148";"1";"1";"1";"6";"N/A";"45,8010120";"0,0477650"
"202000028795";"6";"9";"2020";"13:53";"1";"16";"16046";"1";"9";"1";"1";"Lieu dit Le Pineau";"45,4863800";"0,0341390"
"202000028796";"5";"9";"2020";"19:00";"1";"21";"21338";"1";"1";"1";"7";"D6";"47,5308388";"4,8298497"
"202000028797";"5";"9";"2020";"10:30";"1";"24";"24007";"1";"2";"1";"1";"route de la chapelle";"45,2802920";"0,3007080"
"202000028798";"5";"9";"2020";"21:45";"3";"17";"17279";"1";"1";"1";"6";"D137";"45,4354120";" -0,5659680"
"202000028799";"4";"9";"2020";"17:10";"1";"23";"23179";"1";"4";"7";"2";"D988";"45,9681400";"2,2330570"
"202000028800";"6";"9";"2020";"18:20";"1";"87";"87150";"1";"3";"1";"3";"Grande Rue de la Grenerie";"45,6202990";"1,1364580"
"202000028801";"5";"9";"2020";"17:35";"1";"87";"87140";"1";"1";"1";"1";"Route de Bessillac";"45,8853590";"0,9790060"
"202000028802";"5";"8";"2020";"15:15";"1";"48";"48146";"1";"1";"1";"7";"D986";"44,3547340";"3,4066410"
"202000028803";"6";"9";"2020";"10:00";"1";"08";"08142";"2";"9";"7";"6";"1 Rue du Général de Gaulle";"49,6947350";"4,8746690"
"202000028804";"6";"9";"2020";"09:55";"1";"18";"18268";"1";"1";"1";"6";"A71";"46,8484740";"2,4228820"
"202000028805";"6";"9";"2020";"06:30";"2";"02";"02290";"1";"1";"1";"2";"A4";"49,0548120";"3,3203550"
"202000028806";"5";"9";"2020";"09:20";"1";"11";"11262";"1";"1";"1";"6";"A 9";"43,1639330";"2,9961350"
"202000028807";"6";"9";"2020";"15:00";"1";"38";"38530";"1";"1";"1";"7";"A43";"45,6215960";"5,1824100"
"202000028808";"5";"9";"2020";"13:50";"1";"13";"13051";"1";"1";"1";"2";"A7 sens N/S PK 240+000";"43,5946280";"5,1712560"
"202000028809";"5";"9";"2020";"19:00";"3";"971";"97115";"1";"3";"1";"2";"Route Nationale 2";"16,2675690";" -61,6495980"
"202000028810";"6";"9";"2020";"05:15";"5";"39";"39097";"2";"1";"1";"6";"27 Rue Baronne Delort";"46,7463860";"5,9075810"
"202000028811";"5";"9";"2020";"13:00";"1";"25";"25047";"1";"1";"1";"6";"D19E";"47,3423430";"6,3806910"
"202000028812";"6";"9";"2020";"18:30";"1";"57";"57058";"2";"1";"1";"1";"17 Rue de la Liberté";"49,1719340";"6,9292930"
"202000028813";"5";"9";"2020";"14:00";"1";"69";"69245";"1";"1";"7";"1";"CD 385 PK 33";"45,9422263";"4,5396127"
"202000028814";"5";"8";"2020";"21:53";"2";"17";"17460";"1";"1";"1";"2";"N150";"45,7025290";" -0,7245930"
"202000028815";"5";"9";"2020";"06:20";"3";"33";"33056";"1";"1";"1";"5";"Avenue de Labarde (Pont)";"44,9333460";" -0,5612850"
"202000028816";"5";"9";"2020";"18:35";"1";"27";"27123";"1";"9";"1";"2";"N13";"49,0121290";"1,3086350"
"202000028817";"5";"9";"2020";"16:47";"1";"13";"13210";"1";"1";"1";"2";"S10CD-Sens Aubagne vers Marseille";"43,2837975";"5,3831050"
"202000028818";"4";"9";"2020";"08:17";"1";"13";"13055";"1";"1";"2";"4";"A507 sens Marseille - Aubagne";"43,2979095";"5,4249914"
"202000028819";"4";"9";"2020";"19:20";"1";"69";"69115";"1";"1";"1";"4";"A6   427.300 A 428.640";"45,9694900";"4,7285400"
"202000028820";"4";"9";"2020";"11:37";"1";"67";"67482";"1";"1";"1";"4";"Autoroute A.35";"48,5759385";"7,7280886"
"202000028821";"5";"9";"2020";"17:00";"1";"33";"33162";"1";"1";"1";"2";"ROCADE A 630";"44,8733800";" -0,6383800"
"202000028822";"5";"9";"2020";"15:45";"1";"93";"93013";"1";"1";"1";"4";"AUTOROUTE A1";"48,9402400";"2,4227700"
"202000028823";"5";"9";"2020";"08:40";"1";"95";"95394";"1";"1";"8";"6";"A115";"49,0516000";"2,1823100"
"202000028824";"5";"9";"2020";"04:45";"3";"95";"95256";"1";"1";"1";"6";" A115";"49,0455500";"2,1862700"
"202000028825";"5";"9";"2020";"01:00";"3";"93";"93007";"1";"1";"1";"3";"AUTOROUTE A1";"48,9554400";"2,4585800"
"202000028826";"4";"9";"2020";"19:00";"1";"93";"93064";"1";"1";"1";"4";"AUTOROUTE A86";"48,8792500";"2,4760400"
"202000028827";"5";"9";"2020";"13:30";"1";"94";"94069";"1";"1";"1";"3";"A4";"48,8173704";"2,4286140"
"202000028828";"4";"9";"2020";"13:45";"1";"94";"94017";"1";"1";"1";"5";"A4";"48,8274000";"2,5250000"
"202000028829";"25";"2";"2020";"09:05";"1";"75";"75112";"2";"2";"1";"3";"COURS DE VINCENNES";"48,8480050";"2,3991190"
"202000028830";"25";"2";"2020";"12:31";"1";"75";"75108";"2";"7";"1";"3";"PLACE DE LA CONCORDE";"48,8658670";"2,3198960"
"202000028831";"1";"9";"2020";"07:18";"1";"988";"98818";"2";"4";"1";"4";"ECHANGEUR MONTRAVEL";" -22,2491300";"166,4513600"
"202000028832";"31";"8";"2020";"16:05";"1";"976";"97611";"2";"4";"1";"1";"les hauts vallons-Credit Agricole ( ront";" -12,7566088";"45,2293023"
"202000028833";"4";"9";"2020";"06:20";"5";"974";"97416";"2";"1";"2";"3";"DU LYCEE(RUE)";" -21,3434300";"55,4931200"
"202000028834";"4";"9";"2020";"15:40";"1";"974";"97411";"2";"9";"1";"6";"PITON (CHEMIN DU)";" -20,9176100";"55,4757000"
"202000028835";"4";"9";"2020";"08:05";"1";"974";"97411";"2";"3";"1";"5";"DOMENJOD (ROUTE DE)";" -20,9114000";"55,5053000"
"202000028836";"2";"9";"2020";"16:58";"1";"974";"97411";"2";"2";"1";"3";"LATTRE DE TASSIGNY (AVENUE MARECHAL DE)";" -20,8863400";"55,4698000"
"202000028837";"2";"9";"2020";"14:28";"1";"974";"97411";"2";"2";"1";"6";"COMPAGNIE (DE LA)";" -20,8781400";"55,4497300"
"202000028838";"4";"9";"2020";"18:15";"2";"974";"97407";"2";"1";"1";"3";"MAHY FRANCOIS (RUE)";" -20,9377300";"55,2910100"
"202000028839";"4";"9";"2020";"07:30";"1";"973";"97302";"2";"2";"1";"3";"MONTABO (ROUTE DE) 1";"4,9350841";" -52,2933018"
"202000028840";"5";"9";"2020";"01:20";"5";"69";"69199";"2";"1";"1";"7";"CHARLES PLASSE                      (R )";"45,7094115";"4,8521347"
"202000028841";"3";"9";"2020";"09:05";"1";"69";"69384";"2";"1";"1";"4";"BIRMINGHAM (DE)                     (AV)";"45,7747000";"4,8119300"
"202000028842";"4";"9";"2020";"16:45";"1";"2B";"2B120";"2";"1";"1";"2";"VILLAGE (Route du) D364";"42,6551000";"9,4369100"
"202000028843";"4";"9";"2020";"06:45";"1";"971";"97113";"1";"1";"1";"3";"RN4 - SECTION RIVIERA";"16,2169000";" -61,4825000"
"202000028844";"4";"9";"2020";"07:50";"1";"2A";"2A004";"2";"2";"1";"6";"MONTEE SAINT JEAN";"41,9328575";"8,7374380"
"202000028845";"4";"9";"2020";"17:30";"1";"91";"91477";"2";"1";"1";" -1";"HUIT MAI 1945 (AVENUE DU)";"48,7078900";"2,2405700"
"202000028846";"4";"9";"2020";"14:00";"1";"91";"91223";"2";"1";"1";"7";"SAINT MICHEL (BOULEVARD)";"48,4465240";"2,1708050"
"202000028847";"3";"9";"2020";"08:50";"1";"91";"91223";"1";"1";"1";"7";"R.N.20";"48,4089100";"2,1257700"
"202000028848";"4";"9";"2020";"12:22";"1";"87";"87085";"2";"2";"1";"3";"TOULOUSE LAUTREC (RUE)";"45,8512800";"1,1665500"
"202000028849";"3";"9";"2020";"11:56";"1";"87";"87085";"2";"2";"1";"3";"ALLENDE (QUAI SALVADOR)";"45,8211400";"1,2629700"
"202000028850";"3";"9";"2020";"08:27";"1";"87";"87085";"2";"1";"1";"2";"BUXEROLLES (RUE DE)";"45,8686600";"1,2603000"
"202000028851";"3";"9";"2020";"16:40";"1";"86";"86041";"2";"3";"1";"6";"La Dinière";"46,5942900";"0,3807500"
"202000028852";"3";"9";"2020";"08:30";"1";"83";"83126";"1";"1";"1";" -1";"AV DE LA 1ERE ARMEE FRANCAISE";"43,1124693";"5,8834259"
"202000028853";"4";"9";"2020";"19:00";"1";"83";"83050";"2";"1";"1";"2";"GALLIENI( AVENUE DU MARECHAL)";"43,5247900";"6,5113100"
"202000028854";"2";"9";"2020";"11:40";"1";"80";"80021";"2";"1";"1";"3";"QUATORZE JUILLET 1789 (AVENUE DU)";"49,8760739";"2,2822180"
"202000028855";"7";"4";"2020";"17:15";"1";"972";"97206";"1";"1";"1";"7";"Taupiniere";"14,4804030";" -60,9923490"
"202000028856";"7";"4";"2020";"20:15";"2";"76";"76331";"2";"1";"1";"6";"Route de l'Etablissement";"49,6154890";"1,1051990"
"202000028857";"6";"4";"2020";"21:50";"3";"28";"28232";"1";"1";"1";"6";"La Controlerie";"48,5341680";"0,9329960"
"202000028858";"7";"4";"2020";"18:10";"1";"74";"74264";"2";"3";"1";"6";"Rue de la Croix";"46,0573290";"6,5519670"
"202000028859";"8";"4";"2020";"13:10";"1";"27";"27188";"1";"1";"1";"2";"A13";"49,2958820";"1,1215930"
"202000028860";"8";"3";"2020";"12:00";"1";"2B";"2B148";"1";"3";"1";"3";"Strada Di U Pinu";"42,5573950";"9,5220990"
"202000028861";"7";"4";"2020";"22:10";"5";"14";"14530";"2";"1";"1";"6";"4 Rue de la Vallée";"49,2323340";" -0,2619790"
"202000028862";"7";"4";"2020";"15:20";"1";"94";"94073";"1";"1";"1";"3";"A86 EXT";"48,7567507";"2,3838486"
"202000028863";"2";"1";"2020";"18:40";"5";"49";"49007";"2";"1";"1";"3";"GRESILLE AVENUE";"47,4595588";" -0,5986476"
"202000028864";"2";"1";"2020";"09:05";"1";"49";"49007";"2";"1";"1";" -1";"BEL AIR";"47,4672200";" -0,5637800"
"202000028865";"1";"1";"2020";"22:50";"5";"49";"49007";"2";"1";"2";"7";"MONTAIGNE AVENUE";"47,4686200";" -0,5312000"
"202000028866";"3";"1";"2020";"18:15";"3";"35";"35051";"1";"1";"2";"3";"RN157 Cesson-Sévigné";"48,1149000";" -1,5624000"
"202000028867";"1";"1";"2020";"03:30";"5";"13";"13209";"2";"1";"1";"3";"SCHLOESING (BOULEVARD)";"43,2732260";"5,4007000"
"202000028868";"27";"1";"2020";"18:40";"5";"86";"86194";"2";"2";"1";"3";"Rue de la Devinière";"46,5670135";"0,3763314"
"202000028869";"11";"1";"2020";"20:30";"5";"30";"30011";"2";"1";"1";"6";"PLACE ROGER ISNARD";"43,9586000";"4,7680000"
"202000028870";"20";"1";"2020";"16:30";"2";"78";"78440";"2";"1";"1";"6";"JEAN JAURES  (RUE)";"48,9904270";"1,9086420"
"202000028871";"17";"1";"2020";"18:30";"5";"64";"64284";"2";"6";"2";"6";"GASTON PHOEBUS";"43,2863900";" -0,3895800"
"202000028872";"11";"1";"2020";"14:30";"5";"64";"64445";"2";"1";"1";"6";"GEORGES CLEMENCEAU";"43,2954500";" -0,3680700"
"202000028873";"17";"1";"2020";"15:35";"1";"59";"59350";"2";"1";"1";"6";"CHANZY RUE";"50,6256779";"3,1037879"
"202000028874";"31";"1";"2020";"13:35";"1";"51";"51454";"2";"1";"1";"7";"Avenue Jean Jaurès";"49,2595882";"4,0453207"
"202000028875";"6";"4";"2020";"17:20";"1";"91";"91589";"2";"1";"1";"6";"RENOIR (RUE JEAN)";"48,6723000";"2,3400000"
"202000028876";"1";"4";"2020";"12:12";"1";"91";"91114";"2";"1";"1";"2";"ROUTE NATIONALE 6";"48,6783640";"2,4963070"
"202000028877";"5";"4";"2020";"12:31";"1";"87";"87085";"1";"1";"1";"2";"SCHUMAN (BOULEVARD ROBERT)";"45,8639700";"1,2748100"
"202000028878";"5";"4";"2020";"13:40";"1";"87";"87085";"1";"6";"1";"6";"SCHUMAN (BOULEVARD ROBERT)";"45,8685568";"1,2778848"
"202000028879";"6";"4";"2020";"04:17";"5";"76";"76681";"2";"1";"1";"7";"GUESDE. RUE JULES";"49,3975800";"1,0831900"
"202000028880";"6";"4";"2020";"22:00";"5";"64";"64445";"2";"1";"1";"6";"JEAN JACQUES DE MONAIX";"43,3034000";" -0,3570100"
"202000028881";"12";"3";"2020";"08:45";"1";"62";"62427";"2";"1";"1";"6";"DEMARQUETTE (R NAPOLEON)";"50,4198260";"2,9452050"
"202000028882";"6";"4";"2020";"07:00";"2";"45";"45274";"1";"1";"1";"7";"D951-PR84+700";"47,8592000";"1,9852000"
"202000028883";"5";"4";"2020";"01:03";"5";"31";"31555";"2";"1";"1";"6";"AV DE LA GLOIRE";"43,6069800";"1,4725522"
"202000028884";"4";"4";"2020";"21:49";"5";"31";"31557";"2";"1";"1";"6";"TARBES (ROUTE DE)";"43,5772907";"1,3259426"
"202000028885";"6";"4";"2020";"16:15";"1";"29";"29232";"1";"1";"1";"6";"Avenue du Morbihan";"47,9793900";" -4,0710400"
"202000028886";"6";"4";"2020";"13:15";"1";"13";"13028";"2";"6";"1";"3";"Rond Point DULAC/ROVARCH";"43,1922400";"5,6090000"
"202000028887";"6";"4";"2020";"13:10";"1";"94";"94022";"2";"1";"2";"3";"GAMBETTA (AV)";"48,7635850";"2,4027750"
"202000028888";"2";"4";"2020";"03:35";"5";"93";"93007";"2";"1";"1";"6";"PETRODVORETZ (RUE)";"48,9490100";"2,4536700"
"202000028889";"4";"4";"2020";"18:15";"1";"93";"93005";"2";"2";"7";"6";"SEVRAN (CD44) (RUE DE)";"48,9402381";"2,5021954"
"202000028890";"4";"4";"2020";"12:30";"1";"92";"92035";"2";"2";"1";"3";"Général de Gaulle  ( avenue du )";"48,9111900";"2,2546590"
"202000028891";"7";"4";"2020";"04:30";"3";"51";"51072";"1";"1";"1";"7";"D980";"49,2050071";"3,8959435"
"202000028892";"6";"4";"2020";"10:40";"1";"25";"25426";"2";"1";"1";"2";"Rue des Pessottes";"47,3540160";"6,7607220"
"202000028893";"6";"4";"2020";"13:30";"1";"44";"44116";"2";"1";"1";"1";"rue des remparts";"47,2841620";" -2,0357400"
"202000028894";"6";"4";"2020";"15:45";"1";"35";"35270";"2";"1";"1";"6";"Lieu dit Villé";"48,5649578";" -1,5513862"
"202000028895";"28";"3";"2020";"00:35";"3";"29";"29214";"1";"1";"1";"6";"D143";"47,9502920";" -4,3539330"
"202000028896";"7";"4";"2020";"08:15";"1";"06";"06105";"1";"1";"1";"7";"Route de la Colle sur Loup";"43,6874100";"7,0703190"
"202000028897";"6";"4";"2020";"06:40";"3";"60";"60191";"1";"1";"1";"3";"D1017";"49,5455200";"2,7038719"
"202000028898";"6";"4";"2020";"20:30";"1";"64";"64372";"1";"1";"1";"6";"D7";"43,3737590";" -0,0841680"
"202000028899";"22";"3";"2020";"15:50";"1";"10";"10262";"1";"1";"1";"6";"Notre-Dame-des-Vignes (Monument)";"48,0503090";"4,4392920"
"202000028900";"7";"4";"2020";"07:00";"1";"07";"07225";"1";"1";"1";"6";"Chante-caille";"45,2693866";"4,6798324"
"202000028901";"6";"4";"2020";"16:35";"1";"28";"28280";"1";"1";"1";"6";"2 Le Puits Massiot";"48,3124670";"0,7824920"
"202000028902";"6";"4";"2020";"13:50";"1";"68";"68037";"1";"1";"1";"2";"A35";"47,9585190";"7,3681350"
"202000028903";"7";"4";"2020";"18:40";"1";"49";"49041";"1";"2";"1";"3";"carrefour de gruais";"47,3165990";"0,0890710"
"202000028904";"6";"4";"2020";"08:51";"1";"49";"49194";"1";"1";"3";"7";"2 Route de la Reculée";"47,4528570";" -0,2786170"
"202000028905";"6";"4";"2020";"21:30";"3";"83";"83068";"2";"9";"1";"6";"36 Route des Oliviers";"43,2688820";"6,5306050"
"202000028906";"7";"4";"2020";"18:25";"1";"03";"03181";"1";"1";"1";"6";"5 Lieu Dit Grand Vent";"46,3635845";"3,6908269"
"202000028907";"3";"4";"2020";"15:45";"1";"22";"22161";"1";"2";"1";"3";"Avenue Pierre Loti";"48,5724740";" -3,1351940"
"202000028908";"6";"4";"2020";"16:05";"1";"92";"92019";"1";"1";"2";"6";"AUTOROUTE A86";"48,7606800";"2,2844200"
"202000028909";"6";"4";"2020";"07:55";"2";"95";"95678";"1";"1";"1";"2";"RN 184";"49,0731700";"2,2340800"
"202000028910";"5";"4";"2020";"16:35";"1";"69";"69259";"2";"1";"1";"6";"MAURICE THOREZ                      (AV)";"45,6999000";"4,8633000"
"202000028911";"5";"4";"2020";"14:44";"1";"69";"69286";"2";"1";"1";"6";"EUROPE (DE L')                      (AV)";"45,8174457";"4,9012613"
"202000028912";"5";"4";"2020";"15:55";"1";"69";"69266";"2";"8";"1";"3";"GEORGE SAND                          (R ";"45,7553094";"4,8873724"
"202000028913";"5";"4";"2020";"23:15";"5";"59";"59299";"2";"2";"1";"1";"ECOLES (RUE DES)";"50,6635500";"3,1908300"
"202000028914";"4";"4";"2020";"21:00";"1";"44";"44109";"2";"2";"1";"3";"Rond-point de Paris";"47,2338560";" -1,5358900"
"202000028915";"4";"4";"2020";"21:20";"3";"27";"27562";"1";"1";"1";"7";"D 64E";"49,0814000";"1,4450000"
"202000028916";"5";"4";"2020";"10:30";"1";"13";"13215";"2";"1";"1";"6";"LYON (RUE DE)";"43,3300390";"5,3652970"
"202000028917";"5";"4";"2020";"11:25";"1";"75";"75114";"2";"2";"1";"3";"RUE HALLE";"48,8289200";"2,3311540"
"202000028918";"5";"4";"2020";"08:18";"1";"75";"75113";"2";"7";"1";"3";"PORTE D ITALIE";"48,8164490";"2,3602900"
"202000028919";"5";"4";"2020";"15:35";"1";"94";"94078";"2";"3";"1";"3";"VALENTON (AV DE)";"48,7373200";"2,4548300"
"202000028920";"5";"4";"2020";"20:25";"2";"94";"94017";"2";"2";"1";"3";"REPUBLIQUE (AV DE LA)";"48,8252961";"2,5098816"
"202000028921";"5";"4";"2020";"16:20";"1";"94";"94011";"2";"1";"1";"6";"GOUTIER.(RUE MICHEL)";"48,7688335";"2,4795188"
"202000028922";"5";"4";"2020";"20:00";"1";"93";"93051";"2";"2";"1";"3";"MARECHAL JOFFRE (AVENUE)";"48,8465832";"2,5563134"
"202000028923";"4";"4";"2020";"19:50";"1";"93";"93010";"2";"1";"1";"6";"MOZART (AL.)";"48,9109190";"2,4797520"
"202000028924";"5";"4";"2020";"19:00";"1";"47";"47291";"1";"9";"1";"6";"Barboulat";"44,4939900";"0,7301100"
"202000028925";"6";"4";"2020";"09:05";"1";"41";"41252";"1";"1";"1";"6";"autoroute A10";"47,6878250";"1,4252610"
"202000028926";"6";"4";"2020";"01:45";"3";"62";"62595";"2";"1";"1";"6";"Route de Serques";"50,7906400";"2,1776100"
"202000028927";"15";"3";"2020";"13:00";"1";"57";"57530";"1";"1";"1";"3";"RD 154 E";"49,2121100";"6,5216460"
"202000028928";"5";"4";"2020";"16:30";"1";"80";"80630";"2";"1";"1";"6";"22 Rue Notre-dame";"49,7740410";"1,9878070"
"202000028929";"5";"4";"2020";"18:45";"1";"31";"31303";"1";"1";"1";"2";"Chemin Vieux de Berat";"43,3659290";"1,1974670"
"202000028930";"6";"4";"2020";"14:45";"1";"14";"14456";"1";"1";"1";"6";"D613";"49,1222040";" -0,1340760"
"202000028931";"6";"4";"2020";"05:30";"3";"90";"90034";"1";"1";"1";"2";"D1083";"47,6512090";"6,9142840"
"202000028932";"6";"4";"2020";"11:25";"1";"60";"60581";"2";"3";"8";"1";"Rue Mangin";"49,5021760";"2,4333480"
"202000028933";"5";"4";"2020";"18:00";"1";"45";"45033";"1";"1";"1";"7";"D123";"48,1471223";"2,4047416"
"202000028934";"6";"4";"2020";"18:45";"1";"36";"36164";"1";"1";"1";"6";"D940";"46,5350120";"1,9885250"
"202000028935";"28";"3";"2020";"18:05";"1";"04";"04134";"2";"1";"1";"7";"RD 951";"44,3408310";"6,0276480"
"202000028936";"5";"4";"2020";"18:10";"1";"27";"27428";"2";"4";"1";"6";"Avenue de la Libération";"49,1449270";"0,9024130"
"202000028937";"5";"4";"2020";"11:15";"1";"27";"27051";"2";"2";"1";"3";"2 Rue du Pont aux Chevres";"49,0783570";"0,7819070"
"202000028938";"5";"4";"2020";"05:30";"1";"988";"98820";"1";"3";"1";"6";"Tribu de HULUP/OUVEA";" -20,6403150";"166,5632060"
"202000028939";"3";"4";"2020";"17:35";"1";"77";"77309";"1";"1";"1";"7";"D97";"48,9996200";"2,8084230"
"202000028940";"4";"4";"2020";"16:30";"1";"06";"06134";"1";"1";"1";"6";"Route des Combes";"43,7720540";"6,7183760"
"202000028941";"5";"4";"2020";"15:45";"1";"39";"39210";"1";"1";"1";"6";"N/A";"46,7527110";"5,9333680"
"202000028942";"5";"4";"2020";"20:25";"2";"21";"21464";"2";"2";"1";"3";"Intersection D974 D25";"47,1393961";"4,9510039"
"202000028943";"5";"4";"2020";"20:20";"2";"74";"74063";"2";"1";"1";"6";"669 Route du Roitet";"46,2750820";"6,8374060"
"202000028944";"4";"4";"2020";"22:00";"3";"42";"42090";"1";"1";"1";"7";"D103";"45,7694600";"4,3461850"
"202000028945";"5";"4";"2020";"17:40";"1";"33";"33341";"2";"4";"7";"1";"RD23 / Chemin de Pradier";"45,0765000";" -0,5034900"
"202000028946";"31";"3";"2020";"16:10";"1";"60";"60134";"1";"9";"1";"3";"D1016";"49,3195392";"2,4402538"
"202000028947";"5";"4";"2020";"21:10";"5";"59";"59263";"2";"1";"1";"6";"Rue d'Oisy";"50,3135970";"3,0973260"
"202000028948";"24";"2";"2020";"21:30";"5";"69";"69029";"1";"1";"1";"2";"RD383   7.640 A 11.044";"45,7350000";"4,9015000"
"202000028949";"4";"4";"2020";"19:00";"4";"972";"97213";"1";"1";"1";" -1";"ROUTE DEPARTEMENTALE 15";"14,6334800";" -61,0084100"
"202000028950";"3";"4";"2020";"11:50";"1";"91";"91174";"2";"1";"1";"3";"Emile ZOLA (rue)";"48,6208200";"2,4669700"
"202000028951";"4";"4";"2020";"11:10";"1";"65";"65440";"2";"1";"1";"6";"KENNEDY (AVENUE DU PRESIDENT JOHN)";"43,2194780";"0,0864180"
"202000028952";"3";"4";"2020";"12:10";"1";"35";"35281";"2";"2";"1";"3";"FUSILLES (RUE DES 25)";"48,0911700";" -1,6967000"