"Num_Acc";"jour";"mois";"an";"hrmn";"lum";"dep";"com";"agg";"int";"atm";"col";"adr";"lat";"long"
"202000028953";"20";"3";"2020";"16:20";"1";"11";"11262";"2";"2";"1";"3";"ESCOUTE (PONT DE L')";"43,1849300";"2,9995400"
"202000028954";"4";"4";"2020";"23:10";"5";"06";"06083";"2";"3";"1";"6";"THIERS (AVENUE)";"43,7745250";"7,4963888"
"202000028955";"4";"4";"2020";"19:50";"5";"75";"75116";"2";"1";"1";"3";"PORTE DE PASSY";"48,8578070";"2,2595460"
"202000028956";"4";"4";"2020";"00:09";"5";"75";"75116";"2";"7";"1";"6";"PLACE VICTOR HUGO";"48,8698830";"2,2853260"
"202000028957";"4";"4";"2020";"11:23";"1";"75";"75103";"2";"2";"1";"3";"RUE SAINT MARTIN";"48,8684190";"2,3552740"
"202000028958";"4";"4";"2020";"12:15";"1";"94";"94038";"2";"9";"7";"3";"GENERAL DE GAULLE (AV DU)";"48,7820891";"2,3425165"
"202000028959";"4";"4";"2020";"19:15";"1";"93";"93048";"2";"5";"1";"3";"ARISTIDE BRIAND (BOULEVARD)";"48,8781000";"2,4574000"
"202000028960";"3";"4";"2020";"19:30";"1";"93";"93032";"2";"2";"1";"3";"R PAUL VAILLANT COUTURIER / R DU CHEMIN DE FER";"48,8769400";"2,5492300"
"202000028961";"4";"4";"2020";"17:30";"1";"92";"92050";"2";"1";"1";"1";"AGRICULTURE RUE DE L'";"48,9094755";"2,2246210"
"202000028962";"5";"4";"2020";"00:30";"5";"60";"60176";"2";"1";"1";"6";"Rue Jean-jacques Rousseau";"49,2360480";"2,8878610"
"202000028963";"4";"4";"2020";"10:35";"1";"71";"71014";"2";"3";"1";"7";"Rue de l'Hermitage";"46,9612145";"4,3217761"
"202000028964";"4";"4";"2020";"20:00";"1";"63";"63415";"1";"1";"1";"7";"D996";"45,5737940";"3,3785210"
"202000028965";"4";"4";"2020";"22:25";"3";"61";"61309";"1";"1";"1";"6";"D9";"48,3606900";"0,6871980"
"202000028966";"4";"4";"2020";"19:45";"1";"34";"34339";"1";"1";"1";"7";"Villespassans";"43,4030950";"2,9624730"
"202000028967";"5";"4";"2020";"02:30";"3";"35";"35306";"1";"6";"1";"6";"Route départementale n° 74";"48,5653660";" -1,9250760"
"202000028968";"4";"4";"2020";"11:02";"1";"29";"29212";"2";"2";"1";"6";"Rue Coat Omnes";"48,3835369";" -4,6161510"
"202000028969";"5";"4";"2020";"12:10";"1";"60";"60029";"1";"6";"1";"3";"D3";"49,3638460";"1,9732050"
"202000028970";"5";"4";"2020";"00:00";"3";"16";"16109";"1";"1";"1";"7";"LE DIZAIN";"45,7705760";" -0,1695370"
"202000028971";"5";"4";"2020";"09:37";"1";"16";"16276";"1";"1";"1";"6";"Ld Moquechien";"45,4465230";" -0,1630350"
"202000028972";"3";"4";"2020";"15:05";"1";"53";"53005";"1";"1";"1";"6";"D 225 PK 18+800";"48,1823710";" -0,7641000"
"202000028973";"4";"4";"2020";"09:15";"1";"24";"24530";"1";"1";"1";"7";"RD106";"45,3082510";"0,6889520"
"202000028974";"4";"4";"2020";"19:30";"1";"24";"24156";"1";"1";"1";"6";"D710";"45,0777970";"0,8671260"
"202000028975";"4";"3";"2020";"08:24";"1";"51";"51562";"1";"1";"1";"2";"A34";"49,2114960";"4,0785620"
"202000028976";"4";"4";"2020";"18:45";"1";"27";"27091";"1";"1";"1";"2";"A13";"49,3623930";"0,8548520"
"202000028977";"5";"4";"2020";"10:30";"3";"988";"98817";"1";"1";"8";"6";"ROUTE DE LA CORNICHE";" -22,2841720";"166,6225150"
"202000028978";"4";"4";"2020";"20:00";"4";"988";"98817";"2";"1";"1";"6";"Rue Catimor";" -22,2495410";"166,5727670"
"202000028979";"5";"4";"2020";"11:25";"1";"07";"07324";"2";"3";"1";"3";"Quai Marc Seguin";"45,0687410";"4,8312890"
"202000028980";"1";"4";"2020";"16:15";"1";"40";"40182";"1";"3";"1";"3";"D38";"44,0838240";" -1,1179450"
"202000028981";"3";"4";"2020";"14:40";"1";"92";"92036";"1";"1";"1";"2";"AUTOROUTE A15";"48,9413700";"2,2914000"
"202000028982";"2";"4";"2020";"15:20";"1";"974";"97411";"2";"1";"1";"3";"STADE (RUE DU)";" -20,9005000";"55,4667000"
"202000028983";"3";"4";"2020";"21:10";"5";"69";"69388";"2";"1";"1";"2";"PIERRE DELORE                       (R )";"45,7364666";"4,8553796"
"202000028984";"1";"4";"2020";"10:45";"1";"971";"97107";"2";"1";"1";"6";"FRONT DE MER ( BOULEVARD)";"16,0535482";" -61,5616000"
"202000028985";"3";"4";"2020";"06:15";"5";"95";"95585";"2";"2";"1";"3";"BULLIER (RUE THEODORE)";"48,9915428";"2,3690917"
"202000028986";"3";"4";"2020";"15:10";"1";"91";"91377";"2";"1";"1";"6";"DE GAULLE (AVENUE DU GENERAL)";"48,7331300";"2,2713900"
"202000028987";"3";"4";"2020";"14:30";"1";"91";"91027";"2";"9";"1";"3";"JULES VALLES (AVENUE)";"48,7001220";"2,3759910"
"202000028988";"3";"4";"2020";"02:20";"5";"71";"71153";"2";"1";"1";"6";"Rue du Canada";"46,7934941";"4,4130544"
"202000028989";"2";"4";"2020";"16:00";"1";"64";"64102";"2";"1";"1";"3";"ARANCETTE (CHEMIN D')";"43,4828000";" -1,4880000"
"202000028990";"2";"4";"2020";"12:35";"1";"57";"57672";"2";"1";"1";"3";"LIBERATION (ALLEE DE LA) - PAIR";"49,3652000";"6,1519000"
"202000028991";"31";"3";"2020";"19:00";"1";"49";"49007";"2";"1";"1";"7";"DUNANT BOULEVARD";"47,4832000";" -0,5247900"
"202000028992";"3";"4";"2020";"16:55";"1";"45";"45147";"2";"8";"1";"6";"Rue Marcelin Berthelot - D97 PR 5+440";"47,9420900";"1,9202100"
"202000028993";"3";"4";"2020";"04:36";"5";"44";"44109";"2";"1";"1";"3";"BOULEVARD DES FRERES DE GONCOURT";"47,2338500";" -1,5641600"
"202000028994";"14";"3";"2020";"05:25";"5";"41";"41018";"2";"1";"1";" -1";"PONT JACQUES GABRIEL";"47,5847600";"1,3380200"
"202000028995";"2";"4";"2020";"11:00";"1";"38";"38053";"2";"1";"1";"1";"Boulevard Saint Michel";"45,5892400";"5,2761000"
"202000028996";"3";"4";"2020";"23:15";"5";"34";"34172";"2";"1";"1";"6";"LIBERTE (AVENUE DE LA";"43,6087600";"3,8454700"
"202000028997";"14";"3";"2020";"00:15";"3";"33";"33167";"2";"2";"1";"1";"RUE SALVADOR ALLENDE / Parking LIDL";"44,8448400";" -0,5107500"
"202000028998";"3";"4";"2020";"12:15";"1";"17";"17300";"2";"1";"1";"7";"FORBIN   COURS";"46,1653100";" -1,1757900"
"202000028999";"3";"4";"2020";"16:55";"1";"16";"16015";"2";"1";"1";"6";"Rue de Montbron";"45,6489220";"0,1751110"
"202000029000";"2";"4";"2020";"15:40";"1";"13";"13019";"1";"6";"1";"3";"ROUTE D’APT";"43,4783080";"5,3553190"
"202000029001";"3";"4";"2020";"15:00";"1";"13";"13209";"2";"1";"1";"3";"MARÉCHAL DE LATTRE (AVENUE)";"43,2454800";"5,4116100"
"202000029002";"2";"4";"2020";"15:53";"1";"13";"13213";"2";"9";"1";"3";"ESCADRILLE NORMANDIE NIEMEN";"43,3412000";"5,4098000"
"202000029003";"3";"4";"2020";"12:50";"1";"75";"75118";"2";"3";"1";"3";"RUE JOSEPH DE MAISTRE";"48,8887200";"2,3318300"
"202000029004";"3";"4";"2020";"16:15";"1";"75";"75111";"2";"2";"1";"3";"BOULEVARD RICHARD LENOIR";"48,8580580";"2,3716720"
"202000029005";"3";"4";"2020";"11:10";"1";"94";"94022";"2";"1";"1";"2";"ALFORTVILLE (AV D)";"48,7698800";"2,4137000"
"202000029006";"26";"2";"2020";"18:15";"2";"25";"25468";"1";"1";"4";"7";"autoroute A36 PK 104+900 direction BEAUNE";"47,3383390";"6,2080590"
"202000029007";"4";"4";"2020";"03:50";"3";"18";"18246";"1";"1";"1";"6";"La Foltiere";"47,4277530";"2,8037670"
"202000029008";"3";"4";"2020";"19:00";"1";"01";"01173";"2";"1";"1";"6";"1248 Rue de la Forêt de Disse";"46,3482090";"6,0684340"
"202000029009";"31";"3";"2020";"14:35";"1";"47";"47188";"1";"4";"1";"7";"Croix de Taly";"44,5738200";"0,4552140"
"202000029010";"3";"4";"2020";"20:10";"1";"14";"14456";"2";"1";"1";"6";"72 Route de Paris";"49,1155050";" -0,1592960"
"202000029011";"4";"4";"2020";"14:45";"1";"36";"36058";"1";"1";"1";"7";"N/A";"46,6074070";"1,0255000"
"202000029012";"27";"3";"2020";"16:15";"1";"38";"38419";"1";"1";"1";"7";"D1075";"44,8439000";"5,6174000"
"202000029013";"4";"4";"2020";"10:00";"1";"49";"49021";"1";"2";"1";"3";"D59";"47,4170250";" -0,2039980"
"202000029014";"3";"4";"2020";"20:30";"2";"30";"30137";"1";"1";"1";"6";"D532";"44,2060810";"3,9553250"
"202000029015";"3";"4";"2020";"18:00";"1";"69";"69134";"1";"1";"1";"7";"Terre Noire";"45,9292150";"4,5941790"
"202000029016";"24";"1";"2020";"09:30";"1";"13";"13005";"1";"1";"1";"7";"A501-Sens Aubagne vers Pont de l'Etoile";"43,3031010";"5,5695300"
"202000029017";"1";"4";"2020";"18:50";"5";"973";"97302";"2";"1";"1";"3";"MONTABO (ROUTE DE) 2";"4,9362642";" -52,2963470"
"202000029018";"2";"4";"2020";"04:30";"5";"77";"77284";"2";"1";"1";"6";"BAZIN (RUE RENE)";"48,9510940";"2,9162940"
"202000029019";"1";"4";"2020";"18:30";"1";"74";"74305";"2";"1";"1";"3";"BUCHILLONS (AVENUE DES)";"46,2007165";"6,2713043"
"202000029020";"2";"4";"2020";"19:45";"1";"37";"37261";"2";"9";"1";" -1";"MONTJOYEUX (AVENUE)";"47,3608654";"0,7033441"
"202000029021";"1";"4";"2020";"17:30";"1";"13";"13203";"2";"1";"8";"3";"PLOMBIERES (BOULEVARD DES)";"43,3148700";"5,3882400"
"202000029022";"2";"4";"2020";"11:10";"1";"11";"11069";"1";"6";"1";"3";"VILLEMOUSTAUSSOU -ROUTE DE-";"43,2357800";"2,3634000"
"202000029023";"1";"4";"2020";"12:05";"1";"75";"75112";"2";"2";"1";"3";"BOULEVARD SOULT";"48,8469070";"2,4111680"
"202000029024";"2";"4";"2020";"04:00";"5";"94";"94078";"2";"1";"1";"4";"MELUN (AV DE)";"48,7240600";"2,4448200"
"202000029025";"2";"4";"2020";"20:30";"5";"92";"92072";"2";"1";"1";"3";"GRANDE RUE";"48,8217400";"2,2047900"
"202000029026";"1";"4";"2020";"23:15";"3";"54";"54164";"1";"1";"1";"6";"Ferme de Fanoncourt";"48,4129420";"6,0404040"
"202000029027";"12";"2";"2020";"08:20";"1";"33";"33315";"1";"1";"1";"1";"Lieu Dit les Yvonnets";"45,0689620";" -0,0918490"
"202000029028";"3";"4";"2020";"16:10";"1";"83";"83073";"1";"1";"1";"1";"Route Nationale 97";"43,3751090";"6,2983850"
"202000029029";"1";"4";"2020";"18:00";"1";"82";"82101";"1";"1";"1";"6";"D26bis";"44,0816570";"0,9904420"
"202000029030";"2";"4";"2020";"09:15";"1";"33";"33028";"2";"1";"1";"6";"36 Route des Palombieres";"44,8058650";" -0,3263330"
"202000029031";"2";"4";"2020";"16:45";"1";"38";"38499";"1";"1";"1";"1";"N85";"44,9268000";"5,7826600"
"202000029032";"2";"4";"2020";"06:45";"1";"973";"97304";"1";"1";"2";"6";"Route Degrad Saramaca";"5,1506852";" -52,6980107"
"202000029033";"2";"4";"2020";"15:00";"1";"78";"78668";"1";"9";"1";"7";"D89";"49,0234590";"1,5215760"
"202000029034";"3";"4";"2020";"15:00";"2";"83";"83151";"1";"1";"1";"6";"Dn7 pr 43810";"43,4367741";"6,1603666"
"202000029035";"1";"4";"2020";"18:30";"1";"67";"67411";"1";"1";"1";"6";"D604";"48,4906018";"7,4346895"
"202000029036";"3";"4";"2020";"11:50";"1";"50";"50409";"1";"1";"1";"7";"N174";"49,1691580";" -1,1535920"
"202000029037";"2";"4";"2020";"05:45";"3";"14";"14127";"1";"1";"1";"6";"Lieu Dit la Bucaille";"48,9064300";" -0,9246430"
"202000029038";"1";"4";"2020";"15:24";"1";"13";"13055";"1";"1";"1";"2";"A507 sens Aubagne- Marseille";"43,3301060";"5,3972180"
"202000029039";"2";"4";"2020";"06:30";"2";"69";"69072";"1";"1";"1";"2";"M6  ";"45,8210138";"4,7646815"
"202000029040";"1";"4";"2020";"22:20";"3";"33";"33162";"1";"1";"1";"7";"ROCADE A 630";"44,8667900";" -0,6512500"
"202000029041";"2";"4";"2020";"09:00";"1";"78";"78206";"1";"1";"1";"2";"A13";"48,9683300";"1,9178900"
"202000029042";"2";"4";"2020";"21:20";"3";"93";"93066";"1";"1";"1";"6";"AUTOROUTE A1";"48,9309500";"2,3693100"
"202000029043";"1";"4";"2020";"18:30";"4";"973";"97302";"1";"1";"1";"3";"ROUTE NATIONALE 1";"4,9093123";" -52,3239112"
"202000029044";"1";"4";"2020";"13:20";"1";"69";"69259";"2";"2";"1";"1";"NORBERT KUGLER                      (R )";"45,7061100";"4,8777800"
"202000029045";"31";"3";"2020";"05:15";"5";"972";"97209";"2";"6";"1";"7";"BEAUSEJOUR JAMBETTE (ROUTE DE )";"14,6267000";" -61,0404000"
"202000029046";"4";"8";"2020";"02:25";"5";"972";"97213";"1";"1";"1";"6";"Z I LES MANGLES";"14,6166271";" -61,0172367"
"202000029047";"3";"8";"2020";"11:15";"1";"972";"97209";"1";"1";"1";"2";"RD 41 (ROCADE)";"14,6146100";" -61,0627100"
"202000029048";"3";"8";"2020";"00:05";"5";"971";"97113";"1";"9";"1";"3";"RN4-ROND POINT SAINT FELIX";"16,2073394";" -61,4566237"
"202000029049";"3";"8";"2020";"20:50";"1";"95";"95680";"2";"9";"1";"3";"JULIEN  BOURSIER (RUE)";"49,0085371";"2,3883015"
"202000029050";"3";"8";"2020";"18:15";"1";"91";"91457";"2";"3";"1";"3";"RURAL N°22 (CHEMIN)";"48,5830000";"2,2600000"
"202000029051";"3";"8";"2020";"10:35";"1";"88";"88424";"2";"1";"1";" -1";"AVENUE DU GENERAL DE GAULLE";"48,2709000";"6,9727000"
"202000029052";"2";"8";"2020";"20:49";"1";"87";"87085";"1";"1";"1";"6";"RD941 (OUEST)";"45,8347200";"1,2181500"
"202000029053";"4";"8";"2020";"00:05";"5";"86";"86194";"2";"2";"1";"3";"Avenue John Kennedy";"46,5821600";"0,3679000"
"202000029054";"2";"8";"2020";"19:55";"1";"80";"80021";"2";"1";"1";"6";"PIERRE ROLLIN (RUE)";"49,8763700";"2,3134200"
"202000029055";"31";"7";"2020";"16:10";"1";"80";"80021";"1";"1";"1";"3";"JULES BARNI (RUE)";"49,8869720";"2,3160980"
"202000029056";"31";"7";"2020";"14:23";"1";"80";"80021";"2";"1";"1";"6";"ALEXANDRE DUMAS (RUE)";"49,8709800";"2,3045300"
"202000029057";"12";"7";"2020";"17:14";"1";"80";"80001";"2";"1";"1";"2";"GENERAL LECLERC (du)";"50,1085100";"1,8397200"
"202000029058";"5";"8";"2020";"22:50";"5";"78";"78401";"2";"2";"1";"3";"MAURICE BERTEAUX (RUE)";"49,0043220";"1,9068430"
"202000029059";"4";"8";"2020";"12:10";"1";"76";"76498";"2";"1";"1";"2";"ALLIES. AVENUE DES";"49,4225500";"1,0533500"
"202000029060";"1";"8";"2020";"05:25";"5";"76";"76351";"2";"2";"1";"6";"CHANTIERS (DES)";"49,4851900";"0,1632600"
"202000029061";"4";"8";"2020";"06:30";"1";"72";"72181";"2";"4";"1";"3";"PREFORTIER (RUE DU)";"48,0039100";"0,1718200"
"202000029062";"4";"8";"2020";"17:26";"1";"69";"69266";"2";"2";"1";"3";"NICOLAS GARNIER  (Rue)";"45,7539450";"4,9134466"
"202000029063";"3";"8";"2020";"23:25";"3";"69";"69275";"1";"1";"1";"1";"Route Départementale 55";"45,7817600";"4,9481300"
"202000029064";"4";"8";"2020";"12:05";"1";"64";"64445";"2";"1";"1";"3";"LEON BLUM";"43,3198890";" -0,3280780"
"202000029065";"3";"8";"2020";"07:05";"1";"62";"62457";"2";"9";"1";"3";"GARE (RUE DE LA)";"50,4535150";"2,5332310"
"202000029066";"30";"7";"2020";"17:40";"1";"62";"62178";"2";"1";"1";"7";"VERDUN";"50,4861100";"2,5618200"
"202000029067";"4";"8";"2020";"19:30";"1";"59";"59512";"2";"1";"1";"6";"NATION (PLACE DE LA)";"50,6998100";"3,1827240"
"202000029068";"4";"8";"2020";"08:55";"1";"59";"59350";"2";"9";"7";"6";"STRASBOURG BOULEVARD";"50,6180404";"3,0523398"
"202000029069";"22";"7";"2020";"05:00";"5";"59";"59368";"2";"9";"1";"2";"REPUBLIQUE AVENUE DE LA";"50,6503405";"3,0801043"
"202000029070";"19";"7";"2020";"01:25";"5";"59";"59009";"1";"6";"1";"3";"D.6, route express";"50,6507000";"3,1672000"
"202000029071";"2";"8";"2020";"16:25";"1";"59";"59178";"2";"1";"7";"6";"HAYEZ (BOULEVARD PAUL)";"50,3639200";"3,0846000"
"202000029072";"2";"8";"2020";"08:00";"1";"59";"59654";"2";"1";"1";"1";"PONT DES HOUILLERES";"50,3819700";"3,1009800"
"202000029073";"1";"8";"2020";"05:30";"2";"59";"59486";"2";"1";"1";"6";"BOIS (RUE DU)";"50,4348300";"3,1446000"
"202000029074";"3";"8";"2020";"17:00";"1";"56";"56162";"2";"3";"1";"3";"Chemin du Talud";"47,7024900";" -3,4447600"
"202000029075";"2";"8";"2020";"01:55";"5";"56";"56094";"2";"1";"1";"2";"Kernours";"47,7632100";" -3,2971000"
"202000029076";"1";"8";"2020";"18:40";"1";"56";"56162";"2";"3";"1";"5";"SAINT BIEUZY (RUE DE)";"47,7337100";" -3,4304700"
"202000029077";"3";"8";"2020";"17:15";"1";"54";"54371";"1";"3";"1";"3";"REPUBLIQUE (AVENUE DE LA)";"49,2043340";"5,9462560"
"202000029078";"4";"8";"2020";"15:50";"1";"51";"51454";"2";"1";"1";"2";"Route de Witry";"49,2698078";"4,0727800"
"202000029079";"3";"8";"2020";"08:10";"1";"50";"50602";"1";"3";"1";"7";"BREQUECAL (RUE DE)";"49,6270200";" -1,5490900"
"202000029080";"4";"8";"2020";"16:55";"1";"46";"46042";"2";"3";"1";"1";"FONRODENQUE (RUE DE)";"44,4327320";"1,4564090"
"202000029081";"4";"8";"2020";"12:15";"1";"43";"43157";"2";"1";"1";"3";"10 Boulevard Marechal Joffre";"45,0472000";"3,8927600"
"202000029082";"4";"8";"2020";"15:00";"1";"41";"41269";"2";"1";"1";"1";"VERRIER (RUE DU COMMANDANT)";"47,7987430";"1,0631180"
"202000029083";"2";"8";"2020";"15:20";"1";"38";"38169";"2";"2";"1";"3";"Avenue Jean Jaurès";"45,1891000";"5,6972600"
"202000029084";"4";"8";"2020";"14:15";"1";"35";"35238";"2";"6";"1";"2";"ALMA (DE L')";"48,1043900";" -1,6774100"
"202000029085";"3";"8";"2020";"18:35";"1";"34";"34336";"2";"1";"1";"3";"BEREGOVOY (AVENUE PIERRE)";"43,3235500";"3,2628900"
"202000029086";"4";"8";"2020";"13:50";"1";"34";"34003";"1";"1";"1";"3";"RD612";"43,2946200";"3,5043800"
"202000029087";"31";"7";"2020";"01:20";"5";"33";"33063";"2";"9";"1";"6";"QUAI DES CHARTRONS";"44,8486800";" -0,5704200"
"202000029088";"3";"8";"2020";"15:00";"1";"31";"31555";"2";"1";"1";" -1";"AV JEAN RIEUX";"43,5983300";"1,4567800"
"202000029089";"4";"8";"2020";"15:07";"1";"30";"30189";"1";"6";"1";"3";"BEAUCAIRE (ROUTE)";"43,8333000";"4,4258000"
"202000029090";"4";"8";"2020";"20:10";"1";"30";"30007";"2";"1";"1";"2";"MONGE (AVENUE)";"44,1457000";"4,1011000"
"202000029091";"27";"7";"2020";"09:10";"1";"22";"22278";"2";"1";"1";"6";"MONGE";"48,5022200";" -2,7384800"
"202000029092";"30";"7";"2020";"11:10";"1";"17";"17461";"2";"9";"1";"1";"ROYAN (DE)";"45,6442100";" -1,0532500"
"202000029093";"3";"8";"2020";"20:05";"1";"17";"17461";"2";"6";"1";"3";"ROCHE (DE LA)";"45,6489200";" -1,0472500"
"202000029094";"4";"8";"2020";"11:45";"1";"17";"17028";"2";"6";"1";"3";"GRASSET   AVENUE EDMOND";"46,1348690";" -1,1204560"
"202000029095";"3";"8";"2020";"18:24";"1";"17";"17200";"1";"1";"1";"2";"RN237";"46,1814721";" -1,1411780"
"202000029096";"4";"8";"2020";"17:50";"1";"14";"14243";"1";"1";"1";"7";"CD 579";"49,3997800";"0,2175240"
"202000029097";"4";"8";"2020";"16:40";"1";"14";"14437";"2";"1";"1";"3";"EMILE ZOLA (RUE)";"49,1727000";" -0,3209600"
"202000029098";"2";"8";"2020";"04:40";"3";"14";"14327";"1";"1";"1";"6";"GAULLE (AVENUE DU GENERAL DE)";"49,2106000";" -0,3446900"
"202000029099";"4";"8";"2020";"07:00";"1";"13";"13056";"2";"1";"1";"3";"REVEILLA";"43,4238100";"5,0218200"
"202000029100";"3";"8";"2020";"13:10";"1";"13";"13214";"2";"6";"1";"3";"SAINTE MARTHE (chemin)";"43,3294920";"5,3881560"
"202000029101";"3";"8";"2020";"11:05";"1";"13";"13210";"2";"9";"1";"3";"PAUL CLAUDEL (BOULEVARD)";"43,2690000";"5,4200000"
"202000029102";"3";"8";"2020";"08:40";"1";"13";"13206";"2";"1";"1";"2";"LIEUTAUD (COURS)";"43,2891959";"5,3840622"
"202000029103";"4";"8";"2020";"23:10";"5";"13";"13001";"2";"1";"1";"3";"PONTIER HENRI (AV)";"43,5336100";"5,4421000"
"202000029104";"4";"8";"2020";"20:50";"1";"13";"13001";"2";"6";"1";"2";"BROSSOLETTE PIERRE (AV)";"43,5111700";"5,4422400"
"202000029105";"3";"8";"2020";"14:35";"1";"11";"11069";"2";"1";"1";"4";"LIMOUX -ROUTE DE-";"43,2069900";"2,3355400"
"202000029106";"3";"8";"2020";"16:55";"1";"09";"09207";"2";"1";"1";"3";"ARIEGE (RUE DE L')";"42,9349000";"1,6335100"
"202000029107";"2";"8";"2020";"06:16";"2";"02";"02691";"2";"1";"1";"2";"KENNEDY (RUE DU PST JOHN)";"49,8586500";"3,2777800"
"202000029108";"4";"8";"2020";"22:35";"5";"75";"75105";"2";"2";"1";"3";"RUE DES ECOLES";"48,8491190";"2,3466500"
"202000029109";"4";"8";"2020";"14:25";"1";"75";"75119";"2";"7";"1";"3";"PLACE DE LA PORTE DE PANTIN";"48,8896350";"2,3957480"
"202000029110";"3";"8";"2020";"17:50";"1";"75";"75117";"2";"2";"1";"3";"RUE FOURCROY";"48,8808840";"2,2975470"
"202000029111";"4";"8";"2020";"10:50";"1";"75";"75116";"2";"7";"1";"6";"PLACE DU TROCADERO ET DU 11 NOVEMBRE";"48,8633730";"2,2874940"
"202000029112";"3";"8";"2020";"23:45";"5";"75";"75116";"2";"7";"1";"3";"PLACE DE COSTA RICA";"48,8586790";"2,2846370"
"202000029113";"4";"8";"2020";"13:53";"1";"75";"75114";"2";"1";"1";"3";"AVENUE PAUL VAILLANT COUTURIER";"48,8167740";"2,3337130"
"202000029114";"4";"8";"2020";"11:15";"1";"75";"75113";"2";"3";"1";"6";"AVENUE D ITALIE";"48,8283140";"2,3566090"
"202000029115";"3";"8";"2020";"09:00";"1";"75";"75112";"2";"5";"1";"3";"AVENUE DE SAINT MANDE";"48,8446710";"2,4057360"
"202000029116";"4";"8";"2020";"14:50";"1";"75";"75110";"2";"2";"1";"6";"RUE LOUIS BLANC";"48,8800180";"2,3671010"
"202000029117";"4";"8";"2020";"13:30";"1";"75";"75110";"2";"7";"1";"3";"BOULEVARD SAINT DENIS";"48,8691210";"2,3551670"
"202000029118";"4";"8";"2020";"15:20";"1";"75";"75108";"2";"7";"1";"6";"PLACE DE LA CONCORDE";"48,8643700";"2,3203640"
"202000029119";"4";"8";"2020";"09:40";"1";"75";"75108";"2";"1";"1";"6";"RUE DE LA VILLE L EVEQUE";"48,8714840";"2,3205440"
"202000029120";"3";"8";"2020";"13:35";"1";"75";"75108";"2";"1";"1";"6";"AVENUE DES CHAMPS ELYSEES";"48,8704100";"2,3056010"
"202000029121";"3";"8";"2020";"12:57";"1";"75";"75108";"2";"5";"1";"3";"RUE DE ROME";"48,8794790";"2,3218520"
"202000029122";"3";"8";"2020";"10:45";"1";"75";"75107";"2";"2";"1";"3";"AVENUE BOSQUET";"48,8571170";"2,3042910"
"202000029123";"4";"8";"2020";"15:30";"1";"75";"75103";"2";"3";"1";"3";"BOULEVARD BEAUMARCHAIS";"48,8576050";"2,3680590"
"202000029124";"4";"8";"2020";"20:06";"1";"94";"94073";"2";"9";"1";"1";"DOCTEUR MARIE (R DU)";"48,7462000";"2,3728000"
"202000029125";"4";"8";"2020";"14:45";"1";"94";"94034";"2";"1";"1";"6";"DIVISION LECLERC (AV DE LA)";"48,7591000";"2,3243000"
"202000029126";"3";"8";"2020";"15:48";"1";"94";"94060";"2";"3";"1";"6";"DUNOYER DE SEGONZAC (R)";"48,7913400";"2,5778200"
"202000029127";"4";"8";"2020";"08:50";"1";"94";"94017";"2";"1";"1";"3";"GENERAL DE GAULLE (AV DU)";"48,8213750";"2,4889400"
"202000029128";"4";"8";"2020";"14:20";"1";"93";"93073";"1";"1";"1";"6";"CHAPIT RE ( RUE DU)";"48,9897000";"2,5614000"
"202000029129";"4";"8";"2020";"08:44";"1";"93";"93048";"2";"2";"1";"1";"GABRIEL PERI (AVENUE)";"48,8572917";"2,4400801"
"202000029130";"1";"8";"2020";"00:35";"5";"92";"92078";"2";"9";"1";"1";"FOND DE LA NOUE (RUE) (N° IMPAIRS)";"48,9316580";"2,3313700"
"202000029131";"2";"8";"2020";"20:15";"2";"92";"92063";"2";"1";"1";"7";"FOUILLEUSE (AVENUE DE)";"48,8632150";"2,1914077"
"202000029132";"3";"8";"2020";"22:16";"5";"92";"92051";"2";"3";"1";"6";"VICTOR HUGO (BOULEVARD, N° 9 A 49 ET 16";"48,8875094";"2,2785200"
"202000029133";"3";"8";"2020";"17:00";"1";"92";"92025";"2";"2";"1";"3";"Boulevard Charles de Gaulle";"48,9146200";"2,2290540"
"202000029134";"4";"8";"2020";"09:15";"1";"92";"92025";"2";"9";"1";"3";"PAUL BERT (RUE)";"48,9262470";"2,2473090"
"202000029135";"31";"7";"2020";"15:30";"1";"92";"92012";"2";"9";"1";"2";"Boulevard Jean Jaures";"48,8424884";"2,2384965"
"202000029136";"4";"8";"2020";"13:30";"1";"92";"92004";"2";"3";"1";"7";"EMILE ZOLA ( RUE )";"48,9233296";"2,2853145"
"202000029137";"5";"8";"2020";"15:20";"1";"49";"49063";"1";"1";"1";"2";"D751";"47,3506360";" -0,7460190"
"202000029138";"5";"8";"2020";"01:00";"3";"35";"35356";"1";"1";"1";"6";"La Petite Rochette";"48,2504980";" -1,7525980"
"202000029139";"5";"8";"2020";"02:40";"3";"35";"35258";"1";"1";"1";"6";"D137";"48,3106940";" -1,8372920"
"202000029140";"3";"8";"2020";"12:15";"1";"10";"10417";"1";"1";"1";"7";"D121";"48,1982010";"3,8233040"
"202000029141";"4";"8";"2020";"14:00";"1";"974";"97422";"1";"3";"1";"3";"Rue du Général Ailleret";" -21,2769980";"55,5018940"
"202000029142";"4";"8";"2020";"07:40";"1";"27";"27177";"1";"1";"1";"7";"D53";"48,8710950";"1,2536000"
"202000029143";"5";"8";"2020";"20:05";"1";"60";"60176";"2";"3";"1";"6";"8 Rue des Fossés";"49,2358480";"2,8849870"
"202000029144";"5";"8";"2020";"07:30";"1";"34";"34270";"1";"1";"1";"1";"d112";"43,5559820";"3,8483480"
"202000029145";"4";"8";"2020";"17:35";"1";"74";"74025";"1";"2";"1";"3";"2844 Route des Voirons";"46,2832280";"6,3468250"
"202000029146";"4";"8";"2020";"17:45";"1";"51";"51229";"2";"3";"1";"3";"Route de la Neuville";"48,9717785";"4,8352140"
"202000029147";"4";"8";"2020";"23:00";"3";"56";"56240";"1";"1";"1";"1";"Rue des Embruns";"47,5027210";" -2,7716660"