"Num_Acc";"jour";"mois";"an";"hrmn";"lum";"dep";"com";"agg";"int";"atm";"col";"adr";"lat";"long"
"202000029148";"31";"7";"2020";"12:10";"1";"56";"56135";"1";"1";"1";"7";"La Mare Varion";"47,7167200";" -2,4376340"
"202000029149";"5";"8";"2020";"12:40";"1";"79";"79062";"1";"1";"1";"6";"N/A";"46,8062580";" -0,6654880"
"202000029150";"4";"8";"2020";"07:30";"1";"41";"41135";"1";"1";"7";"2";"A85";"47,2954870";"1,8971910"
"202000029151";"4";"8";"2020";"23:10";"3";"81";"81325";"1";"1";"1";"6";"Lieu Dit les Bessous";"43,5540070";"2,1979520"
"202000029152";"31";"7";"2020";"20:00";"1";"61";"61426";"1";"1";"1";"7";"D938";"48,3463530";"0,5304770"
"202000029153";"4";"8";"2020";"20:35";"1";"61";"61486";"1";"1";"1";"6";"Lieu Dit la Madeleine";"48,7699120";" -0,7219270"
"202000029154";"5";"8";"2020";"08:30";"1";"55";"55387";"1";"1";"1";"6";"D618";"49,3456060";"5,6509640"
"202000029155";"5";"8";"2020";"10:40";"1";"42";"42204";"2";"6";"1";"3";"Rue Chevalier";"45,4213920";"4,0631600"
"202000029156";"5";"8";"2020";"09:29";"1";"46";"46010";"1";"2";"1";"3";"D911";"44,4199190";"1,5626760"
"202000029157";"5";"8";"2020";"12:10";"1";"47";"47196";"2";"3";"1";"5";"RD 813 pk50+900";"44,3373130";"0,3222840"
"202000029158";"4";"8";"2020";"21:30";"3";"34";"34147";"1";"1";"1";"7";"D909";"43,4758440";"3,2073210"
"202000029159";"2";"8";"2020";"10:00";"1";"34";"34279";"1";"1";"1";"1";"Route Départementale 136";"43,5063790";"3,1019850"
"202000029160";"5";"8";"2020";"10:19";"1";"25";"25529";"2";"1";"1";" -1";"15 Grande Rue (Sancey-le-Long)";"47,3056920";"6,5984200"
"202000029161";"5";"8";"2020";"17:30";"1";"29";"29292";"1";"3";"1";"3";"D156 - Route de la Mer";"47,8893546";" -4,3412894"
"202000029162";"5";"8";"2020";"17:50";"1";"03";"03254";"1";"2";"1";"3";"5 Chemin de Breux";"46,3287258";"3,2848507"
"202000029163";"4";"8";"2020";"21:20";"3";"01";"01068";"1";"1";"1";"1";"D1084";"46,0776040";"5,4602530"
"202000029164";"4";"8";"2020";"10:45";"1";"26";"26368";"1";"3";"1";"3";"Avenue de la Clairette";"44,7058610";"5,2597050"
"202000029165";"4";"8";"2020";"08:30";"1";"72";"72381";"1";"6";"1";"3";"giratoire D23 / D326";"47,9385800";"0,1115910"
"202000029166";"5";"8";"2020";"14:05";"1";"60";"60643";"1";"2";"1";"3";"D152";"49,5691470";"2,5828170"
"202000029167";"3";"8";"2020";"14:00";"1";"64";"64338";"2";"1";"1";" -1";"11 Allée du Barry";"43,3595640";" -0,1588510"
"202000029168";"5";"8";"2020";"13:00";"1";"73";"73128";"2";"1";"1";"1";"Chemin de Fontany";"45,7286820";"5,9318660"
"202000029169";"5";"8";"2020";"18:50";"1";"16";"16292";"2";"1";"1";"3";"21 Route de Montjean";"46,0287260";"0,1920030"
"202000029170";"5";"8";"2020";"10:40";"1";"16";"16213";"1";"1";"7";"2";"Lieu Dit Parpelat";"45,7365900";"0,5258310"
"202000029171";"31";"7";"2020";"10:30";"1";"07";"07269";"2";"1";"1";"6";"La Place";"44,9372690";"4,3686430"
"202000029172";"3";"8";"2020";"16:45";"1";"07";"07005";"1";"1";"1";"1";"Chemin de la Quate";"44,5456230";"4,5726080"
"202000029173";"4";"8";"2020";"18:20";"1";"53";"53127";"2";"1";"7";"6";"5 Rue de Domfront";"48,4396850";" -0,5002260"
"202000029174";"3";"8";"2020";"21:20";"2";"53";"53109";"1";"2";"1";"3";"Monthinault";"48,2917560";" -0,4907260"
"202000029175";"4";"8";"2020";"15:20";"1";"21";"21282";"1";"3";"1";"3";"CD 36 route de Toste";"47,4684192";"4,2168513"
"202000029176";"4";"8";"2020";"19:50";"1";"24";"24355";"1";"1";"1";"3";"Gaillardou";"44,8131140";"1,2112690"
"202000029177";"4";"8";"2020";"10:20";"1";"85";"85128";"2";"6";"1";"3";"Boulevard de l'Océan";"46,4508020";" -1,1623780"
"202000029178";"4";"8";"2020";"17:00";"1";"52";"52187";"1";"1";"1";"7";"D16";"48,3605830";"5,3177910"
"202000029179";"31";"7";"2020";"18:30";"1";"978";"97801";"2";"1";"1";"2";"route de la savane";"18,0891370";" -63,0660190"
"202000029180";"5";"8";"2020";"20:15";"3";"988";"98805";"2";"1";"1";"6";"V.E.2";" -22,2143250";"166,4651980"
"202000029181";"4";"8";"2020";"15:16";"1";"72";"72165";"1";"1";"1";"6";"A11";"48,0706070";"0,4351710"
"202000029182";"5";"8";"2020";"06:10";"2";"41";"41220";"1";"3";"1";"1";"RD 951";"47,7019640";"1,5847720"
"202000029183";"4";"8";"2020";"13:10";"1";"41";"41136";"2";"1";"1";"3";"Rue Pierre Loison";"47,6992590";"1,5041230"
"202000029184";"3";"7";"2020";"17:50";"1";"66";"66101";"1";"2";"1";"3";"D612";"42,6177177";"2,7903382"
"202000029185";"4";"8";"2020";"14:20";"1";"30";"30155";"2";"1";"1";"3";"D999";"43,8299450";"4,4595910"
"202000029186";"4";"8";"2020";"22:15";"3";"05";"05053";"1";"1";"1";"6";"D30";"44,3362540";"5,7547600"
"202000029187";"5";"8";"2020";"12:30";"1";"01";"01160";"1";"6";"1";"3";"D35";"46,2453040";"6,0948910"
"202000029188";"1";"8";"2020";"08:15";"1";"32";"32117";"1";"3";"1";"7";"16 Avenue des 4 Chenes";"43,6658930";"0,5579420"
"202000029189";"4";"8";"2020";"00:10";"4";"29";"29120";"1";"1";"1";"7";"Lieu-dit Kerzouannek";"48,2667910";" -4,4667740"
"202000029190";"4";"8";"2020";"09:45";"1";"22";"22054";"1";"1";"1";"3";"Rue de Clairville";"48,6285120";" -2,4318410"
"202000029191";"4";"8";"2020";"09:30";"1";"35";"35031";"1";"3";"7";"1";"Haut Champ";"48,1749500";" -1,4098050"
"202000029192";"5";"8";"2020";"09:15";"1";"80";"80146";"2";"3";"1";"1";"8 Route Nationale";"50,1401160";"1,5224030"
"202000029193";"4";"8";"2020";"20:45";"1";"33";"33448";"1";"1";"1";"6";"AUTOROUTE A 62";"44,7205900";" -0,5223800"
"202000029194";"3";"8";"2020";"23:02";"4";"91";"91589";"1";"1";"1";"5";"AUTOROUTE A6";"48,6784000";"2,3360000"
"202000029195";"3";"8";"2020";"18:56";"1";"91";"91161";"1";"1";"1";"5";"AUTOROUTE A6";"48,7014600";"2,3088200"
"202000029196";"31";"7";"2020";"18:35";"1";"92";"92064";"1";"1";"1";"3";"A13";"48,8397154";"2,2007579"
"202000029197";"3";"8";"2020";"19:30";"1";"92";"92078";"1";"1";"1";"4";"AUTOROUTE A86";"48,9291700";"2,3297000"
"202000029198";"4";"8";"2020";"07:30";"1";"94";"94046";"1";"1";"1";"3";"A86 INT";"48,8086140";"2,4487946"
"202000029199";"7";"5";"2020";"13:55";"1";"02";"02738";"2";"1";"7";"6";"GAMBETTA (BOULEVARD)";"49,6524300";"3,2868100"
"202000029200";"18";"2";"2020";"19:30";"5";"02";"02304";"2";"6";"2";"6";"REPUBLIQUE";"49,6623620";"3,3658220"
"202000029201";"2";"8";"2020";"22:25";"3";"974";"97416";"1";"1";"1";"6";"Chemin Maurice Thorez";" -21,2741390";"55,4718800"
"202000029202";"3";"8";"2020";"22:00";"3";"974";"97407";"2";"1";"1";"3";"20 DECEMBRE 1948(AVENUE DU)";" -20,9387300";"55,2983500"
"202000029203";"3";"8";"2020";"07:35";"1";"973";"97302";"2";"3";"1";"3";"CABASSOU (ROUTE DE)";"4,9199161";" -52,3195446"
"202000029204";"3";"8";"2020";"23:10";"5";"69";"69387";"2";"1";"1";"7";"JEAN JAURES                         (AV)";"45,7396600";"4,8386100"
"202000029205";"3";"8";"2020";"16:45";"1";"69";"69259";"2";"1";"1";"6";"AMBROISE CROIZAT                    (BD)";"45,6991100";"4,8878100"
"202000029206";"31";"7";"2020";"15:40";"1";"69";"69386";"2";"9";"1";"3";"THIERS                              (AV)";"45,7663100";"4,8616900"
"202000029207";"2";"8";"2020";"19:35";"5";"972";"97213";"1";"1";"1";"1";"ROUTE DEPARTEMENTALE 15";"14,6150000";" -61,0360000"
"202000029208";"1";"8";"2020";"21:00";"5";"971";"97120";"2";"9";"1";"3";"VATABLE";"16,2367800";" -61,5321700"
"202000029209";"3";"8";"2020";"13:00";"1";"95";"95585";"2";"1";"1";"3";"RUE DU HUIT MAI 1945";"48,9778100";"2,3699400"
"202000029210";"3";"8";"2020";"22:55";"5";"91";"91286";"2";"2";"1";"3";"ENCLOS (RUE DES)";"48,6544200";"2,3735000"
"202000029211";"2";"8";"2020";"12:27";"1";"87";"87085";"2";"3";"1";"5";"GIFFARD (RUE HENRI)";"45,8858100";"1,2666700"
"202000029212";"31";"7";"2020";"09:40";"1";"83";"83129";"2";"3";"1";"3";"MER (AVENUE DE LA) N° PAIRS";"43,0962000";"5,8312000"
"202000029213";"14";"7";"2020";"19:57";"1";"79";"79081";"2";"1";"1";"5";"183 Boulevard des Tilleuls";"46,3564400";" -0,3882300"
"202000029214";"1";"8";"2020";"12:40";"1";"78";"78133";"2";"1";"1";"1";"MUR DU PARC (DU)";"48,9092000";"2,0368000"
"202000029215";"3";"8";"2020";"13:55";"1";"77";"77407";"2";"1";"1";"2";"FONTAINEBLEAU(AVENUE DE) - D607";"48,5294800";"2,5453000"
"202000029216";"6";"7";"2020";"00:10";"3";"77";"77186";"1";"1";"1";"2";"D606 de l'obélisque à limite MORET";"48,3798840";"2,7778830"
"202000029217";"3";"8";"2020";"23:40";"3";"77";"77070";"1";"1";"1";"6";"D37";"48,7982997";"3,1236897"
"202000029218";"1";"8";"2020";"12:00";"1";"76";"76682";"1";"1";"1";"7";"VILLAGE RUE DU";"49,3199634";"1,1056633"
"202000029219";"3";"8";"2020";"15:20";"1";"69";"69091";"2";"1";"1";"6";"PAIX (DE LA) ( R )";"45,5826938";"4,7433830"
"202000029220";"3";"8";"2020";"13:45";"1";"64";"64122";"2";"1";"1";"7";"MAC CROSKEY ( AVENUE DU GENERAL)";"43,4926000";" -1,5473400"
"202000029221";"3";"8";"2020";"18:05";"1";"64";"64024";"2";"1";"1";"1";"ADOUR (AVENUE DE L')";"43,5161100";" -1,5015700"
"202000029222";"3";"8";"2020";"16:15";"1";"64";"64102";"2";"1";"1";"1";"MOULINE DE BACHEFORES (CHEMIN DU)";"43,4975300";" -1,4275000"
"202000029223";"30";"7";"2020";"07:45";"1";"62";"62764";"2";"6";"7";"6";"FORGE AU FER ( DE LA )";"50,3011900";"2,7865870"
"202000029224";"1";"8";"2020";"18:45";"1";"49";"49007";"2";"1";"1";"3";"ROE";"47,4735200";" -0,5539900"
"202000029225";"30";"7";"2020";"20:05";"1";"49";"49246";"2";"1";"1";"3";"BOUTIN DES VIGNES";"47,4378100";" -0,5283000"
"202000029226";"31";"7";"2020";"15:37";"1";"47";"47031";"1";"1";"1";"3";"Avenue de Bigorre";"44,1775461";"0,6350857"
"202000029227";"31";"7";"2020";"17:45";"1";"38";"38382";"1";"1";"1";"4";"A48";"45,2195000";"5,6739900"
"202000029228";"3";"8";"2020";"18:30";"1";"37";"37261";"2";"2";"1";"3";"BOYER (RUE LEON)";"47,3911909";"0,6735659"
"202000029229";"3";"8";"2020";"08:40";"1";"33";"33063";"2";"2";"1";"3";"RUE DE LALANDE / RUE DE LA MISERICORDE";"44,8323900";" -0,5751300"
"202000029230";"1";"8";"2020";"11:10";"1";"31";"31555";"2";"1";"1";"4";"AV CAMILLE PUJOL";"43,6007528";"1,4629921"
"202000029231";"31";"7";"2020";"14:10";"1";"31";"31555";"2";"1";"1";"3";"AV PAUL SEJOURNE";"43,6059500";"1,4280800"
"202000029232";"2";"8";"2020";"01:15";"5";"30";"30189";"2";"3";"1";"3";"DAYAN GEORGES (AVENUE)";"43,8205000";"4,3407000"
"202000029233";"22";"7";"2020";"18:27";"1";"22";"22278";"2";"1";"1";"2";"ARMOR (AV. D') COTE IMPAIR";"48,5122300";" -2,7537200"
"202000029234";"13";"7";"2020";"09:05";"1";"22";"22278";"2";"1";"1";"6";"SOLIDARITE (DE LA)";"48,5139700";" -2,7402600"
"202000029235";"31";"7";"2020";"20:05";"1";"21";"21390";"2";"1";"1";"6";"M122A";"47,2803800";"5,0214400"
"202000029236";"2";"8";"2020";"19:50";"1";"17";"17028";"2";"2";"1";"1";"GAULLE   AVENUE DU GENERAL DE";"46,1333300";" -1,1196000"
"202000029237";"3";"8";"2020";"12:15";"1";"17";"17300";"2";"1";"1";"4";"SARTRE   AVENUE JEAN-PAUL";"46,1564500";" -1,1274400"
"202000029238";"4";"11";"2020";"18:10";"5";"81";"81099";"2";"1";"1";"6";"Avenue Charles de Gaulle";"43,9017270";"1,9025530"
"202000029239";"4";"11";"2020";"09:00";"1";"87";"87156";"1";"9";"1";"7";"RD 941";"45,8437150";"1,4077630"
"202000029240";"5";"11";"2020";"18:20";"3";"76";"76001";"1";"2";"1";"3";"D34";"49,5893100";"0,6600380"
"202000029241";"18";"8";"2020";"04:20";"3";"60";"60141";"1";"4";"1";"1";"RD 44";"49,2032030";"2,4691322"
"202000029242";"4";"11";"2020";"15:15";"1";"13";"13202";"1";"1";"1";" -1";"A55-Sens Marseille vers Martigues";"43,3137000";"5,3677750"
"202000029243";"27";"10";"2020";"08:50";"2";"59";"59260";"1";"1";"1";"6";"AUTOROUTE A16";"51,0489710";"2,5380360"
"202000029244";"3";"11";"2020";"16:15";"1";"59";"59343";"1";"1";"1";"7";"AUTOROUTE A22";"50,6005420";"3,1184740"
"202000029245";"4";"11";"2020";"05:00";"5";"91";"91377";"1";"1";"1";"3";"RN20";"48,7205000";"2,2992000"
"202000029246";"4";"11";"2020";"08:50";"1";"94";"94073";"1";"9";"1";"3";"A86 EXT";"48,7853000";"2,3888200"
"202000029247";"30";"10";"2020";"17:00";"1";"974";"97416";"2";"1";"1";"2";"Boulevard Hubert Delisle";" -21,3435800";"55,4748400"
"202000029248";"2";"11";"2020";"08:35";"1";"974";"97416";"2";"1";"1";"5";"Allée des Bois Noirs";" -21,2849600";"55,4609200"
"202000029249";"3";"11";"2020";"18:50";"3";"974";"97411";"1";"1";"1";"5";"LITTORAL (ROUTE 1 DU)";" -20,8798500";"55,4040300"
"202000029250";"3";"11";"2020";"07:30";"1";"974";"97411";"2";"1";"1";"6";"CHAUDRON  (BLD 1 DU)";" -20,8938820";"55,4929150"
"202000029251";"3";"11";"2020";"18:05";"5";"69";"69386";"2";"5";"1";"3";"VITTON                              (CO)";"45,7699100";"4,8571100"
"202000029252";"3";"11";"2020";"15:45";"1";"69";"69259";"2";"1";"2";"1";"GAMBETTA                            (R )";"45,6993500";"4,8832700"
"202000029253";"3";"11";"2020";"12:30";"1";"69";"69383";"2";"3";"2";"7";"JEAN CARDONA                        (R )";"45,7495738";"4,8840957"
"202000029254";"3";"11";"2020";"12:45";"1";"972";"97209";"1";"1";"1";"6";"SOLEIL LEVANT (BOULEVARD DU)";"14,6212538";" -61,0389742"
"202000029255";"1";"11";"2020";"22:25";"5";"971";"97113";"2";"1";"2";"6";"BELLE-PLAINE (ROUTE DE)";"16,2186500";" -61,5027700"
"202000029256";"3";"11";"2020";"08:45";"1";"91";"91687";"2";"1";"1";"6";"MARMONT (AVENUE)";"48,6662100";"2,3759000"
"202000029257";"28";"10";"2020";"08:25";"1";"83";"83069";"2";"1";"1";"6";"ESCOFFIER (RUE LEON )";"43,0386310";"6,1332350"
"202000029258";"3";"11";"2020";"18:00";"5";"78";"78502";"2";"1";"1";"2";"VERSAILLES (ROUTE DE)";"48,8789000";"2,1086000"
"202000029259";"31";"10";"2020";"14:30";"1";"77";"77407";"2";"1";"1";"6";"FONTAINEBLEAU(AVENUE DE)";"48,5318300";"2,5389900"
"202000029260";"2";"11";"2020";"17:22";"1";"76";"76451";"2";"1";"1";" -1";"MONT AUX MALADES. AVENUE DU";"49,4644900";"1,0734400"
"202000029261";"3";"11";"2020";"19:00";"5";"72";"72181";"1";"1";"1";"6";"MESSIAEN OLIVIER (AV) IMPAIRS";"48,0158500";"0,1518500"
"202000029262";"3";"11";"2020";"11:40";"1";"69";"69029";"2";"2";"2";"3";"FRANCOIS MITTERRAND                 (AV)";"45,7380500";"4,9226800"
"202000029263";"2";"11";"2020";"10:55";"1";"67";"67482";"2";"1";"1";"2";"SCHIRMECK (ROUTE DE)";"48,5626100";"7,7003000"
"202000029264";"3";"11";"2020";"16:40";"1";"64";"64445";"2";"1";"2";"3";"Allees Condorcet";"43,3248500";" -0,3575400"
"202000029265";"3";"11";"2020";"09:35";"1";"64";"64102";"2";"3";"3";"7";"FAIENCERIE (IMPASSE DE LA)";"43,4958000";" -1,4912000"
"202000029266";"31";"10";"2020";"17:58";"1";"63";"63113";"2";"1";"1";" -1";"PUY DE DOME (AVENUE DU)";"45,7873400";"3,0630000"
"202000029267";"29";"10";"2020";"10:55";"1";"59";"59431";"2";"2";"1";" -1";"ARMENTIERES  (RUE D' )";"50,6977670";"2,8561550"
"202000029268";"1";"11";"2020";"23:25";"5";"57";"57336";"2";"1";"9";"6";"GARE (RUE DE LA)";"49,1582800";"6,7441200"
"202000029269";"2";"11";"2020";"18:00";"5";"54";"54431";"2";"3";"1";"3";"D952";"48,9292970";"6,0379680"
"202000029270";"2";"11";"2020";"17:15";"1";"54";"54498";"2";"1";"1";"4";"RD 674";"48,7165330";"6,2577130"
"202000029271";"2";"11";"2020";"10:45";"1";"54";"54395";"2";"1";"1";"6";"PINCHARD (AVENUE - TAMARIS)";"48,7030802";"6,1544359"
"202000029272";"30";"10";"2020";"10:50";"1";"49";"49007";"2";"1";"2";"2";"Boulevard du Roi René";"47,4689900";" -0,5594900"
"202000029273";"21";"10";"2020";"08:50";"1";"44";"44184";"2";"6";"2";"6";"RD 492 DU RP EINSTEIN AU RP SARRELOUIS";"47,2676900";" -2,2535000"
"202000029274";"2";"11";"2020";"18:15";"5";"41";"41018";"2";"3";"1";"3";"LATHAM (RUE) N° PAIRS DU 4 AU 48 INCLUS";"47,5996200";"1,3081300"
"202000029275";"3";"11";"2020";"09:00";"1";"35";"35051";"1";"1";"1";"7";"NORMANDIE (PORTE DE)";"48,1517710";" -1,6044440"
"202000029276";"3";"11";"2020";"08:30";"1";"35";"35238";"2";"1";"1";"2";"SERGENT MAGINOT (AVENUE)";"48,1099502";" -1,6571342"
"202000029277";"3";"11";"2020";"06:50";"2";"33";"33075";"2";"3";"2";"3";"ALL DU BRION / RUE RAYMOND PEYRAN";"44,8749400";" -0,6051100"
"202000029278";"3";"11";"2020";"07:20";"5";"31";"31555";"1";"1";"1";"2";"VA007313 LE CHAPITRE A64 Sortie 38";"43,5587500";"1,4138200"
"202000029279";"2";"11";"2020";"12:40";"1";"31";"31555";"2";"2";"1";"3";"RUE DES TROENES";"43,6159800";"1,4145900"
"202000029280";"3";"11";"2020";"16:45";"1";"29";"29019";"2";"1";"1";"6";"Rue Jean Jaurès";"48,3989664";" -4,4726801"
"202000029281";"3";"11";"2020";"10:00";"1";"27";"27701";"2";"3";"1";"3";"BLANCHE (CH. DE LA VOIE) LOUVIERS A LACS";"49,2714300";"1,2060700"
"202000029282";"22";"10";"2020";"15:30";"1";"22";"22113";"2";"1";"1";"2";"CORDIERS (RUE DES)";"48,7303610";" -3,4491945"
"202000029283";"2";"11";"2020";"11:00";"1";"17";"17306";"2";"4";"1";"3";"EUROPE (COURS DE L')";"45,6249500";" -1,0233400"
"202000029284";"2";"11";"2020";"09:00";"1";"17";"17306";"2";"1";"1";"2";"ROCHEFORT (DE)  (AVENUE)";"45,6398130";" -1,0248680"
"202000029285";"1";"11";"2020";"13:45";"1";"14";"14167";"2";"2";"1";"1";"LIBERTE (AVENUE DE LA)";"49,2022900";" -0,2961200"
"202000029286";"2";"11";"2020";"19:50";"5";"10";"10387";"2";"6";"2";"2";"GEORGES POMPIDOU (RUE)";"48,2880100";"4,0811600"
"202000029287";"3";"11";"2020";"09:40";"1";"03";"03190";"2";"1";"2";"3";"Rue de Paris";"46,5699678";"3,3293191"
"202000029288";"2";"11";"2020";"09:25";"1";"75";"75120";"2";"4";"1";"6";"BOULEVARD PERIPHERIQUE";"48,8684920";"2,4132270"
"202000029289";"3";"11";"2020";"16:45";"1";"75";"75120";"2";"3";"1";"6";"RUE DE BAGNOLET";"48,8623550";"2,4063280"
"202000029290";"2";"11";"2020";"16:10";"1";"75";"75118";"2";"3";"2";"3";"RUE MARX DORMOY";"48,8868310";"2,3596380"
"202000029291";"3";"11";"2020";"17:25";"2";"75";"75115";"2";"1";"1";"6";"RUE LINOIS";"48,8472920";"2,2847800"
"202000029292";"3";"11";"2020";"11:55";"1";"75";"75115";"2";"2";"1";"6";"RUE DESAIX";"48,8517820";"2,2916840"
"202000029293";"3";"11";"2020";"11:45";"1";"75";"75114";"2";"3";"1";"6";"RUE LECUIROT";"48,8291740";"2,3206570"
"202000029294";"3";"11";"2020";"21:30";"5";"75";"75113";"2";"3";"1";"3";"AVENUE D ITALIE";"48,8230120";"2,3582540"
"202000029295";"3";"11";"2020";"13:25";"1";"75";"75113";"2";"2";"1";"3";"AVENUE D ITALIE";"48,8222060";"2,3585200"
"202000029296";"3";"11";"2020";"09:00";"1";"75";"75112";"2";"1";"1";"2";"BOULEVARD PERIPHERIQUE INTERIEUR SUD";"48,8296400";"2,4010760"
"202000029297";"3";"11";"2020";"09:05";"1";"75";"75111";"2";"2";"1";" -1";"AVENUE DE LA REPUBLIQUE";"48,8652930";"2,3744900"
"202000029298";"3";"11";"2020";"15:25";"1";"75";"75107";"2";"2";"1";"2";"AVENUE DE LA MOTTE PICQUET";"48,8572620";"2,3099220"
"202000029299";"3";"11";"2020";"16:50";"2";"94";"94081";"2";"1";"1";"5";"LUDWIG VAN BEETHOVEN (R)";"48,7983300";"2,3806600"
"202000029300";"3";"11";"2020";"14:05";"1";"94";"94078";"2";"1";"1";"1";" R DES SAPEURS POMPIERS DE PARIS";"48,7261500";"2,4504300"
"202000029301";"3";"11";"2020";"10:15";"1";"94";"94068";"2";"3";"1";"6";"MARIE LOUISE (AV)";"48,7957839";"2,5149733"
"202000029302";"3";"11";"2020";"19:10";"5";"94";"94046";"2";"1";"1";"2";"FOCH (AV)";"48,8156180";"2,4409180"
"202000029303";"3";"11";"2020";"07:00";"2";"94";"94028";"2";"9";"1";"7";"SEGUIN(RUE MARC)";"48,7842420";"2,4345460"
"202000029304";"2";"11";"2020";"17:40";"5";"94";"94028";"2";"3";"1";"3";"FOCH(AVENUE DU MARECHAL)";"48,7725400";"2,4399600"
"202000029305";"2";"11";"2020";"21:10";"5";"93";"93053";"2";"9";"1";"3";"PIERRE SEMARD (RUE)";"48,8946880";"2,4564456"
"202000029306";"2";"11";"2020";"23:15";"5";"93";"93010";"2";"1";"1";"2";"ROSNY (AV. DE)";"48,8947890";"2,4705514"
"202000029307";"2";"11";"2020";"07:15";"2";"92";"92048";"2";"2";"1";"3";"BRUYERES (RUE DES)";"48,8123489";"2,2149226"
"202000029308";"3";"11";"2020";"12:15";"1";"92";"92048";"2";"1";"1";"7";"PARIS (RUE DE) N° 12 A 164";"48,8077143";"2,2369355"
"202000029309";"3";"11";"2020";"17:20";"5";"92";"92040";"2";"1";"1";"3";"GUYNEMER";"48,8299100";"2,2773300"
"202000029310";"3";"11";"2020";"14:40";"1";"92";"92040";"2";"2";"1";"3";"PAIX (AVENUE DE LA)";"48,8166000";"2,2750200"
"202000029311";"2";"11";"2020";"06:30";"3";"68";"68310";"1";"1";"1";"1";"D1b";"48,1364520";"7,3218510"
"202000029312";"4";"11";"2020";"15:40";"1";"974";"97422";"2";"3";"1";"6";"171 Rue Jules Bertaut";" -21,2820370";"55,5142220"
"202000029313";"4";"11";"2020";"11:50";"1";"83";"83070";"2";"1";"1";"2";"358 avenue du Maréchal Juin";"43,1362560";"6,3583480"
"202000029314";"4";"11";"2020";"07:50";"1";"79";"79195";"2";"7";"1";"6";"2 Place Pierre Garnier";"46,9550120";" -0,5917110"
"202000029315";"23";"10";"2020";"16:15";"1";"79";"79079";"1";"6";"2";"7";"N/A";"46,9051210";" -0,6856320"
"202000029316";"3";"11";"2020";"18:20";"5";"71";"71263";"2";"1";"1";"3";"72 Rue de Beaufort";"46,6249870";"5,2390520"
"202000029317";"4";"11";"2020";"07:15";"1";"71";"71367";"2";"1";"1";"7";"Route de Lons";"46,6452406";"5,3038848"
"202000029318";"3";"11";"2020";"02:30";"3";"49";"49140";"1";"1";"1";"1";"D162";"47,1757410";"0,0258140"
"202000029319";"7";"10";"2020";"03:20";"3";"39";"39325";"1";"1";"1";"6";"N/A";"46,8861840";"5,8038710"
"202000029320";"3";"11";"2020";"14:30";"1";"29";"29165";"1";"1";"1";"6";"D102 - Lieu Dit Touloupry";"47,8375740";" -4,2268500"
"202000029321";"3";"11";"2020";"16:00";"1";"06";"06073";"1";"1";"1";"7";"RM2205 - PR40";"44,1904820";"7,0319150"
"202000029322";"4";"11";"2020";"16:35";"1";"973";"97309";"2";"1";"2";"2";"Route de Montjoly";"4,9120760";" -52,2723990"
"202000029323";"31";"10";"2020";"08:50";"1";"988";"98823";"1";"1";"1";"6";"Route de Néavin";" -21,1662140";"165,5043880"
"202000029324";"1";"11";"2020";"17:20";"1";"988";"98817";"1";"1";"1";"1";"ROUTE DU VALLON DORE";" -22,2555930";"166,5613500"
"202000029325";"3";"11";"2020";"12:20";"1";"34";"34052";"1";"1";"1";"7";"Avenue de Beziers";"43,3231793";"3,0619354"
"202000029326";"29";"10";"2020";"20:24";"3";"25";"25469";"1";"1";"2";"1";"D33";"47,4966250";"6,7375910"
"202000029327";"3";"11";"2020";"11:45";"1";"89";"89030";"2";"8";"1";"6";"Départementale D139 - Lieu dit ""LE MAUNOIR""";"47,6681760";"3,6763329"
"202000029328";"3";"11";"2020";"18:40";"2";"33";"33238";"2";"1";"1";"6";"9 Cours Mal de Lattre de Tassigny";"44,7279200";" -0,5982450"
"202000029329";"4";"11";"2020";"13:00";"1";"35";"35244";"2";"1";"1";"1";"5 Rue de Rennes";"48,3758540";" -1,4974080"
"202000029330";"30";"10";"2020";"16:00";"1";"59";"59387";"2";"2";"1";"3";"Rue Emile Zola";"50,2868010";"3,2635110"
"202000029331";"3";"11";"2020";"21:20";"3";"59";"59523";"1";"9";"9";"6";"D19";"50,5763900";"3,1747480"
"202000029332";"2";"11";"2020";"17:00";"5";"13";"13206";"1";"1";"1";"6";"Tunnel Prado Carénage";"43,2705300";"5,4213300"
"202000029333";"29";"10";"2020";"18:00";"3";"69";"69278";"1";"1";"1";"2";"A46N   9.020 A 11.650";"45,9069400";"4,8379200"
"202000029334";"31";"10";"2020";"23:20";"3";"59";"59009";"1";"1";"1";"6";"ROUTE NATIONALE 227";"50,6382140";"3,1427460"
"202000029335";"3";"11";"2020";"17:50";"3";"91";"91216";"1";"1";"1";"4";"AUTOROUTE A6";"48,6865000";"2,3264700"
"202000029336";"3";"11";"2020";"12:49";"1";"94";"94038";"1";"1";"1";"3";"AUTOROUTE A6A";"48,7770900";"2,3463200"
"202000029337";"3";"11";"2020";"18:20";"5";"93";"93078";"1";"1";"1";"4";"AUTOROUTE A104";"48,9616600";"2,5451800"
"202000029338";"2";"11";"2020";"16:45";"2";"95";"95365";"1";"1";"3";"6";"RN 104";"49,0657240";"2,4063400"
"202000029339";"3";"11";"2020";"16:00";"1";"77";"77514";"1";"1";"1";"4";"A104.INT";"48,9486702";"2,6287130"
"202000029340";"3";"11";"2020";"07:00";"2";"94";"94018";"1";"1";"1";"2";"A4";"48,8245300";"2,3939200"