"Num_Acc";"jour";"mois";"an";"hrmn";"lum";"dep";"com";"agg";"int";"atm";"col";"adr";"lat";"long"
"202000029341";"31";"8";"2020";"10:25";"1";"71";"71486";"2";"1";"1";"3";"HENRI DUNAND (BOULEVARD)";"46,6437130";"4,3334759"
"202000029342";"3";"9";"2020";"15:30";"1";"27";"27681";"2";"9";"1";"6";"JAURES (BOULEVARD JAURES)";"49,0957100";"1,4642100"
"202000029343";"27";"5";"2020";"22:45";"5";"75";"75116";"2";"2";"1";"3";"AVENUE DU PRESIDENT WILSON";"48,8637640";"2,2906930"
"202000029344";"2";"11";"2020";"09:15";"1";"974";"97416";"1";"9";"1";"6";"DE LA ZONE(ALLEE)";" -21,3188100";"55,4726300"
"202000029345";"1";"11";"2020";"16:30";"1";"974";"97416";"2";"1";"1";"7";"Chemin Maurice Thorez";" -21,2779500";"55,4676100"
"202000029346";"2";"11";"2020";"12:10";"1";"69";"69259";"2";"1";"1";"3";"MARCEL SEMBAT                       (BD)";"45,7128500";"4,8763400"
"202000029347";"2";"11";"2020";"06:35";"5";"69";"69276";"2";"1";"1";"7";"DEPARTEMENTAL 12                        ";"45,6747100";"4,8486400"
"202000029348";"2";"11";"2020";"17:00";"1";"2B";"2B033";"2";"6";"1";"3";"11 - RT";"42,6711300";"9,4423800"
"202000029349";"2";"11";"2020";"17:50";"5";"95";"95051";"2";"2";"2";"1";"GENERAL LECLERC (AVENUE)";"49,0089660";"2,1988740"
"202000029350";"29";"10";"2020";"18:25";"5";"80";"80021";"2";"1";"2";"6";"FEDERES (BOULEVARD DES)";"49,9009400";"2,2987500"
"202000029351";"31";"10";"2020";"02:40";"5";"76";"76341";"2";"1";"1";"7";"RD 6382";"49,5137747";"0,1997570"
"202000029352";"1";"11";"2020";"02:15";"5";"76";"76351";"1";"1";"2";"6";"JULES DURAND (BD)";"49,4974291";"0,1832129"
"202000029353";"1";"11";"2020";"12:40";"1";"71";"71040";"2";"1";"1";"6";"MARCEL GUEUGNEAU (RUE)";"46,6993638";"4,3928463"
"202000029354";"18";"10";"2020";"18:30";"2";"68";"68066";"2";"2";"1";" -1";"Route d’Ingersheim";"48,0826800";"7,3517900"
"202000029355";"31";"10";"2020";"15:00";"1";"67";"67482";"2";"1";"1";"5";"RHIN TORTU (RUE DU)";"48,5478000";"7,7581300"
"202000029356";"2";"11";"2020";"15:25";"1";"59";"59378";"2";"1";"1";"3";"Rue Jules Guesde";"50,6671100";"3,0755900"
"202000029357";"2";"11";"2020";"12:25";"1";"59";"59328";"2";"6";"2";" -1";"EGALITE AVENUE DE L";"50,6563300";"3,0341600"
"202000029358";"29";"10";"2020";"13:50";"1";"56";"56036";"1";"1";"1";"2";"RN 165";"47,7748300";" -3,3670500"
"202000029359";"1";"11";"2020";"11:15";"1";"54";"54274";"2";"6";"1";"3";"RD400";"48,6681800";"6,2085700"
"202000029360";"2";"11";"2020";"07:03";"5";"54";"54159";"2";"1";"1";"7";"RD400";"48,6178600";"6,3523000"
"202000029361";"31";"10";"2020";"05:40";"5";"50";"50129";"2";"6";"1";"6";"rond point des mielles";"49,6446900";" -1,5996400"
"202000029362";"30";"9";"2020";"20:42";"5";"49";"49015";"2";"1";"1";"7";"LURCAT AVENUE JEAN";"47,4877800";" -0,5868300"
"202000029363";"27";"10";"2020";"13:58";"1";"47";"47032";"2";"3";"1";"3";"349 Avenue Albert Camus";"44,1873660";"0,6637580"
"202000029364";"31";"10";"2020";"20:30";"5";"37";"37208";"2";"1";"1";"6";"GRANDMONT (RUE DE)";"47,3650268";"0,7161605"
"202000029365";"2";"11";"2020";"09:22";"1";"37";"37261";"2";"2";"1";" -1";"FOURNIER (RUE DU DOCTEUR)";"47,3853842";"0,7016074"
"202000029366";"31";"10";"2020";"18:10";"5";"37";"37261";"2";"1";"2";"2";"MAGINOT (AV. ANDRE)";"47,4170598";"0,6906633"
"202000029367";"1";"11";"2020";"13:43";"1";"37";"37261";"2";"1";"2";"7";"ALOUETTE (AVENUE)";"47,3626249";"0,6960229"
"202000029368";"1";"11";"2020";"12:40";"1";"37";"37261";"2";"1";"1";"2";"CHAUTEMPS (AVENUE CAMILLE)";"47,3757916";"0,7215537"
"202000029369";"2";"11";"2020";"08:05";"1";"35";"35238";"1";"1";"2";"4";"RN 136";"48,0882300";" -1,6340100"
"202000029370";"2";"11";"2020";"12:25";"1";"33";"33318";"2";"2";"1";"3";"AVE DU BOURGAILH / ROCADE A630 Ech13";"44,8035400";" -0,6621700"
"202000029371";"30";"10";"2020";"19:10";"4";"31";"31555";"2";"1";"1";"1";"RUE HENRI DESBALS";"43,5797500";"1,4120400"
"202000029372";"2";"11";"2020";"17:17";"2";"27";"27701";"2";"3";"8";"1";"avenue des métiers";"49,2459000";"1,1739000"
"202000029373";"2";"11";"2020";"07:35";"2";"26";"26198";"2";"1";"2";"3";"20 Avenue John Fitzgerald Kennedy";"44,5543600";"4,7387900"
"202000029374";"29";"10";"2020";"22:50";"3";"22";"22106";"1";"1";"1";"2";"RN12";"48,4966700";" -2,7241300"
"202000029375";"2";"11";"2020";"15:20";"1";"17";"17306";"2";"1";"2";"6";"CHATEAU D'EAU (DU)";"45,6239200";" -1,0353900"
"202000029376";"27";"10";"2020";"07:20";"1";"13";"13108";"1";"1";"1";"2";"RD 970 ROUTE D'AVIGNON";"43,7716200";"4,6890100"
"202000029377";"2";"11";"2020";"13:50";"1";"13";"13209";"2";"3";"1";"1";"VALLON DE TOULOUSE (RUE)";"43,2680540";"5,4183700"
"202000029378";"2";"11";"2020";"10:45";"1";"13";"13203";"2";"1";"1";"3";"CRIMEE (RUE DE)";"43,3077720";"5,3797830"
"202000029379";"2";"11";"2020";"00:35";"5";"13";"13211";"2";"1";"1";"7";"MILLIERE (BOULEVARD DE LA )";"43,2832400";"5,4965700"
"202000029380";"30";"10";"2020";"05:15";"3";"13";"13047";"1";"1";"1";"7";"R.N 569";"43,5650700";"4,9753900"
"202000029381";"1";"11";"2020";"07:15";"2";"13";"13001";"1";"1";"1";"7";"ENFANT (RTE DE L')";"43,4966400";"5,3774600"
"202000029382";"1";"11";"2020";"14:23";"1";"06";"06027";"2";"1";"1";"6";"COMBES RUE DES";"43,6644000";"7,1476000"
"202000029383";"29";"10";"2020";"16:30";"1";"04";"04070";"2";"2";"1";"3";"Allée des fontainiers / rue des charrois";"44,0929400";"6,2319300"
"202000029384";"2";"11";"2020";"00:55";"5";"75";"75117";"2";"4";"1";"6";"BOULEVARD PERIPHERIQUE";"48,8829940";"2,2836200"
"202000029385";"2";"11";"2020";"16:55";"3";"75";"75118";"2";"3";"2";"6";"BOULEVARD BARBES";"48,8852540";"2,3495180"
"202000029386";"2";"11";"2020";"09:15";"1";"75";"75118";"2";"2";"1";"2";"RUE DU POTEAU";"48,8977250";"2,3375050"
"202000029387";"1";"11";"2020";"13:05";"1";"75";"75116";"2";"7";"1";"2";"AVENUE GEORGES LAFONT";"48,8374930";"2,2568030"
"202000029388";"2";"11";"2020";"08:30";"1";"75";"75111";"2";"3";"8";"6";"PASSAGE CHARLES DALLERY";"48,8533040";"2,3787270"
"202000029389";"2";"11";"2020";"17:35";"2";"75";"75107";"2";"2";"1";"3";"PLACE DE L ECOLE MILITAIRE";"48,8542710";"2,3054490"
"202000029390";"2";"11";"2020";"09:30";"1";"75";"75107";"2";"3";"1";"3";"RUE DUROC";"48,8482960";"2,3157650"
"202000029391";"2";"11";"2020";"12:15";"1";"94";"94078";"2";"2";"1";"6";"PRESIDENT JOHN FITZGERALD KENNEDY (AV DU";"48,7313200";"2,4588900"
"202000029392";"1";"11";"2020";"22:00";"5";"94";"94046";"2";"3";"2";"3";"GENERAL LECLERC (AV DU)";"48,8053800";"2,4415700"
"202000029393";"2";"11";"2020";"20:20";"5";"94";"94043";"2";"1";"1";"4";"FONTAINEBLEAU (AV DE)";"48,8127500";"2,3613700"
"202000029394";"2";"11";"2020";"17:50";"5";"94";"94037";"2";"1";"1";"6";"GABRIEL PERI (R)";"48,8100730";"2,3497030"
"202000029395";"2";"11";"2020";"18:30";"5";"94";"94028";"2";"1";"8";"3";"BROSSOLETTE(AVENUE PIERRE)";"48,7906700";"2,4627500"
"202000029396";"2";"11";"2020";"08:05";"1";"94";"94017";"2";"1";"1";"3";"LOUIS TALAMONI (R)";"48,8129600";"2,5133000"
"202000029397";"2";"11";"2020";"13:00";"1";"94";"94078";"2";"1";"1";"2";"PARIS (R DE)";"48,7398440";"2,4466020"
"202000029398";"2";"11";"2020";"10:00";"1";"93";"93078";"2";"9";"1";"2";"AV VAUBAN";"48,9668200";"2,5520900"
"202000029399";"2";"11";"2020";"09:50";"1";"93";"93005";"2";"1";"1";"6";"PREFET CHALEIL (CD44) (RUE DU)";"48,9399107";"2,5056889"
"202000029400";"2";"11";"2020";"08:54";"1";"92";"92044";"2";"3";"1";"6";"CARNOT(RUE) 73+ ET 60+";"48,8932000";"2,2854000"
"202000029401";"3";"11";"2020";"16:30";"2";"35";"35180";"1";"1";"1";"1";"Lanjouan";"48,3021910";" -1,9273770"
"202000029402";"3";"11";"2020";"07:05";"5";"22";"22237";"2";"1";"1";"6";"13 Rue Chateaubriand";"48,5307270";" -2,2671530"
"202000029403";"1";"11";"2020";"21:55";"3";"37";"37264";"1";"1";"1";"7";"N/A";"47,3277554";"0,4726719"
"202000029404";"4";"9";"2020";"00:00";"3";"59";"59485";"1";"1";"2";"6";"D45";"50,1553390";"3,4251640"
"202000029405";"2";"11";"2020";"18:00";"3";"67";"67121";"1";"1";"1";"2";"D208";"48,1659240";"7,5025620"
"202000029406";"3";"11";"2020";"12:00";"1";"79";"79103";"1";"1";"1";"1";"N/A";"46,7654120";" -0,5680270"
"202000029407";"2";"11";"2020";"17:15";"2";"89";"89209";"1";"3";"2";"3";"D42";"48,1641935";"2,9437749"
"202000029408";"31";"10";"2020";"15:50";"1";"46";"46145";"1";"1";"1";"6";"D820";"44,9068940";"1,4860730"
"202000029409";"2";"11";"2020";"19:10";"3";"46";"46176";"1";"6";"1";"6";"D802";"44,6567940";"1,8521620"
"202000029410";"2";"11";"2020";"16:45";"1";"22";"22152";"2";"6";"1";"3";"Z.a. de Kerfolic";"48,7760934";" -3,2472699"
"202000029411";"2";"11";"2020";"21:10";"3";"22";"22238";"1";"1";"1";"7";"Manac'Hti";"48,5908730";" -3,5660990"
"202000029412";"3";"11";"2020";"12:15";"1";"44";"44211";"2";"3";"1";"2";"Rue du Rouallo";"47,3519080";" -2,5079140"
"202000029413";"2";"11";"2020";"12:49";"1";"29";"29279";"1";"3";"1";"3";"Keridou";"48,5762840";" -3,9186900"
"202000029414";"1";"11";"2020";"09:00";"1";"31";"31397";"1";"1";"1";"6";"D632";"43,3491633";"0,7172251"
"202000029415";"2";"11";"2020";"20:50";"3";"45";"45146";"1";"1";"2";"6";"D 2020";"47,6969100";"1,9514680"
"202000029416";"29";"10";"2020";"18:15";"3";"45";"45193";"1";"1";"1";"1";"D14";"47,8105610";"2,0509240"
"202000029417";"31";"10";"2020";"09:30";"1";"64";"64417";"2";"3";"1";"6";"23 Rue Clémenceau";"43,1796710";" -0,2616070"
"202000029418";"30";"1";"2020";"16:55";"1";"36";"36088";"2";"1";"1";"6";"Rue de l'Egalité";"46,9504970";"1,9946300"
"202000029419";"2";"11";"2020";"12:40";"1";"987";"98738";"2";"1";"1";"3";"RT1";" -17,6218800";" -149,6136460"
"202000029420";"31";"10";"2020";"17:20";"2";"35";"35131";"1";"6";"1";"6";"Rond point des Mares Noires";"48,1290010";" -1,8280760"
"202000029421";"2";"11";"2020";"15:30";"1";"971";"97121";"2";"1";"1";"2";"Mahault";"16,1954090";" -61,7817230"
"202000029422";"2";"11";"2020";"17:00";"1";"78";"78562";"2";"1";"1";"6";"20 Rue Octave Allaire";"48,7193280";"1,7638690"
"202000029423";"1";"11";"2020";"14:00";"1";"84";"84012";"1";"1";"1";"1";"D90, route de Lafare";"44,1403030";"5,0468020"
"202000029424";"3";"11";"2020";"07:50";"2";"89";"89399";"1";"1";"1";"6";"pk 67+450 a5";"48,2591130";"3,3261540"
"202000029425";"2";"11";"2020";"20:15";"3";"54";"54090";"1";"1";"2";"3";"D321";"48,7495254";"6,1609590"
"202000029426";"28";"10";"2020";"15:40";"1";"42";"42168";"1";"1";"2";"7";"D62";"45,4376780";"4,6454790"
"202000029427";"23";"10";"2020";"10:10";"1";"01";"01249";"2";"1";"2";"6";"1 Rue Joseph Carre";"45,8252480";"4,9539330"
"202000029428";"3";"11";"2020";"15:18";"1";"01";"01211";"1";"1";"2";"1";"D22";"46,1292330";"5,1915120"
"202000029429";"9";"10";"2020";"16:00";"1";"59";"59178";"2";"1";"1";"6";"PERRIN (RUE JEAN)";"50,3974000";"3,1034000"
"202000029430";"4";"6";"2020";"12:45";"1";"01";"01451";"2";"1";"1";"1";"PARIS (ROUTE DE)";"46,2287520";"5,2033480"
"202000029431";"3";"6";"2020";"20:10";"1";"75";"75118";"2";"1";"1";"4";"PORTE DE CLIGNANCOURT";"48,9009840";"2,3480380"
"202000029432";"3";"6";"2020";"13:45";"1";"75";"75114";"2";"1";"1";"3";"PORTE D ORLEANS";"48,8198080";"2,3270240"
"202000029433";"3";"6";"2020";"18:18";"1";"75";"75113";"2";"4";"1";"2";"BOULEVARD PERIPHERIQUE EXTERIEUR SUD";"48,8186400";"2,3706570"
"202000029434";"1";"6";"2020";"18:25";"1";"75";"75105";"2";"1";"1";"6";"RUE DES FOSSES SAINT BERNARD";"48,8483330";"2,3545920"
"202000029435";"4";"6";"2020";"13:10";"1";"75";"75120";"2";"1";"1";"6";"RUE DE BELLEVILLE";"48,8723510";"2,3778490"
"202000029436";"4";"6";"2020";"16:40";"1";"75";"75118";"2";"3";"8";"6";"RUE ORDENER";"48,8902500";"2,3583190"
"202000029437";"4";"6";"2020";"10:05";"1";"75";"75117";"2";"3";"2";"6";"AVENUE DE CLICHY";"48,8929860";"2,3160560"
"202000029438";"4";"6";"2020";"09:45";"1";"75";"75116";"2";"7";"2";"2";"AVENUE D IENA";"48,8732070";"2,2951100"
"202000029439";"3";"6";"2020";"23:30";"5";"75";"75108";"2";"7";"3";"6";"PLACE GABRIEL PERI";"48,8753400";"2,3248390"
"202000029440";"4";"6";"2020";"12:00";"1";"75";"75114";"2";"1";"2";"2";"RUE D ALESIA";"48,8275690";"2,3342550"
"202000029441";"4";"6";"2020";"13:20";"1";"75";"75112";"2";"1";"8";"3";"AVENUE DE LA PORTE DE VINCENNES";"48,8465800";"2,4156800"
"202000029442";"4";"6";"2020";"09:10";"1";"75";"75110";"2";"2";"2";"3";"RUE LA FAYETTE";"48,8797230";"2,3586820"
"202000029443";"3";"6";"2020";"23:14";"5";"75";"75107";"2";"7";"2";"7";"BOULEVARD DES INVALIDES";"48,8505547";"2,3145264"
"202000029444";"4";"6";"2020";"14:05";"1";"75";"75102";"2";"4";"1";"6";"BOULEVARD DE BONNE NOUVELLE";"48,8697150";"2,3519440"
"202000029445";"2";"6";"2020";"13:30";"1";"75";"75104";"2";"3";"1";"3";"QUAI DES CELESTINS";"48,8511750";"2,3624200"
"202000029446";"3";"6";"2020";"20:28";"1";"94";"94078";"2";"1";"1";"2";"HUIT MAI 1945 (AV DU)";"48,7279600";"2,4457500"
"202000029447";"2";"6";"2020";"19:30";"1";"94";"94041";"2";"3";"1";"3";"HOCHE (R)";"48,8120700";"2,3712700"
"202000029448";"4";"6";"2020";"17:30";"1";"94";"94028";"2";"1";"2";"6";"TASSIGNY(AVE DU MARECHAL DE LATTRE DE)";"48,8008000";"2,4505000"
"202000029449";"4";"6";"2020";"08:45";"1";"94";"94060";"2";"1";"3";"7";"GENERAL DE GAULLE (R DU)";"48,7819000";"2,5705000"
"202000029450";"1";"10";"2020";"08:00";"5";"93";"93008";"1";"1";"2";"2";"A86";"48,9635000";"2,5216000"
"202000029451";"3";"6";"2020";"23:30";"5";"93";"93071";"2";"3";"2";"3";"LIEGEARD (AVENUE)";"48,9276387";"2,5194093"
"202000029452";"1";"10";"2020";"10:15";"1";"92";"92036";"1";"1";"2";"3";"AUTOROUTE A15";"48,9396300";"2,2945200"
"202000029453";"4";"6";"2020";"12:35";"1";"93";"93077";"2";"2";"2";"3";"DETOUCHE (AVENUE)";"48,8847100";"2,5115600"
"202000029454";"1";"10";"2020";"08:40";"1";"93";"93066";"1";"1";"2";"3";"AUTOROUTE A1";"48,9293200";"2,3609800"
"202000029455";"2";"10";"2020";"16:30";"1";"94";"94073";"1";"9";"2";"3";"A86 EXT";"48,7702510";"2,3831200"
"202000029456";"4";"6";"2020";"12:30";"1";"93";"93027";"2";"2";"2";"3";"VAILLANT-COUTURIER (AVENUE PAUL)";"48,9179639";"2,4076631"
"202000029457";"25";"2";"2020";"18:00";"2";"52";"52121";"2";"1";"1";"2";"ROBESPIERRE (RUE)";"48,1026600";"5,1346200"
"202000029458";"11";"6";"2020";"14:05";"1";"05";"05061";"2";"1";"8";"6";"CAPITAINE PELLEGRIN (RUE)";"44,5693500";"6,0822400"
"202000029459";"4";"6";"2020";"19:15";"1";"93";"93047";"2";"3";"2";"3";"BD DE L'EUROPE / AV DES MESANGES";"48,8967960";"2,5637270"
"202000029460";"1";"1";"2020";"20:15";"5";"93";"93031";"2";"3";"2";"2";"PARIS (RUE DE)";"48,9539300";"2,3108500"
"202000029461";"4";"6";"2020";"20:10";"1";"93";"93010";"2";"1";"1";"4";"GALLIENI (AV.) DE 111 A 175";"48,9059086";"2,4795328"
"202000029462";"30";"9";"2020";"17:40";"1";"974";"97416";"2";"1";"1";"3";"FLAMBOYANTS (CHEMIN) L400";" -21,2790200";"55,5001800"
"202000029463";"4";"6";"2020";"10:05";"1";"93";"93005";"1";"1";"2";"4";"R PAUL CEZANNE";"48,9547500";"2,5101000"
"202000029464";"1";"10";"2020";"18:55";"5";"973";"97302";"2";"1";"1";"3";"TIGRE (ROUTE DU)";"4,9145447";" -52,3098725"
"202000029465";"5";"6";"2020";"20:30";"1";"22";"22056";"2";"1";"1";"7";"Rue des Rochers";"48,3835610";" -1,9811330"
"202000029466";"1";"10";"2020";"13:10";"1";"973";"97302";"2";"6";"7";"6";"BADUEL (ROUTE DE)";"4,9331494";" -52,3095560"
"202000029467";"3";"6";"2020";"11:07";"1";"49";"49244";"1";"3";"1";"3";"La Perriere (st Laurent Mo (Saint-Laurent-du-Mottay)";"47,3625740";" -0,9744470"
"202000029468";"4";"6";"2020";"11:35";"1";"47";"47225";"1";"1";"8";"6";"D656 PK 53+600";"44,1550630";"0,5511888"
"202000029469";"1";"10";"2020";"22:00";"5";"69";"69383";"2";"3";"1";"3";"LACASSAGNE                          (AV)";"45,7463800";"4,8857900"
"202000029470";"5";"6";"2020";"17:00";"1";"62";"62008";"1";"1";"1";"5";"D225";"50,7179820";"2,1032380"
"202000029471";"1";"10";"2020";"11:05";"1";"69";"69386";"2";"2";"3";"3";"VITTON                              (CO)";"45,7702632";"4,8607754"
"202000029472";"26";"5";"2020";"02:30";"5";"33";"33287";"2";"1";"1";"6";"Le Bourg Sud";"44,5669800";"0,0349300"
"202000029473";"1";"10";"2020";"07:45";"1";"69";"69259";"2";"1";"1";"2";"MARC SEGUIN                             ";"45,7162900";"4,8635100"
"202000029474";"3";"6";"2020";"14:27";"1";"21";"21599";"1";"1";"3";"3";"A31";"47,6014030";"5,2012320"
"202000029475";"1";"10";"2020";"00:25";"5";"69";"69387";"2";"8";"1";"3";"TONY GARNIER                        (AV)";"45,7315200";"4,8241600"
"202000029476";"5";"6";"2020";"18:40";"1";"83";"83036";"2";"1";"1";"6";"Avenue de Saint-raphaël";"43,1850490";"6,5450780"
"202000029477";"4";"6";"2020";"20:25";"1";"19";"19151";"1";"1";"2";"6";"A20";"45,1060000";"1,5163550"
"202000029478";"30";"9";"2020";"15:25";"1";"972";"97209";"1";"1";"2";"4";"AUTOROUTE (A1)";"14,6145500";" -61,0496900"
"202000029479";"30";"9";"2020";"11:44";"1";"972";"97209";"1";"1";"1";"6";"ARAWAKS (AVENUE DES)";"14,6185300";" -61,0402600"
"202000029480";"30";"9";"2020";"08:45";"1";"69";"69389";"2";"1";"1";"6";"COMBATTANTS D'A.F.N. 1952-1962 (DES)(R )";"45,7695200";"4,7999000"
"202000029481";"4";"6";"2020";"23:40";"5";"974";"97415";"2";"1";"1";"7";"Rue des Caramboles";" -20,9800730";"55,3225890"
"202000029482";"1";"10";"2020";"12:55";"1";"91";"91377";"2";"1";"1";"2";"LONGJUMEAU (RUE DE)";"48,7279000";"2,2799000"
"202000029483";"4";"6";"2020";"17:25";"1";"19";"19028";"2";"1";"2";"3";"Route du Saut de la Saule";"45,3915249";"2,4960964"
"202000029484";"4";"6";"2020";"12:20";"1";"59";"59663";"1";"1";"1";"2";"2689 Route de Bergues";"50,9077040";"2,4539520"
"202000029485";"1";"10";"2020";"08:25";"1";"91";"91027";"2";"1";"2";"5";"FRANCOIS MITTERRAND (AVENUE)";"48,6990400";"2,3718400"
"202000029486";"5";"6";"2020";"09:45";"1";"74";"74011";"1";"1";"2";"1";"D 16";"45,9181390";"6,1867140"
"202000029487";"22";"9";"2020";"09:40";"1";"89";"89387";"2";"1";"1";"3";"PONT NEUF (BOULEVARD DU)";"48,2045100";"3,2727000"
"202000029488";"24";"9";"2020";"12:55";"1";"86";"86194";"2";"1";"1";"2";"Route de Parthenay";"46,6019940";"0,3151170"
"202000029489";"4";"6";"2020";"19:15";"1";"79";"79062";"1";"1";"8";"7";"N/A";"46,8427280";" -0,6750580"
"202000029490";"25";"9";"2020";"14:00";"1";"83";"83137";"2";"8";"1";"3";"BLONDEL (RUE ANDRE)";"43,1227430";"5,9755650"
"202000029491";"4";"6";"2020";"13:45";"1";"12";"12099";"1";"4";"1";"1";"D902";"43,7990600";"2,9388070"
"202000029492";"24";"9";"2020";"18:00";"1";"83";"83126";"2";"1";"8";"6";"DE GAULLE (AV CHARLES)";"43,0906300";"5,8812100"
"202000029493";"28";"9";"2020";"21:56";"5";"78";"78646";"2";"2";"1";"3";"ORANGERIE (RUE DE L')";"48,7996800";"2,1244600"
"202000029494";"29";"5";"2020";"08:40";"1";"68";"68059";"2";"1";"1";"6";"18 Rue de Cernay";"47,7230380";"7,1547010"
"202000029495";"25";"9";"2020";"13:46";"1";"78";"78646";"2";"1";"2";"3";"CEINTURE (RUE DE LA)";"48,8089500";"2,1501900"
"202000029496";"3";"6";"2020";"15:40";"1";"22";"22222";"2";"3";"1";"3";"17 Le Chêne Vert";"48,6877360";" -2,9310830"
"202000029497";"1";"10";"2020";"22:00";"3";"78";"78440";"2";"1";"1";"1";"BOUAFLE (ROUTE DE)";"48,9731790";"1,9105380"
"202000029498";"2";"6";"2020";"17:25";"1";"38";"38034";"1";"3";"1";"3";"Chemin de Pommier";"45,3465770";"5,0640960"
"202000029499";"25";"9";"2020";"18:14";"1";"77";"77288";"2";"2";"1";"3";"EDMOND MICHELET (RUE)";"48,5488500";"2,6549700"
"202000029500";"4";"6";"2020";"23:30";"3";"38";"38181";"1";"1";"2";"6";"Route des Thermes";"45,3462340";"5,9836330"
"202000029501";"4";"6";"2020";"19:30";"2";"01";"01204";"1";"1";"2";"1";"D1084";"46,1635520";"5,6996300"
"202000029502";"30";"9";"2020";"20:25";"5";"76";"76351";"2";"2";"2";"2";"CALIGNY (DE)";"49,4932000";"0,1007800"
"202000029503";"3";"6";"2020";"12:00";"1";"01";"01321";"1";"2";"1";"3";"D81";"46,1609840";"5,3455000"
"202000029504";"25";"9";"2020";"11:50";"1";"73";"73065";"1";"1";"1";"4";"N201 VOIE RAPIDE URBAINE";"45,5757300";"5,9270400"
"202000029505";"1";"10";"2020";"15:00";"1";"69";"69264";"2";"6";"8";" -1";"BURDEAU BD";"45,9961100";"4,7252900"
"202000029506";"19";"5";"2020";"03:10";"3";"58";"58088";"1";"1";"1";"3";"d977";"47,0236260";"3,2120420"
"202000029507";"4";"6";"2020";"17:23";"1";"50";"50405";"1";"3";"1";"7";"1 Rue Sainte Anne";"49,2800890";" -1,4218070"
"202000029508";"26";"9";"2020";"10:30";"1";"69";"69264";"2";"1";"2";" -1";"NATIONALE  R";"45,9949600";"4,7191100"
"202000029509";"1";"10";"2020";"06:20";"3";"67";"67218";"1";"1";"1";"1";"23 NOVEMBRE (RUE DU)";"48,5320900";"7,7066100"
"202000029510";"4";"6";"2020";"16:30";"1";"73";"73010";"1";"1";"2";"3";"D911 Route des Bauges";"45,7387770";"5,9687520"
"202000029511";"1";"10";"2020";"17:20";"1";"64";"64445";"2";"6";"1";"3";"Rond Point des Allees de Morlaas";"43,3080010";" -0,3393190"
"202000029512";"1";"10";"2020";"00:35";"5";"64";"64024";"2";"1";"1";"6";"ETCHECOPAR (ALLEE)";"43,4648964";" -1,5297389"
"202000029513";"5";"6";"2020";"11:49";"1";"18";"18061";"1";"2";"2";"2";"RN 151";"47,1417120";"2,8005640"
"202000029514";"30";"9";"2020";"14:30";"1";"64";"64102";"2";"3";"1";"3";"LEGION TCHEQUE (AVENUE DE LA)";"43,4938000";" -1,4938000"
"202000029515";"4";"6";"2020";"15:00";"1";"10";"10162";"2";"4";"8";"3";"Rue des deux Châteaux";"48,2157660";"4,2123400"
"202000029516";"24";"9";"2020";"15:50";"1";"63";"63032";"2";"6";"1";"2";"AUBIERE (ROUTE D')";"45,7484800";"3,0943500"
"202000029517";"1";"6";"2020";"10:00";"1";"07";"07011";"1";"1";"1";"6";"Le Pont de l'Huile";"44,7153840";"4,3605320"
"202000029518";"30";"9";"2020";"16:25";"1";"62";"62193";"2";"5";"8";"3";"LHEUREUX (RUE L.)";"50,9400800";"1,8707700"
"202000029519";"28";"5";"2020";"20:00";"1";"21";"21591";"1";"1";"1";"7";"La Grande Sommière";"47,4313100";"5,0341440"
"202000029520";"5";"6";"2020";"12:35";"1";"40";"40231";"1";"1";"2";"6";"D817";"43,5620500";" -1,1658170"
"202000029521";"1";"10";"2020";"07:45";"2";"61";"61001";"2";"3";"2";"3";"DENIS PAPIN (RUE)";"48,4335200";"0,0981500"
"202000029522";"4";"6";"2020";"13:40";"1";"24";"24311";"1";"1";"1";"1";"Saint-Martin-le-Pin";"45,5438700";"0,6515410"
"202000029523";"29";"9";"2020";"12:15";"1";"59";"59437";"1";"1";"2";"1";"MONT DE TEMPLEMARS RUE DU";"50,5745700";"3,0282400"
"202000029524";"29";"9";"2020";"06:55";"5";"59";"59329";"2";"1";"2";"6";"Rue Faidherbe";"50,3518800";"3,0617400"
"202000029525";"5";"6";"2020";"16:20";"1";"85";"85084";"2";"2";"1";"3";"4 Rue du Cormier";"46,7779630";" -1,2378130"
"202000029526";"30";"9";"2020";"17:00";"1";"59";"59017";"2";"1";"1";"2";"COMINES (RUE DE)";"50,6809019";"2,8799347"
"202000029527";"4";"6";"2020";"15:15";"1";"27";"27261";"1";"1";"1";"7";"chemin les teurquerines";"49,2217180";"0,9715550"
"202000029528";"30";"9";"2020";"20:00";"5";"57";"57240";"2";"1";"1";"6";"HOMBOURG (RUE)";"49,1427500";"6,7952800"
"202000029529";"30";"5";"2020";"12:20";"1";"52";"52140";"1";"1";"1";"6";"D619";"48,2223510";"4,8488120"
"202000029530";"30";"9";"2020";"13:00";"1";"56";"56098";"2";"1";"1";"6";"Parking du Mac Donalds";"47,7775900";" -3,3426700"
"202000029531";"3";"6";"2020";"17:15";"1";"88";"88075";"1";"1";"1";"2";"Route du Chajoux";"48,0136260";"6,8891470"
"202000029532";"30";"9";"2020";"21:43";"5";"54";"54395";"2";"3";"1";"3";"BOUFFLERS (AV. DE 74 A 334 - 53 A 399)";"48,6892000";"6,1616500"
"202000029533";"2";"6";"2020";"16:35";"1";"987";"98734";"1";"1";"1";"6";"PK 31+600 - Coté mer";" -17,7233790";" -149,5057300"
"202000029534";"30";"9";"2020";"19:15";"2";"54";"54395";"2";"2";"8";"3";"LOBAU (BOULEVARD)";"48,6915900";"6,1927400"