"Num_Acc";"jour";"mois";"an";"hrmn";"lum";"dep";"com";"agg";"int";"atm";"col";"adr";"lat";"long"
"202000029535";"4";"6";"2020";"11:10";"1";"74";"74264";"2";"1";"2";"6";"Avenue du Crozet";"46,0636180";"6,5497320"
"202000029536";"30";"9";"2020";"17:30";"1";"54";"54328";"2";"3";"1";"3";"RD73";"48,6234300";"6,1847000"
"202000029537";"30";"9";"2020";"17:15";"1";"54";"54395";"2";"1";"1";"6";"JOFFRE (Boulevard)";"48,6881400";"6,1777600"
"202000029538";"15";"2";"2020";"05:10";"3";"73";"73104";"1";"1";"1";"4";"A43";"45,5560190";"5,7570510"
"202000029539";"4";"6";"2020";"19:30";"3";"986";"98613";"2";"1";"1";"6";"Allée Thomas JOHNSTON";" -22,2365420";"166,4396480"
"202000029540";"30";"9";"2020";"12:14";"1";"49";"49007";"2";"1";"1";"7";"MONTESQUIEU PASSAGE";"47,4722300";" -0,5849600"
"202000029541";"1";"10";"2020";"08:52";"1";"45";"45286";"2";"1";"2";"3";"DE GAULLE (RUE DU GENERAL)";"47,8896400";"1,9236400"
"202000029542";"2";"6";"2020";"12:00";"1";"976";"97607";"2";"1";"1";"6";"Rue du Chateau d'Eau";" -12,8461080";"45,1832160"
"202000029543";"30";"9";"2020";"10:05";"1";"44";"44184";"2";"3";"1";"6";"VILLENEUVE (AVENUE DE)";"47,2812700";" -2,2424800"
"202000029544";"4";"6";"2020";"14:00";"1";"29";"29147";"1";"2";"1";"6";"Route de Concarneau à Plouay";"47,8695170";" -3,6030650"
"202000029545";"30";"9";"2020";"17:20";"1";"38";"38185";"2";"7";"1";"3";"Place Gustave Rivet";"45,1821000";"5,7274000"
"202000029546";"4";"6";"2020";"11:25";"1";"37";"37003";"2";"1";"8";"6";"33 Quai du Général de Gaulle";"47,4109688";"0,9760410"
"202000029547";"30";"9";"2020";"09:00";"1";"38";"38151";"2";"9";"1";"1";"Avenue Victor Hugo";"45,1542100";"5,7122900"
"202000029548";"5";"6";"2020";"14:30";"1";"91";"91111";"2";"1";"8";"6";"4 Impasse de Chantereine";"48,6466450";"2,1201360"
"202000029549";"19";"5";"2020";"17:25";"1";"91";"91129";"2";"9";"1";"2";"37 Avenue d'Arpajon";"48,4903270";"2,3507790"
"202000029550";"3";"6";"2020";"13:45";"1";"78";"78128";"2";"1";"1";"3";"1 rue de la vallée";"48,6745410";"1,9619610"
"202000029551";"1";"10";"2020";"15:30";"1";"34";"34172";"2";"2";"1";"3";"8 MAI 1945 (PLACE DU)";"43,6008900";"3,8681700"
"202000029552";"30";"9";"2020";"18:45";"1";"34";"34172";"2";"1";"1";"3";"PONT JUVENAL (AVENUE DU)";"43,6055629";"3,8875922"
"202000029553";"1";"10";"2020";"21:00";"4";"33";"33063";"2";"3";"2";"2";"QUAI DE BRAZZA";"44,8559600";" -0,5496500"
"202000029554";"1";"10";"2020";"23:53";"5";"29";"29232";"2";"1";"3";"7";"Rue du 19 Mars 1962";"47,9888422";" -4,1110647"
"202000029555";"29";"9";"2020";"12:50";"1";"29";"29232";"2";"2";"1";"6";"Rue du Parc";"47,9945650";" -4,1044250"
"202000029556";"1";"10";"2020";"07:45";"2";"27";"27681";"1";"1";"2";"1";"RELIGIEUSES (CHEMIN)";"49,0739700";"1,4684200"
"202000029557";"22";"5";"2020";"15:00";"1";"74";"74045";"1";"1";"1";"1";"Route de l'Épine";"45,7962020";"6,3674890"
"202000029558";"1";"6";"2020";"11:15";"1";"07";"07032";"1";"3";"1";"7";"Quartier Taverne";"44,6641027";"4,5674346"
"202000029559";"30";"9";"2020";"13:00";"1";"27";"27229";"2";"1";"2";"4";"ALLENDE (BOULEVARD DU PRESIDENT)";"49,0040681";"1,1471511"
"202000029560";"3";"6";"2020";"11:30";"1";"65";"65059";"2";"1";"1";"2";"17 Route de Toulouse";"43,0713880";"0,1578000"
"202000029561";"1";"10";"2020";"12:10";"1";"25";"25056";"2";"1";"2";"7";"FAURE";"47,2430600";"6,0172100"
"202000029562";"28";"9";"2020";"11:30";"1";"22";"22278";"2";"1";"1";"7";"BERTHOLLET";"48,5031470";" -2,7450085"
"202000029563";"5";"6";"2020";"05:45";"3";"09";"09334";"2";"1";"9";"6";"CD 8";"42,7679980";"1,5004280"
"202000029564";"30";"9";"2020";"16:15";"1";"22";"22113";"2";"2";"3";"3";"YAUDET (ROUTE DU)";"48,7315630";" -3,4803110"
"202000029565";"1";"10";"2020";"11:30";"1";"17";"17028";"2";"1";"1";"3";"SALENGRO   AVENUE ROGER";"46,1401000";" -1,1330400"
"202000029566";"3";"6";"2020";"19:50";"1";"35";"35066";"2";"4";"2";"1";"RD 34";"48,0404120";" -1,6880850"
"202000029567";"1";"10";"2020";"07:05";"5";"17";"17300";"2";"1";"2";"7";"CIMETIERE   AVENUE DU";"46,1642500";" -1,1251400"
"202000029568";"1";"10";"2020";"11:05";"1";"15";"15014";"2";"1";"3";"6";"MILHAUD (AVENUE)";"44,9227700";"2,4378100"
"202000029569";"5";"6";"2020";"08:20";"1";"27";"27234";"1";"1";"1";"7";"N154";"49,0268894";"1,1896100"
"202000029570";"1";"10";"2020";"22:10";"5";"14";"14118";"2";"2";"1";"1";"GUILLOU (BOULEVARD YVES)";"49,1725100";" -0,3812300"
"202000029571";"4";"6";"2020";"22:50";"5";"60";"60342";"2";"5";"1";"6";"10 Rue du 8 Mai 1945";"49,3035892";"2,4441238"
"202000029572";"5";"6";"2020";"18:25";"1";"60";"60103";"1";"1";"8";"7";"route nationale 31";"49,4170810";"2,2425090"
"202000029573";"1";"10";"2020";"04:55";"5";"13";"13208";"2";"6";"1";"3";"PIERRE GUERRE (ROND-POINT)";"43,2503300";"5,3887400"
"202000029574";"4";"6";"2020";"06:53";"2";"13";"13085";"1";"1";"3";"7";"A50-Sens Toulon vers Aubagne";"43,2557550";"5,5940129"
"202000029575";"1";"10";"2020";"19:00";"2";"13";"13206";"2";"2";"1";"3";"STANISLAS TORRENTS (RUE)";"43,2889000";"5,3776400"
"202000029576";"4";"6";"2020";"01:53";"5";"13";"13207";"1";"1";"2";"6";"Tunnel du vieux-port";"43,2917770";"5,3661570"
"202000029577";"3";"6";"2020";"10:00";"1";"13";"13085";"1";"1";"1";"3";"Sens Toulon vers Aubagne";"43,2483200";"5,5984600"
"202000029578";"1";"10";"2020";"17:50";"2";"13";"13204";"2";"1";"8";"6";"MARÉCHAL FOCH (AVENUE)";"43,3016800";"5,3980100"
"202000029579";"4";"6";"2020";"05:25";"5";"33";"33063";"1";"1";"2";"5";"ROCADE A 630";"44,8812400";" -0,5433200"
"202000029580";"1";"10";"2020";"06:20";"5";"13";"13002";"2";"1";"1";"6";"GENERAL LECLERC (AVENUE DU)";"43,3446742";"5,4867854"
"202000029581";"4";"6";"2020";"09:50";"1";"91";"91659";"1";"1";"3";"3";"AUTOROUTE A6";"48,5781000";"2,4632100"
"202000029582";"4";"6";"2020";"09:20";"1";"94";"94003";"1";"1";"3";"7";"AUTOROUTE A6A";"48,8088600";"2,3398000"
"202000029583";"1";"10";"2020";"08:20";"1";"13";"13205";"2";"1";"1";"3";"JEAN MOULIN (BOULEVARD)";"43,2890950";"5,4000620"
"202000029584";"4";"6";"2020";"11:25";"1";"78";"78646";"2";"1";"1";"6";"RN12";"48,7912390";"2,0718330"
"202000029585";"30";"9";"2020";"19:15";"2";"13";"13205";"2";"3";"1";" -1";"BAILLE (BOULEVARD)";"43,2888920";"5,3948430"
"202000029586";"4";"6";"2020";"06:35";"1";"92";"92063";"1";"9";"2";"6";"A86";"48,8728159";"2,1569681"
"202000029587";"30";"9";"2020";"17:30";"1";"10";"10387";"2";"2";"1";"1";"HENRI BARBUSSE (RUE)";"48,2988820";"4,0865690"
"202000029588";"3";"6";"2020";"18:00";"1";"92";"92050";"2";"1";"1";"2";"A86";"48,9073656";"2,2124782"
"202000029589";"1";"10";"2020";"15:45";"1";"06";"06088";"2";"1";"1";"6";"PASTEUR (BD)";"43,7116400";"7,2800900"
"202000029590";"3";"6";"2020";"14:25";"1";"78";"78322";"2";"1";"1";"3";"RN12 INT";"48,7867700";"2,1508040"
"202000029591";"30";"9";"2020";"23:10";"5";"06";"06083";"1";"1";"1";"3";"DE GAULLE (AVENUE GENERAL)";"43,7600000";"7,4800000"
"202000029592";"1";"10";"2020";"12:15";"1";"02";"02408";"2";"1";"2";"7";"MINIMES (RUE DES)";"49,5744400";"3,6473700"
"202000029593";"4";"6";"2020";"15:55";"1";"93";"93064";"1";"1";"1";"6";"AUTOROUTE A103";"48,8878700";"2,4724100"
"202000029594";"1";"10";"2020";"00:55";"5";"75";"75116";"2";"1";"1";"2";"BOULEVARD PERIPHERIQUE";"48,8578070";"2,2595460"
"202000029595";"4";"6";"2020";"12:40";"1";"93";"93078";"1";"1";"2";"6";"AUTOROUTE A104";"48,9668900";"2,5133000"
"202000029596";"30";"9";"2020";"18:20";"1";"75";"75105";"2";"4";"1";"5";"QUAI SAINT BERNARD";"48,8468380";"2,3609930"
"202000029597";"4";"6";"2020";"11:45";"1";"93";"93027";"1";"1";"2";"2";"AUTOROUTE A86";"48,9280800";"2,4109100"
"202000029598";"1";"10";"2020";"12:00";"1";"75";"75120";"2";"7";"2";"3";"PLACE DE LA PORTE DE BAGNOLET";"48,8644980";"2,4085070"
"202000029599";"4";"6";"2020";"09:00";"1";"93";"93066";"1";"1";"2";"7";"AUTOROUTE A1";"48,9185300";"2,3573500"
"202000029600";"1";"10";"2020";"07:18";"5";"75";"75118";"2";"2";"2";"3";"BOULEVARD NEY";"48,8977340";"2,3290250"
"202000029601";"4";"6";"2020";"08:40";"1";"92";"92036";"1";"1";"2";"2";"AUTOROUTE A15";"48,9407900";"2,2924600"
"202000029602";"3";"6";"2020";"20:40";"1";"93";"93005";"1";"1";"1";"7";"AUTOROUTE A104";"48,9742100";"2,4891300"
"202000029603";"1";"10";"2020";"13:45";"1";"75";"75117";"2";"4";"2";"3";"BOULEVARD BESSIERES";"48,8948880";"2,3152900"
"202000029604";"3";"6";"2020";"08:20";"1";"93";"93053";"1";"1";"1";"2";"AUTOROUTE A3";"48,8814100";"2,4540100"
"202000029605";"1";"10";"2020";"11:50";"1";"75";"75117";"2";"1";"1";"3";"AVENUE DE CLICHY";"48,8928410";"2,3162960"
"202000029606";"1";"10";"2020";"07:05";"2";"75";"75117";"2";"2";"2";"3";"RUE VERNIER";"48,8839740";"2,2908790"
"202000029607";"4";"6";"2020";"14:45";"1";"77";"77058";"1";"1";"2";" -1";"A4";"48,8292720";"2,7415150"
"202000029608";"1";"10";"2020";"00:30";"5";"75";"75117";"2";"7";"2";"2";"AVENUE DE NEUILLY";"48,8786700";"2,2800110"
"202000029609";"3";"6";"2020";"15:00";"1";"94";"94017";"1";"1";"1";"7";"A4";"48,8296000";"2,4923100"
"202000029610";"1";"10";"2020";"10:00";"1";"75";"75114";"2";"1";"2";"3";"AVENUE PAUL VAILLANT COUTURIER";"48,8165190";"2,3379370"
"202000029611";"3";"2";"2020";"21:45";"5";"35";"35238";"2";"2";"3";"6";"LIBERTE (BD DE LA)";"48,1074900";" -1,6778300"
"202000029612";"1";"10";"2020";"08:50";"1";"75";"75113";"2";"3";"2";"6";"RUE ABEL HOVELACQUE";"48,8316650";"2,3527500"
"202000029613";"26";"2";"2020";"17:55";"2";"93";"93050";"2";"1";"3";"3";"R LOUIS VANNINI";"48,8662700";"2,5260600"
"202000029614";"2";"6";"2020";"14:08";"1";"988";"98818";"2";"1";"1";"3";"RUE JULES GARNIER";" -22,2887200";"166,4439300"
"202000029615";"1";"10";"2020";"17:05";"1";"75";"75113";"2";"2";"2";"6";"BOULEVARD MASSENA";"48,8240410";"2,3770110"
"202000029616";"2";"6";"2020";"11:10";"1";"974";"97409";"2";"1";"1";"3";"ILE DE FRANCE(AVENUE)";" -20,9562000";"55,6400000"
"202000029617";"1";"10";"2020";"14:40";"1";"75";"75112";"2";"1";"2";"3";"BOULEVARD DE BERCY";"48,8400990";"2,3815380"
"202000029618";"2";"6";"2020";"19:45";"1";"69";"69202";"2";"3";"1";"2";"BARON DU MARAIS (DU)                (BD)";"45,7353809";"4,8047770"
"202000029619";"1";"10";"2020";"14:50";"1";"75";"75111";"2";"1";"8";"3";"BOULEVARD RICHARD LENOIR";"48,8545160";"2,3700510"
"202000029620";"3";"6";"2020";"12:00";"1";"69";"69081";"2";"1";"1";"6";"LIBERATION (DE LA)                      ";"45,7755400";"4,7782200"
"202000029621";"1";"10";"2020";"17:35";"1";"75";"75119";"2";"2";"8";"3";"AVENUE DE LA PORTE D AUBERVILLIERS";"48,8997170";"2,3711280"
"202000029622";"3";"6";"2020";"02:50";"3";"91";"91432";"1";"1";"1";"7";"D 118";"48,7135500";"2,3453600"
"202000029623";"3";"6";"2020";"20:10";"1";"91";"91477";"2";"1";"1";"6";"LEON BOURGEOIS (RUE)";"48,7011700";"2,2339900"
"202000029624";"1";"10";"2020";"11:50";"1";"75";"75110";"2";"2";"8";"7";"BOULEVARD DE MAGENTA";"48,8737630";"2,3583290"
"202000029625";"3";"6";"2020";"19:55";"1";"91";"91345";"2";"1";"1";"6";"PRESIDENT FRANCOIS MITTERAND";"48,6967800";"2,2948900"
"202000029626";"1";"10";"2020";"18:55";"1";"75";"75108";"2";"3";"1";"3";"RUE LA BOETIE";"48,8730690";"2,3115290"
"202000029627";"3";"6";"2020";"13:50";"1";"91";"91161";"2";"9";"1";"1";"MAZARIN (AVENUE)";"48,7051400";"2,3140600"
"202000029628";"1";"10";"2020";"15:25";"1";"75";"75116";"2";"2";"8";"3";"AVENUE DU PRESIDENT WILSON";"48,8639260";"2,2905150"
"202000029629";"29";"5";"2020";"08:06";"1";"91";"91103";"2";"1";"1";"3";"FRANCE ANATOLE (RUE)";"48,6080600";"2,3046000"
"202000029630";"1";"10";"2020";"10:15";"1";"75";"75108";"2";"7";"2";"7";"PLACE DE LA CONCORDE";"48,8666580";"2,3220090"
"202000029631";"28";"5";"2020";"20:10";"1";"91";"91425";"2";"1";"1";"6";"FORT PAUL (RUE)";"48,6441000";"2,2632100"
"202000029632";"28";"5";"2020";"12:10";"1";"91";"91103";"2";"2";"1";"4";"COMMUNE DE PARIS (RUE DE LA)";"48,5958700";"2,3037600"
"202000029633";"2";"6";"2020";"17:15";"1";"80";"80164";"2";"1";"1";"2";"MARIUS PETIT (RUE)";"49,8873800";"2,3451400"
"202000029634";"1";"10";"2020";"02:15";"5";"75";"75108";"2";"3";"1";"6";"COURS ALBERT 1ER";"48,8648760";"2,3079110"
"202000029635";"3";"6";"2020";"15:00";"1";"78";"78650";"2";"7";"1";"6";"REPUBLIQUE (PLACE DE LA)";"48,8978100";"2,1139000"
"202000029636";"3";"6";"2020";"16:50";"1";"77";"77210";"2";"1";"8";"6";"GARENNE (RUE DE LA )";"48,3875800";"2,9026600"
"202000029637";"1";"10";"2020";"21:20";"5";"75";"75107";"2";"2";"8";"3";"PONT ALEXANDRE III";"48,8628280";"2,3134660"
"202000029638";"29";"5";"2020";"15:45";"1";"76";"76486";"1";"1";"1";"7";"RD 932 (AVENUE DU CIRCUIT)";"49,3244100";"0,9990600"
"202000029639";"1";"10";"2020";"10:25";"1";"75";"75115";"2";"2";"2";"3";"BOULEVARD DE GRENELLE";"48,8525040";"2,2905880"
"202000029640";"30";"5";"2020";"17:37";"1";"76";"76681";"1";"1";"1";"2";"INDUSTRIEL. BOULEVARD (CD 18E)";"49,4155708";"1,1072159"
"202000029641";"1";"10";"2020";"17:00";"1";"75";"75102";"2";"2";"2";"7";"RUE REAUMUR";"48,8681480";"2,3436260"
"202000029642";"2";"6";"2020";"14:40";"1";"76";"76681";"2";"2";"1";"3";"CORNEILLE. RUE PIERRE";"49,4181900";"1,0971900"
"202000029643";"31";"5";"2020";"17:35";"1";"74";"74218";"2";"1";"1";"7";"FRESNES (RUE DES)";"46,3844300";"6,5697700"
"202000029644";"30";"9";"2020";"06:45";"2";"94";"94067";"2";"1";"1";"3";"COMMANDANT RENE MOUCHOTTE (R DU)";"48,8370000";"2,4140000"
"202000029645";"3";"6";"2020";"14:00";"1";"71";"71040";"2";"1";"1";"6";"Rue des Rompois";"46,6896756";"4,3846826"
"202000029646";"1";"10";"2020";"19:20";"4";"94";"94046";"2";"1";"1";"2";"REPUBLIQUE (AV DE LA)";"48,8040800";"2,4369200"
"202000029647";"3";"6";"2020";"08:46";"1";"68";"68066";"2";"9";"1";"6";"NEUF BRISACH (ROUTE DE)";"48,0800640";"7,3686410"
"202000029648";"30";"9";"2020";"12:44";"1";"94";"94016";"2";"2";"1";"3";"BEL AIR (R DU)";"48,7964560";"2,3240180"
"202000029649";"2";"6";"2020";"19:55";"2";"67";"67204";"2";"1";"1";"3";"ALBERT SCHWEITZER (PLACE)";"48,6219278";"7,7673072"
"202000029650";"1";"10";"2020";"14:35";"1";"94";"94065";"2";"1";"2";"4";"RN 186";"48,7540909";"2,3508385"
"202000029651";"30";"9";"2020";"11:50";"1";"94";"94028";"2";"9";"1";"3";"POMPADOUR(CARREFOUR)";"48,7747170";"2,4392220"
"202000029652";"2";"6";"2020";"16:45";"1";"67";"67482";"2";"1";"1";"1";"REDOUTE (RUE DE LA)";"48,5333168";"7,7754357"
"202000029653";"1";"10";"2020";"09:00";"1";"94";"94022";"2";"1";"2";"6";"ANATOLE FRANCE (AV)";"48,7625000";"2,4108400"
"202000029654";"1";"10";"2020";"05:20";"3";"94";"94022";"2";"1";"3";"3";"ALLIES (BD DES)";"48,7647000";"2,4054700"
"202000029655";"3";"6";"2020";"13:40";"1";"64";"64348";"2";"6";"2";"3";"EUROPE DE L'";"43,3259000";" -0,3867000"
"202000029656";"29";"9";"2020";"23:00";"5";"94";"94055";"2";"2";"1";"3";"PROVINS (RTE DE)";"48,7955400";"2,5502300"
"202000029657";"29";"5";"2020";"14:31";"1";"63";"63113";"2";"2";"1";"3";"République/Michelet";"45,7898000";"3,1106800"
"202000029658";"1";"10";"2020";"13:40";"1";"93";"93078";"2";"1";"1";"6";"FOUCHET (RUE MAX POL)";"48,9581440";"2,5517553"
"202000029659";"3";"6";"2020";"02:00";"5";"59";"59360";"2";"1";"1";"3";"JOFFRE RUE DU MARECHAL";"50,6165746";"3,0051738"
"202000029660";"1";"10";"2020";"18:41";"5";"93";"93049";"2";"1";"1";"3";"MEAUX (CHEMIN)";"48,8634946";"2,5144784"
"202000029661";"2";"6";"2020";"16:05";"1";"59";"59648";"2";"1";"1";"6";"CLEMENCEAU RUE";"50,5984300";"3,0522800"
"202000029662";"3";"6";"2020";"18:30";"1";"51";"51454";"2";"3";"1";"2";"Route de Witry";"49,2671128";"4,0655581"
"202000029663";"1";"10";"2020";"21:50";"5";"93";"93007";"2";"1";"1";"6";"""JEAN JAURES (AVENUE """"DU 01 AU 19"""")""";"48,9246700";"2,4707100"
"202000029664";"2";"6";"2020";"17:40";"1";"51";"51172";"2";"6";"1";"2";"Boulevard d’Alsace Lorraine";"49,2197817";"4,0409274"
"202000029665";"28";"9";"2020";"18:30";"1";"92";"92063";"2";"1";"1";" -1";"BONAPARTE (AVENUE NAPOLEON) NORD";"48,8762400";"2,1706500"
"202000029666";"26";"5";"2020";"17:15";"1";"50";"50129";"2";"1";"1";"7";"LEMONNIER (AVENUE AMIRAL)";"49,6339200";" -1,6082900"
"202000029667";"30";"9";"2020";"19:30";"2";"92";"92020";"2";"8";"2";"6";"PARIS AVENUE DE N°2 A82";"48,8055250";"2,2909930"
"202000029668";"29";"5";"2020";"18:38";"1";"49";"49007";"2";"1";"1";"6";"MAINE";"47,4793200";" -0,5460400"
"202000029669";"1";"10";"2020";"10:56";"1";"92";"92020";"2";"1";"2";"2";"VERDUN AVENUE DE AUTRES N°";"48,7950864";"2,2739618"
"202000029670";"29";"5";"2020";"13:10";"1";"49";"49007";"2";"1";"1";"3";"ALLONNEAU(AUGUSTE) BOULEVARD";"47,4809000";" -0,5274000"
"202000029671";"1";"10";"2020";"15:15";"1";"92";"92026";"2";"2";"2";"2";"MARECHAL JOFFRE (QUAI DU)";"48,9029900";"2,2835220"
"202000029672";"29";"5";"2020";"15:30";"1";"49";"49007";"2";"1";"1";"3";"MARCEAU";"47,4663300";" -0,5593300"
"202000029673";"1";"10";"2020";"13:18";"1";"92";"92026";"2";"1";"2";"3";"LEONARD DE VINCI";"48,8968390";"2,2371400"
"202000029674";"29";"5";"2020";"10:45";"1";"49";"49007";"2";"1";"1";"6";"BRISSAC";"47,4641100";" -0,5504100"
"202000029675";"22";"5";"2020";"11:53";"1";"92";"92025";"2";"1";"1";"6";"HENRI BARBUSSE (AV)";"48,9171190";"2,2527110"
"202000029676";"29";"5";"2020";"11:40";"1";"49";"49007";"2";"1";"1";"2";"MONPLAISIR BOULEVARD";"47,4912200";" -0,5288000"
"202000029677";"30";"5";"2020";"17:33";"1";"49";"49007";"2";"1";"1";"3";"ESTIENNE D'ORVES BOULEVARD";"47,4557800";" -0,5298800"
"202000029678";"3";"6";"2020";"13:25";"1";"45";"45232";"2";"3";"1";"4";"Rue de Champagne - rue de Bourges";"47,8443271";"1,9201453"
"202000029679";"3";"6";"2020";"11:40";"1";"38";"38151";"2";"1";"2";"3";"Avenue du 8 Mai 1945";"45,1451800";"5,7166700"
"202000029680";"3";"6";"2020";"01:45";"5";"37";"37150";"2";"1";"1";"6";"D34";"47,3832712";"0,4245785"
"202000029681";"4";"6";"2020";"00:10";"5";"34";"34172";"2";"3";"2";"3";"TOULOUSE (AVENUE DE";"43,5952200";"3,8618800"
"202000029682";"1";"10";"2020";"11:30";"1";"92";"92044";"2";"2";"2";"3";"CHARLES PASQUA(QUAI) 2 A 30";"48,8966600";"2,2732200"
"202000029683";"3";"6";"2020";"20:35";"1";"33";"33522";"2";"2";"1";"3";"CRS DE LA LIBERATION / AVE ROUL / AVE MARECHAL LECLERC";"44,8068600";" -0,5917500"
"202000029684";"1";"10";"2020";"19:15";"1";"92";"92012";"2";"5";"1";"1";"GALLIENI (RUE) 1/53 - 2/48";"48,8376000";"2,2479000"
"202000029685";"2";"10";"2020";"16:50";"1";"62";"62453";"1";"1";"2";"6";"D133";"50,5437600";"2,2041700"
"202000029686";"3";"6";"2020";"11:20";"1";"33";"33039";"2";"3";"1";"2";"BD ALBERT 1ER / RUE THERESE ET LAURENT PUYOOU";"44,8130519";" -0,5625983"
"202000029687";"3";"9";"2020";"14:50";"1";"91";"91544";"1";"1";"1";"6";"D49";"48,3666430";"2,1394070"
"202000029688";"3";"6";"2020";"10:20";"1";"33";"33318";"2";"2";"1";"2";"AVE PASTEUR / RUE ANDRE PUJOL";"44,8059318";" -0,6325860"
"202000029689";"3";"6";"2020";"07:25";"1";"31";"31555";"2";"1";"1";"3";"RTE D ESPAGNE";"43,5669000";"1,4249700"
"202000029690";"29";"9";"2020";"07:55";"2";"57";"57604";"2";"1";"2";"6";"30 Rue de l'Europe";"49,4482340";"6,3698710"
"202000029691";"29";"9";"2020";"06:15";"1";"972";"97212";"1";"1";"1";"6";"Chemin Flamboyants (cr)";"14,7120480";" -61,0215370"
"202000029692";"2";"6";"2020";"19:00";"1";"22";"22278";"2";"1";"1";"3";"RIBOT (THEODULE)";"48,5168345";" -2,7773738"
"202000029693";"1";"10";"2020";"10:05";"1";"21";"21247";"1";"1";"2";"1";"A6";"47,4876000";"4,1490230"
"202000029694";"3";"6";"2020";"15:20";"1";"22";"22113";"1";"1";"1";"5";"TREGASTEL (ROUTE DE)";"48,7662300";" -3,4797800"
"202000029695";"3";"6";"2020";"13:40";"1";"19";"19275";"2";"2";"1";"3";"CARNOT (AVENUE) N° PAIRS";"45,5478716";"2,3108497"
"202000029696";"30";"8";"2020";"12:10";"1";"87";"87177";"1";"1";"1";" -1";"D32";"45,8429120";"1,0954570"
"202000029697";"3";"6";"2020";"06:15";"1";"17";"17461";"1";"1";"1";"7";"TOURNESOLS (CHEMIN DES)";"45,6535400";" -1,0527300"
"202000029698";"1";"10";"2020";"16:05";"1";"62";"62285";"1";"1";"1";"1";"D5";"50,1863240";"2,9014640"
"202000029699";"2";"6";"2020";"10:00";"1";"14";"14366";"2";"3";"1";"6";"SIX JUIN (AVENUE DU)";"49,1436000";"0,2198200"
"202000029700";"1";"10";"2020";"05:20";"5";"51";"51030";"2";"1";"1";"7";"Rue des Carelles (Ay)";"49,0511352";"4,0147916"
"202000029701";"3";"6";"2020";"17:30";"1";"13";"13209";"2";"1";"1";"3";"SORMIOU (CHEMIN DE)";"43,2324000";"5,4000000"
"202000029702";"1";"10";"2020";"11:45";"1";"19";"19273";"1";"1";"8";"6";"Mathé";"45,0657920";"1,5627190"
"202000029703";"1";"10";"2020";"16:45";"1";"19";"19276";"2";"1";"8";"1";"Route de Limoges";"45,4349000";"1,5646290"
"202000029704";"3";"6";"2020";"07:55";"1";"13";"13212";"2";"1";"1";"3";"TREVARESSE (TRAV DE LA) ";"43,2966770";"5,4134430"
"202000029705";"28";"9";"2020";"15:50";"1";"19";"19104";"2";"3";"1";"3";"Route des Buyses";"45,5402210";"1,5801910"
"202000029706";"2";"6";"2020";"15:05";"1";"13";"13213";"2";"1";"1";"3";"FRANÇOIS MIGNET (AVENUE)";"43,3294530";"5,4278710"
"202000029707";"1";"10";"2020";"13:00";"1";"80";"80815";"1";"1";"9";"1";"chemin communale 11 vron";"50,3230940";"1,8101050"
"202000029708";"2";"6";"2020";"10:09";"1";"07";"07102";"2";"1";"1";"2";"MISTRAL (PONT FREDERIC)";"44,9327000";"4,8801200"
"202000029709";"3";"6";"2020";"10:15";"1";"06";"06069";"2";"1";"1";"3";"Route de Cannes";"43,6385700";"6,9504000"
"202000029710";"1";"10";"2020";"16:50";"1";"82";"82124";"1";"2";"1";"3";"Chemin de Beauvillard";"43,9973840";"1,2536000"
"202000029711";"3";"6";"2020";"14:00";"1";"06";"06027";"2";"1";"1";"1";"CANNES AVENUE DE (RN7)";"43,6548900";"7,1499800"
"202000029712";"30";"9";"2020";"18:15";"2";"12";"12208";"2";"1";"7";"6";"65 Boulevard de Verdun";"43,9580201";"2,8833368"
"202000029713";"2";"6";"2020";"17:30";"1";"05";"05061";"1";"1";"1";"3";"RN 85";"44,5984200";"6,0838100"
"202000029714";"1";"10";"2020";"20:50";"3";"25";"25413";"1";"1";"2";"6";"D389";"46,6916850";"6,1855990"
"202000029715";"2";"6";"2020";"13:45";"1";"05";"05061";"2";"6";"1";"2";"COMMANDANT DUMONT ( AVENUE)";"44,5638100";"6,0838200"
"202000029716";"21";"9";"2020";"14:20";"1";"29";"29281";"1";"1";"2";"6";"Lieu Dit Le Drennec";"48,0360640";" -3,8392070"
"202000029717";"30";"9";"2020";"18:40";"1";"31";"31210";"1";"1";"1";"6";"route départementale 622";"43,3932300";"1,6955420"
"202000029718";"1";"6";"2020";"16:45";"1";"05";"05061";"2";"9";"1";"3";"PRE DE FOIRE ( RUE DU )";"44,5549500";"6,0746000"
"202000029719";"1";"10";"2020";"19:15";"1";"31";"31118";"1";"1";"2";"2";"D820";"43,7904440";"1,3417000"
"202000029720";"3";"6";"2020";"15:00";"1";"75";"75117";"2";"1";"1";"4";"PORTE D ASNIERES";"48,8892370";"2,2961540"
"202000029721";"2";"6";"2020";"18:50";"1";"75";"75113";"2";"1";"1";"3";"PORTE D ITALIE";"48,8177380";"2,3673380"
"202000029722";"3";"6";"2020";"02:10";"5";"75";"75113";"2";"1";"1";"7";"RUE DU JAVELOT";"48,8259940";"2,3645430"
"202000029723";"2";"10";"2020";"12:35";"1";"72";"72316";"1";"1";"1";"6";"D2";"48,3186280";"0,3935020"
"202000029724";"2";"6";"2020";"19:40";"1";"75";"75113";"2";"1";"1";"7";"BOULEVARD PERIPHERIQUE INTERIEUR SUD";"48,8257910";"2,3865890"
"202000029725";"1";"10";"2020";"22:00";"3";"72";"72300";"1";"1";"1";"6";"Route du Cimetière Américain";"48,0578750";"0,3548400"
"202000029726";"2";"10";"2020";"15:00";"1";"50";"50310";"1";"1";"1";"5";"D900";"49,1510500";" -1,2345590"
"202000029727";"2";"10";"2020";"09:30";"1";"16";"16044";"1";"1";"2";"1";"Lieu Dit l'Abregement";"46,0289270";"0,2800120"