"Num_Acc";"jour";"mois";"an";"hrmn";"lum";"dep";"com";"agg";"int";"atm";"col";"adr";"lat";"long"
"202000029728";"16";"8";"2020";"17:25";"1";"04";"04229";"1";"1";"1";"7";"RD 53";"44,1598260";"5,8681370"
"202000029729";"1";"10";"2020";"20:30";"3";"988";"98805";"1";"1";"1";" -1";"Pointe Apogoti (Construction)";" -22,1921340";"166,4428070"
"202000029730";"1";"10";"2020";"11:45";"1";"18";"18167";"1";"1";"1";" -1";"A20";"47,1159340";"1,9084450"
"202000029731";"2";"10";"2020";"00:15";"3";"78";"78455";"1";"1";"2";"7";"Route Nationale 307";"48,8508720";"2,0509030"
"202000029732";"2";"10";"2020";"07:45";"2";"01";"01093";"1";"1";"2";"1";"N/A";"46,1389160";"4,9760870"
"202000029733";"3";"6";"2020";"18:30";"1";"75";"75120";"2";"3";"1";"3";"RUE DES PYRENEES";"48,8719740";"2,3918760"
"202000029734";"1";"10";"2020";"20:05";"5";"68";"68297";"1";"1";"2";"6";"A35";"47,5757870";"7,5621990"
"202000029735";"3";"6";"2020";"12:30";"1";"75";"75120";"2";"4";"1";"6";"RUE BELGRAND";"48,8646010";"2,4059910"
"202000029736";"2";"10";"2020";"15:15";"1";"74";"74159";"1";"1";"1";"7";"Pratz";"46,0012580";"6,6303510"
"202000029737";"3";"6";"2020";"02:45";"5";"75";"75120";"2";"5";"1";"2";"AVENUE GAMBETTA";"48,8717270";"2,4043770"
"202000029738";"1";"10";"2020";"02:40";"3";"49";"49129";"1";"1";"2";"6";"A11";"47,4984960";" -0,5177840"
"202000029739";"2";"6";"2020";"13:45";"1";"75";"75120";"2";"3";"1";"3";"RUE D AVRON";"48,8533370";"2,4096900"
"202000029740";"2";"10";"2020";"13:55";"1";"83";"83116";"1";"1";"3";"7";"D3";"43,4681820";"5,8398130"
"202000029741";"3";"6";"2020";"16:05";"1";"75";"75119";"2";"7";"1";"4";"AVENUE MATHURIN MOREAU";"48,8780360";"2,3706920"
"202000029742";"3";"6";"2020";"12:45";"1";"75";"75119";"2";"2";"1";"3";"AVENUE DE LA PORTE DE LA VILLETTE";"48,8982350";"2,3862060"
"202000029743";"30";"9";"2020";"11:50";"1";"976";"97608";"2";"2";"1";"3";"22 Rue de la Ferme";" -12,7891510";"45,2798830"
"202000029744";"3";"6";"2020";"19:43";"1";"75";"75115";"2";"3";"1";"3";"RUE LUCIEN BOSSOUTROT";"48,8367610";"2,2740740"
"202000029745";"1";"10";"2020";"06:08";"1";"971";"97116";"1";"1";"8";"1";"N5";"16,3236610";" -61,4133810"
"202000029746";"3";"6";"2020";"02:00";"5";"75";"75114";"2";"5";"1";"3";"AVENUE DU MAINE";"48,8375400";"2,3229460"
"202000029747";"2";"10";"2020";"18:15";"2";"77";"77329";"1";"2";"2";"3";"D225";"48,2404840";"2,8091150"
"202000029748";"3";"6";"2020";"12:30";"1";"75";"75113";"2";"4";"1";"3";"BOULEVARD DE L HOPITAL";"48,8388700";"2,3609960"
"202000029749";"1";"10";"2020";"15:50";"1";"34";"34113";"1";"4";"1";"4";"D613";"43,4841970";"3,6996570"
"202000029750";"2";"10";"2020";"19:00";"3";"84";"84003";"1";"9";"3";"6";"Lieu dit le pont julien";"43,8791830";"5,3849640"
"202000029751";"3";"6";"2020";"21:35";"5";"75";"75105";"2";"7";"3";"2";"PONT D AUSTERLITZ";"48,8442300";"2,3647680"
"202000029752";"2";"10";"2020";"07:20";"1";"05";"05134";"1";"1";"1";"1";"N94";"44,6502840";"6,5819260"
"202000029753";"3";"6";"2020";"00:40";"5";"75";"75103";"2";"3";"1";"3";"RUE DES QUATRE FILS";"48,8604540";"2,3597180"
"202000029754";"30";"9";"2020";"16:30";"1";"13";"13041";"2";"1";"1";"1";"D46a";"43,4560020";"5,4930340"
"202000029755";"2";"6";"2020";"12:30";"1";"75";"75108";"2";"2";"1";"4";"AVENUE DES CHAMPS ELYSEES";"48,8724000";"2,2995520"
"202000029756";"18";"8";"2020";"14:00";"1";"10";"10021";"2";"9";"1";"3";"25 Route de Troyes";"48,4471860";"4,2507990"
"202000029757";"3";"6";"2020";"14:55";"1";"75";"75107";"2";"2";"1";"6";"AVENUE CHARLES RISLER";"48,8554100";"2,3013610"
"202000029758";"3";"6";"2020";"16:45";"1";"75";"75103";"2";"5";"1";"6";"RUE SAINT MARTIN";"48,8648380";"2,3533220"
"202000029759";"25";"9";"2020";"17:45";"1";"68";"68309";"1";"2";"2";"4";"Route départementale 19";"47,6692670";"7,4587570"
"202000029760";"1";"10";"2020";"20:50";"5";"68";"68185";"2";"2";"2";"6";"17 Rue Clémenceau";"48,2708641";"7,2812082"
"202000029761";"3";"6";"2020";"12:40";"1";"75";"75104";"2";"2";"1";"6";"RUE SAINT ANTOINE";"48,8539180";"2,3648450"
"202000029762";"30";"9";"2020";"07:35";"2";"54";"54150";"2";"1";"8";"6";"D90";"48,7945420";"6,1534010"
"202000029763";"2";"10";"2020";"20:05";"3";"73";"73135";"1";"1";"3";"1";"D1006";"45,3074100";"6,3453880"
"202000029764";"1";"10";"2020";"15:45";"1";"33";"33042";"1";"1";"1";"1";"D1010";"44,4404750";" -0,8125810"
"202000029765";"3";"6";"2020";"16:00";"1";"94";"94044";"2";"1";"1";"1";"ALBERT GARRY (R)";"48,7559430";"2,4821320"
"202000029766";"2";"10";"2020";"07:30";"3";"50";"50230";"1";"2";"3";"3";"La Bihellerie";"49,5809880";" -1,6620680"
"202000029767";"30";"9";"2020";"11:15";"1";"14";"14228";"2";"6";"1";"3";"Voie des Alliés";"49,2946350";" -0,3777350"
"202000029768";"1";"10";"2020";"17:44";"1";"14";"14328";"1";"4";"1";"3";"D513a";"49,2066350";" -0,2821360"
"202000029769";"1";"10";"2020";"22:30";"3";"27";"27232";"1";"1";"1";"7";"Rue du Chateau";"49,2977100";"1,5171380"
"202000029770";"13";"8";"2020";"15:15";"1";"27";"27287";"1";"1";"3";"7";"Route de la Bonneville";"49,0008870";"1,0152640"
"202000029771";"2";"10";"2020";"11:50";"1";"62";"62052";"1";"1";"2";"6";"Route de Warcove";"50,8571624";"1,6785573"
"202000029772";"26";"9";"2020";"23:45";"5";"42";"42044";"1";"1";"2";"6";"RN88";"45,3952340";"4,3343800"
"202000029773";"21";"9";"2020";"21:55";"3";"57";"57194";"1";"1";"1";"7";"Autoroute A31";"49,4219000";"6,1107000"
"202000029774";"1";"10";"2020";"16:20";"1";"33";"33039";"1";"1";"3";"5";"ROCADE A 630";"44,7941600";" -0,5397100"
"202000029775";"3";"6";"2020";"21:00";"2";"94";"94038";"2";"1";"3";"5";"CHEVILLY (R DE)";"48,7753569";"2,3453927"
"202000029776";"29";"9";"2020";"13:20";"1";"59";"59009";"1";"1";"2";"6";"ROUTE NATIONALE 227";"50,6087800";"3,1311680"
"202000029777";"29";"9";"2020";"20:05";"3";"59";"59234";"1";"1";"2";"6";"AUTOROUTE A21";"50,4027990";"3,0585440"
"202000029778";"28";"9";"2020";"13:30";"1";"59";"59009";"1";"1";"2";"7";"ROUTE NATIONALE 227";"50,6293920";"3,1389750"
"202000029779";"3";"6";"2020";"08:30";"2";"94";"94073";"2";"3";"7";"3";"GENERAL DE GAULLE (AV DU)";"48,7687050";"2,3688310"
"202000029780";"1";"10";"2020";"15:15";"1";"91";"91161";"1";"1";"1";"5";"AUTOROUTE A6";"48,7027000";"2,3072000"
"202000029781";"3";"6";"2020";"19:49";"1";"94";"94079";"2";"9";"1";"3";"JEAN MONNET (BD)";"48,8327100";"2,5345190"
"202000029782";"1";"10";"2020";"17:15";"1";"78";"78466";"1";"9";"8";"2";"A13";"48,9257360";"1,9974620"
"202000029783";"2";"6";"2020";"20:20";"1";"94";"94002";"2";"1";"1";" -1";"ETIENNE DOLET (R)";"48,7928800";"2,4255600"
"202000029784";"1";"10";"2020";"09:00";"1";"78";"78571";"1";"1";"3";"2";"A13";"48,8775400";"2,0198100"
"202000029785";"2";"6";"2020";"08:45";"1";"93";"93049";"2";"9";"1";"3";"CHE DE MEAUX / R DU 8 MAI 1945";"48,8627520";"2,5121913"
"202000029786";"1";"10";"2020";"08:58";"1";"78";"78571";"1";"1";"2";"2";"A13";"48,8703180";"2,0289530"
"202000029787";"30";"9";"2020";"21:40";"3";"95";"95241";"1";"1";"1";"2";"RN 104";"49,0555500";"2,4233900"
"202000029788";"1";"10";"2020";"12:30";"1";"93";"93078";"1";"1";"1";"7";"AUTOROUTE A104";"48,9635000";"2,5216000"
"202000029789";"3";"6";"2020";"15:00";"1";"93";"93048";"2";"2";"1";"3";"R DE ROSNY / BD DE LA BOISSIERE";"48,8712000";"2,4709000"
"202000029790";"1";"10";"2020";"19:30";"1";"94";"94018";"1";"1";"1";" -1";"A4";"48,8192054";"2,4067968"
"202000029791";"3";"6";"2020";"10:00";"1";"93";"93031";"2";"3";"1";"3";"AV JEAN JAURES / R DE L'AVENIR";"48,9584372";"2,3259668"
"202000029792";"1";"10";"2020";"08:30";"1";"77";"77373";"1";"1";"2";"4";"RN104";"48,7651070";"2,6148430"
"202000029793";"30";"9";"2020";"20:30";"5";"94";"94042";"1";"1";"8";"4";"A4";"48,8277740";"2,4715380"
"202000029794";"3";"6";"2020";"18:30";"1";"93";"93010";"2";"2";"1";"3";"GALLIENI (AV.) DE 188 A 230";"48,9069690";"2,4886241"
"202000029795";"30";"9";"2020";"14:00";"1";"94";"94081";"1";"1";"1";" -1";"A86 INT";"48,7737100";"2,4020100"
"202000029796";"2";"6";"2020";"16:34";"1";"93";"93010";"1";"1";"1";"6";"GALLIENI (AV.) CONFORAMA 53";"48,9055963";"2,4765420"
"202000029797";"30";"9";"2020";"20:30";"5";"974";"97411";"2";"2";"1";"3";"JAURES (BLD 1 JEAN)";" -20,8885000";"55,4454200"
"202000029798";"30";"9";"2020";"07:45";"1";"974";"97411";"1";"3";"1";"6";"Rue Saint Jacques";" -20,8821060";"55,4593890"
"202000029799";"30";"9";"2020";"18:45";"2";"69";"69387";"2";"2";"1";"1";"DOMER                               (R )";"45,7476400";"4,8502400"
"202000029800";"30";"9";"2020";"15:15";"1";"69";"69386";"2";"2";"1";"3";"DUQUESNE                            (R )";"45,7724900";"4,8430800"
"202000029801";"30";"9";"2020";"14:25";"1";"69";"69386";"2";"1";"1";"6";"ACHILLE LIGNON                      (AL)";"45,7826400";"4,8502400"
"202000029802";"30";"9";"2020";"14:30";"1";"69";"69383";"2";"1";"1";"2";"EUGENIE                             (CO)";"45,7428300";"4,8880800"
"202000029803";"3";"6";"2020";"10:05";"1";"92";"92051";"2";"1";"1";"6";"CHARLES DE GAULLE (AVENUE, N° 18 A 116)";"48,8826000";"2,2681000"
"202000029804";"2";"6";"2020";"09:45";"1";"92";"92020";"2";"3";"7";"6";"VANVES BOULEVARD DE N° PAIRS";"48,8059280";"2,2865640"
"202000029805";"3";"6";"2020";"07:20";"1";"92";"92062";"2";"1";"1";"2";"DE DION BOUTON (QUAI) DU 29 AU 65";"48,8831040";"2,2483540"
"202000029806";"31";"5";"2020";"20:10";"1";"92";"92024";"2";"3";"1";"3";"MARTRE DE (4 A 54)";"48,8995598";"2,3092693"
"202000029807";"3";"6";"2020";"06:00";"1";"92";"92024";"2";"2";"8";"3";"MARTRE DE (4 A 54)";"48,9008800";"2,3080300"
"202000029808";"2";"6";"2020";"14:40";"1";"92";"92024";"2";"2";"1";"4";"DOCTEUR EMILE ROUX (RUE DU)";"48,8977664";"2,3078544"
"202000029809";"3";"6";"2020";"14:45";"1";"92";"92007";"2";"2";"1";"3";"BRIAND (AVENUE ARISTIDE) N° 100 A 160";"48,7962760";"2,3217580"
"202000029810";"3";"6";"2020";"23:00";"5";"92";"92004";"2";"7";"3";"6";"REPUBLIQUE ( PLACE DE LA )";"48,9254348";"2,2806338"
"202000029811";"3";"6";"2020";"20:50";"2";"33";"33191";"2";"2";"1";" -1";"Lieu Dit Cousseau";"45,0111490";"0,0268270"
"202000029812";"3";"6";"2020";"17:15";"1";"31";"31035";"2";"1";"1";"6";"Chemin de la Barriére";"43,5323480";"1,4774520"
"202000029813";"13";"10";"2020";"15:25";"1";"59";"59350";"2";"1";"2";"6";"CANNES RUE DE";"50,6065400";"3,0450700"
"202000029814";"12";"10";"2020";"17:50";"1";"05";"05061";"2";"1";"1";"3";"GEORGES POMPIDOU ( BD)";"44,5563560";"6,0792900"
"202000029815";"11";"6";"2020";"10:00";"1";"94";"94043";"2";"3";"7";"6";"CONVENTION (R DE LA)";"48,8121000";"2,3568900"
"202000029816";"14";"12";"2020";"21:15";"5";"974";"97411";"2";"1";"1";"6";"LECONTE DE LISLE (AVENUE)";" -20,8960400";"55,4911300"
"202000029817";"14";"12";"2020";"03:30";"5";"973";"97302";"2";"6";"9";"7";"REPUBLIQUE (BD DE LA)";"4,9380449";" -52,3226881"
"202000029818";"14";"12";"2020";"18:00";"5";"69";"69259";"2";"2";"1";"6";"BOULEVARD YVES FARGE";"45,6954432";"4,8591068"
"202000029819";"14";"12";"2020";"15:15";"1";"69";"69388";"2";"3";"1";"2";"LEA ET NAPOLEON BULLUKIAN  (R )";"45,7412800";"4,8793800"
"202000029820";"14";"12";"2020";"12:40";"1";"2B";"2B120";"2";"1";"1";"3";"11 - RT";"42,6583000";"9,4417100"
"202000029821";"14";"12";"2020";"08:00";"1";"2B";"2B033";"2";"6";"1";"6";"GIRAUD - BD GENERAL";"42,6957300";"9,4465400"
"202000029822";"15";"12";"2020";"00:25";"5";"95";"95585";"2";"6";"2";"6";"PEGUY (AVENUE CHARLES )";"48,9812204";"2,3744255"
"202000029823";"14";"12";"2020";"14:56";"1";"95";"95680";"2";"1";"2";"3";"PARIS (RUE DE)";"49,0044800";"2,3820600"
"202000029824";"14";"12";"2020";"21:50";"5";"95";"95219";"2";"1";"2";"6";"GARE (RUE DE LA)";"48,9800940";"2,2700130"
"202000029825";"14";"12";"2020";"21:30";"3";"95";"95218";"2";"2";"3";"2";"JACQUES DUCLOS (BOULEVARD)";"49,0209100";"2,1004700"
"202000029826";"13";"12";"2020";"17:10";"5";"91";"91549";"1";"1";"2";"2";"AUGUSTIN FRESNEL (AVENUE)";"48,6243800";"2,3502400"
"202000029827";"14";"12";"2020";"16:40";"2";"91";"91421";"1";"1";"1";"2";"NATIONALE 6 (CES POMPIDOU)";"48,6926300";"2,4500100"
"202000029828";"13";"12";"2020";"16:50";"1";"89";"89024";"2";"2";"1";"6";"REPUBLIQUE (QUAI DE LA)";"47,7953695";"3,5777935"
"202000029829";"12";"12";"2020";"12:09";"1";"87";"87085";"2";"3";"1";"3";"LECLERC (AVENUE DU GENERAL)";"45,8457200";"1,2605100"
"202000029830";"13";"12";"2020";"08:20";"1";"83";"83069";"1";"1";"1";"2";"GIENS (ROUTE DE )";"43,0686900";"6,1472400"
"202000029831";"14";"12";"2020";"07:45";"2";"81";"81065";"1";"1";"8";"1";"ALBI (RD612 - RTE D')";"43,6629000";"2,2270200"
"202000029832";"13";"12";"2020";"05:50";"4";"81";"81033";"2";"4";"8";"6";"RD 90";"44,0376017";"2,1276846"
"202000029833";"14";"12";"2020";"18:00";"2";"81";"81004";"2";"1";"2";"1";"THOMAS (AV ALBERT)";"43,9353936";"2,1461642"
"202000029834";"13";"12";"2020";"02:00";"5";"76";"76540";"2";"2";"1";"7";"GANTERIE. RUE";"49,4438500";"1,0924800"
"202000029835";"13";"12";"2020";"09:30";"1";"76";"76322";"2";"1";"1";"6";"PAINLEVE. RUE PAUL";"49,4062500";"1,0608200"
"202000029836";"13";"12";"2020";"17:13";"5";"76";"76486";"2";"1";"1";"6";"CORNEILLE. RUE PIERRE ET THOMAS";"49,3044800";"0,9926700"
"202000029837";"14";"12";"2020";"08:25";"1";"76";"76351";"2";"1";"1";"2";"LENINGRAD (BD DE)";"49,5003500";"0,1773400"
"202000029838";"13";"12";"2020";"21:55";"3";"76";"76341";"1";"1";"2";"6";"RD 6382";"49,5141789";"0,1937790"
"202000029839";"12";"12";"2020";"11:50";"1";"74";"74133";"2";"1";"2";"4";"INDUSTRIE (RUE DE L')";"46,1833900";"6,2157100"
"202000029840";"13";"12";"2020";"10:05";"1";"69";"69029";"2";"6";"1";"3";"PIERRE MENDES FRANCE                (AV)";"45,7246629";"4,9151314"
"202000029841";"11";"12";"2020";"09:00";"1";"69";"69256";"2";"1";"3";"6";"GEORGES DIMITROV                    (AV)";"45,7783500";"4,9290900"
"202000029842";"14";"12";"2020";"08:45";"2";"67";"67482";"2";"1";"1";"3";"PLAINE DES BOUCHERS (RUE DE LA)";"48,5692585";"7,7367225"
"202000029843";"11";"12";"2020";"14:00";"1";"67";"67447";"2";"8";"2";"3";"Carrefour Rue de la Glacière Avenue Pierre Mendès-France";"48,6047078";"7,7589978"
"202000029844";"12";"12";"2020";"09:56";"1";"66";"66141";"1";"1";"1";"6";"R D 900";"42,7536500";"2,8956400"
"202000029845";"14";"12";"2020";"18:10";"4";"64";"64284";"1";"1";"1";"4";"18 JUIN 1940 DU";"43,2894900";" -0,4029200"
"202000029846";"13";"12";"2020";"17:59";"5";"64";"64102";"2";"3";"1";"3";"SOULT (AVENUE MARECHAL)";"43,4840100";" -1,4992700"
"202000029847";"13";"12";"2020";"15:29";"1";"63";"63113";"2";"1";"1";"3";"KENNEDY (BD J.F.)";"45,8033432";"3,1193050"
"202000029848";"12";"12";"2020";"14:07";"1";"63";"63113";"2";"1";"1";"2";"BERGOUGNAN (AVENUE RAYMOND)";"45,7843800";"3,0669300"
"202000029849";"11";"12";"2020";"16:51";"1";"63";"63113";"2";"2";"1";"3";"POURCHON (BD MAURICE)";"45,7925659";"3,0916350"
"202000029850";"10";"12";"2020";"18:10";"5";"59";"59230";"2";"3";"1";" -1";"CLEMENCEAU (AVENUE)";"50,2599930";"3,9983860"
"202000029851";"10";"12";"2020";"15:50";"1";"59";"59211";"2";"1";"1";"7";"BLANCHE POULE (RUE DE LA)";"50,3755600";"3,0138800"
"202000029852";"11";"12";"2020";"16:50";"2";"59";"59178";"2";"1";"2";"6";"LAMBRES (RUE DE)";"50,3606900";"3,0755100"
"202000029853";"14";"12";"2020";"07:40";"2";"57";"57463";"2";"1";"1";"3";"THIONVILLE (ROUTE DE )";"49,1346800";"6,1699700"
"202000029854";"11";"12";"2020";"12:50";"1";"56";"56098";"2";"4";"1";"2";"JAURES (RUE  JEAN )";"47,7631400";" -3,3619700"
"202000029855";"13";"12";"2020";"06:10";"5";"54";"54395";"2";"3";"1";"3";"STRASBOURG (AVENUE DE)";"48,6812815";"6,1935130"
"202000029856";"14";"12";"2020";"12:13";"1";"50";"50218";"2";"1";"8";"6";"PONT JACQUES (VOIE DU)";"48,8369800";" -1,5987500"
"202000029857";"10";"12";"2020";"17:15";"2";"49";"49099";"2";"1";"1";"3";"Rue de l’Anjou";"47,0778700";" -0,8389000"
"202000029858";"30";"11";"2020";"09:20";"1";"44";"44109";"2";"6";"1";" -1";"BOULEVARD MICHELET";"47,2330500";" -1,5564100"
"202000029859";"14";"12";"2020";"21:30";"3";"35";"35238";"2";"6";"2";"6";"LEBON (PHILIPPE)";"48,1037800";" -1,6996800"
"202000029860";"14";"12";"2020";"21:30";"5";"33";"33063";"2";"2";"1";"3";"AVE DES TROIS CARDINAUX";"44,8879500";" -0,5572500"
"202000029861";"14";"12";"2020";"16:00";"1";"33";"33063";"2";"9";"1";"3";"RUE GENERAL DE LARMINAT";"44,8333300";" -0,5977500"
"202000029862";"14";"12";"2020";"14:45";"1";"33";"33063";"2";"1";"1";"3";"RTE DE TOULOUSE";"44,8121150";" -0,5736440"
"202000029863";"14";"12";"2020";"08:50";"1";"33";"33063";"2";"1";"1";"3";"BD ALFRED DANEY";"44,8676400";" -0,5716300"
"202000029864";"14";"12";"2020";"08:30";"2";"33";"33069";"2";"3";"1";"3";"AVE VICTOR HUGO";"44,8686400";" -0,5918600"
"202000029865";"10";"12";"2020";"11:35";"1";"32";"32013";"2";"1";"3";"7";"ALSACE (AVENUE)";"43,6488114";"0,5902083"
"202000029866";"13";"12";"2020";"13:20";"1";"31";"31555";"2";"1";"1";"3";"RUE DU FAUBOURG BONNEFOY";"43,6159800";"1,4531900"
"202000029867";"13";"12";"2020";"08:50";"1";"31";"31555";"1";"1";"1";"2";"VA007331 A620";"43,5968200";"1,3972100"
"202000029868";"11";"12";"2020";"17:20";"5";"31";"31555";"2";"1";"2";"2";"AV HONORE SERRES";"43,6141500";"1,4379100"
"202000029869";"10";"12";"2020";"18:15";"5";"31";"31149";"2";"9";"2";"6";"AV YVES BRUNAUD";"43,6156100";"1,3430700"
"202000029870";"14";"12";"2020";"08:15";"2";"29";"29232";"2";"1";"2";"2";"Boulevard Dupleix";"47,9950031";" -4,0984570"
"202000029871";"14";"12";"2020";"17:25";"5";"18";"18279";"2";"1";"1";"2";"Av H Brisson après le Pont SNCF";"47,2273600";"2,0613100"
"202000029872";"11";"12";"2020";"08:20";"5";"16";"16102";"2";"1";"3";"5";"Giratoire de Crouin";"45,6937270";" -0,3478540"
"202000029873";"14";"12";"2020";"20:50";"5";"13";"13208";"2";"1";"1";"3";"PRADO (AVENUE DU)";"43,2715171";"5,3901564"
"202000029874";"14";"12";"2020";"16:20";"1";"13";"13075";"2";"1";"1";"6";"GEORGES POMPIDOU (AVE)";"43,3417150";"5,4651040"
"202000029875";"14";"12";"2020";"15:45";"1";"13";"13214";"2";"2";"8";"3";"FONTAINIEU (CHEMIN DE)";"43,3473570";"5,3784310"
"202000029876";"14";"12";"2020";"08:25";"1";"13";"13202";"2";"1";"1";" -1";"JOLIETTE (QUAI DE LA)";"43,3030000";"5,3600000"
"202000029877";"12";"12";"2020";"13:20";"1";"11";"11262";"2";"1";"1";"2";"FRANCE (AVENUE ANATOLE)";"43,1874500";"2,9900800"
"202000029878";"12";"12";"2020";"17:55";"5";"11";"11069";"2";"1";"2";"7";"Rue de la Liberte";"43,2157000";"2,3506000"
"202000029879";"13";"12";"2020";"11:40";"1";"10";"10357";"2";"1";"1";" -1";"GENERAL DE GAULLE (RUE DU)";"48,2971100";"4,1323500"
"202000029880";"14";"12";"2020";"07:57";"1";"06";"06088";"2";"1";"1";"6";"SAINT-LAMBERT (AV.) (JUSQU'AU N° 112)";"43,7178000";"7,2630360"
"202000029881";"14";"12";"2020";"13:30";"1";"06";"06069";"2";"1";"1";"7";"JEU DE BALLON (BOULEVARD, IMPASSE ET TRA";"43,6667000";"6,9167000"
"202000029882";"11";"12";"2020";"12:45";"1";"05";"05061";"2";"1";"4";"2";"LOUIS COMTE ( RUE )";"44,5540190";"6,0712600"
"202000029883";"14";"12";"2020";"18:15";"2";"75";"75120";"2";"4";"1";"3";"BOULEVARD PERIPHERIQUE";"48,8688260";"2,4132670"
"202000029884";"14";"12";"2020";"17:50";"5";"75";"75118";"2";"3";"2";"6";"BOULEVARD NEY";"48,8986800";"2,3683990"
"202000029885";"14";"12";"2020";"16:20";"1";"75";"75115";"2";"1";"1";"6";"QUAI ANDRE CITROEN";"48,8447720";"2,2756460"
"202000029886";"13";"12";"2020";"22:18";"5";"75";"75115";"2";"2";"2";"3";"RUE LABROUSTE";"48,8338820";"2,3081130"
"202000029887";"14";"12";"2020";"12:55";"1";"75";"75113";"2";"2";"8";"3";"AVENUE DE LA PORTE DE VITRY";"48,8240860";"2,3769310"
"202000029888";"14";"12";"2020";"16:10";"1";"75";"75112";"2";"2";"2";"6";"AVENUE DU GENERAL MICHEL BIZOT";"48,8408850";"2,4047020"
"202000029889";"14";"12";"2020";"15:45";"1";"75";"75112";"2";"1";"1";"3";"RUE DE LYON";"48,8508650";"2,3701670"
"202000029890";"13";"12";"2020";"15:05";"1";"75";"75112";"2";"2";"2";"2";"RUE DE REUILLY";"48,8473440";"2,3867850"
"202000029891";"13";"12";"2020";"13:50";"1";"75";"75112";"2";"3";"1";"5";"RUE DE CHARENTON";"48,8325500";"2,3965650"
"202000029892";"14";"12";"2020";"13:30";"1";"75";"75111";"2";"1";"8";"6";"BOULEVARD JULES FERRY";"48,8675220";"2,3686380"
"202000029893";"14";"12";"2020";"14:30";"1";"75";"75110";"2";"1";"2";"3";"AVENUE CLAUDE VELLEFAUX";"48,8749940";"2,3703330"
"202000029894";"14";"12";"2020";"07:50";"1";"75";"75108";"2";"7";"2";"3";"ROND POINT CHAMPS ELYSEES MARCEL DASSAUL";"48,8688190";"2,3101310"
"202000029895";"14";"12";"2020";"07:05";"5";"75";"75107";"2";"2";"1";"3";"QUAI BRANLY";"48,8605810";"2,2955480"
"202000029896";"13";"12";"2020";"11:01";"1";"75";"75115";"2";"2";"1";"6";"QUAI ANDRE CITROEN";"48,8493550";"2,2815780"
"202000029897";"14";"12";"2020";"13:00";"1";"75";"75102";"2";"4";"2";"7";"RUE D ABOUKIR";"48,8681460";"2,3483180"
"202000029898";"14";"12";"2020";"12:45";"1";"75";"75103";"2";"3";"2";"3";"RUE DE TURENNE";"48,8570900";"2,3644620"
"202000029899";"14";"12";"2020";"14:07";"1";"94";"94081";"2";"1";"1";"6";"MOULIN DE SAQUET (AV DU)";"48,7921100";"2,3861900"
"202000029900";"14";"12";"2020";"17:50";"5";"94";"94080";"2";"9";"2";"3";"SOLIDARITE (R DE LA)";"48,8530000";"2,4400000"
"202000029901";"14";"12";"2020";"18:50";"5";"94";"94076";"2";"2";"1";"6";"Avenue Paul Vaillant-Couturier";"48,7945040";"2,3583120"
"202000029902";"14";"12";"2020";"17:00";"5";"94";"94076";"2";"1";"8";"7";"CHEVILLY (R DE)";"48,7843180";"2,3545470"
"202000029903";"14";"12";"2020";"13:45";"1";"94";"94076";"2";"1";"2";"6";"CHEVILLY (R DE)";"48,7859860";"2,3543190"
"202000029904";"13";"12";"2020";"15:20";"1";"94";"94041";"2";"1";"2";"3";"GEORGES GOSNAT (AV)";"48,8127600";"2,3872700"
"202000029905";"13";"12";"2020";"19:50";"4";"94";"94073";"2";"9";"2";"6";"BD DU NORD";"48,7581100";"2,3699800"
"202000029906";"12";"12";"2020";"20:00";"5";"94";"94028";"2";"1";"2";"2";"VERDUN (AV DE)";"48,7942000";"2,4618700"
"202000029907";"14";"12";"2020";"18:35";"5";"94";"94022";"2";"1";"2";"6";"Avenue Raymond Poincaré";"48,7642900";"2,3998700"
"202000029908";"14";"12";"2020";"07:55";"2";"94";"94071";"2";"1";"9";"3";"ALBERT DRU (R)";"48,7637100";"2,5244500"
"202000029909";"14";"12";"2020";"16:10";"1";"93";"93072";"2";"1";"2";"6";"ARISTIDE BRIAND (AVENUE) COTE DES N°1A87";"48,9627700";"2,3789800"
"202000029910";"14";"12";"2020";"15:00";"1";"93";"93066";"2";"2";"2";"3";"LENINE (AVENUE) NR 2 A 26";"48,9408300";"2,3668800"
"202000029911";"14";"12";"2020";"09:20";"1";"93";"93064";"2";"3";"2";"3";"A86 / AV DU GENERAL DE GAULLEFIN";"48,8817700";"2,4763000"
"202000029912";"13";"12";"2020";"09:50";"2";"93";"93015";"2";"1";"2";"2";"STRATEGIQUE ROUTE";"48,9244943";"2,5741375"
"202000029913";"14";"12";"2020";"09:53";"1";"93";"93027";"2";"8";"8";"3";"PL DE L'ARMISTICE";"48,9296650";"2,3855440"
"202000029914";"30";"11";"2020";"08:00";"5";"92";"92063";"2";"3";"1";"6";"PLANTES (RUE DES)";"48,8660215";"2,1869097"
"202000029915";"14";"12";"2020";"00:30";"5";"92";"92051";"2";"1";"2";"6";"CHARLES DE GAULLE (AVENUE, N°27 A 129)";"48,8824377";"2,2674403"
"202000029916";"14";"12";"2020";"15:40";"1";"92";"92050";"2";"3";"2";"3";"DANSE ALLEE DE LA";"48,8952100";"2,2217600"
"202000029917";"14";"12";"2020";"19:30";"5";"92";"92020";"2";"1";"1";"2";"VERDUN AVENUE DE AUTRES N°";"48,8019910";"2,3199174"
"202000029918";"13";"12";"2020";"14:00";"1";"92";"92049";"2";"2";"1";"3";"BROSSOLETTE AVENUE PIERRE";"48,8176500";"2,3079200"