"Num_Acc";"jour";"mois";"an";"hrmn";"lum";"dep";"com";"agg";"int";"atm";"col";"adr";"lat";"long"
"202000029919";"14";"12";"2020";"06:50";"5";"92";"92023";"2";"1";"1";"7";"CLAUDE TREBIGNAUD (AVENUE) BOIS S102";"48,8001600";"2,2544200"
"202000029920";"15";"12";"2020";"16:00";"1";"62";"62100";"2";"1";"1";"2";"Rue du 21 Mai 1940";"50,4231850";"1,8941970"
"202000029921";"8";"12";"2020";"15:10";"1";"51";"51141";"1";"1";"2";"7";"N44";"48,8421051";"4,5102580"
"202000029922";"15";"12";"2020";"07:00";"3";"28";"28403";"1";"1";"3";"2";"A11";"48,3782450";"1,4819850"
"202000029923";"15";"12";"2020";"08:20";"1";"71";"71543";"1";"1";"3";"2";"Autoroute A6, PK 356+600, sens LYON/PARIS";"46,5745445";"4,8975903"
"202000029924";"14";"12";"2020";"14:05";"1";"71";"71576";"1";"1";"1";"7";"A6";"46,5232390";"4,9165430"
"202000029925";"15";"12";"2020";"10:15";"1";"52";"52163";"1";"1";"2";"6";"A31 PK 132+550";"47,9532310";"5,4371170"
"202000029926";"15";"12";"2020";"14:45";"1";"01";"01285";"2";"2";"8";"3";"Chemin des Varennes";"45,9107640";"4,8187600"
"202000029927";"12";"12";"2020";"08:30";"1";"974";"97414";"2";"6";"1";"6";"125 Avenue du Docteur Raymond Verges";" -21,2872850";"55,4088650"
"202000029928";"14";"12";"2020";"21:00";"5";"51";"51388";"2";"1";"2";"7";"Quartier Mangin";"49,1280233";"4,3701395"
"202000029929";"14";"12";"2020";"14:30";"1";"30";"30209";"1";"1";"1";"1";"D377";"43,9860290";"4,7742030"
"202000029930";"15";"12";"2020";"04:30";"3";"30";"30288";"1";"1";"1";"6";"Route Nationale 86";"44,1915630";"4,6238170"
"202000029931";"13";"12";"2020";"19:20";"3";"40";"40200";"1";"1";"1";"6";"Avenue Antoine Duluc";"44,4102560";" -0,7521670"
"202000029932";"15";"12";"2020";"04:45";"3";"61";"61429";"1";"1";"2";"2";"N12";"48,6642600";"0,7768640"
"202000029933";"14";"12";"2020";"07:57";"3";"61";"61404";"1";"1";"2";"6";"D932";"48,5343700";"0,5164830"
"202000029934";"14";"12";"2020";"16:15";"2";"68";"68258";"2";"2";"1";"4";"D2";"47,8345920";"7,3022260"
"202000029935";"11";"12";"2020";"05:30";"3";"25";"25122";"1";"1";"5";"7";"d72";"46,9557400";"6,1611840"
"202000029936";"15";"12";"2020";"19:00";"5";"02";"02173";"2";"6";"1";"3";"Rue de la Paix";"49,6150480";"3,2158990"
"202000029937";"1";"12";"2020";"21:30";"3";"70";"70187";"1";"1";"1";"7";"D9";"47,5536390";"6,5916570"
"202000029938";"15";"12";"2020";"14:00";"1";"14";"14578";"1";"1";"1";"2";"D74";"49,3670320";"0,1426080"
"202000029939";"14";"12";"2020";"11:30";"1";"14";"14369";"1";"1";"1";"6";"D972";"49,1531310";" -0,9395460"
"202000029940";"14";"12";"2020";"17:50";"3";"09";"09265";"2";"1";"1";"3";"RD 11 , rue Jules Guesde";"43,0809270";"1,6237280"
"202000029941";"14";"12";"2020";"20:15";"3";"21";"21472";"1";"1";"2";"6";"D974";"47,5659610";"5,2144720"
"202000029942";"15";"12";"2020";"08:45";"1";"17";"17410";"2";"3";"2";"3";"Les Blanchards";"45,3773220";" -0,6787810"
"202000029943";"15";"12";"2020";"10:25";"1";"23";"23160";"1";"1";"2";"1";"Départementale 27";"46,0979360";"2,4609160"
"202000029944";"9";"12";"2020";"17:50";"5";"69";"69244";"2";"1";"1";"2";"36 Avenue du 11 Novembre 1918";"45,7636150";"4,7652670"
"202000029945";"11";"12";"2020";"16:00";"1";"987";"98715";"2";"9";"1";"3";"Rt1";" -17,5504160";" -149,5982120"
"202000029946";"13";"12";"2020";"07:05";"3";"45";"45154";"1";"1";"1";"6";"A10 - PK 85+900 direction PARIS";"48,0161380";"1,8434290"
"202000029947";"14";"12";"2020";"11:05";"1";"971";"97103";"2";"1";"1";"6";"Rue Georges Sheikboudhou";"16,2410920";" -61,5938190"
"202000029948";"15";"12";"2020";"13:10";"1";"976";"97608";"2";"1";"1";"6";"53 rue bambao";" -12,7865900";"45,2701840"
"202000029949";"13";"12";"2020";"23:00";"3";"973";"97311";"1";"1";"1";"6";"Avenue Jean Galmot D9 PK 7.5";"5,5279980";" -53,9508530"
"202000029950";"15";"12";"2020";"03:20";"3";"28";"28064";"2";"2";"2";"3";"Rue de la Bois Verdrie";"48,8012670";"1,5021770"
"202000029951";"14";"12";"2020";"16:30";"3";"28";"28073";"1";"1";"8";"6";"D19";"48,4995980";"1,6382100"
"202000029952";"13";"12";"2020";"16:20";"1";"77";"77309";"2";"2";"8";"2";"nationale 330";"49,0098250";"2,8368760"
"202000029953";"14";"12";"2020";"08:30";"1";"34";"34213";"1";"1";"2";"5";"D2e5";"43,4722523";"3,6797412"
"202000029954";"14";"12";"2020";"18:20";"5";"84";"84129";"2";"1";"1";"1";"Boulevard Salvador Allende";"44,0032490";"4,8799630"
"202000029955";"13";"12";"2020";"04:50";"5";"73";"73213";"2";"2";"2";"3";"D1006 carrefour du roc noir";"45,5651080";"5,9670570"
"202000029956";"11";"12";"2020";"18:40";"2";"69";"69072";"1";"1";"2";"2";"Ancienne Route Nationale 7";"45,8108600";"4,7304300"
"202000029957";"14";"12";"2020";"20:05";"3";"09";"09212";"1";"1";"2";"7";"Le Pleich";"43,0190270";"1,3230370"
"202000029958";"15";"12";"2020";"19:30";"3";"16";"16359";"1";"1";"1";"1";"Route de la Chagnée";"45,6119620";" -0,3698180"
"202000029959";"14";"12";"2020";"22:45";"3";"86";"86210";"1";"1";"3";"6";"D147";"47,1333590";"0,0556290"
"202000029960";"11";"12";"2020";"12:45";"1";"33";"33211";"2";"2";"2";"3";"D2";"45,0151240";" -0,6395410"
"202000029961";"14";"12";"2020";"18:15";"5";"76";"76475";"2";"6";"2";"3";"D6014";"49,4024530";"1,1609670"
"202000029962";"15";"12";"2020";"19:45";"3";"62";"62721";"1";"1";"5";"6";"D190";"50,6742120";"2,3168830"
"202000029963";"12";"9";"2020";"19:50";"1";"13";"13211";"1";"1";"1";"5";"A50-Sens Aubagne vers Marseille";"43,2919300";"5,4520000"
"202000029964";"10";"12";"2020";"14:50";"1";"13";"13216";"1";"1";"1";"6";"A55-Sens Martigues vers Marseille";"43,3400000";"5,3400000"
"202000029965";"14";"12";"2020";"14:40";"1";"69";"69388";"1";"1";"1";"6";"RD383  ";"45,7210600";"4,8836500"
"202000029966";"14";"12";"2020";"18:35";"1";"33";"33318";"1";"1";"1";"4";"ROCADE A 630";"44,7876800";" -0,6386900"
"202000029967";"14";"12";"2020";"17:45";"3";"33";"33039";"1";"1";"1";"4";"ROCADE A 630";"44,7994870";" -0,5358410"
"202000029968";"14";"12";"2020";"18:30";"5";"33";"33550";"1";"1";"1";"4";"ROCADE A 630";"44,7808400";" -0,5797700"
"202000029969";"13";"12";"2020";"16:55";"1";"59";"59378";"1";"1";"2";"6";"AUTOROUTE A22";"50,6764880";"3,1136610"
"202000029970";"12";"12";"2020";"21:20";"3";"59";"59501";"1";"1";"1";"5";"AUTOROUTE A 21";"50,3741080";"3,2426250"
"202000029971";"8";"12";"2020";"13:00";"1";"59";"59234";"1";"1";"2";"6";"AUTOROUTE A21";"50,4032420";"3,0499140"
"202000029972";"4";"12";"2020";"19:00";"3";"59";"59043";"1";"1";"1";"5";"AUTOROUTE A25";"50,7256910";"2,7274170"
"202000029973";"13";"11";"2020";"22:40";"3";"59";"59350";"1";"1";"2";"6";"ROUTE NATIONALE 356";"50,6211218";"3,0823785"
"202000029974";"14";"12";"2020";"03:45";"3";"91";"91521";"1";"1";"1";"6";"RN 104";"48,6319740";"2,4007240"
"202000029975";"14";"12";"2020";"07:09";"3";"92";"92050";"1";"1";"2";"3";"A86";"48,9168219";"2,2215391"
"202000029976";"12";"12";"2020";"22:55";"5";"75";"75116";"1";"1";"1";"7";"A13Y";"48,8484060";"2,2493270"
"202000029977";"13";"12";"2020";"13:10";"1";"95";"95212";"1";"1";"1";"7";"RN 104";"49,0291600";"2,5303300"
"202000029978";"12";"12";"2020";"21:10";"3";"95";"95018";"1";"1";"2";"6";" A15";"48,9634700";"2,2682000"
"202000029979";"12";"12";"2020";"22:10";"3";"95";"95491";"1";"1";"1";"2";"A115";"49,0063532";"2,2436590"
"202000029980";"12";"12";"2020";"17:35";"3";"95";"95394";"1";"1";"1";"3";"RN 184";"49,0522200";"2,1581200"
"202000029981";"30";"11";"2020";"17:15";"1";"974";"97411";"2";"1";"1";"1";"LECLERC (DU MARECHAL)";" -20,8817700";"55,4603000"
"202000029982";"13";"12";"2020";"17:40";"5";"69";"69387";"2";"2";"1";"3";"JEAN JAURES                         (AV)";"45,7437300";"4,8410200"
"202000029983";"13";"12";"2020";"15:20";"1";"69";"69383";"2";"2";"1";"3";"VOLTAIRE                            (R )";"45,7583700";"4,8486500"
"202000029984";"13";"12";"2020";"17:20";"2";"2B";"2B033";"2";"1";"1";"1";"VEZZANI - RUE CESAR";"42,6884900";"9,4467900"
"202000029985";"10";"12";"2020";"11:05";"1";"95";"95555";"2";"1";"1";"6";"ALBRECHT (RUE BERTHIE)";"48,9658396";"2,2838205"
"202000029986";"12";"12";"2020";"09:40";"1";"83";"83061";"2";"1";"9";"6";"RUE DU DOCTEUR DONNADIEU";"43,4330800";"6,7544000"
"202000029987";"13";"12";"2020";"19:00";"5";"78";"78517";"2";"2";"2";"3";"CLEMENCEAU (RUE GEORGES)";"48,6445500";"1,8247180"
"202000029988";"13";"12";"2020";"10:35";"1";"59";"59378";"2";"6";"1";"3";"NATIONALE RUE";"50,6629160";"3,0750510"
"202000029989";"12";"12";"2020";"16:15";"1";"47";"47027";"2";"6";"2";"6";"BORDEAUX (avenue de)";"44,4034826";"0,6774975"
"202000029990";"13";"12";"2020";"17:45";"5";"42";"42095";"2";"1";"2";"3";"Rue Dorian";"45,3913922";"4,2748088"
"202000029991";"13";"12";"2020";"01:50";"3";"37";"37233";"2";"1";"1";"7";"LOIRE (LEVEE DE LA)";"47,4024613";"0,7521692"
"202000029992";"13";"12";"2020";"13:55";"1";"37";"37122";"2";"1";"2";"7";"JAURES (BOULEVARD JEAN)";"47,3494148";"0,6676769"
"202000029993";"13";"12";"2020";"18:00";"5";"30";"30189";"2";"2";"1";"3";"SAINT GILLES (ROUTE)";"43,8127400";"4,3705800"
"202000029994";"13";"12";"2020";"17:12";"5";"30";"30189";"2";"1";"1";"3";"MENDES FRANCE PIERRE (AVENUE)";"43,8256600";"4,3778900"
"202000029995";"12";"12";"2020";"11:04";"1";"17";"17200";"2";"2";"1";"3";"HUIT MAI 1945   AVENUE DU";"46,1830300";" -1,1523200"
"202000029996";"13";"12";"2020";"17:26";"5";"13";"13211";"2";"1";"1";"3";"BARASSE";"43,2862116";"5,4769331"
"202000029997";"12";"12";"2020";"11:00";"1";"13";"13211";"2";"6";"1";"2";"JEAN LOMBARD (AVENUE)";"43,2893246";"5,4377567"
"202000029998";"10";"12";"2020";"17:59";"5";"75";"75118";"2";"4";"1";"2";"PORTE DE LA CHAPELLE";"48,9008990";"2,3637500"
"202000029999";"13";"12";"2020";"21:35";"5";"75";"75112";"2";"2";"2";"3";"COURS DE VINCENNES";"48,8470050";"2,4112400"
"202000030000";"13";"12";"2020";"19:15";"5";"75";"75119";"2";"2";"2";"3";"AVENUE DE FLANDRE";"48,8923800";"2,3789890"
"202000030001";"13";"12";"2020";"06:20";"5";"75";"75118";"2";"2";"1";"3";"RUE MARCADET";"48,8912060";"2,3436360"
"202000030002";"12";"12";"2020";"10:50";"1";"75";"75116";"2";"4";"1";"2";"AVENUE DODE DE LA BRUNERIE";"48,8363930";"2,2568300"
"202000030003";"13";"12";"2020";"22:15";"5";"75";"75113";"2";"3";"3";"7";"BOULEVARD KELLERMANN";"48,8206110";"2,3556310"
"202000030004";"13";"12";"2020";"21:50";"4";"94";"94073";"2";"9";"2";"1";"LUXEMBOURG (AV DU)";"48,7581100";"2,3699800"
"202000030005";"12";"12";"2020";"22:10";"5";"94";"94073";"2";"9";"2";"3";"VERSAILLES (AV DE)";"48,7590769";"2,3956721"
"202000030006";"13";"12";"2020";"16:20";"1";"94";"94033";"2";"9";"2";"3";"VERDUN (BD DE)";"48,8540700";"2,4691500"
"202000030007";"14";"1";"2020";"14:45";"1";"33";"33522";"2";"4";"1";"3";"Route de Toulouse";"44,8106530";" -0,5739260"
"202000030008";"14";"1";"2020";"13:25";"1";"31";"31555";"1";"1";"1";"6";"A621 (SEPT DENIERS-ANCELY)";"43,6252600";"1,4108100"
"202000030009";"13";"1";"2020";"19:30";"3";"31";"31555";"2";"1";"1";"3";"BD MATABIAU";"43,6153880";"1,4409890"
"202000030010";"13";"1";"2020";"17:30";"5";"31";"31555";"2";"1";"1";"6";"AV DES ETATS UNIS";"43,6570680";"1,4206790"
"202000030011";"13";"1";"2020";"18:10";"5";"29";"29232";"2";"1";"2";"6";"Rue de Pont-l'Abbe";"47,9903200";" -4,1123700"
"202000030012";"13";"1";"2020";"07:45";"5";"29";"29019";"1";"1";"2";"4";"D112 ";"48,4277079";" -4,4748746"
"202000030013";"12";"1";"2020";"17:42";"2";"29";"29019";"2";"2";"1";"1";"Boulevard Montaigne";"48,3997300";" -4,4860200"
"202000030014";"13";"1";"2020";"16:30";"1";"22";"22278";"2";"2";"2";"1";"BLANQUI (AUGUSTE)";"48,4990700";" -2,7500000"
"202000030015";"10";"1";"2020";"07:40";"3";"18";"18033";"1";"1";"2";"6";"D15E";"47,0447500";"2,4233000"
"202000030016";"14";"1";"2020";"21:10";"5";"13";"13209";"2";"1";"1";"2";"SAINTE MARGUERITE (BOULEVARD)";"43,2668640";"5,4080890"
"202000030017";"5";"1";"2020";"17:50";"1";"13";"13002";"2";"1";"1";"3";"ANGE MARTIN  (BOULEVARD)";"43,3330300";"5,4616500"
"202000030018";"12";"1";"2020";"01:10";"5";"13";"13211";"2";"1";"1";"2";"SAINT MARCEL (BOULEVARD DE )";"43,2867897";"5,4672391"
"202000030019";"14";"1";"2020";"14:30";"1";"13";"13214";"2";"9";"1";"3";"MAHOUBI TIR ";"43,3335200";"5,3962800"
"202000030020";"13";"1";"2020";"10:40";"1";"13";"13207";"2";"1";"1";"6";"CATALANS (RUE DES)";"43,2917990";"5,3557780"
"202000030021";"13";"1";"2020";"18:30";"5";"13";"13063";"2";"1";"1";"1";"QUENOUILLE RUE DE LA";"43,5904082";"4,9940211"
"202000030022";"12";"1";"2020";"12:30";"1";"13";"13005";"2";"1";"1";"6";"SALENGRO (AVENUE ROGER)";"43,3003500";"5,5695700"
"202000030023";"14";"1";"2020";"18:50";"3";"10";"10081";"2";"1";"1";"2";"PRESIDENT RENE COTY";"48,3252300";"4,0304500"
"202000030024";"14";"1";"2020";"18:37";"5";"10";"10387";"2";"1";"1";"3";"ROBERT SCHUMANN (RUE)";"48,3096200";"4,0973000"
"202000030025";"14";"1";"2020";"09:15";"1";"09";"09122";"2";"6";"7";"3";"ESPAGNE (ROUTE D')";"42,9490900";"1,6255100"
"202000030026";"9";"1";"2020";"14:00";"1";"08";"08409";"2";"7";"3";"3";"PASTEUR (AVENUE)";"49,6966400";"4,9296200"
"202000030027";"14";"1";"2020";"09:00";"1";"06";"06069";"2";"1";"1";"6";"ROUQUIER (BOULEVARD EMMANUEL)";"43,6443300";"6,9410500"
"202000030028";"14";"1";"2020";"13:30";"1";"06";"06029";"2";"1";"1";"3";"PERIER (BOULEVARD DU)";"43,5527200";"7,0281600"
"202000030029";"12";"1";"2020";"14:50";"1";"06";"06027";"2";"1";"1";"1";"PLAGE BOULEVARD DE LA";"43,6577500";"7,1703300"
"202000030030";"9";"1";"2020";"11:25";"1";"06";"06027";"2";"9";"1";"3";"TRAVAILS CHEMIN DES";"43,6676100";"7,1396600"
"202000030031";"13";"1";"2020";"08:54";"1";"05";"05061";"2";"1";"1";"3";"EMILE FABRE (COURS  )";"44,5610600";"6,0772300"
"202000030032";"10";"1";"2020";"11:25";"1";"03";"03190";"2";"1";"8";"6";"rue des Geais n° 24";"46,5739156";"3,3341585"
"202000030033";"9";"1";"2020";"13:35";"1";"03";"03185";"2";"1";"1";"6";"avenue Jules Ferry";"46,3410213";"2,5991395"
"202000030034";"13";"1";"2020";"19:00";"2";"75";"75114";"2";"4";"8";"3";"BD PERIPHERIQUE EXTERIEUR";"48,8239825";"2,3077172"
"202000030035";"13";"1";"2020";"17:54";"5";"75";"75103";"2";"1";"2";"1";"RUE DE TURENNE";"48,8597590";"2,3645430"
"202000030036";"14";"1";"2020";"14:00";"1";"75";"75120";"2";"7";"8";"6";"PLACE GAMBETTA";"48,8650620";"2,3983240"
"202000030037";"14";"1";"2020";"09:40";"1";"75";"75119";"2";"1";"8";"3";"AVENUE MATHURIN MOREAU";"48,8781380";"2,3717810"
"202000030038";"14";"1";"2020";"19:00";"5";"75";"75118";"2";"3";"1";"3";"AVENUE DE CLICHY";"48,8866059";"2,3260100"
"202000030039";"14";"1";"2020";"16:05";"1";"75";"75118";"2";"2";"8";"6";"RUE DE LA CHAPELLE";"48,8985330";"2,3590000"
"202000030040";"14";"1";"2020";"09:50";"1";"75";"75117";"2";"3";"1";"6";"AVENUE DE LA GRANDE ARMEE";"48,8768322";"2,2854737"
"202000030041";"14";"1";"2020";"19:20";"5";"75";"75116";"2";"7";"1";"6";"BOULEVARD MURAT";"48,8453478";"2,2575268"
"202000030042";"14";"1";"2020";"07:15";"2";"75";"75116";"2";"1";"1";"3";"BOULEVARD DE L AMIRAL BRUIX";"48,8765880";"2,2825760"
"202000030043";"13";"1";"2020";"18:15";"2";"75";"75116";"2";"2";"2";"5";"ALLEE DE LA REINE MARGUERITE";"48,8585640";"2,2448870"
"202000030044";"13";"1";"2020";"05:05";"5";"75";"75116";"2";"1";"1";"3";"AVENUE DE L HIPPODROME";"48,8579710";"2,2526960"
"202000030045";"14";"1";"2020";"20:50";"5";"75";"75110";"2";"1";"1";"3";"RUE DE CHABROL";"48,8767130";"2,3542020"
"202000030046";"14";"1";"2020";"02:55";"5";"75";"75110";"2";"1";"1";"2";"RUE DU BUISSON SAINT LOUIS";"48,8735109";"2,3749363"
"202000030047";"14";"1";"2020";"18:00";"5";"75";"75109";"2";"1";"1";"6";"BOULEVARD MONTMARTRE";"48,8717602";"2,3413842"
"202000030048";"14";"1";"2020";"13:30";"1";"75";"75108";"2";"7";"1";"6";"PLACE DE LA CONCORDE";"48,8641413";"2,3203214"
"202000030049";"14";"1";"2020";"11:15";"1";"75";"75103";"2";"1";"1";"6";"RUE DES FRANCS BOURGEOIS";"48,8579070";"2,3601978"
"202000030050";"14";"1";"2020";"10:40";"1";"75";"75101";"2";"7";"1";"2";"RUE DE RIVOLI";"48,8624209";"2,3362356"
"202000030051";"14";"1";"2020";"09:45";"1";"94";"94046";"2";"2";"1";"1";"Avenue de la République";"48,8105396";"2,4565286"
"202000030052";"14";"1";"2020";"07:45";"2";"94";"94076";"2";"2";"1";"6";"DALOU (VOI)";"48,7834800";"2,3717400"
"202000030053";"14";"1";"2020";"16:50";"1";"94";"94073";"2";"1";"1";"5";"DOCTEUR MARIE (R DU)";"48,7455800";"2,3694400"
"202000030054";"13";"1";"2020";"17:15";"2";"94";"94028";"2";"1";"1";"6";"LAFERRIERE(AVENUE)";"48,8006700";"2,4568100"
"202000030055";"14";"1";"2020";"14:30";"1";"94";"94019";"2";"3";"1";"3";"LIBERATION (RTE DE LA)";"48,8006500";"2,5422200"
"202000030056";"14";"1";"2020";"09:25";"1";"94";"94002";"2";"1";"1";"6";"FLORE (R DE)";"48,7969239";"2,4221406"
"202000030057";"14";"1";"2020";"20:15";"5";"93";"93078";"2";"9";"6";"6";"GARE (AVENUE DE LA)";"48,9457753";"2,5646478"
"202000030058";"14";"1";"2020";"08:25";"1";"93";"93073";"1";"1";"1";"3";"CHAPIT RE ( RUE DU)";"49,0034100";"2,5367700"
"202000030059";"14";"1";"2020";"07:00";"2";"93";"93066";"2";"3";"1";"3";"POTTIER EUGENE";"48,9480525";"2,3539255"
"202000030060";"13";"1";"2020";"22:40";"5";"93";"93031";"2";"3";"1";"3";"BD FOCH / R DE L'YSER";"48,9440300";"2,3381600"
"202000030061";"14";"1";"2020";"21:25";"5";"93";"93014";"2";"1";"2";"2";"ALL DE GAGNY";"48,9027700";"2,5475600"
"202000030062";"13";"1";"2020";"08:30";"1";"93";"93014";"2";"3";"8";"6";"ALL DE BELLEVUE / AV DE SEVIGNE";"48,9131600";"2,5483900"
"202000030063";"13";"1";"2020";"18:30";"5";"92";"92046";"2";"1";"2";"3";"RAYMOND DAVID";"48,8179680";"2,2945360"
"202000030064";"12";"1";"2020";"10:00";"1";"92";"92063";"2";"3";"1";"3";"BONAPARTE (AVENUE NAPOLEON) NORD";"48,8684786";"2,1484776"
"202000030065";"14";"1";"2020";"10:56";"1";"92";"92062";"2";"2";"1";"3";"FRANCE (RUE  ANATOLE) N° 2 AU 20";"48,8829600";"2,2397300"
"202000030066";"12";"1";"2020";"23:50";"1";"92";"92050";"1";"6";"1";"3";"LENINE VLADIMIR ILITCH AVENUE";"48,8882740";"2,1934720"
"202000030067";"14";"1";"2020";"17:45";"5";"92";"92048";"2";"1";"1";"1";"AMBROISE PARE (RUE)";"48,7846308";"2,2343834"
"202000030068";"14";"1";"2020";"15:15";"1";"92";"92026";"2";"2";"1";"6";"ARISTIDE BRIAND";"48,8988200";"2,2566440"
"202000030069";"14";"1";"2020";"06:45";"5";"12";"12300";"2";"6";"1";"3";"Route Haute de Farrou";"44,3810640";"2,0397550"
"202000030070";"14";"1";"2020";"13:15";"1";"62";"62177";"1";"1";"8";"1";"D349";"50,4482505";"1,8203324"
"202000030071";"14";"1";"2020";"19:00";"5";"95";"95480";"2";"1";"2";"6";"Rue de Conti (Pont)";"49,1136910";"2,2097110"
"202000030072";"14";"1";"2020";"15:50";"1";"44";"44137";"1";"1";"3";"6";"N171";"47,3589480";" -2,0377110"
"202000030073";"14";"1";"2020";"18:00";"2";"40";"40200";"1";"1";"1";"7";"D120";"44,3677890";" -0,7552290"
"202000030074";"14";"1";"2020";"18:45";"3";"35";"35024";"2";"1";"2";"6";"14 Rue du Mont Saint-michel";"48,1871430";" -1,6278920"
"202000030075";"12";"1";"2020";"05:15";"3";"59";"59331";"1";"1";"1";"7";"Route d'Happegarbes";"50,1177030";"3,6489350"
"202000030076";"10";"1";"2020";"17:15";"1";"56";"56203";"1";"2";"1";"3";"Le Corboulo";"48,1707491";" -3,0156700"
"202000030077";"14";"1";"2020";"10:40";"1";"76";"76013";"1";"2";"2";"3";"516 Route de Sassetot";"49,7788350";"0,5227530"
"202000030078";"15";"1";"2020";"08:15";"1";"71";"71230";"2";"1";"1";"6";"Place de l’Eglise";"46,5993374";"4,0606215"
"202000030079";"14";"1";"2020";"21:00";"3";"29";"29275";"1";"2";"3";"6";"La Croix Rouge";"48,4211760";" -3,6311030"
"202000030080";"15";"1";"2020";"09:35";"1";"29";"29160";"1";"1";"8";"2";"D13 - Route de Bourg-Blanc";"48,4755310";" -4,4846860"
"202000030081";"14";"1";"2020";"20:15";"3";"38";"38095";"1";"3";"1";"3";"Zone d'Activite la Croisee";"45,1304910";"5,2883400"
"202000030082";"15";"1";"2020";"02:00";"3";"84";"84030";"1";"1";"1";"6";"RD 974";"44,0817240";"5,1081830"
"202000030083";"15";"1";"2020";"07:00";"2";"01";"01034";"2";"3";"1";"6";"98 Rue de la République";"45,7566020";"5,6862310"
"202000030084";"15";"1";"2020";"16:25";"1";"05";"05087";"1";"3";"1";"3";"Route du Boutariq- D937 ";"44,5562400";"5,8644610"
"202000030085";"15";"1";"2020";"07:00";"5";"16";"16132";"1";"6";"1";"6";"Route de Limoges";"45,8939186";"0,7867293"
"202000030086";"14";"1";"2020";"13:20";"1";"53";"53030";"1";"2";"2";"3";"D20";"47,9550370";" -0,6238640"
"202000030087";"13";"1";"2020";"18:15";"5";"88";"88488";"2";"2";"8";"2";"Route Departementale 165";"48,1919870";"6,0924070"
"202000030088";"13";"1";"2020";"06:50";"2";"68";"68066";"1";"1";"1";"5";"autoroute A35";"48,0544530";"7,3748490"
"202000030089";"14";"1";"2020";"21:30";"3";"68";"68235";"1";"1";"1";"2";"A35";"47,9907890";"7,3780670"
"202000030090";"14";"1";"2020";"19:05";"5";"35";"35208";"2";"1";"2";"6";"44 rue de Rennes";"48,0000000";" -1,6671700"
"202000030091";"15";"1";"2020";"07:30";"1";"973";"97309";"2";"2";"1";"3";"Avenue Louis Caristan";"4,9119559";" -52,2695312"
"202000030092";"14";"1";"2020";"17:25";"1";"973";"97309";"2";"2";"1";"3";"Rue Robert Sampson";"4,8865662";" -52,2759832"
"202000030093";"10";"1";"2020";"16:05";"1";"971";"97103";"2";"6";"1";"3";"Rue Henri Becquerel-jarry";"16,2439800";" -61,5710080"
"202000030094";"15";"1";"2020";"06:00";"3";"974";"97415";"1";"1";"2";"1";"Le Moulin à Eau";" -21,0871130";"55,2747580"
"202000030095";"10";"1";"2020";"14:55";"1";"41";"41130";"1";"2";"1";"3";"D924";"47,7265850";"1,3334260"
"202000030096";"15";"1";"2020";"08:20";"1";"67";"67033";"1";"6";"1";"6";"D421";"48,7463015";"7,6795631"
"202000030097";"14";"1";"2020";"11:30";"1";"42";"42222";"1";"3";"1";"3";"Les Bayards";"45,6211361";"4,3361335"
"202000030098";"14";"1";"2020";"16:45";"1";"26";"26235";"1";"1";"1";"6";"Chemin de Sérignan";"44,3803810";"4,6883100"
"202000030099";"14";"1";"2020";"19:50";"3";"01";"01345";"1";"2";"1";"3";"D1084";"45,9430260";"5,3101840"
"202000030100";"14";"1";"2020";"14:20";"2";"13";"13106";"1";"1";"1";"4";"A51-Sens Aix en Provence vers Marseille";"43,4052460";"5,3599520"
"202000030101";"13";"1";"2020";"10:15";"1";"13";"13001";"1";"1";"1";"3";"A51-Sens Aix en Provence vers Marseille";"43,5332500";"5,3680600"
"202000030102";"5";"1";"2020";"20:00";"3";"01";"01275";"1";"1";"1";"4";"A42   4.353 A 5.760   GEN/LYON";"45,8145000";"4,9318200"
"202000030103";"9";"1";"2020";"20:18";"3";"67";"67218";"1";"1";"1";"3";"Route Alfred Kastler";"48,5454200";"7,7296400"
"202000030104";"10";"1";"2020";"08:15";"2";"59";"59569";"1";"1";"1";" -1";"AUTOROUTE A21";"50,3810590";"3,1392050"
"202000030105";"14";"1";"2020";"16:40";"1";"94";"94034";"1";"1";"1";" -1";"AUTOROUTE A6A";"48,7555203";"2,3409783"
"202000030106";"14";"1";"2020";"15:59";"1";"91";"91570";"1";"1";"1";"2";"RN 104";"48,6250000";"2,3290000"
"202000030107";"14";"1";"2020";"15:43";"1";"94";"94003";"1";"1";"1";"7";"AUTOROUTE A6A";"48,8040276";"2,3420366"
"202000030108";"14";"1";"2020";"08:25";"2";"78";"78297";"1";"1";"8";"2";"RN12";"48,7929740";"2,0532770"
"202000030109";"14";"1";"2020";"07:20";"5";"92";"92012";"1";"1";"1";"2";"A13";"48,8484972";"2,2309316"
"202000030110";"14";"1";"2020";"07:30";"2";"92";"92012";"1";"1";"1";"2";"A13";"48,8483320";"2,2306913"
"202000030111";"13";"1";"2020";"08:36";"1";"92";"92064";"1";"1";"1";"3";"A13";"48,8393700";"2,2068900"
"202000030112";"13";"1";"2020";"21:40";"3";"95";"95061";"1";"1";"1";"2";"RN 104";"49,0683500";"2,2521000"
"202000030113";"13";"1";"2020";"10:40";"1";"95";"95042";"1";"1";"2";"2";"RN 104";"49,0570300";"2,2948500"