"Num_Acc";"jour";"mois";"an";"hrmn";"lum";"dep";"com";"agg";"int";"atm";"col";"adr";"lat";"long"
"202000030114";"13";"1";"2020";"09:08";"1";"95";"95580";"1";"1";"2";"4";"AUTOROUTE A1";"49,0894200";"2,5505800"
"202000030115";"12";"1";"2020";"02:00";"3";"95";"95394";"1";"1";"1";"6";"A115";"49,0516300";"2,1823200"
"202000030116";"12";"1";"2020";"00:15";"3";"95";"95572";"1";"1";"1";"2";" A15";"49,0309207";"2,1212871"
"202000030117";"11";"1";"2020";"22:45";"3";"93";"93005";"1";"1";"1";"6";"AUTOROUTE A104";"48,9739200";"2,4877000"
"202000030118";"14";"1";"2020";"18:00";"3";"77";"77438";"1";"9";"1";"3";"A104";"48,8674251";"2,6706209"
"202000030119";"14";"1";"2020";"17:00";"3";"94";"94058";"1";"1";"1";"2";"A86.EXT";"48,8510600";"2,4923000"
"202000030120";"13";"1";"2020";"13:10";"1";"77";"77169";"1";"1";"2";"7";"RN104";"48,8249700";"2,6157520"
"202000030121";"9";"1";"2020";"03:05";"5";"94";"94052";"1";"1";"1";"6";"A86 INT";"48,8443248";"2,4923092"
"202000030122";"13";"1";"2020";"12:30";"1";"92";"92002";"2";"2";"8";"2";"DIVISION LECLERC (31 A 51 -36 A 56 BIS)/ ARMAND GUILLEBAUD (AVENUE)";"48,7497060";"2,3042970"
"202000030123";"16";"1";"2020";"09:00";"1";"988";"98818";"2";"3";"3";"3";"RUE AUGUSTE BENEBIG/RUE DU COMMANDANT ROUGY";" -22,2721600";"166,4502600"
"202000030124";"15";"1";"2020";"10:30";"1";"988";"98818";"2";"3";"1";"3";"RUE JACQUES IEKAWE/RUE JEAN CHALIER";" -22,2483300";"166,4637700"
"202000030125";"15";"1";"2020";"10:10";"1";"974";"97411";"2";"6";"1";"2";"Avenue Georges Brassens";" -20,9059832";"55,4861128"
"202000030126";"14";"1";"2020";"13:40";"1";"973";"97302";"2";"1";"1";"2";"MADELEINE (ROUTE DE LA)";"4,9380449";" -52,3261428"
"202000030127";"15";"1";"2020";"15:50";"1";"69";"69383";"2";"9";"1";"3";"PAUL BERT                           (R )";"45,7570922";"4,8588096"
"202000030128";"15";"1";"2020";"14:20";"1";"69";"69259";"2";"1";"1";"3";"JEAN CAGNE                          (AV)";"45,6950574";"4,8736151"
"202000030129";"14";"1";"2020";"12:50";"1";"972";"97209";"2";"2";"1";"7";"REPUBLIQUE (RUE DE LA )";"14,6075100";" -61,0690600"
"202000030130";"15";"1";"2020";"18:35";"5";"69";"69081";"2";"1";"1";"3";"HETRE POURPRE (DU)            R";"45,7726100";"4,7778800"
"202000030131";"14";"1";"2020";"17:15";"5";"69";"69389";"2";"1";"1";"6";"SIDOINE APPOLINAIRE                 (AV)";"45,7653200";"4,8006400"
"202000030132";"14";"1";"2020";"11:00";"1";"69";"69149";"2";"1";"1";"6";"EMILE ZOLA                          (BD)";"45,7197174";"4,8011782"
"202000030133";"15";"1";"2020";"19:30";"5";"2A";"2A004";"2";"1";"1";"3";"RECCO ABBE BOULEVARD";"41,9382136";"8,7407071"
"202000030134";"15";"1";"2020";"13:45";"1";"91";"91421";"2";"1";"1";"2";"CORBEIL (ROUTE DE)";"48,7068500";"2,4406000"
"202000030135";"15";"1";"2020";"10:00";"1";"91";"91377";"2";"6";"1";"2";"BASCH (RUE VICTOR)";"48,7276000";"2,2733000"
"202000030136";"15";"1";"2020";"18:40";"5";"91";"91114";"2";"1";"2";"2";"PIERRE PROST (AVENUE)";"48,6973000";"2,4969000"
"202000030137";"15";"1";"2020";"17:40";"5";"91";"91631";"2";"1";"2";"3";"MANDRES (RUE DE)";"48,6796000";"2,5592000"
"202000030138";"14";"1";"2020";"18:19";"2";"87";"87065";"2";"1";"1";"2";"RD979";"45,8183800";"1,2955500"
"202000030139";"14";"1";"2020";"07:40";"5";"87";"87085";"2";"1";"1";"6";"BRIAND (RUE ARISTIDE)";"45,8398900";"1,2694200"
"202000030140";"14";"1";"2020";"13:00";"1";"86";"86194";"2";"1";"1";"2";"Rocade Est";"46,5920772";"0,3490949"
"202000030141";"15";"1";"2020";"08:05";"1";"83";"83137";"2";"2";"8";"6";"CARNOT (AVE LAZARE)";"43,1284500";"5,9245000"
"202000030142";"15";"1";"2020";"07:55";"1";"83";"83137";"2";"9";"1";"6";"BLERIOT (AVE LOUIS)";"43,1401800";"5,9100600"
"202000030143";"10";"1";"2020";"15:25";"1";"80";"80001";"2";"1";"1";"2";"JEAN MENNESSON";"50,1159700";"1,8276100"
"202000030144";"15";"1";"2020";"07:30";"3";"78";"78609";"1";"2";"1";"3";"CD 28";"49,0286710";"1,9271850"
"202000030145";"9";"1";"2020";"17:55";"3";"78";"78297";"2";"1";"2";"6";"COMMERCE (ALLEE DU)";"48,7738030";"2,0738880"
"202000030146";"13";"1";"2020";"17:50";"5";"77";"77146";"2";"2";"2";"3";"BEAUBOURG (BOULEVARD DE) - D1406";"48,8247900";"2,6313800"
"202000030147";"14";"1";"2020";"08:20";"5";"72";"72181";"2";"1";"2";"6";"DURAND GEORGES (AV) N° PAIRS 2 A 110";"47,9806200";"0,2117400"
"202000030148";"14";"1";"2020";"12:15";"1";"69";"69029";"2";"9";"1";"3";"CHARLES DE GAULLE                   (RP)";"45,7253400";"4,9332800"
"202000030149";"15";"1";"2020";"16:50";"1";"64";"64189";"2";"2";"1";"3";"DELAUNAY GABRIEL  (AVENUE)";"43,3826400";" -1,6664700"
"202000030150";"14";"1";"2020";"08:05";"1";"64";"64024";"2";"1";"1";"3";"BAYONNE (AVENUE DE)";"43,4808500";" -1,5135500"
"202000030151";"14";"1";"2020";"10:26";"1";"63";"63113";"2";"1";"1";"6";"COTE BLATIN (BD)";"45,7694400";"3,0910500"
"202000030152";"15";"1";"2020";"13:30";"1";"60";"60159";"1";"6";"1";"2";"BERTHELOT (AV. MARCELIN)";"49,3884849";"2,7869416"
"202000030153";"13";"1";"2020";"08:15";"2";"57";"57672";"2";"1";"1";"6";"CHATEAU GASSION";"49,3424400";"6,1605700"
"202000030154";"14";"1";"2020";"20:35";"5";"56";"56121";"2";"1";"6";"6";"BELGIQUE (RUE  DE )";"47,7605300";" -3,3843300"
"202000030155";"14";"1";"2020";"13:30";"1";"54";"54265";"2";"1";"1";"6";"3 Av des Erables";"48,6436291";"6,1857377"
"202000030156";"13";"1";"2020";"18:45";"2";"51";"51108";"2";"1";"2";"7";"Avenue du Général Charles de Gaulle";"48,9487790";"4,3714541"
"202000030157";"14";"1";"2020";"09:40";"1";"50";"50203";"1";"1";"2";"3";"VALLEE DE QUINCAMPOI0X";"49,6160100";" -1,6383200"
"202000030158";"13";"1";"2020";"19:00";"5";"50";"50129";"2";"3";"2";"6";"NAPOLEON (PLACE)";"49,6422800";" -1,6224300"
"202000030159";"14";"1";"2020";"18:20";"3";"49";"49246";"2";"1";"3";"4";"MOULIN MARCILLE CHEMIN";"47,4365700";" -0,4935700"
"202000030160";"14";"1";"2020";"23:10";"5";"49";"49353";"2";"1";"1";" -1";"JEAN JAURES RUE";"47,4445300";" -0,5006500"
"202000030161";"14";"1";"2020";"08:58";"1";"49";"49015";"2";"1";"2";"7";"LANGEVIN RUE PAUL";"47,5178600";" -0,6084600"
"202000030162";"15";"1";"2020";"17:45";"3";"45";"45234";"2";"1";"1";"6";"Avenue Montesquieu";"47,8362955";"1,9333409"
"202000030163";"14";"1";"2020";"18:30";"5";"45";"45284";"2";"2";"9";"4";"Rue Jean Zay - Rue de Verville";"47,9109954";"1,9593137"
"202000030164";"12";"1";"2020";"11:30";"1";"45";"45285";"1";"1";"1";"6";"Rue de la Mouchetière";"47,9077500";"1,8583600"
"202000030165";"15";"1";"2020";"15:36";"1";"43";"43157";"1";"1";"7";"6";"Avenue Jean Moulin";"45,0394600";"3,9036900"
"202000030166";"6";"1";"2020";"16:25";"1";"42";"42218";"2";"2";"1";"6";"Rue des Francs Maçons";"45,4304800";"4,3909700"
"202000030167";"15";"1";"2020";"10:40";"1";"37";"37122";"2";"1";"1";"2";"BORDEAUX (ROUTE DE)";"47,3545686";"0,6990721"
"202000030168";"14";"1";"2020";"17:45";"5";"37";"37261";"2";"1";"2";"6";"ENTRAIGUES (RUE D')";"47,3845574";"0,6672870"
"202000030169";"12";"1";"2020";"08:00";"1";"37";"37261";"2";"6";"1";"6";"DANIEL MAYER";"47,4187063";"0,6926977"
"202000030170";"16";"1";"2020";"02:15";"5";"33";"33039";"2";"6";"1";"6";"RUE DES FRERES LUMIERE / RUE DENIS PAPIN";"44,7911190";" -0,5350556"
"202000030171";"15";"1";"2020";"22:50";"5";"33";"33039";"2";"3";"1";"3";"RTE DE TOULOUSE / Parking Auchan";"44,7899200";" -0,5667100"
"202000030172";"15";"1";"2020";"14:15";"1";"33";"33119";"2";"2";"1";"3";"RUE ALBERT DUPEYRON / RUE DU DOCTEUR PIERRE MASFRAND";"44,8580590";" -0,5353500"
"202000030173";"15";"1";"2020";"20:23";"5";"33";"33069";"2";"2";"1";"3";"218 220 Avenue Victor Hugo";"44,8686383";" -0,5918176"
"202000030174";"9";"1";"2020";"14:10";"1";"33";"33063";"2";"1";"1";"1";"QUAI DE BACALAN";"44,8577900";" -0,5588600"
"202000030175";"15";"1";"2020";"07:45";"2";"33";"33063";"2";"3";"1";"3";"RTE DE TOULOUSE / RUE TAREGUA";"44,8138969";" -0,5729907"
"202000030176";"6";"1";"2020";"14:45";"1";"33";"33522";"2";"2";"9";"3";"AVE GEORGES CLEMENCEAU / AVE DE BREUIL";"44,8031100";" -0,5979600"
"202000030177";"15";"1";"2020";"16:30";"1";"33";"33529";"1";"1";"1";"5";"RN 250 (OUSTALET - BONNEVAL)";"44,6177700";" -1,1336240"
"202000030178";"15";"1";"2020";"15:10";"1";"33";"33529";"2";"1";"2";"3";"JUILLET (RUE DU 14)";"44,6308500";" -1,1475900"
"202000030179";"14";"1";"2020";"17:20";"2";"31";"31555";"2";"1";"1";"3";"MAIGNAN (AV EMMANUEL) DU 16AU 134";"43,6147500";"1,4294500"
"202000030180";"14";"1";"2020";"15:00";"1";"31";"31555";"1";"1";"1";"2";"24 EMPALOT  (PERIPH OUEST A620)";"43,5738100";"1,4388800"
"202000030181";"9";"1";"2020";"14:35";"1";"26";"26198";"2";"1";"1";"6";"6 Avenue d’Aygu";"44,5550400";"4,7492310"
"202000030182";"9";"1";"2020";"18:20";"5";"22";"22278";"1";"1";"2";"6";"ROSTAND (EDMOND)";"48,5153000";" -2,7359000"
"202000030183";"6";"1";"2020";"08:40";"1";"18";"18205";"2";"1";"1";"6";"BERRY-BOUY (ROUTE DE)";"47,0945900";"2,3787500"
"202000030184";"15";"1";"2020";"19:45";"5";"13";"13215";"2";"1";"1";"2";"LITTORAL (CHEMIN DU)";"43,3364500";"5,3534100"
"202000030185";"15";"1";"2020";"16:50";"1";"13";"13210";"2";"1";"1";"6";"(RUE) NEGRESKO";"43,2696580";"5,3902700"
"202000030186";"15";"1";"2020";"06:15";"5";"13";"13208";"2";"2";"1";"3";"ERNEST DELIBES (PLACE)";"43,2790840";"5,3828840"
"202000030187";"11";"1";"2020";"20:30";"5";"13";"13201";"2";"1";"1";"6";"CANEBIERE     70 A FIN";"43,2984600";"5,3842200"
"202000030188";"15";"1";"2020";"14:00";"1";"13";"13047";"1";"1";"8";"7";"RD 569";"43,5347400";"4,9746700"
"202000030189";"8";"1";"2020";"11:50";"1";"13";"13047";"2";"6";"1";"3";"FELIX GOUIN AVENUE";"43,4906900";"4,9861700"
"202000030190";"10";"1";"2020";"17:00";"1";"12";"12176";"1";"6";"2";"7";"ROQUE (GIRATOIRE DE LA)";"44,3819600";"2,5938500"
"202000030191";"15";"1";"2020";"21:40";"5";"06";"06088";"2";"2";"1";"3";"CESSOLE (BD DE) (JUSQU'AU N° 93-110)";"43,7161000";"7,2535000"
"202000030192";"14";"1";"2020";"06:20";"5";"06";"06088";"2";"1";"1";"5";"PENETRANTE DU PAILLON";"43,7304700";"7,2842200"
"202000030193";"15";"1";"2020";"15:25";"1";"06";"06069";"2";"1";"1";"3";"SAINT MATHIEU (ROUTE ET PLACE)";"43,6565980";"6,9327780"
"202000030194";"11";"1";"2020";"10:35";"1";"04";"04112";"2";"1";"1";"3";"RD 4096";"43,8284700";"5,7873500"
"202000030195";"15";"1";"2020";"15:50";"1";"75";"75114";"2";"5";"2";"3";"AVENUE DE LA PORTE DE CHATILLON";"48,8226606";"2,3146981"
"202000030196";"14";"1";"2020";"23:50";"5";"75";"75105";"2";"7";"1";"3";"PLACE DU PANTHEON";"48,8456902";"2,3459051"
"202000030197";"5";"7";"2020";"11:50";"1";"11";"11069";"2";"1";"1";"7";"VAUBAN";"43,2300000";"2,3200000"
"202000030198";"4";"7";"2020";"12:20";"1";"09";"09207";"1";"1";"1";"2";"ROUTE NATIONALE 20";"42,9261710";"1,6337840"
"202000030199";"6";"7";"2020";"19:50";"1";"75";"75116";"2";"1";"1";"3";"BOULEVARD PERIPHERIQUE EXTERIEUR OUEST";"48,8473350";"2,2540690"
"202000030200";"6";"7";"2020";"16:40";"1";"75";"75113";"2";"1";"1";"3";"PORTE D ITALIE";"48,8161200";"2,3599110"
"202000030201";"6";"7";"2020";"10:00";"1";"75";"75114";"2";"1";"1";"3";"BOULEVARD PERIPHERIQUE INTERIEUR SUD";"48,8209270";"2,3218280"
"202000030202";"3";"7";"2020";"19:35";"1";"75";"75118";"2";"4";"1";"4";"PORTE DE LA CHAPELLE";"48,9010370";"2,3587590"
"202000030203";"6";"7";"2020";"08:54";"1";"75";"75120";"2";"5";"1";"3";"RUE DES PYRENEES";"48,8561930";"2,4049360"
"202000030204";"6";"7";"2020";"12:30";"1";"75";"75119";"2";"3";"1";"6";"RUE GASTON TESSIER";"48,8959460";"2,3739570"
"202000030205";"6";"7";"2020";"09:50";"1";"75";"75118";"2";"5";"1";"6";"RUE FRANCOEUR";"48,8898010";"2,3429350"
"202000030206";"6";"7";"2020";"12:10";"1";"75";"75117";"2";"7";"1";"3";"PLACE DU GENERAL KOENIG";"48,8808310";"2,2840600"
"202000030207";"6";"7";"2020";"12:45";"1";"75";"75117";"2";"7";"1";"7";"AVENUE DE VILLIERS";"48,8829150";"2,3090440"
"202000030208";"6";"7";"2020";"09:40";"1";"75";"75117";"2";"2";"1";"3";"BOULEVARD BERTHIER";"48,8880320";"2,2997060"
"202000030209";"6";"7";"2020";"18:30";"1";"75";"75116";"2";"3";"1";"2";"RUE DE LONGCHAMP";"48,8649850";"2,2903320"
"202000030210";"6";"7";"2020";"09:10";"1";"75";"75111";"2";"1";"1";"2";"BOULEVARD VOLTAIRE";"48,8592440";"2,3777060"
"202000030211";"6";"7";"2020";"20:20";"1";"75";"75110";"2";"2";"1";"2";"RUE LA FAYETTE";"48,8797270";"2,3586710"
"202000030212";"6";"7";"2020";"17:50";"1";"75";"75118";"2";"3";"1";"1";"RUE DE LA GOUTTE D OR";"48,8850580";"2,3513160"
"202000030213";"6";"7";"2020";"13:40";"1";"75";"75109";"2";"3";"1";"3";"RUE MONCEY";"48,8800630";"2,3306570"
"202000030214";"6";"7";"2020";"00:20";"5";"75";"75109";"2";"4";"1";"3";"BOULEVARD DE CLICHY";"48,8838640";"2,3285790"
"202000030215";"5";"7";"2020";"13:08";"1";"75";"75108";"2";"5";"1";"6";"BOULEVARD HAUSSMANN";"48,8749460";"2,3059890"
"202000030216";"28";"6";"2020";"02:20";"5";"75";"75108";"2";"2";"1";"3";"BOULEVARD DE COURCELLES";"48,8808530";"2,3125460"
"202000030217";"6";"7";"2020";"19:15";"1";"75";"75107";"2";"2";"1";"3";"QUAI D ORSAY";"48,8628280";"2,3134560"
"202000030218";"6";"7";"2020";"18:50";"1";"75";"75107";"2";"2";"1";"3";"RUE EBLE";"48,8487970";"2,3121800"
"202000030219";"5";"7";"2020";"02:35";"5";"75";"75101";"2";"2";"1";"1";"RUE DE RIVOLI";"48,8590930";"2,3464340"
"202000030220";"6";"7";"2020";"18:05";"1";"75";"75102";"2";"3";"1";"3";"RUE ETIENNE MARCEL";"48,8650500";"2,3440560"
"202000030221";"6";"7";"2020";"07:45";"1";"75";"75104";"2";"7";"1";"3";"PLACE DU CHATELET";"48,8571800";"2,3473270"
"202000030222";"5";"7";"2020";"03:55";"5";"75";"75104";"2";"2";"1";"6";"PONT LOUIS PHILIPPE";"48,8543670";"2,3549540"
"202000030223";"6";"7";"2020";"11:00";"1";"94";"94037";"2";"3";"1";"3";"PAUL VAILLANT COUTURIER (AV)";"48,8167450";"2,3337140"
"202000030224";"6";"7";"2020";"02:50";"5";"94";"94041";"2";"1";"1";"7";"MARCEL HARTMANN (R)";"48,8084900";"2,3815200"
"202000030225";"1";"7";"2020";"19:45";"1";"94";"94033";"2";"2";"1";"3";"EMILE ZOLA (R)";"48,8570000";"2,4705000"
"202000030226";"6";"7";"2020";"17:15";"1";"94";"94011";"2";"8";"1";"3";"STAINS(ROUTE DE)";"48,7797800";"2,4926800"
"202000030227";"6";"7";"2020";"18:00";"1";"94";"94054";"2";"3";"1";"3";"BAS MARIN (R DU)";"48,7474460";"2,3890220"
"202000030228";"6";"7";"2020";"10:10";"1";"94";"94022";"2";"9";"1";"6";"PARMENTIER (R)";"48,7583000";"2,4096000"
"202000030229";"6";"7";"2020";"16:50";"1";"94";"94017";"2";"1";"1";"6";"CHATEAU (BD DU)";"48,8109500";"2,5455200"
"202000030230";"6";"7";"2020";"01:00";"5";"94";"94017";"2";"1";"1";"3";"BENOIT FRACHON (R)";"48,8206114";"2,5266895"
"202000030231";"6";"7";"2020";"17:45";"1";"93";"93078";"2";"6";"1";"2";"CLEMENCEAU (AVENUE GEORGES)";"48,9613400";"2,5567300"
"202000030232";"6";"7";"2020";"18:30";"1";"93";"93071";"2";"2";"1";"2";"DE LATTRE DE TASSIGNY (AVENUE)";"48,9433911";"2,5247230"
"202000030233";"6";"7";"2020";"12:15";"1";"93";"93071";"2";"1";"1";"2";"JOHN F. KENNEDY (AVENUE)";"48,9385651";"2,5132690"
"202000030234";"6";"7";"2020";"19:50";"1";"93";"93055";"2";"1";"1";"6";"LAMARTINE";"48,9098300";"2,4112900"
"202000030235";"6";"7";"2020";"11:00";"1";"93";"93055";"2";"1";"1";"3";"JEAN LOLIVE (AVENUE)";"48,8937111";"2,4155156"
"202000030236";"6";"7";"2020";"16:15";"1";"93";"93014";"2";"4";"1";"6";"COUBRON (ALLEE DE)";"48,9133000";"2,5541100"
"202000030237";"6";"7";"2020";"18:55";"1";"92";"92046";"1";"3";"1";"3";"PIERRE BROSSOLETTE (AVENUE)";"48,8177093";"2,3078712"
"202000030238";"6";"7";"2020";"18:45";"1";"92";"92073";"2";"5";"1";"2";"SELLIER (BOULEVARD HENRI)";"48,8626980";"2,2178470"
"202000030239";"4";"7";"2020";"22:05";"2";"92";"92020";"2";"1";"8";"3";"VANVES BOULEVARD N° IMPAIRS";"48,8066402";"2,2858402"
"202000030240";"6";"7";"2020";"17:55";"1";"92";"92044";"2";"1";"1";"4";"Pont de Levallois";"48,9000350";"2,2776630"
"202000030241";"6";"7";"2020";"16:20";"1";"92";"92044";"2";"2";"1";"3";"J. GUESDE(RUE)25A57 ET 30A64";"48,8930799";"2,2927314"
"202000030242";"6";"7";"2020";"10:44";"1";"92";"92044";"2";"2";"1";"6";"J. GUESDE(RUE)25A57 ET 30A64";"48,8939744";"2,2919701"
"202000030243";"6";"7";"2020";"08:25";"1";"92";"92036";"2";"6";"1";"3";"PIERRE DE COUBERTIN (BOULEVARD) (G.SAND";"48,9229760";"2,2865520"
"202000030244";"4";"7";"2020";"20:30";"1";"92";"92036";"2";"1";"1";"7";"GARE (AVENUE DE LA)";"48,9341570";"2,2985360"
"202000030245";"6";"7";"2020";"23:40";"3";"92";"92062";"2";"1";"1";"7";"DEMI-LUNE (ROUTE DE LA)";"48,8939099";"2,2359335"
"202000030246";"6";"7";"2020";"11:55";"1";"92";"92025";"2";"1";"1";"6";"BOURNARD (RUE DU)";"48,9229260";"2,2553590"
"202000030247";"5";"7";"2020";"22:30";"3";"92";"92025";"2";"2";"1";"3";"SAINT CLOUD (RUE DE)";"48,9220660";"2,2526490"
"202000030248";"5";"7";"2020";"22:45";"5";"92";"92024";"2";"2";"1";"6";"JEAN JAURES (BD) DE (1 A 45)   (2 A 54)";"48,9000200";"2,3062400"
"202000030249";"6";"7";"2020";"00:50";"5";"92";"92023";"2";"1";"1";"7";"JEAN BAPTISTE CLEMENT (AVENUE)";"48,7959567";"2,2675510"
"202000030250";"29";"6";"2020";"09:00";"1";"92";"92004";"1";"1";"1";"6";"AULAGNIER ( QUAI )";"48,9190253";"2,3212088"
"202000030251";"7";"7";"2020";"04:30";"3";"52";"52294";"1";"1";"1";"6";"18 Rue du Buisson";"48,5468280";"4,9099870"
"202000030252";"7";"7";"2020";"07:45";"1";"80";"80779";"1";"1";"1";"2";"A16";"50,0969360";"1,8750140"
"202000030253";"3";"7";"2020";"22:50";"3";"28";"28211";"1";"1";"1";"7";"D955";"48,1442730";"1,2662490"
"202000030254";"6";"7";"2020";"17:50";"1";"41";"41114";"1";"1";"1";"6";"A10";"47,7581170";"1,5525750"
"202000030255";"6";"7";"2020";"18:20";"1";"77";"77406";"1";"1";"1";"6";"D19";"48,8554255";"3,1957072"
"202000030256";"7";"7";"2020";"11:00";"1";"76";"76719";"1";"1";"1";"2";"Route du Bec au Cauchois";"49,7443010";"0,4926950"
"202000030257";"7";"7";"2020";"00:30";"3";"82";"82190";"1";"1";"1";"6";"Bouysses";"43,8620100";"1,2481180"
"202000030258";"6";"7";"2020";"21:15";"1";"81";"81168";"1";"1";"1";"7";"Chemin de carayrolle";"44,1474320";"2,1600690"
"202000030259";"7";"7";"2020";"16:15";"1";"63";"63319";"1";"1";"1";"7";"Lieu Dit le Chomet";"45,5548563";"3,8867949"
"202000030260";"7";"7";"2020";"12:00";"1";"47";"47195";"2";"4";"1";"3";"Rue la Fayette";"44,1348330";"0,3390740"
"202000030261";"7";"7";"2020";"12:29";"1";"41";"41115";"1";"1";"1";"3";"7 Route du Loir";"47,8843970";"1,1821190"
"202000030262";"6";"7";"2020";"20:52";"1";"44";"44104";"1";"1";"1";"6";"Bray (Chemin)";"47,4025900";" -0,9657030"
"202000030263";"6";"7";"2020";"19:00";"1";"38";"38409";"2";"2";"1";"1";"D71a";"45,0790290";"5,2831790"
"202000030264";"21";"6";"2020";"14:45";"1";"15";"15130";"1";"1";"1";"7";"D990";"45,0627490";"3,2178928"
"202000030265";"6";"7";"2020";"18:30";"1";"01";"01056";"2";"1";"7";"7";"D12b";"46,0190990";"5,4600400"
"202000030266";"4";"7";"2020";"18:30";"1";"01";"01269";"2";"1";"1";"3";"28 Route d'Apremont";"46,1532070";"5,6136600"
"202000030267";"6";"7";"2020";"18:45";"1";"01";"01296";"2";"1";"1";"1";"Les Barbiers";"46,3633660";"5,2951960"
"202000030268";"6";"7";"2020";"13:15";"1";"14";"14739";"1";"3";"1";"1";"Hameau de Vaux le Bisson";"49,3373790";" -0,4987780"
"202000030269";"6";"7";"2020";"08:45";"1";"05";"05040";"1";"1";"1";"7";"D3";"44,5319810";"6,2852200"
"202000030270";"28";"6";"2020";"04:50";"2";"83";"83012";"1";"1";"1";"6";"D35";"43,5584390";"5,9552040"
"202000030271";"7";"7";"2020";"20:10";"1";"60";"60600";"2";"1";"1";"1";"Chemin de Capy";"49,3012080";"2,7297700"
"202000030272";"6";"7";"2020";"16:50";"1";"60";"60216";"1";"3";"1";"3";"D101";"49,4626710";"2,4727610"
"202000030273";"7";"7";"2020";"07:25";"1";"07";"07289";"1";"6";"1";"2";"Route de l'Echelette";"44,6256490";"4,4186600"
"202000030274";"5";"7";"2020";"17:51";"1";"40";"40046";"1";"4";"7";"3";"230 Route des Lacs";"44,4157910";" -1,1564960"
"202000030275";"6";"7";"2020";"15:30";"1";"40";"40135";"1";"2";"1";" -1";"Route de Capboeuf";"44,1485560";" -0,5932300"
"202000030276";"4";"7";"2020";"15:00";"1";"24";"24540";"1";"1";"1";"7";"LIEU DIT TOUT DE BOEUF";"45,2877270";"0,8298430"
"202000030277";"5";"7";"2020";"18:30";"1";"04";"04174";"1";"1";"1";"3";"RN 202";"43,9588000";"6,7343290"
"202000030278";"6";"7";"2020";"23:00";"3";"28";"28393";"1";"1";"1";"6";"D104";"48,6012750";"1,3693320"
"202000030279";"3";"7";"2020";"11:05";"1";"30";"30321";"2";"1";"1";"1";"D6110";"43,7781280";"4,0863990"
"202000030280";"7";"7";"2020";"13:20";"1";"30";"30123";"1";"1";"1";"6";"D12";"43,7094730";"4,1699200"
"202000030281";"7";"7";"2020";"09:15";"1";"67";"67506";"2";"2";"1";"3";"Rue Jeanne d'Arc";"48,6656080";"7,7156230"
"202000030282";"6";"7";"2020";"20:16";"1";"66";"66174";"2";"1";"1";"1";"70 Avenue du Canigou";"42,6825140";"2,7352310"
"202000030283";"6";"7";"2020";"19:20";"1";"44";"44028";"1";"1";"1";"6";"La Feliere";"47,3475030";" -1,3609210"
"202000030284";"2";"7";"2020";"18:00";"5";"987";"98715";"2";"1";"1";"5";"Aratia Nelson Mandela";" -17,5480120";" -149,5946400"
"202000030285";"27";"6";"2020";"21:10";"5";"987";"98715";"2";"9";"1";"6";"Route de Puurai";" -17,5582230";" -149,5978780"
"202000030286";"5";"7";"2020";"11:00";"1";"976";"97603";"1";"1";"1";"6";"Route Nationale 3 - Bambo Est";" -12,9322080";"45,1733890"
"202000030287";"29";"6";"2020";"20:30";"2";"51";"51097";"1";"1";"1";"7";"A4";"49,0325266";"4,5594634"
"202000030288";"6";"7";"2020";"18:05";"1";"68";"68278";"2";"1";"1";"6";"29D rue de mulhouse";"47,7477710";"7,3991210"
"202000030289";"5";"7";"2020";"03:30";"3";"987";"98722";"2";"1";"1";"6";"PK 32.300 RT 2 district de MAHAENA, devant la mairie";" -17,5914290";" -149,3821260"
"202000030290";"7";"7";"2020";"16:55";"1";"45";"45244";"2";"1";"1";"3";"Rue d'Orléans";"47,7675670";"2,4782590"
"202000030291";"7";"7";"2020";"10:20";"1";"05";"05134";"1";"1";"1";"4";"RN 94";"44,6457770";"6,5755050"
"202000030292";"2";"7";"2020";"05:00";"2";"25";"25632";"2";"1";"2";"6";"Chemin de la Passerelle";"47,4764270";"6,7706730"
"202000030293";"6";"7";"2020";"19:25";"1";"88";"88174";"1";"1";"1";"2";"D36";"48,2167310";"6,3431670"
"202000030294";"6";"7";"2020";"15:15";"1";"54";"54016";"1";"3";"7";"7";"D10";"48,7669390";"5,8782860"
"202000030295";"6";"7";"2020";"15:30";"1";"01";"01160";"2";"2";"1";"3";"50 Rue de Versoix";"46,2577890";"6,1141320"
"202000030296";"5";"7";"2020";"13:30";"1";"69";"69254";"1";"9";"1";"6";"D313";"45,9530050";"4,4220830"
"202000030297";"5";"7";"2020";"11:00";"1";"69";"69254";"1";"1";"1";"3";"Croix de la Main - rd 313";"45,9604510";"4,4155170"
"202000030298";"7";"7";"2020";"11:30";"1";"09";"09214";"1";"1";"1";"5";"Plaine d'Aubert";"42,9698400";"1,1092440"
"202000030299";"7";"7";"2020";"12:00";"1";"16";"16304";"2";"1";"1";"3";"Lieu dit La Chavalerie";"45,6888970";" -0,2844910"
"202000030300";"5";"7";"2020";"22:10";"1";"86";"86049";"1";"1";"1";"7";"Le Pre Bodin";"46,9598700";"0,1155710"
"202000030301";"6";"7";"2020";"18:15";"1";"33";"33003";"2";"1";"1";"3";"72 AVE DU CHEMIN DE LA VIE";"44,9517650";" -0,4869790"
"202000030302";"7";"7";"2020";"14:15";"1";"33";"33284";"1";"1";"1";"1";"82 Avenue Charles de Gaulle";"44,5947300";" -0,9057930"
"202000030303";"6";"7";"2020";"19:45";"1";"72";"72336";"2";"6";"1";"3";"Le Clos de la Butte";"47,8457830";" -0,2977200"
"202000030304";"9";"6";"2020";"18:15";"1";"27";"27188";"1";"1";"1";"2";"D321";"49,3011413";"1,0865049"
"202000030305";"7";"7";"2020";"01:40";"5";"60";"60462";"2";"7";"1";"2";"D1001";"49,3291640";"2,2000980"