"Num_Acc";"jour";"mois";"an";"hrmn";"lum";"dep";"com";"agg";"int";"atm";"col";"adr";"lat";"long"
"202000030306";"7";"7";"2020";"19:10";"1";"80";"80291";"1";"1";"1";"6";"Rue du Faubourg";"49,7817910";"2,3519110"
"202000030307";"6";"7";"2020";"04:20";"3";"13";"13071";"1";"1";"1";" -1";"A7-Sens Lyon vers Marseille";"43,3902600";"5,3501700"
"202000030308";"4";"7";"2020";"22:40";"3";"83";"83137";"1";"1";"1";"6";"A57";"43,1275176";"5,9751678"
"202000030309";"6";"7";"2020";"16:50";"1";"33";"33122";"1";"1";"1";"4";"AUTOROUTE A 63";"44,7279500";" -0,7291000"
"202000030310";"6";"7";"2020";"13:05";"1";"78";"78431";"1";"1";"1";" -1";"A13";"48,9362190";"1,9615190"
"202000030311";"5";"7";"2020";"20:20";"1";"78";"78362";"1";"1";"1";"4";"A13";"48,9758100";"1,7232400"
"202000030312";"6";"7";"2020";"17:10";"1";"95";"95256";"1";"1";"1";"2";"RN 184";"49,0580300";"2,2090000"
"202000030313";"6";"7";"2020";"10:00";"1";"93";"93066";"1";"1";"1";"4";"AUTOROUTE A1";"48,9193500";"2,3575500"
"202000030314";"6";"7";"2020";"10:30";"1";"93";"93053";"1";"1";"1";"2";"AUTOROUTE A3";"48,8950100";"2,4713300"
"202000030315";"5";"7";"2020";"23:20";"5";"93";"93066";"1";"1";"1";"6";"AUTOROUTE A1";"48,9061100";"2,3586200"
"202000030316";"5";"7";"2020";"19:10";"5";"988";"98818";"2";"1";"1";"6";"VOIE DE DEGAGEMENT EST";" -22,2782100";"166,4686000"
"202000030317";"4";"7";"2020";"00:50";"5";"974";"97416";"2";"1";"1";"7";"HUBERT DE LISLE(BOULEVARD)";" -21,3435000";"55,4686000"
"202000030318";"4";"7";"2020";"17:25";"3";"974";"97416";"1";"1";"1";"3";"ROLLAND GARROS (CHEMIN) CD29 (2)";" -21,3377400";"55,5397700"
"202000030319";"5";"7";"2020";"13:20";"1";"974";"97411";"2";"1";"1";"1";"MACE (ROUTE GABRIEL)";" -20,9085200";"55,5031700"
"202000030320";"5";"7";"2020";"09:20";"1";"973";"97302";"2";"2";"1";"3";"BARTHELEMY (RENE)";"4,9346298";" -52,3306757"
"202000030321";"5";"7";"2020";"18:50";"1";"69";"69383";"2";"3";"1";"3";"FEUILLAT                            (R )";"45,7491852";"4,8755838"
"202000030322";"5";"7";"2020";"13:10";"1";"69";"69383";"2";"2";"1";"3";"VILLETTE (DE LA)                    (R )";"45,7629180";"4,8619118"
"202000030323";"4";"7";"2020";"11:20";"1";"69";"69388";"2";"3";"1";"6";"PROFESSEUR PAUL SISLEY (DU)         (R )";"45,7446700";"4,8680000"
"202000030324";"5";"7";"2020";"16:30";"1";"972";"97209";"2";"1";"1";"1";"FONTAINE DIDIER (RUE DE LA)";"14,6447700";" -61,0871600"
"202000030325";"5";"7";"2020";"04:50";"5";"69";"69382";"2";"2";"1";"3";"PRESIDENT EDOUARD HERRIOT (DU)      (R )";"45,7633700";"4,8342300"
"202000030326";"5";"7";"2020";"15:25";"1";"69";"69389";"2";"4";"1";"3";"SIDOINE APPOLINAIRE                 (AV)";"45,7650100";"4,8013100"
"202000030327";"5";"7";"2020";"10:10";"1";"69";"69152";"2";"1";"1";"1";"HAUTE ROCHE (DE)                    (AV)";"45,7027700";"4,8280100"
"202000030328";"5";"7";"2020";"07:00";"1";"69";"69382";"2";"2";"1";"3";"BAYARD  (CO)";"45,7430500";"4,8233100"
"202000030329";"5";"7";"2020";"19:38";"3";"971";"97101";"1";"6";"1";"2";"VIEUX BOURG";"16,2499000";" -61,5291000"
"202000030330";"26";"6";"2020";"17:10";"1";"971";"97113";"1";"1";"1";"6";"BAS DU FORT";"16,2182100";" -61,5174200"
"202000030331";"5";"7";"2020";"14:00";"1";"91";"91174";"2";"1";"1";"6";"QUAI MAUZAISSE";"48,6132700";"2,4831700"
"202000030332";"6";"2";"2020";"12:28";"1";"77";"77449";"2";"2";"1";"3";"MERIDIENNE ( BLD DE LA ) - D344";"48,8537900";"2,7735800"
"202000030333";"5";"7";"2020";"04:30";"5";"77";"77108";"2";"1";"2";"1";"SEMPIN (CHEMIN DU)";"48,8950600";"2,5910000"
"202000030334";"5";"7";"2020";"14:40";"1";"69";"69029";"2";"8";"1";"6";"FRANKLIN ROOSEVELT                  (AV)";"45,7349000";"4,9045900"
"202000030335";"4";"7";"2020";"20:35";"1";"69";"69290";"2";"2";"1";"3";"SALVADOR ALLENDE                    (R )";"45,7064000";"4,9349800"
"202000030336";"5";"7";"2020";"13:35";"1";"64";"64445";"2";"1";"1";"7";"JACQUES PREVERT";"43,3131000";" -0,3366000"
"202000030337";"5";"7";"2020";"09:25";"1";"64";"64348";"1";"6";"7";"3";"boulevard de l'Europe";"43,3170300";" -0,3951900"
"202000030338";"1";"7";"2020";"18:40";"1";"59";"59356";"1";"3";"1";"3";"LILLE RUE DE";"50,6552500";"2,9994000"
"202000030339";"5";"7";"2020";"02:50";"5";"59";"59017";"2";"3";"8";"6";"LAGRANGE (AVENUE LEO )";"50,6953126";"2,8957566"
"202000030340";"5";"7";"2020";"18:00";"1";"44";"44162";"2";"2";"1";" -1";"Avenue Sully Prudhomme";"47,2350350";" -1,5957210"
"202000030341";"5";"7";"2020";"18:55";"1";"43";"43157";"2";"1";"1";"6";"1 Rue Antoine Martin";"45,0383000";"3,8840000"
"202000030342";"5";"7";"2020";"23:48";"5";"42";"42044";"2";"1";"1";"6";"Rue Benoit Frachon";"45,4003400";"4,3537300"
"202000030343";"5";"7";"2020";"14:45";"1";"35";"35238";"1";"1";"1";"7";"RN136";"48,1404000";" -1,6364500"
"202000030344";"5";"7";"2020";"16:58";"1";"29";"29039";"2";"1";"1";"6";"Rue de Quimper";"47,8868677";" -3,9196383"
"202000030345";"17";"6";"2020";"18:00";"1";"28";"28134";"2";"6";"9";"3";"SAINT THIBAULT (RUE)";"48,7328000";"1,3573000"
"202000030346";"5";"7";"2020";"19:17";"1";"17";"17291";"2";"1";"1";"1";"ONZE NOVEMBRE   RUE DU";"46,1750700";" -1,1149800"
"202000030347";"5";"7";"2020";"19:35";"1";"13";"13215";"2";"2";"1";"6";"LYON (RUE DE)";"43,3292147";"5,3655625"
"202000030348";"5";"7";"2020";"02:30";"5";"13";"13208";"2";"1";"1";"2";"POMPIDOU (PROMENADE)";"43,2639300";"5,3738000"
"202000030349";"24";"6";"2020";"22:00";"5";"13";"13208";"2";"3";"1";"2";"PRADO (AVENUE DU)";"43,2635930";"5,3777980"
"202000030350";"22";"6";"2020";"09:45";"1";"12";"12145";"2";"1";"1";"6";"REPUBLIQUE (AVENUE DE LA)";"44,1031300";"3,0765100"
"202000030351";"4";"7";"2020";"14:52";"1";"09";"09207";"1";"1";"1";"7";"ROUTE NATIONALE 20";"42,9335500";"1,6273100"
"202000030352";"4";"7";"2020";"09:20";"1";"09";"09207";"1";"1";"1";"7";"ROUTE NATIONALE 20";"42,9448600";"1,6221700"
"202000030353";"4";"7";"2020";"10:40";"1";"06";"06069";"2";"1";"1";"3";"MARIGARDE (ROUTE DE LA)";"43,6814240";"6,9589370"
"202000030354";"4";"7";"2020";"12:20";"1";"01";"01053";"2";"1";"1";"3";"PELOUX ( RUE DU )";"46,2001000";"5,2135000"
"202000030355";"5";"7";"2020";"20:00";"1";"75";"75117";"2";"1";"1";"3";"ECHANGEUR MAILLOT";"48,8804410";"2,2816520"
"202000030356";"5";"7";"2020";"05:45";"4";"75";"75111";"2";"2";"1";"3";"BOULEVARD RICHARD LENOIR";"48,8640020";"2,3706860"
"202000030357";"4";"7";"2020";"21:46";"2";"75";"75120";"2";"2";"1";"6";"RUE DES PYRENEES";"48,8733590";"2,3900210"
"202000030358";"5";"7";"2020";"21:05";"2";"75";"75106";"2";"7";"1";"2";"RUE DE RENNES";"48,8441750";"2,3241670"
"202000030359";"5";"7";"2020";"15:45";"1";"75";"75120";"2";"4";"1";"6";"RUE DE LA BIDASSOA";"48,8667190";"2,3929230"
"202000030360";"3";"7";"2020";"23:50";"5";"75";"75120";"2";"3";"1";"3";"RUE D AVRON";"48,8515310";"2,3995530"
"202000030361";"5";"7";"2020";"22:00";"5";"75";"75119";"2";"2";"1";"6";"AVENUE DE FLANDRE";"48,8883870";"2,3741440"
"202000030362";"5";"7";"2020";"02:45";"5";"75";"75119";"2";"2";"1";"3";"RUE DE MEAUX";"48,8827910";"2,3756550"
"202000030363";"5";"7";"2020";"17:35";"1";"75";"75118";"2";"2";"1";"6";"RUE LAGILLE";"48,8943430";"2,3299270"
"202000030364";"4";"7";"2020";"21:00";"2";"75";"75118";"2";"2";"1";"3";"RUE MARCADET";"48,8910730";"2,3442940"
"202000030365";"5";"7";"2020";"17:30";"1";"75";"75117";"2";"4";"1";"3";"AVENUE DE SAINT OUEN";"48,8916090";"2,3269590"
"202000030366";"5";"7";"2020";"21:10";"2";"75";"75116";"2";"4";"1";"6";"RUE RAFFET";"48,8521440";"2,2642530"
"202000030367";"5";"7";"2020";"21:15";"1";"75";"75113";"2";"7";"2";"7";"AVENUE DE LA PORTE D ITALIE";"48,8164490";"2,3602920"
"202000030368";"5";"7";"2020";"15:00";"1";"75";"75113";"2";"7";"1";"7";"RUE BOBILLOT";"48,8224960";"2,3470060"
"202000030369";"3";"7";"2020";"16:30";"1";"75";"75109";"2";"2";"1";"6";"BOULEVARD DES CAPUCINES";"48,8706820";"2,3325220"
"202000030370";"5";"7";"2020";"03:20";"5";"75";"75116";"2";"7";"1";"3";"PLACE DU PARAGUAY";"48,8717830";"2,2763850"
"202000030371";"5";"7";"2020";"02:24";"5";"75";"75108";"2";"3";"1";"3";"BOULEVARD HAUSSMANN";"48,8751460";"2,3119690"
"202000030372";"5";"7";"2020";"01:10";"5";"75";"75107";"2";"2";"1";"3";"PONT DE L ALMA";"48,8622790";"2,3015660"
"202000030373";"5";"7";"2020";"12:50";"1";"75";"75107";"2";"3";"1";"7";"QUAI ANATOLE FRANCE";"48,8611250";"2,3241890"
"202000030374";"5";"7";"2020";"06:40";"1";"75";"75104";"2";"2";"1";"6";"RUE DU RENARD";"48,8583580";"2,3519340"
"202000030375";"5";"7";"2020";"12:20";"1";"94";"94068";"2";"1";"8";"1";"SCHAKEN (QU)";"48,8092000";"2,4618800"
"202000030376";"4";"7";"2020";"05:37";"2";"93";"93066";"2";"1";"1";"6";"JARDIN DE L'ECLUSE";"48,9268754";"2,3575028"
"202000030377";"5";"7";"2020";"19:30";"1";"93";"93048";"1";"1";"1";"6";"QUATORZE JUILLET (PLACE DU)";"48,8589087";"2,4420483"
"202000030378";"5";"7";"2020";"13:00";"1";"93";"93010";"2";"6";"1";"3";"REPUBLIQUE (PL. DE LA)";"48,8951419";"2,4778636"
"202000030379";"5";"7";"2020";"01:03";"5";"93";"93005";"2";"1";"1";"6";"MARC CHAGALL (BOULEVARD)";"48,9531506";"2,5014490"
"202000030380";"5";"7";"2020";"11:55";"1";"92";"92048";"2";"1";"1";"7";"HENRI SAVIGNAC (RUE)";"48,8199680";"2,2337030"
"202000030381";"4";"7";"2020";"18:40";"5";"976";"97610";"1";"1";"1";"6";"longoni";" -12,7391700";"45,1946030"
"202000030382";"5";"7";"2020";"18:40";"1";"01";"01382";"2";"2";"1";"3";"46 Route de Relevant";"46,0196040";"4,9285430"
"202000030383";"5";"7";"2020";"18:10";"1";"01";"01434";"1";"3";"1";"5";"D2d";"45,9674870";"5,0743370"
"202000030384";"5";"7";"2020";"02:45";"3";"62";"62794";"2";"1";"1";"6";"26 Route Nationale";"50,7100610";"2,1483210"
"202000030385";"6";"7";"2020";"03:30";"4";"73";"73218";"1";"1";"1";"6";"D55 Route du Mont Clergeon";"45,8462830";"5,8484710"
"202000030386";"5";"7";"2020";"02:45";"3";"84";"84142";"1";"2";"1";"3";"Avenue des Sorgues";"43,9459520";"5,0135800"
"202000030387";"6";"7";"2020";"12:30";"1";"71";"71273";"1";"1";"1";"6";"CD 281 - CHEMIN DES MACONS";"46,6667851";"3,7862492"
"202000030388";"6";"7";"2020";"06:55";"1";"45";"45187";"2";"1";"1";"6";"Faubourg de Montargis";"47,8929130";"2,5169040"
"202000030389";"5";"7";"2020";"16:15";"1";"28";"28022";"1";"2";"1";"1";"D939";"48,4854670";"1,3943410"
"202000030390";"5";"7";"2020";"19:46";"1";"21";"21087";"1";"1";"1";"6";"A6";"47,1054560";"4,7130600"
"202000030391";"2";"6";"2020";"17:45";"1";"29";"29204";"1";"1";"1";"2";"RN 12";"48,4991900";" -4,1832380"
"202000030392";"14";"2";"2020";"17:39";"1";"10";"10387";"2";"1";"1";"7";"GEORGES POMPIDOU (RUE)";"48,2864700";"4,0767800"
"202000030393";"15";"2";"2020";"14:35";"1";"75";"75113";"2";"1";"1";"2";"QUAI D IVRY";"48,8266350";"2,3889950"
"202000030394";"13";"2";"2020";"23:51";"5";"75";"75105";"2";"2";"8";" -1";"RUE GAY LUSSAC";"48,8425840";"2,3429120"
"202000030395";"15";"2";"2020";"16:50";"1";"75";"75120";"2";"2";"1";"3";"BOULEVARD DAVOUT";"48,8534970";"2,4106530"
"202000030396";"15";"2";"2020";"02:50";"5";"75";"75119";"2";"2";"1";"6";"RUE RIQUET";"48,8896930";"2,3681440"
"202000030397";"14";"2";"2020";"22:30";"5";"75";"75119";"2";"7";"1";"6";"RUE DE L ARGONNE";"48,8923650";"2,3853960"
"202000030398";"15";"2";"2020";"12:45";"1";"75";"75114";"2";"2";"1";"3";"RUE FROIDEVAUX";"48,8353390";"2,3292390"
"202000030399";"14";"2";"2020";"21:40";"5";"75";"75114";"2";"2";"1";"6";"BOULEVARD BRUNE";"48,8232550";"2,3255560"
"202000030400";"14";"2";"2020";"14:55";"1";"75";"75114";"2";"5";"1";"6";"RUE D ALESIA";"48,8305250";"2,3192460"
"202000030401";"15";"2";"2020";"10:25";"1";"75";"75111";"2";"1";"1";"3";"AVENUE DE LA REPUBLIQUE";"48,8645300";"2,3784990"
"202000030402";"15";"2";"2020";"04:15";"5";"75";"75107";"2";"2";"1";" -1";"AVENUE DE BRETEUIL";"48,8516530";"2,3125440"
"202000030403";"15";"2";"2020";"13:40";"1";"94";"94078";"2";"1";"1";"3";"CARNOT (AV)";"48,7330000";"2,4476000"
"202000030404";"15";"2";"2020";"19:51";"5";"94";"94076";"2";"2";"2";"6";"STALINGRAD (AV DE)";"48,7847000";"2,3672000"
"202000030405";"15";"2";"2020";"12:00";"1";"94";"94034";"2";"1";"1";"2";"CERISAIE (AV DE LA)";"48,7527000";"2,3300400"
"202000030406";"15";"2";"2020";"09:35";"1";"93";"93053";"2";"1";"1";"6";"MARC SANGNIER (RUE)";"48,8956000";"2,4584500"
"202000030407";"15";"2";"2020";"15:45";"1";"93";"93046";"2";"1";"1";"2";"ALL DE L'EST";"48,9324000";"2,5594300"
"202000030408";"15";"2";"2020";"19:05";"5";"92";"92049";"2";"1";"2";"6";"REPUBLIQUE AVENUE DE LA N°1 A 79";"48,8194390";"2,3201920"
"202000030409";"15";"2";"2020";"19:45";"5";"92";"92035";"2";"2";"2";"3";"Belgique ( Place de )/ Verdun 1916 ( avenue de)/ Verdun 1916 ( avenue de)/ National ( boulevard )";"48,9068300";"2,2388200"
"202000030410";"15";"2";"2020";"05:05";"5";"92";"92035";"2";"1";"1";"6";"République ( boulevard de la )";"48,9072699";"2,2414663"
"202000030411";"16";"2";"2020";"20:15";"5";"974";"97415";"2";"1";"1";"6";"38 Rue Etienne Regnault";" -20,9828380";"55,3288220"
"202000030412";"15";"2";"2020";"19:15";"3";"47";"47175";"1";"4";"7";"7";"Marot";"44,5258310";"0,7828720"
"202000030413";"15";"2";"2020";"21:15";"3";"26";"26031";"1";"1";"1";"7";"route d' Espeluche";"44,5462120";"4,8448740"
"202000030414";"14";"2";"2020";"18:50";"2";"24";"24010";"1";"1";"1";"7";"Route des Plantes";"45,1833750";"0,5850970"
"202000030415";"14";"2";"2020";"19:25";"5";"973";"97353";"2";"1";"1";"3";"Rue Emmanuel Tolinga";"3,6430830";" -54,0381320"
"202000030416";"15";"2";"2020";"15:59";"1";"83";"83061";"1";"1";"1";"5";"A8";"43,4687820";"6,7291900"
"202000030417";"16";"2";"2020";"19:55";"3";"60";"60570";"1";"2";"3";"1";"D923";"49,2506578";"2,0393058"
"202000030418";"16";"2";"2020";"00:05";"4";"01";"01322";"1";"1";"1";"1";"2016 Route de Lyon";"45,9225390";"4,8129720"
"202000030419";"11";"2";"2020";"08:20";"1";"83";"83031";"2";"1";"1";"1";"Taurelle";"43,3928900";"6,3299250"
"202000030420";"16";"2";"2020";"07:30";"2";"79";"79351";"1";"1";"1";"6";"N/A";"46,4271200";" -0,5493160"
"202000030421";"15";"2";"2020";"01:00";"3";"60";"60006";"1";"2";"1";"3";"D200";"49,3196093";"2,5886267"
"202000030422";"15";"2";"2020";"02:00";"4";"80";"80568";"2";"1";"3";"7";"8 Rue d'Enfer";"49,8040160";"2,9143810"
"202000030423";"16";"2";"2020";"16:54";"1";"49";"49248";"1";"9";"6";"6";"RD775";"47,7571130";" -1,1739060"
"202000030424";"16";"2";"2020";"11:20";"1";"41";"41242";"2";"3";"1";"6";"07 Rue de la Fontaine";"47,2796200";"1,5634030"
"202000030425";"16";"2";"2020";"00:30";"5";"34";"34304";"2";"1";"1";"2";"Route de Lodeve";"43,7660350";"3,3398600"
"202000030426";"16";"2";"2020";"04:00";"3";"02";"02160";"1";"1";"6";"6";"D977";"49,6894820";"3,9867500"
"202000030427";"16";"2";"2020";"09:00";"1";"03";"03120";"1";"3";"1";"3";"N/A";"46,6310366";"3,6608795"
"202000030428";"16";"2";"2020";"01:24";"5";"06";"06090";"2";"1";"1";"1";"87 Route de la Fenerie";"43,5914610";"6,9293100"
"202000030429";"15";"2";"2020";"14:25";"1";"60";"60024";"1";"2";"1";"3";"N31";"49,4032984";"2,6728135"
"202000030430";"16";"2";"2020";"00:50";"3";"45";"45204";"1";"1";"1";"6";"chemin du colombier";"47,7989396";"1,8184412"
"202000030431";"16";"2";"2020";"03:30";"5";"36";"36021";"2";"1";"1";"6";"42 Route de Paudy";"46,9832450";"1,9720470"
"202000030432";"14";"2";"2020";"19:15";"5";"07";"07292";"2";"9";"1";"3";"Avenue de Praperrier";"45,1644710";"4,6642130"
"202000030433";"14";"2";"2020";"18:40";"2";"53";"53207";"1";"9";"1";"3";"Rue d'Evron";"48,1282310";" -0,4436160"
"202000030434";"16";"2";"2020";"15:00";"1";"40";"40047";"1";"1";"1";"3";"D15";"43,5534700";" -0,7172010"
"202000030435";"16";"2";"2020";"14:50";"1";"04";"04144";"1";"1";"1";"7";"RD 952";"43,7767720";"6,2836270"
"202000030436";"15";"2";"2020";"19:25";"3";"27";"27340";"1";"1";"1";"1";"D313";"49,3738190";"0,8087400"
"202000030437";"15";"2";"2020";"05:30";"3";"37";"37145";"1";"1";"8";"6";"La Chapelle";"47,0367290";"0,6575828"
"202000030438";"14";"2";"2020";"10:10";"1";"30";"30348";"2";"1";"1";"6";"Ancienne Route de Nimes Rd 936";"44,0537530";"4,1306340"
"202000030439";"15";"2";"2020";"17:30";"2";"67";"67174";"2";"1";"1";" -1";"D642";"48,9058590";"7,6143840"
"202000030440";"15";"2";"2020";"20:13";"5";"973";"97307";"2";"2";"2";"3";"10 Rue Acajou";"4,8862440";" -52,3381220"
"202000030441";"15";"2";"2020";"17:30";"1";"06";"06085";"2";"6";"1";"3";"Route de la Roquette";"43,6118440";"6,9685990"
"202000030442";"10";"2";"2020";"09:00";"1";"13";"13001";"1";"1";"1";"3";"7 Rue de la Figuiere";"43,5160660";"5,4329970"
"202000030443";"16";"2";"2020";"06:17";"3";"30";"30268";"1";"1";"2";"6";"Saint-Jean-de-Valériscle";"44,2380050";"4,1236930"
"202000030444";"15";"2";"2020";"16:55";"1";"34";"34157";"2";"1";"7";"6";"9 Avenue General de Gaulle";"43,4260190";"3,6028370"
"202000030445";"16";"2";"2020";"11:55";"1";"83";"83023";"2";"1";"2";"3";"Rue de la Republique";"43,4072850";"6,0542660"
"202000030446";"16";"2";"2020";"17:50";"1";"25";"25251";"1";"1";"1";"1";"D683";"47,3411850";"6,3153390"
"202000030447";"16";"2";"2020";"04:00";"5";"71";"71448";"1";"1";"1";"7";"D906";"46,3852627";"4,8695633"
"202000030448";"14";"2";"2020";"18:50";"3";"57";"57598";"1";"1";"1";" -1";"D81";"49,1330090";"7,0111390"
"202000030449";"16";"2";"2020";"10:40";"1";"42";"42066";"1";"1";"1";"6";"D1089";"45,7393637";"4,1890754"
"202000030450";"16";"2";"2020";"15:21";"1";"69";"69140";"1";"2";"1";"1";"Chemin du Chevronnet";"45,9021980";"4,6765230"
"202000030451";"5";"2";"2020";"19:50";"3";"81";"81038";"1";"6";"1";"7";"RD968";"43,8761100";"1,9078340"
"202000030452";"15";"2";"2020";"19:00";"3";"81";"81225";"1";"1";"1";"7";"D21";"43,9242650";"1,9634840"
"202000030453";"15";"2";"2020";"20:00";"5";"16";"16187";"2";"2";"1";"3";"Avenue du Stade";"45,6565191";"0,0843217"
"202000030454";"16";"2";"2020";"01:45";"3";"49";"49349";"1";"1";"1";"6";"Sèvremoine";"47,1505930";" -1,1961100"
"202000030455";"16";"2";"2020";"00:05";"3";"14";"14160";"1";"1";"3";"2";"N158";"49,0660289";" -0,2930519"
"202000030456";"14";"2";"2020";"15:00";"1";"76";"76563";"1";"2";"1";"4";"D6015";"49,5259880";"0,3304910"
"202000030457";"14";"2";"2020";"20:25";"3";"13";"13019";"1";"1";"1";"3";"A51-Sens Aix en Provence vers Marseille";"43,4225610";"5,3719520"
"202000030458";"10";"2";"2020";"15:00";"1";"13";"13106";"1";"1";"1";"3";"A7-Sens Lyon vers Marseille";"43,3964050";"5,3502670"
"202000030459";"11";"2";"2020";"13:15";"1";"69";"69290";"1";"1";"1";"2";"A43";"45,7079000";"4,9556000"
"202000030460";"14";"2";"2020";"09:00";"1";"78";"78640";"1";"1";"8";"4";"RN12";"48,7819240";"2,1637500"
"202000030461";"15";"2";"2020";"01:00";"4";"95";"95580";"1";"1";"1";"6";"AUTOROUTE A1";"49,0822000";"2,5516000"
"202000030462";"14";"2";"2020";"23:20";"5";"94";"94042";"1";"1";"1";" -1";"A4";"48,8265629";"2,4667862"
"202000030463";"31";"1";"2020";"07:40";"3";"77";"77146";"1";"1";"2";"4";"A4.Y";"48,8323722";"2,6612390"
"202000030464";"14";"2";"2020";"04:40";"5";"988";"98818";"1";"3";"1";"6";"ROUTE DE LA BAIE DES DAMES/RUE DU DOCTEUR SCHWEITZER";" -22,2364500";"166,4386800"
"202000030465";"11";"2";"2020";"11:00";"1";"988";"98818";"2";"1";"2";"1";"ROUTE STRATEGIQUE - RUE PAUL CACOT";" -22,2652300";"166,4476900"
"202000030466";"15";"2";"2020";"03:05";"3";"974";"97416";"1";"1";"1";"6";"km";" -21,3122916";"55,4955161"
"202000030467";"13";"2";"2020";"19:15";"2";"974";"97416";"1";"3";"1";"1";"ZONE (ALLEE DE LA)";" -21,3182100";"55,4732400"
"202000030468";"15";"2";"2020";"02:00";"5";"974";"97411";"2";"2";"2";"3";"Avenue de la Victoire";" -20,8766000";"55,4479000"
"202000030469";"14";"2";"2020";"14:39";"1";"973";"97302";"1";"6";"1";"2";"MARINGOUINS (ROND-POINT)";"4,8968103";" -52,3287478"
"202000030470";"14";"2";"2020";"20:30";"5";"69";"69266";"2";"2";"1";"2";"ANATOLE FRANCE     (Rue)";"45,7665000";"4,8688000"
"202000030471";"14";"2";"2020";"14:15";"1";"69";"69387";"2";"3";"1";"3";"PRE GAUDRY                          (R )";"45,7386300";"4,8364400"
"202000030472";"14";"2";"2020";"13:00";"1";"69";"69276";"2";"3";"1";"3";"LYON (DE)                               ";"45,6830000";"4,8614000"
"202000030473";"14";"2";"2020";"08:30";"1";"69";"69386";"2";"2";"2";"6";"GARIBALDI                           (R )";"45,7678412";"4,8507298"
"202000030474";"14";"2";"2020";"02:05";"5";"69";"69387";"2";"2";"2";"3";"SEBASTIEN GRYPHE                    (R )";"45,7492400";"4,8419400"
"202000030475";"11";"2";"2020";"12:15";"1";"972";"97213";"1";"1";"1";"7";"AUTOROUTE A1";"14,6179000";" -61,0305000"
"202000030476";"13";"2";"2020";"17:00";"1";"69";"69385";"2";"1";"1";"6";"ADOLPHE MAX                         (AV)";"45,7598000";"4,8273600"
"202000030477";"14";"2";"2020";"14:15";"1";"2B";"2B033";"2";"1";"1";"3";"Route Imperiale";"42,6647523";"9,4376771"
"202000030478";"14";"2";"2020";"21:14";"5";"2A";"2A004";"2";"8";"1";"1";"NICOLI JEAN COURS";"41,9322216";"8,7405326"
"202000030479";"13";"2";"2020";"12:15";"1";"2A";"2A004";"2";"1";"1";"7";"Cours Napoléon";"41,9216000";"8,7373300"
"202000030480";"14";"2";"2020";"11:30";"1";"91";"91228";"2";"1";"1";"6";"CROIZAT (RUE AMBROISE)";"48,6260600";"2,4270900"
"202000030481";"14";"2";"2020";"14:15";"1";"91";"91657";"2";"1";"1";"6";"FREDERIC JOLIOT CURIE (AVENUE)";"48,7032630";"2,4200210"
"202000030482";"13";"2";"2020";"19:00";"5";"91";"91425";"2";"3";"1";"3";"DOCTEUR OGE (RUE DU)";"48,6368750";"2,2768330"
"202000030483";"13";"2";"2020";"17:21";"1";"87";"87085";"1";"1";"2";"6";"RD941 (OUEST)";"45,8370700";"1,1951800"
"202000030484";"13";"2";"2020";"15:22";"1";"87";"87085";"1";"1";"2";"4";"AUTOROUTE A20";"45,8562800";"1,2806100"
"202000030485";"14";"1";"2020";"08:00";"1";"30";"30351";"2";"1";"1";"1";"SEMARD AVENUE PIERRE";"43,9678000";"4,7951000"
"202000030486";"14";"2";"2020";"09:45";"1";"83";"83137";"2";"1";"1";"6";"15EME CORPS (AVE DU)";"43,1285490";"5,9128090"
"202000030487";"14";"2";"2020";"09:30";"1";"83";"83137";"2";"3";"1";"3";"LYAUTEY (AVE MARECHAL)";"43,1285300";"5,9218800"
"202000030488";"13";"2";"2020";"10:30";"1";"83";"83062";"2";"1";"8";"3";"ST JUST (AVENUE LT ANTOINE)";"43,1433610";"6,0176060"
"202000030489";"7";"2";"2020";"19:05";"5";"83";"83050";"2";"3";"1";"1";"SAINTE BARBE(CHEMIN)";"43,5290910";"6,4854730"
"202000030490";"13";"2";"2020";"07:55";"2";"80";"80674";"2";"1";"2";"2";"DEFENSE PASSIVE (AVENUE DE LA)";"49,9077800";"2,3218700"
"202000030491";"12";"2";"2020";"10:05";"1";"80";"80021";"2";"1";"1";"6";"JUST HAUY (RUE)";"49,8878000";"2,3136900"
"202000030492";"7";"2";"2020";"11:35";"1";"77";"77501";"1";"2";"1";"1";"D 403";"48,3348100";"2,8670100"
"202000030493";"13";"2";"2020";"20:50";"5";"76";"76157";"2";"1";"1";"6";"HUGO. RUE VICTOR";"49,4460500";"1,0360400"
"202000030494";"13";"2";"2020";"16:25";"1";"71";"71306";"1";"1";"3";"7";"N70";"46,6914590";"4,3721290"
"202000030495";"14";"2";"2020";"16:00";"1";"69";"69266";"2";"1";"1";"3";"8 MAI 1945   (Rue du)";"45,7820000";"4,8911000"
"202000030496";"14";"2";"2020";"08:05";"2";"69";"69275";"2";"1";"2";"3";"ELISEE RECLUS                       (R )";"45,7599000";"4,9607000"
"202000030497";"13";"2";"2020";"18:50";"5";"69";"69264";"2";"1";"2";"2";"EUROPE L'  AV DE";"45,9920000";"4,7423000"
"202000030498";"14";"2";"2020";"14:00";"1";"67";"67482";"2";"1";"2";"6";"LAZARET (RUE DU)";"48,5639059";"7,7533932"
"202000030499";"14";"2";"2020";"01:10";"5";"67";"67482";"2";"3";"1";"7";"LEICESTER (RUE)";"48,5784200";"7,7720200"