"Num_Acc";"jour";"mois";"an";"hrmn";"lum";"dep";"com";"agg";"int";"atm";"col";"adr";"lat";"long"
"202000030500";"13";"2";"2020";"20:10";"5";"67";"67482";"2";"3";"2";"3";"CHARMILLE (RUE DE LA)";"48,5861600";"7,7181500"
"202000030501";"14";"2";"2020";"14:38";"1";"66";"66136";"2";"1";"1";"7";"RIERE (JEAN)";"42,6916900";"2,8968400"
"202000030502";"13";"2";"2020";"13:50";"1";"66";"66136";"2";"1";"1";"1";"GAUGUIN (AVENUE PAUL)";"42,7210000";"2,8902700"
"202000030503";"11";"2";"2020";"19:00";"4";"65";"65440";"2";"1";"1";"2";"MAI 1945 (BOULEVARD DU 08)";"43,2189200";"0,0715910"
"202000030504";"11";"2";"2020";"18:10";"2";"65";"65440";"2";"1";"8";"4";"AZEREIX (AVENUE D')";"43,2275500";"0,0559800"
"202000030505";"11";"2";"2020";"18:25";"5";"64";"64445";"2";"1";"2";"6";"POUGUET";"43,3216100";" -0,3511700"
"202000030506";"13";"2";"2020";"07:00";"5";"64";"64024";"2";"3";"1";"3";"BIARRITZ (AVENUE DE)";"43,4802400";" -1,5254500"
"202000030507";"12";"2";"2020";"01:18";"5";"63";"63113";"2";"1";"1";"7";"MERMOZ (AVENUE JEAN)";"45,7898567";"3,1286209"
"202000030508";"12";"2";"2020";"09:49";"1";"63";"63113";"2";"1";"1";" -1";"RECLUS (AVENUE ELISEE)";"45,7852800";"3,1417800"
"202000030509";"12";"2";"2020";"13:18";"1";"63";"63113";"2";"1";"1";"1";"MERMOZ (AVENUE JEAN)";"45,7903200";"3,1330800"
"202000030510";"13";"2";"2020";"22:50";"5";"63";"63113";"2";"5";"1";"3";"FLAUBERT (BD GUSTAVE)";"45,7641400";"3,1260400"
"202000030511";"2";"2";"2020";"17:50";"5";"62";"62765";"2";"3";"1";"3";"THEROUANE (RUE DE....N°49 A 73 ET 75 A 1";"50,7466270";"2,2620880"
"202000030512";"13";"2";"2020";"20:15";"5";"59";"59421";"2";"1";"1";"3";"CONGO (RUE DU)";"50,6989993";"3,1488705"
"202000030513";"14";"2";"2020";"06:20";"5";"59";"59098";"2";"9";"1";"3";"WERVICQ (RUE DE)";"50,7730070";"3,0648910"
"202000030514";"13";"2";"2020";"22:00";"3";"56";"56162";"2";"1";"1";"6";"MOISSONNEURS (RUE DES)";"47,7120900";" -3,4466000"
"202000030515";"13";"2";"2020";"18:16";"2";"56";"56098";"2";"2";"6";"3";"GRANDE LANDE ( ROUTE DE LA )";"47,7563600";" -3,3361100"
"202000030516";"14";"2";"2020";"18:10";"5";"51";"51454";"2";"1";"1";"7";"Boulevard Saint Marceaux";"49,2553710";"4,0463598"
"202000030517";"13";"2";"2020";"08:12";"1";"51";"51454";"2";"2";"2";"3";"Allée du Vignoble";"49,2225327";"4,0141559"
"202000030518";"13";"2";"2020";"13:57";"1";"49";"49007";"2";"1";"1";"3";"GAIN ( LOUIS)";"47,4684504";" -0,5383283"
"202000030519";"13";"2";"2020";"08:37";"1";"49";"49007";"2";"1";"1";"7";"ESTIENNE D'ORVES BOULEVARD";"47,4598700";" -0,5199600"
"202000030520";"11";"2";"2020";"08:37";"1";"49";"49007";"2";"1";"1";"6";"BON PASTEUR BOULEVARD";"47,4703500";" -0,5699200"
"202000030521";"13";"2";"2020";"19:15";"5";"45";"45234";"2";"1";"3";"7";"Rue Eugene Vignat";"47,9087502";"1,9108817"
"202000030522";"14";"2";"2020";"16:50";"1";"37";"37261";"2";"3";"1";"3";"VARENNES (ALLEE DE)";"47,3859609";"0,6962468"
"202000030523";"14";"2";"2020";"12:40";"1";"37";"37261";"2";"3";"1";"3";"GUILLAUMET (RUE)";"47,3816357";"0,7051613"
"202000030524";"14";"2";"2020";"13:05";"1";"34";"34172";"2";"1";"1";"3";"HEIDELBERG (AVENUE DE)";"43,6204969";"3,8167247"
"202000030525";"13";"2";"2020";"17:00";"1";"34";"34336";"2";"6";"1";"6";"BEREGOVOY (AVENUE PIERRE)";"43,3206600";"3,2791200"
"202000030526";"14";"2";"2020";"19:00";"5";"33";"33013";"1";"1";"1";"4";"ROUTE NATIONALE 89";"44,8677200";" -0,4925000"
"202000030527";"14";"2";"2020";"18:15";"4";"33";"33318";"2";"1";"1";"6";"Avenue du Parc d'Espagne";"44,7986400";" -0,6814500"
"202000030528";"14";"2";"2020";"17:00";"1";"33";"33162";"2";"3";"1";"6";"Rue d'Eysines";"44,8626900";" -0,6531300"
"202000030529";"5";"2";"2020";"18:45";"5";"33";"33281";"2";"1";"1";"1";"RUE GEORGES OHM";"44,8307100";" -0,6666800"
"202000030530";"11";"2";"2020";"11:40";"1";"33";"33529";"2";"1";"1";"6";"AERODROME (AVE DE L')";"44,6021500";" -1,1193900"
"202000030531";"14";"2";"2020";"12:30";"1";"32";"32013";"1";"3";"1";"3";"R N 21";"43,6698800";"0,6018900"
"202000030532";"14";"2";"2020";"02:10";"5";"31";"31555";"2";"1";"1";"6";"31 Chemin des Canalets";"43,5627700";"1,4443400"
"202000030533";"13";"2";"2020";"14:50";"1";"31";"31555";"2";"1";"1";"6";"111 Chemin de Lapujade";"43,6253200";"1,4551000"
"202000030534";"13";"2";"2020";"07:30";"3";"31";"31149";"2";"1";"1";"3";"ROND POINT DU PETIT PRINCE ";"43,6110400";"1,3369300"
"202000030535";"14";"2";"2020";"16:45";"1";"30";"30189";"1";"2";"1";"2";"MAS DE CHEYLON";"43,8052300";"4,3366100"
"202000030536";"9";"2";"2020";"03:10";"5";"30";"30243";"2";"1";"1";"4";"GAULLE (AVENUE DU GAL DE)";"44,0855500";"4,0772300"
"202000030537";"14";"2";"2020";"08:35";"1";"22";"22360";"1";"1";"1";"6";"RD700";"48,4836300";" -2,7651300"
"202000030538";"20";"1";"2020";"14:50";"1";"22";"22278";"2";"1";"1";"6";"PROMENADES (ET ALL. DES)";"48,5132261";" -2,7572733"
"202000030539";"12";"2";"2020";"09:30";"2";"15";"15012";"1";"1";"5";"3";"RD 920";"44,8429180";"2,4765330"
"202000030540";"14";"2";"2020";"15:05";"1";"14";"14333";"1";"1";"1";"3";"JUDOVICIE (BOULEVARD)";"49,4154700";"0,2583900"
"202000030541";"21";"1";"2020";"12:45";"1";"14";"14117";"2";"1";"1";"1";"PONT DE PIERRE (RUE DU)";"49,2831100";" -0,1235900"
"202000030542";"14";"2";"2020";"06:25";"5";"14";"14118";"2";"1";"1";"6";"TASSIGNY (AVENUE DE LATTRE DE)";"49,2059300";" -0,3785600"
"202000030543";"14";"2";"2020";"10:15";"1";"13";"13106";"1";"2";"1";"3";"PIGEONNIER (CHEMIN DU)";"43,4034600";"5,3569400"
"202000030544";"14";"2";"2020";"17:15";"2";"13";"13210";"2";"1";"1";"2";"CAPELETTE (AVENUE DE LA)";"43,2792070";"5,4119970"
"202000030545";"13";"2";"2020";"17:15";"2";"13";"13211";"2";"1";"2";"6";"VALENTINE (ROUTE DE LA)";"43,2896130";"5,4705300"
"202000030546";"14";"2";"2020";"10:50";"1";"13";"13208";"2";"3";"1";"3";"PRADO (AVENUE DU)";"43,2802828";"5,3869432"
"202000030547";"14";"2";"2020";"10:45";"1";"13";"13212";"2";"1";"1";"6";"SAINT JULIEN (AVENUE DE )";"43,3063600";"5,4188800"
"202000030548";"11";"2";"2020";"18:50";"5";"13";"13047";"1";"9";"1";"2";"D.5";"43,4860000";"4,9951600"
"202000030549";"14";"2";"2020";"23:45";"5";"13";"13001";"2";"2";"1";"3";"NOSTRADAMUS (RUE)";"43,5320900";"5,4555300"
"202000030550";"12";"2";"2020";"11:45";"1";"12";"12176";"2";"3";"1";"1";"ESPALION (ROUTE D')";"44,3760900";"2,5925700"
"202000030551";"14";"2";"2020";"15:35";"1";"10";"10387";"2";"2";"8";"3";"GASTON ROGELIN (RUE)";"48,3066000";"4,0648600"
"202000030552";"13";"2";"2020";"17:38";"2";"10";"10387";"2";"2";"2";"3";"AMBROISE COTTET (RUE)";"48,3021000";"4,0667000"
"202000030553";"13";"2";"2020";"08:07";"1";"10";"10362";"2";"1";"1";"1";"LOUIS BLANC (RUE)";"48,2970880";"4,0551410"
"202000030554";"14";"2";"2020";"05:00";"5";"09";"09225";"2";"1";"1";"2";"MIREPOIX ROUTE DE";"43,1040100";"1,6244700"
"202000030555";"14";"2";"2020";"20:48";"5";"06";"06083";"2";"6";"1";"2";"CENTENAIRE (COURS DU)";"43,7716100";"7,4925110"
"202000030556";"13";"2";"2020";"17:40";"1";"06";"06083";"2";"1";"1";"6";"SOLEIL (PROMENADE DU, N° 850 A 960)";"43,7712250";"7,4960700"
"202000030557";"12";"2";"2020";"10:20";"1";"06";"06123";"2";"1";"1";"6";"LIBERATION AVENUE DE LA";"43,6665000";"7,1872000"
"202000030558";"14";"2";"2020";"10:20";"1";"05";"05061";"1";"1";"1";"2";"RN 94";"44,5733000";"6,1088800"
"202000030559";"13";"2";"2020";"13:50";"1";"05";"05061";"2";"1";"8";"7";"JUSTICE ( ROUTE DE  LA )";"44,5655300";"6,1022600"
"202000030560";"12";"2";"2020";"19:00";"4";"05";"05061";"2";"1";"1";"4";"EMILE DIDIER ( AV )";"44,5661400";"6,0939300"
"202000030561";"14";"2";"2020";"07:20";"2";"75";"75118";"2";"4";"1";" -1";"PORTE DE CLIGNANCOURT";"48,9009740";"2,3403670"
"202000030562";"14";"2";"2020";"16:15";"1";"75";"75118";"2";"3";"1";"2";"AVENUE DE LA PORTE DE CLIGNANCOURT";"48,9005060";"2,3443830"
"202000030563";"14";"2";"2020";"18:50";"5";"75";"75119";"2";"2";"1";"6";"RUE RIQUET";"48,8896740";"2,3681460"
"202000030564";"14";"2";"2020";"12:20";"1";"75";"75119";"2";"1";"1";" -1";"AVENUE JEAN JAURES";"48,8871980";"2,3870500"
"202000030565";"13";"2";"2020";"13:53";"1";"75";"75119";"2";"7";"1";"2";"PLACE DE LA PORTE DE PANTIN";"48,8894820";"2,3957070"
"202000030566";"14";"2";"2020";"08:50";"1";"75";"75117";"2";"2";"1";"3";"RUE GUY MOQUET";"48,8924420";"2,3247890"
"202000030567";"13";"2";"2020";"18:30";"5";"75";"75116";"2";"2";"1";"6";"AVENUE MOZART";"48,8546860";"2,2693880"
"202000030568";"14";"2";"2020";"15:15";"1";"75";"75115";"2";"1";"1";" -1";"RUE DE LA CONVENTION";"48,8369480";"2,2973970"
"202000030569";"14";"2";"2020";"09:00";"1";"75";"75115";"2";"5";"1";"7";"AVENUE DE SUFFREN";"48,8511360";"2,3009650"
"202000030570";"14";"2";"2020";"12:00";"1";"75";"75108";"2";"7";"1";"3";"PLACE DE LA CONCORDE";"48,8653060";"2,3205030"
"202000030571";"14";"2";"2020";"08:07";"1";"75";"75108";"2";"1";"1";"3";"RUE DU HAVRE";"48,8746050";"2,3268550"
"202000030572";"14";"2";"2020";"21:30";"5";"75";"75101";"2";"1";"1";"6";"RUE SAINT HONORE";"48,8667310";"2,3282780"
"202000030573";"14";"2";"2020";"18:00";"5";"75";"75101";"2";"3";"1";"3";"BOULEVARD DE SEBASTOPOL";"48,8629300";"2,3506830"
"202000030574";"14";"2";"2020";"14:55";"1";"75";"75103";"2";"1";"1";"6";"RUE DES VERTUS";"48,8647920";"2,3581630"
"202000030575";"14";"2";"2020";"03:10";"5";"94";"94081";"2";"1";"1";"7";"LEON GEFFROY (R)";"48,7799100";"2,4080300"
"202000030576";"14";"2";"2020";"15:45";"1";"94";"94068";"2";"1";"1";"3";"LOUIS BLANC (AV)";"48,7973261";"2,5019359"
"202000030577";"14";"2";"2020";"15:15";"1";"94";"94046";"2";"1";"1";"2";"REPUBLIQUE (AV DE LA)";"48,8066980";"2,4438830"
"202000030578";"14";"2";"2020";"13:45";"1";"94";"94041";"2";"2";"8";"6";"LENINE (R)";"48,8172700";"2,3964200"
"202000030579";"14";"2";"2020";"12:50";"1";"94";"94034";"2";"1";"1";"6";"DIVISION LECLERC (AV DE LA)";"48,7590300";"2,3223500"
"202000030580";"14";"2";"2020";"21:00";"5";"94";"94028";"2";"1";"1";"1";"LAFERRIERE(AVENUE)";"48,8012083";"2,4578216"
"202000030581";"14";"2";"2020";"09:55";"1";"94";"94017";"2";"2";"8";"3";"LOUIS TALAMONI (R)";"48,8137000";"2,5102000"
"202000030582";"13";"2";"2020";"07:00";"2";"94";"94004";"2";"3";"2";"3";"GENERAL LECLERC (AV DU)";"48,7468627";"2,5101202"
"202000030583";"13";"2";"2020";"09:10";"1";"94";"94002";"2";"9";"1";"3";"EMILE ZOLA (R)";"48,7989426";"2,4239829"
"202000030584";"14";"2";"2020";"16:00";"1";"93";"93066";"2";"1";"1";"2";"R CROIZAT AMBROISE";"48,9322400";"2,3489100"
"202000030585";"14";"2";"2020";"17:30";"1";"93";"93064";"2";"1";"1";"3";"HUGO (RUE VICTOR)";"48,8657294";"2,4897480"
"202000030586";"13";"2";"2020";"22:40";"5";"93";"93048";"2";"2";"1";"3";"GABRIEL PERI (AVENUE)";"48,8575358";"2,4399635"
"202000030587";"14";"2";"2020";"20:30";"5";"93";"93046";"2";"3";"1";"3";"POMMIERS ALLEE DES";"48,9088000";"2,5366600"
"202000030588";"14";"2";"2020";"16:30";"1";"93";"93008";"2";"1";"1";"2";"ALLENDE (AVE DU P. SALVADOR)";"48,9020600";"2,4452700"
"202000030589";"1";"4";"2020";"20:04";"2";"69";"69142";"2";"4";"1";"3";"GENERAL DE GAULLE                   (AV)";"45,7258800";"4,8141200"
"202000030590";"15";"3";"2020";"16:20";"1";"77";"77186";"1";"1";"1";"3";"RD148 carrefour DIANE à SORQUES";"48,3562780";"2,7613880"
"202000030591";"31";"3";"2020";"17:40";"1";"64";"64102";"2";"1";"1";"6";"SAINT FREDERIC (PONT)";"43,4873000";" -1,4624000"
"202000030592";"30";"3";"2020";"22:55";"5";"62";"62194";"2";"1";"1";"1";"CAVEE ( RUE DE LA )";"50,4900600";"2,4817000"
"202000030593";"31";"3";"2020";"14:15";"1";"62";"62178";"2";"1";"1";"6";"EVRARD ( FLORENT )";"50,4880180";"2,5500510"
"202000030594";"21";"3";"2020";"14:05";"1";"49";"49007";"2";"1";"1";"3";"MARIANNE BOULEVARD";"47,4512200";" -0,5269700"
"202000030595";"1";"4";"2020";"20:33";"5";"33";"33522";"2";"1";"1";"3";"Route de Toulouse (côté impair)";"44,8072600";" -0,5733500"
"202000030596";"31";"3";"2020";"16:00";"1";"12";"12013";"1";"4";"1";"6";"Barouillet Haut  LIEU-DIT";"44,5366000";"2,2430820"
"202000030597";"14";"1";"2020";"03:57";"5";"75";"75119";"2";"1";"1";"1";"BD PERIPHERIQUE EXTERIEUR";"48,8995860";"2,3925950"
"202000030598";"1";"4";"2020";"14:25";"1";"75";"75108";"2";"2";"1";"3";"RUE D ARTOIS";"48,8737060";"2,3064820"
"202000030599";"30";"3";"2020";"09:30";"1";"92";"92050";"2";"2";"1";"3";"CHARLES DE GAULLE (BD)";"48,9179420";"2,2239830"
"202000030600";"17";"3";"2020";"15:52";"1";"59";"59499";"2";"1";"1";"7";"Rue des Bouleaux";"50,9437730";"2,5383460"
"202000030601";"9";"3";"2020";"14:02";"1";"38";"38529";"2";"1";"2";"1";"Avenue d'Uriage";"45,1152500";"5,8081700"
"202000030602";"2";"4";"2020";"00:20";"4";"79";"79208";"2";"1";"1";"6";"60 Grande Rue";"46,6698630";" -0,1536600"
"202000030603";"1";"4";"2020";"21:00";"3";"61";"61061";"1";"1";"1";"6";"Lieu Dit le Moulin Neuf";"48,4460910";"0,9290960"
"202000030604";"1";"4";"2020";"20:10";"1";"29";"29041";"2";"1";"1";"7";"D36 - Lieu Dit Saint Hilaire";"48,0568860";" -3,8269330"
"202000030605";"2";"4";"2020";"18:00";"1";"70";"70257";"1";"1";"1";"7";"D474";"47,4981400";"5,9492910"
"202000030606";"1";"4";"2020";"05:30";"3";"09";"09116";"1";"9";"1";"7";"D626a";"43,1322620";"1,5481220"
"202000030607";"1";"4";"2020";"17:25";"1";"17";"17394";"1";"1";"1";"7";"RD 111";"46,1219720";" -0,6567710"
"202000030608";"1";"4";"2020";"18:00";"1";"973";"97307";"2";"9";"9";"2";"Route de la Distillerie";"4,8747120";" -52,3317030"
"202000030609";"2";"4";"2020";"08:30";"1";"02";"02218";"1";"1";"1";"6";"Autoroute A26";"49,5594390";"3,8039620"
"202000030610";"30";"3";"2020";"18:15";"1";"38";"38068";"1";"1";"1";"1";"Route Napoléon";"45,1021500";"5,7150500"
"202000030611";"23";"1";"2020";"10:00";"1";"26";"26169";"1";"1";"1";"5";"D844";"44,4613000";"4,7357590"
"202000030612";"24";"1";"2020";"18:15";"5";"69";"69384";"2";"2";"1";"6";"DANGON                              (R )";"45,7772400";"4,8203300"
"202000030613";"23";"1";"2020";"12:00";"1";"69";"69382";"2";"3";"1";"3";"ANTONIN GOURJU                      (PL)";"45,7590900";"4,8299800"
"202000030614";"22";"1";"2020";"18:00";"5";"69";"69389";"2";"3";"1";"6";"BOURGOGNE (DE)                      (R )";"45,7792668";"4,8018301"
"202000030615";"31";"1";"2020";"13:35";"1";"59";"59028";"2";"1";"8";"6";"ROUSSEAU (RUE JEAN-JACQUES)";"50,4085000";"3,0778300"
"202000030616";"30";"3";"2020";"21:28";"5";"988";"98818";"2";"1";"1";"6";"VE1";" -22,2579800";"166,4467200"
"202000030617";"31";"3";"2020";"10:30";"1";"69";"69259";"2";"9";"1";"3";"PRESIDENT EDOUARD HERRIOT (DU)      (R )";"45,6941034";"4,8779371"
"202000030618";"28";"3";"2020";"20:39";"5";"63";"63113";"2";"2";"1";"3";"JULIEN (AVENUE)";"45,7755100";"3,0820900"
"202000030619";"28";"3";"2020";"01:31";"5";"63";"63075";"2";"1";"1";"6";"BERGOUGNAN (AVENUE)";"45,7796700";"3,0683700"
"202000030620";"30";"3";"2020";"21:20";"3";"35";"35241";"2";"1";"1";"6";"D168";"48,6137900";" -2,0356500"
"202000030621";"31";"3";"2020";"17:25";"1";"13";"13215";"2";"9";"2";"6";"DE SAINT LOUIS AU ROVE (chemin)";"43,3480000";"5,3583000"
"202000030622";"31";"3";"2020";"21:20";"5";"13";"13001";"2";"1";"1";"7";"BERRE (ROUTE DE)";"43,5308600";"5,4159100"
"202000030623";"11";"3";"2020";"17:45";"1";"07";"07008";"2";"3";"1";"1";"Rue Royale";"44,7131740";"4,6322170"
"202000030624";"31";"3";"2020";"20:40";"5";"02";"02408";"1";"6";"1";"6";"RN2";"49,5462330";"3,6067510"
"202000030625";"30";"3";"2020";"15:40";"1";"75";"75119";"2";"1";"1";"7";"RUE JACQUES DUCHESNE";"48,8994910";"2,3740860"
"202000030626";"31";"3";"2020";"17:45";"1";"93";"93077";"2";"5";"1";"3";"R CIRCULAIRE HENRI JOUSSEAUME / AV DU CAPITAINE LOUYS";"48,8837492";"2,5144442"
"202000030627";"31";"3";"2020";"15:20";"1";"93";"93046";"2";"4";"1";"6";"EUROPE BOULEVARD DE L'";"48,9231400";"2,5449000"
"202000030628";"31";"3";"2020";"19:50";"1";"93";"93079";"2";"3";"1";"3";"Pablo Neruda (rue)";"48,9569400";"2,3434800"
"202000030629";"31";"3";"2020";"18:20";"1";"92";"92048";"2";"1";"1";" -1";"JEAN JAURES (AVENUE) N° 8 A 72";"48,8105190";"2,2437140"
"202000030630";"12";"2";"2020";"14:20";"1";"95";"95352";"1";"1";"1";"2";"RD 922";"49,1215580";"2,4029370"
"202000030631";"31";"3";"2020";"20:00";"3";"34";"34224";"1";"1";"1";"3";"Chemin de la Rivière";"43,4505820";"3,2215910"
"202000030632";"1";"4";"2020";"08:30";"1";"03";"03082";"2";"1";"1";"6";"87 Rue de la Grange";"46,2668675";"2,7356592"
"202000030633";"26";"2";"2020";"14:00";"1";"53";"53107";"2";"1";"1";"6";"Rue du stade";"48,4078030";" -0,8105210"
"202000030634";"30";"3";"2020";"16:20";"1";"42";"42154";"1";"1";"1";"6";"A89";"45,8486180";"4,2193670"
"202000030635";"30";"3";"2020";"08:55";"1";"73";"73296";"1";"1";"1";"7";"D902";"45,5200093";"6,9140015"
"202000030636";"30";"3";"2020";"02:40";"5";"73";"73296";"2";"1";"4";"7";"D87A";"45,4682740";"6,9053040"
"202000030637";"1";"4";"2020";"08:00";"1";"69";"69094";"2";"1";"1";"6";"Route de Brindas";"45,7374250";"4,6916720"
"202000030638";"30";"3";"2020";"20:45";"3";"13";"13005";"1";"1";"1";"6";"A501-Sens Aubagne vers Pont de l'Etoile";"43,2983640";"5,5617930"
"202000030639";"30";"3";"2020";"22:50";"3";"69";"69296";"1";"1";"1";"2";"A7  ";"45,6441300";"4,8295900"
"202000030640";"30";"3";"2020";"20:50";"3";"95";"95306";"1";"1";"1";"3";"AUTOROUTE A15";"49,0068300";"2,1630300"
"202000030641";"30";"3";"2020";"19:00";"1";"95";"95018";"1";"1";"1";"2";"AUTOROUTE A15";"48,9514600";"2,2800700"
"202000030642";"31";"3";"2020";"15:50";"1";"77";"77053";"1";"1";"1";"6";"RN104";"48,6842661";"2,5993344"
"202000030643";"26";"2";"2020";"17:45";"2";"94";"94073";"1";"1";"2";" -1";"A86 EXT";"48,7709765";"2,3890221"
"202000030644";"27";"1";"2020";"07:30";"1";"971";"97107";"2";"9";"1";"6";"DUMANOIR ( ALLEE )";"16,0406200";" -61,5663000"
"202000030645";"15";"1";"2020";"13:05";"1";"91";"91201";"2";"3";"1";"6";"MAINVILLE(RUE DE)";"48,6864800";"2,4158200"
"202000030646";"30";"3";"2020";"16:00";"1";"69";"69387";"2";"2";"1";"6";"DEBOURG                             (AV)";"45,7314100";"4,8334700"
"202000030647";"30";"3";"2020";"07:50";"1";"971";"97101";"2";"6";"1";"3";"VIEUX BOURG";"16,2501200";" -61,5292300"
"202000030648";"30";"3";"2020";"21:00";"3";"78";"78227";"1";"1";"1";"6";"CD 922";"49,0142000";"1,9373000"
"202000030649";"26";"1";"2020";"02:10";"5";"73";"73065";"2";"3";"1";"6";"BERNARDINES";"45,5666344";"5,9149169"
"202000030650";"30";"3";"2020";"12:20";"1";"69";"69266";"2";"1";"1";"2";"PAUL VERLAINE       (Rue)";"45,7659804";"4,8802753"
"202000030651";"27";"3";"2020";"16:15";"1";"67";"67482";"2";"1";"1";"2";"6 Rue du Rhin Tortu";"48,5542310";"7,7584350"
"202000030652";"29";"3";"2020";"11:30";"5";"44";"44143";"2";"1";"1";"6";"RUE ERNEST SAUVESTRE";"47,1627480";" -1,5423050"
"202000030653";"10";"3";"2020";"08:50";"1";"33";"33063";"2";"2";"1";"6";"19 Cours du Maréchal Gallieni / Rue Gaston Lespault";"44,8248400";" -0,5903000"
"202000030654";"30";"3";"2020";"00:29";"3";"13";"13002";"2";"1";"1";"7";"ETIENNE CUCCA-CD908 (AVENUE)";"43,3584762";"5,4925183"
"202000030655";"30";"3";"2020";"15:30";"1";"06";"06123";"1";"4";"1";"3";"MISTRAL FREDERIC AVENUE";"43,6603160";"7,1892750"
"202000030656";"29";"3";"2020";"16:00";"1";"06";"06004";"2";"3";"1";"6";"VALBOSQUET CH.DU";"43,6060246";"7,0895710"
"202000030657";"29";"3";"2020";"01:50";"5";"75";"75119";"2";"1";"1";"6";"BOULEVARD PERIPHERIQUE";"48,8834300";"2,3997390"
"202000030658";"24";"2";"2020";"07:40";"5";"75";"75116";"2";"3";"1";"6";"AVENUE DU PRESIDENT KENNEDY";"48,8545480";"2,2836200"
"202000030659";"30";"3";"2020";"09:00";"1";"75";"75114";"2";"1";"1";"6";"AVENUE DE LA PORTE DE CHATILLON";"48,8232770";"2,3164230"
"202000030660";"30";"3";"2020";"16:30";"1";"75";"75111";"2";"2";"1";"6";"RUE SAINT MAUR";"48,8656550";"2,3773460"
"202000030661";"30";"3";"2020";"11:55";"1";"93";"93073";"2";"4";"1";"3";"AV DU GENERAL DE GAULLE / AV PASTEUR";"48,9429650";"2,5690890"
"202000030662";"30";"3";"2020";"18:05";"1";"92";"92048";"2";"1";"1";"7";"TRIVAUX (AVENUE DE) N° 6BIS A 8";"48,7910000";"2,2327000"
"202000030663";"31";"3";"2020";"09:28";"1";"38";"38114";"1";"1";"1";"3";"D37b";"45,4159300";"4,7662050"
"202000030664";"26";"3";"2020";"14:27";"1";"62";"62043";"2";"1";"1";"3";"3627 Chemin du Halage";"50,8965886";"1,9667912"
"202000030665";"31";"3";"2020";"19:46";"2";"72";"72268";"1";"9";"1";"1";"Le Petit Plessis";"47,8237300";"0,2489300"
"202000030666";"30";"3";"2020";"18:45";"1";"82";"82038";"1";"1";"1";"6";"Lieu dit PUECH";"44,2491980";"1,7224740"
"202000030667";"31";"3";"2020";"00:30";"3";"988";"98805";"1";"1";"1";"7";"RM1 NAKUTAKOIN";" -22,1614540";"166,4449310"
"202000030668";"30";"3";"2020";"17:30";"1";"60";"60028";"2";"1";"1";"6";"Chemin de la queue de la brosse";"49,2253760";"2,5509870"
"202000030669";"30";"3";"2020";"17:40";"1";"33";"33063";"1";"1";"2";"6";"ROCADE A 630";"44,8840500";" -0,5600300"
"202000030670";"29";"3";"2020";"15:45";"1";"69";"69259";"2";"3";"8";"3";"PRESIDENT EDOUARD HERRIOT (DU)      (R )";"45,6947100";"4,8759300"
"202000030671";"29";"3";"2020";"05:20";"5";"69";"69259";"2";"1";"1";"6";"OSCHATZ (D')                        (AV)";"45,6946000";"4,8798000"
"202000030672";"28";"3";"2020";"18:23";"1";"2B";"2B033";"2";"1";"1";"3";"MACCHIONE - CHEMIN DU";"42,6864600";"9,4433000"
"202000030673";"26";"3";"2020";"10:00";"1";"971";"97107";"2";"1";"1";"6";"PAUL LACAVE ( AVENUE )";"16,0449000";" -61,5630000"
"202000030674";"28";"3";"2020";"20:00";"2";"91";"91657";"2";"1";"1";"3";"HENRI BARBUSSE (AVENUE)";"48,7002800";"2,4203000"
"202000030675";"29";"3";"2020";"14:37";"1";"37";"37261";"2";"1";"1";"3";"FONTAINE POTTIER (RUE)";"47,4149628";"0,6912589"
"202000030676";"29";"3";"2020";"17:52";"1";"34";"34172";"2";"1";"1";"2";"PILORY (RUE DU)";"43,6192000";"3,8316200"
"202000030677";"29";"3";"2020";"08:15";"1";"34";"34198";"1";"1";"1";"7";"D21  ROUTE DE CARNON";"43,5589000";"3,9631300"
"202000030678";"29";"3";"2020";"05:20";"5";"75";"75119";"2";"1";"1";"6";"AVENUE JEAN JAURES";"48,8829720";"2,3709590"
"202000030679";"28";"3";"2020";"14:59";"1";"75";"75118";"2";"2";"1";"3";"AVENUE DE LA PORTE DE SAINT OUEN";"48,8990180";"2,3294650"
"202000030680";"28";"3";"2020";"22:50";"5";"93";"93073";"2";"1";"1";"2";"CHAPIT RE ( RUE DU)";"49,0032282";"2,5368203"
"202000030681";"29";"3";"2020";"13:45";"1";"93";"93072";"2";"2";"1";"3";"MAXIME GORKI (BOULEVARD) DES N°89 A ...";"48,9497400";"2,3860200"
"202000030682";"24";"2";"2020";"06:45";"1";"74";"74124";"1";"1";"1";"4";"A41";"46,1019530";"6,0924980"
"202000030683";"30";"3";"2020";"19:45";"1";"95";"95313";"2";"1";"1";"3";"Avenue de Paris";"49,1107510";"2,2244150"
"202000030684";"10";"3";"2020";"17:30";"1";"33";"33355";"1";"1";"1";"1";"Moulin de Bouit";"44,6685440";" -0,3440830"
"202000030685";"30";"3";"2020";"14:00";"1";"33";"33327";"2";"3";"2";"6";"Cours du Marechal Joffre";"44,6477300";" -0,3515600"
"202000030686";"30";"3";"2020";"18:50";"2";"10";"10030";"1";"1";"1";"2";"D610";"48,3282950";"4,0366170"
"202000030687";"30";"3";"2020";"06:00";"1";"972";"97210";"1";"1";"1";"6";"Route Perriolat";"14,5841650";" -60,8753300"
"202000030688";"26";"3";"2020";"16:45";"1";"74";"74293";"1";"1";"1";"6";"Route des Voirons";"46,2703000";"6,2822750"
"202000030689";"26";"3";"2020";"17:45";"1";"31";"31157";"2";"1";"1";"3";"3 Avenue François Mitterrand";"43,5364997";"1,3446722"