"Num_Acc";"jour";"mois";"an";"hrmn";"lum";"dep";"com";"agg";"int";"atm";"col";"adr";"lat";"long"
"202000030690";"20";"3";"2020";"03:00";"3";"80";"80693";"2";"1";"1";"6";"Rue de Moreuil";"49,9107530";"2,6087700"
"202000030691";"30";"3";"2020";"14:30";"1";"72";"72085";"1";"1";"7";"3";"monhodon";"47,8571440";"0,6348040"
"202000030692";"4";"3";"2020";"10:25";"1";"43";"43012";"2";"1";"1";"3";"15 Rue des Ollagnieres";"45,3737650";"4,2101560"
"202000030693";"30";"3";"2020";"14:55";"1";"85";"85034";"1";"1";"1";"6";"Les Noues";"46,6316000";" -1,1110300"
"202000030694";"30";"3";"2020";"07:25";"2";"27";"27649";"2";"1";"1";"6";"1 Grande Rue";"49,3516070";"1,4281310"
"202000030695";"30";"3";"2020";"10:50";"1";"44";"44118";"1";"2";"1";" -1";"La Mesliere";"47,4880060";" -1,1738630"
"202000030696";"28";"3";"2020";"18:35";"2";"21";"21021";"1";"4";"1";"7";"D70";"47,3473540";"5,1982470"
"202000030697";"30";"3";"2020";"14:40";"1";"33";"33323";"1";"1";"2";"6";"59 Grande Rue";"44,5915700";" -0,2059800"
"202000030698";"27";"3";"2020";"22:10";"3";"77";"77121";"1";"1";"1";" -1";"A4";"48,8322465";"2,6680024"
"202000030699";"27";"3";"2020";"22:10";"5";"972";"97209";"2";"3";"1";"7";"SALVADOR ALLENDE (AVENUE)";"14,6103400";" -61,0454300"
"202000030700";"28";"3";"2020";"16:28";"1";"83";"83009";"2";"1";"1";"6";"NARON (CHEMIN DE)";"43,1552500";"5,7456900"
"202000030701";"27";"3";"2020";"11:30";"1";"69";"69266";"2";"2";"1";"3";"EMILE ZOLA     (Cours)";"45,7705900";"4,8737000"
"202000030702";"28";"3";"2020";"21:20";"5";"64";"64445";"2";"3";"1";"3";"2 AVENUE GASTON LACOSTE";"43,2933140";" -0,3610920"
"202000030703";"28";"3";"2020";"16:00";"1";"51";"51454";"2";"2";"1";"3";"Rue Jacquart";"49,2616154";"4,0418802"
"202000030704";"28";"3";"2020";"15:54";"1";"38";"38151";"2";"1";"1";"1";"Avenue Salvador Allende";"45,1551900";"5,7232900"
"202000030705";"28";"3";"2020";"09:00";"1";"17";"17200";"1";"1";"1";"6";"RN237";"46,1796590";" -1,1523230"
"202000030706";"25";"3";"2020";"20:30";"5";"75";"75106";"2";"2";"1";"3";"QUAI DES GRANDS AUGUSTINS";"48,8561060";"2,3404140"
"202000030707";"27";"3";"2020";"17:15";"1";"75";"75118";"2";"2";"1";"3";"RUE ORDENER";"48,8931030";"2,3402140"
"202000030708";"28";"3";"2020";"04:15";"5";"75";"75113";"2";"7";"1";"7";"RUE DES PEUPLIERS";"48,8239600";"2,3535570"
"202000030709";"26";"3";"2020";"21:25";"5";"75";"75111";"2";"2";"1";"3";"RUE MORAND";"48,8688370";"2,3762990"
"202000030710";"28";"3";"2020";"18:20";"1";"75";"75114";"2";"4";"1";"6";"RUE VERCINGETORIX";"48,8354660";"2,3155000"
"202000030711";"27";"3";"2020";"08:00";"1";"94";"94074";"2";"1";"1";"7";"CHAMP SAINT-JULIEN (AV DU)";"48,7509857";"2,4547442"
"202000030712";"26";"3";"2020";"16:10";"1";"94";"94073";"2";"9";"1";"7";"ROUTE NATIONALE 186";"48,7535010";"2,3777599"
"202000030713";"27";"3";"2020";"10:10";"1";"94";"94054";"2";"2";"1";"6";"CHARLES TILLON (Av)";"48,7460700";"2,3694800"
"202000030714";"27";"3";"2020";"14:20";"1";"94";"94017";"2";"9";"1";"6";"MONUMENT (R DU)";"48,8104560";"2,5249340"
"202000030715";"27";"3";"2020";"11:30";"1";"93";"93078";"2";"1";"1";"6";"AV GEORGES CLEMENCEAU";"48,9535300";"2,5626700"
"202000030716";"26";"3";"2020";"05:35";"2";"93";"93066";"2";"1";"1";"3";"AV DU PRESIDENT WILSON";"48,9067200";"2,3579800"
"202000030717";"25";"3";"2020";"23:00";"5";"93";"93066";"2";"1";"1";"1";"CAQUET (PLACE)";"48,9375150";"2,3598380"
"202000030718";"27";"3";"2020";"12:30";"1";"93";"93049";"2";"1";"1";"3";"CH DE MEAUX";"48,8631800";"2,5134500"
"202000030719";"27";"3";"2020";"14:15";"1";"93";"93046";"2";"2";"1";"3";"VAUBAN AVENUE";"48,9176700";"2,5229600"
"202000030720";"27";"3";"2020";"15:15";"1";"93";"93047";"2";"2";"1";"3";"GENERAL DE GAULLE (RUE DU)";"48,8993580";"2,5595100"
"202000030721";"29";"3";"2020";"00:00";"3";"08";"08357";"1";"1";"1";"6";"Route de Douzy";"49,6521610";"4,9989300"
"202000030722";"27";"3";"2020";"08:40";"1";"24";"24372";"2";"1";"1";"6";"Rue des Piqueurs";"45,1450830";"0,5300210"
"202000030723";"26";"2";"2020";"16:40";"1";"52";"52282";"1";"1";"4";"3";"D143";"47,9945850";"5,1797910"
"202000030724";"28";"3";"2020";"18:00";"1";"33";"33352";"1";"3";"1";"2";"Laubes";"44,5882440";" -0,0593090"
"202000030725";"28";"3";"2020";"17:40";"1";"57";"57242";"2";"1";"1";"1";"50 Rue Louis Jost";"49,2738950";"6,1341850"
"202000030726";"29";"3";"2020";"12:18";"1";"74";"74011";"2";"1";"1";"6";"46 Rue des Mouettes";"45,9110630";"6,1520970"
"202000030727";"27";"2";"2020";"09:40";"1";"14";"14422";"1";"1";"1";"6";"Mézidon Vallée d'Auge";"49,0705340";" -0,0116940"
"202000030728";"28";"3";"2020";"21:00";"5";"50";"50236";"2";"1";"1";"6";"6 Rue des Hauts Vents";"49,2868050";" -1,5418370"
"202000030729";"28";"3";"2020";"17:40";"1";"21";"21638";"2";"3";"1";"6";"Route de Langres";"47,5185450";"5,1791040"
"202000030730";"26";"2";"2020";"16:15";"1";"85";"85128";"2";"1";"1";"3";"Avenue Marechal Juin";"46,4590870";" -1,1436350"
"202000030731";"23";"3";"2020";"21:00";"3";"27";"27580";"2";"1";"1";"6";"Route Nationale";"49,3489890";"0,9264560"
"202000030732";"29";"3";"2020";"15:10";"1";"17";"17106";"1";"1";"1";"6";"RD 731";"45,5499010";" -0,3073490"
"202000030733";"28";"3";"2020";"22:45";"3";"988";"98821";"1";"1";"1";"6";"ROUTE DE BANGOU/PAITA";" -22,0454010";"166,2654050"
"202000030734";"29";"3";"2020";"01:30";"3";"06";"06065";"2";"1";"1";"6";"Route de Cagnes";"43,7091760";"7,1439140"
"202000030735";"29";"3";"2020";"11:57";"1";"33";"33441";"2";"2";"1";"1";"Piste cyclable D808 / Chemin de Gabaroche";"45,1472400";" -0,6388320"
"202000030736";"28";"3";"2020";"20:30";"3";"59";"59120";"1";"2";"1";"6";"Chemin d'Hondeghem";"50,7622345";"2,5795025"
"202000030737";"28";"3";"2020";"16:45";"1";"94";"94022";"1";"1";"1";" -1";"A86 INT";"48,7764740";"2,4152360"
"202000030738";"28";"3";"2020";"16:00";"1";"93";"93051";"1";"1";"1";"2";"A4";"48,8350900";"2,5774100"
"202000030739";"27";"1";"2020";"07:50";"5";"77";"77058";"2";"2";"2";"6";"GENETS (BOULEVARD DES) - D5";"48,8391463";"2,7214091"
"202000030740";"26";"3";"2020";"11:00";"1";"974";"97411";"1";"9";"1";"2";"MACE (ROUTE GABRIEL)";" -20,9207300";"55,4944800"
"202000030741";"27";"3";"2020";"18:00";"1";"972";"97213";"1";"9";"1";"3";"PLACE D'ARMES";"14,6195200";" -60,9945100"
"202000030742";"23";"3";"2020";"19:19";"2";"64";"64260";"2";"1";"1";"3";"INDUSTRIE (RUE DE L')";"43,3483000";" -1,7703500"
"202000030743";"22";"3";"2020";"19:05";"2";"56";"56121";"1";"1";"1";"6";"Pénétrante de Lorient RD 465";"47,7595000";" -3,3836300"
"202000030744";"21";"3";"2020";"11:55";"1";"56";"56083";"2";"2";"1";"3";"LAVOISIER ( AVENUE )";"47,7914700";" -3,2727200"
"202000030745";"26";"3";"2020";"20:20";"5";"51";"51230";"2";"7";"1";"3";"Place Léon Bourgeois";"49,0462802";"3,9549195"
"202000030746";"27";"3";"2020";"08:58";"1";"37";"37261";"2";"3";"1";"3";"CHURCHILL (BOULEVARD WINSTON)";"47,3732931";"0,6869403"
"202000030747";"27";"3";"2020";"19:35";"2";"34";"34172";"2";"2";"1";"1";"DOMITIENNE (VOIE)";"43,6239608";"3,8622469"
"202000030748";"27";"3";"2020";"12:53";"1";"34";"34172";"2";"2";"1";"3";"JUSTICE DE CASTELNAU (AVENUE DE LA)";"43,6260300";"3,8824700"
"202000030749";"26";"3";"2020";"17:37";"1";"31";"31555";"2";"1";"1";"6";"RUE LOUIS PLANA";"43,6128860";"1,4825150"
"202000030750";"26";"2";"2020";"17:50";"1";"14";"14271";"2";"1";"1";"3";"HARCOURT (ROUTE D')";"49,1626500";" -0,3666300"
"202000030751";"3";"2";"2020";"13:40";"1";"14";"14118";"2";"1";"1";"6";"LECLERC (BOULEVARD MARECHAL)";"49,1803740";" -0,3632360"
"202000030752";"27";"3";"2020";"20:45";"3";"60";"60107";"1";"1";"1";"6";"D1016";"49,3578628";"2,4243971"
"202000030753";"28";"3";"2020";"14:40";"1";"81";"81097";"1";"1";"1";"6";"Lieu dit le Fontas";"43,8708740";"2,2442250"
"202000030754";"26";"2";"2020";"18:50";"3";"51";"51049";"1";"1";"1";"3";"D933";"48,8700850";"3,9757255"
"202000030755";"28";"3";"2020";"12:45";"1";"80";"80190";"1";"4";"1";"6";"Rue de Frières";"50,0631720";"1,6338190"
"202000030756";"21";"2";"2020";"16:20";"1";"80";"80761";"1";"1";"1";"1";"D210 TILLOY LES CONTY";"49,7532628";"2,1833575"
"202000030757";"27";"3";"2020";"04:20";"3";"46";"46306";"1";"1";"1";"6";"les igues";"44,6908780";"1,8566040"
"202000030758";"27";"3";"2020";"21:07";"3";"47";"47038";"1";"1";"1";"6";"D666";"44,3296495";"0,3786458"
"202000030759";"27";"2";"2020";"11:55";"1";"70";"70166";"1";"1";"2";"1";"Comberjon";"47,6530010";"6,2066420"
"202000030760";"28";"3";"2020";"16:55";"3";"26";"26055";"1";"1";"1";"6";"Route de Bonneval";"44,6370210";"5,5768060"
"202000030761";"27";"3";"2020";"23:15";"3";"54";"54080";"1";"1";"1";"7";"D113";"48,5836770";"5,8302640"
"202000030762";"27";"3";"2020";"22:40";"5";"72";"72180";"2";"1";"1";"7";"Rue d'Estournelles de Constant";"48,3499950";"0,3673630"
"202000030763";"28";"3";"2020";"16:30";"1";"27";"27378";"1";"1";"1";"7";"D59";"48,7808540";"1,2205020"
"202000030764";"27";"3";"2020";"17:20";"1";"78";"78043";"1";"1";"1";"6";"Grille de Maintenon";"48,8377740";"2,0859860"
"202000030765";"27";"3";"2020";"18:15";"1";"973";"97304";"1";"1";"1";"6";"18 Route Degrad Saramaca";"5,0375740";" -52,6904080"
"202000030766";"24";"3";"2020";"07:45";"1";"91";"91359";"2";"1";"7";"6";"Grande Rue";"48,3940990";"2,3780040"
"202000030767";"9";"2";"2020";"06:50";"3";"33";"33422";"1";"1";"1";"1";"Boulac";"44,8272190";" -0,7624980"
"202000030768";"28";"3";"2020";"04:30";"3";"60";"60446";"1";"1";"1";"6";"ROUTE NATIONALE 2";"49,1508104";"2,8308471"
"202000030769";"28";"3";"2020";"02:56";"3";"60";"60060";"1";"6";"1";"6";"D1001";"49,1951390";"2,2328420"
"202000030770";"5";"3";"2020";"19:00";"3";"13";"13070";"1";"1";"1";"4";"A50-Sens Marseille vers Aubagne";"43,2853674";"5,5286604"
"202000030771";"10";"1";"2020";"06:45";"5";"94";"94017";"1";"1";"1";"2";"A4";"48,8273238";"2,5090637"
"202000030772";"26";"3";"2020";"21:00";"5";"69";"69259";"2";"3";"1";"3";"CARNOT                              (R )";"45,7037700";"4,8800600"
"202000030773";"23";"2";"2020";"22:13";"5";"73";"73008";"2";"6";"1";"3";"D991 Bd WILSON / Av TRESSERVE";"45,6855704";"5,9100411"
"202000030774";"24";"3";"2020";"22:35";"3";"34";"34336";"1";"9";"1";"7";"MEDITERRANEE (ROND POINT DE LA)";"43,3210400";"3,2922900"
"202000030775";"17";"3";"2020";"12:45";"1";"22";"22360";"1";"1";"1";"2";"RN12";"48,4827801";" -2,6905919"
"202000030776";"26";"3";"2020";"12:00";"1";"09";"09122";"1";"1";"3";"1";"ESPAGNE (ROUTE D')";"42,9542520";"1,6235880"
"202000030777";"2";"9";"2020";"16:45";"1";"80";"80021";"2";"1";"1";"5";"ABBEVILLE (RUE D')";"49,9111600";"2,2552100"
"202000030778";"23";"3";"2020";"12:20";"1";"75";"75115";"2";"2";"1";"3";"BOULEVARD PERIPHERIQUE";"48,8326480";"2,2798130"
"202000030779";"2";"9";"2020";"11:20";"1";"80";"80021";"2";"3";"1";"3";"RIOLAN (RUE)";"49,8887700";"2,3165500"
"202000030780";"26";"3";"2020";"15:30";"1";"75";"75114";"2";"2";"1";"3";"RUE DE L OUEST";"48,8367570";"2,3207400"
"202000030781";"4";"9";"2020";"15:40";"1";"79";"79329";"2";"1";"1";"6";"20 Avenue Victor Hugo";"46,9842090";" -0,2118300"
"202000030782";"4";"9";"2020";"23:40";"5";"78";"78551";"2";"1";"1";"7";"PONTOISE (DE)";"48,8998200";"2,0934800"
"202000030783";"2";"9";"2020";"16:20";"1";"78";"78423";"2";"3";"1";"6";"PRES (AVENUE DES)";"48,7752980";"2,0159850"
"202000030784";"26";"3";"2020";"15:25";"1";"75";"75107";"2";"2";"1";"6";"BOULEVARD SAINT GERMAIN";"48,8621800";"2,3196300"
"202000030785";"2";"9";"2020";"22:55";"5";"78";"78172";"2";"2";"1";"3";"DE GAULLE (BD DU GENERAL)";"49,0050790";"2,0935470"
"202000030786";"24";"3";"2020";"15:55";"1";"68";"68196";"2";"1";"1";"6";"5 Rue de l'Ecole";"47,6034870";"7,0548640"
"202000030787";"4";"9";"2020";"20:55";"5";"77";"77118";"2";"1";"1";"7";"MARGUERITES (ALLEE DES)";"48,9383180";"2,6421900"
"202000030788";"27";"3";"2020";"10:00";"1";"72";"72315";"1";"1";"1";"6";"66 Rue de Beaumont";"48,1830390";" -0,1155740"
"202000030789";"4";"9";"2020";"08:35";"1";"77";"77320";"2";"2";"1";"6";"D 934 (SORTIE COULOMMIERS)";"48,8254000";"3,0377000"
"202000030790";"27";"3";"2020";"09:52";"1";"09";"09155";"2";"1";"1";"6";"Lagardelle";"42,7791040";"1,6642210"
"202000030791";"4";"9";"2020";"21:10";"5";"71";"71306";"2";"3";"1";"3";"RESISTANCE (RUE DE LA)";"46,6722338";"4,3807071"
"202000030792";"4";"9";"2020";"07:52";"1";"68";"68066";"2";"1";"1";"6";"LASCH (RUE GEORGES)";"48,0737600";"7,3485200"
"202000030793";"27";"3";"2020";"09:55";"1";"60";"60471";"2";"2";"1";"6";"Rue de l'Evéché";"49,5812120";"3,0008530"
"202000030794";"3";"9";"2020";"14:10";"1";"67";"67365";"2";"1";"1";"3";"RENE CASSIN (ALLEE)";"48,5530492";"7,7117744"
"202000030795";"4";"9";"2020";"15:58";"1";"66";"66136";"2";"1";"1";"6";"BATLLO QUAI FRANCOIS";"42,7021700";"2,8939400"
"202000030796";"26";"2";"2020";"10:23";"1";"28";"28280";"2";"1";"1";"6";"13 Avenue de la République";"48,3191040";"0,8188490"
"202000030797";"3";"9";"2020";"17:48";"1";"66";"66136";"2";"1";"1";"4";"SAINT-ROCH (CHEMIN DE)";"42,6888600";"2,9103100"
"202000030798";"3";"9";"2020";"08:20";"1";"64";"64129";"2";"2";"1";"3";"CHATEAU D'ESTE DU";"43,3072300";" -0,3824600"
"202000030799";"3";"9";"2020";"18:50";"1";"64";"64122";"2";"9";"1";"7";"AVENUE DE LA MILADY";"43,4667450";" -1,5718430"
"202000030800";"4";"9";"2020";"07:40";"1";"63";"63075";"2";"1";"1";"6";"ROYAT (AVENUE DE)";"45,7759500";"3,0690200"
"202000030801";"3";"9";"2020";"12:35";"1";"63";"63113";"2";"5";"1";" -1";"MOREL LADEUIL (RUE)";"45,7737600";"3,0753700"
"202000030802";"3";"9";"2020";"22:00";"5";"61";"61006";"2";"6";"1";"6";"HUGO (BOULEVARD)";"48,7343600";" -0,0217000"
"202000030803";"30";"8";"2020";"00:30";"3";"57";"57606";"1";"1";"1";"1";"ALTMAYER (RUE DES GENERAUX)";"49,1364200";"6,7385400"
"202000030804";"3";"9";"2020";"18:30";"1";"56";"56121";"1";"1";"1";"2";"RD 465 Desserte Portuaire";"47,7475500";" -3,3869400"
"202000030805";"3";"9";"2020";"17:35";"1";"56";"56185";"1";"1";"1";"4";"RN 165";"47,7740300";" -3,3687300"
"202000030806";"4";"9";"2020";"17:45";"1";"54";"54395";"2";"3";"1";"3";"COLLIGNON (Avenue et Pont)";"48,6891300";"6,2012300"
"202000030807";"4";"9";"2020";"13:30";"1";"54";"54395";"2";"3";"1";"3";"BLANDAN (IMPASSE ET RUE DU SGT)";"48,6735986";"6,1714867"
"202000030808";"3";"9";"2020";"11:30";"1";"54";"54395";"2";"3";"1";"3";"MOUILLERON (RUE GABRIEL)";"48,6849401";"6,1753866"
"202000030809";"4";"9";"2020";"07:13";"2";"51";"51454";"2";"1";"1";"3";"Avenue du Président Kennedy";"49,2352106";"4,0078380"
"202000030810";"2";"9";"2020";"14:45";"1";"51";"51454";"2";"3";"1";"2";"Rue du Général Koenig";"49,2266045";"4,0239776"
"202000030811";"4";"9";"2020";"05:30";"5";"50";"50532";"1";"2";"2";"6";"NATIONALE (ANCIENNE ROUTE)";"48,8154000";" -1,5453000"
"202000030812";"3";"9";"2020";"17:43";"1";"49";"49007";"2";"1";"1";"3";"Square Guillaume Barclay";"47,4612400";" -0,6132500"
"202000030813";"2";"9";"2020";"10:45";"1";"49";"49267";"1";"1";"1";"3";"RD 347";"47,4694100";" -0,4470400"
"202000030814";"31";"8";"2020";"21:30";"2";"49";"49246";"2";"1";"1";"6";"BOUTTON AVENUE";"47,4390100";" -0,5064200"
"202000030815";"31";"8";"2020";"16:25";"1";"49";"49007";"2";"1";"1";"3";"SAINT MICHEL BOULEVARD";"47,4736600";" -0,5386500"
"202000030816";"1";"9";"2020";"09:00";"1";"49";"49007";"2";"1";"1";"3";"PARMENTIER";"47,4529500";" -0,5176700"
"202000030817";"1";"9";"2020";"17:10";"1";"49";"49246";"2";"6";"1";"3";"DAVID D'ANGERS";"47,4337100";" -0,5297000"
"202000030818";"2";"9";"2020";"19:40";"1";"49";"49246";"2";"6";"1";"3";"GALLIENI AVENUE";"47,4337300";" -0,5289300"
"202000030819";"3";"9";"2020";"09:47";"1";"47";"47001";"2";"3";"1";"3";"SCALIGER (BOULEVARD)";"44,2067463";"0,6140711"
"202000030820";"4";"9";"2020";"17:40";"1";"45";"45302";"2";"1";"1";"2";"SABLONNIERES (RUE DES)";"47,9350000";"1,8851000"
"202000030821";"4";"9";"2020";"21:14";"5";"45";"45004";"2";"1";"1";"3";"Rue du Gros Moulin";"47,9698200";"2,7720700"
"202000030822";"4";"9";"2020";"19:06";"1";"45";"45004";"2";"1";"1";"2";"ANTIBES (AVENUE D')";"47,9814800";"2,7328800"
"202000030823";"3";"9";"2020";"11:40";"1";"45";"45004";"2";"3";"1";"3";"Rue de Couleuvreux - D906026";"47,9857400";"2,7693800"
"202000030824";"3";"9";"2020";"18:25";"1";"44";"44109";"2";"1";"1";"3";"Rue de Carcouet";"47,2231700";" -1,5729300"
"202000030825";"3";"9";"2020";"17:40";"1";"44";"44109";"2";"1";"1";"6";"Boulevard des Anglais";"47,2284200";" -1,5784500"
"202000030826";"3";"9";"2020";"13:30";"1";"42";"42207";"2";"1";"1";"6";"Avenue de la Libération";"45,4745744";"4,5119059"
"202000030827";"4";"9";"2020";"16:50";"1";"37";"37261";"2";"1";"1";"6";"STENDHAL (AVENUE)";"47,3684514";"0,7083539"
"202000030828";"4";"9";"2020";"08:04";"1";"37";"37261";"2";"1";"1";"6";"ORATOIRE (RUE DE L')";"47,4122391";"0,6980867"
"202000030829";"4";"9";"2020";"18:15";"1";"35";"35238";"2";"1";"1";"5";"HORLOGE (DE L')";"48,1118500";" -1,6802100"
"202000030830";"4";"9";"2020";"14:00";"1";"35";"35238";"1";"1";"1";"2";"PORTE DE LORIENT";"48,1124400";" -1,7186600"
"202000030831";"4";"9";"2020";"14:20";"1";"35";"35238";"2";"1";"1";"7";"BOSPHORE (DU)";"48,0832000";" -1,6770000"
"202000030832";"4";"9";"2020";"00:30";"3";"35";"35278";"1";"1";"1";"6";"ROCADE 13-14";"48,1413300";" -1,6781100"
"202000030833";"4";"9";"2020";"12:00";"1";"34";"34172";"2";"1";"1";"3";"RIMBAUD (RUE PAUL)";"43,6180600";"3,8437000"
"202000030834";"4";"9";"2020";"09:00";"1";"33";"33167";"2";"6";"1";"2";"AVE DU PDT FRANCOIS MITTERRAND / AVE PIERRE MENDES-FRANCE";"44,8430400";" -0,5113600"
"202000030835";"3";"9";"2020";"22:10";"5";"33";"33063";"2";"2";"1";"6";"CRS ARISTIDE BRIAND / PCE DE LA VICTOIRE";"44,8310700";" -0,5735100"
"202000030836";"4";"9";"2020";"04:45";"3";"31";"31555";"2";"1";"1";"6";"BD DES RECOLLETS";"43,5840954";"1,4458019"
"202000030837";"4";"9";"2020";"14:10";"1";"29";"29039";"2";"1";"1";" -1";"Rue Joseph Bigot";"47,8863400";" -3,9144900"
"202000030838";"4";"9";"2020";"21:10";"2";"29";"29019";"2";"1";"1";" -1";"Rue de l'Amiral Nicol";"48,3767284";" -4,5161063"
"202000030839";"4";"9";"2020";"16:25";"1";"29";"29019";"2";"1";"1";"3";"Avenue Victor le Gorgeu";"48,4104641";" -4,5157580"
"202000030840";"4";"9";"2020";"00:55";"5";"29";"29019";"2";"6";"2";"3";"Rond Point de Dun Laoghaire";"48,4020246";" -4,5022970"
"202000030841";"3";"9";"2020";"11:10";"1";"29";"29019";"2";"6";"2";"4";"Rue Franklin Roosevelt";"48,3828826";" -4,4883098"
"202000030842";"4";"9";"2020";"12:20";"1";"27";"27375";"1";"3";"1";"5";"RD6155";"49,2047700";"1,1950600"
"202000030843";"4";"9";"2020";"17:30";"1";"26";"26281";"2";"1";" -1";"6";"FAUBOURG CLERIEUX (RUE)";"45,0443000";"5,0427300"
"202000030844";"4";"9";"2020";"17:40";"1";"17";"17300";"2";"3";"1";"1";"FRERES JOUSSEAUME   RUE DES";"46,1756600";" -1,1507400"
"202000030845";"3";"9";"2020";"17:12";"1";"17";"17300";"2";"2";"7";"3";"VERHAEREN   RUE EMILE";"46,1699000";" -1,1334000"
"202000030846";"4";"9";"2020";"04:40";"5";"16";"16102";"2";"1";"1";"1";"Faubourg Saint Martin";"45,6892090";" -0,3446490"
"202000030847";"4";"9";"2020";"13:45";"1";"13";"13117";"2";"3";"1";"3";"GUIGOU (BOULEVARD PAUL )";"43,4389600";"5,2544300"
"202000030848";"4";"9";"2020";"23:30";"5";"13";"13204";"2";"1";"1";"7";"CHAVE (BOULEVARD)";"43,2961700";"5,4034400"
"202000030849";"4";"9";"2020";"21:40";"4";"13";"13216";"2";"1";"1";"7";"Chemin du Littoral";"43,3526200";"5,3378400"
"202000030850";"4";"9";"2020";"21:05";"5";"13";"13216";"2";"1";"1";"2";"ESTAQUE PLAGE";"43,3603820";"5,2976750"
"202000030851";"4";"9";"2020";"14:40";"1";"13";"13206";"2";"1";"1";"3";"PIERRE PUGET (COURS)";"43,2901625";"5,3750664"
"202000030852";"2";"9";"2020";"12:30";"1";"13";"13213";"2";"1";"1";"3";"OLIVES (AVENUE DES)";"43,3294700";"5,4302400"
"202000030853";"3";"9";"2020";"15:00";"1";"13";"13215";"2";"1";"1";"3";"SAINT LOUIS (AVENUE DE)";"43,3516700";"5,3583700"
"202000030854";"4";"9";"2020";"09:25";"1";"13";"13209";"2";"1";"1";"2";"SCHLOESING (BOULEVARD)";"43,2730710";"5,4006880"
"202000030855";"3";"9";"2020";"23:35";"5";"13";"13202";"2";"1";"1";"7";"DUNKERQUE  (BOULEVARD DE)";"43,3084000";"5,3682000"
"202000030856";"3";"9";"2020";"23:00";"5";"13";"13210";"2";"1";"1";"1";"SCHLOESING (BOULEVARD)";"43,2900000";"5,3600000"
"202000030857";"4";"9";"2020";"12:21";"1";"10";"10387";"2";"3";"1";"6";"MAROTS (RUE DES)";"48,3074800";"4,0446000"
"202000030858";"4";"9";"2020";"08:12";"1";"10";"10081";"2";"1";"1";"6";"ROGER SALENGRO (NATIONALE)";"48,3123400";"4,0499800"
"202000030859";"4";"9";"2020";"10:00";"1";"06";"06069";"2";"1";"1";"7";"SAINT JEAN (CHEMIN, VIEUX CHEMIN ET PLAC";"43,6697790";"6,9507040"
"202000030860";"4";"9";"2020";"18:40";"1";"03";"03190";"2";"9";"1";"6";"Rue de Villars";"46,5603912";"3,3345739"
"202000030861";"4";"9";"2020";"09:30";"1";"01";"01053";"2";"3";"1";"1";"LYON (AVENUE DE - N° PAIRS)";"46,1927839";"5,2131218"
"202000030862";"2";"9";"2020";"17:50";"1";"75";"75113";"2";"1";"1";"2";"PORTE D IVRY";"48,8182630";"2,3694570"
"202000030863";"4";"9";"2020";"17:25";"1";"75";"75112";"2";"4";"1";"3";"ECHANGEUR BERCY";"48,8266640";"2,3903910"
"202000030864";"4";"9";"2020";"19:00";"1";"75";"75120";"2";"2";"1";"6";"RUE DE LAGNY";"48,8490390";"2,4114670"
"202000030865";"4";"9";"2020";"07:12";"1";"75";"75118";"2";"2";"1";"2";"RUE DE LA CHAPELLE";"48,8984960";"2,3590110"
"202000030866";"4";"9";"2020";"20:00";"2";"75";"75117";"2";"3";"1";"6";"RUE GUY MOQUET";"48,8919570";"2,3224710"
"202000030867";"4";"9";"2020";"19:30";"1";"75";"75117";"2";"7";"1";"3";"PLACE DU MARECHAL JUIN";"48,8845860";"2,2976620"
"202000030868";"4";"9";"2020";"16:45";"1";"75";"75116";"2";"5";"1";"4";"AVENUE KLEBER";"48,8650550";"2,2887700"
"202000030869";"4";"9";"2020";"00:35";"4";"75";"75101";"2";"3";"1";"6";"RUE DE RIVOLI";"48,8593900";"2,3456930"
"202000030870";"3";"9";"2020";"21:45";"5";"75";"75116";"2";"2";"1";"3";"AVENUE FOCH";"48,8726800";"2,2845820"
"202000030871";"4";"9";"2020";"14:05";"1";"75";"75115";"2";"7";"1";"3";"RUE DE VAUGIRARD";"48,8395830";"2,3012910"
"202000030872";"4";"9";"2020";"13:59";"1";"75";"75113";"2";"3";"1";"3";"BOULEVARD DE L HOPITAL";"48,8357180";"2,3586350"
"202000030873";"4";"9";"2020";"16:47";"1";"75";"75110";"2";"3";"1";"3";"RUE DE DUNKERQUE";"48,8802390";"2,3536360"
"202000030874";"4";"9";"2020";"11:45";"1";"75";"75109";"2";"3";"1";"6";"RUE HENRY MONNIER";"48,8800100";"2,3373460"
"202000030875";"4";"9";"2020";"15:00";"1";"75";"75107";"2";"3";"1";"3";"BOULEVARD SAINT GERMAIN";"48,8581320";"2,3235120"
"202000030876";"4";"9";"2020";"15:15";"1";"75";"75102";"2";"2";"1";"6";"AVENUE DE L OPERA";"48,8687740";"2,3331310"
"202000030877";"4";"9";"2020";"09:15";"1";"75";"75101";"2";"7";"7";"7";"RUE DE RIVOLI";"48,8624080";"2,3362630"
"202000030878";"4";"9";"2020";"18:42";"1";"94";"94046";"2";"2";"1";"6";"LEON BLUM (AV)";"48,8005900";"2,4351500"
"202000030879";"2";"9";"2020";"09:50";"1";"94";"94041";"2";"2";"1";"3";"JEAN MAZET (R)";"48,8145000";"2,4071000"
"202000030880";"4";"9";"2020";"09:45";"1";"94";"94021";"2";"1";"1";"3";"JEAN MERMOZ (BD)";"48,7726300";"2,3394300"
"202000030881";"4";"9";"2020";"09:05";"1";"94";"94065";"2";"1";"7";"6";"PARAY (CHE DE)";"48,7454620";"2,3475930"
"202000030882";"3";"9";"2020";"18:40";"1";"94";"94028";"1";"4";"1";"3";"ECHAT(RUE DE L')";"48,8012400";"2,4459400"
"202000030883";"4";"9";"2020";"14:30";"1";"94";"94055";"2";"1";"1";"6";"GENERAL DE GAULLE (AV DU)";"48,7863600";"2,5382000"