"Num_Acc";"jour";"mois";"an";"hrmn";"lum";"dep";"com";"agg";"int";"atm";"col";"adr";"lat";"long"
"202000030884";"3";"9";"2020";"15:40";"1";"94";"94019";"2";"1";"1";"3";"LIBERATION (RTE DE LA)";"48,8035000";"2,5372700"
"202000030885";"4";"9";"2020";"15:45";"1";"94";"94017";"2";"1";"1";"6";"HENRI-MARIE LE BOURSICAUD (AV)";"48,8141300";"2,5265400"
"202000030886";"4";"9";"2020";"10:45";"1";"93";"93072";"2";"1";"1";" -1";"AV ARISTIDE BRIAND";"48,9608000";"2,3818000"
"202000030887";"4";"9";"2020";"12:30";"1";"93";"93070";"2";"1";"1";"2";"MICHELET (AVE) : DU 1 AU 103";"48,9131025";"2,3442742"
"202000030888";"4";"9";"2020";"08:30";"1";"93";"93066";"2";"2";"1";"3";"R DU PORT / R MICHELS CHARLES";"48,9359400";"2,3439000"
"202000030889";"3";"9";"2020";"20:14";"2";"93";"93066";"2";"1";"1";"6";"LANGLIER RENAUD";"48,9164641";"2,3554179"
"202000030890";"3";"9";"2020";"13:00";"1";"93";"93066";"2";"1";"1";"3";"WILSON (AVENUE DU PRESIDENT)";"48,9070378";"2,3587633"
"202000030891";"31";"8";"2020";"12:10";"1";"93";"93066";"1";"1";"1";"2";"WILSON (AVENUE DU PRESIDENT)";"48,9229000";"2,3575000"
"202000030892";"4";"9";"2020";"10:20";"1";"93";"93055";"2";"1";"1";"6";"SCANDICCI";"48,8906020";"2,3991876"
"202000030893";"4";"9";"2020";"08:00";"1";"93";"93051";"2";"1";"1";"3";"VICTOR BASCH (AVENUE)";"48,8352165";"2,5637555"
"202000030894";"4";"9";"2020";"15:20";"1";"92";"92075";"2";"1";"1";"6";"MARCEL MARTINIE (AVENUE)";"48,8222500";"2,2918870"
"202000030895";"4";"9";"2020";"22:10";"5";"92";"92050";"2";"2";"1";"3";"CHATOU ROUTE DE";"48,8914957";"2,1775085"
"202000030896";"2";"9";"2020";"10:00";"1";"92";"92050";"2";"4";"1";"2";"PREMIER MAI RUE DU";"48,9167659";"2,2211882"
"202000030897";"1";"9";"2020";"17:40";"1";"92";"92050";"2";"3";"1";"6";"HEROLD BOULEVARD";"48,8882670";"2,2019394"
"202000030898";"4";"9";"2020";"21:00";"3";"92";"92040";"2";"1";"1";"3";"ARISTIDE BRIAND";"48,8213000";"2,2548700"
"202000030899";"4";"9";"2020";"12:12";"1";"92";"92040";"2";"1";"1";"7";"PASTEUR (AVENUE)";"48,8206100";"2,2609000"
"202000030900";"4";"9";"2020";"08:30";"1";"92";"92026";"2";"3";"1";"3";"FAUVELLES ( RUE DES )";"48,9003480";"2,2306511"
"202000030901";"3";"9";"2020";"09:00";"1";"92";"92025";"2";"3";"1";"3";"HENRI BARBUSSE (AV)";"48,9168330";"2,2526910"
"202000030902";"4";"9";"2020";"08:30";"1";"92";"92060";"2";"1";"1";"3";"LA BOURSIDIERE";"48,7746879";"2,2394474"
"202000030903";"4";"9";"2020";"14:30";"1";"92";"92012";"2";"3";"1";"3";"REPUBLIQUE (BOULEVARD DE LA) 5/77BIS - 6";"48,8309111";"2,2579151"
"202000030904";"3";"9";"2020";"11:40";"1";"92";"92014";"2";"2";"7";"6";"MARECHAL JOFFRE (BD DU) (43 A 97 - 58 A";"48,7830846";"2,3152184"
"202000030905";"31";"8";"2020";"13:55";"1";"974";"97415";"2";"3";"1";"3";"18 Rue des Filaos";" -21,0151310";"55,2608280"
"202000030906";"5";"9";"2020";"08:30";"1";"974";"97422";"2";"1";"3";"6";"70 Chemin Epidor Hoareau";" -21,2502740";"55,5056940"
"202000030907";"4";"9";"2020";"16:00";"1";"62";"62038";"2";"1";"1";"1";"Route des Pélerins";"50,8662520";"2,0026230"
"202000030908";"4";"9";"2020";"19:00";"2";"63";"63264";"1";"1";"1";"7";"D983";"45,6395480";"2,8447080"
"202000030909";"5";"8";"2020";"17:00";"1";"12";"12096";"2";"1";"1";"6";"Chemin des Petits Arbres";"44,5228710";"2,7678300"
"202000030910";"4";"9";"2020";"22:50";"3";"22";"22246";"1";"3";"1";"7";"nationale 12";"48,4774969";" -2,6160484"
"202000030911";"5";"8";"2020";"14:45";"1";"37";"37141";"1";"1";"1";"6";"N/A";"47,2891448";"1,0366250"
"202000030912";"4";"9";"2020";"18:00";"1";"62";"62361";"2";"1";"1";"6";"Rue de la Blanchisserie";"50,2783520";"2,2861390"
"202000030913";"4";"9";"2020";"21:50";"5";"62";"62124";"2";"1";"1";"1";"Route Nationale";"50,4907400";"1,7274770"
"202000030914";"4";"9";"2020";"23:00";"3";"56";"56232";"1";"1";"1";"6";"Clos Mort";"47,6796630";" -2,1374850"
"202000030915";"4";"9";"2020";"17:45";"1";"74";"74225";"2";"1";"1";" -1";"Rue du Bouchet";"45,8687810";"5,9357740"
"202000030916";"4";"9";"2020";"21:05";"3";"82";"82087";"2";"1";"1";"6";"2 place Cote Saint Georges";"44,1251207";"1,2412332"
"202000030917";"4";"9";"2020";"17:20";"1";"33";"33395";"2";"1";"1";"1";"Cos Sud";"45,2305700";" -0,7772480"
"202000030918";"4";"9";"2020";"22:50";"3";"81";"81288";"1";"1";"1";"7";"D151";"43,4428290";"2,0407130"
"202000030919";"4";"9";"2020";"19:35";"1";"11";"11165";"1";"1";"1";"7";"D117";"42,8733275";"2,1584165"
"202000030920";"5";"9";"2020";"12:10";"1";"11";"11007";"1";"1";"1";"7";"RD 613 PK 57";"42,9436570";"2,4347510"
"202000030921";"3";"9";"2020";"16:40";"1";"63";"63072";"1";"1";"1";"6";"D2089";"45,8735770";"3,7076070"
"202000030922";"6";"8";"2020";"07:30";"1";"61";"61507";"1";"1";"1";"1";"La Gastine";"48,5502400";"0,5834390"
"202000030923";"1";"9";"2020";"15:00";"1";"61";"61486";"1";"1";"1";"3";"RD 924";"48,7700860";" -0,7070210"
"202000030924";"3";"9";"2020";"14:30";"1";"55";"55148";"1";"1";"1";"2";"D960";"48,5562160";"5,5150510"
"202000030925";"24";"8";"2020";"08:10";"1";"12";"12299";"2";"3";"1";"7";"3 Avenue du Levezou";"44,0879110";"2,7043910"
"202000030926";"4";"9";"2020";"17:10";"1";"42";"42092";"1";"1";"1";"7";"Route des Brossettes";"45,4984810";"4,3836310"
"202000030927";"5";"8";"2020";"09:25";"1";"41";"41152";"1";"2";"7";"3";"intersection D923/D13";"47,5428500";"1,6637620"
"202000030928";"5";"9";"2020";"09:00";"1";"68";"68201";"1";"3";"1";"3";"D110";"47,7498820";"7,0010110"
"202000030929";"6";"8";"2020";"10:30";"1";"25";"25332";"1";"3";"1";"3";" Intersection RD246 et 67 PR 29+600";"47,2077580";"6,1008240"
"202000030930";"4";"9";"2020";"03:45";"3";"35";"35117";"1";"1";"1";"6";"D166";"48,1387790";" -2,2235610"
"202000030931";"4";"9";"2020";"16:15";"1";"29";"29284";"2";"9";"1";"6";"2 Avenue du Port";"47,7935790";" -4,2788110"
"202000030932";"5";"9";"2020";"11:43";"1";"01";"01373";"2";"3";"1";"3";"51 Grande Rue";"46,1390770";"5,5530520"
"202000030933";"5";"9";"2020";"17:45";"1";"26";"26208";"1";"1";"1";"1";"110 Chemin de Mirabel";"44,7784990";"4,9456070"
"202000030934";"5";"9";"2020";"17:00";"1";"66";"66009";"2";"4";"1";"3";"Arles-sur-tech";"42,4621250";"2,6377700"
"202000030935";"1";"9";"2020";"11:15";"1";"06";"06163";"2";"1";"1";"6";"Route de la PIA";"44,0952600";"7,6058010"
"202000030936";"5";"9";"2020";"11:40";"1";"50";"50270";"1";"1";"1";"2";"Le Gibet";"49,4936390";" -1,4649340"
"202000030937";"4";"9";"2020";"07:48";"1";"10";"10395";"2";"2";"1";"3";"5 Route d'Ervy";"48,0235650";"4,0067750"
"202000030938";"5";"8";"2020";"11:10";"1";"16";"16106";"2";"6";"1";"7";"Lieu dit Serres";"46,0034750";"0,6737280"
"202000030939";"4";"9";"2020";"17:45";"1";"07";"07199";"2";"1";"1";"6";"D104";"44,4842100";"4,2585220"
"202000030940";"5";"9";"2020";"10:00";"1";"40";"40142";"1";"1";"1";"2";"Route de Taller";"43,8580260";" -1,0037740"
"202000030941";"5";"9";"2020";"05:50";"5";"24";"24291";"1";"1";"1";"7";"route de sarlat";"45,0640700";"1,1771460"
"202000030942";"4";"9";"2020";"16:29";"1";"87";"87111";"2";"1";"1";"6";"Rue René Lathière";"45,7327410";"0,8639020"
"202000030943";"5";"9";"2020";"11:20";"1";"37";"37028";"1";"2";"1";"3";"N/A";"46,7936811";"0,9604306"
"202000030944";"4";"9";"2020";"20:30";"2";"37";"37045";"1";"2";"1";"7";"N/A";"47,0102923";"0,6313116"
"202000030945";"3";"9";"2020";"11:40";"1";"24";"24289";"1";"2";"1";"3";"D936";"44,8527120";"0,0476150"
"202000030946";"5";"9";"2020";"10:40";"1";"38";"38339";"1";"1";"1";"5";"Route de Turitin";"45,5975850";"5,1652910"
"202000030947";"5";"9";"2020";"02:20";"3";"33";"33199";"1";"6";"1";"6";"A660 ROND POINT DE LA HUME PK22.000";"44,6160270";" -1,1020120"
"202000030948";"29";"8";"2020";"16:20";"1";"06";"06088";"1";"1";"3";"2";"A8 PK 186+000 SUD";"43,6696120";"7,2011220"
"202000030949";"4";"9";"2020";"13:00";"1";"06";"06104";"1";"1";"1";"6";"A8 pk 214+000 sud";"43,7579100";"7,4439190"
"202000030950";"31";"8";"2020";"17:22";"1";"06";"06149";"1";"1";"1";"2";"A8 PK 202+800 NORD";"43,7358290";"7,3197910"
"202000030951";"5";"9";"2020";"14:50";"1";"51";"51572";"1";"1";"8";"7";"A4";"49,0392387";"4,6341557"
"202000030952";"5";"9";"2020";"14:20";"1";"45";"45012";"1";"1";"1";"7";"D20-PR 29 + 500";"48,2733500";"2,2320380"
"202000030953";"4";"9";"2020";"20:00";"2";"77";"77219";"1";"3";"7";"1";"D216";"48,7963200";"2,9608150"
"202000030954";"5";"9";"2020";"06:20";"3";"95";"95492";"1";"1";"2";"7";"RD10";"49,0310030";"2,4246950"
"202000030955";"5";"9";"2020";"03:00";"3";"2B";"2B079";"2";"1";"1";"6";"D15a";"42,4822450";"9,2817150"
"202000030956";"5";"9";"2020";"09:20";"1";"34";"34154";"1";"1";"1";"2";"D189";"43,6034550";"3,9625110"
"202000030957";"4";"9";"2020";"08:20";"1";"71";"71090";"1";"2";"1";"5";"Route de Julienas";"46,2238570";"4,7455120"
"202000030958";"4";"9";"2020";"00:30";"4";"57";"57724";"2";"1";"1";"6";"Rue du Docteur Pierre Maurin";"49,2648080";"6,1074010"
"202000030959";"4";"9";"2020";"21:10";"3";"57";"57561";"1";"1";"1";"7";"D35";"49,0074460";"7,2336390"
"202000030960";"4";"9";"2020";"07:45";"1";"38";"38110";"1";"1";"1";"7";"Route de Communay";"45,5878100";"4,8680590"
"202000030961";"2";"9";"2020";"12:40";"1";"69";"69243";"2";"1";"1";"6";"34 boulevard voltaire";"45,8938540";"4,4359980"
"202000030962";"5";"9";"2020";"13:50";"1";"17";"17099";"1";"1";"1";"6";"D157";"45,2352880";" -0,3276590"
"202000030963";"4";"9";"2020";"19:45";"1";"85";"85083";"1";"1";"1";"5";"D948";"46,9816500";" -2,2466800"
"202000030964";"5";"8";"2020";"17:25";"1";"49";"49299";"1";"1";"1";"7";"D63";"47,0936130";" -0,9220900"
"202000030965";"1";"9";"2020";"20:15";"1";"44";"44052";"2";"1";"1";"2";"31 rue Armand de Gramont";"47,3299600";" -2,0805200"
"202000030966";"5";"9";"2020";"16:10";"1";"50";"50041";"2";"1";"1";"3";"D318";"49,6459440";" -1,8504670"
"202000030967";"2";"9";"2020";"09:05";"1";"22";"22343";"2";"6";"1";"3";"Rue de Lan Ar Cleis";"48,7689335";" -3,5635727"
"202000030968";"4";"9";"2020";"16:00";"1";"59";"59500";"1";"1";"1";"3";"D89";"50,0985570";"3,1313560"
"202000030969";"4";"9";"2020";"18:50";"2";"13";"13215";"1";"1";"1";"7";"A7-Sens Lyon vers Marseille";"43,3519820";"5,3662530"
"202000030970";"4";"9";"2020";"14:46";"1";"13";"13055";"1";"1";"1";"4";"A507 sens Marseille - Aubagne";"43,3013000";"5,4244000"
"202000030971";"4";"9";"2020";"10:47";"1";"13";"13055";"1";"1";"1";"2";"A507 sens Aubagne- Marseille";"43,3064000";"5,4253000"
"202000030972";"9";"7";"2020";"09:45";"1";"13";"13071";"1";"1";"1";"3";"A7-Sens Lyon vers Marseille";"43,4082350";"5,2874370"
"202000030973";"4";"9";"2020";"16:20";"1";"69";"69266";"1";"1";"1";"2";"RD383   1.893 A 2.321";"45,7870800";"4,8879300"
"202000030974";"3";"9";"2020";"18:45";"1";"54";"54115";"1";"1";"1";"3";"A 31";"48,6944000";"6,1037000"
"202000030975";"4";"9";"2020";"15:30";"1";"33";"33192";"1";"1";"1";"2";"ROCADE A 630";"44,7898000";" -0,6134800"
"202000030976";"3";"9";"2020";"21:50";"2";"59";"59403";"1";"1";"1";"2";"AUTOROUTE A23";"50,4312270";"3,3808550"
"202000030977";"4";"9";"2020";"16:58";"1";"92";"92019";"1";"1";"1";"3";"RN 385 Extèrieure";"48,7607000";"2,2529500"
"202000030978";"4";"9";"2020";"08:20";"1";"94";"94037";"1";"1";"1";"7";"AUTOROUTE A6B";"48,8161000";"2,3567000"
"202000030979";"4";"9";"2020";"08:25";"1";"78";"78423";"1";"1";"1";"4";"RN12";"48,7955110";"2,0457370"
"202000030980";"23";"5";"2020";"17:10";"1";"36";"36081";"1";"2";"1";"3";"Bord";"46,5030380";"1,6008930"
"202000030981";"1";"11";"2020";"20:20";"5";"988";"98818";"2";"3";"1";"2";"ROUTE DE L'ANSE VATA/RUE THOMY CELIERES";" -22,2961300";"166,4451900"
"202000030982";"1";"11";"2020";"17:30";"1";"988";"98818";"2";"3";"1";"3";"RUE JACQUES IEKAWE/RUE ULM";" -22,2364400";"166,4753800"
"202000030983";"31";"10";"2020";"11:35";"1";"974";"97411";"2";"1";"1";"6";"Avenue Leconte de Lisle";" -20,8909300";"55,4805900"
"202000030984";"31";"10";"2020";"03:10";"5";"973";"97302";"2";"1";"1";"6";"PREVOT (ERNEST)";"4,9337266";" -52,3329931"
"202000030985";"30";"10";"2020";"16:25";"1";"91";"91216";"2";"1";"1";"7";"CD 257";"48,6732000";"2,3352700"
"202000030986";"1";"11";"2020";"13:35";"1";"91";"91421";"1";"1";"1";"7";"NATIONALE 6 (GLACIERE)";"48,7140400";"2,4424300"
"202000030987";"1";"11";"2020";"00:15";"5";"83";"83137";"2";"1";"1";"6";"FORGENTIER (CHEMIN DE)";"43,1363370";"5,8987380"
"202000030988";"1";"11";"2020";"18:22";"5";"69";"69256";"2";"3";"1";"6";"HENRI BARBUSSE                      (AV)";"45,7845212";"4,9169491"
"202000030989";"1";"11";"2020";"16:30";"1";"69";"69264";"2";"6";"1";"6";"BURDEAU   BD ( HORS GEANT CASINO)";"45,9978800";"4,7340900"
"202000030990";"1";"11";"2020";"22:10";"5";"59";"59599";"2";"2";"2";"3";"FOREST (CHAUSSEE FERNAND)";"50,7363480";"3,1496680"
"202000030991";"1";"11";"2020";"01:50";"5";"34";"34172";"2";"2";"1";"6";"JUSTICE DE CASTELNAU (AVENUE DE LA)";"43,6255300";"3,8794900"
"202000030992";"22";"10";"2020";"09:30";"1";"13";"13103";"2";"3";"1";"6";"AVENUE BLUM - LEON";"43,6362149";"5,1031226"
"202000030993";"1";"11";"2020";"20:00";"5";"13";"13211";"2";"1";"1";"6";"SAINT MENET (MONTEE)";"43,2908250";"5,4929830"
"202000030994";"1";"11";"2020";"18:25";"2";"13";"13211";"2";"1";"1";"6";"SAINT LOUP (BOULEVARD DE)";"43,2824900";"5,4320800"
"202000030995";"1";"11";"2020";"16:15";"1";"13";"13001";"1";"3";"1";"2";"RD 543";"43,5146400";"5,3510200"
"202000030996";"1";"11";"2020";"17:40";"2";"06";"06088";"2";"1";"1";"6";"ARSON (RUE)";"43,7029700";"7,2881300"
"202000030997";"1";"11";"2020";"21:00";"5";"75";"75110";"2";"1";"2";"6";"BOULEVARD DE LA VILLETTE";"48,8744490";"2,3744030"
"202000030998";"1";"11";"2020";"15:00";"1";"75";"75117";"2";"7";"1";"3";"PLACE PAUL LEAUTAUD";"48,8872030";"2,2975130"
"202000030999";"1";"11";"2020";"12:05";"1";"75";"75117";"2";"7";"2";"7";"BOULEVARD DES BATIGNOLLES";"48,8835010";"2,3267250"
"202000031000";"1";"11";"2020";"17:02";"2";"75";"75114";"2";"2";"2";"5";"BOULEVARD ROMAIN ROLLAND";"48,8198590";"2,3255080"
"202000031001";"1";"11";"2020";"17:15";"1";"75";"75113";"2";"4";"2";"2";"ECHANGEUR GENTILLY";"48,8168190";"2,3441250"
"202000031002";"1";"11";"2020";"13:50";"1";"94";"94076";"2";"1";"2";"2";"PARIS (AV DE)";"48,8039400";"2,3642200"
"202000031003";"1";"11";"2020";"21:00";"5";"93";"93077";"2";"1";"2";"6";"RAINCY (AVENUE DU)";"48,8876700";"2,5097800"
"202000031004";"1";"11";"2020";"19:27";"3";"93";"93062";"2";"1";"2";"4";"RESISTANCE (AVENUE DE LA)";"48,8974200";"2,5158000"
"202000031005";"31";"10";"2020";"22:25";"5";"93";"93077";"2";"5";"2";"4";"NEUILLY (RUE DE)";"48,8789697";"2,5161740"
"202000031006";"1";"11";"2020";"20:20";"5";"93";"93027";"2";"2";"2";"3";"VAILLANT-COUTURIER (AVENUE PAUL)";"48,9248100";"2,4150800"
"202000031007";"1";"11";"2020";"05:35";"3";"93";"93010";"2";"1";"2";"6";"FRANCE (AV. ANATOLE) DE 79 ET 80 A FIN";"48,8914576";"2,4966044"
"202000031008";"1";"11";"2020";"18:10";"3";"93";"93005";"2";"1";"2";"2";"EUROPE (CARREFOUR DE L')";"48,9514157";"2,4813562"
"202000031009";"1";"11";"2020";"18:20";"4";"92";"92072";"2";"1";"2";"6";"SAINT CLOUD (RUE DE)";"48,8341400";"2,2222700"
"202000031010";"1";"11";"2020";"14:00";"1";"92";"92024";"2";"1";"1";"2";"GUSTAVE EIFFEL (RUE)";"48,9030800";"2,2919400"
"202000031011";"1";"11";"2020";"15:40";"1";"92";"92060";"2";"4";"8";"3";"ALLIES (PLACE DES)";"48,7745339";"2,2579761"
"202000031012";"2";"11";"2020";"12:45";"1";"08";"08144";"1";"1";"1";"1";"D30";"49,5062490";"4,4343270"
"202000031013";"18";"10";"2020";"13:00";"1";"51";"51097";"1";"1";"1";"7";"D79";"49,0838854";"4,5386218"
"202000031014";"31";"10";"2020";"02:00";"3";"84";"84027";"1";"1";"1";"6";"D237";"44,0920470";"4,7625840"
"202000031015";"2";"11";"2020";"18:30";"2";"44";"44072";"1";"1";"1";"2";"RN165 - PR63+450";"47,4976910";" -2,2552870"
"202000031016";"1";"11";"2020";"18:30";"3";"58";"58215";"1";"9";"1";"6";"A77";"47,2801320";"2,9723600"
"202000031017";"1";"11";"2020";"18:30";"3";"59";"59094";"1";"1";"2";"7";"cd 11route de looberghe";"50,9260040";"2,2401380"
"202000031018";"30";"10";"2020";"21:40";"3";"67";"67025";"1";"1";"1";"6";"Route du Rhin";"48,8502020";"8,1030550"
"202000031019";"1";"11";"2020";"07:30";"2";"2A";"2A271";"2";"1";"1";"6";"Les Terrasses du Parc";"41,9518940";"8,7916800"
"202000031020";"2";"11";"2020";"17:02";"1";"71";"71225";"1";"1";"1";"1";"D977";"46,7249105";"4,7698907"
"202000031021";"25";"10";"2020";"18:15";"3";"47";"47004";"1";"1";"3";"1";"Padouen";"44,2785390";"0,3344130"
"202000031022";"1";"11";"2020";"17:30";"2";"38";"38055";"1";"1";"1";"6";"Route de Morestel";"45,6899100";"5,5206500"
"202000031023";"2";"11";"2020";"05:25";"3";"14";"14456";"2";"1";"1";"6";"20 Route de Paris";"49,1169760";" -0,1679280"
"202000031024";"2";"11";"2020";"15:00";"1";"14";"14639";"1";"1";"1";"7";"RD50 - Route du Coupe Gorge";"49,1388070";"0,1017520"
"202000031025";"29";"10";"2020";"16:35";"1";"973";"97306";"1";"1";"1";"3";"Rue Soeur Madeleine Dauphin";"5,5963820";" -53,8175580"
"202000031026";"1";"11";"2020";"18:50";"3";"973";"97305";"1";"1";"3";"2";"N1";"4,9164310";" -52,3768370"
"202000031027";"2";"11";"2020";"16:00";"1";"68";"68163";"2";"1";"1";"7";"Rue de l''Europe";"47,6728290";"7,4984480"
"202000031028";"28";"10";"2020";"18:53";"3";"46";"46323";"1";"1";"8";" -1";"A20";"44,6030150";"1,5036170"
"202000031029";"1";"11";"2020";"22:40";"5";"60";"60103";"2";"1";"2";"6";"40 Rue de la Chaussée";"49,4060800";"2,2531470"
"202000031030";"29";"10";"2020";"17:50";"3";"59";"59087";"1";"2";"2";"3";"Rue de la Chapelle";"50,6646380";"2,4381550"
"202000031031";"30";"10";"2020";"12:31";"1";"13";"13070";"1";"1";"1";"3";"A50-Sens Aubagne vers Marseille";"43,2894183";"5,4941466"
"202000031032";"30";"10";"2020";"05:57";"3";"67";"67365";"1";"1";"1";"3";"Autoroute A.35";"48,5345000";"7,7009100"
"202000031033";"1";"11";"2020";"19:50";"3";"93";"93053";"1";"1";"2";"6";"AUTOROUTE A86";"48,9006600";"2,4625400"
"202000031034";"30";"10";"2020";"16:30";"1";"94";"94028";"1";"1";"1";"7";"A86 EXT";"48,8016000";"2,4477000"
"202000031035";"30";"10";"2020";"18:40";"5";"974";"97411";"2";"1";"1";"7";"FERRY (RUE JULES)";" -20,8932600";"55,4642100"
"202000031036";"31";"10";"2020";"19:30";"5";"973";"97302";"2";"1";"2";"1";"MONTABO (ROUTE DE) 3";"4,9430200";" -52,3062100"
"202000031037";"31";"10";"2020";"14:06";"1";"69";"69259";"2";"3";"1";"3";"GABRIEL PERI                        (R )";"45,7054000";"4,8674300"
"202000031038";"30";"10";"2020";"20:05";"4";"972";"97213";"2";"1";"1";"2";"AUTOROUTE A1";"14,6188419";" -61,0138607"
"202000031039";"31";"10";"2020";"16:00";"1";"69";"69256";"2";"3";"1";"3";"CUZIN                               (R )";"45,7744600";"4,9154300"
"202000031040";"31";"10";"2020";"21:20";"5";"59";"59339";"2";"2";"2";"3";"WATTRELOS (RUE DE)";"50,6879140";"3,2369310"
"202000031041";"28";"10";"2020";"22:25";"5";"59";"59350";"2";"1";"1";"3";"LIBERTE BVD N°2 - 90-51 - 145";"50,6322144";"3,0608290"
"202000031042";"31";"10";"2020";"02:55";"4";"45";"45169";"2";"1";"1";"6";"255 Route Nationale";"47,9330000";"1,8320000"
"202000031043";"31";"10";"2020";"19:48";"3";"45";"45208";"2";"2";"1";"3";"D943 PR 0 + 455";"48,0036700";"2,7419100"
"202000031044";"31";"10";"2020";"16:30";"1";"45";"45004";"2";"6";"1";"2";"Avenue d’Antibes";"47,9783529";"2,7336090"
"202000031045";"30";"10";"2020";"08:05";"1";"42";"42305";"2";"2";"1";"6";"Rue Victor Hugo";"45,4811400";"4,4347600"
"202000031046";"31";"10";"2020";"15:30";"1";"37";"37122";"2";"3";"8";"3";"PLACIER (IMPASSE DU)";"47,3629982";"0,6741450"
"202000031047";"31";"10";"2020";"20:35";"5";"35";"35238";"2";"2";"8";"1";"VERN (DE)";"48,0910700";" -1,6454100"
"202000031048";"31";"10";"2020";"16:00";"1";"35";"35238";"1";"1";"8";"6";"Porte de Villejean";"48,1242800";" -1,7185000"
"202000031049";"31";"10";"2020";"18:50";"5";"30";"30189";"2";"1";"1";"2";"ALLENDE SALVADOR (RUE)";"43,8196600";"4,3565000"
"202000031050";"31";"10";"2020";"19:05";"5";"14";"14118";"2";"2";"2";"3";"PIGACIERE (RUE DE LA)";"49,1882100";" -0,3597800"
"202000031051";"31";"10";"2020";"12:58";"1";"14";"14341";"1";"1";"1";"1";"Route Nationale 158";"49,1394000";" -0,3354000"
"202000031052";"31";"10";"2020";"13:07";"1";"13";"13212";"2";"2";"1";"3";"COMTESSE (BOULEVARD DE LA)";"43,3151537";"5,4474280"
"202000031053";"31";"10";"2020";"14:56";"1";"13";"13211";"2";"1";"1";"7";"DE LA SOLITUDE (TRAVERSE)";"43,2807500";"5,5044400"
"202000031054";"29";"10";"2020";"12:10";"1";"13";"13004";"2";"4";"1";"3";"AV PRESIDENT SALVADOR ALLENDE";"43,6703822";"4,6179277"
"202000031055";"31";"10";"2020";"20:45";"5";"75";"75110";"2";"3";"2";"1";"RUE DU FAUBOURG SAINT MARTIN";"48,8804050";"2,3642920"
"202000031056";"31";"10";"2020";"16:30";"1";"75";"75110";"2";"2";"2";"6";"BOULEVARD DE LA CHAPELLE";"48,8843080";"2,3615170"
"202000031057";"29";"10";"2020";"10:40";"1";"75";"75102";"2";"7";"1";"3";"PLACE DE LA BOURSE";"48,8694690";"2,3422960"
"202000031058";"31";"10";"2020";"10:50";"1";"94";"94046";"2";"3";"1";"6";"REPUBLIQUE (AV DE LA)";"48,8043080";"2,4373810"
"202000031059";"29";"10";"2020";"16:40";"1";"94";"94016";"2";"9";"1";"6";"63 Avenue du Président Wilson";"48,7887200";"2,3247300"
"202000031060";"31";"10";"2020";"17:15";"2";"93";"93007";"2";"1";"2";"1";"CHARLES FLOQUET (AVENUE)";"48,9404800";"2,4509100"
"202000031061";"31";"10";"2020";"05:45";"5";"93";"93007";"2";"1";"1";"6";"8 MAI 45 (AVENUE DU 1 AU 182)";"48,9484481";"2,4374180"
"202000031062";"31";"10";"2020";"11:30";"1";"92";"92077";"2";"1";"1";"1";"MARNES (RUE DE)";"48,8278486";"2,1843045"
"202000031063";"31";"10";"2020";"18:45";"5";"92";"92049";"2";"1";"2";"3";"BRIAND AVENUE ARISTIDE AUTRES N°";"48,8184496";"2,3256717"
"202000031064";"1";"11";"2020";"17:30";"1";"974";"97415";"2";"2";"1";"3";"Chaussée Royale";" -21,0119309";"55,2724904"
"202000031065";"1";"11";"2020";"02:30";"3";"83";"83072";"1";"1";"1";"7";"Route des Miquelets";"43,4850300";"6,2880370"
"202000031066";"1";"11";"2020";"15:53";"1";"25";"25388";"2";"1";"2";"1";"D136";"47,5247940";"6,8117590"
"202000031067";"1";"11";"2020";"08:00";"2";"30";"30151";"1";"1";"8";"7";"Route departentale 6";"44,1317100";"4,4102380"
"202000031068";"1";"11";"2020";"11:45";"1";"65";"65436";"1";"1";"1";"3";"1 Route de Coussan";"43,2409210";"0,1744460"
"202000031069";"31";"10";"2020";"16:20";"1";"65";"65392";"1";"1";"1";"7";"D18";"43,1528980";"0,0756920"
"202000031070";"21";"10";"2020";"13:00";"1";"33";"33140";"2";"1";"1";"6";"24 Boulevard Victor Hugo";"44,7750500";" -0,3461100"
"202000031071";"1";"11";"2020";"00:30";"5";"89";"89439";"2";"1";"1";"6";"35 Rue Bernard Liège";"47,9708470";"3,7108630"
"202000031072";"1";"11";"2020";"02:00";"4";"63";"63423";"2";"1";"1";"6";"Route d'Isserteaux";"45,6020561";"3,4071769"
"202000031073";"1";"11";"2020";"05:00";"5";"65";"65230";"2";"1";"1";"6";"Route de Loures";"43,0169610";"0,5997330"
"202000031074";"1";"11";"2020";"15:15";"1";"54";"54047";"2";"8";"2";"7";"5 Rue du Chanois";"48,5417811";"5,8452952"
"202000031075";"1";"11";"2020";"13:50";"1";"60";"60390";"1";"2";"2";"3";"D9";"49,5392550";"2,1568290"
"202000031076";"29";"10";"2020";"12:09";"1";"73";"73103";"1";"2";"1";"3";"214 Chemin de la Boisiere";"45,6568000";"5,9118030"
"202000031077";"25";"10";"2020";"18:55";"3";"07";"07035";"1";"1";"1";"6";"D533";"44,9434780";"4,7003990"