"Num_Acc";"jour";"mois";"an";"hrmn";"lum";"dep";"com";"agg";"int";"atm";"col";"adr";"lat";"long"
"202000031078";"29";"10";"2020";"16:55";"1";"87";"87032";"2";"1";"2";"3";"36 Avenue Jean Jaures";"45,6582370";"0,9834857"
"202000031079";"31";"10";"2020";"19:45";"3";"31";"31181";"1";"1";"1";"3";"68 Chemin Roucade";"43,4118440";"1,2959580"
"202000031080";"30";"10";"2020";"21:15";"3";"987";"98745";"2";"1";"1";"3";"Tapuamu";" -16,6190993";" -151,5437579"
"202000031081";"1";"11";"2020";"18:20";"2";"974";"97408";"2";"3";"1";"1";"Rue Ho Chi Minh";" -20,9656520";"55,3407530"
"202000031082";"31";"10";"2020";"09:36";"1";"77";"77001";"1";"1";"7";"1";"D63";"48,3488910";"2,5831170"
"202000031083";"30";"10";"2020";"19:40";"5";"83";"83071";"1";"9";"1";"6";"D98";"43,1465620";"6,2571050"
"202000031084";"1";"11";"2020";"13:28";"1";"89";"89080";"1";"1";"8";"6";"BRETELLE AUTOROUTE A 19 B5 B";"48,2715970";"3,2902340"
"202000031085";"1";"11";"2020";"00:10";"3";"38";"38071";"1";"1";"1";"6";"Chemin de Font Fraiche";"45,0681600";"5,7287200"
"202000031086";"31";"10";"2020";"18:28";"2";"33";"33339";"2";"1";"1";"6";"3 Chemin de la Croix Blanche";"45,0374730";" -0,5031590"
"202000031087";"31";"10";"2020";"22:20";"3";"60";"60141";"2";"1";"1";"6";"18 Rue de Creil";"49,1948200";"2,4655530"
"202000031088";"30";"10";"2020";"14:00";"1";"13";"13214";"1";"1";"1";"2";"A7-Sens Marseille vers Lyon";"43,3209000";"5,3779000"
"202000031089";"26";"10";"2020";"10:25";"1";"01";"01049";"1";"1";"2";"6";"A432N 11.118 A 12.100";"45,8310900";"5,0269900"
"202000031090";"31";"10";"2020";"15:45";"1";"93";"93027";"1";"1";"1";"2";"AUTOROUTE A86";"48,9261500";"2,4193000"
"202000031091";"30";"10";"2020";"17:25";"2";"92";"92036";"1";"1";"1";"3";"AUTOROUTE A86";"48,9390318";"2,3061204"
"202000031092";"30";"10";"2020";"12:15";"1";"93";"93064";"1";"1";"1";"3";"AUTOROUTE A3";"48,8856100";"2,4722000"
"202000031093";"30";"10";"2020";"07:30";"2";"94";"94073";"1";"1";"1";"4";"A86 EXT";"48,7559300";"2,3833400"
"202000031094";"31";"10";"2020";"02:00";"5";"988";"98818";"2";"2";"1";"3";"ROUTE DE L'ANSE VATA/RUE EDOUARD GLASSER";" -22,2925900";"166,4472600"
"202000031095";"30";"10";"2020";"11:50";"1";"974";"97411";"2";"1";"1";"6";"BRASSENS (AVENUE GEORGES)";" -20,9047000";"55,4832800"
"202000031096";"30";"10";"2020";"15:07";"1";"69";"69388";"2";"2";"1";"6";"PAUL CAZENEUVE                      (R )";"45,7339247";"4,8627517"
"202000031097";"28";"10";"2020";"18:05";"5";"69";"69259";"2";"1";"1";"2";"OSCHATZ (D')                        (AV)";"45,6963500";"4,8833100"
"202000031098";"29";"10";"2020";"15:05";"1";"69";"69383";"2";"1";"1";"3";"FELIX FAURE                         (AV)";"45,7552700";"4,8727200"
"202000031099";"29";"10";"2020";"20:10";"5";"91";"91657";"2";"9";"2";"3";"RUE FREDERIC JOLIOT CURIE";"48,7031710";"2,4199290"
"202000031100";"6";"10";"2020";"16:50";"1";"91";"91174";"2";"1";"1";"3";"RUE D ANGOULEME";"48,6009600";"2,4634100"
"202000031101";"29";"10";"2020";"17:33";"1";"87";"87085";"1";"1";"2";"4";"AUTOROUTE A20";"45,8618500";"1,2867200"
"202000031102";"29";"10";"2020";"12:10";"1";"80";"80021";"2";"1";"1";"6";"JEAN JAURES (RUE)";"49,8995500";"2,2838500"
"202000031103";"29";"10";"2020";"16:55";"1";"77";"77296";"2";"1";"1";"3";"RD 57";"48,6298591";"2,5728276"
"202000031104";"8";"10";"2020";"21:45";"5";"77";"77445";"1";"2";"1";"3";"ROUTOIRES (AVENUE DES)";"48,5901037";"2,5920469"
"202000031105";"29";"10";"2020";"18:20";"3";"76";"76540";"2";"1";"1";"6";"GAMBETTA. BOULEVARD";"49,4378700";"1,1054600"
"202000031106";"29";"10";"2020";"18:50";"1";"76";"76305";"2";"1";"1";"6";"CAMP PHILIP MORIS (RUE)";"49,5093100";"0,2288400"
"202000031107";"29";"10";"2020";"10:05";"1";"71";"71306";"2";"1";"1";"2";"ANATOLE FRANCE (RUE)";"46,6887231";"4,3490472"
"202000031108";"28";"10";"2020";"18:20";"1";"66";"66136";"2";"1";"1";"2";"ARGELES SUR MER AVENUE D'";"42,6816300";"2,9116100"
"202000031109";"26";"10";"2020";"21:35";"3";"66";"66136";"1";"1";"1";"2";"Départementale  617";"42,7121700";"2,9581200"
"202000031110";"29";"10";"2020";"11:00";"1";"64";"64335";"1";"1";"1";"2";"ARROUMBEGAS DES";"43,3426006";" -0,4128993"
"202000031111";"29";"10";"2020";"08:40";"2";"64";"64125";"2";"6";"1";"3";"RUE LORE LANDA";"43,4455000";" -1,5451500"
"202000031112";"19";"10";"2020";"10:50";"1";"61";"61397";"2";"1";"1";"6";"FRESNAY (ROUTE DE)";"48,4201500";"0,0783900"
"202000031113";"30";"10";"2020";"21:10";"5";"59";"59350";"2";"1";"1";"3";"VERHAEREN AVENUE";"50,6191000";"3,0323400"
"202000031114";"25";"10";"2020";"18:40";"2";"59";"59560";"1";"1";"3";"1";"AVELIN ROUTE D";"50,5431900";"3,0642000"
"202000031115";"29";"10";"2020";"16:20";"1";"59";"59569";"2";"1";"1";"6";"VERDUN (RUE DE)";"50,3636900";"3,1134000"
"202000031116";"19";"10";"2020";"10:58";"1";"56";"56260";"2";"6";"1";"6";"JUIN(AVENUE DU MARECHAL)";"47,6386900";" -2,7649000"
"202000031117";"24";"10";"2020";"01:25";"5";"56";"56121";"2";"2";"2";"3";"BLUM ( BD LEON )";"47,7438900";" -3,3810900"
"202000031118";"29";"10";"2020";"00:40";"5";"56";"56121";"2";"1";"2";"6";"NAYEL ( ET PLACE AUGUSTE )";"47,7477800";" -3,3635400"
"202000031119";"27";"10";"2020";"17:10";"1";"56";"56121";"2";"1";"8";"6";"YEQUEL (RUE  LOUIS )";"47,7551400";" -3,3651400"
"202000031120";"29";"10";"2020";"12:50";"1";"54";"54304";"2";"2";"1";"3";"DEROULEDE (AVENUE PAUL)";"48,6851685";"6,1558487"
"202000031121";"29";"10";"2020";"20:55";"5";"54";"54493";"2";"3";"2";"6";"LONGWY (RUE DE)";"49,5301000";"5,8188000"
"202000031122";"29";"10";"2020";"17:35";"1";"52";"52121";"2";"1";"1";"2";"ASHTON UNDER LYNE (AVENUE D')";"48,0922800";"5,1453200"
"202000031123";"28";"10";"2020";"18:40";"5";"51";"51454";"2";"1";"2";"4";"Boulevard de la Paix";"49,2537428";"4,0408863"
"202000031124";"28";"10";"2020";"09:45";"1";"49";"49007";"2";"1";"2";"5";"CAMUS";"47,4671800";" -0,5449800"
"202000031125";"27";"10";"2020";"18:47";"5";"45";"45298";"2";"1";"3";"1";"Rue des Hautes Levées";"47,8923700";"1,8819700"
"202000031126";"13";"10";"2020";"05:50";"5";"42";"42218";"1";"2";"2";"2";"Boulevard Fauriat";"45,4421900";"4,4083400"
"202000031127";"30";"10";"2020";"02:10";"3";"41";"41295";"2";"1";"1";"7";"2 Rue des Bourdettes";"47,6065200";"1,4055600"
"202000031128";"29";"10";"2020";"18:00";"2";"35";"35238";"2";"2";"2";"3";"LAENNEC (BD RENE)";"48,1098100";" -1,6655700"
"202000031129";"30";"10";"2020";"22:00";"5";"33";"33063";"2";"6";"1";"3";"PLACE RAVEZIES";"44,8661700";" -0,5753300"
"202000031130";"30";"10";"2020";"14:40";"1";"33";"33063";"1";"3";"1";"3";"AVE DE LABARDE / ACCES PARKING METRO";"44,8917300";" -0,5489800"
"202000031131";"15";"10";"2020";"13:34";"1";"33";"33063";"2";"2";"1";"3";"CRS DU MEDOC";"44,8610900";" -0,5701400"
"202000031132";"29";"10";"2020";"21:00";"5";"33";"33162";"2";"1";"1";"3";"AVE DE SAINT-MEDARD";"44,8635500";" -0,6585900"
"202000031133";"29";"10";"2020";"10:00";"1";"31";"31555";"1";"1";"1";"2";"VA008432 LANGLADE A620 Sortie 25";"43,5706200";"1,4306600"
"202000031134";"29";"10";"2020";"15:30";"1";"29";"29232";"1";"1";"8";"4";"RN 165";"48,0431900";" -4,0702900"
"202000031135";"30";"10";"2020";"08:10";"1";"27";"27375";"2";"1";"1";"3";"PARIS (CHAUSSEE DE)";"49,2046200";"1,1953800"
"202000031136";"30";"10";"2020";"14:10";"1";"25";"25056";"2";"1";"1";"6";"BLUM  BOULEVARD LEON (inf 51)";"47,2554000";"6,0193000"
"202000031137";"29";"10";"2020";"16:20";"1";"25";"25056";"2";"9";"1";"3";"DOLE";"47,2287000";"5,9872500"
"202000031138";"30";"10";"2020";"11:15";"1";"17";"17300";"2";"6";"1";"3";"BEAUREGARD   RUE DE";"46,1675000";" -1,1400000"
"202000031139";"30";"10";"2020";"11:25";"1";"15";"15012";"1";"1";"1";"1";"RN 2122";"44,8973910";"2,4094090"
"202000031140";"28";"10";"2020";"11:37";"1";"14";"14118";"2";"2";"8";"3";"BRIAND (BOULEVARD ARISTIDE)";"49,1784840";" -0,3614370"
"202000031141";"30";"10";"2020";"21:35";"5";"13";"13208";"2";"3";"1";"3";"PRADO (AVENUE DU)";"43,2799131";"5,3871231"
"202000031142";"30";"10";"2020";"08:30";"1";"13";"13210";"2";"1";"1";"2";"JEAN EUGENE CABASSUD (BOULEVARD)";"43,2850720";"5,4132810"
"202000031143";"30";"10";"2020";"11:35";"1";"06";"06069";"2";"1";"1";"6";"PROVENCE (AVENUE DE)";"43,6558000";"6,9245000"
"202000031144";"30";"10";"2020";"16:30";"2";"06";"06123";"2";"1";"1";"6";"BORD DE MER RN 98";"43,6566000";"7,1788000"
"202000031145";"29";"10";"2020";"18:50";"5";"05";"05061";"2";"3";"1";"3";"COMMANDANT DUMONT ( AVENUE)";"44,5672900";"6,0833900"
"202000031146";"30";"10";"2020";"17:55";"5";"75";"75118";"2";"1";"1";"3";"PORTE D AUBERVILLIERS";"48,9008440";"2,3670720"
"202000031147";"29";"10";"2020";"22:00";"4";"75";"75117";"2";"4";"1";"7";"PORTE MAILLOT";"48,8830340";"2,2836640"
"202000031148";"3";"8";"2020";"18:45";"2";"13";"13201";"2";"9";"1";"6";"CANEBIERE    81 A FIN";"43,2986700";"5,3842100"
"202000031149";"28";"10";"2020";"06:00";"5";"75";"75113";"2";"1";"1";"4";"PORTE D ITALIE";"48,8177380";"2,3673380"
"202000031150";"31";"7";"2020";"09:00";"1";"13";"13075";"2";"1";"1";"1";"L'ENJOLRAS (AVE DE)";"43,3389490";"5,4536580"
"202000031151";"30";"10";"2020";"15:29";"1";"75";"75115";"2";"3";"1";"6";"RUE LECOURBE";"48,8402820";"2,2951860"
"202000031152";"3";"8";"2020";"02:40";"5";"13";"13208";"2";"1";"1";"3";"MENDES FRANCE (AVENUE)";"43,2536990";"5,3761280"
"202000031153";"30";"10";"2020";"06:50";"4";"75";"75120";"2";"1";"1";"6";"RUE SERPOLLET";"48,8606800";"2,4103690"
"202000031154";"3";"8";"2020";"21:10";"5";"13";"13047";"2";"9";"1";"6";"AVENUE DE LA CRAU";"43,5895000";"4,9419000"
"202000031155";"30";"10";"2020";"15:30";"1";"75";"75118";"2";"2";"8";"6";"RUE LAMARCK";"48,8911220";"2,3293980"
"202000031156";"29";"10";"2020";"17:45";"2";"75";"75116";"2";"3";"1";"3";"AVENUE DE MALAKOFF";"48,8770800";"2,2834650"
"202000031157";"2";"8";"2020";"18:03";"1";"10";"10387";"2";"1";"1";"2";"NOES (RUE DES)";"48,2968000";"4,0606000"
"202000031158";"29";"10";"2020";"13:00";"1";"75";"75116";"2";"1";"1";"6";"AVENUE VICTOR HUGO";"48,8647250";"2,2736570"
"202000031159";"3";"8";"2020";"11:00";"1";"06";"06123";"2";"1";"1";"3";"DE GAULLE GENERAL AVENUE";"43,6679220";"7,1921870"
"202000031160";"30";"10";"2020";"08:45";"1";"75";"75115";"2";"4";"1";"7";"RUE DU COTENTIN";"48,8385240";"2,3115380"
"202000031161";"3";"8";"2020";"02:05";"5";"75";"75118";"2";"4";"1";"6";"BOULEVARD PERIPHERIQUE";"48,9010900";"2,3552130"
"202000031162";"28";"10";"2020";"18:30";"5";"75";"75112";"2";"1";"2";"5";"QUAI DE BERCY";"48,8341220";"2,3812950"
"202000031163";"2";"8";"2020";"09:20";"1";"75";"75119";"2";"1";"1";"2";"BOULEVARD PERIPHERIQUE INTERIEUR NORD  ";"48,8977840";"2,3937980"
"202000031164";"30";"10";"2020";"14:30";"1";"75";"75111";"2";"2";"1";"3";"RUE DE CHARONNE";"48,8564620";"2,3942130"
"202000031165";"29";"10";"2020";"23:50";"5";"75";"75109";"2";"2";"1";"6";"BOULEVARD HAUSSMANN";"48,8736000";"2,3283450"
"202000031166";"3";"8";"2020";"17:00";"1";"75";"75119";"2";"3";"1";"6";"RUE DE BELLEVILLE";"48,8746860";"2,3877750"
"202000031167";"29";"10";"2020";"12:50";"1";"75";"75108";"2";"3";"1";"2";"RUE DE COURCELLES";"48,8754040";"2,3088240"
"202000031168";"3";"8";"2020";"15:50";"1";"75";"75118";"2";"3";"1";"2";"RUE DE LA CHAPELLE";"48,8933140";"2,3596360"
"202000031169";"29";"10";"2020";"12:50";"1";"75";"75108";"2";"5";"1";"3";"BOULEVARD HAUSSMANN";"48,8753140";"2,3157870"
"202000031170";"3";"8";"2020";"10:00";"1";"75";"75117";"2";"4";"1";"3";"RUE DU CAPORAL PEUGEOT";"48,8870800";"2,2895660"
"202000031171";"27";"10";"2020";"12:20";"1";"75";"75103";"2";"5";"1";"7";"RUE DE BRETAGNE";"48,8619360";"2,3645990"
"202000031172";"25";"7";"2020";"17:30";"1";"75";"75117";"2";"3";"8";"7";"BOULEVARD DES BATIGNOLLES";"48,8818700";"2,3187180"
"202000031173";"26";"7";"2020";"19:20";"1";"75";"75101";"2";"3";"1";"7";"RUE DE RIVOLI";"48,8632120";"2,3338010"
"202000031174";"2";"8";"2020";"18:08";"1";"75";"75116";"2";"1";"1";"1";"VOIE GEORGES POMPIDOU";"48,8403010";"2,2680420"
"202000031175";"30";"10";"2020";"18:50";"5";"94";"94068";"2";"1";"1";"7";"VARENNE (R DE LA)";"48,8076100";"2,4738300"
"202000031176";"3";"8";"2020";"17:05";"1";"75";"75114";"2";"7";"1";"2";"PLACE DU VINGT CINQ AOUT 1944";"48,8230460";"2,3254920"
"202000031177";"29";"10";"2020";"14:45";"1";"94";"94068";"2";"3";"1";"3";"SAINT BENOIT (R)";"48,8087936";"2,5105423"
"202000031178";"2";"8";"2020";"22:30";"5";"75";"75111";"2";"3";"1";"2";"RUE OBERKAMPF";"48,8664040";"2,3804860"
"202000031179";"3";"8";"2020";"21:25";"3";"75";"75107";"2";"2";"1";"7";"QUAI BRANLY";"48,8589710";"2,2933780"
"202000031180";"28";"10";"2020";"17:20";"1";"94";"94041";"2";"4";"8";"5";"PIERRE BROSSOLETTE (R)";"48,8170950";"2,3815240"
"202000031181";"30";"10";"2020";"09:15";"1";"93";"93045";"2";"3";"1";"3";"PARIS RUE DE";"48,8818464";"2,4228329"
"202000031182";"3";"8";"2020";"17:55";"1";"75";"75107";"2";"2";"1";"3";"BOULEVARD SAINT GERMAIN";"48,8544710";"2,3304590"
"202000031183";"28";"10";"2020";"21:50";"5";"93";"93006";"2";"2";"1";"3";"REPUBLIQUE AVENUE DE LA";"48,8623999";"2,4161491"
"202000031184";"3";"8";"2020";"19:40";"1";"75";"75104";"2";"3";"1";"7";"RUE DE TURENNE";"48,8545740";"2,3629400"
"202000031185";"30";"10";"2020";"07:01";"1";"93";"93029";"2";"3";"1";"6";"BOIS D'AMOUR (AVENUE DU)";"48,9145416";"2,4611410"
"202000031186";"3";"8";"2020";"07:15";"1";"94";"94078";"2";"1";"8";"3";"PARIS (R DE)";"48,7510000";"2,4452000"
"202000031187";"29";"10";"2020";"21:55";"5";"93";"93010";"2";"3";"1";"3";"ALPY (RUE HENRI)";"48,9013624";"2,4890183"
"202000031188";"2";"8";"2020";"19:00";"1";"94";"94068";"2";"2";"1";"3";"MOULIN (R DU)";"48,7886982";"2,5052315"
"202000031189";"1";"8";"2020";"11:20";"1";"94";"94065";"1";"1";"1";"2";"CIRCULAIRE (boulevard)";"48,7538900";"2,3574100"
"202000031190";"29";"10";"2020";"17:40";"5";"92";"92046";"2";"2";"1";"3";"GABRIEL PERI";"48,8192000";"2,2978000"
"202000031191";"3";"8";"2020";"08:40";"1";"93";"93073";"1";"1";"1";"5";"CHAPIT RE ( RUE DU)";"49,0022190";"2,5369412"
"202000031192";"30";"10";"2020";"20:55";"5";"92";"92073";"2";"1";"1";"3";"RATRAIT (RUE DU)";"48,8771078";"2,2294274"
"202000031193";"3";"8";"2020";"17:40";"1";"93";"93066";"2";"1";"1";"7";"REPUBLIQUE";"48,9366652";"2,3533134"
"202000031194";"3";"8";"2020";"04:00";"5";"93";"93077";"2";"1";"1";"6";"R DE LA FOSSE AUX BERGERS";"48,8891873";"2,4953883"
"202000031195";"3";"8";"2020";"12:35";"1";"93";"93053";"2";"2";"1";"6";"HENRI BARBUSSE (RUE)";"48,8924178";"2,4558365"
"202000031196";"3";"8";"2020";"07:45";"1";"93";"93046";"2";"3";"1";"6";"R JACOB / R JEAN JACQUES ROUSSEAU";"48,9274500";"2,5435100"
"202000031197";"3";"8";"2020";"20:30";"1";"93";"93032";"2";"3";"1";"3";"VIOLETTES (AVENUE DES)";"48,8946000";"2,5467000"
"202000031198";"3";"8";"2020";"14:11";"1";"93";"93027";"2";"1";"1";"3";"R ROSA PARKS";"48,9240100";"2,3970600"
"202000031199";"3";"8";"2020";"19:20";"1";"93";"93010";"2";"1";"1";"6";"AULNAY (ROUTE) COTE PAIRE DE 2 A FIN";"48,9108999";"2,4806491"
"202000031200";"1";"8";"2020";"13:15";"1";"93";"93007";"2";"9";"1";"3";"8 MAI 45 (AVENUE DU 1 AU 182)";"48,9422400";"2,4327200"
"202000031201";"3";"8";"2020";"18:45";"1";"92";"92075";"2";"2";"1";"6";"JEAN JAURES (AVENUE)";"48,8258300";"2,2906400"
"202000031202";"3";"8";"2020";"18:45";"1";"35";"35195";"1";"1";"1";"1";"La Haute Pilais";"48,2888470";" -1,6885150"
"202000031203";"4";"8";"2020";"07:00";"1";"91";"91390";"1";"1";"1";"1";"D49";"48,3215450";"2,0945130"
"202000031204";"26";"7";"2020";"12:30";"1";"84";"84069";"1";"1";"1";"3";"D974";"44,1559730";"5,1474060"
"202000031205";"4";"8";"2020";"06:26";"2";"01";"01209";"1";"1";"1";"6";"D1206";"46,1182870";"5,8854160"
"202000031206";"3";"8";"2020";"16:15";"1";"22";"22020";"1";"1";"1";"7";"N12PR 09+800";"48,3122030";" -2,2412910"
"202000031207";"2";"8";"2020";"10:20";"1";"62";"62233";"1";"9";"1";"3";"D940";"50,3517076";"1,6483892"
"202000031208";"3";"8";"2020";"20:45";"1";"56";"56054";"1";"2";"1";"3";"Rue Abbé le Barh";"47,6409820";" -3,1583527"
"202000031209";"1";"8";"2020";"20:00";"1";"74";"74288";"1";"1";"1";"1";"Route de Grateloup";"46,1124670";"5,9702140"
"202000031210";"3";"8";"2020";"12:30";"1";"82";"82117";"1";"1";"1";"6";"D47";"44,3432100";"0,9478440"
"202000031211";"2";"8";"2020";"01:00";"3";"32";"32306";"1";"1";"1";"6";"D123";"43,8692660";"0,6048500"
"202000031212";"27";"7";"2020";"15:30";"1";"32";"32382";"1";"1";"1";"1";"D939";"43,7585300";"0,3742750"
"202000031213";"4";"8";"2020";"16:00";"1";"89";"89069";"1";"1";"1";"7";"D30";"48,1022080";"3,6748840"
"202000031214";"3";"8";"2020";"19:54";"1";"61";"61323";"1";"1";"1";"6";"D920";"48,4757100";"0,9363810"
"202000031215";"4";"8";"2020";"13:05";"1";"42";"42015";"1";"1";"1";"7";"Route de Charlieu";"46,1651200";"4,3355490"
"202000031216";"4";"8";"2020";"18:25";"1";"46";"46125";"1";"1";"1";"1";"D 653";"44,7693290";"2,0297880"
"202000031217";"3";"8";"2020";"10:30";"1";"22";"22135";"1";"1";"1";"7";"Kerbol";"48,5525950";" -3,3722880"
"202000031218";"31";"5";"2020";"17:55";"1";"67";"67073";"2";"1";"1";"7";"31 Rue du Hahnenberg";"48,2751960";"7,3958270"
"202000031219";"3";"8";"2020";"15:15";"1";"39";"39339";"2";"1";"2";"1";"N/A";"46,3587610";"5,7882740"
"202000031220";"26";"5";"2020";"17:25";"1";"01";"01173";"2";"6";"1";" -1";"D1005";"46,3340470";"6,0597860"
"202000031221";"4";"6";"2020";"15:20";"1";"50";"50420";"1";"1";"1";"1";"la coquerie";"49,0477420";" -1,2173150"
"202000031222";"3";"6";"2020";"17:05";"1";"91";"91275";"2";"1";"1";"6";"129 Route de Chartres";"48,6773000";"2,1339170"
"202000031223";"31";"5";"2020";"22:10";"3";"19";"19011";"1";"1";"1";"7";"Avenue du Midi";"45,3887164";"1,3690004"
"202000031224";"3";"6";"2020";"22:33";"3";"56";"56222";"1";"1";"1";"6";"Talrun";"47,8472950";" -2,6934530"
"202000031225";"3";"6";"2020";"20:54";"2";"56";"56097";"1";"3";"8";"7";"Botlidat";"47,7666400";" -3,0978000"
"202000031226";"1";"8";"2020";"18:18";"1";"35";"35299";"1";"1";"1";"1";"Les Nielles";"48,6331470";" -1,8651630"
"202000031227";"3";"6";"2020";"21:10";"2";"77";"77032";"1";"1";"3";"7";"D55, PR 033 +982";"48,7162520";"3,2352160"
"202000031228";"3";"6";"2020";"11:45";"1";"79";"79079";"2";"4";"1";"2";"Rue du Calvaire";"46,9385430";" -0,6940510"
"202000031229";"3";"8";"2020";"13:00";"1";"29";"29047";"2";"1";"1";"3";"3 Rue de la Gare";"48,5367980";" -4,3736310"
"202000031230";"3";"6";"2020";"23:05";"4";"2B";"2B346";"2";"6";"1";"3";"Arena";"42,5012560";"9,4654460"
"202000031231";"4";"8";"2020";"18:30";"1";"29";"29197";"1";"1";"1";"2";"D784 - Kerouan";"48,0106170";" -4,4635710"
"202000031232";"4";"8";"2020";"03:00";"3";"38";"38463";"1";"1";"1";"6";"Route de Lyon";"45,1683490";"5,3231289"
"202000031233";"4";"6";"2020";"10:00";"1";"80";"80020";"1";"1";"1";"3";"Allonville";"49,9284610";"2,3651500"
"202000031234";"4";"6";"2020";"09:20";"1";"80";"80703";"1";"1";"1";"1";"rd 316";"49,8231580";"1,7391010"
"202000031235";"3";"8";"2020";"17:20";"1";"38";"38043";"1";"1";"1";"7";"D1075";"45,4445100";"5,5644600"
"202000031236";"4";"6";"2020";"15:30";"1";"81";"81145";"1";"1";"8";"6";"Les Balards";"43,8759320";"1,8442230"
"202000031237";"4";"8";"2020";"15:50";"1";"02";"02806";"1";"1";"1";"7";"38 Rue de la Plaine Martin";"49,1727820";"3,4817860"
"202000031238";"4";"8";"2020";"12:30";"1";"02";"02719";"2";"1";"1";"6";"6 Rue Simon Lambacq";"49,5980900";"3,2561960"
"202000031239";"4";"8";"2020";"16:40";"1";"72";"72386";"2";"1";"1";"7";"Avenue Guy Bouriat";"48,0120470";"0,2666330"
"202000031240";"3";"6";"2020";"17:30";"1";"12";"12239";"1";"2";"1";"5";"D45";"44,4290190";"2,9628180"
"202000031241";"3";"8";"2020";"16:40";"1";"72";"72070";"1";"9";"1";"7";"D101";"48,0206750";" -0,1252020"
"202000031242";"3";"6";"2020";"09:20";"1";"41";"41275";"2";"4";"7";"6";"Rue du Vieux Moulin";"47,9184270";"1,0857050"
"202000031243";"3";"8";"2020";"17:20";"1";"14";"14276";"1";"2";"1";"3";"D43";"48,9698120";" -0,2686840"
"202000031244";"29";"5";"2020";"18:30";"1";"68";"68065";"1";"1";"1";"6";"D32";"47,6372730";"7,0245550"
"202000031245";"4";"8";"2020";"14:09";"1";"50";"50110";"1";"1";"1";"6";"Hameau de Cantilly";"49,1660730";" -0,9410650"
"202000031246";"2";"6";"2020";"10:25";"1";"35";"35223";"2";"1";"1";"6";"Rue de la Vallée du Cast";"48,0062200";" -2,0921020"
"202000031247";"4";"8";"2020";"13:30";"1";"83";"83121";"2";"1";"1";"6";"La Combe";"43,5717710";"6,2178650"
"202000031248";"1";"8";"2020";"00:30";"3";"83";"83145";"1";"1";"1";"6";"Route de Brue Auriac";"43,5911880";"5,9587570"
"202000031249";"4";"6";"2020";"04:45";"4";"70";"70145";"2";"1";"2";"6";"19 Rue de Boulot";"47,3668470";"5,9747060"
"202000031250";"4";"8";"2020";"09:58";"1";"60";"60070";"2";"1";"1";"6";"3 Rue de Compiègne";"49,4480710";"2,8272400"
"202000031251";"25";"7";"2020";"18:45";"1";"60";"60029";"2";"2";"1";"3";"RD 981 et RD 2";"49,3723490";"1,9887780"
"202000031252";"4";"6";"2020";"15:00";"1";"83";"83038";"1";"1";"8";"1";"D955";"43,5967410";"6,4712480"
"202000031253";"21";"5";"2020";"17:30";"1";"45";"45327";"2";"1";"1";"6";"31 Rue de Saint-mathurin";"47,9717742";"2,1097173"
"202000031254";"3";"8";"2020";"22:15";"3";"45";"45175";"1";"1";"1";"6";"D 15, pk 016+900";"47,7301360";"1,8030770"
"202000031255";"3";"6";"2020";"18:30";"1";"45";"45212";"1";"1";"2";"7";"D117 - PR 6 + 615";"47,9060944";"2,8196617"
"202000031256";"3";"8";"2020";"11:25";"1";"24";"24587";"1";"3";"1";"1";"Route du Chateau de Montfort";"44,8407320";"1,2496520"
"202000031257";"3";"6";"2020";"13:00";"1";"45";"45098";"2";"3";"1";"1";"D951 - PR 104 + 950";"47,8302003";"1,7688522"
"202000031258";"2";"6";"2020";"14:50";"1";"18";"18197";"2";"1";"1";"7";"Chemin des Grainetières";"46,7416400";"2,5075330"
"202000031259";"4";"8";"2020";"18:20";"1";"04";"04123";"1";"1";"1";"1";"RD 4075";"44,2924360";"5,8429110"
"202000031260";"3";"6";"2020";"23:00";"5";"10";"10437";"2";"1";"1";"6";"36 Rue Roger Dossot";"48,1395500";"4,3083510"
"202000031261";"4";"6";"2020";"06:55";"1";"16";"16167";"2";"3";"1";"3";"Ld Faubourg de lOrmeau";"45,6857920";" -0,1665080"
"202000031262";"3";"8";"2020";"20:30";"1";"87";"87086";"1";"3";"1";"5";"Ribiere Gagnoux";"45,7053140";"1,5096680"
"202000031263";"1";"8";"2020";"16:30";"1";"08";"08200";"2";"1";"1";"1";"Rue Corneille";"49,4165940";"4,6290020"
"202000031264";"3";"6";"2020";"02:20";"3";"17";"17347";"2";"3";"1";"6";"17 Rue Bonneterie";"45,9423510";" -0,5222800"
"202000031265";"3";"8";"2020";"16:05";"1";"88";"88066";"1";"1";"1";"6";"D14d";"48,3782450";"6,0791890"
"202000031266";"2";"6";"2020";"21:30";"2";"37";"37085";"1";"1";"1";"7";"La Barrerie";"47,2710671";"0,8863332"
"202000031267";"4";"8";"2020";"05:45";"2";"987";"98734";"1";"1";"1";"3";"PK 35+500 - RT1";" -17,7233790";" -149,5057300"
"202000031268";"4";"6";"2020";"11:00";"1";"48";"48175";"1";"1";"1";"7";"D56";"44,4661560";"3,1423470"
"202000031269";"4";"8";"2020";"10:05";"1";"72";"72124";"1";"9";"1";"6";"A28";"47,8176180";"0,3074080"
"202000031270";"2";"8";"2020";"10:50";"1";"978";"97801";"2";"1";"1";"3";"RN7 - Grand Case";"18,0995690";" -63,0600270"
"202000031271";"4";"8";"2020";"13:45";"1";"42";"42256";"2";"1";"1";"2";"25 Chemin Rouge";"45,5024578";"4,1857625"
"202000031272";"3";"8";"2020";"17:00";"1";"74";"74143";"1";"1";"2";"6";"N205";"45,8916260";"6,7913940"
"202000031273";"4";"8";"2020";"02:05";"3";"51";"51027";"1";"1";"1";"2";"A4";"49,0590261";"4,6999536"