"Num_Acc";"jour";"mois";"an";"hrmn";"lum";"dep";"com";"agg";"int";"atm";"col";"adr";"lat";"long"
"202000031469";"2";"6";"2020";"08:30";"1";"75";"75113";"2";"1";"1";"3";"PORTE D ITALIE";"48,8166320";"2,3559200"
"202000031470";"2";"8";"2020";"20:20";"1";"42";"42149";"2";"1";"1";"7";"Chemin d'Urfé";"45,6339977";"4,2384617"
"202000031471";"30";"5";"2020";"10:00";"1";"75";"75117";"2";"1";"1";"2";"BD PERIPHERIQUE EXTERIEUR";"48,8951580";"2,3064100"
"202000031472";"1";"6";"2020";"08:55";"1";"75";"75107";"2";"4";"1";"6";"AVENUE DE SUFFREN";"48,8527970";"2,2983560"
"202000031473";"31";"7";"2020";"13:30";"1";"42";"42115";"1";"4";"1";"5";"Rue de Bramard";"45,3174970";"4,3571730"
"202000031474";"1";"6";"2020";"01:01";"4";"75";"75116";"2";"2";"1";"3";"ALLEE DE LONGCHAMP";"48,8749220";"2,2711250"
"202000031475";"4";"7";"2020";"19:20";"1";"41";"41094";"1";"2";"1";"3";"Le Gue Fagot";"47,4261820";"1,4213720"
"202000031476";"2";"6";"2020";"16:45";"1";"75";"75119";"2";"4";"1";"4";"AVENUE RENE FONCK";"48,8796330";"2,4083400"
"202000031477";"1";"8";"2020";"18:15";"1";"34";"34186";"1";"3";"1";"2";"RD 148 PR 12+100";"43,6537340";"3,3185090"
"202000031478";"2";"6";"2020";"15:25";"1";"75";"75119";"2";"1";"1";" -1";"BOULEVARD SERURIER";"48,8878990";"2,3952930"
"202000031479";"1";"8";"2020";"10:30";"1";"68";"68094";"1";"1";"1";"1";"D473";"47,5428310";"7,4350620"
"202000031480";"2";"6";"2020";"08:20";"1";"75";"75119";"2";"1";"1";"3";"RUE RIQUET";"48,8882840";"2,3759560"
"202000031481";"2";"8";"2020";"16:45";"1";"22";"22371";"1";"1";"1";"4";"La Gautraie";"48,2008730";" -2,2589670"
"202000031482";"2";"6";"2020";"09:50";"1";"75";"75117";"2";"3";"1";"3";"BOULEVARD DE COURCELLES";"48,8789880";"2,3024120"
"202000031483";"8";"7";"2020";"17:15";"1";"22";"22055";"2";"3";"1";"6";"Boulevard Clémenceau Binic";"48,5990260";" -2,8248920"
"202000031484";"2";"6";"2020";"11:40";"1";"75";"75113";"2";"2";"1";"3";"RUE OLIVIER MESSIAEN";"48,8304440";"2,3783550"
"202000031485";"1";"8";"2020";"15:20";"1";"31";"31308";"1";"1";"1";"1";"N125";"43,0113860";"0,6174870"
"202000031486";"2";"6";"2020";"10:10";"1";"75";"75110";"2";"1";"1";"3";"BOULEVARD DE LA VILLETTE";"48,8734520";"2,3752290"
"202000031487";"2";"6";"2020";"09:50";"1";"75";"75110";"2";"3";"1";"6";"RUE EUGENE VARLIN";"48,8785820";"2,3641970"
"202000031488";"3";"8";"2020";"15:00";"1";"03";"03226";"1";"1";"1";"1";"N/A";"46,3647305";"3,8388467"
"202000031489";"20";"7";"2020";"21:47";"2";"03";"03132";"1";"1";"1";"6";"N/A";"46,3859151";"3,5612312"
"202000031490";"2";"6";"2020";"08:10";"1";"75";"75109";"2";"5";"7";"6";"RUE LA FAYETTE";"48,8730970";"2,3332980"
"202000031491";"2";"8";"2020";"09:45";"1";"03";"03155";"1";"1";"1";"6";"N/A";"46,7136795";"2,9250029"
"202000031492";"2";"6";"2020";"14:10";"1";"75";"75108";"2";"1";"1";"1";"BOULEVARD DES BATIGNOLLES";"48,8823840";"2,3224740"
"202000031493";"2";"8";"2020";"19:00";"1";"01";"01124";"1";"1";"1";"7";"Route des Geordes";"46,4588210";"5,2293100"
"202000031494";"3";"8";"2020";"01:40";"5";"26";"26054";"2";"2";"1";"6";"1 Rue du Comtat";"44,2987590";"4,8720820"
"202000031495";"2";"6";"2020";"09:40";"1";"75";"75108";"2";"7";"1";"3";"PLACE CHARLES DE GAULLE";"48,8741020";"2,2958160"
"202000031496";"2";"8";"2020";"20:45";"2";"72";"72067";"1";"1";"1";"7";"D89";"48,1012020";"0,4641240"
"202000031497";"3";"8";"2020";"10:45";"1";"83";"83012";"1";"1";"1";"7";"Route de Brignoles";"43,5548010";"6,0094810"
"202000031498";"2";"6";"2020";"16:45";"1";"94";"94076";"2";"1";"1";"3";"EUGENE VARLIN (R)";"48,7925500";"2,3634400"
"202000031499";"2";"8";"2020";"17:40";"1";"16";"16347";"1";"1";"1";"7";"Lieu dit Fontcharrière";"45,2786460";"0,1003680"
"202000031500";"2";"6";"2020";"07:46";"1";"94";"94073";"2";"2";"7";"3";"PERREUX (R DU)";"48,7660300";"2,3905600"
"202000031501";"2";"8";"2020";"17:55";"1";"21";"21087";"1";"1";"1";"6";"D33";"47,1341591";"4,6836407"
"202000031502";"1";"6";"2020";"19:48";"1";"94";"94069";"2";"1";"1";"3";"CHEMIN DE PRESLES (AV DU)";"48,8158970";"2,4622700"
"202000031503";"1";"8";"2020";"19:00";"1";"04";"04025";"1";"1";"1";"1";"RD 908";"44,1414120";"6,5920540"
"202000031504";"2";"6";"2020";"14:50";"1";"93";"93070";"2";"1";"1";"3";"AV GABRIEL-PERI";"48,9087000";"2,3327000"
"202000031505";"28";"7";"2020";"18:10";"1";"27";"27116";"2";"1";"1";"3";"Rue de la Cabotière";"49,1891070";"0,7234410"
"202000031506";"2";"6";"2020";"16:05";"1";"93";"93077";"2";"1";"1";"6";"GRANDE RUE";"48,8819394";"2,5222719"
"202000031507";"2";"8";"2020";"18:40";"1";"30";"30043";"1";"4";"7";"1";"D107";"43,7757870";"4,2297690"
"202000031508";"2";"6";"2020";"08:45";"1";"93";"93027";"2";"1";"7";"6";"MASSON (RUE SUZANNE)";"48,9170938";"2,3845011"
"202000031509";"3";"8";"2020";"12:15";"1";"48";"48039";"1";"1";"1";"1";"RD44 - PK 00+600";"44,4499440";"3,3709330"
"202000031510";"2";"6";"2020";"13:05";"1";"93";"93057";"2";"2";"1";"1";"JAURES (AV. JEAN) 1 A 123";"48,9079753";"2,4953024"
"202000031511";"1";"8";"2020";"15:30";"1";"987";"98752";"1";"1";"1";"1";"PK 47+800 - RT1 - MATAIEA";" -17,7220550";" -149,4046530"
"202000031512";"2";"6";"2020";"06:50";"2";"93";"93008";"2";"3";"1";"3";"R HENRI GAUTIER / R EUGENE HENAFF";"48,9040700";"2,4292600"
"202000031513";"2";"6";"2020";"11:20";"1";"92";"92050";"2";"2";"1";"1";"COURBEVOIE RUE DE";"48,8938104";"2,2120500"
"202000031514";"1";"6";"2020";"20:46";"1";"92";"92036";"2";"1";"1";"7";"EUGENE DELACROIX (RUE)";"48,9346097";"2,2921756"
"202000031515";"30";"5";"2020";"18:20";"1";"92";"92036";"2";"9";"1";"3";"LOUIS ROCHE (AVENUE) (2/44)";"48,9223000";"2,3233520"
"202000031516";"30";"5";"2020";"20:50";"1";"92";"92036";"2";"1";"1";"7";"PRINCIPALE DU PORT (ROUTE) (19/+)";"48,9398550";"2,2879660"
"202000031517";"2";"6";"2020";"08:03";"1";"92";"92035";"2";"6";"7";"3";"Europe ( rond point de l' )";"48,9054820";"2,2556915"
"202000031518";"30";"5";"2020";"17:10";"1";"92";"92025";"2";"2";"1";"3";"STALINGRAD (AV DE)";"48,9356332";"2,2609037"
"202000031519";"2";"6";"2020";"09:20";"1";"92";"92012";"2";"1";"1";"1";"MENUS (RUE DES)";"48,8471343";"2,2347307"
"202000031520";"2";"6";"2020";"22:45";"5";"37";"37150";"2";"1";"1";"6";"D34";"47,3862914";"0,4203919"
"202000031521";"27";"5";"2020";"16:00";"1";"95";"95452";"1";"1";"1";"7";"RD 85";"49,1330440";"2,2977730"
"202000031522";"3";"6";"2020";"16:40";"1";"76";"76235";"2";"1";"1";"7";"Rue Abbé Cochet";"49,8955900";"1,2655980"
"202000031523";"2";"6";"2020";"17:05";"1";"83";"83023";"1";"1";"1";"4";"A8";"43,4218190";"6,0714910"
"202000031524";"2";"6";"2020";"20:45";"2";"68";"68253";"1";"1";"1";"2";"D52";"47,7748600";"7,5170300"
"202000031525";"1";"6";"2020";"05:10";"2";"35";"35098";"1";"1";"1";"6";"RN 137 La Dominelais";"47,7743330";" -1,7032590"
"202000031526";"31";"5";"2020";"17:15";"1";"68";"68043";"1";"6";"1";"1";"D83";"47,8726620";"7,2465990"
"202000031527";"2";"6";"2020";"13:40";"1";"57";"57485";"1";"1";"1";"1";"RD955";"48,8140560";"6,5343330"
"202000031528";"2";"6";"2020";"10:00";"1";"56";"56018";"1";"1";"1";"7";"Route de Muzillac";"47,5342900";" -2,4902760"
"202000031529";"29";"5";"2020";"16:30";"1";"74";"74208";"1";"1";"1";"2";"2451 Route de Saint Gervais";"45,9032740";"6,7135350"
"202000031530";"3";"6";"2020";"07:30";"1";"71";"71013";"2";"1";"1";" -1";"Route de Ramouille";"46,8765578";"5,3112238"
"202000031531";"22";"5";"2020";"15:25";"1";"46";"46016";"1";"1";"1";"7";"Les Bourieres";"44,9300660";"1,5803360"
"202000031532";"3";"6";"2020";"01:15";"5";"47";"47051";"2";"6";"1";"6";"RD 813";"44,1807420";"0,6740710"
"202000031533";"3";"6";"2020";"02:50";"3";"25";"25122";"1";"1";"1";"2";"D72";"46,9482120";"6,1797240"
"202000031534";"2";"6";"2020";"16:25";"1";"44";"44015";"2";"9";"1";"1";"Rue Waldeck Rousseau";"47,4766620";" -1,7654730"
"202000031535";"25";"5";"2020";"16:40";"1";"38";"38454";"1";"3";"1";"3";"Chemin de la Plaine";"45,1387500";"5,3444800"
"202000031536";"3";"6";"2020";"17:40";"1";"84";"84072";"1";"1";"1";"3";"Route de Carpentras";"44,0603290";"5,1034500"
"202000031537";"1";"6";"2020";"16:55";"1";"01";"01199";"1";"1";"1";"1";"route départementale 36";"46,0474420";"5,3887940"
"202000031538";"3";"6";"2020";"09:55";"1";"58";"58106";"2";"1";"1";"6";"L'Huis Gally";"47,2888870";"4,0142800"
"202000031539";"3";"6";"2020";"16:25";"1";"72";"72189";"2";"9";"1";"3";"Rue de Mamers";"48,2537380";"0,3156100"
"202000031540";"3";"6";"2020";"17:15";"1";"14";"14302";"1";"3";"1";"3";"D675 / RD 625";"49,2575636";"0,0779653"
"202000031541";"2";"6";"2020";"11:20";"1";"64";"64495";"1";"1";"1";"2";"D918";"43,3656760";" -1,5980440"
"202000031542";"6";"2";"2020";"17:00";"1";"73";"73247";"1";"1";"1";"6";"Rue des Messalieres";"45,5561130";"6,1367170"
"202000031543";"2";"6";"2020";"12:00";"1";"18";"18194";"2";"2";"1";"1";"Route des Aix";"47,1867780";"2,6122190"
"202000031544";"2";"6";"2020";"20:40";"2";"43";"43039";"2";"1";"1";"7";"Ussel";"44,8876780";"3,8811190"
"202000031545";"2";"6";"2020";"16:55";"1";"10";"10268";"2";"6";"1";"2";"18 Rue de l'Etape au Vin";"48,4929190";"3,5020370"
"202000031546";"2";"6";"2020";"19:55";"1";"27";"27627";"1";"1";"1";"6";"D613";"49,1499450";"0,5342960"
"202000031547";"3";"6";"2020";"16:20";"1";"30";"30075";"2";"6";"1";"6";"Route de Sommières";"43,8217250";"4,2608930"
"202000031548";"3";"6";"2020";"02:15";"5";"52";"52079";"2";"1";"1";"6";"75 Rue du Général de Gaulle";"48,4932250";"4,9633800"
"202000031549";"2";"6";"2020";"10:47";"1";"33";"33284";"1";"1";"1";"5";"A63";"44,6608130";" -0,8241690"
"202000031550";"2";"6";"2020";"16:20";"1";"63";"63272";"1";"1";"1";"7";"autoroute A75 PK";"45,7307104";"3,1547919"
"202000031551";"3";"6";"2020";"19:40";"1";"91";"91441";"1";"1";"3";"6";"A6";"48,5069590";"2,5112770"
"202000031552";"2";"6";"2020";"20:40";"1";"11";"11144";"1";"1";"1";"7";"D6009";"42,8679120";"2,9858690"
"202000031553";"3";"6";"2020";"01:30";"5";"973";"97311";"1";"1";"1";"1";"3273 Avenue Gaston Monnerville";"5,4891000";" -54,0011850"
"202000031554";"3";"6";"2020";"08:15";"1";"28";"28185";"1";"1";"1";"2";"N12";"48,7722560";"1,5442660"
"202000031555";"31";"5";"2020";"16:55";"1";"45";"45315";"1";"1";"1";"7";"D320 - PR 4+300";"47,7300039";"2,3572470"
"202000031556";"29";"5";"2020";"17:00";"1";"91";"91587";"2";"1";"1";"3";"65 Rue de la Division Leclerc";"48,6900180";"2,2630330"
"202000031557";"31";"5";"2020";"20:45";"1";"78";"78623";"1";"1";"1";"1";"D34";"48,7863470";"1,8725140"
"202000031558";"3";"6";"2020";"16:20";"1";"05";"05024";"1";"1";"2";"7";"Lieu-dit Praboyer";"44,4606330";"5,5679660"
"202000031559";"2";"6";"2020";"14:50";"1";"71";"71063";"2";"1";"1";"1";"Route de Marmagne";"46,8633283";"4,2984402"
"202000031560";"2";"6";"2020";"19:00";"1";"51";"51379";"1";"1";"1";"7";"D28";"49,3029194";"3,8107341"
"202000031561";"2";"6";"2020";"19:25";"1";"68";"68287";"1";"1";"1";"1";"Mittlerer Ferkelweg (Chemin)";"47,9546790";"7,2879590"
"202000031562";"30";"9";"2020";"13:05";"1";"69";"69388";"2";"3";"1";"3";"MARIUS BERLIET                      (R )";"45,7390200";"4,8665100"
"202000031563";"29";"9";"2020";"14:40";"1";"972";"97209";"2";"1";"2";"2";"CHATEAUBOEUF (ROUTE DE)";"14,6188500";" -61,0449300"
"202000031564";"29";"9";"2020";"19:10";"2";"69";"69286";"2";"1";"1";"7";"ROUTE DE GENEVE                     (RO)";"45,8070020";"4,8906877"
"202000031565";"30";"9";"2020";"20:50";"5";"2B";"2B120";"2";"1";"1";"6";"11 - RT";"42,6342700";"9,4376800"
"202000031566";"3";"9";"2020";"12:15";"1";"89";"89387";"2";"1";"1";"6";"GENERAL DUBOIS (RUE DU)";"48,1929600";"3,2809000"
"202000031567";"17";"9";"2020";"07:50";"2";"84";"84031";"1";"1";"1";"3";"AUBIGNAN CHEMIN LIMITE D'";"44,0746600";"5,0412100"
"202000031568";"8";"9";"2020";"13:50";"1";"84";"84031";"1";"9";"1";"3";"VELLERON ROUTE DE";"44,0328600";"5,0389900"
"202000031569";"4";"9";"2020";"16:50";"1";"84";"84080";"2";"2";"1";"3";"VELLERON ROUTE DE";"44,0125600";"5,0092600"
"202000031570";"2";"9";"2020";"16:35";"1";"84";"84031";"1";"1";"1";" -1";"CD 942";"44,0453600";"5,0062100"
"202000031571";"30";"9";"2020";"17:50";"1";"83";"83137";"2";"1";"1";"6";"DELESCLUZE (BD)";"43,1375970";"5,9024040"
"202000031572";"29";"9";"2020";"19:35";"5";"80";"80021";"2";"3";"1";"3";"CHAMP DE TIR (RUE DU)";"49,9041400";"2,2646900"
"202000031573";"28";"9";"2020";"08:30";"1";"78";"78646";"2";"2";"2";"2";"MONTREUIL (RUE DE)";"48,8046900";"2,1483400"
"202000031574";"24";"9";"2020";"20:55";"4";"78";"78117";"2";"1";"1";"3";"LOUIS BLERIOT (RUE)";"48,7868000";"2,1330500"
"202000031575";"30";"9";"2020";"07:15";"3";"77";"77450";"1";"3";"1";"3";"N 19";"48,7115000";"2,5814300"
"202000031576";"30";"9";"2020";"23:50";"5";"69";"69256";"2";"1";"1";"6";"EMILE ZOLA                          (R )";"45,7768339";"4,9207020"
"202000031577";"21";"9";"2020";"11:15";"1";"69";"69029";"2";"3";"1";"5";"FRANKLIN ROOSEVELT                  (AV)";"45,7382000";"4,8946800"
"202000031578";"30";"9";"2020";"18:10";"1";"67";"67482";"2";"3";"2";"2";"HOPITAL (ROUTE DE L )";"48,5723000";"7,7504500"
"202000031579";"4";"9";"2020";"19:25";"1";"64";"64260";"2";"1";"7";"6";"GARE (RUE DE LA)";"43,3569600";" -1,7754100"
"202000031580";"29";"9";"2020";"07:50";"1";"63";"63113";"2";"2";"1";"3";"TORPILLEUR SIROCCO (RUE DU)";"45,8058800";"3,1066900"
"202000031581";"29";"9";"2020";"09:10";"1";"60";"60175";"1";"1";"8";"5";"RD 201_ACCES 201 PAR BD S.ALLENDE";"49,2457000";"2,4575000"
"202000031582";"30";"9";"2020";"13:25";"1";"60";"60159";"2";"6";"1";"6";"SAINT-JOSEPH (Rue)";"49,4043500";"2,8173200"
"202000031583";"25";"9";"2020";"18:00";"1";"59";"59350";"2";"1";"2";"6";"HUGO VICTOR RUE";"50,6318260";"3,0074300"
"202000031584";"25";"9";"2020";"11:50";"1";"58";"58194";"2";"2";"1";"3";"CAMILLE BAYNAC";"46,9873000";"3,1326000"
"202000031585";"28";"9";"2020";"16:33";"1";"57";"57672";"1";"1";"2";"3";"KONACKER (Route)";"49,3624200";"6,0854900"
"202000031586";"28";"9";"2020";"16:20";"1";"56";"56121";"2";"2";"1";"3";"GALLIENI (BD)";"47,7375300";" -3,3781200"
"202000031587";"29";"9";"2020";"16:05";"1";"54";"54395";"2";"1";"1";"6";"POINCARE (RUE RAYMOND 1-29-2-30)";"48,6900600";"6,1721800"
"202000031588";"27";"9";"2020";"18:10";"2";"50";"50129";"2";"3";"1";"6";"VAL DE SAIRE (RUE DU)";"49,6389000";" -1,6063600"
"202000031589";"29";"9";"2020";"13:00";"1";"49";"49328";"2";"1";"1";"6";"COURTILLIER (AVENUE)";"47,2555200";" -0,0769700"
"202000031590";"29";"9";"2020";"16:41";"1";"49";"49267";"2";"1";"1";"2";"MARMITIERE";"47,4705600";" -0,4916500"
"202000031591";"28";"9";"2020";"09:00";"1";"49";"49267";"2";"1";"1";"2";"Rue de la Marmitière";"47,4705600";" -0,4916500"
"202000031592";"30";"9";"2020";"22:25";"5";"44";"44109";"2";"1";"3";"6";"BOULEVARD MARECHAL ALPHONSE JUIN";"47,1987600";" -1,5945000"
"202000031593";"30";"9";"2020";"13:55";"1";"44";"44109";"2";"1";"1";"6";"RUE DU BOIS HERCE";"47,2070300";" -1,5944900"
"202000031594";"28";"9";"2020";"08:45";"1";"44";"44109";"2";"6";"1";"3";"Boulevard de la Prairie au Duc";"47,2046200";" -1,5626200"
"202000031595";"30";"9";"2020";"09:05";"1";"33";"33529";"2";"1";"1";"6";"27 rue Lagrua";"44,6375900";" -1,1522200"
"202000031596";"30";"9";"2020";"12:45";"1";"31";"31555";"2";"1";"1";"6";"RTE DE LAUNAGUET";"43,6312200";"1,4381500"
"202000031597";"29";"9";"2020";"18:00";"1";"31";"31555";"1";"1";"1";"3";"VA007331 A620";"43,6352417";"1,4210719"
"202000031598";"28";"9";"2020";"06:30";"5";"26";"26362";"2";"1";"2";"3";"D534N";"44,9026700";"4,8733000"
"202000031599";"22";"9";"2020";"00:35";"5";"22";"22113";"2";"7";"1";"6";"MARCHALLAC'H (PLACE DU)";"48,7328400";" -3,4569200"
"202000031600";"30";"9";"2020";"23:50";"5";"17";"17415";"2";"1";"1";"7";"GASCOGNE RUE DE";"45,7346700";" -0,6168900"
"202000031601";"30";"9";"2020";"15:20";"1";"17";"17300";"2";"2";"1";"3";"FERRY   RUE JULES";"46,1624000";" -1,1669000"
"202000031602";"30";"9";"2020";"18:15";"1";"15";"15014";"2";"1";"1";"7";"VIALENC (BOULEVARD DU)";"44,9215900";"2,4275500"
"202000031603";"30";"9";"2020";"18:25";"1";"13";"13071";"2";"1";"1";"4";"PLAN DE CAMPAGNE (AVE. DE )";"43,4139900";"5,3452600"
"202000031604";"1";"10";"2020";"00:05";"5";"13";"13214";"2";"1";"1";"2";"ALEX ANSALDI (RUE)";"43,3306600";"5,4048700"
"202000031605";"30";"9";"2020";"23:30";"5";"13";"13214";"2";"1";"1";"2";"BUREL (BOULEVARD)";"43,3165450";"5,3892170"
"202000031606";"30";"9";"2020";"16:50";"1";"13";"13211";"2";"1";"1";"1";"NOTRE DAME (BOULEVARD)";"43,3007640";"5,5190500"
"202000031607";"29";"9";"2020";"15:20";"1";"13";"13212";"2";"9";"1";"6";"PEINTRES ROUX (AVENUE DES)";"43,3004457";"5,4767581"
"202000031608";"29";"9";"2020";"17:40";"1";"13";"13204";"2";"1";"1";"6";"MARÉCHAL FOCH (AVENUE)";"43,3024700";"5,3971300"
"202000031609";"29";"9";"2020";"16:00";"1";"13";"13207";"2";"1";"1";"1";"ENDOUME (RUE D')";"43,2888704";"5,3662816"
"202000031610";"29";"9";"2020";"13:15";"1";"13";"13210";"2";"1";"1";"3";"PONT DE VIVAUX (BOULEVARD)";"43,2796700";"5,4183500"
"202000031611";"30";"9";"2020";"19:00";"2";"13";"13001";"2";"1";"1";"2";"CABASSOL JOSEPH (RUE)";"43,5259670";"5,4487630"
"202000031612";"30";"9";"2020";"13:40";"1";"13";"13001";"2";"9";"1";"6";"RN 296";"43,5351920";"5,4311340"
"202000031613";"25";"9";"2020";"14:54";"1";"12";"12146";"1";"1";"8";"6";"FLAVIN (ROUTE DE)";"44,3265100";"2,5833900"
"202000031614";"29";"9";"2020";"17:24";"1";"10";"10362";"2";"2";"1";"3";"GENERAL GALLIENI (RUE DU)";"48,2939680";"4,0553590"
"202000031615";"28";"9";"2020";"18:51";"3";"10";"10387";"2";"1";"3";"2";"MARECHAL DE LATTRE DE TASSIGNY (RUE DU)";"48,3040300";"4,0964500"
"202000031616";"29";"9";"2020";"07:55";"1";"09";"09122";"2";"1";"1";"6";"MOULIN (RUE JEAN)";"42,9829520";"1,6143210"
"202000031617";"30";"9";"2020";"17:35";"1";"06";"06069";"2";"6";"1";"3";"SIDI BRAHIM (AVENUE)";"43,6498930";"6,9314100"
"202000031618";"30";"9";"2020";"07:30";"1";"06";"06069";"2";"1";"1";"1";"DUNANT (AVENUE HENRI)";"43,6460000";"6,9275800"
"202000031619";"29";"9";"2020";"17:15";"1";"06";"06030";"2";"1";"1";"1";"ST JOSEPH (CHEMIN)";"43,5645500";"6,9776400"
"202000031620";"28";"9";"2020";"14:25";"1";"06";"06004";"1";"9";"1";"3";"GRASSE RTE DE";"43,6018600";"7,0840100"
"202000031621";"29";"9";"2020";"23:25";"5";"75";"75117";"2";"1";"1";"2";"PORTE DE CHAMPERRET";"48,8851930";"2,2873020"
"202000031622";"29";"9";"2020";"10:40";"1";"75";"75116";"2";"4";"1";"2";"PORTE D AUTEUIL";"48,8516600";"2,2523340"
"202000031623";"28";"9";"2020";"14:00";"1";"75";"75118";"2";"4";"1";"7";"ECHANGEUR CHAPELLE";"48,9008560";"2,3587800"
"202000031624";"30";"9";"2020";"17:25";"1";"75";"75119";"2";"3";"1";"6";"RUE SIGMUND FREUD";"48,8846840";"2,3988380"
"202000031625";"30";"9";"2020";"11:00";"1";"75";"75116";"2";"5";"2";"2";"ROUTE DE LA PTE DES SABLONS A LA PTE MAI";"48,8769980";"2,2769670"
"202000031626";"29";"9";"2020";"09:55";"1";"75";"75116";"2";"5";"2";"3";"AVENUE FERDINAND BUISSON";"48,8367310";"2,2536860"
"202000031627";"30";"9";"2020";"19:05";"1";"75";"75113";"2";"2";"1";"6";"RUE GOUTHIERE";"48,8210110";"2,3507460"
"202000031628";"30";"9";"2020";"17:30";"1";"75";"75112";"2";"1";"1";"2";"ROUTE DE CEINTURE DU LAC DAUMESNIL";"48,8331650";"2,4138210"
"202000031629";"30";"9";"2020";"11:20";"1";"75";"75112";"2";"1";"2";"3";"AVENUE DE SAINT MAURICE";"48,8316320";"2,4205800"
"202000031630";"30";"9";"2020";"20:00";"5";"75";"75111";"2";"1";"1";"3";"AVENUE PHILIPPE AUGUSTE";"48,8574820";"2,3902620"
"202000031631";"30";"9";"2020";"17:00";"1";"75";"75111";"2";"3";"1";"6";"RUE DE CHARONNE";"48,8539250";"2,3820310"
"202000031632";"30";"9";"2020";"14:45";"1";"75";"75111";"2";"4";"1";"6";"BOULEVARD RICHARD LENOIR";"48,8568260";"2,3704930"
"202000031633";"30";"9";"2020";"09:07";"1";"75";"75108";"2";"7";"2";"3";"PLACE DE LA CONCORDE,";"48,8666580";"2,3220090"
"202000031634";"30";"9";"2020";"13:40";"1";"75";"75107";"2";"2";"8";"3";"QUAI D ORSAY";"48,8624720";"2,3104050"
"202000031635";"29";"9";"2020";"21:15";"5";"75";"75103";"2";"2";"1";"1";"RUE SAINT MARTIN";"48,8679150";"2,3550190"
"202000031636";"30";"9";"2020";"08:20";"1";"75";"75104";"2";"3";"8";"3";"BOULEVARD MORLAND";"48,8489270";"2,3645210"
"202000031637";"30";"9";"2020";"17:45";"1";"94";"94078";"2";"1";"1";"7";"L'APPEL DU DIX-HUIT JUIN 1940 (AV DE)";"48,7540746";"2,4444640"
"202000031638";"30";"9";"2020";"14:40";"1";"94";"94042";"2";"1";"8";"3";"GENERAL GALLIENI (AV DU)";"48,8201290";"2,4747950"
"202000031639";"30";"9";"2020";"11:10";"1";"94";"94052";"2";"1";"1";"3";"STRASBOURG - RPT DU MARECHAL FOCH (BD DE";"48,8376440";"2,4773450"
"202000031640";"29";"9";"2020";"13:20";"1";"94";"94046";"2";"1";"2";" -1";"SAINT GEORGES (R)";"48,8044800";"2,4304600"
"202000031641";"29";"9";"2020";"16:40";"1";"94";"94028";"2";"6";"2";"2";"FOCH(AVENUE DU MARECHAL)";"48,7845880";"2,4365710"
"202000031642";"30";"9";"2020";"21:20";"5";"93";"93027";"2";"1";"1";"2";"RASPAIL (RUE)";"48,9242000";"2,3957000"
"202000031643";"30";"9";"2020";"12:50";"1";"93";"93077";"2";"1";"8";"6";"NEUILLY (RUE DE)";"48,8777097";"2,5213874"
"202000031644";"29";"9";"2020";"12:20";"1";"93";"93049";"2";"2";"2";"3";"ROSNY (AVENUE)";"48,8708669";"2,5123359"
"202000031645";"29";"9";"2020";"07:30";"5";"93";"93063";"2";"7";"2";"6";"CARNOT PLACE";"48,8838637";"2,4407499"
"202000031646";"30";"9";"2020";"13:45";"1";"93";"93031";"2";"1";"1";"3";"MARNE (AVENUE DE LA)";"48,9580209";"2,3256544"
"202000031647";"29";"9";"2020";"13:10";"1";"93";"93029";"2";"1";"2";"6";"HENRI BARBUSSE (AVE) N°126-280";"48,9225153";"2,4567895"
"202000031648";"30";"9";"2020";"19:15";"2";"93";"93001";"2";"1";"1";"3";"REPUBLIQUE (AVE DE LA ) DE 52 A 104";"48,9101273";"2,3856248"
"202000031649";"30";"9";"2020";"18:41";"1";"75";"75114";"2";"2";"1";"6";"ADOLPHE PINARD (BOULEVARD)";"48,8236160";"2,3083960"
"202000031650";"30";"9";"2020";"14:00";"1";"92";"92075";"2";"1";"8";"3";"LYCEE (BOULEVARD DU)";"48,8223160";"2,2848983"
"202000031651";"30";"9";"2020";"13:35";"1";"92";"92073";"2";"1";"8";"6";"PAIX (PLACE DE LA)";"48,8646990";"2,2048930"
"202000031652";"30";"9";"2020";"20:20";"5";"92";"92062";"2";"1";"1";"3";"GODEFROY (RUE) PAIR";"48,8809780";"2,2426870"
"202000031653";"29";"9";"2020";"20:30";"5";"92";"92025";"2";"1";"1";"5";"STALINGRAD (AV DE)";"48,9307990";"2,2672870"
"202000031654";"30";"9";"2020";"21:25";"5";"92";"92060";"2";"6";"1";"3";"DESCARTES (AVENUE)";"48,7763100";"2,2499500"
"202000031655";"1";"10";"2020";"11:45";"1";"37";"37058";"1";"1";"1";"1";"N/A";"47,2411119";"0,1715173"
"202000031656";"30";"9";"2020";"16:30";"1";"01";"01074";"1";"3";"1";"2";"D904";"45,9887360";"5,1908680"
"202000031657";"1";"10";"2020";"08:45";"1";"26";"26045";"2";"1";"1";"6";"120 Route d'Aleyrac";"44,5412910";"4,9340470"
"202000031658";"1";"10";"2020";"20:15";"3";"17";"17285";"1";"1";"2";"1";"D128";"45,8093160";" -0,6500390"
"202000031659";"30";"9";"2020";"17:58";"1";"81";"81250";"2";"3";"1";"3";"La Poussie Hameau";"43,7578480";"2,1619570"
"202000031660";"30";"9";"2020";"12:20";"1";"28";"28398";"1";"1";"1";"7";"2 Rue Saint-lubin";"48,2369580";"1,0534160"
"202000031661";"25";"9";"2020";"06:50";"2";"83";"83130";"1";"1";"1";"3";"816 Chemin de Sauvebonne";"43,1864866";"6,0618251"
"202000031662";"30";"9";"2020";"20:15";"3";"19";"19031";"1";"1";"1";" -1";"A20";"45,1388320";"1,4901550"
"202000031663";"1";"10";"2020";"08:45";"1";"42";"42308";"1";"4";"1";"6";"Route de Saint Paul En Jarez";"45,4530878";"4,5822547"