"Num_Acc";"jour";"mois";"an";"hrmn";"lum";"dep";"com";"agg";"int";"atm";"col";"adr";"lat";"long"
"202000031664";"30";"9";"2020";"13:30";"1";"62";"62022";"2";"1";"1";"6";"4 Route du Mont Evente";"50,7326190";"1,8017100"
"202000031665";"29";"9";"2020";"20:00";"3";"51";"51662";"1";"1";"2";"7";"D88";"49,2893424";"4,1275760"
"202000031666";"1";"10";"2020";"05:00";"3";"51";"51391";"1";"1";"3";"1";"N31";"49,2750882";"3,8640137"
"202000031667";"27";"9";"2020";"01:15";"5";"74";"74225";"2";"2";"1";"3";"Boulevard Louis Dagand";"45,8677720";"5,9386950"
"202000031668";"30";"9";"2020";"15:50";"1";"77";"77101";"2";"1";"8";"3";"D75";"48,4132940";"3,1004410"
"202000031669";"1";"10";"2020";"15:30";"1";"81";"81220";"1";"1";"2";"1";"la valière";"43,7904280";"1,6887620"
"202000031670";"1";"10";"2020";"08:30";"1";"63";"63149";"1";"2";"1";"3";"D224";"45,8927260";"3,2589910"
"202000031671";"30";"9";"2020";"14:25";"1";"63";"63262";"1";"1";"1";"2";"Rd 978";"45,6966970";"3,1638100"
"202000031672";"27";"9";"2020";"07:45";"2";"49";"49109";"1";"1";"1";"1";"pk 41 proximité lieu dit ""le reve""";"47,1299950";" -0,6178310"
"202000031673";"1";"10";"2020";"17:35";"1";"25";"25160";"1";"1";"2";"1";"RD 437 PR 63+950";"47,0342010";"6,5597610"
"202000031674";"30";"9";"2020";"16:00";"1";"44";"44007";"1";"1";"8";"1";"la boissiere";"47,6420730";" -1,9043470"
"202000031675";"30";"9";"2020";"19:50";"5";"35";"35310";"2";"6";"3";"3";"Rue de Romagné";"48,3431220";" -1,3066650"
"202000031676";"30";"9";"2020";"10:20";"1";"29";"29163";"2";"1";"2";"6";"12 Rue des Bruyères";"48,5098350";" -3,8752866"
"202000031677";"29";"9";"2020";"18:30";"1";"29";"29191";"2";"2";"1";"3";"Rue Angela Duval";"48,5240460";" -3,7175550"
"202000031678";"30";"9";"2020";"08:20";"1";"31";"31011";"1";"1";"1";"1";"35 Route de Barat";"43,0017032";"0,9049584"
"202000031679";"30";"9";"2020";"05:50";"5";"84";"84089";"2";"6";"1";"3";"Boulevard Jean Guigues";"43,6985610";"5,5019030"
"202000031680";"1";"10";"2020";"08:30";"1";"01";"01199";"2";"1";"1";"6";"2 Rue de l'Eglise";"46,0391540";"5,4096200"
"202000031681";"1";"10";"2020";"10:15";"1";"60";"60509";"2";"2";"3";"6";"Rue Louis Pasteur";"49,3076650";"2,6030410"
"202000031682";"28";"9";"2020";"17:45";"1";"43";"43199";"1";"1";"2";"1";"Route des Sucs";"45,1126940";"4,1790320"
"202000031683";"1";"10";"2020";"07:50";"2";"16";"16153";"2";"1";"2";"6";"24 Avenue Carnot (Gondeville)";"45,6766660";" -0,1755740"
"202000031684";"30";"9";"2020";"17:30";"1";"24";"24038";"1";"1";"1";"7";"D708";"45,2943020";"0,3566690"
"202000031685";"9";"9";"2020";"15:30";"1";"24";"24156";"2";"1";"1";"7";"D45e";"45,0598730";"0,8660210"
"202000031686";"29";"9";"2020";"22:40";"3";"28";"28280";"1";"6";"1";"6";"D9";"48,3178930";"0,7961230"
"202000031687";"1";"10";"2020";"18:15";"1";"17";"17188";"1";"1";"1";"3";"D939";"45,8558890";" -0,2488710"
"202000031688";"30";"9";"2020";"17:15";"1";"30";"30341";"1";"1";"1";"7";"D6572";"43,6802250";"4,2779300"
"202000031689";"26";"9";"2020";"21:50";"3";"30";"30122";"1";"1";"1";"7";"D907";"43,8917540";"4,2321400"
"202000031690";"1";"10";"2020";"04:30";"3";"53";"53009";"1";"1";"9";"3";"La Maison Neuve";"47,9926650";" -0,6317140"
"202000031691";"30";"9";"2020";"17:30";"1";"74";"74159";"1";"1";"1";"4";"Pratz";"46,0043250";"6,6293910"
"202000031692";"30";"9";"2020";"12:30";"1";"28";"28392";"1";"1";"1";"2";"Autoroute A10 PK 061+200 Sens 1";"48,2329420";"1,8493430"
"202000031693";"28";"9";"2020";"17:00";"1";"17";"17299";"1";"1";"1";"4";"A837";"45,9627400";" -0,9617650"
"202000031694";"27";"9";"2020";"00:15";"3";"34";"34226";"1";"1";"8";"7";"Voie communale 8";"43,3330130";"2,9790120"
"202000031695";"30";"9";"2020";"19:30";"3";"07";"07217";"1";"1";"1";"6";"N/A";"45,0637610";"4,7594830"
"202000031696";"30";"9";"2020";"15:50";"1";"01";"01264";"2";"2";"1";"5";"2210 Route de Trevoux";"46,1876740";"5,1180410"
"202000031697";"1";"10";"2020";"15:30";"1";"69";"69140";"2";"9";"8";"3";"Route de Charnay";"45,8865280";"4,6970630"
"202000031698";"30";"9";"2020";"19:00";"1";"69";"69009";"1";"6";"1";"3";"Avenue de la 1ere Armee";"45,9263080";"4,7083930"
"202000031699";"30";"9";"2020";"16:25";"1";"29";"29001";"2";"2";"3";"3";"D163 - Rue du Roi Gradlon";"48,2443087";" -4,3161977"
"202000031700";"30";"9";"2020";"20:10";"3";"13";"13026";"1";"1";"1";"6";"A55-Sens Marseille vers Martigues";"43,3877000";"5,1446500"
"202000031701";"30";"9";"2020";"21:25";"5";"33";"33039";"1";"1";"1";"3";"ROCADE A 630";"44,8003200";" -0,5354800"
"202000031702";"30";"9";"2020";"07:20";"3";"33";"33075";"1";"1";"1";"3";"ROCADE A 630";"44,8897700";" -0,6071600"
"202000031703";"30";"9";"2020";"08:10";"1";"33";"33281";"1";"1";"1";"2";"ROCADE A 630";"44,8458300";" -0,6706900"
"202000031704";"30";"9";"2020";"18:00";"1";"92";"92063";"1";"1";"1";"4";"A86";"48,8893900";"2,1685900"
"202000031705";"30";"9";"2020";"12:15";"1";"78";"78423";"1";"1";"2";"6";"RN12";"48,7954720";"2,0462600"
"202000031706";"30";"9";"2020";"16:55";"1";"93";"93008";"1";"1";"1";"3";"AUTOROUTE A86";"48,9136900";"2,4335100"
"202000031707";"30";"9";"2020";"10:30";"1";"93";"93066";"1";"1";"1";" -1";"AUTOROUTE A1";"48,9249148";"2,3568453"
"202000031708";"30";"9";"2020";"09:30";"1";"95";"95252";"1";"1";"2";"6";"AUTOROUTE A15";"48,9765200";"2,2360900"
"202000031709";"29";"9";"2020";"08:45";"1";"69";"69383";"2";"1";"1";"3";"RICHARD VITTON                      (CO)";"45,7530066";"4,8958724"
"202000031710";"29";"9";"2020";"08:15";"1";"972";"97213";"2";"3";"2";"3";"ROUTE DEPARTEMENTALE 15";"14,6336073";" -61,0085392"
"202000031711";"29";"9";"2020";"17:15";"1";"69";"69389";"2";"1";"1";"3";"SIDOINE APPOLINAIRE                 (AV)";"45,7720800";"4,7960800"
"202000031712";"23";"9";"2020";"10:05";"1";"971";"97120";"2";"3";"1";"3";"Amitié des peuples";"16,2429000";" -61,5396000"
"202000031713";"29";"9";"2020";"13:30";"1";"95";"95268";"2";"1";"2";"6";"AV DE STALINGRAD";"48,9726200";"2,4170500"
"202000031714";"29";"9";"2020";"11:50";"1";"91";"91645";"2";"2";"2";"3";"GEORGES POMPIDOU (AVENUE)";"48,7546640";"2,2745110"
"202000031715";"29";"9";"2020";"07:00";"5";"91";"91064";"2";"3";"2";"6";"PETIT BIEVRES (RUE DU)";"48,7539400";"2,2157600"
"202000031716";"29";"9";"2020";"11:35";"1";"91";"91161";"2";"1";"2";"2";"MAZARIN (AVENUE)";"48,7038000";"2,3177400"
"202000031717";"28";"9";"2020";"08:05";"1";"91";"91223";"2";"6";"2";"7";"LYS (RUE DES)";"48,4416200";"2,1369800"
"202000031718";"28";"9";"2020";"08:50";"1";"91";"91514";"1";"1";"2";"4";"ROUTE NATIONALE 6";"48,6634050";"2,5146070"
"202000031719";"23";"9";"2020";"12:30";"1";"89";"89387";"2";"1";"1";"5";"QUATORZE JUILLET (BOULEVARD)";"48,1956800";"3,2877700"
"202000031720";"28";"9";"2020";"16:26";"1";"87";"87050";"2";"3";"1";"3";"ALSACE (RUE D')";"45,8704600";"1,2362000"
"202000031721";"28";"9";"2020";"18:44";"1";"87";"87085";"1";"1";"1";"6";"CARNE (RUE MARCEL)";"45,8822700";"1,1711100"
"202000031722";"28";"9";"2020";"16:55";"1";"87";"87085";"2";"1";"1";"3";"JOURDAN (PLACE)";"45,8318800";"1,2631100"
"202000031723";"29";"9";"2020";"18:00";"1";"86";"86194";"2";"1";"1";"3";"Boulevard Anatole France";"46,5774000";"0,3488000"
"202000031724";"28";"9";"2020";"17:30";"1";"83";"83137";"2";"1";"1";"6";"VIENNE (RUE HENRI)";"43,1294100";"5,9220800"
"202000031725";"29";"9";"2020";"10:15";"1";"83";"83069";"1";"1";"1";"3";"BORDS DU GAPEAU (CHEMIN DES)";"43,1258900";"6,1711100"
"202000031726";"29";"9";"2020";"06:45";"2";"83";"83069";"1";"1";"1";"7";"Pierrefeu (ROUTE DE) RD 12";"43,1606860";"6,1256090"
"202000031727";"28";"9";"2020";"07:30";"2";"80";"80021";"2";"2";"1";"3";"SAGEBIEN (RUE)";"49,8782700";"2,2909900"
"202000031728";"29";"9";"2020";"23:00";"3";"77";"77513";"1";"1";"1";"6";"A 140";"48,9415000";"2,8481700"
"202000031729";"28";"9";"2020";"08:25";"1";"76";"76231";"1";"1";"1";"2";"SAUSSAYE. RUE DE LA";"49,2715500";"0,9970900"
"202000031730";"29";"9";"2020";"12:05";"1";"74";"74093";"2";"1";"1";"1";"REPUBLIQUE (AVENUE DE LA)";"45,9080000";"6,1039900"
"202000031731";"28";"9";"2020";"12:40";"1";"71";"71040";"2";"1";"2";"3";"MACON (ROUTE DE)";"46,6914481";"4,3911564"
"202000031732";"29";"9";"2020";"19:20";"5";"69";"69266";"2";"1";"1";"7";"SOIE     (Rue de la)";"45,7624021";"4,9160301"
"202000031733";"29";"9";"2020";"13:45";"1";"69";"69266";"2";"1";"1";"6";"Rue Jean Jaurès";"45,7575100";"4,8824100"
"202000031734";"28";"9";"2020";"10:00";"1";"69";"69275";"1";"1";"2";"1";"PEPINIERES (DES)                    (CH)";"45,7835214";"4,9523823"
"202000031735";"29";"9";"2020";"11:30";"1";"67";"67482";"2";"8";"8";"3";"JARDINIERS (RUE DES)";"48,5996339";"7,7835230"
"202000031736";"28";"9";"2020";"16:05";"1";"67";"67482";"2";"3";"8";"3";"BRIGADE ALSACE LORRAINE (RUE DE LA)";"48,5769900";"7,7536600"
"202000031737";"25";"9";"2020";"22:22";"5";"66";"66136";"2";"3";"1";"3";"SOUVENIRS (ALLEE DES)";"42,6881273";"2,8927282"
"202000031738";"27";"9";"2020";"16:20";"1";"66";"66136";"1";"1";"1";"3";"PRADES (AVENUE DE ) ST CHARLES";"42,6894300";"2,8313100"
"202000031739";"29";"9";"2020";"15:05";"1";"64";"64024";"2";"1";"1";"3";"ESPAGNE (AVENUE D')";"43,4784900";" -1,5218200"
"202000031740";"29";"9";"2020";"08:30";"1";"64";"64024";"2";"1";"1";"3";"BAB (BOULEVARD DU)";"43,4885045";" -1,5355001"
"202000031741";"29";"9";"2020";"07:20";"2";"64";"64024";"2";"1";"1";"7";"DOUS BOS (RUE DE)";"43,4896700";" -1,5024600"
"202000031742";"15";"9";"2020";"19:15";"1";"60";"60057";"2";"1";"1";" -1";"NOTRE DAME DU THIL (RUE)";"49,4447900";"2,0800300"
"202000031743";"25";"7";"2020";"23:00";"5";"59";"59328";"2";"2";"2";"6";"HIPPODROME AV DE L N°134 AU 240";"50,6445659";"3,0286404"
"202000031744";"28";"9";"2020";"07:55";"2";"56";"56162";"2";"1";"1";"6";"DUPUY DE LOME (RUE)";"47,7442900";" -3,3986600"
"202000031745";"29";"9";"2020";"18:55";"1";"51";"51454";"2";"2";"1";"3";"Avenue du Général de Gaulle";"49,2456586";"4,0177865"
"202000031746";"12";"9";"2020";"03:47";"5";"49";"49007";"2";"1";"1";"6";"PARMENTIER";"47,4537200";" -0,5224700"
"202000031747";"26";"9";"2020";"12:21";"1";"49";"49007";"2";"1";"1";"6";"VOIE DES BERGES";"47,4785800";" -0,5527700"
"202000031748";"28";"9";"2020";"08:40";"1";"49";"49267";"2";"1";"1";"2";"A87N";"47,4842100";" -0,4984100"
"202000031749";"17";"9";"2020";"15:37";"1";"49";"49007";"2";"3";"1";"3";"AYRAULT";"47,4754000";" -0,5487100"
"202000031750";"28";"9";"2020";"13:10";"1";"34";"34172";"2";"2";"1";"3";"TOULOUSE (AVENUE DE";"43,5973821";"3,8642371"
"202000031751";"29";"9";"2020";"17:00";"1";"33";"33063";"2";"1";"1";"1";"QUAI RICHELIEU";"44,8391500";" -0,5671800"
"202000031752";"28";"9";"2020";"12:10";"1";"33";"33281";"2";"4";"1";"3";"AVE HENRI VIGNEAU";"44,8376100";" -0,6672700"
"202000031753";"26";"9";"2020";"03:30";"5";"33";"33063";"2";"2";"3";"1";"BD DU PRESIDENT WILSON / RUE DE L'ECOLE NORMALE";"44,8466700";" -0,5982800"
"202000031754";"29";"9";"2020";"12:25";"1";"33";"33009";"2";"6";"1";"2";"Avenue de la Libération";"44,6534700";" -1,1591500"
"202000031755";"13";"12";"2020";"00:20";"5";"93";"93005";"2";"6";"1";"3";"AV ANTOINE BOURDELLE / AV EUGENE SCHUELLER";"48,9301200";"2,5088900"
"202000031756";"13";"12";"2020";"19:15";"5";"93";"93008";"2";"2";"2";"3";"VAILLANT (AVENUE EDOUARD)";"48,9116505";"2,4649381"
"202000031757";"13";"12";"2020";"22:00";"3";"92";"92040";"2";"1";"2";"7";"CHEVALIER DE LA BARRE (DU)";"48,8216030";"2,2796170"
"202000031758";"13";"12";"2020";"21:25";"5";"92";"92012";"2";"2";"2";"7";"THIERS (RUE) 1/65";"48,8354560";"2,2495030"
"202000031759";"12";"12";"2020";"17:40";"5";"92";"92002";"2";"3";"1";"1";"AUGUSTE MOUNIE (RUE)";"48,7537459";"2,3034521"
"202000031760";"8";"12";"2020";"19:22";"5";"31";"31446";"2";"1";"1";"3";"Avenue Tolosane";"43,5484300";"1,4718780"
"202000031761";"14";"12";"2020";"14:45";"1";"974";"97412";"2";"3";"2";"1";" Rue Justinien Vitry";" -21,3773090";"55,6064790"
"202000031762";"14";"12";"2020";"16:05";"1";"01";"01322";"1";"2";"1";"3";"route departementale 6";"45,9427530";"4,8219730"
"202000031763";"13";"12";"2020";"12:30";"1";"83";"83048";"1";"1";"1";"3";"Chemin de Provence";"43,1965420";"6,5544070"
"202000031764";"13";"12";"2020";"09:50";"1";"62";"62615";"1";"1";"8";"6";"D304";"50,9006650";"1,8153830"
"202000031765";"18";"11";"2020";"15:30";"1";"57";"57269";"2";"3";"1";"1";"Boulevard du Parc";"49,2967860";"6,2029730"
"202000031766";"13";"12";"2020";"17:20";"3";"57";"57534";"1";"1";"1";"3";"D155b";"49,0738100";"6,2147430"
"202000031767";"11";"12";"2020";"17:00";"5";"51";"51507";"2";"2";"2";"4";"D3";"49,0909380";"4,9031750"
"202000031768";"14";"12";"2020";"09:30";"1";"76";"76302";"2";"1";"1";"6";"18 rue Emile Benard";"49,6455720";"0,3683580"
"202000031769";"13";"12";"2020";"18:30";"5";"79";"79079";"2";"1";"2";" -1";"25 Rue des Meuniers";"46,9513170";" -0,7925340"
"202000031770";"14";"12";"2020";"07:45";"3";"82";"82126";"1";"3";"8";"3";"47 chemin de roc";"44,1683130";"1,5772930"
"202000031771";"13";"12";"2020";"19:40";"3";"33";"33545";"1";"1";"1";"7";"Rue du Calvaire";"45,2509710";" -0,8763530"
"202000031772";"13";"12";"2020";"23:40";"3";"61";"61100";"1";"1";"2";"6";"Lieu Dit Fai";"48,7148080";"0,6192260"
"202000031773";"14";"12";"2020";"17:15";"2";"47";"47066";"1";"3";"1";"3";"D813";"44,2437960";"0,4186390"
"202000031774";"13";"12";"2020";"18:00";"3";"41";"41151";"2";"1";"2";"6";"105 Route de Vierzon (Bourré)";"47,3438060";"1,2424120"
"202000031775";"11";"12";"2020";"12:00";"1";"44";"44081";"2";"1";"3";"2";"7 Rue du Bocage";"46,8897510";" -1,6031830"
"202000031776";"14";"12";"2020";"10:00";"1";"31";"31345";"2";"1";"1";"6";"1 b Rue de Torrefarrera";"43,3663430";"1,4170120"
"202000031777";"14";"12";"2020";"07:30";"2";"02";"02279";"1";"1";"1";"1";"d 87";"49,1100060";"3,3203600"
"202000031778";"12";"12";"2020";"22:10";"3";"03";"03217";"1";"1";"8";"7";"N/A";"46,3575564";"2,6891361"
"202000031779";"13";"12";"2020";"18:30";"3";"70";"70257";"1";"1";"1";" -1";"D474";"47,4760280";"5,9299990"
"202000031780";"13";"12";"2020";"15:30";"1";"58";"58145";"1";"1";"1";"6";"D17";"47,2756370";"3,8359670"
"202000031781";"13";"12";"2020";"20:40";"3";"72";"72125";"1";"1";"2";"2";"D357";"47,9457000";"0,6555320"
"202000031782";"5";"12";"2020";"22:30";"3";"27";"27214";"1";"1";"1";"6";"route de rouen";"49,2938600";"1,4708800"
"202000031783";"14";"12";"2020";"08:30";"2";"28";"28304";"1";"1";"1";"1";"N154";"48,2909030";"1,7136960"
"202000031784";"11";"12";"2020";"18:35";"2";"973";"97309";"1";"1";"1";"7";"Rue du 19 Avril 2000";"4,8957100";" -52,2927980"
"202000031785";"13";"12";"2020";"22:20";"5";"973";"97309";"2";"1";"1";"1";"Route de Montabo";"4,9143840";" -52,2741940"
"202000031786";"13";"12";"2020";"09:00";"1";"974";"97412";"2";"3";"2";"1";"Rue Justinien Vitry";" -21,3773090";"55,6064790"
"202000031787";"6";"12";"2020";"22:15";"3";"974";"97415";"1";"1";"1";"1";"N1a";" -21,0713260";"55,2261900"
"202000031788";"9";"12";"2020";"18:15";"5";"977";"97701";"2";"1";"1";"3";"SAINT JEAN AÉROPORT";"17,9032970";" -62,8445110"
"202000031789";"14";"12";"2020";"12:40";"1";"28";"28285";"2";"2";"8";"3";"D122.7";"48,4641290";"1,7025050"
"202000031790";"11";"12";"2020";"19:30";"5";"45";"45089";"2";"1";"2";"1";"110 Avenue de Gien";"47,8929940";"2,0480660"
"202000031791";"13";"12";"2020";"07:00";"3";"77";"77257";"1";"1";"2";"7";"D102";"49,0336480";"3,0497360"
"202000031792";"14";"12";"2020";"04:00";"3";"13";"13004";"1";"1";"1";"6";"RN.572";"43,6832670";"4,5694110"
"202000031793";"11";"12";"2020";"22:29";"5";"67";"67451";"2";"1";"8";"6";"281 rue principale";"48,9863980";"8,0516820"
"202000031794";"11";"12";"2020";"20:50";"3";"88";"88183";"2";"1";"2";"6";"D53";"48,3959080";"5,6718310"
"202000031795";"11";"12";"2020";"12:40";"1";"74";"74037";"1";"3";"4";"6";"Rte de Chez Layat";"46,2246330";"6,3906690"
"202000031796";"9";"12";"2020";"07:30";"5";"38";"38565";"2";"1";"1";"2";"Avenue Jacques Prévert";"45,2880000";"5,6409100"
"202000031797";"11";"12";"2020";"12:00";"1";"33";"33080";"1";"1";"8";"1";"Avenue de Saint-médard-d'Eyrans";"44,7409930";" -0,5310370"
"202000031798";"14";"12";"2020";"06:16";"3";"85";"85003";"1";"1";"3";"6";"L'Herissonnière";"46,7690920";" -1,5996940"
"202000031799";"8";"12";"2020";"14:15";"1";"22";"22070";"2";"2";"1";"6";"Rue St Yves";"48,5628027";" -3,1549509"
"202000031800";"11";"12";"2020";"18:00";"3";"13";"13071";"1";"1";"3";"4";"A7-Sens Marseille vers Lyon";"43,4063000";"5,2918590"
"202000031801";"12";"12";"2020";"12:00";"1";"13";"13211";"1";"1";"1";"2";"A50-Sens Marseille vers Aubagne";"43,2924000";"5,4782200"
"202000031802";"11";"12";"2020";"14:18";"1";"13";"13071";"1";"1";"1";"2";"A7-Sens Marseille vers Lyon";"43,4057530";"5,3374310"
"202000031803";"11";"12";"2020";"00:15";"5";"13";"13202";"1";"1";"1";"6";"A55-Sens Marseille vers Martigues";"43,3328200";"5,3785700"
"202000031804";"2";"12";"2020";"17:30";"4";"69";"69266";"1";"1";"2";"2";"RD383   ";"45,7732443";"4,9001062"
"202000031805";"20";"11";"2020";"19:55";"3";"57";"57452";"1";"1";"1";"2";"Autoroute A31";"49,1536200";"6,1829500"
"202000031806";"13";"12";"2020";"16:00";"1";"92";"92002";"1";"1";"2";"7";"AUTOROUTE A10";"48,7364821";"2,3174313"
"202000031807";"12";"12";"2020";"21:10";"3";"94";"94021";"1";"1";"1";"2";"AUTOROUTE A6B";"48,7617000";"2,3403000"
"202000031808";"13";"12";"2020";"12:50";"1";"92";"92064";"1";"1";"1";"6";"A13";"48,8385031";"2,1923600"
"202000031809";"13";"12";"2020";"03:00";"5";"78";"78524";"1";"1";"1";"6";"A13";"48,8403000";"2,1129000"
"202000031810";"12";"12";"2020";"15:50";"1";"92";"92063";"1";"1";"2";"6";"A86";"48,8854343";"2,1652776"
"202000031811";"13";"12";"2020";"19:00";"3";"93";"93010";"1";"1";"2";"4";"AUTOROUTE A3";"48,9095700";"2,4742500"
"202000031812";"13";"12";"2020";"17:30";"2";"93";"93005";"1";"1";"2";"2";"AUTOROUTE A1";"48,9648000";"2,4750100"
"202000031813";"13";"12";"2020";"06:00";"3";"77";"77249";"1";"9";"1";"6";"RN104";"48,7342410";"2,6107580"
"202000031814";"12";"12";"2020";"12:45";"1";"988";"98818";"2";"1";"2";"3";"VE1 SENS SUD/NORD";" -22,2493400";"166,4524200"
"202000031815";"12";"12";"2020";"18:00";"1";"974";"97416";"2";"3";"1";"7";"GAGARINE (RUE YOURI)";" -21,3259700";"55,4793100"
"202000031816";"12";"12";"2020";"18:25";"1";"974";"97409";"2";"1";"1";"6";"MASCAREIGNES (Avenue des)";" -20,9332200";"55,6461500"
"202000031817";"12";"12";"2020";"08:55";"1";"974";"97407";"2";"6";"1";"3";"CARPAYE(AVENUE)";" -20,9496300";"55,3015800"
"202000031818";"12";"12";"2020";"02:10";"5";"973";"97302";"1";"1";"9";"3";"ROUTE NATIONALE 1";"4,9137803";" -52,3289260"
"202000031819";"12";"12";"2020";"13:45";"1";"69";"69387";"2";"1";"1";"3";"LORTET                              (R )";"45,7432300";"4,8349000"
"202000031820";"12";"12";"2020";"15:00";"1";"69";"69383";"2";"3";"2";"3";"GAMBETTA                            (CO)";"45,7500200";"4,8582600"
"202000031821";"12";"12";"2020";"10:40";"1";"69";"69259";"2";"3";"2";"6";"AMBROISE CROIZAT                    (BD)";"45,7004200";"4,8875000"
"202000031822";"12";"12";"2020";"14:00";"1";"972";"97213";"1";"1";"1";"3";"DEPARTEMENTALE 28";"14,6336662";" -60,9543800"
"202000031823";"11";"12";"2020";"22:10";"5";"972";"97209";"2";"1";"1";"7";"MONTREDON ( Rue Cécile)";"14,6114500";" -61,0430600"
"202000031824";"12";"12";"2020";"14:40";"1";"69";"69381";"2";"3";"8";"3";"JEAN MOULIN                         (QU)";"45,7677700";"4,8379600"
"202000031825";"11";"12";"2020";"18:50";"5";"69";"69034";"2";"1";"2";"2";"PIERRE BRUNIER                      (R )";"45,7846500";"4,8296800"
"202000031826";"12";"12";"2020";"12:10";"1";"95";"95476";"2";"1";"2";"6";"PUISEUX (RUE DE)";"49,0616340";"2,0579830"
"202000031827";"12";"12";"2020";"20:00";"5";"91";"91687";"2";"1";"2";"4";"GUISE (AVENUE DE)";"48,6540600";"2,3660100"
"202000031828";"11";"12";"2020";"12:00";"1";"91";"91434";"2";"1";"2";"4";"GRIBELETTE (BOULEVARD DE LA)";"48,6456400";"2,3491900"
"202000031829";"12";"12";"2020";"10:20";"1";"91";"91223";"2";"6";"1";"3";"VICTOIRE (ROND-POINT DE LA)";"48,4371500";"2,1631500"
"202000031830";"12";"12";"2020";"15:38";"1";"88";"88209";"2";"1";"2";"1";"LORRAINE (RUE DE)";"48,2093200";"6,4411300"
"202000031831";"11";"12";"2020";"18:35";"5";"78";"78123";"1";"1";"2";"5";"EUROPE BD DE L'";"48,9369150";"2,0383880"
"202000031832";"12";"12";"2020";"14:30";"1";"69";"69029";"2";"1";"8";"2";"LIONEL TERRAY                       (R )";"45,7295500";"4,8938600"
"202000031833";"11";"12";"2020";"19:38";"5";"69";"69290";"2";"1";"2";"4";"HEYRIEUX (D')                       (RO)";"45,6879507";"4,9422877"
"202000031834";"12";"12";"2020";"16:35";"5";"69";"69264";"2";"1";"1";"6";"MONPLAISIR";"45,9937222";"4,7230641"
"202000031835";"10";"12";"2020";"07:40";"2";"68";"68297";"2";"1";"1";"6";"HURST ( RUE )";"47,5860200";"7,5610500"
"202000031836";"11";"12";"2020";"19:39";"3";"68";"68154";"1";"1";"2";"2";"N/A";"47,7737300";"7,3504900"
"202000031837";"12";"12";"2020";"14:15";"1";"64";"64445";"2";"3";"1";"2";"18EME REGIMENT D'INFANTERIE DU";"43,2979500";" -0,3866700"
"202000031838";"11";"12";"2020";"13:50";"1";"64";"64445";"2";"1";"1";"3";"LOUIS SALLENAVE";"43,3172532";" -0,3598210"
"202000031839";"11";"12";"2020";"18:00";"5";"56";"56260";"2";"3";"8";"6";"Rue Alexandre le Pontois";"47,6541900";" -2,7576800"
"202000031840";"12";"12";"2020";"22:35";"5";"54";"54547";"2";"3";"2";" -1";"CHARMOIS (AVENUE DU)";"48,6668358";"6,1720888"
"202000031841";"12";"12";"2020";"21:00";"5";"54";"54025";"2";"4";"3";"3";"CHARTREUSE (AVENUE DE LA)";"48,6592925";"6,2592204"
"202000031842";"10";"12";"2020";"16:35";"2";"52";"52448";"1";"2";"1";"2";"RD384";"48,6249100";"4,9306600"
"202000031843";"11";"12";"2020";"18:11";"5";"37";"37261";"2";"3";"1";"6";"COLOMBIER (RUE)";"47,4224324";"0,7059695"
"202000031844";"12";"12";"2020";"20:45";"5";"33";"33063";"2";"2";"3";"3";"CRS PORTAL";"44,8542900";" -0,5722400"
"202000031845";"12";"12";"2020";"10:10";"1";"33";"33063";"2";"3";"2";"6";"AVE LOUIS BARTHOU CAUD";"44,8522200";" -0,6146400"
"202000031846";"12";"12";"2020";"21:50";"5";"30";"30189";"2";"2";"1";"7";"BONFA (RUE)";"43,8268100";"4,3611600"
"202000031847";"11";"12";"2020";"17:10";"5";"30";"30007";"2";"1";"3";"1";"FAUBOURG DU SOLEIL (RUE DU)";"44,1185100";"4,0797700"
"202000031848";"12";"12";"2020";"23:25";"3";"17";"17291";"1";"2";"8";"2";"N11";"46,1725100";" -1,1190200"
"202000031849";"11";"12";"2020";"18:15";"5";"14";"14557";"2";"1";"2";"3";"OX AND BUCKS (AVENUE)";"49,3391000";"0,0984000"
"202000031850";"12";"12";"2020";"21:20";"5";"13";"13207";"2";"1";"1";"6";"Corniche John Fitzgérald Kennedy";"43,2753860";"5,3598460"
"202000031851";"12";"12";"2020";"13:55";"1";"13";"13209";"2";"9";"1";"2";"SAINTE MARGUERITE (BOULEVARD)";"43,2651890";"5,4089530"
"202000031852";"11";"12";"2020";"16:15";"1";"01";"01014";"2";"1";"6";"6";"PASTEUR (RUE)";"46,2750000";"5,6739500"
"202000031853";"11";"12";"2020";"12:46";"1";"75";"75112";"2";"4";"1";"3";"ECHANGEUR BERCY";"48,8276520";"2,3939820"
"202000031854";"11";"12";"2020";"07:57";"5";"75";"75106";"2";"2";"2";"6";"BOULEVARD RASPAIL";"48,8480910";"2,3279330"
"202000031855";"12";"12";"2020";"18:10";"5";"75";"75119";"2";"1";"2";"2";"RUE DE MEAUX";"48,8823550";"2,3747750"
"202000031856";"11";"12";"2020";"20:19";"5";"75";"75116";"2";"1";"2";"3";"BOULEVARD LANNES";"48,8658750";"2,2709810"