"Num_Acc";"jour";"mois";"an";"hrmn";"lum";"dep";"com";"agg";"int";"atm";"col";"adr";"lat";"long"
"202000031857";"12";"12";"2020";"19:55";"5";"75";"75115";"2";"2";"2";"3";"AVENUE DE LA PORTE BRANCION";"48,8254430";"2,3004320"
"202000031858";"12";"12";"2020";"19:25";"5";"75";"75107";"2";"1";"2";"5";"QUAI ANATOLE FRANCE";"48,8617980";"2,3218590"
"202000031859";"12";"12";"2020";"18:45";"5";"75";"75113";"2";"1";"1";"6";"AVENUE D ITALIE";"48,8271000";"2,3569850"
"202000031860";"12";"12";"2020";"15:24";"1";"75";"75113";"2";"3";"3";"6";"BOULEVARD MASSENA";"48,8205600";"2,3660350"
"202000031861";"12";"12";"2020";"10:40";"1";"75";"75110";"2";"1";"1";"3";"BOULEVARD DE STRASBOURG";"48,8733670";"2,3565280"
"202000031862";"12";"12";"2020";"14:50";"1";"75";"75102";"2";"5";"2";"5";"RUE DU QUATRE SEPTEMBRE";"48,8697130";"2,3359220"
"202000031863";"12";"12";"2020";"12:20";"1";"75";"75104";"2";"1";"1";"6";"RUE SAINT MARTIN";"48,8587890";"2,3499800"
"202000031864";"12";"12";"2020";"11:05";"1";"94";"94021";"2";"2";"1";"3";"GENERAL DE GAULLE (AV DU)";"48,7729920";"2,3384940"
"202000031865";"12";"12";"2020";"13:50";"1";"93";"93078";"2";"2";"1";"3";"CLEMENCEAU (AVENUE GEORGES)";"48,9582348";"2,5585283"
"202000031866";"12";"12";"2020";"13:10";"1";"93";"93070";"2";"1";"2";"6";"ROSIERS(DES) : APRES 61";"48,9014300";"2,3438100"
"202000031867";"11";"12";"2020";"07:10";"5";"93";"93066";"2";"1";"3";"6";"BD FRANCE ANATOLE";"48,9217900";"2,3458000"
"202000031868";"12";"12";"2020";"18:45";"5";"93";"93053";"2";"3";"2";"5";"PARIS (RUE DE)";"48,9022364";"2,4621573"
"202000031869";"12";"12";"2020";"12:35";"1";"93";"93053";"2";"2";"2";"3";"JULES AUFFRET (RUE)";"48,8878500";"2,4545100"
"202000031870";"12";"12";"2020";"15:50";"1";"93";"93029";"2";"1";"2";"6";"JACQUELINE QUATREMAIRE";"48,9170893";"2,4585538"
"202000031871";"12";"12";"2020";"14:14";"1";"92";"92075";"2";"1";"2";"6";"JEAN BLEUZEN (RUE)";"48,8240000";"2,2978000"
"202000031872";"12";"12";"2020";"07:45";"2";"92";"92076";"2";"1";"2";"1";"JARDY";"48,8347824";"2,1543925"
"202000031873";"12";"12";"2020";"17:27";"5";"92";"92050";"2";"3";"1";"6";"STALINGRAD RUE DE";"48,8931060";"2,1979090"
"202000031874";"12";"12";"2020";"17:00";"3";"92";"92023";"2";"1";"2";"2";"GENERAL EISENHOWER (AVENUE)";"48,7768700";"2,2285600"
"202000031875";"12";"12";"2020";"20:27";"5";"92";"92002";"2";"1";"8";"2";"DIVISION LECLERC (53 A 217 - 58 A 186)";"48,7517447";"2,3045225"
"202000031876";"13";"12";"2020";"17:50";"5";"95";"95058";"2";"1";"2";"1";"D929";"49,1566056";"2,2900790"
"202000031877";"12";"12";"2020";"20:00";"3";"972";"97216";"1";"1";"1";"1";"N1, PK 40+800";"14,8254300";" -61,0405430"
"202000031878";"12";"12";"2020";"12:29";"1";"68";"68253";"1";"1";"1";"7";"D52";"47,8040160";"7,5328580"
"202000031879";"12";"12";"2020";"10:55";"1";"69";"69100";"2";"4";"9";"3";"Rue de la Mouche";"45,6950690";"4,8207574"
"202000031880";"13";"12";"2020";"13:30";"1";"77";"77456";"2";"3";"8";"6";"Rue de la mairie";"48,5093620";"3,2819350"
"202000031881";"13";"12";"2020";"14:00";"1";"2A";"2A006";"1";"1";"1";"3";"CD 81";"41,9839110";"8,7754960"
"202000031882";"12";"12";"2020";"16:20";"1";"33";"33151";"1";"1";"2";"6";"Lieu Dit le Gablezac";"45,2768480";" -0,4362990"
"202000031883";"12";"12";"2020";"17:30";"2";"63";"63242";"1";"1";"8";"6";"RD 909";"45,3988270";"3,2680250"
"202000031884";"8";"12";"2020";"18:25";"3";"63";"63239";"1";"1";"1";"6";"D9";"45,7110576";"3,3491765"
"202000031885";"9";"12";"2020";"17:10";"2";"12";"12264";"2";"1";"1";"6";"Avenue Louis Tabardel";"44,4033251";"2,5994140"
"202000031886";"2";"8";"2020";"10:30";"1";"34";"34025";"2";"2";"1";"1";"5 Avenue de Servian";"43,4108620";"3,2558210"
"202000031887";"13";"12";"2020";"10:15";"1";"22";"22157";"1";"1";"2";"7";"24 la croix neuve";"48,2898010";" -3,4880840"
"202000031888";"12";"12";"2020";"12:40";"1";"22";"22046";"1";"1";"2";"1";"D792";"48,2434100";" -2,5552980"
"202000031889";"12";"12";"2020";"21:25";"3";"35";"35096";"1";"1";"2";"6";"D95";"48,0853040";" -1,4010140"
"202000031890";"12";"12";"2020";"15:30";"1";"35";"35099";"1";"2";"1";"3";"La Rougeraie";"48,0648090";" -1,5615610"
"202000031891";"12";"12";"2020";"12:15";"1";"14";"14174";"2";"2";"1";"3";"Avenue de Verdun";"48,8500710";" -0,5494130"
"202000031892";"13";"12";"2020";"08:40";"1";"64";"64259";"1";"1";"1";"6";"RD22";"43,2991620";" -1,2482790"
"202000031893";"12";"12";"2020";"13:00";"1";"36";"36043";"1";"1";"8";"1";"la vergne";"46,5442220";"1,9222640"
"202000031894";"13";"12";"2020";"18:30";"3";"16";"16165";"1";"1";"1";"6";"Lieu dit Les Groies";"45,7461240";" -0,2014640"
"202000031895";"12";"12";"2020";"22:00";"3";"24";"24214";"1";"1";"1";"6";"Les Eyssarts";"45,5806920";"0,5279820"
"202000031896";"13";"12";"2020";"03:30";"5";"987";"98752";"1";"1";"1";"7";"PK 55+600 RT1";" -17,7220550";" -149,4046530"
"202000031897";"13";"12";"2020";"15:00";"1";"06";"06004";"1";"1";"1";"3";"A8 PK 173.300 SUD";"43,6073380";"7,0951080"
"202000031898";"12";"12";"2020";"19:30";"3";"51";"51507";"1";"1";"2";"7";"A4";"49,0760594";"4,9153219"
"202000031899";"13";"12";"2020";"08:00";"2";"988";"98803";"1";"1";"3";"6";"Route du Creek Haymes";" -21,6608980";"165,5361560"
"202000031900";"30";"8";"2020";"17:30";"2";"988";"98811";"1";"1";"1";"6";"transversale Konetiwaka";" -21,0330500";"164,9680300"
"202000031901";"13";"12";"2020";"05:10";"5";"70";"70279";"2";"1";"1";"6";"rue victor hugo";"47,4442050";"5,5914510"
"202000031902";"11";"12";"2020";"22:15";"5";"38";"38475";"2";"1";"2";"7";"Rue des Combes";"45,6707730";"5,1075860"
"202000031903";"11";"12";"2020";"19:06";"3";"33";"33435";"1";"6";"1";"2";"D19";"44,5639070";" -0,2438720"
"202000031904";"13";"12";"2020";"01:47";"3";"60";"60047";"1";"1";"2";"7";"route 330";"49,1738914";"2,7000693"
"202000031905";"11";"12";"2020";"17:30";"5";"62";"62318";"2";"2";"2";"5";"RUE DE LA PIERRE TROUÉE";"50,5200880";"1,6414740"
"202000031906";"11";"12";"2020";"19:15";"5";"13";"13001";"1";"1";"2";"7";"A51-Sens Aix en Provence vers Marseille";"43,5235869";"5,4265999"
"202000031907";"11";"12";"2020";"17:40";"3";"13";"13088";"1";"1";"2";"5";"A55-Sens Marseille vers Martigues";"43,3916760";"5,2593170"
"202000031908";"12";"12";"2020";"19:45";"3";"33";"33063";"1";"1";"2";"6";"N/A";"44,8858320";" -0,5606600"
"202000031909";"12";"12";"2020";"19:00";"3";"91";"91689";"1";"1";"1";"2";"AUTOROUTE A6B";"48,7391000";"2,3199000"
"202000031910";"12";"12";"2020";"14:50";"1";"77";"77251";"1";"1";"2";"6";"AUTOROUTE A5A";"48,6193900";"2,5549200"
"202000031911";"12";"12";"2020";"14:40";"1";"91";"91645";"1";"1";"2";"6";"RN 385 Extèrieure";"48,7596000";"2,2675000"
"202000031912";"12";"12";"2020";"12:50";"1";"94";"94034";"1";"1";"3";"4";"AUTOROUTE A86";"48,7577300";"2,3281000"
"202000031913";"12";"12";"2020";"07:30";"3";"91";"91340";"1";"1";"1";"3";"RN 104";"48,6100000";"2,4420000"
"202000031914";"12";"12";"2020";"01:52";"5";"94";"94037";"1";"1";"1";"6";"AUTOROUTE A6B";"48,8164806";"2,3578369"
"202000031915";"12";"12";"2020";"12:15";"1";"78";"78133";"1";"1";"1";"6";"SE A14";"48,9133710";"2,0436920"
"202000031916";"11";"12";"2020";"13:20";"1";"92";"92036";"1";"1";"2";"4";"RN315 W";"48,9237880";"2,3049267"
"202000031917";"12";"12";"2020";"06:00";"4";"95";"95306";"1";"1";"2";"2";" A15";"48,9961300";"2,1813300"
"202000031918";"11";"12";"2020";"22:30";"3";"93";"93027";"1";"1";"2";"6";"BDL";"48,9268000";"2,4034000"
"202000031919";"12";"12";"2020";"22:20";"3";"77";"77146";"1";"1";"2";" -1";"RN104.EXT";"48,8081800";"2,6303700"
"202000031920";"12";"12";"2020";"12:20";"1";"94";"94028";"1";"9";"1";"2";"A86 INT";"48,7763620";"2,4332540"
"202000031921";"29";"9";"2020";"19:00";"2";"78";"78372";"2";"1";"8";"6";"CARNOT (RUE)";"48,8713000";"2,0957000"
"202000031922";"16";"9";"2020";"14:43";"1";"49";"49007";"2";"1";"1";"6";"LETANDUERE";"47,4567100";" -0,5539600"
"202000031923";"11";"9";"2020";"11:35";"1";"49";"49267";"2";"1";"1";"6";"GATS";"47,4745400";" -0,5156700"
"202000031924";"21";"6";"2020";"11:40";"1";"30";"30028";"2";"6";"1";"3";"ANCYSE (AVENUE DEL')";"44,1599700";"4,6139400"
"202000031925";"11";"10";"2020";"08:20";"1";"13";"13211";"2";"6";"1";"6";"PEINTRES ROUX (avenue)";"43,2976690";"5,4791630"
"202000031926";"8";"12";"2020";"15:50";"1";"974";"97409";"2";"1";"3";"6";"CHEMIN AGENOR";" -20,9492674";"55,6855655"
"202000031927";"9";"12";"2020";"06:00";"1";"974";"97407";"2";"1";"1";"3";"Rue du Général de Gaulle";" -20,9417200";"55,2962600"
"202000031928";"11";"12";"2020";"20:00";"5";"973";"97302";"2";"1";"1";"3";"ZEPHIR (ROCADE)";"4,9396483";" -52,3053932"
"202000031929";"11";"12";"2020";"15:15";"1";"973";"97302";"2";"9";"1";"3";"MADELEINE (ROUTE DE LA)";"4,9107226";" -52,3214714"
"202000031930";"11";"12";"2020";"14:07";"1";"973";"97302";"2";"1";"1";"3";"BADUEL (ROUTE DE)";"4,9290447";" -52,3012304"
"202000031931";"11";"12";"2020";"06:30";"1";"973";"97302";"2";"3";"1";"3";"MONTABO (ROUTE DE) 1";"4,9427700";" -52,3059800"
"202000031932";"10";"12";"2020";"12:40";"1";"973";"97302";"2";"1";"1";"3";"MONTABO (ROUTE DE) 1";"4,9362874";" -52,2964040"
"202000031933";"11";"12";"2020";"21:00";"4";"69";"69386";"2";"2";"2";"3";"GERMAIN                             (R )";"45,7600000";"4,8600000"
"202000031934";"11";"12";"2020";"15:45";"1";"69";"69383";"2";"1";"1";"6";"ANDRE PHILIP                        (R )";"45,7582486";"4,8510448"
"202000031935";"11";"12";"2020";"07:50";"2";"69";"69387";"2";"1";"1";"2";"CHAMBAUD DE LA BRUYERE              (BD)";"45,7232500";"4,8420600"
"202000031936";"11";"12";"2020";"17:50";"2";"972";"97213";"2";"1";"1";"2";"AUTOROUTE A1";"14,6145700";" -61,0122800"
"202000031937";"11";"12";"2020";"07:30";"1";"972";"97209";"2";"1";"1";"6";"ALFASSA (BOULEVARD)";"14,6018600";" -61,0676800"
"202000031938";"1";"12";"2020";"02:20";"5";"69";"69384";"2";"1";"1";"6";"SERIN (DE)                          (PL)";"45,7742200";"4,8127200"
"202000031939";"11";"12";"2020";"19:05";"5";"69";"69382";"2";"1";"3";"6";"CHARLEMAGNE                         (CO)";"45,7412900";"4,8197600"
"202000031940";"10";"12";"2020";"12:30";"1";"69";"69382";"2";"3";"1";"3";"MARECHAL JOFFRE (DU)                (QU)";"45,7540600";"4,8254000"
"202000031941";"11";"12";"2020";"09:40";"1";"2B";"2B033";"2";"1";"1";"4";"11 - RT";"42,6860400";"9,4462300"
"202000031942";"11";"12";"2020";"08:15";"1";"2B";"2B033";"2";"3";"1";"3";"FRANCOIS VITTORI";"42,6770700";"9,4387800"
"202000031943";"10";"12";"2020";"18:23";"5";"2B";"2B033";"2";"6";"8";"6";"LUPINO";"42,6801100";"9,4419800"
"202000031944";"11";"12";"2020";"21:15";"5";"2A";"2A004";"2";"6";"1";" -1";"CAMPI LOUIS BD";"41,9451600";"8,7582300"
"202000031945";"11";"12";"2020";"08:10";"2";"91";"91549";"2";"1";"2";"6";"SEQUIGNY (RUE DE)";"48,6418600";"2,3227100"
"202000031946";"14";"1";"2020";"16:40";"1";"75";"75106";"2";"1";"1";"3";"RUE DE SEVRES";"48,8499663";"2,3235971"
"202000031947";"15";"1";"2020";"19:00";"5";"75";"75120";"2";"4";"2";"2";"BOULEVARD DAVOUT";"48,8559058";"2,4100595"
"202000031948";"15";"1";"2020";"12:36";"1";"75";"75120";"2";"2";"1";"6";"AVENUE GAMBETTA";"48,8665300";"2,3998980"
"202000031949";"15";"1";"2020";"12:00";"1";"75";"75120";"2";"1";"1";"6";"RUE SAINT BLAISE";"48,8582423";"2,4068293"
"202000031950";"15";"1";"2020";"16:00";"1";"75";"75119";"2";"1";"1";"3";"AVENUE JEAN JAURES";"48,8832576";"2,3720665"
"202000031951";"15";"1";"2020";"10:20";"1";"75";"75119";"2";"1";"1";"3";"RUE DE CRIMEE";"48,8811921";"2,3876247"
"202000031952";"15";"1";"2020";"08:20";"2";"75";"75119";"2";"4";"1";"3";"RUE SIGMUND FREUD";"48,8846860";"2,3988360"
"202000031953";"15";"1";"2020";"01:40";"5";"75";"75117";"2";"3";"1";"3";"RUE ANDRE BRECHET";"48,8989940";"2,3287530"
"202000031954";"15";"1";"2020";"20:20";"5";"75";"75116";"2";"1";"2";"6";"BOULEVARD DE L AMIRAL BRUIX";"48,8767980";"2,2828710"
"202000031955";"15";"1";"2020";"13:30";"1";"75";"75116";"2";"1";"8";" -1";"ALLEE DE LA REINE MARGUERITE";"48,8666652";"2,2502230"
"202000031956";"15";"1";"2020";"09:45";"1";"75";"75116";"2";"1";"1";"2";"VOIE GEORGES POMPIDOU";"48,8411230";"2,2687950"
"202000031957";"15";"1";"2020";"15:15";"1";"75";"75115";"2";"1";"1";"6";"RUE DE L AVRE";"48,8479154";"2,2976605"
"202000031958";"15";"1";"2020";"08:45";"1";"75";"75115";"2";"3";"1";"6";"RUE BRANCION";"48,8301880";"2,3019142"
"202000031959";"15";"1";"2020";"01:30";"5";"75";"75114";"2";"1";"1";"7";"RUE D ALESIA";"48,8312183";"2,3168023"
"202000031960";"15";"1";"2020";"19:40";"5";"75";"75113";"2";"3";"2";"6";"AVENUE D ITALIE";"48,8228133";"2,3583700"
"202000031961";"15";"1";"2020";"18:18";"5";"75";"75113";"2";"3";"8";"6";"RUE RAYMOND ARON";"48,8348820";"2,3739160"
"202000031962";"15";"1";"2020";"08:05";"1";"75";"75113";"2";"4";"1";"2";"BOULEVARD DE L HOPITAL";"48,8352051";"2,3582735"
"202000031963";"15";"1";"2020";"18:50";"5";"75";"75112";"2";"2";"1";"6";"RUE JOSEPH KESSEL";"48,8352980";"2,3853465"
"202000031964";"15";"1";"2020";"14:30";"1";"75";"75111";"2";"1";"8";"4";"BOULEVARD JULES FERRY";"48,8683071";"2,3673311"
"202000031965";"15";"1";"2020";"14:00";"1";"75";"75109";"2";"1";"1";"6";"RUE DE CAUMARTIN";"48,8750817";"2,3284645"
"202000031966";"15";"1";"2020";"05:56";"5";"75";"75108";"2";"1";"1";"7";"PLACE DE LA CONCORDE";"48,8655150";"2,3196410"
"202000031967";"15";"1";"2020";"19:50";"5";"75";"75104";"2";"2";"2";"6";"QUAI DE L HOTEL DE VILLE";"48,8558976";"2,3511731"
"202000031968";"13";"1";"2020";"18:15";"5";"75";"75103";"2";"1";"1";"7";"RUE CHAPON";"48,8634150";"2,3560410"
"202000031969";"15";"1";"2020";"20:30";"5";"75";"75103";"2";"2";"2";"3";"RUE DE BEARN";"48,8568235";"2,3659953"
"202000031970";"15";"1";"2020";"10:50";"1";"75";"75104";"2";"3";"1";"6";"RUE SAINT ANTOINE";"48,8546704";"2,3627593"
"202000031971";"14";"1";"2020";"20:45";"5";"75";"75104";"2";"2";"2";"3";"QUAI DE L HOTEL DE VILLE";"48,8543687";"2,3549385"
"202000031972";"15";"1";"2020";"00:30";"5";"94";"94077";"2";"6";"1";"7";"PAUL VAILLANT COUTURIER (AV)";"48,7350000";"2,4190000"
"202000031973";"14";"1";"2020";"19:00";"5";"94";"94068";"2";"1";"1";"6";"VARENNE (R DE LA)";"48,8094080";"2,4717860"
"202000031974";"15";"1";"2020";"19:35";"5";"94";"94015";"2";"1";"2";"6";"FOUR (R DU)";"48,8345500";"2,5200300"
"202000031975";"15";"1";"2020";"17:55";"3";"94";"94076";"2";"1";"2";"6";"MAXIME GORKI (R)";"48,7963000";"2,3685300"
"202000031976";"15";"1";"2020";"14:30";"1";"94";"94076";"1";"1";"1";"1";"STALINGRAD (AV DE)";"48,7853600";"2,3667200"
"202000031977";"15";"1";"2020";"11:35";"1";"94";"94003";"2";"1";"1";"6";"SIMON (IMP)";"48,7987300";"2,3465200"
"202000031978";"15";"1";"2020";"19:20";"5";"94";"94017";"2";"9";"2";"2";"ROGER SALENGRO (AV)";"48,8178300";"2,4945400"
"202000031979";"15";"1";"2020";"12:15";"1";"93";"93078";"2";"2";"1";"3";"LECLERC (AVENUE DU GENERAL)";"48,9480930";"2,5611570"
"202000031980";"15";"1";"2020";"10:00";"1";"93";"93064";"2";"1";"1";"3";"ALL DE L'ESPERANCE";"48,8829000";"2,4954000"
"202000031981";"15";"1";"2020";"12:20";"1";"93";"93027";"2";"9";"8";"2";"PASTEUR (BOULEVARD) DE 40 A +";"48,9291700";"2,3855700"
"202000031982";"15";"1";"2020";"15:45";"1";"93";"93010";"2";"1";"1";"3";"BLANQUI (AL. LOUIS-AUGUSTE)";"48,9205473";"2,4572217"
"202000031983";"15";"1";"2020";"11:10";"1";"93";"93010";"2";"4";"1";"3";"PASTEUR (AV.)";"48,9030700";"2,4831300"
"202000031984";"15";"1";"2020";"16:15";"1";"93";"93005";"2";"3";"1";"3";"MERCURE (PLACE)";"48,9580000";"2,5031500"
"202000031985";"15";"1";"2020";"17:00";"1";"93";"93001";"2";"1";"2";"6";"R DE SAINT GOBAIN ";"48,9128000";"2,3670600"
"202000031986";"14";"1";"2020";"20:45";"5";"92";"92036";"2";"3";"1";"6";"GABRIEL PERI (AVENUE) (60/134)";"48,9163100";"2,2958200"
"202000031987";"15";"1";"2020";"18:35";"5";"92";"92012";"2";"2";"8";"6";"REINE (ROUTE DE LA) 82/FIN - 107TER/FIN";"48,8399723";"2,2374297"
"202000031988";"15";"1";"2020";"09:05";"1";"92";"92012";"2";"1";"1";"6";"DOME (RUE DU)";"48,8319560";"2,2481560"
"202000031989";"16";"1";"2020";"16:15";"1";"66";"66190";"1";"1";"1";"2";"A9";"42,8538140";"2,9413960"
"202000031990";"15";"1";"2020";"14:00";"1";"17";"17194";"2";"1";"1";"7";"Rue de Chatelaillon";"46,1285130";" -1,0135830"
"202000031991";"14";"1";"2020";"15:12";"1";"52";"52189";"1";"1";"1";"2";"A31";"47,6606520";"5,1750880"
"202000031992";"16";"1";"2020";"16:00";"1";"29";"29302";"1";"1";"3";"6";"Pont-de-Buis-lès-Quimerch";"48,2635560";" -4,1136070"
"202000031993";"15";"1";"2020";"21:50";"5";"971";"97133";"2";"4";"1";"1";"63 Route de Beau Rivage";"15,9482900";" -61,6963700"
"202000031994";"13";"1";"2020";"18:05";"5";"22";"22185";"2";"3";"2";"3";"13 Rue de la République";"48,3677540";" -2,3952190"
"202000031995";"12";"1";"2020";"10:50";"1";"21";"21081";"1";"5";"7";"3";"D16";"47,3676360";"4,7750840"
"202000031996";"16";"1";"2020";"12:20";"1";"37";"37261";"1";"1";"1";"6";"autoroute A10";"47,4149482";"0,7295823"
"202000031997";"15";"1";"2020";"20:13";"3";"62";"62113";"1";"1";"1";"1";"D939";"50,3497300";"2,5333630"
"202000031998";"16";"1";"2020";"11:20";"1";"62";"62434";"1";"1";"1";"6";"D1";"50,1899650";"2,5630440"
"202000031999";"16";"1";"2020";"10:50";"1";"74";"74134";"2";"3";"7";"6";"46 Rue du Chêne";"46,1564180";"6,6673850"
"202000032000";"16";"1";"2020";"12:30";"1";"80";"80205";"1";"1";"7";"1";"D216";"50,0127310";"2,0152830"
"202000032001";"15";"1";"2020";"11:45";"1";"32";"32369";"1";"1";"1";"6";"D931";"43,7838490";" -0,0157120"
"202000032002";"16";"1";"2020";"10:30";"1";"71";"71426";"1";"9";"1";"2";"N80";"46,7368738";"4,6207535"
"202000032003";"14";"1";"2020";"18:50";"5";"71";"71269";"2";"1";"1";"6";"Rue de la Liberation";"46,7543405";"4,8471687"
"202000032004";"16";"1";"2020";"09:18";"1";"55";"55520";"1";"1";"1";"6";"N4";"48,6887980";"5,6671450"
"202000032005";"16";"1";"2020";"05:25";"4";"49";"49060";"2";"1";"5";"6";"Rue des Grands Clos (Saint-Cyr-en-Bourg)";"47,1871970";" -0,0565730"
"202000032006";"16";"1";"2020";"17:50";"2";"12";"12226";"1";"1";"1";"3";"D904";"44,7565600";"2,6209750"
"202000032007";"16";"1";"2020";"12:10";"1";"47";"47310";"1";"1";"1";"6";"Tonneins";"44,3641730";"0,3383240"
"202000032008";"12";"1";"2020";"16:00";"1";"41";"41177";"1";"1";"2";"6";"D167";"48,0813530";"0,8721710"
"202000032009";"16";"1";"2020";"18:30";"3";"86";"86193";"1";"1";"1";"6";"D16";"46,7558211";"0,7662141"
"202000032010";"15";"1";"2020";"19:10";"3";"39";"39043";"1";"1";"1";"6";"Orbagna - Route de Creve-Ceur";"46,5802550";"5,4558760"
"202000032011";"15";"1";"2020";"00:05";"3";"44";"44178";"1";"1";"2";"6";"Le Recredit";"47,0557420";" -1,7496360"
"202000032012";"12";"1";"2020";"10:00";"1";"29";"29184";"2";"6";"2";"3";"Kroaz Ar Valy";"48,6312210";" -3,9884170"
"202000032013";"15";"1";"2020";"11:30";"1";"29";"29097";"1";"1";"1";"6";"D11 - Pont Croix";"48,4989721";" -4,0585886"
"202000032014";"15";"1";"2020";"19:15";"5";"29";"29160";"2";"3";"1";"3";"D788 - Rue des Trois Freres le Roy";"48,4985744";" -4,4274398"
"202000032015";"15";"1";"2020";"18:15";"5";"31";"31107";"2";"3";"1";"2";"D627";"43,2912460";"1,2163790"
"202000032016";"15";"1";"2020";"20:45";"3";"70";"70012";"1";"1";"1";"6";"D434";"47,7808140";"6,0721500"
"202000032017";"16";"1";"2020";"07:30";"2";"72";"72100";"1";"6";"1";"3";"La Petite Loge";"47,7978470";" -0,0468530"
"202000032018";"16";"1";"2020";"08:45";"2";"60";"60483";"1";"1";"5";"4";"D1017";"49,5728020";"2,7027290"
"202000032019";"15";"1";"2020";"08:30";"1";"10";"10209";"2";"1";"1";"3";"33 Rue de la Jonchère";"48,2591820";"4,2539860"
"202000032020";"16";"1";"2020";"19:30";"3";"16";"16132";"1";"3";"1";"1";"Ld Le relais d'Etagnac";"45,8932639";"0,8031164"
"202000032021";"15";"1";"2020";"14:50";"1";"53";"53170";"1";"1";"1";"1";"D138";"48,3658220";" -0,6585380"
"202000032022";"16";"1";"2020";"08:15";"2";"40";"40312";"1";"3";"1";"1";"1612 Rue des Barthes";"43,5209270";" -1,4339500"
"202000032023";"16";"1";"2020";"15:05";"1";"87";"87158";"2";"2";"1";"3";"Avenue Charles de Gaulle";"45,7691250";"0,9584460"
"202000032024";"15";"1";"2020";"17:40";"2";"37";"37109";"1";"1";"1";"7";"D3";"47,4169608";"0,5803694"
"202000032025";"16";"1";"2020";"11:30";"1";"30";"30089";"2";"9";"1";"6";"D986l";"43,8528220";"4,5987720"
"202000032026";"15";"1";"2020";"09:50";"1";"67";"67156";"1";"1";"7";"4";"A35";"48,6739920";"7,7516860"
"202000032027";"16";"1";"2020";"17:15";"1";"973";"97309";"2";"1";"1";"6";"Avenue Saint Ange Methon";"4,9125100";" -52,2786210"
"202000032028";"7";"1";"2020";"20:00";"3";"57";"57333";"1";"1";"1";"4";"Route Nationale 4";"48,7495743";"7,1401317"
"202000032029";"16";"1";"2020";"08:00";"1";"69";"69027";"2";"1";"1";"1";"3 Route de Lyon";"45,6769810";"4,7687110"
"202000032030";"16";"1";"2020";"15:06";"1";"60";"60531";"1";"1";"1";"4";"A1";"49,4302914";"2,6955664"
"202000032031";"15";"1";"2020";"16:50";"1";"971";"97125";"2";"1";"1";"5";"Rue Martin Luther King";"16,2573140";" -61,2706480"
"202000032032";"15";"1";"2020";"21:00";"5";"77";"77309";"1";"1";"1";" -1";"N330";"49,0065568";"2,8407227"
"202000032033";"15";"1";"2020";"10:55";"1";"2B";"2B335";"1";"1";"1";"6";"RT10 - Olmello";"42,3288080";"9,5377790"
"202000032034";"16";"1";"2020";"17:30";"5";"67";"67474";"2";"1";"1";"6";"24 Rue de la Dime";"48,9404485";"7,8826712"
"202000032035";"10";"1";"2020";"21:40";"3";"55";"55304";"1";"1";"1";"6";"D35";"48,8610860";"5,0864220"
"202000032036";"15";"1";"2020";"21:10";"3";"38";"38348";"1";"1";"1";"3";"Avenue de la Vieille Borne";"45,5884380";"5,2974260"
"202000032037";"16";"1";"2020";"07:15";"3";"26";"26235";"1";"3";"1";"3";"D59";"44,3609130";"4,6890020"
"202000032038";"15";"1";"2020";"21:05";"3";"22";"22324";"1";"1";"1";"6";"D788";"48,7744280";" -3,4457460"
"202000032039";"16";"1";"2020";"01:15";"3";"22";"22171";"1";"1";"1";"7";"Les Garennes d'En Haut";"48,4244230";" -2,8229090"
"202000032040";"15";"1";"2020";"10:40";"1";"35";"35136";"2";"1";"2";"3";"28 Rue Aristide Briand";"47,9591660";" -1,4975600"
"202000032041";"16";"1";"2020";"08:05";"2";"59";"59258";"1";"1";"5";"1";"D90";"50,5385720";"3,2080050"
"202000032042";"14";"1";"2020";"17:55";"3";"83";"83062";"1";"1";"1";"2";"A57";"43,1436293";"6,0204078"
"202000032043";"15";"1";"2020";"07:52";"1";"33";"33192";"1";"1";"1";"2";"ROCADE A630";"44,7862100";" -0,5950500"
"202000032044";"15";"1";"2020";"13:00";"1";"92";"92048";"1";"1";"1";"6";"N118";"48,8016140";"2,2151550"
"202000032045";"14";"1";"2020";"21:50";"3";"78";"78402";"1";"1";"6";"2";"A13";"48,9639410";"1,7861390"
"202000032046";"14";"1";"2020";"18:00";"3";"93";"93005";"1";"1";"1";"3";"AUTOROUTE A3";"48,9544400";"2,4736400"
"202000032047";"13";"1";"2020";"05:00";"3";"93";"93005";"1";"1";"1";"6";"AUTOROUTE A3";"48,9579200";"2,4731500"
"202000032048";"13";"1";"2020";"16:15";"1";"92";"92036";"1";"1";"1";"3";"AUTOROUTE A86";"48,9389100";"2,3055400"
"202000032049";"13";"1";"2020";"11:05";"1";"93";"93078";"1";"1";"1";"5";"AUTOROUTE A104";"48,9674200";"2,5106300"
"202000032050";"11";"1";"2020";"17:10";"2";"77";"77083";"1";"1";"1";"3";"A4.W";"48,8308286";"2,6075100"
"202000032051";"13";"1";"2020";"02:34";"5";"976";"97611";"2";"9";"1";"2";"mgombani-Mahabou angle rue du commerce (";" -12,7778300";"45,2293900"
"202000032052";"12";"1";"2020";"17:35";"1";"974";"97416";"1";"1";"1";"6";"AERODROME (CHEMIN DE L')";" -21,3074000";"55,4273700"