"Num_Acc";"jour";"mois";"an";"hrmn";"lum";"dep";"com";"agg";"int";"atm";"col";"adr";"lat";"long"
"202000032247";"4";"7";"2020";"12:45";"1";"75";"75117";"2";"7";"1";"6";"RUE DE SENLIS";"48,8873070";"2,2978420"
"202000032248";"4";"7";"2020";"18:30";"1";"75";"75115";"2";"2";"1";"6";"AVENUE EMILE ZOLA";"48,8465520";"2,2859950"
"202000032249";"3";"7";"2020";"02:40";"5";"75";"75115";"2";"3";"1";"6";"AVENUE DU MAINE";"48,8441630";"2,3202290"
"202000032250";"4";"7";"2020";"01:15";"5";"75";"75113";"2";"1";"1";"3";"AVENUE PIERRE MENDES FRANCE";"48,8411820";"2,3681510"
"202000032251";"25";"6";"2020";"08:05";"1";"75";"75113";"2";"1";"1";"6";"RUE JEAN SEBASTIEN BACH";"48,8307460";"2,3654440"
"202000032252";"4";"7";"2020";"16:45";"1";"75";"75110";"2";"3";"1";"3";"BOULEVARD DE BONNE NOUVELLE";"48,8703640";"2,3495800"
"202000032253";"3";"7";"2020";"21:40";"2";"75";"75110";"2";"2";"1";"3";"RUE LA FAYETTE";"48,8789810";"2,3557640"
"202000032254";"4";"7";"2020";"16:50";"1";"75";"75107";"2";"2";"1";"2";"PONT DE L ALMA";"48,8624290";"2,3016050"
"202000032255";"3";"7";"2020";"18:00";"1";"75";"75114";"2";"2";"1";"3";"RUE RAYMOND LOSSERAND";"48,8339670";"2,3181580"
"202000032256";"4";"7";"2020";"18:20";"1";"75";"75104";"2";"1";"1";"2";"QUAI DES CELESTINS";"48,8518200";"2,3612760"
"202000032257";"4";"7";"2020";"11:20";"1";"75";"75101";"2";"1";"8";"7";"RUE DE RIVOLI";"48,8649600";"2,3283670"
"202000032258";"4";"7";"2020";"20:00";"1";"94";"94046";"2";"2";"1";"3";"VICTOR BASCH (R)";"48,8090440";"2,4458460"
"202000032259";"4";"7";"2020";"12:00";"1";"94";"94073";"2";"3";"1";"1";"avenue Franklin Roosevelt";"48,7653860";"2,3951000"
"202000032260";"4";"7";"2020";"12:30";"1";"94";"94077";"2";"2";"1";"5";"PAUL DOUMER (AV)";"48,7402500";"2,4232900"
"202000032261";"4";"7";"2020";"19:05";"1";"93";"93053";"2";"9";"8";"6";"STEPHENSON (SQUARE)";"48,8874098";"2,4627666"
"202000032262";"4";"7";"2020";"15:41";"1";"93";"93027";"2";"1";"1";"3";"VAILLANT-COUTURIER (AVENUE PAUL)";"48,9262120";"2,4162331"
"202000032263";"4";"7";"2020";"16:25";"1";"93";"93010";"2";"9";"1";"3";"STAINS (RTE DE)";"48,9046822";"2,4704017"
"202000032264";"4";"7";"2020";"01:05";"5";"92";"92075";"2";"2";"1";"3";"GUY MOQUET (RUE)";"48,8146800";"2,2967900"
"202000032265";"4";"7";"2020";"17:55";"1";"92";"92064";"2";"3";"8";"6";"MARIUS FRANAY";"48,8501400";"2,2213400"
"202000032266";"4";"7";"2020";"16:50";"1";"92";"92025";"2";"1";"1";"3";"PRESIDENT SALVADOR ALLENDE (RUE DU)";"48,9222041";"2,2358251"
"202000032267";"3";"7";"2020";"23:10";"5";"92";"92024";"2";"1";"1";"7";"MARTISSOT (RUE)";"48,9015776";"2,3157019"
"202000032268";"3";"7";"2020";"22:15";"5";"92";"92023";"2";"2";"1";"3";"GENERAL DE GAULLE (AVENUE DU)";"48,7771016";"2,2312653"
"202000032269";"4";"7";"2020";"23:00";"5";"92";"92012";"2";"5";"1";" -1";"CHATEAU (RUE DU) 1/125 - 2/136";"48,8441720";"2,2497980"
"202000032270";"4";"7";"2020";"12:00";"1";"92";"92012";"2";"1";"1";"6";"REINE (ROUTE DE LA) 1/37- 6/80";"48,8391415";"2,2461891"
"202000032271";"4";"7";"2020";"11:35";"1";"92";"92012";"2";"9";"8";"3";"ANDRE MORIZET (AVENUE) - 49/FIN - 54/FIN";"48,8370970";"2,2361840"
"202000032272";"5";"7";"2020";"04:45";"3";"65";"65130";"1";"1";"1";"7";"D935";"43,5861850";" -0,0195750"
"202000032273";"4";"7";"2020";"19:50";"1";"01";"01004";"1";"1";"1";"1";"Rue du Prémonin";"45,9593620";"5,3285840"
"202000032274";"11";"6";"2020";"10:49";"1";"06";"06054";"2";"3";"1";" -1";"Avenue-jean-moulin";"43,7538150";"7,3205910"
"202000032275";"4";"7";"2020";"05:55";"2";"17";"17010";"1";"1";"1";"6";"D137";"46,1028870";" -1,0942730"
"202000032276";"5";"7";"2020";"20:35";"1";"95";"95480";"2";"1";"1";"2";"Rue du Général de Gaulle";"49,1070040";"2,2052800"
"202000032277";"4";"7";"2020";"16:40";"1";"34";"34067";"1";"9";"1";"1";"Avenue des 2 Ponts";"43,9391470";"3,6890800"
"202000032278";"5";"7";"2020";"14:53";"1";"74";"74034";"1";"1";"1";"1";"Col du Corbier (Col de montagne)";"46,2800250";"6,6373090"
"202000032279";"5";"7";"2020";"07:10";"1";"77";"77382";"1";"9";"2";"6";"A140";"48,9012018";"2,8898120"
"202000032280";"4";"7";"2020";"17:48";"1";"71";"71543";"1";"1";"1";"3";"A6";"46,5526040";"4,9059430"
"202000032281";"5";"7";"2020";"11:25";"1";"68";"68044";"1";"1";"1";"7";"D148";"48,1722680";"7,0901300"
"202000032282";"3";"7";"2020";"18:10";"3";"86";"86165";"2";"2";"1";" -1";"D727A";"46,4357900";"0,8631560"
"202000032283";"4";"7";"2020";"20:25";"1";"67";"67437";"1";"1";"1";"2";"41 Route Nationale";"48,7294045";"7,3876421"
"202000032284";"4";"7";"2020";"16:21";"1";"22";"22225";"1";"1";"1";"2";"ZI de Bellevue";"48,5523390";" -3,1197950"
"202000032285";"5";"7";"2020";"09:29";"1";"06";"06130";"1";"1";"1";"6";"D4";"43,6827850";"6,8608090"
"202000032286";"5";"7";"2020";"14:12";"1";"41";"41252";"1";"1";"1";"6";"A10";"47,7115090";"1,4670100"
"202000032287";"5";"7";"2020";"12:00";"1";"68";"68343";"1";"1";"1";"1";"Chemin Rural";"47,8697550";"7,3023140"
"202000032288";"5";"7";"2020";"09:00";"1";"65";"65340";"1";"2";"1";"3";"Route de Bours";"43,2786330";"0,1092320"
"202000032289";"5";"7";"2020";"20:00";"1";"62";"62391";"1";"1";"6";"6";"D187";"50,6077890";"2,4998940"
"202000032290";"5";"7";"2020";"11:50";"1";"04";"04161";"1";"1";"1";"3";"RD 900";"44,3988660";"6,5337540"
"202000032291";"4";"7";"2020";"00:25";"3";"51";"51391";"1";"1";"1";"1";"N31";"49,2776133";"3,8463900"
"202000032292";"5";"7";"2020";"11:34";"1";"51";"51576";"1";"1";"1";"1";"D1";"49,0501610";"4,1420600"
"202000032293";"4";"7";"2020";"01:42";"3";"56";"56198";"2";"1";"1";"6";"Saint-Samson";"48,0873230";" -2,7680000"
"202000032294";"4";"7";"2020";"17:50";"1";"56";"56084";"2";"1";"2";"7";"Rue Er Vrénéguy";"47,5824860";" -2,6970150"
"202000032295";"5";"7";"2020";"12:45";"1";"76";"76196";"2";"6";"8";"6";"Route de Gonneville";"49,6433740";"0,2621385"
"202000032296";"5";"7";"2020";"05:00";"3";"76";"76258";"1";"1";"2";"6";"Rd 926";"49,6353490";"0,6301370"
"202000032297";"4";"7";"2020";"21:30";"2";"80";"80655";"1";"1";"2";"6";"rue du Cimetière";"49,9515114";"1,9806716"
"202000032298";"5";"7";"2020";"14:15";"1";"65";"65322";"2";"1";"1";"6";"chemin Pesque";"43,0692667";"0,4077206"
"202000032299";"4";"7";"2020";"19:45";"1";"61";"61167";"1";"2";"1";"2";"D12";"48,8484370";"0,4992130"
"202000032300";"4";"7";"2020";"22:45";"3";"61";"61414";"1";"1";"1";"6";"D912";"48,5320520";"0,5220010"
"202000032301";"4";"7";"2020";"09:30";"1";"61";"61150";"2";"1";"8";"6";"9 Route de Saint-germain";"48,7408130";"0,4101370"
"202000032302";"1";"7";"2020";"11:15";"1";"12";"12001";"2";"7";"1";"3";"Place Marc Robert";"44,3575250";"2,6802780"
"202000032303";"4";"7";"2020";"11:20";"1";"47";"47081";"1";"2";"1";"3";"Roussous";"44,3385416";"0,6234215"
"202000032304";"4";"7";"2020";"13:55";"1";"47";"47012";"1";"2";"1";"3";"D11";"44,2793750";"0,1665120"
"202000032305";"5";"7";"2020";"16:45";"1";"34";"34055";"1";"1";"1";"6";"D922";"43,6868900";"2,9431450"
"202000032306";"4";"7";"2020";"17:30";"1";"25";"25542";"2";"1";"1";"6";"2 Rue du Champenatre";"47,2368860";"5,9360290"
"202000032307";"3";"7";"2020";"18:30";"1";"25";"25133";"2";"1";"1";"3";"N57";"47,3107330";"5,9934180"
"202000032308";"4";"7";"2020";"14:45";"1";"35";"35186";"1";"3";"1";"1";"RD 155";"48,5533470";" -1,7609880"
"202000032309";"5";"7";"2020";"16:05";"1";"38";"38564";"1";"1";"1";"6";"D82K";"45,4851130";"5,7060560"
"202000032310";"5";"7";"2020";"00:55";"3";"59";"59312";"1";"1";"2";"7";"D644";"50,0306190";"3,2445820"
"202000032311";"3";"7";"2020";"14:15";"1";"03";"03084";"2";"1";"1";"1";"Petit Bois";"46,4747418";"2,8373842"
"202000032312";"4";"7";"2020";"20:10";"1";"01";"01073";"2";"1";"1";"6";"D37";"45,8371010";"5,7277610"
"202000032313";"4";"7";"2020";"22:55";"3";"26";"26176";"1";"1";"1";"6";"1240 Route de la Plaine";"44,6105730";"4,8859120"
"202000032314";"4";"7";"2020";"09:30";"1";"58";"58253";"1";"1";"1";"1";"Sainte-Marie";"47,1114530";"3,4397910"
"202000032315";"5";"7";"2020";"09:40";"1";"06";"06163";"1";"1";"1";"3";"La Brigue";"44,0310610";"7,5820280"
"202000032316";"4";"7";"2020";"13:15";"1";"06";"06086";"1";"1";"1";"6";"D2566";"43,9225140";"7,4084060"
"202000032317";"5";"7";"2020";"13:13";"1";"14";"14257";"2";"1";"1";"1";"Rue d'Yverdon";"49,1004032";" -0,4998631"
"202000032318";"5";"7";"2020";"11:55";"1";"50";"50215";"1";"1";"1";"1";"RD650";"49,1004540";" -1,5979960"
"202000032319";"4";"7";"2020";"19:29";"1";"83";"83084";"1";"1";"1";"1";"D30";"43,6451280";"6,0842800"
"202000032320";"5";"7";"2020";"01:10";"5";"45";"45134";"2";"1";"1";"7";"51 Cerqueux";"47,9681100";"1,6215940"
"202000032321";"4";"7";"2020";"20:20";"1";"43";"43213";"1";"2";"1";"3";"RD44";"45,2540070";"4,2611180"
"202000032322";"5";"7";"2020";"00:15";"3";"43";"43223";"1";"1";"1";"1";"Route de Firminy";"45,2699330";"4,3341920"
"202000032323";"4";"7";"2020";"16:50";"1";"07";"07289";"2";"3";"1";"1";"1 Rue du Luol";"44,6288480";"4,4130170"
"202000032324";"3";"7";"2020";"15:35";"1";"53";"53039";"1";"3";"1";"3";"l'hotellerie";"48,1779770";" -0,9946650"
"202000032325";"5";"7";"2020";"00:00";"3";"04";"04009";"1";"1";"1";"7";"RD 22";"44,1351671";"6,3288199"
"202000032326";"5";"7";"2020";"01:20";"3";"28";"28236";"1";"4";"2";"6";"110";"48,3315010";"0,8860780"
"202000032327";"5";"7";"2020";"03:10";"5";"30";"30077";"2";"1";"1";"6";"La Blaquière (Informations)";"44,1493420";"4,0573130"
"202000032328";"4";"7";"2020";"06:20";"2";"72";"72380";"1";"1";"1";"2";"A28";"48,2422331";"0,1655535"
"202000032329";"5";"7";"2020";"13:40";"1";"24";"24337";"1";"1";"1";"6";"D60";"44,6732840";"1,0739030"
"202000032330";"27";"3";"2020";"15:20";"1";"37";"37081";"2";"2";"1";"6";"65 Rue Principale";"47,4280443";"0,3794078"
"202000032331";"26";"2";"2020";"13:45";"1";"78";"78356";"2";"1";"1";"6";"Avenue de Chevincourt";"48,7187830";"2,1020260"
"202000032332";"18";"3";"2020";"17:25";"1";"42";"42165";"2";"1";"1";"3";"790 Route de Montchal";"45,7967986";"4,3414371"
"202000032333";"26";"3";"2020";"23:30";"3";"22";"22223";"1";"1";"1";"7";"Leur Min";"48,5575020";" -3,1976760"
"202000032334";"26";"3";"2020";"18:30";"1";"93";"93010";"1";"1";"1";"2";"AUTOROUTE A3";"48,9062400";"2,4721400"
"202000032335";"26";"3";"2020";"16:00";"1";"92";"92036";"1";"1";"1";"7";"AUTOROUTE A15";"48,9370400";"2,2948200"
"202000032336";"25";"3";"2020";"14:30";"1";"94";"94017";"1";"1";"1";"7";"A4";"48,8273600";"2,5087600"
"202000032337";"24";"1";"2020";"15:17";"1";"76";"76351";"2";"1";"1";"6";"CAPUCHET (DU)";"49,5234500";"0,1040900"
"202000032338";"20";"1";"2020";"18:40";"3";"78";"78297";"1";"9";"1";" -1";"RN12";"48,7884720";"2,0619360"
"202000032339";"24";"3";"2020";"12:50";"1";"69";"69388";"2";"2";"1";"3";"JOSEPH CHAPELLE                     (R )";"45,7329918";"4,8635827"
"202000032340";"25";"3";"2020";"02:00";"5";"69";"69387";"2";"1";"1";"6";"CHAMBAUD DE LA BRUYERE              (BD)";"45,7231200";"4,8420700"
"202000032341";"24";"3";"2020";"16:40";"1";"95";"95424";"2";"1";"1";"6";"LIBÉRATION(AVENUE DE LA)";"49,0065610";"2,1951340"
"202000032342";"24";"3";"2020";"14:10";"1";"78";"78354";"2";"1";"1";"6";"rue de l'ouest";"48,9786810";"1,6896160"
"202000032343";"24";"3";"2020";"23:00";"5";"76";"76351";"2";"4";"1";"1";"DU GUESCLIN";"49,4961300";"0,1261200"
"202000032344";"25";"3";"2020";"04:55";"3";"69";"69290";"1";"1";"1";"1";"LYONNAIS (DU)                       (R )";"45,6973700";"4,9082400"
"202000032345";"17";"2";"2020";"10:45";"1";"40";"40088";"2";"6";"2";"6";"MANOIR (BOULEVARD YVES DU)";"43,7107000";" -1,0424000"
"202000032346";"18";"3";"2020";"16:45";"1";"40";"40279";"1";"1";"8";"6";"LACS DES (AVENUE)";"43,7356300";" -1,1112900"
"202000032347";"11";"3";"2020";"13:10";"1";"33";"33063";"2";"1";"1";"6";"5 Rue Permentade";"44,8325800";" -0,5674600"
"202000032348";"25";"3";"2020";"07:10";"1";"33";"33063";"2";"1";"1";"3";"BD ALFRED DANEY";"44,8743400";" -0,5560500"
"202000032349";"25";"3";"2020";"10:25";"1";"13";"13215";"2";"2";"1";"3";"SAINT ANTOINE A SAINT JOSEPH (CHEMIN DE)";"43,3492000";"5,3753000"
"202000032350";"24";"3";"2020";"17:40";"2";"13";"13201";"2";"2";"1";"3";"PARADIS (RUE)       1 A 47";"43,2914490";"5,3776030"
"202000032351";"24";"3";"2020";"11:45";"1";"10";"10081";"2";"1";"1";"7";"PAUL LANGEVIN (RUE)";"48,3124800";"4,0467600"
"202000032352";"25";"3";"2020";"11:34";"1";"10";"10333";"2";"1";"1";"3";"AUXERRE (ROUTE)";"48,2703675";"4,0513968"
"202000032353";"25";"3";"2020";"15:28";"1";"75";"75113";"2";"2";"1";"3";"AVENUE D ITALIE";"48,8261810";"2,3572760"
"202000032354";"25";"3";"2020";"17:15";"1";"94";"94052";"2";"1";"1";"3";"HEROS NOGENTAIS (R DES)";"48,8370297";"2,4815944"
"202000032355";"25";"3";"2020";"09:05";"1";"94";"94041";"2";"2";"1";"3";"GEORGES GOSNAT (AV)";"48,8123000";"2,3865000"
"202000032356";"24";"3";"2020";"17:45";"1";"95";"95056";"2";"1";"1";"3";"Rue d'Epinay";"49,0918730";"2,3742060"
"202000032357";"25";"3";"2020";"21:40";"3";"51";"51318";"1";"1";"1";"6";"D30";"49,3021575";"4,1922206"
"202000032358";"25";"3";"2020";"17:50";"1";"51";"51030";"2";"6";"1";"3";"Boulevard Charles de Gaulle";"49,0522037";"4,0037488"
"202000032359";"26";"3";"2020";"12:45";"1";"89";"89159";"1";"1";"1";"6";"route de tonnerre - D.944";"47,5249680";"3,9072700"
"202000032360";"26";"3";"2020";"06:00";"3";"44";"44038";"1";"1";"1";"7";"Les Chatelliers";"47,1372970";" -2,0100370"
"202000032361";"26";"3";"2020";"19:30";"2";"35";"35362";"1";"1";"1";"6";"RD 73";"48,4877904";" -1,8494246"
"202000032362";"27";"2";"2020";"08:55";"1";"02";"02086";"1";"1";"4";"3";"D6";"49,5809180";"3,1971070"
"202000032363";"26";"3";"2020";"07:10";"1";"43";"43244";"1";"1";"1";"6";"Mendigoules";"45,1072720";"4,2632960"
"202000032364";"26";"3";"2020";"13:51";"1";"17";"17047";"1";"3";"1";"5";"RD 700";"45,5754800";" -0,4724120"
"202000032365";"7";"3";"2020";"05:50";"3";"34";"34058";"1";"9";"1";"6";"M610";"43,6742040";"3,9971350"
"202000032366";"25";"3";"2020";"10:55";"1";"988";"98818";"2";"4";"1";"2";"VE1/RUE JACQUES IEKAWE";" -22,2253500";"166,4808500"
"202000032367";"23";"3";"2020";"18:00";"2";"988";"98818";"2";"1";"1";"1";"RUE DE VERTEUIL";" -22,2763100";"166,4634400"
"202000032368";"23";"3";"2020";"14:25";"1";"988";"98818";"1";"1";"1";"6";"RUE JACQUES IEKAWE/PARKING DE CHEVAL DISTRIBUTION";" -22,2441400";"166,4671800"
"202000032369";"24";"3";"2020";"09:30";"1";"974";"97411";"1";"1";"2";"6";"MONTAGNE (ROUTE DE LA)";" -20,8880639";"55,4369044"
"202000032370";"8";"1";"2020";"08:44";"1";"88";"88413";"2";"2";"8";"6";"Rue DAUPHINE";"48,2869867";"6,9504294"
"202000032371";"24";"3";"2020";"08:30";"1";"64";"64102";"2";"1";"1";"7";"SOULT (AVENUE MARECHAL)";"43,4872000";" -1,4850000"
"202000032372";"26";"2";"2020";"09:50";"1";"44";"44109";"2";"1";"1";"3";"BOULEVARD DE CARDIFF";"47,1990700";" -1,5830400"
"202000032373";"9";"2";"2020";"19:00";"5";"35";"35238";"2";"2";"2";"3";"JANVIER (AVENUE JEAN)";"48,1098900";" -1,6740000"
"202000032374";"26";"1";"2020";"07:20";"5";"35";"35238";"2";"3";"1";"1";"VERN (DE)";"48,0895600";" -1,6445400"
"202000032375";"23";"3";"2020";"22:15";"3";"31";"31149";"2";"1";"1";"6";"Maurice Grynfogel (Bd)";"43,6150100";"1,3402600"
"202000032376";"14";"2";"2020";"17:25";"1";"31";"31483";"2";"1";"1";"6";"ISLE (AVENUE DE L')";"43,1095400";"0,7257000"
"202000032377";"24";"3";"2020";"22:45";"5";"14";"14366";"2";"6";"1";"6";"GEORGES POMPIDOU (AVENUE)";"49,1387000";"0,2238200"
"202000032378";"24";"3";"2020";"10:00";"1";"75";"75120";"2";"2";"1";"3";"RUE PELLEPORT";"48,8707820";"2,3992260"
"202000032379";"24";"3";"2020";"09:05";"1";"94";"94041";"2";"1";"1";"3";"VERDUN (AV DE)";"48,8116269";"2,3716038"
"202000032380";"23";"3";"2020";"20:57";"5";"92";"92044";"2";"1";"1";"6";"Rue Baudin";"48,8976230";"2,2837460"
"202000032381";"25";"3";"2020";"18:57";"1";"76";"76135";"1";"9";"1";"7";"Villers-Écalles";"49,5481470";"0,9216020"
"202000032382";"18";"3";"2020";"09:00";"1";"68";"68023";"1";"3";"1";"3";"D3";"48,1611120";"7,3411520"
"202000032383";"25";"3";"2020";"10:45";"1";"30";"30034";"1";"6";"1";"7";"Mas de Rom";"43,7518470";"4,5199220"
"202000032384";"26";"2";"2020";"20:00";"3";"51";"51088";"1";"1";"1";"7";"D30";"49,3506463";"4,0132859"
"202000032385";"16";"3";"2020";"17:15";"1";"76";"76517";"1";"4";"1";"3";"Rue de la Muette";"49,5158365";"1,1395705"
"202000032386";"26";"2";"2020";"20:30";"5";"60";"60636";"2";"1";"1";"6";"Rue des Amours";"49,4746990";"2,8801990"
"202000032387";"25";"3";"2020";"05:35";"2";"60";"60183";"1";"4";"1";"6";"D11";"49,6959912";"2,1724514"
"202000032388";"25";"3";"2020";"17:15";"1";"08";"08381";"2";"1";"1";"6";"5 Rue de Banogne";"49,5118070";"4,1301890"
"202000032389";"25";"3";"2020";"17:30";"1";"13";"13113";"1";"1";"2";"6";"A 51 - PK 25+560 - sens Sisteron/Aix";"43,5953486";"5,4869207"
"202000032390";"25";"3";"2020";"11:20";"1";"77";"77453";"1";"1";"1";"1";"D408";"48,5461880";"2,7816010"
"202000032391";"25";"3";"2020";"15:00";"1";"70";"70024";"1";"3";"1";"3";"Rue de Champvans";"47,3945799";"5,5640490"
"202000032392";"22";"3";"2020";"18:40";"1";"17";"17445";"1";"1";"1";"6";"L'Ombrail";"45,6603070";" -0,7766600"
"202000032393";"23";"3";"2020";"17:55";"1";"13";"13055";"1";"1";"1";"7";"A507 sens Marseille - Aubagne";"43,2858000";"5,4268000"
"202000032394";"22";"1";"2020";"14:55";"1";"988";"98818";"1";"2";"1";"3";"RUE JACQUES IEKAWE/RUE ARMAND OHLEN";" -22,2483900";"166,4637700"
"202000032395";"13";"1";"2020";"19:30";"5";"76";"76540";"2";"2";"1";"6";"COUPERIN. RUE FRANCOIS";"49,4498500";"1,1384600"
"202000032396";"22";"1";"2020";"17:05";"1";"35";"35238";"2";"2";"1";"6";"70 GUEHENNO (JEAN)";"48,1192302";" -1,6675272"
"202000032397";"14";"1";"2020";"10:30";"1";"13";"13047";"2";"1";"1";"6";"ALDERIC CHAVE AVENUE";"43,5040900";"4,9911700"
"202000032398";"10";"1";"2020";"00:10";"5";"13";"13098";"1";"1";"1";"7";"D.51";"43,4590410";"5,0047710"
"202000032399";"7";"1";"2020";"21:10";"3";"13";"13063";"1";"1";"1";"5";"MAGELLAN AVENUE";"43,6013700";"4,9952600"
"202000032400";"23";"3";"2020";"02:27";"5";"69";"69386";"2";"2";"1";"6";"JULES FAVRE                         (BD)";"45,7662432";"4,8592347"
"202000032401";"20";"3";"2020";"14:10";"1";"67";"67447";"2";"2";"1";"3";"HAUSBERGEN (ROUTE DE)";"48,6076700";"7,7216700"
"202000032402";"12";"2";"2020";"18:40";"1";"62";"62386";"2";"1";"1";"6";"BEUGNET (R CASIMIR)";"50,4466178";"2,7451210"
"202000032403";"25";"2";"2020";"16:50";"1";"44";"44162";"2";"1";"2";"6";"RUE OCEANE";"47,2250865";" -1,6258049"
"202000032404";"14";"2";"2020";"14:15";"1";"44";"44109";"2";"1";"9";"6";"Mail Pablo Picasso";"47,2151000";" -1,5367600"
"202000032405";"12";"3";"2020";"13:18";"1";"31";"31044";"1";"1";"1";"3";"VA007553 A61";"43,5919400";"1,4941100"
"202000032406";"14";"2";"2020";"10:00";"1";"92";"92050";"2";"3";"8";"3";"CROIX RUE DE LA/ LENINE VLADIMIR ILITCH AVENUE";"48,8880000";"2,1957700"
"202000032407";"23";"3";"2020";"14:40";"1";"06";"06069";"2";"9";"8";"1";"CAPUCINS (CHEMIN ET IMPASSE DES)";"43,6497000";"6,9316000"
"202000032408";"13";"2";"2020";"20:00";"5";"92";"92050";"2";"1";"2";"6";"HOCHE AVENUE";"48,9006960";"2,1995930"
"202000032409";"14";"2";"2020";"09:30";"1";"92";"92062";"2";"1";"1";"3";"DELARIVIERE LEFOULLON (RUE)";"48,8875559";"2,2429356"
"202000032410";"21";"3";"2020";"20:15";"3";"05";"05061";"1";"1";"1";"7";"D994";"44,5500300";"6,0284700"
"202000032411";"22";"3";"2020";"20:30";"5";"75";"75103";"2";"2";"1";"3";"RUE PAYENNE";"48,8572400";"2,3617710"
"202000032412";"14";"2";"2020";"15:50";"1";"06";"06114";"2";"1";"1";"7";"2939 Route de l'Abadie";"43,7487010";"7,2949430"
"202000032413";"21";"4";"2020";"11:30";"1";"94";"94076";"2";"1";"1";" -1";"JEAN LURCAT (R)";"48,7850000";"2,3709400"
"202000032414";"22";"3";"2020";"15:25";"1";"94";"94028";"2";"1";"1";"6";"MOZART.(ALLEE)";"48,7913004";"2,4417760"
"202000032415";"14";"2";"2020";"23:15";"3";"22";"22030";"1";"1";"1";"7";"D767";"48,7090450";" -3,3829090"
"202000032416";"6";"2";"2020";"21:10";"3";"19";"19248";"1";"1";"1";"2";"A20-PR 237 - sens Toulouse-Paris";"45,4301420";"1,5128030"
"202000032417";"21";"3";"2020";"11:20";"1";"92";"92050";"2";"2";"1";"3";"NATIONAL (BOULEVARD)";"48,8885014";"2,1839806"
"202000032418";"15";"2";"2020";"11:28";"1";"91";"91665";"2";"1";"1";"5";"89 Avenue de la Division Leclerc";"48,6632520";"2,2770840"
"202000032419";"24";"3";"2020";"17:15";"1";"42";"42294";"2";"1";"1";"1";"500 Route du Bourg";"46,0076780";"4,1174380"
"202000032420";"14";"2";"2020";"20:15";"3";"50";"50485";"1";"1";"1";"6";"Carentan-les-Marais";"49,3044890";" -1,2026270"
"202000032421";"15";"2";"2020";"11:20";"1";"50";"50214";"1";"1";"8";"5";"A84";"48,9235990";" -1,0784630"
"202000032422";"23";"3";"2020";"23:00";"3";"44";"44098";"1";"1";"1";"6";"Missillac";"47,4860990";" -2,2173070"
"202000032423";"15";"2";"2020";"15:00";"1";"08";"08402";"1";"1";"1";"2";"A34";"49,5760490";"4,4800400"
"202000032424";"14";"2";"2020";"22:50";"3";"2A";"2A104";"1";"1";"1";"6";"T40";"41,9127690";"8,8511720"
"202000032425";"14";"2";"2020";"20:15";"3";"22";"22175";"1";"1";"1";"7";"D52";"48,4558760";" -2,3954920"
"202000032426";"24";"3";"2020";"12:45";"1";"76";"76638";"1";"1";"1";"6";"D1314";"50,0044460";"1,4320690"
"202000032427";"14";"2";"2020";"11:35";"1";"74";"74005";"1";"2";"1";"1";"D903";"46,3411265";"6,4620445"
"202000032428";"23";"3";"2020";"19:00";"1";"35";"35091";"1";"1";"7";"3";"Les Champs";"48,2058640";" -2,1456490"
"202000032429";"15";"2";"2020";"05:30";"3";"56";"56047";"1";"1";"2";"6";"Crézadio RD17";"48,0280500";" -2,7924160"
"202000032430";"23";"3";"2020";"16:15";"1";"58";"58247";"1";"1";"1";"6";"D958";"47,0200350";"3,3230050"
"202000032431";"15";"2";"2020";"15:15";"1";"74";"74011";"1";"1";"1";"3";"D5 Route de Naves";"45,9284380";"6,1774920"
"202000032432";"23";"3";"2020";"19:00";"1";"18";"18058";"2";"3";"1";"6";"Rue du Génada";"46,8568240";"2,3168880"
"202000032433";"15";"2";"2020";"15:50";"1";"33";"33514";"1";"2";"1";"1";"D1215";"45,5061500";" -1,0929300"
"202000032434";"15";"2";"2020";"00:15";"3";"32";"32306";"1";"1";"1";"6";"N21";"43,8967710";"0,6420940"
"202000032435";"15";"2";"2020";"10:05";"1";"71";"71014";"2";"1";"1";"6";"Rue General Demetz";"46,9492660";"4,2984252"
"202000032436";"14";"2";"2020";"19:15";"3";"63";"63045";"1";"2";"1";"3";"Chez Barrioux";"45,7898440";"3,4602087"
"202000032437";"26";"2";"2020";"18:39";"5";"67";"67152";"2";"9";"1";"3";"angle route de Lyon et rue du Fort";"48,5239060";"7,6909100"
"202000032438";"20";"3";"2020";"09:30";"1";"971";"97130";"1";"1";"1";"7";"Route du Sud";"15,8440310";" -61,6374690"
"202000032439";"13";"2";"2020";"16:45";"1";"34";"34142";"2";"1";"1";"6";"Rue du Docteur Schweitzer";"43,7297550";"3,3244800"
"202000032440";"14";"2";"2020";"19:40";"3";"68";"68235";"1";"1";"1";"6";"RD1Bis";"47,9830850";"7,4155990"
"202000032441";"23";"3";"2020";"16:40";"1";"57";"57350";"2";"6";"1";"3";"D657";"49,0778580";"6,1006630"
"202000032442";"23";"3";"2020";"22:00";"5";"38";"38067";"1";"1";"1";"6";"Route de Vienne";"45,7031700";"5,1907500"
"202000032443";"14";"2";"2020";"16:30";"1";"25";"25199";"1";"1";"2";"1";"Chemin de Montmahoux";"46,9947440";"6,0525440"
"202000032444";"24";"3";"2020";"09:15";"1";"85";"85003";"2";"1";"1";"6";"17 Impasse des Petits Moineaux";"46,7408620";" -1,6038940"