"Num_Acc";"jour";"mois";"an";"hrmn";"lum";"dep";"com";"agg";"int";"atm";"col";"adr";"lat";"long"
"202000032445";"19";"3";"2020";"15:45";"1";"13";"13071";"1";"1";"1";"6";"A5501G-Sens Mlle Vieux Port vers A7-Lyon";"43,4142649";"5,3646399"
"202000032446";"15";"2";"2020";"17:25";"1";"02";"02174";"1";"1";"1";"7";"RN2, PK 46+600";"49,4735340";"3,5282420"
"202000032447";"14";"2";"2020";"14:50";"1";"84";"84010";"1";"1";"1";"3";"Route de Mirabeau (Pont)";"43,6994590";"5,5648960"
"202000032448";"22";"3";"2020";"18:15";"3";"988";"98818";"2";"3";"1";"4";"OHLEN (RUE ARMAND)";" -22,2522900";"166,4636200"
"202000032449";"15";"2";"2020";"09:53";"1";"01";"01108";"1";"1";"1";"6";"D86";"46,3729190";"5,3646827"
"202000032450";"21";"3";"2020";"18:00";"1";"59";"59560";"2";"1";"1";"7";"TEMPLEMARS ROUTE DE";"50,5586138";"3,0456430"
"202000032451";"15";"2";"2020";"12:35";"1";"58";"58145";"1";"1";"1";"7";"rd 944";"47,3080010";"3,8305810"
"202000032452";"21";"3";"2020";"18:35";"1";"34";"34172";"2";"1";"1";"1";"PALAVAS (AVENUE DE)";"43,5948230";"3,8884550"
"202000032453";"14";"2";"2020";"10:30";"1";"06";"06090";"2";"6";"1";"3";"178 Route de la Fenerie";"43,5909300";"6,9291370"
"202000032454";"22";"3";"2020";"00:30";"5";"18";"18033";"2";"6";"1";"6";"CHARITE (ROUTE DE LA)";"47,0956700";"2,4356200"
"202000032455";"18";"1";"2020";"21:30";"3";"14";"14200";"2";"1";"1";"6";"D82";"49,2766021";" -0,5454069"
"202000032456";"21";"3";"2020";"22:00";"5";"92";"92004";"2";"2";"1";" -1";"ARGENTEUIL AV D'";"48,9101837";"2,2860224"
"202000032457";"12";"2";"2020";"07:45";"2";"50";"50425";"1";"2";"2";"6";"9 La Regale";"49,5128380";" -1,6809030"
"202000032458";"15";"2";"2020";"16:40";"1";"60";"60151";"1";"1";"1";"6";"D66";"49,4495236";"2,8775340"
"202000032459";"20";"3";"2020";"10:00";"1";"92";"92004";"2";"1";"1";"2";"FAIDHERBE ( AVENUE )";"48,9080490";"2,2677844"
"202000032460";"15";"2";"2020";"12:30";"1";"64";"64138";"2";"1";"1";"6";"Rue de l'Egalité";"43,2345810";" -0,2805640"
"202000032461";"22";"3";"2020";"18:10";"1";"29";"29020";"1";"1";"1";"6";"N165 - Bretelle sortie Briec";"48,0991920";" -4,0311240"
"202000032462";"14";"2";"2020";"23:00";"3";"64";"64238";"1";"1";"1";"1";"Route de Pau";"43,2485360";" -0,0731380"
"202000032463";"12";"2";"2020";"18:30";"3";"51";"51153";"2";"3";"1";"3";"Grande Rue";"49,0233747";"4,0250140"
"202000032464";"15";"2";"2020";"14:10";"1";"73";"73032";"1";"1";"1";"1";"route de l'énergie";"45,6339288";"6,4421082"
"202000032465";"22";"3";"2020";"19:50";"3";"71";"71404";"1";"1";"1";"2";"N80";"46,7590770";"4,7337560"
"202000032466";"21";"3";"2020";"10:30";"1";"25";"25259";"1";"1";"1";"6";"Départementale 09";"46,8666020";"6,1361860"
"202000032467";"15";"2";"2020";"10:00";"1";"53";"53049";"1";"1";"1";"6";"D9 - La Croix Blanche";"48,1562610";" -0,6485930"
"202000032468";"23";"3";"2020";"17:30";"1";"50";"50305";"1";"1";"1";"6";"La Mare";"49,5805460";" -1,5392820"
"202000032469";"14";"2";"2020";"16:00";"1";"40";"40051";"1";"4";"1";"3";"1747 Route de Villeneuve";"43,8856330";" -0,3741670"
"202000032470";"19";"3";"2020";"23:30";"3";"85";"85210";"2";"1";"1";"6";"Le Gué au Chaud";"46,8231160";" -1,6180050"
"202000032471";"14";"2";"2020";"13:50";"1";"24";"24153";"2";"2";"1";"3";"21 Le Bourg";"45,0819340";"1,3588660"
"202000032472";"22";"3";"2020";"18:40";"1";"17";"17327";"2";"1";"1";"6";"12 Rue du Marais Poitevin";"46,0968920";" -0,5895150"
"202000032473";"15";"2";"2020";"14:35";"1";"85";"85232";"1";"1";"1";"5";"D7";"46,6973400";" -1,1847300"
"202000032474";"13";"2";"2020";"05:15";"3";"27";"27617";"2";"1";"2";"3";"28 Rue Saint Adrien";"49,3149040";"1,5105100"
"202000032475";"23";"3";"2020";"08:10";"1";"69";"69244";"2";"1";"1";"2";"42 Route de Paris";"45,7661270";"4,7649990"
"202000032476";"15";"2";"2020";"06:15";"3";"17";"17349";"1";"3";"5";"6";"D262E1";"46,2984780";" -0,8909280"
"202000032477";"14";"2";"2020";"12:20";"1";"23";"23189";"1";"3";"8";"1";"D912";"46,0624600";"1,6926030"
"202000032478";"22";"3";"2020";"11:15";"1";"988";"98831";"1";"1";"1";"2";"RT1";" -20,8814180";"164,6468370"
"202000032479";"14";"2";"2020";"18:45";"2";"73";"73213";"1";"1";"1";"2";"A43 - pk 97+500 sens Albertville Chambéry";"45,5497330";"5,9588080"
"202000032480";"22";"2";"2020";"12:58";"1";"974";"97415";"2";"6";"1";"2";"106 Rue des Sables";" -21,0379770";"55,2187216"
"202000032481";"15";"2";"2020";"08:30";"1";"973";"97309";"2";"2";"1";"3";"Avenue Gaston Monnerville";"4,8875430";" -52,2800950"
"202000032482";"15";"2";"2020";"10:25";"1";"974";"97415";"1";"3";"2";"3";"12 Chemin du Trou de Sable";" -21,0990818";"55,2426606"
"202000032483";"14";"2";"2020";"18:15";"1";"973";"97309";"2";"1";"1";"2";"2080 Route des Plages";"4,8975870";" -52,2617680"
"202000032484";"14";"2";"2020";"09:00";"1";"74";"74250";"1";"9";"1";"3";"a40";"46,0705550";"6,3859050"
"202000032485";"12";"3";"2020";"13:00";"1";"977";"97701";"1";"3";"1";"3";"D209 grand cul de sac";"17,8954950";" -62,8125940"
"202000032486";"22";"3";"2020";"18:15";"1";"34";"34135";"1";"1";"1";"7";"cd14";"43,2575730";"3,1601890"
"202000032487";"22";"3";"2020";"02:30";"5";"13";"13055";"1";"1";"1";"6";"A507 sens Aubagne- Marseille";"43,2858950";"5,4259110"
"202000032488";"15";"2";"2020";"07:15";"2";"60";"60680";"1";"1";"1";"4";"A1";"49,2782210";"2,6959420"
"202000032489";"14";"2";"2020";"11:27";"1";"30";"30258";"1";"1";"1";"3";"Route de Nimes";"43,6962580";"4,4252100"
"202000032490";"22";"2";"2020";"09:00";"1";"69";"69072";"1";"1";"1";"2";"A89 541.188 A 543.943";"45,8226200";"4,7312100"
"202000032491";"14";"2";"2020";"22:50";"3";"11";"11300";"1";"1";"1";"6";"D217";"43,3885210";"1,9089820"
"202000032492";"15";"2";"2020";"17:45";"1";"13";"13022";"1";"1";"1";"7";"RD 559";"43,2234600";"5,5442310"
"202000032493";"21";"3";"2020";"21:45";"3";"77";"77294";"1";"1";"1";"6";"A104";"48,9661857";"2,6068511"
"202000032494";"13";"2";"2020";"18:35";"5";"13";"13015";"2";"3";"2";"2";"Avenue de la Croix d'Or";"43,4528327";"5,4007013"
"202000032495";"20";"3";"2020";"21:34";"5";"972";"97209";"1";"9";"1";"7";"BEAUSEJOUR JAMBETTE (ROUTE)";"14,6433000";" -61,0437000"
"202000032496";"15";"2";"2020";"15:10";"1";"89";"89059";"1";"1";"1";"7";"départementale 47";"48,0129230";"3,5142300"
"202000032497";"20";"3";"2020";"23:00";"5";"69";"69382";"2";"1";"1";"6";"VERDUN RAMBAUD                      (VO)";"45,7503200";"4,8230900"
"202000032498";"14";"2";"2020";"20:15";"5";"08";"08328";"2";"1";"1";"6";"4 Rue Lafayette";"49,8116830";"4,7457100"
"202000032499";"15";"2";"2020";"05:50";"3";"68";"68130";"1";"1";"1";"6";"D468";"47,9606460";"7,5373080"
"202000032500";"21";"3";"2020";"16:00";"1";"91";"91223";"2";"1";"1";"1";"DE GAULLE (AVENUE CHARLES)";"48,4225730";"2,1527260"
"202000032501";"14";"2";"2020";"08:20";"1";"88";"88262";"2";"3";"8";"3";"43 Rue de la Vologne";"48,1796190";"6,7564790"
"202000032502";"21";"3";"2020";"13:30";"1";"72";"72181";"2";"1";"1";"3";"PYRENEES (RUE DES)";"47,9917700";"0,2236400"
"202000032503";"15";"2";"2020";"15:45";"1";"57";"57350";"2";"1";"7";"6";"Rue de la Moselle";"49,0632410";"6,0762600"
"202000032504";"15";"2";"2020";"15:30";"1";"63";"63038";"1";"1";"1";"7";"Route Départementale 978";"45,5095050";"2,9134260"
"202000032505";"20";"3";"2020";"17:00";"1";"69";"69029";"2";"5";"1";"3";"GENAS (DE)                          (RO)";"45,7511000";"4,9073000"
"202000032506";"7";"2";"2020";"16:50";"1";"74";"74250";"2";"1";"7";"6";"Avenue de la Gare";"46,0590910";"6,3745940"
"202000032507";"21";"3";"2020";"22:25";"5";"34";"34172";"2";"4";"1";"6";"BOUNIN (RUE JACQUES)";"43,5899800";"3,8630972"
"202000032508";"15";"2";"2020";"15:35";"1";"42";"42147";"2";"2";"1";"3";"Boulevard Lachèze";"45,6048139";"4,0666840"
"202000032509";"21";"3";"2020";"04:45";"5";"29";"29039";"2";"2";"1";"6";"Rue de Kervinou";"47,8646700";" -3,8841600"
"202000032510";"14";"2";"2020";"15:30";"1";"81";"81105";"2";"1";"1";"6";"Avenue de l'Amiral Jaures";"43,7640050";"1,9930100"
"202000032511";"12";"3";"2020";"11:10";"1";"29";"29019";"2";"8";"1";"3";"Boulevard de Plymouth";"48,3866089";" -4,5283024"
"202000032512";"15";"2";"2020";"13:15";"1";"65";"65481";"2";"1";"1";"6";"Rue Ramond";"42,8965500";"0,0642340"
"202000032513";"12";"2";"2020";"16:45";"1";"40";"40125";"1";"1";"1";"7";"Départementale 29";"43,6262910";" -1,0525420"
"202000032514";"21";"3";"2020";"17:35";"1";"75";"75119";"2";"3";"1";"6";"RUE REBEVAL";"48,8742260";"2,3774050"
"202000032515";"21";"3";"2020";"10:20";"1";"94";"94019";"2";"1";"1";"6";"PLESSIS (RTE DU)";"48,8036500";"2,5518500"
"202000032516";"14";"2";"2020";"18:00";"1";"85";"85088";"1";"1";"1";"7";"Le Roc";"46,7294400";" -1,8793500"
"202000032517";"14";"2";"2020";"20:10";"3";"29";"29091";"1";"3";"6";"6";"Lieu-dit Cleusmeur";"48,6301570";" -4,3595340"
"202000032518";"21";"3";"2020";"16:15";"1";"93";"93005";"2";"1";"8";"2";"R PAUL CEZANNE";"48,9526100";"2,4918200"
"202000032519";"15";"2";"2020";"05:15";"3";"76";"76610";"2";"1";"1";"6";"Rue des Tilleuls";"49,6257410";"0,7813650"
"202000032520";"20";"3";"2020";"18:30";"2";"92";"92044";"2";"2";"1";"3";"PDT WILSON(RUE)107A131 ET 110A130";"48,8981117";"2,2851476"
"202000032521";"15";"2";"2020";"16:20";"1";"60";"60103";"1";"1";"1";"7";"Rue de Trye";"49,3980860";"2,2671530"
"202000032522";"13";"2";"2020";"19:00";"5";"83";"83137";"1";"1";"2";"2";"A50 Accès Tunnel Tube Nord";"43,1213200";"5,9533100"
"202000032523";"13";"2";"2020";"18:25";"3";"83";"83144";"1";"1";"1";"3";"A57";"43,1334900";"5,9847600"
"202000032524";"27";"1";"2020";"11:50";"1";"51";"51649";"2";"9";"1";"7";"Avenue Jean Jaurès";"48,7209512";"4,5886393"
"202000032525";"13";"2";"2020";"08:58";"1";"83";"83137";"1";"1";"1";"2";"A50";"43,1213200";"5,9533100"
"202000032526";"19";"3";"2020";"19:40";"3";"74";"74184";"1";"1";"1";"7";"D992";"46,0573000";"5,9799960"
"202000032527";"16";"3";"2020";"11:45";"1";"63";"63231";"1";"6";"1";"6";"D2089";"45,8700770";"3,6280470"
"202000032528";"13";"2";"2020";"08:45";"1";"69";"69382";"1";"1";"1";" -1";"A 7   ";"45,7390700";"4,8226200"
"202000032529";"22";"3";"2020";"17:15";"1";"42";"42016";"1";"1";"1";"6";"Route de Brosseronde";"46,1454210";"4,0370890"
"202000032530";"9";"2";"2020";"19:30";"3";"69";"69256";"1";"1";"1";"2";"A42   ";"45,8045172";"4,9261791"
"202000032531";"22";"3";"2020";"11:15";"1";"38";"38261";"2";"1";"1";" -1";"D1075";"45,6712200";"5,4710800"
"202000032532";"14";"2";"2020";"17:00";"1";"33";"33397";"1";"1";"1";"5";"AUTOROUTE A10";"44,9023700";" -0,4934600"
"202000032533";"22";"3";"2020";"01:45";"3";"37";"37243";"1";"1";"1";"6";"129 Route de l'Audeverdière";"47,3375696";"0,5685946"
"202000032534";"14";"2";"2020";"02:00";"3";"94";"94021";"1";"1";"9";"2";"AUTOROUTE A6A";"48,7704700";"2,3455200"
"202000032535";"21";"3";"2020";"17:20";"1";"06";"06152";"1";"6";"1";"7";"Route des Cretes";"43,6209010";"7,0352730"
"202000032536";"14";"2";"2020";"07:05";"5";"92";"92047";"1";"1";"8";"4";"A13";"48,8364384";"2,1847164"
"202000032537";"20";"3";"2020";"19:35";"3";"71";"71153";"2";"1";"1";"6";"Rue Chaptal";"46,8101088";"4,4189392"
"202000032538";"14";"2";"2020";"15:30";"1";"92";"92036";"1";"1";"1";"2";"AUTOROUTE A86";"48,9390900";"2,3040200"
"202000032539";"13";"2";"2020";"12:25";"1";"95";"95488";"1";"1";"1";"2";"AUTOROUTE A15";"49,0135100";"2,1484400"
"202000032540";"22";"3";"2020";"11:00";"1";"78";"78668";"1";"1";"1";"1";"RD 37";"49,0068060";"1,5406390"
"202000032541";"22";"3";"2020";"05:20";"3";"64";"64064";"1";"1";"1";"6";"N134";"43,1000430";" -0,6220150"
"202000032542";"12";"2";"2020";"18:40";"3";"93";"93078";"1";"1";"1";"4";"AUTOROUTE A104";"48,9611800";"2,5436500"
"202000032543";"12";"2";"2020";"14:40";"1";"93";"93027";"1";"1";"1";"3";"AUTOROUTE A86";"48,9256900";"2,3979400"
"202000032544";"8";"2";"2020";"19:40";"3";"95";"95572";"1";"1";"2";"2";"RN 184";"49,0336800";"2,1115000"
"202000032545";"17";"1";"2020";"07:30";"2";"13";"13212";"2";"3";"1";"3";"BEAUMONT (BOULEVARD)";"43,3148360";"5,4379460"
"202000032546";"14";"2";"2020";"18:00";"2";"77";"77059";"1";"9";"8";"6";"A104";"48,8411110";"2,6638710"
"202000032547";"20";"3";"2020";"20:09";"5";"973";"97302";"1";"2";"1";"3";"FELIX EBOUE(ROCADE)";"4,9295792";" -52,3151028"
"202000032548";"13";"2";"2020";"15:50";"1";"988";"98818";"2";"2";"1";"3";"AVENUE DU MARECHAL FOCH";" -22,2743700";"166,4428000"
"202000032549";"20";"3";"2020";"10:20";"1";"971";"97113";"1";"1";"2";"6";"PONT DE POUCET";"16,2188700";" -61,5030100"
"202000032550";"10";"1";"2020";"17:09";"1";"976";"97611";"2";"1";"1";"6";"passamanty-M'hogoni (rue)";" -12,7986000";"45,2156700"
"202000032551";"12";"2";"2020";"14:45";"1";"974";"97407";"1";"1";"1";"5";"OWENS JAMES";" -20,9354000";"55,3285400"
"202000032552";"19";"3";"2020";"11:00";"1";"971";"97120";"2";"5";"1";"3";"FRANCOIS ARAGO";"16,2389900";" -61,5328500"
"202000032553";"12";"2";"2020";"17:15";"1";"69";"69386";"2";"1";"1";"6";"LAFAYETTE                           (CO)";"45,7636200";"4,8535600"
"202000032554";"12";"2";"2020";"21:20";"5";"972";"97213";"1";"9";"1";"2";"AUTOROUTE A1";"14,6135000";" -61,0103000"
"202000032555";"20";"3";"2020";"18:39";"2";"95";"95018";"2";"2";"1";"3";"GALLIENI (BOULEVARD)";"48,9427310";"2,2430320"
"202000032556";"13";"2";"2020";"13:45";"1";"972";"97209";"2";"6";"7";"7";"GILBERT GRATIANT (PLACE)";"14,6035500";" -61,0710000"
"202000032557";"18";"3";"2020";"19:00";"1";"76";"76351";"2";"1";"1";"5";"LENINGRAD (BD DE)";"49,4986117";"0,1585186"
"202000032558";"13";"2";"2020";"07:35";"2";"69";"69152";"1";"1";"1";"7";" A 450                     ";"45,6937600";"4,8279600"
"202000032559";"12";"2";"2020";"17:00";"1";"971";"97120";"2";"1";"1";"3";"CHEMIN NEUF";"16,2316248";" -61,5315108"
"202000032560";"19";"3";"2020";"14:05";"1";"74";"74012";"2";"3";"1";"3";"MOLE (RUE DU)";"46,1974384";"6,2370640"
"202000032561";"10";"2";"2020";"19:30";"3";"95";"95427";"2";"1";"3";"6";"SAINT LEU (ROUTE DE)";"48,9587400";"2,3292700"
"202000032562";"14";"2";"2020";"00:55";"5";"91";"91434";"2";"1";"1";"2";"SAVIGNY (RUE DE)";"48,6684610";"2,3547300"
"202000032563";"20";"3";"2020";"14:40";"1";"72";"72181";"2";"1";"1";"3";"COULOMB MICHEL (RUE)";"47,9707000";"0,2137000"
"202000032564";"13";"2";"2020";"10:45";"1";"91";"91174";"2";"1";"3";"3";"JEAN COCTEAU (RUE)";"48,6080870";"2,4490480"
"202000032565";"20";"3";"2020";"13:36";"1";"64";"64140";"2";"1";"1";"3";"LATAPPY (RUE SEVERIN)";"43,5289540";" -1,4820100"
"202000032566";"12";"2";"2020";"11:05";"1";"91";"91103";"1";"1";"1";"2";"CD 19";"48,5879100";"2,3074700"
"202000032567";"12";"2";"2020";"20:05";"5";"87";"87085";"2";"1";"1";"3";"COMTE (RUE AUGUSTE)";"45,8730400";"1,2686800"
"202000032568";"19";"3";"2020";"19:15";"3";"57";"57463";"2";"3";"1";"1";"PLAPPEVILLE (ROUTE DE )";"49,1254600";"6,1591200"
"202000032569";"13";"2";"2020";"07:48";"5";"87";"87085";"2";"1";"2";"6";"FEYTIAT (RUE DE)";"45,8224500";"1,2815400"
"202000032570";"12";"2";"2020";"15:14";"1";"87";"87085";"1";"1";"1";"2";"AUTOROUTE A20";"45,8752900";"1,2878200"
"202000032571";"24";"2";"2020";"16:30";"1";"57";"57591";"2";"1";"1";"6";"VILLERS (RUE DE)";"49,2507500";"6,0930700"
"202000032572";"13";"2";"2020";"16:45";"1";"78";"78440";"2";"2";"2";"1";"RÉPUBLIQUE (RUE DE LA)";"48,9867500";"1,9239420"
"202000032573";"12";"2";"2020";"12:12";"1";"77";"77294";"2";"2";"1";"6";"FRANKLIN ROOSEVELT (AVENUE)";"48,9538000";"2,6004000"
"202000032574";"11";"1";"2020";"02:00";"5";"77";"77152";"2";"1";"1";"6";"JAURES(AVENUE JEAN) - D372";"48,5262100";"2,6458100"
"202000032575";"15";"3";"2020";"17:45";"1";"38";"38544";"1";"1";"1";"7";"Rue Latreille";"45,5163300";"4,9160100"
"202000032576";"13";"2";"2020";"18:20";"5";"77";"77307";"1";"1";"2";"5";"RD231";"48,8706000";"2,7304700"
"202000032577";"1";"3";"2020";"12:25";"1";"37";"37122";"2";"1";"1";"6";"CHINON (BOULEVARD DE)";"47,3551154";"0,6972465"
"202000032578";"12";"2";"2020";"16:25";"1";"76";"76351";"2";"6";"1";"3";"Rue des Chargeurs Réunis";"49,4853900";"0,1368000"
"202000032579";"19";"3";"2020";"10:30";"1";"27";"27375";"1";"1";"1";"1";"PARIS (CHAUSSEE DE)";"49,2045200";"1,1956400"
"202000032580";"13";"2";"2020";"18:25";"5";"74";"74012";"2";"6";"2";"3";"18 AOUT 44 (RUE DU)";"46,1916300";"6,2506199"
"202000032581";"21";"1";"2020";"17:20";"1";"10";"10387";"2";"9";"1";"3";"CHOMEDEY DE MAISONNEUVE (AVE)";"48,3084680";"4,0690430"
"202000032582";"12";"2";"2020";"07:20";"1";"69";"69266";"2";"1";"1";"6";"GALLINE       (Avenue)";"45,7762831";"4,8685212"
"202000032583";"20";"3";"2020";"15:30";"1";"75";"75116";"2";"1";"1";"6";"ALLEE DE LA REINE MARGUERITE";"48,8634560";"2,2481120"
"202000032584";"13";"2";"2020";"09:30";"1";"69";"69115";"2";"6";"8";"3";"ANSE (route d')";"45,9730000";"4,7173400"
"202000032585";"20";"3";"2020";"07:20";"1";"75";"75116";"2";"2";"1";"3";"AVENUE THEOPHILE GAUTIER";"48,8482270";"2,2698940"
"202000032586";"12";"2";"2020";"16:53";"1";"66";"66136";"2";"1";"1";"3";"BOURRAT BOULEVARD JEAN";"42,7016700";"2,8992900"
"202000032587";"20";"3";"2020";"10:20";"1";"75";"75104";"2";"3";"1";"7";"RUE VIEILLE DU TEMPLE";"48,8572820";"2,3573700"
"202000032588";"10";"2";"2020";"18:35";"5";"64";"64129";"2";"1";"1";"2";"JEAN MERMOZ";"43,3176400";" -0,3785800"
"202000032589";"12";"2";"2020";"20:10";"5";"62";"62041";"2";"9";"1";"1";"JOUHAUX ( SQUARE LEON )";"50,2925270";"2,7821480"
"202000032590";"20";"3";"2020";"14:20";"1";"92";"92014";"2";"3";"1";"3";"MARECHAL JOFFRE (BD DU) (1 A 41 - 2 A 56";"48,7823054";"2,3147696"
"202000032591";"11";"2";"2020";"18:20";"5";"58";"58194";"2";"1";"1";"2";"PIERRE DE COUBERTIN";"46,9856500";"3,1593100"
"202000032592";"12";"2";"2020";"11:10";"1";"57";"57368";"2";"1";"1";"6";"REPUBLIQUE (RUE DE LA )";"49,3386000";"6,0435000"
"202000032593";"12";"3";"2020";"10:35";"1";"01";"01075";"1";"5";"1";"1";"D75";"46,0386544";"4,8158723"
"202000032594";"20";"3";"2020";"19:40";"2";"89";"89226";"1";"1";"1";"7";"D124";"47,8519659";"3,7154239"
"202000032595";"12";"2";"2020";"19:56";"1";"57";"57019";"2";"2";"2";"3";"CD 47";"49,2547500";"6,1490500"
"202000032596";"12";"2";"2020";"22:24";"3";"56";"56185";"1";"1";"1";"6";"RN 165";"47,7705100";" -3,3785500"
"202000032597";"20";"3";"2020";"17:15";"1";"73";"73270";"1";"1";"1";"6";"D911";"45,5826590";"6,1439540"
"202000032598";"13";"2";"2020";"17:00";"1";"54";"54547";"2";"2";"2";"3";"JAURES (AVENUE JEAN)";"48,6617722";"6,1611608"
"202000032599";"20";"3";"2020";"11:50";"1";"973";"97309";"2";"1";"1";"1";"RD2";"4,8915110";" -52,2746002"
"202000032600";"13";"2";"2020";"14:15";"1";"54";"54274";"2";"6";"3";" -1";"REPUBLIQUE (RUE DE LA)";"48,6682050";"6,2086620"
"202000032601";"25";"1";"2020";"02:35";"5";"54";"54395";"2";"1";"1";"2";"SAINT LEON (RUE ET EGLISE)";"48,6892960";"6,1724871"
"202000032602";"21";"3";"2020";"13:45";"1";"60";"60019";"1";"1";"1";"7";"A1";"49,5056790";"2,7178770"
"202000032603";"13";"2";"2020";"10:20";"1";"54";"54323";"2";"3";"1";"2";"MERCY (RUE)";"49,5235430";"5,7644530"
"202000032604";"17";"3";"2020";"09:13";"1";"77";"77232";"1";"1";"1";"6";"RD5-33 Avenue de la Libération";"48,9118150";"2,8151840"
"202000032605";"12";"2";"2020";"18:32";"2";"49";"49007";"2";"1";"1";"3";"JUSSIEU";"47,4762200";" -0,5451000"
"202000032606";"13";"2";"2020";"20:00";"5";"37";"37261";"2";"2";"1";"3";"LAC (AVENUE DU)";"47,3637474";"0,7000458"
"202000032607";"20";"3";"2020";"17:00";"1";"34";"34039";"1";"6";"1";"6";"D613";"43,4531180";"3,6535500"
"202000032608";"21";"3";"2020";"15:30";"1";"39";"39517";"1";"1";"1";"1";"Proximité du hameau de Treffay";"46,7182320";"6,0033740"
"202000032609";"18";"3";"2020";"05:46";"3";"38";"38544";"2";"1";"1";"2";"Boulevard Georges Pompidou";"45,5108700";"4,8566300"
"202000032610";"17";"1";"2020";"19:30";"3";"05";"05061";"2";"1";"4";"4";"RN 85";"44,6009500";"6,0793300"
"202000032611";"19";"3";"2020";"21:50";"5";"69";"69387";"2";"2";"1";"3";"CLAUDE VEYRON                       (R )";"45,7469700";"4,8564400"
"202000032612";"13";"2";"2020";"20:00";"5";"37";"37261";"2";"2";"8";"3";"JEMMAPES (RUE)";"47,4211877";"0,6837224"
"202000032613";"13";"2";"2020";"07:30";"5";"37";"37261";"2";"1";"2";"2";"WAGNER (BOULEVARD RICHARD)";"47,3751639";"0,7075013"
"202000032614";"19";"3";"2020";"16:30";"1";"2A";"2A004";"2";"9";"1";"3";"AVENUE DU DOCTEUR NOEL FRANCHINI";"41,9364884";"8,7535172"
"202000032615";"13";"2";"2020";"07:40";"5";"35";"35238";"2";"6";"2";"3";"GRIMAULT (BD LEON)";"48,0914500";" -1,6581500"
"202000032616";"18";"3";"2020";"17:40";"1";"80";"80021";"2";"1";"1";"3";"SAINT FUSCIEN (RUE)";"49,8846300";"2,3039600"
"202000032617";"11";"2";"2020";"18:40";"5";"34";"34003";"2";"1";"1";"1";"ROCHELONGUE (G14 A O16";"43,3066900";"3,4758000"
"202000032618";"14";"2";"2020";"00:56";"3";"33";"33075";"1";"1";"2";"6";"ALL DE LA RESERVE";"44,8944900";" -0,6030900"
"202000032619";"13";"2";"2020";"18:10";"2";"33";"33318";"2";"2";"1";"1";"AVE ANTOINE BECQUEREL / RUE GUTENBERG";"44,7882900";" -0,6463600"
"202000032620";"18";"3";"2020";"09:20";"1";"76";"76484";"2";"4";"1";"3";"FRATERNITE. AVENUE DE LA";"49,3610300";"1,0988100"
"202000032621";"13";"2";"2020";"17:45";"1";"33";"33550";"2";"3";"1";"2";"Rue de Chambery / Rue Fernand Jarnac";"44,7638200";" -0,5633700"
"202000032622";"5";"2";"2020";"16:30";"1";"33";"33281";"2";"2";"1";"3";"AVE ARISTIDE BRIAND";"44,8231600";" -0,6528500"
"202000032623";"15";"3";"2020";"18:45";"2";"69";"69282";"2";"2";"1";"3";"POMMIER (DE)                        (CH)";"45,7771800";"5,0054000"
"202000032624";"18";"3";"2020";"15:08";"1";"66";"66136";"2";"1";"1";"7";"GUITER (JEAN)";"42,6932900";"2,8766700"
"202000032625";"13";"2";"2020";"14:15";"1";"33";"33039";"1";"1";"1";"3";"RUE DES FRERES LUMIERE";"44,7933700";" -0,5348400"
"202000032626";"18";"3";"2020";"10:05";"1";"64";"64024";"2";"3";"1";"3";"PITOYS (ROUTE DE)";"43,4634000";" -1,5069000"
"202000032627";"14";"2";"2020";"13:15";"1";"33";"33522";"2";"1";"1";" -1";"Boulevard du Président Franklin Roosevelt";"44,8179100";" -0,5777400"
"202000032628";"19";"3";"2020";"04:15";"5";"62";"62035";"2";"1";"1";"6";"LABEUVRIERE ( RUE DE )";"50,5315380";"2,6111510"
"202000032629";"13";"2";"2020";"10:00";"1";"33";"33281";"2";"1";"2";"3";"AVE HENRI BARBUSSE";"44,8562600";" -0,6408000"
"202000032630";"18";"3";"2020";"19:45";"3";"49";"49007";"2";"1";"1";"7";"HAUT CHENE";"47,4665700";" -0,6023100"
"202000032631";"13";"2";"2020";"07:15";"3";"33";"33039";"2";"2";"2";"3";"AVE DU MARECHAL LECLERC / RUE DU PRECHE / ALL BOYER";"44,8095700";" -0,5422300"
"202000032632";"19";"3";"2020";"18:20";"1";"45";"45234";"2";"1";"1";"6";"Route d'Olivet";"47,8866378";"1,9049613"
"202000032633";"12";"2";"2020";"07:40";"2";"33";"33529";"2";"1";"1";"2";"CAZAUX (BD DE)";"44,6118300";" -1,1340000"
"202000032634";"8";"2";"2020";"05:15";"5";"33";"33529";"1";"6";"1";"1";"RD 1250 (Camicas - Sortie Dune)";"44,6224800";" -1,1598600"
"202000032635";"19";"3";"2020";"07:30";"1";"35";"35238";"2";"6";"1";"3";"VALLES (JULES)";"48,1038000";" -1,7118400"
"202000032636";"13";"2";"2020";"12:00";"1";"31";"31555";"2";"1";"1";"2";"AV DE LYON";"43,6155000";"1,4525800"
"202000032637";"7";"3";"2020";"14:50";"1";"33";"33119";"2";"1";"1";"6";"Rue Aristide Briand";"44,8616300";" -0,5232700"
"202000032638";"12";"2";"2020";"16:15";"1";"31";"31555";"2";"3";"1";"3";"AV CAMILLE PUJOL";"43,6006000";"1,4666200"