"Num_Acc";"jour";"mois";"an";"hrmn";"lum";"dep";"com";"agg";"int";"atm";"col";"adr";"lat";"long"
"202000032639";"9";"2";"2020";"17:10";"1";"31";"31555";"2";"1";"1";"3";"PORT DE L EMBOUCHURE";"43,6105100";"1,4147700"
"202000032640";"28";"1";"2020";"15:00";"1";"24";"24037";"2";"1";"1";"6";"PLACE DES DEUX CONILS";"44,8541600";"0,4853100"
"202000032641";"17";"3";"2020";"10:00";"1";"31";"31555";"2";"1";"1";"6";"RUE DU LANGUEDOC";"43,5967800";"1,4456500"
"202000032642";"12";"3";"2020";"18:30";"1";"29";"29019";"2";"1";"1";"4";"Pont de Recouvrance";"48,3843782";" -4,4964078"
"202000032643";"11";"2";"2020";"16:30";"1";"22";"22360";"1";"1";"1";"4";"le perray";"48,4804500";" -2,7002200"
"202000032644";"6";"2";"2020";"17:15";"1";"22";"22278";"2";"1";"1";"2";"RIBOT (THEODULE)";"48,5185830";" -2,7830450"
"202000032645";"19";"3";"2020";"19:22";"5";"26";"26362";"2";"2";"1";"3";"FAVENTINES RUE";"44,9228660";"4,9058680"
"202000032646";"13";"2";"2020";"11:45";"1";"17";"17415";"2";"1";"1";"6";"DE GAULLE COURS CHARLES";"45,7411500";" -0,6255500"
"202000032647";"19";"3";"2020";"19:08";"5";"06";"06088";"2";"1";"1";"6";"MADELEINE (BD DE LA)";"43,7037000";"7,2346000"
"202000032648";"13";"2";"2020";"08:37";"1";"17";"17300";"2";"2";"3";"6";"SAUTEL  BOULEVARD ANDRE";"46,1681800";" -1,1321700"
"202000032649";"18";"3";"2020";"17:25";"1";"01";"01053";"1";"6";"1";"7";"CHAGNE ( CHEMIN DE LA)";"46,2034381";"5,2739072"
"202000032650";"19";"3";"2020";"20:20";"5";"75";"75115";"2";"4";"1";"7";"QUAI D ISSY LES MOULINEAUX";"48,8354020";"2,2668850"
"202000032651";"13";"2";"2020";"07:20";"1";"13";"13201";"2";"2";"1";"3";"PARADIS (RUE)       1 A 47";"43,2922100";"5,3772800"
"202000032652";"13";"2";"2020";"01:45";"5";"13";"13206";"2";"9";"1";"6";"LIEUTAUD (COURS)";"43,2900000";"5,3800000"
"202000032653";"11";"2";"2020";"12:15";"1";"13";"13063";"2";"2";"1";"3";"SULLY RUE";"43,5845006";"5,0057731"
"202000032654";"19";"3";"2020";"10:30";"1";"75";"75110";"2";"3";"1";"3";"BOULEVARD DE LA VILLETTE";"48,8743820";"2,3741620"
"202000032655";"13";"2";"2020";"02:00";"3";"13";"13047";"1";"1";"1";"6";"RN 1569";"43,5741000";"4,9926000"
"202000032656";"19";"3";"2020";"02:10";"5";"94";"94043";"2";"1";"1";"6";"GABRIEL PERI (R)";"48,8114558";"2,3512100"
"202000032657";"12";"2";"2020";"10:35";"1";"11";"11262";"2";"1";"1";"6";"LUNES (ROUTE DE)";"43,1769000";"3,0053700"
"202000032658";"17";"3";"2020";"13:45";"1";"94";"94002";"2";"1";"1";"3";"BLANQUI (QU)";"48,8009300";"2,4223100"
"202000032659";"13";"2";"2020";"18:10";"5";"75";"75114";"2";"1";"1";"2";"PORTE DE CHATILLON";"48,8225610";"2,3141690"
"202000032660";"19";"3";"2020";"16:30";"1";"92";"92007";"2";"9";"1";"3";"BRIAND (AVENUE ARISTIDE) N° 162 A 300";"48,7912200";"2,3198000"
"202000032661";"13";"2";"2020";"14:25";"1";"75";"75116";"2";"1";"1";"3";"ECHANGEUR AUTEUIL";"48,8524220";"2,2525860"
"202000032662";"16";"3";"2020";"15:20";"1";"37";"37074";"2";"1";"2";"1";"49 Rue de la Hurtauderie";"47,2448173";"0,1523006"
"202000032663";"13";"2";"2020";"06:10";"5";"75";"75119";"2";"4";"8";" -1";"PORTE DE LA VILLETTE";"48,9003430";"2,3804220"
"202000032664";"19";"3";"2020";"15:15";"1";"972";"97225";"1";"1";"1";"7";"Fond Canonville";"14,7737720";" -61,2015830"
"202000032665";"19";"3";"2020";"17:15";"1";"30";"30251";"1";"1";"1";"6";"D138";"44,1976590";"4,6944560"
"202000032666";"13";"3";"2020";"22:40";"3";"74";"74100";"1";"1";"1";"6";"D310";"46,0151150";"5,8903460"
"202000032667";"12";"2";"2020";"20:55";"5";"75";"75113";"2";"1";"1";" -1";"PORTE D ITALIE";"48,8161510";"2,3611500"
"202000032668";"19";"3";"2020";"17:45";"1";"80";"80338";"2";"1";"1";"7";"7 Residence du Vallon";"49,8978700";"2,5113700"
"202000032669";"13";"2";"2020";"18:00";"2";"75";"75105";"2";"3";"2";"2";"QUAI SAINT BERNARD";"48,8468490";"2,3609700"
"202000032670";"17";"3";"2020";"13:55";"1";"29";"29259";"1";"1";"1";"6";"D58 A - Bel Air";"48,6666520";" -3,9757690"
"202000032671";"20";"3";"2020";"02:00";"3";"02";"02671";"1";"1";"1";"6";"D6";"49,4947510";"3,1702420"
"202000032672";"13";"2";"2020";"10:05";"1";"75";"75119";"2";"7";"2";"3";"BOULEVARD DE LA VILLETTE";"48,8784320";"2,3704460"
"202000032673";"13";"2";"2020";"20:15";"5";"75";"75118";"2";"1";"2";"6";"BOULEVARD DE LA CHAPELLE";"48,8839960";"2,3515320"
"202000032674";"13";"2";"2020";"11:45";"1";"75";"75118";"2";"1";"1";"6";"RUE DU POTEAU";"48,8971650";"2,3380620"
"202000032675";"13";"2";"2020";"17:15";"1";"75";"75116";"2";"1";"2";" -1";"RUE MOLITOR";"48,8452500";"2,2614980"
"202000032676";"12";"2";"2020";"11:28";"1";"75";"75116";"2";"1";"1";"6";"RUE SAINT DIDIER";"48,8666260";"2,2850880"
"202000032677";"13";"2";"2020";"09:45";"1";"75";"75112";"2";"2";"3";"7";"AVENUE LEDRU ROLLIN";"48,8486300";"2,3725420"
"202000032678";"13";"2";"2020";"09:40";"1";"75";"75110";"2";"2";"3";"3";"RUE LOUIS BLANC";"48,8813290";"2,3647160"
"202000032679";"13";"2";"2020";"18:25";"5";"75";"75108";"2";"1";"8";"3";"RUE DE BERRI";"48,8746150";"2,3080680"
"202000032680";"13";"2";"2020";"16:05";"1";"75";"75107";"2";"2";"1";"3";"PORT DE LA BOURDONNAIS";"48,8606410";"2,2954590"
"202000032681";"13";"2";"2020";"10:55";"1";"75";"75104";"2";"1";"1";"6";"BOULEVARD BEAUMARCHAIS";"48,8549550";"2,3687030"
"202000032682";"13";"2";"2020";"15:25";"1";"75";"75101";"2";"1";"2";"6";"BOULEVARD DU PALAIS";"48,8552190";"2,3458030"
"202000032683";"10";"2";"2020";"13:45";"1";"94";"94068";"2";"2";"2";"3";"ALSACE LORRAINE (R D)";"48,8050000";"2,4770000"
"202000032684";"13";"2";"2020";"03:30";"5";"94";"94065";"2";"6";"1";"3";"LORRAINE (RUE DE)";"48,7633421";"2,3551274"
"202000032685";"13";"2";"2020";"19:09";"5";"94";"94017";"2";"1";"3";"6";"REGARD DES LUATS (R DU)";"48,8201700";"2,5316900"
"202000032686";"13";"2";"2020";"09:10";"1";"93";"93073";"2";"1";"2";"6";"CHAPIT RE ( RUE DU)";"49,0017881";"2,5370300"
"202000032687";"13";"2";"2020";"07:30";"5";"93";"93078";"2";"6";"2";"2";"BALLANGER (BD ROBERT)";"48,9615900";"2,5562600"
"202000032688";"13";"2";"2020";"07:20";"2";"93";"93073";"2";"9";"2";"6";"CHAPIT RE ( RUE DU)";"49,0034241";"2,5368129"
"202000032689";"13";"2";"2020";"07:00";"5";"93";"93059";"2";"3";"2";"2";"PASTEUR (BOULEVARD)";"48,9655000";"2,3636000"
"202000032690";"13";"2";"2020";"09:00";"1";"93";"93051";"2";"6";"2";"2";"MONT D'EST (BD)";"48,8431000";"2,5478000"
"202000032691";"13";"2";"2020";"16:35";"1";"93";"93050";"2";"6";"1";"7";"GASTON NAVAILLE (RUE)";"48,8710963";"2,5335449"
"202000032692";"13";"2";"2020";"16:54";"1";"93";"93027";"2";"2";"2";"3";"PASCAL (RUE)";"48,9284300";"2,4007800"
"202000032693";"13";"2";"2020";"15:35";"1";"93";"93027";"2";"1";"8";"6";"VERLAINE (RUE PAUL)";"48,9331294";"2,3914127"
"202000032694";"13";"2";"2020";"20:30";"5";"92";"92072";"2";"1";"8";"3";"PAVE DES GARDES (ROUTE DU)";"48,8127900";"2,2158200"
"202000032695";"13";"2";"2020";"10:45";"1";"92";"92064";"2";"1";"2";"6";"CALVAIRE";"48,8465010";"2,2187568"
"202000032696";"13";"2";"2020";"10:30";"1";"92";"92062";"2";"1";"1";"2";"CIRCULAIRE (boulevard)";"48,8868568";"2,2384751"
"202000032697";"13";"2";"2020";"17:58";"2";"92";"92050";"2";"3";"2";"3";"SADI CARNOT RUE";"48,8869290";"2,2082870"
"202000032698";"13";"2";"2020";"13:30";"1";"92";"92023";"2";"2";"8";"3";"GENERAL DE GAULLE (AVENUE DU)/ rue de Versailles";"48,7834000";"2,2467000"
"202000032699";"13";"2";"2020";"19:05";"5";"92";"92012";"2";"1";"1";"2";"COURS DE L'ILE SEGUIN";"48,8282000";"2,2355000"
"202000032700";"2";"10";"2020";"10:00";"1";"92";"92012";"2";"2";"1";"3";"MEUDON (RUE DE) - COTE PAIR";"48,8255880";"2,2419040"
"202000032701";"13";"2";"2020";"09:20";"1";"92";"92012";"2";"1";"2";"3";"GENERAL LECLERC (AVENUE DU) 1/33 - 2/58";"48,8329810";"2,2416940"
"202000032702";"13";"2";"2020";"18:00";"2";"92";"92007";"2";"1";"1";"6";"RAVERA (AVENUE HENRI) N° 111 A 217 ET 10";"48,8023270";"2,3110970"
"202000032703";"14";"2";"2020";"15:06";"1";"54";"54312";"1";"1";"1";"5";"RD 910";"48,9236980";"6,0943870"
"202000032704";"13";"2";"2020";"19:40";"3";"2A";"2A249";"1";"1";"8";"1";"337 Anelapo E Mezza Bojocca";"41,6548297";"8,9185583"
"202000032705";"14";"2";"2020";"02:00";"3";"52";"52114";"1";"1";"2";"6";"D107";"48,0376920";"4,8815770"
"202000032706";"13";"2";"2020";"22:00";"3";"60";"60016";"1";"1";"1";"6";"D929";"49,3635642";"2,3701442"
"202000032707";"14";"2";"2020";"13:35";"1";"31";"31082";"1";"1";"1";"3";"D826";"43,5928250";"1,7133520"
"202000032708";"13";"2";"2020";"19:35";"3";"21";"21483";"1";"1";"6";"2";"A31";"47,4661750";"5,1828390"
"202000032709";"14";"2";"2020";"15:25";"1";"71";"71270";"1";"1";"1";" -1";"A6";"46,3251980";"4,8064010"
"202000032710";"12";"2";"2020";"14:19";"1";"68";"68295";"2";"3";"1";"3";"1 Rue des Platanes";"48,0121980";"7,3812250"
"202000032711";"13";"2";"2020";"19:35";"3";"11";"11203";"1";"1";"1";"1";"D611 - PR 14+500";"43,1622740";"2,7301240"
"202000032712";"14";"2";"2020";"16:55";"1";"974";"97414";"2";"9";"1";"3";"Route Nationale 5";" -21,2812970";"55,4319910"
"202000032713";"14";"2";"2020";"07:30";"2";"34";"34016";"1";"1";"6";" -1";"A750";"43,6250130";"3,6436200"
"202000032714";"13";"2";"2020";"07:05";"2";"2A";"2A271";"2";"1";"1";"1";"La Casaccia";"41,9530599";"8,7876465"
"202000032715";"14";"2";"2020";"11:30";"1";"80";"80627";"1";"1";"1";"2";"D210";"49,8012837";"2,2165149"
"202000032716";"14";"2";"2020";"06:50";"5";"49";"49347";"2";"2";"1";"3";"Rue du Bourg-joly";"47,6146040";" -0,4650520"
"202000032717";"12";"2";"2020";"13:30";"1";"31";"31436";"1";"1";"8";"6";"Bois de Peyre";"43,3273850";"1,0598780"
"202000032718";"11";"2";"2020";"21:20";"5";"02";"02810";"2";"9";"1";"3";"Rue du 18 Juillet";"49,2536680";"3,0933720"
"202000032719";"4";"9";"2020";"22:00";"3";"93";"93010";"1";"1";"1";"7";"AUTOROUTE A3";"48,8993000";"2,4695600"
"202000032720";"4";"9";"2020";"15:29";"1";"93";"93006";"1";"1";"1";"2";"AUTOROUTE A3";"48,8684900";"2,4286900"
"202000032721";"25";"2";"2020";"08:50";"1";"75";"75108";"2";"7";"1";"3";"ROND POINT CHAMPS ELYSEES";"48,8694070";"2,3109490"
"202000032722";"2";"9";"2020";"06:25";"1";"988";"98818";"2";"4";"1";"3";"BRETELLE BONAPARTE FOREST";" -22,2420200";"166,4572900"
"202000032723";"2";"9";"2020";"16:40";"1";"988";"98818";"2";"3";"1";"2";"ROUTE DE LA BAIE DES DAMES";" -22,2439200";"166,4472800"
"202000032724";"2";"9";"2020";"13:45";"1";"988";"98818";"2";"6";"1";"3";"ROUTE EXPRESS DU MONT-DORE";" -22,2462100";"166,4719600"
"202000032725";"2";"9";"2020";"19:00";"3";"974";"97416";"1";"1";"1";"6";"TOBY LES HAUTS(CHEMIN)";" -21,2954300";"55,4556700"
"202000032726";"1";"9";"2020";"08:20";"1";"974";"97416";"2";"1";"1";"2";"SAVIGNY (CHEMIN EDOUARD)";" -21,2973400";"55,4926000"
"202000032727";"2";"9";"2020";"16:55";"2";"974";"97416";"1";"1";"1";"1";"THOREZ (CHEMIN MAURICE)";" -21,2609300";"55,4818000"
"202000032728";"3";"9";"2020";"07:10";"1";"974";"97411";"2";"1";"1";"6";"Rue Monthyon";" -20,8876600";"55,4543600"
"202000032729";"2";"9";"2020";"20:30";"3";"974";"97407";"1";"1";"1";"7";"ROUTE NATIONALE N° 1";" -20,9471600";"55,3231600"
"202000032730";"1";"9";"2020";"11:20";"1";"974";"97407";"2";"6";"1";"1";"MASCAREIGNES(BOULEVARD)";" -20,9408400";"55,3074300"
"202000032731";"3";"9";"2020";"23:10";"5";"69";"69259";"2";"1";"1";"6";"AMBROISE CROIZAT                    (BD)";"45,7046900";"4,8876100"
"202000032732";"3";"9";"2020";"18:20";"1";"69";"69199";"2";"1";"1";"3";"JEAN JAURES                         (AV)";"45,7115300";"4,8551200"
"202000032733";"3";"9";"2020";"17:35";"1";"69";"69199";"2";"1";"1";"6";"REPUBLIQUE (DE LA)                  (R )";"45,7120300";"4,8542500"
"202000032734";"3";"9";"2020";"11:45";"1";"69";"69387";"2";"2";"1";"6";"CHEVREUL                            (R )";"45,7486234";"4,8397945"
"202000032735";"2";"9";"2020";"18:45";"1";"69";"69383";"2";"2";"1";"3";"MARIUS VIVIER MERLE                 (BD)";"45,7536598";"4,8592751"
"202000032736";"2";"9";"2020";"15:58";"1";"69";"69383";"2";"2";"1";"1";"CHAPONNAY                           (R )";"45,7584300";"4,8492700"
"202000032737";"3";"9";"2020";"08:25";"1";"69";"69389";"2";"1";"1";"6";"GEORGES CLEMENCEAU                  (PT)";"45,7749100";"4,8086800"
"202000032738";"3";"9";"2020";"10:50";"1";"971";"97113";"1";"1";"1";"3";"BAS DU FORT";"16,2178400";" -61,5153200"
"202000032739";"2";"9";"2020";"08:30";"1";"971";"97120";"2";"1";"1";"6";"BD LEGITIMUS";"16,2438341";" -61,5345848"
"202000032740";"3";"9";"2020";"07:30";"1";"91";"91223";"2";"1";"1";"6";"LOUIS (AVENUE FREDERIC)";"48,4289700";"2,1667200"
"202000032741";"3";"9";"2020";"18:47";"1";"88";"88160";"2";"1";"1";"6";"COTE-CABICHE (RUE DE LA )";"48,1864700";"6,4382000"
"202000032742";"3";"9";"2020";"08:04";"1";"87";"87085";"2";"1";"1";"6";"ROUSSILLON (AVENUE DU)";"45,8179400";"1,2230800"
"202000032743";"3";"9";"2020";"05:00";"5";"83";"83137";"2";"1";"1";"7";"ARMARIS (BD DES)";"43,1260530";"5,9813420"
"202000032744";"3";"9";"2020";"15:20";"1";"77";"77447";"1";"1";"1";"3";"C.D 39";"48,5367700";"2,5578400"
"202000032745";"2";"9";"2020";"12:25";"1";"76";"76216";"2";"1";"1";"6";"FONTENELLE. RUE DE";"49,4762200";"1,0535600"
"202000032746";"2";"9";"2020";"20:45";"5";"76";"76451";"2";"1";"1";"6";"MONT AUX MALADES. AVENUE DU";"49,4606600";"1,0824500"
"202000032747";"2";"9";"2020";"13:10";"1";"76";"76575";"2";"1";"1";" -1";"RUE DU CLOS TELLIER";"49,3777400";"1,1157300"
"202000032748";"3";"9";"2020";"16:00";"1";"76";"76382";"1";"1";"1";"2";"D6015";"49,5777100";"0,5152840"
"202000032749";"1";"9";"2020";"22:55";"5";"71";"71153";"2";"1";"1";"6";"MITTERRAND (AVENUE FRANCOIS)";"46,8066505";"4,4304317"
"202000032750";"3";"9";"2020";"03:20";"5";"69";"69266";"2";"1";"1";"6";"TOLSTOI    (Cours)";"45,7636826";"4,8709174"
"202000032751";"2";"9";"2020";"21:20";"5";"69";"69256";"2";"2";"1";"3";"FAVIER                              (R )";"45,7719400";"4,9198700"
"202000032752";"2";"9";"2020";"19:38";"1";"66";"66136";"2";"1";"1";"3";"REMPARTS-SAINT-JACQUES (DES)";"42,6969400";"2,9019700"
"202000032753";"2";"9";"2020";"08:25";"1";"65";"65440";"2";"2";"1";"1";"LIBERATION (AVENUE DE LA)";"43,2440800";"0,0673500"
"202000032754";"3";"9";"2020";"15:00";"1";"64";"64445";"2";"1";"1";"3";"3 Rue Marca";"43,2943500";" -0,3772530"
"202000032755";"3";"9";"2020";"15:05";"1";"64";"64102";"2";"3";"1";"2";"LOEB (AVENUE DE L'INTERNE JACQUES)";"43,4792000";" -1,4845000"
"202000032756";"3";"9";"2020";"13:30";"1";"64";"64024";"2";"1";"1";"2";"SAUBADINE (RUE DE)";"43,4957000";" -1,5320300"
"202000032757";"3";"9";"2020";"12:00";"1";"64";"64024";"2";"3";"1";"7";"MOULINAOU (ALLEE DU)";"43,4765800";" -1,5099700"
"202000032758";"3";"9";"2020";"10:50";"1";"64";"64024";"2";"1";"1";"7";"PLAGES (BOULEVARD DES)";"43,5096500";" -1,5295300"
"202000032759";"3";"9";"2020";"09:50";"1";"64";"64102";"2";"1";"1";"7";"PAULMY (AVENUE DES ALLEES)";"43,4925600";" -1,4808100"
"202000032760";"30";"8";"2020";"08:35";"1";"63";"63113";"2";"2";"1";"3";"BEAUPEYRAS (RUE DE)";"45,7946931";"3,0825733"
"202000032761";"21";"1";"2020";"17:30";"5";"62";"62250";"2";"1";"5";"6";"BRIAND (R ARISTIDE)";"50,4537500";"2,9406400"
"202000032762";"3";"9";"2020";"19:30";"1";"61";"61001";"2";"1";"1";"2";"CLEMENCEAU (COURS)";"48,4325500";"0,0864100"
"202000032763";"3";"9";"2020";"11:02";"1";"59";"59155";"2";"9";"1";"6";"FURNES - ROUTE";"51,0338807";"2,4021234"
"202000032764";"28";"8";"2020";"15:10";"1";"59";"59122";"2";"6";"1";"3";"BART (BOULEVARD JEAN)";"50,1824180";"3,2275400"
"202000032765";"28";"8";"2020";"17:00";"1";"58";"58194";"2";"1";"1";"1";"REPUBLIQUE (BOULEVARD)";"46,9914000";"3,1703000"
"202000032766";"2";"9";"2020";"12:35";"1";"56";"56260";"2";"1";"1";"3";"Boulevard de la Paix";"47,6605700";" -2,7538000"
"202000032767";"2";"9";"2020";"14:05";"1";"56";"56121";"2";"1";"1";"4";"MONISTROL (RUE)";"47,7378300";" -3,3819000"
"202000032768";"2";"9";"2020";"12:35";"1";"56";"56121";"2";"2";"1";"3";"Avenue Chenailler Dit Colonel Morice";"47,7365700";" -3,3903100"
"202000032769";"3";"9";"2020";"21:45";"5";"51";"51058";"1";"1";"1";"7";"Rue Saint Remi";"49,2227146";"3,9937837"
"202000032770";"2";"9";"2020";"23:30";"5";"50";"50173";"2";"1";"1";"6";"RENAN (RUE ERNEST)";"49,6494300";" -1,6852200"
"202000032771";"31";"8";"2020";"14:38";"1";"49";"49015";"1";"1";"1";"2";"D775";"47,5109400";" -0,6182400"
"202000032772";"2";"9";"2020";"08:05";"1";"37";"37261";"2";"1";"1";"3";"BEDEL (RUE MAURICE)";"47,3785006";"0,6984283"
"202000032773";"3";"9";"2020";"17:40";"1";"35";"35055";"1";"1";"1";"2";"ROCADE 2-3";"48,0950700";" -1,6219600"
"202000032774";"3";"9";"2020";"16:10";"1";"35";"35238";"2";"4";"1";"3";"DINAN (DE)";"48,1172100";" -1,6823000"
"202000032775";"2";"9";"2020";"19:35";"1";"35";"35238";"2";"6";"1";"3";"GAYEULLES (ROND POINT)";"48,1274191";" -1,6524442"
"202000032776";"3";"9";"2020";"19:44";"1";"34";"34172";"2";"9";"1";"6";"HEIDELBERG (AVENUE DE)";"43,6201400";"3,8173100"
"202000032777";"3";"9";"2020";"16:15";"1";"34";"34172";"2";"1";"1";"3";"LAVERUNE (ROUTE DE";"43,5982400";"3,8412300"
"202000032778";"3";"9";"2020";"08:55";"1";"34";"34172";"2";"1";"1";"3";"LODEVE (AVENUE DE";"43,6147750";"3,8313954"
"202000032779";"3";"9";"2020";"08:50";"1";"34";"34172";"2";"1";"1";"3";"POMPIGNANE (AVENUE DE LA)";"43,6070900";"3,8987100"
"202000032780";"2";"9";"2020";"17:30";"1";"34";"34172";"2";"1";"1";"2";"TOULOUSE (AVENUE DE";"43,5991900";"3,8660600"
"202000032781";"3";"9";"2020";"23:05";"5";"33";"33063";"2";"7";"1";"7";"PLACE RAVEZIES / ALL DE BOUTAUT";"44,8662300";" -0,5757300"
"202000032782";"3";"9";"2020";"19:25";"1";"33";"33318";"2";"3";"1";"3";"AVE JEAN JAURES / RUE HERMAN LEMOINE";"44,8062110";" -0,6306097"
"202000032783";"3";"9";"2020";"17:30";"2";"33";"33063";"2";"4";"1";"3";"RUE DELBOS / RUE DES ETRANGERS / CRS DUPRE-DE-SAINT-MAUR / QUAI HUBERT PROM";"44,8679110";" -0,5548850"
"202000032784";"3";"9";"2020";"12:45";"1";"33";"33192";"2";"2";"1";"3";"RUE DES CAMELIAS / RUE DES LANGES / RUE DES COLIBRIS";"44,7828000";" -0,6100000"
"202000032785";"31";"8";"2020";"15:50";"1";"33";"33063";"2";"2";"1";"6";"RUE DE SAGET / CRS DE LA MARNE";"44,8274800";" -0,5580000"
"202000032786";"2";"9";"2020";"21:40";"5";"31";"31069";"2";"1";"1";"6";"BORDEBASSE (RUE DE)";"43,6383400";"1,3737200"
"202000032787";"2";"9";"2020";"19:05";"1";"31";"31555";"2";"1";"1";"6";"RTE D ALBI";"43,6358600";"1,4639700"
"202000032788";"3";"9";"2020";"13:55";"1";"15";"15012";"1";"1";"1";"3";"RD 920";"44,8870560";"2,4500810"
"202000032789";"2";"9";"2020";"16:10";"1";"15";"15014";"2";"1";"7";"6";"Aurillac (avenue de la république)";"44,9262300";"2,4399700"
"202000032790";"11";"8";"2020";"22:05";"3";"14";"14366";"1";"1";"1";"2";"D.613 ( LISIEUX)";"49,1285900";"0,2226100"
"202000032791";"3";"9";"2020";"17:05";"1";"14";"14001";"1";"1";"8";"6";"LES VATS";"49,3988878";"0,2884430"
"202000032792";"3";"9";"2020";"16:50";"1";"13";"13213";"2";"1";"1";"3";"CHEMIN DU MERLAN A LA ROSE ";"43,3306565";"5,4107478"
"202000032793";"3";"9";"2020";"16:25";"1";"13";"13211";"2";"1";"1";"6";"AUDIENCE (RUE DE L')";"43,2967000";"5,4854800"
"202000032794";"3";"9";"2020";"08:20";"1";"13";"13210";"2";"1";"1";"6";"TIMONE (AVENUE DE LA)";"43,2860450";"5,4050040"
"202000032795";"3";"9";"2020";"08:35";"1";"13";"13047";"2";"6";"1";"2";"FELIX GOUIN AVENUE";"43,5074800";"4,9831300"
"202000032796";"2";"9";"2020";"18:55";"2";"11";"11069";"2";"9";"1";"7";"POMPIDOU GEORGES -ROND POINT-";"43,2265600";"2,3308400"
"202000032797";"3";"9";"2020";"09:15";"1";"07";"07186";"2";"1";"1";"6";"RIOU (AVENUE PAUL)";"44,7363463";"4,5987896"
"202000032798";"3";"9";"2020";"08:14";"1";"06";"06123";"2";"6";"1";"3";"ROND POINT COUBERTIN";"43,6720000";"7,1935200"
"202000032799";"1";"9";"2020";"07:25";"1";"05";"05061";"2";"1";"1";"6";"CHATEAUVIEUX (ROUTE DE)";"44,5086100";"6,0554000"
"202000032800";"3";"9";"2020";"12:05";"1";"02";"02304";"2";"1";"1";"6";"GENERAL LECLERC (AVENUE DU)";"49,6598900";"3,3740800"
"202000032801";"3";"9";"2020";"10:20";"1";"75";"75119";"2";"7";"1";"3";"PLACE AUGUSTE BARON";"48,9009440";"2,3870020"
"202000032802";"3";"9";"2020";"08:30";"1";"75";"75105";"2";"1";"1";" -1";"BOULEVARD SAINT MICHEL";"48,8447520";"2,3394440"
"202000032803";"3";"9";"2020";"18:10";"1";"75";"75120";"2";"2";"1";" -1";"RUE LOUIS LUMIERE";"48,8634540";"2,4108630"
"202000032804";"3";"9";"2020";"03:27";"5";"75";"75119";"2";"1";"1";"6";"AVENUE DE FLANDRE";"48,8849260";"2,3698870"
"202000032805";"3";"9";"2020";"17:00";"1";"75";"75118";"2";"2";"1";"1";"BOULEVARD ORNANO";"48,8946220";"2,3471550"
"202000032806";"2";"9";"2020";"20:00";"1";"75";"75116";"2";"3";"1";"6";"AVENUE FREMIET";"48,8562200";"2,2857090"
"202000032807";"2";"9";"2020";"17:10";"1";"75";"75116";"2";"2";"1";"3";"AVENUE FOCH";"48,8726850";"2,2845710"
"202000032808";"1";"9";"2020";"17:50";"1";"75";"75116";"2";"2";"1";"4";"ALLEE DE LONGCHAMP";"48,8676210";"2,2508480"
"202000032809";"3";"9";"2020";"21:25";"5";"75";"75114";"2";"2";"1";"3";"BOULEVARD BRUNE";"48,8261330";"2,3127430"
"202000032810";"3";"9";"2020";"08:55";"1";"75";"75113";"2";"1";"1";"6";"BOULEVARD KELLERMANN";"48,8192190";"2,3581230"
"202000032811";"3";"9";"2020";"16:50";"1";"75";"75111";"2";"3";"1";"3";"RUE DE CHARONNE";"48,8539830";"2,3823330"
"202000032812";"3";"9";"2020";"13:20";"1";"75";"75108";"2";"3";"1";" -1";"RUE DE CONSTANTINOPLE";"48,8806790";"2,3182390"
"202000032813";"3";"9";"2020";"09:15";"1";"75";"75108";"2";"1";"1";"6";"AVENUE DES CHAMPS ELYSEES";"48,8696430";"2,3080740"
"202000032814";"2";"9";"2020";"21:10";"5";"75";"75116";"2";"2";"1";"3";"AVENUE GEORGES MANDEL";"48,8641190";"2,2775760"
"202000032815";"3";"9";"2020";"08:30";"1";"75";"75107";"2";"2";"1";"3";"QUAI D ORSAY";"48,8628600";"2,3134420"
"202000032816";"3";"9";"2020";"19:20";"1";"75";"75101";"2";"2";"1";"3";"QUAI DE LA MEGISSERIE";"48,8584560";"2,3426560"
"202000032817";"3";"9";"2020";"19:30";"1";"75";"75104";"2";"7";"1";"2";"RUE SAINT ANTOINE";"48,8532210";"2,3686090"
"202000032818";"3";"9";"2020";"10:30";"1";"75";"75101";"2";"3";"1";" -1";"QUAI DE LA MEGISSERIE";"48,8582710";"2,3433930"
"202000032819";"3";"9";"2020";"08:50";"1";"75";"75104";"2";"3";"1";"6";"RUE DE RIVOLI";"48,8554750";"2,3600970"
"202000032820";"3";"9";"2020";"17:30";"1";"94";"94067";"2";"9";"1";"1";"Rue de Lagny";"48,8493180";"2,4200320"
"202000032821";"9";"7";"2020";"11:20";"1";"94";"94080";"2";"3";"1";"6";"MIDI (R DU)";"48,8472710";"2,4347320"
"202000032822";"1";"9";"2020";"15:30";"1";"94";"94052";"2";"1";"1";"6";"CHARLES DE GAULLE (GRAND RUE)";"48,8362500";"2,4814200"
"202000032823";"3";"9";"2020";"12:45";"1";"94";"94073";"2";"1";"1";"3";"ESPAGNE (RPT D)";"48,7547680";"2,3743680"
"202000032824";"3";"9";"2020";"14:50";"1";"94";"94022";"2";"1";"1";"6";"GENERAL LECLERC (AV)";"48,7620450";"2,4049495"
"202000032825";"3";"9";"2020";"13:18";"1";"94";"94077";"2";"6";"1";"6";"REPUBLIQUE (AV DE LA)";"48,7314900";"2,4191400"
"202000032826";"3";"9";"2020";"08:10";"1";"94";"94004";"2";"1";"1";"3";"LEON REVILLON (BD)";"48,7455900";"2,5120300"
"202000032827";"3";"9";"2020";"07:15";"2";"93";"93066";"2";"1";"1";"3";"FRANCE ANATOLE (BOULEVARD) NR AUTRES";"48,9212848";"2,3451738"
"202000032828";"2";"9";"2020";"17:10";"1";"93";"93066";"2";"1";"1";"6";"R GABRIEL PERI";"48,9300141";"2,3564690"
"202000032829";"3";"9";"2020";"08:30";"1";"93";"93049";"2";"2";"1";"6";"PARMENTIER (RUE)";"48,8570665";"2,5014460"