"Num_Acc";"jour";"mois";"an";"hrmn";"lum";"dep";"com";"agg";"int";"atm";"col";"adr";"lat";"long"
"202000032830";"2";"9";"2020";"23:24";"5";"93";"93048";"2";"3";"1";"1";"BAUNE (RUE DE LA)";"48,8617193";"2,4346955"
"202000032831";"1";"9";"2020";"21:40";"1";"93";"93053";"2";"9";"1";"3";"ROSNY (AVENUE DE) N° 1 A 39";"48,8934225";"2,4707478"
"202000032832";"2";"9";"2020";"17:00";"1";"93";"93063";"2";"1";"1";"5";"NOISY ROUTE DE";"48,8938000";"2,4349000"
"202000032833";"2";"9";"2020";"19:20";"1";"93";"93029";"2";"3";"1";" -1";"JEAN JAURES (AVENUE) N°";"48,9213300";"2,4488600"
"202000032834";"2";"9";"2020";"12:30";"1";"93";"93001";"2";"1";"1";"3";"FELIX FAURE (BLD) => 121";"48,9039000";"2,3828000"
"202000032835";"3";"9";"2020";"07:12";"1";"92";"92046";"2";"2";"1";"3";"PIERRE BROSSOLETTE";"48,8116000";"2,3001000"
"202000032836";"3";"9";"2020";"17:15";"1";"92";"92050";"2";"1";"1";"2";"VAILLANT COUTURIER PAUL RUE";"48,8855480";"2,2022210"
"202000032837";"3";"9";"2020";"16:00";"1";"92";"92050";"2";"1";"1";"3";"ARAGO FRANCOIS AVENUE";"48,8991200";"2,2216100"
"202000032838";"3";"9";"2020";"08:50";"1";"92";"92049";"2";"5";"1";"3";"MARNE AVENUE DE LA";"48,8162100";"2,3070250"
"202000032839";"14";"8";"2020";"18:25";"1";"92";"92024";"2";"3";"1";"7";"CLICHY (QUAI DE) DE (104 A 202)";"48,9120300";"2,3104700"
"202000032840";"3";"9";"2020";"20:12";"1";"92";"92007";"2";"2";"1";" -1";"PETIT (AVENUE ALBERT) N° 28 A FIN";"48,7961400";"2,3216000"
"202000032841";"27";"8";"2020";"09:55";"1";"92";"92002";"2";"1";"1";"6";"AUGUSTE MOUNIE (RUE)";"48,7536265";"2,3040788"
"202000032842";"4";"9";"2020";"09:30";"1";"2A";"2A348";"1";"1";"1";"2";"D70";"42,1518407";"8,7554132"
"202000032843";"3";"9";"2020";"19:00";"1";"24";"24010";"1";"3";"1";"1";"Route de Saint-astier";"45,1722280";"0,5799790"
"202000032844";"30";"8";"2020";"12:15";"1";"25";"25212";"1";"1";"3";"6";"A36";"47,2804930";"5,9954340"
"202000032845";"3";"9";"2020";"17:50";"1";"69";"69282";"1";"9";"1";"3";"d517";"45,7601880";"5,0331120"
"202000032846";"4";"9";"2020";"08:05";"1";"05";"05174";"1";"1";"1";"1";"D994G";"44,9351010";"6,6781430"
"202000032847";"1";"9";"2020";"21:28";"5";"01";"01399";"2";"6";"1";"6";"Rue des Plantages";"46,2943100";"6,0769210"
"202000032848";"4";"9";"2020";"15:15";"1";"67";"67437";"1";"1";"1";"5";"D1004";"48,7543640";"7,3332560"
"202000032849";"3";"9";"2020";"11:00";"1";"22";"22213";"1";"1";"1";"7";"6 La Chiennais";"48,5354770";" -2,0100690"
"202000032850";"3";"9";"2020";"18:35";"1";"06";"06095";"2";"6";"1";"3";"D2562";"43,6389360";"6,8716160"
"202000032851";"3";"9";"2020";"23:50";"3";"42";"42271";"1";"1";"1";"1";"Route de la Terrasse";"45,4674576";"4,5842437"
"202000032852";"4";"9";"2020";"05:15";"3";"22";"22193";"1";"4";"1";"7";"Plestan";"48,4259040";" -2,4388040"
"202000032853";"4";"9";"2020";"18:40";"2";"23";"23176";"2";"9";"1";"6";"Rue René Bruat";"46,2395020";"1,4939360"
"202000032854";"3";"9";"2020";"11:50";"1";"62";"62620";"2";"4";"1";"4";"Route Departementale 943";"50,5922970";"2,4044110"
"202000032855";"3";"9";"2020";"06:10";"2";"83";"83057";"1";"1";"1";"3";"Dn7";"43,3710770";"6,2049790"
"202000032856";"4";"9";"2020";"14:10";"1";"51";"51568";"2";"6";"1";"7";"Route de Saint Thierry";"49,3143093";"3,9655122"
"202000032857";"3";"9";"2020";"07:30";"1";"51";"51119";"1";"1";"1";"5";"D951";"49,0905569";"3,9714532"
"202000032858";"4";"9";"2020";"15:27";"1";"59";"59039";"1";"1";"1";"1";"D643";"50,1529810";"3,2918860"
"202000032859";"18";"8";"2020";"16:40";"1";"56";"56128";"1";"1";"1";"7";"Kervihan";"47,9612210";" -3,0984020"
"202000032860";"3";"9";"2020";"16:50";"1";"74";"74192";"1";"1";"1";"1";"Route de Lornay";"45,8897920";"5,9208260"
"202000032861";"3";"9";"2020";"08:55";"1";"74";"74289";"1";"1";"1";"7";"route départemantale 14";"45,9333340";"5,8747670"
"202000032862";"2";"9";"2020";"17:00";"1";"74";"74011";"2";"1";"1";"3";"13 avenue e Chavoires";"45,9044150";"6,1597160"
"202000032863";"5";"8";"2020";"18:50";"1";"76";"76126";"1";"1";"1";"6";"D928";"49,6748490";"1,3434220"
"202000032864";"4";"9";"2020";"06:30";"2";"79";"79223";"1";"1";"1";"6";"La Sauvagère";"46,5200570";" -0,5561770"
"202000032865";"4";"9";"2020";"00:24";"3";"82";"82102";"1";"1";"1";"6";"D3";"44,0109000";"0,8621210"
"202000032866";"19";"6";"2020";"07:30";"1";"82";"82075";"2";"3";"1";"6";"Chemin Lateral a la Voie Ferree";"43,8288960";"1,3005230"
"202000032867";"3";"9";"2020";"16:20";"1";"65";"65479";"2";"3";"1";"7";"Carrera de Marca Devath";"43,1395030";"0,0626320"
"202000032868";"4";"9";"2020";"17:30";"1";"81";"81183";"1";"1";"1";"3";"Cantegrel - RD 81";"43,8245447";"2,3562762"
"202000032869";"3";"9";"2020";"07:30";"1";"11";"11206";"1";"4";"1";"1";"12 Chemin du Pont";"43,0437120";"2,2365600"
"202000032870";"4";"9";"2020";"15:00";"1";"71";"71319";"1";"1";"1";"6";"D156";"46,6913201";"5,1217261"
"202000032871";"3";"9";"2020";"22:30";"3";"61";"61474";"1";"1";"1";"6";"Lieu Dit les Petits Fosses";"48,7618830";"0,1913800"
"202000032872";"4";"8";"2020";"20:30";"1";"49";"49026";"1";"1";"1";"6";"Route d'Asnieres";"47,5142880";" -0,7915520"
"202000032873";"3";"9";"2020";"16:55";"1";"44";"44069";"1";"1";"1";"6";"15 Leniphen";"47,2888760";" -2,4381490"
"202000032874";"3";"9";"2020";"08:10";"2";"35";"35204";"1";"1";"1";"6";"Le Grand Corcé";"48,0461850";" -1,5739200"
"202000032875";"3";"9";"2020";"07:25";"2";"29";"29056";"1";"1";"1";"7";"Lieu-dit le Bourg";"48,4194040";" -4,3344070"
"202000032876";"4";"8";"2020";"18:45";"1";"03";"03073";"2";"1";"1";"2";"N/A";"46,4911121";"3,3153220"
"202000032877";"20";"8";"2020";"20:00";"3";"03";"03120";"1";"1";"1";"1";"N/A";"46,6321315";"3,6513410"
"202000032878";"3";"9";"2020";"10:10";"1";"01";"01036";"1";"1";"1";"1";"D8";"45,9087710";"5,6569400"
"202000032879";"4";"9";"2020";"14:30";"1";"26";"26248";"1";"1";"1";"1";"Route de Die";"44,7624620";"5,2707280"
"202000032880";"2";"9";"2020";"13:30";"1";"58";"58164";"1";"1";"1";"7";"Les Broussailles";"47,2239150";"3,0035220"
"202000032881";"4";"9";"2020";"16:45";"1";"06";"06079";"2";"3";"1";"6";"Boulevard des Ecureuils";"43,5460050";"6,9393200"
"202000032882";"3";"9";"2020";"11:45";"1";"14";"14504";"1";"2";"1";"3";"D510";"49,2078920";"0,3393660"
"202000032883";"4";"9";"2020";"11:30";"1";"50";"50513";"1";"2";"1";"3";"70 Rue de la Liberte";"48,9871950";" -1,2698220"
"202000032884";"4";"9";"2020";"14:30";"1";"60";"60063";"1";"9";"1";"7";"Chemin des Vaches";"49,3591980";"2,0613040"
"202000032885";"4";"9";"2020";"16:40";"1";"45";"45098";"1";"1";"1";"6";"D18-PR4+250";"47,8252430";"1,7481990"
"202000032886";"4";"9";"2020";"14:14";"1";"10";"10072";"1";"1";"1";"6";"D960";"48,3638200";"4,6776330"
"202000032887";"4";"9";"2020";"06:30";"3";"07";"07076";"1";"9";"1";"3";"D86";"44,6344820";"4,7457770"
"202000032888";"3";"9";"2020";"18:30";"1";"07";"07260";"1";"1";"1";"6";"route de mazibet";"44,6939000";"4,7033500"
"202000032889";"4";"9";"2020";"10:50";"1";"40";"40328";"2";"3";"1";"5";"2 Avenue de la Foret";"43,7861840";" -1,3943200"
"202000032890";"3";"9";"2020";"11:20";"1";"17";"17091";"1";"1";"1";"2";"Départementale 9";"46,2912650";" -1,0840850"
"202000032891";"4";"9";"2020";"12:40";"1";"06";"06152";"2";"1";"1";"6";"695 Route des Dolines";"43,6220490";"7,0394320"
"202000032892";"3";"9";"2020";"23:50";"5";"06";"06018";"2";"1";"1";"1";"Chemin Neuf";"43,6281200";"7,0931710"
"202000032893";"4";"9";"2020";"05:55";"3";"39";"39285";"1";"1";"1";"7";"N/A";"47,1662510";"5,6439220"
"202000032894";"3";"9";"2020";"22:20";"3";"63";"63195";"1";"1";"1";"6";"A89";"45,8481960";"3,3695040"
"202000032895";"5";"8";"2020";"10:20";"1";"38";"38485";"2";"1";"1";"6";"Avenue de la République";"45,1759700";"5,6969600"
"202000032896";"4";"9";"2020";"14:30";"1";"988";"98817";"2";"3";"1";"3";"RUE DES FLAMBOYANTS/RP1";" -22,2246790";"166,5135630"
"202000032897";"4";"9";"2020";"15:20";"1";"974";"97424";"1";"1";"1";"6";"N5";" -21,1513150";"55,4773840"
"202000032898";"3";"9";"2020";"08:15";"1";"977";"97701";"2";"3";"1";"3";"Fond Grande";"17,9045580";" -62,8247270"
"202000032899";"3";"9";"2020";"11:16";"1";"33";"33214";"1";"1";"1";"3";"D6e1";"45,0250500";" -1,1751700"
"202000032900";"4";"9";"2020";"13:25";"1";"77";"77196";"1";"1";"1";"2";"route nationale 3";"48,9496536";"2,7574994"
"202000032901";"3";"9";"2020";"11:34";"1";"77";"77451";"1";"1";"1";"1";"D21";"48,9311640";"3,0770250"
"202000032902";"4";"9";"2020";"18:30";"2";"34";"34165";"1";"2";"7";"3";"D2";"43,5132340";"3,6778020"
"202000032903";"16";"8";"2020";"23:45";"3";"83";"83107";"1";"1";"1";"3";"Dn7";"43,4675330";"6,6083460"
"202000032904";"3";"9";"2020";"16:30";"1";"04";"04019";"2";"3";"1";"3";"Digue des Colporteurs / Rue Dr Pierre Groves";"44,3844140";"6,6514760"
"202000032905";"4";"9";"2020";"15:30";"1";"25";"25057";"2";"1";"1";"6";"MAQUIS de MONTEVILLERS";"47,5313170";"6,7876140"
"202000032906";"3";"9";"2020";"14:30";"1";"55";"55532";"1";"1";"1";"1";"DEPARTEMENTALE 02";"48,9292240";"5,1175050"
"202000032907";"4";"9";"2020";"10:00";"1";"57";"57550";"2";"2";"1";"6";"2 Rue de Ham";"49,1569970";"6,6531340"
"202000032908";"4";"9";"2020";"13:10";"1";"73";"73047";"1";"1";"1";"6";"D902 Col de l'Iseran";"45,3926040";"7,0452400"
"202000032909";"4";"9";"2020";"06:40";"1";"42";"42065";"1";"3";"1";"3";"Route de Roanne";"45,7709510";"4,2156060"
"202000032910";"4";"9";"2020";"18:35";"1";"38";"38415";"1";"2";"1";"3";"Route de Jallieu";"45,6414080";"5,2373460"
"202000032911";"30";"10";"2020";"14:30";"1";"92";"92044";"2";"1";"1";"3";"ED.VAILLANT(RUE)133+ ET 110+";"48,9006500";"2,2852800"
"202000032912";"23";"10";"2020";"22:00";"5";"92";"92024";"2";"3";"9";"3";"HENRI BARBUSSE (RUE) DE (68 A 102)";"48,9028419";"2,3122467"
"202000032913";"30";"10";"2020";"13:15";"1";"92";"92002";"2";"1";"1";"2";"ARMAND GUILLEBAUD (AVENUE)";"48,7479700";"2,3092900"
"202000032914";"30";"10";"2020";"18:40";"5";"24";"24297";"1";"3";"1";"1";"Avenue d'Aquitaine";"45,0108670";"0,0364590"
"202000032915";"30";"10";"2020";"08:15";"1";"06";"06161";"2";"1";"1";"6";"Route du Bord de Mer";"43,6404930";"7,1407060"
"202000032916";"31";"10";"2020";"14:50";"1";"974";"97422";"2";"1";"1";"1";"103 Chemin Isautier";" -21,2629660";"55,5189530"
"202000032917";"30";"10";"2020";"10:00";"3";"38";"38127";"1";"1";"1";"7";"Plan Fort";"44,8191276";"5,6775755"
"202000032918";"31";"10";"2020";"08:10";"1";"77";"77182";"1";"1";"7";"1";"D71";"48,7566630";"3,3160360"
"202000032919";"30";"10";"2020";"17:50";"2";"41";"41149";"2";"3";"1";"3";"1 Rue Pasteur";"47,7571870";"0,8712810"
"202000032920";"30";"10";"2020";"15:25";"1";"57";"57334";"1";"1";"1";"1";"D45";"48,6852090";"7,1896130"
"202000032921";"31";"10";"2020";"15:00";"1";"56";"56075";"1";"1";"2";"6";"La Noe Rideau";"47,8765630";" -2,1219380"
"202000032922";"30";"10";"2020";"18:55";"3";"49";"49068";"1";"2";"1";"5";"Le Petit Verger";"47,4123770";" -0,8548710"
"202000032923";"31";"10";"2020";"10:20";"1";"42";"42156";"1";"1";"1";"6";"D38";"45,9021190";"4,2047380"
"202000032924";"30";"10";"2020";"14:35";"1";"46";"46280";"2";"1";"1";"6";"332 Rue du Village";"44,5383510";"1,2934950"
"202000032925";"31";"10";"2020";"21:00";"3";"47";"47106";"1";"1";"1";"2";"D710";"44,5108600";"0,9489010"
"202000032926";"31";"10";"2020";"03:00";"4";"35";"35116";"2";"2";"1";"6";"1 Rue de Saint-guinoux";"48,5902990";" -1,8584690"
"202000032927";"30";"10";"2020";"06:51";"2";"38";"38511";"1";"1";"1";"6";"D1090";"45,3490240";"5,9461520"
"202000032928";"31";"10";"2020";"16:00";"1";"70";"70311";"2";"1";"1";"6";"24 Rue Aristide Briand";"47,8139430";"6,3851760"
"202000032929";"29";"10";"2020";"08:20";"1";"06";"06089";"1";"1";"1";" -1";"Route de Chateauneuf";"43,6695560";"6,9842900"
"202000032930";"31";"10";"2020";"12:20";"1";"83";"83056";"1";"1";"1";"1";"Ancien Chemin Figanières Callas";"43,5502690";"6,5119480"
"202000032931";"30";"10";"2020";"07:25";"2";"60";"60133";"1";"1";"1";"5";"D94";"49,5338830";"2,3819690"
"202000032932";"29";"10";"2020";"17:52";"5";"21";"21599";"2";"3";"2";"3";"D27";"47,5763377";"5,2021485"
"202000032933";"31";"10";"2020";"14:00";"1";"85";"85036";"2";"1";"2";"6";"5 Le Petit Port la Claye";"46,4696700";" -1,2830000"
"202000032934";"30";"10";"2020";"21:08";"3";"31";"31399";"1";"1";"1";"5";"Impasse des Moroncazal";"43,3659210";"1,2732340"
"202000032935";"29";"10";"2020";"20:40";"5";"30";"30344";"1";"2";"1";" -1";"D139";"43,7362630";"4,2337060"
"202000032936";"30";"10";"2020";"07:15";"2";"30";"30036";"1";"1";"1";"1";"Route de Langlade";"43,7744410";"4,2845450"
"202000032937";"29";"10";"2020";"17:20";"3";"06";"06088";"1";"1";"1";"2";"autoroute A8, tunnel de la baume, PK 199.50,chaussée nord";"43,7331350";"7,2813390"
"202000032938";"30";"10";"2020";"12:40";"1";"987";"98726";"1";"9";"1";"6";"MAKEMO";" -16,5311110";" -143,8010200"
"202000032939";"30";"10";"2020";"20:30";"3";"987";"98748";"2";"1";"1";"1";"PK 11+500 Vairo";" -17,8016630";" -149,2958040"
"202000032940";"28";"10";"2020";"19:00";"5";"77";"77183";"2";"2";"1";"3";"Rue des Pelletiers";"48,9492798";"3,1306475"
"202000032941";"17";"10";"2020";"15:10";"1";"91";"91105";"2";"3";"1";"3";"Route de Saint Chéron";"48,5794980";"2,1741630"
"202000032942";"30";"10";"2020";"15:00";"1";"38";"38019";"1";"1";"1";" -1";"A7";"45,4124760";"4,8248430"
"202000032943";"30";"10";"2020";"12:30";"1";"68";"68342";"1";"4";"1";"3";"D431";"47,8134530";"7,1970940"
"202000032944";"29";"10";"2020";"08:33";"1";"68";"68154";"1";"1";"2";"2";"Rue de l'Île Napoléon";"47,7698350";"7,3879520"
"202000032945";"30";"10";"2020";"13:40";"1";"63";"63204";"2";"3";"1";"1";"Avenue de la motte/peupliers";"45,8146310";"3,1839480"
"202000032946";"31";"10";"2020";"10:30";"1";"38";"38529";"2";"1";"1";"6";"Avenue d'Uriage";"45,1195800";"5,8111900"
"202000032947";"3";"10";"2020";"16:50";"1";"26";"26084";"1";"2";"2";" -1";"Les Fougères Est";"45,0144410";"4,9625800"
"202000032948";"29";"10";"2020";"16:40";"2";"26";"26362";"1";"1";"1";"1";"147 Chemin de Porte Maure";"44,8972580";"4,9202870"
"202000032949";"30";"10";"2020";"17:25";"1";"33";"33243";"2";"1";"1";"6";"43 Avenue Georges Clémenceau";"44,9198770";" -0,2402820"
"202000032950";"31";"10";"2020";"11:20";"1";"33";"33293";"2";"1";"1";"1";"3 Route de Sorbède";"44,8810200";" -0,4119800"
"202000032951";"29";"10";"2020";"16:20";"1";"49";"49194";"1";"1";"1";"2";"Route départementale 55";"47,4498070";" -0,2821040"
"202000032952";"29";"10";"2020";"19:00";"5";"13";"13202";"1";"1";"1";"2";"A55-Sens Martigues vers Marseille";"43,3089500";"5,3665800"
"202000032953";"27";"10";"2020";"15:00";"1";"13";"13071";"1";"1";"1";"4";"A51-Sens Marseille vers Aix en Provence";"43,4087545";"5,3634951"
"202000032954";"29";"10";"2020";"19:00";"3";"69";"69290";"1";"1";"1";"4";"A46S   40.883 A 43.680";"45,6831200";"4,9619200"
"202000032955";"29";"10";"2020";"14:20";"1";"69";"69277";"1";"1";"1";"2";"RN346   36.215 A 38.000";"45,7405637";"4,9860845"
"202000032956";"29";"10";"2020";"19:50";"3";"54";"54328";"1";"1";"1";"4";"Autoroute A 330";"48,6118900";"6,1770900"
"202000032957";"23";"10";"2020";"15:20";"1";"59";"59560";"1";"1";"1";"2";"AUTOROUTE A1";"50,5398595";"3,0523163"
"202000032958";"30";"10";"2020";"18:20";"5";"91";"91589";"1";"1";"1";"5";"AUTOROUTE A6";"48,6793000";"2,3340000"
"202000032959";"29";"10";"2020";"01:30";"4";"78";"78640";"1";"1";"3";"2";"A86 INT";"48,7810200";"2,1733100"
"202000032960";"24";"9";"2020";"23:35";"3";"60";"60505";"1";"1";"1";"4";"AUTOROUTE A1";"49,1741200";"2,6006400"
"202000032961";"30";"10";"2020";"14:10";"1";"77";"77169";"1";"1";"1";" -1";"RN104";"48,8214251";"2,6152198"
"202000032962";"9";"6";"2020";"22:15";"5";"92";"92078";"2";"1";"1";"6";"ASNIERES (QUAI)";"48,9292820";"2,3339100"
"202000032963";"16";"6";"2020";"06:00";"3";"92";"92078";"2";"9";"1";"6";"JEAN MOULIN (AVENUE) (1 AU 81)";"48,9403620";"2,3289670"
"202000032964";"27";"2";"2020";"10:05";"1";"92";"92078";"2";"9";"2";"6";"GALLIENI (BD) (1 A 79 ET 22 A 102)";"48,9264310";"2,3284210"
"202000032965";"30";"10";"2020";"09:12";"1";"988";"98818";"2";"3";"1";"2";"FERNAND FOREST/LUCIEN HERVOUET";" -22,2397000";"166,4517900"
"202000032966";"29";"10";"2020";"06:05";"2";"974";"97416";"1";"1";"2";"6";"RN2 (2)";" -21,3613500";"55,5308500"
"202000032967";"30";"10";"2020";"23:25";"5";"69";"69387";"2";"2";"1";"3";"YVES FARGES                         (BD)";"45,7340100";"4,8261700"
"202000032968";"29";"10";"2020";"21:00";"5";"69";"69259";"2";"2";"1";"3";"URBAIN EST                              ";"45,6897100";"4,9009900"
"202000032969";"29";"10";"2020";"13:45";"1";"69";"69387";"2";"2";"1";"3";"CAPITAINE ROBERT CLUZAN (DU)        (R )";"45,7525100";"4,8429200"
"202000032970";"29";"10";"2020";"05:50";"5";"69";"69387";"2";"2";"1";"3";"CHALLEMEL LACOUR                    (R )";"45,7293690";"4,8457866"
"202000032971";"28";"10";"2020";"12:53";"1";"972";"97213";"2";"1";"1";"3";"GEORGES GRATIANT";"14,6175900";" -60,9945800"
"202000032972";"27";"10";"2020";"17:15";"2";"91";"91021";"2";"3";"2";"3";"BD JEAN JAURES";"48,5904800";"2,2447500"
"202000032973";"24";"10";"2020";"18:12";"2";"91";"91103";"2";"6";"1";"2";"AV DE LA COMMUNE DE PARIS";"48,5887700";"2,3011500"
"202000032974";"24";"10";"2020";"17:55";"1";"91";"91339";"1";"1";"2";"2";"AV ROBERT BENOIST";"48,6326990";"2,2646840"
"202000032975";"27";"10";"2020";"18:00";"3";"91";"91377";"2";"1";"2";" -1";"AV CARNOT";"48,7224700";"2,2572300"
"202000032976";"29";"10";"2020";"12:45";"1";"91";"91326";"2";"1";"1";"6";"GAMBETTA (QUAI)";"48,6878500";"2,3861500"
"202000032977";"29";"10";"2020";"08:15";"1";"91";"91027";"2";"1";"8";"2";"RTE NATIONALE 7";"48,7299700";"2,3679000"
"202000032978";"27";"10";"2020";"21:40";"3";"91";"91521";"2";"1";"3";"7";"REMY (RUE ALBERT)";"48,6546850";"2,4105290"
"202000032979";"24";"10";"2020";"13:00";"1";"91";"91174";"2";"1";"2";"2";"BD JOHN KENNEDY";"48,5805680";"2,4761910"
"202000032980";"28";"10";"2020";"18:08";"5";"81";"81033";"2";"3";"2";"6";"BRUGAYRAC ( RUE DE )";"44,0327300";"2,1572400"
"202000032981";"28";"10";"2020";"19:15";"5";"80";"80021";"2";"1";"3";"3";"BEAUVILLE NORD (BOULEVARD DE)";"49,9060100";"2,3180400"
"202000032982";"28";"10";"2020";"20:40";"5";"78";"78327";"2";"1";"1";"6";"AVENUE DE PARIS";"48,9912500";"1,8565800"
"202000032983";"29";"10";"2020";"20:30";"5";"73";"73008";"2";"1";"1";"3";"BOUCHER ALFRED SQUARE";"45,6938320";"5,9109640"
"202000032984";"29";"10";"2020";"17:00";"1";"72";"72003";"2";"1";"1";"6";"FONDUS (RTE DES)";"47,9760800";"0,1534400"
"202000032985";"29";"10";"2020";"07:05";"5";"71";"71153";"2";"6";"2";"3";"DE GAULLE (PLACE CHARLES)";"46,8074297";"4,4324885"
"202000032986";"29";"10";"2020";"17:05";"2";"69";"69271";"2";"3";"1";"3";"ARSONVAL (D')                           ";"45,7316700";"4,9713000"
"202000032987";"17";"9";"2020";"16:00";"1";"69";"69266";"2";"1";"1";"6";"MAISONS NEUVES   (Place des)";"45,7561800";"4,8776600"
"202000032988";"28";"10";"2020";"10:15";"1";"67";"67482";"2";"3";"1";"3";"SOLEURE (RUE DE)";"48,5770000";"7,7535600"
"202000032989";"28";"10";"2020";"08:09";"1";"67";"67482";"2";"3";"2";"3";"ARQUEBUSIERS (RUE DES)";"48,5919708";"7,7598091"
"202000032990";"25";"10";"2020";"19:45";"2";"66";"66136";"2";"1";"1";"1";"ALBERT MARCELLIN";"42,6909400";"2,8908100"
"202000032991";"29";"10";"2020";"21:25";"4";"64";"64102";"2";"6";"1";"3";"PIECE NOYEE (ROND POINT DE LA)";"43,4989100";" -1,4815400"
"202000032992";"29";"10";"2020";"09:00";"1";"64";"64024";"2";"6";"1";"2";"AVIATION (ROUTE DE L')";"43,4644000";" -1,5332300"
"202000032993";"28";"10";"2020";"13:50";"1";"64";"64102";"2";"1";"8";"6";"LOUIS DE FOIX (AVENUE)";"43,5057000";" -1,4672000"
"202000032994";"29";"10";"2020";"08:20";"1";"59";"59378";"2";"3";"1";"6";"COUTURE RUE DE LA";"50,6532500";"3,1115800"
"202000032995";"27";"10";"2020";"14:00";"1";"56";"56185";"1";"1";"1";"7";"RN 165";"47,7708700";" -3,3782900"
"202000032996";"29";"10";"2020";"20:45";"5";"54";"54395";"2";"2";"2";"3";"STRASBOURG (AVENUE DE)";"48,6842884";"6,1885764"
"202000032997";"29";"10";"2020";"18:00";"2";"54";"54526";"1";"1";"1";"2";"CONCORDE (PONT DE LA)";"48,6910500";"6,2054600"
"202000032998";"19";"10";"2020";"17:45";"1";"54";"54395";"2";"1";"1";"3";"LOBAU (BOULEVARD)";"48,6793700";"6,1985100"
"202000032999";"29";"10";"2020";"11:40";"1";"50";"50173";"1";"1";"3";"4";"MER (Bld de la )";"49,6612400";" -1,6783000"
"202000033000";"29";"10";"2020";"09:30";"1";"50";"50203";"2";"1";"2";"7";"ROUGES TERRES (LES)";"49,6223300";" -1,6127700"
"202000033001";"26";"10";"2020";"07:45";"1";"50";"50173";"1";"3";"2";"3";"THIVET ( avenue du )";"49,6355700";" -1,6663900"
"202000033002";"27";"10";"2020";"08:45";"1";"49";"49007";"2";"1";"1";"7";"CHAMBRE AUX DENIERS RUE ET CHEM";"47,4655972";" -0,6016262"
"202000033003";"27";"10";"2020";"14:25";"1";"49";"49246";"2";"1";"1";"1";"A87N";"47,4315800";" -0,5077900"
"202000033004";"27";"10";"2020";"18:10";"1";"49";"49007";"1";"1";"1";"7";"SAINT AUBIN";"47,4945400";" -0,5630700"
"202000033005";"27";"10";"2020";"14:25";"1";"49";"49007";"2";"1";"1";"6";"Boulevard Gaston Ramon";"47,4865900";" -0,5380200"
"202000033006";"29";"10";"2020";"20:25";"5";"45";"45232";"1";"1";"1";"3";"Avenue de Sologne";"47,8659430";"1,9131450"
"202000033007";"29";"10";"2020";"16:45";"5";"45";"45234";"2";"1";"2";"3";"Boulevard Pierre Segelle";"47,9042100";"1,9149400"
"202000033008";"28";"10";"2020";"07:25";"1";"37";"37208";"2";"1";"1";"6";"DOUMER (BOULEVARD PAUL)";"47,3687758";"0,7292518"
"202000033009";"29";"10";"2020";"20:10";"5";"35";"35238";"2";"3";"1";"2";"HAUTES-OURMES (BD DES)";"48,0875900";" -1,6487400"
"202000033010";"29";"10";"2020";"12:20";"1";"35";"35238";"2";"1";"1";"3";"167 rue de Lorient";"48,1058590";" -1,7328220"
"202000033011";"2";"8";"2020";"21:35";"5";"34";"34116";"2";"1";"1";"6";"Rue Clément François Prunelle";"43,6453690";"3,8255810"
"202000033012";"29";"10";"2020";"13:40";"1";"35";"35238";"2";"9";"8";"3";"RETARDAIS (DE LA)";"48,1064400";" -1,7293300"
"202000033013";"3";"8";"2020";"14:45";"1";"51";"51211";"1";"1";"1";"7";"A4";"49,0766069";"4,8125266"
"202000033014";"29";"10";"2020";"11:50";"1";"35";"35238";"2";"2";"1";"3";"MITTERAND (MAIL FRANCOIS)";"48,1085400";" -1,6929400"
"202000033015";"4";"7";"2020";"06:55";"2";"77";"77168";"1";"1";"1";"6";"A6 PK087.900 direction PARIS";"48,1654743";"2,8708370"
"202000033016";"2";"8";"2020";"11:30";"1";"988";"98802";"1";"1";"1";"7";"RT 1 PK 93 + 401";" -21,8450880";"165,9178450"
"202000033017";"3";"8";"2020";"13:40";"1";"971";"97134";"2";"1";"1";"6";"Boulevard des Habissois Souverains";"16,0600730";" -61,7653080"
"202000033018";"2";"8";"2020";"14:30";"1";"04";"04096";"1";"1";"1";"7";"Col de la Bonette";"44,3377850";"6,7898940"
"202000033019";"29";"10";"2020";"08:30";"1";"35";"35238";"2";"3";"2";"3";"TOUR D'AUVERGNE (BD DE LA)";"48,1044637";" -1,6843732"
"202000033020";"2";"8";"2020";"17:15";"1";"68";"68106";"1";"9";"1";"7";"Rte 431";"47,8898700";"7,1142640"
"202000033021";"29";"10";"2020";"15:00";"1";"34";"34172";"2";"1";"1";"1";"MICHELET (RUE)";"43,6085476";"3,8828677"
"202000033022";"2";"8";"2020";"10:20";"1";"67";"67130";"2";"6";"1";"7";"D426";"48,4236690";"7,6402000"
"202000033023";"29";"10";"2020";"14:32";"1";"34";"34172";"2";"1";"1";"2";"SAINT MAUR (AVENUE DE)";"43,6237174";"3,8947982"