"Num_Acc";"jour";"mois";"an";"hrmn";"lum";"dep";"com";"agg";"int";"atm";"col";"adr";"lat";"long"
"202000033024";"31";"7";"2020";"15:45";"1";"38";"38474";"2";"2";"1";"3";"Rue de la Maladière";"45,2074630";"5,6800440"
"202000033025";"29";"10";"2020";"12:30";"1";"34";"34172";"2";"1";"1";"3";"FRANKLIN (ROND POINT BENJAMIN)";"43,6188000";"3,9126100"
"202000033026";"2";"8";"2020";"11:45";"1";"38";"38317";"2";"3";"7";"3";"20 Rue de Chamrousse";"45,1320320";"5,7110020"
"202000033027";"2";"8";"2020";"02:45";"3";"26";"26064";"1";"1";"1";"7";"Rue des Hirondelles";"44,9185570";"5,0563290"
"202000033028";"29";"10";"2020";"13:10";"1";"34";"34172";"2";"1";"1";"1";"PIREE (AVENUE DU)";"43,6059700";"3,8966900"
"202000033029";"1";"8";"2020";"07:15";"1";"81";"81099";"1";"1";"1";"6";"Route de Senouillac";"43,9300040";"1,9234980"
"202000033030";"3";"8";"2020";"09:30";"1";"14";"14627";"1";"1";"1";"6";"A88";"48,8870760";" -0,2204830"
"202000033031";"29";"10";"2020";"12:50";"1";"33";"33281";"2";"3";"1";"2";"AVE DU MARECHAL GALLIENI";"44,8371400";" -0,6165500"
"202000033032";"3";"8";"2020";"14:45";"1";"60";"60489";"1";"1";"1";"4";"RD136";"49,1721930";"2,8269200"
"202000033033";"2";"8";"2020";"20:30";"1";"59";"59409";"2";"4";"1";"6";"Rue Pierre Bochu";"50,3032460";"3,2119450"
"202000033034";"2";"8";"2020";"16:57";"1";"59";"59268";"1";"1";"1";"7";"D122";"50,6306160";"2,6959190"
"202000033035";"27";"7";"2020";"07:40";"1";"13";"13211";"1";"1";"1";"7";"Sens Aubagne vers Marseille";"43,2887580";"5,4438380"
"202000033036";"1";"8";"2020";"04:59";"4";"13";"13055";"2";"1";"1";"2";"A507 sens Marseille - Aubagne";"43,3327040";"5,3853310"
"202000033037";"23";"7";"2020";"18:30";"1";"13";"13055";"1";"1";"1";"4";"A507 sens Marseille - Aubagne";"43,2930000";"5,4243000"
"202000033038";"2";"8";"2020";"06:00";"2";"69";"69276";"1";"1";"1";"7";"A7   8.630 A 10.992";"45,6741503";"4,8475778"
"202000033039";"29";"10";"2020";"18:00";"1";"33";"33529";"2";"2";"1";"3";"MIQUELOTS (BD DES)";"44,6095900";" -1,1355200"
"202000033040";"1";"8";"2020";"23:30";"4";"91";"91340";"1";"9";"1";"5";"AUTOROUTE A6";"48,6058200";"2,4356200"
"202000033041";"2";"8";"2020";"09:44";"1";"78";"78551";"1";"1";"1";"2";"A14";"48,9127240";"2,1072650"
"202000033042";"28";"10";"2020";"19:15";"5";"31";"31555";"2";"1";"1";"6";"STRASBOURG (BD DE) DU 2AU 66";"43,6070700";"1,4473600"
"202000033043";"29";"10";"2020";"02:25";"3";"29";"29039";"1";"1";"8";"6";"N165 - Kerango Bihan";"47,9369200";" -3,9123600"
"202000033044";"2";"8";"2020";"00:05";"3";"78";"78466";"1";"1";"1";"5";"A13";"48,9345000";"1,9668000"
"202000033045";"2";"8";"2020";"02:10";"3";"93";"93005";"1";"1";"1";"2";"AUTOROUTE A1";"48,9622700";"2,4708500"
"202000033046";"29";"10";"2020";"11:05";"1";"29";"29019";"1";"1";"1";"2";"D112 - Pen Ar Ch'Leuz";"48,4162748";" -4,4791637"
"202000033047";"2";"8";"2020";"03:00";"3";"95";"95527";"1";"1";"1";"7";"AUTOROUTE A1";"48,9950600";"2,5160800"
"202000033048";"2";"8";"2020";"19:15";"1";"94";"94017";"1";"1";"1";"4";"A4";"48,8268961";"2,5128995"
"202000033049";"28";"10";"2020";"19:20";"5";"29";"29019";"2";"2";"1";"3";"Rue Mathieu Donnart";"48,3997600";" -4,4861300"
"202000033050";"2";"8";"2020";"17:00";"1";"77";"77237";"1";"1";"1";" -1";"A4";"48,8302090";"2,7517960"
"202000033051";"29";"10";"2020";"11:30";"1";"27";"27375";"2";"1";"8";"6";"JOFFRE (BOULEVARD DU ML)";"49,2148200";"1,1668100"
"202000033052";"1";"8";"2020";"21:50";"5";"94";"94058";"1";"1";"1";"4";"A86.EXT";"48,8482589";"2,4916133"
"202000033053";"1";"8";"2020";"18:10";"2";"974";"97411";"2";"2";"1";"3";"MARIE (RUE SAINTE)";" -20,8827996";"55,4543281"
"202000033054";"1";"8";"2020";"16:15";"1";"2B";"2B033";"2";"1";"1";" -1";"PAOLI DU NR 21 AU 45 -BLD";"42,6995200";"9,4497700"
"202000033055";"29";"10";"2020";"18:11";"3";"26";"26362";"1";"9";"1";"4";"L.A.C.R.A  RN 7 (101)";"44,9408200";"4,9427700"
"202000033056";"31";"7";"2020";"20:50";"3";"971";"97101";"1";"1";"2";"6";"DOTHEMARE";"16,2648800";" -61,5112400"
"202000033057";"1";"8";"2020";"21:45";"2";"91";"91345";"2";"2";"1";"1";"PRESIDENT FRANCOIS MITTERAND";"48,6974510";"2,2951640"
"202000033058";"29";"10";"2020";"10:50";"1";"22";"22278";"2";"2";"1";" -1";"FRANCE (AV. DE)";"48,5120800";" -2,7449400"
"202000033059";"1";"8";"2020";"17:20";"1";"91";"91174";"2";"9";"1";"5";"JOHN KENNEDY (BOULEVARD)";"48,5845200";"2,4764700"
"202000033060";"28";"10";"2020";"10:25";"1";"22";"22106";"2";"6";"1";"3";"AMBROISE PARE (RUE)";"48,4994500";" -2,7305000"
"202000033061";"1";"8";"2020";"21:55";"5";"82";"82121";"2";"1";"1";"3";"MOULIN N 20 (AVENUE JEAN)";"44,0278100";"1,3683700"
"202000033062";"29";"10";"2020";"15:15";"1";"17";"17300";"2";"2";"1";"3";"REMPARTS   CHEMIN DES";"46,1583800";" -1,1575800"
"202000033063";"29";"10";"2020";"16:45";"1";"15";"15014";"2";"9";"1";"3";"DELMONT (RUE HENRY)";"44,9343000";"2,4494000"
"202000033064";"28";"7";"2020";"18:00";"1";"77";"77210";"1";"3";"1";"3";"D606 - D28A";"48,3613000";"2,8886000"
"202000033065";"31";"7";"2020";"12:55";"1";"77";"77058";"2";"6";"1";"3";"LAGNY (BOULEVARD DE) - D35";"48,8312810";"2,7061050"
"202000033066";"31";"7";"2020";"22:11";"5";"76";"76540";"2";"2";"1";"3";"ELBEUF. RUE D'";"49,4257700";"1,0826100"
"202000033067";"29";"10";"2020";"12:45";"1";"13";"13209";"2";"1";"1";"6";"SCHLOESING (BOULEVARD)";"43,2730780";"5,4006590"
"202000033068";"1";"8";"2020";"16:50";"1";"72";"72181";"2";"1";"1";"2";"GENESLAY FELIX (AV) N° PAIRS 2 A 144";"47,9816200";"0,2098400"
"202000033069";"28";"10";"2020";"10:55";"1";"13";"13028";"2";"9";"1";"6";"PUITS DE BRUNET (CHEMIN DU)";"43,1863190";"5,6002220"
"202000033070";"31";"7";"2020";"15:45";"1";"71";"71153";"2";"1";"1";" -1";"MAZENAY (RUE DE)";"46,8027147";"4,4501729"
"202000033071";"29";"10";"2020";"17:45";"2";"11";"11069";"2";"1";"1";"5";"MAQUENS -CHEMIN DE-";"43,2083500";"2,3146700"
"202000033072";"1";"8";"2020";"13:10";"1";"68";"68224";"2";"1";"1";"6";"ORPHELINS (RUE DES)";"47,7499400";"7,3369200"
"202000033073";"29";"10";"2020";"18:00";"1";"06";"06030";"2";"1";"1";"3";"CARIMAI (RUE)";"43,5794800";"6,9954500"
"202000033074";"1";"8";"2020";"17:00";"1";"64";"64260";"2";"1";"1";"3";"TUNNEL (RUE DU)";"43,3578500";" -1,7716200"
"202000033075";"27";"10";"2020";"08:25";"1";"06";"06027";"2";"1";"1";"3";"PLAGE BOULEVARD DE LA";"43,6570700";"7,1729200"
"202000033076";"1";"8";"2020";"08:10";"1";"64";"64129";"2";"1";"2";"3";"CHATEAU D'ESTE DU";"43,3067674";" -0,3855000"
"202000033077";"28";"10";"2020";"13:30";"1";"03";"03310";"2";"1";"1";"6";"N/A";"46,1441057";"3,4147846"
"202000033078";"1";"8";"2020";"10:30";"1";"64";"64024";"2";"1";"2";"7";"BAHINOS (ROND POINT DE)";"43,4944000";" -1,5188000"
"202000033079";"13";"10";"2020";"11:00";"1";"02";"02691";"2";"1";"3";"7";"MULHOUSE DE 8 A 125 (RUE DE)";"49,8513780";"3,2975730"
"202000033080";"1";"8";"2020";"17:50";"1";"57";"57463";"2";"4";"1";"3";"TREVES (BOULEVARD DE )";"49,1174500";"6,1881300"
"202000033081";"1";"8";"2020";"12:20";"1";"51";"51454";"2";"1";"1";"3";"Boulevard Pommery";"49,2535536";"4,0542174"
"202000033082";"29";"10";"2020";"18:35";"5";"75";"75120";"2";"3";"2";"3";"RUE JEAN VEBER";"48,8624210";"2,4091590"
"202000033083";"1";"8";"2020";"13:40";"1";"51";"51108";"2";"1";"1";"1";"Pénétrante Urbaine";"48,9465844";"4,3481611"
"202000033084";"29";"10";"2020";"17:00";"1";"75";"75120";"2";"3";"2";"6";"RUE DES RONDEAUX";"48,8631650";"2,3976470"
"202000033085";"1";"8";"2020";"13:10";"1";"45";"45302";"2";"1";"1";"3";"Rue Nationale 20";"47,9414200";"1,8930700"
"202000033086";"29";"10";"2020";"09:00";"1";"75";"75120";"2";"2";"1";"3";"RUE DES PYRENEES";"48,8716610";"2,3922810"
"202000033087";"1";"8";"2020";"19:00";"1";"45";"45338";"1";"1";"1";"6";"D2060 PR 30 + 700";"47,9833800";"2,7047500"
"202000033088";"29";"10";"2020";"10:25";"1";"75";"75119";"2";"1";"8";"7";"RUE GEORGES AURIC";"48,8850860";"2,3857360"
"202000033089";"28";"7";"2020";"18:03";"1";"42";"42225";"2";"6";"9";" -1";"Rond-point du Sardon";"45,5199990";"4,5937040"
"202000033090";"1";"8";"2020";"07:15";"1";"42";"42183";"2";"6";"1";"6";"Rue Jean Moulin";"45,4052560";"4,3717270"
"202000033091";"29";"10";"2020";"14:25";"1";"75";"75117";"2";"4";"1";"3";"AVENUE DE WAGRAM";"48,8753390";"2,2961850"
"202000033092";"1";"8";"2020";"22:25";"5";"35";"35238";"2";"1";"1";"6";"51 Mail François Mitterrand";"48,1091837";" -1,6901832"
"202000033093";"28";"10";"2020";"14:15";"1";"75";"75116";"2";"7";"1";"3";"PLACE DU MARECHAL DE LATTRE DE TASSIGNY";"48,8721190";"2,2754010"
"202000033094";"31";"7";"2020";"16:00";"1";"34";"34172";"2";"9";"1";"6";"DURAND (RUE MARIE)";"43,6183719";"3,8985948"
"202000033095";"29";"10";"2020";"18:00";"5";"75";"75115";"2";"1";"1";"6";"RUE OLIVIER DE SERRES";"48,8358980";"2,2970250"
"202000033096";"28";"10";"2020";"21:30";"5";"75";"75115";"2";"2";"1";"7";"BOULEVARD GENERAL MARTIAL VALIN";"48,8369400";"2,2742360"
"202000033097";"1";"8";"2020";"06:05";"2";"34";"34003";"1";"1";"1";"3";"RD612";"43,3011900";"3,4619300"
"202000033098";"28";"10";"2020";"17:25";"5";"75";"75115";"2";"1";"2";"6";"RUE CAMBRONNE";"48,8433350";"2,3024990"
"202000033099";"31";"7";"2020";"20:45";"1";"25";"25031";"2";"1";"1";"3";"BELFORT (RUE DE)";"47,4855450";"6,8413170"
"202000033100";"29";"10";"2020";"14:55";"1";"75";"75112";"2";"1";"1";"2";"BOULEVARD DE PICPUS";"48,8466870";"2,3997530"
"202000033101";"1";"8";"2020";"20:04";"1";"13";"13210";"2";"1";"1";"2";"ROMAIN ROLLAND (BOULEVARD)";"43,2775700";"5,4204100"
"202000033102";"29";"10";"2020";"01:20";"5";"75";"75110";"2";"1";"3";"6";"AVENUE CLAUDE VELLEFAUX";"48,8727490";"2,3698930"
"202000033103";"1";"8";"2020";"15:38";"1";"13";"13214";"2";"2";"1";"3";"ROLAND DORGELES (BOULEVARD)";"43,3491638";"5,3752407"
"202000033104";"29";"10";"2020";"07:25";"2";"75";"75108";"2";"1";"8";"7";"PORT DE LA CONFERENCE";"48,8641200";"2,3027090"
"202000033105";"1";"8";"2020";"02:35";"5";"13";"13208";"2";"4";"1";"1";"JULES CANTINI (AVENUE)";"43,2829700";"5,3890800"
"202000033106";"28";"10";"2020";"20:50";"5";"75";"75108";"2";"7";"1";"3";"PLACE BEAUVAU";"48,8712070";"2,3161580"
"202000033107";"29";"10";"2020";"20:50";"5";"75";"75101";"2";"3";"1";"6";"RUE DE RIVOLI";"48,8591070";"2,3464340"
"202000033108";"29";"10";"2020";"17:40";"2";"75";"75101";"2";"1";"8";"6";"RUE DE RIVOLI";"48,8616410";"2,3386980"
"202000033109";"1";"8";"2020";"23:25";"5";"13";"13063";"2";"9";"1";"3";"THEODORE AUBANEL BOULEVARD";"43,5878500";"5,0003300"
"202000033110";"29";"10";"2020";"14:00";"1";"75";"75101";"2";"1";"1";"6";"RUE DE MONTPENSIER";"48,8645890";"2,3366690"
"202000033111";"31";"7";"2020";"19:00";"1";"13";"13047";"1";"1";"1";"3";"RN 569";"43,5577300";"4,9757200"
"202000033112";"29";"10";"2020";"08:50";"1";"75";"75104";"2";"3";"1";"1";"RUE SAINT ANTOINE";"48,8547730";"2,3624230"
"202000033113";"31";"7";"2020";"06:50";"1";"08";"08105";"2";"1";"1";"7";"RN 43";"49,7340400";"4,7203600"
"202000033114";"29";"10";"2020";"07:20";"2";"94";"94074";"2";"1";"1";"6";"CHAMP SAINT-JULIEN (AV DU)";"48,7480000";"2,4590000"
"202000033115";"1";"8";"2020";"03:19";"5";"06";"06088";"2";"2";"1";"5";"BARLA (TRAV.)";"43,7000000";"7,2500000"
"202000033116";"29";"10";"2020";"12:50";"1";"94";"94015";"2";"2";"2";"6";"CHERBOURG (R DE)";"48,8431200";"2,5233720"
"202000033117";"29";"10";"2020";"17:00";"1";"94";"94041";"2";"1";"2";"2";"GARE (R DE LA)";"48,8155400";"2,3931200"
"202000033118";"1";"8";"2020";"15:45";"1";"06";"06069";"2";"1";"1";"1";"LECLERC (BOULEVARD DU MARECHAL)";"43,6504500";"6,9208100"
"202000033119";"29";"10";"2020";"09:07";"1";"94";"94041";"2";"3";"1";"6";"MAURICE THOREZ (AV)";"48,8177000";"2,3755200"
"202000033120";"1";"8";"2020";"06:55";"2";"06";"06069";"2";"6";"1";"3";"SIDI BRAHIM (AVENUE)";"43,6498300";"6,9314260"
"202000033121";"29";"10";"2020";"21:15";"3";"94";"94065";"2";"1";"1";"3";"CHARLES LINDBERGH (AV)";"48,7496170";"2,3556880"
"202000033122";"31";"7";"2020";"13:00";"1";"75";"75112";"2";"1";"1";"3";"BOULEVARD PERIPHERIQUE";"48,8286420";"2,3988890"
"202000033123";"29";"10";"2020";"12:30";"1";"94";"94038";"2";"3";"1";"3";"PAQUERETTES (R DES)";"48,7794850";"2,3534710"
"202000033124";"1";"8";"2020";"17:25";"1";"75";"75105";"2";"2";"1";"3";"RUE SAINT JACQUES";"48,8495920";"2,3448750"
"202000033125";"1";"8";"2020";"15:10";"1";"75";"75106";"2";"5";"1";"3";"BOULEVARD SAINT GERMAIN";"48,8521580";"2,3405460"
"202000033126";"29";"10";"2020";"13:25";"1";"94";"94079";"2";"1";"8";"7";"GENERAL LECLERC (R DU)";"48,8224800";"2,5409000"
"202000033127";"1";"8";"2020";"00:38";"5";"75";"75105";"2";"2";"1";"3";"RUE SAINT JACQUES";"48,8473580";"2,3436550"
"202000033128";"29";"10";"2020";"16:29";"1";"94";"94018";"2";"1";"1";"2";"PARIS (R DE)";"48,8273100";"2,4046400"
"202000033129";"31";"7";"2020";"21:25";"2";"75";"75120";"2";"2";"1";"3";"RUE DES PYRENEES";"48,8716610";"2,3922880"
"202000033130";"29";"10";"2020";"10:00";"1";"93";"93066";"2";"9";"1";"5";"LENINE (AVENUE) NR 2 A 26";"48,9402366";"2,3679483"
"202000033131";"1";"8";"2020";"20:00";"1";"75";"75118";"2";"1";"1";"3";"RUE DE CHARTRES";"48,8846850";"2,3536200"
"202000033132";"29";"10";"2020";"15:30";"1";"93";"93064";"2";"1";"1";"3";"KENNEDY (AVENUE DU PRESIDENT)";"48,8778300";"2,4869400"
"202000033133";"1";"8";"2020";"15:00";"1";"75";"75119";"2";"1";"1";"3";"AVENUE DE FLANDRE";"48,8911770";"2,3761780"
"202000033134";"16";"6";"2020";"10:50";"1";"93";"93048";"2";"1";"1";"7";"PARIS (RUE DE)";"48,8555775";"2,4222358"
"202000033135";"1";"8";"2020";"19:30";"1";"75";"75118";"2";"1";"1";"6";"RUE DU SIMPLON";"48,8939470";"2,3497120"
"202000033136";"29";"10";"2020";"16:00";"1";"93";"93008";"2";"9";"1";"3";"BD LENINE";"48,9065700";"2,4425100"
"202000033137";"1";"8";"2020";"14:15";"1";"75";"75116";"2";"1";"1";"2";"ALLEE DE LONGCHAMP";"48,8667940";"2,2485250"
"202000033138";"23";"10";"2020";"20:20";"5";"92";"92063";"2";"3";"1";"3";"DOUMER (AVENUE PAUL) EST";"48,8830300";"2,1894700"
"202000033139";"1";"8";"2020";"00:20";"5";"75";"75116";"2";"1";"1";"3";"ALLEE DE LA REINE MARGUERITE";"48,8612240";"2,2466350"
"202000033140";"29";"10";"2020";"20:20";"5";"92";"92044";"2";"1";"1";"3";"GABRIEL PERI(RUE) 51+ ET 48+";"48,8933100";"2,2866100"
"202000033141";"1";"8";"2020";"14:30";"1";"75";"75114";"2";"2";"1";"3";"RUE VERCINGETORIX";"48,8327430";"2,3115570"
"202000033142";"29";"10";"2020";"14:45";"1";"92";"92025";"2";"3";"1";"6";"PRESIDENT KENNEDY (RUE DU)";"48,9282320";"2,2584230"
"202000033143";"1";"8";"2020";"10:50";"1";"75";"75111";"2";"2";"1";"3";"RUE LEON FROT";"48,8551210";"2,3871340"
"202000033144";"29";"10";"2020";"19:00";"5";"92";"92024";"2";"2";"1";"3";"GENERAL LECLERC (BD DU) DE (61 A 9)";"48,9026933";"2,3135368"
"202000033145";"1";"8";"2020";"14:30";"1";"75";"75107";"2";"2";"1";"2";"QUAI D ORSAY";"48,8623780";"2,3092360"
"202000033146";"29";"10";"2020";"09:15";"1";"92";"92024";"2";"1";"1";" -1";"GEORGES BOISSEAU (RUE)";"48,9065514";"2,3136697"
"202000033147";"1";"8";"2020";"02:10";"5";"75";"75101";"2";"1";"1";"6";"RUE DE RIVOLI";"48,8598220";"2,3442490"
"202000033148";"28";"10";"2020";"18:20";"5";"92";"92024";"2";"2";"2";"6";"LEON GAMBETTA (ALLEES)";"48,9026920";"2,3098570"
"202000033149";"29";"7";"2020";"21:15";"2";"75";"75101";"2";"2";"1";"4";"BOULEVARD DE SEBASTOPOL";"48,8600710";"2,3490950"
"202000033150";"23";"10";"2020";"13:55";"1";"92";"92024";"2";"3";"1";"3";"JEAN JAURES (BD) DE 47 A 109)   (56 A 14";"48,9022300";"2,3043500"
"202000033151";"1";"8";"2020";"07:10";"1";"94";"94081";"2";"9";"1";"3";"LEON GEFFROY (R)";"48,7799000";"2,4081400"
"202000033152";"28";"10";"2020";"20:55";"5";"92";"92019";"2";"1";"1";" -1";"LONGUET JEAN (RUE)";"48,7682491";"2,2799092"
"202000033153";"1";"8";"2020";"19:55";"1";"94";"94058";"2";"1";"1";"6";"MARECHAL JOFFRE (AV DU)";"48,8410600";"2,5099200"
"202000033154";"30";"10";"2020";"09:20";"1";"974";"97415";"2";"1";"1";"6";"Rue Kovil";" -20,9871060";"55,2919310"
"202000033155";"1";"8";"2020";"02:10";"5";"94";"94068";"2";"2";"1";"3";"REPUBLIQUE (AV DE LA)";"48,8015300";"2,4859800"
"202000033156";"29";"10";"2020";"21:45";"3";"17";"17373";"2";"1";"1";"1";"Route du Silo";"46,1385710";" -1,0090580"
"202000033157";"29";"10";"2020";"16:56";"1";"49";"49092";"2";"9";"1";"3";"Chemillé-en-Anjou";"47,2073320";" -0,7178990"
"202000033158";"31";"7";"2020";"23:00";"5";"94";"94076";"2";"5";"1";"3";"STALINGRAD (AV DE)";"48,7846000";"2,3668100"
"202000033159";"29";"10";"2020";"13:00";"1";"28";"28188";"1";"1";"1";"6";"A11";"48,4979310";"1,6881070"
"202000033160";"1";"8";"2020";"01:00";"5";"94";"94041";"2";"2";"1";"6";"GENERAL LECLERC (AV DU)";"48,8131520";"2,3805750"
"202000033161";"1";"8";"2020";"17:30";"1";"94";"94022";"2";"2";"1";"6";"DOCTEUR ROUX (R DU)";"48,7710000";"2,4035000"
"202000033162";"29";"10";"2020";"11:50";"1";"51";"51585";"1";"3";"2";"3";"D3";"49,0794618";"3,6897136"
"202000033163";"31";"7";"2020";"23:47";"5";"94";"94081";"2";"1";"1";"7";"GROUPE MANOUCHIAN (AV DU)";"48,7893690";"2,4056600"
"202000033164";"28";"10";"2020";"19:40";"3";"972";"97225";"1";"1";"1";" -1";"D10";"14,7547350";" -61,1827750"
"202000033165";"1";"8";"2020";"09:45";"1";"93";"93073";"2";"1";"1";"3";"MARRONNIERS (AVENUE DES)";"48,9547800";"2,5874300"
"202000033166";"1";"8";"2020";"07:30";"1";"93";"93077";"2";"1";"1";"6";"GRANDE RUE";"48,8828600";"2,5139700"
"202000033167";"30";"10";"2020";"10:30";"1";"58";"58193";"1";"1";"1";"3";"Route de la Villeneuve";"47,5268950";"2,8796410"
"202000033168";"1";"8";"2020";"05:10";"5";"93";"93033";"2";"1";"1";"6";"HERMANN REGNIER";"48,8635800";"2,5672800"
"202000033169";"23";"10";"2020";"03:45";"3";"56";"56127";"1";"1";"1";"6";"La Vigne";"48,0969790";" -2,2685300"
"202000033170";"1";"8";"2020";"12:00";"1";"93";"93063";"2";"1";"1";"1";"BERLIOZ AVENUE";"48,8718563";"2,4427001"
"202000033171";"30";"10";"2020";"07:30";"3";"56";"56185";"1";"1";"1";"3";"N165";"47,7712800";" -3,3820500"
"202000033172";"29";"10";"2020";"14:20";"1";"56";"56164";"2";"1";"1";"6";"Rue de Ker Anna";"47,6554980";" -2,8683740"
"202000033173";"1";"8";"2020";"06:20";"1";"93";"93001";"2";"2";"1";"3";"""LANDY, NR PAIR 20 A 80""";"48,9152911";"2,3711744"
"202000033174";"29";"10";"2020";"18:30";"2";"32";"32466";"1";"1";"1";"1";"lieu  dit mournet";"43,3902980";"0,4728680"
"202000033175";"1";"8";"2020";"19:40";"1";"93";"93047";"2";"3";"1";"3";"R DU GENERAL DE GAULLE / AV DES ABRICOTS";"48,8992500";"2,5626000"
"202000033176";"29";"10";"2020";"16:40";"1";"32";"32210";"1";"1";"1";"1";"D121";"43,5677520";"1,1327510"
"202000033177";"30";"10";"2020";"15:00";"1";"55";"55065";"1";"1";"8";"6";"RD 946";"49,2056330";"5,0383200"
"202000033178";"1";"8";"2020";"18:28";"1";"93";"93008";"2";"3";"1";"2";"AV HENRI BARBUSSE / R DE MONTFORT";"48,9087000";"2,4283000"
"202000033179";"1";"8";"2020";"13:10";"1";"92";"92051";"2";"1";"1";"3";"LONGCHAMP (RUE DE)";"48,8787708";"2,2525138"
"202000033180";"29";"10";"2020";"16:46";"1";"41";"41211";"1";"2";"1";"3";"D976";"47,3271960";"1,1236020"
"202000033181";"29";"10";"2020";"16:35";"1";"86";"86281";"1";"1";"1";"6";"D347";"46,7256830";"0,2129030"
"202000033182";"1";"8";"2020";"15:40";"1";"92";"92026";"2";"1";"1";"4";"HÔTEL DE VILLE (RUE)";"48,8950404";"2,2567356"
"202000033183";"30";"10";"2020";"01:10";"3";"22";"22163";"1";"1";"2";"7";"9 Lieu Dit Keroullaire";"48,2337570";" -3,4678820"
"202000033184";"2";"8";"2020";"10:45";"1";"87";"87002";"1";"1";"1";"6";"Nouaillas";"45,9326020";"1,3901780"
"202000033185";"29";"10";"2020";"18:05";"2";"29";"29090";"1";"2";"8";"3";"4 Route de Parc-Land";"48,0913518";" -4,2652703"
"202000033186";"29";"10";"2020";"18:52";"3";"31";"31356";"1";"9";"1";"3";"N224";"43,6872120";"1,2240420"
"202000033187";"1";"7";"2020";"04:10";"1";"25";"25381";"1";"1";"1";"2";"a36";"47,2776310";"5,9805050"
"202000033188";"30";"10";"2020";"11:05";"1";"15";"15260";"1";"1";"1";"1";"D341";"44,6625790";"2,4495220"
"202000033189";"31";"7";"2020";"11:55";"1";"64";"64300";"1";"1";"1";" -1";"RD 817";"43,4099420";" -0,6084540"
"202000033190";"29";"10";"2020";"17:25";"2";"58";"58151";"1";"1";"1";" -1";"D34";"46,8700500";"3,4597060"
"202000033191";"29";"10";"2020";"18:05";"3";"54";"54003";"1";"1";"2";"6";"D12";"48,3645468";"6,0009384"
"202000033192";"1";"8";"2020";"23:20";"3";"58";"58044";"1";"1";"1";"7";"Le Saulois";"47,4932510";"2,9598230"
"202000033193";"1";"8";"2020";"18:00";"1";"85";"85017";"1";"1";"1";"3";"D23";"46,9070630";" -1,1172800"
"202000033194";"29";"10";"2020";"15:30";"1";"05";"05124";"1";"1";"1";"3";"D314";"44,5808700";"6,1257790"
"202000033195";"31";"7";"2020";"22:06";"3";"47";"47121";"1";"1";"1";"1";"Plantey";"44,3471460";"0,1073630"
"202000033196";"2";"8";"2020";"06:05";"2";"51";"51594";"1";"1";"1";"7";"N4";"48,7423413";"4,1149921"
"202000033197";"29";"10";"2020";"15:18";"1";"60";"60636";"2";"3";"2";"3";"Avenue du Gros Grelot";"49,4828510";"2,8703390"
"202000033198";"29";"10";"2020";"15:10";"1";"07";"07050";"1";"9";"1";"3";"D104a";"44,4138420";"4,1488250"
"202000033199";"30";"10";"2020";"01:10";"3";"21";"21659";"1";"1";"2";"6";"D16";"47,4629150";"4,8000810"
"202000033200";"28";"10";"2020";"16:00";"1";"24";"24156";"2";"1";"2";"1";"Les Versannes (Gare)";"45,0893120";"0,8570520"
"202000033201";"28";"10";"2020";"14:26";"1";"28";"28140";"2";"1";"1";"3";"Avenue de la Prairie";"48,6082290";"1,6796030"
"202000033202";"29";"10";"2020";"17:50";"2";"68";"68113";"1";"1";"1";"4";"N83";"48,2018520";"7,3981760"
"202000033203";"29";"10";"2020";"06:30";"3";"33";"33284";"1";"1";"1";"3";"A660";"44,6240640";" -0,8540100"
"202000033204";"28";"9";"2020";"10:15";"1";"31";"31069";"1";"1";"1";"3";"Route départementale 902";"43,6348900";"1,3791000"
"202000033205";"30";"10";"2020";"09:55";"1";"34";"34129";"1";"1";"1";"7";"A709";"43,5731540";"3,8754960"
"202000033206";"2";"8";"2020";"02:00";"5";"76";"76468";"2";"1";"7";"6";"238 Route de la Gare";"49,5972280";"0,4803140"
"202000033207";"30";"10";"2020";"17:00";"1";"69";"69043";"1";"1";"1";"3";"61 Route des Aqueducs";"45,7228629";"4,7709386"
"202000033208";"29";"9";"2020";"15:10";"1";"30";"30189";"2";"1";"1";"6";"GAMBETTA (BD)";"43,8406400";"4,3615600"
"202000033209";"2";"8";"2020";"14:00";"1";"2B";"2B354";"1";"1";"1";"6";"T20";"42,1502990";"9,1524630"
"202000033210";"29";"10";"2020";"17:55";"2";"14";"14301";"1";"1";"8";"4";"A13";"49,1674230";" -0,2768040"
"202000033211";"29";"10";"2020";"23:50";"3";"95";"95535";"1";"1";"1";"6";"D28";"49,0640320";"1,9618450"
"202000033212";"2";"8";"2020";"15:15";"1";"81";"81171";"1";"1";"1";"6";"A68 - PR 47+065";"43,8687710";"1,8974380"
"202000033213";"29";"9";"2020";"14:22";"1";"29";"29039";"1";"6";"2";"3";"Rond Point de Keramporiel";"47,9005800";" -3,9110300"
"202000033214";"16";"10";"2020";"18:45";"5";"91";"91661";"2";"1";"1";"6";"30 Domaine des Roches";"48,7051540";"2,2480690"
"202000033215";"3";"6";"2020";"14:30";"1";"67";"67519";"1";"2";"1";"3";"RM223";"48,6814370";"7,8129480"
"202000033216";"29";"10";"2020";"19:55";"5";"78";"78683";"2";"3";"1";"3";"D191";"48,8209790";"1,8753250"
"202000033217";"14";"4";"2020";"08:20";"1";"67";"67101";"1";"6";"1";"2";"D392";"48,5235840";"7,4982270"
"202000033218";"2";"8";"2020";"12:10";"1";"11";"11397";"1";"1";"1";"6";"Route des Corbières";"43,2055770";"2,4315000"
"202000033219";"29";"10";"2020";"19:15";"5";"58";"58117";"2";"6";"2";"3";"Rue du Pont";"47,0123980";"3,0784140"