"Num_Acc";"jour";"mois";"an";"hrmn";"lum";"dep";"com";"agg";"int";"atm";"col";"adr";"lat";"long"
"202000033220";"2";"6";"2020";"11:00";"1";"69";"69086";"1";"6";"1";"3";"N7 Route de Paris";"45,8407260";"4,6540460"
"202000033221";"28";"9";"2020";"18:25";"1";"29";"29019";"2";"3";"1";"3";"Rue Général Paulet";"48,4255548";" -4,4773840"
"202000033222";"2";"6";"2020";"08:45";"1";"46";"46057";"1";"1";"1";"7";"D19";"44,6724530";"2,0261410"
"202000033223";"26";"9";"2020";"14:42";"1";"29";"29019";"2";"6";"1";"3";"RP de Cadix - Avenue Victor le Gorgeu";"48,3986010";" -4,4942599"
"202000033224";"29";"5";"2020";"20:45";"2";"33";"33300";"1";"1";"1";"7";"RD101 _ Route des Lacs";"45,2675400";" -1,0801600"
"202000033225";"1";"8";"2020";"19:45";"2";"71";"71014";"2";"1";"1";"4";"Rue des Fusiliers Marins";"46,9571252";"4,3065917"
"202000033226";"3";"6";"2020";"07:20";"1";"33";"33501";"2";"3";"1";"1";"Avenue Charles de Gaulle";"44,6501900";" -0,5961700"
"202000033227";"1";"8";"2020";"22:15";"3";"55";"55398";"1";"1";"1";"1";"RN 4 PK 60 + 0500 sens Paris-Nancy zone de travaux";"48,6839090";"5,7302120"
"202000033228";"3";"6";"2020";"00:20";"3";"22";"22143";"1";"1";"1";"7";"D794";"48,5886370";" -2,2889970"
"202000033229";"1";"8";"2020";"23:15";"5";"46";"46029";"2";"1";"1";"7";"33 Rue des Ecoles";"44,9261310";"1,8507560"
"202000033230";"3";"6";"2020";"09:15";"1";"27";"27188";"2";"1";"1";"7";"20 Rue du Vauchel";"49,3048057";"1,0895294"
"202000033231";"31";"7";"2020";"21:50";"2";"86";"86145";"1";"1";"1";"1";"Lieu dit L'Ansart";"46,4637280";"0,1935310"
"202000033232";"28";"9";"2020";"18:27";"1";"23";"23096";"2";"1";"1";"6";"STALINGRAD (RUE DE)";"46,1748500";"1,8736000"
"202000033233";"1";"8";"2020";"20:58";"5";"68";"68374";"2";"1";"6";"7";"Rue Principale";"48,0599550";"7,2332740"
"202000033234";"2";"8";"2020";"16:45";"1";"22";"22100";"1";"1";"1";"7";"21 Le Montrel";"48,2744820";" -2,6536380"
"202000033235";"26";"5";"2020";"16:25";"1";"57";"57323";"2";"5";"1";"3";"Route de Thionville";"49,3975340";"6,1628370"
"202000033236";"2";"8";"2020";"16:30";"1";"39";"39397";"2";"3";"8";"3";"N/A";"46,5234290";"5,6163640"
"202000033237";"29";"9";"2020";"21:15";"5";"13";"13213";"2";"1";"1";"2";"JEAN PAUL SARTRE (AVENUE)";"43,3266500";"5,4252600"
"202000033238";"2";"6";"2020";"06:24";"2";"13";"13019";"1";"1";"2";"7";"A51-Sens Aix en Provence vers Marseille";"43,4202000";"5,3675000"
"202000033239";"31";"7";"2020";"10:30";"1";"25";"25021";"2";"3";"1";"3";"grande rue";"47,0317150";"5,7786480"
"202000033240";"31";"5";"2020";"16:40";"1";"59";"59195";"1";"1";"1";"6";"ROUTE DEPARTEMENTALE 552";"50,6282970";"2,9611990"
"202000033241";"28";"9";"2020";"16:50";"1";"13";"13208";"2";"1";"1";"3";"PRADO (AVENUE DU)";"43,2727060";"5,3915244"
"202000033242";"2";"8";"2020";"00:30";"3";"44";"44088";"1";"1";"1";"6";"La Pepiere";"47,1062331";" -1,4120337"
"202000033243";"30";"5";"2020";"02:30";"4";"59";"59507";"1";"1";"1";"2";"AUTOROUTE A27";"50,5956777";"3,1027848"
"202000033244";"31";"7";"2020";"23:00";"5";"29";"29011";"2";"1";"1";"6";"Chemin de Pont-Aliben";"48,4113722";" -4,5269854"
"202000033245";"2";"6";"2020";"17:00";"1";"93";"93053";"1";"1";"1";"4";"AUTOROUTE A103";"48,8870060";"2,4750514"
"202000033246";"1";"8";"2020";"11:45";"1";"03";"03254";"2";"6";"1";"6";"Route de Varennes";"46,3057581";"3,2973518"
"202000033247";"28";"9";"2020";"12:36";"1";"10";"10387";"2";"6";"2";"3";"ROBERT GALLEY (RUE)";"48,2895400";"4,0671400"
"202000033248";"2";"8";"2020";"12:45";"1";"15";"15205";"1";"1";"8";"6";"D680";"45,1571360";"2,5772810"
"202000033249";"2";"6";"2020";"07:40";"1";"94";"94017";"1";"1";"1";"4";"A4";"48,8289035";"2,4794072"
"202000033250";"29";"9";"2020";"18:15";"1";"06";"06069";"2";"9";"1";"2";"SIDI BRAHIM (AVENUE)";"43,6491900";"6,9339940"
"202000033251";"1";"8";"2020";"20:15";"1";"15";"15006";"1";"1";"1";"7";"RD 22";"45,2159360";"2,4329350"
"202000033252";"1";"6";"2020";"10:50";"1";"974";"97407";"2";"2";"1";"2";"CARPAYE(AVENUE)";" -20,9455400";"55,2983000"
"202000033253";"29";"9";"2020";"16:45";"1";"06";"06123";"2";"1";"1";"6";"PUGETS ROUTE DES";"43,6936300";"7,1835500"
"202000033254";"2";"8";"2020";"14:00";"1";"15";"15196";"1";"1";"1";"5";"N122";"44,8575300";"2,2878010"
"202000033255";"28";"5";"2020";"17:30";"1";"69";"69384";"2";"3";"1";"1";"PHILIPPE DE LASSALLE                (R )";"45,7835560";"4,8207953"
"202000033256";"28";"9";"2020";"16:35";"1";"05";"05061";"2";"1";"1";"3";"GEORGES POMPIDOU ( BD)";"44,5565457";"6,0796908"
"202000033257";"28";"9";"2020";"10:57";"1";"05";"05061";"2";"1";"1";"6";"ELISEE ( RUE DE L' )";"44,5589048";"6,0806014"
"202000033258";"1";"6";"2020";"17:35";"1";"971";"97101";"2";"1";"1";"1";"DOTHEMARE";"16,2690723";" -61,5057564"
"202000033259";"2";"8";"2020";"12:40";"1";"01";"01230";"1";"1";"1";"5";"D975";"46,4202350";"5,1007890"
"202000033260";"1";"8";"2020";"18:15";"1";"26";"26108";"1";"1";"6";"7";"D93";"44,7400730";"5,0023410"
"202000033261";"28";"9";"2020";"09:43";"1";"05";"05061";"2";"3";"1";"7";"JEAN JAURES ( AVENUE )";"44,5484100";"6,0667900"
"202000033262";"2";"8";"2020";"14:55";"1";"58";"58305";"1";"1";"1";"6";"D977bis";"47,2268470";"3,8328900"
"202000033263";"31";"5";"2020";"11:00";"1";"91";"91421";"1";"1";"7";"6";"CHATEAU (ROUTE FORESTIERE DU)";"48,6926220";"2,4661190"
"202000033264";"29";"9";"2020";"17:15";"1";"75";"75120";"2";"5";"2";"1";"AVENUE GAMBETTA";"48,8683250";"2,4014350"
"202000033265";"2";"8";"2020";"13:10";"1";"72";"72109";"1";"2";"1";"1";"RD304 / D103";"48,1596450";" -0,0823970"
"202000033266";"1";"6";"2020";"19:45";"1";"91";"91174";"2";"1";"1";"6";"strathkelvin (avenue de )";"48,6179080";"2,4649400"
"202000033267";"1";"8";"2020";"20:00";"1";"14";"14305";"2";"1";"1";"5";"D513";"49,3017120";" -0,0397500"
"202000033268";"29";"9";"2020";"09:50";"1";"75";"75120";"2";"7";"2";"7";"PLACE GAMBETTA";"48,8650520";"2,3985990"
"202000033269";"1";"6";"2020";"16:00";"1";"77";"77337";"2";"1";"1";"6";"DEUX PARCS (COURS DES)";"48,8486000";"2,6158000"
"202000033270";"1";"8";"2020";"21:10";"1";"50";"50266";"1";"1";"7";"3";"Troche";"48,9296260";" -1,3958380"
"202000033271";"29";"9";"2020";"18:20";"1";"75";"75119";"2";"2";"2";"6";"BOULEVARD D ALGERIE";"48,8836470";"2,3969800"
"202000033272";"31";"5";"2020";"19:55";"1";"69";"69029";"2";"4";"1";"3";"FRANKLIN ROOSEVELT                  (AV)";"45,7361200";"4,9013300"
"202000033273";"2";"8";"2020";"04:30";"3";"60";"60275";"1";"1";"1";"6";"D95";"49,4974866";"1,9139471"
"202000033274";"28";"9";"2020";"13:55";"1";"75";"75118";"2";"1";"2";"3";"AVENUE DE LA PORTE DE MONTMARTRE";"48,8985240";"2,3368150"
"202000033275";"1";"8";"2020";"01:00";"3";"45";"45313";"1";"1";"1";"6";"Villesevreux";"48,0693470";"1,7985280"
"202000033276";"1";"6";"2020";"14:40";"1";"68";"68376";"2";"2";"1";"3";"Rue de Soultz";"47,7984000";"7,3131500"
"202000033277";"1";"8";"2020";"14:20";"1";"18";"18289";"2";"3";"1";"3";"14 Route d'Osmery";"46,9721090";"2,5880430"
"202000033278";"30";"5";"2020";"11:45";"1";"65";"65286";"2";"1";"1";"6";"MARQUI (AVENUE ALEXANDRE)";"43,1030600";" -0,0430900"
"202000033279";"1";"6";"2020";"11:25";"1";"64";"64189";"2";"1";"1";"1";"BENOIT PIERRE (BOULEVARD)";"43,3882580";" -1,6784139"
"202000033280";"1";"8";"2020";"22:52";"5";"10";"10323";"2";"1";"1";"6";"Rue Herbesace (Pont)";"48,5081860";"3,7455280"
"202000033281";"1";"6";"2020";"17:30";"1";"64";"64024";"2";"1";"1";"1";"MONTBRUN (AVENUE DE)";"43,5015000";" -1,5040500"
"202000033282";"2";"8";"2020";"12:30";"1";"07";"07165";"1";"1";"8";"7";"RD 578";"44,9257440";"4,4777710"
"202000033283";"31";"5";"2020";"19:40";"1";"59";"59324";"1";"1";"1";"6";"VOIE RAPIDE JEUMONT / MAUBEUGE";"50,3060800";"4,0878800"
"202000033284";"2";"8";"2020";"10:45";"1";"53";"53121";"2";"1";"1";"7";"37 Grande Rue";"48,4180720";" -0,3360920"
"202000033285";"29";"9";"2020";"13:45";"1";"75";"75117";"2";"2";"2";"2";"BOULEVARD DE COURCELLES";"48,8808580";"2,3125420"
"202000033286";"1";"6";"2020";"15:30";"1";"57";"57463";"2";"1";"1";"6";"LOTHAIRE (RUE )";"49,1002000";"6,1789700"
"202000033287";"29";"9";"2020";"13:10";"1";"75";"75117";"2";"1";"2";"2";"BOULEVARD DU FORT DE VAUX";"48,8919970";"2,3019520"
"202000033288";"29";"9";"2020";"10:15";"1";"75";"75117";"2";"2";"8";"6";"BOULEVARD PEREIRE";"48,8875330";"2,3074830"
"202000033289";"31";"5";"2020";"20:00";"1";"57";"57751";"2";"6";"1";"6";"THIONVILLE (AVENUE )";"49,1518900";"6,1581000"
"202000033290";"29";"9";"2020";"19:30";"5";"75";"75116";"2";"1";"1";"2";"RUE DE LA POMPE";"48,8671320";"2,2805460"
"202000033291";"1";"6";"2020";"15:55";"1";"51";"51454";"2";"1";"1";"6";"Rue Blondel";"49,2698182";"4,0277944"
"202000033292";"2";"8";"2020";"13:00";"1";"53";"53216";"2";"3";"1";"2";"Rue des Fresnots";"48,3493620";" -0,5795280"
"202000033293";"1";"6";"2020";"09:40";"1";"38";"38185";"2";"1";"1";" -1";"Rue Auguste Ravier";"45,1830600";"5,7381900"
"202000033294";"1";"6";"2020";"18:25";"1";"35";"35278";"2";"6";"7";"1";"LONGERAIE (RUE DE LA)";"48,1371400";" -1,6894400"
"202000033295";"31";"7";"2020";"16:20";"1";"40";"40194";"2";"1";"1";"7";"169 Place du Foirail";"43,7112770";" -0,8401910"
"202000033296";"1";"6";"2020";"21:40";"1";"34";"34129";"1";"1";"1";"3";"PALAVAS D986 (ROUTE DE)";"43,5724900";"3,8961300"
"202000033297";"29";"9";"2020";"09:40";"1";"75";"75116";"2";"1";"2";"3";"ALLEE DE LA REINE MARGUERITE";"48,8543460";"2,2421260"
"202000033298";"2";"8";"2020";"08:15";"1";"40";"40211";"1";"1";"1";"3";"D17";"43,6502210";" -1,1803220"
"202000033299";"1";"6";"2020";"06:35";"1";"34";"34172";"2";"1";"1";"6";"LIBERTE (AVENUE DE LA";"43,6093100";"3,8378900"
"202000033300";"29";"9";"2020";"09:00";"2";"75";"75115";"2";"3";"2";"3";"BOULEVARD LEFEBVRE";"48,8283630";"2,3030460"
"202000033301";"1";"6";"2020";"16:15";"1";"13";"13207";"2";"1";"1";"5";"Corniche John Fitzgérald Kennedy";"43,2883200";"5,3529900"
"202000033302";"29";"9";"2020";"09:15";"1";"75";"75115";"2";"1";"2";"7";"RUE DE LA CROIX NIVERT";"48,8471770";"2,3004950"
"202000033303";"1";"6";"2020";"14:30";"1";"13";"13211";"2";"1";"1";"2";"JEAN LOMBARD (AVENUE)";"43,2889677";"5,4321760"
"202000033304";"28";"9";"2020";"21:28";"5";"75";"75115";"2";"1";"1";"6";"BOULEVARD DE GRENELLE";"48,8507290";"2,2930850"
"202000033305";"29";"9";"2020";"22:30";"5";"75";"75113";"2";"7";"1";"3";"PLACE VALHUBERT";"48,8436570";"2,3650580"
"202000033306";"1";"6";"2020";"11:50";"1";"13";"13202";"2";"3";"1";"3";"PEYSSONNEL (RUE)";"43,3153800";"5,3681900"
"202000033307";"2";"8";"2020";"04:10";"3";"24";"24156";"1";"1";"1";"7";"La Petite Veyriere";"45,0832560";"0,8364740"
"202000033308";"1";"6";"2020";"07:20";"1";"13";"13208";"2";"1";"1";"7";"GOUDES (CHEMIN DES)";"43,2300785";"5,3548104"
"202000033309";"2";"8";"2020";"13:00";"1";"85";"85234";"1";"1";"1";"6";"Route de la Grande Borderie";"46,8325600";" -2,0837600"
"202000033310";"29";"9";"2020";"08:50";"1";"75";"75112";"2";"7";"2";"7";"BOULEVARD DE BERCY";"48,8404040";"2,3789420"
"202000033311";"1";"6";"2020";"11:35";"1";"06";"06088";"2";"3";"1";" -1";"SAINT-JOSEPH (AV.)";"43,7064900";"7,2560800"
"202000033312";"28";"9";"2020";"20:45";"5";"75";"75112";"2";"1";"1";"2";"BOULEVARD DIDEROT";"48,8456070";"2,3718310"
"202000033313";"29";"9";"2020";"14:40";"1";"75";"75111";"2";"3";"2";"3";"AVENUE DE LA REPUBLIQUE";"48,8667520";"2,3668160"
"202000033314";"1";"8";"2020";"18:40";"1";"85";"85232";"1";"2";"1";"1";"D7";"46,6890740";" -1,1832190"
"202000033315";"1";"8";"2020";"14:35";"1";"37";"37226";"1";"1";"1";"1";"N/A";"47,0897669";"0,5949714"
"202000033316";"29";"9";"2020";"14:30";"1";"75";"75111";"2";"2";"2";"3";"BOULEVARD VOLTAIRE";"48,8559240";"2,3832730"
"202000033317";"7";"7";"2020";"18:00";"1";"30";"30077";"1";"9";"1";"2";"D916";"44,1480860";"4,0579970"
"202000033318";"31";"5";"2020";"12:41";"1";"06";"06004";"2";"9";"7";"7";"WILSON BD";"43,5782400";"7,1192200"
"202000033319";"29";"9";"2020";"07:55";"1";"75";"75111";"2";"1";"2";"3";"AVENUE PHILIPPE AUGUSTE";"48,8503280";"2,3947380"
"202000033320";"1";"8";"2020";"17:15";"1";"48";"48012";"1";"1";"1";"7";"Lieu dit La Fouillouse";"44,8443070";"3,2046180"
"202000033321";"30";"5";"2020";"11:55";"1";"05";"05061";"2";"1";"1";"3";"GEORGES POMPIDOU ( BD)";"44,5577200";"6,0817600"
"202000033322";"28";"9";"2020";"13:15";"1";"75";"75109";"2";"3";"1";"2";"BOULEVARD DE CLICHY";"48,8829740";"2,3348760"
"202000033323";"29";"5";"2020";"16:45";"1";"05";"05061";"2";"1";"4";"2";"GEORGES POMPIDOU ( BD)";"44,5589800";"6,0835600"
"202000033324";"28";"9";"2020";"13:15";"1";"75";"75108";"2";"1";"2";"7";"COURS ALBERT 1ER";"48,8646220";"2,3064610"
"202000033325";"2";"8";"2020";"02:57";"3";"19";"19201";"1";"1";"1";"6";"A89";"45,5156400";"2,3194240"
"202000033326";"31";"5";"2020";"09:40";"1";"75";"75112";"2";"1";"1";"3";"BD PERIPHERIQUE EXTERIEUR";"48,8274660";"2,3923120"
"202000033327";"29";"9";"2020";"19:40";"5";"75";"75108";"2";"1";"2";"6";"PLACE DE LA CONCORDE";"48,8656160";"2,3217650"
"202000033328";"1";"6";"2020";"18:43";"1";"75";"75119";"2";"1";"1";"6";"RUE CURIAL";"48,8908750";"2,3720300"
"202000033329";"31";"7";"2020";"18:35";"2";"973";"97307";"1";"3";"1";"3";"N1";"4,8923590";" -52,3484370"
"202000033330";"27";"9";"2020";"08:15";"2";"75";"75101";"2";"7";"2";"6";"PLACE DU MARCHE SAINT HONORE";"48,8673730";"2,3324530"
"202000033331";"1";"6";"2020";"15:50";"1";"75";"75119";"2";"1";"1";"6";"RUE MANIN";"48,8825800";"2,3829970"
"202000033332";"1";"6";"2020";"15:16";"1";"75";"75119";"2";"2";"1";"6";"AVENUE SIMON BOLIVAR";"48,8778350";"2,3740970"
"202000033333";"29";"9";"2020";"08:00";"1";"94";"94081";"2";"2";"3";"3";"JEAN JAURES (AV)";"48,7942500";"2,4016600"
"202000033334";"31";"5";"2020";"20:45";"1";"75";"75119";"2";"1";"1";"3";"BOULEVARD SERURIER";"48,8782234";"2,4033518"
"202000033335";"29";"9";"2020";"07:50";"1";"94";"94067";"2";"1";"2";"6";"JEANNE D'ARC (R)";"48,8406310";"2,4184140"
"202000033336";"1";"6";"2020";"00:30";"5";"75";"75118";"2";"2";"1";"6";"BOULEVARD NEY";"48,8977307";"2,3290318"
"202000033337";"2";"8";"2020";"04:35";"3";"68";"68300";"1";"1";"1";" -1";"D201";"47,7759670";"7,3892180"
"202000033338";"1";"6";"2020";"22:00";"2";"75";"75116";"2";"3";"1";"6";"BOULEVARD MURAT";"48,8444020";"2,2570430"
"202000033339";"1";"6";"2020";"17:30";"1";"75";"75116";"2";"2";"1";"2";"AVENUE GEORGES MANDEL";"48,8634950";"2,2815750"
"202000033340";"29";"5";"2020";"11:00";"1";"75";"75107";"2";"3";"1";"3";"QUAI BRANLY";"48,8574954";"2,2910163"
"202000033341";"29";"9";"2020";"16:40";"1";"94";"94074";"2";"1";"2";"3";"CHAMP SAINT-JULIEN (AV DU)";"48,7479480";"2,4593130"
"202000033342";"1";"6";"2020";"10:00";"1";"75";"75114";"2";"2";"1";"2";"AVENUE DU GENERAL LECLERC";"48,8300600";"2,3288180"
"202000033343";"29";"9";"2020";"18:10";"2";"94";"94046";"2";"1";"8";"6";"PARMENTIER (R)";"48,8020000";"2,4321000"
"202000033344";"29";"9";"2020";"20:00";"5";"94";"94016";"2";"1";"2";"4";"GABRIEL PERI (R)";"48,7962000";"2,3430000"
"202000033345";"1";"6";"2020";"20:15";"2";"75";"75111";"2";"4";"1";"3";"RUE FAIDHERBE";"48,8533474";"2,3827508"
"202000033346";"29";"9";"2020";"09:10";"1";"94";"94041";"2";"1";"8";"6";"GEORGES GOSNAT (AV)";"48,8114000";"2,3841000"
"202000033347";"2";"8";"2020";"00:20";"3";"69";"69086";"1";"1";"1";"5";"A89";"45,8475160";"4,6728370"
"202000033348";"1";"6";"2020";"13:50";"1";"75";"75111";"2";"4";"1";"3";"BOULEVARD BEAUMARCHAIS";"48,8540410";"2,3689260"
"202000033349";"29";"9";"2020";"19:30";"5";"94";"94021";"2";"1";"1";"2";"STALINGRAD (AV DE)";"48,7698370";"2,3678670"
"202000033350";"31";"7";"2020";"18:30";"5";"987";"98745";"1";"1";"1";"1";"Potouru";" -16,6308330";" -151,5040280"
"202000033351";"1";"6";"2020";"01:00";"5";"75";"75103";"2";"3";"1";"6";"RUE DES FONTAINES DU TEMPLE";"48,8653960";"2,3604230"
"202000033352";"29";"9";"2020";"12:35";"1";"94";"94033";"2";"1";"2";"6";"CHARLES GARCIA (AV)";"48,8561500";"2,4820900"
"202000033353";"1";"8";"2020";"17:00";"1";"74";"74042";"1";"1";"1";"2";"A40";"46,0703130";"6,4321520"
"202000033354";"29";"9";"2020";"06:40";"5";"94";"94033";"2";"1";"2";"6";"MARECHAL DE LATTRE DE TASSIGNY (AV DU)";"48,8569560";"2,4919130"
"202000033355";"29";"9";"2020";"17:30";"1";"94";"94069";"2";"9";"2";"3";"EUGENE DELACROIX (R)";"48,8233240";"2,4212080"
"202000033356";"2";"8";"2020";"08:24";"1";"13";"13087";"1";"1";"1";"5";"A8";"43,4697400";"5,6546650"
"202000033357";"29";"9";"2020";"08:20";"1";"94";"94017";"2";"1";"2";"3";"BOIS L ABBE (R DU)";"48,8107700";"2,5409100"
"202000033358";"29";"9";"2020";"14:30";"1";"94";"94075";"1";"3";"2";"5";"MARECHAL DELATTRE DE TASSIGNY (AV)";"48,7345840";"2,5199300"
"202000033359";"1";"6";"2020";"18:35";"1";"75";"75104";"2";"1";"1";"3";"BOULEVARD DE SEBASTOPOL";"48,8609630";"2,3496270"
"202000033360";"1";"6";"2020";"16:00";"1";"93";"93050";"2";"3";"1";"6";"HUIT MAI 1945";"48,8660800";"2,5343000"
"202000033361";"1";"8";"2020";"01:40";"5";"987";"98733";"2";"3";"1";"3";"Pk 24 entrée servitude VAITUPA";" -17,7104670";" -149,5835350"
"202000033362";"1";"6";"2020";"18:04";"1";"93";"93046";"2";"1";"1";"4";"EUROPE BOULEVARD DE L'";"48,9279952";"2,5517529"
"202000033363";"1";"8";"2020";"02:45";"3";"971";"97119";"1";"1";"1";"6";"Girard";"16,3691650";" -61,4348600"
"202000033364";"1";"6";"2020";"14:00";"1";"93";"93074";"1";"1";"1";"2";"Route Nationale 3";"48,9346986";"2,5781553"
"202000033365";"31";"7";"2020";"19:15";"1";"06";"06091";"2";"1";"1";" -1";"Boulevard Aristide Briand";"43,8033100";"7,4004020"
"202000033366";"29";"9";"2020";"20:45";"5";"93";"93078";"2";"1";"1";"2";"TREMBLAY (ROUTE DE)";"48,9850000";"2,5238000"
"202000033367";"30";"5";"2020";"22:40";"5";"93";"93071";"2";"9";"1";"3";"JEAN HEMMEN (RUE)";"48,9431600";"2,5381100"
"202000033368";"2";"8";"2020";"18:05";"1";"73";"73211";"1";"1";"1";"5";"D925";"45,7138020";"6,4429070"
"202000033369";"2";"8";"2020";"12:25";"1";"69";"69278";"2";"9";"1";"3";"1463 Route de Trévoux";"45,8973855";"4,8192122"
"202000033370";"1";"8";"2020";"12:45";"1";"33";"33394";"2";"1";"1";"2";"Lieu Dit le Chatelet Sud";"44,8973131";" -0,1586055"
"202000033371";"1";"8";"2020";"18:00";"1";"27";"27546";"1";"1";"1";"1";"11 Route de la Vallée";"49,0921360";"1,1371600"
"202000033372";"1";"8";"2020";"17:00";"1";"27";"27448";"2";"9";"1";"3";"108 Rue Edouard Isambard";"49,0129280";"1,3893790"
"202000033373";"29";"9";"2020";"15:00";"1";"93";"93064";"2";"1";"2";"3";"ALSACE-LORRAINE (BOULEVARD)";"48,8845966";"2,4838635"
"202000033374";"1";"8";"2020";"15:05";"1";"13";"13005";"1";"1";"1";"7";"A502-Sens Aubagne vers Toulon par R.N.";"43,2839000";"5,5926000"
"202000033375";"29";"9";"2020";"21:45";"5";"93";"93051";"2";"4";"2";"3";"LEVANT (BD)";"48,8388100";"2,5488300"
"202000033376";"29";"9";"2020";"16:30";"1";"93";"93051";"2";"9";"2";"6";"PIERRE BROSSOLETTE";"48,8487000";"2,5513400"
"202000033377";"31";"7";"2020";"19:10";"1";"13";"13001";"1";"1";"1";"2";"A51-Sens Marseille vers Aix en Provence";"43,5261900";"5,4268900"
"202000033378";"31";"7";"2020";"21:10";"1";"13";"13215";"1";"1";"1";"3";"A7-Sens Marseille vers Lyon";"43,3744553";"5,3607640"
"202000033379";"1";"8";"2020";"15:29";"1";"91";"91689";"1";"1";"1";"3";"AUTOROUTE A6B";"48,7453580";"2,3236160"
"202000033380";"31";"7";"2020";"16:08";"1";"94";"94003";"1";"1";"8";"7";"AUTOROUTE A6A";"48,8082385";"2,3401176"
"202000033381";"1";"8";"2020";"14:15";"1";"93";"93010";"1";"1";"1";"4";"AUTOROUTE A86";"48,8980800";"2,4696600"
"202000033382";"1";"8";"2020";"14:15";"1";"95";"95306";"1";"1";"1";"7";"AUTOROUTE A15";"48,9960700";"2,1840200"
"202000033383";"1";"6";"2020";"20:17";"2";"92";"92050";"2";"1";"1";"2";"BOUVETS BOULEVARD DES";"48,8969994";"2,2236224"
"202000033384";"29";"9";"2020";"12:15";"1";"93";"93051";"2";"4";"2";"3";"EMILE COSSONNEAU (AVE)";"48,8494600";"2,5667000"
"202000033385";"29";"9";"2020";"07:20";"5";"93";"93050";"2";"2";"2";"6";"LOUIS ARMAND (RUE)";"48,8650070";"2,5202460"
"202000033386";"1";"6";"2020";"20:20";"1";"92";"92048";"2";"1";"1";"3";"ROBERT SCHUMAN (AVENUE)";"48,7881000";"2,2348000"
"202000033387";"29";"9";"2020";"16:00";"1";"93";"93027";"1";"1";"2";" -1";"AV ROGER SALENGRO";"48,9381200";"2,3885200"
"202000033388";"29";"9";"2020";"18:10";"1";"93";"93007";"2";"1";"2";"2";"8 MAI 45 (AVENUE DU 1 AU 182)";"48,9419342";"2,4322882"
"202000033389";"29";"9";"2020";"17:30";"1";"93";"93005";"1";"1";"1";"2";"PAUL CEZANNE (RUE)";"48,9548500";"2,5103500"
"202000033390";"1";"6";"2020";"14:50";"1";"92";"92044";"2";"2";"1";"3";"BAUDIN (RUE) 1A25 ET 2A34";"48,8953700";"2,2789700"
"202000033391";"29";"9";"2020";"02:52";"3";"92";"92072";"2";"1";"1";"6";"SAINT CLOUD (RUE DE)";"48,8295564";"2,2240241"
"202000033392";"29";"9";"2020";"10:20";"1";"92";"92064";"2";"9";"2";"7";"GEORGES CLEMENCEAU";"48,8413100";"2,2229600"
"202000033393";"26";"9";"2020";"23:57";"5";"92";"92050";"2";"2";"2";"3";"VAILLANT COUTURIER PAUL RUE";"48,8825056";"2,2044398"
"202000033394";"1";"6";"2020";"09:30";"1";"92";"92071";"2";"3";"1";"6";"ROOSEVELT PRESIDENT F (AVE DU)";"48,7779626";"2,3033395"
"202000033395";"1";"8";"2020";"05:45";"5";"93";"93073";"1";"1";"1";"2";"AUTOROUTE A104";"48,9676000";"2,5631900"
"202000033396";"29";"9";"2020";"18:10";"1";"92";"92020";"2";"1";"1";"6";"PINSON RUE FRANCOIS";"48,8071808";"2,2806431"
"202000033397";"29";"9";"2020";"15:30";"1";"92";"92049";"2";"1";"8";"7";"MARNE AVENUE DE LA";"48,8159204";"2,3067822"
"202000033398";"29";"9";"2020";"09:14";"1";"92";"92044";"2";"1";"2";"2";"LEVALLOIS( PONT DE)";"48,8995310";"2,2781980"
"202000033399";"27";"9";"2020";"18:55";"1";"92";"92025";"2";"2";"8";"1";"PAUL BERT (RUE)";"48,9308900";"2,2444000"
"202000033400";"29";"9";"2020";"13:30";"1";"92";"92024";"2";"1";"2";"7";"MARTRE (RUE) DE (59 A 109)   (58 A 120)";"48,9048100";"2,3043100"
"202000033401";"30";"9";"2020";"15:20";"1";"86";"86174";"2";"1";"1";"2";"Avenue de Bordeaux";"46,7601190";"0,4909930"
"202000033402";"19";"9";"2020";"14:30";"1";"57";"57365";"1";"1";"1";"7";"D956";"49,3996640";"6,4222010"
"202000033403";"29";"9";"2020";"22:57";"5";"21";"21642";"1";"1";"1";"1";"A6";"47,4903440";"4,1358480"
"202000033404";"30";"9";"2020";"16:55";"1";"67";"67283";"2";"1";"1";"3";"Rue du Mal de Lattre de Tassigny";"48,6911600";"7,3804650"
"202000033405";"29";"9";"2020";"16:45";"1";"26";"26333";"2";"9";"1";"2";"Route de Valence";"45,1736270";"4,8139000"
"202000033406";"2";"6";"2020";"10:16";"1";"02";"02776";"1";"1";"1";"2";"A26";"50,0010250";"3,1794650"
"202000033407";"1";"8";"2020";"16:45";"1";"77";"77249";"1";"1";"1";" -1";"RN104";"48,7324300";"2,6099200"
"202000033408";"1";"6";"2020";"14:15";"1";"972";"97210";"1";"1";"1";"1";"D6";"14,5801780";" -60,9282020"
"202000033409";"23";"9";"2020";"10:10";"1";"68";"68315";"2";"3";"1";"3";"70 Route de Guebwiller";"47,8922140";"7,2260080"
"202000033410";"29";"9";"2020";"19:45";"3";"60";"60279";"1";"1";"2";"6";"D1324";"49,2348366";"2,9417459"
"202000033411";"1";"8";"2020";"00:33";"3";"93";"93051";"1";"1";"1";"2";"A4";"48,8340929";"2,5827350"
"202000033412";"29";"9";"2020";"23:10";"3";"85";"85215";"2";"1";"1";"6";"21 Rue des Mauges";"46,8547900";" -1,1754380"
"202000033413";"1";"6";"2020";"15:45";"1";"87";"87122";"1";"1";"3";"7";"A20";"46,0595640";"1,3610600"