"Num_Acc";"jour";"mois";"an";"hrmn";"lum";"dep";"com";"agg";"int";"atm";"col";"adr";"lat";"long"
"202000033414";"31";"7";"2020";"08:15";"1";"94";"94073";"1";"1";"1";"2";"A86 EXT";"48,7688460";"2,3791999"
"202000033415";"11";"9";"2020";"18:32";"1";"34";"34123";"1";"1";"1";" -1";"N109";"43,6070900";"3,8192080"
"202000033416";"20";"5";"2020";"15:00";"1";"64";"64445";"2";"3";"1";"6";"BERLIOZ";"43,3117800";" -0,3458900"
"202000033417";"30";"9";"2020";"08:25";"1";"91";"91617";"2";"1";"8";"1";"Route de Lieusaint";"48,6353190";"2,5292370"
"202000033418";"30";"9";"2020";"15:10";"1";"51";"51662";"1";"1";"1";"3";"A34";"49,2933073";"4,1292878"
"202000033419";"2";"6";"2020";"13:50";"1";"51";"51507";"2";"1";"1";"7";"1 Rue Chanzy";"49,0923296";"4,8971376"
"202000033420";"29";"9";"2020";"07:45";"1";"82";"82186";"2";"3";"1";"3";"Residence du Pontus";"44,1148780";"0,8942160"
"202000033421";"31";"7";"2020";"08:20";"1";"974";"97416";"2";"1";"1";"3";"PRESIDENT MITTERAND(AVENUE)";" -21,3445500";"55,4841400"
"202000033422";"30";"9";"2020";"15:40";"1";"63";"63211";"1";"1";"1";"3";"Les Quatre Routes";"45,4636000";"3,7254000"
"202000033423";"31";"5";"2020";"10:25";"1";"51";"51555";"1";"1";"1";"7";"D12";"48,7418706";"4,3089799"
"202000033424";"31";"7";"2020";"13:05";"1";"974";"97411";"2";"1";"1";"6";"VICTOIRE (AVENUE DE LA)";" -20,8773431";"55,4480892"
"202000033425";"29";"9";"2020";"07:45";"1";"61";"61457";"1";"1";"8";"1";"D13";"48,7803730";"0,5534360"
"202000033426";"2";"6";"2020";"09:00";"1";"74";"74208";"2";"3";"1";"3";"Rue des Prés Moulin";"45,9196730";"6,7141750"
"202000033427";"31";"7";"2020";"11:55";"1";"974";"97411";"2";"3";"1";"5";"JAURES (BOULEVARD JEAN)";" -20,8887800";"55,4488370"
"202000033428";"29";"9";"2020";"23:45";"3";"41";"41095";"1";"1";"2";"7";"Route Nationale 10";"47,9082920";"1,1893480"
"202000033429";"1";"6";"2020";"16:15";"1";"76";"76132";"2";"1";"1";" -1";"947 Grand Rue";"49,6792780";"0,9401040"
"202000033430";"31";"7";"2020";"07:30";"1";"974";"97411";"2";"1";"1";"6";"BOIS DE NEFLES (RUE DU)";" -20,8884000";"55,4584000"
"202000033431";"29";"9";"2020";"16:45";"1";"68";"68258";"1";"3";"1";"1";"D2";"47,8269290";"7,2867340"
"202000033432";"2";"6";"2020";"18:00";"1";"2B";"2B207";"1";"9";"1";"2";"Lot Ducret";"42,4574670";"9,5012370"
"202000033433";"31";"7";"2020";"17:25";"1";"69";"69387";"2";"2";"1";"3";"JULES BRUNARD                       (R )";"45,7487200";"4,8579000"
"202000033434";"27";"9";"2020";"03:49";"5";"84";"84057";"1";"1";"1";"6";"D102A";"43,9283410";"5,2524840"
"202000033435";"30";"7";"2020";"20:45";"1";"69";"69388";"2";"1";"1";"2";"EPARGNE (DE L')                     (R )";"45,7426200";"4,8574700"
"202000033436";"31";"7";"2020";"07:15";"1";"972";"97213";"1";"1";"2";"6";"ROUTE NATIONALE 5";"14,5940600";" -60,9841000"
"202000033437";"29";"9";"2020";"16:30";"1";"03";"03264";"2";"3";"1";"3";"Rue de Stalingrad";"46,0656447";"3,4554335"
"202000033438";"1";"6";"2020";"11:15";"1";"82";"82134";"1";"2";"7";"5";"3755 Route de Montricoux";"44,0787760";"1,5801220"
"202000033439";"29";"9";"2020";"08:50";"1";"03";"03031";"1";"1";"1";"6";"N/A";"46,4093223";"2,7458442"
"202000033440";"31";"7";"2020";"22:30";"5";"95";"95680";"2";"3";"1";"6";"ALEXIS VARAGNE ( RUE)";"49,0034000";"2,4143300"
"202000033441";"31";"5";"2020";"12:50";"1";"63";"63138";"1";"1";"1";"6";"route de l'olliere";"45,8874950";"3,5028630"
"202000033442";"1";"6";"2020";"18:00";"1";"63";"63363";"1";"1";"1";"7";"La barre";"45,8824329";"2,7609962"
"202000033443";"2";"6";"2020";"15:01";"1";"61";"61133";"1";"3";"1";"6";"Lieu Dit le Parquet";"48,6207850";"0,3356180"
"202000033444";"2";"6";"2020";"16:20";"1";"55";"55348";"1";"1";"1";"7";"D132";"48,5352150";"5,2307590"
"202000033445";"30";"9";"2020";"12:10";"1";"54";"54337";"2";"1";"2";"1";"RD 156";"49,3566700";"5,8712240"
"202000033446";"1";"6";"2020";"15:00";"1";"41";"41177";"1";"1";"1";"7";"LA RAITE";"48,0671970";"0,8735850"
"202000033447";"30";"9";"2020";"12:10";"1";"72";"72057";"2";"9";"1";"1";"D302";"48,0714410";"0,7348560"
"202000033448";"31";"5";"2020";"14:15";"1";"39";"39436";"1";"1";"1";"7";"N/A";"46,8896220";"5,8935210"
"202000033449";"30";"9";"2020";"17:10";"1";"50";"50419";"2";"2";"3";"3";"rue du mont saint michel";"48,9703160";" -1,4680270"
"202000033450";"30";"7";"2020";"19:30";"1";"91";"91021";"2";"1";"1";"6";"CORNATON ABEL (RUE)";"48,5874400";"2,2514500"
"202000033451";"2";"6";"2020";"12:33";"1";"25";"25463";"2";"3";"7";"3";"8 Rue d'Alsace";"47,3946090";"6,7702820"
"202000033452";"30";"7";"2020";"08:10";"1";"91";"91347";"2";"3";"1";"2";"MONTLHERY (ROUTE DE)";"48,6347400";"2,2889300"
"202000033453";"1";"6";"2020";"18:15";"1";"25";"25551";"1";"1";"1";"7";"D134";"47,3206430";"6,8573140"
"202000033454";"1";"6";"2020";"11:10";"1";"35";"35163";"1";"1";"1";"3";"Le Bas Montbelleux";"48,3021340";" -1,1576360"
"202000033455";"1";"6";"2020";"15:25";"1";"35";"35211";"2";"1";"1";"6";"Rue Chevalier Lancelot du Lac";"48,0218980";" -2,1718110"
"202000033456";"30";"9";"2020";"17:35";"1";"60";"60686";"2";"1";"1";" -1";"32 Rue de Précy";"49,2090050";"2,3948160"
"202000033457";"28";"7";"2020";"04:45";"3";"89";"89387";"1";"1";"1";"5";"D606";"48,1816704";"3,3025330"
"202000033458";"1";"6";"2020";"21:10";"2";"35";"35023";"1";"1";"7";"1";"RN 12";"48,1841550";" -1,9394680"
"202000033459";"30";"7";"2020";"19:30";"2";"86";"86194";"2";"1";"1";"6";" Rue du Faubourg du Pont Neuf";"46,5727780";"0,3586080"
"202000033460";"1";"6";"2020";"16:00";"1";"38";"38453";"1";"3";"1";"3";"Les Mas";"45,0852480";"5,3076570"
"202000033461";"31";"7";"2020";"10:05";"1";"84";"84087";"2";"3";"1";"6";"GAULLE (AVENUE CHARLES DE)";"44,1362000";"4,8025000"
"202000033462";"2";"6";"2020";"13:20";"1";"02";"02651";"1";"2";"1";"3";"D1032";"49,6588220";"3,4163190"
"202000033463";"30";"7";"2020";"09:15";"1";"83";"83069";"1";"9";"1";"1";"MARINE (BOULEVARD DE LA)";"43,0861000";"6,1560000"
"202000033464";"29";"9";"2020";"13:45";"1";"85";"85288";"1";"1";"1";"5";"La Guerite";"46,4774000";" -1,6726000"
"202000033465";"1";"6";"2020";"10:00";"1";"02";"02237";"2";"1";"1";"7";"D12";"49,6938620";"3,6340120"
"202000033466";"20";"5";"2020";"16:00";"1";"58";"58051";"2";"9";"1";"2";"107 Route de Lyon";"46,9702310";"3,1568800"
"202000033467";"29";"9";"2020";"15:30";"1";"85";"85140";"2";"1";"1";"1";"Rue du Pin Parasol";"46,7465800";" -0,8246200"
"202000033468";"27";"5";"2020";"11:45";"1";"72";"72138";"1";"1";"1";"6";"La Touche";"48,2917960";"0,0804930"
"202000033469";"29";"9";"2020";"22:10";"3";"17";"17465";"2";"1";"1";"6";"D939";"45,9712190";" -0,5631890"
"202000033470";"30";"9";"2020";"08:15";"1";"08";"08363";"2";"3";"2";"3";"Avenue d'Orzy";"49,9350880";"4,6510200"
"202000033471";"1";"6";"2020";"18:20";"1";"50";"50145";"1";"1";"1";"6";"D972";"49,0678080";" -1,3840370"
"202000033472";"31";"7";"2020";"00:05";"5";"78";"78624";"2";"6";"1";"6";"RD1";"48,9688210";"2,0119980"
"202000033473";"31";"7";"2020";"01:10";"4";"76";"76366";"2";"1";"1";"7";"RN 27 (RUE DU GENERAL DE GAULLE)";"49,5037300";"1,0426100"
"202000033474";"30";"7";"2020";"23:49";"5";"76";"76351";"2";"3";"1";"3";"RENE COTY";"49,4984783";"0,1179798"
"202000033475";"30";"7";"2020";"08:50";"1";"74";"74118";"1";"1";"1";"2";"18 AOUT (RUE DU)";"46,1681000";"6,2014000"
"202000033476";"30";"7";"2020";"21:40";"2";"72";"72181";"2";"1";"1";"6";"MAURICE TRINTIGNANT (RUE)";"47,9569500";"0,1983200"
"202000033477";"31";"5";"2020";"20:50";"1";"18";"18206";"2";"2";"1";"6";"Rue des Chaumes";"47,1557800";"2,3524100"
"202000033478";"30";"7";"2020";"10:55";"1";"71";"71306";"2";"1";"1";"6";"SAINT VALLIER (RUE DE)";"46,6668838";"4,3715351"
"202000033479";"2";"6";"2020";"15:40";"1";"16";"16287";"2";"1";"1";"6";"D42";"45,5804490";"0,0482170"
"202000033480";"29";"7";"2020";"07:35";"1";"69";"69256";"2";"1";"1";"3";"BOLHEN   (DE)                        (AV";"45,7653000";"4,9236000"
"202000033481";"29";"5";"2020";"16:00";"1";"21";"21652";"1";"1";"1";"7";"Voie communale";"47,2154073";"4,6282110"
"202000033482";"21";"7";"2020";"10:10";"1";"69";"69092";"2";"3";"1";"3";"TARARE (route de)";"45,9800000";"4,6900000"
"202000033483";"8";"7";"2020";"11:20";"1";"68";"68066";"2";"1";"1";"6";"FECHT (RUE DE LA)";"48,0837700";"7,3473500"
"202000033484";"31";"5";"2020";"12:07";"1";"23";"23180";"1";"2";"1";"3";"N/A";"45,9780380";"2,1868200"
"202000033485";"31";"7";"2020";"11:15";"1";"64";"64483";"2";"1";"1";"5";"CHANTACO (AVENUE DE )";"43,3700910";" -1,6375980"
"202000033486";"31";"7";"2020";"02:35";"5";"64";"64122";"2";"1";"1";"7";"CROSKEY GENERAL MAC (AVENUE)";"43,4923200";" -1,5496500"
"202000033487";"29";"9";"2020";"19:35";"3";"13";"13051";"1";"1";"1";"5";"D113";"43,5764760";"5,1509380"
"202000033488";"2";"6";"2020";"09:25";"1";"73";"73241";"1";"1";"1";"4";"A430, PK133.700";"45,6118110";"6,2948818"
"202000033489";"27";"5";"2020";"17:10";"1";"42";"42169";"2";"3";"1";"1";"Rte de Saint Maurice En Gourgois";"45,4402810";"4,1559650"
"202000033490";"31";"5";"2020";"10:45";"1";"38";"38486";"2";"9";"1";"7";"Rue de la Liberté";"45,1601740";"5,6948930"
"202000033491";"1";"6";"2020";"18:25";"1";"51";"51454";"1";"4";"1";"7";"A344";"49,2427840";"4,0313710"
"202000033492";"1";"6";"2020";"13:45";"1";"51";"51437";"1";"1";"1";"6";"A4";"49,2228784";"3,8175322"
"202000033493";"1";"9";"2020";"16:00";"1";"67";"67348";"1";"9";"3";"7";"D500";"48,4713490";"7,5118590"
"202000033494";"1";"6";"2020";"22:40";"3";"74";"74018";"1";"1";"1";"6";"A40";"46,0947150";"6,3546420"
"202000033495";"31";"5";"2020";"22:53";"3";"69";"69077";"1";"1";"1";"2";"A6";"46,1473730";"4,7696860"
"202000033496";"1";"6";"2020";"01:30";"5";"971";"97125";"1";"1";"1";"6";"favreau";"16,2599780";" -61,2923060"
"202000033497";"1";"6";"2020";"19:45";"3";"971";"97117";"2";"1";"1";"1";"Route de la Source";"16,3357390";" -61,3611210"
"202000033498";"1";"6";"2020";"10:50";"1";"77";"77244";"1";"1";"1";"7";"D16";"48,2886900";"2,5787830"
"202000033499";"30";"9";"2020";"12:20";"1";"973";"97311";"1";"1";"1";"6";"PK 243";"5,4573490";" -53,9950470"
"202000033500";"30";"9";"2020";"10:15";"1";"13";"13021";"1";"2";"1";"3";"D9";"43,3394260";"5,1637300"
"202000033501";"30";"9";"2020";"16:45";"1";"77";"77001";"1";"1";"1";"7";"D64";"48,3675120";"2,5637200"
"202000033502";"30";"9";"2020";"17:15";"1";"66";"66227";"1";"1";"1";"1";"D39";"42,6471700";"2,8936530"
"202000033503";"29";"9";"2020";"19:50";"3";"67";"67300";"1";"1";"1";"6";"D127";"48,5604630";"7,5141550"
"202000033504";"27";"9";"2020";"03:00";"3";"57";"57443";"2";"2";"2";"3";"2 Rue de la Justice";"49,2171840";"6,1187730"
"202000033505";"30";"9";"2020";"17:20";"1";"74";"74243";"1";"1";"1";"1";"Route de Feigères";"46,1306110";"6,0790420"
"202000033506";"6";"8";"2020";"12:40";"1";"33";"33324";"1";"1";"7";"2";"3 Rue du Lac";"44,8362900";"0,2362400"
"202000033507";"26";"9";"2020";"10:45";"1";"72";"72151";"1";"1";"1";"3";"1 Chemin de la Roche";"47,8508190";" -0,3266930"
"202000033508";"1";"6";"2020";"18:08";"1";"78";"78389";"2";"1";"1";"6";"Route de la Bardelle";"48,8031040";"1,8156300"
"202000033509";"29";"9";"2020";"07:20";"3";"44";"44089";"1";"3";"5";" -1";"Les Chaillereaux";"47,3275190";" -1,8821600"
"202000033510";"1";"6";"2020";"19:00";"1";"78";"78162";"1";"1";"1";"6";"D906";"48,6820780";"1,9996190"
"202000033511";"1";"6";"2020";"21:30";"5";"83";"83068";"1";"1";"1";"1";"Route du Littoral";"43,2708230";"6,5732200"
"202000033512";"2";"6";"2020";"09:25";"1";"52";"52449";"1";"1";"1";"6";"D122";"47,8395398";"5,3339670"
"202000033513";"1";"6";"2020";"01:15";"3";"52";"52392";"1";"1";"1";"6";"D35";"47,9073818";"5,4988881"
"202000033514";"29";"9";"2020";"17:20";"1";"22";"22067";"1";"1";"1";"7";"2 Pont Glas";"48,5458090";" -3,1733670"
"202000033515";"30";"5";"2020";"20:00";"1";"68";"68368";"2";"1";"1";"6";"16 Rue des Jardins";"48,0489110";"7,2020640"
"202000033516";"30";"5";"2020";"23:30";"3";"42";"42005";"2";"3";"1";"1";"Rue des Garennes";"45,5384590";"4,2546220"
"202000033517";"1";"6";"2020";"16:35";"1";"42";"42328";"1";"1";"2";"6";"Route de Drutel";"45,5694790";"4,0180460"
"202000033518";"30";"9";"2020";"07:37";"3";"35";"35273";"1";"1";"3";"2";"D155";"48,3851930";" -1,2726010"
"202000033519";"1";"6";"2020";"11:00";"1";"38";"38003";"1";"1";"1";" -1";"Route des Falques";"45,3240880";"4,8585900"
"202000033520";"31";"5";"2020";"11:50";"1";"44";"44201";"2";"1";"1";"3";"Route du Lavoir";"47,3664430";" -1,5229150"
"202000033521";"2";"6";"2020";"14:05";"1";"38";"38535";"1";"1";"1";"6";"D65";"45,7784040";"5,2626660"
"202000033522";"1";"6";"2020";"15:00";"1";"69";"69184";"1";"1";"8";"1";"Rue du Pertuis";"45,6038710";"4,5610050"
"202000033523";"31";"5";"2020";"01:30";"5";"81";"81105";"2";"1";"1";"6";"14 Rue du 19 Mars 1962";"43,7615100";"1,9834050"
"202000033524";"2";"6";"2020";"09:50";"1";"81";"81076";"2";"1";"1";"7";"12 Avenue de Castres";"43,5683270";"1,8884680"
"202000033525";"31";"5";"2020";"09:15";"1";"31";"31433";"2";"9";"7";"3";"Ancienne Route Impériale";"43,5184200";"1,3957250"
"202000033526";"2";"6";"2020";"16:48";"1";"62";"62196";"1";"1";"1";"7";"A16";"50,4753475";"1,6997097"
"202000033527";"30";"9";"2020";"12:25";"1";"60";"60346";"2";"1";"1";"4";"Avenue de la Libération";"49,1463570";"2,4412670"
"202000033528";"1";"6";"2020";"10:30";"1";"13";"13005";"1";"1";"1";"2";"A50 - Sens Aubagne vers Marseille";"43,2898680";"5,5531880"
"202000033529";"1";"6";"2020";"20:05";"1";"33";"33281";"1";"1";"1";"5";"ROCADE A 630";"44,8526900";" -0,6658700"
"202000033530";"1";"6";"2020";"15:15";"1";"33";"33080";"1";"1";"1";"6";"AUTOROUTE A 62";"44,7588200";" -0,5461400"
"202000033531";"1";"6";"2020";"18:10";"1";"91";"91687";"1";"1";"1";"3";"AUTOROUTE A6";"48,6631600";"2,3670100"
"202000033532";"31";"5";"2020";"21:30";"2";"78";"78043";"1";"1";"1";"6";"A13W";"48,8471400";"2,0791720"
"202000033533";"29";"9";"2020";"11:40";"1";"59";"59015";"2";"1";"3";"7";"7 Ter Rue de douai";"50,2822600";"3,1046680"
"202000033534";"1";"6";"2020";"17:50";"1";"94";"94017";"1";"1";"1";"2";"A4";"48,8290900";"2,4802900"
"202000033535";"29";"9";"2020";"16:10";"1";"59";"59322";"2";"1";"1";"6";"41 bis Rue Foch";"50,2334300";"3,3215780"
"202000033536";"12";"1";"2020";"19:45";"3";"73";"73248";"1";"4";"9";"6";"D110";"45,2540855";"6,3233088"
"202000033537";"30";"9";"2020";"01:30";"5";"59";"59400";"2";"1";"1";"6";"pont des morts";"50,6453040";"2,6385100"
"202000033538";"30";"5";"2020";"21:45";"3";"974";"97416";"1";"9";"1";"6";"Route de l’Entre Deux";" -21,2880000";"55,4541700"
"202000033539";"29";"9";"2020";"18:05";"1";"13";"13043";"1";"1";"1";"4";"A55-Sens Marseille vers Martigues";"43,3870190";"5,2417280"
"202000033540";"29";"9";"2020";"13:25";"1";"13";"13071";"1";"1";"1";"4";"A7-Sens Lyon vers Marseille";"43,4053000";"5,2952000"
"202000033541";"30";"5";"2020";"17:20";"1";"974";"97411";"1";"3";"1";"5";"LITTORAL (ROUTE 1 DU)";" -20,8769204";"55,4422367"
"202000033542";"29";"9";"2020";"18:05";"1";"13";"13215";"1";"1";"1";"3";"A7-Sens Marseille vers Lyon";"43,3754760";"5,3601990"
"202000033543";"29";"9";"2020";"07:50";"1";"13";"13117";"1";"1";"1";"3";"A7-Sens Lyon vers Marseille";"43,4179000";"5,2732500"
"202000033544";"11";"12";"2020";"08:15";"2";"91";"91201";"2";"1";"2";"6";"RUE DU PORT AUX DAMES";"48,6784270";"2,3901690"
"202000033545";"30";"5";"2020";"01:30";"3";"974";"97411";"1";"1";"1";"5";"Route du Littoral";" -20,8967000";"55,3750000"
"202000033546";"27";"9";"2020";"21:53";"3";"13";"13071";"1";"1";"1";"7";"A7-Sens Lyon vers Marseille";"43,4159700";"5,2767000"
"202000033547";"11";"12";"2020";"13:42";"1";"91";"91027";"1";"1";"1";"2";"RTE NATIONALE 7";"48,7176800";"2,3707900"
"202000033548";"28";"9";"2020";"16:16";"1";"13";"13211";"1";"1";"1";"3";"A50-Sens Marseille vers Aubagne";"43,2899600";"5,4475500"
"202000033549";"10";"12";"2020";"18:30";"5";"83";"83137";"2";"9";"1";"5";"STRASBOURG (BD DE )";"43,1251800";"5,9310300"
"202000033550";"28";"9";"2020";"08:30";"1";"13";"13211";"1";"1";"1";"7";"A50-Sens Aubagne vers Marseille";"43,2886300";"5,4432000"
"202000033551";"11";"12";"2020";"07:59";"1";"83";"83069";"2";"1";"1";"3";"OLBIA  (VOIE)";"43,1146740";"6,1354490"
"202000033552";"30";"5";"2020";"15:15";"1";"69";"69034";"2";"5";"1";" -1";"ARISTIDE BRIAND                     (CO)";"45,7794700";"4,8412800"
"202000033553";"11";"12";"2020";"09:15";"1";"81";"81065";"2";"1";"1";"6";"place Pierre Fabre";"43,6086215";"2,2391442"
"202000033554";"28";"9";"2020";"16:13";"1";"83";"83144";"1";"1";"1";"3";"A57";"43,1404831";"6,0001445"
"202000033555";"9";"12";"2020";"14:50";"1";"80";"80021";"2";"1";"2";"7";"CAGNY (RUE DE)";"49,8802400";"2,3217300"
"202000033556";"30";"5";"2020";"19:50";"1";"69";"69385";"2";"1";"1";"3";"BARTHELEMY BUYER                    (AV)";"45,7636700";"4,7993300"
"202000033557";"26";"9";"2020";"21:00";"5";"59";"59646";"1";"1";"2";"6";"ROUTE METROPOLITAINE 656";"50,6852030";"3,1349960"
"202000033558";"29";"9";"2020";"17:50";"1";"91";"91345";"1";"1";"1";"7";"AUTOROUTE A6";"48,6886000";"2,3245000"
"202000033559";"11";"12";"2020";"16:30";"1";"79";"79191";"2";"1";"1";" -1";"16 Rue Voltaire";"46,3257100";" -0,4547600"
"202000033560";"31";"5";"2020";"07:55";"1";"971";"97101";"1";"9";"2";"3";"RN11";"16,2719500";" -61,5154900"
"202000033561";"11";"11";"2020";"22:25";"3";"78";"78646";"2";"2";"1";"6";"EUROPE (AVENUE DE L')";"48,8049440";"2,1311110"
"202000033562";"1";"6";"2020";"00:20";"5";"91";"91161";"2";"1";"1";"3";"ROCROI (AVENUE DE)";"48,6910890";"2,3125710"
"202000033563";"29";"9";"2020";"14:00";"1";"91";"91377";"1";"1";"2";"4";"AUTOROUTE A10";"48,7145300";"2,2890600"
"202000033564";"29";"9";"2020";"11:25";"1";"77";"77251";"1";"1";"9";"7";"A5A PARIS / RN104 INT";"48,6261686";"2,5393743"
"202000033565";"11";"12";"2020";"13:00";"1";"77";"77243";"2";"3";"1";"1";"GENERAL LECLERC  (AVENUE DU)";"48,8748100";"2,6936300"
"202000033566";"29";"9";"2020";"10:40";"1";"91";"91363";"1";"1";"1";"7";"RN 104";"48,6344000";"2,2193000"
"202000033567";"29";"9";"2020";"08:00";"1";"91";"91086";"1";"1";"1";"6";"RN 104";"48,6250600";"2,3617600"
"202000033568";"31";"5";"2020";"22:45";"5";"91";"91027";"2";"9";"1";"3";"BARBUSSE (RUE HENRI)";"48,7005100";"2,3641700"
"202000033569";"10";"12";"2020";"18:25";"3";"76";"76498";"2";"1";"1";"4";"JACQUARD. RUE";"49,4303500";"1,0544800"
"202000033570";"29";"9";"2020";"09:10";"1";"94";"94076";"1";"1";"2";"6";"AUTOROUTE A6A";"48,7942000";"2,3451000"
"202000033571";"10";"12";"2020";"17:45";"5";"76";"76322";"2";"1";"1";"6";"REPUBLIQUE. RUE DE LA";"49,4173098";"1,0378622"
"202000033572";"31";"5";"2020";"14:55";"1";"83";"83069";"2";"1";"1";"5";"AEROPORT (AVENUE DE L')";"43,0951300";"6,1366300"
"202000033573";"29";"9";"2020";"09:40";"1";"78";"78640";"1";"1";"2";"5";"A86 EXT";"48,7788900";"2,2015630"
"202000033574";"11";"12";"2020";"07:25";"5";"76";"76351";"2";"2";"2";"3";"LOUIS LUMIERE";"49,5241500";"0,1228670"
"202000033575";"31";"5";"2020";"11:20";"1";"73";"73029";"2";"6";"1";"3";"STADE (AVENUE DU)";"45,5642000";"5,9439660"
"202000033576";"29";"9";"2020";"21:35";"3";"93";"93010";"1";"1";"1";"2";"AUTOROUTE A3";"48,8978300";"2,4698400"
"202000033577";"7";"12";"2020";"15:00";"1";"71";"71076";"2";"5";"1";"6";"SENTIERS (RUE )";"46,7960170";"4,8542838"
"202000033578";"29";"9";"2020";"16:15";"1";"95";"95582";"1";"1";"2";"7";"RD 170";"48,9642800";"2,2688900"
"202000033579";"11";"12";"2020";"07:45";"2";"69";"69013";"1";"1";"1";"4";"D386";"46,0189000";"4,7209700"
"202000033580";"31";"5";"2020";"15:40";"1";"71";"71076";"2";"1";"1";"3";"Avenue Boucicaut";"46,7902379";"4,8323053"
"202000033581";"29";"9";"2020";"16:00";"1";"95";"95582";"1";"1";"2";"2";"RD 170";"48,9642810";"2,2688900"
"202000033582";"10";"12";"2020";"21:25";"5";"67";"67267";"2";"3";"1";"3";"HOLTZHEIM (RUE DE)";"48,5544500";"7,6770800"
"202000033583";"30";"5";"2020";"11:50";"1";"69";"69264";"2";"1";"1";"6";"FRANS ROUTE DE";"45,9849300";"4,7320600"
"202000033584";"29";"9";"2020";"15:40";"1";"92";"92036";"1";"1";"2";"6";"AUTOROUTE A15";"48,9435747";"2,2874026"
"202000033585";"10";"12";"2020";"21:01";"5";"66";"66136";"2";"1";"1";"2";"BALEARES ROND POINT ET CITE DES";"42,6885200";"2,8950600"
"202000033586";"28";"9";"2020";"21:30";"3";"93";"93053";"1";"1";"1";"5";"AUTOROUTE A3";"48,8945000";"2,4714000"
"202000033587";"11";"12";"2020";"07:50";"4";"64";"64483";"2";"6";"2";"2";"PYRENEES (AVENUE DES)";"43,3887057";" -1,6540861"
"202000033588";"31";"5";"2020";"12:55";"1";"64";"64445";"2";"1";"1";"2";"LILAS DES";"43,3043700";" -0,3535800"
"202000033589";"29";"9";"2020";"08:20";"1";"93";"93027";"1";"1";"2";"3";"AUTOROUTE A86";"48,9286300";"2,4145500"
"202000033590";"9";"12";"2020";"09:25";"1";"64";"64445";"2";"1";"1";"3";"BALAITOUS DU";"43,3126580";" -0,3709880"
"202000033591";"1";"6";"2020";"01:10";"5";"64";"64024";"2";"1";"1";"7";"MONTBRUN (AVENUE DE)";"43,5041000";" -1,5005500"
"202000033592";"31";"5";"2020";"22:10";"5";"61";"61169";"2";"1";"1";"6";"11EME DB (RUE DE LA)";"48,7511440";" -0,5683810"
"202000033593";"29";"9";"2020";"04:30";"3";"92";"92036";"1";"1";"1";"4";"AUTOROUTE A86";"48,9382000";"2,3134400"
"202000033594";"31";"5";"2020";"16:45";"1";"59";"59299";"2";"2";"1";"3";"EUROPE (AVENUE DE L')";"50,6664000";"3,1799000"
"202000033595";"28";"9";"2020";"12:05";"1";"92";"92036";"1";"1";"2";"6";"AUTOROUTE A86";"48,9367300";"2,3180400"
"202000033596";"10";"12";"2020";"10:10";"1";"64";"64024";"2";"2";"3";"4";"BAB (BOULEVARD DU)";"43,4874000";" -1,5364000"
"202000033597";"31";"5";"2020";"10:30";"1";"38";"38544";"2";"1";"1";"6";"Chemin des Lones";"45,5421700";"4,8507400"
"202000033598";"10";"12";"2020";"14:21";"1";"63";"63113";"2";"1";"2";"7";"ESTIENNE (RUE PIERRE)";"45,7714100";"3,1270800"
"202000033599";"28";"9";"2020";"12:30";"1";"95";"95394";"1";"1";"2";"6";"AUTOROUTE A115";"49,0507603";"2,1816461"
"202000033600";"30";"5";"2020";"20:00";"1";"33";"33075";"1";"3";"1";"7";"ALL DE LA RESERVE / ROCADE A630 -E5-";"44,8901800";" -0,6008400"
"202000033601";"28";"9";"2020";"14:00";"1";"95";"95277";"1";"1";"2";"7";" A3";"48,9738158";"2,4884355"
"202000033602";"11";"12";"2020";"16:02";"1";"59";"59512";"2";"2";"2";"3";"LAGACHE (AVENUE JULIEN)";"50,6838400";"3,1989700"
"202000033603";"28";"9";"2020";"09:00";"1";"92";"92036";"1";"1";"2";"4";"AUTOROUTE A86";"48,9376172";"2,2955077"
"202000033604";"31";"5";"2020";"20:00";"1";"29";"29019";"2";"2";"1";"2";"Rue d'Estienne d'Orves";"48,3929302";" -4,4578005"
"202000033605";"9";"12";"2020";"13:55";"1";"59";"59234";"2";"1";"1";"6";"BARBUSSE (RUE HENRI)";"50,3987900";"3,0601000"
"202000033606";"10";"12";"2020";"16:55";"2";"56";"56083";"2";"6";"1";"6";"LA GARDELOUPE";"47,7994480";" -3,2599600"
"202000033607";"28";"9";"2020";"07:20";"5";"93";"93078";"1";"1";"2";"3";"AUTOROUTE A104";"48,9666000";"2,5146200"
"202000033608";"30";"5";"2020";"11:25";"1";"26";"26198";"2";"1";"1";"3";"202 route de Marseille ";"44,5342300";"4,7460500"
"202000033609";"26";"11";"2020";"16:46";"5";"54";"54528";"2";"1";"1";"6";"COLONEL GRANDVAL (AVENUE)";"48,6740800";"5,8854700"
"202000033610";"29";"9";"2020";"15:55";"1";"94";"94022";"1";"1";"2";"7";"A86 INT";"48,7736300";"2,4010700"
"202000033611";"30";"5";"2020";"02:00";"3";"22";"22113";"1";"9";"1";"7";"GUINGAMP (ROUTE DE)";"48,7172896";" -3,4083671"
"202000033612";"29";"9";"2020";"09:40";"1";"77";"77294";"1";"1";"2";"3";"A104";"48,9657870";"2,6077670"