"Num_Acc";"jour";"mois";"an";"hrmn";"lum";"dep";"com";"agg";"int";"atm";"col";"adr";"lat";"long"
"202000034190";"3";"7";"2020";"19:15";"1";"75";"75120";"2";"1";"1";"6";"RUE DES PYRENEES";"48,8669410";"2,3969230"
"202000034191";"3";"7";"2020";"07:25";"1";"75";"75119";"2";"1";"1";"6";"PASSAGE DES MAUXINS";"48,8775040";"2,4044650"
"202000034192";"3";"7";"2020";"18:15";"1";"75";"75118";"2";"1";"1";"6";"BOULEVARD DE CLICHY";"48,8835170";"2,3338540"
"202000034193";"3";"7";"2020";"19:00";"1";"75";"75116";"2";"3";"1";"3";"ALLEE DU BORD DE L EAU";"48,8674830";"2,2330130"
"202000034194";"3";"7";"2020";"10:00";"1";"75";"75116";"2";"7";"1";"3";"PLACE DU MARECHAL DE LATTRE DE TASSIGNY";"48,8716940";"2,2757950"
"202000034195";"2";"7";"2020";"18:40";"1";"75";"75116";"2";"1";"1";"3";"ROUTE DE SEVRES A NEUILLY";"48,8616620";"2,2378960"
"202000034196";"2";"7";"2020";"13:05";"1";"75";"75116";"2";"1";"1";"4";"AVENUE FOCH";"48,8728230";"2,2859870"
"202000034197";"2";"7";"2020";"09:00";"1";"75";"75116";"2";"4";"1";"3";"VOIE GEORGES POMPIDOU";"48,8528490";"2,2815990"
"202000034198";"3";"7";"2020";"17:45";"1";"75";"75115";"2";"2";"1";"6";"RUE D ORADOUR SUR GLANE";"48,8321180";"2,2806140"
"202000034199";"3";"7";"2020";"16:55";"1";"75";"75115";"2";"1";"1";"6";"RUE MADEMOISELLE";"48,8434010";"2,2997730"
"202000034200";"2";"7";"2020";"09:20";"1";"75";"75114";"2";"1";"1";" -1";"RUE VICTOR SCHOELCHER";"48,8361360";"2,3307490"
"202000034201";"3";"7";"2020";"18:45";"1";"75";"75112";"2";"1";"1";"6";"AVENUE DAUMESNIL";"48,8382040";"2,4265610"
"202000034202";"3";"7";"2020";"11:55";"1";"75";"75111";"2";"3";"1";"6";"AVENUE DE LA REPUBLIQUE";"48,8666350";"2,3673170"
"202000034203";"3";"7";"2020";"02:35";"5";"75";"75111";"2";"2";"1";" -1";"BOULEVARD RICHARD LENOIR";"48,8639990";"2,3706780"
"202000034204";"3";"7";"2020";"02:25";"5";"75";"75117";"2";"7";"1";"3";"PLACE CHARLES DE GAULLE";"48,8740280";"2,2942430"
"202000034205";"3";"7";"2020";"18:58";"1";"94";"94081";"2";"1";"1";"1";"REPUBLIQUE (AV DE LA)";"48,8020600";"2,3978000"
"202000034206";"3";"7";"2020";"17:15";"1";"94";"94080";"2";"1";"1";"6";"FELIX FAURE (R)";"48,8477500";"2,4529140"
"202000034207";"3";"7";"2020";"18:45";"1";"94";"94068";"2";"2";"1";"1";"MARNE (BD DE LA)";"48,7894100";"2,5115500"
"202000034208";"3";"7";"2020";"12:00";"1";"94";"94068";"2";"2";"1";"3";"DIDIER (AV)";"48,7974700";"2,5087700"
"202000034209";"3";"7";"2020";"14:45";"1";"94";"94043";"2";"6";"1";"2";"FONTAINEBLEAU (AV DE)";"48,8096400";"2,3625400"
"202000034210";"3";"7";"2020";"14:00";"1";"94";"94043";"1";"9";"1";"2";"GABRIEL PERI (R)";"48,8102800";"2,3498500"
"202000034211";"3";"7";"2020";"19:20";"1";"94";"94011";"2";"9";"1";"3";"LYS.(AVENUE DES)";"48,7708570";"2,4912970"
"202000034212";"2";"7";"2020";"11:30";"1";"94";"94019";"2";"4";"1";"3";"LIBERATION - CAR DE PINCE-VENT (AV DE LA";"48,7992928";"2,5443435"
"202000034213";"3";"7";"2020";"17:15";"1";"94";"94004";"2";"1";"1";"3";"VALENTON (R DE)";"48,7480720";"2,5118140"
"202000034214";"3";"7";"2020";"08:15";"1";"94";"94071";"2";"7";"1";"3";"PARIS (R DE)";"48,7745600";"2,5108600"
"202000034215";"2";"7";"2020";"23:30";"5";"93";"93073";"2";"1";"1";"2";"CHAPIT RE ( RUE DU)";"49,0032725";"2,5368290"
"202000034216";"3";"7";"2020";"18:00";"1";"93";"93066";"2";"1";"1";"5";"ORNANO (BOULEVARD)";"48,9157200";"2,3442000"
"202000034217";"2";"7";"2020";"18:50";"1";"93";"93066";"2";"1";"1";"3";"Avenue Paul Vaillant-Couturier";"48,9300000";"2,3620000"
"202000034218";"3";"7";"2020";"13:00";"1";"93";"93077";"2";"1";"1";"6";"AV LAGACHE";"48,8825600";"2,5248600"
"202000034219";"3";"7";"2020";"17:35";"1";"93";"93031";"2";"1";"1";"1";"GALLIENI (AVENUE)";"48,9642392";"2,2986413"
"202000034220";"3";"7";"2020";"10:30";"1";"93";"93031";"2";"1";"1";"3";"AV DE LA REPUBLIQUE";"48,9500000";"2,3285000"
"202000034221";"3";"7";"2020";"08:30";"1";"93";"93029";"2";"1";"1";"3";"HENRI BARBUSSE (AVE) N°2-124";"48,9200078";"2,4517219"
"202000034222";"2";"7";"2020";"18:15";"1";"93";"93027";"2";"1";"1";"6";"QUINET (RUE EDGAR)";"48,9283400";"2,3944100"
"202000034223";"3";"7";"2020";"09:35";"1";"93";"93014";"2";"1";"1";"2";"VEUVE LINDET GIRARD (ALLEE)";"48,9100637";"2,5534967"
"202000034224";"2";"7";"2020";"10:10";"1";"92";"92049";"2";"1";"8";"7";"MARNE AVENUE DE LA";"48,8133000";"2,3045500"
"202000034225";"3";"7";"2020";"13:00";"1";"92";"92035";"2";"1";"1";" -1";"République ( boulevard de la )";"48,9061000";"2,2506100"
"202000034226";"3";"7";"2020";"19:35";"1";"92";"92024";"2";"3";"1";"2";"MARTRE (RUE) DE (59 A 109)   (58 A 120)";"48,9021000";"2,3070400"
"202000034227";"3";"7";"2020";"18:00";"1";"92";"92024";"2";"1";"1";"3";"VICTOR HUGO (BD)";"48,8980727";"2,3115445"
"202000034228";"3";"7";"2020";"09:45";"1";"92";"92024";"2";"3";"8";"6";"BATELIER (RUE DES) DE (21 ET PLUS)   (2";"48,9068214";"2,3042294"
"202000034229";"3";"7";"2020";"07:45";"1";"92";"92024";"2";"1";"1";"3";"CLICHY (QUAI DE) DE (8 A 60)";"48,9041522";"2,2914798"
"202000034230";"3";"7";"2020";"11:30";"1";"92";"92023";"2";"9";"1";"6";"BOSSUET (RUE)";"48,7882801";"2,2359592"
"202000034231";"3";"7";"2020";"08:45";"1";"92";"92023";"2";"6";"1";"3";"JEAN BAPTISTE CLEMENT (AVENUE)";"48,7989800";"2,2680100"
"202000034232";"3";"7";"2020";"13:15";"1";"38";"38157";"1";"1";"1";"1";"D538";"45,4966310";"4,9323680"
"202000034233";"4";"7";"2020";"06:00";"2";"66";"66136";"1";"1";"1";"2";"29 Rue Honore de Balzac";"42,6995560";"2,9029390"
"202000034234";"3";"7";"2020";"07:30";"1";"17";"17245";"2";"2";"1";"3";"RD107 x RD110";"46,1715100";" -1,0038640"
"202000034235";"4";"7";"2020";"16:00";"1";"83";"83023";"1";"1";"7";"6";"Autoroute A8 PK 78.7195";"43,4191074";"6,1136127"
"202000034236";"4";"7";"2020";"16:30";"1";"85";"85233";"2";"1";"1";"2";"154 Route Nationale";"46,5239700";" -1,0825300"
"202000034237";"3";"7";"2020";"16:00";"1";"84";"84037";"1";"1";"1";"5";"2268 Route de Roquemaure";"44,0639130";"4,7955670"
"202000034238";"4";"7";"2020";"10:50";"1";"60";"60088";"2";"1";"1";"7";"D609";"49,2247170";"2,2050120"
"202000034239";"3";"7";"2020";"18:15";"1";"69";"69283";"2";"3";"1";"3";"Route de Saint Priest";"45,6814119";"4,9489122"
"202000034240";"3";"7";"2020";"18:10";"1";"84";"84037";"2";"1";"1";"6";"Chemin des Consuls";"44,0564670";"4,8336460"
"202000034241";"27";"6";"2020";"19:30";"1";"83";"83019";"1";"1";"1";"2";"Avenue Lou Mistraou";"43,1440690";"6,3263010"
"202000034242";"3";"7";"2020";"10:55";"1";"36";"36200";"1";"1";"1";"7";"A20";"46,6138960";"1,5336230"
"202000034243";"4";"7";"2020";"14:50";"1";"12";"12063";"1";"1";"1";"2";"La Cavalerie";"44,0102170";"3,1433720"
"202000034244";"3";"7";"2020";"17:34";"1";"30";"30226";"1";"1";"1";"5";"N86";"44,2270730";"4,6336130"
"202000034245";"4";"7";"2020";"02:30";"3";"22";"22032";"1";"1";"1";"7";"La Ville Es Chevets";"48,2821650";" -2,1903030"
"202000034246";"3";"7";"2020";"17:20";"1";"19";"19214";"1";"1";"1";"7";"D980";"45,1340110";"2,1740060"
"202000034247";"3";"7";"2020";"18:00";"1";"56";"56002";"2";"9";"7";"3";"La Vieille Poste";"47,5591900";" -2,5023750"
"202000034248";"4";"7";"2020";"01:10";"3";"74";"74103";"1";"1";"1";"2";"Route de Sallanches";"45,9166350";"6,6482900"
"202000034249";"29";"6";"2020";"20:45";"2";"74";"74011";"2";"6";"1";"6";"03 RUE DU PRE DE LA SALLE";"45,9158690";"6,1473310"
"202000034250";"1";"7";"2020";"11:00";"1";"80";"80377";"1";"3";"1";"3";"2 Bretel";"50,1547270";"2,3168920"
"202000034251";"4";"7";"2020";"19:30";"1";"33";"33482";"1";"2";"1";"6";"Lieu Dit Pitot";"44,6858720";" -0,1075030"
"202000034252";"11";"6";"2020";"19:30";"1";"61";"61375";"1";"1";"1";"2";"RD 958";"48,6637270";"0,0207820"
"202000034253";"3";"7";"2020";"16:20";"1";"49";"49008";"1";"1";"1";"1";"La Kiriaie D923";"47,5725686";" -1,0201208"
"202000034254";"2";"7";"2020";"22:00";"5";"49";"49259";"2";"2";"1";"3";"4 Avenue d'Angers";"47,3572891";" -0,6559213"
"202000034255";"4";"7";"2020";"08:05";"1";"12";"12069";"1";"1";"1";"3";"D999";"43,8762110";"2,6746770"
"202000034256";"4";"7";"2020";"17:00";"1";"42";"42229";"1";"1";"1";"7";"RD 485 - Lieu dit Montveneur";"46,1759167";"4,3908608"
"202000034257";"4";"7";"2020";"18:30";"1";"44";"44128";"1";"1";"2";"3";"Greneux";"47,5466591";" -1,8652294"
"202000034258";"28";"6";"2020";"19:45";"1";"31";"31231";"1";"1";"1";"6";"D12";"43,3108770";"1,4613320"
"202000034259";"3";"7";"2020";"21:10";"2";"38";"38189";"1";"1";"1";"1";"D518Z";"45,6388300";"5,0624500"
"202000034260";"19";"3";"2020";"22:00";"3";"72";"72169";"1";"1";"1";"6";"A11.1";"47,9562490";"0,0675920"
"202000034261";"20";"3";"2020";"05:57";"2";"60";"60312";"1";"1";"5";"6";"5 Les Prairies";"49,5800858";"1,7572954"
"202000034262";"19";"3";"2020";"21:00";"3";"40";"40017";"1";"1";"1";"7";"Route du Cap de Gascogne";"43,7221610";" -0,6039430"
"202000034263";"16";"3";"2020";"09:30";"1";"67";"67506";"2";"6";"1";"7";"Route de Strasbourg";"48,6615600";"7,7205510"
"202000034264";"20";"3";"2020";"01:05";"3";"57";"57495";"1";"1";"1";"2";"A4";"49,1337810";"6,5436240"
"202000034265";"17";"3";"2020";"20:45";"3";"33";"33049";"1";"1";"1";"2";"RN89 - (1er impact pris en compte et pas fin de course du VU retourné sur TPC)";"44,8811800";" -0,3564800"
"202000034266";"18";"3";"2020";"14:20";"1";"67";"67482";"1";"1";"1";"6";"Autoroute A.35";"48,5811760";"7,7240370"
"202000034267";"18";"3";"2020";"06:50";"2";"62";"62193";"1";"1";"1";"2";"AUTOROUTE A16";"50,9399965";"1,8331681"
"202000034268";"19";"3";"2020";"11:00";"1";"91";"91340";"1";"1";"1";"2";"RN 104";"48,6098800";"2,4424200"
"202000034269";"18";"3";"2020";"07:50";"1";"974";"97416";"2";"1";"1";"6";"MAURICE THOREZ(CHEMIN)";" -21,2782900";"55,4671100"
"202000034270";"17";"3";"2020";"15:55";"1";"974";"97409";"1";"1";"1";"6";"RN2 SENS ST BENOIT ST DENIS";" -20,9598600";"55,6580000"
"202000034271";"18";"3";"2020";"19:15";"5";"974";"97407";"2";"2";"1";"3";"CARPAYE(AVENUE)";" -20,9455400";"55,2982600"
"202000034272";"6";"2";"2020";"15:35";"1";"69";"69259";"2";"1";"1";"3";"REPUBLIQUE (DE LA)                  (AV)";"45,7069972";"4,8718786"
"202000034273";"18";"3";"2020";"18:40";"2";"972";"97209";"2";"1";"1";"3";"CLUNY (ROUTE DE)";"14,6123900";" -61,0794300"
"202000034274";"18";"3";"2020";"15:45";"1";"91";"91691";"2";"1";"1";"2";"MARCEAU BAILLIOTI(RUE)";"48,7070300";"2,4963500"
"202000034275";"12";"3";"2020";"15:00";"1";"91";"91521";"2";"1";"1";"6";"GRIGNY (ROUTE DE)";"48,6512740";"2,4030600"
"202000034276";"16";"3";"2020";"22:13";"5";"85";"85191";"2";"3";"1";"3";"Boulevard Aristide Briand";"46,6670400";" -1,4304100"
"202000034277";"18";"3";"2020";"11:05";"1";"77";"77243";"2";"1";"1";"6";"TANNEURS  (RUE DES  )";"48,8791200";"2,7042700"
"202000034278";"17";"3";"2020";"11:50";"1";"71";"71306";"2";"2";"1";"3";"Rue de Semard";"46,6711664";"4,3797488"
"202000034279";"18";"3";"2020";"16:50";"1";"69";"69256";"2";"2";"1";"3";"EMILE ZOLA                          (R )";"45,7772321";"4,9196325"
"202000034280";"7";"3";"2020";"11:20";"1";"59";"59507";"2";"1";"1";"2";"JAURES JEAN AVENUE.";"50,5986770";"3,0810470"
"202000034281";"11";"3";"2020";"05:50";"5";"59";"59569";"2";"1";"2";"6";"MOCHE (RUE ALCIDE)";"50,3657800";"3,1174100"
"202000034282";"6";"3";"2020";"10:00";"1";"59";"59327";"2";"1";"1";"6";"Rue de Montozon";"50,3906791";"3,1620087"
"202000034283";"13";"3";"2020";"08:40";"1";"58";"58194";"2";"6";"1";"3";"ORDRE NATIONAL DU MERITE";"46,9928000";"3,1677000"
"202000034284";"16";"3";"2020";"19:40";"3";"55";"55302";"1";"1";"1";"2";"RN935";"48,7470740";"5,2066080"
"202000034285";"13";"3";"2020";"16:00";"1";"31";"31555";"2";"1";"1";"7";"RUE DE L AUDE";"43,5821700";"1,4804900"
"202000034286";"18";"3";"2020";"17:50";"1";"29";"29232";"2";"1";"1";"6";"Rue de Rozarguer";"47,9704900";" -4,1139600"
"202000034287";"13";"3";"2020";"15:40";"1";"24";"24322";"2";"3";"1";"2";"Rue Victor Hugo";"45,1906110";"0,7097620"
"202000034288";"18";"3";"2020";"22:00";"5";"17";"17300";"2";"9";"1";"7";"BRIQUETERIE   RUE DE LA";"46,1616000";" -1,1656000"
"202000034289";"18";"3";"2020";"08:10";"1";"14";"14327";"1";"1";"5";"2";"PERIPHERIQUE NORD (BOULEVARD)";"49,1865200";" -0,3297000"
"202000034290";"30";"1";"2020";"15:51";"1";"10";"10297";"2";"1";"2";"6";"MARC VERDIER (RUE)";"48,3266800";"4,1104600"
"202000034291";"16";"3";"2020";"19:40";"3";"05";"05061";"2";"1";"1";" -1";"STE MARGUERITE ( ROUTE DE )";"44,5195800";"6,0642500"
"202000034292";"16";"3";"2020";"11:30";"1";"05";"05061";"2";"6";"1";"3";"VICTOR HUGO ( COURS  )";"44,5619500";"6,0777600"
"202000034293";"18";"3";"2020";"11:00";"1";"75";"75117";"2";"7";"1";"3";"PLACE DES TERNES";"48,8784110";"2,2983960"
"202000034294";"18";"3";"2020";"21:40";"5";"75";"75115";"2";"3";"1";"3";"BOULEVARD DE GRENELLE";"48,8517750";"2,2916910"
"202000034295";"17";"3";"2020";"13:45";"1";"94";"94028";"2";"9";"1";"3";"FOCH(AVENUE DU MARECHAL)";"48,7780900";"2,4384300"
"202000034296";"17";"3";"2020";"13:00";"1";"93";"93061";"2";"3";"1";"3";"R PERI GABRIEL / R GARIBALDI";"48,8870600";"2,4080300"
"202000034297";"17";"3";"2020";"11:25";"1";"92";"92050";"2";"2";"1";"3";"LENINE VLADIMIR ILITCH/ FOCH MARECHAL PLACE DU AVENUE";"48,8882600";"2,1941900"
"202000034298";"18";"3";"2020";"13:30";"1";"92";"92048";"2";"1";"1";"6";"MARCEL ALLEGOT (RUE)";"48,8211710";"2,2276370"
"202000034299";"3";"5";"2020";"14:15";"1";"92";"92019";"2";"1";"1";"7";"SALENGRO ROGER (RUE)";"48,7723963";"2,2753822"
"202000034300";"19";"3";"2020";"13:35";"1";"11";"11148";"1";"1";"1";"7";"A61";"43,1687070";"2,7099540"
"202000034301";"19";"3";"2020";"07:00";"3";"86";"86233";"1";"1";"1";"7";"Lieu-dit ""Les Genets""";"46,4971260";"0,6296650"
"202000034302";"18";"3";"2020";"18:20";"2";"971";"97132";"1";"1";"1";" -1";"L'ermitage";"15,9984290";" -61,6398020"
"202000034303";"18";"3";"2020";"22:00";"3";"38";"38284";"1";"1";"1";"6";"Route de Beaurepaire";"45,3909500";"5,2050000"
"202000034304";"19";"3";"2020";"12:15";"1";"01";"01291";"2";"1";"1";"6";"Route de Bolozard";"46,2447260";"4,9816670"
"202000034305";"18";"3";"2020";"17:00";"1";"60";"60481";"2";"1";"1";"3";"Rue de la Forêt";"49,2927140";"2,8585960"
"202000034306";"19";"3";"2020";"07:49";"5";"73";"73104";"1";"1";"1";"2";"autoroute A 43, PK 74.350 sens Lyon-Chambéry";"45,5540950";"5,7486710"
"202000034307";"13";"3";"2020";"13:35";"1";"41";"41220";"2";"9";"1";"6";"5 Avenue de Sologne";"47,7177060";"1,6168520"
"202000034308";"17";"3";"2020";"15:15";"1";"11";"11315";"1";"1";"1";"7";"D206";"43,2715420";"2,5766158"
"202000034309";"19";"3";"2020";"12:00";"1";"81";"81140";"1";"1";"1";"6";"Lieu dit Bataille";"43,6711930";"1,8405000"
"202000034310";"17";"3";"2020";"09:00";"1";"56";"56007";"2";"1";"1";"6";"26 Rue Martin Luther King";"47,6744110";" -3,0034840"
"202000034311";"19";"2";"2020";"11:40";"1";"33";"33550";"1";"9";"1";"2";"ROCADE A 630";"44,7845300";" -0,5417900"
"202000034312";"14";"1";"2020";"08:15";"5";"56";"56083";"2";"1";"2";"6";"REPUBLIQUE ( AV. DE LA )";"47,7988597";" -3,2933919"
"202000034313";"9";"1";"2020";"14:10";"1";"09";"09122";"2";"7";"1";"3";"LAQUIERE (RUE)";"42,9628800";"1,6083300"
"202000034314";"6";"1";"2020";"08:53";"1";"09";"09122";"1";"1";"1";"2";"BERT (RUE PAUL)";"42,9822290";"1,6132410"
"202000034315";"18";"3";"2020";"08:10";"1";"988";"98818";"2";"1";"1";"3";"RUE EDOUARD GLASSER";" -22,2929000";"166,4481500"
"202000034316";"17";"3";"2020";"17:40";"1";"988";"98818";"2";"3";"1";"3";"BAIE DES DAMES (ROUTE DE LA)";" -22,2347600";"166,4426100"
"202000034317";"17";"3";"2020";"11:35";"1";"988";"98818";"2";"1";"1";"6";"RUE ANATOLE FRANCE";" -22,2715100";"166,4424800"
"202000034318";"17";"3";"2020";"09:00";"1";"973";"97302";"2";"1";"1";"3";"MADELEINE (ROUTE DE LA)";"4,9271207";" -52,3247480"
"202000034319";"16";"3";"2020";"01:40";"3";"972";"97209";"1";"1";"1";"7";"RD 41 (ROCADE)";"14,6090700";" -61,0667000"
"202000034320";"17";"3";"2020";"11:00";"1";"91";"91687";"2";"1";"1";"6";"GENERAL DE GAULLE (AVENUE DU)";"48,6802000";"2,3804900"
"202000034321";"17";"3";"2020";"04:25";"5";"91";"91347";"2";"1";"1";"6";"CIMETIERE DES BOURGUIGONS (CHEMIN DU)";"48,6409900";"2,2850000"
"202000034322";"13";"3";"2020";"18:30";"1";"85";"85194";"1";"1";"1";"3";"Rue de la Bonne Vierge";"46,5118400";" -1,8174600"
"202000034323";"16";"3";"2020";"14:20";"1";"80";"80131";"1";"1";"1";"3";"MONTDIDIER (RUE DE)";"49,8370200";"2,4104900"
"202000034324";"13";"3";"2020";"23:45";"5";"78";"78168";"2";"5";"1";"3";"Route nationale 10";"48,7486500";"1,9249500"
"202000034325";"28";"2";"2020";"11:45";"1";"76";"76351";"2";"3";"2";"6";"MARECHAL JOFFRE (RUE)";"49,4989000";"0,1197300"
"202000034326";"17";"3";"2020";"07:00";"1";"69";"69282";"2";"6";"1";"3";"JEAN JAURES                         (R )";"45,7783000";"5,0217000"
"202000034327";"16";"3";"2020";"13:30";"1";"67";"67482";"2";"3";"1";"3";"KOENIGSHOFFEN (RUE DE)";"48,5804529";"7,7276513"
"202000034328";"15";"3";"2020";"02:40";"5";"64";"64122";"2";"1";"1";"7";"IMPERATRICE (AVENUE DE L')";"43,4881800";" -1,5533400"
"202000034329";"17";"3";"2020";"09:59";"1";"64";"64102";"2";"1";"8";"6";"AMADE  (ROND POINT)";"43,5023500";" -1,4789900"
"202000034330";"17";"3";"2020";"06:45";"2";"64";"64024";"2";"9";"2";"1";"ADOUR (AVENUE DE L')";"43,5210800";" -1,5029400"
"202000034331";"16";"3";"2020";"08:52";"1";"63";"63113";"2";"2";"2";"3";"BEAUPEYRAS (RUE DE)";"45,7947500";"3,0825700"
"202000034332";"15";"3";"2020";"09:36";"1";"63";"63113";"2";"3";"1";" -1";"FONTAINE DU LARGE (RUE DE LA)";"45,7927900";"3,0916600"
"202000034333";"16";"3";"2020";"14:05";"1";"62";"62193";"2";"3";"1";"3";"JACQUARD (BOULEVARD)";"50,9486700";"1,8539900"
"202000034334";"17";"3";"2020";"16:10";"1";"60";"60159";"2";"1";"1";"3";"GAMBETTA (BD)";"49,4127800";"2,8142800"
"202000034335";"17";"3";"2020";"10:50";"1";"59";"59599";"2";"1";"1";" -1";"DRON (AVENUE GUSTAVE)";"50,7189690";"3,1636680"
"202000034336";"13";"3";"2020";"09:10";"1";"59";"59178";"2";"6";"1";"3";"HERILLIER (PLACE L')";"50,3629800";"3,0781200"
"202000034337";"15";"3";"2020";"01:00";"5";"44";"44184";"2";"1";"1";"6";"LONGUET (RUE CHARLES)";"47,2842820";" -2,2291320"
"202000034338";"15";"3";"2020";"18:30";"1";"37";"37122";"2";"1";"1";" -1";"LAVOISIER (RUE)";"47,3465104";"0,6548812"
"202000034339";"17";"3";"2020";"20:30";"3";"35";"35051";"1";"1";"1";"6";"RN136";"48,1497600";" -1,6083800"
"202000034340";"15";"3";"2020";"01:56";"5";"35";"35238";"2";"9";"1";"7";"GAYEULLES (AVENUE DES)";"48,1374200";" -1,6522400"
"202000034341";"17";"3";"2020";"17:25";"1";"33";"33063";"2";"2";"1";"1";"PCE DES MARTYRS DE LA RESISTANCE / RUE DU MANEGE";"44,8419800";" -0,5845200"
"202000034342";"16";"3";"2020";"17:45";"1";"31";"31555";"2";"1";"2";"3";"BD DE SUISSE";"43,6218200";"1,4250000"
"202000034343";"16";"3";"2020";"14:00";"1";"31";"31555";"2";"1";"1";"3";"BD JEAN BRUNHES";"43,6012400";"1,4202500"
"202000034344";"16";"3";"2020";"08:40";"1";"31";"31557";"2";"2";"1";"3";"GASCOGNE (AV DE)";"43,5870600";"1,3450700"
"202000034345";"15";"3";"2020";"02:30";"3";"31";"31555";"1";"1";"2";"2";"VA007331 A620";"43,5912342";"1,3989233"
"202000034346";"17";"3";"2020";"07:45";"1";"17";"17274";"2";"6";"1";"2";"REPUBLIQUE   ROND-POINT DE LA";"46,1530300";" -1,1119700"
"202000034347";"17";"3";"2020";"15:28";"1";"13";"13201";"2";"9";"1";"6";"BELSUNCE (COURS)";"43,2973155";"5,3774080"
"202000034348";"17";"3";"2020";"10:25";"1";"13";"13047";"2";"1";"1";"6";"BAUMES RUE DES";"43,5099200";"4,9826000"
"202000034349";"14";"3";"2020";"11:40";"1";"13";"13004";"1";"1";"1";"1";"RTE DE FONTVIEILLE RAPHELE";"43,7060070";"4,6584000"
"202000034350";"14";"3";"2020";"17:22";"1";"11";"11262";"2";"6";"1";"3";"ELYSIQUES (VOIES DES)";"43,1849100";"2,9791700"
"202000034351";"16";"3";"2020";"18:50";"1";"75";"75120";"2";"2";"1";" -1";"RUE D AVRON";"48,8518366";"2,4013825"
"202000034352";"17";"3";"2020";"04:30";"5";"75";"75117";"2";"3";"1";"6";"BOULEVARD DES BATIGNOLLES";"48,8819070";"2,3188860"
"202000034353";"16";"3";"2020";"01:15";"5";"75";"75116";"2";"2";"1";"6";"AVENUE GEORGES MANDEL";"48,8635020";"2,2815760"
"202000034354";"17";"3";"2020";"11:30";"1";"94";"94077";"2";"2";"1";"6";"HENRI GILBERT (AV)";"48,7353000";"2,4243000"
"202000034355";"16";"3";"2020";"18:25";"2";"94";"94069";"2";"2";"1";"3";"GRAVELLE (AV DE)";"48,8241000";"2,4227800"
"202000034356";"16";"3";"2020";"18:20";"2";"94";"94017";"2";"1";"1";"6";"GALLIENI (QU)";"48,8111800";"2,4952800"
"202000034357";"16";"3";"2020";"17:59";"1";"93";"93066";"2";"1";"1";"3";"R PAUL ELUARD";"48,9394200";"2,3449900"
"202000034358";"17";"3";"2020";"12:00";"1";"92";"92078";"2";"1";"1";"1";"JEAN MOULIN (AVENUE) (1 AU 81)";"48,9403790";"2,3288770"
"202000034359";"11";"3";"2020";"20:19";"5";"92";"92044";"2";"2";"1";"2";"ARISTIDE BRIAND(RUE) 1 A 49 ET 2 A 52";"48,8907200";"2,2843590"
"202000034360";"16";"3";"2020";"23:40";"5";"92";"92040";"2";"4";"1";"3";"GARIBALDI (BOULEVARD)";"48,8212220";"2,2613510"
"202000034361";"16";"3";"2020";"15:30";"1";"92";"92036";"2";"1";"1";"3";"MARCEL PAUL (AVENUE) (1/103)";"48,9433930";"2,3032740"
"202000034362";"16";"3";"2020";"16:40";"1";"41";"41167";"2";"1";"1";"6";"rue du vieux moulin";"47,4973660";"1,1753440"
"202000034363";"5";"3";"2020";"15:40";"1";"74";"74068";"1";"3";"3";"1";"8 Rue du Mont Blanc";"46,0614910";"5,8679230"
"202000034364";"16";"3";"2020";"17:39";"1";"65";"65375";"1";"2";"1";"5";"D5-D6";"43,3728970";"0,1538760"
"202000034365";"17";"3";"2020";"07:40";"2";"61";"61464";"1";"1";"1";"6";"D958";"48,6179560";"0,1511420"
"202000034366";"14";"2";"2020";"16:00";"1";"02";"02475";"1";"1";"1";"3";"36 Rue de Guignicourt";"49,4216030";"3,9977150"
"202000034367";"18";"3";"2020";"14:50";"1";"66";"66202";"2";"1";"1";"1";"D618";"42,4982900";"2,0026180"
"202000034368";"17";"3";"2020";"12:20";"1";"18";"18015";"1";"1";"1";"6";"Route de Ménétréol";"47,4681370";"2,3714160"
"202000034369";"17";"3";"2020";"16:30";"1";"17";"17003";"2";"1";"1";"6";"6 Rue de Saint-christophe";"46,1180070";" -0,9341340"
"202000034370";"18";"3";"2020";"07:30";"1";"68";"68015";"1";"1";"1";"4";"A36";"47,7897760";"7,4466710"
"202000034371";"18";"3";"2020";"08:28";"1";"06";"06157";"1";"1";"1";"6";"Route de Coursegoules";"43,7526440";"7,0921580"
"202000034372";"18";"3";"2020";"15:50";"1";"03";"03056";"1";"1";"1";"7";"Clos Bargeon";"46,0888720";"3,5504060"
"202000034373";"15";"3";"2020";"17:15";"1";"33";"33433";"2";"3";"1";"2";"Chemin de Loustalot / chemin Louis Aragon";"44,9099700";" -0,4382100"
"202000034374";"16";"3";"2020";"08:20";"1";"33";"33096";"1";"1";"2";"4";"AUTOROUTE A10";"44,8885800";" -0,5047300"
"202000034375";"17";"3";"2020";"11:58";"1";"91";"91161";"1";"1";"1";"4";"AUTOROUTE A6";"48,7101000";"2,3079000"
"202000034376";"16";"3";"2020";"09:35";"1";"93";"93048";"1";"1";"1";"3";"AUTOROUTE A86";"48,8649600";"2,4821000"
"202000034377";"14";"3";"2020";"21:10";"3";"93";"93006";"1";"1";"1";"2";"AUTOROUTE A3";"48,8691800";"2,4295400"
"202000034378";"17";"3";"2020";"15:00";"1";"94";"94074";"1";"1";"1";"7";"RN406.Y";"48,7659690";"2,4582200"
"202000034379";"14";"3";"2020";"22:10";"3";"77";"77438";"1";"1";"1";"6";"A104";"48,8662469";"2,6701001"
"202000034380";"4";"1";"2020";"15:35";"1";"974";"97407";"2";"1";"3";"6";"Boulevard de la Marine";" -20,9500000";"55,2929700"