"Num_Acc";"jour";"mois";"an";"hrmn";"lum";"dep";"com";"agg";"int";"atm";"col";"adr";"lat";"long"
"202000034574";"14";"2";"2020";"05:10";"3";"50";"50064";"1";"1";"1";"6";"D330";"49,3978200";" -1,4554740"
"202000034575";"14";"2";"2020";"04:40";"3";"60";"60667";"1";"1";"2";"6";"D123";"49,3110561";"2,7472992"
"202000034576";"2";"9";"2020";"20:50";"2";"74";"74178";"1";"1";"1";"6";"D910";"45,9615210";"5,9402940"
"202000034577";"2";"9";"2020";"17:45";"1";"82";"82152";"1";"2";"7";"3";"Lieu Dit Las Parets";"44,0210660";"1,0754850"
"202000034578";"2";"9";"2020";"10:45";"1";"82";"82108";"2";"7";"1";"6";"2 Route de Montech";"44,0882242";"1,2388783"
"202000034579";"3";"9";"2020";"07:45";"2";"33";"33140";"1";"1";"1";"6";"69 Route de la Forêt";"44,7836600";" -0,3256700"
"202000034580";"12";"2";"2020";"18:30";"5";"18";"18075";"2";"1";"1";"1";"Impasse des Crots Jaunes";"47,0314260";"3,0278050"
"202000034581";"14";"2";"2020";"16:45";"1";"04";"04141";"1";"1";"1";"7";"RD 950";"44,0118095";"5,6976835"
"202000034582";"31";"8";"2020";"13:35";"1";"71";"71269";"2";"1";"1";"6";"D 906";"46,7543690";"4,8466930"
"202000034583";"22";"1";"2020";"16:20";"2";"28";"28136";"1";"1";"7";"2";"D309.4";"48,7081530";"1,4167860"
"202000034584";"13";"2";"2020";"15:45";"1";"87";"87078";"1";"1";"2";"7";"Le Chene Vert";"45,9772810";"0,9449740"
"202000034585";"3";"9";"2020";"08:35";"1";"89";"89283";"1";"2";"1";"3";"D85";"47,6433740";"3,3846530"
"202000034586";"14";"2";"2020";"18:30";"3";"87";"87109";"1";"1";"1";"6";"Oradour-Saint-Genest";"46,2592440";"1,0380150"
"202000034587";"11";"2";"2020";"00:40";"3";"10";"10083";"1";"1";"2";"6";"Autoroute A5 de Melun à Langres";"48,1874340";"4,2800330"
"202000034588";"2";"9";"2020";"20:32";"2";"63";"63258";"1";"1";"1";"5";"D906";"45,6981157";"3,5906628"
"202000034589";"1";"9";"2020";"20:15";"2";"61";"61484";"1";"1";"1";"7";"78 Le Genetet";"48,3053490";"0,7143630"
"202000034590";"3";"9";"2020";"02:15";"3";"12";"12208";"1";"1";"1";"6";"D54";"43,9884920";"2,7772240"
"202000034591";"14";"2";"2020";"08:50";"1";"60";"60030";"1";"1";"8";"7";"Autoroute A16";"49,3453029";"2,1073678"
"202000034592";"2";"9";"2020";"15:15";"1";"12";"12076";"1";"1";"1";"7";"D606";"44,5831780";"2,3730470"
"202000034593";"13";"2";"2020";"12:50";"1";"67";"67106";"1";"1";"8";"6";"A35";"48,7729625";"7,9413546"
"202000034594";"11";"2";"2020";"18:00";"2";"34";"34159";"1";"1";"1";"2";"D612";"43,5252150";"3,8178780"
"202000034595";"2";"9";"2020";"08:35";"2";"44";"44015";"2";"1";"7";"6";"Avenue de la République";"47,4739880";" -1,7635120"
"202000034596";"9";"2";"2020";"10:24";"1";"06";"06152";"1";"1";"1";" -1";"Route de Biot";"43,6427060";"7,0252260"
"202000034597";"13";"2";"2020";"11:24";"1";"79";"79125";"1";"9";"6";"7";"N/A";"46,2369570";" -0,4348200"
"202000034598";"13";"2";"2020";"19:45";"5";"973";"97360";"2";"1";"1";"3";"97 Avenue Francois Mitterand";"5,1624810";" -54,3379710"
"202000034599";"2";"9";"2020";"18:00";"1";"29";"29049";"2";"1";"1";"3";"2 Rue Pierre Loti";"47,9948110";" -3,8884900"
"202000034600";"4";"8";"2020";"10:20";"1";"38";"38439";"1";"1";"1";"3";"Rue du Vieux Moulin";"45,3683376";"6,0005275"
"202000034601";"2";"9";"2020";"20:15";"1";"02";"02286";"1";"1";"1";"6";"Route de Foucommé";"49,9880520";"3,7384790"
"202000034602";"14";"2";"2020";"06:10";"5";"42";"42056";"1";"1";"2";"5";"D1086";"45,4183240";"4,7379720"
"202000034603";"14";"2";"2020";"09:45";"1";"988";"98831";"1";"1";"1";"6";"ROUTE TERRITORIALE N°1";" -20,8857610";"164,6597360"
"202000034604";"2";"9";"2020";"16:45";"1";"15";"15248";"1";"1";"1";"3";"Départementale 134";"45,0541970";"2,9211400"
"202000034605";"14";"2";"2020";"07:35";"3";"33";"33203";"1";"1";"5";"3";"Route de Vendays";"45,2014500";" -1,0734800"
"202000034606";"1";"9";"2020";"10:18";"1";"70";"70408";"1";"1";"1";"7";"D12";"47,2874610";"5,5919420"
"202000034607";"3";"9";"2020";"16:34";"1";"58";"58142";"1";"1";"1";"6";"D18";"46,9588600";"3,7553290"
"202000034608";"3";"9";"2020";"12:45";"1";"58";"58232";"2";"1";"1";"3";"15 Rue Francois Mitterrand";"47,0057960";"3,3923770"
"202000034609";"3";"9";"2020";"19:25";"1";"58";"58072";"1";"1";"1";"6";"RD 13";"46,9370190";"3,2147880"
"202000034610";"12";"2";"2020";"19:35";"3";"91";"91207";"1";"1";"1";"4";"N20";"48,5853370";"2,2338510"
"202000034611";"14";"2";"2020";"11:30";"1";"2A";"2A247";"2";"3";"1";"6";"Rue Renuccio- Della - Rocca";"41,5990730";"9,2730620"
"202000034612";"12";"2";"2020";"20:10";"5";"83";"83019";"2";"1";"1";"6";"Avenue des Lauriers";"43,1227785";"6,3563449"
"202000034613";"14";"2";"2020";"11:00";"1";"89";"89111";"1";"1";"1";"6";"A5";"48,2384150";"3,4568530"
"202000034614";"3";"9";"2020";"17:55";"1";"50";"50087";"1";"1";"1";"1";"Route des Haguenées";"49,5637440";" -1,5828140"
"202000034615";"2";"9";"2020";"12:40";"1";"60";"60129";"1";"1";"1";"3";"D145";"49,5260172";"3,0257979"
"202000034616";"13";"2";"2020";"19:28";"3";"08";"08263";"1";"1";"2";"7";"A34";"49,7339530";"4,7992230"
"202000034617";"14";"2";"2020";"15:00";"1";"55";"55122";"1";"1";"1";"6";"Départementale 958";"48,7431440";"5,5713130"
"202000034618";"3";"9";"2020";"12:00";"1";"04";"04217";"2";"3";"1";"3";"RD 17 / Place du mitan";"44,1362570";"6,1325760"
"202000034619";"12";"2";"2020";"17:50";"2";"74";"74250";"2";"1";"1";"3";"Avenue du Mont-blanc";"46,0730720";"6,3933590"
"202000034620";"3";"9";"2020";"17:15";"1";"82";"82033";"1";"1";"7";"6";"A62 - PK 169+300";"44,0553330";"1,1024740"
"202000034621";"3";"9";"2020";"11:10";"1";"13";"13001";"1";"1";"1";"2";"A8";"43,5117750";"5,4500660"
"202000034622";"2";"9";"2020";"15:20";"1";"37";"37173";"1";"1";"1";"1";"N/A";"47,1465636";"1,2967177"
"202000034623";"13";"2";"2020";"17:40";"2";"42";"42323";"1";"1";"6";"1";"Rue Charles Nungesser";"45,5580260";"4,3082210"
"202000034624";"3";"9";"2020";"18:20";"2";"38";"38173";"1";"1";"1";"6";"D1091";"45,0407300";"6,1244900"
"202000034625";"3";"9";"2020";"17:00";"1";"30";"30326";"1";"1";"1";"2";"A9";"44,0056110";"4,7083070"
"202000034626";"14";"2";"2020";"18:30";"2";"31";"31395";"1";"1";"1";"1";"Chemin de Barrada";"43,4663680";"1,2625690"
"202000034627";"2";"9";"2020";"18:30";"2";"973";"97304";"2";"1";"1";"3";"16 Avenue Gaston Monnerville";"5,1669421";" -52,6510119"
"202000034628";"14";"2";"2020";"16:00";"1";"50";"50554";"2";"1";"1";"6";"Rue Jeanne Paisnel";"48,6819260";" -1,3375160"
"202000034629";"3";"9";"2020";"14:15";"1";"2B";"2B205";"1";"1";"1";"1";"Marines du Soleil";"42,6956640";"9,3328640"
"202000034630";"3";"9";"2020";"01:25";"3";"2A";"2A139";"1";"1";"1";"6";"T10";"41,6663560";"9,3070610"
"202000034631";"29";"8";"2020";"20:04";"2";"84";"84036";"1";"1";"1";"2";"3 Lotissement Parc des Felibres";"43,9307860";"4,9427440"
"202000034632";"13";"2";"2020";"22:30";"3";"35";"35012";"1";"1";"2";"6";"La Haute Loutrais";"47,8497230";" -1,7190150"
"202000034633";"14";"2";"2020";"14:20";"1";"60";"60612";"2";"1";"1";"6";"19 Avenue Félix Vernois";"49,2065637";"2,5786248"
"202000034634";"23";"8";"2020";"16:10";"1";"04";"04062";"1";"1";"1";"7";"RD 900";"44,4559770";"6,7441250"
"202000034635";"14";"2";"2020";"03:28";"3";"60";"60504";"1";"3";"1";"6";"D125";"49,3417252";"2,1996807"
"202000034636";"3";"9";"2020";"17:45";"1";"13";"13049";"1";"1";"1";"3";"D538";"43,6888220";"5,0937510"
"202000034637";"14";"2";"2020";"03:00";"3";"60";"60009";"1";"1";"1";"7";"RD927";"49,3870418";"2,1000419"
"202000034638";"2";"9";"2020";"18:00";"1";"21";"21021";"2";"4";"1";"2";"56 Rue de Dijon";"47,3459944";"5,1865618"
"202000034639";"14";"2";"2020";"18:45";"5";"59";"59080";"2";"1";"1";"3";"rue albert ricquier";"50,4590853";"3,2868379"
"202000034640";"2";"9";"2020";"16:21";"1";"68";"68063";"1";"1";"8";"7";"Rue de Mulhouse";"47,7958090";"7,1574020"
"202000034641";"12";"2";"2020";"18:00";"3";"13";"13071";"1";"1";"1";"2";"A55 - Sens Marseille vers Martigues";"43,3982862";"5,2879424"
"202000034642";"1";"9";"2020";"21:19";"5";"03";"03315";"2";"2";"1";"3";"Avenue du 8 Mai 1945";"46,3969393";"2,8563783"
"202000034643";"13";"2";"2020";"14:45";"1";"13";"13055";"1";"1";"1";"7";"A507 sens Marseille - Aubagne";"43,2964590";"5,4246080"
"202000034644";"3";"9";"2020";"07:00";"1";"63";"63141";"1";"1";"1";"6";"Route de la Baraque";"45,7858600";"3,0406700"
"202000034645";"12";"2";"2020";"07:30";"1";"13";"13202";"1";"1";"1";"4";"TVPCM-Sens Saint Victor vers Les Ports";"43,2939070";"5,3643000"
"202000034646";"12";"2";"2020";"14:00";"1";"69";"69199";"1";"1";"1";" -1";"RD383 ";"45,7014400";"4,8454400"
"202000034647";"3";"9";"2020";"17:00";"1";"42";"42132";"1";"1";"1";"7";"Route du Bourg";"45,3862970";"4,7258060"
"202000034648";"13";"2";"2020";"12:30";"1";"91";"91521";"1";"1";"2";"7";"RN 104";"48,6362000";"2,4028000"
"202000034649";"2";"9";"2020";"14:45";"1";"38";"38109";"2";"1";"1";"3";"Rue Cote Blanche";"45,7007130";"5,2164190"
"202000034650";"13";"2";"2020";"11:05";"1";"91";"91617";"1";"1";"2";"5";"RN 104";"48,6375000";"2,5353000"
"202000034651";"3";"9";"2020";"12:15";"1";"38";"38442";"1";"1";"1";"7";"D520b";"45,3506900";"5,7846100"
"202000034652";"12";"2";"2020";"16:45";"1";"91";"91471";"1";"1";"1";"6";"RN 118";"48,7156000";"2,1731000"
"202000034653";"13";"2";"2020";"19:30";"3";"78";"78423";"1";"1";"1";"4";"RN12";"48,7933800";"2,0523800"
"202000034654";"3";"9";"2020";"06:30";"2";"26";"26038";"1";"1";"1";"6";"Route de l'Herbasse";"45,0355900";"4,9346200"
"202000034655";"12";"2";"2020";"08:50";"1";"95";"95572";"1";"1";"1";"3";"AUTOROUTE A15";"49,0344900";"2,1016100"
"202000034656";"11";"2";"2020";"20:15";"3";"93";"93063";"1";"1";"1";"2";"AUTOROUTE A3";"48,8774500";"2,4448600"
"202000034657";"3";"9";"2020";"06:55";"1";"26";"26085";"1";"3";"1";"3";"N 7";"44,5044560";"4,7438510"
"202000034658";"13";"2";"2020";"19:35";"3";"94";"94079";"1";"1";"2";"3";"A4";"48,8271600";"2,5247300"
"202000034659";"29";"8";"2020";"12:35";"1";"01";"01276";"1";"9";"1";"7";"Rue Henri Jomain";"45,8268050";"5,0675950"
"202000034660";"13";"2";"2020";"18:45";"3";"93";"93051";"1";"1";"2";"2";"A4";"48,8354100";"2,5674200"
"202000034661";"21";"8";"2020";"18:30";"1";"69";"69140";"2";"1";"7";"3";"D30";"45,8976705";"4,7009804"
"202000034662";"13";"2";"2020";"16:00";"1";"94";"94073";"1";"1";"1";"2";"A86 INT";"48,7715133";"2,3920170"
"202000034663";"1";"9";"2020";"15:20";"1";"09";"09160";"1";"1";"1";"6";"Avenue de Belesta";"42,9234860";"1,8687700"
"202000034664";"13";"2";"2020";"06:20";"3";"77";"77449";"1";"1";"1";"2";"A4";"48,8336962";"2,7968183"
"202000034665";"3";"9";"2020";"09:10";"1";"64";"64422";"2";"1";"1";"7";"Rue Alfred de Vigny";"43,1917820";" -0,6127670"
"202000034666";"12";"2";"2020";"23:30";"5";"974";"97416";"2";"3";"1";"1";"DELISLES (ROUTE HUBERT) CD3";" -21,3435000";"55,4743000"
"202000034667";"3";"9";"2020";"13:50";"1";"50";"50099";"2";"1";"1";" -1";"22 Route de Saint-côme";"49,3090950";" -1,2545120"
"202000034668";"11";"2";"2020";"17:30";"1";"974";"97416";"1";"1";"2";"7";"DES ASSISES(CHEMIN)";" -21,2843700";"55,4669000"
"202000034669";"10";"2";"2020";"10:30";"1";"974";"97411";"2";"2";"1";"3";"Rue de Paris";" -20,8838486";"55,4503967"
"202000034670";"11";"2";"2020";"11:00";"1";"974";"97411";"2";"3";"1";"3";"Rue de Paris";" -20,8839528";"55,4504204"
"202000034671";"11";"2";"2020";"11:25";"1";"974";"97407";"2";"1";"1";"6";"VERGES(AVENUE)";" -20,9396400";"55,3044400"
"202000034672";"2";"9";"2020";"16:00";"1";"13";"13215";"1";"1";"1";"7";"A7-Sens Marseille vers Lyon";"43,3580400";"5,3628000"
"202000034673";"12";"2";"2020";"16:30";"1";"973";"97302";"2";"1";"1";"3";"BADUEL (ROUTE DE)";"4,9357000";" -52,3131000"
"202000034674";"1";"9";"2020";"15:07";"1";"62";"62239";"1";"1";"1";"6";"AUTOROUTE A16";"50,9261940";"1,8022730"
"202000034675";"11";"2";"2020";"12:40";"1";"973";"97302";"1";"6";"1";"3";"CRIQUE FOUILLEE (ROND POINT)";"4,8970086";" -52,3284066"
"202000034676";"31";"8";"2020";"16:00";"1";"59";"59143";"1";"1";"1";"6";"AUTOROUTE A25";"50,6644170";"2,8855600"
"202000034677";"12";"2";"2020";"09:00";"1";"69";"69387";"2";"2";"1";"1";"BERTHELOT                           (AV)";"45,7434000";"4,8472000"
"202000034678";"11";"2";"2020";"11:00";"1";"69";"69381";"2";"1";"1";"6";"TERRAILLE                           (R )";"45,7687000";"4,8355000"
"202000034679";"12";"2";"2020";"18:45";"1";"2A";"2A004";"2";"3";"1";"1";"AMIRAUTE PORT BD CHARLES BONAPARTE";"41,9315400";"8,7403500"
"202000034680";"21";"8";"2020";"00:50";"3";"59";"59509";"1";"1";"1";"6";"AUTOROUTE A21";"50,3993070";"3,1063060"
"202000034681";"11";"2";"2020";"18:30";"2";"95";"95277";"1";"1";"1";"4";"route departementale 317";"48,9810180";"2,4672590"
"202000034682";"2";"9";"2020";"08:36";"1";"91";"91363";"1";"1";"1";"4";"RN 104";"48,6526790";"2,1814840"
"202000034683";"11";"2";"2020";"23:59";"3";"91";"91103";"1";"1";"1";"7";"CD 19";"48,5945700";"2,3117300"
"202000034684";"11";"2";"2020";"13:55";"1";"90";"90010";"2";"3";"2";"6";"MONTBELIARD (FAUBOURG DE)";"47,6328100";"6,8599200"
"202000034685";"11";"2";"2020";"19:30";"5";"87";"87085";"2";"2";"1";"3";"PETINIAUD BEAUPEYRAT (RUE)";"45,8259400";"1,2507500"
"202000034686";"12";"2";"2020";"15:05";"1";"83";"83034";"2";"1";"1";"2";"CD559";"43,1116868";"6,0520389"
"202000034687";"2";"9";"2020";"08:35";"1";"94";"94065";"1";"1";"1";"4";"AUTOROUTE A86";"48,7548400";"2,3460300"
"202000034688";"11";"2";"2020";"16:35";"1";"76";"76157";"1";"1";"1";"1";"SAHURS. ROUTE DE (CD 351)";"49,4316000";"1,0133700"
"202000034689";"2";"9";"2020";"07:00";"1";"91";"91286";"1";"1";"1";"3";"AUTOROUTE A6";"48,6558800";"2,3785700"
"202000034690";"11";"2";"2020";"13:40";"1";"71";"71306";"2";"1";"1";"3";"Quai Jules Chagot";"46,6776001";"4,3649444"
"202000034691";"2";"9";"2020";"10:35";"1";"92";"92025";"1";"1";"1";"4";"A86";"48,9185500";"2,2233900"
"202000034692";"12";"2";"2020";"15:15";"1";"69";"69266";"2";"1";"1";"6";"8 MAI 1945   (Rue du)";"45,7789000";"4,8918300"
"202000034693";"2";"9";"2020";"08:00";"1";"78";"78007";"1";"1";"1";"4";"A13 Y";"48,8946900";"2,0075050"
"202000034694";"11";"2";"2020";"17:20";"2";"67";"67482";"2";"1";"6";"3";"DROITS DE L HOMME (ALLEE DES)";"48,5966450";"7,7757140"
"202000034695";"11";"2";"2020";"09:20";"1";"67";"67482";"2";"1";"6";"2";"HOPITAL (ROUTE DE L )";"48,5725071";"7,7502474"
"202000034696";"11";"2";"2020";"17:40";"1";"66";"66136";"2";"3";"1";"3";"SOUBIELLE (AVENUE DU COMMANDANT)";"42,7033013";"2,8846683"
"202000034697";"2";"9";"2020";"07:15";"1";"92";"92025";"1";"1";"1";"3";"A86";"48,9335186";"2,2533307"
"202000034698";"11";"2";"2020";"12:05";"1";"64";"64445";"2";"1";"2";"6";"PAUL ET HENRI COURTEAULT";"43,3102000";" -0,3599400"
"202000034699";"10";"2";"2020";"17:53";"1";"63";"63113";"2";"1";"1";"6";"LAENNEC (RUE)";"45,7907200";"3,1125900"
"202000034700";"2";"9";"2020";"18:00";"1";"93";"93053";"1";"1";"1";"4";"AUTOROUTE A3";"48,8838500";"2,4599500"
"202000034701";"7";"2";"2020";"13:00";"1";"62";"62548";"2";"1";"1";"3";"AVENUE DE CALAIS";"50,9472800";"1,9315340"
"202000034702";"12";"2";"2020";"19:30";"5";"59";"59350";"2";"1";"1";"2";"ALSACE BOULEVARD D";"50,6180200";"3,0713700"
"202000034703";"2";"9";"2020";"10:30";"1";"95";"95527";"1";"1";"1";"3";" A3";"48,9870819";"2,5051041"
"202000034704";"23";"1";"2020";"16:30";"1";"59";"59350";"2";"2";"1";"3";"FOCH RUE DU MARECHAL";"50,6352500";"3,0581100"
"202000034705";"2";"9";"2020";"06:40";"2";"93";"93078";"1";"1";"1";"4";"AUTOROUTE A104";"48,9691200";"2,5057300"
"202000034706";"12";"2";"2020";"00:45";"5";"59";"59509";"2";"1";"1";"6";"FRANCE (RUE ANATOLE)";"50,4177700";"3,0988700"
"202000034707";"18";"6";"2020";"05:00";"2";"69";"69163";"1";"1";"1";"6";"A466";"45,9256713";"4,7594001"
"202000034708";"12";"2";"2020";"22:40";"5";"57";"57463";"2";"1";"1";"6";"AMPHITHEATRE (AVENUE DE L')";"49,1107769";"6,1833065"
"202000034709";"11";"2";"2020";"08:30";"1";"56";"56260";"2";"1";"8";"2";"PONTIVY(BOULEVARD DE)";"47,6800100";" -2,7709600"
"202000034710";"12";"2";"2020";"14:00";"1";"51";"51454";"2";"1";"1";"4";"Avenue de Champagne";"49,2348800";"4,0412400"
"202000034711";"30";"6";"2020";"16:30";"1";"91";"91549";"1";"6";"1";"6";"FOSSE AUX LEUX (RUE DE LA)";"48,6202930";"2,3380930"
"202000034712";"12";"2";"2020";"08:00";"2";"51";"51172";"2";"1";"8";"2";"Avenue Nicéphore Niépce";"49,2212577";"4,0642085"
"202000034713";"11";"2";"2020";"16:29";"1";"49";"49007";"2";"1";"1";"5";"MIRABEAU";"47,4604600";" -0,5516400"
"202000034714";"6";"3";"2020";"22:15";"3";"62";"62510";"1";"4";"1";"3";"CD 58";"50,4365000";"2,7504600"
"202000034715";"12";"2";"2020";"16:10";"1";"45";"45234";"2";"1";"1";"3";"Rue Jousselin";"47,9021900";"1,9312500"
"202000034716";"11";"2";"2020";"13:35";"1";"45";"45208";"2";"2";"1";"3";"D163 PR 0+1";"47,9982800";"2,7463920"
"202000034717";"30";"8";"2020";"14:04";"1";"988";"98818";"2";"1";"1";"6";"COOK (AVENUE JAMES)";" -22,2668300";"166,4146900"
"202000034718";"12";"2";"2020";"08:01";"1";"44";"44109";"2";"1";"1";"2";"PORTE DE LA CHAPELLE";"47,2583738";" -1,5555847"
"202000034719";"28";"8";"2020";"20:35";"5";"988";"98818";"2";"3";"3";"1";"VOIE DE DEGAGEMENT EST/RUE CHARLEROI";" -22,2789100";"166,4626100"
"202000034720";"12";"2";"2020";"07:05";"1";"37";"37261";"2";"3";"1";"3";"WAGNER (BOULEVARD RICHARD)";"47,3741447";"0,6986647"
"202000034721";"12";"2";"2020";"17:50";"1";"35";"35278";"1";"1";"1";"3";"RN 136 PORTE DE MAUREPAS";"48,1416000";" -1,6707000"
"202000034722";"12";"2";"2020";"15:20";"1";"35";"35238";"2";"6";"1";"7";"VITRE (BLD DE)";"48,1225700";" -1,6512500"
"202000034723";"27";"8";"2020";"14:57";"1";"988";"98818";"2";"3";"1";"3";"RUE PELATAN/RUE AMPERE";" -22,2309900";"166,4495900"
"202000034724";"1";"9";"2020";"17:05";"1";"974";"97416";"1";"3";"1";"3";"Route de la Ligne Paradis";" -21,3034500";"55,4602000"
"202000034725";"12";"2";"2020";"12:30";"1";"33";"33063";"2";"3";"1";"3";"AVE DES QUARANTES JOURNAUX / AVE MARCEL DASSAULT";"44,8834079";" -0,5715453"
"202000034726";"1";"9";"2020";"15:58";"1";"974";"97411";"2";"1";"1";"1";"PONT (RUE DU)";" -20,8782954";"55,4454620"
"202000034727";"12";"2";"2020";"11:40";"1";"33";"33063";"2";"2";"1";"3";"BD ANTOINE GAUTIER / RUE GENERAL DE LARMINAT";"44,8333600";" -0,5986000"
"202000034728";"12";"2";"2020";"08:54";"2";"33";"33063";"2";"1";"2";"6";"CRS DE VERDUN";"44,8509500";" -0,5744000"
"202000034729";"12";"2";"2020";"16:50";"1";"32";"32013";"1";"1";"1";"5";"ROCADE (RN 124 OUEST)";"43,6654000";"0,5702000"
"202000034730";"31";"8";"2020";"10:20";"1";"973";"97302";"2";"1";"7";"2";"BRUTUS (CITE)";"4,9343038";" -52,3172808"
"202000034731";"11";"2";"2020";"17:30";"1";"31";"31555";"1";"1";"1";"5";"VA007331 A620";"43,6238400";"1,4179600"
"202000034732";"1";"9";"2020";"21:50";"5";"69";"69387";"2";"2";"1";"3";"MARCEL MERIEUX                      (R )";"45,7343101";"4,8296352"
"202000034733";"17";"1";"2020";"17:00";"2";"27";"27229";"2";"1";"2";"6";"POLITZER (RUE GEORGES)";"49,0066800";"1,1465300"
"202000034734";"1";"9";"2020";"14:20";"1";"69";"69387";"2";"1";"1";"6";"GAMBETTA                            (CO)";"45,7556400";"4,8421000"
"202000034735";"12";"2";"2020";"17:15";"1";"25";"25056";"2";"1";"8";"2";"RELANCONS CHEMIN DES";"47,2714700";"6,0447800"
"202000034736";"1";"9";"2020";"11:45";"1";"69";"69386";"2";"1";"1";"6";"JULES FAVRE                         (BD)";"45,7653500";"4,8589600"
"202000034737";"12";"2";"2020";"12:30";"1";"14";"14118";"2";"2";"1";"3";"LEROY (BOULEVARD)";"49,1717900";" -0,3485700"
"202000034738";"12";"2";"2020";"00:20";"5";"13";"13117";"2";"1";"1";"7";"8 MAI 1945 (AVENUE)";"43,4235130";"5,2745110"
"202000034739";"11";"2";"2020";"12:20";"1";"13";"13117";"1";"9";"1";"3";"CD20 E";"43,4234557";"5,2402478"
"202000034740";"13";"2";"2020";"01:00";"5";"13";"13210";"2";"1";"1";"3";"RABATAU (BOULEVARD)";"43,3000000";"5,4000000"
"202000034741";"12";"2";"2020";"19:44";"5";"13";"13207";"2";"1";"1";"6";"CHARLES LIVON (BOULEVARD)";"43,2920000";"5,3590000"
"202000034742";"12";"2";"2020";"20:25";"5";"13";"13215";"2";"1";"1";"3";"SAINT ANTOINE (AVENUE DE)";"43,3849000";"5,3586000"
"202000034743";"12";"2";"2020";"16:15";"1";"13";"13202";"2";"2";"1";"3";"PARIS (BOULEVARD DE)";"43,3000000";"5,4000000"
"202000034744";"12";"2";"2020";"12:50";"1";"13";"13215";"2";"1";"1";"6";"BOSPHORE (BOULEVARD DU)";"43,3719440";"5,3649360"
"202000034745";"12";"2";"2020";"02:50";"5";"13";"13209";"2";"1";"1";"6";"AVIATEUR LE BRIX (RUE)";"43,2634500";"5,4043900"
"202000034746";"12";"2";"2020";"10:30";"1";"13";"13001";"2";"9";"1";"7";"MARSEILLE (ROUTE DE )";"43,4796900";"5,4146600"
"202000034747";"3";"2";"2020";"10:50";"1";"13";"13001";"2";"1";"1";"3";"PICASSO PABLO (AV)";"43,5288900";"5,4161050"
"202000034748";"12";"2";"2020";"15:46";"1";"10";"10387";"2";"1";"2";"2";"PASTEUR (RUE)";"48,2993000";"4,0658700"
"202000034749";"11";"2";"2020";"19:40";"5";"10";"10387";"2";"2";"1";"7";"MAURICE ROMAGON (RUE)";"48,2800000";"4,0874000"
"202000034750";"12";"2";"2020";"07:25";"2";"03";"03262";"1";"3";"1";"1";"N/A";"46,3744890";"2,5923552"
"202000034751";"12";"2";"2020";"18:50";"1";"75";"75116";"2";"1";"1";"2";"PORTE MAILLOT";"48,8763230";"2,2785250"
"202000034752";"14";"1";"2020";"08:15";"1";"75";"75120";"2";"1";"1";"2";"BD PERIPHERIQUE EXTERIEUR";"48,8651730";"2,4134290"
"202000034753";"12";"2";"2020";"09:50";"1";"75";"75106";"2";"1";"1";"3";"QUAI MALAQUAIS";"48,8578320";"2,3357680"
"202000034754";"12";"2";"2020";"20:40";"5";"75";"75120";"2";"1";"1";"6";"RUE D AVRON";"48,8522480";"2,4035910"
"202000034755";"12";"2";"2020";"11:30";"1";"75";"75120";"2";"1";"1";"6";"RUE DU PRESSOIR";"48,8690050";"2,3830890"
"202000034756";"12";"2";"2020";"13:25";"1";"75";"75119";"2";"3";"1";"3";"RUE MANIN";"48,8843440";"2,3913020"
"202000034757";"11";"2";"2020";"12:30";"1";"75";"75118";"2";"3";"1";"2";"RUE DE LA CHAPELLE";"48,8933170";"2,3596210"
"202000034758";"12";"2";"2020";"15:40";"1";"75";"75117";"2";"1";"1";"3";"AVENUE DES TERNES";"48,8794900";"2,2905720"
"202000034759";"12";"2";"2020";"12:40";"1";"75";"75117";"2";"4";"1";"3";"RUE DE PONT A MOUSSON";"48,8981430";"2,3240390"
"202000034760";"12";"2";"2020";"09:10";"1";"75";"75116";"2";"7";"1";"2";"AVENUE D IENA";"48,8679960";"2,2960150"
"202000034761";"11";"2";"2020";"22:28";"5";"75";"75115";"2";"3";"8";" -1";"BOULEVARD VICTOR";"48,8334880";"2,2865880"
"202000034762";"12";"2";"2020";"11:40";"1";"75";"75114";"2";"2";"1";"2";"RUE D ALESIA";"48,8274820";"2,3348190"
"202000034763";"12";"2";"2020";"09:45";"1";"75";"75113";"2";"1";"1";"6";"AVENUE DE CHOISY";"48,8299460";"2,3569720"
"202000034764";"12";"2";"2020";"15:00";"1";"75";"75111";"2";"1";"1";"6";"CITE DE LA ROQUETTE";"48,8550330";"2,3739690"
"202000034765";"12";"2";"2020";"00:55";"5";"75";"75110";"2";"2";"1";"3";"BOULEVARD DE MAGENTA";"48,8785340";"2,3540540"
"202000034766";"12";"2";"2020";"13:55";"1";"75";"75108";"2";"1";"1";"3";"AVENUE HOCHE";"48,8772870";"2,3031660"
"202000034767";"12";"2";"2020";"17:00";"1";"75";"75104";"2";"1";"1";"3";"QUAI DE GESVRES";"48,8563290";"2,3499870"
"202000034768";"12";"2";"2020";"11:15";"1";"75";"75101";"2";"3";"1";" -1";"QUAI DU LOUVRE";"48,8590330";"2,3398920"
"202000034769";"12";"2";"2020";"07:50";"1";"94";"94044";"2";"9";"1";"1";"HENRI BARBUSSE (R)";"48,7472000";"2,4899000"
"202000034770";"11";"2";"2020";"07:20";"5";"94";"94046";"2";"3";"2";"6";"PIERRE CURIE (R)";"48,8123740";"2,4282710"