"Num_Acc";"jour";"mois";"an";"hrmn";"lum";"dep";"com";"agg";"int";"atm";"col";"adr";"lat";"long"
"202000034771";"11";"2";"2020";"13:20";"1";"94";"94003";"2";"9";"1";"3";"LAPLACE (AV)";"48,8084230";"2,3317770"
"202000034772";"12";"2";"2020";"14:50";"1";"94";"94034";"2";"1";"1";"2";"EDOUARD HERRIOT (AV)";"48,7542200";"2,3268700"
"202000034773";"12";"2";"2020";"07:15";"5";"94";"94071";"2";"1";"1";"6";"GARE (PL DE LA)";"48,7710000";"2,5080000"
"202000034774";"12";"2";"2020";"15:30";"1";"93";"93051";"2";"1";"1";" -1";"NEUILLY (ROUTE)";"48,8492855";"2,5371980"
"202000034775";"12";"2";"2020";"21:10";"5";"93";"93048";"2";"1";"1";"6";"PARIS (RUE DE)";"48,8563472";"2,4266294"
"202000034776";"12";"2";"2020";"18:00";"1";"93";"93031";"2";"9";"1";"3";"AV DU DIX HUIT JUIN 1940";"48,9524900";"2,3072600"
"202000034777";"12";"2";"2020";"12:05";"1";"93";"93031";"2";"1";"1";"3";"SAINT LEU (ROUTE DE) 1 à 157";"48,9499900";"2,3411000"
"202000034778";"9";"2";"2020";"13:30";"1";"93";"93029";"2";"9";"6";"6";"ROGER SALENGRO N° 94 - FIN";"48,9161538";"2,4363179"
"202000034779";"12";"2";"2020";"15:18";"1";"93";"93013";"2";"2";"1";"6";"LECLERC (AVENU DE LA DIVISION)";"48,9332000";"2,4242000"
"202000034780";"12";"2";"2020";"17:00";"1";"93";"93008";"2";"6";"1";"6";"PROMENADE JEAN ROSTAND / AV PAUL VAILLANT COUTURIER";"48,9081142";"2,4530883"
"202000034781";"12";"2";"2020";"11:35";"1";"92";"92064";"2";"1";"1";"6";"DOCTEUR DESFOSSEZ";"48,8428383";"2,2204292"
"202000034782";"12";"2";"2020";"06:45";"5";"92";"92033";"2";"3";"1";"6";"MARQUIS DE MORES";"48,8512828";"2,1922816"
"202000034783";"11";"2";"2020";"17:00";"1";"92";"92050";"2";"9";"2";"6";"HAUTES PATURES RUE DES";"48,9187029";"2,2214306"
"202000034784";"12";"2";"2020";"18:40";"5";"92";"92026";"2";"6";"1";"6";"JEAN MERMOZ (SQUARE ET PLACE)";"48,9025100";"2,2747800"
"202000034785";"10";"2";"2020";"14:30";"1";"92";"92025";"2";"2";"2";"3";"RENOUILLERS  (RUE DES)";"48,9238960";"2,2405570"
"202000034786";"12";"2";"2020";"11:09";"1";"08";"08145";"1";"1";"1";"4";"RN 8043";"49,6755570";"5,0127270"
"202000034787";"12";"2";"2020";"20:05";"5";"69";"69277";"2";"6";"1";"3";"Route de Lyon";"45,7332310";"4,9925350"
"202000034788";"13";"2";"2020";"18:00";"1";"974";"97405";"2";"3";"1";"3";"Rue Mahe de Labourdonnais";" -21,3563720";"55,5657360"
"202000034789";"13";"2";"2020";"10:30";"1";"972";"97225";"2";"1";"1";"6";"Rue Bouille";"14,7429900";" -61,1762460"
"202000034790";"13";"2";"2020";"18:50";"2";"974";"97414";"1";"1";"1";"3";"24 Rue Leconte de Lisle";" -21,2790470";"55,4133220"
"202000034791";"12";"2";"2020";"18:05";"2";"41";"41259";"1";"2";"1";"3";"D917";"47,7714400";"0,9698610"
"202000034792";"12";"2";"2020";"14:15";"1";"79";"79190";"1";"1";"1";"6";"N/A";"46,6681990";" -0,4409500"
"202000034793";"13";"2";"2020";"18:10";"2";"79";"79213";"1";"1";"1";"1";"N/A";"46,6227170";" -0,2412490"
"202000034794";"13";"2";"2020";"07:50";"2";"79";"79285";"1";"1";"3";"3";"N/A";"46,6031540";" -0,2873450"
"202000034795";"12";"2";"2020";"10:45";"1";"79";"79109";"1";"1";"1";"1";"Rue du Puits Japie";"46,3722200";" -0,4234500"
"202000034796";"10";"2";"2020";"08:25";"1";"32";"32172";"1";"1";"1";"7";"Saint-Jean-le-Comtal";"43,5675190";"0,5261850"
"202000034797";"13";"2";"2020";"16:30";"1";"63";"63148";"1";"1";"1";"3";"D210";"45,8901454";"3,2349365"
"202000034798";"13";"2";"2020";"07:20";"1";"42";"42181";"1";"1";"1";"1";"Rue Jean Jaures";"45,9871900";"4,2154620"
"202000034799";"13";"2";"2020";"00:30";"3";"22";"22229";"1";"1";"2";"7";"D 790";"48,2883310";" -3,2396780"
"202000034800";"12";"2";"2020";"06:00";"5";"44";"44036";"2";"6";"8";"6";"Place Charles de Gaulle";"47,7182830";" -1,3722220"
"202000034801";"31";"1";"2020";"16:30";"1";"31";"31522";"1";"1";"1";"6";"D3";"43,2962540";"0,8231270"
"202000034802";"12";"2";"2020";"19:00";"3";"38";"38269";"2";"1";"1";"1";"Boulevard Frejus Michon";"44,9098610";"5,7826760"
"202000034803";"12";"2";"2020";"08:00";"1";"03";"03157";"1";"2";"1";"3";"N/A";"46,2270508";"3,5179324"
"202000034804";"13";"2";"2020";"15:15";"1";"01";"01304";"2";"1";"1";"5";"Route de Bourg";"46,0576950";"5,3323390"
"202000034805";"12";"2";"2020";"17:50";"2";"70";"70369";"1";"1";"2";"7";"D258";"47,6290920";"5,7932709"
"202000034806";"12";"2";"2020";"17:40";"2";"26";"26013";"1";"1";"1";"7";"D64";"44,3699210";"5,2594790"
"202000034807";"12";"2";"2020";"22:45";"3";"50";"50648";"1";"1";"2";"6";"Carrefour des Vergers";"49,4961950";" -1,5145760"
"202000034808";"13";"2";"2020";"17:30";"1";"64";"64331";"2";"1";"1";"6";"place du marcadieu";"43,4496830";" -0,1119930"
"202000034809";"11";"2";"2020";"08:15";"2";"36";"36010";"1";"1";"6";"7";"Lieu-dit la baronnerie";"46,8747344";"1,0922948"
"202000034810";"13";"2";"2020";"07:30";"3";"85";"85073";"1";"2";"6";"1";"N/A";"46,5095900";" -1,1607300"
"202000034811";"12";"2";"2020";"11:45";"1";"987";"98725";"2";"1";"1";"2";"pont de tuauru";" -17,5625910";" -149,4760510"
"202000034812";"12";"2";"2020";"21:30";"5";"971";"97107";"1";"2";"1";"3";"Doyon";"16,0764520";" -61,5621980"
"202000034813";"13";"2";"2020";"11:42";"1";"89";"89399";"1";"1";"3";"4";"A5";"48,2431820";"3,3603680"
"202000034814";"13";"2";"2020";"18:00";"3";"26";"26367";"1";"1";"1";"1";"RD 538";"44,3723370";"5,1111530"
"202000034815";"11";"2";"2020";"19:15";"3";"69";"69188";"1";"1";"1";"5";"D313";"45,9216925";"4,4723654"
"202000034816";"13";"2";"2020";"08:00";"2";"72";"72025";"1";"1";"3";"3";"D323";"47,6930460";" -0,1288860"
"202000034817";"12";"2";"2020";"14:10";"1";"27";"27676";"1";"1";"1";"1";"D135";"49,2327810";"1,3807260"
"202000034818";"12";"2";"2020";"16:55";"1";"60";"60141";"2";"1";"1";"6";"Avenue du Maréchal Joffre";"49,1896310";"2,4628794"
"202000034819";"12";"2";"2020";"14:24";"1";"60";"60682";"2";"2";"1";"3";"Villers Saint Frambourg-Ognon";"49,2545012";"2,6533270"
"202000034820";"12";"2";"2020";"11:40";"1";"80";"80759";"2";"2";"2";"3";"D1017";"49,6477016";"2,7520196"
"202000034821";"12";"2";"2020";"13:00";"1";"13";"13215";"1";"1";"1";"2";"A7-Sens Lyon vers Marseille";"43,3649769";"5,3604222"
"202000034822";"12";"2";"2020";"18:20";"1";"33";"33249";"1";"1";"1";"2";"ROCADE A 630";"44,8835700";" -0,5200300"
"202000034823";"12";"2";"2020";"12:55";"1";"94";"94065";"1";"1";"1";"2";"AUTOROUTE A106";"48,7456000";"2,3601000"
"202000034824";"12";"2";"2020";"09:10";"1";"94";"94038";"1";"1";"1";"4";"AUTOROUTE A6A";"48,7787900";"2,3466500"
"202000034825";"12";"2";"2020";"09:55";"1";"94";"94034";"1";"1";"1";"2";"AUTOROUTE A86";"48,7614000";"2,3158800"
"202000034826";"12";"2";"2020";"10:00";"1";"92";"92050";"1";"1";"1";"2";"A86";"48,9179053";"2,2225480"
"202000034827";"10";"2";"2020";"19:25";"3";"78";"78402";"1";"1";"1";"4";"A13";"48,9638860";"1,7922220"
"202000034828";"10";"2";"2020";"00:55";"3";"94";"94017";"1";"1";"2";"4";"A4";"48,8304000";"2,4896000"
"202000034829";"10";"2";"2020";"12:20";"1";"75";"75119";"2";"4";"1";"4";"PORTE DES LILAS";"48,8810310";"2,4041290"
"202000034830";"11";"2";"2020";"06:52";"5";"75";"75113";"2";"4";"2";"6";"PORTE D ITALIE";"48,8157730";"2,3607040"
"202000034831";"11";"2";"2020";"11:47";"1";"75";"75120";"2";"3";"1";"6";"RUE DES LYANES";"48,8626900";"2,4066730"
"202000034832";"11";"2";"2020";"18:15";"2";"75";"75119";"2";"7";"2";"3";"PLACE DU MAQUIS DU VERCORS";"48,8781430";"2,4093520"
"202000034833";"8";"2";"2020";"21:25";"5";"75";"75119";"2";"2";"8";"3";"RUE DE CRIMEE";"48,8921760";"2,3750800"
"202000034834";"11";"2";"2020";"09:25";"1";"75";"75118";"2";"1";"1";"6";"AVENUE DE SAINT OUEN";"48,8972040";"2,3288660"
"202000034835";"11";"2";"2020";"09:45";"1";"75";"75117";"2";"1";"8";"7";"BOULEVARD BERTHIER";"48,8936400";"2,3119300"
"202000034836";"10";"2";"2020";"20:30";"5";"75";"75112";"2";"1";"3";"2";"AVENUE DU TREMBLAY";"48,8341300";"2,4548590"
"202000034837";"30";"7";"2020";"10:00";"1";"64";"64140";"2";"1";"1";"5";"SAINT GOBAIN (QUAI)";"43,5146600";" -1,4887000"
"202000034838";"31";"7";"2020";"22:20";"5";"59";"59043";"1";"1";"1";"6";"BELLE CROIX (RUE DE LA)";"50,7168784";"2,6931041"
"202000034839";"29";"7";"2020";"11:35";"1";"58";"58194";"2";"1";"1";"2";"RESISTANCE (SQUARE)";"46,9923600";"3,1597000"
"202000034840";"31";"7";"2020";"07:50";"1";"56";"56260";"1";"1";"1";"2";"RN 165 -SENS NANTES / LORIENT-";"47,6698000";" -2,7421600"
"202000034841";"30";"7";"2020";"10:17";"1";"56";"56121";"2";"9";"1";"3";"LE SANT (RUE  GEORGES )";"47,7397800";" -3,3908700"
"202000034842";"27";"7";"2020";"10:05";"1";"55";"55043";"2";"1";"1";"7";"DE GAULLE (GENERAL)";"49,1721066";"5,3830906"
"202000034843";"30";"7";"2020";"16:08";"1";"54";"54483";"1";"1";"1";"1";"ROSIERES (ROUTE DE)";"48,6240000";"6,3163000"
"202000034844";"30";"7";"2020";"10:00";"1";"49";"49328";"2";"1";"1";"2";"CADRE NOIR (PONT DU) N 347";"47,2659000";" -0,0927600"
"202000034845";"31";"7";"2020";"05:33";"5";"49";"49007";"2";"1";"1";"3";"ESTIENNE D'ORVES BOULEVARD";"47,4556700";" -0,5298800"
"202000034846";"31";"7";"2020";"17:00";"1";"45";"45068";"2";"1";"1";"6";"VIEUX RANG DE LANGLEE (RUE DU)";"48,0219000";"2,7202000"
"202000034847";"30";"7";"2020";"14:10";"1";"44";"44184";"2";"1";"7";"2";"RD 492 DU RP EINSTEIN AU RP SARRELOUIS";"47,2660000";" -2,2556000"
"202000034848";"31";"7";"2020";"16:00";"5";"44";"44109";"2";"1";"1";"7";"Rue du Port Durand";"47,2529293";" -1,5301734"
"202000034849";"10";"8";"2020";"17:12";"1";"38";"38151";"2";"2";"1";"3";"Avenue Danielle Casanova";"45,1473500";"5,7013400"
"202000034850";"30";"7";"2020";"18:40";"1";"38";"38185";"2";"1";"1";"3";"Boulevard Clemenceau";"45,1836800";"5,7387300"
"202000034851";"31";"7";"2020";"16:10";"1";"37";"37261";"2";"1";"1";"3";"TANNEURS (RUE DES)";"47,3959157";"0,6806541"
"202000034852";"29";"7";"2020";"12:20";"1";"37";"37233";"2";"3";"1";"3";"POMPIDOU (AVENUE GEORGES)";"47,3819004";"0,7121789"
"202000034853";"31";"7";"2020";"21:15";"1";"34";"34172";"2";"1";"1";"5";"HEIDELBERG (AVENUE DE)";"43,6213602";"3,8151942"
"202000034854";"31";"7";"2020";"21:10";"2";"33";"33063";"2";"3";"1";"3";"Quai de Bacalan";"44,8588300";" -0,5567100"
"202000034855";"6";"7";"2020";"15:05";"1";"33";"33063";"2";"1";"1";"6";"QUAI LOUIS XVIII";"44,8432300";" -0,5698700"
"202000034856";"30";"7";"2020";"10:25";"1";"33";"33550";"2";"3";"1";"1";"Rue du Docteur Schweitzer";"44,7738800";" -0,5315600"
"202000034857";"31";"7";"2020";"04:00";"5";"33";"33063";"2";"3";"1";"2";"ALL DE BOUTAUT";"44,8676700";" -0,5758500"
"202000034858";"31";"7";"2020";"09:35";"1";"33";"33529";"2";"3";"1";"1";"EUROPE (RUE DE L')";"44,6166400";" -1,1133700"
"202000034859";"31";"7";"2020";"07:55";"1";"31";"31555";"2";"1";"1";"3";"PONT MONTAUDRAN";"43,5985100";"1,4565600"
"202000034860";"30";"7";"2020";"19:45";"1";"31";"31555";"2";"1";"1";"3";"RTE D AGDE";"43,6264000";"1,4764100"
"202000034861";"30";"7";"2020";"01:40";"4";"31";"31149";"2";"1";"1";"6";"AMPERE (AVENUE ANDRE MARIE)";"43,6111800";"1,3058800"
"202000034862";"31";"7";"2020";"07:40";"1";"30";"30007";"2";"1";"1";"3";"CHAPTAL ( QUAI MAX )";"44,1264400";"4,0718100"
"202000034863";"30";"7";"2020";"15:25";"1";"29";"29039";"2";"2";"1";"6";"Rue Bayard";"47,8708500";" -3,9212400"
"202000034864";"31";"7";"2020";"14:50";"1";"27";"27229";"2";"1";"1";"3";"HUGO (RUE VICTOR)";"49,0220700";"1,1431800"
"202000034865";"31";"7";"2020";"10:29";"1";"17";"17300";"2";"1";"1";"6";"SAUTEL  BOULEVARD ANDRE";"46,1668900";" -1,1363500"
"202000034866";"30";"7";"2020";"14:47";"1";"17";"17200";"2";"1";"1";"2";"HUIT MAI 1945   AVENUE DU";"46,1792479";" -1,1531495"
"202000034867";"30";"7";"2020";"02:10";"5";"13";"13026";"2";"1";"1";"6";"VALAMPE (bld de la)";"43,3885250";"5,1468340"
"202000034868";"31";"7";"2020";"20:40";"2";"13";"13213";"2";"1";"1";"1";"CHARLES SUSINI (TRAVERSE)";"43,3405200";"5,4124700"
"202000034869";"28";"7";"2020";"21:40";"5";"13";"13206";"2";"2";"1";"3";"LAFON (RUE)";"43,2912000";"5,3808000"
"202000034870";"30";"7";"2020";"19:45";"1";"13";"13212";"2";"1";"1";"3";"SAINT JEAN DU DESERT (chemin)";"43,2945900";"5,4161660"
"202000034871";"30";"7";"2020";"14:30";"1";"13";"13209";"2";"1";"1";"1";"REDON (BOULEVARD DU)";"43,2510740";"5,4220200"
"202000034872";"31";"7";"2020";"05:50";"2";"13";"13001";"1";"1";"1";"1";"BERRE (ROUTE DE)";"43,5377100";"5,3819700"
"202000034873";"30";"7";"2020";"20:40";"2";"11";"11262";"2";"3";"1";"3";"1848 (BOULEVARD)";"43,1918600";"3,0147800"
"202000034874";"30";"7";"2020";"05:30";"2";"11";"11397";"1";"1";"1";"7";"RD 6113";"43,2044870";"2,4164570"
"202000034875";"31";"7";"2020";"07:36";"1";"10";"10333";"2";"1";"1";"6";"NOTRE DAME DES PRES (RUE DE)";"48,2895000";"4,0451000"
"202000034876";"28";"7";"2020";"16:55";"1";"06";"06104";"2";"9";"1";"3";"LODOLA (AVENUE DE LA)";"43,7648100";"7,4808700"
"202000034877";"28";"7";"2020";"15:07";"1";"02";"02408";"1";"1";"1";"5";"RN2";"49,5606770";"3,6404000"
"202000034878";"31";"7";"2020";"15:05";"1";"75";"75105";"2";"3";"1";"6";"RUE CUJAS";"48,8483320";"2,3415260"
"202000034879";"30";"7";"2020";"20:30";"1";"75";"75106";"2";"1";"1";"6";"RUE DE TOURNON";"48,8502370";"2,3372010"
"202000034880";"31";"7";"2020";"12:10";"1";"75";"75120";"2";"1";"1";" -1";"RUE DES FRERES FLAVIEN";"48,8773920";"2,4115320"
"202000034881";"30";"7";"2020";"20:30";"1";"75";"75120";"2";"3";"1";"4";"AVENUE DU DOCTEUR GLEY";"48,8772020";"2,4100320"
"202000034882";"31";"7";"2020";"19:13";"1";"75";"75119";"2";"2";"1";"3";"PLACE DE LA PORTE DE PANTIN";"48,8897550";"2,3957060"
"202000034883";"31";"7";"2020";"00:30";"5";"75";"75119";"2";"4";"1";"2";"BOULEVARD SERURIER";"48,8904210";"2,3964240"
"202000034884";"31";"7";"2020";"00:01";"5";"75";"75117";"2";"3";"1";"1";"AVENUE DE CLICHY";"48,8866080";"2,3260020"
"202000034885";"31";"7";"2020";"17:30";"1";"75";"75116";"2";"1";"1";"3";"ALLEE DE LA REINE MARGUERITE";"48,8491420";"2,2420510"
"202000034886";"31";"7";"2020";"07:15";"1";"75";"75116";"2";"1";"1";"6";"RUE AMIRAL HAMELIN";"48,8663650";"2,2924380"
"202000034887";"30";"7";"2020";"23:20";"5";"75";"75117";"2";"2";"9";"6";"AVENUE NIEL";"48,8796430";"2,2947100"
"202000034888";"31";"7";"2020";"13:10";"1";"75";"75115";"2";"3";"1";"7";"RUE DU DOCTEUR FINLAY";"48,8529100";"2,2866420"
"202000034889";"31";"7";"2020";"08:05";"1";"75";"75115";"2";"2";"1";"3";"RUE LECOURBE";"48,8450040";"2,3106510"
"202000034890";"31";"7";"2020";"08:43";"1";"75";"75113";"2";"1";"1";"6";"RUE BRUNESEAU";"48,8248600";"2,3879780"
"202000034891";"30";"7";"2020";"11:27";"1";"75";"75113";"2";"1";"1";"3";"QUAI D AUSTERLITZ";"48,8430290";"2,3663690"
"202000034892";"31";"7";"2020";"18:55";"1";"75";"75112";"2";"3";"1";"2";"BOULEVARD DE LA BASTILLE";"48,8514600";"2,3692250"
"202000034893";"31";"7";"2020";"17:10";"1";"75";"75107";"2";"1";"1";"6";"QUAI BRANLY";"48,8591010";"2,2936270"
"202000034894";"30";"7";"2020";"20:20";"1";"75";"75107";"2";"1";"1";"3";"QUAI BRANLY";"48,8585100";"2,2927350"
"202000034895";"31";"7";"2020";"10:05";"1";"75";"75107";"2";"3";"7";"3";"QUAI D ORSAY";"48,8627490";"2,3116540"
"202000034896";"31";"7";"2020";"01:59";"5";"75";"75107";"2";"7";"1";"3";"RUE DE L UNIVERSITE";"48,8607430";"2,3187540"
"202000034897";"28";"7";"2020";"09:30";"1";"75";"75101";"2";"3";"1";"7";"RUE DES BOURDONNAIS";"48,8607090";"2,3457780"
"202000034898";"31";"7";"2020";"12:00";"1";"94";"94080";"2";"5";"1";"3";"FELIX FAURE (R)";"48,8475600";"2,4524900"
"202000034899";"31";"7";"2020";"10:50";"1";"94";"94046";"2";"1";"1";"3";"REPUBLIQUE (AV DE LA)";"48,8052800";"2,4394400"
"202000034900";"31";"7";"2020";"09:15";"1";"94";"94003";"2";"1";"1";"6";"PRESIDENT NELSON MANDELA (AV)";"48,8122300";"2,3281900"
"202000034901";"31";"7";"2020";"18:55";"1";"94";"94041";"2";"1";"1";"6";"PAUL VAILLANT COUTURIER (BD)";"48,8179900";"2,3983200"
"202000034902";"31";"7";"2020";"09:00";"1";"94";"94077";"2";"1";"1";"6";"REPUBLIQUE (AV DE LA)";"48,7314300";"2,4148500"
"202000034903";"31";"7";"2020";"14:40";"1";"94";"94017";"2";"1";"1";"1";"GENERAL DE GAULLE (AV DU)";"48,8251120";"2,5013440"
"202000034904";"31";"7";"2020";"13:40";"1";"94";"94017";"2";"1";"1";"6";"LUCIE (QU)";"48,8299220";"2,5023820"
"202000034905";"31";"7";"2020";"10:30";"1";"94";"94017";"2";"1";"1";"6";"PETIT BOIS (R DU)";"48,8193400";"2,4989710"
"202000034906";"30";"7";"2020";"05:40";"5";"94";"94017";"2";"2";"1";"2";"STALINGRAD - PONT DE NOGENT (BD DE)";"48,8294070";"2,4931690"
"202000034907";"31";"7";"2020";"07:50";"1";"93";"93066";"2";"9";"1";"6";"CASANOVA DANIELLE NR 2 A 50 ET 1 A 19";"48,9297182";"2,3601852"
"202000034908";"29";"7";"2020";"13:20";"1";"93";"93066";"2";"1";"1";"4";"LENINE (AVENUE) NR 28 A 62 ET 13 A 41";"48,9409634";"2,3670157"
"202000034909";"31";"7";"2020";"16:30";"1";"93";"93051";"2";"1";"1";"2";"PAUL PAMBRUN (BOULEVARD)";"48,8503200";"2,5529700"
"202000034910";"31";"7";"2020";"11:45";"1";"93";"93074";"2";"2";"1";"3";"BOULEVARD JACQUES AMYOT / R D'ALGER";"48,9397800";"2,5691200"
"202000034911";"30";"7";"2020";"18:00";"1";"93";"93045";"2";"2";"1";"2";"R DE PARIS / R FRANCINE FROMOND";"48,8790500";"2,4130700"
"202000034912";"31";"7";"2020";"17:34";"1";"93";"93014";"2";"2";"8";"5";"COTEAU (AVENUE DU)";"48,9144700";"2,5456800"
"202000034913";"30";"7";"2020";"23:47";"5";"93";"93008";"2";"9";"1";"3";"PICASSO (RUE PABLO)";"48,9090600";"2,4490400"
"202000034914";"31";"7";"2020";"14:00";"1";"92";"92033";"2";"1";"1";"6";"GRANDE RUE";"48,8443000";"2,1884400"
"202000034915";"28";"7";"2020";"22:10";"2";"92";"92050";"2";"1";"1";"3";"CLEMENCEAU GEORGES AVENUE N° PAIR";"48,8863041";"2,2111546"
"202000034916";"31";"7";"2020";"14:50";"1";"92";"92044";"2";"1";"1";"3";"CHARLES PASQUA (QUAI) 58 A90";"48,9017512";"2,2861401"
"202000034917";"31";"7";"2020";"07:30";"1";"92";"92040";"2";"2";"1";" -1";"ERNEST RENAN";"48,8269710";"2,2792230"
"202000034918";"30";"7";"2020";"17:25";"1";"92";"92036";"2";"1";"1";"3";"PIERRE DE COUBERTIN PROLONGE";"48,9264870";"2,2847120"
"202000034919";"1";"8";"2020";"05:00";"3";"26";"26231";"1";"1";"1";"6";"1640 Route des Balmes";"45,0898910";"5,0088540"
"202000034920";"1";"8";"2020";"02:30";"3";"77";"77415";"1";"1";"1";"5";"A4";"48,9405220";"3,0327215"
"202000034921";"1";"8";"2020";"16:40";"1";"83";"83031";"1";"1";"1";"2";"Autoroute A8";"43,4011810";"6,3666200"
"202000034922";"16";"7";"2020";"18:30";"1";"85";"85159";"2";"1";"1";"1";"D949  - PK 15200 croissant";"46,4723100";" -1,0409700"
"202000034923";"31";"7";"2020";"17:00";"1";"35";"35014";"1";"1";"1";"6";"La Haute Perauderie";"48,0052850";" -1,2746070"
"202000034924";"1";"8";"2020";"17:15";"1";"60";"60207";"2";"1";"1";"6";"Rue Saint-léger";"49,2853610";"3,0282950"
"202000034925";"31";"7";"2020";"18:30";"1";"44";"44086";"1";"1";"1";"2";"D775";"47,6818660";" -1,5935920"
"202000034926";"31";"7";"2020";"16:00";"1";"30";"30221";"1";"1";"1";"1";"N 580";"44,0385840";"4,7287560"
"202000034927";"31";"7";"2020";"19:00";"1";"50";"50214";"1";"1";"1";"1";"D454";"48,9305140";" -1,0952430"
"202000034928";"31";"7";"2020";"09:40";"1";"47";"47108";"1";"1";"1";"5";"Au Luc";"44,4874510";"0,1294330"
"202000034929";"1";"8";"2020";"12:35";"1";"41";"41278";"1";"1";"1";"1";"N10";"47,6556140";"0,9576880"
"202000034930";"31";"7";"2020";"18:10";"1";"77";"77022";"2";"1";"1";"7";"2 Grande Rue";"48,4429710";"2,6121870"
"202000034931";"1";"8";"2020";"15:45";"1";"56";"56251";"2";"3";"1";"3";"Rue Gabriel de Goulaine";"47,6290840";" -2,6674710"
"202000034932";"31";"7";"2020";"19:30";"1";"56";"56053";"1";"1";"1";"6";"Lieu Dit Villemaigre";"47,7382130";" -2,6095110"
"202000034933";"1";"8";"2020";"16:55";"1";"74";"74109";"1";"9";"7";"2";"Rue des Nants";"46,0888650";"5,8357290"
"202000034934";"30";"7";"2020";"22:15";"3";"2A";"2A006";"2";"1";"1";"7";"Ficciolosa";"41,9739075";"8,7425657"
"202000034935";"1";"8";"2020";"16:50";"1";"2B";"2B150";"1";"3";"1";"3";"Salduccio";"42,5662540";"8,8204600"
"202000034936";"1";"8";"2020";"19:15";"1";"32";"32210";"1";"1";"1";"6";"D121";"43,5612840";"1,1280780"
"202000034937";"1";"8";"2020";"01:15";"3";"49";"49069";"1";"1";"1";"1";"10 Rue de l'Etang";"47,2784500";" -1,1743030"
"202000034938";"1";"8";"2020";"09:20";"1";"12";"12291";"1";"1";"1";"6";"Vezouillac";"44,2112800";"3,0765470"
"202000034939";"1";"8";"2020";"12:49";"1";"47";"47301";"1";"1";"2";"6";"D933";"44,5591630";"0,3087760"
"202000034940";"31";"7";"2020";"17:35";"1";"41";"41280";"1";"2";"1";"3";"Avenue du Val du Cher";"47,2862760";"1,7694640"
"202000034941";"1";"8";"2020";"03:15";"3";"68";"68060";"1";"1";"1";"6";"D483";"47,7334280";"7,1329490"
"202000034942";"31";"7";"2020";"07:30";"1";"39";"39470";"1";"4";"7";"3";"N/A";"46,4675610";"6,0685300"
"202000034943";"31";"7";"2020";"19:30";"1";"25";"25424";"1";"3";"1";"3";"RD32 - VANCLANS";"47,1001140";"6,3484670"
"202000034944";"1";"8";"2020";"15:20";"1";"25";"25561";"1";"1";"1";"6";"D107e1";"47,1687690";"5,9058810"
"202000034945";"1";"8";"2020";"10:20";"1";"35";"35297";"2";"1";"1";"3";"8 Route de St Onen la Chapelle";"48,1833030";" -2,1850400"
"202000034946";"31";"7";"2020";"20:15";"1";"29";"29069";"1";"1";"2";"1";"D105 - Route de Pont Cabioch";"48,4025885";" -4,5444197"
"202000034947";"1";"8";"2020";"01:20";"3";"29";"29173";"1";"1";"2";"6";"10 Allee de l'Eglantine";"48,0064131";" -4,1712951"
"202000034948";"31";"7";"2020";"17:30";"1";"38";"38001";"1";"1";"1";"1";"Rue Victor Hugo";"45,5525180";"5,5847560"
"202000034949";"31";"7";"2020";"14:45";"1";"01";"01306";"2";"1";"1";"6";"93 Grande Rue";"46,2602510";"4,8878220"
"202000034950";"25";"7";"2020";"13:25";"1";"66";"66025";"2";"9";"1";"6";"30 Avenue des Guinguettes";"42,4332840";"1,9460280"
"202000034951";"1";"8";"2020";"17:30";"1";"06";"06079";"1";"1";"1";"1";"318 Rue Capitaine de Corvette Marche";"43,5177660";"6,9367560"
"202000034952";"1";"8";"2020";"08:50";"1";"18";"18231";"1";"1";"1";"6";"D951";"46,7310220";"2,5906060"
"202000034953";"19";"7";"2020";"18:10";"1";"10";"10287";"1";"1";"1";"2";"D43";"48,2714330";"4,3694040"
"202000034954";"31";"7";"2020";"21:20";"2";"16";"16181";"1";"1";"1";"6";"Lieu dit Chez Redon";"46,0446420";"0,6633850"
"202000034955";"30";"7";"2020";"13:40";"1";"53";"53262";"1";"1";"1";"7";"D20";"48,0749110";" -0,5513550"
"202000034956";"1";"8";"2020";"02:30";"3";"24";"24504";"1";"1";"1";"7";"D43";"45,2008120";"0,3902960"
"202000034957";"31";"7";"2020";"17:00";"1";"17";"17223";"1";"1";"1";"7";"D739";"45,8717580";" -0,2318240"
"202000034958";"1";"8";"2020";"14:30";"1";"48";"48016";"1";"1";"1";" -1";"N106";"44,4765050";"3,4653010"
"202000034959";"28";"9";"2020";"09:50";"1";"33";"33063";"2";"9";"1";"2";"BD ALIENOR D'AQUITAINE/BD ALFRED DANEY/RUE LUCIEN FAURE";"44,8701400";" -0,5665900"
"202000034960";"1";"8";"2020";"08:00";"1";"48";"48016";"1";"1";"1";"7";"D986";"44,4668970";"3,4585050"
"202000034961";"1";"8";"2020";"11:05";"1";"52";"52332";"2";"4";"1";"3";"D107 - EPINANT";"47,9990530";"5,4587780"
"202000034962";"28";"9";"2020";"08:20";"1";"33";"33522";"2";"3";"1";"3";"AVE PIERRE CORNEILLE";"44,7884260";" -0,5869370"
"202000034963";"31";"7";"2020";"18:20";"1";"49";"49301";"1";"1";"1";"2";"RN249 ";"47,0952020";" -1,0106460"
"202000034964";"28";"9";"2020";"15:15";"1";"32";"32013";"2";"1";"1";"2";"CORPS FRANC POMMIES (AVENUE DU)";"43,6284200";"0,5793700"
"202000034965";"1";"8";"2020";"01:15";"3";"80";"80160";"1";"1";"1";"2";"Viaduc de l'Avre (Pont)";"49,8532769";"2,3562455"