"Num_Acc";"jour";"mois";"an";"hrmn";"lum";"dep";"com";"agg";"int";"atm";"col";"adr";"lat";"long"
"202000034966";"25";"9";"2020";"18:15";"1";"31";"31555";"2";"1";"1";"3";"AV DU GENERAL EISENHOWER";"43,5603200";"1,3937500"
"202000034967";"1";"8";"2020";"06:30";"2";"01";"01254";"1";"1";"1";"6";"A40";"46,1659810";"5,2998730"
"202000034968";"25";"9";"2020";"13:20";"1";"31";"31555";"2";"1";"2";"2";"BD DE STRASBOURG";"43,6071000";"1,4471200"
"202000034969";"31";"7";"2020";"01:00";"3";"18";"18038";"1";"1";"1";"6";"A71";"46,7930380";"2,4137310"
"202000034970";"27";"9";"2020";"08:00";"1";"29";"29232";"2";"2";"1";"1";"Rue de Benodet";"47,9870300";" -4,1079900"
"202000034971";"1";"8";"2020";"03:45";"3";"17";"17038";"1";"1";"1";"2";"N10";"45,1739220";" -0,3312740"
"202000034972";"28";"9";"2020";"07:50";"1";"26";"26362";"2";"1";"2";"2";"37 Rue Jean Jaurès";"44,9280800";"4,9062500"
"202000034973";"31";"7";"2020";"16:10";"1";"77";"77069";"1";"2";"7";"2";"D637";"48,4574160";"2,5879130"
"202000034974";"28";"9";"2020";"18:35";"1";"17";"17200";"2";"1";"1";"2";"CRAPAUDIERES   AVENUE DES";"46,1724200";" -1,1741300"
"202000034975";"1";"8";"2020";"10:46";"1";"77";"77437";"1";"1";"1";"1";"D401";"49,0423690";"2,7723530"
"202000034976";"28";"9";"2020";"10:20";"1";"17";"17028";"2";"1";"1";"2";"GRASSET   AVENUE EDMOND";"46,1312900";" -1,0991650"
"202000034977";"1";"8";"2020";"00:10";"3";"77";"77393";"1";"1";"1";"2";"N4";"48,6875090";"2,9646030"
"202000034978";"28";"9";"2020";"19:38";"1";"14";"14030";"2";"1";"1";"7";"CD N°126";"49,2092838";" -0,4222172"
"202000034979";"28";"9";"2020";"12:25";"1";"14";"14327";"2";"3";"1";"3";"PARC SAINT ANDRE (AVENUE DU)";"49,2049578";" -0,3489017"
"202000034980";"27";"9";"2020";"10:00";"1";"14";"14118";"2";"1";"1";"6";"FALAISE (RUE DE  - 90 PAIR 95 IMPAIR)";"49,1686800";" -0,3518900"
"202000034981";"31";"7";"2020";"19:00";"1";"78";"78590";"1";"1";"1";"6";"D91";"48,6804580";"1,9654770"
"202000034982";"28";"9";"2020";"12:15";"1";"13";"13212";"2";"9";"1";"3";"24 AVRIL 15 (AVENUE DU)";"43,3077400";"5,4268600"
"202000034983";"31";"7";"2020";"18:15";"1";"83";"83042";"1";"1";"1";"1";"Chemin de la Mort du Luc";"43,2447030";"6,5545030"
"202000034984";"1";"8";"2020";"11:50";"1";"05";"05063";"1";"1";"1";"6";"D1091";"45,0378690";"6,2127900"
"202000034985";"25";"9";"2020";"13:30";"1";"13";"13202";"2";"1";"1";"6";"PARIS (BOULEVARD DE)";"43,3117180";"5,3692060"
"202000034986";"31";"7";"2020";"16:30";"1";"67";"67101";"1";"1";"1";"5";"D1420";"48,5183751";"7,4793536"
"202000034987";"28";"9";"2020";"12:42";"1";"09";"09225";"1";"1";"1";"3";"MIREPOIX ROUTE DE";"43,1018200";"1,6351200"
"202000034988";"1";"8";"2020";"15:00";"1";"73";"73242";"1";"1";"1";"6";"D926";"45,1976430";"6,2796310"
"202000034989";"1";"8";"2020";"11:35";"1";"69";"69167";"1";"1";"1";"7";"D504";"46,0136990";"4,5862770"
"202000034990";"28";"9";"2020";"06:00";"5";"09";"09225";"2";"1";"2";"3";"FOIX AVENUE DE";"43,1071800";"1,6182500"
"202000034991";"1";"8";"2020";"19:50";"2";"69";"69154";"1";"1";"8";"6";"Route de la Luere";"45,7623290";"4,6329500"
"202000034992";"28";"9";"2020";"12:15";"1";"06";"06088";"2";"1";"1";"6";"RAIBERTI (R.)";"43,7110000";"7,2641100"
"202000034993";"31";"7";"2020";"11:10";"1";"44";"44195";"2";"6";"1";"3";"Le Bas Matz";"47,3705050";" -1,9518700"
"202000034994";"27";"9";"2020";"14:40";"1";"06";"06027";"2";"9";"1";"3";"BONAPARTE RUE";"43,6601140";"7,1501810"
"202000034995";"25";"9";"2020";"18:55";"3";"03";"03095";"1";"1";"2";"3";"N/A";"46,1538243";"3,4918788"
"202000034996";"31";"7";"2020";"23:35";"5";"22";"22343";"2";"7";"1";"3";"Rue de Trozoul";"48,7722140";" -3,5782570"
"202000034997";"1";"8";"2020";"16:30";"1";"60";"60141";"2";"1";"1";"7";"D 1016 Chantilly";"49,2010140";"2,4606590"
"202000034998";"28";"9";"2020";"15:55";"1";"75";"75120";"2";"1";"1";"4";"PORTE DE VINCENNES";"48,8483160";"2,4147680"
"202000034999";"27";"9";"2020";"08:15";"1";"75";"75118";"2";"1";"2";"6";"ECHANGEUR CHAPELLE";"48,9002730";"2,3592460"
"202000035000";"31";"7";"2020";"02:35";"5";"13";"13055";"2";"1";"1";"7";"A507 sens Aubagne- Marseille";"43,3356000";"5,3994000"
"202000035001";"27";"9";"2020";"03:35";"5";"75";"75120";"2";"1";"2";"6";"PORTE DE BAGNOLET";"48,8661300";"2,4128200"
"202000035002";"30";"7";"2020";"13:20";"1";"83";"83137";"1";"1";"1";"6";"A50 VILLEVIEILLE/MARSEILLE";"43,1213200";"5,9533100"
"202000035003";"27";"9";"2020";"23:57";"5";"75";"75106";"2";"2";"2";"3";"BOULEVARD SAINT GERMAIN";"48,8520950";"2,3403020"
"202000035004";"31";"7";"2020";"13:55";"1";"69";"69276";"1";"1";"1";" -1";"A7   8.630 A 10.992";"45,6740900";"4,8478600"
"202000035005";"28";"9";"2020";"16:25";"1";"75";"75119";"2";"1";"2";"6";"BOULEVARD MACDONALD";"48,8987980";"2,3757930"
"202000035006";"31";"7";"2020";"16:25";"1";"33";"33003";"1";"1";"1";"4";"AUTOROUTE A 10";"44,9368900";" -0,4670600"
"202000035007";"28";"9";"2020";"08:50";"1";"75";"75117";"2";"2";"3";"7";"BOULEVARD DE COURCELLES";"48,8808490";"2,3125420"
"202000035008";"31";"7";"2020";"15:40";"1";"92";"92064";"1";"1";"1";"6";"A13";"48,8392111";"2,2186213"
"202000035009";"28";"9";"2020";"10:00";"1";"75";"75117";"2";"2";"2";"7";"RUE DE ROME";"48,8840330";"2,3185170"
"202000035010";"31";"7";"2020";"09:20";"1";"92";"92050";"1";"1";"1";"6";"A86";"48,8921883";"2,1806615"
"202000035011";"31";"7";"2020";"09:00";"1";"93";"93064";"1";"1";"1";"3";"AUTOROUTE A86";"48,8612100";"2,4841000"
"202000035012";"28";"9";"2020";"08:25";"1";"75";"75114";"2";"3";"2";"6";"BOULEVARD RASPAIL";"48,8405690";"2,3301100"
"202000035013";"30";"7";"2020";"23:10";"5";"94";"94028";"2";"1";"1";"2";"RN406.W";"48,7766802";"2,4422998"
"202000035014";"28";"9";"2020";"10:00";"1";"75";"75113";"2";"2";"2";"2";"AVENUE DES GOBELINS";"48,8358400";"2,3525020"
"202000035015";"27";"4";"2020";"11:15";"1";"64";"64445";"2";"2";"2";"6";"LILAS DES";"43,3162000";" -0,3397400"
"202000035016";"27";"9";"2020";"23:45";"5";"75";"75113";"2";"2";"2";"3";"BOULEVARD MASSENA";"48,8222860";"2,3716430"
"202000035017";"29";"5";"2020";"16:30";"1";"33";"33522";"2";"3";"1";"6";"Av.PIERRE CORNEILLE / R.SALVADOR ALLENDE - piétonne traverse Av.Corneille des no pairs vers impairs";"44,7890700";" -0,5870600"
"202000035018";"28";"9";"2020";"10:15";"1";"75";"75105";"2";"1";"2";"2";"PONT D AUSTERLITZ";"48,8447000";"2,3655550"
"202000035019";"12";"2";"2020";"09:45";"1";"25";"25056";"2";"3";"1";"3";"ROUSSEL RUE ROMAIN";"47,2578800";"6,0325100"
"202000035020";"28";"9";"2020";"08:15";"1";"75";"75111";"2";"3";"2";"3";"AVENUE DE LA REPUBLIQUE";"48,8666450";"2,3672900"
"202000035021";"17";"5";"2020";"20:15";"2";"34";"34088";"1";"1";"1";"7";"piste DFCI";"43,5975020";"3,6715790"
"202000035022";"28";"9";"2020";"16:30";"1";"75";"75110";"2";"1";"1";"2";"BOULEVARD DE LA VILLETTE";"48,8731590";"2,3755690"
"202000035023";"28";"9";"2020";"18:20";"1";"75";"75108";"2";"1";"1";"2";"RUE CLAPEYRON";"48,8817670";"2,3239830"
"202000035024";"30";"7";"2020";"17:45";"2";"988";"98818";"2";"3";"2";"2";"PROMENADE PIERRE VERNIER/ROUTE DU OUEN TORO";" -22,3079900";"166,4515900"
"202000035025";"28";"9";"2020";"01:15";"5";"75";"75115";"2";"7";"2";"3";"PLACE CHARLES MICHELS";"48,8467730";"2,2856480"
"202000035026";"30";"7";"2020";"23:20";"5";"974";"97416";"2";"3";"1";"3";"HUBERT DE LISLE(BOULEVARD)";" -21,3436260";"55,4692930"
"202000035027";"30";"7";"2020";"10:10";"1";"974";"97411";"2";"1";"1";"2";"LECONTE DE LISLE (AVENUE)";" -20,8935600";"55,4854000"
"202000035028";"28";"9";"2020";"13:45";"1";"94";"94081";"2";"2";"2";"3";"Av Rouget de l'Isle";"48,7781669";"2,3964471"
"202000035029";"29";"7";"2020";"17:40";"1";"974";"97411";"2";"3";"1";"3";"MONDON (RUE MONSEIGNEUR)";" -20,8950000";"55,4602200"
"202000035030";"28";"9";"2020";"16:10";"1";"94";"94078";"2";"1";"1";"2";"PRESIDENT JOHN FITZGERALD KENNEDY (AV DU";"48,7369220";"2,4686080"
"202000035031";"26";"7";"2020";"01:45";"3";"974";"97407";"2";"4";"1";"6";"MARINE(BOULEVARD)";" -20,9469400";"55,2821100"
"202000035032";"27";"9";"2020";"01:05";"5";"94";"94068";"2";"1";"3";"5";"BAC (AV DU)";"48,7912000";"2,5200200"
"202000035033";"29";"7";"2020";"16:30";"1";"974";"97407";"1";"2";"1";"3";"STEVENSON(RUE)";" -20,9314000";"55,2901600"
"202000035034";"18";"9";"2020";"19:20";"2";"94";"94042";"2";"3";"1";"3";"GENERAL GALLIENI (AV DU)";"48,8201000";"2,4816000"
"202000035035";"29";"7";"2020";"21:50";"5";"973";"97302";"2";"3";"1";"3";"STE THERESE(CITE ANATOLE)";"4,9171904";" -52,3178172"
"202000035036";"30";"7";"2020";"22:40";"5";"69";"69259";"2";"1";"1";"6";"CLOS VERGER (DU)                    (R )";"45,7230500";"4,8944300"
"202000035037";"7";"7";"2020";"21:45";"5";"69";"69199";"2";"9";"1";"6";"YVES FARGE                          (BD)";"45,6953000";"4,8591000"
"202000035038";"30";"7";"2020";"16:40";"1";"69";"69387";"2";"1";"1";" -1";"CHAMBAUD DE LA BRUYERE              (BD)";"45,7233200";"4,8421100"
"202000035039";"28";"9";"2020";"11:00";"1";"94";"94016";"2";"3";"2";"6";"ESTIENNE D ORVES (R D)";"48,7921180";"2,3203550"
"202000035040";"30";"7";"2020";"11:20";"1";"972";"97213";"2";"1";"1";"2";"AUTOROUTE A1";"14,6081000";" -61,0049000"
"202000035041";"28";"9";"2020";"06:55";"5";"94";"94021";"2";"1";"2";"6";"STALINGRAD (AV DE)";"48,7764200";"2,3674500"
"202000035042";"29";"7";"2020";"13:42";"1";"972";"97209";"2";"9";"1";"2";"BISHOP (Avenue Maurice)";"14,6100700";" -61,0546100"
"202000035043";"28";"9";"2020";"12:10";"1";"94";"94055";"2";"1";"2";"1";"MAURICE SCHUMAN";"48,7784000";"2,5342000"
"202000035044";"30";"7";"2020";"15:40";"1";"91";"91377";"2";"1";"1";"1";"JUIN (AVENUE DU MARECHAL)";"48,7200300";"2,2839900"
"202000035045";"28";"9";"2020";"08:10";"1";"93";"93071";"2";"3";"2";"6";"JOHN F. KENNEDY (AVENUE)";"48,9396840";"2,5127278"
"202000035046";"30";"7";"2020";"12:10";"1";"91";"91687";"2";"1";"1";"4";"MARMONT (AVENUE)";"48,6663720";"2,3766170"
"202000035047";"28";"7";"2020";"19:00";"1";"91";"91182";"2";"1";"1";"1";"DELOUVRIER (AVENUE PAUL)";"48,6231520";"2,4180020"
"202000035048";"30";"7";"2020";"12:10";"1";"83";"83069";"2";"3";"1";"3";"GODILLOT  ( AVENUE ALEXIS )";"43,1169010";"6,1225660"
"202000035049";"27";"7";"2020";"08:35";"1";"81";"81004";"2";"6";"1";"3";"TEYSSIER (AV DU COLONEL)";"43,9212340";"2,1676150"
"202000035050";"29";"7";"2020";"08:45";"1";"80";"80674";"2";"1";"1";"6";"CORBIE (RUE DE)";"49,9016180";"2,3294880"
"202000035051";"29";"10";"2020";"17:50";"3";"88";"88367";"1";"1";"2";"6";"D50";"48,3390430";"6,6561000"
"202000035052";"30";"7";"2020";"11:20";"1";"77";"77058";"2";"6";"1";" -1";"GENETS (BOULEVARD DES) - D406";"48,8353800";"2,7222500"
"202000035053";"29";"7";"2020";"17:10";"1";"76";"76540";"2";"2";"1";"3";"BICHERAY. AVENUE DU COMMANDANT";"49,4496600";"1,0505500"
"202000035054";"29";"10";"2020";"23:15";"3";"74";"74239";"1";"1";"1";"7";"CD909";"45,9103840";"6,4193310"
"202000035055";"29";"10";"2020";"23:40";"5";"74";"74302";"2";"1";"1";"6";"départementale 909";"45,9068830";"6,3628860"
"202000035056";"29";"7";"2020";"12:00";"1";"76";"76575";"2";"2";"1";"3";"FERBER. RUE DU CAPITAINE";"49,3955400";"1,0775400"
"202000035057";"29";"10";"2020";"17:10";"1";"81";"81140";"1";"1";"1";"6";"D112";"43,6918860";"1,7945800"
"202000035058";"28";"9";"2020";"16:05";"1";"93";"93048";"2";"2";"8";"3";"COLMET LEPINAY (RUE)";"48,8549702";"2,4429379"
"202000035059";"29";"7";"2020";"17:30";"1";"76";"76351";"2";"2";"1";"3";"GRAND HAMEAU (Avenue du )";"49,5242500";"0,0968600"
"202000035060";"28";"9";"2020";"08:30";"1";"93";"93074";"2";"1";"1";"3";"MEAUX RUE DE";"48,9353000";"2,5711900"
"202000035061";"23";"10";"2020";"19:30";"3";"33";"33367";"1";"1";"2";"5";"D672";"44,6031260";" -0,1918530"
"202000035062";"28";"7";"2020";"12:20";"1";"76";"76351";"1";"1";"1";"3";"LENINGRAD (BD DE)";"49,5003500";"0,1793000"
"202000035063";"28";"7";"2020";"12:50";"1";"76";"76351";"2";"1";"1";"6";"JULES DURAND (BD)";"49,4894700";"0,1547900"
"202000035064";"28";"9";"2020";"20:00";"4";"93";"93029";"2";"3";"1";"3";"EDOUARD VAILLANT N° 1-97";"48,9284900";"2,4304500"
"202000035065";"28";"10";"2020";"19:00";"3";"60";"60107";"1";"1";"1";"2";"D1016";"49,3473533";"2,4304354"
"202000035066";"29";"10";"2020";"12:40";"1";"80";"80685";"1";"1";"1";"6";"A1";"49,7096550";"2,7722880"
"202000035067";"29";"7";"2020";"20:40";"3";"74";"74218";"1";"1";"1";"3";"PAYS DE GAVOT (ROUTE DU)  RD11";"46,3848750";"6,5616870"
"202000035068";"27";"9";"2020";"16:30";"1";"93";"93001";"2";"1";"1";"3";"REPUBLIQUE (AVE DE LA ) 43/106 =>";"48,9082505";"2,3874717"
"202000035069";"29";"10";"2020";"20:50";"5";"33";"33550";"1";"1";"1";"6";"AUTOROUTE A 62";"44,7769900";" -0,5590100"
"202000035070";"1";"9";"2020";"15:40";"1";"92";"92078";"2";"1";"1";"7";"VERDUN (AVENUE) (IMPAIRS JJAURES>A86)";"48,9344720";"2,3206870"
"202000035071";"30";"7";"2020";"13:20";"1";"69";"69264";"2";"6";"1";" -1";"SAVOYE CLAUDIUS   R";"45,9936500";"4,7344400"
"202000035072";"29";"10";"2020";"16:35";"1";"33";"33487";"1";"1";"1";"4";"AUTOROUTE A 10";"44,9512300";" -0,4612900"
"202000035073";"28";"9";"2020";"14:10";"1";"92";"92047";"2";"1";"2";"7";"JARDY";"48,8276644";"2,1515731"
"202000035074";"29";"10";"2020";"00:10";"5";"33";"33063";"1";"1";"1";"6";"ROCADE A 630";"44,8839020";" -0,5580440"
"202000035075";"29";"7";"2020";"20:40";"2";"67";"67482";"2";"3";"1";"3";"RHIN (AVENUE DU)";"48,5724350";"7,7659200"
"202000035076";"28";"9";"2020";"09:50";"1";"92";"92048";"2";"1";"2";"6";"MARCEL ALLEGOT (RUE)";"48,8208500";"2,2280600"
"202000035077";"29";"10";"2020";"18:30";"3";"91";"91377";"1";"1";"1";"3";"AUTOROUTE A10";"48,7146300";"2,2901700"
"202000035078";"26";"7";"2020";"23:45";"5";"65";"65226";"1";"6";"1";"6";"ROND POINT AUTOROUTE";"43,2231680";"0,0261850"
"202000035079";"28";"9";"2020";"10:10";"1";"92";"92044";"2";"3";"2";"3";"CHARLES PASQUA (QUAI) 58 A90";"48,9016300";"2,2866600"
"202000035080";"29";"10";"2020";"19:00";"3";"78";"78640";"1";"1";"1";"2";"A86 EXT";"48,7796780";"2,1907370"
"202000035081";"29";"7";"2020";"11:09";"1";"64";"64445";"2";"1";"1";"2";"JEAN MERMOZ";"43,3193100";" -0,3786230"
"202000035082";"28";"9";"2020";"06:55";"5";"92";"92040";"2";"1";"3";"2";"ARISTIDE BRIAND";"48,8213196";"2,2523947"
"202000035083";"29";"10";"2020";"07:47";"2";"92";"92036";"1";"1";"8";" -1";"A86";"48,9374713";"2,2956603"
"202000035084";"28";"7";"2020";"07:15";"1";"58";"58194";"2";"6";"1";"3";"RENE MARLIN (CARREFOUR)";"46,9998000";"3,1555000"
"202000035085";"26";"9";"2020";"08:20";"1";"92";"92035";"2";"2";"1";"2";"République ( boulevard de la )";"48,9057884";"2,2531012"
"202000035086";"29";"10";"2020";"19:30";"3";"95";"95582";"1";"1";"1";"2";" A15";"48,9756750";"2,2398580"
"202000035087";"29";"7";"2020";"19:49";"1";"56";"56121";"2";"6";"1";"3";"FAOUEDIC ( AVE DU )";"47,7477000";" -3,3651000"
"202000035088";"28";"9";"2020";"00:05";"5";"92";"92023";"2";"6";"1";"6";"Rue de la Porte de Trivaux";"48,7854816";"2,2407188"
"202000035089";"28";"9";"2020";"09:15";"1";"92";"92012";"2";"1";"2";"6";"GEORGES ASKINAZI (ALLEE)";"48,8256321";"2,2361895"
"202000035090";"29";"10";"2020";"19:30";"3";"95";"95582";"1";"1";"1";"4";"A15";"48,9756750";"2,2398580"
"202000035091";"20";"7";"2020";"18:30";"1";"54";"54526";"2";"1";"1";"2";"JAURES (BOULEVARD JEAN)";"48,6896218";"6,2102848"
"202000035092";"28";"9";"2020";"02:40";"5";"92";"92012";"2";"9";"2";"7";"POINT DU JOUR (QUAI DU)";"48,8324242";"2,2597993"
"202000035093";"28";"7";"2020";"17:20";"1";"54";"54395";"2";"2";"1";"6";"DUROC (RUE DU GENERAL)";"48,6722950";"6,1727580"
"202000035094";"29";"10";"2020";"18:00";"3";"93";"93066";"1";"1";"1";"2";"A86";"48,9253623";"2,3393889"
"202000035095";"27";"9";"2020";"21:00";"5";"974";"97415";"2";"4";"1";"6";"63 Rue Jacques Aubert";" -21,0484380";"55,2639130"
"202000035096";"29";"7";"2020";"10:45";"1";"50";"50002";"2";"1";"1";"3";"PERIERS (ROUTE DE)";"49,1157400";" -1,1348500"
"202000035097";"29";"10";"2020";"18:00";"3";"93";"93007";"1";"1";"1";"2";"AUTOROUTE A3";"48,9345212";"2,4807377"
"202000035098";"29";"7";"2020";"19:55";"1";"50";"50203";"1";"1";"1";"7";"VENTE (ROUTE DE LA)";"49,6015030";" -1,5826470"
"202000035099";"27";"9";"2020";"16:45";"1";"22";"22003";"2";"1";"1";"1";"Les Fontenelles";"48,4462910";" -2,1229360"
"202000035100";"29";"7";"2020";"20:30";"1";"49";"49007";"2";"1";"1";"6";"Avenue Pasteur";"47,4770100";" -0,5317000"
"202000035101";"29";"10";"2020";"12:50";"1";"95";"95424";"1";"1";"1";"4";" A15";"48,9926900";"2,1876700"
"202000035102";"28";"9";"2020";"18:45";"2";"01";"01443";"1";"1";"3";"5";"N/A";"45,9801440";"5,0135850"
"202000035103";"29";"7";"2020";"17:44";"1";"49";"49007";"2";"1";"1";"3";"COUBERTIN BOULEVARD";"47,4606500";" -0,5326800"
"202000035104";"29";"10";"2020";"12:05";"1";"93";"93010";"1";"1";"1";"3";"AUTOROUTE A3";"48,9123000";"2,4761000"
"202000035105";"29";"10";"2020";"10:00";"1";"92";"92078";"1";"1";"8";"6";"AUTOROUTE A86";"48,9288920";"2,3305548"
"202000035106";"30";"7";"2020";"18:00";"1";"45";"45302";"2";"6";"1";"3";"Rue Nationale 20";"47,9467931";"1,8930402"
"202000035107";"30";"7";"2020";"08:40";"1";"45";"45068";"1";"1";"1";"3";"LAC (RUE DU)";"48,0262200";"2,7241200"
"202000035108";"4";"9";"2020";"18:20";"1";"33";"33072";"1";"2";"1";"3";"D116";"44,5245690";" -0,1686300"
"202000035109";"28";"10";"2020";"22:00";"3";"93";"93006";"1";"1";"1";"2";"AUTOROUTE A3";"48,8678500";"2,4279900"
"202000035110";"28";"7";"2020";"16:28";"1";"41";"41018";"2";"1";"1";"2";"MARE (RUE DE LA)";"47,5974500";"1,3244300"
"202000035111";"30";"7";"2020";"08:00";"1";"35";"35238";"2";"2";"1";"1";"LORIENT (DE)";"48,1079150";" -1,7029200"
"202000035112";"5";"9";"2020";"13:07";"1";"68";"68300";"2";"3";"1";"3";"2 Rue de l'Aquitaine";"47,7768690";"7,3900380"
"202000035113";"27";"9";"2020";"09:45";"1";"14";"14380";"1";"1";"1";"6";"Loucelles";"49,2346970";" -0,5828650"
"202000035114";"28";"10";"2020";"09:00";"1";"95";"95154";"1";"1";"1";"3";" A1";"49,0493300";"2,5470400"
"202000035115";"30";"7";"2020";"08:20";"1";"35";"35238";"2";"6";"1";"3";"Rue de Saint-Brieuc";"48,1093100";" -1,6977200"
"202000035116";"27";"9";"2020";"16:40";"1";"59";"59448";"1";"2";"3";"3";"41 Route des Plages";"50,9375130";"2,5854070"
"202000035117";"28";"9";"2020";"16:30";"1";"68";"68315";"2";"4";"1";"7";"11, Place du 4 Février";"47,8823390";"7,2250060"
"202000035118";"29";"10";"2020";"08:50";"1";"94";"94017";"1";"1";"1";"4";"A86.INT";"48,8302764";"2,4868936"
"202000035119";"26";"9";"2020";"16:47";"1";"57";"57602";"1";"1";"1";"7";"Route Départementale 55 H";"49,2676090";"6,2368440"
"202000035120";"28";"10";"2020";"06:30";"2";"77";"77514";"1";"1";"1";" -1";"A104";"48,9496630";"2,6289740"
"202000035121";"29";"9";"2020";"09:30";"1";"51";"51493";"1";"6";"1";"6";"D944";"49,2277529";"4,0991905"
"202000035122";"24";"8";"2020";"12:50";"1";"84";"84007";"2";"1";"1";"3";"PIOT (parking de l'ile)";"43,9453400";"4,7938900"
"202000035123";"29";"9";"2020";"14:15";"1";"74";"74234";"1";"1";"1";"4";"Route des Esserieux";"45,7812920";"6,3121600"
"202000035124";"27";"10";"2020";"08:40";"1";"974";"97416";"2";"1";"1";"7";"ARCHAMBAUD (RUE)";" -21,3303500";"55,4794400"
"202000035125";"28";"9";"2020";"19:10";"2";"77";"77020";"1";"2";"2";" -1";"N4 / D75a";"48,6925750";"3,1860570"
"202000035126";"28";"10";"2020";"14:10";"1";"974";"97411";"2";"6";"2";"3";"Route de la Rivière des Pluies";" -20,9021110";"55,5028010"
"202000035127";"28";"9";"2020";"06:33";"3";"76";"76138";"1";"2";"2";"3";"D151";"49,6587370";"1,1818050"
"202000035128";"28";"9";"2020";"14:55";"1";"80";"80368";"2";"6";"1";"7";"Rue Henri Barbusse";"50,0822570";"1,5435840"
"202000035129";"28";"10";"2020";"10:00";"1";"974";"97411";"2";"3";"1";"5";"AUBERT (RUE PIERRE)";" -20,8918900";"55,4955200"
"202000035130";"22";"9";"2020";"07:30";"2";"81";"81070";"2";"3";"1";"3";"Avenue Jean Berenguier";"43,8185430";"1,7286570"
"202000035131";"27";"10";"2020";"15:50";"1";"974";"97411";"2";"1";"1";"6";"Avenue Leconte de Lisle";" -20,8911945";"55,4804045"
"202000035132";"29";"9";"2020";"05:40";"2";"11";"11262";"1";"1";"1";"7";"D13";"43,2191260";"3,0110690"
"202000035133";"28";"10";"2020";"11:15";"1";"974";"97407";"2";"1";"1";"7";"ANGLAIS (CHE DES) - RIVIERE DES GALETS";" -20,9557087";"55,3144240"
"202000035134";"28";"10";"2020";"16:08";"1";"973";"97302";"2";"1";"1";"6";"DE GAULLE (AVENUE)";"4,9389642";" -52,3308420"
"202000035135";"29";"9";"2020";"17:15";"1";"71";"71367";"1";"3";"1";"6";"Route de Louhans";"46,6446277";"5,3018757"
"202000035136";"28";"9";"2020";"17:45";"1";"63";"63265";"1";"1";"2";"6";"59 Route de Lezoux";"45,8612350";"3,4445950"
"202000035137";"28";"10";"2020";"19:25";"5";"69";"69383";"2";"2";"1";"3";"FELIX FAURE                         (AV)";"45,7552800";"4,8726200"
"202000035138";"28";"9";"2020";"14:35";"1";"63";"63338";"1";"1";"2";"5";"D2144";"46,1448770";"2,8548510"
"202000035139";"27";"10";"2020";"08:50";"1";"69";"69199";"2";"2";"1";"3";"SETIER (DU)                         (AL)";"45,6918400";"4,8584200"
"202000035140";"25";"9";"2020";"13:27";"1";"61";"61100";"1";"4";"3";"2";"D930";"48,7257370";"0,6222940"
"202000035141";"25";"10";"2020";"20:00";"4";"972";"97209";"1";"1";"1";"6";"VICTOR CORIDUN (AVENUE)";"14,6066800";" -61,0468600"
"202000035142";"29";"9";"2020";"01:00";"3";"68";"68374";"1";"1";"2";"6";"D417";"48,0633390";"7,2407630"
"202000035143";"28";"9";"2020";"18:00";"2";"39";"39307";"1";"1";"3";"6";"N/A";"46,5035040";"5,6926460"
"202000035144";"28";"10";"2020";"13:50";"1";"69";"69389";"2";"3";"1";"3";"DOCKS (DES)                         (R )";"45,7853800";"4,8105400"
"202000035145";"29";"9";"2020";"07:15";"2";"31";"31392";"1";"3";"5";"3";"d2";"43,4765250";"1,7076870"
"202000035146";"27";"10";"2020";"18:00";"5";"971";"97120";"2";"3";"1";" -1";"NELSON MANDELA";"16,2409912";" -61,5318114"
"202000035147";"27";"10";"2020";"13:20";"1";"971";"97101";"2";"1";"1";"7";"GENERAL DE GAULLE";"16,2581817";" -61,5266050"
"202000035148";"28";"9";"2020";"16:40";"1";"50";"50210";"1";"1";"1";"3";"31 Rue du Château";"49,2547780";" -1,3861980"
"202000035149";"28";"10";"2020";"10:24";"1";"2A";"2A004";"2";"2";"1";"6";"MADAME MERE BD";"41,9143300";"8,7248500"
"202000035150";"28";"9";"2020";"15:05";"1";"23";"23228";"1";"1";"8";"1";"D941";"45,9469910";"2,2331910"
"202000035151";"29";"9";"2020";"07:10";"5";"87";"87154";"2";"1";"1";"3";"10 Rue Fresnel";"45,9013430";"0,9338160"
"202000035152";"28";"10";"2020";"17:00";"2";"95";"95582";"2";"1";"2";"3";"BD GABRIEL PERI";"48,9671480";"2,2622380"
"202000035153";"28";"9";"2020";"07:00";"2";"19";"19176";"1";"1";"2";"7";"a89 PK 236+000";"45,3741809";"1,9660807"
"202000035154";"28";"10";"2020";"19:30";"5";"91";"91477";"2";"4";"1";"3";"MARCEAU (RUE)";"48,7055600";"2,2137000"
"202000035155";"28";"9";"2020";"14:28";"1";"49";"49349";"1";"1";"1";"7";"Sèvremoine";"47,1451160";" -1,1888840"
"202000035156";"28";"10";"2020";"22:30";"3";"91";"91114";"1";"1";"1";"6";"RTE NATIONALE 6";"48,6826940";"2,4909190"
"202000035157";"29";"9";"2020";"16:26";"1";"06";"06084";"1";"6";"1";" -1";"644 Chemin de Castellaras";"43,6339300";"6,9841430"
"202000035158";"28";"9";"2020";"15:30";"1";"973";"97309";"2";"1";"1";"3";"Route de Montjoly (rd1)";"4,9233950";" -52,2830480"