"Num_Acc";"jour";"mois";"an";"hrmn";"lum";"dep";"com";"agg";"int";"atm";"col";"adr";"lat";"long"
"202000035355";"28";"10";"2020";"10:00";"1";"06";"06027";"2";"3";"1";"3";"NICE AVENUE DE (RN7)";"43,6589230";"7,1627430"
"202000035356";"13";"1";"2020";"03:30";"3";"22";"22193";"1";"1";"1";"7";"Rn 12 pr 32+800";"48,4341260";" -2,4687380"
"202000035357";"9";"1";"2020";"23:10";"3";"34";"34259";"1";"1";"1";"6";"N109";"43,6305720";"3,7667370"
"202000035358";"28";"10";"2020";"07:05";"2";"75";"75113";"2";"4";"8";"3";"QUAI D IVRY";"48,8259130";"2,3868710"
"202000035359";"13";"1";"2020";"08:00";"1";"83";"83054";"2";"6";"1";"6";"Avenue du General de Gaulle";"43,1704370";"6,0491370"
"202000035360";"9";"1";"2020";"23:28";"5";"57";"57067";"2";"2";"2";"3";"Rue des Fauvettes";"49,3136460";"6,1920510"
"202000035361";"27";"10";"2020";"23:47";"5";"75";"75116";"2";"1";"2";"3";"BOULEVARD PERIPHERIQUE";"48,8649100";"2,2676040"
"202000035362";"8";"1";"2020";"02:00";"3";"51";"51244";"1";"1";"2";"7";"D79";"48,7913172";"4,3637322"
"202000035363";"26";"9";"2020";"23:00";"5";"75";"75120";"2";"3";"2";"6";"AVENUE CARTELLIER";"48,8641070";"2,4131740"
"202000035364";"27";"9";"2020";"06:00";"5";"75";"75118";"2";"2";"2";"3";"BOULEVARD NEY";"48,8987180";"2,3703630"
"202000035365";"13";"1";"2020";"09:00";"1";"56";"56078";"2";"6";"2";"3";"Rue de Kerbastic";"47,7928668";" -3,4915522"
"202000035366";"31";"5";"2020";"17:20";"1";"01";"01249";"1";"1";"1";"2";"Route du Mas-rillier";"45,8353879";"4,9188324"
"202000035367";"27";"10";"2020";"16:35";"1";"75";"75117";"2";"4";"1";"4";"BOULEVARD PERIPHERIQUE";"48,8844490";"2,2861050"
"202000035368";"12";"1";"2020";"17:50";"2";"76";"76211";"1";"3";"2";"6";"D149";"49,9118176";"1,5571774"
"202000035369";"27";"9";"2020";"14:30";"1";"75";"75116";"2";"1";"2";"3";"CARREFOUR DE LONGCHAMP";"48,8636070";"2,2398570"
"202000035370";"13";"1";"2020";"06:50";"2";"2A";"2A104";"1";"1";"1";"6";"Saint Jean de Pisciatello";"41,9142240";"8,8469880"
"202000035371";"27";"10";"2020";"12:10";"1";"75";"75120";"2";"1";"2";"3";"BOULEVARD PERIPHERIQUE";"48,8590330";"2,4141100"
"202000035372";"9";"12";"2020";"18:05";"5";"22";"22113";"2";"4";"1";"6";"TREGUIER (RUE DE)";"48,7324190";" -3,4563720"
"202000035373";"28";"10";"2020";"17:25";"5";"75";"75117";"2";"2";"8";" -1";"AVENUE DE LA PORTE D ASNIERES";"48,8918350";"2,3015550"
"202000035374";"10";"12";"2020";"21:15";"5";"18";"18033";"2";"1";"2";"3";"VILLENEUVE (CHEMIN DE)";"47,0617800";"2,3586900"
"202000035375";"13";"1";"2020";"08:10";"1";"82";"82018";"1";"1";"1";"3";"304 Chemin de Martel";"44,1054950";"1,5097400"
"202000035376";"27";"9";"2020";"01:00";"5";"75";"75116";"2";"2";"3";"2";"AVENUE MOZART";"48,8572960";"2,2730430"
"202000035377";"13";"1";"2020";"00:30";"3";"33";"33193";"1";"1";"1";"6";"50 Route de l'Ocean";"45,4341770";" -1,1445340"
"202000035378";"27";"9";"2020";"19:45";"4";"75";"75115";"2";"2";"2";"3";"AVENUE DE LOWENDAL";"48,8494150";"2,3037930"
"202000035379";"10";"12";"2020";"17:30";"5";"18";"18033";"2";"3";"2";"3";"SAINT-MICHEL (RTE DE)";"47,1082500";"2,4309600"
"202000035380";"12";"1";"2020";"21:20";"5";"33";"33395";"2";"1";"1";"7";"15 Route de Blanquet";"45,2339160";" -0,7874570"
"202000035381";"10";"12";"2020";"09:10";"1";"17";"17300";"2";"6";"1";"6";"EUROPE   ROND-POINT DE L'";"46,1421300";" -1,1582300"
"202000035382";"26";"10";"2020";"20:04";"5";"75";"75116";"2";"2";"1";"3";"AVENUE DE NEUILLY";"48,8784390";"2,2798310"
"202000035383";"26";"9";"2020";"22:10";"5";"75";"75114";"2";"2";"2";"3";"BOULEVARD BRUNE";"48,8246450";"2,3195200"
"202000035384";"13";"1";"2020";"17:30";"2";"81";"81188";"1";"1";"1";"6";"D622";"43,7086854";"2,7908658"
"202000035385";"28";"10";"2020";"12:50";"1";"75";"75113";"2";"1";"1";"6";"RUE REGNAULT";"48,8247580";"2,3772760"
"202000035386";"27";"9";"2020";"03:46";"5";"75";"75113";"2";"2";"2";"6";"BOULEVARD DE L HOPITAL";"48,8437040";"2,3645700"
"202000035387";"10";"12";"2020";"07:40";"5";"17";"17300";"2";"1";"2";"3";"LECLERC   AVENUE DU GENERAL";"46,1622880";" -1,1565660"
"202000035388";"28";"10";"2020";"15:10";"1";"75";"75109";"2";"1";"8";"2";"RUE DU FAUBOURG POISSONNIERE";"48,8763140";"2,3484960"
"202000035389";"13";"1";"2020";"12:15";"1";"71";"71014";"2";"2";"8";"2";"Route d’Arnay";"46,9578850";"4,3060890"
"202000035390";"26";"9";"2020";"23:25";"5";"75";"75112";"2";"3";"1";"6";"AVENUE DAUMESNIL";"48,8381020";"2,3996440"
"202000035391";"9";"12";"2020";"09:40";"1";"13";"13054";"2";"9";"1";"1";"RAUMARTIN (AV DU )";"43,4096200";"5,2547300"
"202000035392";"5";"1";"2020";"19:36";"5";"44";"44196";"2";"1";"1";"6";"D17";"47,5518905";" -2,0786531"
"202000035393";"31";"5";"2020";"22:25";"3";"01";"01202";"1";"1";"1";"7";"D1075";"45,9214530";"5,3403640"
"202000035394";"28";"10";"2020";"14:00";"1";"75";"75108";"2";"7";"8";"3";"PLACE DE LA CONCORDE";"48,8660650";"2,3209740"
"202000035395";"10";"12";"2020";"12:30";"1";"13";"13215";"2";"1";"2";"3";"SAINT ANTOINE A SAINT JOSEPH (CHEMIN DE)";"43,3648200";"5,3615500"
"202000035396";"27";"9";"2020";"05:15";"5";"75";"75111";"2";"3";"2";"6";"AVENUE PARMENTIER";"48,8630830";"2,3761580"
"202000035397";"11";"1";"2020";"15:30";"1";"35";"35360";"2";"3";"2";"6";"5 Rue du Mée";"48,1144300";" -1,2058120"
"202000035398";"1";"6";"2020";"16:00";"1";"69";"69220";"1";"1";"8";"3";"Route de Sainte-foy l'Argentière";"45,7333595";"4,4680378"
"202000035399";"27";"9";"2020";"04:15";"5";"75";"75110";"2";"4";"2";"6";"BOULEVARD DE MAGENTA";"48,8814300";"2,3514430"
"202000035400";"10";"12";"2020";"13:00";"1";"13";"13208";"2";"3";"2";"3";"LOUIS REGE (RUE)";"43,2810717";"5,3893572"
"202000035401";"28";"10";"2020";"16:30";"1";"75";"75107";"2";"2";"2";"2";"QUAI BRANLY";"48,8606270";"2,2954910"
"202000035402";"12";"1";"2020";"21:00";"3";"35";"35104";"1";"1";"1";"6";"RD 4";"48,5101030";" -1,6889640"
"202000035403";"27";"9";"2020";"02:20";"5";"75";"75103";"2";"2";"2";"3";"BOULEVARD DE SEBASTOPOL";"48,8644300";"2,3515170"
"202000035404";"13";"1";"2020";"20:30";"3";"29";"29267";"1";"1";"3";"6";"D72 -Rte de Chateauneuf";"48,1629500";" -3,8702440"
"202000035405";"26";"9";"2020";"19:50";"5";"75";"75102";"2";"1";"1";"3";"BOULEVARD DES ITALIENS";"48,8718100";"2,3390390"
"202000035406";"10";"12";"2020";"10:30";"1";"13";"13206";"2";"1";"2";"7";"GUADELOUPE (IMPASSE DE LA)";"43,2800000";"5,3700000"
"202000035407";"24";"9";"2020";"20:32";"5";"75";"75102";"2";"1";"2";"6";"RUE DANIELLE CASANOVA";"48,8681320";"2,3309210"
"202000035408";"12";"1";"2020";"20:50";"3";"29";"29160";"1";"3";"1";"1";"D59";"48,4743360";" -4,3911520"
"202000035409";"27";"9";"2020";"13:15";"1";"94";"94028";"1";"1";"2";"7";"ECHAT(RUE DE L')";"48,7998730";"2,4469760"
"202000035410";"26";"9";"2020";"13:20";"1";"94";"94077";"2";"1";"1";"3";"PAUL VAILLANT COUTURIER (AV)";"48,7351400";"2,4181100"
"202000035411";"4";"1";"2020";"14:40";"1";"02";"02714";"1";"1";"1";"2";"N31";"49,3732170";"3,4582130"
"202000035412";"31";"5";"2020";"19:50";"1";"69";"69112";"1";"1";"1";"1";"D70";"45,8054360";"4,6646350"
"202000035413";"25";"10";"2020";"14:50";"1";"75";"75107";"2";"1";"2";"7";"QUAI BRANLY";"48,8586120";"2,2928780"
"202000035414";"10";"12";"2020";"12:20";"1";"13";"13005";"2";"1";"8";"3";"Route de Marseille";"43,2847400";"5,5495100"
"202000035415";"27";"9";"2020";"22:10";"5";"94";"94018";"2";"9";"2";"3";"CARRIERES (QU DES)";"48,8187910";"2,4095830"
"202000035416";"1";"6";"2020";"10:30";"1";"14";"14724";"1";"1";"1";"5";"3 Les Boursiers";"49,2561149";" -0,1327731"
"202000035417";"12";"1";"2020";"11:55";"1";"84";"84148";"2";"1";"7";"6";"3 Le Cours";"44,0579660";"5,2331420"
"202000035418";"27";"9";"2020";"12:00";"1";"93";"93066";"2";"3";"8";"2";"R CROIZAT AMBROISE / R CHARLES CHRISTOFLE";"48,9302000";"2,3504000"
"202000035419";"28";"10";"2020";"18:45";"3";"75";"75101";"2";"2";"1";"6";"RUE DE RIVOLI";"48,8604340";"2,3423240"
"202000035420";"28";"10";"2020";"16:50";"2";"75";"75104";"2";"2";"2";"7";"RUE DES ARCHIVES";"48,8575140";"2,3542410"
"202000035421";"9";"12";"2020";"14:40";"1";"11";"11262";"2";"1";"1";" -1";"CARNOT (AVENUE)";"43,1926972";"3,0085635"
"202000035422";"27";"9";"2020";"14:30";"1";"93";"93047";"2";"2";"2";"3";"GABRIEL PERI  (AVENUE)";"48,8902347";"2,5520269"
"202000035423";"8";"12";"2020";"17:30";"1";"11";"11262";"2";"1";"1";" -1";"CUXAC (ROUTE DE)";"43,2004800";"3,0138000"
"202000035424";"1";"6";"2020";"09:00";"1";"60";"60346";"2";"6";"1";"1";"Rue des Marais";"49,1533590";"2,4291910"
"202000035425";"31";"5";"2020";"12:55";"1";"13";"13055";"1";"1";"1";"2";"A507 sens Marseille - Aubagne";"43,3297000";"5,4126000"
"202000035426";"30";"5";"2020";"15:20";"1";"13";"13055";"1";"1";"1";"2";"A507 sens Marseille - Aubagne";"43,2960900";"5,4244500"
"202000035427";"13";"1";"2020";"13:30";"1";"05";"05164";"1";"1";"1";"5";"N94";"44,5355450";"6,3857980"
"202000035428";"30";"5";"2020";"16:13";"1";"67";"67152";"1";"1";"1";"2";"Route Nationale 83";"48,5227600";"7,6962900"
"202000035429";"27";"9";"2020";"09:45";"1";"93";"93008";"2";"1";"2";"3";"TARRAL (RUE GEORGES)";"48,9080994";"2,4706996"
"202000035430";"8";"12";"2020";"19:50";"5";"10";"10387";"2";"1";"8";"4";"COMTES DE CHAMPAGNE (QUAI DES)";"48,2987600";"4,0778400"
"202000035431";"12";"1";"2020";"15:43";"1";"50";"50235";"1";"1";"1";"3";"Le Cocuet";"49,4087530";" -1,7405660"
"202000035432";"31";"5";"2020";"17:10";"1";"91";"91687";"1";"1";"1";"5";"AUTOROUTE A6";"48,6599000";"2,3732000"
"202000035433";"27";"9";"2020";"13:30";"1";"93";"93005";"2";"9";"1";"3";"MITRY [CD115] (ROUTE DE)";"48,9464732";"2,5107805"
"202000035434";"9";"12";"2020";"11:53";"1";"10";"10081";"2";"1";"8";"6";"GENERAL SARRAIL (AVE)";"48,3031600";"4,0292400"
"202000035435";"27";"9";"2020";"22:10";"5";"92";"92048";"2";"9";"2";"3";"PARIS (RUE DE) N° 12 A 164";"48,8124500";"2,2445210"
"202000035436";"9";"12";"2020";"17:55";"4";"07";"07281";"2";"1";"8";"6";"GROSS-UMSTADT (AVENUE DE)";"44,9443500";"4,8567000"
"202000035437";"27";"9";"2020";"19:50";"5";"92";"92040";"2";"1";"2";"2";"BOURGAIN (AVENE)";"48,8215870";"2,2657880"
"202000035438";"27";"9";"2020";"16:20";"1";"92";"92060";"2";"6";"2";"3";"DESCARTES (AVENUE)";"48,7763282";"2,2496532"
"202000035439";"28";"9";"2020";"07:15";"1";"974";"97415";"2";"3";"1";"3";"Rue Gabriel Martin";" -20,9773186";"55,3255928"
"202000035440";"28";"9";"2020";"04:15";"3";"974";"97415";"2";"1";"1";"6";"Route de Cambaie";" -20,9613090";"55,2938680"
"202000035441";"13";"1";"2020";"08:20";"2";"60";"60471";"2";"2";"2";"3";"Rue Jean Abel Lefranc";"49,5826360";"2,9986006"
"202000035442";"30";"5";"2020";"15:45";"1";"91";"91216";"1";"1";"1";"2";"AUTOROUTE A6";"48,6837400";"2,3287000"
"202000035443";"10";"12";"2020";"23:50";"5";"06";"06027";"2";"1";"1";"3";"GAUDE AVENUE DE LA";"43,6779000";"7,1510000"
"202000035444";"13";"1";"2020";"13:30";"1";"45";"45175";"1";"1";"9";"6";"D18-PR 17+300";"47,7433540";"1,8500850"
"202000035445";"31";"5";"2020";"01:06";"3";"91";"91617";"1";"1";"1";"6";"RN 104";"48,6314900";"2,4962600"
"202000035446";"9";"12";"2020";"15:13";"1";"05";"05061";"1";"3";"1";"3";"RN 85";"44,6248131";"6,0831035"
"202000035447";"27";"9";"2020";"13:50";"1";"35";"35176";"2";"2";"1";"3";"Rue Pitrel";"47,8310740";" -1,7959700"
"202000035448";"28";"10";"2020";"16:40";"1";"94";"94067";"2";"2";"2";"3";"GALLIENI (AV)";"48,8464200";"2,4175000"
"202000035449";"12";"1";"2020";"17:45";"2";"64";"64477";"1";"1";"1";"7";"Route d'Ispéguy, Départementale 949";"43,1776040";" -1,3926060"
"202000035450";"10";"12";"2020";"18:15";"5";"75";"75119";"2";"1";"1";"3";"AVENUE JEAN JAURES";"48,8878820";"2,3896460"
"202000035451";"31";"5";"2020";"14:50";"1";"92";"92023";"1";"1";"1";"2";"RN385";"48,7768071";"2,2306989"
"202000035452";"27";"10";"2020";"14:55";"1";"94";"94002";"2";"3";"2";"3";"R CHARLES DE GAULLE";"48,8145040";"2,4125130"
"202000035453";"28";"10";"2020";"13:55";"1";"94";"94033";"2";"9";"1";"6";"PAUL LANGEVIN (R)";"48,8547660";"2,4792110"
"202000035454";"10";"12";"2020";"13:20";"1";"75";"75118";"2";"2";"1";"3";"AVENUE DE LA PORTE DE SAINT OUEN";"48,8977390";"2,3290310"
"202000035455";"11";"1";"2020";"19:00";"3";"40";"40044";"1";"1";"1";"5";"1114 Route Nationale N°117";"43,5491140";" -1,3229490"
"202000035456";"26";"9";"2020";"19:15";"1";"35";"35356";"1";"1";"1";"6";"la martinais";"48,2568990";" -1,7516110"
"202000035457";"31";"5";"2020";"19:40";"1";"95";"95018";"1";"1";"1";"4";"AUTOROUTE A15";"48,9497706";"2,2805053"
"202000035458";"11";"1";"2020";"21:00";"5";"85";"85105";"2";"1";"1";"6";"7 Rue de la Rivière";"46,3734460";" -0,9241140"
"202000035459";"27";"9";"2020";"01:45";"5";"95";"95229";"2";"1";"2";"1";"Grande Rue";"49,0295080";"2,3634280"
"202000035460";"29";"5";"2020";"18:45";"1";"95";"95277";"1";"1";"1";"4";" A3";"48,9739100";"2,4886500"
"202000035461";"11";"1";"2020";"15:40";"1";"48";"48092";"2";"1";"7";"6";"1 avenue du Maréchal Alphonse Juin";"44,5581590";"3,2900220"
"202000035462";"12";"1";"2020";"23:50";"3";"52";"52172";"1";"1";"1";"6";"D13";"48,4167330";"4,9166730"
"202000035463";"27";"10";"2020";"19:05";"5";"94";"94055";"2";"1";"2";"6";"PINCE VENT (AV DE)";"48,7893420";"2,5487650"
"202000035464";"28";"9";"2020";"08:00";"1";"43";"43095";"1";"1";"2";"1";"RN102";"45,1509210";"3,6541990"
"202000035465";"10";"12";"2020";"12:50";"1";"75";"75112";"2";"2";"1";"3";"AVENUE LEDRU ROLLIN";"48,8458730";"2,3676710"
"202000035466";"27";"9";"2020";"18:55";"1";"17";"17196";"1";"1";"1";"6";"D732";"45,5710420";" -0,6441750"
"202000035467";"10";"12";"2020";"17:30";"2";"75";"75111";"2";"2";"1";"3";"BOULEVARD DE CHARONNE";"48,8503100";"2,3986050"
"202000035468";"28";"9";"2020";"01:50";"3";"71";"71270";"1";"1";"8";"7";"A40 PK 206+800 sens Macon/Genève";"46,3512031";"4,8268553"
"202000035469";"31";"5";"2020";"14:00";"1";"94";"94017";"1";"1";"1";"4";"A4";"48,8300400";"2,4965500"
"202000035470";"9";"1";"2020";"18:40";"3";"68";"68253";"1";"1";"1";"5";"A36";"47,7875560";"7,4598880"
"202000035471";"28";"10";"2020";"10:30";"1";"93";"93073";"2";"1";"8";"3";"VAILLANT (BOULEVARD CHARLES)";"48,9439000";"2,5732000"
"202000035472";"27";"9";"2020";"12:15";"1";"83";"83085";"1";"1";"1";"2";"Route de Callas";"43,5157860";"6,5655540"
"202000035473";"31";"5";"2020";"12:30";"1";"94";"94033";"1";"1";"1";"2";"A86.EXT";"48,8542817";"2,4895683"
"202000035474";"3";"1";"2020";"17:15";"1";"987";"98715";"1";"1";"1";"7";"RT5";" -17,5845220";" -149,5685780"
"202000035475";"30";"5";"2020";"20:45";"1";"94";"94017";"1";"1";"1";"2";"A4";"48,8300000";"2,4900000"
"202000035476";"9";"1";"2020";"01:30";"3";"34";"34340";"1";"1";"1";"2";"Autoroute A9 - PK 75+300";"43,7182909";"4,1402340"
"202000035477";"28";"10";"2020";"18:10";"4";"93";"93005";"2";"1";"2";"6";"EDGAR DEGAS (RUE)";"48,9565435";"2,4953908"
"202000035478";"27";"9";"2020";"20:45";"3";"34";"34014";"1";"1";"2";"7";"Avenue de Montpellier";"43,6945630";"3,8994600"
"202000035479";"10";"12";"2020";"07:55";"2";"75";"75111";"2";"2";"1";"3";"BOULEVARD RICHARD LENOIR";"48,8663450";"2,3688560"
"202000035480";"31";"5";"2020";"04:45";"5";"988";"98818";"2";"3";"3";"1";"RUE JACQUES IEKAWE/RUE DE CASTELLANE";" -22,2371800";"166,4745500"
"202000035481";"12";"1";"2020";"09:50";"1";"988";"98813";"1";"3";"1";"3";"RT1/RM8";" -21,8194000";"165,8678700"
"202000035482";"29";"5";"2020";"06:55";"1";"988";"98818";"2";"1";"1";"3";"RUE AUGUSTE BRUN";" -22,2764700";"166,4416700"
"202000035483";"12";"1";"2020";"13:40";"1";"37";"37210";"2";"1";"1";"1";"La Catinerie";"47,2131440";"0,3170126"
"202000035484";"30";"5";"2020";"18:50";"5";"974";"97416";"1";"1";"1";"7";"DIAGONALE(CHEMIN)";" -21,3028300";"55,4723700"
"202000035485";"11";"1";"2020";"17:55";"3";"78";"78398";"1";"1";"1";"2";"D155";"48,7634740";"1,8258650"
"202000035486";"30";"5";"2020";"22:00";"5";"69";"69276";"2";"1";"1";"3";"HECTOR BERLIOZ                          ";"45,6679534";"4,8529456"
"202000035487";"13";"1";"2020";"10:45";"1";"2B";"2B042";"2";"1";"1";"3";"T11";"42,5710970";"9,4419340"
"202000035488";"28";"10";"2020";"20:40";"5";"93";"93070";"2";"9";"8";"6";"LANDY(RUE):N° 1 AU 43";"48,9140100";"2,3444400"
"202000035489";"26";"9";"2020";"19:36";"2";"57";"57733";"2";"1";"2";"6";"10 Route de Luttange";"49,3065600";"6,2636390"
"202000035490";"28";"10";"2020";"13:00";"1";"93";"93051";"2";"3";"1";"3";"Rue des Ormes";"48,8451500";"2,5276600"
"202000035491";"13";"1";"2020";"07:50";"1";"84";"84132";"1";"2";"1";"3";"Route de Fontaine de Vaucluse";"43,9035240";"5,0144750"
"202000035492";"26";"9";"2020";"03:10";"5";"79";"79337";"2";"1";"1";"6";"2 Rue de la Mairie";"46,2955380";" -0,6368560"
"202000035493";"28";"10";"2020";"14:05";"1";"93";"93048";"2";"1";"1";"6";"JEAN LOLIVE (RUE)";"48,8672600";"2,4293000"
"202000035494";"12";"1";"2020";"16:50";"4";"54";"54463";"1";"2";"2";"7";"Les 4 Vents";"48,7956500";"6,0149840"
"202000035495";"30";"5";"2020";"15:10";"1";"69";"69388";"2";"1";"1";"4";"VIENNE (DE)                         (RO)";"45,7210000";"4,8541900"
"202000035496";"27";"9";"2020";"21:00";"3";"80";"80530";"1";"1";"3";"6";"D120";"49,9395380";"2,5323920"
"202000035497";"10";"12";"2020";"08:45";"2";"75";"75109";"2";"2";"1";"3";"BOULEVARD DE ROCHECHOUART";"48,8836110";"2,3495140"
"202000035498";"30";"5";"2020";"10:00";"1";"972";"97209";"2";"9";"1";"3";"CHATEAUBOEUF (ROUTE DE)";"14,6175531";" -61,0468244"
"202000035499";"9";"12";"2020";"09:20";"1";"75";"75109";"2";"2";"1";"3";"RUE DE TREVISE";"48,8759400";"2,3455480"
"202000035500";"29";"5";"2020";"20:45";"5";"972";"97209";"1";"1";"1";"2";"AUTOROUTE (A1)";"14,6182400";" -61,0376900"
"202000035501";"29";"5";"2020";"20:00";"1";"69";"69389";"2";"1";"1";"6";"AUGUSTE ISAAC                       (R )";"45,7865755";"4,8076769"
"202000035502";"10";"12";"2020";"16:45";"5";"75";"75108";"2";"3";"1";"4";"AVENUE DES CHAMPS ELYSEES";"48,8719260";"2,3009290"
"202000035503";"28";"9";"2020";"10:35";"1";"93";"93027";"2";"4";"1";"3";"LECLERC (AVENUE DU GENERAL)";"48,9270100";"2,3795100"
"202000035504";"28";"10";"2020";"19:40";"5";"93";"93047";"2";"1";"1";"6";"EUROPE (BOULEVARD DE L')";"48,8952458";"2,5703619"
"202000035505";"27";"10";"2020";"08:50";"1";"93";"93005";"2";"1";"1";"6";"MARC CHAGALL (BOULEVARD)";"48,9526100";"2,4968200"
"202000035506";"28";"10";"2020";"07:00";"2";"92";"92078";"2";"6";"1";"7";"CHARLES DE GAULLE (BD)(72 AU 308)";"48,9413366";"2,3221855"
"202000035507";"13";"1";"2020";"16:00";"1";"26";"26220";"1";"1";"1";"3";"D94";"44,3720800";"5,1548860"
"202000035508";"30";"5";"2020";"10:00";"1";"69";"69384";"2";"9";"1";"3";"ESSES (DES)                         (MO)";"45,7742400";"4,8130500"
"202000035509";"28";"9";"2020";"13:15";"1";"69";"69248";"1";"1";"2";"1";"D504";"46,0409370";"4,3087920"
"202000035510";"10";"12";"2020";"10:50";"1";"75";"75116";"2";"1";"1";"3";"AVENUE RAYMOND POINCARE";"48,8687020";"2,2856030"
"202000035511";"28";"10";"2020";"16:42";"1";"92";"92040";"2";"1";"2";"2";"GAMBETTA (BOULEVARD)";"48,8272466";"2,2785218"
"202000035512";"29";"5";"2020";"16:50";"1";"69";"69034";"2";"1";"1";"6";"PIERRE TERRASSE                     (AV)";"45,7986265";"4,8493682"
"202000035513";"13";"1";"2020";"14:05";"1";"69";"69163";"1";"1";"1";"5";"Route de varennes";"45,9179576";"4,7748953"
"202000035514";"28";"10";"2020";"11:00";"1";"92";"92036";"2";"1";"1";" -1";"CAMELINAT (BOULEVARD) (1/47)";"48,9278600";"2,2978990"
"202000035515";"27";"9";"2020";"21:55";"3";"89";"89418";"1";"1";"8";"7";"RD 35";"47,8481132";"3,9381748"
"202000035516";"12";"1";"2020";"21:30";"3";"17";"17219";"1";"1";"2";"6";"D728";"45,8276500";" -1,0942080"
"202000035517";"26";"9";"2020";"09:30";"1";"63";"63125";"1";"1";"3";"6";"Lieu-dit TARRAGNAT";"45,7785390";"3,5389710"
"202000035518";"30";"5";"2020";"08:50";"1";"971";"97101";"1";"1";"1";"6";"CHAUVEL";"16,2392349";" -61,5231586"
"202000035519";"28";"9";"2020";"15:00";"1";"63";"63380";"1";"1";"2";"3";"D996";"45,5895819";"2,9691132"
"202000035520";"30";"5";"2020";"20:40";"1";"95";"95555";"2";"1";"1";"6";"RAGUENETS (RUE DES)";"48,9602115";"2,2836918"
"202000035521";"23";"9";"2020";"14:50";"1";"49";"49149";"1";"2";"2";"3";"D176";"47,3350930";" -0,3030680"
"202000035522";"13";"1";"2020";"16:10";"1";"85";"85112";"1";"1";"1";" -1";"36 Rue de l'Auzance";"46,5719670";" -1,7869190"
"202000035523";"20";"10";"2020";"16:50";"1";"92";"92036";"2";"1";"2";"7";"GENEAL DE GAULLE (AVENUE) (1/41)";"48,9333070";"2,3067630"
"202000035524";"29";"5";"2020";"03:10";"5";"95";"95063";"2";"1";"1";"7";"RUE VILLENEUVE";"48,9255624";"2,2155740"
"202000035525";"9";"12";"2020";"08:40";"1";"75";"75107";"2";"5";"1";"6";"AVENUE DE LA MOTTE PICQUET";"48,8511100";"2,3009330"
"202000035526";"28";"10";"2020";"19:45";"5";"92";"92025";"2";"1";"1";"1";"STALINGRAD (AV DE)";"48,9356900";"2,2609800"
"202000035527";"30";"5";"2020";"16:45";"1";"91";"91377";"2";"1";"1";"3";"MARTYRS DE SOWETO (AVENUE DES)";"48,7352000";"2,2710000"
"202000035528";"10";"12";"2020";"15:45";"1";"94";"94081";"2";"3";"1";"6";"MOULIN DE SAQUET (AV DU)";"48,7900000";"2,3800000"
"202000035529";"28";"10";"2020";"09:00";"1";"92";"92012";"2";"1";"1";"3";"PIERRE GRENIER (AVENUE)";"48,8257475";"2,2486755"
"202000035530";"9";"12";"2020";"22:30";"5";"94";"94081";"2";"3";"1";"3";"PRESIDENT SALVADOR ALLENDE (AV DU)";"48,7959070";"2,4127250"
"202000035531";"13";"1";"2020";"15:54";"1";"60";"60398";"2";"9";"2";"3";"1 Rue de la Petite Couture";"49,1775630";"2,2865410"
"202000035532";"28";"10";"2020";"15:00";"1";"92";"92002";"2";"6";"1";"3";"PRESIDENT KENNEDY (2 A 48)";"48,7405955";"2,3021212"
"202000035533";"8";"12";"2020";"20:15";"5";"94";"94081";"2";"2";"8";"3";"MOULIN DE SAQUET (AV DU)";"48,7907728";"2,3809808"
"202000035534";"1";"12";"2020";"14:50";"1";"94";"94052";"2";"1";"1";"3";"Boulevard de Strasbourg";"48,8451070";"2,4889530"
"202000035535";"10";"12";"2020";"15:55";"1";"94";"94076";"2";"1";"1";"2";"MAXIME GORKI (BD)";"48,7933700";"2,3691200"
"202000035536";"10";"12";"2020";"12:45";"1";"94";"94003";"2";"9";"1";"6";"PAUL VAILLANT COUTURIER (AV)";"48,7993600";"2,3442700"
"202000035537";"28";"10";"2020";"18:00";"3";"60";"60107";"1";"1";"2";"4";"D1016";"49,3479297";"2,4301108"
"202000035538";"25";"10";"2020";"16:25";"1";"57";"57210";"2";"1";"1";"7";"79 Rue de l'Hôtel de Ville";"48,8454640";"7,0123190"
"202000035539";"10";"12";"2020";"20:25";"5";"94";"94034";"2";"4";"1";"3";"Roosevelt (ROND POINT)";"48,7576500";"2,3291800"
"202000035540";"29";"10";"2020";"10:00";"1";"28";"28424";"1";"2";"2";"3";"D126";"48,1738060";"1,1525880"
"202000035541";"8";"12";"2020";"13:46";"1";"94";"94033";"2";"7";"1";"2";"VINCENNES (BD DE)";"48,8441500";"2,4635300"
"202000035542";"29";"10";"2020";"13:50";"1";"11";"11172";"1";"1";"1";"3";"610";"43,2654269";"2,7174759"
"202000035543";"28";"10";"2020";"19:25";"3";"11";"11111";"1";"2";"1";"2";"D6113";"43,2105310";"2,8275020"
"202000035544";"12";"1";"2020";"22:15";"3";"80";"80288";"1";"1";"1";"4";"A1";"49,8779710";"2,8365830"
"202000035545";"28";"10";"2020";"14:30";"1";"52";"52432";"1";"1";"1";"6";"Aire de Val de Gris (Aire de repos)";"47,9428110";"5,3020620"
"202000035546";"28";"10";"2020";"19:05";"3";"74";"74026";"1";"1";"2";"3";"RD 1508";"45,9605550";"6,0349920"
"202000035547";"30";"5";"2020";"18:45";"1";"91";"91223";"2";"1";"1";"4";"MAI 1945 (AVENUE DU 8)";"48,4407900";"2,1434500"