"Num_Acc";"jour";"mois";"an";"hrmn";"lum";"dep";"com";"agg";"int";"atm";"col";"adr";"lat";"long"
"202000035548";"29";"10";"2020";"11:53";"1";"77";"77182";"2";"9";"2";"6";"Rue de Paris";"48,7815854";"3,3047083"
"202000035549";"29";"10";"2020";"06:30";"3";"57";"57106";"1";"1";"1";"6";"D918";"49,2975980";"6,5851660"
"202000035550";"29";"10";"2020";"17:50";"5";"57";"57155";"2";"1";"2";"6";"55 Avenue Charles de Gaulle";"49,1085820";"6,4131260"
"202000035551";"29";"10";"2020";"09:25";"1";"56";"56159";"1";"1";"9";"6";"D774";"47,7753290";" -2,3863400"
"202000035552";"29";"10";"2020";"18:00";"2";"56";"56195";"2";"3";"1";"6";"Rue de Nantes";"47,5185510";" -2,3017890"
"202000035553";"12";"1";"2020";"19:46";"3";"13";"13215";"1";"1";"1";"4";"A7-Sens Lyon vers Marseille";"43,3536590";"5,3646040"
"202000035554";"29";"10";"2020";"15:00";"1";"80";"80428";"2";"1";"8";"1";"6 Rue de Feuilleres";"49,9539540";"2,8511450"
"202000035555";"28";"10";"2020";"17:50";"2";"33";"33485";"2";"2";"1";"3";"Rue Churchill-roosevelt";"44,8201350";" -0,1354250"
"202000035556";"12";"1";"2020";"19:46";"3";"13";"13085";"1";"1";"1";"3";"A50-Sens Toulon vers Aubagne";"43,2484033";"5,5964703"
"202000035557";"9";"12";"2020";"21:20";"5";"94";"94075";"2";"1";"1";"6";"Rue Félix Faure";"48,7220300";"2,5366700"
"202000035558";"30";"5";"2020";"19:15";"1";"83";"83123";"2";"1";"1";"6";"LOUIS BLANC (RUE)";"43,1183000";"5,8016100"
"202000035559";"29";"5";"2020";"20:40";"2";"83";"83069";"1";"1";"1";"7";"ALMANARRE (ROUTE DE L')";"43,0840900";"6,1134500"
"202000035560";"28";"10";"2020";"21:30";"3";"81";"81148";"1";"1";"1";"6";"D8";"44,0459410";"1,8887040"
"202000035561";"9";"12";"2020";"09:14";"1";"94";"94028";"2";"9";"1";"6";"SAUSSURE(R)";"48,7696590";"2,4710460"
"202000035562";"10";"12";"2020";"12:10";"1";"94";"94079";"2";"1";"7";"6";"AUGUSTE RODIN (AV)";"48,8326150";"2,5518030"
"202000035563";"9";"12";"2020";"20:31";"5";"94";"94019";"2";"1";"1";"2";"FUSILLES DE CHATEAUBRIAND (R DES)";"48,7992500";"2,5430200"
"202000035564";"10";"12";"2020";"19:30";"5";"94";"94018";"2";"1";"1";"2";"ARTHUR CROQUETTE (R)";"48,8196730";"2,4138640"
"202000035565";"11";"1";"2020";"14:30";"1";"13";"13106";"1";"1";"1";"2";"A51-Sens Marseille vers Aix en Provence";"43,4054240";"5,3604770"
"202000035566";"10";"12";"2020";"10:10";"1";"94";"94017";"2";"1";"1";"4";"REPUBLIQUE (AV DE LA)";"48,8199000";"2,5111600"
"202000035567";"11";"1";"2020";"11:50";"1";"13";"13005";"1";"1";"1";"2";"A502-Sens Aubagne vers Toulon par R.N.";"43,2828115";"5,5794480"
"202000035568";"29";"10";"2020";"18:50";"3";"11";"11259";"1";"1";"1";"1";"RD 629";"43,2760260";"2,2324880"
"202000035569";"30";"5";"2020";"17:54";"1";"78";"78440";"2";"1";"1";"2";"EUROPE (AVENUE DE L')";"48,9738710";"1,9172760"
"202000035570";"29";"5";"2020";"19:00";"1";"76";"76540";"2";"3";"1";"2";"BOISGUILBERT. QUAI DE";"49,4424200";"1,0772700"
"202000035571";"9";"12";"2020";"21:00";"5";"94";"94075";"2";"2";"1";"5";"MARECHAL DE LATTRE DE TASSIGNY (AV)";"48,7273400";"2,5354000"
"202000035572";"29";"10";"2020";"19:10";"5";"71";"71014";"2";"1";"2";"6";"20 Avenue de la République";"46,9544982";"4,2932336"
"202000035573";"10";"1";"2020";"12:06";"1";"13";"13215";"1";"1";"1";"7";"A55-Sens Martigues vers Marseille";"43,3469580";"5,3449440"
"202000035574";"12";"1";"2020";"06:25";"3";"69";"69297";"1";"1";"1";"6";"A7   ";"45,6085000";"4,8036520"
"202000035575";"29";"5";"2020";"22:55";"5";"69";"69266";"2";"3";"1";"3";"FLEURS        (Rue des)";"45,7536800";"4,8952300"
"202000035576";"30";"5";"2020";"14:25";"1";"64";"64445";"2";"1";"1";"2";"SIMIN PALAY";"43,3096800";" -0,3312000"
"202000035577";"30";"5";"2020";"14:50";"1";"64";"64024";"2";"1";"1";"2";"UNION (RUE DE L')";"43,4855900";" -1,5043000"
"202000035578";"30";"5";"2020";"14:15";"1";"64";"64024";"2";"1";"1";"7";"BAYONNE (AVENUE DE)";"43,4829800";" -1,5037800"
"202000035579";"30";"5";"2020";"11:20";"1";"64";"64102";"2";"1";"1";"4";"AVRIL (AVENUE DU 14)";"43,5023100";" -1,4616100"
"202000035580";"7";"1";"2020";"06:50";"3";"67";"67152";"1";"1";"1";"4";"Route Nationale 83";"48,5244243";"7,6957365"
"202000035581";"10";"12";"2020";"10:10";"1";"94";"94071";"2";"1";"1";"1";"WINSTON CHURCHILL (R)";"48,7676060";"2,5247460"
"202000035582";"29";"10";"2020";"12:10";"1";"89";"89131";"1";"1";"8";"7";"D162";"47,9044910";"4,2178490"
"202000035583";"29";"5";"2020";"12:30";"1";"64";"64024";"2";"1";"1";"3";"LAPORTE (AVENUE JEAN LEON)";"43,4908400";" -1,4983800"
"202000035584";"29";"10";"2020";"07:15";"2";"55";"55573";"1";"1";"8";"7";"RD 29";"48,6738040";"5,6099150"
"202000035585";"29";"5";"2020";"11:15";"1";"64";"64102";"2";"1";"1";"2";"ALLEES MARINES (AVENUE DES)";"43,4989600";" -1,4887600"
"202000035586";"29";"10";"2020";"08:22";"1";"86";"86281";"1";"1";"2";"1";"D347";"46,7133850";"0,2248760"
"202000035587";"30";"5";"2020";"10:10";"1";"56";"56260";"2";"1";"1";"6";"LE BRIX(RUE JOSEPH)";"47,6590300";" -2,7588800"
"202000035588";"28";"10";"2020";"21:20";"3";"39";"39478";"1";"1";"3";"6";"N/A";"46,3813690";"5,8041070"
"202000035589";"9";"12";"2020";"08:00";"1";"94";"94004";"2";"2";"1";"1";"GENERAL LECLERC (AV DU)";"48,7544700";"2,5060300"
"202000035590";"30";"5";"2020";"08:30";"1";"54";"54395";"2";"2";"1";"3";"METZ (RUE DE)";"48,7002300";"6,1725300"
"202000035591";"12";"1";"2020";"07:25";"3";"33";"33080";"1";"1";"1";"6";"AUTOROUTE A 62";"44,7370100";" -0,5339300"
"202000035592";"12";"1";"2020";"04:18";"3";"91";"91377";"1";"1";"1";"6";"AUTOROUTE A10";"48,7194600";"2,2934600"
"202000035593";"11";"1";"2020";"23:09";"3";"94";"94034";"1";"1";"1";"7";"AUTOROUTE A6B";"48,7549200";"2,3325900"
"202000035594";"12";"1";"2020";"21:30";"3";"94";"94022";"1";"1";"1";"2";"A86 EXT";"48,7765300";"2,4198800"
"202000035595";"11";"1";"2020";"14:20";"1";"75";"75118";"2";"4";"1";"3";"ECHANGEUR CHAPELLE";"48,9003991";"2,3624843"
"202000035596";"29";"10";"2020";"09:30";"1";"02";"02363";"2";"9";"1";"1";"13 Rue Saint-georges";"49,5206360";"3,2693930"
"202000035597";"11";"1";"2020";"17:40";"5";"75";"75117";"2";"3";"1";"6";"AVENUE DE LA PORTE DE CLICHY";"48,8954096";"2,3116721"
"202000035598";"29";"10";"2020";"17:50";"3";"03";"03166";"1";"1";"1";"2";"N/A";"46,1287166";"3,1671713"
"202000035599";"29";"10";"2020";"12:20";"1";"15";"15038";"1";"1";"2";"6";"Les Rebeyres";"45,3939370";"2,5379060"
"202000035600";"28";"10";"2020";"16:45";"1";"01";"01269";"2";"1";"2";"6";"4 Route de La-cluse";"46,1573210";"5,6039390"
"202000035601";"28";"10";"2020";"21:40";"3";"58";"58085";"1";"1";"1";"6";"D977";"47,4354900";"3,4176800"
"202000035602";"28";"10";"2020";"13:17";"1";"60";"60223";"1";"1";"2";"5";"D1017";"49,4193770";"2,6340370"
"202000035603";"11";"1";"2020";"21:00";"5";"75";"75120";"2";"2";"1";"3";"AVENUE DE LA PORTE DES LILAS";"48,8777771";"2,4081784"
"202000035604";"10";"1";"2020";"11:35";"1";"75";"75118";"2";"1";"2";"3";"RUE D AUBERVILLIERS";"48,8983130";"2,3705310"
"202000035605";"28";"5";"2020";"08:15";"1";"52";"52448";"2";"9";"1";"2";"VERGY (RUE DE)";"48,6343200";"4,9380500"
"202000035606";"11";"1";"2020";"00:30";"5";"75";"75117";"2";"3";"1";"6";"BOULEVARD DES BATIGNOLLES";"48,8816749";"2,3177641"
"202000035607";"9";"12";"2020";"17:30";"5";"93";"93070";"2";"3";"1";"6";"GABRIEL-PERI (AV)";"48,9085910";"2,3326899"
"202000035608";"30";"5";"2020";"18:30";"1";"51";"51454";"2";"1";"1";"3";"Avenue Jean Jaurès";"49,2604507";"4,0477345"
"202000035609";"30";"5";"2020";"15:20";"1";"51";"51454";"2";"6";"1";"2";"Rond Point de Champagne";"49,2135668";"4,0152836"
"202000035610";"29";"5";"2020";"18:50";"1";"51";"51454";"2";"1";"1";"2";"Avenue Nicéphore Niepce";"49,2286957";"4,0676347"
"202000035611";"30";"5";"2020";"12:35";"1";"45";"45274";"2";"1";"1";"6";"Rue Jehan du Lys";"47,8910900";"1,9701200"
"202000035612";"10";"12";"2020";"11:30";"1";"93";"93066";"2";"1";"1";"6";"GARENNE";"48,9421113";"2,3850849"
"202000035613";"30";"5";"2020";"15:00";"1";"35";"35238";"2";"9";"1";"2";"ALMA (DE L')";"48,1042700";" -1,6773300"
"202000035614";"29";"10";"2020";"08:25";"1";"64";"64145";"2";"9";"1";"3";"route de pau";"43,1940740";" -0,2717720"
"202000035615";"29";"5";"2020";"18:30";"1";"34";"34172";"2";"8";"1";" -1";"LODEVE (AVENUE DE";"43,6103750";"3,8562120"
"202000035616";"28";"10";"2020";"18:15";"2";"18";"18206";"1";"1";"1";"5";"Route d'Orléans";"47,1943790";"2,3251530"
"202000035617";"30";"5";"2020";"21:25";"2";"33";"33063";"2";"3";"1";"6";"QUAI DES CHARTRONS / CRS DE LA MARTINIQUE";"44,8526000";" -0,5677000"
"202000035618";"29";"10";"2020";"09:05";"1";"10";"10288";"1";"1";"2";"6";"RD671";"48,0033620";"4,4743970"
"202000035619";"7";"12";"2020";"08:30";"1";"93";"93066";"2";"1";"1";"4";"""STRASBOURG, NR 1 A 71 ET 2 A 34""";"48,9358200";"2,3670400"
"202000035620";"30";"5";"2020";"21:05";"1";"33";"33522";"2";"2";"1";"3";"RUE DE LA VIEILLE TOUR / RUE PIERRE NOAILLES";"44,8082634";" -0,6003304"
"202000035621";"11";"1";"2020";"15:30";"1";"75";"75116";"2";"3";"1";"4";"AVENUE DE NEW YORK";"48,8632061";"2,2961761"
"202000035622";"28";"10";"2020";"23:10";"4";"04";"04214";"1";"1";"1";"6";"RD 19";"44,0683780";"6,3835290"
"202000035623";"10";"1";"2020";"08:10";"1";"75";"75116";"2";"4";"8";"3";"ALLEE DE LONGCHAMP";"48,8769984";"2,2769237"
"202000035624";"10";"1";"2020";"09:40";"1";"75";"75116";"2";"1";"2";"3";"AVENUE DU MAHATMA GANDHI";"48,8767330";"2,2662520"
"202000035625";"29";"10";"2020";"16:30";"1";"04";"04094";"1";"3";"1";"5";"RD 4 (lieu dit Bagatelle) / Ch du pas";"43,7528759";"5,8046551"
"202000035626";"10";"1";"2020";"18:30";"5";"75";"75115";"2";"3";"2";"3";"RUE LECOURBE";"48,8354161";"2,2810699"
"202000035627";"30";"5";"2020";"08:00";"1";"33";"33281";"2";"3";"1";"3";"CHEM DE LA PROCESSION / RUE FRANCOIS GIRARDON";"44,8202400";" -0,6928100"
"202000035628";"28";"10";"2020";"17:15";"1";"08";"08490";"1";"1";"1";"6";"D983";"49,4326780";"4,6727090"
"202000035629";"30";"5";"2020";"18:40";"1";"33";"33009";"2";"2";"1";"3";"BALESTE MARICHON (RUE)";"44,6603400";" -1,1886400"
"202000035630";"29";"10";"2020";"17:40";"2";"80";"80160";"1";"1";"2";"5";"A29";"49,8532249";"2,3559056"
"202000035631";"30";"5";"2020";"10:20";"1";"27";"27554";"2";"1";"1";"6";"MAIRIE (RUE DELA)";"49,1092900";"1,4397100"
"202000035632";"30";"5";"2020";"20:30";"1";"13";"13216";"2";"1";"1";"6";"ESTAQUE PLAGE";"43,3598900";"5,3161700"
"202000035633";"25";"10";"2020";"19:50";"3";"06";"06018";"1";"1";"8";"6";"Route des Colles";"43,6158750";"7,0830920"
"202000035634";"11";"1";"2020";"13:40";"1";"75";"75114";"2";"2";"1";"6";"RUE D ALESIA";"48,8293001";"2,3226671"
"202000035635";"22";"10";"2020";"16:00";"1";"987";"98722";"2";"3";"1";"1";"PK 17 - RT2";" -17,5914290";" -149,3821260"
"202000035636";"11";"1";"2020";"11:50";"1";"75";"75113";"2";"2";"1";"3";"RUE THOMAS MANN";"48,8296059";"2,3792361"
"202000035637";"10";"12";"2020";"07:50";"1";"93";"93064";"2";"1";"1";"6";"AV JEAN JAURES";"48,8687200";"2,4860400"
"202000035638";"11";"1";"2020";"11:30";"1";"75";"75113";"2";"1";"1";"3";"AVENUE D ITALIE";"48,8291887";"2,3563339"
"202000035639";"10";"12";"2020";"16:30";"2";"93";"93048";"2";"2";"1";"3";"VALMY (RUE DE)";"48,8508600";"2,4185700"
"202000035640";"30";"5";"2020";"12:00";"1";"13";"13212";"2";"1";"1";"6";"LOUIS MAZAUDIER (RUE)";"43,3100000";"5,4180000"
"202000035641";"11";"1";"2020";"02:25";"5";"75";"75112";"2";"1";"1";"3";"RUE DE LYON";"48,8500131";"2,3705201"
"202000035642";"29";"10";"2020";"17:55";"5";"77";"77343";"1";"1";"1";"1";"D401";"49,0231800";"3,0763440"
"202000035643";"11";"1";"2020";"04:45";"5";"75";"75111";"2";"3";"1";"6";"RUE DE LA ROQUETTE";"48,8598334";"2,3887545"
"202000035644";"28";"10";"2020";"17:35";"2";"83";"83112";"2";"1";"1";"1";"D559";"43,1808890";"5,6810050"
"202000035645";"9";"12";"2020";"13:00";"1";"93";"93048";"2";"2";"2";"3";"CARNOT (RUE)";"48,8571859";"2,4411565"
"202000035646";"30";"5";"2020";"07:20";"1";"13";"13213";"2";"1";"1";"4";"CHEMIN DU MERLAN A LA ROSE ";"43,3310000";"5,4070000"
"202000035647";"9";"12";"2020";"16:38";"5";"93";"93063";"2";"1";"1";"3";"BRANLY BD EDOUARD";"48,8740614";"2,4405091"
"202000035648";"10";"12";"2020";"17:05";"2";"92";"92073";"2";"1";"1";"6";"BRIAND (BOULEVARD ARISTIDE)";"48,8631076";"2,2030324"
"202000035649";"30";"5";"2020";"17:50";"1";"06";"06088";"2";"1";"1";"3";"DUFY (RUE RAOUL)";"43,6803060";"7,2157500"
"202000035650";"29";"10";"2020";"16:45";"1";"83";"83143";"2";"1";"1";"6";"Chemin du Serre";"43,4360860";"6,0565460"
"202000035651";"31";"5";"2020";"01:30";"5";"06";"06027";"2";"1";"1";"6";"ZIEM AVENUE";"43,6648920";"7,1623170"
"202000035652";"29";"10";"2020";"15:40";"1";"13";"13110";"2";"9";"1";"3";"178 Route de Pourrières";"43,4507710";"5,6906090"
"202000035653";"30";"5";"2020";"14:32";"1";"75";"75116";"2";"4";"1";"3";"BD PERIPHERIQUE INTERIEUR";"48,8439745";"2,2549412"
"202000035654";"29";"10";"2020";"15:00";"1";"03";"03298";"1";"1";"2";"5";"N/A";"46,3243333";"3,3719691"
"202000035655";"10";"1";"2020";"23:30";"5";"75";"75111";"2";"2";"1";"2";"AVENUE DE LA REPUBLIQUE";"48,8651558";"2,3752030"
"202000035656";"10";"12";"2020";"11:00";"1";"92";"92051";"2";"1";"8";"6";"VILLIERS (RUE DE, N° 21 A 59)";"48,8880766";"2,2818748"
"202000035657";"30";"5";"2020";"19:45";"1";"75";"75107";"2";"1";"1";"6";"BOULEVARD RASPAIL";"48,8519063";"2,3267259"
"202000035658";"29";"10";"2020";"13:15";"1";"74";"74040";"2";"1";"1";" -1";"617 Avenue du Fer à Cheval";"46,1670150";"6,3295680"
"202000035659";"25";"10";"2020";"20:20";"3";"69";"69160";"1";"1";"1";"3";"D385";"46,1391810";"4,4473390"
"202000035660";"8";"12";"2020";"18:00";"2";"92";"92050";"2";"2";"1";"3";"SEINE BOULEVARD DE";"48,8996842";"2,1950428"
"202000035661";"30";"5";"2020";"15:15";"1";"75";"75105";"2";"2";"1";"3";"RUE GEOFFROY SAINT HILAIRE";"48,8411840";"2,3559590"
"202000035662";"11";"1";"2020";"20:15";"5";"75";"75110";"2";"4";"1";"6";"BOULEVARD DE MAGENTA";"48,8782962";"2,3544157"
"202000035663";"11";"1";"2020";"12:05";"1";"75";"75110";"2";"1";"1";"3";"BOULEVARD SAINT MARTIN";"48,8685679";"2,3582151"
"202000035664";"10";"1";"2020";"13:39";"1";"75";"75110";"2";"1";"2";" -1";"BOULEVARD DE MAGENTA";"48,8824090";"2,3505700"
"202000035665";"6";"12";"2020";"22:15";"5";"92";"92050";"2";"1";"1";"3";"REPUBLIQUE AVENUE DE LA";"48,9121873";"2,2236666"
"202000035666";"1";"1";"2020";"01:30";"5";"75";"75107";"2";"2";"1";"6";"QUAI ANATOLE FRANCE";"48,8595320";"2,3292840"
"202000035667";"10";"12";"2020";"06:50";"5";"92";"92023";"2";"2";"1";"1";"GENERAL DE GAULLE (AVENUE DU)";"48,7863886";"2,2540117"
"202000035668";"11";"1";"2020";"19:40";"5";"75";"75103";"2";"2";"1";"6";"RUE REAUMUR";"48,8654488";"2,3560470"
"202000035669";"30";"5";"2020";"18:20";"1";"75";"75119";"2";"3";"1";"3";"RUE DE BELLEVILLE";"48,8725342";"2,3785561"
"202000035670";"26";"9";"2020";"00:40";"3";"42";"42044";"1";"1";"2";" -1";"RN88";"45,3946500";"4,3314300"
"202000035671";"30";"5";"2020";"21:15";"2";"75";"75117";"2";"7";"1";"2";"AVENUE CARNOT";"48,8742800";"2,2945460"
"202000035672";"28";"10";"2020";"15:15";"1";"33";"33039";"1";"1";"1";"2";"ROCADE A 630";"44,7964100";" -0,5385500"
"202000035673";"30";"5";"2020";"13:55";"1";"75";"75117";"2";"2";"1";"3";"RUE DE COURCELLES";"48,8815520";"2,3006755"
"202000035674";"6";"12";"2020";"15:20";"1";"92";"92009";"2";"2";"1";"2";"EUROPE (AVENUE)";"48,9071100";"2,2638600"
"202000035675";"10";"12";"2020";"18:30";"5";"62";"62504";"2";"1";"1";"2";"8 rue de leuline";"50,7357630";"2,1756260"
"202000035676";"30";"5";"2020";"12:15";"1";"75";"75116";"2";"3";"1";"3";"AVENUE DE LA GRANDE ARMEE";"48,8748276";"2,2917277"
"202000035677";"7";"12";"2020";"08:00";"1";"974";"97422";"1";"9";"1";"6";"Rue des Poinsetias";" -21,2484670";"55,5252750"
"202000035678";"11";"12";"2020";"12:32";"1";"67";"67153";"1";"1";"1";"6";"rd 632";"48,7849960";"7,5019560"
"202000035679";"30";"5";"2020";"14:25";"1";"75";"75115";"2";"2";"1";"3";"AVENUE DE LA PORTE DE SEVRES";"48,8360990";"2,2782700"
"202000035680";"30";"5";"2020";"14:50";"1";"75";"75114";"2";"1";"1";"3";"AVENUE DU GENERAL LECLERC";"48,8236447";"2,3256404"
"202000035681";"10";"12";"2020";"18:20";"3";"22";"22227";"1";"1";"2";"7";"RN12 PR 123+500";"48,5674920";" -3,5816720"
"202000035682";"22";"10";"2020";"06:50";"3";"59";"59435";"1";"1";"1";"5";"AUTOROUTE A23";"50,4949938";"3,2120982"
"202000035683";"11";"1";"2020";"17:35";"2";"75";"75104";"2";"1";"1";"7";"BOULEVARD DE SEBASTOPOL";"48,8602203";"2,3491686"
"202000035684";"11";"12";"2020";"07:30";"3";"76";"76244";"1";"1";"2";"3";"AUTOROUTE a28 pk 061+500";"49,7069560";"1,3757260"
"202000035685";"30";"5";"2020";"13:00";"1";"75";"75114";"2";"3";"1";"3";"BOULEVARD JOURDAN";"48,8223779";"2,3291271"
"202000035686";"11";"12";"2020";"07:30";"2";"15";"15055";"1";"9";"4";"2";"A75 PK 087+200";"45,0874110";"3,1174030"
"202000035687";"11";"12";"2020";"05:45";"3";"37";"37266";"1";"1";"2";"6";"barrière de péage de VEIGNE (37) A85 PK103+800 vers BOURGES";"47,3119576";"0,7353865"
"202000035688";"30";"5";"2020";"21:10";"1";"75";"75112";"2";"2";"1";"3";"BOULEVARD PONIATOWSKI";"48,8318200";"2,3977200"
"202000035689";"10";"12";"2020";"15:50";"1";"83";"83067";"1";"1";"1";"5";"D97";"43,3399430";"6,2959760"
"202000035690";"10";"12";"2020";"18:45";"3";"04";"04161";"1";"1";"1";"6";"RD 900";"44,4007427";"6,4999279"
"202000035691";"30";"5";"2020";"16:57";"1";"75";"75112";"2";"2";"1";"3";"RUE DE WATTIGNIES";"48,8351784";"2,3987763"
"202000035692";"28";"10";"2020";"14:35";"2";"93";"93051";"1";"1";"1";"2";"A4";"48,8400000";"2,5500000"
"202000035693";"30";"5";"2020";"14:35";"1";"75";"75110";"2";"7";"1";"6";"PLACE JACQUES BONSERGENT";"48,8710682";"2,3611258"
"202000035694";"28";"10";"2020";"08:00";"1";"95";"95277";"1";"1";"1";" -1";" A3";"48,9744000";"2,4891000"
"202000035695";"30";"5";"2020";"10:15";"1";"75";"75110";"2";"1";"1";"3";"QUAI DE JEMMAPES";"48,8766840";"2,3652830"
"202000035696";"11";"1";"2020";"12:25";"1";"94";"94043";"2";"1";"1";"2";"FONTAINEBLEAU (AV DE)";"48,8114800";"2,3621100"
"202000035697";"11";"12";"2020";"12:45";"1";"82";"82013";"1";"1";"8";"6";"D928";"43,8700350";"0,9632134"
"202000035698";"28";"10";"2020";"01:30";"3";"93";"93007";"1";"1";"2";"7";"AUTOROUTE A3";"48,9195786";"2,4789097"
"202000035699";"11";"1";"2020";"11:00";"1";"94";"94019";"2";"1";"1";"6";"MARECHAL LECLERC (AV DU)";"48,7964592";"2,5317085"
"202000035700";"11";"1";"2020";"11:35";"1";"94";"94017";"2";"1";"1";"3";"BEARN (VLA)";"48,8079300";"2,5517620"
"202000035701";"28";"10";"2020";"20:00";"3";"94";"94033";"1";"1";"1";"4";"A86.INT";"48,8600600";"2,4853400"
"202000035702";"10";"12";"2020";"21:47";"3";"82";"82125";"1";"1";"2";"6";"1979 Route de Montbartier";"43,9388240";"1,2432040"
"202000035703";"30";"5";"2020";"09:10";"1";"75";"75110";"2";"2";"1";"3";"BOULEVARD DE LA VILLETTE";"48,8736396";"2,3750159"
"202000035704";"10";"1";"2020";"23:45";"5";"93";"93066";"2";"9";"1";"4";"FRANCE ANATOLE (BOULEVARD) NR AUTRES";"48,9217550";"2,3457877"
"202000035705";"28";"10";"2020";"19:20";"5";"77";"77169";"1";"1";"1";" -1";"A4.Y";"48,8329200";"2,5951700"
"202000035706";"28";"10";"2020";"07:30";"1";"988";"98818";"2";"1";"1";"6";"AVENUE BONAPARTE";" -22,2335100";"166,4665300"
"202000035707";"10";"1";"2020";"23:30";"3";"93";"93074";"1";"1";"2";"5";"Route Nationale 3";"48,9347900";"2,6029800"
"202000035708";"27";"10";"2020";"13:15";"1";"988";"98818";"2";"6";"1";"2";"VE1/RUE BERTHELOT";" -22,2604100";"166,4446200"
"202000035709";"11";"1";"2020";"13:50";"1";"93";"93031";"2";"2";"1";"6";"RTE D'ARGENTEUIL / R DE LILLE";"48,9600978";"2,2918736"
"202000035710";"10";"12";"2020";"20:34";"3";"49";"49378";"1";"1";"1";"6";"D 347";"47,3018100";" -0,0373690"
"202000035711";"27";"10";"2020";"14:20";"1";"974";"97416";"2";"2";"1";"3";"Rue Rodier";" -21,3383600";"55,4772300"
"202000035712";"11";"1";"2020";"09:20";"1";"93";"93010";"2";"6";"1";"6";"R JULES GUESDE / R AUGUSTE POLISSARD";"48,9032784";"2,4802217"
"202000035713";"21";"10";"2020";"19:45";"3";"974";"97416";"1";"1";"1";"1";"CD 26";" -21,3016700";"55,4330000"
"202000035714";"11";"1";"2020";"20:43";"5";"92";"92072";"2";"2";"1";" -1";"GRANDE RUE/ LECLERC (AVENUE DE LA DIVISION)";"48,8264150";"2,2192830"
"202000035715";"27";"10";"2020";"18:00";"5";"69";"69383";"2";"2";"1";"3";"LAC (DU)                            (R )";"45,7561426";"4,8548960"
"202000035716";"27";"10";"2020";"12:55";"1";"69";"69387";"2";"2";"1";"3";"NICOLAI                             (R )";"45,7491100";"4,8564500"
"202000035717";"27";"10";"2020";"12:17";"1";"69";"69388";"2";"9";"1";"6";"11 NOVEMBRE 1918 (DU)               (PL)";"45,7366500";"4,8692100"
"202000035718";"27";"10";"2020";"08:15";"1";"69";"69386";"2";"1";"1";"2";"VENDOME                             (R )";"45,7653600";"4,8457300"
"202000035719";"11";"12";"2020";"17:20";"2";"12";"12068";"1";"1";"8";"7";"RD997";"44,3246310";"2,3408390"
"202000035720";"30";"5";"2020";"16:00";"1";"75";"75109";"2";"4";"1";"6";"RUE LA FAYETTE";"48,8760260";"2,3445350"
"202000035721";"22";"10";"2020";"13:30";"1";"972";"97213";"1";"1";"1";"2";"AUTOROUTE A1";"14,6174161";" -61,0169506"
"202000035722";"11";"1";"2020";"16:30";"1";"92";"92051";"2";"1";"1";"2";"CHARLES DE GAULLE (AVENUE,N°118 A 192 +";"48,8841670";"2,2625340"
"202000035723";"27";"10";"2020";"12:50";"1";"972";"97209";"1";"1";"3";"7";"AUTOROUTE (A1)";"14,6162800";" -61,0434400"
"202000035724";"27";"10";"2020";"15:40";"1";"69";"69384";"2";"1";"1";"6";"CROIX-ROUSSE (DE LA)                (BD)";"45,7739300";"4,8270200"
"202000035725";"27";"10";"2020";"12:30";"1";"69";"69385";"2";"3";"1";"3";"MENIVAL (DE)                        (AV)";"45,7559000";"4,7880000"
"202000035726";"11";"1";"2020";"11:30";"1";"92";"92035";"2";"1";"1";"3";"Général Leclerc ( avenue du )";"48,9124000";"2,2492400"
"202000035727";"26";"10";"2020";"11:25";"1";"69";"69202";"2";"1";"8";"6";"RAZES (DES)                         (CH)";"45,7351600";"4,7817800"
"202000035728";"27";"10";"2020";"09:50";"1";"971";"97120";"2";"2";"1";"6";"HANNE (BOULEVARD)";"16,2409100";" -61,5351800"
"202000035729";"30";"5";"2020";"20:30";"1";"75";"75101";"2";"2";"1";"3";"QUAI FRANCOIS MITTERRAND";"48,8601128";"2,3333437"
"202000035730";"26";"10";"2020";"21:25";"5";"95";"95424";"2";"1";"1";"1";"GÉNÉRAL DE GAULLE(RUE DU)";"48,9978580";"2,1952130"
"202000035731";"29";"5";"2020";"19:30";"1";"75";"75103";"2";"4";"1";"3";"BOULEVARD BEAUMARCHAIS";"48,8575990";"2,3680630"
"202000035732";"27";"5";"2020";"21:00";"2";"75";"75104";"2";"7";"1";"3";"BOULEVARD BEAUMARCHAIS";"48,8536186";"2,3690504"
"202000035733";"11";"12";"2020";"10:40";"1";"01";"01066";"1";"1";"4";"1";"D1504";"45,8427620";"5,5700040"
"202000035734";"11";"1";"2020";"18:20";"5";"92";"92012";"2";"3";"1";"3";"VICTOR GRIFFUELHES (RUE) - COTE IMPAIR";"48,8297100";"2,2422100"
"202000035735";"10";"12";"2020";"13:50";"1";"29";"29160";"2";"1";"7";"6";"D788 - ";"48,4935552";" -4,4317237"
"202000035736";"30";"5";"2020";"16:10";"1";"75";"75102";"2";"4";"1";"3";"RUE DU LOUVRE";"48,8658543";"2,3433805"
"202000035737";"30";"5";"2020";"21:50";"2";"94";"94081";"2";"3";"1";"3";"COLONEL FABIEN (AV DU)";"48,7825600";"2,3808700"
"202000035738";"10";"12";"2020";"17:20";"2";"29";"29075";"2";"1";"1";"6";"Rue de Paris";"48,4355974";" -4,3952082"