"Num_Acc";"jour";"mois";"an";"hrmn";"lum";"dep";"com";"agg";"int";"atm";"col";"adr";"lat";"long"
"202000036131";"2";"7";"2020";"19:00";"1";"92";"92032";"2";"1";"1";"3";"LECCLERC GENERAL (AVENUE DU)";"48,7938700";"2,2730800"
"202000036132";"2";"7";"2020";"05:00";"5";"92";"92007";"2";"2";"1";"3";"SANGNIER (RUE MARC) N° IMPAIRS";"48,7976300";"2,3095700"
"202000036133";"2";"7";"2020";"19:40";"1";"92";"92002";"2";"3";"1";"3";"ARISTIDE BRIAND (AVENUE)";"48,7623846";"2,3085545"
"202000036134";"1";"7";"2020";"22:05";"5";"92";"92014";"2";"9";"1";"7";"GENERAL LECLERC (AV.) (1 A 55BIS - 2 A 4";"48,7853492";"2,3176244"
"202000036135";"3";"7";"2020";"19:30";"1";"54";"54250";"1";"1";"1";"3";"D80";"48,6584240";"6,3534240"
"202000036136";"2";"7";"2020";"17:40";"1";"01";"01007";"1";"2";"1";"3";"D1075";"46,0248000";"5,3389260"
"202000036137";"3";"7";"2020";"05:50";"2";"33";"33479";"1";"1";"1";"2";"Lieu Dit Superbie";"44,6027250";" -0,0325190"
"202000036138";"2";"7";"2020";"04:25";"3";"36";"36235";"1";"2";"1";"3";"N/A";"47,1394100";"1,4913940"
"202000036139";"24";"6";"2020";"13:30";"1";"974";"97422";"2";"1";"1";"3";"Chemin des Longoses";" -21,2360610";"55,5052160"
"202000036140";"2";"7";"2020";"23:40";"3";"01";"01354";"1";"6";"1";"4";"D35";"46,2521230";"6,0447760"
"202000036141";"3";"7";"2020";"06:35";"1";"76";"76584";"1";"1";"1";"7";"A28 vers Rouen pk 055.100";"49,7487808";"1,4787877"
"202000036142";"2";"7";"2020";"15:25";"1";"974";"97410";"2";"1";"1";"7";"260 Route Nationale 2";" -21,0922020";"55,7479370"
"202000036143";"2";"7";"2020";"15:30";"1";"47";"47191";"1";"2";"1";"3";"D143";"44,4759460";"0,1076640"
"202000036144";"2";"7";"2020";"17:45";"1";"74";"74105";"1";"9";"1";"3";"D1005";"46,2988930";"6,2813100"
"202000036145";"27";"5";"2020";"16:30";"1";"74";"74173";"2";"1";"1";"1";"Route Nationale";"45,8687020";"6,6282320"
"202000036146";"8";"6";"2020";"08:00";"1";"76";"76361";"1";"1";"1";"7";"Route d'Etretat";"49,6116130";"0,1550306"
"202000036147";"3";"7";"2020";"10:30";"1";"2A";"2A271";"2";"1";"1";"3";"Pernicaggio";"41,9545790";"8,7979080"
"202000036148";"3";"7";"2020";"12:45";"1";"11";"11205";"1";"4";"1";"7";"D511";"43,3318290";"2,4062230"
"202000036149";"3";"7";"2020";"18:10";"1";"55";"55352";"1";"1";"1";"7";"RD 152 PK 11.600";"48,6823760";"5,1622870"
"202000036150";"3";"7";"2020";"10:15";"1";"42";"42097";"1";"3";"1";"3";"Route Departementale 1082";"45,4886590";"4,3295410"
"202000036151";"3";"7";"2020";"07:15";"3";"34";"34210";"1";"1";"1";"7";"route de canet";"43,5966930";"3,5061750"
"202000036152";"30";"6";"2020";"10:30";"1";"31";"31324";"1";"1";"8";"6";"22 Avenue de Palaminy";"43,1972450";"1,0354400"
"202000036153";"3";"7";"2020";"08:30";"1";"72";"72028";"1";"2";"1";"3";"Croisement D216 et route du gite du Biou";"47,7593710";"0,4069230"
"202000036154";"3";"7";"2020";"06:45";"1";"64";"64018";"1";"1";"1";"5";"RD11";"43,3352410";" -1,0482660"
"202000036155";"3";"7";"2020";"02:00";"5";"64";"64238";"1";"1";"8";"7";"D817";"43,2483230";" -0,0827780"
"202000036156";"3";"7";"2020";"11:00";"1";"64";"64037";"1";"1";"1";"7";"Route de Parbayse - PR 001.225";"43,3378070";" -0,5188550"
"202000036157";"2";"7";"2020";"16:00";"1";"27";"27627";"1";"1";"1";"6";"Rd613";"49,1501210";"0,5358840"
"202000036158";"1";"7";"2020";"20:10";"1";"17";"17248";"1";"1";"1";"7";"RD 730";"45,5184233";" -0,7559732"
"202000036159";"2";"7";"2020";"07:30";"1";"973";"97307";"1";"1";"1";"5";"route nationale 1";"4,8918560";" -52,3457120"
"202000036160";"3";"7";"2020";"10:50";"1";"24";"24091";"2";"1";"1";"6";"La Touille";"44,8003560";"1,2037110"
"202000036161";"3";"7";"2020";"15:35";"1";"01";"01331";"1";"1";"1";"3";"A40";"46,1062680";"5,4518800"
"202000036162";"3";"7";"2020";"12:45";"1";"53";"53267";"1";"1";"1";"6";"A81";"48,0513920";" -0,4614690"
"202000036163";"2";"7";"2020";"08:10";"1";"77";"77327";"2";"5";"1";" -1";"D619 / D56 / D419";"48,5618400";"3,0133440"
"202000036164";"2";"7";"2020";"16:30";"1";"69";"69118";"2";"1";"1";"2";"route de Beaucaire";"45,5629670";"4,8054460"
"202000036165";"3";"7";"2020";"14:00";"1";"988";"98811";"2";"3";"1";"6";"RT1/CR22";" -21,0831790";"164,8768150"
"202000036166";"29";"6";"2020";"11:45";"1";"971";"97117";"2";"3";"1";"3";"Rue Sainte Anne";"16,3300050";" -61,3429141"
"202000036167";"3";"7";"2020";"14:45";"1";"45";"45191";"1";"3";"1";"3";"D2152";"48,2660730";"2,3679780"
"202000036168";"27";"6";"2020";"18:40";"1";"77";"77376";"2";"1";"1";"7";"Ruelle de la Mairie";"48,9278070";"2,7723630"
"202000036169";"2";"7";"2020";"16:00";"1";"77";"77360";"1";"3";"1";"3";"D112";"48,7300180";"3,0013600"
"202000036170";"29";"6";"2020";"20:30";"1";"84";"84081";"2";"2";"1";"3";"Avenue du General Leclerc";"43,9341050";"4,9016400"
"202000036171";"3";"7";"2020";"15:30";"1";"04";"04128";"1";"1";"1";"3";"RD 907";"43,8485910";"5,7178370"
"202000036172";"3";"7";"2020";"21:40";"5";"04";"04019";"2";"3";"1";"1";"D9 / Ch des gentianes";"44,3879240";"6,6385720"
"202000036173";"1";"7";"2020";"21:00";"1";"13";"13096";"1";"1";"1";"6";"D85a";"43,4922300";"4,4391520"
"202000036174";"1";"7";"2020";"14:30";"1";"13";"13027";"2";"6";"1";"1";"Boulevard Joliot Curie";"43,8828000";"4,8625070"
"202000036175";"2";"7";"2020";"17:40";"1";"67";"67127";"1";"1";"1";"2";"D45";"48,5732465";"7,5390101"
"202000036176";"1";"7";"2020";"19:15";"1";"54";"54034";"1";"1";"1";"3";"D10a";"48,7541230";"5,9415440"
"202000036177";"2";"7";"2020";"18:15";"1";"74";"74018";"2";"1";"1";"2";"Chemin du Clos Scotti";"46,0889550";"6,3527960"
"202000036178";"3";"7";"2020";"00:45";"3";"73";"73015";"1";"1";"3";"7";"RD 90 - PR 15 - MERIBEL MOTTARET";"45,3835253";"6,5753650"
"202000036179";"3";"7";"2020";"08:15";"1";"38";"38540";"2";"1";"1";"1";"Rue Castiglion Fibocchi";"45,2734300";"5,6151900"
"202000036180";"4";"3";"2020";"18:00";"1";"44";"44029";"2";"6";"1";"3";"D7";"47,2730110";" -1,3317280"
"202000036181";"13";"3";"2020";"21:21";"3";"44";"44023";"1";"1";"1";"6";"La Vigne";"47,4216080";" -1,8440570"
"202000036182";"15";"3";"2020";"14:45";"1";"36";"36031";"1";"2";"1";"3";"N/A";"46,9045420";"1,4223700"
"202000036183";"16";"3";"2020";"09:10";"1";"30";"30112";"2";"1";"1";"6";"671 Avenue des Lens";"43,9121310";"4,1946960"
"202000036184";"17";"3";"2020";"16:20";"1";"973";"97307";"1";"1";"1";"4";"CD 6";"4,7949040";" -52,3583940"
"202000036185";"14";"3";"2020";"15:30";"1";"34";"34255";"1";"1";"1";"1";"D127e5";"43,6851090";"3,7970530"
"202000036186";"16";"3";"2020";"21:20";"3";"68";"68015";"1";"1";"1";"2";"A36";"47,7884790";"7,4545670"
"202000036187";"16";"3";"2020";"03:30";"3";"51";"51454";"1";"1";"1";"2";"A344";"49,2255411";"4,0606075"
"202000036188";"16";"3";"2020";"16:35";"1";"29";"29233";"2";"4";"1";"6";"D16 - Rue d'Armorique";"47,8580830";" -3,5653910"
"202000036189";"11";"3";"2020";"13:15";"1";"13";"13041";"2";"9";"1";"2";"Avenue d'Arménie";"43,4529810";"5,4524270"
"202000036190";"16";"3";"2020";"22:45";"3";"26";"26362";"1";"1";"1";"6";"Autoroute du soleil";"44,9240270";"4,8783160"
"202000036191";"15";"3";"2020";"16:20";"1";"67";"67205";"2";"1";"1";"7";"1 rue de la république";"48,7026517";"7,7946647"
"202000036192";"15";"3";"2020";"16:50";"1";"73";"73030";"2";"1";"1";"6";"Route de la Trousse";"45,5713190";"5,9740250"
"202000036193";"17";"3";"2020";"06:10";"2";"01";"01202";"1";"1";"1";"6";"D20";"45,8799260";"5,3375480"
"202000036194";"16";"3";"2020";"08:10";"1";"22";"22081";"2";"1";"1";"3";"Rue d'Eole";"48,4840450";" -2,6532410"
"202000036195";"17";"3";"2020";"15:10";"1";"60";"60045";"2";"1";"1";"7";"Rue d'Ognon";"49,2249622";"2,6620734"
"202000036196";"16";"3";"2020";"08:05";"1";"13";"13202";"1";"1";"1";"7";"A55-Sens Marseille vers Martigues";"43,3306300";"5,3548300"
"202000036197";"15";"3";"2020";"20:15";"3";"78";"78322";"1";"1";"1";" -1";"RN12";"48,7818900";"2,1624800"
"202000036198";"15";"3";"2020";"19:00";"5";"976";"97611";"2";"4";"1";"3";"m'tsapere-Yahari ( rue )";" -12,7887300";"45,2224200"
"202000036199";"15";"3";"2020";"16:30";"1";"69";"69387";"2";"2";"1";"3";"PASTEUR                             (R )";"45,7487600";"4,8369400"
"202000036200";"15";"3";"2020";"16:40";"1";"69";"69386";"2";"1";"1";"3";"VITTON                              (CO)";"45,7694800";"4,8509800"
"202000036201";"15";"3";"2020";"14:45";"1";"69";"69034";"2";"1";"1";"6";"GARE DE CUIRE (DE LA)               (R )";"45,7859700";"4,8315100"
"202000036202";"15";"3";"2020";"07:00";"2";"69";"69389";"2";"1";"1";"6";"BARTHELEMY BUYER                    (AV)";"45,7636000";"4,7982000"
"202000036203";"15";"3";"2020";"16:58";"1";"95";"95268";"2";"6";"1";"3";"RUE DES ACACIAS";"48,9716900";"2,4021000"
"202000036204";"15";"3";"2020";"05:45";"5";"95";"95197";"2";"6";"1";"3";"CHARLES DE GAULLE  AVENUE";"48,9795998";"2,3167546"
"202000036205";"15";"3";"2020";"12:20";"1";"91";"91434";"2";"2";"1";"3";"PAUL VAILLANT COUTURIER (AVENUE)";"48,6524560";"2,3525990"
"202000036206";"13";"3";"2020";"14:25";"1";"83";"83061";"2";"3";"1";"5";"RUE GUSTAVE BRET";"43,4372750";"6,7375106"
"202000036207";"15";"3";"2020";"03:00";"5";"74";"74012";"2";"1";"1";"6";"THONON (ROUTE DE)";"46,1920500";"6,2521600"
"202000036208";"14";"3";"2020";"21:30";"5";"69";"69266";"2";"3";"1";" -1";"4 AOUT 1789    (Rue du)";"45,7646000";"4,8908000"
"202000036209";"15";"3";"2020";"12:55";"1";"69";"69092";"2";"1";"1";" -1";"SAULE D'OINGT (route du)";"45,9807000";"4,6646200"
"202000036210";"13";"3";"2020";"18:00";"1";"69";"69013";"2";"1";"1";"4";"JOUX (avenue de)";"46,0088769";"4,7256710"
"202000036211";"14";"3";"2020";"16:50";"1";"60";"60159";"2";"2";"1";"3";"SOLFERINO";"49,4189779";"2,8243919"
"202000036212";"15";"3";"2020";"14:00";"1";"35";"35238";"2";"2";"1";"3";"21 rue Charles Laurent";"48,1235300";" -1,6842900"
"202000036213";"15";"3";"2020";"20:00";"5";"33";"33013";"1";"9";"1";"5";"ROUTE NATIONALE 89 / ROCADE N230 -E26-";"44,8686700";" -0,5026400"
"202000036214";"15";"3";"2020";"17:10";"1";"27";"27375";"2";"2";"1";"3";"MITTERAND (AVENUE FRANCOIS)";"49,2231000";"1,1730000"
"202000036215";"15";"3";"2020";"07:50";"1";"14";"14304";"1";"1";"1";"7";"CD 579";"49,3720774";"0,2237174"
"202000036216";"15";"3";"2020";"23:00";"5";"13";"13209";"2";"1";"1";"7";"AUGUSTIN AUBERT (RUE)";"43,2686600";"5,4029800"
"202000036217";"15";"3";"2020";"01:16";"5";"13";"13047";"2";"9";"1";"3";"BAUMES RUE DES";"43,5097530";"4,9812480"
"202000036218";"15";"3";"2020";"03:08";"3";"06";"06069";"2";"1";"1";"7";"CHATEAU FOLIE (CHEMIN DE)";"43,6434800";"6,9173900"
"202000036219";"15";"3";"2020";"01:12";"5";"75";"75105";"2";"2";"1";"3";"BOULEVARD SAINT MICHEL";"48,8513851";"2,3431960"
"202000036220";"14";"3";"2020";"23:48";"5";"75";"75113";"2";"1";"1";"6";"BOULEVARD VINCENT AURIOL";"48,8321370";"2,3603890"
"202000036221";"15";"3";"2020";"16:15";"1";"75";"75120";"2";"1";"1";"2";"BOULEVARD DAVOUT";"48,8597360";"2,4096090"
"202000036222";"15";"3";"2020";"21:00";"5";"75";"75119";"2";"3";"1";"3";"AVENUE JEAN JAURES";"48,8851730";"2,3793700"
"202000036223";"15";"3";"2020";"20:40";"5";"75";"75116";"2";"2";"1";"6";"RUE CHARDON LAGACHE";"48,8414980";"2,2638490"
"202000036224";"15";"3";"2020";"00:50";"5";"75";"75114";"2";"2";"1";"6";"AVENUE RENE COTY";"48,8299100";"2,3341870"
"202000036225";"15";"3";"2020";"11:30";"1";"75";"75111";"2";"1";"1";"3";"RUE DE LA ROQUETTE";"48,8534810";"2,3705090"
"202000036226";"15";"3";"2020";"07:00";"5";"94";"94067";"2";"1";"1";"7";"MINIMES (AV DES)";"48,8416858";"2,4261203"
"202000036227";"15";"3";"2020";"16:30";"1";"94";"94078";"2";"1";"1";"6";"FRANCIS MARTIN (R)";"48,7374500";"2,4525700"
"202000036228";"15";"3";"2020";"16:50";"1";"94";"94018";"2";"2";"1";"1";"PARIS (R DE)";"48,8259200";"2,4069100"
"202000036229";"14";"3";"2020";"22:40";"5";"94";"94071";"2";"9";"1";"4";"QUEUE EN BRIE (RTE DE LA)";"48,7633805";"2,5360288"
"202000036230";"15";"3";"2020";"18:15";"1";"93";"93078";"2";"1";"1";"3";"LUMIERE (AVENUE AUGUSTE)";"48,9483923";"2,5620112"
"202000036231";"15";"3";"2020";"19:30";"2";"93";"93059";"2";"3";"1";"6";"PAUL STRAUSS (RUE)";"48,9552000";"2,3613000"
"202000036232";"15";"3";"2020";"15:10";"1";"93";"93072";"2";"1";"7";"1";"MAXIME GORKI (BOULEVARD) N°72 AU 80";"48,9447929";"2,3867521"
"202000036233";"15";"3";"2020";"12:30";"1";"93";"93048";"2";"2";"1";" -1";"REPUBLIQUE (RUE DE LA)";"48,8527800";"2,4181000"
"202000036234";"15";"3";"2020";"19:39";"4";"93";"93030";"2";"1";"1";" -1";"LARIVIERE (RUE LOUIS)";"48,9524812";"2,4165446"
"202000036235";"15";"3";"2020";"03:30";"5";"93";"93057";"2";"1";"1";"6";"TRESOR PERDU (AL. DU)";"48,9048900";"2,5105700"
"202000036236";"15";"3";"2020";"13:50";"1";"93";"93008";"2";"6";"1";"2";"ROND POINT REPIQUET";"48,9141470";"2,4315575"
"202000036237";"15";"3";"2020";"01:00";"5";"93";"93007";"2";"9";"8";"3";"MASSENET (AVENUE)";"48,9398405";"2,4655784"
"202000036238";"15";"3";"2020";"10:35";"1";"92";"92048";"2";"3";"1";"3";"TERRE NEUVE (RUE)";"48,8078000";"2,2350000"
"202000036239";"15";"3";"2020";"16:20";"1";"92";"92009";"2";"1";"1";"1";"Pierre Joigneaux ( rue )";"48,9107950";"2,2584620"
"202000036240";"15";"3";"2020";"16:08";"1";"92";"92024";"2";"4";"1";"3";"MARTRE (RUE) DE (59 A 109)   (58 A 120)";"48,9014000";"2,3077000"
"202000036241";"15";"3";"2020";"17:30";"1";"51";"51295";"1";"1";"1";"7";"D14";"48,6934062";"4,5087537"
"202000036242";"15";"3";"2020";"21:20";"3";"01";"01248";"1";"1";"1";"6";"D82";"45,9079870";"4,9585680"
"202000036243";"15";"3";"2020";"14:55";"1";"67";"67362";"1";"3";"1";"3";"D159";"48,2486920";"7,3551516"
"202000036244";"15";"3";"2020";"17:30";"1";"63";"63349";"1";"1";"1";"3";"Route départementale 19 PK 35+500";"45,9509330";"2,8896830"
"202000036245";"15";"3";"2020";"10:15";"1";"84";"84071";"1";"1";"1";"3";"300 Chemin du Carraire";"43,8475140";"5,1236090"
"202000036246";"15";"3";"2020";"15:25";"1";"71";"71131";"2";"1";"1";"7";"Rue des Halles";"46,8861954";"5,0417274"
"202000036247";"15";"3";"2020";"17:35";"1";"82";"82115";"2";"1";"1";"6";"D35";"43,9702930";"1,5836740"
"202000036248";"14";"3";"2020";"14:55";"1";"32";"32277";"2";"3";"1";"3";"Voie communale 1";"43,4826840";"0,8656850"
"202000036249";"16";"3";"2020";"17:15";"1";"89";"89462";"2";"1";"1";"7";"Rue de la Foncée";"47,7380820";"3,0885260"
"202000036250";"15";"3";"2020";"19:15";"2";"63";"63214";"1";"1";"1";"7";"Rue du Colonel Gaspard";"45,6843173";"3,1791942"
"202000036251";"22";"2";"2020";"03:30";"3";"86";"86082";"1";"1";"1";"7";"D27";"46,2959510";"0,2491880"
"202000036252";"16";"3";"2020";"12:45";"1";"68";"68270";"2";"1";"1";"4";"88 Rue Principale";"47,7801670";"7,2788930"
"202000036253";"15";"3";"2020";"16:30";"1";"25";"25387";"1";"4";"1";"3";"D437";"47,2940460";"6,8147850"
"202000036254";"15";"3";"2020";"10:25";"1";"25";"25222";"1";"1";"1";"2";"N57";"47,1397890";"6,2767770"
"202000036255";"15";"3";"2020";"16:40";"1";"02";"02261";"2";"1";"1";"7";"Rue de Crécy";"49,7003160";"3,6823510"
"202000036256";"14";"3";"2020";"08:00";"2";"14";"14203";"1";"1";"8";"6";"D49";"49,2330750";" -0,0688580"
"202000036257";"16";"3";"2020";"16:45";"1";"60";"60124";"2";"2";"8";" -1";"D934";"49,6377146";"2,9054976"
"202000036258";"19";"2";"2020";"17:00";"1";"82";"82033";"1";"1";"1";"2";"AUTOROUTE A62";"44,0494580";"1,0870460"
"202000036259";"16";"3";"2020";"14:01";"1";"68";"68015";"1";"1";"1";"4";"A36";"47,7890770";"7,4507580"
"202000036260";"16";"3";"2020";"19:30";"3";"72";"72278";"1";"1";"1";"2";"pk 211+800";"48,0401060";" -0,2527850"
"202000036261";"15";"3";"2020";"16:45";"1";"987";"98729";"1";"1";"1";"1";"RT 91- pk 13";" -17,5331890";" -149,8386110"
"202000036262";"14";"3";"2020";"17:45";"3";"971";"97129";"1";"9";"1";"7";"ravine chaude";"16,3040220";" -61,7027810"
"202000036263";"15";"3";"2020";"17:00";"1";"77";"77474";"1";"1";"1";"7";"1 Chemin de l'Hermitage";"48,9450290";"2,8084500"
"202000036264";"5";"3";"2020";"21:00";"2";"77";"77192";"2";"2";"1";"3";"D436";"48,7068220";"2,8700920"
"202000036265";"15";"3";"2020";"16:45";"1";"78";"78230";"1";"1";"1";"1";"Rue du Bec de Géline";"48,9393200";"1,8351360"
"202000036266";"15";"3";"2020";"15:50";"1";"11";"11275";"1";"1";"1";"6";"D624";"43,2908730";"1,8844340"
"202000036267";"15";"3";"2020";"15:30";"1";"06";"06157";"1";"1";"1";"1";"Route de Coursegoules";"43,7349490";"7,1049360"
"202000036268";"15";"3";"2020";"17:25";"1";"13";"13007";"1";"1";"1";"7";"3275 Route de la Sainte Baume";"43,3474497";"5,6587545"
"202000036269";"12";"3";"2020";"20:20";"5";"13";"13086";"2";"1";"1";"7";"Avenue des Allies";"43,3516810";"5,6044520"
"202000036270";"12";"3";"2020";"09:30";"1";"13";"13097";"1";"1";"1";"4";"Rue d'Arles";"43,6319880";"4,7902570"
"202000036271";"15";"3";"2020";"16:45";"1";"71";"71299";"2";"1";"1";" -1";"Rue Lamartine";"46,3472131";"4,6983690"
"202000036272";"13";"3";"2020";"16:15";"1";"54";"54196";"1";"2";"1";"3";"Route de Vittel";"48,5599550";"6,1852600"
"202000036273";"14";"3";"2020";"10:50";"1";"69";"69179";"1";"1";"1";"1";"D34";"45,5986770";"4,7063700"
"202000036274";"16";"3";"2020";"12:45";"1";"33";"33413";"2";"3";"2";"5";"RD20 / 20 Chemin de Dagen";"44,8479620";" -0,3298150"
"202000036275";"16";"3";"2020";"09:50";"1";"33";"33268";"2";"1";"2";"1";"D2";"45,0358320";" -0,6687100"
"202000036276";"15";"3";"2020";"02:30";"3";"49";"49138";"1";"1";"1";"1";"Passage au-dessus de l'A85 (Beaufort en Vallée)";"47,4428190";" -0,1758670"
"202000036277";"25";"2";"2020";"16:35";"1";"42";"42097";"1";"1";"1";"2";"A72";"45,5140600";"4,3009700"
"202000036278";"15";"3";"2020";"15:40";"1";"94";"94037";"1";"1";"1";"2";"AUTOROUTE A6B";"48,8079700";"2,3475200"
"202000036279";"14";"3";"2020";"21:10";"3";"91";"91064";"1";"1";"2";"3";"RN 118";"48,7583000";"2,2241000"
"202000036280";"15";"3";"2020";"16:25";"1";"78";"78545";"1";"1";"1";"6";"A12 Y";"48,8170480";"2,0639950"
"202000036281";"15";"3";"2020";"06:00";"5";"78";"78646";"1";"9";"1";"5";"RN12";"48,7897240";"2,1266020"
"202000036282";"15";"3";"2020";"15:15";"1";"77";"77059";"1";"1";"1";" -1";"A104";"48,8415339";"2,6636544"
"202000036283";"14";"3";"2020";"14:55";"1";"94";"94033";"1";"1";"2";"3";"A86.EXT";"48,8514099";"2,4897804"
"202000036284";"10";"1";"2020";"17:00";"5";"92";"92024";"2";"2";"1";"3";"CLICHY (QUAI DE) DE (8 A 60)";"48,9084600";"2,3001920"
"202000036285";"13";"1";"2020";"17:30";"5";"92";"92024";"2";"1";"1";"2";"MARTRE (RUE) DE (59 A 109)   (58 A 120)";"48,9010459";"2,3079116"
"202000036286";"10";"1";"2020";"09:45";"1";"92";"92024";"2";"3";"2";"2";"MARTRE (RUE) DE (111 A 119)   (122 A 144";"48,9075900";"2,3014300"
"202000036287";"14";"3";"2020";"17:45";"1";"69";"69386";"2";"1";"1";"6";"SEZE (DE)                           (R )";"45,7683200";"4,8480800"
"202000036288";"14";"3";"2020";"16:45";"1";"69";"69259";"2";"2";"1";"1";"Boulevard du Docteur Coblod";"45,7031200";"4,8877300"
"202000036289";"14";"3";"2020";"14:50";"1";"69";"69142";"2";"1";"1";"4";"STEPHANE DECHANT                    (R )";"45,7232580";"4,8121079"
"202000036290";"13";"3";"2020";"18:00";"1";"971";"97113";"1";"1";"1";"2";"MONTAUBAN (SECTEUR)";"16,2139200";" -61,5011400"
"202000036291";"14";"3";"2020";"04:25";"3";"88";"88519";"1";"1";"1";"7";"RN 59";"48,3357800";"6,8937100"
"202000036292";"15";"3";"2020";"01:00";"5";"83";"83137";"2";"1";"1";"6";"Avenue de la Résistance";"43,1100800";"5,9758400"
"202000036293";"14";"3";"2020";"05:40";"3";"83";"83069";"1";"1";"1";"6";"PIERREFEU (ROUTE DE) RD 12";"43,1669000";"6,1202000"
"202000036294";"13";"3";"2020";"19:57";"5";"79";"79191";"2";"1";"1";"6";"Boulevard de l'Atlantique";"46,3341700";" -0,4755000"
"202000036295";"14";"3";"2020";"13:20";"1";"78";"78586";"2";"3";"1";"6";"JAURES (AVENUE JEAN) N° PAIR";"48,9392000";"2,1585000"
"202000036296";"14";"3";"2020";"09:50";"1";"77";"77495";"2";"1";"1";"3";"ANNA LINDH (AVENUE) - D82";"48,5687200";"2,6276300"
"202000036297";"14";"3";"2020";"21:10";"3";"77";"77288";"1";"9";"1";"1";"D606";"48,5336720";"2,6544814"
"202000036298";"14";"3";"2020";"01:50";"5";"77";"77221";"2";"6";"1";"6";"DEUX CHATEAUX (AVENUE DES ) - D217B";"48,8522503";"2,7173225"
"202000036299";"10";"3";"2020";"17:50";"1";"77";"77131";"2";"2";"8";"3";"JEHAN DE BRIE (AVENUE) - D402";"48,8182864";"3,0880437"
"202000036300";"13";"3";"2020";"18:05";"1";"76";"76540";"2";"1";"1";"7";"RONDEAUX. AVENUE JEAN";"49,4371500";"1,0785800"
"202000036301";"13";"3";"2020";"18:00";"1";"76";"76157";"2";"3";"1";"3";"CD 982 (COTE DE CANTELEU)";"49,4451500";"1,0420500"
"202000036302";"14";"3";"2020";"15:00";"1";"72";"72181";"2";"1";"1";"6";"CHURCHILL WINSTON (BD) N° IMP 41 ET >";"47,9816000";"0,2248500"
"202000036303";"14";"3";"2020";"21:40";"5";"69";"69266";"2";"2";"1";"3";"PAUL KRUGER      (Avenue)";"45,7540800";"4,9056100"
"202000036304";"14";"3";"2020";"12:35";"1";"69";"69266";"2";"2";"1";"3";"ANATOLE FRANCE     (Rue)";"45,7673300";"4,8738800"
"202000036305";"14";"3";"2020";"21:10";"5";"64";"64024";"2";"6";"1";"7";"BAYONNE (AVENUE DE)";"43,4831214";" -1,5028803"
"202000036306";"14";"3";"2020";"13:15";"1";"59";"59431";"2";"3";"2";"3";"ARMENTIERES  (RUE D' )";"50,6992120";"2,8523270"
"202000036307";"12";"3";"2020";"13:10";"1";"50";"50218";"2";"1";"1";"3";"SAINT PAUL (RUE)";"48,8357890";" -1,5892499"
"202000036308";"14";"3";"2020";"04:45";"5";"44";"44109";"2";"1";"2";" -1";"RUE DE LA MONTAGNE";"47,2110900";" -1,5825700"
"202000036309";"14";"3";"2020";"11:15";"1";"37";"37208";"2";"1";"1";"4";"DOUMER (BOULEVARD PAUL)";"47,3685041";"0,7279686"
"202000036310";"14";"3";"2020";"08:10";"1";"34";"34172";"2";"3";"1";"3";"GRASSET (AVENUE DU PROFESSEUR)";"43,6216300";"3,8686600"
"202000036311";"14";"3";"2020";"07:50";"1";"34";"34172";"2";"1";"1";"2";"VALERY (BOULEVARD PAUL";"43,5899200";"3,8556700"
"202000036312";"13";"3";"2020";"11:43";"1";"34";"34172";"2";"9";"1";" -1";"FLANDRES-DUNKERQUE (PLACE)";"43,5897788";"3,8558364"
"202000036313";"15";"3";"2020";"00:10";"5";"33";"33192";"2";"4";"1";"3";"RUE DE LOUSTALOT / PCE DES AUGUSTINS";"44,7726100";" -0,6160600"
"202000036314";"13";"3";"2020";"12:15";"1";"33";"33281";"1";"3";"1";"2";"Avenue René Cassin / A630 Mérignac -E11-";"44,8322100";" -0,6743700"
"202000036315";"14";"3";"2020";"10:45";"1";"29";"29019";"2";"1";"1";"3";"Rue du Huit Mai 1945";"48,4112945";" -4,4724701"
"202000036316";"14";"3";"2020";"18:40";"2";"25";"25056";"2";"1";"1";"3";"DOLE RUE DE (entre 82 et 185)";"47,2312100";"5,9963200"
"202000036317";"14";"3";"2020";"08:45";"1";"13";"13215";"2";"1";"1";"3";"SAINT LOUIS (AVENUE DE)";"43,3484070";"5,3589630"
"202000036318";"14";"3";"2020";"21:10";"5";"06";"06027";"2";"3";"1";"3";"TUILIERES AVENUE DES";"43,6667500";"7,1584600"
"202000036319";"14";"3";"2020";"04:34";"5";"03";"03101";"2";"6";"1";"6";"Avenue Ambroise Croizat";"46,3700332";"2,5724719"
"202000036320";"14";"3";"2020";"01:00";"5";"75";"75112";"2";"4";"1";"3";"ECHANGEUR BERCY";"48,8279040";"2,3945220"
"202000036321";"13";"3";"2020";"17:50";"5";"75";"75112";"2";"1";"1";"3";"PORTE DE CHARENTON";"48,8309270";"2,4029910"
"202000036322";"13";"3";"2020";"10:30";"1";"75";"75118";"2";"4";"1";"7";"ECHANGEUR CHAPELLE";"48,9008930";"2,3639030"
"202000036323";"12";"3";"2020";"09:30";"1";"75";"75112";"2";"1";"1";"4";"PORTE DOREE";"48,8335690";"2,4083410"
"202000036324";"14";"3";"2020";"03:00";"4";"75";"75116";"2";"1";"1";"6";"ALLEE DU BORD DE L EAU";"48,8544190";"2,2261820"