"Num_Acc";"jour";"mois";"an";"hrmn";"lum";"dep";"com";"agg";"int";"atm";"col";"adr";"lat";"long"
"202000036325";"13";"3";"2020";"04:00";"5";"75";"75112";"2";"1";"1";"6";"QUAI DE LA RAPEE";"48,8432750";"2,3704160"
"202000036326";"14";"3";"2020";"00:50";"5";"75";"75120";"2";"7";"2";"3";"PLACE DE LA PORTE DE MONTREUIL";"48,8539070";"2,4130070"
"202000036327";"13";"3";"2020";"04:10";"5";"75";"75119";"2";"1";"1";"6";"AVENUE SIMON BOLIVAR";"48,8763970";"2,3788830"
"202000036328";"14";"3";"2020";"15:05";"1";"75";"75114";"2";"4";"8";"2";"RUE DE LA GAITE";"48,8405240";"2,3242770"
"202000036329";"13";"3";"2020";"02:15";"5";"75";"75112";"2";"3";"1";"2";"QUAI DE BERCY";"48,8305400";"2,3861070"
"202000036330";"13";"3";"2020";"11:05";"1";"75";"75109";"2";"3";"1";"6";"RUE DE LA TOUR D AUVERGNE";"48,8797040";"2,3412350"
"202000036331";"14";"3";"2020";"15:00";"1";"94";"94069";"2";"1";"2";"7";"BIR HAKEIM (QU DE)";"48,8139760";"2,4609110"
"202000036332";"14";"3";"2020";"14:30";"1";"94";"94058";"2";"3";"1";"3";"GENERAL DE GAULLE (AV DU)";"48,8408110";"2,5065000"
"202000036333";"14";"3";"2020";"20:05";"5";"94";"94043";"2";"9";"1";"3";"CHARLES GIDE (AV)";"48,8065071";"2,3508868"
"202000036334";"14";"3";"2020";"21:15";"5";"94";"94017";"2";"1";"1";"2";"STALINGRAD (BD DE)";"48,8175920";"2,5086530"
"202000036335";"14";"3";"2020";"10:50";"1";"93";"93078";"2";"1";"2";"4";"BD ROGER BALLANGER";"48,9579400";"2,5465200"
"202000036336";"13";"3";"2020";"23:20";"5";"93";"93048";"2";"1";"1";" -1";"ARISTIDE BRIAND (BOULEVARD)";"48,8723255";"2,4531171"
"202000036337";"14";"3";"2020";"20:00";"5";"93";"93029";"2";"1";"1";"6";"AV JEAN JAURES";"48,9189000";"2,4535000"
"202000036338";"14";"3";"2020";"21:42";"5";"93";"93007";"2";"9";"1";"6";"ROME (AVENUE DE)";"48,9265418";"2,4784170"
"202000036339";"14";"3";"2020";"15:20";"1";"93";"93005";"2";"9";"2";"6";"R JACQUES DUCLOS";"48,9468656";"2,4930071"
"202000036340";"14";"3";"2020";"15:25";"1";"92";"92025";"2";"3";"1";"6";"CHARLES DE GAULLE (BD)";"48,9178943";"2,2240646"
"202000036341";"13";"3";"2020";"12:14";"1";"92";"92007";"2";"1";"1";"6";"FOCH MARECHAL (AVENUE DU)";"48,7928409";"2,2983786"
"202000036342";"14";"3";"2020";"11:25";"1";"92";"92012";"2";"2";"2";"6";"CHARLES DE GAULLE (AVENUE) - COTE PAIR";"48,8503190";"2,2378190"
"202000036343";"14";"3";"2020";"18:20";"1";"92";"92014";"2";"1";"2";"2";"GENERAL LECLERC (AV.) (1 A 55BIS - 2 A 4";"48,7804100";"2,3157200"
"202000036344";"15";"3";"2020";"14:00";"1";"60";"60646";"2";"2";"1";"3";"Rue de Calais";"49,4799654";"2,0448603"
"202000036345";"11";"3";"2020";"09:55";"1";"12";"12197";"2";"1";"1";"6";"16 Avenue de la Vallée du Tarn";"44,0308820";"2,5354010"
"202000036346";"15";"3";"2020";"14:30";"1";"60";"60069";"2";"3";"1";"1";"Rue de la Libération";"49,1578230";"2,9525430"
"202000036347";"14";"3";"2020";"17:50";"1";"62";"62611";"2";"2";"1";"3";"intersection D5 et D34";"50,2456218";"2,8163114"
"202000036348";"15";"3";"2020";"19:30";"3";"83";"83096";"1";"1";"1";"1";"Dn7";"43,4664770";"5,7931750"
"202000036349";"14";"3";"2020";"17:55";"1";"51";"51367";"1";"1";"2";" -1";"D9";"48,9396670";"4,0320830"
"202000036350";"14";"3";"2020";"16:45";"1";"59";"59157";"1";"1";"2";"7";"D936";"50,2324380";"4,1712110"
"202000036351";"15";"3";"2020";"07:10";"2";"56";"56144";"1";"1";"1";"6";"RD17";"47,9682884";" -2,8242243"
"202000036352";"14";"3";"2020";"10:50";"1";"56";"56206";"1";"3";"1";"3";"RD 126";"47,6913945";" -2,7277203"
"202000036353";"15";"3";"2020";"01:45";"3";"80";"80215";"2";"1";"1";"6";"3 Rue de Maison-roland";"50,1431060";"2,0114900"
"202000036354";"15";"3";"2020";"12:00";"1";"81";"81182";"1";"1";"1";"7";"LA RAYNALIÉ";"43,7261890";"2,3160770"
"202000036355";"14";"3";"2020";"21:00";"5";"81";"81037";"2";"1";"1";"6";"Route de Ferrières";"43,6303370";"2,4970880"
"202000036356";"13";"3";"2020";"18:50";"1";"32";"32297";"1";"3";"1";"3";"D39";"43,5144130";"0,9547860"
"202000036357";"15";"3";"2020";"16:30";"1";"42";"42282";"1";"1";"1";"6";"Route de Thiers";"45,9024768";"3,8178342"
"202000036358";"15";"3";"2020";"04:00";"3";"39";"39297";"1";"1";"1";"7";"N/A";"46,4702370";"5,9428230"
"202000036359";"15";"3";"2020";"09:20";"1";"44";"44083";"1";"2";"7";"3";" Les Brosses";"46,9967060";" -1,6630840"
"202000036360";"14";"3";"2020";"04:50";"3";"29";"29095";"2";"1";"2";"6";"Route de l'Echangeur";"48,4686250";" -4,3728800"
"202000036361";"14";"3";"2020";"22:40";"3";"38";"38409";"1";"3";"1";"6";"Inter D71 et D17A";"45,1060700";"5,2764600"
"202000036362";"13";"3";"2020";"16:40";"1";"15";"15215";"1";"1";"7";"2";"départementale 17";"44,9587550";"2,4771810"
"202000036363";"14";"3";"2020";"11:00";"1";"01";"01140";"1";"3";"1";"3";"Chemin de Cormassine";"46,2847376";"5,0846040"
"202000036364";"15";"3";"2020";"10:15";"1";"01";"01001";"2";"1";"1";"3";"Lot les Muriers";"46,1500520";"4,9227820"
"202000036365";"15";"3";"2020";"10:15";"1";"70";"70219";"1";"1";"1";"7";"D9";"47,5417800";"6,3494310"
"202000036366";"14";"3";"2020";"19:20";"5";"54";"54015";"2";"4";"2";"7";"4 Rue de l'Africo";"49,3361960";"5,8798960"
"202000036367";"13";"2";"2020";"21:45";"3";"06";"06032";"1";"1";"1";"6";"D37";"43,7277080";"7,3947970"
"202000036368";"15";"3";"2020";"11:55";"1";"05";"05040";"1";"1";"1";"1";"N94";"44,5385960";"6,2912930"
"202000036369";"15";"3";"2020";"13:44";"1";"60";"60509";"2";"1";"1";"7";"Avenue d'Auvelais";"49,3109704";"2,6058049"
"202000036370";"1";"9";"2020";"07:50";"1";"69";"69387";"2";"2";"1";"3";"DEBOURG                             (AV)";"45,7308500";"4,8352500"
"202000036371";"1";"9";"2020";"09:00";"1";"69";"69381";"2";"1";"1";"6";"JEAN MOULIN                         (QU)";"45,7675000";"4,8378000"
"202000036372";"1";"9";"2020";"07:00";"1";"971";"97101";"2";"6";"1";"3";"DOTHEMARE";"16,2650452";" -61,5113997"
"202000036373";"1";"9";"2020";"00:10";"4";"971";"97113";"1";"1";"1";"2";"RN4 - SECTION RIVIERA";"16,2189400";" -61,5025500"
"202000036374";"1";"9";"2020";"09:25";"1";"2A";"2A004";"2";"1";"1";"3";"ILES SANGUINAIRES ROUTE DES";"41,9063000";"8,6688000"
"202000036375";"31";"8";"2020";"17:50";"1";"91";"91692";"2";"1";"1";"3";"OCEANIE (AVENUE DE L')";"48,6771700";"2,1973900"
"202000036376";"1";"9";"2020";"12:55";"1";"91";"91161";"2";"6";"1";"5";"DIEMA (CARREFOUR DE)";"48,7079790";"2,3105380"
"202000036377";"1";"9";"2020";"16:50";"1";"91";"91174";"2";"1";"1";"3";"LEON CASSE(PLACE)";"48,6038800";"2,4695800"
"202000036378";"31";"8";"2020";"19:15";"1";"83";"83129";"2";"1";"1";" -1";"GUILLEMARD (AV ROBERT) N° PAIRS";"43,0795100";"5,8179800"
"202000036379";"1";"9";"2020";"09:40";"1";"83";"83069";"2";"9";"1";"3";"PETIT (ROND POINT HENRI)";"43,1135590";"6,1237840"
"202000036380";"31";"8";"2020";"19:40";"1";"76";"76540";"2";"1";"1";"7";"JUIFS. RUE AUX";"49,4420300";"1,0923300"
"202000036381";"1";"8";"2020";"05:45";"2";"76";"76481";"2";"2";"1";"3";"JARDINETS (IMPASSE DES)";"49,5524800";"0,1176300"
"202000036382";"31";"8";"2020";"17:30";"1";"76";"76351";"2";"2";"1";"6";"LOUIS BRINDEAU";"49,4911500";"0,1053300"
"202000036383";"30";"7";"2020";"10:50";"1";"76";"76384";"2";"1";"1";"6";"RD 173 (RUES DU BECQUET/DESGENETAIS)";"49,5210000";"0,5330000"
"202000036384";"31";"8";"2020";"14:55";"1";"67";"67482";"2";"1";"8";"2";"VOSGES (AVENUE DES)";"48,5890536";"7,7532339"
"202000036385";"31";"8";"2020";"10:20";"1";"64";"64445";"2";"9";"1";"6";"PAIX";"43,3188000";" -0,3468800"
"202000036386";"1";"9";"2020";"15:54";"1";"64";"64102";"2";"3";"1";"3";"LOUIS DE FOIX (AVENUE)";"43,5090800";" -1,4676400"
"202000036387";"1";"9";"2020";"12:00";"1";"64";"64102";"2";"1";"1";"2";"BEYRIS (GIRATOIRE)";"43,4782100";" -1,4921000"
"202000036388";"31";"8";"2020";"12:04";"1";"63";"63113";"2";"1";"2";" -1";"MARIVAUX (RUE)";"45,7697747";"3,0957308"
"202000036389";"25";"8";"2020";"05:00";"5";"62";"62413";"2";"1";"2";"6";"VALOIS (CHE.)";"50,4546500";"2,8984600"
"202000036390";"1";"9";"2020";"13:50";"1";"59";"59043";"2";"1";"1";"1";"LOCRE (ROUTE DE)";"50,7532000";"2,7480900"
"202000036391";"30";"8";"2020";"02:00";"5";"57";"57647";"2";"1";"1";"6";"GAULLE (RUE CHARLES DE)";"49,3228400";"6,0786300"
"202000036392";"30";"8";"2020";"01:30";"5";"54";"54395";"2";"1";"1";"6";"POINCARE (RUE RAYMOND 1-29-2-30)";"48,6888427";"6,1679059"
"202000036393";"31";"8";"2020";"17:55";"1";"51";"51454";"2";"2";"1";"2";"Rue Goiot";"49,2452683";"4,0448646"
"202000036394";"31";"8";"2020";"14:05";"1";"51";"51454";"2";"6";"1";"3";"Avenue Christophe Colomb";"49,2286384";"4,0369259"
"202000036395";"28";"8";"2020";"20:38";"1";"44";"44184";"1";"1";"1";"1";"RD 492 DU PONT BD HÔPITAL A ÉCHANGEUR CR";"47,2808600";" -2,2489100"
"202000036396";"1";"9";"2020";"12:06";"1";"44";"44055";"2";"3";"1";"2";"Route de Rézac";"47,2871000";" -2,3349160"
"202000036397";"31";"8";"2020";"06:45";"5";"44";"44132";"2";"1";"1";"6";"OCEANIDES (BOULEVARD DES)";"47,2690000";" -2,3500000"
"202000036398";"1";"7";"2020";"16:40";"1";"43";"43041";"2";"1";"3";"6";"89 Avenue Charles Dupuy";"45,0489820";"3,9203811"
"202000036399";"1";"9";"2020";"22:25";"5";"42";"42071";"2";"2";"1";"6";"Rue Vauban";"46,0249050";"4,0903211"
"202000036400";"1";"9";"2020";"06:50";"1";"38";"38229";"2";"1";"1";"6";"N87";"45,1942036";"5,7821193"
"202000036401";"1";"9";"2020";"09:35";"1";"37";"37122";"2";"6";"1";"2";"CUGNOT (RUE JOSEPH)";"47,3458839";"0,6441302"
"202000036402";"31";"8";"2020";"19:17";"1";"37";"37261";"2";"1";"1";"4";"HEURTELOUP (BOULEVARD)";"47,3904201";"0,6912471"
"202000036403";"1";"9";"2020";"14:30";"1";"35";"35238";"2";"3";"1";"3";"ARMORIQUE (BD D')";"48,1305200";" -1,6763600"
"202000036404";"31";"8";"2020";"18:45";"1";"31";"31555";"2";"3";"1";"3";"RUE DES FONTAINES";"43,6030800";"1,4107600"
"202000036405";"31";"8";"2020";"20:00";"1";"31";"31555";"1";"1";"1";" -1";"VA007331 A620";"43,6159000";"1,4182800"
"202000036406";"31";"8";"2020";"17:45";"1";"31";"31555";"2";"1";"1";"3";"AV DU GENERAL EISENHOWER";"43,5600065";"1,3948506"
"202000036407";"31";"8";"2020";"18:30";"1";"29";"29232";"1";"6";"1";"7";"D34 - Ront Point de Kerustum";"47,9790600";" -4,0942800"
"202000036408";"29";"8";"2020";"07:08";"2";"29";"29232";"1";"1";"1";"1";"D783 - Route de Brest";"48,0089600";" -4,0825800"
"202000036409";"1";"9";"2020";"21:00";"1";"29";"29151";"2";"1";"1";"6";"Rue de Straja";"48,5876541";" -3,8113787"
"202000036410";"31";"8";"2020";"16:00";"1";"25";"25388";"2";"1";"8";"3";"HOLLANDE (RUE DE LA PETITE)";"47,5025000";"6,7920000"
"202000036411";"30";"8";"2020";"20:15";"1";"22";"22106";"2";"2";"1";"3";"RENNES (RUE DE)";"48,4904500";" -2,7001900"
"202000036412";"1";"9";"2020";"16:53";"1";"17";"17300";"2";"1";"1";"2";"SAINTONGE   RUE ALPHONSE DE";"46,1638700";" -1,1986700"
"202000036413";"1";"9";"2020";"14:10";"1";"14";"14118";"2";"1";"1";"2";"MONTALIVET (COURS)";"49,1794800";" -0,3463800"
"202000036414";"1";"9";"2020";"21:30";"3";"13";"13117";"1";"1";"1";"2";"ROUTE NATIONALE 113 - LA GARE";"43,4463580";"5,2398310"
"202000036415";"1";"9";"2020";"16:30";"1";"13";"13214";"2";"1";"1";"3";"ROLAND DORGELES (BOULEVARD)";"43,3462499";"5,3808627"
"202000036416";"1";"9";"2020";"14:00";"1";"13";"13209";"2";"9";"1";"3";"MORGIOU (chemin de )";"43,2438898";"5,4059802"
"202000036417";"1";"9";"2020";"08:55";"1";"13";"13005";"1";"1";"1";"1";"RN 96 (ROUTE NATIONALE )";"43,3152650";"5,5798713"
"202000036418";"28";"8";"2020";"12:30";"1";"12";"12100";"2";"1";"3";"2";"MONTPLAISIR (RUE DE)";"44,5386256";"2,3144563"
"202000036419";"7";"10";"2020";"17:40";"1";"07";"07019";"2";"1";"1";"6";"LE MOULON (QUARTIER)";"44,6089200";"4,4089500"
"202000036420";"31";"8";"2020";"04:50";"5";"06";"06088";"2";"1";"1";"6";"DE LATTRE DE TASSIGNY (ESPL. MAL)";"43,7000000";"7,2500000"
"202000036421";"1";"9";"2020";"16:35";"1";"06";"06030";"2";"1";"1";"3";"JOURDAN (AVENUE MICHEL (LE CANNET)";"43,5613000";"6,9651300"
"202000036422";"31";"8";"2020";"13:05";"1";"06";"06123";"2";"1";"1";"3";"CAHUZAC COMMANDANT RUE";"43,6605000";"7,1867700"
"202000036423";"31";"8";"2020";"19:15";"1";"05";"05061";"2";"6";"1";" -1";"VEYNES ( AVENUE DE  )";"44,5578500";"6,0687900"
"202000036424";"1";"9";"2020";"13:30";"1";"75";"75117";"2";"4";"1";" -1";"PORTE MAILLOT";"48,8792730";"2,2815290"
"202000036425";"1";"9";"2020";"15:00";"1";"75";"75120";"2";"3";"1";"3";"RUE DES PYRENEES";"48,8719790";"2,3918630"
"202000036426";"1";"9";"2020";"10:00";"1";"75";"75119";"2";"2";"1";"6";"RUE CURIAL";"48,8932680";"2,3731330"
"202000036427";"1";"9";"2020";"10:15";"1";"75";"75117";"2";"1";"1";" -1";"BOULEVARD MALESHERBES";"48,8885820";"2,3043420"
"202000036428";"31";"8";"2020";"16:35";"1";"75";"75117";"2";"7";"1";"2";"AVENUE DES TERNES";"48,8794330";"2,2908380"
"202000036429";"31";"8";"2020";"15:45";"1";"75";"75117";"2";"7";"1";"6";"RUE DES MOINES";"48,8872680";"2,3178540"
"202000036430";"1";"9";"2020";"19:00";"1";"75";"75116";"2";"1";"1";"4";"ROUTE DES TRIBUNES";"48,8628870";"2,2311460"
"202000036431";"31";"8";"2020";"12:50";"1";"75";"75116";"2";"3";"1";"3";"AVENUE DU PRESIDENT KENNEDY";"48,8526880";"2,2807310"
"202000036432";"1";"9";"2020";"13:15";"1";"75";"75113";"2";"2";"1";"3";"QUAI D AUSTERLITZ";"48,8418910";"2,3678720"
"202000036433";"31";"8";"2020";"18:40";"1";"75";"75112";"2";"3";"1";"6";"RUE DORIAN";"48,8465680";"2,3925010"
"202000036434";"1";"9";"2020";"14:10";"1";"75";"75111";"2";"3";"1";"3";"RUE DE LA ROQUETTE";"48,8587600";"2,3846550"
"202000036435";"1";"9";"2020";"16:05";"1";"75";"75108";"2";"3";"1";"6";"RUE DE COURCELLES";"48,8754060";"2,3088220"
"202000036436";"1";"9";"2020";"10:15";"1";"75";"75108";"2";"2";"1";"3";"Place de la Concorde";"48,8656340";"2,3206520"
"202000036437";"31";"8";"2020";"18:40";"1";"94";"94081";"2";"1";"1";"6";"PAUL VAILLANT COUTURIER (AV)";"48,7944600";"2,3968800"
"202000036438";"31";"8";"2020";"14:15";"1";"94";"94068";"2";"3";"1";"3";"CHAMPIGNY (BD DE)";"48,8087077";"2,5094211"
"202000036439";"1";"9";"2020";"14:20";"1";"94";"94076";"2";"1";"1";"7";"JEAN LURCAT (R)";"48,7882000";"2,3684000"
"202000036440";"1";"9";"2020";"18:25";"1";"94";"94041";"2";"1";"1";"7";"GEORGES GOSNAT (AV)";"48,8127800";"2,3873700"
"202000036441";"31";"8";"2020";"20:50";"5";"94";"94028";"2";"1";"1";"7";"FRANCE LIBRE(AVENUE DE LA)";"48,7796600";"2,4550400"
"202000036442";"31";"8";"2020";"11:30";"1";"93";"93073";"2";"1";"1";"6";"ROISSY (ROUTE DE)";"48,9837586";"2,5397227"
"202000036443";"1";"9";"2020";"08:30";"1";"93";"93014";"2";"2";"1";"6";"ROBERT BESSON (ALLEE)";"48,8992500";"2,5329400"
"202000036444";"1";"9";"2020";"14:15";"1";"93";"93005";"2";"9";"1";"3";"AV CHARLES DE GAULLE";"48,9304000";"2,4816000"
"202000036445";"31";"8";"2020";"09:20";"1";"92";"92064";"2";"1";"1";"7";"MARCEL DASSAULT";"48,8535100";"2,2226470"
"202000036446";"31";"8";"2020";"10:50";"1";"92";"92064";"2";"1";"1";"7";"MAGENTA PLACE";"48,8423490";"2,2074380"
"202000036447";"6";"8";"2020";"18:15";"1";"92";"92063";"2";"6";"1";"2";"BRU (PLACE DU DOCTEUR JEAN)";"48,8762249";"2,2011535"
"202000036448";"1";"9";"2020";"00:15";"5";"92";"92051";"2";"9";"1";"2";"CHARLES DE GAULLE (AVENUE, N°27 A 129)";"48,8819904";"2,2689300"
"202000036449";"30";"8";"2020";"04:03";"5";"92";"92050";"2";"1";"1";"7";"PICASSO PABLO AVENUE";"48,8883565";"2,2265974"
"202000036450";"1";"9";"2020";"10:30";"1";"92";"92049";"2";"1";"1";"6";"REPUBLIQUE AVENUE DE LA N°81 A FIN";"48,8146427";"2,3172489"
"202000036451";"31";"8";"2020";"19:00";"1";"92";"92049";"2";"3";"1";"3";"BROSSOLETTE AVENUE PIERRE";"48,8128269";"2,3015700"
"202000036452";"10";"1";"2020";"09:10";"1";"92";"92044";"2";"2";"1";"3";"VIC. HUGO(RUE)069A075 ET 080A088";"48,8955100";"2,2968300"
"202000036453";"1";"9";"2020";"18:50";"1";"92";"92040";"2";"1";"1";"3";"FRERES VOISIN (BOULEVARD DES)";"48,8278112";"2,2690619"
"202000036454";"30";"8";"2020";"18:50";"1";"92";"92014";"2";"1";"1";" -1";"GENERAL LECLERC (AV.) (57 A 135 - 50 A 1";"48,7815000";"2,3162200"
"202000036455";"1";"9";"2020";"12:00";"1";"65";"65472";"1";"2";"1";"1";"D935 PR 12+240";"43,4994770";"0,0042780"
"202000036456";"16";"8";"2020";"09:40";"1";"86";"86174";"1";"1";"1";"7";"D23";"46,7395910";"0,5076300"
"202000036457";"2";"9";"2020";"08:50";"1";"06";"06026";"2";"1";"1";"6";"358 Avenue de la Plantade";"43,6561630";"6,8723990"
"202000036458";"2";"9";"2020";"10:30";"1";"23";"23090";"1";"1";"1";"2";"Lot de Senoueix";"45,8182270";"1,9955960"
"202000036459";"1";"9";"2020";"21:15";"3";"57";"57163";"1";"1";"1";"6";"Route forestière des russes";"48,6026370";"7,2552470"
"202000036460";"2";"9";"2020";"08:32";"1";"95";"95026";"1";"1";"7";"7";"D922";"49,1384250";"2,3574580"
"202000036461";"6";"8";"2020";"01:15";"5";"76";"76400";"2";"1";"1";"6";"Rue du Moulin à Vent";"49,8280590";"0,9092370"
"202000036462";"22";"8";"2020";"18:00";"2";"33";"33473";"2";"1";"1";"1";"Rue Jacques Vergeron";"45,1388020";" -0,4433100"
"202000036463";"2";"9";"2020";"11:45";"1";"71";"71014";"1";"1";"1";"1";"D680";"46,9294305";"4,3652549"
"202000036464";"16";"8";"2020";"09:15";"1";"71";"71576";"1";"1";"8";"3";"D906";"46,5308806";"4,9211356"
"202000036465";"2";"9";"2020";"17:25";"1";"76";"76619";"2";"2";"1";"3";"6 Rue Vallee Tournee";"49,9931330";"1,3544080"
"202000036466";"1";"9";"2020";"21:50";"3";"61";"61414";"1";"1";"1";"6";"Route d'Alencon";"48,5284710";"0,5290390"
"202000036467";"2";"9";"2020";"14:40";"1";"49";"49112";"1";"1";"1";"3";"D347";"47,1816260";" -0,1328280"
"202000036468";"28";"8";"2020";"21:30";"3";"42";"42185";"1";"1";"2";"1";"Rue de la loire";"45,5878312";"4,2635509"
"202000036469";"2";"9";"2020";"10:40";"1";"47";"47138";"1";"3";"1";"3";"Bayssieres";"44,2930150";"0,7523700"
"202000036470";"2";"9";"2020";"13:45";"1";"39";"39353";"1";"1";"1";"7";"N/A";"46,3362640";"5,4345310"
"202000036471";"1";"9";"2020";"07:50";"1";"44";"44050";"1";"1";"1";"6";"125 route de pontchateau";"47,4230184";" -2,1483797"
"202000036472";"25";"8";"2020";"12:00";"1";"29";"29235";"2";"1";"1";"6";"64 Boulevard Léopold Maissin";"48,3944510";" -4,4070680"
"202000036473";"1";"9";"2020";"13:40";"1";"31";"31451";"2";"1";"1";"1";"Chemin d'En Couyoulet";"43,4660720";"1,9901940"
"202000036474";"2";"9";"2020";"01:11";"3";"31";"31358";"1";"1";"1";"6";"17 Route des Crêtes";"43,7411700";"1,5654690"
"202000036475";"1";"9";"2020";"19:30";"2";"15";"15136";"1";"1";"1";"7";"la calmette";"44,7089260";"2,3140600"
"202000036476";"2";"9";"2020";"12:15";"1";"58";"58189";"2";"2";"1";"3";"Route des Bertranges";"47,2232170";"3,1118800"
"202000036477";"16";"8";"2020";"22:50";"3";"58";"58121";"2";"1";"1";"6";"Avenue de la République";"47,0499200";"3,0950650"
"202000036478";"5";"8";"2020";"17:45";"1";"72";"72132";"2";"9";"1";"6";"Rue de Paris";"48,1853830";"0,6576290"
"202000036479";"29";"8";"2020";"16:43";"1";"72";"72071";"2";"1";"1";"6";"2 Avenue de Tours";"47,6902410";"0,4259000"
"202000036480";"6";"8";"2020";"11:15";"1";"14";"14754";"1";"1";"1";"2";"D27";"49,2999420";"0,0252990"
"202000036481";"2";"9";"2020";"11:00";"1";"60";"60233";"2";"1";"1";"2";"11 Avenue Henri Demont";"49,6489340";"1,8418340"
"202000036482";"1";"9";"2020";"09:35";"1";"53";"53039";"1";"1";"1";"5";"le haut plessis";"48,1691190";" -0,9494700"
"202000036483";"1";"9";"2020";"08:15";"1";"21";"21633";"1";"1";"7";"2";"rd 108";"47,3262100";"4,4573650"
"202000036484";"1";"9";"2020";"19:10";"2";"21";"21584";"1";"1";"1";"1";"D977bis";"47,2761720";"4,2045880"
"202000036485";"2";"9";"2020";"13:10";"1";"04";"04036";"1";"4";"1";"3";"RD 900 / Impasse du grand pré";"44,1568930";"6,3000800"
"202000036486";"1";"9";"2020";"21:15";"5";"85";"85221";"2";"1";"1";"6";"16 Rue de la Marne";"46,8995060";" -1,9879620"
"202000036487";"1";"9";"2020";"11:00";"1";"27";"27284";"2";"3";"1";" -1";"Rue de Dieppe";"49,2819380";"1,7830340"
"202000036488";"31";"8";"2020";"12:40";"1";"87";"87126";"1";"1";"1";"2";"2 Rue des Plats";"45,8451480";"0,8526430"
"202000036489";"30";"8";"2020";"17:20";"1";"52";"52524";"1";"1";"1";"5";"route nationale 67";"48,2649410";"5,1228480"
"202000036490";"1";"8";"2020";"04:30";"2";"987";"98752";"1";"1";"1";"7";"pk 44+800 mataiea";" -17,7585570";" -149,4177920"
"202000036491";"1";"9";"2020";"12:30";"1";"24";"24538";"1";"1";"1";"1";"17 Campagne";"44,8146320";"0,9957860"
"202000036492";"31";"8";"2020";"08:00";"1";"24";"24184";"1";"2";"1";"3";"Florimont";"44,7005080";"1,2289020"
"202000036493";"2";"9";"2020";"17:15";"1";"26";"26088";"1";"1";"1";"6";"A49";"45,0244780";"5,0843310"
"202000036494";"2";"9";"2020";"00:30";"3";"02";"02157";"1";"1";"1";"2";"Autoroute A.26 - PK 211+750";"49,6007810";"3,6662580"
"202000036495";"1";"9";"2020";"13:00";"1";"13";"13051";"1";"9";"1";"3";"D113";"43,5877270";"5,1234780"
"202000036496";"2";"9";"2020";"20:10";"5";"69";"69244";"2";"2";"1";"3";"Chemin Finat Duclos";"45,7582640";"4,7517640"
"202000036497";"22";"8";"2020";"22:00";"3";"06";"06152";"1";"1";"1";"1";"Route de la Valmasque";"43,6057690";"7,0464420"
"202000036498";"31";"8";"2020";"16:53";"1";"69";"69018";"1";"1";"1";"7";"D337, Pk 17+200, sens Chenelette / Cercié";"46,1575590";"4,5818620"
"202000036499";"2";"9";"2020";"12:00";"1";"95";"95119";"1";"1";"1";"1";"D14";"49,1915768";"1,7144036"
"202000036500";"1";"9";"2020";"21:00";"1";"84";"84036";"2";"9";"1";"3";"957 Chemin Donne";"43,9292640";"4,9580790"
"202000036501";"30";"8";"2020";"19:20";"1";"69";"69141";"2";"6";"1";"3";"D342";"45,6047120";"4,6890780"
"202000036502";"1";"9";"2020";"19:00";"1";"81";"81248";"1";"1";"7";"2";"D631";"43,7610830";"1,8642640"
"202000036503";"30";"8";"2020";"09:30";"1";"33";"33498";"1";"1";"1";"3";"D108";"44,5670700";" -0,7955400"
"202000036504";"11";"2";"2020";"11:20";"1";"75";"75112";"2";"4";"1";"6";"QUAI DE LA RAPEE";"48,8434440";"2,3706800"
"202000036505";"1";"9";"2020";"23:30";"5";"56";"56152";"2";"3";"1";"6";"Lieu Dit Rosboscere";"47,3443810";" -3,1686760"
"202000036506";"2";"9";"2020";"18:20";"1";"60";"60589";"1";"6";"1";"7";"RD 1016";"49,2062990";"2,4629550"
"202000036507";"11";"2";"2020";"10:00";"1";"75";"75112";"2";"1";"1";"7";"ECHANGEUR BERCY";"48,8264410";"2,3904680"
"202000036508";"2";"9";"2020";"15:20";"1";"60";"60361";"1";"2";"1";"3";"D121";"49,2232250";"1,9140757"
"202000036509";"10";"2";"2020";"00:05";"5";"75";"75112";"2";"3";"2";"3";"QUAI DE LA RAPEE";"48,8446620";"2,3691320"
"202000036510";"1";"9";"2020";"19:50";"1";"80";"80685";"2";"1";"1";"7";"18 Avenue Jean Jaurès";"49,7017800";"2,7880060"
"202000036511";"1";"9";"2020";"17:10";"1";"59";"59400";"1";"1";"1";"1";"D23C";"50,6302590";"2,6503550"
"202000036512";"11";"2";"2020";"21:58";"5";"75";"75111";"2";"2";"2";" -1";"BOULEVARD VOLTAIRE";"48,8553160";"2,3842910"
"202000036513";"11";"2";"2020";"11:15";"1";"75";"75111";"2";"1";"1";"2";"RUE DU CHEMIN VERT";"48,8599060";"2,3773330"
"202000036514";"31";"8";"2020";"19:15";"1";"13";"13216";"1";"1";"1";"2";"A55-Sens Martigues vers Marseille";"43,3668800";"5,3291310"
"202000036515";"11";"2";"2020";"09:25";"1";"75";"75111";"2";"3";"1";"3";"RUE DE MONTREUIL";"48,8509610";"2,3964880"
"202000036516";"31";"8";"2020";"18:45";"1";"13";"13019";"1";"1";"1";"4";"A51-Sens Marseille vers Aix en Provence";"43,4234570";"5,3738460"
"202000036517";"10";"2";"2020";"15:20";"1";"75";"75109";"2";"7";"3";"2";"PLACE DE L OPERA";"48,8706230";"2,3320920"
"202000036518";"1";"9";"2020";"08:15";"1";"13";"13071";"1";"1";"1";"3";"A7-Sens Lyon vers Marseille";"43,4171500";"5,2750300"