"Num_Acc";"jour";"mois";"an";"hrmn";"lum";"dep";"com";"agg";"int";"atm";"col";"adr";"lat";"long"
"202000036519";"11";"2";"2020";"13:00";"1";"75";"75107";"2";"2";"1";"3";"RUE DE BOURGOGNE";"48,8575570";"2,3175090"
"202000036520";"31";"8";"2020";"08:50";"1";"13";"13001";"1";"1";"1";"2";"A51-Sens Aix en Provence vers Marseille";"43,5116060";"5,4214580"
"202000036521";"1";"9";"2020";"16:20";"1";"69";"69275";"1";"1";"1";"3";"RN346   29.300 A 34.350";"45,7774300";"4,9728900"
"202000036522";"27";"8";"2020";"17:05";"1";"54";"54232";"1";"1";"1";"5";" A 31";"48,6893000";"5,9790900"
"202000036523";"10";"2";"2020";"18:30";"5";"75";"75102";"2";"3";"2";"3";"BOULEVARD POISSONNIERE";"48,8709920";"2,3459990"
"202000036524";"10";"2";"2020";"11:25";"1";"75";"75101";"2";"3";"1";"6";"RUE SAINT DENIS";"48,8595240";"2,3479310"
"202000036525";"1";"9";"2020";"12:50";"1";"33";"33075";"1";"1";"1";"3";"ROCADE A 630";"44,8896700";" -0,6056200"
"202000036526";"12";"8";"2020";"20:30";"1";"59";"59013";"1";"1";"1";"6";"AUTOROUTE A27";"50,5998000";"3,1939560"
"202000036527";"11";"2";"2020";"14:00";"1";"94";"94076";"2";"1";"1";"6";"TOLSTOI (R)";"48,7982871";"2,3533876"
"202000036528";"1";"9";"2020";"19:50";"3";"77";"77251";"1";"1";"1";"3";"AUTOROUTE A5A";"48,6192200";"2,5518000"
"202000036529";"10";"2";"2020";"08:15";"1";"94";"94076";"2";"1";"1";"3";"FRANCOIS BILLOUX (R)";"48,8015950";"2,3551420"
"202000036530";"1";"9";"2020";"05:45";"5";"94";"94065";"1";"1";"1";"5";"AUTOROUTE A86";"48,7546940";"2,3466710"
"202000036531";"1";"9";"2020";"08:50";"1";"78";"78297";"1";"1";"1";"2";"RN12";"48,7893070";"2,0694760"
"202000036532";"11";"2";"2020";"18:30";"5";"94";"94028";"2";"1";"2";"6";"KENNEDY.(BOULEVARD JOHN)";"48,7768000";"2,4638000"
"202000036533";"1";"9";"2020";"18:15";"1";"93";"93008";"1";"1";"1";"2";"AUTOROUTE A86";"48,9062600";"2,4579000"
"202000036534";"10";"2";"2020";"08:50";"1";"94";"94028";"2";"1";"2";"2";"Av du Mal de Lattre de Tassigny";"48,7978134";"2,4559762"
"202000036535";"1";"9";"2020";"16:50";"1";"95";"95607";"1";"1";"1";"2";" A115";"49,0170000";"2,2145300"
"202000036536";"11";"2";"2020";"19:00";"5";"94";"94069";"2";"4";"2";"6";"SAINT MAURICE DU VALAIS (AV)";"48,8170000";"2,4580000"
"202000036537";"1";"9";"2020";"09:30";"1";"95";"95394";"1";"1";"1";"7";"AUTOROUTE A115";"49,0492600";"2,1817800"
"202000036538";"11";"2";"2020";"09:39";"1";"93";"93077";"2";"1";"2";"2";"ROSNY (AVENUE DE)";"48,8848100";"2,5065600"
"202000036539";"1";"9";"2020";"09:15";"1";"93";"93078";"1";"1";"1";"2";"AUTOROUTE A104";"48,9585500";"2,5334600"
"202000036540";"11";"2";"2020";"13:30";"1";"93";"93051";"2";"1";"1";" -1";"MONT D'EST (BD)";"48,8427000";"2,5485000"
"202000036541";"31";"8";"2020";"23:50";"3";"93";"93053";"1";"1";"1";"3";"AUTOROUTE A3";"48,8829300";"2,4574200"
"202000036542";"10";"2";"2020";"16:15";"1";"93";"93079";"2";"3";"3";"3";"JEAN ALLEMANE";"48,9600310";"2,3505870"
"202000036543";"31";"8";"2020";"17:30";"1";"95";"95277";"1";"1";"1";"4";"A3";"48,9731500";"2,4874200"
"202000036544";"11";"2";"2020";"13:10";"1";"92";"92072";"2";"1";"1";"3";"SAINT CLOUD (RUE DE)";"48,8286000";"2,2247900"
"202000036545";"31";"8";"2020";"10:00";"1";"93";"93027";"1";"1";"1";"3";"AUTOROUTE A86";"48,9245200";"2,3900700"
"202000036546";"1";"9";"2020";"19:45";"1";"94";"94042";"1";"1";"1";"5";"A4";"48,8283680";"2,4755836"
"202000036547";"11";"2";"2020";"18:30";"5";"92";"92012";"2";"2";"3";"6";"REINE (ROUTE DE LA) 39/107 BIS";"48,8400243";"2,2357699"
"202000036548";"1";"9";"2020";"18:30";"1";"94";"94022";"1";"1";"1";"4";"A86 EXT";"48,7763931";"2,4213824"
"202000036549";"1";"9";"2020";"15:30";"1";"94";"94028";"1";"1";"1";"7";"A86 INT";"48,7894964";"2,4402226"
"202000036550";"1";"9";"2020";"10:00";"1";"94";"94065";"1";"1";"1";"4";"A86 INT";"48,7536900";"2,3567200"
"202000036551";"24";"2";"2020";"13:15";"1";"75";"75117";"2";"1";"1";"6";"BOULEVARD BESSIERES";"48,8962470";"2,3186710"
"202000036552";"20";"6";"2020";"18:45";"1";"74";"74010";"1";"1";"1";" -1";"Chemin des Natais (Seynod)";"45,8680260";"6,0868010"
"202000036553";"27";"8";"2020";"13:20";"1";"988";"98818";"2";"2";"1";"3";"RUE DE LA REPUBLIQUE/RUE DU GENERAL MANGIN";" -22,2688300";"166,4396800"
"202000036554";"11";"2";"2020";"03:45";"3";"47";"47293";"1";"1";"1";"6";"""dumas"" ";"44,1582560";"0,6917100"
"202000036555";"31";"8";"2020";"16:00";"1";"974";"97416";"2";"1";"1";"3";"HUBERT DE LISLE(BOULEVARD)";" -21,3435000";"55,4760000"
"202000036556";"11";"2";"2020";"11:55";"1";"83";"83136";"1";"1";"1";"6";"D84";"43,4627940";"6,2816260"
"202000036557";"31";"8";"2020";"07:27";"1";"974";"97411";"2";"1";"2";"7";"MONNERVILLE (BOULEVARD GASTON)";" -20,8969100";"55,4474100"
"202000036558";"10";"2";"2020";"23:10";"5";"40";"40065";"2";"1";"1";"7";"8 Boulevard des Cigales";"43,6352990";" -1,4265920"
"202000036559";"31";"8";"2020";"21:00";"5";"69";"69387";"2";"2";"1";"6";"CLAUDE BERNARD                      (QU)";"45,7519071";"4,8369900"
"202000036560";"10";"2";"2020";"14:50";"1";"21";"21599";"1";"1";"1";"2";"A31";"47,5872166";"5,2096827"
"202000036561";"31";"8";"2020";"19:15";"2";"69";"69386";"2";"2";"1";"3";"MONTGOLFIER                         (R )";"45,7722665";"4,8528015"
"202000036562";"9";"2";"2020";"10:30";"1";"68";"68076";"1";"1";"1";"7";"Mittelfeld";"48,0986374";"7,5055648"
"202000036563";"31";"8";"2020";"05:00";"5";"69";"69259";"2";"3";"1";"6";"FRANCIS DE PRESSENSE                (AV)";"45,7218000";"4,8666100"
"202000036564";"9";"2";"2020";"09:30";"1";"972";"97207";"2";"1";"1";"3";"Rue de l'Abbe Dumauze";"14,5748410";" -60,9879080"
"202000036565";"31";"8";"2020";"15:00";"1";"972";"97213";"1";"1";"1";"2";"ROUTE NATIONALE 5";"14,5947831";" -60,9842777"
"202000036566";"9";"2";"2020";"18:45";"4";"972";"97225";"1";"1";"1";" -1";"69 Jardin des Plantes";"14,7505120";" -61,1672080"
"202000036567";"30";"8";"2020";"21:20";"5";"971";"97113";"2";"9";"1";"3";"MONTAUBAN (SECTEUR)";"16,2123600";" -61,5002000"
"202000036568";"31";"8";"2020";"17:23";"1";"95";"95063";"2";"1";"1";"3";"AV GABRIEL PERI";"48,9362900";"2,2074300"
"202000036569";"12";"2";"2020";"11:45";"1";"26";"26339";"1";"1";"1";"2";"autoroute A7";"44,5860510";"4,8025700"
"202000036570";"31";"8";"2020";"12:27";"1";"87";"87085";"2";"1";"1";"3";"LANDOUGE (AVENUE DE)";"45,8428100";"1,1937300"
"202000036571";"9";"2";"2020";"19:50";"3";"63";"63198";"1";"1";"6";"1";"Loubeyrat";"45,9260950";"3,0478480"
"202000036572";"30";"8";"2020";"23:30";"5";"85";"85194";"2";"2";"1";"2";"Rue des Sauniers";"46,4999800";" -1,7992300"
"202000036573";"10";"2";"2020";"08:20";"1";"60";"60088";"1";"9";"6";"4";"Départementale 105";"49,1997342";"2,1637201"
"202000036574";"30";"8";"2020";"12:40";"1";"83";"83126";"2";"1";"1";"3";"IVALDI (AV JEAN BAPTISTE)";"43,0907800";"5,8813100"
"202000036575";"9";"2";"2020";"14:55";"1";"64";"64061";"2";"6";"1";"3";"cd 32";"43,3990570";" -0,5701690"
"202000036576";"11";"2";"2020";"15:15";"1";"12";"12041";"1";"1";"2";"3";"D58";"44,1777463";"2,3172782"
"202000036577";"30";"8";"2020";"01:10";"5";"80";"80021";"2";"1";"1";"2";"DELIVRANCE (RUE DE LA)";"49,8858200";"2,3284000"
"202000036578";"11";"2";"2020";"02:14";"3";"35";"35066";"1";"9";"2";"7";"N137 échangeur Chartres de Bretagne";"48,0395570";" -1,6864440"
"202000036579";"21";"8";"2020";"18:00";"1";"76";"76540";"2";"2";"1";"6";"LYONS LA FORET. RUE DE";"49,4364400";"1,1338400"
"202000036580";"10";"2";"2020";"23:00";"3";"87";"87019";"1";"1";"2";"2";"A20, sens surd/nord PK194+350";"45,7476420";"1,3396450"
"202000036581";"10";"2";"2020";"19:30";"3";"76";"76244";"1";"1";"2";"6";"A28";"49,7155620";"1,4132830"
"202000036582";"30";"8";"2020";"04:35";"5";"76";"76447";"2";"2";"2";"3";"COMMUNE 1871 (DE LA)";"49,5450000";"0,1886300"
"202000036583";"29";"8";"2020";"00:20";"5";"76";"76351";"2";"1";"2";" -1";"GEORGES LAFAURIE (RUE)";"49,5013000";"0,1141000"
"202000036584";"8";"2";"2020";"11:55";"1";"51";"51278";"1";"1";"8";"7";"D944";"49,0824789";"4,2808800"
"202000036585";"11";"2";"2020";"07:40";"2";"30";"30096";"1";"3";"1";"1";"Route de Saint Gely";"44,2116410";"4,4946420"
"202000036586";"31";"8";"2020";"16:40";"1";"74";"74010";"2";"2";"1";"3";"BARATTES (AVENUE DES)";"45,9071700";"6,1407100"
"202000036587";"30";"8";"2020";"21:20";"5";"69";"69266";"2";"1";"1";"2";"ROGER SALENGRO     (Avenue)";"45,7806000";"4,8836700"
"202000036588";"27";"8";"2020";"11:00";"1";"69";"69266";"2";"3";"1";" -1";"POUDRETTE     (Rue de la)";"45,7645000";"4,9191400"
"202000036589";"30";"8";"2020";"12:45";"1";"67";"67447";"2";"1";"2";"6";"BARRAGE (RUE DU)";"48,6040354";"7,7507812"
"202000036590";"10";"2";"2020";"07:10";"2";"30";"30034";"1";"9";"1";"1";"Route départementale 38";"43,7618310";"4,5250580"
"202000036591";"30";"8";"2020";"10:45";"1";"67";"67482";"2";"3";"2";"6";"FINKWILLER (QUAI)";"48,5787588";"7,7448366"
"202000036592";"11";"2";"2020";"00:30";"3";"03";"03086";"1";"1";"2";"1";"N/A";"46,4718366";"3,8693947"
"202000036593";"29";"8";"2020";"00:40";"5";"67";"67482";"2";"1";"1";"1";"LA WANTZENAU (ROUTE DE)";"48,6145882";"7,7842641"
"202000036594";"31";"8";"2020";"09:38";"1";"66";"66136";"2";"1";"1";"2";"PANCHOT (AVENUE JULIEN)";"42,6853540";"2,8673787"
"202000036595";"28";"7";"2020";"15:50";"1";"62";"62570";"1";"2";"1";"3";"RD 40";"50,3946353";"2,8648279"
"202000036596";"30";"8";"2020";"19:45";"2";"62";"62108";"2";"1";"8";"3";"QUETTIER";"50,4111300";"1,5755700"
"202000036597";"9";"2";"2020";"22:30";"4";"57";"57661";"1";"1";"6";"6";"1 Route de Wissembourg";"49,0518940";"7,6041640"
"202000036598";"28";"8";"2020";"14:16";"1";"56";"56098";"2";"6";"1";"2";"LECLERC (AVENUE  GENERAL )";"47,7630800";" -3,3495500"
"202000036599";"28";"8";"2020";"11:30";"1";"56";"56083";"2";"6";"1";"2";"POMPIDOU ( AVENUE GEORGES )";"47,7998100";" -3,2606000"
"202000036600";"31";"8";"2020";"12:40";"1";"51";"51454";"2";"7";"1";"7";"Place des Combattants d'A.F.N";"49,2197574";"4,0207598"
"202000036601";"28";"8";"2020";"16:40";"1";"49";"49007";"2";"1";"1";"3";"FAURE QUAI";"47,4823100";" -0,5498800"
"202000036602";"28";"8";"2020";"14:10";"1";"49";"49007";"2";"1";"1";"7";"HAUTE DES BANCHAIS";"47,4837000";" -0,5138100"
"202000036603";"1";"9";"2020";"00:30";"5";"45";"45234";"2";"2";"1";"3";"Route d’Olivet";"47,8826300";"1,9038000"
"202000036604";"6";"2";"2020";"16:00";"1";"56";"56177";"1";"1";"1";"2";"Route de Sainte Anne d'Auray";"47,7644950";" -3,0000240"
"202000036605";"8";"2";"2020";"18:30";"5";"59";"59282";"1";"1";"1";"3";"1307 Route de Dunkerque";"50,8154630";"2,4819520"
"202000036606";"10";"2";"2020";"02:45";"5";"74";"74267";"2";"1";"3";" -1";"931 Route d'Albertville";"45,8826890";"6,1418770"
"202000036607";"7";"2";"2020";"09:05";"1";"78";"78647";"1";"1";"1";"7";"Rue de la Libération";"48,9335550";"1,6743370"
"202000036608";"8";"2";"2020";"05:20";"3";"76";"76381";"1";"1";"6";"6";"D7";"49,7953940";"1,6252900"
"202000036609";"9";"2";"2020";"19:10";"3";"79";"79351";"1";"1";"6";"6";"N/A";"46,4448360";" -0,5673840"
"202000036610";"12";"2";"2020";"16:30";"1";"80";"80281";"1";"1";"1";"7";"D46";"50,0826370";"2,0287733"
"202000036611";"11";"2";"2020";"13:35";"1";"80";"80672";"1";"1";"6";"6";"Rue des Celtes";"49,9784445";"2,5693461"
"202000036612";"11";"2";"2020";"03:45";"3";"82";"82023";"1";"1";"1";"6";"D928";"43,9452680";"1,1455930"
"202000036613";"31";"1";"2020";"13:55";"1";"33";"33011";"2";"7";"1";"6";"4 Place de l'Eglise";"44,7670900";" -1,1400700"
"202000036614";"7";"2";"2020";"17:15";"1";"63";"63287";"1";"3";"1";"3";"D999/D727 rte Vernet";"45,5225350";"3,3025230"
"202000036615";"11";"2";"2020";"22:50";"3";"49";"49155";"1";"1";"1";"6";"Le Lion-d'Angers";"47,6102532";" -0,7055174"
"202000036616";"9";"2";"2020";"23:40";"3";"49";"49002";"1";"1";"1";"6";"D155";"47,3182210";"0,0091840"
"202000036617";"31";"1";"2020";"14:00";"1";"12";"12286";"1";"1";"1";"6";"RD 999";"43,9225340";"2,8227570"
"202000036618";"11";"2";"2020";"17:45";"1";"42";"42300";"1";"1";"2";"1";"Route des Forest";"46,1001600";"4,2938730"
"202000036619";"11";"2";"2020";"13:12";"1";"68";"68176";"2";"3";"2";"2";"Rue de Friesen";"47,5617660";"7,1873740"
"202000036620";"12";"2";"2020";"06:50";"3";"39";"39328";"1";"1";"2";"6";"N/A";"46,5031300";"5,7154440"
"202000036621";"9";"2";"2020";"18:40";"3";"29";"29004";"1";"8";"6";"7";"D106 - Lieu Dit Kernabat";"47,9090540";" -3,6237130"
"202000036622";"12";"2";"2020";"12:45";"1";"29";"29152";"1";"1";"1";"6";"Rue de l'Etang";"48,2264170";" -3,5584970"
"202000036623";"8";"2";"2020";"04:30";"3";"02";"02002";"2";"1";"1";"6";"1 Rue Charles de Gaulle";"49,6859810";"3,3936910"
"202000036624";"10";"2";"2020";"01:30";"5";"01";"01429";"2";"3";"6";"6";"Route de Montcet";"46,2147176";"5,0889858"
"202000036625";"11";"2";"2020";"16:52";"1";"85";"85190";"1";"1";"8";"2";"D753";"46,9545400";" -1,4710500"
"202000036626";"10";"2";"2020";"12:00";"1";"70";"70421";"2";"1";"1";"6";"Rue Gilberte Lavaire";"47,6908790";"6,0382260"
"202000036627";"9";"2";"2020";"08:00";"1";"58";"58037";"1";"1";"1";"1";"Chaume des Bruyeres";"47,2705960";"3,9111540"
"202000036628";"9";"2";"2020";"14:10";"1";"66";"66147";"1";"1";"1";"5";"N320";"42,5655030";"1,7779400"
"202000036629";"11";"2";"2020";"06:58";"2";"06";"06059";"2";"1";"1";"3";"AVENUE RAYMOND POINCARE";"43,7232730";"7,3799800"
"202000036630";"10";"2";"2020";"10:07";"1";"06";"06150";"2";"3";"1";"3";"297 Route de Nice";"43,7443010";"7,3940670"
"202000036631";"12";"2";"2020";"14:15";"1";"14";"14177";"1";"1";"1";"6";"D48";"49,1859030";"0,2095970"
"202000036632";"9";"2";"2020";"01:15";"3";"14";"14708";"1";"1";"1";"6";"D193";"49,0700370";" -0,6915220"
"202000036633";"12";"2";"2020";"13:15";"1";"09";"09139";"1";"1";"1";"5";"RN20  lieu-dit les maisons cantonières";"42,6047470";"1,8134950"
"202000036634";"11";"2";"2020";"16:50";"1";"73";"73171";"2";"1";"2";"6";"D1006  - 11 Quai de l'Isère";"45,4989030";"6,0597380"
"202000036635";"12";"2";"2020";"14:05";"1";"43";"43141";"2";"1";"1";" -1";"9 Avenue du 19 Mars 1962";"45,1856250";"4,3130510"
"202000036636";"10";"2";"2020";"04:45";"5";"04";"04006";"2";"1";"3";"7";"L'Aiguille (Cinéma)";"44,2915990";"6,5667930"
"202000036637";"11";"2";"2020";"13:00";"1";"27";"27385";"1";"2";"1";"4";"D139";"49,3707630";"0,5326870"
"202000036638";"10";"2";"2020";"20:00";"3";"27";"27638";"2";"1";"6";"6";"Rue Francois Mitterrand";"49,2536820";"0,9248900"
"202000036639";"11";"2";"2020";"09:00";"1";"27";"27226";"1";"1";"6";"1";"D14B";"49,3014250";"1,6437650"
"202000036640";"11";"2";"2020";"09:00";"1";"27";"27056";"2";"3";"7";"3";"Avenue Lottin de Laval";"49,0968820";"0,6041620"
"202000036641";"12";"2";"2020";"04:30";"5";"987";"98734";"2";"1";"1";"1";"pk 34.200";" -17,7233790";" -149,5057300"
"202000036642";"8";"2";"2020";"22:40";"3";"987";"98752";"1";"1";"2";"7";"RT1 PK 53+800";" -17,7220550";" -149,4046530"
"202000036643";"10";"2";"2020";"20:55";"3";"77";"77295";"1";"9";"3";" -1";"A5 pk 09+600";"48,5692904";"2,7544465"
"202000036644";"12";"2";"2020";"18:31";"2";"38";"38095";"1";"1";"1";"7";"A49";"45,1319400";"5,3116400"
"202000036645";"10";"2";"2020";"07:00";"3";"13";"13113";"1";"1";"1";"4";"A51";"43,5967410";"5,4893880"
"202000036646";"12";"2";"2020";"06:40";"1";"973";"97309";"2";"3";"1";"1";"Route de Montjoly";"4,9177360";" -52,2772190"
"202000036647";"10";"2";"2020";"16:44";"1";"01";"01213";"1";"1";"1";"7";"A42";"45,9459730";"5,2976950"
"202000036648";"12";"2";"2020";"15:20";"1";"66";"66012";"2";"1";"1";"7";"616 Route Nationale";"42,7029238";"2,8288532"
"202000036649";"11";"2";"2020";"07:40";"3";"17";"17339";"1";"1";"8";"1";"D142";"45,4653980";" -0,4452040"
"202000036650";"10";"2";"2020";"17:43";"2";"69";"69248";"2";"1";"1";"1";"Rue de la Roche";"46,0329790";"4,2819480"
"202000036651";"11";"2";"2020";"12:30";"1";"59";"59377";"1";"9";"4";"7";"A  26 PK 138 sens REIMS/CALAIS";"50,1192570";"3,1560800"
"202000036652";"10";"2";"2020";"18:40";"5";"33";"33005";"2";"1";"1";" -1";"9 Avenue de Bordeaux";"44,7425540";" -1,0976990"
"202000036653";"9";"2";"2020";"10:50";"1";"988";"98822";"1";"3";"1";"7";"tribu de Tieti - PR 137";" -20,9164700";"165,3042500"
"202000036654";"6";"2";"2020";"21:00";"5";"974";"97418";"2";"1";"1";"3";"5 Rue Fleur de Jade";" -20,9174900";"55,5294720"
"202000036655";"9";"2";"2020";"22:00";"5";"973";"97311";"2";"3";"1";"4";"5 rue Rivierez";"5,4998476";" -54,0295494"
"202000036656";"11";"2";"2020";"09:20";"1";"971";"97125";"1";"2";"1";"4";"Saint Jacques";"16,2675890";" -61,3200290"
"202000036657";"9";"2";"2020";"16:15";"1";"45";"45210";"2";"1";"6";"6";"Chemin des Lorrains";"47,8666380";"2,8305780"
"202000036658";"10";"2";"2020";"15:20";"1";"95";"95012";"1";"1";"2";"6";"Sente du Petit Roconval";"49,1058770";"1,6335190"
"202000036659";"7";"2";"2020";"17:20";"1";"66";"66227";"1";"1";"1";"7";"D39";"42,6410800";"2,9063800"
"202000036660";"30";"1";"2020";"19:15";"5";"30";"30307";"2";"1";"2";"6";"Rue Jean Delpuech";"44,1934210";"4,0434730"
"202000036661";"8";"2";"2020";"18:10";"5";"34";"34057";"2";"9";"2";"6";"Avenue Roger Salengro";"43,6325490";"3,8964070"
"202000036662";"8";"2";"2020";"09:30";"1";"83";"83115";"2";"6";"1";"3";"Avenue Raoul Nordling";"43,3005870";"6,6254850"
"202000036663";"10";"2";"2020";"17:50";"2";"83";"83068";"2";"1";"1";"1";"RD558";"43,2732120";"6,5202520"
"202000036664";"12";"2";"2020";"19:20";"5";"13";"13053";"2";"3";"1";"3";"Avenue de Craponne";"43,7317720";"5,1723270"
"202000036665";"11";"2";"2020";"11:00";"1";"13";"13041";"1";"1";"1";" -1";"D7N route de luynes";"43,4718260";"5,4444120"
"202000036666";"12";"2";"2020";"10:25";"1";"89";"89257";"2";"1";"1";"6";"43 Rue Victor Hugo";"47,9581170";"3,5316750"
"202000036667";"11";"2";"2020";"15:40";"1";"21";"21261";"1";"1";"1";"6";"Rue de la Chassagne";"47,2669343";"5,1611645"
"202000036668";"11";"2";"2020";"21:00";"3";"21";"21209";"2";"1";"1";"7";"D108";"47,3258425";"5,1426830"
"202000036669";"11";"2";"2020";"08:50";"2";"67";"67442";"1";"3";"6";"1";"12 Rue Froehn";"48,5946130";"7,5044220"
"202000036670";"9";"2";"2020";"03:20";"5";"57";"57190";"2";"1";"1";"6";"35 Rue de Lorraine";"49,0594100";"6,5504320"
"202000036671";"10";"2";"2020";"07:50";"1";"03";"03086";"1";"1";"6";"7";"N/A";"46,4726347";"3,8638848"
"202000036672";"2";"1";"2020";"15:30";"1";"73";"73243";"1";"1";"1";"6";"D 912";"45,5854035";"5,9790454"
"202000036673";"11";"2";"2020";"19:45";"5";"38";"38401";"2";"3";"8";"3";"Rue Alsace Lorraine";"45,5620000";"5,4351100"
"202000036674";"7";"2";"2020";"08:00";"1";"38";"38374";"1";"3";"1";"3";"Route du Bugey";"45,6642333";"5,3276989"
"202000036675";"12";"2";"2020";"08:10";"1";"38";"38565";"2";"6";"1";"6";"D1075";"45,2962790";"5,6287120"
"202000036676";"12";"2";"2020";"16:00";"1";"01";"01342";"2";"1";"1";"5";"D61";"45,8940250";"5,0501770"
"202000036677";"7";"2";"2020";"21:20";"3";"81";"81099";"1";"1";"1";"6";"78 Route de Montauban";"43,9042860";"1,8657340"
"202000036678";"8";"2";"2020";"09:00";"1";"47";"47157";"2";"8";"1";"3";"Rue Albert Camus";"44,4975650";"0,1774760"
"202000036679";"11";"2";"2020";"06:15";"3";"33";"33293";"1";"1";"2";"5";"PK 42+250 RN89 sens Bordeaux/ Libourne";"44,8774800";" -0,4108700"
"202000036680";"12";"2";"2020";"09:40";"1";"85";"85298";"1";"3";"1";"2";"N/A";"46,5933310";" -1,7578550"
"202000036681";"8";"2";"2020";"16:50";"1";"53";"53158";"2";"3";"7";"6";"3 Rue de Bretagne";"48,0056260";" -0,9603790"
"202000036682";"11";"2";"2020";"07:40";"3";"22";"22134";"1";"1";"3";"6";"52 Route de Tréguier";"48,7838495";" -3,3953269"
"202000036683";"6";"2";"2020";"12:25";"1";"27";"27165";"2";"6";"1";"3";"D840";"48,9520640";"0,9460470"
"202000036684";"23";"1";"2020";"07:45";"2";"62";"62318";"2";"2";"1";"3";"Route de Fromessent";"50,5170350";"1,6647400"
"202000036685";"7";"2";"2020";"14:40";"1";"59";"59091";"1";"1";"1";"2";"RD642";"50,7301600";"2,5697390"
"202000036686";"8";"2";"2020";"20:40";"3";"13";"13211";"1";"1";"1";"7";"A50-Sens Marseille vers Aubagne";"43,2926000";"5,4771000"
"202000036687";"11";"2";"2020";"08:55";"1";"13";"13055";"1";"1";"1";"4";"A507 sens Aubagne- Marseille";"43,3300110";"5,3935780"
"202000036688";"8";"2";"2020";"00:50";"3";"62";"62637";"1";"1";"1";"2";"AUTOROUTE A1";"50,4626130";"2,9747200"
"202000036689";"11";"2";"2020";"09:15";"1";"91";"91182";"1";"1";"1";"4";"AUTOROUTE A6";"48,6288200";"2,4115900"
"202000036690";"11";"2";"2020";"09:03";"1";"94";"94021";"1";"1";"1";"3";"AUTOROUTE A6A";"48,7623700";"2,3410700"
"202000036691";"11";"2";"2020";"04:30";"3";"91";"91161";"1";"1";"2";"3";"AUTOROUTE A126";"48,7089100";"2,3060800"
"202000036692";"11";"2";"2020";"21:05";"3";"78";"78524";"1";"1";"1";"2";"A13";"48,8397990";"2,1164540"
"202000036693";"10";"2";"2020";"23:00";"4";"93";"93007";"1";"1";"6";"2";"AUTOROUTE A1";"48,9548400";"2,4575100"
"202000036694";"10";"2";"2020";"08:00";"2";"93";"93066";"1";"1";"1";"3";"AUTOROUTE A1";"48,9287000";"2,3590200"
"202000036695";"10";"2";"2020";"11:00";"1";"94";"94017";"1";"1";"1";"7";"A4";"48,8287204";"2,4770220"
"202000036696";"10";"2";"2020";"08:50";"1";"94";"94069";"1";"1";"1";"2";"A4";"48,8174408";"2,4311863"
"202000036697";"9";"2";"2020";"23:30";"3";"94";"94079";"1";"1";"3";"2";"A4";"48,8347257";"2,5370878"
"202000036698";"11";"2";"2020";"09:45";"1";"988";"98818";"2";"2";"1";"2";"RUE JACQUES IEKAWE/AVENUE KOENIG";" -22,2351800";"166,4775300"
"202000036699";"11";"2";"2020";"10:45";"1";"988";"98818";"2";"6";"3";"7";"RUE ROGER GERVOLINO/RUE MAX FROUIN";" -22,2498400";"166,4705700"
"202000036700";"10";"2";"2020";"17:00";"1";"974";"97411";"2";"1";"1";"3";"Avenue Marcel Hoarau";" -20,9035900";"55,4919700"
"202000036701";"10";"2";"2020";"07:55";"1";"974";"97407";"1";"1";"1";"4";"ROUTE NATIONALE N° 1";" -20,9522200";"55,3168900"
"202000036702";"10";"2";"2020";"19:30";"2";"973";"97302";"1";"6";"1";"3";"CRIQUE FOUILLEE (ROND POINT)";"4,8965168";" -52,3287714"
"202000036703";"9";"2";"2020";"22:15";"5";"69";"69385";"2";"9";"6";"7";"QUARANTAINE (DE LA)                 (R )";"45,7521800";"4,8217700"
"202000036704";"9";"2";"2020";"05:30";"2";"971";"97113";"1";"1";"1";"6";"RN4 - SECTION RIVIERA";"16,2176381";" -61,4932305"
"202000036705";"7";"2";"2020";"10:02";"1";"971";"97120";"2";"1";"1";"6";"QUAI LEFEVRE";"16,2412000";" -61,5379700"
"202000036706";"8";"2";"2020";"19:45";"5";"971";"97113";"1";"1";"1";"1";"SECTION MATHURIN";"16,2232400";" -61,5052000"
"202000036707";"10";"2";"2020";"12:05";"1";"2A";"2A004";"2";"1";"2";"3";"CAMPI LOUIS BD";"41,9440469";"8,7552940"
"202000036708";"9";"2";"2020";"06:45";"3";"95";"95488";"1";"1";"1";"5";"A15";"49,0105567";"2,1542790"
"202000036709";"9";"2";"2020";"20:00";"5";"95";"95018";"2";"2";"6";"3";"VERDUN (AVENUE DE)";"48,9548859";"2,2423559"
"202000036710";"10";"2";"2020";"12:20";"1";"91";"91477";"2";"1";"1";"2";"GENERAL DE GAULLE (AVENUE DU)";"48,7146000";"2,2486000"
"202000036711";"11";"2";"2020";"00:45";"5";"91";"91691";"2";"9";"6";"6";"HENRI BARBUSSE(RUE)DU N°39 AU N°79";"48,7079510";"2,4932110"
"202000036712";"9";"2";"2020";"10:10";"1";"91";"91433";"1";"1";"1";"6";"RD 191";"48,4343500";"2,1902400"
"202000036713";"10";"2";"2020";"12:30";"1";"91";"91201";"2";"1";"6";"6";"HENRI BARBUSSE(BOULEVARD)";"48,6914200";"2,4119200"
"202000036714";"10";"2";"2020";"10:45";"1";"85";"85194";"2";"3";"1";"3";"Sortie Parking";"46,5141800";" -1,7882100"