"Num_Acc";"jour";"mois";"an";"hrmn";"lum";"dep";"com";"agg";"int";"atm";"col";"adr";"lat";"long"
"202000036715";"8";"2";"2020";"14:35";"1";"85";"85194";"2";"6";"8";"7";"Boulevard du Vendée Globe (Olonne-sur-Mer)";"46,5140600";" -1,7682800"
"202000036716";"7";"2";"2020";"13:00";"1";"84";"84007";"1";"1";"1";"2";"AMANDIER (Avenue de l')";"43,9473200";"4,8558900"
"202000036717";"9";"2";"2020";"18:50";"5";"83";"83123";"2";"1";"1";"2";"Route de Bandol";"43,1312020";"5,7814710"
"202000036718";"7";"2";"2020";"09:30";"1";"80";"80021";"2";"1";"1";"6";"BEAUVILLE NORD (BOULEVARD DE)";"49,9064800";"2,3180800"
"202000036719";"10";"2";"2020";"09:15";"1";"78";"78440";"2";"1";"1";"7";"RÉPUBLIQUE (RUE DE LA)";"48,9857630";"1,9118820"
"202000036720";"9";"2";"2020";"01:20";"5";"76";"76351";"2";"3";"1";"3";"MICHEL FERE (QUAI)";"49,4885900";"0,1112400"
"202000036721";"10";"2";"2020";"14:05";"1";"74";"74012";"2";"1";"1";"4";"EUROPE (AVENUE DE L')";"46,1831200";"6,2324000"
"202000036722";"8";"2";"2020";"12:35";"1";"71";"71306";"2";"1";"1";"6";"Avenue des Alouettes";"46,6803051";"4,3643396"
"202000036723";"10";"2";"2020";"08:40";"1";"69";"69256";"2";"3";"1";"6";"POUDRETTE (DE LA)                   (CH)";"45,7505797";"4,9185500"
"202000036724";"8";"2";"2020";"10:10";"1";"68";"68066";"2";"1";"1";"6";"LOGELBACH ( RUE DU)";"48,0819960";"7,3478610"
"202000036725";"7";"2";"2020";"17:30";"1";"66";"66136";"1";"1";"1";"1";"Chemin de Neguebous";"42,7120890";"2,8736800"
"202000036726";"10";"2";"2020";"07:20";"5";"66";"66136";"2";"3";"1";"3";"JULIEN PANCHOT (AVENUE)";"42,6928600";"2,8859000"
"202000036727";"9";"2";"2020";"16:20";"1";"66";"66136";"2";"1";"1";"7";"POINCARE (BOULEVARD HENRI)";"42,6915900";"2,8933100"
"202000036728";"10";"2";"2020";"19:00";"5";"64";"64445";"2";"9";"2";"3";"LEON BERARD";"43,3115700";" -0,3655800"
"202000036729";"10";"2";"2020";"08:20";"1";"64";"64445";"2";"1";"1";"3";"GRAMONT";"43,2964200";" -0,3742800"
"202000036730";"10";"2";"2020";"16:00";"1";"64";"64024";"2";"1";"8";"1";"BAYONNE (AVENUE DE)";"43,4806800";" -1,5137700"
"202000036731";"10";"2";"2020";"17:00";"1";"62";"62193";"2";"4";"6";"1";"CASTRES (CHEMIN)";"50,9396700";"1,8820500"
"202000036732";"9";"2";"2020";"18:50";"3";"59";"59599";"2";"2";"3";"6";"URSULINES (RUE DES)";"50,7189910";"3,1550150"
"202000036733";"10";"2";"2020";"11:30";"1";"59";"59599";"2";"1";"1";"6";"ROUSSEL (PLACE CHARLES ET ALBERT)";"50,7212400";"3,1583100"
"202000036734";"9";"2";"2020";"19:25";"5";"59";"59654";"2";"3";"6";"1";"DUBOIS (RUE CELESTIN)";"50,3817500";"3,1078700"
"202000036735";"7";"2";"2020";"14:20";"1";"57";"57630";"2";"1";"7";"2";"SARREGUEMINES";"48,7506200";"7,0685200"
"202000036736";"8";"2";"2020";"15:55";"1";"56";"56121";"2";"1";"1";"3";"MONISTROL (RUE)";"47,7338800";" -3,3849800"
"202000036737";"8";"2";"2020";"11:50";"1";"56";"56121";"2";"6";"1";"3";"CHAZELLES ( COURS LOUIS  DE )";"47,7568400";" -3,3646200"
"202000036738";"7";"2";"2020";"10:15";"1";"55";"55545";"2";"1";"1";"7";"GARIBALDI ( AVENUE )";"49,1649000";"5,3823000"
"202000036739";"10";"2";"2020";"23:05";"5";"51";"51454";"2";"2";"2";"3";"Rue de Courcelles";"49,2632510";"4,0157030"
"202000036740";"10";"2";"2020";"17:30";"2";"51";"51055";"2";"6";"3";"2";"Route de Betheny";"49,2762944";"4,0555513"
"202000036741";"10";"2";"2020";"08:00";"1";"50";"50502";"2";"1";"2";"6";"TORTERON (rue)";"49,1146200";" -1,0958560"
"202000036742";"9";"2";"2020";"19:15";"5";"50";"50203";"2";"1";"6";"6";"LUCET (RUE)";"49,6230400";" -1,6121500"
"202000036743";"8";"2";"2020";"16:14";"1";"49";"49007";"2";"1";"2";" -1";"PAUL BERT";"47,4652463";" -0,5499714"
"202000036744";"7";"2";"2020";"07:07";"5";"49";"49007";"2";"1";"1";"3";"SCHWEITZER";"47,4818200";" -0,5230200"
"202000036745";"8";"2";"2020";"07:48";"2";"49";"49007";"2";"1";"3";"3";"DAVIERS BOULEVARD";"47,4785500";" -0,5562200"
"202000036746";"10";"2";"2020";"18:40";"5";"45";"45208";"2";"1";"8";"6";"6 AV ADOLPHE COCHERY";"48,0019770";"2,7365960"
"202000036747";"4";"2";"2020";"20:40";"5";"44";"44109";"2";"9";"1";"3";"Boulevard de Launay";"47,2103800";" -1,5730300"
"202000036748";"9";"2";"2020";"22:20";"3";"41";"41018";"2";"1";"6";"7";"CITES UNIES (BOULEVARD DES)";"47,6098400";"1,3392900"
"202000036749";"7";"2";"2020";"19:21";"5";"40";"40192";"2";"1";"1";"6";"SAINT MÉDARD (BD)";"43,8915000";" -0,4815300"
"202000036750";"9";"2";"2020";"06:25";"5";"38";"38516";"2";"1";"1";"6";"Boulevard de la Chantourne";"45,1989700";"5,7553900"
"202000036751";"7";"2";"2020";"16:15";"1";"35";"35288";"2";"1";"1";"6";"DUFRESNE MARION (RUE)";"48,6455000";" -2,0101900"
"202000036752";"9";"2";"2020";"18:50";"5";"35";"35115";"2";"2";"6";"3";"NORMANDIE (AVENUE DE)";"48,3622290";" -1,1864320"
"202000036753";"9";"2";"2020";"16:50";"1";"34";"34032";"2";"1";"1";" -1";"QUAI PORT NOTRE DAME";"43,3338100";"3,2088100"
"202000036754";"7";"2";"2020";"23:55";"5";"34";"34032";"2";"1";"1";"3";"FOCH MARECHAL FERDINAND (AVENUE DU)";"43,3464000";"3,2160600"
"202000036755";"10";"1";"2020";"02:30";"5";"75";"75109";"2";"5";"2";"2";"RUE DU FAUBOURG POISSONNIERE";"48,8796730";"2,3495310"
"202000036756";"10";"1";"2020";"09:35";"1";"75";"75108";"2";"1";"2";"3";"RUE DU FAUBOURG SAINT HONORE";"48,8724722";"2,3117970"
"202000036757";"10";"1";"2020";"10:00";"1";"75";"75107";"2";"2";"1";"2";"QUAI BRANLY";"48,8605430";"2,2956380"
"202000036758";"10";"1";"2020";"02:40";"5";"75";"75104";"2";"2";"2";"2";"BOULEVARD DE SEBASTOPOL";"48,8595129";"2,3487702"
"202000036759";"10";"1";"2020";"14:45";"1";"94";"94081";"2";"1";"1";"3";"PAUL VAILLANT COUTURIER (AV)";"48,7960000";"2,3980000"
"202000036760";"10";"1";"2020";"21:45";"5";"94";"94076";"2";"1";"1";" -1";"STALINGRAD (AV DE)";"48,7855900";"2,3668500"
"202000036761";"10";"1";"2020";"07:30";"5";"94";"94016";"2";"3";"8";"6";"ARISTIDE BRIAND (AV)";"48,7998600";"2,3234500"
"202000036762";"9";"1";"2020";"12:35";"1";"94";"94041";"2";"1";"2";"3";"JEAN COMPAGNON (QU)";"48,8197000";"2,3970000"
"202000036763";"10";"1";"2020";"16:20";"1";"94";"94073";"2";"1";"1";"6";"LUXEMBOURG (AV DU)";"48,7564900";"2,3740500"
"202000036764";"10";"1";"2020";"07:50";"2";"94";"94069";"2";"1";"2";"3";"MARECHAL LECLERC (R DU)";"48,8182800";"2,4221800"
"202000036765";"10";"1";"2020";"12:00";"1";"94";"94017";"2";"1";"8";"3";"LOUIS TALAMONI (R)";"48,8131100";"2,5122500"
"202000036766";"10";"1";"2020";"07:00";"5";"94";"94044";"2";"6";"2";"3";"ALBERT GARRY (R)";"48,7568700";"2,4833200"
"202000036767";"10";"1";"2020";"00:20";"5";"94";"94081";"2";"1";"2";"4";"JULES GUESDE (QU)";"48,7823589";"2,4171606"
"202000036768";"9";"1";"2020";"23:35";"5";"93";"93073";"2";"1";"2";"4";"CHAPIT RE ( RUE DU)";"49,0034733";"2,5367700"
"202000036769";"10";"1";"2020";"18:10";"5";"93";"93072";"2";"1";"2";"6";"PARMENTIER (RUE) COTE N° PAIRS";"48,9714750";"2,3755031"
"202000036770";"10";"1";"2020";"15:45";"1";"93";"93070";"2";"1";"1";"4";"AV MICHELET";"48,9091465";"2,3440016"
"202000036771";"10";"1";"2020";"05:45";"5";"93";"93053";"2";"1";"2";"6";"ROSNY (AVENUE DE) N° 53 A 243";"48,8999888";"2,4708785"
"202000036772";"10";"1";"2020";"17:30";"2";"93";"93048";"2";"1";"1";"6";"BD CHANZY";"48,8582300";"2,4353900"
"202000036773";"10";"1";"2020";"08:03";"1";"93";"93057";"2";"2";"2";"6";"ALL ROBERT ESTIENNE / AV DU PRESIDENT WILSON";"48,9064510";"2,5118660"
"202000036774";"10";"1";"2020";"08:30";"2";"93";"93010";"2";"2";"8";"3";"AV DE ROSNY / AV GALLIENI";"48,9038960";"2,4706750"
"202000036775";"10";"1";"2020";"17:40";"5";"92";"92073";"2";"1";"1";"7";"DASSAULT (QUAI MARCEL)";"48,8611200";"2,2250700"
"202000036776";"9";"1";"2020";"13:55";"1";"92";"92073";"2";"1";"2";"6";"JAURES (AVENUE JEAN)";"48,8638653";"2,2087348"
"202000036777";"10";"1";"2020";"09:25";"1";"92";"92048";"2";"2";"2";"7";"GARDES (ROUTE DES) N° 5 A 51";"48,8188300";"2,2344600"
"202000036778";"10";"1";"2020";"08:00";"2";"92";"92036";"2";"1";"2";"3";"MARCEL PAUL (AVENUE) (52/102)";"48,9415120";"2,3030260"
"202000036779";"9";"1";"2020";"16:55";"1";"92";"92036";"2";"9";"2";"6";"LOUIS CALMEL (RUE) (60/106)";"48,9242230";"2,2885750"
"202000036780";"10";"1";"2020";"20:30";"5";"92";"92035";"2";"2";"2";"3";"Voltaire ( rue )";"48,9047800";"2,2491700"
"202000036781";"10";"1";"2020";"12:00";"1";"92";"92026";"2";"1";"1";"2";"PAIX";"48,9012860";"2,2631840"
"202000036782";"10";"1";"2020";"21:20";"5";"92";"92014";"2";"1";"1";"2";"BIEVRE (RUE DE LA)";"48,7811040";"2,3193480"
"202000036783";"9";"1";"2020";"09:42";"1";"92";"92002";"2";"1";"2";"3";"CHATENAY (RUE DE)";"48,7576630";"2,2927830"
"202000036784";"10";"1";"2020";"13:15";"1";"86";"86107";"1";"1";"1";"7";"Route d'Usson";"46,3501378";"0,6780253"
"202000036785";"11";"1";"2020";"01:00";"3";"22";"22019";"2";"1";"1";"7";"D65";"48,5756670";" -3,0032770"
"202000036786";"11";"1";"2020";"02:45";"5";"74";"74191";"2";"1";"1";"6";"69 Avenue de Joux Plane";"46,1754060";"6,7098290"
"202000036787";"8";"1";"2020";"20:45";"5";"84";"84137";"2";"3";"1";"1";"665 Avenue Marcel Pagnol";"44,2446190";"5,0893490"
"202000036788";"8";"1";"2020";"18:45";"3";"972";"97225";"1";"1";"1";"1";"D10";"14,7702140";" -61,1992760"
"202000036789";"11";"1";"2020";"15:00";"1";"59";"59266";"1";"1";"1";"1";"Route de Seclin";"50,5416420";"2,9986860"
"202000036790";"11";"1";"2020";"11:15";"1";"60";"60176";"2";"1";"1";"6";"Rue Nationale";"49,2348320";"2,8873570"
"202000036791";"11";"1";"2020";"20:15";"4";"72";"72350";"2";"1";"1";"6";"32 Rue du 11 Novembre";"47,8852480";"0,2725170"
"202000036792";"10";"1";"2020";"19:30";"3";"30";"30151";"1";"1";"1";"6";"D6";"44,1330610";"4,4067730"
"202000036793";"11";"1";"2020";"13:25";"1";"61";"61464";"1";"1";"1";"7";"A28";"48,5927390";"0,1871540"
"202000036794";"10";"1";"2020";"20:30";"3";"83";"83073";"1";"1";"8";"6";"Dn7";"43,3959470";"6,2923200"
"202000036795";"10";"1";"2020";"22:20";"3";"49";"49304";"1";"1";"1";"6";"Route de LONGUÉ - RD214";"47,3244470";" -0,1445760"
"202000036796";"10";"1";"2020";"16:40";"1";"12";"12082";"1";"1";"1";"1";"D55";"43,9277840";"3,3096400"
"202000036797";"11";"1";"2020";"15:20";"1";"46";"46303";"1";"1";"1";"6";"D17";"44,5999230";"1,6681450"
"202000036798";"10";"1";"2020";"19:40";"3";"47";"47011";"1";"4";"1";"1";"D656";"44,3721330";"0,9820740"
"202000036799";"11";"1";"2020";"17:00";"1";"29";"29293";"1";"1";"1";"7";"Route de Névez";"47,8478190";" -3,8352250"
"202000036800";"11";"1";"2020";"00:15";"3";"29";"29130";"2";"3";"1";"3";"1 Route de Kerfily";"48,3745340";" -4,6453810"
"202000036801";"10";"1";"2020";"20:25";"3";"31";"31490";"1";"1";"1";" -1";"6 Départementale 820";"43,7600250";"1,3603660"
"202000036802";"10";"1";"2020";"18:30";"5";"38";"38389";"2";"1";"8";"6";"Avenue du Stade";"45,5555450";"5,0800050"
"202000036803";"10";"1";"2020";"18:25";"3";"38";"38399";"1";"9";"1";"1";"D518";"45,5037300";"5,1179300"
"202000036804";"11";"1";"2020";"01:50";"3";"38";"38130";"1";"1";"1";"6";"Avenue Jongkind";"45,3964400";"5,2439000"
"202000036805";"10";"1";"2020";"23:15";"3";"38";"38450";"1";"1";"1";"1";"D45";"45,2836400";"5,5330100"
"202000036806";"11";"1";"2020";"14:15";"1";"38";"38272";"1";"1";"1";"6";"Chemin du Moulin";"45,2034400";"5,3113400"
"202000036807";"10";"1";"2020";"21:35";"3";"83";"83032";"1";"1";"5";"6";"Route de Brignoles";"43,4656690";"6,1400640"
"202000036808";"10";"1";"2020";"19:54";"3";"60";"60264";"1";"1";"1";"7";"D93";"49,3782670";"2,0793870"
"202000036809";"10";"1";"2020";"20:10";"3";"45";"45279";"1";"9";"5";"6";"Rue de Conflans";"47,9534401";"2,7937493"
"202000036810";"1";"1";"2020";"21:00";"4";"64";"64038";"2";"1";"1";"7";"D 254";"43,4524620";" -1,5303760"
"202000036811";"8";"1";"2020";"08:00";"4";"53";"53146";"1";"6";"2";"6";"N162 pk 54.760";"48,1957510";" -0,6667400"
"202000036812";"10";"1";"2020";"18:15";"5";"21";"21574";"2";"1";"1";"1";"3 Rue de Fontaine";"47,5240190";"5,4281420"
"202000036813";"11";"1";"2020";"11:50";"1";"04";"04166";"2";"3";"1";"3";"RD 11 / Rue Hilarion Bourret";"43,8154557";"6,0947581"
"202000036814";"10";"1";"2020";"18:00";"3";"37";"37085";"1";"1";"1";"6";"D943";"47,2412483";"0,8621646"
"202000036815";"10";"1";"2020";"17:25";"2";"06";"06018";"2";"6";"2";"7";"Route du Pin Montard";"43,6210280";"7,0635560"
"202000036816";"10";"1";"2020";"21:00";"3";"49";"49129";"1";"1";"1";"4";"A11";"47,4959530";" -0,5224930"
"202000036817";"6";"1";"2020";"07:20";"5";"45";"45232";"1";"1";"1";"7";"A71 -  PK105+780 - Sens PARIS vers PROVINCE";"47,8418710";"1,8636680"
"202000036818";"11";"1";"2020";"10:10";"1";"974";"97415";"2";"3";"1";"3";"Rue du Général de Gaulle";" -21,0520730";"55,2277440"
"202000036819";"11";"1";"2020";"06:30";"1";"973";"97312";"1";"1";"1";"7";"N1";"5,1847163";" -52,9145941"
"202000036820";"10";"1";"2020";"19:10";"5";"973";"97304";"1";"1";"1";"3";"Avenue de Pariacabo";"5,1560400";" -52,6692430"
"202000036821";"11";"1";"2020";"10:30";"1";"67";"67290";"1";"1";"1";"6";"D114";"48,9261707";"7,8304056"
"202000036822";"10";"1";"2020";"21:15";"3";"42";"42304";"1";"1";"9";"1";"Rte des Monts";"45,5563110";"4,2178590"
"202000036823";"11";"1";"2020";"09:20";"1";"38";"38557";"2";"1";"8";"6";"Rue des Mésanges";"45,7856900";"5,1059500"
"202000036824";"11";"1";"2020";"16:17";"1";"26";"26084";"1";"1";"1";"7";"Route de la Croix de Collet";"45,0143450";"4,9622390"
"202000036825";"10";"1";"2020";"14:30";"1";"44";"44026";"2";"6";"1";"3";"Rue Petit Breton";"47,2940830";" -1,4880790"
"202000036826";"10";"1";"2020";"18:20";"3";"29";"29042";"1";"1";"1";"2";"Étang du Fret";"48,2822930";" -4,5063690"
"202000036827";"11";"1";"2020";"12:30";"1";"60";"60540";"1";"1";"1";"6";"D200";"49,3431130";"2,7379200"
"202000036828";"10";"1";"2020";"13:15";"1";"13";"13055";"1";"9";"1";"3";"A507 sens Marseille - Aubagne";"43,3081200";"5,4249200"
"202000036829";"7";"1";"2020";"11:30";"1";"13";"13070";"1";"1";"1";" -1";"A50-Sens Aubagne vers Marseille";"43,2850510";"5,5175960"
"202000036830";"9";"1";"2020";"09:00";"1";"83";"83123";"1";"1";"1";"3";"A50";"43,1293100";"5,8168300"
"202000036831";"10";"1";"2020";"09:30";"1";"94";"94065";"1";"1";"8";"3";"AUTOROUTE A106";"48,7612700";"2,3451100"
"202000036832";"10";"1";"2020";"07:30";"3";"91";"91645";"1";"1";"2";"2";"RN 385 Extèrieure";"48,7599000";"2,2681400"
"202000036833";"10";"1";"2020";"05:20";"5";"94";"94037";"1";"1";"2";"7";"AUTOROUTE A6A";"48,8151300";"2,3363800"
"202000036834";"10";"1";"2020";"17:40";"4";"78";"78466";"1";"1";"1";"4";"A13";"48,9279870";"1,9902330"
"202000036835";"10";"1";"2020";"18:00";"2";"95";"95394";"1";"1";"1";"4";"RN 184";"49,0517900";"2,1824500"
"202000036836";"7";"1";"2020";"09:00";"1";"95";"95392";"1";"1";"1";"3";"RN 184";"49,0665500";"2,2160400"
"202000036837";"10";"1";"2020";"10:00";"1";"93";"93005";"1";"1";"2";"4";"AUTOROUTE A3";"48,9680200";"2,4778700"
"202000036838";"10";"1";"2020";"00:10";"3";"93";"93053";"1";"1";"1";"6";"AUTOROUTE A103";"48,8887000";"2,4728000"
"202000036839";"9";"1";"2020";"17:30";"4";"95";"95491";"1";"1";"2";"6";" A115";"49,0035000";"2,2459600"
"202000036840";"9";"1";"2020";"13:08";"1";"93";"93053";"1";"1";"8";"7";"AUTOROUTE A3";"48,8979500";"2,4693900"
"202000036841";"9";"1";"2020";"08:15";"3";"95";"95572";"1";"1";"2";"6";"AUTOROUTE A15";"49,0320400";"2,1067700"
"202000036842";"9";"1";"2020";"00:15";"3";"93";"93063";"1";"1";"1";"6";"AUTOROUTE A3";"48,8784300";"2,4471400"
"202000036843";"8";"1";"2020";"11:00";"1";"92";"92049";"2";"1";"8";"1";"BRIAND (AVENUE ARISTIDE)";"48,8181470";"2,3254500"
"202000036844";"9";"1";"2020";"12:20";"1";"974";"97411";"2";"1";"1";"7";"Route de Bois de nèfles";" -20,9025000";"55,4779000"
"202000036845";"8";"1";"2020";"08:30";"1";"974";"97411";"2";"1";"1";"3";"DIERX (LEON)";" -20,8900000";"55,4611000"
"202000036846";"9";"1";"2020";"15:01";"1";"973";"97302";"2";"1";"1";"3";"MONTABO (ROUTE DE) 1";"4,9316956";" -52,2905231"
"202000036847";"9";"1";"2020";"10:40";"1";"973";"97302";"2";"1";"1";"3";"MADELEINE (ROUTE DE LA)";"4,9314284";" -52,3265076"
"202000036848";"8";"1";"2020";"19:15";"5";"972";"97209";"2";"1";"1";"7";"RD 41 (ROCADE)";"14,6147200";" -61,0529500"
"202000036849";"9";"1";"2020";"08:55";"1";"69";"69382";"2";"1";"1";"5";"PERRACHE                            (QU)";"45,7410000";"4,8240000"
"202000036850";"9";"1";"2020";"15:25";"1";"2A";"2A004";"2";"1";"1";"1";"BONAPARTE LUCIEN  COURS";"41,9095576";"8,7203476"
"202000036851";"9";"1";"2020";"13:20";"1";"91";"91377";"2";"9";"8";"3";"BUISSON AUX FRAISES (RUE DU)";"48,7213000";"2,2868000"
"202000036852";"3";"1";"2020";"08:35";"1";"91";"91377";"2";"1";"1";"6";"MARTYRS DE SOWETO (AVENUE DES)";"48,7187545";"2,2494611"
"202000036853";"8";"1";"2020";"16:30";"1";"91";"91457";"1";"6";"1";"2";"CD 19";"48,5742100";"2,2600800"
"202000036854";"9";"1";"2020";"13:08";"1";"87";"87085";"1";"1";"1";"4";"AUTOROUTE A20";"45,8466100";"1,2771100"
"202000036855";"7";"1";"2020";"18:53";"5";"87";"87085";"2";"2";"2";"5";"REVOLUTION (AVENUE DE LA)";"45,8212496";"1,2628772"
"202000036856";"6";"1";"2020";"08:50";"1";"86";"86194";"2";"1";"1";"6";"Avenue Mozart";"46,5617653";"0,3727414"
"202000036857";"31";"5";"2020";"19:45";"5";"988";"98817";"2";"3";"1";"6";"RP2/RUE DES TIARES";" -22,2823110";"166,5854410"
"202000036858";"9";"1";"2020";"07:40";"5";"85";"85191";"2";"1";"1";"6";"Avenue Gambetta";"46,6720800";" -1,4347200"
"202000036859";"5";"1";"2020";"17:15";"5";"83";"83069";"2";"1";"1";"6";"MARINE (BOULEVARD DE LA)";"43,0915010";"6,1618050"
"202000036860";"30";"5";"2020";"13:55";"1";"988";"98802";"1";"3";"3";"6";"PR 55+950 RT1";" -21,9757230";"166,1973090"
"202000036861";"9";"1";"2020";"08:35";"1";"80";"80021";"2";"1";"1";"3";"MARCHE LANSELLES (RUE DU )";"49,8957400";"2,2977900"
"202000036862";"30";"5";"2020";"14:50";"1";"974";"97422";"1";"1";"1";"7";"Ancienne Route Nationale 3";" -21,1721610";"55,5856650"
"202000036863";"8";"1";"2020";"16:55";"1";"79";"79191";"2";"7";"8";"2";"10 Place Saint-Jean";"46,3213040";" -0,4648500"
"202000036864";"31";"5";"2020";"18:00";"1";"974";"97406";"2";"1";"1";"6";"340 Rue de la République";" -21,1428550";"55,6212100"
"202000036865";"8";"1";"2020";"08:10";"3";"78";"78440";"1";"1";"1";"4";"CD 14";"48,9797820";"1,8872400"
"202000036866";"31";"5";"2020";"19:55";"2";"77";"77508";"1";"1";"1";"7";"D231";"48,8064680";"2,8424980"
"202000036867";"31";"5";"2020";"03:15";"5";"83";"83054";"2";"6";"1";"6";"D97 rond-point Bir Hakeim";"43,1596760";"6,0414400"
"202000036868";"9";"1";"2020";"12:45";"1";"78";"78498";"2";"1";"2";"2";"EISENHOWER AV DU GENERAL";"48,9258900";"2,0517900"
"202000036869";"30";"5";"2020";"14:45";"1";"05";"05118";"1";"1";"1";"6";"D948";"44,2052569";"5,8899249"
"202000036870";"31";"5";"2020";"16:30";"1";"13";"13014";"1";"1";"1";"1";"D21";"43,5127360";"5,1254650"
"202000036871";"8";"1";"2020";"19:35";"3";"77";"77305";"2";"2";"1";"2";"BRAY (ROUTE DE) - D411";"48,3817230";"2,9753850"
"202000036872";"30";"5";"2020";"14:25";"1";"57";"57289";"1";"1";"1";"3";"89 Rue Principale";"49,0876890";"7,0403640"
"202000036873";"8";"1";"2020";"19:50";"5";"77";"77152";"2";"1";"2";"3";"PORET(RUE DU CPT BERNARD DE)LE RESTE";"48,5153600";"2,6271900"
"202000036874";"31";"5";"2020";"01:30";"3";"73";"73150";"1";"1";"1";"6";"D220";"45,5624680";"6,7000670"
"202000036875";"7";"1";"2020";"05:50";"5";"76";"76540";"2";"1";"1";"6";"BOISGUILBERT. QUAI DE";"49,4424600";"1,0773100"
"202000036876";"30";"5";"2020";"19:20";"1";"01";"01049";"2";"1";"7";"6";"917 Route Nationale";"45,8450585";"5,0360801"
"202000036877";"9";"1";"2020";"17:56";"5";"74";"74010";"2";"1";"1";"5";"ROCADE (BOULEVARD DE LA)";"45,9054000";"6,1136000"
"202000036878";"30";"5";"2020";"18:20";"1";"01";"01376";"2";"2";"1";"1";"Route de Genève";"45,8298050";"4,9797030"
"202000036879";"8";"1";"2020";"15:08";"1";"72";"72181";"1";"1";"2";"3";"PATTON GENERAL RTE ST-AUBIN A AV RUBILLA";"48,0105700";"0,1711200"
"202000036880";"31";"5";"2020";"09:50";"1";"81";"81105";"2";"6";"7";"7";"Chemin de la Redondie";"43,7623700";"1,9698840"
"202000036881";"9";"1";"2020";"14:55";"1";"71";"71270";"2";"2";"1";"3";"Rue des Anémones";"46,3097711";"4,8268421"
"202000036882";"9";"1";"2020";"05:55";"5";"70";"70388";"2";"1";"2";"3";"ORY Noel (RUE)";"47,6154700";"6,1424400"
"202000036883";"30";"5";"2020";"15:45";"1";"17";"17237";"1";"1";"1";"1";"RD 3";"45,8722470";" -1,0647730"
"202000036884";"9";"1";"2020";"08:45";"1";"67";"67482";"2";"3";"1";"3";"BAN DE LA ROCHE (RUE DU)";"48,5788000";"7,7285100"
"202000036885";"31";"5";"2020";"14:30";"1";"33";"33284";"2";"2";"1";"3";"Rue des Navarries";"44,6065100";" -0,9331700"
"202000036886";"9";"1";"2020";"15:51";"1";"67";"67180";"2";"9";"1";"3";"BISCHWILLER (ROUTE DE)";"48,8039044";"7,8100237"
"202000036887";"29";"5";"2020";"15:00";"1";"35";"35047";"1";"6";"1";"2";"route départementale 34";"48,0620644";" -1,7553678"
"202000036888";"9";"1";"2020";"22:15";"5";"65";"65433";"2";"3";"2";"3";"BARBUSSE (AVENUE HENRI)";"43,2112420";"0,0980170"
"202000036889";"8";"1";"2020";"17:00";"1";"64";"64102";"2";"1";"1";"4";"AVRIL (AVENUE DU 14)";"43,5045000";" -1,4482000"
"202000036890";"8";"1";"2020";"11:30";"1";"64";"64140";"2";"3";"1";"1";"DOUANE (QUAI DE LA)";"43,5224000";" -1,4899300"
"202000036891";"30";"5";"2020";"22:30";"3";"27";"27008";"1";"1";"1";"6";"Route du Manoir";"49,3213859";"1,1860916"
"202000036892";"2";"1";"2020";"17:00";"1";"62";"62666";"2";"3";"1";"3";"DE GAULLE (R DU GAL)";"50,4741900";"2,8840830"
"202000036893";"9";"1";"2020";"20:36";"3";"56";"56260";"2";"6";"2";" -1";"POMPIDOU(GIRATOIRE)";"47,6660000";" -2,7702500"
"202000036894";"9";"1";"2020";"16:50";"1";"54";"54395";"2";"1";"1";"2";"boulevard Albert 1er";"48,6975784";"6,1670128"
"202000036895";"9";"1";"2020";"12:00";"1";"54";"54578";"2";"1";"1";"2";"BRABOIS (AVENUE DE)";"48,6709000";"6,1595000"
"202000036896";"8";"1";"2020";"08:00";"2";"54";"54304";"2";"1";"1";"6";"POINCARE (RUE RAYMOND)";"48,6815000";"6,1613000"
"202000036897";"30";"5";"2020";"04:10";"3";"13";"13005";"1";"1";"1";"6";"A50-Sens Marseille vers Aubagne";"43,2876190";"5,5446730"
"202000036898";"9";"1";"2020";"19:35";"5";"51";"51454";"2";"6";"2";"7";"Rue Francis Garnier";"49,2878615";"4,0241131"
"202000036899";"8";"1";"2020";"20:35";"5";"45";"45232";"2";"1";"2";"2";"Avenue de Sologne";"47,8674700";"1,9125100"
"202000036900";"7";"1";"2020";"10:30";"2";"44";"44184";"1";"1";"2";" -1";"N/A";"47,2887446";" -2,2423166"
"202000036901";"9";"1";"2020";"17:45";"5";"37";"37261";"2";"1";"1";"6";"MAGINOT (AV. ANDRE)";"47,4224510";"0,6967655"
"202000036902";"7";"1";"2020";"08:30";"2";"37";"37261";"2";"1";"2";"7";"ENTRAIGUES (RUE D')";"47,3881520";"0,6891796"
"202000036903";"9";"1";"2020";"08:00";"5";"37";"37122";"2";"1";"1";" -1";"JAURES (BOULEVARD JEAN)";"47,3487045";"0,6627033"
"202000036904";"9";"1";"2020";"09:15";"1";"35";"35238";"2";"6";"2";"6";"GUERIN (ALPHONSE)";"48,1092089";" -1,6594921"
"202000036905";"9";"1";"2020";"00:39";"5";"35";"35238";"2";"9";"8";"6";"passage Aristide Briand";"48,1100970";" -1,6640700"
"202000036906";"30";"5";"2020";"01:00";"5";"33";"33249";"1";"1";"1";"6";"ROCADE A 630";"44,8846500";" -0,5123100"
"202000036907";"9";"1";"2020";"08:00";"1";"34";"34172";"2";"4";"1";"3";"MAURIN (AVENUE DE";"43,5874600";"3,8720600"