"Num_Acc";"jour";"mois";"an";"hrmn";"lum";"dep";"com";"agg";"int";"atm";"col";"adr";"lat";"long"
"202000036908";"8";"1";"2020";"10:10";"1";"30";"30189";"2";"9";"7";"6";"LECLERC GENERAL (AVENUE)";"43,8274900";"4,3744500"
"202000036909";"9";"1";"2020";"18:10";"4";"30";"30007";"2";"1";"1";"6";"GRABIEUX (QUAI DU)";"44,1408800";"4,0876200"
"202000036910";"8";"1";"2020";"11:53";"1";"29";"29232";"2";"1";"1";"3";"Avenue Pierre Mendes-france";"47,9781700";" -4,1222500"
"202000036911";"8";"1";"2020";"22:18";"3";"29";"29019";"2";"2";"6";"3";"Rue Roch Glaz";"48,4315319";" -4,4865769"
"202000036912";"8";"1";"2020";"07:20";"5";"29";"29019";"2";"6";"2";"3";"Avenue Victor le Gorgeu";"48,4019632";" -4,5025700"
"202000036913";"4";"1";"2020";"10:20";"1";"27";"27375";"2";"1";"1";"6";"CLEMENCEAU (BOULEVARD GEORGES)";"49,2101000";"1,1690000"
"202000036914";"9";"1";"2020";"16:30";"1";"17";"17299";"2";"1";"3";"3";"BACHELARD AVENUE VICTOR-LOUIS";"45,9522300";" -0,9533100"
"202000036915";"9";"1";"2020";"19:45";"3";"14";"14079";"1";"2";"1";"3";"TOURGEVILLE (ROUTE DE)";"49,3240000";"0,0364900"
"202000036916";"9";"1";"2020";"18:30";"5";"14";"14220";"2";"1";"1";"6";"REPUBLIQUE (AVENUE DE LA)";"49,3598707";"0,0814853"
"202000036917";"9";"1";"2020";"11:00";"1";"13";"13117";"1";"1";"1";"2";"STADIUM (CD9)";"43,4435710";"5,2970150"
"202000036918";"8";"1";"2020";"15:45";"1";"13";"13056";"1";"9";"1";"2";"RD 49";"43,3519300";"5,0546300"
"202000036919";"9";"1";"2020";"17:15";"1";"13";"13202";"2";"1";"1";"3";"MALAVAL (RUE)";"43,3040480";"5,3708670"
"202000036920";"9";"1";"2020";"13:35";"1";"13";"13204";"2";"2";"1";"3";"MARÉCHAL FOCH (AVENUE)";"43,3027430";"5,3964960"
"202000036921";"30";"5";"2020";"04:00";"3";"60";"60494";"1";"1";"1";"2";"AUTOROUTE A1";"49,1142100";"2,5542200"
"202000036922";"8";"1";"2020";"13:00";"1";"13";"13204";"2";"2";"1";"1";"FRANÇOISE DUPARC (BOULEVARD)";"43,3094140";"5,4029040"
"202000036923";"7";"1";"2020";"12:10";"1";"12";"12202";"2";"1";"1";"6";"MONTPELLIER (AVENUE DE)";"44,3556329";"2,5768529"
"202000036924";"7";"1";"2020";"10:55";"1";"12";"12202";"2";"3";"1";"6";"GALLY (BOULEVARD)";"44,3493900";"2,5723700"
"202000036925";"9";"1";"2020";"19:15";"5";"10";"10387";"2";"1";"2";"6";"Avenue Pasteur,";"48,3007580";"4,0646890"
"202000036926";"8";"1";"2020";"18:11";"5";"10";"10387";"2";"1";"2";"6";"LUCIEN MOREL PAYEN (RUE)";"48,3060100";"4,0920600"
"202000036927";"8";"1";"2020";"08:13";"2";"10";"10387";"2";"6";"2";"3";"PREIZE (RUE DE)";"48,3082000";"4,0681100"
"202000036928";"8";"1";"2020";"21:13";"5";"08";"08409";"2";"1";"2";"6";"TRENTE FLOREAL (BOULEVARD DU)";"49,7047400";"4,9514000"
"202000036929";"29";"5";"2020";"19:00";"1";"93";"93064";"1";"1";"1";"7";"AUTOROUTE A86";"48,8818200";"2,4731200"
"202000036930";"29";"5";"2020";"15:50";"1";"95";"95572";"1";"1";"1";"7";"RN 184";"49,0520200";"2,1499300"
"202000036931";"29";"5";"2020";"18:00";"1";"95";"95277";"1";"1";"1";"2";"RD 170 ";"48,9774700";"2,4628400"
"202000036932";"29";"5";"2020";"19:00";"1";"75";"75112";"1";"1";"1";"2";"A4";"48,8199621";"2,4599397"
"202000036933";"29";"5";"2020";"17:00";"1";"94";"94042";"1";"1";"1";"6";"A4";"48,8285467";"2,4757460"
"202000036934";"17";"3";"2020";"00:28";"3";"78";"78551";"1";"9";"1";"6";"RN 184";"48,9819400";"2,0861910"
"202000036935";"9";"1";"2020";"20:45";"5";"06";"06088";"2";"4";"1";"1";"DESAMBROIS (AV.)";"43,7052100";"7,2717600"
"202000036936";"29";"5";"2020";"07:10";"1";"988";"98818";"2";"3";"1";"2";"RUE DU 18 JUIN/RUE DES TOURS";" -22,2703900";"166,4638800"
"202000036937";"29";"5";"2020";"16:00";"1";"973";"97302";"2";"1";"1";"6";"MADELEINE (ROUTE DE LA)";"4,9128300";" -52,3208500"
"202000036938";"29";"5";"2020";"19:05";"1";"69";"69387";"2";"2";"1";"3";"JEAN JAURES                         (AV)";"45,7437500";"4,8409400"
"202000036939";"29";"5";"2020";"17:02";"1";"69";"69383";"2";"1";"1";"4";"PAUL BERT                           (R )";"45,7570500";"4,8562200"
"202000036940";"29";"5";"2020";"09:10";"1";"69";"69386";"2";"2";"1";" -1";"MARECHAL LYAUTEY (DU)               (PL)";"45,7692105";"4,8411096"
"202000036941";"29";"5";"2020";"06:00";"2";"69";"69387";"2";"1";"1";"6";"GUILLOTIERE (DE LA)                 (GR)";"45,7496900";"4,8522700"
"202000036942";"28";"5";"2020";"20:04";"1";"69";"69382";"2";"3";"1";"3";"BELLECOUR                           (PL)";"45,7587800";"4,8309000"
"202000036943";"21";"5";"2020";"11:00";"1";"69";"69034";"2";"1";"1";"7";"MARGNOLLES (DE)                     (R )";"45,7833400";"4,8344100"
"202000036944";"28";"5";"2020";"07:40";"1";"69";"69202";"2";"1";"1";"6";"COMMANDANT CHARCOT (DU)             (R )";"45,7444559";"4,7840926"
"202000036945";"9";"1";"2020";"13:14";"1";"06";"06088";"2";"1";"1";"6";"GARNIER (BD JOSEPH)";"43,7100900";"7,2599200"
"202000036946";"29";"5";"2020";"08:15";"1";"971";"97101";"1";"1";"1";"6";"RN1 ROCADE DE CHAUVEL";"16,2457000";" -61,5249000"
"202000036947";"9";"1";"2020";"10:10";"1";"06";"06159";"1";"1";"1";"3";"CORNE D OR (BOULEVARD DE LA)";"43,7103600";"7,3139900"
"202000036948";"29";"5";"2020";"18:00";"1";"95";"95585";"2";"9";"1";"3";"Rue du 8 MAI 1945 ";"48,9782632";"2,3675714"
"202000036949";"9";"1";"2020";"21:30";"5";"06";"06027";"2";"3";"1";"3";"VERDUN AVENUE DE";"43,6662200";"7,1422600"
"202000036950";"29";"5";"2020";"11:35";"1";"95";"95268";"2";"2";"1";"3";"AV DE STALINGRAD";"48,9676000";"2,4107000"
"202000036951";"28";"5";"2020";"21:50";"2";"91";"91589";"2";"7";"1";"6";"CHAMBERLAIN (RUE)";"48,6764200";"2,3466700"
"202000036952";"9";"1";"2020";"19:30";"5";"75";"75105";"2";"2";"2";"6";"QUAI DE MONTEBELLO";"48,8523546";"2,3482643"
"202000036953";"29";"5";"2020";"16:07";"1";"91";"91223";"1";"1";"1";"3";"R.N.20";"48,4296000";"2,1623600"
"202000036954";"9";"1";"2020";"18:20";"5";"75";"75120";"2";"2";"2";"6";"RUE DES AMANDIERS";"48,8683071";"2,3881859"
"202000036955";"29";"5";"2020";"18:00";"1";"91";"91027";"2";"1";"1";"3";"MORANGIS (AVENUE DE)";"48,7056000";"2,3564500"
"202000036956";"9";"1";"2020";"20:30";"5";"75";"75119";"2";"1";"2";"3";"AVENUE CORENTIN CARIOU";"48,8955481";"2,3832312"
"202000036957";"28";"5";"2020";"06:39";"1";"90";"90010";"2";"3";"1";"3";"JOFFRE (BOULEVARD MARECHAL)";"47,6413900";"6,8571300"
"202000036958";"28";"5";"2020";"19:10";"1";"80";"80489";"2";"1";"1";"3";"VILLE IDEALE (AVENUE DE LA )";"49,8677400";"2,3688200"
"202000036959";"9";"1";"2020";"18:45";"5";"75";"75119";"2";"3";"2";"3";"BOULEVARD DE LA VILLETTE";"48,8751880";"2,3736420"
"202000036960";"28";"5";"2020";"07:50";"1";"80";"80021";"2";"1";"1";"3";"ROUEN (RUE DE)";"49,8861000";"2,2737100"
"202000036961";"1";"1";"2020";"04:20";"5";"75";"75117";"2";"2";"1";" -1";"RUE DE ROME";"48,8856740";"2,3168239"
"202000036962";"28";"5";"2020";"12:56";"1";"78";"78646";"2";"3";"1";"3";"GENERAL PERSHING (RUE DU)";"48,8188700";"2,1502600"
"202000036963";"8";"1";"2020";"16:00";"1";"75";"75116";"2";"5";"2";"6";"AVENUE MARCEAU";"48,8696868";"2,2982360"
"202000036964";"29";"5";"2020";"09:30";"1";"76";"76216";"2";"1";"1";"7";"DIEPPE. ROUTE DE (RN 27)";"49,4709500";"1,0498700"
"202000036965";"8";"1";"2020";"18:55";"5";"75";"75115";"2";"1";"1";"5";"RUE DE LOURMEL";"48,8485800";"2,2905600"
"202000036966";"29";"5";"2020";"07:45";"1";"76";"76351";"2";"6";"1";"3";"COCHET";"49,5055600";"0,1010300"
"202000036967";"8";"1";"2020";"09:40";"1";"75";"75115";"2";"3";"1";"3";"RUE EMERIAU";"48,8487210";"2,2852180"
"202000036968";"28";"5";"2020";"13:06";"1";"67";"67482";"2";"1";"1";"6";"LA FONTAINE (BOULEVARD)";"48,5916470";"7,7040220"
"202000036969";"9";"1";"2020";"09:00";"1";"75";"75114";"2";"2";"2";"3";"BOULEVARD BRUNE";"48,8261581";"2,3127535"
"202000036970";"28";"5";"2020";"20:05";"2";"66";"66136";"2";"1";"1";"6";"DE BONNEFOY ( RUE LOUIS)";"42,7178000";"2,8871300"
"202000036971";"9";"1";"2020";"20:15";"3";"75";"75114";"2";"1";"2";"2";"BD PERIPHERIQUE INTERIEUR";"48,8167140";"2,3402980"
"202000036972";"9";"1";"2020";"08:00";"5";"75";"75113";"2";"2";"8";"6";"AVENUE DES GOBELINS";"48,8333963";"2,3542124"
"202000036973";"8";"1";"2020";"23:30";"5";"75";"75112";"2";"4";"1";"3";"ROUTE DE LA FERME";"48,8262220";"2,4627440"
"202000036974";"1";"1";"2020";"01:00";"5";"75";"75112";"2";"4";"1";"6";"RUE CROZATIER";"48,8493978";"2,3796461"
"202000036975";"9";"1";"2020";"20:00";"5";"75";"75103";"2";"3";"2";"6";"BOULEVARD DU TEMPLE";"48,8646655";"2,3658072"
"202000036976";"9";"1";"2020";"14:24";"1";"75";"75109";"2";"4";"1";"2";"RUE DU FAUBOURG MONTMARTRE";"48,8766598";"2,3394610"
"202000036977";"29";"5";"2020";"15:20";"1";"64";"64545";"1";"1";"1";"2";"Route de la Corniche";"43,3848900";" -1,7198400"
"202000036978";"8";"1";"2020";"16:15";"1";"75";"75109";"2";"3";"2";"7";"BOULEVARD DE CLICHY";"48,8829731";"2,3348718"
"202000036979";"9";"1";"2020";"08:50";"1";"75";"75107";"2";"2";"2";"7";"AVENUE BOSQUET";"48,8588040";"2,3035141"
"202000036980";"9";"1";"2020";"13:30";"1";"75";"75103";"2";"3";"1";"6";"RUE DU GRENIER SAINT LAZARE";"48,8628574";"2,3533405"
"202000036981";"9";"1";"2020";"20:00";"5";"75";"75101";"2";"3";"1";"6";"RUE DE RIVOLI";"48,8643920";"2,3301088"
"202000036982";"8";"1";"2020";"21:30";"5";"94";"94081";"2";"1";"1";"2";"YOURI GAGARINE (AV)";"48,7868271";"2,3910265"
"202000036983";"28";"5";"2020";"17:40";"1";"64";"64129";"2";"1";"7";"2";"BAYONNE DE";"43,3051400";" -0,4019800"
"202000036984";"9";"1";"2020";"21:04";"5";"94";"94080";"2";"1";"2";"6";"LAGNY (R DE)";"48,8489000";"2,4255000"
"202000036985";"8";"1";"2020";"20:50";"5";"94";"94078";"2";"1";"1";"2";"PIERRE SEMARD (PL)";"48,7293100";"2,4464900"
"202000036986";"6";"1";"2020";"18:00";"5";"94";"94037";"2";"1";"1";"7";"DOCTEUR TENINE (R DU)";"48,8152795";"2,3474640"
"202000036987";"9";"1";"2020";"17:10";"5";"94";"94041";"2";"1";"2";"6";"VICTOR HUGO (R)";"48,8180200";"2,3826900"
"202000036988";"9";"1";"2020";"20:00";"5";"94";"94038";"2";"1";"2";"3";"LARROUMES (AV)";"48,7763600";"2,3242500"
"202000036989";"9";"1";"2020";"18:30";"5";"94";"94038";"2";"1";"2";"6";"HENRI BARBUSSE (AV)";"48,7775300";"2,3273900"
"202000036990";"8";"1";"2020";"15:30";"1";"94";"94028";"2";"3";"8";"5";"Saussaie du ban (rue de la)";"48,7663700";"2,4583200"
"202000036991";"8";"1";"2020";"11:39";"1";"94";"94028";"2";"1";"1";"6";"TASSIGNY(AVE DU MARECHAL DE LATTRE DE)";"48,7953300";"2,4587700"
"202000036992";"9";"1";"2020";"18:05";"5";"94";"94017";"2";"9";"2";"6";"JEAN JAURES (R)";"48,8140100";"2,5092400"
"202000036993";"8";"1";"2020";"15:00";"1";"94";"94002";"2";"3";"8";"3";"CAMELIAS (R DES)";"48,8007300";"2,4254330"
"202000036994";"9";"1";"2020";"17:40";"5";"93";"93066";"2";"1";"2";"6";"R DU PORT";"48,9359100";"2,3440800"
"202000036995";"28";"5";"2020";"15:45";"1";"64";"64125";"2";"1";"1";"2";"ESPAGNE (AVENUE D')";"43,4290100";" -1,6008900"
"202000036996";"9";"1";"2020";"18:55";"5";"93";"93064";"2";"1";"2";"3";"AV DU PRESIDENT JOHN KENNEDY";"48,8781100";"2,4878600"
"202000036997";"9";"1";"2020";"08:30";"2";"93";"93048";"2";"3";"2";"6";"RESISTANCE (AVENUE DE LA)";"48,8618500";"2,4367200"
"202000036998";"9";"1";"2020";"20:00";"5";"93";"93031";"2";"9";"2";"1";"PARIS (RUE DE)";"48,9542416";"2,3099594"
"202000036999";"9";"1";"2020";"16:10";"1";"93";"93010";"2";"9";"2";"3";"QUATORZE-JUILLET (AV. DU)";"48,9294160";"2,4975710"
"202000037000";"28";"5";"2020";"10:30";"1";"63";"63193";"2";"2";"1";"6";"TREILLE (RUE DE LA)";"45,7699100";"3,1944500"
"202000037001";"29";"5";"2020";"00:52";"5";"63";"63113";"2";"1";"1";"6";"CHARRAS (AVENUE)";"45,7795400";"3,0973500"
"202000037002";"29";"5";"2020";"05:03";"3";"62";"62525";"1";"1";"1";"6";"BRUYERES (RTE DES...DE 31 A 95 ET 26 A 6";"50,7271165";"2,2463135"
"202000037003";"28";"5";"2020";"19:45";"1";"62";"62688";"2";"1";"1";"6";"CHEMIN BLANC";"50,4181300";"1,6167000"
"202000037004";"29";"5";"2020";"17:50";"1";"59";"59286";"2";"1";"1";"6";"JOFFRE RUE DU MARECHAL";"50,6069200";"2,9848300"
"202000037005";"28";"5";"2020";"20:12";"1";"59";"59648";"2";"2";"1";"5";"CLEMENCEAU RUE";"50,5995900";"3,0532100"
"202000037006";"27";"5";"2020";"18:00";"1";"57";"57630";"2";"3";"1";"3";"SARREGUEMINES";"48,7463100";"7,0630100"
"202000037007";"26";"5";"2020";"16:50";"1";"56";"56260";"2";"1";"1";"7";"165  SENS LORIENT/NANTES (bretelle RN)";"47,6680000";" -2,7712000"
"202000037008";"27";"5";"2020";"20:00";"1";"56";"56260";"2";"3";"1";"2";"RICHEMONT(RUE)";"47,6564300";" -2,7662400"
"202000037009";"29";"5";"2020";"16:00";"1";"54";"54395";"2";"1";"1";"2";"MILLENAIRE (BOULEVARD DU)";"48,6776695";"6,2079681"
"202000037010";"29";"5";"2020";"00:30";"3";"54";"54253";"1";"6";"1";"6";"DEPARTEMENTALE 136";"49,1892710";"5,8933960"
"202000037011";"28";"5";"2020";"13:25";"1";"53";"53130";"2";"1";"1";"3";"CHAPLET ( BOULEVARD FREDERIC )";"48,0661200";" -0,7825300"
"202000037012";"21";"5";"2020";"20:30";"1";"49";"49007";"2";"1";"1";"7";"RECULEE PROMENADE";"47,4869800";" -0,5499300"
"202000037013";"28";"5";"2020";"14:57";"1";"49";"49353";"2";"1";"1";"3";"FOUCAUDIERE";"47,4578000";" -0,5148900"
"202000037014";"29";"5";"2020";"12:00";"1";"45";"45234";"2";"1";"1";"2";"131 Rue du Faubourg Bannier";"47,9158219";"1,8991166"
"202000037015";"28";"5";"2020";"19:45";"1";"42";"42183";"2";"2";"1";"3";"Avenue Maurice Thorez";"45,4055500";"4,3666800"
"202000037016";"28";"5";"2020";"11:35";"1";"37";"37208";"2";"1";"1";"3";"BEAUGAILLARD (AVENUE)";"47,3588615";"0,7218559"
"202000037017";"29";"5";"2020";"10:40";"1";"37";"37261";"2";"1";"1";" -1";"REMPART (RUE DU)";"47,3922011";"0,7029779"
"202000037018";"29";"5";"2020";"07:45";"1";"37";"37261";"2";"1";"1";"2";"SAVONNIERES (ROUTE DE)";"47,3692619";"0,6690981"
"202000037019";"29";"5";"2020";"07:45";"1";"37";"37214";"2";"1";"1";"2";"MURIER (RUE DU)";"47,4217774";"0,6630115"
"202000037020";"29";"5";"2020";"08:20";"1";"35";"35238";"2";"1";"1";"3";"BEL AIR (DE)";"48,0937900";" -1,6461500"
"202000037021";"29";"5";"2020";"22:20";"3";"33";"33281";"1";"1";"1";"6";"CHEM DE LA PRINCESSE";"44,8002600";" -0,7045400"
"202000037022";"29";"5";"2020";"20:45";"1";"33";"33063";"2";"1";"1";"6";"RUE HIPPOLYTE MINIER";"44,8238000";" -0,5675200"
"202000037023";"15";"5";"2020";"18:30";"1";"33";"33069";"2";"1";"1";"3";"5  CRS LOUIS BLANC";"44,8649700";" -0,5992700"
"202000037024";"28";"5";"2020";"20:15";"1";"31";"31555";"2";"1";"1";"6";"58 Avenue Jean Rieux";"43,5962200";"1,4623300"
"202000037025";"25";"5";"2020";"15:48";"1";"31";"31555";"2";"9";"1";"3";"Avenue des Etats Unis";"43,6479300";"1,4220000"
"202000037026";"29";"5";"2020";"20:20";"1";"30";"30189";"2";"1";"1";"3";"MENDES FRANCE PIERRE (AVENUE)";"43,8254000";"4,3780200"
"202000037027";"29";"5";"2020";"16:45";"1";"30";"30189";"2";"1";"1";"6";"PERRIER GENERAL (RUE)";"43,8386700";"4,3574900"
"202000037028";"29";"5";"2020";"13:50";"1";"29";"29232";"1";"1";"1";"2";"Route de Brest";"48,0111503";" -4,0796962"
"202000037029";"29";"5";"2020";"09:25";"1";"29";"29019";"2";"1";"1";"2";"Pont de l'Harteloire";"48,3927781";" -4,4997923"
"202000037030";"23";"5";"2020";"14:40";"1";"28";"28220";"2";"1";"1";"6";"BIENFAISANCE(RUE)";"48,4288020";"1,4746270"
"202000037031";"28";"5";"2020";"18:20";"1";"25";"25462";"2";"1";"1";"6";"LA FONTAINE";"46,9084900";"6,3535800"
"202000037032";"28";"5";"2020";"10:07";"5";"25";"25056";"2";"9";"1";"6";"CASAMENE  CH. DE HALAGE DE";"47,2308760";"6,0337150"
"202000037033";"29";"5";"2020";"16:10";"1";"14";"14243";"2";"9";"1";"3";"HOUSSAUE (AVENUE CHARLES)";"49,3899350";"0,2048970"
"202000037034";"29";"5";"2020";"17:15";"1";"13";"13209";"2";"1";"1";"1";"SAINTE MARGUERITE (BOULEVARD)";"43,2657600";"5,4085500"
"202000037035";"29";"5";"2020";"07:40";"1";"13";"13208";"2";"1";"1";"6";"PERIER (BOULEVARD)";"43,2797700";"5,3866700"
"202000037036";"24";"5";"2020";"18:55";"1";"13";"13201";"2";"1";"1";"6";"BELGES (QUAI DES)";"43,2954400";"5,3743900"
"202000037037";"29";"5";"2020";"01:54";"5";"13";"13208";"2";"1";"1";"6";"PARADIS (RUE)";"43,2747500";"5,3847700"
"202000037038";"28";"5";"2020";"11:00";"1";"13";"13208";"2";"1";"1";"3";"BARRAL (BOULEVARD)";"43,2648540";"5,3937750"
"202000037039";"28";"5";"2020";"09:45";"1";"13";"13047";"2";"3";"1";"6";"CAPELETTE ROUTE DE LA";"43,4964000";"4,9798000"
"202000037040";"29";"5";"2020";"13:20";"1";"13";"13001";"2";"6";"1";" -1";"ISAAC JULES (AV)";"43,5427100";"5,4549600"
"202000037041";"28";"5";"2020";"21:00";"2";"11";"11069";"1";"1";"1";"7";"RD 6113";"43,2050500";"2,4054800"
"202000037042";"29";"5";"2020";"19:40";"2";"06";"06069";"2";"1";"2";"6";"DRAGUIGNAN (ROUTE DE) - D2562-";"43,6452100";"6,8945640"
"202000037043";"28";"5";"2020";"15:15";"1";"06";"06027";"2";"1";"1";"2";"BESSET AVENUE CYRILLE";"43,6630200";"7,1547400"
"202000037044";"28";"5";"2020";"19:50";"1";"75";"75114";"2";"1";"1";"2";"BOULEVARD PERIPHERIQUE";"48,8240040";"2,3076690"
"202000037045";"29";"5";"2020";"00:02";"5";"75";"75119";"2";"1";"1";"6";"BD PERIPHERIQUE EXTERIEUR";"48,8989038";"2,3934398"
"202000037046";"29";"5";"2020";"08:55";"1";"75";"75118";"2";"2";"1";"3";"BOULEVARD NEY";"48,8987158";"2,3703678"
"202000037047";"29";"5";"2020";"09:50";"1";"75";"75117";"2";"4";"1";"3";"AVENUE MAC MAHON";"48,8773025";"2,2944366"
"202000037048";"29";"5";"2020";"10:05";"1";"75";"75117";"2";"1";"1";"6";"RUE POUCHET";"48,8929550";"2,3196160"
"202000037049";"29";"5";"2020";"18:00";"1";"75";"75116";"2";"1";"1";"3";"AVENUE VICTOR HUGO";"48,8683340";"2,2821910"
"202000037050";"27";"5";"2020";"19:40";"1";"75";"75116";"2";"2";"1";"2";"AVENUE MARCEAU";"48,8685350";"2,2989090"
"202000037051";"29";"5";"2020";"15:20";"1";"75";"75114";"2";"4";"1";"3";"AVENUE DU MAINE";"48,8314607";"2,3253810"
"202000037052";"29";"5";"2020";"20:20";"1";"75";"75113";"2";"1";"1";" -1";"BOULEVARD DU GENERAL D ARMEE JEAN SIMON";"48,8262700";"2,3835470"
"202000037053";"29";"5";"2020";"18:30";"1";"75";"75112";"2";"1";"1";"3";"ROUTE DE LA PYRAMIDE";"48,8397910";"2,4371170"
"202000037054";"28";"5";"2020";"14:05";"1";"75";"75112";"2";"1";"1";"2";"BOULEVARD DIDEROT";"48,8466300";"2,3805480"
"202000037055";"29";"5";"2020";"20:15";"1";"75";"75110";"2";"2";"1";"3";"RUE DU FAUBOURG SAINT MARTIN";"48,8815943";"2,3657459"
"202000037056";"29";"5";"2020";"13:40";"1";"75";"75110";"2";"2";"1";"3";"BOULEVARD DE STRASBOURG";"48,8754819";"2,3578143"
"202000037057";"29";"5";"2020";"20:05";"1";"75";"75109";"2";"2";"1";"6";"RUE DE LA CHAUSSEE D ANTIN";"48,8742890";"2,3327440"
"202000037058";"17";"5";"2020";"17:20";"1";"75";"75107";"2";"5";"1";"3";"RUE DUPONT DES LOGES";"48,8596570";"2,3013390"
"202000037059";"29";"5";"2020";"11:20";"1";"75";"75107";"2";"2";"1";"2";"QUAI D ORSAY";"48,8628330";"2,3134560"
"202000037060";"29";"5";"2020";"13:17";"1";"75";"75103";"2";"2";"1";"6";"RUE DE TURBIGO";"48,8659130";"2,3581180"
"202000037061";"29";"5";"2020";"15:35";"1";"75";"75104";"2";"1";"1";"6";"RUE SAINT ANTOINE";"48,8536300";"2,3670502"
"202000037062";"23";"5";"2020";"13:00";"1";"75";"75101";"2";"2";"1";"6";"RUE DE RIVOLI";"48,8598850";"2,3439870"
"202000037063";"29";"5";"2020";"00:25";"5";"94";"94068";"2";"3";"1";"3";"GENERAL GIRAUD (BD DU)";"48,7980400";"2,4744200"
"202000037064";"27";"5";"2020";"12:20";"1";"94";"94041";"2";"1";"1";"3";"PAUL VAILLANT COUTURIER (BD)";"48,8191300";"2,3966900"
"202000037065";"27";"5";"2020";"15:00";"1";"94";"94002";"2";"2";"1";"3";"JEAN BAPTISTE CLEMENT (QU)";"48,7982000";"2,4205800"
"202000037066";"29";"5";"2020";"15:00";"1";"93";"93071";"2";"1";"1";"6";"VICTOR HUGO (AVENUE)";"48,9310193";"2,5279713"
"202000037067";"29";"5";"2020";"18:22";"1";"93";"93070";"2";"1";"1";"3";"MICHELET(AV):N°1AU 103";"48,9129503";"2,3442167"
"202000037068";"28";"5";"2020";"19:25";"1";"93";"93066";"2";"2";"1";"6";"R CASANOVA DANIELLE / COURS HENRI BARBUSSE";"48,9265700";"2,3659500"
"202000037069";"28";"5";"2020";"20:40";"5";"93";"93064";"2";"1";"1";"3";"AV DU GENERAL DE GAULLE";"48,8791732";"2,4783529"
"202000037070";"29";"5";"2020";"08:40";"1";"93";"93053";"2";"2";"1";"3";"ROGER SALENGRO (BLD)";"48,8795500";"2,4486900"
"202000037071";"29";"5";"2020";"17:40";"1";"93";"93048";"2";"9";"1";"6";"GABRIEL PERI (AVENUE)";"48,8580000";"2,4372700"
"202000037072";"29";"5";"2020";"15:30";"1";"93";"93046";"2";"9";"1";"4";"BD JEAN JAURES";"48,9213298";"2,5255558"
"202000037073";"29";"5";"2020";"17:15";"1";"93";"93045";"2";"2";"7";" -1";"R DE PARIS / AV GEORGES CLEMENCEAU";"48,8814600";"2,4214900"
"202000037074";"29";"5";"2020";"23:00";"5";"93";"93010";"2";"1";"1";"6";"VILLEMOMBLE (RTE DE) DE 27 A FIN";"48,8934143";"2,4817207"
"202000037075";"29";"5";"2020";"00:50";"5";"93";"93055";"2";"1";"1";"3";"AV JEAN JAURES";"48,9073000";"2,3960000"
"202000037076";"28";"5";"2020";"19:35";"1";"92";"92022";"2";"1";"1";"3";"PAVE DES GARDES (ROUTE DU)";"48,8081700";"2,1937100"
"202000037077";"29";"5";"2020";"13:45";"1";"92";"92048";"2";"2";"7";"1";"GARDES (ROUTE DES) N° 5 A 51";"48,8188276";"2,2346566"
"202000037078";"29";"5";"2020";"19:55";"1";"92";"92040";"2";"1";"1";"6";"GALLIENI (BOULEVARD)";"48,8283340";"2,2675120"
"202000037079";"28";"5";"2020";"17:35";"1";"92";"92036";"2";"2";"1";"3";"MARCEL PAUL (AVENUE) (1/103)";"48,9364540";"2,3039200"
"202000037080";"29";"5";"2020";"14:15";"1";"92";"92035";"2";"3";"1";"2";"Général de Gaulle  ( avenue du )";"48,9125831";"2,2537878"
"202000037081";"30";"5";"2020";"13:00";"1";"12";"12263";"1";"2";"1";"3";"Lieu dit Bach";"44,3462870";"1,9585810"
"202000037082";"27";"5";"2020";"15:56";"1";"25";"25009";"1";"1";"1";"1";"17 Grande Rue";"47,2644440";"6,3256900"
"202000037083";"29";"5";"2020";"08:30";"2";"49";"49110";"1";"1";"7";"1";"D192";"47,5576390";" -0,3988440"
"202000037084";"30";"5";"2020";"16:30";"1";"31";"31116";"2";"1";"1";"1";"Rue du Pont Faure";"43,6930540";"1,4291514"
"202000037085";"30";"5";"2020";"18:50";"1";"31";"31423";"1";"1";"7";"6";"500 Route de l'Isle En Dodon";"43,4065990";"1,0500100"
"202000037086";"29";"5";"2020";"22:45";"3";"35";"35085";"1";"2";"1";"3";"La galonniere";"48,3699570";" -1,7627580"
"202000037087";"29";"5";"2020";"16:20";"1";"74";"74112";"1";"1";"1";" -1";"D1508";"45,9386500";"6,0677580"
"202000037088";"29";"5";"2020";"10:50";"1";"974";"97414";"2";"1";"1";"2";"3 Avenue Principale";" -21,2829460";"55,3989350"
"202000037089";"30";"5";"2020";"11:00";"1";"06";"06140";"2";"1";"1";"7";"2 Chemin du Flaquier Sud";"43,6327280";"6,8615140"
"202000037090";"30";"5";"2020";"05:00";"3";"65";"65447";"1";"1";"1";"7";"D28";"43,1903620";"0,2612530"
"202000037091";"28";"5";"2020";"20:20";"1";"87";"87021";"2";"1";"1";"3";"21 Rue du Boucheron";"45,7679980";"1,2098100"
"202000037092";"29";"5";"2020";"21:25";"3";"34";"34077";"1";"1";"1";"3";"2 Rue des Sophoras";"43,6469372";"3,8879317"
"202000037093";"30";"5";"2020";"10:55";"1";"57";"57295";"1";"3";"7";"3";"RD 38";"48,7956910";"6,6062590"
"202000037094";"30";"5";"2020";"14:15";"1";"74";"74242";"2";"3";"1";"1";"Route de l'Eglise";"45,8322160";"6,1619350"
"202000037095";"30";"5";"2020";"10:36";"1";"67";"67434";"1";"1";"1";"1";"D23";"48,9368740";"7,0738210"
"202000037096";"29";"4";"2020";"02:55";"3";"76";"76421";"1";"4";"1";"7";"372 Rue du Carreau";"49,5514744";"0,4316313"
"202000037097";"30";"5";"2020";"15:30";"1";"2B";"2B318";"1";"1";"1";"4";"RT 10";"42,4393020";"9,5141820"
"202000037098";"30";"5";"2020";"13:00";"1";"63";"63357";"1";"1";"7";"6";"D127";"45,4665719";"3,1270909"
"202000037099";"29";"5";"2020";"15:55";"1";"61";"61230";"1";"1";"1";"7";"D11";"48,5510750";"0,7792570"