"Num_Acc";"jour";"mois";"an";"hrmn";"lum";"dep";"com";"agg";"int";"atm";"col";"adr";"lat";"long"
"202000037100";"29";"5";"2020";"21:25";"1";"61";"61063";"1";"2";"1";"3";"D924";"48,7022770";" -0,3516270"
"202000037101";"30";"5";"2020";"15:50";"1";"55";"55001";"2";"4";"1";"6";"38 Grande Rue";"48,5297400";"5,4916300"
"202000037102";"30";"5";"2020";"08:40";"1";"49";"49223";"2";"1";"1";"3";"Route de Nantes";"47,3953640";" -0,5567780"
"202000037103";"29";"5";"2020";"15:00";"1";"47";"47287";"1";"1";"7";"1";"D656";"44,1435370";"0,4391530"
"202000037104";"29";"5";"2020";"14:00";"1";"47";"47168";"2";"3";"1";"1";"Avenue Joliot Curie";"44,6009970";"0,3635620"
"202000037105";"30";"4";"2020";"07:10";"2";"41";"41166";"1";"2";"2";"3";"D30";"47,4052620";"1,3687420"
"202000037106";"28";"5";"2020";"16:30";"1";"68";"68195";"2";"1";"1";" -1";"Rue de Morschwiller";"47,7568320";"7,2750950"
"202000037107";"29";"5";"2020";"17:40";"1";"25";"25349";"2";"2";"1";"3";"Grande Rue";"47,1447810";"6,4987670"
"202000037108";"30";"5";"2020";"18:20";"1";"31";"31224";"1";"5";"1";"3";"Rue Lesponne";"43,0609870";"0,5922320"
"202000037109";"28";"5";"2020";"08:50";"1";"38";"38397";"1";"1";"1";"1";"Route de Lancey";"45,2408370";"5,8515390"
"202000037110";"29";"5";"2020";"20:20";"1";"15";"15185";"1";"1";"1";"6";"D3";"45,3266550";"2,6008840"
"202000037111";"30";"5";"2020";"15:30";"1";"66";"66124";"1";"1";"1";"1";"D10";"42,4985070";"2,0560530"
"202000037112";"30";"5";"2020";"19:15";"1";"60";"60465";"1";"1";"1";"6";"GR124";"49,5426379";"2,2227121"
"202000037113";"29";"5";"2020";"15:23";"1";"60";"60074";"2";"1";"1";"6";"63 Grande Rue";"49,2178900";"2,3639390"
"202000037114";"30";"5";"2020";"17:45";"1";"64";"64274";"1";"1";"1";"7";"D15 ";"43,1749820";" -1,2862160"
"202000037115";"29";"5";"2020";"12:45";"1";"10";"10080";"1";"1";"1";"2";"D444";"48,0333420";"4,1343050"
"202000037116";"29";"5";"2020";"10:45";"1";"40";"40152";"2";"1";"1";"7";"310 route du Souquet";"43,9678940";" -1,0533140"
"202000037117";"16";"5";"2020";"01:40";"3";"24";"24288";"1";"1";"1";"7";"D11";"44,9016120";"0,1342940"
"202000037118";"29";"5";"2020";"14:15";"1";"24";"24270";"1";"1";"7";"6";"D6089";"45,1201845";"0,9539732"
"202000037119";"29";"5";"2020";"13:30";"1";"04";"04137";"1";"1";"1";"5";"RD 951";"44,2690510";"6,0046290"
"202000037120";"29";"5";"2020";"13:00";"1";"37";"37206";"1";"1";"1";"6";"D48";"47,5097269";"0,5978489"
"202000037121";"29";"5";"2020";"23:50";"3";"30";"30012";"1";"1";"1";"6";"Route Départementale 2";"43,8925350";"4,6893220"
"202000037122";"28";"7";"2020";"07:35";"1";"34";"34032";"2";"1";"1";"6";"VERDUN (BD DE)";"43,3367800";"3,2187500"
"202000037123";"30";"5";"2020";"15:15";"1";"88";"88302";"1";"1";"1";"2";"4 La Roche des Chenes";"47,9176870";"6,7928820"
"202000037124";"30";"7";"2020";"14:50";"1";"33";"33281";"2";"1";"1";"6";"SUR PARKING MERIGNAC-SOLEIL";"44,8294700";" -0,6554700"
"202000037125";"29";"5";"2020";"10:25";"1";"88";"88079";"2";"9";"7";"6";"Rue Sainte-anne";"48,2084800";"5,8351940"
"202000037126";"27";"5";"2020";"09:55";"1";"78";"78356";"2";"2";"1";"3";"Route de Versailles";"48,7232170";"2,0896610"
"202000037127";"30";"5";"2020";"13:25";"1";"77";"77100";"1";"1";"1";"6";"A5";"48,5120549";"2,8276221"
"202000037128";"30";"7";"2020";"02:20";"4";"31";"31069";"1";"1";"1";"2";"VA001490 A621";"43,6308200";"1,3821300"
"202000037129";"29";"5";"2020";"20:15";"1";"69";"69242";"1";"1";"7";"6";"A6";"46,1172060";"4,7632030"
"202000037130";"29";"7";"2020";"14:18";"1";"31";"31555";"1";"1";"1";"3";"VA007331 A620";"43,5745745";"1,4474541"
"202000037131";"28";"5";"2020";"17:45";"5";"987";"98747";"1";"1";"1";"1";"RT.4 à hauteur du PK1+500 à TARAVAO";" -17,7331872";" -149,3152475"
"202000037132";"29";"5";"2020";"22:55";"3";"974";"97418";"1";"1";"1";"2";"N2";" -20,8977410";"55,5759980"
"202000037133";"30";"7";"2020";"19:13";"1";"29";"29039";"2";"2";"1";"3";"Rue Jules Ferry";"47,8720509";" -3,9085750"
"202000037134";"29";"5";"2020";"05:35";"1";"77";"77367";"1";"2";"1";"3";"D405";"49,0472000";"2,9970150"
"202000037135";"29";"7";"2020";"21:55";"1";"29";"29019";"2";"3";"1";"3";"Rue Jean Jaurès";"48,3983300";" -4,4736600"
"202000037136";"30";"5";"2020";"16:00";"1";"77";"77370";"1";"2";"1";"3";"D225";"48,2516890";"2,7616050"
"202000037137";"28";"7";"2020";"15:15";"1";"27";"27229";"2";"1";"1";"3";"ALLENDE (BOULEVARD DU PRESIDENT)";"49,0043960";"1,1474480"
"202000037138";"29";"7";"2020";"09:05";"1";"18";"18279";"2";"1";"7";"2";"PASTEUR ( RUE )";"47,2202500";"2,0825800"
"202000037139";"29";"5";"2020";"17:05";"1";"95";"95054";"1";"1";"1";"5";"D43";"49,1547186";"1,8823274"
"202000037140";"30";"7";"2020";"17:56";"1";"17";"17274";"2";"1";"1";"6";"CHATEAU   RUE DU";"46,1546200";" -1,0954300"
"202000037141";"29";"5";"2020";"15:00";"1";"2B";"2B148";"1";"1";"2";"2";"Lucciana";"42,5273260";"9,4558810"
"202000037142";"29";"7";"2020";"20:50";"1";"13";"13026";"2";"1";"1";"6";"ECRINS (rue des)";"43,3887700";"5,1737100"
"202000037143";"30";"7";"2020";"18:25";"1";"13";"13205";"2";"1";"1";"2";"BAILLE (BOULEVARD)";"43,2886706";"5,3940606"
"202000037144";"30";"5";"2020";"02:30";"3";"84";"84138";"1";"1";"1";"6";"D142";"44,3712290";"4,9569900"
"202000037145";"30";"7";"2020";"13:45";"1";"13";"13210";"2";"2";"1";"3";"PAUL CLAUDEL (BOULEVARD)";"43,2690439";"5,4204214"
"202000037146";"30";"5";"2020";"12:20";"1";"83";"83042";"1";"6";"1";"2";"32 Avenue des Narcisses";"43,2580340";"6,5627000"
"202000037147";"30";"7";"2020";"09:20";"1";"13";"13201";"2";"3";"1";"3";"FRANCIS DAVSO (RUE )";"43,2927990";"5,3747860"
"202000037148";"29";"5";"2020";"16:50";"1";"68";"68247";"1";"1";"1";"7";"D27";"47,9333844";"7,0137722"
"202000037149";"29";"7";"2020";"16:30";"1";"13";"13201";"2";"2";"1";"3";"BERNEX (RUE)    IMPAIRS";"43,3006400";"5,3883900"
"202000037150";"26";"5";"2020";"16:20";"1";"67";"67101";"2";"3";"1";"3";"Grand'Rue";"48,5244350";"7,4911950"
"202000037151";"28";"5";"2020";"23:15";"3";"42";"42326";"1";"1";"1";"6";"Route de Roisey";"45,3756340";"4,6730090"
"202000037152";"29";"5";"2020";"20:30";"1";"42";"42065";"1";"8";"1";"6";"3115 Route de Feurs";"45,7553970";"4,2312270"
"202000037153";"30";"7";"2020";"10:45";"1";"13";"13005";"2";"3";"1";"3";"CD 2 (CAMP MAJOR)";"43,2923800";"5,5558200"
"202000037154";"29";"5";"2020";"19:16";"1";"01";"01262";"1";"1";"1";"1";"Route de Saint Andre de Corcy";"45,8742530";"5,0426120"
"202000037155";"29";"5";"2020";"22:00";"2";"29";"29001";"1";"1";"1";"6";"Lieu-dit Pen Ar Prat";"48,2632840";" -4,3044090"
"202000037156";"30";"5";"2020";"07:42";"1";"27";"27275";"2";"6";"1";"3";"D6015";"49,1572960";"1,3486350"
"202000037157";"30";"7";"2020";"15:26";"1";"10";"10362";"1";"1";"1";"4";"ROCADE OUEST (RD 610)";"48,2915400";"4,0350700"
"202000037158";"30";"7";"2020";"07:15";"1";"10";"10081";"1";"1";"7";"6";"NECKARBISCHOFSHEIM (CD)";"48,3094700";"4,0226400"
"202000037159";"30";"5";"2020";"16:45";"1";"60";"60355";"2";"2";"1";"3";"Rue de Bresles";"49,4243290";"2,1981510"
"202000037160";"30";"7";"2020";"20:40";"1";"09";"09225";"1";"9";"1";"3";"ROUTE NATIONALE 20";"43,1363000";"1,6203000"
"202000037161";"30";"5";"2020";"11:39";"1";"80";"80685";"2";"1";"1";"6";"Rue de Paris";"49,6976400";"2,7898000"
"202000037162";"29";"7";"2020";"20:23";"5";"08";"08105";"2";"3";"1";"3";"WARCQ";"49,7600000";"4,7000000"
"202000037163";"30";"7";"2020";"10:05";"1";"06";"06088";"2";"1";"1";"2";"QUAI DES ETATS UNIS";"43,6951300";"7,2746200"
"202000037164";"30";"7";"2020";"08:56";"1";"06";"06088";"2";"3";"1";"6";"CESSOLE (BD DE) (A PARTIR DU 101-114)";"43,7111500";"7,2555700"
"202000037165";"29";"5";"2020";"09:10";"1";"13";"13055";"1";"1";"1";"7";"A507 sens Marseille - Aubagne";"43,3299899";"5,3926432"
"202000037166";"29";"7";"2020";"17:15";"1";"06";"06104";"2";"3";"1";"3";"VERDUN (AVENUE DE, N° 131 ET +)";"43,7608340";"7,4708230"
"202000037167";"30";"7";"2020";"04:10";"5";"03";"03321";"2";"1";"1";"6";"Rue Jenner";"46,5515340";"3,3495144"
"202000037168";"27";"7";"2020";"18:20";"1";"75";"75114";"2";"1";"1";"4";"BOULEVARD PERIPHERIQUE";"48,8164610";"2,3416710"
"202000037169";"30";"7";"2020";"17:10";"1";"75";"75119";"2";"2";"1";"6";"RUE DE CRIMEE";"48,8830070";"2,3855440"
"202000037170";"29";"7";"2020";"22:20";"3";"75";"75117";"2";"1";"1";"6";"RUE BRUNEL";"48,8771310";"2,2885280"
"202000037171";"30";"7";"2020";"19:50";"1";"75";"75116";"2";"1";"1";"3";"BOULEVARD PERIPHERIQUE INTERIEUR OUEST";"48,8681400";"2,2700000"
"202000037172";"29";"7";"2020";"09:55";"1";"75";"75116";"2";"4";"1";"3";"VOIE GEORGES POMPIDOU";"48,8490990";"2,2765500"
"202000037173";"30";"7";"2020";"18:45";"2";"75";"75115";"2";"3";"1";"3";"RUE MADEMOISELLE";"48,8436340";"2,2964850"
"202000037174";"29";"7";"2020";"18:30";"1";"75";"75115";"2";"1";"1";"6";"RUE DE LA CONVENTION";"48,8385000";"2,2936320"
"202000037175";"30";"7";"2020";"18:30";"1";"75";"75106";"2";"3";"1";"3";"BOULEVARD DU MONTPARNASSE";"48,8436240";"2,3246420"
"202000037176";"30";"7";"2020";"13:25";"1";"75";"75114";"2";"4";"1";" -1";"RUE LIARD";"48,8214510";"2,3424860"
"202000037177";"30";"7";"2020";"17:10";"1";"75";"75113";"2";"1";"1";" -1";"BOULEVARD KELLERMANN";"48,8193200";"2,3576300"
"202000037178";"30";"7";"2020";"15:35";"1";"75";"75113";"2";"2";"1";"3";"PORTE D IVRY";"48,8197130";"2,3729280"
"202000037179";"30";"7";"2020";"12:30";"1";"75";"75112";"2";"2";"1";"6";"BOULEVARD DIDEROT";"48,8461240";"2,3760010"
"202000037180";"29";"7";"2020";"12:24";"1";"75";"75112";"2";"3";"1";"7";"BOULEVARD PONIATOWSKI";"48,8342980";"2,4044180"
"202000037181";"28";"7";"2020";"13:00";"1";"75";"75112";"2";"1";"1";"6";"BOULEVARD PONIATOWSKI";"48,8302160";"2,3930720"
"202000037182";"30";"7";"2020";"17:00";"1";"75";"75111";"2";"4";"1";"3";"RUE DU FAUBOURG SAINT ANTOINE";"48,8488210";"2,3929940"
"202000037183";"30";"7";"2020";"16:15";"1";"75";"75109";"2";"3";"1";"3";"RUE LA FAYETTE";"48,8741110";"2,3371730"
"202000037184";"26";"7";"2020";"15:30";"1";"75";"75109";"2";"2";"1";"6";"RUE RICHER";"48,8740260";"2,3453540"
"202000037185";"30";"7";"2020";"13:30";"1";"75";"75109";"2";"3";"1";"3";"BOULEVARD POISSONNIERE";"48,8709200";"2,3467750"
"202000037186";"30";"7";"2020";"21:30";"5";"75";"75101";"2";"4";"1";"3";"AVENUE DE L OPERA";"48,8677500";"2,3335730"
"202000037187";"30";"7";"2020";"19:10";"1";"94";"94015";"2";"1";"1";"6";"COULONS (R DES)";"48,8369255";"2,5250506"
"202000037188";"30";"7";"2020";"21:30";"2";"94";"94043";"2";"1";"1";"1";"GABRIEL PERI (R)";"48,8064700";"2,3459400"
"202000037189";"29";"7";"2020";"20:25";"2";"94";"94028";"2";"9";"1";"4";"HALPERN.(AVENUE BERNARD)";"48,7929300";"2,4435800"
"202000037190";"30";"7";"2020";"12:00";"1";"94";"94059";"2";"1";"1";"3";"MAURICE BERTEAUX (AV)";"48,8127020";"2,5668260"
"202000037191";"30";"7";"2020";"15:15";"1";"94";"94018";"2";"1";"1";" -1";"BERCY (QU DE)";"48,8254730";"2,3931090"
"202000037192";"30";"7";"2020";"09:50";"1";"94";"94018";"2";"2";"1";"6";"WINSTON CHURCHILL (AV)";"48,8245500";"2,4054500"
"202000037193";"30";"7";"2020";"00:35";"5";"94";"94078";"2";"3";"1";"3";"TILLEULS (R DES)";"48,7355300";"2,4654600"
"202000037194";"29";"7";"2020";"18:59";"1";"93";"93053";"2";"1";"1";"3";"BREMENT (RUE DE) 109 A 235 - 110 A ...";"48,8882485";"2,4595731"
"202000037195";"30";"7";"2020";"18:15";"1";"93";"93010";"2";"1";"1";"6";"BLUM (AV. LEON)";"48,9152464";"2,4789602"
"202000037196";"30";"7";"2020";"20:15";"1";"93";"93005";"2";"1";"1";"3";"LEON JOUHAUX (RUE)";"48,9534538";"2,4829660"
"202000037197";"8";"12";"2020";"15:25";"1";"94";"94042";"2";"9";"1";"6";"PRESIDENT JOHN KENNEDY (AV DU)";"48,8166790";"2,4660720"
"202000037198";"9";"12";"2020";"21:32";"5";"94";"94016";"2";"1";"1";"6";"MARCEL BONNET (R)";"48,7957100";"2,3263000"
"202000037199";"29";"7";"2020";"18:30";"1";"93";"93001";"2";"4";"1";"1";"LUCIEN LEFRANC (QUAI)";"48,9124000";"2,3731000"
"202000037200";"9";"12";"2020";"11:40";"1";"94";"94003";"2";"3";"1";"3";"LAPLACE (AV)";"48,8078600";"2,3334900"
"202000037201";"30";"7";"2020";"13:06";"1";"92";"92072";"2";"1";"1";"3";"GRANDE RUE";"48,8247250";"2,2139010"
"202000037202";"9";"12";"2020";"21:45";"5";"94";"94021";"2";"9";"9";"3";"STALINGRAD (AV DE)";"48,7716300";"2,3670600"
"202000037203";"28";"7";"2020";"00:32";"5";"92";"92063";"2";"2";"1";"3";"COLMAR (AVENUE DE)";"48,8871800";"2,1795200"
"202000037204";"9";"12";"2020";"09:20";"1";"94";"94021";"2";"1";"1";"2";"D'AVIGNON (RUE) MIN";"48,7624900";"2,3509700"
"202000037205";"30";"7";"2020";"19:45";"1";"92";"92050";"2";"2";"1";"1";"POINCARE RAYMOND RUE";"48,8880479";"2,1903965"
"202000037206";"9";"12";"2020";"17:10";"5";"94";"94022";"2";"7";"1";"3";"DOCTEUR ROUX (R DU)";"48,7710300";"2,4035200"
"202000037207";"19";"11";"2020";"16:20";"1";"93";"93066";"2";"1";"2";"6";"DESNOS ROBERT";"48,9406000";"2,3714200"
"202000037208";"9";"12";"2020";"08:35";"1";"93";"93062";"2";"6";"1";"6";"GAMBETTA (ALLEE)";"48,8948813";"2,5133653"
"202000037209";"8";"12";"2020";"21:25";"5";"93";"93051";"2";"1";"1";"3";"MEDERIC (AVENUE)";"48,8293820";"2,5723536"
"202000037210";"27";"7";"2020";"18:40";"1";"92";"92024";"2";"1";"1";"2";"ASNIERES (ROUTE D')";"48,9018900";"2,2911200"
"202000037211";"9";"12";"2020";"07:25";"2";"93";"93027";"2";"1";"1";"2";"SALENGRO (AVENUE ROGER)";"48,9388700";"2,3878500"
"202000037212";"9";"12";"2020";"06:00";"5";"93";"93008";"2";"1";"1";"6";"ROME (RUE DE)";"48,9104549";"2,4693499"
"202000037213";"30";"7";"2020";"08:55";"1";"92";"92004";"2";"3";"1";"3";"MENIL";"48,9252319";"2,2759496"
"202000037214";"31";"7";"2020";"15:20";"1";"14";"14764";"1";"1";"1";"1";"D511";"48,8795900";" -0,4005290"
"202000037215";"9";"12";"2020";"11:35";"1";"93";"93007";"2";"2";"8";"5";"HENRI BARBUSSE (AVENUE)";"48,9413691";"2,4638593"
"202000037216";"30";"7";"2020";"18:47";"1";"68";"68112";"2";"1";"1";"3";"Route d'Issenheim";"47,9019730";"7,2323080"
"202000037217";"7";"12";"2020";"18:10";"5";"92";"92078";"2";"9";"1";"3";"GALLIENI (BD) (1 A 79 ET 22 A 102)";"48,9267550";"2,3291470"
"202000037218";"31";"7";"2020";"16:50";"1";"81";"81238";"1";"3";"1";"3";"D612";"43,4831620";"2,4735760"
"202000037219";"12";"6";"2020";"09:00";"1";"92";"92040";"2";"1";"2";"6";"JEAN JACQUES ROUSSEAU";"48,8218355";"2,2537476"
"202000037220";"8";"12";"2020";"22:00";"4";"92";"92025";"2";"1";"1";"6";"CERISIERS (DES) (RUE   VILLA)";"48,9200077";"2,2554870"
"202000037221";"30";"7";"2020";"17:45";"1";"85";"85159";"2";"2";"7";"1";"Rue Victor Hugo";"46,4710900";" -1,0248300"
"202000037222";"9";"12";"2020";"13:30";"1";"92";"92004";"2";"2";"1";"3";"ALBERT 1ER";"48,9145623";"2,2831614"
"202000037223";"31";"7";"2020";"17:30";"1";"974";"97412";"1";"1";"1";"6";"168 Rue Jean de Cambiaire";" -21,3546720";"55,6058680"
"202000037224";"22";"10";"2020";"18:30";"1";"51";"51224";"1";"2";"1";"3";"N4/D58E2";"48,6962246";"4,6936381"
"202000037225";"5";"12";"2020";"15:10";"1";"972";"97216";"1";"1";"1";"2";"RN1";"14,8276590";" -61,0336880"
"202000037226";"31";"7";"2020";"16:45";"1";"71";"71167";"2";"1";"1";"1";"3 Route de Verjux";"46,8359470";"4,9921010"
"202000037227";"8";"12";"2020";"13:15";"1";"27";"27507";"2";"1";"1";"6";"40 Rue de Mousseaux";"48,9068910";"1,2836240"
"202000037228";"9";"12";"2020";"10:30";"1";"23";"23101";"1";"1";"2";"7";"Le breuil RD16";"46,2680110";"1,9312490"
"202000037229";"31";"7";"2020";"18:00";"1";"63";"63427";"1";"1";"4";"7";"A89";"45,9627550";"3,0253600"
"202000037230";"10";"12";"2020";"07:50";"2";"2B";"2B150";"1";"1";"2";"6";"route territoriale 30";"42,5894890";"8,8359260"
"202000037231";"31";"7";"2020";"11:00";"1";"62";"62384";"1";"1";"1";"4";"9 Rue Nationale";"50,1518520";"3,0891110"
"202000037232";"9";"12";"2020";"12:45";"1";"32";"32090";"1";"1";"2";"6";"D39";"43,5597600";"1,0063650"
"202000037233";"30";"7";"2020";"13:00";"1";"83";"83031";"1";"1";"1";"3";"Chemin des Ribbas";"43,4058350";"6,3535580"
"202000037234";"8";"12";"2020";"22:00";"3";"11";"11262";"1";"1";"1";"6";"D6009";"43,2219400";"3,0425690"
"202000037235";"31";"7";"2020";"10:30";"1";"56";"56070";"1";"3";"1";"3";"Le Bas de la Lande";"47,9521710";" -2,5664230"
"202000037236";"8";"12";"2020";"12:50";"1";"63";"63023";"1";"1";"4";"1";"D996";"45,6034700";"3,5097460"
"202000037237";"30";"7";"2020";"16:00";"1";"78";"78565";"2";"4";"1";"6";"Chemin de Saint-Prix";"48,8816440";"1,7333720"
"202000037238";"10";"12";"2020";"13:00";"1";"63";"63273";"2";"2";"2";"3";"rue de bellerive";"45,7282700";"3,2271430"
"202000037239";"31";"7";"2020";"10:00";"1";"80";"80758";"1";"2";"1";"3";"D14";"49,7262550";"2,4169920"
"202000037240";"31";"7";"2020";"00:50";"3";"80";"80571";"1";"1";"1";"6";"D920";"49,7634430";"2,4371190"
"202000037241";"28";"11";"2020";"11:40";"1";"22";"22152";"2";"9";"7";"6";"Z.a. de Kerfolic";"48,7772550";" -3,2459770"
"202000037242";"30";"7";"2020";"21:45";"3";"80";"80779";"1";"2";"1";"1";"Rue de Caours";"50,1155700";"1,8889940"
"202000037243";"9";"12";"2020";"19:30";"3";"31";"31383";"1";"1";"1";"6";"RD15";"43,7800360";"1,5271190"
"202000037244";"30";"7";"2020";"18:50";"1";"80";"80062";"1";"1";"7";"2";"Route départementale 1015";"49,8402520";"1,7625330"
"202000037245";"29";"7";"2020";"18:30";"1";"80";"80649";"2";"1";"1";"1";"5 Avenue Henri Renard";"50,3205290";"1,5600480"
"202000037246";"31";"7";"2020";"19:00";"1";"32";"32147";"1";"1";"1";"6";"Gimont";"43,6190010";"0,8681950"
"202000037247";"5";"12";"2020";"17:10";"2";"83";"83032";"2";"1";"1";"6";"Chemin de Tasso";"43,4745820";"6,1680550"
"202000037248";"10";"12";"2020";"16:00";"1";"60";"60560";"1";"2";"1";"3";"D1324";"49,2233080";"2,7395440"
"202000037249";"30";"7";"2020";"18:05";"1";"11";"11272";"2";"4";"1";"3";"Rue la Captorta";"43,1733382";"2,3886440"
"202000037250";"7";"12";"2020";"07:10";"3";"43";"43152";"1";"1";"4";"3";"D136";"45,0612300";"3,8631110"
"202000037251";"10";"12";"2020";"06:55";"3";"07";"07089";"1";"1";"5";"6";"Route départementale 820";"45,3097665";"4,7525015"
"202000037252";"31";"7";"2020";"09:45";"1";"71";"71442";"2";"3";"7";"6";"Rue du Lieutenant Chauveau";"46,8460089";"4,6349014"
"202000037253";"1";"12";"2020";"07:08";"3";"24";"24584";"1";"1";"2";"7";"Le Montarut";"44,9484940";"0,0683750"
"202000037254";"30";"7";"2020";"15:57";"1";"63";"63006";"1";"1";"1";"7";"D23";"45,3512061";"3,0535252"
"202000037255";"9";"12";"2020";"23:45";"5";"971";"97121";"1";"1";"1";"6";"Lieu Dit Baillargent";"16,2575680";" -61,8043180"
"202000037256";"31";"7";"2020";"07:30";"1";"61";"61290";"1";"1";"1";"6";"Haut Palais";"48,6763970";" -0,2504110"
"202000037257";"9";"12";"2020";"19:45";"5";"77";"77128";"2";"1";"5";"7";"Route de Crecy";"48,8773860";"2,8682310"
"202000037258";"26";"7";"2020";"15:00";"1";"55";"55467";"1";"1";"1";"6";"D11 PK 1+980";"48,8104530";"5,4884860"
"202000037259";"8";"12";"2020";"13:50";"1";"2B";"2B042";"2";"1";"1";"6";"route de la gare";"42,5628800";"9,4452170"
"202000037260";"20";"7";"2020";"17:00";"1";"46";"46115";"1";"1";"1";"7";"D673 PK 13";"44,8584700";"1,9222210"
"202000037261";"10";"12";"2020";"18:45";"3";"66";"66164";"1";"1";"2";"1";"D12 proximité intresection VINGRAU";"42,7928180";"2,8822800"
"202000037262";"30";"7";"2020";"15:00";"1";"47";"47065";"1";"1";"1";"1";"Le Bosc";"44,3726830";"0,4287800"
"202000037263";"10";"12";"2020";"01:05";"3";"84";"84074";"1";"1";"1";"6";"D32";"43,7530200";"5,1809070"
"202000037264";"25";"7";"2020";"22:58";"3";"34";"34332";"1";"1";"1";"7";"Chemin Saint Louis";"43,3031950";"3,4329060"
"202000037265";"9";"12";"2020";"08:30";"1";"13";"13105";"1";"1";"1";"1";"D23";"43,7154490";"5,1204820"
"202000037266";"31";"7";"2020";"11:30";"1";"22";"22041";"1";"1";"1";"7";"Pen An Guer";"48,6647490";" -3,2452800"
"202000037267";"10";"12";"2020";"11:25";"1";"09";"09044";"1";"1";"2";"1";"route départementale 11 PK 3+500";"43,0177880";"1,5289660"
"202000037268";"31";"7";"2020";"14:00";"1";"39";"39368";"2";"3";"1";"6";"Morez - 12 Avenue Charles de Gaulle";"46,5239880";"6,0223420"
"202000037269";"10";"12";"2020";"16:00";"1";"44";"44025";"1";"3";"1";" -1";"Rue de l'Indève";"47,4193000";" -1,9755970"
"202000037270";"30";"7";"2020";"20:30";"1";"35";"35194";"1";"1";"7";"6";"33 Route de la Robiquette";"48,1366080";" -1,2638480"
"202000037271";"10";"12";"2020";"05:20";"3";"60";"60700";"1";"1";"1";"6";"D1001";"49,3963120";"2,1395440"
"202000037272";"30";"7";"2020";"23:40";"3";"29";"29101";"2";"1";"1";"6";"16 Route des Anges";"48,5980810";" -4,5643880"
"202000037273";"9";"12";"2020";"18:00";"3";"59";"59482";"1";"1";"1";"6";"Hameau du Chien";"50,7116660";"3,0261705"
"202000037274";"31";"7";"2020";"17:20";"1";"38";"38182";"1";"1";"7";"3";"D1085";"45,3662800";"5,4175400"
"202000037275";"4";"12";"2020";"08:55";"1";"13";"13211";"1";"1";"2";"4";"A50-Sens Aubagne vers Marseille";"43,2909400";"5,4500800"
"202000037276";"30";"7";"2020";"20:19";"2";"03";"03126";"1";"1";"1";"6";"Route de Brugheas";"46,0801530";"3,4364651"
"202000037277";"9";"12";"2020";"17:45";"5";"33";"33550";"1";"1";"1";"2";"ROCADE A 630";"44,7867800";" -0,5415300"
"202000037278";"31";"7";"2020";"17:30";"1";"58";"58215";"1";"1";"1";"3";"D38";"47,2712950";"3,0004260"
"202000037279";"8";"12";"2020";"08:12";"3";"59";"59574";"1";"1";"2";"6";"AUTOROUTE A 21";"50,3572280";"3,2624210"
"202000037280";"31";"7";"2020";"03:30";"3";"60";"60591";"2";"6";"1";"6";"Chemin de la Fontaine Qui Bout";"49,4221690";"1,9784720"
"202000037281";"3";"12";"2020";"08:25";"3";"59";"59205";"1";"1";"1";"6";"AUTOROUTE A 21";"50,3275080";"3,3364390"
"202000037282";"31";"7";"2020";"14:18";"1";"73";"73010";"1";"1";"1";"3";"D1201 - 2080 Rue du Revard";"45,7680840";"5,9382550"
"202000037283";"9";"12";"2020";"07:45";"2";"91";"91689";"1";"1";"1";"2";"AUTOROUTE A6";"48,7346000";"2,3164400"
"202000037284";"31";"7";"2020";"09:10";"1";"07";"07185";"1";"1";"1";"3";"D115 pk 9";"45,1378560";"4,6452000"
"202000037285";"9";"12";"2020";"12:10";"1";"92";"92047";"1";"1";"1";"6";"A13";"48,8336666";"2,1639026"
"202000037286";"31";"7";"2020";"19:55";"1";"53";"53174";"1";"3";"1";"2";"lieu-dit la couture";"48,3221310";" -0,6469540"
"202000037287";"29";"7";"2020";"18:15";"1";"53";"53097";"2";"1";"1";"3";"38 Rue Sainte Suzanne";"48,1514650";" -0,3964450"
"202000037288";"9";"12";"2020";"07:43";"2";"78";"78423";"1";"1";"5";"6";"N12W";"48,7968310";"2,0219920"
"202000037289";"9";"12";"2020";"10:30";"1";"95";"95582";"1";"1";"2";"6";"RD 170";"48,9633000";"2,2661200"
"202000037290";"9";"12";"2020";"07:30";"3";"93";"93010";"1";"1";"1";"2";"AUTOROUTE A3";"48,9010500";"2,4701000"
"202000037291";"8";"12";"2020";"19:00";"4";"93";"93053";"1";"1";"1";"2";"AUTOROUTE A3";"48,8794700";"2,4501300"
"202000037292";"30";"7";"2020";"19:45";"1";"40";"40313";"1";"1";"1";"6";"Route de Mugron";"43,8190770";" -0,8016370"
"202000037293";"8";"12";"2020";"18:10";"5";"95";"95018";"1";"1";"1";"2";" A15";"48,9523900";"2,2797600"
"202000037294";"30";"7";"2020";"20:30";"1";"24";"24188";"1";"1";"1";"6";"La Tridarie";"45,1106490";"1,0000780"
"202000037295";"8";"12";"2020";"15:30";"1";"93";"93066";"1";"1";"1";"7";"AUTOROUTE A1";"48,9103300";"2,3579700"
"202000037296";"31";"7";"2020";"03:50";"3";"27";"27333";"2";"2";"1";"6";"D3";"49,3342080";"1,6604860"
"202000037297";"8";"12";"2020";"13:45";"1";"93";"93006";"1";"1";"1";"3";"AUTOROUTE A3";"48,8669200";"2,4253200"