"Num_Acc";"jour";"mois";"an";"hrmn";"lum";"dep";"com";"agg";"int";"atm";"col";"adr";"lat";"long"
"202000037298";"29";"7";"2020";"14:45";"1";"87";"87051";"1";"1";"7";"1";"D43";"45,5836690";"1,5915210"
"202000037299";"30";"7";"2020";"18:58";"1";"37";"37001";"1";"1";"1";"2";"RD 750 ABILLY";"46,9145873";"0,7205909"
"202000037300";"31";"7";"2020";"08:45";"1";"30";"30003";"1";"1";"1";"6";"D62";"43,5660420";"4,1646770"
"202000037301";"7";"12";"2020";"20:00";"5";"93";"93066";"1";"1";"1";"2";"AUTOROUTE A1";"48,9193600";"2,3575400"
"202000037302";"28";"7";"2020";"16:45";"1";"30";"30148";"1";"1";"1";"1";"D999";"43,8875780";"4,0155890"
"202000037303";"7";"12";"2020";"09:15";"1";"93";"93007";"1";"1";"1";"2";"AUTOROUTE A3";"48,9359000";"2,4805200"
"202000037304";"30";"9";"2020";"21:30";"3";"19";"19148";"1";"1";"1";"6";"Départementale 982";"45,2897730";"2,2891040"
"202000037305";"18";"9";"2020";"11:55";"1";"02";"02691";"2";"1";"1";"6";"FONTAINE-COUPE (RUE)";"49,8485900";"3,2975400"
"202000037306";"31";"7";"2020";"01:20";"3";"30";"30055";"1";"1";"1";"6";"D6";"44,1244870";"4,2360130"
"202000037307";"8";"12";"2020";"21:23";"5";"988";"98818";"2";"2";"1";"3";"AVENUE DU MARECHAL FOCH/AVENUE VICTOIRE HENRI LAFLEUR";" -22,2743300";"166,4428100"
"202000037308";"31";"7";"2020";"10:45";"1";"31";"31341";"1";"1";"1";"1";"1543 Route de Toulouse";"43,7348170";"1,3166110"
"202000037309";"30";"7";"2020";"21:05";"2";"58";"58296";"1";"1";"1";"1";"N7";"46,6941150";"3,2119670"
"202000037310";"8";"12";"2020";"17:00";"1";"973";"97302";"2";"3";"1";"3";"MADELEINE (ROUTE DE LA)";"4,9128757";" -52,3208763"
"202000037311";"30";"7";"2020";"08:25";"1";"78";"78009";"1";"1";"1";"6";"A10";"48,4827080";"1,9124790"
"202000037312";"30";"7";"2020";"13:20";"1";"11";"11202";"2";"1";"1";"7";"Avenue de Septimanie";"42,8597420";"3,0411640"
"202000037313";"30";"7";"2020";"14:55";"1";"988";"98811";"1";"3";"1";"2";"RT1/ROUTE DE LA NEA";" -21,0563480";"164,8459800"
"202000037314";"24";"9";"2020";"19:45";"3";"12";"12025";"1";"1";"2";"7";"D32";"43,8364460";"2,7448230"
"202000037315";"26";"9";"2020";"22:20";"3";"46";"46324";"1";"1";"2";"6";"Route départementale D12";"44,5842280";"1,3922220"
"202000037316";"31";"7";"2020";"16:20";"1";"976";"97608";"2";"1";"1";"1";"Boulevard des Amoureux";" -12,7891080";"45,2798470"
"202000037317";"30";"7";"2020";"19:30";"3";"976";"97607";"1";"1";"1";"6";"N3";" -12,8685970";"45,2015790"
"202000037318";"21";"1";"2020";"21:25";"5";"973";"97302";"2";"2";"1";"3";"MIRZA (CITE)";"4,9358644";" -52,3246890"
"202000037319";"8";"12";"2020";"12:15";"1";"973";"97302";"2";"1";"1";"2";"MONTABO (ROUTE DE) 2";"4,9380236";" -52,2991276"
"202000037320";"31";"7";"2020";"01:15";"3";"971";"97116";"1";"3";"1";"3";"N5";"16,3213600";" -61,4207300"
"202000037321";"26";"7";"2020";"07:00";"1";"28";"28371";"1";"1";"7";"2";"D 116";"48,8451890";"1,3947920"
"202000037322";"8";"12";"2020";"19:10";"5";"69";"69386";"2";"2";"2";"3";"MICHEL RAMBAUD                      (R )";"45,7690300";"4,8605000"
"202000037323";"31";"7";"2020";"09:16";"1";"45";"45122";"1";"1";"1";"1";"lieu dit Le Ponta";"47,7527000";"2,5370450"
"202000037324";"25";"9";"2020";"11:00";"1";"41";"41214";"2";"3";"8";"3";"D19";"47,9257540";"1,2071870"
"202000037325";"8";"12";"2020";"13:35";"1";"69";"69383";"2";"1";"2";"6";"ESPERANCE (DE L')                   (R )";"45,7575452";"4,8747531"
"202000037326";"7";"12";"2020";"11:00";"1";"69";"69386";"2";"2";"1";"6";"VIABERT (DE LA)                     (R )";"45,7663000";"4,8618700"
"202000037327";"8";"12";"2020";"15:15";"1";"972";"97209";"1";"1";"1";"4";"AUTOROUTE (A1)";"14,6159300";" -61,0439400"
"202000037328";"8";"12";"2020";"07:20";"1";"972";"97209";"2";"1";"1";"1";"MFME (RTE DE LA)";"14,6339300";" -61,0356600"
"202000037329";"27";"9";"2020";"15:15";"1";"35";"35169";"1";"1";"1";"3";"L'Emeheuc";"47,9642320";" -2,0160610"
"202000037330";"31";"7";"2020";"00:38";"3";"66";"66037";"1";"1";"1";"1";"D81";"42,6659020";"3,0329990"
"202000037331";"27";"9";"2020";"17:15";"1";"29";"29146";"2";"1";"1";"7";"Lieu-dit Méros (Chemin)";"47,9060992";" -3,8853192"
"202000037332";"7";"12";"2020";"07:22";"1";"971";"97101";"2";"1";"1";"6";"MARECHAL LECLERC";"16,2569669";" -61,5297782"
"202000037333";"30";"7";"2020";"22:10";"3";"84";"84003";"1";"9";"1";"1";"D900 -- Lieu dit Pont Julien";"43,8791830";"5,3849640"
"202000037334";"7";"12";"2020";"05:50";"2";"971";"97120";"2";"3";"1";"6";"Amitié des peuples";"16,2441400";" -61,5412700"
"202000037335";"30";"7";"2020";"15:20";"1";"71";"71223";"1";"1";"1";"1";"D3";"46,9777405";"4,1699380"
"202000037336";"7";"12";"2020";"17:05";"1";"91";"91103";"2";"3";"1";"6";"RUE DU MESNIL";"48,6122200";"2,2979800"
"202000037337";"31";"7";"2020";"10:25";"1";"71";"71169";"1";"2";"1";"3";"Route du Moulin Satin";"46,3120193";"4,7566703"
"202000037338";"27";"9";"2020";"19:05";"3";"70";"70563";"1";"1";"1";"7";"D9";"47,5790340";"6,2471760"
"202000037339";"30";"7";"2020";"17:24";"1";"67";"67338";"2";"1";"1";"1";"Rue de Colmar";"48,3592560";"7,6893360"
"202000037340";"26";"9";"2020";"14:47";"1";"06";"06150";"1";"1";"1";"7";"1310 Route de Beausoleil";"43,7490060";"7,4145380"
"202000037341";"28";"9";"2020";"08:00";"1";"14";"14092";"2";"1";"1";"6";"Rue Val Es Dunes";"49,1218280";" -0,2986100"
"202000037342";"24";"9";"2020";"07:00";"2";"14";"14456";"2";"1";"1";"6";"Rue Pierre Cingal";"49,1129520";" -0,1644570"
"202000037343";"31";"7";"2020";"16:10";"1";"42";"42168";"1";"1";"1";"7";"D63";"45,4128900";"4,6236240"
"202000037344";"28";"9";"2020";"10:40";"1";"50";"50484";"2";"1";"7";"6";"Rue du Bassin";"48,5781120";" -1,0918360"
"202000037345";"30";"7";"2020";"22:20";"3";"69";"69136";"1";"1";"1";"6";"Route Departementale 42";"45,6518180";"4,7488830"
"202000037346";"4";"12";"2020";"12:05";"1";"91";"91471";"2";"9";"7";"3";"MONTHLERY (ROUTE DE)";"48,6975400";"2,1893990"
"202000037347";"30";"7";"2020";"17:30";"1";"09";"09241";"1";"1";"1";"6";"cd 23 BANAT";"42,8514910";"1,5577840"
"202000037348";"8";"12";"2020";"16:55";"2";"91";"91421";"2";"1";"1";"6";"MAINVILLE (RUE DE)";"48,6973100";"2,4528900"
"202000037349";"8";"12";"2020";"10:40";"1";"91";"91215";"2";"1";"1";"6";"AV DU HUIT MAI 1945";"48,6980200";"2,5216500"
"202000037350";"8";"12";"2020";"17:20";"5";"91";"91027";"2";"1";"1";"6";"AV MARCEL SEMBAT";"48,7075220";"2,3778070"
"202000037351";"8";"12";"2020";"16:35";"1";"91";"91286";"2";"1";"1";"6";"MURIERS (RUE DES)";"48,6559400";"2,3824000"
"202000037352";"24";"7";"2020";"16:40";"1";"47";"47157";"1";"1";"1";"1";"D813";"44,5166400";"0,1247980"
"202000037353";"28";"9";"2020";"16:00";"1";"60";"60233";"2";"3";"1";"3";"50 Rue de la Maladrerie";"49,6429110";"1,8539880"
"202000037354";"6";"2";"2020";"07:47";"2";"72";"72154";"2";"1";"1";"6";"Boulevard de la République";"47,6989380";" -0,0695280"
"202000037355";"5";"12";"2020";"19:00";"3";"80";"80021";"2";"2";"2";"3";"PAUL SAUTAI (RUE)";"49,8857500";"2,3024800"
"202000037356";"31";"7";"2020";"18:30";"1";"56";"56023";"1";"1";"1";"6";"Kerstran";"47,6906000";" -3,0333500"
"202000037357";"5";"12";"2020";"18:30";"5";"80";"80021";"2";"1";"2";"6";"FLATTERS (RUE)";"49,8950200";"2,2992400"
"202000037358";"30";"7";"2020";"18:30";"1";"22";"22076";"1";"1";"1";"3";"D17";"48,5528230";" -2,3654506"
"202000037359";"5";"12";"2020";"15:40";"1";"80";"80021";"2";"1";"2";"3";"EUROPE (AVENUE DE L')";"49,9235200";"2,3052100"
"202000037360";"31";"7";"2020";"09:30";"1";"60";"60446";"1";"1";"1";"7";"départementale 922";"49,1401601";"2,7891829"
"202000037361";"28";"9";"2020";"16:30";"1";"64";"64060";"1";"1";"1";"4";"D2";"43,3293620";" -0,4793430"
"202000037362";"31";"7";"2020";"18:00";"1";"60";"60551";"1";"1";"1";"7";"RD110";"49,2883860";"2,3826440"
"202000037363";"24";"9";"2020";"14:10";"1";"18";"18141";"2";"1";"1";"1";"Rue Maurice Gorse";"47,1523550";"2,2000770"
"202000037364";"27";"9";"2020";"06:20";"3";"18";"18041";"1";"1";"3";"6";"Les Perouses";"46,6315840";"2,5448800"
"202000037365";"31";"7";"2020";"07:45";"1";"60";"60089";"1";"2";"1";"3";"D153";"49,2226430";"1,8850990"
"202000037366";"28";"9";"2020";"07:30";"2";"18";"18075";"1";"6";"2";"7";"D12 - rond point de givry";"47,0134880";"3,0665700"
"202000037367";"26";"9";"2020";"17:50";"1";"36";"36192";"2";"6";"1";"3";"26 Avenue Charles de Gaulle";"46,6333995";"1,4276193"
"202000037368";"27";"9";"2020";"15:30";"1";"40";"40312";"2";"1";"1";"3";"Boulevard de la Yayi";"43,5467740";" -1,4608200"
"202000037369";"30";"7";"2020";"17:40";"1";"13";"13216";"1";"1";"1";"7";"A55-Sens Marseille vers Martigues";"43,3590310";"5,3441850"
"202000037370";"4";"12";"2020";"23:44";"3";"80";"80164";"2";"1";"1";"7";"RD929";"49,9222862";"2,3736048"
"202000037371";"27";"9";"2020";"21:50";"3";"27";"27428";"1";"1";"2";"6";"D840";"49,1458500";"0,9136730"
"202000037372";"30";"7";"2020";"17:20";"1";"13";"13055";"1";"1";"1";"4";"A507 sens Marseille - Aubagne";"43,2900005";"5,4243506"
"202000037373";"26";"9";"2020";"14:15";"1";"17";"17187";"2";"3";"8";"3";"D148";"45,4405010";" -0,5135200"
"202000037374";"4";"12";"2020";"16:40";"2";"80";"80261";"2";"1";"1";"2";"RD 1001";"49,8610000";"2,2720600"
"202000037375";"26";"9";"2020";"16:45";"1";"87";"87028";"1";"1";"1";"7";"C203 - Reculat";"46,2233150";"0,9385590"
"202000037376";"10";"9";"2020";"16:00";"1";"08";"08178";"1";"1";"1";"1";"D946";"49,6444920";"4,1727340"
"202000037377";"8";"12";"2020";"16:20";"1";"79";"79191";"2";"3";"1";"3";"64 Rue de Cholette";"46,3417300";" -0,4573500"
"202000037378";"2";"7";"2020";"13:05";"1";"24";"24073";"1";"2";"8";"2";"D29e2";"44,8694430";"0,8101560"
"202000037379";"8";"12";"2020";"15:40";"1";"79";"79191";"2";"1";"1";"6";"181 Avenue de Paris";"46,3276000";" -0,4482200"
"202000037380";"29";"7";"2020";"18:40";"1";"13";"13026";"1";"1";"1";"4";"A55-Sens Marseille vers Martigues";"43,3729900";"5,1906000"
"202000037381";"16";"8";"2020";"02:58";"3";"977";"97701";"2";"1";"1";"7";"rt210 entre le rond point de la tourmente et l'oeuf";"17,9064670";" -62,8476760"
"202000037382";"28";"7";"2020";"15:20";"1";"83";"83144";"1";"1";"1";"5";"A57";"43,1334900";"5,9847600"
"202000037383";"7";"12";"2020";"17:00";"2";"77";"77285";"2";"1";"1";"6";"LIBERATION (AVENUE DE LA)";"48,5476700";"2,6396600"
"202000037384";"27";"9";"2020";"17:40";"2";"77";"77031";"1";"1";"2";"6";"N4";"48,6843380";"2,9385320"
"202000037385";"15";"10";"2020";"19:41";"5";"95";"95210";"2";"1";"2";"3";"DE GAULLE (RUE DU GENERAL)";"48,9718000";"2,3085000"
"202000037386";"2";"7";"2020";"22:25";"5";"33";"33080";"2";"3";"1";"6";"Avenue du General de Gaulle";"44,7520330";" -0,5337970"
"202000037387";"2";"7";"2020";"22:30";"3";"49";"49162";"2";"1";"1";"7";"lieu dit le moulin moine";"47,2014530";" -0,9685460"
"202000037388";"23";"10";"2020";"13:05";"1";"91";"91216";"2";"1";"1";"6";"PETIT VAUX  (GARE)";"48,6758400";"2,3339100"
"202000037389";"3";"7";"2020";"12:15";"1";"60";"60009";"2";"1";"1";"6";"rue de la mairie";"49,4045440";"2,1115960"
"202000037390";"3";"7";"2020";"08:35";"1";"02";"02701";"2";"1";"1";"6";"155 Route Nationale";"48,9751960";"3,3059140"
"202000037391";"8";"12";"2020";"00:30";"5";"77";"77018";"1";"1";"8";"6";"AV PAUL SERAMY";"48,8500990";"2,8062670"
"202000037392";"28";"7";"2020";"12:45";"1";"83";"83123";"1";"1";"1";"5";"A50";"43,1293100";"5,8168300"
"202000037393";"26";"9";"2020";"17:00";"1";"78";"78590";"1";"1";"2";"3";"Départementale 202, route des ESSARTS";"48,6933680";"1,9625190"
"202000037394";"27";"10";"2020";"10:25";"1";"91";"91421";"2";"1";"1";"6";"REPUBLIQUE (AVENUE DE LA)";"48,7038100";"2,4611800"
"202000037395";"2";"7";"2020";"17:25";"1";"62";"62589";"1";"2";"1";"1";"Chaussée Brunehaut";"50,3451463";"2,6943074"
"202000037396";"26";"10";"2020";"12:25";"1";"91";"91027";"2";"2";"1";"3";"RTE NATIONALE 7";"48,7160900";"2,3712400"
"202000037397";"24";"10";"2020";"18:20";"1";"86";"86158";"1";"1";"1";" -1";"N147";"46,6320430";"0,2923770"
"202000037398";"27";"10";"2020";"08:40";"1";"83";"83144";"2";"9";"7";"6";"TREMOLIERE (AVE)";"43,1364900";"5,9813100"
"202000037399";"2";"7";"2020";"06:45";"2";"59";"59010";"1";"1";"1";"6";"D630";"50,1590650";"3,1234000"
"202000037400";"14";"10";"2020";"12:15";"1";"83";"83129";"2";"1";"1";"3";"SEVERIN SAURIN (RUE)";"43,0924600";"5,8388100"
"202000037401";"30";"6";"2020";"16:45";"1";"59";"59285";"2";"1";"1";"6";"2 Rue de la Fontaine";"50,2572890";"3,4144040"
"202000037402";"7";"12";"2020";"18:50";"5";"77";"77320";"2";"1";"1";"5";"MARECHAL LECLERC (AVENUE DU)";"48,8212200";"3,0468400"
"202000037403";"26";"9";"2020";"18:15";"1";"78";"78601";"1";"1";"1";"7";"Nationale 10";"48,5798440";"1,8315840"
"202000037404";"29";"7";"2020";"17:30";"1";"69";"69027";"1";"1";"1";"3";"A450   5.100 A 7.285";"45,6695800";"4,7662200"
"202000037405";"2";"7";"2020";"15:55";"1";"13";"13106";"1";"1";"1";"2";"A7-Sens Marseille vers Lyon";"43,3953760";"5,3506200"
"202000037406";"25";"7";"2020";"08:15";"1";"69";"69287";"1";"1";"1";"2";"A43   9.894 A 13.029";"45,6841800";"5,0058700"
"202000037407";"1";"7";"2020";"17:45";"1";"13";"13001";"1";"1";"1";"2";"A51-Sens Aix en Provence vers Marseille";"43,5078390";"5,4122250"
"202000037408";"28";"9";"2020";"15:40";"1";"26";"26002";"1";"1";"2";"5";"Autoroute du Soleil";"45,2432890";"4,8393060"
"202000037409";"30";"7";"2020";"08:00";"1";"33";"33249";"1";"1";"1";"3";"ROUTE NATIONALE 230";"44,8803700";" -0,5106000"
"202000037410";"1";"7";"2020";"23:30";"5";"69";"69259";"2";"1";"1";"3";"RD383";"45,7207925";"4,8828363"
"202000037411";"26";"10";"2020";"08:10";"1";"80";"80021";"2";"1";"1";"3";"ALPHONSE FIQUET (PLACE)";"49,8907500";"2,3065500"
"202000037412";"27";"9";"2020";"15:05";"1";"88";"88083";"1";"8";"2";"6";"D164";"48,3094020";"5,7236840"
"202000037413";"5";"12";"2020";"16:00";"1";"76";"76540";"2";"2";"1";"3";"BELGES. BOULEVARD DES";"49,4427100";"1,0845900"
"202000037414";"30";"7";"2020";"15:25";"1";"91";"91161";"1";"1";"1";"3";"AUTOROUTE A6";"48,7108000";"2,3074000"
"202000037415";"25";"10";"2020";"02:00";"5";"80";"80021";"2";"1";"1";"3";"ALBERT 1ER (MAIL)";"49,8888800";"2,2989900"
"202000037416";"7";"12";"2020";"08:45";"2";"76";"76540";"2";"2";"1";"6";"ELBEUF. RUE D'";"49,4257600";"1,0826300"
"202000037417";"24";"10";"2020";"14:25";"1";"80";"80021";"2";"1";"2";"3";"ROCADE NORD RN 1";"49,9269800";"2,3050200"
"202000037418";"28";"9";"2020";"18:20";"1";"38";"38537";"1";"1";"3";"1";"D1006";"45,6285010";"5,1590410"
"202000037419";"30";"7";"2020";"20:35";"1";"78";"78206";"1";"1";"1";"3";"A13";"48,9535100";"1,9400090"
"202000037420";"3";"12";"2020";"14:58";"1";"73";"73065";"2";"1";"1";"7";"BOISSE (AVENUE DE LA)";"45,5749200";"5,9164400"
"202000037421";"27";"10";"2020";"06:40";"3";"78";"78007";"1";"1";"1";"2";"CD 30 (CH.DEPARTEMENTAL)";"48,9019500";"2,0057700"
"202000037422";"1";"7";"2020";"08:45";"1";"67";"67447";"1";"1";"1";"6";"Autoroute A.4";"48,6028000";"7,7306900"
"202000037423";"28";"9";"2020";"14:50";"1";"69";"69010";"2";"1";"3";"1";"98 rue gabriel péri";"45,8289829";"4,6094306"
"202000037424";"2";"7";"2020";"07:45";"1";"33";"33366";"1";"1";"1";"7";"AUTOROUTE A 10";"44,9873500";" -0,4274800"
"202000037425";"29";"7";"2020";"10:15";"1";"78";"78322";"1";"1";"1";"5";"RN12";"48,7872290";"2,1485290"
"202000037426";"2";"7";"2020";"20:40";"1";"91";"91363";"1";"1";"1";"7";"RN 104";"48,6382000";"2,2026000"
"202000037427";"27";"10";"2020";"11:50";"1";"77";"77186";"2";"4";"2";"2";"GRANDE (RUE)";"48,4078900";"2,7038100"
"202000037428";"2";"8";"2020";"21:00";"2";"33";"33051";"2";"2";"1";"3";"44 avenue raymond pointcarré";"44,6558700";" -0,9871500"
"202000037429";"27";"9";"2020";"21:32";"3";"50";"50445";"1";"3";"1";"2";"D29";"49,2299400";" -1,2560250"
"202000037430";"25";"9";"2020";"15:00";"1";"14";"14488";"2";"2";"1";"3";"Rue de l'Yser";"49,2743826";" -0,2534217"
"202000037431";"27";"9";"2020";"20:45";"3";"22";"22090";"2";"1";"1";"1";"Rue du Lavoir";"48,7719626";" -3,3700015"
"202000037432";"26";"9";"2020";"22:50";"5";"13";"13055";"1";"1";"1";"6";"A507 sens Aubagne- Marseille";"43,2940690";"5,4245350"
"202000037433";"26";"9";"2020";"07:20";"2";"13";"13005";"1";"1";"1";"2";"A501-Sens Aubagne vers Pont de l'Etoile";"43,2977580";"5,5611430"
"202000037434";"21";"9";"2020";"16:00";"1";"13";"13026";"1";"1";"1";"3";"A55-Sens Martigues vers Marseille";"43,3796200";"5,1633600"
"202000037435";"27";"9";"2020";"16:20";"1";"33";"33550";"1";"1";"1";"2";"ROCADE A 630";"44,7840800";" -0,5901500"
"202000037436";"27";"9";"2020";"17:05";"1";"92";"92002";"1";"1";"8";"6";"RN 385 Extèrieure";"48,7599773";"2,2795987"
"202000037437";"27";"9";"2020";"10:04";"1";"91";"91174";"1";"1";"2";"6";"RN 104";"48,6276700";"2,4742900"
"202000037438";"27";"9";"2020";"13:55";"1";"91";"91136";"1";"1";"2";"7";"AUTOROUTE A10";"48,7107400";"2,2878500"
"202000037439";"27";"9";"2020";"04:45";"3";"91";"91179";"1";"1";"3";"7";"RN 337";"48,5568000";"2,4947000"
"202000037440";"26";"9";"2020";"20:15";"3";"91";"91064";"1";"1";"2";"2";"RN 118";"48,7688000";"2,2298000"
"202000037441";"27";"9";"2020";"05:10";"3";"78";"78206";"1";"1";"2";"2";"A13";"48,9471710";"1,9473130"
"202000037442";"27";"9";"2020";"18:07";"1";"93";"93027";"1";"1";"1";"2";"AUTOROUTE A86";"48,9269300";"2,4200100"
"202000037443";"27";"9";"2020";"17:35";"1";"93";"93066";"1";"1";"1";"4";"AUTOROUTE A1";"48,9148700";"2,3579500"
"202000037444";"27";"9";"2020";"14:30";"1";"92";"92078";"1";"1";"1";"6";"AUTOROUTE A86";"48,9300400";"2,3257000"
"202000037445";"27";"9";"2020";"14:30";"1";"95";"95256";"1";"1";"2";"6";"RN 184";"49,0468500";"2,1843600"
"202000037446";"27";"9";"2020";"13:50";"1";"95";"95582";"1";"1";"2";"6";" A115";"48,9749700";"2,2416900"
"202000037447";"27";"9";"2020";"10:30";"1";"95";"95572";"1";"1";"2";"6";"RN 184";"49,0331840";"2,1094620"
"202000037448";"27";"9";"2020";"10:00";"1";"93";"93027";"1";"1";"2";"6";"AUTOROUTE A86";"48,9264869";"2,4025770"
"202000037449";"29";"7";"2020";"07:40";"1";"92";"92036";"1";"1";"1";"3";"RN315 W";"48,9318406";"2,3020910"
"202000037450";"4";"12";"2020";"20:00";"5";"68";"68224";"2";"3";"2";"1";"BAN (RUE DU)";"47,7768392";"7,3194217"
"202000037451";"2";"7";"2020";"19:05";"1";"94";"94034";"1";"1";"1";"4";"AUTOROUTE A86";"48,7600000";"2,3210000"
"202000037452";"27";"9";"2020";"10:10";"1";"92";"92078";"1";"1";"3";"6";"AUTOROUTE A86";"48,9290700";"2,3300500"
"202000037453";"27";"9";"2020";"05:20";"3";"95";"95572";"1";"9";"2";"6";"RN 184";"49,0346640";"2,1139300"
"202000037454";"30";"7";"2020";"21:30";"1";"92";"92078";"1";"1";"1";"3";"AUTOROUTE A86";"48,9316200";"2,3223800"
"202000037455";"27";"9";"2020";"03:00";"3";"92";"92036";"1";"1";"2";"6";"AUTOROUTE A86";"48,9384500";"2,3133100"
"202000037456";"2";"7";"2020";"09:30";"1";"92";"92002";"1";"1";"1";"2";"AUTOROUTE A86";"48,7632690";"2,3059569"
"202000037457";"26";"10";"2020";"05:10";"5";"67";"67482";"2";"3";"2";"3";"HAGUENAU (PLACE DE)";"48,5921080";"7,7440700"
"202000037458";"1";"7";"2020";"20:05";"1";"91";"91570";"1";"1";"1";"7";"RN 104";"48,6250800";"2,3320300"
"202000037459";"8";"12";"2020";"14:30";"1";"68";"68224";"2";"1";"1";"3";"ILLBERG (RUE DE L')";"47,7403000";"7,3204100"
"202000037460";"7";"12";"2020";"15:20";"1";"66";"66136";"2";"9";"1";"2";"ALBERT MARCELLIN";"42,6918500";"2,8895800"
"202000037461";"6";"12";"2020";"17:45";"5";"66";"66136";"2";"1";"1";"6";"CONFLENT (BOULEVARD DU)";"42,6963700";"2,8801700"
"202000037462";"6";"12";"2020";"11:20";"1";"66";"66136";"2";"1";"1";"3";"CAMBRES AVENUE PIERRE";"42,6906900";"2,9012300"
"202000037463";"2";"7";"2020";"19:20";"1";"95";"95582";"1";"1";"1";"4";"AUTOROUTE A15";"48,9760300";"2,2373300"
"202000037464";"26";"9";"2020";"18:15";"1";"93";"93008";"1";"1";"1";"1";"AUTOROUTE A86";"48,9089275";"2,4490592"
"202000037465";"2";"7";"2020";"17:30";"1";"95";"95018";"1";"1";"1";"2";" A15";"48,9620148";"2,2672766"
"202000037466";"26";"9";"2020";"04:25";"3";"95";"95488";"1";"1";"1";"4";" A15";"49,0129500";"2,1495300"
"202000037467";"2";"7";"2020";"13:00";"1";"93";"93066";"1";"1";"1";"4";"AUTOROUTE A1";"48,9193700";"2,3575500"
"202000037468";"26";"9";"2020";"19:30";"2";"77";"77373";"1";"1";"8";"7";"RN104";"48,7616060";"2,6159100"
"202000037469";"2";"7";"2020";"08:30";"1";"95";"95582";"1";"1";"2";"3";"AUTOROUTE A15";"48,9685214";"2,2516783"
"202000037470";"26";"9";"2020";"13:40";"1";"94";"94046";"1";"1";"1";"2";"A86 EXT";"48,8089200";"2,4492200"
"202000037471";"26";"9";"2020";"13:00";"1";"974";"97411";"2";"6";"1";"3";"BRASSENS (AVENUE GEORGES)";" -20,9016600";"55,4802700"
"202000037472";"24";"10";"2020";"16:00";"1";"67";"67482";"2";"1";"7";"6";"STUTZHEIM (RUE DE)";"48,5971374";"7,7132139"
"202000037473";"30";"7";"2020";"18:00";"1";"95";"95572";"1";"1";"1";"4";"RN 184";"49,0340400";"2,1116700"
"202000037474";"8";"12";"2020";"15:00";"1";"64";"64348";"2";"6";"1";"3";"EUROPE DE L'";"43,3262000";" -0,3869100"
"202000037475";"1";"7";"2020";"07:10";"1";"95";"95491";"1";"1";"1";"2";" A115";"48,9980800";"2,2466000"
"202000037476";"25";"9";"2020";"23:45";"3";"974";"97407";"2";"1";"1";"1";"Route Coeur Saignant";" -20,9521300";"55,3054500"
"202000037477";"30";"7";"2020";"18:20";"1";"93";"93066";"1";"1";"1";"5";"AUTOROUTE A86";"48,9225700";"2,3519000"
"202000037478";"30";"7";"2020";"16:00";"1";"93";"93005";"1";"1";"1";"3";"AUTOROUTE A3";"48,9692500";"2,4815400"
"202000037479";"30";"7";"2020";"14:30";"1";"92";"92036";"1";"1";"1";"4";"AUTOROUTE A86";"48,9386500";"2,3105800"
"202000037480";"30";"7";"2020";"08:15";"1";"93";"93066";"1";"1";"1";"3";"AUTOROUTE A1";"48,9139000";"2,3577400"
"202000037481";"29";"7";"2020";"17:45";"1";"93";"93006";"1";"1";"1";"3";"AUTOROUTE A3";"48,8662700";"2,4156000"
"202000037482";"30";"7";"2020";"19:20";"1";"77";"77122";"1";"1";"1";"2";"RN104";"48,6564300";"2,6132700"
"202000037483";"30";"7";"2020";"06:20";"1";"94";"94015";"1";"1";"1";"7";"A4";"48,8294500";"2,5283700"
"202000037484";"30";"11";"2020";"04:25";"5";"64";"64132";"2";"1";"1";"6";"ALBERT 1ER";"43,2831800";" -0,3434000"
"202000037485";"24";"10";"2020";"15:00";"1";"67";"67118";"2";"1";"1";"3";"ROMAINS (ROUTE DES)";"48,5823405";"7,6922276"
"202000037486";"29";"7";"2020";"19:30";"1";"77";"77363";"1";"1";"1";" -1";"A104";"48,9297101";"2,6282238"
"202000037487";"26";"10";"2020";"14:30";"1";"67";"67462";"2";"4";"1";"3";"DIEWEG (AU)";"48,2672090";"7,4428600"
"202000037488";"29";"7";"2020";"18:45";"1";"77";"77363";"1";"1";"1";"2";"A104";"48,9302800";"2,6281400"
"202000037489";"26";"10";"2020";"18:52";"1";"63";"63113";"2";"1";"1";"3";"CARNOT (AVENUE)";"45,7762300";"3,0971100"
"202000037490";"29";"7";"2020";"08:30";"1";"77";"77055";"1";"1";"1";"3";"A104";"48,9007728";"2,6528461"
"202000037491";"23";"10";"2020";"14:36";"1";"63";"63113";"2";"2";"1";"3";"DE GAULLE (BD CHARLES)";"45,7715546";"3,0832401"
"202000037492";"1";"7";"2020";"18:40";"1";"94";"94028";"1";"9";"8";"4";"RN406.Y";"48,7833000";"2,4667000"
"202000037493";"26";"9";"2020";"21:00";"5";"69";"69383";"2";"1";"1";"1";"CREQUI (DE)                         (R )";"45,7536400";"4,8488800"
"202000037494";"2";"12";"2020";"17:15";"5";"62";"62200";"2";"1";"8";"6";"CD 941";"50,5112300";"2,7381500"
"202000037495";"29";"7";"2020";"08:10";"1";"94";"94018";"1";"1";"1";"3";"A4";"48,8248600";"2,3934400"