"Num_Acc";"jour";"mois";"an";"hrmn";"lum";"dep";"com";"agg";"int";"atm";"col";"adr";"lat";"long"
"202000037496";"4";"12";"2020";"16:40";"1";"61";"61001";"2";"2";"1";"3";"REPUBLIQUE (BOULEVARD DE LA)";"48,4272740";"0,0930890"
"202000037497";"4";"12";"2020";"15:50";"1";"61";"61001";"2";"6";"7";"3";"GENERAL DE GAULLE (PLACE DU)";"48,4343200";"0,0938000"
"202000037498";"23";"9";"2020";"18:00";"1";"69";"69389";"2";"2";"1";"3";"PIERRE TERMIER                      (R )";"45,8018400";"4,8385600"
"202000037499";"1";"7";"2020";"18:00";"1";"94";"94028";"1";"1";"2";"3";"A86 EXT";"48,7817400";"2,4410800"
"202000037500";"10";"10";"2020";"01:40";"5";"59";"59386";"2";"2";"1";"3";"ABBAYE RUE DU PONT DE L";"50,6658600";"3,0640300"
"202000037501";"23";"10";"2020";"20:20";"5";"59";"59527";"2";"3";"1";"3";"CARNOT SADI RUE";"50,6652000";"3,0596800"
"202000037502";"27";"9";"2020";"00:40";"5";"2A";"2A004";"2";"6";"2";"6";"NICOLI JEAN COURS";"41,9341257";"8,7509635"
"202000037503";"24";"10";"2020";"19:50";"5";"54";"54395";"2";"2";"1";"5";"AUXONNE (RUE D')";"48,7006420";"6,1685264"
"202000037504";"7";"12";"2020";"17:50";"3";"60";"60057";"2";"1";"1";"4";"rue de Pontoise";"49,4147190";"2,0889920"
"202000037505";"17";"2";"2020";"18:55";"5";"28";"28134";"2";"3";"2";"6";"RN 12 (ZONE COMMERCIALE)";"48,7463000";"1,3536900"
"202000037506";"26";"10";"2020";"07:55";"1";"49";"49099";"1";"1";"2";"7";"TESSOUALLE (AVENUE DE LA)";"47,0337000";" -0,8643600"
"202000037507";"7";"12";"2020";"17:20";"5";"59";"59273";"2";"1";"1";"6";"HUGO (RUE VICTOR)";"51,0047200";"2,1137400"
"202000037508";"29";"7";"2020";"12:35";"1";"974";"97411";"1";"1";"1";"1";"MICHEL (CHEMIN JOSE)";" -20,8964900";"55,4039700"
"202000037509";"19";"10";"2020";"17:56";"1";"49";"49007";"2";"1";"1";"2";"MADELEINE";"47,4635200";" -0,5416900"
"202000037510";"17";"10";"2020";"02:00";"5";"49";"49007";"2";"1";"1";"6";"ROI RENE BOULEVARD";"47,4693600";" -0,5604900"
"202000037511";"29";"7";"2020";"21:20";"1";"69";"69386";"2";"2";"1";"3";"GARIBALDI                           (R )";"45,7693000";"4,8504000"
"202000037512";"27";"10";"2020";"09:20";"1";"44";"44184";"2";"1";"2";"2";"COUBERTIN (AVENUE PIERRE DE)";"47,2747600";" -2,2300100"
"202000037513";"1";"7";"2020";"16:45";"1";"94";"94065";"1";"1";"2";"2";"A86 INT";"48,7534000";"2,3783000"
"202000037514";"29";"7";"2020";"19:00";"1";"69";"69386";"2";"1";"1";"6";"DUQUESNE                            (R )";"45,7724000";"4,8426100"
"202000037515";"7";"12";"2020";"08:35";"5";"56";"56121";"2";"6";"2";"2";"FRANCE ( AVE ANATOLE )";"47,7453800";" -3,3678900"
"202000037516";"16";"1";"2020";"07:20";"4";"24";"24102";"1";"1";"1";"3";"ALISIERS( ALLEE)";"45,2124140";"0,6464540"
"202000037517";"29";"7";"2020";"14:30";"1";"69";"69259";"2";"2";"1";" -1";"JEAN JAURES                         (AV)";"45,7035400";"4,8797100"
"202000037518";"27";"10";"2020";"07:00";"3";"44";"44184";"2";"1";"3";"2";"PERTUIS (AVENUE DU)";"47,2795800";" -2,2010100"
"202000037519";"29";"7";"2020";"08:55";"1";"69";"69259";"1";"9";"1";"2";"LAURENT BONNEVAY                    (BD)";"45,7197100";"4,8803300"
"202000037520";"2";"7";"2020";"01:15";"3";"974";"97416";"1";"1";"2";"6";"ARCHAMBAUD (RUE)";" -21,3269700";"55,4836000"
"202000037521";"26";"9";"2020";"07:20";"5";"91";"91589";"2";"2";"1";"6";"DUNANT (RUE HENRI)";"48,6807590";"2,3426650"
"202000037522";"29";"11";"2020";"14:20";"1";"54";"54483";"2";"1";"1";"1";"FRANCE (RUE ANATOLE)";"48,6319100";"6,3053800"
"202000037523";"29";"7";"2020";"08:20";"1";"69";"69386";"2";"1";"1";"3";"VITTON                              (CO)";"45,7697600";"4,8547900"
"202000037524";"27";"10";"2020";"09:00";"1";"44";"44114";"2";"3";"1";"3";"AVENUE DE LA PRAUDIERE";"47,2590811";" -1,5810217"
"202000037525";"27";"10";"2020";"19:10";"5";"35";"35051";"2";"9";"2";"3";"TAILLIS (ROND-POINT DU)";"48,1115500";" -1,6208200"
"202000037526";"23";"10";"2020";"10:10";"1";"34";"34301";"2";"1";"1";"2";"RD2 Route de Balaruc";"43,4138370";"3,6959280"
"202000037527";"26";"9";"2020";"15:50";"1";"91";"91570";"2";"1";"1";"3";"GAMBETTA (RUE + PTT)";"48,6337800";"2,3096300"
"202000037528";"29";"7";"2020";"21:45";"5";"69";"69389";"2";"2";"1";"3";"ROSA PARKS                        (AV)";"45,7867200";"4,7883000"
"202000037529";"7";"12";"2020";"19:07";"5";"49";"49007";"2";"1";"2";"6";"JEAN XXIII AVENUE";"47,4476700";" -0,5625600"
"202000037530";"29";"7";"2020";"18:00";"1";"69";"69382";"2";"1";"1";"2";"DENUZIERE                           (R )";"45,7463000";"4,8209000"
"202000037531";"27";"10";"2020";"13:00";"1";"33";"33119";"2";"3";"2";"2";"BD ENTRE DEUX MERS";"44,8465800";" -0,5366900"
"202000037532";"26";"10";"2020";"09:10";"1";"31";"31555";"1";"1";"2";"6";"VA007355 PURPAN A620 Sortie 29";"43,6042700";"1,4038200"
"202000037533";"7";"12";"2020";"08:40";"2";"44";"44184";"2";"3";"2";"1";"LEFERME (BOULEVARD PAUL)";"47,2840300";" -2,2014600"
"202000037534";"1";"7";"2020";"15:10";"1";"974";"97411";"2";"2";"1";"3";"ROSTAND (RUE EDMOND)";" -20,8863800";"55,4698100"
"202000037535";"26";"9";"2020";"02:20";"3";"91";"91691";"2";"1";"1";"1";"CD 94";"48,7070300";"2,4968800"
"202000037536";"30";"7";"2020";"00:20";"5";"2B";"2B033";"1";"3";"1";"2";"11 - RT";"42,6600000";"9,4434000"
"202000037537";"26";"9";"2020";"15:00";"1";"91";"91479";"2";"1";"1";"4";"FONTAINEBLEAU (ROUTE DE)";"48,7161600";"2,3708300"
"202000037538";"29";"7";"2020";"16:52";"1";"2B";"2B033";"2";"1";"1";"3";"SAMPIERO CORSO - AV";"42,6737000";"9,4428000"
"202000037539";"25";"9";"2020";"18:13";"1";"79";"79191";"2";"2";"1";"3";"Route d'Aiffres";"46,3140500";" -0,4499100"
"202000037540";"8";"12";"2020";"10:05";"1";"44";"44109";"2";"1";"1";"3";"ORRION ( BD HENRY )";"47,2338100";" -1,5616100"
"202000037541";"21";"10";"2020";"15:30";"1";"31";"31557";"2";"1";"1";"6";"DOUMERGUE (RUE GASTON)";"43,5873700";"1,3549100"
"202000037542";"27";"10";"2020";"23:34";"5";"29";"29232";"2";"1";"1";"7";"29 Rue du Frugy";"47,9880347";" -4,1066001"
"202000037543";"27";"10";"2020";"14:00";"1";"29";"29232";"2";"1";"2";"6";"Rue Jean Jaures";"47,9935612";" -4,0972343"
"202000037544";"26";"10";"2020";"12:50";"1";"29";"29232";"2";"6";"2";"6";"Avenue de la France Libre";"48,0101700";" -4,0959000"
"202000037545";"27";"10";"2020";"11:25";"1";"29";"29232";"1";"1";"2";"6";"D34 - Boulevard Louis Le Guennec";"47,9841700";" -4,1127200"
"202000037546";"15";"10";"2020";"16:40";"1";"29";"29019";"2";"1";"1";"6";"Rue Jules Lesven";"48,4105800";" -4,4861100"
"202000037547";"27";"10";"2020";"09:50";"1";"27";"27299";"2";"3";"2";"3";"BRIAND (AVENUE ARISTIDE)";"49,0498100";"1,1642600"
"202000037548";"4";"11";"2020";"18:50";"5";"44";"44109";"2";"1";"1";"6";"ALLEE BEAU RIVAGE";"47,2042908";" -1,5390741"
"202000037549";"29";"7";"2020";"11:00";"1";"91";"91216";"1";"1";"1";"6";"BALLAINVILLIERS (RUE)";"48,6715400";"2,3049100"
"202000037550";"5";"12";"2020";"10:45";"1";"40";"40192";"2";"1";"3";"6";"VICTOR HUGO";"43,8931800";" -0,4998600"
"202000037551";"27";"10";"2020";"17:00";"1";"26";"26198";"2";"6";"1";"3";"Rue Charles Peguy";"44,5416400";"4,7498500"
"202000037552";"26";"7";"2020";"09:20";"1";"91";"91471";"2";"2";"1";"3";"FERME (RUE DE LA)";"48,6847900";"2,1836100"
"202000037553";"8";"12";"2020";"12:10";"1";"37";"37208";"2";"1";"1";"6";"GRANDMONT (RUE DE)";"47,3650813";"0,7167619"
"202000037554";"29";"7";"2020";"09:35";"1";"91";"91434";"2";"3";"1";"6";"COMPIEGNE (VOIE DE)";"48,6524620";"2,3564120"
"202000037555";"27";"10";"2020";"23:45";"5";"25";"25056";"2";"2";"1";"6";"CRAS RUE DES";"47,2608300";"6,0420600"
"202000037556";"30";"6";"2020";"12:20";"1";"974";"97411";"1";"4";"1";"3";"Rue du Général de Gaulle";" -20,8854800";"55,4578600"
"202000037557";"26";"9";"2020";"19:50";"5";"77";"77337";"2";"6";"1";"3";"PIERRE CARLE (BOULEVARD) - D10P";"48,8518400";"2,6211100"
"202000037558";"7";"12";"2020";"14:10";"1";"37";"37233";"2";"3";"1";"3";"GRAND COUR (RUE DE LA)";"47,3897844";"0,7152674"
"202000037559";"26";"9";"2020";"23:25";"5";"77";"77305";"2";"1";"2";"1";"COLLINE SAINT MARTIN (AVENUE DE LA)";"48,3973700";"2,9664500"
"202000037560";"25";"9";"2020";"09:30";"1";"76";"76540";"1";"1";"2";"4";"GRAND COURS. AVENUE DU";"49,4274300";"1,1035900"
"202000037561";"3";"12";"2020";"18:25";"5";"37";"37122";"2";"6";"1";"7";"DOUZILLIERE (RUE DE LA)";"47,3390653";"0,6531266"
"202000037562";"29";"7";"2020";"14:35";"1";"91";"91174";"2";"9";"1";"2";"PARIS (RUE)";"48,6047000";"2,4674400"
"202000037563";"26";"10";"2020";"12:00";"1";"15";"15014";"2";"1";"1";"3";"avenue des volontaires";"44,9152000";"2,4403600"
"202000037564";"4";"12";"2020";"17:45";"5";"37";"37261";"2";"4";"1";"7";"CLOCHEVILLE (RUE DE)";"47,3920178";"0,6863895"
"202000037565";"29";"7";"2020";"12:05";"1";"91";"91174";"2";"1";"1";"6";"JEAN COCTEAU (RUE)";"48,6080500";"2,4489860"
"202000037566";"27";"10";"2020";"22:50";"1";"14";"14118";"1";"1";"2";"3";"BAYEUX (RUE DU143 IMPAIR . 160 PAIR";"49,1832500";" -0,3857100"
"202000037567";"27";"10";"2020";"16:00";"2";"13";"13215";"2";"1";"7";"3";"LE CHATELIER";"43,3470900";"5,3684300"
"202000037568";"29";"7";"2020";"16:00";"1";"91";"91114";"2";"1";"1";"2";"VERDUN";"48,7087200";"2,5105600"
"202000037569";"4";"12";"2020";"12:25";"1";"37";"37208";"2";"1";"1";"3";"GRANGES (RUE DES)";"47,3683837";"0,7195479"
"202000037570";"25";"9";"2020";"07:47";"1";"74";"74012";"2";"3";"2";"3";"PASTEUR (AVENUE)";"46,1929500";"6,2374300"
"202000037571";"1";"7";"2020";"08:55";"1";"69";"69387";"2";"1";"1";"3";"TONY GARNIER                        (AV)";"45,7309800";"4,8241500"
"202000037572";"27";"10";"2020";"13:05";"1";"13";"13212";"2";"1";"1";"2";"BOISERAIE (RUE)";"43,2976643";"5,4217261"
"202000037573";"29";"7";"2020";"10:13";"1";"87";"87085";"2";"1";"1";"6";"BEAUBREUIL (AVENUE DE)";"45,8809200";"1,2947400"
"202000037574";"25";"9";"2020";"17:30";"1";"72";"72181";"2";"1";"1";"2";"LAIGNE RUE DE N° PAIRS 206 A 258";"47,9739000";"0,2109000"
"202000037575";"11";"7";"2020";"00:40";"5";"86";"86066";"2";"7";"1";"3";"Rue Gaudeau Lerpinière";"46,8177790";"0,5425660"
"202000037576";"29";"6";"2020";"16:30";"1";"972";"97209";"2";"1";"1";"2";"RAVINE VILAINE (CHEMIN DEPARTEMENTAL DE)";"14,6279500";" -61,0600800"
"202000037577";"27";"10";"2020";"08:25";"1";"13";"13210";"2";"1";"1";"3";"FLORIAN ( ROND POINT)";"43,2850000";"5,4250000"
"202000037578";"25";"9";"2020";"06:30";"5";"72";"72181";"2";"3";"1";"3";"SEMARD PIERRE (RUE)";"47,9959000";"0,2077700"
"202000037579";"29";"7";"2020";"16:20";"1";"83";"83069";"2";"1";"1";"6";"FRANKLIN (RUE)";"43,1218840";"6,1290080"
"202000037580";"30";"6";"2020";"14:10";"1";"69";"69381";"2";"1";"1";"6";"IMBERT COLOMES                      (R )";"45,7714804";"4,8338021"
"202000037581";"1";"12";"2020";"07:00";"5";"35";"35241";"1";"6";"1";"3";"LIBERATION (BOULEVARD DE LA)";"48,6153600";" -2,0575700"
"202000037582";"21";"6";"2020";"20:10";"5";"971";"97101";"2";"1";"1";"6";"ACHILLE RENE BOISNEUF (RUE)";"16,2729200";" -61,5050600"
"202000037583";"8";"12";"2020";"17:35";"5";"35";"35238";"2";"1";"1";"3";"ROOSEVELT (BD FRANKLIN)";"48,0972500";" -1,6577100"
"202000037584";"8";"12";"2020";"11:05";"1";"35";"35238";"2";"1";"1";"6";"SAINT-HELIER";"48,1033700";" -1,6626000"
"202000037585";"30";"6";"2020";"13:40";"1";"971";"97120";"1";"1";"1";"5";"Secteur Pont de la Gabarre";"16,2531400";" -61,5462000"
"202000037586";"8";"12";"2020";"08:25";"1";"35";"35051";"2";"1";"2";"1";"PARES (RUE DES VAUX)";"48,1126619";" -1,6269985"
"202000037587";"1";"7";"2020";"16:45";"1";"2A";"2A004";"2";"1";"1";"2";"ILES SANGUINAIRES ROUTE DES";"41,9090703";"8,7190614"
"202000037588";"30";"11";"2020";"11:45";"1";"34";"34172";"2";"1";"1";"3";"MONTASINOS (RUE DE";"43,6298000";"3,8795000"
"202000037589";"28";"7";"2020";"21:25";"1";"78";"78361";"2";"7";"1";"7";"BOULEVARD SULLY 1";"48,9968300";"1,6764500"
"202000037590";"27";"9";"2020";"01:35";"3";"71";"71189";"1";"1";"3";"7";"RD 978 B";"46,7614985";"4,8781031"
"202000037591";"26";"10";"2020";"13:40";"1";"13";"13213";"2";"9";"1";"3";"JEAN PAUL SARTRE (AVENUE)";"43,3141400";"5,4061500"
"202000037592";"4";"11";"2020";"16:00";"1";"34";"34172";"2";"1";"1";"3";"SAINT VINCENT DE PAUL (RUE)";"43,6214050";"3,8752400"
"202000037593";"27";"10";"2020";"16:30";"1";"13";"13047";"1";"1";"1";"1";"D.16";"43,5248800";"5,0083400"
"202000037594";"27";"10";"2020";"11:55";"1";"13";"13005";"2";"9";"1";"6";"RN 8";"43,2856700";"5,5547000"
"202000037595";"27";"10";"2020";"21:00";"5";"13";"13001";"2";"1";"1";"2";"BELGES (AV DES)";"43,5252000";"5,4443800"
"202000037596";"26";"10";"2020";"13:20";"1";"13";"13001";"2";"1";"1";"5";"RD 543";"43,4920820";"5,3506260"
"202000037597";"26";"10";"2020";"10:45";"1";"13";"13001";"2";"9";"8";"3";"BOIS DE L'AUNE (ROTONDE DU)";"43,5244800";"5,4156000"
"202000037598";"24";"10";"2020";"14:40";"1";"12";"12202";"2";"1";"1";"7";"VIEUX CHENES (RUE DES)";"44,3591600";"2,5857400"
"202000037599";"27";"10";"2020";"09:10";"1";"07";"07316";"1";"1";"1";" -1";"LONES (PONT DES)";"44,9199000";"4,8624000"
"202000037600";"27";"10";"2020";"19:20";"5";"06";"06088";"2";"3";"1";"3";"ITALIE (R. D')";"43,7025900";"7,2625310"
"202000037601";"27";"10";"2020";"14:15";"1";"06";"06069";"1";"1";"1";"7";"PLAN (ROUTE DU) -D304-";"43,6508500";"6,9485800"
"202000037602";"27";"10";"2020";"11:20";"1";"06";"06069";"2";"1";"1";"3";"DRAGUIGNAN (ROUTE DE) - D2562-";"43,6442490";"6,8990000"
"202000037603";"23";"10";"2020";"11:50";"1";"06";"06123";"1";"1";"2";"3";"PUGETS MOYENNE CORNICHE DES";"43,6997150";"7,1759270"
"202000037604";"26";"9";"2020";"00:25";"5";"69";"69266";"2";"6";"2";"2";"CHARLES DE GAULLE   (Rond-point)";"45,7848200";"4,8642100"
"202000037605";"1";"7";"2020";"15:35";"1";"91";"91377";"2";"4";"2";"2";"BOEUFS (CHEMIN DES)";"48,7247000";"2,2553000"
"202000037606";"26";"10";"2020";"12:17";"1";"05";"05061";"2";"3";"8";"3";"PROVENCE (ALLEE DE)";"44,5462400";"6,0638700"
"202000037607";"27";"10";"2020";"12:00";"1";"75";"75119";"2";"3";"2";"7";"BOULEVARD MACDONALD";"48,8970040";"2,3924160"
"202000037608";"8";"12";"2020";"16:35";"1";"33";"33318";"2";"6";"1";"3";"AVE DES PROVINCES";"44,7947000";" -0,6822500"
"202000037609";"28";"7";"2020";"14:15";"1";"76";"76540";"2";"2";"1";"3";"NEUFCHATEL. ROUTE DE (RN 28)";"49,4505500";"1,0986900"
"202000037610";"30";"6";"2020";"08:52";"1";"87";"87085";"2";"1";"1";"2";"BLANC LOUIS (BOULEVARD)";"45,8283400";"1,2615600"
"202000037611";"25";"9";"2020";"12:50";"1";"64";"64102";"2";"1";"3";"2";"HENRI DE NAVARRE (AVENUE)";"43,5074200";" -1,4449300"
"202000037612";"27";"9";"2020";"23:40";"5";"59";"59328";"2";"3";"2";"3";"BOIS RUE DU";"50,6452100";"3,0379900"
"202000037613";"29";"7";"2020";"18:36";"1";"74";"74119";"2";"3";"1";"3";"BISSINGES (ROUTE DE) A PARTIR DES BOCQUI";"46,3977000";"6,5740000"
"202000037614";"26";"9";"2020";"16:50";"1";"54";"54375";"1";"1";"2";"7";"RD 958  ";"48,8993100";"5,9933100"
"202000037615";"27";"10";"2020";"20:35";"5";"75";"75118";"2";"7";"2";"6";"RUE MARX DORMOY";"48,8902310";"2,3599210"
"202000037616";"9";"7";"2020";"19:15";"1";"65";"65417";"2";"1";"1";"1";"PASTEUR (RUE)";"43,2297000";"0,0928000"
"202000037617";"26";"9";"2020";"15:44";"1";"54";"54184";"2";"1";"1";"2";"AGINCOURT  (ANCIENNE ROUTE D')";"48,7116500";"6,2391100"
"202000037618";"8";"12";"2020";"14:25";"1";"33";"33063";"2";"3";"1";"3";"BD ALBERT 1ER (2-198) PAIRS";"44,8143400";" -0,5705900"
"202000037619";"1";"7";"2020";"19:44";"1";"83";"83137";"2";"1";"7";"3";"FOCH (AVE DU MARECHAL)";"43,1270440";"5,9211870"
"202000037620";"27";"10";"2020";"14:00";"1";"75";"75118";"2";"3";"2";"3";"BOULEVARD BARBES";"48,8871710";"2,3495740"
"202000037621";"26";"9";"2020";"14:00";"1";"45";"45208";"2";"2";"1";"3";"Avenue de Lattre de Tassigny";"48,0013600";"2,7243500"
"202000037622";"29";"7";"2020";"17:20";"1";"64";"64483";"2";"1";"1";"2";"HABAS MATHIEU OU PERE (AVENUE DE)";"43,3890600";" -1,6498200"
"202000037623";"26";"9";"2020";"17:00";"1";"35";"35051";"2";"2";"1";"3";"BUTTES DE COESMES (AVENUE DES)";"48,1271500";" -1,6288400"
"202000037624";"1";"7";"2020";"12:40";"1";"83";"83137";"2";"1";"1";"6";"CHARCOT (QUAI JEAN)";"43,1276700";"5,8996000"
"202000037625";"8";"12";"2020";"08:00";"1";"33";"33281";"2";"2";"1";"3";"AVE MONTESQUIEU";"44,8463900";" -0,6350900"
"202000037626";"27";"9";"2020";"02:45";"5";"33";"33063";"2";"1";"1";"2";"RUE DE LA BENAUGE";"44,8403000";" -0,5557900"
"202000037627";"27";"10";"2020";"08:45";"1";"75";"75118";"2";"3";"1";"3";"RUE ORDENER";"48,8938230";"2,3350750"
"202000037628";"23";"9";"2020";"08:26";"1";"29";"29019";"2";"6";"1";"3";"Avenue Victor le Gorgeu";"48,4007433";" -4,4997479"
"202000037629";"30";"11";"2020";"01:15";"5";"31";"31555";"2";"1";"1";"3";"CURIE (BD PIERRE) DU 1AU 145";"43,6261700";"1,4371100"
"202000037630";"27";"10";"2020";"09:00";"1";"75";"75117";"2";"4";"1";"6";"AVENUE DE CLICHY";"48,8912530";"2,3190890"
"202000037631";"29";"7";"2020";"21:15";"1";"64";"64102";"1";"1";"1";"6";"JOUANDIN (AVENUE)";"43,5019200";" -1,4538800"
"202000037632";"30";"6";"2020";"19:10";"1";"83";"83129";"2";"1";"1";"2";"ROUVEAU (RUE DU)";"43,1162760";"5,8100800"
"202000037633";"7";"12";"2020";"22:40";"5";"30";"30189";"2";"1";"1";"3";"KENNEDY (AVENUE)";"43,8262200";"4,3323700"
"202000037634";"3";"12";"2020";"17:45";"5";"27";"27681";"2";"2";"1";"6";"CHICO MENDES (RUE)";"49,0810800";"1,4957200"
"202000037635";"30";"6";"2020";"12:45";"1";"79";"79081";"2";"6";"1";"2";"Rue André Bellot";"46,3456500";" -0,3994900"
"202000037636";"29";"7";"2020";"15:15";"1";"64";"64024";"2";"3";"1";"1";"MONTBRUN (AVENUE DE)";"43,5032900";" -1,5096900"
"202000037637";"26";"9";"2020";"18:30";"1";"14";"14118";"2";"1";"8";"6";"ORATOIRE (RUE DE L')";"49,1808300";" -0,3605300"
"202000037638";"8";"12";"2020";"07:30";"2";"26";"26281";"2";"1";"2";"6";"DORMOY MARX (BOULEVARD)";"45,0476300";"5,0548400"
"202000037639";"7";"12";"2020";"07:55";"2";"19";"19031";"2";"3";"1";"3";"PASTEUR (AVENUE)";"45,1676700";"1,5314900"
"202000037640";"8";"12";"2020";"10:40";"1";"17";"17306";"2";"1";"1";"3";"PAPIN DENIS";"45,6325400";" -0,9920300"
"202000037641";"8";"12";"2020";"19:50";"5";"17";"17028";"2";"2";"1";"3";"MAILLES   RUE DES COTTES";"46,1415190";" -1,1214700"
"202000037642";"8";"12";"2020";"18:00";"5";"14";"14118";"2";"1";"8";"3";"BRETAGNE (RUE DE )";"49,1823400";" -0,3789600"
"202000037643";"1";"7";"2020";"19:55";"1";"78";"78586";"2";"1";"1";"3";"BARBUSSE (HENRI)";"48,9377000";"2,1964100"
"202000037644";"8";"12";"2020";"21:00";"5";"13";"13213";"2";"6";"1";"3";"BACHAGA BOUALAM (ROND POINT)";"43,3391600";"5,4204100"
"202000037645";"8";"12";"2020";"20:08";"5";"13";"13209";"2";"1";"1";"7";"MARÉCHAL DE LATTRE (AVENUE)";"43,2492200";"5,4056300"
"202000037646";"1";"7";"2020";"12:48";"1";"76";"76484";"1";"1";"2";"1";"D 13";"49,3453200";"1,0753600"
"202000037647";"30";"6";"2020";"14:23";"1";"76";"76552";"2";"1";"1";"7";"OCTEVILLE";"49,5158000";"0,0856000"
"202000037648";"8";"12";"2020";"09:45";"1";"13";"13208";"2";"1";"1";"3";"PARADIS (RUE)";"43,2759690";"5,3841580"
"202000037649";"26";"10";"2020";"13:15";"1";"75";"75116";"2";"3";"1";"4";"ALLEE DU BORD DE L EAU";"48,8534560";"2,2264190"
"202000037650";"1";"7";"2020";"20:55";"2";"69";"69266";"2";"2";"8";"3";"TOLSTOI    (Cours)";"45,7616273";"4,8820110"
"202000037651";"29";"7";"2020";"13:40";"1";"64";"64140";"2";"2";"1";"3";"POLITZER (RUE GEORGES)";"43,5159000";" -1,4853000"
"202000037652";"27";"10";"2020";"20:50";"5";"75";"75114";"2";"1";"2";"7";"AVENUE DENFERT ROCHEREAU";"48,8357380";"2,3338860"
"202000037653";"25";"11";"2020";"16:30";"1";"13";"13209";"2";"9";"1";" -1";"MAZARGUES (AVENUE DE)";"43,2598080";"5,3940780"
"202000037654";"7";"12";"2020";"21:19";"5";"13";"13206";"2";"2";"2";"1";"BRETEUIL (RUE)";"43,2900000";"5,3750000"
"202000037655";"18";"6";"2020";"15:30";"1";"69";"69256";"2";"2";"1";"3";"FRANKLIN ROOSEVELT                  (R )";"45,7678700";"4,9366500"
"202000037656";"7";"12";"2020";"17:30";"5";"13";"13208";"2";"1";"2";"3";"ANDRE ZENATTI (AVENUE)";"43,2462828";"5,3880362"
"202000037657";"30";"6";"2020";"17:40";"1";"69";"69290";"2";"3";"1";"3";"ST BONNET DE MURE (DE)              (CH)";"45,6915623";"4,9681789"
"202000037658";"7";"12";"2020";"17:10";"5";"13";"13209";"2";"1";"2";"3";"MICHELET (BOULEVARD)";"43,2513000";"5,4033000"
"202000037659";"29";"11";"2020";"14:45";"1";"13";"13005";"2";"1";"1";"2";"ESPILLIERES (CHEMIN DES)";"43,2820324";"5,5728069"
"202000037660";"8";"12";"2020";"11:10";"1";"09";"09225";"2";"3";"3";"3";"PORTAIL ROUGE RUE DU";"43,1171000";"1,6136000"
"202000037661";"8";"12";"2020";"08:40";"1";"07";"07102";"2";"1";"8";"2";"CHARLES DE GAULLE (BOULEVARD)";"44,9357000";"4,8837000"
"202000037662";"26";"9";"2020";"22:45";"5";"13";"13215";"2";"2";"1";"3";"SAINT ANTOINE A SAINT JOSEPH (CHEMIN DE)";"43,3603300";"5,3638500"
"202000037663";"8";"12";"2020";"19:16";"5";"06";"06088";"2";"2";"1";"3";"ROUX (R. DR EMILE)";"43,6753100";"7,2271500"
"202000037664";"25";"9";"2020";"14:40";"1";"13";"13214";"2";"2";"1";"3";"ROLAND DORGELES (BOULEVARD)";"43,3484240";"5,3764690"
"202000037665";"8";"12";"2020";"19:50";"3";"06";"06069";"1";"1";"1";"7";"PEGOMAS (ROUTE DE)";"43,6218740";"6,9251890"
"202000037666";"30";"6";"2020";"17:20";"1";"69";"69092";"2";"1";"1";"4";"GAP (avenue Alfred)";"46,0082100";"4,7185100"
"202000037667";"2";"12";"2020";"16:55";"2";"02";"02691";"2";"3";"1";"6";"JOLIOT-CURIE (AV. FREDERIC)";"49,8598700";"3,2939000"
"202000037668";"27";"10";"2020";"11:00";"1";"75";"75114";"2";"2";"2";"6";"RUE BENARD";"48,8317630";"2,3219840"
"202000037669";"26";"9";"2020";"19:02";"1";"10";"10333";"2";"1";"1";"3";"PRESIDENT WILSON (RUE)";"48,2893600";"4,0644300"
"202000037670";"29";"7";"2020";"12:30";"1";"64";"64102";"2";"2";"1";"3";"BOUFFLERS (ALLEES)";"43,4914000";" -1,4694000"
"202000037671";"30";"6";"2020";"16:50";"1";"64";"64129";"2";"6";"1";"3";"PLAINE";"43,2997800";" -0,3989100"
"202000037672";"17";"11";"2020";"18:10";"5";"02";"02691";"2";"3";"1";"3";"NOIRMONT (CHEMIN)";"49,8473500";"3,2685900"
"202000037673";"27";"10";"2020";"20:05";"5";"75";"75113";"2";"7";"2";"6";"AVENUE D ITALIE";"48,8309560";"2,3555790"
"202000037674";"1";"7";"2020";"19:19";"1";"64";"64024";"2";"1";"1";"7";"FRANÇOIS DOMAIN (PONT)";"43,4943900";" -1,5280300"
"202000037675";"8";"12";"2020";"19:00";"3";"75";"75120";"2";"4";"1";"3";"PORTE DE BAGNOLET";"48,8648350";"2,4137150"
"202000037676";"1";"7";"2020";"17:10";"1";"64";"64102";"2";"1";"1";"3";"ALSACE LORRAINE (BOULEVARD)";"43,4952100";" -1,4698100"
"202000037677";"29";"7";"2020";"18:30";"1";"62";"62193";"2";"3";"1";"3";"DE GAULLE (BOULEVARD GENERAL)";"50,9627100";"1,8421000"
"202000037678";"26";"9";"2020";"12:17";"1";"10";"10325";"2";"3";"1";"3";"PARMENTIER (RUE)";"48,2626000";"4,0655000"
"202000037679";"8";"12";"2020";"08:50";"1";"75";"75116";"2";"1";"1";"3";"PORTE DAUPHINE";"48,8721120";"2,2738190"
"202000037680";"27";"6";"2020";"20:00";"1";"62";"62193";"2";"1";"1";"7";"MARTIN LUTHER KING";"50,9549600";"1,8955370"
"202000037681";"27";"10";"2020";"16:45";"1";"75";"75113";"2";"1";"8";"6";"RUE DE PATAY";"48,8247270";"2,3759120"
"202000037682";"27";"7";"2020";"14:40";"1";"62";"62764";"2";"1";"1";" -1";"GRENIER ( RESIDENCE HENRI )";"50,3057910";"2,7875570"
"202000037683";"25";"9";"2020";"22:55";"5";"07";"07186";"2";"1";"1";"6";"CHOMERAC (AVENUE DE)  DU 1 AU 27 ET DU 2";"44,7340650";"4,5961820"