"Num_Acc";"jour";"mois";"an";"hrmn";"lum";"dep";"com";"agg";"int";"atm";"col";"adr";"lat";"long"
"202000037684";"7";"12";"2020";"18:15";"5";"75";"75114";"2";"1";"1";"3";"PORTE D ORLEANS";"48,8216480";"2,3178870"
"202000037685";"1";"7";"2020";"20:25";"1";"59";"59183";"2";"1";"1";"3";"PERES ACHILLE";"51,0080478";"2,3321786"
"202000037686";"29";"7";"2020";"08:15";"1";"59";"59193";"2";"1";"1";"3";"Seclin, rue de";"50,5847115";"3,0122334"
"202000037687";"7";"12";"2020";"15:00";"1";"75";"75117";"2";"2";"8";"6";"AVENUE DES TERNES";"48,8800010";"2,2883690"
"202000037688";"25";"9";"2020";"23:45";"5";"06";"06088";"2";"2";"1";"1";"CESSOLE (BD DE) (JUSQU'AU N° 93-110)";"43,7101700";"7,2619500"
"202000037689";"27";"7";"2020";"16:30";"1";"59";"59178";"2";"1";"1";"4";"CLOCHETTE (RUE DE LA)";"50,3714900";"3,0986500"
"202000037690";"30";"6";"2020";"08:15";"1";"55";"55545";"2";"1";"2";"2";"MIRIBEL ( AVENUE )";"49,1677300";"5,3945800"
"202000037691";"26";"9";"2020";"10:30";"1";"01";"01053";"2";"2";"1";"3";"Avenue Amedée Mercier";"46,2036000";"5,2426000"
"202000037692";"8";"12";"2020";"17:13";"5";"75";"75120";"2";"2";"1";"6";"RUE DES PYRENEES";"48,8514860";"2,4062850"
"202000037693";"23";"7";"2020";"20:30";"2";"58";"58194";"2";"1";"1";"3";"CHAMP DE FOIRE AUX MOUTONS (PLACE)";"46,9882000";"3,1651000"
"202000037694";"27";"10";"2020";"10:30";"1";"75";"75113";"2";"3";"1";"3";"BOULEVARD DE L HOPITAL";"48,8388710";"2,3609910"
"202000037695";"26";"9";"2020";"08:00";"1";"01";"01451";"2";"6";"8";"2";"MAJORNAS ( RUE DE )";"46,2274000";"5,2193000"
"202000037696";"8";"12";"2020";"14:30";"1";"75";"75116";"2";"7";"1";"3";"PLACE CHARLES DE GAULLE";"48,8737200";"2,2941000"
"202000037697";"27";"7";"2020";"16:45";"1";"56";"56098";"2";"1";"1";"6";"KESLER-DEVILLERS ( AV. )";"47,7686700";" -3,3449700"
"202000037698";"1";"7";"2020";"23:07";"5";"54";"54547";"2";"1";"1";"7";"HORTENSIAS (ALLEE DES)";"48,6650183";"6,1886877"
"202000037699";"26";"9";"2020";"12:00";"1";"75";"75120";"2";"1";"1";"2";"PORTE DE BAGNOLET";"48,8617120";"2,4136970"
"202000037700";"28";"7";"2020";"20:51";"1";"51";"51454";"2";"3";"1";"3";"Rue du Colonel Fabien";"49,2492094";"4,0166193"
"202000037701";"25";"9";"2020";"18:45";"2";"75";"75117";"2";"1";"1";"3";"BOULEVARD PERIPHERIQUE";"48,8993110";"2,3183800"
"202000037702";"27";"10";"2020";"11:35";"1";"75";"75111";"2";"1";"2";"6";"IMPASSE DELEPINE";"48,8531550";"2,3895900"
"202000037703";"28";"7";"2020";"15:48";"1";"49";"49353";"2";"1";"1";"3";"VAILLANT";"47,4504100";" -0,4896700"
"202000037704";"7";"12";"2020";"22:05";"5";"75";"75115";"2";"2";"1";"3";"BOULEVARD DE GRENELLE";"48,8489750";"2,2978250"
"202000037705";"30";"6";"2020";"09:50";"1";"54";"54382";"2";"1";"1";"3";"EUROPE (AVENUE DE L')";"49,5484000";"5,8095000"
"202000037706";"29";"7";"2020";"01:35";"3";"47";"47323";"1";"1";"1";"6";"SENGRUERE";"44,4060520";"0,7566300"
"202000037707";"30";"6";"2020";"21:09";"1";"54";"54483";"2";"1";"1";"6";"D 400";"48,6357400";"6,2875900"
"202000037708";"25";"9";"2020";"10:50";"1";"75";"75117";"2";"4";"1";"5";"PORTE D ASNIERES";"48,8901070";"2,2978960"
"202000037709";"8";"12";"2020";"16:05";"1";"75";"75113";"2";"2";"1";"6";"RUE DE TOLBIAC";"48,8261090";"2,3440530"
"202000037710";"27";"10";"2020";"12:00";"1";"75";"75110";"2";"1";"2";"3";"RUE DU FAUBOURG DU TEMPLE";"48,8690970";"2,3683420"
"202000037711";"29";"7";"2020";"11:20";"1";"45";"45284";"1";"1";"1";"4";"D2060 - 92+10";"47,9247100";"1,9775500"
"202000037712";"8";"12";"2020";"17:40";"5";"75";"75111";"2";"1";"1";"6";"AVENUE DE LA REPUBLIQUE";"48,8650340";"2,3757770"
"202000037713";"26";"9";"2020";"20:00";"5";"75";"75112";"2";"1";"1";"6";"RUE CLAUDE DECAEN";"48,8344180";"2,4010120"
"202000037714";"26";"6";"2020";"08:30";"1";"49";"49267";"2";"1";"1";"4";"PIE HARDIE";"47,4715935";" -0,4557746"
"202000037715";"1";"7";"2020";"08:45";"1";"45";"45302";"2";"1";"1";"3";"Rue des Bruères";"47,9501000";"1,9034000"
"202000037716";"26";"9";"2020";"06:13";"5";"75";"75116";"2";"1";"1";"6";"PORT DEBILLY";"48,8616900";"2,2931290"
"202000037717";"29";"7";"2020";"14:30";"5";"44";"44162";"2";"6";"1";"2";"Rue Christophe Colomb";"47,2249030";" -1,6222630"
"202000037718";"1";"7";"2020";"07:20";"1";"45";"45208";"2";"1";"1";"3";"Rue de la Sirene";"48,0003717";"2,7280067"
"202000037719";"7";"12";"2020";"15:57";"1";"75";"75107";"2";"3";"1";"5";"QUAI ANATOLE FRANCE";"48,8610910";"2,3241520"
"202000037720";"27";"10";"2020";"14:10";"1";"75";"75109";"2";"5";"2";"6";"RUE AUBER";"48,8730590";"2,3282970"
"202000037721";"25";"9";"2020";"18:50";"2";"75";"75118";"2";"5";"1";"3";"RUE DE CLIGNANCOURT";"48,8917140";"2,3487390"
"202000037722";"25";"9";"2020";"04:02";"5";"75";"75112";"2";"2";"2";"3";"AVENUE DAUMESNIL";"48,8349560";"2,4198210"
"202000037723";"30";"6";"2020";"21:00";"2";"45";"45208";"2";"4";"1";"4";"Avenue du Général de Gaulle";"48,0062401";"2,7391464"
"202000037724";"26";"9";"2020";"13:50";"1";"75";"75117";"2";"1";"1";"2";"BOULEVARD PERIPHERIQUE";"48,8893710";"2,2960980"
"202000037725";"1";"7";"2020";"19:55";"1";"35";"35238";"2";"2";"1";"1";"GALLET (AVENUE DU)";"48,1296000";" -1,6430100"
"202000037726";"26";"9";"2020";"20:45";"5";"75";"75116";"2";"2";"2";"3";"BOULEVARD EMILE AUGIER";"48,8629970";"2,2726240"
"202000037727";"27";"10";"2020";"12:20";"1";"75";"75109";"2";"1";"2";"6";"RUE D ATHENES";"48,8780420";"2,3289120"
"202000037728";"1";"7";"2020";"13:00";"1";"35";"35238";"2";"1";"1";"2";"DE LATTRE DE TASSIGNY (BD MARECHAL)";"48,1135300";" -1,6877300"
"202000037729";"8";"12";"2020";"16:30";"1";"75";"75104";"2";"3";"1";"1";"RUE SAINT ANTOINE";"48,8547870";"2,3624410"
"202000037730";"26";"9";"2020";"20:55";"5";"75";"75116";"2";"2";"2";"3";"RUE DE BOULAINVILLIERS";"48,8514710";"2,2782470"
"202000037731";"26";"10";"2020";"15:13";"1";"75";"75108";"2";"7";"1";"3";"PLACE DE LA CONCORDE";"48,8658430";"2,3198850"
"202000037732";"30";"6";"2020";"12:15";"1";"33";"33281";"2";"3";"1";"3";"AVE DE VERDUN / ACCES PARKING";"44,8393400";" -0,6307100"
"202000037733";"26";"9";"2020";"14:15";"1";"75";"75116";"2";"1";"1";"2";"VOIE GEORGES POMPIDOU";"48,8499160";"2,2775910"
"202000037734";"7";"12";"2020";"12:50";"1";"94";"94068";"2";"2";"1";"3";"CHAMPIGNY (BD DE)";"48,8060000";"2,5090000"
"202000037735";"3";"12";"2020";"20:40";"5";"94";"94068";"2";"1";"2";"6";"ALMA (AV DE L)";"48,7869330";"2,4952350"
"202000037736";"30";"6";"2020";"16:35";"1";"33";"33529";"2";"3";"1";"3";"FOIX (RUE GASTON) DU 38 ET +";"44,6293200";" -1,1415100"
"202000037737";"26";"9";"2020";"21:15";"5";"75";"75115";"2";"2";"2";"3";"RUE DE SEVRES";"48,8451450";"2,3110980"
"202000037738";"8";"12";"2020";"08:30";"1";"94";"94076";"2";"9";"1";"3";"PARIS (AV DE)";"48,8057300";"2,3637000"
"202000037739";"26";"10";"2020";"12:45";"1";"75";"75107";"2";"2";"1";"3";"AVENUE DE BRETEUIL";"48,8516420";"2,3125340"
"202000037740";"27";"10";"2020";"13:10";"1";"75";"75104";"2";"3";"2";"6";"RUE DE LOBAU";"48,8553250";"2,3527550"
"202000037741";"26";"9";"2020";"11:15";"1";"75";"75110";"2";"1";"1";"7";"BOULEVARD DE MAGENTA";"48,8693880";"2,3622400"
"202000037742";"8";"12";"2020";"16:30";"1";"94";"94077";"2";"1";"1";"1";"VOEUX SAINT GEORGES (R DES)";"48,7312230";"2,4383490"
"202000037743";"27";"10";"2020";"18:50";"5";"94";"94058";"2";"1";"2";"6";"BRY (AV DE)";"48,8354100";"2,4961680"
"202000037744";"30";"6";"2020";"20:15";"1";"33";"33529";"2";"2";"1";"3";"PINS (AVE DES)";"44,6333100";" -1,2001900"
"202000037745";"8";"12";"2020";"00:00";"5";"94";"94004";"2";"9";"1";"1";"BREVANNES (R DE)";"48,7689000";"2,5195000"
"202000037746";"27";"10";"2020";"20:40";"5";"94";"94046";"2";"1";"2";"2";"REPUBLIQUE (AV DE LA)";"48,8043520";"2,4375870"
"202000037747";"26";"9";"2020";"19:40";"2";"75";"75108";"2";"2";"2";"3";"AVENUE MARCEAU";"48,8724930";"2,2962110"
"202000037748";"8";"12";"2020";"07:55";"5";"94";"94071";"2";"9";"1";"6";"PRESIDENT JOHN KENNEDY (AV DU)";"48,7689000";"2,5195000"
"202000037749";"27";"10";"2020";"17:20";"5";"94";"94003";"2";"4";"2";"3";"GENERAL MALLERET JOINVILLE (AV DU)";"48,8039090";"2,3424260"
"202000037750";"1";"7";"2020";"11:55";"1";"31";"31555";"2";"1";"1";"3";"AV SALVADOR ALLENDE";"43,6599200";"1,4223000"
"202000037751";"7";"12";"2020";"20:00";"5";"93";"93066";"2";"1";"1";"3";"R AMBROISE CROIZAT";"48,9294000";"2,3511200"
"202000037752";"26";"9";"2020";"00:55";"5";"75";"75108";"2";"7";"1";"6";"PLACE DE LA MADELEINE";"48,8693320";"2,3247110"
"202000037753";"27";"10";"2020";"11:40";"1";"94";"94043";"2";"1";"8";"6";"FONTAINEBLEAU (AV DE)";"48,8127200";"2,3617400"
"202000037754";"17";"11";"2020";"17:08";"2";"93";"93064";"2";"1";"8";"1";"MONTGOLFIER (RUE J ET E)";"48,8848104";"2,4893256"
"202000037755";"25";"9";"2020";"15:00";"1";"75";"75102";"2";"3";"2";"7";"BOULEVARD DES ITALIENS";"48,8712820";"2,3359610"
"202000037756";"8";"12";"2020";"13:39";"1";"93";"93048";"2";"6";"1";"7";"FRANCOIS MITTERAND (PLACE)";"48,8650976";"2,4432832"
"202000037757";"29";"6";"2020";"18:35";"1";"30";"30189";"2";"6";"1";"3";"LECLERC GENERAL (AVENUE)";"43,8275900";"4,3745800"
"202000037758";"27";"10";"2020";"07:00";"5";"94";"94073";"2";"1";"1";" -1";"VERSAILLES (AV DE)";"48,7603100";"2,3997200"
"202000037759";"8";"12";"2020";"08:10";"2";"93";"93031";"2";"1";"1";"6";"FOCH (BOULEVARD)";"48,9477284";"2,3323739"
"202000037760";"25";"9";"2020";"10:00";"1";"75";"75102";"2";"4";"2";"7";"BOULEVARD DES ITALIENS";"48,8719970";"2,3399310"
"202000037761";"26";"10";"2020";"10:30";"1";"94";"94028";"2";"1";"1";"6";"LACHARRIERE.(RUE DU GENERAL)";"48,7856100";"2,4653800"
"202000037762";"8";"12";"2020";"12:50";"1";"93";"93027";"2";"1";"1";"6";"FERRY (RUE JULES)";"48,9269670";"2,3929852"
"202000037763";"26";"9";"2020";"21:05";"5";"94";"94081";"2";"2";"2";"3";"ANATOLE FRANCE (AV)";"48,8010000";"2,4020000"
"202000037764";"27";"10";"2020";"18:18";"3";"94";"94017";"2";"1";"2";"3";"Rue Louis Talamoni";"48,8131400";"2,5126000"
"202000037765";"8";"12";"2020";"07:25";"5";"93";"93027";"2";"6";"1";"2";"R WALDECK ROCHET / AV JEAN MERMOZ";"48,9322700";"2,3994100"
"202000037766";"26";"9";"2020";"16:40";"1";"94";"94078";"2";"1";"1";"2";"WINSTON CHURCHILL (AV)";"48,7535600";"2,4509300"
"202000037767";"1";"7";"2020";"08:15";"1";"25";"25204";"2";"3";"1";"5";"GRANDE RUE";"46,9293700";"6,3556500"
"202000037768";"8";"12";"2020";"08:05";"2";"93";"93005";"2";"1";"8";"6";"CAMILLE PELLETAN (RUE)";"48,9394448";"2,4947927"
"202000037769";"27";"10";"2020";"13:35";"1";"93";"93027";"2";"1";"2";"3";"AV JEAN JAURES";"48,9244900";"2,4023100"
"202000037770";"26";"9";"2020";"16:30";"1";"94";"94041";"2";"3";"1";"6";"PIERRE ET MARIE CURIE (R)";"48,8160000";"2,3771400"
"202000037771";"1";"7";"2020";"08:55";"1";"17";"17300";"2";"1";"1";"2";"ROBINET   AVENUE LEOPOLD";"46,1651800";" -1,1367700"
"202000037772";"27";"10";"2020";"10:40";"1";"93";"93064";"2";"9";"2";"3";"DE GAULLE (AV DU GENERAL) 58/49 - FIN";"48,8763688";"2,4807535"
"202000037773";"8";"12";"2020";"15:15";"1";"92";"92022";"2";"1";"1";"3";"SALENGRO (AVENUE ROGER)";"48,8177940";"2,1966581"
"202000037774";"26";"9";"2020";"14:20";"1";"94";"94028";"2";"1";"1";"1";"MECHES(CHEMIN DES)";"48,7846900";"2,4377400"
"202000037775";"1";"7";"2020";"14:10";"1";"14";"14220";"2";"2";"1";"3";"REPUBLIQUE (AVENUE DE LA)";"49,3589100";"0,0782749"
"202000037776";"8";"12";"2020";"17:55";"5";"92";"92062";"2";"1";"1";"4";"DE DION BOUTON (QUAI) DU 1 AU 28";"48,8818500";"2,2469400"
"202000037777";"26";"9";"2020";"15:22";"1";"93";"93077";"2";"1";"1";"2";"GRANDE RUE";"48,8826427";"2,5173456"
"202000037778";"27";"10";"2020";"17:00";"1";"93";"93048";"2";"2";"2";"3";"COLMET LEPINAY (RUE)";"48,8549620";"2,4429558"
"202000037779";"26";"10";"2020";"10:10";"1";"93";"93061";"2";"1";"1";"2";"R D'ESTIENNE D'ORVES";"48,8855460";"2,4028540"
"202000037780";"26";"9";"2020";"00:00";"5";"93";"93051";"2";"1";"8";"1";"FORT (AVE)";"48,8338500";"2,5609400"
"202000037781";"4";"12";"2020";"18:55";"5";"92";"92036";"2";"3";"1";"3";"THOMAS EDISON (RUE)";"48,9329330";"2,3128680"
"202000037782";"27";"10";"2020";"19:20";"5";"92";"92046";"2";"3";"2";"6";"AVAULEE (RUE)";"48,8166160";"2,2925040"
"202000037783";"5";"12";"2020";"02:50";"5";"92";"92024";"2";"6";"1";"7";"CLAUDE DEBUSSY (AVENUE)";"48,9106435";"2,3125872"
"202000037784";"29";"6";"2020";"17:50";"1";"13";"13102";"2";"3";"1";"3";"ROBERT FERRISSE (BD )";"43,4189000";"5,2439700"
"202000037785";"26";"9";"2020";"20:35";"3";"93";"93006";"2";"2";"1";"3";"AV STALINGRAD / R DES RIGONDES";"48,8710910";"2,4310865"
"202000037786";"7";"12";"2020";"15:07";"1";"92";"92071";"2";"1";"1";"6";"LAKANAL (RUE)";"48,7800200";"2,3022300"
"202000037787";"26";"9";"2020";"08:05";"1";"93";"93014";"2";"1";"1";"2";"COUBRON (ALLEE DE)";"48,9116033";"2,5498948"
"202000037788";"7";"12";"2020";"15:20";"1";"92";"92071";"2";"1";"1";"6";"HONNEUR (ALLEE D')";"48,7752024";"2,3054911"
"202000037789";"27";"10";"2020";"13:57";"1";"92";"92062";"2";"9";"2";"3";"LAFARGUES (RUE PAUL)";"48,8866102";"2,2455161"
"202000037790";"30";"6";"2020";"15:25";"1";"13";"13019";"1";"1";"1";"3";"D543";"43,4736600";"5,3550900"
"202000037791";"8";"12";"2020";"07:40";"2";"92";"92004";"2";"1";"1";"6";"EMILE ZOLA ( RUE )";"48,9245259";"2,2841471"
"202000037792";"1";"7";"2020";"22:40";"5";"13";"13204";"2";"2";"1";"3";"SAKAKINI (BOULEVARD)";"43,2998511";"5,4009303"
"202000037793";"26";"9";"2020";"09:25";"1";"93";"93010";"2";"2";"1";"3";"GALLIENI (AV.) DE 177 A 211";"48,9070129";"2,4886930"
"202000037794";"8";"12";"2020";"11:15";"1";"92";"92002";"2";"2";"1";"6";"JEAN MOULIN (RUE)";"48,7530871";"2,3067230"
"202000037795";"27";"10";"2020";"21:00";"5";"92";"92020";"2";"2";"2";"3";"VERDUN AVENUE DE N°1 A 45";"48,8024272";"2,2863370"
"202000037796";"8";"12";"2020";"13:30";"1";"974";"97415";"2";"2";"1";"6";"Rue Rhin et Danube";" -21,0089760";"55,2707680"
"202000037797";"26";"6";"2020";"19:00";"2";"93";"93001";"2";"1";"8";"3";"AV JEAN JAURES";"48,9153706";"2,4046429"
"202000037798";"1";"7";"2020";"16:45";"1";"13";"13209";"2";"1";"1";"3";"AVIATEUR LE BRIX (RUE)";"43,2634020";"5,4045040"
"202000037799";"26";"9";"2020";"10:05";"1";"92";"92004";"2";"1";"1";"3";"ARGENTEUIL AV D'";"48,9145600";"2,2832000"
"202000037800";"27";"10";"2020";"15:00";"1";"92";"92048";"2";"1";"2";"6";"MAL DE LATTRE DE TASSIGNY (AVENUE)";"48,7874965";"2,2337437"
"202000037801";"27";"9";"2020";"13:30";"1";"63";"63307";"1";"1";"2";"1";"D2089";"45,7127200";"3,0731680"
"202000037802";"27";"10";"2020";"18:50";"5";"92";"92040";"2";"2";"2";"3";"GABRIEL PERI";"48,8173462";"2,2737506"
"202000037803";"7";"12";"2020";"16:00";"1";"33";"33225";"1";"1";"2";"5";"D1116";"44,5612580";" -0,3789850"
"202000037804";"1";"7";"2020";"07:50";"1";"13";"13215";"2";"1";"1";"6";"MADRAGUE VILLE (chemin de la)";"43,3338880";"5,3582540"
"202000037805";"27";"9";"2020";"18:45";"1";"37";"37148";"1";"1";"8";"1";"N/A";"46,9586618";"0,4790769"
"202000037806";"27";"10";"2020";"18:30";"5";"92";"92040";"2";"1";"2";"6";"PAUL-VAILLANT COUTURIER (PLACE)";"48,8283807";"2,2797757"
"202000037807";"27";"10";"2020";"19:00";"5";"92";"92024";"2";"1";"2";"5";"CLICHY (QUAI DE) DE (8 A 60)";"48,9080200";"2,2989300"
"202000037808";"27";"9";"2020";"16:35";"1";"81";"81052";"1";"1";"2";"1";"D999";"43,9163200";"2,2365330"
"202000037809";"7";"12";"2020";"06:20";"2";"974";"97422";"2";"1";"1";"7";"Rue Maurice Ravel";" -21,2480930";"55,5195280"
"202000037810";"9";"12";"2020";"04:48";"3";"67";"67102";"1";"1";"1";"7";"D79 PR 6+150";"48,6451030";"7,5805230"
"202000037811";"26";"9";"2020";"12:35";"1";"28";"28018";"1";"1";"1";"7";"A11";"48,2042390";"0,9114630"
"202000037812";"30";"6";"2020";"08:45";"1";"13";"13206";"2";"2";"1";"3";"PRADO (AVENUE DU)";"43,2841000";"5,3848000"
"202000037813";"27";"10";"2020";"19:30";"3";"92";"92023";"2";"1";"2";"6";"JEAN BAPTISTE CLEMENT (AVENUE)";"48,7914600";"2,2630200"
"202000037814";"27";"10";"2020";"15:30";"1";"49";"49244";"1";"1";"2";"6";"La Maison Neuve (Saint-Laurent-du-Mottay)";"47,3565090";" -0,9613630"
"202000037815";"1";"7";"2020";"08:50";"1";"13";"13001";"1";"2";"1";"3";"RD9";"43,4932190";"5,3713580"
"202000037816";"28";"10";"2020";"18:10";"5";"08";"08362";"2";"1";"1";"3";"3 Bd de la 2e Div d'Infanterie";"49,5068750";"4,3651450"
"202000037817";"6";"12";"2020";"22:46";"5";"67";"67220";"2";"1";"1";"2";"14 Rue de Duntzenheim";"48,7357080";"7,5228290"
"202000037818";"27";"9";"2020";"12:10";"1";"83";"83148";"1";"1";"1";"1";"Route de Lorgues";"43,4276040";"6,4135410"
"202000037819";"29";"6";"2020";"09:25";"1";"12";"12202";"2";"1";"8";"6";"Boscary Monsservin (Avenue)";"44,3608900";"2,5605200"
"202000037820";"26";"9";"2020";"20:15";"3";"01";"01419";"1";"1";"2";"2";"D89";"46,2376100";"6,0051440"
"202000037821";"27";"9";"2020";"11:10";"1";"76";"76126";"1";"9";"6";"6";"A28";"49,6774180";"1,3388510"
"202000037822";"8";"12";"2020";"14:56";"1";"87";"87148";"1";"1";"1";"6";"autoroute A20, PK 197+200";"45,7247870";"1,3464690"
"202000037823";"1";"7";"2020";"10:10";"1";"07";"07102";"2";"6";"1";"2";"DES FREYDIERES (rond-point)";"44,9160000";"4,8571000"
"202000037824";"27";"10";"2020";"20:20";"5";"26";"26231";"2";"3";"1";"6";"Route de Mours";"45,0920800";"5,0480460"
"202000037825";"9";"12";"2020";"13:11";"1";"74";"74005";"1";"1";"1";"1";"Route Departementale 903";"46,3162280";"6,4414640"
"202000037826";"26";"9";"2020";"04:57";"3";"36";"36101";"1";"1";"1";"6";"N/A";"46,6935190";"1,5840050"
"202000037827";"15";"6";"2020";"09:00";"1";"06";"06083";"2";"6";"1";"7";"CAREI (VAL DU)";"43,7892000";"7,4926000"
"202000037828";"28";"10";"2020";"07:05";"2";"28";"28403";"1";"1";"1";"2";"D935";"48,3790720";"1,4943770"
"202000037829";"27";"10";"2020";"11:00";"1";"74";"74010";"2";"1";"1";"6";"29 Rue des Mouettes";"45,9098720";"6,1489000"
"202000037830";"8";"12";"2020";"17:45";"3";"41";"41123";"1";"1";"1";"1";"D110";"47,8295290";"1,4157240"
"202000037831";"6";"12";"2020";"16:20";"1";"83";"83026";"1";"1";"1";"1";"Colle d'Anclavier";"43,4211340";"6,1979200"
"202000037832";"28";"10";"2020";"12:50";"1";"2B";"2B096";"2";"1";"1";"7";"6 Avenue de la République";"42,3127310";"9,1508870"
"202000037833";"8";"12";"2020";"18:15";"3";"33";"33363";"1";"1";"1";"3";"hauteur du n°04, RD.14";"44,7698576";" -0,4307680"
"202000037834";"2";"7";"2020";"01:15";"5";"06";"06069";"1";"1";"1";"7";"BELLETRUD (BOULEVARD DU DOCTEUR)";"43,6651290";"6,8931130"
"202000037835";"28";"10";"2020";"09:35";"1";"2B";"2B207";"1";"1";"1";"7";"Route d'Orezza";"42,4465780";"9,4773820"
"202000037836";"7";"12";"2020";"10:30";"1";"61";"61342";"1";"6";"1";"3";"D926";"48,7478560";"0,5947420"
"202000037837";"28";"10";"2020";"09:30";"1";"82";"82155";"1";"1";"5";"6";"D958";"44,1571000";"1,7191000"
"202000037838";"8";"12";"2020";"15:56";"1";"86";"86076";"1";"1";"1";"1";"N149";"46,6328730";"0,2354350"
"202000037839";"27";"10";"2020";"13:10";"1";"11";"11258";"2";"1";"1";"1";"chemin 442";"43,2268340";"2,9395940"
"202000037840";"1";"7";"2020";"09:00";"1";"06";"06004";"2";"3";"7";"5";"DELMAS BD PIERRE";"43,5808300";"7,0980500"
"202000037841";"1";"12";"2020";"18:10";"3";"22";"22387";"1";"1";"1";"7";"Hent Park An Itron";"48,6046660";" -3,4635550"
"202000037842";"26";"9";"2020";"11:15";"1";"41";"41020";"1";"9";"1";"6";"Les Bardouillieres";"47,8244860";"0,7563710"
"202000037843";"27";"10";"2020";"15:45";"1";"63";"63407";"1";"1";"2";"1";"D983";"45,6088089";"2,8253853"
"202000037844";"30";"6";"2020";"17:55";"1";"75";"75106";"2";"2";"1";"2";"QUAI DE CONTI";"48,8560630";"2,3404750"
"202000037845";"26";"9";"2020";"20:00";"3";"59";"59622";"1";"1";"2";"6";"D74";"50,2203920";"3,3933970"
"202000037846";"27";"10";"2020";"20:15";"3";"49";"49267";"1";"1";"3";"1";"D116";"47,4867630";" -0,4828570"
"202000037847";"1";"7";"2020";"10:00";"1";"75";"75119";"2";"1";"1";" -1";"AVENUE JEAN JAURES";"48,8838700";"2,3743830"
"202000037848";"26";"9";"2020";"19:35";"2";"77";"77416";"1";"2";"2";"3";"D209";"48,6154630";"3,1028060"
"202000037849";"1";"7";"2020";"16:30";"1";"75";"75118";"2";"2";"2";"2";"RUE DAMREMONT";"48,8961280";"2,3381300"
"202000037850";"27";"10";"2020";"21:10";"3";"22";"22046";"1";"3";"8";"3";"D76";"48,2595630";" -2,5261100"
"202000037851";"1";"7";"2020";"14:00";"1";"75";"75117";"2";"3";"2";"6";"AVENUE DES TERNES";"48,8782980";"2,2957000"
"202000037852";"27";"10";"2020";"18:30";"3";"02";"02057";"1";"1";"2";"7";"D932";"49,9979740";"3,3446070"
"202000037853";"27";"9";"2020";"18:05";"1";"63";"63179";"1";"1";"3";"1";"Le Perrier";"45,6118283";"3,7198123"
"202000037854";"1";"7";"2020";"09:35";"1";"75";"75117";"2";"3";"1";"2";"BOULEVARD DES BATIGNOLLES";"48,8835300";"2,3268610"
"202000037855";"5";"8";"2020";"17:50";"1";"61";"61168";"2";"2";"1";"3";"Boulevard de la Forêt d’Andaine";"48,5890740";" -0,3657510"
"202000037856";"1";"7";"2020";"16:10";"1";"75";"75116";"2";"1";"2";"2";"AVENUE DE NEW YORK";"48,8635570";"2,2975630"
"202000037857";"27";"10";"2020";"16:30";"1";"54";"54135";"2";"9";"1";"6";"Rue de la Marosse";"48,5305063";"5,8954632"
"202000037858";"30";"6";"2020";"15:40";"1";"75";"75114";"2";"3";"1";"3";"RUE D ALESIA";"48,8298370";"2,3211760"
"202000037859";"27";"10";"2020";"10:15";"1";"24";"24520";"1";"1";"2";"1";"Route d'Alsace";"44,9189600";"1,2052560"
"202000037860";"26";"9";"2020";"17:45";"2";"47";"47252";"1";"2";"3";"5";"D911";"44,3883710";"0,5890130"
"202000037861";"30";"6";"2020";"00:20";"5";"75";"75114";"2";"1";"1";" -1";"AVENUE RENE COTY";"48,8325240";"2,3329330"
"202000037862";"28";"10";"2020";"06:45";"1";"04";"04121";"2";"1";"1";"7";"RD 17";"44,0294130";"6,1726960"
"202000037863";"27";"10";"2020";"18:00";"3";"04";"04110";"1";"2";"1";"3";"RN 85 (SARL Baptiste)";"44,0364590";"6,1114190"
"202000037864";"1";"7";"2020";"11:15";"1";"75";"75111";"2";"3";"1";"6";"RUE SAINT SEBASTIEN";"48,8624040";"2,3737020"
"202000037865";"27";"9";"2020";"03:20";"3";"39";"39530";"1";"1";"2";"7";"Thoirette";"46,2694580";"5,5379350"
"202000037866";"1";"7";"2020";"19:35";"1";"75";"75109";"2";"2";"1";"2";"BOULEVARD HAUSSMANN";"48,8722550";"2,3382980"
"202000037867";"27";"10";"2020";"14:25";"1";"85";"85156";"1";"2";"2";"3";"La Poiraudière";"46,5048730";" -1,4270530"
"202000037868";"26";"9";"2020";"22:30";"3";"25";"25157";"1";"1";"2";"1";"RN57, PR 80+300";"46,8232190";"6,3704820"
"202000037869";"27";"10";"2020";"11:35";"1";"85";"85004";"2";"1";"3";"6";"34 Rue Nationale";"46,4080500";" -1,4037800"
"202000037870";"27";"10";"2020";"20:50";"3";"85";"85128";"1";"1";"1";"6";"La Maison Rouge";"46,4815100";" -1,1834200"
"202000037871";"27";"9";"2020";"14:30";"1";"29";"29073";"1";"1";"1";"1";"Keranroc'h Ty Bras";"48,6804496";" -3,7082629"
"202000037872";"23";"10";"2020";"20:55";"3";"04";"04112";"1";"1";"2";"6";"A 51 sortie 18";"43,8068760";"5,8167670"
"202000037873";"1";"7";"2020";"11:40";"1";"75";"75117";"2";"3";"1";"3";"AVENUE DE CLICHY";"48,8938010";"2,3146070"
"202000037874";"27";"9";"2020";"09:38";"1";"29";"29126";"1";"1";"1";"6";"Lieu-dit Moulin du Vern";"48,5569243";" -4,4014374"
"202000037875";"28";"10";"2020";"01:00";"3";"65";"65127";"1";"1";"2";"6";"A64";"43,1015230";"0,3402330"
"202000037876";"30";"6";"2020";"16:55";"1";"75";"75108";"2";"7";"1";"3";"PLACE CHARLES DE GAULLE";"48,8735360";"2,2958430"
"202000037877";"1";"7";"2020";"18:45";"1";"75";"75107";"2";"5";"2";"7";"QUAI ANATOLE FRANCE";"48,8623960";"2,3198280"