"Num_Acc";"jour";"mois";"an";"hrmn";"lum";"dep";"com";"agg";"int";"atm";"col";"adr";"lat";"long"
"202000037878";"28";"10";"2020";"17:38";"2";"01";"01007";"1";"1";"2";"2";"A42 - sens LYON/GENEVE - PK 044+200";"45,9982730";"5,3128770"
"202000037879";"27";"10";"2020";"15:30";"1";"987";"98729";"2";"1";"1";"1";"RT 91 PAOPAO PK 9 + 300";" -17,5421280";" -149,8953260"
"202000037880";"27";"9";"2020";"15:10";"1";"03";"03080";"1";"1";"3";"5";"Route de Gannat";"46,1048769";"3,2714946"
"202000037881";"1";"7";"2020";"21:50";"1";"75";"75101";"2";"2";"1";"3";"QUAI FRANCOIS MITTERRAND";"48,8601010";"2,3333380"
"202000037882";"26";"10";"2020";"08:40";"1";"45";"45315";"1";"2";"1";"3";"D120 PR 1 + 200";"47,7624140";"2,3337260"
"202000037883";"30";"6";"2020";"19:37";"1";"75";"75103";"2";"3";"1";"2";"BOULEVARD DE SEBASTOPOL";"48,8619850";"2,3501890"
"202000037884";"26";"9";"2020";"13:20";"1";"15";"15127";"1";"1";"3";"6";"N122";"45,2256810";"3,1226120"
"202000037885";"28";"10";"2020";"13:30";"1";"77";"77190";"1";"1";"1";"3";"D12";"48,5223180";"2,9720160"
"202000037886";"1";"7";"2020";"19:45";"1";"93";"93051";"2";"6";"1";"2";"MARNOIS (NR 1 A 19)";"48,8412000";"2,5597000"
"202000037887";"27";"9";"2020";"19:45";"3";"01";"01266";"1";"1";"3";"6";"D28";"46,3317360";"5,1033210"
"202000037888";"11";"10";"2020";"20:00";"3";"84";"84004";"1";"1";"1";"1";"Route de Caromb";"44,1029260";"5,0526700"
"202000037889";"27";"9";"2020";"09:15";"1";"50";"50403";"1";"1";"1";"6";"Village Gavron";"49,1578040";" -1,5677080"
"202000037890";"1";"7";"2020";"18:45";"1";"93";"93031";"2";"1";"2";"3";"SAINT LEU (ROUTE DE) > 159";"48,9542578";"2,3349334"
"202000037891";"27";"10";"2020";"16:30";"1";"83";"83107";"1";"1";"1";"1";"Dn7";"43,4618830";"6,6557930"
"202000037892";"1";"7";"2020";"19:40";"1";"93";"93001";"2";"4";"1";"1";"AV DE LA REPUBLIQUE / R DES CITES";"48,9079428";"2,3879353"
"202000037893";"27";"10";"2020";"18:40";"5";"13";"13081";"2";"6";"1";"3";"Avenue Charles de Gaulle";"43,4918330";"5,2297440"
"202000037894";"26";"9";"2020";"23:25";"3";"43";"43051";"1";"1";"1";"6";"Les Bruyères";"45,0803235";"4,3218098"
"202000037895";"26";"6";"2020";"15:10";"1";"92";"92063";"2";"1";"1";"6";"FOUILLEUSE (AVENUE DE)";"48,8622479";"2,1956002"
"202000037896";"27";"10";"2020";"11:00";"1";"13";"13031";"2";"1";"1";"6";"D96";"43,3742860";"5,6068900"
"202000037897";"26";"9";"2020";"15:10";"1";"36";"36232";"1";"2";"1";"3";"La Morandiere";"46,8002360";"1,3960900"
"202000037898";"1";"7";"2020";"09:56";"1";"92";"92040";"2";"1";"1";"6";"AUGUSTE GERVAIS";"48,8234000";"2,2731800"
"202000037899";"26";"9";"2020";"18:50";"2";"07";"07142";"1";"1";"4";"1";"N102";"44,7656580";"3,9141580"
"202000037900";"27";"10";"2020";"17:10";"1";"26";"26235";"1";"3";"1";"1";"D59";"44,3678270";"4,6623230"
"202000037901";"30";"6";"2020";"18:20";"1";"92";"92078";"2";"2";"1";"3";"GALLIENI (BOULEVARD) (1/19)";"48,9249550";"2,3253700"
"202000037902";"25";"9";"2020";"19:00";"1";"07";"07199";"1";"1";"1";"3";"Route de Ribeyre Bouchet";"44,4847070";"4,2420880"
"202000037903";"25";"10";"2020";"16:45";"1";"64";"64430";"2";"6";"2";"6";"1 Impasse Bel Air";"43,4898873";" -0,7697779"
"202000037904";"1";"7";"2020";"09:30";"1";"92";"92035";"2";"1";"1";"1";"République ( boulevard de la )";"48,9065900";"2,2469300"
"202000037905";"27";"9";"2020";"02:30";"3";"85";"85190";"1";"1";"1";"6";"La Dorinière";"46,9159540";" -1,4964580"
"202000037906";"23";"8";"2020";"01:05";"3";"60";"60138";"1";"1";"1";"6";"D1330";"49,2154110";"2,6022360"
"202000037907";"27";"9";"2020";"15:15";"1";"85";"85175";"1";"1";"1";"6";"D48";"46,5877000";" -1,1898500"
"202000037908";"27";"10";"2020";"20:30";"3";"13";"13071";"1";"1";"1";"2";"A51-Sens Aix en Provence vers Marseille";"43,4159010";"5,3649290"
"202000037909";"1";"7";"2020";"09:30";"1";"92";"92012";"2";"3";"1";"6";"PARIS (RUE DE) 1/97 - 2/114";"48,8411551";"2,2401897"
"202000037910";"26";"9";"2020";"19:02";"1";"17";"17339";"1";"1";"2";"7";"D134";"45,4596340";" -0,4577350"
"202000037911";"27";"10";"2020";"16:45";"1";"13";"13071";"1";"1";"1";"4";"A7-Sens Lyon vers Marseille";"43,4032390";"5,3445700"
"202000037912";"1";"7";"2020";"08:05";"1";"92";"92012";"2";"2";"1";"6";"ANDRE MORIZET (AVENUE) 1/47 - 2/52";"48,8349139";"2,2414108"
"202000037913";"27";"10";"2020";"18:27";"1";"13";"13005";"1";"1";"1";"3";"A50-Sens Aubagne vers Marseille";"43,2864400";"5,5092200"
"202000037914";"26";"9";"2020";"23:23";"3";"30";"30350";"2";"1";"1";"6";"Route de Paillerols";"43,9930540";"3,6186650"
"202000037915";"27";"10";"2020";"17:12";"1";"13";"13071";"1";"1";"1";"4";"A51-Sens Aix en Provence vers Marseille";"43,4115577";"5,3641119"
"202000037916";"1";"7";"2020";"18:45";"1";"80";"80498";"1";"1";"1";"1";"au sentier d'acheux";"50,0697560";"2,5750060"
"202000037917";"26";"9";"2020";"20:15";"3";"24";"24293";"1";"1";"2";"6";"La Lénotte";"44,7939270";"1,0093050"
"202000037918";"27";"10";"2020";"18:30";"3";"13";"13106";"1";"1";"1";"2";"A7-Sens Lyon vers Marseille";"43,3854000";"5,3507000"
"202000037919";"30";"6";"2020";"15:45";"1";"974";"97422";"2";"1";"1";"6";"Rue Marius et Ary Leblond";" -21,2774130";"55,5245430"
"202000037920";"27";"10";"2020";"21:44";"3";"33";"33192";"1";"1";"3";"2";"ROCADE A 630";"44,7892900";" -0,6190000"
"202000037921";"27";"9";"2020";"00:45";"3";"13";"13051";"1";"1";"1";"2";"D113";"43,5957827";"5,1050857"
"202000037922";"27";"9";"2020";"17:01";"1";"01";"01049";"1";"1";"3";"6";"A42";"45,8327350";"5,0249280"
"202000037923";"1";"7";"2020";"16:15";"1";"69";"69277";"1";"1";"1";"4";"D147";"45,7393320";"5,0241610"
"202000037924";"27";"10";"2020";"18:50";"5";"33";"33550";"1";"1";"3";"4";"ROCADE A 630";"44,7819000";" -0,5836600"
"202000037925";"27";"10";"2020";"14:30";"1";"33";"33249";"1";"1";"2";"2";"ROUTE NATIONALE 230";"44,8696200";" -0,5048200"
"202000037926";"27";"9";"2020";"14:05";"1";"01";"01007";"1";"1";"3";"2";"A42";"45,9968870";"5,3131400"
"202000037927";"30";"6";"2020";"08:00";"1";"83";"83085";"1";"1";"1";"1";"D25";"43,5116620";"6,5661550"
"202000037928";"2";"7";"2020";"02:14";"3";"41";"41252";"1";"1";"1";"6";"A10";"47,6817960";"1,4113940"
"202000037929";"2";"7";"2020";"13:30";"1";"83";"83070";"2";"1";"1";"3";"Avenue du Président Vincent Auriol";"43,1315110";"6,3631060"
"202000037930";"26";"9";"2020";"23:50";"5";"971";"97103";"1";"4";"8";"6";"N2";"16,2506980";" -61,5908900"
"202000037931";"27";"10";"2020";"13:00";"1";"33";"33448";"1";"1";"2";"6";"AUTOROUTE A 62";"44,7104900";" -0,5137900"
"202000037932";"1";"7";"2020";"20:30";"2";"34";"34076";"1";"1";"7";"6";"A75";"43,6471240";"3,4494980"
"202000037933";"26";"9";"2020";"18:30";"5";"971";"97112";"1";"1";"2";"1";"Route de la Treille";"15,8915339";" -61,3124629"
"202000037934";"1";"7";"2020";"13:55";"1";"37";"37179";"1";"1";"1";"6";"A10";"47,4551869";"0,7535509"
"202000037935";"27";"9";"2020";"08:25";"1";"971";"97129";"2";"3";"1";"3";"RN 2 BÉBEL";"16,3322135";" -61,6962683"
"202000037936";"2";"7";"2020";"18:40";"1";"69";"69046";"2";"1";"1";"6";"rue des gobins ( à hauteur du numéro 18 --pharmacie)";"45,6505926";"4,7926269"
"202000037937";"26";"10";"2020";"16:30";"1";"33";"33162";"1";"1";"2";"5";"ROCADE A 630";"44,8622730";" -0,6571010"
"202000037938";"22";"9";"2020";"17:45";"1";"84";"84078";"1";"1";"8";"6";"face au 1321 Chemin des Fumades";"44,2423940";"4,7346160"
"202000037939";"30";"6";"2020";"18:20";"1";"74";"74263";"2";"1";"1";"3";"Route de Pérrignier";"46,3332780";"6,3877860"
"202000037940";"13";"9";"2020";"17:20";"1";"74";"74080";"1";"1";"1";"7";"D909";"45,8765650";"6,4529230"
"202000037941";"27";"10";"2020";"17:00";"1";"91";"91312";"1";"1";"2";"5";"RD 444";"48,7312200";"2,2497500"
"202000037942";"1";"7";"2020";"12:00";"1";"57";"57193";"2";"1";"1";"1";"29 Rue des Jardins";"49,2236620";"6,2142220"
"202000037943";"27";"9";"2020";"16:15";"1";"38";"38565";"1";"1";"2";"7";"D520a";"45,2986130";"5,6376270"
"202000037944";"2";"7";"2020";"08:45";"1";"51";"51030";"2";"1";"1";"7";"13 Boulevard Charles de Gaulle";"49,0511875";"4,0079576"
"202000037945";"27";"10";"2020";"14:00";"1";"91";"91228";"1";"1";"2";"3";"RN 104";"48,6133000";"2,4310000"
"202000037946";"26";"9";"2020";"12:20";"1";"14";"14328";"1";"1";"1";"1";"D513 A";"49,2132870";" -0,2604770"
"202000037947";"28";"6";"2020";"16:30";"1";"67";"67435";"1";"6";"2";"7";"37 Rue de Burbach";"48,8957170";"7,0758180"
"202000037948";"26";"10";"2020";"19:30";"5";"94";"94034";"1";"9";"1";"3";"AUTOROUTE A6B";"48,7530000";"2,3310000"
"202000037949";"26";"9";"2020";"20:45";"5";"60";"60589";"2";"1";"3";"6";"rue de la liberté";"49,2433100";"2,4696820"
"202000037950";"26";"10";"2020";"15:29";"1";"91";"91340";"1";"1";"1";"2";"AUTOROUTE A6";"48,6115000";"2,4319000"
"202000037951";"1";"7";"2020";"18:10";"1";"65";"65125";"2";"1";"8";"6";"32 Rue des Pyrénées";"43,1462210";"0,3730790"
"202000037952";"27";"10";"2020";"19:37";"5";"78";"78043";"1";"1";"2";"4";"A12 W";"48,8364750";"2,0893720"
"202000037953";"20";"9";"2020";"00:45";"4";"62";"62170";"1";"1";"1";"2";"CD 301";"50,4359150";"2,6689910"
"202000037954";"1";"7";"2020";"11:33";"1";"33";"33394";"1";"3";"1";"3";"D243";"44,9055800";" -0,1730400"
"202000037955";"22";"9";"2020";"12:45";"1";"13";"13005";"1";"1";"1";"2";"A502-Sens Aubagne vers Toulon par R.N.";"43,2833900";"5,5751220"
"202000037956";"27";"10";"2020";"17:20";"3";"92";"92051";"1";"1";"3";" -1";"RN13";"48,8823920";"2,2681260"
"202000037957";"22";"9";"2020";"12:15";"1";"13";"13203";"1";"1";"1";"7";"A557-Liaison A7 Marseille-A55 Marseille";"43,3173160";"5,3639320"
"202000037958";"27";"10";"2020";"11:50";"1";"78";"78423";"1";"9";"1";"3";"RN12";"48,7959240";"2,0434400"
"202000037959";"2";"7";"2020";"07:45";"1";"42";"42134";"1";"1";"1";"2";"D8";"45,6823370";"4,0368370"
"202000037960";"25";"9";"2020";"04:30";"3";"69";"69259";"1";"1";"2";"2";"RD383   11.750 A 14.250";"45,7167600";"4,8526600"
"202000037961";"27";"10";"2020";"14:30";"1";"78";"78217";"1";"1";"1";"3";"A13";"48,9656400";"1,8146560"
"202000037962";"1";"7";"2020";"09:30";"1";"47";"47179";"2";"7";"1";"6";"Place du Marche";"44,4833790";"0,9439980"
"202000037963";"26";"10";"2020";"18:30";"3";"78";"78640";"1";"1";"1";"3";"N118";"48,7783880";"2,2223460"
"202000037964";"21";"9";"2020";"16:15";"1";"69";"69029";"2";"1";"1";"5";"RD383   7.640 A 11.044";"45,7463000";"4,9069100"
"202000037965";"2";"7";"2020";"17:20";"1";"34";"34180";"1";"1";"1";"1";"D609";"43,5912980";"3,4532310"
"202000037966";"27";"10";"2020";"12:45";"1";"95";"95394";"1";"1";"1";"2";"RN 184";"49,0515120";"2,1929210"
"202000037967";"22";"9";"2020";"14:40";"1";"67";"67482";"1";"1";"1";"2";"Autoroute A.35";"48,5697140";"7,7315390"
"202000037968";"27";"10";"2020";"10:00";"1";"93";"93027";"1";"1";"1";"2";"AUTOROUTE A1";"48,9379900";"2,4126000"
"202000037969";"26";"9";"2020";"15:40";"1";"78";"78640";"1";"1";"1";"2";"A86 EXT";"48,7774750";"2,2210670"
"202000037970";"26";"10";"2020";"14:40";"1";"93";"93064";"1";"1";"1";" -1";"AUTOROUTE A86";"48,8810500";"2,4752900"
"202000037971";"1";"7";"2020";"18:25";"1";"68";"68207";"2";"1";"1";" -1";"4 Rue de Lubbon";"47,5928120";"7,4652420"
"202000037972";"27";"10";"2020";"20:15";"5";"94";"94069";"1";"9";"2";"7";"A4";"48,8173200";"2,4284930"
"202000037973";"25";"9";"2020";"20:15";"3";"78";"78133";"1";"1";"1";"4";"A13";"48,8940700";"2,0078830"
"202000037974";"1";"7";"2020";"23:15";"3";"68";"68021";"1";"1";"8";"6";"D21.1";"47,6385890";"7,5193050"
"202000037975";"27";"10";"2020";"17:30";"1";"93";"93051";"1";"9";"2";"3";"A4";"48,8361144";"2,5545797"
"202000037976";"26";"9";"2020";"16:45";"1";"92";"92036";"1";"1";"1";"2";"AUTOROUTE A15";"48,9417503";"2,2906414"
"202000037977";"1";"7";"2020";"16:05";"1";"29";"29217";"2";"1";"1";"6";"11 rue emile bernard";"47,8583221";" -3,7519417"
"202000037978";"26";"9";"2020";"05:30";"5";"93";"93066";"1";"1";"1";"7";"AUTOROUTE A1";"48,9043400";"2,3584600"
"202000037979";"1";"7";"2020";"19:30";"1";"72";"72165";"1";"1";"1";"6";"1124 Route de la Chapelle-saint-rémy";"48,0879935";"0,4299387"
"202000037980";"25";"9";"2020";"23:30";"3";"93";"93066";"1";"1";"1";"6";"AUTOROUTE A1";"48,9190400";"2,3572900"
"202000037981";"27";"6";"2020";"14:30";"1";"06";"06111";"1";"1";"1";" -1";"D130";"44,0863210";"7,0889710"
"202000037982";"26";"10";"2020";"17:10";"1";"77";"77169";"1";"1";"1";"3";"RN104";"48,8171500";"2,6198000"
"202000037983";"2";"7";"2020";"13:45";"1";"64";"64420";"1";"1";"2";"1";"Côte de Camptort";"43,3288300";" -0,7188430"
"202000037984";"26";"10";"2020";"10:45";"1";"77";"77121";"1";"1";"1";"2";"A104";"48,8360000";"2,6653000"
"202000037985";"25";"9";"2020";"16:45";"1";"988";"98818";"2";"3";"1";"3";"ROUTE DE LA BAIE DES DAMES/RUE JOULE";" -22,2354700";"166,4443300"
"202000037986";"2";"7";"2020";"08:55";"1";"64";"64256";"1";"1";"2";"1";"CD 21 - lieu dit pignadas";"43,4242040";" -1,3171580"
"202000037987";"23";"8";"2020";"10:21";"1";"69";"69264";"2";"9";"1";"6";"FRANS ROUTE DE";"45,9845508";"4,7364596"
"202000037988";"25";"9";"2020";"10:30";"1";"974";"97411";"2";"3";"1";"3";"JAURES (BLD 1 JEAN)";" -20,8884200";"55,4464000"
"202000037989";"26";"10";"2020";"15:40";"1";"974";"97416";"1";"2";"2";"3";"Chemin Ringuin";" -21,3265120";"55,4977370"
"202000037990";"1";"7";"2020";"13:15";"1";"43";"43162";"2";"3";"1";"3";"Rue Henri Pontvianne";"45,2114200";"4,0322670"
"202000037991";"25";"9";"2020";"07:55";"1";"974";"97409";"2";"1";"1";"6";"CLOVIS(RUELLE)";" -20,9453500";"55,6491200"
"202000037992";"30";"6";"2020";"16:40";"1";"07";"07197";"1";"3";"1";"2";"RD578A";"45,2140640";"4,6603150"
"202000037993";"26";"10";"2020";"13:25";"1";"972";"97213";"1";"9";"1";"2";"Z I LES MANGLES";"14,6174300";" -61,0196000"
"202000037994";"25";"9";"2020";"14:04";"1";"973";"97302";"2";"1";"1";"3";"MERE THERESA (rue)";"4,9270940";" -52,3140568"
"202000037995";"2";"7";"2020";"09:40";"1";"07";"07181";"2";"9";"1";"6";"Avenue Jean-claude Dupau";"44,7477020";"4,7459450"
"202000037996";"24";"10";"2020";"21:15";"4";"972";"97209";"1";"6";"1";"6";"RN9";"14,6046500";" -61,0423100"
"202000037997";"24";"9";"2020";"22:20";"4";"973";"97302";"2";"1";"1";"1";"BOUDINOT (AUGUSTE) CITE THEMIRE";"4,9353600";" -52,3191100"
"202000037998";"1";"7";"2020";"19:45";"1";"17";"17434";"1";"6";"1";"6";"RD939";"46,0994238";" -0,7320701"
"202000037999";"23";"10";"2020";"22:55";"5";"972";"97209";"2";"1";"1";" -1";"BISHOP (Avenue Maurice)";"14,6090657";" -61,0557175"
"202000038000";"25";"9";"2020";"20:30";"5";"69";"69387";"2";"1";"2";"3";"UNIVERSITE (DE L')                  (R )";"45,7493866";"4,8416580"
"202000038001";"29";"6";"2020";"06:30";"2";"06";"06030";"2";"2";"1";" -1";"Avenue du Campon";"43,5827170";"7,0096180"
"202000038002";"24";"10";"2020";"20:20";"4";"2B";"2B033";"2";"6";"1";"5";"SAMPIERO CORSO - AV";"42,6709300";"9,4435100"
"202000038003";"25";"9";"2020";"19:40";"5";"69";"69387";"2";"1";"1";"6";"DEBOURG                             (AV)";"45,7315000";"4,8297600"
"202000038004";"2";"7";"2020";"15:53";"1";"74";"74081";"2";"3";"1";"3";"1 Place Charles de Gaulle";"46,0601150";"6,5803240"
"202000038005";"22";"10";"2020";"11:50";"1";"971";"97101";"1";"1";"1";"7";"MORNE LACROSSE";"16,2297000";" -61,5278100"
"202000038006";"25";"9";"2020";"17:30";"1";"69";"69199";"2";"1";"1";"6";"JEAN JAURES                         (AV)";"45,7099918";"4,8551579"
"202000038007";"26";"10";"2020";"15:35";"1";"95";"95585";"2";"1";"1";"6";"BROSSELETTE (RUE PIERRE)";"48,9931100";"2,3766300"
"202000038008";"25";"9";"2020";"14:50";"1";"69";"69387";"2";"1";"2";"3";"YVES FARGES                         (BD)";"45,7403600";"4,8317000"
"202000038009";"25";"10";"2020";"20:54";"3";"95";"95500";"2";"1";"2";"6";"105 Boulevard Jacques Tête";"49,0633670";"2,1025490"
"202000038010";"2";"7";"2020";"10:40";"1";"86";"86241";"1";"1";"1";"7";"D22";"46,9287020";"0,6948102"
"202000038011";"23";"9";"2020";"17:20";"1";"69";"69387";"2";"1";"1";"3";"TONY GARNIER                        (AV)";"45,7279300";"4,8242600"
"202000038012";"1";"7";"2020";"01:00";"3";"11";"11202";"1";"1";"1";"7";"D627";"42,9056910";"3,0200140"
"202000038013";"19";"10";"2020";"14:40";"1";"91";"91021";"1";"1";"1";"3";"RTE NATIONALE 20 DEVIATION";"48,5965500";"2,2439100"
"202000038014";"18";"10";"2020";"19:30";"1";"91";"91216";"2";"1";"1";"7";"D 25";"48,6757900";"2,3360500"
"202000038015";"24";"9";"2020";"07:35";"1";"972";"97209";"1";"1";"1";"7";"RAVINE VILAINE (CHEMIN DEPARTEMENTAL DE)";"14,6538300";" -61,0579300"
"202000038016";"2";"7";"2020";"15:30";"1";"988";"98830";"1";"1";"7";"6";"RPN10";" -20,8302560";"165,2560040"
"202000038017";"25";"9";"2020";"04:35";"5";"69";"69382";"2";"2";"2";"3";"JULES COURMONT                      (QU)";"45,7635706";"4,8384350"
"202000038018";"1";"7";"2020";"23:00";"3";"91";"91315";"2";"1";"1";"6";"Route du Bouchet";"48,5228830";"2,3500850"
"202000038019";"26";"10";"2020";"18:00";"5";"91";"91201";"2";"2";"1";"3";"RUE PIERRE BROSSOLETTE";"48,6839300";"2,4151810"
"202000038020";"25";"9";"2020";"10:00";"1";"69";"69389";"2";"1";"1";"3";"ST CYR (DE)                         (R )";"45,7811416";"4,8071839"
"202000038021";"22";"6";"2020";"10:45";"1";"34";"34090";"2";"6";"1";"6";"D613";"43,6410920";"3,9403900"
"202000038022";"26";"10";"2020";"14:30";"1";"91";"91286";"2";"1";"1";" -1";"CORBEIL (ROUTE DE)";"48,6533800";"2,3920800"
"202000038023";"30";"6";"2020";"15:38";"1";"84";"84019";"2";"6";"1";"2";"Avenue Jean Giono";"44,2850900";"4,7507720"
"202000038024";"25";"9";"2020";"15:35";"1";"2B";"2B033";"1";"1";"6";"2";"11 - RT";"42,6677300";"9,4431500"
"202000038025";"23";"10";"2020";"18:57";"1";"87";"87085";"2";"2";"1";"3";"VANTEAUX (BOULEVARD DE)";"45,8209100";"1,2303600"
"202000038026";"25";"9";"2020";"22:40";"5";"2A";"2A004";"2";"3";"6";"3";"Boulevard Tino Rossi";"41,9076059";"8,6793538"
"202000038027";"2";"7";"2020";"16:20";"1";"05";"05136";"1";"3";"2";"3";"N94";"44,7006200";"6,6093550"
"202000038028";"23";"10";"2020";"11:18";"1";"87";"87085";"2";"1";"1";"3";"TOULOUSE (RUE DE)";"45,8020900";"1,2936800"
"202000038029";"1";"7";"2020";"11:45";"1";"67";"67154";"2";"1";"1";"7";"19 Rue des Primevères";"48,3756940";"7,7060670"
"202000038030";"22";"10";"2020";"17:55";"1";"83";"83141";"1";"3";"1";"3";"ARCS(ROUTE DES)";"43,4890723";"6,4836826"
"202000038031";"2";"7";"2020";"16:44";"1";"74";"74094";"2";"1";"1";"5";"Route de Taninges";"46,1826720";"6,2828760"
"202000038032";"26";"10";"2020";"16:15";"1";"82";"82121";"2";"3";"2";"6";"SARRAIL (RUE DU GENERAL)";"44,0168400";"1,3484000"
"202000038033";"23";"10";"2020";"07:50";"2";"80";"80021";"2";"1";"1";"6";"QUATORZE JUILLET 1789 (AVENUE DU)";"49,8714500";"2,2805000"
"202000038034";"1";"7";"2020";"22:20";"3";"74";"74220";"1";"1";"8";"1";"Route d'Annemasse";"46,1479380";"6,2614450"
"202000038035";"26";"10";"2020";"15:35";"1";"78";"78486";"1";"1";"1";"6";"RN 10";"48,6772400";"1,8409200"
"202000038036";"1";"7";"2020";"13:45";"1";"74";"74080";"2";"1";"1";"3";"Route de l'Etale";"45,8950150";"6,4267500"
"202000038037";"26";"10";"2020";"10:35";"1";"77";"77445";"2";"1";"1";"6";"BLUM (AVENUE LEON)";"48,5966500";"2,5817600"
"202000038038";"24";"10";"2020";"11:28";"1";"76";"76498";"2";"2";"2";"2";"GIRARDIN. BOULEVARD STANISLAS";"49,4159300";"1,0565400"
"202000038039";"2";"7";"2020";"17:30";"1";"26";"26206";"2";"1";"2";"1";"D125";"44,8365630";"4,9819990"
"202000038040";"25";"10";"2020";"20:30";"5";"76";"76231";"2";"1";"1";"6";"CARNOT. COURS";"49,2869500";"1,0163900"
"202000038041";"2";"7";"2020";"12:15";"1";"69";"69121";"2";"1";"1";"2";"Route de Lyon";"45,8564420";"4,6966710"
"202000038042";"24";"10";"2020";"11:00";"1";"76";"76540";"2";"1";"1";"4";"NANSEN. RUE FRIDTJOF";"49,4450600";"1,0638700"
"202000038043";"2";"7";"2020";"19:30";"1";"81";"81105";"2";"3";"1";"3";"28 bis Rue Cardinal Roques";"43,7615974";"2,0136646"
"202000038044";"24";"10";"2020";"15:55";"1";"74";"74012";"2";"3";"1";"5";"ARVE (QUAI D')";"46,1845300";"6,2287000"
"202000038045";"24";"10";"2020";"19:10";"5";"74";"74012";"2";"1";"1";"3";"LECLERC (AVENUE DU MARECHAL)";"46,1911600";"6,2506600"
"202000038046";"24";"10";"2020";"10:05";"1";"67";"67218";"2";"1";"1";"6";"LYON (RTE DE)";"48,5241329";"7,7078098"
"202000038047";"2";"7";"2020";"07:55";"1";"33";"33300";"2";"2";"1";"3";"Rue de Magagnan";"45,2486370";" -1,0028670"
"202000038048";"23";"10";"2020";"20:00";"5";"67";"67204";"2";"3";"2";"3";"REPUBLIQUE (RUE DE LA)";"48,6236300";"7,7550200"
"202000038049";"2";"7";"2020";"13:45";"1";"85";"85015";"1";"2";"1";"3";"La Vivantière";"46,8162500";" -1,4916000"
"202000038050";"25";"10";"2020";"14:30";"1";"64";"64260";"1";"2";"9";"3";"FIGUIERS (RUE DES)";"43,3713300";" -1,7744800"
"202000038051";"26";"10";"2020";"18:20";"5";"59";"59350";"2";"1";"1";"6";"LEGRAND PIERRE RUE";"50,6324101";"3,0922671"
"202000038052";"2";"7";"2020";"15:50";"1";"85";"85302";"1";"1";"1";"1";"D160";"46,9636600";" -0,9734400"
"202000038053";"24";"10";"2020";"14:00";"1";"59";"59378";"2";"1";"1";"2";"MENIN RUE DE";"50,6773300";"3,0816900"
"202000038054";"1";"7";"2020";"07:40";"2";"76";"76532";"1";"1";"2";"2";"D41";"49,6128558";"1,3260949"
"202000038055";"9";"10";"2020";"12:25";"1";"58";"58194";"2";"2";"1";"3";"CAMILLE BAYNAC";"46,9873000";"3,1350000"
"202000038056";"2";"7";"2020";"16:45";"1";"60";"60524";"2";"1";"1";"6";"Rue d'Uny";"49,3363120";"2,4389510"
"202000038057";"1";"7";"2020";"17:50";"1";"62";"62356";"1";"1";"1";"1";"D57 E2";"50,4393590";"2,6075360"
"202000038058";"24";"10";"2020";"23:20";"3";"56";"56036";"1";"1";"3";"4";"RN 165";"47,7923500";" -3,3075800"
"202000038059";"30";"6";"2020";"07:00";"1";"59";"59599";"1";"1";"1";"3";"ROUTE DEPARTEMENTALE 656";"50,7394140";"3,1550690"
"202000038060";"25";"10";"2020";"20:20";"5";"54";"54304";"2";"2";"3";"6";"RHIN (AV. DU)";"48,6993816";"6,1372280"
"202000038061";"1";"7";"2020";"18:00";"1";"94";"94076";"1";"1";"2";"2";"AUTOROUTE A6B";"48,7877000";"2,3457000"
"202000038062";"26";"10";"2020";"17:30";"1";"53";"53130";"1";"1";"7";"5";"ELAIN (BOULEVARD PIERRE)";"48,0850300";" -0,7855500"
"202000038063";"25";"10";"2020";"19:50";"5";"50";"50173";"2";"4";"3";"6";"GUERRY (RUE)";"49,6456800";" -1,6659700"
"202000038064";"1";"7";"2020";"17:50";"1";"91";"91477";"1";"1";"2";"2";"AUTOROUTE A126";"48,7226480";"2,2340960"
"202000038065";"1";"7";"2020";"09:30";"1";"93";"93066";"1";"1";"1";"3";"AUTOROUTE A1";"48,9217000";"2,3571600"
"202000038066";"17";"10";"2020";"01:05";"5";"49";"49007";"2";"1";"1";"3";"Boulevard du Roi René";"47,4693600";" -0,5604900"
"202000038067";"17";"10";"2020";"16:42";"1";"49";"49007";"1";"1";"1";"7";"ATLANTIQUE  AVENUE DE L'";"47,4650700";" -0,5771200"
"202000038068";"1";"7";"2020";"17:45";"1";"93";"93051";"1";"1";"1";"2";"A4";"48,8362535";"2,5518790"
"202000038069";"6";"6";"2020";"06:15";"2";"68";"68278";"2";"1";"1";"7";"N/A";"47,7509060";"7,3841480"
"202000038070";"16";"10";"2020";"08:20";"1";"49";"49007";"2";"1";"1";" -1";"CUL D'ANON CHEMIN";"47,4757606";" -0,5153744"
"202000038071";"28";"6";"2020";"10:50";"1";"974";"97416";"1";"9";"1";"3";"Chemin des Assises";" -21,2878600";"55,4629700"
"202000038072";"16";"10";"2020";"08:30";"1";"49";"49007";"2";"1";"1";"2";"TOUCHERONDE";"47,4542700";" -0,5323600"