"Num_Acc";"jour";"mois";"an";"hrmn";"lum";"dep";"com";"agg";"int";"atm";"col";"adr";"lat";"long"
"202000038264";"13";"3";"2020";"19:10";"3";"76";"76006";"1";"1";"1";"1";"D88";"49,6861890";"0,8320750"
"202000038265";"13";"3";"2020";"17:00";"1";"79";"79062";"2";"3";"1";"3";"Boulevard Georges Pompidou";"46,8297840";" -0,6728190"
"202000038266";"14";"3";"2020";"09:30";"1";"2B";"2B150";"1";"1";"1";"3";"Piano Alla Casa";"42,5845600";"8,8312910"
"202000038267";"13";"3";"2020";"18:30";"5";"2B";"2B050";"2";"3";"1";"3";"T30";"42,5523410";"8,7644130"
"202000038268";"14";"3";"2020";"04:00";"3";"71";"71014";"1";"1";"1";"6";"Route de Saulieu";"46,9722810";"4,2944960"
"202000038269";"13";"3";"2020";"16:45";"1";"63";"63397";"1";"1";"1";"7";"Chez Courtet";"45,6250490";"2,7076870"
"202000038270";"13";"3";"2020";"17:00";"1";"49";"49373";"2";"1";"1";"6";"Rue du Stade (Saint Hilaire du Bois)";"47,1261480";" -0,5499230"
"202000038271";"14";"3";"2020";"02:20";"5";"12";"12121";"2";"1";"1";"6";"53 Avenue du Rouergue";"44,4254360";"2,1624240"
"202000038272";"13";"3";"2020";"14:30";"1";"12";"12010";"1";"3";"1";"3";" Lieu dit Recoules";"44,3109210";"2,8090880"
"202000038273";"14";"3";"2020";"08:45";"1";"34";"34114";"2";"1";"7";"6";"Boulevard de l'Esplanade";"43,6522410";"3,5536010"
"202000038274";"14";"3";"2020";"06:30";"2";"34";"34193";"1";"1";"1";"6";"D176";"43,4555440";"2,8443180"
"202000038275";"12";"3";"2020";"21:10";"5";"29";"29041";"2";"6";"1";"3";"D36 - Rue Pen Pave";"48,0611372";" -3,8305525"
"202000038276";"12";"3";"2020";"12:10";"1";"38";"38075";"1";"3";"1";" -1";"D1090";"45,4595700";"5,9968500"
"202000038277";"14";"3";"2020";"00:30";"3";"26";"26118";"1";"1";"1";"6";"Route de Saint Sorlin";"45,2994780";"4,9401780"
"202000038278";"13";"3";"2020";"13:00";"1";"14";"14098";"1";"1";"1";"7";"Rue de Marchanville (Cheux)";"49,1796240";" -0,5367530"
"202000038279";"14";"3";"2020";"11:30";"1";"30";"30269";"1";"1";"1";"6";"Départementale 260";"44,1283830";"3,8533690"
"202000038280";"13";"3";"2020";"07:45";"1";"91";"91159";"1";"1";"1";"1";"D74";"48,5274520";"2,4654330"
"202000038281";"13";"3";"2020";"23:45";"3";"74";"74252";"1";"1";"1";"7";"Route Départementale 206 - Lieu-Dit Agy";"46,0763723";"6,6099498"
"202000038282";"11";"3";"2020";"11:50";"1";"971";"97103";"2";"3";"1";"1";"Boulevard de la Pointe Jarry";"16,2512850";" -61,5544330"
"202000038283";"14";"3";"2020";"12:10";"1";"60";"60424";"1";"1";"1";"6";"A1";"49,4597786";"2,7037242"
"202000038284";"13";"3";"2020";"23:30";"3";"29";"29230";"1";"1";"2";"6";"Lieu Dit Restrenot";"47,9688360";" -3,5315900"
"202000038285";"14";"3";"2020";"15:15";"1";"33";"33214";"1";"1";"1";"3";"RD6E1";"45,0198000";" -1,1776900"
"202000038286";"14";"3";"2020";"01:05";"3";"78";"78003";"1";"1";"2";"2";"N10";"48,5345670";"1,8290520"
"202000038287";"14";"3";"2020";"13:30";"1";"83";"83077";"2";"1";"1";"3";"D554";"43,2728740";"5,9744540"
"202000038288";"13";"3";"2020";"16:30";"1";"86";"86090";"1";"1";"1";"7";"D14";"47,0307829";" -0,0130112"
"202000038289";"14";"3";"2020";"14:15";"1";"33";"33146";"1";"1";"1";"6";"D2e7";"45,1155190";" -0,7464875"
"202000038290";"13";"3";"2020";"20:00";"3";"33";"33435";"2";"1";"1";"5";"RD1113";"44,5667400";" -0,2335400"
"202000038291";"13";"3";"2020";"19:30";"3";"50";"50519";"1";"1";"1";"6";"9 Village la Haute Lande";"49,5587850";" -1,6579000"
"202000038292";"14";"3";"2020";"01:20";"3";"60";"60500";"1";"1";"2";"6";"N2";"49,0987104";"2,7390954"
"202000038293";"14";"3";"2020";"19:15";"5";"60";"60551";"1";"1";"1";"1";"D110";"49,2861579";"2,3816057"
"202000038294";"13";"3";"2020";"20:10";"3";"02";"02818";"1";"1";"1";"3";"D842";"48,9878780";"3,2614800"
"202000038295";"12";"3";"2020";"11:10";"1";"13";"13202";"1";"1";"1";"4";"A55-Sens Martigues vers Marseille";"43,3089000";"5,3665300"
"202000038296";"17";"2";"2020";"17:00";"1";"69";"69388";"1";"1";"1";"2";"RD383";"45,7916000";"4,8150700"
"202000038297";"31";"8";"2020";"17:40";"1";"38";"38151";"2";"2";"1";"2";"Avenue Edmond Esmonin";"45,1593500";"5,7240900"
"202000038298";"31";"8";"2020";"16:00";"1";"38";"38151";"1";"1";"1";"6";"Avenue de Grugliasco";"45,1485600";"5,7227500"
"202000038299";"31";"8";"2020";"18:10";"1";"35";"35238";"1";"1";"1";"2";"Rue Jean Guéhenno";"48,1184300";" -1,6692500"
"202000038300";"31";"8";"2020";"07:20";"1";"35";"35238";"1";"1";"1";"3";"RN136";"48,1362900";" -1,7044000"
"202000038301";"25";"8";"2020";"08:00";"1";"33";"33063";"2";"3";"1";"3";"RUE MAC CARTHY CAUD";"44,8386300";" -0,6209700"
"202000038302";"30";"8";"2020";"23:10";"5";"33";"33063";"2";"3";"1";"2";"CHARTRONS (QUAI DES)";"44,8525600";" -0,5677400"
"202000038303";"31";"8";"2020";"15:20";"1";"33";"33529";"2";"6";"1";"3";"BISCAROSSE (AVE DE) JUSQU'A DUNE";"44,5979500";" -1,1964300"
"202000038304";"30";"8";"2020";"07:16";"2";"31";"31555";"1";"1";"2";"6";"VA007331 A620";"43,5684400";"1,4205400"
"202000038305";"29";"8";"2020";"19:40";"1";"31";"31555";"1";"1";"1";"6";"CHE DE FENOUILLET";"43,6593900";"1,4092600"
"202000038306";"29";"8";"2020";"19:00";"1";"31";"31557";"2";"2";"1";"3";"PETIT TRAIN (RUE DU)";"43,5782700";"1,3229200"
"202000038307";"29";"8";"2020";"14:30";"1";"31";"31557";"1";"1";"1";"6";"D980";"43,5848400";"1,3628140"
"202000038308";"29";"8";"2020";"01:45";"5";"30";"30007";"2";"1";"2";"6";"SERRES (AVE OLIVIER DE)";"44,1044650";"4,0849550"
"202000038309";"31";"8";"2020";"22:50";"5";"29";"29019";"2";"2";"1";"2";"Rue du Château";"48,3831439";" -4,4912733"
"202000038310";"31";"8";"2020";"07:50";"1";"26";"26198";"2";"3";"1";"3";" 43 Chemin des Grèzes";"44,5472230";"4,7340810"
"202000038311";"31";"8";"2020";"22:25";"5";"25";"25056";"2";"2";"1";"3";"JOUCHOUX RUE AUGUSTE";"47,2382500";"5,9880800"
"202000038312";"31";"8";"2020";"16:00";"1";"25";"25056";"2";"2";"1";"3";"BD WINSTON CHURCHILL";"47,2474490";"5,9988570"
"202000038313";"28";"8";"2020";"16:20";"1";"21";"21231";"2";"2";"1";"3";"Boulevard Thiers";"47,3220130";"5,0516410"
"202000038314";"31";"8";"2020";"17:20";"1";"17";"17300";"2";"2";"1";"3";"GAMBETTA   AVENUE";"46,1616700";" -1,1455100"
"202000038315";"31";"8";"2020";"11:58";"1";"14";"14327";"2";"1";"1";"2";"COLOMBELLES CD226 (ROUTE DE)";"49,2152000";" -0,3364500"
"202000038316";"31";"8";"2020";"13:08";"1";"10";"10297";"2";"1";"1";"3";"NARCISSE HAUTELIN (RUE)";"48,3186450";"4,1005280"
"202000038317";"1";"9";"2020";"01:15";"5";"06";"06123";"2";"1";"1";"6";"PLATEAUX FLEURIS CHEMIN DES";"43,6733000";"7,1790000"
"202000038318";"31";"8";"2020";"17:45";"1";"75";"75120";"2";"1";"1";"4";"BOULEVARD PERIPHERIQUE";"48,8747450";"2,4105430"
"202000038319";"31";"8";"2020";"16:00";"1";"75";"75118";"2";"1";"1";"2";"BOULEVARD PERIPHERIQUE";"48,9008960";"2,3440140"
"202000038320";"30";"8";"2020";"05:47";"5";"75";"75112";"2";"1";"1";"6";"QUAI DE LA RAPEE";"48,8435360";"2,3700520"
"202000038321";"31";"8";"2020";"19:40";"1";"75";"75120";"2";"2";"1";"6";"RUE DES PYRENEES";"48,8655130";"2,3980080"
"202000038322";"31";"8";"2020";"14:10";"1";"75";"75119";"2";"7";"1";"3";"AVENUE DE LA PORTE DE PANTIN";"48,8897190";"2,3966720"
"202000038323";"31";"8";"2020";"20:35";"5";"75";"75117";"2";"2";"1";"3";"RUE DE TOCQUEVILLE";"48,8875260";"2,3074960"
"202000038324";"31";"8";"2020";"08:50";"1";"75";"75117";"2";"1";"1";"3";"RUE DE ROME";"48,8828740";"2,3196830"
"202000038325";"30";"8";"2020";"09:55";"1";"75";"75117";"2";"3";"2";"3";"BOULEVARD D AURELLE DE PALADINES";"48,8819090";"2,2833860"
"202000038326";"31";"8";"2020";"01:50";"5";"75";"75116";"2";"7";"1";"6";"PLACE DU TROCADERO ET DU 11 NOVEMBRE";"48,8625290";"2,2868230"
"202000038327";"31";"8";"2020";"16:45";"1";"75";"75115";"2";"2";"1";"3";"RUE LECOURBE";"48,8404760";"2,2957250"
"202000038328";"31";"8";"2020";"10:35";"1";"75";"75115";"2";"2";"1";"3";"RUE DU COTENTIN";"48,8386730";"2,3145740"
"202000038329";"31";"8";"2020";"08:30";"1";"75";"75115";"2";"3";"1";"4";"RUE SAINT CHARLES";"48,8473870";"2,2861800"
"202000038330";"31";"8";"2020";"09:00";"1";"75";"75115";"2";"1";"1";"3";"RUE SAINT CHARLES";"48,8471080";"2,2859560"
"202000038331";"30";"8";"2020";"13:20";"1";"75";"75115";"2";"1";"1";"3";"BOULEVARD PASTEUR";"48,8442350";"2,3113150"
"202000038332";"31";"8";"2020";"10:10";"1";"75";"75113";"2";"2";"1";"7";"QUAI FRANCOIS MAURIAC";"48,8322340";"2,3797660"
"202000038333";"31";"8";"2020";"19:40";"1";"75";"75111";"2";"3";"1";"6";"AVENUE LEDRU ROLLIN";"48,8547390";"2,3781490"
"202000038334";"31";"8";"2020";"10:00";"1";"75";"75111";"2";"1";"1";"2";"AVENUE PARMENTIER";"48,8648260";"2,3748680"
"202000038335";"31";"8";"2020";"12:20";"1";"75";"75110";"2";"3";"1";"3";"AVENUE PARMENTIER";"48,8707700";"2,3704770"
"202000038336";"30";"8";"2020";"22:30";"5";"75";"75108";"2";"2";"1";"3";"AVENUE HOCHE";"48,8752200";"2,2984970"
"202000038337";"31";"8";"2020";"02:15";"5";"75";"75104";"2";"7";"1";"3";"QUAI DE GESVRES";"48,8571820";"2,3473350"
"202000038338";"31";"8";"2020";"06:45";"2";"94";"94081";"2";"1";"1";"3";"LUCIEN FRANCAIS (AV)";"48,7873000";"2,3865000"
"202000038339";"31";"8";"2020";"14:41";"1";"94";"94054";"2";"1";"1";"2";"VICTOIRE (AV DE LA)";"48,7642000";"2,4059000"
"202000038340";"31";"8";"2020";"18:55";"1";"94";"94017";"2";"9";"1";"6";"REPUBLIQUE (AV DE LA)";"48,8230400";"2,5103300"
"202000038341";"31";"8";"2020";"13:45";"1";"94";"94071";"2";"4";"1";"3";"OLIVIER D ORMESSON (AV)";"48,7808500";"2,5158700"
"202000038342";"31";"8";"2020";"16:25";"1";"93";"93071";"2";"1";"1";"3";"JOHN F. KENNEDY (AVENUE)";"48,9393700";"2,5126800"
"202000038343";"31";"8";"2020";"16:27";"1";"93";"93062";"2";"3";"1";"3";"CLEMENCET (ALLEE)";"48,8890000";"2,5151000"
"202000038344";"31";"8";"2020";"16:50";"1";"93";"93049";"2";"1";"8";"6";"BD GALLIENI";"48,8532500";"2,5154300"
"202000038345";"31";"8";"2020";"17:22";"1";"93";"93048";"2";"3";"1";"6";"IRENEE LECOQ (RUE)";"48,8722100";"2,4502500"
"202000038346";"30";"8";"2020";"10:30";"1";"93";"93048";"2";"1";"2";"3";"RESISTANCE (AVENUE DE LA)";"48,8629100";"2,4366300"
"202000038347";"31";"8";"2020";"18:10";"1";"93";"93013";"2";"2";"1";"3";"AV DU GENERAL LECLERC / R DE L'ABBE NOIR";"48,9405700";"2,4314000"
"202000038348";"31";"8";"2020";"08:15";"1";"92";"92078";"2";"7";"1";"3";"VERDUN (AVENUE) (PAIRS 2 A 38)";"48,9355432";"2,3325723"
"202000038349";"28";"8";"2020";"23:30";"5";"92";"92036";"2";"2";"1";"3";"DEQUEVAUVILLIERS (BOULEVARD)";"48,9461434";"2,3044857"
"202000038350";"25";"6";"2020";"23:45";"5";"92";"92024";"2";"1";"1";"7";"PONT DE CLICHY";"48,9091840";"2,2996940"
"202000038351";"30";"8";"2020";"15:20";"1";"84";"84029";"2";"1";"1";"7";"95 Avenue Louis Pasteur";"44,1620120";"4,8755690"
"202000038352";"1";"9";"2020";"16:40";"1";"63";"63257";"1";"2";"1";"3";"D553";"45,7362985";"2,8673154"
"202000038353";"31";"8";"2020";"14:10";"1";"63";"63290";"1";"1";"8";"1";"D90";"45,9086140";"2,9050250"
"202000038354";"1";"9";"2020";"13:50";"1";"01";"01209";"1";"1";"1";"7";"1206";"46,1200430";"5,8899150"
"202000038355";"25";"8";"2020";"11:17";"1";"06";"06130";"1";"1";"1";"2";"D5";"43,7090900";"6,8643520"
"202000038356";"31";"8";"2020";"23:50";"3";"51";"51532";"1";"1";"1";"7";"D22";"49,1554969";"3,9682408"
"202000038357";"29";"8";"2020";"18:50";"2";"59";"59464";"2";"1";"2";"7";"45 Rue Pasteur";"50,1906750";"3,6124540"
"202000038358";"1";"9";"2020";"18:02";"1";"56";"56014";"1";"2";"1";"3";"Kerléadec";"47,9956370";" -3,3804200"
"202000038359";"31";"8";"2020";"07:05";"2";"56";"56078";"1";"2";"1";"3";"Rue de Saint-maurice";"47,7949140";" -3,5089890"
"202000038360";"31";"8";"2020";"18:50";"1";"74";"74164";"1";"1";"1";"7";"Route du Môle";"46,1044150";"6,4832210"
"202000038361";"1";"8";"2020";"15:35";"1";"74";"74275";"1";"3";"1";"3";"1100 Route de Saint-germain";"45,8515400";"6,2161110"
"202000038362";"31";"8";"2020";"20:30";"1";"77";"77321";"2";"1";"1";"6";"15 Route de Montereau - D142";"48,4101320";"3,2310960"
"202000038363";"29";"7";"2020";"20:22";"2";"79";"79171";"1";"1";"1";"6";"N/A";"46,9980800";" -0,2847600"
"202000038364";"1";"9";"2020";"01:30";"3";"2B";"2B242";"2";"1";"1";"2";"T10";"42,3946420";"9,5307520"
"202000038365";"22";"8";"2020";"17:15";"1";"32";"32096";"2";"1";"1";"1";"Avenue des Landes";"43,9557520";" -0,0381300"
"202000038366";"1";"9";"2020";"10:15";"1";"61";"61472";"1";"1";"1";"1";"La Croix Biette";"48,7633040";" -0,0277550"
"202000038367";"26";"8";"2020";"23:00";"4";"49";"49248";"2";"1";"1";"7";"Rue de la Liberation (Le Tremblay)";"47,6785540";" -1,0150020"
"202000038368";"5";"8";"2020";"22:47";"5";"41";"41059";"2";"4";"1";"6";"2 Rue de la Fonderie";"47,4194350";"1,4287380"
"202000038369";"31";"8";"2020";"17:45";"1";"29";"29095";"1";"2";"1";"2";"St Elven";"48,4622421";" -4,3674870"
"202000038370";"28";"8";"2020";"18:07";"1";"84";"84107";"2";"6";"1";"7";"D30";"44,0279550";"5,4952450"
"202000038371";"30";"8";"2020";"08:00";"2";"15";"15087";"1";"1";"8";"7";"D920";"44,7709130";"2,4601100"
"202000038372";"31";"8";"2020";"14:00";"1";"70";"70257";"1";"1";"8";"6";"D3";"47,5170850";"5,9324460"
"202000038373";"1";"9";"2020";"10:50";"1";"06";"06007";"2";"1";"1";"3";"Route de Cannes";"43,6077740";"6,9155130"
"202000038374";"30";"8";"2020";"11:38";"1";"83";"83082";"1";"9";"1";"7";"Route Departementale 955";"43,6345220";"6,4817190"
"202000038375";"29";"8";"2020";"14:15";"1";"45";"45067";"2";"1";"1";"7";"Rue du Genevret";"47,8818620";"1,7699950"
"202000038376";"31";"8";"2020";"15:00";"1";"18";"18015";"2";"1";"1";" -1";"57 Avenue du Parc des Sports";"47,4863810";"2,4437920"
"202000038377";"1";"9";"2020";"06:30";"3";"10";"10382";"1";"9";"1";"3";"D439";"48,4267300";"3,4441490"
"202000038378";"31";"8";"2020";"18:40";"1";"28";"28422";"1";"1";"1";"7";"D29";"48,2845920";"1,6117720"
"202000038379";"30";"8";"2020";"06:30";"3";"17";"17353";"1";"1";"1";"1";"route impériale";"45,9864370";" -1,0112570"
"202000038380";"1";"9";"2020";"00:55";"3";"37";"37108";"1";"1";"1";"6";"Le Bas Puits Bertin";"47,1322848";"1,0481408"
"202000038381";"31";"8";"2020";"18:40";"1";"30";"30228";"1";"2";"1";"3";"D418";"43,9423060";"4,3220470"
"202000038382";"1";"9";"2020";"13:50";"1";"03";"03186";"1";"1";"1";"4";"A71";"46,3302079";"2,9598740"
"202000038383";"1";"9";"2020";"15:34";"1";"79";"79276";"1";"1";"1";"2";"N/A";"46,3833800";" -0,2056240"
"202000038384";"31";"8";"2020";"17:28";"1";"90";"90001";"1";"1";"1";"2";"A36";"47,6094610";"6,8565200"
"202000038385";"24";"8";"2020";"14:50";"1";"972";"97230";"2";"1";"1";"3";"Cite Beausejour";"14,7432290";" -60,9459020"
"202000038386";"1";"9";"2020";"17:45";"1";"78";"78616";"1";"1";"1";"7";"D45";"48,8768100";"1,8136990"
"202000038387";"31";"8";"2020";"18:25";"1";"34";"34327";"1";"4";"1";"4";"RD 65";"43,6627030";"3,9790460"
"202000038388";"30";"8";"2020";"11:40";"1";"83";"83027";"1";"1";"1";"7";"Chemin de Cuges";"43,2092070";"5,7505810"
"202000038389";"1";"9";"2020";"16:00";"1";"05";"05079";"1";"1";"1";"1";"D1091";"45,0419470";"6,4220020"
"202000038390";"30";"8";"2020";"23:30";"3";"13";"13100";"1";"1";"1";"6";"D99";"43,7858280";"4,8620400"
"202000038391";"29";"8";"2020";"23:25";"5";"13";"13041";"2";"2";"1";"3";"Avenue des Aires";"43,4542740";"5,4767490"
"202000038392";"31";"8";"2020";"21:45";"3";"57";"57669";"1";"1";"1";"6";"23 Rue de Folkling";"49,1311590";"6,8886800"
"202000038393";"10";"8";"2020";"18:00";"2";"42";"42122";"1";"1";"3";"3";"Route de Saint Antheme";"45,5760480";"4,0621880"
"202000038394";"1";"9";"2020";"16:00";"1";"69";"69062";"1";"2";"1";"3";"D2";"45,6242950";"4,4805010"
"202000038395";"6";"8";"2020";"18:00";"2";"81";"81219";"2";"1";"7";"1";"5 Avenue de Vielmur";"43,5741770";"2,0117210"
"202000038396";"31";"8";"2020";"14:48";"1";"17";"17336";"1";"1";"1";"1";"Route de Saintes";"45,7612210";" -0,6909100"
"202000038397";"31";"8";"2020";"18:10";"1";"33";"33444";"1";"1";"7";"2";"D1113";"44,5741600";" -0,1725090"
"202000038398";"31";"8";"2020";"20:00";"1";"72";"72378";"1";"1";"1";"1";"D306";"47,8138270";" -0,2663790"
"202000038399";"31";"8";"2020";"08:55";"1";"44";"44172";"2";"6";"1";"3";"Rond Point des Bornes";"47,2750470";" -1,4685820"
"202000038400";"31";"8";"2020";"20:00";"1";"76";"76758";"2";"2";"1";" -1";"Rue Saint-françois";"49,6163370";"0,7597300"
"202000038401";"31";"8";"2020";"15:10";"1";"13";"13214";"1";"1";"1";"2";"A7-Sens Lyon vers Marseille";"43,3259230";"5,3782790"
"202000038402";"31";"8";"2020";"09:00";"1";"13";"13215";"1";"1";"1";"4";"A55-Sens Martigues vers Marseille";"43,3363800";"5,3503000"
"202000038403";"31";"8";"2020";"12:45";"1";"33";"33397";"1";"1";"1";"3";"AUTOROUTE A 10";"44,9139100";" -0,4806100"
"202000038404";"31";"8";"2020";"09:00";"1";"33";"33075";"1";"1";"1";"2";"ROCADE A 630";"44,8879700";" -0,5805300"
"202000038405";"31";"8";"2020";"05:03";"3";"91";"91363";"1";"1";"1";"6";"RN 104";"48,6379000";"2,2034000"
"202000038406";"30";"8";"2020";"21:00";"5";"78";"78238";"1";"1";"1";"6";"A13";"48,9696860";"1,8672380"
"202000038407";"31";"8";"2020";"17:30";"1";"95";"95277";"1";"1";"1";"2";"RD 170B7";"48,9748600";"2,4860600"
"202000038408";"30";"8";"2020";"17:30";"1";"69";"69383";"2";"1";"1";" -1";"BONNEL (DE)                         (R )";"45,7613598";"4,8419315"
"202000038409";"27";"8";"2020";"09:50";"1";"972";"97213";"1";"5";"1";"3";"VIEUX CHEMIN CALIFORNIE (RUE DU)";"14,6096300";" -61,0283000"
"202000038410";"28";"8";"2020";"22:05";"4";"972";"97213";"2";"1";"1";"2";"CASE NEGRE (RUE)";"14,6205652";" -60,9891844"
"202000038411";"22";"8";"2020";"05:10";"5";"69";"69034";"2";"1";"1";" -1";"DU BAC A TRAILLE                    (CH)";"45,7910300";"4,8681200"
"202000038412";"30";"8";"2020";"03:35";"5";"2B";"2B033";"2";"1";"2";"6";"CARDO - CHEMIN DE";"42,6974600";"9,4291100"
"202000038413";"30";"8";"2020";"10:50";"1";"91";"91174";"2";"9";"8";"6";"Darblay (avenue)";"48,6138480";"2,4800250"
"202000038414";"30";"8";"2020";"21:15";"5";"83";"83069";"2";"1";"1";"2";"DENIS (AVENUE ALPHONSE)";"43,1213500";"6,1375900"
"202000038415";"30";"8";"2020";"18:15";"2";"83";"83069";"2";"1";"1";"6";"LOUBES (ROUTE DES)";"43,1131930";"6,1030070"
"202000038416";"29";"8";"2020";"14:57";"1";"77";"77296";"1";"9";"1";" -1";"D 306";"48,6058100";"2,5824500"
"202000038417";"30";"8";"2020";"17:45";"1";"69";"69266";"2";"1";"1";"3";"ROGER SALENGRO     (Avenue)";"45,7761000";"4,8710000"
"202000038418";"30";"8";"2020";"16:00";"1";"69";"69266";"2";"3";"1";"3";"8 MAI 1945   (Rue du)";"45,7795100";"4,8917700"
"202000038419";"30";"8";"2020";"14:30";"1";"69";"69266";"2";"1";"1";"2";"EMILE ZOLA     (Cours)";"45,7662900";"4,8971000"
"202000038420";"30";"8";"2020";"10:30";"1";"64";"64024";"2";"1";"2";"3";"LAPORTE (AVENUE JEAN LEON)";"43,4878629";" -1,5005148"
"202000038421";"30";"8";"2020";"01:35";"5";"64";"64024";"2";"3";"1";"1";"MER (BOULEVARD DE LA)";"43,4935000";" -1,5455000"
"202000038422";"29";"8";"2020";"20:20";"2";"64";"64102";"2";"1";"2";"7";"AQUITAINE (AVENUE DE L')";"43,4866489";" -1,4676501"
"202000038423";"30";"8";"2020";"12:30";"1";"45";"45234";"2";"1";"2";"6";"Rue du Canon";"47,8989400";"1,8963400"
"202000038424";"30";"8";"2020";"17:27";"1";"37";"37208";"2";"1";"2";" -1";"CORMERY (RUE DE)";"47,3474917";"0,7346729"
"202000038425";"30";"8";"2020";"15:50";"1";"37";"37122";"2";"9";"3";"6";"PERIPHERIQUE OUEST";"47,3474670";"0,6460164"
"202000038426";"30";"8";"2020";"17:05";"1";"37";"37261";"2";"1";"1";"4";"PROUDHON (AVENUE)";"47,3936508";"0,6637463"
"202000038427";"30";"8";"2020";"04:15";"5";"29";"29232";"2";"1";"1";"7";"Rue du 19 Mars 1962";"47,9887411";" -4,1111618"
"202000038428";"30";"8";"2020";"20:10";"1";"26";"26362";"2";"6";"1";"1";"Avenue de Marseille";"44,9053120";"4,8829830"
"202000038429";"30";"8";"2020";"00:35";"5";"18";"18033";"2";"1";"1";"6";"CASTORS (RUE DES)";"47,0758900";"2,3765200"
"202000038430";"28";"8";"2020";"12:45";"1";"15";"15014";"2";"9";"1";"2";"CÔTE DE LASCANAUX (RN120)";"44,9225850";"2,4274680"
"202000038431";"29";"8";"2020";"08:25";"1";"13";"13214";"2";"1";"1";"1";"ARNAVAUX (AVENUE DES)";"43,3321783";"5,3815171"
"202000038432";"30";"8";"2020";"06:33";"5";"10";"10387";"2";"1";"2";"7";"GEORGES POMPIDOU (RUE)";"48,2962000";"4,0940000"
"202000038433";"30";"8";"2020";"17:05";"1";"06";"06088";"2";"1";"1";"1";"MADELEINE (BD DE LA)";"43,7001000";"7,2382000"
"202000038434";"30";"8";"2020";"12:45";"1";"06";"06069";"2";"1";"1";"4";"CHENES (CHEMIN DES)";"43,6410460";"6,9145790"
"202000038435";"30";"8";"2020";"15:15";"1";"75";"75114";"2";"1";"1";"7";"PORTE DE GENTILLY";"48,8165810";"2,3389390"
"202000038436";"30";"8";"2020";"10:00";"1";"75";"75120";"2";"4";"2";"6";"ECHANGEUR BAGNOLET";"48,8612300";"2,4137570"
"202000038437";"29";"8";"2020";"17:00";"1";"75";"75119";"2";"1";"2";"6";"BOULEVARD PERIPHERIQUE EXTERIEUR NORD  ";"48,8821140";"2,4016940"
"202000038438";"29";"8";"2020";"15:00";"1";"75";"75105";"2";"5";"1";"2";"RUE GAY LUSSAC";"48,8412660";"2,3435970"
"202000038439";"29";"8";"2020";"22:30";"5";"75";"75118";"2";"7";"1";"2";"RUE ORDENER";"48,8906490";"2,3545320"
"202000038440";"30";"8";"2020";"16:10";"1";"75";"75117";"2";"1";"1";"7";"BOULEVARD GOUVION SAINT CYR";"48,8828860";"2,2871750"
"202000038441";"30";"8";"2020";"03:00";"5";"75";"75117";"2";"3";"1";"3";"AVENUE DE CLICHY";"48,8919260";"2,3179350"
"202000038442";"29";"8";"2020";"21:45";"5";"75";"75107";"2";"7";"1";"2";"PLACE LEON PAUL FARGUE";"48,8468640";"2,3167120"
"202000038443";"30";"8";"2020";"02:40";"5";"75";"75107";"2";"2";"1";"6";"QUAI BRANLY";"48,8624680";"2,3016100"
"202000038444";"30";"8";"2020";"14:10";"1";"94";"94003";"2";"1";"2";"5";"DOCTEUR DURAND (AV DU)";"48,8046500";"2,3294000"
"202000038445";"30";"8";"2020";"12:35";"1";"94";"94073";"2";"1";"8";"3";"LUXEMBOURG (AV DU)";"48,7570350";"2,3737190"
"202000038446";"30";"8";"2020";"11:10";"1";"94";"94034";"2";"2";"2";"6";"DIVISION LECLERC (AV DE LA)";"48,7586440";"2,3240330"
"202000038447";"30";"8";"2020";"19:25";"2";"94";"94022";"2";"1";"2";"2";"VICTOR HUGO (AV)";"48,7701100";"2,4253900"
"202000038448";"30";"8";"2020";"08:00";"2";"94";"94017";"2";"2";"2";"3";"MAURICE THOREZ (AV)";"48,8150160";"2,5380600"
"202000038449";"30";"8";"2020";"21:25";"3";"93";"93073";"1";"1";"2";"7";"CHAPIT RE ( RUE DU)";"49,0034339";"2,5367413"
"202000038450";"30";"8";"2020";"17:00";"1";"93";"93073";"1";"1";"1";"7";"RTE DU PERIPHERIQUE SUD";"48,9896000";"2,5622000"
"202000038451";"30";"8";"2020";"11:45";"1";"93";"93027";"2";"2";"2";"7";"SUD (ALLEE DU)";"48,9194600";"2,3841000"
"202000038452";"30";"8";"2020";"02:45";"5";"93";"93057";"2";"1";"1";"6";"BRIAND ( AV. ARISTIDE) 238 A 308";"48,9105600";"2,5131700"
"202000038453";"30";"8";"2020";"19:10";"1";"92";"92078";"2";"1";"1";"1";"MARC SANGNIER (AVENUE)";"48,9297100";"2,3259000"
"202000038454";"29";"8";"2020";"16:50";"1";"92";"92025";"2";"2";"2";"1";"KLEBER (AV)";"48,9343200";"2,2558790"
"202000038455";"30";"8";"2020";"01:20";"5";"92";"92060";"2";"6";"1";" -1";"PAUL LANGEVIN (AVENUE) (RD 2)";"48,7763700";"2,2499600"
"202000038456";"30";"8";"2020";"19:40";"1";"92";"92012";"2";"1";"1";"6";"REINE (ROUTE DE LA) 1/37- 6/80";"48,8394880";"2,2421410"
"202000038457";"30";"8";"2020";"10:50";"1";"08";"08119";"1";"1";"1";"2";"D977";"49,6694630";"4,8889670"
"202000038458";"5";"8";"2020";"10:30";"1";"24";"24442";"2";"6";"1";"1";"Rue Bertran de Born";"45,1222100";"0,4957530"