"Num_Acc";"jour";"mois";"an";"hrmn";"lum";"dep";"com";"agg";"int";"atm";"col";"adr";"lat";"long"
"202000038459";"30";"8";"2020";"00:30";"4";"95";"95313";"1";"6";"1";"6";"Avenue de Paris";"49,1037690";"2,2491560"
"202000038460";"30";"8";"2020";"11:40";"1";"84";"84091";"1";"1";"1";"7";"Route Nationale 7";"44,1647210";"4,7682270"
"202000038461";"30";"8";"2020";"09:30";"1";"76";"76516";"1";"1";"3";"7";"A28";"49,7190133";"1,4213397"
"202000038462";"30";"8";"2020";"20:00";"2";"57";"57226";"2";"1";"1";"6";"Rue de l'Eglise";"49,3558730";"5,9941950"
"202000038463";"28";"8";"2020";"13:15";"1";"57";"57334";"1";"1";"1";"7";"D45";"48,6854080";"7,1826980"
"202000038464";"30";"8";"2020";"10:27";"1";"56";"56252";"2";"1";"1";"6";"Rue de la Mairie";"47,5260360";" -2,6471470"
"202000038465";"31";"8";"2020";"16:20";"1";"2A";"2A130";"1";"1";"8";"3";"Lieu Dit Tinarella";"41,8818680";"8,9541820"
"202000038466";"29";"8";"2020";"17:00";"1";"71";"71014";"1";"1";"1";"7";"D680";"46,9296473";"4,3645481"
"202000038467";"31";"8";"2020";"14:30";"1";"63";"63430";"2";"2";"8";"3";"45 Avenue Léo Lagrange";"45,8485020";"3,5331770"
"202000038468";"30";"8";"2020";"11:55";"1";"63";"63040";"2";"1";"1";"3";"D 997B - route de Clermont";"45,7353958";"3,3358100"
"202000038469";"30";"7";"2020";"21:10";"1";"76";"76711";"2";"1";"1";"3";"Avenue du Marechal Foch";"50,0642980";"1,3794390"
"202000038470";"30";"8";"2020";"11:35";"1";"12";"12254";"1";"1";"1";"1";"route départementale  901";"44,4260570";"2,5292370"
"202000038471";"31";"8";"2020";"08:55";"2";"35";"35360";"2";"1";"1";"6";"Rue de Brest";"48,1231320";" -1,2139730"
"202000038472";"30";"8";"2020";"16:50";"1";"35";"35234";"1";"3";"1";"3";"La Polka";"48,2237140";" -2,1776550"
"202000038473";"27";"8";"2020";"08:55";"1";"29";"29162";"2";"1";"1";"6";"Place Charles de Gaulle";"48,2257340";" -3,9701520"
"202000038474";"20";"8";"2020";"15:55";"1";"29";"29290";"1";"1";"1";"1";"Lieu Dit Pen Ar Valy";"48,5536240";" -4,5581620"
"202000038475";"29";"8";"2020";"14:40";"1";"29";"29168";"1";"3";"1";"3";"74 Rue des Langoustiers";"48,0373539";" -4,7141109"
"202000038476";"31";"8";"2020";"13:15";"1";"31";"31487";"2";"1";"1";"6";"Terme de Debat";"43,1600050";"0,6960120"
"202000038477";"31";"8";"2020";"07:10";"2";"31";"31345";"1";"1";"1";"1";"D820";"43,4039480";"1,4288400"
"202000038478";"13";"6";"2020";"00:04";"3";"72";"72158";"1";"1";"1";"6";"Le Gue Long";"48,0438970";"0,6198810"
"202000038479";"31";"8";"2020";"09:50";"1";"05";"05010";"1";"1";"1";" -1";"D1075";"44,5520990";"5,7733150"
"202000038480";"31";"8";"2020";"14:30";"1";"64";"64275";"2";"5";"1";"3";"D22";"43,1729550";" -1,2197610"
"202000038481";"29";"8";"2020";"18:20";"1";"64";"64014";"1";"1";"1";"1";"D20";"43,3165290";" -1,4900640"
"202000038482";"28";"8";"2020";"14:45";"1";"64";"64035";"1";"1";"2";"1";"D255";"43,4381190";" -1,5496840"
"202000038483";"28";"8";"2020";"11:15";"1";"43";"43213";"1";"1";"2";"3";"D451";"45,2565520";"4,2765360"
"202000038484";"31";"8";"2020";"12:25";"1";"43";"43211";"2";"1";"8";"6";"85 Rue Nationale";"45,2182940";"4,1337780"
"202000038485";"29";"8";"2020";"05:45";"3";"36";"36096";"1";"1";"1";"6";"La Gabriere";"46,7488740";"1,1604950"
"202000038486";"30";"8";"2020";"15:15";"1";"21";"21599";"2";"1";"1";"7";"Rue Henri Jevain";"47,5843621";"5,1827802"
"202000038487";"28";"8";"2020";"16:10";"1";"40";"40233";"1";"1";"2";"6";"Route de Mimbaste";"43,6222790";" -0,9962180"
"202000038488";"31";"8";"2020";"16:30";"1";"04";"04124";"1";"1";"1";"7";"Rte de Saint Laurent";"43,7358600";"6,0790630"
"202000038489";"30";"8";"2020";"19:45";"1";"85";"85284";"2";"2";"1";"3";"1 Rue de l'Ocean";"46,7960900";" -1,9004500"
"202000038490";"31";"8";"2020";"14:50";"1";"85";"85076";"2";"1";"1";"6";"Rue du Président Auguste Durand";"47,0737600";" -1,2522500"
"202000038491";"15";"8";"2020";"09:30";"1";"30";"30341";"1";"6";"1";"7";"Mas Saint-laurent";"43,5720900";"4,3074990"
"202000038492";"30";"8";"2020";"15:00";"1";"77";"77453";"1";"1";"3";" -1";"Châtillon-la-Borde (Embranchement d'autoroute)";"48,5393410";"2,7956772"
"202000038493";"1";"2";"2020";"21:55";"5";"33";"33063";"2";"2";"2";"3";"BD ANTOINE GAUTIER / RUE GENERAL DE LARMINAT / BD GEORGES POMPIDOU";"44,8333400";" -0,5985500"
"202000038494";"28";"1";"2020";"08:50";"2";"33";"33522";"2";"2";"1";"6";"Cours de la Libération";"44,8106070";" -0,5914620"
"202000038495";"9";"2";"2020";"03:15";"5";"31";"31555";"2";"4";"1";"3";"RUE DU POLE";"43,6473400";"1,4201300"
"202000038496";"10";"2";"2020";"18:25";"1";"29";"29019";"2";"2";"1";"3";"147 Rue du Guelmeur";"48,3928500";" -4,4620900"
"202000038497";"8";"2";"2020";"07:30";"5";"29";"29019";"2";"1";"1";"6";"24 Rue Charles Péguy";"48,4018980";" -4,4882325"
"202000038498";"10";"2";"2020";"09:05";"1";"25";"25462";"2";"2";"6";"3";"HUGO VICTOR";"46,9087100";"6,3477100"
"202000038499";"8";"2";"2020";"15:15";"1";"25";"25056";"2";"3";"1";"3";"16 Rue de la Cassotte";"47,2466700";"6,0306100"
"202000038500";"7";"2";"2020";"16:55";"1";"19";"19031";"2";"1";"1";"2";"SEMARD (AVENUE PIERRE) JUSQU'A N° 73 - 6";"45,1558300";"1,5177200"
"202000038501";"7";"2";"2020";"20:00";"5";"13";"13071";"1";"1";"1";"3";"CD 6";"43,4111380";"5,3289830"
"202000038502";"10";"2";"2020";"16:30";"1";"13";"13213";"2";"2";"1";"3";"ALBERT EINSTEIN (RUE)";"43,3392220";"5,4393740"
"202000038503";"10";"2";"2020";"15:20";"1";"13";"13209";"2";"1";"1";"6";"HUVEAUNE (BOULEVARD DE)";"43,2724510";"5,4062950"
"202000038504";"10";"2";"2020";"10:45";"1";"13";"13203";"2";"1";"1";"6";"BELLE DE MAI (RUE)";"43,3179600";"5,3740300"
"202000038505";"10";"2";"2020";"06:50";"2";"13";"13209";"2";"1";"1";"1";"LUDOVIC LEGRE (AVENUE)";"43,2512000";"5,3991000"
"202000038506";"9";"2";"2020";"12:20";"1";"11";"11069";"2";"2";"1";"3";"MONTREAL -ROUTE DE -";"43,2113510";"2,3264837"
"202000038507";"8";"2";"2020";"16:47";"1";"09";"09225";"2";"1";"1";"3";"FOIX AVENUE DE";"43,1009419";"1,6231656"
"202000038508";"8";"2";"2020";"18:10";"2";"09";"09207";"2";"1";"1";"6";"CAUSSOU (CH DE)";"42,9425230";"1,6315440"
"202000038509";"9";"2";"2020";"10:39";"1";"08";"08105";"2";"1";"8";"6";"CARNOT AVENUE";"49,7419000";"4,7263000"
"202000038510";"8";"2";"2020";"15:35";"1";"05";"05061";"2";"4";"1";"3";"SOLEIL ( RUE DU )";"44,5407100";"6,0571500"
"202000038511";"10";"2";"2020";"21:35";"5";"75";"75118";"2";"1";"2";" -1";"PORTE D AUBERVILLIERS";"48,9008020";"2,3698070"
"202000038512";"9";"2";"2020";"21:30";"5";"75";"75119";"2";"1";"1";"2";"PORTE DES LILAS";"48,8796300";"2,4071600"
"202000038513";"10";"2";"2020";"19:15";"5";"75";"75119";"2";"2";"2";"6";"BOULEVARD MACDONALD";"48,8987320";"2,3711100"
"202000038514";"10";"2";"2020";"14:05";"1";"75";"75119";"2";"2";"2";"3";"AVENUE RENE FONCK";"48,8797650";"2,4084030"
"202000038515";"10";"2";"2020";"09:43";"1";"75";"75118";"2";"4";"1";"6";"BOULEVARD BARBES";"48,8844860";"2,3494880"
"202000038516";"10";"2";"2020";"09:15";"1";"75";"75117";"2";"2";"1";"7";"RUE DE TOCQUEVILLE";"48,8832740";"2,3127200"
"202000038517";"10";"2";"2020";"14:15";"1";"75";"75116";"2";"7";"2";"7";"PLACE CLEMENT ADER";"48,8513440";"2,2784890"
"202000038518";"9";"2";"2020";"11:30";"1";"75";"75116";"2";"3";"1";"2";"BOULEVARD LANNES";"48,8645160";"2,2698260"
"202000038519";"10";"2";"2020";"17:00";"2";"75";"75107";"2";"1";"6";"1";"AVENUE DE SUFFREN";"48,8520130";"2,2995720"
"202000038520";"10";"2";"2020";"15:00";"1";"75";"75115";"2";"3";"3";"6";"AVENUE FELIX FAURE";"48,8373960";"2,2796090"
"202000038521";"10";"2";"2020";"06:45";"4";"75";"75115";"2";"7";"3";"6";"PLACE DES INSURGES DE VARSOVIE";"48,8277320";"2,2922100"
"202000038522";"10";"2";"2020";"09:00";"1";"75";"75114";"2";"5";"1";"6";"BOULEVARD DU MONTPARNASSE";"48,8419130";"2,3296060"
"202000038523";"8";"2";"2020";"22:25";"5";"75";"75113";"2";"4";"8";"6";"BOULEVARD AUGUSTE BLANQUI";"48,8297090";"2,3494050"
"202000038524";"10";"2";"2020";"11:11";"1";"75";"75108";"2";"7";"1";"3";"PLACE CHARLES DE GAULLE";"48,8735210";"2,2958440"
"202000038525";"10";"2";"2020";"02:30";"5";"75";"75108";"2";"3";"6";"3";"AVENUE DE FRIEDLAND";"48,8742300";"2,2995420"
"202000038526";"8";"2";"2020";"14:45";"1";"94";"94003";"2";"1";"1";"2";"LAPLACE (AV)";"48,8082850";"2,3320400"
"202000038527";"10";"2";"2020";"19:45";"5";"94";"94028";"2";"1";"2";"6";"CHOISY(ROUTE DE)";"48,7833500";"2,4472200"
"202000038528";"10";"2";"2020";"16:30";"1";"93";"93066";"2";"3";"2";"6";"CITE DANIELLE CASANOVA";"48,9276956";"2,3638012"
"202000038529";"10";"2";"2020";"12:40";"1";"93";"93048";"2";"1";"1";"2";"ARISTE HEMARD (RUE)";"48,8595534";"2,4376076"
"202000038530";"10";"2";"2020";"19:50";"5";"93";"93032";"2";"2";"3";"5";"R PAUL VAILLANT COUTURIER / AV DE VERSAILLES";"48,8769300";"2,5491000"
"202000038531";"9";"2";"2020";"22:30";"5";"93";"93027";"2";"1";"2";"1";"CURIE (RUE PIERRE)";"48,9214742";"2,3813545"
"202000038532";"10";"2";"2020";"11:20";"1";"92";"92026";"2";"1";"6";"2";"ROUEN";"48,8968670";"2,2412710"
"202000038533";"9";"2";"2020";"18:15";"1";"92";"92025";"2";"3";"1";" -1";"BOURNARD (RUE DU)";"48,9235947";"2,2597262"
"202000038534";"10";"2";"2020";"17:12";"1";"92";"92032";"2";"3";"2";"7";"FOCH MARECHAL (AVENUE DU)";"48,7936718";"2,2974394"
"202000038535";"10";"2";"2020";"19:05";"5";"92";"92007";"2";"1";"2";"6";"VAILLANT-COUTURIER (AVENU PAUL)";"48,7903936";"2,3145425"
"202000038536";"10";"2";"2020";"11:35";"1";"33";"33065";"1";"1";"1";"3";"ROUTE NATIONALE 230";"44,8094600";" -0,5245800"
"202000038537";"10";"2";"2020";"08:40";"1";"33";"33075";"1";"1";"2";"3";"ROCADE A 630";"44,8889900";" -0,6181000"
"202000038538";"5";"2";"2020";"15:10";"1";"59";"59431";"1";"1";"1";"6";"AUTOROUTE A25";"50,6917478";"2,8154612"
"202000038539";"10";"2";"2020";"13:50";"1";"91";"91286";"1";"1";"1";"4";"AUTOROUTE A6";"48,6569800";"2,3772630"
"202000038540";"10";"2";"2020";"18:45";"5";"92";"92050";"1";"1";"3";"2";"A86";"48,9038215";"2,2068111"
"202000038541";"9";"2";"2020";"19:30";"3";"93";"93053";"1";"1";"3";"2";"AUTOROUTE A3";"48,8872255";"2,4739409"
"202000038542";"9";"2";"2020";"09:50";"1";"95";"95678";"1";"1";"6";"2";"RN 104";"49,0694900";"2,2483900"
"202000038543";"9";"2";"2020";"00:45";"3";"93";"93005";"1";"1";"1";"6";"AUTOROUTE A1";"48,9618000";"2,4670000"
"202000038544";"8";"2";"2020";"22:45";"3";"95";"95277";"1";"1";"2";"6";"AUTOROUTE A104";"48,9727179";"2,4850190"
"202000038545";"8";"2";"2020";"23:00";"3";"95";"95306";"1";"1";"1";"7";"AUTOROUTE A15";"49,0026100";"2,1700200"
"202000038546";"10";"2";"2020";"05:30";"5";"94";"94073";"1";"1";"1";"4";"A86 EXT";"48,7718385";"2,3942454"
"202000038547";"10";"2";"2020";"08:22";"1";"988";"98818";"2";"3";"2";"3";"ENTREE LE SURF/PROMENADE ROGER LAROQUE";" -22,3031800";"166,4364700"
"202000038548";"8";"2";"2020";"19:50";"5";"988";"98818";"2";"3";"1";"3";"ROUTE DE L'ANSE VATA/RUE ANGE BERLIOZ";" -22,2803500";"166,4485800"
"202000038549";"9";"2";"2020";"20:57";"5";"976";"97611";"2";"3";"1";"3";"kaweni-Poste ( rue de la )";" -12,7779000";"45,2283600"
"202000038550";"6";"2";"2020";"14:50";"1";"974";"97416";"1";"9";"2";"3";"CONCESSION CONDE(CHEMIN)";" -21,2987000";"55,4974200"
"202000038551";"9";"2";"2020";"08:40";"1";"974";"97411";"2";"1";"1";"2";"PROVIDENCE (BOULEVARD DE LA)";" -20,8909100";"55,4531500"
"202000038552";"9";"2";"2020";"11:30";"1";"974";"97407";"1";"9";"1";"4";"ROUTE NATIONALE N° 1";" -20,9563400";"55,3104500"
"202000038553";"9";"2";"2020";"19:30";"5";"69";"69388";"2";"1";"1";"6";"PIERRE DELORE                       (R )";"45,7360900";"4,8559000"
"202000038554";"9";"2";"2020";"02:55";"5";"69";"69386";"2";"2";"1";"3";"JULES FERRY                         (PL)";"45,7662500";"4,8592400"
"202000038555";"8";"2";"2020";"22:00";"5";"69";"69384";"2";"1";"1";"6";"ESSES (DES)                         (MO)";"45,7731819";"4,8154128"
"202000038556";"9";"2";"2020";"14:55";"1";"69";"69034";"2";"1";"1";"1";"ARISTIDE BRIAND                     (CO)";"45,7830000";"4,8441000"
"202000038557";"8";"2";"2020";"11:50";"1";"69";"69381";"2";"9";"1";"6";"CROIX ROUSSE (DE LA)                (BD)";"45,7741700";"4,8292300"
"202000038558";"9";"2";"2020";"10:00";"1";"69";"69034";"2";"1";"1";"3";"GENERAL LECLERC                     (AV)";"45,8037000";"4,8611000"
"202000038559";"7";"2";"2020";"15:00";"1";"78";"78517";"1";"1";"1";"2";"RN 10";"48,6742700";"1,8399300"
"202000038560";"9";"2";"2020";"06:05";"5";"77";"77293";"2";"1";"1";"6";"HAUTE (RUE) - D29";"48,3611900";"3,0843190"
"202000038561";"20";"1";"2020";"09:50";"1";"73";"73008";"2";"1";"1";"6";"GARIBALDI BOULEVARD A PARTIR DU CHEMIN D";"45,6969264";"5,8954781"
"202000038562";"9";"2";"2020";"14:30";"1";"65";"65100";"1";"3";"1";"3";"BOURS (ROUTE DE)";"43,2680390";"0,0764670"
"202000038563";"9";"2";"2020";"14:45";"1";"64";"64189";"2";"1";"1";"1";"ANTHONIOZ DE GAULLE GENEVIEVE (AVENUE)";"43,3832400";" -1,6667000"
"202000038564";"9";"2";"2020";"06:00";"5";"64";"64024";"2";"1";"1";"1";"BAB (BOULEVARD DU)";"43,4905800";" -1,5336600"
"202000038565";"9";"2";"2020";"05:30";"5";"51";"51454";"2";"1";"1";"2";"Avenue d’Epernay";"49,2449802";"4,0125117"
"202000038566";"9";"2";"2020";"03:00";"3";"37";"37122";"2";"1";"1";"6";"ROUTE DE SAVONNIERES";"47,3678190";"0,6448085"
"202000038567";"9";"2";"2020";"21:00";"5";"37";"37261";"2";"2";"6";"3";"HEURTELOUP (BOULEVARD)";"47,3927571";"0,7011246"
"202000038568";"8";"2";"2020";"11:25";"1";"34";"34172";"2";"1";"2";" -1";"ASSAS (AVENUE D')";"43,6151200";"3,8639600"
"202000038569";"9";"2";"2020";"13:20";"1";"33";"33119";"2";"6";"1";"5";"AVE CARNOT / AVE RENE CASSAGNE";"44,8656500";" -0,5138500"
"202000038570";"9";"2";"2020";"12:30";"1";"33";"33063";"2";"8";"1";"3";"Quai de Bacalan";"44,8567400";" -0,5616000"
"202000038571";"9";"2";"2020";"19:55";"3";"33";"33009";"2";"6";"1";"6";"RD217E1 / Avenue du Golf";"44,6460700";" -1,1899000"
"202000038572";"8";"2";"2020";"18:25";"3";"33";"33529";"2";"1";"2";"2";"PYLA (BD DU)";"44,6335600";" -1,1713200"
"202000038573";"8";"2";"2020";"20:38";"5";"32";"32013";"2";"1";"1";"2";"SADI-CARNOT (BOULEVARD)";"43,6476400";"0,5887400"
"202000038574";"9";"2";"2020";"17:03";"1";"29";"29232";"2";"1";"2";"6";"Vieille Route de Rosporden";"47,9860900";" -4,0537100"
"202000038575";"8";"2";"2020";"11:20";"1";"29";"29232";"1";"1";"1";"6";"69 Route de Benodet";"47,9848593";" -4,1057350"
"202000038576";"8";"2";"2020";"09:50";"1";"29";"29232";"1";"1";"1";"3";"92 Route de Benodet";"47,9825100";" -4,1030500"
"202000038577";"7";"2";"2020";"17:00";"2";"25";"25056";"2";"2";"1";"3";"ROUTE DE GRAY";"47,2445600";"5,9930300"
"202000038578";"9";"2";"2020";"11:00";"1";"13";"13117";"1";"1";"1";"2";"STADIUM (CD9)";"43,4323000";"5,2778800"
"202000038579";"9";"2";"2020";"20:20";"5";"13";"13213";"2";"6";"1";"3";"ESCADRILLE NORMANDIE NIEMEN";"43,3334250";"5,4101240"
"202000038580";"9";"2";"2020";"09:45";"1";"13";"13213";"2";"1";"1";"6";"PALAMA (CHEMIN DE)";"43,3671460";"5,4432740"
"202000038581";"9";"2";"2020";"01:20";"5";"13";"13211";"2";"1";"1";"2";"EMMANUEL ALLARD (RUE)";"43,2901600";"5,4416100"
"202000038582";"7";"2";"2020";"15:40";"1";"11";"11262";"2";"1";"1";"2";"LECLERC (AVENUE DU GENERAL)";"43,1755000";"2,9932300"
"202000038583";"7";"2";"2020";"17:10";"1";"04";"04112";"2";"1";"1";"3";"RD 907";"43,8183120";"5,7971300"
"202000038584";"8";"2";"2020";"17:00";"1";"03";"03185";"2";"6";"1";"3";"Avenue Albert Thomas";"46,3575618";"2,5853690"
"202000038585";"30";"1";"2020";"18:23";"5";"03";"03185";"2";"1";"2";"6";"rue de Blanzat n° 32";"46,3509833";"2,5997708"
"202000038586";"6";"2";"2020";"20:25";"3";"75";"75114";"2";"1";"1";"7";"PORTE DE GENTILLY";"48,8164400";"2,3430450"
"202000038587";"8";"2";"2020";"11:00";"1";"75";"75106";"2";"1";"1";"2";"BOULEVARD SAINT GERMAIN";"48,8540290";"2,3322760"
"202000038588";"9";"2";"2020";"20:30";"5";"75";"75120";"2";"2";"2";"6";"RUE DES PYRENEES";"48,8591400";"2,4021120"
"202000038589";"9";"2";"2020";"15:34";"1";"75";"75120";"2";"3";"6";"3";"BOULEVARD DE BELLEVILLE";"48,8676830";"2,3825110"
"202000038590";"9";"2";"2020";"20:15";"5";"75";"75119";"2";"3";"2";"3";"AVENUE DE LA PORTE DE LA VILLETTE";"48,8997790";"2,3879860"
"202000038591";"9";"2";"2020";"14:25";"1";"75";"75117";"2";"3";"6";" -1";"AVENUE DES TERNES";"48,8804650";"2,2863630"
"202000038592";"9";"2";"2020";"05:30";"5";"75";"75109";"2";"2";"1";"6";"BOULEVARD MONTMARTRE";"48,8719820";"2,3400460"
"202000038593";"9";"2";"2020";"01:50";"5";"75";"75103";"2";"3";"1";"6";"BOULEVARD SAINT MARTIN";"48,8683350";"2,3597000"
"202000038594";"9";"2";"2020";"21:10";"5";"93";"93053";"2";"2";"2";"3";"DIX HUIT AVRIL 1944 (RUE DU)";"48,8871000";"2,4559000"
"202000038595";"9";"2";"2020";"12:10";"1";"93";"93033";"2";"1";"1";"2";"MARECHAL JOFFRE (AVENUE)";"48,8632827";"2,5763327"
"202000038596";"9";"2";"2020";"19:00";"5";"92";"92026";"2";"3";"2";"3";"VERDUN (DE 62 A FIN)";"48,9027110";"2,2585500"
"202000038597";"9";"2";"2020";"19:15";"5";"92";"92012";"2";"2";"2";"6";"CARNOT (RUE)";"48,8341795";"2,2396834"
"202000038598";"9";"2";"2020";"09:25";"1";"13";"13070";"1";"1";"1";"3";"A50-Sens Marseille vers Aubagne";"43,2847600";"5,5189930"
"202000038599";"9";"2";"2020";"06:20";"3";"13";"13211";"1";"1";"1";"2";"A50-Sens Marseille vers Aubagne";"43,2908000";"5,4864400"
"202000038600";"9";"2";"2020";"09:00";"1";"13";"13071";"1";"1";"1";"7";"A7-Sens Marseille vers Lyon";"43,4149255";"5,2786519"
"202000038601";"8";"2";"2020";"16:00";"1";"13";"13215";"1";"1";"1";"4";"A7-Sens Lyon vers Marseille";"43,3679220";"5,3607290"
"202000038602";"9";"2";"2020";"06:00";"3";"69";"69290";"1";"9";"1";"6";"A43  ";"45,7075000";"4,9563000"
"202000038603";"20";"1";"2020";"19:45";"3";"69";"69272";"1";"1";"1";"2";"A 46";"45,5921000";"4,8405000"
"202000038604";"9";"2";"2020";"03:40";"3";"91";"91174";"1";"1";"1";"6";"RN 104";"48,6108200";"2,4449400"
"202000038605";"9";"1";"2020";"08:15";"5";"93";"93005";"2";"1";"2";"6";"BD GEORGES BRAQUE";"48,9568838";"2,4791986"
"202000038606";"9";"2";"2020";"19:00";"1";"92";"92064";"1";"1";"2";"4";"A13";"48,8369940";"2,1873551"
"202000038607";"9";"1";"2020";"14:15";"1";"92";"92078";"2";"3";"8";"3";"VIEUX CHEMIN DE ST DENIS (AVENUE)/ MARC SAGNIER (AVENUE)";"48,9296820";"2,3262560"
"202000038608";"9";"2";"2020";"19:30";"3";"92";"92036";"1";"1";"2";"5";"A86";"48,9361027";"2,2878975"
"202000038609";"9";"1";"2020";"19:24";"1";"92";"92046";"2";"3";"1";" -1";"GABRIEL PERI (BD)";"48,8191790";"2,3029840"
"202000038610";"9";"2";"2020";"08:00";"3";"78";"78431";"1";"1";"3";"2";"A13";"48,9410940";"1,9531500"
"202000038611";"9";"1";"2020";"12:35";"1";"92";"92075";"2";"6";"2";"6";"ANTOINE FRATACCI (RUE)";"48,8205000";"2,2905000"
"202000038612";"7";"1";"2020";"19:10";"5";"92";"92072";"2";"1";"2";"4";"TROYON (RUE)";"48,8244400";"2,2287800"
"202000038613";"9";"2";"2020";"07:00";"5";"94";"94042";"1";"1";"1";"5";"A4";"48,8272864";"2,4692556"
"202000038614";"7";"1";"2020";"16:20";"1";"92";"92064";"1";"1";"2";"6";"A13";"48,8494300";"2,2181000"
"202000038615";"8";"2";"2020";"23:00";"3";"77";"77175";"1";"1";"1";" -1";"RN104";"48,6653863";"2,6131551"
"202000038616";"9";"1";"2020";"09:40";"1";"92";"92062";"2";"1";"2";" -1";"PUTEAUX (PONT DE)";"48,8773614";"2,2438060"
"202000038617";"8";"2";"2020";"16:30";"1";"94";"94073";"1";"1";"2";"3";"A86 INT";"48,7696556";"2,3800081"
"202000038618";"9";"1";"2020";"08:30";"2";"92";"92051";"2";"1";"2";"3";"VICTOR HUGO (BOULEVARD, N° 9 A 49 ET 16";"48,8907123";"2,2757547"
"202000038619";"8";"1";"2020";"22:30";"5";"92";"92051";"2";"5";"1";"3";"RICHARD WALLACE (BOULEVARD)";"48,8761960";"2,2465580"
"202000038620";"7";"2";"2020";"19:00";"3";"77";"77169";"1";"1";"1";"4";"A4.Y";"48,8317200";"2,6013170"
"202000038621";"9";"1";"2020";"12:15";"1";"92";"92026";"2";"1";"2";"2";"COLOMBES";"48,9043636";"2,2559264"
"202000038622";"9";"2";"2020";"05:10";"2";"988";"98818";"2";"2";"1";"3";"RUE JULES FERRY/AVENUE JAMES COOK";" -22,2675200";"166,4374200"
"202000038623";"7";"1";"2020";"21:30";"5";"92";"92025";"2";"2";"1";"3";"GABRIEL PERI (RUE)/  RD CHARLES DE GAULLE (BD)";"48,9144370";"2,2289590"
"202000038624";"8";"2";"2020";"08:40";"1";"974";"97416";"1";"2";"1";"3";"GRANDS FONDS (CHEMIN)";" -21,3066000";"55,4207500"
"202000038625";"9";"1";"2020";"17:40";"5";"92";"92012";"2";"1";"2";"6";"REPUBLIQUE (BOULEVARD DE LA) 5/77BIS - 6";"48,8324840";"2,2509150"
"202000038626";"7";"2";"2020";"17:00";"1";"974";"97407";"1";"1";"1";"2";"ROUTE DU SACRE COEUR";" -20,9589100";"55,3200000"
"202000038627";"9";"1";"2020";"09:30";"1";"92";"92012";"2";"1";"2";"7";"GENERAL LECLERC (AVENUE DU) 1/33 - 2/58";"48,8328920";"2,2407570"
"202000038628";"9";"1";"2020";"08:50";"1";"92";"92012";"2";"1";"8";"6";"JEAN JAURES (BOULEVARD) 63/215 - 70/208";"48,8358042";"2,2423106"
"202000038629";"7";"2";"2020";"21:29";"5";"973";"97302";"2";"1";"1";"1";"MONTABO (ROUTE DE) 2";"4,9410593";" -52,3028612"
"202000038630";"7";"1";"2020";"17:23";"3";"91";"91340";"2";"2";"2";"3";"Avenue des Parcs";"48,6035190";"2,4258340"
"202000038631";"8";"2";"2020";"14:00";"1";"973";"97302";"2";"1";"1";"3";"14 ET 22 JUIN 1962";"4,9334486";" -52,3270011"
"202000038632";"9";"1";"2020";"19:55";"5";"26";"26353";"2";"1";"1";"6";"RN7";"44,6618930";"4,7899170"
"202000038633";"8";"2";"2020";"14:40";"1";"69";"69383";"2";"2";"1";"6";"COMMANDANT FUZIER (DU)              (R )";"45,7553400";"4,8475700"
"202000038634";"8";"1";"2020";"17:30";"2";"33";"33171";"1";"1";"1";"3";"1 Fosses";"44,5951400";"0,0543200"
"202000038635";"31";"1";"2020";"01:05";"3";"972";"97209";"2";"9";"1";"6";"RD 41 (ROCADE)";"14,6098700";" -61,0688200"
"202000038636";"8";"2";"2020";"16:00";"1";"69";"69382";"2";"3";"1";"1";"BAYARD                              (CO)";"45,7451300";"4,8181800"
"202000038637";"9";"1";"2020";"19:45";"3";"10";"10281";"2";"2";"2";"3";"1 Rue Royale";"48,3690230";"3,9010680"
"202000038638";"9";"1";"2020";"07:10";"1";"974";"97422";"2";"1";"1";"7";"D12";" -21,2887130";"55,5237710"
"202000038639";"8";"2";"2020";"14:10";"1";"69";"69389";"2";"1";"1";"2";"ST CYR (DE)                         (R )";"45,7833700";"4,8077100"
"202000038640";"8";"2";"2020";"14:15";"1";"69";"69286";"2";"1";"1";"6";"EUROPE (DE L')                      (AV)";"45,8139800";"4,8942000"
"202000038641";"9";"1";"2020";"22:30";"3";"38";"38133";"1";"1";"2";" -1";"Route de Chartreuse";"45,3653200";"5,6214500"
"202000038642";"8";"2";"2020";"23:25";"5";"91";"91434";"2";"2";"8";"6";"PAILLARD (RUE)";"48,6606600";"2,3475800"
"202000038643";"9";"1";"2020";"09:05";"1";"83";"83054";"2";"1";"1";"3";"N/A";"43,1608000";"6,0419860"
"202000038644";"8";"2";"2020";"07:20";"5";"91";"91174";"2";"9";"1";"6";"DARBLAY  (avenue)";"48,6139600";"2,4775200"
"202000038645";"8";"2";"2020";"16:45";"1";"83";"83144";"2";"1";"1";"6";"IKEA (GRANDE SURFACE)";"43,1412347";"6,0114419"
"202000038646";"10";"1";"2020";"08:00";"3";"79";"79123";"1";"1";"1";"1";"N/A";"46,7322010";" -0,6709190"
"202000038647";"8";"2";"2020";"03:44";"5";"81";"81004";"2";"1";"1";"6";"Rue Croix Verte";"43,9278600";"2,1491500"
"202000038648";"10";"1";"2020";"12:45";"1";"2B";"2B207";"2";"9";"1";"3";"Musoleo";"42,4480030";"9,5069830"
"202000038649";"8";"2";"2020";"21:00";"5";"77";"77514";"2";"1";"8";"1";"JEAN JAURES (RUE) - D105";"48,9387260";"2,6042080"