"Num_Acc";"jour";"mois";"an";"hrmn";"lum";"dep";"com";"agg";"int";"atm";"col";"adr";"lat";"long"
"202000038650";"8";"2";"2020";"15:40";"1";"71";"71270";"2";"1";"1";"2";"Rue de la Liberté";"46,3166849";"4,8226874"
"202000038651";"9";"1";"2020";"17:20";"1";"33";"33544";"1";"2";"2";"3";"D1215";"45,5350170";" -1,0992470"
"202000038652";"7";"1";"2020";"15:45";"1";"32";"32163";"1";"1";"7";"2";"D373";"43,5853606";"0,0288275"
"202000038653";"10";"1";"2020";"15:25";"1";"89";"89197";"2";"2";"1";"1";"Rue du Moulin (Guillon)";"47,5116840";"4,0917310"
"202000038654";"7";"1";"2020";"15:10";"1";"63";"63178";"2";"1";"1";"7";"26 Boulevard Triozon Bayle";"45,5426385";"3,2508398"
"202000038655";"9";"1";"2020";"13:18";"1";"25";"25259";"2";"2";"1";"6";"29 Grande Rue";"46,8567310";"6,1619780"
"202000038656";"8";"2";"2020";"17:40";"5";"69";"69266";"2";"2";"1";"3";"ROGER SALENGRO     (Avenue)";"45,7804200";"4,8829900"
"202000038657";"10";"1";"2020";"07:50";"5";"44";"44003";"2";"6";"1";"3";"434 Rue Francois Rene Chateaubriand";"47,3771490";" -1,1809740"
"202000038658";"9";"1";"2020";"18:20";"2";"29";"29076";"1";"1";"3";"2";"D68";"48,4537840";" -4,6248360"
"202000038659";"7";"2";"2020";"16:25";"1";"69";"69091";"2";"1";"1";"3";"JEAN LIGONNET ( R )";"45,5920000";"4,7703000"
"202000038660";"8";"1";"2020";"07:30";"5";"31";"31424";"2";"6";"1";"6";"Rue des Ecoles";"43,5666040";"1,2974790"
"202000038661";"27";"1";"2020";"11:35";"1";"68";"68166";"2";"1";"1";"2";"MULHOUSE (FAUBOURG DE)";"47,7812800";"7,3298100"
"202000038662";"27";"1";"2020";"10:30";"1";"68";"68166";"2";"6";"1";"3";"RICHWILLER (RUE DE)";"47,7892000";"7,3151700"
"202000038663";"9";"1";"2020";"17:45";"3";"14";"14431";"1";"2";"1";"3";"1 Rue du Puits";"49,0483110";" -0,1110430"
"202000038664";"7";"2";"2020";"12:15";"1";"67";"67180";"1";"6";"1";"3";"SCHIRRHEIN (ROUTE DE)";"48,8005150";"7,8397021"
"202000038665";"10";"1";"2020";"14:45";"1";"45";"45281";"1";"1";"2";"1";"route de montargis";"48,0404742";"3,0334787"
"202000038666";"8";"2";"2020";"18:45";"2";"64";"64445";"2";"1";"1";"3";"BUROS DE";"43,3116400";" -0,3512300"
"202000038667";"10";"1";"2020";"16:15";"1";"16";"16140";"2";"3";"1";"6";"Ld La Gagnarderie";"45,8812860";"0,1830990"
"202000038668";"8";"2";"2020";"21:30";"5";"64";"64140";"2";"1";"8";"7";"LATAPPY (RUE SEVERIN)";"43,5288686";" -1,4824033"
"202000038669";"10";"1";"2020";"18:20";"5";"53";"53096";"2";"1";"1";"6";"1 Avenue de la Libération";"48,3000390";" -0,9367720"
"202000038670";"8";"2";"2020";"14:20";"1";"64";"64102";"2";"2";"1";"3";"HENRI DE NAVARRE (AVENUE)";"43,4940300";" -1,4530700"
"202000038671";"6";"1";"2020";"10:00";"1";"37";"37179";"1";"6";"1";"3";"Rue de l'Aviation";"47,4487397";"0,7266287"
"202000038672";"8";"2";"2020";"16:30";"1";"60";"60159";"2";"1";"1";"6";"SOLFERINO";"49,4184000";"2,8249900"
"202000038673";"10";"1";"2020";"15:12";"1";"88";"88430";"1";"1";"3";"2";"A31";"48,1923990";"5,7727010"
"202000038674";"5";"1";"2020";"17:00";"2";"69";"69244";"2";"6";"1";"6";"Avenue Charles de Gaulle";"45,7507030";"4,7653740"
"202000038675";"8";"2";"2020";"09:30";"1";"54";"54498";"2";"1";"1";"2";"RD 674";"48,7216300";"6,2705000"
"202000038676";"8";"2";"2020";"08:10";"1";"44";"44109";"2";"1";"3";"6";"Boulevard Jean Ingres";"47,2223700";" -1,5969200"
"202000038677";"9";"1";"2020";"21:20";"3";"988";"98811";"1";"1";"1";"1";"R.T.1";" -21,0878400";"164,8814500"
"202000038678";"8";"2";"2020";"05:30";"5";"39";"39198";"2";"1";"1";"1";"15 Rue du Mont Roland";"47,0919670";"5,4906330"
"202000038679";"10";"1";"2020";"09:30";"1";"95";"95141";"1";"1";"2";"2";"RD 14";"49,1440230";"1,8051530"
"202000038680";"8";"2";"2020";"16:55";"1";"37";"37122";"1";"1";"2";"4";"RD 37";"47,3719369";"0,6535630"
"202000038681";"10";"1";"2020";"08:10";"2";"91";"91041";"1";"1";"2";"1";"D19";"48,5679950";"2,2274840"
"202000038682";"8";"2";"2020";"10:40";"1";"35";"35189";"1";"9";"2";"3";"RD 137";"48,1544300";" -1,7019600"
"202000038683";"9";"1";"2020";"12:45";"1";"91";"91540";"2";"1";"2";" -1";"Rue Charles de Gaulle";"48,5536890";"2,1251390"
"202000038684";"8";"2";"2020";"02:50";"5";"35";"35238";"2";"1";"1";"6";"38 LIBERTE (BD DE LA)";"48,1079500";" -1,6819300"
"202000038685";"10";"1";"2020";"07:35";"1";"66";"66217";"2";"1";"1";" -1";"rue de lorraine";"42,6131300";"2,8103700"
"202000038686";"7";"2";"2020";"21:30";"3";"35";"35051";"1";"6";"1";"3";"MORAND (ROUTE DU CHENE)";"48,1011960";" -1,6095540"
"202000038687";"10";"1";"2020";"12:35";"1";"66";"66069";"2";"3";"1";"6";"rue de lorraine";"42,7771580";"2,8350200"
"202000038688";"9";"2";"2020";"01:15";"5";"29";"29232";"1";"1";"1";"3";"263 Route de Bénodet";"47,9691996";" -4,0853550"
"202000038689";"8";"2";"2020";"06:55";"5";"27";"27299";"2";"1";"2";"6";"BRIAND (AVENUE ARISTIDE)";"49,0414500";"1,1592200"
"202000038690";"8";"2";"2020";"13:45";"1";"13";"13205";"2";"1";"1";"7";"EDMOND DANTES (RUE)";"43,2988200";"5,3957100"
"202000038691";"7";"2";"2020";"13:30";"1";"13";"13028";"2";"1";"1";"6";"PUITS DE BRUNET (CHEMIN DU)";"43,1866370";"5,6003810"
"202000038692";"9";"1";"2020";"17:15";"2";"86";"86062";"2";"1";"2";"6";"Allée du Haut Poitou";"46,6501184";"0,3635407"
"202000038693";"9";"1";"2020";"20:00";"5";"60";"60628";"2";"6";"1";"3";"Rue du Général de Gaulle";"49,4182940";"2,1621230"
"202000038694";"8";"2";"2020";"12:23";"1";"09";"09225";"2";"1";"1";"3";"DELCASSE BOULEVARD";"43,1144793";"1,6139090"
"202000038695";"9";"1";"2020";"07:45";"3";"33";"33448";"1";"1";"1";"5";"AUTOROUTE A 62";"44,7184800";" -0,5207500"
"202000038696";"7";"2";"2020";"22:40";"5";"75";"75120";"2";"1";"1";"2";"PORTE DE MONTREUIL";"48,8509350";"2,4154350"
"202000038697";"9";"1";"2020";"11:00";"1";"94";"94003";"1";"1";"1";"3";"AUTOROUTE A6A";"48,8098400";"2,3389900"
"202000038698";"7";"2";"2020";"17:40";"1";"75";"75119";"2";"1";"1";"7";"PORTE DE PANTIN";"48,8865140";"2,3970540"
"202000038699";"9";"1";"2020";"07:50";"3";"91";"91689";"1";"1";"8";"5";"AUTOROUTE A6A";"48,7439000";"2,3232000"
"202000038700";"7";"2";"2020";"15:30";"1";"75";"75116";"2";"1";"1";"2";"PORTE DE PASSY";"48,8566240";"2,2575090"
"202000038701";"9";"1";"2020";"09:12";"1";"92";"92036";"1";"1";"1";"3";"A86";"48,9347100";"2,2819600"
"202000038702";"8";"2";"2020";"07:30";"2";"75";"75105";"2";"2";"1";"3";"QUAI SAINT MICHEL";"48,8530900";"2,3468430"
"202000038703";"9";"1";"2020";"09:00";"2";"92";"92051";"1";"1";"2";" -1";"RN13";"48,8861200";"2,2558300"
"202000038704";"9";"1";"2020";"09:05";"2";"92";"92051";"1";"1";"2";" -1";"N13";"48,8861200";"2,2558300"
"202000038705";"8";"2";"2020";"19:12";"5";"75";"75119";"2";"3";"1";"6";"AVENUE JEAN JAURES";"48,8866070";"2,3847970"
"202000038706";"8";"1";"2020";"12:30";"1";"78";"78490";"1";"1";"2";"3";"RN12 INT";"48,7997770";"1,9846020"
"202000038707";"7";"2";"2020";"23:45";"5";"75";"75116";"2";"3";"1";"6";"AVENUE DE LA PORTE DE SAINT CLOUD";"48,8386520";"2,2517690"
"202000038708";"9";"1";"2020";"21:14";"3";"93";"93027";"1";"1";"8";"6";"BDL";"48,9328200";"2,4032500"
"202000038709";"7";"2";"2020";"17:00";"1";"75";"75116";"2";"5";"1";"3";"AVENUE DU PRESIDENT KENNEDY";"48,8513420";"2,2784920"
"202000038710";"9";"1";"2020";"01:45";"3";"95";"95607";"1";"1";"2";"6";"AUTOROUTE A115";"49,0118900";"2,2237900"
"202000038711";"8";"2";"2020";"01:28";"5";"75";"75115";"2";"1";"1";"6";"BOULEVARD DE GRENELLE";"48,8511680";"2,2923380"
"202000038712";"8";"1";"2020";"16:45";"2";"93";"93039";"1";"1";"2";"2";"AUTOROUTE A86";"48,9273100";"2,3334000"
"202000038713";"8";"2";"2020";"20:45";"5";"75";"75112";"2";"3";"2";"2";"ROUTE DU PARC";"48,8241910";"2,4228000"
"202000038714";"8";"2";"2020";"21:00";"5";"75";"75111";"2";"4";"2";"3";"AVENUE DE LA REPUBLIQUE";"48,8665100";"2,3679780"
"202000038715";"8";"1";"2020";"08:00";"2";"95";"95277";"1";"1";"1";"5";"AUTOROUTE A1";"48,9799623";"2,4973498"
"202000038716";"7";"2";"2020";"15:00";"1";"75";"75109";"2";"1";"1";"6";"RUE AUBER";"48,8734390";"2,3276330"
"202000038717";"9";"1";"2020";"20:00";"5";"94";"94015";"1";"1";"2";"7";"A4";"48,8294536";"2,5282723"
"202000038718";"9";"1";"2020";"17:15";"2";"94";"94017";"1";"1";"2";"7";"A4";"48,8284417";"2,5027316"
"202000038719";"8";"2";"2020";"18:00";"2";"75";"75108";"2";"3";"2";"7";"AVENUE DES CHAMPS ELYSEES";"48,8713900";"2,3027820"
"202000038720";"9";"1";"2020";"08:30";"1";"94";"94017";"1";"1";"2";"3";"A4";"48,8272000";"2,5098000"
"202000038721";"9";"1";"2020";"07:55";"2";"94";"94033";"1";"1";"2";"4";"A86.EXT";"48,8506813";"2,4908082"
"202000038722";"8";"2";"2020";"17:50";"2";"75";"75108";"2";"1";"2";"3";"AVENUE HOCHE";"48,8770410";"2,3027620"
"202000038723";"8";"1";"2020";"16:00";"1";"94";"94033";"1";"1";"1";"2";"A86.INT";"48,8520234";"2,4897043"
"202000038724";"8";"2";"2020";"06:50";"5";"75";"75108";"2";"7";"8";" -1";"PLACE DE LA CONCORDE";"48,8648840";"2,3211890"
"202000038725";"8";"1";"2020";"15:00";"1";"77";"77122";"1";"1";"2";"2";"RN104";"48,6632470";"2,6134160"
"202000038726";"8";"2";"2020";"15:45";"1";"75";"75101";"2";"2";"2";"6";"QUAI FRANCOIS MITTERRAND";"48,8601170";"2,3333320"
"202000038727";"8";"1";"2020";"06:15";"3";"94";"94017";"1";"1";"1";"2";"A4";"48,8302200";"2,4886400"
"202000038728";"7";"2";"2020";"10:00";"1";"94";"94068";"2";"7";"1";"2";"8 MAI 1945 (CARR DU)";"48,8019090";"2,4920340"
"202000038729";"7";"2";"2020";"21:30";"5";"94";"94042";"2";"1";"1";"1";"GENERAL GALLIENI (AV DU)";"48,8198900";"2,4791600"
"202000038730";"7";"1";"2020";"10:40";"1";"94";"94056";"2";"3";"8";"3";"VARENNE JARCY (R DE)";"48,6938900";"2,5569300"
"202000038731";"8";"2";"2020";"22:38";"5";"94";"94076";"2";"1";"2";"7";"MAXIME GORKI (BD)";"48,7876214";"2,3677727"
"202000038732";"8";"1";"2020";"11:55";"1";"974";"97407";"1";"3";"1";" -1";"D12";" -20,9396950";"55,3031430"
"202000038733";"8";"2";"2020";"13:40";"1";"94";"94038";"2";"1";"1";"6";"HENRI THIRARD (R)";"48,7782000";"2,3420400"
"202000038734";"8";"1";"2020";"13:35";"1";"69";"69383";"2";"2";"1";"3";"PINEL                               (BD)";"45,7389994";"4,8920724"
"202000038735";"8";"2";"2020";"07:30";"5";"94";"94073";"2";"1";"1";"6";"FONTAINEBLEAU (AV DE)";"48,7621000";"2,3684500"
"202000038736";"8";"1";"2020";"18:30";"5";"69";"69389";"2";"1";"1";"3";"FRERE BENOIT (DU)                   (R )";"45,7643900";"4,7954200"
"202000038737";"8";"1";"2020";"12:30";"1";"69";"69389";"2";"1";"1";"6";"ST CYR (DE)                         (R )";"45,7859258";"4,8079082"
"202000038738";"7";"2";"2020";"22:20";"5";"94";"94071";"2";"4";"1";"3";"MAURICE BERTEAUX (R)";"48,7719676";"2,5197691"
"202000038739";"8";"1";"2020";"16:00";"1";"91";"91174";"2";"3";"1";"6";"08 MAI 1945 (AVENUE)";"48,6109600";"2,4568400"
"202000038740";"8";"2";"2020";"04:20";"5";"93";"93048";"2";"1";"1";"6";"BD THEOPHILE SUEUR";"48,8588041";"2,4668650"
"202000038741";"7";"1";"2020";"21:24";"5";"87";"87085";"2";"1";"2";"3";"BAUDIN ( AVENUE) (VC)";"45,8200700";"1,2553600"
"202000038742";"8";"2";"2020";"11:00";"1";"93";"93077";"2";"1";"1";"6";"RTE DE NOISY (PARKING JUSQU'AU 45 ET 50)";"48,8821600";"2,4962100"
"202000038743";"7";"2";"2020";"23:30";"5";"93";"93048";"2";"3";"1";"6";"SAINT DENIS (RUE)";"48,8696073";"2,4598367"
"202000038744";"8";"1";"2020";"19:04";"5";"78";"78551";"2";"9";"2";"6";"VIDAL (RAYMOND)";"48,8956900";"2,0812400"
"202000038745";"8";"1";"2020";"18:35";"3";"77";"77118";"1";"1";"2";"2";"ROUTE NATIONALE 3";"48,9438219";"2,6685907"
"202000038746";"8";"2";"2020";"18:30";"5";"93";"93013";"2";"1";"2";"6";"CAVILLON (RUE ANIZAN)";"48,9327100";"2,4130400"
"202000038747";"7";"1";"2020";"07:40";"5";"76";"76351";"2";"3";"1";"3";"GRAVILLE (BD DE)";"49,4861400";"0,1513200"
"202000038748";"8";"2";"2020";"18:10";"5";"93";"93005";"2";"1";"2";"6";"CROIX BLANCHE (PONT DE LA)";"48,9319564";"2,5048466"
"202000038749";"7";"1";"2020";"13:45";"1";"76";"76351";"2";"1";"1";"6";"RD 6015";"49,5001700";"0,1764900"
"202000038750";"7";"2";"2020";"17:30";"5";"92";"92064";"2";"1";"1";"1";"REPUBLIQUE";"48,8546100";"2,2119700"
"202000038751";"8";"1";"2020";"07:00";"5";"69";"69266";"2";"1";"1";"6";"ANTONIN PERRIN     (Rue)";"45,7572000";"4,8853000"
"202000038752";"7";"1";"2020";"10:55";"1";"67";"67043";"2";"1";"1";"3";"ROBERTSAU (RUE DE LA)";"48,6135390";"7,7551840"
"202000038753";"7";"2";"2020";"11:55";"1";"92";"92024";"2";"2";"1";"3";"CLICHY (QUAI DE) DE (104 A 202)/ MARTRE (RUE) DE (111 A 119) (122 A 144";"48,9087800";"2,2998600"
"202000038754";"8";"1";"2020";"10:00";"1";"64";"64483";"2";"1";"1";"6";"LARRAMENDY PIERRE (AVENUE)";"43,3857200";" -1,6628600"
"202000038755";"8";"1";"2020";"17:44";"5";"64";"64445";"2";"1";"1";"3";"JEAN MERMOZ";"43,3148900";" -0,3779000"
"202000038756";"9";"2";"2020";"14:10";"1";"30";"30202";"2";"1";"1";"5";"14 Rue du Marechal Juin";"44,2506250";"4,6436440"
"202000038757";"7";"1";"2020";"12:05";"1";"64";"64445";"2";"1";"1";"2";"TOURASSE";"43,3112200";" -0,3547700"
"202000038758";"8";"2";"2020";"21:15";"4";"76";"76728";"1";"1";"1";"6";"Rue de l'Eglise";"49,4897662";"0,9997846"
"202000038759";"7";"2";"2020";"12:20";"1";"16";"16317";"1";"1";"1";"1";"Ld Vallée des Barons";"45,9403770";" -0,0090550"
"202000038760";"8";"1";"2020";"16:25";"1";"64";"64102";"2";"3";"1";"3";"JACQUES LOEB (AVENUE DE L'INTERNE)";"43,4791200";" -1,4843300"
"202000038761";"9";"2";"2020";"01:00";"3";"17";"17172";"1";"1";"5";"6";"14 Lieu Dit Billeride";"45,5401280";" -0,6546200"
"202000038762";"8";"1";"2020";"09:35";"1";"64";"64024";"2";"6";"1";"2";"DOUANE (ROND POINT DE LA)";"43,5012000";" -1,5274000"
"202000038763";"8";"2";"2020";"15:55";"1";"81";"81036";"2";"1";"1";"3";"D54";"43,4976900";"2,4005310"
"202000038764";"8";"1";"2020";"15:50";"1";"62";"62193";"2";"9";"1";" -1";"FOUR A CHAUX (RUE DU)";"50,9464300";"1,8585000"
"202000038765";"8";"1";"2020";"07:34";"5";"59";"59560";"1";"9";"2";" -1";"R.D. 549";"50,5549400";"3,0418300"
"202000038766";"7";"2";"2020";"11:55";"1";"88";"88009";"2";"1";"1";"2";"260 Rue de Saint-dié";"48,1905560";"6,9518300"
"202000038767";"3";"1";"2020";"14:55";"1";"59";"59286";"2";"1";"2";"6";"VANDERHAGEN ALBERT RUE";"50,6119900";"2,9759100"
"202000038768";"7";"1";"2020";"18:25";"3";"56";"56121";"2";"1";"2";"1";"WINTER (RUE INGENIEUR GENERAL )";"47,7369000";" -3,3642200"
"202000038769";"7";"1";"2020";"13:45";"1";"56";"56121";"2";"1";"2";"3";"BELGIQUE (RUE  DE )";"47,7616800";" -3,3884400"
"202000038770";"9";"2";"2020";"01:40";"5";"69";"69260";"2";"1";"1";"1";"Chemin de la Rossignole";"45,6415840";"4,8089590"
"202000038771";"7";"1";"2020";"10:25";"1";"56";"56121";"2";"1";"2";"3";"MULLER ( DU COLONEL JEAN )";"47,7663300";" -3,4012000"
"202000038772";"4";"2";"2020";"10:50";"1";"83";"83140";"1";"1";"1";"4";"DN7";"43,4057100";"5,9276930"
"202000038773";"6";"1";"2020";"19:00";"5";"50";"50502";"2";"2";"2";"6";"MARECHAL LECLERC";"49,1150900";" -1,0851000"
"202000038774";"9";"2";"2020";"01:00";"3";"56";"56024";"1";"1";"1";"7";"D2";"48,0626360";" -2,7210690"
"202000038775";"3";"1";"2020";"19:15";"5";"50";"50173";"2";"2";"1";"3";"SEMBAT (RUE MARCEL)";"49,6585700";" -1,6909600"
"202000038776";"8";"2";"2020";"01:05";"3";"56";"56102";"1";"9";"2";"6";"RN 24 - échangeur 20";"47,9570900";" -2,5690630"
"202000038777";"7";"1";"2020";"15:05";"1";"49";"49007";"2";"1";"1";"7";"ATLANTIQUE  AVENUE DE L'";"47,4697600";" -0,5917100"
"202000038778";"7";"2";"2020";"19:00";"3";"56";"56135";"1";"2";"1";"7";"La Mare Varion";"47,7156270";" -2,4407140"
"202000038779";"7";"1";"2020";"07:47";"3";"49";"49353";"2";"1";"1";"6";"REPUBLIQUE AVENUE";"47,4504300";" -0,5040900"
"202000038780";"7";"1";"2020";"18:26";"5";"49";"49007";"2";"1";"2";"2";"Avenue de l'Atlantique";"47,4688680";" -0,5876450"
"202000038781";"8";"2";"2020";"14:00";"1";"74";"74255";"1";"3";"7";" -1";"Route d'Hauteville";"45,8825360";"5,9531840"
"202000038782";"6";"1";"2020";"19:12";"5";"47";"47201";"2";"2";"1";"3";"PYRENEES (AVENUE DES)";"44,1848000";"0,6030500"
"202000038783";"8";"1";"2020";"13:50";"1";"45";"45286";"2";"2";"2";"3";"Rue des Varennes - Rue de la cossonière";"47,8832000";"1,9225800"
"202000038784";"8";"1";"2020";"11:50";"1";"45";"45285";"2";"1";"1";"6";"Rue des Diamants";"47,9218400";"1,8769800"
"202000038785";"8";"1";"2020";"11:45";"1";"45";"45285";"2";"1";"2";"6";"Rue des Champs Frais";"47,9062658";"1,8746642"
"202000038786";"7";"1";"2020";"19:00";"5";"42";"42187";"2";"2";"8";"3";"Boulevard Louis-auguste Blanqui";"46,0236800";"4,0600500"
"202000038787";"7";"1";"2020";"16:42";"1";"38";"38544";"2";"1";"1";"6";"Place Saint Maurice";"45,5243500";"4,8721800"
"202000038788";"7";"1";"2020";"08:25";"2";"37";"37214";"1";"9";"8";"2";"RD 37";"47,4258971";"0,6361100"
"202000038789";"8";"1";"2020";"07:45";"5";"35";"35238";"2";"2";"2";"3";"PARIS (RUE DE)";"48,1124700";" -1,6662100"
"202000038790";"8";"1";"2020";"15:05";"1";"34";"34172";"2";"3";"1";"3";"ROQUETURIERE (RUE DE LA)";"43,6310254";"3,8851427"
"202000038791";"8";"1";"2020";"18:15";"5";"33";"33281";"2";"3";"1";"3";"AVE DE L'ALOUETTE / RUE DU PRADAS";"44,8265610";" -0,6638900"
"202000038792";"8";"1";"2020";"09:40";"1";"33";"33281";"2";"2";"1";"2";"AVE DE MAGUDAS / AVE DE LA FORET";"44,8561800";" -0,6462800"
"202000038793";"8";"1";"2020";"17:45";"2";"33";"33529";"2";"3";"1";"3";"BISSERIE (AVE DE)";"44,6243500";" -1,1360200"
"202000038794";"7";"1";"2020";"09:08";"1";"30";"30189";"2";"1";"1";"1";"NEPER (RUE)";"43,8269000";"4,3273000"
"202000038795";"8";"1";"2020";"14:05";"1";"30";"30028";"2";"1";"1";"6";"ROUTE DE NIMES";"44,1411640";"4,6135180"
"202000038796";"8";"1";"2020";"19:40";"5";"28";"28085";"2";"1";"1";"1";"CHASLES (BOULEVARD)";"48,4422572";"1,4886743"
"202000038797";"8";"1";"2020";"07:50";"2";"26";"26057";"1";"6";"1";"2";"D2532 N";"45,0191140";"5,0338190"
"202000038798";"7";"1";"2020";"11:56";"1";"25";"25056";"2";"9";"1";"6";"7 Rue de Savoie";"47,2206540";"5,9616390"
"202000038799";"7";"1";"2020";"11:23";"1";"23";"23096";"2";"1";"8";"6";"MANOUVRIER (AVENUE)";"46,1690900";"1,8755400"
"202000038800";"8";"1";"2020";"18:40";"5";"14";"14118";"2";"1";"1";"2";"RN 814";"49,2002800";" -0,3698900"
"202000038801";"8";"1";"2020";"16:00";"1";"13";"13216";"2";"1";"1";"3";"PASSET (CHEMIN DU)";"43,3611190";"5,3367570"
"202000038802";"8";"1";"2020";"08:20";"2";"13";"13206";"2";"1";"1";" -1";"NOTRE DAME (BOULEVARD)";"43,2838700";"5,3752200"
"202000038803";"7";"1";"2020";"18:40";"3";"11";"11069";"1";"1";"1";"4";"RD 6161 - Rocade Ouest";"43,2204500";"2,3239600"
"202000038804";"7";"1";"2020";"16:20";"1";"06";"06088";"2";"3";"1";"5";"ANGLAIS (DU N° 1 AU N° 43)";"43,6947600";"7,2611800"
"202000038805";"8";"1";"2020";"17:25";"5";"06";"06104";"2";"3";"1";"6";"SOLEIL (PROMENADE DU, N° 2 A 848))";"43,7653730";"7,4880250"
"202000038806";"8";"1";"2020";"11:15";"1";"75";"75113";"2";"1";"1";"3";"BD PERIPHERIQUE INTERIEUR";"48,8212060";"2,3778900"
"202000038807";"8";"1";"2020";"09:50";"1";"75";"75117";"2";"1";"1";"4";"BD PERIPHERIQUE EXTERIEUR";"48,8890100";"2,2946760"
"202000038808";"8";"1";"2020";"07:45";"5";"75";"75112";"2";"2";"8";"6";"QUAI DE BERCY";"48,8385043";"2,3759359"
"202000038809";"8";"1";"2020";"17:45";"5";"75";"75119";"2";"4";"1";"3";"AVENUE RENE FONCK";"48,8797792";"2,4083709"
"202000038810";"8";"1";"2020";"18:00";"5";"75";"75119";"2";"1";"8";"6";"AVENUE DE FLANDRE";"48,8847770";"2,3696890"
"202000038811";"7";"1";"2020";"05:20";"5";"75";"75119";"2";"3";"2";"3";"AVENUE JEAN JAURES";"48,8872250";"2,3871660"
"202000038812";"8";"1";"2020";"16:00";"1";"75";"75118";"2";"1";"1";"6";"RUE MARX DORMOY";"48,8874899";"2,3597890"
"202000038813";"8";"1";"2020";"15:10";"1";"75";"75118";"2";"7";"8";"6";"RUE ORDENER";"48,8904086";"2,3558274"
"202000038814";"8";"1";"2020";"16:20";"2";"75";"75116";"2";"1";"1";"3";"AVENUE KLEBER";"48,8718250";"2,2935905"
"202000038815";"8";"1";"2020";"10:05";"1";"75";"75114";"2";"2";"8";"6";"RUE D ALESIA";"48,8318201";"2,3141374"
"202000038816";"8";"1";"2020";"10:30";"1";"75";"75113";"2";"3";"8";"3";"QUAI D AUSTERLITZ";"48,8386640";"2,3723550"
"202000038817";"8";"1";"2020";"08:12";"2";"75";"75113";"2";"3";"8";"1";"RUE ALBERT";"48,8250240";"2,3724730"
"202000038818";"8";"1";"2020";"08:22";"1";"75";"75113";"2";"5";"1";"3";"AVENUE DES GOBELINS";"48,8368020";"2,3518740"
"202000038819";"8";"1";"2020";"16:48";"5";"75";"75112";"2";"2";"1";"3";"RUE DE CHARENTON";"48,8318266";"2,3976732"
"202000038820";"8";"1";"2020";"07:30";"5";"75";"75110";"2";"2";"1";"3";"BOULEVARD DE LA VILLETTE";"48,8720200";"2,3768340"
"202000038821";"8";"1";"2020";"09:05";"1";"75";"75107";"2";"2";"1";"6";"BOULEVARD DES INVALIDES";"48,8468630";"2,3167140"
"202000038822";"8";"1";"2020";"08:35";"2";"75";"75104";"2";"5";"8";"3";"QUAI DE L HOTEL DE VILLE";"48,8543610";"2,3549370"
"202000038823";"8";"1";"2020";"15:45";"1";"75";"75101";"2";"3";"8";"6";"RUE DE RIVOLI";"48,8593360";"2,3456827"
"202000038824";"8";"1";"2020";"08:15";"1";"94";"94041";"2";"2";"8";"3";"VERDUN (AV DE)";"48,8089000";"2,3732700"
"202000038825";"8";"1";"2020";"20:05";"5";"94";"94038";"2";"1";"1";"3";"FLOUQUET (AV)";"48,7724094";"2,3235670"
"202000038826";"8";"1";"2020";"15:00";"1";"94";"94034";"2";"9";"1";"2";"EDOUARD HERRIOT (AV)";"48,7549100";"2,3273900"
"202000038827";"8";"1";"2020";"09:51";"1";"94";"94073";"2";"1";"1";"6";"CIMETIERE PARISIEN (ESP DU)";"48,7630420";"2,3805650"
"202000038828";"7";"1";"2020";"17:15";"1";"94";"94011";"2";"3";"1";"6";"LECLERC.(AVENUE DU MARECHAL)";"48,7738000";"2,4877000"
"202000038829";"7";"1";"2020";"15:30";"1";"94";"94022";"2";"3";"2";"3";"JULES FERRY (R)";"48,7596600";"2,4129300"
"202000038830";"8";"1";"2020";"13:00";"1";"94";"94004";"2";"2";"2";"6";"GENERAL LECLERC (AV DU)";"48,7449700";"2,5117000"
"202000038831";"8";"1";"2020";"13:35";"1";"93";"93066";"2";"1";"8";" -1";"R DU LANDY";"48,9144908";"2,3401693"
"202000038832";"7";"1";"2020";"10:30";"1";"93";"93055";"2";"9";"8";"6";"EDOUARD VAILLANT DU 64/130";"48,9034200";"2,3921700"
"202000038833";"8";"1";"2020";"16:10";"1";"93";"93050";"2";"2";"1";"6";"AMIRAL CORBET (RUE)";"48,8551300";"2,5333600"
"202000038834";"8";"1";"2020";"16:40";"1";"93";"93048";"2";"1";"8";"6";"R DE STALINGRAD";"48,8589000";"2,4431000"
"202000038835";"8";"1";"2020";"13:40";"1";"93";"93048";"2";"3";"2";"3";"PRESIDENT SALVADOR ALLENDE (AVENUE DU)";"48,8754000";"2,4617000"
"202000038836";"8";"1";"2020";"15:30";"1";"93";"93010";"2";"3";"1";"3";"AV DU 14 JUILLET / ALL DES PLATANES";"48,9147000";"2,4918000"
"202000038837";"8";"1";"2020";"18:50";"2";"93";"93008";"2";"3";"2";"6";"R PIERRE SEMARD / R DE CARENCY";"48,9112500";"2,4466000"
"202000038838";"5";"1";"2020";"20:45";"5";"92";"92050";"2";"5";"1";"1";"CLEMENCEAU GEORGES AVENUE N°IMPAIR";"48,8860500";"2,2137800"
"202000038839";"8";"1";"2020";"16:35";"2";"92";"92044";"2";"2";"2";"6";"LOUIS ROUQUIER(RUE)47A111 ET 50A104";"48,8917542";"2,2893141"
"202000038840";"7";"1";"2020";"19:50";"5";"92";"92036";"2";"2";"1";"7";"FELICIE (RUE)";"48,9324490";"2,2986450"
"202000038841";"8";"1";"2020";"17:30";"5";"92";"92060";"2";"1";"8";"1";"MOULIN DE LA TOUR (BOULEVARD DU)";"48,7888200";"2,2662600"
"202000038842";"8";"1";"2020";"13:20";"1";"92";"92012";"2";"9";"2";"6";"GENERAL LECLERC (AVENUE DU) 35/FIN - 60/";"48,8300127";"2,2325428"
"202000038843";"9";"1";"2020";"17:30";"1";"22";"22050";"2";"1";"1";"6";"3 Rue de la Préjentais";"48,4559350";" -2,0515430"