"Num_Acc";"jour";"mois";"an";"hrmn";"lum";"dep";"com";"agg";"int";"atm";"col";"adr";"lat";"long"
"202000038844";"8";"1";"2020";"17:45";"1";"17";"17404";"1";"2";"1";"5";"D6";"45,6135510";" -0,6634880"
"202000038845";"9";"1";"2020";"17:30";"1";"64";"64117";"2";"9";"1";"6";"chemin du bateau";"43,3771300";" -0,5763010"
"202000038846";"8";"1";"2020";"17:55";"3";"54";"54590";"1";"1";"5";"3";"D618";"49,4863840";"5,6093820"
"202000038847";"5";"1";"2020";"10:05";"1";"974";"97423";"1";"9";"1";"7";"N1";" -21,1201020";"55,2607660"
"202000038848";"8";"1";"2020";"18:10";"3";"85";"85109";"1";"3";"2";"2";"Avenue de l'Europe";"46,8837670";" -1,0267950"
"202000038849";"8";"1";"2020";"19:40";"5";"62";"62036";"2";"1";"2";"6";"634 Rue d'Heuchin";"50,4533440";"2,2628780"
"202000038850";"8";"1";"2020";"20:25";"5";"59";"59335";"2";"2";"2";"3";"Rue Paul Davaine";"50,4795250";"3,4096330"
"202000038851";"8";"1";"2020";"12:20";"1";"56";"56137";"1";"1";"2";"7";"Lieu dit Calan";"47,7491760";" -2,6912760"
"202000038852";"8";"1";"2020";"10:00";"1";"79";"79196";"2";"1";"1";"6";"Place des Marronniers";"46,9516040";" -0,0813940"
"202000038853";"9";"1";"2020";"17:20";"3";"80";"80832";"1";"2";"2";"3";"D941";"50,1671060";"2,0119570"
"202000038854";"9";"1";"2020";"14:58";"1";"11";"11024";"1";"1";"1";"4";"D6009";"43,1150910";"2,9509740"
"202000038855";"8";"1";"2020";"18:20";"5";"71";"71190";"2";"1";"8";"6";"Rue Roger Salengro";"46,9910467";"4,5130890"
"202000038856";"5";"1";"2020";"15:00";"1";"61";"61486";"1";"1";"1";"6";"D22";"48,7320870";" -0,7063090"
"202000038857";"7";"1";"2020";"07:35";"2";"25";"25440";"1";"1";"1";"5";"D41";"47,0008460";"6,3069680"
"202000038858";"8";"1";"2020";"16:35";"1";"44";"44072";"1";"1";"2";"6";"D83";"47,4084207";" -2,3551189"
"202000038859";"8";"1";"2020";"18:30";"3";"29";"29146";"1";"1";"2";"2";"N165";"47,9050269";" -3,8470094"
"202000038860";"8";"1";"2020";"21:10";"5";"29";"29172";"2";"1";"8";"6";"6 Route de Ploeven";"48,1767260";" -4,2283630"
"202000038861";"8";"1";"2020";"19:00";"3";"31";"31345";"1";"1";"1";"7";"Route des Pyrénées";"43,3644060";"1,4207860"
"202000038862";"8";"1";"2020";"14:45";"1";"03";"03200";"1";"1";"1";"4";"La plaine Fragny";"46,5644792";"3,3000155"
"202000038863";"8";"1";"2020";"16:00";"1";"06";"06079";"2";"1";"1";"3";"335 Avenue de Cannes";"43,5429440";"6,9369640"
"202000038864";"7";"1";"2020";"21:45";"3";"09";"09131";"1";"1";"9";"7";"Garanou";"42,7667030";"1,7445020"
"202000038865";"9";"1";"2020";"19:30";"3";"60";"60604";"1";"1";"1";"1";"D315";"49,6968210";"1,8641830"
"202000038866";"9";"1";"2020";"08:50";"1";"64";"64493";"2";"1";"7";"6";"Avenue Frederic de Saint Jaymes";"43,3271270";" -1,0324010"
"202000038867";"7";"1";"2020";"20:15";"3";"07";"07082";"1";"1";"8";"6";"RD 578";"44,8651900";"4,3618410"
"202000038868";"8";"1";"2020";"17:30";"3";"85";"85020";"1";"1";"2";"1";"départementale 25";"46,3476600";" -0,6329200"
"202000038869";"9";"1";"2020";"15:45";"1";"37";"37272";"1";"1";"2";"6";"La Févraie";"47,3330224";"0,4977031"
"202000038870";"9";"1";"2020";"09:10";"1";"48";"48009";"1";"1";"1";"7";"RD 809";"44,6881500";"3,2803280"
"202000038871";"8";"1";"2020";"20:10";"3";"31";"31107";"1";"1";"1";"2";"20 Chemin du Bois de Bony";"43,3213120";"1,2201080"
"202000038872";"6";"1";"2020";"18:00";"3";"34";"34294";"1";"1";"1";"5";"Autoroute A9 pk 78.000 sens 2";"43,7082710";"4,1240030"
"202000038873";"8";"1";"2020";"20:10";"5";"987";"98733";"1";"1";"8";"3";"RT 1";" -17,6923010";" -149,5837590"
"202000038874";"1";"1";"2020";"22:30";"3";"988";"98815";"2";"3";"1";"6";"C.R.2";" -21,5751720";"168,0851360"
"202000038875";"8";"1";"2020";"16:45";"1";"988";"98832";"1";"1";"1";"6";"Route de Yaté";" -22,1528600";"166,8375900"
"202000038876";"8";"1";"2020";"17:40";"2";"971";"97104";"1";"1";"1";"1";"49 Chemin de Montval";"16,0493580";" -61,7321280"
"202000038877";"9";"1";"2020";"17:50";"3";"77";"77264";"1";"1";"2";"1";"Route de Coulommiers - RD402";"48,7186800";"2,9653080"
"202000038878";"28";"5";"2020";"15:20";"1";"33";"33366";"1";"1";"1";"5";"AUTOROUTE A 10";"44,9968700";" -0,4267300"
"202000038879";"28";"5";"2020";"20:10";"1";"59";"59350";"1";"1";"1";"2";"ROUTE NATIONALE 356";"50,6380590";"3,0896570"
"202000038880";"29";"5";"2020";"18:50";"1";"92";"92050";"1";"1";"1";"7";"A86";"48,9024900";"2,2042740"
"202000038881";"28";"5";"2020";"20:40";"2";"78";"78043";"1";"1";"1";"3";"A12 Y";"48,8346640";"2,0868480"
"202000038882";"27";"5";"2020";"20:15";"1";"78";"78007";"1";"9";"1";"6";"A13 Y";"48,8946880";"2,0075610"
"202000038883";"29";"5";"2020";"09:15";"1";"95";"95212";"1";"1";"1";"4";"AUTOROUTE A1";"49,0248600";"2,5358400"
"202000038884";"28";"5";"2020";"18:00";"1";"95";"95277";"1";"1";"1";"3";" A3";"48,9738000";"2,4883700"
"202000038885";"28";"5";"2020";"10:20";"1";"95";"95277";"1";"1";"1";"5";" A3";"48,9738100";"2,4883710"
"202000038886";"27";"5";"2020";"23:00";"3";"95";"95252";"1";"1";"1";"4";" A15";"48,9781900";"2,2315100"
"202000038887";"22";"5";"2020";"08:45";"1";"988";"98818";"2";"3";"1";"2";"PROMENADE ROGER LAROQUE/ANSE-VATA";" -22,3029200";"166,4451400"
"202000038888";"28";"5";"2020";"15:20";"1";"974";"97411";"2";"1";"1";"6";"BALSAMINES (ALLEE DES)";" -20,9167000";"55,4876000"
"202000038889";"28";"5";"2020";"15:08";"1";"973";"97302";"2";"1";"1";"3";"BADUEL (ROUTE DE)";"4,9287882";" -52,2947502"
"202000038890";"22";"5";"2020";"12:10";"1";"69";"69034";"1";"1";"1";"7";"VERNAY (DU)                         (MO)";"45,8122000";"4,8508000"
"202000038891";"28";"5";"2020";"06:25";"1";"971";"97120";"2";"1";"1";"6";"BD LEGITIMUS";"16,2443500";" -61,5343840"
"202000038892";"27";"5";"2020";"18:45";"1";"95";"95424";"2";"8";"1";"3";"HAUTES BORNES(IMPASSE DES)";"49,0015900";"2,2131400"
"202000038893";"28";"5";"2020";"10:00";"1";"95";"95127";"2";"1";"1";"6";"PRIEURE (RUE DU)";"49,0335900";"2,0692700"
"202000038894";"28";"5";"2020";"16:50";"1";"91";"91174";"2";"1";"1";"2";"JEAN JAURES (BOULEVARD)";"48,6068100";"2,4657700"
"202000038895";"28";"5";"2020";"14:40";"1";"91";"91174";"2";"1";"1";"2";"MAURICE RIQUIEZ (QUAI)";"48,6124800";"2,4870000"
"202000038896";"27";"5";"2020";"17:40";"1";"88";"88413";"2";"1";"1";"7";"RUE DES 3 VILLES";"48,2902300";"6,9432800"
"202000038897";"28";"5";"2020";"08:17";"1";"87";"87065";"2";"6";"1";"3";"TOULOUSE (RUE DE)";"45,8039700";"1,2917700"
"202000038898";"27";"5";"2020";"07:30";"1";"85";"85194";"2";"6";"1";"2";"Place de Strasbourg";"46,4905100";" -1,7727600"
"202000038899";"28";"5";"2020";"04:40";"5";"80";"80256";"2";"1";"1";"6";"LOUIS PASTEUR (AVENUE)";"49,9150200";"2,2315300"
"202000038900";"28";"5";"2020";"14:10";"1";"80";"80001";"2";"1";"1";"3";"ROUEN (de)";"50,0964800";"1,8290100"
"202000038901";"28";"5";"2020";"14:10";"1";"78";"78146";"2";"2";"1";"2";"JULES FERRY (RUE)";"48,9043000";"2,1426000"
"202000038902";"27";"5";"2020";"21:20";"1";"76";"76351";"2";"2";"1";"3";"BOIS AU COQ (AVENUE)";"49,5185000";"0,1167000"
"202000038903";"28";"5";"2020";"20:25";"2";"73";"73008";"2";"3";"7";"3";"D991 GOLF AVENUE DU";"45,6693269";"5,9085203"
"202000038904";"28";"5";"2020";"16:45";"1";"69";"69266";"1";"1";"7";"3";"LAURENT BONNEVAY    (Boulevard)";"45,7849000";"4,8675000"
"202000038905";"26";"5";"2020";"16:30";"1";"69";"69256";"2";"1";"1";" -1";"MAURICE THOREZ                      (AV)";"45,7817000";"4,9133000"
"202000038906";"28";"5";"2020";"04:40";"5";"69";"69264";"2";"3";"1";"1";"BRAUN THEODORE  AV";"45,9796800";"4,7394800"
"202000038907";"27";"5";"2020";"21:00";"2";"67";"67204";"2";"1";"1";"6";"RAYMOND POINCARE (RUE)";"48,6266000";"7,7500200"
"202000038908";"27";"5";"2020";"21:00";"2";"66";"66136";"1";"1";"1";"6";"Départementale  617";"42,7107200";"2,9723100"
"202000038909";"28";"5";"2020";"18:20";"1";"65";"65440";"2";"1";"1";"3";"GARIGLIANO (BOULEVARD)";"43,2457300";"0,0634300"
"202000038910";"27";"5";"2020";"08:10";"1";"64";"64445";"2";"3";"1";"3";"HONORE BARADAT";"43,3050100";" -0,3644400"
"202000038911";"27";"5";"2020";"12:00";"1";"63";"63164";"1";"1";"1";"3";"CEBAZAT (ROUTE DE)";"45,8242089";"3,1332788"
"202000038912";"22";"5";"2020";"16:00";"1";"62";"62667";"2";"2";"1";"3";"LYAUTEY (Bld)";"50,7105549";"1,5766186"
"202000038913";"27";"5";"2020";"19:00";"1";"61";"61143";"2";"1";"1";"3";"PRINCIPALE (RUE)";"48,4432710";"0,0719110"
"202000038914";"28";"5";"2020";"08:39";"1";"60";"60057";"2";"2";"1";"1";"BINET  (RUE)";"49,4219500";"2,0795600"
"202000038915";"26";"5";"2020";"15:55";"1";"55";"55302";"2";"1";"1";"3";"AVENUE DE LA GRANDE TERRE";"48,7545194";"5,1984600"
"202000038916";"5";"3";"2020";"17:44";"1";"54";"54525";"1";"1";"2";"1";"DEPARTEMENTAL 27A (CHEMIN)";"49,4506500";"5,8837100"
"202000038917";"27";"5";"2020";"10:05";"1";"54";"54578";"2";"2";"1";"3";"LECLERC (AVENUE DU GENERAL)";"48,6745267";"6,1510912"
"202000038918";"28";"5";"2020";"09:45";"1";"53";"53130";"2";"1";"1";"6";"BAS DES BOIS ( RUE DU )";"48,0587000";" -0,7624400"
"202000038919";"27";"5";"2020";"11:45";"1";"49";"49007";"2";"1";"1";"3";"MONTAIGNE AVENUE";"47,4693600";" -0,5333900"
"202000038920";"27";"5";"2020";"07:53";"1";"49";"49353";"2";"1";"1";"3";"MOULIN AVENUE";"47,4434000";" -0,4885700"
"202000038921";"28";"5";"2020";"21:40";"1";"41";"41269";"2";"9";"1";"3";"FATON (RUE DU DOCTEUR)";"47,7954200";"1,0746600"
"202000038922";"28";"5";"2020";"16:25";"1";"37";"37261";"2";"1";"1";"6";"PIERRE (RUE DE LA)";"47,4057221";"0,6832265"
"202000038923";"28";"5";"2020";"13:45";"1";"35";"35238";"2";"1";"1";"6";"PAVIE (AUGUSTE)";"48,1049900";" -1,6417100"
"202000038924";"28";"5";"2020";"12:20";"1";"34";"34108";"1";"1";"1";"3";"RD 612";"43,4480700";"3,7622200"
"202000038925";"28";"5";"2020";"08:45";"1";"34";"34172";"2";"1";"1";"3";"MOULIN DE SEMALEN (RUE DU)";"43,6125000";"3,8938200"
"202000038926";"27";"5";"2020";"08:10";"1";"34";"34172";"2";"6";"1";"2";"MAS D'ASTRE (ROND-POINT DU)";"43,5748900";"3,8599300"
"202000038927";"13";"5";"2020";"11:45";"1";"33";"33063";"2";"4";"2";"6";"PCE NANSOUTY / CRS DE LA SOMME";"44,8202100";" -0,5723700"
"202000038928";"27";"5";"2020";"14:30";"1";"31";"31555";"1";"1";"1";"3";"VA007553 A61";"43,5613300";"1,4939300"
"202000038929";"25";"5";"2020";"13:40";"1";"31";"31555";"1";"1";"1";"7";"A624 (PURPAN)";"43,6103400";"1,3748700"
"202000038930";"28";"5";"2020";"20:38";"1";"30";"30189";"2";"2";"1";"3";"RICHELIEU (RUE)";"43,8402800";"4,3666500"
"202000038931";"27";"5";"2020";"20:20";"1";"29";"29039";"2";"4";"1";"1";"Boulevard Bougainville";"47,8702983";" -3,9227872"
"202000038932";"28";"5";"2020";"10:25";"1";"29";"29019";"2";"6";"1";"2";"Rue du Commandant Drogou";"48,4044906";" -4,5000047"
"202000038933";"28";"5";"2020";"20:15";"1";"27";"27681";"2";"1";"1";"6";"SENTIER SOUS LE PARC (RUE DU)";"49,0856400";"1,4733400"
"202000038934";"26";"5";"2020";"16:10";"1";"22";"22360";"1";"1";"1";"1";"MARE DU GUE (RUE DE LA)";"48,4760000";" -2,7509000"
"202000038935";"28";"5";"2020";"11:54";"1";"17";"17274";"1";"1";"1";"7";"D 111";"46,1635700";" -1,0687000"
"202000038936";"18";"5";"2020";"18:45";"1";"14";"14118";"2";"2";"1";"3";"PIGACIERE (RUE DE LA)";"49,1882200";" -0,3595200"
"202000038937";"28";"5";"2020";"21:10";"2";"13";"13203";"2";"9";"1";"1";"STRASBOURG (BOULEVARD)";"43,3089200";"5,3780300"
"202000038938";"28";"5";"2020";"19:00";"1";"13";"13216";"2";"1";"1";"6";"ESTAQUE PLAGE";"43,3589570";"5,2924430"
"202000038939";"27";"5";"2020";"18:50";"1";"13";"13209";"2";"1";"1";"2";"COL DE LA GINESTE D559";"43,2389000";"5,4784000"
"202000038940";"17";"4";"2020";"11:50";"1";"13";"13001";"2";"1";"1";"7";"PAGNOL MARCEL (AV)";"43,5245550";"5,4235620"
"202000038941";"27";"5";"2020";"11:00";"1";"09";"09122";"2";"1";"1";"7";"ESPAGNE (ROUTE D')";"42,9461670";"1,6274340"
"202000038942";"26";"5";"2020";"18:04";"1";"08";"08105";"2";"1";"1";"3";"BOUTET C. AVENUE";"49,7800000";"4,7100000"
"202000038943";"27";"5";"2020";"17:15";"1";"07";"07070";"2";"1";"1";"3";"COLONNEL ROUSSET (AVENUE DU)";"44,9666650";"4,8497700"
"202000038944";"28";"5";"2020";"14:00";"1";"06";"06083";"2";"2";"1";"3";"COTY (COURS RENE, SENS MONT/MER)";"43,7755000";"7,4886000"
"202000038945";"28";"5";"2020";"12:20";"1";"06";"06069";"2";"9";"1";"3";"Rd point des Quatre Chemins";"43,6374400";"6,9411500"
"202000038946";"28";"5";"2020";"08:30";"1";"06";"06029";"2";"1";"1";"3";"MIDI (BOULEVARD DU)";"43,5419500";"6,9618300"
"202000038947";"26";"5";"2020";"07:50";"1";"06";"06027";"2";"1";"1";"4";"BIR HAKEIM RUE";"43,6530000";"7,1530000"
"202000038948";"28";"5";"2020";"14:56";"1";"05";"05061";"2";"1";"1";"2";"GEORGES POMPIDOU ( BD)";"44,5577100";"6,0819600"
"202000038949";"28";"5";"2020";"12:10";"1";"01";"01053";"2";"3";"1";"3";"BELGES (AVENUE DES)";"46,2072400";"5,2329900"
"202000038950";"26";"5";"2020";"12:44";"1";"75";"75106";"2";"2";"1";"6";"RUE DU VIEUX COLOMBIER";"48,8513040";"2,3328460"
"202000038951";"28";"5";"2020";"16:50";"1";"75";"75105";"2";"1";"1";"2";"BOULEVARD DE L HOPITAL";"48,8411190";"2,3626590"
"202000038952";"28";"5";"2020";"09:40";"1";"75";"75106";"2";"2";"1";"6";"RUE DE FLEURUS";"48,8470440";"2,3315850"
"202000038953";"27";"5";"2020";"08:25";"1";"75";"75106";"2";"5";"1";"6";"BOULEVARD SAINT MICHEL";"48,8503006";"2,3426360"
"202000038954";"28";"5";"2020";"17:20";"1";"75";"75120";"2";"3";"1";"3";"RUE DES PYRENEES";"48,8504930";"2,4064030"
"202000038955";"28";"5";"2020";"10:20";"1";"75";"75120";"2";"2";"1";"3";"RUE DES PYRENEES";"48,8576380";"2,4039040"
"202000038956";"28";"5";"2020";"11:50";"1";"75";"75118";"2";"1";"1";"6";"BOULEVARD DE LA CHAPELLE";"48,8844680";"2,3582960"
"202000038957";"28";"5";"2020";"17:00";"1";"75";"75117";"2";"2";"1";"3";"BOULEVARD PEREIRE";"48,8837320";"2,2953060"
"202000038958";"27";"5";"2020";"12:10";"1";"75";"75117";"2";"7";"1";"3";"PLACE DE LA PORTE MAILLOT";"48,8773961";"2,2840498"
"202000038959";"28";"5";"2020";"13:50";"1";"75";"75114";"2";"2";"1";" -1";"RUE RAYMOND LOSSERAND";"48,8309470";"2,3122950"
"202000038960";"28";"5";"2020";"10:10";"1";"75";"75114";"2";"1";"1";"3";"RUE DE L AMIRAL MOUCHEZ";"48,8199220";"2,3442530"
"202000038961";"27";"5";"2020";"20:30";"1";"75";"75114";"2";"4";"1";"2";"BOULEVARD RASPAIL";"48,8405743";"2,3301140"
"202000038962";"28";"5";"2020";"07:30";"1";"75";"75112";"2";"2";"1";"3";"QUAI DE BERCY";"48,8337210";"2,3824850"
"202000038963";"28";"5";"2020";"15:30";"1";"75";"75111";"2";"3";"1";"3";"BOULEVARD DE MENILMONTANT";"48,8609650";"2,3882080"
"202000038964";"27";"5";"2020";"19:00";"1";"75";"75109";"2";"1";"1";"3";"RUE LA FAYETTE";"48,8770100";"2,3482630"
"202000038965";"28";"5";"2020";"17:30";"1";"75";"75108";"2";"5";"1";"3";"RUE D AMSTERDAM";"48,8778490";"2,3269650"
"202000038966";"28";"5";"2020";"23:00";"5";"75";"75107";"2";"2";"1";"1";"QUAI D ORSAY";"48,8625650";"2,3104160"
"202000038967";"28";"5";"2020";"13:35";"1";"75";"75101";"2";"7";"1";"3";"RUE DE RIVOLI";"48,8626980";"2,3353930"
"202000038968";"25";"5";"2020";"20:00";"1";"94";"94081";"2";"1";"1";"2";"JULES GUESDE (QU)";"48,8025210";"2,4107200"
"202000038969";"28";"5";"2020";"22:00";"2";"94";"94074";"2";"9";"1";"1";"COLONEL FABIEN (R)";"48,7449452";"2,4696369"
"202000038970";"27";"5";"2020";"21:59";"5";"94";"94015";"2";"1";"1";"5";"147 Boulevard Pasteur";"48,8354270";"2,5261250"
"202000038971";"28";"5";"2020";"07:15";"1";"94";"94076";"2";"1";"1";"1";"PARIS (AV DE)";"48,7999900";"2,3653900"
"202000038972";"27";"5";"2020";"12:50";"1";"94";"94041";"2";"1";"1";"3";"GASTON CORNAVIN (R)";"48,8103000";"2,3819900"
"202000038973";"28";"5";"2020";"14:55";"1";"94";"94059";"2";"2";"1";"3";"HUGUENOTS (AV DES)";"48,8204300";"2,5583000"
"202000038974";"28";"5";"2020";"15:45";"1";"94";"94017";"2";"1";"1";"1";"GENERAL DE GAULLE (AV DU)";"48,8253810";"2,5021810"
"202000038975";"28";"5";"2020";"00:15";"5";"94";"94015";"2";"3";"1";"3";"MARAIS (R DES)";"48,8293396";"2,5176644"
"202000038976";"28";"5";"2020";"02:00";"3";"93";"93071";"2";"3";"1";"4";"LIVRY (AVENUE DE)";"48,9297404";"2,5406430"
"202000038977";"28";"5";"2020";"17:30";"1";"93";"93066";"2";"1";"1";"6";"JAURES JEAN";"48,9366800";"2,3608800"
"202000038978";"28";"5";"2020";"10:45";"1";"93";"93064";"2";"1";"1";"2";"R LAENNEC";"48,8805390";"2,4958560"
"202000038979";"28";"5";"2020";"12:49";"1";"93";"93055";"2";"1";"1";" -1";"JEAN JAURES (AVENUE) (76/128)";"48,9064600";"2,3952400"
"202000038980";"28";"5";"2020";"08:35";"1";"93";"93057";"2";"1";"1";"2";"AV ARISTIDE BRIAND";"48,9076627";"2,4923737"
"202000038981";"28";"5";"2020";"20:30";"1";"92";"92046";"2";"1";"1";"6";"Charles de gaulle";"48,8216288";"2,2976488"
"202000038982";"28";"5";"2020";"16:25";"1";"92";"92075";"2";"1";"1";"6";"ERNEST LAVAL (RUE)";"48,8199550";"2,2924410"
"202000038983";"27";"5";"2020";"21:55";"5";"92";"92049";"2";"1";"1";"6";"JAURES AVENUE JEAN N°53 A FIN";"48,8153970";"2,3100110"
"202000038984";"27";"5";"2020";"08:30";"1";"92";"92020";"2";"9";"7";"3";"VANVES BOULEVARD N° IMPAIRS";"48,8070400";"2,2854700"
"202000038985";"28";"5";"2020";"15:10";"1";"92";"92048";"2";"1";"1";"7";"MAL DE LATTRE DE TASSIGNY (AVENUE)";"48,7868693";"2,2312012"
"202000038986";"27";"5";"2020";"19:05";"1";"92";"92036";"2";"2";"1";"3";"GRESILLONS (AVENUE DES) (1/45)";"48,9172390";"2,3075530"
"202000038987";"28";"5";"2020";"20:15";"1";"92";"92035";"2";"1";"1";"6";"Gare des Vallées ( place de la )";"48,9134000";"2,2577000"
"202000038988";"27";"5";"2020";"10:00";"1";"92";"92014";"2";"1";"1";" -1";"LEON BLOY (RUE)";"48,7873202";"2,3209584"
"202000038989";"28";"5";"2020";"17:15";"1";"50";"50027";"1";"3";"1";"3";"La Moelle";"48,6991610";" -1,4203050"
"202000038990";"13";"4";"2020";"02:00";"3";"51";"51065";"1";"6";"1";"6";"N4";"48,7344218";"4,5560836"
"202000038991";"29";"5";"2020";"06:30";"2";"40";"40296";"2";"1";"1";"7";"D 89 entrée d'agglomération du penon";"43,7077800";" -1,4221290"
"202000038992";"29";"5";"2020";"12:00";"1";"46";"46148";"1";"2";"1";"3";"Piboulède";"44,3351340";"1,5998630"
"202000038993";"29";"5";"2020";"18:05";"1";"12";"12033";"2";"1";"1";"6";"Allee Denys Puech";"44,4743350";"2,7263720"
"202000038994";"28";"5";"2020";"15:05";"1";"06";"06064";"1";"1";"1";"7";"120 Chemin de la Halte";"43,7682870";"7,1780070"
"202000038995";"28";"5";"2020";"10:00";"1";"74";"74256";"2";"1";"1";"6";"Route du Fayet";"45,9315730";"6,6344390"
"202000038996";"28";"5";"2020";"23:10";"3";"80";"80782";"1";"1";"1";"2";"Vaux-en-Amiénois";"49,9569360";"2,2288510"
"202000038997";"25";"5";"2020";"18:10";"1";"32";"32301";"1";"1";"1";"6";"Chemin de Saint-louis";"43,6531630";"0,4783180"
"202000038998";"29";"5";"2020";"19:00";"1";"55";"55307";"1";"1";"1";"7";"Louvemont-Côte-du-Poivre";"49,2401580";"5,3911540"
"202000038999";"28";"5";"2020";"05:20";"2";"49";"49331";"1";"1";"1";"6";"Le Pont de Montreuil (Châtelais)";"47,7317601";" -0,9228315"
"202000039000";"28";"5";"2020";"15:20";"1";"49";"49060";"1";"1";"1";"6";"Bellevigne-les-Châteaux";"47,2099480";" -0,0545240"
"202000039001";"27";"5";"2020";"18:50";"1";"46";"46334";"1";"1";"1";" -1";"Impasse du Domaine";"44,7426450";"1,4238130"
"202000039002";"29";"5";"2020";"15:45";"1";"39";"39279";"1";"1";"1";"6";"N/A";"46,6883870";"5,4736600"
"202000039003";"27";"5";"2020";"11:15";"1";"39";"39114";"1";"1";"1";"1";"Chemin des Granges Bernard";"46,7756190";"5,6583340"
"202000039004";"29";"5";"2020";"15:00";"1";"44";"44087";"1";"1";"1";"1";"RD95 route de challans";"46,9763410";" -1,8067199"
"202000039005";"29";"5";"2020";"18:10";"1";"29";"29075";"2";"1";"1";"2";"Boulevard François Mitterrand";"48,4190480";" -4,4419260"
"202000039006";"29";"5";"2020";"14:15";"1";"03";"03307";"2";"1";"1";"7";"1 Rue du Pigeonnier";"46,3478780";"3,2530367"
"202000039007";"28";"5";"2020";"18:20";"1";"03";"03083";"1";"1";"1";"1";"Les Taxins";"46,3389792";"3,2994121"
"202000039008";"27";"5";"2020";"11:15";"1";"01";"01163";"1";"1";"1";"6";"Route de Jayat";"46,3673720";"5,1543470"
"202000039009";"28";"5";"2020";"22:55";"3";"54";"54363";"1";"1";"1";"6";"Route Départementale 24";"49,3728240";"5,8167060"
"202000039010";"28";"5";"2020";"10:20";"1";"06";"06079";"2";"1";"1";"6";"Av Mal de Lattre de Tassigny";"43,5504420";"6,9470790"
"202000039011";"29";"5";"2020";"16:34";"1";"50";"50457";"1";"1";"1";"6";"D2";"49,4206540";" -1,4974670"
"202000039012";"29";"5";"2020";"08:30";"1";"50";"50648";"1";"1";"1";"1";"Mesnil Grand";"49,5000120";" -1,5034000"
"202000039013";"27";"5";"2020";"17:40";"1";"21";"21423";"2";"1";"1";"1";"Rue de l'Eglise";"46,9895100";"4,8515160"
"202000039014";"28";"5";"2020";"20:40";"1";"37";"37007";"1";"1";"1";"7";"D115";"47,0780137";"0,2442022"
"202000039015";"29";"5";"2020";"20:10";"1";"91";"91405";"1";"1";"1";"6";"D837";"48,4056420";"2,5164970"
"202000039016";"29";"5";"2020";"12:15";"1";"78";"78239";"1";"2";"1";"3";"258 Rue Jean Jaurès";"49,0191060";"1,6970770"
"202000039017";"26";"5";"2020";"10:44";"1";"11";"11076";"2";"1";"1";"7";"Avenue du Languedoc";"43,3167010";"1,9663920"
"202000039018";"22";"5";"2020";"13:40";"1";"34";"34165";"1";"3";"1";"3";"D2";"43,5132960";"3,6778020"
"202000039019";"28";"5";"2020";"15:50";"1";"06";"06134";"1";"1";"1";"1";"route départementale 6085 PK 10+500";"43,7557190";"6,7202550"
"202000039020";"28";"5";"2020";"07:55";"2";"13";"13064";"1";"6";"1";"6";"ROND POINT CD 99 MOLLEGES GARE";"43,7882670";"4,9539650"
"202000039021";"29";"5";"2020";"15:45";"1";"89";"89055";"1";"1";"1";"2";"RD 84";"48,0087739";"3,6153764"
"202000039022";"27";"5";"2020";"08:45";"1";"67";"67519";"2";"3";"7";"3";"Rue de Limoges";"48,6512240";"7,8260740"
"202000039023";"26";"5";"2020";"09:20";"1";"69";"69010";"2";"1";"1";"6";"Place de la Liberté";"45,8352620";"4,6178470"
"202000039024";"29";"5";"2020";"08:30";"1";"81";"81039";"2";"6";"7";"6";"5 Route de Lavaur";"43,7551480";"1,9020300"
"202000039025";"29";"5";"2020";"18:15";"1";"33";"33056";"1";"1";"7";"1";"avenue du général de gaulle";"44,9003590";" -0,6401250"
"202000039026";"26";"5";"2020";"14:30";"1";"33";"33051";"2";"1";"1";"6";"route des lacs";"44,6369330";" -0,9669260"
"202000039027";"29";"5";"2020";"11:20";"1";"27";"27196";"1";"1";"1";" -1";"D77";"49,2974930";"1,1693360"
"202000039028";"28";"5";"2020";"13:15";"1";"76";"76057";"2";"1";"1";"2";"Avenue de la Porte Océane";"49,5489020";"0,9533910"
"202000039029";"28";"5";"2020";"18:30";"1";"62";"62318";"2";"1";"1";"6";"Rue du Port";"50,5134026";"1,6369010"
"202000039030";"27";"5";"2020";"17:45";"1";"13";"13055";"1";"9";"1";"2";"A507 sens Aubagne- Marseille";"43,3215000";"5,4228500"
"202000039031";"27";"5";"2020";"12:40";"1";"83";"83126";"1";"1";"1";"3";"A50";"43,1198434";"5,8539426"
"202000039032";"24";"5";"2020";"14:17";"1";"69";"69266";"1";"1";"1";"6";"RD 383   ";"45,7761000";"4,8975000"
"202000039033";"28";"5";"2020";"10:54";"1";"77";"77495";"1";"1";"1";"1";"AUTOROUTE A5A";"48,5935000";"2,6256000"
"202000039034";"27";"5";"2020";"08:45";"1";"92";"92036";"1";"1";"1";"2";"AUTOROUTE A15";"48,9447200";"2,2853000"
"202000039035";"26";"5";"2020";"22:00";"3";"60";"60494";"1";"1";"1";"6";"AUTOROUTE A1";"49,1274000";"2,5579600"
"202000039036";"27";"5";"2020";"07:30";"1";"94";"94046";"1";"1";"1";"4";"A86 EXT";"48,8060164";"2,4486524"
"202000039037";"10";"2";"2020";"19:00";"5";"60";"60057";"2";"2";"3";"6";"FITZGERALD J.KENNEDY (AV)-AV P M CURIE";"49,4084700";"2,1122600"
"202000039038";"15";"3";"2020";"16:55";"1";"30";"30007";"2";"2";"1";"1";"HUIT MAI 1945 (QUAI DU)";"44,1337700";"4,0782100"