"Num_Acc";"jour";"mois";"an";"hrmn";"lum";"dep";"com";"agg";"int";"atm";"col";"adr";"lat";"long"
"202000039039";"23";"5";"2020";"18:30";"3";"974";"97416";"1";"1";"1";"1";"DIAGONALE(CHEMIN)";" -21,3028100";"55,4723200"
"202000039040";"18";"5";"2020";"17:50";"2";"974";"97416";"2";"1";"1";"2";"CONCESSION CONDE(CHEMIN)";" -21,2967800";"55,5005600"
"202000039041";"27";"5";"2020";"06:00";"3";"974";"97416";"2";"9";"1";"3";"Route de l’Entre Deux";" -21,2880000";"55,4541700"
"202000039042";"27";"5";"2020";"19:25";"1";"69";"69199";"2";"1";"1";"6";"46 Avenue Jean Jaurès";"45,7117700";"4,8550500"
"202000039043";"27";"5";"2020";"03:00";"5";"69";"69387";"2";"1";"1";"6";"TONY GARNIER                        (AV)";"45,7280000";"4,8237000"
"202000039044";"27";"5";"2020";"11:05";"1";"971";"97113";"1";"1";"1";"6";"GRAND BAIE ( RN4)";"16,2178991";" -61,5107882"
"202000039045";"21";"5";"2020";"18:45";"1";"95";"95585";"2";"1";"1";"6";"VALERY (AVEUE PAUL)";"48,9786700";"2,3839300"
"202000039046";"27";"5";"2020";"15:20";"1";"95";"95598";"2";"1";"1";"1";"CARNOT    RUE";"48,9874800";"2,2962700"
"202000039047";"12";"5";"2020";"17:55";"1";"95";"95428";"2";"9";"1";"3";"MAURICE BERTEAUX (BOULEVARD)";"48,9972400";"2,3253400"
"202000039048";"27";"5";"2020";"12:49";"1";"91";"91549";"2";"2";"1";"1";"GEORGES PITARD (AVENUE)";"48,6501730";"2,3143970"
"202000039049";"27";"5";"2020";"12:42";"1";"91";"91692";"2";"9";"1";"3";"CD35";"48,6746000";"2,1797200"
"202000039050";"27";"5";"2020";"14:10";"1";"91";"91223";"1";"1";"1";"3";"R.N.20";"48,4366300";"2,1704200"
"202000039051";"27";"5";"2020";"13:05";"1";"91";"91174";"2";"2";"1";"3";"PARIS (RUE)";"48,6034800";"2,4684500"
"202000039052";"26";"5";"2020";"20:20";"1";"91";"91174";"2";"1";"1";"4";"JEAN JAURES (BOULEVARD)";"48,6187300";"2,4527400"
"202000039053";"8";"12";"2020";"16:48";"2";"22";"22037";"2";"1";"1";"2";"Hent An 19 a Viz Meurzh 1962";"48,4606460";" -3,4225630"
"202000039054";"26";"5";"2020";"17:31";"1";"78";"78646";"2";"3";"1";"3";"REPUBLIQUE (BOULEVARD DE LA)";"48,8050700";"2,1523100"
"202000039055";"8";"12";"2020";"14:06";"1";"29";"29024";"2";"1";"1";"6";"Rue des Martyrs";"48,2766598";" -3,5696121"
"202000039056";"8";"12";"2020";"17:35";"5";"31";"31107";"2";"1";"8";"3";"Route de l'Arize";"43,2979090";"1,2193000"
"202000039057";"8";"12";"2020";"07:15";"3";"85";"85151";"1";"1";"9";"3";"d160";"46,9881060";" -0,9385050"
"202000039058";"9";"12";"2020";"09:30";"1";"06";"06032";"2";"1";"1";"6";"83 Avenue du Trois Septembre";"43,7230760";"7,3973260"
"202000039059";"27";"5";"2020";"12:25";"1";"78";"78551";"2";"4";"1";"3";"POISSY (DE)";"48,8998300";"2,0883500"
"202000039060";"27";"5";"2020";"01:15";"4";"78";"78551";"1";"1";"1";"2";"RD 190";"48,9202000";"2,0589000"
"202000039061";"22";"5";"2020";"16:55";"1";"78";"78423";"2";"1";"1";"6";"MONT DORE (RUE DU)";"48,7684710";"2,0528840"
"202000039062";"26";"5";"2020";"19:00";"1";"77";"77083";"2";"1";"1";" -1";"PIVERT (RUE DU)";"48,8644100";"2,5930800"
"202000039063";"8";"12";"2020";"17:22";"2";"40";"40245";"2";"1";"1";"6";"Rue Laubaner";"44,0338360";" -0,3220430"
"202000039064";"27";"5";"2020";"15:10";"1";"74";"74012";"2";"1";"1";"4";"DE GAULLE (AVENUE CHARLES)";"46,1857700";"6,2475400"
"202000039065";"26";"5";"2020";"08:15";"1";"74";"74305";"2";"1";"1";"6";"ESPERANCE (RUE DE)";"46,2004700";"6,2499300"
"202000039066";"8";"12";"2020";"18:15";"3";"24";"24002";"1";"1";"1";"1";"la laiterie";"45,2988000";"0,7599020"
"202000039067";"26";"5";"2020";"08:20";"1";"69";"69266";"2";"2";"1";"3";"POIZAT      (Rue)";"45,7581800";"4,8932900"
"202000039068";"8";"12";"2020";"11:40";"1";"04";"04209";"2";"1";"1";" -1";"Allee de Verdun";"44,1951170";"5,9438400"
"202000039069";"27";"5";"2020";"06:30";"1";"69";"69256";"2";"2";"1";"3";"ROGER SALENGRO                      (R )";"45,7588000";"4,9287100"
"202000039070";"9";"12";"2020";"07:45";"3";"85";"85018";"1";"1";"1";"5";"Le Grand Quairuy";"46,8892200";" -2,0718460"
"202000039071";"27";"5";"2020";"00:01";"5";"67";"67447";"2";"3";"1";"7";"LAUTERBOURG (RUE DE)";"48,6102120";"7,7394500"
"202000039072";"9";"12";"2020";"03:00";"3";"85";"85024";"1";"1";"1";"7";"D21 A";"46,9518030";" -1,8938000"
"202000039073";"27";"5";"2020";"19:25";"1";"64";"64445";"2";"2";"7";"3";"GASTON PHOEBUS";"43,2973207";" -0,3873378"
"202000039074";"8";"12";"2020";"17:00";"2";"67";"67108";"2";"3";"1";"1";"2 Rue Victor Hugo";"48,5342050";"7,5942720"
"202000039075";"7";"12";"2020";"04:45";"3";"63";"63181";"1";"1";"8";"6";"A71";"46,0287010";"3,1166142"
"202000039076";"25";"5";"2020";"18:20";"1";"64";"64122";"2";"4";"7";"3";"GASTON PHOEBUS";"43,4682300";" -1,5465500"
"202000039077";"8";"12";"2020";"22:10";"5";"74";"74208";"1";"1";"4";"6";"N205";"45,9099730";"6,7118100"
"202000039078";"25";"5";"2020";"11:05";"1";"63";"63113";"2";"1";"1";"2";"LOUCHEUR (BD LOUIS)";"45,7625200";"3,0974300"
"202000039079";"21";"5";"2020";"01:42";"5";"60";"60057";"2";"3";"1";"6";"AMIENS (RUE D') - PAIR-";"49,4378400";"2,0879300"
"202000039080";"8";"12";"2020";"19:15";"3";"38";"38537";"1";"1";"3";"2";"A43";"45,6411080";"5,1468370"
"202000039081";"26";"5";"2020";"17:30";"1";"54";"54431";"2";"1";"1";"1";"RIOLLES (BOULEVARD DE)";"48,8996800";"6,0552000"
"202000039082";"8";"12";"2020";"19:45";"3";"69";"69013";"1";"1";"2";"6";"PK 421,230 A6";"46,0233180";"4,7247430"
"202000039083";"27";"5";"2020";"05:00";"2";"50";"50129";"2";"1";"1";"7";"ABBAYE (RUE DE L')";"49,6463600";" -1,6419900"
"202000039084";"8";"12";"2020";"17:14";"1";"971";"97134";"1";"1";"1";"1";"Route de Rocroy";"16,0477310";" -61,7604160"
"202000039085";"21";"5";"2020";"06:15";"1";"50";"50129";"2";"3";"1";"6";"HUGO (RUE VICTOR)";"49,6201700";" -1,6586200"
"202000039086";"8";"12";"2020";"12:05";"1";"91";"91315";"1";"2";"1";"3";"Route Départementale 31";"48,5105350";"2,3557730"
"202000039087";"20";"5";"2020";"04:30";"5";"49";"49328";"1";"6";"1";"5";"D347";"47,2860123";" -0,0492132"
"202000039088";"9";"12";"2020";"08:30";"1";"83";"83059";"1";"1";"1";"1";"Route Départementale 554";"43,3335870";"6,0707720"
"202000039089";"27";"5";"2020";"10:50";"1";"42";"42095";"2";"6";"1";"3";"Boulevard Saint Charles";"45,3886100";"4,2801300"
"202000039090";"26";"5";"2020";"12:55";"1";"37";"37122";"2";"1";"1";"7";"BEAULIEU (RUE DE)";"47,3623922";"0,6605801"
"202000039091";"8";"12";"2020";"16:15";"1";"21";"21295";"1";"1";"2";"1";"RD 974 PK 36+600";"47,2118605";"4,9724398"
"202000039092";"27";"5";"2020";"15:00";"1";"35";"35238";"2";"2";"1";"3";"MIRABEAU";"48,1235143";" -1,6457679"
"202000039093";"8";"12";"2020";"19:10";"3";"08";"08263";"1";"1";"1";" -1";"A34";"49,7377390";"4,7873940"
"202000039094";"9";"12";"2020";"07:30";"2";"54";"54043";"2";"9";"1";"1";"78 Rue Jacques Callot";"48,5874600";"6,0967400"
"202000039095";"8";"12";"2020";"20:30";"3";"54";"54196";"1";"1";"2";"2";"chemin de pulligny";"48,5568980";"6,1732860"
"202000039096";"9";"12";"2020";"17:15";"3";"73";"73135";"1";"1";"2";"5";"D1006";"45,3149910";"6,3347660"
"202000039097";"8";"12";"2020";"16:20";"1";"01";"01297";"1";"3";"1";"5";"D84C";"45,8756680";"5,0892020"
"202000039098";"8";"12";"2020";"12:10";"1";"79";"79049";"1";"1";"1";"1";"N/A";"46,8225950";" -0,5200210"
"202000039099";"8";"12";"2020";"20:45";"3";"85";"85214";"1";"1";"1";"1";"D760";"46,5469520";" -1,7336300"
"202000039100";"9";"12";"2020";"08:25";"2";"29";"29058";"1";"9";"8";"1";"Lieu dit Pont Veo";"47,9112515";" -4,0173655"
"202000039101";"8";"12";"2020";"09:45";"1";"22";"22077";"1";"1";"2";"7";".";"48,5602960";" -2,4381600"
"202000039102";"29";"7";"2020";"16:30";"1";"42";"42127";"2";"9";"1";"3";"Rue des Buttes";"46,0628200";"4,0594800"
"202000039103";"8";"12";"2020";"17:45";"5";"59";"59419";"2";"3";"5";"3";"D938";"50,5205622";"3,2768921"
"202000039104";"29";"7";"2020";"14:20";"1";"37";"37261";"2";"1";"1";"5";"ALOUETTE (AVENUE)";"47,3631030";"0,6979176"
"202000039105";"8";"12";"2020";"07:28";"2";"13";"13071";"1";"1";"2";"4";"A7-Sens Marseille vers Lyon";"43,4077500";"5,2888700"
"202000039106";"29";"7";"2020";"17:00";"1";"35";"35238";"2";"1";"1";"6";"163 Rue Eugène Pottier";"48,1028100";" -1,7117400"
"202000039107";"7";"12";"2020";"20:30";"5";"13";"13210";"1";"1";"2";"2";"A50-Sens Marseille vers Aubagne";"43,2835900";"5,4015000"
"202000039108";"29";"7";"2020";"17:50";"1";"35";"35051";"2";"9";"1";"3";"Rue de la Châtaigneraie";"48,1210500";" -1,6287500"
"202000039109";"7";"12";"2020";"08:30";"1";"13";"13081";"1";"1";"1";"4";"A7-Sens Lyon vers Marseille";"43,4882700";"5,2404700"
"202000039110";"29";"7";"2020";"09:53";"1";"33";"33162";"2";"1";"1";"3";"AV DU MEDOC";"44,8778000";" -0,6237000"
"202000039111";"17";"7";"2020";"17:05";"1";"33";"33281";"2";"1";"1";"4";"AVE DE MAGUDAS";"44,8586100";" -0,6714600"
"202000039112";"8";"12";"2020";"08:02";"1";"33";"33003";"1";"1";"1";"2";"AUTOROUTE A 10";"44,9337600";" -0,4678600"
"202000039113";"16";"7";"2020";"16:35";"1";"33";"33063";"2";"2";"1";"3";"RUE NAUJAC / RUE MALLERET";"44,8479600";" -0,5858800"
"202000039114";"29";"7";"2020";"14:30";"1";"33";"33529";"1";"1";"1";"6";"BISCAROSSE (AVE) DUNE VERS BISCA";"44,5959400";" -1,1971500"
"202000039115";"29";"7";"2020";"02:00";"5";"31";"31555";"2";"1";"1";"6";"BD GRIFFOUL DORVAL";"43,5946300";"1,4569000"
"202000039116";"28";"7";"2020";"14:45";"1";"31";"31069";"2";"1";"1";"6";"GRENADE (ROUTE DE)";"43,6497600";"1,3821000"
"202000039117";"29";"7";"2020";"13:10";"1";"30";"30007";"2";"1";"1";"6";"SAUVAGES (RUE)";"44,1224100";"4,0791000"
"202000039118";"8";"12";"2020";"08:00";"1";"33";"33003";"1";"1";"1";"4";"AUTOROUTE A 10";"44,9342500";" -0,4677600"
"202000039119";"29";"7";"2020";"18:40";"1";"29";"29232";"1";"6";"1";"2";"D765 - Route de Rosporden";"47,9810800";" -4,0269900"
"202000039120";"28";"7";"2020";"17:40";"1";"29";"29232";"1";"6";"1";"2";" D365 - Avenue du Morbihan ";"47,9796900";" -4,0790200"
"202000039121";"29";"7";"2020";"15:25";"1";"29";"29039";"1";"2";"1";"7";"RD 783";"47,8743600";" -3,8984200"
"202000039122";"29";"7";"2020";"12:50";"1";"27";"27562";"2";"1";"1";"6";"FERRY (RUE ET PLACE JULES)";"49,0994000";"1,4491700"
"202000039123";"10";"7";"2020";"17:39";"1";"22";"22113";"1";"3";"1";"3";"CROAS BODIOU (LIEU-DIT)";"48,7489900";" -3,4860000"
"202000039124";"25";"7";"2020";"17:50";"1";"18";"18033";"2";"1";"1";" -1";"MITTERRAND (AVENUE FRANCOIS)";"47,0871700";"2,3872200"
"202000039125";"8";"12";"2020";"07:15";"3";"91";"91286";"1";"1";"1";"5";"AUTOROUTE A6";"48,6475600";"2,3868300"
"202000039126";"29";"7";"2020";"10:55";"1";"17";"17306";"2";"1";"1";"1";"GAMBETTA";"45,6226120";" -1,0309150"
"202000039127";"29";"7";"2020";"21:05";"1";"17";"17300";"2";"1";"1";"3";"CRAPAUDIERES   AVENUE DES";"46,1725300";" -1,1742300"
"202000039128";"8";"12";"2020";"07:15";"5";"91";"91549";"1";"1";"1";"2";"RN 104";"48,6250000";"2,3410000"
"202000039129";"7";"12";"2020";"22:30";"5";"94";"94034";"1";"1";"1";"2";"AUTOROUTE A86";"48,7592100";"2,3233300"
"202000039130";"29";"7";"2020";"18:20";"1";"17";"17300";"2";"2";"1";"3";"LEMOYNE D'IBERVILLE   RUE";"46,1617060";" -1,2108680"
"202000039131";"8";"12";"2020";"18:20";"5";"92";"92064";"2";"1";"1";"3";"A13";"48,8454630";"2,2232242"
"202000039132";"27";"7";"2020";"17:30";"1";"16";"16102";"2";"2";"1";"3";"Rue Montesquieu";"45,6808300";" -0,3359000"
"202000039133";"8";"12";"2020";"16:20";"1";"78";"78646";"1";"1";"1";"2";"RN12";"48,7933040";"2,0758720"
"202000039134";"8";"12";"2020";"10:10";"1";"92";"92036";"1";"1";"8";"4";"A86";"48,9374713";"2,2956603"
"202000039135";"28";"7";"2020";"09:55";"1";"14";"14366";"2";"1";"1";"6";"SAINTE THERESE (AVENUE)";"49,1423684";"0,2314093"
"202000039136";"8";"12";"2020";"09:10";"1";"78";"78043";"1";"1";"1";"3";"A12 W";"48,8351280";"2,0876850"
"202000039137";"29";"7";"2020";"21:50";"3";"13";"13071";"2";"9";"1";"1";"D113 AGAVON";"43,4165591";"5,2787536"
"202000039138";"27";"7";"2020";"17:10";"1";"13";"13005";"2";"1";"1";"2";"VERDUN (AVENUE DE)";"43,2881400";"5,5753300"
"202000039139";"8";"12";"2020";"08:10";"1";"78";"78007";"1";"1";"1";"4";"A13";"48,8980700";"2,0060020"
"202000039140";"29";"7";"2020";"23:20";"5";"10";"10387";"2";"5";"1";"3";"MARGUERITE FLAVIEN BUFFARD (RUE)";"48,3038600";"4,0617100"
"202000039141";"8";"12";"2020";"18:15";"3";"94";"94073";"1";"1";"1";"4";"A86 INT";"48,7709388";"2,3875608"
"202000039142";"29";"7";"2020";"14:20";"1";"75";"75114";"2";"1";"1";"3";"BOULEVARD PERIPHERIQUE";"48,8228470";"2,3128650"
"202000039143";"6";"12";"2020";"11:50";"1";"974";"97411";"2";"1";"1";"6";"BERTHO (RUE JEAN)";" -20,8927500";"55,4888000"
"202000039144";"29";"7";"2020";"09:00";"1";"75";"75119";"2";"1";"1";"3";"BOULEVARD PERIPHERIQUE";"48,9006060";"2,3739330"
"202000039145";"7";"12";"2020";"09:20";"1";"69";"69387";"2";"1";"1";"3";"JEAN JAURES                         (AV)";"45,7268400";"4,8310300"
"202000039146";"29";"7";"2020";"18:20";"1";"75";"75119";"2";"7";"1";"2";"PLACE AUGUSTE BARON";"48,9001550";"2,3873030"
"202000039147";"7";"12";"2020";"07:10";"5";"69";"69259";"2";"2";"8";"2";"AMBROISE CROIZAT                    (BD)";"45,7064400";"4,8875800"
"202000039148";"29";"7";"2020";"13:20";"1";"75";"75119";"2";"3";"1";"2";"AVENUE CORENTIN CARIOU";"48,8958480";"2,3835500"
"202000039149";"4";"12";"2020";"17:10";"4";"69";"69034";"2";"1";"1";"3";"COSTE                               (R )";"45,7912599";"4,8371537"
"202000039150";"29";"7";"2020";"12:45";"1";"75";"75119";"2";"1";"1";"3";"BOULEVARD DE LA VILLETTE";"48,8797930";"2,3704180"
"202000039151";"29";"7";"2020";"10:00";"1";"75";"75119";"2";"1";"1";"3";"BOULEVARD MACDONALD";"48,8974120";"2,3888370"
"202000039152";"6";"12";"2020";"17:30";"2";"971";"97101";"2";"1";"1";"1";"GRAND CAMP(SECTION)";"16,2503700";" -61,5324100"
"202000039153";"4";"12";"2020";"21:50";"5";"89";"89387";"2";"1";"1";"6";"ERNEST LANDRY (QUAI)";"48,1972000";"3,2765100"
"202000039154";"28";"7";"2020";"01:45";"5";"75";"75116";"2";"2";"1";"2";"BOULEVARD EXELMANS";"48,8453370";"2,2586810"
"202000039155";"4";"12";"2020";"08:10";"5";"76";"76681";"2";"2";"1";"6";"JAURES. AVENUE JEAN";"49,4145600";"1,0915800"
"202000039156";"28";"7";"2020";"09:06";"1";"75";"75115";"2";"2";"1";"6";"BOULEVARD LEFEBVRE";"48,8286450";"2,3014220"
"202000039157";"29";"7";"2020";"17:55";"1";"75";"75113";"2";"1";"1";"3";"AVENUE DES GOBELINS";"48,8342050";"2,3536560"
"202000039158";"4";"12";"2020";"15:20";"1";"76";"76351";"2";"4";"1";"6";"DRAPIERS (DES)";"49,4872800";"0,1090100"
"202000039159";"28";"7";"2020";"21:10";"2";"75";"75112";"2";"1";"1";"7";"PONT MORLAND";"48,8469330";"2,3662400"
"202000039160";"4";"12";"2020";"14:50";"1";"76";"76351";"2";"3";"2";"3";"FELIX FAURE";"49,5020350";"0,1171750"
"202000039161";"29";"7";"2020";"10:00";"1";"75";"75109";"2";"1";"1";" -1";"RUE DE LA CHAUSSEE D ANTIN";"48,8719540";"2,3337450"
"202000039162";"29";"7";"2020";"19:30";"1";"75";"75108";"2";"7";"1";"3";"PLACE DE L ALMA";"48,8646650";"2,3013280"
"202000039163";"1";"12";"2020";"19:35";"5";"74";"74012";"2";"3";"2";"2";"PASTEUR (AVENUE)";"46,1925900";"6,2389400"
"202000039164";"28";"7";"2020";"17:55";"1";"94";"94081";"2";"3";"1";"3";"ABBE ROGER DERRY (AV DE L)";"48,7901895";"2,3915038"
"202000039165";"5";"12";"2020";"13:50";"1";"67";"67482";"2";"3";"1";"3";"BROGLIE (PLACE)";"48,5845500";"7,7485700"
"202000039166";"28";"7";"2020";"23:45";"5";"94";"94068";"2";"3";"1";"3";"VARENNE (R DE LA)";"48,8074000";"2,4744000"
"202000039167";"7";"12";"2020";"09:20";"1";"64";"64445";"2";"3";"3";"3";"HENRI  IV";"43,2946300";" -0,3728200"
"202000039168";"29";"7";"2020";"18:45";"1";"94";"94046";"2";"1";"1";"3";"JEAN JAURES (R)";"48,7890304";"2,4355102"
"202000039169";"30";"11";"2020";"19:30";"5";"64";"64445";"2";"9";"1";"3";"YITZHAK RABIN";"43,3079400";" -0,3393800"
"202000039170";"7";"12";"2020";"14:45";"1";"64";"64102";"2";"6";"3";"2";"PAULMY (AVENUE DES ALLEES)";"43,4885800";" -1,4826700"
"202000039171";"28";"7";"2020";"18:50";"1";"94";"94076";"2";"2";"1";"3";"PAUL VAILLANT COUTURIER (AV)";"48,7949700";"2,3664000"
"202000039172";"7";"12";"2020";"10:30";"1";"64";"64102";"2";"1";"3";"2";"MAI 1945 (AVENUE DU 8)";"43,4590800";" -1,4955600"
"202000039173";"3";"12";"2020";"17:55";"5";"62";"62160";"2";"6";"2";"6";"MARIETTE (Bld Auguste )";"50,7269210";"1,6165350"
"202000039174";"29";"7";"2020";"04:30";"5";"94";"94022";"2";"2";"1";"3";"LEON GOURDAULT (AV)";"48,7641700";"2,4055000"
"202000039175";"28";"7";"2020";"20:20";"1";"94";"94002";"2";"2";"1";"3";"VAILLANT COUTURIER (R)";"48,8103120";"2,4169660"
"202000039176";"29";"7";"2020";"12:35";"1";"93";"93078";"2";"2";"1";"1";"CLEMENCEAU (AVENUE GEORGES)";"48,9581000";"2,5584000"
"202000039177";"29";"7";"2020";"20:09";"2";"93";"93066";"2";"1";"1";"7";"HUIT MAI 1945 (PLACE)";"48,9397329";"2,3560154"
"202000039178";"29";"7";"2020";"15:30";"1";"93";"93066";"2";"9";"1";"1";"GORKI MAXIME";"48,9441454";"2,3868495"
"202000039179";"28";"7";"2020";"14:30";"1";"93";"93066";"2";"1";"1";"3";"""BROSSOLETTE PIERRE, NR IMPAIRS""";"48,9416525";"2,3487145"
"202000039180";"28";"7";"2020";"12:50";"1";"93";"93066";"2";"3";"1";"1";"DIDEROT";"48,9359843";"2,3776335"
"202000039181";"3";"12";"2020";"17:25";"2";"59";"59560";"2";"1";"3";"6";"LILLE ROUTE DE";"50,5590200";"3,0347500"
"202000039182";"29";"7";"2020";"19:00";"1";"93";"93064";"2";"1";"1";"3";"ALSACE-LORRAINE (BOULEVARD)";"48,8846764";"2,4834767"
"202000039183";"3";"12";"2020";"16:55";"2";"59";"59560";"2";"1";"2";"6";"DORMOY MARX RUE";"50,5507100";"3,0260500"
"202000039184";"29";"7";"2020";"16:30";"1";"93";"93049";"2";"9";"1";"6";"GENERAL DE GAULLE (RUE)";"48,8615541";"2,5061987"
"202000039185";"6";"12";"2020";"20:45";"5";"54";"54357";"2";"2";"1";"3";"LAFAYETTE (RUE)";"48,7085030";"6,1717500"
"202000039186";"29";"7";"2020";"14:20";"1";"93";"93046";"2";"1";"1";"2";"ARISTIDE BRIAND AVENUE";"48,9116860";"2,5197497"
"202000039187";"6";"12";"2020";"18:10";"5";"51";"51454";"2";"2";"5";"3";"Rue Emile Zola";"49,2667066";"4,0274857"
"202000039188";"28";"7";"2020";"20:40";"1";"93";"93007";"2";"9";"1";"6";"DESCARTES (CITE)";"48,9510700";"2,4422400"
"202000039189";"4";"12";"2020";"07:35";"5";"50";"50129";"2";"2";"2";" -1";"TOUR CARREE (RUE)";"49,6421300";" -1,6253300"
"202000039190";"28";"11";"2020";"14:30";"1";"50";"50203";"2";"1";"1";"2";"ROUGES TERRES (LES)";"49,6096000";" -1,6002400"
"202000039191";"26";"7";"2020";"05:18";"5";"92";"92044";"2";"2";"1";"3";"CARNOT(RUE) 73+ ET 60+";"48,8926463";"2,2858948"
"202000039192";"5";"12";"2020";"20:00";"5";"49";"49007";"2";"2";"2";"3";"Rue Saint-Léonard";"47,4600200";" -0,5242400"
"202000039193";"28";"7";"2020";"17:00";"1";"87";"87038";"1";"1";"1";"6";"Blemont";"45,9353710";"1,2461540"
"202000039194";"7";"12";"2020";"20:23";"5";"45";"45234";"2";"1";"8";"3";"Avenue Roger Secretain";"47,8840800";"1,8982100"
"202000039195";"7";"12";"2020";"10:15";"1";"45";"45232";"2";"1";"1";"2";"Avenue de Sologne";"47,8700700";"1,9119400"
"202000039196";"7";"12";"2020";"19:00";"5";"44";"44114";"2";"1";"2";"2";"ROUTE DE RENNES";"47,2537100";" -1,5764100"
"202000039197";"7";"12";"2020";"19:30";"5";"41";"41226";"2";"1";"1";"1";"CARTIER (RUE JACQUES)";"47,8109600";"1,0718800"
"202000039198";"2";"12";"2020";"08:30";"5";"40";"40192";"2";"2";"1";"3";"JUIN (V DU MARECHAL)";"43,8984000";" -0,4874400"
"202000039199";"4";"12";"2020";"17:40";"5";"40";"40192";"1";"1";"2";"6";"VIGNAU (AV DU)";"43,8771200";" -0,4635600"
"202000039200";"6";"12";"2020";"01:35";"5";"38";"38185";"2";"2";"1";"3";"Boulevard Jean Pain";"45,1894300";"5,7419200"
"202000039201";"30";"11";"2020";"08:25";"1";"37";"37122";"2";"9";"1";"7";"VERDUN (RUE DE)";"47,3469774";"0,6654400"
"202000039202";"1";"12";"2020";"17:30";"2";"35";"35093";"2";"3";"1";"3";"LIBERATION (BOULEVARD DE LA)";"48,6171100";" -2,0575700"
"202000039203";"7";"12";"2020";"18:20";"3";"35";"35238";"1";"1";"1";"4";"RN136";"48,1318900";" -1,7087300"
"202000039204";"7";"12";"2020";"16:15";"1";"35";"35238";"2";"1";"8";"6";"MALAKOFF";"48,1064700";" -1,6931100"
"202000039205";"19";"7";"2020";"01:00";"3";"33";"33221";"1";"1";"1";"3";"1 Les Granges Sud";"44,5648810";"0,0416550"
"202000039206";"6";"12";"2020";"19:40";"4";"34";"34172";"2";"1";"1";"6";"PENELOPE (BOULEVARD)";"43,6022508";"3,9152752"
"202000039207";"29";"7";"2020";"16:33";"1";"01";"01143";"1";"1";"1";"1";"D984c";"46,3586020";"6,1300010"
"202000039208";"30";"11";"2020";"11:30";"1";"33";"33200";"2";"1";"9";"1";"AVE PASTEUR";"44,8800500";" -0,6849300"
"202000039209";"29";"7";"2020";"19:30";"1";"85";"85082";"1";"1";"1";"3";"LA MEILLERAIE, D752";"46,9000400";" -0,8985500"
"202000039210";"6";"12";"2020";"10:15";"1";"31";"31555";"2";"1";"1";"2";"RUE CLAIRE PAUILHAC";"43,6108095";"1,4452949"
"202000039211";"6";"12";"2020";"02:30";"4";"31";"31555";"1";"1";"2";"3";"VA007331 A620";"43,5754800";"1,4408700"
"202000039212";"29";"7";"2020";"10:45";"1";"56";"56123";"1";"4";"1";"1";"Kermoblo";"47,6942520";" -2,3084590"
"202000039213";"4";"12";"2020";"21:10";"5";"31";"31555";"2";"1";"1";"3";"Place de la patte d'oie";"43,5963300";"1,4228800"
"202000039214";"28";"7";"2020";"20:50";"1";"74";"74289";"1";"1";"1";"6";"D910";"45,8854080";"5,9388240"
"202000039215";"29";"11";"2020";"09:30";"1";"27";"27375";"1";"1";"1";"2";"SAINT PIERRE (ROUTE DE)";"49,2430190";"1,1983580"
"202000039216";"30";"7";"2020";"08:00";"1";"76";"76651";"2";"2";"1";"3";"1360 Route de l'Aerodrome";"49,8386740";"0,6622480"
"202000039217";"26";"11";"2020";"15:50";"1";"22";"22187";"1";"1";"1";"6";"RN12";"48,5427800";" -2,7671400"
"202000039218";"30";"7";"2020";"21:00";"1";"79";"79079";"1";"1";"1";"2";"Lieu Dit le Puy Riou";"46,9169610";" -0,7607330"
"202000039219";"7";"12";"2020";"20:25";"5";"17";"17300";"2";"2";"2";"3";"ORBIGNY   RUE ALCIDE D'";"46,1631800";" -1,1458100"
"202000039220";"29";"7";"2020";"17:40";"1";"2B";"2B050";"1";"1";"1";"3";"T30";"42,5578060";"8,7959930"
"202000039221";"5";"12";"2020";"11:35";"1";"17";"17274";"1";"1";"1";"7";"D108";"46,1605300";" -1,0820100"
"202000039222";"30";"7";"2020";"10:00";"1";"55";"55543";"2";"1";"1";"6";"37 rue de tronville";"48,7041740";"5,2983180"
"202000039223";"3";"12";"2020";"17:40";"5";"15";"15014";"2";"9";"2";"6";"Avenue du Général Leclerc";"44,9100000";"2,4452700"
"202000039224";"27";"7";"2020";"19:24";"1";"49";"49050";"1";"6";"1";"1";"Lieu Dit la Gonorderie";"47,3440353";" -0,4368198"
"202000039225";"6";"12";"2020";"06:55";"3";"14";"14437";"2";"1";"2";"6";"ECHANGEUR N° 6 ( VALLEE DES JARDINS )";"49,1665800";" -0,3033700"
"202000039226";"18";"7";"2020";"08:24";"1";"44";"44069";"1";"6";"1";"3";"rd 774";"47,3275450";" -2,4156300"
"202000039227";"6";"12";"2020";"05:20";"5";"14";"14118";"2";"1";"8";"6";"ADAM (RUE MONSEIGNEUR)";"49,1828700";" -0,3975800"
"202000039228";"21";"7";"2020";"18:00";"1";"38";"38500";"1";"1";"1";"1";"D1092";"45,1791690";"5,3767560"
"202000039229";"2";"12";"2020";"10:05";"1";"14";"14118";"2";"1";"1";"6";"FALAISE (RUE DE  - 90-142 IMPAIR - 95)";"49,1690500";" -0,3526500"
"202000039230";"30";"7";"2020";"06:40";"1";"03";"03250";"1";"1";"7";"6";"N/A";"46,2218142";"3,7579804"
"202000039231";"4";"12";"2020";"19:30";"5";"13";"13117";"2";"6";"1";"3";"ROND POINT DE PIERRE PLANTEE";"43,4466400";"5,2483000"
"202000039232";"24";"7";"2020";"15:30";"1";"03";"03292";"1";"4";"1";"3";"Le Bois de l'Espau";"46,4167243";"3,0561162"