"Num_Acc";"jour";"mois";"an";"hrmn";"lum";"dep";"com";"agg";"int";"atm";"col";"adr";"lat";"long"
"202000039233";"7";"12";"2020";"17:50";"5";"13";"13208";"2";"1";"2";"6";"PRADO (AVENUE DU)";"43,2772926";"5,3888015"
"202000039234";"19";"7";"2020";"08:00";"1";"26";"26183";"2";"1";"7";"6";"1175 avenue des 3 becs ";"44,7107410";"5,0901490"
"202000039235";"7";"12";"2020";"17:00";"5";"13";"13208";"2";"6";"2";"5";"HAMBOURG (BOULEVARD)";"43,2400000";"5,3800000"
"202000039236";"7";"12";"2020";"16:20";"2";"13";"13203";"2";"1";"1";"2";"PLOMBIERES (BOULEVARD DES)";"43,3156610";"5,3856270"
"202000039237";"30";"7";"2020";"10:40";"1";"14";"14494";"1";"1";"1";"2";"D400";"49,2714630";" -0,1036140"
"202000039238";"7";"12";"2020";"13:00";"1";"13";"13211";"2";"1";"1";" -1";"CAMOINS (AVENUE DES)";"43,3002358";"5,5028039"
"202000039239";"7";"12";"2020";"12:15";"1";"13";"13002";"2";"1";"1";"6";"AUBAGNENS (AVENUE DES)";"43,3274510";"5,4816504"
"202000039240";"29";"7";"2020";"12:15";"1";"14";"14370";"2";"2";"1";"7";"Route de Balleroy";"49,2202740";" -0,8706930"
"202000039241";"29";"7";"2020";"18:08";"1";"50";"50215";"1";"1";"7";"7";"D74";"49,1028340";" -1,5278110"
"202000039242";"24";"11";"2020";"08:22";"1";"11";"11262";"2";"1";"1";"7";"MISTRAL (BOULEVARD FREDERIC)";"43,1882200";"3,0042000"
"202000039243";"30";"7";"2020";"12:00";"1";"83";"83082";"1";"1";"1";"6";"D955";"43,6347170";"6,4827374"
"202000039244";"7";"12";"2020";"14:40";"1";"07";"07102";"2";"3";"1";"3";"CAMUS (RUE ALBERT)";"44,9388755";"4,8760374"
"202000039245";"30";"7";"2020";"15:10";"1";"83";"83007";"2";"1";"1";" -1";"Route de Villecroze";"43,6192000";"6,2226930"
"202000039246";"7";"12";"2020";"15:00";"1";"06";"06069";"1";"1";"1";"3";"Pénétrante";"43,6303500";"6,9473200"
"202000039247";"30";"7";"2020";"17:00";"1";"83";"83046";"1";"1";"1";"6";"D13";"43,5359080";"6,1397840"
"202000039248";"7";"12";"2020";"10:40";"1";"06";"06069";"2";"1";"1";"3";"MADELEINE";"43,6552900";"6,9382700"
"202000039249";"30";"7";"2020";"16:15";"1";"60";"60040";"1";"1";"1";"6";"D75";"49,4073274";"2,5751893"
"202000039250";"29";"7";"2020";"00:20";"3";"45";"45146";"1";"1";"1";"7";"D2020-53+870";"47,6879040";"1,9588170"
"202000039251";"7";"12";"2020";"14:40";"1";"75";"75116";"2";"4";"1";"4";"PORTE DAUPHINE";"48,8696760";"2,2712350"
"202000039252";"29";"7";"2020";"11:45";"1";"64";"64368";"1";"1";"1";"1";"D11";"43,3867120";" -1,0969380"
"202000039253";"7";"12";"2020";"18:25";"5";"75";"75106";"2";"4";"1";"6";"RUE D ASSAS";"48,8450600";"2,3323010"
"202000039254";"30";"7";"2020";"03:30";"3";"64";"64538";"1";"1";"1";"6";"Lasse";"43,1340320";" -1,2671180"
"202000039255";"7";"12";"2020";"18:40";"5";"75";"75112";"2";"1";"1";"2";"BOULEVARD PERIPHERIQUE EXTERIEUR NORD  ";"48,8458310";"2,4144450"
"202000039256";"29";"7";"2020";"16:45";"1";"18";"18197";"2";"1";"1";"1";"Avenue de la Vigne du Prince";"46,7288970";"2,4945560"
"202000039257";"7";"12";"2020";"19:20";"5";"75";"75117";"2";"3";"1";"3";"BOULEVARD PEREIRE";"48,8877650";"2,3063100"
"202000039258";"30";"7";"2020";"12:50";"1";"10";"10323";"2";"6";"1";"7";"rond point des anciens combattants d'afrique du nord";"48,5139890";"3,7253520"
"202000039259";"7";"12";"2020";"18:25";"5";"75";"75114";"2";"4";"1";"6";"RUE FRIANT";"48,8270150";"2,3249180"
"202000039260";"30";"7";"2020";"11:00";"1";"07";"07255";"2";"1";"1";"2";"Avenue Louis Blanchon";"44,7514970";"4,6897750"
"202000039261";"25";"7";"2020";"10:10";"1";"21";"21519";"1";"4";"1";"2";"Route Dijon";"47,7832920";"4,8518170"
"202000039262";"30";"7";"2020";"12:00";"1";"40";"40175";"2";"1";"1";"3";"Route du stade";"43,8251230";" -0,3720970"
"202000039263";"30";"7";"2020";"13:20";"1";"40";"40312";"2";"1";"1";"2";"Boulevard de la Yayi";"43,5481280";" -1,4608380"
"202000039264";"29";"7";"2020";"08:45";"1";"24";"24520";"2";"1";"1";" -1";"7 rue du 26ème Régiment d'infanterie";"44,8773580";"1,2312410"
"202000039265";"7";"12";"2020";"18:00";"5";"75";"75112";"2";"5";"1";"3";"AVENUE DE SAINT MANDE";"48,8446760";"2,4057240"
"202000039266";"28";"7";"2020";"17:05";"1";"85";"85001";"2";"1";"1";"1";"7 Avenue Amiral Courbet";"46,3355840";" -1,3138530"
"202000039267";"7";"12";"2020";"08:40";"1";"75";"75112";"2";"3";"1";"3";"AVENUE DE GRAVELLE";"48,8241750";"2,4229100"
"202000039268";"23";"7";"2020";"10:00";"1";"85";"85004";"1";"1";"1";"6";"D747";"46,3937000";" -1,4000000"
"202000039269";"7";"12";"2020";"16:45";"1";"75";"75110";"2";"1";"1";"6";"RUE LOUIS BLANC";"48,8792080";"2,3686000"
"202000039270";"7";"12";"2020";"17:50";"5";"75";"75110";"2";"3";"1";"3";"BOULEVARD DE STRASBOURG";"48,8733630";"2,3565190"
"202000039271";"30";"7";"2020";"16:00";"1";"27";"27083";"1";"3";"1";"3";"D92";"49,2540530";"0,7590330"
"202000039272";"30";"7";"2020";"09:45";"1";"27";"27207";"1";"1";"1";"2";"D138";"49,1312120";"0,4671340"
"202000039273";"29";"7";"2020";"16:00";"1";"27";"27032";"2";"1";"1";"6";"24 bis rue des chenes - D32";"48,9286250";"1,1402930"
"202000039274";"7";"12";"2020";"17:35";"5";"75";"75109";"2";"7";"1";"6";"BOULEVARD DE CLICHY";"48,8836160";"2,3326730"
"202000039275";"30";"7";"2020";"11:15";"1";"52";"52486";"1";"1";"1";"7";"D155";"47,9040370";"5,1236310"
"202000039276";"7";"12";"2020";"13:50";"1";"75";"75108";"2";"2";"1";"6";"AVENUE MATIGNON";"48,8717680";"2,3141680"
"202000039277";"7";"12";"2020";"15:45";"1";"94";"94080";"2";"1";"1";"2";"VICTOR BASCH (R)";"48,8475000";"2,4274400"
"202000039278";"30";"7";"2020";"07:30";"1";"52";"52251";"2";"2";"1";"2";"17 Route de Paris";"48,1353850";"5,0842030"
"202000039279";"6";"12";"2020";"15:40";"1";"94";"94068";"2";"3";"1";"3";"BAC (AV DU)";"48,7975000";"2,5039000"
"202000039280";"29";"7";"2020";"10:15";"1";"46";"46220";"1";"1";"1";"2";"A20";"44,8692380";"1,5060280"
"202000039281";"7";"12";"2020";"14:55";"1";"94";"94046";"2";"1";"1";"3";"GAMBETTA (AV)";"48,8097300";"2,4537100"
"202000039282";"26";"7";"2020";"23:18";"3";"40";"40209";"1";"1";"1";"2";"A63";"43,5744450";" -1,4284590"
"202000039283";"7";"12";"2020";"07:45";"5";"94";"94076";"2";"1";"1";"3";"MAXIME GORKI (BD)";"48,7967000";"2,3681200"
"202000039284";"30";"7";"2020";"13:15";"1";"18";"18140";"1";"1";"1";"6";"A20";"47,1388840";"1,9630340"
"202000039285";"24";"7";"2020";"21:30";"3";"38";"38048";"1";"1";"1";"6";"Chemin de Vignieu";"45,5785550";"5,1278590"
"202000039286";"7";"12";"2020";"15:25";"1";"93";"93073";"2";"2";"1";"3";"COLONGO (RUE PIERRE)";"48,9387000";"2,5816800"
"202000039287";"30";"7";"2020";"15:35";"1";"988";"98816";"1";"1";"1";"1";"RT1 - PK 127+030";" -21,7062000";"165,7091470"
"202000039288";"29";"7";"2020";"13:50";"1";"973";"97306";"1";"1";"1";"7";"CD9";"5,6521168";" -53,8219357"
"202000039289";"7";"12";"2020";"21:20";"5";"93";"93070";"2";"4";"1";"2";"CAPITAINE-GLARNER (AV)";"48,9072500";"2,3264000"
"202000039290";"28";"7";"2020";"20:00";"3";"973";"97311";"1";"1";"1";"6";"Avenue Jean Galmot";"5,5514060";" -53,9355750"
"202000039291";"7";"12";"2020";"21:25";"5";"93";"93045";"2";"1";"1";"2";"R DE PARIS";"48,8785879";"2,4114459"
"202000039292";"29";"7";"2020";"18:50";"1";"973";"97305";"1";"1";"1";"1";"PK 14.5";"4,9268640";" -52,3924260"
"202000039293";"7";"12";"2020";"09:00";"1";"93";"93063";"2";"2";"5";"6";"R MARCEL ETHIS / R JEAN JAURES";"48,8783000";"2,4454600"
"202000039294";"28";"7";"2020";"11:30";"1";"971";"97129";"2";"1";"1";"6";"Desbonnes";"16,3296301";" -61,7535101"
"202000039295";"5";"12";"2020";"11:40";"1";"93";"93032";"2";"3";"1";"3";"RAMBOUILLET   (AVENUE DE)";"48,8760600";"2,5446300"
"202000039296";"7";"12";"2020";"12:20";"1";"92";"92046";"2";"2";"1";"3";"PIERRE BROSSOLETTE (AVENUE)";"48,8115225";"2,3002278"
"202000039297";"7";"12";"2020";"10:20";"1";"92";"92044";"2";"1";"8";"3";"CHARLES PASQUA (QUAI) 58 A90";"48,9014756";"2,2852421"
"202000039298";"19";"7";"2020";"17:10";"1";"44";"44020";"1";"1";"1";"4";"N/A";"47,1737460";" -1,6126840"
"202000039299";"6";"12";"2020";"15:00";"1";"92";"92024";"2";"2";"1";"3";"MARTRE DE (4 A 54)";"48,9009006";"2,3080531"
"202000039300";"29";"7";"2020";"16:50";"1";"29";"29147";"1";"1";"1";"5";"N165 - Quimperlé";"47,8698533";" -3,5945414"
"202000039301";"3";"12";"2020";"16:00";"2";"92";"92012";"2";"9";"2";"2";"AUTEUIL (BOULEVARD D') - COTE IMPAIR";"48,8454699";"2,2530636"
"202000039302";"30";"7";"2020";"16:20";"1";"45";"45049";"1";"2";"1";"3";"Route de la Prevotee-chemin de la Tuilerie";"47,8533780";"2,3545570"
"202000039303";"8";"12";"2020";"12:45";"1";"62";"62364";"1";"3";"5";"3";"RD928";"50,5059790";"2,1312670"
"202000039304";"30";"7";"2020";"18:20";"1";"04";"04069";"1";"1";"1";"7";"RD 102";"43,8690142";"6,5746622"
"202000039305";"4";"12";"2020";"15:45";"1";"49";"49355";"1";"1";"1";"3";"La ménardière";"47,1002780";" -0,7738490"
"202000039306";"7";"12";"2020";"19:40";"3";"52";"52114";"1";"1";"1";"6";"A5 PK 200+080";"48,0547990";"4,9618770"
"202000039307";"8";"12";"2020";"10:45";"1";"35";"35139";"1";"1";"8";"2";"Route nationale 137";"47,9669390";" -1,6917230"
"202000039308";"30";"7";"2020";"00:22";"5";"04";"04019";"2";"1";"1";"7";"RD 9 (11 Avenue Ernest Pellotier)";"44,3876571";"6,6397141"
"202000039309";"8";"12";"2020";"16:25";"1";"15";"15207";"1";"1";"4";"7";"A75 - PK 078.350 - sens nord vers sud";"45,1668590";"3,1581110"
"202000039310";"30";"7";"2020";"08:05";"1";"67";"67329";"1";"2";"7";"1";"D426";"48,4512680";"7,5212360"
"202000039311";"8";"12";"2020";"07:30";"3";"62";"62754";"1";"1";"5";"1";"D9";"50,1754000";"2,8423100"
"202000039312";"29";"7";"2020";"19:20";"1";"03";"03102";"2";"3";"1";"3";"361 Rue de 7 Fons";"46,5236275";"3,6862916"
"202000039313";"29";"7";"2020";"20:30";"1";"07";"07247";"1";"2";"1";"2";"rn 102 saint jean le centenier";"44,5786160";"4,5263990"
"202000039314";"8";"12";"2020";"16:00";"1";"77";"77022";"2";"2";"7";"6";"1 Avenue du général de Gaulle - D64";"48,4463880";"2,6016780"
"202000039315";"30";"7";"2020";"01:00";"5";"69";"69156";"1";"1";"1";"7";"D306";"45,9625020";"4,7157470"
"202000039316";"8";"12";"2020";"10:40";"1";"83";"83116";"2";"9";"2";"6";"235 Avenue Gabriel Péri";"43,4537370";"5,8557590"
"202000039317";"29";"7";"2020";"11:01";"1";"86";"86222";"1";"3";"1";" -1";"D20";"46,6810260";"0,3885390"
"202000039318";"7";"12";"2020";"15:15";"1";"2B";"2B281";"1";"1";"8";"3";"RD 80";"42,8015020";"9,4904870"
"202000039319";"30";"7";"2020";"11:00";"1";"64";"64376";"2";"3";"1";"3";"5 Rue du Moulin";"43,2657630";" -0,3162930"
"202000039320";"8";"12";"2020";"12:45";"1";"33";"33485";"1";"2";"1";"3";"Route de Saint-Pey, D936 E7";"44,8487600";" -0,1099600"
"202000039321";"30";"7";"2020";"14:20";"1";"44";"44195";"2";"1";"1";"1";"La Gouairie";"47,3510940";" -1,9142390"
"202000039322";"8";"12";"2020";"17:55";"5";"32";"32107";"2";"1";"1";"6";"Boulevard Saint-jacques";"43,9564990";"0,3653330"
"202000039323";"27";"7";"2020";"16:00";"1";"22";"22143";"1";"1";"1";"2";"Moulin de la Mer";"48,6073200";" -2,2785040"
"202000039324";"7";"12";"2020";"13:30";"1";"61";"61038";"2";"1";"1";"1";"Rue Apollo XI";"48,3724730";"0,5685960"
"202000039325";"29";"7";"2020";"14:30";"1";"22";"22054";"2";"9";"1";"7";"56 Rue des Hôpitaux";"48,6312530";" -2,4518720"
"202000039326";"7";"12";"2020";"22:50";"3";"86";"86263";"1";"1";"3";"6";"D741";"46,5037170";"0,3623830"
"202000039327";"30";"7";"2020";"16:00";"1";"76";"76057";"2";"3";"1";"3";"1 Rue Pierre et Marie Curie";"49,5436330";"0,9551740"
"202000039328";"7";"12";"2020";"17:45";"5";"68";"68135";"1";"4";"1";"3";"D105";"47,5881190";"7,5459980"
"202000039329";"29";"7";"2020";"16:00";"1";"59";"59224";"2";"1";"1";"6";"Rue Louis Chantreau";"50,2657020";"3,2121970"
"202000039330";"7";"12";"2020";"18:10";"3";"22";"22158";"1";"6";"2";"7";"N164";"48,2004220";" -2,8909490"
"202000039331";"26";"7";"2020";"19:10";"1";"13";"13071";"1";"1";"7";"2";"A55 - Sens Marseille vers Martigues";"43,3843020";"5,3127480"
"202000039332";"4";"12";"2020";"13:40";"1";"22";"22283";"1";"1";"4";"1";"Convenant Trémeur";"48,6755610";" -3,1492800"
"202000039333";"8";"12";"2020";"09:40";"1";"29";"29162";"1";"1";"2";"7";"D785 - Lieu Dit le Grand Pont";"48,2898750";" -3,9500140"
"202000039334";"28";"7";"2020";"14:00";"1";"83";"83137";"1";"1";"1";"2";"A57";"43,1213200";"5,9533100"
"202000039335";"7";"12";"2020";"07:35";"2";"31";"31118";"1";"1";"2";"3";"D29";"43,7932010";"1,3531210"
"202000039336";"29";"7";"2020";"17:11";"1";"33";"33080";"1";"1";"1";"5";"AUTOROUTE A 62";"44,7382500";" -0,5345600"
"202000039337";"7";"12";"2020";"17:00";"2";"38";"38538";"2";"2";"8";"2";"Rue Paul Crétien";"45,2154750";"5,8619170"
"202000039338";"7";"12";"2020";"20:57";"5";"02";"02614";"2";"9";"5";"6";"D57";"49,9024480";"3,2176010"
"202000039339";"28";"7";"2020";"10:20";"1";"33";"33013";"1";"1";"2";"2";"ROUTE NATIONALE 230";"44,8614300";" -0,5038700"
"202000039340";"7";"12";"2020";"18:30";"5";"06";"06032";"2";"1";"1";"2";"avenue prince rainier III de Monaco";"43,7254520";"7,4067700"
"202000039341";"29";"7";"2020";"05:00";"3";"94";"94003";"1";"1";"1";"7";"AUTOROUTE A6B";"48,7990600";"2,3438800"
"202000039342";"7";"12";"2020";"17:10";"5";"05";"05115";"1";"1";"1";"6";"Les combes du seigneur";"44,4668700";"6,1787100"
"202000039343";"29";"7";"2020";"00:43";"3";"94";"94034";"1";"1";"1";"7";"AUTOROUTE A86";"48,7574600";"2,3348800"
"202000039344";"8";"12";"2020";"06:30";"2";"50";"50082";"1";"1";"1";"6";"Le Pommeret le Vretot (Le Vrétot)";"49,4688550";" -1,7191000"
"202000039345";"29";"7";"2020";"00:10";"4";"78";"78140";"1";"1";"1";"7";"A13";"48,9610390";"1,9301590"
"202000039346";"8";"12";"2020";"09:55";"1";"60";"60405";"1";"1";"5";"2";"D68 ";"49,6881220";"1,8087960"
"202000039347";"27";"7";"2020";"12:45";"1";"92";"92036";"1";"1";"1";"2";"A86";"48,9339888";"2,2774024"
"202000039348";"8";"12";"2020";"19:30";"5";"60";"60333";"2";"1";"5";"6";"Avenue Tristan Klingsor";"49,4474804";"1,9005656"
"202000039349";"7";"12";"2020";"07:30";"2";"36";"36064";"1";"1";"8";"2";"N/A";"46,8290468";"1,7980400"
"202000039350";"8";"12";"2020";"09:00";"1";"85";"85023";"1";"1";"1";"2";"RD 19";"46,5395280";" -1,1945490"
"202000039351";"25";"5";"2020";"19:01";"1";"42";"42218";"2";"2";"1";"3";"Rue Edouard Martel";"45,4240200";"4,3751500"
"202000039352";"8";"12";"2020";"00:15";"3";"28";"28025";"1";"1";"1";"1";"RD2020";"48,2575540";"1,9664240"
"202000039353";"28";"4";"2020";"06:54";"1";"42";"42218";"2";"2";"1";"7";"Rue Camélinat";"45,4447800";"4,3842900"
"202000039354";"7";"12";"2020";"09:42";"2";"17";"17197";"2";"1";"3";"6";"Boulevard Rene Gautret";"45,4483980";" -0,4374900"
"202000039355";"7";"12";"2020";"17:20";"5";"52";"52247";"2";"1";"1";"6";"Rue de Corrupt";"48,2083590";"5,5597420"
"202000039356";"26";"2";"2020";"14:40";"1";"17";"17306";"2";"2";"1";"3";"PONTAILLAC (DE) (AVENUE)";"45,6225900";" -1,0409700"
"202000039357";"28";"5";"2020";"17:45";"1";"13";"13208";"2";"1";"1";"6";"RAY GRASSI (Allée)";"43,2709796";"5,3967065"
"202000039358";"8";"12";"2020";"04:50";"3";"53";"53007";"1";"1";"9";"2";"A81";"48,0701320";" -0,5633990"
"202000039359";"28";"7";"2020";"14:00";"1";"69";"69259";"2";"3";"1";"3";"CHARLES DE GAULLE                   (AV)";"45,7174200";"4,8914300"
"202000039360";"2";"12";"2020";"10:30";"1";"06";"06149";"1";"1";"1";"2";"A8 PK 204.500 chaussée nord";"43,7433520";"7,3368930"
"202000039361";"28";"7";"2020";"08:25";"1";"69";"69276";"2";"1";"1";"2";"ONZE NOVEMBRE 1918                 R";"45,6692000";"4,8505000"
"202000039362";"7";"12";"2020";"08:10";"1";"69";"69013";"1";"1";"1";"6";"A6";"46,0109720";"4,7297860"
"202000039363";"27";"7";"2020";"11:45";"1";"69";"69034";"2";"3";"1";"3";"GEORGES CLEMENCEAU                  (QU)";"45,7915200";"4,8230700"
"202000039364";"8";"12";"2020";"08:05";"1";"971";"97107";"1";"1";"1";"3";"bel air";"16,0880680";" -61,5632200"
"202000039365";"27";"7";"2020";"10:15";"1";"69";"69389";"2";"3";"1";"6";"GARE D'EAU (DE LA)                  (QU)";"45,7809400";"4,8083200"
"202000039366";"6";"12";"2020";"21:45";"5";"972";"97228";"2";"1";"1";"6";"Boulevard Antonin Jerome Mercan";"14,7736430";" -60,9895280"
"202000039367";"27";"7";"2020";"09:50";"1";"69";"69382";"2";"9";"1";"6";"REPUBLIQUE (DE LA)                  (R )";"45,7637500";"4,8358200"
"202000039368";"8";"12";"2020";"07:35";"5";"95";"95199";"2";"6";"1";"1";"1 Avenue Jean Jaurés";"49,0296450";"2,3301740"
"202000039369";"7";"12";"2020";"16:30";"2";"84";"84132";"1";"1";"2";"6";"3008 Route d'Orange";"43,9571150";"4,9845230"
"202000039370";"28";"7";"2020";"16:30";"1";"95";"95268";"2";"1";"1";"3";"RD 84A";"48,9648423";"2,4175911"
"202000039371";"28";"7";"2020";"19:00";"1";"91";"91421";"1";"1";"1";"6";"NATIONALE 6 (PARTIE FORET)";"48,6900560";"2,4658220"
"202000039372";"8";"12";"2020";"07:25";"2";"13";"13049";"1";"1";"2";" -1";"D17d";"43,6963300";"5,0790380"
"202000039373";"27";"7";"2020";"14:00";"1";"91";"91228";"2";"1";"1";"6";"MITTERAND (BD FRANCOIS)";"48,6250740";"2,4240650"
"202000039374";"7";"12";"2020";"18:00";"3";"13";"13101";"1";"1";"2";"1";"D46";"43,4130910";"5,5353980"
"202000039375";"28";"7";"2020";"21:06";"1";"91";"91657";"2";"2";"1";"3";"PAUL VAILLANT COUTURIER (AVENUE)";"48,6966000";"2,4359400"
"202000039376";"6";"12";"2020";"15:48";"1";"57";"57205";"2";"1";"1";"6";"D23";"49,2191890";"6,6378880"
"202000039377";"8";"12";"2020";"11:00";"1";"03";"03298";"1";"2";"2";"3";"chantalouette";"46,3329613";"3,4111859"
"202000039378";"6";"7";"2020";"16:40";"1";"84";"84007";"2";"1";"1";"4";"MORIERES (Route de )";"43,9510200";"4,8296800"
"202000039379";"6";"12";"2020";"11:15";"1";"22";"22376";"2";"1";"1";"1";"14 rue Bellevue";"48,2080498";" -2,7918193"
"202000039380";"27";"7";"2020";"21:35";"1";"82";"82121";"1";"1";"1";"6";"SAINT-MARTIAL D 8 (ROUTE DE)";"44,0070125";"1,3913745"
"202000039381";"8";"12";"2020";"17:55";"5";"27";"27025";"2";"1";"1";" -1";"D316";"49,0923750";"1,2740920"
"202000039382";"28";"7";"2020";"01:20";"5";"80";"80001";"2";"1";"1";"3";"CHARTREUX (des)";"50,1183520";"1,8379730"
"202000039383";"8";"12";"2020";"08:45";"1";"27";"27539";"2";"1";"5";"6";"Rue des Etangs";"49,1126400";"1,3948880"
"202000039384";"28";"7";"2020";"17:55";"1";"77";"77243";"2";"1";"1";"6";"STADE  (AVENUE DU)";"48,8733700";"2,7217200"
"202000039385";"7";"12";"2020";"14:25";"1";"13";"13202";"1";"1";"1";"6";"A55-Sens Marseille vers Martigues";"43,3149270";"5,3667830"
"202000039386";"27";"7";"2020";"17:30";"1";"76";"76451";"2";"9";"1";"3";"CD 31 (CHEMIN DE CLERES)";"49,4572945";"1,0947892"
"202000039387";"7";"12";"2020";"17:20";"1";"33";"33162";"1";"1";"2";"2";"ROCADE A 630";"44,8779800";" -0,6303600"
"202000039388";"4";"12";"2020";"19:20";"5";"59";"59646";"1";"1";"1";"2";"ROUTE DEPARTEMENTALE 652";"50,6828460";"3,1163210"
"202000039389";"27";"7";"2020";"08:08";"1";"76";"76351";"2";"2";"1";"2";"BIGNE A FOSSE";"49,5236900";"0,1126000"
"202000039390";"27";"7";"2020";"19:52";"1";"71";"71153";"2";"1";"1";"7";"EUROPE (AVENUE DE L')";"46,8083058";"4,4204371"
"202000039391";"7";"12";"2020";"08:00";"1";"78";"78423";"1";"1";"1";" -1";"RN12";"48,7943370";"2,0501450"
"202000039392";"27";"7";"2020";"17:15";"1";"64";"64445";"2";"1";"7";"4";"EUROPE DE L'";"43,3295000";" -0,3535000"
"202000039393";"7";"12";"2020";"18:30";"3";"77";"77373";"1";"1";"2";"7";"RN104";"48,7739780";"2,6118710"
"202000039394";"23";"6";"2020";"10:35";"1";"64";"64445";"2";"3";"1";"6";"CAMOU";"43,2998000";" -0,3792400"
"202000039395";"7";"12";"2020";"01:05";"4";"988";"98818";"2";"4";"1";"6";"VE1/VE1 direction MONT-DORE";" -22,2244000";"166,4677900"
"202000039396";"27";"7";"2020";"16:05";"1";"64";"64122";"2";"1";"7";"1";"GRAMMONT (AVENUE - IMPASSE)";"43,4739000";" -1,5547700"
"202000039397";"28";"7";"2020";"19:20";"1";"64";"64102";"2";"1";"1";"3";"BOUFFLERS (ALLEES)";"43,4922000";" -1,4709000"
"202000039398";"5";"12";"2020";"21:47";"4";"973";"97302";"2";"3";"1";"3";"BADUEL (ROUTE DE)";"4,9342455";" -52,3110281"
"202000039399";"27";"7";"2020";"21:50";"2";"64";"64024";"2";"1";"1";"3";"ESPAGNE (AVENUE D')";"43,4803100";" -1,5154300"
"202000039400";"6";"12";"2020";"10:45";"1";"69";"69383";"2";"1";"1";"5";"FELIX FAURE                         (AV)";"45,7546900";"4,8677900"
"202000039401";"23";"7";"2020";"18:40";"1";"63";"63113";"2";"2";"1";"4";"MITTERRAND (BD FRANCOIS)";"45,7708658";"3,0874170"
"202000039402";"6";"12";"2020";"03:00";"3";"972";"97213";"1";"1";"1";"2";"AUTOROUTE A1";"14,6166000";" -61,0159300"
"202000039403";"6";"12";"2020";"02:15";"5";"972";"97209";"2";"9";"1";"6";"AVE CAMILLE DARSIERES";"14,5960100";" -61,0592800"
"202000039404";"28";"7";"2020";"14:15";"1";"61";"61001";"2";"6";"1";"3";"BASINGSTOKE (AVENUE DE)";"48,4446100";"0,0991310"
"202000039405";"6";"12";"2020";"13:20";"1";"69";"69381";"2";"1";"1";"6";"FANTASQUES (DES)                    (R )";"45,7730333";"4,8364322"
"202000039406";"1";"12";"2020";"20:00";"5";"69";"69382";"2";"1";"2";" -1";"CELESTINS (DES)                     (QU)";"45,7601100";"4,8305900"
"202000039407";"27";"7";"2020";"16:20";"1";"59";"59646";"2";"6";"1";"5";"JAURES (RUE JEAN)";"50,6792800";"3,1361670"
"202000039408";"5";"12";"2020";"12:30";"1";"91";"91479";"2";"1";"1";"2";"AV DE VERDUN";"48,7056580";"2,3599130"
"202000039409";"10";"7";"2020";"01:24";"3";"57";"57631";"2";"1";"1";"7";"GROSBLIEDERSTROFF (RUE) A1-A2";"49,1140000";"7,0459000"
"202000039410";"5";"12";"2020";"18:30";"5";"77";"77152";"1";"3";"2";"3";"DEPARTEMENTALE 142";"48,5085600";"2,6028000"
"202000039411";"26";"7";"2020";"17:53";"1";"54";"54304";"2";"9";"1";"3";"RESISTANCE (AV. DE LA -IMPAIR-)";"48,6947210";"6,1272115"
"202000039412";"1";"12";"2020";"14:35";"1";"77";"77320";"1";"1";"8";"2";"D 934 (SORTIE MOUROUX AERODROME)";"48,8310700";"3,0150200"
"202000039413";"27";"7";"2020";"14:50";"1";"54";"54395";"2";"3";"1";"6";"POIREL (RUE VICTOR)";"48,6908736";"6,1763871"
"202000039414";"6";"12";"2020";"14:50";"1";"69";"69282";"2";"3";"8";"2";"JEAN JAURES                         (R )";"45,7741600";"5,0181400"
"202000039415";"6";"12";"2020";"02:05";"5";"69";"69029";"2";"1";"1";"6";"JEAN VOILLOT                        (R )";"45,7329600";"4,9018000"
"202000039416";"27";"7";"2020";"20:45";"2";"50";"50129";"2";"4";"2";"3";"NORMANDIE (AVENUE)";"49,6269400";" -1,6354500"
"202000039417";"5";"12";"2020";"16:49";"2";"69";"69091";"1";"1";"1";"3";"MORNANT (DE) (RTE)";"45,5882900";"4,7362900"
"202000039418";"28";"7";"2020";"00:41";"3";"49";"49015";"2";"1";"1";"3";"MENDES FRANCE AVENUE PIERRE";"47,4939500";" -0,5788700"
"202000039419";"27";"7";"2020";"22:42";"3";"49";"49007";"2";"1";"2";"7";"MEIGNANNE";"47,4764200";" -0,5665000"
"202000039420";"6";"12";"2020";"21:07";"5";"65";"65440";"2";"1";"2";"2";"DREYT (RUE GASTON)";"43,2321000";"0,0652500"
"202000039421";"6";"12";"2020";"17:45";"5";"59";"59599";"2";"1";"1";"6";"GAND (RUE DE)";"50,7332200";"3,1611700"
"202000039422";"27";"7";"2020";"09:15";"1";"49";"49007";"2";"1";"1";"3";"LA ROCHEFOUCAULT PLACE";"47,4745300";" -0,5589300"
"202000039423";"27";"7";"2020";"07:45";"1";"49";"49007";"2";"1";"1";"3";"RABELAIS";"47,4590560";" -0,5453464"
"202000039424";"6";"12";"2020";"07:41";"3";"56";"56260";"1";"1";"1";"6";"RN 165 -SENS NANTES / LORIENT-";"47,6657700";" -2,7248500"
"202000039425";"28";"7";"2020";"22:06";"5";"44";"44109";"2";"1";"1";"6";"Boulevard Henry Orrion";"47,2331000";" -1,5584000"