"Num_Acc";"jour";"mois";"an";"hrmn";"lum";"dep";"com";"agg";"int";"atm";"col";"adr";"lat";"long"
"202000039426";"6";"12";"2020";"13:37";"1";"54";"54483";"2";"3";"1";"5";"VILLE EN VERMOIS (ROUTE DE)";"48,6210380";"6,2830370"
"202000039427";"27";"7";"2020";"19:10";"1";"44";"44132";"2";"1";"2";"3";"PETIT CANON (AVENUE DU)";"47,2556750";" -2,3036900"
"202000039428";"5";"12";"2020";"20:00";"5";"33";"33281";"2";"1";"8";"3";"AVE DE L'YSER";"44,8416400";" -0,6662400"
"202000039429";"11";"7";"2020";"00:11";"5";"42";"42218";"2";"2";"1";"3";"Rue du Lieutenant Morin";"45,4366600";"4,3925700"
"202000039430";"16";"6";"2020";"18:29";"1";"42";"42218";"2";"4";"1";"6";"Boulevard Jules Janin";"45,4486420";"4,3905473"
"202000039431";"6";"12";"2020";"10:52";"1";"29";"29039";"2";"3";"1";"1";"Rue de Quimper";"47,8863248";" -3,9196921"
"202000039432";"28";"7";"2020";"13:50";"1";"42";"42127";"1";"6";"1";"6";"Route de Bonvert";"46,0833367";"4,0740676"
"202000039433";"6";"12";"2020";"20:00";"5";"27";"27229";"2";"1";"2";"6";"ARGENCE (RUE D')";"49,0343430";"1,1635700"
"202000039434";"28";"7";"2020";"20:25";"1";"37";"37261";"2";"2";"1";"3";"DE LATTRE DE TASSIGNY (BOULEVARD DE)";"47,3835971";"0,6961958"
"202000039435";"28";"7";"2020";"15:30";"1";"35";"35278";"1";"1";"1";"6";"ROCADE 14-13b";"48,1417340";" -1,6707610"
"202000039436";"28";"7";"2020";"01:40";"5";"35";"35238";"2";"1";"1";"6";"VILLEBOIS MAREUIL (BD)";"48,1087600";" -1,6538000"
"202000039437";"28";"7";"2020";"10:50";"1";"34";"34172";"2";"2";"1";"3";"TOULOUSE (AVENUE DE";"43,5951160";"3,8615900"
"202000039438";"15";"7";"2020";"19:10";"1";"33";"33162";"2";"2";"1";"3";"AVE DU TAILLAN-MEDOC / RUE DU 19 MARS 1962 / RUE ANDRE BLANC";"44,8771400";" -0,6424800"
"202000039439";"26";"7";"2020";"21:45";"5";"33";"33063";"2";"5";"1";"3";"RUE CAMILLE GODARD / RUE DU JARDIN PUBLIC";"44,8550400";" -0,5738600"
"202000039440";"26";"7";"2020";"18:40";"1";"33";"33063";"2";"3";"1";"6";"CRS VICTOR HUGO / RUE DU MIRAIL";"44,8350405";" -0,5713249"
"202000039441";"28";"7";"2020";"17:30";"1";"33";"33529";"2";"1";"1";"2";"LECLERC (AVE DU GAL) DU 02 ET +";"44,6384500";" -1,1449700"
"202000039442";"28";"7";"2020";"10:15";"1";"31";"31555";"2";"1";"1";"6";"ALL JULES GUESDE";"43,5931100";"1,4445100"
"202000039443";"28";"7";"2020";"02:00";"5";"31";"31555";"2";"1";"2";"6";"ALL CHARLES DE FITTE";"43,6007400";"1,4286800"
"202000039444";"27";"7";"2020";"16:12";"1";"31";"31555";"2";"3";"1";"3";"AV DE GRANDE BRETAGNE";"43,6038500";"1,4070000"
"202000039445";"27";"7";"2020";"14:35";"1";"31";"31555";"2";"1";"1";"6";"BD DE LA GARE";"43,6027540";"1,4572240"
"202000039446";"28";"7";"2020";"12:06";"1";"30";"30189";"1";"1";"8";"6";"SAINT GILLES (ROUTE)";"43,8044000";"4,3730000"
"202000039447";"28";"7";"2020";"15:10";"1";"29";"29019";"2";"8";"1";"6";"D205 - Boulevard de l'Europe";"48,4163900";" -4,4679600"
"202000039448";"27";"7";"2020";"15:31";"1";"29";"29019";"2";"6";"1";"1";"Boulevard Tanguy Prigent ";"48,3942891";" -4,5390050"
"202000039449";"27";"7";"2020";"15:10";"1";"29";"29019";"2";"1";"1";"1";"D3 - Rue de Kervao";"48,4233800";" -4,5101900"
"202000039450";"28";"7";"2020";"12:05";"1";"27";"27681";"2";"2";"1";"2";"CHAMBRAY (ROUTE DE)";"49,0935900";"1,4618700"
"202000039451";"28";"7";"2020";"07:40";"1";"17";"17333";"2";"2";"1";"3";"TOURTET (AV. LT COLONEL)";"45,6088400";" -0,9945500"
"202000039452";"28";"7";"2020";"14:40";"1";"17";"17300";"1";"1";"1";"3";"DELMAS   BOULEVARD EMILE";"46,1605630";" -1,2203380"
"202000039453";"26";"7";"2020";"20:45";"1";"14";"14366";"2";"1";"1";"2";"HERBET FOURNET (BOULEVARD)";"49,1587713";"0,2276489"
"202000039454";"29";"7";"2020";"23:50";"5";"13";"13208";"2";"1";"1";"1";"PERIER (BOULEVARD)";"43,2781560";"5,3765400"
"202000039455";"28";"7";"2020";"16:00";"1";"13";"13202";"2";"2";"1";"6";"MADRAGUE (TRAVERSE)";"43,3304290";"5,3590600"
"202000039456";"28";"7";"2020";"09:00";"1";"13";"13209";"1";"1";"1";"3";"COL DE LA GINESTE D559";"43,2469640";"5,4521390"
"202000039457";"28";"7";"2020";"07:00";"2";"13";"13209";"2";"1";"1";"3";"MORGIOU (chemin de )";"43,2345700";"5,4114700"
"202000039458";"28";"7";"2020";"09:10";"1";"11";"11069";"1";"1";"2";"1";"MINERVOISE -ROUTE-";"43,2246000";"2,3683000"
"202000039459";"19";"7";"2020";"23:00";"5";"08";"08105";"2";"3";"1";"3";"FOREST AVENUE";"49,7700000";"4,7200000"
"202000039460";"27";"7";"2020";"12:10";"1";"06";"06027";"2";"1";"1";"6";"NICE AVENUE DE (RN7)";"43,6555100";"7,1528600"
"202000039461";"28";"7";"2020";"02:24";"5";"06";"06004";"2";"2";"1";" -1";"PEYREGOUE CH.DE LA";"43,5837000";"7,1064700"
"202000039462";"25";"9";"2020";"22:40";"3";"91";"91421";"2";"1";"1";"7";"REPUBLIQUE (AVENUE DE LA)";"48,7003800";"2,4671300"
"202000039463";"25";"9";"2020";"18:40";"1";"91";"91027";"2";"9";"1";"3";"VOIE VERTE (RUE DE LA)";"48,6988900";"2,3619800"
"202000039464";"24";"9";"2020";"17:40";"1";"91";"91339";"1";"1";"1";"2";"BENOIST ROBERT (AVENUE)";"48,6200000";"2,2600000"
"202000039465";"24";"9";"2020";"09:00";"1";"87";"87085";"2";"2";"2";"3";"BORIE (BOULEVARD DE LA)";"45,8399400";"1,2344100"
"202000039466";"24";"9";"2020";"22:53";"5";"87";"87085";"2";"3";"2";"2";"RUBEN (AVENUE ERNEST)";"45,8235400";"1,2511500"
"202000039467";"24";"9";"2020";"12:02";"1";"87";"87085";"1";"1";"2";"6";"AUTOROUTE A20";"45,8589100";"1,2843200"
"202000039468";"25";"9";"2020";"08:40";"1";"83";"83137";"2";"3";"8";"3";"BROSSET (BD GENERAL)";"43,1290700";"5,9059700"
"202000039469";"25";"9";"2020";"20:05";"2";"82";"82121";"2";"1";"1";"3";"BRIAND (RUE ARISTIDE)";"44,0164570";"1,3465936"
"202000039470";"24";"9";"2020";"17:40";"1";"80";"80021";"2";"1";"1";"3";"EDOUARD LUCAS (RUE)";"49,8980800";"2,2701140"
"202000039471";"21";"9";"2020";"12:55";"1";"78";"78498";"2";"2";"1";"3";"SAINT LOUIS RUE";"48,9299350";"2,0369280"
"202000039472";"23";"9";"2020";"12:20";"1";"78";"78498";"2";"2";"1";"6";"DEVAUX BD";"48,9327000";"2,0501000"
"202000039473";"24";"9";"2020";"15:40";"1";"77";"77122";"2";"1";"8";"6";"CHENE(RUE DU) - D48";"48,6615300";"2,5821900"
"202000039474";"25";"9";"2020";"06:05";"5";"77";"77284";"2";"9";"1";"3";"BAYARD (BD.DU CHEVALIER)";"48,9544300";"2,9144800"
"202000039475";"25";"9";"2020";"04:10";"5";"76";"76575";"1";"2";"1";"3";"LENINE. BOULEVARD";"49,3679200";"1,1106700"
"202000039476";"24";"9";"2020";"16:40";"1";"76";"76351";"2";"2";"2";"6";"JULES TELLIER";"49,4984500";"0,1269400"
"202000039477";"24";"9";"2020";"13:40";"1";"76";"76351";"2";"1";"1";"4";"PABLO PICASSO (AVENUE) ";"49,5024900";"0,1519800"
"202000039478";"25";"9";"2020";"12:00";"1";"73";"73065";"1";"1";"2";"3";"N201 VOIE RAPIDE URBAINE";"45,5788729";"5,9170121"
"202000039479";"24";"9";"2020";"22:10";"3";"71";"71497";"1";"1";"9";"1";"Route Départementale 906";"46,3465919";"4,8484898"
"202000039480";"24";"9";"2020";"17:50";"1";"71";"71153";"2";"1";"8";"3";"PRESIDENT WILSON (RUE DU)";"46,7985021";"4,4363094"
"202000039481";"16";"6";"2020";"12:15";"1";"55";"55029";"2";"1";"1";"7";"POPEY ( RUE DE )";"48,7693800";"5,1742700"
"202000039482";"25";"9";"2020";"15:45";"1";"69";"69266";"2";"2";"1";"6";"POUDRETTE     (Rue de la)";"45,7605180";"4,9205695"
"202000039483";"29";"6";"2020";"13:57";"1";"54";"54395";"2";"2";"1";"3";"TIERCELINS (RUE DES)";"48,6904614";"6,1883502"
"202000039484";"25";"9";"2020";"15:30";"1";"69";"69266";"2";"3";"1";"3";"EMILE ZOLA     (Cours)";"45,7667158";"4,8947698"
"202000039485";"28";"6";"2020";"13:40";"1";"50";"50602";"2";"3";"1";"1";"EST (BOULEVARD DE L')";"49,6364800";" -1,5961400"
"202000039486";"22";"9";"2020";"07:00";"2";"69";"69282";"2";"6";"8";" -1";"REPUBLIQUE (DE)                     (R )";"45,7680800";"4,9915800"
"202000039487";"29";"6";"2020";"20:48";"2";"49";"49007";"2";"1";"1";"3";"FOCH BOULEVARD";"47,4683400";" -0,5501400"
"202000039488";"25";"9";"2020";"08:30";"1";"69";"69266";"2";"1";"8";"3";"EMILE ZOLA     (Cours)";"45,7704284";"4,8745946"
"202000039489";"29";"6";"2020";"10:32";"1";"49";"49007";"2";"1";"1";"3";"BEAUSSIER BOULEVARD";"47,4687700";" -0,6002400"
"202000039490";"24";"9";"2020";"09:00";"1";"69";"69256";"2";"3";"2";"3";"PAUL MARCELLIN                      (AV)";"45,7740600";"4,9323200"
"202000039491";"26";"6";"2020";"16:08";"1";"47";"47001";"2";"1";"1";"6";"SCALIGER (BOULEVARD)";"44,2075200";"0,6164500"
"202000039492";"29";"6";"2020";"14:30";"1";"38";"38185";"2";"1";"1";"6";"Cours de la Libération";"45,1681700";"5,7122600"
"202000039493";"25";"9";"2020";"07:30";"1";"69";"69264";"2";"3";"1";"6";"Boulevard Louis Blanc";"45,9847900";"4,7204900"
"202000039494";"29";"6";"2020";"10:00";"1";"38";"38151";"2";"1";"1";" -1";"Avenue de Grugliasco";"45,1507000";"5,7101000"
"202000039495";"24";"9";"2020";"16:48";"1";"67";"67180";"2";"1";"1";"6";"FERME FALK (RUE DE LA)";"48,8098429";"7,7840495"
"202000039496";"30";"6";"2020";"14:10";"1";"37";"37261";"2";"1";"1";"6";"CHEVALLIER (RUE AUGUSTE)";"47,3775228";"0,6795630"
"202000039497";"24";"9";"2020";"21:50";"5";"66";"66136";"2";"1";"1";"6";"CASSANYES (PLACE JOSEPH)";"42,6970600";"2,9022400"
"202000039498";"27";"6";"2020";"10:00";"1";"35";"35288";"2";"3";"1";"6";"52 Rue de la Balue";"48,6265300";" -2,0019800"
"202000039499";"23";"9";"2020";"17:35";"1";"66";"66136";"2";"1";"1";"6";"GIRAL (ALLEE AIME)";"42,7152800";"2,8936100"
"202000039500";"25";"6";"2020";"17:50";"1";"35";"35115";"2";"1";"1";"2";"12 Boulevard de Saint Germain";"48,3572411";" -1,2045008"
"202000039501";"22";"9";"2020";"11:10";"1";"64";"64483";"2";"1";"2";"6";"HUGO VICTOR (BOULEVARD)";"43,3874800";" -1,6615600"
"202000039502";"30";"6";"2020";"20:30";"1";"34";"34172";"2";"1";"1";"2";"TOULOUSE (AVENUE DE";"43,6004200";"3,8675100"
"202000039503";"25";"9";"2020";"23:00";"5";"64";"64445";"2";"1";"2";"7";"PHILIPPON";"43,3256200";" -0,3604700"
"202000039504";"30";"6";"2020";"16:02";"1";"34";"34172";"2";"1";"1";"7";"APOTHICAIRES (AVENUE DES)";"43,6418992";"3,8349856"
"202000039505";"1";"9";"2020";"20:05";"1";"64";"64445";"2";"1";"7";"7";"LEON BERARD";"43,3132000";" -0,3690600"
"202000039506";"23";"9";"2020";"16:07";"1";"63";"63113";"2";"2";"1";"6";"FALLIERES (RUE ARMAND)";"45,7893025";"3,0627836"
"202000039507";"30";"6";"2020";"09:00";"1";"34";"34172";"2";"1";"1";"3";"LIBERTE (AVENUE DE LA";"43,6119000";"3,8248600"
"202000039508";"23";"9";"2020";"08:45";"1";"62";"62193";"2";"6";"2";"3";"ST EXUPERY (AVENUE)";"50,9464600";"1,8936600"
"202000039509";"30";"6";"2020";"08:45";"1";"33";"33063";"2";"1";"1";"2";"AVE DU MAL DE LATTRE DE TASSIGNY CAUD";"44,8596747";" -0,6321660"
"202000039510";"25";"9";"2020";"10:00";"1";"62";"62041";"2";"1";"2";"6";"DUMETZ ( DU COMMANDANT )";"50,2833400";"2,7845600"
"202000039511";"23";"6";"2020";"17:15";"1";"33";"33281";"2";"1";"1";"3";"AVE FRANCOIS MITTERRAND";"44,8119384";" -0,7109778"
"202000039512";"24";"9";"2020";"21:15";"5";"60";"60159";"2";"3";"1";"3";"PARIS (DE)";"49,4114000";"2,8183700"
"202000039513";"28";"6";"2020";"05:00";"5";"33";"33063";"2";"1";"1";"6";"RUE GIACOMO MATTEOTI";"44,8320000";" -0,5437000"
"202000039514";"24";"9";"2020";"07:40";"1";"59";"59017";"2";"1";"1";"6";"DEPORTES (RUE DES)";"50,6857426";"2,8915983"
"202000039515";"30";"6";"2020";"11:30";"1";"29";"29232";"2";"1";"2";"7";"Avenue Leon Blum";"47,9835500";" -4,0755700"
"202000039516";"24";"9";"2020";"17:40";"1";"58";"58194";"2";"1";"1";"2";"BERNARD PALISSY";"46,9856000";"3,1745000"
"202000039517";"25";"9";"2020";"10:15";"1";"54";"54395";"2";"1";"1";"2";"CHARLES V (BOULEVARD)";"48,7000000";"6,1761300"
"202000039518";"29";"6";"2020";"13:20";"1";"29";"29232";"2";"3";"1";"2";"Rue Saint Marc";"47,9963200";" -4,1096600"
"202000039519";"24";"6";"2020";"08:05";"1";"17";"17306";"2";"1";"1";"6";"Rue Gambetta";"45,6240600";" -1,0289800"
"202000039520";"1";"7";"2020";"00:00";"4";"14";"14118";"2";"1";"1";"6";"LEBISEY (RUE DE)";"49,1947630";" -0,3563340"
"202000039521";"27";"6";"2020";"14:50";"1";"30";"30032";"1";"1";"1";"1";"saint gilles route de D38";"43,7904140";"4,5813120"
"202000039522";"4";"9";"2020";"17:00";"1";"54";"54547";"2";"1";"1";"4";"BELGIQUE (RUE DE)";"48,6659000";"6,1709800"
"202000039523";"30";"6";"2020";"20:03";"1";"13";"13210";"2";"1";"1";"6";"L ARMEE D AFRIQUE (CHEMIN DE L')";"43,2867570";"5,4141780"
"202000039524";"25";"9";"2020";"17:35";"1";"51";"51454";"2";"1";"3";"7";"Rue de Solférino";"49,2662312";"4,0507993"
"202000039525";"30";"6";"2020";"20:50";"2";"13";"13215";"2";"1";"1";"3";"LYON (RUE DE)";"43,3289200";"5,3657000"
"202000039526";"30";"6";"2020";"18:50";"1";"13";"13214";"2";"1";"1";"1";"DANIELLE CASANOVA PROLONGE (BD)";"43,3287090";"5,3755090"
"202000039527";"25";"9";"2020";"08:20";"1";"51";"51454";"2";"2";"1";"7";"Boulevard Lundy";"49,2581431";"4,0383072"
"202000039528";"30";"6";"2020";"17:15";"1";"13";"13213";"2";"1";"1";"3";"ALPHONSE DAUDET (RUE)";"43,3215900";"5,4117500"
"202000039529";"24";"9";"2020";"15:20";"1";"51";"51230";"2";"2";"1";"3";"Rue Flodoard";"49,0443110";"3,9557286"
"202000039530";"24";"9";"2020";"09:30";"1";"50";"50173";"2";"2";"2";"3";"SALINE (BOULEVARD DE LA)";"49,6539000";" -1,6490900"
"202000039531";"30";"6";"2020";"15:50";"1";"13";"13202";"2";"3";"1";"2";"LITTORAL (CHEMIN DU)";"43,3278694";"5,3549453"
"202000039532";"22";"9";"2020";"20:30";"2";"49";"49007";"2";"1";"1";"3";"LAFAYETTE PLACE";"47,4624993";" -0,5538225"
"202000039533";"29";"6";"2020";"19:00";"1";"13";"13203";"2";"4";"1";"6";"BELLE DE MAI (RUE)";"43,3096220";"5,3825350"
"202000039534";"24";"9";"2020";"07:10";"2";"49";"49007";"2";"6";"1";"3";"CHAUVIRE RUE ET SQUARE";"47,4718400";" -0,5671400"
"202000039535";"29";"6";"2020";"14:42";"1";"10";"10387";"2";"5";"1";"3";"MARECHAL DE LATTRE DE TASSIGNY (RUE DU)";"48,3053800";"4,0925300"
"202000039536";"25";"9";"2020";"06:20";"5";"46";"46042";"1";"1";"9";"3";"départementale 653 (cahors - montcuq)";"44,4146800";"1,4343700"
"202000039537";"1";"2";"2020";"19:45";"3";"06";"06088";"2";"1";"1";"6";"MADELEINE (BD DE LA)";"43,7034000";"7,2350000"
"202000039538";"25";"9";"2020";"18:50";"1";"37";"37261";"2";"1";"1";"2";"EIFFEL (AVENUE GUSTAVE)";"47,4355949";"0,6984942"
"202000039539";"30";"6";"2020";"07:05";"1";"06";"06069";"2";"6";"1";"6";"SEMARD (AVENUE PIERRE)";"43,6559700";"6,9247200"
"202000039540";"25";"9";"2020";"16:25";"1";"37";"37261";"2";"1";"2";"7";"ROND POINT EMMAUS";"47,4301551";"0,7052488"
"202000039541";"30";"6";"2020";"00:04";"5";"06";"06069";"2";"1";"1";"1";"Route de Cannes";"43,6449000";"6,9410000"
"202000039542";"18";"9";"2020";"14:00";"1";"37";"37261";"2";"1";"1";"2";"MIRABEAU (PONT)";"47,3990174";"0,7000854"
"202000039543";"29";"6";"2020";"14:20";"1";"06";"06027";"2";"6";"1";"3";"GRASSE AVENUE DE";"43,6589600";"7,1370500"
"202000039544";"25";"9";"2020";"08:00";"1";"37";"37261";"2";"9";"1";"6";"HEURTELOUP (BOULEVARD)";"47,3921288";"0,7004766"
"202000039545";"28";"6";"2020";"11:00";"1";"06";"06027";"2";"1";"1";"3";"PLAGE BOULEVARD DE LA";"43,6496000";"7,1510000"
"202000039546";"24";"9";"2020";"22:53";"3";"37";"37195";"2";"1";"8";"7";"PROUDHON (AVENUE)";"47,3893324";"0,6470353"
"202000039547";"29";"6";"2020";"16:15";"1";"05";"05061";"2";"1";"1";"4";"EMILE DIDIER ( AV )";"44,5663900";"6,0946400"
"202000039548";"24";"9";"2020";"20:30";"5";"37";"37261";"2";"1";"2";"7";"NIESSEL (AVENUE DU GENERAL)";"47,3661608";"0,7005940"
"202000039549";"29";"6";"2020";"09:35";"1";"04";"04112";"1";"4";"1";"1";"RD 907 / RD 6";"43,8323464";"5,7622939"
"202000039550";"24";"9";"2020";"17:15";"1";"37";"37122";"2";"2";"1";"1";"JAURES (BOULEVARD JEAN)";"47,3477029";"0,6556795"
"202000039551";"30";"6";"2020";"19:50";"1";"75";"75117";"2";"1";"1";"3";"PORTE DE CHAMPERRET";"48,8851930";"2,2873020"
"202000039552";"24";"9";"2020";"13:00";"1";"37";"37261";"2";"1";"2";"7";"CHEVALLIER (RUE AUGUSTE)";"47,3839814";"0,6782207"
"202000039553";"30";"6";"2020";"14:35";"1";"75";"75119";"2";"1";"1";"3";"PORTE DE PANTIN";"48,8917770";"2,3955620"
"202000039554";"24";"9";"2020";"09:00";"1";"37";"37214";"1";"1";"9";"4";"RD 37";"47,4273739";"0,6381326"
"202000039555";"30";"6";"2020";"13:15";"1";"75";"75120";"2";"1";"1";"5";"BOULEVARD PERIPHERIQUE INTERIEUR NORD  ";"48,8772180";"2,4089280"
"202000039556";"24";"9";"2020";"14:10";"1";"35";"35288";"2";"6";"2";"6";"DEMALVILLAIN LEONCE (BOULEVARD)";"48,6317360";" -2,0010030"
"202000039557";"29";"6";"2020";"11:40";"1";"75";"75120";"2";"4";"1";"4";"PORTE DE MONTREUIL";"48,8491450";"2,4151400"
"202000039558";"25";"9";"2020";"22:20";"5";"35";"35238";"2";"1";"1";"6";"BRETAGNE (PLACE DE)";"48,1092930";" -1,6845560"
"202000039559";"29";"6";"2020";"22:40";"5";"75";"75114";"2";"7";"1";"7";"PLACE DENFERT ROCHEREAU";"48,8339330";"2,3313480"
"202000039560";"25";"9";"2020";"15:05";"1";"35";"35238";"1";"1";"2";"2";"PORTE DE VILLEJEAN";"48,1322100";" -1,7082000"
"202000039561";"30";"6";"2020";"18:30";"1";"75";"75118";"2";"2";"1";"6";"RUE LABAT";"48,8894890";"2,3495940"
"202000039562";"25";"9";"2020";"08:15";"1";"35";"35238";"2";"1";"2";"3";"MONTS D'ARREE (AVENUE DES)";"48,1356922";" -1,6601126"
"202000039563";"30";"6";"2020";"00:35";"5";"75";"75118";"2";"2";"1";"6";"BOULEVARD NEY";"48,8987140";"2,3703600"
"202000039564";"25";"9";"2020";"20:13";"5";"34";"34172";"2";"1";"2";"6";"FLAHAULT (AVENUE CHARLES";"43,6191500";"3,8658400"
"202000039565";"30";"6";"2020";"17:20";"1";"75";"75117";"2";"1";"8";"2";"BOULEVARD BERTHIER";"48,8940380";"2,3130370"
"202000039566";"25";"9";"2020";"09:40";"1";"34";"34172";"2";"1";"1";" -1";"FLAHAULT (AVENUE CHARLES";"43,6236900";"3,8621800"
"202000039567";"30";"6";"2020";"09:30";"1";"75";"75117";"2";"1";"1";"2";"RUE FLOREAL";"48,9002740";"2,3200650"
"202000039568";"22";"9";"2020";"17:55";"1";"34";"34172";"2";"3";"1";"1";"NIMES (AVENUE DE)";"43,6235300";"3,8922100"
"202000039569";"24";"9";"2020";"17:10";"1";"34";"34336";"1";"1";"1";"7";"SERIGNAN (ANCIENNE ROUTE DE)";"43,3082200";"3,2783500"
"202000039570";"30";"6";"2020";"00:10";"5";"75";"75113";"2";"2";"1";"3";"RUE DE TOLBIAC";"48,8259440";"2,3452140"
"202000039571";"26";"9";"2020";"00:50";"5";"33";"33069";"2";"2";"8";"2";"ALL DE BOUTAUT / RUE RIGAL";"44,8687200";" -0,5761200"
"202000039572";"30";"6";"2020";"19:45";"1";"75";"75112";"2";"3";"1";"3";"AVENUE DAUMESNIL";"48,8399490";"2,4321400"
"202000039573";"25";"9";"2020";"23:50";"5";"33";"33192";"2";"1";"2";"6";"RUE DES AUBEPINES";"44,7891200";" -0,6087700"
"202000039574";"30";"6";"2020";"14:40";"1";"75";"75112";"2";"4";"1";"6";"RUE RONDELET";"48,8471490";"2,3850010"
"202000039575";"30";"6";"2020";"13:50";"1";"75";"75111";"2";"1";"8";"3";"RUE DE MONTREUIL";"48,8512160";"2,3978550"
"202000039576";"25";"9";"2020";"19:00";"1";"33";"33063";"2";"2";"2";"4";"RUE STEHELIN CAUD / RUE DELACROIX / RUE CARTON";"44,8570500";" -0,6321800"
"202000039577";"30";"6";"2020";"09:30";"1";"75";"75111";"2";"3";"8";"3";"BOULEVARD BEAUMARCHAIS";"48,8594770";"2,3676150"
"202000039578";"24";"9";"2020";"19:40";"5";"33";"33063";"2";"1";"3";"6";"BD MARECHAL LECLERC";"44,8302000";" -0,5967300"
"202000039579";"30";"6";"2020";"09:25";"1";"75";"75110";"2";"2";"1";"3";"RUE LA FAYETTE";"48,8807230";"2,3624200"
"202000039580";"30";"6";"2020";"14:55";"1";"75";"75108";"2";"5";"8";"7";"RUE DE SAINT PETERSBOURG";"48,8806980";"2,3247830"
"202000039581";"30";"6";"2020";"09:00";"1";"75";"75108";"2";"2";"1";"2";"RUE DU FAUBOURG SAINT HONORE";"48,8765480";"2,3016930"
"202000039582";"29";"6";"2020";"16:50";"1";"75";"75108";"2";"1";"1";"1";"COURS ALBERT 1ER";"48,8645680";"2,3088170"
"202000039583";"30";"6";"2020";"16:45";"1";"75";"75114";"2";"1";"1";"5";"RUE DE GERGOVIE";"48,8346510";"2,3130700"
"202000039584";"24";"9";"2020";"01:45";"5";"33";"33522";"2";"1";"1";"6";"Boulevard GEORGE V";"44,8220200";" -0,5841300"
"202000039585";"30";"6";"2020";"14:00";"1";"75";"75101";"2";"2";"1";"6";"RUE DES PETITS CHAMPS";"48,8669780";"2,3358740"
"202000039586";"15";"9";"2020";"17:30";"1";"33";"33281";"1";"2";"1";"5";"AVE DE LA GRANGE NOIRE  / AVE MAURICE LEVY";"44,8507300";" -0,6784700"
"202000039587";"29";"6";"2020";"15:30";"1";"94";"94068";"2";"3";"1";"6";"LIBERATION (AV DE LA)";"48,8071800";"2,4755300"
"202000039588";"27";"9";"2020";"16:50";"1";"33";"33063";"2";"1";"1";"1";"RUE DU GRAND MAURIAN";"44,8312400";" -0,6059700"
"202000039589";"30";"6";"2020";"19:40";"1";"94";"94043";"2";"2";"1";" -1";"SEVERINE (R)";"48,8081200";"2,3570200"
"202000039590";"25";"9";"2020";"14:15";"1";"33";"33009";"2";"2";"3";"2";"GAMBETTA (AVE) DU 30 ET +";"44,6585700";" -1,1682800"
"202000039591";"30";"6";"2020";"10:20";"1";"94";"94021";"2";"1";"1";"2";"STALINGRAD (AV DE)";"48,7694540";"2,3678930"
"202000039592";"24";"9";"2020";"16:25";"1";"31";"31557";"2";"1";"1";"3";"LARRAMET (CH DE)";"43,5607100";"1,3516900"
"202000039593";"30";"6";"2020";"13:55";"1";"94";"94028";"2";"1";"1";"3";"PARIS.(RUE DE)";"48,7949840";"2,4594300"
"202000039594";"24";"9";"2020";"19:00";"1";"31";"31555";"2";"1";"1";"3";"RUE EMILE HEYBRARD";"43,6081900";"1,4092200"
"202000039595";"29";"6";"2020";"12:30";"1";"94";"94028";"2";"1";"1";"2";"Avenue du Maréchal Foch";"48,7812800";"2,4376000"
"202000039596";"24";"9";"2020";"17:24";"1";"31";"31555";"2";"1";"1";"6";"LARDENNE (AV DE)";"43,5928600";"1,4033300"
"202000039597";"30";"6";"2020";"00:00";"5";"93";"93066";"2";"1";"1";"5";"CACHIN MARCEL (AVENUE)";"48,9385608";"2,3702948"
"202000039598";"30";"6";"2020";"10:20";"1";"93";"93053";"2";"1";"1";"6";"ANATOLE FRANCE (RUE)";"48,8847739";"2,4415290"
"202000039599";"24";"9";"2020";"15:30";"1";"31";"31555";"1";"1";"1";"4";"VA007331 A620";"43,5993900";"1,3972700"
"202000039600";"30";"6";"2020";"18:30";"1";"93";"93049";"2";"2";"1";"6";"MARECHAL FOCH (AVENUE) F.BUISSON->PL J.M";"48,8635000";"2,5012000"
"202000039601";"23";"9";"2020";"22:05";"4";"31";"31044";"1";"1";"1";" -1";"VA007553 A61";"43,5858400";"1,4963500"
"202000039602";"29";"6";"2020";"18:07";"1";"93";"93027";"2";"3";"1";"5";"VAILLANT-COUTURIER (AVENUE PAUL)";"48,9229797";"2,4132959"
"202000039603";"30";"6";"2020";"20:45";"1";"93";"93010";"2";"9";"1";" -1";"GALLIENI (AV.) DE 177 A 211";"48,9066572";"2,4853115"
"202000039604";"25";"9";"2020";"13:55";"1";"30";"30189";"1";"9";"1";"1";"PUITS DE ROULLE (CHEMIN OU IMPASSE)";"43,8301300";"4,3326600"
"202000039605";"30";"6";"2020";"11:20";"1";"93";"93057";"2";"3";"1";"6";"AV ALBERT THOMAS / AV FRANKLIN";"48,8991400";"2,5045500"
"202000039606";"24";"9";"2020";"09:00";"1";"30";"30189";"2";"3";"1";"3";"AERODROME (CHEMIN)";"43,8516000";"4,4079000"
"202000039607";"29";"6";"2020";"20:30";"1";"93";"93007";"2";"2";"1";"3";"CONCORDE (RUE DE LA)";"48,9373505";"2,4631798"
"202000039608";"25";"9";"2020";"20:00";"2";"29";"29039";"2";"3";"1";"3";"Avenue Alain le Lay";"47,8774237";" -3,9138114"
"202000039609";"29";"6";"2020";"19:24";"1";"93";"93001";"2";"2";"1";"3";"R ANDRE KARMAN / R DES ECOLES";"48,9061000";"2,3842000"
"202000039610";"25";"9";"2020";"17:15";"1";"29";"29039";"1";"2";"1";"3";"D44 - Chemin de Langoat";"47,9207976";" -3,9171946"
"202000039611";"29";"6";"2020";"18:40";"1";"93";"93001";"2";"2";"1";"3";"R DU GOULET / R VILLEBOIS MAREUIL";"48,9121300";"2,3774500"
"202000039612";"25";"9";"2020";"12:35";"1";"29";"29019";"2";"3";"1";"3";" Rue de Gouesnou";"48,4063918";" -4,4676382"
"202000039613";"30";"6";"2020";"22:00";"2";"92";"92051";"2";"2";"1";"3";"SEINE (PORTE DE LA)";"48,8762000";"2,2464000"