"Num_Acc";"jour";"mois";"an";"hrmn";"lum";"dep";"com";"agg";"int";"atm";"col";"adr";"lat";"long"
"202000039808";"26";"9";"2020";"04:35";"3";"07";"07241";"1";"1";"1";"1";"D103";"44,5565236";"4,4544685"
"202000039809";"26";"9";"2020";"14:25";"1";"86";"86088";"1";"1";"1";"7";"Échangeur N10 / A10";"46,5448690";"0,2980420"
"202000039810";"26";"9";"2020";"16:35";"1";"31";"31506";"2";"1";"3";"6";"Avenue de Revel";"43,5422200";"1,5436300"
"202000039811";"26";"9";"2020";"11:05";"1";"988";"98803";"1";"4";"1";"6";"RPS20/RM2";" -21,5907640";"165,4217000"
"202000039812";"26";"9";"2020";"20:34";"5";"95";"95541";"2";"1";"2";"6";"38 Rue Gambetta";"49,2007730";"1,6774080"
"202000039813";"26";"9";"2020";"03:45";"5";"91";"91661";"2";"6";"1";"6";"D59";"48,7038730";"2,2557270"
"202000039814";"26";"9";"2020";"09:30";"1";"06";"06065";"2";"3";"1";"1";"Route de Cagnes";"43,7160450";"7,1533900"
"202000039815";"26";"9";"2020";"13:45";"1";"73";"73187";"1";"1";"2";"3";"RN 90";"45,5465158";"6,4668745"
"202000039816";"26";"9";"2020";"09:37";"1";"26";"26064";"1";"1";"1";"6";"2020 Route de Malissard";"44,8988120";"4,9852290"
"202000039817";"28";"6";"2020";"01:34";"5";"86";"86194";"2";"3";"1";"5";"Rue de Bonneuil Matours";"46,5942000";"0,3807900"
"202000039818";"26";"6";"2020";"18:00";"1";"85";"85194";"2";"9";"1";"3";"Rue des Plesses";"46,4932200";" -1,7492800"
"202000039819";"26";"6";"2020";"10:20";"1";"85";"85194";"2";"2";"1";"3";"Rue Jean Nicot";"46,5009300";" -1,7856200"
"202000039820";"26";"6";"2020";"12:05";"1";"83";"83123";"2";"1";"1";"3";"GARE (ROUTE)";"43,1210100";"5,8174900"
"202000039821";"29";"6";"2020";"02:00";"5";"80";"80632";"2";"1";"1";"6";"ROUEN (ROUTE DE)";"49,8773700";"2,2522500"
"202000039822";"26";"6";"2020";"09:40";"1";"80";"80021";"2";"1";"1";"3";"IRLANDE (AVENUE D')";"49,8714100";"2,2954300"
"202000039823";"26";"6";"2020";"16:50";"1";"79";"79191";"2";"1";"1";"1";"Boulevard Willy Brandt";"46,3288600";" -0,4977300"
"202000039824";"28";"6";"2020";"18:20";"1";"78";"78646";"1";"1";"1";"7";"CLEMENT ADER (AVENUE)";"48,7916200";"2,1156000"
"202000039825";"29";"6";"2020";"18:32";"1";"78";"78440";"2";"1";"1";"6";"avenue de la République";"48,9867360";"1,9235930"
"202000039826";"29";"6";"2020";"13:20";"1";"77";"77037";"2";"4";"7";"1";"GRES (REU DES)";"48,4739500";"2,7050500"
"202000039827";"26";"6";"2020";"16:50";"1";"76";"76319";"1";"1";"1";"7";"MARITIME. BOULEVARD";"49,3555326";"0,9876741"
"202000039828";"29";"6";"2020";"21:56";"5";"74";"74298";"2";"3";"1";"3";"LIVRON (ROUTE DE)";"46,1857660";"6,2515750"
"202000039829";"28";"6";"2020";"20:35";"1";"71";"71076";"2";"1";"2";"3";"MESSAGERIES (QUAI DES )";"46,7802989";"4,8565560"
"202000039830";"29";"6";"2020";"19:00";"1";"69";"69266";"2";"3";"1";"6";"FRANCIS DE PRESSENSE    (Rue)";"45,7718800";"4,8723600"
"202000039831";"29";"6";"2020";"10:30";"1";"69";"69264";"2";"1";"1";"3";"NATIONALE  R";"45,9864100";"4,7182000"
"202000039832";"27";"6";"2020";"22:45";"4";"66";"66136";"2";"1";"1";"6";"PAYRA (JEAN)";"42,7021600";"2,8933500"
"202000039833";"26";"6";"2020";"22:25";"4";"62";"62907";"2";"1";"9";"5";"DARCHICOURT (AV FERNAND )";"50,4853700";"2,9976600"
"202000039834";"29";"6";"2020";"09:35";"1";"56";"56121";"2";"1";"1";"2";"LANVEUR ( ET PL. DE )";"47,7433000";" -3,3897200"
"202000039835";"28";"6";"2020";"05:05";"5";"50";"50602";"1";"6";"1";"6";"RN 13";"49,6486000";" -1,5913700"
"202000039836";"27";"6";"2020";"00:20";"4";"50";"50129";"2";"2";"1";"3";"ATLANTIQUE (BOULEVARD DE L')";"49,6322500";" -1,6233800"
"202000039837";"27";"6";"2020";"22:00";"4";"50";"50203";"1";"3";"1";"6";"de la Banque à Genets (Avenue)";"49,6105000";" -1,6169000"
"202000039838";"26";"6";"2020";"18:30";"1";"49";"49328";"2";"1";"1";"6";"DE GAULLE (AVENUE DU GENERAL)";"47,2649608";" -0,0723982"
"202000039839";"27";"6";"2020";"17:37";"1";"49";"49007";"2";"1";"1";"3";"SAINT JACQUES";"47,4738353";" -0,5758435"
"202000039840";"26";"6";"2020";"08:25";"1";"49";"49007";"2";"1";"1";"6";"LAREVELLIERE";"47,4718200";" -0,5367300"
"202000039841";"26";"6";"2020";"13:30";"5";"44";"44184";"1";"1";"1";"1";"Rue des Noisetiers";"47,2604300";" -2,2552450"
"202000039842";"29";"6";"2020";"15:00";"1";"44";"44190";"2";"1";"1";"3";"RUE MAURICE DANIEL";"47,2055000";" -1,5095200"
"202000039843";"30";"6";"2020";"00:50";"5";"42";"42095";"2";"1";"1";"7";"Rue de la Tour de Varan";"45,3911100";"4,2830500"
"202000039844";"29";"6";"2020";"13:45";"1";"34";"34172";"2";"3";"1";"3";"PAS DU LOUP (RUE DU";"43,5992700";"3,8470400"
"202000039845";"27";"6";"2020";"03:00";"5";"34";"34032";"2";"1";"1";"6";"TOURVENTOUSE (BOULEVARD DE)";"43,3407200";"3,2091100"
"202000039846";"29";"6";"2020";"21:50";"1";"33";"33281";"2";"2";"1";"3";"AVE D'ARES / RUE GENERAL GOURAUD / RUE DE BERLET";"44,8386376";" -0,6188649"
"202000039847";"29";"6";"2020";"20:00";"1";"33";"33550";"2";"3";"1";"2";"RTE DE TOULOUSE / RUE AURELIE DUCROS";"44,7833166";" -0,5661317"
"202000039848";"29";"6";"2020";"18:10";"1";"33";"33529";"2";"2";"1";"3";"DE GAULLE (AVE CHARLES) 87 ET +";"44,6371700";" -1,1287800"
"202000039849";"29";"6";"2020";"17:55";"1";"33";"33529";"2";"2";"1";"3";"PAPIN (RUE DENIS)";"44,6079300";" -1,1252100"
"202000039850";"28";"6";"2020";"08:00";"1";"31";"31555";"2";"1";"1";"7";"FITTE (ALL CHARLES DE) DU 2AU 76";"43,6006100";"1,4287300"
"202000039851";"27";"6";"2020";"15:30";"1";"31";"31555";"1";"1";"1";"3";"24 EMPALOT  (PERIPH OUEST A620)";"43,5752800";"1,4404800"
"202000039852";"26";"6";"2020";"16:35";"1";"31";"31555";"2";"1";"1";"3";"RUE DE PERIOLE";"43,6186500";"1,4631100"
"202000039853";"26";"10";"2020";"07:50";"1";"37";"37233";"2";"2";"1";"3";"LENINE (AVENUE)";"47,3928369";"0,7294868"
"202000039854";"26";"10";"2020";"07:10";"1";"37";"37261";"2";"1";"8";"2";"MIRABEAU (PONT)";"47,3980545";"0,6995867"
"202000039855";"25";"10";"2020";"17:45";"1";"37";"37261";"2";"1";"2";"1";"FLORENCE (AVENUE DE)";"47,3743767";"0,7179810"
"202000039856";"26";"10";"2020";"07:50";"1";"35";"35238";"2";"2";"1";"3";"FOUGERES (ROUTE DE)";"48,1318985";" -1,6355271"
"202000039857";"24";"10";"2020";"16:40";"1";"34";"34172";"2";"1";"1";"7";"CINQUANTE SIXIEME REGIMENT D'ARTILLERIE";"43,6012245";"3,8626027"
"202000039858";"24";"10";"2020";"00:05";"1";"34";"34032";"2";"1";"1";"3";"RD 612";"43,3533700";"3,2506500"
"202000039859";"27";"10";"2020";"00:15";"5";"33";"33063";"2";"2";"3";"7";"BD ALBERT 1ER";"44,8135100";" -0,5647100"
"202000039860";"26";"10";"2020";"08:40";"1";"33";"33529";"2";"6";"2";"2";"PYLA (BD DU)";"44,6337500";" -1,1686700"
"202000039861";"26";"10";"2020";"00:10";"5";"31";"31555";"2";"1";"3";"2";"RTE DE SEYSSES";"43,5774500";"1,4222100"
"202000039862";"25";"10";"2020";"20:45";"5";"31";"31555";"2";"1";"1";"3";"STRASBOURG (BD DE) DU 1AU 33";"43,6087400";"1,4455200"
"202000039863";"25";"10";"2020";"16:38";"1";"31";"31555";"2";"1";"1";"6";"Chemin de Tissié";"43,5935400";"1,3934500"
"202000039864";"25";"10";"2020";"14:35";"1";"31";"31555";"2";"1";"1";"3";"RUE JEAN PHILIPPE RAMEAU";"43,6188500";"1,4237900"
"202000039865";"26";"10";"2020";"07:45";"2";"29";"29051";"1";"1";"2";"1";"D15 - Avenue de Garsalec";"48,0143639";" -4,0070260"
"202000039866";"26";"10";"2020";"12:55";"1";"29";"29039";"1";"1";"2";"2";"D70 - La Boissiere";"47,9188833";" -3,9033061"
"202000039867";"25";"10";"2020";"11:27";"1";"16";"16102";"2";"3";"1";"6";"Av Victor HUGO";"45,6886100";" -0,3149310"
"202000039868";"26";"10";"2020";"10:50";"1";"13";"13211";"2";"1";"1";"3";"VALENTINE (ROUTE DE LA)";"43,2893000";"5,4659000"
"202000039869";"26";"10";"2020";"14:48";"1";"13";"13063";"2";"1";"1";"7";"RENE CASSIN ROND POINT";"43,5987000";"5,0056000"
"202000039870";"24";"10";"2020";"11:55";"1";"11";"11069";"2";"6";"1";" -1";"Avenue du Président Franklin Roosevelt ";"43,2260700";"2,3320500"
"202000039871";"26";"10";"2020";"13:13";"1";"10";"10362";"2";"2";"1";"1";"BENOIT MALON (RUE)";"48,2930000";"4,0612000"
"202000039872";"25";"10";"2020";"11:00";"1";"05";"05061";"1";"1";"1";"7";"FAUVINS ( ROUTE  DES )";"44,5682200";"6,1281800"
"202000039873";"22";"10";"2020";"17:04";"1";"05";"05061";"2";"1";"2";"7";"PROVENCE ( AVENUE DE )";"44,5408400";"6,0574300"
"202000039874";"21";"10";"2020";"19:05";"4";"05";"05061";"2";"1";"1";"3";"PROVENCE (AVENUE DE)";"44,5392900";"6,0557100"
"202000039875";"23";"10";"2020";"05:30";"5";"75";"75114";"2";"1";"1";"3";"BOULEVARD PERIPHERIQUE";"48,8202740";"2,3243970"
"202000039876";"25";"10";"2020";"19:50";"5";"75";"75114";"2";"4";"2";"6";"AVENUE DU MAINE";"48,8361840";"2,3234770"
"202000039877";"26";"10";"2020";"21:00";"5";"75";"75118";"2";"5";"1";"3";"AVENUE DE LA PORTE DE CLIGNANCOURT";"48,9006960";"2,3442680"
"202000039878";"26";"10";"2020";"17:15";"1";"75";"75118";"2";"1";"8";"6";"RUE BELLIARD";"48,8974220";"2,3436710"
"202000039879";"26";"10";"2020";"14:45";"1";"75";"75117";"2";"2";"1";"6";"BOULEVARD DU FORT DE VAUX";"48,8918200";"2,3015780"
"202000039880";"25";"10";"2020";"20:41";"5";"75";"75115";"2";"2";"8";"5";"RUE DE LA CONVENTION";"48,8434350";"2,2827420"
"202000039881";"26";"10";"2020";"11:40";"1";"75";"75113";"2";"3";"1";"2";"AVENUE DE CHOISY";"48,8272600";"2,3590790"
"202000039882";"26";"10";"2020";"08:45";"1";"75";"75112";"2";"1";"1";"3";"AVENUE DAUMESNIL";"48,8431240";"2,3839860"
"202000039883";"26";"10";"2020";"19:15";"5";"75";"75107";"2";"2";"1";"3";"PONT DE L ALMA";"48,8628780";"2,3017120"
"202000039884";"26";"10";"2020";"16:14";"1";"75";"75107";"2";"1";"1";"7";"RUE DU BAC";"48,8571670";"2,3276190"
"202000039885";"26";"10";"2020";"16:50";"2";"75";"75104";"2";"2";"1";"6";"BOULEVARD HENRI IV";"48,8508080";"2,3614340"
"202000039886";"26";"10";"2020";"09:40";"1";"75";"75104";"2";"1";"1";"3";"RUE SAINT PAUL";"48,8545260";"2,3626360"
"202000039887";"25";"10";"2020";"20:45";"5";"94";"94068";"2";"7";"2";"3";"JEAN MOULIN (PL)";"48,7979600";"2,5026700"
"202000039888";"26";"10";"2020";"20:45";"5";"94";"94081";"2";"1";"1";"6";"ROUGET DE L ISLE (AV)";"48,7796700";"2,3956800"
"202000039889";"26";"10";"2020";"16:40";"1";"94";"94041";"2";"1";"1";"3";"Quai Auguste Deshaies";"48,8153100";"2,4089600"
"202000039890";"26";"10";"2020";"02:14";"5";"94";"94065";"2";"3";"2";"3";"rue d'auvergne";"48,7603000";"2,3544100"
"202000039891";"26";"10";"2020";"09:05";"1";"94";"94054";"2";"1";"1";"2";"Route Charles Tillon";"48,7415800";"2,3862500"
"202000039892";"23";"10";"2020";"21:40";"5";"94";"94079";"2";"2";"1";"3";"MONTRICHARD (AV)";"48,8307030";"2,5484690"
"202000039893";"26";"10";"2020";"08:15";"1";"93";"93070";"2";"1";"1";"3";"MICHELET(AV):N°1AU 103";"48,9050537";"2,3441496"
"202000039894";"26";"10";"2020";"09:10";"1";"93";"93046";"2";"2";"1";"6";"FRANCOIS VILLON RUE";"48,9211413";"2,5379794"
"202000039895";"25";"10";"2020";"00:40";"5";"93";"93027";"2";"1";"2";"2";"RATEAU (RUE)";"48,9251886";"2,4008958"
"202000039896";"26";"10";"2020";"16:15";"1";"93";"93001";"2";"5";"1";"6";"AV VICTOR HUGO / R DU GOULET";"48,9088250";"2,3780930"
"202000039897";"25";"10";"2020";"17:40";"5";"93";"93001";"2";"9";"3";"6";"DANIELLE CASANOVA (RUE)  59 =>";"48,9186602";"2,3923066"
"202000039898";"24";"10";"2020";"14:25";"1";"92";"92022";"2";"1";"2";"6";"PAVE DES GARDES (ROUTE DU)";"48,8076440";"2,1895520"
"202000039899";"21";"10";"2020";"11:30";"1";"92";"92063";"2";"1";"1";"6";"POMPIDOU (AVENUE DU PRESIDENT)";"48,8671387";"2,2002556"
"202000039900";"26";"10";"2020";"18:20";"2";"92";"92040";"2";"1";"1";"7";"FRERES VOISIN (BOULEVARD DES)";"48,8278310";"2,2707870"
"202000039901";"26";"10";"2020";"17:40";"2";"92";"92040";"2";"1";"1";"2";"RODIN (BOULEVARD)";"48,8173877";"2,2556573"
"202000039902";"23";"10";"2020";"12:05";"1";"92";"92036";"2";"2";"1";"3";"EUGENE VARLIN (RUE) (2)";"48,9331590";"2,2941400"
"202000039903";"26";"10";"2020";"19:30";"5";"92";"92078";"2";"1";"1";"2";"VERDUN (AVENUE) (PAIRS 92 ET PLUS)";"48,9348900";"2,3251500"
"202000039904";"26";"10";"2020";"18:45";"2";"92";"92012";"2";"1";"1";"6";"GENERAL LECLERC (AVENUE DU) 1/33 - 2/58";"48,8327329";"2,2408474"
"202000039905";"26";"10";"2020";"08:30";"1";"92";"92012";"2";"1";"1";" -1";"REINE (ROUTE DE LA) 39/107 BIS";"48,8398634";"2,2377402"
"202000039906";"26";"10";"2020";"06:50";"2";"92";"92012";"2";"1";"1";"7";"GENERAL LECLERC (AVENUE DU) 35/FIN - 60/";"48,8306700";"2,2343600"
"202000039907";"26";"10";"2020";"11:00";"1";"86";"86174";"1";"1";"2";"7";"D21";"46,7963470";"0,5014470"
"202000039908";"27";"10";"2020";"18:00";"5";"62";"62038";"2";"9";"3";"6";"Avenue de Saint-omer";"50,8559620";"1,9799480"
"202000039909";"26";"10";"2020";"19:00";"3";"19";"19162";"1";"1";"2";"1";"A20";"45,3424410";"1,5715710"
"202000039910";"24";"10";"2020";"19:10";"1";"62";"62397";"2";"6";"1";"3";"Rue Narcisse Boulanger";"50,8687160";"1,8738850"
"202000039911";"26";"10";"2020";"16:45";"1";"41";"41149";"2";"3";"1";"3";"Avenue Gambetta";"47,7573080";"0,8711710"
"202000039912";"25";"10";"2020";"15:35";"1";"76";"76670";"1";"4";"1";"3";"RD925";"49,7669630";"0,4163220"
"202000039913";"24";"10";"2020";"18:30";"2";"61";"61464";"1";"6";"2";"7";"D438";"48,6243570";"0,1809530"
"202000039914";"27";"10";"2020";"07:25";"2";"49";"49125";"1";"2";"2";"3";"D70";"47,2679020";" -0,3743510"
"202000039915";"26";"10";"2020";"18:00";"3";"86";"86286";"1";"1";"8";"6";"Lieu Dit la Balbiniere";"46,8870860";"0,1390780"
"202000039916";"22";"10";"2020";"10:51";"1";"68";"68183";"1";"1";"1";"1";"D9b";"47,5031270";"7,4466710"
"202000039917";"26";"10";"2020";"17:34";"2";"35";"35360";"2";"6";"2";"6";"route de Janzé";"48,1094450";" -1,2157580"
"202000039918";"27";"10";"2020";"14:00";"1";"50";"50064";"1";"1";"2";"6";"D15";"49,3882920";" -1,4633400"
"202000039919";"17";"10";"2020";"09:30";"1";"50";"50029";"2";"1";"7";"6";"15 Rue Pierre Crestey";"48,5993420";" -0,8329600"
"202000039920";"26";"10";"2020";"08:00";"2";"16";"16072";"1";"1";"2";"1";"lieu dit Le Pont des Tempes";"45,5128050";"0,1667690"
"202000039921";"26";"10";"2020";"17:38";"2";"85";"85047";"2";"8";"2";"3";"Chemin de Baudu";"46,8265260";" -1,8802070"
"202000039922";"27";"10";"2020";"09:50";"1";"52";"52140";"1";"1";"1";"1";"D203";"48,2469330";"4,8884140"
"202000039923";"27";"10";"2020";"08:45";"1";"08";"08363";"1";"1";"1";" -1";"Route d'Anchamps";"49,9294980";"4,6419940"
"202000039924";"25";"10";"2020";"10:30";"1";"88";"88012";"1";"1";"1";"1";"D42";"48,1356210";"6,5153650"
"202000039925";"26";"10";"2020";"18:40";"2";"45";"45345";"1";"1";"1";"7";"A77 - PK36+600";"47,9502100";"2,6729120"
"202000039926";"26";"10";"2020";"19:10";"3";"64";"64061";"1";"1";"2";"7";"A64";"43,3998040";" -0,5518850"
"202000039927";"27";"10";"2020";"13:20";"1";"2B";"2B057";"1";"1";"1";"3";"T10";"42,2485580";"9,5455310"
"202000039928";"27";"10";"2020";"02:00";"3";"17";"17184";"1";"1";"2";"6";"D733";"45,7984540";" -0,9360690"
"202000039929";"26";"10";"2020";"15:45";"1";"50";"50099";"2";"2";"2";"3";"Rue du Grand Valnoble";"49,3031120";" -1,2431640"
"202000039930";"26";"10";"2020";"15:00";"1";"29";"29006";"2";"6";"1";"7";"Rue de Kerguélen";"47,8768126";" -4,1129694"
"202000039931";"27";"10";"2020";"06:45";"2";"60";"60028";"1";"1";"1";"5";"D1330";"49,2181318";"2,5598814"
"202000039932";"26";"10";"2020";"16:55";"1";"59";"59593";"1";"1";"8";"3";"D61";"50,2244250";"3,2782330"
"202000039933";"26";"10";"2020";"16:37";"1";"13";"13211";"1";"1";"1";"3";"A50-Sens Aubagne vers Marseille";"43,2929800";"5,4551700"
"202000039934";"16";"10";"2020";"16:37";"1";"13";"13211";"1";"1";"1";"4";"A50-Sens Marseille vers Aubagne";"43,2920200";"5,4525200"
"202000039935";"26";"10";"2020";"06:30";"3";"91";"91377";"1";"1";"1";"6";"AUTOROUTE A10";"48,7112600";"2,2892000"
"202000039936";"26";"10";"2020";"17:40";"1";"92";"92036";"1";"1";"1";"4";"AUTOROUTE A15";"48,9441530";"2,2863669"
"202000039937";"25";"10";"2020";"03:12";"5";"988";"98818";"2";"1";"1";"6";"ROUTE EXPRESS DU MONT DORE";" -22,2459700";"166,4695500"
"202000039938";"25";"10";"2020";"00:05";"3";"974";"97416";"1";"1";"1";"7";"RN1 (ROUTE NATIONALE)";" -21,3139000";"55,4391000"
"202000039939";"25";"10";"2020";"17:39";"1";"974";"97416";"1";"1";"1";"7";"Rue Émilien Adam de Villiers";" -21,3107300";"55,4341800"
"202000039940";"24";"10";"2020";"19:05";"5";"974";"97416";"2";"1";"1";"2";"EUGENE DAYOT(RUE)";" -21,3249000";"55,4821200"
"202000039941";"25";"10";"2020";"07:50";"1";"974";"97416";"2";"6";"1";"1";"GENERAL DE GAULLE(AVENUE)";" -21,3556000";"55,5163500"
"202000039942";"25";"10";"2020";"13:40";"1";"971";"97101";"2";"6";"1";"3";"BOULEVARD DES HEROS";"16,2476400";" -61,5271900"
"202000039943";"25";"10";"2020";"17:10";"2";"971";"97107";"2";"1";"1";"6";"ELIE CHAUFFREIN ( RUE )";"16,0479440";" -61,5623200"
"202000039944";"24";"10";"2020";"17:10";"2";"971";"97107";"2";"1";"1";"7";"USINE (RUE DE L')";"16,0465627";" -61,5670073"
"202000039945";"25";"10";"2020";"16:15";"1";"2A";"2A004";"2";"1";"8";"2";"RECCO ABBE BOULEVARD";"41,9385000";"8,7411000"
"202000039946";"22";"9";"2020";"21:40";"5";"86";"86194";"2";"9";"1";"3";"Avenue du 11 Novembre";"46,5672500";"0,3658900"
"202000039947";"25";"10";"2020";"18:20";"5";"83";"83137";"2";"1";"1";"6";"RIVIERE (QUAI COMMANDANT)";"43,1394300";"5,9095900"
"202000039948";"25";"10";"2020";"17:15";"2";"64";"64102";"2";"9";"3";"2";"NAVARRE (AVENUE HENRI DE)";"43,5013000";" -1,4458100"
"202000039949";"25";"10";"2020";"18:10";"3";"35";"35238";"1";"9";"2";"3";"PORTE DE CLEUNAY";"48,1021200";" -1,7160800"
"202000039950";"25";"10";"2020";"23:15";"5";"33";"33063";"2";"6";"1";"6";"AVE DES TROIS CARDINAUX";"44,8875300";" -0,5493700"
"202000039951";"24";"10";"2020";"12:37";"1";"29";"29151";"2";"1";"1";"7";"Avenue de Wurselen";"48,5834191";" -3,8148415"
"202000039952";"22";"10";"2020";"10:00";"1";"22";"22113";"2";"9";"8";"3";"DE BROGLIE (RUE DE)";"48,7591000";" -3,4704200"
"202000039953";"25";"10";"2020";"12:05";"1";"13";"13205";"2";"7";"1";"3";"SAINTE-CECILE (RUE)";"43,2872100";"5,3918400"
"202000039954";"24";"10";"2020";"13:30";"1";"13";"13047";"2";"1";"1";"6";"PASSE PIERRE ALL‚E DE LA";"43,5004500";"4,9681100"
"202000039955";"25";"10";"2020";"17:30";"5";"75";"75106";"2";"4";"3";"6";"RUE CASSETTE";"48,8510820";"2,3306660"
"202000039956";"25";"10";"2020";"18:00";"5";"75";"75120";"2";"1";"3";"6";"RUE DES PYRENEES";"48,8727620";"2,3908230"
"202000039957";"25";"10";"2020";"00:50";"3";"75";"75119";"2";"1";"2";"6";"BOULEVARD DE LA VILLETTE";"48,8805270";"2,3704150"
"202000039958";"25";"10";"2020";"21:30";"3";"75";"75116";"2";"1";"1";"6";"ALLEE DU BORD DE L EAU";"48,8688680";"2,2383430"
"202000039959";"25";"10";"2020";"20:33";"5";"75";"75112";"2";"1";"2";"6";"AVENUE LEDRU ROLLIN";"48,8489350";"2,3730780"
"202000039960";"25";"10";"2020";"12:25";"1";"75";"75112";"2";"1";"2";"3";"AVENUE DU GENERAL MICHEL BIZOT";"48,8341580";"2,4001220"
"202000039961";"25";"10";"2020";"20:30";"5";"75";"75111";"2";"1";"8";"3";"BOULEVARD DE BELLEVILLE";"48,8713230";"2,3775290"
"202000039962";"25";"10";"2020";"20:30";"5";"75";"75105";"2";"1";"2";"2";"QUAI SAINT BERNARD";"48,8455740";"2,3628550"
"202000039963";"25";"10";"2020";"21:30";"5";"75";"75101";"2";"1";"1";"6";"SOUTERRAIN TRANSIT HALLES";"48,8622190";"2,3441330"
"202000039964";"25";"10";"2020";"10:45";"1";"94";"94080";"2";"1";"2";"2";"PARIS (AV DE)";"48,8452841";"2,4310732"
"202000039965";"25";"10";"2020";"18:00";"2";"93";"93070";"2";"1";"2";"6";"GABRIEL-PERI (AV)";"48,9065400";"2,3320200"
"202000039966";"25";"10";"2020";"20:50";"5";"93";"93048";"2";"3";"2";"6";"PAUL DOUMER (RUE)";"48,8591587";"2,4568423"
"202000039967";"25";"10";"2020";"18:45";"5";"93";"93048";"2";"1";"1";"6";"BOISSIERE (BOULEVARD DE LA)";"48,8777449";"2,4597168"
"202000039968";"25";"10";"2020";"17:50";"5";"93";"93006";"2";"1";"2";"2";"FRATERNITE RUE DE LA";"48,8593000";"2,4233700"
"202000039969";"24";"10";"2020";"21:30";"5";"93";"93063";"2";"1";"1";"3";"VAILLANT-COUTURIER AV. PAUL";"48,8849698";"2,4332541"
"202000039970";"25";"10";"2020";"19:30";"5";"93";"93031";"2";"2";"2";"6";"AV GALLIENI / R DE ST GRATIEN";"48,9633700";"2,2974500"
"202000039971";"25";"10";"2020";"00:50";"5";"93";"93029";"2";"1";"2";"6";"JEAN JAURES (AVENUE)";"48,9174439";"2,4562535"
"202000039972";"25";"10";"2020";"19:53";"5";"93";"93007";"2";"2";"2";"5";"DE LA REPUBLIQUE (AVENUE)";"48,9356396";"2,4754742"
"202000039973";"25";"10";"2020";"19:15";"5";"92";"92073";"2";"9";"2";"6";"RATRAIT (RUE DU)";"48,8766592";"2,2304138"
"202000039974";"25";"10";"2020";"17:20";"2";"92";"92048";"2";"1";"3";"6";"BANES (RUE) N° 3 A 19";"48,8082250";"2,2399880"
"202000039975";"25";"10";"2020";"11:30";"1";"92";"92044";"2";"2";"2";"7";"BAUDIN (RUE) 27A83 ET 36 A84";"48,8973311";"2,2829742"
"202000039976";"24";"10";"2020";"23:40";"5";"92";"92044";"2";"4";"1";"7";"MAL JUIN(PLACE DU)";"48,8979118";"2,2803206"
"202000039977";"25";"10";"2020";"17:59";"2";"92";"92024";"2";"2";"2";"3";"GENERAL LECLERC (BD DU) (9 A 59)   (4 A";"48,9021017";"2,3142656"
"202000039978";"22";"10";"2020";"15:10";"1";"35";"35180";"1";"1";"1";"3";"La Tannerie";"48,2962920";" -1,9352190"
"202000039979";"25";"10";"2020";"18:40";"3";"38";"38318";"1";"1";"1";" -1";"Route de Cancanne";"45,5406670";"4,9160890"
"202000039980";"16";"10";"2020";"09:54";"1";"2A";"2A158";"1";"1";"1";"7";"D268";"41,6992109";"9,0923142"
"202000039981";"26";"10";"2020";"08:30";"1";"45";"45017";"1";"1";"1";"4";"D2060 - PK45+204";"47,9695021";"2,5203179"
"202000039982";"26";"10";"2020";"09:40";"1";"17";"17183";"1";"1";"2";"2";"D730";"45,5868040";" -0,8535000"
"202000039983";"25";"10";"2020";"14:15";"1";"31";"31409";"2";"1";"1";"6";"Avenue d'Occitanie";"43,5004450";"1,5082650"
"202000039984";"25";"10";"2020";"10:30";"1";"974";"97412";"1";"1";"1";"6";"Rue Marius et Ary Leblond";" -21,3718890";"55,6124010"
"202000039985";"25";"10";"2020";"18:15";"2";"35";"35225";"1";"1";"2";"1";"Pilleverte";"48,4345110";" -1,9334860"
"202000039986";"25";"10";"2020";"18:30";"3";"38";"38113";"1";"1";"1";"1";"D1075";"44,8260400";"5,6144900"
"202000039987";"25";"10";"2020";"18:40";"3";"30";"30060";"2";"1";"1";"6";"Route de Saint Gilles";"43,7842890";"4,3919560"
"202000039988";"24";"10";"2020";"17:20";"2";"59";"59331";"1";"1";"1";"7";"Route d'Happegarbes";"50,1235500";"3,6695410"
"202000039989";"26";"10";"2020";"09:00";"1";"56";"56131";"1";"1";"7";"6";"Kerhouat";"48,0098400";" -3,4368270"
"202000039990";"26";"10";"2020";"10:15";"1";"74";"74208";"1";"1";"2";"1";"Avenue de Saint Martin";"45,9193110";"6,6789260"
"202000039991";"26";"10";"2020";"19:50";"3";"76";"76469";"1";"1";"1";"2";"Rue du Tilleul";"49,4858060";"1,4557260"
"202000039992";"25";"10";"2020";"16:40";"1";"2B";"2B342";"2";"2";"1";"3";"T10";"41,9254620";"9,3906070"
"202000039993";"26";"10";"2020";"08:40";"1";"2B";"2B305";"2";"1";"1";"2";"74 Route du Cap";"42,7293610";"9,4598190"
"202000039994";"21";"9";"2020";"09:00";"1";"80";"80368";"2";"1";"1";"6";"Rue du 8 Mai 1945";"50,0877370";"1,5521840"
"202000039995";"25";"10";"2020";"19:40";"3";"32";"32132";"1";"1";"3";"1";"lieu dit les moulins rouges";"43,8464980";"0,6873110"
"202000039996";"25";"10";"2020";"17:24";"2";"39";"39068";"1";"1";"6";"2";"N/A";"46,2725760";"5,7875900"
"202000039997";"25";"10";"2020";"13:04";"1";"25";"25178";"1";"2";"1";"3";"CROISÉE DES ROUTES";"47,3541490";"6,5022810"