"Num_Acc";"jour";"mois";"an";"hrmn";"lum";"dep";"com";"agg";"int";"atm";"col";"adr";"lat";"long"
"202000039998";"26";"10";"2020";"03:00";"5";"29";"29069";"2";"3";"1";"7";"Rue Charles de Gaulle";"48,4206690";" -4,5537702"
"202000039999";"25";"10";"2020";"15:05";"1";"01";"01208";"1";"1";"8";"3";"D992";"45,8095980";"5,7763200"
"202000040000";"23";"10";"2020";"14:00";"1";"14";"14654";"1";"1";"1";"7";"D102";"48,9640210";" -0,0022620"
"202000040001";"23";"10";"2020";"15:14";"1";"73";"73298";"2";"8";"1";"3";"Impasse du Bebier PN37";"45,6476023";"6,4402233"
"202000040002";"26";"10";"2020";"11:20";"1";"43";"43170";"2";"1";"1";"7";"Route du Bosbomparent";"45,2757620";"3,2679500"
"202000040003";"26";"10";"2020";"16:20";"1";"04";"04209";"2";"4";"1";"6";"D53 (Av du Jabron) / Lot Montcalm";"44,1871260";"5,9407363"
"202000040004";"24";"10";"2020";"11:00";"1";"987";"98752";"2";"1";"1";"6";"PK 46.800";" -17,7627061";" -149,3954166"
"202000040005";"26";"10";"2020";"14:50";"1";"77";"77279";"1";"1";"1";"2";"A5";"48,3785195";"3,0103533"
"202000040006";"25";"10";"2020";"12:40";"1";"13";"13069";"1";"6";"1";"3";"D572";"43,6262980";"5,1509790"
"202000040007";"19";"9";"2020";"05:14";"3";"38";"38400";"1";"1";"2";"6";"A48";"45,3339980";"5,5855550"
"202000040008";"25";"10";"2020";"19:00";"4";"974";"97420";"2";"1";"1";"6";"Avenue Pierre Mendès France";" -20,9050080";"55,6057440"
"202000040009";"24";"10";"2020";"14:55";"1";"77";"77283";"1";"1";"8";"4";"D405";"49,0635190";"3,0125280"
"202000040010";"22";"10";"2020";"16:30";"1";"83";"83053";"1";"1";"1";"3";"Route des Gorges";"43,1584160";"5,8358380"
"202000040011";"26";"10";"2020";"10:05";"1";"04";"04092";"1";"1";"2";"7";"RD4085";"43,8272440";"6,5671550"
"202000040012";"26";"10";"2020";"07:35";"1";"89";"89257";"2";"1";"8";"7";"Rue Victor Hugo";"47,9603520";"3,5276090"
"202000040013";"17";"10";"2020";"16:50";"1";"67";"67520";"2";"3";"1";"1";"Rue de la Haul";"48,6405090";"7,4525820"
"202000040014";"25";"10";"2020";"19:32";"5";"57";"57058";"2";"1";"3";"6";"Boulevard Charlemagne";"49,1719400";"6,9342720"
"202000040015";"26";"10";"2020";"17:48";"3";"74";"74175";"1";"1";"3";"6";"D1005";"46,4061290";"6,7296410"
"202000040016";"25";"10";"2020";"16:50";"1";"73";"73030";"2";"6";"1";"3";"Route de la Trousse";"45,5695338";"5,9758669"
"202000040017";"26";"10";"2020";"08:00";"2";"17";"17393";"1";"4";"2";"7";"Route de la Jacqueline";"45,6648060";" -0,8893350"
"202000040018";"26";"10";"2020";"01:30";"5";"22";"22162";"2";"1";"1";"6";"1 Rue Guillardon";"48,7577080";" -3,0032530"
"202000040019";"24";"10";"2020";"16:40";"1";"62";"62443";"2";"1";"1";"7";"Rue Arthur Lamendin";"50,4421160";"2,6545980"
"202000040020";"24";"10";"2020";"13:27";"1";"13";"13071";"1";"1";"1";"2";"A51-Sens Aix en Provence vers Marseille";"43,4189210";"5,3665830"
"202000040021";"25";"10";"2020";"05:50";"3";"91";"91340";"1";"1";"2";"7";"RN 104";"48,6088100";"2,4365000"
"202000040022";"25";"10";"2020";"20:40";"5";"78";"78238";"1";"1";"1";"4";"A13";"48,9701000";"1,8701000"
"202000040023";"25";"10";"2020";"21:40";"3";"93";"93053";"1";"1";"2";"7";"AUTOROUTE A86";"48,9004000";"2,4697900"
"202000040024";"25";"10";"2020";"18:30";"3";"60";"60494";"1";"1";"2";"3";"AUTOROUTE A1";"49,1317094";"2,5602770"
"202000040025";"25";"10";"2020";"13:30";"1";"95";"95394";"1";"1";"1";"6";"AUTOROUTE A115";"49,0510630";"2,1818320"
"202000040026";"24";"10";"2020";"20:00";"5";"93";"93006";"1";"1";"1";"2";"AUTOROUTE A3";"48,8657716";"2,4174963"
"202000040027";"25";"10";"2020";"12:30";"1";"93";"93010";"1";"9";"2";"2";"AUTOROUTE A3";"48,8920000";"2,4732000"
"202000040028";"24";"10";"2020";"20:20";"3";"93";"93078";"1";"1";"2";"4";"AUTOROUTE A104";"48,9584243";"2,5335100"
"202000040029";"24";"10";"2020";"19:30";"3";"93";"93006";"1";"1";"1";"4";"AUTOROUTE A3";"48,8669025";"2,4253006"
"202000040030";"24";"10";"2020";"12:30";"1";"95";"95572";"1";"1";"1";"2";" A15";"49,0322160";"2,1129430"
"202000040031";"25";"10";"2020";"20:50";"3";"77";"77175";"1";"1";"8";"6";"RN104";"48,6701150";"2,6118170"
"202000040032";"24";"10";"2020";"11:00";"1";"94";"94028";"1";"1";"1";"2";"A86 EXT";"48,8030108";"2,4483130"
"202000040033";"25";"10";"2020";"09:23";"1";"988";"98818";"2";"3";"1";"3";"RUR AUGUSTE BENEBIG/RUEbJEAN OHLEN";" -22,2676700";"166,4558500"
"202000040034";"24";"10";"2020";"11:00";"1";"988";"98818";"2";"3";"1";"3";"RUE CECILE PERONNET/RUE AYMARD";" -22,2614100";"166,4644900"
"202000040035";"5";"10";"2020";"13:05";"1";"988";"98818";"2";"2";"1";"6";"AVENUE DE LA VICTOIRE H. LA FLEUR/RUE DU DOCTEUR LE SCOUR";" -22,2744100";"166,4456400"
"202000040036";"24";"10";"2020";"19:22";"5";"976";"97611";"2";"1";"1";"3";"mamoudzou centre-Haladi Selemani ( rue )";" -12,7804910";"45,2300348"
"202000040037";"24";"10";"2020";"12:05";"1";"69";"69386";"2";"2";"1";"3";"JEAN BROQUIN                        (R )";"45,7682000";"4,8631900"
"202000040038";"24";"10";"2020";"12:45";"1";"69";"69388";"1";"1";"1";"2";"Avenue Jean Mermoz";"45,7356627";"4,8716611"
"202000040039";"24";"10";"2020";"11:30";"1";"69";"69259";"2";"1";"1";" -1";"FRANCIS DE PRESSENSE                (AV)";"45,7232100";"4,8653800"
"202000040040";"24";"10";"2020";"11:10";"1";"69";"69199";"2";"1";"1";"6";"JEAN JAURES                         (AV)";"45,7128300";"4,8547100"
"202000040041";"23";"10";"2020";"16:30";"1";"69";"69259";"2";"1";"2";"4";"FRANCIS DE PRESSENSE                (AV)";"45,7204200";"4,8677240"
"202000040042";"24";"10";"2020";"15:00";"1";"91";"91103";"1";"1";"2";"5";"DEVI DU CD 19";"48,6043700";"2,3205000"
"202000040043";"24";"10";"2020";"22:30";"5";"91";"91657";"2";"1";"1";"6";"RUE HENRI ROSSIGNOL";"48,7049500";"2,4104700"
"202000040044";"24";"10";"2020";"12:30";"1";"91";"91223";"1";"1";"2";"3";"R.D.20";"48,4025200";"2,1202700"
"202000040045";"14";"10";"2020";"14:06";"1";"88";"88413";"2";"1";"1";"7";"Rue de LA BOLLE";"48,2853600";"6,9362000"
"202000040046";"24";"10";"2020";"16:33";"1";"83";"83137";"2";"1";"1";"6";"ARMARIS (BD DES)";"43,1318800";"5,9823400"
"202000040047";"23";"10";"2020";"11:55";"1";"82";"82121";"2";"1";"2";"3";"DAGUERRE (RUE JEAN)";"43,9777047";"1,3313037"
"202000040048";"21";"2";"2020";"13:50";"1";"69";"69296";"1";"1";"2";"6";"A7";"45,6570985";"4,8401986"
"202000040049";"11";"3";"2020";"04:55";"4";"69";"69142";"2";"1";"1";"5";"A7   ";"45,7278700";"4,8165500"
"202000040050";"13";"3";"2020";"16:55";"1";"33";"33162";"1";"1";"2";"4";"ROCADE A 630";"44,8622400";" -0,6571100"
"202000040051";"13";"3";"2020";"17:00";"1";"91";"91136";"1";"1";"1";"3";"AUTOROUTE A126";"48,7156000";"2,2682000"
"202000040052";"13";"3";"2020";"08:53";"1";"78";"78466";"1";"1";"1";"2";"A13";"48,9347520";"1,9665770"
"202000040053";"12";"3";"2020";"18:50";"3";"93";"93007";"1";"1";"1";"5";"AUTOROUTE A3";"48,9180800";"2,4783900"
"202000040054";"12";"3";"2020";"17:50";"1";"93";"93005";"1";"1";"1";"2";"AUTOROUTE A3";"48,9680300";"2,4778700"
"202000040055";"12";"3";"2020";"10:10";"1";"95";"95527";"1";"1";"1";"6";"A3";"48,9891000";"2,5104570"
"202000040056";"12";"3";"2020";"07:45";"1";"93";"93010";"1";"1";"1";"3";"AUTOROUTE A3";"48,9023200";"2,4705500"
"202000040057";"10";"3";"2020";"20:30";"3";"95";"95365";"1";"1";"1";"2";"RN 104";"49,0596900";"2,4184500"
"202000040058";"13";"3";"2020";"19:20";"3";"77";"77249";"1";"1";"1";" -1";"RN104";"48,7474435";"2,6137645"
"202000040059";"13";"3";"2020";"16:25";"1";"94";"94017";"1";"9";"1";" -1";"A4";"48,8298100";"2,4979700"
"202000040060";"12";"1";"2020";"09:50";"1";"77";"77487";"2";"1";"1";"1";"SEINE (DE)";"48,5226660";"2,6767800"
"202000040061";"7";"1";"2020";"10:10";"1";"59";"59569";"2";"1";"1";"6";"VERDUN (RUE DE)";"50,3636750";"3,1132722"
"202000040062";"5";"1";"2020";"08:20";"1";"49";"49328";"1";"1";"1";"7";"FLEURET (ROND-POINT DU) N 347";"47,2864000";" -0,0486000"
"202000040063";"12";"3";"2020";"20:30";"3";"69";"69199";"1";"1";"3";"7";"Avenue des Frères Perret";"45,6885000";"4,8465000"
"202000040064";"12";"2";"2020";"17:20";"1";"69";"69383";"2";"3";"1";"2";"LAFAYETTE                           (PT)";"45,7636000";"4,8459000"
"202000040065";"12";"3";"2020";"12:10";"1";"69";"69199";"2";"1";"1";"6";"VALENCE (DE)                        (R )";"45,6958389";"4,8555493"
"202000040066";"11";"3";"2020";"21:10";"3";"69";"69388";"2";"2";"1";"3";"FRERES LUMIERE (DES)                (AV)";"45,7440300";"4,8704600"
"202000040067";"12";"3";"2020";"15:45";"1";"972";"97209";"2";"3";"1";"3";"EMMANUEL GROS-DUBOIS (RUE) EX AV A";"14,6149100";" -61,0540400"
"202000040068";"11";"3";"2020";"12:30";"1";"972";"97209";"2";"1";"1";"7";"CLUNY (ROUTE DE)";"14,6159300";" -61,0823500"
"202000040069";"12";"3";"2020";"19:20";"2";"69";"69034";"2";"1";"2";"6";"STRASBOURG (DE)                     (RO)";"45,7926630";"4,8695610"
"202000040070";"11";"3";"2020";"15:10";"1";"971";"97101";"2";"3";"1";"5";"CHAZEAU";"16,2815700";" -61,4911600"
"202000040071";"11";"3";"2020";"16:00";"1";"971";"97101";"1";"1";"1";"5";"PERRIN (SECTEUR)";"16,2936900";" -61,5112500"
"202000040072";"12";"3";"2020";"09:20";"1";"95";"95127";"1";"1";"1";"3";"RN 14 (PROLONGEMENT A15)";"49,0560470";"2,0471810"
"202000040073";"12";"3";"2020";"08:20";"1";"91";"91174";"2";"1";"1";"3";"LISSES (ROUTE DE)";"48,6101400";"2,4620600"
"202000040074";"11";"3";"2020";"16:51";"1";"91";"91103";"2";"1";"1";"6";"COMMUNE DE PARIS (RUE DE LA)";"48,5870000";"2,3000000"
"202000040075";"11";"3";"2020";"15:00";"1";"91";"91339";"2";"1";"1";"4";"RN 20";"48,6350000";"2,2660000"
"202000040076";"12";"3";"2020";"08:54";"1";"87";"87085";"2";"2";"1";"3";"PONT NEUF";"45,8260300";"1,2680200"
"202000040077";"10";"3";"2020";"12:04";"1";"87";"87085";"2";"1";"2";"1";"SAGNES (RUE DES)";"45,8779100";"1,2932000"
"202000040078";"12";"3";"2020";"07:30";"1";"83";"83090";"2";"9";"1";"2";"NATIONALE 8 (ROUTE)";"43,1356100";"5,8520800"
"202000040079";"12";"3";"2020";"02:05";"5";"83";"83090";"2";"1";"1";"6";"NATIONALE 8 (ROUTE)";"43,1349400";"5,8530000"
"202000040080";"11";"3";"2020";"13:35";"1";"80";"80021";"2";"3";"2";"3";"GENERAL LECLERC (RUE DU )";"49,8967200";"2,2943300"
"202000040081";"12";"3";"2020";"07:50";"1";"77";"77037";"2";"1";"1";"6";"GARE (PLACE DE LA)";"48,4752300";"2,6920800"
"202000040082";"23";"1";"2020";"09:05";"1";"76";"76351";"2";"3";"1";"6";"SAULES (DES)";"49,5097600";"0,1530500"
"202000040083";"10";"3";"2020";"15:50";"1";"74";"74133";"2";"1";"1";" -1";"GENOT (RUE DU LIEUTENANT Y.)";"46,1832620";"6,1978580"
"202000040084";"12";"3";"2020";"08:21";"1";"74";"74093";"2";"1";"1";"6";"REPUBLIQUE (AVENUE DE LA)";"45,9081300";"6,1033000"
"202000040085";"11";"3";"2020";"19:46";"3";"72";"72181";"1";"1";"1";"4";"TOURS (RTE) LIGNE DROITE DES HUNAUDIERES";"47,9519700";"0,2297800"
"202000040086";"11";"3";"2020";"18:10";"1";"72";"72181";"2";"1";"1";"2";"BOLLEE (AV) N° PAIRS 64 A 146";"48,0008300";"0,2115100"
"202000040087";"11";"3";"2020";"18:31";"1";"66";"66136";"2";"1";"1";"2";"PRADES (AVENUE DE ) ST CHARLES";"42,6967600";"2,8649500"
"202000040088";"11";"3";"2020";"19:35";"5";"64";"64445";"2";"1";"1";"3";"ALSACE LORRAINE D'";"43,3052700";" -0,3731400"
"202000040089";"11";"3";"2020";"17:10";"1";"64";"64024";"2";"1";"1";"6";"Rue de Mirambeau";"43,4751000";" -1,5098000"
"202000040090";"9";"3";"2020";"04:55";"5";"63";"63113";"2";"1";"1";" -1";"FLAUBERT (BD GUSTAVE)";"45,7607600";"3,1284100"
"202000040091";"12";"3";"2020";"18:15";"1";"61";"61001";"2";"1";"1";"6";"JEAN HENRI FABRE (RUE  )";"48,4114000";"0,0933500"
"202000040092";"12";"3";"2020";"09:30";"1";"59";"59295";"1";"1";"1";"1";"CD 916";"50,7262900";"2,5141400"
"202000040093";"11";"3";"2020";"09:10";"1";"54";"54575";"1";"1";"2";"3";"D26B";"49,4780000";"5,8564000"
"202000040094";"12";"3";"2020";"17:15";"1";"51";"51454";"2";"1";"1";"2";"Route de Witry";"49,2697980";"4,0727544"
"202000040095";"12";"3";"2020";"01:40";"5";"50";"50129";"2";"1";"3";"6";"ERMITAGE (RUE DE L')";"49,6363400";" -1,6136600"
"202000040096";"11";"3";"2020";"20:20";"5";"49";"49267";"2";"1";"1";"3";"JAUDETTE";"47,4638400";" -0,4909400"
"202000040097";"11";"3";"2020";"08:13";"1";"49";"49007";"2";"1";"1";"1";"BOREAU";"47,4756700";" -0,5456200"
"202000040098";"11";"3";"2020";"08:13";"1";"49";"49246";"2";"1";"1";"3";"RD 112 - CHAUVIN AVENUE";"47,4336100";" -0,5301400"
"202000040099";"12";"3";"2020";"14:05";"1";"35";"35238";"2";"2";"1";"3";"BREST (DE)";"48,1122900";" -1,6872900"
"202000040100";"6";"3";"2020";"17:10";"1";"35";"35206";"1";"3";"1";"3";"RD 837";"48,0627350";" -1,6994940"
"202000040101";"12";"3";"2020";"19:00";"3";"34";"34129";"1";"1";"1";"4";"AGAU (AVENUE DE L')";"43,5906500";"3,9084200"
"202000040102";"12";"3";"2020";"13:35";"1";"34";"34172";"2";"1";"1";"7";"POSEIDON (RUE)";"43,6074800";"3,8941400"
"202000040103";"12";"3";"2020";"08:10";"1";"33";"33529";"2";"6";"1";"7";"BISSERIE (AVE DE)";"44,6266000";" -1,1412000"
"202000040104";"26";"2";"2020";"06:50";"2";"31";"31555";"2";"1";"2";"5";"337 Route de Launaguet";"43,6567300";"1,4381100"
"202000040105";"12";"3";"2020";"18:59";"1";"29";"29232";"2";"6";"1";"6";"D34 - Route de Benodet";"47,9633827";" -4,0838018"
"202000040106";"12";"3";"2020";"17:09";"1";"29";"29232";"1";"4";"1";"6";"Route de Kervern";"47,9702400";" -4,0421800"
"202000040107";"11";"3";"2020";"11:20";"1";"29";"29232";"2";"1";"2";"2";"Avenue de la France Libre";"48,0038400";" -4,0982600"
"202000040108";"12";"3";"2020";"05:55";"5";"28";"28085";"2";"3";"2";"3";"PATTON (RUE DU GENERAL)";"48,4408600";"1,4722100"
"202000040109";"11";"3";"2020";"08:35";"1";"27";"27229";"2";"1";"8";"6";"RUGBY (RUE DE)";"49,0086100";"1,1597900"
"202000040110";"9";"3";"2020";"15:20";"1";"27";"27229";"2";"1";"1";"6";"JOSEPHINE (RUE)";"49,0245910";"1,1450550"
"202000040111";"11";"3";"2020";"18:25";"2";"26";"26198";"2";"1";"1";"3";"KENNEDY(Avenue John F.)";"44,5533400";"4,7472300"
"202000040112";"6";"3";"2020";"17:00";"1";"18";"18033";"2";"1";"1";"3";"TURLY (RUE DE)";"47,1007300";"2,4217500"
"202000040113";"12";"3";"2020";"16:58";"1";"17";"17200";"2";"2";"1";"3";"ONZE NOVEMBRE 1918   AVENUE DU";"46,1771200";" -1,1522700"
"202000040114";"12";"3";"2020";"16:44";"1";"17";"17300";"2";"3";"1";"3";"CHURCHILL   BOULEVARD WINSTON";"46,1545200";" -1,1901900"
"202000040115";"12";"3";"2020";"01:40";"5";"13";"13203";"2";"3";"1";"6";"FÉLIX PYAT (RUE)";"43,3207900";"5,3747200"
"202000040116";"11";"3";"2020";"18:15";"1";"13";"13208";"2";"1";"1";"3";"PRADO (AVENUE DU)";"43,2659000";"5,3810000"
"202000040117";"11";"3";"2020";"13:56";"1";"13";"13207";"2";"1";"1";"1";"Corniche John Fitzgérald Kennedy";"43,2777000";"5,3559000"
"202000040118";"11";"3";"2020";"09:00";"1";"13";"13204";"2";"1";"1";"6";"BLANCARDE (BOULEVARD)";"43,3028911";"5,4002638"
"202000040119";"12";"3";"2020";"06:55";"2";"13";"13005";"2";"1";"1";"3";"MERMOZ (RUE JEAN)";"43,2858200";"5,5762600"
"202000040120";"11";"3";"2020";"20:37";"3";"13";"13001";"1";"1";"1";"3";"R.N 7";"43,5579000";"5,4162000"
"202000040121";"10";"3";"2020";"16:45";"1";"11";"11262";"2";"1";"1";"7";"CARNOT (AVENUE)";"43,1938200";"3,0097500"
"202000040122";"11";"3";"2020";"14:30";"1";"09";"09122";"2";"1";"1";"4";"BOUYCHERES (COURS)";"42,9663620";"1,6094259"
"202000040123";"12";"3";"2020";"07:40";"1";"04";"04112";"1";"3";"1";"3";"Chemin Leon Foucault / Ch des Chaurannes";"43,8378274";"5,8268899"
"202000040124";"12";"3";"2020";"18:20";"2";"01";"01053";"2";"2";"1";"3";"MAIL (AVENUE DU )";"46,2016260";"5,2074570"
"202000040125";"12";"3";"2020";"16:20";"1";"75";"75113";"2";"1";"1";"2";"QUAI D IVRY";"48,8256750";"2,3866930"
"202000040126";"10";"3";"2020";"17:40";"1";"75";"75119";"2";"1";"1";"5";"PORTE DE PANTIN";"48,8936100";"2,3952870"
"202000040127";"12";"3";"2020";"16:35";"1";"75";"75120";"2";"4";"1";"6";"AVENUE GAMBETTA";"48,8654270";"2,3989320"
"202000040128";"12";"3";"2020";"10:20";"1";"75";"75120";"2";"2";"1";"6";"RUE DES ORTEAUX";"48,8565610";"2,4022490"
"202000040129";"11";"3";"2020";"17:00";"1";"75";"75118";"2";"3";"1";"3";"RUE DU DEPARTEMENT";"48,8857520";"2,3649870"
"202000040130";"12";"3";"2020";"18:45";"5";"75";"75116";"2";"7";"1";"3";"AVENUE MARCEAU";"48,8661530";"2,2996000"
"202000040131";"12";"3";"2020";"09:15";"1";"75";"75116";"2";"1";"1";"2";"ALLEE DU BORD DE L EAU";"48,8564120";"2,2264810"
"202000040132";"12";"3";"2020";"20:20";"5";"75";"75114";"2";"2";"1";"7";"RUE DES PLANTES";"48,8286130";"2,3220650"
"202000040133";"12";"3";"2020";"16:50";"1";"75";"75114";"2";"1";"1";"6";"AVENUE DE LA PORTE DE CHATILLON";"48,8233400";"2,3165860"
"202000040134";"12";"3";"2020";"08:10";"1";"75";"75113";"2";"3";"2";"3";"RUE DE TOLBIAC";"48,8259370";"2,3527570"
"202000040135";"12";"3";"2020";"07:15";"1";"75";"75113";"2";"2";"2";"3";"BOULEVARD VINCENT AURIOL";"48,8363920";"2,3713510"
"202000040136";"12";"3";"2020";"15:50";"1";"75";"75112";"2";"1";"1";"3";"SOUTERRAIN QUAI DE LA RAPEE";"48,8435640";"2,3702180"
"202000040137";"12";"3";"2020";"20:00";"5";"75";"75110";"2";"1";"1";"6";"BOULEVARD DE MAGENTA";"48,8697240";"2,3619580"
"202000040138";"12";"3";"2020";"15:40";"1";"75";"75110";"2";"3";"1";"6";"BOULEVARD DE LA CHAPELLE";"48,8837250";"2,3512560"
"202000040139";"11";"3";"2020";"22:00";"5";"75";"75110";"2";"7";"8";"3";"PLACE DE VALENCIENNES";"48,8785340";"2,3540380"
"202000040140";"12";"3";"2020";"01:00";"5";"75";"75109";"2";"2";"1";"3";"BOULEVARD POISSONNIERE";"48,8707050";"2,3478820"
"202000040141";"12";"3";"2020";"08:30";"1";"75";"75108";"2";"3";"8";"6";"RUE DE MONCEAU";"48,8804890";"2,3164920"
"202000040142";"10";"3";"2020";"08:30";"1";"75";"75108";"2";"2";"2";"6";"AVENUE MONTAIGNE";"48,8670290";"2,3063010"
"202000040143";"11";"3";"2020";"16:35";"1";"75";"75107";"2";"3";"1";"2";"AVENUE DE LA MOTTE PICQUET";"48,8559650";"2,3080340"
"202000040144";"12";"3";"2020";"10:45";"1";"75";"75104";"2";"3";"1";"6";"RUE SAINT ANTOINE";"48,8547850";"2,3624150"
"202000040145";"11";"3";"2020";"23:20";"5";"75";"75101";"2";"5";"1";"6";"RUE DE RIVOLI";"48,8588008";"2,3474576"
"202000040146";"12";"3";"2020";"09:00";"1";"75";"75103";"2";"4";"1";"7";"RUE DU TEMPLE";"48,8671680";"2,3628100"
"202000040147";"12";"3";"2020";"13:55";"1";"94";"94058";"2";"1";"1";"2";"LEDRU ROLLIN (AV)";"48,8384740";"2,4949803"
"202000040148";"12";"3";"2020";"08:35";"1";"94";"94042";"2";"3";"1";" -1";"EUROPE (BD DE L)";"48,8137500";"2,4651500"
"202000040149";"12";"3";"2020";"09:00";"1";"94";"94046";"2";"1";"1";"6";"VICTOR HUGO (R)";"48,8002500";"2,4365100"
"202000040150";"12";"3";"2020";"21:30";"5";"94";"94016";"2";"3";"1";"6";"CAMILLE DESMOULINS (R)";"48,7947800";"2,3350600"
"202000040151";"12";"3";"2020";"10:45";"1";"94";"94076";"2";"1";"2";"2";"MAXIME GORKI (BD)";"48,7970500";"2,3676700"
"202000040152";"12";"3";"2020";"07:30";"1";"94";"94004";"2";"1";"2";"2";"AV DU GENERAL LECLERC";"48,7352000";"2,5197600"
"202000040153";"12";"3";"2020";"02:30";"5";"94";"94075";"2";"2";"1";"3";"MARECHAL DE LATTRE DE TASSIGNY (AV)";"48,7273586";"2,5359696"
"202000040154";"12";"3";"2020";"19:10";"5";"93";"93064";"2";"4";"1";"6";"AV DU PDT JOHN KENNEDY / R DU CLOS BARON";"48,8782500";"2,4884000"
"202000040155";"12";"3";"2020";"12:25";"1";"93";"93001";"2";"1";"1";"3";"AV JEAN JAURES";"48,9073000";"2,3960900"
"202000040156";"11";"3";"2020";"15:00";"1";"93";"93001";"2";"1";"1";"2";"129 AV VICTOR HUGO";"48,9092970";"2,3783380"
"202000040157";"12";"3";"2020";"08:14";"1";"92";"92049";"2";"1";"2";"6";"JAURES PLACE JEAN";"48,8162000";"2,3116000"
"202000040158";"12";"3";"2020";"09:20";"1";"92";"92040";"2";"1";"2";"3";"VERDUN (AVENUE DE) DU 152 AU 226";"48,8184849";"2,2525540"
"202000040159";"11";"3";"2020";"12:05";"1";"92";"92036";"2";"3";"1";"3";"GENERAL DE GAULLE (AVENUE) (PAIRS)";"48,9337840";"2,3134240"
"202000040160";"12";"3";"2020";"15:50";"1";"92";"92025";"2";"3";"1";"3";"CHARLES DE GAULLE (BD)";"48,9162110";"2,2264740"
"202000040161";"12";"3";"2020";"16:20";"1";"92";"92023";"2";"6";"1";"6";"EUGENE BEAUJARD (CARREFOUR)/ PORTE DE TRIVAUX (RUE DE) N°57 A 197 ET";"48,7896400";"2,2524200"
"202000040162";"12";"3";"2020";"20:10";"5";"92";"92012";"2";"1";"1";"3";"JEAN BAPTISTE CLEMENT (AVENUE) 49/FIN -";"48,8428590";"2,2315255"
"202000040163";"26";"2";"2020";"14:00";"1";"49";"49244";"1";"2";"1";"3";"Lieu Dit la Motte (Saint-Laurent-du-Mottay)";"47,3725640";" -0,9534670"
"202000040164";"12";"3";"2020";"20:30";"3";"54";"54006";"1";"1";"1";"3";"Rue Jean Mermoz";"48,7255460";"6,2376270"
"202000040165";"13";"3";"2020";"14:10";"1";"01";"01004";"1";"1";"1";"3";"D1075";"45,9691840";"5,3396130"
"202000040166";"12";"3";"2020";"23:00";"3";"33";"33021";"1";"1";"1";"6";"D10";"44,5069660";" -0,1553750"
"202000040167";"10";"3";"2020";"07:15";"2";"35";"35286";"1";"1";"1";"1";"La Croix";"48,3961584";" -1,6559992"
"202000040168";"12";"3";"2020";"17:00";"1";"57";"57015";"1";"1";"2";"3";"D22";"49,0623380";"6,7513560"
"202000040169";"13";"3";"2020";"12:00";"1";"35";"35165";"2";"1";"1";"3";"10 Grande Rue";"47,9491600";" -1,3623960"
"202000040170";"13";"3";"2020";"15:28";"1";"44";"44137";"1";"1";"1";" -1";"RN 165  -  PK 40+300";"47,3946890";" -1,9996830"
"202000040171";"12";"3";"2020";"12:32";"1";"40";"40295";"1";"1";"1";" -1";"RD10E";"44,3760619";" -0,8410277"
"202000040172";"13";"3";"2020";"12:10";"1";"56";"56125";"1";"1";"1";"6";"Kergurhan";"48,0729750";" -3,0760860"
"202000040173";"3";"2";"2020";"14:20";"1";"56";"56047";"1";"3";"1";"1";"Le Salut";"48,0590080";" -2,7786340"
"202000040174";"13";"3";"2020";"19:25";"2";"79";"79202";"2";"2";"1";"3";"Boulevard de l'Europe";"46,6522490";" -0,2280310"
"202000040175";"13";"3";"2020";"12:30";"1";"2B";"2B049";"1";"1";"1";"3";"D81";"42,5156390";"8,6905290"
"202000040176";"13";"3";"2020";"16:15";"1";"60";"60102";"2";"3";"1";"1";"48 Rue de la Libération";"49,3014460";"2,5301570"
"202000040177";"13";"3";"2020";"14:40";"1";"80";"80761";"1";"1";"1";"4";"Départementale 8";"49,7628606";"2,1663237"
"202000040178";"12";"3";"2020";"23:40";"3";"29";"29140";"1";"1";"1";"7";"Chemin de la Pointe";"48,3446760";" -4,3254863"
"202000040179";"13";"3";"2020";"14:45";"1";"68";"68270";"2";"3";"1";"3";"2 Rue de Kingersheim";"47,7886810";"7,2915960"
"202000040180";"12";"3";"2020";"18:20";"1";"44";"44175";"1";"2";"1";"2";"D47";"47,3836850";" -2,3152830"
"202000040181";"12";"3";"2020";"17:15";"1";"38";"38117";"1";"9";"1";"2";"D1532";"45,1642300";"5,3982300"
"202000040182";"10";"3";"2020";"19:50";"5";"01";"01093";"2";"2";"1";"2";"Route de Belleville";"46,1165470";"4,9465220"
"202000040183";"12";"3";"2020";"17:20";"1";"14";"14726";"1";"3";"1";"1";"D56";"48,8691270";" -0,6934190"
"202000040184";"12";"3";"2020";"19:30";"3";"50";"50490";"1";"1";"6";"6";"D650";"49,3769800";" -1,7382320"
"202000040185";"13";"3";"2020";"07:50";"1";"50";"50069";"1";"2";"1";"4";"19 Route de l'Epine";"48,7880930";" -1,2676120"
"202000040186";"12";"3";"2020";"16:13";"1";"73";"73274";"1";"1";"1";"5";"D912";"45,4243440";"5,8640030"
"202000040187";"8";"3";"2020";"15:30";"1";"36";"36224";"2";"2";"2";"3";"Rue de la Gare";"46,7344080";"0,9540080"
"202000040188";"13";"3";"2020";"18:35";"1";"21";"21527";"1";"1";"1";"6";"D906";"46,9379622";"4,6838216"
"202000040189";"11";"3";"2020";"16:30";"1";"40";"40110";"2";"1";"1";"7";"Route de la Chalosse";"43,6399970";" -0,3781810"
"202000040190";"11";"3";"2020";"08:00";"1";"88";"88438";"1";"1";"2";"1";"D32";"48,3266060";"6,7874250"