"Num_Acc";"jour";"mois";"an";"hrmn";"lum";"dep";"com";"agg";"int";"atm";"col";"adr";"lat";"long"
"202000040191";"7";"3";"2020";"18:00";"1";"67";"67008";"1";"1";"1";"7";"A352";"48,5187592";"7,5182889"
"202000040192";"13";"3";"2020";"06:00";"3";"39";"39434";"1";"1";"1";"5";"N/A";"46,8458640";"5,7032540"
"202000040193";"11";"3";"2020";"00:10";"1";"66";"66172";"1";"1";"1";"7";"D5";"42,7273870";"2,8506090"
"202000040194";"13";"3";"2020";"08:25";"1";"57";"57413";"1";"1";"1";"3";"A4";"49,1374310";"6,6388320"
"202000040195";"12";"3";"2020";"11:30";"1";"971";"97103";"2";"1";"1";"6";"rue de la république";"16,2655470";" -61,5874100"
"202000040196";"11";"3";"2020";"21:15";"5";"971";"97103";"1";"1";"1";"1";"D1";"16,2636810";" -61,6270570"
"202000040197";"12";"3";"2020";"08:30";"1";"971";"97118";"1";"1";"1";"7";"Route de la Traversee";"16,1758940";" -61,6990470"
"202000040198";"13";"3";"2020";"09:15";"1";"977";"97701";"2";"9";"1";"1";"saint jean";"17,9028940";" -62,8391250"
"202000040199";"12";"3";"2020";"18:45";"1";"95";"95641";"1";"1";"1";"7";"D9";"49,0606370";"2,5528840"
"202000040200";"12";"3";"2020";"13:15";"1";"34";"34056";"1";"9";"1";"7";"D32";"43,4310600";"3,4373040"
"202000040201";"10";"3";"2020";"17:00";"1";"13";"13015";"2";"6";"1";"3";"Rue paul émile victor";"43,4398800";"5,4166940"
"202000040202";"13";"3";"2020";"14:50";"1";"68";"68012";"2";"1";"1";"3";"34 Grand Rue";"47,7745680";"7,1293010"
"202000040203";"12";"3";"2020";"15:00";"1";"54";"54557";"2";"1";"8";"3";"89 Chemin de la Poste";"48,6932220";"6,0312120"
"202000040204";"13";"3";"2020";"16:00";"1";"57";"57481";"1";"9";"1";"6";"Route de Moyeuvre";"49,2363610";"6,0319020"
"202000040205";"11";"3";"2020";"12:30";"1";"03";"03102";"2";"2";"1";"3";"589 Rue du Port";"46,5244149";"3,6890286"
"202000040206";"12";"3";"2020";"17:50";"1";"64";"64230";"1";"1";"1";"7";"RN 134";"43,2193270";" -0,4000510"
"202000040207";"3";"3";"2020";"02:47";"3";"33";"33272";"1";"1";"8";"6";"nationale 10";"45,0609270";" -0,3979650"
"202000040208";"11";"3";"2020";"16:50";"1";"13";"13216";"1";"1";"1";"4";"A55-Sens Martigues vers Marseille";"43,3634000";"5,3401000"
"202000040209";"9";"2";"2020";"04:08";"3";"57";"57221";"1";"1";"1";"7";"Autoroute A31";"49,3472559";"6,1113060"
"202000040210";"12";"3";"2020";"09:15";"1";"94";"94034";"1";"1";"1";"4";"AUTOROUTE A86";"48,7616500";"2,3156900"
"202000040211";"12";"3";"2020";"05:20";"3";"91";"91086";"1";"1";"2";"2";"RN 104";"48,6239800";"2,3737600"
"202000040212";"12";"3";"2020";"21:00";"3";"78";"78402";"1";"1";"1";"7";"A13";"48,9652800";"1,8041870"
"202000040213";"12";"3";"2020";"07:40";"1";"78";"78029";"1";"1";"1";"3";"A13W";"48,9644710";"1,8455730"
"202000040214";"8";"3";"2020";"21:15";"3";"95";"95582";"1";"1";"1";"4";"RD 170";"48,9671500";"2,2735100"
"202000040215";"8";"3";"2020";"20:20";"3";"95";"95582";"1";"1";"1";"6";"AUTOROUTE A115";"48,9736300";"2,2452100"
"202000040216";"12";"3";"2020";"14:45";"1";"94";"94069";"1";"1";"1";"2";"A4";"48,8167000";"2,4333000"
"202000040217";"12";"3";"2020";"08:30";"1";"94";"94017";"1";"1";"1";"3";"A4";"48,8291401";"2,4803800"
"202000040218";"11";"3";"2020";"16:00";"1";"77";"77249";"1";"1";"1";"2";"RN104";"48,7316626";"2,6092624"
"202000040219";"11";"3";"2020";"12:00";"1";"94";"94069";"1";"1";"1";"5";"A4";"48,8175409";"2,4350450"
"202000040220";"7";"1";"2020";"16:20";"1";"974";"97409";"2";"1";"1";"3";"137 Chemin du volcan";" -21,2096770";"55,5910590"
"202000040221";"6";"1";"2020";"15:10";"1";"50";"50218";"2";"1";"1";" -1";"WINSTON CHURCHILL (RUE)";"48,8362580";" -1,5794900"
"202000040222";"12";"3";"2020";"07:10";"1";"988";"98818";"2";"3";"1";"1";"RUE AUGUSTE BENEBIG";" -22,2677000";"166,4559200"
"202000040223";"11";"3";"2020";"17:00";"1";"988";"98818";"2";"3";"1";"3";"GERVOLINO (RUE ROGER) / MARTINET (RUE HENRI)";" -22,2644900";"166,4719400"
"202000040224";"11";"3";"2020";"10:55";"1";"974";"97411";"2";"1";"1";"6";"Rue Monthyon";" -20,8873700";"55,4556580"
"202000040225";"11";"3";"2020";"09:15";"1";"974";"97411";"2";"1";"1";"4";"RAMBAUD (LEOPOLD)";" -20,8858400";"55,4749300"
"202000040226";"10";"3";"2020";"19:00";"5";"974";"97411";"2";"1";"1";"6";"BEARN (RUE DU)";" -20,9032600";"55,4886200"
"202000040227";"11";"3";"2020";"18:36";"2";"69";"69199";"2";"3";"1";"3";"COMMUNE DE PARIS 1871 (DE LA)       (R )";"45,7095000";"4,8627200"
"202000040228";"11";"3";"2020";"16:27";"1";"69";"69388";"2";"3";"1";"3";"ETATS UNIS (DES)                    (BD)";"45,7333900";"4,8646000"
"202000040229";"11";"3";"2020";"10:20";"1";"69";"69259";"2";"1";"1";"6";"MARTYRS DE LA RESISTANCE (DES)      (AV)";"45,6913212";"4,8707271"
"202000040230";"11";"3";"2020";"09:10";"1";"69";"69388";"2";"1";"1";"6";"FRANCIS DE PRESSENSE                (AV)";"45,7309304";"4,8597805"
"202000040231";"11";"3";"2020";"08:32";"1";"69";"69386";"2";"3";"1";"3";"Rue Molière";"45,7333900";"4,8646000"
"202000040232";"10";"3";"2020";"12:00";"1";"972";"97209";"2";"3";"1";"6";"RAVINE VILAINE (CHEMIN DEPARTEMENTAL DE)";"14,6354300";" -61,0596400"
"202000040233";"9";"3";"2020";"13:00";"1";"972";"97209";"2";"1";"1";"1";"RD 41 (ROCADE)";"14,6143100";" -61,0703000"
"202000040234";"25";"2";"2020";"20:30";"5";"972";"97209";"2";"1";"1";"1";"REDOUTE (ROUTE DE LA)";"14,6256000";" -61,0605100"
"202000040235";"11";"3";"2020";"18:22";"5";"69";"69382";"2";"1";"1";"1";"ANCIENNE PREFECTURE (DE L')         (R )";"45,7609396";"4,8328693"
"202000040236";"11";"3";"2020";"18:10";"1";"69";"69034";"2";"1";"1";"6";"CREPIEUX (DE)                       (CH)";"45,8009493";"4,8546595"
"202000040237";"11";"3";"2020";"14:00";"1";"69";"69382";"2";"1";"1";" -1";"BARRE (DE LA)                       (R )";"45,7577961";"4,8346745"
"202000040238";"30";"8";"2020";"02:55";"3";"35";"35266";"2";"6";"1";"6";"La Frogerais";"48,0180410";" -1,6603970"
"202000040239";"30";"8";"2020";"03:15";"3";"45";"45146";"1";"1";"1";"6";"Autouroute A71 - P.K. 118+700 - Sens 2";"47,7215350";"1,8901740"
"202000040240";"31";"8";"2020";"10:40";"1";"13";"13051";"1";"1";"1";"2";"A7";"43,5856240";"5,2030460"
"202000040241";"30";"8";"2020";"03:00";"4";"987";"98753";"1";"1";"1";"6";"RT 301";" -23,3990630";" -149,4950440"
"202000040242";"30";"8";"2020";"20:30";"5";"986";"98613";"2";"1";"1";"7";"RT1";" -22,2803870";"166,4489430"
"202000040243";"25";"8";"2020";"14:45";"1";"974";"97418";"1";"1";"2";" -1";"Route de la Ressource";" -20,9298750";"55,5362470"
"202000040244";"30";"8";"2020";"21:45";"5";"973";"97305";"1";"2";"1";"1";"N1";"4,9203220";" -52,3844430"
"202000040245";"31";"8";"2020";"12:10";"1";"45";"45312";"2";"3";"1";"2";"D2007 PR28+700";"47,9175840";"2,7365130"
"202000040246";"30";"8";"2020";"19:45";"2";"2A";"2A247";"1";"1";"1";"1";"Route de Palombaggia";"41,5868090";"9,3016970"
"202000040247";"30";"8";"2020";"18:45";"1";"84";"84065";"2";"3";"1";"3";"Rue du Portail";"43,7458790";"5,3122180"
"202000040248";"31";"8";"2020";"11:35";"1";"83";"83027";"1";"1";"1";"2";"D66";"43,2011680";"5,7332810"
"202000040249";"12";"8";"2020";"15:28";"1";"06";"06147";"1";"1";"1";"3";"2054 Route de Levens";"43,8155530";"7,2653630"
"202000040250";"28";"8";"2020";"00:00";"3";"73";"73015";"1";"1";"1";"6";"D90 ROUTE DE MOTTARET";"45,3841500";"6,5747810"
"202000040251";"30";"8";"2020";"21:30";"3";"38";"38565";"2";"1";"1";"2";"Avenue de Juin 1940";"45,2995060";"5,6279340"
"202000040252";"31";"8";"2020";"12:10";"1";"81";"81011";"1";"3";"1";"3";"route de Sainte Cécile";"43,7276770";"1,8306830"
"202000040253";"31";"8";"2020";"13:30";"1";"65";"65295";"1";"1";"1";"7";"Route de Gavarnie";"42,8523650";" -0,0065450"
"202000040254";"30";"8";"2020";"14:05";"1";"56";"56176";"2";"1";"1";"6";"1 Rue André Ampère";"47,6711600";" -2,9614190"
"202000040255";"30";"8";"2020";"16:35";"1";"13";"13055";"1";"1";"1";"2";"A507 sens Aubagne- Marseille";"43,3299000";"5,4000000"
"202000040256";"29";"8";"2020";"15:25";"1";"13";"13216";"1";"1";"2";"6";"A55-Sens Marseille vers Martigues";"43,3391500";"5,3486200"
"202000040257";"28";"8";"2020";"13:05";"1";"13";"13211";"1";"1";"1";"5";"A50-Sens Marseille vers Aubagne";"43,2864400";"5,5083700"
"202000040258";"30";"8";"2020";"20:57";"2";"94";"94034";"1";"1";"2";"6";"AUTOROUTE A86";"48,7566170";"2,3329750"
"202000040259";"30";"8";"2020";"13:35";"1";"94";"94021";"1";"1";"1";"3";"AUTOROUTE A6B";"48,7602000";"2,3384100"
"202000040260";"29";"8";"2020";"23:37";"3";"91";"91235";"1";"1";"2";"6";"RN 104";"48,6262880";"2,3527160"
"202000040261";"30";"8";"2020";"11:20";"1";"78";"78646";"1";"1";"2";"6";"RN12";"48,7894300";"2,1274060"
"202000040262";"30";"8";"2020";"10:30";"1";"92";"92050";"1";"1";"2";"6";"A14";"48,9012000";"2,2058000"
"202000040263";"29";"8";"2020";"13:35";"1";"92";"92036";"1";"1";"3";"4";"A86";"48,9364215";"2,2894558"
"202000040264";"30";"8";"2020";"19:20";"1";"93";"93027";"1";"1";"2";"6";"BDL";"48,9258600";"2,4001600"
"202000040265";"30";"8";"2020";"20:00";"3";"93";"93005";"1";"1";"2";"2";"AUTOROUTE A1";"48,9605600";"2,4679800"
"202000040266";"30";"8";"2020";"13:30";"1";"95";"95582";"1";"1";"1";"6";" A9015036";"48,9639600";"2,2684100"
"202000040267";"30";"8";"2020";"03:45";"3";"95";"95212";"1";"1";"1";"6";"RN 104";"49,0329400";"2,5426700"
"202000040268";"30";"8";"2020";"01:30";"5";"93";"93066";"1";"1";"1";"3";"AUTOROUTE A1";"48,9262600";"2,3567200"
"202000040269";"29";"8";"2020";"16:30";"1";"93";"93053";"1";"1";"3";"7";"AUTOROUTE A103";"48,8896938";"2,4729458"
"202000040270";"30";"8";"2020";"12:30";"1";"77";"77373";"1";"1";"1";"6";"RN104";"48,7711180";"2,6119320"
"202000040271";"16";"1";"2020";"04:10";"5";"60";"60057";"2";"2";"5";"6";"8 MAI 1945 (AVENUE DU)";"49,4412800";"2,0952600"
"202000040272";"28";"8";"2020";"11:20";"1";"973";"97302";"2";"1";"1";"3";"MONTABO (ROUTE DE) 1";"4,9306160";" -52,2905660"
"202000040273";"26";"8";"2020";"18:30";"1";"69";"69384";"2";"1";"1";" -1";"BIRMINGHAM (DE)                     (AV)";"45,7747000";"4,8131500"
"202000040274";"28";"8";"2020";"17:50";"1";"971";"97101";"1";"4";"1";"1";"CARAQUE";"16,2504888";" -61,4883451"
"202000040275";"29";"8";"2020";"16:18";"1";"95";"95539";"1";"1";"2";"5";"RD 301";"48,9932000";"2,3607000"
"202000040276";"29";"8";"2020";"22:50";"5";"95";"95428";"2";"1";"1";"3";"RD 124 ";"49,0007400";"2,3202900"
"202000040277";"28";"8";"2020";"20:19";"1";"91";"91691";"2";"2";"1";"3";"PAUL DOUMER(RUE)";"48,7179400";"2,5138400"
"202000040278";"29";"8";"2020";"17:05";"1";"91";"91433";"1";"6";"1";"6";"R.N. 20";"48,4379800";"2,1636700"
"202000040279";"21";"8";"2020";"08:50";"1";"83";"83123";"2";"1";"1";"6";"GARE (ROUTE)";"43,1216740";"5,8188930"
"202000040280";"29";"8";"2020";"02:50";"3";"78";"78384";"1";"1";"8";"7";"BOIS DE MEDAN (ROUTE DU)";"48,9551600";"1,9805500"
"202000040281";"29";"8";"2020";"00:20";"5";"77";"77404";"2";"1";"1";"1";"RUE VICTOR HUGO";"48,5270273";"3,2614035"
"202000040282";"29";"8";"2020";"09:55";"1";"74";"74298";"2";"1";"1";"3";"TANINGES (ROUTE DE )";"46,1858900";"6,2753200"
"202000040283";"29";"8";"2020";"20:18";"2";"69";"69275";"2";"3";"1";" -1";"JEAN JAURES                         (AV)";"45,7706200";"4,9572800"
"202000040284";"28";"8";"2020";"21:00";"2";"65";"65047";"2";"1";"1";"6";"BOIS (RUE DU)";"43,2430200";"0,1025300"
"202000040285";"29";"8";"2020";"01:45";"5";"59";"59350";"2";"3";"1";"2";"ERFURT PONT";"50,6399300";"3,0766200"
"202000040286";"29";"8";"2020";"15:10";"1";"56";"56260";"2";"1";"1";"6";"BOUCICAUT (RUE ARISTIDE)";"47,6707100";" -2,7914000"
"202000040287";"30";"8";"2020";"00:15";"5";"44";"44109";"2";"3";"8";"3";"RUE DE L'HOTEL DE VILLE";"47,2179100";" -1,5534500"
"202000040288";"29";"8";"2020";"18:35";"1";"41";"41295";"2";"1";"2";"2";"RUE PIERRE GILLES DE GENNES";"47,5699300";"1,3741100"
"202000040289";"29";"8";"2020";"22:40";"5";"35";"35238";"2";"2";"1";"3";"HERMINE (DE L')";"48,1117500";" -1,6801700"
"202000040290";"29";"8";"2020";"20:00";"1";"35";"35238";"2";"9";"1";"2";"MONNAIE ( DE LA)";"48,1113200";" -1,6844800"
"202000040291";"29";"8";"2020";"02:40";"5";"35";"35238";"2";"3";"1";"6";"VERN (DE)";"48,0962376";" -1,6522378"
"202000040292";"29";"8";"2020";"01:27";"5";"34";"34172";"2";"1";"2";"6";"FABRE DE MORLHON (BOULEVARD JACQUES)";"43,5889800";"3,8895800"
"202000040293";"29";"8";"2020";"22:40";"5";"33";"33063";"2";"2";"1";"3";"JARDIN PUBLIC (RUE DU)";"44,8593600";" -0,5711800"
"202000040294";"29";"8";"2020";"22:10";"5";"30";"30189";"2";"1";"1";"3";"FONTAINE (QUAI)";"43,8388500";"4,3526600"
"202000040295";"29";"8";"2020";"19:15";"1";"30";"30189";"2";"1";"1";"2";"JAURES JEAN (BOULEVARD)";"43,8352000";"4,3506000"
"202000040296";"29";"8";"2020";"10:00";"1";"26";"26198";"2";"1";"8";"6";"20 rue Pierre Julien ";"44,5562520";"4,7500410"
"202000040297";"29";"8";"2020";"13:00";"1";"25";"25056";"2";"1";"1";"2";"RUE DE BELFORT";"47,2597500";"6,0464100"
"202000040298";"29";"8";"2020";"16:34";"1";"17";"17300";"2";"6";"1";"3";"REPUBLIQUE   BOULEVARD DE LA";"46,1399700";" -1,1450400"
"202000040299";"29";"8";"2020";"08:25";"1";"17";"17291";"1";"1";"1";"2";"N11";"46,1725400";" -1,1190200"
"202000040300";"28";"8";"2020";"16:40";"1";"15";"15014";"1";"1";"2";"6";"BRIAND (AVENUE ARISTIDE)";"44,9243040";"2,4716470"
"202000040301";"15";"8";"2020";"21:50";"5";"13";"13043";"2";"1";"1";"7";"LOUBATIER (CHE DU )";"43,3956000";"5,2444000"
"202000040302";"29";"8";"2020";"23:00";"5";"13";"13204";"2";"1";"1";"3";"CHARTREUX (AVENUE DES)";"43,3112800";"5,4010600"
"202000040303";"29";"8";"2020";"12:30";"1";"13";"13204";"2";"1";"2";"6";"LIBERATION (BOULEVARD)";"43,3015890";"5,3929400"
"202000040304";"29";"8";"2020";"06:10";"5";"13";"13212";"2";"1";"8";"6";"POILUS (AVENUE DES)";"43,3154430";"5,4616510"
"202000040305";"29";"8";"2020";"00:25";"5";"13";"13204";"2";"1";"8";" -1";"SAINT JUST (AVENUE DE)";"43,3126000";"5,4016000"
"202000040306";"28";"8";"2020";"11:40";"1";"13";"13005";"1";"3";"1";"3";"LONGUELANCE (CHEMIN DE )";"43,3178200";"5,5797600"
"202000040307";"29";"8";"2020";"19:55";"2";"06";"06088";"2";"1";"2";"5";"MARNE (AV. DE LA)";"43,7260400";"7,2697700"
"202000040308";"29";"8";"2020";"21:55";"5";"06";"06069";"1";"1";"2";"3";"DRAGUIGNAN (ROUTE DE) - D2562-";"43,6429660";"6,9084170"
"202000040309";"29";"8";"2020";"14:55";"1";"06";"06123";"2";"1";"3";"3";"ISCLES CHEMIN DES";"43,7008000";"7,1848200"
"202000040310";"28";"8";"2020";"16:55";"1";"01";"01344";"2";"6";"2";"3";"BRESSE (AVENUE DE)";"46,2043700";"5,1981200"
"202000040311";"29";"8";"2020";"00:15";"5";"75";"75115";"2";"3";"1";"6";"BOULEVARD DE GRENELLE";"48,8498040";"2,2960290"
"202000040312";"27";"8";"2020";"14:30";"1";"75";"75115";"2";"1";"1";"3";"RUE LINOIS";"48,8480410";"2,2836050"
"202000040313";"29";"8";"2020";"21:40";"5";"75";"75113";"2";"1";"9";"6";"RUE DE TOLBIAC";"48,8257580";"2,3492350"
"202000040314";"29";"8";"2020";"19:08";"1";"75";"75113";"2";"4";"1";"3";"BOULEVARD DE L HOPITAL";"48,8399860";"2,3617690"
"202000040315";"29";"8";"2020";"14:20";"1";"75";"75110";"2";"1";"3";"2";"RUE DU FAUBOURG SAINT MARTIN";"48,8831020";"2,3676440"
"202000040316";"29";"8";"2020";"17:30";"1";"75";"75107";"2";"2";"2";"3";"RUE SAINT DOMINIQUE";"48,8598040";"2,3181540"
"202000040317";"29";"8";"2020";"10:30";"1";"75";"75102";"2";"7";"1";"3";"PLACE DE L OPERA";"48,8706260";"2,3320780"
"202000040318";"29";"8";"2020";"05:05";"5";"75";"75101";"2";"3";"2";"3";"QUAI FRANCOIS MITTERRAND";"48,8607680";"2,3304010"
"202000040319";"29";"8";"2020";"07:10";"1";"75";"75101";"2";"3";"1";"1";"QUAI FRANCOIS MITTERRAND";"48,8601110";"2,3333320"
"202000040320";"29";"8";"2020";"04:15";"3";"94";"94028";"1";"1";"1";"4";"POMPADOUR(ROUTE DE LA)";"48,7771600";"2,4420600"
"202000040321";"28";"8";"2020";"18:50";"1";"94";"94002";"2";"2";"1";"6";"EMILE ZOLA (R)";"48,7982600";"2,4206200"
"202000040322";"29";"8";"2020";"17:45";"1";"93";"93059";"2";"2";"2";"6";"ETIENNE DOLET (RUE)";"48,9664000";"2,3661000"
"202000040323";"29";"8";"2020";"15:05";"1";"93";"93066";"2";"4";"3";"3";"GENIN";"48,9308204";"2,3529900"
"202000040324";"29";"8";"2020";"19:25";"1";"93";"93077";"2";"1";"2";"4";"GRANDE RUE";"48,8843845";"2,5081814"
"202000040325";"29";"8";"2020";"10:30";"1";"93";"93057";"2";"1";"1";"6";"BRIAND (AV. ARISTIDE) 214A 236";"48,9103495";"2,5110643"
"202000040326";"29";"7";"2020";"18:00";"1";"87";"87157";"1";"3";"1";"3";"Saint-Laurent-les-Églises";"45,9706010";"1,4826820"
"202000040327";"28";"8";"2020";"19:00";"1";"68";"68005";"1";"1";"1";"6";"D11.8";"48,1081190";"7,2362030"
"202000040328";"28";"8";"2020";"09:35";"1";"68";"68277";"2";"1";"1";"6";"5 Route de Colmar";"48,1642310";"7,3057980"
"202000040329";"29";"8";"2020";"15:35";"1";"28";"28286";"2";"2";"1";"3";"Rue des Tilleuls";"48,3873800";"1,2966330"
"202000040330";"30";"8";"2020";"14:30";"1";"974";"97412";"2";"1";"1";"3";"Rue Jules Hoareau";" -21,3506320";"55,6124710"
"202000040331";"29";"8";"2020";"03:20";"3";"972";"97234";"1";"1";"1";"1";"Rue du Bateau";"14,6684030";" -61,1555190"
"202000040332";"29";"8";"2020";"14:40";"1";"62";"62645";"2";"1";"6";"6";"275 Rue Marcel Dalle";"50,9827350";"2,0566320"
"202000040333";"29";"8";"2020";"17:10";"1";"46";"46103";"1";"2";"1";" -1";"D19";"44,3104760";"1,4328470"
"202000040334";"28";"8";"2020";"12:15";"1";"69";"69283";"1";"9";"2";"1";"983 Rue des Albatros";"45,6797210";"4,9577470"
"202000040335";"30";"8";"2020";"12:55";"1";"44";"44033";"1";"1";"1";"6";"La Chapelle-Launay";"47,3894520";" -1,9871310"
"202000040336";"30";"8";"2020";"07:10";"2";"44";"44089";"1";"1";"1";"6";"N165 - PK 29.300";"47,3499310";" -1,8751320"
"202000040337";"28";"8";"2020";"23:47";"5";"62";"62376";"1";"2";"1";"3";"D182";"50,5623390";"2,6033630"
"202000040338";"30";"8";"2020";"10:25";"1";"57";"57540";"2";"1";"2";"2";"Rue du General Rottenbourg";"48,7632270";"7,2604290"
"202000040339";"30";"8";"2020";"15:45";"1";"74";"74173";"1";"1";"2";"6";"1775 Route du Leutaz";"45,8300430";"6,5965910"
"202000040340";"30";"8";"2020";"17:45";"1";"79";"79157";"1";"1";"2";"4";"N/A";"47,0103350";" -0,1969600"
"202000040341";"29";"8";"2020";"16:25";"1";"19";"19030";"1";"1";"3";"6";"A89";"45,1690660";"1,3245500"
"202000040342";"30";"8";"2020";"01:40";"3";"89";"89237";"1";"1";"1";"6";"D100";"47,6137819";"3,6757958"
"202000040343";"30";"8";"2020";"11:00";"1";"63";"63465";"1";"3";"1";"3";"D205";"45,4240200";"3,8901470"
"202000040344";"27";"8";"2020";"09:00";"1";"42";"42248";"2";"7";"7";"6";"Rue d'Urfé";"45,9144000";"3,8461750"
"202000040345";"29";"8";"2020";"08:05";"1";"86";"86180";"1";"1";"1";"7";"Route de Poitiers";"46,5226330";"0,4091280"
"202000040346";"31";"7";"2020";"14:30";"1";"34";"34335";"2";"1";"1";"7";"Avenue Jean Jaurès";"43,6176330";"3,1174040"
"202000040347";"29";"8";"2020";"03:20";"3";"22";"22229";"1";"1";"2";"7";"Les Isles";"48,2683660";" -3,2760230"
"202000040348";"28";"8";"2020";"15:45";"1";"44";"44090";"1";"1";"1";"1";"D117";"46,9981210";" -1,7412850"
"202000040349";"29";"8";"2020";"23:50";"3";"29";"29145";"1";"1";"1";"7";"D765 - Menez Nevez";"48,0508620";" -4,4440980"
"202000040350";"30";"8";"2020";"03:00";"5";"38";"38249";"2";"1";"2";"6";"Rue General de Gaulle";"45,2266190";"5,8027640"
"202000040351";"30";"8";"2020";"02:50";"3";"03";"03312";"1";"1";"1";"6";"N/A";"46,4905369";"2,8978531"
"202000040352";"30";"8";"2020";"06:15";"2";"72";"72183";"1";"1";"1";"7";"La Parrerie";"47,7029750";"0,5290390"
"202000040353";"29";"8";"2020";"21:15";"5";"60";"60178";"2";"1";"1";"1";"Rue de la Rochefoucauld";"49,6041870";"2,0781740"
"202000040354";"29";"8";"2020";"17:30";"1";"60";"60319";"1";"1";"2";"7";"lieu dit le chêne poulleux";"49,3649570";"1,9425630"
"202000040355";"24";"8";"2020";"14:15";"1";"64";"64013";"1";"1";"1";"7";"D422";"43,2185000";" -1,1784550"
"202000040356";"30";"8";"2020";"08:20";"3";"64";"64452";"2";"1";"8";"7";"2 Chemin de la Carrere";"43,3116510";" -0,0565690"
"202000040357";"29";"8";"2020";"18:30";"1";"10";"10323";"2";"2";"1";"3";"Avenue Diderot";"48,5163340";"3,7149020"
"202000040358";"30";"8";"2020";"02:10";"3";"10";"10317";"1";"1";"1";"7";"RD 17";"47,9762630";"4,3871610"
"202000040359";"30";"8";"2020";"10:35";"1";"07";"07038";"1";"1";"8";"7";"D19";"44,6360780";"4,0915700"
"202000040360";"30";"8";"2020";"04:30";"3";"85";"85280";"1";"1";"1";"6";"Route du Molin";"46,8699590";" -1,9333300"
"202000040361";"28";"8";"2020";"13:24";"1";"28";"28401";"2";"3";"1";"6";"29 Rue Emile Richard";"48,4597540";"0,9913770"
"202000040362";"28";"8";"2020";"04:35";"3";"17";"17340";"1";"1";"1";"6";"D911";"46,0842750";" -0,7750510"
"202000040363";"29";"8";"2020";"11:10";"1";"30";"30053";"2";"1";"1";"2";"d8";"43,9769270";"4,2077420"
"202000040364";"30";"8";"2020";"11:29";"1";"48";"48146";"1";"1";"1";"7";"D986";"44,3606790";"3,4058580"
"202000040365";"29";"8";"2020";"13:20";"1";"67";"67506";"1";"1";"1";"6";"A35";"48,6739680";"7,7423829"
"202000040366";"28";"8";"2020";"14:00";"1";"01";"01024";"1";"1";"3";"3";"A40";"46,2614270";"5,1687940"
"202000040367";"30";"8";"2020";"05:15";"3";"95";"95580";"1";"1";"1";"1";"RD 317";"49,0849940";"2,5299186"
"202000040368";"17";"8";"2020";"15:20";"1";"13";"13103";"1";"1";"1";"2";"A54";"43,6274520";"5,1062230"
"202000040369";"30";"8";"2020";"01:00";"3";"988";"98823";"1";"1";"1";"7";"RT3 Tribu de Monéo";" -21,1710100";"165,5139300"
"202000040370";"29";"8";"2020";"21:00";"3";"973";"97306";"1";"1";"2";"7";"Route Nationale N 1 PK 241";"5,4628960";" -53,8920270"
"202000040371";"30";"8";"2020";"18:05";"1";"77";"77476";"1";"1";"8";"1";"D401";"49,0412720";"2,9556660"
"202000040372";"30";"8";"2020";"09:50";"1";"34";"34209";"1";"3";"1";"7";"D37";"43,2892330";"3,3626100"
"202000040373";"29";"8";"2020";"17:15";"1";"13";"13015";"2";"1";"2";"3";"AVENUE PIERRE BROSSOLETTE";"43,4571320";"5,4129120"
"202000040374";"29";"8";"2020";"23:35";"5";"13";"13109";"2";"1";"1";"6";"664 Avenue Paul Julien";"43,5106450";"5,4880760"
"202000040375";"29";"8";"2020";"20:55";"3";"71";"71583";"1";"1";"1";"1";"D906";"46,2611348";"4,7925060"
"202000040376";"29";"8";"2020";"14:20";"1";"88";"88273";"1";"1";"1";"6";"D66";"48,2346430";"6,5093350"
"202000040377";"29";"8";"2020";"14:10";"1";"57";"57663";"2";"1";"1";"3";"289 Rue de Metz";"49,2271480";"6,1669890"
"202000040378";"29";"8";"2020";"23:40";"5";"81";"81140";"2";"1";"1";"7";"7 Rue d'Escaluffe";"43,6889500";"1,8137580"
"202000040379";"29";"8";"2020";"17:00";"1";"17";"17336";"2";"2";"1";"3";"Rue des Grands Maurices";"45,7692740";" -0,7181350"
"202000040380";"29";"8";"2020";"10:25";"1";"17";"17240";"2";"2";"1";"3";"Avenue de la République";"45,2821300";" -0,3969940"
"202000040381";"29";"8";"2020";"16:30";"1";"85";"85151";"2";"7";"1";"6";"13 Rue Dauphine";"46,9919930";" -0,9541140"
"202000040382";"28";"8";"2020";"12:35";"1";"29";"29058";"1";"1";"1";"3";"D45 - Route de Beg-meil";"47,8828880";" -4,0053270"
"202000040383";"17";"8";"2020";"18:40";"1";"80";"80025";"2";"1";"1";"7";"Route de Vron";"50,3413810";"1,8349020"
"202000040384";"28";"8";"2020";"10:20";"1";"62";"62505";"1";"1";"3";"6";"autoroute A 16";"50,8471390";"1,7191460"
"202000040385";"28";"8";"2020";"19:30";"1";"13";"13203";"1";"1";"1";"3";"A7-Sens Lyon vers Marseille";"43,3238000";"5,3782000"
"202000040386";"29";"8";"2020";"03:45";"3";"13";"13071";"1";"1";"1";" -1";"A55 - Sens Marseille vers Martigues";"43,3975900";"5,2983390"