"Num_Acc";"jour";"mois";"an";"hrmn";"lum";"dep";"com";"agg";"int";"atm";"col";"adr";"lat";"long"
"202000040387";"29";"8";"2020";"15:17";"1";"91";"91689";"1";"1";"2";"4";"AUTOROUTE A6";"48,7288600";"2,3144000"
"202000040388";"29";"8";"2020";"00:50";"3";"91";"91689";"1";"1";"1";"2";"AUTOROUTE A6";"48,7268816";"2,3135977"
"202000040389";"29";"8";"2020";"11:00";"1";"92";"92062";"1";"1";"1";"7";"RN1014 W";"48,8875650";"2,2514370"
"202000040390";"29";"8";"2020";"04:50";"3";"78";"78321";"1";"1";"1";"2";"RN12 EXT";"48,7990010";"1,9197030"
"202000040391";"28";"8";"2020";"15:10";"1";"78";"78640";"1";"1";"1";"5";"A86 EXT";"48,7775620";"2,2197010"
"202000040392";"29";"8";"2020";"18:25";"1";"95";"95572";"1";"1";"8";" -1";" A15";"49,0346700";"2,1002500"
"202000040393";"29";"8";"2020";"14:45";"1";"95";"95424";"1";"1";"3";"7";" A15";"48,9898361";"2,1985679"
"202000040394";"29";"8";"2020";"08:00";"1";"93";"93027";"1";"1";"1";"2";"AUTOROUTE A1";"48,9339700";"2,3833900"
"202000040395";"6";"9";"2020";"02:00";"3";"94";"94018";"1";"1";"1";"3";"A4";"48,8174000";"2,4218000"
"202000040396";"29";"8";"2020";"20:10";"2";"94";"94018";"1";"1";"2";"2";"A4";"48,8232003";"2,3958043"
"202000040397";"29";"8";"2020";"08:00";"1";"94";"94028";"1";"1";"1";"7";"RN406.Y";"48,7766802";"2,4422998"
"202000040398";"26";"2";"2020";"17:55";"1";"94";"94028";"2";"3";"8";"3";"BORDIERES(RUE DES)";"48,8004200";"2,4512900"
"202000040399";"28";"8";"2020";"13:30";"1";"974";"97416";"1";"9";"1";"3";"DELISLES (ROUTE HUBERT) CD3";" -21,3119400";"55,5433500"
"202000040400";"28";"8";"2020";"14:15";"1";"974";"97411";"2";"1";"1";"6";"Rue des Jacinthes";" -20,9104600";"55,4817100"
"202000040401";"27";"8";"2020";"07:25";"1";"974";"97411";"2";"1";"1";"6";"MALARTIC (RUE)";" -20,8868200";"55,4521800"
"202000040402";"28";"8";"2020";"15:10";"1";"69";"69386";"2";"2";"3";"3";"LAFAYETTE                           (CO)";"45,7636000";"4,8482900"
"202000040403";"28";"8";"2020";"14:30";"1";"972";"97209";"2";"3";"1";"3";"TOUSSAINT LOUVERTURE (RUE)";"14,6081700";" -61,0681300"
"202000040404";"28";"8";"2020";"18:00";"1";"69";"69081";"2";"1";"3";"2";"PROFESSEUR PAUL SANTY (DU)   AL";"45,7700000";"4,7700000"
"202000040405";"27";"8";"2020";"12:23";"1";"69";"69384";"2";"1";"1";"1";"CANUTS (DES)                        (BD)";"45,7799216";"4,8274192"
"202000040406";"27";"8";"2020";"12:10";"1";"87";"87085";"1";"1";"1";"2";"RN520";"45,8913300";"1,2842900"
"202000040407";"28";"8";"2020";"17:45";"1";"86";"86194";"2";"3";"1";"2";"Rocade Ouest";"46,6086626";"0,3429018"
"202000040408";"28";"8";"2020";"13:45";"1";"83";"83069";"2";"1";"1";"3";"TOULON (VIEUX CHEMIN DE)";"43,1233600";"6,1012400"
"202000040409";"28";"8";"2020";"12:30";"1";"83";"83069";"2";"6";"1";"3";"DECUGIS (AVENUE ALFRED)";"43,1163900";"6,1467400"
"202000040410";"27";"8";"2020";"07:15";"1";"77";"77337";"1";"1";"1";"6";"D199 - MARNE VPN (ROUTE DE LA)";"48,8462233";"2,6301431"
"202000040411";"28";"8";"2020";"14:55";"1";"77";"77040";"1";"2";"1";" -1";"D607";"48,5126100";"2,5689400"
"202000040412";"27";"8";"2020";"16:45";"1";"77";"77013";"1";"1";"1";"5";"D402";"48,8503000";"3,0902000"
"202000040413";"27";"8";"2020";"22:20";"5";"74";"74008";"2";"1";"1";"3";"HELVETIE (RUE DE L')";"46,1944300";"6,2241700"
"202000040414";"26";"8";"2020";"19:20";"1";"71";"71306";"2";"1";"1";" -1";"LUCY (RUE DE)";"46,6661548";"4,3332367"
"202000040415";"28";"8";"2020";"19:10";"1";"69";"69256";"2";"1";"2";"4";"8 MAI 1945 (DU)                     (AV)";"45,7869100";"4,9194200"
"202000040416";"28";"8";"2020";"17:46";"1";"69";"69290";"2";"2";"3";"3";"TEMPS MODERNES (DES)            (AV)";"45,7112300";"4,9123000"
"202000040417";"28";"8";"2020";"13:00";"1";"69";"69290";"2";"4";"3";"3";"ST BONNET DE MURE (DE)              (CH)";"45,6919900";"4,9669600"
"202000040418";"28";"8";"2020";"13:50";"1";"69";"69091";"1";"1";"2";"3";"NEUVE (RTE)";"45,5656500";"4,7758300"
"202000040419";"28";"8";"2020";"10:15";"1";"65";"65440";"2";"1";"3";"6";"GONNES (RUE DE)";"43,2285600";"0,0750400"
"202000040420";"28";"8";"2020";"13:50";"1";"64";"64024";"2";"1";"2";"2";"BARRE (PROMENADE DE LA)";"43,5087357";" -1,5216535"
"202000040421";"27";"8";"2020";"15:34";"1";"63";"63113";"2";"2";"1";"5";"lafayette/sablon";"45,7735700";"3,0900000"
"202000040422";"27";"8";"2020";"16:50";"1";"62";"62119";"2";"9";"8";"6";"AIRE ( RUE D' )";"50,5389614";"2,6293676"
"202000040423";"27";"8";"2020";"13:25";"1";"56";"56162";"2";"3";"2";"3";"PINS (RUE DES)";"47,7322500";" -3,4325300"
"202000040424";"28";"8";"2020";"11:50";"1";"54";"54184";"2";"1";"1";"2";"BRIGACHTAL (AVENUE DE)";"48,7032892";"6,2290066"
"202000040425";"28";"8";"2020";"07:50";"1";"54";"54526";"2";"2";"1";"3";"JAURES (BOULEVARD JEAN)";"48,6883399";"6,2097269"
"202000040426";"27";"8";"2020";"08:30";"1";"54";"54395";"2";"1";"1";"3";"VINGT SIXIEME R.I. (BOULEVARD DU 2 A 44)";"48,6960054";"6,1897344"
"202000040427";"27";"8";"2020";"14:30";"1";"46";"46042";"2";"1";"1";"3";"RACINE (RUE JEAN)";"44,4617300";"1,4522300"
"202000040428";"28";"8";"2020";"13:45";"1";"45";"45302";"1";"9";"1";"2";"Route d’Ormes";"47,9523000";"1,8575000"
"202000040429";"28";"8";"2020";"10:20";"1";"45";"45285";"2";"1";"1";"2";"Rue Charles Beauhaire";"47,9151201";"1,8680476"
"202000040430";"8";"2";"2020";"15:00";"1";"74";"74011";"2";"1";"1";"2";"rue de Verdun";"45,9070510";"6,1588080"
"202000040431";"7";"2";"2020";"18:00";"3";"47";"47185";"2";"3";"1";"5";"17 Rue des Coccinelles";"44,4871300";"0,9663570"
"202000040432";"8";"2";"2020";"09:50";"1";"29";"29160";"1";"3";"1";"6";"Lieu-dit Pellan";"48,5237390";" -4,4229840"
"202000040433";"3";"2";"2020";"17:30";"1";"31";"31115";"1";"1";"1";"6";"27 Embourasso";"43,3439261";"0,9033402"
"202000040434";"9";"2";"2020";"19:15";"3";"38";"38449";"2";"1";"1";"6";"D1006";"45,6604400";"5,1025000"
"202000040435";"9";"2";"2020";"03:50";"5";"02";"02352";"2";"1";"1";"6";"9 Route Nationale";"50,0042190";"3,2480100"
"202000040436";"9";"2";"2020";"05:45";"3";"02";"02303";"1";"1";"1";"6";"D1029";"49,8588370";"3,2446580"
"202000040437";"8";"2";"2020";"14:30";"1";"01";"01245";"1";"1";"1";"5";"D 979";"46,1644880";"5,3973340"
"202000040438";"8";"2";"2020";"07:30";"2";"70";"70060";"1";"1";"1";"7";"Route communale 3";"47,3179810";"5,8400920"
"202000040439";"9";"2";"2020";"19:00";"3";"54";"54427";"1";"1";"6";"6";"D182a";"48,4528460";"6,9253540"
"202000040440";"7";"2";"2020";"16:20";"1";"06";"06102";"1";"1";"1";"6";"M66";"44,0708290";"7,1453670"
"202000040441";"7";"2";"2020";"19:20";"3";"50";"50111";"1";"2";"1";"3";"Les Petites Landes";"49,0359410";" -1,2979050"
"202000040442";"8";"2";"2020";"18:30";"5";"90";"90009";"2";"3";"1";"4";"41 Rue du Docteur Julg";"47,4911670";"6,9219370"
"202000040443";"9";"2";"2020";"06:05";"3";"64";"64268";"2";"1";"5";"6";"Place de Mendy";"43,1745120";" -0,9164360"
"202000040444";"8";"2";"2020";"20:00";"5";"18";"18160";"2";"1";"1";"6";"62 Grande Rue";"46,9968640";"2,8241760"
"202000040445";"7";"2";"2020";"16:30";"1";"40";"40287";"1";"1";"1";"6";"RD 46";"44,5013420";" -1,0514260"
"202000040446";"8";"2";"2020";"19:40";"3";"28";"28305";"1";"2";"8";"3";"Bullainville";"48,1856700";"1,4989260"
"202000040447";"8";"2";"2020";"17:00";"1";"37";"37085";"1";"1";"2";"2";"La Grande Couture";"47,2197056";"0,8890701"
"202000040448";"8";"2";"2020";"17:45";"1";"30";"30085";"1";"1";"1";"1";"D3";"43,9665810";"4,4805770"
"202000040449";"29";"1";"2020";"18:50";"5";"33";"33122";"1";"1";"1";"1";"Avenue Salvador Allende";"44,7811760";" -0,6877810"
"202000040450";"9";"2";"2020";"02:30";"5";"06";"06085";"2";"1";"1";"7";"Avenue Notre-dame de Vie";"43,6002850";"7,0035410"
"202000040451";"8";"2";"2020";"07:00";"1";"987";"98733";"2";"1";"1";"6";"pk 27.500";" -17,6899310";" -149,5483490"
"202000040452";"9";"2";"2020";"17:05";"1";"83";"83035";"1";"1";"1";"1";"412 Montée du Vieux Camp";"43,2337520";"5,7659390"
"202000040453";"8";"2";"2020";"17:15";"2";"83";"83055";"1";"1";"1";"7";"D562";"43,5877620";"6,6700150"
"202000040454";"25";"1";"2020";"17:54";"5";"68";"68021";"2";"3";"1";"3";"D66";"47,6385450";"7,5132750"
"202000040455";"9";"2";"2020";"18:30";"3";"73";"73006";"1";"1";"1";"1";"N90 Aime-la-Plagne";"45,5524537";"6,6359400"
"202000040456";"9";"2";"2020";"00:10";"3";"01";"01313";"1";"1";"1";"2";"Prévessin-Moëns";"46,2541630";"6,0591420"
"202000040457";"8";"2";"2020";"11:45";"1";"69";"69037";"2";"1";"1";"7";"le lozet";"46,0220140";"4,5005970"
"202000040458";"9";"2";"2020";"10:45";"1";"09";"09334";"1";"1";"1";"3";"D208";"42,7636810";"1,4954710"
"202000040459";"8";"2";"2020";"18:45";"3";"33";"33248";"2";"4";"2";"6";"16 Rue Maxime Hostein";"45,0732200";" -0,7906500"
"202000040460";"9";"2";"2020";"01:50";"3";"27";"27242";"1";"9";"6";"6";"D23";"48,9738650";"0,7869280"
"202000040461";"7";"2";"2020";"15:56";"1";"27";"27684";"2";"1";"1";"2";"Route nationale 13";"49,0151240";"1,1930250"
"202000040462";"9";"2";"2020";"10:00";"1";"60";"60282";"1";"1";"1";"1";"N/A";"49,2060754";"2,4613986"
"202000040463";"9";"2";"2020";"08:30";"1";"60";"60355";"1";"1";"6";"7";"Route nationale 31";"49,4124885";"2,2122284"
"202000040464";"7";"2";"2020";"13:00";"1";"13";"13071";"1";"1";"1";"2";"A55- Sens Marseille vers Martigues";"43,3758010";"5,3190020"
"202000040465";"6";"2";"2020";"23:54";"3";"13";"13215";"1";"1";"1";"3";"A7-Sens Lyon vers Marseille";"43,3789471";"5,3548422"
"202000040466";"4";"2";"2020";"19:00";"3";"69";"69290";"1";"9";"3";"4";"A 43   ";"45,7052800";"4,9608100"
"202000040467";"8";"2";"2020";"08:00";"1";"33";"33063";"1";"1";"2";"6";"ROCADE A 630";"44,8829800";" -0,5612800"
"202000040468";"8";"2";"2020";"17:25";"1";"91";"91174";"1";"1";"3";"3";"RN 104";"48,6113000";"2,4471000"
"202000040469";"8";"2";"2020";"05:45";"4";"91";"91589";"1";"1";"1";"4";"AUTOROUTE A6";"48,6789300";"2,3345600"
"202000040470";"7";"2";"2020";"19:45";"3";"94";"94034";"1";"1";"1";"7";"AUTOROUTE A86";"48,7562000";"2,3360000"
"202000040471";"7";"2";"2020";"13:40";"1";"93";"93030";"1";"1";"1";"2";"AUTOROUTE A1";"48,9396800";"2,4209200"
"202000040472";"7";"2";"2020";"12:20";"1";"60";"60505";"1";"1";"1";"5";"AUTOROUTE A1";"49,1695800";"2,5994900"
"202000040473";"7";"2";"2020";"12:15";"1";"988";"98818";"2";"3";"1";"3";"ROUTE DE LA BAIE DES DAMES/RUE HENRI SIMONIN";" -22,2347800";"166,4425900"
"202000040474";"6";"2";"2020";"20:35";"5";"988";"98818";"2";"1";"2";"6";"VE1 SENS SUD/NORD";" -22,2496100";"166,4504100"
"202000040475";"7";"2";"2020";"07:50";"1";"974";"97409";"2";"3";"1";"3";"Avenue Ile de France";" -20,9581480";"55,6497990"
"202000040476";"7";"2";"2020";"18:14";"1";"973";"97302";"2";"1";"1";"3";"BADUEL (ROUTE DE)";"4,9309260";" -52,3058224"
"202000040477";"7";"2";"2020";"14:17";"1";"973";"97302";"2";"3";"1";" -1";"RABAN (ROUTE DE)";"4,9335556";" -52,3133111"
"202000040478";"7";"2";"2020";"08:10";"1";"973";"97302";"2";"1";"1";"6";"CABASSOU (ROUTE DE)";"4,9171583";" -52,3123884"
"202000040479";"7";"2";"2020";"08:30";"1";"972";"97209";"2";"1";"1";"6";"GOUVENEUR GENERAL F. EBOUE (AVENUE)";"14,6050000";" -61,0660000"
"202000040480";"7";"2";"2020";"21:00";"5";"69";"69389";"2";"9";"1";" -1";"ARLOING                             (QU)";"45,7724000";"4,8110300"
"202000040481";"4";"2";"2020";"20:20";"5";"69";"69149";"2";"2";"2";"3";"GRANDE RUE                          (GR)";"45,7173600";"4,8095700"
"202000040482";"4";"2";"2020";"19:10";"5";"69";"69381";"2";"1";"9";"7";"POUTEAU                             (R )";"45,7717700";"4,8331500"
"202000040483";"6";"2";"2020";"18:25";"5";"2A";"2A004";"2";"1";"1";" -1";"LEVIE JEAN JEROME AVENUE";"41,9264097";"8,7385633"
"202000040484";"7";"2";"2020";"13:00";"1";"2A";"2A004";"2";"2";"1";"3";"MARECHAL JUIN AVENUE";"41,9387803";"8,7509350"
"202000040485";"6";"2";"2020";"19:36";"5";"91";"91223";"2";"9";"1";"1";"BRIERES LES SCELLES (ROUTE DE)";"48,4527290";"2,1671590"
"202000040486";"6";"2";"2020";"17:05";"1";"91";"91223";"2";"1";"1";"2";"HENRI IV (BOULEVARD)";"48,4343180";"2,1546300"
"202000040487";"6";"2";"2020";"19:40";"5";"91";"91201";"2";"2";"1";"3";"PIERRE BROSSOLETTE (RUE)";"48,6889300";"2,4222800"
"202000040488";"7";"2";"2020";"21:10";"5";"91";"91174";"2";"9";"1";"4";"PATTON (PONT)";"48,6134300";"2,4841700"
"202000040489";"7";"2";"2020";"13:15";"1";"91";"91347";"2";"1";"1";"6";"MORT RU (VOIE DU)";"48,6522530";"2,2754620"
"202000040490";"6";"2";"2020";"22:35";"5";"87";"87085";"2";"1";"1";"2";"LIBERATION (AVENUE DE LA)";"45,8341300";"1,2598200"
"202000040491";"6";"2";"2020";"08:05";"1";"86";"86194";"2";"1";"1";"6";"Rue de l’Intendant le Nain";"46,5921068";"0,3403386"
"202000040492";"7";"2";"2020";"23:10";"4";"85";"85191";"2";"1";"1";"6";"Rue Olof Palme";"46,6482600";" -1,4153100"
"202000040493";"7";"2";"2020";"12:55";"1";"83";"83069";"2";"1";"1";"2";"NOCART (AVENUE)";"43,1204200";"6,1353800"
"202000040494";"7";"2";"2020";"18:55";"5";"82";"82121";"2";"1";"1";"3";"MOULIN N 2020 (AVENUE JEAN)";"44,0266500";"1,3668510"
"202000040495";"5";"2";"2020";"17:05";"1";"80";"80021";"2";"1";"1";"3";"CHATEAU MILAN (RUE DU)";"49,9025700";"2,2850400"
"202000040496";"4";"2";"2020";"19:05";"5";"77";"77373";"2";"1";"1";"6";"REPUBLIQUE (AV. DE LA)";"48,8016600";"2,6061300"
"202000040497";"6";"2";"2020";"19:30";"3";"77";"77243";"1";"1";"9";"2";"D934";"48,8678247";"2,7040783"
"202000040498";"5";"2";"2020";"23:45";"5";"76";"76540";"2";"1";"1";"6";"GAMBETTA. BOULEVARD LEON";"49,4414500";"1,1126500"
"202000040499";"6";"2";"2020";"14:30";"1";"76";"76351";"2";"2";"1";"3";"FOCH (AVENUE)";"49,4934500";"0,1036900"
"202000040500";"7";"2";"2020";"21:10";"3";"69";"69277";"1";"1";"1";"2";"MEYZIEU (DE)                            ";"45,7085000";"5,0288000"
"202000040501";"7";"2";"2020";"12:49";"3";"64";"64483";"2";"3";"2";" -1";"CHANTACO (AVENUE DE )";"43,3800300";" -1,6400200"
"202000040502";"6";"2";"2020";"16:10";"1";"64";"64445";"2";"9";"1";"3";"OLOF PALME";"43,3311700";" -0,3581300"
"202000040503";"7";"2";"2020";"17:15";"1";"64";"64102";"2";"3";"1";"5";"SOULT (AVENUE MARECHAL)";"43,4857400";" -1,4912200"
"202000040504";"7";"2";"2020";"16:30";"1";"64";"64102";"2";"1";"1";"4";"SOULT (AVENUE MARECHAL)";"43,4842300";" -1,4983600"
"202000040505";"6";"2";"2020";"20:30";"5";"64";"64102";"2";"3";"1";"3";"ETCHEVERRY (RUE DENIS)";"43,4948000";" -1,4673700"
"202000040506";"7";"2";"2020";"07:47";"2";"63";"63063";"1";"3";"1";"3";"VERTE (RUE)/rondeau";"45,8382118";"3,1224706"
"202000040507";"5";"2";"2020";"20:25";"5";"63";"63113";"2";"1";"1";"3";"BARBIER DAUBREE (AVENUE)";"45,7870500";"3,0921000"
"202000040508";"6";"2";"2020";"18:55";"5";"60";"60382";"2";"5";"1";"6";"BARTHOU (RUE LOUIS)";"49,4267230";"2,8170200"
"202000040509";"7";"2";"2020";"14:25";"1";"59";"59009";"2";"3";"1";" -1";"LILLE, rue de";"50,6270100";"3,1413900"
"202000040510";"7";"2";"2020";"16:45";"2";"57";"57463";"2";"1";" -1";"7";"FALOGNE (RUE DE LA )";"49,0981400";"6,2404000"
"202000040511";"5";"12";"2020";"19:05";"5";"22";"22113";"2";"1";"2";"1";"BIENFAISANCE (RUE DE LA)";"48,7293500";" -3,4527100"
"202000040512";"25";"1";"2020";"16:45";"2";"54";"54099";"1";"6";"5";"2";"906 (RD)";"49,2551000";"5,9486300"
"202000040513";"5";"12";"2020";"17:50";"3";"13";"13117";"1";"9";"1";"4";"LA BASTIDE BLANCHE CD 9";"43,4275920";"5,2660750"
"202000040514";"6";"12";"2020";"17:30";"5";"13";"13210";"2";"1";"1";"3";"PONT DE VIVAUX (BOULEVARD)";"43,2815300";"5,4270200"
"202000040515";"6";"2";"2020";"20:27";"3";"49";"49007";"2";"1";"1";"3";"MONTESQUIEU PASSAGE";"47,4734100";" -0,5797400"
"202000040516";"6";"12";"2020";"14:50";"1";"13";"13206";"2";"3";"1";"3";"PRADO (AVENUE DU)";"43,2840060";"5,3848110"
"202000040517";"7";"2";"2020";"07:55";"2";"47";"47032";"2";"6";"1";"3";"ANATOLE FRANCE";"44,1978900";"0,6465300"
"202000040518";"6";"12";"2020";"16:15";"1";"13";"13028";"2";"6";"1";"3";"DULAC (AVENUE GUILLAUME)";"43,1989824";"5,6166640"
"202000040519";"7";"2";"2020";"16:00";"1";"45";"45004";"1";"1";"1";"6";"D2060 - PR 22+885";"48,0051459";"2,8049221"
"202000040520";"6";"2";"2020";"16:15";"1";"44";"44184";"2";"1";"1";"6";"PAPIN (RUE DENIS)";"47,2990000";" -2,2960000"
"202000040521";"6";"12";"2020";"18:18";"5";"06";"06088";"2";"2";"1";"3";"ARSON (RUE)";"43,7007300";"7,2867400"
"202000040522";"11";"1";"2020";"11:15";"1";"43";"43157";"2";"1";"2";"6";"4 Rue Montferrand";"45,0466100";"3,8815300"
"202000040523";"6";"12";"2020";"18:25";"5";"04";"04070";"2";"1";"1";"6";"RD 19 (bd Thiers)";"44,0907020";"6,2329029"
"202000040524";"24";"11";"2020";"13:50";"1";"75";"75119";"2";"1";"1";"6";"BOULEVARD PERIPHERIQUE";"48,9003090";"2,3779940"
"202000040525";"7";"2";"2020";"15:10";"1";"33";"33281";"2";"2";"1";"3";"RUE DU LIVEAU / AVE JEAN MASARYK";"44,8510200";" -0,6428000"
"202000040526";"6";"12";"2020";"09:39";"1";"75";"75120";"2";"3";"1";"3";"AVENUE DE LA PORTE DE BAGNOLET";"48,8647830";"2,4101700"
"202000040527";"6";"12";"2020";"12:30";"1";"75";"75118";"2";"7";"1";"3";"RUE DE LA CHAPELLE";"48,8950800";"2,3593830"
"202000040528";"2";"2";"2020";"07:15";"5";"33";"33032";"2";"6";"1";"6";"QUAI DE VIAL";"44,9150000";" -0,5420000"
"202000040529";"6";"12";"2020";"20:20";"5";"75";"75116";"2";"2";"8";"3";"RUE CLAUDE TERRASSE";"48,8395830";"2,2633240"
"202000040530";"7";"2";"2020";"07:15";"3";"31";"31149";"2";"1";"1";"1";"16 Chemin de Garrabot";"43,5982100";"1,3041900"
"202000040531";"5";"12";"2020";"14:30";"1";"75";"75115";"2";"1";"1";"6";"RUE AUGUSTE DORCHAIN";"48,8449660";"2,2980150"
"202000040532";"6";"2";"2020";"23:10";"5";"31";"31555";"2";"2";"1";"3";"RUE DE LA REPUBLIQUE";"43,5989000";"1,4366200"
"202000040533";"6";"12";"2020";"14:10";"1";"75";"75112";"2";"2";"1";"6";"AVENUE DAUMESNIL";"48,8446060";"2,3809420"
"202000040534";"6";"2";"2020";"19:55";"5";"31";"31555";"2";"1";"1";"3";"66 BOULEVARD MATABIAU";"43,6159300";"1,4393300"
"202000040535";"6";"12";"2020";"11:45";"1";"75";"75112";"2";"1";"8";"6";"BOULEVARD DE PICPUS";"48,8466890";"2,3997360"
"202000040536";"31";"1";"2020";"19:15";"3";"31";"31555";"1";"1";"1";"2";"VA007331 A620";"43,5662200";"1,4835900"
"202000040537";"6";"12";"2020";"11:40";"1";"75";"75111";"2";"3";"1";"2";"RUE DE LA ROQUETTE";"48,8589540";"2,3852800"
"202000040538";"7";"2";"2020";"08:35";"1";"31";"31565";"2";"1";"1";"3";"Route de Barbazan";"43,0915000";"0,6944000"
"202000040539";"6";"12";"2020";"13:50";"1";"75";"75110";"2";"2";"1";"3";"BOULEVARD DE MAGENTA";"48,8773600";"2,3551020"
"202000040540";"6";"2";"2020";"18:47";"5";"29";"29232";"2";"1";"1";"3";"Quai de l'Odet";"47,9921100";" -4,1094000"
"202000040541";"6";"12";"2020";"15:20";"1";"75";"75104";"2";"3";"8";"7";"RUE DE TURENNE";"48,8554950";"2,3636310"
"202000040542";"7";"2";"2020";"11:00";"1";"28";"28209";"2";"1";"1";"6";"PAIX (AVENUE DE LA )";"48,4697000";"1,4808400"
"202000040543";"6";"12";"2020";"20:30";"5";"93";"93066";"2";"1";"1";" -1";"HUIT MAI 1945 (PLACE)";"48,9392800";"2,3553800"
"202000040544";"10";"1";"2020";"21:30";"5";"27";"27229";"2";"2";"1";"3";"BUZOT (RUE)";"49,0264100";"1,1572300"
"202000040545";"6";"12";"2020";"19:20";"5";"93";"93062";"2";"1";"1";"5";"ALL DE MONTFERMEIL";"48,8955813";"2,5254719"
"202000040546";"7";"2";"2020";"11:40";"1";"26";"26362";"1";"1";"1";"6";"FAUCONNIERES ROUTE DE";"44,9459200";"4,9430900"
"202000040547";"6";"12";"2020";"13:05";"1";"93";"93074";"1";"1";"8";"3";"Route Nationale 3";"48,9337112";"2,5862821"
"202000040548";"7";"2";"2020";"17:25";"1";"25";"25462";"2";"1";"1";"6";"Rue Montrieux";"46,9013520";"6,3574040"
"202000040549";"6";"12";"2020";"14:00";"1";"93";"93005";"2";"1";"1";"6";"ANDRE CITROEN (BOULEVARD)";"48,9588348";"2,4858760"
"202000040550";"5";"2";"2020";"08:00";"1";"21";"21278";"2";"6";"1";"3";"MORVAN (DU) (RUE)";"47,3406432";"5,0344393"
"202000040551";"6";"12";"2020";"18:15";"5";"92";"92026";"2";"1";"1";"2";"PONT DE LEVALLOIS";"48,9013286";"2,2762061"
"202000040552";"6";"2";"2020";"10:02";"1";"21";"21054";"2";"1";"1";"4";"11 Rue du Faubourg Bretonnière";"47,0215940";"4,8329268"
"202000040553";"6";"12";"2020";"06:50";"5";"92";"92019";"2";"1";"1";"7";"DIVISION LECLERC (AVENUE DE LA)";"48,7632000";"2,2771300"
"202000040554";"6";"2";"2020";"16:10";"1";"19";"19031";"2";"2";"1";" -1";"ROOSEVELT (AVENUE DU PRESIDENT)";"45,1592100";"1,5304100"
"202000040555";"7";"12";"2020";"01:15";"3";"35";"35008";"1";"1";"2";"6";"Le Haut Fourneau";"47,9652170";" -1,1619120"
"202000040556";"6";"2";"2020";"23:55";"3";"16";"16150";"1";"1";"1";"6";"Ld La Pointe des Bordons";"45,6606465";" -0,2972061"
"202000040557";"6";"2";"2020";"19:05";"3";"15";"15014";"2";"3";"1";"6";"ABBE DE PRADT (RUE DE)";"44,9095690";"2,4306360"
"202000040558";"29";"9";"2020";"09:45";"1";"72";"72155";"2";"1";"1";"5";"RD 338";"47,8632000";"0,2525000"
"202000040559";"7";"12";"2020";"12:40";"1";"85";"85215";"1";"1";"2";"6";"Le Creux Sec";"46,8728470";" -1,2000590"
"202000040560";"7";"2";"2020";"15:55";"1";"14";"14220";"2";"1";"1";"2";"REPUBLIQUE (AVENUE DE LA)";"49,3557600";"0,0697400"
"202000040561";"6";"2";"2020";"08:00";"2";"14";"14366";"2";"7";"1";"6";"GEORGES CLEMENCEAU (PLACE)";"49,1475500";"0,2276700"
"202000040562";"5";"12";"2020";"11:15";"1";"51";"51440";"1";"1";"1";"3";"D20";"49,3003743";"4,3049188"
"202000040563";"7";"2";"2020";"20:45";"5";"13";"13211";"2";"2";"1";"3";"SAINT LOUP (BOULEVARD DE)";"43,2840110";"5,4355680"
"202000040564";"24";"11";"2020";"10:00";"1";"12";"12198";"1";"1";"1";"7";"Route de Prèvinquières";"44,3240250";"2,2494510"
"202000040565";"7";"2";"2020";"13:30";"1";"13";"13201";"2";"9";"1";" -1";"CANEBIERE     70 A FIN";"43,2967330";"5,3786830"
"202000040566";"7";"12";"2020";"10:20";"1";"12";"12162";"1";"1";"2";"1";"D 911";"44,2945560";"2,4094480"
"202000040567";"7";"12";"2020";"15:30";"1";"68";"68349";"2";"1";"1";"6";"Boulevard d'Alsace";"47,6117620";"7,5747510"
"202000040568";"7";"2";"2020";"05:00";"5";"13";"13210";"2";"1";"1";"2";"JEAN MOULIN (BOULEVARD)";"43,2871040";"5,4002640"
"202000040569";"5";"2";"2020";"07:40";"1";"13";"13214";"2";"1";"1";"2";"PLOMBIERES (BOULEVARD DES)";"43,3190140";"5,3786830"
"202000040570";"1";"12";"2020";"19:55";"4";"44";"44188";"1";"3";"1";"3";"D61";"47,0352370";" -1,6840710"
"202000040571";"6";"12";"2020";"09:30";"1";"35";"35068";"1";"1";"2";"3";"N157";"48,0967500";" -1,4075410"
"202000040572";"7";"2";"2020";"22:45";"3";"13";"13047";"1";"1";"1";"6";"SAINT CHAMAS ROUTE DE";"43,5300000";"5,0120000"
"202000040573";"6";"2";"2020";"13:40";"1";"11";"11069";"2";"1";"1";"2";"PAPIN DENIS -BD-";"43,2076400";"2,3155840"
"202000040574";"7";"12";"2020";"18:05";"5";"31";"31224";"2";"1";"2";"6";"Avenue de Luchon";"43,0745470";"0,5850770"
"202000040575";"7";"2";"2020";"03:30";"5";"10";"10387";"2";"1";"1";"6";"PASTEUR (RUE)";"48,3009200";"4,0645000"
"202000040576";"7";"12";"2020";"07:20";"3";"38";"38561";"1";"1";"1";"6";"Route de Marcilloles";"45,3272890";"5,1962970"
"202000040577";"6";"2";"2020";"22:30";"5";"10";"10081";"2";"3";"7";"3";"MYOSOTIS (RUE DES)";"48,3104500";"4,0276800"
"202000040578";"7";"2";"2020";"22:50";"5";"03";"03185";"2";"3";"1";"3";"avenue de la République";"46,3472644";"2,5960427"
"202000040579";"22";"11";"2020";"17:40";"3";"38";"38442";"1";"1";"8";"7";"Route du Charmant Som";"45,3041400";"5,7567900"
"202000040580";"7";"2";"2020";"13:30";"1";"01";"01451";"1";"1";"1";"1";"BRESSE (AVENUE DE )";"46,2227900";"5,2062300"