"Num_Acc";"jour";"mois";"an";"hrmn";"lum";"dep";"com";"agg";"int";"atm";"col";"adr";"lat";"long"
"202000040581";"7";"2";"2020";"08:55";"1";"75";"75117";"2";"1";"1";"2";"PORTE DE CHAMPERRET";"48,8864230";"2,2892970"
"202000040582";"6";"12";"2020";"17:50";"3";"72";"72241";"1";"3";"1";"3";"Intersection D.20 et C.401";"48,0575740";"0,3787490"
"202000040583";"6";"2";"2020";"09:40";"1";"75";"75117";"2";"4";"1";"7";"PORTE DE SAINT OUEN";"48,9003550";"2,3222390"
"202000040584";"7";"12";"2020";"17:30";"2";"50";"50082";"2";"2";"1";"6";"Rte de Saint Sauveur le Vicomte";"49,4672180";" -1,6335240"
"202000040585";"5";"2";"2020";"01:14";"5";"75";"75107";"2";"1";"1";"7";"PLACE JOFFRE";"48,8527140";"2,3031340"
"202000040586";"7";"2";"2020";"10:00";"1";"75";"75119";"2";"1";"1";"3";"RUE DE CRIMEE";"48,8883670";"2,3793960"
"202000040587";"7";"2";"2020";"14:00";"1";"75";"75118";"2";"2";"1";"3";"BOULEVARD NEY";"48,8977250";"2,3290010"
"202000040588";"7";"2";"2020";"16:10";"1";"75";"75117";"2";"2";"1";"3";"AVENUE DE VILLIERS";"48,8819510";"2,3135700"
"202000040589";"7";"12";"2020";"08:15";"2";"60";"60030";"1";"1";"5";"1";"Route Départementale 927";"49,3252133";"2,0862526"
"202000040590";"7";"2";"2020";"08:30";"1";"75";"75117";"2";"1";"1";"6";"RUE CARDINET";"48,8919840";"2,3098510"
"202000040591";"6";"12";"2020";"17:10";"3";"13";"13018";"1";"1";"8";"5";"A7 - PK 201+400 sens MARSEILLE/LYON";"43,8785930";"4,9310160"
"202000040592";"6";"2";"2020";"23:25";"5";"75";"75117";"2";"2";"1";"3";"RUE BAYEN";"48,8821530";"2,2916930"
"202000040593";"5";"12";"2020";"20:00";"3";"987";"98729";"1";"1";"1";"1";"RT91 route du belvédère en dessus du sofitel";" -17,5331890";" -149,8386110"
"202000040594";"7";"2";"2020";"11:20";"1";"75";"75115";"2";"2";"1";"6";"RUE DU HAMEAU";"48,8351330";"2,2890270"
"202000040595";"6";"12";"2020";"02:40";"5";"988";"98815";"2";"1";"1";"7";"Tribu de Tadine";" -21,5467400";"167,8823000"
"202000040596";"7";"2";"2020";"22:00";"5";"75";"75114";"2";"3";"1";"6";"RUE DE LA TOMBE ISSOIRE";"48,8320680";"2,3353530"
"202000040597";"7";"12";"2020";"22:00";"3";"988";"98817";"1";"3";"2";"6";"PK 13 route de la corniche";" -22,2758230";"166,6224610"
"202000040598";"7";"2";"2020";"12:30";"1";"75";"75115";"2";"2";"1";"2";"RUE LECOURBE";"48,8426060";"2,3026950"
"202000040599";"6";"12";"2020";"20:30";"3";"976";"97607";"1";"1";"1";"1";"Route Nationale - Ironi Be";" -12,8345440";"45,1882480"
"202000040600";"7";"2";"2020";"11:00";"1";"75";"75109";"2";"1";"1";" -1";"RUE MONCEY";"48,8799330";"2,3295440"
"202000040601";"7";"2";"2020";"10:30";"1";"75";"75108";"2";"2";"1";"3";"RUE CAMBACERES";"48,8732360";"2,3179450"
"202000040602";"6";"12";"2020";"17:35";"1";"974";"97422";"2";"3";"1";"3";"Rue Jean de Fos du Rau";" -21,2206920";"55,5599550"
"202000040603";"22";"11";"2020";"02:00";"3";"973";"97305";"1";"1";"2";"1";"RN1 PK 19.950";"4,9625223";" -52,4341393"
"202000040604";"7";"2";"2020";"09:00";"1";"75";"75108";"2";"2";"1";"3";"COURS ALBERT 1ER";"48,8646140";"2,3103230"
"202000040605";"6";"12";"2020";"12:22";"1";"971";"97107";"1";"1";"1";"7";"morne salé";"15,9996360";" -61,6039470"
"202000040606";"7";"2";"2020";"12:45";"1";"75";"75107";"2";"2";"1";"3";"PONT ALEXANDRE III";"48,8628370";"2,3134850"
"202000040607";"7";"12";"2020";"07:40";"2";"95";"95142";"2";"1";"5";"3";"Rue de Marines";"49,1580110";"1,9428530"
"202000040608";"6";"12";"2020";"21:12";"3";"2B";"2B354";"2";"1";"2";"1";"RT 20";"42,1705330";"9,1719530"
"202000040609";"7";"2";"2020";"19:20";"5";"75";"75104";"2";"4";"1";"3";"BOULEVARD HENRI IV";"48,8522310";"2,3659700"
"202000040610";"7";"12";"2020";"07:50";"2";"13";"13093";"1";"1";"1";"6";"RD 561 1901";"43,7004831";"5,3774953"
"202000040611";"7";"2";"2020";"15:15";"1";"75";"75103";"2";"3";"1";"6";"RUE BEAUBOURG";"48,8620280";"2,3539260"
"202000040612";"7";"12";"2020";"17:30";"3";"57";"57209";"1";"1";"1";"2";"JEAN MONNET";"49,0319700";"6,5972260"
"202000040613";"7";"2";"2020";"19:20";"5";"75";"75101";"2";"1";"1";"3";"BOULEVARD DE SEBASTOPOL";"48,8621520";"2,3502420"
"202000040614";"6";"2";"2020";"23:35";"5";"75";"75101";"2";"1";"1";"7";"PLACE DU PONT NEUF";"48,8569330";"2,3413730"
"202000040615";"7";"12";"2020";"07:30";"2";"63";"63284";"1";"6";"1";"3";"D1093";"45,7927961";"3,2268745"
"202000040616";"5";"12";"2020";"18:04";"3";"33";"33496";"2";"1";"2";"6";"29 Avenue de la Tour";"44,8485980";" -0,3970630"
"202000040617";"7";"2";"2020";"09:40";"1";"94";"94080";"2";"1";"1";"3";"Avenue de Paris";"48,8452080";"2,4319470"
"202000040618";"5";"2";"2020";"16:40";"1";"94";"94068";"2";"2";"1";"3";"RASPAIL (AV)";"48,7860000";"2,4870000"
"202000040619";"7";"2";"2020";"12:00";"1";"94";"94052";"2";"1";"1";"6";"STRASBOURG (BD DE)";"48,8359000";"2,4748000"
"202000040620";"7";"2";"2020";"13:02";"1";"94";"94003";"2";"1";"7";"5";"ASPASIE JULES CARON (R)";"48,8009600";"2,3323500"
"202000040621";"7";"2";"2020";"05:13";"5";"94";"94011";"2";"6";"1";"6";"Avenue Jean Rostand";"48,7683200";"2,4873600"
"202000040622";"7";"12";"2020";"08:20";"2";"14";"14658";"1";"1";"5";"5";"D524";"48,8308120";" -1,0771370"
"202000040623";"10";"2";"2020";"17:30";"1";"94";"94077";"2";"1";"2";"2";"VOEUX SAINT GEORGES (R DES)";"48,7310930";"2,4370980"
"202000040624";"7";"12";"2020";"12:15";"1";"14";"14047";"2";"1";"5";"1";"rue des fossés fondues";"49,2692820";" -0,6814210"
"202000040625";"6";"12";"2020";"09:10";"1";"29";"29103";"2";"1";"1";"6";"Rue Théodore Botrel";"48,4436040";" -4,2580120"
"202000040626";"7";"2";"2020";"16:55";"1";"94";"94079";"2";"1";"1";"5";"ANDRE ROUY (R)";"48,8223700";"2,5535500"
"202000040627";"7";"12";"2020";"07:40";"3";"76";"76678";"1";"1";"5";"3";"D915";"49,6362730";"1,4476100"
"202000040628";"7";"2";"2020";"19:30";"5";"94";"94018";"2";"1";"1";"2";"CARRIERES (QU DES)";"48,8180400";"2,4147200"
"202000040629";"4";"2";"2020";"13:00";"1";"94";"94018";"2";"2";"1";"6";"PARIS (R DE)";"48,8215000";"2,4137400"
"202000040630";"6";"2";"2020";"19:50";"5";"94";"94069";"2";"1";"1";"3";"REPUBLIQUE (QU DE LA)";"48,8178773";"2,4238694"
"202000040631";"5";"12";"2020";"20:30";"3";"13";"13071";"1";"1";"1";"4";"A7-Sens Marseille vers Lyon";"43,4069200";"5,3273400"
"202000040632";"7";"2";"2020";"18:00";"5";"94";"94017";"2";"9";"1";"3";"CHARLES BAUDIN (AV)";"48,8175600";"2,5551900"
"202000040633";"4";"12";"2020";"16:30";"1";"13";"13215";"1";"1";"2";"2";"A7-Sens Lyon vers Marseille";"43,3647000";"5,3604000"
"202000040634";"7";"2";"2020";"17:30";"1";"94";"94071";"2";"1";"1";"6";"PENDANTS (R DES)";"48,7727060";"2,5280370"
"202000040635";"5";"12";"2020";"12:10";"1";"13";"13005";"1";"1";"2";"6";"A501-Sens Aubagne vers Pont de l'Etoile";"43,2886300";"5,5498800"
"202000040636";"7";"2";"2020";"09:45";"1";"93";"93066";"2";"1";"1";"3";"""LANDY RD 20, NR IMPAIRS 146 A 254""";"48,9150399";"2,3501683"
"202000040637";"3";"2";"2020";"22:00";"5";"93";"93066";"2";"1";"3";"6";"WILSON (AVENUE DU PRESIDENT)";"48,9150827";"2,3580224"
"202000040638";"7";"2";"2020";"12:35";"1";"93";"93055";"2";"1";"1";"6";"JEAN JAURES (AVENUE) ";"48,9036200";"2,3921500"
"202000040639";"7";"2";"2020";"14:14";"1";"93";"93048";"2";"7";"1";"6";"PAUL VAILLANT COUTURIER (BOULEVARD)";"48,8627651";"2,4416526"
"202000040640";"7";"2";"2020";"08:39";"1";"93";"93045";"2";"2";"1";"1";"SABLONS RUE DES";"48,8822000";"2,4233000"
"202000040641";"6";"12";"2020";"15:45";"1";"33";"33096";"1";"1";"1";"6";"AUTOROUTE A 10";"44,8885200";" -0,5045400"
"202000040642";"7";"2";"2020";"09:05";"1";"93";"93045";"2";"1";"1";"3";"Boulevard Eugène Decros";"48,8822916";"2,4149930"
"202000040643";"6";"12";"2020";"01:25";"3";"78";"78043";"1";"1";"2";"7";"A12 Y";"48,8414000";"2,0941000"
"202000040644";"7";"2";"2020";"22:00";"5";"93";"93027";"2";"3";"1";"3";"PASTEUR (BOULEVARD) DE 1 A 39";"48,9209800";"2,3831100"
"202000040645";"6";"12";"2020";"21:00";"3";"60";"60631";"1";"1";"1";"7";"AUTOROUTE A1";"49,1457600";"2,5776600"
"202000040646";"6";"12";"2020";"19:10";"3";"95";"95563";"1";"1";"1";"6";" A115";"49,0115000";"2,2254000"
"202000040647";"7";"2";"2020";"15:20";"1";"93";"93007";"2";"2";"1";"6";"""JEAN BART (AVENUE """"COTE IMPAIRS"""")""";"48,9224500";"2,4695300"
"202000040648";"6";"12";"2020";"11:20";"1";"93";"93010";"1";"1";"1";"2";"AUTOROUTE A3";"48,9027700";"2,4707900"
"202000040649";"6";"2";"2020";"10:05";"1";"92";"92075";"2";"4";"1";"2";"LARMEROUX (RUE)/ PAIX (AVENUE DE LA)";"48,8148000";"2,2781600"
"202000040650";"6";"12";"2020";"06:55";"3";"95";"95491";"1";"1";"2";"6";" A115";"49,0064600";"2,2435200"
"202000040651";"6";"2";"2020";"15:25";"1";"92";"92022";"2";"1";"1";"6";"FRANCE (RUE ANATOLE)";"48,8047200";"2,1881700"
"202000040652";"6";"12";"2020";"14:30";"1";"94";"94069";"1";"1";"1";"2";"A4";"48,8168253";"2,4461100"
"202000040653";"5";"2";"2020";"11:34";"1";"92";"92022";"2";"1";"1";"6";"CARNOT (RUE)";"48,8114760";"2,1886110"
"202000040654";"7";"2";"2020";"12:55";"1";"92";"92033";"2";"9";"1";"1";"RAYMOND POINCARE";"48,8431169";"2,1735086"
"202000040655";"6";"12";"2020";"03:16";"3";"988";"98818";"1";"2";"1";"1";"ROUTE EXPRESS DU MONT DORE/RUE GEORGES LEQUES";" -22,2342800";"166,4876200"
"202000040656";"7";"2";"2020";"19:00";"5";"92";"92051";"2";"1";"1";"6";"CHARTRES (RUE DE )";"48,8801880";"2,2795522"
"202000040657";"4";"12";"2020";"07:50";"1";"974";"97411";"2";"9";"1";"7";"JAURES (BOULEVARD JEAN)";" -20,9231600";"55,5014800"
"202000040658";"7";"2";"2020";"18:25";"5";"92";"92062";"2";"2";"1";"3";"PESARO BOULEVARD DE";"48,8909429";"2,2300966"
"202000040659";"5";"12";"2020";"02:00";"4";"973";"97302";"1";"1";"1";"6";"ROUTE NATIONALE 3";"4,9019800";" -52,3123800"
"202000040660";"6";"2";"2020";"17:15";"2";"92";"92050";"2";"1";"1";"2";"JOLIOT CURIE F. ET IRENE AVENUE  N°PAIRS";"48,8916732";"2,2083807"
"202000040661";"5";"12";"2020";"16:45";"1";"972";"97209";"1";"1";"1";"2";"PROFESSEUR RAYMOND GARCIN (RUE DU)";"14,6246900";" -61,0786500"
"202000040662";"6";"2";"2020";"17:28";"1";"92";"92007";"2";"1";"1";"4";"DORMOY AVENUE MARX N°102 A FIN";"48,8096600";"2,3224600"
"202000040663";"5";"12";"2020";"08:15";"1";"972";"97209";"1";"1";"1";"6";"FONTAINE DIDIER (RUE DE LA)";"14,6433400";" -61,0858700"
"202000040664";"7";"2";"2020";"09:45";"1";"92";"92026";"1";"6";"1";"2";"ABREUVOIR";"48,8921600";"2,2535600"
"202000040665";"6";"2";"2020";"13:35";"1";"92";"92024";"2";"2";"1";"6";"GENERAL LECLERC (BD DU) (9 A 59)   (4 A";"48,9021166";"2,3143148"
"202000040666";"5";"12";"2020";"01:00";"3";"972";"97209";"2";"4";"1";" -1";"RN9";"14,6142700";" -61,0412400"
"202000040667";"7";"2";"2020";"17:20";"1";"92";"92023";"2";"1";"8";"6";"DIVISION LECLERC (RUE DE LA)";"48,7957000";"2,2701000"
"202000040668";"26";"9";"2020";"15:30";"1";"01";"01112";"1";"1";"3";"5";"D12";"46,1047800";"5,5488680"
"202000040669";"7";"2";"2020";"20:35";"5";"92";"92012";"2";"1";"1";"3";"JEAN JAURES (BOULEVARD) 63/215 - 70/208";"48,8315991";"2,2446764"
"202000040670";"3";"12";"2020";"22:40";"5";"972";"97209";"2";"1";"1";"3";"CHATEAUBOEUF (ROUTE DE)";"14,6187900";" -61,0450300"
"202000040671";"25";"9";"2020";"21:00";"3";"69";"69039";"1";"1";"2";"1";"D385";"45,9928702";"4,5036551"
"202000040672";"5";"12";"2020";"14:25";"1";"69";"69382";"2";"2";"1";"3";"DENUZIERE                           (R )";"45,7449900";"4,8198700"
"202000040673";"25";"9";"2020";"18:35";"2";"69";"69227";"1";"1";"2";"4";"D311";"45,6645565";"4,5803564"
"202000040674";"7";"2";"2020";"12:25";"1";"92";"92012";"2";"3";"1";"3";"PARIS (RUE DE) 97BIS/FIN - 116/FIN";"48,8416410";"2,2358630"
"202000040675";"19";"9";"2020";"15:20";"1";"27";"27448";"2";"1";"1";" -1";"14 Rue Pasteur";"49,0183500";"1,3745730"
"202000040676";"8";"2";"2020";"10:00";"1";"12";"12300";"2";"1";"1";"7";"107 avenue du Quercy";"44,3559970";"2,0269950"
"202000040677";"26";"9";"2020";"15:10";"1";"60";"60639";"2";"1";"1";"7";"Route de l'Aéorport";"49,4605410";"2,1131620"
"202000040678";"7";"2";"2020";"23:15";"5";"86";"86183";"2";"1";"1";"6";"105 Route Nationale Dix";"46,9673440";"0,6077780"
"202000040679";"25";"9";"2020";"19:00";"1";"59";"59477";"2";"8";"2";"7";"96 Rue Victor Hugo";"50,5161140";"2,9047730"
"202000040680";"8";"2";"2020";"01:45";"3";"31";"31003";"1";"1";"1";"6";"Route de la Saune";"43,5652800";"1,5783410"
"202000040681";"25";"9";"2020";"08:15";"1";"13";"13071";"1";"1";"2";"3";"A51-Sens Aix en Provence vers Marseille";"43,4191290";"5,3670000"
"202000040682";"4";"12";"2020";"07:15";"1";"971";"97120";"2";"2";"1";"2";"BD LEGITIMUS";"16,2441617";" -61,5343783"
"202000040683";"8";"2";"2020";"18:40";"3";"60";"60010";"1";"1";"8";"7";"D121";"49,2224969";"2,1015552"
"202000040684";"24";"9";"2020";"18:20";"1";"13";"13071";"1";"1";"1";"4";"A7-Sens Marseille vers Lyon";"43,4044610";"5,3005560"
"202000040685";"8";"2";"2020";"12:35";"1";"86";"86070";"1";"1";"1";"1";"D951";"46,5756780";"0,6777620"
"202000040686";"5";"12";"2020";"13:50";"1";"78";"78133";"2";"1";"8";"1";"CHATAIGNERAIE (ALLEE DE LA)";"48,9029000";"2,0448500"
"202000040687";"5";"12";"2020";"17:35";"5";"71";"71306";"2";"1";"1";"7";"BARBES (RUE)";"46,6689491";"4,3660875"
"202000040688";"23";"9";"2020";"17:15";"1";"13";"13055";"1";"1";"1";"2";"A507 sens Marseille - Aubagne";"43,2948036";"5,4245960"
"202000040689";"7";"2";"2020";"18:20";"3";"38";"38332";"1";"1";"1";" -1";"Route de Maubec";"45,3418800";"5,4883200"
"202000040690";"7";"2";"2020";"15:35";"1";"08";"08062";"1";"1";"1";"2";"A34/n51";"49,5225930";"4,4090440"
"202000040691";"5";"12";"2020";"06:35";"3";"71";"71486";"1";"1";"5";"2";"RN 70 (ROUTE EXPRESS)";"46,6495935";"4,3290685"
"202000040692";"11";"9";"2020";"15:45";"1";"69";"69199";"1";"1";"1";"2";"RD383   14.250 A 18.000";"45,7076100";"4,8436000"
"202000040693";"5";"12";"2020";"06:15";"3";"71";"71306";"1";"1";"1";"7";"RN 70 (ROUTE EXPRESS)";"46,6702478";"4,3431081"
"202000040694";"25";"9";"2020";"17:16";"1";"91";"91689";"1";"1";"2";"4";"AUTOROUTE A6B";"48,7433940";"2,3215200"
"202000040695";"7";"2";"2020";"22:15";"3";"15";"15259";"1";"1";"1";"6";"A75";"45,1331289";"3,1375610"
"202000040696";"8";"2";"2020";"02:27";"3";"22";"22305";"1";"1";"2";"6";"Les Bois";"48,2725400";" -2,1549730"
"202000040697";"25";"9";"2020";"16:15";"1";"91";"91345";"1";"1";"8";"2";"AUTOROUTE A6";"48,6897290";"2,3235590"
"202000040698";"5";"12";"2020";"22:20";"5";"69";"69266";"2";"1";"1";"2";"EMILE ZOLA     (Cours)";"45,7708000";"4,8660600"
"202000040699";"5";"12";"2020";"01:35";"5";"65";"65440";"2";"1";"1";"6";"CARNOT (RUE)";"43,2209900";"0,0705700"
"202000040700";"25";"9";"2020";"09:51";"1";"92";"92002";"1";"1";"8";"7";"AUTOROUTE A10";"48,7332400";"2,3127600"
"202000040701";"7";"2";"2020";"14:20";"1";"83";"83130";"2";"1";"1";"1";"1 Rue de Bruxelles";"43,1983720";"6,0477160"
"202000040702";"4";"12";"2020";"19:15";"5";"64";"64335";"2";"3";"2";"3";"JEAN JAURES";"43,3171100";" -0,4296500"
"202000040703";"25";"9";"2020";"07:49";"1";"94";"94076";"1";"1";"2";"2";"AUTOROUTE A6A";"48,7926600";"2,3447300"
"202000040704";"25";"9";"2020";"08:45";"1";"94";"94037";"1";"1";"2";"3";"AUTOROUTE A6A";"48,8139600";"2,3363700"
"202000040705";"5";"12";"2020";"09:20";"1";"64";"64102";"2";"6";"1";" -1";"EIFFEL (GUSTAVE) RUE";"43,4873300";" -1,4674000"
"202000040706";"7";"2";"2020";"13:15";"1";"80";"80373";"2";"1";"1";"6";"Rue Charles de Gaulle";"49,9872720";"1,5549750"
"202000040707";"5";"12";"2020";"06:00";"5";"59";"59512";"2";"1";"1";"3";"MA CAMPAGNE (RUE)";"50,6753100";"3,1958200"
"202000040708";"8";"2";"2020";"20:00";"5";"11";"11170";"2";"1";"1";"6";"Boulevard de la Corderie";"43,1083270";"3,0927800"
"202000040709";"25";"9";"2020";"07:57";"2";"91";"91161";"1";"1";"2";"7";"AUTOROUTE A6";"48,6978100";"2,3144500"
"202000040710";"5";"12";"2020";"14:20";"1";"59";"59017";"2";"1";"1";"6";"BLUM  (AVENUE LEON)";"50,6997000";"2,8884500"
"202000040711";"7";"2";"2020";"22:30";"3";"63";"63033";"1";"1";"1";"7";"D94";"46,0047460";"3,3746454"
"202000040712";"1";"12";"2020";"18:20";"5";"59";"59431";"2";"1";"8";"6";"ARMENTIERES  (RUE D' )";"50,6993200";"2,8521000"
"202000040713";"25";"9";"2020";"15:30";"1";"92";"92036";"1";"1";"3";"2";"AUTOROUTE A15";"48,9379500";"2,2979300"
"202000040714";"4";"12";"2020";"15:05";"1";"56";"56121";"2";"6";"8";"3";"BLUM ( BD LEON )";"47,7472500";" -3,3764600"
"202000040715";"7";"2";"2020";"18:45";"3";"39";"39485";"1";"1";"1";"7";"Saint Julien";"46,4060020";"5,4502530"
"202000040716";"25";"9";"2020";"16:30";"1";"95";"95365";"1";"1";"2";"3";"RN 104";"49,0669400";"2,4016040"
"202000040717";"3";"12";"2020";"15:36";"1";"56";"56162";"2";"1";"3";"1";"MOULIN DU TER (RUE DU )";"47,7374900";" -3,4001900"
"202000040718";"7";"2";"2020";"17:15";"2";"25";"25321";"1";"1";"1";"4";"Les Combottes";"47,0535020";"6,6609330"
"202000040719";"25";"9";"2020";"15:25";"1";"95";"95018";"1";"1";"1";"3";" A15";"48,9628610";"2,2657140"
"202000040720";"2";"12";"2020";"17:10";"2";"56";"56121";"2";"6";"1";"1";"FRANCE ( AVE ANATOLE )";"47,7455700";" -3,3679900"
"202000040721";"7";"2";"2020";"18:50";"3";"35";"35018";"2";"2";"1";"3";"Lieu Dit Belle Place";"48,4369040";" -1,1061870"
"202000040722";"25";"9";"2020";"15:00";"1";"95";"95256";"1";"1";"1";"6";"RN 184";"49,0563270";"2,2047330"
"202000040723";"8";"2";"2020";"15:40";"1";"29";"29115";"1";"2";"1";"1";"Lieu-dit Croas Ar Hars";"48,2940870";" -3,9122270"
"202000040724";"5";"12";"2020";"10:47";"1";"45";"45285";"2";"3";"1";"6";"Rue Charles Beauhaire-rue Bernard million ";"47,9115380";"1,8777950"
"202000040725";"25";"9";"2020";"13:10";"1";"95";"95018";"1";"1";"3";"6";"A15";"48,9595700";"2,2722200"
"202000040726";"25";"9";"2020";"08:30";"2";"95";"95572";"1";"1";"2";"7";"A15";"49,0324000";"2,1102000"
"202000040727";"5";"12";"2020";"20:44";"5";"45";"45208";"2";"2";"1";"3";"Rue Paul Doumer - rue Emile Mengin";"48,0036300";"2,7419900"
"202000040728";"8";"2";"2020";"12:05";"1";"90";"90045";"1";"1";"1";"6";"D463";"47,5088850";"6,9602570"
"202000040729";"5";"12";"2020";"15:38";"1";"37";"37233";"2";"1";"2";"2";"POMPIDOU (AVENUE GEORGES)";"47,3790220";"0,7136818"
"202000040730";"24";"9";"2020";"21:50";"3";"95";"95582";"1";"1";"2";"2";"AUTOROUTE A15";"48,9685345";"2,2512837"
"202000040731";"5";"12";"2020";"15:30";"1";"35";"35278";"1";"6";"2";"1";"Porte de Maurepas";"48,1429370";" -1,6630580"
"202000040732";"25";"9";"2020";"10:45";"1";"77";"77169";"1";"1";"1";" -1";"RN104";"48,8249370";"2,6157440"
"202000040733";"22";"1";"2020";"12:20";"1";"07";"07213";"1";"1";"2";"3";"charrus";"44,5084420";"4,1382840"
"202000040734";"20";"7";"2020";"21:30";"3";"974";"97416";"1";"1";"1";"6";"Ancienne RN1";" -21,3126250";"55,4369900"
"202000040735";"5";"12";"2020";"20:19";"5";"33";"33063";"2";"2";"2";"2";"AVE DE LAROQUE";"44,8740400";" -0,5760400"
"202000040736";"8";"2";"2020";"10:15";"1";"28";"28378";"1";"1";"2";"6";"D9";"48,2819580";"0,8493160"
"202000040737";"10";"3";"2020";"13:00";"1";"62";"62427";"2";"1";"1";"6";"SAINTE HENRIETTE (CITE)";"50,4181640";"2,9661580"
"202000040738";"5";"12";"2020";"12:30";"1";"33";"33200";"2";"9";"2";"3";"AVE PASTEUR / AVE DE L'AIGLON";"44,8668800";" -0,6684500"
"202000040739";"6";"2";"2020";"17:10";"1";"17";"17140";"1";"2";"1";"3";"Route de la Forêt";"45,8920690";" -1,2738830"
"202000040740";"24";"9";"2020";"17:20";"1";"976";"97611";"2";"1";"1";"6";"mamoudzou centre-Papaye (square)";" -12,7844210";"45,2268080"
"202000040741";"7";"2";"2020";"19:10";"3";"87";"87112";"1";"9";"1";"1";"Les Thermes";"45,6833300";"1,0065470"
"202000040742";"24";"9";"2020";"16:40";"1";"974";"97416";"2";"9";"1";"2";"RN3 (3)";" -21,3179200";"55,4904100"
"202000040743";"8";"2";"2020";"16:15";"1";"48";"48080";"2";"7";"1";"6";"1 Quai du Langouyrou";"44,7260830";"3,8570060"
"202000040744";"30";"11";"2020";"12:30";"1";"29";"29019";"2";"5";"1";"3";"D205 - Boulevard de l’Europe";"48,4161100";" -4,4680600"
"202000040745";"24";"9";"2020";"07:30";"1";"974";"97411";"2";"1";"1";"3";"BRASSENS (AVENUE GEORGES)";" -20,9034500";"55,4879200"
"202000040746";"7";"2";"2020";"11:00";"1";"987";"98734";"2";"1";"1";"2";"PK 34+600 RT 01";" -17,7233790";" -149,5057300"
"202000040747";"24";"9";"2020";"22:00";"5";"69";"69383";"2";"2";"1";"6";"BONNAND                             (R )";"45,7493441";"4,8840069"
"202000040748";"24";"9";"2020";"20:45";"5";"69";"69383";"2";"2";"1";"3";"STE MARIE                           (R )";"45,7512700";"4,8938900"
"202000040749";"24";"9";"2020";"13:20";"1";"972";"97209";"2";"9";"1";"3";"GEORGES GRATIANT (AVENUE)";"14,6125000";" -61,0407600"
"202000040750";"5";"12";"2020";"14:40";"1";"27";"27681";"2";"3";"2";"3";"LE TELLIER (RUE PIERRE)";"49,0866300";"1,4883000"
"202000040751";"22";"9";"2020";"16:30";"1";"972";"97209";"2";"2";"1";"3";"LEOPOLD SEDAR SENGOR (AVENUE)";"14,6135900";" -61,0467900"
"202000040752";"23";"9";"2020";"23:45";"5";"69";"69384";"2";"9";"1";"5";"JOSEPH GILLET                       (QU)";"45,7758664";"4,8103566"
"202000040753";"5";"11";"2020";"16:25";"1";"22";"22113";"1";"1";"1";"6";"KER AN FAOUT (CHEMIN DE)";"48,7646600";" -3,4788500"
"202000040754";"23";"9";"2020";"20:35";"5";"2A";"2A004";"2";"8";"1";"3";"NAPOLEON COURS APRES BEVERINI";"41,9258852";"8,7382346"
"202000040755";"17";"9";"2020";"20:25";"1";"95";"95585";"2";"1";"1";"1";"DIVISION LECLERC (AVENUE DE LA)";"48,9865900";"2,3720200"
"202000040756";"5";"12";"2020";"16:30";"1";"13";"13117";"2";"1";"1";"4";"Route Departementale 113";"43,4331160";"5,2570430"
"202000040757";"24";"9";"2020";"14:00";"1";"91";"91549";"2";"1";"8";"3";"RD 117";"48,6439780";"2,3344050"
"202000040758";"5";"12";"2020";"14:50";"1";"13";"13002";"2";"1";"8";"1";"DES TERMES (ROUTE) RD 908";"43,3679179";"5,5254487"
"202000040759";"23";"9";"2020";"17:09";"1";"91";"91645";"2";"4";"2";"7";"COTEAUX (RUE DES)";"48,7388600";"2,2438500"
"202000040760";"5";"12";"2020";"15:30";"1";"13";"13209";"2";"1";"1";"3";"ROMAIN ROLLAND (BOULEVARD)";"43,2737200";"5,4138800"
"202000040761";"19";"9";"2020";"11:25";"1";"89";"89387";"2";"1";"1";"3";"VOULX (ROUTE DE)";"48,1978300";"3,2652400"
"202000040762";"5";"12";"2020";"13:15";"1";"13";"13203";"2";"1";"1";"5";"PLOMBIERES (BOULEVARD DES)";"43,3186600";"5,3793900"
"202000040763";"22";"9";"2020";"09:19";"1";"87";"87085";"2";"2";"1";"3";"CHURCHILL WINSTON (PLACE)";"45,8326400";"1,2518700"
"202000040764";"5";"12";"2020";"14:30";"1";"13";"13005";"2";"1";"8";"1";"SAINT JEAN DE GARGUIER (CHEMIN)";"43,3047500";"5,6024300"
"202000040765";"23";"9";"2020";"07:40";"2";"86";"86066";"1";"6";"1";"3";"Le Pautron";"46,7858950";"0,5468570"
"202000040766";"18";"11";"2020";"11:15";"1";"13";"13004";"2";"4";"1";"3";"RUE MIREILLE";"43,6745000";"4,6385300"
"202000040767";"23";"9";"2020";"14:40";"1";"84";"84007";"2";"1";"1";" -1";"C.De GAULLE (Rocade)";"43,9293700";"4,8169300"
"202000040768";"25";"9";"2020";"00:25";"5";"82";"82033";"2";"1";"2";"6";"MARECHAL LECLERC (AVENUE DU) ";"44,0503900";"1,1018400"
"202000040769";"4";"12";"2020";"16:00";"1";"09";"09225";"2";"1";"1";"4";"FOIX AVENUE DE";"43,1007989";"1,6231955"
"202000040770";"24";"9";"2020";"16:25";"1";"78";"78029";"2";"1";"2";"6";"GARE (RUE DE LA)";"48,9718200";"1,8485900"
"202000040771";"24";"9";"2020";"17:00";"1";"77";"77258";"2";"3";"2";"2";"BRIE VPO (ROUTE DE LA BRIE)";"48,8388700";"2,6262500"
"202000040772";"4";"12";"2020";"15:20";"1";"01";"01289";"1";"2";"1";"5";"Route de Lent";"46,1648600";"5,2207500"