"Num_Acc";"jour";"mois";"an";"hrmn";"lum";"dep";"com";"agg";"int";"atm";"col";"adr";"lat";"long"
"202000040773";"24";"9";"2020";"15:59";"1";"77";"77083";"2";"1";"2";"1";"ALBERT SCHWEITZER (RUE)";"48,8541700";"2,5774000"
"202000040774";"5";"12";"2020";"16:20";"2";"75";"75116";"2";"4";"1";"7";"ECHANGEUR MAILLOT";"48,8767790";"2,2788310"
"202000040775";"24";"9";"2020";"15:35";"1";"77";"77506";"1";"1";"2";"1";"D148";"48,3137500";"2,8020100"
"202000040776";"4";"12";"2020";"18:20";"5";"75";"75118";"2";"1";"2";"3";"BOULEVARD PERIPHERIQUE";"48,9009310";"2,3452970"
"202000040777";"23";"9";"2020";"07:15";"1";"76";"76540";"2";"1";"1";"2";"PONT MATHILDE";"49,4306700";"1,1020600"
"202000040778";"5";"12";"2020";"10:50";"1";"75";"75120";"2";"1";"8";"3";"RUE D AVRON";"48,8522120";"2,4033930"
"202000040779";"23";"9";"2020";"15:52";"1";"76";"76351";"2";"1";"1";"6";"VALLEE (RUE DE LA)";"49,4981000";"0,1612000"
"202000040780";"23";"9";"2020";"18:15";"1";"74";"74281";"2";"1";"1";" -1";"GENEVE (AVE DE) JUSQUE CROISEE ANTHY";"46,3545624";"6,4456523"
"202000040781";"23";"9";"2020";"07:45";"2";"74";"74012";"2";"1";"2";"3";"ARVE (QUAI D')";"46,1840400";"6,2298400"
"202000040782";"23";"9";"2020";"18:05";"1";"72";"72181";"2";"1";"2";"3";"BOLLEE (AV) N° PAIRS 64 A 146";"48,0020100";"0,2089600"
"202000040783";"22";"9";"2020";"12:15";"1";"69";"69275";"2";"1";"1";"6";"ALSACE (D')                         (R )";"45,7677000";"4,9556400"
"202000040784";"5";"12";"2020";"14:55";"1";"75";"75115";"2";"3";"1";"3";"BOULEVARD GARIBALDI";"48,8477900";"2,3024940"
"202000040785";"24";"9";"2020";"07:30";"1";"69";"69266";"2";"1";"8";"3";"CONDORCET    (Avenue)";"45,7773600";"4,8670500"
"202000040786";"23";"9";"2020";"16:15";"1";"69";"69275";"2";"1";"1";"6";"EMILE ZOLA                          (R )";"45,7639800";"4,9561800"
"202000040787";"23";"9";"2020";"15:28";"1";"66";"66136";"2";"1";"1";"6";"SAINT-ASSISCLE (BOULEVARD DE)";"42,6977100";"2,8780200"
"202000040788";"23";"8";"2020";"07:25";"2";"62";"62250";"2";"1";"1";"6";"GARE D'HARNES (R DE LA)";"50,4456480";"2,9200240"
"202000040789";"17";"8";"2020";"12:20";"1";"62";"62628";"2";"1";"1";"3";"RD 262";"50,4326400";"2,8655600"
"202000040790";"18";"9";"2020";"13:15";"1";"62";"62643";"2";"4";"1";"6";"ROUTE DE LE PORTEL";"50,7066930";"1,5799120"
"202000040791";"23";"9";"2020";"10:10";"1";"56";"56185";"1";"1";"8";"6";"RN 165";"47,7709800";" -3,3781600"
"202000040792";"23";"9";"2020";"08:00";"2";"56";"56121";"2";"3";"2";"2";"KERGUESTENEN (RUE  DE )";"47,7514100";" -3,3928900"
"202000040793";"23";"9";"2020";"08:50";"1";"54";"54395";"2";"4";"1";"6";"POINCARE (RUE RAYMOND 31-32 A FIN)";"48,6910312";"6,1751774"
"202000040794";"22";"9";"2020";"04:05";"5";"50";"50129";"2";"3";"1";"6";"TOUR CARREE (RUE)";"49,6409500";" -1,6230700"
"202000040795";"23";"9";"2020";"12:15";"1";"49";"49007";"2";"2";"1";"3";"MAINE";"47,4783300";" -0,5469700"
"202000040796";"21";"9";"2020";"16:45";"1";"45";"45004";"2";"1";"1";"2";"Rue Raymond Tellier";"47,9734400";"2,7683900"
"202000040797";"23";"9";"2020";"18:30";"1";"44";"44114";"1";"1";"1";" -1";"Route de Basse Indre";"47,2672100";" -1,6220700"
"202000040798";"18";"9";"2020";"15:45";"1";"44";"44109";"2";"1";"1";"6";"Boulevard Pasteur";"47,2127200";" -1,5810400"
"202000040799";"18";"9";"2020";"12:57";"1";"37";"37261";"2";"2";"1";"3";"MALRAUX (QUAI ANDRE)";"47,3975083";"0,6994517"
"202000040800";"4";"12";"2020";"13:00";"1";"75";"75115";"2";"2";"1";"6";"RUE DE LA CROIX NIVERT";"48,8459480";"2,2987030"
"202000040801";"24";"9";"2020";"17:20";"1";"35";"35238";"2";"1";"1";"6";"CANADA (AVENUE DU)";"48,0854710";" -1,6822940"
"202000040802";"24";"9";"2020";"14:30";"1";"35";"35238";"1";"9";"2";"4";"RN136 porte de Lorient";"48,1110000";" -1,7181000"
"202000040803";"24";"9";"2020";"17:36";"1";"33";"33063";"2";"1";"3";"3";"RUE DE LA BENAUGE";"44,8395793";" -0,5585347"
"202000040804";"24";"9";"2020";"17:00";"1";"33";"33063";"2";"1";"1";"6";"RUE LAJAUNIE";"44,8544800";" -0,5438900"
"202000040805";"24";"9";"2020";"09:00";"1";"33";"33318";"2";"6";"2";"7";"AVE DU GENERAL LECLERC";"44,7861500";" -0,6813300"
"202000040806";"22";"9";"2020";"13:35";"1";"31";"31555";"2";"1";"1";"6";"CHE DU CHATEAU DE L HERS";"43,6014800";"1,4825800"
"202000040807";"24";"9";"2020";"23:05";"5";"30";"30189";"2";"1";"2";" -1";"TRIAIRE SERGENT (BOULEVARD)";"43,8258800";"4,3555900"
"202000040808";"24";"9";"2020";"21:20";"5";"29";"29232";"2";"1";"3";"6";"Rue du Frugy";"47,9881200";" -4,1055300"
"202000040809";"5";"12";"2020";"18:35";"5";"75";"75113";"2";"3";"2";"6";"RUE DE TOLBIAC";"48,8259550";"2,3527720"
"202000040810";"24";"9";"2020";"07:20";"5";"29";"29019";"2";"3";"2";"1";"Rue Marcellin Duval";"48,4144412";" -4,4868042"
"202000040811";"5";"12";"2020";"16:45";"5";"75";"75113";"2";"1";"2";"6";"RUE PINEL";"48,8342640";"2,3588570"
"202000040812";"24";"9";"2020";"08:00";"2";"22";"22278";"2";"6";"3";" -1";"71° RI (DU)";"48,5108770";" -2,7591890"
"202000040813";"3";"12";"2020";"22:35";"5";"75";"75112";"2";"3";"2";"6";"RUE DU FAUBOURG SAINT ANTOINE";"48,8496790";"2,3873520"
"202000040814";"5";"12";"2020";"17:00";"5";"75";"75103";"2";"1";"2";"6";"RUE VIEILLE DU TEMPLE";"48,8591290";"2,3594370"
"202000040815";"19";"9";"2020";"15:30";"1";"22";"22106";"2";"3";"1";"3";"EIFFEL (RUE GUSTAVE)";"48,5003800";" -2,7359800"
"202000040816";"5";"12";"2020";"09:20";"2";"75";"75103";"2";"2";"1";" -1";"RUE REAUMUR";"48,8659740";"2,3537790"
"202000040817";"24";"9";"2020";"17:20";"1";"17";"17300";"2";"1";"3";"6";"GRASSET   AVENUE EDMOND (159)";"46,1641200";" -1,1750600"
"202000040818";"7";"11";"2020";"15:20";"1";"94";"94081";"2";"1";"1";"3";"HENRI BARBUSSE (AV)";"48,7927700";"2,3906400"
"202000040819";"5";"12";"2020";"13:00";"1";"94";"94073";"2";"1";"1";"6";"Boulevard du Nord";"48,7593049";"2,3710643"
"202000040820";"23";"9";"2020";"16:23";"1";"16";"16015";"2";"1";"1";"1";"PERGAUD (RUE LOUIS)";"45,6412900";"0,1316900"
"202000040821";"5";"12";"2020";"14:50";"1";"94";"94002";"2";"3";"1";"6";"LATERAL (CHE)";"48,8147000";"2,4166700"
"202000040822";"22";"9";"2020";"12:40";"1";"14";"14366";"1";"3";"1";"3";"LIVAROT (CD579 ROUTE DE)";"49,1300680";"0,2251210"
"202000040823";"4";"12";"2020";"19:15";"5";"94";"94002";"2";"2";"2";"3";"BLANQUI (QU)";"48,7981900";"2,4204200"
"202000040824";"24";"9";"2020";"17:05";"1";"13";"13117";"2";"6";"2";"3";"LA BASTIDE BLANCHE CD 9";"43,4311253";"5,2655217"
"202000040825";"19";"9";"2020";"04:40";"5";"13";"13209";"2";"1";"1";"3";"LA PUGETTE (BOULEVARD)";"43,2682120";"5,4003360"
"202000040826";"4";"12";"2020";"23:15";"5";"93";"93066";"2";"2";"2";"3";"WILSON (AVENUE DU PRESIDENT)";"48,9065415";"2,3587832"
"202000040827";"5";"12";"2020";"19:05";"5";"93";"93031";"2";"1";"2";"6";"RTE DE SAINT LEU";"48,9530300";"2,3367700"
"202000040828";"24";"9";"2020";"18:15";"1";"13";"13214";"2";"3";"8";"3";"SAINTE MARTHE (chemin)";"43,3436200";"5,3853470"
"202000040829";"5";"12";"2020";"17:40";"5";"92";"92073";"2";"1";"3";"3";"DUCLAUX (RUE EMILE)";"48,8779258";"2,2340123"
"202000040830";"24";"9";"2020";"15:50";"1";"13";"13208";"2";"2";"8";"3";"ROUET (RUE DU)";"43,2761821";"5,3948826"
"202000040831";"5";"12";"2020";"11:25";"1";"92";"92035";"2";"1";"8";"6";"Aigle ( rue de l' )";"48,9033333";"2,2443491"
"202000040832";"24";"9";"2020";"14:03";"1";"13";"13202";"2";"1";"1";"6";"CAMILLE PELLETAN (AVENUE)";"43,3038352";"5,3736823"
"202000040833";"24";"9";"2020";"13:15";"1";"13";"13212";"2";"1";"1";"3";"24 AVRIL 15 (AVENUE DU)";"43,3078000";"5,4290000"
"202000040834";"5";"12";"2020";"11:35";"1";"92";"92060";"2";"9";"1";"3";"LEON BLUM (AVENUE) (RD 75)";"48,7748900";"2,2547600"
"202000040835";"24";"9";"2020";"06:45";"5";"13";"13213";"2";"1";"1";"6";"ALBERT EINSTEIN (RUE)";"43,3392550";"5,4391550"
"202000040836";"4";"12";"2020";"22:50";"5";"92";"92012";"2";"2";"1";"1";"MEUDON (RUE DE) - COTE PAIR";"48,8255200";"2,2419300"
"202000040837";"24";"9";"2020";"06:20";"2";"13";"13075";"2";"1";"1";"6";"MARIUS MASSE (BD)";"43,3621400";"5,4639600"
"202000040838";"23";"9";"2020";"20:45";"5";"13";"13205";"2";"1";"1";"3";"SAINT JEAN DU DESERT (CHEMIN)";"43,2936000";"5,4070000"
"202000040839";"23";"9";"2020";"14:15";"1";"13";"13047";"1";"1";"1";"5";"AVENUE DE LA CRAU";"43,5919550";"4,9403300"
"202000040840";"23";"9";"2020";"11:45";"1";"13";"13047";"2";"1";"1";"6";"FREDERIC MISTRAL BOULEVARD";"43,5147530";"4,9890590"
"202000040841";"5";"12";"2020";"17:20";"3";"2A";"2A071";"1";"1";"3";"1";"Celaccia";"41,7397610";"8,9279040"
"202000040842";"23";"9";"2020";"14:20";"1";"13";"13005";"1";"3";"1";"3";"RD 43 C";"43,3056200";"5,5921700"
"202000040843";"5";"12";"2020";"14:50";"1";"83";"83057";"1";"1";"2";"3";"A8";"43,4064190";"6,1891650"
"202000040844";"6";"12";"2020";"16:45";"1";"974";"97412";"2";"1";"1";"1";"Chemin de Cap Blanc";" -21,3112600";"55,6399990"
"202000040845";"4";"12";"2020";"17:35";"3";"51";"51093";"1";"1";"1";"7";"D951";"48,9901940";"3,8876690"
"202000040846";"6";"12";"2020";"04:15";"3";"60";"60102";"1";"1";"2";"6";"D200";"49,3114687";"2,5498990"
"202000040847";"20";"9";"2020";"03:35";"3";"12";"12174";"1";"1";"3";"6";"RN88 (ROCADE)";"44,3341570";"2,5548970"
"202000040848";"6";"12";"2020";"04:22";"3";"80";"80637";"1";"1";"1";"6";"D40";"50,1400280";"1,7639600"
"202000040849";"23";"11";"2020";"19:00";"5";"80";"80282";"2";"3";"1";"6";"Rue de la Gatelette";"50,0529020";"1,8766180"
"202000040850";"24";"9";"2020";"12:33";"1";"06";"06088";"2";"1";"1";"2";"MERCANTOUR (BD)";"43,7137410";"7,1871800"
"202000040851";"25";"9";"2020";"00:05";"3";"06";"06069";"2";"1";"1";"7";"BASSES RIBES (CHEMIN DES)";"43,6509920";"6,9088990"
"202000040852";"2";"12";"2020";"14:30";"1";"89";"89378";"1";"2";"1";"1";"D957";"47,5078530";"3,9348860"
"202000040853";"5";"12";"2020";"18:00";"3";"42";"42136";"1";"1";"1";"7";"Route de Saint Bonnet";"45,6968280";"3,9786820"
"202000040854";"24";"9";"2020";"19:05";"2";"01";"01344";"2";"1";"2";"6";"TREVOUX (AVENUE DE)";"46,2003300";"5,1950300"
"202000040855";"6";"12";"2020";"06:15";"3";"34";"34332";"1";"9";"1";"6";"D612";"43,3103820";"3,4022850"
"202000040856";"23";"9";"2020";"17:55";"1";"75";"75118";"2";"1";"1";"3";"BOULEVARD PERIPHERIQUE";"48,9008990";"2,3616080"
"202000040857";"23";"9";"2020";"18:04";"1";"75";"75119";"2";"1";"8";"2";"BOULEVARD PERIPHERIQUE";"48,8828090";"2,4008190"
"202000040858";"6";"12";"2020";"06:40";"5";"44";"44005";"1";"1";"1";"6";"D751";"47,1155840";" -1,9509420"
"202000040859";"24";"9";"2020";"19:01";"5";"75";"75112";"2";"1";"3";"2";"BOULEVARD PERIPHERIQUE EXTERIEUR SUD";"48,8359170";"2,4122570"
"202000040860";"5";"12";"2020";"08:50";"1";"84";"84052";"1";"1";"2";"6";"D 956 PK 9 + 500";"43,7689710";"5,6046370"
"202000040861";"24";"9";"2020";"18:35";"1";"75";"75119";"2";"1";"2";"6";"RUE CURIAL";"48,8925770";"2,3727960"
"202000040862";"5";"12";"2020";"13:40";"1";"90";"90097";"2";"1";"1";"7";"D437";"47,5724760";"6,8607960"
"202000040863";"24";"9";"2020";"15:00";"1";"75";"75119";"2";"4";"2";"3";"AVENUE SIMON BOLIVAR";"48,8759890";"2,3813130"
"202000040864";"23";"9";"2020";"23:50";"5";"75";"75118";"2";"3";"2";"6";"RUE ORDENER";"48,8920410";"2,3469640"
"202000040865";"24";"9";"2020";"19:05";"2";"75";"75117";"2";"2";"2";"7";"AVENUE DE CLICHY";"48,8897130";"2,3217140"
"202000040866";"24";"9";"2020";"08:45";"1";"75";"75117";"2";"5";"1";"3";"AVENUE DE VILLIERS";"48,8830650";"2,3083480"
"202000040867";"5";"12";"2020";"02:30";"3";"53";"53165";"1";"1";"1";"7";"Grugé";"47,8445610";" -1,0114770"
"202000040868";"9";"1";"2020";"17:55";"5";"2B";"2B042";"2";"1";"1";"6";"28 Rue des Alouettes";"42,5507960";"9,4422360"
"202000040869";"24";"9";"2020";"02:10";"5";"75";"75116";"2";"7";"1";"2";"PLACE DE LA PORTE MAILLOT";"48,8781960";"2,2811480"
"202000040870";"6";"12";"2020";"16:30";"1";"04";"04004";"1";"1";"1";"6";"Ch du Vallon de Pinet";"43,8075340";"6,0108090"
"202000040871";"9";"1";"2020";"13:50";"1";"84";"84078";"1";"9";"1";"3";"Quartier les genestes";"44,2423940";"4,7346160"
"202000040872";"8";"1";"2020";"17:30";"3";"06";"06157";"2";"1";"1";"3";"1055 Avenue Rhin et Danube";"43,7253070";"7,0943040"
"202000040873";"24";"9";"2020";"09:25";"1";"75";"75115";"2";"3";"1";"6";"RUE DE JAVEL";"48,8444410";"2,2846710"
"202000040874";"6";"12";"2020";"04:00";"3";"85";"85095";"1";"1";"8";"6";"Le Rorthais";"46,8562440";" -1,7625550"
"202000040875";"8";"1";"2020";"18:02";"3";"04";"04245";"2";"1";"1";"6";"RD 4096 Av des Farigoules num 402";"43,8753039";"5,8435267"
"202000040876";"22";"9";"2020";"22:35";"5";"75";"75115";"2";"7";"1";" -1";"RUE LINOIS";"48,8491640";"2,2817880"
"202000040877";"24";"9";"2020";"19:15";"1";"35";"35210";"1";"1";"1";"3";"Lieu dit Beauséjour";"48,1632520";" -1,7706440"
"202000040878";"5";"12";"2020";"17:35";"3";"68";"68278";"1";"1";"1";"6";"Rue de Zimmersheim";"47,7281820";"7,3806240"
"202000040879";"5";"1";"2020";"14:45";"1";"13";"13022";"1";"1";"1";"7";"CD 59 A";"43,2244660";"5,5516860"
"202000040880";"24";"9";"2020";"19:50";"3";"75";"75114";"2";"1";"2";"4";"BOULEVARD PERIPHERIQUE";"48,8209270";"2,3218280"
"202000040881";"6";"12";"2020";"18:40";"3";"13";"13018";"1";"1";"1";"2";"A7 - Pk 202+000 - Sens S/N";"43,8714160";"4,9568940"
"202000040882";"8";"1";"2020";"12:20";"1";"71";"71024";"1";"2";"2";"2";"D982";"46,2956083";"4,0402719"
"202000040883";"24";"9";"2020";"19:05";"2";"75";"75113";"2";"5";"2";"6";"BOULEVARD DE L HOPITAL";"48,8365690";"2,3592960"
"202000040884";"5";"12";"2020";"12:50";"1";"971";"97117";"1";"1";"1";"1";"Chemin Departemental 117 de Ste Marie d'Arles";"16,3022398";" -61,3286448"
"202000040885";"8";"1";"2020";"09:52";"1";"74";"74018";"1";"1";"7";"1";"D19";"46,0959940";"6,3417830"
"202000040886";"24";"9";"2020";"16:30";"1";"75";"75112";"2";"1";"1";"6";"PASSAGE DRIANCOURT";"48,8493270";"2,3806500"
"202000040887";"6";"12";"2020";"15:45";"1";"971";"97131";"2";"1";"1";"6";"Rue du Fort Napoleon";"15,8727892";" -61,5818593"
"202000040888";"7";"1";"2020";"11:35";"1";"85";"85222";"2";"6";"8";"3";"Avenue de la Liberté";"46,6923590";" -1,9259220"
"202000040889";"24";"9";"2020";"19:20";"5";"75";"75111";"2";"1";"2";"3";"RUE ALEXANDRE DUMAS";"48,8540870";"2,3949800"
"202000040890";"3";"1";"2020";"18:40";"3";"44";"44215";"2";"6";"2";"6";"Route du vignoble - Rue des Rochais";"47,1759530";" -1,5003510"
"202000040891";"8";"1";"2020";"08:00";"5";"56";"56176";"2";"1";"2";"6";"11 Rue de Lann Guerban";"47,6817480";" -2,9617030"
"202000040892";"6";"12";"2020";"13:20";"1";"95";"95254";"1";"1";"1";"1";"CD 28";"49,1251180";"1,9821740"
"202000040893";"24";"9";"2020";"19:50";"5";"75";"75111";"2";"2";"3";"6";"BOULEVARD VOLTAIRE";"48,8637670";"2,3701110"
"202000040894";"9";"1";"2020";"08:50";"1";"22";"22198";"1";"1";"8";"1";"5 Route de Trégastel";"48,7799176";" -3,4883020"
"202000040895";"9";"1";"2020";"19:00";"3";"35";"35012";"1";"2";"3";"5";"Les Riais";"47,8458470";" -1,6635850"
"202000040896";"4";"12";"2020";"11:50";"1";"66";"66065";"1";"1";"2";"2";"D914";"42,6161440";"2,9789660"
"202000040897";"9";"1";"2020";"14:30";"1";"76";"76578";"1";"2";"2";"3";"D1";"49,6524000";"1,4276470"
"202000040898";"24";"9";"2020";"00:40";"5";"75";"75111";"2";"2";"8";"3";"RUE FAIDHERBE";"48,8525000";"2,3832000"
"202000040899";"24";"9";"2020";"14:30";"1";"75";"75118";"2";"4";"2";"3";"RUE CUSTINE";"48,8893250";"2,3446830"
"202000040900";"2";"1";"2020";"11:35";"1";"62";"62444";"2";"2";"1";"3";"Hameau de Rameseau";"50,8910350";"1,7358720"
"202000040901";"4";"12";"2020";"18:50";"3";"30";"30258";"1";"1";"2";"1";"RD 6572";"43,6696880";"4,3847040"
"202000040902";"6";"12";"2020";"12:10";"1";"13";"13109";"1";"1";"1";"6";"RD7N";"43,5099410";"5,5033826"
"202000040903";"30";"11";"2020";"07:55";"2";"57";"57061";"2";"1";"1";"6";"rue de la gare";"49,1378240";"6,8286090"
"202000040904";"8";"1";"2020";"08:25";"1";"91";"91161";"1";"1";"8";"3";"AUTOROUTE A6";"48,7010819";"2,3096852"
"202000040905";"24";"9";"2020";"08:35";"1";"75";"75110";"2";"2";"1";"6";"BOULEVARD DE STRASBOURG";"48,8710190";"2,3552190"
"202000040906";"28";"7";"2020";"07:00";"1";"75";"75117";"2";"1";"1";"3";"ECHANGEUR SAINT OUEN";"48,9004880";"2,3220650"
"202000040907";"24";"9";"2020";"08:30";"1";"75";"75108";"2";"2";"1";"3";"AVENUE DE FRIEDLAND";"48,8743980";"2,3010700"
"202000040908";"8";"1";"2020";"08:35";"1";"78";"78007";"1";"1";"1";"4";"A13W";"48,8953100";"2,0071300"
"202000040909";"5";"12";"2020";"15:35";"1";"13";"13216";"1";"1";"1";"7";"A55-Sens Martigues vers Marseille";"43,3510396";"5,3477453"
"202000040910";"27";"7";"2020";"23:07";"5";"75";"75119";"2";"1";"1";"2";"AVENUE DE FLANDRE";"48,8854130";"2,3705650"
"202000040911";"22";"9";"2020";"11:50";"1";"75";"75108";"2";"2";"1";"3";"RUE CAMBACERES";"48,8741970";"2,3175090"
"202000040912";"4";"12";"2020";"22:20";"3";"13";"13005";"1";"1";"2";"4";"A50-Sens Marseille vers Aubagne";"43,2875150";"5,5425170"
"202000040913";"28";"7";"2020";"19:07";"1";"75";"75118";"2";"4";"1";"6";"BOULEVARD DE CLICHY";"48,8834210";"2,3343050"
"202000040914";"24";"9";"2020";"02:30";"5";"75";"75102";"2";"3";"8";"7";"RUE DAUNOU";"48,8699910";"2,3305230"
"202000040915";"4";"12";"2020";"14:00";"1";"13";"13015";"1";"1";"1";"4";"A51-Sens Aix en Provence vers Marseille";"43,4610000";"5,4050000"
"202000040916";"7";"1";"2020";"18:00";"3";"78";"78073";"1";"1";"1";"4";"A12 Y";"48,8024700";"2,0474000"
"202000040917";"24";"9";"2020";"06:20";"2";"75";"75102";"2";"2";"1";"6";"RUE D ABOUKIR";"48,8678800";"2,3473710"
"202000040918";"7";"1";"2020";"20:00";"3";"95";"95018";"1";"1";"1";"6";"AUTOROUTE A15";"48,9629500";"2,2682900"
"202000040919";"7";"1";"2020";"16:00";"1";"92";"92078";"1";"1";"1";"7";"AUTOROUTE A86";"48,9304400";"2,3244000"
"202000040920";"24";"9";"2020";"20:45";"5";"94";"94044";"2";"3";"2";"3";"VERDUN (AV DE)";"48,7497100";"2,4810100"
"202000040921";"28";"7";"2020";"06:32";"2";"75";"75118";"2";"2";"1";"3";"RUE DOUDEAUVILLE";"48,8884750";"2,3535670"
"202000040922";"28";"7";"2020";"09:10";"1";"75";"75117";"2";"2";"1";"6";"RUE POUCHET";"48,8915590";"2,3184760"
"202000040923";"28";"7";"2020";"09:00";"1";"75";"75117";"2";"7";"1";"3";"PLACE DU MARECHAL JUIN";"48,8853080";"2,2969110"
"202000040924";"24";"9";"2020";"14:30";"1";"94";"94068";"2";"4";"3";"3";"REMISES (R DES)";"48,8041130";"2,4717300"
"202000040925";"1";"12";"2020";"17:59";"3";"13";"13210";"1";"1";"1";"4";"A50-Sens Marseille vers Aubagne";"43,2826240";"5,3954200"
"202000040926";"7";"1";"2020";"05:50";"3";"92";"92036";"1";"1";"1";"5";"AUTOROUTE A15";"48,9458800";"2,2832100"
"202000040927";"28";"7";"2020";"20:00";"1";"75";"75116";"2";"5";"8";"3";"CHAUSSEE LA MUETTE";"48,8581550";"2,2726240"
"202000040928";"5";"12";"2020";"18:55";"3";"33";"33013";"1";"1";"2";"3";"ROUTE NATIONALE 230";"44,8543500";" -0,5054000"
"202000040929";"24";"9";"2020";"20:10";"5";"94";"94041";"2";"3";"2";"1";"REPUBLIQUE (AV DE LA)";"48,8024300";"2,3973500"
"202000040930";"28";"7";"2020";"21:15";"5";"75";"75115";"2";"7";"1";"3";"PLACE DUPLEIX";"48,8506640";"2,2956280"
"202000040931";"24";"9";"2020";"17:30";"1";"94";"94041";"2";"1";"8";"6";"STALINGRAD (BD DE)";"48,8030500";"2,3780100"
"202000040932";"28";"7";"2020";"17:20";"1";"75";"75115";"2";"4";"1";"2";"RUE DE LA CONVENTION";"48,8380710";"2,2945930"
"202000040933";"24";"9";"2020";"11:05";"1";"94";"94041";"2";"1";"1";"3";"DANIELLE CASANOVA (AV)";"48,8131800";"2,3855200"
"202000040934";"7";"1";"2020";"01:30";"3";"92";"92036";"1";"1";"1";"6";"AUTOROUTE A86";"48,9325900";"2,3219700"
"202000040935";"23";"7";"2020";"21:00";"2";"75";"75114";"2";"1";"1";"3";"BOULEVARD ARAGO";"48,8344840";"2,3340200"
"202000040936";"5";"12";"2020";"17:30";"3";"91";"91340";"1";"1";"2";"4";"AUTOROUTE A6";"48,6020800";"2,4380900"
"202000040937";"8";"1";"2020";"20:00";"5";"94";"94017";"1";"1";"1";"3";"A4";"48,8271602";"2,5103399"
"202000040938";"28";"7";"2020";"18:55";"1";"75";"75113";"2";"3";"1";"2";"RUE DE TOLBIAC";"48,8260650";"2,3552040"
"202000040939";"5";"12";"2020";"00:20";"3";"92";"92036";"1";"1";"2";"6";"A86";"48,9357475";"2,2624784"
"202000040940";"25";"8";"2020";"00:00";"5";"94";"94046";"2";"2";"2";"2";"REPUBLIQUE (AV DE LA)";"48,8058200";"2,4409870"
"202000040941";"28";"7";"2020";"18:40";"1";"75";"75110";"2";"4";"1";" -1";"BOULEVARD DE MAGENTA";"48,8731820";"2,3588430"
"202000040942";"22";"9";"2020";"23:10";"5";"94";"94041";"2";"9";"1";"3";"VERDUN (AV DE)";"48,8090000";"2,3730000"
"202000040943";"6";"1";"2020";"14:40";"1";"92";"92023";"2";"1";"1";"2";"HENRI BARBUSSE (AVENUE)";"48,8107930";"2,2583440"
"202000040944";"4";"12";"2020";"19:10";"3";"78";"78073";"1";"1";"2";"4";"N12Y";"48,7969350";"2,0218970"
"202000040945";"28";"7";"2020";"03:40";"5";"75";"75108";"2";"7";"1";"3";"PONT DE L ALMA";"48,8645250";"2,3013270"
"202000040946";"6";"1";"2020";"19:40";"3";"973";"97302";"2";"1";"1";"6";"BADUEL (ROUTE DE)";"4,9320804";" -52,3077536"
"202000040947";"5";"12";"2020";"01:30";"3";"93";"93064";"1";"1";"1";"6";"AUTOROUTE A86";"48,8989100";"2,4692600"
"202000040948";"28";"7";"2020";"10:25";"1";"75";"75116";"2";"2";"1";"6";"AVENUE PAUL DOUMER";"48,8583230";"2,2749380"
"202000040949";"6";"1";"2020";"16:30";"1";"973";"97302";"2";"1";"1";"1";"BADUEL (ROUTE DE)";"4,9343893";" -52,3114443"
"202000040950";"4";"12";"2020";"23:15";"3";"95";"95582";"1";"1";"1";"6";" A15";"48,9639519";"2,2631139"
"202000040951";"20";"9";"2020";"00:30";"3";"94";"94073";"1";"1";"8";"2";"RN 186";"48,7730954";"2,4014654"
"202000040952";"27";"7";"2020";"22:59";"5";"75";"75108";"2";"2";"1";" -1";"BOULEVARD HAUSSMANN";"48,8750330";"2,3091910"
"202000040953";"7";"1";"2020";"07:40";"1";"973";"97302";"1";"3";"1";"3";"MADELEINE (ROUTE DE LA)";"4,9114501";" -52,3214436"
"202000040954";"22";"9";"2020";"08:20";"1";"94";"94033";"2";"9";"1";"3";"MARAIS (R DES)";"48,8581163";"2,4918070"
"202000040955";"28";"7";"2020";"08:55";"1";"75";"75107";"2";"7";"1";"6";"QUAI D ORSAY";"48,8627930";"2,3116600"
"202000040956";"4";"12";"2020";"20:15";"3";"60";"60138";"1";"1";"2";"4";"AUTOROUTE A1";"49,2151400";"2,6263600"
"202000040957";"24";"9";"2020";"09:00";"1";"94";"94017";"2";"1";"1";"3";"GENERAL DE GAULLE (AV DU)";"48,8271900";"2,5144700"
"202000040958";"28";"7";"2020";"09:00";"1";"75";"75104";"2";"7";"1";"3";"PLACE DU CHATELET";"48,8571810";"2,3473310"
"202000040959";"7";"1";"2020";"20:15";"5";"69";"69259";"2";"3";"1";"6";"PIERRE SEMARD                       (AV)";"45,7061800";"4,8779200"
"202000040960";"24";"9";"2020";"10:20";"1";"94";"94004";"2";"9";"1";"3";"GENERAL LECLERC (AV DU)";"48,7498120";"2,5080860"
"202000040961";"5";"12";"2020";"02:35";"3";"94";"94017";"1";"1";"2";"6";"A4";"48,8269200";"2,5235300"
"202000040962";"27";"7";"2020";"18:00";"1";"94";"94068";"2";"1";"1";" -1";"BAC (AV DU)";"48,7968400";"2,5056100"
"202000040963";"25";"7";"2020";"23:40";"5";"94";"94052";"2";"1";"2";"7";"CHARLES DE GAULLE (GRAND RUE)";"48,8364200";"2,4781600"
"202000040964";"3";"10";"2020";"18:15";"1";"974";"97416";"2";"1";"1";"6";"HUBERT DE LISLE(BOULEVARD)";" -21,3437900";"55,4775100"
"202000040965";"6";"1";"2020";"16:35";"1";"2B";"2B033";"1";"3";"1";"6";"CARDO - RT INFERIEURE DE";"42,6938900";"9,4396300"
"202000040966";"23";"9";"2020";"14:10";"1";"94";"94071";"2";"2";"8";"3";"CHARLES DE GAULLE (R)";"48,7657000";"2,5336000"