"Num_Acc";"jour";"mois";"an";"hrmn";"lum";"dep";"com";"agg";"int";"atm";"col";"adr";"lat";"long"
"202000041161";"7";"1";"2020";"15:50";"1";"75";"75113";"2";"2";"1";"3";"BOULEVARD DU GENERAL JEAN SIMON";"48,8240310";"2,3770195"
"202000041162";"7";"1";"2020";"00:01";"5";"75";"75112";"2";"1";"2";"3";"BOULEVARD PONIATOWSKI";"48,8291034";"2,3898706"
"202000041163";"28";"7";"2020";"17:30";"1";"37";"37027";"2";"3";"1";"3";"19 Rue de Tours";"47,3277930";"0,9873150"
"202000041164";"7";"1";"2020";"19:05";"5";"75";"75111";"2";"3";"2";"3";"AVENUE DE LA REPUBLIQUE";"48,8637940";"2,3822947"
"202000041165";"7";"1";"2020";"09:50";"1";"75";"75110";"2";"2";"1";"3";"RUE DE LA GRANGE AUX BELLES";"48,8737140";"2,3649010"
"202000041166";"28";"7";"2020";"17:30";"1";"77";"77527";"2";"1";"1";"7";"34 Rue de la Libération";"48,6932480";"3,0094170"
"202000041167";"17";"9";"2020";"18:55";"1";"52";"52423";"1";"1";"1";"7";"D674";"48,2618840";"5,3515860"
"202000041168";"7";"1";"2020";"14:45";"1";"75";"75108";"2";"2";"1";"6";"AVENUE DELCASSE";"48,8726051";"2,3147728"
"202000041169";"7";"1";"2020";"12:10";"1";"75";"75108";"2";"1";"1";"6";"AVENUE MARCEAU";"48,8659288";"2,2997171"
"202000041170";"7";"1";"2020";"08:53";"1";"75";"75108";"2";"7";"1";"2";"PLACE DU CANADA";"48,8646018";"2,3103341"
"202000041171";"7";"1";"2020";"11:45";"1";"75";"75102";"2";"3";"1";"3";"RUE BEAUREGARD";"48,8692502";"2,3489774"
"202000041172";"28";"7";"2020";"19:10";"1";"95";"95489";"1";"1";"1";"2";"1 Rue de Paris";"49,0141740";"2,3515030"
"202000041173";"25";"9";"2020";"00:15";"3";"31";"31212";"1";"1";"3";"3";"A68";"43,7199990";"1,5675460"
"202000041174";"7";"1";"2020";"10:00";"1";"75";"75110";"2";"7";"1";"3";"BOULEVARD SAINT MARTIN";"48,8679509";"2,3623805"
"202000041175";"25";"9";"2020";"19:30";"2";"65";"65127";"1";"9";"3";"6";"A64";"43,1032580";"0,3368790"
"202000041176";"29";"7";"2020";"14:24";"1";"83";"83133";"1";"1";"1";"3";"D37";"43,5727430";"6,8049570"
"202000041177";"6";"1";"2020";"18:20";"5";"75";"75102";"2";"2";"1";"6";"BOULEVARD DE SEBASTOPOL";"48,8662310";"2,3525315"
"202000041178";"24";"9";"2020";"12:12";"1";"40";"40227";"1";"1";"2";"5";"D834";"44,2887840";" -0,7685170"
"202000041179";"7";"1";"2020";"08:35";"1";"75";"75101";"2";"2";"1";"3";"AVENUE VICTORIA";"48,8577217";"2,3477764"
"202000041180";"25";"9";"2020";"05:00";"5";"77";"77185";"1";"1";"1";"2";"A6";"48,4258080";"2,5402880"
"202000041181";"29";"7";"2020";"12:00";"1";"04";"04062";"1";"1";"1";"6";"RD 900";"44,4714131";"6,7637214"
"202000041182";"6";"1";"2020";"20:20";"5";"75";"75111";"2";"2";"1";"6";"AVENUE DE LA REPUBLIQUE";"48,8659682";"2,3708446"
"202000041183";"29";"7";"2020";"15:00";"1";"54";"54505";"1";"1";"1";"7";"D59";"48,6170520";"6,0689590"
"202000041184";"25";"9";"2020";"12:50";"1";"34";"34182";"2";"6";"6";"7";"d13";"43,4274680";"3,4088650"
"202000041185";"7";"1";"2020";"18:20";"5";"94";"94042";"2";"1";"2";"3";"JEAN JAURES (AV)";"48,8201600";"2,4643600"
"202000041186";"28";"7";"2020";"14:55";"1";"81";"81112";"1";"4";"1";"7";"Route de Marssac";"43,9209800";"2,0260010"
"202000041187";"29";"7";"2020";"12:15";"1";"09";"09074";"1";"1";"1";"6";"D7";"43,0185490";"1,9686560"
"202000041188";"7";"1";"2020";"10:00";"1";"94";"94034";"2";"1";"8";"6";"DIVISION LECLERC (AV DE LA)";"48,7601200";"2,3216100"
"202000041189";"6";"1";"2020";"12:10";"1";"94";"94028";"2";"9";"1";"1";"MAURIAC.(RUE FRANCOIS)";"48,7856375";"2,4535840"
"202000041190";"25";"9";"2020";"12:55";"1";"84";"84055";"2";"1";"1";"2";"Route de Caumont";"43,9482810";"4,9405540"
"202000041191";"6";"1";"2020";"16:50";"1";"94";"94019";"2";"1";"1";"6";"COEUILLY (AV DE)";"48,8025400";"2,5383100"
"202000041192";"29";"7";"2020";"11:50";"1";"79";"79049";"2";"1";"1";"2";"16 Rue du Petit Patis";"46,8477620";" -0,4858880"
"202000041193";"4";"1";"2020";"11:00";"1";"94";"94019";"2";"9";"1";" -1";"BORDES (R DES)";"48,7980667";"2,5512904"
"202000041194";"25";"9";"2020";"13:20";"1";"13";"13015";"2";"3";"1";"2";"Avenue de Provence";"43,4498310";"5,4267120"
"202000041195";"7";"1";"2020";"14:21";"1";"94";"94018";"2";"1";"1";"3";"CARRIERES (QU DES)";"48,8199100";"2,4048400"
"202000041196";"28";"7";"2020";"17:35";"1";"79";"79184";"2";"4";"1";"3";"Route de Saint-maixent";"46,3633440";" -0,1148410"
"202000041197";"24";"9";"2020";"22:00";"3";"13";"13041";"1";"1";"1";"2";"D6";"43,4703550";"5,4699250"
"202000041198";"29";"7";"2020";"00:49";"3";"17";"17064";"2";"1";"1";"2";"1 Route de Taupignac";"45,6755228";" -1,0566818"
"202000041199";"7";"1";"2020";"05:45";"5";"93";"93071";"2";"4";"8";"6";"AV DU GENERAL LECLERC / AV DE LATTRE DE TASSIGNY";"48,9398510";"2,5233950"
"202000041200";"25";"9";"2020";"19:50";"3";"55";"55122";"1";"1";"2";"6";"Route de Chonville";"48,7510820";"5,5548980"
"202000041201";"29";"7";"2020";"20:45";"1";"64";"64230";"1";"1";"1";"7";"N134";"43,1748570";" -0,4346250"
"202000041202";"7";"1";"2020";"13:40";"1";"93";"93071";"2";"1";"1";"6";"DUMONT D'URVILLE (AVENUE)";"48,9463891";"2,5222015"
"202000041203";"25";"9";"2020";"12:10";"1";"38";"38146";"1";"1";"1";"6";"VC La Gagne";"45,7078400";"5,2978780"
"202000041204";"28";"7";"2020";"22:10";"5";"85";"85300";"2";"1";"1";"7";"Rue de Lattre de Tassigny";"46,6860810";" -1,5122030"
"202000041205";"29";"8";"2020";"22:55";"3";"26";"26064";"1";"1";"1";"7";"D236";"44,8849800";"4,9919840"
"202000041206";"7";"1";"2020";"19:30";"5";"93";"93062";"2";"1";"2";" -1";"AV THIERS";"48,8960900";"2,5256000"
"202000041207";"27";"7";"2020";"17:15";"1";"72";"72154";"1";"1";"1";"1";"Chemin de la Landelière";"47,6853150";" -0,0211520"
"202000041208";"7";"1";"2020";"09:00";"1";"93";"93051";"2";"1";"1";"6";"DOCTEUR JEAN VAQUIER";"48,8478800";"2,5562900"
"202000041209";"22";"7";"2020";"11:50";"1";"44";"44198";"1";"1";"1";"3";"A83";"47,1590670";" -1,5132160"
"202000041210";"28";"7";"2020";"12:25";"1";"44";"44026";"1";"6";"1";"7";"Route de Paris";"47,2756110";" -1,4683060"
"202000041211";"6";"1";"2020";"11:15";"1";"93";"93048";"2";"1";"1";"2";"BD DE VERDUN";"48,8569300";"2,4672300"
"202000041212";"29";"7";"2020";"07:45";"1";"14";"14258";"1";"1";"1";"6";"D511";"48,9122340";" -0,1991270"
"202000041213";"7";"1";"2020";"08:20";"1";"93";"93014";"2";"1";"8";"3";"ALL DE MONTFERMEIL";"48,8991400";"2,5429200"
"202000041214";"6";"1";"2020";"17:30";"5";"92";"92049";"2";"2";"1";"3";"BROSSOLETTE AVENUE PIERRE";"48,8176500";"2,3078600"
"202000041215";"3";"7";"2020";"13:40";"1";"29";"29042";"1";"3";"1";"2";"D887 - Route de Chateaulin";"48,2456820";" -4,3870160"
"202000041216";"7";"1";"2020";"18:00";"5";"92";"92040";"2";"9";"8";"7";"ARISTIDE BRIAND";"48,8212566";"2,2556091"
"202000041217";"28";"7";"2020";"20:50";"2";"59";"59136";"1";"1";"1";"2";"Rd 643";"50,1089920";"3,5187150"
"202000041218";"7";"1";"2020";"08:40";"1";"92";"92036";"2";"1";"1";" -1";"LAURENT CELY (AVENUE) (1/143)";"48,9321000";"2,3018800"
"202000041219";"28";"7";"2020";"18:00";"1";"13";"13026";"1";"1";"1";"2";"A55-Sens Martigues vers Marseille";"43,3903300";"5,1357000"
"202000041220";"7";"1";"2020";"11:15";"1";"92";"92026";"2";"1";"1";"3";"VERDUN (DE 62 A FIN)";"48,9027200";"2,2585000"
"202000041221";"27";"7";"2020";"13:21";"1";"13";"13055";"1";"1";"1";"4";"A507 sens Aubagne- Marseille";"43,3022300";"5,4255200"
"202000041222";"2";"1";"2020";"11:50";"1";"92";"92012";"2";"1";"1";"7";"VICTOR HUGO (AVENUE) 49/FIN - 60/FIN";"48,8396220";"2,2471280"
"202000041223";"7";"1";"2020";"09:30";"1";"92";"92036";"2";"1";"2";"4";"BAS ( RUE DES )";"48,9203210";"2,2886109"
"202000041224";"8";"1";"2020";"11:55";"1";"60";"60387";"1";"1";"2";"1";"D901";"49,5846486";"1,9533085"
"202000041225";"27";"7";"2020";"08:15";"1";"13";"13202";"1";"1";"1";"2";"A55-Sens Marseille vers Martigues";"43,3097000";"5,3683000"
"202000041226";"27";"7";"2020";"19:20";"1";"83";"83137";"1";"1";"1";"2";"BRETELLE17  ACCES TOULON CENTRE N -T";"43,1213200";"5,9533100"
"202000041227";"27";"7";"2020";"17:40";"1";"42";"42044";"1";"1";"1";"2";"RN88";"45,3952900";"4,3366300"
"202000041228";"28";"7";"2020";"18:40";"1";"33";"33192";"1";"1";"1";"3";"AUTOROUTE A 63";"44,7811800";" -0,6365700"
"202000041229";"28";"7";"2020";"15:11";"1";"91";"91689";"1";"1";"1";"2";"AUTOROUTE A6B";"48,7462500";"2,3258500"
"202000041230";"8";"1";"2020";"13:24";"1";"01";"01361";"1";"1";"1";"1";"D65";"45,8449860";"5,1904550"
"202000041231";"28";"7";"2020";"08:35";"1";"94";"94034";"1";"1";"1";"7";"AUTOROUTE A86";"48,7602013";"2,3206169"
"202000041232";"6";"1";"2020";"18:15";"3";"63";"63001";"1";"3";"1";"3";"D51";"46,0151037";"3,2110146"
"202000041233";"28";"7";"2020";"19:22";"1";"92";"92050";"1";"1";"1";"4";"A14";"48,9001500";"2,2101500"
"202000041234";"7";"1";"2020";"17:10";"4";"67";"67214";"2";"1";"8";"6";"ROUTE DES ROMAINS";"48,6193012";"7,5901209"
"202000041235";"27";"7";"2020";"20:00";"1";"75";"75116";"1";"1";"1";"4";"A13Y";"48,8481920";"2,2526270"
"202000041236";"5";"1";"2020";"12:30";"1";"974";"97410";"1";"1";"3";"3";" RN3 - Route des plaines";" -21,1048710";"55,6675580"
"202000041237";"8";"1";"2020";"08:20";"2";"44";"44203";"1";"1";"2";" -1";"Le Temple-de-Bretagne";"47,3233410";" -1,7775960"
"202000041238";"27";"7";"2020";"10:00";"1";"78";"78029";"1";"1";"1";"5";"A13W";"48,9664400";"1,8529300"
"202000041239";"7";"1";"2020";"16:20";"1";"71";"71398";"1";"1";"8";"1";"Route d’Oslon";"46,7699880";"4,9776050"
"202000041240";"28";"7";"2020";"13:00";"1";"95";"95572";"1";"1";"1";"5";"AUTOROUTE A15";"49,0269747";"2,1298922"
"202000041241";"5";"1";"2020";"15:30";"1";"63";"63198";"1";"1";"1";"2";"A89 PK 346.600";"45,9358097";"2,9618068"
"202000041242";"8";"1";"2020";"10:00";"1";"77";"77006";"1";"1";"2";"6";"D409";"48,4010596";"2,5499744"
"202000041243";"28";"7";"2020";"09:25";"1";"95";"95500";"1";"1";"7";"2";"AUTOROUTE A15";"49,0402850";"2,0831547"
"202000041244";"8";"1";"2020";"17:10";"2";"77";"77109";"1";"1";"2";"1";"D231";"48,6151300";"3,2001190"
"202000041245";"7";"1";"2020";"07:34";"3";"79";"79235";"1";"2";"5";"7";"1 Lieu Dit Puy Jourdain";"46,8975460";" -0,7923000"
"202000041246";"27";"7";"2020";"19:45";"1";"93";"93064";"1";"1";"1";"4";"AUTOROUTE A86";"48,8775817";"2,4773694"
"202000041247";"7";"1";"2020";"18:49";"2";"44";"44131";"1";"1";"2";"7";"N/A";"47,1247504";" -2,1059435"
"202000041248";"27";"7";"2020";"20:45";"2";"60";"60612";"1";"1";"1";"7";"AUTOROUTE A1";"49,2053900";"2,6110900"
"202000041249";"26";"2";"2020";"10:23";"1";"973";"97302";"2";"2";"1";"3";"GOINET (LIEUTENANT)";"4,9396804";" -52,3306918"
"202000041250";"6";"1";"2020";"16:30";"1";"29";"29076";"1";"3";"2";"5";"7 Lieu-dit Keroudy";"48,4382940";" -4,5453740"
"202000041251";"7";"1";"2020";"14:00";"1";"29";"29093";"1";"1";"2";"6";"96 Lieu-dit Kerlouron Bihan";"48,5682090";" -4,4369430"
"202000041252";"7";"1";"2020";"12:50";"1";"29";"29075";"2";"3";"2";"3";"28 Rue Amiral Guépratte";"48,4347618";" -4,3987898"
"202000041253";"23";"2";"2020";"04:45";"4";"973";"97302";"1";"1";"1";"2";"ROUTE NATIONALE 1";"4,9081578";" -52,3229671"
"202000041254";"8";"1";"2020";"08:50";"1";"02";"02741";"1";"1";"2";"1";"D1029";"49,8390030";"3,4692310"
"202000041255";"22";"2";"2020";"05:45";"2";"63";"63113";"2";"3";"1";"2";"DUMAS (BD J.BAPTISTE)";"45,7869200";"3,0880100"
"202000041256";"8";"1";"2020";"14:50";"1";"03";"03258";"1";"1";"2";"1";"97 Rue de Vichy";"46,1737726";"3,3985573"
"202000041257";"8";"1";"2020";"07:45";"3";"03";"03040";"1";"1";"5";"5";"Les Bassettes";"46,5355172";"3,3192283"
"202000041258";"7";"1";"2020";"16:30";"1";"01";"01068";"1";"1";"1";"6";"D1084";"46,0711390";"5,4840450"
"202000041259";"20";"2";"2020";"08:00";"1";"63";"63113";"2";"4";"1";"1";"CHAPPE (RUE)";"45,7870995";"3,1257984"
"202000041260";"13";"2";"2020";"17:45";"2";"63";"63113";"2";"1";"1";"6";"PAULINES (AVENUE DES)";"45,7762300";"3,0974000"
"202000041261";"25";"7";"2020";"16:00";"1";"988";"98818";"2";"4";"1";"3";"IEKAWE (RUE JACQUES)";" -22,2252100";"166,4809100"
"202000041262";"26";"7";"2020";"17:30";"1";"974";"97416";"2";"1";"1";"6";"Chemin Andinaik";" -21,2995000";"55,4989000"
"202000041263";"8";"2";"2020";"08:00";"1";"60";"60164";"2";"1";"2";"3";"26 Rue des Routis";"49,4089550";"1,8339310"
"202000041264";"26";"7";"2020";"18:25";"2";"974";"97407";"2";"9";"1";"6";"CHENIER ANDRE(PLACE)";" -20,9366700";"55,2989700"
"202000041265";"8";"1";"2020";"07:30";"5";"10";"10287";"2";"9";"2";"6";"D79";"48,3387560";"4,3487480"
"202000041266";"27";"7";"2020";"01:40";"3";"973";"97302";"1";"1";"1";"7";"Voie Expresse";"4,9161963";" -52,3306489"
"202000041267";"7";"1";"2020";"22:00";"3";"10";"10395";"1";"1";"2";"6";"RD 443, PR 16+800";"48,0356320";"4,0222190"
"202000041268";"8";"1";"2020";"07:30";"5";"16";"16023";"2";"1";"2";"6";"3 Route de la Garenne";"45,9165654";"0,2439266"
"202000041269";"27";"7";"2020";"11:25";"1";"972";"97209";"2";"1";"1";"1";"ENTRAIDE (ROUTE DE L')";"14,6206641";" -61,0550689"
"202000041270";"7";"1";"2020";"11:50";"1";"21";"21425";"2";"1";"1";"6";"5, Chemin des Nymphes";"47,6262639";"4,3487900"
"202000041271";"27";"7";"2020";"20:40";"1";"69";"69389";"2";"1";"1";"3";"MARIETTON                           (R )";"45,7763600";"4,7973500"
"202000041272";"7";"1";"2020";"17:30";"1";"40";"40230";"2";"1";"1";"6";"Avenue Robert Labeyrie";"43,7856910";" -0,9304180"
"202000041273";"26";"7";"2020";"21:00";"1";"69";"69286";"2";"3";"1";"6";"EUROPE (DE L')                      (AV)";"45,8120000";"4,8893300"
"202000041274";"7";"1";"2020";"21:50";"4";"24";"24520";"2";"1";"2";"1";"6 Rue du Commandant Cousteau";"44,8618630";"1,2393550"
"202000041275";"27";"7";"2020";"18:11";"1";"2B";"2B033";"2";"1";"1";"4";"11 - RT";"42,6945000";"9,4523000"
"202000041276";"8";"1";"2020";"15:50";"1";"30";"30294";"2";"5";"1";"1";"11 Chemin des Sports";"44,1378090";"4,1288580"
"202000041277";"27";"7";"2020";"10:15";"1";"2B";"2B033";"1";"1";"1";"4";"11 - RT";"42,6638100";"9,4425400"
"202000041278";"7";"1";"2020";"20:10";"3";"80";"80724";"1";"1";"2";"1";"A16";"49,8629380";"2,2177200"
"202000041279";"26";"7";"2020";"02:15";"5";"2B";"2B033";"2";"1";"1";"5";"TUNNEL";"42,6903854";"9,4484323"
"202000041280";"27";"7";"2020";"18:01";"1";"2A";"2A004";"2";"1";"1";"6";"LEVIE JEAN JEROME AVENUE";"41,9264800";"8,7385600"
"202000041281";"8";"1";"2020";"12:50";"1";"69";"69244";"2";"1";"1";"3";"42 Avenue Victor Hugo";"45,7659191";"4,7837032"
"202000041282";"6";"1";"2020";"19:15";"2";"13";"13007";"1";"1";"1";"7";"A52";"43,3600340";"5,6154120"
"202000041283";"27";"7";"2020";"14:55";"1";"95";"95018";"1";"1";"1";"3";"CORMEILLES (ROUTE DE)";"48,9625700";"2,2180900"
"202000041284";"8";"1";"2020";"04:32";"3";"33";"33205";"1";"9";"5";"6";"A62";"44,6036500";" -0,3685700"
"202000041285";"26";"7";"2020";"19:20";"1";"91";"91228";"2";"2";"1";"3";"MITTERAND (BD FRANCOIS)";"48,6251000";"2,4238400"
"202000041286";"7";"1";"2020";"17:00";"3";"55";"55347";"1";"1";"1";"1";"D34";"49,0450608";"5,4143301"
"202000041287";"25";"7";"2020";"20:40";"1";"91";"91521";"2";"3";"1";"3";"LIBERATION (AVENUE DE LA) N°2 A 26";"48,6538300";"2,4118100"
"202000041288";"26";"7";"2020";"21:40";"5";"91";"91347";"2";"1";"1";"6";"DIVISION LECLERC (AVENUE DE LA)";"48,6522400";"2,2728400"
"202000041289";"7";"1";"2020";"21:45";"5";"60";"60142";"2";"1";"2";"3";"Rue de Paris";"49,1252600";"2,5334710"
"202000041290";"27";"7";"2020";"10:37";"1";"87";"87085";"2";"2";"1";"3";"BABYLONE (RUE DE)";"45,8199700";"1,2664800"
"202000041291";"7";"1";"2020";"21:15";"3";"988";"98821";"1";"1";"1";"6";"RT1";" -22,0579500";"166,2502800"
"202000041292";"24";"7";"2020";"22:30";"5";"86";"86194";"2";"2";"1";"3";"D162";"46,5855600";"0,3662200"
"202000041293";"8";"1";"2020";"07:35";"3";"77";"77232";"1";"1";"2";"2";"D27";"48,9168740";"2,8134780"
"202000041294";"24";"7";"2020";"08:28";"1";"84";"84087";"2";"6";"7";"3";"SYRAH (GIRATOIRE)";"44,1120500";"4,8506500"
"202000041295";"8";"1";"2020";"07:00";"3";"34";"34183";"1";"3";"1";"3";"cd 609";"43,2909450";"3,1188380"
"202000041296";"27";"7";"2020";"10:00";"1";"83";"83137";"2";"1";"1";"6";"LECLERC (AVE GENERAL)";"43,1257000";"5,9283600"
"202000041297";"8";"1";"2020";"12:30";"1";"84";"84047";"1";"2";"1";" -1";"D4";"43,8890120";"5,3377810"
"202000041298";"26";"7";"2020";"08:05";"1";"83";"83069";"2";"1";"7";"3";"Route de l’Almanarre";"43,0907780";"6,1293460"
"202000041299";"5";"1";"2020";"16:40";"1";"13";"13022";"2";"1";"1";"2";"D141";"43,2076410";"5,5597400"
"202000041300";"26";"7";"2020";"16:40";"1";"80";"80021";"2";"1";"1";"3";"ILE DE FRANCE (RUE DE L')";"49,9140100";"2,2462700"
"202000041301";"7";"1";"2020";"14:45";"1";"89";"89080";"1";"1";"2";"7";"A5";"48,2730920";"3,2832950"
"202000041302";"22";"7";"2020";"13:15";"1";"78";"78126";"2";"1";"1";"2";"VERDUN (AVENUE DE )";"48,8354100";"2,1320000"
"202000041303";"7";"1";"2020";"21:54";"3";"57";"57622";"1";"1";"1";"2";"D643";"49,1810510";"6,0412060"
"202000041304";"7";"1";"2020";"22:05";"5";"64";"64067";"2";"1";"1";"2";"24 Route du Pont";"43,2462550";" -0,3025110"
"202000041305";"24";"7";"2020";"08:30";"1";"78";"78361";"2";"5";"1";"2";"AVENUE DE LA DIVISION LECLERC";"48,9901700";"1,7113000"
"202000041306";"6";"1";"2020";"18:45";"5";"33";"33056";"2";"1";"1";"3";"75 AVE DU XI NOVEMBRE";"44,9091300";" -0,6232900"
"202000041307";"26";"7";"2020";"18:45";"1";"77";"77305";"2";"1";"1";" -1";"CLOMARTS (RUE DES)";"48,3895037";"2,9689564"
"202000041308";"8";"1";"2020";"16:30";"1";"33";"33051";"1";"3";"1";"3";"Canauley";"44,6602300";" -0,9188600"
"202000041309";"27";"7";"2020";"11:15";"1";"77";"77186";"2";"2";"1";"6";"GRANDE (RUE)";"48,4051950";"2,7014080"
"202000041310";"27";"7";"2020";"10:25";"1";"76";"76351";"2";"1";"1";"6";"GUILLOT ET DEHELLY";"49,5132748";"0,1679599"
"202000041311";"8";"1";"2020";"06:10";"5";"27";"27016";"2";"1";"9";"2";"35 Place Nicolas Poussin";"49,2465630";"1,4178440"
"202000041312";"27";"7";"2020";"08:45";"1";"76";"76351";"2";"1";"1";"6";"WINSTON CHURCHILL";"49,4929800";"0,1323800"
"202000041313";"6";"1";"2020";"15:40";"1";"76";"76116";"1";"1";"1";"3";"Allée Louis Blériot";"49,3908920";"1,1933390"
"202000041314";"25";"7";"2020";"20:05";"1";"76";"76305";"1";"1";"2";"6";"RD 6382";"49,4986400";"0,1979400"
"202000041315";"8";"1";"2020";"19:00";"3";"60";"60199";"1";"2";"2";"3";"D930";"49,6128312";"2,1707624"
"202000041316";"25";"7";"2020";"17:25";"1";"74";"74013";"2";"1";"1";"2";"GENEVE (AVE DE) JUSQUE CROISEE ANTHY";"46,3490000";"6,4310200"
"202000041317";"7";"1";"2020";"11:45";"1";"13";"13215";"1";"1";"1";"2";"A7-Sens Marseille vers Lyon";"43,3374534";"5,3769981"
"202000041318";"7";"1";"2020";"09:10";"1";"13";"13215";"1";"1";"1";"3";"A7-Sens Lyon vers Marseille";"43,3598500";"5,3619800"
"202000041319";"27";"7";"2020";"16:45";"1";"74";"74012";"2";"1";"1";"3";"GENEVE (RUE DE)";"46,1927139";"6,2306951"
"202000041320";"6";"1";"2020";"18:15";"3";"13";"13215";"1";"1";"1";"2";"A7-Sens Lyon vers Marseille";"43,3902787";"5,3509270"
"202000041321";"27";"7";"2020";"19:00";"1";"69";"69256";"2";"1";"1";"6";"GABRIEL PERI                        (AV)";"45,7712900";"4,9083000"
"202000041322";"7";"1";"2020";"18:50";"3";"42";"42044";"1";"1";"1";" -1";"RN88";"45,3881360";"4,3053250"
"202000041323";"24";"6";"2020";"17:42";"1";"66";"66136";"2";"1";"1";"1";"BOURRAT BOULEVARD JEAN";"42,7005400";"2,9025400"
"202000041324";"24";"7";"2020";"16:46";"1";"66";"66136";"2";"1";"1";"1";"MAILLOLES (CHEMIN)";"42,6841869";"2,8784776"
"202000041325";"20";"7";"2020";"09:05";"1";"64";"64445";"2";"1";"1";"6";"Allee de Morlaas";"43,3045000";" -0,3490300"
"202000041326";"7";"7";"2020";"16:55";"1";"64";"64445";"2";"2";"1";"6";"DESPOURRINS";"43,2999300";" -0,3670300"
"202000041327";"7";"1";"2020";"18:45";"3";"91";"91553";"1";"1";"2";"4";"RN 104";"48,6288000";"2,4814000"
"202000041328";"27";"7";"2020";"15:30";"1";"64";"64102";"2";"3";"1";"3";"HENRI DE NAVARRE (AVENUE)";"43,5085000";" -1,4444000"
"202000041329";"25";"7";"2020";"22:35";"2";"63";"63113";"2";"9";"1";"2";"PUY DE DOME (AVENUE DU)";"45,7879000";"3,0578000"
"202000041330";"20";"7";"2020";"16:00";"1";"62";"62178";"2";"6";"1";"3";"EVRARD ( FLORENT )";"50,4853100";"2,5464000"
"202000041331";"22";"7";"2020";"14:00";"1";"54";"54270";"2";"3";"1";"3";"rue Jean Jaurès";"49,4975040";"5,8640270"
"202000041332";"25";"7";"2020";"09:40";"1";"49";"49246";"2";"1";"1";"6";"DAVID D'ANGERS";"47,4376800";" -0,5318000"
"202000041333";"27";"7";"2020";"19:11";"1";"37";"37233";"2";"1";"1";"7";"MOULIN (PONT JEAN)";"47,3853066";"0,7288077"
"202000041334";"27";"7";"2020";"12:05";"1";"37";"37261";"2";"1";"1";"3";"GRAMMONT (AVENUE DE)";"47,3857369";"0,6907400"
"202000041335";"7";"1";"2020";"10:00";"1";"94";"94003";"1";"1";"1";"3";"AUTOROUTE A6A";"48,8033100";"2,3421100"
"202000041336";"27";"7";"2020";"19:20";"1";"35";"35051";"1";"6";"1";"7";"LONGCHAMPS (PORTE DES)";"48,1405800";" -1,6266600"
"202000041337";"7";"1";"2020";"06:54";"3";"91";"91161";"1";"1";"1";"3";"AUTOROUTE A6";"48,6960598";"2,3170310"
"202000041338";"17";"7";"2020";"18:00";"1";"34";"34003";"2";"1";"1";"3";" NOTRE DAME A ST. MARTIN (O8 A Q13";"43,2894649";"3,4691530"
"202000041339";"7";"1";"2020";"19:00";"3";"78";"78646";"1";"1";"2";"3";"RN12 INT";"48,7938800";"2,0762700"
"202000041340";"8";"7";"2020";"09:00";"1";"33";"33063";"2";"2";"1";"3";"RUE MALLERET";"44,8479500";" -0,5858700"
"202000041341";"6";"1";"2020";"12:10";"1";"93";"93066";"1";"1";"1";"2";"AUTOROUTE A86";"48,9243100";"2,3417000"
"202000041342";"5";"7";"2020";"23:15";"5";"33";"33063";"2";"3";"1";"7";"RUE DU MIRAIL / RUE CAUSSEROUGE";"44,8331700";" -0,5709600"
"202000041343";"6";"1";"2020";"18:40";"3";"93";"93066";"1";"1";"1";"4";"AUTOROUTE A86";"48,9220600";"2,3586100"
"202000041344";"6";"1";"2020";"08:10";"2";"95";"95488";"1";"1";"1";"6";"AUTOROUTE A15";"49,0128700";"2,1492900"
"202000041345";"5";"7";"2020";"18:50";"1";"33";"33063";"2";"3";"1";"3";"AVE DE MERIGNAC / RUE MAC CARTHY";"44,8385900";" -0,6210400"
"202000041346";"4";"1";"2020";"22:40";"3";"95";"95203";"1";"1";"1";"7";"RD 170";"48,9775100";"2,2860400"
"202000041347";"16";"7";"2020";"14:35";"1";"33";"33063";"2";"4";"1";" -1";"BD DU PRESIDENT WILSON / RUE DE LA LIBERTE";"44,8420700";" -0,5995100"
"202000041348";"5";"1";"2020";"01:00";"5";"93";"93066";"1";"1";"1";"4";"AUTOROUTE A1";"48,9226700";"2,3572800"
"202000041349";"7";"1";"2020";"09:50";"1";"94";"94028";"1";"1";"1";"7";"A86 EXT";"48,7941122";"2,4417939"
"202000041350";"6";"7";"2020";"12:10";"1";"33";"33281";"2";"2";"1";"3";"AVE DE LA LIBERATION / PCE JEAN JAURES";"44,8510900";" -0,6446800"
"202000041351";"7";"1";"2020";"08:30";"1";"77";"77337";"1";"1";"1";"2";"A4";"48,8301655";"2,6152881"
"202000041352";"27";"7";"2020";"05:30";"5";"33";"33529";"2";"6";"1";"6";"RD650 / Rue de Bordes";"44,6371700";" -1,1290400"
"202000041353";"7";"1";"2020";"08:15";"2";"94";"94018";"1";"1";"1";"7";"A4";"48,8204863";"2,4013860"
"202000041354";"27";"7";"2020";"10:10";"1";"31";"31555";"2";"1";"1";"3";"RUE ANDRE ETCHEVERLEPO";"43,6393600";"1,4598000"
"202000041355";"6";"1";"2020";"18:15";"3";"77";"77058";"1";"1";"1";"2";"A4";"48,8290044";"2,7378711"
"202000041356";"26";"7";"2020";"22:30";"5";"31";"31555";"2";"2";"1";"3";"BD DE SUISSE";"43,6200400";"1,4239600"
"202000041357";"6";"1";"2020";"11:30";"1";"973";"97302";"2";"2";"1";"3";"FELIX EBOUE(ROCADE)";"4,9309260";" -52,3132467"