"Num_Acc";"jour";"mois";"an";"hrmn";"lum";"dep";"com";"agg";"int";"atm";"col";"adr";"lat";"long"
"202000041358";"25";"7";"2020";"21:15";"1";"31";"31555";"1";"1";"1";"3";"CHE DES ETROITS";"43,5677000";"1,4397300"
"202000041359";"6";"1";"2020";"11:00";"1";"69";"69383";"2";"2";"1";"6";"LACASSAGNE                          (AV)";"45,7506979";"4,8739515"
"202000041360";"25";"7";"2020";"08:50";"1";"31";"31555";"2";"1";"1";"6";"RUE DU FERETRA";"43,5814200";"1,4437700"
"202000041361";"6";"1";"2020";"16:00";"1";"972";"97209";"2";"1";"1";"3";"AUTOROUTE (A1)";"14,6182700";" -61,0358700"
"202000041362";"25";"7";"2020";"07:45";"1";"31";"31555";"1";"1";"1";"2";"VA007331 A620";"43,5908700";"1,3994300"
"202000041363";"6";"1";"2020";"09:10";"1";"69";"69034";"2";"1";"1";"6";"GENERAL DE GAULLE                   (AV)";"45,8086000";"4,8565000"
"202000041364";"25";"7";"2020";"07:35";"1";"31";"31557";"2";"1";"1";"6";"AV JEAN JAURES";"43,5887400";"1,3601200"
"202000041365";"5";"1";"2020";"21:00";"5";"69";"69384";"2";"2";"1";"3";"MAIL (DU)                           (R )";"45,7771968";"4,8331841"
"202000041366";"27";"7";"2020";"19:20";"1";"17";"17415";"2";"2";"1";"3";"YSER 1 A 35 QUAI DE L'";"45,7471000";" -0,6304700"
"202000041367";"5";"1";"2020";"10:25";"1";"2A";"2A004";"2";"6";"1";"3";"T21";"41,9335502";"8,7543297"
"202000041368";"27";"7";"2020";"23:30";"1";"17";"17300";"1";"2";"1";"3";"DELMAS   BOULEVARD EMILE";"46,1610100";" -1,1461720"
"202000041369";"27";"7";"2020";"02:00";"5";"13";"13202";"2";"1";"1";"6";"DUNKERQUE  (BOULEVARD DE)";"43,3108360";"5,3689390"
"202000041370";"5";"1";"2020";"23:15";"5";"95";"95539";"1";"1";"1";"3";"DIVISION LECLERC (AVENUE DE LA )";"48,9916600";"2,3629600"
"202000041371";"6";"1";"2020";"09:20";"1";"91";"91432";"2";"1";"7";"2";"PASCAL (AVENUE BLAISE)";"48,6955300";"2,3363900"
"202000041372";"27";"7";"2020";"15:40";"1";"13";"13207";"2";"4";"1";"1";"Corniche John Fitzgérald Kennedy";"43,2906200";"5,3554400"
"202000041373";"6";"1";"2020";"07:45";"2";"91";"91691";"2";"9";"1";"6";"RIVES DE L'YERRES";"48,7151800";"2,4786100"
"202000041374";"3";"1";"2020";"18:08";"3";"91";"91223";"1";"1";"1";"7";"C.D. 21";"48,4175350";"2,1313809"
"202000041375";"27";"7";"2020";"12:15";"1";"13";"13209";"2";"1";"1";"3";"MICHELET (BOULEVARD)";"43,2651200";"5,3955000"
"202000041376";"27";"7";"2020";"07:15";"2";"13";"13208";"2";"1";"1";"6";"TURCAT MERY ALLÉE (ALLEE)";"43,2805200";"5,3878100"
"202000041377";"26";"7";"2020";"08:00";"1";"13";"13206";"2";"2";"1";"3";"FRIEDLAND (RUE)";"43,2858800";"5,3900100"
"202000041378";"27";"7";"2020";"16:25";"1";"07";"07316";"1";"1";"1";"4";"LONES (PONT DES)";"44,9112890";"4,8629670"
"202000041379";"23";"7";"2020";"14:45";"1";"06";"06083";"2";"1";"1";"2";"SOLEIL (PROMENADE DU, N° 1294 ET +)";"43,7740840";"7,5026040"
"202000041380";"25";"7";"2020";"19:30";"1";"06";"06069";"2";"1";"1";"3";"FONT VIEILLE (CHEMIN)";"43,6420530";"6,9805720"
"202000041381";"26";"7";"2020";"03:35";"5";"04";"04112";"2";"1";"1";"7";"RD 5 (9 bd Elémir Bourges)";"43,8314200";"5,7829000"
"202000041382";"27";"7";"2020";"08:00";"1";"02";"02738";"2";"1";"1";" -1";"GAMBETTA (BOULEVARD)";"49,6550000";"3,2963000"
"202000041383";"27";"7";"2020";"01:20";"5";"01";"01053";"2";"2";"1";"3";"Avenue Jean-Marie Verne";"46,1953700";"5,2252300"
"202000041384";"27";"7";"2020";"09:20";"1";"75";"75120";"2";"1";"1";"2";"BOULEVARD PERIPHERIQUE";"48,8748760";"2,4106970"
"202000041385";"27";"7";"2020";"08:10";"1";"75";"75120";"2";"1";"1";"6";"ECHANGEUR BAGNOLET";"48,8644550";"2,4136330"
"202000041386";"26";"7";"2020";"00:01";"5";"75";"75113";"2";"1";"2";"2";"BOULEVARD PERIPHERIQUE";"48,8176140";"2,3674690"
"202000041387";"27";"5";"2020";"19:25";"1";"34";"34172";"2";"9";"1";"3";"FRANKLIN (ROND POINT BENJAMIN)";"43,6190000";"3,9128100"
"202000041388";"27";"5";"2020";"15:52";"1";"34";"34172";"2";"1";"1";"3";"COMEDIE (PLACE DE LA)";"43,6091400";"3,8802700"
"202000041389";"27";"5";"2020";"12:30";"1";"34";"34172";"2";"3";"1";"3";"MILHAUD (BOULEVARD BENJAMIN)";"43,6111900";"3,8576000"
"202000041390";"26";"5";"2020";"10:50";"1";"33";"33281";"2";"2";"1";"1";"AVE DES FRERES ROBIN/SON / AVE DU TRUC";"44,8495900";" -0,6560200"
"202000041391";"21";"5";"2020";"22:44";"5";"33";"33318";"2";"6";"1";"1";"AVE DE SAIGE / RUE EDOUARD HERRIOT";"44,7899600";" -0,6345500"
"202000041392";"15";"5";"2020";"14:20";"1";"33";"33063";"2";"8";"1";"2";"QUAI DES CHARTRONS / CRS DU MEDOC";"44,8556900";" -0,5635400"
"202000041393";"26";"5";"2020";"20:20";"1";"31";"31555";"2";"3";"1";" -1";"CHE DE LAPUJADE";"43,6275800";"1,4564000"
"202000041394";"27";"5";"2020";"19:45";"1";"30";"30189";"2";"2";"1";"3";"ROUSSEY COMPERE";"43,8273900";"4,3795000"
"202000041395";"16";"5";"2020";"11:15";"1";"30";"30243";"1";"3";"1";"3";"MOULIN (AVENUE J.)";"44,0720290";"4,0814240"
"202000041396";"26";"5";"2020";"21:00";"1";"29";"29019";"1";"1";"1";"6";"Route de Traon Bihan";"48,4384498";" -4,4891092"
"202000041397";"26";"5";"2020";"19:00";"1";"29";"29019";"2";"6";"1";"2";"Rue Général Paulet - Bld Europe";"48,4154575";" -4,4753787"
"202000041398";"23";"5";"2020";"20:30";"1";"25";"25056";"2";"2";"2";"3";"CHURCHILL BD WINSTON (entre 12 ET 19)";"47,2474200";"5,9989500"
"202000041399";"20";"5";"2020";"10:45";"1";"22";"22113";"1";"1";"1";"7";"KERILLIS HUELLAN (RUE)";"48,7288000";" -3,4817000"
"202000041400";"25";"5";"2020";"16:50";"1";"18";"18033";"2";"6";"1";"3";"VERLAINE (RUE PAUL)";"47,1006400";"2,4164100"
"202000041401";"27";"5";"2020";"14:55";"1";"14";"14118";"2";"2";"1";"3";"TOURAINE (RUE DE)";"49,1946900";" -0,3974100"
"202000041402";"27";"5";"2020";"21:50";"5";"13";"13210";"2";"1";"1";"2";"MARCEL ACHILLE (BOULEVARD)";"43,2793810";"5,4259370"
"202000041403";"27";"5";"2020";"20:40";"1";"13";"13208";"2";"1";"1";"2";"MONTREDON (AVENUE DE)";"43,2391890";"5,3657890"
"202000041404";"27";"5";"2020";"18:50";"2";"13";"13201";"2";"1";"1";"3";"LIBERTE (BOULEVARD DE LA)";"43,3008000";"5,3815000"
"202000041405";"27";"5";"2020";"17:45";"1";"13";"13213";"2";"1";"1";"5";"JEAN PAUL SARTRE (AVENUE)";"43,3208035";"5,4164765"
"202000041406";"25";"5";"2020";"17:35";"1";"13";"13211";"2";"3";"1";"2";"WILLIAM BOOTH (AVENUE)";"43,2960601";"5,4477902"
"202000041407";"26";"5";"2020";"11:20";"1";"13";"13001";"2";"9";"1";" -1";"BLUM LEON (AV)";"43,5238000";"5,4295640"
"202000041408";"27";"5";"2020";"02:30";"5";"06";"06088";"2";"2";"1";"3";"GOUNOD (RUE)";"43,7018230";"7,2608040"
"202000041409";"27";"5";"2020";"13:10";"1";"06";"06069";"2";"1";"1";"6";"ROUQUIER (BOULEVARD EMMANUEL)";"43,6335940";"6,9393170"
"202000041410";"27";"5";"2020";"16:00";"1";"75";"75113";"2";"1";"1";"4";"BD PERIPHERIQUE EXTERIEUR";"48,8182630";"2,3694570"
"202000041411";"26";"5";"2020";"18:20";"1";"75";"75120";"2";"1";"1";"2";"PORTE DE BAGNOLET";"48,8678450";"2,4132410"
"202000041412";"27";"5";"2020";"10:02";"1";"75";"75105";"2";"1";"1";"6";"RUE SAINT JACQUES";"48,8503820";"2,3453100"
"202000041413";"27";"5";"2020";"16:45";"1";"75";"75119";"2";"1";"1";"3";"RUE DE BELLEVILLE";"48,8757850";"2,4009810"
"202000041414";"27";"5";"2020";"09:10";"1";"75";"75115";"2";"1";"1";"6";"BOULEVARD LEFEBVRE";"48,8301110";"2,2950760"
"202000041415";"26";"5";"2020";"22:00";"2";"75";"75114";"2";"2";"1";"3";"RUE D ALESIA";"48,8293090";"2,3226490"
"202000041416";"27";"5";"2020";"14:34";"1";"75";"75113";"2";"1";"1";"6";"BOULEVARD VINCENT AURIOL";"48,8316500";"2,3589220"
"202000041417";"26";"5";"2020";"19:20";"1";"75";"75112";"2";"2";"1";"6";"AVENUE DES MINIMES";"48,8404390";"2,4365620"
"202000041418";"26";"5";"2020";"09:56";"1";"75";"75112";"2";"2";"1";"6";"BOULEVARD DIDEROT";"48,8462740";"2,3774520"
"202000041419";"26";"5";"2020";"23:20";"5";"75";"75110";"2";"3";"1";"3";"AVENUE PARMENTIER";"48,8717060";"2,3697680"
"202000041420";"27";"5";"2020";"12:10";"1";"75";"75101";"2";"2";"1";"6";"RUE ETIENNE MARCEL";"48,8642060";"2,3476170"
"202000041421";"27";"5";"2020";"09:20";"1";"75";"75104";"2";"1";"1";"6";"VOIE GEORGES POMPIDOU";"48,8504566";"2,3611394"
"202000041422";"27";"5";"2020";"09:05";"1";"94";"94065";"2";"1";"1";"3";"CHARLES LINDBERGH (AV)";"48,7529600";"2,3496200"
"202000041423";"27";"5";"2020";"13:40";"1";"94";"94017";"2";"1";"1";"3";"ROGER SALENGRO (AV)";"48,8198500";"2,4828600"
"202000041424";"26";"5";"2020";"16:45";"1";"94";"94075";"2";"1";"1";"6";"MANDRES (R DE)";"48,7154010";"2,5372590"
"202000041425";"26";"5";"2020";"16:00";"1";"93";"93066";"2";"1";"7";"6";"MERMOZ JEAN";"48,9414522";"2,3540461"
"202000041426";"27";"5";"2020";"00:35";"5";"93";"93007";"2";"3";"1";"3";"ISAAC NEWTON (RUE)";"48,9441400";"2,4722800"
"202000041427";"27";"5";"2020";"08:50";"1";"93";"93046";"2";"3";"1";" -1";"AV ARISTIDE BRIAND / AV SULLY";"48,9122900";"2,5216500"
"202000041428";"26";"5";"2020";"18:30";"1";"93";"93027";"2";"6";"1";"4";"PLACE DU 8 MAI 1945";"48,9205900";"2,4107900"
"202000041429";"27";"5";"2020";"18:00";"1";"93";"93047";"2";"2";"1";"2";"DAGUERRE  (AVENUE)";"48,9055100";"2,5873500"
"202000041430";"27";"5";"2020";"19:15";"1";"92";"92064";"2";"1";"1";"3";"CARNOT";"48,8486900";"2,2239600"
"202000041431";"25";"5";"2020";"16:50";"1";"92";"92063";"2";"1";"1";"6";"DOUMER (AVENUE PAUL) EST";"48,8827481";"2,1884831"
"202000041432";"25";"5";"2020";"16:50";"1";"92";"92062";"1";"1";"1";"2";"DE DION BOUTON (QUAI) DU 29 AU 65";"48,8811245";"2,2457667"
"202000041433";"25";"5";"2020";"16:00";"1";"92";"92050";"2";"1";"1";"2";"boulevard Aimé Césaire";"48,8928860";"2,2274566"
"202000041434";"27";"5";"2020";"09:15";"1";"92";"92036";"2";"3";"1";"3";"GABRIEL PERI (AVENUE) (60/134)";"48,9187850";"2,2954390"
"202000041435";"26";"5";"2020";"15:30";"1";"92";"92036";"2";"1";"1";"6";"LUCIEN LANTERNIER (AVENUE) (19/65)";"48,9318530";"2,2894320"
"202000041436";"25";"5";"2020";"20:20";"1";"92";"92036";"2";"2";"1";"3";"GABRIEL PERI (AVENUE) (136/164)";"48,9219500";"2,2948160"
"202000041437";"27";"5";"2020";"20:06";"1";"92";"92026";"2";"3";"1";"6";"PRÉSIDENT PAUL DOUMER (QUAI DU)";"48,8901352";"2,2562890"
"202000041438";"26";"5";"2020";"11:00";"1";"92";"92004";"2";"1";"1";"2";"Quai du Docteur Dervaux";"48,9066100";"2,2909300"
"202000041439";"26";"5";"2020";"10:20";"1";"92";"92004";"2";"2";"1";"3";"DOCTEUR DERVAUX  ( QUAI DU )";"48,9049070";"2,2877890"
"202000041440";"27";"5";"2020";"18:15";"1";"09";"09261";"2";"1";"1";"6";"84 Avenue du Marechal Foch";"42,9830462";"1,1329298"
"202000041441";"27";"5";"2020";"16:45";"1";"44";"44180";"1";"1";"1";"7";"Les Six Chemins (Maumusson)";"47,4713050";" -1,1119110"
"202000041442";"27";"5";"2020";"15:45";"1";"62";"62447";"2";"1";"1";"2";"31 Rue d'Arras";"50,3741660";"2,0399930"
"202000041443";"28";"5";"2020";"15:30";"1";"87";"87181";"1";"1";"7";"1";"Col de la Roche (Selle)";"46,0417180";"1,4958350"
"202000041444";"28";"5";"2020";"17:15";"1";"51";"51195";"1";"1";"1";"1";"N44";"48,7756500";"4,5886370"
"202000041445";"20";"5";"2020";"19:30";"1";"28";"28269";"1";"1";"1";"7";"D114";"48,3984370";"1,4876770"
"202000041446";"26";"5";"2020";"18:40";"1";"62";"62491";"2";"1";"1";"1";"Rue des Lurons";"50,5932700";"2,7917080"
"202000041447";"27";"5";"2020";"19:30";"1";"50";"50543";"1";"1";"1";"2";"47 Rue des Estuaires";"48,6449430";" -1,3449690"
"202000041448";"28";"5";"2020";"06:50";"1";"50";"50393";"1";"1";"1";"1";"D258";"48,9312260";" -1,1710520"
"202000041449";"28";"5";"2020";"13:15";"1";"62";"62384";"1";"2";"1";" -1";"29 Rue d'Hermies";"50,1502490";"3,0816250"
"202000041450";"28";"5";"2020";"02:15";"5";"59";"59525";"2";"1";"1";"6";"Rue Sadi Carnot";"50,0873020";"4,0035120"
"202000041451";"28";"5";"2020";"14:20";"1";"19";"19155";"1";"1";"1";"1";"D32";"45,3742920";"1,8025620"
"202000041452";"25";"5";"2020";"16:30";"1";"56";"56094";"1";"2";"1";"3";"Kermoulin";"47,7589490";" -3,2489380"
"202000041453";"26";"5";"2020";"16:00";"1";"74";"74108";"1";"1";"1";"3";"D1508";"45,8248520";"6,2084510"
"202000041454";"28";"5";"2020";"17:00";"1";"77";"77239";"1";"2";"1";"3";"N4/ rue du Corbier";"48,6882790";"3,1252064"
"202000041455";"24";"5";"2020";"19:45";"1";"80";"80051";"1";"1";"1";"1";"D13";"50,0350090";"1,8256620"
"202000041456";"26";"5";"2020";"13:50";"1";"82";"82085";"1";"1";"1";"6";"RD108";"43,9967510";"1,2720750"
"202000041457";"28";"5";"2020";"10:20";"1";"82";"82048";"1";"2";"1";"3";"Chemin des Boulbènes";"43,8549930";"1,2723860"
"202000041458";"28";"5";"2020";"09:34";"1";"81";"81145";"1";"2";"1";"3";"D18";"43,8773480";"1,7868660"
"202000041459";"28";"5";"2020";"14:40";"1";"32";"32462";"1";"1";"1";"6";"N124";"43,7500520";"0,2802960"
"202000041460";"25";"5";"2020";"09:50";"1";"71";"71263";"2";"1";"1";"6";"Rue de Bram";"46,6283502";"5,2173815"
"202000041461";"27";"5";"2020";"20:29";"1";"12";"12036";"1";"2";"1";"3";"D98";"44,8409900";"2,7365350"
"202000041462";"27";"5";"2020";"18:35";"1";"25";"25453";"2";"2";"1";"3";"Rue de Bellevue";"47,2172360";"6,5380400"
"202000041463";"28";"5";"2020";"10:20";"1";"44";"44069";"1";"6";"1";"7";"Chemin du Ros Madeleine";"47,3134130";" -2,4054050"
"202000041464";"27";"5";"2020";"10:30";"1";"44";"44173";"1";"2";"1";"3";"La Chambaudiere";"47,0862201";" -1,3886118"
"202000041465";"28";"5";"2020";"01:30";"5";"29";"29105";"2";"2";"1";"6";"D35 - Rue de l'Arvor";"48,5149880";" -4,0757950"
"202000041466";"27";"5";"2020";"10:43";"1";"29";"29093";"2";"1";"1";"6";"46 Rue des Abers";"48,5690400";" -4,4113540"
"202000041467";"22";"5";"2020";"07:00";"1";"01";"01350";"1";"3";"1";"2";"Route de Bourg";"46,2846760";"5,2902240"
"202000041468";"28";"5";"2020";"17:30";"1";"05";"05132";"2";"3";"1";"7";"Rue du Rocher Roux";"44,6838700";"6,0773570"
"202000041469";"23";"5";"2020";"17:30";"1";"50";"50082";"2";"2";"1";"1";"6 Route de Portbail";"49,4653040";" -1,6382180"
"202000041470";"28";"5";"2020";"19:00";"1";"60";"60064";"2";"3";"1";"3";"2 Rue du Huit Mai 1945";"49,4162220";"3,0086980"
"202000041471";"18";"5";"2020";"11:50";"1";"18";"18052";"1";"1";"1";"6";"D953";"46,7449120";"2,6707080"
"202000041472";"28";"5";"2020";"06:00";"2";"16";"16143";"1";"1";"1";"1";"Ld Roumaliac";"45,5398120";"0,1719990"
"202000041473";"28";"5";"2020";"11:15";"1";"53";"53118";"1";"3";"1";"3";"La Touche le Housseau";"48,4604720";" -0,5177520"
"202000041474";"25";"5";"2020";"09:05";"1";"34";"34337";"1";"6";"1";"7";"D986";"43,5399080";"3,8982470"
"202000041475";"27";"5";"2020";"11:22";"1";"69";"69299";"1";"1";"1";"6";"A432";"45,7078884";"5,0996226"
"202000041476";"21";"5";"2020";"17:00";"1";"74";"74196";"1";"1";"1";"1";"D119";"46,0516790";"6,5740460"
"202000041477";"28";"5";"2020";"10:55";"1";"973";"97305";"1";"2";"1";"1";"PK 17.100 route nationale 1";"4,9465750";" -52,4202780"
"202000041478";"27";"5";"2020";"16:15";"1";"977";"97701";"2";"1";"1";"1";"Quartier Flamand";"17,9160430";" -62,8551440"
"202000041479";"27";"5";"2020";"20:38";"2";"28";"28377";"1";"1";"1";"6";"D21.7";"48,8223310";"1,3652100"
"202000041480";"28";"5";"2020";"15:30";"1";"77";"77099";"1";"2";"1";"3";"D207a - D40";"48,1626830";"2,7056840"
"202000041481";"27";"5";"2020";"16:30";"1";"78";"78030";"1";"1";"7";"3";"D61";"48,6802370";"1,8937360"
"202000041482";"27";"5";"2020";"15:20";"1";"30";"30258";"2";"6";"1";"6";"40 Avenue Pierre Subleyras";"43,6820760";"4,4295720"
"202000041483";"27";"5";"2020";"20:15";"1";"34";"34039";"1";"1";"1";"7";"D613";"43,4526230";"3,6528250"
"202000041484";"27";"5";"2020";"13:49";"1";"34";"34162";"1";"9";"1";"3";"D32";"43,4924090";"3,4702210"
"202000041485";"27";"5";"2020";"19:55";"1";"25";"25377";"1";"1";"1";"7";"Route de Clerval";"47,4309580";"6,3777570"
"202000041486";"26";"5";"2020";"17:30";"1";"67";"67154";"1";"3";"1";"5";"D468";"48,3775970";"7,6899250"
"202000041487";"27";"5";"2020";"22:30";"3";"63";"63150";"1";"1";"1";"1";"D455";"45,8992177";"3,0708385"
"202000041488";"22";"5";"2020";"20:45";"2";"42";"42285";"1";"2";"7";"3";"Clos Maillot";"45,5752660";"4,0973910"
"202000041489";"14";"5";"2020";"09:55";"1";"64";"64496";"2";"1";"1";"6";"Avenue du Labourd";"43,4761470";" -1,4566060"
"202000041490";"28";"5";"2020";"08:15";"1";"40";"40283";"1";"3";"1";"3";"Route de Buglose";"43,7632300";" -1,0023630"
"202000041491";"26";"5";"2020";"20:30";"2";"76";"76250";"2";"1";"1";"7";"Route Saint Jacques";"49,5669930";"0,3111260"
"202000041492";"27";"5";"2020";"16:35";"1";"59";"59268";"2";"3";"1";"2";"Rue du Grand Chemin";"50,6284930";"2,7409170"
"202000041493";"20";"5";"2020";"16:35";"1";"83";"83027";"1";"1";"1";"2";"A50";"43,1699868";"5,7700268"
"202000041494";"24";"5";"2020";"15:15";"1";"42";"42218";"1";"1";"1";"5";"RN88";"45,4325300";"4,4167200"
"202000041495";"27";"5";"2020";"19:55";"1";"33";"33039";"1";"1";"1";"2";"ROCADE A 630";"44,7994500";" -0,5358800"
"202000041496";"26";"5";"2020";"23:20";"5";"92";"92050";"1";"1";"1";"2";"A14";"48,8959652";"2,2251861"
"202000041497";"26";"5";"2020";"15:15";"1";"78";"78297";"1";"1";"1";"6";"RN12";"48,7884820";"2,0678020"
"202000041498";"26";"5";"2020";"09:30";"1";"93";"93048";"1";"1";"1";"2";"AUTOROUTE A3";"48,8730100";"2,4352700"
"202000041499";"26";"5";"2020";"09:13";"1";"92";"92036";"1";"1";"1";"7";"AUTOROUTE A15";"48,9390019";"2,2956662"
"202000041500";"26";"5";"2020";"21:00";"3";"94";"94065";"1";"1";"1";"2";"A86 INT";"48,7544000";"2,3504000"
"202000041501";"24";"5";"2020";"03:10";"5";"94";"94018";"1";"1";"1";"6";"A4";"48,8248625";"2,3928937"
"202000041502";"29";"1";"2020";"15:54";"1";"05";"05061";"2";"3";"7";"6";"ST MENS ( RUE DE )";"44,5593300";"6,0857000"
"202000041503";"16";"1";"2020";"18:45";"2";"69";"69029";"1";"1";"1";"2";"RD 383  ";"45,7353921";"4,9018915"
"202000041504";"26";"5";"2020";"13:10";"1";"974";"97416";"2";"1";"1";"2";"LEBLOND 2 (RUE MARIUS ET ARY)";" -21,0046300";"55,2753600"
"202000041505";"25";"5";"2020";"10:05";"1";"974";"97416";"2";"1";"1";"2";"PERE MAITRE(RUE DU)";" -21,2843800";"55,4668930"
"202000041506";"25";"5";"2020";"09:15";"1";"974";"97411";"2";"6";"1";"3";"JAURES (BOULEVARD JEAN)";" -20,9009000";"55,4968000"
"202000041507";"26";"5";"2020";"20:30";"5";"973";"97302";"2";"1";"2";"3";"MONTABO (ROUTE DE) 1";"4,9409737";" -52,3026896"
"202000041508";"26";"5";"2020";"22:30";"5";"69";"69387";"2";"2";"1";" -1";"GAMBETTA                            (CO)";"45,7544000";"4,8455000"
"202000041509";"26";"5";"2020";"16:30";"1";"69";"69386";"2";"2";"1";"3";"MICHEL RAMBAUD                      (R )";"45,7689600";"4,8605700"
"202000041510";"26";"5";"2020";"15:10";"1";"69";"69388";"2";"3";"1";"3";"VIENNE (DE)                         (RO)";"45,7240100";"4,8541100"
"202000041511";"26";"5";"2020";"06:00";"2";"69";"69383";"2";"2";"1";"3";"GARIBALDI                           (R )";"45,7571200";"4,8527300"
"202000041512";"25";"5";"2020";"20:18";"1";"69";"69259";"2";"3";"1";"1";"Avenue Charles de Gaulle";"45,7193759";"4,8883459"
"202000041513";"26";"5";"2020";"13:21";"1";"972";"97213";"1";"1";"1";"3";"VIEUX CHEMIN CALIFORNIE (RUE DU)";"14,6205850";" -61,0314950"
"202000041514";"26";"5";"2020";"01:40";"5";"2A";"2A004";"1";"1";"1";"6";"ALATA ROUTE";"41,9418300";"8,7356300"
"202000041515";"26";"5";"2020";"20:41";"5";"95";"95306";"2";"1";"1";"6";"ARGENTEUIL(RUE D')";"48,9900300";"2,1678600"
"202000041516";"26";"5";"2020";"18:20";"1";"91";"91477";"2";"2";"1";"3";"HUIT MAI 1945 (AVENUE DU)";"48,7097600";"2,2431200"
"202000041517";"22";"5";"2020";"15:50";"1";"91";"91339";"2";"1";"1";"3";"BENOIST ROBERT (AVENUE)";"48,6365000";"2,2668000"
"202000041518";"26";"5";"2020";"09:05";"1";"88";"88413";"2";"1";"1";"3";"QUAI CARNOT";"48,2843500";"6,9539800"
"202000041519";"25";"5";"2020";"16:35";"1";"87";"87085";"2";"1";"1";"4";"BORIE (BOULEVARD DE LA)";"45,8431400";"1,2389100"
"202000041520";"22";"5";"2020";"17:26";"1";"87";"87050";"1";"3";"1";"2";"N/A";"45,9017600";"1,2285300"
"202000041521";"25";"5";"2020";"09:41";"1";"87";"87085";"2";"1";"1";"6";"DUTREIX (RUE ARMAND)";"45,8314000";"1,2385400"
"202000041522";"23";"5";"2020";"09:20";"1";"78";"78646";"2";"3";"1";"5";"ETATS UNIS (AVENUE DES)";"48,8113200";"2,1514700"
"202000041523";"16";"5";"2020";"19:05";"1";"77";"77288";"2";"1";"1";"6";"ANTOINE DE SAINT EXUPERY(AVENUE)";"48,5511500";"2,6547300"
"202000041524";"25";"5";"2020";"20:40";"1";"76";"76540";"2";"1";"1";"6";"LA FAYETTE. RUE";"49,4309200";"1,0864200"
"202000041525";"26";"5";"2020";"09:20";"1";"76";"76351";"2";"1";"1";"3";"BOIS AU COQ (AVENUE)";"49,5197000";"0,1153000"
"202000041526";"25";"5";"2020";"17:15";"1";"76";"76351";"2";"2";"1";"1";"RAYMOND GUENOT";"49,4943000";"0,1037000"
"202000041527";"23";"5";"2020";"22:20";"5";"76";"76351";"1";"6";"1";"6";"LOUIS BLANC";"49,5078000";"0,1338000"
"202000041528";"24";"5";"2020";"12:10";"1";"67";"67180";"2";"1";"8";"6";"PREFET LEZAY-MARNEZIA (RUE DU)";"48,7989540";"7,7825460"
"202000041529";"23";"5";"2020";"12:19";"1";"66";"66136";"1";"1";"1";"3";"ARCADES (RD POINT)";"42,6742540";"2,8876800"
"202000041530";"26";"5";"2020";"12:05";"1";"65";"65440";"2";"1";"1";"6";"FOCH (RUE DU MARECHAL)";"43,2320000";"0,0754000"
"202000041531";"26";"5";"2020";"10:50";"1";"64";"64260";"2";"1";"1";"3";"ALLEES (RUE DES)";"43,3565650";" -1,7743680"
"202000041532";"25";"5";"2020";"18:00";"1";"64";"64269";"1";"1";"1";"4";"TARBES DE";"43,2988000";" -0,3054000"
"202000041533";"26";"5";"2020";"17:40";"1";"64";"64024";"2";"1";"1";"7";"AGUILERA (ALLEE D')";"43,4836200";" -1,5352600"
"202000041534";"20";"5";"2020";"19:10";"1";"60";"60057";"2";"1";"7";"1";"MARECHAL LECLERC (RUE DU)";"49,4334700";"2,0774100"
"202000041535";"26";"5";"2020";"10:25";"1";"59";"59230";"2";"1";"1";"3";"CLEMENCEAU (AVENUE)";"50,2600592";"4,0036323"
"202000041536";"25";"5";"2020";"09:45";"1";"56";"56260";"2";"2";"1";"3";"RESISTANCE(BLD DE LA) 4 A DDASS";"47,6461700";" -2,7802700"
"202000041537";"26";"5";"2020";"13:35";"1";"51";"51454";"2";"1";"1";"3";"Boulevard de la Paix";"49,2517888";"4,0418080"
"202000041538";"24";"5";"2020";"23:20";"5";"50";"50602";"2";"4";"1";" -1";"GAULLE (RUE DU GENERAL DE)";"49,6395000";" -1,5696500"
"202000041539";"24";"5";"2020";"11:05";"1";"40";"40088";"2";"9";"1";"2";"HUGO (AVENUE VICTOR)";"43,7030100";" -1,0530400"
"202000041540";"26";"5";"2020";"21:30";"1";"35";"35238";"2";"1";"9";"6";"CHAMPION DE CICE";"48,1020500";" -1,7057040"
"202000041541";"26";"5";"2020";"17:15";"1";"35";"35115";"2";"1";"1";"3";"COINTAT (BD MICHEL)";"48,3436385";" -1,1754229"
"202000041542";"26";"5";"2020";"10:15";"1";"34";"34108";"1";"1";"1";"5";"RD 600";"43,4307000";"3,7213200"
"202000041543";"26";"5";"2020";"23:34";"5";"34";"34172";"2";"2";"1";"2";"JUSTICE DE CASTELNAU (AVENUE DE LA)";"43,6259700";"3,8821200"
"202000041544";"26";"5";"2020";"08:00";"1";"33";"33063";"2";"2";"1";"3";"PONT JACQUES CHABAN-DELMAS / QUAI DE BACALAN";"44,8601600";" -0,5536000"
"202000041545";"26";"5";"2020";"07:35";"1";"33";"33162";"2";"2";"1";"1";"AVE DU TAILLAN-MEDOC / RUE DU BRETEIL / RUE PAUL DUMONT";"44,8797600";" -0,6475500"
"202000041546";"15";"5";"2020";"18:30";"1";"33";"33063";"2";"3";"1";"3";"ALL DE TOURNY / RUE GOBINEAU";"44,8436651";" -0,5751517"
"202000041547";"26";"5";"2020";"14:15";"1";"29";"29232";"1";"6";"1";"2";"Rond Point du Loch";"48,0122200";" -4,0775700"
"202000041548";"25";"5";"2020";"11:20";"1";"29";"29232";"2";"1";"1";"2";"Route de Benodet";"47,9863104";" -4,1072711"
"202000041549";"25";"5";"2020";"18:25";"1";"29";"29232";"2";"1";"1";"2";"Rue Paul Borrossi";"47,9883000";" -4,1300600"