"Num_Acc";"jour";"mois";"an";"hrmn";"lum";"dep";"com";"agg";"int";"atm";"col";"adr";"lat";"long"
"202000041550";"26";"5";"2020";"13:15";"1";"22";"22113";"2";"1";"1";"6";"MORLAIX (ROUTE DE)";"48,7217710";" -3,4818570"
"202000041551";"22";"5";"2020";"20:45";"1";"22";"22113";"2";"6";"1";"3";"ROND POINT COPPENS";"48,7353990";" -3,4372508"
"202000041552";"26";"5";"2020";"17:45";"1";"14";"14167";"2";"2";"1";"3";"JEAN JAURES (RUE )";"49,2012500";" -0,3009400"
"202000041553";"26";"5";"2020";"05:50";"3";"13";"13103";"1";"1";"1";"2";"ROUTE DE JEAN MOULIN-RN 538";"43,6729000";"5,0922900"
"202000041554";"27";"5";"2020";"00:00";"5";"13";"13210";"2";"1";"1";"6";"OCTROI (PLACE GARE DE L')";"43,2815300";"5,4268500"
"202000041555";"26";"5";"2020";"22:45";"4";"13";"13215";"2";"1";"1";"3";"DE SAINT LOUIS AU ROVE (chemin)";"43,3538618";"5,3525519"
"202000041556";"26";"5";"2020";"14:20";"1";"13";"13206";"2";"1";"1";"6";"SYLVABELLE (RUE)";"43,2894000";"5,3793000"
"202000041557";"25";"5";"2020";"16:50";"1";"13";"13004";"2";"9";"1";"6";"AV DES ALYSCAMPS";"43,6750519";"4,6325196"
"202000041558";"25";"5";"2020";"16:19";"1";"10";"10387";"2";"1";"7";"2";"PASTEUR (RUE)";"48,2989100";"4,0661300"
"202000041559";"25";"5";"2020";"18:25";"1";"07";"07281";"1";"1";"1";"7";"C.D. 287 (VERS ST ROMAIN DE LERPS)";"44,9473800";"4,8293800"
"202000041560";"25";"5";"2020";"17:20";"1";"07";"07102";"2";"1";"1";"6";"REPUBLIQUE (AV. DE LA) [DU N° AU N°]";"44,9364800";"4,8729900"
"202000041561";"25";"5";"2020";"18:50";"1";"07";"07102";"2";"1";"1";"2";"BEAUCAIRE (AVENUE DE)";"44,9310000";"4,8569900"
"202000041562";"26";"5";"2020";"11:30";"1";"06";"06069";"2";"1";"1";"2";"Route de la Paoute";"43,6324410";"6,9576130"
"202000041563";"25";"5";"2020";"10:40";"1";"06";"06029";"2";"1";"7";"2";"LECLERC (SQUARE GENERAL)";"43,5483000";"7,0119200"
"202000041564";"26";"5";"2020";"11:50";"1";"06";"06027";"2";"1";"1";" -1";"RENOIR AVENUE AUGUSTE";"43,6640000";"7,1520000"
"202000041565";"26";"5";"2020";"08:45";"1";"75";"75106";"2";"3";"1";"6";"RUE NOTRE DAME DES CHAMPS";"48,8464550";"2,3273270"
"202000041566";"26";"5";"2020";"18:55";"1";"75";"75120";"2";"1";"1";"7";"RUE DES PYRENEES";"48,8578860";"2,4036360"
"202000041567";"25";"5";"2020";"21:00";"2";"75";"75119";"2";"2";"1";"6";"BOULEVARD SERURIER";"48,8796100";"2,3996780"
"202000041568";"26";"5";"2020";"08:50";"1";"75";"75118";"2";"4";"1";"3";"BOULEVARD ORNANO";"48,8973270";"2,3448590"
"202000041569";"26";"5";"2020";"10:05";"1";"75";"75117";"2";"2";"1";"2";"BOULEVARD BESSIERES";"48,8942870";"2,3137800"
"202000041570";"26";"5";"2020";"17:40";"1";"75";"75116";"2";"1";"1";"3";"AVENUE DU PRESIDENT KENNEDY";"48,8535320";"2,2821600"
"202000041571";"26";"5";"2020";"11:00";"1";"75";"75116";"2";"1";"1";"2";"AVENUE DE NEW YORK";"48,8615910";"2,2927710"
"202000041572";"26";"5";"2020";"18:00";"1";"75";"75115";"2";"2";"1";"3";"RUE DE LA CROIX NIVERT";"48,8399780";"2,2903520"
"202000041573";"26";"5";"2020";"19:11";"1";"75";"75114";"2";"1";"7";"3";"BOULEVARD BRUNE";"48,8265910";"2,3106570"
"202000041574";"26";"5";"2020";"13:32";"1";"75";"75113";"2";"2";"1";"3";"BOULEVARD AUGUSTE BLANQUI";"48,8311220";"2,3442320"
"202000041575";"26";"5";"2020";"20:10";"2";"75";"75108";"2";"2";"1";"3";"RUE D ANJOU";"48,8707380";"2,3213730"
"202000041576";"26";"5";"2020";"18:50";"1";"75";"75107";"2";"1";"1";"6";"AVENUE DE SAXE";"48,8492690";"2,3087840"
"202000041577";"26";"5";"2020";"21:10";"5";"75";"75104";"2";"1";"1";"3";"RUE DE RIVOLI";"48,8571300";"2,3530390"
"202000041578";"26";"5";"2020";"16:45";"1";"75";"75102";"2";"5";"1";"3";"BOULEVARD DES CAPUCINES";"48,8699180";"2,3280340"
"202000041579";"25";"6";"2020";"18:45";"1";"31";"31555";"2";"1";"1";"3";"AV RAYMOND NAVES";"43,5951500";"1,4843600"
"202000041580";"22";"6";"2020";"10:40";"1";"29";"29039";"2";"1";"1";"2";"Avenue Pierre Gueguin";"47,8738293";" -3,9183424"
"202000041581";"27";"6";"2020";"03:55";"3";"22";"22360";"2";"6";"1";"6";"GUERNEAU (RUE DU)";"48,4780708";" -2,7679467"
"202000041582";"29";"6";"2020";"19:25";"1";"21";"21231";"2";"1";"1";"6";"26 Rue Chevreul";"47,3084400";"5,0394600"
"202000041583";"29";"6";"2020";"20:50";"1";"21";"21054";"2";"2";"1";"3";"Rue Gustave Eiffel";"47,0395290";"4,8456600"
"202000041584";"29";"6";"2020";"22:30";"5";"14";"14118";"2";"1";"1";"6";"CHEMIN VERT (RUE DU - N°79)";"49,1898900";" -0,3908000"
"202000041585";"27";"6";"2020";"19:25";"1";"30";"30032";"1";"1";"1";"1";"saint gilles route de D38";"43,7946300";"4,5953500"
"202000041586";"28";"6";"2020";"12:58";"1";"13";"13056";"1";"1";"1";"6";"ROUTE DE SAINT PIERRE";"43,3875600";"5,0631700"
"202000041587";"29";"6";"2020";"21:00";"1";"13";"13215";"2";"1";"1";"6";"VALLON DES TUVES";"43,3706400";"5,3693700"
"202000041588";"28";"6";"2020";"23:00";"5";"13";"13208";"2";"1";"1";"6";"ANDRE ZENATTI (AVENUE)";"43,2463280";"5,3881270"
"202000041589";"29";"6";"2020";"00:10";"5";"13";"13212";"2";"1";"1";"7";"PEINTRES ROUX (AVENUE DES)";"43,3056330";"5,4704160"
"202000041590";"28";"6";"2020";"18:00";"1";"11";"11262";"2";"3";"1";"3";"FRANCE (AVENUE ANATOLE)";"43,1870200";"2,9908300"
"202000041591";"29";"6";"2020";"15:30";"1";"06";"06088";"2";"1";"1";"6";"GAIRAUT (AV. DE)";"43,7322500";"7,2583300"
"202000041592";"19";"6";"2020";"16:50";"1";"06";"06088";"2";"1";"1";"3";"GENDARMERIE (R. DE LA)";"43,7112000";"7,2802000"
"202000041593";"29";"6";"2020";"17:20";"1";"06";"06027";"2";"1";"1";"2";"CAMPANETTE CHEMIN DE LA";"43,6753200";"7,1638900"
"202000041594";"28";"6";"2020";"10:00";"1";"05";"05061";"1";"1";"1";"5";"RN 85";"44,5262390";"6,0483000"
"202000041595";"29";"6";"2020";"00:25";"5";"75";"75118";"2";"1";"1";"5";"PORTE DE CLIGNANCOURT";"48,9010410";"2,3507640"
"202000041596";"27";"6";"2020";"09:45";"1";"75";"75113";"2";"1";"1";"2";"BOULEVARD PERIPHERIQUE";"48,8215800";"2,3791310"
"202000041597";"29";"6";"2020";"18:00";"1";"75";"75119";"2";"3";"1";"6";"RUE HAXO";"48,8769080";"2,4021520"
"202000041598";"29";"6";"2020";"08:20";"1";"75";"75119";"2";"1";"1";"7";"RUE DE LORRAINE";"48,8863250";"2,3824640"
"202000041599";"29";"6";"2020";"12:05";"1";"75";"75113";"2";"4";"1";"6";"RUE DU DOCTEUR BOURNEVILLE";"48,8190700";"2,3579820"
"202000041600";"29";"6";"2020";"14:55";"1";"75";"75112";"2";"2";"1";"3";"RUE MONTGALLET";"48,8426620";"2,3859070"
"202000041601";"29";"6";"2020";"06:50";"1";"75";"75112";"2";"3";"1";"6";"BOULEVARD SOULT";"48,8372830";"2,4082930"
"202000041602";"29";"6";"2020";"07:25";"1";"75";"75112";"2";"7";"1";"6";"BOULEVARD DE REUILLY";"48,8395570";"2,3954810"
"202000041603";"22";"6";"2020";"11:25";"1";"75";"75111";"2";"2";"1";"6";"RUE BOULLE";"48,8568890";"2,3722100"
"202000041604";"29";"6";"2020";"12:40";"1";"75";"75111";"2";"2";"1";"6";"RUE DE LA ROQUETTE";"48,8593390";"2,3868600"
"202000041605";"28";"6";"2020";"22:35";"5";"75";"75110";"2";"1";"1";"5";"BOULEVARD DE MAGENTA";"48,8726420";"2,3593240"
"202000041606";"29";"6";"2020";"16:30";"1";"75";"75107";"2";"1";"1";"7";"QUAI D ORSAY";"48,8622600";"2,3037420"
"202000041607";"28";"6";"2020";"12:27";"1";"75";"75107";"2";"1";"1";"6";"RUE DE L UNIVERSITE";"48,8611530";"2,3061750"
"202000041608";"28";"6";"2020";"22:45";"5";"75";"75101";"2";"7";"1";"3";"QUAI FRANCOIS MITTERRAND";"48,8601140";"2,3333470"
"202000041609";"29";"6";"2020";"12:05";"1";"75";"75103";"2";"1";"1";"3";"RUE COMMINES";"48,8622250";"2,3663900"
"202000041610";"29";"6";"2020";"08:20";"1";"75";"75103";"2";"1";"1";"6";"RUE REAUMUR";"48,8650460";"2,3579670"
"202000041611";"29";"6";"2020";"15:52";"1";"94";"94074";"1";"1";"1";"4";"VASCO DE GAMA";"48,7673100";"2,4522400"
"202000041612";"29";"6";"2020";"09:00";"1";"94";"94033";"2";"3";"1";"7";"NEUILLY (R DE)";"48,8474090";"2,4786620"
"202000041613";"28";"6";"2020";"23:20";"5";"94";"94028";"2";"1";"1";"5";"FOCH(AVENUE DU MARECHAL)";"48,7776800";"2,4385700"
"202000041614";"29";"6";"2020";"11:55";"1";"94";"94022";"2";"9";"1";"6";"LEON GOURDAULT (AV)";"48,7632970";"2,4063630"
"202000041615";"28";"6";"2020";"22:50";"5";"94";"94019";"2";"1";"1";"3";"MARECHAL LECLERC (AV DU)";"48,7963500";"2,5325700"
"202000041616";"25";"6";"2020";"20:20";"1";"94";"94017";"2";"1";"1";"6";"GABRIEL PERI (BD)";"48,8194100";"2,5029000"
"202000041617";"29";"6";"2020";"09:50";"1";"93";"93078";"2";"9";"1";"6";"BALLANGER (BD ROBERT)";"48,9514300";"2,5259000"
"202000041618";"29";"6";"2020";"20:00";"1";"93";"93053";"2";"1";"1";"3";"ROSNY (AVENUE DE) N° 53 A 243";"48,8917196";"2,4710097"
"202000041619";"29";"6";"2020";"10:55";"1";"93";"93053";"2";"9";"1";"3";"JEAN JAURES (RUE)";"48,8916240";"2,4546938"
"202000041620";"29";"6";"2020";"09:00";"1";"93";"93015";"2";"2";"1";"3";"PLACE DU PRESIDENT WILSON";"48,9154600";"2,5794100"
"202000041621";"28";"6";"2020";"20:45";"1";"93";"93008";"2";"1";"1";"6";"SEMARD (AVENUE PIERRE)";"48,9084900";"2,4456600"
"202000041622";"28";"6";"2020";"17:30";"1";"93";"93008";"2";"6";"1";"6";"VAILLANT COUTURIER (AVENUE PAUL)";"48,9081108";"2,4530183"
"202000041623";"28";"6";"2020";"22:50";"5";"93";"93001";"2";"1";"1";"3";"AV DE LA REPUBLIQUE ";"48,9096300";"2,3862300"
"202000041624";"28";"6";"2020";"17:30";"1";"92";"92022";"2";"1";"1";"2";"SALENGRO (AVENUE ROGER)";"48,8172107";"2,1958669"
"202000041625";"29";"6";"2020";"15:20";"1";"92";"92048";"2";"3";"1";"6";"DUMONT D'URVILLE (RUE)";"48,8189022";"2,2294146"
"202000041626";"26";"6";"2020";"23:10";"5";"92";"92036";"2";"2";"1";"3";"GRESILLONS (AVENUE DES) (103/139)";"48,9176020";"2,3081700"
"202000041627";"28";"6";"2020";"04:22";"5";"92";"92025";"2";"1";"1";"6";"COLBERT  55 A 113   42 A 102 (RUE)";"48,9129580";"2,2355150"
"202000041628";"29";"6";"2020";"15:45";"1";"92";"92002";"2";"3";"1";"1";"PRESIDENT KENNEDY (50 A LA FIN)";"48,7368650";"2,2937290"
"202000041629";"28";"6";"2020";"18:20";"5";"974";"97415";"2";"2";"1";"5";"Rue Saint Louis";" -21,0055860";"55,2773670"
"202000041630";"30";"6";"2020";"20:00";"1";"34";"34225";"1";"2";"1";"3";"Lieu dit Les champs blancs";"43,3646270";"3,0878020"
"202000041631";"29";"6";"2020";"16:40";"1";"17";"17152";"1";"1";"1";"7";"Rue du Branchereau";"45,5408450";" -0,8206540"
"202000041632";"30";"6";"2020";"13:35";"1";"54";"54146";"1";"1";"1";"6";"A31";"48,5926824";"5,8878565"
"202000041633";"30";"6";"2020";"07:50";"1";"28";"28234";"1";"1";"1";"1";"D23";"48,3640190";"1,2466050"
"202000041634";"4";"6";"2020";"14:55";"1";"14";"14061";"1";"3";"2";"3";"D53";"48,9631660";" -0,8163950"
"202000041635";"29";"6";"2020";"17:50";"1";"38";"38105";"2";"1";"1";"3";"Route de Chartreuse";"45,4085900";"5,5614300"
"202000041636";"29";"6";"2020";"10:30";"1";"971";"97109";"2";"1";"1";"1";"RN1, Avenue du General de Gaulle";"15,9997030";" -61,6942510"
"202000041637";"29";"6";"2020";"18:15";"1";"30";"30287";"1";"2";"1";"3";"615 Chemin du Vignarès";"44,1978740";"4,5391900"
"202000041638";"28";"6";"2020";"18:50";"1";"62";"62559";"1";"1";"1";"7";"D15";"50,1991670";"3,0893980"
"202000041639";"30";"6";"2020";"12:20";"1";"56";"56169";"2";"1";"1";"6";"Place de l'Eglise";"47,6969990";" -3,2508510"
"202000041640";"24";"6";"2020";"04:20";"3";"2A";"2A323";"1";"1";"1";"6";"T20";"42,0217850";"8,8983040"
"202000041641";"29";"6";"2020";"06:30";"1";"11";"11367";"1";"1";"1";"7";"D4";"43,3660930";"2,1706150"
"202000041642";"30";"6";"2020";"10:00";"1";"89";"89309";"2";"9";"1";"3";"Rue des Renardiéres";"48,2937458";"3,1952874"
"202000041643";"26";"6";"2020";"18:00";"1";"61";"61292";"1";"1";"1";"6";"67 Lieu Dit le Pont";"48,7926450";" -0,6626770"
"202000041644";"29";"6";"2020";"10:10";"1";"46";"46029";"2";"1";"1";"2";"Avenue de la République";"44,9257740";"1,8447700"
"202000041645";"26";"6";"2020";"17:20";"1";"86";"86149";"2";"2";"2";"1";"D52/D20";"46,9203180";"0,0606660"
"202000041646";"30";"6";"2020";"08:20";"1";"39";"39579";"1";"1";"1";"6";"N/A";"46,2998720";"5,7211630"
"202000041647";"29";"6";"2020";"03:00";"3";"39";"39269";"1";"1";"3";"6";"N/A";"46,3821810";"5,7111950"
"202000041648";"30";"6";"2020";"07:00";"1";"25";"25152";"1";"3";"1";"1";"Grange de la Foret (Bouclans)";"47,2138730";"6,1879960"
"202000041649";"30";"6";"2020";"07:40";"1";"31";"31451";"2";"6";"1";"6";"1 Avenue du Coude Prolongée";"43,4558730";"2,0003150"
"202000041650";"30";"6";"2020";"14:30";"1";"38";"38263";"1";"1";"1";"6";"Route de Chatain";"45,2846500";"5,4450500"
"202000041651";"30";"6";"2020";"08:45";"1";"38";"38027";"2";"1";"1";"3";"Route Nationale 90";"45,4322100";"5,9991900"
"202000041652";"30";"6";"2020";"16:05";"1";"02";"02719";"2";"3";"1";"3";"2 Rue Achille Chemin";"49,5958800";"3,2464300"
"202000041653";"29";"6";"2020";"18:45";"1";"02";"02128";"2";"1";"1";"6";"Rue Porte de Reims";"49,5241310";"3,6647770"
"202000041654";"30";"6";"2020";"10:50";"1";"03";"03290";"1";"6";"1";"3";"Chantalouette";"46,6525645";"3,2707399"
"202000041655";"30";"6";"2020";"17:35";"1";"15";"15127";"1";"1";"1";"1";"Lieu-dit AUROUZE";"45,2394660";"3,1492250"
"202000041656";"28";"5";"2020";"19:00";"2";"15";"15267";"1";"3";"1";"4";"22 Route de Tulle";"44,9352940";"2,3938860"
"202000041657";"27";"6";"2020";"08:32";"1";"66";"66148";"1";"3";"1";" -1";"CD914";"42,4975020";"3,1194840"
"202000041658";"29";"6";"2020";"07:30";"1";"14";"14493";"2";"1";"1";"6";"24 Rue Grande";"49,0535320";" -0,0637510"
"202000041659";"29";"6";"2020";"23:40";"5";"60";"60372";"2";"1";"1";"6";"3 Rue de Fontaine";"49,5534610";"2,1208010"
"202000041660";"30";"6";"2020";"12:05";"1";"60";"60109";"1";"2";"1";"3";"départementale 124";"49,6590198";"1,8784659"
"202000041661";"30";"6";"2020";"08:55";"1";"45";"45272";"2";"6";"1";"3";"D8014 - 0+1";"47,8440222";"1,9459506"
"202000041662";"29";"6";"2020";"09:30";"1";"18";"18197";"2";"1";"7";"6";"29 Avenue Jean Jaurès";"46,7241240";"2,4989660"
"202000041663";"29";"6";"2020";"22:55";"3";"07";"07254";"1";"1";"1";"6";"Passe Laigue";"44,6542150";"4,4191650"
"202000041664";"28";"6";"2020";"11:19";"1";"21";"21092";"2";"1";"1";"7";"Rue de la Forge";"47,1325480";"4,7762090"
"202000041665";"30";"6";"2020";"19:48";"1";"40";"40224";"2";"1";"7";"6";"3 Rue Gambetta";"43,5441700";" -1,1054710"
"202000041666";"29";"6";"2020";"19:30";"1";"85";"85051";"1";"1";"1";"1";"Le Champ du Loup";"46,6619260";" -1,0705660"
"202000041667";"28";"6";"2020";"11:30";"1";"88";"88377";"2";"2";"1";"1";"1 Rue du Bois";"47,9867330";"5,9739550"
"202000041668";"29";"6";"2020";"18:30";"1";"35";"35210";"2";"1";"1";"6";"Boulevard de la Giraudais";"48,1379910";" -1,7684290"
"202000041669";"26";"5";"2020";"17:30";"1";"06";"06085";"2";"1";"1";"6";"1064 Avenue Saint Martin";"43,6113160";"6,9779120"
"202000041670";"30";"6";"2020";"10:00";"1";"33";"33199";"1";"6";"1";"7";"A660";"44,6150030";" -1,0728840"
"202000041671";"30";"6";"2020";"11:45";"1";"38";"38375";"1";"1";"1";"3";"D530";"44,9528600";"6,1826100"
"202000041672";"30";"6";"2020";"08:45";"1";"63";"63014";"1";"1";"1";"2";"A75";"45,7456624";"3,1455226"
"202000041673";"27";"6";"2020";"07:25";"2";"17";"17226";"1";"1";"1";"2";"A10";"45,9157510";" -0,5832200"
"202000041674";"30";"6";"2020";"06:00";"1";"38";"38053";"1";"1";"1";"2";"A43";"45,6002670";"5,2700300"
"202000041675";"30";"6";"2020";"01:00";"5";"60";"60494";"2";"1";"1";"1";"Route de Mortefontaine";"49,1057670";"2,5909300"
"202000041676";"29";"6";"2020";"10:00";"1";"78";"78003";"1";"1";"1";"6";"A11";"48,5380180";"1,8813400"
"202000041677";"27";"6";"2020";"19:00";"3";"987";"98729";"2";"1";"1";"7";"pk 16.5 HAAPITI";" -17,5916670";" -149,8222730"
"202000041678";"29";"6";"2020";"20:00";"4";"988";"98808";"1";"1";"1";"7";"Route de Néaoua";" -21,3002100";"165,6382080"
"202000041679";"29";"6";"2020";"01:00";"3";"974";"97415";"1";"1";"1";"6";"Route Nationale 1";" -21,0166480";"55,2556060"
"202000041680";"30";"6";"2020";"10:30";"1";"971";"97108";"1";"1";"1";"3";"N9";"15,9021210";" -61,2501100"
"202000041681";"25";"6";"2020";"14:45";"1";"45";"45324";"1";"3";"1";"7";"D13 PR 16+50";"47,7404879";"2,1625960"
"202000041682";"29";"6";"2020";"13:00";"1";"45";"45188";"2";"1";"1";"3";"D2152 - PR 49+500";"47,9795507";"2,0586925"
"202000041683";"30";"6";"2020";"06:40";"1";"77";"77147";"1";"1";"1";"7";"La Croix-en-Brie";"48,6089370";"3,0719230"
"202000041684";"29";"6";"2020";"19:05";"1";"77";"77328";"2";"1";"7";"1";"Rue de la Grange aux Dimes";"48,3149470";"2,4093960"
"202000041685";"24";"6";"2020";"08:00";"1";"2A";"2A247";"2";"1";"1";"2";"90 Avenue de Bastia";"41,6092620";"9,2784640"
"202000041686";"30";"6";"2020";"09:45";"1";"48";"48119";"1";"1";"1";"6";"D906";"44,4864300";"3,9283310"
"202000041687";"27";"6";"2020";"04:06";"5";"34";"34344";"2";"1";"1";"6";"Avenue du Général LECLERC";"43,5613110";"4,0964730"
"202000041688";"29";"6";"2020";"16:30";"1";"06";"06057";"2";"1";"1";"7";"Col de Nice";"43,8305590";"7,3512080"
"202000041689";"29";"6";"2020";"17:46";"1";"13";"13027";"1";"3";"1";"3";"Route de la Crau";"43,8808590";"4,8321390"
"202000041690";"30";"6";"2020";"08:30";"1";"89";"89295";"2";"3";"1";"3";"Route des Terres et Vignes";"47,8168091";"3,5556634"
"202000041691";"29";"6";"2020";"21:15";"2";"68";"68036";"1";"1";"1";"7";"chemin privé ouvert au public";"48,0546810";"7,5106350"
"202000041692";"17";"6";"2020";"16:50";"1";"74";"74094";"1";"1";"1";"3";"Route des Chasseurs";"46,2037710";"6,2843620"
"202000041693";"25";"6";"2020";"17:35";"1";"74";"74056";"1";"1";"2";" -1";"960 Route des Gaillands";"45,9155570";"6,8491660"
"202000041694";"29";"6";"2020";"12:26";"1";"38";"38068";"1";"1";"1";"2";"RN85";"45,1011230";"5,7157230"
"202000041695";"29";"6";"2020";"19:20";"1";"26";"26206";"1";"3";"7";"3";"D538A";"44,8222430";"5,0025240"
"202000041696";"27";"6";"2020";"17:15";"1";"44";"44025";"1";"1";"8";" -1";"Les Rotis";"47,4368110";" -1,9257400"
"202000041697";"28";"6";"2020";"22:40";"5";"69";"69259";"1";"1";"1";"2";"RD 383  ";"45,7197792";"4,8797169"
"202000041698";"29";"6";"2020";"19:25";"1";"33";"33003";"1";"1";"1";"5";"AUTOROUTE A 10";"44,9369100";" -0,4670600"
"202000041699";"26";"6";"2020";"18:45";"1";"59";"59143";"1";"1";"1";"4";"AUTOROUTE A25";"50,6589167";"2,8973182"
"202000041700";"29";"6";"2020";"08:13";"1";"91";"91521";"1";"1";"1";"7";"RD 31";"48,6496600";"2,3843600"
"202000041701";"29";"6";"2020";"09:17";"1";"91";"91064";"1";"1";"1";"2";"RN 118";"48,7536600";"2,2234700"
"202000041702";"29";"6";"2020";"09:30";"1";"95";"95582";"1";"1";"1";"5";"A15";"48,9654200";"2,2598900"
"202000041703";"28";"6";"2020";"22:00";"2";"94";"94046";"1";"1";"1";" -1";"A86 EXT";"48,7978000";"2,4450000"
"202000041704";"3";"3";"2020";"11:00";"1";"03";"03265";"1";"1";"1";"7";"N/A";"46,4611445";"3,7428293"
"202000041705";"28";"6";"2020";"18:00";"5";"988";"98818";"2";"2";"1";"3";"RUE BOUGAINVILLE";" -22,2786000";"166,4510700"
"202000041706";"28";"6";"2020";"06:30";"2";"974";"97411";"1";"1";"8";"6";"RN2 - Virage de la Jamaïque";" -20,8859690";"55,4989170"
"202000041707";"28";"6";"2020";"15:10";"1";"69";"69276";"2";"3";"1";"2";"LYON (DE)                               ";"45,6762200";"4,8609000"
"202000041708";"28";"6";"2020";"03:20";"5";"69";"69386";"2";"1";"1";"3";"VAUBAN                              (R )";"45,7661000";"4,8567000"
"202000041709";"17";"6";"2020";"12:30";"1";"972";"97213";"2";"1";"1";"3";"NELSON MANDELA";"14,6125560";" -60,9982500"
"202000041710";"27";"6";"2020";"23:10";"5";"69";"69149";"2";"3";"1";"3";"JEAN JAURES                         (AV)";"45,7115404";"4,8199474"
"202000041711";"28";"6";"2020";"15:06";"1";"91";"91421";"1";"1";"1";"3";"NATIONALE 6 (REVEIL MATIN)";"48,7200600";"2,4428100"
"202000041712";"28";"6";"2020";"03:00";"5";"91";"91161";"2";"1";"1";"6";"HENRI BARBUSSE (RUE)";"48,6996100";"2,3069700"
"202000041713";"28";"6";"2020";"09:50";"1";"91";"91201";"2";"2";"1";"7";"PORT AUX CERISES (RUE DU)";"48,6908700";"2,4094200"
"202000041714";"27";"6";"2020";"15:45";"1";"83";"83137";"2";"1";"1";"7";"REPUBLIQUE (AVE DE LA)";"43,1212500";"5,9302000"
"202000041715";"28";"6";"2020";"18:45";"1";"83";"83069";"2";"6";"1";"3";"DECUGIS (AVENUE ALFRED)";"43,1160000";"6,1460000"
"202000041716";"28";"6";"2020";"06:19";"2";"78";"78172";"2";"1";"1";"6";"REPUBLIQUE (QUAI DE LA)";"48,9912380";"2,0891330"
"202000041717";"28";"6";"2020";"19:30";"5";"69";"69266";"1";"1";"1";"2";"RD 383   ";"45,7543000";"4,9158000"
"202000041718";"25";"6";"2020";"15:42";"1";"67";"67462";"2";"2";"7";"6";"LIBERTE (AVENUE DE LA)";"48,2587200";"7,4487455"
"202000041719";"28";"6";"2020";"20:26";"1";"64";"64445";"2";"1";"1";"7";"EMILE GINOT";"43,2943300";" -0,3564200"
"202000041720";"28";"6";"2020";"21:10";"1";"62";"62643";"2";"1";"1";"3";"LIBERTE ( Bld de la )";"50,7144157";"1,5916978"
"202000041721";"28";"6";"2020";"20:10";"1";"44";"44162";"2";"1";"1";"3";"N844";"47,2435700";" -1,6223400"
"202000041722";"27";"6";"2020";"08:05";"1";"38";"38053";"1";"1";"1";"3";"Rue de la Poste";"45,5861000";"5,2736000"
"202000041723";"28";"6";"2020";"00:17";"5";"34";"34172";"2";"2";"1";"3";"VALERY (BOULEVARD PAUL";"43,5835679";"3,8662048"
"202000041724";"28";"6";"2020";"20:10";"1";"34";"34003";"2";"1";"1";"3";"MERIC (P3 A S2";"43,2874100";"3,4449900"
"202000041725";"28";"6";"2020";"13:35";"1";"33";"33063";"2";"8";"1";"3";"AVE THIERS / RUE DE LAUZAC";"44,8524500";" -0,5399700"
"202000041726";"23";"6";"2020";"08:35";"1";"33";"33281";"2";"1";"1";"3";"RUE DE STRASBOURG";"44,8242800";" -0,6161900"
"202000041727";"28";"6";"2020";"18:25";"1";"33";"33529";"2";"6";"1";" -1";"FOIX (RUE GASTON) DU 01 ET +";"44,6299500";" -1,1373200"
"202000041728";"26";"6";"2020";"14:20";"1";"31";"31483";"2";"1";"1";"6";"FRANCOIS MITTERAND ( AVENUE)";"43,1121500";"0,7453700"
"202000041729";"27";"6";"2020";"13:50";"1";"29";"29232";"2";"1";"1";"5";"Avenue de la France Libre";"48,0090094";" -4,0962114"
"202000041730";"28";"6";"2020";"14:50";"1";"13";"13202";"2";"9";"1";"3";"FORBIN (RUE DE)";"43,3053798";"5,3695866"
"202000041731";"28";"6";"2020";"05:50";"2";"13";"13205";"2";"1";"1";"7";"SAKAKINI (BOULEVARD)";"43,2954563";"5,4005730"
"202000041732";"28";"6";"2020";"04:35";"5";"13";"13208";"2";"6";"1";"6";"PARANGON (TRAVERSE)";"43,2441030";"5,3798900"
"202000041733";"27";"6";"2020";"12:20";"1";"13";"13047";"2";"1";"1";"6";"RASSUEN ROUTE DE";"43,4979900";"4,9776300"
"202000041734";"28";"6";"2020";"19:00";"1";"13";"13028";"2";"1";"1";"3";"FARDELOUP (CHEMIN DE)";"43,1845310";"5,5942310"
"202000041735";"26";"6";"2020";"11:01";"1";"08";"08497";"2";"1";"1";"3";"PIERQUIN L. BOULEVARD";"49,7900000";"4,6700000"
"202000041736";"27";"6";"2020";"22:08";"4";"03";"03185";"2";"4";"1";"7";"Rue Bretonnie";"46,3379992";"2,6023559"
"202000041737";"28";"6";"2020";"03:10";"5";"75";"75114";"2";"4";"1";"6";"BOULEVARD PERIPHERIQUE";"48,8230110";"2,3120960"
"202000041738";"26";"6";"2020";"18:50";"1";"75";"75119";"2";"1";"1";"2";"BOULEVARD PERIPHERIQUE";"48,8810000";"2,4036530"
"202000041739";"27";"6";"2020";"22:00";"2";"75";"75104";"2";"1";"1";" -1";"BOULEVARD DE SEBASTOPOL";"48,8598700";"2,3489750"
"202000041740";"28";"6";"2020";"12:55";"1";"75";"75113";"2";"3";"1";"3";"BOULEVARD DE L HOPITAL";"48,8427070";"2,3639970"
"202000041741";"28";"6";"2020";"05:45";"1";"75";"75105";"2";"1";"1";"6";"PORT SAINT BERNARD";"48,8476160";"2,3609030"
"202000041742";"28";"6";"2020";"01:50";"5";"75";"75119";"2";"2";"1";"6";"AVENUE DE LAUMIERE";"48,8846750";"2,3797890"