"Num_Acc";"jour";"mois";"an";"hrmn";"lum";"dep";"com";"agg";"int";"atm";"col";"adr";"lat";"long"
"202000041743";"28";"6";"2020";"04:45";"5";"75";"75118";"2";"2";"1";"6";"RUE HERMEL";"48,8901720";"2,3440720"
"202000041744";"28";"6";"2020";"15:20";"1";"75";"75114";"2";"1";"1";"6";"RUE D ALESIA";"48,8278420";"2,3293000"
"202000041745";"28";"6";"2020";"07:00";"1";"75";"75111";"2";"1";"1";"6";"BOULEVARD DE CHARONNE";"48,8578310";"2,3912820"
"202000041746";"28";"6";"2020";"13:33";"1";"75";"75110";"2";"1";"1";"3";"AVENUE PARMENTIER";"48,8704930";"2,3706800"
"202000041747";"28";"6";"2020";"01:10";"5";"75";"75110";"2";"2";"1";"6";"BOULEVARD DE MAGENTA";"48,8737610";"2,3583290"
"202000041748";"28";"6";"2020";"01:35";"5";"75";"75103";"2";"1";"1";"1";"RUE VIEILLE DU TEMPLE";"48,8617630";"2,3642320"
"202000041749";"27";"6";"2020";"17:00";"1";"94";"94076";"2";"9";"1";" -1";"PARIS (AV DE)";"48,8062936";"2,3634037"
"202000041750";"28";"6";"2020";"00:10";"5";"94";"94073";"2";"9";"1";"6";"VERSAILLES (AV DE)";"48,7570900";"2,3888100"
"202000041751";"27";"6";"2020";"05:15";"2";"94";"94002";"2";"1";"1";"7";"VILLENEUVE ST GEORGES (CHE DE)";"48,7818700";"2,4288300"
"202000041752";"28";"6";"2020";"02:45";"5";"93";"93070";"2";"5";"1";"6";"MICHELET(AV):N°1AU 103";"48,9014800";"2,3442100"
"202000041753";"28";"6";"2020";"15:20";"1";"93";"93031";"2";"1";"1";"6";"AV LEON BLUM";"48,9589500";"2,3129200"
"202000041754";"28";"6";"2020";"19:15";"1";"93";"93027";"2";"1";"1";"3";"JAURES (AVENUE JEAN)";"48,9229414";"2,4060713"
"202000041755";"28";"6";"2020";"18:40";"5";"92";"92078";"2";"9";"1";" -1";"GALLIENI (BD) (1 A 79 ET 22 A 102)";"48,9264160";"2,3284160"
"202000041756";"28";"6";"2020";"18:15";"1";"92";"92076";"2";"9";"1";"3";"REPUBLIQUE";"48,8375000";"2,1548940"
"202000041757";"28";"6";"2020";"07:00";"1";"92";"92012";"2";"1";"8";"7";"PONT DE SEVRES (ROND POINT DU)";"48,8281005";"2,2296924"
"202000041758";"29";"6";"2020";"09:10";"1";"2A";"2A348";"1";"1";"1";"3";"Pied Arena";"42,1479040";"8,7245100"
"202000041759";"29";"6";"2020";"05:48";"3";"95";"95313";"1";"1";"1";"6";"Avenue de Paris";"49,1053290";"2,2441080"
"202000041760";"27";"6";"2020";"09:55";"1";"33";"33225";"2";"1";"1";"6";"16 Rue des Frères Bordes";"44,5711000";" -0,4206300"
"202000041761";"28";"6";"2020";"16:20";"1";"17";"17015";"1";"1";"2";"4";"D145";"45,5555300";" -0,9225080"
"202000041762";"22";"6";"2020";"14:10";"1";"18";"18258";"1";"2";"1";"3";"Les Egrots";"47,3601320";"2,8164210"
"202000041763";"27";"6";"2020";"10:50";"1";"972";"97221";"1";"1";"1";"2";"Habitation Mareuil";"14,5268220";" -60,9908690"
"202000041764";"28";"6";"2020";"20:30";"2";"38";"38108";"1";"1";"2";"7";"Route des Gorges de la Bourne";"45,0663830";"5,3653570"
"202000041765";"24";"6";"2020";"17:40";"1";"62";"62849";"1";"1";"1";"4";"9 Route de Montreuil";"50,4030950";"1,6566070"
"202000041766";"28";"6";"2020";"16:50";"1";"83";"83067";"2";"6";"7";"6";"RD93";"43,3154680";"6,2763050"
"202000041767";"29";"6";"2020";"17:35";"1";"79";"79066";"2";"1";"1";"6";"9 Chemin du Tram";"46,4865450";" -0,4072420"
"202000041768";"27";"6";"2020";"09:15";"1";"80";"80338";"1";"2";"1";"3";"Rue de Cachy";"49,8830770";"2,4979730"
"202000041769";"29";"6";"2020";"16:25";"1";"82";"82020";"1";"3";"1";"1";"Intersection D3 / D55";"43,8514890";"1,1387160"
"202000041770";"28";"6";"2020";"01:30";"3";"11";"11253";"1";"9";"1";"7";"Route de la Montagne Noire";"43,2919510";"2,2238620"
"202000041771";"24";"10";"2020";"11:18";"1";"79";"79191";"2";"3";"1";"6";"Rue de la Corderie";"46,3292000";" -0,4680600"
"202000041772";"23";"10";"2020";"10:20";"1";"74";"74305";"2";"1";"3";"3";"ROTONDE (RUE DE LA)";"46,2015400";"6,2361200"
"202000041773";"24";"10";"2020";"20:50";"5";"64";"64129";"2";"2";"1";"1";"2 Avenue Montilleul";"43,3087612";" -0,3802536"
"202000041774";"24";"10";"2020";"21:05";"5";"64";"64102";"2";"2";"1";"7";"GRAND HARGOUS (rue du)";"43,5044600";" -1,4671800"
"202000041775";"24";"10";"2020";"11:00";"1";"64";"64102";"2";"1";"1";"3";"AVRIL (AVENUE DU 14)";"43,5033400";" -1,4657800"
"202000041776";"1";"10";"2020";"14:05";"1";"59";"59350";"2";"4";"2";"3";"SAINT AMAND RUE";"50,6219380";"3,0926620"
"202000041777";"24";"10";"2020";"11:30";"1";"54";"54184";"2";"6";"1";"3";"RD83";"48,7088100";"6,2439000"
"202000041778";"23";"10";"2020";"12:00";"1";"51";"51454";"2";"3";"1";"7";"Rue Charles Lafite";"49,2517922";"4,0614192"
"202000041779";"24";"10";"2020";"09:45";"1";"45";"45284";"2";"1";"1";"6";"SOULAS (AVENUE LOUIS JOSEPH)";"47,9080200";"1,9623800"
"202000041780";"24";"10";"2020";"02:15";"3";"39";"39150";"1";"1";"8";"6";"N/A";"47,0626660";"5,4488320"
"202000041781";"24";"10";"2020";"18:50";"5";"38";"38169";"1";"1";"1";"3";"Avenue Aristide Briand";"45,1903000";"5,6902000"
"202000041782";"23";"10";"2020";"22:30";"3";"37";"37195";"1";"1";"1";"7";"N/A";"47,3849424";"0,6508182"
"202000041783";"24";"10";"2020";"17:30";"2";"35";"35238";"2";"1";"2";"2";"PATTON (AVENUE DU GENERAL SIR GEORGES)";"48,1373100";" -1,6588300"
"202000041784";"24";"10";"2020";"18:45";"1";"34";"34172";"2";"3";"1";"3";"TOULOUSE (AVENUE DE";"43,5951800";"3,8618690"
"202000041785";"24";"10";"2020";"11:39";"1";"29";"29232";"2";"1";"2";"6";"D63 - Rue de la Providence";"48,0001600";" -4,1096400"
"202000041786";"24";"10";"2020";"08:30";"1";"29";"29019";"2";"1";"2";"6";"Rue Voltaire";"48,3845589";" -4,4874479"
"202000041787";"23";"10";"2020";"12:45";"1";"27";"27375";"2";"9";"7";"6";"JAURES (PLACE JEAN)";"49,2101600";"1,1705200"
"202000041788";"23";"10";"2020";"09:55";"1";"26";"26198";"2";"1";"1";"2";"9 Chemin du Bois de Laud";"44,5656000";"4,7601000"
"202000041789";"20";"10";"2020";"16:30";"1";"25";"25388";"2";"9";"1";"3";"HELVETIE (AVENUE D')";"47,5087800";"6,8088400"
"202000041790";"22";"10";"2020";"19:02";"5";"25";"25388";"2";"1";"2";"1";"HOLLANDE (RUE DE LA PETITE)";"47,5008190";"6,7913590"
"202000041791";"18";"10";"2020";"20:00";"5";"18";"18033";"2";"3";"1";"3";"FRANCE (COUR ANATOLE)";"47,0814800";"2,4028500"
"202000041792";"24";"10";"2020";"20:40";"5";"13";"13002";"2";"1";"1";"7";"GENERAL LECLERC (AVENUE DU)";"43,3413300";"5,4855500"
"202000041793";"24";"10";"2020";"19:30";"2";"13";"13206";"2";"1";"1";"3";"PRADO (AVENUE DU)";"43,2827060";"5,3852160"
"202000041794";"24";"10";"2020";"13:45";"1";"13";"13201";"2";"1";"1";"2";"BRETEUIL (RUE)    2 A 18";"43,2930740";"5,3746440"
"202000041795";"24";"10";"2020";"00:15";"5";"13";"13004";"2";"1";"1";"1";"RTE DE CRAU";"43,6714230";"4,6422407"
"202000041796";"23";"10";"2020";"19:00";"3";"10";"10333";"1";"1";"8";"6";"ROCADE OUEST (RD 610)";"48,2849700";"4,0398600"
"202000041797";"24";"10";"2020";"20:10";"5";"06";"06069";"2";"2";"1";"6";"DE LATTRE DE TASSIGNY (AVENUE DU MARECHA";"43,6488500";"6,9313600"
"202000041798";"24";"10";"2020";"13:40";"1";"06";"06069";"2";"1";"1";"1";"BLUMENTHAL (CHEMIN DE)";"43,6676160";"6,9494960"
"202000041799";"24";"10";"2020";"12:20";"1";"06";"06027";"2";"1";"1";"3";"ALPES AVENUE DES";"43,6637300";"7,1488200"
"202000041800";"23";"10";"2020";"15:03";"1";"75";"75116";"2";"1";"1";"4";"BOULEVARD PERIPHERIQUE";"48,8665240";"2,2687920"
"202000041801";"24";"10";"2020";"19:50";"3";"75";"75119";"2";"3";"2";"6";"RUE DE LA VILLETTE";"48,8755930";"2,3874170"
"202000041802";"24";"10";"2020";"14:25";"1";"75";"75119";"2";"3";"2";"6";"RUE JULES ROMAINS";"48,8733030";"2,3780780"
"202000041803";"23";"10";"2020";"19:20";"5";"75";"75118";"2";"2";"1";"6";"AVENUE DE LA PORTE DE CLIGNANCOURT";"48,9006890";"2,3442120"
"202000041804";"23";"10";"2020";"19:00";"5";"75";"75117";"2";"3";"1";"6";"AVENUE MAC MAHON";"48,8783460";"2,2942800"
"202000041805";"22";"10";"2020";"20:50";"5";"75";"75117";"2";"7";"1";" -1";"BOULEVARD BERTHIER";"48,8871700";"2,2979830"
"202000041806";"24";"10";"2020";"20:35";"5";"75";"75116";"2";"2";"2";"3";"AVENUE DU PRESIDENT KENNEDY";"48,8513730";"2,2785330"
"202000041807";"24";"10";"2020";"06:45";"5";"75";"75115";"2";"3";"1";"6";"RUE DU CLOS FEUQUIERES";"48,8376220";"2,2908730"
"202000041808";"22";"10";"2020";"17:30";"1";"75";"75115";"2";"1";"1";"6";"RUE DE LA CONVENTION";"48,8368820";"2,2976260"
"202000041809";"24";"10";"2020";"20:25";"5";"75";"75114";"2";"3";"1";"4";"AVENUE DU MAINE";"48,8302460";"2,3259290"
"202000041810";"23";"10";"2020";"22:30";"5";"75";"75114";"2";"7";"1";"3";"BOULEVARD BRUNE";"48,8245350";"2,3192570"
"202000041811";"24";"10";"2020";"09:30";"1";"75";"75111";"2";"1";"1";" -1";"BOULEVARD JULES FERRY";"48,8683150";"2,3673330"
"202000041812";"24";"10";"2020";"19:40";"5";"75";"75110";"2";"5";"2";"6";"RUE DU CHATEAU LANDON";"48,8821860";"2,3632010"
"202000041813";"24";"10";"2020";"12:10";"1";"75";"75110";"2";"1";"8";"3";"BOULEVARD DE MAGENTA";"48,8730840";"2,3589280"
"202000041814";"23";"10";"2020";"20:40";"5";"75";"75109";"2";"4";"1";"6";"RUE LA FAYETTE";"48,8760280";"2,3444980"
"202000041815";"24";"10";"2020";"19:45";"5";"75";"75101";"2";"1";"2";"3";"RUE DE L AMIRAL DE COLIGNY";"48,8592880";"2,3400290"
"202000041816";"24";"10";"2020";"19:10";"5";"75";"75104";"2";"3";"2";"1";"RUE SAINT ANTOINE";"48,8542650";"2,3637630"
"202000041817";"24";"10";"2020";"16:05";"1";"75";"75103";"2";"1";"1";"7";"RUE DE TURBIGO";"48,8652560";"2,3552800"
"202000041818";"24";"10";"2020";"11:30";"1";"94";"94078";"2";"3";"1";"2";"FRANCIS MARTIN (R)";"48,7373800";"2,4524400"
"202000041819";"24";"10";"2020";"12:15";"1";"94";"94052";"2";"1";"1";"3";"JACQUES KABLE (R)";"48,8355100";"2,4928000"
"202000041820";"23";"10";"2020";"15:00";"1";"94";"94041";"2";"3";"1";"3";"JEAN JAURES (AV)";"48,8084500";"2,4040100"
"202000041821";"24";"10";"2020";"20:15";"5";"93";"93051";"2";"1";"2";"6";"EMILE COSSONNEAU (AVE)";"48,8488000";"2,5560000"
"202000041822";"24";"10";"2020";"21:40";"5";"93";"93050";"2";"3";"1";"1";"JEAN JAURES (AVENUE) COTE VILLE EVRARD";"48,8640200";"2,5499200"
"202000041823";"23";"10";"2020";"22:15";"5";"93";"93048";"2";"3";"1";"3";"VICTOR HUGO S5 (AVENUE)";"48,8625124";"2,4820380"
"202000041824";"24";"10";"2020";"10:40";"1";"93";"93047";"2";"1";"8";"3";"JEAN JAURES (AVENUE)";"48,8982210";"2,5557724"
"202000041825";"24";"10";"2020";"19:50";"5";"93";"93008";"2";"3";"1";"3";"LENINE (BOULEVARD)";"48,9064600";"2,4410900"
"202000041826";"24";"10";"2020";"01:25";"5";"93";"93007";"2";"1";"1";"2";"8 MAI 45 (AVENUE DU 1 AU 182)";"48,9450800";"2,4351400"
"202000041827";"24";"10";"2020";"19:20";"5";"92";"92078";"2";"1";"1";"3";"VERDUN (AVENUE) (PAIRS 2 A 38)";"48,9355400";"2,3323300"
"202000041828";"23";"10";"2020";"20:00";"3";"12";"12105";"1";"1";"2";"1";"D922";"44,2473970";"2,0278360"
"202000041829";"25";"10";"2020";"11:25";"1";"95";"95229";"2";"1";"2";"6";"Rue de la mairie";"49,0309080";"2,3616320"
"202000041830";"24";"10";"2020";"15:30";"1";"80";"80296";"1";"1";"1";"6";"autoroute A16";"50,0325280";"2,0580050"
"202000041831";"19";"10";"2020";"18:45";"2";"67";"67149";"1";"4";"1";"1";"D41";"48,7259230";"7,4156990"
"202000041832";"24";"10";"2020";"11:30";"1";"62";"62015";"2";"1";"1";"1";"16 Rue du Pont";"50,4365200";"1,6512100"
"202000041833";"25";"10";"2020";"17:20";"1";"42";"42242";"1";"3";"1";"1";"Route du 3 Juillet 1867";"45,5451606";"4,6301658"
"202000041834";"25";"10";"2020";"14:25";"1";"83";"83130";"2";"1";"1";"6";"222 route de sauvebonne";"43,1894080";"6,0555430"
"202000041835";"24";"10";"2020";"10:30";"1";"56";"56166";"1";"1";"2";"1";"Ty Henry";"47,9087560";" -3,2764380"
"202000041836";"24";"10";"2020";"21:20";"3";"67";"67436";"1";"1";"2";"6";"6 Route du Hantz";"48,3993200";"7,1405120"
"202000041837";"24";"10";"2020";"14:39";"1";"2A";"2A330";"1";"1";"2";"1";"T20";"42,0695926";"8,9830580"
"202000041838";"24";"10";"2020";"19:45";"3";"2B";"2B354";"2";"1";"2";"1";"Lieu dit Tattone";"42,1520780";"9,1544810"
"202000041839";"25";"10";"2020";"07:40";"1";"82";"82112";"1";"1";"1";"1";"1699 Route de Detours";"44,1278000";"1,0682000"
"202000041840";"24";"10";"2020";"17:30";"1";"71";"71230";"2";"1";"1";"1";"Rue de la Villeneuve";"46,6034767";"4,0616082"
"202000041841";"25";"10";"2020";"12:50";"1";"89";"89086";"2";"1";"2";"6";"10 Rue du Chateau - CHEVILLON";"47,9216700";"3,1740240"
"202000041842";"24";"10";"2020";"19:30";"5";"89";"89204";"2";"1";"1";"6";"Avenue du Parc";"47,5833790";"4,0050320"
"202000041843";"13";"10";"2020";"20:20";"3";"63";"63210";"1";"1";"1";"6";"RD 223";"45,9173330";"3,3600780"
"202000041844";"25";"10";"2020";"03:05";"3";"55";"55217";"1";"1";"1";"6";"Grande Rue";"48,4837320";"5,6966200"
"202000041845";"25";"10";"2020";"16:00";"1";"34";"34310";"2";"1";"1";"6";"Rue Antoine de Saint Exupery";"43,4234520";"3,1649740"
"202000041846";"24";"10";"2020";"14:20";"1";"38";"38389";"1";"1";"1";"1";"Chemin de la Froide";"45,5673500";"5,1063500"
"202000041847";"24";"10";"2020";"11:30";"1";"02";"02176";"2";"9";"1";"6";"42 Route de Vailly";"49,4032520";"3,5716720"
"202000041848";"25";"10";"2020";"13:25";"1";"01";"01073";"1";"2";"1";"3";"Route de la Pierre";"45,8268330";"5,7161150"
"202000041849";"25";"10";"2020";"00:50";"3";"72";"72039";"1";"6";"2";"7";"Route Départementale 301";"48,1838880";"0,4529920"
"202000041850";"25";"10";"2020";"17:15";"2";"72";"72386";"1";"1";"3";"6";"Rue de Villeneuve";"48,0204130";"0,2680880"
"202000041851";"24";"10";"2020";"18:20";"3";"06";"06102";"1";"1";"1";"6";"RM2205 - PR20+500";"44,0582170";"7,1185830"
"202000041852";"23";"10";"2020";"14:45";"1";"14";"14389";"1";"1";"1";"3";"D675";"49,0696630";" -0,6756230"
"202000041853";"25";"10";"2020";"11:30";"1";"07";"07313";"2";"1";"1";"6";"47 Rue Michel Gautier";"45,3175620";"4,7653200"
"202000041854";"24";"10";"2020";"09:15";"1";"07";"07050";"1";"1";"1";"1";"Quartier Ponges";"44,4309810";"4,1324650"
"202000041855";"24";"10";"2020";"17:30";"1";"04";"04065";"1";"1";"1";"7";"Lieu dit les Gipières";"44,0634900";"5,8656690"
"202000041856";"23";"10";"2020";"19:36";"3";"85";"85140";"1";"3";"1";"3";"D113";"46,7481700";" -0,8961610"
"202000041857";"24";"10";"2020";"13:40";"1";"27";"27466";"1";"2";"1";"3";"D31";"49,0710830";"0,8723830"
"202000041858";"24";"10";"2020";"16:30";"1";"17";"17037";"1";"1";"1";"6";"La Maison Nouvelle";"45,8983120";" -0,1843430"
"202000041859";"25";"10";"2020";"18:20";"3";"06";"06018";"1";"1";"2";"7";"Route des Chappes";"43,6115200";"7,0798980"
"202000041860";"25";"10";"2020";"02:00";"3";"988";"98824";"1";"1";"2";"6";"RPN10";" -20,4570500";"164,6753000"
"202000041861";"24";"10";"2020";"17:05";"1";"971";"97119";"1";"1";"1";"2";"route des plantes";"16,3658460";" -61,4319210"
"202000041862";"25";"10";"2020";"19:00";"3";"77";"77437";"1";"1";"3";"1";"N330";"49,0432410";"2,7947870"
"202000041863";"24";"10";"2020";"19:15";"3";"77";"77358";"1";"1";"1";"1";"Chateau Gaillard";"49,0019280";"2,8462050"
"202000041864";"24";"10";"2020";"19:07";"2";"83";"83112";"2";"1";"1";"7";"12 Impasse Saint Louis";"43,1802080";"5,6751890"
"202000041865";"24";"10";"2020";"20:55";"3";"13";"13100";"1";"1";"1";"7";"PK 13+224 CD 99";"43,7844330";"4,8759340"
"202000041866";"24";"10";"2020";"21:30";"3";"89";"89218";"1";"1";"8";"5";"D943";"47,9646690";"3,4729780"
"202000041867";"25";"10";"2020";"15:20";"1";"67";"67350";"2";"1";"1";"6";"Rue du General de Gaulle";"48,5842110";"7,6400070"
"202000041868";"7";"10";"2020";"17:00";"1";"07";"07324";"2";"6";"1";"1";"1 Avenue Marechal Foch";"45,0724300";"4,8221340"
"202000041869";"25";"10";"2020";"20:00";"3";"69";"69246";"1";"1";"2";"2";"D338";"45,9355299";"4,6547403"
"202000041870";"23";"10";"2020";"20:35";"5";"79";"79048";"2";"6";"2";"1";"Avenue de Paris";"46,3692890";" -0,2898720"
"202000041871";"25";"10";"2020";"18:15";"5";"27";"27386";"2";"2";"1";"3";"3 Rue de Bretagne";"49,3144190";"1,2011310"
"202000041872";"24";"10";"2020";"18:30";"2";"27";"27598";"2";"1";"1";"1";"grande rue";"49,2313100";"1,2220100"
"202000041873";"25";"10";"2020";"18:25";"3";"60";"60088";"1";"1";"2";"6";"Rue de Bornel";"49,2215579";"2,2055667"
"202000041874";"24";"10";"2020";"09:30";"1";"13";"13085";"1";"1";"1";"7";"A50-Sens Toulon vers Aubagne";"43,2513250";"5,5957610"
"202000041875";"19";"10";"2020";"22:40";"3";"57";"57663";"1";"1";"1";"2";"Autoroute A31";"49,2275270";"6,1786927"
"202000041876";"24";"10";"2020";"21:15";"5";"33";"33397";"1";"1";"1";"2";"AUTOROUTE A 10";"44,9222100";" -0,4746800"
"202000041877";"24";"10";"2020";"15:50";"1";"91";"91377";"1";"1";"2";"5";"AUTOROUTE A10";"48,7184000";"2,2924000"
"202000041878";"24";"10";"2020";"14:40";"1";"94";"94021";"1";"1";"2";"2";"AUTOROUTE A6A";"48,7708000";"2,3455300"
"202000041879";"24";"10";"2020";"12:55";"1";"92";"92050";"1";"1";"1";"4";"A86";"48,9017955";"2,2030967"
"202000041880";"23";"10";"2020";"20:45";"3";"78";"78133";"1";"1";"1";"4";"A13";"48,8898240";"2,0102170"
"202000041881";"24";"10";"2020";"04:25";"5";"95";"95203";"1";"1";"1";"6";"RD 170";"48,9782000";"2,2907000"
"202000041882";"23";"10";"2020";"19:50";"3";"93";"93006";"1";"1";"1";"4";"AUTOROUTE A3";"48,8669025";"2,4253006"
"202000041883";"23";"10";"2020";"13:20";"1";"92";"92078";"1";"1";"1";"5";"AUTOROUTE A86";"48,9324289";"2,3220372"
"202000041884";"23";"10";"2020";"17:00";"1";"93";"93078";"1";"1";"1";"3";"AUTOROUTE A104";"48,9713639";"2,4985811"
"202000041885";"24";"10";"2020";"13:00";"1";"94";"94028";"1";"1";"1";"4";"A86 EXT";"48,7934741";"2,4417029"
"202000041886";"23";"6";"2020";"17:20";"1";"84";"84007";"2";"9";"1";"3";"ROYAUME et DALADIER (Pont)";"43,9524300";"4,7968500"
"202000041887";"24";"8";"2020";"02:15";"5";"62";"62667";"2";"9";"1";"6";"CARNOT ( Rue )";"50,7098850";"1,5805510"
"202000041888";"23";"10";"2020";"18:40";"5";"988";"98818";"2";"3";"1";"2";"AVENUE KOENIG/RUE NUMA LETHEZER";" -22,2348100";"166,4769600"
"202000041889";"17";"10";"2020";"17:07";"1";"974";"97416";"1";"9";"1";"6";" Rue Émilien Adam de Villiers";" -21,3098600";"55,4291900"
"202000041890";"22";"10";"2020";"18:40";"2";"974";"97416";"1";"1";"1";"3";"BASSIN PLAT(CHEMIN)";" -21,3282700";"55,4946200"
"202000041891";"23";"10";"2020";"18:10";"1";"974";"97411";"2";"6";"1";"3";"Boulevard Jean Jaures";" -20,9008700";"55,4924500"
"202000041892";"23";"10";"2020";"08:45";"1";"973";"97302";"2";"2";"1";"3";"GIPPET (DOCTEUR)";"4,9423526";" -52,3224306"
"202000041893";"23";"10";"2020";"07:50";"5";"69";"69383";"2";"1";"3";"6";"FELIX FAURE                         (AV)";"45,7539000";"4,8611700"
"202000041894";"23";"10";"2020";"20:30";"5";"972";"97213";"1";"1";"1";"2";"AUTOROUTE A1";"14,6164403";" -61,0156471"
"202000041895";"22";"10";"2020";"12:00";"1";"972";"97213";"2";"2";"1";"6";"ROUTE NATIONALE 1";"14,6187415";" -61,0046625"
"202000041896";"23";"10";"2020";"21:05";"5";"69";"69389";"2";"1";"3";"1";"SOUVENIR (DU)                       (R )";"45,7751500";"4,7985500"
"202000041897";"23";"10";"2020";"15:30";"1";"69";"69382";"2";"1";"3";"6";"HENRI GERMAIN                       (R )";"45,7638200";"4,8350400"
"202000041898";"23";"10";"2020";"14:00";"1";"69";"69259";"2";"1";"2";" -1";"FRANCIS DE PRESSENSE                (AV)";"45,7224700";"4,8660000"
"202000041899";"10";"10";"2020";"14:30";"1";"69";"69389";"2";"9";"1";"1";"PAUL SEDAILLIAN                     (QU)";"45,7951500";"4,8248700"
"202000041900";"23";"10";"2020";"09:05";"1";"69";"69382";"2";"1";"3";"6";"CHARLEMAGNE                         (CO)";"45,7350000";"4,8174100"
"202000041901";"22";"10";"2020";"12:35";"1";"69";"69034";"2";"1";"2";"6";"PASTEUR                             (R )";"45,7887964";"4,8401443"
"202000041902";"22";"10";"2020";"19:15";"5";"2B";"2B033";"2";"1";"1";"2";"AV DE LA LIBERATION";"42,6833300";"9,4445300"
"202000041903";"22";"10";"2020";"17:35";"1";"2B";"2B033";"2";"1";"1";"6";"GAUDIN - BLD AUGUSTE";"42,6943800";"9,4499200"
"202000041904";"22";"10";"2020";"13:55";"1";"2B";"2B033";"2";"6";"1";"2";"VEZZANI - RUE CESAR";"42,6869400";"9,4453600"
"202000041905";"22";"10";"2020";"16:15";"1";"95";"95585";"2";"1";"1";"6";"MITTERAND (BD FRANCOIS)";"48,9899630";"2,3750830"
"202000041906";"23";"10";"2020";"10:40";"1";"91";"91286";"2";"2";"8";"3";"PLESSIS (CHEMIN DU)";"48,6508500";"2,3825200"
"202000041907";"18";"10";"2020";"21:00";"4";"89";"89387";"2";"4";"1";"1";"EMILE ZOLA (RUE)";"48,1978600";"3,2723200"
"202000041908";"22";"10";"2020";"15:20";"1";"88";"88209";"2";"6";"1";"3";"FORT (RUE DU)";"48,2048700";"6,4267900"
"202000041909";"22";"10";"2020";"09:10";"1";"88";"88160";"2";"9";"1";" -1";"ETATS-UNIS (RUE DES)";"48,1759700";"6,4440200"
"202000041910";"21";"10";"2020";"15:58";"1";"87";"87085";"2";"3";"1";"3";"VIGENAL (BOULEVARD DU)";"45,8526500";"1,2592300"
"202000041911";"23";"10";"2020";"13:26";"1";"83";"83137";"2";"1";"1";" -1";"JOFFRE (BD MARECHAL)";"43,1236000";"5,9487000"
"202000041912";"23";"10";"2020";"08:05";"1";"83";"83062";"2";"1";"2";"1";"DUCLOS (AVENUE JACQUES)";"43,1186583";"6,0056752"
"202000041913";"23";"10";"2020";"17:20";"1";"82";"82121";"1";"1";"2";"5";"MOLIERES (ROUTE DE)";"44,0786600";"1,3508680"
"202000041914";"10";"10";"2020";"09:41";"1";"78";"78646";"2";"1";"1";"6";"GENERAL LECLERC (RUE DU)";"48,7992600";"2,1259000"
"202000041915";"23";"10";"2020";"17:20";"1";"78";"78133";"2";"1";"2";"3";"MANTES (ROUTE DE)";"48,9101000";"2,0391000"
"202000041916";"22";"10";"2020";"17:42";"1";"77";"77251";"1";"2";"8";"3";"RD 50";"48,6118100";"2,5541790"
"202000041917";"21";"10";"2020";"11:30";"1";"76";"76351";"2";"1";"1";"3";"PONT VI (DU)";"49,4851100";"0,1624800"
"202000041918";"21";"10";"2020";"18:20";"1";"76";"76351";"2";"1";"1";"1";"HALLATES (DES)";"49,5062000";"0,1442600"
"202000041919";"21";"10";"2020";"18:05";"2";"76";"76351";"1";"1";"1";"4";"LENINGRAD (BD DE)";"49,5002000";"0,1723700"
"202000041920";"23";"10";"2020";"18:20";"3";"74";"74012";"2";"1";"3";"6";"RESISTANCE (RUE DE LA)";"46,1963318";"6,2596053"
"202000041921";"23";"10";"2020";"01:00";"4";"74";"74010";"2";"1";"2";"1";"BROGNY (AVENUE DE) (SECTEUR 330)";"45,9248000";"6,1254000"
"202000041922";"23";"10";"2020";"07:50";"3";"71";"71540";"1";"6";"2";"3";"Rond-Point du Vieux Saule";"46,7676900";"4,4530700"
"202000041923";"9";"10";"2020";"12:00";"1";"69";"69290";"2";"1";"1";"2";"LYON (DE) (D 318)                   (RO)";"45,7076100";"4,9079400"
"202000041924";"22";"10";"2020";"08:42";"1";"66";"66136";"1";"1";"1";"3";"JULIEN PANCHOT (AVENUE)";"42,6764200";"2,8452100"
"202000041925";"23";"10";"2020";"18:20";"2";"64";"64445";"2";"1";"1";"2";"ALSACE LORRAINE D'";"43,3055000";" -0,3745400"
"202000041926";"23";"10";"2020";"16:50";"1";"64";"64445";"2";"2";"1";"3";"TOURASSE";"43,3102600";" -0,3466400"
"202000041927";"21";"10";"2020";"14:30";"1";"64";"64024";"2";"1";"1";"3";"HAUSQUETTE (RUE DE)";"43,4906700";" -1,5117400"
"202000041928";"22";"10";"2020";"17:10";"1";"63";"63113";"2";"1";"1";"6";"GIROD (RUE JOSEPH)";"45,7652500";"3,0839600"
"202000041929";"29";"9";"2020";"08:40";"1";"62";"62215";"1";"1";"2";"5";"D917";"50,4800100";"2,9637200"
"202000041930";"29";"9";"2020";"09:20";"1";"62";"62528";"2";"1";"1";"6";"SALENGRO (R ROGER)";"50,4561900";"2,7937600"
"202000041931";"23";"10";"2020";"08:00";"2";"59";"59512";"2";"3";"5";"6";"VAILLANT (RUE EDOUARD)";"50,6768800";"3,1765200"
"202000041932";"23";"10";"2020";"16:25";"1";"59";"59220";"2";"2";"1";"3";"FRANCE ANATOLE RUE";"50,6059750";"3,0646907"
"202000041933";"20";"10";"2020";"13:40";"1";"58";"58194";"2";"6";"2";"3";"TREIZIEME DE LIGNE";"46,9941100";"3,1362600"