"Num_Acc";"jour";"mois";"an";"hrmn";"lum";"dep";"com";"agg";"int";"atm";"col";"adr";"lat";"long"
"202000041934";"17";"10";"2020";"05:30";"5";"58";"58194";"2";"9";"1";"6";"PONT DE LOIRE";"46,9850900";"3,1578500"
"202000041935";"24";"7";"2020";"16:27";"1";"54";"54528";"2";"1";"1";"3";"BIGEARD (AVENUE)";"48,6707690";"5,8931020"
"202000041936";"20";"10";"2020";"17:23";"1";"47";"47031";"2";"3";"1";"6";"Avenue de Bigorre";"44,1786900";"0,6346100"
"202000041937";"24";"10";"2020";"02:27";"5";"45";"45075";"2";"1";"1";"6";"Rue du Four";"47,8902000";"1,8474000"
"202000041938";"23";"10";"2020";"18:35";"1";"45";"45234";"2";"1";"1";"6";"Quai de la Madeleine";"47,8979100";"1,8802700"
"202000041939";"23";"10";"2020";"07:00";"5";"45";"45234";"2";"2";"2";"1";"Rue Léonard de Vinci - rue du cristal ";"47,8456800";"1,9406000"
"202000041940";"13";"8";"2020";"22:00";"5";"43";"43157";"2";"3";"1";"3";"7 Place du Breuil";"45,0419800";"3,8827600"
"202000041941";"23";"10";"2020";"21:20";"5";"42";"42187";"2";"1";"1";"2";"Rue Alexandre Raffin";"46,0318000";"4,0673800"
"202000041942";"23";"10";"2020";"10:50";"1";"38";"38185";"2";"2";"1";"6";"Rue des Peupliers";"45,1653800";"5,7303000"
"202000041943";"23";"10";"2020";"18:06";"1";"35";"35238";"1";"1";"1";"2";"RN136";"48,1130500";" -1,7187400"
"202000041944";"23";"10";"2020";"14:00";"1";"35";"35238";"2";"1";"1";"2";"RN136";"48,1041800";" -1,7165100"
"202000041945";"23";"10";"2020";"04:40";"5";"35";"35238";"2";"1";"1";"7";"FOUGERES (RUE DE)";"48,1306565";" -1,6476917"
"202000041946";"22";"10";"2020";"22:45";"5";"35";"35238";"2";"1";"1";"2";"BREST (DE)";"48,1138800";" -1,6981500"
"202000041947";"23";"10";"2020";"20:40";"5";"34";"34172";"2";"1";"1";"2";"LIBERTE (AVENUE DE LA";"43,6118400";"3,8250500"
"202000041948";"23";"10";"2020";"10:20";"1";"34";"34172";"2";"8";"8";"3";"PILORY (RUE DU)";"43,6199900";"3,8327700"
"202000041949";"23";"10";"2020";"06:30";"5";"34";"34172";"2";"1";"8";"7";"SOULAS (AVENUE DU PERE";"43,6183600";"3,8645000"
"202000041950";"22";"10";"2020";"17:15";"1";"31";"31149";"2";"1";"1";"5";"SALVETAT (CHEMIN DE LA)";"43,6046200";"1,3077800"
"202000041951";"23";"10";"2020";"08:30";"2";"29";"29232";"1";"6";"2";"7";"Route du Loc H";"48,0126973";" -4,0883893"
"202000041952";"13";"10";"2020";"11:20";"1";"22";"22187";"2";"4";"1";"3";"HERZOGENRATH (PONT DE )";"48,5340273";" -2,7573109"
"202000041953";"23";"10";"2020";"13:10";"1";"13";"13117";"2";"1";"2";"6";"LA BASTIDE BLANCHE CD 9";"43,4269100";"5,2666300"
"202000041954";"23";"10";"2020";"11:00";"1";"13";"13206";"2";"7";"2";" -1";"DRAGON (RUE)";"43,2879900";"5,3791100"
"202000041955";"22";"10";"2020";"15:15";"1";"11";"11069";"1";"1";"2";"6";"ROCADE SUD RD 6161";"43,2042400";"2,3825100"
"202000041956";"23";"10";"2020";"07:33";"5";"10";"10387";"2";"1";"3";"7";"GEORGES POMPIDOU (RUE)";"48,2864300";"4,0773500"
"202000041957";"22";"10";"2020";"14:16";"1";"10";"10297";"2";"1";"2";"5";"JULES GUESDE (BDL)";"48,3253400";"4,1145200"
"202000041958";"22";"10";"2020";"10:10";"1";"10";"10081";"2";"1";"1";"7";"GENERAL SARRAIL (AVE)";"48,3069100";"4,0411200"
"202000041959";"23";"10";"2020";"15:04";"1";"09";"09207";"2";"1";"8";"3";"PARIS (AV DE)";"42,9414757";"1,6300789"
"202000041960";"21";"10";"2020";"17:57";"1";"08";"08346";"2";"1";"1";"1";"WARNECOURT ROUTE";"49,7551400";"4,7010700"
"202000041961";"23";"10";"2020";"15:00";"1";"07";"07281";"1";"1";"3";"6";"C.D. 533 (VERS LE PUY)";"44,9344710";"4,8199830"
"202000041962";"21";"10";"2020";"09:40";"1";"06";"06069";"2";"1";"1";"5";"DRAGUIGNAN (ROUTE DE) - D2562-";"43,6453900";"6,9027000"
"202000041963";"28";"8";"2020";"08:15";"1";"45";"45234";"2";"1";"1";"2";"Avenue de Paris";"47,9082700";"1,9041900"
"202000041964";"27";"8";"2020";"12:10";"1";"44";"44184";"2";"3";"1";"6";"BLANCHO (PLACE FRANÇOIS)";"47,2742900";" -2,2134900"
"202000041965";"27";"8";"2020";"10:20";"1";"38";"38318";"2";"1";"1";"6";"Rue Joseph Grenouillet";"45,5274500";"4,9158000"
"202000041966";"28";"8";"2020";"12:55";"1";"37";"37208";"2";"1";"1";"2";"POMPIDOU (AVENUE GEORGES)";"47,3711010";"0,7158869"
"202000041967";"28";"8";"2020";"20:40";"2";"35";"35051";"1";"1";"2";"6";"RD 175";"48,1542000";" -1,6245100"
"202000041968";"28";"8";"2020";"20:45";"2";"34";"34129";"2";"1";"2";"3";"CENTRE COMMERCIAL CARREFOUR";"43,5834700";"3,9268200"
"202000041969";"28";"8";"2020";"13:20";"1";"34";"34172";"2";"3";"1";"3";"EUROPE (AVENUE DE L')";"43,6282500";"3,8219000"
"202000041970";"29";"8";"2020";"02:30";"5";"33";"33063";"2";"3";"1";"2";"CRS DE LA MARNE";"44,8287400";" -0,5633800"
"202000041971";"28";"8";"2020";"18:10";"1";"33";"33192";"2";"1";"1";"3";"CRS DU GENERAL DE GAULLE";"44,7794800";" -0,6092200"
"202000041972";"29";"8";"2020";"02:05";"5";"33";"33009";"2";"1";"2";"7";"222 Boulevard de la Plage";"44,6625800";" -1,1665100"
"202000041973";"28";"8";"2020";"16:35";"1";"33";"33529";"2";"1";"1";"1";"ARCACHON (BD D')";"44,6377900";" -1,1716800"
"202000041974";"28";"8";"2020";"08:30";"1";"31";"31557";"2";"6";"2";"1";"CHEMIN ST PIERRE";"43,5848200";"1,3253800"
"202000041975";"27";"8";"2020";"09:40";"1";"30";"30007";"2";"6";"1";"3";"TALABOT (BOULEVARD)";"44,1252930";"4,0912690"
"202000041976";"28";"8";"2020";"04:45";"3";"29";"29019";"2";"1";"1";"6";"13 Rue Inkermann";"48,4000608";" -4,4688461"
"202000041977";"19";"8";"2020";"18:00";"1";"29";"29019";"2";"1";"1";"3";"107 Rue Hoche";"48,4053764";" -4,4723458"
"202000041978";"28";"8";"2020";"16:25";"1";"25";"25204";"2";"1";"2";"6";"RUE DE BESANCON";"46,9222600";"6,3425300"
"202000041979";"28";"8";"2020";"18:40";"1";"25";"25056";"2";"9";"1";"2";"RUE THOMAS EDISON";"47,2332000";"5,9745700"
"202000041980";"27";"8";"2020";"19:40";"1";"21";"21054";"2";"1";"1";"4";"3 Rue du Faubourg Saint-Nicolas";"47,0279400";"4,8397000"
"202000041981";"27";"8";"2020";"12:20";"1";"17";"17333";"2";"6";"1";"3";"SUZAC (AVENUE DE)";"45,5896769";" -0,9872246"
"202000041982";"28";"8";"2020";"16:24";"1";"17";"17028";"1";"1";"1";"2";"N137";"46,1488300";" -1,1109300"
"202000041983";"28";"8";"2020";"09:20";"1";"13";"13201";"2";"1";"1";"6";"PAVILLON (RUE)      1 A 11";"43,2955300";"5,3774400"
"202000041984";"29";"8";"2020";"00:15";"3";"13";"13001";"1";"9";"1";"3";"GARDANNE (ROUTE DE )";"43,4801500";"5,4232100"
"202000041985";"28";"8";"2020";"16:34";"1";"10";"10387";"2";"1";"1";"4";"CARNOT (RUE)";"48,2971630";"4,0746260"
"202000041986";"28";"8";"2020";"15:20";"1";"06";"06088";"2";"2";"1";"5";"HUGO (BD VICTOR)";"43,6978000";"7,2577000"
"202000041987";"26";"8";"2020";"17:40";"1";"06";"06027";"2";"9";"1";"2";"CANNES AVENUE DE (RN7)";"43,6527800";"7,1439400"
"202000041988";"28";"8";"2020";"22:24";"5";"06";"06155";"2";"1";"1";"5";"ROUSTAN AV.ET BD DES FRERES";"43,5674000";"7,0793700"
"202000041989";"28";"8";"2020";"21:26";"5";"06";"06004";"2";"1";"1";"6";"REIBAUD AV.";"43,5807700";"7,1170100"
"202000041990";"27";"8";"2020";"20:18";"2";"05";"05061";"2";"6";"1";" -1";"VEYNES ( AVENUE DE  )";"44,5578500";"6,0687900"
"202000041991";"27";"8";"2020";"11:15";"1";"03";"03023";"2";"2";"1";"3";"Rue de Sevigne";"46,1130786";"3,4005901"
"202000041992";"27";"8";"2020";"19:25";"1";"01";"01053";"2";"1";"1";"1";"D117A";"46,1983100";"5,2693300"
"202000041993";"27";"8";"2020";"14:30";"1";"75";"75101";"2";"3";"1";"3";"QUAI DE L HORLOGE";"48,8569040";"2,3434510"
"202000041994";"28";"8";"2020";"09:50";"1";"75";"75119";"2";"3";"1";"6";"RUE DE L ATLAS";"48,8741400";"2,3756800"
"202000041995";"28";"8";"2020";"20:50";"5";"75";"75118";"2";"5";"1";"3";"RUE SIMART";"48,8904300";"2,3484570"
"202000041996";"28";"8";"2020";"11:50";"1";"75";"75117";"2";"2";"1";"6";"RUE DE ROME";"48,8840270";"2,3185070"
"202000041997";"28";"8";"2020";"16:30";"1";"75";"75116";"2";"4";"1";"2";"AVENUE DE NEW YORK";"48,8632410";"2,2960090"
"202000041998";"27";"8";"2020";"19:55";"1";"75";"75114";"2";"1";"1";"3";"AVENUE DU MAINE";"48,8299660";"2,3260040"
"202000041999";"28";"8";"2020";"09:15";"1";"75";"75111";"2";"1";"1";" -1";"AVENUE PHILIPPE AUGUSTE";"48,8571420";"2,3904770"
"202000042000";"28";"8";"2020";"17:20";"1";"75";"75110";"2";"3";"8";"6";"RUE DU FAUBOURG SAINT DENIS";"48,8784730";"2,3566820"
"202000042001";"28";"8";"2020";"17:35";"1";"75";"75110";"2";"2";"8";"3";"BOULEVARD DE MAGENTA";"48,8715290";"2,3603330"
"202000042002";"27";"8";"2020";"16:40";"1";"75";"75108";"2";"7";"8";"3";"PLACE CHARLES DE GAULLE";"48,8732910";"2,2955510"
"202000042003";"28";"8";"2020";"06:15";"2";"75";"75102";"2";"5";"1";"6";"RUE ETIENNE MARCEL";"48,8648180";"2,3450920"
"202000042004";"28";"8";"2020";"12:45";"1";"94";"94076";"2";"3";"1";"3";"AMBROISE CROIZAT (R)";"48,8015486";"2,3600729"
"202000042005";"28";"8";"2020";"13:50";"1";"94";"94073";"2";"1";"8";"3";"LUXEMBOURG (AV DU)";"48,7581620";"2,3729670"
"202000042006";"27";"8";"2020";"16:20";"1";"94";"94028";"2";"3";"1";"3";"GAULLE(AVENUE DU GENERAL DE)";"48,7958390";"2,4475360"
"202000042007";"28";"8";"2020";"20:30";"2";"93";"93073";"1";"1";"2";"6";"CHAPIT RE ( RUE DU)";"49,0022149";"2,5370029"
"202000042008";"28";"8";"2020";"00:25";"5";"93";"93007";"2";"3";"1";"3";"SAINT-JUST (CITE)";"48,9396100";"2,4559700"
"202000042009";"28";"8";"2020";"19:55";"2";"93";"93049";"2";"1";"2";"6";"JEAN JAURES (AVENUE)";"48,8600489";"2,5077856"
"202000042010";"28";"8";"2020";"19:25";"1";"93";"93049";"2";"2";"2";"5";"BD GALLIENI / R DU CANAL";"48,8526020";"2,5120610"
"202000042011";"28";"8";"2020";"12:50";"1";"93";"93045";"2";"3";"8";"6";"AV DU MARECHAL JUIN / R ROMAIN ROLLAND";"48,8795000";"2,4220000"
"202000042012";"28";"8";"2020";"19:20";"1";"93";"93057";"2";"1";"2";"1";"JAURES (AV. JEAN) 1 A 123";"48,9073583";"2,4967074"
"202000042013";"28";"8";"2020";"19:00";"1";"92";"92076";"2";"7";"2";"3";"BOULEVARD DE LA REPUBLIQUE";"48,8372991";"2,1527580"
"202000042014";"28";"8";"2020";"15:00";"1";"92";"92049";"2";"1";"8";"7";"PERI RUE GABRIEL N°1 A 35";"48,8176151";"2,3247175"
"202000042015";"28";"8";"2020";"01:20";"1";"92";"92049";"2";"3";"8";" -1";"PIERRE BROSSOLETTE (AV)";"48,8162552";"2,3059118"
"202000042016";"28";"8";"2020";"09:40";"1";"92";"92044";"2";"2";"8";"3";"VIC. HUGO(RUE)091A113 ET 112A146";"48,8982796";"2,2943402"
"202000042017";"28";"8";"2020";"20:00";"2";"92";"92062";"2";"9";"8";"1";"ACACIA (IMMEUBLE)";"48,8836144";"2,2249407"
"202000042018";"28";"8";"2020";"21:40";"5";"92";"92026";"2";"3";"1";"5";"PRÉSIDENT PAUL DOUMER (QUAI DU)";"48,8901325";"2,2562568"
"202000042019";"28";"8";"2020";"00:46";"5";"92";"92024";"2";"2";"1";"3";"JEAN JAURES (BD) DE (1 A 45)   (2 A 54)";"48,9000253";"2,3062163"
"202000042020";"28";"8";"2020";"15:00";"1";"92";"92002";"2";"1";"1";"2";"VELPEAU (RUE)";"48,7601292";"2,3041666"
"202000042021";"18";"8";"2020";"19:00";"5";"974";"97415";"2";"3";"1";"3";"Chaussee Royale";" -21,0113000";"55,2738480"
"202000042022";"29";"8";"2020";"06:58";"2";"76";"76517";"1";"1";"2";"6";"A28";"49,5312740";"1,2081820"
"202000042023";"29";"8";"2020";"03:40";"5";"09";"09105";"2";"1";"8";"6";"Route de Toulouse";"43,1476540";"1,3008280"
"202000042024";"29";"8";"2020";"15:00";"1";"36";"36237";"1";"4";"1";"4";"D956";"47,0708620";"1,5924570"
"202000042025";"22";"8";"2020";"21:30";"3";"81";"81222";"1";"1";"1";"6";"D631";"43,7701410";"2,1725360"
"202000042026";"28";"8";"2020";"21:15";"1";"974";"97422";"2";"1";"1";"6";"171 Rue Jules Bertaut";" -21,2887130";"55,5237710"
"202000042027";"29";"8";"2020";"10:40";"1";"01";"01427";"2";"3";"1";"3";"1005 Montee de Preonde";"45,9451780";"4,7904470"
"202000042028";"28";"8";"2020";"15:00";"1";"83";"83048";"1";"1";"1";"3";"D93";"43,1998470";"6,6022480"
"202000042029";"29";"8";"2020";"10:46";"1";"42";"42284";"2";"1";"1";"1";"Rue Louis Joubert";"46,0848110";"3,9812092"
"202000042030";"28";"8";"2020";"05:00";"5";"72";"72008";"2";"1";"3";"2";"96 Boulevard Pierre Lefaucheux";"47,9521960";"0,1806740"
"202000042031";"28";"8";"2020";"19:28";"1";"34";"34163";"1";"1";"3";"6";"A750";"43,6305240";"3,6883110"
"202000042032";"29";"8";"2020";"09:27";"1";"62";"62070";"1";"2";"1";"3";"D83";"50,3877680";"2,4590680"
"202000042033";"28";"8";"2020";"21:45";"3";"83";"83116";"1";"1";"1";"1";"Route Nationale 7";"43,4344380";"5,8796950"
"202000042034";"28";"8";"2020";"14:40";"1";"76";"76196";"2";"2";"1";"3";"Rue des Chataîgniers";"49,6269965";"0,2622293"
"202000042035";"29";"8";"2020";"10:39";"1";"82";"82134";"2";"2";"1";"1";"2 RUE DU TEMPLE";"44,0753570";"1,5211210"
"202000042036";"28";"8";"2020";"09:55";"1";"89";"89246";"2";"3";"1";"3";"Rue du Vau Renard";"47,6258060";"3,9732530"
"202000042037";"28";"8";"2020";"19:00";"1";"89";"89155";"1";"4";"1";"1";"D85";"47,7035380";"3,6136870"
"202000042038";"29";"8";"2020";"16:10";"1";"63";"63028";"1";"1";"1";"7";"D47";"45,4829010";"2,6157600"
"202000042039";"28";"8";"2020";"15:25";"1";"41";"41161";"1";"1";"1";"1";"D2020";"47,5176060";"2,0356040"
"202000042040";"28";"8";"2020";"06:45";"2";"22";"22101";"1";"1";"1";"1";"COAT AR ROCH";"48,7377700";" -3,2706320"
"202000042041";"26";"8";"2020";"05:30";"3";"29";"29174";"1";"1";"1";"6";"D57 - Pennaguer";"47,9228547";" -4,2807417"
"202000042042";"28";"8";"2020";"21:00";"3";"38";"38343";"1";"1";"3";"2";"933 Route d'Aoste";"45,5462300";"5,6516650"
"202000042043";"29";"8";"2020";"20:52";"1";"02";"02104";"1";"9";"8";"7";"D225";"49,3810670";"3,8505690"
"202000042044";"29";"8";"2020";"17:30";"1";"03";"03093";"1";"1";"1";"7";"N/A";"46,1777895";"3,4415709"
"202000042045";"28";"8";"2020";"19:00";"1";"15";"15025";"1";"1";"2";"1";"D926";"45,1013730";"2,8879770"
"202000042046";"29";"8";"2020";"11:50";"1";"15";"15092";"1";"1";"8";"6";"Suc de Mouleyres";"45,4154690";"2,5026990"
"202000042047";"29";"8";"2020";"10:15";"1";"70";"70273";"1";"1";"1";"6";"Départementale 118";"47,4977490";"6,5214590"
"202000042048";"29";"8";"2020";"14:15";"1";"70";"70456";"1";"1";"1";"7";"Rue des Hauts de la Plauche";"47,4612760";"6,1352850"
"202000042049";"28";"8";"2020";"22:00";"3";"26";"26208";"1";"1";"3";"2";"Route de Die";"44,8147080";"4,9236990"
"202000042050";"29";"8";"2020";"11:30";"1";"05";"05068";"1";"1";"3";"1";"D900b";"44,5023520";"6,0812760"
"202000042051";"28";"8";"2020";"18:45";"1";"50";"50518";"1";"1";"2";"2";"D33";"48,7964690";" -1,1416490"
"202000042052";"27";"8";"2020";"12:15";"1";"83";"83002";"1";"1";"1";"1";"RD71";"43,7537370";"6,3027190"
"202000042053";"28";"8";"2020";"23:00";"3";"18";"18077";"1";"1";"8";"6";"43 Lieu Dit Bondonnat";"47,1255200";"2,8394940"
"202000042054";"29";"8";"2020";"12:20";"1";"43";"43167";"2";"1";"1";"7";"Lieu Dit Bonneval";"45,0880070";"3,5490830"
"202000042055";"28";"8";"2020";"21:10";"2";"16";"16104";"1";"1";"1";"5";"Lieu dit La Renarde";"46,0437900";"0,2211410"
"202000042056";"28";"8";"2020";"19:20";"1";"53";"53225";"1";"1";"3";"7";"D123";"48,2119050";" -0,8093670"
"202000042057";"28";"8";"2020";"09:50";"1";"40";"40259";"1";"2";"1";"3";"2664 Avenue des Pyrénées";"43,8131550";" -0,2965070"
"202000042058";"29";"8";"2020";"09:40";"1";"24";"24323";"1";"5";"1";"3";"Palisse";"45,2674870";"0,2345320"
"202000042059";"29";"8";"2020";"03:45";"3";"04";"04045";"1";"1";"2";"6";"RD 4100";"43,8567800";"5,6063320"
"202000042060";"29";"8";"2020";"16:50";"1";"04";"04004";"1";"1";"2";"7";"RD 952";"43,7826776";"5,9923205"
"202000042061";"28";"8";"2020";"09:00";"1";"04";"04031";"2";"1";"1";"7";"RD 8";"43,9261870";"6,1235740"
"202000042062";"29";"8";"2020";"09:15";"1";"17";"17293";"1";"1";"1";"1";"Départementale 115";"46,1343390";" -0,7873470"
"202000042063";"28";"8";"2020";"07:30";"1";"30";"30059";"1";"1";"1";"2";"D 6572";"43,6870840";"4,2334270"
"202000042064";"28";"8";"2020";"15:40";"1";"48";"48050";"1";"1";"2";"6";"D998";"44,3386750";"3,5968640"
"202000042065";"26";"8";"2020";"23:30";"3";"34";"34337";"2";"1";"1";"6";"Le Pont de Villeneuve";"43,5199130";"3,8771600"
"202000042066";"28";"8";"2020";"15:30";"1";"987";"98715";"1";"4";"1";"3";"RT 1 - PK 5+500";" -17,5706650";" -149,6150480"
"202000042067";"28";"8";"2020";"12:30";"1";"976";"97602";"1";"1";"1";"5";"N1";" -12,7309920";"45,1306990"
"202000042068";"28";"8";"2020";"13:36";"1";"30";"30189";"1";"1";"1";"7";"Rue Clovis";"43,8096320";"4,3451360"
"202000042069";"28";"8";"2020";"20:30";"3";"30";"30344";"1";"1";"3";"1";"A9";"43,7502541";"4,2287625"
"202000042070";"26";"7";"2020";"07:30";"1";"987";"98729";"1";"1";"1";"6";"RT 91";" -17,5331890";" -149,8386110"
"202000042071";"28";"8";"2020";"21:30";"3";"988";"98803";"1";"1";"2";"6";"R.T.3";" -21,4489240";"165,4730660"
"202000042072";"28";"8";"2020";"16:30";"1";"33";"33245";"1";"1";"1";"1";"D10e14";"44,8038400";" -0,4498200"
"202000042073";"28";"8";"2020";"21:30";"3";"33";"33203";"1";"1";"2";"6";"Lieu Dit Lagunan";"45,1936280";" -0,9374810"
"202000042074";"29";"8";"2020";"14:15";"1";"77";"77175";"1";"1";"1";"1";"D619";"48,6313420";"2,6446900"
"202000042075";"29";"8";"2020";"05:50";"2";"95";"95119";"1";"1";"1";"1";"D14";"49,1980550";"1,6989760"
"202000042076";"28";"8";"2020";"17:00";"1";"2B";"2B314";"1";"1";"1";"6";"Le Relais de Saleccia (Bar)";"42,6644030";"9,2075940"
"202000042077";"29";"8";"2020";"02:20";"3";"2A";"2A247";"1";"1";"1";"1";"T10";"41,4906709";"9,2443907"
"202000042078";"18";"8";"2020";"07:00";"2";"11";"11322";"1";"1";"1";"6";"D6009";"42,9901740";"2,9722630"
"202000042079";"25";"7";"2020";"21:00";"2";"84";"84053";"1";"4";"1";"3";"Route de Grignan";"44,3973330";"4,9200300"
"202000042080";"29";"8";"2020";"02:10";"5";"05";"05073";"2";"1";"2";"6";"Route de Gap";"44,3291210";"5,8339280"
"202000042081";"28";"8";"2020";"20:30";"3";"38";"38068";"1";"1";"3";"3";"Les Iles";"45,1071770";"5,7112580"
"202000042082";"28";"8";"2020";"22:20";"3";"26";"26182";"1";"3";"3";"1";"D538";"44,3292280";"5,1040290"
"202000042083";"29";"8";"2020";"07:59";"1";"07";"07279";"1";"1";"2";"1";"D86";"44,4155210";"4,6539870"
"202000042084";"28";"8";"2020";"20:15";"3";"69";"69107";"1";"1";"1";"1";"2273 route de lyon";"46,0380250";"4,4904520"
"202000042085";"26";"8";"2020";"22:40";"5";"81";"81271";"2";"9";"1";"1";"Avenue des Terres Noires";"43,7697230";"1,6721370"
"202000042086";"28";"8";"2020";"15:46";"1";"09";"09194";"2";"1";"3";"1";"11 Lotissement la Marinade";"43,0863400";"1,8661420"
"202000042087";"29";"8";"2020";"11:00";"1";"14";"14325";"2";"1";"2";"1";"Rue Amiral Wietzel";"49,2944080";" -0,2928700"
"202000042088";"5";"8";"2020";"16:25";"1";"22";"22162";"2";"1";"1";"3";"Rue de Poulgoic";"48,7846570";" -3,0487010"
"202000042089";"28";"8";"2020";"08:45";"1";"76";"76244";"2";"6";"2";"6";"RD 928 RD915";"49,6943160";"1,3652340"
"202000042090";"25";"8";"2020";"08:25";"1";"13";"13215";"1";"1";"1";"6";"A7-Sens Marseille vers Lyon";"43,3471070";"5,3722280"
"202000042091";"28";"8";"2020";"20:00";"1";"33";"33063";"1";"1";"1";"4";"ROCADE A 630";"44,8815900";" -0,5459300"
"202000042092";"28";"8";"2020";"18:55";"1";"33";"33063";"1";"1";"1";"2";"ROCADE A 630";"44,8812200";" -0,5438600"
"202000042093";"26";"8";"2020";"04:30";"5";"33";"33550";"1";"1";"1";"2";"ROCADE A 630";"44,7778900";" -0,5572700"
"202000042094";"28";"5";"2020";"18:25";"1";"91";"91286";"1";"1";"1";"5";"AUTOROUTE A6";"48,6553300";"2,3792000"
"202000042095";"27";"8";"2020";"21:38";"3";"91";"91174";"1";"1";"8";" -1";"RN 104";"48,6220400";"2,4631400"
"202000042096";"28";"8";"2020";"14:10";"1";"78";"78640";"1";"1";"2";"4";"A86 EXT";"48,7772300";"2,2236260"
"202000042097";"28";"8";"2020";"13:45";"2";"93";"93029";"1";"1";"1";"2";"AUTOROUTE A86";"48,9183200";"2,4289400"
"202000042098";"28";"8";"2020";"05:20";"3";"95";"95582";"1";"1";"1";"2";" A15";"48,9721600";"2,2477700"
"202000042099";"27";"8";"2020";"21:40";"3";"95";"95572";"1";"1";"2";"5";"A901507";"49,0323000";"2,1094000"
"202000042100";"28";"8";"2020";"19:40";"3";"77";"77294";"1";"1";"8";"2";"A104";"48,9667590";"2,6055650"
"202000042101";"28";"8";"2020";"18:00";"1";"77";"77181";"1";"1";"1";" -1";"A4";"48,8307620";"2,6932870"
"202000042102";"24";"8";"2020";"11:00";"1";"94";"94081";"1";"1";"1";"6";"A86 INT";"48,7741496";"2,4071918"
"202000042103";"20";"6";"2020";"11:40";"1";"74";"74010";"2";"1";"1";"6";"24 Chemin de Périaz (Seynod)";"45,8766920";"6,0894340"
"202000042104";"27";"8";"2020";"09:28";"1";"974";"97411";"2";"9";"1";"3";"VINH-SAN (BLD 3 DU PRINCE)";" -20,8875700";"55,4417000"
"202000042105";"26";"8";"2020";"06:10";"1";"974";"97407";"2";"1";"1";"7";"Boulevard des Mascareignes";" -20,9409400";"55,3073100"
"202000042106";"27";"8";"2020";"23:55";"5";"69";"69383";"2";"3";"1";" -1";"VILLEROY                            (R )";"45,7556200";"4,8475300"
"202000042107";"27";"8";"2020";"17:53";"1";"69";"69387";"2";"1";"1";"1";"BERTHELOT                           (AV)";"45,7473800";"4,8351500"
"202000042108";"27";"8";"2020";"23:10";"1";"972";"97213";"2";"9";"1";"2";"MAHAULT";"14,6184600";" -61,0048600"
"202000042109";"27";"8";"2020";"04:45";"5";"972";"97209";"2";"1";"2";"7";"RAVINE VILAINE (CHEMIN DEPARTEMENTAL DE)";"14,6299500";" -61,0598840"
"202000042110";"27";"8";"2020";"17:40";"1";"69";"69384";"2";"1";"1";"3";"PHILIPPE DE LASSALLE                (R )";"45,7759558";"4,8209281"
"202000042111";"27";"8";"2020";"13:15";"1";"69";"69286";"2";"2";"1";"5";"ROUTE DE STRASBOURG D 483           (RO)";"45,8138700";"4,8882300"
"202000042112";"26";"8";"2020";"08:10";"1";"69";"69381";"2";"1";"1";"6";"LOUIS PRADEL                        (PL)";"45,7685600";"4,8368600"
"202000042113";"26";"8";"2020";"22:05";"5";"2A";"2A004";"2";"9";"1";"3";"BONAPARTE CHARLES  BD";"41,9284151";"8,7401224"
"202000042114";"27";"8";"2020";"18:45";"1";"95";"95268";"2";"7";"1";"3";"PL ROGER SALENGRO";"48,9738000";"2,3897000"
"202000042115";"27";"8";"2020";"18:05";"1";"91";"91687";"2";"1";"1";"1";"VICTOR SCHOELCHER (AVENUE)";"48,6536000";"2,3701900"
"202000042116";"27";"8";"2020";"09:00";"1";"87";"87085";"2";"2";"1";"3";"BROGLIE (AVENUE LOUIS DE)";"45,8827200";"1,2866200"
"202000042117";"23";"8";"2020";"09:20";"1";"84";"84007";"1";"1";"1";"3";"MISTRAL7  (Parking C.Commercial)";"43,9225121";"4,8647118"
"202000042118";"26";"8";"2020";"14:45";"1";"80";"80021";"2";"1";"1";"2";"AMONT (PORT D')";"49,8948000";"2,3087100"
"202000042119";"26";"8";"2020";"11:20";"1";"80";"80021";"2";"1";"1";"1";"JEAN DE LA FONTAINE ( RUE )";"49,9119300";"2,2570100"
"202000042120";"27";"8";"2020";"11:09";"1";"74";"74200";"2";"2";"1";"3";"ABONDANCE (AVENUE D') A PARTIR DU CH DU";"46,3979700";"6,6147400"
"202000042121";"26";"8";"2020";"15:10";"1";"67";"67482";"2";"1";"1";"2";"BALE (RUE DE)";"48,5663101";"7,7663845"
"202000042122";"26";"8";"2020";"12:00";"1";"67";"67482";"2";"1";"1";"7";"SCHNOKELOCH (RUE DU)";"48,5787524";"7,7142281"
"202000042123";"27";"8";"2020";"15:10";"1";"64";"64102";"2";"6";"1";"3";"MAI 1945 (AVENUE DU 8)";"43,4633000";" -1,4957300"
"202000042124";"27";"8";"2020";"16:40";"1";"60";"60057";"2";"1";"8";"3";"Rue d’Amiens";"49,4411690";"2,0904107"
"202000042125";"26";"8";"2020";"10:19";"1";"57";"57508";"2";"1";"1";"6";"VOSGES (RUE DES)";"49,3440000";"6,0480000"
"202000042126";"26";"8";"2020";"20:07";"2";"54";"54482";"2";"2";"1";"3";"BARROIS (PLACE GERARD)";"48,6995080";"6,2043639"
"202000042127";"26";"8";"2020";"13:55";"1";"54";"54526";"2";"2";"1";"3";"DANTON (RUE)";"48,6756631";"6,2189450"
"202000042128";"26";"8";"2020";"09:45";"1";"54";"54547";"2";"1";"1";"3";"LECLERC (AVENUE DU GENERAL)";"48,6677463";"6,1677316"