"Num_Acc";"jour";"mois";"an";"hrmn";"lum";"dep";"com";"agg";"int";"atm";"col";"adr";"lat";"long"
"202000042129";"26";"8";"2020";"08:00";"1";"54";"54395";"2";"2";"1";"3";"OUDINOT (RUE DU MAL)";"48,6773977";"6,1865379"
"202000042130";"27";"8";"2020";"15:42";"1";"51";"51474";"2";"2";"1";"3";"Rue du Moulin de l’Archeveque";"49,2636101";"3,9835122"
"202000042131";"27";"8";"2020";"08:15";"1";"51";"51454";"2";"1";"1";"3";"Rue Gaston Boyer";"49,2605049";"4,0220912"
"202000042132";"27";"8";"2020";"10:10";"1";"45";"45308";"1";"1";"1";"7";"Rue de la Clef";"47,9323500";"1,9701000"
"202000042133";"26";"8";"2020";"12:15";"1";"45";"45208";"2";"1";"1";"6";"Place de la République";"47,9958800";"2,7335700"
"202000042134";"27";"8";"2020";"12:15";"1";"44";"44162";"2";"1";"1";"3";"RUE VASCO DE GAMA";"47,2203500";" -1,6236200"
"202000042135";"24";"8";"2020";"14:55";"1";"44";"44143";"2";"6";"1";" -1";"RUE VICTOR HUGO";"47,1887700";" -1,5513100"
"202000042136";"24";"8";"2020";"18:45";"1";"42";"42071";"2";"2";"7";"3";"Avenue de la République";"46,0277100";"4,0872400"
"202000042137";"17";"8";"2020";"13:50";"1";"33";"33119";"2";"2";"1";"3";"RUE ARISTIDE BRIAND";"44,8591500";" -0,5240400"
"202000042138";"21";"8";"2020";"19:30";"1";"33";"33063";"2";"6";"1";"3";"RUE DE LADOUS / RUE CATULE MENDES";"44,8120400";" -0,5700000"
"202000042139";"26";"8";"2020";"02:00";"5";"33";"33063";"2";"2";"1";"3";"RUE JUDAIQUE ";"44,8407800";" -0,5920700"
"202000042140";"28";"8";"2020";"02:15";"3";"33";"33529";"1";"1";"1";"6";"RD1250 (BONNEVAL - LA HUME) - Z.A.";"44,6172000";" -1,1147000"
"202000042141";"27";"8";"2020";"13:50";"1";"32";"32013";"2";"3";"1";"3";"SADI-CARNOT (BOULEVARD)";"43,6431209";"0,5867456"
"202000042142";"27";"8";"2020";"08:00";"1";"31";"31555";"2";"1";"1";"3";"BD SILVIO TRENTIN";"43,6234600";"1,4271200"
"202000042143";"27";"8";"2020";"00:21";"5";"30";"30189";"2";"6";"1";"7";"TRINTIGNANT MAURICE (AVENUE)";"43,8134600";"4,3406400"
"202000042144";"26";"8";"2020";"11:15";"1";"29";"29232";"1";"1";"1";"4";"D785 - Boulevard de Poulguinan";"47,9843600";" -4,1134700"
"202000042145";"26";"8";"2020";"17:45";"2";"26";"26362";"2";"9";"1";"3";"37 Rue Gaspard Monge";"44,9122510";"4,8816630"
"202000042146";"22";"8";"2020";"00:26";"5";"25";"25388";"2";"1";"1";"6";"MASSENET (RUE JULES)";"47,5003100";"6,7970820"
"202000042147";"27";"8";"2020";"20:35";"2";"18";"18279";"2";"1";"1";"1";"GRELET (RUE ET IMPASSE DU)";"47,2300000";"2,0500000"
"202000042148";"26";"8";"2020";"17:45";"1";"15";"15014";"2";"6";"1";"3";"TRICOT (CARREFOUR)";"44,9109400";"2,4518000"
"202000042149";"27";"8";"2020";"18:30";"1";"14";"14341";"1";"1";"2";" -1";"RN814";"49,1466337";" -0,3459879"
"202000042150";"27";"8";"2020";"17:15";"1";"14";"14301";"2";"3";"2";"2";"LIBERTE (RUE DE LA)";"49,1857200";" -0,2870600"
"202000042151";"27";"8";"2020";"10:45";"1";"13";"13209";"2";"1";"1";"2";"GAYE (BOULEVARD DE LA)";"43,2601200";"5,4157400"
"202000042152";"26";"8";"2020";"16:15";"1";"13";"13215";"2";"1";"1";" -1";"SAINT ANTOINE (AVENUE DE)";"43,3844600";"5,3586000"
"202000042153";"26";"8";"2020";"02:40";"5";"13";"13207";"2";"2";"1";"3";"PIERRE PUGET (COURS)";"43,2904000";"5,3759300"
"202000042154";"25";"8";"2020";"12:30";"1";"11";"11262";"2";"2";"1";"3";"MARCORIGNAN (ROUTE DE)";"43,2001000";"2,9696300"
"202000042155";"20";"8";"2020";"11:05";"1";"11";"11262";"2";"3";"1";"1";"CARNOT (AVENUE)";"43,1909300";"3,0067500"
"202000042156";"23";"8";"2020";"17:20";"1";"07";"07186";"2";"1";"1";"1";"N/A";"44,7318600";"4,5936800"
"202000042157";"27";"8";"2020";"12:21";"1";"06";"06069";"2";"1";"1";"5";"Route de Cannes";"43,6343300";"6,9518480"
"202000042158";"11";"3";"2020";"09:10";"1";"69";"69286";"2";"1";"1";"6";"EUROPE (DE L')                      (AV)";"45,8186600";"4,9049700"
"202000042159";"10";"3";"2020";"07:00";"2";"69";"69149";"2";"4";"2";"6";"PERRON (DU)                         (R )";"45,7135200";"4,8054300"
"202000042160";"10";"3";"2020";"21:10";"5";"971";"97101";"2";"1";"1";" -1";"CENTRE HOSPITALIER";"16,2387000";" -61,5297000"
"202000042161";"10";"3";"2020";"21:00";"5";"2A";"2A004";"2";"3";"1";"3";"PIETRI NICOLAS AVENUE";"41,9165276";"8,7230735"
"202000042162";"6";"3";"2020";"22:00";"5";"91";"91687";"2";"3";"1";"3";"MARMONT (AVENUE)";"48,6671580";"2,3770590"
"202000042163";"11";"3";"2020";"15:10";"1";"91";"91201";"2";"6";"1";"6";"FETES(ROND POINT DES)";"48,6862750";"2,3965090"
"202000042164";"11";"3";"2020";"20:15";"5";"90";"90010";"2";"5";"8";"1";"JOFFRE (BOULEVARD MARECHAL)";"47,6414590";"6,8571850"
"202000042165";"10";"3";"2020";"15:30";"1";"80";"80021";"2";"1";"1";"6";"VALLEE (RUE DE LA )";"49,8921800";"2,3080800"
"202000042166";"10";"3";"2020";"15:10";"1";"80";"80021";"2";"1";"1";"4";"VIGNACOURT (RUE DE)";"49,9060410";"2,2894210"
"202000042167";"10";"3";"2020";"17:00";"1";"80";"80021";"2";"1";"1";"2";"GRACE (RUE DE)";"49,9099400";"2,2525800"
"202000042168";"11";"3";"2020";"19:05";"1";"77";"77118";"2";"4";"1";" -1";"RD 34-DEUX PARCS (COURS DES)";"48,9410000";"2,6660000"
"202000042169";"5";"2";"2020";"18:30";"3";"77";"77186";"1";"1";"1";"3";"D606 de l'obélisque à limite MORET";"48,3961716";"2,7282894"
"202000042170";"10";"3";"2020";"19:20";"5";"76";"76410";"1";"1";"2";"7";"D86";"49,4738100";"1,0290400"
"202000042171";"10";"3";"2020";"20:50";"3";"73";"73029";"1";"2";"1";"3";"D1006 rte de Challes";"45,5680907";"5,9405629"
"202000042172";"10";"3";"2020";"17:10";"1";"72";"72181";"2";"1";"1";"6";"CHAMPION HENRI (RUE) N° PAIRS";"47,9824700";"0,2292900"
"202000042173";"11";"3";"2020";"21:55";"5";"69";"69266";"2";"2";"1";"3";"ALSACE   (Rue d')";"45,7709500";"4,8698000"
"202000042174";"11";"3";"2020";"17:20";"1";"69";"69029";"2";"1";"1";"4";"DROITS DE L'HOMME (DES)             (BD)";"45,7300700";"4,9296100"
"202000042175";"28";"2";"2020";"22:49";"5";"68";"68066";"2";"9";"1";"3";"DE GAULLE (AVENUE DU GENERAL)";"48,0773370";"7,3480420"
"202000042176";"10";"3";"2020";"19:20";"5";"67";"67482";"2";"1";"2";"1";"PAUL DOPFF (RUE) ";"48,5584200";"7,7739500"
"202000042177";"10";"3";"2020";"19:20";"1";"67";"67482";"2";"1";"2";"6";"LANGUEDOC (RUE DU)";"48,5488200";"7,7418100"
"202000042178";"11";"3";"2020";"15:00";"1";"64";"64445";"2";"1";"1";"2";"OLOF PALME";"43,3399500";" -0,3762800"
"202000042179";"7";"3";"2020";"00:45";"3";"63";"63164";"1";"1";"1";"3";"Route départementale 210";"45,8382754";"3,1583065"
"202000042180";"10";"3";"2020";"16:47";"1";"63";"63113";"2";"4";"1";"3";"BERGOUGNAN (AVENUE RAYMOND)";"45,7833100";"3,0703400"
"202000042181";"10";"3";"2020";"14:53";"1";"63";"63075";"2";"1";"1";"4";"21 DUCLAUX (BD)";"45,7748136";"3,0739517"
"202000042182";"7";"3";"2020";"03:10";"5";"63";"63113";"2";"2";"1";"3";"Lafayette /sablon";"45,7735700";"3,0900000"
"202000042183";"29";"2";"2020";"19:35";"5";"59";"59507";"2";"1";"2";"1";"EUROPE, Boulevard de";"50,5977821";"3,1014436"
"202000042184";"11";"3";"2020";"09:10";"1";"59";"59540";"2";"9";"2";"6";"REPUBLIQUE";"51,0272810";"2,3302340"
"202000042185";"10";"3";"2020";"07:45";"1";"54";"54547";"2";"6";"3";"3";"BOURGOGNE (AVENUE DE)";"48,6506612";"6,1475922"
"202000042186";"10";"3";"2020";"07:40";"1";"54";"54395";"2";"1";"3";"6";"PINCHARD (RUE RAYMOND LIMITE NCY)";"48,6970100";"6,1427600"
"202000042187";"11";"3";"2020";"09:30";"1";"51";"51454";"2";"3";"1";"7";"Rue de Neufchatel";"49,2717253";"4,0263420"
"202000042188";"11";"3";"2020";"08:55";"1";"45";"45232";"2";"3";"2";"3";"Rue de Normandie";"47,8432778";"1,9181029"
"202000042189";"10";"3";"2020";"10:00";"1";"34";"34032";"2";"1";"8";"7";"HORT DE MONSEIGNEUR (RUE DE L')";"43,3524200";"3,2323800"
"202000042190";"11";"3";"2020";"13:45";"1";"34";"34003";"1";"1";"1";"1";"RD612";"43,3043200";"3,4544200"
"202000042191";"11";"3";"2020";"05:55";"5";"33";"33318";"2";"3";"2";"3";"Rue Antoine Becquerel / A630 Pessac -E14-";"44,7894000";" -0,6480000"
"202000042192";"11";"3";"2020";"17:00";"1";"33";"33529";"2";"1";"1";"6";"PYLA (BD DU)";"44,6337100";" -1,1690500"
"202000042193";"11";"3";"2020";"07:30";"1";"30";"30007";"2";"1";"1";"3";"ANDUZE (VIEILLE ROUTE D')";"44,1023300";"4,0749700"
"202000042194";"19";"2";"2020";"09:01";"1";"29";"29019";"2";"2";"1";"1";"Boulevard de l'Europe";"48,4130982";" -4,4961056"
"202000042195";"3";"3";"2020";"15:00";"1";"22";"22278";"2";"6";"2";"3";"WALDECK-ROUSSEAU (BD ET PT)";"48,5102170";" -2,7569490"
"202000042196";"10";"3";"2020";"12:30";"1";"19";"19031";"2";"1";"1";"3";"KENNEDY (AVENUE JOHN)";"45,1514190";"1,5411088"
"202000042197";"11";"3";"2020";"00:45";"4";"17";"17300";"2";"1";"2";"6";"MONNET   AVENUE JEAN";"46,1429000";" -1,1538000"
"202000042198";"11";"3";"2020";"09:00";"1";"14";"14118";"2";"1";"1";"2";"ECHANGEUR N° 5 ( COTE DE NACRE )";"49,2032600";" -0,3613600"
"202000042199";"11";"3";"2020";"15:40";"1";"13";"13210";"2";"1";"1";"6";"JEAN EUGENE CABASSUD (BOULEVARD)";"43,2851130";"5,4129400"
"202000042200";"11";"3";"2020";"12:59";"1";"13";"13206";"2";"2";"1";"3";"ITALIE (RUE D')";"43,2895700";"5,3823900"
"202000042201";"11";"3";"2020";"08:05";"1";"13";"13201";"2";"3";"1";"2";"CANEBIERE     70 A FIN";"43,2976846";"5,3810563"
"202000042202";"11";"3";"2020";"19:20";"5";"13";"13005";"2";"1";"1";"4";"AVELANEDE (CHEMIN DE L')";"43,2927050";"5,5879720"
"202000042203";"10";"3";"2020";"17:40";"1";"11";"11069";"2";"1";"1";"6";"IENA -ALLEE D'- N° IMPAIRS JUSQU'AU 51";"43,2109960";"2,3449240"
"202000042204";"9";"3";"2020";"21:40";"5";"10";"10357";"2";"9";"1";"7";"GENERAL DE GAULLE (RUE DU)";"48,2959100";"4,1329600"
"202000042205";"11";"3";"2020";"17:55";"1";"07";"07281";"2";"1";"1";"3";"GROSS-UMSTADT (AVENUE DE)";"44,9428400";"4,8593100"
"202000042206";"11";"3";"2020";"14:15";"1";"06";"06088";"2";"3";"1";"3";"SAINT-AUGUSTIN (AV. DE)";"43,6738000";"7,2222000"
"202000042207";"9";"3";"2020";"19:14";"5";"06";"06088";"2";"9";"1";"5";"DESAMBROIS (AV.)";"43,7045300";"7,2735700"
"202000042208";"10";"3";"2020";"17:00";"1";"05";"05061";"2";"6";"1";"3";"Place Frederic Euzieres";"44,5566818";"6,0769548"
"202000042209";"11";"3";"2020";"07:30";"1";"75";"75115";"2";"1";"1";"2";"PORTE D ISSY";"48,8348400";"2,2640670"
"202000042210";"11";"3";"2020";"12:00";"1";"75";"75117";"2";"7";"1";"3";"PLACE DU MARECHAL JUIN";"48,8853080";"2,2969090"
"202000042211";"11";"3";"2020";"09:05";"1";"75";"75116";"2";"5";"1";"3";"AVENUE D IENA";"48,8678970";"2,2956810"
"202000042212";"11";"3";"2020";"07:20";"1";"75";"75115";"2";"3";"1";"7";"RUE FRANQUET";"48,8327600";"2,3070600"
"202000042213";"10";"3";"2020";"14:15";"1";"75";"75115";"2";"2";"8";"6";"RUE LECOURBE";"48,8384780";"2,2890120"
"202000042214";"11";"3";"2020";"09:05";"1";"75";"75113";"2";"1";"1";"3";"QUAI D AUSTERLITZ";"48,8401130";"2,3703100"
"202000042215";"10";"3";"2020";"14:15";"1";"75";"75113";"2";"3";"1";"3";"RUE DE TOLBIAC";"48,8268200";"2,3650410"
"202000042216";"11";"3";"2020";"14:35";"1";"75";"75112";"2";"4";"1";"3";"AVENUE COURTELINE";"48,8440310";"2,4134580"
"202000042217";"11";"3";"2020";"09:30";"1";"75";"75111";"2";"4";"1";"6";"AVENUE DE LA REPUBLIQUE";"48,8667360";"2,3667980"
"202000042218";"11";"3";"2020";"21:05";"5";"75";"75110";"2";"2";"1";"3";"BOULEVARD DE LA CHAPELLE";"48,8843110";"2,3593660"
"202000042219";"11";"3";"2020";"11:56";"1";"75";"75109";"2";"2";"1";"3";"RUE SAINT LAZARE";"48,8761610";"2,3311080"
"202000042220";"11";"3";"2020";"09:59";"1";"75";"75107";"2";"2";"1";"3";"AVENUE DE LA MOTTE PICQUET";"48,8572650";"2,3099360"
"202000042221";"10";"3";"2020";"23:50";"5";"75";"75104";"2";"1";"1";"6";"QUAI HENRI IV";"48,8493770";"2,3618290"
"202000042222";"11";"3";"2020";"13:00";"1";"75";"75103";"2";"2";"1";"2";"RUE SAINT MARTIN";"48,8684290";"2,3552750"
"202000042223";"11";"3";"2020";"19:22";"5";"75";"75102";"2";"2";"8";"6";"BOULEVARD POISSONNIERE";"48,8709890";"2,3459940"
"202000042224";"11";"3";"2020";"09:00";"1";"94";"94081";"2";"7";"1";"3";"Place de l’Eglise";"48,7911000";"2,3940000"
"202000042225";"10";"3";"2020";"17:10";"1";"94";"94080";"2";"1";"1";"6";"LIBERATION (BD DE LA)";"48,8477900";"2,4461300"
"202000042226";"11";"3";"2020";"16:30";"1";"94";"94078";"2";"1";"1";"2";"PARIS (R DE)";"48,7500000";"2,4400000"
"202000042227";"11";"3";"2020";"20:05";"5";"94";"94046";"2";"1";"1";"6";"JOFFRE (AV)";"48,8157000";"2,4456000"
"202000042228";"11";"3";"2020";"17:55";"5";"94";"94076";"2";"1";"1";"3";"PAUL VAILLANT COUTURIER (AV)";"48,7945610";"2,3590130"
"202000042229";"9";"3";"2020";"14:11";"1";"94";"94033";"2";"1";"1";"2";"Avenue de Lattre de Tassigny";"48,8596000";"2,4900000"
"202000042230";"9";"3";"2020";"09:00";"1";"94";"94033";"2";"1";"1";"6";"DALAYRAC (R)";"48,8476300";"2,4672000"
"202000042231";"10";"3";"2020";"11:40";"1";"93";"93078";"2";"2";"8";"1";"AV GEORGES CLEMENCEAU / AV CHARLES DE GAULLE";"48,9581763";"2,5585021"
"202000042232";"10";"3";"2020";"20:20";"5";"93";"93005";"2";"1";"1";"4";"LEON JOUHAUX (RUE)";"48,9529043";"2,4836177"
"202000042233";"9";"3";"2020";"13:00";"1";"93";"93001";"2";"3";"2";"3";"R DU LANDY / R PAUL LAFARGUE";"48,9153300";"2,3675800"
"202000042234";"11";"3";"2020";"15:10";"1";"92";"92078";"2";"1";"1";"3";"RENIERS (AVENUE CHEMIN)";"48,9325120";"2,3223110"
"202000042235";"11";"3";"2020";"17:15";"1";"92";"92064";"2";"1";"1";"6";"ANDRE CHEVRILLON";"48,8465535";"2,2199124"
"202000042236";"11";"3";"2020";"08:52";"1";"92";"92050";"2";"3";"1";"3";"GARENNE RUE DE LA";"48,8987530";"2,2255740"
"202000042237";"11";"3";"2020";"09:15";"1";"92";"92020";"2";"9";"1";"3";"REPUBLIQUE AV. AUTRES N° ET METRO";"48,8053000";"2,2980000"
"202000042238";"11";"3";"2020";"18:00";"2";"92";"92040";"2";"1";"1";"3";"GALLIENI (BOULEVARD)";"48,8282080";"2,2675240"
"202000042239";"11";"3";"2020";"11:45";"1";"92";"92025";"2";"1";"1";"5";"AGENT SARRE (AV DE L')";"48,9246940";"2,2658370"
"202000042240";"11";"3";"2020";"09:34";"1";"92";"92024";"2";"1";"1";"2";"MARTRE (RUE) DE (59 A 109)   (58 A 120)";"48,9010780";"2,3078860"
"202000042241";"11";"3";"2020";"16:05";"1";"92";"92007";"2";"1";"1";"6";"BRIAND (AVENUE ARISTIDE) N° 2 A 98";"48,7997300";"2,3231400"
"202000042242";"11";"3";"2020";"10:37";"1";"92";"92007";"2";"1";"1";"6";"CLOS LA PAUME (RUE DU)";"48,7970049";"2,3071384"
"202000042243";"11";"1";"2020";"15:15";"1";"92";"92004";"2";"9";"1";"2";"DOCTEUR DERVAUX  ( QUAI DU )";"48,9050991";"2,2879181"
"202000042244";"11";"3";"2020";"09:00";"1";"95";"95430";"1";"1";"1";"6";"Croix de Montsoult";"49,0654280";"2,3292090"
"202000042245";"7";"3";"2020";"08:15";"1";"49";"49244";"2";"2";"1";"3";"RD 131 / Rue de la Guimonière - La Pommeraye";"47,3501490";" -0,8501100"
"202000042246";"9";"3";"2020";"17:00";"1";"2A";"2A211";"1";"1";"2";"6";"RT 40";"41,7941320";"8,9804110"
"202000042247";"11";"3";"2020";"18:10";"1";"86";"86221";"1";"1";"1";"4";"D129";"46,7920200";"0,3630440"
"202000042248";"11";"3";"2020";"13:15";"1";"34";"34342";"1";"1";"1";"4";"D986";"43,7420380";"3,7704080"
"202000042249";"12";"3";"2020";"18:35";"2";"83";"83086";"1";"1";"1";"3";"Route de Callas";"43,4865710";"6,5671850"
"202000042250";"12";"3";"2020";"13:05";"1";"01";"01033";"2";"1";"1";"1";"37 Rue Joseph Marion";"46,1049700";"5,8372270"
"202000042251";"12";"3";"2020";"12:10";"1";"30";"30221";"2";"1";"1";"6";"Rue du Pavillon";"44,0510640";"4,7795370"
"202000042252";"10";"3";"2020";"15:00";"1";"21";"21315";"1";"1";"2";"1";"M971";"47,3679320";"4,9665850"
"202000042253";"12";"3";"2020";"06:45";"2";"62";"62198";"1";"1";"1";"1";"route départementale 75";"50,3782584";"2,6127697"
"202000042254";"11";"3";"2020";"16:50";"1";"74";"74043";"1";"3";"1";"3";"Avenue des Fully";"46,2663840";"6,3293640"
"202000042255";"12";"3";"2020";"14:15";"1";"79";"79061";"1";"1";"1";"2";"2 Route de Melle";"46,2556650";" -0,2077600"
"202000042256";"12";"3";"2020";"18:50";"2";"82";"82018";"2";"2";"1";"3";"INTERSECTION D95 / D64";"44,0890110";"1,5354730"
"202000042257";"12";"3";"2020";"09:00";"1";"71";"71482";"1";"1";"1";"6";"La Crote";"46,8083236";"4,3285097"
"202000042258";"27";"2";"2020";"07:15";"2";"86";"86281";"1";"2";"2";"3";"D7";"46,7603150";"0,1707070"
"202000042259";"11";"3";"2020";"19:15";"3";"34";"34310";"1";"1";"1";"2";"RD 19";"43,4256220";"3,1558230"
"202000042260";"10";"3";"2020";"14:00";"1";"44";"44084";"1";"2";"8";"3";"Le Chemin Noir";"47,2232260";" -1,3652870"
"202000042261";"10";"3";"2020";"07:53";"1";"02";"02426";"1";"1";"1";"7";"D71";"49,9365850";"3,3062900"
"202000042262";"15";"2";"2020";"12:35";"1";"54";"54102";"1";"2";"7";"1";"Carrefour D118 A -  RD 904";"48,7150060";"5,8755830"
"202000042263";"3";"3";"2020";"10:00";"1";"21";"21568";"2";"1";"8";"6";"3 Rue du 8 Mai 1945";"47,6404180";"4,2964270"
"202000042264";"7";"3";"2020";"00:00";"3";"40";"40055";"1";"1";"1";"1";"Route de Grenade";"43,8349760";" -0,4698800"
"202000042265";"11";"3";"2020";"21:15";"3";"04";"04188";"1";"1";"1";"1";"RD 13";"43,8984800";"5,8042680"
"202000042266";"12";"3";"2020";"17:30";"1";"23";"23189";"1";"1";"2";"7";"Montarichard";"46,0125000";"1,7194460"
"202000042267";"11";"3";"2020";"10:50";"1";"87";"87180";"1";"1";"8";"1";"Saint-Sornin-Leulac";"46,1966760";"1,2749510"
"202000042268";"12";"3";"2020";"16:30";"1";"13";"13050";"1";"1";"1";"6";"2150 Route de Rognes";"43,6584860";"5,2945840"
"202000042269";"5";"3";"2020";"14:20";"1";"13";"13001";"1";"1";"1";"3";"A8,";"43,5175750";"5,4312590"
"202000042270";"10";"3";"2020";"17:45";"1";"69";"69190";"2";"1";"8";"3";"Rue M. Mérieux";"45,7729000";"4,7039000"
"202000042271";"6";"3";"2020";"16:10";"1";"34";"34327";"1";"1";"1";"6";"63 Rue de la Monnaie";"43,6627570";"3,9789340"
"202000042272";"11";"3";"2020";"18:45";"2";"84";"84004";"2";"1";"1";"2";"542 Avenue Anselme Mathieu";"44,1058190";"5,0252150"
"202000042273";"11";"3";"2020";"16:50";"1";"38";"38158";"2";"1";"1";" -1";"Avenue Jean Jaures";"45,1637900";"5,7432100"
"202000042274";"6";"2";"2020";"14:50";"1";"07";"07152";"1";"1";"1";"5";"N/A";"45,0354810";"4,8257660"
"202000042275";"9";"3";"2020";"20:40";"3";"49";"49194";"1";"1";"2";"1";"16 Route de la Couture";"47,4772460";" -0,2938200"
"202000042276";"11";"3";"2020";"23:20";"5";"80";"80033";"1";"1";"6";"6";"A1";"49,8886420";"2,8385930"
"202000042277";"7";"3";"2020";"23:15";"3";"83";"83047";"1";"1";"1";"4";"A570";"43,1345800";"6,0471600"
"202000042278";"11";"3";"2020";"08:35";"1";"67";"67152";"1";"1";"2";"6";"Route Nationale 83";"48,5303367";"7,6932001"
"202000042279";"11";"3";"2020";"09:25";"1";"33";"33013";"1";"1";"1";"4";"ROUTE NATIONALE 230";"44,8462100";" -0,5022900"
"202000042280";"10";"3";"2020";"16:30";"1";"59";"59195";"1";"1";"2";"4";"AUTOROUTE A25";"50,6277660";"2,9603560"
"202000042281";"11";"3";"2020";"16:01";"1";"94";"94021";"1";"1";"1";"7";"AUTOROUTE A6B";"48,7709000";"2,3458000"
"202000042282";"11";"3";"2020";"07:10";"1";"91";"91363";"1";"1";"1";"7";"RN 104";"48,6443200";"2,1960600"
"202000042283";"11";"3";"2020";"08:45";"1";"78";"78640";"1";"1";"1";"3";"N118";"48,7814760";"2,2228950"
"202000042284";"26";"2";"2020";"13:20";"1";"92";"92050";"1";"1";"2";" -1";"A86";"48,9162739";"2,2212872"
"202000042285";"10";"3";"2020";"08:50";"1";"93";"93027";"1";"1";"2";"2";"AUTOROUTE A86";"48,9278500";"2,4095800"
"202000042286";"9";"3";"2020";"10:45";"1";"60";"60631";"1";"1";"1";"3";"AUTOROUTE A1";"49,1456200";"2,5775200"
"202000042287";"9";"1";"2020";"11:30";"1";"89";"89387";"2";"1";"1";"6";"PIERRE DE COUBERTIN (1 AVENUE)";"48,1919700";"3,2993100"
"202000042288";"10";"3";"2020";"17:45";"1";"974";"97411";"2";"3";"1";"3";"Boulevard Gabriel Macé";" -20,8735500";"55,4468600"
"202000042289";"10";"3";"2020";"14:15";"1";"69";"69199";"2";"3";"1";"3";"MATHIEU DUSSURGEY                   (R )";"45,7123000";"4,8625000"
"202000042290";"4";"3";"2020";"15:45";"1";"69";"69387";"2";"4";"1";"3";"GARIBALDI                           (R )";"45,7455600";"4,8492000"
"202000042291";"9";"3";"2020";"11:50";"1";"972";"97213";"1";"1";"1";"4";"AUTOROUTE A1";"14,6162000";" -61,0153000"
"202000042292";"10";"3";"2020";"15:50";"1";"69";"69286";"2";"9";"1";"3";"ROUTE DE STRASBOURG                 (RO)";"45,8132400";"4,8874600"
"202000042293";"10";"3";"2020";"15:48";"1";"69";"69286";"1";"1";"8";"6";"MERCIERES (DES)                     (R )";"45,8150000";"4,8765000"
"202000042294";"10";"3";"2020";"08:50";"1";"69";"69142";"2";"1";"2";"3";"FONTANIERES (DE)                     (CH";"45,7355000";"4,8099000"
"202000042295";"23";"1";"2020";"15:30";"1";"971";"97107";"2";"3";"1";"3";"FLAMBOYANTS ( ALLEE DES )";"16,0518600";" -61,5649100"
"202000042296";"9";"3";"2020";"20:50";"5";"91";"91549";"2";"1";"1";"1";"REPUBLIQUE (AVENUE DE LA)";"48,6449600";"2,3344800"
"202000042297";"6";"3";"2020";"10:30";"1";"91";"91223";"1";"1";"2";"2";"RD 191";"48,4501200";"2,0922000"
"202000042298";"10";"3";"2020";"05:30";"5";"91";"91425";"2";"2";"2";"2";"NATIONALE 20 (ROUTE)";"48,6403900";"2,2684300"
"202000042299";"9";"3";"2020";"20:45";"5";"91";"91021";"2";"1";"1";"3";"RN 20";"48,5833000";"2,2500000"
"202000042300";"10";"3";"2020";"09:10";"1";"87";"87085";"2";"1";"2";"2";"PALAIS (ROUTE DU)";"45,8521400";"1,3022400"
"202000042301";"10";"3";"2020";"15:30";"1";"83";"83090";"2";"1";"1";"3";"SIX-FOURS (CHEMIN DE)";"43,1239700";"5,8425400"
"202000042302";"9";"3";"2020";"08:10";"1";"83";"83137";"2";"1";"1";"3";"BRIAND (AVE ARISTIDE DE 1 A 1219";"43,1267737";"5,9012139"
"202000042303";"9";"3";"2020";"09:40";"1";"83";"83129";"2";"1";"1";"3";"MER (AVENUE DE LA) N°IMPAIRS";"43,1042900";"5,8182100"
"202000042304";"10";"3";"2020";"13:50";"1";"83";"83069";"2";"1";"1";"3";"GODILLOT  ( AVENUE ALEXIS )";"43,1169000";"6,1227000"
"202000042305";"9";"3";"2020";"10:35";"1";"79";"79191";"2";"1";"1";"6";"107 Avenue de Paris";"46,3261900";" -0,4519500"
"202000042306";"9";"3";"2020";"20:40";"5";"78";"78350";"1";"2";"2";"5";"SAINT GERMAIN (ROUTE DE)";"48,8721000";"2,1105000"
"202000042307";"10";"3";"2020";"18:00";"1";"77";"77284";"2";"1";"8";"6";"DUNANT (AVENUE HENRI)";"48,9463200";"2,8968200"
"202000042308";"9";"3";"2020";"17:35";"1";"74";"74012";"2";"1";"1";"3";"VERDUN (AVENUE DE)";"46,1860000";"6,2425600"
"202000042309";"9";"3";"2020";"18:05";"1";"74";"74012";"2";"1";"1";"7";"PETIT MALBRANDE (RUE DU)";"46,1902700";"6,2385000"
"202000042310";"9";"3";"2020";"17:51";"1";"72";"72181";"2";"1";"2";"2";"GENESLAY FELIX (AV) N° IMP 1 A 151";"47,9827200";"0,2104600"
"202000042311";"9";"3";"2020";"05:15";"5";"72";"72181";"2";"2";"1";"3";"EICHTHAL (RUE D')";"47,9997700";"0,1858000"
"202000042312";"9";"3";"2020";"17:20";"1";"71";"71270";"2";"1";"1";"6";"Route de Lyon";"46,2897073";"4,8123493"
"202000042313";"10";"3";"2020";"05:46";"5";"69";"69256";"2";"2";"2";"3";"MAURICE AUDIN                       (R )";"45,7773300";"4,9196500"
"202000042314";"10";"3";"2020";"17:40";"1";"69";"69096";"2";"1";"1";"2";"BERTHELOT (MARCELIN) (AV)";"45,5984200";"4,7836100"
"202000042315";"9";"3";"2020";"20:00";"5";"67";"67482";"2";"1";"1";"6";"FRANÇOIS MITTERRAND (AVENUE)";"48,5863125";"7,6959411"
"202000042316";"6";"2";"2020";"08:05";"1";"67";"67462";"2";"3";"7";"6";"PRESIDENT POINCARE (RUE DU)";"48,2572050";"7,4544780"
"202000042317";"10";"3";"2020";"07:50";"1";"67";"67180";"2";"2";"2";"3";"COLONEL ANDRE (RUE DU)";"48,8054284";"7,7794622"
"202000042318";"9";"3";"2020";"17:50";"1";"66";"66136";"2";"1";"1";"2";"Départementale 914";"42,6731900";"2,8895900"