"Num_Acc";"jour";"mois";"an";"hrmn";"lum";"dep";"com";"agg";"int";"atm";"col";"adr";"lat";"long"
"202000042319";"6";"3";"2020";"16:45";"1";"65";"65440";"2";"1";"3";"6";"Bd du Général de Lattre de Tassigny ";"43,2211880";"0,0601820"
"202000042320";"9";"3";"2020";"16:52";"1";"64";"64102";"2";"1";"1";"6";"Avenue Louis de Foix";"43,5065000";" -1,4673000"
"202000042321";"20";"2";"2020";"17:30";"1";"62";"62464";"1";"6";"3";"1";"VERMELLES (RTE DE)";"50,4868520";"2,8076930"
"202000042322";"10";"3";"2020";"10:30";"1";"62";"62178";"2";"1";"2";"6";"REPUBLIQUE ( DE LA )";"50,4779800";"2,5365790"
"202000042323";"10";"3";"2020";"21:40";"5";"62";"62160";"2";"9";"2";"2";"PIPOTS (Rue des)";"50,7231084";"1,6085023"
"202000042324";"8";"3";"2020";"13:00";"1";"58";"58194";"2";"1";"1";"3";"JEAN GEORGES";"46,9845000";"3,1601000"
"202000042325";"10";"3";"2020";"16:55";"1";"57";"57630";"2";"1";"1";"6";"IMLING (ROUTE D')";"48,7202500";"7,0365200"
"202000042326";"9";"3";"2020";"11:00";"1";"51";"51454";"2";"3";"1";"3";"Boulevard Saint Marceaux";"49,2519092";"4,0430909"
"202000042327";"6";"3";"2020";"14:10";"1";"50";"50129";"2";"3";"1";"4";"MILLET (AVENUE JEAN-FRANCOIS)";"49,6337600";" -1,6217300"
"202000042328";"9";"3";"2020";"20:38";"5";"49";"49007";"2";"1";"2";"1";"RONCERAY BOULEVARD";"47,4744400";" -0,5602000"
"202000042329";"9";"3";"2020";"07:29";"2";"49";"49007";"2";"1";"1";"3";"RABELAIS";"47,4583500";" -0,5450400"
"202000042330";"8";"3";"2020";"14:15";"1";"45";"45208";"2";"6";"8";"3";"R RENEE DE FRANCE- R DU PORT";"48,0003442";"2,7304727"
"202000042331";"9";"3";"2020";"23:20";"3";"44";"44184";"2";"1";"1";"7";"PICHON (RUE ADRIEN)";"47,2395500";" -2,2820600"
"202000042332";"10";"3";"2020";"13:00";"1";"41";"41018";"2";"1";"2";"6";"FRANCE (AVENUE DE)  1";"47,5989400";"1,3184300"
"202000042333";"7";"3";"2020";"20:10";"5";"38";"38185";"2";"1";"1";"6";"Avenue Edmond Esmonin";"45,1593500";"5,7263900"
"202000042334";"10";"3";"2020";"16:10";"1";"37";"37261";"2";"1";"2";"6";"MONGE (AVENUE)";"47,3556149";"0,7030499"
"202000042335";"10";"3";"2020";"10:20";"1";"37";"37261";"2";"1";"2";"6";"CHEVALLIER (RUE AUGUSTE)";"47,3748992";"0,6788916"
"202000042336";"10";"3";"2020";"08:40";"1";"37";"37261";"2";"1";"8";"6";"BERANGER (BOULEVARD)";"47,3899605";"0,6877534"
"202000042337";"10";"3";"2020";"10:00";"1";"35";"35051";"2";"1";"1";"2";"FREBARDIERE (RUE DE LA)";"48,1020827";" -1,6307213"
"202000042338";"9";"3";"2020";"08:15";"1";"34";"34172";"2";"1";"1";" -1";"ONZE NOVEMBRE (PLACE DU)";"43,6145400";"3,8831700"
"202000042339";"9";"3";"2020";"08:00";"1";"34";"34172";"2";"2";"1";"3";"DIACON (AVENUE EMILE)";"43,6288359";"3,8610533"
"202000042340";"10";"3";"2020";"21:35";"5";"33";"33119";"1";"3";"1";"2";"Boulevard de l'Entre-Deux-Mers / Boulevard Joliot Curie";"44,8465180";" -0,5376400"
"202000042341";"6";"3";"2020";"20:10";"5";"31";"31555";"2";"1";"2";"6";"51 Route de Narbonne";"43,5706800";"1,4546300"
"202000042342";"10";"3";"2020";"15:00";"1";"29";"29232";"2";"1";"2";"2";"Avenue de la Liberation";"47,9923875";" -4,0787816"
"202000042343";"28";"1";"2020";"17:59";"5";"29";"29039";"1";"5";"2";"7";"D22 - Rue de Kerose";"47,8741278";" -3,8983011"
"202000042344";"9";"3";"2020";"10:30";"1";"27";"27528";"2";"6";"1";"3";"VILLAGE (CHAUSSEE DU)";"49,2632600";"1,2115400"
"202000042345";"22";"2";"2020";"16:30";"1";"22";"22278";"2";"6";"1";"3";"AURORE (RD PT DE L')";"48,5132300";" -2,7382300"
"202000042346";"9";"3";"2020";"13:00";"1";"19";"19031";"2";"1";"1";"6";"ALSACE LORRAINE (AVENUE) JUSQU'A N° 55 ";"45,1558214";"1,5369358"
"202000042347";"7";"3";"2020";"12:55";"1";"19";"19031";"2";"1";"1";"3";"SEMARD (AVENUE PIERRE) JUSQU'A N° 73 - 6";"45,1569447";"1,5218496"
"202000042348";"6";"3";"2020";"16:00";"1";"19";"19031";"2";"1";"3";"6";"ROCHE (RUE MARCELIN)";"45,1647920";"1,5264480"
"202000042349";"25";"9";"2020";"17:28";"1";"69";"69176";"1";"1";"3";"1";"D30";"45,6929730";"4,6999070"
"202000042350";"25";"9";"2020";"16:00";"1";"69";"69040";"2";"1";"1";"2";"30 Avenue Général de Gaulle";"45,8061960";"4,7812160"
"202000042351";"24";"9";"2020";"08:50";"1";"61";"61104";"1";"4";"3";"3";"D51";"48,6111360";" -0,2556630"
"202000042352";"16";"9";"2020";"07:30";"1";"80";"80428";"1";"1";"1";"3";"A1, PK130+850 vers paris";"49,9530840";"2,8538060"
"202000042353";"24";"9";"2020";"16:55";"1";"13";"13210";"1";"1";"1";"2";"Tunnel Prado Carénage";"43,2350980";"5,3775390"
"202000042354";"24";"9";"2020";"08:25";"1";"33";"33063";"1";"1";"2";"7";"AUTOROUTE A 10";"44,8838700";" -0,5569800"
"202000042355";"23";"9";"2020";"22:00";"3";"59";"59343";"1";"1";"3";"6";"AUTOROUTE A1";"50,5891511";"3,0964413"
"202000042356";"24";"9";"2020";"19:00";"1";"94";"94021";"1";"1";"2";"3";"AUTOROUTE A6B";"48,7604813";"2,3391834"
"202000042357";"24";"9";"2020";"12:45";"1";"94";"94076";"1";"1";"1";"2";"AUTOROUTE A6B";"48,7930959";"2,3450828"
"202000042358";"24";"9";"2020";"13:50";"1";"92";"92002";"1";"1";"2";"4";"AUTOROUTE A10";"48,7305148";"2,3081803"
"202000042359";"24";"9";"2020";"06:50";"2";"91";"91377";"2";"9";"1";"6";"RN20";"48,7191000";"2,2989000"
"202000042360";"24";"9";"2020";"07:48";"1";"94";"94038";"1";"1";"1";"3";"AUTOROUTE A6A";"48,7774452";"2,3466316"
"202000042361";"24";"9";"2020";"00:01";"5";"94";"94037";"1";"1";"1";"5";"AUTOROUTE A6A";"48,8147544";"2,3361929"
"202000042362";"23";"9";"2020";"14:50";"1";"91";"91174";"1";"1";"1";"2";"RN 104";"48,6120000";"2,4488000"
"202000042363";"24";"9";"2020";"16:40";"1";"92";"92050";"1";"1";"1";"2";"A86";"48,9181388";"2,2227647"
"202000042364";"24";"9";"2020";"13:45";"1";"92";"92047";"1";"1";"2";"3";"A13";"48,8329115";"2,1582349"
"202000042365";"24";"9";"2020";"18:30";"3";"93";"93063";"1";"1";"2";"3";"AUTOROUTE A3";"48,8739700";"2,4380700"
"202000042366";"24";"9";"2020";"14:20";"1";"93";"93053";"1";"1";"2";"2";"AUTOROUTE A103";"48,8880800";"2,4723300"
"202000042367";"24";"9";"2020";"15:20";"1";"92";"92078";"1";"1";"2";"2";"AUTOROUTE A86";"48,9297500";"2,3275900"
"202000042368";"24";"9";"2020";"15:00";"1";"93";"93008";"1";"1";"2";"2";"AUTOROUTE A86";"48,9067400";"2,4573700"
"202000042369";"24";"9";"2020";"13:34";"3";"93";"93008";"1";"1";"1";"3";"AUTOROUTE A86";"48,9089500";"2,4490600"
"202000042370";"23";"9";"2020";"16:50";"1";"93";"93053";"1";"1";"2";"7";"AUTOROUTE A103";"48,8882600";"2,4724500"
"202000042371";"23";"9";"2020";"15:15";"1";"92";"92036";"1";"1";"8";"2";"AUTOROUTE A86";"48,9391000";"2,3054000"
"202000042372";"24";"9";"2020";"15:30";"1";"77";"77337";"1";"1";"2";"7";"A4";"48,8299810";"2,6185550"
"202000042373";"24";"9";"2020";"07:40";"1";"93";"93051";"1";"9";"1";"3";"A4";"48,8352900";"2,5755000"
"202000042374";"24";"9";"2020";"00:50";"3";"94";"94018";"1";"1";"2";"7";"A4";"48,8173000";"2,4551000"
"202000042375";"23";"9";"2020";"18:30";"2";"77";"77438";"1";"1";"2";" -1";"A104";"48,8667900";"2,6703780"
"202000042376";"6";"1";"2020";"11:05";"1";"91";"91114";"2";"9";"1";"3";"ROUTE NATIONALE 6";"48,7126519";"2,4422282"
"202000042377";"5";"1";"2020";"16:40";"1";"86";"86027";"2";"1";"1";"2";"Rocade Ouest";"46,5777303";"0,3149700"
"202000042378";"21";"7";"2020";"13:40";"1";"76";"76351";"2";"3";"1";"6";"SAINTE ADRESSE (DE)";"49,4995300";"0,0934700"
"202000042379";"1";"1";"2020";"04:40";"3";"84";"84007";"1";"1";"1";"1";"TARASCON ( Avenue de)";"43,9220876";"4,8092714"
"202000042380";"24";"1";"2020";"14:30";"1";"52";"52448";"2";"3";"1";"6";"FRANCE (RUE ANATOLE)";"48,6411400";"4,9614600"
"202000042381";"5";"1";"2020";"10:25";"1";"83";"83129";"2";"1";"1";"3";"GUILLEMARD (AV ROBERT) N° PAIRS";"43,0790200";"5,8175800"
"202000042382";"3";"1";"2020";"21:30";"5";"80";"80021";"2";"1";"1";"6";"ORATOIRE (RUE DE L')";"49,8933300";"2,3045900"
"202000042383";"23";"9";"2020";"16:40";"1";"974";"97416";"1";"1";"1";"5";"ANCIENNE RN 1";" -21,3230200";"55,4450200"
"202000042384";"23";"9";"2020";"14:30";"1";"973";"97302";"2";"1";"1";"3";"RABAN (ROUTE DE)";"4,9357789";" -52,3146200"
"202000042385";"6";"1";"2020";"09:15";"2";"78";"78551";"2";"2";"1";"7";"RN 184";"48,9394470";"2,0958830"
"202000042386";"23";"9";"2020";"20:50";"5";"69";"69383";"2";"2";"1";"1";"FELIX FAURE                         (AV)";"45,7530000";"4,8536000"
"202000042387";"23";"9";"2020";"16:15";"1";"69";"69388";"2";"3";"1";"3";"HERIDEAUX (DES)                     (R )";"45,7399700";"4,8609300"
"202000042388";"5";"1";"2020";"09:55";"1";"77";"77053";"2";"3";"1";"6";"MONGAZON (RUE DE)";"48,6912300";"2,6166600"
"202000042389";"25";"7";"2020";"20:45";"1";"75";"75118";"2";"4";"1";"6";"RUE JEAN COTTIN";"48,8953280";"2,3622170"
"202000042390";"6";"1";"2020";"08:45";"1";"77";"77237";"2";"1";"1";"2";"LAGNY  (RUE DE  ) - RD10";"48,8428450";"2,7505950"
"202000042391";"22";"9";"2020";"16:10";"1";"972";"97209";"2";"6";"1";"1";"RAVINE VILAINE (CHEMIN DEPARTEMENTAL DE)";"14,6447900";" -61,0592600"
"202000042392";"24";"9";"2020";"00:35";"5";"69";"69382";"2";"9";"1";"3";"AUGUSTE COMTE                       (R )";"45,7543000";"4,8309000"
"202000042393";"26";"7";"2020";"22:55";"5";"75";"75105";"2";"7";"1";"3";"PONT D AUSTERLITZ";"48,8442300";"2,3647710"
"202000042394";"6";"1";"2020";"09:10";"1";"77";"77237";"1";"4";"1";"2";"D10";"48,8295050";"2,7557550"
"202000042395";"23";"9";"2020";"12:20";"1";"2A";"2A004";"1";"1";"1";"4";"T20";"41,9439819";"8,8109794"
"202000042396";"27";"7";"2020";"03:10";"5";"75";"75120";"2";"7";"1";"6";"PLACE AUGUSTE METIVIER";"48,8632400";"2,3882600"
"202000042397";"6";"1";"2020";"08:50";"2";"77";"77037";"2";"1";"5";"6";"MOREAU DES TOURS (RUE)";"48,4695364";"2,6959255"
"202000042398";"23";"9";"2020";"15:10";"1";"95";"95539";"2";"1";"2";"3";"RHIN ET DANUBE (AVENUE )";"49,0030600";"2,3593500"
"202000042399";"5";"1";"2020";"18:27";"5";"76";"76351";"2";"2";"1";"3";"LENINGRAD (BD DE)";"49,4987400";"0,1592600"
"202000042400";"27";"7";"2020";"16:50";"1";"75";"75119";"2";"3";"1";"3";"AVENUE JEAN JAURES";"48,8845380";"2,3769320"
"202000042401";"22";"9";"2020";"19:35";"2";"95";"95197";"2";"3";"1";"3";"SAINT-DENIS (ROUTE)";"48,9654450";"2,3196060"
"202000042402";"23";"9";"2020";"05:45";"3";"91";"91223";"1";"1";"1";"6";"R.D.20";"48,4115800";"2,1272600"
"202000042403";"4";"1";"2020";"10:10";"1";"76";"76351";"2";"3";"1";"6";"VERDUN (RUE DE)";"49,5017700";"0,1542700"
"202000042404";"3";"1";"2020";"18:10";"5";"67";"67482";"2";"1";"1";"6";"JEAN JAURES (AVENUE)";"48,5704300";"7,7612400"
"202000042405";"22";"9";"2020";"07:00";"2";"91";"91333";"2";"3";"1";"6";"F.F.I. (PLACE DES)";"48,6147900";"2,2624100"
"202000042406";"21";"9";"2020";"16:15";"1";"91";"91425";"2";"7";"1";"6";"PARIS (RUE DE)";"48,6400000";"2,2700000"
"202000042407";"6";"1";"2020";"19:05";"5";"64";"64260";"2";"6";"1";"3";"HAPETENIA (RUE DE)";"43,3532819";" -1,7714167"
"202000042408";"27";"7";"2020";"13:10";"1";"75";"75113";"2";"4";"1";"5";"RUE DE TOLBIAC";"48,8256890";"2,3479990"
"202000042409";"6";"1";"2020";"17:30";"1";"64";"64483";"2";"1";"1";"2";"ASCAIN (ROUTE D')";"43,3750300";" -1,6377400"
"202000042410";"6";"1";"2020";"16:55";"1";"64";"64102";"2";"6";"1";"7";"giratoire des casques";"43,5080200";" -1,4881000"
"202000042411";"22";"9";"2020";"12:02";"1";"87";"87114";"2";"3";"2";"3";"BLUM (AVENUE LEON-)";"45,8323900";"1,3036900"
"202000042412";"3";"1";"2020";"23:03";"3";"63";"63164";"1";"1";"1";"6";"Malintrat ( route de )";"45,8142200";"3,1589000"
"202000042413";"18";"9";"2020";"17:40";"1";"87";"87085";"2";"1";"1";"6";"DUSSOUBS (PLACE DENIS)";"45,8329800";"1,2557500"
"202000042414";"27";"7";"2020";"20:20";"2";"75";"75111";"2";"2";"1";"3";"AVENUE PARMENTIER";"48,8616530";"2,3773230"
"202000042415";"5";"1";"2020";"10:55";"1";"63";"63113";"2";"2";"1";"3";"BLANZAT (RUE DE)";"45,7878372";"3,0844307"
"202000042416";"27";"9";"2020";"00:15";"5";"86";"86194";"2";"1";"1";"3";"Avenue John Kennedy";"46,5894190";"0,3599310"
"202000042417";"27";"7";"2020";"09:00";"1";"75";"75108";"2";"1";"1";"3";"RUE DE VIENNE";"48,8776040";"2,3222900"
"202000042418";"6";"1";"2020";"09:50";"1";"59";"59350";"2";"1";"7";"6";"GRAND BUT RUE DU";"50,6512600";"2,9750600"
"202000042419";"23";"7";"2020";"09:55";"1";"75";"75107";"2";"1";"1";"3";"QUAI BRANLY";"48,8587020";"2,2929960"
"202000042420";"3";"1";"2020";"22:30";"3";"49";"49267";"2";"1";"1";"2";"PUITS DES BOIS LIEU DIT";"47,4736400";" -0,4658500"
"202000042421";"23";"9";"2020";"21:30";"5";"83";"83069";"2";"3";"1";"3";"DE LATTRE DE TASSIGNY(BLD)";"43,1240400";"6,1476500"
"202000042422";"27";"7";"2020";"18:25";"1";"75";"75103";"2";"1";"7";"6";"RUE DE TURBIGO";"48,8865830";"2,3610410"
"202000042423";"23";"9";"2020";"16:25";"1";"83";"83069";"2";"1";"1";"3";"PERE ETERNEL (CHEMIN DU)";"43,1248000";"6,1503000"
"202000042424";"6";"1";"2020";"10:40";"1";"37";"37261";"2";"3";"1";"6";"ORATOIRE (RUE DE L')";"47,4123098";"0,6963585"
"202000042425";"22";"9";"2020";"13:20";"1";"80";"80256";"2";"1";"1";"7";"RN 1235";"49,9155800";"2,2291200"
"202000042426";"26";"7";"2020";"09:10";"1";"94";"94067";"2";"3";"1";"4";"GENERAL DE GAULLE (AV DU)";"48,8463800";"2,4177340"
"202000042427";"27";"7";"2020";"21:27";"2";"94";"94078";"2";"1";"1";"6";"PRESIDENT JOHN FITZGERALD KENNEDY (AV DU";"48,7353000";"2,4651400"
"202000042428";"22";"9";"2020";"10:52";"1";"80";"80021";"2";"1";"1";"6";"VALLEE (RUE DE LA )";"49,8922600";"2,3080000"
"202000042429";"6";"1";"2020";"18:40";"3";"35";"35051";"1";"1";"1";"2";"RN136";"48,1063900";" -1,5996600"
"202000042430";"22";"9";"2020";"18:30";"1";"80";"80021";"2";"3";"1";"3";"VULFRAN WARME (RUE)";"49,8873900";"2,3069700"
"202000042431";"27";"7";"2020";"20:25";"1";"94";"94017";"2";"9";"1";"5";"STALINGRAD (BD DE)";"48,8173588";"2,5092334"
"202000042432";"21";"9";"2020";"17:00";"1";"72";"72181";"2";"1";"1";"6";"MARIETTE (RUE DE LA) N° IMP 87 ET >";"47,9990100";"0,2085800"
"202000042433";"4";"1";"2020";"13:15";"1";"34";"34108";"1";"1";"1";"1";"MONTPELLIER (ROUTE DE)";"43,4703110";"3,7673750"
"202000042434";"22";"9";"2020";"19:45";"1";"71";"71153";"2";"1";"1";" -1";"Industrie ( Boulevard de l')";"46,7893400";"4,4443000"
"202000042435";"27";"7";"2020";"10:50";"1";"94";"94058";"2";"2";"1";"7";"MONTAIGNE (AV)";"48,8390258";"2,5086325"
"202000042436";"6";"1";"2020";"08:15";"1";"33";"33281";"2";"2";"5";"3";"AVE MONTESQUIEU / RUE DU JARD";"44,8471000";" -0,6389700"
"202000042437";"23";"9";"2020";"21:20";"5";"69";"69266";"2";"2";"1";"3";"ANTOINE PRIMAT     (Rue)";"45,7581700";"4,8933100"
"202000042438";"27";"7";"2020";"05:07";"3";"94";"94021";"2";"9";"1";"6";"Boulevard du Delta";"48,7586400";"2,3429000"
"202000042439";"22";"9";"2020";"17:30";"1";"67";"67482";"2";"1";"1";"1";"GERSTHEIM (RUE DE)";"48,5667000";"7,7810200"
"202000042440";"5";"1";"2020";"18:00";"1";"33";"33009";"2";"3";"9";"6";"Impasse Gambetta";"44,6619200";" -1,1684400"
"202000042441";"27";"7";"2020";"09:05";"1";"94";"94079";"2";"3";"7";"6";"ROBERT SCHUMAN (R)";"48,8228300";"2,5423500"
"202000042442";"5";"1";"2020";"02:40";"5";"31";"31555";"2";"1";"1";"6";"BD DE LA MARQUETTE";"43,6143900";"1,4333000"
"202000042443";"27";"7";"2020";"12:50";"1";"94";"94018";"2";"2";"1";"3";"PARIS (R DE)";"48,8258900";"2,4069100"
"202000042444";"22";"9";"2020";"12:35";"1";"67";"67482";"2";"3";"1";"3";"BALE (RUE DE)";"48,5694500";"7,7631100"
"202000042445";"2";"1";"2020";"13:55";"1";"30";"30189";"2";"3";"1";"3";"MARTEL CHARLES (RUE)";"43,8301000";"4,3590000"
"202000042446";"27";"7";"2020";"09:15";"1";"94";"94069";"2";"3";"1";"3";"SAINT MAURICE DU VALAIS (AV)";"48,8167000";"2,4597800"
"202000042447";"22";"9";"2020";"06:20";"3";"67";"67462";"1";"4";"1";"3";"EPFIG (ROUTE D)";"48,2853400";"7,4580300"
"202000042448";"23";"9";"2020";"17:45";"1";"65";"65251";"2";"7";"1";"3";"PYRENEES (RUE DES)";"43,2170000";"0,0714000"
"202000042449";"27";"7";"2020";"15:30";"1";"93";"93039";"2";"1";"1";"4";"CITE MARCEL PAUL";"48,9203700";"2,3282300"
"202000042450";"6";"1";"2020";"16:40";"1";"27";"27681";"2";"9";"1";"3";"JAURES (BOULEVARD JAURES)";"49,0957500";"1,4647300"
"202000042451";"27";"7";"2020";"05:00";"5";"93";"93066";"2";"2";"1";"3";"MOULIN JEAN (AVE) NR 10 A 20 ET  13 A 17";"48,9420004";"2,3653726"
"202000042452";"6";"1";"2020";"21:10";"5";"17";"17300";"2";"9";"1";"7";"CARNOT   AVENUE";"46,1649000";" -1,1836000"
"202000042453";"6";"1";"2020";"21:15";"5";"17";"17291";"2";"9";"1";"3";"RN 237";"46,1736230";" -1,1224480"
"202000042454";"27";"7";"2020";"09:25";"1";"93";"93051";"2";"2";"1";"3";"EMILE COSSONNEAU (AVE)";"48,8490000";"2,5697000"
"202000042455";"26";"7";"2020";"19:25";"1";"93";"93048";"2";"1";"1";"6";"PARIS (RUE DE)";"48,8562814";"2,4262819"
"202000042456";"6";"1";"2020";"15:30";"1";"15";"15014";"2";"1";"1";"2";"GAULLE (AVENUE CHARLES DE)";"44,9097550";"2,4247690"
"202000042457";"23";"9";"2020";"09:23";"1";"65";"65417";"2";"1";"1";"2";"MITTERRAND (AVENUE FRANCOIS)";"43,2297860";"0,0956900"
"202000042458";"27";"7";"2020";"16:15";"1";"93";"93046";"2";"1";"1";"1";"ROBERT SCHUMANN BOULEVARD";"48,9297143";"2,5528674"
"202000042459";"16";"8";"2020";"09:33";"1";"64";"64483";"2";"1";"1";"3";"ERROMARDIE (CHEMIN D')";"43,3975700";" -1,6441100"
"202000042460";"27";"7";"2020";"17:20";"1";"93";"93046";"2";"2";"1";"3";"JEAN JAURES BOULEVARD";"48,9206682";"2,5261366"
"202000042461";"22";"9";"2020";"08:54";"1";"64";"64102";"2";"1";"2";"2";"MAI 1945 (AVENUE DU 8)";"43,4683400";" -1,4907800"
"202000042462";"27";"7";"2020";"10:10";"1";"93";"93057";"2";"3";"1";"2";"BRIAND ( AV.  ARISTIDE) 93 A 175";"48,9095271";"2,5048737"
"202000042463";"6";"1";"2020";"13:45";"1";"14";"14215";"2";"2";"1";"3";"GROSSE TOUR (RUE DE LA )";"49,1898000";" -0,2656000"
"202000042464";"13";"9";"2020";"17:10";"1";"63";"63113";"2";"2";"1";"3";"BERTHELOT (BOULEVARD)";"45,7785575";"3,0721596"
"202000042465";"27";"7";"2020";"20:00";"1";"93";"93001";"2";"2";"1";"3";"WALDECK ROCHET (RUE)";"48,9127114";"2,3678284"
"202000042466";"12";"9";"2020";"14:50";"1";"62";"62033";"1";"3";"1";"3";"LILLE (RTE DE)";"50,4521386";"2,8742509"
"202000042467";"27";"7";"2020";"10:00";"1";"92";"92064";"2";"9";"1";"7";"CARNOT";"48,8459580";"2,2232516"
"202000042468";"18";"9";"2020";"21:30";"5";"62";"62427";"2";"1";"1";"6";"SEMARD (PL. PIERRE )";"50,4173140";"2,9521040"
"202000042469";"22";"9";"2020";"21:05";"5";"56";"56162";"2";"1";"2";"6";"SABLES BLANCS (BD DES)";"47,7280000";" -3,4940400"
"202000042470";"6";"1";"2020";"08:45";"1";"13";"13056";"2";"4";"1";"1";"ZOLA (Boulevard Emile)";"43,3994800";"5,0586600"
"202000042471";"26";"7";"2020";"19:30";"1";"92";"92063";"2";"2";"1";"3";"JUIN (AVENUE DU MARECHAL)";"48,8819300";"2,1836600"
"202000042472";"23";"9";"2020";"18:00";"1";"51";"51454";"2";"1";"1";"1";"Rue du Colonel Fabien";"49,2503813";"4,0204256"
"202000042473";"27";"7";"2020";"18:30";"1";"92";"92062";"2";"1";"1";"1";"PARVIS (LE)";"48,8900000";"2,2400000"
"202000042474";"7";"1";"2020";"01:05";"5";"13";"13213";"2";"9";"1";"3";"FRAIS VALLON (AVENUE)";"43,3250965";"5,4235186"
"202000042475";"6";"1";"2020";"11:40";"1";"13";"13202";"2";"1";"1";"3";"LAZARET (QUAI DU)";"43,3110900";"5,3673600"
"202000042476";"26";"7";"2020";"00:45";"5";"92";"92014";"2";"7";"2";"3";"GENERAL LECLERC (AV.) (135 A FIN - 134 A";"48,7767600";"2,3140100"
"202000042477";"22";"9";"2020";"18:00";"1";"51";"51454";"2";"3";"1";"5";"Rue de la 12e Escadre d’Aviation";"49,2841010";"4,0325960"
"202000042478";"6";"1";"2020";"18:36";"2";"06";"06029";"2";"1";"1";"3";"POESIE (AVENUE PIERRE)";"43,5523100";"6,9626900"
"202000042479";"28";"7";"2020";"05:40";"2";"18";"18287";"1";"1";"1";"7";"117 Route de Saint Bouize";"47,2821110";"2,8624530"
"202000042480";"23";"9";"2020";"10:05";"1";"45";"45234";"2";"1";"1";"3";"Place du General de Gaulle";"47,9011900";"1,9020400"
"202000042481";"25";"7";"2020";"21:45";"2";"18";"18272";"2";"1";"1";"1";"13 Route de Montigny";"47,2580250";"2,7550420"
"202000042482";"6";"1";"2020";"08:30";"1";"06";"06027";"2";"1";"1";"3";"ORANGERS AVENUE DES";"43,6589900";"7,1671200"
"202000042483";"22";"9";"2020";"13:35";"1";"45";"45068";"2";"2";"1";"3";"Avenue Jean Jaurès";"48,0129400";"2,7336400"
"202000042484";"28";"7";"2020";"10:16";"1";"64";"64243";"1";"1";"1";"1";"D945";"43,4670300";" -0,5237390"
"202000042485";"4";"9";"2020";"19:30";"2";"42";"42071";"2";"3";"1";"6";"Avenue de la République";"46,0282200";"4,0846300"
"202000042486";"4";"1";"2020";"21:02";"4";"05";"05061";"2";"6";"1";"3";"VEYNES ( AVENUE DE  )";"44,5578500";"6,0688000"
"202000042487";"5";"1";"2020";"18:10";"5";"03";"03310";"2";"1";"1";"6";"111 Boulevard des Etats-unis";"46,1258524";"3,4172912"
"202000042488";"27";"7";"2020";"18:15";"1";"64";"64254";"1";"1";"1";"5";"RD 945, Pk 009+200";"43,5024020";" -0,5851510"
"202000042489";"6";"1";"2020";"17:30";"2";"75";"75119";"2";"1";"1";" -1";"BD PERIPHERIQUE INTERIEUR";"48,8788743";"2,4079384"
"202000042490";"23";"9";"2020";"09:00";"1";"37";"37208";"2";"1";"1";" -1";"DE GAULLE (AV. DU GAL)";"47,3542540";"0,7209468"
"202000042491";"16";"7";"2020";"18:00";"1";"62";"62454";"2";"3";"1";"3";"Rue Neuve";"50,5651570";"2,6144770"
"202000042492";"11";"9";"2020";"13:52";"1";"37";"37261";"2";"1";"1";"6";"HEURTELOUP (BOULEVARD)";"47,3908342";"0,6942279"
"202000042493";"6";"1";"2020";"10:10";"1";"75";"75116";"2";"4";"1";"4";"BD PERIPHERIQUE EXTERIEUR";"48,8409446";"2,2539033"
"202000042494";"23";"9";"2020";"11:45";"1";"35";"35238";"2";"6";"2";"7";"GUILLOUX (LOUIS)";"48,1093500";" -1,6975400"
"202000042495";"28";"7";"2020";"04:19";"5";"91";"91363";"2";"1";"1";"7";"99 Rue Alfred Dubois";"48,6398540";"2,2416350"
"202000042496";"28";"7";"2020";"12:40";"1";"06";"06095";"2";"1";"1";"6";"Avenue de Peygros";"43,6258790";"6,8766050"
"202000042497";"6";"1";"2020";"06:50";"2";"75";"75114";"2";"1";"1";"3";"BP PERIPHERIQUE INTERIEUR";"48,8167880";"2,3389350"
"202000042498";"22";"9";"2020";"16:40";"1";"34";"34172";"2";"2";"2";"6";"SAINT CLEOPHAS (RUE)";"43,5978300";"3,8711800"
"202000042499";"21";"7";"2020";"15:39";"1";"58";"58086";"1";"6";"1";"6";"Cosne-Cours-sur-Loire";"47,3829290";"2,9242730"
"202000042500";"25";"7";"2020";"17:45";"1";"34";"34032";"2";"1";"7";"6";"ORNANO COLONEL D' (AV)";"43,3388400";"3,2097700"
"202000042501";"5";"1";"2020";"03:05";"5";"75";"75117";"2";"1";"1";"2";"BD PERIPHERIQUE INTERIEUR";"48,8989860";"2,3172920"
"202000042502";"28";"7";"2020";"00:05";"3";"62";"62422";"1";"1";"1";"6";"Rue de Sailly";"50,1237692";"2,6296832"
"202000042503";"27";"7";"2020";"17:30";"1";"61";"61205";"1";"1";"1";"6";"A28";"48,8608120";"0,3800260"
"202000042504";"23";"9";"2020";"12:45";"1";"33";"33063";"2";"2";"1";"3";"RUE LUCIEN FAURE / CRS DU RACCORDEMENT / RUE HENRI BRUNET";"44,8661000";" -0,5609600"
"202000042505";"4";"1";"2020";"12:20";"1";"75";"75120";"2";"1";"1";"4";"BD PERIPHERIQUE INTERIEUR";"48,8563440";"2,4139230"
"202000042506";"28";"7";"2020";"14:45";"1";"77";"77065";"1";"1";"7";"1";"22 Route de Melun - D372";"48,4644120";"2,5359210"
"202000042507";"23";"9";"2020";"12:35";"1";"33";"33063";"2";"2";"1";"2";"RUE GENERAL DE LARMINAT / PCE GAVINIES";"44,8334100";" -0,5942300"
"202000042508";"5";"1";"2020";"03:48";"3";"75";"75116";"2";"1";"1";"6";"ECHANGEUR PASSY";"48,8596820";"2,2625450"
"202000042509";"27";"7";"2020";"17:05";"1";"19";"19209";"1";"1";"1";"7";"La Font de Granier RD160";"45,5977901";"1,8681264"