"Num_Acc";"jour";"mois";"an";"hrmn";"lum";"dep";"com";"agg";"int";"atm";"col";"adr";"lat";"long"
"202000042706";"7";"1";"2020";"01:00";"3";"69";"69019";"1";"1";"1";"7";"Belleville-en-Beaujolais";"46,0914190";"4,7444750"
"202000042707";"7";"1";"2020";"12:35";"1";"13";"13051";"1";"1";"1";"6";"A7";"43,6168110";"5,1398650"
"202000042708";"26";"7";"2020";"13:15";"1";"64";"64024";"2";"3";"1";" -1";"BARRE (PROMENADE DE LA)";"43,5082200";" -1,5223400"
"202000042709";"7";"1";"2020";"12:30";"1";"13";"13051";"1";"1";"1";"2";"Autoroute A7, pk 242+050, sens sud/nord";"43,5887630";"5,1950330"
"202000042710";"25";"7";"2020";"12:20";"1";"64";"64102";"2";"1";"1";"3";"PLATANES (AVENUE DES)";"43,4878800";" -1,4741300"
"202000042711";"7";"1";"2020";"18:05";"1";"973";"97311";"2";"1";"1";"6";"Avenue Paul Castaing";"5,4745020";" -54,0331460"
"202000042712";"26";"7";"2020";"03:15";"3";"60";"60175";"1";"1";"3";"1";"RD 201_SORTIE RD 200 ACCES RD 201_PONT D";"49,2505300";"2,4577400"
"202000042713";"18";"9";"2020";"22:15";"5";"92";"92050";"2";"1";"1";"7";"REPUBLIQUE AVENUE DE LA";"48,9101618";"2,2188663"
"202000042714";"25";"7";"2020";"20:13";"1";"59";"59599";"2";"1";"2";"6";"PAPIN (CHAUSSEE DENIS)";"50,7350364";"3,1462273"
"202000042715";"5";"1";"2020";"08:17";"4";"05";"05073";"2";"1";"1";"7";"D942";"44,3200450";"5,8280690"
"202000042716";"28";"7";"2020";"11:30";"1";"38";"38185";"2";"1";"1";" -1";"Boulevard Maréchal Lyautey";"45,1856300";"5,7307400"
"202000042717";"26";"7";"2020";"14:23";"1";"37";"37261";"2";"1";"1";"6";"COMTE (RUE AUGUSTE)";"47,3875461";"0,6917044"
"202000042718";"26";"7";"2020";"14:45";"1";"35";"35238";"2";"2";"1";"3";"MITTERAND (MAIL FRANCOIS)";"48,1085600";" -1,6929300"
"202000042719";"25";"7";"2020";"13:50";"1";"29";"29051";"2";"6";"3";"7";"Rond Point du Rouillen";"47,9937700";" -4,0672300"
"202000042720";"22";"9";"2020";"09:40";"1";"92";"92026";"2";"1";"1";"3";"BOULEVARD CIRCULAIRE";"48,8880941";"2,2513765"
"202000042721";"6";"1";"2020";"07:39";"3";"57";"57251";"1";"1";"5";"6";"Route de pagny";"48,9820590";"6,2164590"
"202000042722";"6";"1";"2020";"21:12";"1";"38";"38340";"2";"1";"1";"6";"Avenue de la Gare";"45,4516000";"4,7684810"
"202000042723";"26";"7";"2020";"15:00";"1";"18";"18279";"2";"1";"1";"6";"BRUNET (RUE ARMAND)";"47,2218300";"2,0694800"
"202000042724";"6";"1";"2020";"17:15";"2";"38";"38412";"1";"1";"1";"7";"Route de Miribel";"45,4048500";"5,7197900"
"202000042725";"23";"7";"2020";"16:51";"1";"18";"18267";"2";"1";"1";"3";"CHATEAUNEUF (ROUTE DE)";"47,0589860";"2,3772063"
"202000042726";"26";"7";"2020";"22:15";"2";"17";"17300";"2";"1";"1";"6";"HERAULT DE SECHELLES   RUE";"46,1530400";" -1,1229800"
"202000042727";"6";"1";"2020";"15:45";"1";"01";"01160";"2";"1";"1";"3";"Chemin du Levant";"46,2601250";"6,1149320"
"202000042728";"26";"7";"2020";"21:50";"5";"13";"13103";"2";"1";"1";"6";"RUE DE SOFIA";"43,6504091";"5,1045053"
"202000042729";"26";"7";"2020";"19:35";"1";"13";"13208";"2";"6";"1";"3";"pointe rouge (ave)";"43,2464800";"5,3737800"
"202000042730";"6";"1";"2020";"18:45";"3";"69";"69037";"1";"1";"8";"3";"D385";"46,0302155";"4,4972191"
"202000042731";"26";"7";"2020";"07:50";"1";"13";"13005";"2";"9";"1";"7";"RN 8";"43,2837900";"5,5946900"
"202000042732";"6";"1";"2020";"17:30";"2";"17";"17421";"2";"3";"1";"1";"Voie des Pinsons";"45,6797810";" -0,9313350"
"202000042733";"25";"7";"2020";"10:50";"1";"11";"11069";"2";"6";"1";"3";"ROCADE OUEST";"43,2030470";"2,3142210"
"202000042734";"6";"1";"2020";"13:30";"1";"49";"49260";"1";"1";"8";"7";"Lieu Dit la Lisiere";"47,0459760";" -1,0356790"
"202000042735";"23";"9";"2020";"20:00";"5";"92";"92026";"2";"1";"2";"6";"LOUIS BLANC ( RUE )";"48,8918973";"2,2529136"
"202000042736";"26";"7";"2020";"20:15";"2";"06";"06088";"2";"1";"1";"5";"MONT-BORON (BD DU) (A PARTIR DU 66-73)";"43,6988710";"7,2951950"
"202000042737";"23";"9";"2020";"18:05";"1";"92";"92026";"2";"1";"2";"3";"PAIX";"48,9024637";"2,2656117"
"202000042738";"23";"9";"2020";"19:50";"5";"92";"92025";"2";"1";"2";"6";"CHARLES DE GAULLE (BD)";"48,9096260";"2,2358170"
"202000042739";"25";"7";"2020";"02:55";"5";"75";"75120";"2";"4";"1";"3";"BOULEVARD PERIPHERIQUE";"48,8614660";"2,4139460"
"202000042740";"6";"1";"2020";"17:45";"5";"50";"50230";"1";"1";"2";"1";"La Longue Chasse";"49,5902900";" -1,6363930"
"202000042741";"23";"9";"2020";"09:39";"1";"92";"92025";"2";"3";"1";"3";"STALINGRAD (AV DE)";"48,9282926";"2,2702606"
"202000042742";"26";"7";"2020";"00:30";"5";"75";"75105";"2";"3";"2";"3";"BOULEVARD DE L HOPITAL";"48,8418470";"2,3631780"
"202000042743";"7";"1";"2020";"18:00";"3";"59";"59638";"1";"1";"1";"1";"D93";"50,5786996";"3,2713486"
"202000042744";"26";"7";"2020";"16:00";"1";"75";"75117";"2";"3";"1";"3";"AVENUE DE SAINT OUEN";"48,8916080";"2,3269636"
"202000042745";"6";"1";"2020";"09:13";"1";"13";"13071";"1";"1";"1";"3";"A7-Sens Marseille vers Lyon";"43,4067711";"5,2909905"
"202000042746";"23";"9";"2020";"15:50";"1";"971";"97109";"1";"1";"1";"4";"Grand Camp";"16,0016135";" -61,6973186"
"202000042747";"26";"7";"2020";"11:40";"1";"75";"75117";"2";"5";"1";"3";"RUE DE PRONY";"48,8839710";"2,3002960"
"202000042748";"24";"9";"2020";"08:45";"1";"69";"69100";"2";"1";"2";"3";"13 rue du stade";"45,6901490";"4,8233330"
"202000042749";"6";"1";"2020";"08:45";"1";"13";"13005";"1";"1";"1";"2";"A50-Sens Aubagne vers Marseille";"43,2855600";"5,5276400"
"202000042750";"26";"7";"2020";"00:55";"5";"75";"75116";"2";"2";"3";"6";"ROUTE DE SURESNES";"48,8634710";"2,2393690"
"202000042751";"23";"9";"2020";"02:30";"3";"57";"57055";"1";"1";"1";"6";"D71";"49,0642150";"6,3902400"
"202000042752";"6";"1";"2020";"09:05";"1";"13";"13005";"1";"1";"1";"3";"A502-Sens Aubagne vers Toulon par R.N.";"43,2837600";"5,5878510"
"202000042753";"23";"7";"2020";"11:30";"1";"75";"75116";"2";"1";"1";"6";"ROUTE DE LA MUETTE A NEUILLY";"48,8796710";"2,2588160"
"202000042754";"26";"7";"2020";"20:05";"2";"75";"75112";"2";"1";"1";"6";"AVENUE DE NOGENT";"48,8443590";"2,4414660"
"202000042755";"24";"9";"2020";"12:00";"1";"76";"76400";"2";"3";"7";"5";"RUE GÉNÉRAL DE GAULLE";"49,8209340";"0,9112970"
"202000042756";"5";"1";"2020";"20:20";"3";"93";"93064";"1";"1";"1";"4";"AUTOROUTE A86";"48,8792500";"2,4760400"
"202000042757";"25";"7";"2020";"20:55";"5";"75";"75109";"2";"3";"1";"6";"RUE DE CLICHY";"48,8812940";"2,3284610"
"202000042758";"5";"1";"2020";"11:45";"1";"93";"93064";"1";"1";"1";"3";"AUTOROUTE A3";"48,8850200";"2,4716900"
"202000042759";"24";"9";"2020";"15:35";"1";"79";"79109";"1";"1";"2";"1";"N/A";"46,3885040";" -0,4265360"
"202000042760";"26";"7";"2020";"22:15";"3";"75";"75108";"2";"7";"1";"2";"PLACE DE LA CONCORDE";"48,8652190";"2,3218820"
"202000042761";"22";"9";"2020";"12:00";"1";"80";"80639";"1";"1";"1";"3";"RN25";"49,9587990";"2,3118930"
"202000042762";"24";"9";"2020";"08:50";"1";"63";"63352";"2";"2";"1";"3";"56 Route de Brioude";"45,4550210";"3,2396530"
"202000042763";"26";"7";"2020";"16:43";"1";"75";"75107";"2";"3";"1";"2";"QUAI BRANLY";"48,8605480";"2,2956180"
"202000042764";"23";"9";"2020";"18:45";"1";"49";"49378";"1";"3";"2";"3";"Intersection D347 et rue de la Russie";"47,3336130";" -0,0633510"
"202000042765";"26";"7";"2020";"00:35";"5";"75";"75107";"2";"3";"3";"3";"PONT DE L ALMA";"48,8628780";"2,3017010"
"202000042766";"23";"9";"2020";"10:00";"1";"46";"46176";"2";"1";"2";"6";"D653";"44,6481890";"1,8462880"
"202000042767";"26";"7";"2020";"16:00";"1";"75";"75104";"2";"3";"1";"6";"RUE SAINT ANTOINE";"48,8550590";"2,3616880"
"202000042768";"4";"1";"2020";"21:30";"5";"93";"93066";"1";"1";"1";"5";"AUTOROUTE A1";"48,9227300";"2,3572800"
"202000042769";"25";"7";"2020";"00:20";"5";"75";"75102";"2";"2";"8";"3";"RUE DE TURBIGO";"48,8644210";"2,3515180"
"202000042770";"21";"9";"2020";"20:45";"3";"47";"47313";"1";"1";"2";"7";"Plaisir";"44,5133850";"0,4263000"
"202000042771";"6";"1";"2020";"05:50";"1";"988";"98818";"2";"9";"1";"3";"VE1/JACQUES IEKAWE";" -22,2253700";"166,4808300"
"202000042772";"26";"7";"2020";"15:20";"1";"94";"94074";"2";"2";"1";"3";"PARMENTIER (R)";"48,7650200";"2,4455800"
"202000042773";"23";"9";"2020";"18:50";"2";"68";"68082";"2";"9";"1";"3";"Rue de Pulversheim";"47,8591740";"7,3410400"
"202000042774";"26";"7";"2020";"15:42";"1";"94";"94073";"2";"1";"1";"2";"FONTAINEBLEAU - CAR BELLE EPINE (AV DE)";"48,7585860";"2,3688380"
"202000042775";"24";"9";"2020";"14:00";"1";"29";"29191";"1";"1";"2";"6";"Lezoen";"48,5390320";" -3,7098269"
"202000042776";"26";"7";"2020";"04:23";"5";"94";"94028";"2";"1";"2";"6";"HALPERN.(AVENUE BERNARD)";"48,7904990";"2,4495050"
"202000042777";"23";"9";"2020";"13:55";"1";"29";"29117";"1";"1";"1";"6";"Lieu-dit Milin Al Len";"48,5620850";" -4,5206860"
"202000042778";"25";"7";"2020";"20:15";"1";"93";"93078";"2";"6";"1";"7";"AV DE LA GARE";"48,9454500";"2,5665800"
"202000042779";"24";"9";"2020";"10:35";"1";"38";"38561";"1";"1";"1";"6";"Route de Montfalcon";"45,2848200";"5,1938560"
"202000042780";"5";"1";"2020";"19:05";"5";"69";"69383";"2";"3";"1";"3";"ABONDANCE (DE L')                   (R )";"45,7536600";"4,8531200"
"202000042781";"26";"7";"2020";"00:05";"5";"93";"93051";"2";"1";"2";"6";"NORMANDIE (AVENUE)";"48,8262454";"2,5660761"
"202000042782";"5";"1";"2020";"05:20";"5";"69";"69387";"2";"2";"1";" -1";"BERTHELOT                           (AV)";"45,7451600";"4,8419400"
"202000042783";"24";"9";"2020";"12:30";"1";"70";"70267";"1";"1";"2";"1";"D54";"47,8000340";"5,9450160"
"202000042784";"5";"1";"2020";"19:30";"5";"69";"69389";"2";"1";"1";"3";"PIERRE AUDRY                        (R )";"45,7620299";"4,8084379"
"202000042785";"26";"7";"2020";"02:25";"5";"93";"93001";"2";"1";"2";"1";"REPUBLIQUE (AVE DE LA ) => NO 41/50";"48,9104047";"2,3854340"
"202000042786";"5";"1";"2020";"13:00";"1";"2A";"2A004";"2";"9";"1";"7";"MARECHAL JUIN AVENUE";"41,9402200";"8,7530700"
"202000042787";"25";"7";"2020";"16:15";"1";"92";"92064";"2";"2";"1";"2";"PLACE CLEMENCEAU";"48,8415185";"2,2215919"
"202000042788";"8";"2";"2020";"16:15";"1";"13";"13051";"1";"1";"1";"6";"D19";"43,5824990";"5,1955960"
"202000042789";"23";"9";"2020";"23:45";"4";"14";"14229";"2";"6";"8";"6";"15 Grande Rue";"49,2338140";" -0,0383310"
"202000042790";"25";"7";"2020";"12:00";"1";"01";"01074";"1";"1";"1";"5";"D7";"46,0181250";"5,1431470"
"202000042791";"4";"1";"2020";"19:41";"5";"2A";"2A004";"2";"1";"1";"3";"SAMPIERO BD";"41,9243116";"8,7390435"
"202000042792";"8";"2";"2020";"19:15";"5";"78";"78043";"2";"1";"2";"6";"18 Rue de Maule";"48,8410900";"2,0759390"
"202000042793";"26";"7";"2020";"18:45";"1";"73";"73330";"2";"1";"1";"3";"D921- Ameysins";"45,6938394";"5,7555918"
"202000042794";"6";"1";"2020";"00:05";"3";"95";"95019";"2";"2";"1";"5";"rue Henri Barbusse";"48,9842180";"2,4176550"
"202000042795";"26";"7";"2020";"23:25";"3";"95";"95480";"2";"1";"1";"7";"Rue de la Cavee de Neuville";"49,1326370";"2,2022710"
"202000042796";"25";"7";"2020";"15:50";"1";"88";"88120";"1";"1";"1";"3";"D23";"48,2103820";"7,0409600"
"202000042797";"8";"2";"2020";"05:30";"3";"30";"30169";"1";"1";"1";"4";"A9";"43,8011460";"4,3128200"
"202000042798";"4";"1";"2020";"23:50";"5";"91";"91326";"2";"1";"1";"6";"GAULOIS (RUE DES)";"48,6888090";"2,3804940"
"202000042799";"24";"9";"2020";"04:30";"5";"90";"90053";"2";"3";"1";" -1";"Rue General Leclerc";"47,5385360";"6,9716840"
"202000042800";"25";"7";"2020";"20:05";"1";"14";"14096";"1";"1";"2";"6";"D165";"48,9968102";" -0,8095223"
"202000042801";"7";"2";"2020";"16:25";"1";"30";"30344";"1";"1";"1";"7";"A9";"43,7489010";"4,2368600"
"202000042802";"23";"9";"2020";"18:05";"1";"90";"90065";"1";"1";"1";"7";"Route du Ballon d'Alsace";"47,7993620";"6,8394400"
"202000042803";"25";"7";"2020";"11:35";"1";"68";"68156";"1";"1";"1";"2";"D83";"47,8842480";"7,2538950"
"202000042804";"5";"1";"2020";"01:45";"1";"86";"86194";"2";"1";"1";"7";"Rue de la Roche";"46,5877600";"0,3303600"
"202000042805";"7";"2";"2020";"05:30";"3";"69";"69077";"1";"1";"5";" -1";"A6";"46,1446701";"4,7691424"
"202000042806";"1";"9";"2020";"14:00";"1";"45";"45175";"2";"1";"1";"7";"Rue de Chevenelles";"47,7526260";"1,8218850"
"202000042807";"26";"7";"2020";"05:30";"2";"72";"72187";"1";"1";"1";"6";"D284";"47,7966670";"0,3435370"
"202000042808";"5";"1";"2020";"17:30";"1";"83";"83137";"2";"2";"1";"3";"NARDI (AVE FRANCOIS)";"43,1161000";"5,9607100"
"202000042809";"24";"9";"2020";"17:30";"1";"18";"18097";"1";"1";"2";"1";"Lieu Dit Detry";"47,1491770";"2,4367330"
"202000042810";"6";"2";"2020";"18:45";"3";"13";"13112";"1";"1";"1";"4";"870 Ancien Chemin de la Degaye";"43,5196450";"5,2277330"
"202000042811";"8";"2";"2020";"02:45";"5";"976";"97608";"2";"1";"1";"7";"Route Nationale 4";" -12,7855990";"45,2606250"
"202000042812";"21";"9";"2020";"15:55";"1";"43";"43213";"1";"1";"8";"7";"D451";"45,2558498";"4,2879295"
"202000042813";"26";"7";"2020";"20:00";"1";"85";"85064";"1";"1";"1";"1";"Sainte-Anne";"46,8250000";" -1,1951300"
"202000042814";"5";"1";"2020";"18:00";"4";"69";"69290";"2";"2";"1";"3";"PORTE DES ALPES (DE LA) - BD URBAIN (BD)";"45,7149900";"4,9255100"
"202000042815";"27";"7";"2020";"20:20";"1";"83";"83057";"1";"1";"1";"6";"D13";"43,3872320";"6,2125580"
"202000042816";"23";"9";"2020";"14:15";"1";"21";"21349";"1";"3";"7";"3";"D15";"47,2069750";"4,2689770"
"202000042817";"7";"2";"2020";"23:30";"5";"973";"97311";"2";"3";"1";"3";"Avenue Hector Rivierez";"5,4993670";" -54,0311160"
"202000042818";"5";"1";"2020";"12:50";"1";"45";"45284";"2";"1";"1";"6";"RUE PIERRE LOUGUET";"47,9083000";"1,9412900"
"202000042819";"24";"7";"2020";"19:00";"1";"57";"57579";"1";"1";"1";"6";"Parc Animalier de Sainte-Croix (Zoo)";"48,7724540";"6,8927620"
"202000042820";"23";"9";"2020";"14:25";"1";"28";"28304";"1";"1";"1";"2";"N154";"48,2833050";"1,7278170"
"202000042821";"7";"2";"2020";"16:30";"1";"977";"97701";"2";"9";"1";"3";"grand cul de sac";"17,9049970";" -62,8016920"
"202000042822";"5";"1";"2020";"09:11";"1";"38";"38169";"2";"1";"1";"2";"BOULEVARD JOLIOT-CURIE";"45,1978100";"5,6930600"
"202000042823";"23";"9";"2020";"17:00";"1";"37";"37061";"1";"1";"2";"6";"N/A";"46,8781767";"0,9530598"
"202000042824";"27";"7";"2020";"08:30";"1";"19";"19164";"2";"7";"7";"6";"5 Place de la Fontaine";"45,7040014";"2,0535054"
"202000042825";"7";"2";"2020";"18:45";"3";"41";"41085";"1";"1";"1";"6";"Route de Chambord";"47,6492870";"1,6629480"
"202000042826";"4";"1";"2020";"19:40";"4";"37";"37214";"2";"1";"1";"7";"GAGNERIE (RUE DE LA)";"47,4270589";"0,6442739"
"202000042827";"5";"1";"2020";"14:00";"1";"34";"34172";"2";"1";"1";"7";"DOMITIENNE (VOIE)";"43,6226800";"3,8605300"
"202000042828";"24";"9";"2020";"10:45";"1";"37";"37132";"1";"1";"1";"1";"N/A";"47,0931776";"0,9546757"
"202000042829";"24";"7";"2020";"10:30";"1";"59";"59433";"1";"1";"1";" -1";"4 Route de Bergues";"50,7978250";"2,2828820"
"202000042830";"7";"2";"2020";"17:40";"1";"77";"77388";"2";"1";"1";"3";"54 Rue du 8 Mai 1945 - D402";"48,9606720";"3,1456920"
"202000042831";"26";"7";"2020";"04:00";"3";"67";"67019";"1";"1";"2";"6";"D209";"48,2502160";"7,5237300"
"202000042832";"8";"2";"2020";"10:15";"1";"34";"34213";"1";"1";"1";"2";"D613";"43,4710860";"3,6786410"
"202000042833";"24";"9";"2020";"07:45";"1";"30";"30249";"1";"1";"1";"1";"route départementale  40";"43,8029120";"4,2178490"
"202000042834";"26";"1";"2020";"08:20";"1";"33";"33039";"2";"3";"2";"4";"BD ALBERT 1ER / RUE MARC SANGNIER";"44,8132900";" -0,5555100"
"202000042835";"27";"7";"2020";"11:40";"1";"65";"65200";"1";"1";"1";"7";"Chemin des Ardoisières";"43,0485380";"0,0635580"
"202000042836";"23";"9";"2020";"16:45";"1";"38";"38172";"1";"1";"1";"1";"Voie Gallo-romaine";"45,5981180";"5,1858420"
"202000042837";"3";"2";"2020";"15:45";"1";"34";"34145";"2";"2";"1";" -1";"207 Avenue du General de Gaulle";"43,6771410";"4,1406440"
"202000042838";"26";"7";"2020";"20:15";"1";"32";"32319";"1";"1";"7";"6";"Rue de l'Adour";"43,6015350";"0,0333340"
"202000042839";"5";"1";"2020";"18:38";"5";"13";"13203";"2";"1";"1";"3";"FORBIN (RUE DE)";"43,3063140";"5,3725620"
"202000042840";"5";"1";"2020";"03:50";"5";"13";"13001";"2";"1";"1";"7";"BRIAND ARISTIDE (BD)";"43,5324410";"5,4500400"
"202000042841";"23";"9";"2020";"18:20";"1";"42";"42279";"1";"6";"1";"3";"Route de Bonson";"45,5158500";"4,2293070"
"202000042842";"21";"7";"2020";"16:30";"1";"63";"63414";"1";"1";"1";"6";"Sauviat";"45,7167694";"3,5818455"
"202000042843";"5";"1";"2020";"18:00";"5";"06";"06029";"2";"1";"1";"3";"MAUBERT (RONT POINT GAL)";"43,5513200";"7,0298800"
"202000042844";"7";"2";"2020";"21:00";"3";"57";"57082";"1";"1";"1";"2";"D24";"49,0584650";"6,7943840"
"202000042845";"5";"1";"2020";"16:10";"1";"75";"75113";"2";"1";"1";"3";"BD PERIPHERIQUE INTERIEUR";"48,8161510";"2,3611500"
"202000042846";"26";"7";"2020";"22:30";"3";"63";"63261";"1";"1";"1";"1";"D9";"45,5632940";"3,2852150"
"202000042847";"23";"9";"2020";"17:37";"1";"57";"57468";"1";"1";"1";"2";"RN4 - PR 31+800 - sens ""SARREBOURG-PHALSBOURG""";"48,7649450";"7,2243260"
"202000042848";"7";"2";"2020";"20:15";"3";"38";"38341";"1";"1";"1";"1";"Route de Laval";"45,5818200";"5,4331200"
"202000042849";"5";"1";"2020";"14:05";"1";"75";"75115";"2";"1";"8";"3";"RUE DE VAUGIRARD";"48,8440720";"2,3163680"
"202000042850";"26";"7";"2020";"17:25";"1";"63";"63132";"1";"1";"1";"6";"D225";"45,6248200";"3,5554220"
"202000042851";"24";"9";"2020";"10:15";"1";"06";"06088";"1";"1";"1";"3";"A8 PK 198+600 SUD";"43,7316250";"7,2686600"
"202000042852";"6";"2";"2020";"18:30";"2";"26";"26347";"2";"1";"1";"6";"12 Avenue du President Roosevelt";"45,0684980";"4,8443280"
"202000042853";"27";"7";"2020";"17:15";"1";"49";"49067";"1";"1";"1";"7";"D191";"47,6768750";" -0,6510260"
"202000042854";"5";"1";"2020";"17:50";"5";"75";"75120";"2";"2";"1";"3";"RUE DE BAGNOLET";"48,8575840";"2,3993270"
"202000042855";"23";"9";"2020";"20:04";"1";"91";"91111";"1";"1";"8";" -1";"A10";"48,6190380";"2,1298890"
"202000042856";"26";"7";"2020";"00:30";"3";"49";"49331";"1";"3";"2";"3";"RN 162";"47,7227250";" -0,7089600"
"202000042857";"8";"2";"2020";"16:40";"1";"26";"26084";"1";"1";"1";"5";"D143";"44,9873850";"4,9471090"
"202000042858";"5";"1";"2020";"18:30";"5";"75";"75118";"2";"2";"1";"3";"BOULEVARD BARBES";"48,8894958";"2,3495947"
"202000042859";"27";"7";"2020";"15:40";"1";"42";"42298";"1";"1";"1";"7";"Epinasse Nord";"45,6808010";"3,9050170"
"202000042860";"19";"9";"2020";"10:25";"1";"988";"98817";"1";"3";"1";"6";"LA CORNICHE DU MONT DORE";" -22,2759620";"166,6224400"
"202000042861";"27";"7";"2020";"03:00";"3";"42";"42023";"1";"1";"1";"6";"D1082";"45,3079910";"4,5395420"
"202000042862";"5";"1";"2020";"00:45";"5";"75";"75118";"2";"2";"1";"2";"RUE RIQUET";"48,8896940";"2,3681280"
"202000042863";"30";"1";"2020";"18:15";"5";"69";"69067";"2";"8";"2";"3";"La Giraudière";"45,7505910";"4,5499810"
"202000042864";"24";"7";"2020";"10:00";"1";"46";"46239";"1";"1";"1";"3";"D43";"44,8645160";"1,4365160"
"202000042865";"8";"2";"2020";"13:00";"1";"46";"46102";"1";"1";"1";"1";"D840";"44,6074880";"2,0510150"
"202000042866";"3";"1";"2020";"13:35";"1";"75";"75118";"2";"2";"1";"3";"RUE ORDENER";"48,8915640";"2,3495990"
"202000042867";"27";"7";"2020";"13:05";"1";"47";"47320";"1";"1";"7";"1";"D108";"44,2957840";"0,2140620"
"202000042868";"11";"7";"2020";"09:45";"1";"22";"22347";"1";"9";"1";"3";"Rue de Traou Meur";"48,7840770";" -3,2115970"
"202000042869";"7";"2";"2020";"17:55";"1";"17";"17452";"2";"1";"1";"6";"Zac des Brégaudières (Zone commerciale)";"45,7591030";" -1,1269350"
"202000042870";"26";"7";"2020";"17:00";"1";"44";"44064";"1";"1";"1";"6";"RD59";"47,1024709";" -1,3115112"
"202000042871";"5";"1";"2020";"19:04";"5";"75";"75117";"2";"3";"1";"3";"AVENUE DE CLICHY";"48,8905900";"2,3201860"
"202000042872";"8";"2";"2020";"13:50";"1";"60";"60103";"1";"1";"2";"7";"D34";"49,4122290";"2,2474497"
"202000042873";"24";"9";"2020";"11:40";"1";"77";"77099";"1";"3";"1";"3";"D207";"48,1591580";"2,7095560"
"202000042874";"25";"7";"2020";"14:25";"1";"29";"29008";"1";"1";"2";"1";"Lieu Dit Kerbalannec";"48,0756850";" -4,4491620"
"202000042875";"4";"1";"2020";"17:40";"5";"75";"75117";"2";"1";"1";" -1";"RUE DE COURCELLES";"48,8799539";"2,3023519"
"202000042876";"26";"7";"2020";"19:35";"2";"38";"38175";"2";"1";"1";"2";"Boulevard de la Republique";"45,2705800";"5,9221530"
"202000042877";"5";"1";"2020";"10:20";"1";"75";"75116";"2";"1";"8";"3";"AVENUE FOCH";"48,8736950";"2,2937720"
"202000042878";"24";"9";"2020";"11:45";"1";"13";"13073";"2";"4";"1";"3";"24 Route Nationale N 8 Bis";"43,3853780";"5,5594520"
"202000042879";"26";"7";"2020";"23:00";"3";"02";"02258";"1";"1";"1";"6";"D83";"49,1388770";"3,1741050"
"202000042880";"5";"1";"2020";"03:10";"5";"75";"75116";"2";"1";"1";" -1";"ALLEE DE LONGCHAMP";"48,8686420";"2,2536620"
"202000042881";"24";"9";"2020";"10:20";"1";"71";"71238";"1";"1";"1";"1";"D 982";"46,2142480";"4,0606450"
"202000042882";"24";"7";"2020";"21:45";"5";"70";"70561";"2";"1";"1";"6";"rue de la colombière";"47,5527550";"6,4320870"
"202000042883";"5";"1";"2020";"19:15";"5";"75";"75113";"2";"1";"1";"3";"RUE DE TOLBIAC";"48,8294530";"2,3747105"
"202000042884";"26";"7";"2020";"19:50";"1";"50";"50044";"1";"1";"1";"6";"D52";"49,0670060";" -1,3458040"
"202000042885";"7";"2";"2020";"08:00";"1";"59";"59285";"1";"1";"7";"1";"D88";"50,2727200";"3,4320690"
"202000042886";"27";"7";"2020";"14:30";"1";"16";"16064";"1";"1";"1";"1";"N/A";"45,9348370";"0,8796840"
"202000042887";"7";"2";"2020";"14:20";"1";"13";"13215";"1";"1";"1";"3";"A7-Sens Marseille vers Lyon";"43,3779000";"5,3578000"
"202000042888";"27";"7";"2020";"15:30";"1";"07";"07080";"1";"1";"1";"7";"RD9";"45,0635940";"4,3935010"
"202000042889";"25";"7";"2020";"01:55";"3";"24";"24520";"2";"1";"1";"6";"Pechs Planchou";"44,9255230";"1,2021020"
"202000042890";"7";"2";"2020";"09:15";"1";"13";"13071";"1";"1";"1";"2";"A55 - Sens Marseille vers Martigues";"43,3758010";"5,3190020"
"202000042891";"24";"9";"2020";"08:45";"1";"74";"74222";"1";"1";"8";"1";"D902";"46,3310910";"6,5811650"
"202000042892";"26";"7";"2020";"09:40";"1";"85";"85143";"1";"1";"1";"7";"La Grande Perrure";"46,5115200";" -0,7405800"
"202000042893";"23";"9";"2020";"19:15";"1";"22";"22093";"2";"6";"1";"3";"Rue du Bout du Val";"48,4729840";" -2,5035700"
"202000042894";"23";"7";"2020";"19:30";"1";"27";"27251";"1";"1";"1";"2";"Route de Serquigny";"49,0923705";"0,6795796"
"202000042895";"5";"1";"2020";"12:42";"1";"75";"75112";"2";"2";"1";"3";"BOULEVARD DE LA GUYANE";"48,8397820";"2,4138970"
"202000042896";"7";"2";"2020";"07:20";"2";"83";"83144";"1";"1";"1";" -1";"A57";"43,1400760";"5,9988141"
"202000042897";"22";"9";"2020";"17:15";"1";"57";"57487";"1";"1";"1";"3";"Autoroute A31";"49,0854120";"6,1057510"
"202000042898";"21";"7";"2020";"13:11";"1";"27";"27679";"1";"1";"1";"3";"Route de Francheville";"48,7790440";"0,8547560"
"202000042899";"5";"1";"2020";"17:05";"2";"75";"75111";"2";"1";"1";"6";"AVENUE PHILIPPE AUGUSTE";"48,8548130";"2,3919300"
"202000042900";"6";"2";"2020";"14:46";"1";"83";"83137";"1";"1";"1";"4";"A57";"43,1213200";"5,9533100"
"202000042901";"26";"7";"2020";"16:20";"1";"52";"52123";"1";"1";"1";"6";"Grande Rue (Sommeville)";"48,5315510";"5,1068110"
"202000042902";"4";"1";"2020";"09:10";"1";"75";"75108";"2";"2";"1";"3";"BOULEVARD MALESHERBES";"48,8794310";"2,3142820"