"Num_Acc";"jour";"mois";"an";"hrmn";"lum";"dep";"com";"agg";"int";"atm";"col";"adr";"lat";"long"
"202000042903";"23";"9";"2020";"17:35";"1";"33";"33063";"1";"1";"1";"5";"ROCADE A 630";"44,8833800";" -0,5556000"
"202000042904";"23";"7";"2020";"18:00";"1";"88";"88165";"1";"1";"1";"7";"N59";"48,3720930";"6,8806260"
"202000042905";"27";"7";"2020";"11:40";"1";"01";"01331";"1";"1";"1";"6";"A40";"46,1053880";"5,4469230"
"202000042906";"5";"1";"2020";"02:30";"5";"75";"75101";"2";"3";"1";"2";"RUE DE RIVOLI";"48,8608187";"2,3412077"
"202000042907";"23";"9";"2020";"12:25";"1";"33";"33550";"1";"1";"1";"4";"ROCADE A 630";"44,7803800";" -0,5777600"
"202000042908";"26";"7";"2020";"17:30";"1";"95";"95604";"2";"1";"1";"7";"Rue Jean Jaurès";"49,0970880";"2,5446940"
"202000042909";"22";"7";"2020";"11:50";"1";"78";"78003";"1";"1";"1";"6";"A11";"48,5260840";"1,8330220"
"202000042910";"22";"9";"2020";"07:15";"3";"59";"59350";"1";"1";"5";"6";"ROUTE NATIONALE 356";"50,6368870";"3,0887350"
"202000042911";"7";"2";"2020";"14:25";"1";"91";"91377";"1";"1";"1";"3";"RD 444";"48,7304000";"2,2418300"
"202000042912";"4";"1";"2020";"20:55";"5";"94";"94078";"2";"1";"1";"2";"PARIS (R DE)";"48,7522700";"2,4451200"
"202000042913";"25";"7";"2020";"15:50";"1";"987";"98729";"2";"1";"1";"6";"RT 91";" -17,4949230";" -149,8168440"
"202000042914";"25";"7";"2020";"02:45";"5";"971";"97116";"2";"1";"1";"3";"rue martial Luce";"16,3120870";" -61,4775660"
"202000042915";"4";"1";"2020";"15:00";"1";"94";"94003";"1";"3";"8";"1";"AUGUSTE DELAUNE (R)";"48,8011430";"2,3367910"
"202000042916";"20";"9";"2020";"03:50";"3";"59";"59554";"1";"1";"1";"4";"AUTOROUTE A23";"50,4505380";"3,3389900"
"202000042917";"4";"1";"2020";"03:15";"5";"94";"94076";"2";"1";"1";"2";"MAXIME GORKI (BD)";"48,7929600";"2,3693500"
"202000042918";"27";"7";"2020";"12:30";"1";"45";"45137";"1";"1";"1";"3";"D2152-PR 24 + 950";"48,1369240";"2,2072170"
"202000042919";"5";"1";"2020";"13:20";"1";"93";"93077";"2";"5";"1";"5";"R DE NEUILLY";"48,8788600";"2,5162900"
"202000042920";"23";"9";"2020";"06:05";"3";"78";"78402";"1";"1";"1";"4";"A13";"48,9638310";"1,7897780"
"202000042921";"26";"7";"2020";"12:38";"1";"95";"95039";"2";"1";"1";"7";"8 Rue du Général de Gaulle";"49,0710430";"2,1764160"
"202000042922";"7";"2";"2020";"09:30";"1";"78";"78291";"1";"1";"1";"2";"A13";"48,9704780";"1,7341430"
"202000042923";"4";"1";"2020";"12:40";"1";"93";"93027";"2";"1";"1";"2";"SALENGRO (AVENUE ROGER)";"48,9363311";"2,3878324"
"202000042924";"6";"2";"2020";"08:45";"1";"78";"78362";"1";"1";"1";"4";"A13";"48,9777630";"1,7118410"
"202000042925";"7";"2";"2020";"07:00";"3";"95";"95212";"1";"1";"1";"6";"AUTOROUTE A1";"49,0334800";"2,5408300"
"202000042926";"4";"1";"2020";"19:26";"5";"22";"22118";"2";"9";"1";"3";"9 Rue Charles de Gaulle";"48,4538476";" -2,0251413"
"202000042927";"6";"2";"2020";"19:50";"3";"93";"93027";"1";"1";"1";"2";"AUTOROUTE A1";"48,9372300";"2,4106100"
"202000042928";"5";"1";"2020";"16:00";"1";"63";"63302";"1";"1";"7";"6";"D800";"45,7176120";"3,1151900"
"202000042929";"6";"2";"2020";"17:00";"1";"95";"95252";"1";"1";"1";"3";"AUTOROUTE A115";"48,9859700";"2,2420700"
"202000042930";"6";"1";"2020";"10:30";"1";"37";"37125";"1";"1";"1";"6";"D114";"47,0970426";"0,3232927"
"202000042931";"6";"2";"2020";"18:30";"3";"93";"93006";"1";"1";"1";"3";"AUTOROUTE A3";"48,8667800";"2,4255600"
"202000042932";"6";"1";"2020";"09:15";"1";"68";"68162";"2";"3";"9";"7";"Rocade Verte";"48,1353450";"7,2659260"
"202000042933";"5";"1";"2020";"21:15";"3";"14";"14129";"1";"1";"1";"1";"D674";"48,9338140";" -0,9189270"
"202000042934";"6";"2";"2020";"12:20";"1";"93";"93005";"1";"1";"1";"5";"AUTOROUTE A3";"48,9601700";"2,4735200"
"202000042935";"4";"2";"2020";"05:30";"3";"95";"95394";"1";"1";"1";"6";"AUTOROUTE A115";"49,0523500";"2,1847400"
"202000042936";"6";"1";"2020";"12:00";"1";"62";"62610";"1";"2";"1";"3";"D126";"50,4805726";"1,7737347"
"202000042937";"7";"2";"2020";"12:45";"1";"94";"94073";"1";"1";"1";"2";"A86 INT";"48,7627000";"2,3817000"
"202000042938";"6";"1";"2020";"19:11";"3";"89";"89291";"1";"1";"1";"6";"D606";"48,1186550";"3,2908000"
"202000042939";"6";"2";"2020";"08:45";"1";"988";"98818";"2";"3";"1";"3";"PROMENADE ROGER LAROQUE/RUE LORIOT DE ROUVRAY";" -22,2978500";"166,4384500"
"202000042940";"5";"1";"2020";"06:30";"3";"76";"76352";"1";"1";"5";"6";"route de rouen";"49,4638800";"1,4650400"
"202000042941";"4";"2";"2020";"03:30";"1";"974";"97409";"2";"3";"1";"3";"Avenue Ile de France";" -20,9581480";"55,6497990"
"202000042942";"6";"1";"2020";"13:25";"1";"76";"76111";"1";"1";"1";"1";"N31";"49,4628620";"1,2527020"
"202000042943";"5";"1";"2020";"06:20";"5";"34";"34284";"2";"1";"1";"6";"850 Castel Fadeze";"43,4862580";"2,7769300"
"202000042944";"6";"2";"2020";"06:00";"2";"974";"97409";"1";"9";"1";"3";"Chemin Agenor";" -20,9527930";"55,6877200"
"202000042945";"6";"1";"2020";"07:40";"1";"43";"43038";"1";"1";"1";"7";"RD 17";"45,3255680";"3,3223430"
"202000042946";"5";"2";"2020";"22:20";"5";"973";"97302";"2";"1";"1";"6";"FLAMBOYANTS (RUE DES)";"4,9239781";" -52,3189920"
"202000042947";"5";"1";"2020";"18:10";"3";"25";"25371";"1";"2";"1";"3";"N/A";"47,2510130";"5,8851030"
"202000042948";"6";"2";"2020";"22:15";"5";"69";"69386";"2";"1";"1";"3";"MARECHAL DE SAXE                    (R )";"45,7668000";"4,8442000"
"202000042949";"6";"1";"2020";"01:40";"3";"02";"02399";"1";"1";"1";"7";"D89";"49,4514150";"3,9014820"
"202000042950";"6";"2";"2020";"19:30";"5";"69";"69199";"2";"1";"1";"2";"LOUIS AULAGNE                       (QU)";"45,7031000";"4,8455000"
"202000042951";"6";"1";"2020";"06:55";"3";"15";"15202";"1";"2";"1";"3";"D922";"45,1306370";"2,4135720"
"202000042952";"6";"2";"2020";"09:50";"1";"972";"97209";"2";"1";"1";"7";"MORNE SUREY (RUE)";"14,6435600";" -61,0533700"
"202000042953";"6";"1";"2020";"08:00";"1";"26";"26357";"1";"2";"1";"3";"Chemin de Bomparet";"44,2782810";"4,9017600"
"202000042954";"6";"2";"2020";"15:15";"1";"69";"69389";"2";"1";"1";"7";"PROFESSEUR GUERIN (DU)              (R )";"45,7656000";"4,8038000"
"202000042955";"6";"1";"2020";"17:45";"5";"58";"58095";"2";"1";"1";"6";"105 Avenue de Verdun";"46,8285580";"3,4777600"
"202000042956";"6";"1";"2020";"07:35";"3";"14";"14138";"1";"1";"1";"1";"RD15";"49,2311312";" -1,0015590"
"202000042957";"6";"2";"2020";"07:25";"5";"69";"69202";"2";"3";"1";"3";"COMMANDANT CHARCOT (DU)             (R )";"45,7511126";"4,8009119"
"202000042958";"6";"1";"2020";"12:05";"1";"60";"60513";"2";"1";"7";"3";"40 Rue du Havre";"49,2042610";"2,3772290"
"202000042959";"5";"2";"2020";"20:50";"5";"69";"69382";"2";"1";"1";"7";"VERDUN RECAMIER                     (VO)";"45,7491701";"4,8295319"
"202000042960";"3";"1";"2020";"12:30";"1";"64";"64509";"1";"1";"1";"6";"Sauguis-Saint-Étienne";"43,1573370";" -0,8713340"
"202000042961";"6";"1";"2020";"10:35";"1";"16";"16065";"1";"1";"1";"6";"Lieu-dit Beaulieu";"46,0745110";"0,7924090"
"202000042962";"6";"1";"2020";"08:00";"2";"07";"07255";"2";"1";"1";"6";"avenue Louis Blanchon";"44,7513403";"4,6892023"
"202000042963";"2";"2";"2020";"19:30";"5";"971";"97101";"1";"1";"1";" -1";"BESSON";"16,2388300";" -61,5143800"
"202000042964";"6";"1";"2020";"18:00";"3";"85";"85081";"1";"1";"1";"5";"Les Gats";"46,7706800";" -1,3517300"
"202000042965";"4";"1";"2020";"11:40";"1";"13";"13065";"1";"1";"1";"6";"RD 24, ROUTE D'EYGALIÈRE";"43,7303430";"4,9056010"
"202000042966";"5";"1";"2020";"21:30";"3";"28";"28303";"1";"1";"1";"6";"A10";"48,1054310";"1,8510720"
"202000042967";"5";"1";"2020";"16:00";"1";"2B";"2B182";"1";"1";"1";"1";"Reginu";"42,6057500";"9,0040690"
"202000042968";"5";"1";"2020";"20:00";"3";"2B";"2B185";"1";"1";"1";"6";"D82";"42,6646560";"9,3105670"
"202000042969";"6";"1";"2020";"11:50";"1";"30";"30258";"1";"1";"1";"3";"D42";"43,7222290";"4,4165150"
"202000042970";"5";"2";"2020";"18:03";"1";"971";"97101";"2";"9";"1";"3";"BOULEVARD DES HEROS";"16,2481600";" -61,5278100"
"202000042971";"5";"2";"2020";"13:35";"1";"971";"97113";"1";"1";"1";"5";"RN4 - SECTION RIVIERA";"16,2175500";" -61,4949800"
"202000042972";"4";"2";"2020";"16:38";"1";"971";"97113";"1";"1";"1";"5";"SECTION MOREAU";"16,2493105";" -61,4512110"
"202000042973";"6";"2";"2020";"20:35";"5";"2A";"2A004";"2";"1";"1";"3";"CHIAPPE JEAN  RUE";"41,9344165";"8,7425648"
"202000042974";"5";"2";"2020";"18:20";"1";"95";"95277";"2";"1";"1";"4";"PERI GABRIEL (AVENUE)";"48,9931500";"2,4263300"
"202000042975";"5";"2";"2020";"09:22";"1";"91";"91223";"2";"3";"1";"3";"FARMAN (AVENUE HENRI)";"48,4395100";"2,1524300"
"202000042976";"6";"2";"2020";"15:35";"1";"91";"91514";"2";"1";"1";"6";"BOISSY (RUE DE)";"48,6728000";"2,5370600"
"202000042977";"5";"2";"2020";"16:55";"1";"91";"91333";"2";"1";"1";"7";"VOIERIES (CHEMIN DES)";"48,6196400";"2,2737300"
"202000042978";"6";"2";"2020";"15:40";"1";"90";"90010";"2";"2";"1";"3";"AMSTERDAM (RUE D')";"47,6347700";"6,8399600"
"202000042979";"4";"2";"2020";"01:02";"5";"87";"87085";"2";"1";"1";"6";"MAS-GIGOU (RUE DU)";"45,8615900";"1,2581300"
"202000042980";"4";"2";"2020";"17:48";"1";"87";"87085";"2";"3";"1";"3";"FEYTIAT (RUE DE)";"45,8235800";"1,2805300"
"202000042981";"4";"2";"2020";"18:08";"1";"87";"87085";"2";"1";"1";"1";"BICHET (IMPASSE CHARLES)";"45,8188500";"1,2626600"
"202000042982";"6";"2";"2020";"14:00";"1";"83";"83137";"2";"2";"1";"3";"FENELON (BD DR FRANCOIS)";"43,1291130";"5,9128600"
"202000042983";"27";"1";"2020";"12:10";"1";"83";"83153";"2";"1";"1";"6";"ASPHODELES (AV DES)";"43,0741900";"5,9095070"
"202000042984";"4";"2";"2020";"08:45";"1";"82";"82121";"2";"1";"8";"6";"10EME DRAGONS (AVENUE DU)";"44,0230000";"1,3461000"
"202000042985";"6";"2";"2020";"15:20";"1";"78";"78609";"1";"2";"1";"3";"CD 28";"49,0157690";"1,9104190"
"202000042986";"5";"2";"2020";"12:15";"1";"76";"76351";"2";"3";"1";"3";"GENERAL FERRIE (AVENUE)";"49,5098000";"0,1744800"
"202000042987";"6";"2";"2020";"07:00";"2";"74";"74012";"2";"1";"1";"1";"BONNEVILLE (ROUTE DE)";"46,1789112";"6,2409651"
"202000042988";"6";"2";"2020";"05:00";"5";"74";"74012";"2";"3";"1";"7";"ARVE (QUAI D')";"46,1852753";"6,2259704"
"202000042989";"6";"2";"2020";"17:17";"1";"72";"72181";"2";"1";"1";"2";"RIFFAUDIERES (BD DES)";"47,9882300";"0,1796900"
"202000042990";"6";"2";"2020";"14:29";"1";"72";"72181";"2";"1";"1";"6";"CHURCHILL WINSTON (BD) N° IMP 41 ET >";"47,9906000";"0,2228100"
"202000042991";"6";"2";"2020";"07:40";"1";"71";"71105";"2";"1";"1";"5";"Route de Cluny";"46,3123945";"4,7868602"
"202000042992";"5";"2";"2020";"19:30";"3";"71";"71153";"2";"1";"1";"6";"Rue Chaptal";"46,8089200";"4,4143709"
"202000042993";"6";"2";"2020";"18:40";"4";"69";"69029";"2";"2";"1";"3";"PINEL                               (BD)";"45,7389400";"4,8921600"
"202000042994";"3";"2";"2020";"19:10";"5";"69";"69290";"2";"1";"1";"6";"PIERRE MENDES FRANCE                (R )";"45,6932800";"4,9574500"
"202000042995";"5";"2";"2020";"16:05";"1";"67";"67447";"2";"3";"1";"6";"MARAIS (RUE DU)";"48,6126620";"7,7673310"
"202000042996";"4";"2";"2020";"18:10";"3";"67";"67482";"2";"1";"2";" -1";"LOUISE MICHEL (RUE)";"48,5844100";"7,7098100"
"202000042997";"4";"2";"2020";"16:45";"2";"67";"67482";"2";"3";"2";"6";"BRIGADE ALSACE LORRAINE (RUE DE LA)";"48,5753389";"7,7546874"
"202000042998";"4";"2";"2020";"12:56";"1";"67";"67482";"2";"1";"2";"6";"SCHIRMECK (ROUTE DE)";"48,5664300";"7,7078100"
"202000042999";"5";"2";"2020";"12:43";"1";"67";"67462";"1";"3";"1";"3";"RD1083";"48,2786120";"7,4653730"
"202000043000";"6";"2";"2020";"15:30";"1";"66";"66136";"2";"1";"1";"6";"FLANDRES/DUNKERQUE (CARREFOUR)";"42,6867200";"2,9072700"
"202000043001";"6";"2";"2020";"17:45";"1";"64";"64335";"2";"3";"7";"3";"MAUBEC";"43,3307523";" -0,4368337"
"202000043002";"5";"2";"2020";"16:31";"1";"63";"63164";"2";"1";"1";"5";"INDUSTRIE (RUE DE L')";"45,8219919";"3,1410327"
"202000043003";"4";"2";"2020";"19:29";"5";"63";"63113";"2";"1";"1";" -1";"BLATIN (RUE)";"45,7766000";"3,0764600"
"202000043004";"6";"2";"2020";"09:00";"1";"59";"59279";"2";"1";"1";" -1";"ZOLA (RUE EMILE)";"50,7834860";"3,1224100"
"202000043005";"5";"2";"2020";"20:35";"5";"59";"59368";"2";"1";"8";"1";"POMPIDOU G. RUE DU PDT.149 - 301";"50,6571870";"3,0643930"
"202000043006";"5";"2";"2020";"15:45";"1";"59";"59457";"2";"1";"1";"6";"LECLERC RUE  DU GENERAL";"50,6667739";"2,9738345"
"202000043007";"5";"2";"2020";"14:35";"1";"56";"56121";"2";"6";"1";"3";"TY-LANN ( RP DE )";"47,7658500";" -3,4007300"
"202000043008";"6";"2";"2020";"09:00";"1";"54";"54395";"2";"1";"1";"3";"NABECOR (RUE DE)";"48,6803411";"6,1916314"
"202000043009";"2";"2";"2020";"01:25";"5";"50";"50129";"2";"1";"3";"4";"ABBAYE (RUE DE L')";"49,6464700";" -1,6422200"
"202000043010";"5";"2";"2020";"17:14";"1";"49";"49007";"2";"1";"1";"6";"DESJARDINS";"47,4695000";" -0,5454900"
"202000043011";"6";"2";"2020";"17:40";"1";"45";"45234";"2";"1";"1";"2";"Boulevard Jean Jaures";"47,9003000";"1,8944700"
"202000043012";"6";"2";"2020";"08:15";"1";"45";"45234";"2";"2";"1";"3";"Rue aux Ligneaux - R A Viger";"47,9060663";"1,9358110"
"202000043013";"6";"2";"2020";"09:45";"2";"44";"44162";"2";"1";"7";"6";"Rue Océane";"47,2276600";" -1,6356500"
"202000043014";"6";"2";"2020";"18:55";"3";"35";"35238";"1";"1";"1";"4";"R.N. 136";"48,1421000";" -1,6595700"
"202000043015";"6";"2";"2020";"23:29";"5";"34";"34172";"2";"1";"1";"2";"FABRE DE MORLHON (BOULEVARD JACQUES)";"43,5913020";"3,8797550"
"202000043016";"5";"2";"2020";"18:00";"5";"34";"34032";"2";"1";"1";" -1";"CLEMENCEAU GEORGES (AVENUE)";"43,3487600";"3,2204900"
"202000043017";"6";"2";"2020";"17:10";"1";"33";"33281";"2";"3";"1";" -1";"AVE DE L'YSER / RUE GEORGES COURTELINE";"44,8419781";" -0,6625342"
"202000043018";"6";"2";"2020";"16:00";"1";"33";"33522";"2";"1";"1";"3";"CRS MARECHAL GALLIENI";"44,8223100";" -0,5936400"
"202000043019";"6";"2";"2020";"13:20";"1";"33";"33318";"2";"2";"1";"3";"AVE DE MONBALON / AVE PIERRE DE COUBERTIN";"44,8038034";" -0,6674864"
"202000043020";"3";"2";"2020";"11:35";"1";"33";"33063";"2";"3";"1";"2";"BD MARECHAL LECLERC / RUE ALBERT THOMAS";"44,8297938";" -0,5961714"
"202000043021";"5";"2";"2020";"13:02";"1";"32";"32013";"2";"3";"1";"3";"PIERRE DE MONTESQUIOU (AVENUE)";"43,6335000";"0,5883000"
"202000043022";"6";"2";"2020";"17:40";"1";"30";"30007";"2";"1";"1";" -1";"ROUTE DE NIMES";"44,1273200";"4,0775600"
"202000043023";"5";"2";"2020";"08:30";"1";"30";"30007";"2";"1";"1";"1";"SAINT JEAN DU PIN";"44,1208370";"4,0643340"
"202000043024";"6";"2";"2020";"14:38";"1";"29";"29232";"1";"1";"1";"2";"Route de Ty Nay";"48,0159400";" -4,0952600"
"202000043025";"6";"2";"2020";"08:36";"1";"29";"29232";"2";"1";"1";"6";"Avenue des Girondins";"47,9905900";" -4,1330100"
"202000043026";"5";"2";"2020";"11:08";"1";"29";"29039";"1";"1";"1";"7";"Lieu-dit St Laurent";"47,9062195";" -3,9466822"
"202000043027";"6";"2";"2020";"20:35";"3";"13";"13103";"1";"9";"1";"1";"RD 113";"43,6124281";"5,0968524"
"202000043028";"6";"2";"2020";"21:05";"5";"13";"13208";"2";"2";"1";"3";"BERNEX (bd)";"43,2478600";"5,3838800"
"202000043029";"6";"2";"2020";"15:50";"1";"13";"13205";"2";"2";"1";"3";"LOCARNO (RUE DE)";"43,2939720";"5,3957650"
"202000043030";"6";"2";"2020";"15:40";"1";"13";"13209";"2";"1";"1";"2";"RAYMOND TEISSERE (RUE)";"43,2749388";"5,3966942"
"202000043031";"5";"2";"2020";"23:50";"5";"13";"13202";"2";"3";"1";"3";"ARENC (QUAI D')";"43,3132420";"5,3662980"
"202000043032";"5";"2";"2020";"20:20";"5";"13";"13206";"2";"1";"1";"6";"JULES CANTINI (AVENUE)";"43,2850000";"5,3840000"
"202000043033";"4";"2";"2020";"14:55";"1";"13";"13205";"2";"1";"1";"6";"SAINT PIERRE (RUE)";"43,2916768";"5,4092743"
"202000043034";"4";"2";"2020";"12:00";"1";"13";"13205";"2";"3";"1";"3";"CHATEAU PAY (RUE)";"43,2892800";"5,3891100"
"202000043035";"4";"2";"2020";"11:45";"1";"13";"13005";"2";"1";"1";"2";"CHEMIN DE FER (TRAVERSE DU)";"43,2875870";"5,5466180"
"202000043036";"5";"2";"2020";"13:00";"1";"11";"11069";"2";"3";"1";"3";"SAINT HILAIRE -ROUTE DE-";"43,2011000";"2,3592000"
"202000043037";"6";"2";"2020";"16:26";"1";"10";"10387";"2";"1";"1";"2";"MAJOR GENERAL VANIER (AVENUE)";"48,3017900";"4,0744700"
"202000043038";"6";"2";"2020";"17:40";"2";"06";"06088";"2";"2";"1";"1";"CAISSOTI (RUE)";"43,7050000";"7,2830000"
"202000043039";"6";"2";"2020";"14:20";"1";"06";"06088";"1";"1";"1";"4";"CORNIGLION MOLINIER (BD)";"43,6651000";"7,2030000"
"202000043040";"5";"2";"2020";"08:00";"1";"06";"06088";"2";"2";"1";"1";"PASTEUR (BD)";"43,7143400";"7,2800200"
"202000043041";"6";"2";"2020";"08:30";"1";"06";"06069";"2";"1";"1";"3";"CANNES (ROUTE DE)  -RD 6085-";"43,6370000";"6,9509000"
"202000043042";"5";"2";"2020";"13:53";"1";"02";"02408";"1";"1";"1";"1";"RN2";"49,5639690";"3,6541070"
"202000043043";"5";"2";"2020";"15:55";"1";"75";"75119";"2";"3";"1";"3";"AVENUE SIMON BOLIVAR";"48,8768540";"2,3743930"
"202000043044";"6";"2";"2020";"10:50";"1";"75";"75120";"2";"2";"1";"3";"AVENUE IBSEN";"48,8655210";"2,4117460"
"202000043045";"6";"2";"2020";"15:38";"1";"75";"75119";"2";"1";"1";"6";"AVENUE DE FLANDRE";"48,8849310";"2,3695220"
"202000043046";"6";"2";"2020";"14:10";"1";"75";"75118";"2";"1";"1";"3";"RUE DE LA CHAPELLE";"48,8944560";"2,3594390"
"202000043047";"6";"2";"2020";"17:45";"5";"75";"75116";"2";"1";"1";"6";"AVENUE FOCH";"48,8726160";"2,2794030"
"202000043048";"6";"2";"2020";"12:00";"1";"75";"75116";"2";"1";"1";"6";"AVENUE THEOPHILE GAUTIER";"48,8477050";"2,2693230"
"202000043049";"6";"2";"2020";"08:00";"1";"75";"75115";"2";"1";"1";"3";"AVENUE DE LA PORTE BRANCION";"48,8265410";"2,3006010"
"202000043050";"6";"2";"2020";"08:40";"1";"75";"75114";"2";"7";"1";" -1";"RUE VERCINGETORIX";"48,8369550";"2,3180440"
"202000043051";"5";"2";"2020";"13:40";"1";"75";"75112";"2";"2";"1";"2";"BOULEVARD DIDEROT";"48,8461200";"2,3759930"
"202000043052";"5";"2";"2020";"22:08";"5";"75";"75112";"2";"1";"1";"3";"RUE LAMBLARDIE";"48,8407810";"2,3982520"
"202000043053";"6";"2";"2020";"18:30";"5";"75";"75111";"2";"1";"1";"3";"BOULEVARD DE MENILMONTANT";"48,8613790";"2,3880500"
"202000043054";"6";"2";"2020";"02:05";"5";"75";"75109";"2";"3";"1";" -1";"BOULEVARD DE CLICHY";"48,8840990";"2,3308190"
"202000043055";"6";"2";"2020";"09:40";"1";"75";"75108";"2";"7";"1";"3";"PLACE SAINT AUGUSTIN";"48,8756430";"2,3188970"
"202000043056";"5";"2";"2020";"16:45";"1";"75";"75117";"2";"2";"1";"6";"AVENUE DE CLICHY";"48,8891240";"2,3227370"
"202000043057";"6";"2";"2020";"16:30";"1";"75";"75107";"2";"1";"1";"7";"RUE DE VARENNE";"48,8544990";"2,3217750"
"202000043058";"6";"2";"2020";"12:10";"1";"75";"75107";"2";"2";"1";"6";"RUE DE L UNIVERSITE";"48,8577070";"2,3279780"
"202000043059";"6";"2";"2020";"08:35";"1";"75";"75115";"2";"1";"1";"6";"RUE D ARSONVAL";"48,8401430";"2,3136190"
"202000043060";"5";"2";"2020";"12:50";"1";"75";"75103";"2";"7";"1";"7";"PLACE DE LA REPUBLIQUE";"48,8673420";"2,3633460"
"202000043061";"6";"2";"2020";"20:55";"5";"75";"75104";"2";"1";"1";"7";"RUE SAINT ANTOINE";"48,8549730";"2,3619900"
"202000043062";"6";"2";"2020";"14:05";"1";"94";"94041";"2";"1";"1";"3";"JULES VANZUPPE (R)";"48,8187500";"2,3916000"
"202000043063";"6";"2";"2020";"09:00";"1";"94";"94041";"2";"1";"1";"3";"PAUL VAILLANT COUTURIER (BD)";"48,8195279";"2,3961668"
"202000043064";"5";"2";"2020";"17:30";"1";"94";"94041";"2";"3";"1";"3";"PIERRE ET MARIE CURIE (R)";"48,8148090";"2,3746620"
"202000043065";"6";"2";"2020";"05:20";"5";"94";"94021";"2";"9";"1";"3";"rue de chateaurenard";"48,7637759";"2,3531291"
"202000043066";"6";"2";"2020";"18:20";"5";"94";"94055";"2";"1";"1";"6";"BELVEDERE (R DU)";"48,7921000";"2,5330500"
"202000043067";"5";"2";"2020";"15:00";"1";"94";"94019";"2";"2";"1";"3";"PONT (R DU)";"48,7902000";"2,5225000"
"202000043068";"4";"2";"2020";"18:42";"3";"94";"94053";"2";"9";"2";"6";"HAUTE BORNE (SEN DE LA)";"48,7725220";"2,5442195"
"202000043069";"6";"2";"2020";"12:30";"1";"94";"94017";"2";"1";"1";"6";"PLESSIS A CHENNEVIERES (RTE DU)";"48,8049700";"2,5538800"
"202000043070";"6";"2";"2020";"18:20";"5";"94";"94071";"2";"1";"1";"6";"GENERAL LECLERC (R DU)";"48,7772800";"2,5115000"
"202000043071";"4";"2";"2020";"12:55";"1";"94";"94002";"2";"1";"8";"3";"JEAN BAPTISTE PREUX (ALL)";"48,7776800";"2,4209900"
"202000043072";"6";"2";"2020";"06:40";"5";"93";"93033";"2";"1";"1";"6";"CHAMPS (AVENUE)";"48,8594813";"2,5810672"
"202000043073";"6";"2";"2020";"09:25";"1";"93";"93031";"2";"1";"1";"6";"AV JEAN JAURES";"48,9585200";"2,3264200"
"202000043074";"6";"2";"2020";"08:45";"1";"93";"93007";"2";"1";"1";"6";"PASTEUR (AVENUE)";"48,9404800";"2,4701600"
"202000043075";"4";"2";"2020";"18:26";"5";"92";"92072";"2";"1";"1";"6";"VILLE D'AVRAY (RUE DE )";"48,8258540";"2,2043500"
"202000043076";"5";"2";"2020";"12:15";"1";"92";"92063";"2";"3";"1";"6";"DIX-NEUF JANVIER (RUE DU)";"48,8610342";"2,1905410"
"202000043077";"6";"2";"2020";"19:00";"5";"92";"92062";"2";"9";"1";"2";"CIRCULAIRE (boulevard)";"48,8874396";"2,2443493"
"202000043078";"6";"2";"2020";"18:20";"1";"92";"92062";"2";"1";"1";"2";"DE DION BOUTON (QUAI) DU 29 AU 65";"48,8845146";"2,2500783"
"202000043079";"6";"2";"2020";"15:24";"1";"92";"92050";"2";"2";"1";"3";"POINCARE RAYMOND RUE";"48,8897680";"2,1868110"
"202000043080";"6";"2";"2020";"06:55";"5";"92";"92036";"2";"3";"1";"6";"GENERAL DE GAULLE (AVENUE) (PAIRS)";"48,9337900";"2,3134570"
"202000043081";"4";"2";"2020";"21:50";"5";"92";"92025";"2";"2";"1";"3";"PAUL BERT (RUE)";"48,9308930";"2,2444480"
"202000043082";"29";"1";"2020";"19:50";"5";"92";"92024";"2";"1";"1";" -1";"MADAME DE SANZILLON (RUE)";"48,9035700";"2,3170000"
"202000043083";"6";"2";"2020";"13:10";"1";"92";"92012";"2";"1";"1";"6";"GENERAL LECLERC (AVENUE DU) 1/33 - 2/58";"48,8326500";"2,2406000"
"202000043084";"6";"2";"2020";"18:30";"5";"62";"62812";"2";"1";"1";"1";"D191";"50,6322060";"2,0778380"
"202000043085";"6";"2";"2020";"14:30";"1";"973";"97310";"1";"1";"1";"7";"N2";"4,4240106";" -52,3265580"
"202000043086";"4";"2";"2020";"14:50";"1";"59";"59067";"2";"3";"1";"3";"Chemin Departemental 916";"50,9688020";"2,4263050"
"202000043087";"3";"2";"2020";"07:15";"1";"974";"97413";"2";"1";"1";"6";"5 Impasse Matutina";" -21,2056980";"55,2963460"
"202000043088";"7";"2";"2020";"16:10";"1";"74";"74299";"2";"4";"1";"1";"Vieille Route des Pensières";"45,8875510";"6,1731950"
"202000043089";"6";"2";"2020";"19:30";"5";"76";"76738";"1";"2";"1";"3";"196 Route de la Gare";"49,5550130";"1,2794350"
"202000043090";"6";"2";"2020";"10:30";"1";"76";"76152";"2";"1";"7";"6";"14 Rue de l'Eglise";"49,5785980";"1,2283550"
"202000043091";"6";"2";"2020";"18:45";"5";"79";"79066";"2";"1";"1";"6";"Route de Bressuire";"46,4856170";" -0,4045900"
"202000043092";"5";"2";"2020";"17:30";"1";"82";"82125";"1";"1";"1";"5";"D813";"43,9344000";"1,2205000"
"202000043093";"29";"1";"2020";"13:40";"1";"61";"61421";"1";"2";"1";"3";"La Bouhardiere";"48,5393410";" -0,7849810"
"202000043094";"7";"2";"2020";"11:27";"1";"41";"41249";"1";"1";"1";"1";"D724";"47,4428270";"2,1171430"
"202000043095";"5";"2";"2020";"18:38";"3";"25";"25321";"1";"9";"4";"3";"Quartier Malpas";"47,0567220";"6,7054640"
"202000043096";"5";"2";"2020";"14:00";"1";"29";"29119";"1";"6";"1";"3";"Lieu-dit Lanvenec";"48,4671466";" -4,6406052"
"202000043097";"6";"2";"2020";"19:40";"5";"29";"29174";"2";"3";"1";"1";"Rue de Canapé";"47,8681860";" -4,2328960"