"Num_Acc";"jour";"mois";"an";"hrmn";"lum";"dep";"com";"agg";"int";"atm";"col";"adr";"lat";"long"
"202000043098";"6";"2";"2020";"10:30";"1";"31";"31356";"1";"1";"7";"1";"Route de Lévignac";"43,6906050";"1,2293820"
"202000043099";"6";"2";"2020";"19:35";"4";"31";"31467";"2";"1";"1";"6";"Route de Paris";"43,6846400";"1,4061320"
"202000043100";"6";"2";"2020";"16:20";"1";"02";"02627";"1";"1";"1";"1";"D966";"49,4904080";"4,0411820"
"202000043101";"6";"2";"2020";"09:00";"1";"54";"54275";"1";"2";"1";"3";"route de Preny";"48,9568900";"5,9026620"
"202000043102";"6";"2";"2020";"17:45";"1";"64";"64371";"2";"1";"7";"2";"Rue Jeanne d'Arc";"43,2282410";" -0,8860950"
"202000043103";"6";"2";"2020";"17:50";"2";"43";"43084";"1";"3";"1";"3";"42 Rue du 19 Mars 1962";"44,9938640";"3,8671880"
"202000043104";"24";"1";"2020";"07:25";"2";"10";"10345";"1";"9";"1";"3";"D960";"48,4134580";"4,5065410"
"202000043105";"7";"2";"2020";"14:00";"1";"07";"07117";"2";"1";"1";"1";"D104";"44,4557540";"4,2191400"
"202000043106";"5";"2";"2020";"17:25";"1";"40";"40059";"2";"2";"1";"3";"471 Route de Cazordite";"43,6070120";" -1,0635280"
"202000043107";"7";"2";"2020";"11:45";"1";"24";"24577";"1";"3";"1";"3";"D57";"44,8500730";"1,1821030"
"202000043108";"7";"2";"2020";"18:00";"5";"04";"04166";"2";"1";"1";"6";"RD 953";"43,8206370";"6,0895800"
"202000043109";"6";"2";"2020";"19:45";"3";"27";"27378";"1";"2";"1";"3";"D59";"48,7776580";"1,2143750"
"202000043110";"26";"6";"2020";"18:00";"1";"71";"71014";"2";"2";"1";"1";"Avenue Charles de Gaulle";"46,9534109";"4,2956786"
"202000043111";"28";"6";"2020";"21:45";"2";"89";"89426";"1";"1";"8";"3";"D38";"47,6873149";"3,5955388"
"202000043112";"29";"6";"2020";"19:15";"1";"42";"42058";"2";"4";"1";"7";"D44";"45,5400370";"4,0004400"
"202000043113";"29";"6";"2020";"14:32";"1";"42";"42021";"1";"3";"1";"1";"Route de Saint Marcellin";"45,5071290";"4,1332200"
"202000043114";"27";"6";"2020";"18:15";"1";"26";"26165";"1";"3";"1";"3";"Route d' Allex";"44,7959670";"4,8729940"
"202000043115";"28";"6";"2020";"13:35";"1";"72";"72338";"1";"2";"1";" -1";"D148";"48,1087210";"0,1764250"
"202000043116";"30";"5";"2020";"14:45";"1";"72";"72289";"1";"1";"1";"3";"antoigne";"48,1491380";"0,1547530"
"202000043117";"29";"6";"2020";"14:00";"1";"06";"06151";"1";"1";"7";"6";"M2565";"43,8824830";"7,2437130"
"202000043118";"25";"6";"2020";"15:10";"1";"60";"60496";"2";"4";"1";"7";"8 Rue des Bois";"49,6143229";"2,4484739"
"202000043119";"28";"6";"2020";"17:18";"1";"10";"10080";"1";"1";"2";"3";"D443";"48,0586900";"4,1063640"
"202000043120";"28";"6";"2020";"16:45";"1";"07";"07228";"1";"1";"1";"1";"RD406";"45,2582890";"4,7786340"
"202000043121";"28";"6";"2020";"13:15";"1";"04";"04090";"1";"1";"1";"7";"RD 908";"43,9926600";"6,6462990"
"202000043122";"28";"6";"2020";"16:15";"1";"27";"27361";"1";"2";"1";" -1";"Route du Calvaire";"49,3036320";"0,3463050"
"202000043123";"28";"6";"2020";"17:15";"1";"28";"28172";"1";"1";"1";"7";"D28";"48,5617270";"1,6812090"
"202000043124";"24";"6";"2020";"16:19";"1";"48";"48034";"1";"4";"1";"1";"IMBEQUE";"44,4430370";"3,2149410"
"202000043125";"27";"6";"2020";"11:28";"1";"72";"72350";"1";"1";"1";"7";"A28";"47,8820460";"0,3045270"
"202000043126";"28";"6";"2020";"11:15";"1";"24";"24189";"1";"1";"1";"6";"Bois de l'Etat";"44,8609830";"0,2009830"
"202000043127";"29";"6";"2020";"07:30";"1";"68";"68297";"1";"1";"2";"3";"A35";"47,5969700";"7,5408370"
"202000043128";"29";"6";"2020";"15:35";"1";"62";"62286";"1";"1";"1";"4";"A26";"50,5572060";"2,4412820"
"202000043129";"29";"6";"2020";"17:10";"1";"74";"74021";"1";"1";"1";"2";"A40";"46,1555724";"6,2852886"
"202000043130";"27";"6";"2020";"15:00";"1";"987";"98722";"2";"1";"1";"1";"RT2 Pk 28.600 - District de Tiarei";" -17,5914290";" -149,3821260"
"202000043131";"26";"6";"2020";"13:23";"1";"971";"97116";"2";"3";"1";"1";"Rue du Moule";"16,3289890";" -61,4522840"
"202000043132";"28";"6";"2020";"17:55";"2";"978";"97801";"2";"1";"1";"1";"rue de sandy ground";"18,0612510";" -63,1101470"
"202000043133";"29";"6";"2020";"08:30";"1";"45";"45191";"1";"1";"1";"6";"D25 - PR  0 + 400";"48,2848345";"2,4165881"
"202000043134";"28";"6";"2020";"20:45";"1";"45";"45170";"1";"1";"1";"1";"D 921 - P.R. 07+972";"48,2634557";"2,2113133"
"202000043135";"28";"6";"2020";"18:30";"1";"78";"78009";"1";"1";"1";"1";"N191";"48,4603070";"1,8947220"
"202000043136";"28";"6";"2020";"01:28";"3";"78";"78239";"1";"1";"1";"6";"Route de Limay";"49,0143730";"1,7173440"
"202000043137";"25";"6";"2020";"17:00";"1";"66";"66037";"1";"1";"1";"5";"D81a";"42,6697200";"3,0331490"
"202000043138";"27";"6";"2020";"08:00";"1";"30";"30307";"2";"1";"1";"6";"L'Habitarelle";"44,1990510";"4,0458010"
"202000043139";"28";"6";"2020";"19:55";"1";"84";"84026";"1";"3";"1";"3";"D973";"43,7201870";"5,3921200"
"202000043140";"28";"6";"2020";"18:00";"1";"83";"83016";"1";"1";"1";"1";"Dn8";"43,1999400";"5,8077090"
"202000043141";"29";"6";"2020";"09:15";"1";"83";"83042";"1";"1";"1";" -1";"N 98";"43,2370120";"6,5263940"
"202000043142";"28";"6";"2020";"18:30";"1";"13";"13100";"1";"1";"1";"7";"Route d'Avignon";"43,8034920";"4,8329650"
"202000043143";"26";"6";"2020";"16:49";"1";"26";"26362";"1";"1";"1";"2";"Autoroute du Soleil";"44,9061040";"4,8762130"
"202000043144";"27";"6";"2020";"19:00";"1";"57";"57762";"2";"1";"1";"6";"Rue Mozart";"49,1205750";"6,5838900"
"202000043145";"26";"6";"2020";"12:30";"1";"42";"42168";"2";"1";"1";"3";"Route de Maclas";"45,4019230";"4,6858890"
"202000043146";"29";"6";"2020";"08:30";"1";"38";"38110";"2";"3";"1";"3";"Grande rue";"45,5856810";"4,8768420"
"202000043147";"29";"6";"2020";"15:45";"1";"38";"38135";"1";"1";"1";"6";"Route de Sablonnieres";"45,6999700";"5,3866900"
"202000043148";"26";"6";"2020";"16:10";"1";"65";"65411";"1";"3";"1";"1";"RD 12";"42,8854180";" -0,0163900"
"202000043149";"27";"6";"2020";"16:00";"1";"40";"40182";"2";"1";"7";"6";"Pitschon";"44,0670580";" -1,1547450"
"202000043150";"29";"6";"2020";"08:40";"1";"33";"33080";"2";"4";"1";"3";"Avenue de Saint-médard-d'Eyrans";"44,7533600";" -0,5304400"
"202000043151";"28";"6";"2020";"15:30";"1";"35";"35228";"2";"1";"1";"7";"Rue du Pre de la Roche";"48,5829210";" -2,0524750"
"202000043152";"29";"6";"2020";"15:30";"1";"76";"76551";"1";"4";"6";"7";"Route d'Etainhus";"49,5622890";"0,3031810"
"202000043153";"26";"6";"2020";"16:50";"1";"76";"76647";"2";"1";"1";"7";"Route de la Cerlangue";"49,5235860";"0,3673230"
"202000043154";"29";"6";"2020";"12:35";"1";"60";"60282";"2";"1";"1";"6";"Rue Hurst Mahieu";"49,1845980";"2,4110980"
"202000043155";"24";"6";"2020";"15:50";"1";"59";"59228";"1";"1";"7";"5";"Route Départementale 65";"50,3354598";"3,0949527"
"202000043156";"27";"6";"2020";"03:00";"5";"13";"13207";"1";"1";"1";"2";"Tunnel Prado Carénage";"43,2909000";"5,3655600"
"202000043157";"27";"6";"2020";"23:05";"3";"13";"13071";"1";"1";"1";"2";"A7-Sens Marseille vers Lyon";"43,4036400";"5,3099000"
"202000043158";"27";"6";"2020";"12:25";"1";"13";"13214";"1";"1";"1";"4";"A7-Sens Marseille vers Lyon";"43,3311160";"5,3778180"
"202000043159";"27";"6";"2020";"11:45";"1";"13";"13215";"1";"1";"1";"4";"A7-Sens Marseille vers Lyon";"43,3689380";"5,3609670"
"202000043160";"28";"6";"2020";"16:16";"1";"33";"33122";"1";"1";"1";"2";"AUTOROUTE A 63";"44,7330900";" -0,7223400"
"202000043161";"28";"6";"2020";"18:45";"1";"91";"91161";"1";"1";"1";"2";"AUTOROUTE A126";"48,7107000";"2,3003000"
"202000043162";"28";"6";"2020";"17:00";"1";"91";"91471";"1";"1";"1";"4";"RN 118";"48,7099900";"2,1876000"
"202000043163";"28";"6";"2020";"13:10";"1";"94";"94038";"1";"1";"1";"2";"AUTOROUTE A6A";"48,7749000";"2,3462200"
"202000043164";"28";"6";"2020";"03:15";"5";"92";"92036";"1";"1";"1";"6";"A86";"48,9337093";"2,2742213"
"202000043165";"27";"6";"2020";"02:08";"5";"92";"92064";"1";"1";"1";"3";"A13";"48,8394617";"2,2142842"
"202000043166";"28";"6";"2020";"18:40";"1";"93";"93013";"1";"1";"1";"4";"AUTOROUTE A1";"48,9387600";"2,4162900"
"202000043167";"28";"6";"2020";"17:20";"1";"93";"93029";"1";"1";"1";"6";"AUTOROUTE A86";"48,9246400";"2,4258800"
"202000043168";"28";"6";"2020";"14:05";"1";"92";"92036";"1";"1";"1";"4";"AUTOROUTE A86";"48,9387600";"2,3092400"
"202000043169";"27";"6";"2020";"19:30";"1";"95";"95018";"1";"1";"2";"6";" A15";"48,9565300";"2,2746800"
"202000043170";"27";"6";"2020";"09:50";"1";"974";"97411";"2";"1";"1";"6";"GARROS (ROLAND)";" -20,8815000";"55,4557000"
"202000043171";"22";"6";"2020";"01:10";"3";"972";"97213";"1";"1";"1";"6";"BASSE GONDEAU (CHEMIN RURAL N°3 DE)";"14,6249800";" -61,0244100"
"202000043172";"27";"6";"2020";"21:10";"2";"2A";"2A004";"2";"1";"1";"1";"MAGNOLIAS RUE DES";"41,9477200";"8,7536500"
"202000043173";"26";"6";"2020";"17:53";"1";"95";"95539";"1";"1";"1";"4";"RD 301";"48,9959800";"2,3611300"
"202000043174";"18";"6";"2020";"10:55";"1";"91";"91027";"2";"2";"1";"6";"FROIDES BOUILLIES (RUE DES)";"48,7056200";"2,3630900"
"202000043175";"26";"6";"2020";"20:35";"1";"76";"76575";"2";"2";"1";"3";"MACE. PERIPHERIQUE JEAN";"49,3949100";"1,0665200"
"202000043176";"26";"6";"2020";"21:10";"5";"74";"74133";"2";"1";"1";"6";"BOIS DE VERNAZ (CHEMIN DES)";"46,1813760";"6,1917350"
"202000043177";"20";"6";"2020";"18:50";"1";"74";"74012";"2";"6";"1";"2";"ETOILE (PLACE DE L')";"46,1939500";"6,2404800"
"202000043178";"26";"6";"2020";"19:40";"1";"69";"69266";"2";"1";"1";"6";"EMILE ZOLA     (Cours)";"45,7636400";"4,9116400"
"202000043179";"23";"6";"2020";"18:30";"1";"54";"54431";"2";"3";"1";"3";"EUROPE (AVENUE DE L')";"48,9169000";"6,0653800"
"202000043180";"27";"6";"2020";"23:30";"5";"38";"38185";"2";"1";"1";"3";"Boulevard Clemenceau";"45,1837000";"5,7386000"
"202000043181";"27";"6";"2020";"09:30";"1";"33";"33238";"1";"6";"1";"6";"RTE DE LEOGNAN";"44,7485400";" -0,6167500"
"202000043182";"27";"6";"2020";"13:30";"1";"33";"33529";"2";"1";"1";"7";"FORET (AVE DE LA)";"44,6040400";" -1,2025400"
"202000043183";"26";"6";"2020";"15:40";"1";"26";"26198";"2";"1";"1";"6";"MEYNOT (Boulevard)";"44,5554000";"4,7509400"
"202000043184";"27";"6";"2020";"10:20";"1";"25";"25056";"2";"3";"1";"1";"KENNEDY  BOULEVARD J.F.";"47,2345000";"5,9842400"
"202000043185";"27";"6";"2020";"20:50";"1";"14";"14118";"2";"2";"1";"3";"ORATOIRE (RUE DE L')";"49,1807800";" -0,3605300"
"202000043186";"27";"6";"2020";"19:00";"1";"13";"13211";"2";"4";"1";"2";"CESAR BOY (AVENUE)";"43,2970290";"5,4839680"
"202000043187";"27";"6";"2020";"15:25";"1";"13";"13213";"2";"1";"1";"6";"ALBERT EINSTEIN (RUE)";"43,3460000";"5,4486000"
"202000043188";"27";"6";"2020";"23:05";"3";"13";"13004";"1";"1";"1";"6";"RTE DE FONTVIEILLE RAPHELE";"43,6544110";"4,7162430"
"202000043189";"27";"6";"2020";"14:58";"1";"10";"10387";"2";"1";"1";"3";"GIRARDON (RUE)";"48,3011000";"4,0798000"
"202000043190";"27";"6";"2020";"15:30";"1";"75";"75119";"2";"1";"1";"2";"BOULEVARD PERIPHERIQUE";"48,8849220";"2,3982760"
"202000043191";"24";"6";"2020";"16:40";"1";"75";"75112";"2";"4";"1";"3";"BOULEVARD PERIPHERIQUE";"48,8277440";"2,3930800"
"202000043192";"27";"6";"2020";"02:10";"5";"75";"75120";"2";"1";"2";"3";"RUE D AVRON";"48,8524770";"2,4048700"
"202000043193";"27";"6";"2020";"16:35";"1";"75";"75119";"2";"1";"1";"6";"AVENUE JEAN JAURES";"48,8833000";"2,3722090"
"202000043194";"27";"6";"2020";"00:15";"5";"75";"75117";"2";"4";"2";"3";"RUE GUY MOQUET";"48,8921950";"2,3235800"
"202000043195";"27";"6";"2020";"12:20";"1";"75";"75116";"2";"1";"1";"2";"AVENUE DE NEW YORK";"48,8592580";"2,2896990"
"202000043196";"26";"6";"2020";"21:20";"1";"75";"75116";"2";"2";"1";"3";"RUE DE LA POMPE";"48,8595430";"2,2752300"
"202000043197";"25";"6";"2020";"20:40";"2";"75";"75116";"2";"1";"1";"3";"AVENUE KLEBER";"48,8696050";"2,2919740"
"202000043198";"27";"6";"2020";"08:35";"1";"75";"75114";"2";"7";"1";"3";"PLACE DU VINGT CINQ AOUT 1944";"48,8230480";"2,3254910"
"202000043199";"27";"6";"2020";"09:00";"1";"75";"75110";"2";"1";"1";"3";"PLACE DE LA REPUBLIQUE";"48,8681323";"2,3637276"
"202000043200";"26";"6";"2020";"21:15";"2";"75";"75107";"2";"3";"1";"3";"BOULEVARD DES INVALIDES";"48,8482650";"2,3157070"
"202000043201";"27";"6";"2020";"19:45";"1";"75";"75104";"2";"4";"2";"7";"VOIE GEORGES POMPIDOU";"48,8510330";"2,3611270"
"202000043202";"27";"6";"2020";"08:55";"1";"94";"94081";"2";"2";"1";"3";"YOURI GAGARINE (AV)";"48,7860270";"2,3916119"
"202000043203";"27";"6";"2020";"16:05";"1";"94";"94076";"2";"1";"2";"3";"PARIS (AV DE)";"48,8033165";"2,3644088"
"202000043204";"27";"6";"2020";"07:30";"1";"94";"94041";"2";"1";"1";"7";"DANIELLE CASANOVA (AV)";"48,8135900";"2,3852300"
"202000043205";"27";"6";"2020";"19:30";"1";"94";"94022";"2";"1";"1";"1";"LUGO (AV DE)";"48,7711510";"2,4091080"
"202000043206";"27";"6";"2020";"18:45";"1";"94";"94028";"2";"1";"2";"3";"Av du Mal de Lattre de Tassigny";"48,7977500";"2,4560100"
"202000043207";"27";"6";"2020";"02:37";"5";"93";"93072";"2";"9";"2";"3";"MAXIME GORKI (BOULEVARD) DES N°89 A ...";"48,9454000";"2,3868000"
"202000043208";"27";"6";"2020";"18:46";"1";"93";"93066";"2";"1";"1";"2";"86 R CROISAT AMBROISE";"48,9306048";"2,3501612"
"202000043209";"27";"6";"2020";"16:15";"1";"93";"93064";"2";"1";"1";"5";"ALSACE-LORRAINE (BOULEVARD)";"48,8847494";"2,4827778"
"202000043210";"27";"6";"2020";"18:30";"1";"93";"93048";"2";"1";"2";"3";"PASTEUR S3 (AVENUE)";"48,8701509";"2,4319219"
"202000043211";"27";"6";"2020";"17:50";"1";"93";"93031";"2";"3";"1";"3";"JOFFRE (AVENUE)";"48,9567138";"2,3042219"
"202000043212";"27";"6";"2020";"10:15";"1";"93";"93029";"2";"3";"1";"3";"R HENRI LANGLOIS / R CHARLES GIDE";"48,9152000";"2,4460000"
"202000043213";"27";"6";"2020";"16:14";"1";"93";"93013";"2";"2";"1";"6";"LECLERC (AVENU DE LA DIVISION)";"48,9331600";"2,4239100"
"202000043214";"26";"6";"2020";"14:45";"1";"92";"92072";"2";"2";"1";"3";"GRANDE RUE";"48,8264000";"2,2193300"
"202000043215";"27";"6";"2020";"04:05";"5";"92";"92051";"2";"1";"1";"6";"GENERAL KOENIG (BOULEVARD DU)";"48,8840648";"2,2545970"
"202000043216";"27";"6";"2020";"16:45";"1";"92";"92050";"2";"5";"8";"3";"CLEMENCEAU GEORGES AVENUE N°IMPAIR";"48,8864800";"2,2093000"
"202000043217";"27";"6";"2020";"12:45";"1";"92";"92050";"2";"1";"1";"7";"JOLIOT CURIE F. ET IRENE AVENUE  N°PAIRS";"48,8882314";"2,2022022"
"202000043218";"27";"6";"2020";"19:40";"1";"92";"92020";"2";"2";"8";"7";"DIVISION LECLERC AVENUE DE LA";"48,7952600";"2,2743300"
"202000043219";"27";"6";"2020";"16:30";"1";"92";"92048";"2";"1";"8";"6";"REPUBLIQUE (RUE DE LA) N° 1 A 45";"48,8091010";"2,2361590"
"202000043220";"27";"6";"2020";"22:10";"5";"92";"92044";"2";"1";"1";"3";"Rue Victor Hugo";"48,8971856";"2,2953379"
"202000043221";"27";"6";"2020";"15:00";"1";"92";"92062";"2";"1";"2";"3";"BOULEVARD CIRCULAIRE";"48,8885766";"2,2348836"
"202000043222";"27";"6";"2020";"05:10";"2";"92";"92012";"2";"2";"1";"3";"GENERAL LECLERC (AVENUE DU) 35/FIN - 60/";"48,8309200";"2,2345900"
"202000043223";"28";"6";"2020";"10:50";"1";"35";"35120";"1";"1";"1";"4";"Champ Pécor";"48,2201120";" -1,8099760"
"202000043224";"26";"6";"2020";"17:25";"1";"54";"54374";"1";"1";"1";"7";"Départementale 674";"48,7696260";"6,4436100"
"202000043225";"27";"6";"2020";"05:30";"2";"38";"38199";"1";"1";"1";"7";"Route de Saint-sorlin";"45,4823860";"4,9173470"
"202000043226";"27";"6";"2020";"17:35";"1";"68";"68112";"2";"1";"1";"6";"6 Rue Joseph Schmitt";"47,9092970";"7,2122950"
"202000043227";"26";"6";"2020";"18:25";"1";"49";"49092";"1";"1";"1";"7";"D762";"47,2932680";" -0,8460380"
"202000043228";"28";"6";"2020";"09:10";"1";"12";"12267";"1";"1";"1";"7";"D902";"44,0749110";"2,5265660"
"202000043229";"27";"6";"2020";"23:20";"5";"54";"54314";"1";"6";"1";"2";"ZAC les Quemenes";"49,5100340";"5,7146800"
"202000043230";"27";"6";"2020";"16:22";"1";"01";"01448";"1";"1";"1";"2";"D991";"46,0944800";"5,7750050"
"202000043231";"27";"6";"2020";"22:20";"3";"23";"23219";"1";"1";"1";"6";"Saint-Maurice-la-Souterraine";"46,2158510";"1,4143930"
"202000043232";"25";"6";"2020";"21:04";"2";"83";"83043";"1";"1";"1";"2";"Route des Maures";"43,2325720";"6,2654690"
"202000043233";"23";"6";"2020";"16:25";"1";"21";"21485";"1";"1";"1";"1";"A38";"47,3371720";"4,9554620"
"202000043234";"26";"6";"2020";"22:15";"2";"57";"57250";"1";"1";"1";"6";"D83";"48,9627890";"7,3689200"
"202000043235";"28";"6";"2020";"04:30";"3";"19";"19152";"1";"1";"1";"6";"la bastière D.940";"45,0149683";"1,8092680"
"202000043236";"27";"6";"2020";"19:45";"1";"95";"95612";"1";"1";"1";"6";"Route de Gonesse";"48,9982190";"2,4645260"
"202000043237";"28";"6";"2020";"09:20";"1";"56";"56017";"1";"3";"1";"3";"Kohkastel";"47,8561800";" -2,8039800"
"202000043238";"24";"6";"2020";"11:45";"1";"56";"56034";"1";"1";"1";"3";"Kergroix RD768";"47,6378690";" -3,0498110"
"202000043239";"28";"6";"2020";"00:45";"3";"76";"76183";"1";"1";"8";"7";"D68";"49,7568328";"0,4616931"
"202000043240";"26";"6";"2020";"23:15";"3";"76";"76348";"1";"3";"1";"3";"Route du Grand Tôt";"49,6767720";"0,7335790"
"202000043241";"28";"6";"2020";"11:45";"1";"2A";"2A330";"1";"1";"1";"3";"D29";"42,0481085";"8,9780156"
"202000043242";"27";"6";"2020";"17:40";"1";"80";"80793";"1";"1";"1";"5";"D12";"49,9858070";"2,1922450"
"202000043243";"27";"6";"2020";"11:45";"1";"71";"71137";"2";"1";"1";"7";"6 Rue Saint-mayeul";"46,4370810";"4,6567600"
"202000043244";"27";"6";"2020";"19:00";"1";"49";"49377";"1";"4";"1";"6";"Route de Corze (Villevêque)";"47,5576280";" -0,4129530"
"202000043245";"27";"6";"2020";"16:15";"1";"12";"12025";"2";"1";"1";"6";"Hlm Traversous";"43,8199190";"2,7535420"
"202000043246";"27";"6";"2020";"19:30";"1";"39";"39452";"2";"4";"1";"1";"N/A";"47,1442230";"5,7259470"
"202000043247";"28";"6";"2020";"03:30";"3";"25";"25560";"1";"6";"1";"7";"1 Rue de l'Ecluse";"47,2714420";"6,0847550"
"202000043248";"27";"6";"2020";"16:20";"1";"35";"35109";"1";"1";"1";"7";"Le Parson";"48,0881530";" -1,2416470"
"202000043249";"28";"6";"2020";"04:10";"3";"29";"29205";"1";"1";"1";"6";"lieu dit Garsanhore";"48,3025300";" -3,5616090"
"202000043250";"27";"6";"2020";"17:15";"1";"38";"38108";"1";"1";"7";"3";"Route de Villard de Lans";"45,0700960";"5,4398850"
"202000043251";"28";"6";"2020";"03:00";"3";"03";"03217";"1";"1";"1";"7";"N/A";"46,3386591";"2,6632972"
"202000043252";"27";"6";"2020";"17:10";"1";"15";"15154";"1";"1";"1";"2";"N122";"44,9567034";"2,5900668"
"202000043253";"27";"6";"2020";"17:15";"1";"70";"70240";"2";"1";"1";"1";"Impasse le Cottage";"47,8560100";"6,3392190"
"202000043254";"28";"6";"2020";"02:30";"3";"26";"26093";"1";"1";"1";"6";"Route de Valaurie";"44,3796560";"4,7971840"
"202000043255";"28";"6";"2020";"04:20";"3";"58";"58095";"1";"1";"1";"6";"D979";"46,8199590";"3,5049390"
"202000043256";"27";"6";"2020";"18:43";"1";"54";"54288";"1";"1";"1";"7";"D101";"48,7482660";"5,8325280"
"202000043257";"27";"6";"2020";"17:30";"1";"54";"54190";"1";"4";"1";"7";"point kilométrique 19-500";"48,4128380";"6,0105810"
"202000043258";"27";"6";"2020";"20:15";"1";"50";"50543";"1";"1";"1";"6";"17 Rue Montgomery";"48,6435820";" -1,3110910"
"202000043259";"27";"6";"2020";"13:15";"1";"09";"09189";"1";"1";"1";"7";"ROUTE NATIONALE 20";"42,6844970";"1,8241280"
"202000043260";"25";"6";"2020";"20:45";"1";"53";"53127";"1";"1";"1";"6";"les chenots";"48,4115850";" -0,4945780"
"202000043261";"27";"6";"2020";"18:20";"1";"21";"21575";"2";"1";"1";"6";"41 Grande Rue";"47,1015650";"5,3011920"
"202000043262";"28";"6";"2020";"17:15";"1";"37";"37156";"1";"6";"1";"6";"D751 - D142";"47,4008205";"0,7920620"
"202000043263";"28";"6";"2020";"04:15";"5";"08";"08363";"2";"1";"1";"6";"1 Avenue Jean-baptiste Clément";"49,9392510";"4,6383710"
"202000043264";"9";"6";"2020";"09:30";"1";"08";"08107";"2";"1";"1";"6";"54 Rue de la Sommevue";"49,5299650";"4,2489410"
"202000043265";"28";"6";"2020";"13:50";"1";"78";"78143";"2";"3";"1";"7";"chemin de la source";"48,7351420";"2,0874020"
"202000043266";"24";"6";"2020";"14:30";"1";"06";"06152";"2";"1";"1";"2";"Rue Gambetta";"43,6414490";"7,0077710"
"202000043267";"28";"6";"2020";"11:45";"1";"95";"95250";"1";"1";"1";"1";"17 Square du Lauragais";"49,0991871";"2,5045801"
"202000043268";"28";"6";"2020";"16:00";"1";"988";"98817";"2";"3";"1";"3";"LA CORNICHE DU MONT DORE";" -22,2775310";"166,5740630"
"202000043269";"27";"6";"2020";"16:50";"1";"13";"13025";"1";"1";"7";"2";"D7n";"43,4892020";"5,5487820"
"202000043270";"28";"6";"2020";"02:35";"5";"77";"77483";"2";"3";"1";"6";"Rue de l'Eglise - D97";"48,9997480";"2,9330500"
"202000043271";"28";"6";"2020";"15:55";"1";"11";"11175";"1";"1";"1";"1";"D624";"43,3856360";"1,9747920"
"202000043272";"28";"6";"2020";"10:15";"1";"83";"83107";"2";"1";"1";"3";"Avenue du General de Gaulle";"43,4450950";"6,6380870"
"202000043273";"27";"6";"2020";"17:45";"1";"83";"83106";"1";"1";"1";"1";"RD 12 PR 9+950";"43,2933560";"6,1015750"
"202000043274";"28";"6";"2020";"15:21";"1";"04";"04092";"1";"1";"1";"3";"RD 4085";"43,8272050";"6,5672710"
"202000043275";"27";"6";"2020";"17:20";"1";"04";"04039";"1";"1";"1";"7";"RD 4085";"43,8672850";"6,4740370"
"202000043276";"27";"6";"2020";"03:45";"3";"88";"88044";"1";"1";"3";"1";"D74";"48,3076670";"5,6672720"
"202000043277";"27";"6";"2020";"17:45";"1";"88";"88273";"1";"1";"1";"6";"D46";"48,2230220";"6,5147690"
"202000043278";"27";"6";"2020";"17:30";"1";"63";"63117";"1";"1";"1";"1";"D36";"45,4197430";"2,9501940"
"202000043279";"27";"6";"2020";"10:50";"1";"74";"74021";"1";"1";"1";"2";"551 Route des Echelettes";"46,1514230";"6,2705760"
"202000043280";"27";"6";"2020";"15:05";"1";"74";"74185";"2";"3";"1";"3";"904 Chemin des Dessous";"46,1496210";"6,2210140"
"202000043281";"28";"6";"2020";"12:30";"1";"38";"38158";"2";"2";"1";"3";"Avenue Jean Jaures";"45,1564700";"5,7469400"
"202000043282";"28";"6";"2020";"09:30";"1";"26";"26358";"1";"3";"1";"1";"Route de Crest";"44,7964540";"4,9987260"
"202000043283";"28";"6";"2020";"12:50";"1";"69";"69208";"1";"1";"1";"6";"D76";"45,8556090";"4,6281460"
"202000043284";"28";"6";"2020";"14:45";"1";"81";"81105";"2";"1";"1";"6";"Quai Raspail";"43,7616850";"1,9889010"
"202000043285";"28";"6";"2020";"10:15";"1";"44";"44073";"1";"1";"1";"6";"Le Plongeon";"47,4500900";" -1,6864010"
"202000043286";"28";"6";"2020";"12:30";"1";"76";"76276";"2";"3";"1";"6";"15 Avenue des Sources";"49,6111880";"1,5409730"
"202000043287";"28";"6";"2020";"15:30";"1";"60";"60282";"2";"1";"1";"7";"Voie de la Grande Serpentine";"49,1870120";"2,4378650"
"202000043288";"27";"6";"2020";"00:51";"3";"60";"60597";"1";"1";"3";"7";"Route Départementale 98";"49,3357786";"2,7696166"
"202000043289";"28";"6";"2020";"01:35";"5";"60";"60116";"2";"1";"1";"1";"Rue Noel Ruffier";"49,3089230";"2,3483640"
"202000043290";"27";"6";"2020";"03:00";"3";"13";"13071";"1";"1";"1";"6";"A7-Sens Lyon vers Marseille";"43,4038800";"5,3034000"
"202000043291";"26";"6";"2020";"16:00";"1";"13";"13071";"1";"1";"1";"3";"A5502G-sens Martigues vers A7-Marseille";"43,4002100";"5,2971200"
"202000043292";"26";"6";"2020";"09:15";"1";"13";"13088";"1";"1";"1";"2";"A55-Sens Marseille vers Martigues";"43,3916858";"5,2574025"
"202000043293";"20";"5";"2020";"09:03";"1";"69";"69290";"1";"1";"1";" -1";"A46S   40.883 A 43.680";"45,6988800";"4,9676400"
"202000043294";"22";"6";"2020";"20:45";"1";"69";"69029";"1";"1";"1";"3";"A43   ";"45,7279000";"4,9059400"