"Num_Acc";"jour";"mois";"an";"hrmn";"lum";"dep";"com";"agg";"int";"atm";"col";"adr";"lat";"long"
"202000043295";"26";"6";"2020";"20:00";"1";"93";"93064";"1";"1";"3";"3";"AUTOROUTE A86";"48,8792500";"2,4760300"
"202000043296";"26";"6";"2020";"19:20";"1";"95";"95582";"1";"1";"1";"4";"A15";"48,9666300";"2,2563100"
"202000043297";"26";"6";"2020";"18:00";"1";"93";"93010";"1";"1";"1";"2";"AUTOROUTE A3";"48,9145500";"2,4773200"
"202000043298";"26";"6";"2020";"15:40";"1";"95";"95582";"1";"1";"1";"5";" A15";"48,9707500";"2,2493600"
"202000043299";"27";"6";"2020";"09:30";"1";"77";"77373";"1";"1";"1";" -1";"RN104";"48,7750433";"2,6122246"
"202000043300";"18";"2";"2020";"23:25";"3";"11";"11262";"2";"6";"1";"7";"RD 6009 NARBONNE - BEZIERS";"43,1938911";"2,9937338"
"202000043301";"25";"6";"2020";"18:10";"5";"988";"98818";"2";"3";"1";"3";"VOIE DE DEGAGEMENT EST/RUE DE CHARLEROI";" -22,2790300";"166,4626000"
"202000043302";"26";"5";"2020";"12:05";"1";"75";"75101";"2";"5";"1";"7";"RUE ETIENNE MARCEL";"48,8647830";"2,3451430"
"202000043303";"26";"5";"2020";"13:45";"1";"94";"94080";"2";"1";"7";"3";"LIBERATION (BD DE LA)";"48,8468290";"2,4489673"
"202000043304";"26";"5";"2020";"08:15";"1";"94";"94065";"2";"1";"1";"6";"BRETAGNE (ALLEE DE) / MIN DE RUNGIS";"48,7625790";"2,3559350"
"202000043305";"26";"5";"2020";"13:05";"1";"93";"93066";"2";"2";"7";"4";"STADE DE FRANCE (AVENUE DU)";"48,9196600";"2,3617000"
"202000043306";"26";"5";"2020";"17:40";"1";"93";"93066";"1";"1";"1";"4";"FRANCE ANATOLE (BOULEVARD) NR AUTRES";"48,9253000";"2,3504000"
"202000043307";"26";"5";"2020";"08:00";"1";"93";"93066";"2";"3";"1";"3";"SAULNIER JULES";"48,9254462";"2,3506543"
"202000043308";"26";"5";"2020";"00:20";"5";"93";"93032";"2";"2";"1";"3";"R PARMENTIER / R ARISTIDE BRIAND";"48,8827000";"2,5350300"
"202000043309";"26";"5";"2020";"21:30";"2";"93";"93039";"2";"9";"1";"3";"AV DU PONT D'EPINAY";"48,9510159";"2,3069362"
"202000043310";"26";"5";"2020";"00:00";"5";"93";"93031";"2";"2";"1";"3";"AV DE LA REPUBLIQUE / AV DE LA MARNE";"48,9500700";"2,3284300"
"202000043311";"26";"5";"2020";"07:15";"1";"92";"92035";"2";"2";"1";"1";"Joffre ( avenue )";"48,9098348";"2,2418775"
"202000043312";"25";"5";"2020";"20:12";"1";"92";"92002";"2";"3";"7";"2";"DOCTEUR TENINE (AVENUE DU)";"48,7625831";"2,3138957"
"202000043313";"26";"5";"2020";"17:17";"1";"81";"81261";"1";"1";"1";"2";"La Pivrane";"43,7507830";"1,7283940"
"202000043314";"26";"5";"2020";"08:35";"1";"68";"68020";"2";"6";"1";"3";"Rue de Mulhouse";"47,8138460";"7,5059370"
"202000043315";"27";"5";"2020";"13:00";"1";"41";"41114";"1";"1";"1";"7";"A10";"47,7614740";"1,5575510"
"202000043316";"27";"5";"2020";"14:45";"1";"83";"83070";"1";"1";"1";"2";"Avenue du Levant";"43,1463740";"6,3952710"
"202000043317";"27";"5";"2020";"01:30";"3";"41";"41103";"1";"1";"1";"1";"RN10 - PK 33+557";"47,7218160";"1,0203280"
"202000043318";"26";"5";"2020";"13:17";"1";"41";"41120";"1";"2";"1";"3";"D5";"47,8308320";"0,9128420"
"202000043319";"27";"5";"2020";"14:23";"1";"57";"57390";"1";"1";"1";"1";"D36";"49,0045680";"7,3876510"
"202000043320";"27";"5";"2020";"08:33";"1";"57";"57655";"1";"1";"1";"5";"D955";"48,9699620";"6,2963600"
"202000043321";"27";"5";"2020";"11:15";"1";"74";"74165";"1";"4";"7";"3";"route de saint felix";"45,8278870";"5,9747010"
"202000043322";"26";"5";"2020";"19:45";"1";"44";"44158";"1";"3";"1";"3";"Zone Artisanale du Clair de Lune";"47,2810740";" -1,7336408"
"202000043323";"27";"5";"2020";"15:45";"1";"35";"35243";"1";"1";"1";"1";"La Monnerais";"48,3326864";" -1,2907253"
"202000043324";"26";"5";"2020";"18:45";"1";"31";"31001";"1";"1";"1";"6";"D55";"43,3805520";"0,8830480"
"202000043325";"25";"5";"2020";"08:10";"1";"38";"38140";"2";"3";"1";"3";"Avenue Ambroise Croizat";"45,2712400";"5,8902500"
"202000043326";"26";"5";"2020";"19:00";"1";"03";"03297";"2";"1";"1";"6";"Route de Nassigny";"46,5352529";"2,6075363"
"202000043327";"26";"5";"2020";"13:10";"1";"14";"14174";"1";"4";"1";"1";"D184a";"48,8386360";" -0,6063510"
"202000043328";"27";"5";"2020";"05:20";"2";"53";"53096";"1";"1";"1";"7";"Avenue de la Libération";"48,3092350";" -0,9389238"
"202000043329";"27";"5";"2020";"06:00";"2";"28";"28119";"1";"1";"1";"6";"D15";"48,2813870";"1,0805270"
"202000043330";"24";"5";"2020";"08:55";"1";"28";"28078";"1";"1";"7";"2";"D927";"48,1124040";"0,8896710"
"202000043331";"25";"5";"2020";"15:30";"1";"17";"17168";"2";"3";"1";"3";"23 Rue Pierre Loti";"45,9929440";" -1,0788170"
"202000043332";"26";"5";"2020";"23:30";"3";"87";"87063";"1";"1";"1";"6";"Le Plainard";"45,7784000";"1,3545320"
"202000043333";"27";"5";"2020";"07:30";"1";"74";"74208";"1";"1";"1";"6";"N205";"45,9111680";"6,7135480"
"202000043334";"26";"5";"2020";"13:07";"1";"69";"69207";"1";"1";"1";"4";"Avenue de la Paix";"45,8825100";"4,7942660"
"202000043335";"26";"5";"2020";"16:30";"1";"33";"33005";"2";"1";"7";"1";"Boulevard du Page";"44,7591700";" -1,0798100"
"202000043336";"26";"5";"2020";"17:36";"2";"976";"97608";"2";"1";"1";"6";"Route de Moya";" -12,7836000";"45,2803020"
"202000043337";"26";"5";"2020";"20:05";"3";"971";"97118";"1";"1";"1";"6";"Nationale 1";"16,2321620";" -61,5906640"
"202000043338";"27";"5";"2020";"08:05";"1";"29";"29147";"1";"6";"7";"3";"Route de Kergroes";"47,8962472";" -3,5749812"
"202000043339";"26";"5";"2020";"18:15";"1";"2B";"2B093";"1";"1";"1";"6";"Corbara";"42,6234800";"8,9155020"
"202000043340";"25";"5";"2020";"17:45";"1";"83";"83023";"1";"1";"1";"3";"2186 Route de Vins";"43,4163060";"6,0869410"
"202000043341";"27";"5";"2020";"16:35";"1";"71";"71291";"1";"3";"1";"3";"Rue de Marcigny";"46,2200682";"4,0221643"
"202000043342";"26";"5";"2020";"17:55";"1";"88";"88104";"1";"1";"1";"3";"D2";"48,2901320";"5,7140920"
"202000043343";"27";"5";"2020";"17:10";"1";"38";"38442";"1";"1";"1";" -1";"Les Bargettes";"45,3359710";"5,8072680"
"202000043344";"26";"5";"2020";"16:30";"1";"26";"26084";"1";"1";"1";"1";"Route du Bourg";"44,9997210";"4,9195680"
"202000043345";"25";"5";"2020";"16:45";"1";"69";"69249";"1";"1";"1";"2";"D311";"45,6740503";"4,6255774"
"202000043346";"27";"5";"2020";"02:08";"5";"33";"33198";"2";"4";"1";"6";"3 Grand-rue";"45,0417280";" -0,1852870"
"202000043347";"25";"5";"2020";"14:10";"1";"72";"72154";"2";"1";"1";"2";"19 Avenue d'Obernkirchen";"47,7013500";" -0,0549480"
"202000043348";"26";"5";"2020";"16:50";"1";"59";"59497";"1";"1";"1";"3";"Route départemental 642";"50,7329070";"2,3482740"
"202000043349";"26";"5";"2020";"03:05";"5";"13";"13215";"1";"1";"1";"7";"A7-Sens Marseille vers Lyon";"43,3417600";"5,3772300"
"202000043350";"26";"5";"2020";"14:10";"1";"33";"33318";"1";"1";"1";"4";"AUTOROUTE A 63";"44,7837400";" -0,6314100"
"202000043351";"20";"5";"2020";"16:45";"1";"62";"62186";"1";"1";"1";"2";"AUTOROUTE A21";"50,4349440";"2,7156400"
"202000043352";"26";"5";"2020";"08:45";"1";"94";"94034";"1";"1";"1";"7";"AUTOROUTE A6A";"48,7572100";"2,3353800"
"202000043353";"26";"5";"2020";"19:45";"1";"92";"92036";"1";"1";"1";"5";"AUTOROUTE A86";"48,9388900";"2,3080900"
"202000043354";"26";"5";"2020";"14:20";"1";"93";"93066";"1";"1";"1";"4";"AUTOROUTE A1";"48,9175700";"2,3576900"
"202000043355";"25";"5";"2020";"19:05";"1";"93";"93005";"1";"1";"1";"5";"AUTOROUTE A3";"48,9679600";"2,4795000"
"202000043356";"26";"5";"2020";"13:35";"1";"94";"94028";"1";"1";"1";"7";"A86 EXT";"48,7894964";"2,4402226"
"202000043357";"26";"5";"2020";"07:30";"1";"94";"94052";"1";"1";"1";"2";"A4";"48,8264140";"2,4658983"
"202000043358";"23";"3";"2020";"20:30";"5";"986";"98613";"1";"1";"1";"3";"Lavegahau";" -22,2381510";"166,4517220"
"202000043359";"24";"5";"2020";"18:55";"3";"974";"97411";"1";"1";"1";"5";"SAINT-DENIS(TOUS SECTEURS)";" -20,8862900";"55,4361900"
"202000043360";"25";"5";"2020";"10:15";"1";"974";"97409";"1";"1";"1";"3";"LAGOURGUE(CHEMIN)";" -20,9475990";"55,6628600"
"202000043361";"6";"3";"2020";"21:15";"3";"974";"97409";"2";"1";"2";"6";"Lefaguyes (chemin)";" -20,9614338";"55,6612364"
"202000043362";"25";"5";"2020";"21:00";"2";"69";"69387";"2";"2";"1";" -1";"UNIVERSITE (DE L')                  (R )";"45,7515600";"4,8378700"
"202000043363";"25";"5";"2020";"05:20";"2";"69";"69382";"2";"2";"1";"3";"JEAN MOULIN                         (QU)";"45,7635200";"4,8381800"
"202000043364";"24";"5";"2020";"18:33";"5";"971";"97113";"1";"1";"1";"2";"RN4-ROND POINT SAINT FELIX";"16,2075626";" -61,4566344"
"202000043365";"24";"5";"2020";"09:18";"1";"971";"97107";"2";"9";"1";"3";"DUMANOIR ( ALLEE )";"16,0360400";" -61,5675100"
"202000043366";"25";"5";"2020";"17:40";"1";"91";"91692";"2";"1";"1";"2";"OCEANIE (AVENUE DE L')";"48,6777400";"2,1984900"
"202000043367";"25";"5";"2020";"04:55";"5";"91";"91345";"2";"1";"1";"6";"CORBEIL (ROUTE DE)";"48,6834400";"2,3095400"
"202000043368";"25";"5";"2020";"17:10";"1";"91";"91657";"2";"2";"1";" -1";"HENRI BARBUSSE (AVENUE)";"48,7024820";"2,4276030"
"202000043369";"22";"5";"2020";"18:59";"1";"87";"87085";"2";"2";"1";"3";"BEAUBLANC (BOULEVARD DE)";"45,8441016";"1,2406755"
"202000043370";"23";"5";"2020";"15:54";"1";"86";"86158";"2";"1";"1";"2";"Route de Poitiers";"46,6259097";"0,3069642"
"202000043371";"15";"5";"2020";"12:15";"1";"84";"84035";"2";"1";"1";"6";"ROBION (AVENUE DE)";"43,8394700";"5,0539000"
"202000043372";"24";"5";"2020";"03:50";"5";"80";"80489";"2";"3";"1";"3";"HENRI BARBUSSE (RUE)";"49,8727700";"2,3518200"
"202000043373";"22";"5";"2020";"14:18";"1";"80";"80021";"2";"1";"2";"6";"GORLITZ (PLACE DE)";"49,8713000";"2,3188300"
"202000043374";"24";"5";"2020";"18:00";"1";"77";"77350";"2";"1";"1";"3";"AUGUSTE HUDIER (RUE)";"48,7633990";"2,6760560"
"202000043375";"23";"5";"2020";"11:15";"1";"76";"76319";"2";"1";"1";"6";"CLEMENCEAU. RUE GEORGES";"49,3566000";"1,0075100"
"202000043376";"21";"5";"2020";"14:09";"1";"69";"69256";"2";"6";"1";"1";"MARCEL CACHIN                       (AV)";"45,7805606";"4,9455588"
"202000043377";"23";"5";"2020";"13:05";"1";"67";"67482";"2";"3";"1";"3";"PALERME (RUE DE)";"48,5757300";"7,7637000"
"202000043378";"22";"5";"2020";"15:05";"1";"66";"66136";"2";"1";"1";"2";"POINCARE (BOULEVARD HENRI)";"42,6911600";"2,8981900"
"202000043379";"21";"5";"2020";"23:58";"3";"66";"66136";"2";"1";"1";"6";"ROSERAIE (CHEMIN DE LA)";"42,6930600";"2,9438500"
"202000043380";"20";"5";"2020";"14:02";"1";"66";"66136";"2";"3";"1";"3";"BART JEAN";"42,7125800";"2,8936200"
"202000043381";"20";"5";"2020";"16:24";"1";"66";"66136";"2";"1";"1";"6";"AGASSE PASCAL MARIE";"42,6942700";"2,8724000"
"202000043382";"24";"5";"2020";"21:45";"2";"64";"64445";"2";"9";"1";"5";"RESISTANCE";"43,3054200";" -0,3760800"
"202000043383";"25";"5";"2020";"18:42";"1";"64";"64102";"2";"6";"1";"3";"Giratoire de Lachepaillet";"43,4849200";" -1,4900500"
"202000043384";"25";"5";"2020";"12:50";"1";"64";"64024";"2";"1";"1";"4";"BAYONNE (AVENUE DE)";"43,4811400";" -1,5116800"
"202000043385";"24";"5";"2020";"17:35";"1";"63";"63019";"1";"1";"1";"7";"CD 54";"45,8012700";"3,1753600"
"202000043386";"22";"5";"2020";"19:30";"1";"63";"63113";"2";"2";"1";"3";"CARNOT (AVENUE)";"45,7763000";"3,0901600"
"202000043387";"8";"5";"2020";"11:30";"1";"62";"62523";"2";"1";"1";"6";"JACOB (MICHEL)";"50,4512300";"2,8512400"
"202000043388";"23";"5";"2020";"15:40";"1";"59";"59603";"2";"1";"1";"6";"EGALITE (RUE DE L')";"50,3318570";"3,4833220"
"202000043389";"25";"5";"2020";"22:50";"5";"59";"59599";"2";"2";"1";"1";"GAND (RUE DE)";"50,7379600";"3,1622500"
"202000043390";"19";"5";"2020";"11:10";"1";"59";"59178";"2";"1";"1";"1";"LEQUIEN (RUE DU DOCTEUR)";"50,3854700";"3,0863100"
"202000043391";"24";"5";"2020";"16:40";"1";"56";"56121";"2";"6";"1";"3";"BLUM ( BD LEON )";"47,7491700";" -3,3735700"
"202000043392";"24";"5";"2020";"10:50";"1";"56";"56121";"2";"1";"1";"6";"MONISTROL (RUE)";"47,7387700";" -3,3812300"
"202000043393";"23";"5";"2020";"14:35";"1";"56";"56098";"2";"1";"1";"7";"ALLENDE ( AV. PRESIDENT SALVADOR )";"47,7564700";" -3,3243100"
"202000043394";"25";"5";"2020";"19:00";"1";"54";"54395";"2";"6";"1";"2";"MILLENAIRE (PONT DU)";"48,6772826";"6,2055440"
"202000043395";"25";"5";"2020";"13:45";"1";"51";"51058";"2";"3";"7";"3";"Impasse des Alouettes";"49,2266534";"3,9939513"
"202000043396";"19";"5";"2020";"15:12";"1";"45";"45208";"2";"6";"1";"3";"Avenue Louis-maurice Chautemps";"48,0070900";"2,7468680"
"202000043397";"25";"5";"2020";"05:30";"1";"42";"42044";"2";"2";"1";"3";"Rue des Halles";"45,3960800";"4,3234100"
"202000043398";"25";"5";"2020";"13:00";"1";"35";"35238";"2";"1";"1";"6";"GAYEULLES (AVENUE DES)";"48,1279600";" -1,6520200"
"202000043399";"22";"5";"2020";"16:50";"1";"33";"33162";"2";"2";"1";"1";"RUE DU BRETEIL / RUE PAUL DUMONT / AVE DU TAILLAN-MEDOC";"44,8797400";" -0,6475200"
"202000043400";"25";"5";"2020";"02:20";"5";"33";"33063";"2";"3";"1";"6";"BD JOLIOT-CURIE / QUAI DESCHAMPS";"44,8360164";" -0,5502682"
"202000043401";"22";"5";"2020";"15:15";"1";"31";"31149";"2";"1";"1";"1";"HUGO (BOULEVARD VICTOR)";"43,6160700";"1,3109500"
"202000043402";"24";"5";"2020";"20:20";"1";"31";"31555";"2";"1";"1";"3";"BD DE STRASBOURG";"43,6081600";"1,4463900"
"202000043403";"24";"5";"2020";"21:00";"5";"31";"31555";"2";"1";"1";"3";"BD DES RECOLLETS";"43,5839100";"1,4443100"
"202000043404";"24";"5";"2020";"10:22";"1";"31";"31555";"1";"1";"1";"2";"VA007331 A620";"43,5695400";"1,4135000"
"202000043405";"25";"5";"2020";"08:10";"1";"29";"29232";"2";"6";"7";"3";"Rond point  de Ti Douar";"47,9805300";" -4,0728900"
"202000043406";"24";"5";"2020";"15:55";"1";"29";"29019";"2";"3";"1";"3";"D205 - Boulevard Francois Mitterand";"48,4188200";" -4,4522800"
"202000043407";"25";"5";"2020";"17:05";"1";"17";"17300";"2";"3";"1";"3";"SCHOELCHER   AVENUE VICTOR";"46,1537873";" -1,1275469"
"202000043408";"25";"5";"2020";"12:30";"1";"17";"17028";"2";"3";"1";"6";"TIR   RUE DU CHAMP DE";"46,1374000";" -1,1330100"
"202000043409";"21";"5";"2020";"15:25";"1";"14";"14220";"2";"1";"7";"6";"JEAN-MERMOZ (RUE)";"49,3602300";"0,0719000"
"202000043410";"19";"5";"2020";"17:20";"1";"13";"13004";"2";"9";"1";"1";"RTE DE CRAU";"43,6730800";"4,6401700"
"202000043411";"24";"5";"2020";"15:45";"1";"11";"11262";"1";"1";"1";"6";"RD 6009 NARBONNE - BEZIERS";"43,2007900";"3,0162300"
"202000043412";"22";"5";"2020";"14:12";"1";"11";"11262";"2";"1";"1";"5";"ESPAGNE (AVENUE D')";"43,1719430";"2,9905510"
"202000043413";"25";"5";"2020";"17:34";"1";"10";"10362";"2";"9";"1";"3";"PAUL DOUMER (RUE)";"48,2895540";"4,0422930"
"202000043414";"25";"5";"2020";"18:30";"1";"08";"08409";"2";"1";"1";" -1";"MARNE (AVENUE DE LA)";"49,6966300";"4,9165400"
"202000043415";"24";"5";"2020";"10:00";"1";"02";"02738";"2";"3";"1";"3";"CAMILLE DESMOULIN";"49,6569800";"3,3048100"
"202000043416";"24";"5";"2020";"19:15";"1";"75";"75116";"2";"4";"1";"3";"PORTE DE PASSY";"48,8579890";"2,2602510"
"202000043417";"24";"5";"2020";"22:06";"5";"75";"75107";"2";"3";"1";"3";"QUAI D ORSAY";"48,8628750";"2,3151780"
"202000043418";"25";"5";"2020";"22:15";"5";"75";"75117";"2";"1";"1";"3";"RUE RAYMOND PITET";"48,8899900";"2,2965540"
"202000043419";"25";"5";"2020";"16:50";"1";"75";"75117";"2";"3";"1";"6";"BOULEVARD DE COURCELLES";"48,8795460";"2,3049880"
"202000043420";"25";"5";"2020";"09:00";"1";"75";"75108";"2";"2";"1";"3";"RUE LA BOETIE";"48,8742070";"2,3175330"
"202000043421";"25";"5";"2020";"09:20";"1";"75";"75115";"2";"1";"1";"6";"RUE DU COMMERCE";"48,8481980";"2,2969250"
"202000043422";"24";"5";"2020";"17:40";"1";"75";"75115";"2";"1";"1";"2";"RUE DE LA CONVENTION";"48,8405320";"2,2891560"
"202000043423";"25";"5";"2020";"09:48";"1";"75";"75109";"2";"2";"1";"3";"RUE DE MAUBEUGE";"48,8765550";"2,3412990"
"202000043424";"25";"5";"2020";"09:00";"1";"75";"75108";"2";"5";"1";"2";"AVENUE WINSTON CHURCHILL";"48,8677260";"2,3139960"
"202000043425";"25";"5";"2020";"21:55";"5";"75";"75107";"2";"2";"1";"3";"QUAI BRANLY";"48,8624300";"2,3015980"
"202000043426";"25";"5";"2020";"15:35";"1";"75";"75103";"2";"1";"1";"6";"RUE DES ARCHIVES";"48,8622530";"2,3593720"
"202000043427";"24";"5";"2020";"18:15";"1";"94";"94003";"2";"2";"1";"3";"CONVENTION (AV DE LA)";"48,8036600";"2,3352500"
"202000043428";"24";"5";"2020";"19:45";"1";"94";"94041";"2";"1";"1";"6";"JEAN JACQUES ROUSSEAU (R)";"48,8173500";"2,3946500"
"202000043429";"25";"5";"2020";"00:00";"5";"94";"94022";"2";"2";"1";"3";"LEON GOURDAULT (AV)";"48,7643400";"2,4057100"
"202000043430";"25";"5";"2020";"11:25";"1";"94";"94047";"2";"3";"1";"3";"CAZEAUX (R)";"48,7020000";"2,5456000"
"202000043431";"25";"5";"2020";"13:05";"1";"93";"93059";"2";"1";"1";"3";"BD JEAN MERMOZ";"48,9683000";"2,3651300"
"202000043432";"25";"5";"2020";"02:20";"5";"93";"93050";"2";"2";"1";"6";"AV LEON BLUM / AV DU 8 MAI 1945";"48,8678600";"2,5339100"
"202000043433";"25";"5";"2020";"17:45";"1";"93";"93057";"2";"1";"1";"3";"AV ARISTIDE BRIAND";"48,9107069";"2,5135601"
"202000043434";"25";"5";"2020";"18:20";"1";"92";"92076";"2";"1";"1";"2";"COLLEGE";"48,8329200";"2,1503700"
"202000043435";"24";"5";"2020";"21:35";"2";"92";"92047";"1";"2";"1";"3";"JARDY";"48,8315657";"2,1527326"
"202000043436";"21";"5";"2020";"20:00";"1";"92";"92063";"2";"4";"1";"3";"POMPIDOU (AVENUE DU PRESIDENT)";"48,8693600";"2,1978400"
"202000043437";"20";"5";"2020";"19:15";"1";"92";"92073";"2";"3";"1";"3";"DIX-HUIT JUIN 1940 (AVENUE DU) EST";"48,8648496";"2,2060357"
"202000043438";"23";"5";"2020";"14:50";"1";"92";"92025";"2";"1";"1";"6";"BOURNARD (RUE DU)";"48,9235712";"2,2596538"
"202000043439";"25";"5";"2020";"15:45";"1";"92";"92048";"2";"9";"1";"2";"VILLACOUBLAY (AVENUE DE)";"48,7840000";"2,2325000"
"202000043440";"18";"4";"2020";"20:00";"2";"92";"92004";"2";"9";"1";"7";"FAIDHERBE ( AVENUE )";"48,9081900";"2,2682300"
"202000043441";"20";"5";"2020";"18:30";"1";"92";"92004";"2";"1";"1";"6";"GAMBETTA (RUE)";"48,9097300";"2,2928400"
"202000043442";"26";"5";"2020";"14:30";"1";"37";"37240";"1";"1";"1";"3";"Lieu Dit la suarderie";"47,5964107";"0,9383428"
"202000043443";"24";"5";"2020";"20:30";"2";"09";"09079";"1";"1";"1";"2";"D14";"43,1603150";"1,3705790"
"202000043444";"26";"5";"2020";"01:10";"3";"45";"45339";"1";"1";"1";"6";"Les Brosses";"47,9902520";"2,5453950"
"202000043445";"22";"5";"2020";"15:15";"1";"14";"14453";"1";"1";"1";"2";"Mosles";"49,3023310";" -0,8027800"
"202000043446";"25";"5";"2020";"10:55";"1";"83";"83087";"1";"1";"1";"7";"D80";"43,3593380";"5,7863830"
"202000043447";"25";"5";"2020";"17:00";"1";"79";"79147";"1";"1";"1";"7";"Lieu Dit Les Jarzelieres";"46,6525880";" -0,5081180"
"202000043448";"24";"5";"2020";"16:00";"1";"25";"25347";"1";"1";"1";"7";"D131";"47,0339000";"6,4753290"
"202000043449";"25";"5";"2020";"11:55";"1";"44";"44069";"1";"1";"1";"7";"Route de la Vallée";"47,3625270";" -2,4575360"
"202000043450";"23";"10";"2020";"18:10";"5";"75";"75118";"2";"4";"1";"2";"BOULEVARD PERIPHERIQUE";"48,9009550";"2,3476230"
"202000043451";"24";"5";"2020";"19:00";"1";"44";"44131";"1";"1";"1";"3";"Le Port";"47,1112800";" -1,9823240"
"202000043452";"23";"10";"2020";"09:00";"1";"75";"75113";"2";"1";"1";"3";"BOULEVARD PERIPHERIQUE";"48,8167830";"2,3558550"
"202000043453";"26";"5";"2020";"09:20";"1";"29";"29173";"1";"6";"1";"3";"Route de Douarnenez";"48,0117810";" -4,1976030"
"202000043454";"23";"10";"2020";"09:10";"1";"75";"75113";"2";"1";"8";"6";"RUE DES PEUPLIERS";"48,8234550";"2,3531840"
"202000043455";"25";"5";"2020";"19:05";"1";"02";"02374";"1";"2";"1";"3";"D31";"49,9240910";"3,2780380"
"202000043456";"23";"10";"2020";"07:26";"2";"75";"75117";"2";"7";"1";"3";"PLACE GENERAL CATROUX";"48,8833720";"2,3096300"
"202000043457";"21";"5";"2020";"15:25";"1";"03";"03107";"1";"1";"1";"7";"N/A";"46,1082343";"3,0714036"
"202000043458";"22";"10";"2020";"08:45";"1";"75";"75107";"2";"1";"1";" -1";"QUAI ANATOLE FRANCE";"48,8617830";"2,3218680"
"202000043459";"21";"5";"2020";"19:30";"1";"01";"01001";"1";"3";"7";"3";"D7";"46,1326420";"4,9288590"
"202000043460";"23";"10";"2020";"13:30";"1";"75";"75106";"2";"1";"1";"6";"BOULEVARD SAINT MICHEL";"48,8496930";"2,3422440"
"202000043461";"26";"5";"2020";"11:25";"1";"06";"06079";"2";"1";"1";"3";"Avenue du Général Garbay";"43,5681950";"6,9396580"
"202000043462";"23";"10";"2020";"11:07";"1";"75";"75119";"2";"3";"2";"3";"AVENUE DE FLANDRE";"48,8844720";"2,3689760"
"202000043463";"4";"5";"2020";"08:00";"1";"06";"06090";"2";"1";"7";"6";"575 Avenue de Cannes";"43,5920620";"6,9311520"
"202000043464";"25";"5";"2020";"17:35";"1";"05";"05012";"1";"6";"1";"3";"N94";"44,5486470";"6,4847450"
"202000043465";"22";"10";"2020";"21:10";"5";"75";"75119";"2";"3";"1";"2";"AVENUE CORENTIN CARIOU";"48,8951420";"2,3827260"
"202000043466";"26";"5";"2020";"19:55";"2";"50";"50272";"1";"2";"1";"3";"8 Rue Jouvin";"48,9414170";" -1,5376140"
"202000043467";"23";"10";"2020";"13:25";"1";"75";"75118";"2";"3";"1";"3";"BOULEVARD BARBES";"48,8842270";"2,3494630"
"202000043468";"23";"10";"2020";"12:40";"1";"75";"75118";"2";"1";"1";"7";"BOULEVARD NEY";"48,8983690";"2,3634470"
"202000043469";"25";"5";"2020";"14:30";"1";"60";"60315";"1";"2";"1";"3";"RD22";"49,4807670";"1,9002220"
"202000043470";"23";"10";"2020";"12:50";"1";"75";"75118";"2";"2";"1";"3";"BOULEVARD NEY";"48,8982380";"2,3525020"
"202000043471";"24";"5";"2020";"20:30";"3";"18";"18266";"1";"4";"1";"6";"La Cote Maloche";"46,7252450";"2,1835760"
"202000043472";"23";"10";"2020";"19:45";"5";"75";"75116";"2";"7";"1";"3";"PLACE DU MARECHAL DE LATTRE DE TASSIGNY";"48,8717170";"2,2758030"
"202000043473";"22";"10";"2020";"17:30";"1";"75";"75115";"2";"1";"1";"1";"QUAI DE GRENELLE";"48,8524010";"2,2862530"
"202000043474";"25";"5";"2020";"20:00";"1";"53";"53009";"1";"3";"7";"3";"D20";"47,9978520";" -0,6005310"
"202000043475";"20";"10";"2020";"12:25";"1";"75";"75115";"2";"1";"2";"3";"RUE DU COMMERCE";"48,8457170";"2,2947810"
"202000043476";"22";"5";"2020";"09:45";"1";"67";"67309";"2";"9";"1";"3";"11 a Rue de Strasbourg";"48,6379710";"7,7116030"
"202000043477";"21";"5";"2020";"16:20";"1";"06";"06152";"1";"1";"1";"7";"1260 Chemin du Val Martin";"43,6263000";"7,0148190"
"202000043478";"23";"10";"2020";"10:00";"1";"75";"75112";"2";"3";"8";"3";"AVENUE DE NOGENT";"48,8444100";"2,4410390"
"202000043479";"25";"5";"2020";"18:47";"1";"27";"27378";"1";"1";"1";"5";"N12";"48,7756360";"1,2117360"
"202000043480";"23";"10";"2020";"13:50";"1";"75";"75111";"2";"5";"1";"3";"AVENUE LEDRU ROLLIN";"48,8513030";"2,3761490"
"202000043481";"26";"5";"2020";"07:25";"1";"988";"98817";"2";"1";"1";"6";"ROUTE DU VALLON DORE";" -22,2410800";"166,5775610"
"202000043482";"23";"10";"2020";"10:15";"1";"75";"75110";"2";"3";"1";"3";"BOULEVARD SAINT DENIS";"48,8696120";"2,3530060"
"202000043483";"25";"5";"2020";"05:20";"2";"45";"45312";"2";"1";"1";"1";"D2007-PR28+550";"47,9148099";"2,7356537"
"202000043484";"13";"10";"2020";"16:10";"1";"75";"75109";"2";"5";"8";"3";"BOULEVARD HAUSSMANN";"48,8729720";"2,3331110"
"202000043485";"26";"5";"2020";"12:00";"1";"45";"45336";"1";"1";"1";"6";"D120 - PR 2+700";"47,7544860";"2,3181450"
"202000043486";"23";"10";"2020";"18:30";"2";"94";"94003";"2";"1";"1";"3";"PAUL VAILLANT COUTURIER (AV)";"48,8014200";"2,3395700"
"202000043487";"23";"10";"2020";"06:00";"5";"94";"94065";"2";"1";"1";"6";"Zone SOGARIS";"48,7507020";"2,3641170"
"202000043488";"25";"5";"2020";"11:37";"1";"77";"77248";"2";"3";"1";"3";"D89 - D45A";"48,9093118";"2,7809468"