"Num_Acc";"jour";"mois";"an";"hrmn";"lum";"dep";"com";"agg";"int";"atm";"col";"adr";"lat";"long"
"202000043489";"22";"10";"2020";"21:15";"5";"94";"94060";"2";"6";"1";"7";"COMBAULT (RTE DE)";"48,7858100";"2,5828900"
"202000043490";"12";"5";"2020";"03:00";"3";"91";"91207";"1";"1";"1";"6";"1 Chemin des Petits Bois";"48,5799950";"2,2197150"
"202000043491";"23";"10";"2020";"08:50";"1";"93";"93066";"2";"9";"8";"3";"LIBERATION RD14 (BOULEVARD)";"48,9319799";"2,3420205"
"202000043492";"21";"2";"2020";"12:35";"1";"13";"13084";"1";"9";"1";"1";"200 Longues Lées";"43,7239170";"5,3151730"
"202000043493";"23";"10";"2020";"05:20";"5";"93";"93066";"2";"1";"1";"3";"EL OUAFI HAMED BOUGERA";"48,9227927";"2,3641680"
"202000043494";"22";"10";"2020";"17:55";"2";"93";"93066";"2";"1";"1";"2";"CROIZAT AMBROISE ";"48,9322733";"2,3489704"
"202000043495";"24";"5";"2020";"19:10";"1";"13";"13046";"2";"1";"1";"6";"Avenue Emile Zola Prolongée";"43,4289240";"5,5426790"
"202000043496";"13";"10";"2020";"08:10";"1";"93";"93050";"2";"9";"2";"3";"PAUL ET CAMILLE THOMOUX (RUE) COTE PAIR";"48,8688200";"2,5286400"
"202000043497";"21";"10";"2020";"12:00";"1";"93";"93048";"2";"1";"1";"3";"ERNEST SAVART (AVENUE)";"48,8683734";"2,4392192"
"202000043498";"25";"5";"2020";"12:14";"1";"67";"67112";"1";"3";"1";"3";"2 rue Ampère";"48,5389890";"7,5665550"
"202000043499";"23";"10";"2020";"09:35";"1";"93";"93031";"2";"3";"1";"3";"JEAN JAURES (AVENUE)";"48,9582212";"2,3252914"
"202000043500";"26";"5";"2020";"16:30";"1";"55";"55184";"2";"2";"1";"7";"D36 AULNOIS SOUS VERTUZEY";"48,7461010";"5,6762190"
"202000043501";"23";"10";"2020";"17:34";"2";"93";"93001";"2";"9";"1";"3";"SAINT DENIS (RUE DE)";"48,9221147";"2,3730994"
"202000043502";"26";"5";"2020";"17:30";"1";"74";"74220";"2";"3";"1";"3";"197 Grande Rue";"46,1368290";"6,2697910"
"202000043503";"23";"10";"2020";"19:45";"5";"92";"92075";"2";"4";"1";"3";"MARCEL MARTINIE (AVENUE)";"48,8231066";"2,2924947"
"202000043504";"25";"5";"2020";"14:25";"1";"26";"26116";"1";"3";"6";"3";"RD93N";"44,4070520";"4,6988870"
"202000043505";"22";"10";"2020";"17:50";"1";"92";"92050";"2";"1";"1";"3";"CLEMENCEAU GEORGES AVENUE N° PAIR";"48,8855894";"2,2199652"
"202000043506";"26";"5";"2020";"19:15";"1";"69";"69163";"2";"6";"1";"3";"1 Rue de la République";"45,9168720";"4,7749270"
"202000043507";"23";"10";"2020";"12:40";"1";"92";"92020";"2";"3";"1";"3";"LASSEGUE RUE N° PAIRS";"48,8015059";"2,2845723"
"202000043508";"26";"5";"2020";"13:00";"1";"64";"64421";"2";"3";"1";"1";"7 Rue du Pont de Salles";"43,1486930";" -0,5060750"
"202000043509";"23";"10";"2020";"14:55";"1";"92";"92040";"2";"7";"1";"6";"GENERAL LECLERC (DU) DU 41 A 71)";"48,8240671";"2,2730769"
"202000043510";"23";"10";"2020";"08:00";"1";"92";"92026";"2";"9";"1";"3";"BOULEVARD CIRCULAIRE";"48,8895581";"2,2500502"
"202000043511";"26";"5";"2020";"06:10";"1";"44";"44179";"1";"9";"1";"5";"La Banque";"47,3593520";" -1,4554380"
"202000043512";"22";"10";"2020";"16:10";"1";"92";"92025";"2";"2";"1";"3";"CHARLES DE GAULLE (BD)";"48,9145200";"2,2288330"
"202000043513";"25";"5";"2020";"11:00";"1";"60";"60674";"1";"1";"1";"1";"carrefour du marais - RD 14";"49,3923810";"2,9181790"
"202000043514";"23";"10";"2020";"18:15";"1";"47";"47291";"1";"1";"1";"1";"lieu-dit castagne";"44,4823195";"0,7181717"
"202000043515";"25";"5";"2020";"15:30";"1";"59";"59053";"2";"3";"1";"6";"45 Rue de la Chaussée";"50,2947340";"3,7893710"
"202000043516";"24";"10";"2020";"15:50";"1";"33";"33120";"1";"1";"1";"7";"Saint-cricq";"44,6192910";" -0,3375560"
"202000043517";"25";"5";"2020";"08:12";"1";"13";"13215";"1";"1";"1";" -1";"A7-Sens Marseille vers Lyon";"43,3728600";"5,3614300"
"202000043518";"25";"5";"2020";"06:48";"1";"13";"13056";"1";"1";"1";"7";"A55-Sens Martigues vers Marseille";"43,3994000";"5,0934000"
"202000043519";"23";"10";"2020";"18:50";"2";"17";"17310";"2";"4";"2";"1";"D129";"45,6073090";" -0,7459550"
"202000043520";"24";"5";"2020";"22:20";"5";"13";"13055";"1";"1";"1";"2";"A507 sens Marseille - Aubagne";"43,3298500";"5,4067300"
"202000043521";"22";"10";"2020";"19:15";"3";"13";"13078";"1";"1";"8";"1";"D268";"43,4034730";"4,7882150"
"202000043522";"24";"10";"2020";"11:25";"1";"69";"69277";"2";"1";"1";"6";"Rue Jacquard";"45,7409960";"5,0190270"
"202000043523";"25";"5";"2020";"16:09";"1";"91";"91521";"1";"1";"1";"3";"AUTOROUTE A6";"48,6399000";"2,3946000"
"202000043524";"25";"5";"2020";"05:00";"2";"78";"78362";"1";"1";"1";"6";"A13";"48,9763530";"1,7203290"
"202000043525";"23";"10";"2020";"14:20";"1";"79";"79177";"1";"4";"1";"3";"N/A";"46,2675810";"0,1146910"
"202000043526";"25";"5";"2020";"22:25";"5";"94";"94069";"1";"1";"1";" -1";"A4";"48,8173800";"2,4275800"
"202000043527";"24";"10";"2020";"17:55";"1";"26";"26010";"1";"1";"1";"6";"1555 Route de Saint-martin";"45,2444860";"4,9022410"
"202000043528";"23";"5";"2020";"22:00";"5";"75";"75112";"1";"1";"1";" -1";"A4";"48,8201320";"2,4602170"
"202000043529";"23";"10";"2020";"15:20";"1";"59";"59309";"2";"3";"1";"7";"46 Rue Coppens";"50,9834240";"2,5845710"
"202000043530";"24";"10";"2020";"15:25";"1";"60";"60176";"2";"6";"1";"7";"D332";"49,2233470";"2,8922420"
"202000043531";"24";"5";"2020";"16:00";"1";"988";"98818";"2";"1";"1";"6";"RUE COPERNIC";" -22,2318600";"166,4232400"
"202000043532";"24";"10";"2020";"01:30";"3";"60";"60380";"1";"1";"1";"6";"D922";"49,1449721";"3,0578606"
"202000043533";"22";"5";"2020";"15:05";"1";"988";"98818";"2";"1";"1";"3";"RUE AUGUSTE BENEBIG";" -22,2686100";"166,4612800"
"202000043534";"23";"10";"2020";"21:00";"3";"23";"23165";"1";"1";"8";"7";"D3";"45,8277600";"1,9153010"
"202000043535";"23";"5";"2020";"22:50";"5";"973";"97302";"2";"1";"2";"4";"MONTABO (ROUTE DE) 1";"4,9369333";" -52,2975397"
"202000043536";"23";"10";"2020";"15:29";"1";"57";"57018";"1";"2";"2";"3";"D955";"48,8300910";"6,4938210"
"202000043537";"24";"5";"2020";"20:10";"2";"69";"69383";"2";"2";"1";" -1";"MARIUS VIVIER MERLE                 (BD)";"45,7536500";"4,8592300"
"202000043538";"22";"10";"2020";"14:00";"1";"51";"51090";"1";"3";"1";"3";"D39";"48,7857670";"3,8617160"
"202000043539";"24";"5";"2020";"06:45";"1";"69";"69388";"2";"1";"1";"6";"FRERES LUMIERE (DES)                (AV)";"45,7436300";"4,8725946"
"202000043540";"23";"5";"2020";"21:30";"5";"972";"97213";"1";"6";"1";"7";"ROUTE DEPARTEMENTALE 3";"14,6308000";" -60,9892000"
"202000043541";"19";"10";"2020";"15:50";"1";"19";"19274";"1";"1";"2";"7";"La Gare";"45,1796020";"1,4949990"
"202000043542";"23";"10";"2020";"12:35";"1";"56";"56185";"1";"1";"1";"7";"Rue Professeur René Lote";"47,7772450";" -3,4064910"
"202000043543";"24";"5";"2020";"13:05";"1";"95";"95637";"2";"6";"1";"3";"OISE (BOULEVARD DE L')";"49,0357210";"2,0174770"
"202000043544";"24";"10";"2020";"00:24";"3";"32";"32208";"1";"9";"1";"6";"12 Lieu Dit Vieille Cote";"43,9274830";"0,6275730"
"202000043545";"24";"10";"2020";"09:45";"1";"80";"80533";"1";"1";"1";"2";"D925";"50,0591260";"1,4086850"
"202000043546";"24";"10";"2020";"17:20";"1";"47";"47315";"1";"2";"1";"3";"D911";"44,4235440";"0,8429540"
"202000043547";"24";"10";"2020";"07:15";"5";"34";"34126";"2";"1";"1";"6";"3 Route du Poujol";"43,5871520";"3,0801840"
"202000043548";"24";"10";"2020";"10:30";"1";"25";"25248";"2";"1";"1";"6";"30 rue principale";"47,2002620";"6,7457880"
"202000043549";"23";"10";"2020";"10:15";"1";"29";"29056";"1";"1";"1";"6";"D233";"48,4412730";" -4,2845390"
"202000043550";"24";"10";"2020";"16:45";"1";"05";"05130";"1";"1";"1";"1";"2133 Rue du Rocher";"44,5562430";"6,3633370"
"202000043551";"24";"10";"2020";"17:05";"1";"50";"50468";"1";"1";"8";"7";"La Briquerie";"49,2302940";" -1,1186740"
"202000043552";"24";"10";"2020";"16:22";"1";"18";"18058";"1";"1";"8";"6";"D35";"46,8432270";"2,3298530"
"202000043553";"24";"10";"2020";"08:55";"1";"07";"07066";"1";"9";"5";"6";"D2";"44,7052240";"4,6574250"
"202000043554";"23";"10";"2020";"09:15";"1";"53";"53014";"1";"1";"5";"3";"D22";"47,8046280";" -0,6594372"
"202000043555";"19";"10";"2020";"20:20";"3";"21";"21425";"2";"1";"2";"6";"Rue du Parc";"47,6245110";"4,3372550"
"202000043556";"20";"10";"2020";"08:45";"1";"24";"24521";"1";"1";"8";"1";"lieu dit Brugeaud";"45,2443310";"0,8731560"
"202000043557";"24";"10";"2020";"13:15";"1";"24";"24156";"1";"1";"1";"1";"D710";"45,0490460";"0,8581980"
"202000043558";"23";"10";"2020";"06:40";"3";"27";"27011";"1";"4";"5";"7";"D81";"49,2203930";"0,9162320"
"202000043559";"24";"10";"2020";"01:00";"3";"17";"17024";"1";"1";"1";"6";"Chemin des Tanneries";"46,0196600";" -0,3598240"
"202000043560";"24";"10";"2020";"10:20";"1";"68";"68021";"1";"1";"7";"4";"A35";"47,6462800";"7,4946280"
"202000043561";"24";"10";"2020";"14:20";"1";"66";"66228";"1";"3";"1";"3";"Route de Baixas";"42,7087130";"2,7955430"
"202000043562";"22";"10";"2020";"17:55";"2";"976";"97603";"2";"1";"1";"6";"N3";" -12,8938520";"45,2010770"
"202000043563";"23";"10";"2020";"11:35";"1";"17";"17099";"1";"3";"8";"2";"D730";"45,2638020";" -0,3329800"
"202000043564";"22";"10";"2020";"22:00";"3";"34";"34213";"1";"1";"1";"2";"Avenue d'Issanka";"43,4818850";"3,6862560"
"202000043565";"24";"10";"2020";"19:15";"3";"988";"98817";"1";"1";"1";"6";"Route du Sud";" -22,3006400";"166,6858000"
"202000043566";"23";"10";"2020";"21:00";"5";"973";"97311";"2";"2";"1";"3";"31 Rue Simon";"5,4980320";" -54,0292760"
"202000043567";"22";"10";"2020";"18:20";"3";"971";"97117";"2";"9";"1";"6";"Route de Neron";"16,3295500";" -61,3964130"
"202000043568";"23";"10";"2020";"18:40";"2";"91";"91630";"2";"2";"1";"1";"2 Chemin des Bienfaits";"48,5729410";"2,0698140"
"202000043569";"24";"10";"2020";"16:45";"1";"11";"11379";"1";"1";"1";"1";"D6009";"43,0357810";"2,9689200"
"202000043570";"23";"10";"2020";"15:40";"1";"67";"67282";"1";"1";"2";"1";"6 Impasse du Capitaine North";"48,6193090";"7,4840420"
"202000043571";"23";"10";"2020";"16:00";"1";"74";"74226";"1";"1";"2";"7";"D20";"46,1815800";"6,3734380"
"202000043572";"24";"10";"2020";"16:20";"1";"38";"38205";"1";"1";"1";"1";"Route Forestière de Servagnet";"45,1237900";"5,5569500"
"202000043573";"23";"10";"2020";"17:55";"2";"69";"69227";"2";"1";"8";"7";"Route de Rontalon";"45,6578180";"4,5564510"
"202000043574";"23";"10";"2020";"19:45";"5";"61";"61341";"2";"3";"1";"6";"La Pesantiere Radon";"48,4965450";"0,0868390"
"202000043575";"24";"10";"2020";"09:30";"1";"22";"22171";"1";"1";"1";"1";"D790";"48,4210560";" -2,8315330"
"202000043576";"23";"10";"2020";"19:10";"3";"59";"59228";"1";"1";"1";"7";"CHEMIN DU HALAGE";"50,3279020";"3,0655500"
"202000043577";"23";"10";"2020";"10:00";"1";"59";"59440";"2";"3";"1";"3";"Residence au Dela de l'Eau";"50,2853840";"3,3928760"
"202000043578";"23";"10";"2020";"13:20";"1";"13";"13055";"1";"1";"8";"6";"A507 sens Marseille - Aubagne";"43,3371356";"5,3788765"
"202000043579";"23";"10";"2020";"09:10";"1";"13";"13117";"1";"1";"2";"3";"A7-Sens Lyon vers Marseille";"43,4421279";"5,2470394"
"202000043580";"23";"10";"2020";"12:56";"1";"69";"69271";"1";"1";"2";" -1";"RN346  38+250";"45,7264700";"4,9760000"
"202000043581";"23";"10";"2020";"07:10";"5";"33";"33249";"1";"1";"2";"4";"ROUTE NATIONALE 230";"44,8796000";" -0,5099300"
"202000043582";"23";"10";"2020";"18:15";"2";"91";"91161";"1";"1";"1";"3";"AUTOROUTE A6";"48,7161200";"2,3094000"
"202000043583";"23";"10";"2020";"18:20";"1";"94";"94038";"1";"1";"1";"4";"AUTOROUTE A6B";"48,7763700";"2,3465700"
"202000043584";"23";"10";"2020";"16:45";"1";"91";"91377";"1";"1";"1";"2";"AUTOROUTE A10";"48,7285000";"2,3050600"
"202000043585";"23";"10";"2020";"14:40";"1";"94";"94038";"1";"1";"1";"5";"AUTOROUTE A6A";"48,7792381";"2,3464069"
"202000043586";"23";"10";"2020";"07:10";"3";"93";"93007";"1";"1";"1";"3";"AUTOROUTE A3";"48,9354256";"2,4803821"
"202000043587";"23";"10";"2020";"00:45";"5";"988";"98818";"2";"2";"1";"6";"RUE CHARLES PEGUY/RUE VICTOR HUGO";" -22,2823300";"166,4452900"
"202000043588";"22";"10";"2020";"12:15";"1";"976";"97611";"2";"3";"1";"3";"tsoundzou-KOUALE ( rue de )";" -12,8074700";"45,2053000"
"202000043589";"21";"10";"2020";"18:50";"5";"974";"97411";"2";"6";"1";"6";"BONNIER (ALLEE)";" -20,8813600";"55,4596400"
"202000043590";"21";"10";"2020";"16:34";"1";"974";"97411";"2";"1";"1";"3";"JAURES (BLD 1 JEAN)";" -20,8903000";"55,4599000"
"202000043591";"21";"10";"2020";"07:45";"1";"974";"97411";"1";"9";"1";"3";"Chemin de la convalescence";" -20,9228050";"55,4487810"
"202000043592";"22";"10";"2020";"08:10";"1";"973";"97302";"2";"1";"1";"3";"SOURCE DE BADUEL (CHEMIN DE LA)";"4,9309474";" -52,3091054"
"202000043593";"22";"10";"2020";"13:34";"1";"69";"69387";"2";"1";"2";"4";"MARSEILLE (DE)                      (R )";"45,7483100";"4,8378600"
"202000043594";"22";"10";"2020";"11:35";"1";"69";"69259";"2";"2";"2";"3";"PIERRE SEMARD                       (AV)";"45,7118400";"4,8748100"
"202000043595";"21";"10";"2020";"02:05";"5";"972";"97209";"2";"3";"1";"2";"LEOPOLD BISSOL (BOULEVARD)";"14,6145448";" -61,0731006"
"202000043596";"22";"10";"2020";"20:00";"5";"95";"95252";"2";"3";"1";"1";"MAURICE DALESME (RUE)";"48,9924100";"2,2374000"
"202000043597";"22";"10";"2020";"03:40";"3";"84";"84087";"1";"1";"9";"6";"MARTIGNAN (CHEMIN)";"44,1352000";"4,7818000"
"202000043598";"21";"10";"2020";"10:10";"1";"83";"83069";"2";"1";"1";"5";"MOULIN (AVENUE JEAN)";"43,1068600";"6,1295800"
"202000043599";"2";"8";"2020";"19:30";"1";"78";"78126";"2";"1";"1";"1";"ETANGS  (AVENUE DES)";"48,8452290";"2,1304610"
"202000043600";"22";"10";"2020";"10:40";"1";"78";"78551";"1";"9";"1";"6";"RD 190";"48,9187330";"2,0586140"
"202000043601";"22";"10";"2020";"14:20";"1";"78";"78440";"2";"2";"1";"3";"VERNEUIL (ROUTE DE)";"48,9975720";"1,9137660"
"202000043602";"22";"10";"2020";"09:35";"1";"69";"69290";"2";"2";"1";"2";"JULES FERRY                         (R )";"45,6950800";"4,9470900"
"202000043603";"21";"10";"2020";"01:05";"5";"67";"67482";"2";"1";"1";"6";"DORDOGNE (BOULEVARD DE LA)";"48,5898590";"7,7671250"
"202000043604";"21";"10";"2020";"13:45";"1";"66";"66136";"2";"1";"1";"2";"POUDRIERE (CHEMIN DE LA)";"42,7154100";"2,8955600"
"202000043605";"21";"10";"2020";"09:04";"1";"66";"66136";"2";"3";"1";"3";"LANGEVIN (BOULEVARD PAUL)";"42,6855700";"2,8732700"
"202000043606";"20";"10";"2020";"21:07";"5";"66";"66136";"2";"1";"1";"6";"JOFFRE (AVENUE DU MARECHAL CD 88)";"42,7041300";"2,8927400"
"202000043607";"21";"10";"2020";"16:35";"1";"64";"64445";"2";"1";"1";"3";"LYAUTEY";"43,3044000";" -0,3674000"
"202000043608";"21";"10";"2020";"22:48";"5";"63";"63113";"2";"3";"1";"6";"JACOBINS (RUE DES)";"45,7808492";"3,0914886"
"202000043609";"16";"10";"2020";"08:30";"1";"62";"62193";"2";"6";"1";"6";"VERDUN (RUE DE)";"50,9520000";"1,8325400"
"202000043610";"20";"10";"2020";"18:25";"2";"54";"54079";"2";"1";"2";"6";"D657";"48,8830000";"6,0534000"
"202000043611";"19";"10";"2020";"18:10";"1";"52";"52534";"1";"1";"1";"6";"Route de Saint-Dizier";"48,6562100";"4,9173500"
"202000043612";"22";"10";"2020";"17:15";"1";"50";"50218";"1";"1";"1";"1";"CRETE  (RUE DE LA)";"48,8246000";" -1,5765900"
"202000043613";"21";"10";"2020";"10:50";"1";"50";"50129";"2";"3";"2";"1";"NORMANDIE (AVENUE DE)";"49,6269400";" -1,6354300"
"202000043614";"22";"10";"2020";"12:10";"1";"45";"45234";"2";"3";"1";"4";"D951 PR 92 + 120";"47,8947800";"1,9029900"
"202000043615";"21";"10";"2020";"10:55";"1";"37";"37261";"2";"1";"1";"2";"POMPIDOU (AVENUE GEORGES)";"47,3836624";"0,7109870"
"202000043616";"21";"10";"2020";"08:30";"1";"37";"37233";"2";"1";"1";"7";"LOIRE (LEVEE DE LA)";"47,3991346";"0,7362049"
"202000043617";"22";"10";"2020";"15:55";"1";"35";"35238";"2";"1";"1";"6";"VOLTAIRE (BD)";"48,1051120";" -1,6983700"
"202000043618";"22";"10";"2020";"14:15";"1";"35";"35051";"2";"1";"1";"7";"DOMLOUP (ROUTE DE)";"48,1105700";" -1,5853000"
"202000043619";"22";"10";"2020";"07:55";"2";"35";"35278";"2";"9";"2";"7";"BOUTIERE (BOULEVARD DE LA)";"48,1473300";" -1,6965600"
"202000043620";"22";"10";"2020";"19:42";"5";"34";"34172";"2";"2";"2";"3";"BECQUEREL (RUE HENRI)";"43,6104897";"3,9148074"
"202000043621";"21";"10";"2020";"19:45";"5";"34";"34032";"2";"6";"1";"1";"CHURCHILL (ROND POINT WINSTON)";"43,3335600";"3,2316100"
"202000043622";"22";"10";"2020";"21:30";"5";"33";"33075";"2";"1";"3";"6";"AVE DE L EUROPE";"44,8839000";" -0,6103900"
"202000043623";"21";"10";"2020";"18:55";"2";"31";"31555";"2";"1";"1";"6";"AV DE LESPINET";"43,5857500";"1,4631600"
"202000043624";"22";"10";"2020";"22:35";"5";"29";"29232";"2";"9";"1";"3";"Route de Brest";"47,9990900";" -4,0922400"
"202000043625";"22";"10";"2020";"08:45";"1";"29";"29051";"1";"1";"2";"6";"N165 - Le Rouillen";"47,9988800";" -4,0492500"
"202000043626";"22";"10";"2020";"20:30";"5";"29";"29019";"2";"1";"1";"6";"Rue Comtesse Carbonnières";"48,3903853";" -4,4845991"
"202000043627";"22";"10";"2020";"19:20";"5";"27";"27562";"2";"1";"1";"6";"PRES (RUE DES)";"49,1012880";"1,4499508"
"202000043628";"22";"10";"2020";"08:05";"2";"27";"27681";"1";"1";"2";"6";"EVREUX (ROUTE D')";"49,0745000";"1,4351000"
"202000043629";"18";"10";"2020";"18:00";"1";"13";"13056";"1";"3";"1";"3";"BOUGAINVILLERS ALLEE DES";"43,3397700";"5,0688400"
"202000043630";"22";"10";"2020";"13:00";"1";"13";"13208";"2";"2";"1";"3";"RABATAU (BOULEVARD)";"43,2754813";"5,3958835"
"202000043631";"21";"10";"2020";"23:30";"5";"13";"13213";"2";"1";"1";"1";"OLIVES (AVENUE DES)";"43,3255000";"5,4414000"
"202000043632";"22";"10";"2020";"10:40";"1";"13";"13047";"2";"1";"2";" -1";"ROUQUIER CHEMIN DU";"43,5087400";"4,9916600"
"202000043633";"21";"10";"2020";"07:45";"2";"11";"11069";"2";"3";"1";"3";"LECLERC AV. DU GENERAL PAIRS ...116";"43,2111000";"2,3612000"
"202000043634";"21";"10";"2020";"17:10";"1";"10";"10343";"2";"6";"8";"2";"CHATEAU DES COURS (RUE DU)";"48,2707500";"4,0898200"
"202000043635";"22";"10";"2020";"21:15";"5";"06";"06069";"2";"2";"1";"3";"CAUVIN (AVENUE LOUIS)";"43,6416900";"6,9597420"
"202000043636";"21";"10";"2020";"16:30";"1";"75";"75117";"2";"1";"1";"2";"PORTE DE SAINT OUEN";"48,8998190";"2,3195340"
"202000043637";"19";"10";"2020";"22:40";"5";"75";"75113";"2";"1";"1";"6";"PORTE D ITALIE";"48,8177380";"2,3673380"
"202000043638";"22";"10";"2020";"11:40";"1";"75";"75119";"2";"1";"1";"6";"RUE DE L ARGONNE";"48,8932380";"2,3837710"
"202000043639";"22";"10";"2020";"23:05";"5";"75";"75114";"2";"2";"1";"3";"RUE DE L OUEST";"48,8367620";"2,3207550"
"202000043640";"22";"10";"2020";"18:05";"1";"75";"75114";"2";"4";"1";"3";"RUE JEAN ZAY";"48,8375380";"2,3223820"
"202000043641";"22";"10";"2020";"08:15";"1";"75";"75113";"2";"1";"8";"3";"AVENUE PIERRE MENDES FRANCE";"48,8410540";"2,3682680"
"202000043642";"22";"10";"2020";"18:10";"1";"75";"75112";"2";"1";"1";"3";"QUAI DE LA RAPEE";"48,8449410";"2,3687680"
"202000043643";"22";"10";"2020";"16:00";"1";"75";"75111";"2";"7";"1";"6";"PLACE DE LA NATION";"48,8486130";"2,3943480"
"202000043644";"22";"10";"2020";"18:30";"5";"75";"75110";"2";"1";"1";"6";"RUE ALBERT CAMUS";"48,8779800";"2,3694940"
"202000043645";"22";"10";"2020";"15:00";"1";"75";"75110";"2";"7";"1";"3";"RUE DU FAUBOURG SAINT MARTIN";"48,8838280";"2,3685890"
"202000043646";"22";"10";"2020";"14:00";"1";"75";"75110";"2";"2";"1";"2";"RUE LA FAYETTE";"48,8816380";"2,3658300"
"202000043647";"22";"10";"2020";"07:20";"1";"75";"75110";"2";"2";"1";"6";"BOULEVARD DE MAGENTA";"48,8785840";"2,3540430"
"202000043648";"21";"10";"2020";"18:20";"1";"75";"75109";"2";"4";"1";"6";"RUE AUBER";"48,8721900";"2,3298440"
"202000043649";"22";"10";"2020";"11:00";"1";"75";"75101";"2";"2";"1";"6";"RUE SAINT DENIS";"48,8578830";"2,3471780"
"202000043650";"21";"10";"2020";"14:10";"1";"75";"75101";"2";"1";"8";" -1";"RUE DE TURBIGO";"48,8633560";"2,3466570"
"202000043651";"20";"10";"2020";"20:40";"5";"94";"94067";"2";"1";"1";"6";"LUCIEN DELAHAYE (PL)";"48,8393470";"2,4168710"
"202000043652";"22";"10";"2020";"14:00";"1";"94";"94074";"2";"1";"1";"3";"HENRI BARBUSSE (AV)";"48,7621687";"2,4424814"
"202000043653";"22";"10";"2020";"07:35";"5";"94";"94058";"2";"1";"2";"6";"BRY (AV DE)";"48,8354020";"2,4969330"
"202000043654";"21";"10";"2020";"17:00";"1";"94";"94022";"2";"1";"1";"6";"VICTOR HUGO (AV)";"48,7689300";"2,4207100"
"202000043655";"21";"10";"2020";"21:15";"4";"94";"94060";"2";"1";"8";" -1";"Hippodrome (AV)";"48,7958400";"2,5636700"
"202000043656";"22";"10";"2020";"14:45";"1";"94";"94070";"2";"1";"1";"7";"PRAIRIE (R DE LA)";"48,7223400";"2,5710300"
"202000043657";"22";"10";"2020";"16:30";"1";"94";"94002";"2";"1";"2";"6";"VAILLANT COUTURIER (R)";"48,8045000";"2,4198000"
"202000043658";"22";"10";"2020";"06:40";"5";"93";"93066";"2";"1";"2";"3";"WILSON (AVENUE DU PRESIDENT)";"48,9147572";"2,3581443"
"202000043659";"21";"10";"2020";"20:15";"5";"93";"93066";"2";"1";"1";"6";"""SEMBAT MARCEL (BD), NR 2 A 66 ET 1 A 47";"48,9321056";"2,3528640"
"202000043660";"22";"10";"2020";"19:00";"2";"93";"93064";"2";"2";"1";"6";"R JULES FERRY / R DU 4EME ZOUAVE";"48,8731000";"2,4796600"
"202000043661";"22";"10";"2020";"08:00";"1";"93";"93051";"2";"2";"8";"3";"VINGT SIX AOUT 1944";"48,8470500";"2,5261800"
"202000043662";"22";"10";"2020";"17:52";"1";"93";"93048";"2";"2";"1";"3";"R DE LA DEMI LUNE / R EMILE BEAUFILS";"48,8756771";"2,4590260"
"202000043663";"22";"10";"2020";"16:40";"1";"93";"93063";"2";"2";"1";"3";"KERAUTRET AVENUE PIERRE";"48,8795500";"2,4485900"
"202000043664";"22";"10";"2020";"16:35";"1";"92";"92049";"2";"1";"1";"3";"BROSSOLETTE AVENUE PIERRE";"48,8191900";"2,3098700"
"202000043665";"21";"10";"2020";"19:30";"5";"92";"92026";"2";"2";"1";"3";"MARCEAU";"48,8996211";"2,2457100"
"202000043666";"21";"10";"2020";"07:50";"2";"92";"92026";"2";"1";"8";" -1";"CHÂTEAU DU LOIR (DE 01 A 10)";"48,8979711";"2,2482247"
"202000043667";"23";"10";"2020";"06:00";"5";"14";"14207";"1";"1";"5";"6";"24 Route de Caen";"49,0082910";" -0,4342600"
"202000043668";"22";"10";"2020";"22:15";"3";"34";"34245";"1";"6";"2";"1";"Route de Saint Pons";"43,4228010";"2,9315580"
"202000043669";"22";"10";"2020";"13:48";"1";"01";"01004";"2";"1";"3";"1";"Rue du Clos Lebreton";"45,9597950";"5,3508350"
"202000043670";"23";"10";"2020";"07:10";"2";"85";"85031";"1";"1";"5";"3";"Croix de Bois Sorin";"46,8084800";" -0,9132200"
"202000043671";"23";"10";"2020";"01:25";"3";"84";"84143";"1";"1";"2";"7";"D28";"44,0069640";"5,1203960"
"202000043672";"23";"10";"2020";"15:20";"1";"43";"43003";"1";"1";"2";"7";"Moulin de Neyraval - Route de Fix";"45,1859970";"3,6647370"
"202000043673";"22";"10";"2020";"17:35";"2";"68";"68177";"1";"2";"2";"5";"D430";"47,9424810";"7,1504470"
"202000043674";"23";"10";"2020";"07:55";"2";"17";"17172";"2";"3";"2";"1";"Avenue de la Victoire";"45,5734750";" -0,6763670"
"202000043675";"22";"10";"2020";"21:05";"3";"49";"49092";"1";"1";"2";"3";"Les Faveries (valanjou) (Valanjou)";"47,2062435";" -0,5551046"
"202000043676";"22";"10";"2020";"12:15";"1";"38";"38177";"1";"1";"2";"6";"D211";"45,0718540";"6,0392190"
"202000043677";"16";"10";"2020";"16:50";"1";"62";"62397";"2";"1";"1";"6";"Rue du Marechal Joffre";"50,8709610";"1,8699880"
"202000043678";"23";"10";"2020";"12:30";"1";"44";"44052";"1";"1";"1";"3";"N171";"47,3373295";" -2,1121152"
"202000043679";"22";"10";"2020";"16:28";"1";"37";"37261";"1";"1";"1";"2";"N/A";"47,3915968";"0,7059833"