"Num_Acc";"jour";"mois";"an";"hrmn";"lum";"dep";"com";"agg";"int";"atm";"col";"adr";"lat";"long"
"202000043680";"22";"10";"2020";"21:50";"3";"83";"83057";"1";"1";"1";"6";"4244 Route de Nice";"43,3910620";"6,2581730"
"202000043681";"21";"10";"2020";"07:45";"3";"56";"56078";"1";"4";"2";"3";"D306";"47,8061440";" -3,4595350"
"202000043682";"22";"10";"2020";"16:00";"1";"56";"56184";"2";"7";"1";"6";"Place du General de Gaulle";"47,6600550";" -2,4511800"
"202000043683";"22";"10";"2020";"21:10";"5";"76";"76700";"2";"3";"1";"1";"D929, Rue des Forrières";"49,6788480";"1,0377790"
"202000043684";"23";"10";"2020";"08:15";"1";"80";"80651";"2";"3";"1";"6";"7 Rue du Marechal Leclerc";"49,8536770";"1,7907500"
"202000043685";"23";"10";"2020";"00:15";"3";"65";"65019";"1";"1";"1";"7";"D935";"43,1419232";"0,0954300"
"202000043686";"22";"10";"2020";"16:00";"1";"32";"32147";"1";"1";"1";"5";"RN 124";"43,6224230";"0,9095050"
"202000043687";"23";"10";"2020";"12:50";"1";"63";"63003";"1";"1";"2";"7";"D65";"45,5604591";"3,7204048"
"202000043688";"3";"12";"2020";"07:00";"1";"971";"97101";"2";"9";"1";"3";"Bd René Serge NABAJOTH";"16,2783200";" -61,5034600"
"202000043689";"4";"12";"2020";"18:00";"5";"95";"95218";"2";"6";"2";"3";"FR€NES (RUE DES)";"49,0282700";"2,1044000"
"202000043690";"3";"12";"2020";"19:50";"5";"91";"91027";"2";"2";"2";"3";"AV FRANCOIS MITTERRAND";"48,7091600";"2,3714400"
"202000043691";"3";"12";"2020";"17:15";"1";"91";"91433";"1";"1";"2";"7";"CD207";"48,4579400";"2,1630900"
"202000043692";"3";"12";"2020";"10:04";"1";"87";"87085";"2";"2";"2";"3";"BEAUBLANC (BOULEVARD DE)";"45,8467500";"1,2435300"
"202000043693";"4";"12";"2020";"16:00";"1";"81";"81163";"1";"1";"2";"7";"RD 118";"43,4643948";"2,3634321"
"202000043694";"3";"12";"2020";"12:15";"1";"80";"80021";"2";"1";"1";"1";"SAINT FUSCIEN (RUE)";"49,8828000";"2,3044400"
"202000043695";"29";"11";"2020";"05:10";"5";"80";"80001";"2";"1";"5";"6";"ROUEN (de)";"50,0888300";"1,8196700"
"202000043696";"3";"12";"2020";"06:15";"5";"78";"78423";"2";"2";"2";"3";"FRERES LUMIERES (AVENUE DES)";"48,7932000";"2,0364700"
"202000043697";"4";"12";"2020";"16:50";"5";"78";"78498";"2";"1";"3";"6";"MALADRERIE AV DE LA";"48,9200400";"2,0302800"
"202000043698";"3";"12";"2020";"18:00";"5";"76";"76540";"2";"3";"1";"6";"ECUREUIL. RUE DE L'";"49,4441405";"1,0946533"
"202000043699";"3";"12";"2020";"17:30";"5";"76";"76540";"2";"2";"2";"2";"PARIS. QUAI (HAUT) DE";"49,4373600";"1,0963100"
"202000043700";"3";"12";"2020";"11:25";"1";"76";"76484";"2";"3";"1";"3";"GAULLE. AVENUE DU GENERAL DE";"49,3454300";"1,0932600"
"202000043701";"4";"12";"2020";"12:15";"1";"72";"72181";"2";"1";"1";"4";"BOLLEE (AV) N° IMP 65 A 199";"48,0002500";"0,2121200"
"202000043702";"4";"12";"2020";"16:45";"1";"71";"71486";"2";"1";"4";"5";"CAMILLE BLANC (RUE)";"46,6568546";"4,3695545"
"202000043703";"2";"12";"2020";"15:45";"1";"71";"71076";"2";"1";"2";"3";"CASSIN (RUE RENE)";"46,7749848";"4,8646367"
"202000043704";"4";"12";"2020";"17:08";"2";"68";"68224";"2";"2";"1";"1";"LEFEBVRE (RUE)";"47,7596372";"7,3440757"
"202000043705";"3";"12";"2020";"15:00";"1";"66";"66136";"2";"1";"1";"6";"CHAMPS DE MARS (H.L.M. DU)";"42,6929000";"2,9081000"
"202000043706";"4";"12";"2020";"13:15";"1";"64";"64348";"2";"1";"1";"2";"CHARLES DE GAULLE";"43,3117000";" -0,4137900"
"202000043707";"4";"12";"2020";"13:40";"1";"64";"64102";"2";"1";"3";"7";"SOULT (AVENUE MARECHAL)";"43,4871708";" -1,4853698"
"202000043708";"3";"12";"2020";"09:00";"1";"64";"64102";"2";"2";"1";"2";"HENRI DE NAVARRE (AVENUE)";"43,5086300";" -1,4442300"
"202000043709";"2";"12";"2020";"17:40";"5";"64";"64024";"2";"1";"2";"6";"69 AVENUE DE BAYONNE";"43,4832700";" -1,5032900"
"202000043710";"3";"12";"2020";"12:54";"1";"63";"63113";"2";"1";"1";"2";"BELLEVUE (RUE DE)";"45,7675713";"3,0732892"
"202000043711";"3";"12";"2020";"18:15";"5";"63";"63113";"2";"1";"1";"2";"SAINT JEAN (BD)";"45,7794300";"3,1172800"
"202000043712";"3";"12";"2020";"14:20";"1";"59";"59599";"2";"1";"2";"3";"BEYENS (RUE MARCEL)";"50,7416884";"3,1796274"
"202000043713";"3";"12";"2020";"18:55";"5";"57";"57240";"2";"9";"1";"6";"HUCHET (RUE EMILE)";"49,1440178";"6,8025728"
"202000043714";"2";"12";"2020";"17:20";"5";"55";"55186";"2";"2";"2";"1";"CHATEAU ( RUE DU )";"48,7928100";"5,1258800"
"202000043715";"3";"12";"2020";"13:20";"1";"54";"54498";"2";"1";"2";"6";"GRAND'RUE";"48,7169000";"6,2656000"
"202000043716";"4";"12";"2020";"15:05";"1";"51";"51454";"2";"2";"8";"1";"Place Luton";"49,2710877";"4,0248571"
"202000043717";"3";"12";"2020";"19:30";"5";"50";"50129";"2";"2";"3";"5";"COUBERTIN (RUE PIERRE DE)";"49,6421600";" -1,6372300"
"202000043718";"3";"12";"2020";"07:58";"3";"47";"47031";"1";"3";"1";"3";"RD17";"44,1622720";"0,6478910"
"202000043719";"4";"12";"2020";"19:55";"5";"45";"45234";"2";"1";"2";"4";"Rue du Faubourg Saint Jean";"47,9068500";"1,8886000"
"202000043720";"4";"12";"2020";"12:25";"1";"45";"45234";"2";"1";"1";"3";"Rue du Faubourg de Bourgogne";"47,9011139";"1,9202377"
"202000043721";"4";"12";"2020";"08:05";"1";"45";"45298";"2";"1";"1";"3";"Rue des Hautes Levées";"47,8928054";"1,8773346"
"202000043722";"3";"12";"2020";"15:50";"1";"44";"44109";"2";"1";"1";"6";"BOULEVARD DES POILUS";"47,2338322";" -1,5357578"
"202000043723";"4";"12";"2020";"07:50";"2";"44";"44109";"2";"1";"2";"4";"ROUTE DE PARIS";"47,2600700";" -1,4995800"
"202000043724";"1";"12";"2020";"10:24";"1";"44";"44109";"2";"3";"8";"3";"RUE FRANCOIS FARINEAU";"47,2271900";" -1,5456400"
"202000043725";"4";"12";"2020";"13:37";"1";"37";"37261";"2";"2";"1";"3";"SEVERINE (RUE)";"47,3755775";"0,7059256"
"202000043726";"3";"12";"2020";"18:00";"5";"37";"37122";"2";"6";"2";"6";"VERDUN (RUE DE)";"47,3461850";"0,6657933"
"202000043727";"3";"12";"2020";"17:25";"3";"37";"37122";"2";"1";"3";"2";"Route de Monts";"47,3261417";"0,6627384"
"202000043728";"3";"12";"2020";"10:47";"1";"37";"37261";"2";"1";"2";"6";"DANIEL MAYER";"47,4188685";"0,6979830"
"202000043729";"2";"12";"2020";"07:55";"4";"36";"36044";"2";"1";"2";"6";"67 Rue Roger Cazala";"46,8110988";"1,7014283"
"202000043730";"4";"12";"2020";"17:55";"3";"35";"35238";"2";"1";"2";"7";"MITTERAND (MAIL FRANCOIS)";"48,1091768";" -1,6903442"
"202000043731";"4";"12";"2020";"13:45";"1";"35";"35238";"2";"1";"1";"3";"VOLCLAIR (BD LOUIS)";"48,0883415";" -1,6665128"
"202000043732";"4";"12";"2020";"20:45";"5";"33";"33119";"2";"1";"8";"3";"RUE PAULINE KERGOMARD";"44,8483000";" -0,5076000"
"202000043733";"4";"12";"2020";"18:20";"5";"33";"33069";"2";"6";"2";"3";"AVE MAL DE LATTRE DE TASSIGNY";"44,8635500";" -0,6064000"
"202000043734";"2";"12";"2020";"14:05";"1";"32";"32013";"2";"1";"8";"2";"SADI-CARNOT (BOULEVARD)";"43,6427500";"0,5866600"
"202000043735";"3";"12";"2020";"13:27";"1";"31";"31555";"2";"1";"1";"6";"CHE DE BAGATELLE";"43,5847300";"1,4111200"
"202000043736";"4";"12";"2020";"15:15";"1";"29";"29151";"1";"1";"4";"5";"N12 - Langolvas ";"48,5883468";" -3,7927563"
"202000043737";"4";"12";"2020";"13:45";"1";"29";"29019";"2";"3";"4";"6";"Rue de Maissin";"48,3888106";" -4,5035371"
"202000043738";"4";"12";"2020";"16:55";"1";"26";"26281";"2";"1";"2";"6";"LIBERATION AV. DE LA (31 AOUT 1944) (403";"45,0480560";"5,0474470"
"202000043739";"4";"12";"2020";"07:10";"5";"25";"25056";"2";"3";"3";"3";"ALLENDE  BOULEVARD SALVADOR";"47,2195400";"5,9756000"
"202000043740";"4";"12";"2020";"09:00";"1";"25";"25056";"2";"1";"1";"6";"GRANDS BAS CHEMIN DES";"47,2566780";"6,0144570"
"202000043741";"4";"12";"2020";"08:32";"1";"17";"17200";"2";"1";"3";"3";"GREFFIERES   RUE DES";"46,1880600";" -1,1475400"
"202000043742";"4";"12";"2020";"08:25";"3";"14";"14366";"2";"1";"2";"6";"DUCHESNE FOURNET (BOULEVARD)";"49,1486500";"0,2282700"
"202000043743";"4";"12";"2020";"17:19";"3";"14";"14437";"2";"1";"1";"2";"ECHANGEUR N° 01 ( PORTE DE PARIS )";"49,1649800";" -0,3048600"
"202000043744";"3";"12";"2020";"20:00";"3";"13";"13117";"2";"1";"1";" -1";"ROUTE NATIONALE 113 - AGNEAU";"43,4574900";"5,2341600"
"202000043745";"4";"12";"2020";"22:20";"5";"13";"13209";"2";"1";"2";"3";"ROMAIN ROLLAND (BOULEVARD)";"43,2736700";"5,4135400"
"202000043746";"4";"12";"2020";"15:10";"1";"13";"13211";"2";"1";"8";"3";"LOUIS REGIS (RUE)";"43,2875600";"5,5077900"
"202000043747";"4";"12";"2020";"10:00";"1";"13";"13205";"2";"1";"1";"3";"CHAVE (BOULEVARD)";"43,2954400";"5,3939900"
"202000043748";"3";"12";"2020";"17:55";"5";"13";"13209";"2";"1";"1";"6";"JARRE (AVENUE DE LA)";"43,2382630";"5,4029410"
"202000043749";"4";"12";"2020";"15:10";"1";"10";"10387";"2";"2";"1";"3";"HENRI BARBUSSE (RUE)";"48,2967000";"4,0848000"
"202000043750";"3";"12";"2020";"17:24";"5";"10";"10297";"2";"1";"2";"1";"ROGER SALENGRO (RUE)";"48,3112900";"4,0972500"
"202000043751";"3";"12";"2020";"16:50";"5";"10";"10387";"2";"1";"2";"3";"PREMIER RAM (RUE DU)";"48,3050510";"4,0930960"
"202000043752";"4";"12";"2020";"16:00";"1";"09";"09225";"2";"1";"2";" -1";"BOURIETTE AVENUE DE LA";"43,1031777";"1,6293652"
"202000043753";"4";"12";"2020";"08:45";"1";"09";"09225";"2";"9";"2";"3";"IRENEE CROS AVENUE";"43,1102400";"1,6147900"
"202000043754";"4";"12";"2020";"15:40";"2";"06";"06069";"2";"6";"2";"7";"Route de Cannes";"43,6428200";"6,9460900"
"202000043755";"4";"8";"2020";"16:00";"1";"06";"06029";"2";"1";"1";"6";"CROISETTE (BOULEVARD DE)";"43,5515000";"7,0117350"
"202000043756";"3";"12";"2020";"08:10";"2";"06";"06027";"2";"1";"1";"2";"ST LAURENT (CHEMIN DE)";"43,6661000";"7,1752000"
"202000043757";"4";"12";"2020";"15:26";"1";"75";"75115";"2";"2";"2";"3";"AVENUE DE SUFFREN";"48,8494300";"2,3038200"
"202000043758";"4";"12";"2020";"18:45";"5";"75";"75107";"2";"2";"2";"6";"AVENUE DUQUESNE";"48,8507210";"2,3116460"
"202000043759";"4";"12";"2020";"16:15";"2";"75";"75105";"2";"3";"2";"6";"QUAI SAINT BERNARD";"48,8468460";"2,3609800"
"202000043760";"4";"12";"2020";"12:25";"1";"75";"75106";"2";"1";"1";"2";"BOULEVARD DU MONTPARNASSE";"48,8460040";"2,3183410"
"202000043761";"4";"12";"2020";"17:30";"5";"75";"75119";"2";"1";"2";"7";"AVENUE SIMON BOLIVAR";"48,8773790";"2,3740940"
"202000043762";"3";"12";"2020";"22:30";"5";"75";"75119";"2";"2";"2";"3";"AVENUE SIMON BOLIVAR";"48,8778360";"2,3740810"
"202000043763";"4";"12";"2020";"11:00";"1";"75";"75118";"2";"3";"1";"3";"AVENUE DE LA PORTE DE CLIGNANCOURT";"48,9012520";"2,3441280"
"202000043764";"4";"12";"2020";"09:00";"1";"75";"75118";"2";"2";"8";"3";"BOULEVARD BARBES";"48,8873810";"2,3495630"
"202000043765";"4";"12";"2020";"14:40";"1";"75";"75116";"2";"7";"1";"3";"RUE CLAUDE FARRERE";"48,8423560";"2,2516960"
"202000043766";"3";"12";"2020";"17:20";"5";"75";"75116";"2";"3";"3";"2";"ALLEE DE LONGCHAMP";"48,8670670";"2,2492710"
"202000043767";"4";"12";"2020";"00:30";"5";"75";"75116";"2";"3";"2";"6";"ALLEE DU BORD DE L EAU";"48,8533520";"2,2263440"
"202000043768";"4";"12";"2020";"18:20";"5";"75";"75115";"2";"2";"2";"6";"RUE BRANCION";"48,8347330";"2,3051850"
"202000043769";"4";"12";"2020";"16:15";"2";"75";"75115";"2";"3";"2";"7";"AVENUE DE SAXE";"48,8458770";"2,3135230"
"202000043770";"4";"12";"2020";"10:15";"1";"75";"75112";"2";"1";"1";"2";"BOULEVARD DE LA BASTILLE";"48,8484180";"2,3678450"
"202000043771";"3";"12";"2020";"18:20";"5";"75";"75112";"2";"1";"2";"7";"AVENUE DU TRONE";"48,8481550";"2,3985280"
"202000043772";"4";"12";"2020";"11:00";"1";"75";"75111";"2";"3";"1";"3";"BOULEVARD VOLTAIRE";"48,8606650";"2,3753210"
"202000043773";"4";"12";"2020";"16:00";"1";"75";"75108";"2";"3";"2";"3";"AVENUE DES CHAMPS ELYSEES";"48,8705200";"2,3052800"
"202000043774";"3";"12";"2020";"09:50";"1";"75";"75108";"2";"2";"8";"3";"BOULEVARD HAUSSMANN";"48,8750290";"2,3091910"
"202000043775";"4";"12";"2020";"03:20";"5";"75";"75104";"2";"2";"2";"7";"RUE DES LIONS SAINT PAUL";"48,8519060";"2,3631200"
"202000043776";"2";"12";"2020";"17:00";"5";"75";"75101";"2";"2";"2";"6";"PONT AU CHANGE";"48,8561890";"2,3464870"
"202000043777";"4";"12";"2020";"19:55";"5";"75";"75101";"2";"3";"1";"6";"RUE BERGER";"48,8621520";"2,3426290"
"202000043778";"3";"12";"2020";"05:50";"5";"94";"94081";"2";"3";"2";"1";"MOULIN DE SAQUET - CAR DE LA LIBERATION";"48,7910000";"2,3830000"
"202000043779";"4";"12";"2020";"13:40";"1";"94";"94052";"2";"1";"1";"2";"PONT DE NOGENT";"48,8317800";"2,4930200"
"202000043780";"4";"12";"2020";"19:30";"5";"94";"94076";"2";"1";"2";"6";"GEORGES LEBIGOT (R)";"48,7926120";"2,3647690"
"202000043781";"4";"12";"2020";"15:40";"1";"94";"94016";"2";"6";"8";"6";"CHATEAUBRIAND (PL)";"48,7911080";"2,3247760"
"202000043782";"4";"12";"2020";"16:20";"2";"94";"94041";"2";"1";"8";"6";"HIPPOLYTE MARQUES (BD)";"48,8173804";"2,3674397"
"202000043783";"4";"12";"2020";"20:30";"5";"94";"94041";"2";"1";"2";"1";"JEAN MARIE POULMARCH (R)";"48,8160300";"2,3737000"
"202000043784";"4";"12";"2020";"07:00";"5";"94";"94065";"2";"1";"8";"2";"BOULEVARD CIRCULAIRE ( M.I.N.)";"48,7593400";"2,3615500"
"202000043785";"3";"12";"2020";"18:00";"5";"94";"94033";"2";"2";"2";"6";"25 AOUT 1944 (BD DU)";"48,8473400";"2,4786800"
"202000043786";"4";"12";"2020";"07:55";"2";"94";"94028";"2";"1";"8";"6";"Avenue Laferrière";"48,8017100";"2,4587200"
"202000043787";"4";"12";"2020";"15:20";"1";"94";"94079";"1";"1";"1";"5";"FRIEDBERG (BD DE)";"48,8297800";"2,5394800"
"202000043788";"4";"12";"2020";"17:37";"5";"94";"94018";"2";"3";"2";"6";"PARIS (R DE)";"48,8231200";"2,4112300"
"202000043789";"4";"12";"2020";"16:30";"1";"94";"94071";"2";"2";"1";"3";"VERDUN (BD DE)";"48,7683650";"2,5101910"
"202000043790";"4";"12";"2020";"18:10";"5";"93";"93066";"2";"1";"2";"2";"COURNEUVE (ROUTE)";"48,9330353";"2,3728009"
"202000043791";"3";"12";"2020";"09:49";"1";"93";"93066";"2";"1";"1";"3";"AV DU GENERAL DE GAULLE";"48,9270000";"2,3573000"
"202000043792";"3";"12";"2020";"19:08";"5";"93";"93064";"2";"1";"2";"6";"AV DU PDT KENNEDY";"48,8787900";"2,4901500"
"202000043793";"3";"12";"2020";"22:24";"3";"93";"93046";"1";"1";"2";"6";"RTE STRATEGIQUE";"48,9198200";"2,5576200"
"202000043794";"3";"12";"2020";"17:40";"5";"93";"93057";"2";"2";"2";"1";"MONTYON (AL.) 1 A 74";"48,9120646";"2,5086300"
"202000043795";"31";"8";"2020";"13:00";"1";"92";"92078";"2";"9";"1";"6";"CHARLES DE GAULLE (BD) (1 AU 13)";"48,9366120";"2,3316690"
"202000043796";"4";"12";"2020";"16:40";"5";"92";"92046";"2";"1";"2";"6";"GAMBETTA (RUE)";"48,8238500";"2,3069700"
"202000043797";"4";"12";"2020";"12:02";"1";"92";"92050";"2";"2";"1";"3";"PESARO BOULEVARD DE";"48,8940550";"2,2270530"
"202000043798";"3";"12";"2020";"22:45";"5";"92";"92050";"2";"1";"2";"7";"ARLEQUIN ALLEE DE L'";"48,8902570";"2,2279070"
"202000043799";"4";"12";"2020";"15:49";"1";"92";"92048";"2";"1";"2";"7";"REPUBLIQUE (RUE DE LA) N° 2 A 86";"48,8085643";"2,2361268"
"202000043800";"4";"12";"2020";"19:10";"5";"92";"92044";"2";"2";"2";"3";"ARISTIDE BRIAND(RUE)1A49 ET 2A52";"48,8904158";"2,2836460"
"202000043801";"4";"12";"2020";"15:30";"1";"92";"92026";"2";"1";"1";"3";"ALMA";"48,8968000";"2,2546500"
"202000043802";"4";"12";"2020";"15:40";"1";"92";"92012";"2";"2";"1";"7";"SILLY (RUE DE) 1/87 - 2/88";"48,8390552";"2,2320022"
"202000043803";"4";"12";"2020";"11:10";"1";"92";"92012";"2";"6";"1";" -1";"RHIN ET DANUBE (ROND POINT)";"48,8408240";"2,2288240"
"202000043804";"3";"12";"2020";"20:15";"5";"92";"92009";"2";"9";"2";"6";"CHEVREUL ( AVENUE )";"48,9084284";"2,2655815"
"202000043805";"4";"12";"2020";"10:50";"1";"86";"86107";"1";"4";"1";"1";"Le Ponteil";"46,3688340";"0,6545260"
"202000043806";"4";"12";"2020";"19:25";"5";"972";"97218";"2";"1";"1";"6";"Boulevard General de Gaulle";"14,7670350";" -61,1233560"
"202000043807";"5";"12";"2020";"04:45";"3";"14";"14027";"1";"1";"4";"6";"Hamel aux Helenes - Aunay (Aunay-sur-Odon)";"49,0062890";" -0,6330230"
"202000043808";"4";"12";"2020";"17:40";"5";"72";"72008";"2";"1";"1";"3";"Avenue de la Gautrie";"47,9459340";"0,1826440"
"202000043809";"4";"12";"2020";"15:10";"1";"59";"59331";"2";"1";"7";"6";"Route d'Happegarbes";"50,1295720";"3,6825820"
"202000043810";"4";"12";"2020";"12:30";"1";"74";"74228";"1";"1";"4";"1";"D1201";"46,0706850";"6,0799460"
"202000043811";"4";"12";"2020";"15:32";"2";"76";"76550";"1";"1";"1";"2";"route de la foret";"49,3840280";"0,9698010"
"202000043812";"4";"12";"2020";"20:10";"5";"81";"81128";"2";"1";"2";"6";"21 avenue de castres";"43,6623420";"2,3464210"
"202000043813";"3";"12";"2020";"18:40";"3";"32";"32132";"1";"3";"1";"3";"La Pachère";"43,8488810";"0,6769250"
"202000043814";"5";"12";"2020";"03:10";"3";"71";"71056";"1";"1";"1";"1";"1275 Route des Vernets";"46,6459040";"5,1509141"
"202000043815";"5";"12";"2020";"15:30";"1";"61";"61275";"1";"1";"2";"6";"Les Quinze Sillons";"48,7143270";"0,2848610"
"202000043816";"5";"12";"2020";"00:00";"3";"46";"46340";"1";"1";"2";"7";"Chemin des Pastourelles";"44,5118700";"1,4443270"
"202000043817";"3";"12";"2020";"15:40";"1";"34";"34084";"1";"1";"1";"7";"Chemin de la Medaille";"43,3978140";"3,2066020"
"202000043818";"5";"12";"2020";"13:15";"1";"25";"25240";"1";"2";"4";"3";"D437";"47,0757540";"6,6177790"
"202000043819";"5";"12";"2020";"13:50";"1";"29";"29117";"1";"1";"2";"6";"Lieu-dit Guervian";"48,5611760";" -4,4943630"
"202000043820";"5";"12";"2020";"12:50";"1";"31";"31208";"1";"3";"1";"3";"D26";"43,0628990";"0,8220430"
"202000043821";"5";"12";"2020";"09:20";"1";"15";"15246";"2";"1";"4";"6";"Route départementale RD 678";"45,2662790";"2,6029230"
"202000043822";"4";"12";"2020";"17:20";"5";"50";"50615";"2";"1";"1";"6";"Boulevard de Verdun";"49,5079810";" -1,4665920"
"202000043823";"5";"12";"2020";"16:00";"1";"18";"18012";"2";"3";"1";"6";"rue Saint Denis";"47,1327240";"2,9996540"
"202000043824";"5";"12";"2020";"14:45";"1";"27";"27354";"1";"1";"2";"1";"D80";"49,1692910";"0,9059570"
"202000043825";"4";"12";"2020";"19:45";"3";"973";"97309";"1";"1";"1";"3";"Route de Degrad des Cannes";"4,8834220";" -52,2819940"
"202000043826";"4";"12";"2020";"18:45";"5";"973";"97309";"1";"6";"1";"1";"Avenue Gaston Monnerville";"4,8876280";" -52,2848310"
"202000043827";"5";"12";"2020";"13:10";"1";"06";"06059";"1";"1";"8";"6";"A8 pk207.550 nord";"43,7441040";"7,3722550"
"202000043828";"4";"12";"2020";"20:05";"3";"976";"97607";"1";"1";"1";"1";"Route nationale 2 PK8,5";" -12,8351090";"45,1876260"
"202000043829";"4";"12";"2020";"17:30";"5";"57";"57206";"2";"3";"8";"5";"D952a";"49,3106290";"6,1156660"
"202000043830";"4";"12";"2020";"12:25";"1";"42";"42037";"1";"2";"1";"5";"Route de Saint Paul";"45,6619310";"4,0737230"
"202000043831";"5";"12";"2020";"13:30";"1";"38";"38487";"1";"1";"1";"1";"Chemin des Combes";"45,5686230";"4,8373530"
"202000043832";"5";"12";"2020";"16:30";"1";"26";"26347";"2";"1";"1";"1";"117 Avenue du Jean Jaures";"45,0692590";"4,8415110"
"202000043833";"5";"12";"2020";"10:00";"1";"07";"07245";"2";"1";"1";"6";"Chemin des près";"45,0778270";"4,8003760"
"202000043834";"4";"12";"2020";"17:20";"3";"69";"69215";"1";"1";"1";"1";"Route du Beaujolais";"46,0244800";"4,6638140"
"202000043835";"5";"12";"2020";"11:10";"1";"69";"69067";"1";"1";"1";"1";"D50e";"45,7546190";"4,5613430"
"202000043836";"4";"12";"2020";"18:25";"3";"17";"17240";"1";"1";"8";"1";"Landes du Lezard";"45,2516960";" -0,4035330"
"202000043837";"4";"12";"2020";"19:28";"5";"33";"33227";"2";"2";"2";"1";"Boulevard François Mauriac";"44,5470000";" -0,2550890"
"202000043838";"5";"12";"2020";"04:15";"3";"60";"60282";"1";"1";"8";"6";"route départementale 44";"49,2081350";"2,4536850"
"202000043839";"4";"12";"2020";"17:35";"5";"59";"59449";"2";"1";"1";"3";"D938";"50,4800870";"3,2474630"
"202000043840";"4";"12";"2020";"14:35";"1";"13";"13005";"1";"9";"1";"5";"A50-Sens Marseille vers Aubagne";"43,2768900";"5,5874800"
"202000043841";"1";"12";"2020";"18:16";"1";"13";"13055";"1";"1";"1";"2";"A507 sens Aubagne- Marseille";"43,3191100";"5,4225700"
"202000043842";"3";"12";"2020";"01:10";"5";"69";"69266";"1";"1";"2";"5";"RD 383  ";"45,7723900";"4,9005800"
"202000043843";"2";"10";"2020";"17:03";"1";"42";"42218";"1";"1";"3";"4";"A72";"45,4502200";"4,4205100"
"202000043844";"1";"12";"2020";"08:45";"1";"67";"67152";"1";"1";"2";"3";"Route Nationale 83";"48,5306700";"7,6932100"
"202000043845";"4";"12";"2020";"20:40";"5";"33";"33550";"1";"1";"2";"6";"A62";"44,7780200";" -0,5565700"
"202000043846";"4";"12";"2020";"18:35";"5";"33";"33249";"1";"1";"1";"5";"ROUTE NATIONALE 230";"44,8794900";" -0,5097500"
"202000043847";"4";"12";"2020";"16:50";"1";"33";"33063";"1";"1";"1";"4";"ROCADE A 630";"44,8812000";" -0,5439900"
"202000043848";"4";"12";"2020";"18:05";"3";"91";"91136";"1";"1";"2";"2";"AUTOROUTE A126";"48,7130500";"2,2795400"
"202000043849";"4";"12";"2020";"07:30";"3";"91";"91235";"1";"1";"1";"6";"RN 104";"48,6259000";"2,3566000"
"202000043850";"4";"12";"2020";"13:10";"1";"92";"92025";"1";"1";"1";"5";"A86";"48,9228185";"2,2276220"
"202000043851";"4";"12";"2020";"08:40";"1";"92";"92072";"1";"1";"8";"3";"N118";"48,8174026";"2,2162952"
"202000043852";"3";"12";"2020";"19:55";"5";"92";"92050";"1";"1";"2";"5";"A14";"48,8986348";"2,2163851"
"202000043853";"4";"12";"2020";"20:10";"3";"95";"95488";"1";"1";"2";"6";"A15";"49,0153200";"2,1453600"
"202000043854";"4";"12";"2020";"15:00";"3";"93";"93005";"1";"1";"3";"2";"AUTOROUTE A3";"48,9540000";"2,4733600"
"202000043855";"4";"12";"2020";"00:40";"3";"93";"93029";"1";"1";"2";"6";"AUTOROUTE A86";"48,9285300";"2,4158300"
"202000043856";"3";"12";"2020";"23:10";"3";"93";"93064";"1";"1";"2";"7";"AUTOROUTE A3";"48,8839010";"2,4645110"
"202000043857";"3";"12";"2020";"04:50";"3";"95";"95154";"1";"1";"1";"3";" A1";"49,0345100";"2,5407100"
"202000043858";"4";"12";"2020";"21:00";"3";"77";"77249";"1";"1";"2";"7";"RN104";"48,7292704";"2,6072715"
"202000043859";"4";"12";"2020";"19:25";"3";"77";"77450";"1";"1";"2";" -1";"RN104";"48,7244655";"2,5979457"
"202000043860";"4";"10";"2020";"18:05";"1";"82";"82121";"2";"1";"1";"6";"2 Avenue Aristide Briand";"44,0170570";"1,3386290"
"202000043861";"30";"9";"2020";"16:40";"1";"27";"27229";"2";"1";"1";"6";"JACQUARD (RUE)";"49,0019200";"1,1344300"
"202000043862";"5";"9";"2020";"19:00";"1";"35";"35221";"2";"1";"1";"2";"Rue de Rennes";"47,8694950";" -1,6791700"
"202000043863";"2";"12";"2020";"19:36";"5";"988";"98818";"2";"3";"1";"3";"AVENUE DU MARÉCHAL FOCH/RUE DE LA RÉPUBLIQUE";" -22,2686500";"166,4423300"
"202000043864";"3";"12";"2020";"08:45";"1";"974";"97416";"1";"1";"1";"3";"DIAGONAL (CHEMIN) (2)";" -21,2982000";"55,4737000"
"202000043865";"3";"12";"2020";"16:28";"1";"974";"97416";"1";"1";"1";"6";"SOWETO (AVENUE DE)";" -21,3420700";"55,4898400"
"202000043866";"3";"12";"2020";"08:10";"1";"974";"97411";"1";"1";"1";"3";"Route du Littoral";" -20,8756400";"55,4311900"
"202000043867";"2";"12";"2020";"17:50";"1";"974";"97407";"1";"1";"1";"4";"ROUTE NATIONALE N° 1";" -20,9429700";"55,3272300"
"202000043868";"2";"12";"2020";"11:00";"1";"974";"97407";"1";"1";"1";"2";"ROUTE DU SACRE COEUR";" -20,9563000";"55,3126000"
"202000043869";"3";"12";"2020";"17:34";"1";"973";"97302";"2";"3";"1";"3";"FELIX EBOUE(ROCADE)";"4,9364416";" -52,3073673"
"202000043870";"2";"12";"2020";"13:09";"1";"973";"97302";"2";"3";"1";" -1";"MADELEINE (ROUTE DE LA)";"4,9144164";" -52,3209071"
"202000043871";"3";"12";"2020";"06:45";"1";"973";"97302";"2";"1";"1";"3";"MADELEINE (ROUTE DE LA)";"4,9166773";" -52,3214865"
"202000043872";"3";"12";"2020";"19:10";"5";"69";"69259";"2";"1";"1";"6";"AMBROISE CROIZAT                    (BD)";"45,7025900";"4,8877200"