"Num_Acc";"jour";"mois";"an";"hrmn";"lum";"dep";"com";"agg";"int";"atm";"col";"adr";"lat";"long"
"202000043873";"29";"11";"2020";"20:30";"5";"972";"97209";"1";"1";"2";"1";"AUTOROUTE (A1)";"14,6177000";" -61,0402800"
"202000043874";"3";"12";"2020";"09:50";"1";"69";"69389";"2";"1";"1";"3";"PIERRE SCIZE                        (QU)";"45,7668000";"4,8207000"
"202000043875";"2";"12";"2020";"11:45";"1";"69";"69286";"2";"1";"8";"6";"VICTOR HUGO                         (AV)";"45,8205600";"4,8820300"
"202000043876";"30";"11";"2020";"16:45";"2";"69";"69149";"2";"1";"1";"6";"EMILE ZOLA                          (BD)";"45,7198000";"4,7992600"
"202000043877";"3";"12";"2020";"18:18";"5";"2B";"2B033";"2";"6";"1";"2";"SAMPIERO CORSO - AV";"42,6710600";"9,4428300"
"202000043878";"29";"11";"2020";"19:39";"5";"95";"95306";"2";"1";"1";"1";"CONFLANS(ROUTE DE)";"49,0004679";"2,1447426"
"202000043879";"2";"12";"2020";"21:09";"5";"87";"87085";"2";"3";"2";"6";"GAMBETTA (BOULEVARD)";"45,8285800";"1,2561600"
"202000043880";"3";"12";"2020";"13:03";"1";"83";"83069";"2";"1";"1";"3";"ALMANARRE (ROUTE DE L')";"43,0822900";"6,1282800"
"202000043881";"30";"11";"2020";"08:13";"1";"78";"78382";"2";"3";"8";"6";"DE LATTRE DE TASSIGNY (RUE DU MARECHAL)";"48,9931200";"2,0665600"
"202000043882";"23";"9";"2020";"06:00";"3";"93";"93064";"1";"1";"1";"2";"AUTOROUTE A86";"48,8749409";"2,4788535"
"202000043883";"20";"7";"2020";"16:45";"1";"95";"95268";"2";"1";"1";"6";"RUE DES GAILLARDS";"48,9664100";"2,4008800"
"202000043884";"30";"5";"2020";"22:02";"3";"57";"57283";"1";"1";"1";"6";"CD 112 F";"49,2449400";"6,1449800"
"202000043885";"22";"9";"2020";"11:40";"1";"988";"98818";"2";"3";"1";"3";"ROUTE DE L'ANSE VATA/RUE DU PASTEUR LEENHARDT";" -22,3001900";"166,4448700"
"202000043886";"22";"9";"2020";"15:35";"1";"974";"97416";"1";"1";"1";"7";"ISAUTIER (AVENUE CHARLES)";" -21,3237800";"55,4478300"
"202000043887";"22";"9";"2020";"08:45";"1";"974";"97416";"1";"1";"1";"1";"LIGNE PARADIS(ROUTE DE LA)";" -21,3013000";"55,4575000"
"202000043888";"22";"9";"2020";"07:03";"1";"973";"97302";"2";"1";"1";"6";"LALLOUETTE(RUE)";"4,9405622";" -52,3298871"
"202000043889";"22";"9";"2020";"18:40";"1";"69";"69387";"2";"1";"1";"3";"YVES FARGES                         (BD)";"45,7431200";"4,8340300"
"202000043890";"22";"9";"2020";"18:15";"1";"69";"69383";"2";"1";"1";"2";"GAMBETTA                            (CO)";"45,7550300";"4,8438000"
"202000043891";"22";"9";"2020";"08:15";"1";"69";"69387";"2";"1";"8";"6";"GUSTAVE NADAUD                      (R )";"45,7445100";"4,8313800"
"202000043892";"22";"9";"2020";"08:15";"1";"69";"69381";"2";"3";"8";"6";"ANDRE LASSAGNE                      (QU)";"45,7690148";"4,8378188"
"202000043893";"22";"9";"2020";"07:15";"2";"69";"69034";"2";"6";"2";"7";"LOUIS DUFOUR                        (AV)";"45,8007300";"4,8513600"
"202000043894";"22";"9";"2020";"15:00";"1";"2A";"2A004";"1";"1";"1";"4";"T20";"41,9424800";"8,8091705"
"202000043895";"22";"9";"2020";"18:10";"1";"91";"91201";"2";"4";"1";"2";"GENERAL DE GAULLE(BOULEVARD)";"48,6864800";"2,4042400"
"202000043896";"21";"9";"2020";"07:04";"5";"87";"87085";"2";"1";"1";"7";"ROBERVAL (RUE GILDAS DE)";"45,8816200";"1,2666500"
"202000043897";"21";"9";"2020";"18:37";"1";"87";"87085";"2";"1";"1";"2";"GROUSSIER (RUE ARTHUR)";"45,8609700";"1,2714400"
"202000043898";"21";"9";"2020";"15:39";"1";"87";"87085";"2";"1";"3";"6";"THOMAS (AVENUE ALBERT)";"45,8379000";"1,2386700"
"202000043899";"20";"9";"2020";"18:24";"1";"87";"87085";"2";"2";"1";"2";"BROGLIE (AVENUE LOUIS DE)";"45,8860800";"1,2792000"
"202000043900";"20";"9";"2020";"12:57";"1";"87";"87085";"2";"3";"2";"5";"SILVESTRE (RUE CHARLES)";"45,8551100";"1,2556200"
"202000043901";"21";"9";"2020";"17:35";"1";"84";"84007";"1";"1";"1";"6";"C.De GAULLE (Rocade)";"43,9405900";"4,8321100"
"202000043902";"22";"9";"2020";"14:45";" -1";"83";"83069";"2";"1";" -1";"6";"JUIN ( ROND POINT DU MARECHAL )";"43,1146900";"6,1109200"
"202000043903";"21";"9";"2020";"14:00";"1";"80";"80021";"2";"1";"1";"6";"BAPAUME (BOULEVARD DE)";"49,8793900";"2,3074000"
"202000043904";"21";"9";"2020";"08:36";"1";"80";"80001";"2";"1";"1";"6";"MOULIN QUIGNON (du)";"50,1063000";"1,8459000"
"202000043905";"17";"9";"2020";"06:40";"2";"78";"78517";"1";"1";"1";"4";"RN 10";"48,6683100";"1,8379700"
"202000043906";"22";"9";"2020";"04:00";"5";"76";"76540";"2";"2";"1";"3";"CONSTANTINE. RUE DE";"49,4479400";"1,0722100"
"202000043907";"21";"9";"2020";"17:50";"1";"76";"76540";"2";"2";"1";"6";"LYONS LA FORET. RUE DE";"49,4363600";"1,1270200"
"202000043908";"21";"9";"2020";"18:40";"1";"76";"76540";"2";"2";"1";"5";"SCHUMAN. RUE ROBERT";"49,4378900";"1,1020900"
"202000043909";"21";"9";"2020";"17:40";"1";"76";"76157";"2";"1";"1";"6";"MONTIGNY. RUE DE";"49,4503300";"1,0341300"
"202000043910";"20";"9";"2020";"18:15";"1";"76";"76351";"2";"3";"1";"1";"VALMY (DES)";"49,4913100";"0,1455690"
"202000043911";"21";"9";"2020";"12:40";"1";"76";"76447";"1";"6";"1";"2";"PRESIDENT WILSON";"49,5346834";"0,1792574"
"202000043912";"21";"9";"2020";"08:30";"1";"72";"72095";"2";"7";"1";"3";"GIRONDE (RUE DE LA)";"48,0254300";"0,2049600"
"202000043913";"21";"9";"2020";"07:30";"1";"72";"72181";"2";"6";"1";"3";"EICHTHAL (RUE D')";"47,9982400";"0,1886900"
"202000043914";"21";"9";"2020";"12:00";"1";"71";"71306";"2";"2";"1";"3";"SAINT JEAN (RUE)";"46,6747418";"4,3711503"
"202000043915";"21";"9";"2020";"18:25";"1";"71";"71306";"2";"2";"1";"3";"BEAUBERNARD (RUE)";"46,6705871";"4,3679937"
"202000043916";"22";"9";"2020";"18:05";"1";"69";"69266";"2";"2";"1";"1";"JARDINS    (Rue des)";"45,7766000";"4,9036000"
"202000043917";"22";"9";"2020";"10:05";"1";"68";"68224";"2";"1";"1";"6";"GALFINGUE (RUE DE)";"47,7444200";"7,3256100"
"202000043918";"21";"9";"2020";"10:55";"1";"67";"67267";"2";"1";"1";"5";"MARECHAL FOCH (RUE DU)";"48,5582527";"7,6854784"
"202000043919";"19";"9";"2020";"16:15";"1";"67";"67482";"2";"3";"1";"6";"SAINT JEAN (QUAI)";"48,5834800";"7,7386200"
"202000043920";"17";"9";"2020";"17:05";"1";"67";"67482";"2";"3";"1";"3";"PREMIERE ARMEE (RUE DE LA)";"48,5771964";"7,7517758"
"202000043921";"22";"9";"2020";"11:49";"1";"66";"66136";"2";"1";"1";"3";"GILLES (AVENUE GENERAL)";"42,6944400";"2,9179400"
"202000043922";"19";"9";"2020";"19:20";"1";"66";"66136";"2";"1";"1";"3";"DELAUNAY (LOUIS)";"42,7368800";"2,8934500"
"202000043923";"22";"9";"2020";"18:00";"1";"65";"65440";"2";"2";"1";"2";"DEBUSSY (BOULEVARD CLAUDE)";"43,2201000";"0,0657800"
"202000043924";"20";"9";"2020";"03:50";"5";"63";"63113";"2";"1";"1";"6";"CHANTURGUE (RUE DES HAUTS DE)";"45,8112200";"3,1038700"
"202000043925";"11";"9";"2020";"18:10";"1";"61";"61006";"2";"1";"1";"7";"CARNOT (BOULEVARD)";"48,7380810";" -0,0235070"
"202000043926";"21";"9";"2020";"13:20";"1";"59";"59569";"2";"6";"1";"3";"MOCHE (RUE ALCIDE)";"50,3657500";"3,1176300"
"202000043927";"21";"9";"2020";"12:50";"1";"57";"57306";"2";"1";"1";"6";"MINE (RUE DE LA)";"49,3250900";"6,0561200"
"202000043928";"22";"9";"2020";"21:05";"5";"51";"51454";"2";"2";"1";"3";"Rue de Cernay";"49,2579019";"4,0560673"
"202000043929";"22";"9";"2020";"08:15";"1";"51";"51454";"2";"7";"1";"2";"Avenue de Champagne";"49,2205796";"4,0217576"
"202000043930";"21";"9";"2020";"04:30";"5";"51";"51454";"2";"1";"1";"7";"Rue André Huet";"49,2735757";"4,0086714"
"202000043931";"4";"9";"2020";"08:20";"1";"49";"49099";"2";"1";"1";"6";"MOCRAT(AVENUE DE)";"47,0620100";" -0,8963300"
"202000043932";"21";"9";"2020";"12:23";"1";"49";"49007";"2";"1";"1";"6";"FULTON";"47,4626900";" -0,5614800"
"202000043933";"21";"9";"2020";"14:40";"1";"49";"49007";"2";"1";"1";"2";"Rue Saumuroise";"47,4552700";" -0,5293500"
"202000043934";"22";"9";"2020";"15:37";"1";"45";"45232";"2";"2";"1";"3";"Avenue de Sologne";"47,8686500";"1,9118100"
"202000043935";"13";"9";"2020";"10:25";"1";"44";"44184";"2";"2";"1";"3";"PORNICHET (RUE DE) DU 01 AU 101 - DU 02";"47,2700200";" -2,2172900"
"202000043936";"19";"9";"2020";"14:00";"1";"44";"44184";"2";"3";"2";"3";"LEFERME (BOULEVARD PAUL)";"47,2904400";" -2,1995600"
"202000043937";"22";"9";"2020";"21:00";"5";"38";"38151";"2";"2";"1";"6";"Rue Normandie Niemen";"45,1475300";"5,7198800"
"202000043938";"22";"9";"2020";"16:35";"1";"35";"35238";"2";"1";"1";" -1";"GROS MALHON (AVENUE)";"48,1273436";" -1,6831980"
"202000043939";"22";"9";"2020";"14:15";"1";"35";"35051";"1";"1";"1";"7";"Diffuseur RN 136 - RN 157";"48,1147900";" -1,5660500"
"202000043940";"22";"9";"2020";"07:35";"2";"35";"35238";"2";"1";"5";"7";"VILLEBOIS MAREUIL (BD)";"48,1018300";" -1,6495200"
"202000043941";"22";"9";"2020";"16:20";"1";"34";"34172";"2";"3";"2";"3";"MERMOZ (AVENUE JEAN)";"43,6121900";"3,8895400"
"202000043942";"22";"9";"2020";"15:40";"1";"34";"34172";"2";"3";"2";"3";"CASTELNAU JUSTICE DE";"43,6270330";"3,8729620"
"202000043943";"22";"9";"2020";"07:50";"1";"33";"33318";"2";"3";"8";"1";"AVE DE BEUTRE";"44,8000000";" -0,6724000"
"202000043944";"16";"9";"2020";"22:30";"5";"33";"33063";"2";"1";"1";"6";"71 Quai des Chartrons";"44,8529200";" -0,5673000"
"202000043945";"18";"9";"2020";"14:40";"1";"31";"31069";"2";"1";"1";"1";"GRENADE (ROUTE DE)";"43,6455100";"1,3849400"
"202000043946";"21";"9";"2020";"20:40";"2";"30";"30189";"2";"2";"1";"3";"POMPIDOU GEORGES (AVENUE)";"43,8321600";"4,3498000"
"202000043947";"22";"9";"2020";"17:39";"1";"29";"29232";"1";"3";"1";"1";"D34 - Route de Benodet";"47,9515000";" -4,0764600"
"202000043948";"19";"9";"2020";"09:40";"1";"22";"22106";"1";"6";"2";"2";"COTE MER (RD-PT)";"48,4965200";" -2,7233600"
"202000043949";"5";"8";"2020";"20:50";"2";"22";"22278";"2";"1";"1";"6";"71° RI (DU)";"48,5116700";" -2,7652800"
"202000043950";"23";"9";"2020";"01:45";"5";"18";"18279";"2";"1";"1";"6";"CAVALIER (RUE DU)";"47,2262000";"2,0646100"
"202000043951";"20";"9";"2020";"04:00";"3";"17";"17028";"2";"1";"1";"7";"GAULLE   AVENUE DU GENERAL DE";"46,1311500";" -1,1177500"
"202000043952";"22";"9";"2020";"07:50";"1";"15";"15014";"1";"1";"2";"7";"DOCTEUR CHANAL (RUE DU)";"44,9431000";"2,4595100"
"202000043953";"22";"9";"2020";"08:40";"1";"14";"14327";"2";"1";"1";" -1";"RN 814";"49,1893000";" -0,3323600"
"202000043954";"22";"9";"2020";"23:00";"5";"13";"13208";"2";"1";"1";"2";"ROUET (RUE DU)";"43,2807780";"5,3896070"
"202000043955";"22";"9";"2020";"19:40";"1";"13";"13047";"1";"3";"8";"3";"RN 569";"43,4865820";"4,9635390"
"202000043956";"20";"9";"2020";"20:38";"5";"10";"10081";"2";"4";"1";"3";"JEAN ZAY (RUE)";"48,3092400";"4,0390400"
"202000043957";"21";"9";"2020";"11:04";"1";"10";"10343";"2";"3";"1";"6";"DIJON (RUE DE)";"48,2704000";"4,0871000"
"202000043958";"20";"9";"2020";"04:15";"5";"06";"06088";"2";"1";"2";"2";"ANGLAIS (DU N° 114 AU N° 263)";"43,6654270";"7,2035710"
"202000043959";"22";"9";"2020";"22:55";"5";"06";"06083";"2";"1";"1";"2";"MADONE (AVENUE DE LA)";"43,7670190";"7,4888570"
"202000043960";"22";"9";"2020";"13:20";"1";"06";"06027";"1";"1";"2";"6";"GAUDE AVENUE DE LA";"43,6942400";"7,1487400"
"202000043961";"21";"9";"2020";"16:50";"1";"06";"06027";"2";"1";"1";"7";"CHENES AVENUE DES";"43,6613400";"7,1583900"
"202000043962";"18";"9";"2020";"07:00";"2";"03";"03094";"2";"1";"1";"2";"Rue de l'Industrie";"46,1573656";"3,4120774"
"202000043963";"21";"9";"2020";"15:00";"1";"01";"01289";"1";"2";"1";"3";"LENT ( ROUTE DE )";"46,1648900";"5,2206700"
"202000043964";"22";"9";"2020";"16:15";"1";"75";"75120";"2";"1";"1";"3";"PORTE DE MONTREUIL";"48,8581330";"2,4141100"
"202000043965";"22";"9";"2020";"08:45";"1";"75";"75117";"2";"1";"1";"2";"PORTE DE CHAMPERRET";"48,8877610";"2,2910720"
"202000043966";"21";"9";"2020";"00:20";"5";"75";"75114";"2";"2";"1";"6";"AVENUE DE LA PORTE D ORLEANS";"48,8203760";"2,3254340"
"202000043967";"22";"9";"2020";"17:45";"1";"75";"75105";"2";"2";"1";"1";"QUAI DE LA TOURNELLE";"48,8511510";"2,3513080"
"202000043968";"21";"9";"2020";"17:05";"1";"75";"75106";"2";"7";"1";"3";"PLACE SAINT MICHEL";"48,8531720";"2,3431910"
"202000043969";"21";"9";"2020";"15:45";"1";"75";"75106";"2";"5";"1";"6";"BOULEVARD SAINT MICHEL";"48,8503510";"2,3426290"
"202000043970";"22";"9";"2020";"10:45";"1";"75";"75120";"2";"3";"1";"6";"RUE DES PYRENEES";"48,8539610";"2,4057220"
"202000043971";"21";"9";"2020";"23:25";"5";"75";"75120";"2";"3";"1";"6";"AVENUE CARTELLIER";"48,8641070";"2,4131740"
"202000043972";"22";"9";"2020";"16:25";"1";"75";"75119";"2";"3";"1";"3";"RUE CURIAL";"48,8920530";"2,3725480"
"202000043973";"22";"9";"2020";"08:00";"1";"75";"75119";"2";"1";"1";"6";"AVENUE SECRETAN";"48,8819880";"2,3715300"
"202000043974";"22";"9";"2020";"09:10";"1";"75";"75117";"2";"3";"1";"3";"AVENUE MAC MAHON";"48,8779380";"2,2943390"
"202000043975";"22";"9";"2020";"18:15";"1";"75";"75116";"2";"2";"1";"2";"AVENUE DE L HIPPODROME";"48,8585680";"2,2448950"
"202000043976";"22";"9";"2020";"09:15";"1";"75";"75116";"2";"3";"1";"2";"AVENUE DU PRESIDENT KENNEDY";"48,8528890";"2,2810160"
"202000043977";"21";"9";"2020";"19:10";"2";"75";"75115";"2";"2";"1";"5";"RUE DE LA CONVENTION";"48,8453460";"2,2785690"
"202000043978";"22";"9";"2020";"17:40";"1";"75";"75114";"2";"4";"1";"3";"RUE ACHILLE LUCHAIRE";"48,8240890";"2,3212840"
"202000043979";"22";"9";"2020";"09:05";"1";"75";"75114";"2";"1";"1";"1";"AVENUE DE LA PORTE DE MONTROUGE";"48,8214530";"2,3216520"
"202000043980";"22";"9";"2020";"16:22";"1";"75";"75113";"2";"1";"1";"2";"BOULEVARD PERIPHERIQUE EXTERIEUR SUD";"48,8161200";"2,3599110"
"202000043981";"22";"9";"2020";"17:10";"1";"75";"75113";"2";"3";"1";"7";"RUE DE TOLBIAC";"48,8271310";"2,3671260"
"202000043982";"22";"9";"2020";"09:40";"1";"75";"75113";"2";"3";"1";"3";"AVENUE DE CHOISY";"48,8284810";"2,3581020"
"202000043983";"22";"9";"2020";"18:40";"1";"75";"75112";"2";"1";"1";"6";"ROUTE DE LA TOURELLE";"48,8245270";"2,4322790"
"202000043984";"22";"9";"2020";"14:30";"1";"75";"75112";"2";"2";"1";"7";"BOULEVARD DE LA GUYANE";"48,8438740";"2,4146650"
"202000043985";"22";"9";"2020";"09:30";"1";"75";"75112";"2";"1";"1";"3";"RUE CHALIGNY";"48,8459700";"2,3835910"
"202000043986";"22";"9";"2020";"22:30";"5";"75";"75111";"2";"7";"1";"6";"PLACE DE LA BASTILLE";"48,8533280";"2,3697830"
"202000043987";"22";"9";"2020";"18:30";"1";"75";"75109";"2";"1";"1";"5";"BOULEVARD DE CLICHY";"48,8838670";"2,3317070"
"202000043988";"22";"9";"2020";"18:35";"1";"75";"75108";"2";"7";"1";"2";"PLACE CHARLES DE GAULLE";"48,8740980";"2,2957630"
"202000043989";"22";"9";"2020";"15:30";"1";"75";"75108";"2";"2";"1";"7";"RUE ROYALE";"48,8683870";"2,3232500"
"202000043990";"22";"9";"2020";"02:05";"5";"75";"75108";"2";"2";"1";"3";"RUE JOSEPH SANSBOEUF";"48,8751350";"2,3229260"
"202000043991";"22";"9";"2020";"09:42";"1";"75";"75107";"2";"2";"1";"2";"RUE DU BAC";"48,8595630";"2,3292760"
"202000043992";"21";"9";"2020";"15:35";"1";"75";"75107";"2";"2";"1";"6";"RUE DU GENERAL BERTRAND";"48,8476910";"2,3133520"
"202000043993";"22";"9";"2020";"08:30";"1";"75";"75103";"2";"2";"1";"3";"RUE DE BRETAGNE";"48,8622890";"2,3637340"
"202000043994";"22";"9";"2020";"17:25";"1";"94";"94074";"2";"1";"1";"4";"HENRI BARBUSSE (AV)";"48,7638400";"2,4419300"
"202000043995";"22";"9";"2020";"10:50";"1";"94";"94058";"2";"1";"1";"6";"PAUL DOUMER (R)";"48,8324500";"2,5088200"
"202000043996";"22";"9";"2020";"08:30";"1";"94";"94046";"2";"1";"1";"7";"GENERAL DE GAULLE (AV DU)";"48,8094660";"2,4239870"
"202000043997";"21";"9";"2020";"10:40";"1";"94";"94076";"2";"3";"1";"7";"PAUL VAILLANT COUTURIER (AV)";"48,7946000";"2,3602000"
"202000043998";"22";"9";"2020";"16:40";"1";"94";"94038";"2";"1";"1";"6";"CHEVILLY (R DE)";"48,7758200";"2,3435400"
"202000043999";"22";"9";"2020";"18:45";"1";"94";"94011";"2";"2";"1";"3";"ROSTAND.(RUE JEAN)";"48,7652100";"2,4807600"
"202000044000";"22";"9";"2020";"19:05";"1";"94";"94054";"2";"1";"1";"3";"PAUL VAILLANT COUTURIER (R)";"48,7478670";"2,3985230"
"202000044001";"22";"9";"2020";"12:25";"1";"94";"94018";"2";"1";"1";"5";"GRAVELLE (AV DE)";"48,8249990";"2,4105840"
"202000044002";"22";"9";"2020";"12:15";"1";"93";"93078";"2";"6";"1";"3";"BD ROBERT BALLANGER / AV VAUBAN";"48,9614700";"2,5564000"
"202000044003";"22";"9";"2020";"16:07";"1";"93";"93070";"2";"1";"1";"2";"MICHELET(AV):N°1AU 103";"48,9033618";"2,3441244"
"202000044004";"21";"9";"2020";"21:20";"5";"93";"93066";"2";"2";"1";"3";"JEANNE D'ARC";"48,9306500";"2,3652000"
"202000044005";"21";"9";"2020";"11:30";"1";"93";"93066";"2";"1";"1";"1";"RESISTANCE (PLACE)";"48,9326473";"2,3548719"
"202000044006";"22";"9";"2020";"09:10";"1";"93";"93062";"2";"4";"1";"3";"EST (BOULEVARD DE L')";"48,9024284";"2,5252547"
"202000044007";"22";"9";"2020";"09:00";"1";"93";"93055";"2";"1";"1";"2";"JEAN JAURES (AVENUE)(130 AU 172)";"48,9073000";"2,3962000"
"202000044008";"22";"9";"2020";"14:00";"1";"93";"93048";"2";"1";"1";"2";"HENRI BARBUSSE (BOULEVARD)";"48,8673424";"2,4421928"
"202000044009";"22";"9";"2020";"21:30";"5";"93";"93046";"2";"2";"1";"3";"MAURICE BERTHEAUX ALLEE";"48,9197300";"2,5150400"
"202000044010";"22";"9";"2020";"07:20";"2";"93";"93046";"2";"3";"1";"1";"THIERS AVENUE";"48,8980937";"2,5205803"
"202000044011";"22";"9";"2020";"15:30";"1";"93";"93010";"2";"2";"1";"6";"REPUBLIQUE (AV. DE LA) 121 A FIN";"48,8964812";"2,4781169"
"202000044012";"22";"9";"2020";"09:50";"1";"93";"93001";"2";"1";"1";"3";"JEAN JAURES (AVE) 55 A 129";"48,9048677";"2,3933122"
"202000044013";"21";"9";"2020";"23:20";"5";"92";"92078";"2";"2";"1";"3";"HAUT DE LA NOUE (RUE)";"48,9348532";"2,3264869"
"202000044014";"21";"9";"2020";"22:25";"5";"92";"92063";"2";"3";"1";"3";"DIX-HUIT JUIN 1940 (AVENUE DU) EST";"48,8661714";"2,2020205"
"202000044015";"22";"9";"2020";"17:20";"1";"92";"92048";"2";"1";"1";"7";"HENRI SAVIGNAC (RUE)";"48,8193700";"2,2342300"
"202000044016";"22";"9";"2020";"13:25";"1";"92";"92040";"2";"1";"1";"7";"PDT ROOSEVELT (QUAI DU)";"48,8316063";"2,2623553"
"202000044017";"22";"9";"2020";"09:55";"1";"92";"92040";"2";"2";"1";"1";"JULES GUESDES";"48,8195463";"2,2789176"
"202000044018";"22";"9";"2020";"03:18";"5";"92";"92036";"2";"1";"1";"7";"PRINCIPALE DU PORT (ROUTE) (19/+)";"48,9356378";"2,2664615"
"202000044019";"21";"9";"2020";"20:40";"5";"92";"92036";"1";"1";"1";"3";"HENRI BARBUSSE (RUE) (37/135)";"48,9273845";"2,3002889"
"202000044020";"19";"9";"2020";"13:05";"1";"08";"08101";"1";"1";"1";"1";"La Chapelle";"49,7534070";"5,0280900"
"202000044021";"23";"9";"2020";"07:45";"2";"33";"33478";"2";"4";"5";"1";"62 Rue Eugène Leroy";"45,0081800";"0,0108110"
"202000044022";"20";"9";"2020";"00:00";"3";"49";"49220";"1";"1";"3";"7";"rosseau";"47,6809050";" -0,3704880"
"202000044023";"17";"8";"2020";"14:00";"1";"26";"26005";"1";"1";"1";"7";"Autoroute du Soleil";"44,5079220";"4,7728730"
"202000044024";"22";"9";"2020";"20:20";"5";"91";"91553";"2";"6";"1";"1";"3 Rue Jean de la Fontaine";"48,6287680";"2,4917510"
"202000044025";"20";"9";"2020";"19:10";"1";"95";"95612";"2";"1";"1";"1";"25 Rue des Ecoles";"48,9964060";"2,4774490"
"202000044026";"23";"9";"2020";"11:30";"1";"76";"76159";"2";"1";"2";"7";"Rue de Greenock";"49,7919380";"0,6357800"
"202000044027";"19";"9";"2020";"17:37";"1";"33";"33316";"1";"2";"2";"7";"D15E2/D15";"44,7223900";"0,1052280"
"202000044028";"23";"9";"2020";"14:25";"1";"69";"69033";"2";"2";"1";"3";"Route du Favret";"45,8474657";"4,8752318"
"202000044029";"22";"9";"2020";"19:50";"5";"42";"42177";"2";"1";"2";"1";"Route de Roanne";"46,1302440";"4,1088440"
"202000044030";"23";"9";"2020";"09:15";"1";"47";"47306";"1";"1";"1";"6";"D911";"44,3843910";"0,5423000"
"202000044031";"23";"9";"2020";"12:40";"1";"68";"68258";"2";"2";"1";"3";"Rue du Docteur Schweitzer";"47,8367450";"7,3031130"
"202000044032";"14";"7";"2020";"22:45";"3";"35";"35338";"1";"1";"1";" -1";"Le Petit Minbier";"48,0542860";" -1,2815190"
"202000044033";"23";"9";"2020";"11:30";"1";"26";"26124";"2";"1";"1";"6";"15 Grande Rue";"44,8370880";"4,8951480"
"202000044034";"21";"9";"2020";"13:15";"1";"72";"72176";"2";"1";"1";"1";"Boulevard Fisson";"47,6424110";"0,1564530"
"202000044035";"21";"9";"2020";"07:15";"4";"72";"72191";"2";"1";"5";"6";"Avenue du 14 Juillet";"47,7611010";"0,2749690"
"202000044036";"22";"9";"2020";"08:50";"1";"72";"72359";"1";"2";"1";"3";"D301";"48,1400030";"0,3792000"
"202000044037";"23";"9";"2020";"12:35";"1";"14";"14227";"1";"1";"2";"1";"D27";"49,2672998";" -0,0387463"
"202000044038";"23";"9";"2020";"14:10";"1";"60";"60650";"1";"1";"1";"7";"D98";"49,2460879";"2,7970333"
"202000044039";"19";"9";"2020";"18:15";"2";"64";"64513";"2";"3";"2";"1";"6 Chemin d'Oreyte";"43,3917440";" -0,9428550"
"202000044040";"23";"9";"2020";"13:13";"1";"64";"64138";"2";"1";"1";"7";"Avenue Joseph Szydlowski";"43,2357260";" -0,2823830"
"202000044041";"23";"9";"2020";"12:00";"1";"64";"64059";"2";"1";"1";"6";"ROUTE D'ASSAT";"43,2741470";" -0,2504110"
"202000044042";"9";"9";"2020";"11:25";"1";"43";"43020";"2";"2";"1";"3";"Route de Beauzac";"45,3005130";"4,1111990"
"202000044043";"22";"9";"2020";"15:10";"1";"21";"21023";"1";"1";"1";"6";"D16";"47,0995080";"4,4731680"
"202000044044";"21";"9";"2020";"17:45";"1";"27";"27467";"2";"3";"1";"1";"233 Rue du Gaillon";"49,3466440";"0,5250960"
"202000044045";"23";"9";"2020";"07:19";"1";"28";"28219";"1";"1";"1";"5";"Les Marchais";"48,2351210";"1,0363630"
"202000044046";"21";"9";"2020";"13:50";"1";"28";"28422";"2";"9";"1";"2";"2 Rue Saint-lubin";"48,2695630";"1,6295080"
"202000044047";"22";"9";"2020";"20:15";"5";"973";"97307";"2";"1";"1";"7";"Rue du Cap";"4,9014980";" -52,3391140"
"202000044048";"23";"9";"2020";"18:44";"1";"80";"80156";"1";"1";"2";"7";"Bussy-lès-Daours";"49,9162486";"2,4076581"
"202000044049";"14";"8";"2020";"21:30";"3";"13";"13112";"1";"3";"1";"3";"Avenue Jean Pallet";"43,5194120";"5,2327970"
"202000044050";"21";"9";"2020";"17:30";"1";"06";"06088";"1";"1";"1";"4";"A8 PK 199+600 SUD";"43,7331120";"7,2825940"
"202000044051";"20";"9";"2020";"04:30";"3";"76";"76484";"1";"1";"1";"6";"A13";"49,3432510";"1,0558840"
"202000044052";"22";"9";"2020";"22:40";"5";"973";"97311";"2";"1";"1";"3";"avenue paul castaing";"5,4848960";" -54,0155487"
"202000044053";"22";"9";"2020";"16:15";"1";"971";"97116";"1";"1";"1";"1";"Chemin Departemental 107 Dit de Vieux Bourg";"16,3297000";" -61,4927530"
"202000044054";"23";"9";"2020";"05:29";"3";"77";"77003";"2";"1";"1";"6";"Chemin des Manneries";"48,2770950";"2,5279710"
"202000044055";"23";"9";"2020";"05:45";"5";"91";"91494";"1";"6";"1";"1";"D19";"48,6151930";"2,3515620"
"202000044056";"22";"9";"2020";"19:00";"2";"78";"78162";"1";"1";"1";"3";"D906";"48,6856910";"2,0085240"
"202000044057";"22";"9";"2020";"18:15";"1";"2B";"2B314";"1";"1";"1";"3";"D81";"42,6566550";"9,1609670"
"202000044058";"22";"9";"2020";"17:30";"1";"2B";"2B188";"2";"1";"2";"1";"Chemin du VVF lieu-dit Licampi";"42,6146330";"9,3514360"
"202000044059";"21";"9";"2020";"19:20";"1";"66";"66037";"1";"1";"1";"3";"D617";"42,6986690";"3,0223450"
"202000044060";"22";"9";"2020";"09:40";"1";"84";"84003";"2";"1";"3";"6";"Avenue Victor Hugo";"43,8787200";"5,3861550"
"202000044061";"22";"9";"2020";"11:30";"1";"13";"13027";"2";"6";"2";"3";"Chemin de la Croix du Vigneron";"43,8752130";"4,8634350"
"202000044062";"23";"9";"2020";"15:30";"1";"39";"39070";"1";"1";"1";"6";"N/A";"46,7390880";"5,9600440"
"202000044063";"22";"9";"2020";"14:50";"1";"68";"68106";"1";"1";"1";"7";"D431";"47,8899820";"7,1133900"