"Num_Acc";"jour";"mois";"an";"hrmn";"lum";"dep";"com";"agg";"int";"atm";"col";"adr";"lat";"long"
"202000044064";"22";"9";"2020";"18:28";"1";"88";"88483";"2";"1";"1";"3";"13 Rue d'Epinal";"48,1931250";"6,3778000"
"202000044065";"22";"9";"2020";"17:00";"1";"74";"74042";"2";"1";"8";"2";"Avenue du Côteau";"46,0805480";"6,4080010"
"202000044066";"23";"9";"2020";"15:10";"1";"42";"42188";"2";"1";"1";"3";"D44";"45,6124364";"3,9459868"
"202000044067";"22";"9";"2020";"19:50";"2";"69";"69117";"1";"1";"8";"1";"1 Chemin des Calles";"45,8582390";"4,7395380"
"202000044068";"22";"9";"2020";"07:45";"1";"09";"09199";"1";"1";"8";"7";"223 Lieu Dit Mourie";"43,1835250";"1,6539950"
"202000044069";"23";"9";"2020";"15:40";"1";"31";"31458";"2";"1";"1";"3";"20 Chemin des Cujalas";"43,5040290";"1,3471450"
"202000044070";"22";"9";"2020";"17:15";"1";"22";"22389";"1";"1";"1";"7";"Rue du Pontpin";"48,4754890";" -2,6692810"
"202000044071";"22";"9";"2020";"18:15";"1";"80";"80685";"1";"1";"1";"5";"D1017";"49,7035979";"2,8093886"
"202000044072";"10";"3";"2020";"20:40";"3";"17";"17333";"1";"1";"2";"6";"RD 730 - BORDEAUX (ROUTE DE)";"45,6057890";" -0,9628950"
"202000044073";"6";"3";"2020";"09:30";"1";"13";"13103";"1";"3";"1";"3";"ROUTE D'ARLES-RN 113";"43,6400600";"4,9784160"
"202000044074";"10";"3";"2020";"18:15";"1";"13";"13214";"2";"1";"1";"3";"CADE (RUE)";"43,3315000";"5,3936500"
"202000044075";"10";"3";"2020";"15:30";"1";"13";"13215";"2";"1";"1";"6";"SAINT ANTOINE (AVENUE DE)";"43,3649800";"5,3568700"
"202000044076";"10";"3";"2020";"14:31";"1";"13";"13202";"2";"3";"1";"3";"LITTORAL (CHEMIN DU)";"43,3268640";"5,3583110"
"202000044077";"10";"3";"2020";"12:30";"1";"13";"13206";"2";"1";"1";"6";"TROIS ROIS (RUE DES)";"43,2940905";"5,3847331"
"202000044078";"9";"3";"2020";"11:50";"1";"13";"13208";"2";"1";"1";"5";"HAIFA (AVENUE)";"43,2497901";"5,3878874"
"202000044079";"10";"3";"2020";"20:50";"5";"13";"13001";"2";"1";"1";"3";"FERRINI FORTUNE (AV)";"43,4879500";"5,4237400"
"202000044080";"10";"3";"2020";"17:45";"1";"13";"13001";"1";"1";"1";"7";"PETIT MOULIN (RTE DU)";"43,5026000";"5,3460800"
"202000044081";"5";"3";"2020";"13:25";"1";"11";"11262";"2";"1";"1";"6";"DE GAULLE (BOULEVARD DU GENERAL)";"43,1848460";"3,0092070"
"202000044082";"6";"3";"2020";"14:15";"1";"11";"11262";"2";"1";"1";"6";"ETANGS  (AVENUE DES)";"43,1558700";"2,9961700"
"202000044083";"9";"3";"2020";"08:00";"2";"11";"11069";"2";"1";"3";"4";"RD 6113";"43,2316600";"2,3741600"
"202000044084";"10";"3";"2020";"18:06";"2";"06";"06088";"2";"2";"1";"3";"GAMBETTA (JUSQU'AU N° 62-73)";"43,6952000";"7,2562000"
"202000044085";"9";"3";"2020";"09:30";"1";"05";"05061";"2";"3";"1";"2";"SANTOS DUMONT ( RUE )";"44,5548900";"6,0700800"
"202000044086";"9";"3";"2020";"08:30";"1";"75";"75120";"2";"1";"1";"7";"BOULEVARD PERIPHERIQUE";"48,8554470";"2,4138260"
"202000044087";"9";"3";"2020";"08:20";"1";"75";"75116";"2";"1";"1";"7";"BOULEVARD PERIPHERIQUE";"48,8551950";"2,2558500"
"202000044088";"10";"3";"2020";"00:11";"5";"75";"75120";"2";"4";"2";"6";"AVENUE CARTELLIER";"48,8644500";"2,4136100"
"202000044089";"9";"3";"2020";"06:30";"3";"75";"75118";"2";"3";"2";" -1";"BOULEVARD NEY";"48,8979860";"2,3424170"
"202000044090";"10";"3";"2020";"10:50";"1";"75";"75117";"2";"5";"8";" -1";"RUE PIERRE DEMOURS";"48,8812733";"2,2955270"
"202000044091";"8";"3";"2020";"16:00";"1";"75";"75117";"2";"2";"2";"6";"AVENUE DE CLICHY";"48,8891260";"2,3227500"
"202000044092";"10";"3";"2020";"11:20";"1";"75";"75114";"2";"3";"1";"3";"AVENUE DU GENERAL LECLERC";"48,8248130";"2,3259210"
"202000044093";"9";"3";"2020";"13:55";"1";"75";"75114";"2";"2";"2";"7";"RUE RAYMOND LOSSERAND";"48,8329430";"2,3162490"
"202000044094";"10";"3";"2020";"19:05";"2";"75";"75112";"2";"2";"1";"2";"RUE DE BERCY";"48,8421130";"2,3764220"
"202000044095";"10";"3";"2020";"18:55";"5";"75";"75109";"2";"2";"1";"6";"RUE LA FAYETTE";"48,8772060";"2,3489930"
"202000044096";"10";"3";"2020";"08:30";"5";"75";"75108";"2";"7";"2";"3";"Place de l'Alma";"48,8643910";"2,3018040"
"202000044097";"9";"3";"2020";"23:45";"5";"75";"75107";"2";"2";"2";"3";"RUE DE LILLE";"48,8585230";"2,3297120"
"202000044098";"10";"3";"2020";"20:10";"5";"75";"75103";"2";"2";"1";"6";"RUE SAINT MARTIN";"48,8616480";"2,3516550"
"202000044099";"10";"3";"2020";"08:15";"1";"94";"94044";"2";"1";"2";"3";"GABRIEL PERI (AV)";"48,7535600";"2,4853000"
"202000044100";"9";"3";"2020";"10:00";"1";"94";"94068";"2";"3";"8";"6";"LEON BOCQUET (R)";"48,7900000";"2,4800000"
"202000044101";"7";"3";"2020";"14:30";"1";"94";"94068";"2";"1";"1";"6";"LOUIS BLANC (AV)";"48,7933000";"2,4979000"
"202000044102";"9";"3";"2020";"09:00";"1";"94";"94041";"2";"3";"1";"3";"VICTOR HUGO (R)";"48,8185730";"2,3839340"
"202000044103";"26";"2";"2020";"15:10";"1";"94";"94073";"2";"1";"1";"6";"GUY MOCQUET (R)";"48,7729700";"2,3981400"
"202000044104";"10";"3";"2020";"18:00";"2";"94";"94028";"2";"1";"1";"3";"CHOISY(ROUTE DE)";"48,7903200";"2,4531900"
"202000044105";"10";"3";"2020";"20:30";"5";"93";"93072";"2";"1";"1";"3";"BD MAXIME GORKI";"48,9453500";"2,3869100"
"202000044106";"10";"3";"2020";"09:15";"1";"93";"93071";"1";"1";"1";"3";"VICTOR HUGO (AVENUE)";"48,9329362";"2,5334919"
"202000044107";"10";"3";"2020";"11:50";"1";"93";"93070";"2";"1";"1";"3";"CAPITAINE-GLARNER (AV)";"48,9050124";"2,3283346"
"202000044108";"10";"3";"2020";"15:40";"1";"93";"93051";"2";"6";"1";"6";"LEVANT (BD)";"48,8372738";"2,5477166"
"202000044109";"10";"3";"2020";"13:48";"1";"93";"93048";"2";"1";"1";"3";"PAUL VAILLANT COUTURIER (BOULEVARD)";"48,8643920";"2,4425649"
"202000044110";"10";"3";"2020";"12:30";"1";"93";"93046";"2";"1";"1";"6";"REPUBLIQUE AVENUE DE LA";"48,9082600";"2,5181400"
"202000044111";"10";"3";"2020";"07:40";"1";"93";"93074";"2";"1";"2";"6";"R PIERRE DE NOLHAC";"48,9345495";"2,5727001"
"202000044112";"10";"3";"2020";"12:20";"1";"93";"93063";"2";"1";"2";"3";"172 Avenue Gaston Roussel";"48,8932471";"2,4377937"
"202000044113";"28";"2";"2020";"21:27";"5";"93";"93013";"2";"1";"2";"6";"LECLERC (AVENU DE LA DIVISION)";"48,9330595";"2,4240016"
"202000044114";"10";"3";"2020";"19:10";"5";"93";"93008";"2";"1";"8";"6";"ARAGON (AVENUE LOUIS)";"48,9148827";"2,4411428"
"202000044115";"10";"3";"2020";"22:20";"5";"93";"93001";"2";"1";"1";"6";"9 R SADI CARNOT";"48,9067120";"2,3878810"
"202000044116";"10";"3";"2020";"17:32";"1";"93";"93001";"2";"1";"1";"5";"121 BD FELIX FAURE";"48,9079383";"2,3786974"
"202000044117";"10";"3";"2020";"17:35";"1";"92";"92051";"2";"1";"1";"6";"VICTOR HUGO (BOULEVARD, N° 9 A 49 ET 16";"48,8873405";"2,2786937"
"202000044118";"9";"3";"2020";"18:30";"1";"92";"92050";"2";"2";"1";"3";"PICASSO PABLO AVENUE";"48,8936920";"2,2120520"
"202000044119";"10";"3";"2020";"17:25";"1";"92";"92020";"2";"1";"1";"1";"EXUPERY AVENUE SAINT";"48,8085660";"2,2983420"
"202000044120";"10";"3";"2020";"08:25";"1";"92";"92020";"2";"1";"8";"3";"PARIS AVENUE DE N° IMPAIRS";"48,8081460";"2,2956170"
"202000044121";"10";"3";"2020";"12:40";"1";"92";"92062";"2";"1";"8";"7";"LAFARGUES (RUE PAUL)";"48,8848800";"2,2475000"
"202000044122";"25";"2";"2020";"17:35";"1";"92";"92004";"2";"3";"1";"3";"RPC GILBERT";"48,9161300";"2,2850300"
"202000044123";"11";"3";"2020";"10:50";"1";"29";"29262";"2";"6";"3";"3";"Rue de Lampaul Guimiliau";"48,4470685";" -4,0058061"
"202000044124";"8";"3";"2020";"21:30";"3";"66";"66136";"1";"1";"1";"2";"A9 - sens Espagne France";"42,7045920";"2,8657170"
"202000044125";"10";"3";"2020";"19:45";"3";"74";"74295";"1";"1";"2";"1";"D902- route des grandes alpes";"46,3176400";"6,6028260"
"202000044126";"9";"3";"2020";"13:45";"1";"22";"22354";"1";"1";"2";"7";"RN12 PR 99+050";"48,5699130";" -3,2740440"
"202000044127";"11";"3";"2020";"17:10";"1";"83";"83049";"2";"1";"1";"3";"Avenue Léon Amic";"43,2252320";"6,0699140"
"202000044128";"9";"3";"2020";"22:30";"3";"51";"51562";"1";"1";"1";"4";"D9";"49,1945438";"4,0616634"
"202000044129";"2";"3";"2020";"08:45";"1";"56";"56185";"1";"1";"7";"2";"Quéven";"47,7800340";" -3,4227620"
"202000044130";"11";"3";"2020";"11:30";"1";"2B";"2B167";"2";"9";"1";"7";"D451";"42,5361880";"8,8733590"
"202000044131";"11";"3";"2020";"18:15";"2";"80";"80002";"2";"2";"1";"3";"Rue de Chaulnes";"49,8380620";"2,8209110"
"202000044132";"22";"2";"2020";"00:10";"5";"80";"80618";"2";"1";"2";"1";"16 Rue du General de Gaulle";"50,1718191";"1,5729340"
"202000044133";"11";"3";"2020";"10:25";"1";"89";"89010";"1";"1";"1";"5";"D956";"47,7022380";"3,9506790"
"202000044134";"10";"3";"2020";"12:00";"1";"12";"12219";"1";"1";"2";"3";"Hameau de Lous";"44,4785660";"2,9288700"
"202000044135";"29";"2";"2020";"17:30";"1";"42";"42222";"2";"1";"2";"3";"Parking du stade";"45,5944350";"4,3079760"
"202000044136";"10";"3";"2020";"16:45";"1";"29";"29199";"2";"1";"2";"6";"D712 - Route de la Chapelle du Mur";"48,5757700";" -3,7672050"
"202000044137";"11";"3";"2020";"16:30";"1";"38";"38049";"1";"2";"1";"3";"Chemin de Chassagne";"45,4058500";"5,1877200"
"202000044138";"11";"3";"2020";"14:30";"1";"02";"02360";"1";"1";"1";"2";"D925";"49,4253860";"3,9319470"
"202000044139";"10";"3";"2020";"21:30";"3";"03";"03158";"1";"1";"2";"6";"N/A";"46,4524788";"2,7101968"
"202000044140";"9";"3";"2020";"15:50";"1";"66";"66137";"2";"1";"6";"7";"Avenue de France";"42,4605500";"2,8640840"
"202000044141";"10";"3";"2020";"08:10";"1";"06";"06079";"2";"1";"1";"6";"Avenue de Cannes";"43,5420800";"6,9366230"
"202000044142";"10";"3";"2020";"19:45";"3";"53";"53196";"1";"1";"2";"7";"D3";"48,4525150";" -0,3059910"
"202000044143";"10";"3";"2020";"14:45";"1";"04";"04230";"1";"1";"1";"2";"RD 6";"43,8318140";"5,9514840"
"202000044144";"10";"3";"2020";"16:45";"1";"30";"30089";"1";"1";"1";"7";"D763";"43,8469080";"4,5732740"
"202000044145";"11";"3";"2020";"11:50";"1";"48";"48101";"1";"1";"1";"7";"D16";"44,2951660";"3,5003470"
"202000044146";"11";"3";"2020";"19:45";"5";"78";"78455";"2";"6";"1";"6";"D161";"48,8450340";"2,0578660"
"202000044147";"10";"3";"2020";"18:30";"2";"06";"06018";"1";"1";"1";"6";"1450 Route des Lucioles";"43,6164990";"7,0683970"
"202000044148";"11";"3";"2020";"05:05";"3";"72";"72165";"1";"1";"8";"6";"A11";"48,0718570";"0,4391740"
"202000044149";"8";"3";"2020";"14:40";"1";"06";"06085";"1";"1";"1";"2";"A8";"43,5782300";"6,9844290"
"202000044150";"11";"3";"2020";"13:00";"1";"973";"97308";"1";"1";"1";"7";"RN2 Sud";"3,9022920";" -51,8113040"
"202000044151";"10";"3";"2020";"10:07";"1";"971";"97106";"1";"1";"2";"3";"Route de la Traversee";"16,1797990";" -61,7502670"
"202000044152";"26";"2";"2020";"20:00";"3";"77";"77161";"1";"1";"1";"7";"Route de Dormelles";"48,3254700";"2,9122780"
"202000044153";"25";"2";"2020";"11:30";"1";"83";"83001";"2";"6";"1";"3";"Rond-point du Violon";"43,5294040";"6,8210400"
"202000044154";"9";"3";"2020";"15:20";"1";"67";"67313";"2";"1";"1";"7";"8 Rue Hermes ZAC Atrium";"48,5316235";"7,4710921"
"202000044155";"11";"3";"2020";"07:35";"2";"88";"88464";"1";"1";"2";"6";"D11";"48,1096090";"6,6835500"
"202000044156";"11";"3";"2020";"14:00";"1";"38";"38110";"1";"1";"7";"7";"Route de Leveau";"45,5617300";"4,8696000"
"202000044157";"11";"3";"2020";"08:15";"1";"69";"69159";"1";"1";"2";"1";"Route de Tarare";"45,9510592";"4,6629274"
"202000044158";"4";"3";"2020";"13:00";"1";"69";"69140";"2";"1";"1";"1";"570 Chemin des Beluises";"45,8978820";"4,6828260"
"202000044159";"11";"3";"2020";"06:50";"2";"27";"27203";"1";"3";"1";"3";"D533";"49,0432900";"1,4078380"
"202000044160";"10";"3";"2020";"14:30";"1";"13";"13215";"1";"1";"1";"5";"A7-Sens Marseille vers Lyon";"43,3454529";"5,3741840"
"202000044161";"10";"3";"2020";"09:05";"1";"13";"13210";"1";"1";"1";"4";"A50-Sens Marseille vers Aubagne";"43,2846900";"5,4168900"
"202000044162";"5";"3";"2020";"08:30";"1";"69";"69040";"1";"1";"2";"2";"A6 ";"45,7995000";"4,7751000"
"202000044163";"9";"3";"2020";"08:55";"1";"67";"67482";"1";"1";"1";"4";"Autoroute A.35";"48,5783521";"7,7252503"
"202000044164";"10";"3";"2020";"18:45";"1";"33";"33192";"1";"1";"1";"4";"AUTOROUTE A 63";"44,7777900";" -0,6449200"
"202000044165";"9";"3";"2020";"07:45";"1";"59";"59636";"1";"1";"1";"3";"ROUTE DEPARTEMENTALE 652";"50,6807350";"3,0568910"
"202000044166";"7";"3";"2020";"05:15";"3";"59";"59346";"1";"1";"1";"1";"AUTOROUTE A27";"50,6009990";"3,1325740"
"202000044167";"10";"3";"2020";"07:30";"1";"91";"91216";"1";"1";"1";"7";"AUTOROUTE A6";"48,6836500";"2,3289000"
"202000044168";"9";"3";"2020";"11:50";"1";"91";"91687";"1";"1";"1";"2";"AUTOROUTE A6";"48,6636900";"2,3662500"
"202000044169";"10";"3";"2020";"07:30";"1";"78";"78640";"1";"1";"2";"4";"A86 EXT";"48,7775000";"2,2210000"
"202000044170";"9";"3";"2020";"20:24";"3";"78";"78431";"1";"1";"2";"4";"A13";"48,9387400";"1,9565500"
"202000044171";"9";"3";"2020";"09:00";"1";"93";"93066";"1";"1";"1";"3";"AUTOROUTE A1";"48,9186500";"2,3573000"
"202000044172";"8";"3";"2020";"17:10";"1";"93";"93027";"1";"1";"3";"6";"AUTOROUTE A86";"48,9286200";"2,4138000"
"202000044173";"8";"3";"2020";"11:20";"1";"93";"93005";"1";"1";"1";"6";"AUTOROUTE A3";"48,9482700";"2,4756200"
"202000044174";"10";"3";"2020";"10:57";"1";"77";"77258";"1";"1";"1";"5";"A4.W";"48,8320333";"2,6495025"
"202000044175";"6";"1";"2020";"11:04";"1";"78";"78372";"2";"1";"1";"6";"EPINES (RUE DES)";"48,8746000";"2,0993000"
"202000044176";"1";"1";"2020";"02:40";"5";"07";"07102";"2";"9";"1";"6";"Jean CHARCOT (Rue)";"44,9363200";"4,8700400"
"202000044177";"9";"3";"2020";"14:00";"1";"974";"97416";"1";"1";"1";"3";"CD 26";" -21,2954700";"55,4448000"
"202000044178";"8";"3";"2020";"13:07";"1";"974";"97411";"2";"2";"1";"3";"Rue Sainte Anne";" -20,8828013";"55,4542959"
"202000044179";"9";"3";"2020";"19:14";"3";"973";"97302";"1";"9";"1";"3";"ROUTE NATIONALE 1";"4,9305198";" -52,3296189"
"202000044180";"27";"6";"2020";"00:13";"3";"974";"97416";"1";"1";"1";"6";"RN3 (3)";" -21,3170000";"55,4912700"
"202000044181";"9";"3";"2020";"18:20";"2";"69";"69386";"2";"2";"1";"3";"GERMAIN                             (R )";"45,7652200";"4,8679300"
"202000044182";"9";"3";"2020";"16:15";"1";"69";"69199";"2";"1";"1";"7";"MATHIEU DUSSURGEY                   (R )";"45,7123200";"4,8611700"
"202000044183";"26";"6";"2020";"11:50";"1";"974";"97411";"1";"1";"2";"3";"RN2/081";" -20,8856400";"55,4968000"
"202000044184";"8";"3";"2020";"12:00";"1";"972";"97209";"2";"1";"1";"7";"FLUTE DES MORNES (RUE DE LA)";"14,6180000";" -61,0510000"
"202000044185";"25";"6";"2020";"08:00";"1";"974";"97411";"2";"1";"1";"3";"JAURES (BOULEVARD JEAN)";" -20,8899900";"55,4634800"
"202000044186";"9";"3";"2020";"17:35";"1";"69";"69381";"2";"1";"1";"6";"CHARTREUX (DES)                     (R )";"45,7719000";"4,8239000"
"202000044187";"8";"3";"2020";"12:13";"1";"69";"69385";"2";"2";"1";"3";"TRION (DE)                          (R )";"45,7562401";"4,8175324"
"202000044188";"26";"6";"2020";"16:15";"1";"973";"97302";"2";"3";"1";"3";"CABASSOU (ROUTE DE)";"4,9192043";" -52,3174798"
"202000044189";"8";"3";"2020";"13:55";"1";"971";"97113";"1";"1";"1";"7";"SECTION PLIANE";"16,2155400";" -61,4635700"
"202000044190";"26";"6";"2020";"19:45";"1";"69";"69276";"2";"3";"1";"6";"POUDRERIE (DE LA)                       ";"45,6800000";"4,8500000"
"202000044191";"8";"3";"2020";"19:50";"5";"95";"95019";"2";"1";"2";"2";"JAURES JEAN (RUE)";"48,9955000";"2,4197000"
"202000044192";"26";"6";"2020";"15:10";"1";"69";"69276";"2";"1";"7";"7";"RHONE (DU)                              ";"45,6664400";"4,8408100"
"202000044193";"9";"3";"2020";"15:15";"1";"91";"91549";"2";"9";"9";"7";"PARC DES MARES YVON (+RUE)";"48,6288260";"2,3323650"
"202000044194";"6";"3";"2020";"20:48";"5";"87";"87085";"2";"2";"1";"3";"PONT NEUF";"45,8260500";"1,2679200"
"202000044195";"26";"6";"2020";"13:05";"1";"69";"69383";"2";"2";"1";"3";"PART DIEU      (DE LA)             (R )";"45,7597000";"4,8490000"
"202000044196";"26";"6";"2020";"14:20";"1";"972";"97213";"2";"1";"1";"1";"BELLEVUE (CHEMIN RURAL DE)";"14,6227000";" -60,9535000"
"202000044197";"26";"6";"2020";"15:35";"1";"69";"69389";"2";"1";"7";" -1";"ST CYR (DE)                         (R )";"45,7880700";"4,8089100"
"202000044198";"26";"6";"2020";"02:35";"5";"69";"69385";"2";"1";"1";"6";"FULCHIRON                           (QU)";"45,7563600";"4,8247300"
"202000044199";"20";"6";"2020";"14:00";"1";"971";"97113";"2";"1";"1";"5";"SECTION COCOYER";"16,2417400";" -61,4849600"
"202000044200";"26";"6";"2020";"02:25";"3";"2A";"2A004";"2";"6";"1";"6";"MERCURE RCE BD NICEP STEPH DE COMENE";"41,9086200";"8,7019400"
"202000044201";"7";"3";"2020";"12:06";"1";"87";"87085";"2";"3";"1";"2";"BORIE (BOULEVARD DE LA)";"45,8350900";"1,2266900"
"202000044202";"26";"6";"2020";"16:40";"1";"91";"91549";"2";"1";"9";"7";"REGIMENT NORMANDIE-NIEMEN (AVENUE DU)";"48,6373250";"2,3317870"
"202000044203";"7";"3";"2020";"18:10";"1";"85";"85194";"2";"1";"1";"3";"Avenue du Pas du Bois";"46,5036600";" -1,7423600"
"202000044204";"26";"6";"2020";"23:50";"5";"91";"91377";"2";"2";"1";"6";"PARIS (RUE DE)";"48,7246300";"2,2681800"
"202000044205";"1";"3";"2020";"02:10";"3";"84";"84087";"2";"1";"2";"6";"CAMARET (ROUTE DE)";"44,1453300";"4,8383900"
"202000044206";"26";"6";"2020";"17:50";"1";"91";"91657";"2";"1";"1";"2";"PIERRE BROSSOLETTE (RUE)";"48,6955200";"2,4320520"
"202000044207";"8";"3";"2020";"05:10";"5";"84";"84007";"2";"1";"1";"7";"C.De GAULLE (Rocade)";"43,9306900";"4,8253400"
"202000044208";"26";"6";"2020";"14:25";"1";"91";"91514";"2";"2";"1";" -1";"JEAN JAURES (DU N°52 AU 131) (AVENUE)";"48,6715800";"2,5336100"
"202000044209";"25";"6";"2020";"18:00";"1";"87";"87065";"2";"1";"1";"6";"LEGRAND (RUE FREDERIC-)";"45,8123200";"1,3227500"
"202000044210";"3";"3";"2020";"12:00";"1";"83";"83137";"2";"1";"1";" -1";"CAMUS (AVE ALBERT)";"43,1298000";"5,8818000"
"202000044211";"7";"3";"2020";"19:10";"5";"83";"83126";"2";"1";"1";"7";"AV DE LA 1ERE ARMEE FRANCAISE";"43,1115100";"5,8827600"
"202000044212";"25";"6";"2020";"09:00";"1";"87";"87085";"2";"3";"1";"3";"GAY-LUSSAC (COURS)";"45,8355800";"1,2618500"
"202000044213";"9";"3";"2020";"14:35";"1";"83";"83034";"2";"1";"1";"3";"ROUTE DE LA BENOITE";"43,0903500";"6,0769800"
"202000044214";"24";"6";"2020";"07:30";"1";"86";"86066";"2";"6";"1";"3";"Place de la Croix Rouge";"46,8210600";"0,5475900"
"202000044215";"6";"3";"2020";"17:40";"1";"80";"80021";"2";"1";"1";"3";"JACQUES DUCLOS (CARREFOUR)";"49,9066900";"2,3183800"
"202000044216";"11";"1";"2020";"09:10";"1";"30";"30011";"2";"6";"1";"3";"2EME DB (AVENUE DE LA)";"43,9584500";"4,7675100"
"202000044217";"6";"3";"2020";"02:15";"3";"80";"80164";"1";"1";"2";"7";"CROISETTES (RUE DES )";"49,9072500";"2,3688700"
"202000044218";"25";"6";"2020";"17:00";"1";"83";"83069";"1";"9";"1";"2";"FRONT DE MER (BOULEVARD)";"43,1070900";"6,1776900"
"202000044219";"5";"3";"2020";"19:30";"5";"80";"80021";"2";"1";"3";"6";"STRASBOURG (BOULEVARD DE)";"49,8901100";"2,2770100"
"202000044220";"25";"6";"2020";"09:30";"1";"83";"83069";"2";"1";"1";"3";"GODILLOT  ( AVENUE ALEXIS )";"43,1146300";"6,1232400"
"202000044221";"26";"6";"2020";"12:30";"1";"82";"82121";"2";"6";"1";"3";"FOBIO (ROND POINT DE LA)";"44,0115800";"1,3724600"
"202000044222";"8";"3";"2020";"03:25";"5";"78";"78643";"2";"4";"1";"3";"TRIEL AVENUE DE";"48,9780000";"1,9959100"
"202000044223";"26";"6";"2020";"18:30";"1";"78";"78481";"2";"1";"1";"3";"SARTROUVILLE (ROUTE DE)";"48,8999900";"2,1137000"
"202000044224";"9";"3";"2020";"09:35";"1";"77";"77186";"2";"1";"1";"2";"MAGENTA (BOULEVARD) - D417";"48,4004000";"2,6956000"
"202000044225";"9";"3";"2020";"19:45";"5";"77";"77131";"2";"6";"1";"6";"GAMBETTA (COUR) - D222";"48,8136458";"3,0868478"
"202000044226";"25";"6";"2020";"01:00";"3";"78";"78362";"2";"3";"1";"2";"ROUTE DE SAINT GERMAIN";"48,9775290";"1,7225850"
"202000044227";"8";"3";"2020";"18:15";"2";"77";"77042";"1";"9";"3";"4";"D66 - D222";"48,8167400";"3,1158200"
"202000044228";"8";"3";"2020";"13:00";"1";"76";"76540";"1";"1";"2";"2";"A150";"49,4520100";"1,0557600"
"202000044229";"6";"3";"2020";"23:45";"5";"76";"76474";"2";"2";"1";"3";"RD 927 (ROUTE DE DIEPPE)";"49,4892230";"1,0492080"
"202000044230";"6";"3";"2020";"14:00";"1";"76";"76540";"2";"2";"1";"7";"BELGES. BOULEVARD DES";"49,4434700";"1,0849200"
"202000044231";"8";"3";"2020";"18:19";"2";"76";"76351";"2";"1";"1";"5";"FRISSARD (QUAI)";"49,4902300";"0,1269300"
"202000044232";"9";"3";"2020";"17:10";"1";"69";"69256";"2";"1";"1";"3";"BOLHEN   (DE)                        (AV";"45,7656000";"4,9251800"
"202000044233";"6";"3";"2020";"14:05";"1";"67";"67482";"2";"1";"2";"1";"JEAN GIRAUDOUX (RUE)";"48,5836490";"7,7034880"
"202000044234";"6";"3";"2020";"19:00";"2";"66";"66136";"2";"1";"1";"3";"PANCHOT (AVENUE JULIEN)";"42,6916000";"2,8827900"
"202000044235";"7";"3";"2020";"17:05";"1";"64";"64122";"2";"1";"1";"6";"MARIANO LUIS (RUE- ROND-POINT)";"43,4594710";" -1,5412600"
"202000044236";"25";"6";"2020";"13:05";"1";"77";"77085";"2";"3";"1";"3";"AVENUE DU CHENE SAINT FIACRE";"48,8592000";"2,7422720"
"202000044237";"9";"3";"2020";"11:30";"1";"64";"64102";"2";"1";"8";"7";"NAVARRE (AVENUE HENRI DE)";"43,5051600";" -1,4461600"
"202000044238";"8";"3";"2020";"06:45";"3";"64";"64102";"2";"1";"1";"7";"PONTOTS (GIRATOIRE LES)";"43,4884660";" -1,4910390"
"202000044239";"25";"6";"2020";"13:40";"1";"77";"77111";"2";"1";"1";" -1";"GRAND FOSSE ( BOULEVARD ) - D344";"48,8550900";"2,7712100"
"202000044240";"9";"3";"2020";"21:25";"5";"62";"62193";"2";"1";"3";"6";"JACQUARD (BOULEVARD)";"50,9534390";"1,8514160"
"202000044241";"23";"6";"2020";"13:38";"1";"76";"76540";"2";"2";"1";"7";"BETHENCOURT. QUAI (HAUT) JEAN DE";"49,4398900";"1,0696000"
"202000044242";"25";"6";"2020";"17:50";"1";"74";"74012";"1";"1";"1";"6";"GENEVE (RUE DE)";"46,1930254";"6,2266130"
"202000044243";"20";"2";"2020";"16:55";"1";"61";"61497";"2";"2";"2";"3";"Rue de Congé";"48,4651000";"0,1108200"
"202000044244";"20";"2";"2020";"19:40";"2";"59";"59009";"2";"6";"1";"3";"VERSAILLE RUE DE";"50,6155500";"3,1290800"
"202000044245";"25";"6";"2020";"16:25";"1";"74";"74305";"2";"9";"1";"4";"COTES (CHEMIN DES)";"46,2055621";"6,2635106"
"202000044246";"30";"1";"2020";"08:30";"1";"59";"59350";"2";"1";"8";"6";"JACQUARD RUE";"50,6350620";"3,1098860"
"202000044247";"26";"6";"2020";"15:05";"1";"71";"71486";"2";"1";"1";"7";"LOUIS AUBLANC (RUE)";"46,6428043";"4,3512498"
"202000044248";"7";"3";"2020";"23:15";"5";"59";"59375";"1";"3";"1";"3";"CD 957";"50,4271869";"3,2626583"
"202000044249";"23";"6";"2020";"21:30";"1";"71";"71270";"2";"1";"1";"6";"CREWE (RUE DE)";"46,3193678";"4,8306906"
"202000044250";"7";"3";"2020";"07:10";"5";"56";"56098";"2";"1";"1";"6";"CORPONT (RUE  DU )";"47,7640500";" -3,3451000"
"202000044251";"26";"6";"2020";"17:20";"1";"69";"69264";"2";"3";"1";"3";"VERMOREL  IMP";"45,9830500";"4,7157200"
"202000044252";"9";"3";"2020";"15:40";"1";"54";"54431";"1";"1";"1";"2";"RD 910 LESMENILS";"48,9175100";"6,0746000"
"202000044253";"25";"6";"2020";"16:05";"1";"69";"69264";"1";"1";"1";"3";"SCHUMAN  ROBERT  R";"45,9935100";"4,7305300"
"202000044254";"25";"6";"2020";"09:30";"1";"67";"67482";"2";"1";"1";"5";"FEDERATION (ROUTE DE LA)";"48,5621360";"7,7487530"
"202000044255";"5";"3";"2020";"07:54";"1";"54";"54395";"2";"2";"2";"3";"LIBERATION (AVENUE DE LA)";"48,6949325";"6,1381394"