"Num_Acc";"jour";"mois";"an";"hrmn";"lum";"dep";"com";"agg";"int";"atm";"col";"adr";"lat";"long"
"202000044256";"25";"6";"2020";"09:00";"1";"67";"67482";"2";"1";"7";"3";"TRUBNER (RUE)";"48,5883940";"7,7701190"
"202000044257";"25";"6";"2020";"08:45";"1";"67";"67482";"2";"3";"1";"3";"carrefour RUE ALICE MOSNIER/FRITZ KIEFFER";"48,5947358";"7,7522889"
"202000044258";"7";"3";"2020";"19:00";"5";"51";"51454";"2";"1";"2";"7";"Avenue Jean Jaurès";"49,2608262";"4,0487864"
"202000044259";"25";"6";"2020";"00:20";"5";"67";"67482";"2";"1";"1";"3";"OBERHAUSBERGEN (ROUTE D )";"48,5931340";"7,7142080"
"202000044260";"6";"3";"2020";"14:10";"1";"50";"50129";"2";"2";"1";"3";"VINTRAS (RUE)";"49,6361300";" -1,6137000"
"202000044261";"24";"6";"2020";"10:20";"1";"67";"67180";"2";"2";"1";"3";"MARIENTHAL (ROUTE DE)";"48,8040180";"7,7982430"
"202000044262";"25";"6";"2020";"21:35";"1";"66";"66136";"2";"1";"1";"3";"JUIN (AVENUE DU MARECHAL)";"42,6878800";"2,8984500"
"202000044263";"25";"6";"2020";"20:45";"5";"64";"64445";"2";"2";"2";"3";"ALSACE LORRAINE D'";"43,3024000";" -0,3604400"
"202000044264";"24";"6";"2020";"14:50";"1";"64";"64125";"2";"1";"1";"1";"ESPAGNE (AVENUE D')";"43,4290962";" -1,6008005"
"202000044265";"13";"6";"2020";"22:40";"2";"62";"62215";"2";"3";"1";"2";"QUINET (R CYPRIEN)";"50,4919700";"2,9799200"
"202000044266";"6";"3";"2020";"20:25";"5";"49";"49328";"2";"2";"2";"3";"SEIGNEUR (RUE)";"47,2563155";" -0,0781401"
"202000044267";"8";"3";"2020";"18:05";"1";"49";"49007";"2";"1";"1";"3";"JEAN XXIII AVENUE";"47,4496565";" -0,5663176"
"202000044268";"25";"6";"2020";"14:30";"1";"56";"56098";"2";"3";"2";"3";"THOMAS ( ET  IMP. ALBERT )";"47,7591200";" -3,3493700"
"202000044269";"9";"3";"2020";"12:40";"1";"45";"45169";"2";"1";"1";"2";"Avenue Georges Pompidou";"47,9011800";"1,8557900"
"202000044270";"25";"6";"2020";"13:55";"1";"56";"56036";"1";"1";"2";"6";"RN 165";"47,7922300";" -3,3069200"
"202000044271";"25";"6";"2020";"10:45";"1";"56";"56162";"2";"1";"1";"7";"FLOTS BLEUS (RUE DES)";"47,7105700";" -3,4688500"
"202000044272";"25";"6";"2020";"08:50";"1";"54";"54395";"2";"1";"1";"2";"LIBERATION (AVENUE DE LA)";"48,6970000";"6,1585000"
"202000044273";"7";"3";"2020";"18:35";"1";"44";"44184";"2";"2";"1";" -1";"Rue Georges de Buffon";"47,2841690";" -2,2218100"
"202000044274";"26";"6";"2020";"17:03";"1";"51";"51454";"2";"2";"1";"7";"27 Rue Turenne";"49,2206572";"4,0310724"
"202000044275";"26";"6";"2020";"12:50";"1";"51";"51454";"2";"1";"1";"2";"Avenue Paul Marchandeau";"49,2439208";"4,0273679"
"202000044276";"9";"3";"2020";"17:34";"1";"43";"43157";"2";"3";"1";"1";"Chemin de la Pépinière";"45,0204100";"3,8929500"
"202000044277";"25";"6";"2020";"16:50";"1";"50";"50173";"2";"1";"1";"4";"MER (Bld de la )";"49,6605600";" -1,6771700"
"202000044278";"8";"3";"2020";"18:50";"5";"42";"42218";"2";"1";"1";"6";"Rue Etienne Mimard";"45,4392613";"4,3975238"
"202000044279";"25";"6";"2020";"13:50";"1";"49";"49328";"1";"1";"1";"6";"CHAMPIGNY (ROUTE DE) D 145";"47,2433400";" -0,0567400"
"202000044280";"6";"3";"2020";"21:20";"5";"38";"38053";"1";"1";"1";"7";"Avenue de Bourg En Bresse";"45,6134370";"5,2629500"
"202000044281";"20";"6";"2020";"13:50";"1";"45";"45208";"2";"1";"1";"7";"Boulevard John Kennedy";"48,0044305";"2,7227974"
"202000044282";"9";"3";"2020";"23:20";"5";"37";"37261";"2";"1";"3";"2";"GRAMMONT (AVENUE DE)";"47,3874948";"0,6897712"
"202000044283";"25";"6";"2020";"12:50";"1";"45";"45004";"2";"2";"1";"2";"D2107 PR 1+590";"47,9800898";"2,7330367"
"202000044284";"9";"3";"2020";"18:25";"1";"35";"35238";"2";"1";"2";"2";"PAYS-BAS (AVENUE DES)";"48,0857000";" -1,6611300"
"202000044285";"9";"3";"2020";"16:45";"1";"35";"35206";"1";"1";"2";"4";"RN 136";"48,0797000";" -1,6844800"
"202000044286";"25";"6";"2020";"11:20";"1";"42";"42187";"2";"1";"1";"5";"Boulevard Edgar Quinet";"46,0483455";"4,0799055"
"202000044287";"26";"6";"2020";"17:51";"1";"37";"37208";"2";"1";"1";" -1";"BEAUGAILLARD (RUE)";"47,3605783";"0,7211493"
"202000044288";"9";"3";"2020";"11:00";"1";"35";"35238";"2";"2";"1";"3";"FREVILLE (AVENUE HENRI)";"48,0837530";" -1,6744730"
"202000044289";"26";"6";"2020";"01:55";"5";"37";"37261";"2";"1";"1";"7";"HEURTELOUP (BOULEVARD)";"47,3925559";"0,7013271"
"202000044290";"15";"1";"2020";"08:20";"1";"35";"35238";"2";"3";"2";"3";"LAFOND";"48,1237300";" -1,6655400"
"202000044291";"8";"3";"2020";"02:35";"5";"34";"34032";"2";"1";"1";"1";"LATTRE DE TASSIGNY MARECHAL DE (BD)";"43,3340500";"3,2331000"
"202000044292";"25";"6";"2020";"11:02";"1";"37";"37122";"2";"2";"1";" -1";"GRAND MAREUIL (RUE DU)";"47,3311970";"0,6547959"
"202000044293";"9";"3";"2020";"20:45";"5";"33";"33281";"1";"3";"2";"3";"Avenue René Cassin / A630 -E18-";"44,8321700";" -0,6742200"
"202000044294";"25";"2";"2020";"11:02";"1";"37";"37122";"2";"2";"1";" -1";"GRAND MAREUIL (RUE DU)";"47,3311965";"0,6547913"
"202000044295";"3";"3";"2020";"22:30";"3";"33";"33550";"2";"1";"1";"6";"RUE DE LA PAIX";"44,7650800";" -0,5737100"
"202000044296";"26";"6";"2020";"12:15";"1";"35";"35353";"2";"1";"1";"3";"MANOIR DE SERVIGNE (DU)";"48,1031680";" -1,7354900"
"202000044297";"20";"2";"2020";"17:40";"1";"33";"33063";"2";"3";"1";"3";"RUE FONDAUDEGE / RUE FRANCIS MARTIN";"44,8488500";" -0,5832300"
"202000044298";"25";"6";"2020";"14:30";"1";"31";"31555";"2";"1";"1";"3";"BD SILVIO TRENTIN";"43,6235400";"1,4270700"
"202000044299";"26";"6";"2020";"15:35";"1";"30";"30189";"2";"1";"1";"3";"LIBERTE (AVENUE)";"43,8028800";"4,3738500"
"202000044300";"8";"3";"2020";"05:30";"3";"31";"31555";"1";"1";"1";"2";"VA007331 A620";"43,6029800";"1,3997200"
"202000044301";"15";"6";"2020";"16:15";"1";"28";"28404";"2";"1";"1";"3";"CRECY (ROUTE DE)";"48,7331000";"1,3445000"
"202000044302";"8";"3";"2020";"03:40";"5";"31";"31555";"1";"1";"1";"3";"Avenue des Etats-Unis";"43,6479000";"1,4220000"
"202000044303";"23";"6";"2020";"16:25";"1";"21";"21166";"2";"6";"1";"3";"Rond-point de la solidarité";"47,2863700";"5,0189700"
"202000044304";"7";"3";"2020";"19:15";"4";"31";"31555";"1";"1";"1";"4";"VA007331 A620";"43,5676700";"1,4817300"
"202000044305";"6";"3";"2020";"23:20";"3";"31";"31069";"1";"1";"1";"2";"VA001490 A621";"43,6312400";"1,3815300"
"202000044306";"8";"3";"2020";"14:49";"1";"30";"30189";"1";"1";"1";"2";"PARATONNERRE (CHEMIN)";"43,8568400";"4,3242800"
"202000044307";"7";"3";"2020";"02:20";"5";"29";"29019";"2";"1";"1";"3";"Avenue Salaun Penquer";"48,3848474";" -4,4830361"
"202000044308";"9";"3";"2020";"08:00";"2";"25";"25462";"2";"2";"4";"6";"REPUBLIQUE DE LA";"46,9024000";"6,3580000"
"202000044309";"26";"6";"2020";"18:30";"1";"14";"14118";"2";"2";"1";"1";"CARMES (RUE DES)";"49,1805700";" -0,3559400"
"202000044310";"5";"3";"2020";"13:00";"1";"22";"22113";"2";"9";"2";"7";"BOUTIL (LIEU-DIT)";"48,7239700";" -3,4312200"
"202000044311";"8";"3";"2020";"07:50";"1";"13";"13077";"1";"1";"1";"1";"D 50";"43,4165000";"5,0016400"
"202000044312";"9";"3";"2020";"18:40";"2";"13";"13206";"2";"2";"1";" -1";"BAILLE (BOULEVARD)";"43,2883441";"5,3927520"
"202000044313";"22";"6";"2020";"07:15";"1";"14";"14167";"2";"1";"1";"5";"CD N°  513";"49,1936000";" -0,2981200"
"202000044314";"9";"3";"2020";"17:30";"1";"13";"13212";"2";"3";"1";"2";"CAMPANULES (CHEMIN DES)";"43,3006200";"5,4500470"
"202000044315";"9";"3";"2020";"07:00";"2";"13";"13215";"2";"1";"1";"3";"SAINT LOUIS (AVENUE DE)";"43,3440000";"5,3594000"
"202000044316";"26";"6";"2020";"18:50";"1";"13";"13207";"2";"1";"1";"5";"Corniche John Fitzgérald Kennedy";"43,2764100";"5,3583520"
"202000044317";"26";"6";"2020";"16:15";"1";"13";"13202";"2";"3";"1";"3";"DAMES (BOULEVARD DES)";"43,3024120";"5,3697520"
"202000044318";"8";"3";"2020";"02:49";"5";"10";"10387";"2";"1";"1";"3";"VOULDY (CHAUSSEE DU)";"48,2943700";"4,0460000"
"202000044319";"26";"6";"2020";"11:40";"1";"13";"13215";"2";"3";"1";"3";"LE CHATELIER";"43,3471000";"5,3684600"
"202000044320";"26";"6";"2020";"11:15";"1";"13";"13215";"2";"1";"1";"5";"HENRI BARNIER (BOULEVARD)";"43,3671810";"5,3437090"
"202000044321";"23";"2";"2020";"16:31";"1";"10";"10362";"2";"1";"1";"3";"PLANTE AUX FAUX (CHEMIN)";"48,2968000";"4,0022000"
"202000044322";"25";"6";"2020";"15:00";"1";"11";"11262";"2";"1";"1";"2";"MISTRAL (BOULEVARD FREDERIC)";"43,1873600";"3,0033700"
"202000044323";"25";"6";"2020";"12:40";"1";"11";"11069";"2";"1";"1";"7";"RD 6161 - Rocade Ouest";"43,2068792";"2,3117851"
"202000044324";"26";"6";"2020";"23:37";"5";"10";"10387";"2";"1";"1";" -1";"PREIZE (RUE DE)";"48,3041000";"4,0713900"
"202000044325";"18";"6";"2020";"19:30";"1";"09";"09225";"1";"1";"1";"2";"ROUTE NATIONALE 20 (VOIE RAPIDE)";"43,1160000";"1,6305000"
"202000044326";"8";"3";"2020";"15:30";"1";"07";"07281";"1";"1";"1";"7";"C.D. 533 (VERS LE PUY)";"44,9287300";"4,7950400"
"202000044327";"26";"6";"2020";"22:58";"5";"06";"06083";"2";"9";"1";"3";"MADONE (AVENUE DE LA)";"43,7698000";"7,4925790"
"202000044328";"25";"6";"2020";"15:00";"1";"06";"06029";"2";"1";"1";"3";"CARNOT (BOULEVARD)";"43,5662800";"6,9688800"
"202000044329";"9";"3";"2020";"00:20";"5";"75";"75116";"2";"1";"1";"2";"BOULEVARD PERIPHERIQUE";"48,8514840";"2,2520490"
"202000044330";"25";"6";"2020";"21:35";"2";"75";"75113";"2";"1";"1";"6";"BOULEVARD PERIPHERIQUE";"48,8167830";"2,3558550"
"202000044331";"7";"3";"2020";"12:45";"1";"75";"75113";"2";"1";"1";"5";"QUAI D IVRY";"48,8253570";"2,3853880"
"202000044332";"25";"6";"2020";"17:40";"1";"75";"75114";"2";"1";"1";"3";"BOULEVARD PERIPHERIQUE";"48,8202740";"2,3243970"
"202000044333";"8";"3";"2020";"17:39";"1";"75";"75111";"2";"3";"2";"6";"BOULEVARD DE BELLEVILLE";"48,8682600";"2,3813820"
"202000044334";"25";"6";"2020";"15:40";"1";"75";"75117";"2";"1";"1";"2";"BOULEVARD PERIPHERIQUE";"48,8834250";"2,2841720"
"202000044335";"7";"3";"2020";"23:50";"5";"75";"75119";"2";"3";"1";"3";"AVENUE JEAN JAURES";"48,8884800";"2,3919360"
"202000044336";"25";"6";"2020";"08:25";"1";"75";"75119";"2";"1";"1";"2";"BOULEVARD PERIPHERIQUE";"48,9005030";"2,3848180"
"202000044337";"7";"3";"2020";"06:36";"2";"75";"75114";"2";"2";"1";"3";"RUE D ALESIA";"48,8318170";"2,3141380"
"202000044338";"9";"3";"2020";"12:20";"1";"75";"75120";"2";"3";"1";"3";"RUE BELGRAND";"48,8646240";"2,4056440"
"202000044339";"9";"3";"2020";"15:50";"1";"75";"75116";"2";"4";"1";"6";"AVENUE PIERRE 1ER DE SERBIE";"48,8660850";"2,2966180"
"202000044340";"7";"3";"2020";"12:45";"1";"75";"75116";"2";"7";"1";"3";"PLACE DE LA PORTE D AUTEUIL";"48,8481200";"2,2586720"
"202000044341";"9";"3";"2020";"13:30";"1";"75";"75113";"2";"3";"1";"6";"BOULEVARD MASSENA";"48,8201240";"2,3646420"
"202000044342";"27";"8";"2020";"18:00";"1";"06";"06027";"2";"1";"1";"3";"CANNES AVENUE DE (RN7)";"43,6536400";"7,1477800"
"202000044343";"9";"3";"2020";"13:36";"1";"75";"75108";"2";"1";"1";"3";"BOULEVARD MALESHERBES";"48,8742630";"2,3203200"
"202000044344";"26";"6";"2020";"18:30";"1";"75";"75119";"2";"3";"1";"2";"AVENUE CORENTIN CARIOU";"48,8960600";"2,3840840"
"202000044345";"27";"8";"2020";"08:50";"1";"06";"06027";"2";"3";"1";"2";"ROSERAIE AVENUE DE LA";"43,6600600";"7,1378600"
"202000044346";"26";"6";"2020";"10:30";"1";"75";"75118";"2";"2";"2";"3";"RUE ORDENER";"48,8924040";"2,3450000"
"202000044347";"27";"8";"2020";"01:05";"5";"75";"75119";"2";"3";"1";"3";"AVENUE CORENTIN CARIOU";"48,8951310";"2,3827530"
"202000044348";"27";"8";"2020";"15:20";"1";"75";"75118";"2";"2";"1";"3";"BOULEVARD NEY";"48,8977260";"2,3290230"
"202000044349";"26";"6";"2020";"09:30";"1";"75";"75118";"2";"4";"1";"3";"BOULEVARD BARBES";"48,8842180";"2,3494800"
"202000044350";"26";"6";"2020";"07:00";"1";"75";"75118";"2";"4";"1";"3";"BOULEVARD ORNANO";"48,8953740";"2,3466270"
"202000044351";"27";"8";"2020";"13:15";"1";"75";"75115";"2";"3";"1";"6";"RUE OLIVIER DE SERRES";"48,8339260";"2,2951370"
"202000044352";"26";"6";"2020";"02:45";"5";"75";"75118";"2";"7";"1";"6";"PLACE ALBERT KAHN";"48,8958350";"2,3458000"
"202000044353";"26";"8";"2020";"22:20";"5";"75";"75113";"2";"1";"1";"2";"BOULEVARD DU GENERAL JEAN SIMON";"48,8267460";"2,3848410"
"202000044354";"25";"6";"2020";"14:15";"1";"75";"75117";"2";"3";"1";"7";"AVENUE DE LA GRANDE ARMEE";"48,8768880";"2,2852680"
"202000044355";"26";"8";"2020";"22:20";"5";"75";"75113";"2";"3";"1";"3";"RUE DARMESTETER";"48,8233930";"2,3750250"
"202000044356";"25";"6";"2020";"23:32";"5";"75";"75116";"2";"3";"1";"3";"BOULEVARD LANNES";"48,8688460";"2,2735250"
"202000044357";"27";"8";"2020";"20:00";"2";"75";"75111";"2";"1";"2";"3";"AVENUE PHILIPPE AUGUSTE";"48,8511670";"2,3941950"
"202000044358";"22";"6";"2020";"13:30";"1";"75";"75116";"2";"2";"1";"3";"AVENUE DU PRESIDENT WILSON";"48,8639280";"2,2904990"
"202000044359";"27";"8";"2020";"16:13";"1";"75";"75110";"2";"1";"1";"3";"QUAI DE JEMMAPES";"48,8714190";"2,3656060"
"202000044360";"26";"6";"2020";"06:00";"2";"75";"75115";"2";"1";"1";"7";"BOULEVARD GENERAL MARTIAL VALIN";"48,8379940";"2,2716500"
"202000044361";"24";"6";"2020";"17:00";"1";"75";"75115";"2";"1";"1";"6";"RUE CAUCHY";"48,8422840";"2,2779970"
"202000044362";"25";"6";"2020";"00:00";"5";"75";"75112";"2";"4";"7";"6";"RUE DE LYON";"48,8498110";"2,3706090"
"202000044363";"26";"8";"2020";"23:35";"5";"75";"75109";"2";"2";"1";"3";"BOULEVARD HAUSSMANN";"48,8723730";"2,3374310"
"202000044364";"26";"6";"2020";"18:25";"1";"75";"75110";"2";"3";"1";"6";"RUE DU HUIT MAI 1945";"48,8759400";"2,3594100"
"202000044365";"26";"6";"2020";"09:30";"1";"75";"75108";"2";"7";"1";"5";"PLACE CHARLES DE GAULLE";"48,8738530";"2,2959230"
"202000044366";"27";"8";"2020";"09:30";"1";"75";"75108";"2";"1";"1";"3";"AVENUE GABRIEL";"48,8680570";"2,3173670"
"202000044367";"26";"6";"2020";"20:23";"1";"75";"75104";"2";"1";"1";"7";"RUE DES JARDINS SAINT PAUL";"48,8531320";"2,3603190"
"202000044368";"27";"8";"2020";"08:35";"1";"75";"75108";"2";"2";"1";"6";"AVENUE DES CHAMPS ELYSEES";"48,8731290";"2,2970650"
"202000044369";"26";"6";"2020";"12:20";"1";"75";"75101";"2";"3";"1";"3";"RUE DU CYGNE";"48,8629130";"2,3506900"
"202000044370";"27";"8";"2020";"00:05";"5";"75";"75107";"2";"1";"1";"6";"RUE DE LILLE";"48,8608270";"2,3219380"
"202000044371";"26";"6";"2020";"09:30";"1";"75";"75102";"2";"2";"1";"6";"RUE MEHUL";"48,8673070";"2,3346260"
"202000044372";"27";"8";"2020";"12:15";"1";"94";"94068";"2";"3";"1";"3";"SAINT LOUIS (AV)";"48,7865588";"2,5127883"
"202000044373";"26";"6";"2020";"12:10";"1";"94";"94046";"2";"1";"1";"3";"GAMBETTA (AV)";"48,8098000";"2,4510000"
"202000044374";"27";"8";"2020";"07:54";"1";"94";"94017";"2";"1";"1";"3";"REPUBLIQUE (AV DE LA)";"48,8177320";"2,5116820"
"202000044375";"26";"6";"2020";"09:05";"1";"94";"94003";"2";"9";"2";"3";"PRESIDENT NELSON MANDELA (AV)";"48,8107000";"2,3267800"
"202000044376";"25";"6";"2020";"09:30";"1";"94";"94041";"2";"1";"1";"2";"ERNEST RENAN (R)";"48,8069798";"2,3998110"
"202000044377";"26";"6";"2020";"15:20";"1";"94";"94033";"2";"3";"1";"3";"PASTEUR (R)";"48,8481060";"2,4594020"
"202000044378";"27";"8";"2020";"21:30";"4";"94";"94003";"2";"3";"2";"3";"GENERAL MALLERET JOINVILLE (AV DU)";"48,8039000";"2,3424300"
"202000044379";"26";"6";"2020";"08:20";"1";"94";"94011";"2";"1";"1";"7";"MOULIN BATEAU.(RUE DU)";"48,7824700";"2,4961100"
"202000044380";"27";"8";"2020";"18:20";"1";"94";"94076";"2";"9";"1";"5";"MAXIME GORKI (BD)";"48,7820200";"2,3672400"
"202000044381";"27";"8";"2020";"21:20";"5";"94";"94041";"2";"1";"2";"3";"LENINE (R)";"48,8174900";"2,3968270"
"202000044382";"25";"6";"2020";"17:05";"1";"94";"94046";"2";"2";"1";" -1";"CONVENTION (R DE LA)";"48,8133300";"2,4498100"
"202000044383";"26";"8";"2020";"21:10";"5";"94";"94073";"2";"1";"1";"2";"RN 186";"48,7544300";"2,3753100"
"202000044384";"26";"6";"2020";"23:10";"5";"93";"93066";"2";"1";"1";"2";"PORTE DE PARIS (PLACE)";"48,9294000";"2,3564400"
"202000044385";"25";"6";"2020";"22:05";"3";"93";"93053";"2";"2";"2";"1";"PARIS (RUE DE)";"48,9022304";"2,4621534"
"202000044386";"27";"8";"2020";"08:53";"1";"94";"94022";"2";"3";"1";"3";"MARECHAL DE LATTRE DE TASSIGNY (AV)";"48,7566900";"2,4045300"
"202000044387";"26";"6";"2020";"19:10";"1";"93";"93079";"2";"1";"3";"3";"JEAN JAURES (AV)";"48,9641800";"2,3475200"
"202000044388";"27";"8";"2020";"20:48";"2";"94";"94075";"2";"3";"2";"4";"Av du Mal de Lattre de Tassigny & Rue du Lieutenant Dagorno";"48,7272776";"2,5309583"
"202000044389";"26";"6";"2020";"12:25";"1";"93";"93001";"2";"2";"1";"1";"R FRANCIS DE PRESSENCE / R DE SAINT DENIS";"48,9232400";"2,3701500"
"202000044390";"27";"8";"2020";"17:00";"1";"93";"93066";"2";"2";"8";"3";"CHEMIN VERT";"48,9451800";"2,3812900"
"202000044391";"25";"6";"2020";"16:45";"1";"92";"92035";"2";"9";"1";"3";"CHARLES DE GAULLE (BD) (71 AU 153)";"48,9072890";"2,2556260"
"202000044392";"27";"8";"2020";"20:00";"1";"93";"93077";"2";"1";"2";"6";"GRANDE RUE";"48,8834851";"2,5114810"
"202000044393";"24";"6";"2020";"22:10";"5";"92";"92077";"2";"9";"1";"3";"SEVRES (RUE DE)";"48,8263410";"2,1915400"
"202000044394";"27";"8";"2020";"14:55";"1";"93";"93027";"2";"1";"1";"3";"VAILLANT-COUTURIER (AVENUE PAUL)";"48,9200300";"2,4099300"
"202000044395";"27";"8";"2020";"19:05";"1";"93";"93010";"2";"2";"1";"3";"AV GALLIENI / RUE AUGUSTE POLISSARD";"48,9057177";"2,4802802"
"202000044396";"27";"8";"2020";"13:15";"1";"93";"93007";"2";"1";"1";"6";"AV ARISTIDE BRIAND";"48,9440100";"2,4463700"
"202000044397";"27";"8";"2020";"16:10";"1";"93";"93001";"2";"1";"1";"3";"HAIE COQ (RUE DE LA ) => 91/92";"48,9120500";"2,3732200"
"202000044398";"27";"8";"2020";"17:45";"1";"92";"92072";"2";"1";"1";"6";"GRANDE RUE";"48,8258536";"2,2175699"
"202000044399";"26";"8";"2020";"19:00";"1";"92";"92049";"2";"3";"1";"3";"BROSSOLETTE AVENUE PIERRE";"48,8199020";"2,3109200"
"202000044400";"25";"6";"2020";"16:43";"1";"92";"92050";"2";"5";"1";"3";"NATIONAL BOULEVARD";"48,8914781";"2,1774615"
"202000044401";"27";"8";"2020";"07:15";"1";"92";"92026";"2";"4";"1";"3";"HUDRI";"48,9001575";"2,2656751"
"202000044402";"27";"8";"2020";"17:30";"1";"92";"92024";"2";"2";"1";"5";"MARTRE (RUE) DE (1 A 41)";"48,8988700";"2,3099200"
"202000044403";"27";"8";"2020";"15:00";"1";"92";"92023";"2";"1";"1";"3";"PORTE DE TRIVAUX (RUE DE) N°57 A 197 ET";"48,7899606";"2,2537757"
"202000044404";"27";"8";"2020";"20:30";"5";"92";"92007";"2";"2";"2";"6";"BLANCHARD (RUE)";"48,7960000";"2,2923000"
"202000044405";"26";"6";"2020";"22:00";"3";"92";"92020";"2";"1";"1";"7";"ESTIENNE D'ORVES RUE D'";"48,7994800";"2,2863410"
"202000044406";"28";"8";"2020";"20:35";"3";"974";"97415";"2";"1";"1";"6";"Chemin de Ligne";" -21,0977360";"55,2882320"
"202000044407";"26";"6";"2020";"17:30";"1";"92";"92048";"2";"9";"1";"7";"HENRI BARBUSSE (RUE)";"48,8088672";"2,2435591"
"202000044408";"27";"8";"2020";"17:30";"1";"07";"07167";"2";"1";"1";"1";"N/A";"44,8065830";"4,6108890"
"202000044409";"25";"6";"2020";"20:25";"1";"92";"92036";"2";"2";"1";"1";"GRESILLONS (QUAI DES)";"48,9211940";"2,3250280"
"202000044410";"26";"6";"2020";"18:41";"1";"92";"92025";"2";"1";"3";"2";"BOURNARD (RUE DU)";"48,9230320";"2,2563360"
"202000044411";"28";"8";"2020";"20:30";"3";"34";"34225";"2";"1";"3";"6";"D16";"43,3665840";"3,0504010"
"202000044412";"25";"6";"2020";"21:10";"1";"92";"92009";"2";"1";"1";"2";"PAUL DEROULEDE ( RUE )";"48,9129880";"2,2709332"
"202000044413";"26";"6";"2020";"19:45";"1";"60";"60286";"2";"2";"1";"3";"Rue Frédéric Petit";"49,6687110";"1,9344360"
"202000044414";"27";"6";"2020";"04:15";"3";"14";"14162";"1";"1";"1";"7";"lieu dit le Fresne";"48,8870257";" -0,5019853"
"202000044415";"27";"8";"2020";"15:00";"1";"66";"66136";"1";"1";"1";"4";"A9";"42,7348780";"2,8834820"
"202000044416";"27";"8";"2020";"16:30";"1";"2A";"2A254";"1";"1";"1";"1";"D420";"41,7712576";"9,1634164"
"202000044417";"26";"6";"2020";"16:55";"1";"43";"43043";"1";"1";"1";"3";"Chadernac";"45,1575751";"3,7586010"
"202000044418";"27";"8";"2020";"12:42";"1";"06";"06161";"2";"2";"1";"3";"Route Rd6007";"43,6251750";"7,1316770"
"202000044419";"27";"6";"2020";"07:40";"1";"21";"21614";"1";"1";"1";"2";"A31";"47,4315878";"5,1678640"
"202000044420";"28";"8";"2020";"17:00";"1";"42";"42166";"1";"1";"2";"1";"Chemin de Sayette";"45,9799128";"4,0716692"
"202000044421";"26";"6";"2020";"07:15";"1";"74";"74272";"1";"1";"1";"3";"Route de Bellegarde";"45,9429140";"6,0601990"
"202000044422";"28";"8";"2020";"02:10";"5";"31";"31418";"2";"1";"1";"6";"38 Route de Balma";"43,6236950";"1,5266720"
"202000044423";"23";"6";"2020";"07:15";"1";"83";"83019";"2";"1";"1";"3";"Avenue Lou Mistraou";"43,1494170";"6,2981310"
"202000044424";"28";"8";"2020";"07:10";"1";"58";"58088";"1";"1";"3";"7";"Autoroute A77, PK 153.500";"47,0187850";"3,1960239"
"202000044425";"27";"6";"2020";"10:40";"1";"74";"74071";"2";"1";"1";"1";"D992";"46,0274630";"5,8897130"
"202000044426";"27";"6";"2020";"01:30";"4";"74";"74278";"2";"3";"1";"3";"Route de Chatillon";"46,0884544";"6,5394777"
"202000044427";"26";"6";"2020";"21:50";"1";"76";"76531";"1";"2";"1";"3";"D131";"49,6710720";"0,7183810"
"202000044428";"27";"6";"2020";"02:00";"3";"79";"79188";"1";"1";"1";"7";"Rue de la Saminière";"46,6901120";" -0,6203840"
"202000044429";"24";"6";"2020";"16:55";"1";"71";"71565";"1";"1";"7";"6";"D325";"46,6223390";"4,0679120"
"202000044430";"27";"8";"2020";"19:10";"1";"74";"74256";"2";"1";"1";"3";"Avenue de Geneve";"45,9469200";"6,6298740"
"202000044431";"2";"6";"2020";"21:20";"2";"49";"49214";"1";"1";"1";"3";"Chemin de l'Epine";"47,5512140";" -0,6041880"
"202000044432";"16";"8";"2020";"07:55";"1";"74";"74242";"2";"1";"1";"6";"Route de la Tuilerie";"45,8323170";"6,1729160"
"202000044433";"25";"6";"2020";"18:55";"1";"49";"49248";"1";"1";"1";"1";"Route de la Prévière";"47,7009820";" -1,1798290"
"202000044434";"27";"8";"2020";"16:15";"1";"76";"76035";"1";"1";"1";"1";"Départementale 929";"49,7672680";"1,7627910"
"202000044435";"26";"6";"2020";"20:30";"1";"22";"22046";"1";"2";"1";"3";"Lieu Dit Quilloury";"48,3499820";" -2,4958220"
"202000044436";"27";"6";"2020";"04:15";"3";"44";"44067";"1";"1";"3";"7";"Friguel";"47,6453150";" -1,8757760"
"202000044437";"28";"8";"2020";"08:49";"1";"2B";"2B346";"1";"1";"1";"2";"Venzolasca";"42,5052540";"9,4720280"
"202000044438";"26";"8";"2020";"17:25";"1";"63";"63271";"1";"4";"1";"3";"Le Moulin d'Auvergne";"45,9382320";"3,5173520"
"202000044439";"26";"6";"2020";"16:00";"1";"29";"29033";"1";"3";"1";"3";"Lieu Dit Saint Jean";"48,2661306";" -3,9088088"
"202000044440";"26";"6";"2020";"16:15";"1";"02";"02506";"1";"1";"1";"7";"N2";"49,2856670";"3,1654360"
"202000044441";"27";"8";"2020";"05:10";"3";"42";"42219";"1";"1";"1";"6";"Route de Boën";"45,7381850";"4,0875470"
"202000044442";"27";"6";"2020";"09:40";"1";"03";"03118";"2";"1";"1";"6";"98 Avenue Saint-James";"46,0920806";"3,1983857"
"202000044443";"27";"8";"2020";"22:25";"3";"34";"34268";"2";"1";"1";"6";"6 Grand Rue";"43,7146970";"3,4238930"
"202000044444";"26";"6";"2020";"22:20";"3";"01";"01296";"1";"1";"1";"6";"Pirajoux";"46,3631218";"5,2845559"
"202000044445";"27";"8";"2020";"23:10";"3";"34";"34139";"1";"1";"1";"6";"D909";"43,4081500";"3,2291650"
"202000044446";"27";"6";"2020";"13:45";"1";"04";"04154";"1";"1";"1";"7";"RD 954";"44,5040200";"6,3497970"
"202000044447";"27";"6";"2020";"07:30";"1";"16";"16223";"2";"1";"1";"7";"11 Rue de Limoges";"45,6683000";"0,4998800"
"202000044448";"24";"8";"2020";"18:50";"1";"22";"22251";"2";"1";"1";"7";"rue de keribet";"48,5626630";" -2,8196120"