"Num_Acc";"jour";"mois";"an";"hrmn";"lum";"dep";"com";"agg";"int";"atm";"col";"adr";"lat";"long"
"202000044449";"27";"6";"2020";"04:30";"3";"16";"16379";"1";"1";"1";"6";"Ld Les Pénigauds";"45,7952550";"0,3980200"
"202000044450";"26";"6";"2020";"18:30";"1";"07";"07149";"2";"1";"1";"6";"D102";"44,8172430";"4,4087250"
"202000044451";"27";"8";"2020";"17:15";"1";"39";"39339";"1";"4";"1";"3";"N/A";"46,3554510";"5,7698660"
"202000044452";"27";"8";"2020";"12:40";"1";"29";"29195";"2";"1";"3";"7";"Lieu-dit Kerfere";"48,6048650";" -4,5160730"
"202000044453";"26";"6";"2020";"17:05";"1";"21";"21154";"2";"1";"1";"6";"Avenue Noel Navoizat";"47,8691890";"4,5718140"
"202000044454";"27";"8";"2020";"03:30";"3";"31";"31391";"2";"1";"1";"6";"37 Route de Salies";"43,1098580";"0,9428450"
"202000044455";"27";"8";"2020";"23:05";"3";"70";"70451";"2";"1";"1";"6";"5 Rue des Vosges";"47,7003100";"6,5960140"
"202000044456";"26";"6";"2020";"07:10";"1";"24";"24159";"1";"2";"1";"3";"Font du Chause";"45,1324670";"0,2753450"
"202000044457";"26";"6";"2020";"19:55";"1";"37";"37213";"2";"1";"1";"3";"D6";"47,6115313";"0,4732034"
"202000044458";"20";"8";"2020";"19:25";"1";"26";"26115";"1";"1";"1";"6";"Route de Montelimar";"44,6929170";"5,0055580"
"202000044459";"25";"6";"2020";"14:30";"1";"30";"30182";"1";"9";"1";" -1";"D999";"43,8549930";"4,1821430"
"202000044460";"28";"8";"2020";"16:25";"1";"14";"14177";"1";"1";"2";" -1";"Bruyeres aux Davids";"49,2065230";"0,2158640"
"202000044461";"24";"6";"2020";"13:10";"1";"24";"24054";"1";"1";"1";"7";"le tuquet";"44,7562950";"0,5363670"
"202000044462";"25";"8";"2020";"15:00";"1";"05";"05045";"1";"3";"1";"3";"N94";"44,5377830";"6,4741310"
"202000044463";"27";"6";"2020";"13:30";"1";"42";"42256";"2";"1";"1";"6";"Rue d'Outre l'Eau";"45,4978610";"4,1647570"
"202000044464";"28";"8";"2020";"17:10";"1";"50";"50389";"1";"2";"3";"3";"Route de l'Abbaye";"49,0127730";" -1,3615110"
"202000044465";"26";"6";"2020";"15:15";"1";"11";"11322";"1";"1";"1";"3";"D3";"43,0370110";"2,9523180"
"202000044466";"17";"8";"2020";"18:30";"1";"50";"50615";"2";"3";"1";"3";"Chemin de la Victoire";"49,5015820";" -1,4519870"
"202000044467";"25";"6";"2020";"05:30";"2";"987";"98723";"1";"1";"1";"7";"RT 413";" -9,7991450";" -139,0275190"
"202000044468";"26";"6";"2020";"20:35";"3";"974";"97415";"1";"1";"1";"6";"D100";" -21,0755100";"55,2310820"
"202000044469";"25";"6";"2020";"17:19";"1";"974";"97420";"2";"6";"1";"3";"Avenue Mahatma Gandhi";" -20,9271450";"55,6318180"
"202000044470";"26";"6";"2020";"19:15";"3";"974";"97408";"1";"1";"1";"6";"N1";" -20,9120390";"55,3519540"
"202000044471";"27";"6";"2020";"01:10";"3";"77";"77029";"1";"1";"2";"1";"D32";"48,6484437";"2,8572161"
"202000044472";"27";"8";"2020";"16:45";"1";"83";"83002";"1";"1";"1";"6";"D19";"43,7426390";"6,2446980"
"202000044473";"27";"6";"2020";"11:30";"1";"95";"95199";"2";"1";"1";"6";"9 Rue de Bretagne";"49,0299718";"2,3255936"
"202000044474";"28";"8";"2020";"17:00";"1";"60";"60386";"1";"1";"1";"7";"D78";"49,5095500";"2,7390290"
"202000044475";"24";"6";"2020";"11:45";"1";"67";"67210";"2";"1";"1";"7";"27 rue principale";"48,4037580";"7,3280150"
"202000044476";"28";"8";"2020";"13:16";"1";"64";"64538";"1";"1";"2";"7";"D933";"43,1462510";" -1,2561740"
"202000044477";"27";"6";"2020";"15:00";"1";"38";"38548";"1";"1";"1";"6";"Route de la Tancaniere";"45,0683150";"5,5351350"
"202000044478";"28";"8";"2020";"11:40";"1";"73";"73010";"1";"1";"2";"7";"D911 Route des Bauges";"45,7316590";"5,9559360"
"202000044479";"26";"6";"2020";"17:55";"1";"69";"69028";"2";"6";"1";"3";"Chemin des Andres";"45,7212071";"4,7037577"
"202000044480";"5";"8";"2020";"12:30";"1";"43";"43011";"1";"1";"7";"1";"Lieu-dit le Moulin";"45,1229520";"3,4484520"
"202000044481";"19";"6";"2020";"12:40";"1";"69";"69050";"1";"1";"1";"7";"D596";"45,8513720";"4,6465300"
"202000044482";"16";"8";"2020";"02:30";"3";"21";"21461";"1";"1";"1";"6";"D973";"46,9512000";"4,6091510"
"202000044483";"26";"6";"2020";"17:29";"1";"16";"16232";"2";"1";"1";"1";"10 route de Limoges";"45,7029050";"0,2717930"
"202000044484";"28";"8";"2020";"05:30";"3";"85";"85234";"1";"3";"2";"6";"3 Chemin de la Tamisière";"46,8125250";" -2,1153140"
"202000044485";"27";"6";"2020";"11:58";"1";"33";"33551";"1";"3";"1";"3";"D250";"45,0904140";" -0,6392240"
"202000044486";"27";"8";"2020";"20:15";"1";"30";"30147";"1";"9";"1";"3";"D982";"44,0197460";"4,0551460"
"202000044487";"26";"6";"2020";"14:15";"1";"72";"72154";"2";"1";"1";"3";"Allee Maurice Ravel";"47,7010980";" -0,0887170"
"202000044488";"27";"8";"2020";"18:00";"1";"08";"08363";"2";"1";"1";"2";"28 Rue Pasteur";"49,9400400";"4,6367910"
"202000044489";"29";"5";"2020";"21:15";"1";"27";"27602";"2";"1";"1";"6";"8 rue du buisson";"49,0161300";"1,0888990"
"202000044490";"22";"8";"2020";"15:00";"1";"78";"78356";"1";"6";"1";"2";"2 Rue Pierre Nicole";"48,7475870";"2,0254760"
"202000044491";"26";"6";"2020";"13:50";"1";"13";"13215";"1";"1";"1";"7";"A55-Sens Marseille vers Martigues";"43,3296900";"5,3556800"
"202000044492";"28";"8";"2020";"07:15";"1";"973";"97307";"1";"1";"1";"5";"Route Nationale 2";"4,8188570";" -52,3461740"
"202000044493";"22";"5";"2020";"15:50";"1";"13";"13071";"1";"1";"1";"3";"A7-Sens Marseille vers Lyon";"43,4033700";"5,3443800"
"202000044494";"25";"6";"2020";"15:30";"1";"13";"13071";"1";"1";"1";"2";"A7-Sens Marseille vers Lyon";"43,4104700";"5,2844600"
"202000044495";"28";"7";"2020";"10:55";"1";"74";"74010";"2";"2";"1";"3";"Chemin de Périaz (Seynod)";"45,8768220";"6,0895910"
"202000044496";"24";"6";"2020";"18:45";"1";"13";"13005";"1";"1";"1";"4";"A502-Sens Toulon par R.N. vers  Aubagne";"43,2840500";"5,5913000"
"202000044497";"27";"8";"2020";"18:45";"1";"33";"33199";"1";"1";"1";"2";"A660";"44,6154310";" -1,0988800"
"202000044498";"25";"6";"2020";"17:31";"1";"83";"83137";"1";"1";"1";"4";"A50";"43,1250600";"5,9062500"
"202000044499";"26";"6";"2020";"18:52";"1";"33";"33063";"1";"1";"1";"5";"ROCADE A 630";"44,8804700";" -0,5399400"
"202000044500";"26";"6";"2020";"09:55";"1";"33";"33192";"1";"1";"1";"2";"AUTOROUTE A 63";"44,7806200";" -0,6383000"
"202000044501";"26";"6";"2020";"11:55";"1";"91";"91434";"1";"1";"1";"4";"AUTOROUTE A6";"48,6681000";"2,3548000"
"202000044502";"26";"6";"2020";"06:30";"1";"91";"91617";"1";"1";"1";"6";"RN 104";"48,6441800";"2,5375400"
"202000044503";"28";"8";"2020";"00:30";"3";"64";"64335";"1";"1";"1";" -1";"A64";"43,3440310";" -0,3977390"
"202000044504";"25";"6";"2020";"21:20";"2";"92";"92019";"1";"1";"2";"6";"RN 385 Extèrieure";"48,7628300";"2,2479400"
"202000044505";"26";"6";"2020";"18:05";"1";"92";"92036";"1";"1";"1";"3";"A86";"48,9349592";"2,2831025"
"202000044506";"27";"8";"2020";"14:20";"1";"976";"97602";"1";"1";"1";"3";"N1";" -12,7252470";"45,1231460"
"202000044507";"26";"6";"2020";"01:30";"3";"92";"92047";"1";"1";"1";"6";"A13";"48,8336506";"2,1627274"
"202000044508";"28";"8";"2020";"10:30";"1";"49";"49068";"1";"1";"1";"7";"A11";"47,4308080";" -0,8791140"
"202000044509";"25";"6";"2020";"23:40";"5";"94";"94033";"1";"1";"1";"2";"A86.EXT";"48,8554000";"2,4893000"
"202000044510";"28";"8";"2020";"10:10";"1";"77";"77339";"1";"1";"1";"2";"A6";"48,3865930";"2,5570090"
"202000044511";"13";"1";"2020";"20:00";"5";"92";"92036";"2";"9";"1";"2";"BAS ( RUE DES )/ GABRIEL PERI (AVE)";"48,9157500";"2,2958800"
"202000044512";"24";"6";"2020";"16:00";"1";"974";"97411";"2";"3";"1";"3";"GARE (DE LA)";" -20,8961024";"55,4920758"
"202000044513";"17";"8";"2020";"16:01";"1";"77";"77407";"1";"1";"3";"2";"A6";"48,5231830";"2,5036280"
"202000044514";"25";"6";"2020";"12:03";"1";"973";"97302";"2";"1";"2";"3";"MADELEINE (ROUTE DE LA)";"4,9173079";" -52,3214436"
"202000044515";"25";"6";"2020";"12:28";"1";"69";"69388";"2";"1";"1";"2";"PAUL SANTY                          (AV)";"45,7287700";"4,8769000"
"202000044516";"27";"8";"2020";"10:30";"1";"33";"33005";"2";"7";"1";"6";"Place du 14 Juillet";"44,7425670";" -1,0967800"
"202000044517";"28";"8";"2020";"02:30";"5";"84";"84092";"2";"1";"1";"6";"Chemin Panisset";"43,9764870";"4,8634470"
"202000044518";"24";"6";"2020";"19:45";"1";"69";"69386";"2";"2";"1";"3";"VITTON                              (CO)";"45,7701600";"4,8595800"
"202000044519";"28";"8";"2020";"06:15";"3";"83";"83029";"1";"1";"1";"3";"76 Route départementale 562";"43,6064680";"6,7506800"
"202000044520";"25";"6";"2020";"03:40";"5";"69";"69381";"2";"1";"1";"3";"PECHERIE (DE LA)                    (QU)";"45,7666000";"4,8303000"
"202000044521";"24";"6";"2020";"07:00";"1";"69";"69149";"2";"2";"1";"6";"JEAN JAURES                         (SQ)";"45,7158284";"4,8190175"
"202000044522";"23";"8";"2020";"18:30";"1";"06";"06058";"1";"1";"1";"2";"D6085";"43,7308380";"6,7950040"
"202000044523";"25";"6";"2020";"18:10";"1";"91";"91570";"2";"1";"1";"6";"SAINT SAENS (RUE)";"48,6347040";"2,3215680"
"202000044524";"5";"2";"2020";"12:50";"1";"30";"30179";"2";"1";"1";"7";"Avenue du 8 Mai 1945";"43,8736590";"4,6032070"
"202000044525";"28";"8";"2020";"15:00";"1";"04";"04143";"2";"1";"1";"6";"Av de Traversetolo";"43,9086180";"5,9051080"
"202000044526";"6";"2";"2020";"15:00";"1";"08";"08076";"1";"9";"1";"6";"D951";"49,6977290";"4,6981350"
"202000044527";"25";"6";"2020";"23:00";"5";"91";"91027";"2";"9";"8";"3";"MITTERAND (AVENUE FRANCOIS) N° 112 A 188";"48,7087800";"2,3714600"
"202000044528";"25";"6";"2020";"08:27";"1";"87";"87085";"2";"1";"1";"3";"Cours Gay-lussac";"45,8542800";"1,2458600"
"202000044529";"7";"2";"2020";"01:05";"5";"08";"08125";"2";"1";"1";"6";"38 Route Nationale";"49,8115600";"4,6116560"
"202000044530";"27";"8";"2020";"07:00";"2";"89";"89257";"2";"2";"1";"5";"Avenue Edouard Branly";"47,9711420";"3,5400710"
"202000044531";"25";"6";"2020";"07:22";"1";"87";"87085";"2";"1";"1";"3";"BELLAC (RUE DE)";"45,8542800";"1,2458600"
"202000044532";"7";"2";"2020";"08:30";"1";"88";"88358";"2";"1";"1";"6";"32 Rue de la Gare";"48,1077430";"6,5685540"
"202000044533";"26";"8";"2020";"14:30";"1";"21";"21714";"1";"1";"1";"1";"14 Route de Boncourt-le-bois";"47,1530150";"4,9641360"
"202000044534";"7";"2";"2020";"12:10";"1";"88";"88225";"2";"1";"1";" -1";"Rue de la Croix Georges";"48,0906530";"6,4710010"
"202000044535";"24";"6";"2020";"16:09";"1";"87";"87113";"2";"2";"1";"3";"REPUBLIQUE (PLACE DE LA)";"45,8652200";"1,3239500"
"202000044536";"27";"8";"2020";"15:55";"1";"21";"21295";"1";"1";"1";"2";"D974";"47,2206015";"4,9763309"
"202000044537";"7";"2";"2020";"05:44";"3";"74";"74208";"1";"1";"1";"2";"A40";"45,9128450";"6,6898830"
"202000044538";"24";"8";"2020";"15:00";"1";"08";"08081";"2";"1";"1";"3";"Rue du Vieux Moulin";"49,8612020";"4,7611620"
"202000044539";"24";"6";"2020";"18:30";"1";"86";"86158";"2";"6";"1";"3";"Rue de Poitiers";"46,6166040";"0,3138500"
"202000044540";"7";"2";"2020";"00:15";"3";"33";"33199";"1";"6";"1";"6";"A660";"44,6159200";" -1,1020870"
"202000044541";"27";"8";"2020";"18:30";"1";"67";"67404";"2";"1";"1";"6";"Rue Principale";"48,9025020";"7,9537690"
"202000044542";"10";"6";"2020";"13:30";"1";"83";"83137";"2";"9";"1";"7";"GALIBIER (CHEMIN DU)";"43,1368200";"5,9212600"
"202000044543";"6";"2";"2020";"18:00";"2";"66";"66190";"1";"1";"1";"7";"D11";"42,8235950";"2,9251890"
"202000044544";"28";"1";"2020";"12:50";"1";"57";"57342";"1";"1";"1";"6";"Route Nationale 4";"48,6403320";"6,9045000"
"202000044545";"24";"6";"2020";"10:10";"1";"83";"83050";"2";"1";"1";"6";"CLEMENCEAU(BOULEVARD GEORGES)";"43,5367310";"6,4638950"
"202000044546";"6";"2";"2020";"07:30";"2";"91";"91085";"2";"9";"7";"6";"43 Rue Jean Moulin";"48,5647550";"2,2133910"
"202000044547";"25";"6";"2020";"16:00";"1";"81";"81021";"2";"1";"1";"1";"THORE";"43,5077800";"2,3590700"
"202000044548";"24";"6";"2020";"09:50";"1";"80";"80021";"2";"1";"1";"2";"AMONT (PORT D')";"49,8953100";"2,3065300"
"202000044549";"7";"2";"2020";"14:40";"1";"973";"97311";"2";"1";"1";"3";"Route Saint Maurice";"5,4926000";" -54,0312520"
"202000044550";"25";"8";"2020";"13:08";"1";"67";"67046";"2";"3";"1";"1";"Rue des Pharmaciens";"48,7674508";"7,8600098"
"202000044551";"7";"2";"2020";"08:00";"2";"37";"37072";"2";"1";"1";"6";"Rue du Petit Bouqueteau";"47,1719782";"0,2584641"
"202000044552";"24";"6";"2020";"17:30";"1";"80";"80021";"2";"4";"1";"3";"GEORGES QUARANTE (AVENUE)";"49,9170700";"2,2573400"
"202000044553";"5";"2";"2020";"15:40";"1";"83";"83099";"2";"1";"1";"7";"Impasse des Marsouins";"43,4536630";"6,6930180"
"202000044554";"23";"6";"2020";"08:40";"1";"80";"80021";"2";"1";"1";"6";"SAINT MAURICE (RUE)";"49,9052800";"2,2870100"
"202000044555";"27";"8";"2020";"14:00";"1";"57";"57444";"2";"1";"1";"6";"12 rue du ruisseau";"49,1114990";"6,5384640"
"202000044556";"7";"2";"2020";"07:15";"2";"68";"68226";"2";"1";"1";"6";"5 Rue Sébastopol";"48,0399720";"7,1350840"
"202000044557";"28";"8";"2020";"01:00";"3";"73";"73150";"1";"1";"1";"3";"D221 Rte de la Plagne";"45,5494457";"6,6722595"
"202000044558";"24";"6";"2020";"12:20";"1";"79";"79191";"2";"2";"1";"3";"125 Rue de Ribray";"46,3221300";" -0,4757800"
"202000044559";"1";"2";"2020";"09:30";"1";"69";"69159";"2";"1";"1";"6";"26 rue du ruisseau";"45,9650076";"4,6508216"
"202000044560";"25";"6";"2020";"14:30";"1";"78";"78440";"1";"1";"1";"4";"VERNEUIL (ROUTE DE)";"48,9923200";"1,9405800"
"202000044561";"5";"2";"2020";"19:45";"3";"81";"81038";"1";"1";"1";"3";"A68";"43,8799440";"1,9104070"
"202000044562";"27";"8";"2020";"18:00";"1";"38";"38464";"1";"2";"1";"1";"Chemin de Gourgeolas";"45,5521800";"5,3971090"
"202000044563";"27";"8";"2020";"21:20";"3";"38";"38054";"2";"1";"1";"2";"Route du Bugey";"45,7889650";"5,4292630"
"202000044564";"5";"2";"2020";"15:30";"1";"33";"33056";"2";"3";"1";"3";"Rue du Maréchal Juin";"44,9071370";" -0,6358340"
"202000044565";"24";"6";"2020";"18:50";"1";"76";"76351";"2";"1";"1";"6";"LENINGRAD (BD DE)";"49,4993000";"0,1636000"
"202000044566";"6";"2";"2020";"16:00";"1";"60";"60439";"2";"1";"1";"6";"Rue de Noailles";"49,3197096";"2,3098575"
"202000044567";"25";"6";"2020";"13:35";"1";"73";"73065";"2";"2";"1";"3";"MORANDAT YVON (RUE)";"45,5687100";"5,9359100"
"202000044568";"7";"2";"2020";"00:20";"3";"60";"60628";"1";"1";"9";"7";"Rue du Général de Gaulle";"49,4238246";"2,1458322"
"202000044569";"27";"8";"2020";"16:02";"1";"40";"40077";"1";"1";"1";"1";"Route de Labatut";"43,5465140";" -1,0635520"
"202000044570";"5";"2";"2020";"22:35";"3";"13";"13005";"1";"1";"1";"7";"A50-Sens Aubagne vers Marseille";"43,2877800";"5,5451000"
"202000044571";"4";"2";"2020";"22:50";"3";"13";"13071";"1";"1";"1";"6";"A7-Sens Lyon vers Marseille";"43,4165600";"5,2744629"
"202000044572";"28";"8";"2020";"06:36";"2";"76";"76434";"2";"2";"1";"4";"Route de Mesnil Raoul";"49,3865350";"1,2709490"
"202000044573";"5";"2";"2020";"16:20";"1";"67";"67447";"1";"1";"1";"3";"Autoroute A.4";"48,6006455";"7,7348026"
"202000044574";"6";"2";"2020";"18:30";"2";"33";"33013";"1";"1";"1";"3";"ROUTE NATIONALE 230";"44,8453000";" -0,5020000"
"202000044575";"27";"8";"2020";"06:30";"2";"59";"59177";"2";"1";"1";"7";"39 Route de Cartignies";"50,1312480";"3,8636870"
"202000044576";"26";"8";"2020";"11:45";"1";"13";"13215";"1";"1";"1";"3";"A55-Sens Marseille vers Martigues";"43,3280000";"5,3576000"
"202000044577";"6";"2";"2020";"08:50";"1";"33";"33013";"1";"1";"1";"5";"ROUTE NATIONALE 230";"44,8528000";" -0,5049400"
"202000044578";"26";"8";"2020";"11:06";"1";"13";"13001";"1";"1";"1";"7";"A51-Sens Aix en Provence vers Marseille";"43,5114000";"5,4196000"
"202000044579";"6";"2";"2020";"16:23";"1";"91";"91521";"1";"1";"1";"4";"RN 104";"48,6331000";"2,4054000"
"202000044580";"6";"2";"2020";"06:00";"3";"94";"94038";"1";"1";"1";"7";"AUTOROUTE A6B";"48,7786600";"2,3466000"
"202000044581";"5";"2";"2020";"19:35";"3";"91";"91161";"1";"1";"1";"3";"AUTOROUTE A6";"48,7125200";"2,3081000"
"202000044582";"6";"2";"2020";"10:55";"1";"78";"78571";"1";"1";"1";"5";"A13";"48,8664800";"2,0349100"
"202000044583";"6";"2";"2020";"08:35";"1";"92";"92048";"1";"1";"1";" -1";"N118";"48,8016000";"2,2151200"
"202000044584";"6";"2";"2020";"13:20";"1";"94";"94017";"1";"1";"1";"3";"A4";"48,8296743";"2,4982711"
"202000044585";"5";"2";"2020";"11:00";"1";"974";"97416";"2";"9";"1";"6";"ISAUTIER (RUE FRANCOIS)";" -21,3409000";"55,4726900"
"202000044586";"5";"2";"2020";"16:30";"1";"974";"97411";"1";"1";"1";"3";"Chemin de Bois Rouge";" -20,9205250";"55,4920940"
"202000044587";"5";"2";"2020";"19:20";"4";"69";"69387";"2";"2";"1";"6";"NICOLAI                             (R )";"45,7489932";"4,8564845"
"202000044588";"26";"8";"2020";"05:50";"2";"13";"13056";"1";"1";"1";"2";"A55-Sens Martigues vers Marseille";"43,4013000";"5,0432000"
"202000044589";"5";"2";"2020";"14:15";"1";"69";"69386";"2";"2";"1";"3";"MARECHAL FOCH (DU)                  (AV)";"45,7726000";"4,8430700"
"202000044590";"26";"8";"2020";"19:40";"1";"13";"13070";"1";"1";"1";"4";"A50-Sens Aubagne vers Marseille";"43,2852430";"5,5161170"
"202000044591";"26";"8";"2020";"17:30";"1";"13";"13005";"1";"1";"1";"2";"A501-Sens Aubagne vers Pont de l'Etoile";"43,3026000";"5,5682000"
"202000044592";"5";"2";"2020";"14:25";"1";"69";"69259";"2";"2";"1";"5";"PROFESSEUR ROUX (DU)                (R )";"45,7182356";"4,8593614"
"202000044593";"17";"8";"2020";"18:45";"1";"13";"13081";"1";"1";"1";"6";"A7-Sens Lyon vers Marseille";"43,4938860";"5,2395750"
"202000044594";"26";"8";"2020";"23:30";"5";"33";"33143";"1";"1";"1";"5";"AUTOROUTE A 10";"44,9591700";" -0,4462800"
"202000044595";"23";"5";"2020";"18:47";"1";"91";"91174";"2";"2";"1";"6";"LAFAYETTE ( RUE)";"48,6156810";"2,4752380"
"202000044596";"27";"8";"2020";"19:40";"1";"94";"94076";"1";"1";"1";"2";"AUTOROUTE A6A";"48,7914000";"2,3442000"
"202000044597";"27";"7";"2020";"06:55";"1";"91";"91286";"1";"1";"1";"3";"AUTOROUTE A6";"48,6532867";"2,3809944"
"202000044598";"23";"5";"2020";"19:00";"1";"86";"86027";"1";"3";"7";"3";"Route de Bellevue";"46,5792022";"0,2941317"
"202000044599";"26";"8";"2020";"21:50";"3";"91";"91570";"1";"1";"1";"2";"RN 104";"48,6253900";"2,3200400"
"202000044600";"5";"2";"2020";"07:55";"1";"69";"69387";"2";"1";"1";"6";"JEAN JAURES                         (AV)";"45,7482100";"4,8436700"
"202000044601";"24";"5";"2020";"18:10";"1";"71";"71040";"2";"3";"1";"2";"Route de Mâcon";"46,6865199";"4,3905562"
"202000044602";"27";"8";"2020";"12:30";"2";"78";"78640";"1";"1";"1";"2";"N118";"48,7796270";"2,2225470"
"202000044603";"24";"5";"2020";"21:35";"5";"69";"69266";"2";"3";"1";"1";"CYPRIAN   (Rue de)                  ";"45,7570600";"4,9020100"
"202000044604";"5";"2";"2020";"06:40";"5";"69";"69381";"2";"2";"1";"3";"ALGERIE (D')                        (R )";"45,7672572";"4,8309418"
"202000044605";"27";"8";"2020";"16:40";"1";"92";"92036";"1";"1";"1";"2";"AUTOROUTE A15";"48,9435400";"2,2873800"
"202000044606";"24";"5";"2020";"16:30";"1";"69";"69091";"2";"1";"1";"5";"GAGARINE (AV)";"45,5991573";"4,7692053"
"202000044607";"5";"2";"2020";"15:20";"1";"971";"97101";"1";"3";"1";"3";"BESSON";"16,2370837";" -61,5015507"
"202000044608";"26";"8";"2020";"20:30";"3";"95";"95682";"1";"1";"1";"5";"RN 104";"49,0681400";"2,3918900"
"202000044609";"24";"5";"2020";"17:45";"1";"64";"64102";"2";"1";"1";"2";"MARINES (AVENUE DES ALLEES)";"43,4966500";" -1,4825400"
"202000044610";"4";"2";"2020";"13:05";"1";"91";"91432";"2";"2";"1";"3";"BALZAC (AVENUE)";"48,7013910";"2,3309820"
"202000044611";"27";"8";"2020";"10:00";"1";"93";"93030";"1";"1";"1";"3";"AUTOROUTE A1";"48,9396300";"2,4201800"
"202000044612";"5";"2";"2020";"08:12";"1";"91";"91339";"2";"1";"1";"3";"RN 20";"48,6359900";"2,2666500"
"202000044613";"23";"5";"2020";"19:50";"1";"64";"64024";"2";"9";"1";"3";"avenue des Vagues";"43,4987370";" -1,5427440"
"202000044614";"27";"8";"2020";"10:35";"1";"60";"60505";"1";"1";"1";"2";"AUTOROUTE A1";"49,1713700";"2,5997600"
"202000044615";"24";"5";"2020";"22:20";"5";"33";"33281";"2";"2";"1";"3";"AVE DE LA SOMME / AVE HENRI VIGNEAU";"44,8288900";" -0,6645000"
"202000044616";"3";"2";"2020";"15:32";"1";"87";"87085";"2";"6";"1";"3";"NEXON (RUE DE)";"45,8106300";"1,2573000"
"202000044617";"26";"8";"2020";"20:40";"3";"93";"93048";"1";"1";"1";"3";"AUTOROUTE A86";"48,8646200";"2,4820300"
"202000044618";"4";"2";"2020";"13:40";"1";"85";"85194";"2";"6";"1";"3";" ROND POINT DU DOCTEUR CHARCOT";"46,5051400";" -1,7898500"
"202000044619";"24";"5";"2020";"17:33";"1";"33";"33249";"2";"1";"1";"3";"1 Rue Saint Cricq";"44,8697100";" -0,5313400"
"202000044620";"4";"2";"2020";"10:45";"1";"80";"80021";"2";"1";"1";"1";"ALSACE LORRAINE (BOULEVARD D')";"49,8944400";"2,3092600"
"202000044621";"26";"8";"2020";"00:50";"3";"95";"95154";"1";"1";"1";"5";"A1";"49,0380200";"2,5419800"
"202000044622";"24";"5";"2020";"18:10";"1";"29";"29039";"2";"1";"1";"2";"Allee des Chaperons";"47,8563701";" -3,9104132"
"202000044623";"27";"8";"2020";"11:10";"1";"94";"94018";"1";"1";"1";"2";"A4";"48,8232003";"2,3958043"
"202000044624";"23";"5";"2020";"17:15";"1";"25";"25056";"2";"3";"8";"6";"AVANNE A VELOTTE CHEMIN D'";"47,2163100";"6,0026200"
"202000044625";"4";"2";"2020";"18:15";"5";"78";"78646";"2";"2";"1";"3";"ALEXANDRE BONTEMPS (RUE)";"48,7941900";"2,1234400"
"202000044626";"23";"5";"2020";"11:50";"1";"13";"13071";"1";"1";"1";"3";"ROUTE NATIONALE 113 - RENARDIERE";"43,4122100";"5,3031000"
"202000044627";"26";"8";"2020";"17:55";"2";"974";"97416";"1";"1";"1";"2";"Route Nationale 3";" -21,2988500";"55,5066900"
"202000044628";"24";"5";"2020";"15:20";"1";"13";"13216";"2";"1";"1";"3";"ESTAQUE PLAGE";"43,3598710";"5,3158460"
"202000044629";"26";"8";"2020";"19:00";"5";"974";"97416";"2";"3";"1";"3";"PRESIDENT MITTERAND(AVENUE)";" -21,3429600";"55,4815000"
"202000044630";"4";"2";"2020";"08:00";"1";"74";"74119";"2";"3";"8";"3";"CORNICHE (ROUTE DE LA)  CD21";"46,3875500";"6,5866500"
"202000044631";"24";"5";"2020";"17:38";"1";"13";"13207";"2";"1";"1";"3";"Corniche John Fitzgérald Kennedy";"43,2819200";"5,3511000"
"202000044632";"26";"8";"2020";"10:10";"1";"974";"97416";"2";"6";"1";"7";"LORION(RUE LUC)";" -21,3312800";"55,4720800"
"202000044633";"26";"8";"2020";"08:00";"1";"974";"97416";"2";"9";"1";"6";"LAURENT VERGES(AVENUE)";" -21,2989700";"55,4555300"
"202000044634";"23";"5";"2020";"19:45";"1";"13";"13213";"2";"1";"1";"2";"JEAN PAUL SARTRE (AVENUE)";"43,3204118";"5,4160417"
"202000044635";"5";"2";"2020";"13:50";"1";"69";"69266";"2";"3";"1";"3";"TOLSTOI    (Cours)";"45,7616500";"4,8820000"
"202000044636";"26";"8";"2020";"19:00";"2";"974";"97411";"2";"1";"1";"3";"Boulevard Jean Jaures";" -20,8920800";"55,4677700"
"202000044637";"5";"2";"2020";"10:20";"1";"69";"69266";"2";"1";"1";"6";"GENAS    (Route de)";"45,7535000";"4,8959000"
"202000044638";"24";"5";"2020";"00:01";"5";"13";"13210";"2";"3";"1";"3";"MIREILLE LAUZE (BOULEVARD)";"43,2833240";"5,4128760"
"202000044639";"23";"5";"2020";"17:30";"1";"13";"13209";"2";"1";"1";"3";"MARÉCHAL DE LATTRE (AVENUE)";"43,2458930";"5,4172950"
"202000044640";"26";"8";"2020";"12:10";"1";"974";"97411";"2";"4";"1";"3";"MACE (ROUTE GABRIEL)";" -20,9259471";"55,4936814"
"202000044641";"26";"8";"2020";"22:00";"5";"69";"69383";"2";"1";"1";" -1";"ANDRE PHILIP                        (R )";"45,7592268";"4,8508939"
"202000044642";"24";"5";"2020";"09:20";"1";"13";"13005";"2";"7";"1";"3";"NATIONALE 8 DE PARIS A TOULON (ROUTE)";"43,2839000";"5,5935900"