"Num_Acc";"jour";"mois";"an";"hrmn";"lum";"dep";"com";"agg";"int";"atm";"col";"adr";"lat";"long"
"202000044643";"4";"2";"2020";"18:00";"5";"69";"69282";"2";"2";"1";"5";"REPUBLIQUE (DE)                     (R )";"45,7648000";"5,0121000"
"202000044644";"7";"5";"2020";"06:00";"2";"07";"07008";"1";"1";"1";"7";"N/A";"44,6991460";"4,6370390"
"202000044645";"26";"8";"2020";"18:56";"1";"69";"69259";"2";"1";"1";"3";"ACACIAS (DES)                       (AL)";"45,7246700";"4,8690500"
"202000044646";"5";"2";"2020";"09:40";"1";"59";"59599";"2";"1";"8";"2";"ALLENDE (AVENUE SALVADOR)";"50,7217861";"3,1638157"
"202000044647";"24";"5";"2020";"18:10";"1";"06";"06027";"2";"1";"1";"3";"PLAGE BOULEVARD DE LA";"43,6539510";"7,1571770"
"202000044648";"26";"8";"2020";"18:40";"1";"69";"69383";"2";"3";"1";"3";"CREQUI (DE)                         (R )";"45,7578000";"4,8481600"
"202000044649";"24";"5";"2020";"20:50";"2";"75";"75119";"2";"1";"1";"7";"BOULEVARD PERIPHERIQUE EXTERIEUR NORD  ";"48,9005910";"2,3834590"
"202000044650";"18";"8";"2020";"16:25";"1";"69";"69276";"2";"1";"1";"7";"VIENNE (DE)                             ";"45,6676500";"4,8591400"
"202000044651";"31";"1";"2020";"08:00";"2";"58";"58194";"2";"6";"2";"3";"PRE PLANTIN (BOULEVARD)";"46,9807000";"3,1303000"
"202000044652";"24";"5";"2020";"13:00";"1";"75";"75116";"2";"1";"7";"2";"RUE GEORGE SAND";"48,8498260";"2,2683550"
"202000044653";"26";"8";"2020";"14:00";"1";"69";"69259";"2";"1";"1";"2";"AMBROISE CROIZAT                    (BD)";"45,7025700";"4,8876980"
"202000044654";"4";"2";"2020";"18:05";"2";"56";"56083";"1";"1";"1";"2";"ROUTE NATIONALE  165";"47,7891100";" -3,2892900"
"202000044655";"24";"5";"2020";"00:11";"5";"75";"75114";"2";"3";"1";"3";"RUE DES PLANTES";"48,8292990";"2,3226760"
"202000044656";"5";"2";"2020";"14:50";"1";"54";"54395";"2";"1";"1";"2";"AUSTRASIE (BOULEVARD)";"48,6929768";"6,1992283"
"202000044657";"26";"8";"2020";"15:00";"1";"972";"97213";"1";"9";"1";"5";"ROUTE NATIONALE 1";"14,6466000";" -60,9760000"
"202000044658";"24";"5";"2020";"09:55";"1";"75";"75112";"2";"1";"1";"3";"AVENUE DE LA PORTE DE VINCENNES";"48,8468960";"2,4128560"
"202000044659";"26";"8";"2020";"16:20";"1";"972";"97209";"1";"4";"1";"7";"ORANGERS AMERS (IMP DES)";"14,6288400";" -61,0597500"
"202000044660";"5";"2";"2020";"17:15";"1";"51";"51454";"2";"2";"1";"3";"Rue Docteur Lemoine";"49,2683772";"4,0352954"
"202000044661";"23";"5";"2020";"20:30";"2";"75";"75104";"2";"4";"1";"3";"BOULEVARD MORLAND";"48,8482710";"2,3648790"
"202000044662";"26";"8";"2020";"14:50";"1";"69";"69389";"2";"1";"1";"3";"MARIETTON                           (R )";"45,7760500";"4,7996200"
"202000044663";"23";"5";"2020";"22:30";"4";"75";"75104";"2";"1";"1";"2";"QUAI HENRI IV";"48,8491600";"2,3621760"
"202000044664";"24";"8";"2020";"09:00";"1";"69";"69382";"2";"1";"1";"3";"PERRACHE                            (QU)";"45,7400060";"4,8230700"
"202000044665";"29";"1";"2020";"12:25";"1";"50";"50602";"2";"7";"1";"3";"MOULIN (RD PT JEAN)";"49,6351700";" -1,5913700"
"202000044666";"24";"5";"2020";"17:50";"1";"94";"94058";"2";"1";"1";"3";"ARGONNE (QU D)";"48,8469167";"2,5107711"
"202000044667";"26";"8";"2020";"11:50";"1";"2A";"2A004";"2";"6";"1";"2";"STILETTO LOT RTE MEZZAVIA";"41,9478982";"8,7645233"
"202000044668";"4";"2";"2020";"14:15";"1";"49";"49007";"2";"1";"1";"3";"RABELAIS";"47,4634700";" -0,5479900"
"202000044669";"24";"5";"2020";"11:00";"1";"94";"94046";"2";"1";"1";"3";"GENERAL DE GAULLE (AV DU)";"48,8159000";"2,4200000"
"202000044670";"24";"5";"2020";"00:05";"5";"94";"94022";"2";"9";"1";"7";"MESANGES (AV DES)";"48,7753709";"2,4176410"
"202000044671";"5";"2";"2020";"17:17";"1";"45";"45234";"2";"2";"1";"6";"Avenue de l'Hopital - Rue A Paré";"47,8307980";"1,9202550"
"202000044672";"24";"5";"2020";"18:45";"1";"94";"94017";"2";"1";"1";"6";"REPUBLIQUE (AV DE LA)";"48,8217300";"2,5105100"
"202000044673";"5";"2";"2020";"08:00";"1";"45";"45147";"2";"1";"1";"3";"333 Rue Marcelin Berthelot";"47,9449310";"1,9210000"
"202000044674";"24";"5";"2020";"17:45";"1";"93";"93064";"2";"2";"1";"3";"FERRY (RUE JULES)";"48,8765301";"2,4759483"
"202000044675";"5";"2";"2020";"08:30";"1";"45";"45004";"1";"3";"1";"3";"D973 PR 1 + 275";"48,0025980";"2,7818890"
"202000044676";"26";"8";"2020";"10:00";"1";"91";"91377";"2";"6";"1";"3";"AMPERE (RUE)";"48,7210200";"2,2725900"
"202000044677";"26";"8";"2020";"10:20";"1";"91";"91201";"2";"1";"1";"6";"MARTYRS DE CHATEAUBRIAND(AVENUE DES)";"48,6852400";"2,4118000"
"202000044678";"4";"2";"2020";"13:50";"1";"45";"45208";"2";"1";"8";"2";"RUE DU PORT";"48,0007600";"2,7296900"
"202000044679";"26";"8";"2020";"07:40";"1";"91";"91114";"2";"2";"7";"7";"CENTRE (RUE DU)";"48,7091400";"2,5070200"
"202000044680";"26";"8";"2020";"18:13";"1";"88";"88413";"2";"1";"1";"6";"Avenue LEON GRANDJEAN";"48,2816400";"6,9604700"
"202000044681";"5";"2";"2020";"18:00";"1";"44";"44109";"2";"1";"1";" -1";"RUE DU MOULIN";"47,2168000";" -1,5546100"
"202000044682";"25";"8";"2020";"15:40";"1";"86";"86194";"2";"1";"1";"3";"Boulevard Chasseigne";"46,5888900";"0,3473200"
"202000044683";"24";"4";"2020";"11:10";"1";"93";"93010";"2";"1";"1";"3";"GALLIENI (AV.) DE 2 A 96";"48,9046809";"2,4750926"
"202000044684";"26";"8";"2020";"07:35";"1";"83";"83062";"2";"1";"7";"2";"ROUTE DE HYERES";"43,1347900";"6,0340000"
"202000044685";"24";"5";"2020";"18:30";"1";"92";"92078";"2";"3";"1";"3";"MARECHAL LECLERC (AVENUE) (PAIRS)";"48,9378120";"2,3243440"
"202000044686";"5";"2";"2020";"22:00";"5";"38";"38185";"2";"4";"1";"3";"Place du Docteur Galimard";"45,1749800";"5,7256300"
"202000044687";"26";"8";"2020";"13:10";"1";"83";"83034";"2";"1";"1";"3";"RUE DES 3 PINS";"43,1030400";"6,0711100"
"202000044688";"24";"5";"2020";"19:30";"1";"92";"92024";"2";"2";"7";"1";"GARDES (ROUTE DES) N° 5 A 51";"48,9050342";"2,3091987"
"202000044689";"25";"8";"2020";"14:35";"1";"79";"79191";"2";"3";"1";"3";"Rue de l'Espingole";"46,3241900";" -0,4677100"
"202000044690";"26";"8";"2020";"18:39";"1";"78";"78358";"2";"1";"1";"6";"SAINT GERMAIN (AVENUE DE)";"48,9414100";"2,1397700"
"202000044691";"25";"5";"2020";"07:30";"1";"35";"35149";"1";"2";"1";"3";"Le Moulin a Vent";"47,9677023";" -1,8680465"
"202000044692";"23";"5";"2020";"13:15";"1";"38";"38035";"1";"1";"3";"7";"Chemin des Combes";"45,5268800";"5,0620400"
"202000044693";"24";"5";"2020";"15:35";"1";"35";"35231";"1";"1";"1";"6";"N137";"47,9127854";" -1,6820355"
"202000044694";"25";"8";"2020";"16:35";"1";"76";"76351";"2";"3";"1";"3";"VERDUN (RUE DE)";"49,5020500";"0,1576000"
"202000044695";"4";"2";"2020";"17:14";"1";"37";"37261";"2";"2";"1";"6";"PREUILLY (BOULEVARD)";"47,3949062";"0,6755855"
"202000044696";"24";"5";"2020";"16:45";"1";"41";"41006";"1";"1";"1";"7";"Rue de Verdes";"47,8849670";"1,4142220"
"202000044697";"5";"1";"2020";"18:15";"3";"01";"01262";"1";"9";"1";"7";"D4";"45,9268485";"5,0317050"
"202000044698";"2";"1";"2020";"20:00";"3";"17";"17092";"1";"1";"1";"1";"RD 19";"45,3373500";" -0,4189190"
"202000044699";"4";"1";"2020";"17:50";"2";"33";"33322";"1";"1";"1";"6";"Louens Est";"44,9412890";" -0,6959280"
"202000044700";"26";"8";"2020";"15:30";"1";"76";"76576";"1";"5";"1";"3";"D6015";"49,5595900";"0,4687900"
"202000044701";"6";"1";"2020";"07:30";"3";"50";"50416";"1";"1";"1";"6";"Route de Beaumont";"49,6426330";" -1,7310050"
"202000044702";"24";"5";"2020";"17:25";"1";"83";"83097";"1";"1";"1";"7";"D23";"43,5341450";"5,7306150"
"202000044703";"5";"2";"2020";"17:50";"2";"35";"35238";"2";"9";"1";"3";"CUCILLE (AVENUE DE)";"48,1280800";" -1,7030200"
"202000044704";"22";"8";"2020";"19:15";"1";"69";"69266";"2";"2";"1";"3";"POIZAT      (Rue)";"45,7581600";"4,8933000"
"202000044705";"5";"2";"2020";"07:25";"2";"35";"35238";"2";"3";"1";"1";"CHATILLON (DE)";"48,1015200";" -1,6725600"
"202000044706";"25";"8";"2020";"08:45";"1";"67";"67482";"2";"1";"1";"6";"OSTWALD (PLACE D )";"48,5646720";"7,7064910"
"202000044707";"5";"2";"2020";"17:30";"2";"34";"34172";"2";"3";"1";"3";"CARRE DU ROI (RUE DU)";"43,6127100";"3,8709900"
"202000044708";"5";"2";"2020";"11:15";"1";"34";"34172";"2";"1";"1";"6";"ETATS DU LANGUEDOC (AVENUE DES)";"43,6095179";"3,8835210"
"202000044709";"5";"2";"2020";"18:35";"5";"33";"33013";"1";"1";"1";"3";"ROUTE NATIONALE 89";"44,8678300";" -0,4927400"
"202000044710";"26";"8";"2020";"15:40";"1";"64";"64102";"2";"6";"1";"2";"GIRATOIRE DES PONTOTS";"43,4884500";" -1,4917000"
"202000044711";"24";"5";"2020";"16:30";"1";"19";"19252";"1";"1";"1";"6";"Lieu dit VIOUX";"45,4140081";"2,4751549"
"202000044712";"30";"1";"2020";"06:40";"5";"33";"33063";"2";"4";"2";"2";"CRS CHARLES BRICAUD / AVE DES TROIS CARDINAUX";"44,8871300";" -0,5600400"
"202000044713";"5";"2";"2020";"11:40";"1";"33";"33550";"2";"3";"1";"2";"91 AVE GEORGES CLEMENCEAU";"44,7789400";" -0,5557700"
"202000044714";"26";"8";"2020";"11:55";"1";"64";"64102";"2";"1";"1";"2";"BAB (Boulevard)";"43,4963400";" -1,4858200"
"202000044715";"24";"5";"2020";"18:30";"1";"19";"19083";"1";"1";"1";"7";"D1089";"45,6537830";"2,5122480"
"202000044716";"5";"1";"2020";"18:45";"5";"59";"59120";"2";"1";"2";"6";"86 Rue de Bailleul";"50,7589218";"2,6062354"
"202000044717";"5";"2";"2020";"09:15";"1";"33";"33075";"2";"3";"1";"3";"ALL DU BRION";"44,8763100";" -0,6076700"
"202000044718";"26";"8";"2020";"11:05";"1";"59";"59090";"2";"1";"1";"3";"GEORGES (CHEMIN SAINT)";"50,7022300";"3,0849700"
"202000044719";"26";"8";"2020";"14:30";"1";"59";"59350";"2";"2";"1";"6";"BELFORT BOULEVARD DE";"50,6181200";"3,0736800"
"202000044720";"26";"8";"2020";"12:33";"1";"59";"59350";"2";"3";"1";"6";"JACQUET EUGENE RUE N°IMPAIRS";"50,6381116";"3,0799023"
"202000044721";"24";"5";"2020";"19:45";"1";"74";"74311";"2";"1";"7";"1";"Route du Fer a Cheval";"46,1420540";"6,4049030"
"202000044722";"25";"8";"2020";"21:25";"1";"56";"56098";"2";"2";"1";"3";"MAI 1945 ( AV. DU 8 )";"47,7572700";" -3,3313200"
"202000044723";"5";"1";"2020";"21:30";"3";"13";"13071";"1";"1";"1";"5";"A55 - Sens Marseille vers Martigues";"43,3962990";"5,2988060"
"202000044724";"5";"1";"2020";"17:30";"1";"33";"33487";"1";"1";"1";"2";"AUTOROUTE A 10";"44,9542700";" -0,4561400"
"202000044725";"5";"2";"2020";"09:00";"1";"33";"33167";"2";"3";"1";"3";"Av PIERRE MENDES-FRANCE";"44,8426400";" -0,5099000"
"202000044726";"5";"1";"2020";"06:45";"3";"91";"91432";"1";"1";"1";"7";"AUTOROUTE A6";"48,6933700";"2,3203500"
"202000044727";"5";"1";"2020";"03:19";"3";"91";"91377";"1";"1";"1";"2";"AUTOROUTE A10";"48,7288100";"2,3054500"
"202000044728";"21";"8";"2020";"23:00";"5";"54";"54395";"2";"1";"1";"2";"Marcel BROT (Rue et Rond-Point )";"48,6774400";"6,2056200"
"202000044729";"25";"5";"2020";"00:45";"3";"82";"82112";"2";"1";"1";"7";"Route de Serat";"44,1012600";"1,0727720"
"202000044730";"5";"1";"2020";"03:45";"3";"78";"78090";"1";"1";"1";"2";"A13";"48,9693370";"1,9152780"
"202000044731";"25";"8";"2020";"17:33";"1";"54";"54395";"2";"1";"1";" -1";"31 rue jules Dorget";"48,6791067";"6,1876604"
"202000044732";"24";"5";"2020";"21:25";"2";"11";"11351";"1";"1";"1";"6";"D611";"43,1065920";"2,7154470"
"202000044733";"4";"1";"2020";"16:10";"1";"974";"97411";"2";"3";"1";"3";"Place du Général de Gaulle";" -20,8752642";"55,4455017"
"202000044734";"4";"1";"2020";"13:00";"1";"69";"69388";"2";"1";"8";"6";"EUROPE (DE L')                      (AV)";"45,7400600";"4,8593700"
"202000044735";"4";"1";"2020";"19:30";"5";"972";"97213";"2";"1";"3";"6";"ROUTE DEPARTEMENTALE 14";"14,6195000";" -61,0205000"
"202000044736";"26";"8";"2020";"14:40";"1";"51";"51454";"1";"1";"1";"7";"Avenue Nicéphore Niepce";"49,2401960";"4,0782310"
"202000044737";"4";"2";"2020";"19:00";"5";"33";"33529";"2";"1";"1";"3";"centre commercial ""Cap Océan"" ";"44,6351700";" -1,1534900"
"202000044738";"4";"1";"2020";"18:45";"5";"69";"69389";"2";"2";"1";"3";"24 MARS 1852 ";"45,7777310";"4,8015199"
"202000044739";"21";"8";"2020";"18:15";"1";"49";"49007";"2";"1";"1";"6";"DESJARDIN";"47,4679700";" -0,5465400"
"202000044740";"5";"2";"2020";"09:55";"1";"31";"31555";"2";"1";"1";"7";"DIDE (ROND POINT DU DR MAURICE)";"43,5491600";"1,4202500"
"202000044741";"25";"5";"2020";"14:50";"1";"11";"11099";"2";"1";"1";"7";"16 Avenue de la Montagne Noire";"43,2781340";"2,4054610"
"202000044742";"25";"8";"2020";"14:55";"1";"49";"49007";"2";"1";"1";"6";"RALLIEMENT PLACE";"47,4715000";" -0,5518600"
"202000044743";"4";"1";"2020";"14:50";"1";"69";"69034";"2";"3";"1";"3";"CREPIEUX (DE)                       (CH)";"45,8014654";"4,8629069"
"202000044744";"4";"2";"2020";"01:44";"5";"25";"25388";"2";"2";"6";"6";"OEHMICHEN (RUE ETIENNE)";"47,5016000";"6,7884100"
"202000044745";"31";"1";"2020";"10:35";"1";"22";"22278";"2";"1";"1";"2";"BALZAC";"48,5123500";" -2,7521900"
"202000044746";"3";"2";"2020";"18:55";"5";"22";"22278";"2";"2";"3";"6";"BUTTES (DES)";"48,5160900";" -2,7701200"
"202000044747";"22";"8";"2020";"11:30";"1";"49";"49353";"2";"1";"1";"3";"CAMUS";"47,4555700";" -0,5072600"
"202000044748";"28";"1";"2020";"11:00";"1";"22";"22113";"2";"6";"1";"3";"SAINT MARC (RUE DE)";"48,7342100";" -3,4448748"
"202000044749";"25";"8";"2020";"18:34";"1";"47";"47001";"2";"7";"1";"6";"14 JUILLET (PLACE DU)";"44,2049300";"0,6256800"
"202000044750";"4";"2";"2020";"11:10";"1";"21";"21231";"2";"2";"2";"6";"MONTCHAPET (DE) (RUE)";"47,3324520";"5,0269970"
"202000044751";"4";"2";"2020";"14:20";"1";"19";"19275";"2";"1";"8";"6";"RUE PASTEUR ";"45,5434700";"2,3099500"
"202000044752";"4";"1";"2020";"07:40";"5";"69";"69384";"2";"2";"2";"3";"ARTAUD                              (R )";"45,7809600";"4,8366200"
"202000044753";"6";"2";"2020";"00:00";"5";"13";"13212";"2";"2";"1";"3";"PIERRE CHEVALIER (avenue)";"43,2949800";"5,4269300"
"202000044754";"26";"8";"2020";"03:00";"5";"47";"47001";"2";"7";"1";"6";"JASMIN (PLACE)";"44,2046400";"0,6119100"
"202000044755";"4";"1";"2020";"01:30";"5";"69";"69382";"2";"9";"1";"3";"GROLEE                              (R )";"45,7606900";"4,8370000"
"202000044756";"5";"2";"2020";"19:10";"5";"13";"13215";"2";"1";"1";"1";"VISTE (AVENUE DE LA)";"43,3587090";"5,3576590"
"202000044757";"19";"8";"2020";"21:00";"1";"44";"44132";"2";"3";"1";"3";"Avenue de Mazy";"47,2707200";" -2,3482700"
"202000044758";"3";"1";"2020";"23:20";"5";"69";"69385";"2";"1";"8";"7";"ANGES (DES)                         (R )";"45,7562492";"4,8134233"
"202000044759";"5";"2";"2020";"18:15";"5";"13";"13208";"2";"1";"1";"3";"CLOT BEY (AVENUE)";"43,2578000";"5,3834000"
"202000044760";"4";"1";"2020";"04:45";"3";"2B";"2B037";"1";"1";"1";"6";"TOUTES RUES";"42,6100000";"9,4300000"
"202000044761";"25";"5";"2020";"09:45";"1";"49";"49373";"1";"2";"1";"3";"Lieu Dit la Tremouillere";"47,1233461";" -0,4289967"
"202000044762";"4";"2";"2020";"19:00";"5";"13";"13211";"2";"1";"6";"3";"JEAN LOMBARD (AVENUE)";"43,2889170";"5,4298650"
"202000044763";"4";"1";"2020";"16:52";"2";"78";"78586";"2";"3";"1";"6";"Rue de Saint-Exupéry";"48,9456200";"2,1946100"
"202000044764";"4";"2";"2020";"20:15";"5";"11";"11262";"2";"3";"1";"3";"TASSIGNY (AV. MCHAL DE LATTRE DE)";"43,1919400";"3,0093800"
"202000044765";"24";"5";"2020";"18:00";"1";"68";"68205";"1";"2";"1";"3";"D201";"47,9238740";"7,3574740"
"202000044766";"4";"1";"2020";"17:30";"5";"59";"59599";"2";"1";"8";"2";"FOREST (CHAUSSEE FERNAND)";"50,7368930";"3,1543090"
"202000044767";"24";"5";"2020";"17:15";"1";"35";"35279";"1";"1";"1";"6";"D7";"48,5747459";" -1,8904645"
"202000044768";"4";"2";"2020";"15:30";"1";"11";"11069";"2";"1";"1";"3";"BRAM -ROUTE DE-";"43,2269000";"2,2881000"
"202000044769";"25";"8";"2020";"12:00";"1";"38";"38185";"1";"1";"1";"3";"Rue Maurice Dodero";"45,1601900";"5,7310600"
"202000044770";"26";"8";"2020";"00:30";"5";"37";"37195";"2";"1";"1";"7";"MONTILS (RUE DES)";"47,3761267";"0,6440847"
"202000044771";"4";"1";"2020";"13:15";"1";"59";"59599";"2";"3";"1";"1";"SCHWEITZER (RUE DU DOCTEUR)";"50,7397903";"3,1799789"
"202000044772";"4";"1";"2020";"19:05";"5";"59";"59350";"2";"1";"1";"6";"SOLFERINO RUE N°1 - 159";"50,6347200";"3,0483400"
"202000044773";"4";"1";"2020";"20:00";"5";"54";"54395";"2";"2";"1";"3";"DE LATTRE DE TASSIGNY (AV. MAL)";"48,6843000";"6,1886000"
"202000044774";"26";"8";"2020";"13:30";"1";"35";"35051";"2";"1";"1";"5";"CHALOTAIS (RUE DE LA)";"48,1178800";" -1,6005900"
"202000044775";"21";"5";"2020";"10:50";"1";"29";"29212";"1";"1";"1";"3";"50 Route de Kerarrouz";"48,3735420";" -4,5948920"
"202000044776";"5";"2";"2020";"19:15";"5";"75";"75116";"2";"1";"1";"2";"ECHANGEUR MUETTE";"48,8673430";"2,2693660"
"202000044777";"4";"1";"2020";"18:12";"5";"54";"54395";"2";"6";"1";"3";"DE LA TOUR (RUE GEORGES)";"48,6927000";"6,1959200"
"202000044778";"26";"8";"2020";"12:05";"1";"33";"33529";"2";"6";"1";"6";"CHARLEVOIX DE VILLIERS (RUE)";"44,6349100";" -1,1516300"
"202000044779";"5";"2";"2020";"14:45";"1";"75";"75120";"2";"1";"1";" -1";"PORTE DE MONTREUIL";"48,8527130";"2,4144640"
"202000044780";"4";"2";"2020";"16:58";"1";"75";"75104";"2";"2";"1";"6";"QUAI DE L HOTEL DE VILLE";"48,8542910";"2,3548870"
"202000044781";"24";"5";"2020";"16:46";"1";"38";"38431";"2";"3";"1";"3";"Route de Chambery";"45,2558690";"5,8457830"
"202000044782";"4";"2";"2020";"13:24";"1";"75";"75106";"2";"2";"2";"3";"BOULEVARD SAINT GERMAIN";"48,8544690";"2,3304660"
"202000044783";"5";"2";"2020";"21:40";"3";"75";"75120";"2";"1";"1";" -1";"AVENUE DU PROFESSEUR ANDRE LEMIERE";"48,8564850";"2,4144670"
"202000044784";"25";"5";"2020";"19:40";"1";"84";"84148";"1";"1";"1";"6";"Route de la Nesque";"44,0554870";"5,2442340"
"202000044785";"5";"2";"2020";"10:00";"1";"75";"75118";"2";"1";"1";"3";"RUE JOSEPH DE MAISTRE";"48,8920920";"2,3306440"
"202000044786";"5";"2";"2020";"18:00";"5";"75";"75117";"2";"1";"1";"6";"AVENUE DE VILLIERS";"48,8856140";"2,2921010"
"202000044787";"4";"2";"2020";"14:45";"1";"75";"75116";"2";"1";"1";"6";"AVENUE DE LA GRANDE ARMEE";"48,8767460";"2,2856760"
"202000044788";"24";"5";"2020";"02:30";"3";"03";"03128";"2";"1";"1";"6";"31 Rue de la République";"46,3698345";"2,4796915"
"202000044789";"4";"2";"2020";"09:30";"1";"75";"75115";"2";"2";"2";"2";"RUE DE VAUGIRARD";"48,8449950";"2,3198180"
"202000044790";"26";"8";"2020";"18:10";"1";"25";"25388";"2";"9";"1";"6";"BAUHIN (RUE JEAN)";"47,5094000";"6,8029400"
"202000044791";"4";"1";"2020";"09:10";"2";"45";"45274";"2";"6";"1";"1";"RUE DES ECOLES";"47,8807000";"1,9568000"
"202000044792";"24";"5";"2020";"18:00";"1";"15";"15054";"1";"1";"1";"6";"D62";"45,3451440";"2,7588610"
"202000044793";"5";"2";"2020";"14:00";"1";"75";"75114";"2";"1";"1";"3";"AVENUE PAUL VAILLANT COUTURIER";"48,8164020";"2,3403390"
"202000044794";"24";"5";"2020";"23:40";"3";"60";"60584";"1";"1";"1";"2";"2 Route de Creil";"49,2305581";"2,4336077"
"202000044795";"5";"2";"2020";"08:50";"1";"75";"75113";"2";"1";"1";"6";"BOULEVARD MASSENA";"48,8207770";"2,3667670"
"202000044796";"23";"5";"2020";"18:45";"1";"18";"18057";"2";"1";"1";"7";"Route de la Châtre";"46,5608630";"2,1854160"
"202000044797";"4";"1";"2020";"18:20";"1";"44";"44162";"2";"1";"1";"6";"Avenue des Thébaudières";"47,2423700";" -1,6082600"
"202000044798";"5";"2";"2020";"14:53";"1";"75";"75111";"2";"3";"1";"6";"RUE DE CHARONNE";"48,8555010";"2,3896450"
"202000044799";"4";"1";"2020";"13:00";"1";"34";"34172";"1";"1";"1";" -1";"FOND FROIDE (RUE DE LA)";"43,6454200";"3,8437100"
"202000044800";"5";"2";"2020";"15:40";"1";"75";"75101";"2";"1";"1";"3";"PONT AU CHANGE";"48,8570310";"2,3469180"
"202000044801";"4";"1";"2020";"19:10";"5";"33";"33063";"2";"2";"1";"2";"RUE DE SAGET / RUE JEAN DESCAS";"44,8289290";" -0,5566900"
"202000044802";"5";"2";"2020";"13:20";"1";"75";"75103";"2";"2";"1";"6";"RUE DES HAUDRIETTES";"48,8612420";"2,3582050"
"202000044803";"3";"2";"2020";"07:30";"2";"94";"94068";"2";"1";"1";"2";"BEAUBOURG (QU)";"48,8134200";"2,4787600"
"202000044804";"4";"1";"2020";"18:10";"3";"33";"33199";"1";"1";"1";"2";"RN250 (BONNEVAL -LA HUME) - STADE";"44,6169000";" -1,1112000"
"202000044805";"4";"1";"2020";"16:00";"1";"29";"29232";"2";"1";"1";"1";"Rue du Frugy";"47,9877700";" -4,1080400"
"202000044806";"24";"5";"2020";"19:20";"1";"43";"43114";"1";"1";"1";"6";"Grange neuve";"45,1750640";"4,2264960"
"202000044807";"5";"6";"2020";"18:45";"1";"24";"24322";"2";"7";"1";"6";"MONTAIGNE (COURS MICHEL DE)";"45,1856800";"0,7208900"
"202000044808";"5";"2";"2020";"13:00";"1";"94";"94046";"2";"1";"1";"6";"JEAN JAURES (R)";"48,7946130";"2,4340750"
"202000044809";"25";"8";"2020";"17:50";"1";"17";"17306";"2";"9";"2";"3";"Rue Gambetta";"45,6236680";" -1,0297110"
"202000044810";"4";"2";"2020";"05:40";"5";"94";"94041";"2";"2";"8";"1";"JEAN LE GALLEU (R)";"48,8152700";"2,3756000"
"202000044811";"26";"8";"2020";"07:25";"1";"17";"17300";"2";"1";"1";"3";"ROYALE  AVENUE DE LA PORTE";"46,1631600";" -1,1392800"
"202000044812";"26";"8";"2020";"16:45";"1";"14";"14437";"1";"1";"1";"2";"RN 814";"49,1787300";" -0,3208300"
"202000044813";"26";"8";"2020";"12:08";"1";"14";"14118";"2";"1";"1";"6";"JUIN (BOULEVARD  DU MARECHAL )";"49,2106859";" -0,3658169"
"202000044814";"3";"2";"2020";"18:05";"5";"94";"94053";"2";"2";"1";"3";"PIERRE BROSSOLETTE (R)";"48,7773000";"2,5450900"
"202000044815";"24";"5";"2020";"18:15";"1";"53";"53176";"1";"1";"1";"7";"La Foisilliere";"48,4205720";" -0,6770540"
"202000044816";"5";"2";"2020";"07:35";"2";"93";"93077";"2";"1";"1";" -1";"GRANDE RUE";"48,8827900";"2,5149200"
"202000044817";"25";"5";"2020";"16:30";"1";"53";"53200";"1";"1";"1";"1";"la campanule";"48,2925230";" -0,6454360"
"202000044818";"5";"2";"2020";"15:40";"1";"93";"93051";"2";"6";"1";"2";"MONT D'EST (BD)";"48,8433868";"2,5479171"
"202000044819";"24";"5";"2020";"17:30";"1";"27";"27026";"1";"1";"1";"7";"D9";"49,2034100";"1,6437860"
"202000044820";"5";"2";"2020";"07:53";"2";"93";"93031";"2";"1";"1";"6";"RTE D'ARGENTEUIL";"48,9616400";"2,2949700"
"202000044821";"5";"2";"2020";"07:45";"5";"93";"93010";"2";"1";"1";"6";"R ANDREI SAKHAROV";"48,9165000";"2,4894000"
"202000044822";"4";"1";"2020";"02:10";"5";"26";"26198";"2";"1";"1";"7";"1 Rue Raymond Gabert";"44,5486500";"4,7488100"
"202000044823";"26";"8";"2020";"11:35";"1";"13";"13201";"2";"3";"1";"6";"BD MAURICE BOURDET";"43,3033180";"5,3790980"
"202000044824";"26";"8";"2020";"06:25";"2";"13";"13209";"2";"1";"1";"7";"MARÉCHAL DE LATTRE (AVENUE)";"43,2480000";"5,4064000"
"202000044825";"3";"1";"2020";"18:05";"5";"17";"17300";"2";"1";"2";"6";"COGNEHORS   BOULEVARD DE (1-95))";"46,1674000";" -1,1397700"
"202000044826";"4";"1";"2020";"11:15";"1";"13";"13201";"2";"3";"1";"3";"ABEILLES (RUE DES)";"43,3027950";"5,3846390"
"202000044827";"4";"1";"2020";"00:40";"5";"13";"13213";"2";"1";"1";"5";"OLIVES (AVENUE DES)";"43,3243400";"5,4429500"
"202000044828";"3";"5";"2020";"18:45";"1";"37";"37263";"1";"1";"1";"7";"D45";"47,2915962";"0,8720325"
"202000044829";"5";"2";"2020";"13:05";"1";"93";"93007";"2";"3";"1";"3";"ARISTIDE BRIAND (AVENUE COTE PAIRS)";"48,9439800";"2,4462600"
"202000044830";"4";"1";"2020";"09:15";"1";"09";"09225";"1";"1";"1";"6";"TROIS BORNES LIEU DIT LES";"43,1407600";"1,6686700"
"202000044831";"5";"2";"2020";"17:50";"1";"93";"93001";"2";"9";"1";"1";"R DU MOUTIER ";"48,9147950";"2,3816220"
"202000044832";"24";"5";"2020";"16:15";"1";"30";"30015";"1";"1";"1";"1";"D48n";"44,0295750";"3,5951260"