"Num_Acc";"jour";"mois";"an";"hrmn";"lum";"dep";"com";"agg";"int";"atm";"col";"adr";"lat";"long"
"202000044833";"3";"1";"2020";"19:30";"3";"75";"75117";"2";"1";"1";"6";"ECHANGEUR MAILLOT";"48,8794194";"2,2808186"
"202000044834";"5";"2";"2020";"15:00";"1";"92";"92075";"2";"4";"1";"6";"PAIX (AVENUE DE LA)/ LARMEROUX (RUE)";"48,8148498";"2,2780752"
"202000044835";"25";"5";"2020";"14:10";"1";"52";"52058";"2";"3";"1";"6";"10 Rue de la Scierie";"48,1978240";"5,1351050"
"202000044836";"3";"1";"2020";"16:10";"1";"75";"75113";"2";"1";"1";"2";"BD PERIPHERIQUE EXTERIEUR";"48,8178660";"2,3682270"
"202000044837";"26";"8";"2020";"01:35";"5";"13";"13216";"2";"3";"1";"2";"ESTAQUE PLAGE";"43,3608757";"5,3127213"
"202000044838";"5";"2";"2020";"19:15";"5";"92";"92048";"2";"1";"1";"2";"GENERAL GALLIENI (AVENUE DU) N° 12 A 42";"48,8194890";"2,2293130"
"202000044839";"25";"8";"2020";"19:15";"2";"13";"13201";"2";"2";"1";"3";"CONSOLAT (RUE)   2 A 64";"43,2997300";"5,3863900"
"202000044840";"24";"5";"2020";"14:20";"1";"88";"88373";"1";"1";"1";"7";"D392";"48,5072510";"7,1091840"
"202000044841";"3";"1";"2020";"06:35";"5";"75";"75116";"2";"1";"1";"3";"BD PERIPHERIQUE EXTERIEUR";"48,8565785";"2,2575435"
"202000044842";"5";"2";"2020";"20:20";"3";"86";"86120";"1";"1";"1";"1";"D54";"46,3480240";"0,9493320"
"202000044843";"23";"1";"2020";"07:05";"5";"54";"54113";"2";"1";"1";"6";"RD674";"48,7417330";"6,3456770"
"202000044844";"24";"5";"2020";"20:40";"2";"69";"69244";"2";"1";"1";"6";"3 Avenue Général Brosset";"45,7580360";"4,7757000"
"202000044845";"2";"1";"2020";"18:25";"5";"75";"75117";"2";"1";"1";"4";"BD PERIPHERIQUE INTERIEUR";"48,8931720";"2,3035210"
"202000044846";"6";"2";"2020";"01:00";"3";"972";"97221";"1";"1";"1";"6";"Sans Pareil";"14,5094650";" -60,9615100"
"202000044847";"25";"5";"2020";"08:40";"1";"72";"72213";"1";"1";"1";"3";"D92";"47,9376510";"0,2205040"
"202000044848";"4";"1";"2020";"14:50";"1";"75";"75113";"2";"4";"1";"6";"RUE DU CHEVALERET";"48,8250380";"2,3781420"
"202000044849";"25";"5";"2020";"07:30";"1";"11";"11014";"1";"1";"1";"2";"A9";"43,1931310";"3,0713220"
"202000044850";"6";"2";"2020";"07:30";"2";"11";"11203";"1";"2";"1";"3";"46 Rue du Languedoc";"43,2061420";"2,7930160"
"202000044851";"3";"1";"2020";"11:20";"1";"75";"75113";"2";"3";"1";"6";"RUE DE LA SANTE";"48,8283470";"2,3416030"
"202000044852";"23";"5";"2020";"19:29";"3";"971";"97118";"1";"1";"1";"3";"D 33 Roujol";"16,1790674";" -61,5873599"
"202000044853";"6";"2";"2020";"07:45";"1";"57";"57443";"1";"9";"1";" -1";"A4";"49,2016160";"6,1405850"
"202000044854";"25";"8";"2020";"20:08";"2";"11";"11069";"1";"1";"1";"7";"RD 6113";"43,2048000";"2,3996000"
"202000044855";"24";"5";"2020";"22:40";"3";"45";"45317";"1";"1";"1";"6";"D917-PR1+600";"47,7855875";"1,6096755"
"202000044856";"3";"1";"2020";"02:37";"3";"75";"75114";"2";"3";"1";"1";"RUE DE LA TOMBE ISSOIRE";"48,8289440";"2,3332670"
"202000044857";"17";"5";"2020";"11:30";"1";"91";"91041";"1";"1";"1";"3";"D19";"48,5731150";"2,2472190"
"202000044858";"3";"2";"2020";"19:50";"5";"68";"68253";"2";"9";"1";"3";"D52";"47,7832630";"7,5150400"
"202000044859";"22";"5";"2020";"19:30";"1";"34";"34213";"1";"9";"1";"2";"La Plaine";"43,4740690";"3,6888100"
"202000044860";"31";"1";"2020";"06:55";"2";"91";"91363";"2";"1";"2";"7";"55 Rue Alfred Dubois";"48,6402890";"2,2376390"
"202000044861";"25";"8";"2020";"19:00";"1";"10";"10387";"2";"9";"1";"3";"GEORGES POMPIDOU (RUE)";"48,2881000";"4,0822000"
"202000044862";"26";"8";"2020";"23:33";"5";"06";"06083";"2";"1";"1";"1";"SOLEIL (PROMENADE DU, N° 2 A 848))";"43,7671688";"7,4897272"
"202000044863";"4";"1";"2020";"14:30";"1";"75";"75120";"2";"1";"1";"6";"RUE DE LA PY";"48,8654240";"2,4048700"
"202000044864";"4";"1";"2020";"13:53";"1";"75";"75119";"2";"1";"1";"6";"RUE DE CRIMEE";"48,8838651";"2,3845907"
"202000044865";"25";"8";"2020";"17:20";"1";"04";"04070";"2";"1";"1";"5";"Av de Verdun";"44,0895000";"6,2276000"
"202000044866";"4";"1";"2020";"10:00";"1";"75";"75118";"2";"2";"1";"3";"RUE DU RUISSEAU";"48,8957800";"2,3413620"
"202000044867";"25";"8";"2020";"20:15";"2";"75";"75114";"2";"1";"1";"2";"PORTE DE CHATILLON";"48,8229480";"2,3129510"
"202000044868";"5";"2";"2020";"07:00";"2";"62";"62641";"1";"3";"2";"3";"RD 86";"50,3909520";"2,3818550"
"202000044869";"4";"1";"2020";"01:55";"5";"75";"75112";"2";"2";"1";"3";"BOULEVARD PONIATOWSKI";"48,8318280";"2,3976720"
"202000044870";"5";"2";"2020";"20:00";"5";"62";"62611";"2";"2";"1";"6";"2 Rue de Croisilles";"50,2456470";"2,8163140"
"202000044871";"4";"1";"2020";"19:50";"3";"75";"75111";"2";"3";"1";"3";"RUE DE CHARONNE";"48,8549040";"2,3861660"
"202000044872";"6";"2";"2020";"10:50";"1";"91";"91534";"1";"6";"1";"3";"route departementale  306";"48,7294030";"2,1622900"
"202000044873";"4";"2";"2020";"10:00";"1";"56";"56254";"1";"1";"8";"7";"Départementale 1";"47,8020580";" -2,6207970"
"202000044874";"25";"8";"2020";"17:30";"1";"75";"75119";"2";"1";"1";"2";"PORTE DE LA VILLETTE";"48,9002830";"2,3833670"
"202000044875";"18";"5";"2020";"16:30";"1";"83";"83071";"1";"1";"1";"2";"Route du Carrubier";"43,1374140";"6,2696740"
"202000044876";"4";"2";"2020";"22:45";"5";"74";"74134";"2";"6";"4";"6";"rond point intersection rue du centre / route des Grandes Alpes";"46,1548350";"6,6620710"
"202000044877";"24";"8";"2020";"19:00";"1";"75";"75112";"2";"1";"1";"2";"BOULEVARD PERIPHERIQUE";"48,8281780";"2,3961360"
"202000044878";"4";"2";"2020";"19:00";"5";"74";"74010";"2";"4";"2";"3";"Rue du lachat";"45,9210650";"6,1452200"
"202000044879";"5";"2";"2020";"16:15";"2";"2B";"2B050";"1";"1";"1";"7";"D81";"42,5427420";"8,7900390"
"202000044880";"25";"8";"2020";"22:39";"5";"75";"75108";"2";"3";"1";"3";"AVENUE GEORGE V";"48,8662080";"2,3014930"
"202000044881";"5";"2";"2020";"18:30";"3";"80";"80136";"1";"1";"1";"1";"CD 1";"49,9368730";"2,7285740"
"202000044882";"4";"1";"2020";"04:20";"5";"75";"75107";"2";"2";"1";"3";"BOULEVARD RASPAIL";"48,8544220";"2,3259070"
"202000044883";"5";"2";"2020";"12:45";"1";"82";"82150";"2";"3";"1";"6";"rue alsace lorraine";"43,9166600";"1,3993080"
"202000044884";"4";"1";"2020";"20:15";"5";"75";"75104";"2";"4";"1";"6";"RUE CASTEX";"48,8522402";"2,3659997"
"202000044885";"6";"2";"2020";"08:00";"1";"33";"33236";"2";"2";"1";"6";"19 Avenue du Médoc";"44,7978100";" -1,1442700"
"202000044886";"4";"1";"2020";"00:20";"5";"75";"75104";"2";"1";"1";"6";"RUE PAVEE";"48,8571252";"2,3616649"
"202000044887";"25";"5";"2020";"10:00";"1";"83";"83107";"1";"1";"1";"3";"Rue des Dalles";"43,4318900";"6,6655900"
"202000044888";"6";"2";"2020";"09:45";"1";"71";"71014";"2";"1";"1";"6";"Rue de la Croix Blanche";"46,9570774";"4,3041355"
"202000044889";"26";"8";"2020";"19:37";"1";"75";"75119";"2";"4";"1";"6";"RUE PRADIER";"48,8746800";"2,3811340"
"202000044890";"4";"1";"2020";"06:08";"5";"75";"75101";"2";"7";"1";"3";"RUE DE RIVOLI";"48,8627180";"2,3352560"
"202000044891";"24";"5";"2020";"17:45";"1";"06";"06070";"1";"1";"1";"6";"Route déparetementale 2";"43,7990090";"6,9392660"
"202000044892";"4";"1";"2020";"18:20";"5";"94";"94043";"2";"1";"1";"2";"VOLTAIRE (R)";"48,8156400";"2,3614300"
"202000044893";"26";"8";"2020";"10:00";"1";"75";"75117";"2";"1";"1";"6";"BOULEVARD PEREIRE";"48,8842020";"2,2961470"
"202000044894";"25";"8";"2020";"08:20";"1";"75";"75116";"2";"1";"2";"5";"ALLEE DE LA REINE MARGUERITE";"48,8541380";"2,2419680"
"202000044895";"4";"1";"2020";"09:50";"1";"93";"93055";"2";"1";"1";" -1";"JEAN LOLIVE (AVENUE)(137/FIN ET 134/FIN)";"48,8931000";"2,4126000"
"202000044896";"24";"5";"2020";"10:15";"1";"13";"13086";"2";"1";"1";"1";"2 Rue Sainte Anne";"43,3519770";"5,6050780"
"202000044897";"5";"2";"2020";"19:10";"3";"89";"89227";"1";"1";"1";"6";"N77";"47,9457000";"3,7317040"
"202000044898";"26";"8";"2020";"12:45";"1";"75";"75115";"2";"2";"1";"2";"AVENUE FELIX FAURE";"48,8387050";"2,2821180"
"202000044899";"24";"5";"2020";"16:00";"1";"68";"68154";"2";"1";"1";"2";"24 Rue de Berne";"47,7710240";"7,3815460"
"202000044900";"6";"2";"2020";"11:55";"1";"61";"61232";"2";"7";"1";"6";"10 Place Saint-sauveur";"48,6457300";" -0,7103670"
"202000044901";"26";"8";"2020";"10:30";"1";"75";"75115";"2";"1";"1";"6";"RUE LECOURBE";"48,8440920";"2,3076170"
"202000044902";"24";"5";"2020";"17:20";"1";"88";"88196";"1";"9";"1";"1";"Route de la Bresse";"48,0647950";"6,8610050"
"202000044903";"4";"2";"2020";"19:35";"3";"25";"25075";"1";"1";"4";"3";"D9";"46,8116040";"6,1904850"
"202000044904";"24";"5";"2020";"19:10";"1";"57";"57683";"2";"6";"1";"6";"18 Rue Anatole France";"49,2995610";"6,1508900"
"202000044905";"26";"8";"2020";"17:20";"1";"75";"75114";"2";"1";"1";"4";"RUE D ALESIA";"48,8271190";"2,3372290"
"202000044906";"5";"2";"2020";"15:00";"1";"44";"44087";"2";"3";"1";"3";"Rue du Falleron";"46,9872152";" -1,8110562"
"202000044907";"24";"5";"2020";"17:30";"1";"57";"57644";"2";"1";"1";"3";"51 rue Principale";"49,1140340";"6,8299560"
"202000044908";"26";"8";"2020";"09:25";"1";"75";"75113";"2";"2";"1";"1";"PONT CHARLES DE GAULLE";"48,8419180";"2,3678720"
"202000044909";"6";"2";"2020";"12:54";"1";"38";"38409";"1";"1";"1";"6";"Les Loyes - Jallinière";"45,0969100";"5,2768700"
"202000044910";"21";"5";"2020";"13:05";"1";"74";"74224";"2";"1";"1";"7";"Avenue Lucien Rannard";"46,0695690";"6,3026870"
"202000044911";"26";"8";"2020";"19:15";"1";"75";"75113";"2";"2";"1";"3";"PONT CHARLES DE GAULLE";"48,8419130";"2,3678740"
"202000044912";"24";"5";"2020";"14:55";"1";"73";"73294";"2";"1";"1";"6";"La Thuile";"45,5320110";"6,0539440"
"202000044913";"26";"8";"2020";"15:40";"1";"75";"75112";"2";"1";"1";"2";"BOULEVARD PERIPHERIQUE";"48,8295250";"2,4012280"
"202000044914";"1";"1";"2020";"17:15";"2";"93";"93005";"2";"2";"2";"1";"ERABLES (RUE DES)";"48,9471718";"2,5076634"
"202000044915";"22";"5";"2020";"16:20";"1";"38";"38562";"2";"1";"1";" -1";"Route d'Uriage";"45,0763680";"5,7726150"
"202000044916";"26";"8";"2020";"13:55";"1";"75";"75112";"2";"5";"1";"3";"AVENUE DAUMESNIL";"48,8342010";"2,4107660"
"202000044917";"4";"1";"2020";"16:00";"1";"93";"93001";"2";"9";"8";"6";"R HELENE COCHENNEC";"48,9195800";"2,3951700"
"202000044918";"26";"8";"2020";"00:30";"5";"75";"75108";"2";"3";"1";"3";"AVENUE DES CHAMPS ELYSEES";"48,8710880";"2,3034860"
"202000044919";"25";"5";"2020";"09:45";"1";"01";"01424";"1";"2";"1";"1";"Rue du Marquis de Sallmard";"45,8891270";"4,9697520"
"202000044920";"5";"2";"2020";"08:07";"1";"06";"06105";"2";"6";"1";"3";"Route Departementale 2085";"43,6650160";"7,0526490"
"202000044921";"5";"1";"2020";"12:25";"1";"62";"62295";"1";"1";"1";"1";"D341";"50,6214020";"2,2808718"
"202000044922";"6";"2";"2020";"07:50";"2";"06";"06108";"2";"1";"1";"1";"925 Chemin de la Lévade";"43,5738080";"6,9412350"
"202000044923";"5";"1";"2020";"15:30";"1";"91";"91511";"1";"1";"1";"7";"D838";"48,3463500";"1,9876580"
"202000044924";"6";"2";"2020";"07:55";"3";"14";"14518";"1";"1";"5";"6";"Pce de Préaux";"48,9992680";"0,3523240"
"202000044925";"5";"1";"2020";"12:50";"1";"22";"22182";"1";"3";"1";"3";"Plélo";"48,5744210";" -2,9039550"
"202000044926";"6";"2";"2020";"08:20";"1";"50";"50168";"2";"1";"1";"6";"30 Rue du Génie";"48,6187580";" -1,2909610"
"202000044927";"5";"2";"2020";"15:40";"1";"90";"90052";"2";"1";"1";"2";"44 Grande Rue";"47,7415450";"6,8265270"
"202000044928";"6";"2";"2020";"18:30";"2";"60";"60021";"1";"2";"1";"2";"D'Route Departementale 1032";"49,5950386";"3,1211887"
"202000044929";"24";"5";"2020";"16:30";"1";"01";"01386";"1";"1";"1";"6";"D60";"45,8854680";"5,3745890"
"202000044930";"3";"1";"2020";"12:55";"1";"28";"28253";"1";"1";"1";"3";"A11";"48,3471060";"1,4161590"
"202000044931";"26";"8";"2020";"02:55";"5";"75";"75107";"2";"1";"1";"6";"QUAI ANATOLE FRANCE";"48,8618710";"2,3215490"
"202000044932";"6";"2";"2020";"15:30";"1";"60";"60104";"2";"3";"7";"6";"Rue des Cordonniers";"49,6309260";"2,2931760"
"202000044933";"25";"8";"2020";"20:40";"2";"75";"75104";"2";"3";"1";"6";"AVENUE VICTORIA";"48,8568140";"2,3510590"
"202000044934";"4";"2";"2020";"03:30";"5";"10";"10151";"2";"7";"1";"6";"D619";"48,4265910";"3,9170010"
"202000044935";"26";"8";"2020";"11:45";"1";"94";"94015";"2";"1";"1";" -1";"FRERES LUMIERE (AV DES)";"48,8385700";"2,5364000"
"202000044936";"25";"8";"2020";"18:00";"1";"94";"94019";"2";"1";"1";"6";"AUGUSTE COMTE (R)";"48,8021500";"2,5485100"
"202000044937";"5";"1";"2020";"00:40";"3";"52";"52307";"1";"1";"5";"6";"N/A";"47,9134541";"5,2207345"
"202000044938";"24";"5";"2020";"07:25";"1";"59";"59357";"1";"1";"1";"6";"D649";"50,2841710";"3,8778390"
"202000044939";"27";"7";"2020";"12:45";"1";"66";"66230";"1";"1";"1";"2";"La Balma";"42,6449110";"2,5080770"
"202000044940";"6";"2";"2020";"15:40";"1";"85";"85169";"2";"1";"1";"6";"Rue du Pont Chanterelle";"46,8040900";" -1,6231300"
"202000044941";"26";"7";"2020";"00:11";"3";"66";"66195";"1";"1";"1";"1";"rd37";"42,6752355";"2,7892882"
"202000044942";"21";"7";"2020";"16:30";"1";"48";"48119";"1";"3";"1";"7";"D906";"44,4777990";"3,9310670"
"202000044943";"4";"1";"2020";"13:30";"1";"58";"58086";"2";"1";"7";"6";"31 Rue de Predelle";"47,4103470";"2,9363310"
"202000044944";"23";"5";"2020";"12:40";"1";"13";"13106";"1";"1";"1";"6";"A51-Sens Marseille vers Aix en Provence";"43,4027821";"5,3566499"
"202000044945";"6";"2";"2020";"12:10";"1";"27";"27467";"2";"1";"1";"1";"4 Rue des Déportés";"49,3544730";"0,5179950"
"202000044946";"27";"7";"2020";"13:55";"1";"34";"34289";"2";"2";"1";"3";"21 Avenue de Pezenas";"43,3976730";"3,4141030"
"202000044947";"6";"2";"2020";"07:25";"3";"27";"27486";"1";"1";"1";"7";"D66";"49,1204000";"1,0011290"
"202000044948";"26";"7";"2020";"08:30";"1";"84";"84026";"1";"1";"1";"6";"Route de Pertuis";"43,7197070";"5,4033640"
"202000044949";"22";"5";"2020";"12:30";"1";"13";"13215";"1";"1";"1";"4";"A7-Sens Marseille vers Lyon";"43,3187750";"5,3775162"
"202000044950";"5";"1";"2020";"14:30";"1";"62";"62820";"1";"1";"1";"5";"RD 939";"50,3527455";"2,5007046"
"202000044951";"4";"1";"2020";"23:30";"3";"04";"04033";"1";"1";"1";"6";"RD 900B";"44,4482868";"6,3322958"
"202000044952";"23";"5";"2020";"17:30";"1";"94";"94033";"1";"1";"1";"2";"A86.INT";"48,8606308";"2,4846399"
"202000044953";"27";"7";"2020";"18:40";"1";"05";"05110";"1";"1";"1";"1";"D4";"44,8233420";"6,5101880"
"202000044954";"5";"2";"2020";"16:15";"1";"17";"17447";"1";"1";"1";"1";"RD 939";"46,0957089";" -0,9046447"
"202000044955";"5";"1";"2020";"16:10";"2";"74";"74235";"1";"9";"7";"1";"Route des bois";"46,0702770";"5,8394410"
"202000044956";"27";"7";"2020";"04:00";"3";"13";"13100";"1";"1";"1";"6";"D99";"43,7888430";"4,8507610"
"202000044957";"23";"5";"2020";"06:50";"1";"69";"69383";"2";"2";"1";"3";"LAFAYETTE                           (CO)";"45,7635426";"4,8418209"
"202000044958";"5";"1";"2020";"04:50";"3";"82";"82123";"1";"1";"5";"6";"2988 Route du Frontonnais";"43,9002040";"1,3051052"
"202000044959";"5";"2";"2020";"17:40";"2";"87";"87026";"1";"1";"1";"6";"D5";"46,0527590";"0,8682420"
"202000044960";"19";"10";"2020";"10:30";"1";"61";"61404";"2";"1";"1";"6";"6 Rue de Nully";"48,5612440";"0,5270860"
"202000044961";"4";"2";"2020";"08:50";"1";"37";"37132";"1";"1";"1";"1";"D943";"47,1086747";"0,9882467"
"202000044962";"23";"5";"2020";"01:55";"5";"69";"69388";"2";"3";"1";"6";"VIENNE (DE)                         (RO)";"45,7282600";"4,8538100"
"202000044963";"24";"7";"2020";"11:10";"1";"13";"13107";"2";"1";"1";"7";"Route de Mimet";"43,4294790";"5,4415260"
"202000044964";"5";"1";"2020";"13:00";"1";"69";"69033";"1";"1";"1";"6";"D1";"45,8598010";"4,8815900"
"202000044965";"3";"2";"2020";"11:27";"1";"52";"52204";"2";"1";"2";"7";"impasse du moulin";"48,1527920";"5,3576270"
"202000044966";"5";"2";"2020";"11:27";"1";"01";"01067";"1";"1";"1";"6";"A40";"46,1144720";"5,4897840"
"202000044967";"4";"1";"2020";"20:25";"3";"81";"81195";"1";"1";"1";"7";"D85";"43,5766865";"2,2231220"
"202000044968";"23";"10";"2020";"07:45";"2";"47";"47203";"1";"1";"2";"7";"Troupenat";"44,3785318";"0,8802314"
"202000044969";"23";"5";"2020";"19:10";"1";"91";"91223";"2";"2";"1";"2";"RD 191";"48,4328120";"2,1758010"
"202000044970";"26";"7";"2020";"11:25";"1";"71";"71453";"1";"1";"1";"7";"D982";"46,2435699";"4,0450601"
"202000044971";"2";"2";"2020";"08:42";"1";"38";"38553";"2";"1";"2";"6";"Boulevard de Villefontaine";"45,6216390";"5,1418100"
"202000044972";"3";"1";"2020";"15:45";"1";"61";"61412";"2";"3";"2";"6";"Le Carre";"48,5070760";"0,3621030"
"202000044973";"6";"2";"2020";"06:50";"2";"68";"68309";"1";"1";"1";"2";"A35";"47,6521450";"7,4904390"
"202000044974";"4";"1";"2020";"14:45";"1";"41";"41151";"2";"1";"1";"6";"107 Route de Tours";"47,3457672";"1,2107278"
"202000044975";"26";"7";"2020";"20:00";"2";"68";"68163";"2";"1";"1";"7";"42 Rue du Moulin";"47,6590940";"7,5109040"
"202000044976";"22";"10";"2020";"17:00";"1";"41";"41161";"1";"1";"1";"1";"D2020";"47,5180250";"2,0354370"
"202000044977";"5";"2";"2020";"12:55";"1";"68";"68300";"1";"1";"1";"6";"A36";"47,7759420";"7,3900910"
"202000044978";"4";"1";"2020";"07:55";"2";"86";"86082";"2";"6";"2";" -1";"Allée du Haut Poitou";"46,3616650";"0,1997450"
"202000044979";"1";"2";"2020";"03:00";"3";"76";"76457";"1";"1";"2";"2";"A13";"49,3381270";"0,9755730"
"202000044980";"27";"7";"2020";"09:30";"1";"33";"33227";"2";"3";"7";"1";"Rue Jules Ferry";"44,5496800";" -0,2521500"
"202000044981";"25";"7";"2020";"18:00";"1";"33";"33483";"1";"1";"1";"6";"48 Route de Bordeaux";"44,9132690";" -0,4058720"
"202000044982";"5";"2";"2020";"12:50";"1";"34";"34202";"1";"3";"1";"3";"CD5";"43,5824850";"3,7732350"
"202000044983";"22";"10";"2020";"15:05";"2";"25";"25112";"1";"2";"1";"3";"Rue des Valieres Nord";"47,2659360";"6,0609500"
"202000044984";"19";"7";"2020";"02:30";"5";"59";"59422";"2";"6";"1";"7";"Rue de Cagnoncles";"50,1995290";"3,3127750"
"202000044985";"4";"1";"2020";"12:15";"1";"68";"68141";"1";"1";"1";"3";"D8b3";"47,7121340";"7,2841050"
"202000044986";"22";"5";"2020";"11:50";"1";"91";"91174";"2";"3";"7";"1";"Emile ZOLA (rue)";"48,6197900";"2,4673000"
"202000044987";"2";"1";"2020";"05:25";"5";"974";"97415";"2";"1";"1";"2";"Avenue de Bourbon";" -21,0715060";"55,2228010"
"202000044988";"21";"10";"2020";"08:10";"2";"44";"44099";"1";"9";"3";"1";"rd 178";"47,6637690";" -1,3796420"
"202000044989";"6";"2";"2020";"17:27";"2";"37";"37072";"2";"1";"7";"6";"Avenue François Mitterrand";"47,1714399";"0,2451309"
"202000044990";"4";"1";"2020";"21:50";"3";"68";"68096";"1";"1";"1";"2";"D419";"47,6083380";"7,3600000"
"202000044991";"22";"10";"2020";"16:30";"1";"44";"44095";"1";"1";"7";"7";"9 Le Bas Fouy";"47,5819100";" -1,4100050"
"202000044992";"25";"7";"2020";"21:00";"1";"13";"13210";"2";"1";"1";"2";"A50-Sens Aubagne vers Marseille";"43,2836000";"5,4014000"
"202000044993";"6";"2";"2020";"14:10";"1";"28";"28279";"2";"3";"1";"6";"2 Rue de la Volaille";"48,6481540";"1,5325820"
"202000044994";"22";"10";"2020";"15:53";"1";"29";"29010";"1";"9";"1";"6";"Lieu Dit Kervennou";"48,5125500";" -4,1093860"
"202000044995";"5";"2";"2020";"15:50";"1";"11";"11076";"2";"6";"1";"1";"D6313";"43,3012119";"1,9559044"
"202000044996";"23";"10";"2020";"11:20";"1";"29";"29122";"1";"1";"1";"1";"D6";"48,1293200";" -3,7911840"
"202000044997";"6";"2";"2020";"09:00";"1";"34";"34161";"2";"1";"1";"6";"18 Rue des Muriers";"43,3325410";"3,1212870"
"202000044998";"26";"7";"2020";"06:42";"2";"91";"91340";"1";"1";"1";"7";"RN 104";"48,6083200";"2,4386200"
"202000044999";"2";"1";"2020";"22:30";"3";"22";"22212";"1";"1";"1";"7";"Keranguere";"48,6606437";" -3,1976920"
"202000045000";"5";"2";"2020";"19:50";"3";"34";"34135";"1";"1";"1";"7";"D 37";"43,2790960";"3,1557580"
"202000045001";"22";"10";"2020";"16:40";"1";"29";"29076";"2";"3";"1";"3";"D38 - Rue du General de Gaulle";"48,4664500";" -4,5667659"
"202000045002";"26";"7";"2020";"08:30";"1";"91";"91340";"1";"1";"1";"6";"RN 104";"48,6090300";"2,4374200"
"202000045003";"3";"1";"2020";"08:55";"1";"39";"39202";"1";"1";"1";"6";"N/A";"46,9316090";"5,9449400"
"202000045004";"5";"2";"2020";"11:45";"1";"83";"83112";"2";"1";"1";"6";"893 Avenue du Marechal Juin";"43,1813540";"5,6980100"
"202000045005";"5";"2";"2020";"23:00";"3";"06";"06003";"1";"1";"1";"6";"Avenue du Bois des Dames";"43,7986920";"6,8013350"
"202000045006";"25";"7";"2020";"22:30";"3";"91";"91521";"1";"1";"2";"2";"AUTOROUTE A6";"48,6353100";"2,4011600"
"202000045007";"22";"10";"2020";"19:05";"3";"31";"31499";"1";"1";"1";"1";"route de st clar - D53";"43,4935770";"1,2030890"
"202000045008";"23";"5";"2020";"22:02";"5";"72";"72181";"2";"3";"1";"1";"ARNAGE (RUE D') N° PAIRS 30 ET plus";"47,9871900";"0,1878600"
"202000045009";"4";"2";"2020";"13:55";"1";"73";"73227";"2";"1";"4";"6";"408 Rue du Jardin Alpin";"45,4082370";"6,6312520"
"202000045010";"25";"7";"2020";"22:45";"5";"92";"92050";"1";"1";"3";"3";"A14";"48,9003383";"2,2094538"
"202000045011";"22";"10";"2020";"22:00";"3";"31";"31592";"1";"1";"1";"7";"Route de Saint Paul sur Save";"43,7305120";"1,2385820"
"202000045012";"5";"1";"2020";"05:30";"3";"39";"39171";"1";"1";"5";"6";"N/A";"46,6724120";"5,4676430"
"202000045013";"6";"2";"2020";"13:10";"1";"42";"42094";"2";"1";"1";"6";"Rue Jules Ferry";"45,7454700";"4,2250980"
"202000045014";"27";"1";"2020";"08:30";"2";"38";"38097";"2";"1";"1";"2";"31 Route de Lyon";"45,7766000";"5,1794300"
"202000045015";"23";"5";"2020";"13:55";"1";"71";"71153";"2";"1";"2";"3";"Rue du President Wilson";"46,7962293";"4,4289750"
"202000045016";"6";"2";"2020";"07:20";"2";"01";"01027";"2";"1";"1";"3";"948 Rue de Lyon";"45,8489260";"5,1138470"
"202000045017";"26";"7";"2020";"16:35";"1";"93";"93027";"1";"1";"1";"2";"AUTOROUTE A86";"48,9245000";"2,3900200"
"202000045018";"23";"10";"2020";"18:10";"1";"02";"02322";"1";"1";"1";"7";"D68";"49,8654033";"3,4115308"
"202000045019";"23";"5";"2020";"18:00";"1";"69";"69271";"1";"1";"8";"6";"LYON (DE)                               ";"45,7408500";"4,9492600"
"202000045020";"26";"7";"2020";"07:00";"1";"93";"93066";"1";"1";"8";"6";"AUTOROUTE A1";"48,9332300";"2,3817800"
"202000045021";"5";"2";"2020";"16:54";"1";"81";"81076";"1";"1";"1";"1";"Les ardennes";"43,5727820";"1,8710230"
"202000045022";"20";"10";"2020";"11:30";"1";"84";"84089";"2";"1";"1";"1";"Boulevard Jean Guigues";"43,6955990";"5,4961730"
"202000045023";"22";"5";"2020";"13:25";"1";"69";"69264";"2";"1";"1";"6";"BELLEROCHE (rue de)";"45,9803400";"4,6992400"
"202000045024";"5";"2";"2020";"08:00";"2";"44";"44172";"2";"1";"1";"1";"50 Rue de la Bougrière";"47,2576179";" -1,4738758"
"202000045025";"21";"10";"2020";"07:25";"3";"03";"03148";"1";"1";"6";"6";"N/A";"46,2543551";"3,3597273"
"202000045026";"23";"5";"2020";"09:40";"1";"64";"64445";"2";"1";"2";"1";"MARECHAL LECLERC DU";"43,3034900";" -0,3477400"
"202000045027";"26";"7";"2020";"07:15";"1";"92";"92078";"1";"1";"1";"6";"AUTOROUTE A86";"48,9297200";"2,3277700"
"202000045028";"22";"10";"2020";"18:40";"5";"01";"01228";"2";"1";"2";"6";"36 Route de Lyon";"46,1291080";"5,5392310"
"202000045029";"22";"5";"2020";"15:32";"1";"63";"63113";"2";"1";"1";"6";"VALLIERES (RUE DE)";"45,7676028";"3,0797790"
"202000045030";"26";"7";"2020";"05:15";"3";"92";"92078";"1";"1";"2";"6";"AUTOROUTE A86";"48,9311500";"2,3235500"
"202000045031";"23";"10";"2020";"20:15";"3";"70";"70168";"1";"1";"3";"6";"27 Avenue Parmentier";"47,8082550";"6,1957960"