"Num_Acc";"jour";"mois";"an";"hrmn";"lum";"dep";"com";"agg";"int";"atm";"col";"adr";"lat";"long"
"202000045032";"6";"2";"2020";"17:34";"1";"60";"60028";"1";"1";"1";"4";"D1330";"49,2202020";"2,5511417"
"202000045033";"3";"1";"2020";"15:52";"1";"29";"29074";"2";"2";"8";"1";"Route de Saint Jacques";"48,4876040";" -4,0004010"
"202000045034";"21";"5";"2020";"16:59";"1";"63";"63113";"2";"1";"1";"6";"ETATS-UNIS (AVENUE DES)";"45,7790800";"3,0816300"
"202000045035";"25";"7";"2020";"19:40";"1";"95";"95028";"1";"1";"1";"2";"RN 104";"49,0626800";"2,3637600"
"202000045036";"22";"10";"2020";"21:25";"3";"26";"26166";"1";"1";"2";"2";"Route de Saulce sur Rhône";"44,7289570";"4,8081920"
"202000045037";"5";"2";"2020";"06:50";"5";"33";"33397";"1";"1";"1";"2";"AUTOROUTE A 10";"44,9192000";" -0,4762500"
"202000045038";"3";"2";"2020";"15:00";"1";"33";"33143";"1";"1";"1";"5";"AUTOROUTE A 10";"44,9709900";" -0,4353300"
"202000045039";"23";"7";"2020";"10:10";"1";"974";"97411";"2";"2";"1";"6";"MONTHYON (RUE)";" -20,8865400";"55,4600400"
"202000045040";"23";"10";"2020";"13:30";"1";"60";"60093";"1";"1";"8";"7";"D27";"49,6034070";"2,6902300"
"202000045041";"1";"2";"2020";"08:45";"2";"59";"59378";"1";"1";"1";"2";"AUTOROUTE A22";"50,6912448";"3,1117165"
"202000045042";"25";"7";"2020";"09:15";"1";"973";"97302";"2";"1";"1";"3";"MONTABO (ROUTE DE) 1";"4,9392635";" -52,3007369"
"202000045043";"23";"10";"2020";"04:55";"4";"64";"64399";"1";"1";"2";"1";"D806";"43,3564220";" -0,3771490"
"202000045044";"1";"2";"2020";"19:00";"3";"59";"59028";"1";"1";"1";"3";"AUTOROUTE A21";"50,4127200";"3,0330320"
"202000045045";"25";"7";"2020";"11:10";"1";"69";"69386";"2";"3";"1";"3";"BELGES (DES)                        (BD)";"45,7767300";"4,8440500"
"202000045046";"23";"10";"2020";"19:45";"5";"16";"16001";"2";"3";"2";"2";"N/A";"46,1028460";"0,7023260"
"202000045047";"22";"10";"2020";"12:30";"1";"07";"07240";"1";"1";"1";"7";"Route départementale 232, route de vernoux";"44,8605880";"4,8243420"
"202000045048";"1";"2";"2020";"19:40";"3";"59";"59646";"1";"1";"1";"3";"ROUTE METROPOLITAINE 656";"50,6844450";"3,1339430"
"202000045049";"25";"7";"2020";"03:50";"5";"69";"69383";"2";"2";"1";"3";"SERVIENT                            (R )";"45,7602200";"4,8456500"
"202000045050";"5";"1";"2020";"06:00";"3";"02";"02503";"1";"1";"1";"7";"Chemin de Wiermont";"49,8391270";"3,5397950"
"202000045051";"2";"2";"2020";"11:00";"1";"59";"59346";"1";"1";"2";"6";"ROUTE NATIONALE 227";"50,6067070";"3,1301310"
"202000045052";"25";"7";"2020";"20:40";"5";"972";"97213";"2";"6";"1";"3";"MAHAULT";"14,6198000";" -61,0040000"
"202000045053";"18";"10";"2020";"22:30";"3";"40";"40191";"1";"1";"1";"7";"Route du Béarn";"43,7332510";" -0,6644050"
"202000045054";"23";"5";"2020";"23:45";"5";"59";"59540";"2";"1";"1";"3";"SAMARITAINE";"51,0352410";"2,3523900"
"202000045055";"4";"2";"2020";"08:20";"2";"78";"78090";"1";"1";"2";"5";"A13";"48,9704860";"1,8972790"
"202000045056";"25";"7";"2020";"06:30";"1";"972";"97213";"2";"1";"1";"1";"PELLETIER (ROUTE DE)";"14,6554924";" -60,9799576"
"202000045057";"22";"10";"2020";"16:45";"1";"30";"30033";"1";"9";"1";" -1";"D6572";"43,6495730";"4,3282700"
"202000045058";"5";"2";"2020";"06:40";"3";"94";"94028";"1";"1";"1";"4";"A86 INT";"48,7821300";"2,4414700"
"202000045059";"19";"5";"2020";"13:35";"1";"47";"47323";"2";"1";"7";"6";"FEDERATION (ALLEE DE LA)";"44,4039000";"0,7045500"
"202000045060";"25";"7";"2020";"10:50";"1";"972";"97209";"2";"2";"1";"7";"MOREAU DE JONES (RUE DE)";"14,6069000";" -61,0729000"
"202000045061";"5";"1";"2020";"11:25";"1";"60";"60131";"2";"3";"1";"7";"Rue Notre Dame";"49,6542225";"2,1176535"
"202000045062";"22";"10";"2020";"11:15";"1";"30";"30179";"2";"1";"1";"1";"625 Avenue du Général de Gaulle";"43,8722670";"4,5974400"
"202000045063";"25";"7";"2020";"12:18";"1";"69";"69382";"2";"2";"1";"3";"CHARLEMAGNE                         (CO)";"45,7446500";"4,8225600"
"202000045064";"5";"1";"2020";"08:20";"2";"60";"60155";"1";"1";"1";"6";"D929";"49,2857390";"2,3490740"
"202000045065";"4";"1";"2020";"15:25";"1";"60";"60703";"1";"1";"8";"7";"Route de Gisors";"49,4046260";"2,0431830"
"202000045066";"25";"7";"2020";"10:50";"1";"69";"69142";"2";"1";"1";"6";"PIERRE SEMARD                       (QU)";"45,7257300";"4,8166400"
"202000045067";"3";"2";"2020";"01:18";"5";"94";"94052";"1";"1";"2";"7";"A86 INT";"48,8353294";"2,4939891"
"202000045068";"23";"5";"2020";"22:10";"5";"45";"45147";"2";"1";"1";" -1";"Rue du Faubourg Bannier";"47,9367857";"1,8943611"
"202000045069";"5";"1";"2020";"15:55";"1";"21";"21450";"1";"1";"1";"6";"D23";"47,0433310";"4,7595810"
"202000045070";"25";"7";"2020";"03:35";"5";"69";"69202";"2";"9";"1";"6";"STE BARBE                           (R )";"45,7305300";"4,7873600"
"202000045071";"9";"1";"2020";"09:55";"1";"51";"51454";"2";"1";"1";"2";"Avenue de Laon";"49,2689552";"4,0232430"
"202000045072";"23";"5";"2020";"20:00";"1";"44";"44109";"2";"2";"1";"3";"Rue de Strasbourg";"47,2171700";" -1,5522500"
"202000045073";"23";"10";"2020";"07:00";"2";"08";"08457";"1";"1";"2";"2";"N43";"49,7941730";"4,6328020"
"202000045074";"3";"2";"2020";"19:25";"2";"974";"97416";"1";"1";"1";"6";"LIGNE PARADIS(ROUTE DE LA)";" -21,3086100";"55,4680500"
"202000045075";"23";"5";"2020";"05:00";"2";"35";"35051";"1";"1";"2";"6";"NORMANDIE (PORTE DE)";"48,1511500";" -1,5996800"
"202000045076";"4";"2";"2020";"07:30";"1";"974";"97416";"1";"1";"1";"4";"RN3 (2)";" -21,3130100";"55,4946900"
"202000045077";"22";"10";"2020";"14:00";"1";"01";"01089";"1";"1";"3";"4";"A42";"45,9626940";"5,3063800"
"202000045078";"4";"2";"2020";"20:00";"5";"974";"97411";"2";"1";"1";"6";"JAURES (BOULEVARD JEAN)";" -20,8805459";"55,4386854"
"202000045079";"4";"2";"2020";"20:10";"4";"973";"97302";"2";"3";"1";"3";"AWARA DENDE";"4,9350627";" -52,3244906"
"202000045080";"21";"10";"2020";"13:35";"1";"78";"78466";"1";"6";"1";"2";"Route de Quarante Sous (Pont)";"48,9235530";"1,9965400"
"202000045081";"25";"7";"2020";"22:55";"5";"95";"95500";"2";"1";"2";"6";"BUCHERELLE (QUAI)";"49,0462941";"2,0998564"
"202000045082";"4";"2";"2020";"15:00";"1";"973";"97302";"2";"6";"1";"3";"BADUEL (ROND POINT DE)";"4,9331494";" -52,3096418"
"202000045083";"5";"1";"2020";"11:00";"1";"85";"85280";"1";"3";"1";"3";"Chemin de la Croix Joslain";"46,8737400";" -1,9138800"
"202000045084";"22";"5";"2020";"18:10";"1";"34";"34172";"2";"8";"1";"1";"PALAVAS (AVENUE DE)";"43,5908829";"3,8903665"
"202000045085";"4";"2";"2020";"12:30";"1";"69";"69387";"2";"2";"1";"3";"BERTHELOT                           (AV)";"45,7453000";"4,8420000"
"202000045086";"25";"7";"2020";"11:45";"1";"91";"91201";"2";"3";"1";"1";"HENRI BARBUSSE(BOULEVARD)";"48,6647300";"2,4194800"
"202000045087";"3";"1";"2020";"23:00";"5";"37";"37266";"2";"2";"2";"3";"15 Route Nationale 10";"47,3012980";"0,7156853"
"202000045088";"23";"10";"2020";"19:50";"5";"976";"97608";"2";"1";"1";"1";"4 Rue Mangamagari";" -12,7885540";"45,2706990"
"202000045089";"23";"5";"2020";"04:10";"5";"33";"33063";"2";"1";"1";"1";"BD DES FRERES MOGA";"44,8227200";" -0,5419100"
"202000045090";"25";"7";"2020";"06:20";"2";"91";"91027";"2";"2";"1";"3";"MORANGIS (AVENUE DE)";"48,7058300";"2,3675700"
"202000045091";"4";"1";"2020";"17:30";"3";"30";"30340";"1";"1";"1";"6";"D4";"44,0155760";"4,6156860"
"202000045092";"23";"10";"2020";"13:35";"1";"974";"97418";"2";"1";"1";"6";"Rue du Pere Bourasseau";" -20,9032590";"55,5669430"
"202000045093";"14";"3";"2020";"01:10";"5";"29";"29232";"2";"1";"2";"6";"13 Avenue de la Liberation";"47,9925297";" -4,0824894"
"202000045094";"4";"2";"2020";"09:50";"1";"69";"69383";"1";"3";"1";"3";"FERDINAND BUISSON                   (R )";"45,7502000";"4,8904000"
"202000045095";"4";"1";"2020";"21:00";"5";"06";"06088";"1";"1";"1";"6";"A8 - PK 197.000 - chaussée sud";"43,7347280";"7,2443840"
"202000045096";"22";"10";"2020";"14:25";"1";"971";"97131";"1";"1";"1";"7";"29 Route de Bois Joli";"15,8624720";" -61,5922150"
"202000045097";"3";"2";"2020";"13:30";"1";"972";"97209";"2";"9";"1";"3";"MFME (RTE DE LA)";"14,6328856";" -61,0350977"
"202000045098";"23";"5";"2020";"12:45";"1";"29";"29019";"2";"8";"1";"3";"Rue Colbert";"48,3892177";" -4,4876304"
"202000045099";"5";"1";"2020";"04:40";"3";"74";"74018";"1";"1";"1";"2";"A40";"46,1048110";"6,3462300"
"202000045100";"25";"7";"2020";"06:40";"1";"83";"83137";"2";"2";"1";"3";"PASSY (AVE FREDERIC)";"43,1203100";"5,9472200"
"202000045101";"19";"10";"2020";"13:20";"1";"29";"29233";"1";"3";"1";"2";"D49 - Route du Pouldu";"47,8547970";" -3,5479940"
"202000045102";"1";"1";"2020";"05:05";"2";"988";"98817";"2";"1";"1";"6";"RUE DE SAINT SEBASTIEN";" -22,2267900";"166,5575700"
"202000045103";"4";"2";"2020";"23:15";"5";"69";"69381";"2";"1";"9";"6";"CARMELITES (DES)                    (MO)";"45,7707700";"4,8286000"
"202000045104";"25";"7";"2020";"02:15";"3";"74";"74093";"1";"1";"1";"6";"OUEST (BOULEVARD)";"45,9031400";"6,1109600"
"202000045105";"4";"2";"2020";"19:05";"5";"971";"97101";"1";"1";"1";"7";"CARAQUE";"16,2482377";" -61,4930424"
"202000045106";"22";"7";"2020";"19:05";"1";"71";"71306";"2";"1";"1";"3";"NANCY (RUE DE)";"46,6803769";"4,3465161"
"202000045107";"3";"2";"2020";"18:30";"5";"91";"91434";"2";"1";"2";"1";"RENE CASSIN (AVENUE)";"48,6568200";"2,3399400"
"202000045108";"23";"10";"2020";"19:55";"4";"11";"11076";"1";"6";"1";"3";"Route de Fendeille";"43,2926070";"1,9518540"
"202000045109";"25";"7";"2020";"09:25";"1";"69";"69266";"2";"1";"1";"3";"EUGENE POTTIER     (Rue)";"45,7865485";"4,8984501"
"202000045110";"23";"10";"2020";"10:30";"1";"34";"34199";"1";"1";"1";"7";"D30e5";"43,4849910";"3,4136150"
"202000045111";"1";"1";"2020";"00:40";"5";"973";"97311";"2";"1";"1";"3";"Avenue Félix Eboué";"5,5000430";" -54,0306130"
"202000045112";"22";"5";"2020";"20:10";"1";"21";"21231";"2";"1";"1";"6";"HENRI BECQUEREL (RUE)";"47,3338500";"5,0584700"
"202000045113";"3";"2";"2020";"09:00";"1";"91";"91469";"2";"3";"2";"2";"ARTONOU (ROUTE D') CD49";"48,3981500";"2,1437300"
"202000045114";"22";"7";"2020";"20:00";"1";"69";"69266";"2";"3";"1";"2";"HONORE DE BALZAC   (Boulevard)";"45,7555600";"4,8888600"
"202000045115";"23";"5";"2020";"15:20";"1";"17";"17300";"2";"1";"1";"6";"Avenue Denfert Rochereau";"46,1649800";" -1,1936380"
"202000045116";"24";"7";"2020";"18:30";"1";"68";"68056";"1";"1";"1";"1";"N/A";"47,7261800";"7,3003900"
"202000045117";"4";"1";"2020";"16:00";"1";"84";"84132";"1";"1";"1";"1";"Route des Vignères";"43,9057780";"5,0024510"
"202000045118";"4";"2";"2020";"07:55";"1";"91";"91201";"2";"2";"2";"6";"WALDECK ROUSSEAU (RUE)";"48,6875000";"2,4333900"
"202000045119";"23";"5";"2020";"22:00";"5";"13";"13212";"2";"2";"1";"6";"MERLE (BOULEVARD)";"43,3010000";"5,4151000"
"202000045120";"3";"2";"2020";"10:30";"1";"91";"91514";"2";"1";"8";"6";"CENTRE COMMERCIAL VAL D'YERRES II";"48,6803000";"2,5361000"
"202000045121";"23";"5";"2020";"12:50";"1";"13";"13205";"2";"1";"1";"2";"JEAN MOULIN (BOULEVARD)";"43,2910200";"5,3999200"
"202000045122";"20";"10";"2020";"21:30";"3";"34";"34145";"1";"1";"1";"6";"Route du Mas Desports";"43,6558260";"4,1369800"
"202000045123";"31";"1";"2020";"22:25";"3";"89";"89024";"1";"1";"1";"3";"D606";"47,7857901";"3,6072224"
"202000045124";"22";"5";"2020";"23:45";"5";"13";"13208";"2";"1";"1";"6";"IMP MARIE DE SORMIOU ";"43,2616730";"5,3941270"
"202000045125";"23";"5";"2020";"14:53";"1";"10";"10387";"2";"1";"1";"1";"PAIX (RUE DE LA)";"48,3046100";"4,0665900"
"202000045126";"5";"1";"2020";"13:15";"1";"06";"06122";"2";"3";"1";"3";"M18";"43,7477570";"7,1520690"
"202000045127";"3";"2";"2020";"16:50";"1";"87";"87085";"2";"2";"1";"3";"MONTEGUT (RUE EMILE)";"45,8252900";"1,2419500"
"202000045128";"24";"7";"2020";"09:35";"1";"67";"67180";"1";"1";"1";"4";"RD 29";"48,8029000";"7,8330000"
"202000045129";"23";"10";"2020";"07:30";"2";"04";"04242";"1";"3";"2";"4";"RD 4096 / Ch de Plebon";"43,9121602";"5,8845413"
"202000045130";"23";"5";"2020";"10:20";"1";"07";"07072";"1";"1";"1";"3";"CHANTEMERLE (QUARTIER)";"44,7481200";"4,5960000"
"202000045131";"5";"1";"2020";"08:50";"2";"13";"13076";"1";"1";"1";"6";"Route d'Avignon";"43,8139112";"4,9839896"
"202000045132";"4";"2";"2020";"13:00";"1";"83";"83062";"1";"1";"6";"3";"DE LATTRE DE TASSIGNY (AVENUE)";"43,1132440";"5,9911740"
"202000045133";"5";"1";"2020";"13:45";"1";"13";"13004";"1";"1";"1";"7";"D36 PK013+0150";"43,5678870";"4,6683320"
"202000045134";"17";"10";"2020";"20:45";"5";"67";"67551";"2";"6";"1";"7";"d451";"48,5920330";"7,6709250"
"202000045135";"23";"5";"2020";"16:30";"1";"06";"06029";"2";"1";"1";"2";"ANCIENS COMBATTANTS D'AFN (AVENUE DES)";"43,5526900";"7,0108400"
"202000045136";"3";"1";"2020";"20:45";"3";"89";"89399";"1";"1";"1";"5";"autoroute A5 - PK 68+300";"48,2505540";"3,3412200"
"202000045137";"5";"1";"2020";"14:15";"1";"68";"68008";"1";"1";"1";"7";"D1";"48,0303480";"7,4531430"
"202000045138";"22";"10";"2020";"19:10";"3";"73";"73328";"1";"1";"3";"1";"D17B Route du Lac";"45,6463871";"5,8992991"
"202000045139";"25";"7";"2020";"10:55";"1";"64";"64445";"2";"3";"1";"1";"DUFAU";"43,3086900";" -0,3642900"
"202000045140";"22";"5";"2020";"15:55";"1";"75";"75114";"2";"1";"1";"5";"PORTE D ORLEANS";"48,8205620";"2,3231120"
"202000045141";"23";"5";"2020";"15:45";"1";"75";"75119";"2";"2";"1";"6";"AVENUE JEAN JAURES";"48,8859220";"2,3821980"
"202000045142";"20";"10";"2020";"15:55";"1";"26";"26074";"1";"1";"1";" -1";"Route des Grands Goulets";"45,0013150";"5,4258300"
"202000045143";"25";"7";"2020";"17:25";"1";"64";"64102";"2";"1";"1";"1";"DE MARTRES (AVENUE RAYMOND)";"43,4842400";" -1,4825800"
"202000045144";"4";"1";"2020";"22:25";"3";"74";"74128";"1";"1";"1";"1";"RD9";"46,1528902";"6,3411363"
"202000045145";"22";"10";"2020";"16:50";"1";"69";"69197";"1";"1";"2";"1";"D49";"46,0565710";"4,6338490"
"202000045146";"4";"1";"2020";"17:40";"3";"62";"62867";"1";"1";"1";"7";"A16";"50,7783250";"1,6553108"
"202000045147";"25";"7";"2020";"11:35";"1";"64";"64024";"2";"1";"1";"1";"BIARRITZ (AVENUE DE)";"43,4804000";" -1,5166000"
"202000045148";"22";"10";"2020";"21:20";"5";"69";"69141";"1";"3";"2";"6";"Route du Logis Neuf";"45,6089706";"4,6957185"
"202000045149";"4";"1";"2020";"17:15";"1";"13";"13211";"1";"1";"1";"4";"A50-Sens Aubagne vers Marseille";"43,2936800";"5,4722100"
"202000045150";"23";"10";"2020";"10:00";"1";"16";"16359";"1";"1";"2";"7";"Lieu dit Les Pommiers";"45,6223220";" -0,3405440"
"202000045151";"2";"1";"2020";"23:40";"3";"13";"13117";"1";"1";"1";"2";"A7-Sens Marseille vers Lyon";"43,4559860";"5,2363140"
"202000045152";"25";"7";"2020";"18:20";"1";"54";"54395";"2";"2";"1";"3";"SAINT DIZIER (RUE 2";"48,6884600";"6,1842100"
"202000045153";"4";"1";"2020";"22:20";"5";"33";"33063";"1";"1";"1";"6";"ROCADE A630 -E4-";"44,8848000";" -0,5614000"
"202000045154";"23";"10";"2020";"14:45";"1";"22";"22233";"1";"1";"1";"3";"5 Chemin Pontes";"48,7142840";" -3,0840790"
"202000045155";"19";"10";"2020";"08:20";"2";"35";"35012";"1";"1";"1";"6";"12 Route de la Noé Blanche";"47,8314840";" -1,6890730"
"202000045156";"4";"1";"2020";"14:20";"1";"94";"94037";"1";"1";"1";"4";"AUTOROUTE A6B";"48,8100300";"2,3494700"
"202000045157";"23";"10";"2020";"15:40";"1";"62";"62476";"1";"1";"1";"6";"Route de Neuvireuil";"50,3575478";"2,9385799"
"202000045158";"4";"1";"2020";"00:57";"5";"77";"77251";"2";"1";"2";"6";"1 Rue du Général de Gaulle";"48,6261430";"2,5391091"
"202000045159";"23";"5";"2020";"17:00";"1";"75";"75117";"2";"2";"1";"6";"AVENUE DE WAGRAM";"48,8809810";"2,3002790"
"202000045160";"24";"7";"2020";"18:20";"1";"45";"45147";"1";"1";"1";"4";"D2060 - 95+920";"47,9344914";"1,9303303"
"202000045161";"25";"7";"2020";"16:35";"1";"37";"37050";"1";"1";"1";"7";"RD 37";"47,3292042";"0,6892739"
"202000045162";"25";"7";"2020";"12:40";"1";"37";"37214";"1";"1";"1";"5";"METTRAY (CHEMIN DE)";"47,4343527";"0,6725074"
"202000045163";"25";"7";"2020";"03:15";"5";"35";"35238";"2";"1";"1";"2";"12 rue de Brest";"48,1119600";" -1,6886200"
"202000045164";"25";"7";"2020";"03:15";"5";"33";"33063";"2";"2";"1";"3";"BD PIERRE 1ER / RUE CROIX DE SEGUEY";"44,8539340";" -0,5932920"
"202000045165";"23";"5";"2020";"18:15";"1";"75";"75114";"2";"5";"1";"6";"BOULEVARD ROMAIN ROLLAND";"48,8202180";"2,3240080"
"202000045166";"22";"10";"2020";"07:50";"2";"13";"13071";"1";"1";"2";"5";"A7-Sens Marseille vers Lyon";"43,3903000";"5,3501000"
"202000045167";"25";"7";"2020";"19:10";"1";"33";"33529";"1";"1";"1";"3";"BISCAROSSE (AVE DE) JUSQU'A DUNE";"44,6016500";" -1,1981000"
"202000045168";"23";"5";"2020";"08:45";"1";"75";"75114";"2";"3";"2";"2";"AVENUE DU GENERAL LECLERC";"48,8322050";"2,3306780"
"202000045169";"3";"1";"2020";"21:50";"3";"91";"91136";"1";"1";"2";"6";"RD188 PROVINCE / A10 PARIS";"48,7161100";"2,2693400"
"202000045170";"25";"7";"2020";"18:25";"1";"30";"30189";"2";"1";"1";"7";"ANCIENS COMBATTANTS D INDOCHINE";"43,8617000";"4,3237000"
"202000045171";"21";"10";"2020";"16:40";"1";"13";"13055";"1";"1";"1";"2";"A507 sens Marseille - Aubagne";"43,2976178";"5,4247540"
"202000045172";"23";"5";"2020";"15:55";"1";"75";"75113";"2";"3";"1";"6";"BOULEVARD AUGUSTE BLANQUI";"48,8302860";"2,3471940"
"202000045173";"3";"1";"2020";"10:00";"1";"95";"95582";"1";"1";"1";"6";"AUTOROUTE A115";"48,9782000";"2,2400300"
"202000045174";"25";"7";"2020";"13:40";"1";"30";"30007";"2";"6";"1";"3";"D'INDY (AVE VINCENT)";"44,1350000";"4,0968200"
"202000045175";"21";"10";"2020";"15:27";"1";"67";"67389";"1";"1";"1";"3";"Autoroute A.4";"48,6437700";"7,7319800"
"202000045176";"4";"1";"2020";"20:45";"3";"94";"94018";"1";"1";"1";" -1";"AUTOROUTE A4";"48,8180452";"2,4118107"
"202000045177";"20";"10";"2020";"17:30";"2";"62";"62498";"1";"1";"2";"6";"AUTOROUTE A21";"50,4492520";"2,8348370"
"202000045178";"23";"5";"2020";"18:30";"1";"75";"75112";"2";"1";"1";"6";"BOULEVARD SOULT";"48,8418490";"2,4093970"
"202000045179";"4";"1";"2020";"01:45";"3";"77";"77058";"1";"1";"1";"2";"A4";"48,8305400";"2,6968400"
"202000045180";"24";"7";"2020";"22:30";"5";"27";"27229";"2";"1";"1";"7";"RUGBY (RUE DE)";"49,0076700";"1,1561800"
"202000045181";"22";"10";"2020";"12:36";"1";"91";"91434";"1";"1";"1";"2";"AUTOROUTE A6";"48,6662600";"2,3614980"
"202000045182";"23";"5";"2020";"18:15";"1";"94";"94044";"2";"1";"1";"1";"PIARD (R)";"48,7493570";"2,4959630"
"202000045183";"4";"1";"2020";"01:50";"3";"77";"77058";"1";"1";"1";"6";"A4";"48,8305400";"2,6968400"
"202000045184";"22";"10";"2020";"09:30";"1";"91";"91692";"1";"1";"1";" -1";"RN 118";"48,6710140";"2,1938190"
"202000045185";"25";"7";"2020";"18:40";"1";"27";"27229";"2";"6";"1";"3";"COCHEREL (RUE DE)";"49,0204000";"1,1821000"
"202000045186";"3";"1";"2020";"12:03";"1";"988";"98818";"2";"3";"1";"3";"ROUTE DE L'ANSE VATA/RUE THOMY CELIERE";" -22,2958500";"166,4451900"
"202000045187";"24";"7";"2020";"19:00";"1";"17";"17306";"2";"7";"1";"1";"Avenue Aliénor d'Aquitaine";"45,6158930";" -1,0021150"
"202000045188";"22";"10";"2020";"07:55";"2";"91";"91286";"1";"1";"1";"2";"AUTOROUTE A6";"48,6520000";"2,3820000"
"202000045189";"3";"1";"2020";"20:40";"1";"974";"97409";"2";"1";"1";"2";"Chemin Valentin";" -20,9594970";"55,6723000"
"202000045190";"22";"10";"2020";"22:30";"5";"78";"78362";"1";"1";"1";"6";"A13";"48,9758000";"1,7227700"
"202000045191";"1";"8";"2020";"21:00";"1";"14";"14536";"1";"9";"1";"3";"MONTSAINT (CHARRIERE)";"49,4024086";"0,2506994"
"202000045192";"23";"5";"2020";"18:47";"1";"94";"94068";"2";"1";"1";"3";"MESNIL (QU DU)";"48,8060240";"2,5201930"
"202000045193";"22";"10";"2020";"07:50";"1";"78";"78402";"1";"1";"1";"4";"A13";"48,9651550";"1,8042110"
"202000045194";"2";"1";"2020";"17:20";"1";"974";"97411";"2";"2";"1";"3";"Rue Jean Chatel";" -20,8835800";"55,4516600"
"202000045195";"21";"10";"2020";"19:30";"1";"78";"78646";"1";"1";"1";"2";"RN12";"48,7893680";"2,1282080"
"202000045196";"3";"1";"2020";"18:00";"5";"69";"69388";"2";"1";"2";"6";"AMBROISE PARE                       (BD)";"45,7351400";"4,8824000"
"202000045197";"22";"10";"2020";"19:35";"3";"93";"93008";"1";"1";"1";"2";"AUTOROUTE A86";"48,9069687";"2,4563029"
"202000045198";"3";"1";"2020";"16:15";"1";"972";"97209";"2";"1";"1";"7";"BISHOP (Avenue Maurice)";"14,6043600";" -61,0605200"
"202000045199";"22";"10";"2020";"13:40";"1";"95";"95277";"1";"1";"1";"3";"A3";"48,9780450";"2,4948850"
"202000045200";"25";"7";"2020";"00:01";"5";"13";"13117";"2";"1";"1";"7";"D55F";"43,4617000";"5,2416000"
"202000045201";"3";"1";"2020";"10:20";"1";"972";"97209";"2";"6";"1";"2";"BALATA (ROUTE DE)";"14,6173100";" -61,0713300"
"202000045202";"25";"7";"2020";"10:00";"2";"13";"13208";"2";"1";"1";" -1";"BONNEVEINE (AVENUE)";"43,2545430";"5,3789010"
"202000045203";"3";"1";"2020";"07:15";"5";"69";"69149";"2";"4";"8";"3";"GRANDE RUE                          (GR)";"45,7135600";"4,8054400"
"202000045204";"24";"7";"2020";"23:30";"5";"13";"13202";"2";"1";"1";"6";"LOGE (RUE DE LA)";"43,2963350";"5,3685420"
"202000045205";"22";"10";"2020";"07:10";"3";"95";"95582";"1";"1";"2";"3";" A15";"48,9684440";"2,2517610"
"202000045206";"2";"1";"2020";"11:16";"1";"87";"87085";"2";"1";"2";"6";"TURGOT (RUE)";"45,8318900";"1,2580200"
"202000045207";"24";"7";"2020";"17:39";"1";"13";"13005";"1";"1";"1";"7";"CIOTAT (ANCIENNE ROUTE DE LA)";"43,2790010";"5,5869000"
"202000045208";"26";"7";"2020";"00:31";"5";"10";"10387";"2";"3";"1";"3";"COURTALON (RUE)";"48,2929740";"4,0647310"
"202000045209";"22";"10";"2020";"08:10";"1";"95";"95365";"1";"1";"2";"2";"RN 104";"49,0676883";"2,3971921"
"202000045210";"23";"5";"2020";"22:05";"5";"94";"94021";"2";"3";"1";"3";"RUE PAUL HOCHART";"48,7752478";"2,3560226"
"202000045211";"24";"7";"2020";"13:45";"1";"09";"09122";"2";"1";"1";"4";"ESPAGNE (ROUTE D')";"42,9455000";"1,6278400"
"202000045212";"1";"1";"2020";"02:27";"5";"87";"87085";"2";"1";"1";"1";"HALEVY (RUE)";"45,8593700";"1,2567100"
"202000045213";"24";"7";"2020";"17:15";"1";"09";"09122";"2";"9";"1";"2";"VILLOTE (ALLEES DE)";"42,9637013";"1,6083356"
"202000045214";"3";"1";"2020";"10:55";"1";"83";"83137";"2";"2";"1";"6";"NOMY (RUE AMIRAL)";"43,1218378";"5,9555572"
"202000045215";"22";"10";"2020";"06:50";"3";"93";"93048";"1";"1";"1";"7";"AUTOROUTE A3";"48,8733700";"2,4359300"
"202000045216";"23";"5";"2020";"12:49";"1";"94";"94077";"2";"1";"1";"3";"REPUBLIQUE (AV DE LA)";"48,7315650";"2,4138730"
"202000045217";"21";"10";"2020";"16:30";"1";"95";"95527";"1";"1";"1";"6";"AUTOROUTE A3";"48,9887508";"2,5075183"
"202000045218";"25";"7";"2020";"01:50";"5";"06";"06083";"2";"1";"1";"3";"ASTRID (PROMENADE REINE)";"43,7850050";"7,5266780"
"202000045219";"23";"5";"2020";"08:30";"1";"94";"94022";"2";"9";"2";"3";"ANATOLE FRANCE (AV)";"48,7572000";"2,4137000"
"202000045220";"24";"7";"2020";"17:30";"1";"06";"06069";"2";"1";"1";"3";"SANS PEUR (RUE)";"43,6590000";"6,9256000"
"202000045221";"21";"10";"2020";"14:30";"1";"93";"93007";"1";"1";"1";"2";"AUTOROUTE A3";"48,9225800";"2,4802900"
"202000045222";"3";"1";"2020";"12:15";"1";"78";"78638";"2";"1";"1";"5";"GENERAL DE GAULLE (RUE DU)";"49,0075423";"1,9589183"
"202000045223";"21";"10";"2020";"10:20";"1";"95";"95127";"1";"1";"2";"6";" A15";"49,0470900";"2,0723600"
"202000045224";"23";"5";"2020";"21:30";"5";"93";"93072";"2";"1";"1";"3";"R D'AMIENS";"48,9529600";"2,3686900"