"Num_Acc";"jour";"mois";"an";"hrmn";"lum";"dep";"com";"agg";"int";"atm";"col";"adr";"lat";"long"
"202000045225";"21";"10";"2020";"19:10";"5";"94";"94052";"1";"1";"1";"3";"A86.EXT";"48,8353294";"2,4939891"
"202000045226";"3";"1";"2020";"13:45";"1";"74";"74010";"2";"1";"1";"6";"GENEVE (AVENUE DE)(SECTEUR 410)";"45,9075000";"6,1237900"
"202000045227";"22";"10";"2020";"14:00";"1";"94";"94046";"1";"1";"1";" -1";"A86 EXT";"48,8085629";"2,4490579"
"202000045228";"25";"7";"2020";"19:40";"1";"06";"06027";"2";"1";"1";"3";"JUIN BOULEVARD MARECHAL";"43,6587070";"7,1508220"
"202000045229";"3";"1";"2020";"18:30";"3";"69";"69266";"2";"1";"2";"2";"FEYSSINE     (Rue de la)";"45,7846794";"4,8894232"
"202000045230";"2";"1";"2020";"12:20";"1";"69";"69290";"1";"2";"1";"3";"LYON (DE) (D 518)                   (RO)";"45,7035200";"4,9145100"
"202000045231";"21";"10";"2020";"16:50";"1";"77";"77169";"1";"9";"1";"3";"RN104";"48,8176770";"2,6185600"
"202000045232";"25";"7";"2020";"12:55";"1";"06";"06027";"2";"1";"1";"3";"ST LAURENT CHEMIN DE";"43,6661000";"7,1752000"
"202000045233";"3";"1";"2020";"17:30";"5";"68";"68376";"2";"1";"1";"3";"MINES ANNA (RUE DES)";"47,7979360";"7,3104690"
"202000045234";"5";"8";"2020";"12:07";"1";"93";"93073";"2";"1";"1";"4";"DE GAULLE (RUE CHARLES)";"48,9440000";"2,5685000"
"202000045235";"24";"7";"2020";"13:00";"1";"06";"06027";"2";"1";"1";"6";"FRANCE ROUTE DE";"43,6646900";"7,1386780"
"202000045236";"2";"1";"2020";"10:50";"1";"67";"67482";"2";"1";"1";"6";"ANVERS (BOULEVARD D )";"48,5861040";"7,7716770"
"202000045237";"20";"10";"2020";"12:14";"1";"974";"97416";"2";"9";"1";"6";"HUBERT DE LISLE(BOULEVARD)";" -21,3436400";"55,4787500"
"202000045238";"24";"7";"2020";"09:50";"1";"04";"04070";"2";"1";"1";"6";"Traverse des serres";"44,0921865";"6,2343816"
"202000045239";"1";"1";"2020";"06:25";"5";"67";"67267";"2";"1";"5";"6";"27 rue de Normandie";"48,5638490";"7,6825980"
"202000045240";"25";"7";"2020";"02:55";"5";"75";"75119";"2";"1";"1";"2";"BOULEVARD PERIPHERIQUE";"48,8935410";"2,3950710"
"202000045241";"21";"10";"2020";"12:10";"1";"69";"69383";"2";"2";"1";"6";"PAUL BERT                           (R )";"45,7570100";"4,8529400"
"202000045242";"23";"5";"2020";"17:15";"1";"93";"93071";"2";"1";"1";"6";"JOHN F. KENNEDY (AVENUE)";"48,9372563";"2,5141627"
"202000045243";"3";"1";"2020";"08:00";"1";"66";"66136";"1";"1";"1";" -1";"R D 900";"42,6705000";"2,8591140"
"202000045244";"3";"1";"2020";"21:00";"5";"64";"64024";"2";"1";"1";"5";"BAB (BOULEVARD DU)";"43,4938600";" -1,5207200"
"202000045245";"20";"10";"2020";"18:00";"2";"69";"69383";"2";"1";"1";"6";"PAUL BERT                           (R )";"45,7565500";"4,8474200"
"202000045246";"23";"5";"2020";"19:40";"2";"93";"93048";"2";"9";"1";"3";"HENRI BARBUSSE (BOULEVARD)";"48,8672234";"2,4422329"
"202000045247";"23";"7";"2020";"19:57";"1";"75";"75113";"2";"1";"1";"3";"BOULEVARD PERIPHERIQUE";"48,8161200";"2,3599110"
"202000045248";"2";"1";"2020";"17:00";"2";"64";"64102";"2";"3";"1";"3";"MOUNEDE (AVENUE DE)";"43,4988800";" -1,4579100"
"202000045249";"19";"10";"2020";"17:10";"1";"972";"97209";"1";"1";"1";"2";"AUTOROUTE (A1)";"14,6173269";" -61,0412199"
"202000045250";"24";"7";"2020";"22:35";"5";"75";"75112";"2";"5";"1";"3";"AVENUE DAUMESNIL";"48,8355790";"2,4065040"
"202000045251";"21";"10";"2020";"16:40";"1";"69";"69149";"2";"1";"2";"1";"GRANDE RUE                          (GR)";"45,7137500";"4,8056700"
"202000045252";"22";"5";"2020";"17:50";"1";"92";"92046";"2";"3";"2";"3";"AVAULEE (RUE)";"48,8151970";"2,2894120"
"202000045253";"25";"7";"2020";"18:10";"1";"75";"75116";"2";"2";"1";"6";"BOULEVARD MURAT";"48,8414580";"2,2561150"
"202000045254";"24";"5";"2020";"09:34";"1";"12";"12300";"2";"1";"1";"3";"23 Avenue des Croates";"44,3620080";"2,0418700"
"202000045255";"2";"1";"2020";"16:10";"2";"59";"59360";"2";"3";"1";"3";"PARE AMBROISE RUE";"50,6041663";"3,0281067"
"202000045256";"21";"10";"2020";"10:30";"1";"2B";"2B033";"2";"1";"1";"7";"FALCONAJA";"42,6811700";"9,4281600"
"202000045257";"25";"7";"2020";"14:52";"1";"75";"75114";"2";"2";"1";"3";"RUE DU DEPART";"48,8419770";"2,3226510"
"202000045258";"19";"10";"2020";"23:45";"5";"2B";"2B033";"2";"1";"1";"5";"TUNNEL";"42,6949800";"9,4521400"
"202000045259";"3";"1";"2020";"13:00";"1";"45";"45284";"2";"1";"2";"7";"AVENUE PIERRE MENDES FRANCE";"47,9134570";"1,9781580"
"202000045260";"21";"10";"2020";"13:20";"1";"971";"97101";"2";"1";"1";"6";"ACHILLE RENE BOISNEUF (RUE)";"16,2658555";" -61,5101445"
"202000045261";"23";"7";"2020";"14:15";"1";"75";"75112";"2";"2";"1";"3";"BOULEVARD DIDEROT";"48,8464450";"2,3789540"
"202000045262";"25";"7";"2020";"20:50";"2";"75";"75111";"2";"2";"1";"6";"BOULEVARD VOLTAIRE";"48,8587230";"2,3785860"
"202000045263";"9";"10";"2020";"14:00";"1";"971";"97105";"2";"1";"2";"6";"CHARLES DE GAULLE (BD DU GENERAL)";"15,9884425";" -61,7190510"
"202000045264";"24";"5";"2020";"17:35";"1";"06";"06161";"2";"1";"7";"3";"Route Departementale 6007";"43,6356610";"7,1335810"
"202000045265";"24";"5";"2020";"01:28";"3";"21";"21111";"1";"1";"1";"6";"A31";"47,4030271";"5,1829278"
"202000045266";"25";"7";"2020";"18:20";"1";"75";"75110";"2";"4";"1";"6";"BOULEVARD DE MAGENTA";"48,8755490";"2,3567300"
"202000045267";"18";"10";"2020";"20:30";"3";"91";"91215";"2";"1";"8";"1";"RTE DE QUINCY";"48,6851100";"2,5147700"
"202000045268";"24";"5";"2020";"09:35";"1";"974";"97405";"2";"1";"1";"7";"150 Rue Leconte de Lisle";" -21,3461150";"55,5606240"
"202000045269";"24";"7";"2020";"13:50";"1";"75";"75108";"2";"2";"1";"3";"BOULEVARD MALESHERBES";"48,8783790";"2,3155580"
"202000045270";"3";"1";"2020";"09:10";"1";"45";"45147";"2";"1";"2";"1";"RUE PIERRE SEMARD";"47,9316660";"1,9045080"
"202000045271";"21";"10";"2020";"12:55";"1";"91";"91645";"2";"9";"1";"3";"GABRIEL PERI (RUE)";"48,7409400";"2,2655500"
"202000045272";"2";"1";"2020";"07:30";"2";"45";"45298";"2";"6";"2";"7";"RUE GASTON DEFFIE";"47,8928700";"1,8761510"
"202000045273";"21";"10";"2020";"13:40";"1";"91";"91223";"1";"1";"1";"2";"C.D. 836";"48,4577600";"2,0899300"
"202000045274";"2";"1";"2020";"12:14";"1";"37";"37122";"2";"1";"1";"6";"ROTIERE (RUE DE LA)";"47,3469133";"0,6621157"
"202000045275";"25";"7";"2020";"16:35";"1";"75";"75104";"2";"3";"1";"6";"RUE DE RIVOLI";"48,8550650";"2,3616820"
"202000045276";"24";"5";"2020";"20:40";"1";"57";"57498";"1";"1";"1";"6";"D57";"49,3115750";"6,0164840"
"202000045277";"3";"1";"2020";"23:10";"5";"35";"35238";"2";"1";"2";"7";"BRETAGNE (PLACE DE)";"48,1097000";" -1,6841000"
"202000045278";"21";"10";"2020";"15:28";"1";"86";"86066";"2";"6";"1";"3";"Avenue Honoré de Balzac";"46,7886500";"0,5256200"
"202000045279";"24";"7";"2020";"17:10";"1";"75";"75102";"2";"7";"1";"3";"PLACE DE LA BOURSE";"48,8686510";"2,3413360"
"202000045280";"2";"1";"2020";"21:00";"5";"35";"35115";"2";"1";"8";"2";"TRIBUNAL (RUE DU)";"48,3530500";" -1,2007780"
"202000045281";"3";"1";"2020";"22:10";"5";"33";"33063";"2";"3";"8";"3";"CRS GEORGES CLEMENCEAU / RUE LAFAURIE DE MONBADON";"44,8428520";" -0,5793410"
"202000045282";"27";"2";"2020";"14:20";"1";"33";"33281";"2";"2";"2";"6";"AVE DE MAGUDAS / RUE D'EYSINES";"44,8565300";" -0,6531200"
"202000045283";"9";"5";"2020";"11:55";"1";"56";"56137";"1";"3";"1";"3";"Kermabolivier";"47,7609430";" -2,6867960"
"202000045284";"25";"7";"2020";"21:05";"2";"94";"94081";"2";"3";"8";"1";"CHOISY (R DE)";"48,7877000";"2,3981000"
"202000045285";"2";"1";"2020";"21:45";"5";"31";"31555";"2";"1";"1";"3";"BD DE LA GARE";"43,6093500";"1,4545900"
"202000045286";"19";"10";"2020";"17:02";"1";"86";"86066";"2";"6";"1";"3";"Route de Valette";"46,8368300";"0,5335100"
"202000045287";"23";"5";"2020";"18:40";"1";"79";"79130";"1";"1";"1";"6";"N/A";"46,2660760";" -0,5300260"
"202000045288";"25";"7";"2020";"16:10";"1";"94";"94028";"2";"1";"1";"6";"Rue de Paris";"48,7951580";"2,4591900"
"202000045289";"3";"1";"2020";"19:45";"5";"14";"14383";"2";"1";"1";"3";"Route Nationale 814";"49,1436000";" -0,4045300"
"202000045290";"22";"8";"2020";"19:45";"5";"83";"83098";"2";"6";"1";"1";"JAURES (BD JEAN)";"43,1044300";"6,0236100"
"202000045291";"25";"7";"2020";"19:00";"1";"93";"93066";"2";"1";"1";"3";"MERMOZ JEAN";"48,9416103";"2,3540279"
"202000045292";"21";"10";"2020";"20:30";"5";"77";"77350";"1";"1";"1";"6";"AV DU GENERAL DE GAULLE";"48,7643400";"2,6604000"
"202000045293";"24";"7";"2020";"20:00";"1";"93";"93039";"2";"3";"1";"3";"QU DE LA MARINE / R DU 8 MAI 1945";"48,9367580";"2,3404630"
"202000045294";"20";"10";"2020";"16:00";"1";"77";"77053";"2";"6";"2";"2";"RUE DE LA BUTTE AUX BERGERS";"48,7036800";"2,6069400"
"202000045295";"25";"7";"2020";"19:28";"1";"93";"93049";"2";"3";"1";"3";"AV DU PRESIDENT JOHN KENNEDY / R PAUL LETOMBE";"48,8641900";"2,5123200"
"202000045296";"20";"10";"2020";"09:43";"1";"76";"76305";"1";"1";"1";"7";"ESTUAIRE";"49,4563659";"0,2321780"
"202000045297";"25";"7";"2020";"20:30";"1";"93";"93029";"2";"1";"2";"2";"FAIDHERBE";"48,9160792";"2,4303591"
"202000045298";"22";"5";"2020";"21:15";"2";"80";"80025";"1";"1";"1";"7";"264 Rue d'Argoules";"50,3449780";"1,8344320"
"202000045299";"3";"1";"2020";"19:30";"4";"13";"13207";"2";"1";"1";"3";"Corniche John Fitzgérald Kennedy";"43,2765336";"5,3581578"
"202000045300";"20";"10";"2020";"14:45";"1";"76";"76351";"2";"3";"1";"3";"Rue Demidoff";"49,4975900";"0,1341500"
"202000045301";"17";"10";"2020";"18:00";"2";"71";"71499";"1";"1";"1";"7";"SAINT EUGENE (RUE )";"46,6672981";"4,2875433"
"202000045302";"22";"5";"2020";"19:51";"1";"33";"33093";"1";"1";"1";"6";"D119";"44,7100600";" -0,3369500"
"202000045303";"20";"10";"2020";"12:15";"1";"71";"71306";"2";"1";"1";"6";"HOSPICE (RUE DE L')";"46,6659376";"4,3626724"
"202000045304";"23";"5";"2020";"17:45";"1";"89";"89311";"2";"1";"1";"7";"Route impériale";"47,7564060";"3,4186690"
"202000045305";"17";"10";"2020";"16:45";"1";"69";"69115";"2";"1";"1";"7";"HERRIOT (rue Edouard)";"45,9783900";"4,7252800"
"202000045306";"24";"5";"2020";"17:45";"1";"42";"42153";"1";"1";"1";"7";"Chemin Patiras";"45,9518694";"4,1856452"
"202000045307";"20";"10";"2020";"15:30";"1";"69";"69013";"1";"1";"1";"6";"D306";"46,0215594";"4,7202453"
"202000045308";"24";"5";"2020";"10:30";"1";"42";"42172";"2";"1";"1";"2";"Route de Bourg-argental";"45,3756750";"4,4432290"
"202000045309";"3";"1";"2020";"14:15";"1";"13";"13214";"2";"1";"1";"2";"CAPITAINE GEZE (BOULEVARD)";"43,3302708";"5,3700726"
"202000045310";"24";"7";"2020";"19:20";"1";"92";"92073";"2";"3";"1";"3";"SELLIER (BOULEVARD HENRI)";"48,8680350";"2,2253590"
"202000045311";"3";"1";"2020";"17:30";"5";"13";"13210";"2";"1";"1";"6";"ROMAIN ROLLAND (BOULEVARD)";"43,2749390";"5,4157530"
"202000045312";"24";"5";"2020";"18:25";"1";"31";"31407";"1";"9";"1";"6";"D32";"43,7402450";"1,5666090"
"202000045313";"24";"5";"2020";"16:30";"1";"02";"02619";"1";"9";"1";"3";"D14";"49,5300831";"3,4103107"
"202000045314";"24";"5";"2020";"11:15";"1";"03";"03217";"1";"1";"1";"6";"N/A";"46,3609799";"2,6920152"
"202000045315";"24";"7";"2020";"15:21";"1";"92";"92073";"2";"1";"1";"6";"SELLIER (BOULEVARD HENRI)";"48,8676148";"2,2261586"
"202000045316";"22";"5";"2020";"23:30";"3";"70";"70104";"1";"1";"8";"7";"D474";"47,4196160";"5,8217780"
"202000045317";"25";"7";"2020";"11:00";"1";"92";"92035";"2";"1";"1";"6";"Sartoris ( rue )";"48,9070356";"2,2444504"
"202000045318";"21";"10";"2020";"15:50";"1";"64";"64545";"1";"3";"1";"3";"RD810";"43,3496700";" -1,7428300"
"202000045319";"24";"5";"2020";"21:00";"3";"64";"64504";"1";"1";"1";"6";"Route de la Platriere";"43,3245530";" -1,5866020"
"202000045320";"20";"10";"2020";"08:55";"2";"64";"64102";"2";"1";"2";"6";"LOEB (AVENUE DE L'INTERNE JACQUES)";"43,4860300";" -1,4826900"
"202000045321";"20";"10";"2020";"11:25";"1";"62";"62108";"2";"1";"1";"6";"NAMUR";"50,4190500";"1,5704840"
"202000045322";"24";"5";"2020";"13:15";"1";"10";"10355";"1";"1";"1";"1";"departemantale 951";"48,5208110";"3,4845540"
"202000045323";"3";"1";"2020";"13:45";"1";"13";"13002";"1";"1";"8";"6";"PICHAURIS (CHEMIN DE... A GRÉASQUE)";"43,3800000";"5,5425600"
"202000045324";"16";"10";"2020";"08:30";"1";"58";"58194";"2";"1";"1";"3";"SAINT BENIN";"46,9870500";"3,1466400"
"202000045325";"24";"5";"2020";"01:45";"3";"10";"10011";"1";"1";"1";"7";"D384";"48,2864840";"4,7271040"
"202000045326";"6";"6";"2020";"12:45";"1";"974";"97415";"1";"1";"1";"2";"RN1";" -20,9799130";"55,2948010"
"202000045327";"1";"1";"2020";"05:50";"5";"11";"11262";"2";"1";"1";"6";"CHAUX (CHEMIN DES FOURS A)";"43,1752900";"2,9838100"
"202000045328";"24";"5";"2020";"08:50";"1";"07";"07197";"1";"1";"1";"1";"568 Route de Malbati";"45,2134630";"4,6851750"
"202000045329";"20";"10";"2020";"20:10";"5";"54";"54395";"2";"4";"1";"6";"BRIAND (RUE ARISTIDE)";"48,6820925";"6,1649153"
"202000045330";"25";"7";"2020";"14:15";"1";"24";"24372";"1";"1";"1";"6";"D3";"45,1581960";"0,5411410"
"202000045331";"24";"7";"2020";"16:15";"1";"73";"73218";"1";"1";"1";"7";"D991";"45,8498917";"5,8379483"
"202000045332";"20";"10";"2020";"16:20";"1";"54";"54395";"2";"1";"1";"4";"BROT (Rue Marcel)";"48,6812660";"6,2037810"
"202000045333";"24";"5";"2020";"02:00";"3";"40";"40195";"1";"1";"1";"6";"D52";"43,7541400";" -0,4485510"
"202000045334";"2";"1";"2020";"14:19";"1";"10";"10387";"2";"1";"8";"6";"ETIENNE PEDRON (RUE)";"48,3149200";"4,0747500"
"202000045335";"2";"1";"2020";"06:39";"3";"10";"10343";"1";"1";"2";"6";"VERRIERES (RUE)";"48,2667640";"4,1080610"
"202000045336";"21";"10";"2020";"09:00";"1";"35";"35055";"2";"6";"2";"3";"PARC (RUE DU)";"48,0879900";" -1,6084800"
"202000045337";"2";"1";"2020";"19:00";"4";"09";"09225";"1";"9";"1";"4";"MIREPOIX ROUTE DE";"43,1016610";"1,6358060"
"202000045338";"21";"10";"2020";"08:10";"2";"35";"35238";"1";"1";"3";"3";"RN 137";"48,0778060";" -1,6752310"
"202000045339";"1";"1";"2020";"12:15";"1";"06";"06083";"2";"9";"7";"6";"SOSPEL (ROUTE DE )";"43,7901330";"7,4924720"
"202000045340";"24";"5";"2020";"18:10";"1";"85";"85288";"1";"1";"1";"6";"Rue du Gué Robert";"46,4741000";" -1,6173600"
"202000045341";"21";"10";"2020";"07:20";"5";"35";"35238";"2";"2";"3";"1";"ANJOU (D')";"48,1191000";" -1,7134900"
"202000045342";"3";"1";"2020";"19:35";"5";"06";"06027";"2";"3";"1";"1";"NICE AVENUE DE (RN7)";"43,6602000";"7,1730000"
"202000045343";"4";"1";"2020";"00:20";"5";"03";"03321";"2";"1";"2";"6";"20 Rue Jenner";"46,5514596";"3,3485395"
"202000045344";"23";"5";"2020";"20:30";"2";"17";"17213";"1";"1";"1";"1";"D107";"46,0469360";" -0,5308840"
"202000045345";"2";"1";"2020";"18:30";"2";"75";"75116";"2";"1";"1";"3";"BD PERIPHERIQUE INTERIEUR";"48,8619340";"2,2646000"
"202000045346";"2";"1";"2020";"16:30";"5";"75";"75120";"2";"1";"1";"3";"BD PERIPHERIQUE INTERIEUR";"48,8731820";"2,4119050"
"202000045347";"22";"5";"2020";"19:40";"1";"17";"17268";"2";"1";"1";"2";"16 Chemin de la Garenne";"46,0123952";" -0,4340726"
"202000045348";"20";"10";"2020";"17:30";"1";"35";"35238";"2";"2";"1";"3";"PARIS (RUE DE)";"48,1124700";" -1,6661700"
"202000045349";"2";"1";"2020";"13:20";"1";"75";"75106";"2";"3";"1";"3";"RUE NOTRE DAME DES CHAMPS";"48,8416210";"2,3325820"
"202000045350";"25";"7";"2020";"17:20";"1";"41";"41029";"2";"1";"1";"6";"Route de blois";"47,4937970";"1,2602680"
"202000045351";"21";"10";"2020";"21:25";"5";"33";"33200";"2";"1";"1";"3";"AVE PASTEUR";"44,8753100";" -0,6793200"
"202000045352";"25";"7";"2020";"16:40";"2";"974";"97422";"2";"3";"1";"3";"100 Rue de France";" -21,2747980";"55,5071350"
"202000045353";"21";"10";"2020";"14:00";"1";"33";"33234";"2";"1";"1";"3";"CHEM DE LA MATTE";"44,8033800";" -0,5092100"
"202000045354";"21";"10";"2020";"15:25";"1";"33";"33529";"2";"1";"1";"7";"PROCESSION (CH. DE LA)";"44,6237286";" -1,1281930"
"202000045355";"26";"7";"2020";"19:20";"3";"974";"97404";"1";"1";"1";"6";"Avenue Octave Bénard";" -21,2793470";"55,3416430"
"202000045356";"21";"10";"2020";"07:55";"2";"33";"33529";"1";"1";"1";"7";"D112";"44,5566600";" -1,1533300"
"202000045357";"26";"7";"2020";"08:00";"1";"972";"97208";"1";"1";"1";"7";"N3";"14,7245830";" -61,1021800"
"202000045358";"3";"12";"2020";"16:50";"5";"77";"77307";"2";"1";"3";"3";"AV FRANCOIS MITTERRAND";"48,8674625";"2,7570622"
"202000045359";"21";"10";"2020";"19:55";"3";"31";"31565";"1";"1";"1";"6";"D 8";"43,0946300";"0,6919000"
"202000045360";"3";"1";"2020";"19:40";"5";"75";"75119";"2";"1";"2";"2";"BOULEVARD SERURIER";"48,8791410";"2,4006390"
"202000045361";"3";"1";"2020";"18:40";"5";"75";"75119";"2";"1";"2";"3";"BOULEVARD SERURIER";"48,8778890";"2,4051070"
"202000045362";"3";"1";"2020";"19:00";"5";"75";"75117";"2";"1";"2";"6";"RUE DE COURCELLES";"48,8840742";"2,2981717"
"202000045363";"2";"1";"2020";"19:05";"5";"75";"75117";"2";"1";"8";"7";"BOULEVARD DE REIMS";"48,8899010";"2,2981450"
"202000045364";"2";"12";"2020";"08:25";"1";"76";"76497";"2";"6";"1";"6";"JAURES. RUE JEAN";"49,3931400";"1,0290300"
"202000045365";"26";"7";"2020";"01:20";"3";"11";"11041";"1";"6";"1";"2";"D5";"43,2908890";"2,8661010"
"202000045366";"24";"5";"2020";"11:55";"1";"52";"52118";"1";"1";"1";"1";"N67";"48,4789810";"5,1193930"
"202000045367";"2";"1";"2020";"09:40";"1";"75";"75118";"2";"1";"1";"6";"AVENUE DE SAINT OUEN";"48,8950628";"2,3281288"
"202000045368";"23";"5";"2020";"12:20";"1";"01";"01383";"1";"1";"2";"2";"D1083";"46,1036230";"5,1351270"
"202000045369";"20";"10";"2020";"17:15";"1";"29";"29019";"2";"2";"9";"3";"Rue Albert Einstein";"48,4089300";" -4,4627600"
"202000045370";"25";"7";"2020";"08:20";"1";"83";"83036";"2";"9";"1";"3";"Avenue de Saint-raphaël";"43,1804510";"6,5367040"
"202000045371";"28";"11";"2020";"15:10";"1";"76";"76259";"2";"1";"7";"6";"DEGENETAIS ( RUE LEON)";"49,7531000";"0,3701000"
"202000045372";"2";"1";"2020";"08:30";"1";"75";"75117";"2";"4";"1";"6";"RUE DE SAUSSURE";"48,8878574";"2,3110729"
"202000045373";"3";"12";"2020";"13:28";"1";"71";"71270";"2";"1";"1";"6";"PILLET (RUE CHARLES)";"46,2961235";"4,8147368"
"202000045374";"2";"1";"2020";"15:35";"1";"75";"75116";"2";"7";"2";"3";"AVENUE FOCH";"48,8737392";"2,2940947"
"202000045375";"3";"12";"2020";"09:55";"1";"66";"66136";"2";"3";"1";"3";"JUIN (AVENUE DU MARECHAL)";"42,6881600";"2,8971500"
"202000045376";"24";"5";"2020";"02:50";"3";"971";"97103";"1";"1";"1";"6";"Wonche";"16,2597720";" -61,6211340"
"202000045377";"3";"1";"2020";"14:20";"1";"75";"75115";"2";"1";"8";"6";"QUAI D ISSY LES MOULINEAUX";"48,8383870";"2,2691970"
"202000045378";"2";"1";"2020";"14:40";"1";"75";"75115";"2";"2";"8";"3";"QUAI BRANLY";"48,8545820";"2,2888490"
"202000045379";"2";"1";"2020";"06:55";"5";"75";"75115";"2";"2";"1";"3";"AVENUE EMILE ZOLA";"48,8465570";"2,2859930"
"202000045380";"3";"1";"2020";"14:42";"1";"75";"75113";"2";"2";"1";"3";"AVENUE D ITALIE";"48,8261800";"2,3572710"
"202000045381";"25";"7";"2020";"18:00";"1";"67";"67395";"1";"1";"1";"1";"D68";"48,6915690";"7,3968890"
"202000045382";"2";"12";"2020";"12:40";"1";"66";"66136";"2";"1";"1";"6";"JOFFRE (AVENUE DU MARECHAL CD 88)";"42,7072300";"2,8917500"
"202000045383";"24";"5";"2020";"13:00";"1";"973";"97312";"1";"1";"2";"7";"Route de Saint Elie D21";"5,3161758";" -53,0443954"
"202000045384";"7";"10";"2020";"17:25";"1";"26";"26198";"2";"1";"1";"1";"2 rue Olivier de Serres ";"44,5590000";"4,7458000"
"202000045385";"2";"1";"2020";"14:29";"1";"75";"75113";"2";"3";"5";"3";"RUE GOUTHIERE";"48,8210128";"2,3507452"
"202000045386";"23";"5";"2020";"19:30";"3";"971";"97134";"2";"1";"1";"1";"Anse à la Barque";"16,0884960";" -61,7669610"
"202000045387";"3";"1";"2020";"16:14";"1";"75";"75112";"2";"1";"8";"6";"RUE DE BERCY";"48,8378860";"2,3823287"
"202000045388";"25";"7";"2020";"12:13";"1";"67";"67437";"2";"1";"1";"6";"19 Rue de Dettwiller";"48,7397521";"7,3708202"
"202000045389";"22";"5";"2020";"16:32";"1";"45";"45028";"2";"1";"1";"7";"34 Rue de la Fontaine Appia";"47,7833110";"1,6199110"
"202000045390";"2";"12";"2020";"15:00";"1";"66";"66136";"2";"1";"1";"6";"APPERT NICOLAS";"42,7383000";"2,8918900"
"202000045391";"21";"10";"2020";"10:25";"1";"17";"17274";"2";"6";"1";"3";"REPUBLIQUE   ROND-POINT DE LA";"46,1533100";" -1,1110600"
"202000045392";"2";"1";"2020";"15:05";"1";"75";"75112";"2";"2";"1";"3";"AVENUE DAUMESNIL";"48,8462696";"2,3774922"
"202000045393";"23";"5";"2020";"08:10";"1";"2A";"2A300";"1";"1";"1";"1";"Furculino";"41,6577320";"9,3019870"
"202000045394";"30";"11";"2020";"17:40";"1";"64";"64445";"2";"1";"8";"6";"EUROPE DE L'";"43,3293700";" -0,3532600"
"202000045395";"20";"10";"2020";"11:55";"1";"16";"16102";"2";"1";"2";"6";"Giratoire de Crouin";"45,6945050";" -0,3493010"
"202000045396";"2";"12";"2020";"07:45";"3";"64";"64024";"2";"1";"1";"7";"MAIGNON (ROUTE DE)";"43,4701700";" -1,4980200"
"202000045397";"26";"7";"2020";"03:10";"3";"14";"14061";"1";"1";"1";"6";"D56";"48,9455750";" -0,8826400"
"202000045398";"23";"5";"2020";"11:35";"1";"83";"83071";"1";"1";"1";"7";"Route de Saint Honore";"43,1511290";"6,2704470"
"202000045399";"3";"1";"2020";"20:50";"5";"75";"75110";"2";"4";"1";"6";"BOULEVARD DE MAGENTA";"48,8804254";"2,3523410"
"202000045400";"20";"10";"2020";"16:30";"3";"14";"14437";"2";"1";"1";"1";"PARIS (ROUTE DE)";"49,1700000";" -0,3237000"
"202000045401";"21";"10";"2020";"07:35";"5";"14";"14118";"2";"7";"2";"3";"DEMI LUNE (PLACE DE LA )";"49,1745990";" -0,3383520"
"202000045402";"3";"1";"2020";"08:15";"2";"75";"75110";"2";"1";"1";"3";"AVENUE CLAUDE VELLEFAUX";"48,8767440";"2,3702980"
"202000045403";"24";"5";"2020";"12:00";"1";"83";"83035";"1";"1";"1";"6";"Dn8";"43,2361990";"5,8015540"
"202000045404";"24";"11";"2020";"16:30";"1";"63";"63063";"2";"1";"7";"6";"CHATEAUGAY (RUE DE)";"45,8352895";"3,0949356"
"202000045405";"21";"10";"2020";"17:15";"1";"13";"13214";"2";"1";"1";"2";"CAPITAINE GEZE (BOULEVARD)";"43,3303700";"5,3705400"
"202000045406";"24";"5";"2020";"15:40";"1";"04";"04171";"1";"1";"1";"1";"RD 952";"43,7921170";"6,3841300"
"202000045407";"2";"1";"2020";"11:20";"1";"75";"75107";"2";"1";"8";"7";"AVENUE DE LA MOTTE PICQUET";"48,8548550";"2,3063930"
"202000045408";"25";"7";"2020";"11:40";"1";"17";"17391";"1";"1";"1";"3";"D108";"46,1505179";" -1,0564739"
"202000045409";"24";"11";"2020";"11:20";"1";"62";"62498";"2";"2";"1";"6";"PAIX (R DE LA)";"50,4284500";"2,8286600"
"202000045410";"26";"7";"2020";"12:40";"1";"974";"97410";"2";"1";"1";"5";"Rue des Myosotis";" -21,0527880";"55,7146200"
"202000045411";"24";"5";"2020";"04:30";"3";"26";"26179";"1";"1";"1";"2";"Autourte du Soleil";"45,0745810";"4,8686170"
"202000045412";"28";"11";"2020";"16:20";"1";"61";"61001";"2";"1";"1";"3";"MARTIN LUTHER KING ( RUE )";"48,4309300";"0,0654200"
"202000045413";"21";"10";"2020";"17:45";"1";"13";"13208";"2";"1";"1";"6";"PRADO (AVENUE DU)";"43,2697190";"5,3866740"
"202000045414";"21";"10";"2020";"14:30";"1";"13";"13214";"2";"4";"1";"3";"PAUL COXE (RUE)";"43,3478500";"5,3768900"
"202000045415";"3";"12";"2020";"17:00";"5";"59";"59279";"2";"3";"2";"6";"LILLE (RUE DE)";"50,7827990";"3,1261450"
"202000045416";"25";"7";"2020";"03:30";"3";"58";"58033";"1";"1";"1";"7";"D2";"47,5051600";"3,0563500"
"202000045417";"3";"1";"2020";"14:45";"1";"75";"75103";"2";"3";"1";"6";"RUE SAINT GILLES";"48,8578620";"2,3664300"
"202000045418";"23";"5";"2020";"12:20";"1";"68";"68298";"2";"3";"2";"6";"Rue de Lattre de Tassigny";"48,2468510";"7,1850850"
"202000045419";"13";"10";"2020";"17:45";"1";"13";"13210";"2";"1";"1";"3";"CHANTE PERDRIX (tvse)";"43,2754950";"5,4333650"