"Num_Acc";"jour";"mois";"an";"hrmn";"lum";"dep";"com";"agg";"int";"atm";"col";"adr";"lat";"long"
"202000045420";"30";"11";"2020";"16:50";"5";"59";"59295";"2";"1";"2";"6";"AVENUE JEAN MARIE JACOB";"50,7374312";"2,5489810"
"202000045421";"25";"7";"2020";"18:30";"1";"42";"42210";"1";"1";"1";"6";"Route de Seyoux";"45,4937660";"4,6206090"
"202000045422";"3";"1";"2020";"15:05";"1";"75";"75104";"2";"2";"2";"3";"QUAI DE GESVRES";"48,8560680";"2,3506930"
"202000045423";"20";"10";"2020";"22:00";"5";"13";"13204";"2";"1";"1";"7";"MARÉCHAL JUIN (BOULEVARD)";"43,3095700";"5,4031200"
"202000045424";"3";"1";"2020";"15:25";"1";"94";"94021";"2";"3";"1";"6";"GENERAL DE GAULLE (AV DU)";"48,7730200";"2,3391200"
"202000045425";"29";"11";"2020";"16:40";"1";"59";"59329";"2";"1";"1";"3";"SEMARD (RUE PIERRE)";"50,3514700";"3,0787000"
"202000045426";"3";"1";"2020";"18:50";"5";"94";"94028";"2";"1";"1";"6";"CHOISY(ROUTE DE)";"48,7812268";"2,4451622"
"202000045427";"19";"10";"2020";"18:25";"2";"13";"13205";"2";"1";"1";"4";"SAKAKINI (BOULEVARD)";"43,2928000";"5,4012800"
"202000045428";"24";"10";"2020";"22:40";"5";"58";"58194";"2";"1";"1";"6";"FRANCS BOURGEOIS";"46,9911000";"3,1628000"
"202000045429";"3";"1";"2020";"13:00";"1";"94";"94079";"2";"7";"1";"1";"EGLISE (PL DE L)";"48,8273400";"2,5423400"
"202000045430";"18";"10";"2020";"16:35";"1";"13";"13047";"1";"8";"1";"3";"FOS (ROUTE DE) - RN 569";"43,4888180";"4,9641760"
"202000045431";"3";"1";"2020";"09:00";"2";"93";"93078";"2";"3";"1";"3";"CH DE SAVIGNY / R DE PARIS";"48,9624862";"2,5341864"
"202000045432";"16";"5";"2020";"19:00";"1";"88";"88464";"1";"1";"1";"6";"Chemin de la Bisoire";"48,1076890";"6,6429520"
"202000045433";"3";"1";"2020";"10:33";"1";"93";"93053";"2";"3";"2";"3";"R DES BERGERIES / R VAILLANT COUTURIER";"48,8906300";"2,4514500"
"202000045434";"24";"5";"2020";"20:15";"1";"57";"57271";"1";"1";"1";"6";"1 Rue des Champs";"49,1037850";"6,7989660"
"202000045435";"3";"1";"2020";"20:50";"5";"93";"93048";"2";"1";"2";"2";"GABRIEL PERI (AVENUE)";"48,8573097";"2,4406223"
"202000045436";"23";"5";"2020";"09:02";"1";"31";"31420";"2";"1";"1";"3";"85 Rue d'Andorre";"43,5056010";"1,3910630"
"202000045437";"26";"7";"2020";"07:30";"1";"83";"83019";"1";"1";"1";" -1";"Avenue Lou Mistraou";"43,1512390";"6,3083730"
"202000045438";"26";"7";"2020";"05:00";"2";"59";"59382";"1";"1";"1";"1";"CD 15";"50,0560640";"3,4180360"
"202000045439";"30";"11";"2020";"20:30";"5";"54";"54304";"2";"1";"2";"1";"QUATRE VENTS (AVENUE DES)";"48,6972420";"6,1347431"
"202000045440";"20";"10";"2020";"09:00";"1";"13";"13004";"2";"1";"1";"6";"BD EMILE COMBES";"43,6802200";"4,6338800"
"202000045441";"3";"1";"2020";"13:40";"1";"93";"93027";"2";"2";"1";"1";"PASTEUR (BOULEVARD) DE 40 A +";"48,9209900";"2,3831200"
"202000045442";"26";"7";"2020";"02:00";"3";"56";"56146";"1";"1";"1";"3";"Saint Eloi";"48,0970140";" -2,9830240"
"202000045443";"26";"7";"2020";"07:05";"1";"56";"56231";"2";"8";"1";"6";"Rue du Vieux Couvent";"47,7023400";" -2,6506290"
"202000045444";"22";"5";"2020";"17:15";"1";"17";"17395";"1";"2";"1";"4";"RN 141";"45,7185820";" -0,4948680"
"202000045445";"2";"12";"2020";"17:25";"5";"50";"50218";"2";"1";"2";"3";"MATIGNON (AV DES)";"48,8379700";" -1,5766900"
"202000045446";"20";"10";"2020";"07:20";"2";"13";"13004";"2";"1";"1";"6";"BD EMILE COMBES";"43,6797400";"4,6338800"
"202000045447";"3";"1";"2020";"15:30";"1";"92";"92075";"2";"9";"8";"2";"RAYMOND MARCHERON (RUE)";"48,8194000";"2,2882800"
"202000045448";"17";"10";"2020";"18:05";"1";"13";"13001";"1";"1";"1";"2";"RN 296";"43,5359000";"5,4314800"
"202000045449";"21";"7";"2020";"08:10";"1";"67";"67053";"1";"9";"1";"7";"D209 PK5";"48,2340151";"7,5654853"
"202000045450";"3";"1";"2020";"20:10";"5";"92";"92049";"2";"1";"2";"6";"BERT RUE PAUL";"48,8175690";"2,3109620"
"202000045451";"20";"10";"2020";"18:27";"5";"10";"10362";"2";"1";"2";"2";"GENERAL LECLERC (RUE DU)";"48,2923500";"4,0408400"
"202000045452";"3";"1";"2020";"09:35";"1";"92";"92012";"2";"1";"1";"3";"GENERAL LECLERC (AVENUE DU) 1/33 - 2/58";"48,8323000";"2,2393000"
"202000045453";"20";"10";"2020";"17:53";"1";"10";"10387";"2";"9";"2";"2";"PREMIER MAI (RUE DU)";"48,3040000";"4,0883000"
"202000045454";"26";"7";"2020";"02:20";"5";"2B";"2B187";"1";"3";"1";"2";"D82";"42,6629360";"9,3150120"
"202000045455";"24";"5";"2020";"07:30";"1";"29";"29169";"1";"1";"1";"6";"Ker Elisa";"48,0724440";" -4,1855230"
"202000045456";"3";"1";"2020";"20:20";"5";"92";"92012";"2";"2";"2";"3";"CHATEAU (RUE DU) 127/FIN - 133/FIN";"48,8416711";"2,2369878"
"202000045457";"3";"12";"2020";"07:55";"4";"50";"50129";"2";"1";"3";"6";"CESSART (AVENUE DE)";"49,6445100";" -1,6314800"
"202000045458";"4";"1";"2020";"14:25";"1";"71";"71305";"1";"1";"1";"2";"Autoroute du Soleil";"46,4663906";"4,8802595"
"202000045459";"26";"7";"2020";"13:00";"1";"11";"11209";"1";"1";"1";" -1";"D118";"42,9701270";"2,2594450"
"202000045460";"21";"10";"2020";"13:45";"1";"09";"09122";"1";"1";"1";"4";"RD 919";"42,9879730";"1,6157110"
"202000045461";"2";"12";"2020";"18:15";"3";"50";"50173";"2";"2";"2";"3";"ARAGO (RUE)";"49,6533300";" -1,6632800"
"202000045462";"20";"10";"2020";"10:28";"1";"06";"06004";"2";"3";"1";"6";"GAMBETTA AV.";"43,5825000";"7,1202000"
"202000045463";"4";"1";"2020";"04:35";"3";"85";"85144";"1";"1";"5";"6";"La Boule";"46,8483120";" -1,0881110"
"202000045464";"30";"11";"2020";"14:00";"1";"50";"50602";"2";"3";"1";"3";"BRIAND (RUE ARISTIDE)";"49,6474300";" -1,5912500"
"202000045465";"24";"5";"2020";"17:45";"1";"60";"60241";"1";"1";"1";"7";"D126";"49,1700930";"2,6748195"
"202000045466";"25";"7";"2020";"17:30";"1";"55";"55571";"2";"5";"1";"7";"Grande Rue";"49,3295550";"5,2334940"
"202000045467";"21";"10";"2020";"17:25";"1";"75";"75116";"2";"1";"1";"2";"ECHANGEUR MUETTE";"48,8611710";"2,2638910"
"202000045468";"26";"7";"2020";"10:00";"1";"49";"49200";"1";"1";"1";"6";"D775";"47,5435601";" -0,6530800"
"202000045469";"3";"1";"2020";"22:30";"3";"41";"41120";"2";"1";"1";"6";"La Prazerie";"47,7933060";"0,9376650"
"202000045470";"21";"10";"2020";"10:35";"1";"75";"75119";"2";"3";"1";"3";"AVENUE DE LA PORTE DE LA VILLETTE";"48,8983450";"2,3861620"
"202000045471";"25";"6";"2020";"11:00";"1";"86";"86244";"1";"1";"1";"7";"D29";"46,3568800";"0,0199130"
"202000045472";"2";"12";"2020";"15:30";"1";"49";"49353";"2";"1";"1";"1";"Rue des Acacias";"47,4534900";" -0,4980700"
"202000045473";"3";"1";"2020";"20:40";"3";"56";"56218";"1";"1";"1";"1";"Route de Peillac";"47,7254590";" -2,2701840"
"202000045474";"20";"10";"2020";"11:15";"1";"75";"75118";"2";"1";"8";"6";"RUE ORDENER";"48,8935020";"2,3374490"
"202000045475";"4";"1";"2020";"04:00";"3";"65";"65460";"1";"1";"1";"6";"Route de Rabastens";"43,3853800";"0,0980830"
"202000045476";"3";"12";"2020";"17:58";"4";"45";"45068";"2";"9";"2";"6";"Rue Aristide Briand";"48,0121690";"2,7394530"
"202000045477";"25";"7";"2020";"16:25";"1";"22";"22207";"2";"2";"1";"3";"Rue du Lity";"48,6185130";" -3,4623780"
"202000045478";"21";"10";"2020";"11:20";"1";"75";"75117";"2";"1";"1";"1";"RUE DE TILSITT";"48,8752740";"2,2954430"
"202000045479";"3";"1";"2020";"13:45";"1";"89";"89081";"1";"1";"8";"6";"D91";"47,8428500";"3,7776540"
"202000045480";"21";"11";"2020";"11:10";"1";"44";"44109";"2";"1";"1";"6";"BOULEVARD ROBERT SCHUMAN";"47,2352300";" -1,5675300"
"202000045481";"26";"7";"2020";"17:45";"1";"22";"22346";"2";"1";"1";"7";"30 rue des chataigniers";"48,3595710";" -2,6247130"
"202000045482";"24";"5";"2020";"08:32";"1";"62";"62543";"2";"1";"1";"1";"212 grand rue";"50,6352950";"2,3040820"
"202000045483";"26";"7";"2020";"04:25";"3";"25";"25083";"1";"1";"1";"6";"D117";"47,4754040";"6,4947640"
"202000045484";"3";"1";"2020";"13:35";"1";"39";"39323";"1";"1";"2";"1";"N/A";"47,1681300";"5,4965540"
"202000045485";"21";"10";"2020";"07:50";"3";"75";"75117";"2";"2";"1";"6";"RUE LEMERCIER";"48,8894350";"2,3187020"
"202000045486";"30";"11";"2020";"06:20";"5";"41";"41018";"2";"3";"1";"3";"RIFFAULT (RUE EUGENE)";"47,5899100";"1,3418660"
"202000045487";"26";"7";"2020";"00:25";"3";"44";"44216";"2";"1";"2";"6";"Avenue de la Vendée";"46,9697110";" -1,4308570"
"202000045488";"4";"1";"2020";"11:00";"1";"35";"35297";"2";"1";"1";"6";"Rue de Plumaugat";"48,1980430";" -2,1970780"
"202000045489";"19";"10";"2020";"20:50";"5";"75";"75117";"2";"2";"1";"2";"AVENUE DE VILLIERS";"48,8851490";"2,2956670"
"202000045490";"3";"12";"2020";"08:40";"1";"38";"38421";"2";"1";"1";"6";"Avenue Potier";"45,1753700";"5,7532100"
"202000045491";"19";"10";"2020";"20:40";"5";"75";"75116";"2";"1";"1";"3";"RUE DE L ASSOMPTION";"48,8553420";"2,2669880"
"202000045492";"26";"7";"2020";"10:45";"1";"44";"44015";"1";"5";"1";"3";"st cloud";"47,4621900";" -1,8795420"
"202000045493";"24";"7";"2020";"17:30";"1";"44";"44003";"2";"7";"1";"6";"Place Jeanne-d'Arc";"47,3654150";" -1,1772640"
"202000045494";"21";"10";"2020";"20:50";"5";"75";"75115";"2";"1";"1";"3";"RUE DE VAUGIRARD";"48,8352230";"2,2923280"
"202000045495";"24";"7";"2020";"16:05";"1";"31";"31188";"1";"1";"7";"5";"35 Route de Fonsorbes";"43,5460399";"1,2054054"
"202000045496";"21";"10";"2020";"17:55";"1";"75";"75115";"2";"4";"1";"6";"RUE BRANCION";"48,8296830";"2,3017630"
"202000045497";"3";"1";"2020";"18:00";"3";"29";"29130";"1";"3";"1";"3";"D789";"48,3587280";" -4,6305333"
"202000045498";"1";"12";"2020";"08:55";"1";"37";"37261";"2";"1";"1";"7";"JAURES (PLACE JEAN)";"47,3899119";"0,6882891"
"202000045499";"21";"10";"2020";"10:50";"1";"75";"75115";"2";"7";"2";"6";"AVENUE DE BRETEUIL";"48,8453770";"2,3110040"
"202000045500";"3";"12";"2020";"08:15";"2";"37";"37233";"2";"3";"2";"2";"FLORENCE (AVENUE DE)";"47,3783083";"0,7416408"
"202000045501";"21";"10";"2020";"20:21";"5";"75";"75112";"2";"7";"1";"3";"AVENUE DU TRONE";"48,8481410";"2,3974760"
"202000045502";"3";"1";"2020";"23:40";"3";"26";"26155";"1";"1";"8";"6";"Route de Beaurepaire";"45,3222300";"5,0021010"
"202000045503";"3";"12";"2020";"07:30";"3";"37";"37195";"1";"1";"2";"7";"N/A";"47,3893889";"0,6487258"
"202000045504";"19";"10";"2020";"20:30";"5";"75";"75112";"2";"2";"1";"3";"RUE DE REUILLY";"48,8473470";"2,3867860"
"202000045505";"25";"7";"2020";"18:00";"1";"38";"38015";"2";"1";"1";"3";"Route de Roche";"45,5368740";"5,1638100"
"202000045506";"23";"5";"2020";"13:00";"1";"62";"62355";"1";"1";"1";"2";"Route Departementale 950";"50,3332030";"2,9145420"
"202000045507";"30";"11";"2020";"16:23";"1";"37";"37261";"2";"1";"1";"7";"FAURE (RUE GABRIEL)";"47,3735830";"0,6982547"
"202000045508";"23";"5";"2020";"12:15";"1";"62";"62557";"2";"1";"1";"2";"Rue de Neuville";"50,3280300";"2,7122960"
"202000045509";"24";"5";"2020";"01:15";"5";"62";"62801";"2";"1";"1";"6";"74 Rue Raoul Briquet";"50,3935820";"2,7499670"
"202000045510";"3";"12";"2020";"00:00";"5";"34";"34172";"2";"3";"1";"3";"BLUM (RUE LEON)";"43,6089200";"3,8908500"
"202000045511";"23";"5";"2020";"09:40";"1";"94";"94034";"1";"1";"2";"7";"AUTOROUTE A86";"48,7559073";"2,3351273"
"202000045512";"23";"5";"2020";"01:00";"5";"94";"94037";"1";"1";"2";"7";"AUTOROUTE A6B";"48,8153200";"2,3561900"
"202000045513";"21";"10";"2020";"15:10";"1";"75";"75110";"2";"2";"1";"4";"BOULEVARD DE MAGENTA";"48,8704910";"2,3611930"
"202000045514";"3";"12";"2020";"14:00";"1";"33";"33039";"2";"3";"2";"3";"RTE DE TOULOUSE / AVE FAVARQUE";"44,8045900";" -0,5721400"
"202000045515";"20";"10";"2020";"15:45";"1";"75";"75108";"2";"1";"2";"3";"BOULEVARD MALESHERBES";"48,8797600";"2,3139050"
"202000045516";"22";"5";"2020";"18:22";"1";"91";"91468";"1";"1";"1";"6";"AUTOROUTE A6";"48,5762700";"2,4647200"
"202000045517";"10";"7";"2020";"06:00";"1";"03";"03258";"1";"1";"1";"6";"Rue des Barathons";"46,1914093";"3,3846577"
"202000045518";"25";"7";"2020";"10:20";"1";"15";"15258";"1";"1";"1";"1";"D8";"44,9695060";"2,6226240"
"202000045519";"28";"11";"2020";"18:45";"5";"33";"33063";"2";"2";"1";"3";"GAUTIER (BD ANTOINE) (20-40) PAIRS";"44,8334100";" -0,5985400"
"202000045520";"19";"10";"2020";"11:15";"1";"94";"94068";"2";"1";"1";"5";"BELLECHASSE (BD DE)";"48,7937050";"2,4887280"
"202000045521";"23";"5";"2020";"07:00";"1";"95";"95582";"1";"1";"2";"6";"AUTOROUTE A115";"48,9724800";"2,2473400"
"202000045522";"25";"7";"2020";"17:15";"1";"06";"06059";"1";"1";"1";"1";"389 Avenue des Diables Bleus";"43,7244250";"7,3370270"
"202000045523";"2";"12";"2020";"16:00";"1";"31";"31069";"2";"1";"2";"3";"GUYENNE (RUE DE)";"43,6311700";"1,3899200"
"202000045524";"21";"10";"2020";"20:30";"5";"94";"94052";"2";"1";"1";"7";"CHARLES DE GAULLE (GRAND RUE)";"48,8370480";"2,4837560"
"202000045525";"26";"7";"2020";"02:40";"3";"14";"14143";"1";"1";"2";"6";"D71";"49,0924859";" -0,8518255"
"202000045526";"22";"5";"2020";"11:30";"1";"974";"97411";"1";"9";"1";"3";"Route des Eucalyptus";" -20,8881100";"55,4333500"
"202000045527";"3";"12";"2020";"13:25";"1";"30";"30189";"2";"1";"1";"3";"LASSERRE JEAN (AVENUE)";"43,8215600";"4,3581100"
"202000045528";"25";"7";"2020";"12:10";"1";"90";"90082";"2";"3";"1";"2";"1 Rue de Rechotte";"47,5916180";"6,9559120"
"202000045529";"21";"10";"2020";"17:00";"1";"94";"94041";"2";"2";"1";"6";"VERDUN (AV DE)";"48,8091100";"2,3736700"
"202000045530";"22";"5";"2020";"18:55";"1";"69";"69387";"2";"1";"1";"6";"GEORGES GOUY                        (R )";"45,7305100";"4,8351200"
"202000045531";"23";"7";"2020";"09:40";"1";"83";"83007";"2";"6";"1";"3";"Route de Salernes";"43,6175340";"6,2203970"
"202000045532";"3";"12";"2020";"18:29";"5";"29";"29232";"2";"3";"2";"6";"Rue de Kerlerec";"47,9967174";" -4,1115351"
"202000045533";"22";"5";"2020";"09:15";"1";"69";"69388";"2";"2";"1";"3";"ST MAURICE                          (R )";"45,7428800";"4,8674400"
"202000045534";"22";"7";"2020";"23:10";"3";"60";"60155";"1";"1";"1";"7";"Route de Balagny";"49,2857300";"2,3489390"
"202000045535";"3";"12";"2020";"16:25";"1";"29";"29232";"2";"3";"2";"3";"Rue de Kerfeunteun";"48,0003600";" -4,1012500"
"202000045536";"21";"10";"2020";"15:25";"1";"94";"94073";"2";"2";"1";"3";"SAUSSAIE (R DE LA)";"48,7666000";"2,3862300"
"202000045537";"26";"7";"2020";"07:30";"1";"64";"64477";"1";"1";"1";"7";"Route de Banca";"43,1720790";" -1,3518660"
"202000045538";"16";"5";"2020";"00:35";"5";"69";"69386";"2";"3";"1";"3";"VAUBAN                              (R )";"45,7663000";"4,8596000"
"202000045539";"21";"10";"2020";"16:45";"1";"94";"94054";"2";"1";"1";"6";"MARTYRS DE CHATEAUBRIANT (AV DES)";"48,7480100";"2,4068320"
"202000045540";"3";"12";"2020";"08:00";"2";"29";"29232";"1";"6";"3";"1";"D765 - Route de Rosporden";"47,9817192";" -4,0352780"
"202000045541";"26";"7";"2020";"07:25";"2";"36";"36078";"1";"1";"1";"6";"Les Champs de Montabin";"46,5857658";"1,8770581"
"202000045542";"11";"9";"2020";"08:00";"1";"28";"28134";"2";"1";"1";"6";"KENNEDY (AVENUE DU PRESIDENT)";"48,7302900";"1,3797300"
"202000045543";"22";"5";"2020";"19:50";"5";"972";"97209";"1";"3";"1";"3";"REDOUTE (ROUTE DE LA)";"14,6153600";" -61,0617200"
"202000045544";"9";"11";"2020";"22:45";"3";"27";"27528";"1";"1";"1";"6";"RD6015";"49,2723000";"1,1594500"
"202000045545";"23";"7";"2020";"11:45";"1";"36";"36055";"1";"1";"7";"3";"Maubert";"46,9296674";"1,2154053"
"202000045546";"3";"12";"2020";"17:50";"5";"19";"19272";"2";"1";"3";"6";"Dr Aimé Audubert (Rue)";"45,2519476";"1,7650759"
"202000045547";"3";"12";"2020";"17:55";"5";"17";"17300";"2";"1";"3";"6";"KENNEDY   AVENUE DU PRESIDENT J";"46,1675200";" -1,1807200"
"202000045548";"22";"5";"2020";"06:30";"1";"972";"97209";"1";"1";"1";"2";"RD 41 (ROCADE)";"14,6054600";" -61,0900000"
"202000045549";"3";"12";"2020";"15:45";"1";"17";"17300";"2";"1";"3";"6";"SCHWEITZER   RUE DU DOCTEUR ALB";"46,1583200";" -1,1443100"
"202000045550";"21";"10";"2020";"07:10";"5";"94";"94071";"2";"1";"2";"7";"PARIS (R DE)";"48,7735770";"2,5044800"
"202000045551";"22";"5";"2020";"22:25";"5";"69";"69382";"2";"1";"1";"6";"MARECHAL JOFFRE (DU)                (QU)";"45,7526000";"4,8245000"
"202000045552";"25";"7";"2020";"18:10";"1";"16";"16393";"1";"1";"1";"7";"Lieu dit Le Deroc";"45,7633920";"0,1574130"
"202000045553";"21";"10";"2020";"17:55";"1";"93";"93078";"2";"2";"1";"6";"BALLANGER (BD ROBERT)";"48,9555250";"2,5390381"
"202000045554";"3";"12";"2020";"16:25";"1";"17";"17300";"2";"1";"3";"7";"POINCARE   AVENUE RAYMOND";"46,1669200";" -1,1923700"
"202000045555";"26";"7";"2020";"12:00";"1";"53";"53059";"1";"1";"1";"3";"D20";"48,1024020";" -0,5048130"
"202000045556";"21";"10";"2020";"14:50";"1";"93";"93066";"2";"1";"1";"3";"LIBERATION RD14 (BOULEVARD)";"48,9334435";"2,3423428"
"202000045557";"25";"7";"2020";"04:20";"3";"04";"04031";"1";"1";"1";"7";"RD 953";"43,9011860";"6,1387610"
"202000045558";"20";"10";"2020";"15:25";"1";"93";"93048";"2";"1";"2";"2";"PARIS (RUE DE)";"48,8578100";"2,4350100"
"202000045559";"24";"7";"2020";"23:30";"3";"27";"27209";"1";"1";"1";"6";"D88";"49,3037270";"0,7360300"
"202000045560";"21";"10";"2020";"16:50";"1";"93";"93046";"2";"9";"1";"6";"ROBERT SCHUMANN BOULEVARD";"48,9286770";"2,5504766"
"202000045561";"21";"10";"2020";"16:20";"1";"93";"93001";"2";"1";"1";" -1";"JEAN JAURES (AVE)  215 =>";"48,9153791";"2,4046205"
"202000045562";"25";"7";"2020";"14:20";"1";"28";"28394";"1";"1";"1";"7";"3 Rue de Châteauneuf";"48,6740200";"1,3221680"
"202000045563";"3";"12";"2020";"14:20";"1";"14";"14118";"2";"1";"1";"2";"RN 814";"49,1995300";" -0,3449700"
"202000045564";"21";"10";"2020";"18:35";"2";"92";"92051";"2";"3";"1";"2";"GENERAL LECLERC (BOULEVARD DU, N° 1 A 27";"48,8880952";"2,2577092"
"202000045565";"21";"10";"2020";"19:30";"5";"92";"92025";"2";"2";"1";"3";"CHARLES DE GAULLE (BD)";"48,9145390";"2,2291670"
"202000045566";"3";"12";"2020";"18:00";"1";"13";"13205";"2";"1";"1";"6";"DOCTEUR SIM. SEDAN (RUE)";"43,2954585";"5,3978754"
"202000045567";"3";"12";"2020";"07:45";"1";"13";"13201";"2";"1";"1";"6";"LIEUTAUD (COURS)      2 A 52";"43,2958820";"5,3815280"
"202000045568";"25";"7";"2020";"06:15";"2";"17";"17314";"1";"1";"1";"7";"RD129E3";"45,7734200";" -0,5001350"
"202000045569";"20";"10";"2020";"20:30";"5";"92";"92025";"2";"1";"1";"2";"AGENT SARRE (AV DE L')";"48,9246610";"2,2657260"
"202000045570";"3";"12";"2020";"06:40";"2";"13";"13211";"2";"1";"1";" -1";"FALAISE (RUE DE LA)";"43,2900000";"5,4300000"
"202000045571";"23";"7";"2020";"18:55";"1";"30";"30116";"1";"1";"8";"7";"D351";"43,9110340";"4,5998220"
"202000045572";"21";"10";"2020";"17:15";"1";"92";"92024";"2";"1";"1";"2";"JEAN JAURES (BD) DE 47 A 109)   (56 A 14";"48,9341380";"2,2593250"
"202000045573";"24";"7";"2020";"21:45";"5";"973";"97307";"1";"1";"1";"7";"N2";"4,8271725";" -52,3385658"
"202000045574";"2";"12";"2020";"10:30";"1";"13";"13211";"2";"1";"1";"6";"SAINT MARCEL (BOULEVARD DE )";"43,2862430";"5,4740836"
"202000045575";"21";"10";"2020";"12:20";"1";"92";"92012";"2";"1";"1";"2";"TRAVERSIERE (RUE)";"48,8250987";"2,2455539"
"202000045576";"21";"10";"2020";"11:40";"1";"974";"97415";"2";"1";"1";"3";"Route de l'Eperon";" -21,0440920";"55,2578560"
"202000045577";"2";"12";"2020";"17:25";"4";"13";"13063";"1";"9";"1";"3";"RN 1569 LA TRANSHUMANCE";"43,5864600";"4,9889800"
"202000045578";"26";"7";"2020";"15:00";"1";"24";"24063";"1";"1";"1";"5";"La Franquie";"44,7347540";"1,2159850"
"202000045579";"21";"10";"2020";"19:15";"2";"08";"08088";"1";"1";"1";"6";"D29";"49,6140190";"4,9137210"
"202000045580";"19";"10";"2020";"14:20";"1";"25";"25518";"1";"1";"1";"2";"A36";"47,3425600";"6,2413500"
"202000045581";"25";"7";"2020";"17:50";"1";"80";"80021";"1";"1";"1";"6";"A16";"49,8988500";"2,2325630"
"202000045582";"21";"10";"2020";"14:35";"1";"81";"81113";"1";"1";"1";"7";"D31";"43,8558680";"2,1943470"
"202000045583";"21";"10";"2020";"22:50";"3";"28";"28012";"1";"1";"2";"6";"3 Route du Poislay";"48,0689500";"1,1313180"
"202000045584";"22";"10";"2020";"16:00";"1";"974";"97412";"1";"1";"1";"3";"94 Rue Edmond Albius";" -21,3624620";"55,6063190"
"202000045585";"16";"10";"2020";"17:44";"1";"01";"01238";"2";"1";"1";"3";"312 Route de Reyrieux";"45,9092900";"4,8230090"
"202000045586";"22";"10";"2020";"00:00";"3";"76";"76122";"1";"1";"1";" -1";"A28";"49,8375950";"1,5314770"
"202000045587";"26";"7";"2020";"10:40";"1";"31";"31074";"1";"1";"1";"1";"A680";"43,6688650";"1,6192390"
"202000045588";"2";"12";"2020";"18:15";"5";"10";"10387";"2";"1";"2";"4";"MARECHAL DE LATTRE DE TASSIGNY (RUE DU)";"48,3046600";"4,0946100"
"202000045589";"22";"10";"2020";"11:15";"1";"974";"97414";"1";"1";"1";"6";"N5";" -21,2266020";"55,4556580"
"202000045590";"2";"12";"2020";"08:40";"1";"06";"06088";"2";"1";"1";"6";"EUCALYPTUS (AV. DES)";"43,6742300";"7,2212300"
"202000045591";"24";"7";"2020";"11:56";"1";"86";"86123";"1";"1";"1";"2";"A10";"46,5076630";"0,1161370"
"202000045592";"3";"12";"2020";"07:48";"1";"04";"04112";"1";"6";"1";"3";"RD 907 / Ch de la source";"43,8332670";"5,7690100"
"202000045593";"25";"7";"2020";"20:20";"3";"973";"97312";"1";"1";"1";"6";"N1";"5,3311740";" -52,9144260"
"202000045594";"21";"10";"2020";"06:50";"5";"38";"38400";"2";"1";"1";"3";"Avenue Abel Rossignol";"45,3494120";"5,5953400"
"202000045595";"22";"10";"2020";"12:30";"1";"83";"83019";"1";"1";"1";"1";"Avenue Lou Mistraou";"43,1499057";"6,2911606"
"202000045596";"3";"12";"2020";"08:05";"1";"75";"75119";"2";"1";"1";"3";"BOULEVARD PERIPHERIQUE";"48,9003270";"2,3793670"
"202000045597";"24";"7";"2020";"18:45";"2";"971";"97111";"2";"3";"1";"3";"295 Chemin de Petite Rivière";"16,2779290";" -61,8000810"
"202000045598";"2";"12";"2020";"21:25";"5";"75";"75120";"2";"4";"1";"6";"BOULEVARD PERIPHERIQUE";"48,8688240";"2,4131730"
"202000045599";"26";"7";"2020";"14:50";"1";"37";"37131";"1";"1";"1";"1";"N/A";"47,4398585";"1,0291113"
"202000045600";"22";"10";"2020";"16:30";"1";"71";"71167";"1";"1";"2";"1";"D139";"46,8202380";"5,0193790"
"202000045601";"2";"12";"2020";"06:45";"3";"75";"75120";"2";"1";"1";"7";"BOULEVARD PERIPHERIQUE";"48,8626080";"2,4135530"
"202000045602";"26";"7";"2020";"03:15";"3";"34";"34145";"1";"2";"1";"1";"Route de la Petite Camargue";"43,6689270";"4,1435400"
"202000045603";"3";"12";"2020";"10:50";"1";"75";"75119";"2";"7";"2";"7";"BOULEVARD DE LA COMMANDERIE";"48,9007490";"2,3869670"
"202000045604";"26";"7";"2020";"14:50";"1";"05";"05063";"1";"1";"1";"3";"D1091";"45,0424270";"6,2714680"
"202000045605";"22";"10";"2020";"17:58";"2";"62";"62279";"2";"2";"1";"3";"Ruelle Tombree route de dainville";"50,2938560";"2,7090950"
"202000045606";"3";"12";"2020";"08:35";"1";"75";"75119";"2";"1";"2";"6";"RUE GASTON TESSIER";"48,8959050";"2,3737610"
"202000045607";"22";"10";"2020";"06:30";"3";"57";"57108";"1";"1";"1";"1";"D962";"49,1336370";"7,4214170"
"202000045608";"26";"7";"2020";"11:35";"1";"26";"26058";"1";"1";"1";"4";"Autoroute du Soleil";"44,9498030";"4,8895870"
"202000045609";"3";"12";"2020";"19:00";"5";"75";"75116";"2";"2";"2";"6";"AVENUE THEOPHILE GAUTIER";"48,8475120";"2,2691330"
"202000045610";"26";"7";"2020";"15:40";"1";"68";"68269";"1";"1";"2";"7";"D11.5";"48,1958450";"7,2282530"
"202000045611";"22";"10";"2020";"20:50";"3";"95";"95026";"1";"1";"1";"3";"RD 922";"49,1384700";"2,3577260"
"202000045612";"22";"10";"2020";"10:00";"1";"56";"56230";"1";"1";"5";"7";"Le Landier";"47,7865220";" -2,2180630"
"202000045613";"2";"12";"2020";"22:30";"5";"75";"75116";"2";"4";"1";"2";"BOULEVARD DE BEAUSEJOUR";"48,8566020";"2,2662940"