"Num_Acc";"jour";"mois";"an";"hrmn";"lum";"dep";"com";"agg";"int";"atm";"col";"adr";"lat";"long"
"202000045614";"25";"7";"2020";"07:40";"1";"67";"67351";"2";"1";"7";" -1";"Rue Principale Niederseebach";"48,9515000";"7,9981110"
"202000045615";"26";"7";"2020";"16:50";"1";"55";"55340";"1";"9";"1";"7";"15 Rue de Rippe";"48,7798390";"5,0033930"
"202000045616";"21";"10";"2020";"17:03";"1";"77";"77509";"1";"1";"1";"7";"D213";"48,4914870";"3,0236810"
"202000045617";"25";"7";"2020";"22:00";"3";"57";"57122";"1";"1";"1";"3";"D656";"49,0783640";"6,8274660"
"202000045618";"25";"7";"2020";"17:45";"1";"57";"57460";"1";"1";"1";"7";"D55";"49,2528140";"6,6804390"
"202000045619";"21";"10";"2020";"21:25";"3";"67";"67276";"1";"1";"1";"6";"RD 392";"48,5121700";"7,2785500"
"202000045620";"26";"7";"2020";"15:30";"1";"03";"03066";"1";"1";"1";"6";"N/A";"46,0741434";"3,7785716"
"202000045621";"20";"10";"2020";"22:45";"3";"79";"79063";"1";"1";"2";"7";"Lieu-dit l'Ebaupinaie";"47,0858820";" -0,3524640"
"202000045622";"26";"7";"2020";"16:00";"1";"73";"73054";"2";"1";"1";"1";"D1090 Lieu dit LE MOLLARD";"45,6254916";"6,7812414"
"202000045623";"21";"10";"2020";"09:10";"1";"19";"19030";"1";"1";"1";"6";"A89";"45,1599810";"1,3360400"
"202000045624";"24";"7";"2020";"17:30";"1";"69";"69191";"2";"1";"1";"6";"47 Route de Lyon";"45,8071780";"4,8210860"
"202000045625";"21";"10";"2020";"17:40";"1";"11";"11036";"1";"1";"1";"6";"D222";"42,8379140";"2,0740770"
"202000045626";"21";"10";"2020";"08:00";"4";"49";"49248";"2";"9";"3";"6";"16 Rue de Bretagne (Combrée)";"47,7112040";" -0,9905660"
"202000045627";"25";"7";"2020";"10:45";"1";"33";"33297";"2";"1";"1";"3";"115 Route d'Avensan";"45,0463440";" -0,7734280"
"202000045628";"3";"12";"2020";"19:41";"5";"75";"75113";"2";"2";"2";"6";"BOULEVARD DU GENERAL JEAN SIMON";"48,8241070";"2,3769160"
"202000045629";"26";"7";"2020";"03:50";"4";"14";"14009";"2";"1";"1";"7";"3 Route de l'Arbre au Canu";"49,2519940";" -0,2303160"
"202000045630";"20";"10";"2020";"09:15";"1";"47";"47168";"2";"1";"1";"6";"Rue Henri Caillavet";"44,5989510";"0,3562080"
"202000045631";"25";"7";"2020";"05:30";"2";"80";"80721";"2";"1";"1";"6";"Route de Gamaches";"50,1625360";"1,6196680"
"202000045632";"21";"10";"2020";"19:10";"2";"22";"22226";"1";"1";"1";"7";"Prat An Vel";"48,6788840";" -3,5402150"
"202000045633";"24";"7";"2020";"16:30";"1";"13";"13055";"1";"1";"1";"3";"A507 sens Marseille - Aubagne";"43,2862400";"5,4319300"
"202000045634";"25";"7";"2020";"02:35";"3";"33";"33122";"1";"1";"1";"2";"AUTOROUTE A 63";"44,7204900";" -0,7379800"
"202000045635";"25";"7";"2020";"02:40";"5";"78";"78431";"1";"1";"1";"2";"A13";"48,9434300";"1,9510000"
"202000045636";"25";"7";"2020";"16:45";"1";"95";"95018";"1";"1";"1";"7";"AUTOROUTE A15";"48,9604322";"2,2709389"
"202000045637";"25";"7";"2020";"10:30";"1";"95";"95555";"1";"1";"1";"6";"RD 170";"48,9737200";"2,2771600"
"202000045638";"25";"7";"2020";"07:50";"1";"95";"95306";"1";"1";"1";"2";" A15";"48,9984400";"2,1771000"
"202000045639";"22";"10";"2020";"14:15";"1";"29";"29227";"1";"2";"1";"3";"Lieu Dit Trohoat";"48,3534830";" -3,5993640"
"202000045640";"24";"7";"2020";"22:50";"3";"93";"93066";"1";"1";"1";"3";"AUTOROUTE A1";"48,9348000";"2,3722000"
"202000045641";"24";"7";"2020";"15:30";"1";"93";"93007";"1";"1";"1";"2";"AUTOROUTE A3";"48,9259400";"2,4812300"
"202000045642";"25";"7";"2020";"09:20";"1";"94";"94065";"1";"1";"1";"3";"A86 EXT";"48,7538500";"2,3503400"
"202000045643";"3";"12";"2020";"19:05";"5";"75";"75113";"2";"2";"2";"6";"AVENUE DE LA PORTE D IVRY";"48,8215820";"2,3693250"
"202000045644";"17";"2";"2020";"12:10";"1";"05";"05061";"2";"9";"1";"6";"Rue du Fleurendon (Gap)";"44,5442500";"6,0627800"
"202000045645";"20";"10";"2020";"10:30";"1";"01";"01072";"1";"3";"1";"1";"RD 979";"46,1841170";"5,3053130"
"202000045646";"4";"2";"2020";"13:50";"1";"75";"75120";"2";"1";"1";"6";"BOULEVARD DE BELLEVILLE";"48,8697640";"2,3793580"
"202000045647";"21";"10";"2020";"17:15";"1";"70";"70311";"2";"1";"1";"3";"58 Avenue du Marechal Turenne";"47,8122540";"6,3642950"
"202000045648";"24";"7";"2020";"07:30";"1";"974";"97416";"2";"1";"1";"3";"PASTEUR (RUE)";" -21,2829000";"55,4725000"
"202000045649";"21";"10";"2020";"07:25";"2";"06";"06032";"2";"6";"1";"3";"37 Route Moyenne Corniche";"43,7250950";"7,4010980"
"202000045650";"2";"12";"2020";"20:45";"4";"75";"75112";"2";"1";"1";"6";"RUE DU FAUBOURG SAINT ANTOINE";"48,8521810";"2,3727010"
"202000045651";"16";"7";"2020";"06:40";"2";"974";"97407";"2";"1";"1";"7";"COMMUNE DE PARIS (AVENUE)";" -20,9300000";"55,2900000"
"202000045652";"25";"7";"2020";"02:00";"5";"69";"69383";"2";"1";"1";"3";"VICTOR AUGAGNEUR                    (QU)";"45,7566700";"4,8406000"
"202000045653";"20";"10";"2020";"12:00";"1";"06";"06032";"2";"1";"1";"1";"11 Route de la Turbie";"43,7251800";"7,3939270"
"202000045654";"24";"7";"2020";"14:10";"1";"972";"97209";"2";"3";"1";"1";"ARAWAKS (AVENUE DES)";"14,6184000";" -61,0417000"
"202000045655";"19";"10";"2020";"15:45";"1";"50";"50419";"1";"1";"1";"1";"Pont d'Hyenville";"48,9948080";" -1,4632250"
"202000045656";"24";"7";"2020";"13:40";"1";"971";"97101";"1";"2";"1";"2";"PALAIS ROYAL";"16,2937000";" -61,4946600"
"202000045657";"23";"7";"2020";"17:30";"1";"971";"97101";"2";"1";"1";"3";"PROVIDENCE";"16,2651200";" -61,5110700"
"202000045658";"24";"7";"2020";"20:39";"1";"95";"95680";"2";"1";"1";"2";"PIERRE SEMARD (AVENUE)";"49,0019760";"2,4046518"
"202000045659";"22";"10";"2020";"15:30";"1";"50";"50562";"2";"4";"1";"3";"Rue d'Isamberville";"49,5849090";" -1,2663840"
"202000045660";"22";"7";"2020";"12:15";"1";"91";"91589";"2";"1";"1";"6";"DE GAULLE  (AVENUE CHARLES)";"48,7052300";"2,3379200"
"202000045661";"2";"12";"2020";"13:45";"1";"75";"75112";"2";"2";"1";"3";"AVENUE DES CANADIENS";"48,8172117";"2,4586460"
"202000045662";"22";"10";"2020";"12:37";"1";"60";"60443";"2";"1";"1";"2";"215 Rue du Marais de Chevoyeux";"49,6542230";"2,9928730"
"202000045663";"22";"7";"2020";"21:50";"2";"91";"91201";"2";"1";"1";"7";"FERDINAND BUISSON(RUE)";"48,6760600";"2,4068200"
"202000045664";"21";"10";"2020";"23:50";"3";"88";"88313";"2";"1";"1";"6";"Rue du Haut de Fosse";"48,3483880";"6,4298240"
"202000045665";"22";"7";"2020";"16:09";"1";"91";"91103";"2";"1";"1";"7";"CAROUGE  (RUE DU)";"48,6132400";"2,2993800"
"202000045666";"23";"7";"2020";"17:16";"1";"87";"87085";"2";"1";"1";"2";"ARMAND (AVE Z.A.C";"45,8616600";"1,2746500"
"202000045667";"23";"7";"2020";"08:14";"1";"87";"87085";"2";"1";"1";"2";"VALOINE (BOULEVARD DE LA)";"45,8224456";"1,2154537"
"202000045668";"13";"6";"2020";"09:45";"1";"86";"86066";"2";"9";"1";"6";"Av du Mal de Lattre de Tassigny";"46,8186900";"0,5256800"
"202000045669";"19";"10";"2020";"15:00";"1";"78";"78575";"2";"6";"1";"3";"1 Rue du Moulin";"48,7021350";"2,0651400"
"202000045670";"23";"7";"2020";"11:35";"1";"85";"85194";"2";"2";"1";"3";"RUE JACQUES BREL";"46,5045000";" -1,7276000"
"202000045671";"21";"7";"2020";"17:50";"1";"77";"77118";"2";"1";"1";"6";"ROUTE NATIONALE 3";"48,9475200";"2,6620900"
"202000045672";"22";"7";"2020";"19:50";"1";"77";"77468";"2";"1";"1";"6";"LEON BLUM (RUE)";"48,8397000";"2,6530900"
"202000045673";"24";"7";"2020";"14:20";"1";"77";"77122";"2";"4";"1";"3";"LOUIS ET AUGUSTE LUMIERE(RUE)";"48,6556500";"2,5602900"
"202000045674";"24";"7";"2020";"23:25";"3";"77";"77335";"1";"9";"1";"6";"RN3 (ROUTE NATIONALE)";"48,9575500";"2,8485000"
"202000045675";"3";"12";"2020";"01:30";"5";"75";"75111";"2";"7";"1";"3";"PLACE DE LA REPUBLIQUE";"48,8666420";"2,3652900"
"202000045676";"22";"10";"2020";"13:15";"1";"34";"34337";"1";"1";"2";"5";"D185";"43,5392000";"3,8825730"
"202000045677";"23";"7";"2020";"09:40";"1";"77";"77320";"2";"3";"1";"1";"GENERAL DE GAULLE (AVENUE DU) - D934";"48,8235465";"3,0415786"
"202000045678";"22";"10";"2020";"00:45";"3";"49";"49222";"1";"1";"1";"7";"A87";"47,3586490";" -0,5797700"
"202000045679";"23";"7";"2020";"16:30";"1";"76";"76575";"1";"1";"1";"2";"A 13 - D 18 E (BRETELLE D'ACCES)";"49,3589000";"1,0856000"
"202000045680";"21";"10";"2020";"14:27";"1";"77";"77069";"1";"2";"1";"3";"D637 / route de Saint Martin";"48,4574270";"2,5878860"
"202000045681";"3";"12";"2020";"17:50";"5";"75";"75110";"2";"1";"2";"6";"RUE DU FAUBOURG SAINT DENIS";"48,8823510";"2,3587430"
"202000045682";"3";"12";"2020";"17:40";"5";"75";"75110";"2";"3";"2";"6";"BOULEVARD DE LA VILLETTE";"48,8749450";"2,3735020"
"202000045683";"2";"12";"2020";"15:00";"1";"75";"75110";"2";"2";"1";"6";"RUE LA FAYETTE";"48,8816220";"2,3658040"
"202000045684";"3";"12";"2020";"11:09";"1";"75";"75108";"2";"3";"8";"3";"RUE DE COURCELLES";"48,8754040";"2,3088350"
"202000045685";"2";"12";"2020";"17:20";"5";"75";"75101";"2";"3";"2";"6";"RUE DE RIVOLI";"48,8662980";"2,3241680"
"202000045686";"3";"12";"2020";"08:20";"1";"94";"94081";"2";"3";"2";"6";"GENERAL MALLERET JOINVILLE (R DU)";"48,7811120";"2,4030650"
"202000045687";"3";"12";"2020";"18:20";"5";"94";"94068";"2";"2";"2";"6";"MARNE (BD DE LA)";"48,7905120";"2,5077640"
"202000045688";"2";"12";"2020";"18:30";"5";"94";"94068";"2";"1";"2";"3";"Boulevard de Champigny";"48,8007620";"2,5054030"
"202000045689";"3";"12";"2020";"11:30";"1";"94";"94052";"2";"2";"2";"3";"JOINVILLE (AV DE)";"48,8310550";"2,4687730"
"202000045690";"3";"12";"2020";"18:56";"3";"94";"94046";"2";"1";"2";"3";" PONT DE CHARENTON (RTE)";"48,8165700";"2,4196500"
"202000045691";"3";"12";"2020";"19:20";"5";"94";"94038";"2";"1";"2";"6";"MARC SANGNIER (R)";"48,7659800";"2,3243300"
"202000045692";"3";"12";"2020";"11:35";"1";"94";"94073";"2";"3";"2";"6";"Avenue de Versailles";"48,7613600";"2,4033600"
"202000045693";"3";"12";"2020";"14:28";"1";"94";"94022";"2";"6";"2";"3";"Avenue Louis Luc";"48,7607511";"2,4143624"
"202000045694";"3";"12";"2020";"17:00";"5";"94";"94055";"2";"1";"2";"4";"OLIVIER D ORMESSON (AV)";"48,7850100";"2,5385600"
"202000045695";"3";"12";"2020";"20:10";"5";"94";"94017";"2";"1";"2";"1";"MUSSELBURGH (R DE)";"48,8075100";"2,5220800"
"202000045696";"3";"12";"2020";"08:45";"1";"93";"93071";"2";"1";"2";"6";"AULNAY (RUE D')";"48,9398862";"2,5164768"
"202000045697";"3";"12";"2020";"20:00";"5";"93";"93057";"2";"1";"2";"6";"CHANZY ( AV.)";"48,9105486";"2,5195706"
"202000045698";"2";"12";"2020";"11:45";"1";"93";"93010";"2";"9";"1";"6";"BARBUSSE (AV. HENRI) DE 115 A FIN COTE I";"48,9001597";"2,4922859"
"202000045699";"3";"12";"2020";"19:00";"5";"92";"92020";"2";"9";"2";"7";"DIVISION LECLERC AVENUE DE LA";"48,7968593";"2,2805375"
"202000045700";"3";"12";"2020";"18:31";"5";"92";"92040";"2";"1";"2";"6";"RODIN (BOULEVARD)";"48,8200294";"2,2610687"
"202000045701";"3";"12";"2020";"07:50";"5";"92";"92025";"2";"5";"2";"3";"CHARLES DE GAULLE (BD)";"48,9145410";"2,2291760"
"202000045702";"3";"12";"2020";"18:20";"5";"92";"92012";"2";"1";"2";"7";"SAUSSIERE (RUE DE LA)";"48,8373030";"2,2405380"
"202000045703";"3";"12";"2020";"18:30";"5";"92";"92007";"2";"1";"2";"6";"RAVERA (AVENUE HENRI) N° 1 A 109 ET 2 A";"48,7997730";"2,3074763"
"202000045704";"3";"12";"2020";"22:00";"3";"95";"95353";"1";"1";"3";"2";"A16";"49,0872539";"2,3148952"
"202000045705";"3";"12";"2020";"15:00";"1";"37";"37031";"2";"1";"2";"6";"10 Rue du Boeuf";"47,2747971";"0,1824862"
"202000045706";"3";"12";"2020";"17:10";"2";"08";"08362";"2";"1";"2";"6";"19 Avenue Charles de Gaulle";"49,5159210";"4,3643050"
"202000045707";"4";"12";"2020";"12:25";"1";"71";"71195";"1";"1";"3";"6";"Autoroute A6, sens Lyon/Paris, PK 364+400";"46,5087120";"4,9087877"
"202000045708";"4";"12";"2020";"15:20";"1";"29";"29181";"1";"1";"2";"6";"N12 - Keriel Plouedern";"48,4883635";" -4,2620409"
"202000045709";"3";"12";"2020";"18:50";"5";"91";"91587";"2";"1";"3";"3";"15 avenue de la division leclerc";"48,6720970";"2,2806180"
"202000045710";"3";"12";"2020";"12:30";"1";"71";"71336";"2";"1";"2";"6";"34 Route de Colombey";"46,7280049";"4,9500584"
"202000045711";"2";"12";"2020";"15:10";"1";"22";"22312";"1";"1";"1";"6";"Le Pont de Rance";"48,3261900";" -2,0673660"
"202000045712";"30";"11";"2020";"08:45";"2";"22";"22185";"1";"6";"5";"2";"les vallées";"48,3750670";" -2,3603440"
"202000045713";"4";"12";"2020";"11:00";"1";"56";"56036";"1";"1";"1";"3";"Lieu-Dit Kerihuet Nord";"47,7937200";" -3,3102000"
"202000045714";"4";"12";"2020";"13:50";"1";"82";"82123";"1";"3";"1";"6";"Route de Claou";"43,9093970";"1,3067790"
"202000045715";"2";"12";"2020";"17:20";"3";"63";"63132";"1";"1";"5";"7";"D996";"45,5978140";"3,5812050"
"202000045716";"3";"12";"2020";"06:15";"3";"49";"49170";"1";"1";"1";"6";"D770";"47,6747940";" -0,5209060"
"202000045717";"3";"12";"2020";"19:05";"5";"49";"49218";"2";"3";"3";"3";"Avenue de Bon Air (Saint-Pierre-Montlimart)";"47,2638610";" -1,0328220"
"202000045718";"1";"12";"2020";"14:40";"1";"22";"22211";"1";"2";"1";"7";"D11 kerauzern";"48,6557380";" -3,4445140"
"202000045719";"4";"12";"2020";"17:30";"3";"39";"39422";"1";"1";"2";"2";"D1083";"46,7263300";"5,5576170"
"202000045720";"4";"12";"2020";"07:45";"5";"44";"44014";"2";"1";"2";"6";"rue des prés";"47,0976010";" -1,4881810"
"202000045721";"4";"12";"2020";"13:15";"1";"44";"44014";"2";"1";"1";"6";"Rue du Moulin";"47,0971160";" -1,4930140"
"202000045722";"3";"12";"2020";"08:25";"2";"29";"29160";"2";"1";"3";"6";"D59 - Avenue Waltenhoffen";"48,4991750";" -4,4308910"
"202000045723";"3";"12";"2020";"18:45";"5";"03";"03275";"2";"2";"1";"6";"Route de la Folie";"46,5379931";"3,1977182"
"202000045724";"3";"12";"2020";"18:00";"5";"72";"72132";"2";"1";"3";"6";"Avenue Pierre Brulé";"48,1805720";"0,6615590"
"202000045725";"4";"12";"2020";"07:00";"3";"14";"14172";"1";"1";"2";"6";"Route d'Escures";"49,3277230";" -0,7576270"
"202000045726";"2";"12";"2020";"18:25";"5";"14";"14610";"1";"1";"1";"1";"rue des trois hameaux";"49,1806510";" -0,4956190"
"202000045727";"4";"12";"2020";"17:15";"3";"53";"53064";"1";"9";"2";"1";"D5";"48,3394260";" -0,7403710"
"202000045728";"30";"11";"2020";"07:45";"2";"40";"40233";"1";"3";"1";"3";"Route de Labatut";"43,5784870";" -1,0083680"
"202000045729";"4";"12";"2020";"01:00";"3";"27";"27395";"1";"1";"6";"7";"Route de l'Aigle";"48,9067800";"0,5194300"
"202000045730";"4";"12";"2020";"11:30";"1";"17";"17140";"1";"1";"3";"1";"Route des Huîtres";"45,9324060";" -1,2521660"
"202000045731";"3";"12";"2020";"10:45";"1";"37";"37050";"2";"1";"2";"6";"12 Avenue des Platanes";"47,3393504";"0,7152009"
"202000045732";"3";"12";"2020";"16:25";"1";"30";"30303";"1";"4";"1";"3";"D51";"44,2477780";"4,2148820"
"202000045733";"4";"12";"2020";"13:25";"1";"52";"52194";"1";"1";"1";"1";"RD213 - Bois mont Gérard";"48,5651350";"5,0154520"
"202000045734";"30";"11";"2020";"17:35";"2";"52";"52058";"1";"1";"1";"2";"D200";"48,1904380";"5,1414300"
"202000045735";"4";"12";"2020";"09:40";"1";"08";"08198";"1";"1";"9";"6";"RD 946";"49,3395190";"4,8484800"
"202000045736";"3";"12";"2020";"15:30";"1";"88";"88319";"1";"3";"1";"3";"D259";"48,3940990";"6,8580440"
"202000045737";"3";"12";"2020";"20:30";"3";"67";"67388";"1";"1";"1";"7";"D28";"48,9421133";"7,6955932"
"202000045738";"3";"12";"2020";"21:00";"3";"973";"97307";"1";"1";"1";"5";"RN 2";"4,8567390";" -52,3342110"
"202000045739";"3";"12";"2020";"17:15";"1";"37";"37015";"1";"1";"2";"7";"N/A";"47,3603098";"0,8596590"
"202000045740";"30";"11";"2020";"23:30";"5";"06";"06088";"1";"1";"2";"7";"A8 PK 194+500 SUD";"43,7244290";"7,2294220"
"202000045741";"3";"12";"2020";"17:39";"5";"34";"34270";"1";"9";"1";"6";"Gare de péage de St Jean de Vedas ( Nord) - A709";"43,5621660";"3,8299470"
"202000045742";"4";"12";"2020";"20:45";"3";"988";"98817";"2";"3";"1";"6";"RP1/RUE DES LIBELLULES";" -22,2718620";"166,6195640"
"202000045743";"12";"9";"2020";"00:30";"3";"988";"98817";"2";"1";"1";"6";"RPS2 ROUTE DE LA CORNICHE";" -22,2757200";"166,5727600"
"202000045744";"2";"12";"2020";"18:00";"1";"988";"98821";"1";"1";"1";"6";"Route du COL DE LA PIROGUE";" -22,0911720";"166,3202110"
"202000045745";"3";"12";"2020";"09:00";"2";"78";"78206";"1";"1";"8";"3";"Route Departementale 113";"48,9402900";"1,9365980"
"202000045746";"2";"12";"2020";"18:20";"5";"34";"34324";"2";"1";"1";"6";"Boulevard Roger Audoux";"43,2487360";"3,2877920"
"202000045747";"4";"12";"2020";"17:15";"5";"06";"06157";"2";"1";"2";"6";"79 Avenue des Poilus";"43,7237540";"7,1086800"
"202000045748";"24";"11";"2020";"15:40";"1";"26";"26085";"1";"1";"1";"2";"539 Chemin du Bros";"44,5132630";"4,7445270"
"202000045749";"4";"12";"2020";"17:35";"3";"69";"69154";"2";"1";"2";"1";"308 Route de Grezieu";"45,7567980";"4,6723230"
"202000045750";"4";"12";"2020";"08:30";"2";"29";"29001";"1";"1";"4";"1";"Voie Communale 49";"48,2186970";" -4,3213610"
"202000045751";"28";"11";"2020";"12:00";"1";"29";"29066";"1";"1";"1";"2";"Ancienne Voie Ferrée";"48,0432452";" -4,1880534"
"202000045752";"4";"12";"2020";"08:39";"2";"35";"35152";"1";"3";"9";"3";"La Gaucheraie";"48,2328490";" -1,5313050"
"202000045753";"4";"12";"2020";"08:30";"2";"60";"60016";"1";"1";"1";"7";"D929";"49,3444081";"2,3428579"
"202000045754";"4";"12";"2020";"07:06";"3";"60";"60628";"1";"1";"8";"4";"N31";"49,4223640";"2,1522470"
"202000045755";"4";"12";"2020";"07:40";"3";"02";"02020";"1";"1";"8";"6";"D1043";"49,8640450";"4,2355570"
"202000045756";"30";"11";"2020";"15:00";"1";"59";"59379";"1";"1";"1";"7";"Rue de l'Egalite";"50,3033760";"3,2415350"
"202000045757";"2";"12";"2020";"17:00";"3";"13";"13015";"1";"1";"1";"4";"A515CD-Gardanne vers A51-Marseille";"43,4288700";"5,4006400"
"202000045758";"2";"12";"2020";"17:30";"3";"13";"13026";"1";"1";"1";"2";"A55-Sens Martigues vers Marseille";"43,4001000";"5,0996000"
"202000045759";"3";"12";"2020";"08:35";"1";"83";"83027";"1";"1";"1";"4";"A50";"43,1732899";"5,7700321"
"202000045760";"3";"12";"2020";"17:35";"4";"33";"33063";"1";"1";"3";"7";"ROCADE A 630";"44,8833900";" -0,5555900"
"202000045761";"3";"12";"2020";"15:15";"1";"94";"94037";"1";"1";"1";"4";"AUTOROUTE A6B";"48,8035695";"2,3439041"
"202000045762";"3";"12";"2020";"12:30";"1";"77";"77251";"1";"1";"2";"5";"AUTOROUTE A5A";"48,6204700";"2,5483000"
"202000045763";"3";"12";"2020";"09:10";"1";"91";"91161";"1";"1";"1";"3";"AUTOROUTE A6";"48,6979900";"2,3143800"
"202000045764";"3";"12";"2020";"08:00";"2";"78";"78043";"1";"1";"2";"2";"A13W";"48,8465990";"2,0807590"
"202000045765";"3";"12";"2020";"07:00";"2";"78";"78007";"1";"1";"1";"2";"A13W";"48,8970790";"2,0063190"
"202000045766";"3";"12";"2020";"17:50";"3";"93";"93064";"1";"1";"2";"2";"AUTOROUTE A86";"48,8733700";"2,4800000"
"202000045767";"3";"12";"2020";"18:40";"5";"93";"93066";"1";"1";"2";"5";"AUTOROUTE A1";"48,9198700";"2,3572600"
"202000045768";"3";"12";"2020";"18:00";"3";"93";"93066";"1";"1";"1";"2";"AUTOROUTE A1";"48,9162604";"2,3578050"
"202000045769";"3";"12";"2020";"08:00";"3";"93";"93064";"1";"1";"2";"6";"AUTOROUTE A103";"48,8859100";"2,4863100"
"202000045770";"3";"12";"2020";"09:20";"1";"94";"94052";"1";"1";"2";"7";"A86 INT";"48,8343892";"2,4932069"
"202000045771";"3";"12";"2020";"08:20";"1";"94";"94079";"1";"1";"2";"6";"A4";"48,8294536";"2,5282723"
"202000045772";"2";"12";"2020";"20:00";"3";"93";"93051";"1";"9";"1";"3";"A4";"48,8352563";"2,5706879"
"202000045773";"14";"11";"2020";"19:37";"5";"59";"59183";"2";"3";"1";"6";"HUGO VICTOR - BOULEVARD";"51,0280343";"2,3813470"
"202000045774";"15";"9";"2020";"19:00";"1";"13";"13108";"2";"1";"1";"2";"MARGUARIDO (AVENUE)";"43,8067100";"4,6640800"
"202000045775";"2";"7";"2020";"22:40";"3";"95";"95199";"1";"1";"1";"7";"9 Rue de Bretagne";"49,0299442";"2,3256630"
"202000045776";"2";"12";"2020";"19:15";"5";"974";"97411";"2";"3";"1";"2";"PAYET (RUE ROGER)";" -20,8930100";"55,4872800"
"202000045777";"2";"12";"2020";"10:20";"1";"973";"97302";"2";"1";"1";"3";"MADELEINE (ROUTE DE LA)";"4,9301992";" -52,3260784"
"202000045778";"18";"11";"2020";"19:30";"5";"69";"69388";"2";"1";"1";"7";"MARYSE BASTIE                       (R )";"45,7371400";"4,8738400"
"202000045779";"2";"12";"2020";"17:00";"1";"972";"97213";"1";"1";"1";"2";"AUTOROUTE A1";"14,6185609";" -61,0251142"
"202000045780";"1";"12";"2020";"20:05";"5";"972";"97209";"2";"6";"1";"3";"BISHOP (Avenue Maurice)";"14,6123900";" -61,0531700"
"202000045781";"1";"12";"2020";"19:12";"2";"972";"97209";"1";"1";"1";"6";"BALATA (ROUTE DE)";"14,6354600";" -61,0720900"
"202000045782";"2";"12";"2020";"18:35";"5";"69";"69389";"2";"1";"1";"6";"DUMAS DE LOIRE                      (PL)";"45,7730800";"4,8054000"
"202000045783";"2";"12";"2020";"07:40";"5";"69";"69149";"2";"1";"8";"6";"GRANDE RUE                          (GR)";"45,7210200";"4,8112200"
"202000045784";"2";"12";"2020";"19:10";"5";"2A";"2A004";"2";"1";"3";"3";"MEZZAVIA ROUTE DE";"41,9482638";"8,7654215"
"202000045785";"21";"12";"2020";"15:45";"5";"2A";"2A004";"2";"9";"2";"3";"PRINCE IMPERIAL COURS";"41,9341993";"8,7455367"
"202000045786";"3";"11";"2020";"17:25";"1";"95";"95680";"1";"6";"2";"7";"RD 970";"49,0148100";"2,4097900"
"202000045787";"1";"12";"2020";"15:25";"1";"91";"91021";"2";"1";"1";"1";"Avenue de la Division Leclerc";"48,5967700";"2,2459200"
"202000045788";"1";"12";"2020";"19:00";"4";"91";"91201";"2";"2";"1";"3";"RUE DU BAS DE CHAMPROSAY";"48,6627100";"2,4176200"
"202000045789";"23";"11";"2020";"15:40";"1";"88";"88413";"2";"1";"1";"6";"AVENUE JEAN JAURES";"48,2814900";"6,9585500"
"202000045790";"2";"12";"2020";"08:00";"1";"83";"83137";"2";"1";"1";"7";"INFANTERIE DE MARINE (AVE D')";"43,1173781";"5,9355864"
"202000045791";"2";"12";"2020";"08:35";"1";"83";"83144";"2";"1";"1";" -1";"SAINTE CLAIRE (AVENUE)";"43,1360500";"6,0052300"
"202000045792";"1";"12";"2020";"14:50";"1";"80";"80021";"2";"1";"1";" -1";"JEAN MOULIN (RUE)";"49,8784200";"2,2724200"
"202000045793";"1";"12";"2020";"07:00";"3";"76";"76270";"1";"1";"1";"2";"RD 6382";"49,5307700";"0,1335100"
"202000045794";"1";"12";"2020";"09:45";"1";"74";"74133";"2";"9";"8";"2";"LIBERATION (RUE DE LA)";"46,1859100";"6,2073800"
"202000045795";"30";"11";"2020";"18:05";"5";"74";"74012";"1";"3";"1";"3";"THONON (ROUTE DE)";"46,1975000";"6,2672000"
"202000045796";"2";"12";"2020";"16:13";"1";"69";"69290";"2";"9";"8";"3";"GENAS (DE)                          (CH)";"45,7169000";"4,9640400"
"202000045797";"1";"12";"2020";"17:30";"5";"69";"69264";"2";"1";"2";"4";"BURDEAU BD";"45,9980500";"4,7350800"
"202000045798";"2";"12";"2020";"21:14";"5";"64";"64445";"2";"2";"1";"3";"TOURASSE";"43,3112911";" -0,3564334"
"202000045799";"25";"11";"2020";"18:40";"5";"63";"63014";"2";"1";"1";"6";"LANDAIS (AVENUE DES)";"45,7641400";"3,1119900"
"202000045800";"2";"12";"2020";"08:25";"1";"62";"62083";"2";"1";"1";"6";"HOUDAIN (RUE D')  OU CD 179";"50,4606000";"2,6124300"
"202000045801";"2";"12";"2020";"19:25";"3";"62";"62445";"1";"1";"1";"1";"route départementale 941";"50,4922690";"2,6048760"
"202000045802";"2";"12";"2020";"15:25";"1";"59";"59378";"2";"2";"2";"3";"DUCROQUET RUE DU DOC. N°24-170";"50,6784130";"3,0907030"
"202000045803";"1";"12";"2020";"17:50";"5";"59";"59028";"2";"6";"8";"3";"GAULLE (RUE DU GENERAL DE)";"50,4132700";"3,0523300"
"202000045804";"2";"12";"2020";"07:50";"5";"59";"59017";"2";"1";"9";"6";"FAIDHERBE (BD )";"50,6846800";"2,8695900"
"202000045805";"2";"12";"2020";"08:24";"1";"57";"57306";"2";"1";"1";"6";"TOURNEUR (RUE) ";"49,3285300";"6,0640000"