"Num_Acc";"jour";"mois";"an";"hrmn";"lum";"dep";"com";"agg";"int";"atm";"col";"adr";"lat";"long"
"202000045806";"1";"12";"2020";"11:56";"1";"56";"56162";"2";"6";"1";"6";"FORT BLOQUE (RUE DU)";"47,7368900";" -3,4367000"
"202000045807";"13";"11";"2020";"16:18";"1";"54";"54174";"2";"3";"1";" -1";"15EME GENIE (AVENUE)";"48,6798800";"5,8716700"
"202000045808";"17";"11";"2020";"18:05";"5";"54";"54528";"2";"3";"1";"3";"PINTEVILLE (BOULEVARD)";"48,6720300";"5,8851900"
"202000045809";"23";"9";"2020";"14:50";"1";"59";"59626";"1";"1";"8";"1";"Chemin Departemental 934 les Quatre Vents";"50,2914230";"3,6293940"
"202000045810";"23";"9";"2020";"05:20";"5";"59";"59250";"2";"3";"1";"7";"Rue Thiers";"50,5841220";"2,8845120"
"202000045811";"22";"9";"2020";"17:10";"1";"13";"13088";"1";"1";"1";"2";"A55-Sens Marseille vers Martigues";"43,3914900";"5,2644400"
"202000045812";"22";"9";"2020";"13:05";"1";"13";"13056";"1";"1";"1";"3";"A55-Sens Martigues vers Marseille";"43,4076991";"5,0358855"
"202000045813";"22";"9";"2020";"06:55";"3";"83";"83137";"1";"1";"2";"4";"A57";"43,1277682";"5,9753394"
"202000045814";"21";"9";"2020";"21:10";"3";"57";"57498";"1";"1";"1";"7";"Autoroute A30";"49,3309490";"6,0119590"
"202000045815";"22";"9";"2020";"16:55";"1";"33";"33013";"1";"1";"3";"3";"ROUTE NATIONALE 230";"44,8604000";" -0,5040700"
"202000045816";"21";"9";"2020";"16:55";"1";"33";"33192";"1";"1";"1";"7";"AUTOROUTE A 63";"44,7778400";" -0,6448800"
"202000045817";"21";"9";"2020";"20:50";"4";"59";"59143";"1";"1";"1";"6";"AUTOROUTE A25";"50,6635260";"2,8868740"
"202000045818";"22";"9";"2020";"16:11";"1";"94";"94037";"1";"1";"1";"3";"AUTOROUTE A6B";"48,8139086";"2,3549439"
"202000045819";"22";"9";"2020";"07:40";"1";"91";"91687";"1";"1";"1";"4";"AUTOROUTE A6";"48,6568600";"2,3775600"
"202000045820";"22";"9";"2020";"07:30";"1";"91";"91534";"1";"1";"1";"4";"RN 118";"48,7233200";"2,1675800"
"202000045821";"21";"9";"2020";"18:08";"1";"94";"94034";"1";"1";"1";"2";"AUTOROUTE A86";"48,7597943";"2,3218478"
"202000045822";"21";"9";"2020";"19:47";"1";"94";"94034";"1";"1";"1";"3";"AUTOROUTE A86";"48,7589700";"2,3238900"
"202000045823";"22";"9";"2020";"17:10";"3";"75";"75116";"1";"1";"1";"4";"A13Y";"48,8484485";"2,2418386"
"202000045824";"22";"9";"2020";"20:00";"3";"93";"93078";"1";"9";"1";"4";"AUTOROUTE A104";"48,9726252";"2,4940069"
"202000045825";"22";"9";"2020";"17:55";"1";"95";"95277";"1";"1";"1";"5";" A3";"48,9738700";"2,4883900"
"202000045826";"22";"9";"2020";"18:30";"1";"93";"93063";"1";"9";"1";"3";"AUTOROUTE A3";"48,8739490";"2,4376630"
"202000045827";"22";"9";"2020";"17:25";"1";"95";"95394";"1";"1";"1";"3";"RN 184";"49,0517500";"2,1540700"
"202000045828";"22";"9";"2020";"11:50";"1";"93";"93066";"1";"1";"1";"6";"AUTOROUTE A86";"48,9260700";"2,3378300"
"202000045829";"22";"9";"2020";"09:40";"1";"93";"93001";"1";"1";"1";"3";"AUTOROUTE A86";"48,9210600";"2,3730600"
"202000045830";"21";"9";"2020";"19:10";"1";"93";"93027";"1";"1";"1";"3";"AUTOROUTE A1";"48,9366300";"2,4080300"
"202000045831";"21";"9";"2020";"18:10";"1";"93";"93053";"1";"1";"1";"3";"AUTOROUTE A103";"48,8869900";"2,4735400"
"202000045832";"21";"9";"2020";"10:40";"1";"95";"95277";"1";"1";"1";"2";" A104";"48,9737500";"2,4866600"
"202000045833";"21";"9";"2020";"09:15";"1";"92";"92036";"1";"1";"1";"5";"AUTOROUTE A15";"48,9411978";"2,2914822"
"202000045834";"22";"9";"2020";"17:40";"1";"94";"94042";"1";"1";"1";"2";"A4";"48,8271400";"2,4688500"
"202000045835";"22";"9";"2020";"15:25";"1";"94";"94073";"1";"1";"1";"5";"A86 EXT";"48,7600600";"2,3832500"
"202000045836";"22";"9";"2020";"10:45";"1";"77";"77468";"1";"1";"1";" -1";"A104";"48,8512290";"2,6616580"
"202000045837";"22";"9";"2020";"09:55";"1";"94";"94074";"1";"1";"1";"2";"RN406.W";"48,7646002";"2,4619531"
"202000045838";"22";"9";"2020";"08:30";"1";"94";"94046";"1";"1";"1";"3";"A86 EXT";"48,8048919";"2,4488496"
"202000045839";"22";"9";"2020";"06:45";"3";"94";"94017";"1";"1";"1";"5";"A4";"48,8302009";"2,4957670"
"202000045840";"21";"9";"2020";"05:55";"3";"94";"94028";"1";"1";"1";"4";"A86 INT";"48,7763620";"2,4332540"
"202000045841";"19";"9";"2020";"21:30";"2";"94";"94042";"1";"1";"1";" -1";"A4";"48,8269503";"2,4680133"
"202000045842";"23";"7";"2020";"20:10";"1";"64";"64024";"2";"1";"1";" -1";"LAROCHEFOUCAULD (AVENUE DE)";"43,4880600";" -1,5328100"
"202000045843";"21";"9";"2020";"21:05";"1";"974";"97416";"1";"9";"1";"6";"RN1";" -21,3229060";"55,4462310"
"202000045844";"21";"9";"2020";"14:20";"1";"974";"97411";"2";"1";"1";"5";"Rue du Bois de Nèfles";" -20,8889000";"55,4611000"
"202000045845";"16";"9";"2020";"11:10";"1";"974";"97407";"2";"1";"1";"7";"PASTEUR(AVENUE)";" -20,9511600";"55,2923600"
"202000045846";"21";"9";"2020";"13:20";"1";"973";"97302";"2";"1";"1";" -1";"BADUEL (ROUTE DE)";"4,9321873";" -52,3078823"
"202000045847";"21";"9";"2020";"08:31";"1";"973";"97302";"1";"1";"1";"3";"TIGRE (ROUTE DU)";"4,9091198";" -52,3077536"
"202000045848";"21";"9";"2020";"08:13";"1";"973";"97302";"2";"1";"1";"6";"TIGRE (ROUTE DU)";"4,9202796";" -52,3206711"
"202000045849";"21";"9";"2020";"16:50";"1";"69";"69259";"2";"1";"2";"6";"FRANCIS DE PRESSENSE                (AV)";"45,7216200";"4,8666200"
"202000045850";"21";"9";"2020";"12:10";"1";"69";"69383";"2";"2";"1";"3";"FERDINAND BUISSON                   (R )";"45,7516700";"4,8949900"
"202000045851";"19";"9";"2020";"00:20";"5";"69";"69387";"2";"1";"1";"6";"PROFESSEUR GRIGNARD (DU)            (R )";"45,7466500";"4,8399200"
"202000045852";"21";"9";"2020";"09:15";"1";"972";"97213";"1";"1";"1";"2";"ROUTE NATIONALE 1";"14,6263700";" -60,9788000"
"202000045853";"19";"9";"2020";"21:00";"3";"972";"97209";"2";"1";"1";"7";"MARTIN LUTHER KING (RUE)";"14,6049300";" -61,0754100"
"202000045854";"21";"9";"2020";"19:45";"5";"69";"69389";"2";"1";"1";"2";"MARIETTON                           (R )";"45,7750999";"4,8066716"
"202000045855";"20";"9";"2020";"19:15";"2";"69";"69384";"2";"1";"2";"3";"AIME BOUSSANGE                      (R )";"45,7749023";"4,8338219"
"202000045856";"21";"9";"2020";"07:55";"1";"69";"69149";"2";"1";"1";"3";"GRANDE RUE                          (GR)";"45,7110800";"4,8011800"
"202000045857";"21";"9";"2020";"08:55";"1";"95";"95018";"2";"1";"1";"6";"COLOMBES (PONT AQUEDUC DE)";"48,9340300";"2,2402100"
"202000045858";"21";"9";"2020";"19:30";"2";"91";"91687";"2";"9";"1";"1";"OCTAVE LONGUET (RUE)";"48,6683600";"2,3804300"
"202000045859";"20";"9";"2020";"22:40";"5";"91";"91552";"2";"1";"1";"7";"CORBEIL (ROUTE DE)";"48,5952300";"2,2660600"
"202000045860";"20";"9";"2020";"17:50";"1";"91";"91339";"2";"1";"1";"5";"BENOIST ROBERT (AVENUE)";"48,6214200";"2,2597000"
"202000045861";"19";"9";"2020";"19:45";"1";"91";"91425";"2";"1";"1";"6";"TEMERAIRE (BOULEVARD DU)";"48,6783300";"2,2774200"
"202000045862";"19";"9";"2020";"19:25";"1";"91";"91021";"2";"2";"1";"6";"VERDIER (RUE DU DOCTEUR)";"48,5872700";"2,2487100"
"202000045863";"19";"9";"2020";"11:47";"1";"90";"90010";"2";"1";"1";"1";"LILLE (RUE DE)";"47,6472980";"6,8509130"
"202000045864";"19";"9";"2020";"17:23";"1";"87";"87085";"2";"2";"3";"3";"GOUJAUD (QUAI LOUIS)";"45,8260600";"1,2679100"
"202000045865";"14";"9";"2020";"14:40";"1";"84";"84007";"2";"1";"1";"2";"SOURCES (Avenue des)";"43,9311000";"4,8237000"
"202000045866";"19";"9";"2020";"20:30";"5";"83";"83137";"2";"2";"1";"3";"RIVIERE NEUVE (QUAI DE LA)";"43,1290000";"5,9021500"
"202000045867";"17";"9";"2020";"08:25";"1";"83";"83069";"2";"1";"1";"6";"NATIONS UNIES (AVENUE DES)";"43,1175700";"6,1214000"
"202000045868";"21";"9";"2020";"20:30";"3";"81";"81065";"2";"1";"1";"3";"MONTREVEIL (CHE.DE)";"43,5931561";"2,2131618"
"202000045869";"19";"9";"2020";"18:20";"1";"80";"80021";"2";"1";"1";"2";"PARIS (RUE DE)";"49,8883500";"2,2895600"
"202000045870";"17";"9";"2020";"17:28";"1";"79";"79191";"2";"1";"1";"3";"88 Avenue de la Rochelle";"46,3182270";" -0,4701700"
"202000045871";"21";"9";"2020";"08:15";"1";"77";"77491";"2";"1";"1";"6";"SCIERIE (RUE DE LA)";"48,3752300";"2,8100800"
"202000045872";"20";"9";"2020";"16:30";"1";"76";"76540";"2";"1";"1";"6";"SAINT SEVER. QUAI (BAS)";"49,4364200";"1,0901600"
"202000045873";"20";"9";"2020";"17:00";"1";"76";"76157";"1";"1";"1";"3";"A150";"49,4565714";"1,0496788"
"202000045874";"19";"9";"2020";"02:45";"5";"76";"76351";"2";"1";"1";"6";"BELLOT";"49,4840000";"0,1275000"
"202000045875";"20";"9";"2020";"15:10";"1";"76";"76351";"2";"3";"1";"2";"GRAVILLE (BD DE)";"49,4889000";"0,1500600"
"202000045876";"14";"9";"2020";"21:30";"5";"73";"73008";"2";"6";"1";"6";"D913 COTES BOULEVARD DES";"45,6899756";"5,9190551"
"202000045877";"8";"9";"2020";"12:12";"1";"71";"71076";"2";"1";"1";"6";"NIEPCE (AVENUE NICEPHORE)";"46,7789212";"4,8500830"
"202000045878";"17";"9";"2020";"16:40";"1";"67";"67482";"2";"3";"1";"2";"RENE FONCK (RUE)";"48,5531225";"7,7696319"
"202000045879";"17";"9";"2020";"15:10";"1";"67";"67482";"2";"1";"1";"2";"VIEUX MARCHE AUX VINS (RUE DU)";"48,5841473";"7,7431414"
"202000045880";"21";"9";"2020";"12:54";"1";"66";"66136";"2";"1";"1";"6";"GUYNEMER (AVENUE GEORGES)";"42,6943900";"2,9041000"
"202000045881";"19";"9";"2020";"17:40";"1";"66";"66136";"1";"1";"1";"2";"ARCADES (RD POINT)";"42,6741200";"2,8875200"
"202000045882";"20";"9";"2020";"10:45";"1";"65";"65286";"2";"1";"1";"3";"LAGARDERE (AVENUE FRANCIS)";"43,0862900";" -0,0459880"
"202000045883";"6";"8";"2020";"13:50";"1";"64";"64483";"2";"9";"1";"6";"LARRAMENDY PIERRE (AVENUE)";"43,3825600";" -1,6579400"
"202000045884";"21";"9";"2020";"17:30";"1";"64";"64445";"2";"3";"3";"4";"ALFRED NOBEL";"43,3152200";" -0,3151900"
"202000045885";"19";"9";"2020";"12:15";"1";"64";"64284";"2";"1";"1";"7";"MASSENET";"43,2911100";" -0,3866200"
"202000045886";"8";"9";"2020";"17:15";"1";"59";"59526";"2";"1";"1";"1";"RTE DE NIVELLE";"50,4543520";"3,4324660"
"202000045887";"21";"9";"2020";"16:45";"1";"59";"59350";"2";"1";"1";"7";"BRULE MAISON             RESTE";"50,6260600";"3,0625700"
"202000045888";"19";"9";"2020";"14:15";"1";"59";"59329";"2";"1";"1";"1";"JOFFRE (RUE DU MARECHAL)";"50,3436800";"3,0902500"
"202000045889";"17";"9";"2020";"07:55";"1";"58";"58194";"2";"1";"1";"1";"PRE PLANTIN (BOULEVARD)";"46,9832000";"3,1231000"
"202000045890";"20";"9";"2020";"03:45";"3";"57";"57441";"2";"1";"1";"6";"GARCHE (ROUTE DE)";"49,3769432";"6,1916640"
"202000045891";"19";"9";"2020";"03:03";"3";"57";"57306";"1";"1";"1";"6";"MENDES FRANCE (RUE PIERRE)";"49,3396700";"6,0923100"
"202000045892";"20";"9";"2020";"11:42";"1";"57";"57630";"2";"2";"1";"6";"MALRAUX (VOIE ANDRE)";"48,7335096";"7,0409917"
"202000045893";"19";"9";"2020";"02:38";"5";"56";"56121";"2";"2";"1";"1";"BLUM ( BD LEON )";"47,7513400";" -3,3716800"
"202000045894";"18";"9";"2020";"21:00";"5";"56";"56083";"2";"2";"1";"3";"ALLENDE ( AV. PRES. SALVADOR )";"47,8106600";" -3,2523700"
"202000045895";"21";"9";"2020";"14:19";"1";"51";"51454";"2";"2";"1";"3";"Avenue Jean Jaurès";"49,2603784";"4,0475382"
"202000045896";"20";"9";"2020";"09:40";"1";"49";"49007";"1";"1";"1";"3";"ATLANTIQUE  AVENUE DE L'";"47,4688000";" -0,5877100"
"202000045897";"20";"9";"2020";"23:00";"5";"49";"49015";"2";"1";"1";"6";"MENDES FRANCE AVENUE PIERRE";"47,5004900";" -0,5836300"
"202000045898";"17";"9";"2020";"14:00";"1";"49";"49007";"2";"1";"1";"3";"ALLONNEAU(AUGUSTE) BOULEVARD";"47,4808900";" -0,5273800"
"202000045899";"21";"9";"2020";"17:15";"1";"45";"45286";"2";"1";"1";"2";"D951 PR 90 + 400";"47,8896224";"1,9235842"
"202000045900";"21";"9";"2020";"00:50";"5";"45";"45302";"1";"1";"1";"2";"D520 - Tangentielle";"47,9310016";"1,8785068"
"202000045901";"21";"9";"2020";"09:30";"1";"37";"37261";"2";"1";"1";"3";"SUEDE (RUE DE)";"47,4328057";"0,6863047"
"202000045902";"21";"9";"2020";"16:00";"1";"34";"34129";"2";"1";"1";"3";"FIGUIERES (AVENUE DE)";"43,5844218";"3,9269096"
"202000045903";"21";"9";"2020";"22:30";"5";"33";"33063";"2";"5";"8";"3";"PLACE RAVEZIES / BD GODARD";"44,8657500";" -0,5760100"
"202000045904";"20";"9";"2020";"05:45";"5";"33";"33249";"2";"3";"1";"3";"QUAI CARRIET";"44,8854000";" -0,5299100"
"202000045905";"21";"9";"2020";"00:45";"4";"33";"33065";"1";"1";"8";"2";"RTE DE LATRESNE (D113)";"44,8085200";" -0,5189200"
"202000045906";"5";"9";"2020";"20:30";"5";"33";"33550";"2";"3";"1";"5";"AVE DES PYRENEES";"44,7691600";" -0,5637400"
"202000045907";"4";"9";"2020";"13:20";"1";"33";"33032";"2";"3";"1";"6";"RUE LAFONTAINE / RUE DE MEIGNAN";"44,9036269";" -0,5091355"
"202000045908";"20";"9";"2020";"03:30";"5";"31";"31555";"2";"1";"1";"1";"BD GABRIEL KOENIGS";"43,5913600";"1,4190500"
"202000045909";"18";"9";"2020";"19:05";"1";"31";"31555";"1";"1";"1";"5";"BD DES MINIMES";"43,6150400";"1,4488400"
"202000045910";"21";"9";"2020";"12:40";"1";"29";"29019";"1";"3";"1";"6";"Rue Amiral Romain-desfossés";"48,4253173";" -4,4810071"
"202000045911";"20";"9";"2020";"01:35";"5";"29";"29019";"2";"3";"1";"1";"Rue Docteur Kerrien";"48,3866695";" -4,5185044"
"202000045912";"21";"9";"2020";"11:40";"1";"26";"26198";"2";"3";"1";"3";"Rue Charles Chabert ";"44,5581900";"4,7453000"
"202000045913";"21";"9";"2020";"08:08";"1";"25";"25056";"2";"1";"1";"1";"Boulevard Diderot";"47,2432450";"6,0341600"
"202000045914";"18";"9";"2020";"10:15";"1";"19";"19031";"2";"3";"1";"3";"ROOSEVELT (AVENUE DU PRESIDENT)";"45,1582200";"1,5268200"
"202000045915";"21";"9";"2020";"15:58";"1";"17";"17291";"1";"6";"1";"2";"EUROPE  ROND POINT DE";"46,1790200";" -1,1227200"
"202000045916";"21";"9";"2020";"14:50";"1";"15";"15014";"2";"1";"1";"5";"POMPIDOU (AVENUE GEORGES)";"44,9157670";"2,4603040"
"202000045917";"20";"9";"2020";"10:40";"1";"14";"14137";"2";"1";"1";"3";"CAUMONT (ROUTE DE )";"49,1840500";" -0,4585900"
"202000045918";"20";"9";"2020";"10:40";"1";"14";"14437";"2";"3";"1";"1";"ZOLA (RUE EMILE)";"49,1728000";" -0,3215000"
"202000045919";"21";"9";"2020";"22:00";"5";"13";"13208";"2";"3";"1";"3";"MADRAGUE DE MONTREDON (AVE DE LA) ";"43,2349800";"5,3602100"
"202000045920";"21";"9";"2020";"18:00";"1";"13";"13206";"2";"1";"1";"6";"JULES CANTINI (AVENUE)";"43,2840600";"5,3872300"
"202000045921";"21";"9";"2020";"15:15";"1";"13";"13215";"2";"4";"1";"3";"LYON (RUE DE)";"43,3287650";"5,3657550"
"202000045922";"21";"9";"2020";"13:15";"1";"13";"13215";"2";"3";"1";"3";"SAINT LOUIS (AVENUE DE)";"43,3473170";"5,3590920"
"202000045923";"21";"9";"2020";"10:00";"1";"13";"13201";"2";"2";"1";"6";"COLBERT (RUE)    IMPAIRS";"43,2991100";"5,3741100"
"202000045924";"21";"9";"2020";"00:05";"5";"13";"13215";"2";"3";"1";"7";"MADRAGUE VILLE (chemin de la)";"43,3324800";"5,3588200"
"202000045925";"17";"9";"2020";"15:30";"1";"11";"11262";"2";"2";"1";"1";"BOUCHER (IMPASSE HELENE)";"43,1621400";"2,9683300"
"202000045926";"21";"9";"2020";"09:30";"1";"10";"10387";"2";"6";"1";"3";"MARCELIN BERTHELOT (RUE)";"48,2760000";"4,0800000"
"202000045927";"20";"9";"2020";"20:06";"2";"10";"10343";"2";"1";"1";"7";"SAPINS (AVENUE)";"48,2764100";"4,0890300"
"202000045928";"19";"9";"2020";"18:30";"1";"05";"05061";"2";"1";"8";"7";"EMILE ZOLA ( COURS )";"44,5547200";"6,0756600"
"202000045929";"18";"9";"2020";"07:48";"1";"05";"05061";"2";"3";"1";"3";"JEAN MACE ( RUE )";"44,5595500";"6,0716000"
"202000045930";"21";"9";"2020";"07:40";"5";"03";"03101";"2";"6";"1";"6";"Avenue Michel Faye";"46,3737061";"2,5847214"
"202000045931";"21";"9";"2020";"07:30";"1";"75";"75113";"2";"1";"1";"3";"BOULEVARD PERIPHERIQUE INTERIEUR SUD";"48,8266350";"2,3889950"
"202000045932";"20";"9";"2020";"04:40";"5";"75";"75119";"2";"1";"1";"3";"AVENUE JEAN JAURES";"48,8856400";"2,3810320"
"202000045933";"19";"9";"2020";"07:13";"2";"75";"75106";"2";"2";"1";"3";"RUE DE SEINE";"48,8514560";"2,3370780"
"202000045934";"20";"9";"2020";"21:35";"3";"75";"75105";"2";"7";"1";"3";"PLACE MOHAMMED V";"48,8490430";"2,3556980"
"202000045935";"21";"9";"2020";"19:35";"2";"75";"75120";"2";"4";"1";"7";"AVENUE GAMBETTA";"48,8658890";"2,3993370"
"202000045936";"21";"9";"2020";"15:30";"1";"75";"75119";"2";"1";"1";"3";"RUE EMILE REYNAUD";"48,9016640";"2,3861400"
"202000045937";"21";"9";"2020";"04:20";"5";"75";"75119";"2";"7";"1";"3";"PLACE AUGUSTE BARON";"48,9001550";"2,3872960"
"202000045938";"21";"9";"2020";"15:00";"1";"75";"75118";"2";"2";"1";"3";"RUE MARX DORMOY";"48,8902500";"2,3599130"
"202000045939";"21";"9";"2020";"16:10";"1";"75";"75117";"2";"3";"1";"3";"BOULEVARD BERTHIER";"48,8861130";"2,2948140"
"202000045940";"20";"9";"2020";"22:00";"5";"75";"75117";"2";"5";"1";"3";"RUE JOUFFROY D ABBANS";"48,8838230";"2,3047450"
"202000045941";"19";"9";"2020";"22:30";"5";"75";"75117";"2";"1";"1";" -1";"RUE PIERRE REBIERE";"48,8982550";"2,3203830"
"202000045942";"21";"9";"2020";"13:00";"1";"75";"75116";"2";"1";"1";"2";"QUAI LOUIS BLERIOT";"48,8448460";"2,2722040"
"202000045943";"21";"9";"2020";"19:20";"1";"75";"75112";"2";"2";"1";"7";"QUAI DE BERCY";"48,8386620";"2,3757410"
"202000045944";"21";"9";"2020";"17:10";"1";"75";"75110";"2";"4";"1";"3";"RUE DU CHATEAU LANDON";"48,8802370";"2,3622310"
"202000045945";"21";"9";"2020";"15:30";"1";"75";"75108";"2";"4";"1";"3";"AVENUE GEORGE V";"48,8661400";"2,3013500"
"202000045946";"20";"9";"2020";"18:55";"1";"75";"75107";"2";"2";"1";"2";"QUAI D ORSAY";"48,8628440";"2,3134400"
"202000045947";"21";"9";"2020";"08:10";"1";"75";"75104";"2";"3";"1";"7";"RUE SAINT ANTOINE";"48,8535050";"2,3665300"
"202000045948";"20";"9";"2020";"12:50";"1";"94";"94052";"2";"1";"1";"2";"PONT DE NOGENT";"48,8311900";"2,4930900"
"202000045949";"20";"9";"2020";"19:30";"1";"94";"94043";"2";"1";"1";" -1";"CARNOT (R)";"48,8096130";"2,3632660"
"202000045950";"20";"9";"2020";"18:15";"1";"94";"94076";"2";"1";"1";"2";"HAUTES BRUYERES (AV DES)";"48,7905550";"2,3519830"
"202000045951";"21";"9";"2020";"07:10";"2";"94";"94021";"2";"4";"1";"3";"HENRI DUNANT (R)";"48,7719000";"2,3651000"
"202000045952";"21";"9";"2020";"18:50";"1";"94";"94028";"2";"1";"1";"7";"ABYMES.(ESPLANADE DES)";"48,7731400";"2,4568500"
"202000045953";"21";"9";"2020";"21:30";"5";"94";"94004";"2";"2";"1";"3";"GENERAL LECLERC (AV DU)";"48,7468990";"2,5101620"
"202000045954";"21";"9";"2020";"20:40";"5";"93";"93073";"2";"2";"1";"3";"RUE DE ROME";"49,0080000";"2,5575000"
"202000045955";"21";"9";"2020";"10:30";"1";"93";"93079";"2";"1";"1";"1";"SAINT LEU (ROUTE)";"48,9473373";"2,3447454"
"202000045956";"21";"9";"2020";"21:50";"4";"93";"93029";"2";"1";"1";"2";"STATION (DE LA)";"48,9226475";"2,4269409"
"202000045957";"21";"9";"2020";"17:25";"1";"93";"93008";"2";"9";"1";"6";"CONVENTION (AVENUE DE LA)";"48,9158126";"2,4179189"
"202000045958";"21";"9";"2020";"15:58";"1";"93";"93007";"2";"1";"1";"3";"""PAUL VAILLANT COUTURIER (AVENUE """"DU 01";"48,9264277";"2,4695800"
"202000045959";"21";"9";"2020";"08:18";"1";"92";"92075";"2";"1";"1";"6";"ANTOINE FRATACCI (RUE)";"48,8210400";"2,2890600"
"202000045960";"21";"9";"2020";"08:30";"1";"92";"92072";"2";"9";"1";"3";"VILLE D'AVRAY (RUE DE )";"48,8258800";"2,2011200"
"202000045961";"21";"9";"2020";"18:40";"2";"92";"92076";"2";"1";"1";"3";"LA CELLE SAINT CLOUD";"48,8468572";"2,1681234"
"202000045962";"21";"9";"2020";"18:05";"1";"92";"92064";"2";"3";"1";"3";"MARCEL DASSAULT";"48,8556966";"2,2230005"
"202000045963";"20";"9";"2020";"18:00";"1";"92";"92036";"2";"2";"1";"3";"LAURENT CELY (AVENUE) (145/329)";"48,9221910";"2,3061420"
"202000045964";"21";"9";"2020";"00:22";"5";"92";"92051";"2";"1";"1";"3";"RICHARD WALLACE (BOULEVARD)";"48,8760601";"2,2470877"
"202000045965";"21";"9";"2020";"17:30";"1";"92";"92026";"2";"2";"1";"3";"COLOMBES";"48,8988421";"2,2566524"
"202000045966";"8";"9";"2020";"10:50";"1";"92";"92009";"2";"1";"1";" -1";"BOIS COLOMBES ( RUE DE )";"48,9064620";"2,2661010"
"202000045967";"10";"9";"2020";"17:20";"1";"92";"92004";"2";"3";"1";"2";"ARGENTEUIL AV D'";"48,9138374";"2,2835513"
"202000045968";"21";"9";"2020";"14:22";"1";"92";"92002";"2";"3";"1";"3";"BONE (RUE DE)";"48,7474984";"2,3037969"
"202000045969";"18";"9";"2020";"09:00";"1";"37";"37169";"1";"1";"1";"6";"18 Rue du Val de Brenne";"47,5960185";"0,9062334"
"202000045970";"21";"9";"2020";"06:00";"3";"33";"33205";"1";"1";"1";"1";"D11";"44,6282700";" -0,3686600"
"202000045971";"15";"8";"2020";"19:00";"1";"81";"81218";"1";"1";"1";"2";"2351 Route de Castres";"43,8831170";"2,1692530"
"202000045972";"10";"9";"2020";"14:20";"1";"972";"97221";"1";"1";"1";"1";"1184 Chemin Laurent";"14,5243600";" -60,9608780"
"202000045973";"21";"9";"2020";"18:30";"2";"38";"38270";"2";"1";"2";"7";"Chemin du Bon Bâton";"45,3759580";"5,5479940"
"202000045974";"11";"9";"2020";"19:48";"2";"56";"56251";"1";"3";"7";"3";"Allée du Landy";"47,6361380";" -2,6806530"
"202000045975";"22";"9";"2020";"12:00";"1";"33";"33123";"1";"3";"1";"3";"D18";"45,0834910";" -0,3823110"
"202000045976";"16";"8";"2020";"17:30";"1";"33";"33236";"1";"1";"1";"1";"Route du Cap Ferret";"44,6828740";" -1,2490080"
"202000045977";"21";"9";"2020";"16:30";"1";"71";"71334";"2";"1";"1";"6";"Lieu Dit les Boulays";"46,5759840";"4,1638830"
"202000045978";"20";"9";"2020";"10:45";"1";"63";"63283";"1";"1";"2";"6";"RD 941  PK 44+200";"45,8558573";"2,6702332"
"202000045979";"22";"9";"2020";"07:30";"1";"49";"49167";"1";"3";"8";"3";"17 Chemin du Tertreau";"47,3935410";" -0,4506220"
"202000045980";"19";"9";"2020";"20:30";"3";"39";"39219";"1";"1";"2";"1";"N/A";"47,1641390";"5,7653840"
"202000045981";"6";"8";"2020";"11:00";"1";"44";"44036";"2";"9";"1";"3";"Rue Pasteur";"47,7186380";" -1,3739390"
"202000045982";"21";"9";"2020";"13:10";"1";"38";"38334";"1";"1";"1";"7";"Route d''Uriage";"45,1824270";"5,8802390"
"202000045983";"22";"9";"2020";"13:40";"1";"38";"38269";"2";"2";"8";"3";"Rue du Pré des Moines";"44,9009900";"5,7891400"
"202000045984";"18";"9";"2020";"13:50";"1";"01";"01269";"2";"3";"1";"6";"Rue du Docteur Emile Mercier";"46,1522410";"5,6066910"
"202000045985";"21";"9";"2020";"14:00";"1";"01";"01123";"1";"1";"1";"6";"D51";"46,2418390";"4,8251010"
"202000045986";"21";"9";"2020";"18:25";"1";"01";"01179";"2";"3";"1";"3";"399 Grande Rue";"46,2550640";"4,8514510"
"202000045987";"22";"9";"2020";"16:13";"1";"72";"72223";"2";"9";"1";"6";"rue du Général LECLERC";"47,8784050";" -0,0920960"
"202000045988";"21";"9";"2020";"22:15";"3";"60";"60223";"1";"1";"1";"7";"Rue du Calvaire";"49,4276680";"2,6260330"
"202000045989";"22";"9";"2020";"09:45";"1";"60";"60044";"2";"1";"1";"3";"Rue du 14 Juillet 1789";"49,2923860";"2,3391370"
"202000045990";"21";"9";"2020";"15:30";"1";"24";"24304";"1";"1";"1";"7";"Les Mauroux";"45,3953990";"0,9532520"
"202000045991";"20";"9";"2020";"15:30";"1";"27";"27243";"1";"3";"1";"3";"Route de la Morelle";"49,4008570";"0,3066520"
"202000045992";"22";"9";"2020";"17:00";"1";"27";"27056";"1";"1";"1";"6";"D438";"49,0855800";"0,5741600"
"202000045993";"21";"9";"2020";"19:15";"1";"17";"17385";"2";"1";"1";"1";"1 Route d'Arceau";"45,9430250";" -1,3014260"
"202000045994";"22";"9";"2020";"08:15";"1";"08";"08260";"2";"1";"1";"3";"Route Nationale 43";"49,8172190";"4,5862340"
"202000045995";"20";"9";"2020";"14:50";"1";"68";"68022";"1";"1";"1";"7";"A35";"47,8318840";"7,3945710"
"202000045996";"21";"9";"2020";"15:50";"1";"68";"68296";"1";"1";"1";"4";"A35";"48,2175750";"7,4017490"
"202000045997";"19";"9";"2020";"22:30";"5";"973";"97307";"2";"9";"1";"3";"Impasse de l'Ame Sensible";"4,7879544";" -52,3307884"
"202000045998";"11";"9";"2020";"13:40";"1";"06";"06152";"1";"1";"3";"7";"Route des Cretes";"43,6210060";"7,0352040"