"Num_Acc";"jour";"mois";"an";"hrmn";"lum";"dep";"com";"agg";"int";"atm";"col";"adr";"lat";"long"
"202000045999";"20";"9";"2020";"17:15";"5";"987";"98745";"1";"1";"1";"5";"Poutoru";" -16,6308330";" -151,5040280"
"202000046000";"9";"2";"2020";"08:30";"1";"75";"75108";"2";"5";"1";"6";"AVENUE MONTAIGNE";"48,8647550";"2,3019840"
"202000046001";"9";"3";"2020";"19:30";"5";"75";"75102";"2";"2";"1";"6";"BOULEVARD DE SEBASTOPOL,";"48,8662330";"2,3525340"
"202000046002";"9";"3";"2020";"14:30";"1";"75";"75102";"2";"2";"1";"6";"RUE DU QUATRE SEPTEMBRE";"48,8695370";"2,3367850"
"202000046003";"9";"3";"2020";"18:45";"5";"94";"94074";"2";"1";"1";"4";"HENRI BARBUSSE (AV)";"48,7658000";"2,4414300"
"202000046004";"8";"3";"2020";"20:25";"5";"94";"94068";"2";"2";"1";"3";"CHANZY (AV)";"48,7920500";"2,5130000"
"202000046005";"9";"3";"2020";"10:00";"1";"94";"94046";"2";"2";"1";"3";"GABRIEL PERI (R)";"48,8092560";"2,4368050"
"202000046006";"8";"3";"2020";"20:00";"5";"94";"94003";"2";"7";"2";"2";"ARISTIDE BRIAND (AV)";"48,8104200";"2,3266700"
"202000046007";"8";"3";"2020";"16:00";"1";"94";"94028";"2";"1";"2";"6";"GAULLE(AVENUE DU GENERAL DE)";"48,7799900";"2,4569800"
"202000046008";"8";"3";"2020";"22:15";"5";"94";"94022";"2";"2";"1";"3";"LUGO (AV DE)";"48,7710000";"2,4089300"
"202000046009";"9";"3";"2020";"08:30";"1";"94";"94004";"2";"1";"1";"6";"BREVANNES (R DE)";"48,7496884";"2,5060582"
"202000046010";"9";"3";"2020";"18:50";"1";"94";"94002";"2";"9";"1";"6";"Boulevard Carnot & Rue Etienne Dolet";"48,7957330";"2,4252800"
"202000046011";"9";"3";"2020";"07:45";"1";"94";"94002";"2";"1";"1";"6";"SEINE (R DE)";"48,8099600";"2,4143900"
"202000046012";"9";"3";"2020";"20:00";"4";"93";"93073";"2";"1";"1";"1";"D40";"48,9788000";"2,5370000"
"202000046013";"9";"3";"2020";"18:30";"5";"93";"93073";"2";"1";"1";"2";"SAINT-DENIS (CHEMIN DE)";"48,9785000";"2,5285000"
"202000046014";"9";"3";"2020";"08:05";"1";"93";"93064";"2";"1";"1";"2";"AV DU PDT JOHN KENNEDY";"48,8783500";"2,4888100"
"202000046015";"9";"3";"2020";"17:15";"1";"93";"93046";"2";"5";"1";"2";"AV JULES GUESDE / AV ARISTIDE BRIAND";"48,9106900";"2,5120900"
"202000046016";"9";"3";"2020";"07:50";"1";"93";"93074";"2";"3";"1";"2";"R DE MEAUX / R DU BEARN";"48,9374100";"2,5913200"
"202000046017";"8";"3";"2020";"01:55";"5";"93";"93006";"2";"1";"1";"1";"AV DE LA REPUBLIQUE";"48,8601100";"2,4216500"
"202000046018";"9";"3";"2020";"10:15";"1";"92";"92050";"2";"1";"1";"3";"KLEBER RUE";"48,9014640";"2,1901010"
"202000046019";"5";"1";"2020";"14:44";"1";"92";"92025";"2";"2";"1";"3";"GABRIEL PERI (RUE)";"48,9157350";"2,2324450"
"202000046020";"8";"3";"2020";"23:55";"5";"92";"92024";"2";"3";"1";"3";"CLICHY (QUAI DE) DE (8 A 60)";"48,9075170";"2,2978740"
"202000046021";"6";"3";"2020";"09:00";"1";"80";"80385";"1";"9";"1";"6";"A16";"50,1449430";"1,8025290"
"202000046022";"9";"3";"2020";"19:45";"3";"18";"18032";"1";"1";"1";"6";"La Folie";"47,4321770";"2,8541870"
"202000046023";"9";"3";"2020";"17:50";"1";"54";"54277";"1";"1";"1";"6";"A4";"49,1824748";"5,7940489"
"202000046024";"9";"3";"2020";"17:15";"1";"68";"68144";"2";"1";"7";"6";"23 Rue du Canal d'Alsace";"47,7598540";"7,5126530"
"202000046025";"8";"3";"2020";"10:30";"1";"59";"59463";"1";"1";"2";"7";"D110";"50,9118480";"2,3390150"
"202000046026";"9";"3";"2020";"12:00";"1";"60";"60176";"2";"1";"1";"6";"Rue saint thomas";"49,2377090";"2,8963460"
"202000046027";"9";"3";"2020";"19:15";"3";"67";"67356";"1";"1";"1";"1";"Route de Gambsheim";"48,7063114";"7,9077227"
"202000046028";"10";"3";"2020";"13:40";"1";"37";"37261";"1";"1";"2";"5";"A10";"47,4077953";"0,7203703"
"202000046029";"8";"3";"2020";"11:09";"1";"56";"56166";"2";"1";"1";"6";"Rue des Alliés";"47,9176080";" -3,3309820"
"202000046030";"8";"3";"2020";"05:00";"3";"74";"74035";"2";"6";"1";"6";"D910";"45,8244140";"5,9514090"
"202000046031";"10";"3";"2020";"16:15";"1";"76";"76222";"1";"2";"2";"3";"Route de Saint Paer";"49,4930870";"0,8741910"
"202000046032";"6";"3";"2020";"20:30";"5";"33";"33108";"2";"1";"1";"2";"65 Rue Michel de Montaigne";"44,8546900";" -0,0389630"
"202000046033";"10";"3";"2020";"10:00";"1";"29";"29266";"2";"1";"2";"6";"32 Rue de la Gare";"48,5188360";" -3,9445210"
"202000046034";"9";"3";"2020";"21:00";"3";"29";"29250";"1";"1";"2";"6";"Pont Born";"48,2181880";" -3,5856390"
"202000046035";"9";"3";"2020";"06:00";"3";"66";"66063";"1";"1";"2";"7";"D900";"42,4868940";"2,8372570"
"202000046036";"10";"3";"2020";"13:45";"1";"05";"05068";"2";"1";"1";"6";"D942";"44,5065272";"6,1095847"
"202000046037";"10";"3";"2020";"19:15";"3";"73";"73204";"2";"6";"1";"6";"D82M";"45,5311117";"5,6810797"
"202000046038";"10";"3";"2020";"08:33";"1";"40";"40119";"2";"1";"1";"6";"Rue Victor Hugo";"43,6563300";" -0,5911910"
"202000046039";"9";"3";"2020";"21:30";"3";"24";"24451";"1";"2";"2";"2";"Route de Nontron";"45,5184060";"0,6521630"
"202000046040";"10";"3";"2020";"08:50";"1";"04";"04108";"2";"4";"1";"2";"RN 85 / VC la draille";"44,0464810";"6,0301640"
"202000046041";"10";"3";"2020";"18:35";"2";"85";"85213";"1";"1";"2";"6";"D36";"46,5953100";" -1,3125100"
"202000046042";"9";"3";"2020";"11:00";"1";"17";"17253";"2";"4";"1";"6";"19 Rue de la Libération";"46,0372215";" -0,8289447"
"202000046043";"10";"3";"2020";"13:45";"1";"988";"98805";"1";"3";"1";"1";"RTE DE KOE RM6/RM12";" -22,1456200";"166,4733700"
"202000046044";"18";"2";"2020";"16:11";"1";"01";"01229";"1";"1";"8";"4";"Route de Bourg";"46,3249982";"5,1361333"
"202000046045";"10";"3";"2020";"10:00";"1";"33";"33122";"1";"1";"8";"2";"A63, PK 013";"44,7104500";" -0,7486500"
"202000046046";"17";"2";"2020";"05:40";"3";"06";"06004";"1";"1";"1";"2";"A8 PK 174.300 chaussée sud";"43,6098400";"7,1004510"
"202000046047";"12";"2";"2020";"15:00";"1";"971";"97103";"2";"9";"1";"3";"Rue Henri Becquerel-jarry";"16,2423390";" -61,5645560"
"202000046048";"9";"3";"2020";"12:40";"1";"91";"91441";"1";"1";"2";"1";"Autoroute A6";"48,5068240";"2,5111700"
"202000046049";"9";"3";"2020";"15:15";"1";"987";"98729";"2";"1";"1";"6";"Pk 12+100 - Pihaena";" -17,5331890";" -149,8386110"
"202000046050";"9";"3";"2020";"14:30";"1";"28";"28054";"2";"1";"1";"6";"3 Rue de la Forge";"48,6485730";"1,4033320"
"202000046051";"5";"3";"2020";"14:05";"1";"78";"78164";"1";"1";"3";"6";"Route de Sonchamp";"48,6106520";"1,9039200"
"202000046052";"8";"3";"2020";"13:35";"1";"38";"38298";"1";"1";"1";"3";"A7";"45,3805730";"4,8051985"
"202000046053";"9";"3";"2020";"11:15";"1";"68";"68104";"1";"1";"1";"3";"RD 52";"47,9927650";"7,6053180"
"202000046054";"7";"3";"2020";"11:30";"1";"69";"69228";"2";"1";"1";"6";"route departementale 342,";"45,5621392";"4,6423227"
"202000046055";"10";"3";"2020";"18:00";"1";"81";"81251";"2";"1";"1";"6";"N126";"43,5580190";"2,0702580"
"202000046056";"9";"3";"2020";"17:50";"1";"09";"09236";"1";"1";"1";"6";"D8A";"42,9193370";"1,6299000"
"202000046057";"9";"3";"2020";"01:10";"3";"33";"33243";"2";"6";"1";"6";"D670 / D1089 - perte de contrôle VU venant de la D1089 et terminant sur le toit D670";"44,9003100";" -0,2145200"
"202000046058";"10";"3";"2020";"08:40";"1";"61";"61104";"1";"1";"2";"6";"D908";"48,5867960";" -0,2750120"
"202000046059";"10";"3";"2020";"16:20";"1";"59";"59523";"1";"1";"2";"1";"Route de Peronne";"50,5728500";"3,1705270"
"202000046060";"9";"3";"2020";"23:21";"3";"13";"13081";"1";"9";"2";"7";"A7-Sens Marseille vers Lyon";"43,4884260";"5,2406710"
"202000046061";"6";"3";"2020";"21:40";"3";"83";"83112";"1";"1";"1";" -1";"A50";"43,1970500";"5,7065700"
"202000046062";"6";"3";"2020";"09:15";"1";"59";"59512";"1";"1";"2";"2";"ROUTE DEPARTEMENTALE 656";"50,7027400";"3,1598720"
"202000046063";"9";"3";"2020";"09:00";"1";"91";"91363";"1";"1";"1";"4";"RN 104";"48,6413600";"2,1995500"
"202000046064";"8";"3";"2020";"22:08";"3";"91";"91064";"1";"1";"1";" -1";"RN 118";"48,7490600";"2,2194000"
"202000046065";"9";"3";"2020";"09:05";"1";"78";"78217";"1";"1";"2";"2";"A13";"48,9651140";"1,8186760"
"202000046066";"9";"3";"2020";"08:34";"1";"92";"92025";"1";"1";"8";"5";"A86";"48,9324839";"2,2484880"
"202000046067";"7";"3";"2020";"11:05";"1";"95";"95424";"1";"1";"1";"2";"AUTOROUTE A15";"48,9937400";"2,1854700"
"202000046068";"6";"3";"2020";"12:30";"1";"93";"93027";"1";"1";"1";"5";"AUTOROUTE A86";"48,9236200";"2,3847100"
"202000046069";"9";"3";"2020";"12:45";"1";"94";"94033";"1";"1";"1";"4";"A86.INT";"48,8608000";"2,4843000"
"202000046070";"7";"3";"2020";"17:30";"1";"988";"98818";"2";"1";"1";"6";"FRANCE (RUE ANATOLE)";" -22,2715500";"166,4417700"
"202000046071";"8";"3";"2020";"17:30";"1";"974";"97409";"2";"9";"2";"1";"Grand Canal ( chemin)";" -20,9635224";"55,6872760"
"202000046072";"8";"3";"2020";"21:30";"5";"69";"69388";"2";"2";"2";"3";"VIVIANI                             (AV)";"45,7264500";"4,8645300"
"202000046073";"8";"3";"2020";"10:50";"1";"69";"69259";"2";"9";"1";"1";"MAURICE THOREZ                      (AV)";"45,7025800";"4,8700200"
"202000046074";"8";"3";"2020";"07:00";"1";"69";"69388";"2";"1";"1";"6";"MARYSE BASTIE                       (R )";"45,7367000";"4,8739900"
"202000046075";"7";"3";"2020";"15:30";"1";"69";"69259";"2";"6";"1";"3";"DOCTEUR COBLOD (DU)                 (BD)";"45,7016900";"4,8912400"
"202000046076";"8";"3";"2020";"22:00";"5";"69";"69384";"2";"1";"2";"2";"SCHUMAN                      (PT)";"45,7803400";"4,8096900"
"202000046077";"8";"3";"2020";"21:25";"5";"2A";"2A004";"2";"1";"1";"7";"FABIANI  DOMINIQUE";"41,9161940";"8,7265028"
"202000046078";"2";"3";"2020";"13:20";"1";"95";"95427";"2";"3";"1";"6";"EPINAY (RUE D')";"48,9639486";"2,3355744"
"202000046079";"7";"3";"2020";"11:00";"1";"91";"91326";"2";"1";"1";"6";"CAMILLE DESMOULINS (RUE)";"48,6945400";"2,3584900"
"202000046080";"8";"3";"2020";"20:05";"5";"69";"69275";"2";"2";"2";"3";"JEAN JAURES                         (AV)";"45,7715600";"4,9678800"
"202000046081";"8";"3";"2020";"10:45";"1";"69";"69256";"2";"1";"1";"6";"TITTA COIS                          (R )";"45,7726000";"4,9071000"
"202000046082";"7";"3";"2020";"20:45";"5";"69";"69266";"2";"1";"1";"3";"FRANCIS DE PRESSENSE    (Rue)";"45,7714200";"4,8831700"
"202000046083";"7";"3";"2020";"13:00";"1";"64";"64102";"2";"1";"2";"2";"NAVARRE (AVENUE HENRI DE)";"43,4980900";" -1,4484900"
"202000046084";"7";"3";"2020";"02:50";"3";"60";"60463";"1";"9";"1";"5";"RD 200_SORTIE PONT BURTON_R.VACHETTE INC";"49,2862894";"2,4680060"
"202000046085";"7";"3";"2020";"18:48";"5";"57";"57616";"2";"1";"1";"2";"PAUL LANGEVIN (AVENUE )";"49,1428400";"6,2006300"
"202000046086";"7";"3";"2020";"09:26";"1";"42";"42207";"2";"4";"2";"3";"Rue de la Maladiere";"45,4831700";"4,5280600"
"202000046087";"8";"3";"2020";"05:53";"5";"35";"35238";"2";"3";"2";"4";"VOLTAIRE (BD)";"48,1051000";" -1,6935000"
"202000046088";"7";"3";"2020";"16:10";"1";"35";"35115";"2";"6";"2";"3";"JAURES (BD JEAN)";"48,3525900";" -1,1995400"
"202000046089";"8";"3";"2020";"21:10";"5";"33";"33281";"2";"1";"2";"5";"Avenue Marcel Dassault";"44,8434000";" -0,6726700"
"202000046090";"7";"3";"2020";"12:30";"1";"29";"29232";"2";"1";"1";"3";"Quai de l'Odet";"47,9918147";" -4,1099615"
"202000046091";"8";"3";"2020";"13:40";"1";"27";"27229";"2";"1";"2";"1";"ORLEANS (RUE D')";"48,9999700";"1,1538900"
"202000046092";"7";"3";"2020";"19:02";"3";"13";"13211";"2";"9";"1";"6";"COMMANDANT DE ROBIEN (RUE)";"43,2897800";"5,4828300"
"202000046093";"8";"3";"2020";"04:35";"5";"13";"13213";"2";"6";"1";"6";"POILUS (AVENUE DES)";"43,3223000";"5,4572000"
"202000046094";"8";"3";"2020";"03:10";"3";"13";"13047";"1";"1";"1";"7";"RN 1569";"43,5108370";"4,9646490"
"202000046095";"7";"3";"2020";"12:00";"1";"06";"06069";"2";"1";"1";"3";"CROISSET (AVENUE FR. DE)";"43,6656880";"6,9351920"
"202000046096";"7";"3";"2020";"22:23";"5";"75";"75114";"2";"1";"1";" -1";"PORTE DE GENTILLY";"48,8165040";"2,3402940"
"202000046097";"7";"3";"2020";"00:10";"1";"75";"75104";"2";"2";"1";" -1";"BOULEVARD DE MAGENTA";"48,8540410";"2,3689200"
"202000046098";"8";"3";"2020";"09:55";"1";"75";"75120";"2";"2";"1";"3";"RUE D AVRON";"48,8527050";"2,4061250"
"202000046099";"8";"3";"2020";"04:45";"5";"75";"75118";"2";"3";"1";"6";"BOULEVARD DE CLICHY";"48,8841270";"2,3318260"
"202000046100";"8";"3";"2020";"16:50";"1";"75";"75117";"2";"2";"2";"2";"RUE DE PRONY";"48,8828390";"2,3030030"
"202000046101";"7";"3";"2020";"12:15";"1";"75";"75117";"2";"2";"1";"2";"RUE LEGENDRE";"48,8891140";"2,3227510"
"202000046102";"8";"3";"2020";"04:30";"5";"75";"75112";"2";"5";"1";"3";"RUE DU FAUBOURG SAINT ANTOINE";"48,8501160";"2,3844400"
"202000046103";"8";"3";"2020";"14:30";"1";"75";"75111";"2";"2";"1";" -1";"AVENUE LEDRU ROLLIN";"48,8557060";"2,3787170"
"202000046104";"8";"3";"2020";"02:13";"5";"75";"75110";"2";"2";"1";"3";"QUAI DE JEMMAPES";"48,8774440";"2,3658790"
"202000046105";"7";"3";"2020";"13:45";"1";"75";"75107";"2";"3";"1";"6";"RUE BOSQUET";"48,8561270";"2,3067390"
"202000046106";"8";"3";"2020";"13:55";"1";"75";"75103";"2";"3";"2";"3";"RUE REAUMUR";"48,8653450";"2,3566330"
"202000046107";"8";"3";"2020";"16:45";"1";"93";"93031";"2";"2";"2";"3";"AV DE LA REPUBLIQUE  / BD FOCH";"48,9497952";"2,3289871"
"202000046108";"8";"3";"2020";"18:15";"1";"93";"93007";"2";"1";"2";"6";"FRANCOIS GARCIA (RUE)";"48,9384100";"2,4587700"
"202000046109";"8";"3";"2020";"11:30";"1";"974";"97415";"2";"3";"1";"3";"109 Chaussee Royale";" -21,0110996";"55,2736920"
"202000046110";"8";"3";"2020";"18:10";"1";"47";"47178";"1";"1";"2";" -1";"Touron";"44,4985030";"0,8507220"
"202000046111";"9";"3";"2020";"10:00";"1";"06";"06149";"1";"1";"1";"3";"Route de Laghet";"43,7486690";"7,3434970"
"202000046112";"9";"3";"2020";"16:25";"1";"95";"95313";"2";"1";"1";"6";"16 Grande Rue";"49,1124920";"2,2149360"
"202000046113";"9";"3";"2020";"10:20";"1";"71";"71494";"1";"1";"1";"2";"A6";"46,4096500";"4,8584250"
"202000046114";"9";"3";"2020";"12:00";"1";"26";"26138";"1";"1";"1";"2";"Autoroute du soleil";"44,4112060";"4,7300860"
"202000046115";"14";"2";"2020";"23:45";"3";"41";"41161";"1";"1";"1";"4";"A71 - PK 143+500 - Snes Orléans/Vierzon";"47,5272720";"2,0035460"
"202000046116";"7";"3";"2020";"18:45";"2";"62";"62338";"1";"1";"1";"1";"69 Rue Louis Bouquet";"50,6330253";"2,8280730"
"202000046117";"7";"3";"2020";"15:30";"1";"74";"74112";"2";"3";"1";"3";"Route de Sillingy";"45,9391670";"6,0937568"
"202000046118";"8";"3";"2020";"22:00";"3";"14";"14380";"1";"1";"2";"7";"Loucelles";"49,2278560";" -0,5701730"
"202000046119";"6";"3";"2020";"13:15";"1";"83";"83057";"1";"1";"1";"2";"DN7";"43,3846530";"6,1726430"
"202000046120";"2";"3";"2020";"19:27";"5";"91";"91577";"2";"9";"1";"3";"D446";"48,6061440";"2,4940260"
"202000046121";"8";"3";"2020";"08:40";"1";"62";"62075";"1";"1";"2";"1";"D 341 Route de Desvres";"50,7056380";"1,6939467"
"202000046122";"8";"3";"2020";"22:30";"5";"80";"80709";"2";"1";"1";"6";"23 Rue Feret";"49,9011590";"1,8265610"
"202000046123";"25";"2";"2020";"11:40";"1";"80";"80611";"1";"2";"2";"3";"D1001";"49,7660550";"2,2526210"
"202000046124";"8";"3";"2020";"12:15";"1";"89";"89224";"1";"3";"1";"3";"D91";"47,7226969";"3,8532400"
"202000046125";"8";"3";"2020";"16:40";"1";"61";"61507";"1";"4";"1";"2";"N12";"48,5562310";"0,5981970"
"202000046126";"7";"3";"2020";"23:00";"3";"49";"49307";"1";"1";"1";"6";"Les Rouages (Corné)";"47,4486860";" -0,3499530"
"202000046127";"7";"3";"2020";"10:00";"1";"46";"46127";"2";"1";"1";"7";"Route de Cahors";"44,7317810";"1,3754210"
"202000046128";"6";"3";"2020";"18:45";"3";"86";"86014";"1";"1";"1";"1";"D131";"46,7785440";"0,5550385"
"202000046129";"2";"3";"2020";"22:55";"3";"34";"34125";"1";"1";"1";"6";"D9";"43,6642860";"3,5376570"
"202000046130";"8";"3";"2020";"18:30";"2";"31";"31052";"1";"1";"2";"6";"Route de Toulouse";"43,4034280";"1,3680290"
"202000046131";"9";"3";"2020";"06:45";"2";"31";"31341";"1";"1";"2";"6";"1297 Route des Platanes";"43,7189470";"1,3190030"
"202000046132";"8";"3";"2020";"01:30";"3";"01";"01269";"1";"1";"1";"1";"29 Route de La-cluse";"46,1646190";"5,5862060"
"202000046133";"9";"3";"2020";"15:45";"1";"72";"72230";"1";"2";"1";"3";"CD 213 La Croix";"47,8565970";"0,1321360"
"202000046134";"9";"3";"2020";"14:30";"1";"14";"14303";"1";"1";"1";"1";"Route de Courtonne";"49,1260310";"0,2815620"
"202000046135";"2";"3";"2020";"17:00";"1";"50";"50435";"1";"1";"2";"1";"D50";"49,4952880";" -1,6080330"
"202000046136";"9";"3";"2020";"15:15";"1";"50";"50283";"1";"2";"8";"3";"D6";"49,1470050";" -1,0491190"
"202000046137";"9";"3";"2020";"11:30";"1";"16";"16064";"1";"1";"1";"6";"Lieu Dit la Tuiliere";"45,9551148";"0,8448369"
"202000046138";"8";"3";"2020";"05:45";"3";"53";"53222";"1";"1";"1";"6";"D12";"48,2119230";" -0,7088220"
"202000046139";"6";"3";"2020";"17:15";"1";"40";"40017";"1";"1";"8";"5";"Avenue des Pyrénées";"43,7319260";" -0,5714390"
"202000046140";"9";"3";"2020";"13:25";"1";"40";"40274";"1";"1";"2";"1";"Route de Campagne";"43,9083650";" -0,6590780"
"202000046141";"7";"3";"2020";"09:50";"1";"24";"24352";"2";"1";"1";"6";"Avenue Lakanal";"45,2548490";"0,3414400"
"202000046142";"7";"3";"2020";"20:20";"3";"37";"37122";"1";"1";"1";"2";"départementale 751";"47,3405984";"0,6427583"
"202000046143";"8";"3";"2020";"16:00";"1";"30";"30228";"1";"1";"1";"6";"D979";"43,9346730";"4,3850580"
"202000046144";"7";"3";"2020";"12:00";"1";"13";"13051";"1";"1";"1";"3";"Route Départementale 21";"43,5754400";"5,1300470"
"202000046145";"9";"3";"2020";"12:50";"1";"01";"01069";"1";"1";"2";"2";"A40 PK 154+300";"46,1282653";"5,2827174"
"202000046146";"8";"3";"2020";"17:30";"1";"68";"68309";"1";"1";"1";"6";"a 35 pk 112+700";"47,6738190";"7,4691150"
"202000046147";"9";"3";"2020";"02:15";"3";"89";"89339";"1";"1";"2";"5";"A6";"47,5707129";"3,9381760"
"202000046148";"7";"3";"2020";"02:26";"3";"57";"57073";"1";"1";"1";"6";"A4 PK 370+100 SENS STRASBOURG - PARIS";"49,1384980";"6,8154720"
"202000046149";"8";"3";"2020";"15:11";"1";"13";"13011";"1";"3";"1";"5";"ROUTE DÉPARTEMENTALE 5";"43,7372440";"4,8257230"
"202000046150";"9";"3";"2020";"10:30";"1";"27";"27203";"1";"1";"2";"2";"N/A";"49,0536060";"1,4393590"
"202000046151";"9";"3";"2020";"07:32";"2";"27";"27388";"1";"1";"4";"1";"D6178";"49,4509410";"0,4463200"
"202000046152";"7";"3";"2020";"17:45";"2";"987";"98724";"1";"1";"1";"7";"RT 113";" -16,7076020";" -150,9809020"
"202000046153";"8";"3";"2020";"03:15";"3";"988";"98821";"1";"1";"1";"1";"COL DE LA PIROGUE";" -22,0815400";"166,3187400"
"202000046154";"9";"3";"2020";"02:00";"3";"971";"97107";"1";"1";"1";"6";"Rue de Neuf - Chateau";"16,0873210";" -61,5683160"
"202000046155";"9";"3";"2020";"05:50";"1";"971";"97107";"1";"1";"1";"6";"8 Rue de l'Ilet Perou";"16,0552370";" -61,5669860"
"202000046156";"7";"3";"2020";"21:00";"3";"972";"97230";"1";"1";"1";"1";"N1";"14,7535630";" -60,9781010"
"202000046157";"8";"3";"2020";"16:55";"1";"70";"70416";"1";"1";"1";"5";"Pomoy";"47,6578880";"6,3628190"
"202000046158";"6";"3";"2020";"08:30";"1";"67";"67067";"2";"1";"1";" -1";"25 Rue du Général Duport";"48,7317063";"7,7055344"
"202000046159";"7";"3";"2020";"15:50";"1";"67";"67345";"1";"9";"1";"3";"69 Rue de la Gare";"48,7894560";"7,8489091"
"202000046160";"7";"3";"2020";"10:30";"1";"67";"67131";"2";"1";"1";"6";"32 Rue de la 1ere Division Blindee";"48,4883098";"7,7158293"
"202000046161";"8";"3";"2020";"20:35";"5";"69";"69296";"1";"1";"1";"2";"D312";"45,6347390";"4,8223220"
"202000046162";"3";"3";"2020";"16:00";"1";"69";"69295";"1";"1";"1";"6";"1280 route de marennes";"45,6085000";"4,8699000"
"202000046163";"8";"3";"2020";"15:50";"1";"09";"09199";"1";"1";"1";"1";"Lieu Dit l'Alma";"43,2119760";"1,6080110"
"202000046164";"6";"3";"2020";"15:30";"1";"19";"19098";"1";"1";"3";"1";"Lagarde-Marc-la-Tour";"45,1967970";"1,8355320"
"202000046165";"7";"3";"2020";"19:00";"5";"62";"62604";"2";"1";"1";" -1";"Rue de la Buqueuse";"50,6177560";"1,6537025"
"202000046166";"6";"3";"2020";"17:05";"1";"62";"62560";"2";"1";"1";"6";"Rue pasteur";"50,8168870";"1,7083950"
"202000046167";"7";"3";"2020";"15:13";"1";"13";"13056";"1";"1";"1";"3";"A55-Sens Martigues vers Marseille";"43,3982334";"5,0803347"
"202000046168";"7";"3";"2020";"12:10";"1";"13";"13055";"1";"1";"1";"3";"A507 sens Marseille - Aubagne";"43,3024000";"5,4253000"
"202000046169";"8";"3";"2020";"02:25";"5";"13";"13215";"1";"1";"1";"3";"A7-Sens Marseille vers Lyon";"43,3442000";"5,3754000"
"202000046170";"7";"3";"2020";"11:20";"1";"13";"13071";"1";"1";"1";"7";"A55-Sens Martigues vers Marseille";"43,3968700";"5,2865400"
"202000046171";"6";"3";"2020";"19:33";"2";"13";"13055";"1";"1";"1";"4";"A507 sens Marseille - Aubagne";"43,3061000";"5,4251100"
"202000046172";"29";"1";"2020";"14:40";"1";"13";"13106";"1";"1";"8";"3";"A51-Sens Aix en Provence vers Marseille";"43,4127400";"5,3642500"
"202000046173";"8";"3";"2020";"02:00";"3";"38";"38087";"1";"1";"1";"2";"A7";"45,5805400";"4,8020800"
"202000046174";"8";"3";"2020";"00:10";"3";"69";"69256";"1";"1";"1";"3";"A42    ";"45,7845800";"4,8962100"
"202000046175";"8";"3";"2020";"18:25";"3";"94";"94034";"1";"1";"2";"4";"AUTOROUTE A86";"48,7597000";"2,3220000"
"202000046176";"8";"3";"2020";"07:48";"2";"94";"94037";"1";"1";"1";"5";"AUTOROUTE A6B";"48,8074300";"2,3468300"
"202000046177";"8";"3";"2020";"05:20";"3";"91";"91689";"1";"1";"1";"2";"AUTOROUTE A6B";"48,7430600";"2,3229000"
"202000046178";"7";"3";"2020";"19:30";"3";"77";"77251";"1";"1";"1";"4";"AUTOROUTE A5A";"48,6188000";"2,5535000"
"202000046179";"7";"3";"2020";"21:40";"3";"78";"78423";"1";"1";"1";"3";"A12 Y";"48,7953000";"2,0418000"
"202000046180";"7";"3";"2020";"19:30";"5";"94";"94017";"1";"1";"1";"3";"A4";"48,8267200";"2,5157900"
"202000046181";"7";"3";"2020";"15:40";"1";"77";"77517";"1";"1";"1";" -1";"A104.EXT";"48,9052517";"2,6427821"
"202000046182";"3";"3";"2020";"11:00";"1";"94";"94018";"1";"1";"1";"2";"A4";"48,8175000";"2,4229000"
"202000046183";"7";"3";"2020";"11:55";"1";"988";"98818";"2";"1";"1";"7";"RUE TEYSSANDIER DE LAUBAREDE";" -22,2611800";"166,4507100"
"202000046184";"6";"3";"2020";"20:15";"5";"974";"97411";"2";"1";"2";"4";"JAURES (BOULEVARD JEAN)";" -20,8941480";"55,4713550"
"202000046185";"7";"3";"2020";"10:29";"1";"973";"97302";"2";"1";"1";"3";"SOURCE DE BADUEL (CHEMIN DE LA)";"4,9291516";" -52,3086763"
"202000046186";"6";"3";"2020";"10:50";"1";"973";"97302";"2";"1";"1";"1";"FELIX EBOUE(ROCADE)";"4,9279331";" -52,3182464"
"202000046187";"7";"3";"2020";"13:15";"1";"69";"69383";"2";"2";"1";"3";"ANTOINE CHARIAL                     (R )";"45,7582600";"4,8659200"
"202000046188";"6";"3";"2020";"08:45";"1";"972";"97213";"1";"1";"2";"2";"AUTOROUTE A1";"14,6182500";" -61,0269000"
"202000046189";"5";"3";"2020";"01:00";"5";"972";"97209";"2";"9";"1";"7";"BISHOP (Avenue Maurice)";"14,6054540";" -61,0595550"
"202000046190";"7";"3";"2020";"07:30";"2";"69";"69389";"2";"1";"1";"2";"MARIETTON                           (R )";"45,7762982";"4,7978415"
"202000046191";"6";"3";"2020";"19:10";"5";"91";"91064";"2";"3";"1";"1";"JOUY (ROUTE DE)";"48,7522300";"2,2057500"
"202000046192";"6";"3";"2020";"20:14";"5";"91";"91345";"2";"1";"1";"3";"CORBEIL (ROUTE DE)";"48,6840530";"2,3089230"
"202000046193";"25";"6";"2020";"06:10";"1";"73";"73008";"2";"6";"1";"3";"D1201 ROOSEVELT FRANKLIN AVENUE";"45,7018070";"5,9094422"