"Num_Acc";"jour";"mois";"an";"hrmn";"lum";"dep";"com";"agg";"int";"atm";"col";"adr";"lat";"long"
"202000046194";"25";"6";"2020";"10:15";"1";"71";"71153";"2";"6";"1";"3";"MARCET (RUE BAPTISTE)";"46,7951914";"4,4325931"
"202000046195";"19";"6";"2020";"12:40";"1";"70";"70388";"1";"1";"1";"1";"RD457";"47,6053900";"6,1218600"
"202000046196";"24";"6";"2020";"11:02";"1";"66";"66136";"2";"1";"1";"2";"BELFORT AVENUE DE";"42,6905500";"2,8808700"
"202000046197";"25";"6";"2020";"15:10";"1";"64";"64335";"2";"1";"1";"1";"BIE GRANDE";"43,3350400";" -0,4361700"
"202000046198";"24";"6";"2020";"18:30";"1";"63";"63113";"2";"2";"1";"3";"CLEMENTEL (BD ETIENNE)";"45,8096600";"3,1094500"
"202000046199";"25";"6";"2020";"18:35";"1";"62";"62826";"2";"2";"1";"3";"ANDREI SAKHAROV (RUE)";"50,5203240";"1,5847560"
"202000046200";"21";"6";"2020";"11:00";"1";"59";"59230";"2";"1";"1";"5";"FORT (RUE DU)";"50,2463920";"3,9752030"
"202000046201";"24";"6";"2020";"16:50";"1";"56";"56083";"2";"1";"1";"2";"VAILLANT ( AV. EDOUARD )";"47,8204700";" -3,2522000"
"202000046202";"24";"6";"2020";"20:10";"1";"54";"54482";"2";"1";"1";" -1";"JACQUES CARTIER";"48,7025670";"6,1965043"
"202000046203";"24";"6";"2020";"17:40";"1";"54";"54382";"2";"1";"1";"6";"LONGWY (ROUTE DE)";"49,5359000";"5,7675000"
"202000046204";"25";"6";"2020";"08:15";"1";"54";"54159";"2";"1";"1";" -1";"LUNEVILLE (AVENUE DE)";"48,6130200";"6,3654300"
"202000046205";"25";"6";"2020";"15:11";"1";"51";"51454";"2";"2";"1";"3";"Rue Forain";"49,2375937";"4,0265784"
"202000046206";"24";"6";"2020";"11:00";"1";"51";"51474";"2";"6";"7";"3";"Rue de Bernex";"49,2808501";"4,0047011"
"202000046207";"23";"6";"2020";"16:15";"1";"50";"50129";"1";"1";"1";"6";"VALLEE DE QUINCAMPOIX";"49,6154600";" -1,6400200"
"202000046208";"24";"6";"2020";"15:24";"1";"49";"49007";"2";"1";"1";"3";"RAMON BOULEVARD";"47,4863800";" -0,5370600"
"202000046209";"24";"6";"2020";"10:58";"1";"49";"49007";"2";"1";"1";"5";"LARREY";"47,4793500";" -0,5556500"
"202000046210";"24";"6";"2020";"09:45";"1";"46";"46042";"2";"1";"1";" -1";"RACINE (RUE JEAN)";"44,4620500";"1,4514700"
"202000046211";"25";"6";"2020";"14:18";"1";"45";"45068";"2";"1";"1";"6";"Rue Ponte de Lima";"48,0066397";"2,7217609"
"202000046212";"17";"6";"2020";"16:10";"1";"39";"39198";"2";"1";"1";"6";"5 Rue de Besançon";"47,0939740";"5,4961550"
"202000046213";"5";"6";"2020";"15:20";"1";"39";"39198";"2";"1";"1";"6";"9-11 Avenue du General Eisenhower";"47,0959220";"5,4997350"
"202000046214";"6";"5";"2020";"09:30";"1";"39";"39198";"2";"3";"1";"6";"Carrefour Avenue Léon Jouhaux / Rue des Paters";"47,0893360";"5,4817450"
"202000046215";"25";"6";"2020";"07:53";"1";"37";"37261";"2";"2";"1";" -1";"GRAMMONT (AVENUE DE)";"47,3861626";"0,6905012"
"202000046216";"24";"6";"2020";"17:25";"1";"37";"37261";"2";"1";"1";" -1";"PROUDHON (AVENUE)";"47,3945994";"0,6697347"
"202000046217";"18";"6";"2020";"10:50";"1";"36";"36063";"2";"1";"1";"6";"5 Rue des Remparts";"46,8268116";"1,7031815"
"202000046218";"25";"6";"2020";"17:50";"1";"35";"35238";"2";"3";"1";"3";"ROCHESTER (AVENUE DE)";"48,1284000";" -1,6641700"
"202000046219";"25";"6";"2020";"10:30";"1";"35";"35238";"2";"1";"1";"6";"7 Boulevard Albert 1er";"48,0902800";" -1,6914300"
"202000046220";"25";"6";"2020";"10:10";"1";"34";"34172";"2";"9";"1";"2";"RIMBAUD (RUE PAUL)";"43,6181667";"3,8403815"
"202000046221";"24";"6";"2020";"16:20";"1";"34";"34172";"2";"3";"1";" -1";"ALCO (RUE D'";"43,6193000";"3,8381300"
"202000046222";"25";"6";"2020";"18:40";"1";"33";"33318";"2";"6";"1";"6";"Avenue de Saige";"44,7911050";" -0,6334670"
"202000046223";"25";"6";"2020";"17:20";"1";"33";"33039";"1";"3";"1";"3";"BD JEAN-JACQUES BOSC / ALL DES TILLEULS";"44,8146876";" -0,5529200"
"202000046224";"25";"6";"2020";"11:48";"1";"33";"33013";"2";"1";"7";"3";"62 AVE DU PEYROU";"44,8663000";" -0,4833500"
"202000046225";"18";"6";"2020";"09:30";"1";"33";"33281";"2";"4";"3";"6";"Allée du parc de Bourran";"44,8373000";" -0,6314600"
"202000046226";"22";"6";"2020";"22:00";"3";"33";"33529";"1";"1";"1";"1";"LIGNON (BD LOUIS)";"44,6331800";" -1,1840600"
"202000046227";"25";"6";"2020";"17:50";"1";"33";"33529";"1";"1";"1";"1";"RN250 (OUSTALET - BONNEVAL)";"44,6145800";" -1,1444200"
"202000046228";"25";"6";"2020";"12:05";"1";"33";"33009";"2";"3";"1";"1";"REGNAULT (AVE) DU 02 ET +";"44,6590000";" -1,1693300"
"202000046229";"24";"6";"2020";"12:30";"1";"33";"33529";"2";"6";"1";"2";"BISSERIE (AVE DE)";"44,6258000";" -1,1395500"
"202000046230";"22";"6";"2020";"19:35";"1";"22";"22360";"2";"6";"1";"7";"AUDIARD (RUE MICHEL)";"48,4887900";" -2,7632500"
"202000046231";"25";"6";"2020";"08:40";"1";"17";"17291";"1";"1";"1";"2";"RN 11";"46,1798820";" -1,0943690"
"202000046232";"24";"6";"2020";"18:51";"1";"17";"17300";"2";"3";"1";"3";"CORDELIERS  AVENUE DES";"46,1657700";" -1,1420900"
"202000046233";"25";"6";"2020";"14:00";"1";"14";"14437";"2";"1";"1";"2";"PERIPHERIQUE NORD (BOULEVARD)";"49,1812000";" -0,3246100"
"202000046234";"25";"6";"2020";"18:20";"1";"13";"13204";"2";"1";"1";"6";"LIBERATION (BOULEVARD)";"43,3015167";"5,3928387"
"202000046235";"25";"6";"2020";"14:15";"1";"13";"13047";"2";"1";"1";"3";"MARCEL DASSAULT ROND POINT";"43,5000410";"4,9663820"
"202000046236";"24";"6";"2020";"14:35";"1";"13";"13005";"2";"1";"1";"1";"AUMONE VIELLE (CHEMIN DE L')";"43,2859900";"5,5298200"
"202000046237";"20";"6";"2020";"17:50";"1";"12";"12146";"1";"1";"1";"1";"MILLAU (AVENUE DE)";"44,3379880";"2,5870310"
"202000046238";"23";"6";"2020";"11:35";"1";"11";"11262";"2";"1";"1";"5";"ESPAGNE (AVENUE D')";"43,1681700";"2,9841800"
"202000046239";"25";"6";"2020";"07:55";"1";"06";"06088";"2";"1";"1";"6";"JOLY (CORNICHE ANDRE DE)";"43,6973060";"7,2941670"
"202000046240";"25";"6";"2020";"15:35";"1";"06";"06123";"2";"1";"1";"2";"CURIE PIERRE ET MARIE AVENUE";"43,6871000";"7,1870000"
"202000046241";"25";"6";"2020";"17:30";"1";"75";"75120";"2";"1";"1";"6";"BOULEVARD PERIPHERIQUE";"48,8773770";"2,4091570"
"202000046242";"22";"6";"2020";"01:34";"5";"75";"75106";"2";"1";"1";"1";"QUAI DE CONTI";"48,8573260";"2,3383290"
"202000046243";"25";"6";"2020";"18:36";"1";"75";"75120";"2";"1";"1";"3";"AVENUE BENOIT FRACHON";"48,8521340";"2,4157000"
"202000046244";"25";"6";"2020";"13:55";"1";"75";"75117";"2";"1";"1";"3";"AVENUE DE LA GRANDE ARMEE";"48,8753540";"2,2902130"
"202000046245";"24";"6";"2020";"14:30";"1";"75";"75116";"2";"1";"1";"3";"ALLEE DU BORD DE L EAU";"48,8705000";"2,2396430"
"202000046246";"25";"6";"2020";"00:10";"5";"75";"75115";"2";"1";"1";"6";"PONT DE BIR HAKEIM";"48,8553870";"2,2877850"
"202000046247";"25";"6";"2020";"02:25";"5";"75";"75111";"2";"3";"1";"3";"BOULEVARD DE MENILMONTANT";"48,8598310";"2,3887610"
"202000046248";"25";"6";"2020";"18:40";"1";"75";"75110";"2";"2";"1";"3";"RUE DE DUNKERQUE";"48,8807990";"2,3512030"
"202000046249";"25";"6";"2020";"12:00";"1";"75";"75108";"2";"7";"1";"3";"PLACE SAINT AUGUSTIN";"48,8749700";"2,3198060"
"202000046250";"23";"6";"2020";"12:05";"1";"75";"75108";"2";"1";"1";"3";"AVENUE FRANKLIN D ROOSEVELT";"48,8677820";"2,3099920"
"202000046251";"25";"6";"2020";"17:30";"1";"75";"75107";"2";"7";"1";"2";"AVENUE BOSQUET";"48,8622800";"2,3019540"
"202000046252";"25";"6";"2020";"17:00";"1";"75";"75107";"2";"7";"1";"3";"PLACE JOFFRE";"48,8526720";"2,3030800"
"202000046253";"25";"6";"2020";"14:55";"1";"75";"75104";"2";"3";"1";"6";"RUE DE RIVOLI";"48,8557220";"2,3589800"
"202000046254";"24";"6";"2020";"19:30";"1";"75";"75104";"2";"1";"1";"1";"RUE DE RIVOLI";"48,8558570";"2,3584120"
"202000046255";"24";"6";"2020";"20:00";"1";"75";"75102";"2";"2";"1";"6";"BOULEVARD DE SEBASTOPOL";"48,8662510";"2,3524920"
"202000046256";"24";"6";"2020";"22:16";"5";"94";"94074";"2";"2";"1";"6";"CHAMP SAINT-JULIEN (AV DU)";"48,7490680";"2,4553830"
"202000046257";"25";"6";"2020";"18:50";"1";"94";"94015";"2";"1";"1";"3";"ADRIEN MENTIENNE (QU)";"48,8476753";"2,5123737"
"202000046258";"25";"6";"2020";"15:28";"1";"94";"94046";"2";"1";"1";"3";"MARECHAL JUIN (R DU)";"48,8157000";"2,4257700"
"202000046259";"24";"6";"2020";"21:24";"2";"94";"94046";"1";"1";"1";"6";"R MARECHAL DE LATTRE DE TASSIGNY";"48,8010700";"2,4484300"
"202000046260";"24";"6";"2020";"18:30";"1";"94";"94028";"2";"3";"1";"3";"Duvauchelle (rue Dominique)";"48,7680332";"2,4553436"
"202000046261";"24";"6";"2020";"18:55";"1";"94";"94079";"2";"1";"1";"6";"NOISY (R DE)";"48,8314110";"2,5440440"
"202000046262";"25";"6";"2020";"07:08";"1";"94";"94018";"2";"6";"1";"3";"CARRIERES (QU DES)";"48,8185200";"2,4109400"
"202000046263";"25";"6";"2020";"10:15";"1";"93";"93066";"2";"9";"1";"6";"FRANCE ANATOLE (BOULEVARD) NR AUTRES";"48,9243798";"2,3492353"
"202000046264";"24";"6";"2020";"10:23";"1";"93";"93066";"2";"1";"7";"6";"R DE STRASBOURG";"48,9360462";"2,3610339"
"202000046265";"25";"6";"2020";"11:55";"1";"93";"93077";"2";"1";"1";"6";"OUTREBON (AVENUE)";"48,8861100";"2,5109000"
"202000046266";"24";"6";"2020";"17:30";"1";"93";"93053";"2";"6";"1";"2";"JEAN JAURES (RUE)";"48,8901366";"2,4531053"
"202000046267";"25";"6";"2020";"19:45";"1";"93";"93048";"1";"1";"1";"2";"EMILE BEAUFILS (RUE)";"48,8753694";"2,4589333"
"202000046268";"25";"6";"2020";"15:20";"1";"93";"93008";"2";"1";"1";"1";"SAVOIE (RUE DE)";"48,9116800";"2,4179200"
"202000046269";"25";"6";"2020";"10:32";"1";"92";"92073";"2";"9";"7";"3";"SELLIER (BOULEVARD HENRI)";"48,8677219";"2,2262509"
"202000046270";"25";"6";"2020";"20:35";"1";"92";"92051";"1";"1";"1";"2";"CHARLES DE GAULLE (AVENUE, N° 18 A 116)";"48,8818901";"2,2687200"
"202000046271";"24";"6";"2020";"23:45";"5";"92";"92048";"2";"1";"1";"6";"VAUGIRARD (ROUTE DE)";"48,8201000";"2,2415800"
"202000046272";"24";"6";"2020";"21:40";"5";"92";"92026";"2";"7";"1";"2";"DIVISION LECLERC (AVENUE DE LA)";"48,8938900";"2,2411000"
"202000046273";"25";"6";"2020";"08:55";"1";"92";"92026";"2";"2";"1";"1";"SAINT-DENIS BD DE (01 A 197 / 02 A 118)";"48,8963488";"2,2584779"
"202000046274";"24";"6";"2020";"22:20";"5";"87";"87125";"2";"1";"1";"7";"38 Avenue de la Libération";"45,9045500";"1,3253650"
"202000046275";"26";"6";"2020";"06:00";"1";"74";"74245";"1";"1";"1";"6";"A41";"45,9897240";"6,1283970"
"202000046276";"26";"6";"2020";"05:15";"3";"33";"33334";"1";"1";"9";"6";"D 115";"44,6681000";" -0,4428300"
"202000046277";"13";"6";"2020";"18:35";"1";"17";"17131";"2";"1";"1";"7";"Rue du Maine Donne";"45,5867099";" -0,8301470"
"202000046278";"24";"6";"2020";"18:00";"1";"28";"28012";"1";"1";"1";"3";"D15";"48,1156230";"1,1357330"
"202000046279";"24";"6";"2020";"18:41";"1";"67";"67115";"1";"4";"1";"5";"D1083";"48,2998030";"7,4945230"
"202000046280";"25";"6";"2020";"15:15";"1";"52";"52384";"1";"1";"1";"2";"A31 PK 103+800";"47,8218630";"5,2248960"
"202000046281";"15";"6";"2020";"20:20";"1";"62";"62502";"2";"1";"1";"1";"21 Rue Adam Grunewald";"50,6240350";"2,6818660"
"202000046282";"22";"6";"2020";"15:25";"1";"34";"34032";"1";"1";"1";"3";"A75";"43,3641740";"3,2758520"
"202000046283";"21";"6";"2020";"06:21";"2";"61";"61194";"1";"1";"1";"6";"A88";"48,7385920";" -0,0728060"
"202000046284";"25";"6";"2020";"10:00";"1";"57";"57043";"1";"3";"1";"3";"D1";"49,2557270";"6,2008600"
"202000046285";"23";"6";"2020";"12:30";"1";"19";"19237";"1";"1";"1";" -1";"D145";"45,1598220";"2,1243360"
"202000046286";"26";"6";"2020";"15:15";"1";"74";"74309";"2";"4";"1";"5";"Route de Frangy";"46,1124860";"6,0401840"
"202000046287";"26";"6";"2020";"04:45";"2";"74";"74309";"1";"1";"1";" -1";"route de bellegarde - lieu dit germagny";"46,1135570";"6,0082660"
"202000046288";"25";"6";"2020";"22:15";"2";"79";"79063";"1";"1";"1";"6";"Rue de la Forge Fleurie";"47,0312030";" -0,2998090"
"202000046289";"25";"6";"2020";"07:00";"1";"79";"79117";"1";"1";"1";"7";"Chemin de la Rue";"46,4474000";" -0,5081300"
"202000046290";"25";"6";"2020";"14:45";"1";"80";"80315";"2";"1";"1";"1";"15 Route Nationale";"49,7353100";"2,2538240"
"202000046291";"26";"6";"2020";"11:05";"1";"89";"89418";"2";"9";"1";"6";"12 b Avenue de la Gare";"47,8581800";"3,9745990"
"202000046292";"25";"6";"2020";"15:25";"1";"49";"49160";"1";"1";"1";"1";"D723";"47,4112290";" -0,9303900"
"202000046293";"25";"6";"2020";"17:10";"1";"42";"42224";"1";"1";"1";"1";"Route du Col de la Republique";"45,3528730";"4,4696870"
"202000046294";"26";"6";"2020";"08:35";"1";"34";"34234";"1";"3";"1";"1";"D13";"43,5329430";"3,2289400"
"202000046295";"24";"6";"2020";"11:25";"1";"44";"44125";"1";"4";"1";"3";"Avenue Louis Clément";"47,3676190";" -2,5377850"
"202000046296";"25";"6";"2020";"15:45";"5";"44";"44117";"2";"3";"1";"3";"4 Rue de la Rochelle";"47,1379940";" -1,3416520"
"202000046297";"25";"6";"2020";"14:40";"1";"35";"35248";"1";"1";"1";"5";"N176";"48,5662420";" -1,5899710"
"202000046298";"25";"6";"2020";"08:40";"1";"35";"35133";"1";"3";"1";"3";"La Petite Pommeraie";"48,1313980";" -2,0709380"
"202000046299";"25";"6";"2020";"17:10";"1";"35";"35133";"1";"3";"1";"3";"Trémelin";"48,1024160";" -2,0397660"
"202000046300";"8";"6";"2020";"15:00";"1";"31";"31230";"2";"1";"1";"1";"Rue des Pyrénées";"43,7194550";"1,4366230"
"202000046301";"26";"6";"2020";"13:44";"1";"85";"85108";"2";"1";"8";"1";"21 Rue de la Clairière";"46,9061710";" -1,3750210"
"202000046302";"26";"6";"2020";"08:05";"1";"26";"26086";"2";"1";"1";"2";"29 Rue de la Gare";"44,6938570";"5,4830470"
"202000046303";"25";"6";"2020";"12:40";"1";"54";"54008";"1";"1";"1";"6";"D674";"48,5532270";"5,8957850"
"202000046304";"25";"6";"2020";"17:45";"1";"54";"54589";"1";"2";"7";"2";"RD657";"48,9691990";"6,0507470"
"202000046305";"20";"6";"2020";"12:35";"1";"14";"14294";"2";"1";"1";"6";"24 Chemin de la Haie Morin";"49,1012730";" -0,2879910"
"202000046306";"26";"6";"2020";"09:55";"1";"05";"05164";"2";"1";"1";"6";"RN94";"44,5262590";"6,4070910"
"202000046307";"26";"6";"2020";"15:30";"1";"50";"50399";"1";"9";"1";"7";"D106";"48,6918850";" -1,2101550"
"202000046308";"26";"6";"2020";"11:40";"1";"50";"50453";"1";"2";"1";"3";"Avenue du President";"48,8454850";" -1,2012430"
"202000046309";"23";"6";"2020";"18:10";"1";"45";"45098";"2";"1";"1";"6";"Rue du Moulin";"47,8168635";"1,7658079"
"202000046310";"25";"6";"2020";"17:15";"1";"64";"64160";"2";"3";"1";"3";"1 Rue Etchegorria";"43,3623880";" -1,4070920"
"202000046311";"25";"6";"2020";"19:20";"1";"18";"18100";"2";"4";"7";"3";"8 Rue du Haut Bourg";"47,1930150";"1,8952920"
"202000046312";"26";"6";"2020";"05:38";"2";"40";"40303";"1";"1";"1";"6";"Route de Montine";"44,0900820";" -0,9177020"
"202000046313";"25";"6";"2020";"08:50";"1";"85";"85128";"2";"2";"1";"3";"Boulevard de l'Océan";"46,4511420";" -1,1598840"
"202000046314";"25";"6";"2020";"23:30";"3";"27";"27065";"1";"1";"1";"7";"Rue Louis Gillain";"49,3497370";"0,3674360"
"202000046315";"25";"6";"2020";"23:10";"3";"17";"17041";"1";"1";"1";"3";"D116";"46,1894570";" -0,8288240"
"202000046316";"26";"6";"2020";"07:20";"1";"52";"52057";"1";"1";"1";"1";"D227";"48,3521780";"4,8808370"
"202000046317";"25";"6";"2020";"19:00";"2";"24";"24194";"2";"8";"1";"6";"Rue du Grand Caminel";"44,8339910";"0,3387040"
"202000046318";"26";"6";"2020";"11:40";"1";"06";"06161";"1";"1";"1";"2";"91 Chemin du Val de Pomme";"43,6259220";"7,1161510"
"202000046319";"26";"6";"2020";"10:30";"1";"69";"69089";"2";"1";"2";"6";"14 Rue des Ecoles";"45,7378290";"4,7732660"
"202000046320";"26";"6";"2020";"10:15";"1";"45";"45169";"1";"1";"1";"6";"A10 PK 101+500 sens Paris Province";"47,8995736";"1,8052098"
"202000046321";"25";"6";"2020";"15:25";"1";"987";"98747";"1";"1";"1";"3";"RT3 PK 12+800 sens TAUTIRA / TARAVAO";" -17,7502400";" -149,1921470"
"202000046322";"24";"6";"2020";"07:05";"1";"971";"97112";"2";"2";"7";"1";"D203";"15,8702150";" -61,2813740"
"202000046323";"25";"6";"2020";"16:00";"1";"2B";"2B036";"1";"1";"1";"6";"D5";"42,5404810";"9,2964510"
"202000046324";"25";"6";"2020";"19:05";"1";"34";"34285";"1";"1";"1";"6";"D131";"43,5163200";"3,5138420"
"202000046325";"26";"6";"2020";"00:30";"3";"58";"58160";"1";"1";"1";"2";"Route de Marcé";"46,9903890";"3,1017920"
"202000046326";"25";"6";"2020";"16:40";"1";"74";"74080";"1";"2";"1";"3";"D909";"45,8869020";"6,4333960"
"202000046327";"26";"6";"2020";"07:55";"1";"38";"38449";"2";"2";"1";"3";"Boulevard de Tharabie";"45,6477650";"5,1018160"
"202000046328";"25";"6";"2020";"15:50";"1";"46";"46102";"2";"1";"1";" -1";"1 Rue Lucien Cavalie";"44,6073030";"2,0323460"
"202000046329";"26";"6";"2020";"12:15";"1";"64";"64261";"1";"1";"1";"4";"N 134";"43,1730810";" -0,5409690"
"202000046330";"25";"6";"2020";"10:00";"1";"27";"27016";"1";"1";"1";"7";"Cote de Clery";"49,2386830";"1,4252990"
"202000046331";"26";"6";"2020";"12:40";"1";"60";"60141";"2";"1";"1";"6";"Avenue du Général Leclerc";"49,1841890";"2,4598320"
"202000046332";"26";"6";"2020";"12:05";"1";"80";"80685";"1";"9";"8";"3";"Autoroute A1";"49,7217393";"2,7778146"
"202000046333";"25";"6";"2020";"12:00";"1";"13";"13005";"1";"1";"1";"6";"A50-Sens Aubagne vers Marseille";"43,2886595";"5,5492683"
"202000046334";"24";"6";"2020";"22:20";"3";"13";"13085";"1";"1";"1";" -1";"A50-Sens Aubagne vers Toulon";"43,2468770";"5,5962610"
"202000046335";"24";"6";"2020";"17:20";"1";"13";"13005";"1";"1";"1";"7";"A50 - Sens Aubagne vers Marseille";"43,2690344";"5,5881518"
"202000046336";"24";"6";"2020";"22:40";"5";"83";"83137";"1";"1";"1";"7";"A50 Accès Tunnel Tube Nord";"43,1250600";"5,9062500"
"202000046337";"25";"6";"2020";"13:10";"1";"69";"69199";"1";"1";"1";"3";"A7 ";"45,6936772";"4,8434024"
"202000046338";"25";"6";"2020";"14:30";"1";"92";"92002";"1";"1";"1";"5";"AUTOROUTE A86";"48,7632364";"2,3053090"
"202000046339";"25";"6";"2020";"20:11";"1";"92";"92036";"1";"1";"1";"6";"RN315 Y";"48,9290645";"2,3024780"
"202000046340";"24";"6";"2020";"10:45";"1";"92";"92036";"1";"1";"1";"4";"A86";"48,9343472";"2,2696661"
"202000046341";"25";"6";"2020";"18:15";"1";"92";"92036";"1";"1";"1";"4";"AUTOROUTE A86";"48,9383900";"2,3133000"
"202000046342";"25";"6";"2020";"10:30";"1";"95";"95604";"1";"1";"1";"2";" A1";"49,1231200";"2,5567700"
"202000046343";"25";"6";"2020";"11:30";"1";"93";"93006";"1";"1";"1";"3";"AUTOROUTE A3";"48,8665700";"2,4240200"
"202000046344";"25";"6";"2020";"09:30";"1";"93";"93066";"1";"1";"1";"2";"AUTOROUTE A1";"48,9299700";"2,3635300"
"202000046345";"24";"6";"2020";"17:30";"1";"93";"93005";"1";"1";"7";"5";"AUTOROUTE A1";"48,9607200";"2,4679000"
"202000046346";"24";"6";"2020";"14:00";"1";"93";"93007";"1";"1";"1";"7";"AUTOROUTE A3";"48,9207100";"2,4793700"
"202000046347";"21";"6";"2020";"21:20";"1";"95";"95212";"1";"1";"1";"6";"A1";"49,0335500";"2,5413600"
"202000046348";"24";"6";"2020";"08:05";"1";"95";"95018";"1";"1";"1";"3";"A15";"48,9629200";"2,2653800"
"202000046349";"24";"6";"2020";"08:15";"1";"93";"93005";"1";"1";"1";"3";"AUTOROUTE A3";"48,9312500";"2,4809600"
"202000046350";"25";"6";"2020";"18:45";"1";"77";"77175";"1";"1";"1";"2";"A5b";"48,6653712";"2,6131588"
"202000046351";"25";"6";"2020";"16:55";"1";"94";"94022";"1";"1";"1";" -1";"A86 EXT";"48,7760000";"2,4293200"
"202000046352";"25";"6";"2020";"15:00";"1";"77";"77258";"1";"1";"1";" -1";"A4.W";"48,8323001";"2,6531658"
"202000046353";"25";"6";"2020";"10:30";"1";"94";"94017";"1";"1";"1";"2";"A4";"48,8276700";"2,5066500"
"202000046354";"25";"6";"2020";"08:40";"1";"93";"93051";"1";"1";"1";"2";"A4";"48,8352000";"2,5727000"
"202000046355";"24";"6";"2020";"19:45";"1";"94";"94046";"1";"1";"1";" -1";"A86 EXT";"48,8118278";"2,4491292"
"202000046356";"24";"6";"2020";"17:15";"1";"94";"94046";"1";"1";"1";" -1";"A86 EXT";"48,8155602";"2,4506905"
"202000046357";"24";"6";"2020";"15:15";"1";"94";"94073";"1";"1";"1";"2";"A86 EXT";"48,7551121";"2,3827400"
"202000046358";"16";"4";"2020";"20:05";"1";"91";"91657";"2";"3";"9";"3";"EDELWEISS (RUE DES)";"48,7005100";"2,4403420"
"202000046359";"26";"2";"2020";"19:40";"5";"06";"06069";"2";"1";"1";"3";"CANNES (ROUTE DE)  -RD 6085-";"43,6317700";"6,9571200"
"202000046360";"23";"6";"2020";"08:35";"1";"974";"97416";"1";"1";"1";"4";"TROIS MARRE (CHEMIN)";" -21,2983200";"55,4427900"
"202000046361";"24";"6";"2020";"09:45";"1";"972";"97209";"2";"9";"1";"3";"SALVADOR ALLENDE (AVENUE)";"14,6105800";" -61,0484000"
"202000046362";"24";"6";"2020";"07:25";"1";"69";"69149";"2";"1";"1";" -1";"EMILE ZOLA                          (BD)";"45,7181478";"4,8082500"
"202000046363";"24";"6";"2020";"06:40";"1";"971";"97113";"1";"9";"1";"3";"RN4 - SECTION RIVIERA";"16,2826700";" -61,2826700"
"202000046364";"24";"6";"2020";"01:30";"5";"2A";"2A004";"2";"6";"1";"7";"AVENUE DU DOCTEUR NOEL FRANCHINI";"41,9415778";"8,7561195"
"202000046365";"23";"6";"2020";"12:35";"1";"95";"95268";"2";"9";"1";"3";"AV DE STALINGRAD";"48,9733314";"2,4179389"
"202000046366";"24";"6";"2020";"19:18";"1";"91";"91434";"2";"1";"1";"1";"GRIBELETTE (BOULEVARD DE LA)";"48,6466000";"2,3583000"
"202000046367";"23";"6";"2020";"08:10";"1";"91";"91521";"2";"3";"1";"3";"REMY (RUE ALBERT)";"48,6592500";"2,4052700"
"202000046368";"24";"6";"2020";"15:00";"1";"91";"91657";"2";"2";"1";"7";"LONGUERAIE (RUE DE LA ) FOSSE MONTALBOT";"48,7166880";"2,4377310"
"202000046369";"24";"6";"2020";"11:30";"1";"91";"91174";"2";"3";"7";"3";"PARIS (RUE)";"48,6026010";"2,4691580"
"202000046370";"24";"6";"2020";"18:00";"1";"90";"90010";"2";"3";"1";"6";"CRONSTADT (RUE DE)";"47,6310500";"6,8607400"
"202000046371";"23";"6";"2020";"15:31";"1";"87";"87085";"2";"1";"1";"6";"BOURGEOIS (RUE LEON)";"45,8423600";"1,2445000"
"202000046372";"22";"6";"2020";"12:35";"1";"83";"83009";"2";"4";"1";"1";"PIERREPLANE (BD DE)";"43,1401800";"5,7400600"
"202000046373";"24";"6";"2020";"20:47";"1";"83";"83069";"1";"1";"1";"6";"ST LAZARE (CHEMIN)";"43,1168400";"6,1701800"
"202000046374";"23";"6";"2020";"19:00";"1";"80";"80021";"2";"1";"1";"6";"LA CANTATE À TROIS VOIES";"49,8794270";"2,2792340"
"202000046375";"23";"6";"2020";"15:35";"1";"80";"80131";"2";"1";"1";"3";"MICHEL STROGOFF (BOULEVARD°";"49,8652500";"2,3712200"
"202000046376";"24";"6";"2020";"17:25";"1";"78";"78440";"2";"1";"1";"6";"CHARDONNERETS (RUE DES)";"48,9931800";"1,9167600"
"202000046377";"24";"6";"2020";"16:56";"1";"78";"78440";"2";"2";"1";"3";"PRÉS (AVENUE DES)";"48,9990300";"1,9134300"
"202000046378";"19";"6";"2020";"23:30";"5";"77";"77226";"2";"1";"1";"7";"COMMIER (CHEMIN DU)";"48,4508400";"2,7700700"
"202000046379";"23";"6";"2020";"18:42";"1";"76";"76682";"1";"3";"1";"1";"VILLAGE RUE DU";"49,3188300";"1,1139400"
"202000046380";"23";"6";"2020";"14:15";"1";"73";"73031";"1";"1";"1";"4";"RN 201 (VRU)";"45,5721850";"5,9359620"
"202000046381";"24";"6";"2020";"21:15";"1";"69";"69256";"2";"1";"1";"3";"VOLTAIRE                            (CH)";"45,7755100";"4,9243100"
"202000046382";"24";"6";"2020";"20:00";"1";"69";"69256";"2";"1";"7";"1";"FERME (DE LA)                       (CH)";"45,7867900";"4,9138000"
"202000046383";"23";"6";"2020";"21:15";"1";"69";"69256";"2";"9";"2";"3";"8 MAI 1945 (DU)                     (AV)";"45,7873700";"4,9164900"
"202000046384";"23";"6";"2020";"16:30";"1";"64";"64448";"2";"1";"1";"2";"LESCAR DE (ROCADE)";"43,3457000";" -0,4498000"
"202000046385";"20";"6";"2020";"15:20";"1";"64";"64122";"2";"3";"1";"7";"HENRI HAGET (AVENUE)";"43,4810262";" -1,5399259"
"202000046386";"24";"6";"2020";"10:20";"1";"64";"64102";"2";"1";"1";"3";"ESTUNARD (Marais de l')";"43,4926200";" -1,4943000"