"Num_Acc";"jour";"mois";"an";"hrmn";"lum";"dep";"com";"agg";"int";"atm";"col";"adr";"lat";"long"
"202000046387";"24";"6";"2020";"02:50";"5";"64";"64024";"2";"1";"1";"7";"VAGUES (AVENUE DES)";"43,4984500";" -1,5441000"
"202000046388";"23";"6";"2020";"18:32";"1";"63";"63164";"2";"1";"1";"7";"LIMAGNE (RUE DE LA)";"45,8326490";"3,1443971"
"202000046389";"23";"6";"2020";"19:55";"1";"51";"51454";"2";"5";"1";"2";"Rue de Courlancy";"49,2390605";"4,0310918"
"202000046390";"23";"6";"2020";"13:56";"1";"49";"49246";"2";"1";"1";"2";"CHAUVIN AVENUE";"47,4300000";" -0,5419500"
"202000046391";"4";"1";"2020";"11:50";"1";"06";"06074";"1";"1";"1";"7";"M2565";"43,9587100";"7,3007000"
"202000046392";"3";"1";"2020";"13:27";"1";"06";"06059";"1";"1";"1";"6";"111 Avenue des Diables Bleus";"43,7224740";"7,3340900"
"202000046393";"3";"1";"2020";"21:10";"3";"05";"05106";"1";"1";"1";"7";"Chemin du Serre";"44,5495077";"6,3290052"
"202000046394";"4";"1";"2020";"02:00";"3";"07";"07188";"1";"1";"2";"6";"Route de Saint Alban d'Ay";"45,1897624";"4,6732267"
"202000046395";"4";"1";"2020";"10:20";"1";"28";"28378";"1";"1";"1";"3";"La Brosse";"48,2822750";"0,8730290"
"202000046396";"1";"1";"2020";"02:30";"3";"17";"17312";"1";"4";"1";"7";"RD 145 ";"45,3508840";" -0,6428110"
"202000046397";"2";"1";"2020";"11:45";"1";"30";"30082";"2";"1";"1";"7";"Route de Langlade";"43,8229010";"4,2276120"
"202000046398";"3";"2";"2020";"08:15";"1";"83";"83061";"1";"9";"1";"5";"RUE DES COMBATTANTS D'AFRIQUE DU NORD";"43,5095310";"6,7155500"
"202000046399";"4";"1";"2020";"17:00";"2";"08";"08090";"1";"1";"8";"1";"D19";"49,6238990";"5,1424940"
"202000046400";"4";"2";"2020";"09:00";"2";"78";"78133";"2";"1";"1";"3";"POISSY (DE)";"48,9147280";"2,0400500"
"202000046401";"3";"1";"2020";"19:30";"3";"978";"97801";"1";"1";"1";"1";"RN 7 - Grand Case";"18,0793940";" -63,0613270"
"202000046402";"3";"1";"2020";"13:30";"1";"01";"01451";"1";"1";"1";"2";"A40";"46,2580727";"5,2275379"
"202000046403";"4";"2";"2020";"20:15";"5";"78";"78486";"2";"9";"1";"7";"PARIS (RUE DE COTE PAIR)";"48,6938074";"1,8537724"
"202000046404";"4";"1";"2020";"09:50";"1";"971";"97129";"1";"1";"1";"6";"Plessis Nogent";"16,3540110";" -61,7428890"
"202000046405";"5";"2";"2020";"22:00";"3";"77";"77294";"1";"1";"8";" -1";"ROUTE NATIONALE 2";"48,9976500";"2,6324400"
"202000046406";"3";"1";"2020";"17:45";"5";"83";"83071";"2";"1";"1";"2";"intersection avenue 1ère DFL - Rue de la Madrague";"43,1421110";"6,2438290"
"202000046407";"3";"1";"2020";"23:45";"3";"13";"13059";"1";"1";"1";"1";"D 556";"43,6132210";"5,4951950"
"202000046408";"4";"2";"2020";"10:40";"1";"77";"77475";"2";"2";"8";"6";"D603-JOFFRE (RUE DU MAL.)";"48,9577850";"2,9472860"
"202000046409";"3";"1";"2020";"20:30";"3";"67";"67028";"1";"1";"2";"1";"rd 5";"48,3759710";"7,5871840"
"202000046410";"3";"1";"2020";"17:45";"3";"07";"07034";"1";"1";"1";"6";"N/A";"44,3546824";"4,5667366"
"202000046411";"2";"2";"2020";"00:25";"5";"76";"76351";"2";"3";"1";"3";"CAVEE VERTE (RUE DE LA)";"49,5022100";"0,1034400"
"202000046412";"4";"1";"2020";"06:15";"3";"57";"57588";"1";"1";"9";"6";"D57";"49,4744850";"6,2463230"
"202000046413";"3";"1";"2020";"18:00";"3";"60";"60628";"1";"1";"2";"2";"Rue du Général de Gaulle";"49,4261918";"2,1317965"
"202000046414";"1";"1";"2020";"06:05";"4";"69";"69199";"1";"1";"5";"4";"A7";"45,6906635";"4,8455772"
"202000046415";"3";"2";"2020";"17:20";"2";"76";"76351";"2";"2";"2";"3";"Rue Pierre Curie";"49,5096100";"0,1276400"
"202000046416";"30";"1";"2020";"19:40";"5";"73";"73029";"2";"3";"2";" -1";"D1006 - CHALLES (ROUTE DE)";"45,5705011";"5,9485823"
"202000046417";"2";"2";"2020";"19:45";"5";"71";"71076";"2";"9";"2";"6";"Avenue Monnot";"46,7871290";"4,8583768"
"202000046418";"4";"2";"2020";"14:15";"1";"69";"69029";"2";"3";"1";"3";"LIONEL TERRAY                       (R )";"45,7296000";"4,8940000"
"202000046419";"3";"2";"2020";"21:40";"4";"66";"66136";"1";"1";"1";"2";"Départementale  617";"42,7148150";"2,9390410"
"202000046420";"3";"1";"2020";"13:25";"1";"91";"91689";"1";"1";"2";"6";"AUTOROUTE A6A";"48,7429200";"2,3223900"
"202000046421";"3";"2";"2020";"07:50";"2";"65";"65286";"2";"3";"1";"3";"MOULIN (AVENUE JEAN)";"43,1087210";" -0,0284930"
"202000046422";"3";"2";"2020";"17:20";"1";"64";"64122";"2";"1";"1";"1";"VERDUN (AVENUE DE)";"43,4813800";" -1,5452500"
"202000046423";"4";"2";"2020";"09:50";"1";"64";"64102";"2";"6";"2";"7";"AQUITAINE (AVENUE DE L')";"43,4869900";" -1,4685600"
"202000046424";"3";"2";"2020";"13:40";"1";"64";"64102";"2";"6";"1";"3";"BEYRIS (GIRATOIRE)";"43,4780000";" -1,4924200"
"202000046425";"9";"1";"2020";"13:40";"1";"63";"63113";"2";"1";"1";"6";"BLUM (AVENUE LEON)";"45,7675400";"3,0957800"
"202000046426";"9";"1";"2020";"19:25";"5";"63";"63113";"2";"2";"1";"3";"SABLON (COURS)";"45,7735405";"3,0901385"
"202000046427";"3";"2";"2020";"18:10";"5";"62";"62774";"2";"2";"2";"6";"COSTES ET BELLONTES (RUE)";"50,9574800";"1,8204030"
"202000046428";"4";"2";"2020";"15:20";"1";"59";"59017";"2";"1";"2";"6";"SAINT VAAST (PLACE)";"50,6869800";"2,8827400"
"202000046429";"4";"2";"2020";"22:45";"5";"54";"54184";"2";"2";"1";"3";"avenue de Brigachtal";"48,7007740";"6,2245760"
"202000046430";"3";"2";"2020";"18:30";"5";"50";"50218";"2";"2";"3";"6";"VENDEENS (AV DES)";"48,8295950";" -1,5672040"
"202000046431";"3";"2";"2020";"07:35";"5";"50";"50129";"2";"1";"1";"6";"MILLET (AVENUE JEAN-FRANCOIS)";"49,6339700";" -1,6211200"
"202000046432";"3";"2";"2020";"08:04";"2";"49";"49007";"2";"1";"1";"2";"SAUMUROISE IMPASSE ET RUE";"47,4591800";" -0,5354700"
"202000046433";"3";"2";"2020";"22:00";"5";"47";"47001";"2";"2";"1";"3";"PELLETAN (BOULEVARD EUGENE)";"44,1991600";"0,6263200"
"202000046434";"3";"1";"2020";"13:45";"1";"91";"91182";"1";"1";"2";"7";"RN 104";"48,6205377";"2,4253653"
"202000046435";"4";"2";"2020";"12:40";"1";"44";"44162";"2";"6";"1";"3";"ROUTE ARMOR";"47,2255600";" -1,6223700"
"202000046436";"4";"2";"2020";"09:45";"1";"44";"44109";"2";"1";"1";"6";"Boulevard Robert Schuman";"47,2416500";" -1,5733700"
"202000046437";"4";"2";"2020";"12:50";"1";"37";"37261";"2";"1";"1";"5";"GRAMMONT (AVENUE DE)";"47,3856158";"0,6909247"
"202000046438";"4";"2";"2020";"12:20";"1";"37";"37261";"2";"2";"1";"3";"RICHER (RUE FRANCOIS)";"47,3833427";"0,6661874"
"202000046439";"4";"2";"2020";"08:00";"1";"37";"37195";"2";"3";"1";"3";"CHER (LEVEE DU)";"47,3761775";"0,6521925"
"202000046440";"4";"2";"2020";"16:15";"1";"35";"35238";"2";"1";"8";"2";"METZ (BD DE)";"48,1204700";" -1,6616900"
"202000046441";"3";"2";"2020";"17:15";"2";"34";"34108";"1";"9";"1";"1";"RD 612";"43,4219100";"3,7395300"
"202000046442";"4";"2";"2020";"14:15";"1";"34";"34172";"2";"1";"1";"4";"TOULOUSE (AVENUE DE";"43,5943100";"3,8608100"
"202000046443";"2";"2";"2020";"05:25";"5";"34";"34032";"2";"9";"1";"3";"FABRE (AV.DU DOCTEUR JEAN MARIE)";"43,3546200";"3,2299800"
"202000046444";"5";"2";"2020";"02:00";"5";"33";"33063";"2";"6";"1";"1";"ALL HAUSMANN / PCE RAVEZIES";"44,8658200";" -0,5751400"
"202000046445";"4";"2";"2020";"17:50";"1";"33";"33550";"2";"2";"1";"3";"Avenue des Pyrénées";"44,7786700";" -0,5664000"
"202000046446";"3";"1";"2020";"14:38";"3";"91";"91589";"1";"1";"1";"4";"A6";"48,6783188";"2,3358550"
"202000046447";"27";"1";"2020";"07:20";"2";"33";"33075";"2";"2";"1";"6";"AVE DU LAC / RUE DAUGERE / RUE DE FIEUZAL";"44,8853260";" -0,5923200"
"202000046448";"3";"1";"2020";"00:00";"3";"91";"91659";"1";"1";"1";"6";"AUTOROUTE A6";"48,5803569";"2,4606939"
"202000046449";"4";"2";"2020";"08:15";"2";"32";"32013";"2";"1";"3";"7";"ROUGE-GORGES";"43,6394200";"0,5903600"
"202000046450";"3";"1";"2020";"18:28";"3";"78";"78545";"1";"1";"2";"6";"A12 W";"48,8091900";"2,0545330"
"202000046451";"3";"2";"2020";"23:15";"5";"31";"31555";"2";"1";"1";"6";"R-PT CHARLES FABRE";"43,5744100";"1,4054400"
"202000046452";"3";"1";"2020";"17:50";"3";"92";"92047";"1";"1";"1";"2";"A4";"48,8363264";"2,1847581"
"202000046453";"3";"2";"2020";"08:10";"1";"31";"31555";"2";"1";"1";"2";"AV DE FRONTON";"43,6635719";"1,4307684"
"202000046454";"3";"1";"2020";"14:39";"1";"95";"95675";"1";"1";"1";"3";"AUTOROUTE A1";"49,0588800";"2,5504000"
"202000046455";"5";"2";"2020";"00:55";"5";"30";"30007";"2";"1";"1";"6";"BLANC (BD LOUIS)";"44,1262000";"4,0799000"
"202000046456";"21";"5";"2020";"21:15";"5";"69";"69034";"2";"3";"1";"2";"PASTEUR                             (R )";"45,7951800";"4,8474400"
"202000046457";"3";"1";"2020";"12:20";"1";"93";"93010";"1";"1";"1";"7";"AUTOROUTE A3";"48,8880300";"2,4739000"
"202000046458";"21";"5";"2020";"22:20";"3";"971";"97101";"1";"1";"1";"3";"COCOYER";"16,2922200";" -61,4890500"
"202000046459";"2";"1";"2020";"17:15";"3";"60";"60494";"1";"1";"2";"6";"AUTOROUTE A1";"49,1366200";"2,5661400"
"202000046460";"21";"5";"2020";"19:40";"3";"971";"97113";"1";"1";"1";"5";"PETIT HAVRE (SECTEUR)";"16,2158900";" -61,4225900"
"202000046461";"20";"5";"2020";"08:00";"1";"86";"86194";"1";"9";"1";"3";"Route de Bonnes";"46,5842800";"0,3937400"
"202000046462";"21";"5";"2020";"13:35";"1";"76";"76575";"2";"1";"1";"6";"VAL L'ABBE. RUE DU";"49,3852400";"1,0995700"
"202000046463";"21";"5";"2020";"17:45";"1";"76";"76447";"2";"1";"1";"3";"PIERRE MENDES FRANCE";"49,5296900";"0,1816000"
"202000046464";"2";"1";"2020";"14:00";"1";"95";"95252";"1";"1";"1";"2";"AUTOROUTE A15";"48,9767900";"2,2349600"
"202000046465";"31";"1";"2020";"11:45";"1";"29";"29019";"2";"3";"1";"6";"Rue Amiral Troude";"48,3871318";" -4,4765399"
"202000046466";"2";"1";"2020";"08:40";"2";"92";"92036";"1";"1";"2";"2";"RN 315 ";"48,9366000";"2,2997400"
"202000046467";"2";"1";"2020";"05:39";"1";"60";"60494";"1";"1";"1";"3";"N/A";"49,1372923";"2,5667059"
"202000046468";"1";"1";"2020";"09:30";"1";"93";"93007";"1";"1";"1";"2";"AUTOROUTE A1";"48,9435800";"2,4360300"
"202000046469";"26";"8";"2020";"10:15";"1";"93";"93048";"2";"2";"1";"6";"EMILE BEAUFILS (RUE)";"48,8757000";"2,4591000"
"202000046470";"26";"8";"2020";"13:55";"1";"93";"93006";"2";"9";"1";"3";"GAL DE GAULLE AV. DU";"48,8637000";"2,4167000"
"202000046471";"25";"8";"2020";"20:15";"2";"93";"93032";"1";"1";"1";"6";"R DE PARIS";"48,8656400";"2,5649000"
"202000046472";"1";"1";"2020";"04:20";"5";"93";"93066";"1";"1";"1";"2";"AUTOROUTE A1";"48,9175200";"2,3576700"
"202000046473";"22";"5";"2020";"17:50";"1";"72";"72181";"2";"1";"1";" -1";"JAURES JEAN (AV) N° PAIRS 60 ET >";"47,9855200";"0,2093600"
"202000046474";"26";"8";"2020";"15:05";"1";"93";"93010";"2";"1";"1";"3";"GALLIENI (AV.) DE 132 A 186";"48,9002790";"2,4654182"
"202000046475";"22";"5";"2020";"10:20";"1";"72";"72181";"2";"1";"1";"2";"ALLONNES PONT ROUGE (RTE D')";"47,9761900";"0,1676100"
"202000046476";"26";"8";"2020";"13:40";"1";"93";"93010";"2";"1";"1";"6";"AV QUATORZE JUILLET";"48,9130300";"2,4912900"
"202000046477";"3";"1";"2020";"11:40";"1";"94";"94017";"1";"1";"1";"4";"A4";"48,8267626";"2,5151501"
"202000046478";"1";"1";"2020";"06:35";"1";"974";"97416";"1";"1";"2";"6";"Route Nationale 1";" -21,2995430";"55,4225280"
"202000046479";"26";"8";"2020";"17:00";"1";"93";"93001";"2";"1";"1";"3";"FILLETTES (RUE DES)";"48,9145706";"2,3665667"
"202000046480";"24";"8";"2020";"18:20";"1";"92";"92078";"2";"1";"1";"3";"VERDUN (AVENUE) (IMPAIRS 1 A 25)";"48,9355070";"2,3338650"
"202000046481";"20";"1";"2020";"13:45";"1";"27";"27229";"2";"1";"1";"6";"CONCHES (ROUTE DE)";"49,0228000";"1,1239000"
"202000046482";"22";"5";"2020";"13:20";"1";"71";"71040";"2";"1";"1";"1";"Route de Mâcon";"46,6874523";"4,3906664"
"202000046483";"1";"1";"2020";"15:25";"1";"974";"97411";"2";"2";"1";"6";"Rue Labourdonnais";" -20,8765000";"55,4482500"
"202000046484";"26";"8";"2020";"15:10";"1";"92";"92036";"2";"2";"1";"3";"GABRIEL PERI (AVENUE) (101/129)";"48,9267260";"2,2946220"
"202000046485";"4";"2";"2020";"10:00";"1";"25";"25056";"2";"9";"1";"6";"WEISS RUE CHARLES";"47,2429400";"6,0091000"
"202000046486";"4";"2";"2020";"05:30";"5";"18";"18033";"2";"1";"1";"1";"MALLARME (RUE STEPHANE)";"47,0997000";"2,4103000"
"202000046487";"1";"1";"2020";"02:30";"5";"972";"97209";"2";"1";"1";"7";"BALATA (ROUTE DE)";"14,6283400";" -61,0726400"
"202000046488";"22";"5";"2020";"09:40";"1";"67";"67482";"2";"3";"1";"3";"ALBERT CALMETTE (RUE)";"48,5913230";"7,7092590"
"202000046489";"4";"2";"2020";"15:15";"1";"16";"16015";"2";"1";"1";"6";"271 Rue de Bordeaux";"45,6482240";"0,1423860"
"202000046490";"2";"1";"2020";"05:40";"5";"91";"91657";"2";"5";"2";"3";"HENRI BARBUSSE (AVENUE)";"48,7034000";"2,4313300"
"202000046491";"21";"5";"2020";"20:35";"2";"67";"67482";"2";"1";"1";"3";"ROMAINS (ROUTE DES)";"48,5780200";"7,7053680"
"202000046492";"1";"2";"2020";"22:55";"5";"14";"14220";"2";"1";"2";"6";"OLLIFFE (RUE)";"49,3610210";"0,0760728"
"202000046493";"21";"5";"2020";"19:05";"1";"67";"67482";"2";"1";"1";" -1";"ORBEY (RUE D )";"48,5622900";"7,7735600"
"202000046494";"1";"1";"2020";"05:30";"5";"78";"78220";"1";"3";"8";"3";"RN 10";"48,7257129";"1,8925358"
"202000046495";"4";"2";"2020";"23:30";"5";"13";"13213";"2";"5";"1";"3";"ESCADRILLE NORMANDIE NIEMEN";"43,3306800";"5,4102100"
"202000046496";"26";"8";"2020";"05:50";"5";"92";"92062";"2";"1";"1";"7";"GENERAL DE GAULLE (AVENUE DU)";"48,8851372";"2,2264454"
"202000046497";"20";"5";"2020";"18:36";"1";"67";"67482";"2";"9";"1";"2";"CERF BERR (RUE)";"48,5896820";"7,6910770"
"202000046498";"20";"5";"2020";"22:10";"3";"67";"67482";"2";"1";"1";"6";"PERIGUEUX (RUE DE)";"48,5480700";"7,7690500"
"202000046499";"20";"5";"2020";"17:10";"1";"67";"67482";"2";"1";"1";"6";"NEUHOF (ROUTE)";"48,5514000";"7,7659600"
"202000046500";"20";"5";"2020";"16:55";"1";"67";"67482";"2";"3";"1";"2";"ARTHUR RIMBAUD (RUE)";"48,5889130";"7,7140690"
"202000046501";"22";"5";"2020";"11:00";"1";"63";"63063";"1";"6";"1";"3";"giratoire Est RM2009/RM2";"45,8289515";"3,1144950"
"202000046502";"26";"8";"2020";"10:12";"1";"92";"92026";"2";"1";"1";"2";"VERDUN (DE 62 A FIN)";"48,9026600";"2,2585600"
"202000046503";"1";"1";"2020";"12:55";"1";"77";"77186";"1";"1";"5";"5";"RD 142 Glandée au grand veneur";"48,4627000";"2,6678000"
"202000046504";"4";"2";"2020";"19:30";"5";"13";"13211";"2";"1";"6";"3";"SAINT MENET (AVENUE DE)";"43,2892000";"5,4997000"
"202000046505";"20";"5";"2020";"18:48";"1";"63";"63113";"2";"2";"1";"6";"PASTEUR (BD)";"45,7714200";"3,0831200"
"202000046506";"4";"2";"2020";"19:20";"5";"13";"13204";"2";"1";"1";"6";"CHAVE (BOULEVARD)";"43,2956300";"5,3963100"
"202000046507";"22";"5";"2020";"22:30";"5";"59";"59350";"2";"9";"1";"3";"RUE DU PONT A FOURCHON";"50,6304600";"3,0232100"
"202000046508";"22";"5";"2020";"20:50";"1";"59";"59131";"2";"1";"1";"7";"Rue du Hooghe Porte";"50,9944700";"2,3664900"
"202000046509";"15";"4";"2020";"14:40";"1";"56";"56260";"2";"1";"1";"6";"PAIX(BLD DE LA) 1 A 39  ET 2 A 50";"47,6593500";" -2,7626400"
"202000046510";"25";"8";"2020";"10:30";"1";"92";"92004";"2";"1";"1";"3";"BAS ( RUE DES )";"48,9202082";"2,2887585"
"202000046511";"27";"8";"2020";"09:30";"1";"35";"35176";"1";"2";"1";"3";"Maupertuis";"47,8626790";" -1,8626170"
"202000046512";"1";"1";"2020";"19:00";"3";"71";"71040";"2";"2";"5";"3";"Route des Bizots";"46,7108423";"4,3948374"
"202000046513";"27";"8";"2020";"07:45";"1";"95";"95504";"1";"1";"1";"3";"A16";"49,1109760";"2,2559310"
"202000046514";"1";"1";"2020";"19:20";"5";"69";"69266";"2";"9";"1";"7";"EMILE ZOLA     (Cours)";"45,7678000";"4,8887000"
"202000046515";"2";"1";"2020";"23:30";"5";"64";"64024";"2";"1";"1";"7";"LAPORTE (AVENUE JEAN LEON)";"43,4867000";" -1,5013000"
"202000046516";"4";"2";"2020";"15:25";"1";"13";"13215";"2";"3";"6";"3";"Min (avenue du)";"43,3414820";"5,3731000"
"202000046517";"2";"1";"2020";"18:15";"5";"64";"64102";"2";"3";"1";"3";"MOUNEDE (AVENUE DE)";"43,4995700";" -1,4586500"
"202000046518";"4";"2";"2020";"12:30";"1";"13";"13204";"2";"1";"1";"3";"BLANCARDE (BOULEVARD)";"43,3027000";"5,3983000"
"202000046519";"26";"8";"2020";"17:40";"1";"01";"01090";"1";"2";"1";"3";"D93a";"46,0196450";"5,2182160"
"202000046520";"21";"5";"2020";"00:30";"5";"56";"56098";"2";"6";"1";"6";"Avenue Ambroise Croizat";"47,7774800";" -3,3445100"
"202000046521";"2";"1";"2020";"10:27";"1";"64";"64102";"2";"1";"1";"2";"RESPLANDY (AVENUE DU CAPITAINE)";"43,4851000";" -1,4596000"
"202000046522";"3";"2";"2020";"18:00";"3";"13";"13002";"1";"1";"1";"2";"JEAN GIONO (AVENUE)";"43,3336500";"5,4821580"
"202000046523";"2";"1";"2020";"07:50";"2";"59";"59508";"2";"3";"1";"6";"LILLE (RUE DE)MENIN A 8 MAI 1945";"50,7525968";"3,1207448"
"202000046524";"3";"2";"2020";"16:40";"1";"13";"13202";"2";"1";"1";"3";"TOURETTE (QUAI DE LA)";"43,2980000";"5,3630500"
"202000046525";"23";"8";"2020";"09:46";"1";"67";"67491";"2";"1";"1";"1";"Rue de Weislingen";"48,9051081";"7,2483441"
"202000046526";"3";"2";"2020";"12:15";"1";"13";"13215";"2";"6";"1";"7";"Min (avenue du)";"43,3405500";"5,3785500"
"202000046527";"20";"5";"2020";"11:00";"1";"56";"56121";"2";"1";"1";"6";"POISSONNIERE (RUE)";"47,7476400";" -3,3585500"
"202000046528";"27";"8";"2020";"10:57";"1";"22";"22200";"1";"1";"1";"3";"D16";"48,4861210";" -2,3336510"
"202000046529";"1";"1";"2020";"18:36";"5";"51";"51454";"2";"2";"8";"6";"Rue du Docteur Albert Schweitzer";"49,2828809";"4,0205589"
"202000046530";"4";"2";"2020";"22:20";"5";"13";"13063";"2";"1";"1";"1";"SAINT EXUPERY BOULEVARD";"43,5912400";"5,0068930"
"202000046531";"2";"1";"2020";"13:10";"1";"45";"45302";"2";"2";"8";"3";"RUE NATIONALE 20 - RUE GABRIEL DEBACQ ";"47,9545630";"1,8911450"
"202000046532";"24";"8";"2020";"15:45";"1";"83";"83023";"1";"1";"1";" -1";"A8";"43,4213050";"6,0761690"
"202000046533";"19";"5";"2020";"18:10";"1";"56";"56098";"2";"3";"1";"3";"DIDEROT (RUE  DENIS )";"47,7746300";" -3,3476300"
"202000046534";"15";"8";"2020";"21:00";"2";"85";"85223";"2";"1";"1";"6";"120 Rue Maurice Gandemer";"46,5628700";" -1,0840990"
"202000046535";"2";"1";"2020";"06:45";"2";"44";"44162";"2";"1";"1";"6";"Route de Vannes";"47,2561700";" -1,6364500"
"202000046536";"27";"8";"2020";"06:45";"1";"21";"21210";"1";"1";"1";"6";"A6";"47,2379860";"4,5802260"
"202000046537";"14";"5";"2020";"13:45";"1";"55";"55043";"2";"1";"1";"2";"REPUBLIQUE ( DE LA )";"49,1764000";"5,3804000"
"202000046538";"26";"8";"2020";"12:30";"1";"21";"21091";"1";"1";"1";"3";"A6";"47,1979290";"4,6594690"
"202000046539";"21";"5";"2020";"18:55";"1";"49";"49007";"2";"1";"1";"6";"PYRAMIDE ROUTE";"47,4511000";" -0,5194200"
"202000046540";"27";"8";"2020";"16:15";"1";"35";"35200";"1";"1";"3";"7";"Les Chesnonnières";"47,9578580";" -1,2243750"
"202000046541";"31";"1";"2020";"16:00";"1";"13";"13098";"1";"1";"1";"2";"COLLES CHEMIN DES";"43,4410130";"5,0206790"
"202000046542";"2";"1";"2020";"09:51";"1";"37";"37261";"2";"1";"1";"7";"GRAMMONT (AVENUE DE)";"47,3853376";"0,6909037"
"202000046543";"21";"5";"2020";"08:15";"1";"49";"49007";"2";"1";"1";"6";"MILLOT BOULEVARD JACQUES";"47,4546800";" -0,5332000"
"202000046544";"2";"1";"2020";"10:40";"1";"33";"33063";"2";"2";"1";"3";"RUE JUDAIQUE / RUE CHEVALIER";"44,8407630";" -0,5922660"
"202000046545";"20";"5";"2020";"07:34";"1";"49";"49007";"2";"1";"1";"3";"ROUSSILLON";"47,4826000";" -0,5307100"
"202000046546";"1";"1";"2020";"16:00";"1";"31";"31555";"2";"1";"1";"4";"ALL JEAN JAURES";"43,6090100";"1,4539900"
"202000046547";"27";"8";"2020";"06:55";"1";"29";"29095";"1";"1";"1";"2";"RN 12";"48,4544724";" -4,3730551"
"202000046548";"19";"5";"2020";"08:15";"1";"40";"40281";"1";"1";"1";"2";"SAINT-SEVER (AV DE)";"43,8760500";" -0,5065800"
"202000046549";"3";"2";"2020";"20:05";"5";"11";"11262";"2";"1";"1";" -1";"AUGE (BOULEVARD DU DR LEON)";"43,1877620";"3,0031380"
"202000046550";"25";"8";"2020";"17:00";"1";"56";"56117";"2";"2";"1";"3";"Rue du Guesclin";"47,8879600";" -2,8308140"
"202000046551";"22";"5";"2020";"12:03";"1";"37";"37261";"2";"3";"1";"6";"VICTOIRE (RUE DE LA)";"47,3948425";"0,6776524"
"202000046552";"9";"1";"2020";"16:45";"1";"11";"11069";"2";"2";"1";"7";"MOLIERE";"43,2163570";"2,3542860"
"202000046553";"22";"5";"2020";"15:55";"1";"34";"34172";"2";"1";"1";"7";"FABRE DE MORLHON (BOULEVARD JACQUES)";"43,5917800";"3,8785600"
"202000046554";"3";"2";"2020";"07:35";"5";"10";"10387";"2";"6";"2";"3";"AUXERRE (RUE)";"48,2786000";"4,0667000"
"202000046555";"1";"1";"2020";"04:45";"5";"31";"31555";"2";"1";"1";"1";"AV DES ETATS UNIS";"43,6496100";"1,4255400"
"202000046556";"4";"2";"2020";"16:30";"1";"06";"06069";"2";"1";"1";"7";"ZILLER (AVENUE PIERRE)";"43,6794440";"6,9478290"
"202000046557";"18";"8";"2020";"12:45";"1";"56";"56218";"1";"1";"2";"5";"Le Cota";"47,7404920";" -2,2694710"
"202000046558";"22";"5";"2020";"14:30";"1";"34";"34172";"2";"2";"1";"1";"VERDANSON (QUAI DU)";"43,6147700";"3,8811800"
"202000046559";"4";"2";"2020";"09:00";"1";"06";"06030";"2";"1";"1";"2";"AUBAREDE (CHEMIN DE L')";"43,5666100";"6,9867400"
"202000046560";"27";"5";"2020";"20:00";"1";"56";"56194";"2";"1";"1";"6";"Rue du Château";"47,5980210";" -2,0994830"
"202000046561";"3";"2";"2020";"09:40";"1";"03";"03185";"2";"1";"1";"6";"rue Émile Zola n° 42";"46,3610171";"2,5906038"
"202000046562";"2";"1";"2020";"21:00";"5";"30";"30189";"2";"3";"1";"3";"TRIAIRE SERGENT (BOULEVARD)";"43,8283300";"4,3600000"
"202000046563";"22";"5";"2020";"12:15";"1";"34";"34172";"2";"3";"1";"1";"SAINT LAZARE (AVENUE DE)";"43,6191400";"3,8865000"
"202000046564";"2";"1";"2020";"16:55";"1";"29";"29232";"2";"1";"1";"1";"Route de Rosporden";"47,9812000";" -4,0326300"
"202000046565";"26";"8";"2020";"19:55";"1";"82";"82055";"1";"1";"1";"6";"D3";"43,9241950";"0,9486540"
"202000046566";"2";"1";"2020";"08:00";"1";"13";"13039";"1";"1";"1";"3";"RN 545";"43,4331300";"4,9157900"
"202000046567";"22";"5";"2020";"09:55";"1";"34";"34003";"2";"1";"1";"6";"SERGENTS (I14 A K17";"43,2858300";"3,5123100"
"202000046568";"26";"8";"2020";"21:30";"3";"63";"63331";"2";"1";"1";"7";"D261";"45,4972074";"3,9198813"
"202000046569";"21";"5";"2020";"10:55";"1";"33";"33529";"1";"1";"1";"1";"RD804 BISCAROSSE (AVE) DUNE VERS BISCA";"44,5659600";" -1,2302200"
"202000046570";"4";"2";"2020";"16:55";"1";"01";"01289";"1";"2";"2";" -1";"D117A";"46,1803900";"5,1947300"
"202000046571";"15";"8";"2020";"16:15";"1";"63";"63126";"1";"1";"1";"3";"D213";"45,6851860";"3,1434260"
"202000046572";"4";"2";"2020";"10:10";"1";"75";"75120";"2";"4";"1";"3";"PORTE DE BAGNOLET";"48,8631390";"2,4134410"
"202000046573";"22";"5";"2020";"12:19";"1";"31";"31555";"2";"1";"1";"3";"Avenue des Etats Unis";"43,6479400";"1,4220100"
"202000046574";"27";"8";"2020";"00:30";"3";"42";"42282";"1";"1";"1";"6";"Route de Noiretable";"45,8788521";"3,8405712"
"202000046575";"2";"1";"2020";"17:05";"2";"13";"13215";"2";"1";"1";"2";"SAINT ANTOINE A SAINT JOSEPH (CHEMIN DE)";"43,3596188";"5,3647453"
"202000046576";"20";"5";"2020";"19:11";"1";"31";"31555";"2";"1";"1";"6";"BD DES RECOLLETS";"43,5838400";"1,4430900"
"202000046577";"9";"1";"2020";"19:20";"2";"75";"75116";"2";"4";"2";"3";"ECHANGEUR MAILLOT";"48,8752934";"2,2769433"
"202000046578";"2";"1";"2020";"05:45";"5";"13";"13206";"2";"2";"1";"3";"ITALIE (RUE D')";"43,2879500";"5,3834600"
"202000046579";"3";"2";"2020";"19:27";"5";"75";"75119";"2";"3";"3";"6";"RUE D AUBERVILLIERS";"48,8952950";"2,3720910"
"202000046580";"1";"1";"2020";"06:35";"5";"13";"13209";"2";"1";"1";"2";"MICHELET (BOULEVARD)";"43,2620343";"5,3971571"
"202000046581";"27";"8";"2020";"17:10";"1";"42";"42267";"1";"3";"1";"3";"Route de Marcigny";"46,1599590";"4,1018610"