"Num_Acc";"jour";"mois";"an";"hrmn";"lum";"dep";"com";"agg";"int";"atm";"col";"adr";"lat";"long"
"202000046582";"4";"2";"2020";"17:50";"5";"75";"75118";"2";"1";"8";"3";"RUE D AUBERVILLIERS";"48,8982940";"2,3704920"
"202000046583";"15";"8";"2020";"19:45";"2";"22";"22046";"1";"1";"1";"7";"La Ville Doualan";"48,3258620";" -2,5323380"
"202000046584";"4";"2";"2020";"11:15";"1";"75";"75117";"2";"1";"1";"2";"AVENUE DE CLICHY";"48,8927180";"2,3149610"
"202000046585";"20";"5";"2020";"10:00";"1";"30";"30189";"2";"1";"1";"6";"DEBUSSY CLAUDE (PLACE)";"43,8236000";"4,3361000"
"202000046586";"25";"8";"2020";"17:10";"1";"39";"39164";"2";"3";"1";"3";"N/A";"46,6525300";"5,6003120"
"202000046587";"22";"5";"2020";"16:50";"1";"29";"29232";"1";"1";"1";"6";"Route de Concarneau";"47,9577527";" -4,0472453"
"202000046588";"1";"1";"2020";"00:30";"5";"13";"13214";"2";"3";"1";" -1";"BUREL (BOULEVARD)";"43,3173566";"5,3898722"
"202000046589";"27";"8";"2020";"10:55";"1";"25";"25403";"2";"3";"8";"7";"Rue des Creux";"47,0436510";"6,6062060"
"202000046590";"22";"5";"2020";"15:55";"1";"27";"27229";"2";"1";"2";"4";"VERNON (RUE DE)";"49,0299100";"1,1628000"
"202000046591";"2";"1";"2020";"16:30";"1";"13";"13001";"2";"1";"1";"3";"GALICE (RTE)";"43,5282400";"5,4321900"
"202000046592";"4";"2";"2020";"18:50";"5";"75";"75116";"2";"7";"1";"3";"PORTE MAILLOT";"48,8770650";"2,2833930"
"202000046593";"4";"2";"2020";"18:30";"5";"75";"75116";"2";"2";"1";"3";"AVENUE DU MAHATMA GANDHI";"48,8758410";"2,2621990"
"202000046594";"22";"5";"2020";"20:08";"1";"17";"17300";"2";"1";"1";" -1";"GRASSET   AVENUE EDMOND (85T-15)";"46,1635600";" -1,1696600"
"202000046595";"22";"5";"2020";"12:30";"1";"13";"13201";"2";"1";"1";"6";"MARSEILLAISES (PLACE DES)    IMPAIRS";"43,3019100";"5,3797200"
"202000046596";"22";"5";"2020";"05:25";"2";"13";"13047";"1";"1";"1";"6";"D.5";"43,5840000";"4,9461800"
"202000046597";"26";"8";"2020";"14:45";"1";"25";"25558";"2";"4";"8";"3";"Grande Rue";"47,1564090";"6,1130250"
"202000046598";"2";"1";"2020";"18:10";"5";"06";"06069";"1";"1";"1";"1";"CANNES (ROUTE DE)  -RD 6085-";"43,6385322";"6,9502777"
"202000046599";"21";"5";"2020";"08:05";"1";"11";"11069";"2";"2";"1";"3";"GOUT HENRI -AVENUE N° PAIRS";"43,2105700";"2,3449900"
"202000046600";"23";"8";"2020";"17:00";"1";"38";"38022";"1";"1";"1";" -1";"Route des Nappes";"45,6472670";"5,5751520"
"202000046601";"16";"8";"2020";"15:25";"1";"06";"06150";"1";"1";"1";"6";"Avenue de Cap d'Ail";"43,7288560";"7,3929510"
"202000046602";"22";"5";"2020";"05:10";"5";"06";"06088";"2";"1";"1";"6";"49 AV HENRI MATISSE";"43,6745320";"7,2119410"
"202000046603";"27";"8";"2020";"20:12";"1";"14";"14286";"1";"3";"2";"3";"Route de Saint-gatien";"49,3554700";"0,2329940"
"202000046604";"21";"5";"2020";"12:30";"1";"06";"06088";"2";"1";"1";"1";"MAGNAN (CORNICHE DE)";"43,7098000";"7,2371920"
"202000046605";"27";"8";"2020";"15:00";"1";"07";"07010";"2";"1";"7";"7";"Chemin Chamieux";"45,2388785";"4,6939769"
"202000046606";"22";"5";"2020";"09:55";"1";"06";"06027";"2";"2";"1";"1";"TRAVAILS CHEMIN DES";"43,6704000";"7,1340000"
"202000046607";"24";"8";"2020";"23:30";"3";"53";"53084";"2";"1";"1";"6";"chemin du verger";"47,8387760";" -0,9524520"
"202000046608";"2";"1";"2020";"15:15";"1";"06";"06027";"2";"1";"1";"3";"GRASSE AVENUE DE";"43,6560500";"7,1466400"
"202000046609";"26";"8";"2020";"20:20";"3";"04";"04104";"1";"1";"1";"7";"RD 950";"43,9751337";"5,7327551"
"202000046610";"4";"2";"2020";"15:55";"1";"75";"75115";"2";"1";"1";"1";"RUE CAMBRONNE";"48,8408360";"2,3039280"
"202000046611";"2";"1";"2020";"14:30";"1";"02";"02738";"2";"3";"2";"3";"RAYMOND POINCARE";"49,6555270";"3,3142490"
"202000046612";"22";"5";"2020";"08:33";"1";"05";"05061";"2";"9";"1";"3";"GEORGES POMPIDOU ( BD)";"44,5574700";"6,0815500"
"202000046613";"26";"8";"2020";"11:38";"1";"04";"04176";"1";"1";"1";"1";"RD 111";"43,7551960";"6,1405610"
"202000046614";"4";"2";"2020";"13:45";"1";"75";"75112";"2";"3";"1";"6";"RUE LEGRAVEREND";"48,8460890";"2,3757000"
"202000046615";"21";"5";"2020";"23:00";"5";"05";"05061";"2";"6";"1";"2";"COMMANDANT DUMONT ( AVENUE)";"44,5620900";"6,0839200"
"202000046616";"26";"8";"2020";"10:15";"1";"88";"88487";"1";"1";"1";"2";"Le Petit Moulin";"47,9501270";"6,4632010"
"202000046617";"2";"1";"2020";"10:05";"1";"01";"01344";"1";"2";"1";"3";"MERMOZ (RUE JEAN) IMPAIR";"46,1907200";"5,1967200"
"202000046618";"27";"8";"2020";"11:30";"1";"72";"72065";"1";"9";"1";"6";"Avenue du Mans";"48,0423410";"0,1737000"
"202000046619";"2";"1";"2020";"00:20";"3";"01";"01053";"1";"6";"5";"6";"D117A";"46,2184020";"5,2648310"
"202000046620";"4";"2";"2020";"09:22";"1";"75";"75112";"2";"2";"2";"3";"RUE VAN GOGH";"48,8434330";"2,3707240"
"202000046621";"16";"8";"2020";"17:50";"1";"95";"95554";"1";"1";"2";"5";"D983";"49,1845210";"1,7824730"
"202000046622";"1";"1";"2020";"18:15";"5";"75";"75113";"2";"4";"2";"7";"BD PERIPHERIQUE INTERIEUR";"48,8259072";"2,3868917"
"202000046623";"20";"5";"2020";"11:30";"1";"05";"05061";"1";"9";"1";"3";"PIGNEROL ( AVENUE DE )";"44,5653353";"6,0927502"
"202000046624";"4";"2";"2020";"08:05";"1";"75";"75107";"2";"2";"2";"3";"AVENUE DU MARECHAL GALLIENI";"48,8610430";"2,3132410"
"202000046625";"27";"8";"2020";"10:25";"1";"91";"91338";"2";"1";"1";"6";"4 Rue du Couvent";"48,6451740";"2,0762390"
"202000046626";"2";"1";"2020";"07:30";"5";"75";"75114";"2";"4";"2";"7";"AVENUE DU MAINE";"48,8318352";"2,3252316"
"202000046627";"20";"5";"2020";"21:00";"1";"03";"03310";"2";"1";"1";"6";"Avenue Aristide Briand";"46,1209398";"3,4193957"
"202000046628";"4";"2";"2020";"19:10";"4";"75";"75101";"2";"1";"1";" -1";"PLACE VENDOME";"48,8673690";"2,3300860"
"202000046629";"26";"8";"2020";"12:21";"1";"2B";"2B298";"2";"2";"1";"3";"D81";"42,6825220";"9,3051620"
"202000046630";"20";"5";"2020";"13:10";"1";"75";"75113";"2";"1";"1";"3";"PORTE D ITALIE";"48,8162240";"2,3639410"
"202000046631";"1";"1";"2020";"03:15";"5";"75";"75120";"2";"3";"1";"3";"RUE DE MENILMONTANT";"48,8691163";"2,3914520"
"202000046632";"26";"8";"2020";"13:45";"1";"25";"25526";"2";"3";"8";"7";"Rue de Besançon";"47,5028880";"6,7717620"
"202000046633";"4";"2";"2020";"18:20";"5";"75";"75102";"2";"2";"1";"3";"BOULEVARD DES ITALIENS";"48,8710840";"2,3348190"
"202000046634";"1";"1";"2020";"22:20";"5";"75";"75117";"2";"3";"1";"3";"BOULEVARD DES BATIGNOLLES";"48,8832281";"2,3253261"
"202000046635";"27";"8";"2020";"07:10";"2";"89";"89380";"1";"1";"1";"6";"A6";"48,0778331";"3,0588361"
"202000046636";"4";"2";"2020";"16:35";"1";"94";"94042";"2";"1";"8";"2";"CHAPSAL (R)";"48,8228226";"2,4656733"
"202000046637";"27";"8";"2020";"02:50";"5";"68";"68154";"2";"1";"1";"6";"5 Rue de Mulhouse";"47,7796760";"7,3475690"
"202000046638";"2";"1";"2020";"08:45";"1";"75";"75107";"2";"7";"2";"7";"RUE DE GRENELLE";"48,8584246";"2,3133400"
"202000046639";"22";"5";"2020";"15:05";"1";"75";"75115";"2";"2";"1";"7";"PLACE DU GENERAL BEURET";"48,8421120";"2,3030740"
"202000046640";"3";"2";"2020";"09:20";"1";"94";"94052";"2";"3";"1";"3";"STRASBOURG (BD DE)";"48,8419700";"2,4838000"
"202000046641";"4";"2";"2020";"11:30";"1";"94";"94003";"2";"4";"8";"3";"ARISTIDE BRIAND (AV)";"48,8096100";"2,3259500"
"202000046642";"26";"1";"2020";"05:50";"5";"94";"94041";"2";"1";"8";"3";"PIERRE ET MARIE CURIE (R)";"48,8141861";"2,3732910"
"202000046643";"4";"2";"2020";"09:10";"1";"94";"94033";"2";"1";"2";"3";"GASTON CHARLES (R)";"48,8440000";"2,4690000"
"202000046644";"2";"1";"2020";"16:05";"2";"75";"75113";"2";"1";"2";"3";"BOULEVARD VINCENT AURIOL";"48,8370602";"2,3732446"
"202000046645";"11";"8";"2020";"15:25";"1";"68";"68311";"1";"1";"1";"7";"Route du Schnepfenried";"47,9875310";"7,0595100"
"202000046646";"19";"8";"2020";"06:40";"1";"03";"03286";"1";"3";"8";"7";"N/A";"46,5060130";"3,3502325"
"202000046647";"15";"10";"2020";"17:30";"1";"78";"78537";"1";"1";"1";"2";"A10 - point kilométrique 024.170 - vers Paris";"48,5532620";"1,9308040"
"202000046648";"22";"5";"2020";"16:10";"1";"75";"75105";"2";"2";"1";"3";"RUE GAY LUSSAC";"48,8459340";"2,3412370"
"202000046649";"27";"8";"2020";"08:30";"1";"73";"73250";"1";"1";"1";"7";"D79a";"45,2713520";"6,3830510"
"202000046650";"20";"10";"2020";"15:00";"1";"974";"97415";"2";"1";"1";"3";"D10";" -21,0456840";"55,2312000"
"202000046651";"22";"5";"2020";"13:40";"1";"75";"75119";"2";"1";"1";"6";"SOUTERRAIN PANTIN 1";"48,8879880";"2,3967210"
"202000046652";"23";"8";"2020";"13:00";"1";"73";"73054";"1";"1";"1";"7";"D902";"45,6831597";"6,7377001"
"202000046653";"22";"10";"2020";"14:00";"1";"974";"97408";"2";"1";"1";"3";"Rue Sarda Garriga";" -20,9322740";"55,3346400"
"202000046654";"22";"5";"2020";"17:50";"1";"75";"75118";"2";"3";"2";"3";"AVENUE DE SAINT OUEN";"48,8934080";"2,3275720"
"202000046655";"2";"1";"2020";"16:00";"1";"75";"75107";"2";"1";"1";"7";"BOULEVARD RASPAIL";"48,8535870";"2,3263320"
"202000046656";"27";"8";"2020";"11:15";"1";"42";"42005";"2";"3";"1";"3";"Avenue Benoit Fourneyron";"45,5262990";"4,2862770"
"202000046657";"22";"5";"2020";"15:35";"1";"75";"75115";"2";"2";"1";"3";"BOULEVARD VICTOR";"48,8360160";"2,2782010"
"202000046658";"2";"1";"2020";"12:15";"1";"75";"75103";"2";"4";"2";" -1";"RUE DE TURBIGO";"48,8662960";"2,3597890"
"202000046659";"22";"7";"2020";"18:00";"1";"38";"38474";"1";"1";"2";"4";"D531";"45,2103130";"5,6397840"
"202000046660";"29";"1";"2020";"22:30";"5";"94";"94028";"2";"1";"1";"3";"CHOISY(ROUTE DE)";"48,7747000";"2,4392100"
"202000046661";"19";"10";"2020";"02:15";"5";"971";"97116";"1";"1";"1";"7";"2683 Route Remy Nainsouta";"16,3299340";" -61,4929990"
"202000046662";"4";"2";"2020";"08:00";"2";"94";"94017";"2";"1";"1";"6";"ONZE NOVEMBRE 1918 (AV DU)";"48,8083900";"2,5384700"
"202000046663";"16";"10";"2020";"16:30";"1";"83";"83151";"1";"1";"1";"7";"D24 pk8";"43,4312372";"6,1330455"
"202000046664";"22";"10";"2020";"11:45";"1";"04";"04242";"1";"1";"2";"1";"RD 4096";"43,9078860";"5,8839670"
"202000046665";"22";"10";"2020";"02:30";"5";"71";"71176";"2";"3";"1";"6";"52 Rue Emile Zola";"46,4869483";"3,9997992"
"202000046666";"2";"1";"2020";"08:00";"2";"94";"94080";"2";"3";"2";"6";"CELINE ROBERT (Rue)";"48,8492800";"2,4197000"
"202000046667";"27";"8";"2020";"06:40";"2";"26";"26271";"1";"1";"1";"3";"Route du Dauphiné";"45,0267840";"4,8681240"
"202000046668";"2";"1";"2020";"17:20";"1";"94";"94046";"2";"2";"1";"1";"DANIELLE CASANOVA (R)";"48,8069409";"2,4554859"
"202000046669";"4";"2";"2020";"19:30";"5";"93";"93048";"2";"1";"1";"3";"STALINGRAD (RUE DE)";"48,8567640";"2,4449611"
"202000046670";"27";"8";"2020";"19:44";"1";"01";"01081";"1";"1";"1";"6";"D48";"46,1935570";"5,7956310"
"202000046671";"22";"10";"2020";"06:45";"5";"71";"71251";"1";"3";"1";"3";"D994";"46,9067280";"4,1872883"
"202000046672";"22";"5";"2020";"02:05";"5";"75";"75114";"2";"1";"1";"7";"AVENUE DU GENERAL LECLERC";"48,8324320";"2,3308830"
"202000046673";"2";"1";"2020";"16:25";"1";"94";"94041";"2";"1";"1";"3";"ERNEST RENAN (R)";"48,8112200";"2,3981200"
"202000046674";"3";"2";"2020";"23:20";"5";"93";"93047";"2";"2";"3";"3";"AV JEAN JAURES / AV DES LYS";"48,8984637";"2,5518898"
"202000046675";"27";"8";"2020";"08:00";"1";"81";"81215";"1";"3";"1";"6";"D14";"43,7851610";"1,8660880"
"202000046676";"2";"1";"2020";"14:15";"1";"94";"94019";"2";"9";"8";"2";"SUCY (R DE)";"48,7879400";"2,5208100"
"202000046677";"22";"10";"2020";"07:45";"2";"08";"08488";"1";"1";"9";"5";"A34";"49,7262890";"4,8300680"
"202000046678";"27";"8";"2020";"16:40";"1";"50";"50099";"1";"1";"2";"6";"N174";"49,3009000";" -1,1735150"
"202000046679";"2";"1";"2020";"14:25";"1";"94";"94017";"2";"1";"8";"2";"MARX DORMOY (AV)";"48,8119300";"2,5167000"
"202000046680";"2";"1";"2020";"18:55";"5";"93";"93078";"2";"1";"2";"6";"Avenue Jean Paul Sartre";"48,9587500";"2,5532300"
"202000046681";"27";"8";"2020";"11:30";"1";"80";"80386";"1";"2";"1";"2";"CD930 PK 15";"49,6846930";"2,5596210"
"202000046682";"22";"10";"2020";"08:00";"2";"22";"22277";"1";"2";"2";"3";"La Lande Huet d'En Bas";"48,3901800";" -2,8591110"
"202000046683";"4";"2";"2020";"18:50";"5";"93";"93008";"2";"1";"2";"3";"STALINGRAD (RUE DE) A10";"48,9157291";"2,4259797"
"202000046684";"21";"10";"2020";"21:30";"3";"22";"22330";"1";"1";"8";"7";"La Ville au Galle";"48,2369580";" -2,8580010"
"202000046685";"21";"10";"2020";"14:00";"1";"35";"35292";"1";"1";"2";"7";"Bas de la Lande";"48,3777750";" -1,3995770"
"202000046686";"3";"2";"2020";"18:11";"2";"93";"93007";"2";"1";"2";"4";"AV DU DESCARTES";"48,9503000";"2,4515000"
"202000046687";"22";"10";"2020";"19:30";"3";"60";"60116";"1";"6";"1";"2";"ZAC du bois noir";"49,3131630";"2,3353240"
"202000046688";"4";"2";"2020";"12:00";"1";"93";"93005";"2";"1";"8";"6";"R JACQUES DUCLOS";"48,9466576";"2,4930071"
"202000046689";"26";"8";"2020";"16:00";"1";"13";"13210";"2";"1";"1";"4";"A50-Sens Marseille vers Aubagne";"43,2858300";"5,4291100"
"202000046690";"22";"10";"2020";"16:00";"1";"02";"02163";"2";"3";"8";"3";"09 Route de Pavant";"48,9740900";"3,2822570"
"202000046691";"25";"8";"2020";"21:30";"3";"13";"13026";"1";"1";"1";"2";"A55-Sens Martigues vers Marseille";"43,3846200";"5,1509900"
"202000046692";"21";"10";"2020";"20:50";"3";"13";"13026";"1";"1";"1";"6";"A55-Sens Marseille vers Martigues";"43,3851500";"5,1503320"
"202000046693";"26";"8";"2020";"15:00";"1";"93";"93005";"1";"1";"1";"2";"AUTOROUTE A3";"48,9314200";"2,4811500"
"202000046694";"22";"5";"2020";"15:35";"1";"75";"75113";"2";"2";"1";"3";"RUE DUNOIS";"48,8321640";"2,3677300"
"202000046695";"26";"8";"2020";"17:00";"1";"94";"94046";"1";"1";"1";"2";"A86 INT";"48,8037700";"2,4482100"
"202000046696";"22";"5";"2020";"02:10";"5";"75";"75112";"2";"1";"1";"2";"QUAI DE LA RAPEE";"48,8436760";"2,3698750"
"202000046697";"20";"10";"2020";"22:15";"3";"13";"13071";"1";"1";"1";"7";"A55-Sens Martigues vers Marseille";"43,3901757";"5,3025454"
"202000046698";"24";"1";"2020";"13:25";"1";"61";"61168";"2";"1";"1";"7";"57 Avenue du Président Coty";"48,6003220";" -0,3586590"
"202000046699";"2";"1";"2020";"15:36";"1";"93";"93070";"2";"1";"2";"2";"Q DE SEINE";"48,9162497";"2,3247993"
"202000046700";"20";"10";"2020";"22:00";"3";"57";"57647";"1";"1";"1";"3";"Autoroute A30";"49,3305039";"6,0565649"
"202000046701";"18";"8";"2020";"11:30";"1";"988";"98818";"2";"2";"1";"5";"RUE AUGUSTE BRUN";" -22,2761100";"166,4466100"
"202000046702";"18";"10";"2020";"20:55";"3";"59";"59478";"1";"1";"1";"2";"AUTOROUTE A25";"50,9354030";"2,4660680"
"202000046703";"2";"1";"2020";"15:00";"1";"93";"93050";"2";"1";"8";"3";"GENERAL DE GAULLE (AVENUE)";"48,8582400";"2,5343400"
"202000046704";"12";"10";"2020";"11:00";"1";"59";"59043";"1";"1";"1";"3";"AUTOROUTE A25";"50,7245610";"2,7328430"
"202000046705";"22";"5";"2020";"18:45";"1";"75";"75108";"2";"2";"2";"7";"RUE ROYALE";"48,8683770";"2,3232670"
"202000046706";"24";"8";"2020";"16:30";"5";"974";"97407";"2";"1";"1";"3";"Rue Général Emile Roland";" -20,9363120";"55,2937020"
"202000046707";"2";"1";"2020";"13:10";"1";"93";"93048";"2";"2";"8";"3";"R DE PARIS / R ARMAND CARREL";"48,8547430";"2,4175910"
"202000046708";"25";"8";"2020";"17:20";"2";"973";"97302";"2";"1";"1";"1";"DALHIAS (RUE DES) CITE BONHOMME";"4,9211882";" -52,3181284"
"202000046709";"2";"1";"2020";"22:30";"5";"93";"93046";"2";"5";"1";"3";"BD JEAN JAURES / AV MONTESQUIEU";"48,9225000";"2,5243900"
"202000046710";"22";"5";"2020";"17:25";"1";"75";"75115";"2";"1";"2";"3";"BOULEVARD GENERAL MARTIAL VALIN";"48,8375020";"2,2729510"
"202000046711";"22";"5";"2020";"16:17";"1";"75";"75108";"2";"2";"1";"6";"QUAI DES TUILERIES";"48,8640690";"2,3201260"
"202000046712";"22";"5";"2020";"15:15";"1";"94";"94078";"2";"1";"1";"6";" PIERRE SEMARD (PL)";"48,7301700";"2,4468800"
"202000046713";"2";"1";"2020";"22:45";"5";"93";"93029";"2";"3";"1";"3";"JEAN JAURES (AVENUE)";"48,9181912";"2,4546863"
"202000046714";"2";"1";"2020";"14:43";"1";"93";"93007";"2";"1";"2";"2";"""PAUL VAILLANT COUTURIER (AVENUE """"DU 01";"48,9292800";"2,4799200"
"202000046715";"21";"10";"2020";"18:10";"1";"91";"91174";"1";"1";"1";"2";"RN 104";"48,6236000";"2,4671000"
"202000046716";"25";"8";"2020";"06:25";"2";"973";"97302";"2";"2";"1";"3";"CABASSOU (ROUTE DE)";"4,9206644";" -52,3218298"
"202000046717";"21";"10";"2020";"17:53";"1";"91";"91174";"1";"1";"1";"4";"RN 104";"48,6240800";"2,4682800"
"202000046718";"4";"2";"2020";"19:30";"5";"93";"93001";"2";"2";"1";"3";"R DE ST-DENIS / R FRANCIS DE PRESSENCE";"48,9231310";"2,3702420"
"202000046719";"22";"5";"2020";"00:00";"5";"94";"94042";"2";"3";"1";"6";"GENERAL GALLIENI (AV DU)";"48,8201200";"2,4752500"
"202000046720";"23";"7";"2020";"15:20";"1";"76";"76322";"2";"1";"1";"6";"LECLERC. AVENUE DU MARECHAL (CD 3)";"49,4125871";"1,0427735"
"202000046721";"25";"8";"2020";"21:00";"5";"69";"69387";"2";"3";"1";"3";"YVES FARGES                         (BD)";"45,7402800";"4,8317500"
"202000046722";"2";"1";"2020";"16:35";"2";"92";"92076";"2";"9";"8";"6";"JARDY HARAS";"48,8286480";"2,1515120"
"202000046723";"21";"10";"2020";"12:35";"1";"77";"77251";"1";"1";"1";"3";"AUTOROUTE A5A";"48,6211020";"2,5468330"
"202000046724";"23";"7";"2020";"09:15";"1";"76";"76540";"2";"2";"1";"6";"QUAI JACQUES ANQUETIL";"49,4348100";"1,0937800"
"202000046725";"22";"5";"2020";"21:30";"5";"94";"94076";"2";"9";"2";"3";"PARIS (AV DE)";"48,8038900";"2,3629300"
"202000046726";"2";"1";"2020";"17:25";"5";"92";"92062";"2";"3";"8";"3";"DE DION BOUTON (QUAI) DU 1 AU 28";"48,8770761";"2,2411839"
"202000046727";"3";"2";"2020";"19:20";"2";"93";"93001";"2";"2";"2";"1";"QU LUCIEN LEFRANC / R DU LANDY";"48,9152800";"2,3714100"
"202000046728";"3";"2";"2020";"06:20";"5";"92";"92049";"2";"1";"8";"3";"PIERRE BROSSOLETTE (AVENUE)";"48,8205446";"2,3117222"
"202000046729";"3";"2";"2020";"22:08";"5";"92";"92077";"2";"1";"3";"3";"SEVRES (RUE DE)";"48,8260000";"2,1976000"
"202000046730";"4";"2";"2020";"10:00";"1";"92";"92024";"2";"1";"1";" -1";"GENERAL LECLERC (BD DU) (9 A 59)   (4 A";"48,9004690";"2,3168015"
"202000046731";"21";"5";"2020";"15:20";"1";"94";"94041";"2";"1";"1";"3";"DANIELLE CASANOVA (AV)";"48,8155692";"2,3832017"
"202000046732";"4";"2";"2020";"07:45";"2";"95";"95116";"1";"6";"2";"6";"D922";"49,1442900";"2,3300620"
"202000046733";"25";"8";"2020";"16:15";"1";"69";"69388";"2";"9";"1";"3";"PROFESSEUR BEAUVISAGE (DU)          (R )";"45,7315700";"4,8737300"
"202000046734";"21";"10";"2020";"08:00";"1";"92";"92050";"1";"1";"8";"2";"A86";"48,9144607";"2,2196031"
"202000046735";"4";"2";"2020";"09:00";"1";"41";"41045";"1";"1";"1";"6";"Le Clos Chevet";"47,4693120";"1,1641160"
"202000046736";"22";"5";"2020";"22:05";"5";"94";"94034";"2";"1";"1";"6";"HENRI BARBUSSE (R)";"48,7582600";"2,3237060"
"202000046737";"21";"10";"2020";"07:50";"3";"92";"92063";"1";"1";"2";"6";"A86";"48,8895397";"2,1691360"
"202000046738";"22";"5";"2020";"13:35";"1";"94";"94038";"2";"1";"1";"4";"PAUL VAILLANT COUTURIER (BD)";"48,7819600";"2,3413800"
"202000046739";"1";"1";"2020";"04:04";"3";"988";"98812";"1";"1";"1";"7";"LIEU DIT CHAGRIN/RT1/KOUMAC";" -20,4574700";"164,2512200"
"202000046740";"25";"8";"2020";"15:59";"1";"69";"69383";"2";"3";"1";"6";"EUGENE DERUELLE                     (BD)";"45,7630860";"4,8553160"
"202000046741";"1";"1";"2020";"15:00";"1";"92";"92035";"2";"2";"1";"3";"National ( boulevard )";"48,9067000";"2,2388800"
"202000046742";"23";"7";"2020";"14:30";"1";"72";"72181";"2";"6";"1";"3";"TIRONNEAU ADRIEN (PL)";"47,9829400";"0,2105500"
"202000046743";"21";"10";"2020";"06:30";"3";"78";"78206";"1";"1";"2";"6";"A13";"48,9523470";"1,9414500"
"202000046744";"22";"7";"2020";"12:50";"1";"69";"69282";"2";"1";"7";"1";"GARE (DE LA)                          (R";"45,7718200";"4,9957000"
"202000046745";"21";"10";"2020";"11:45";"1";"93";"93078";"1";"1";"1";"6";"AUTOROUTE A104";"48,9651000";"2,5171700"
"202000046746";"21";"10";"2020";"11:30";"1";"77";"77294";"1";"9";"1";"4";"A104";"48,9641420";"2,6110610"
"202000046747";"21";"10";"2020";"07:25";"3";"94";"94033";"1";"1";"1";"2";"A86.INT";"48,8482013";"2,4910750"
"202000046748";"22";"5";"2020";"15:15";"1";"94";"94054";"2";"1";"1";"4";"MARCEL CACHIN (AV)";"48,7469810";"2,4112240"
"202000046749";"21";"5";"2020";"16:55";"1";"94";"94002";"2";"1";"1";"7";"JEAN BAPTISTE PREUX (ALL)";"48,7780300";"2,4222900"
"202000046750";"21";"10";"2020";"06:40";"3";"77";"77175";"1";"9";"2";"4";"RN104";"48,6667970";"2,6126350"
"202000046751";"31";"1";"2020";"07:30";"1";"972";"97217";"2";"1";"1";"6";"Montgérald";"14,4732760";" -60,8740100"
"202000046752";"25";"8";"2020";"14:50";"1";"69";"69259";"1";"1";"1";"2";"LAURENT BONNEVAY                    (BD)";"45,7201400";"4,8816900"
"202000046753";"21";"10";"2020";"05:50";"3";"77";"77169";"1";"9";"2";"2";"RN104";"48,8166700";"2,6212300"
"202000046754";"2";"2";"2020";"20:45";"3";"972";"97217";"1";"1";"1";"5";"N5";"14,4552000";" -60,9034450"
"202000046755";"25";"8";"2020";"14:40";"1";"69";"69386";"2";"1";"1";"2";"DE LATTRE DE TASSIGNY               (PT)";"45,7724900";"4,8397200"
"202000046756";"23";"6";"2020";"14:45";"1";"62";"62758";"1";"1";"1";"6";"MONT D'OSTROHOVE ( Rue du )";"50,7089250";"1,6180180"
"202000046757";"5";"2";"2020";"17:25";"2";"01";"01354";"1";"1";"1";"1";"9 Chemin de la Léchere";"46,2566290";"6,0328300"
"202000046758";"24";"7";"2020";"13:10";"1";"69";"69264";"2";"3";"1";"3";"ZOLA EMILE  R";"45,9849900";"4,7316400"
"202000046759";"1";"1";"2020";"18:15";"5";"92";"92025";"2";"1";"1";"7";"PIERRE DE COUBERTIN (BD)";"48,9284170";"2,2497290"
"202000046760";"22";"5";"2020";"16:15";"1";"93";"93078";"2";"9";"1";"2";"VAILLANT-COUTURIER (AVENUE PAUL)";"48,9590157";"2,5335010"
"202000046761";"24";"8";"2020";"11:20";"1";"69";"69382";"2";"1";"1";"2";"COLONEL CHAMBONNET                  (R )";"45,7589000";"4,8304000"
"202000046762";"22";"5";"2020";"11:15";"1";"93";"93078";"2";"6";"1";"3";"BERT (AVENUE PAUL)";"48,9528425";"2,5402686"
"202000046763";"25";"8";"2020";"07:00";"1";"69";"69381";"2";"1";"1";"7";"CONSTANTINE (DE)                    (R )";"45,7670600";"4,8321600"
"202000046764";"25";"8";"2020";"16:20";"1";"971";"97101";"1";"1";"1";"3";"ROUTE DE CHAZEAU";"16,2891300";" -61,4784900"
"202000046765";"2";"1";"2020";"16:30";"2";"92";"92012";"2";"1";"8";"7";"GENERAL LECLERC (AVENUE DU) 35/FIN - 60/";"48,8305800";"2,2334200"
"202000046766";"4";"2";"2020";"16:45";"1";"42";"42182";"1";"1";"1";"6";"1013 Route de St Germain";"46,0664868";"3,9330882"
"202000046767";"19";"10";"2020";"19:30";"5";"988";"98818";"2";"3";"1";"3";"RUE KERSAINT/ROGER GERVOLINO";" -22,2666500";"166,4682900"
"202000046768";"22";"5";"2020";"14:55";"1";"93";"93070";"2";"3";"1";"3";"BD JEAN-JAURES / R AMILCAR CIPRIANI";"48,9140000";"2,3362000"
"202000046769";"18";"10";"2020";"14:30";"1";"974";"97416";"1";"1";"1";"1";"RN2 (2)";" -21,3433400";"55,4965500"
"202000046770";"22";"5";"2020";"14:00";"1";"93";"93057";"2";"1";"1";"2";"HUGO (AV. VICTOR)";"48,9099385";"2,5139633"
"202000046771";"5";"2";"2020";"19:10";"1";"974";"97417";"2";"1";"1";"6";"Rue Leconte de Lisle";" -21,3580210";"55,7700830"
"202000046772";"23";"7";"2020";"10:40";"1";"67";"67482";"2";"3";"7";"3";"CIRIERS (RUE DES)";"48,5578770";"7,7596830"
"202000046773";"22";"5";"2020";"18:45";"1";"93";"93005";"2";"1";"1";"2";"R DU HAMEAU";"48,9481900";"2,5038600"