"Num_Acc";"jour";"mois";"an";"hrmn";"lum";"dep";"com";"agg";"int";"atm";"col";"adr";"lat";"long"
"202000046774";"20";"10";"2020";"13:10";"1";"974";"97411";"2";"3";"1";"1";"BOYER DE LA GIRODAY (RUE)";" -20,9067700";"55,5010700"
"202000046775";"23";"8";"2020";"20:40";"5";"971";"97101";"1";"9";"1";"5";"RN1 ROCADE DE CHAUVEL";"16,2363489";" -61,5232658"
"202000046776";"3";"1";"2020";"14:28";"1";"22";"22369";"1";"1";"2";"7";"N12";"48,3483980";" -2,2903120"
"202000046777";"2";"1";"2020";"21:50";"3";"38";"38383";"1";"1";"1";" -1";"Route de Voiron";"45,3675600";"5,6333500"
"202000046778";"3";"1";"2020";"07:38";"3";"72";"72008";"1";"1";"1";"6";"D323";"47,9431580";"0,1920790"
"202000046779";"20";"10";"2020";"16:00";"1";"69";"69259";"2";"1";"1";"6";"FRANCIS DE PRESSENSE                (AV)";"45,7252002";"4,8637040"
"202000046780";"20";"10";"2020";"11:35";"1";"69";"69386";"2";"1";"1";"6";"EMERAUDES (DES)                     (R )";"45,7698900";"4,8620200"
"202000046781";"2";"1";"2020";"04:30";"3";"19";"19120";"1";"1";"5";"7";"lieud-dit charniac";"45,2088820";"1,2890716"
"202000046782";"20";"10";"2020";"10:25";"1";"69";"69388";"2";"2";"1";"3";"GENERAL FRERE (DU)                  (AV)";"45,7333500";"4,8738800"
"202000046783";"20";"10";"2020";"08:10";"1";"69";"69259";"2";"1";"1";"3";"PIERRE SEMARD                       (AV)";"45,7091100";"4,8759700"
"202000046784";"2";"1";"2020";"11:15";"1";"56";"56078";"1";"1";"1";"7";"Kerméné VC n° 12";"47,7768480";" -3,4680190"
"202000046785";"20";"10";"2020";"08:50";"1";"69";"69383";"2";"1";"1";"6";"FELIX FAURE                         (AV)";"45,7536800";"4,8597700"
"202000046786";"22";"5";"2020";"13:00";"1";"93";"93005";"2";"1";"1";"5";"R JACQUES DUCLOS";"48,9468149";"2,4925830"
"202000046787";"5";"2";"2020";"10:45";"1";"974";"97413";"1";"3";"1";"7";"Rue Georges Pompidou";" -21,1401780";"55,2858420"
"202000046788";"25";"8";"2020";"16:30";"1";"91";"91216";"2";"1";"1";"2";"GRANDE RUE";"48,6767560";"2,3211210"
"202000046789";"21";"7";"2020";"21:13";"2";"67";"67482";"2";"2";"1";"3";"CICERON (RUE)";"48,5818300";"7,7035100"
"202000046790";"21";"5";"2020";"23:45";"5";"93";"93005";"2";"1";"1";"4";"BD MARC CHAGALL";"48,9518878";"2,4918258"
"202000046791";"19";"10";"2020";"15:40";"1";"972";"97209";"2";"3";"1";"6";"CARLOS FINLAY (RUE)";"14,6114700";" -61,0741500"
"202000046792";"22";"5";"2020";"01:26";"5";"92";"92046";"2";"6";"1";"6";"HENRI BARBUSSE (ROND POINT)";"48,8145055";"2,2878706"
"202000046793";"3";"1";"2020";"13:30";"1";"80";"80330";"1";"2";"2";"3";"Forceville-en-Vimeu";"49,9664610";"1,7957050"
"202000046794";"25";"8";"2020";"17:55";"1";"91";"91687";"2";"7";"1";"6";"DU QUINCONCE (PLACE)";"48,6528100";"2,3714900"
"202000046795";"23";"8";"2020";"14:55";"1";"91";"91103";"1";"9";"1";"6";"VALORGE (RUE DE)";"48,6144470";"2,2820220"
"202000046796";"11";"8";"2020";"10:10";"1";"88";"88429";"2";"1";"1";"6";"faubourg de Remiremont";"48,0270000";"6,5801000"
"202000046797";"22";"8";"2020";"02:07";"5";"87";"87085";"2";"1";"2";"6";"LANDOUGE (AVENUE DE)";"45,8442000";"1,1909400"
"202000046798";"23";"8";"2020";"11:28";"1";"87";"87075";"2";"3";"1";"3";"Route de Périgueux";"45,8021000";"1,2318200"
"202000046799";"24";"8";"2020";"18:07";"1";"87";"87113";"2";"1";"2";"7";"Rue d’Anguernaud";"45,8767400";"1,3039200"
"202000046800";"22";"8";"2020";"00:36";"3";"87";"87050";"1";"1";"2";"6";"HIPPODROME (ALLEE DE L')";"45,8871600";"1,1884000"
"202000046801";"25";"8";"2020";"16:15";"1";"83";"83090";"2";"1";"1";"3";"SEYNE (ROUTE DE LA)";"43,1222133";"5,8508886"
"202000046802";"24";"8";"2020";"14:25";"1";"80";"80021";"2";"1";"1";"3";"PRESIDENT KENNEDY (RUE DU)";"49,9059900";"2,3026300"
"202000046803";"25";"8";"2020";"05:57";"5";"76";"76599";"2";"1";"2";"6";"PTT (ROUTE DE LYONS LA FORET)";"49,4330871";"1,1529744"
"202000046804";"22";"5";"2020";"18:00";"1";"92";"92026";"2";"9";"2";"3";"PAUL DOUMER";"48,8957309";"2,2626016"
"202000046805";"3";"2";"2020";"18:00";"2";"08";"08402";"1";"1";"3";"2";"A34";"49,5995370";"4,5102850"
"202000046806";"24";"8";"2020";"16:30";"1";"76";"76351";"2";"1";"1";"7";"ARMAND BARBES";"49,5004000";"0,1502000"
"202000046807";"19";"7";"2020";"23:30";"5";"67";"67482";"2";"1";"1";"6";"MACON (RUE DE)";"48,5467820";"7,7631630"
"202000046808";"20";"10";"2020";"19:10";"5";"69";"69385";"2";"1";"1";"6";"SOEUR JANIN                         (R )";"45,7612100";"4,8008900"
"202000046809";"22";"5";"2020";"16:50";"1";"92";"92023";"2";"1";"2";"1";"HENRI BARBUSSE (AVENUE)";"48,8119600";"2,2581500"
"202000046810";"5";"2";"2020";"15:20";"1";"87";"87177";"1";"1";"1";"3";"D10";"45,8071300";"1,0965620"
"202000046811";"23";"8";"2020";"09:40";"1";"76";"76351";"2";"1";"3";"6";"FRISSARD (QUAI)";"49,4893900";"0,1235300"
"202000046812";"22";"5";"2020";"16:05";"1";"92";"92012";"2";"1";"1";"3";"REINE (ROUTE DE LA) 82/FIN - 107TER/FIN";"48,8397592";"2,2393441"
"202000046813";"21";"8";"2020";"22:45";"5";"76";"76351";"2";"2";"1";"3";"GUSTAVE BRINDEAU (RUE)";"49,4924700";"0,1396400"
"202000046814";"26";"1";"2020";"12:10";"1";"80";"80241";"1";"1";"8";"6";"Route départementale 118";"50,0802500";"2,1325060"
"202000046815";"20";"10";"2020";"09:00";"1";"69";"69034";"2";"1";"1";"6";"LOUIS GUYOT                         (R )";"45,7903400";"4,8323600"
"202000046816";"2";"1";"2020";"12:25";"1";"65";"65258";"1";"1";"1";"1";"Quartier des Barraques";"43,1451110";"0,3931160"
"202000046817";"2";"1";"2020";"15:50";"1";"71";"71559";"1";"1";"1";"7";"Route de Macon";"46,2803837";"4,3661050"
"202000046818";"2";"2";"2020";"06:20";"3";"82";"82087";"1";"1";"1";"7";"Route de Moissac";"44,1339740";"1,1907720"
"202000046819";"24";"7";"2020";"14:30";"1";"66";"66136";"2";"1";"1";"2";"MERCADER (BOULEVARD FELIX)";"42,6944194";"2,8894998"
"202000046820";"22";"5";"2020";"17:20";"1";"92";"92002";"2";"3";"1";"3";"DOCTEUR TENINE (AVENUE DU)";"48,7628735";"2,3105286"
"202000046821";"19";"10";"2020";"14:55";"1";"971";"97101";"2";"1";"1";"1";"DES MILLE FLEURS - PETIT PEROU (RUE)";"16,2550100";" -61,5133600"
"202000046822";"2";"12";"2020";"12:10";"1";"51";"51454";"2";"1";"1";"7";"Avenue du Président Kennedy";"49,2367589";"4,0136695"
"202000046823";"25";"8";"2020";"22:10";"5";"69";"69266";"2";"9";"9";"3";"DEDIEU     (Rue)";"45,7696500";"4,8711200"
"202000046824";"3";"1";"2020";"11:35";"1";"42";"42222";"2";"2";"8";"1";"Route des Lavandes";"45,6100280";"4,3069900"
"202000046825";"23";"7";"2020";"19:00";"1";"66";"66136";"2";"1";"2";"6";"JUIN (AVENUE DU MARECHAL)";"42,6885300";"2,8952000"
"202000046826";"23";"5";"2020";"19:50";"5";"976";"97610";"2";"1";"1";"6";"Rue Mtsanga Ylang Ylang";" -12,7356600";"45,2053710"
"202000046827";"24";"7";"2020";"19:05";"1";"64";"64445";"2";"1";"7";"2";"PAIX";"43,3209600";" -0,3554800"
"202000046828";"21";"5";"2020";"16:45";"1";"83";"83072";"1";"1";"1";"6";"D50";"43,5026790";"6,3215000"
"202000046829";"3";"1";"2020";"16:20";"1";"22";"22251";"1";"1";"2";"6";"RUE DELATTRE DE TASSIGNY";"48,5645030";" -2,8127750"
"202000046830";"5";"2";"2020";"05:35";"3";"89";"89210";"1";"4";"2";"6";"D953";"47,7890505";"4,2805114"
"202000046831";"20";"10";"2020";"10:00";"1";"2A";"2A004";"2";"1";"1";"5";"CALVI  ROUTE";"41,9511390";"8,7796805"
"202000046832";"24";"8";"2020";"11:30";"1";"69";"69282";"2";"1";"1";"1";"LIBERATION (DE LA)                  (AV)";"45,7771400";"4,9978100"
"202000046833";"29";"11";"2020";"18:25";"5";"49";"49099";"2";"2";"1";"3";"LATTRE DE TASSIGNY (PONT DE)";"47,0555600";" -0,8792100"
"202000046834";"19";"10";"2020";"18:40";"1";"91";"91691";"2";"1";"1";"2";"MARCEAU BAILLIOTI(RUE)";"48,7082900";"2,4949600"
"202000046835";"25";"8";"2020";"00:07";"5";"69";"69256";"2";"1";"1";"6";"EMILE ZOLA                          (R )";"45,7782619";"4,9172508"
"202000046836";"5";"2";"2020";"10:55";"1";"49";"49331";"2";"6";"1";"1";"28 Avenue des Acacias";"47,6932650";" -0,8759850"
"202000046837";"21";"11";"2020";"14:00";"1";"49";"49007";"2";"1";"1";"7";"MARIANNE BOULEVARD";"47,4510700";" -0,5274800"
"202000046838";"20";"10";"2020";"15:45";"1";"91";"91377";"2";"9";"2";"6";"PREMIER MAI (BOULEVARD DU)";"48,7337400";"2,2604700"
"202000046839";"4";"2";"2020";"18:50";"3";"25";"25527";"1";"1";"3";"6";"Rue de Besançon";"47,1879110";"5,8297530"
"202000046840";"24";"8";"2020";"18:07";"1";"66";"66136";"2";"1";"1";" -1";"GAUGUIN (AVENUE PAUL)";"42,7184800";"2,8900800"
"202000046841";"31";"1";"2020";"09:50";"1";"35";"35299";"1";"1";"1";"6";"Les Petits Douets";"48,6531050";" -1,9378160"
"202000046842";"23";"11";"2020";"14:00";"1";"49";"49007";"2";"1";"1";"3";"AYRAULT";"47,4773900";" -0,5532400"
"202000046843";"25";"8";"2020";"09:35";"1";"64";"64483";"2";"3";"1";"6";"ITHURRALDE ANDRE (AVENUE)";"43,3962900";" -1,6461100"
"202000046844";"24";"1";"2020";"08:25";"2";"29";"29069";"1";"1";"8";"1";"D5 - Route de St Renan";"48,4277653";" -4,5824747"
"202000046845";"3";"1";"2020";"12:30";"1";"54";"54027";"1";"1";"2";"5";"D120";"48,8898140";"6,1041220"
"202000046846";"18";"10";"2020";"03:37";"5";"89";"89387";"2";"2";"8";"3";"MAXIME COURTIS (RUE)";"48,2019428";"3,2987309"
"202000046847";"4";"2";"2020";"18:00";"1";"29";"29174";"2";"1";"1";"7";"Route de Saint-julien";"47,8751700";" -4,2261260"
"202000046848";"20";"10";"2020";"12:20";"1";"87";"87085";"2";"1";"1";"6";"LEROUX (RUE PIERRE)";"45,8336200";"1,2543000"
"202000046849";"2";"1";"2020";"12:50";"1";"06";"06059";"1";"9";"1";"5";"Avenue de Verdun";"43,7268010";"7,3525360"
"202000046850";"19";"10";"2020";"17:51";"1";"87";"87050";"2";"1";"1";"7";"BIARDS (RUE DES)";"45,8564200";"1,2452800"
"202000046851";"4";"2";"2020";"14:35";"1";"70";"70325";"1";"1";"1";"5";"D474";"47,4978069";"5,9786650"
"202000046852";"3";"1";"2020";"15:15";"1";"50";"50270";"1";"1";"1";"1";"Le Haut Pitois";"49,4695350";" -1,4823320"
"202000046853";"20";"10";"2020";"07:42";"5";"87";"87085";"2";"2";"1";"3";"GALLIENI (RUE)";"45,8424300";"1,2429600"
"202000046854";"25";"8";"2020";"17:00";"1";"64";"64445";"2";"2";"1";"3";"LESPY";"43,2992800";" -0,3633400"
"202000046855";"22";"7";"2020";"16:10";"1";"64";"64102";"2";"1";"1";"6";"BAB (Boulevard)";"43,4970960";" -1,4877600"
"202000046856";"3";"1";"2020";"09:25";"1";"48";"48009";"1";"1";"1";"7";"D50";"44,7016695";"3,3205190"
"202000046857";"1";"12";"2020";"20:35";"5";"49";"49007";"2";"1";"1";"3";"LETANDUERE";"47,4579900";" -0,5541800"
"202000046858";"4";"2";"2020";"14:20";"1";"58";"58274";"1";"1";"2";"6";"La Sarree";"46,7797630";"3,8432730"
"202000046859";"19";"10";"2020";"12:10";"1";"86";"86194";"2";"2";"1";"6";"Route de Gencay";"46,5675360";"0,3575160"
"202000046860";"23";"5";"2020";"17:20";"1";"974";"97412";"2";"1";"1";"7";"Rue Edgard Duchemann";" -21,3337130";"55,6322690"
"202000046861";"25";"8";"2020";"08:45";"1";"64";"64102";"2";"1";"7";"2";"BAB (Boulevard)";"43,4982700";" -1,4910900"
"202000046862";"2";"2";"2020";"17:00";"1";"58";"58144";"1";"1";"2";"7";"voie communale 7 - Alligny Taloux";"46,7732090";"3,0631900"
"202000046863";"2";"1";"2020";"22:00";"3";"48";"48016";"1";"1";"9";"6";"N88";"44,4909708";"3,4182648"
"202000046864";"1";"12";"2020";"17:28";"1";"49";"49246";"2";"1";"1";"6";"DAVID D'ANGERS";"47,4359900";" -0,5308600"
"202000046865";"23";"7";"2020";"17:00";"1";"64";"64102";"2";"1";"1";"4";"HENRI DE NAVARRE (AVENUE)";"43,4943000";" -1,4527000"
"202000046866";"24";"8";"2020";"21:20";"5";"63";"63124";"2";"1";"1";"1";"REPUBLIQUE (AVENUE DE LA)";"45,7406507";"3,1890805"
"202000046867";"18";"10";"2020";"01:50";"5";"84";"84031";"1";"1";"1";"6";"ORANGE (ROUTE)";"44,0641600";"5,0315100"
"202000046868";"23";"5";"2020";"15:30";"1";"83";"83086";"1";"1";"1";"3";"D125";"43,4477550";"6,5713910"
"202000046869";"3";"2";"2020";"17:20";"1";"64";"64506";"1";"1";"1";"6";"rn 134";"43,0428138";" -0,6005734"
"202000046870";"23";"7";"2020";"17:00";"1";"63";"63164";"2";"1";"1";"7";"VICHY (ROUTE DE)";"45,8350200";"3,1476900"
"202000046871";"2";"1";"2020";"16:00";"1";"42";"42020";"1";"1";"1";"6";"A72";"45,6172768";"4,2042285"
"202000046872";"1";"12";"2020";"17:25";"1";"44";"44184";"2";"1";"1";"6";"MUN (RUE ALBERT DE) DU 57 AU 97 - 60 AU";"47,2791330";" -2,2154850"
"202000046873";"20";"10";"2020";"02:40";"3";"76";"76351";"1";"1";"1";"7";"AMIRAL DU CHILLOU";"49,4724300";"0,1796000"
"202000046874";"24";"8";"2020";"12:56";"1";"63";"63032";"2";"3";"1";"2";"HOTEL DE VILLE (RUE DE L')";"45,7535600";"3,0859900"
"202000046875";"22";"7";"2020";"08:45";"1";"62";"62724";"1";"1";"1";"2";"RD 40";"50,3980500";"2,8967900"
"202000046876";"1";"1";"2020";"13:15";"1";"987";"98747";"1";"1";"1";"3";"RT3 sens TAUTIRA TARAVAO, PK 07+400 district de PUEU";" -17,7359360";" -149,2380110"
"202000046877";"15";"10";"2020";"13:40";"1";"72";"72181";"2";"1";"1";"6";"POLOGNE (RUE DE)";"47,9918600";"0,2336700"
"202000046878";"2";"12";"2020";"07:50";"5";"44";"44109";"2";"6";"1";"3";"PLACE VICTOR MANGIN";"47,2003100";" -1,5443900"
"202000046879";"13";"10";"2020";"12:54";"1";"72";"72181";"2";"1";"1";"6";"NOTRE DAME (RUE)";"48,0028000";"0,2094800"
"202000046880";"1";"1";"2020";"06:00";"2";"987";"98722";"1";"1";"1";"6";"PK 43 district de HITIAA";" -17,5914290";" -149,3821260"
"202000046881";"23";"8";"2020";"17:50";"1";"63";"63113";"2";"2";"1";"4";"GANTIERE (RUE DE LA)";"45,7650400";"3,1230100"
"202000046882";"20";"7";"2020";"19:20";"1";"62";"62215";"1";"1";"1";"6";"MEURCHIN (RTE DE)";"50,4988260";"2,9404990"
"202000046883";"23";"5";"2020";"18:30";"1";"62";"62567";"2";"1";"6";"1";"Rue Wattre";"50,7845250";"2,0811580"
"202000046884";"29";"11";"2020";"17:30";"2";"43";"43251";"2";"1";"1";"7";"46 Avenue de Vals";"45,0357797";"3,8814189"
"202000046885";"8";"10";"2020";"16:40";"1";"42";"42218";"2";"3";"1";"6";"Rue Palluat de Besset";"45,4432600";"4,3745700"
"202000046886";"2";"12";"2020";"17:50";"2";"38";"38516";"2";"4";"2";"1";"Boulevard de la Chantourne";"45,1985900";"5,7549600"
"202000046887";"23";"5";"2020";"15:55";"1";"22";"22389";"1";"1";"1";"2";"RN12 PR 050+150";"48,4802540";" -2,6753530"
"202000046888";"11";"5";"2020";"20:45";"3";"974";"97413";"1";"1";"1";"6";"203 Rue Georges Pompidou";" -21,1415720";"55,2916640"
"202000046889";"2";"12";"2020";"07:15";"5";"35";"35238";"2";"3";"1";"6";"HENRY (RECTEUR PAUL)";"48,1214330";" -1,7008320"
"202000046890";"23";"8";"2020";"03:24";"5";"54";"54395";"2";"1";"1";"6";"LORRAIN (QUAI CLAUDE";"48,6919700";"6,1726900"
"202000046891";"22";"5";"2020";"15:50";"1";"51";"51210";"1";"1";"1";"7";"D951";"49,0784543";"3,9780552"
"202000046892";"5";"2";"2020";"12:55";"1";"53";"53003";"2";"2";"1";" -1";"Rue de Saint-mars";"48,3980840";" -0,6336020"
"202000046893";"3";"7";"2020";"19:25";"1";"57";"57672";"2";"1";"1";"6";"CLEMENCEAU (AVENUE) 1 A 31 ET 2 A 72";"49,3593500";"6,1699600"
"202000046894";"3";"1";"2020";"10:45";"1";"77";"77259";"2";"1";"8";"7";"46 Rue du Ponceau";"49,0505431";"2,6592751"
"202000046895";"20";"10";"2020";"14:00";"1";"67";"67482";"2";"1";"1";"3";"GENERAL OFFENSTEIN (RUE DU)";"48,5558300";"7,7520600"
"202000046896";"1";"12";"2020";"12:45";"1";"34";"34172";"2";"2";"2";"3";"VALERY (BOULEVARD PAUL)";"43,5836400";"3,8661200"
"202000046897";"24";"8";"2020";"11:40";"1";"52";"52448";"2";"6";"1";" -1";"ROND POINT DES BAS FOURNEAUX";"48,6263610";"4,9633950"
"202000046898";"3";"1";"2020";"08:30";"1";"34";"34157";"1";"1";"1";"3";"RD 5E8";"43,4606700";"3,5914650"
"202000046899";"22";"7";"2020";"08:15";"1";"56";"56260";"2";"6";"1";"2";"ANCIENS COMBATTANTS EN AFN(PLACE DES";"47,6640500";" -2,7556700"
"202000046900";"3";"1";"2020";"01:30";"3";"34";"34246";"1";"1";"1";"7";"768 Chemin des Ranquets";"43,7156230";"4,0657240"
"202000046901";"25";"8";"2020";"19:45";"1";"51";"51454";"2";"1";"1";"2";"Rue André Huet";"49,2719350";"4,0101240"
"202000046902";"23";"7";"2020";"20:10";"1";"56";"56098";"2";"1";"1";"6";"PERI (RUE GABRIEL)";"47,7594100";" -3,3526400"
"202000046903";"3";"2";"2020";"09:15";"1";"17";"17025";"1";"1";"1";"6";"D124";"45,8805160";" -0,4128460"
"202000046904";"2";"1";"2020";"07:45";"2";"67";"67130";"2";"3";"8";"1";"Rue Saint Antoine";"48,4183030";"7,6601400"
"202000046905";"24";"8";"2020";"12:30";"1";"50";"50129";"2";"1";"1";"4";"PARIS (AVENUE DE)";"49,6281200";" -1,6180300"
"202000046906";"3";"1";"2020";"10:44";"1";"33";"33378";"1";"2";"2";"2";"Route des Petits Briands";"44,8399413";"0,2769324"
"202000046907";"25";"8";"2020";"12:42";"1";"49";"49007";"2";"1";"1";"1";"JEAN XXIII AVENUE";"47,4476000";" -0,5625600"
"202000046908";"1";"12";"2020";"08:50";"1";"34";"34172";"2";"1";"2";"4";"MENDES FRANCE (AVENUE PRESIDENT PIERRE)";"43,6088700";"3,9107500"
"202000046909";"22";"5";"2020";"21:00";"2";"51";"51605";"2";"3";"1";"3";"3 Rue de Champagne";"49,0808683";"3,8422327"
"202000046910";"4";"2";"2020";"17:00";"1";"52";"52524";"1";"1";"8";"5";"N67";"48,2644130";"5,1234700"
"202000046911";"2";"12";"2020";"17:00";"1";"29";"29173";"1";"6";"8";"3";"D784 - Route d'Audierne";"48,0016932";" -4,1576136"
"202000046912";"1";"1";"2020";"19:30";"3";"13";"13106";"1";"1";"1";"2";"A51-Sens Aix en Provence vers Marseille";"43,4068800";"5,3619600"
"202000046913";"5";"2";"2020";"02:00";"3";"67";"67237";"1";"1";"1";"6";"A35";"48,6941050";"7,8291640"
"202000046914";"30";"11";"2020";"07:25";"5";"29";"29019";"2";"9";"1";"6";"Rue de Paris";"48,4037500";" -4,4655600"
"202000046915";"2";"12";"2020";"18:15";"5";"26";"26198";"2";"1";"9";"6";"29 Avenue du Meyrol";"44,5788220";"4,7446600"
"202000046916";"5";"2";"2020";"12:30";"1";"34";"34159";"1";"6";"1";"2";"RD 612 - lieu dit La Baussas";"43,5181470";"3,8083880"
"202000046917";"1";"1";"2020";"01:50";"5";"13";"13055";"1";"1";"1";"3";"A507 sens Marseille - Aubagne";"43,2854253";"5,4272636"
"202000046918";"23";"7";"2020";"14:40";"1";"56";"56121";"2";"1";"7";"6";"Boulevard Flandres-dunkerque 1940";"47,7445200";" -3,3954900"
"202000046919";"19";"8";"2020";"21:45";"2";"47";"47001";"2";"1";"1";"6";"14 JUILLET (COURS DU)";"44,2040200";"0,6248200"
"202000046920";"19";"10";"2020";"19:03";"5";"67";"67482";"2";"1";"1";"6";"ABBE LEMIRE (RUE DE L )";"48,5777800";"7,7249800"
"202000046921";"22";"5";"2020";"19:00";"1";"19";"19150";"1";"1";"1";"6";"D38";"45,0869490";"1,6064290"
"202000046922";"2";"12";"2020";"08:10";"1";"26";"26198";"2";"1";"1";"4";"Bd du Président Vincent Auriol";"44,5381260";"4,7653730"
"202000046923";"4";"2";"2020";"14:08";"1";"67";"67070";"1";"1";"4";"4";"A4";"48,8949386";"7,1252484"
"202000046924";"31";"1";"2020";"07:25";"2";"38";"38400";"1";"1";"2";"6";"Avenue du Vercors";"45,3473000";"5,5948200"
"202000046925";"29";"11";"2020";"15:20";"1";"25";"25056";"2";"2";"1";"3";"DOLE RUE DE (sup 200)";"47,2294300";"5,9905600"
"202000046926";"4";"2";"2020";"11:05";"1";"51";"51634";"1";"1";"3";"3";"A26";"48,9644260";"4,2847291"
"202000046927";"2";"12";"2020";"03:09";"5";"25";"25056";"2";"3";"1";"6";"RAGOTS   CHEMIN DES";"47,2378700";"6,0367500"
"202000046928";"3";"2";"2020";"11:30";"1";"974";"97412";"1";"1";"2";"1";"RD33";" -21,3320160";"55,6429330"
"202000046929";"21";"5";"2020";"21:10";"2";"74";"74215";"2";"1";"1";"7";"1001 Route de Megeve";"45,8411080";"6,5833690"
"202000046930";"25";"8";"2020";"16:15";"1";"45";"45208";"2";"4";"1";"6";"Avenue Adolphe Cochery";"48,0018100";"2,7348400"
"202000046931";"2";"1";"2020";"18:25";"5";"33";"33063";"1";"1";"1";"4";"ROCADE A 630";"44,8805500";" -0,5403100"
"202000046932";"23";"7";"2020";"14:50";"1";"56";"56121";"2";"3";"1";"6";"BLUM ( BD LEON )";"47,7485200";" -3,3741300"
"202000046933";"4";"2";"2020";"17:20";"1";"971";"97104";"1";"1";"1";"1";"461 Chemin de Montval";"16,0529180";" -61,7296940"
"202000046934";"22";"5";"2020";"10:25";"1";"77";"77051";"2";"1";"1";"3";"1 Avenue Alain Peyrefitte - D79";"48,4128630";"3,2452690"
"202000046935";"29";"11";"2020";"15:20";"1";"22";"22215";"2";"3";"1";"3";"QUARTIERS (RUE DES)";"48,4970900";" -2,7911300"
"202000046936";"18";"10";"2020";"17:30";"1";"67";"67447";"2";"1";"1";"4";"PIERRE MENDES FRANCE (AVENUE)";"48,6016800";"7,7553300"
"202000046937";"9";"8";"2020";"23:25";"5";"44";"44109";"2";"1";"1";"6";"ALLEE BACO";"47,2140200";" -1,5492200"
"202000046938";"24";"7";"2020";"08:45";"1";"51";"51454";"2";"1";"1";"7";"Rue Docteur Joseph Bouvier";"49,2091367";"4,0199313"
"202000046939";"2";"1";"2020";"18:45";"5";"91";"91136";"1";"1";"1";"4";"AUTOROUTE A10";"48,7162700";"2,2653700"
"202000046940";"19";"10";"2020";"17:42";"1";"66";"66136";"2";"1";"1";"3";"ALBERT MARCELLIN";"42,6926547";"2,8885193"
"202000046941";"2";"1";"2020";"02:00";"3";"91";"91136";"1";"1";"2";"6";"AUTOROUTE A10";"48,7115240";"2,2854400"
"202000046942";"16";"7";"2020";"23:00";"5";"42";"42223";"2";"1";"9";"6";"Rue de la République";"45,4446729";"4,3374206"
"202000046943";"1";"12";"2020";"11:50";"1";"17";"17300";"2";"1";"1";"7";"CHAMP DE MARS   AVENUE DU";"46,1695400";" -1,1477100"
"202000046944";"4";"2";"2020";"10:15";"1";"91";"91243";"2";"1";"1";"2";"Rue de Bligny";"48,6226760";"2,1476020"
"202000046945";"23";"5";"2020";"10:25";"1";"2B";"2B207";"2";"1";"1";"7";"Lotissement U San Petrone Folelli";"42,4603320";"9,5012430"
"202000046946";"17";"10";"2020";"05:40";"5";"66";"66136";"2";"3";"1";"3";"BACCHUS ALLEE DE";"42,6886100";"2,8856800"
"202000046947";"22";"5";"2020";"16:05";"1";"80";"80197";"2";"1";"2";" -1";"Route d'Epenancourt";"49,8337244";"2,9268050"
"202000046948";"25";"8";"2020";"21:50";"5";"42";"42187";"2";"1";"1";"3";"Quai du Commandant l'Herminier";"46,0361600";"4,0798200"
"202000046949";"1";"1";"2020";"05:50";"2";"91";"91286";"1";"1";"1";"6";"A6";"48,6522460";"2,3820555"
"202000046950";"19";"10";"2020";"18:05";"1";"63";"63113";"2";"1";"1";"2";"BIEN ASSIS (RUE DE)";"45,7894700";"3,0958000"
"202000046951";"20";"8";"2020";"18:40";"1";"38";"38053";"2";"6";"1";"3";"Route de Lyon";"45,5892000";"5,2469900"
"202000046952";"1";"1";"2020";"17:50";"3";"93";"93006";"1";"1";"2";"2";"AUTOROUTE A3";"48,8662500";"2,4227600"
"202000046953";"15";"10";"2020";"09:38";"1";"63";"63113";"2";"1";"1";" -1";"LAGARLAYE (RUE DE)";"45,7736900";"3,0829900"
"202000046954";"1";"1";"2020";"09:00";"1";"974";"97407";"1";"1";"1";"6";"ROUTE NATIONALE N° 1";" -20,9473900";"55,3229200"
"202000046955";"16";"8";"2020";"15:52";"1";"36";"36063";"2";"1";"1";"6";"165 route de Villers";"46,8367835";"1,6863316"
"202000046956";"5";"2";"2020";"09:50";"1";"2A";"2A247";"2";"1";"7";"6";"Avenue Georges Pompidou";"41,5967380";"9,2763980"
"202000046957";"1";"1";"2020";"07:30";"1";"973";"97302";"2";"1";"1";"2";"ZEPHIR (ROCADE)";"4,9306054";" -52,3138046"
"202000046958";"1";"12";"2020";"10:45";"1";"17";"17300";"2";"1";"1";"7";"CORSAIRES   AVENUE DES (1-125)";"46,1694800";" -1,1701300"
"202000046959";"4";"2";"2020";"14:40";"1";"48";"48198";"1";"1";"1";"6";"D51";"44,4299070";"3,9381690"
"202000046960";"30";"11";"2020";"07:57";"1";"17";"17274";"1";"6";"1";"2";"REPUBLIQUE   ROND-POINT DE LA";"46,1544700";" -1,1118900"
"202000046961";"1";"1";"2020";"06:10";"5";"69";"69383";"2";"1";"1";"3";"FELIX FAURE                         (AV)";"45,7539400";"4,8613300"
"202000046962";"3";"2";"2020";"19:50";"3";"34";"34058";"1";"1";"1";"3";"36 Avenue de Montpellier";"43,6713130";"3,9791540"
"202000046963";"23";"5";"2020";"14:50";"1";"22";"22248";"1";"1";"7";"7";"Lan Connan";"48,6227150";" -3,1171450"
"202000046964";"25";"8";"2020";"15:30";"1";"35";"35278";"1";"1";"1";"6";"RN 136 PORTE DE ST MALO";"48,1399300";" -1,6954900"