"Num_Acc";"jour";"mois";"an";"hrmn";"lum";"dep";"com";"agg";"int";"atm";"col";"adr";"lat";"long"
"202000047161";"2";"12";"2020";"13:50";"1";"93";"93048";"2";"1";"1";"6";"WALWEIN (AVENUE)";"48,8620807";"2,4453671"
"202000047162";"24";"7";"2020";"17:30";"1";"27";"27375";"1";"1";"1";"3";"HAYE MALHERBE (ROUTE DE LA)";"49,2145900";"1,1539700"
"202000047163";"20";"5";"2020";"18:00";"1";"78";"78158";"1";"1";"1";"6";"A13";"48,8352970";"2,1312220"
"202000047164";"2";"1";"2020";"18:10";"3";"43";"43137";"1";"1";"1";"1";"Route des Villettes";"45,2627890";"4,1617900"
"202000047165";"24";"8";"2020";"22:30";"5";"75";"75117";"2";"7";"1";"3";"PLACE DE CLICHY";"48,8835330";"2,3268670"
"202000047166";"3";"2";"2020";"07:10";"1";"974";"97416";"1";"9";"1";"5";"Chemin des Assises";" -21,2878600";"55,4629700"
"202000047167";"1";"12";"2020";"19:20";"5";"93";"93079";"2";"1";"1";"3";"RTE SAINT LEU";"48,9552000";"2,3336720"
"202000047168";"3";"2";"2020";"13:15";"1";"69";"69276";"2";"1";"1";"6";"CLAUDIUS BERRY                          ";"45,6663520";"4,8500133"
"202000047169";"2";"12";"2020";"18:55";"5";"93";"93057";"2";"1";"2";"2";"BRIAND (AV. ARISTIDE) 2 A 132";"48,9076974";"2,4933815"
"202000047170";"3";"2";"2020";"18:10";"2";"972";"97213";"1";"1";"1";"4";"N/A";"14,6184500";" -61,0242100"
"202000047171";"3";"2";"2020";"15:15";"1";"69";"69202";"2";"1";"1";"3";"NICOLAS BERTHET                     (R )";"45,7468000";"4,8078000"
"202000047172";"2";"2";"2020";"20:00";"5";"2A";"2A004";"2";"1";"1";"6";"AVENUE DU DOCTEUR NOEL FRANCHINI";"41,9369731";"8,7537215"
"202000047173";"22";"5";"2020";"01:45";"3";"93";"93007";"1";"1";"1";"5";"AUTOROUTE A3";"48,9174000";"2,4783700"
"202000047174";"19";"10";"2020";"17:35";"2";"31";"31069";"2";"1";"1";"3";"GUIMBAUD (RUE DU DOCTEUR)";"43,6321400";"1,3973800"
"202000047175";"2";"12";"2020";"20:35";"5";"92";"92075";"2";"2";"1";"6";"VERDUN (AVENUE DE)";"48,8197150";"2,2934068"
"202000047176";"30";"1";"2020";"07:30";"5";"91";"91685";"2";"3";"1";"3";"PERI (RUE GABRIEL)";"48,6578850";"2,3081430"
"202000047177";"2";"1";"2020";"15:00";"1";"972";"97230";"2";"9";"1";"3";"D2";"14,7367900";" -60,9535130"
"202000047178";"25";"8";"2020";"04:00";"5";"75";"75116";"2";"7";"1";"6";"PLACE VICTOR HUGO";"48,8698970";"2,2852510"
"202000047179";"21";"7";"2020";"08:30";"1";"27";"27229";"2";"3";"1";"3";"BUFFARDIERE (BOULEVARD DE LA)";"49,0227000";"1,1407000"
"202000047180";"3";"2";"2020";"16:30";"1";"91";"91421";"2";"1";"2";"4";"REPUBLIQUE (AVENUE DE LA)";"48,7075200";"2,4545300"
"202000047181";"24";"7";"2020";"15:25";"1";"17";"17300";"2";"1";"1";"1";"MOULIN   PONT JEAN";"46,1539000";" -1,1393000"
"202000047182";"1";"2";"2020";"13:02";"1";"87";"87085";"2";"1";"2";"4";"COMTE (RUE AUGUSTE)";"45,8730400";"1,2687100"
"202000047183";"24";"7";"2020";"07:55";"1";"17";"17274";"2";"2";"1";"6";"AYTRE   ROUTE D'";"46,1530300";" -1,0866900"
"202000047184";"24";"7";"2020";"07:40";"1";"17";"17300";"2";"3";"7";"3";"Avenue Denfert Rochereau";"46,1651880";" -1,1927400"
"202000047185";"24";"7";"2020";"10:58";"1";"14";"14118";"2";"2";"1";"3";"MUETS (RUE DES)";"49,1741500";" -0,3447000"
"202000047186";"20";"10";"2020";"18:09";"1";"29";"29232";"2";"1";"1";"3";"Quai de l’Odet";"47,9926900";" -4,1083400"
"202000047187";"2";"1";"2020";"08:05";"2";"57";"57415";"2";"1";"2";"6";"169 Grand'Rue";"49,1415300";"6,1138410"
"202000047188";"24";"8";"2020";"22:50";"5";"75";"75116";"2";"1";"1";"3";"AVENUE VICTOR HUGO";"48,8688160";"2,2833220"
"202000047189";"21";"5";"2020";"01:46";"3";"94";"94028";"1";"1";"1";" -1";"A86 INT";"48,7763094";"2,4351719"
"202000047190";"24";"7";"2020";"09:40";"1";"13";"13019";"2";"9";"1";"3";"ROUTE DE LA BELANDIERE";"43,4511500";"5,3727300"
"202000047191";"31";"1";"2020";"19:48";"5";"87";"87085";"2";"3";"2";"3";"FOUGERAS (RUE DE)";"45,8643500";"1,2905800"
"202000047192";"1";"2";"2020";"23:26";"5";"87";"87085";"2";"1";"2";"6";"DUMAS (AVENUE GEORGES)";"45,8267600";"1,2635900"
"202000047193";"1";"2";"2020";"22:10";"5";"85";"85194";"2";"1";"2";"2";"Avenue de Talmont";"46,4833800";" -1,7241500"
"202000047194";"25";"8";"2020";"20:30";"2";"75";"75114";"2";"4";"1";"3";"AVENUE DU MAINE";"48,8327270";"2,3248320"
"202000047195";"20";"10";"2020";"05:40";"3";"29";"29232";"1";"1";"2";"1";"D365 - Avenue du Morbihan";"47,9780972";" -4,0284714"
"202000047196";"30";"1";"2020";"10:20";"1";"80";"80021";"1";"1";"1";" -1";"ROCADE NORD RN 1";"49,9260700";"2,2981400"
"202000047197";"24";"8";"2020";"22:30";"5";"75";"75114";"2";"7";"1";"3";"PLACE DENFERT ROCHEREAU";"48,8345480";"2,3326200"
"202000047198";"19";"10";"2020";"12:10";"1";"29";"29232";"1";"1";"1";"2";"N165 - Park Poullig";"48,0321981";" -4,0843821"
"202000047199";"22";"5";"2020";"00:20";"5";"69";"69259";"2";"3";"1";"3";"INDUSTRIE (DE L')                   (R )";"45,7088000";"4,8826000"
"202000047200";"24";"7";"2020";"13:05";"1";"13";"13206";"2";"2";"1";"3";"PIERRE PUGET (COURS)";"43,2902526";"5,3758975"
"202000047201";"1";"1";"2020";"18:45";"5";"44";"44209";"1";"1";"1";"5";"Rue de Nantes";"47,2818570";" -1,6021370"
"202000047202";"25";"8";"2020";"15:45";"1";"75";"75112";"2";"2";"1";"3";"RUE TAINE";"48,8373080";"2,3912080"
"202000047203";"2";"1";"2020";"14:45";"1";"19";"19146";"1";"1";"1";"6";"D1120";"45,3322660";"1,7617010"
"202000047204";"25";"8";"2020";"16:20";"1";"75";"75110";"2";"2";"1";"6";"BOULEVARD DE STRASBOURG";"48,8723080";"2,3559010"
"202000047205";"2";"12";"2020";"10:40";"1";"92";"92072";"1";"1";"1";"2";"MARECHAL JUIN (QUAI DU)";"48,8298903";"2,2236964"
"202000047206";"24";"7";"2020";"07:45";"1";"13";"13204";"2";"1";"1";"6";"ELÉMIR BOURGES (RUE)";"43,2989861";"5,4028126"
"202000047207";"20";"10";"2020";"17:00";"1";"29";"29039";"2";"3";"1";"1";"Rue des Sables Blancs";"47,8787000";" -3,9300000"
"202000047208";"31";"1";"2020";"08:30";"2";"77";"77390";"2";"1";"2";"6";"ANCEL DE GARLANDE (AVENUE)";"48,7891560";"2,6612260"
"202000047209";"25";"8";"2020";"17:50";"1";"75";"75108";"2";"1";"1";"5";"AVENUE FRANKLIN D ROOSEVELT";"48,8677880";"2,3101900"
"202000047210";"19";"5";"2020";"23:50";"5";"972";"97213";"1";"1";"2";"1";"ROUTE DEPARTEMENTALE 3";"14,6339000";" -60,9914000"
"202000047211";"1";"1";"2020";"17:40";"3";"44";"44195";"1";"1";"2";"1";"D17";"47,3400370";" -1,9074850"
"202000047212";"25";"8";"2020";"15:50";"1";"75";"75117";"2";"1";"1";"3";"BOULEVARD DE COURCELLES";"48,8802490";"2,3083190"
"202000047213";"2";"2";"2020";"12:00";"1";"77";"77114";"1";"1";"8";"5";"N 4";"48,7407382";"2,6936232"
"202000047214";"21";"5";"2020";"02:20";"5";"972";"97209";"2";"1";"1";"6";"GENERAL DE GAULLE (BLD DU)";"14,6075800";" -61,0685100"
"202000047215";"2";"12";"2020";"17:59";"5";"92";"92023";"2";"1";"1";"7";"PAUL VAILLANT COUTURIER (RUE)";"48,8030160";"2,2624560"
"202000047216";"2";"2";"2020";"00:42";"3";"76";"76165";"2";"1";"1";"7";"REPUBLIQUE. RUE DE LA";"49,2790513";"1,0291314"
"202000047217";"20";"10";"2020";"13:10";"1";"22";"22113";"1";"1";"1";"7";"COZ PLAC (LIEU-DIT)";"48,7200716";" -3,3999470"
"202000047218";"2";"12";"2020";"19:55";"5";"92";"92012";"2";"2";"2";"7";"REPUBLIQUE (BOULEVARD DE LA) 5/77BIS - 6";"48,8330125";"2,2463246"
"202000047219";"2";"2";"2020";"06:10";"5";"76";"76540";"2";"2";"1";"3";"GAMBETTA. BOULEVARD LEON";"49,4378400";"1,1052500"
"202000047220";"20";"10";"2020";"14:10";"1";"17";"17291";"1";"1";"1";"6";"QUATORZE JUILLET   RUE DU";"46,1762000";" -1,1158900"
"202000047221";"24";"7";"2020";"09:40";"1";"13";"13215";"2";"1";"1";"6";"LE CHATELIER";"43,3465500";"5,3669000"
"202000047222";"1";"1";"2020";"00:15";"3";"27";"27189";"1";"1";"5";"6";"D167";"48,9822420";"0,9819702"
"202000047223";"25";"8";"2020";"09:50";"1";"75";"75103";"2";"1";"8";"7";"RUE SAINT GILLES";"48,8576600";"2,3675780"
"202000047224";"29";"1";"2020";"12:00";"1";"76";"76561";"2";"1";"1";"6";"LECLERC. RUE DU MARECHAL (CD 144)";"49,3033500";"1,0159300"
"202000047225";"2";"12";"2020";"13:05";"1";"92";"92002";"2";"1";"1";"3";"DIVISION LECLERC (53 A 217 - 58 A 186)";"48,7480799";"2,3039049"
"202000047226";"24";"8";"2020";"17:05";"1";"94";"94068";"2";"1";"1";"3";"FOCH (AV)";"48,8030000";"2,4900000"
"202000047227";"2";"2";"2020";"00:40";"5";"76";"76351";"2";"1";"2";"2";"ALBERT 1ER";"49,4965235";"0,0933623"
"202000047228";"2";"1";"2020";"09:42";"1";"62";"62014";"2";"1";"1";"6";"35 Rue de Saint-omer";"50,6403950";"2,3971010"
"202000047229";"2";"12";"2020";"07:45";"5";"41";"41194";"2";"1";"2";"3";"Faubourg d'Orléans";"47,3614140";"1,7428340"
"202000047230";"20";"10";"2020";"14:45";"1";"14";"14271";"2";"1";"1";"5";"RN814";"49,1382900";" -0,3936600"
"202000047231";"31";"1";"2020";"22:10";"5";"76";"76351";"2";"1";"1";"2";"COMMANDANT ABADIE";"49,5011900";"0,1768800"
"202000047232";"25";"8";"2020";"13:50";"1";"94";"94041";"2";"1";"1";"3";"GEORGES GOSNAT (AV)";"48,8133700";"2,3888900"
"202000047233";"19";"10";"2020";"16:00";"1";"13";"13117";"2";"9";"1";"3";"LONDRES (AVENUE DE)";"43,4273430";"5,2357140"
"202000047234";"3";"12";"2020";"15:40";"1";"01";"01419";"1";"1";"8";"6";"Chemin de Pré Jacquet";"46,2300990";"5,9984280"
"202000047235";"20";"10";"2020";"12:15";"1";"13";"13201";"2";"1";"1";"6";"LÉON GAMBETTA (ALLEE)";"43,3734460";"5,3430294"
"202000047236";"21";"5";"2020";"22:10";"5";"69";"69149";"2";"2";"1";"3";"JEAN JAURES                         (AV)";"45,7115635";"4,8198269"
"202000047237";"31";"1";"2020";"19:58";"5";"72";"72181";"2";"1";"2";"3";"GENESLAY FELIX (AV) N° PAIRS 146 A 234";"47,9762700";"0,2073500"
"202000047238";"1";"1";"2020";"06:30";"3";"13";"13088";"1";"1";"1";"5";"A55-Sens Martigues vers Marseille";"43,3901390";"5,2475390"
"202000047239";"25";"8";"2020";"01:53";"5";"94";"94018";"2";"1";"1";"6";"PONT (R DU)";"48,8180420";"2,4196350"
"202000047240";"1";"12";"2020";"18:50";"5";"971";"97132";"1";"1";"1";"1";"Chemin de Petit Jardin";"15,9869810";" -61,6330430"
"202000047241";"1";"2";"2020";"19:30";"3";"67";"67218";"1";"1";"2";"2";"ALFRED KASTLER (ROUTE)";"48,5427857";"7,7373808"
"202000047242";"1";"1";"2020";"04:00";"5";"91";"91161";"2";"2";"1";"3";"CARREFOUR RN20 / CD120";"48,7153120";"2,2983720"
"202000047243";"31";"1";"2020";"18:40";"5";"67";"67482";"2";"1";"1";"3";"GENERAL DE GAULLE (AVENUE DU)";"48,5773410";"7,7693600"
"202000047244";"3";"12";"2020";"10:43";"1";"62";"62361";"2";"1";"2";"2";"8 Rue de Grefrath";"50,2792100";"2,2753500"
"202000047245";"1";"1";"2020";"08:40";"1";"988";"98818";"2";"1";"1";"6";"CHALIER (RUE JEAN)";" -22,2464900";"166,4626100"
"202000047246";"23";"7";"2020";"07:30";"1";"13";"13211";"2";"2";"1";"3";"MILLIERE (BOULEVARD DE LA )";"43,2835000";"5,4994000"
"202000047247";"25";"8";"2020";"00:00";"5";"94";"94041";"2";"4";"1";"1";"AUGUSTE DESHAIES (QU)";"48,8185200";"2,4003800"
"202000047248";"20";"10";"2020";"08:49";"1";"13";"13206";"2";"2";"1";"2";"LIEUTAUD (COURS)";"43,2891060";"5,3841140"
"202000047249";"3";"2";"2020";"13:05";"1";"64";"64102";"2";"1";"1";"3";"MAIGNON (GIRATOIRE DE)";"43,4656200";" -1,4952600"
"202000047250";"1";"1";"2020";"00:30";"5";"38";"38151";"1";"1";"1";"6";"A480";"45,1471900";"5,6954400"
"202000047251";"2";"2";"2020";"03:15";"5";"64";"64102";"2";"6";"1";"6";"SAINT FREDERIC (RUE)";"43,4909900";" -1,4534400"
"202000047252";"1";"1";"2020";"02:00";"3";"16";"16366";"1";"1";"1";"6";"N/A";"45,6259570";" -0,2093420"
"202000047253";"3";"2";"2020";"18:05";"5";"62";"62193";"2";"1";"3";"6";"MOLLIEN";"50,9571300";"1,8709600"
"202000047254";"2";"12";"2020";"19:15";"3";"41";"41010";"1";"1";"1";"7";"Buissay";"47,8601100";"1,0274790"
"202000047255";"19";"10";"2020";"08:50";"1";"13";"13005";"2";"9";"1";"3";"BOYER (PARKING ANTIDE)";"43,2949000";"5,5616400"
"202000047256";"24";"7";"2020";"15:10";"1";"13";"13047";"1";"9";"1";"5";"GEORGES GUYNEMER AVENUE";"43,5181800";"4,9629500"
"202000047257";"25";"8";"2020";"20:05";"1";"93";"93048";"2";"2";"1";"6";"PRESIDENT SALVADOR ALLENDE (AVENUE DU)";"48,8734500";"2,4605200"
"202000047258";"20";"5";"2020";"17:00";"1";"69";"69382";"2";"3";"1";"3";"CHARLEMAGNE                         (CO)";"45,7397000";"4,8183000"
"202000047259";"1";"1";"2020";"16:30";"1";"42";"42332";"1";"1";"7";"3";"Chemin du Halage";"46,0159200";"4,0535680"
"202000047260";"22";"7";"2020";"10:45";"1";"13";"13005";"2";"1";"1";"7";"RN 8";"43,2838200";"5,5419700"
"202000047261";"25";"8";"2020";"22:00";"5";"93";"93031";"2";"2";"1";"3";"AV DE LA REPUBLIQUE / R CLAUDE DEBUSSY";"48,9471200";"2,3427000"
"202000047262";"2";"12";"2020";"09:40";"2";"34";"34120";"2";"6";"1";"3";"Avenue de Vendargues";"43,6590700";"3,9118620"
"202000047263";"25";"8";"2020";"13:00";"1";"93";"93031";"2";"2";"1";"3";"SAINT LEU (ROUTE DE) > 159";"48,9540763";"2,3351712"
"202000047264";"2";"12";"2020";"08:05";"3";"56";"56179";"1";"4";"1";"1";"Kerteuff";"47,8339240";" -3,4176300"
"202000047265";"1";"1";"2020";"00:45";"5";"972";"97231";"2";"1";"1";"6";"Rue des Anthuriums";"14,5509410";" -61,0544130"
"202000047266";"25";"8";"2020";"22:20";"5";"93";"93057";"2";"2";"1";"3";"AV ARISTIDE BRIAND / AV JULES GUESDE";"48,9105627";"2,5122374"
"202000047267";"1";"1";"2020";"02:00";"3";"52";"52349";"1";"1";"1";"6";"A5";"48,0252706";"5,0905806"
"202000047268";"24";"8";"2020";"17:30";"1";"92";"92050";"2";"1";"8";"3";"REPUBLIQUE AVENUE DE LA";"48,9054950";"2,2099770"
"202000047269";"26";"8";"2020";"17:25";"1";"974";"97415";"1";"1";"1";"3";"Route Nationale 1";" -20,9744990";"55,2979610"
"202000047270";"1";"1";"2020";"07:40";"3";"44";"44073";"1";"1";"2";"2";"N137";"47,3996130";" -1,6448590"
"202000047271";"25";"8";"2020";"18:00";"1";"83";"83148";"1";"1";"1";"7";"Route du Plan de la Tour";"43,4027680";"6,4457210"
"202000047272";"20";"5";"2020";"19:55";"1";"69";"69202";"2";"4";"1";"3";"LIBERATION (DE LA)                  (RO)";"45,7286000";"4,7778000"
"202000047273";"2";"12";"2020";"13:00";"1";"79";"79185";"1";"1";"1";"6";"Route de Gascougnolles";"46,2790730";" -0,3095570"
"202000047274";"18";"10";"2020";"10:55";"1";"04";"04070";"2";"1";"1";"6";"Bd Gassendi";"44,0928369";"6,2351717"
"202000047275";"25";"7";"2020";"00:00";"5";"10";"10387";"2";"3";"1";"7";"VOULDY (CHAUSSEE DU)";"48,2921300";"4,0863500"
"202000047276";"1";"1";"2020";"18:10";"3";"56";"56022";"1";"1";"2";"1";"Kerdroguen RD779";"47,7984020";" -2,9309640"
"202000047277";"20";"8";"2020";"13:00";"1";"59";"59462";"1";"3";"1";"3";"D925";"50,5231410";"3,0005010"
"202000047278";"22";"7";"2020";"16:54";"1";"10";"10333";"1";"1";"1";"2";"ROCADE OUEST (RD 610)";"48,2707900";"4,0493800"
"202000047279";"1";"1";"2020";"17:50";"5";"65";"65438";"2";"1";"1";"6";"43 Rue des Pyrénées";"43,3299710";"0,0366440"
"202000047280";"20";"5";"2020";"17:50";"1";"69";"69389";"2";"3";"1";"3";"JOANNES CARRET                      (R )";"45,7915800";"4,8160400"
"202000047281";"22";"7";"2020";"18:40";"1";"06";"06088";"2";"1";"1";"3";"VOIE RAPIDE";"43,6883000";"7,2382400"
"202000047282";"3";"12";"2020";"09:00";"1";"79";"79298";"1";"2";"1";"4";"N/A";"46,2746340";" -0,5256430"
"202000047283";"21";"8";"2020";"21:30";"3";"44";"44051";"1";"2";"1";"3";"La Petite Merais";"47,6873620";" -1,6613820"
"202000047284";"20";"10";"2020";"07:40";"2";"75";"75117";"2";"1";"2";"5";"PORTE DE CLICHY";"48,8965730";"2,3098910"
"202000047285";"1";"1";"2020";"09:00";"2";"89";"89392";"2";"1";"9";"6";"7 N Route Nationale 6";"47,5311035";"3,7957750"
"202000047286";"21";"5";"2020";"23:45";"3";"91";"91433";"1";"1";"1";"7";"R.N. 20";"48,4585100";"2,1776500"
"202000047287";"20";"10";"2020";"08:25";"1";"75";"75116";"2";"1";"1";"3";"PORTE D AUTEUIL";"48,8432210";"2,2543640"
"202000047288";"1";"1";"2020";"17:00";"2";"76";"76644";"1";"1";"8";"6";"Rue de Mont Plaisir";"50,0138550";"1,3961840"
"202000047289";"16";"5";"2020";"05:30";"5";"83";"83069";"2";"3";"1";"6";"BOUIN (RUE JEAN)";"43,1218400";"6,1407200"
"202000047290";"25";"8";"2020";"13:55";"1";"21";"21508";"1";"1";"1";"7";"D104";"47,3793100";"4,9346531"
"202000047291";"25";"8";"2020";"20:40";"2";"62";"62720";"2";"1";"6";"6";"3 Rue d'Estree Blanche";"50,5976800";"2,3877080"
"202000047292";"20";"8";"2020";"22:00";"3";"19";"19005";"2";"1";"1";"7";"Les Pissotes";"45,2664340";"1,4649580"
"202000047293";"3";"12";"2020";"18:00";"3";"2B";"2B346";"1";"1";"1";"6";"RT 11";"42,5255150";"9,4569860"
"202000047294";"3";"12";"2020";"08:00";"2";"80";"80574";"1";"2";"2";"1";"D1001";"50,0418450";"2,0590780"
"202000047295";"2";"12";"2020";"18:15";"3";"55";"55173";"1";"1";"2";"6";"D193";"48,5443990";"5,6125760"
"202000047296";"24";"7";"2020";"11:40";"1";"06";"06027";"2";"1";"1";"6";"NICE AVENUE DE (RN7)";"43,6598700";"7,1711500"
"202000047297";"21";"5";"2020";"17:50";"1";"79";"79259";"2";"6";"1";"3";"Route de Parthenay";"46,9693700";" -0,2093200"
"202000047298";"1";"1";"2020";"04:00";"3";"02";"02756";"1";"9";"4";"5";"Route Departementale 1044";"49,8021430";"3,3196280"
"202000047299";"20";"10";"2020";"11:25";"1";"75";"75120";"2";"1";"2";"6";"BOULEVARD DE BELLEVILLE";"48,8672280";"2,3831110"
"202000047300";"5";"8";"2020";"17:50";"1";"74";"74194";"2";"1";"1";"6";"261 Route de Chessy";"45,8077540";"6,0386180"
"202000047301";"23";"7";"2020";"18:30";"1";"06";"06027";"2";"1";"1";"2";"VENCE ROUTE DE";"43,6738000";"7,1424220"
"202000047302";"20";"10";"2020";"10:54";"1";"75";"75111";"2";"1";"1";"1";"AVENUE PARMENTIER";"48,8695370";"2,3714130"
"202000047303";"3";"12";"2020";"09:00";"1";"86";"86245";"1";"1";"2";"1";"Les Brandes de Darcet";"46,8246170";"0,6252920"
"202000047304";"21";"5";"2020";"17:00";"1";"77";"77186";"1";"1";"1";" -1";"D148";"48,3547291";"2,7629109"
"202000047305";"26";"8";"2020";"12:15";"1";"80";"80368";"2";"3";"1";"1";"Intersection Rue Diderot - Rue du Parc";"50,0792000";"1,5363260"
"202000047306";"20";"10";"2020";"09:00";"1";"75";"75119";"2";"1";"2";"3";"BOULEVARD DE LA VILLETTE";"48,8797920";"2,3704420"
"202000047307";"24";"8";"2020";"20:40";"2";"65";"65039";"1";"1";"1";"7";"D918";"42,9177700";"0,3489770"
"202000047308";"23";"7";"2020";"14:45";"1";"06";"06027";"2";"1";"1";"3";"FRANCE ROUTE DE";"43,6636800";"7,1368510"
"202000047309";"20";"10";"2020";"07:00";"5";"75";"75119";"2";"1";"2";"2";"AVENUE JEAN JAURES";"48,8881420";"2,3906480"
"202000047310";"25";"8";"2020";"17:04";"1";"65";"65018";"1";"1";"1";"6";"D126";"42,9992100";" -0,2823880"
"202000047311";"23";"7";"2020";"06:35";"1";"06";"06123";"2";"1";"1";"3";"VESPINS ROUTE DES";"43,6606000";"7,1780000"
"202000047312";"20";"10";"2020";"19:20";"5";"75";"75116";"2";"4";"2";"6";"AVENUE D IENA";"48,8705060";"2,2955900"
"202000047313";"2";"12";"2020";"19:00";"3";"22";"22183";"1";"2";"2";"3";"Zone d'activités Le Ridor (Zone industrielle)";"48,1719640";" -2,5784420"
"202000047314";"25";"8";"2020";"16:23";"1";"65";"65032";"1";"1";"1";"7";"47 Route du Soulor";"42,9612410";" -0,2204740"
"202000047315";"3";"12";"2020";"18:00";"3";"25";"25532";"2";"1";"1";"3";"20 Rue du Chenau Blond";"47,2087970";"6,1028840"
"202000047316";"1";"1";"2020";"12:25";"1";"60";"60137";"1";"2";"5";"3";"Carrefour D101 - D37";"49,4356743";"2,5276707"
"202000047317";"24";"8";"2020";"21:30";"2";"61";"61043";"1";"1";"1";"7";"La Bouillerie";"48,3508570";"0,7277300"
"202000047318";"1";"12";"2020";"16:00";"1";"29";"29090";"1";"1";"1";"1";"D107 - Toul Land.";"48,0960573";" -4,2559615"
"202000047319";"1";"1";"2020";"07:50";"3";"53";"53144";"1";"1";"2";"6";"D113";"48,3159410";" -0,4630260"
"202000047320";"15";"8";"2020";"21:30";"5";"49";"49215";"2";"2";"1";"6";"Rue Nationale";"47,1317460";" -0,1526500"
"202000047321";"21";"5";"2020";"19:45";"1";"69";"69266";"2";"4";"1";"3";"CUSSET   (Pont de)";"45,7685802";"4,9054043"
"202000047322";"23";"7";"2020";"23:10";"3";"05";"05061";"1";"1";"1";"6";"RN 85";"44,5101900";"6,0462100"
"202000047323";"1";"1";"2020";"16:56";"3";"72";"72115";"1";"1";"2";"6";"Autoroute A28, pk 050+000";"47,6501010";"0,4623280"
"202000047324";"23";"7";"2020";"10:43";"1";"05";"05061";"2";"1";"1";"2";"GUILLAUME FAREL ( AVENUE )";"44,5599100";"6,0754100"
"202000047325";"1";"1";"2020";"05:15";"3";"78";"78143";"1";"1";"5";"6";"RD 95, PK 8 + 300";"48,7278880";"2,1010010"
"202000047326";"24";"7";"2020";"03:45";"5";"04";"04112";"2";"1";"1";"7";"316 bd des Amandiers";"43,8371000";"5,7852800"
"202000047327";"3";"12";"2020";"08:03";"1";"29";"29056";"2";"1";"3";"6";"Lieu-dit Clos de la Garenne";"48,4272430";" -4,3067690"
"202000047328";"20";"10";"2020";"17:20";"1";"75";"75116";"2";"3";"2";"3";"AVENUE RAYMOND POINCARE";"48,8714860";"2,2848760"
"202000047329";"1";"1";"2020";"06:32";"3";"31";"31399";"1";"1";"1";"4";"A 64";"43,3662900";"1,2733660"
"202000047330";"20";"10";"2020";"16:40";"1";"75";"75114";"2";"1";"2";"3";"AVENUE DENFERT ROCHEREAU";"48,8378840";"2,3357990"
"202000047331";"20";"10";"2020";"19:20";"5";"75";"75112";"2";"1";"2";"4";"AVENUE DE SAINT MANDE";"48,8445210";"2,4073320"
"202000047332";"1";"1";"2020";"06:10";"2";"973";"97309";"1";"1";"1";"3";"nationale 3";"4,8933330";" -52,2903320"
"202000047333";"20";"10";"2020";"09:00";"1";"75";"75112";"2";"1";"8";"2";"QUAI DE BERCY";"48,8313250";"2,3850960"
"202000047334";"1";"1";"2020";"06:45";"3";"51";"51569";"1";"1";"9";"7";"A4/A344";"49,2473705";"3,9462173"
"202000047335";"19";"10";"2020";"17:00";"1";"75";"75112";"2";"1";"1";"6";"RUE DE BERCY";"48,8377470";"2,3825730"
"202000047336";"3";"12";"2020";"15:45";"1";"38";"38126";"2";"1";"1";"3";"Avenue du Grésivaudan";"45,2084280";"5,7581190"
"202000047337";"1";"1";"2020";"05:10";"3";"34";"34081";"1";"1";"1";"6";"D162";"43,3120300";"3,1747500"
"202000047338";"21";"5";"2020";"09:30";"1";"64";"64102";"2";"1";"1";"3";"ALLEES MARINES (AVENUE DES)";"43,4985900";" -1,4878900"
"202000047339";"26";"8";"2020";"07:48";"1";"42";"42092";"1";"1";"1";"3";"Route des Brossettes";"45,4919250";"4,3820221"
"202000047340";"20";"10";"2020";"11:00";"1";"75";"75111";"2";"1";"8";"6";"RUE DE LAPPE";"48,8529460";"2,3742660"
"202000047341";"20";"10";"2020";"10:40";"1";"75";"75109";"2";"1";"1";"3";"RUE DE VINTIMILLE";"48,8824860";"2,3293000"
"202000047342";"23";"8";"2020";"19:35";"1";"41";"41161";"1";"4";"1";"3";"D44";"47,5443950";"2,0740340"
"202000047343";"20";"10";"2020";"11:30";"1";"75";"75108";"2";"1";"8";"7";"BOULEVARD MALESHERBES";"48,8786540";"2,3152410"
"202000047344";"20";"10";"2020";"07:25";"5";"75";"75107";"2";"1";"2";"3";"RUE D ESTREES";"48,8515330";"2,3112940"
"202000047345";"20";"5";"2020";"19:59";"1";"64";"64024";"2";"1";"7";"2";"BAB (BOULEVARD DU)";"43,4976000";" -1,5044900"
"202000047346";"1";"1";"2020";"04:45";"5";"79";"79049";"2";"1";"2";"5";"Boulevard de Thouars";"46,8499370";" -0,4674700"
"202000047347";"1";"1";"2020";"02:25";"3";"35";"35240";"1";"1";"1";"1";"RD 288";"48,1047894";" -1,7803343"
"202000047348";"14";"11";"2020";"15:29";"1";"13";"13083";"2";"9";"1";"7";"Route des Lonnes";"43,8947920";"4,8036380"
"202000047349";"22";"8";"2020";"11:00";"1";"44";"44041";"1";"1";"1";"3";"Tournebride";"47,0795000";" -1,5670640"
"202000047350";"24";"7";"2020";"12:04";"1";"03";"03185";"2";"2";"1";"3";"Quai Favieres";"46,3428971";"2,6005875"
"202000047351";"20";"10";"2020";"07:50";"2";"94";"94052";"2";"2";"2";"6";"GALLIENI (BD)";"48,8409000";"2,4833000"
"202000047352";"21";"5";"2020";"17:50";"1";"51";"51454";"2";"1";"1";"2";"Boulevard de la Paix";"49,2538437";"4,0408405"
"202000047353";"1";"1";"2020";"03:30";"3";"27";"27099";"2";"3";"5";"3";"Route de Louviers";"49,0825600";"1,1815000"