"Num_Acc";"jour";"mois";"an";"hrmn";"lum";"dep";"com";"agg";"int";"atm";"col";"adr";"lat";"long"
"202000047354";"23";"7";"2020";"17:04";"1";"02";"02738";"2";"2";"1";"3";"BOULLOCHE (AVENUE)";"49,6579500";"3,3161400"
"202000047355";"1";"1";"2020";"01:15";"3";"988";"98810";"1";"1";"1";"7";"RT1";" -20,6418700";"164,3503870"
"202000047356";"23";"7";"2020";"23:50";"5";"75";"75120";"2";"4";"1";"6";"BOULEVARD PERIPHERIQUE";"48,8490270";"2,4148680"
"202000047357";"15";"8";"2020";"08:20";"1";"02";"02120";"1";"1";"5";"7";"D1320";"49,3778190";"3,5500430"
"202000047358";"23";"7";"2020";"19:35";"1";"75";"75116";"2";"1";"1";"2";"BOULEVARD PERIPHERIQUE";"48,8705970";"2,2723520"
"202000047359";"24";"7";"2020";"18:40";"1";"75";"75116";"2";"1";"1";"6";"VOIE GEORGES POMPIDOU";"48,8444330";"2,2720770"
"202000047360";"3";"12";"2020";"07:55";"1";"02";"02594";"1";"2";"2";"3";"Départementale 4";"49,1621650";"3,1811750"
"202000047361";"13";"10";"2020";"17:05";"1";"94";"94015";"2";"1";"8";"3";"GENERAL LECLERC (AV)";"48,8329740";"2,5200000"
"202000047362";"26";"8";"2020";"04:50";"3";"02";"02572";"1";"1";"6";"6";"D62";"49,3858930";"4,0069630"
"202000047363";"24";"7";"2020";"01:50";"5";"75";"75106";"2";"5";"1";"6";"RUE DE MONTFAUCON";"48,8531650";"2,3358460"
"202000047364";"1";"12";"2020";"08:00";"3";"85";"85019";"1";"1";"2";"5";"RD763";"46,8058170";" -1,4331150"
"202000047365";"20";"10";"2020";"09:05";"1";"94";"94041";"2";"1";"2";"1";"HENRI POURCHASSE (QU)";"48,8084300";"2,4077400"
"202000047366";"3";"12";"2020";"11:30";"1";"64";"64417";"2";"9";"1";"6";"4 Rue de l'Ouzom";"43,1781350";" -0,2461570"
"202000047367";"23";"7";"2020";"17:00";"1";"75";"75106";"2";"3";"1";"3";"BOULEVARD DU MONTPARNASSE";"48,8441840";"2,3228980"
"202000047368";"2";"12";"2020";"07:04";"2";"21";"21027";"1";"2";"1";"3";"D903";"47,3906650";"5,0363730"
"202000047369";"24";"7";"2020";"21:45";"5";"75";"75120";"2";"4";"1";"3";"AVENUE CARTELLIER";"48,8642780";"2,4128290"
"202000047370";"2";"12";"2020";"23:00";"3";"85";"85266";"1";"2";"2";"6";"Les Gornieres";"46,7594080";" -0,9942410"
"202000047371";"24";"7";"2020";"19:40";"1";"75";"75120";"2";"7";"1";"3";"ECHANGEUR VINCENNES";"48,8469180";"2,4150830"
"202000047372";"3";"12";"2020";"05:50";"3";"08";"08283";"1";"1";"5";"6";"RD 991";"49,6312070";"4,6221220"
"202000047373";"20";"5";"2020";"18:50";"1";"50";"50532";"2";"3";"1";"3";"THAR (RUE DU)";"48,7946800";" -1,5677000"
"202000047374";"26";"8";"2020";"13:20";"1";"15";"15092";"1";"1";"1";"7";"D922";"45,4170250";"2,5026510"
"202000047375";"3";"12";"2020";"06:45";"3";"95";"95678";"2";"1";"2";"3";"Rue de Mériel";"49,0698840";"2,2213300"
"202000047376";"21";"5";"2020";"01:50";"5";"44";"44109";"2";"1";"1";"6";"Boulevard de Doulon";"47,2279600";" -1,5255900"
"202000047377";"24";"7";"2020";"20:15";"1";"75";"75119";"2";"4";"1";"6";"RUE MANIN";"48,8847570";"2,3922280"
"202000047378";"26";"8";"2020";"10:20";"1";"01";"01454";"1";"1";"1";"1";"D1504";"45,7092770";"5,7261730"
"202000047379";"24";"7";"2020";"18:30";"1";"75";"75119";"2";"1";"1";"2";"AVENUE DE FLANDRE";"48,8850580";"2,3697100"
"202000047380";"24";"7";"2020";"10:00";"1";"75";"75119";"2";"3";"1";"3";"AVENUE JEAN JAURES";"48,8887670";"2,3930680"
"202000047381";"20";"10";"2020";"07:30";"5";"94";"94018";"2";"2";"2";"3";"PARIS (R DE)";"48,8277500";"2,4040000"
"202000047382";"26";"8";"2020";"11:55";"1";"01";"01323";"2";"1";"1";"2";"Les quatre vents, 23 route de macon";"46,4279603";"4,9371921"
"202000047383";"24";"7";"2020";"16:39";"1";"75";"75118";"2";"1";"1";"6";"RUE DOUDEAUVILLE";"48,8883850";"2,3526410"
"202000047384";"25";"8";"2020";"20:55";"3";"26";"26368";"1";"1";"1";"6";"Avenue de la Clairette";"44,7251340";"5,2670860"
"202000047385";"24";"7";"2020";"20:00";"1";"75";"75117";"2";"3";"1";"7";"RUE DAVY";"48,8911820";"2,3247090"
"202000047386";"26";"8";"2020";"14:20";"1";"72";"72316";"2";"1";"1";"6";"13 Rue du Vairais";"48,3077690";"0,4012260"
"202000047387";"24";"7";"2020";"11:20";"1";"75";"75117";"2";"1";"1";"3";"AVENUE DE LA GRANDE ARMEE";"48,8750890";"2,2908990"
"202000047388";"24";"7";"2020";"15:00";"1";"75";"75116";"2";"1";"1";"7";"PORT DEBILLY";"48,8583060";"2,2889390"
"202000047389";"24";"7";"2020";"10:00";"1";"75";"75116";"2";"3";"1";"3";"BOULEVARD LANNES";"48,8667140";"2,2716830"
"202000047390";"3";"12";"2020";"14:40";"1";"973";"97309";"2";"2";"1";"3";"Route de Rémire";"4,9076980";" -52,2728040"
"202000047391";"26";"8";"2020";"16:45";"1";"60";"60029";"1";"1";"1";"1";"Route départmentale 2";"49,3609810";"2,0170430"
"202000047392";"24";"7";"2020";"01:30";"5";"75";"75116";"2";"5";"1";"7";"AVENUE DE VERSAILLES";"48,8473870";"2,2737390"
"202000047393";"18";"10";"2020";"21:22";"5";"93";"93066";"2";"1";"1";"2";"LENINE (AVENUE) NR 28 A 62 ET 13 A 41";"48,9416700";"2,3657900"
"202000047394";"24";"7";"2020";"10:00";"1";"75";"75115";"2";"2";"1";"3";"RUE DU HAMEAU";"48,8351310";"2,2890280"
"202000047395";"20";"10";"2020";"09:07";"1";"93";"93077";"2";"3";"2";"3";"REGLEY (RUE)";"48,8753298";"2,5291505"
"202000047396";"24";"7";"2020";"07:30";"1";"75";"75114";"2";"2";"1";"6";"BOULEVARD JOURDAN";"48,8222260";"2,3304080"
"202000047397";"24";"7";"2020";"22:10";"5";"75";"75112";"2";"3";"1";"3";"RUE DE LYON";"48,8514360";"2,3699140"
"202000047398";"20";"10";"2020";"07:55";"1";"93";"93046";"2";"1";"2";"3";"R AMEDEE DUNOIS";"48,9235500";"2,5417481"
"202000047399";"24";"7";"2020";"15:05";"1";"75";"75112";"2";"7";"1";"3";"AVENUE DU TREMBLAY";"48,8272550";"2,4643800"
"202000047400";"20";"10";"2020";"07:10";"5";"93";"93005";"2";"1";"2";"3";"R JULES PRINCET";"48,9378000";"2,5008000"
"202000047401";"23";"7";"2020";"14:30";"1";"75";"75112";"2";"1";"1";"3";"ROUTE DE LA FERME";"48,8221830";"2,4545110"
"202000047402";"20";"10";"2020";"15:49";"1";"92";"92046";"2";"1";"1";"6";"DE STALINGRAD";"48,8119396";"2,2944440"
"202000047403";"18";"10";"2020";"18:45";"2";"92";"92050";"2";"2";"1";"3";"BOUVETS BOULEVARD DES";"48,8968800";"2,2240300"
"202000047404";"24";"7";"2020";"12:15";"1";"75";"75117";"2";"3";"1";"7";"AVENUE DE CLICHY";"48,8893690";"2,3223520"
"202000047405";"19";"10";"2020";"19:45";"5";"92";"92036";"2";"1";"1";"6";"GENEAL DE GAULLE (AVENUE) (1/41)";"48,9339398";"2,3151102"
"202000047406";"20";"10";"2020";"11:45";"1";"92";"92035";"2";"9";"2";"2";"République ( boulevard de la )";"48,9059200";"2,2518500"
"202000047407";"26";"8";"2020";"18:00";"1";"64";"64080";"1";"1";"1";"2";"D817";"43,3513440";" -0,4867390"
"202000047408";"21";"5";"2020";"18:08";"1";"37";"37261";"2";"1";"1";"3";"GRAMMONT (AVENUE DE)";"47,3850647";"0,6909398"
"202000047409";"24";"7";"2020";"18:30";"1";"75";"75108";"2";"2";"1";"3";"BOULEVARD MALESHERBES";"48,8766250";"2,3176850"
"202000047410";"3";"12";"2020";"14:30";"1";"01";"01027";"1";"3";"1";"3";"D84 PR : 002+450 CROISSANT/ rue du stade";"45,8331950";"5,1150370"
"202000047411";"21";"5";"2020";"19:52";"1";"34";"34172";"2";"1";"7";"6";"VALERY (BOULEVARD PAUL";"43,5967350";"3,8492160"
"202000047412";"24";"7";"2020";"14:30";"1";"75";"75104";"2";"3";"8";"7";"RUE DE RIVOLI";"48,8552380";"2,3611240"
"202000047413";"2";"12";"2020";"20:15";"3";"68";"68297";"1";"1";"1";"2";"A35";"47,6141340";"7,5187210"
"202000047414";"20";"10";"2020";"19:30";"5";"92";"92024";"2";"1";"2";"3";"GENERAL LECLERC (RUE DU) DE (59 ET PLUS)";"48,9091700";"2,3071000"
"202000047415";"24";"7";"2020";"13:35";"1";"94";"94046";"2";"1";"1";"2";"GENERAL LECLERC (AV DU)";"48,8074900";"2,4376800"
"202000047416";"26";"8";"2020";"02:05";"3";"43";"43217";"1";"1";"1";"7";"D26";"45,2672000";"3,8828090"
"202000047417";"3";"12";"2020";"01:40";"3";"69";"69102";"1";"1";"2";"6";"A 89";"45,8685700";"4,3971400"
"202000047418";"21";"5";"2020";"13:30";"1";"33";"33063";"2";"2";"1";"3";"AVE EMILE COUNORD / RUE BARREYRE";"44,8590100";" -0,5749000"
"202000047419";"24";"7";"2020";"16:05";"1";"94";"94076";"2";"1";"1";"3";"PARIS (AV DE)";"48,8010600";"2,3651700"
"202000047420";"10";"10";"2020";"10:10";"1";"22";"22118";"2";"1";"1";"6";"Rue de Rennes";"48,4559400";" -2,0282490"
"202000047421";"24";"7";"2020";"15:30";"1";"94";"94041";"2";"9";"1";"3";"WESTERMEYER (R)";"48,8185100";"2,3960100"
"202000047422";"26";"8";"2020";"15:50";"1";"53";"53161";"2";"3";"1";" -1";"Rue de la Libération";"48,1404360";" -0,5556840"
"202000047423";"2";"12";"2020";"13:45";"1";"976";"97601";"2";"1";"1";"6";"CCD1, Mtsangadoua";" -12,7121020";"45,0525930"
"202000047424";"24";"7";"2020";"20:25";"1";"94";"94034";"2";"1";"1";"6";"JEAN JAURES (BD)";"48,7550300";"2,3191800"
"202000047425";"17";"10";"2020";"15:30";"1";"47";"47015";"2";"3";"1";"1";"RN 21";"44,0653620";"0,6497170"
"202000047426";"26";"8";"2020";"13:10";"1";"21";"21244";"1";"1";"1";"1";"D970";"47,2949050";"4,5142820"
"202000047427";"22";"7";"2020";"21:40";"2";"94";"94028";"2";"1";"1";"1";"PASTEUR VALERY RADOT(IMPASSE ET RUE)";"48,7891000";"2,4412700"
"202000047428";"20";"10";"2020";"14:35";"1";"18";"18272";"1";"1";"2";"6";"38 Route de Sancerre";"47,2679530";"2,7681150"
"202000047429";"25";"8";"2020";"18:15";"1";"04";"04076";"1";"1";"1";"3";"RD 4202";"43,9544560";"6,8022970"
"202000047430";"25";"8";"2020";"14:10";"1";"04";"04204";"1";"1";"1";"7";"RD 4085";"43,9152920";"6,4093260"
"202000047431";"2";"12";"2020";"06:50";"1";"987";"98729";"2";"1";"1";"1";"pk 5.300 vaiare";" -17,5230910";" -149,7809030"
"202000047432";"20";"5";"2020";"18:35";"1";"27";"27701";"2";"3";"1";"3";"ANDELLE (CHAUSSEE D')";"49,2756000";"1,2302000"
"202000047433";"6";"10";"2020";"06:30";"2";"57";"57177";"2";"1";"9";"6";"Av 1ere Div Polonaise Grenadiers";"48,8135330";"6,7212400"
"202000047434";"25";"8";"2020";"18:30";"1";"04";"04094";"2";"1";"1";"6";"Station TOTAL Av des Alpes";"43,7561900";"5,8870630"
"202000047435";"2";"12";"2020";"19:00";"3";"972";"97230";"2";"1";"1";"6";"Bonnin";"14,7095780";" -60,9761220"
"202000047436";"24";"7";"2020";"14:46";"1";"94";"94018";"2";"3";"1";"3";"PARIS (R DE)";"48,8222100";"2,4126800"
"202000047437";"29";"7";"2020";"21:30";"2";"37";"37021";"2";"1";"1";"6";"N/A";"47,5592832";"0,6810597"
"202000047438";"20";"5";"2020";"20:23";"1";"25";"25580";"2";"2";"1";"3";"1 Rue Etienne Oehmichen";"47,4632000";"6,8323860"
"202000047439";"20";"10";"2020";"07:15";"1";"972";"97201";"1";"1";"1";"3";"N3";"14,8318180";" -61,1008180"
"202000047440";"20";"5";"2020";"11:10";"1";"17";"17306";"2";"1";"1";"2";"DOUMER PAUL (PARKING)";"45,6270000";" -1,0200000"
"202000047441";"3";"12";"2020";"08:30";"1";"45";"45315";"2";"2";"8";"3";"D948 PR 34 + 670";"47,7604130";"2,3740450"
"202000047442";"21";"10";"2020";"08:02";"1";"01";"01209";"1";"1";"1";"1";"D1206";"46,0919540";"5,8676510"
"202000047443";"21";"5";"2020";"22:50";"5";"17";"17300";"2";"2";"1";"3";"COLLEGE   RUE DU";"46,1631000";" -1,1493000"
"202000047444";"2";"12";"2020";"17:50";"3";"83";"83108";"1";"1";"1";"7";"Route de Toulon";"43,3194330";"5,9889650"
"202000047445";"21";"5";"2020";"20:00";"1";"13";"13209";"2";"1";"1";"2";"SAINTE MARGUERITE (BOULEVARD)";"43,2653080";"5,4089720"
"202000047446";"3";"12";"2020";"09:20";"1";"13";"13004";"1";"3";"1";"1";"D24";"43,5673870";"4,7423120"
"202000047447";"21";"5";"2020";"16:30";"1";"13";"13203";"2";"1";"1";"3";"JUNOT (RUE)";"43,3109860";"5,3763790"
"202000047448";"26";"8";"2020";"07:45";"1";"30";"30123";"1";"2";"1";"7";"N113";"43,6947154";"4,1682476"
"202000047449";"20";"10";"2020";"19:52";"3";"50";"50498";"1";"1";"1";"2";"1 Chemin de l'Hommee";"49,5336340";" -1,5317020"
"202000047450";"24";"7";"2020";"06:55";"2";"94";"94017";"2";"1";"1";"3";"MAURICE THOREZ (AV)";"48,8059600";"2,5337600"
"202000047451";"22";"5";"2020";"00:10";"5";"13";"13001";"2";"1";"1";"3";"REPUBLIQUE (BD DE LA)";"43,5289371";"5,4394630"
"202000047452";"3";"12";"2020";"18:12";"3";"89";"89337";"1";"2";"2";"3";"D606";"47,7398680";"3,6053450"
"202000047453";"20";"10";"2020";"15:45";"1";"67";"67106";"2";"1";"1";" -1";"40 Rue du Rhin";"48,7573830";"7,9580610"
"202000047454";"24";"7";"2020";"17:30";"1";"94";"94071";"2";"1";"1";"2";"WINSTON CHURCHILL (R)";"48,7707100";"2,5223800"
"202000047455";"20";"5";"2020";"15:00";"1";"09";"09122";"2";"1";"1";"2";"RD 919";"42,9873149";"1,6157211"
"202000047456";"26";"8";"2020";"01:12";"3";"30";"30033";"1";"1";"1";"2";"D6572";"43,6552050";"4,3450390"
"202000047457";"13";"10";"2020";"16:00";"1";"23";"23176";"2";"1";"2";"3";"Rue Pasteur";"46,2362870";"1,4832080"
"202000047458";"21";"5";"2020";"07:00";"1";"75";"75120";"2";"4";"1";"6";"ECHANGEUR BAGNOLET";"48,8663660";"2,4139390"
"202000047459";"24";"7";"2020";"12:20";"1";"94";"94002";"2";"2";"1";"3";"EMILE ZOLA (R)";"48,7982850";"2,4205620"
"202000047460";"21";"10";"2020";"07:35";"3";"62";"62649";"1";"1";"2";"6";"La Briqueterie d'Hénu";"50,1541360";"2,5129940"
"202000047461";"26";"8";"2020";"18:55";"1";"08";"08410";"1";"1";"1";"1";"D977";"49,3306600";"4,5640040"
"202000047462";"22";"7";"2020";"10:30";"1";"94";"94002";"2";"1";"1";"3";"NAPLES (R DE)";"48,7893560";"2,4314350"
"202000047463";"20";"5";"2020";"23:45";"5";"75";"75119";"2";"1";"1";"3";"PORTE DE LA VILLETTE";"48,9004250";"2,3902070"
"202000047464";"2";"12";"2020";"20:50";"3";"67";"67526";"1";"1";"1";"6";"D206";"48,4012470";"7,5715700"
"202000047465";"23";"7";"2020";"09:30";"1";"93";"93070";"2";"1";"1";"6";"GABRIEL-PERI (AV)";"48,9062568";"2,3319039"
"202000047466";"3";"12";"2020";"06:40";"5";"38";"38475";"1";"1";"2";"6";"Route de la Bourbre";"45,6696910";"5,1438600"
"202000047467";"20";"5";"2020";"14:45";"1";"75";"75117";"2";"1";"1";"2";"PORTE DE CHAMPERRET";"48,8858090";"2,2883020"
"202000047468";"21";"10";"2020";"12:15";"1";"69";"69046";"1";"3";"1";"3";"Chemin du Poizat";"45,6519460";"4,7761720"
"202000047469";"24";"7";"2020";"14:15";"1";"93";"93048";"2";"1";"1";"6";"RESISTANCE (AVENUE DE LA)";"48,8626467";"2,4367125"
"202000047470";"17";"11";"2020";"15:50";"1";"26";"26206";"2";"1";"1";"6";"1 Chemin du Tacot";"44,8323930";"4,9742370"
"202000047471";"21";"10";"2020";"16:45";"2";"91";"91225";"2";"6";"7";"6";"Avenue de la Fontaine au Soulier";"48,6407360";"2,4574610"
"202000047472";"19";"5";"2020";"14:00";"1";"75";"75117";"2";"1";"1";"5";"BOULEVARD PERIPHERIQUE INTERIEUR OUEST";"48,8809920";"2,2823330"
"202000047473";"23";"7";"2020";"23:00";"5";"93";"93031";"2";"1";"1";"3";"RTE DE SAINT LEU";"48,9517600";"2,3386400"
"202000047474";"20";"10";"2020";"17:25";"1";"19";"19250";"2";"1";"1";"1";"RD902";"45,4752240";"1,5253620"
"202000047475";"21";"5";"2020";"13:00";"1";"75";"75119";"2";"4";"1";"3";"RUE MANIN";"48,8814030";"2,3807010"
"202000047476";"24";"7";"2020";"16:45";"1";"93";"93029";"2";"1";"1";"2";"PAUL VAILLANT COUTURIER (BD)";"48,9239000";"2,4626000"
"202000047477";"1";"12";"2020";"17:35";"5";"33";"33533";"1";"3";"5";"3";"D1113";"44,5685440";" -0,2842020"
"202000047478";"21";"5";"2020";"00:15";"5";"75";"75111";"2";"1";"1";"6";"BOULEVARD DE BELLEVILLE";"48,8676900";"2,3821520"
"202000047479";"24";"7";"2020";"15:35";"1";"93";"93001";"2";"1";"1";"3";"JEAN JAURES  (AVE)  157 A 213";"48,9096069";"2,3984179"
"202000047480";"2";"12";"2020";"17:50";"5";"49";"49035";"2";"1";"1";"6";"Rue Chevrière";"47,4170970";" -0,6141610"
"202000047481";"20";"10";"2020";"18:10";"1";"56";"56206";"1";"1";"1";"4";"Les Trois Rois";"47,6851450";" -2,7629330"
"202000047482";"21";"5";"2020";"00:55";"5";"75";"75101";"2";"1";"1";"7";"AVENUE GENERAL LEMONNIER";"48,8613010";"2,3303520"
"202000047483";"3";"12";"2020";"19:48";"3";"60";"60338";"1";"1";"2";"1";"D932a";"49,3408643";"2,7694398"
"202000047484";"20";"10";"2020";"15:55";"1";"82";"82125";"2";"1";"1";"1";"route de la ville dieu du temple";"43,9691210";"1,2316330"
"202000047485";"21";"5";"2020";"17:30";"1";"94";"94067";"2";"1";"1";"6";"FOCH (AV)";"48,8458900";"2,4185500"
"202000047486";"20";"10";"2020";"19:50";"3";"82";"82085";"1";"1";"6";"7";"1809 Route de Bressols";"43,9778310";"1,2809370"
"202000047487";"21";"5";"2020";"21:05";"1";"94";"94016";"2";"1";"1";"7";"GALLIENI (R)";"48,7956900";"2,3326700"
"202000047488";"21";"10";"2020";"11:45";"1";"63";"63430";"1";"1";"1";"6";"Rue du Point du Jour";"45,8678660";"3,5575350"
"202000047489";"24";"7";"2020";"23:45";"5";"92";"92051";"2";"2";"1";"3";"ACHILLE PERETTI (AVENUE, N° 90 A 96 ET 9";"48,8836263";"2,2725462"
"202000047490";"21";"5";"2020";"19:30";"1";"94";"94016";"2";"1";"1";"3";"EUROPE (AV DE L)";"48,7862000";"2,3256400"
"202000047491";"21";"5";"2020";"13:00";"1";"94";"94054";"2";"9";"1";"6";"LOUIS BONIN (R)";"48,7444200";"2,3931900"
"202000047492";"1";"12";"2020";"20:45";"5";"13";"13055";"1";"1";"1";"2";"A507 sens Marseille - Aubagne";"43,2861093";"5,4308295"
"202000047493";"21";"5";"2020";"18:20";"1";"94";"94017";"2";"3";"1";"2";"ROGER SALENGRO (AV)";"48,8198500";"2,4853300"
"202000047494";"24";"7";"2020";"19:45";"1";"92";"92020";"2";"1";"1";"2";"VERDUN AVENUE DE AUTRES N°";"48,7988480";"2,2803840"
"202000047495";"28";"11";"2020";"17:30";"2";"69";"69029";"1";"1";"1";"4";"A43   0.550 A 3.353";"45,7282900";"4,9036400"
"202000047496";"24";"7";"2020";"12:39";"1";"92";"92036";"2";"3";"1";"2";"ARGENTEUIL (AVENUE D')";"48,9392470";"2,2561240"
"202000047497";"28";"11";"2020";"18:40";"5";"42";"42237";"1";"9";"9";"6";"RN88";"45,4451000";"4,4659930"
"202000047498";"21";"5";"2020";"08:00";"1";"93";"93073";"1";"1";"1";"3";"CHAPIT RE ( RUE DU)";"49,0038121";"2,5367702"
"202000047499";"21";"10";"2020";"10:00";"1";"63";"63295";"2";"6";"6";"7";"D210";"46,0161240";"3,3491720"
"202000047500";"1";"12";"2020";"22:00";"3";"67";"67482";"1";"1";"1";"7";"Bretelle accès autoroute";"48,5923200";"7,7366400"
"202000047501";"23";"7";"2020";"19:10";"1";"92";"92025";"2";"5";"1";"3";"CHARLES DE GAULLE (BD)";"48,9180447";"2,2243345"
"202000047502";"14";"10";"2020";"18:00";"1";"33";"33075";"1";"1";"2";"4";"ROCADE A 630";"44,8889800";" -0,5953400"
"202000047503";"2";"12";"2020";"18:42";"3";"91";"91661";"1";"1";"1";"2";"RD 188 CHEVREUSE";"48,6970900";"2,2380700"
"202000047504";"24";"7";"2020";"11:50";"1";"92";"92071";"2";"1";"1";"2";"HOUDAN (RUE)";"48,7788205";"2,2878291"
"202000047505";"21";"5";"2020";"23:15";"5";"93";"93046";"2";"1";"1";"3";"MARX DORMOY BOULEVARD";"48,9085646";"2,5256414"
"202000047506";"21";"10";"2020";"16:50";"1";"55";"55150";"2";"1";"1";"6";"Rue du Boutrea";"48,5830240";"5,4578930"
"202000047507";"2";"12";"2020";"07:30";"2";"92";"92078";"1";"1";"1";"4";"AUTOROUTE A86";"48,9273200";"2,3334100"
"202000047508";"20";"10";"2020";"15:51";"1";"47";"47195";"1";"1";"2";"7";"Rue de Bordeaux";"44,1530750";"0,3191610"
"202000047509";"24";"7";"2020";"11:25";"1";"92";"92012";"2";"3";"8";"2";"CHARLES DE GAULLE (AVENUE) - COTE PAIR";"48,8496167";"2,2376027"
"202000047510";"21";"5";"2020";"13:15";"1";"92";"92075";"2";"1";"1";"1";"VICTOR HUGO (RUE)";"48,8263033";"2,2933705"
"202000047511";"21";"5";"2020";"17:30";"1";"92";"92072";"2";"1";"1";"7";"LECLERC (AVENUE DE LA DIVISION)";"48,8231600";"2,2233900"
"202000047512";"1";"12";"2020";"18:45";"3";"95";"95582";"1";"1";"1";"4";" A15";"48,9685500";"2,2516300"
"202000047513";"20";"10";"2020";"14:00";"1";"47";"47325";"1";"2";"1";"3";"D120";"44,3837780";"0,2982620"
"202000047514";"1";"12";"2020";"13:20";"1";"93";"93008";"1";"1";"9";"2";"AUTOROUTE A86";"48,9093000";"2,4477000"
"202000047515";"21";"5";"2020";"08:10";"1";"92";"92051";"2";"1";"1";"3";"VICTOR HUGO (BOULEVARD, N° 9 A 49 ET 16";"48,8867000";"2,2792000"
"202000047516";"23";"7";"2020";"18:25";"1";"92";"92004";"2";"3";"1";" -1";"TILLEULS";"48,9080600";"2,2677100"
"202000047517";"1";"10";"2020";"11:45";"1";"31";"31555";"2";"1";"1";"6";"FEUGA (ALL PAUL) DU 1AU 13";"43,5922926";"1,4424545"
"202000047518";"21";"5";"2020";"21:50";"5";"92";"92012";"2";"5";"1";"3";"GALLIENI (RUE) 1/53 - 2/48";"48,8375800";"2,2479460"
"202000047519";"5";"9";"2020";"17:20";"1";"05";"05061";"2";"1";"1";"6";"COMMERCE ( RUE DU )";"44,5624100";"6,0947000"
"202000047520";"20";"10";"2020";"12:15";"1";"29";"29189";"1";"1";"1";"1";"D29 - Route de Landerneau";"48,3903870";" -4,3425610"
"202000047521";"24";"7";"2020";"22:30";"3";"65";"65240";"1";"1";"1";"1";"54 Route des Pyrénées";"43,5073941";"0,0407652"
"202000047522";"21";"10";"2020";"08:10";"2";"01";"01123";"1";"1";"6";"6";"Route de Noaillat";"46,2383660";"4,8415050"
"202000047523";"1";"12";"2020";"10:00";"1";"974";"97411";"2";"3";"1";"3";"Rue du Général de Gaulle";" -20,8851400";"55,4626500"
"202000047524";"21";"10";"2020";"16:00";"1";"66";"66147";"1";"1";"1";"7";"N320";"42,5645670";"1,7751660"
"202000047525";"24";"6";"2020";"21:55";"3";"38";"38238";"1";"1";"1";"1";"Mouterle";"45,5008120";"5,0119890"
"202000047526";"26";"11";"2020";"14:20";"1";"974";"97409";"2";"1";"2";"1";"Chemin Doriot";" -20,9679880";"55,6486110"
"202000047527";"1";"12";"2020";"12:40";"1";"973";"97302";"2";"1";"1";"6";"HEDER (place)";"4,9389802";" -52,3351282"
"202000047528";"25";"7";"2020";"16:15";"1";"67";"67347";"1";"1";"1";" -1";"D91";"48,8346110";"7,5367500"
"202000047529";"20";"5";"2020";"17:00";"1";"35";"35177";"1";"3";"1";"5";"Route de Dinan";"48,2041340";" -1,7428980"
"202000047530";"21";"10";"2020";"19:35";"5";"72";"72054";"1";"9";"1";" -1";"70 Route de Paris";"48,0128360";"0,3178310"
"202000047531";"17";"10";"2020";"12:45";"1";"06";"06079";"2";"1";"1";"3";"Avenue Marcel Pagnol";"43,5461690";"6,9430430"
"202000047532";"20";"10";"2020";"17:00";"1";"14";"14614";"2";"1";"1";"3";"D66";"49,2082663";" -1,0259610"
"202000047533";"20";"10";"2020";"13:05";"1";"60";"60303";"1";"2";"1";"3";"D7";"49,6350190";"1,8767580"
"202000047534";"21";"10";"2020";"09:05";"1";"43";"43258";"1";"3";"1";"5";"Route des Barthes - Intersection RD17/ Route du parc";"45,3803060";"3,3178500"
"202000047535";"25";"7";"2020";"10:40";"1";"69";"69285";"1";"1";"1";"7";"Villette-d'Anthon";"45,7735470";"5,0644720"
"202000047536";"1";"12";"2020";"07:56";"1";"973";"97302";"2";"1";"1";"3";"MONTABO (ROUTE DE) 1";"4,9384939";" -52,2996855"
"202000047537";"20";"10";"2020";"07:15";"2";"10";"10310";"1";"1";"1";" -1";"RD79";"48,2219280";"4,5005320"
"202000047538";"25";"7";"2020";"18:40";"3";"974";"97412";"2";"1";"1";"6";"152 Rue Marcel Pagnol";" -21,3726530";"55,6698540"
"202000047539";"17";"10";"2020";"14:40";"1";"37";"37050";"1";"1";"1";"2";"N/A";"47,3274532";"0,7594593"
"202000047540";"25";"7";"2020";"09:56";"1";"35";"35167";"1";"3";"1";"1";"D94";"47,8207620";" -1,3186600"
"202000047541";"20";"10";"2020";"14:25";"1";"24";"24167";"2";"1";"1";"6";"Boulevard national";"44,6656770";"0,3988180"
"202000047542";"24";"7";"2020";"17:55";"1";"59";"59653";"2";"3";"1";"3";"24 Rue Faidherbe";"50,5743320";"2,9417720"
"202000047543";"12";"10";"2020";"09:41";"1";"67";"67389";"1";"1";"1";"3";"A4";"48,6558758";"7,7368615"
"202000047544";"21";"10";"2020";"06:40";"1";"988";"98802";"1";"1";"1";"1";"Lieu-dit Tontouta PK 56+900";" -21,9688380";"166,1917300"
"202000047545";"18";"10";"2020";"14:00";"1";"971";"97125";"2";"1";"1";"6";"Rue de la République";"16,2506260";" -61,2714550"
"202000047546";"19";"10";"2020";"08:40";"1";"971";"97117";"1";"4";"1";"3";"Route de Chateau Gaillard";"16,3085530";" -61,3940050"
"202000047547";"23";"9";"2020";"17:35";"1";"971";"97117";"2";"3";"1";"3";"Rue Joffre";"16,3311360";" -61,3439120"
"202000047548";"1";"12";"2020";"20:00";"5";"69";"69383";"2";"9";"2";"7";"FELIX FAURE                         (AV)";"45,7524590";"4,8496028"