"Num_Acc";"jour";"mois";"an";"hrmn";"lum";"dep";"com";"agg";"int";"atm";"col";"adr";"lat";"long"
"202000047549";"24";"7";"2020";"18:25";"1";"71";"71456";"2";"2";"1";"1";"D970";"46,8253605";"5,0934486"
"202000047550";"22";"5";"2020";"12:17";"1";"26";"26140";"1";"1";"1";"7";"route de la grande route";"45,1225960";"5,1077410"
"202000047551";"21";"10";"2020";"09:58";"1";"77";"77095";"2";"2";"1";"3";"25 Rue Vigne Croix - D139";"48,9709590";"2,7637290"
"202000047552";"1";"12";"2020";"17:45";"5";"69";"69387";"2";"1";"2";"2";"GARIBALDI                           (R )";"45,7445600";"4,8481800"
"202000047553";"22";"5";"2020";"12:45";"1";"73";"73073";"1";"4";"1";"3";"D18";"45,8144481";"5,8139993"
"202000047554";"21";"5";"2020";"12:00";"1";"972";"97215";"1";"1";"1";"7";"D10";"14,8713710";" -61,1334120"
"202000047555";"20";"10";"2020";"15:03";"1";"77";"77107";"1";"1";"2";"6";"D48";"48,6662260";"2,8193560"
"202000047556";"24";"7";"2020";"21:20";"1";"71";"71054";"1";"1";"1";"6";"rue des vendanges";"46,9119570";"5,0231445"
"202000047557";"24";"7";"2020";"19:11";"1";"62";"62283";"1";"2";"1";"3";"Rue de Nuncq";"50,3178090";"2,2840400"
"202000047558";"21";"5";"2020";"17:35";"1";"01";"01173";"1";"1";"1";"5";"D1005";"46,3592200";"6,0435960"
"202000047559";"1";"12";"2020";"14:20";"1";"972";"97209";"1";"6";"1";"3";"BEAUSEJOUR JAMBETTE (ROUTE)";"14,6357500";" -61,0399700"
"202000047560";"25";"7";"2020";"18:00";"1";"77";"77492";"2";"1";"1";"6";"Rue Pascal Jardin";"48,8765120";"3,3625580"
"202000047561";"21";"5";"2020";"17:45";"1";"86";"86202";"2";"1";"1";"7";"1 Route de Piogeard";"46,6441755";"0,7573499"
"202000047562";"30";"11";"2020";"09:22";"1";"972";"97209";"1";"1";"1";"2";"CHATEAUBOEUF (ROUTE DE)";"14,6165200";" -61,0494200"
"202000047563";"24";"7";"2020";"20:30";"2";"59";"59135";"1";"1";"1";"1";"1860 Rue Verte";"50,8234118";"2,5135577"
"202000047564";"21";"5";"2020";"18:25";"1";"91";"91666";"1";"1";"1";"7";"D118";"48,6832540";"2,2349990"
"202000047565";"19";"6";"2020";"17:15";"1";"74";"74282";"1";"1";"1";"1";"Route des Glières (Pont)";"45,9648140";"6,2999830"
"202000047566";"30";"11";"2020";"06:35";"1";"972";"97209";"2";"2";"1";"3";"JULES MONNEROT (RUE)";"14,6111600";" -61,0707700"
"202000047567";"18";"10";"2020";"10:45";"1";"13";"13049";"1";"2";"1";"3";"D23";"43,7089970";"5,1154380"
"202000047568";"11";"3";"2020";"17:15";"1";"06";"06033";"2";"1";"8";" -1";"1ère Avenue";"43,7718340";"7,2086570"
"202000047569";"20";"10";"2020";"14:55";"1";"74";"74003";"1";"1";"1";"3";"D16";"45,8991350";"6,2136780"
"202000047570";"6";"10";"2020";"09:05";"1";"69";"69227";"1";"1";"8";"1";"D122";"45,6820190";"4,5689710"
"202000047571";"21";"10";"2020";"19:45";"3";"81";"81105";"1";"1";"6";"1";"Route de Busque";"43,7686265";"1,9652681"
"202000047572";"20";"10";"2020";"17:00";"1";"50";"50149";"2";"3";"1";"1";"1 Village de la Gare";"49,5537740";" -1,6696160"
"202000047573";"1";"12";"2020";"20:20";"5";"69";"69381";"2";"1";"3";"6";"CROIX ROUSSE (DE LA)                (BD)";"45,7741833";"4,8296204"
"202000047574";"21";"7";"2020";"01:10";"3";"80";"80572";"2";"1";"1";"7";"Rue d'albert";"49,9533250";"2,6304260"
"202000047575";"22";"5";"2020";"15:13";"1";"83";"83070";"2";"1";"1";"6";"Avenue du Président Vincent Auriol";"43,1364040";"6,3659710"
"202000047576";"21";"10";"2020";"11:55";"1";"14";"14737";"2";"1";"8";"1";"D248";"48,9151664";" -0,1704758"
"202000047577";"24";"7";"2020";"22:00";"2";"80";"80162";"1";"1";"1";"6";"D165";"49,8223830";"2,6373620"
"202000047578";"22";"5";"2020";"02:35";"5";"62";"62181";"2";"1";"1";"6";"4 Rue Dierville";"50,1397740";"2,7096220"
"202000047579";"21";"10";"2020";"16:05";"1";"22";"22242";"1";"1";"1";"3";"D786";"48,6191048";" -2,4227788"
"202000047580";"21";"5";"2020";"15:46";"1";"57";"57682";"1";"1";"1";"6";"RD993";"48,5711370";"7,0946300"
"202000047581";"16";"7";"2020";"07:20";"1";"65";"65025";"2";"1";"1";"6";"8 Place du Marechal Joffre";"43,0053180";" -0,1019020"
"202000047582";"1";"12";"2020";"13:10";"1";"2B";"2B037";"2";"6";"1";"6";"TOUTES RUES";"42,6288400";"9,4377500"
"202000047583";"22";"5";"2020";"16:05";"1";"95";"95056";"1";"9";"1";"7";"ROUTE DE PARIS";"49,1005800";"2,3637560"
"202000047584";"24";"7";"2020";"09:35";"1";"12";"12246";"1";"2";"1";"3";"Mas Pourquet";"44,6379370";"2,2453310"
"202000047585";"21";"5";"2020";"17:13";"1";"51";"51532";"1";"1";"7";"7";"D22";"49,1560477";"3,9617118"
"202000047586";"1";"12";"2020";"17:20";"1";"971";"97101";"2";"3";"1";"3";"LEOPOLD SEDAR SENGHOR (AVENUE)";"16,2753856";" -61,5045547"
"202000047587";"30";"11";"2020";"08:05";"1";"971";"97120";"2";"1";"1";"6";"HANNE (BOULEVARD)";"16,2404000";" -61,5329500"
"202000047588";"25";"7";"2020";"16:00";"1";"42";"42159";"1";"2";"1";"3";"Chanet";"45,8083560";"3,7343430"
"202000047589";"20";"10";"2020";"23:28";"1";"76";"76758";"2";"3";"1";"3";"PONT VI (DU)";"49,6216790";"0,7612500"
"202000047590";"19";"5";"2020";"18:50";"1";"56";"56190";"2";"3";"7";"3";"Rue Jean-pierre Calloc'h";"47,9717536";" -2,7402900"
"202000047591";"20";"11";"2020";"19:15";"5";"95";"95539";"2";"5";"1";"3";"RD 301";"48,9914400";"2,3603800"
"202000047592";"25";"7";"2020";"10:40";"1";"41";"41296";"1";"2";"1";"3";"D129";"47,6269700";"2,1062800"
"202000047593";"22";"5";"2020";"00:30";"5";"67";"67019";"2";"1";"1";"6";"32 Rue de Schwobsheim";"48,2375028";"7,5464564"
"202000047594";"25";"7";"2020";"18:30";"1";"34";"34150";"1";"6";"1";"3";"2 Rue des Metairies";"43,3205570";"3,5360100"
"202000047595";"19";"10";"2020";"19:00";"4";"13";"13106";"1";"1";"1";"2";"A7-Sens Lyon vers Marseille";"43,3945500";"5,3507700"
"202000047596";"1";"12";"2020";"10:05";"1";"95";"95018";"2";"2";"1";"6";"FEIX (BOULEVARD LEON)";"48,9482500";"2,2520900"
"202000047597";"1";"12";"2020";"17:40";"3";"91";"91201";"2";"9";"1";"6";"RUE ALPHONSE DAUDET";"48,6582400";"2,4318100"
"202000047598";"21";"5";"2020";"20:40";"1";"76";"76325";"1";"1";"1";"2";"route de rouen";"49,6495420";"0,8381580"
"202000047599";"20";"10";"2020";"11:14";"1";"13";"13211";"1";"1";"1";"2";"A50-Sens Marseille vers Aubagne";"43,2906700";"5,4493300"
"202000047600";"25";"7";"2020";"18:05";"1";"25";"25534";"1";"1";"1";"6";"Route de Charbonnieres";"46,6789470";"6,2474440"
"202000047601";"1";"12";"2020";"16:00";"1";"91";"91286";"2";"1";"1";"3";"CORBEIL (ROUTE DE)";"48,6531200";"2,3948500"
"202000047602";"25";"7";"2020";"02:30";"5";"31";"31182";"1";"1";"1";"1";"1 Route de Lacourtensourt";"43,6714544";"1,4004210"
"202000047603";"26";"11";"2020";"18:00";"5";"91";"91174";"2";"2";"1";"3";"BD FONTAINEBLEAU";"48,5997500";"2,4715600"
"202000047604";"16";"10";"2020";"20:42";"3";"54";"54571";"1";"1";"1";"2";"Autoroute A 33";"48,6185850";"6,2661540"
"202000047605";"22";"11";"2020";"01:20";"5";"89";"89387";"2";"1";"1";"6";"VAUBAN (AVENUE)";"48,1979600";"3,2714400"
"202000047606";"24";"7";"2020";"14:40";"1";"02";"02370";"1";"2";"1";"3";"D332";"49,9700930";"3,1929870"
"202000047607";"20";"10";"2020";"16:50";"1";"91";"91617";"1";"1";"2";"2";"RN6 / A5A";"48,6411800";"2,5354300"
"202000047608";"30";"11";"2020";"12:16";"1";"87";"87085";"2";"1";"1";"3";"GIFFARD (RUE HENRI)";"45,8715200";"1,2679500"
"202000047609";"20";"10";"2020";"17:20";"1";"91";"91521";"1";"1";"2";"6";"RN 104";"48,6337500";"2,4007200"
"202000047610";"27";"11";"2020";"14:10";"1";"86";"86194";"2";"2";"1";"3";"Rue de la Bugellerie";"46,6046350";"0,3264630"
"202000047611";"20";"10";"2020";"13:55";"1";"94";"94076";"1";"1";"2";"3";"AUTOROUTE A6B";"48,7969368";"2,3446740"
"202000047612";"24";"7";"2020";"16:00";"1";"02";"02292";"2";"1";"1";"2";"Avenue de Montmirail";"49,0272920";"3,4094740"
"202000047613";"23";"11";"2020";"17:10";"1";"84";"84007";"2";"3";"1";"6";"MOULIN NOTRE DAME (Rue)";"43,9343600";"4,8143700"
"202000047614";"25";"7";"2020";"04:50";"3";"03";"03264";"1";"1";"1";"7";"Rue des Petits Bois";"46,0726742";"3,4742321"
"202000047615";"1";"12";"2020";"12:42";"1";"79";"79191";"2";"1";"1";"3";"Boulevard René Cassin";"46,3218420";" -0,4526700"
"202000047616";"25";"7";"2020";"00:30";"3";"70";"70343";"1";"1";"1";"7";"D28";"47,7810180";"6,1224530"
"202000047617";"25";"7";"2020";"10:30";"1";"70";"70115";"1";"1";"1";"7";"D26";"47,6040510";"6,3134690"
"202000047618";"20";"10";"2020";"09:25";"1";"94";"94038";"1";"1";"8";"4";"AUTOROUTE A6B";"48,7849600";"2,3468300"
"202000047619";"24";"7";"2020";"22:15";"5";"58";"58051";"2";"3";"1";"3";"Route de Lyon";"46,9610330";"3,1571160"
"202000047620";"20";"10";"2020";"09:30";"1";"94";"94076";"1";"1";"8";"3";"AUTOROUTE A6A";"48,7925700";"2,3447000"
"202000047621";"27";"11";"2020";"20:55";"1";"76";"76351";"1";"3";"1";"1";"rue de verdun";"49,5025150";"0,1698510"
"202000047622";"20";"10";"2020";"08:15";"1";"94";"94021";"1";"1";"1";"3";"AUTOROUTE A106";"48,7680000";"2,3454800"
"202000047623";"21";"7";"2020";"11:40";"1";"14";"14582";"1";"2";"1";"2";"INTERSECTION RD 519/RD268A";"49,0748640";"0,1897880"
"202000047624";"20";"10";"2020";"18:00";"3";"78";"78640";"1";"1";"2";"2";"N118";"48,7828200";"2,2231650"
"202000047625";"30";"11";"2020";"11:20";"1";"72";"72181";"2";"1";"1";"2";"EINSTEIN ALBERT (RUE)";"48,0309400";"0,1719300"
"202000047626";"30";"11";"2020";"12:13";"1";"72";"72181";"2";"1";"1";"6";"MAILLETS (RUE DES) IMP 1 A 29";"48,0123100";"0,2056100"
"202000047627";"24";"7";"2020";"19:15";"2";"21";"21227";"2";"1";"1";"6";"13 Route de Troyes";"47,3881840";"4,9385880"
"202000047628";"30";"11";"2020";"12:35";"1";"71";"71306";"2";"1";"1";"3";"COUDRAIE (RUE DE LA)";"46,6920524";"4,3503821"
"202000047629";"27";"11";"2020";"12:40";"1";"69";"69092";"1";"2";"1";"3";"EPINAY (route d')";"46,0043700";"4,6889200"
"202000047630";"25";"7";"2020";"08:52";"1";"21";"21558";"1";"1";"1";"6";"D23";"46,9577030";"4,8897740"
"202000047631";"30";"11";"2020";"18:55";"5";"67";"67482";"2";"1";"1";"3";"4 Route d’Altenheim";"48,5437845";"7,7652556"
"202000047632";"20";"10";"2020";"12:55";"1";"78";"78466";"1";"1";"2";"3";"A13";"48,9230000";"2,0010300"
"202000047633";"25";"7";"2020";"04:10";"3";"40";"40310";"1";"1";"1";"6";"D189";"43,7161610";" -1,3589760"
"202000047634";"20";"10";"2020";"09:35";"1";"92";"92076";"1";"1";"8";"2";"A13";"48,8320354";"2,1517684"
"202000047635";"25";"7";"2020";"05:05";"3";"24";"24214";"1";"1";"1";"6";"Jomelière";"45,5544180";"0,5742500"
"202000047636";"1";"12";"2020";"12:10";"1";"64";"64024";"2";"1";"1";"2";"PITOYS (ROUTE DE)";"43,4636972";" -1,5156841"
"202000047637";"25";"7";"2020";"11:10";"1";"04";"04236";"1";"1";"1";"1";"RN 202";"43,9328880";"6,6294550"
"202000047638";"25";"7";"2020";"00:15";"3";"85";"85081";"1";"1";"1";"7";"Créancière (Arrêt de bus)";"46,7256290";" -1,3973150"
"202000047639";"1";"12";"2020";"08:15";"2";"64";"64102";"2";"1";"1";"5";"LABOURD (PONT DU)";"43,4859000";" -1,4738100"
"202000047640";"24";"7";"2020";"10:00";"1";"88";"88114";"1";"6";"1";"3";"Parking Bonne Source";"48,1903740";"5,9174730"
"202000047641";"28";"11";"2020";"19:25";"5";"64";"64102";"2";"3";"1";"3";"SAINT ETIENNE (CHEMIN DE )";"43,4979196";" -1,4610744"
"202000047642";"25";"7";"2020";"16:45";"1";"47";"47046";"1";"1";"1";"2";"A62";"44,3736690";"0,2346880"
"202000047643";"25";"7";"2020";"14:30";"1";"06";"06088";"1";"1";"1";"6";"A8 PK 200+000 SUD";"43,7127620";"7,2558370"
"202000047644";"28";"11";"2020";"17:30";"1";"63";"63300";"1";"3";"1";"3";"ROCADE RD 446";"45,8761500";"3,0996700"
"202000047645";"20";"10";"2020";"06:55";"3";"78";"78498";"1";"1";"2";"4";"A13";"48,9079110";"2,0052460"
"202000047646";"24";"7";"2020";"23:35";"3";"21";"21436";"1";"1";"1";"7";"A36";"47,0312030";"5,0821640"
"202000047647";"1";"12";"2020";"09:10";"1";"63";"63113";"2";"1";"1";"6";"DELILLE (PLACE)";"45,7800298";"3,0913550"
"202000047648";"15";"7";"2020";"15:15";"1";"976";"97614";"2";"1";"1";"6";"Kahani";" -12,8245570";"45,1315370"
"202000047649";"20";"10";"2020";"19:20";"3";"92";"92036";"1";"1";"2";"3";"AUTOROUTE A86";"48,9381763";"2,3134449"
"202000047650";"24";"11";"2020";"18:20";"5";"63";"63113";"2";"2";"1";"6";"PASTEUR (BD)";"45,7725631";"3,0790442"
"202000047651";"20";"10";"2020";"18:10";"5";"93";"93027";"1";"1";"2";"3";"AUTOROUTE A86";"48,9283651";"2,4135580"
"202000047652";"26";"11";"2020";"20:48";"5";"63";"63075";"2";"2";"1";"3";"BOSQUET (RUE DU)";"45,7765539";"3,0663990"
"202000047653";"1";"12";"2020";"13:25";"1";"59";"59599";"2";"1";"2";"6";"GAMBETTA (BOULEVARD)";"50,7082100";"3,1597500"
"202000047654";"1";"12";"2020";"08:00";"5";"59";"59650";"2";"1";"2";"6";"MONGE (RUE)";"50,7019700";"3,2004900"
"202000047655";"25";"7";"2020";"04:30";"3";"974";"97418";"1";"1";"1";"6";"Avenue des Corossols";" -20,9023170";"55,5465100"
"202000047656";"30";"11";"2020";"14:25";"1";"59";"59360";"2";"1";"1";"3";"FOCH RUE DU MARECHAL";"50,6154300";"3,0193400"
"202000047657";"24";"7";"2020";"10:25";"1";"45";"45042";"1";"2";"1";"3";"D961-PR 26 + 625";"47,8381183";"2,4324145"
"202000047658";"25";"7";"2020";"00:00";"3";"77";"77437";"1";"1";"1";"7";"Saint-Soupplets";"49,0448800";"2,8079940"
"202000047659";"29";"10";"2020";"22:25";"5";"59";"59360";"2";"9";"1";"3";"DOUMER PAUL RUE";"50,6030200";"3,0405600"
"202000047660";"24";"7";"2020";"21:00";"3";"77";"77309";"1";"1";"1";"7";"route nationale 330";"49,0074250";"2,8396440"
"202000047661";"5";"10";"2020";"11:55";"1";"59";"59350";"2";"2";"1";"6";"ZOLA EMILE RUE";"50,6335700";"3,0052400"
"202000047662";"24";"7";"2020";"20:30";"2";"95";"95199";"1";"1";"1";"2";"RD301";"49,0277460";"2,3476220"
"202000047663";"30";"11";"2020";"13:54";"1";"56";"56121";"2";"1";"1";"1";"PORT DE PECHE (ENCEINTE DU)";"47,7296700";" -3,3654400"
"202000047664";"20";"10";"2020";"14:30";"1";"95";"95241";"1";"1";"2";"3";"RN 104";"49,0463330";"2,4401720"
"202000047665";"25";"7";"2020";"10:00";"1";"2B";"2B042";"2";"9";"1";"6";"route de la gare";"42,5621370";"9,4415690"
"202000047666";"20";"6";"2020";"14:30";"1";"06";"06147";"1";"1";"1";"5";"806 Avenue de la Conca d'Or";"43,7779310";"7,2755060"
"202000047667";"20";"10";"2020";"10:00";"5";"93";"93064";"1";"1";"2";"6";"AUTOROUTE A86";"48,8867063";"2,4778327"
"202000047668";"24";"7";"2020";"08:49";"1";"71";"71062";"1";"1";"1";"7";"D222";"46,9268665";"4,2403175"
"202000047669";"20";"10";"2020";"07:00";"3";"93";"93007";"1";"1";"2";"4";"AUTOROUTE A3";"48,9333379";"2,4806899"
"202000047670";"25";"7";"2020";"17:11";"1";"67";"67520";"1";"1";"1";"7";"D75";"48,6156260";"7,4421050"
"202000047671";"20";"10";"2020";"09:00";"1";"93";"93048";"1";"1";"8";"2";"AUTOROUTE A3";"48,8691000";"2,4297000"
"202000047672";"20";"10";"2020";"06:10";"3";"92";"92036";"1";"1";"2";"4";"AUTOROUTE A15";"48,9484735";"2,2806708"
"202000047673";"25";"7";"2020";"02:20";"3";"74";"74024";"1";"1";"1";"2";"RD19";"46,0759210";"6,4355800"
"202000047674";"30";"11";"2020";"08:15";"1";"54";"54395";"2";"2";"1";"3";"OBERLIN (RUE)";"48,7033100";"6,1817700"
"202000047675";"20";"10";"2020";"19:35";"3";"94";"94033";"1";"1";"2";" -1";"A86.EXT";"48,8521600";"2,4904400"
"202000047676";"1";"12";"2020";"09:30";"1";"54";"54395";"2";"2";"1";"6";"DEGLIN (RUE HENRI)";"48,7004300";"6,1782500"
"202000047677";"20";"10";"2020";"18:40";"3";"94";"94018";"1";"1";"2";" -1";"A4";"48,8238000";"2,3948000"
"202000047678";"1";"12";"2020";"08:30";"1";"54";"54395";"2";"3";"3";"6";"DAUM (RUE DU COLONEL PAUL)";"48,6966000";"6,1970000"
"202000047679";"20";"10";"2020";"15:35";"1";"77";"77294";"1";"1";"2";"4";"A104";"48,9702330";"2,5705700"
"202000047680";"19";"10";"2020";"16:05";"1";"988";"98818";"2";"3";"1";"3";"RUE DE PAPEETE";" -22,2434800";"166,4423800"
"202000047681";"25";"7";"2020";"01:30";"5";"73";"73197";"2";"1";"1";"6";"D87";"45,5390450";"6,7620210"
"202000047682";"25";"7";"2020";"11:49";"1";"01";"01376";"2";"3";"1";"3";"Route de Genève";"45,8279840";"4,9729390"
"202000047683";"19";"10";"2020";"14:45";"1";"988";"98818";"2";"3";"1";"2";"VDE/RUE ARNOLD DALY";" -22,2683600";"166,4725600"
"202000047684";"23";"7";"2020";"17:00";"1";"81";"81117";"1";"1";"1";"6";"D43";"43,8011150";"2,0409250"
"202000047685";"25";"7";"2020";"18:30";"1";"60";"60367";"1";"1";"1";"6";"RD 923";"49,2529045";"1,9346130"
"202000047686";"24";"7";"2020";"22:30";"5";"59";"59254";"2";"6";"1";"6";"D140a";"50,2828440";"3,1936040"
"202000047687";"23";"7";"2020";"00:40";"3";"59";"59285";"1";"1";"1";"7";"D955";"50,2738450";"3,4075210"
"202000047688";"30";"11";"2020";"17:38";"1";"49";"49007";"2";"1";"1";"3";"DAVIERS BOULEVARD";"47,4793100";" -0,5603400"
"202000047689";"22";"7";"2020";"11:00";"1";"13";"13055";"1";"1";"1";"5";"A507 sens Marseille - Aubagne";"43,3033400";"5,4253200"
"202000047690";"11";"10";"2020";"21:24";"5";"988";"98818";"2";"2";"3";"3";"IEKAWE (RUE JACQUES)";" -22,2483600";"166,4637400"
"202000047691";"18";"10";"2020";"11:40";"1";"974";"97416";"1";"1";"1";"2";"CONCESSION CONDE(CHEMIN)";" -21,2968900";"55,5004100"
"202000047692";"22";"7";"2020";"08:05";"1";"69";"69276";"1";"1";"1";"5";"BUS (RD301)   0.000 A 2.800";"45,6868400";"4,8696900"
"202000047693";"15";"11";"2020";"16:25";"1";"49";"49007";"2";"1";"1";"4";"A87N";"47,4569700";" -0,5166800"
"202000047694";"18";"10";"2020";"10:30";"1";"974";"97416";"1";"1";"1";"3";"BASSIN PLAT(CHEMIN)";" -21,3252000";"55,4878900"
"202000047695";"24";"7";"2020";"16:48";"1";"33";"33249";"1";"1";"1";"2";"ROUTE NATIONALE 230";"44,8715900";" -0,5058600"
"202000047696";"24";"7";"2020";"18:05";"1";"91";"91432";"1";"1";"1";"3";"AUTOROUTE A6";"48,6940000";"2,3197000"
"202000047697";"24";"7";"2020";"09:30";"1";"91";"91235";"1";"1";"1";"3";"RN 104";"48,6246400";"2,3720100"
"202000047698";"24";"7";"2020";"15:30";"1";"78";"78640";"1";"1";"1";"2";"N118";"48,7723740";"2,2264350"
"202000047699";"24";"7";"2020";"05:35";"2";"78";"78498";"1";"1";"1";" -1";"A13";"48,9049480";"2,0052790"
"202000047700";"24";"7";"2020";"15:30";"1";"95";"95219";"1";"1";"1";"2";" A115";"48,9894300";"2,2438100"
"202000047701";"24";"7";"2020";"13:00";"1";"93";"93029";"1";"1";"1";"2";"AUTOROUTE A86";"48,9208800";"2,4279000"
"202000047702";"24";"7";"2020";"00:45";"3";"93";"93010";"1";"1";"1";"3";"AUTOROUTE A3";"48,8906800";"2,4732200"
"202000047703";"24";"7";"2020";"09:35";"1";"77";"77237";"1";"1";"1";" -1";"A4";"48,8303101";"2,7550341"
"202000047704";"18";"4";"2020";"21:45";"5";"92";"92078";"2";"2";"1";"2";"VERDUN (AVENUE) (IMPAIRS 27 AU 73)/ DUPONT DU CHAMBON (RUE)";"48,9354260";"2,3315900"
"202000047705";"23";"7";"2020";"08:15";"1";"974";"97416";"2";"1";"7";"1";"RN3 (ANCIENNE ROUTE)";" -21,2952200";"55,5087200"
"202000047706";"7";"6";"2020";"09:50";"5";"974";"97411";"2";"9";"1";" -1";"Rue Maxime Vallon-Hoarau";" -20,8870100";"55,4762100"
"202000047707";"17";"7";"2020";"22:10";"5";"69";"69266";"2";"1";"1";"7";"ANATOLE FRANCE     (Rue)";"45,7691173";"4,8850773"
"202000047708";"23";"7";"2020";"14:20";"1";"69";"69383";"2";"1";"1";"5";"FELIX FAURE                         (AV)";"45,7535100";"4,8581400"
"202000047709";"23";"7";"2020";"02:30";"5";"69";"69266";"2";"3";"1";"3";"MARTERET    (Rue)";"45,7772000";"4,8721000"
"202000047710";"23";"7";"2020";"02:55";"5";"69";"69387";"2";"1";"1";"6";"PIERRE DE COUBERTIN                 (AL)";"45,7218400";"4,8319800"
"202000047711";"23";"7";"2020";"15:40";"1";"972";"97213";"1";"1";"1";"2";"ROUTE NATIONALE 6";"14,5970000";" -60,9790000"
"202000047712";"22";"7";"2020";"16:20";"1";"972";"97213";"1";"9";"1";"2";"ROUTE NATIONALE 1";"14,6010000";" -61,0010000"
"202000047713";"22";"7";"2020";"06:00";"1";"972";"97213";"1";"1";"2";"6";"ROUTE NATIONALE 5";"14,5946600";" -60,9843000"
"202000047714";"1";"12";"2020";"11:11";"1";"45";"45285";"2";"3";"1";"3";"Rue Léon Foucault-rue Charles Coulomb";"47,9126900";"1,8640000"
"202000047715";"1";"12";"2020";"07:35";"5";"45";"45302";"2";"1";"8";"6";"Rue de la Montjoie";"47,9512100";"1,8822800"
"202000047716";"1";"12";"2020";"08:20";"2";"44";"44162";"2";"6";"2";"3";"ROUTE DE VANNES";"47,2454319";" -1,6020479"
"202000047717";"1";"12";"2020";"09:03";"1";"43";"43089";"2";"1";"2";"3";"43 Avenue de la Mairie";"45,0454500";"3,8686500"
"202000047718";"23";"11";"2020";"12:10";"1";"37";"37261";"2";"1";"1";"7";"STENDHAL (AVENUE)";"47,3683521";"0,7094300"
"202000047719";"1";"12";"2020";"23:27";"5";"33";"33192";"2";"1";"1";"1";"AVE FAVARD";"44,7812400";" -0,6023800"
"202000047720";"23";"7";"2020";"17:30";"1";"69";"69286";"2";"3";"1";"2";"VICTOR HUGO                         (AV)";"45,8192000";"4,8936000"
"202000047721";"1";"12";"2020";"21:00";"5";"33";"33063";"2";"1";"9";"6";"QUAI DES CHARTRONS";"44,8499300";" -0,5697700"
"202000047722";"1";"12";"2020";"13:30";"1";"33";"33522";"2";"4";"2";"3";"RUE FREDERIC SEVENE";"44,8042300";" -0,5812700"
"202000047723";"30";"11";"2020";"10:05";"1";"33";"33063";"2";"2";"2";"3";"BLANQUI (RUE )";"44,8712800";" -0,5501600"
"202000047724";"30";"11";"2020";"19:06";"5";"31";"31555";"2";"1";"1";"1";"IMP DU MIRAILHON";"43,5778600";"1,3949900"
"202000047725";"30";"11";"2020";"19:03";"5";"31";"31555";"2";"1";"1";"3";"AV PAUL SEJOURNE";"43,6059400";"1,4281400"
"202000047726";"1";"12";"2020";"18:15";"5";"29";"29232";"2";"1";"1";"6";"Avenue Pierre Mendes-France";"47,9770766";" -4,1246116"
"202000047727";"29";"11";"2020";"21:10";"5";"22";"22360";"1";"1";"1";"6";"RD700";"48,4825900";" -2,7657800"
"202000047728";"30";"11";"2020";"14:00";"1";"21";"21231";"2";"3";"1";"3";"Rue Berbisey";"47,3172414";"5,0335226"
"202000047729";"28";"11";"2020";"18:00";"5";"21";"21231";"2";"2";"1";"3";"39 Rue Berbisey";"47,3181840";"5,0358890"
"202000047730";"30";"11";"2020";"16:30";"1";"19";"19031";"1";"3";"7";"1";"SALOMON-A-CHANOUX (CHEMIN DE)";"45,1733800";"1,4917700"
"202000047731";"1";"12";"2020";"21:15";"5";"13";"13208";"2";"3";"1";"3";"PARANGON (TRAVERSE)";"43,2424800";"5,3796500"
"202000047732";"2";"12";"2020";"00:35";"5";"13";"13211";"2";"6";"1";"6";"ADRIEN LEGROS (ROND POINT)";"43,2879280";"5,4662570"
"202000047733";"1";"12";"2020";"18:15";"5";"13";"13212";"2";"1";"1";"2";"SAINT PIERRE (RUE)";"43,2900800";"5,4260200"
"202000047734";"1";"12";"2020";"14:45";"1";"13";"13212";"2";"3";"1";"3";"TROIS LUCS (AVENUE DES)";"43,3117700";"5,4646930"
"202000047735";"1";"12";"2020";"15:20";"1";"13";"13208";"2";"2";"8";"6";"JEAN MERMOZ (RUE)";"43,2745742";"5,3868728"
"202000047736";"1";"12";"2020";"12:20";"1";"13";"13210";"2";"1";"1";"2";"ANDRE BARDON (rue)";"43,2852100";"5,4251500"
"202000047737";"30";"11";"2020";"17:30";"2";"13";"13211";"2";"1";"1";" -1";"SAINT MARCEL (BOULEVARD DE )";"43,2873998";"5,4655314"
"202000047738";"30";"11";"2020";"11:40";"1";"13";"13208";"2";"9";"1";"3";"PRADO (AVENUE DU)";"43,2727340";"5,3911100"
"202000047739";"1";"12";"2020";"14:05";"1";"13";"13028";"2";"1";"1";"6";"RIPERT (AVENUE EMILE)";"43,1884400";"5,6160300"
"202000047740";"30";"11";"2020";"07:50";"1";"13";"13028";"2";"1";"1";"4";"PUITS DE BRUNET (CHEMIN DU)";"43,1865750";"5,6003810"
"202000047741";"30";"11";"2020";"17:00";"2";"06";"06083";"2";"1";"9";"3";"CASTAGNINS (ROUTE DES)";"43,7799570";"7,4818980"
"202000047742";"1";"12";"2020";"10:00";"1";"06";"06069";"2";"1";"1";"5";"MADELEINE";"43,6571157";"6,9337155"
"202000047743";"28";"11";"2020";"11:45";"1";"05";"05061";"1";"1";"1";"2";"Bernard GIVAUDAN (Avenue) D900B";"44,5406800";"6,0641900"
"202000047744";"18";"11";"2020";"17:44";"4";"05";"05061";"2";"1";"1";"6";"JEAN MACE ( RUE )";"44,5614810";"6,0740270"